# Exported from MakeClothes (TM)
# author Elvaerwyn
# license CC-BY 4.0
# homepage http://www.makehuman.org/
v -1.3929 5.0512 -0.6971
v -1.3604 5.2659 -0.7241
v -1.2837 5.3127 -0.7757
v -1.2533 5.1380 -0.7700
v -1.4761 5.0932 -0.6420
v -1.4210 5.2629 -0.6791
v -1.5120 5.1251 -0.6077
v -1.4609 5.2691 -0.6470
v -1.4365 5.4273 -0.7239
v -1.4958 5.2741 -0.6275
v -1.5405 5.1466 -0.5883
v -1.5676 5.0013 -0.5481
v -1.6088 4.9230 -0.4206
v -1.6018 5.0281 -0.5265
v -1.5822 4.8982 -0.4378
v -1.7063 4.9072 -0.2745
v -1.6832 4.8764 -0.2831
v -1.7540 4.8586 -0.1728
v -1.7697 4.8585 -0.0858
v -1.7892 4.8966 -0.0151
v -1.7399 4.8268 -0.1783
v -1.7581 4.8230 -0.0890
v -1.7441 4.8000 -0.0156
v -1.7560 4.7808 -0.0813
v -1.6731 4.8112 -0.2889
v -1.7444 4.7851 -0.1704
v -1.6618 4.8503 -0.2946
v -1.5586 4.8197 -0.4576
v -1.6576 4.7772 -0.3010
v -1.5861 4.8565 -0.4389
v -1.5100 4.7704 -0.4865
v -1.3613 4.7435 -0.6471
v -1.4505 4.7023 -0.5185
v -1.4242 4.8247 -0.6263
v -1.3162 4.6700 -0.6573
v -1.2872 4.8052 -0.7427
v -1.2472 4.7227 -0.7479
v -1.1881 4.8880 -0.8021
v -1.0775 4.8817 -0.8448
v -1.1600 4.7991 -0.8068
v -1.1051 4.9772 -0.8399
v -0.9849 4.8618 -0.8703
v -1.0550 4.7938 -0.8416
v -1.0120 4.9561 -0.8743
v -0.8953 4.8165 -0.8715
v -0.9677 4.7683 -0.8584
v -0.9151 4.9156 -0.8844
v -0.7999 4.7482 -0.8531
v -0.8843 4.7143 -0.8565
v -0.8130 4.8534 -0.8684
v -0.6955 4.6687 -0.8216
v -0.7938 4.6398 -0.8365
v -0.7005 4.7782 -0.8382
v -0.6936 4.5564 -0.8069
v -0.7932 4.5277 -0.8215
v -0.6928 4.4401 -0.7953
v -0.7943 4.4114 -0.8086
v -0.6909 4.3185 -0.7882
v -0.7922 4.2903 -0.7979
v -0.6870 4.1892 -0.7859
v -0.7860 4.1625 -0.7909
v -0.6840 4.0508 -0.7843
v -0.7783 4.0269 -0.7845
v -0.6887 3.9037 -0.7785
v -0.7815 3.8823 -0.7711
v -0.7005 3.7470 -0.7616
v -0.7938 3.7256 -0.7481
v -0.7164 3.5785 -0.7437
v -0.8097 3.5574 -0.7322
v -0.7339 3.3973 -0.7232
v -0.8274 3.3771 -0.7175
v -0.7488 3.2066 -0.7127
v -0.8386 3.1894 -0.6975
v -0.7603 3.0108 -0.7112
v -0.8509 2.9955 -0.6938
v -0.7726 2.8166 -0.7295
v -0.6927 2.6522 -0.7788
v -0.7938 2.6335 -0.7541
v -0.6783 2.8362 -0.7369
v -0.7204 2.4831 -0.8588
v -0.5900 2.6750 -0.7739
v -0.4811 2.8821 -0.7191
v -0.4852 2.6976 -0.7598
v -0.5814 2.8595 -0.7320
v -0.5714 3.0539 -0.7096
v -0.4735 3.0743 -0.6921
v -0.3728 3.0909 -0.6692
v -0.2717 2.9203 -0.6749
v -0.3778 2.9021 -0.7016
v -0.2682 3.1058 -0.6417
v -0.2712 2.7428 -0.7228
v -0.3789 2.7202 -0.7414
v -0.2683 2.5820 -0.8066
v -0.3823 2.5587 -0.8294
v -0.2662 2.4230 -0.8393
v -0.3843 2.3989 -0.8627
v -0.2654 2.2768 -0.8728
v -0.3899 2.2535 -0.8978
v -0.2623 2.1038 -0.9581
v -0.3933 2.0816 -0.9789
v -0.2502 1.9463 -0.9772
v -0.3709 1.8563 -0.9658
v -0.3811 1.9324 -0.9894
v -0.2407 1.8698 -0.9606
v -0.5246 1.9262 -0.9994
v -0.5110 1.8432 -0.9744
v -0.6700 2.0523 -1.0040
v -0.5335 2.0728 -0.9975
v -0.6698 1.9025 -1.0066
v -0.7680 2.1865 -0.9324
v -0.6425 2.2061 -0.9337
v -0.8078 2.0346 -0.9966
v -0.8538 2.3020 -0.8663
v -0.7378 2.3222 -0.8900
v -0.8953 2.1682 -0.9028
v -0.9352 2.4508 -0.7796
v -0.8264 2.4623 -0.8210
v -0.9680 2.2872 -0.8159
v -1.0124 2.6241 -0.6900
v -0.9012 2.6262 -0.7271
v -1.0373 2.4407 -0.7068
v -1.0660 2.7937 -0.6048
v -0.9664 2.7998 -0.6556
v -1.1099 2.6121 -0.6131
v -1.1162 2.9663 -0.5256
v -1.0258 2.9749 -0.5983
v -1.1688 2.7857 -0.5288
v -1.1665 3.1380 -0.4529
v -1.0901 3.1495 -0.5419
v -1.2102 2.9598 -0.4377
v -1.2140 3.3054 -0.3826
v -1.1524 3.3165 -0.4857
v -1.2463 3.1316 -0.3530
v -1.2600 3.4651 -0.3114
v -1.2017 3.4747 -0.4233
v -1.2749 3.2986 -0.2683
v -1.3090 3.6196 -0.2396
v -1.2517 3.6248 -0.3580
v -1.3129 3.4619 -0.1863
v -1.3672 3.7680 -0.1686
v -1.3158 3.7667 -0.2957
v -1.3630 3.6203 -0.1123
v -1.4463 3.9008 -0.0907
v -1.3871 3.8961 -0.2299
v -1.4273 3.7711 -0.0312
v -1.5486 4.0252 -0.0023
v -1.4745 4.0168 -0.1489
v -1.5160 3.9094 0.0577
v -1.6305 4.1506 0.1046
v -1.5684 4.1330 -0.0454
v -1.6099 4.0441 0.1508
v -1.5838 4.2274 -0.0764
v -1.6035 4.3081 -0.1011
v -1.6418 4.3257 0.0434
v -1.6287 4.3776 -0.1203
v -1.5544 4.3657 -0.2610
v -1.5365 4.2967 -0.2427
v -1.4491 4.3599 -0.3999
v -1.3427 4.3009 -0.5013
v -1.4427 4.2925 -0.3780
v -1.3471 4.3667 -0.5243
v -1.2633 4.2450 -0.5790
v -1.3320 4.2296 -0.4727
v -1.2681 4.3225 -0.6055
v -1.2028 4.1677 -0.6335
v -1.2579 4.1528 -0.5447
v -1.2070 4.2659 -0.6656
v -1.1336 4.0697 -0.6728
v -1.2011 4.0530 -0.5942
v -1.1419 4.1864 -0.7071
v -1.1289 3.9396 -0.6371
v -1.2094 3.9191 -0.5612
v -1.1335 3.7953 -0.6067
v -1.0603 3.6624 -0.6421
v -1.1342 3.6451 -0.5678
v -1.0505 3.8166 -0.6704
v -1.0690 3.5014 -0.6068
v -0.9778 3.6819 -0.6958
v -0.8738 3.8604 -0.7510
v -0.8872 3.7036 -0.7278
v -0.9632 3.8383 -0.7170
v -0.9610 3.9806 -0.7467
v -0.8722 4.0032 -0.7737
v -0.8834 4.1354 -0.7865
v -0.9729 4.1102 -0.7684
v -0.9865 4.2329 -0.7887
v -0.8929 4.2609 -0.7994
v -0.8916 4.3810 -0.8127
v -1.0728 4.3220 -0.7823
v -0.9845 4.3509 -0.8056
v -1.0713 4.2079 -0.7598
v -1.1472 4.3896 -0.7568
v -1.0624 4.4283 -0.7986
v -1.1468 4.2926 -0.7352
v -1.2098 4.4322 -0.7106
v -1.1431 4.4789 -0.7739
v -1.2087 4.3530 -0.6903
v -1.2763 4.4603 -0.6457
v -1.2125 4.5062 -0.7272
v -1.2719 4.3926 -0.6274
v -1.3517 4.5005 -0.5523
v -1.2805 4.5288 -0.6574
v -1.3481 4.4336 -0.5418
v -1.4807 4.5497 -0.4188
v -1.3654 4.5674 -0.5531
v -1.4608 4.4885 -0.4220
v -1.6447 4.6043 -0.2492
v -1.5197 4.6116 -0.4000
v -1.6156 4.5462 -0.2670
v -1.7234 4.6577 -0.1085
v -1.6768 4.6611 -0.2224
v -1.7103 4.6067 -0.1230
v -1.7058 4.7105 -0.1962
v -1.7357 4.7031 -0.0939
v -1.7466 4.7431 -0.0841
v -1.7290 4.7501 -0.1783
v -1.6226 4.7358 -0.3278
v -1.5721 4.6775 -0.3654
v -1.7411 4.7561 -0.0080
v -1.7324 4.6682 -0.0129
v -1.6952 4.5524 -0.1328
v -1.6762 4.4970 -0.1356
v -1.5713 4.4292 -0.2709
v -1.6536 4.4397 -0.1315
v -1.5913 4.4886 -0.2735
v -1.4523 4.4254 -0.4144
v -1.7027 4.5128 -0.0080
v -1.3978 4.6335 -0.5421
v -1.2914 4.5986 -0.6612
v -1.2273 4.6485 -0.7461
v -1.1340 4.6412 -0.7953
v -1.2189 4.5775 -0.7399
v -1.1413 4.7191 -0.8024
v -1.0415 4.6201 -0.8220
v -1.1358 4.5621 -0.7860
v -1.0434 4.7081 -0.8323
v -0.9622 4.5712 -0.8320
v -1.0489 4.5273 -0.8109
v -0.9603 4.6722 -0.8453
v -0.8853 4.4967 -0.8263
v -0.9721 4.4644 -0.8192
v -0.8817 4.6078 -0.8409
v -1.5161 4.2183 -0.2180
v -1.4981 4.1249 -0.1901
v -1.4119 4.1287 -0.3224
v -1.4280 4.2195 -0.3503
v -1.4077 4.0151 -0.2867
v -1.3290 4.0228 -0.4052
v -1.3224 4.1400 -0.4399
v -1.3348 3.8942 -0.3588
v -1.2773 3.9021 -0.4694
v -1.2619 4.0371 -0.5056
v -1.2677 3.7668 -0.4182
v -1.2098 3.7766 -0.5240
v -1.1953 3.6333 -0.4685
v -1.0444 3.9599 -0.7004
v -1.0563 4.0885 -0.7318
v -1.4202 3.6253 0.0277
v -1.4790 3.6294 0.1833
v -1.5389 3.7905 0.2854
v -1.4887 3.7770 0.1214
v -1.5327 3.6365 0.3614
v -1.5702 3.9278 0.2136
v -1.4918 3.4754 0.2434
v -1.5268 3.3157 0.2901
v -1.5333 3.3078 0.4908
v -1.5390 3.1592 0.3341
v -1.5092 3.1538 0.5243
v -1.5462 3.0035 0.2017
v -1.5181 3.0062 0.3751
v -1.5218 3.1602 0.1606
v -1.5369 2.8357 0.0797
v -1.5314 2.8467 0.2383
v -1.5222 2.9960 0.0415
v -1.5048 2.6541 -0.0402
v -1.5380 2.6748 0.1025
v -1.4994 2.8197 -0.0666
v -1.4733 2.4591 -0.1663
v -1.5284 2.4869 -0.0399
v -1.4450 2.6292 -0.1701
v -1.4523 2.2736 -0.2991
v -1.5239 2.2982 -0.1821
v -1.3954 2.4358 -0.2817
v -1.4419 2.1294 -0.4495
v -1.5340 2.1399 -0.3355
v -1.3508 2.2579 -0.4086
v -1.4459 1.9646 -0.6116
v -1.5489 1.9713 -0.4883
v -1.3379 2.1271 -0.5593
v -1.3458 1.8237 -0.7148
v -1.4652 1.8221 -0.5997
v -1.3262 1.9902 -0.7235
v -1.2099 1.7750 -0.7897
v -1.3290 1.7629 -0.6895
v -1.2220 1.8528 -0.8144
v -1.0793 1.7413 -0.8779
v -1.2101 1.7291 -0.7867
v -1.0845 1.7942 -0.8857
v -0.9474 1.7181 -0.9664
v -1.0915 1.6968 -0.8866
v -0.9377 1.7634 -0.9614
v -0.8065 1.7798 -0.9964
v -0.8072 1.8190 -0.9835
v -0.9454 1.8122 -0.9568
v -0.9616 1.8857 -0.9731
v -0.8184 1.8864 -1.0042
v -0.6590 1.8249 -0.9833
v -0.6625 1.7820 -1.0008
v -0.6720 1.7461 -1.0267
v -0.5138 1.7926 -0.9998
v -0.3738 1.8090 -0.9934
v -0.2416 1.8260 -0.9866
v -0.1074 1.8021 -1.0033
v -0.1140 1.8944 -0.9535
v 0.0246 1.8429 -0.9708
v -0.1092 1.8455 -0.9761
v 0.0200 1.8932 -0.9505
v 0.1602 1.8403 -0.9680
v 0.1636 1.7985 -0.9971
v 0.2908 1.8261 -0.9689
v 0.2978 1.7892 -1.0015
v 0.4318 1.7825 -1.0086
v 0.4106 1.8563 -0.9394
v 0.4174 1.8113 -0.9716
v 0.2852 1.8718 -0.9398
v 0.5459 1.9327 -0.9753
v 0.5414 1.8540 -0.9395
v 0.4141 1.9374 -0.9693
v 0.6585 2.0712 -0.9588
v 0.6824 1.9347 -0.9729
v 0.5258 2.0803 -0.9576
v 0.7247 2.2234 -0.8746
v 0.7918 2.0623 -0.9413
v 0.5992 2.2381 -0.8795
v 0.7880 2.3503 -0.8087
v 0.8529 2.2122 -0.8604
v 0.6707 2.3675 -0.8231
v 0.8612 2.5059 -0.7473
v 0.9058 2.3362 -0.7706
v 0.7481 2.5191 -0.7777
v 0.9315 2.6788 -0.6715
v 0.9674 2.4952 -0.6806
v 0.8149 2.6832 -0.6980
v 0.9896 2.8477 -0.5943
v 1.0258 2.6677 -0.6018
v 0.8848 2.8544 -0.6255
v 1.0473 3.0155 -0.5170
v 1.0889 2.8408 -0.5245
v 0.9543 3.0236 -0.5714
v 1.1156 3.1816 -0.4554
v 1.1384 3.0105 -0.4392
v 1.0328 3.1908 -0.5320
v 1.1862 3.3416 -0.3899
v 1.1928 3.1763 -0.3615
v 1.1151 3.3508 -0.4849
v 1.2630 3.4932 -0.3243
v 1.2530 3.3355 -0.2836
v 1.1953 3.5013 -0.4266
v 1.3363 3.6422 -0.2582
v 1.3242 3.4897 -0.2087
v 1.2748 3.6457 -0.3676
v 1.4065 3.7889 -0.1891
v 1.3928 3.6445 -0.1373
v 1.3561 3.7842 -0.3118
v 1.4941 3.9208 -0.1076
v 1.4599 3.7948 -0.0550
v 1.4434 3.9135 -0.2463
v 1.5840 4.0490 -0.0091
v 1.5425 3.9325 0.0413
v 1.5338 4.0385 -0.1581
v 1.6307 4.1771 0.1049
v 1.6139 4.0696 0.1436
v 1.5971 4.1592 -0.0454
v 1.5976 4.2563 -0.0726
v 1.5992 4.3394 -0.0947
v 1.6505 4.4252 0.0313
v 1.6073 4.4105 -0.1128
v 1.6187 4.4740 -0.1273
v 1.5589 4.4656 -0.2727
v 1.5541 4.4009 -0.2584
v 1.4896 4.3968 -0.4009
v 1.4852 4.4640 -0.4164
v 1.5663 4.5253 -0.2802
v 1.6296 4.5327 -0.1374
v 1.6912 4.6013 -0.0133
v 1.6378 4.5892 -0.1400
v 1.6464 4.6432 -0.1352
v 1.6570 4.6924 -0.1257
v 1.6296 4.7439 -0.2268
v 1.6668 4.7355 -0.1159
v 1.6107 4.6964 -0.2466
v 1.6712 4.7743 -0.1103
v 1.6412 4.7834 -0.2140
v 1.6945 4.7821 -0.0232
v 1.6610 4.8178 -0.1173
v 1.6650 4.8516 -0.1125
v 1.6412 4.8591 -0.2109
v 1.6336 4.8275 -0.2186
v 1.5755 4.8565 -0.3368
v 1.5866 4.8865 -0.3250
v 1.6504 4.8907 -0.2015
v 1.6713 4.8861 -0.1059
v 1.6847 4.8594 -0.0299
v 1.7067 4.9194 -0.0243
v 1.6842 4.9246 -0.1020
v 1.5998 4.9139 -0.3123
v 1.5627 4.9640 -0.4242
v 1.5802 4.9885 -0.4104
v 1.5682 5.0633 -0.5043
v 1.5469 4.9386 -0.4429
v 1.5455 5.0504 -0.5133
v 1.5506 5.1544 -0.5851
v 1.5287 5.0219 -0.5355
v 1.5245 5.1543 -0.5882
v 1.5324 4.9086 -0.4612
v 1.5185 4.9820 -0.5606
v 1.5052 5.1342 -0.6064
v 1.5256 5.2739 -0.6484
v 1.4824 5.1042 -0.6409
v 1.5008 5.2700 -0.6699
v 1.5479 5.4038 -0.6968
v 1.4709 5.2645 -0.7043
v 1.4907 5.4205 -0.7528
v 1.5219 5.4116 -0.7211
v 1.5648 5.5547 -0.7478
v 1.5955 5.5401 -0.7330
v 1.6360 5.5241 -0.7438
v 1.6304 5.6767 -0.7410
v 1.6709 5.6635 -0.7523
v 1.6530 5.8024 -0.7424
v 1.6939 5.7930 -0.7535
v 1.6774 5.9217 -0.7276
v 1.7077 6.0385 -0.6924
v 1.7256 6.1460 -0.6414
v 1.7670 6.1374 -0.6611
v 1.7478 6.2614 -0.5745
v 1.7682 6.3328 -0.4806
v 1.7245 6.3888 -0.3841
v 1.7874 6.3850 -0.3727
v 1.7087 6.3283 -0.4825
v 1.6312 6.3346 -0.4952
v 1.6432 6.4035 -0.4080
v 1.6497 6.4710 -0.2994
v 1.5402 6.4877 -0.3188
v 1.5362 6.4234 -0.4248
v 1.4192 6.4371 -0.4310
v 1.4248 6.5028 -0.3309
v 1.4355 6.5510 -0.2092
v 1.5490 6.5306 -0.1881
v 1.6595 6.5106 -0.1608
v 1.5599 6.5439 -0.0443
v 1.6677 6.5171 -0.0211
v 1.7462 6.4796 -0.1325
v 1.7347 6.4496 -0.2706
v 1.8006 6.4359 -0.2531
v 1.8144 6.4639 -0.1199
v 1.8393 6.3872 -0.3754
v 1.8278 6.4706 0.0072
v 1.7560 6.4792 -0.0001
v 1.8322 6.4691 0.1172
v 1.6736 6.5091 0.1138
v 1.7623 6.4762 0.1164
v 1.7637 6.4566 0.2411
v 1.8351 6.4505 0.2352
v 1.8860 6.4739 0.0081
v 1.8276 6.4131 0.3817
v 1.6776 6.4836 0.2561
v 1.6705 6.4380 0.4098
v 1.5797 6.5142 0.2616
v 1.4754 6.4871 0.4161
v 1.5728 6.5400 0.1064
v 1.4811 6.5478 0.2563
v 1.4697 6.5740 0.0934
v 1.3837 6.5867 0.2410
v 1.4518 6.5742 -0.0670
v 1.3696 6.6211 0.0722
v 1.3447 6.6167 -0.0928
v 1.2691 6.6646 0.0441
v 1.3237 6.5803 -0.2337
v 1.2417 6.6639 -0.1227
v 1.2188 6.6159 -0.2601
v 1.1126 6.6576 -0.2899
v 1.1402 6.7132 -0.1469
v 1.0315 6.7653 -0.1569
v 1.2029 6.5424 -0.3739
v 1.0943 6.5678 -0.4075
v 0.9950 6.7000 -0.3187
v 1.0827 6.4766 -0.5110
v 1.3107 6.5214 -0.3493
v 1.1936 6.4633 -0.4723
v 0.9703 6.4852 -0.5588
v 0.9808 6.5926 -0.4510
v 0.8453 6.7418 -0.3313
v 0.8597 6.6071 -0.5013
v 0.9172 6.8050 -0.1426
v 1.0622 6.7577 0.0145
v 1.1693 6.7117 0.0198
v 1.1828 6.6668 0.1928
v 1.2835 6.6270 0.2192
v 1.3815 6.5205 0.4007
v 1.0815 6.7038 0.1774
v 1.0767 6.6222 0.3311
v 0.9799 6.6727 0.3130
v 0.9739 6.7445 0.1751
v 0.8812 6.8072 0.1697
v 0.8053 6.8003 0.2803
v 0.9492 6.7937 0.0243
v 0.8573 6.8467 0.0321
v 0.7985 6.8517 0.1680
v 0.8264 6.8610 -0.1119
v 0.7791 6.8834 0.0467
v 0.7650 6.8580 0.1683
v 0.7128 6.8991 -0.0654
v 0.7451 6.8957 -0.0738
v 0.6583 6.8933 -0.1759
v 0.6883 6.8863 -0.1887
v 0.6195 6.8681 -0.2855
v 0.5210 6.8640 -0.3450
v 0.5406 6.8504 -0.3626
v 0.4525 6.8321 -0.4273
v 0.3453 6.8311 -0.4659
v 0.3556 6.8142 -0.4836
v 0.2488 6.7987 -0.5227
v 0.1308 6.8092 -0.5270
v 0.1340 6.7919 -0.5447
v 0.0129 6.7813 -0.5521
v 0.0128 6.7989 -0.5345
v -0.1038 6.7737 -0.5414
v 0.0120 6.7007 -0.6078
v -0.1072 6.6919 -0.5971
v 0.0109 6.6092 -0.6593
v -0.1104 6.6000 -0.6506
v 0.0099 6.5174 -0.6996
v -0.1131 6.5087 -0.6937
v 0.0094 6.4290 -0.7280
v -0.1129 6.4211 -0.7265
v 0.0089 6.3416 -0.7509
v -0.1110 6.3337 -0.7538
v 0.0087 6.2556 -0.7722
v -0.1084 6.2475 -0.7786
v 0.0087 6.1706 -0.7972
v -0.1068 6.1625 -0.8051
v 0.0088 6.0845 -0.8222
v -0.1060 6.0770 -0.8288
v 0.0088 5.9955 -0.8428
v -0.1059 5.9890 -0.8458
v 0.0089 5.9029 -0.8496
v -0.1048 5.8982 -0.8507
v 0.0091 5.8071 -0.8441
v -0.1031 5.8049 -0.8442
v 0.0093 5.7118 -0.8318
v -0.1015 5.7123 -0.8317
v 0.0094 5.6210 -0.8195
v -0.0998 5.6229 -0.8194
v 0.0094 5.5365 -0.8129
v -0.0987 5.5374 -0.8115
v 0.0094 5.4498 -0.8070
v -0.0979 5.4498 -0.8047
v 0.0093 5.3516 -0.8023
v -0.0977 5.3539 -0.7986
v 0.0091 5.2530 -0.8011
v -0.0971 5.2568 -0.7956
v 0.0082 5.1584 -0.8026
v -0.0962 5.1615 -0.7948
v 0.0068 5.0632 -0.8013
v -0.0958 5.0649 -0.7923
v 0.0042 4.9621 -0.7930
v -0.0966 4.9625 -0.7833
v 0.0009 4.8528 -0.7783
v -0.0981 4.8531 -0.7713
v -0.0021 4.7409 -0.7653
v -0.0998 4.7415 -0.7635
v -0.0048 4.6285 -0.7588
v -0.1020 4.6293 -0.7562
v -0.0069 4.5132 -0.7471
v -0.1045 4.5141 -0.7470
v -0.0087 4.3928 -0.7328
v -0.1071 4.3938 -0.7350
v -0.0096 4.2653 -0.7197
v -0.1088 4.2665 -0.7246
v -0.0094 4.1290 -0.7095
v -0.1097 4.1303 -0.7181
v -0.0115 3.9820 -0.7061
v -0.1134 3.9832 -0.7165
v -0.0165 3.8234 -0.6978
v -0.1206 3.8238 -0.7080
v -0.0248 3.6538 -0.6688
v -0.1309 3.6533 -0.6816
v -0.0345 3.4793 -0.6269
v -0.1428 3.4774 -0.6414
v -0.0428 3.3031 -0.5991
v -0.1532 3.2984 -0.6170
v -0.0491 3.1243 -0.5946
v -0.1603 3.1170 -0.6160
v -0.0519 2.9450 -0.6206
v -0.1630 2.9356 -0.6449
v -0.0499 2.7728 -0.6795
v -0.1619 2.7622 -0.7035
v -0.0422 2.6109 -0.7713
v -0.1552 2.6021 -0.7859
v -0.0315 2.4509 -0.8082
v -0.1492 2.4440 -0.8203
v -0.0192 2.3022 -0.8423
v -0.1428 2.2975 -0.8529
v -0.0048 2.1367 -0.9289
v -0.1362 2.1384 -0.9356
v 0.0100 1.9775 -0.9537
v -0.1248 1.9735 -0.9617
v 0.1554 1.8866 -0.9445
v 0.1484 1.9662 -0.9513
v 0.1276 2.1289 -0.9259
v 0.2826 1.9545 -0.9572
v 0.2584 2.1182 -0.9300
v 0.3922 2.0969 -0.9482
v 0.3500 2.2704 -0.8624
v 0.2270 2.2847 -0.8495
v 0.3218 2.4230 -0.8218
v 0.1040 2.2957 -0.8412
v 0.2044 2.4368 -0.8123
v 0.3002 2.5915 -0.7899
v 0.0866 2.4460 -0.8069
v 0.1864 2.6018 -0.7782
v 0.2810 2.7569 -0.6951
v 0.0727 2.6084 -0.7712
v 0.1742 2.7665 -0.6822
v 0.2749 2.9355 -0.6353
v 0.0649 2.7720 -0.6749
v 0.1703 2.9434 -0.6228
v 0.2752 3.1180 -0.6087
v 0.0622 2.9464 -0.6165
v 0.1726 3.1245 -0.5975
v 0.2802 3.2997 -0.6135
v 0.0652 3.1263 -0.5912
v 0.1779 3.3049 -0.6039
v 0.2861 3.4779 -0.6374
v 0.0707 3.3057 -0.5986
v 0.1842 3.4833 -0.6298
v 0.2915 3.6505 -0.6764
v 0.0779 3.4831 -0.6261
v 0.1903 3.6558 -0.6706
v 0.2962 3.8145 -0.6986
v 0.0854 3.6559 -0.6671
v 0.1951 3.8219 -0.6954
v 0.2990 3.9710 -0.7026
v 0.0913 3.8242 -0.6931
v 0.1979 3.9795 -0.6972
v 0.2984 4.1183 -0.7121
v 0.0947 3.9823 -0.6978
v 0.1975 4.1262 -0.7060
v 0.2956 4.2560 -0.7281
v 0.0952 4.1289 -0.7049
v 0.1954 4.2628 -0.7236
v 0.2946 4.3851 -0.7435
v 0.0941 4.2651 -0.7215
v 0.1945 4.3907 -0.7415
v 0.2950 4.5073 -0.7586
v 0.0940 4.3926 -0.7404
v 0.1952 4.5120 -0.7588
v 0.2960 4.6238 -0.7741
v 0.0948 4.5131 -0.7605
v 0.1966 4.6280 -0.7743
v 0.2978 4.7363 -0.7920
v 0.0966 4.6286 -0.7752
v 0.1988 4.7405 -0.7898
v 0.3015 4.8465 -0.8129
v 0.0992 4.7412 -0.7878
v 0.2029 4.8512 -0.8062
v 0.3072 4.9547 -0.8292
v 0.1034 4.8530 -0.8054
v 0.2083 4.9598 -0.8231
v 0.3139 5.0597 -0.8417
v 0.1082 4.9622 -0.8222
v 0.2139 5.0642 -0.8342
v 0.3213 5.1609 -0.8471
v 0.1124 5.0648 -0.8295
v 0.2192 5.1640 -0.8375
v 0.3281 5.2591 -0.8486
v 0.1157 5.1616 -0.8298
v 0.2238 5.2609 -0.8385
v 0.3336 5.3547 -0.8509
v 0.1181 5.2568 -0.8273
v 0.2270 5.3566 -0.8404
v 0.3366 5.4491 -0.8543
v 0.1195 5.3538 -0.8266
v 0.2284 5.4511 -0.8430
v 0.3378 5.5437 -0.8584
v 0.1201 5.4500 -0.8281
v 0.2297 5.5434 -0.8451
v 0.3393 5.6379 -0.8621
v 0.1210 5.5397 -0.8301
v 0.1220 5.6278 -0.8332
v 0.1235 5.7201 -0.8411
v 0.2315 5.6356 -0.8483
v 0.2337 5.7284 -0.8525
v 0.3417 5.7311 -0.8647
v 0.4458 5.6350 -0.8730
v 0.4449 5.5397 -0.8684
v 0.4436 5.4441 -0.8637
v 0.5535 5.5327 -0.8796
v 0.5536 5.4347 -0.8753
v 0.4397 5.3480 -0.8605
v 0.5495 5.3367 -0.8727
v 0.4325 5.2516 -0.8593
v 0.5407 5.2388 -0.8707
v 0.4235 5.1529 -0.8571
v 0.5290 5.1392 -0.8681
v 0.4141 5.0509 -0.8512
v 0.5166 5.0372 -0.8639
v 0.4059 4.9458 -0.8402
v 0.6099 4.9134 -0.8589
v 0.5060 4.9321 -0.8492
v 0.6242 5.0176 -0.8733
v 0.7304 4.9920 -0.8812
v 0.7155 4.8893 -0.8688
v 0.7038 4.7835 -0.8522
v 0.5997 4.8064 -0.8410
v 0.4986 4.8247 -0.8298
v 0.5938 4.6968 -0.8209
v 0.4947 4.7149 -0.8089
v 0.3997 4.8380 -0.8202
v 0.3963 4.7280 -0.7987
v 0.4933 4.6018 -0.7887
v 0.3949 4.6152 -0.7792
v 0.3943 4.4981 -0.7627
v 0.5918 4.5837 -0.8009
v 0.5917 4.4660 -0.7831
v 0.4931 4.4843 -0.7714
v 0.4926 4.3610 -0.7579
v 0.3941 4.3752 -0.7491
v 0.3945 4.2451 -0.7361
v 0.5910 4.3424 -0.7688
v 0.5893 4.2116 -0.7560
v 0.4922 4.2302 -0.7456
v 0.4941 4.0908 -0.7312
v 0.3974 4.1064 -0.7210
v 0.3980 3.9587 -0.7102
v 0.5888 4.0721 -0.7419
v 0.5871 3.9255 -0.7258
v 0.4940 3.9433 -0.7179
v 0.4903 3.7891 -0.7066
v 0.3948 3.8034 -0.7024
v 0.3897 3.6404 -0.6821
v 0.5853 3.7717 -0.7109
v 0.5831 3.6103 -0.6885
v 0.4871 3.6268 -0.6853
v 0.4833 3.4550 -0.6536
v 0.3852 3.4682 -0.6459
v 0.3793 3.2903 -0.6235
v 0.5795 3.4391 -0.6613
v 0.5751 3.2605 -0.6439
v 0.4776 3.2771 -0.6331
v 0.4742 3.0937 -0.6318
v 0.3748 3.1080 -0.6203
v 0.3779 2.9241 -0.6499
v 0.5728 3.0764 -0.6428
v 0.5796 2.8909 -0.6717
v 0.4797 2.9086 -0.6633
v 0.4932 2.7297 -0.7192
v 0.3875 2.7449 -0.7091
v 0.4145 2.5774 -0.8019
v 0.5983 2.7115 -0.7219
v 0.6383 2.5384 -0.7964
v 0.5284 2.5594 -0.8066
v 0.5548 2.3865 -0.8291
v 0.4385 2.4058 -0.8281
v 0.4736 2.2542 -0.8741
v 0.7036 2.6935 -0.7153
v 0.6791 2.8737 -0.6700
v 0.7791 2.8616 -0.6504
v 0.7655 3.0449 -0.6391
v 0.6698 3.0589 -0.6468
v 0.7634 3.2279 -0.6421
v 0.6704 3.2430 -0.6491
v 0.7701 3.4034 -0.6685
v 0.6751 3.4212 -0.6684
v 0.7728 3.5720 -0.6864
v 0.6777 3.5916 -0.6898
v 0.7732 3.7332 -0.7020
v 0.6791 3.7530 -0.7101
v 0.7724 3.8864 -0.7216
v 0.6795 3.9064 -0.7282
v 0.7750 4.0291 -0.7463
v 0.6819 4.0510 -0.7480
v 0.7837 4.1650 -0.7659
v 0.6865 4.1894 -0.7640
v 0.7894 4.2946 -0.7846
v 0.6899 4.3199 -0.7794
v 0.7911 4.4180 -0.8032
v 0.6908 4.4435 -0.7946
v 0.7930 4.5359 -0.8221
v 0.6915 4.5614 -0.8129
v 0.7985 4.6484 -0.8418
v 0.6952 4.6744 -0.8327
v 0.8059 4.7562 -0.8599
v 0.8971 4.6194 -0.8438
v 0.9039 4.7243 -0.8606
v 0.8939 4.5082 -0.8255
v 0.9907 4.5848 -0.8352
v 0.9906 4.4784 -0.8186
v 0.8914 4.3911 -0.8057
v 1.0866 4.3377 -0.7737
v 0.9899 4.3642 -0.7970
v 1.0878 4.4455 -0.7963
v 1.1832 4.4119 -0.7544
v 1.1807 4.3118 -0.7313
v 1.1662 4.2020 -0.7005
v 1.0745 4.2212 -0.7449
v 0.9823 4.2435 -0.7718
v 1.0597 4.0993 -0.7121
v 0.9702 4.1185 -0.7444
v 0.8873 4.2683 -0.7831
v 0.8787 4.1408 -0.7607
v 0.9607 3.9874 -0.7131
v 0.8685 4.0077 -0.7360
v 0.8655 3.8662 -0.7056
v 1.0511 3.9691 -0.6752
v 1.0539 3.8262 -0.6460
v 0.9599 3.8457 -0.6822
v 0.9633 3.6937 -0.6651
v 0.8690 3.7129 -0.6903
v 0.8674 3.5532 -0.6754
v 1.0531 3.6766 -0.6208
v 1.0416 3.5242 -0.5887
v 0.9584 3.5371 -0.6453
v 0.9480 3.3748 -0.6163
v 0.8599 3.3883 -0.6487
v 0.8554 3.2144 -0.6271
v 1.0343 3.3623 -0.5631
v 0.9454 3.2019 -0.5909
v 1.1785 2.8384 -0.4273
v 1.2650 2.8453 -0.3157
v 1.2278 3.0126 -0.3459
v 1.3286 3.0226 -0.2407
v 1.3571 2.8608 -0.2015
v 1.3642 2.6975 -0.1642
v 1.2799 2.6753 -0.2757
v 1.1945 2.6629 -0.3897
v 1.3328 2.5094 -0.2557
v 1.2456 2.4908 -0.3693
v 1.1104 2.6602 -0.5033
v 1.1502 2.4825 -0.4848
v 1.3094 2.3341 -0.3785
v 1.2075 2.3215 -0.4945
v 1.0570 2.4845 -0.5897
v 1.1118 2.3192 -0.6063
v 1.3121 2.1971 -0.5175
v 1.2075 2.1876 -0.6278
v 1.0154 2.3257 -0.7035
v 1.0985 2.1887 -0.7334
v 1.3357 2.0392 -0.6735
v 1.2058 2.0489 -0.7745
v 0.9784 2.2013 -0.8118
v 1.0613 2.0621 -0.8586
v 1.2436 1.9296 -0.7626
v 1.1031 1.9376 -0.8680
v 0.9234 2.0648 -0.9159
v 0.9589 1.9349 -0.9376
v 1.0989 1.8559 -0.8345
v 0.9523 1.8544 -0.9131
v 0.8222 1.9326 -0.9614
v 0.8214 1.8562 -0.9310
v 0.9545 1.8038 -0.9158
v 0.8293 1.8103 -0.9492
v 0.6815 1.8578 -0.9376
v 0.6945 1.8108 -0.9597
v 0.7095 1.7744 -0.9894
v 0.5526 1.8126 -0.9695
v 0.9743 1.7624 -0.9225
v 1.0999 1.7972 -0.8196
v 1.1226 1.7541 -0.8283
v 1.2560 1.7603 -0.7338
v 1.2391 1.7997 -0.7117
v 1.3516 1.7893 -0.6049
v 1.3623 1.7432 -0.6119
v 1.4384 1.7814 -0.4774
v 1.4486 1.7349 -0.4859
v 1.5062 1.7816 -0.3423
v 1.5758 1.7804 -0.2035
v 1.5748 1.7200 -0.2097
v 1.6459 1.7702 -0.0655
v 1.7054 1.8683 0.0632
v 1.7028 1.7700 0.0643
v 1.6526 1.8585 -0.0731
v 1.7413 2.0257 0.1737
v 1.7244 1.8809 0.1953
v 1.7147 2.0082 0.0337
v 1.7212 2.1922 0.2812
v 1.7385 2.0263 0.3150
v 1.7299 2.1830 0.1367
v 1.6574 2.3389 0.4013
v 1.6930 2.1852 0.4332
v 1.6831 2.3461 0.2478
v 1.6008 2.4767 0.5429
v 1.6234 2.4877 0.3802
v 1.5751 2.6283 0.3755
v 1.5337 2.7714 0.3738
v 1.5582 2.6167 0.2345
v 1.5086 2.7646 0.2290
v 1.4972 2.9208 0.3593
v 1.5130 3.0625 0.3264
v 1.5224 3.0571 0.1636
v 1.4948 2.9124 0.2034
v 1.4906 2.8991 0.0563
v 1.4899 3.0489 0.0148
v 1.5123 3.2031 0.1217
v 1.5377 3.2037 0.2858
v 1.5350 3.3520 0.2433
v 1.4382 3.5008 0.0519
v 1.5017 3.5064 0.1992
v 1.4699 3.3509 0.0881
v 1.4949 3.6586 0.1463
v 1.4447 3.6518 -0.0030
v 1.5448 3.8212 0.2548
v 1.5083 3.8042 0.0946
v 1.5723 3.9541 0.1956
v 1.3816 3.4927 -0.0819
v 1.3893 3.3404 -0.0408
v 1.4543 3.1974 -0.0211
v 1.3186 3.3341 -0.1654
v 1.3593 3.1854 -0.1438
v 1.4169 3.0369 -0.1213
v 1.2706 3.1773 -0.2558
v 1.4306 2.8811 -0.0791
v 1.4394 2.7248 -0.0436
v 1.4916 2.7491 0.0887
v 1.4115 2.5363 -0.1465
v 1.4746 2.5685 -0.0290
v 1.4007 2.3571 -0.2604
v 1.4681 2.3886 -0.1479
v 1.4145 2.2122 -0.3993
v 1.4886 2.2330 -0.2783
v 1.4362 2.0653 -0.5486
v 1.5148 2.0931 -0.4185
v 1.3716 1.9179 -0.6546
v 1.4763 1.9263 -0.5334
v 1.2385 1.8572 -0.7268
v 1.3629 1.8475 -0.6230
v 1.4561 1.8446 -0.4965
v 1.5243 1.8535 -0.3572
v 1.5914 1.8569 -0.2154
v 1.6214 1.9650 -0.2548
v 1.5542 1.9522 -0.3982
v 1.6799 1.9817 -0.1083
v 1.6533 2.1297 -0.1419
v 1.5836 2.1050 -0.2819
v 1.7036 2.1588 -0.0038
v 1.6399 2.2964 -0.0281
v 1.5674 2.2620 -0.1551
v 1.6763 2.3298 0.1060
v 1.5917 2.4583 0.0969
v 1.5359 2.4241 -0.0314
v 1.6049 2.4822 0.2325
v 1.5212 2.5975 0.0995
v 1.7348 2.0098 0.4612
v 1.7627 1.8819 0.4709
v 1.7641 1.7782 0.3277
v 1.7597 1.8850 0.3294
v 1.7606 1.7863 0.4673
v 1.7424 1.7744 0.1942
v 1.7383 1.6915 0.3222
v 1.7178 1.6894 0.1908
v 1.7434 1.7002 0.4579
v 1.6523 2.1680 0.5859
v 0.8604 3.0336 -0.6142
v 1.1213 3.5120 -0.5160
v 1.1366 3.6619 -0.5564
v 1.1472 3.8074 -0.5931
v 1.2100 3.6517 -0.4685
v 1.2351 3.7909 -0.5220
v 1.2394 3.9335 -0.5587
v 1.1444 3.9516 -0.6236
v 1.2422 4.0680 -0.5938
v 1.1501 4.0827 -0.6630
v 1.2532 4.1859 -0.6361
v 1.3262 4.0539 -0.5110
v 1.3286 4.1732 -0.5514
v 1.4041 4.0414 -0.4147
v 1.3372 4.2702 -0.5865
v 1.2635 4.2888 -0.6693
v 1.4098 4.2563 -0.4799
v 1.4012 4.1623 -0.4489
v 1.4829 4.1525 -0.3297
v 1.4174 4.3318 -0.5073
v 1.3403 4.3522 -0.6122
v 1.4913 4.3256 -0.3801
v 1.4876 4.2477 -0.3553
v 1.5485 4.2477 -0.2183
v 1.5512 4.3295 -0.2400
v 1.4135 4.4026 -0.5281
v 1.4063 4.4720 -0.5440
v 1.4071 4.5385 -0.5547
v 1.4988 4.5857 -0.4255
v 1.4867 4.5263 -0.4259
v 1.4195 4.6032 -0.5556
v 1.5913 4.6407 -0.2670
v 1.5764 4.5830 -0.2789
v 1.5235 4.6467 -0.4116
v 1.5535 4.7115 -0.3848
v 1.5181 4.8026 -0.4935
v 1.5797 4.7675 -0.3562
v 1.4846 4.7356 -0.5224
v 1.4250 4.7727 -0.6421
v 1.4650 4.8513 -0.6211
v 1.5411 4.8542 -0.4695
v 1.5932 4.8095 -0.3361
v 1.4981 4.9302 -0.5940
v 1.4289 5.0645 -0.7032
v 1.4007 4.9267 -0.7227
v 1.3190 5.1439 -0.8036
v 1.3272 5.3109 -0.8276
v 1.4187 5.2679 -0.7573
v 1.3021 5.0076 -0.8031
v 1.2041 5.2219 -0.8676
v 1.1869 5.0913 -0.8603
v 1.2289 5.3661 -0.8796
v 1.1047 5.2857 -0.9015
v 1.1273 5.4114 -0.9087
v 1.3568 5.4693 -0.8400
v 1.2565 5.5042 -0.8808
v 1.4384 5.4376 -0.7942
v 1.3807 5.6094 -0.8389
v 1.4716 5.5873 -0.8063
v 1.5301 5.5694 -0.7746
v 1.5966 5.6891 -0.7525
v 1.5529 5.7024 -0.7723
v 1.6106 5.8115 -0.7468
v 1.6289 5.9308 -0.7259
v 1.6566 6.0486 -0.6870
v 1.5594 5.9424 -0.7294
v 1.5801 6.0589 -0.6870
v 1.6727 6.1536 -0.6337
v 1.6900 6.2558 -0.5668
v 1.6146 6.2568 -0.5694
v 1.5101 6.2672 -0.5775
v 1.5264 6.3503 -0.5069
v 1.4115 6.3610 -0.5144
v 1.2979 6.3711 -0.5308
v 1.3051 6.4490 -0.4440
v 1.1724 6.2877 -0.6490
v 1.1843 6.3804 -0.5653
v 1.2856 6.2854 -0.6124
v 1.0458 6.1919 -0.7574
v 1.0600 6.2895 -0.6920
v 1.1598 6.1904 -0.7205
v 0.9154 6.0991 -0.8322
v 0.9312 6.1947 -0.7903
v 1.0309 6.0964 -0.8070
v 0.7890 6.0070 -0.8772
v 0.8033 6.1013 -0.8505
v 0.9005 6.0040 -0.8647
v 0.6715 5.9146 -0.8932
v 0.6817 6.0088 -0.8805
v 0.7778 5.9122 -0.8948
v 0.5583 5.8216 -0.8878
v 0.5652 5.9159 -0.8829
v 0.6639 5.8191 -0.8983
v 0.4480 5.7295 -0.8758
v 0.4521 5.8232 -0.8766
v 0.5539 5.7263 -0.8874
v 0.3451 5.8237 -0.8663
v 0.3496 5.9150 -0.8648
v 0.2363 5.8218 -0.8577
v 0.2392 5.9150 -0.8587
v 0.4661 6.0063 -0.8627
v 0.4582 5.9154 -0.8720
v 0.3552 6.0053 -0.8569
v 0.5864 6.0988 -0.8545
v 0.5745 6.0079 -0.8723
v 0.4755 6.0959 -0.8477
v 0.7096 6.1938 -0.8281
v 0.6949 6.1010 -0.8587
v 0.5992 6.1904 -0.8297
v 0.8341 6.2906 -0.7657
v 0.8192 6.1954 -0.8148
v 0.7233 6.2882 -0.7860
v 0.9590 6.3859 -0.6543
v 0.9461 6.2907 -0.7329
v 0.8462 6.3856 -0.6960
v 1.0724 6.3852 -0.6082
v 0.8558 6.4872 -0.6081
v 0.7398 6.4833 -0.6492
v 0.7338 6.3830 -0.7263
v 0.6202 6.3780 -0.7438
v 0.6115 6.2838 -0.7941
v 0.4957 6.2779 -0.7962
v 0.4856 6.1859 -0.8261
v 0.3677 6.1817 -0.8205
v 0.3610 6.0936 -0.8415
v 0.2423 6.0062 -0.8507
v 0.2446 6.0947 -0.8347
v 0.1272 6.0944 -0.8273
v 0.1273 6.0048 -0.8454
v 0.1265 5.9117 -0.8529
v 0.1251 5.8157 -0.8498
v 0.1278 6.1814 -0.8038
v 0.1297 6.2677 -0.7788
v 0.2476 6.1814 -0.8130
v 0.2521 6.2688 -0.7882
v 0.3753 6.2716 -0.7940
v 0.3823 6.3631 -0.7607
v 0.5037 6.3709 -0.7551
v 0.5058 6.4656 -0.7030
v 0.6234 6.4760 -0.6810
v 0.6195 6.5806 -0.6066
v 0.7378 6.5971 -0.5586
v 0.7159 6.7127 -0.4490
v 0.7602 6.8352 -0.2494
v 0.6715 6.8047 -0.3580
v 0.5757 6.7772 -0.4357
v 0.6043 6.6849 -0.5216
v 0.4924 6.6625 -0.5701
v 0.5019 6.5634 -0.6410
v 0.3763 6.6424 -0.6089
v 0.3824 6.5485 -0.6684
v 0.2608 6.5362 -0.6875
v 0.2574 6.6277 -0.6372
v 0.3674 6.7343 -0.5445
v 0.1364 6.6211 -0.6539
v 0.3850 6.4553 -0.7194
v 0.2613 6.4466 -0.7270
v 0.1372 6.5301 -0.6965
v 0.2578 6.3576 -0.7595
v 0.1354 6.4422 -0.7287
v 0.1328 6.3549 -0.7549
v 0.1354 6.7119 -0.6003
v 0.2537 6.7183 -0.5797
v 0.4752 6.7549 -0.4949
v 0.5525 5.6303 -0.8845
v 0.6637 5.6224 -0.8975
v 0.6694 5.5206 -0.8944
v 0.6720 5.4193 -0.8914
v 0.7830 5.2946 -0.9021
v 0.6673 5.3192 -0.8882
v 0.7925 5.3973 -0.9063
v 0.9058 5.3684 -0.9128
v 0.8910 5.2623 -0.9082
v 0.8713 5.1592 -0.9043
v 0.9659 5.1158 -0.9025
v 0.9876 5.2213 -0.9070
v 1.0821 5.1650 -0.8934
v 1.0609 5.0565 -0.8879
v 1.0391 4.9598 -0.8800
v 0.9440 5.0170 -0.8932
v 0.8503 5.0595 -0.8965
v 0.9258 4.9208 -0.8839
v 0.8316 4.9604 -0.8861
v 0.7482 5.0930 -0.8917
v 0.7669 5.1931 -0.8985
v 0.6556 5.2194 -0.8857
v 0.6401 5.1194 -0.8834
v 0.8168 4.8599 -0.8750
v 0.9124 4.8242 -0.8736
v 1.0089 4.7778 -0.8632
v 0.9962 4.6842 -0.8504
v 1.0892 4.6368 -0.8278
v 1.0864 4.5449 -0.8142
v 1.1836 4.5026 -0.7734
v 1.2653 4.4615 -0.7126
v 1.2651 4.3801 -0.6935
v 1.3405 4.4956 -0.6495
v 1.3398 4.4258 -0.6325
v 1.2692 4.5364 -0.7292
v 1.3459 4.5642 -0.6598
v 1.3599 4.6325 -0.6620
v 1.2970 4.6772 -0.7450
v 1.2797 4.6075 -0.7406
v 1.1934 4.6637 -0.7993
v 1.1851 4.5856 -0.7885
v 1.0988 4.7227 -0.8388
v 1.2091 4.7396 -0.8044
v 1.3218 4.7492 -0.7422
v 1.3863 4.7011 -0.6558
v 1.3572 4.8286 -0.7345
v 1.4466 4.6671 -0.5449
v 1.2673 4.9030 -0.8035
v 1.2336 4.8173 -0.8051
v 1.1416 4.8911 -0.8526
v 1.1676 4.9835 -0.8559
v 1.0218 4.8686 -0.8723
v 1.1162 4.8062 -0.8471
v 1.4761 4.0351 -0.2974
v 1.3913 3.9104 -0.3709
v 1.3234 3.9182 -0.4746
v 1.3042 3.7830 -0.4259
v 1.5479 4.1504 -0.1934
v -1.2248 4.9965 -0.7896
v -1.3495 4.9070 -0.7256
v -1.4913 4.9064 -0.5993
v -1.5377 4.9605 -0.5702
v -1.1741 5.2219 -0.8157
v -1.1391 5.0884 -0.8281
v -1.0727 5.1655 -0.8573
v -1.1044 5.2865 -0.8489
v -1.2097 5.3691 -0.8158
v -1.3203 5.4762 -0.7966
v -1.2334 5.5089 -0.8240
v -1.1318 5.5387 -0.8452
v -1.1280 5.4125 -0.8492
v -1.0129 5.5639 -0.8668
v -1.0291 5.4469 -0.8697
v -0.8992 5.4740 -0.8822
v -1.1157 5.6612 -0.8394
v -0.9940 5.6790 -0.8710
v -0.8675 5.6929 -0.8956
v -0.8826 5.5841 -0.8871
v -0.7480 5.7019 -0.9106
v -0.6393 5.6103 -0.9005
v -0.7568 5.5998 -0.9004
v -0.6374 5.7060 -0.9100
v -0.5313 5.5222 -0.8707
v -0.6448 5.5118 -0.8891
v -0.5300 5.6159 -0.8835
v -0.4230 5.4376 -0.8423
v -0.5321 5.4280 -0.8587
v -0.4233 5.5291 -0.8544
v -0.4201 5.3456 -0.8330
v -0.5291 5.3337 -0.8496
v -0.4142 5.2514 -0.8251
v -0.5219 5.2384 -0.8422
v -0.4067 5.1528 -0.8182
v -0.5121 5.1391 -0.8354
v -0.3997 5.0505 -0.8117
v -0.5028 5.0364 -0.8299
v -0.3949 4.9453 -0.8034
v -0.4922 4.8233 -0.8013
v -0.4958 4.9310 -0.8157
v -0.3929 4.8375 -0.7878
v -0.6005 4.9109 -0.8321
v -0.5944 4.8034 -0.8190
v -0.7254 4.9893 -0.8647
v -0.6107 5.0161 -0.8451
v -0.7106 4.8849 -0.8521
v -0.8571 5.0569 -0.8908
v -0.7430 5.0916 -0.8757
v -0.8323 4.9558 -0.8821
v -0.9722 5.1150 -0.8851
v -0.8817 5.1581 -0.8886
v -0.9429 5.0143 -0.8908
v -0.9990 5.2205 -0.8764
v -1.0428 5.0554 -0.8691
v -1.0219 5.3312 -0.8709
v -0.9089 5.3656 -0.8841
v -0.9012 5.2605 -0.8849
v -0.7720 5.2919 -0.8831
v -0.7676 5.4956 -0.8905
v -0.7744 5.3928 -0.8858
v -0.6483 5.4136 -0.8787
v -0.6456 5.3163 -0.8702
v -0.7602 5.1924 -0.8801
v -0.6364 5.2189 -0.8621
v -0.6235 5.1190 -0.8548
v -0.5921 4.6937 -0.8024
v -0.4919 4.7136 -0.7848
v -0.4934 4.6015 -0.7710
v -0.5924 4.5815 -0.7886
v -0.5929 4.4652 -0.7789
v -0.3934 4.7281 -0.7712
v -0.3955 4.6161 -0.7576
v -0.4948 4.4852 -0.7626
v -0.4945 4.3630 -0.7599
v -0.5916 4.3433 -0.7742
v -0.5895 4.2130 -0.7744
v -0.3976 4.5000 -0.7500
v -0.3983 4.3778 -0.7478
v -0.4937 4.2324 -0.7614
v -0.4966 4.0926 -0.7637
v -0.5904 4.0732 -0.7760
v -0.5973 3.9243 -0.7755
v -0.3986 4.2475 -0.7489
v -0.4020 4.1088 -0.7506
v -0.5047 3.9433 -0.7662
v -0.5152 3.7849 -0.7592
v -0.6080 3.7669 -0.7641
v -0.6232 3.5986 -0.7444
v -0.4098 3.9597 -0.7546
v -0.4206 3.8002 -0.7501
v -0.5293 3.6171 -0.7389
v -0.5459 3.4368 -0.7130
v -0.6405 3.4176 -0.7216
v -0.6556 3.2272 -0.7108
v -0.4342 3.6321 -0.7297
v -0.4498 3.4533 -0.6999
v -0.5604 3.2478 -0.7004
v -0.6674 3.0316 -0.7159
v -0.4636 3.2659 -0.6854
v -0.3509 3.4659 -0.6816
v -0.2603 3.2913 -0.6402
v -0.3640 3.2804 -0.6648
v -0.2484 3.4742 -0.6603
v -0.3362 3.6435 -0.7151
v -0.2348 3.6509 -0.6978
v -0.3228 3.8127 -0.7372
v -0.2225 3.8211 -0.7216
v -0.3128 3.9726 -0.7406
v -0.2137 3.9809 -0.7263
v -0.3059 4.1207 -0.7370
v -0.2082 4.1283 -0.7248
v -0.3030 4.2583 -0.7374
v -0.2064 4.2648 -0.7284
v -0.3016 4.3873 -0.7392
v -0.2043 4.3924 -0.7347
v -0.3001 4.5092 -0.7432
v -0.2022 4.5135 -0.7424
v -0.2978 4.6252 -0.7503
v -0.1998 4.6292 -0.7500
v -0.2955 4.7370 -0.7630
v -0.1974 4.7411 -0.7611
v -0.2945 4.8467 -0.7794
v -0.1963 4.8516 -0.7723
v -0.2955 4.9547 -0.7898
v -0.1963 4.9602 -0.7834
v -0.2985 5.0598 -0.7994
v -0.1973 5.0648 -0.7938
v -0.3033 5.1612 -0.8067
v -0.1998 5.1645 -0.8000
v -0.3088 5.2593 -0.8136
v -0.2030 5.2611 -0.8044
v -0.3133 5.3535 -0.8213
v -0.2050 5.3564 -0.8104
v -0.3153 5.4446 -0.8304
v -0.2058 5.4489 -0.8181
v -0.3156 5.5350 -0.8409
v -0.2067 5.5380 -0.8261
v -0.2082 5.6260 -0.8348
v -0.2106 5.7147 -0.8442
v -0.2132 5.8044 -0.8541
v -0.3265 5.8921 -0.8693
v -0.2163 5.8946 -0.8592
v -0.3219 5.8032 -0.8662
v -0.4428 5.9800 -0.8736
v -0.3323 5.9802 -0.8642
v -0.4351 5.8908 -0.8819
v -0.5625 6.0722 -0.8660
v -0.4519 6.0684 -0.8569
v -0.5513 5.9819 -0.8859
v -0.6844 6.1719 -0.8402
v -0.5743 6.1645 -0.8379
v -0.6707 6.0778 -0.8742
v -0.8069 6.2780 -0.7833
v -0.6969 6.2683 -0.7934
v -0.7933 6.1798 -0.8380
v -0.9302 6.3820 -0.6752
v -0.8174 6.3742 -0.7100
v -0.9183 6.2877 -0.7585
v -1.0536 6.4889 -0.5268
v -0.9401 6.4786 -0.5751
v -1.0438 6.3956 -0.6260
v -1.1740 6.5564 -0.3891
v -1.0656 6.5718 -0.4247
v -1.1648 6.4774 -0.4812
v -1.2951 6.5989 -0.2556
v -1.1914 6.6273 -0.2827
v -1.2830 6.5426 -0.3582
v -1.4210 6.5970 -0.0947
v -1.3158 6.6319 -0.1190
v -1.4062 6.5767 -0.2283
v -1.5398 6.5700 0.0803
v -1.4384 6.5954 0.0670
v -1.5304 6.5770 -0.0720
v -1.6406 6.5181 0.2346
v -1.5464 6.5441 0.2363
v -1.6399 6.5485 0.0906
v -1.7270 6.4968 0.2232
v -1.7988 6.5008 0.2151
v -1.7969 6.5265 0.0934
v -1.7276 6.5242 0.0951
v -1.7273 6.5311 -0.0260
v -1.7986 6.5270 -0.0185
v -1.8602 6.5293 -0.0157
v -1.8610 6.5283 0.0941
v -1.8633 6.5042 0.2124
v -1.8605 6.4537 0.3637
v -1.7933 6.5189 -0.1465
v -1.6351 6.5524 -0.1804
v -1.7245 6.5293 -0.1566
v -1.6396 6.5597 -0.0475
v -1.5140 6.5191 -0.3072
v -1.6268 6.5086 -0.2861
v -1.5215 6.5642 -0.2055
v -1.3918 6.4646 -0.4104
v -1.5112 6.4552 -0.3882
v -1.3967 6.5296 -0.3302
v -1.2696 6.3912 -0.5206
v -1.3830 6.3867 -0.4838
v -1.2772 6.4713 -0.4413
v -1.1453 6.2974 -0.6599
v -1.2549 6.3017 -0.6037
v -1.1562 6.3995 -0.5720
v -1.0181 6.1970 -0.7834
v -1.1308 6.2028 -0.7315
v -1.0321 6.2926 -0.7152
v -0.8887 6.0911 -0.8639
v -1.0032 6.0987 -0.8307
v -0.9041 6.1882 -0.8222
v -0.7648 5.9898 -0.9010
v -0.8744 5.9947 -0.8894
v -0.7784 6.0842 -0.8764
v -0.6482 5.8929 -0.9122
v -0.7541 5.8954 -0.9134
v -0.6582 5.9856 -0.8982
v -0.5354 5.8000 -0.8994
v -0.6409 5.8000 -0.9157
v -0.5420 5.8913 -0.8980
v -0.4254 5.7108 -0.8753
v -0.5312 5.7081 -0.8930
v -0.4293 5.8011 -0.8816
v -0.3166 5.6248 -0.8510
v -0.4235 5.6204 -0.8663
v -0.3187 5.7141 -0.8593
v -0.7470 5.8001 -0.9164
v -0.8591 5.7975 -0.9010
v -0.8627 5.8976 -0.9000
v -0.9784 5.8977 -0.8737
v -0.9809 5.7909 -0.8758
v -1.1006 5.7801 -0.8365
v -1.0930 5.8944 -0.8309
v -0.9882 5.9996 -0.8608
v -1.0989 6.0027 -0.8166
v -1.1147 6.1055 -0.7836
v -1.2187 6.1082 -0.7309
v -1.1990 5.8868 -0.7826
v -1.2028 6.0019 -0.7657
v -1.3012 5.9950 -0.7203
v -1.3176 6.1053 -0.6865
v -1.2370 6.2076 -0.6777
v -1.3405 6.2060 -0.6329
v -1.3639 6.2994 -0.5608
v -1.4734 6.2926 -0.5309
v -1.4180 6.0962 -0.6479
v -1.4458 6.1987 -0.5970
v -1.5484 6.1875 -0.5719
v -1.5793 6.2827 -0.5084
v -1.4999 6.3804 -0.4608
v -1.6064 6.3679 -0.4396
v -1.6222 6.4411 -0.3663
v -1.7074 6.4299 -0.3502
v -1.6570 6.2775 -0.4948
v -1.6868 6.3606 -0.4249
v -1.7488 6.3633 -0.4261
v -1.7724 6.4279 -0.3483
v -1.7157 6.4934 -0.2669
v -1.7841 6.4852 -0.2594
v -1.8258 6.4290 -0.3553
v -1.8425 6.4863 -0.2627
v -1.7644 6.2804 -0.5142
v -1.7162 6.2785 -0.4964
v -1.6769 6.1645 -0.5563
v -1.7173 6.1540 -0.5715
v -1.6803 6.0432 -0.6107
v -1.6239 6.1762 -0.5597
v -1.5900 6.0711 -0.6030
v -1.6412 6.0580 -0.5995
v -1.6001 5.9406 -0.6247
v -1.5756 5.8182 -0.6470
v -1.6189 5.8065 -0.6612
v -1.6062 5.6766 -0.6816
v -1.5511 5.9518 -0.6304
v -1.5337 5.8284 -0.6569
v -1.5269 5.7036 -0.6830
v -1.5613 5.6909 -0.6697
v -1.5882 5.5353 -0.7007
v -1.5395 5.5526 -0.6861
v -1.4989 5.4115 -0.6690
v -1.5453 5.3963 -0.6727
v -1.5412 5.2685 -0.6214
v -1.4672 5.4187 -0.6918
v -1.5078 5.5665 -0.7035
v -1.4745 5.5807 -0.7304
v -1.3899 5.4449 -0.7602
v -1.4836 5.7167 -0.7043
v -1.4110 5.7323 -0.7304
v -1.4193 5.5980 -0.7585
v -1.3328 5.6187 -0.7827
v -1.2290 5.6406 -0.8078
v -1.3145 5.7492 -0.7589
v -1.2099 5.7657 -0.7943
v -1.3948 5.8589 -0.7060
v -1.2965 5.8750 -0.7410
v -1.4847 5.9646 -0.6466
v -1.3967 5.9807 -0.6788
v -1.4781 5.8412 -0.6763
v -1.5145 6.0836 -0.6170
v -1.5802 5.1502 -0.5822
v -0.4972 2.5342 -0.8518
v -0.6110 2.5086 -0.8648
v -0.6213 2.3466 -0.8925
v -0.5037 2.3729 -0.8838
v -0.5172 2.2282 -0.9227
v -0.8669 2.8049 -0.6939
v -0.9257 3.1750 -0.6693
v -0.9395 2.9841 -0.6538
v -1.0004 3.3448 -0.6411
v -0.9163 3.3598 -0.6907
v -1.0101 3.1614 -0.6169
v -0.9029 3.5365 -0.7101
v -0.9916 3.5172 -0.6721
v -1.0805 3.3302 -0.5731
v -1.1382 3.4875 -0.5220
v -1.3215 3.1324 -0.2410
v -1.4079 3.1419 -0.1232
v -1.3938 3.3073 -0.0093
v -1.3370 3.2987 -0.1420
v -1.4764 3.1552 0.0071
v -1.4231 3.4730 0.0893
v -1.3653 3.4659 -0.0521
v -1.4690 3.3184 0.1259
v -1.4807 2.9844 -0.1039
v -1.3982 2.9701 -0.2301
v -1.4331 2.8002 -0.1973
v -1.3492 2.7859 -0.3179
v -1.2962 2.9608 -0.3401
v -1.3693 2.6094 -0.2869
v -1.2847 2.5996 -0.3958
v -1.2632 2.7810 -0.4307
v -1.3048 2.4211 -0.3878
v -1.2135 2.4186 -0.4979
v -1.1998 2.6015 -0.5083
v -1.2526 2.2535 -0.5200
v -1.1660 2.2606 -0.6384
v -1.1252 2.4270 -0.6106
v -1.2365 2.1314 -0.6658
v -1.1321 2.1417 -0.7713
v -1.0749 2.2738 -0.7433
v -1.2042 2.0090 -0.8188
v -1.0810 2.0092 -0.9043
v -1.0177 2.1548 -0.8530
v -1.0971 1.8741 -0.9070
v -0.9487 2.0189 -0.9648
v -1.4395 1.7583 -0.5722
v -1.5213 1.7078 -0.4438
v -1.5344 1.7585 -0.4473
v -1.4295 1.7109 -0.5684
v -1.5958 1.7065 -0.3162
v -1.6140 1.7700 -0.3236
v -1.6636 1.7126 -0.1859
v -1.7312 1.7970 -0.0543
v -1.6770 1.7807 -0.1924
v -1.7242 1.7263 -0.0534
v -1.7723 1.9160 0.0853
v -1.7558 1.9018 -0.0691
v -1.7604 1.8111 0.0901
v -1.7673 2.0457 0.2345
v -1.7625 2.0465 0.0736
v -1.7904 1.9209 0.2418
v -1.7292 2.1842 0.3752
v -1.7087 2.2038 0.2233
v -1.7709 2.0365 0.3933
v -1.6127 2.3384 0.5592
v -1.6254 2.3646 0.3882
v -1.7370 2.1566 0.5395
v -1.5728 2.5235 0.3962
v -1.5746 2.5213 0.2448
v -1.6128 2.3528 0.0820
v -1.6140 2.3683 0.2297
v -1.5608 2.5100 0.0995
v -1.6764 2.1788 -0.0775
v -1.6946 2.1984 0.0698
v -1.5844 2.3271 -0.0572
v -1.6992 2.0200 -0.2280
v -1.7514 2.0338 -0.0828
v -1.6121 2.1577 -0.2121
v -1.6471 1.8608 -0.3473
v -1.7119 1.8821 -0.2133
v -1.6274 2.0022 -0.3617
v -1.5659 1.8324 -0.4737
v -1.5413 2.6827 0.4063
v -1.5466 2.6843 0.2526
v -1.4958 2.8383 0.5696
v -1.5011 2.8498 0.4026
v -1.8124 1.9215 0.4011
v -1.8385 1.8255 0.3999
v -1.8091 1.7419 0.2378
v -1.8352 1.7477 0.3964
v -1.8021 1.8201 0.2400
v -1.7869 1.6790 0.2395
v -1.7691 1.7355 0.0879
v -1.8233 1.6838 0.3922
v -1.8462 1.8274 0.5660
v -1.5880 1.6595 -0.3156
v -1.3236 1.7201 -0.6844
v -0.2198 5.9833 -0.8543
v -0.2224 6.0703 -0.8386
v -0.3382 6.0671 -0.8481
v -0.2253 6.1559 -0.8154
v -0.2294 6.2430 -0.7884
v -0.2340 6.3319 -0.7582
v -0.3580 6.4271 -0.7173
v -0.2360 6.4211 -0.7245
v -0.3571 6.3352 -0.7600
v -0.4705 6.5332 -0.6393
v -0.3531 6.5194 -0.6647
v -0.4765 6.4369 -0.7024
v -0.4602 6.6327 -0.5678
v -0.5869 6.5521 -0.6079
v -0.7084 6.4623 -0.6539
v -0.7054 6.5745 -0.5631
v -0.5927 6.4496 -0.6830
v -0.5919 6.3543 -0.7462
v -0.7051 6.3643 -0.7316
v -0.8244 6.4735 -0.6173
v -0.8288 6.5925 -0.5097
v -0.8227 6.7340 -0.3431
v -0.9510 6.5875 -0.4647
v -0.9718 6.6982 -0.3342
v -1.0149 6.7662 -0.1716
v -0.9055 6.8042 -0.1528
v -0.8175 6.8615 -0.1192
v -0.7418 6.8286 -0.2586
v -0.6459 6.7873 -0.3640
v -0.6867 6.6918 -0.4547
v -0.5724 6.6579 -0.5225
v -0.4435 6.7275 -0.4919
v -0.5458 6.7534 -0.4372
v -0.3358 6.7062 -0.5391
v -0.2289 6.6017 -0.6317
v -0.3453 6.6133 -0.6041
v -0.2231 6.6932 -0.5738
v -0.2340 6.5105 -0.6834
v -0.2166 6.7754 -0.5167
v -0.3235 6.7887 -0.4777
v -0.2106 6.7937 -0.4992
v -0.3139 6.8065 -0.4596
v -0.4215 6.8077 -0.4236
v -0.4075 6.8239 -0.4056
v -0.5124 6.8302 -0.3635
v -0.5966 6.8544 -0.2915
v -0.5724 6.8647 -0.2744
v -0.6732 6.8820 -0.1975
v -0.7376 6.8991 -0.0792
v -0.7055 6.9011 -0.0701
v -0.7798 6.8855 0.0461
v -0.8021 6.8467 0.1708
v -0.7685 6.8518 0.1709
v -0.8073 6.7866 0.2854
v -0.8832 6.7976 0.1697
v -0.8893 6.7267 0.2994
v -0.9780 6.6615 0.3094
v -0.9445 6.7920 0.0177
v -0.9731 6.7384 0.1682
v -0.8561 6.8464 0.0304
v -1.0753 6.7070 0.1647
v -1.0523 6.7603 0.0013
v -1.1681 6.6717 0.1757
v -1.2613 6.6353 0.1964
v -1.2452 6.6753 0.0212
v -1.1517 6.7174 0.0027
v -1.1184 6.7180 -0.1652
v -1.2167 6.6749 -0.1453
v -1.3409 6.6347 0.0467
v -1.3564 6.6019 0.2164
v -1.3535 6.5325 0.3794
v -1.4510 6.5716 0.2301
v -1.0869 6.6609 -0.3087
v -0.5853 6.2591 -0.7983
v -0.4705 6.2502 -0.7993
v -0.3446 6.1542 -0.8251
v -0.4614 6.1579 -0.8328
v -0.3514 6.2436 -0.7955
v -0.4766 6.3435 -0.7557
v -1.9018 5.9683 -0.5680
v -1.9290 6.0261 -0.5375
v -1.8846 6.0455 -0.5326
v -1.8602 5.9636 -0.5718
v -1.9098 5.9263 -0.5704
v -1.9498 5.9834 -0.5311
v -1.9170 5.8704 -0.5635
v -1.9615 5.9293 -0.5222
v -1.9942 6.0630 -0.4834
v -2.0533 6.0898 -0.4200
v -2.0412 6.1522 -0.4286
v -2.0052 6.0036 -0.4689
v -2.1115 6.1320 -0.3709
v -2.0913 6.1822 -0.3597
v -2.0704 6.0360 -0.4284
v -2.1592 6.1764 -0.3084
v -2.1357 6.2126 -0.2890
v -2.1318 6.0917 -0.3870
v -2.2122 6.2173 -0.2276
v -2.1768 6.2371 -0.2039
v -2.1866 6.1506 -0.3311
v -2.2720 6.2457 -0.1134
v -2.2283 6.2612 -0.1007
v -2.2521 6.1972 -0.2434
v -2.3116 6.2384 0.0211
v -2.2739 6.2664 0.0213
v -2.2955 6.2104 -0.1058
v -2.3139 6.2427 0.1418
v -2.2773 6.2690 0.1452
v -2.3171 6.2272 0.2582
v -2.2808 6.2497 0.2663
v -2.3133 6.2032 0.3667
v -2.2731 6.2195 0.3782
v -2.3077 6.1764 0.4688
v -2.2659 6.1863 0.4813
v -2.3066 6.1460 0.5735
v -2.2672 6.1523 0.5856
v -2.3001 6.0921 0.6720
v -2.2650 6.1015 0.6860
v -2.2857 6.0188 0.7741
v -2.2572 6.0329 0.7877
v -2.2653 5.9068 0.8803
v -2.2328 5.9227 0.8919
v -2.2178 5.7581 0.9752
v -2.1860 5.7735 0.9873
v -2.1486 5.5780 1.0336
v -2.1272 5.3980 1.0205
v -2.0995 5.4159 1.0487
v -2.1828 5.5523 1.0102
v -2.0753 5.2590 1.0047
v -2.1707 5.3638 1.0045
v -2.2379 5.5024 1.0003
v -2.2285 5.5177 1.0009
v -2.2882 5.6897 0.9348
v -2.2942 5.6741 0.9390
v -2.3249 5.8258 0.8391
v -2.3542 5.9399 0.7327
v -2.3669 5.9256 0.7315
v -2.3894 6.0240 0.6222
v -2.3711 6.0347 0.6259
v -2.3755 6.0915 0.5284
v -2.4040 6.1196 0.4307
v -2.3770 6.1269 0.4371
v -2.3733 6.1454 0.3470
v -2.3804 6.1748 0.2491
v -2.3772 6.1795 0.1401
v -2.4031 6.1692 0.1427
v -2.3762 6.1724 0.0309
v -2.3556 6.1287 -0.0831
v -2.3414 6.0567 -0.1971
v -2.2965 6.1122 -0.2129
v -2.3288 6.0739 -0.2018
v -2.3101 6.1595 -0.0889
v -2.2447 6.0928 -0.3515
v -2.2610 6.0367 -0.3278
v -2.2810 6.1625 -0.2352
v -2.1770 6.0251 -0.4163
v -2.1950 5.9906 -0.4187
v -2.2181 6.1274 -0.3499
v -2.1037 5.9561 -0.4544
v -2.1224 5.9213 -0.4715
v -2.1548 6.0572 -0.4041
v -2.0333 5.9025 -0.4811
v -2.0496 5.8623 -0.4943
v -2.0864 5.9925 -0.4389
v -1.9728 5.8741 -0.5201
v -1.9857 5.8221 -0.5247
v -2.0186 5.9491 -0.4717
v -1.9258 5.8090 -0.5519
v -1.9392 5.7461 -0.5439
v -1.9583 5.6865 -0.5455
v -2.0270 5.7261 -0.5488
v -2.0037 5.7737 -0.5298
v -1.9844 5.6372 -0.5563
v -2.0686 5.8223 -0.5071
v -2.0604 5.6958 -0.5409
v -2.0638 5.5670 -0.5406
v -2.1028 5.6681 -0.5156
v -2.0189 5.6047 -0.5525
v -1.9702 5.5049 -0.5419
v -2.0217 5.4611 -0.5304
v -2.0617 5.4061 -0.5227
v -2.1059 5.4935 -0.5299
v -2.0973 5.5116 -0.5282
v -2.0712 5.3885 -0.5230
v -2.1386 5.5993 -0.5222
v -2.1290 5.6182 -0.5154
v -2.1752 5.6984 -0.4931
v -2.1642 5.7126 -0.4925
v -2.2033 5.8094 -0.4532
v -2.2624 5.8900 -0.3879
v -2.2487 5.9030 -0.3918
v -2.2939 5.9895 -0.3112
v -2.1702 5.8515 -0.4656
v -2.2109 5.9473 -0.4043
v -2.1312 5.7503 -0.5071
v -2.1428 5.8883 -0.4796
v -2.0953 5.7849 -0.5180
v -2.0392 5.3074 -0.5064
v -2.0455 5.2906 -0.5063
v -2.0048 5.2097 -0.4924
v -2.0108 5.1926 -0.4920
v -1.9661 5.1145 -0.4805
v -1.9728 5.1002 -0.4786
v -1.9077 5.0225 -0.4622
v -1.9122 5.0130 -0.4591
v -1.8353 4.9312 -0.4233
v -1.8455 4.9245 -0.4168
v -1.8074 4.8372 -0.3315
v -1.8090 4.7957 -0.2433
v -1.8236 4.7359 -0.1720
v -1.8360 4.7343 -0.1737
v -1.8355 4.7231 -0.0985
v -1.8433 4.7239 -0.0981
v -1.8313 4.7279 -0.0261
v -1.8269 4.7342 0.0432
v -1.7985 4.7664 0.1141
v -1.8233 4.7377 0.1234
v -1.8065 4.7581 0.0399
v -1.8024 4.7687 0.2030
v -1.8400 4.7336 0.2241
v -1.8341 4.7343 0.1263
v -1.8370 4.7323 0.0449
v -1.7898 4.8119 0.1877
v -1.7842 4.8068 0.1075
v -1.7951 4.7935 0.0382
v -1.7840 4.8407 0.1059
v -1.7944 4.8254 0.0390
v -1.7855 4.8688 0.1068
v -1.7909 4.8834 0.0436
v -1.7665 4.8983 0.1096
v -1.7953 4.8537 0.0405
v -1.8028 4.8652 -0.0206
v -1.8024 4.8584 -0.0911
v -1.8053 4.8230 -0.0970
v -1.8047 4.8343 -0.0248
v -1.8026 4.8068 -0.0262
v -1.8048 4.7939 -0.0985
v -1.7851 4.8003 -0.1825
v -1.7819 4.8314 -0.1834
v -1.7830 4.8663 -0.1760
v -1.7701 4.8951 -0.1700
v -1.7872 4.8974 -0.0851
v -1.7093 4.8565 -0.2841
v -1.7146 4.8893 -0.2776
v -1.6590 4.9407 -0.4023
v -1.6379 4.9472 -0.4058
v -1.6706 5.0382 -0.5043
v -1.6340 5.0410 -0.5167
v -1.6668 4.9140 -0.3997
v -1.7003 5.0192 -0.4908
v -1.7129 5.1406 -0.5293
v -1.6432 5.1536 -0.5547
v -1.6151 5.2621 -0.5850
v -1.7488 5.3999 -0.5913
v -1.6141 5.3860 -0.6200
v -1.7051 5.2577 -0.5650
v -1.7848 5.2325 -0.5463
v -1.8264 5.3419 -0.5580
v -1.8398 5.5031 -0.5837
v -1.8277 5.5987 -0.5899
v -1.7454 5.5437 -0.6196
v -1.8785 5.4426 -0.5677
v -1.9029 5.3025 -0.5269
v -1.9408 5.4013 -0.5379
v -1.9326 5.5417 -0.5613
v -1.9061 5.5949 -0.5613
v -1.8905 5.6681 -0.5631
v -1.8766 5.7491 -0.5757
v -1.8182 5.7009 -0.5985
v -1.7330 5.7878 -0.6233
v -1.7356 5.6733 -0.6123
v -1.8083 5.7955 -0.6069
v -1.6588 5.6659 -0.6675
v -1.6674 5.7951 -0.6631
v -1.6410 5.5258 -0.6747
v -1.6412 5.9263 -0.6368
v -1.6810 5.9086 -0.6414
v -1.7294 5.8862 -0.6149
v -1.7103 6.0194 -0.6053
v -1.7732 6.0937 -0.5231
v -1.7467 6.1324 -0.5570
v -1.7422 5.9843 -0.5755
v -1.8313 6.2243 -0.4672
v -1.8198 6.0562 -0.5087
v -1.9301 6.1467 -0.4834
v -1.8722 6.1707 -0.4523
v -1.7968 5.9617 -0.5624
v -1.7965 5.8791 -0.5958
v -1.8668 5.8258 -0.5885
v -1.8598 5.8955 -0.5897
v -1.9246 6.2685 -0.3977
v -1.9805 6.2448 -0.4254
v -1.9729 6.1136 -0.4941
v -2.0206 6.2078 -0.4360
v -2.0512 6.3005 -0.3648
v -2.0964 6.3233 -0.2815
v -2.0707 6.3753 -0.2752
v -2.0763 6.2453 -0.3643
v -2.1252 6.3151 -0.1778
v -2.1032 6.3738 -0.1737
v -2.1130 6.2616 -0.2798
v -2.1593 6.3061 -0.0671
v -2.1327 6.3506 -0.0573
v -2.1492 6.2685 -0.1863
v -2.1939 6.2963 0.0453
v -2.1637 6.3207 0.0596
v -2.1895 6.2765 -0.0816
v -2.2337 6.2810 0.1552
v -2.1960 6.2919 0.1704
v -2.2300 6.2818 0.0311
v -2.2318 6.2572 0.2774
v -2.1902 6.2651 0.2911
v -2.2207 6.2209 0.3901
v -2.1774 6.2247 0.4036
v -2.2135 6.1826 0.4947
v -2.1728 6.1819 0.5118
v -2.2148 6.1396 0.5968
v -2.1711 6.1321 0.6162
v -2.2179 6.0902 0.6961
v -2.1581 6.0041 0.7936
v -2.1689 6.0761 0.7118
v -2.2212 6.0259 0.7947
v -2.1226 6.0821 0.7364
v -2.0940 6.0031 0.8165
v -2.0989 6.1767 0.6667
v -2.1335 6.1435 0.6417
v -2.0783 6.1099 0.7663
v -2.0765 6.2641 0.5692
v -2.1087 6.2244 0.5520
v -2.0590 6.2110 0.6849
v -2.0552 6.3373 0.4653
v -2.0894 6.3068 0.4534
v -2.0382 6.2879 0.5804
v -2.0276 6.3950 0.3505
v -2.0681 6.3804 0.3456
v -2.0129 6.3461 0.4717
v -1.9845 6.4149 0.2243
v -2.0317 6.4167 0.2241
v -1.9782 6.3860 0.3493
v -1.9457 6.4575 0.1071
v -1.9866 6.4308 0.1110
v -1.9414 6.4358 0.2162
v -1.9093 6.4916 -0.0053
v -1.9477 6.4560 0.0008
v -1.9064 6.4942 0.1002
v -1.8533 6.5216 -0.1442
v -1.9012 6.4822 -0.1261
v -1.8844 6.4507 -0.2412
v -1.8667 6.4017 -0.3361
v -1.8811 6.3108 -0.4030
v -1.9064 6.3665 -0.3207
v -1.8446 6.3513 -0.4253
v -1.9521 6.3422 -0.3229
v -1.8017 6.2642 -0.4989
v -1.8009 6.3703 -0.4406
v -1.9242 6.4148 -0.2272
v -1.9688 6.3948 -0.2282
v -2.0090 6.3332 -0.3509
v -2.0272 6.4008 -0.2572
v -1.9799 6.4210 -0.1152
v -2.0333 6.4360 -0.1435
v -1.9401 6.4439 -0.1148
v -1.9862 6.4297 0.0014
v -2.0426 6.4530 -0.0215
v -2.0359 6.4366 0.1029
v -2.0796 6.4330 0.0907
v -2.0747 6.4206 -0.1629
v -2.0843 6.4468 -0.0402
v -2.1119 6.4069 -0.0511
v -2.1121 6.4032 0.0804
v -2.0722 6.4048 0.2193
v -2.1062 6.3741 0.2116
v -2.1009 6.3459 0.3358
v -2.1285 6.3070 0.3223
v -2.1368 6.3580 0.0713
v -2.1354 6.3380 0.2006
v -2.1643 6.3097 0.1865
v -2.1566 6.2791 0.3065
v -2.1169 6.2670 0.4376
v -2.1441 6.2376 0.4198
v -2.1386 6.1928 0.5315
v -1.9645 6.3327 0.4742
v -1.9282 6.3473 0.4834
v -1.9030 6.4350 0.3519
v -1.9364 6.3994 0.3482
v -1.9003 6.3818 0.4975
v -1.9069 6.4738 0.2097
v -1.8841 6.3138 0.6181
v -1.9119 6.2838 0.5975
v -1.8651 6.2322 0.7309
v -1.8657 6.1240 0.8109
v -1.8461 6.1387 0.8374
v -1.8880 6.2101 0.7068
v -1.8698 6.0172 0.8931
v -1.8376 6.0170 0.9098
v -1.8968 6.1158 0.7925
v -1.8848 5.9187 0.9884
v -1.8465 5.9027 0.9872
v -1.9162 6.0356 0.8926
v -1.8841 5.7962 1.0429
v -1.8499 5.7876 1.0498
v -1.9269 5.9361 0.9874
v -1.8808 5.6596 1.0589
v -1.8452 5.6642 1.0592
v -1.9257 5.7961 1.0393
v -1.8680 5.5206 1.0861
v -1.8354 5.5400 1.0753
v -1.9244 5.6481 1.0598
v -1.8559 5.3979 1.0742
v -1.8223 5.4110 1.0927
v -1.9057 5.5074 1.0687
v -1.8622 5.2588 1.0366
v -1.8169 5.2799 1.0650
v -1.9011 5.3719 1.0579
v -1.8760 5.1053 0.9659
v -1.8305 5.1397 1.0023
v -1.9161 5.2237 1.0161
v -1.8803 4.9727 0.8765
v -1.8441 4.9996 0.9051
v -1.9177 5.0744 0.9399
v -1.8836 4.8873 0.8175
v -1.8499 4.9056 0.8149
v -1.9138 4.9495 0.8768
v -1.8665 4.8462 0.7531
v -1.8352 4.8598 0.7483
v -1.8609 4.8215 0.6781
v -1.8325 4.8335 0.6709
v -1.8433 4.8038 0.5943
v -1.8206 4.8192 0.5838
v -1.8286 4.7940 0.4999
v -1.8115 4.8176 0.4845
v -1.8121 4.7983 0.3886
v -1.8056 4.8286 0.3792
v -1.8028 4.8045 0.2816
v -1.7920 4.8462 0.1813
v -1.8018 4.8401 0.2725
v -1.7945 4.8760 0.1803
v -1.8010 4.8724 0.2703
v -1.8015 4.8628 0.3732
v -1.7852 4.9077 0.2703
v -1.7870 4.9053 0.3660
v -1.8007 4.8597 0.4763
v -1.8010 4.8571 0.5778
v -1.8036 4.8636 0.6719
v -1.8023 4.8830 0.7615
v -1.7812 4.9630 0.8591
v -1.8132 4.9295 0.8374
v -1.7732 4.9289 0.7645
v -1.7716 5.0617 0.9609
v -1.8052 5.0315 0.9410
v -1.7586 5.0001 0.8668
v -1.7591 5.1799 1.0376
v -1.7890 5.1602 1.0292
v -1.7485 5.0856 0.9646
v -1.7645 5.3272 1.0673
v -1.7866 5.2997 1.0788
v -1.7400 5.2031 1.0297
v -1.7754 5.4475 1.0731
v -1.7963 5.4345 1.0809
v -1.7454 5.3441 1.0572
v -1.7909 5.5446 1.0865
v -1.8101 5.5499 1.0712
v -1.7566 5.4423 1.0833
v -1.7982 5.6482 1.0872
v -1.8191 5.6582 1.0727
v -1.7753 5.5305 1.1079
v -1.7936 5.7708 1.0523
v -1.8210 5.7785 1.0545
v -1.7748 5.6391 1.0910
v -1.7920 5.8930 1.0164
v -1.8140 5.8948 0.9923
v -1.7707 5.7615 1.0655
v -1.7888 6.0215 0.9581
v -1.8182 6.0241 0.9372
v -1.8321 6.2397 0.7516
v -1.7268 5.6122 1.1349
v -1.7539 5.6276 1.1036
v -1.7353 5.5060 1.1332
v -1.7283 5.4060 1.1211
v -1.7162 5.3892 1.1420
v -1.7549 5.5177 1.1195
v -1.7101 5.3276 1.0755
v -1.7050 5.3060 1.1016
v -1.7416 5.4254 1.1030
v -1.7003 5.2190 1.0244
v -1.6888 5.2058 1.0480
v -1.7249 5.3448 1.0589
v -1.7161 5.1002 0.9707
v -1.7007 5.0938 0.9872
v -1.7224 5.2192 1.0215
v -1.7270 5.0270 0.8799
v -1.7147 5.0217 0.8977
v -1.7327 5.0997 0.9634
v -1.7428 5.0256 0.8680
v -1.7313 4.9960 0.7718
v -1.7150 4.9882 0.7937
v -1.7093 4.9580 0.7008
v -1.7511 4.9752 0.7637
v -1.7225 4.9958 0.6777
v -1.6943 5.0799 1.0161
v -1.6984 5.2825 1.1320
v -1.6951 5.3593 1.1677
v -1.7124 5.4876 1.1642
v -1.7541 4.9670 0.6647
v -1.7816 4.9170 0.6662
v -1.7820 4.9136 0.5697
v -1.7528 4.9613 0.5695
v -1.7848 4.9148 0.4686
v -1.7671 4.9421 0.1858
v -1.7826 4.9079 0.1822
v -1.8260 4.7645 0.4145
v -1.8179 4.7601 0.3055
v -1.8608 4.7442 0.4382
v -1.8660 4.7393 0.4453
v -1.8862 4.7520 0.5561
v -1.9174 4.7782 0.6454
v -1.9232 4.7719 0.6536
v -1.9436 4.8108 0.7155
v -1.9584 4.8399 0.7817
v -1.9626 4.8319 0.7913
v -1.9748 4.8765 0.8356
v -1.9795 4.8687 0.8470
v -1.9972 4.9238 0.8776
v -1.9968 5.0206 0.9319
v -2.0262 4.9953 0.9155
v -1.9544 4.9297 0.8879
v -1.9951 5.1635 0.9900
v -2.0288 5.1358 0.9679
v -1.9570 5.0471 0.9366
v -2.0048 5.3034 1.0571
v -2.0386 5.2805 1.0333
v -1.9653 5.1942 0.9995
v -2.0083 5.4507 1.0734
v -2.0598 5.4283 1.0727
v -1.9523 5.3316 1.0613
v -2.0290 5.6291 1.0356
v -2.0835 5.6127 1.0497
v -1.9563 5.4803 1.0636
v -2.0222 5.7807 0.9979
v -2.0821 5.7778 0.9735
v -1.9711 5.6397 1.0401
v -2.0205 5.9198 0.9514
v -2.0652 5.8988 0.9070
v -1.9728 5.7874 1.0293
v -2.0071 6.0516 0.8818
v -2.0493 6.0303 0.8550
v -1.9716 5.9381 0.9777
v -1.9902 6.1371 0.7948
v -2.0347 6.1315 0.7866
v -1.9650 6.0545 0.8939
v -1.9648 6.2139 0.6917
v -2.0145 6.2255 0.6939
v -1.9422 6.1248 0.7911
v -1.9453 6.2699 0.5847
v -1.9924 6.2880 0.5839
v -1.9194 6.1966 0.6907
v -2.1254 5.9032 0.8826
v -2.1901 5.9201 0.8914
v -2.1424 5.7801 0.9846
v -2.1249 5.5964 1.0504
v -1.8723 4.7859 0.6237
v -1.8484 4.7665 0.5324
v -1.8961 4.8097 0.7023
v -1.9070 4.8346 0.7750
v -1.9243 4.8725 0.8370
v -2.0005 4.9127 0.8858
v -2.0708 5.1074 0.9520
v -2.1239 5.2300 0.9896
v -1.8484 4.7308 0.3263
v -1.8300 4.7376 0.2199
v -2.2500 5.7279 0.9466
v -2.2857 5.8611 0.8544
v -2.3122 5.9747 0.7510
v -2.3224 6.0592 0.6491
v -2.3303 6.1135 0.5527
v -2.3287 6.1411 0.4503
v -2.3212 6.1566 0.3539
v -2.3278 6.1831 0.2529
v -2.3323 6.1989 0.1414
v -2.3285 6.1931 0.0284
v -2.0022 5.3552 -0.5219
v -1.9665 5.2591 -0.5084
v -1.8572 5.2015 -0.5230
v -1.9208 5.1591 -0.5022
v -1.8742 5.0500 -0.4927
v -1.7720 5.1146 -0.5228
v -1.8260 5.0819 -0.5155
v -1.7326 4.9576 -0.4818
v -1.7135 4.9889 -0.4835
v -1.6797 4.8841 -0.3873
v -1.6993 4.8529 -0.3758
v -1.7192 4.8277 -0.2797
v -1.7877 4.7719 -0.1791
v -1.7394 4.7985 -0.2712
v -1.7745 4.7776 -0.2561
v -1.8133 4.7390 -0.0967
v -1.8014 4.7465 -0.1748
v -1.8039 4.7667 -0.0972
v -1.8111 4.7475 -0.0258
v -1.8013 4.7781 -0.0258
v -1.7491 4.8383 -0.3526
v -1.7851 4.9468 -0.4532
v -1.7752 4.9079 0.1822
v -1.7597 4.9421 0.1858
v -0.8157 5.9131 0.9762
v -0.8205 5.7436 1.0530
v -0.7147 5.7243 1.0651
v -0.7013 5.8576 1.0072
v -0.8746 6.0627 0.8838
v -0.9709 6.0038 0.9177
v -0.9371 5.8648 0.9938
v -0.9265 5.7336 1.0525
v -0.9221 5.6105 1.1120
v -1.0267 5.7260 1.0555
v -1.1231 5.6107 1.1144
v -1.0221 5.6106 1.1126
v -1.1262 5.7245 1.0576
v -1.2332 5.4947 1.1750
v -1.1265 5.4969 1.1766
v -1.2311 5.6105 1.1159
v -1.3433 5.3695 1.2248
v -1.2364 5.3762 1.2308
v -1.3420 5.4897 1.1734
v -1.4507 5.2487 1.2534
v -1.3494 5.2561 1.2679
v -1.4463 5.3609 1.2230
v -1.5625 5.1474 1.2424
v -1.4627 5.1497 1.2785
v -1.5558 5.2429 1.2344
v -1.6150 5.0621 1.2011
v -1.5485 5.0593 1.2519
v -1.6334 5.1549 1.1990
v -1.6315 4.9768 1.1397
v -1.5890 4.9788 1.1985
v -1.6545 5.0628 1.1524
v -1.6608 4.9034 1.0530
v -1.6168 4.9050 1.1226
v -1.6688 4.9750 1.0862
v -1.7039 4.8468 0.9130
v -1.6581 4.8428 1.0008
v -1.7013 4.9008 0.9819
v -1.7238 4.8057 0.8213
v -1.6694 4.7925 0.9239
v -1.7497 4.7682 0.7001
v -1.6999 4.7510 0.8134
v -1.7550 4.7416 0.5583
v -1.7349 4.7806 0.3614
v -1.7470 4.7411 0.4025
v -1.7346 4.7801 0.4870
v -1.7326 4.8102 0.4487
v -1.7314 4.8124 0.3383
v -1.7307 4.8207 0.2275
v -1.7328 4.7823 0.2412
v -1.7212 4.8152 0.1332
v -1.7282 4.7383 0.0672
v -1.7198 4.7732 0.1416
v -1.7258 4.7880 0.0571
v -1.7286 4.6906 0.0737
v -1.7279 4.7217 0.1603
v -1.7278 4.6404 0.0838
v -1.7177 4.5669 -0.0145
v -1.7215 4.5882 0.0984
v -1.7265 4.6191 -0.0158
v -1.7081 4.5339 0.1175
v -1.7141 4.5569 0.2473
v -1.7454 4.6325 0.3530
v -1.7326 4.6126 0.2172
v -1.7181 4.5779 0.3910
v -1.7608 4.6837 0.3095
v -1.7245 4.6518 0.5341
v -1.7520 4.6946 0.4681
v -1.6676 4.6768 0.7984
v -1.7302 4.7153 0.6597
v -1.7559 4.7314 0.2718
v -1.7359 4.6671 0.1875
v -1.6319 4.7272 0.9431
v -1.6107 4.7809 1.0326
v -1.5691 4.7026 1.0927
v -1.5607 4.7647 1.1454
v -1.5651 4.8320 1.1794
v -1.6070 4.8407 1.0896
v -1.5128 4.7417 1.2444
v -1.5025 4.6725 1.2104
v -1.5219 4.8165 1.2618
v -1.5271 4.8959 1.2659
v -1.5762 4.9035 1.1956
v -1.4619 4.8016 1.3270
v -1.4624 4.8842 1.3251
v -1.4572 4.9709 1.3131
v -1.5319 4.9768 1.2597
v -1.3827 4.8752 1.3733
v -1.3731 4.9657 1.3560
v -1.3664 5.0585 1.3325
v -1.4598 5.0583 1.2968
v -1.2794 4.9635 1.3924
v -1.2662 5.0601 1.3616
v -1.2519 5.1589 1.3244
v -1.3578 5.1541 1.3052
v -1.1616 5.0666 1.3895
v -1.1452 5.1667 1.3439
v -1.1371 5.2712 1.2909
v -1.2418 5.2638 1.2802
v -1.0415 5.1742 1.3621
v -1.0342 5.2768 1.3015
v -1.0280 5.3837 1.2398
v -1.1319 5.3817 1.2364
v -0.9324 5.2793 1.3088
v -0.9260 5.3838 1.2413
v -0.9211 5.4938 1.1770
v -0.8219 5.4900 1.1784
v -0.8210 5.6090 1.1110
v -1.0223 5.4960 1.1770
v -0.7231 5.4823 1.1812
v -0.7195 5.5973 1.1164
v -0.6250 5.4694 1.1847
v -0.6195 5.5806 1.1229
v -0.6145 5.7006 1.0716
v -0.5240 5.5641 1.1298
v -0.5167 5.6804 1.0775
v -0.5047 5.8051 1.0295
v -0.6041 5.8253 1.0205
v -0.4722 5.9477 0.9898
v -0.5596 5.9767 0.9676
v -0.6423 6.0170 0.9376
v -0.4939 6.1309 0.9043
v -0.5619 6.1699 0.8635
v -0.6274 6.2207 0.8067
v -0.7143 6.0754 0.8890
v -0.6953 6.2858 0.7298
v -0.7756 6.1570 0.8096
v -0.7582 6.3654 0.6425
v -0.8405 6.2507 0.7097
v -0.9311 6.1762 0.7681
v -1.0860 6.2582 0.6786
v -1.0240 6.1297 0.8052
v -0.9885 6.2927 0.6552
v -1.0226 6.4065 0.5670
v -1.1218 6.3749 0.5892
v -1.2176 6.3595 0.6095
v -1.1754 6.2364 0.7024
v -1.3119 6.3444 0.6330
v -1.3671 6.2099 0.7466
v -1.2656 6.2220 0.7277
v -1.4076 6.3217 0.6532
v -1.4370 6.0833 0.8442
v -1.3168 6.0928 0.8341
v -1.4767 6.1886 0.7573
v -1.5259 5.9634 0.9368
v -1.3964 5.9666 0.9307
v -1.5676 6.0756 0.8467
v -1.6133 5.8500 1.0222
v -1.4945 5.8424 1.0143
v -1.6502 5.9787 0.9407
v -1.6732 5.7342 1.0954
v -1.5829 5.7238 1.0872
v -1.6977 5.8686 1.0337
v -1.6586 5.6042 1.1499
v -1.7411 5.7475 1.0914
v -1.6500 5.4774 1.1873
v -1.5539 5.4782 1.1907
v -1.4581 5.6027 1.1291
v -1.5639 5.6016 1.1444
v -1.4481 5.4835 1.1801
v -1.3542 5.7228 1.0618
v -1.4735 5.7206 1.0746
v -1.3462 5.6071 1.1176
v -1.2495 5.8436 0.9966
v -1.3698 5.8441 1.0026
v -1.2339 5.7256 1.0589
v -1.1655 5.9674 0.9231
v -1.2739 5.9678 0.9237
v -1.1403 5.8412 0.9979
v -1.1117 6.1039 0.8213
v -1.2068 6.0946 0.8281
v -1.0663 5.9752 0.9246
v -1.0384 5.8445 0.9991
v -1.5525 5.3558 1.2185
v -1.6397 5.3578 1.1968
v -1.6411 5.2515 1.2047
v -1.6835 5.2638 1.1679
v -1.6720 5.1639 1.1574
v -1.6865 5.1730 1.1201
v -1.6781 5.0612 1.1087
v -1.6905 5.0648 1.0628
v -1.6875 5.1891 1.0796
v -1.7004 4.9737 1.0314
v -1.7052 4.9851 0.9611
v -1.7109 4.9154 0.8974
v -1.7122 4.9403 0.8378
v -1.7119 5.0055 0.9187
v -1.7114 4.9691 0.8109
v -1.7178 4.8927 0.7550
v -1.7260 4.8603 0.8277
v -1.7491 4.8177 0.7300
v -1.7338 4.8007 0.6057
v -1.7297 4.8543 0.6591
v -1.7324 4.8283 0.5562
v -1.7225 4.8647 0.5231
v -1.7239 4.8871 0.6255
v -1.7241 4.8490 0.4195
v -1.7324 4.8509 0.3165
v -1.7381 4.8577 0.2134
v -1.7294 4.8502 0.1259
v -1.7325 4.8274 0.0513
v -1.7423 4.8632 0.0495
v -1.7371 4.8854 0.1195
v -1.7446 4.9212 0.1153
v -1.7526 4.8980 0.0492
v -1.7659 4.8722 -0.0153
v -1.7769 4.9122 0.0483
v -1.7702 4.9298 0.1129
v -1.7753 4.9421 0.1858
v -1.7481 4.9348 0.1915
v -1.7419 4.9371 0.2809
v -1.7700 4.9491 0.2721
v -1.7273 4.9418 0.3743
v -1.7578 4.9559 0.3652
v -1.7506 4.9671 0.4752
v -1.7384 4.8935 0.2962
v -1.7222 4.8968 0.3935
v -1.7182 4.9539 0.4714
v -1.7141 4.9086 0.4960
v -1.7128 4.9806 0.5753
v -1.7117 4.9259 0.5990
v -1.7171 4.9207 0.7207
v -1.7443 4.8953 0.2004
v -1.7539 4.8367 -0.0172
v -1.7373 4.7132 -0.0087
v -1.6944 4.5984 0.5700
v -1.6507 4.6081 0.7925
v -1.5857 4.5761 0.9953
v -1.5829 4.6423 1.0283
v -1.4875 4.5428 1.1330
v -1.4948 4.6071 1.1678
v -1.3884 4.5852 1.2536
v -1.3241 4.6414 1.3482
v -1.4134 4.6540 1.2857
v -1.3105 4.5630 1.3339
v -1.2679 4.7083 1.4257
v -1.3528 4.7155 1.3655
v -1.2571 4.6285 1.4235
v -1.1902 4.7897 1.4687
v -1.2839 4.7860 1.4237
v -1.1869 4.7075 1.4806
v -1.0888 4.8867 1.4843
v -1.1894 4.8753 1.4519
v -1.0929 4.7999 1.5050
v -0.9699 4.9894 1.4725
v -1.0754 4.9799 1.4544
v -0.9831 4.8982 1.5054
v -0.8477 5.0817 1.4365
v -0.9517 5.0809 1.4309
v -0.8635 4.9932 1.4783
v -0.7368 5.1745 1.3764
v -0.8377 5.1774 1.3801
v -0.7442 5.0799 1.4331
v -0.6328 5.2657 1.3115
v -0.7334 5.2751 1.3108
v -0.6351 5.1683 1.3720
v -0.5305 5.3530 1.2525
v -0.6294 5.3653 1.2495
v -0.5317 5.2546 1.3127
v -0.4292 5.4459 1.1958
v -0.5284 5.4559 1.1885
v -0.4295 5.3451 1.2555
v -0.3242 5.5475 1.1514
v -0.4260 5.5530 1.1415
v -0.3257 5.4412 1.2033
v -0.4191 5.6671 1.0885
v -0.3185 5.6604 1.1023
v -0.3069 5.7820 1.0599
v -0.4066 5.7906 1.0428
v -0.3810 5.9265 1.0067
v -0.1907 5.9094 1.0394
v -0.2865 5.9135 1.0256
v -0.2057 5.7794 1.0736
v -0.2584 6.0570 0.9758
v -0.1726 6.0495 0.9862
v -0.3413 6.0753 0.9562
v -0.4202 6.1011 0.9346
v -0.3697 6.2479 0.8648
v -0.4090 6.3343 0.8144
v -0.4333 6.2782 0.8319
v -0.4664 6.3678 0.7729
v -0.4935 6.3146 0.7892
v -0.5242 6.4094 0.7213
v -0.5540 6.3608 0.7360
v -0.5862 6.4587 0.6573
v -0.6180 6.4159 0.6709
v -0.6453 6.5188 0.5840
v -0.6783 6.4828 0.5948
v -0.7297 6.5610 0.5188
v -0.7352 6.6650 0.4497
v -0.7711 6.6448 0.4544
v -0.7604 6.7347 0.3757
v -0.7962 6.7205 0.3807
v -0.7726 6.7967 0.2815
v -0.8794 6.6499 0.3992
v -0.8489 6.5562 0.4799
v -0.8092 6.4575 0.5559
v -0.8950 6.3564 0.6109
v -0.9288 6.4647 0.5204
v -0.9601 6.5705 0.4226
v -1.0470 6.5179 0.4556
v -1.1435 6.4874 0.4801
v -1.2432 6.4691 0.5015
v -1.3386 6.4521 0.5223
v -1.4306 6.4241 0.5393
v -1.4469 6.5047 0.3939
v -1.5394 6.4797 0.3959
v -1.5234 6.3889 0.5412
v -1.5061 6.2895 0.6604
v -1.6145 6.2750 0.6616
v -1.6346 6.4636 0.3895
v -1.6275 6.3738 0.5367
v -1.7223 6.4505 0.3732
v -1.7953 6.3816 0.5186
v -1.7210 6.3741 0.5248
v -1.7951 6.4493 0.3662
v -1.8429 6.3206 0.6415
v -1.7865 6.3042 0.6473
v -1.8580 6.3942 0.5161
v -1.7756 6.2235 0.7606
v -1.7006 6.1956 0.7589
v -1.7140 6.2858 0.6539
v -1.5954 6.1773 0.7575
v -1.6825 6.0980 0.8497
v -1.7602 6.1260 0.8578
v -1.7309 6.0046 0.9541
v -1.8159 6.1412 0.8555
v -1.7604 5.8843 1.0384
v -1.2567 6.5599 0.3605
v -1.1598 6.5886 0.3423
v -1.0707 6.6218 0.3224
v -1.4438 4.7248 1.3146
v -1.3779 4.7917 1.3765
v -1.2888 4.8704 1.4139
v -1.1794 4.9689 1.4264
v -1.0553 5.0752 1.4141
v -0.9395 5.1781 1.3758
v -0.8325 5.2784 1.3114
v -0.8268 5.3816 1.2433
v -0.7289 5.3767 1.2464
v -0.6405 5.0755 1.4255
v -0.5338 5.0692 1.4171
v -0.6475 4.9879 1.4701
v -0.7643 4.9059 1.5125
v -0.6527 4.9031 1.5099
v -0.7562 4.9923 1.4762
v -0.8762 4.8174 1.5352
v -0.7643 4.8174 1.5391
v -0.8747 4.9051 1.5123
v -0.9798 4.7245 1.5349
v -0.8678 4.7291 1.5455
v -0.9866 4.8112 1.5262
v -1.0753 4.6270 1.5127
v -0.9644 4.6334 1.5309
v -1.0895 4.7147 1.5166
v -1.1594 4.5354 1.4628
v -1.0525 4.5356 1.4924
v -1.1784 4.6227 1.4805
v -1.2348 4.4573 1.3917
v -1.1357 4.4469 1.4333
v -1.2479 4.5432 1.4124
v -1.3067 4.4034 1.3008
v -1.2208 4.3751 1.3616
v -1.3077 4.4815 1.3207
v -1.3077 4.3279 1.2733
v -1.3761 4.4450 1.2041
v -1.4802 4.4803 1.1029
v -1.3772 4.5152 1.2270
v -1.5860 4.5125 0.9740
v -1.5809 4.4503 0.9543
v -1.4698 4.3547 1.0438
v -1.4737 4.4184 1.0735
v -1.5680 4.3882 0.9319
v -1.4141 4.2287 1.1231
v -1.3937 4.3038 1.1538
v -1.4730 4.2869 1.0136
v -1.3359 4.1688 1.2046
v -1.4394 4.1475 1.0833
v -1.3603 4.0796 1.1625
v -1.4679 4.0572 1.0293
v -1.5237 4.0519 0.8446
v -1.5020 3.9563 0.9556
v -1.4994 4.1371 0.9235
v -1.5491 3.9625 0.7388
v -1.5676 3.7492 0.7284
v -1.5379 3.8499 0.8570
v -1.5661 3.8833 0.6080
v -1.4993 3.6258 0.8613
v -1.4646 3.7487 0.9691
v -1.3648 3.5297 1.0018
v -1.2726 3.3057 1.0985
v -1.2347 3.4447 1.1390
v -1.3889 3.3897 0.9339
v -1.1377 3.2424 1.2332
v -1.3006 3.1645 1.0719
v -1.4112 3.0819 0.8979
v -1.3137 3.0232 1.0639
v -1.4000 3.2335 0.9040
v -1.4189 2.9271 0.9026
v -1.4596 3.1324 0.7155
v -1.4725 2.9732 0.7296
v -1.4804 3.0019 0.5540
v -1.4747 2.8069 0.7395
v -1.4262 2.5832 0.9050
v -1.4024 2.7594 0.9097
v -1.4929 2.6345 0.7379
v -1.2872 2.7080 1.0588
v -1.3107 2.5293 1.0435
v -1.1651 2.8219 1.1937
v -1.3107 2.8753 1.0656
v -1.1623 2.6628 1.1859
v -1.0072 2.9158 1.2997
v -1.1714 2.9682 1.2017
v -1.0085 2.7715 1.2810
v -0.8585 3.0109 1.3771
v -1.0025 3.0530 1.3152
v -0.8457 2.8548 1.3633
v -0.9895 3.1864 1.3290
v -0.8521 3.1412 1.3893
v -0.8489 3.2733 1.3994
v -0.9716 3.3204 1.3451
v -1.1059 3.3778 1.2579
v -0.9588 3.4552 1.3595
v -1.0837 3.5141 1.2806
v -1.0651 3.6506 1.3026
v -0.8396 3.5398 1.4178
v -0.9492 3.5905 1.3713
v -0.8446 3.4061 1.4097
v -0.7316 3.6389 1.4515
v -0.8342 3.6749 1.4206
v -0.7348 3.5049 1.4520
v -0.6342 3.7637 1.4714
v -0.7318 3.7794 1.4528
v -0.6328 3.6228 1.4749
v -0.7348 3.9245 1.4707
v -0.6395 3.9080 1.4887
v -0.6363 4.0409 1.5020
v -0.7298 4.0571 1.4822
v -0.8229 4.0823 1.4544
v -0.9283 3.9941 1.4069
v -0.8311 3.9550 1.4449
v -0.9173 4.1128 1.4198
v -0.9380 3.8636 1.3986
v -1.0504 3.7859 1.3257
v -0.9432 3.7267 1.3855
v -1.0376 3.9154 1.3417
v -1.1524 3.8465 1.2437
v -1.2438 4.0219 1.2114
v -1.2664 3.9122 1.1709
v -1.1348 3.9669 1.2712
v -1.1203 4.0766 1.2990
v -1.2275 4.1196 1.2514
v -1.3882 3.9804 1.1122
v -1.4243 3.8688 1.0509
v -1.4829 4.2149 0.9769
v -1.5372 4.2624 0.8754
v -1.5724 4.2341 0.7688
v -1.5327 4.2000 0.8302
v -1.5977 4.2813 0.7794
v -1.6402 4.2684 0.6680
v -1.5937 4.2038 0.6923
v -1.5469 4.1374 0.7511
v -1.5688 4.0700 0.6430
v -1.5888 4.0086 0.5145
v -1.6396 4.1129 0.4467
v -1.6189 4.1588 0.5788
v -1.6669 4.2397 0.5378
v -1.6795 4.2066 0.3979
v -1.6683 4.1759 0.2532
v -1.6421 4.0737 0.3023
v -1.5931 3.9600 0.3691
v -1.5672 3.8230 0.4535
v -1.6668 4.2675 0.2167
v -1.6365 4.2446 0.0703
v -1.6756 4.3720 0.3322
v -1.6620 4.3478 0.1876
v -1.6830 4.2937 0.3618
v -1.6790 4.4637 0.4538
v -1.6754 4.4408 0.3046
v -1.6801 4.3954 0.4808
v -1.6925 4.5232 0.4242
v -1.6679 4.4806 0.6187
v -1.6740 4.5425 0.5965
v -1.6453 4.4753 0.7967
v -1.6459 4.5416 0.7940
v -1.6405 4.4086 0.7951
v -1.6242 4.3425 0.7889
v -1.5515 4.3255 0.9063
v -1.6713 4.4115 0.6371
v -1.6673 4.3392 0.6521
v -1.6837 4.3197 0.5070
v -1.6896 4.5010 0.2765
v -1.6851 4.4779 0.1394
v -1.6669 4.4172 0.1625
v -1.6571 4.3953 0.0217
v -1.6809 4.4566 0.0039
v -1.3816 4.3750 1.1806
v -1.3175 4.2508 1.2411
v -1.2162 4.2091 1.2905
v -1.1080 4.2689 1.3627
v -1.2131 4.2937 1.3265
v -1.1101 4.1755 1.3309
v -1.0138 4.3449 1.4302
v -1.1161 4.3589 1.3966
v -1.0091 4.2457 1.4040
v -0.9277 4.4332 1.4876
v -1.0302 4.4408 1.4628
v -0.9167 4.3296 1.4616
v -0.8382 4.5297 1.5275
v -0.9447 4.5345 1.5137
v -0.8271 4.4236 1.5048
v -0.7443 4.6266 1.5453
v -0.8533 4.6330 1.5429
v -0.7341 4.5223 1.5312
v -0.6459 4.7195 1.5471
v -0.7563 4.7258 1.5510
v -0.6376 4.6203 1.5403
v -0.5394 4.8088 1.5283
v -0.6522 4.8135 1.5376
v -0.5364 4.7157 1.5368
v -0.4240 4.8902 1.4869
v -0.5396 4.8957 1.5014
v -0.4268 4.8041 1.5118
v -0.3065 4.9725 1.4292
v -0.4223 4.9752 1.4490
v -0.3095 4.8881 1.4640
v -0.1950 5.0584 1.3662
v -0.3062 5.0596 1.3886
v -0.1966 4.9729 1.3997
v -0.1964 5.1490 1.3343
v -0.0927 5.0675 1.3419
v -0.0002 5.1607 1.2918
v -0.0918 5.1621 1.3124
v -0.0006 5.0661 1.3214
v 0.0000 5.2563 1.2585
v -0.0947 5.2583 1.2807
v 0.0005 5.3523 1.2219
v -0.1012 5.3563 1.2407
v 0.0008 5.4472 1.1784
v -0.1072 5.4531 1.1927
v 0.0018 5.5450 1.1379
v -0.1092 5.5542 1.1495
v 0.0028 5.6525 1.1035
v -0.1076 5.6639 1.1131
v 0.0039 5.7709 1.0718
v -0.1023 5.7809 1.0797
v 0.0052 5.8999 1.0343
v -0.0936 5.9076 1.0428
v 0.0064 6.0361 0.9781
v -0.0842 6.0426 0.9862
v 0.0074 6.1675 0.9082
v -0.0744 6.1755 0.9155
v 0.0072 6.2273 0.8887
v -0.1437 6.2518 0.8963
v -0.1531 6.1909 0.9184
v -0.2285 6.2036 0.9086
v -0.2842 6.2843 0.8711
v -0.3014 6.2238 0.8907
v 0.0920 6.1598 0.8985
v 0.1712 6.1628 0.8864
v 0.2326 6.2393 0.8473
v 0.2460 6.1764 0.8699
v 0.3015 6.2581 0.8258
v 0.3183 6.1970 0.8497
v 0.3660 6.2838 0.7992
v 0.3866 6.2239 0.8237
v 0.4496 6.2603 0.7905
v 0.4808 6.3574 0.7278
v 0.5079 6.3033 0.7494
v 0.5651 6.3569 0.6995
v 0.5937 6.4628 0.6247
v 0.6253 6.4192 0.6391
v 0.6502 6.5291 0.5625
v 0.6829 6.4919 0.5728
v 0.6994 6.6028 0.5020
v 0.7339 6.5738 0.5083
v 0.7753 6.6597 0.4463
v 0.7616 6.7502 0.3685
v 0.7975 6.7354 0.3743
v 0.8889 6.7438 0.2979
v 0.8828 6.6668 0.3953
v 0.9661 6.5832 0.4214
v 0.8549 6.5720 0.4720
v 0.9371 6.4752 0.5124
v 1.0567 6.5229 0.4588
v 1.1748 6.5839 0.3566
v 1.1619 6.4872 0.4896
v 1.2666 6.4664 0.5138
v 1.2803 6.5523 0.3794
v 1.3334 6.3415 0.6428
v 1.3655 6.4418 0.5370
v 1.2379 6.3622 0.6136
v 1.3845 6.2112 0.7588
v 1.4297 6.3097 0.6656
v 1.2822 6.2289 0.7367
v 1.4514 6.0964 0.8573
v 1.4961 6.1879 0.7701
v 1.3303 6.1044 0.8478
v 1.5322 5.9912 0.9407
v 1.5793 6.0929 0.8508
v 1.4068 5.9893 0.9425
v 1.6047 5.8854 1.0099
v 1.6471 6.0044 0.9302
v 1.4941 5.8759 1.0199
v 1.6494 5.7753 1.0641
v 1.6787 5.8988 1.0086
v 1.5684 5.7627 1.0736
v 1.7014 5.7915 1.0524
v 1.6284 5.6463 1.1184
v 1.6160 5.5143 1.1604
v 1.6008 5.3886 1.1780
v 1.6382 5.2930 1.1553
v 1.5302 5.5072 1.1827
v 1.5257 5.3807 1.2143
v 1.5180 5.2664 1.2358
v 1.5904 5.2775 1.1968
v 1.5164 5.1690 1.2468
v 1.5814 5.1777 1.1992
v 1.5793 5.0836 1.2049
v 1.5110 5.0780 1.2559
v 1.6250 5.0028 1.1446
v 1.6361 5.0917 1.1583
v 1.5692 4.9980 1.2005
v 1.6585 4.9334 1.0591
v 1.6691 5.0074 1.0958
v 1.6126 4.9292 1.1236
v 1.6994 4.8817 0.9198
v 1.6975 4.9364 0.9935
v 1.6546 4.8727 1.0025
v 1.7175 4.8402 0.8219
v 1.6666 4.8233 0.9213
v 1.7569 4.7948 0.6964
v 1.6974 4.7784 0.8074
v 1.7923 4.7537 0.5552
v 1.6637 4.6977 0.7927
v 1.7458 4.7311 0.6560
v 1.6327 4.7535 0.9341
v 1.7509 4.6624 0.5378
v 1.7963 4.7015 0.4707
v 1.7748 4.7451 0.2795
v 1.7911 4.7493 0.4038
v 1.7911 4.6975 0.3173
v 1.7761 4.7883 0.3651
v 1.7452 4.7940 0.2506
v 1.7773 4.8227 0.4481
v 1.7777 4.7917 0.4844
v 1.7675 4.8209 0.3421
v 1.7505 4.8900 0.5256
v 1.7606 4.8536 0.5557
v 1.7657 4.8640 0.4217
v 1.7559 4.9137 0.3992
v 1.7583 4.9068 0.3032
v 1.7621 4.8616 0.3213
v 1.7404 4.8690 0.2210
v 1.7387 4.9082 0.2090
v 1.7530 4.9513 0.2898
v 1.7505 4.9603 0.3826
v 1.7363 4.9485 0.2010
v 1.7132 4.9391 0.1194
v 1.7203 4.9325 0.0471
v 1.7120 4.9037 0.1232
v 1.7003 4.9194 0.0468
v 1.6889 4.8950 -0.0261
v 1.6965 4.8851 0.0462
v 1.6828 4.8249 -0.0318
v 1.7126 4.8682 0.1295
v 1.6956 4.8497 0.0470
v 1.6993 4.8116 0.0514
v 1.7102 4.7671 0.0615
v 1.7201 4.7204 0.0739
v 1.6968 4.7005 -0.0214
v 1.7286 4.6705 0.0891
v 1.6948 4.6532 -0.0196
v 1.7305 4.6180 0.1068
v 1.7210 4.5628 0.1277
v 1.6826 4.5459 -0.0015
v 1.7014 4.5051 0.1496
v 1.6672 4.4878 0.0138
v 1.7438 4.5805 0.2574
v 1.7161 4.5240 0.2858
v 1.6898 4.4636 0.3126
v 1.6749 4.4843 0.4589
v 1.7069 4.5429 0.4313
v 1.6497 4.5007 0.6189
v 1.6673 4.5614 0.5992
v 1.6294 4.4980 0.7883
v 1.6330 4.5623 0.7874
v 1.5763 4.4766 0.9373
v 1.5839 4.5378 0.9592
v 1.4725 4.3856 1.0114
v 1.5607 4.4159 0.9111
v 1.4755 4.4474 1.0460
v 1.4363 4.2671 1.0778
v 1.4771 4.3208 0.9770
v 1.4106 4.3393 1.1131
v 1.4654 4.1879 1.0343
v 1.3821 4.2073 1.1563
v 1.4117 4.1190 1.1077
v 1.4956 4.0982 0.9773
v 1.4419 4.0195 1.0522
v 1.5301 4.0892 0.8038
v 1.5068 4.1742 0.8822
v 1.5291 3.9968 0.9032
v 1.5538 3.9987 0.6996
v 1.5624 3.8892 0.8062
v 1.5865 3.7867 0.6790
v 1.5678 3.9171 0.5708
v 1.5566 4.1015 0.6162
v 1.5379 4.1695 0.7225
v 1.5561 4.2632 0.7474
v 1.5260 4.2317 0.8008
v 1.5731 4.2323 0.6740
v 1.6095 4.2964 0.6556
v 1.5772 4.3103 0.7606
v 1.5288 4.2935 0.8476
v 1.4894 4.2508 0.9372
v 1.5423 4.3553 0.8816
v 1.6023 4.3705 0.7738
v 1.6211 4.4338 0.7840
v 1.6431 4.4345 0.6340
v 1.6330 4.3656 0.6449
v 1.6577 4.4182 0.4830
v 1.6471 4.3451 0.5052
v 1.6725 4.3961 0.3379
v 1.6599 4.3193 0.3637
v 1.6656 4.3742 0.1950
v 1.6802 4.4435 0.1719
v 1.6566 4.2941 0.2207
v 1.6391 4.3548 0.0512
v 1.6414 4.2334 0.3941
v 1.6290 4.2666 0.5302
v 1.6105 4.1403 0.4342
v 1.5932 4.1864 0.5636
v 1.6454 4.2026 0.2520
v 1.5743 4.0386 0.4903
v 1.6196 4.1007 0.2929
v 1.6345 4.2724 0.0751
v 1.5816 3.9888 0.3478
v 1.5666 3.8554 0.4193
v 1.5821 3.7028 0.5129
v 1.5417 3.6694 0.3186
v 1.5463 3.5290 0.6487
v 1.5158 3.3400 0.6449
v 1.5498 3.3478 0.4343
v 1.5601 3.5093 0.3940
v 1.4303 3.4350 0.8616
v 1.4300 3.2873 0.8346
v 1.4844 3.1903 0.6531
v 1.4385 3.1461 0.8311
v 1.5242 3.2003 0.4672
v 1.4834 3.0461 0.6698
v 1.4895 3.0620 0.4987
v 1.5048 2.9174 0.5193
v 1.4473 3.0053 0.8367
v 1.4947 2.9009 0.6841
v 1.5135 2.7518 0.6901
v 1.4730 2.7239 0.8496
v 1.4522 2.8667 0.8452
v 1.3640 2.8108 0.9778
v 1.3658 2.6764 0.9755
v 1.3765 2.5470 0.9767
v 1.4564 2.5713 0.8366
v 1.5624 2.6090 0.6978
v 1.4651 2.4286 0.8395
v 1.5283 2.4503 0.6935
v 1.5756 2.6247 0.5297
v 1.5371 2.7710 0.5277
v 1.5536 2.3036 0.7112
v 1.5958 2.3220 0.5582
v 1.6281 2.1571 0.7381
v 1.7162 1.9963 0.6090
v 1.6818 2.0008 0.7631
v 1.6866 1.8810 0.7672
v 1.7341 1.8780 0.6163
v 1.6889 1.7979 0.7632
v 1.7441 1.7948 0.6123
v 1.7214 1.7129 0.6019
v 1.6280 1.8754 0.9171
v 1.6154 1.7983 0.9101
v 1.5795 1.7213 0.8947
v 1.5285 1.8028 1.0467
v 1.5049 1.7318 1.0356
v 1.4308 1.7544 1.1826
v 1.5384 1.8778 1.0480
v 1.4306 1.8164 1.1794
v 1.3289 1.7651 1.2983
v 1.4343 1.8876 1.1774
v 1.3265 1.8315 1.2926
v 1.2018 1.8483 1.3893
v 1.0458 1.8523 1.4695
v 0.8681 1.7674 1.5290
v 0.8426 1.8790 1.4939
v 0.8535 1.8235 1.5189
v 1.0268 1.9126 1.4421
v 0.6519 1.9013 1.5277
v 0.6553 1.8407 1.5241
v 0.8575 1.9576 1.4849
v 0.4829 1.9529 1.5736
v 0.4581 1.8571 1.5647
v 0.6721 1.9910 1.5357
v 0.3379 2.0665 1.5703
v 0.3090 1.9348 1.6123
v 0.5008 2.0719 1.5367
v 0.2092 2.1948 1.5436
v 0.2018 2.1019 1.5846
v 0.3465 2.2197 1.5120
v 0.0803 2.2683 1.5324
v 0.2384 2.3268 1.5035
v 0.3696 2.4496 1.4490
v 0.2271 2.4413 1.4742
v 0.3577 2.3285 1.4878
v 0.4829 2.3278 1.4533
v 0.5037 2.4633 1.4113
v 0.3981 2.5791 1.4175
v 0.2661 2.5720 1.4382
v 0.1354 2.5903 1.4498
v 0.1283 2.4829 1.4714
v 0.0280 2.5420 1.4701
v -0.0013 2.4246 1.5064
v 0.1035 2.3740 1.5086
v -0.0954 2.4663 1.4910
v -0.0562 2.5874 1.4669
v 0.0511 2.6676 1.4566
v -0.0619 2.7133 1.4633
v 0.0690 2.7844 1.4593
v -0.0206 2.8335 1.4679
v 0.0829 2.8930 1.4601
v -0.0375 2.9437 1.4651
v 0.0946 3.0059 1.4522
v -0.0022 3.0636 1.4556
v 0.1027 3.1347 1.4416
v -0.0199 3.1828 1.4466
v 0.1058 3.3014 1.4369
v -0.0357 3.3512 1.4506
v 0.0997 3.4662 1.4415
v -0.0360 3.4970 1.4554
v 0.0865 3.6478 1.4311
v -0.0470 3.6491 1.4486
v 0.0695 3.7896 1.4302
v -0.0621 3.7901 1.4400
v 0.0503 3.9233 1.4516
v -0.0781 3.9225 1.4647
v 0.0362 4.0517 1.4730
v -0.0900 4.0498 1.4853
v 0.0255 4.1747 1.4835
v -0.0987 4.1724 1.4921
v 0.0159 4.2940 1.4923
v -0.1036 4.2915 1.5026
v 0.0081 4.4083 1.4845
v -0.1075 4.4055 1.4952
v 0.0026 4.5167 1.4640
v -0.1107 4.5138 1.4758
v -0.0007 4.6201 1.4413
v -0.1129 4.6187 1.4573
v -0.0008 4.7177 1.4223
v -0.1104 4.7175 1.4429
v -0.0006 4.8071 1.4071
v -0.1042 4.8087 1.4277
v -0.0008 4.8930 1.3817
v -0.0988 4.8958 1.4011
v -0.0007 4.9776 1.3500
v -0.0952 4.9799 1.3708
v 0.0936 5.0549 1.3355
v 0.0930 5.1483 1.3072
v 0.0966 5.2431 1.2768
v 0.1041 5.3393 1.2421
v 0.1110 5.4344 1.1994
v 0.1150 5.5333 1.1536
v 0.1156 5.6406 1.1125
v 0.1129 5.7582 1.0746
v 0.1068 5.8868 1.0330
v 0.0999 6.0241 0.9721
v 0.1886 6.0214 0.9635
v 0.2045 5.8826 1.0304
v 0.2739 6.0301 0.9530
v 0.2994 5.8885 1.0245
v 0.3563 6.0490 0.9387
v 0.3931 5.9034 1.0159
v 0.4340 6.0764 0.9206
v 0.4839 5.9273 1.0053
v 0.5071 6.1119 0.8916
v 0.6153 5.8165 1.0639
v 0.5730 5.9630 0.9875
v 0.5147 5.7907 1.0705
v 0.6222 5.6950 1.1245
v 0.5229 5.6718 1.1280
v 0.7228 5.5956 1.1715
v 0.7226 5.7196 1.1168
v 0.6233 5.5784 1.1769
v 0.8224 5.6100 1.1643
v 0.7211 5.4829 1.2233
v 0.8179 5.4926 1.2186
v 0.9202 5.6165 1.1584
v 0.9138 5.4993 1.2139
v 1.0245 5.7424 1.0953
v 0.9286 5.7424 1.1001
v 1.0166 5.6241 1.1522
v 1.1169 5.6312 1.1452
v 1.1243 5.7470 1.0880
v 1.0403 5.8604 1.0317
v 0.9428 5.8741 1.0319
v 0.8253 5.9149 1.0135
v 0.9778 6.0112 0.9388
v 0.8837 6.0646 0.8989
v 0.7125 5.8537 1.0484
v 0.8266 5.7453 1.1038
v 0.6553 6.0088 0.9566
v 0.7247 6.0696 0.8994
v 0.5750 6.1575 0.8483
v 0.6390 6.2155 0.7871
v 0.7044 6.2875 0.7064
v 0.7870 6.1563 0.8053
v 0.7653 6.3733 0.6202
v 0.8493 6.2562 0.6965
v 0.8158 6.4704 0.5417
v 0.9396 6.1810 0.7675
v 0.9036 6.3657 0.5981
v 1.0339 6.4113 0.5635
v 0.9978 6.2993 0.6521
v 1.1378 6.3782 0.5898
v 1.0979 6.2650 0.6792
v 1.0310 6.1372 0.8101
v 1.1905 6.2454 0.7064
v 1.1185 6.1143 0.8310
v 1.0692 5.9876 0.9462
v 1.2178 6.1078 0.8410
v 1.1687 5.9835 0.9415
v 1.1422 5.8626 1.0223
v 1.2833 5.9872 0.9384
v 1.2535 5.8687 1.0143
v 1.2347 5.7527 1.0798
v 1.3744 5.8736 1.0171
v 1.3519 5.7540 1.0780
v 1.2251 5.6361 1.1377
v 1.3369 5.6357 1.1344
v 1.4658 5.7551 1.0810
v 1.4441 5.6332 1.1376
v 1.3256 5.5114 1.1878
v 1.4296 5.5070 1.1899
v 1.5442 5.6372 1.1319
v 1.4246 5.3804 1.2320
v 1.4258 5.2674 1.2618
v 1.3202 5.3857 1.2352
v 1.3207 5.2716 1.2757
v 1.4315 5.1669 1.2881
v 1.4287 5.0727 1.3029
v 1.4258 4.9864 1.3145
v 1.3315 5.0701 1.3396
v 1.3362 4.9795 1.3579
v 1.4985 4.9156 1.2624
v 1.5035 4.9942 1.2604
v 1.4271 4.9047 1.3211
v 1.5515 4.8538 1.1730
v 1.5601 4.9230 1.1936
v 1.4967 4.8396 1.2538
v 1.6106 4.8072 1.0257
v 1.6034 4.8655 1.0867
v 1.5536 4.7887 1.1352
v 1.5672 4.7280 1.0799
v 1.4950 4.6334 1.1512
v 1.5839 4.6675 1.0147
v 1.4971 4.6986 1.1965
v 1.3821 4.6146 1.2377
v 1.4020 4.6831 1.2739
v 1.3027 4.6728 1.3373
v 1.2971 4.5951 1.3181
v 1.3062 4.5145 1.2983
v 1.3743 4.5454 1.2052
v 1.4897 4.5697 1.1134
v 1.3793 4.4764 1.1756
v 1.4822 4.5082 1.0798
v 1.5861 4.6007 0.9813
v 1.6415 4.6280 0.7870
v 1.7018 4.6151 0.5740
v 1.7806 4.6481 0.3613
v 1.7468 4.5965 0.3993
v 1.7593 4.6364 0.2270
v 1.7549 4.6909 0.1968
v 1.7331 4.7465 0.1673
v 1.7178 4.7938 0.1477
v 1.7129 4.8326 0.1375
v 1.7398 4.8310 0.2350
v 1.3190 4.4369 1.2720
v 1.3344 4.3621 1.2385
v 1.3913 4.4080 1.1454
v 1.2553 4.3254 1.2958
v 1.2455 4.4054 1.3391
v 1.1592 4.2973 1.3347
v 1.2404 4.4880 1.3745
v 1.1492 4.3841 1.3794
v 1.1494 4.4709 1.4226
v 1.0514 4.3655 1.4153
v 1.1526 4.5601 1.4548
v 1.2367 4.5745 1.3997
v 1.0535 4.5501 1.4902
v 1.0488 4.4576 1.4563
v 0.9518 4.4433 1.4830
v 1.0617 4.6404 1.5116
v 1.1565 4.6479 1.4742
v 0.9606 4.6337 1.5339
v 0.9531 4.5397 1.5144
v 0.8529 4.5279 1.5288
v 0.9691 4.7217 1.5378
v 1.0676 4.7254 1.5155
v 0.8678 4.7158 1.5530
v 0.8582 4.6243 1.5480
v 0.7550 4.6142 1.5512
v 0.8728 4.8033 1.5414
v 0.9729 4.8059 1.5280
v 0.7672 4.7984 1.5478
v 0.7630 4.7078 1.5602
v 0.6561 4.7012 1.5524
v 0.7631 4.8886 1.5201
v 0.8683 4.8915 1.5167
v 0.6545 4.8855 1.5172
v 0.6588 4.7939 1.5439
v 0.5477 4.7908 1.5290
v 0.6429 4.9774 1.4812
v 0.7495 4.9796 1.4836
v 0.5335 4.9748 1.4740
v 0.5426 4.8825 1.5071
v 0.4285 4.8799 1.4907
v 0.5261 5.0662 1.4330
v 0.6311 5.0712 1.4386
v 0.4160 5.0587 1.4209
v 0.4207 4.9674 1.4596
v 0.3074 4.9634 1.4353
v 0.4180 5.1516 1.3750
v 0.5244 5.1602 1.3840
v 0.3076 5.1445 1.3585
v 0.3043 5.0535 1.3979
v 0.1968 5.1404 1.3372
v 0.1956 5.0494 1.3676
v 0.0966 4.9678 1.3635
v 0.1013 4.8846 1.3943
v 0.1985 4.9628 1.3994
v 0.2061 4.8794 1.4296
v 0.3153 4.8770 1.4654
v 0.3241 4.7918 1.4836
v 0.4355 4.7903 1.5085
v 0.4387 4.6978 1.5133
v 0.5476 4.6977 1.5347
v 0.5465 4.6017 1.5258
v 0.6514 4.6064 1.5422
v 0.6523 4.5070 1.5254
v 0.7525 4.5165 1.5324
v 0.7591 4.4140 1.5080
v 0.8552 4.4284 1.5006
v 0.8677 4.3244 1.4717
v 0.9591 4.3452 1.4481
v 0.9782 4.2429 1.4168
v 1.0671 4.2706 1.3771
v 1.0882 4.1723 1.3399
v 1.1766 4.2072 1.2906
v 1.2721 4.2434 1.2506
v 1.1974 4.1100 1.2469
v 1.2925 4.1555 1.2017
v 1.3556 4.2872 1.1996
v 1.3146 4.0583 1.1522
v 1.1115 4.0652 1.3073
v 1.1331 3.9433 1.2818
v 1.2187 4.0001 1.2088
v 1.2390 3.8782 1.1734
v 1.3401 3.9482 1.1045
v 1.3686 3.8266 1.0556
v 1.1485 3.8122 1.2554
v 1.1607 3.6762 1.2258
v 1.2590 3.7484 1.1357
v 1.2798 3.6147 1.0976
v 1.4202 3.5696 0.9295
v 1.3992 3.6990 0.9971
v 1.2966 3.4814 1.0617
v 1.3163 3.3477 1.0256
v 1.5384 3.6657 0.8011
v 1.5116 3.7880 0.9097
v 1.4766 3.9077 0.9894
v 1.3378 3.2127 1.0034
v 1.3542 3.0810 0.9945
v 1.3660 2.9496 0.9878
v 1.2430 2.8793 1.1013
v 1.2325 3.0054 1.1198
v 1.2221 3.1365 1.1420
v 1.0963 2.9320 1.2004
v 1.2061 3.2688 1.1641
v 1.0833 3.1920 1.2467
v 1.0907 3.0598 1.2238
v 0.9681 2.9970 1.2759
v 0.9699 3.2634 1.3164
v 0.9698 3.1281 1.2961
v 1.0738 3.3277 1.2671
v 1.0662 3.4662 1.2801
v 0.9673 3.4018 1.3314
v 0.8719 3.2166 1.3571
v 0.8667 3.0820 1.3396
v 0.8479 2.9373 1.3234
v 0.8652 2.8445 1.3008
v 0.9664 2.8713 1.2566
v 0.9674 2.7529 1.2395
v 1.0997 2.8113 1.1806
v 1.1093 2.6979 1.1704
v 1.2521 2.7604 1.0974
v 1.2686 2.6461 1.0950
v 1.2874 2.5317 1.0987
v 1.1274 2.5926 1.1672
v 1.1680 2.4952 1.1880
v 1.4007 2.4199 0.9818
v 1.3039 2.3995 1.0948
v 1.5126 2.2968 0.8595
v 1.4728 2.2931 1.0093
v 1.5821 2.1551 0.8918
v 1.6166 1.9890 0.9103
v 1.5400 1.9892 1.0489
v 1.5186 2.1591 1.0300
v 1.4528 2.1479 1.1717
v 1.4111 2.2383 1.1435
v 1.3090 2.2029 1.2546
v 1.1963 2.3621 1.1856
v 1.0784 2.3228 1.2772
v 1.0464 2.4567 1.2755
v 0.9988 2.5450 1.2376
v 0.8962 2.4060 1.3305
v 0.9788 2.6453 1.2324
v 0.8810 2.5164 1.2906
v 0.8432 2.5886 1.2890
v 0.7381 2.4763 1.3427
v 0.8509 2.7123 1.2876
v 0.7450 2.5937 1.3155
v 0.7146 2.6685 1.3245
v 0.6105 2.5642 1.3576
v 0.7387 2.8028 1.3337
v 0.6304 2.6896 1.3494
v 0.6009 2.7843 1.3690
v 0.5034 2.6721 1.3821
v 0.6526 2.8905 1.3726
v 0.7521 2.9443 1.3577
v 0.6437 3.0276 1.3919
v 0.7633 3.0794 1.3734
v 0.6772 3.1682 1.4044
v 0.7710 3.1902 1.3869
v 0.6752 3.3015 1.4193
v 0.7767 3.3304 1.4034
v 0.6804 3.4689 1.4294
v 0.8737 3.3551 1.3730
v 0.7774 3.4734 1.4086
v 0.5789 3.4746 1.4400
v 0.5851 3.3400 1.4326
v 0.4665 3.3282 1.4361
v 0.5724 3.6234 1.4377
v 0.6752 3.6155 1.4276
v 0.4617 3.6342 1.4397
v 0.4704 3.4831 1.4422
v 0.3425 3.6420 1.4390
v 0.3541 3.4887 1.4414
v 0.2307 3.4912 1.4425
v 0.2165 3.6464 1.4351
v 0.3261 3.7847 1.4217
v 0.1997 3.7881 1.4236
v 0.3093 3.9161 1.4520
v 0.4156 4.0370 1.4794
v 0.2925 4.0404 1.4742
v 0.4326 3.9134 1.4580
v 0.5473 3.9117 1.4610
v 0.5292 4.0367 1.4805
v 0.3928 4.1558 1.4835
v 0.2748 4.1599 1.4771
v 0.1515 4.1665 1.4735
v 0.1645 4.0456 1.4698
v 0.1802 3.9198 1.4497
v 0.1374 4.2843 1.4853
v 0.1263 4.3983 1.4810
v 0.1191 4.5082 1.4648
v 0.1157 4.6120 1.4473
v 0.1132 4.7086 1.4338
v 0.1075 4.7987 1.4204
v 0.2155 4.7938 1.4524
v 0.2230 4.7044 1.4631
v 0.3306 4.7010 1.4903
v 0.4409 4.6008 1.5064
v 0.3349 4.6031 1.4860
v 0.5509 4.5004 1.5125
v 0.4479 4.4974 1.4986
v 0.6619 4.4018 1.5071
v 0.5632 4.3928 1.5029
v 0.7746 4.3056 1.4855
v 0.6798 4.2901 1.4925
v 0.8888 4.2151 1.4463
v 0.7975 4.1912 1.4646
v 0.9999 4.1364 1.3847
v 0.9108 4.1009 1.4161
v 1.0243 4.0182 1.3577
v 0.9340 3.9734 1.3933
v 1.0421 3.8858 1.3360
v 0.9456 3.8308 1.3671
v 1.0502 3.7461 1.3114
v 1.0571 3.6060 1.2915
v 0.9615 3.5427 1.3377
v 0.9521 3.6848 1.3459
v 0.8612 3.6400 1.3785
v 0.8424 3.9382 1.4194
v 0.8512 3.7887 1.3903
v 0.7591 3.7684 1.4124
v 0.7302 4.0514 1.4631
v 0.7499 3.9183 1.4404
v 0.8215 4.0715 1.4424
v 0.6070 4.1616 1.4846
v 0.6335 4.0406 1.4752
v 0.7044 4.1730 1.4773
v 0.4801 4.2736 1.4969
v 0.5035 4.1561 1.4863
v 0.5825 4.2793 1.4962
v 0.3543 4.3878 1.4931
v 0.3715 4.2732 1.4951
v 0.4611 4.3880 1.4987
v 0.2328 4.5019 1.4730
v 0.2424 4.3917 1.4862
v 0.3423 4.4981 1.4852
v 0.2272 4.6077 1.4655
v 0.2566 4.2774 1.4897
v 0.6526 3.9114 1.4556
v 0.6634 3.7659 1.4287
v 0.7704 3.6179 1.4072
v 0.5595 3.7724 1.4350
v 0.4465 3.7798 1.4299
v 0.8707 3.4964 1.3775
v 1.1750 3.5394 1.2037
v 1.1880 3.4029 1.1855
v 1.1812 2.1700 1.3538
v 1.2072 2.0820 1.3837
v 1.3332 2.1117 1.2879
v 1.3303 1.9979 1.2866
v 1.4386 1.9954 1.1734
v 1.3258 1.9030 1.2879
v 1.1969 1.9240 1.3693
v 1.2004 2.0027 1.3719
v 1.0229 1.9769 1.4463
v 1.0184 2.0560 1.4546
v 0.8026 2.0023 1.5030
v 0.8050 2.1200 1.4657
v 0.9984 2.1658 1.4095
v 0.6230 2.0572 1.5281
v 0.6276 2.2079 1.4601
v 0.7873 2.2644 1.4061
v 0.4606 2.1653 1.5011
v 0.6311 2.3633 1.4183
v 0.5934 2.4401 1.3957
v 0.7344 2.3515 1.3925
v 0.9174 2.2618 1.3724
v 0.5201 1.8179 1.5479
v 0.6654 1.7943 1.5616
v 0.4575 1.7675 1.5749
v 0.5066 1.7277 1.5994
v 0.3361 1.7569 1.5977
v 0.1905 1.7562 1.6186
v 0.3238 1.8009 1.5839
v 0.1414 1.8185 1.6219
v -0.0071 1.7962 1.6662
v 0.1688 1.8888 1.6284
v 0.3420 1.8648 1.5946
v -0.0128 1.9258 1.6528
v -0.0057 1.8584 1.6572
v -0.1588 1.8857 1.6619
v -0.1780 1.8124 1.6570
v -0.2995 1.8154 1.6495
v -0.2645 1.8834 1.6693
v -0.1312 1.9821 1.6532
v -0.2538 1.9728 1.6630
v -0.0972 2.0999 1.6129
v -0.2235 2.1074 1.6077
v -0.0640 2.2147 1.5657
v -0.1692 2.2410 1.5548
v -0.0332 2.3202 1.5415
v -0.1314 2.3517 1.5305
v -0.1957 2.4129 1.4980
v -0.2550 2.2912 1.5300
v -0.3025 2.4121 1.4827
v -0.3390 2.2826 1.5260
v -0.2923 2.1560 1.5678
v -0.3713 2.1788 1.5529
v -0.3274 2.0589 1.6153
v -0.3549 1.9681 1.6532
v -0.3852 1.8562 1.6496
v -0.5031 1.7890 1.6074
v -0.3943 1.7870 1.6290
v -0.4951 1.8586 1.6226
v -0.6094 1.7267 1.6016
v -0.5181 1.7418 1.6200
v -0.6433 1.7691 1.5798
v -0.6570 1.6719 1.6096
v -0.7810 1.7111 1.5899
v -0.9191 1.7746 1.5363
v -0.9430 1.7206 1.5414
v -0.7533 1.7625 1.5665
v -0.7267 1.8318 1.5831
v -0.9035 1.8497 1.5531
v -1.0544 1.8400 1.5088
v -1.1038 1.7879 1.4757
v -1.2481 1.8550 1.4159
v -1.4324 1.7935 1.2781
v -1.2907 1.7919 1.3897
v -1.3974 1.8572 1.2953
v -1.5762 1.7391 1.1297
v -1.4554 1.7400 1.2677
v -1.5614 1.8014 1.1426
v -1.6758 1.7391 0.9916
v -1.7549 1.8178 0.8753
v -1.7586 1.7436 0.8586
v -1.6700 1.8090 1.0083
v -1.6329 1.8898 1.0250
v -1.7124 1.9005 0.8885
v -1.7787 1.9105 0.7350
v -1.8093 1.8251 0.7285
v -1.8238 1.9173 0.5666
v -1.8252 1.7499 0.7173
v -1.8069 1.6848 0.7006
v -1.7423 1.6809 0.8373
v -1.6641 1.6796 0.9700
v -1.8544 1.7504 0.5582
v -1.7501 2.0105 0.7260
v -1.7841 2.0246 0.5560
v -1.6816 1.9995 0.8912
v -1.6331 2.1113 0.8796
v -1.6984 2.1317 0.7116
v -1.5429 2.2909 0.7218
v -1.5263 2.4645 0.7337
v -1.5689 2.5090 0.5585
v -1.5339 2.6717 0.5683
v -1.4664 2.4021 0.8787
v -1.3886 2.3611 1.0304
v -1.2546 2.3440 1.1725
v -1.4257 2.2150 1.0288
v -1.5740 2.0885 1.0456
v -1.4643 2.2482 0.8756
v -1.6013 1.9836 1.0399
v -1.5055 1.9621 1.1794
v -1.3213 2.0398 1.3215
v -1.4535 2.0702 1.1928
v -1.3787 1.9370 1.3188
v -1.0317 2.1600 1.3708
v -1.1853 2.1737 1.2654
v -1.1387 2.0248 1.4472
v -0.8096 2.2834 1.4088
v -0.9692 2.3225 1.3391
v -0.8637 2.1265 1.4691
v -0.6275 2.3995 1.4180
v -0.7725 2.4373 1.3668
v -0.6581 2.2464 1.4724
v -0.4857 2.5384 1.4218
v -0.6177 2.5617 1.3952
v -0.4936 2.3704 1.4552
v -0.3700 2.6946 1.4427
v -0.4943 2.7107 1.4268
v -0.3661 2.5287 1.4446
v -0.2602 2.8262 1.4585
v -0.3667 2.8282 1.4522
v -0.2540 2.6834 1.4557
v -0.3705 2.9515 1.4585
v -0.2603 2.9484 1.4626
v -0.2612 3.0741 1.4605
v -0.3755 3.0779 1.4647
v -0.4822 3.0718 1.4615
v -0.6064 2.9819 1.4503
v -0.5006 2.9375 1.4542
v -0.6126 3.1156 1.4559
v -0.6013 2.8312 1.4276
v -0.7283 2.7033 1.3815
v -0.5826 2.6712 1.4092
v -0.7391 2.8579 1.4040
v -0.8716 2.5805 1.3182
v -0.7177 2.5353 1.3714
v -0.8767 2.7468 1.3352
v -1.0442 2.4603 1.2527
v -0.8874 2.4205 1.3256
v -1.0150 2.6177 1.2614
v -1.1237 2.3293 1.2803
v -1.1939 2.4977 1.1751
v -1.3188 2.1956 1.1596
v -0.7159 2.9632 1.4247
v -0.7395 3.1053 1.4277
v -0.7212 3.2287 1.4400
v -0.7348 3.3722 1.4471
v -0.6191 3.2492 1.4598
v -0.6248 3.3556 1.4690
v -0.5114 3.3318 1.4746
v -0.5130 3.2058 1.4655
v -0.3862 3.2145 1.4673
v -0.2810 3.3544 1.4727
v -0.4126 3.3686 1.4801
v -0.2683 3.2065 1.4630
v -0.1686 3.5005 1.4706
v -0.2960 3.5006 1.4845
v -0.1559 3.3475 1.4607
v -0.1796 3.6460 1.4676
v -0.1909 3.7845 1.4517
v -0.3061 3.6415 1.4822
v -0.2040 3.9159 1.4818
v -0.3138 3.7793 1.4671
v -0.3291 4.0366 1.5157
v -0.3243 3.9108 1.4951
v -0.2125 4.0423 1.5039
v -0.4366 3.9065 1.5006
v -0.4385 4.0334 1.5187
v -0.4288 3.7718 1.4790
v -0.4232 3.6322 1.4901
v -0.5245 3.4880 1.4874
v -0.4144 3.4942 1.4905
v -0.5314 3.6236 1.4880
v -0.6307 3.4888 1.4751
v -0.5350 3.7639 1.4812
v -0.5415 3.9041 1.4985
v -0.5402 4.0338 1.5137
v -0.5357 4.1578 1.5190
v -0.6320 4.1654 1.5097
v -0.7264 4.1795 1.4938
v -0.8203 4.1994 1.4716
v -0.9139 4.2223 1.4417
v -1.0129 4.1442 1.3780
v -1.0240 4.0359 1.3554
v -0.7265 4.2989 1.5037
v -0.8215 4.3137 1.4857
v -0.6305 4.2871 1.5167
v -0.6297 4.4043 1.5202
v -0.7283 4.4132 1.5142
v -0.5333 4.2797 1.5256
v -0.5304 4.3979 1.5247
v -0.5298 4.5106 1.5237
v -0.6316 4.5154 1.5284
v -0.4294 4.3955 1.5262
v -0.4275 4.5090 1.5184
v -0.4274 4.6163 1.5193
v -0.5320 4.6166 1.5309
v -0.3241 4.5102 1.5092
v -0.3231 4.6163 1.5026
v -0.3209 4.7131 1.5007
v -0.4280 4.7140 1.5221
v -0.2189 4.6166 1.4810
v -0.2155 4.7139 1.4737
v -0.2084 4.8045 1.4577
v -0.3156 4.8030 1.4876
v -0.2010 4.8902 1.4321
v -0.2189 4.5116 1.4944
v -0.2188 4.4008 1.5120
v -0.2188 4.2841 1.5174
v -0.2178 4.1645 1.5069
v -0.3305 4.1586 1.5189
v -0.4359 4.1559 1.5222
v -0.4331 4.2771 1.5295
v -0.3288 4.2789 1.5279
v -0.3259 4.3968 1.5225
v 0.3537 3.3277 1.4349
v 0.3540 3.1776 1.4349
v 0.4573 3.1702 1.4319
v 0.5633 3.1759 1.4228
v 0.4406 3.0283 1.4245
v 0.5471 3.0293 1.4104
v 0.5311 2.8993 1.3992
v 0.3031 3.0288 1.4385
v 0.3389 2.9021 1.4345
v 0.4261 2.8982 1.4212
v 0.4083 2.7852 1.4143
v 0.5147 2.7821 1.3905
v 0.2731 2.7962 1.4385
v 0.2995 2.6978 1.4305
v 0.3782 2.6621 1.4160
v 0.1808 2.7023 1.4440
v 0.1701 2.8169 1.4515
v 0.2109 2.9201 1.4465
v 0.1973 3.0442 1.4429
v 0.2268 3.1644 1.4378
v 0.2408 3.3399 1.4338
v 0.4789 2.5470 1.3991
v 0.0714 2.1427 1.5755
v 0.0314 2.0125 1.6286
v 0.1894 2.0082 1.6184
v 1.2332 4.6593 1.4141
v 1.2354 4.7368 1.4193
v 1.1565 4.8072 1.4663
v 1.1572 4.7296 1.4762
v 1.2443 4.8109 1.4191
v 1.0633 4.8885 1.4845
v 1.0682 4.8067 1.5038
v 1.1530 4.8869 1.4516
v 0.9514 4.9809 1.4730
v 0.9688 4.8906 1.5066
v 1.0479 4.9773 1.4566
v 0.8309 5.0763 1.4402
v 0.8526 4.9820 1.4810
v 0.9273 5.0769 1.4328
v 0.7237 5.1716 1.3867
v 0.7330 5.0735 1.4411
v 0.8189 5.1750 1.3873
v 0.6255 5.2670 1.3287
v 0.6253 5.1677 1.3852
v 0.7223 5.2745 1.3270
v 0.5276 5.3529 1.2770
v 0.5263 5.2556 1.3293
v 0.6259 5.3672 1.2760
v 0.4303 5.4398 1.2301
v 0.4285 5.3417 1.2768
v 0.5278 5.4532 1.2282
v 0.3291 5.5330 1.1850
v 0.3281 5.4307 1.2315
v 0.4298 5.5436 1.1826
v 0.4257 5.6537 1.1320
v 0.3259 5.6423 1.1340
v 0.2243 5.5290 1.1757
v 0.2213 5.4280 1.2238
v 0.2140 5.3306 1.2679
v 0.3156 5.2380 1.3177
v 0.3241 5.3333 1.2752
v 0.2040 5.2341 1.3058
v 0.4241 5.2460 1.3248
v 0.2229 5.6374 1.1262
v 0.3169 5.7602 1.0793
v 0.2166 5.7550 1.0782
v 0.4159 5.7723 1.0766
v 0.5265 5.5591 1.1790
v 0.6244 5.4697 1.2270
v 0.7218 5.3771 1.2729
v 0.8167 5.3839 1.2695
v 0.9126 5.3887 1.2653
v 1.0121 5.5056 1.2079
v 1.1144 5.5111 1.2000
v 1.2187 5.5129 1.1918
v 1.2135 5.3905 1.2413
v 1.2115 5.2765 1.2868
v 1.2160 5.1697 1.3304
v 1.1083 5.2802 1.2984
v 1.1104 5.1728 1.3485
v 1.3251 5.1684 1.3128
v 1.2267 5.0685 1.3680
v 1.2381 4.9748 1.3955
v 1.1245 5.0706 1.3944
v 1.1434 4.9742 1.4297
v 1.2448 4.8892 1.4122
v 1.3421 4.8957 1.3698
v 1.3419 4.8182 1.3702
v 1.4302 4.8272 1.3187
v 1.3244 4.7457 1.3571
v 1.4238 4.7531 1.3047
v 1.4976 4.7668 1.2330
v 1.0104 5.1767 1.3666
v 1.0245 5.0744 1.4166
v 1.0094 5.2830 1.3109
v 0.9121 5.2819 1.3212
v 0.9139 5.1773 1.3815
v 1.0112 5.3927 1.2592
v 0.8170 5.2792 1.3259
v 1.1116 5.3934 1.2506
v 1.6955 5.0121 1.0409
v 1.6844 5.1098 1.0708
v 1.6554 5.2145 1.1171
v 1.6742 5.0972 1.1180
v 1.6317 5.1930 1.1563
v 1.6569 5.3251 1.1134
v 1.6943 5.1279 1.0300
v 1.7026 5.0262 0.9788
v 1.6998 4.9581 0.9071
v 1.7114 4.9829 0.8556
v 1.6999 4.9124 0.8200
v 1.7356 4.8930 0.6614
v 1.7147 4.9367 0.7645
v 1.7292 4.8656 0.7200
v 1.7559 4.8268 0.6025
v 1.7165 4.9667 0.7310
v 1.7329 4.9253 0.6300
v 1.7125 5.0155 0.8290
v 1.7213 4.9633 0.6059
v 1.7190 5.0197 0.5868
v 1.7380 4.9353 0.5021
v 1.7339 4.9830 0.4808
v 1.7602 5.0010 0.4869
v 1.7746 4.9778 0.3751
v -1.5165 3.4885 0.7093
v -1.5464 3.4734 0.4462
v -1.4799 3.2931 0.7076
v -1.5704 3.6677 0.5609
v -1.2063 3.5818 1.1738
v -1.3347 3.6622 1.0664
v -1.2975 3.7910 1.1253
v -1.1766 3.7173 1.2102
v -1.1644 3.1069 1.2151
v -1.3310 1.7427 1.3931
v -1.1502 1.7441 1.4861
v -1.5230 1.8734 1.1573
v -0.4298 1.7413 1.6280
v -0.3177 1.7584 1.6361
v -0.1889 1.7428 1.6508
v -0.5802 1.8304 1.6025
v -0.5685 1.9223 1.6272
v -0.4530 1.9212 1.6435
v -0.4270 2.0358 1.6157
v -0.5386 2.0287 1.6070
v -0.6380 1.9976 1.6090
v -0.7078 1.9256 1.6165
v -0.7968 2.0173 1.5684
v -1.0297 1.9314 1.5243
v -0.8324 1.9075 1.5867
v -0.9788 2.0455 1.5032
v -1.2299 1.9419 1.4314
v -0.5944 2.1236 1.5415
v -0.7362 2.1466 1.4984
v -0.4731 2.1151 1.5649
v -0.4363 2.2637 1.5150
v -0.5530 2.2748 1.4865
v -0.4073 2.4112 1.4609
v -0.1777 2.5674 1.4648
v -0.2886 2.5781 1.4544
v -0.1737 2.7205 1.4616
v -0.1255 2.8261 1.4656
v -0.1703 2.9431 1.4635
v -0.1146 3.0629 1.4571
v -0.1553 3.2068 1.4546
v -0.4553 2.8281 1.4450
v -0.8340 3.8151 1.4319
v -0.5371 4.9812 1.4609
v -0.4213 5.0632 1.4063
v -0.4226 5.1539 1.3604
v -0.5322 5.1604 1.3685
v -0.3092 5.1497 1.3478
v -0.3165 5.2436 1.3054
v -0.4267 5.2478 1.3110
v -0.2036 5.2442 1.2998
v -0.2125 5.3426 1.2551
v -0.3235 5.3405 1.2565
v -0.2179 5.4423 1.2030
v -0.2185 5.5470 1.1547
v -0.2148 5.6590 1.1114
v -0.5286 1.7605 -1.0336
v -0.5030 1.7506 -0.9507
v -0.3861 1.7736 -1.0298
v -0.2471 1.7896 -1.0181
v -0.2310 1.7810 -0.9263
v -0.0998 1.7933 -0.9125
v 0.0270 1.8014 -0.9969
v 0.0248 1.7955 -0.9066
v 0.1537 1.7885 -0.9061
v 0.5716 1.7867 -1.0055
v 0.5449 1.7759 -0.9231
v 0.7966 1.7520 -0.8674
v 0.8431 1.7706 -0.9698
v 0.9223 1.7430 -0.8298
v 1.1822 1.7428 -0.6588
v 1.2794 1.7263 -0.5422
v 1.3595 1.7191 -0.4241
v 1.4191 1.7139 -0.2974
v 1.5126 1.7288 -0.3505
v 1.4731 1.7061 -0.1665
v 1.6358 1.7024 -0.0690
v 1.6851 1.6927 0.0625
v 1.5999 1.6774 0.2085
v 1.6304 1.6791 0.3329
v 1.6419 1.6867 0.4610
v 1.4582 6.4054 0.5559
v 1.5513 6.3656 0.5593
v 1.5700 6.4569 0.4174
v 1.5286 6.2730 0.6767
v 1.6552 6.3526 0.5583
v 1.7580 6.4186 0.3929
v 1.7482 6.3525 0.5420
v 1.8192 6.3530 0.5273
v 1.8830 6.4139 0.3756
v 1.8008 6.2910 0.6461
v 1.7814 6.2205 0.7547
v 1.8347 6.2323 0.7434
v 1.7575 6.1332 0.8471
v 1.7692 6.0407 0.9350
v 1.7115 6.1971 0.7587
v 1.6857 6.1085 0.8438
v 1.7185 6.0232 0.9344
v 1.6348 6.2621 0.6753
v 1.6127 6.1794 0.7658
v 1.7304 6.2759 0.6602
v 1.7281 5.9104 1.0061
v -0.2070 1.6906 1.6356
v -0.3288 1.6941 1.6154
v -0.3292 1.6956 1.5676
v -0.2209 1.6995 1.5801
v 0.0024 1.6910 1.6471
v 0.1957 1.6983 1.6090
v 0.3555 1.7161 1.6173
v 0.3415 1.6892 1.5501
v 0.4866 1.7055 1.5289
v 0.6774 1.7430 1.5751
v 0.6473 1.7328 1.5103
v 0.8244 1.7604 1.4663
v 1.0593 1.7910 1.4773
v 1.0004 1.7808 1.4151
v 1.2046 1.7784 1.3938
v 1.3444 1.7430 1.1309
v 1.6577 1.7199 0.7513
v 1.5561 1.7078 0.7312
v -0.4241 1.7034 1.6432
v -0.5287 1.6932 1.6438
v -0.5110 1.6754 1.5777
v -0.6265 1.6583 1.5414
v -0.8003 1.6601 1.5915
v -0.9653 1.6710 1.5384
v -1.1721 1.6894 1.4736
v -1.1009 1.6828 1.4092
v -1.3431 1.6871 1.3767
v -1.2631 1.6838 1.3189
v -1.4665 1.6860 1.2523
v -1.5789 1.6832 1.1129
v -1.4843 1.6830 1.0689
v -1.5628 1.6813 0.9338
v -1.7284 1.6874 0.5358
v -1.8375 1.6849 0.5478
v -1.6694 1.6742 0.2488
v -1.7460 1.6755 0.0930
v -1.7014 1.6693 -0.0470
v -1.6475 1.6620 -0.1817
v -1.5437 1.6545 -0.1458
v -1.4890 1.6502 -0.2703
v -1.5179 1.6653 -0.4478
v -1.4295 1.6720 -0.5749
v -1.3408 1.6590 -0.5116
v -1.3224 1.6756 -0.6884
v -1.2158 1.6923 -0.8023
v -0.8950 1.7005 -0.8752
v -0.8156 1.7392 -1.0130
v 1.2708 5.6341 -0.8715
v 1.3775 5.7375 -0.8206
v 1.2621 5.7574 -0.8524
v 1.4670 5.8406 -0.7727
v 1.4789 5.7182 -0.7946
v 1.3584 5.8596 -0.7959
v 1.5540 5.8232 -0.7580
v 1.4641 5.9593 -0.7419
v 1.4775 6.0722 -0.6986
v 1.3832 6.1841 -0.6621
v 1.4947 6.1740 -0.6434
v 1.3683 6.0840 -0.7208
v 1.2593 6.0904 -0.7445
v 1.2722 6.1892 -0.6855
v 1.3983 6.2780 -0.5918
v 1.1332 5.9945 -0.8199
v 1.1463 6.0934 -0.7763
v 1.2488 5.9868 -0.7927
v 1.0072 5.9001 -0.8735
v 1.0159 6.0002 -0.8450
v 1.1297 5.8892 -0.8549
v 0.8865 5.8069 -0.9028
v 0.8886 5.9079 -0.8876
v 1.0114 5.7935 -0.8945
v 0.7739 5.7140 -0.9092
v 0.7710 5.8153 -0.9042
v 0.8958 5.7002 -0.9115
v 0.6607 5.7222 -0.8991
v 0.7837 5.6087 -0.9113
v 0.7926 5.5022 -0.9104
v 0.9114 5.4778 -0.9162
v 1.0227 5.4478 -0.9161
v 1.0082 5.3323 -0.9130
v 1.0281 5.5651 -0.9132
v 0.9077 5.5894 -0.9154
v 1.1487 5.6587 -0.8956
v 1.1442 5.5367 -0.9057
v 1.0236 5.6811 -0.9066
v 1.1395 5.7766 -0.8807
v 1.2480 5.8755 -0.8290
v 1.3582 5.9759 -0.7681
v 1.6973 4.7426 -0.0217
v 1.9197 5.9626 -0.6423
v 1.8857 5.9601 -0.6475
v 1.9056 6.0394 -0.6175
v 1.9431 6.0176 -0.6207
v 1.9609 5.9742 -0.6138
v 1.9257 5.9194 -0.6449
v 1.8841 5.8908 -0.6628
v 1.8340 5.8770 -0.6733
v 1.8852 5.8183 -0.6573
v 1.8367 5.7889 -0.6772
v 1.7823 5.7802 -0.7029
v 1.7849 5.8819 -0.6961
v 1.7970 5.9809 -0.6657
v 1.8356 5.9617 -0.6467
v 1.8540 6.0545 -0.6022
v 1.8225 6.0904 -0.6236
v 1.9385 6.1341 -0.5720
v 1.8885 6.1577 -0.5475
v 1.9767 6.1010 -0.5805
v 1.9762 6.2241 -0.4924
v 2.0133 6.1892 -0.5049
v 1.9969 6.0511 -0.5722
v 2.0325 6.1359 -0.5044
v 2.0475 6.0784 -0.5039
v 2.0086 5.9937 -0.5598
v 1.9702 5.9202 -0.6038
v 1.9300 5.8621 -0.6354
v 1.9341 5.8002 -0.6196
v 1.8892 5.7405 -0.6431
v 1.8387 5.6922 -0.6676
v 1.7752 5.6631 -0.6926
v 1.7202 5.6555 -0.7460
v 1.7347 5.7855 -0.7450
v 1.7455 5.9010 -0.7280
v 1.7723 6.0073 -0.6960
v 1.7154 5.9122 -0.7375
v 1.7459 6.0262 -0.7076
v 1.7980 6.1193 -0.6519
v 1.8551 6.2070 -0.5572
v 1.8315 6.2443 -0.5863
v 1.8828 6.2782 -0.4578
v 1.8552 6.3171 -0.4782
v 1.9403 6.3022 -0.3449
v 1.9210 6.2427 -0.4616
v 1.8989 6.3208 -0.3385
v 2.0040 6.3062 -0.3774
v 1.9501 6.3402 -0.2196
v 2.0190 6.3676 -0.2522
v 2.0424 6.2742 -0.3959
v 2.0621 6.3432 -0.2740
v 2.0866 6.2905 -0.2887
v 2.0642 6.2201 -0.4066
v 2.0808 6.1630 -0.4162
v 2.1017 6.1186 -0.4355
v 2.0653 6.0276 -0.5124
v 2.0210 5.9412 -0.5581
v 1.9781 5.8661 -0.5952
v 1.9890 5.8153 -0.5888
v 1.9439 5.7387 -0.6059
v 1.9609 5.6809 -0.6004
v 2.0348 5.8956 -0.5591
v 2.0075 5.7672 -0.5897
v 2.0849 5.9856 -0.5209
v 2.0545 5.8554 -0.5641
v 2.0381 5.7204 -0.6084
v 2.1092 5.9501 -0.5346
v 2.0820 5.8178 -0.5750
v 2.1253 6.0832 -0.4547
v 2.1539 6.0525 -0.4707
v 2.1336 5.9202 -0.5431
v 2.0701 5.7016 -0.5781
v 2.1080 5.7884 -0.5755
v 2.0520 5.5743 -0.5761
v 2.0217 5.6069 -0.5929
v 2.0982 5.6755 -0.5558
v 1.9615 5.5048 -0.5815
v 1.9952 5.4674 -0.5632
v 1.9553 5.3626 -0.5457
v 1.9119 5.4009 -0.5682
v 1.9316 5.5389 -0.6062
v 1.9899 5.6327 -0.6086
v 1.8620 5.4413 -0.5964
v 1.9068 5.5902 -0.6127
v 1.8954 5.6607 -0.6235
v 1.8373 5.5911 -0.6502
v 1.8332 5.4987 -0.6237
v 1.7371 5.3927 -0.6196
v 1.7620 5.5334 -0.6827
v 1.6872 5.5150 -0.7395
v 1.7939 5.3394 -0.5725
v 1.7276 5.2324 -0.5472
v 1.6687 5.2530 -0.5794
v 1.6383 5.3790 -0.6748
v 1.6043 5.2564 -0.6232
v 1.5830 5.3891 -0.7000
v 1.5569 5.2664 -0.6437
v 1.5885 5.1506 -0.5709
v 1.5964 5.0601 -0.5009
v 1.6099 4.9733 -0.4200
v 1.5979 4.9881 -0.4133
v 1.6272 5.0486 -0.4929
v 1.6289 4.8982 -0.3278
v 1.6208 4.9145 -0.3248
v 1.6255 4.9579 -0.4170
v 1.6861 4.8364 -0.2211
v 1.6753 4.8556 -0.2258
v 1.6433 4.8802 -0.3199
v 1.7197 4.7880 -0.1185
v 1.7102 4.8088 -0.1227
v 1.6952 4.8145 -0.2076
v 1.7670 4.7676 -0.0349
v 1.7470 4.7837 -0.0390
v 1.7366 4.7740 -0.1133
v 1.7474 4.7749 -0.1095
v 1.7798 4.7690 -0.0312
v 1.7946 4.7620 0.0434
v 1.8091 4.7626 0.0485
v 1.7915 4.7812 0.1189
v 1.7695 4.7835 0.0361
v 1.8246 4.7532 0.1350
v 1.7684 4.8167 0.1122
v 1.7531 4.8117 0.0346
v 1.7575 4.8517 0.1125
v 1.7450 4.8419 0.0371
v 1.7353 4.8060 -0.0392
v 1.7271 4.8319 -0.0389
v 1.7407 4.8713 0.0389
v 1.7242 4.8584 -0.0361
v 1.7020 4.8317 -0.1251
v 1.6977 4.8579 -0.1205
v 1.7208 4.8885 -0.0305
v 1.6959 4.8908 -0.1110
v 1.6693 4.8776 -0.2194
v 1.6706 4.9053 -0.2050
v 1.6617 4.9255 -0.1951
v 1.6223 4.9359 -0.3106
v 1.6144 4.9436 -0.3019
v 1.7336 4.9022 0.0425
v 1.7353 4.9473 0.1172
v 1.7484 4.9144 0.1140
v 1.7600 4.9565 0.1954
v 1.7542 4.8828 0.1123
v 1.7767 4.9222 0.1913
v 1.7824 4.8891 0.1905
v 1.7841 4.8564 0.1932
v 1.6418 4.9341 -0.4087
v 1.6954 4.9914 -0.4529
v 1.6651 4.9108 -0.3872
v 1.6753 5.0095 -0.4745
v 1.7596 5.0827 -0.4834
v 1.6823 5.1318 -0.5199
v 1.7225 5.1053 -0.5076
v 1.6566 5.0330 -0.4819
v 1.6355 5.1457 -0.5427
v 1.7785 5.2075 -0.5275
v 1.8196 5.1826 -0.5028
v 1.7932 5.0571 -0.4596
v 1.8966 5.2720 -0.5216
v 1.8519 5.3023 -0.5453
v 1.9268 5.2247 -0.5110
v 1.9866 5.3076 -0.5369
v 1.9304 5.2019 -0.5032
v 1.8571 5.1438 -0.4887
v 1.7994 5.0433 -0.4457
v 1.7287 4.9737 -0.4249
v 1.7393 4.9623 -0.4131
v 1.6974 4.8936 -0.3549
v 1.7060 4.8325 -0.2724
v 1.7121 4.7965 -0.1941
v 1.6655 4.8583 -0.2996
v 2.0288 5.4002 -0.5613
v 2.0795 5.4763 -0.5623
v 2.0767 5.5030 -0.5720
v 2.1247 5.5785 -0.5646
v 2.1210 5.6087 -0.5715
v 2.1706 5.6802 -0.5443
v 2.1673 5.7056 -0.5547
v 2.2199 5.7759 -0.5001
v 2.2141 5.7998 -0.5114
v 2.2677 5.8715 -0.4262
v 2.2624 5.8949 -0.4364
v 2.3055 5.9796 -0.3341
v 2.3472 6.0232 -0.1957
v 2.2990 6.0929 -0.2095
v 2.3412 6.0502 -0.2007
v 2.2645 6.0307 -0.3508
v 2.2393 6.0816 -0.3718
v 2.2733 6.1396 -0.2321
v 2.2922 6.1809 -0.0943
v 2.3268 6.1358 -0.0801
v 2.3781 6.1042 -0.0744
v 2.3491 6.1698 0.0368
v 2.4025 6.1434 0.0468
v 2.4052 6.1494 0.1761
v 2.4150 6.1195 0.1760
v 2.4142 6.1095 0.3019
v 2.3410 6.1809 0.1796
v 2.3271 6.1517 0.3157
v 2.4037 6.1366 0.3086
v 2.3946 6.1158 0.4234
v 2.4124 6.0958 0.4140
v 2.3277 6.1284 0.4332
v 2.3221 6.1089 0.5432
v 2.3872 6.0867 0.5189
v 2.3830 6.0552 0.6154
v 2.3707 5.9685 0.6988
v 2.3111 6.0759 0.6393
v 2.2908 6.0094 0.7237
v 2.3567 5.9930 0.7049
v 2.3277 5.9113 0.8045
v 2.2705 5.9397 0.8126
v 2.2260 5.8394 0.8951
v 2.2825 5.8176 0.8966
v 2.2371 5.6983 0.9708
v 2.1861 5.7334 0.9628
v 2.1210 5.5878 1.0060
v 2.1727 5.5457 1.0106
v 2.1282 5.3964 1.0160
v 2.1414 5.3744 1.0067
v 2.0795 5.4400 1.0240
v 2.0324 5.2970 1.0230
v 1.9690 5.1827 1.0202
v 1.9956 5.1716 1.0001
v 2.0010 5.3050 1.0471
v 1.9720 5.3225 1.0678
v 1.9411 5.2096 1.0285
v 1.9050 5.1005 0.9807
v 1.9366 5.0685 0.9736
v 1.9690 5.0485 0.9628
v 1.9308 4.9562 0.9104
v 1.8697 5.0090 0.9159
v 1.8983 4.9759 0.9111
v 1.8741 4.9167 0.8392
v 1.8438 4.9477 0.8415
v 1.8642 4.8780 0.7584
v 1.8318 4.9063 0.7610
v 1.8678 4.8493 0.6730
v 1.8333 4.8766 0.6745
v 1.8650 4.8241 0.5857
v 1.8355 4.8542 0.5845
v 1.8625 4.8106 0.4880
v 1.8385 4.8432 0.4843
v 1.8491 4.8117 0.3786
v 1.8355 4.8474 0.3788
v 1.8234 4.8136 0.2826
v 1.8127 4.8542 0.2795
v 1.7935 4.8192 0.1957
v 1.8515 4.7720 0.2998
v 1.8735 4.7753 0.3965
v 1.8922 4.7493 0.4330
v 1.8833 4.7368 0.3281
v 1.8967 4.7591 0.5476
v 1.8963 4.7433 0.4427
v 1.9074 4.7838 0.6397
v 1.9164 4.7767 0.6463
v 1.9179 4.8218 0.7127
v 1.8889 4.8005 0.6065
v 1.8829 4.7815 0.5090
v 1.8911 4.8317 0.6891
v 1.9315 4.8552 0.7849
v 1.8947 4.8615 0.7718
v 1.9060 4.8992 0.8469
v 1.9443 4.8498 0.7896
v 1.9458 4.8933 0.8501
v 1.9689 4.9458 0.9020
v 2.0005 5.0266 0.9426
v 2.0413 5.1398 0.9762
v 2.0851 5.2605 1.0066
v 2.0068 5.0069 0.9353
v 1.8538 4.7485 0.2315
v 1.8186 4.7797 0.2080
v 1.8084 4.8890 0.2788
v 1.7995 4.9252 0.2799
v 1.8272 4.8846 0.3798
v 1.8075 4.9286 0.3757
v 1.7754 4.9650 0.2823
v 1.7967 4.9515 0.4796
v 1.7556 5.0081 0.5827
v 1.8086 4.9046 0.5866
v 1.7856 4.9655 0.5824
v 1.8204 4.8940 0.4850
v 1.7740 4.9786 0.6835
v 1.7984 4.9206 0.6829
v 1.7973 4.9461 0.7760
v 1.7676 4.9921 0.7868
v 1.7474 5.0338 0.7887
v 1.7807 5.0203 0.8852
v 1.7566 5.0539 0.8943
v 1.7305 5.0505 0.7940
v 1.7412 5.0782 0.8939
v 1.7690 5.1156 0.9848
v 1.7526 5.2335 1.0495
v 1.7459 5.1395 0.9858
v 1.7825 5.2077 1.0473
v 1.7449 5.3822 1.0609
v 1.7328 5.2592 1.0381
v 1.7703 5.3533 1.0774
v 1.7477 5.5056 1.0527
v 1.7242 5.3967 1.0501
v 1.7712 5.4978 1.0588
v 1.7559 5.6050 1.0555
v 1.7271 5.4966 1.0614
v 1.7790 5.6168 1.0425
v 1.7619 5.7054 1.0593
v 1.7362 5.5883 1.0712
v 1.7892 5.7212 1.0535
v 1.7605 5.8136 1.0315
v 1.7330 5.6918 1.0566
v 1.7949 5.8278 1.0413
v 1.7591 5.9159 0.9881
v 1.7322 5.8020 1.0363
v 1.7861 5.9212 0.9730
v 1.8006 6.0419 0.9183
v 1.8381 6.1490 0.8271
v 1.8571 6.1398 0.8035
v 1.8202 6.0345 0.8952
v 1.8599 6.0466 0.8944
v 1.8949 6.1464 0.7940
v 1.8882 6.2276 0.6981
v 1.8655 6.2300 0.7205
v 1.8079 6.1502 0.8423
v 1.8528 6.3028 0.6389
v 1.8894 6.2937 0.6083
v 1.9038 6.3455 0.4932
v 1.8726 6.3629 0.5231
v 1.9119 6.3896 0.3591
v 1.8929 6.4495 0.2331
v 1.9236 6.4208 0.2252
v 1.9211 6.4365 0.1200
v 1.8899 6.4695 0.1178
v 1.9219 6.4394 0.0179
v 1.8737 6.4684 -0.1194
v 1.9137 6.4337 -0.1027
v 1.8910 6.4044 -0.2334
v 1.8562 6.4372 -0.2520
v 1.8705 6.3593 -0.3536
v 1.8179 6.3393 -0.4924
v 1.7947 6.2632 -0.5952
v 1.9160 6.3607 -0.2190
v 1.9377 6.3913 -0.0909
v 1.9664 6.3682 -0.0942
v 1.9457 6.4009 0.0228
v 1.9495 6.4050 0.1205
v 1.9747 6.3802 0.0188
v 1.9434 6.3873 0.2219
v 1.9824 6.3915 0.1189
v 2.0317 6.4146 -0.0109
v 2.0228 6.3979 -0.1306
v 2.0658 6.3852 -0.1552
v 2.0276 6.4022 0.1064
v 2.0750 6.4106 -0.0361
v 2.0945 6.3364 -0.1693
v 2.1178 6.2800 -0.1784
v 2.1045 6.2318 -0.2985
v 2.1283 6.1888 -0.3182
v 2.1550 6.1595 -0.3435
v 2.2154 6.1994 -0.2367
v 2.1870 6.1400 -0.3671
v 2.1760 6.2139 -0.2136
v 2.2746 6.2223 -0.1082
v 2.2538 6.1791 -0.2470
v 2.2332 6.2401 -0.1015
v 2.3149 6.2060 0.0321
v 2.2823 6.2413 0.0280
v 2.3166 6.2109 0.1772
v 2.2857 6.2420 0.1727
v 2.3094 6.1887 0.3200
v 2.2868 6.2223 0.3191
v 2.3062 6.1664 0.4451
v 2.2775 6.1930 0.4473
v 2.2938 6.1448 0.5632
v 2.2680 6.1668 0.5652
v 2.2802 6.1029 0.6621
v 2.2515 6.1233 0.6713
v 2.2650 6.0477 0.7511
v 2.2282 6.0629 0.7611
v 2.2363 5.9732 0.8364
v 2.2039 5.9856 0.8439
v 2.1988 5.8687 0.9184
v 2.1651 5.8877 0.9301
v 2.1486 5.7514 0.9851
v 2.1184 5.7648 0.9994
v 2.0842 5.5997 1.0273
v 2.0609 5.6134 1.0477
v 2.0418 5.4467 1.0440
v 2.0175 5.4544 1.0685
v 1.9713 5.4851 1.0667
v 1.9265 5.3574 1.0700
v 1.8968 5.2492 1.0390
v 1.8701 5.1421 0.9976
v 1.8442 5.2973 1.0508
v 1.8239 5.1836 1.0243
v 1.8379 5.0487 0.9377
v 1.8117 4.9850 0.8614
v 1.8017 5.0861 0.9668
v 1.8022 5.3251 1.0734
v 1.8349 5.4484 1.0640
v 1.8761 5.4129 1.0543
v 1.8012 5.4743 1.0720
v 1.8426 5.6033 1.0480
v 1.8771 5.5789 1.0408
v 1.8078 5.6166 1.0426
v 1.8541 5.7393 1.0374
v 1.8945 5.7306 1.0306
v 1.8186 5.7345 1.0435
v 1.8645 5.8560 1.0323
v 1.9030 5.8593 1.0187
v 1.8294 5.8430 1.0427
v 1.8729 5.9625 0.9946
v 1.9140 5.9746 0.9831
v 1.8276 5.9402 0.9851
v 1.9156 6.0742 0.9065
v 1.9470 6.1650 0.8020
v 1.9754 6.2512 0.6986
v 1.9581 6.2998 0.5828
v 1.9249 6.2390 0.6918
v 2.0047 6.3005 0.5833
v 1.9345 6.3353 0.4758
v 1.9171 6.2877 0.5884
v 1.9775 6.3453 0.4707
v 1.9383 6.3646 0.3481
v 1.9819 6.3720 0.3465
v 1.9813 6.3819 0.2232
v 2.0245 6.3855 0.2209
v 2.0699 6.3990 0.0883
v 2.0599 6.3712 0.2105
v 2.1009 6.3678 0.0732
v 2.1026 6.3686 -0.0514
v 2.1246 6.3133 -0.0597
v 2.1535 6.2728 -0.0702
v 2.1438 6.2383 -0.1925
v 2.1884 6.2663 0.0411
v 2.1883 6.2491 -0.0844
v 2.1529 6.2865 0.0520
v 2.2336 6.2538 0.1705
v 2.2336 6.2573 0.0315
v 2.1844 6.2599 0.1732
v 2.2348 6.2314 0.3146
v 2.1829 6.2372 0.3098
v 2.2286 6.2028 0.4433
v 2.1784 6.2084 0.4368
v 2.2266 6.1736 0.5615
v 2.1788 6.1739 0.5557
v 2.2116 6.1283 0.6707
v 2.1649 6.1258 0.6673
v 2.1880 6.0635 0.7605
v 2.0991 6.0753 0.7641
v 2.1428 6.0608 0.7565
v 2.1224 6.1367 0.6695
v 2.0921 6.1705 0.6740
v 2.0595 6.1093 0.7763
v 2.0205 6.0340 0.8566
v 1.9888 6.0624 0.8780
v 2.0239 6.1414 0.7879
v 1.9899 6.1628 0.7986
v 1.9582 6.0778 0.8965
v 1.9507 5.9695 0.9592
v 1.9881 5.9472 0.9332
v 1.9439 5.8478 1.0038
v 2.0225 5.9184 0.9097
v 2.0569 6.0025 0.8359
v 2.1018 5.9829 0.8291
v 2.0672 5.8978 0.9064
v 2.1581 5.9825 0.8376
v 2.1177 5.8919 0.9220
v 2.0246 5.7939 0.9716
v 1.9809 5.8222 0.9772
v 1.9814 5.6737 1.0221
v 1.9341 5.7080 1.0156
v 2.0748 5.7770 0.9921
v 1.9200 5.5346 1.0448
v 2.0297 5.6397 1.0449
v 2.0201 6.2395 0.6947
v 2.0421 6.2811 0.5743
v 2.0543 6.3190 0.4544
v 2.0282 6.3740 0.3444
v 2.0214 6.3425 0.4667
v 2.0605 6.3513 0.3326
v 2.0878 6.3152 0.3195
v 2.0824 6.2842 0.4402
v 2.0906 6.3401 0.1977
v 2.1183 6.3044 0.1873
v 2.1246 6.3218 0.0623
v 2.1149 6.2787 0.3108
v 2.1474 6.2758 0.1789
v 2.1104 6.2483 0.4318
v 2.1432 6.2511 0.3072
v 2.1384 6.2207 0.4307
v 2.1065 6.2111 0.5516
v 2.0746 6.2482 0.5595
v 2.1383 6.1838 0.5512
v 2.0583 6.2102 0.6809
v 1.7080 5.4778 1.0763
v 1.6829 5.3758 1.0636
v 1.7027 5.3937 1.0510
v 1.6935 5.2711 1.0312
v 1.7156 5.2750 1.0288
v 1.7158 5.1550 0.9877
v 1.7307 5.1542 0.9825
v 1.7273 5.0787 0.9024
v 1.7163 5.0377 0.8130
v 1.7219 5.0459 0.6939
v 1.7492 5.0245 0.6826
v 1.7106 5.0046 0.7126
v 1.7159 5.0707 0.9177
v 1.7014 5.1464 1.0024
v 1.7117 5.0509 0.9381
v 1.6793 5.2535 1.0529
v 1.6679 5.3563 1.0831
v 1.6717 5.2328 1.0820
v 1.6874 5.4599 1.0879
v 1.6695 5.4406 1.1063
v 1.6912 5.5579 1.0915
v 1.7132 5.5729 1.0795
v 1.6663 5.5377 1.1226
v 1.6808 5.6641 1.0929
v 1.7075 5.6783 1.0643
v 1.6516 5.3970 1.1398
v 2.2218 6.1200 -0.3800
v 2.1835 6.0251 -0.4786
v 2.2013 5.9925 -0.4715
v 2.1514 5.8899 -0.5351
v 2.1356 5.7568 -0.5608
v 2.1769 5.8540 -0.5147
v 2.2239 5.9511 -0.4536
v 1.8398 4.7520 0.1431
v 1.5973 6.1628 -0.6341
v 0.5354 6.4060 0.6812
v 0.5869 6.4229 0.6014
v 0.6410 6.4828 0.5449
v 0.6875 6.5498 0.4901
v 0.7258 6.6223 0.4328
v 0.7389 6.6805 0.4411
v 0.7521 6.6891 0.3627
v 0.7706 6.8106 0.2767
v 0.4253 6.3174 0.7668
v 0.4196 6.2820 0.7368
v 0.3604 6.2465 0.7691
v 0.2972 6.2191 0.7959
v 0.1616 6.2252 0.8651
v 0.0869 6.2212 0.8784
v 0.0877 6.1799 0.8459
v 0.0086 6.1857 0.8556
v -0.0682 6.1932 0.8620
v -0.0697 6.2353 0.8949
v -0.1416 6.2101 0.8641
v -0.2148 6.2660 0.8881
v -0.2817 6.2440 0.8403
v -0.3489 6.3063 0.8462
v -0.4646 6.3313 0.7470
v -0.5818 6.4189 0.6393
v -0.6391 6.4741 0.5720
v -0.6951 6.5891 0.5129
v -0.7303 6.6113 0.4388
v -0.7777 6.7394 0.2730
v -0.7500 6.8330 0.0541
v -0.7475 6.8878 0.0499
v -0.6437 6.8878 -0.1840
v -0.5005 6.8084 -0.3141
v -0.4939 6.8440 -0.3454
v -0.2154 6.7588 -0.4734
v -0.1009 6.7916 -0.5237
v 0.0114 6.7642 -0.5079
v 0.2423 6.8161 -0.5053
v 0.2482 6.7815 -0.4772
v 0.4377 6.8475 -0.4094
v 0.5942 6.8784 -0.2691
v 0.6006 6.8358 -0.2470
v 0.7134 6.8465 -0.0546
v 0.7471 6.8874 0.0510
v 0.7470 6.8318 0.0565
v -2.1118 5.2636 0.9465
v -2.0754 5.0929 0.9575
v -2.1302 5.2178 0.9913
v -2.1629 5.3858 0.9669
v -2.1811 5.3502 1.0046
v -2.2779 5.6925 0.9117
v -2.3406 5.8106 0.8371
v -2.3293 6.0170 0.5955
v -2.3981 6.0813 0.5200
v -2.3555 6.1404 0.3305
v -2.4068 6.1371 0.3439
v -2.3520 6.1626 0.2391
v -2.4076 6.1604 0.2467
v -2.3479 6.1671 0.1411
v -2.3989 6.1623 0.0362
v -2.3258 6.1221 -0.0684
v -2.3742 6.1164 -0.0767
v -2.3028 6.0680 -0.1879
v -2.3050 5.9761 -0.3053
v -2.2159 5.7951 -0.4512
v -2.1448 5.7214 -0.4606
v -2.0838 5.5200 -0.4799
v -2.0259 5.3253 -0.4525
v -1.8214 4.8347 -0.3304
v -1.8297 4.8750 -0.2913
v -1.8327 4.7690 -0.2487
v -2.0192 5.0378 0.8636
v -2.0269 4.9791 0.9203
v -1.9987 4.9714 0.8271
v -1.9483 4.8036 0.7243
v -1.9332 4.8267 0.6057
v -1.8916 4.7469 0.5640
v -1.9064 4.8027 0.5216
v -1.8552 4.7261 0.3312
v -1.8683 4.7851 0.3126
v -1.8477 4.7926 0.2124
v -1.8408 4.7274 -0.0251
v -1.8443 4.7676 -0.0816
v 2.0939 5.2436 0.9964
v 2.0505 5.1211 0.9696
v 2.1071 5.3939 0.9498
v 2.1849 5.5184 0.9998
v 2.2452 5.6701 0.9720
v 2.2610 5.7556 0.8556
v 2.2966 5.7892 0.8926
v 2.3376 5.8848 0.8011
v 2.3988 6.0330 0.6032
v 2.3486 6.0272 0.5130
v 2.4064 6.0671 0.5070
v 2.3571 6.0594 0.4296
v 2.3535 6.0803 0.3278
v 2.4089 6.1155 0.0598
v 2.3865 6.0788 -0.0628
v 2.3281 6.0603 -0.0351
v 2.3097 5.9543 -0.3240
v 2.2620 5.9465 -0.2948
v 2.2240 5.8678 -0.3932
v 2.1798 5.7757 -0.4622
v 2.1330 5.6844 -0.4998
v 2.0355 5.3749 -0.5522
v 2.0089 5.4054 -0.4966
v 1.9898 5.2858 -0.5291
v 1.9237 5.2516 -0.4445
v 1.8668 5.1224 -0.4782
v 1.8708 5.1778 -0.4194
v 1.7078 4.8867 -0.3458
v 1.7397 4.9533 -0.2960
v 1.7176 4.8273 -0.2670
v 1.7209 4.7935 -0.1904
v 1.7838 4.8331 -0.0874
v 1.8264 4.8329 0.0585
v 1.8462 4.8300 0.1469
v 1.8674 4.7454 0.2411
v 1.9021 4.8142 0.3304
v 1.8921 4.7324 0.3378
v 1.8730 4.8254 0.2393
v 1.9089 4.8208 0.4254
v 1.9173 4.8243 0.5271
v 1.9031 4.7525 0.5554
v 1.9292 4.8152 0.7187
v 1.9603 4.8885 0.8536
v 1.9810 4.9354 0.8992
v 1.9806 4.9988 0.8445
v 1.8221 5.3170 0.8683
v 1.8339 5.4150 0.8925
v 2.0048 5.3326 0.9112
v 1.9809 5.2302 0.8882
v 1.9547 5.1213 0.8538
v 1.8069 5.2244 0.8247
v 1.9315 5.0317 0.8109
v 1.7924 5.1484 0.7710
v 1.9186 4.9731 0.7602
v 1.9642 4.9517 0.8042
v 2.0004 5.0686 0.8763
v 2.0671 5.2835 0.9347
v 2.0338 5.1766 0.9090
v 2.0311 5.4438 0.9252
v 2.0540 5.5704 0.9211
v 2.2072 5.6505 0.9350
v 2.1377 5.5202 0.9500
v 2.1166 5.6917 0.8957
v 2.1515 5.7919 0.8355
v 2.2642 5.8482 0.7793
v 2.1698 5.8736 0.7666
v 2.1961 5.9394 0.6878
v 2.3271 5.9815 0.5961
v 2.3000 5.9191 0.6856
v 2.2036 5.9891 0.6115
v 2.2030 6.0246 0.5375
v 2.2027 6.0524 0.4572
v 2.2139 6.0820 0.3623
v 2.3530 6.1018 0.2093
v 2.2324 6.1164 0.2425
v 2.2421 6.1372 0.1183
v 2.3496 6.0952 0.0885
v 2.2312 6.1139 -0.0020
v 2.2218 6.0668 -0.1279
v 2.2958 6.0040 -0.1665
v 2.0547 6.0697 -0.2286
v 2.1979 6.0224 -0.2709
v 2.0750 6.1049 -0.1051
v 2.0293 6.0182 -0.3222
v 2.1672 5.9488 -0.3735
v 2.1298 5.8539 -0.4411
v 1.9995 5.9431 -0.3855
v 2.0888 5.7614 -0.4772
v 1.9636 5.8590 -0.4243
v 1.9202 5.7687 -0.4394
v 2.0472 5.6635 -0.4901
v 2.0886 5.5874 -0.5148
v 2.0044 5.5654 -0.4832
v 2.0470 5.4944 -0.5098
v 1.8329 5.5833 -0.4256
v 1.9557 5.4782 -0.4648
v 1.8760 5.6724 -0.4361
v 1.9012 5.4008 -0.4400
v 1.7938 5.5001 -0.4163
v 1.7596 5.4177 -0.4004
v 1.8510 5.3278 -0.4158
v 1.9681 5.3291 -0.4726
v 1.7303 5.3315 -0.3774
v 1.8154 5.2420 -0.3949
v 1.7698 5.1450 -0.3744
v 1.7027 5.2316 -0.3567
v 1.8128 5.1010 -0.3899
v 1.7617 5.0237 -0.3569
v 1.6748 5.1290 -0.3268
v 1.7263 5.0472 -0.3454
v 1.6672 5.0533 -0.2697
v 1.7141 4.9678 -0.2874
v 1.7568 4.8907 -0.2266
v 1.6781 5.0009 -0.2040
v 1.7404 4.9056 -0.2174
v 1.6932 4.9677 -0.1314
v 1.7869 4.8459 -0.0719
v 1.7641 4.8637 -0.1441
v 1.7056 4.9548 -0.0572
v 1.8072 4.8314 -0.0166
v 1.8023 4.8517 -0.0036
v 1.8144 4.8640 0.0683
v 1.8264 4.8722 0.1430
v 1.7364 4.9793 0.1617
v 1.7233 4.9772 0.0876
v 1.7136 4.9644 0.0152
v 1.7630 4.8532 -0.1586
v 2.0829 6.1429 0.0040
v 2.0802 6.1539 0.1086
v 2.0623 6.1167 0.2200
v 2.0479 6.0875 0.3280
v 2.0380 6.0673 0.4183
v 2.0318 6.0446 0.5002
v 2.0242 6.0154 0.5777
v 2.0132 5.9715 0.6519
v 1.9894 5.9107 0.7203
v 1.9602 5.8392 0.7869
v 1.9294 5.7518 0.8400
v 1.8938 5.6454 0.8786
v 1.8572 5.5250 0.8973
v 1.9514 4.9130 0.7461
v 1.9397 4.8804 0.6802
v 1.9172 4.9036 0.6322
v 1.9139 4.9335 0.7000
v 1.8015 5.0219 0.5819
v 1.7961 5.0531 0.6478
v 1.7892 5.0943 0.7116
v 1.7983 5.0017 0.5146
v 1.9291 4.8464 0.6124
v 1.9153 4.8767 0.5586
v 1.9046 4.8607 0.4734
v 1.8901 4.8632 0.3819
v 1.7803 4.9855 0.3721
v 1.7903 4.9917 0.4432
v 1.7674 4.9851 0.3036
v 1.8723 4.8657 0.2995
v 1.8473 4.8720 0.2208
v 1.7526 4.9865 0.2350
v -1.8326 5.3500 0.8473
v -1.9906 5.1857 0.8794
v -2.0326 5.2920 0.9268
v -1.8603 5.4278 0.8870
v -1.8069 5.2709 0.7926
v -1.9504 5.0786 0.8295
v -1.9229 4.9932 0.7822
v -1.7876 5.2002 0.7358
v -2.0622 5.1489 0.9067
v -2.0769 5.4096 0.9594
v -2.1195 5.5571 0.9541
v -2.2073 5.5339 0.9680
v -2.1839 5.7155 0.8967
v -1.9541 5.6372 0.8922
v -1.9025 5.5196 0.9075
v -1.9929 5.7542 0.8395
v -2.2044 5.8451 0.8010
v -2.3173 5.9355 0.7055
v -2.2241 5.9465 0.6975
v -2.3040 5.8230 0.8073
v -2.2244 6.0155 0.5985
v -2.3567 6.0819 0.5007
v -2.2264 6.0609 0.5069
v -2.0416 5.9471 0.6762
v -2.0557 6.0068 0.5943
v -2.0172 5.8598 0.7608
v -2.0598 6.0456 0.5150
v -2.2292 6.0960 0.4229
v -2.2305 6.1205 0.3406
v -2.3640 6.1215 0.4147
v -2.2319 6.1422 0.2501
v -2.2329 6.1649 0.1528
v -2.0601 6.0906 0.3693
v -2.0633 6.1046 0.2920
v -2.0604 6.0724 0.4414
v -2.0679 6.1270 0.2084
v -2.2311 6.1654 0.0598
v -2.2287 6.1363 -0.0509
v -2.3430 6.1621 0.0416
v -2.2155 6.0880 -0.1616
v -2.0439 6.0873 -0.1373
v -2.0643 6.1171 -0.0548
v -2.1952 6.0299 -0.2719
v -2.1573 5.9458 -0.3357
v -2.0203 6.0439 -0.1910
v -2.1147 5.8556 -0.3884
v -1.9904 5.9788 -0.2270
v -2.0752 5.7651 -0.4334
v -1.9559 5.9023 -0.2550
v -1.9175 5.8197 -0.2767
v -2.0444 5.6652 -0.4558
v -2.0026 5.5745 -0.4428
v -1.8758 5.7290 -0.2920
v -1.8416 5.6351 -0.2901
v -1.9557 5.4844 -0.4231
v -1.9247 5.3921 -0.4065
v -1.8155 5.5424 -0.2823
v -1.7955 5.4502 -0.2731
v -1.8991 5.2996 -0.3937
v -1.7899 5.3565 -0.2618
v -1.8882 5.1969 -0.3855
v -1.8545 5.0927 -0.3755
v -1.7968 5.2498 -0.2482
v -1.7882 5.1442 -0.2281
v -1.9165 5.0522 -0.4012
v -1.9699 5.1355 -0.4211
v -2.0011 5.2266 -0.4364
v -2.0543 5.4181 -0.4695
v -2.1112 5.6229 -0.4792
v -2.1829 5.8155 -0.4256
v -2.2287 5.9072 -0.3640
v -2.2715 5.9897 -0.2905
v -1.7962 4.9899 -0.3396
v -1.7737 5.0904 -0.1795
v -1.8510 4.9672 -0.3677
v -1.7827 4.8980 -0.2649
v -1.7676 5.0672 -0.1283
v -1.8094 4.8380 -0.1932
v -1.7593 5.0599 -0.0752
v -1.8138 4.8201 -0.1267
v -1.8175 4.8186 -0.0613
v -1.7473 5.0589 -0.0148
v -1.7384 5.0604 0.0519
v -1.8470 4.7731 -0.0149
v -1.8176 4.8256 0.0000
v -1.8442 4.7819 0.0493
v -1.8111 4.8353 0.0598
v -1.8077 4.8438 0.1252
v -1.8397 4.7883 0.1243
v -1.8120 4.8450 0.1997
v -1.7399 5.0641 0.2525
v -1.7302 5.0652 0.1849
v -1.7335 5.0644 0.1178
v -1.8354 4.7744 -0.1509
v -1.9694 4.8884 0.7349
v -1.8965 4.8974 0.6793
v -1.8894 4.8749 0.6169
v -1.9554 4.8583 0.6717
v -1.9824 4.9264 0.7882
v -1.9061 4.9353 0.7335
v -1.7681 5.1123 0.6300
v -1.7761 5.1482 0.6832
v -1.7643 5.0900 0.5739
v -1.7620 5.0760 0.5141
v -1.8736 4.8559 0.5485
v -1.7589 5.0719 0.4507
v -1.8514 4.8411 0.4705
v -1.7511 5.0647 0.3846
v -1.8277 4.8384 0.3767
v -1.7466 5.0598 0.3185
v -1.8226 4.8389 0.2859
v -1.8836 4.7960 0.4149
v -1.7343 5.0641 0.2525
v -2.0748 6.1501 0.0261
v -2.0766 6.1544 0.1287
v -0.8789 2.1386 -0.5856
v -0.9773 2.1257 -0.5363
v -1.0062 1.9381 -0.5817
v -0.9032 1.9474 -0.6483
v -0.7910 1.9650 -0.6863
v -0.7728 2.1524 -0.6115
v -0.6635 2.1694 -0.6245
v -0.9203 1.7958 -0.6886
v -0.8024 1.8189 -0.7429
v -0.6737 1.9845 -0.6972
v -0.5542 2.1866 -0.6305
v -0.6839 1.8373 -0.7545
v -0.5575 1.9970 -0.6989
v -0.8513 1.7550 -0.8353
v -0.7313 1.7719 -0.8610
v -0.5591 1.8504 -0.7483
v -0.4417 2.0153 -0.6920
v -0.4466 2.2041 -0.6313
v -0.3383 2.2303 -0.6075
v -0.4347 1.8724 -0.7335
v -0.3265 2.0296 -0.6797
v -0.2193 2.0530 -0.6643
v -0.2323 2.2596 -0.5937
v -0.1273 2.2821 -0.5934
v -0.3181 1.8870 -0.7282
v -0.2087 1.9034 -0.7281
v -0.1145 2.0844 -0.6460
v -0.2197 1.8296 -0.8515
v -0.4652 1.7927 -0.8635
v -0.6001 1.7770 -0.8672
v -0.7700 1.7219 -0.9089
v -0.6327 1.7295 -0.9323
v -0.9793 1.7311 -0.7637
v -1.0297 1.6795 -0.8023
v -1.1432 1.6762 -0.7244
v -1.1029 1.7190 -0.6839
v -1.2085 1.7113 -0.5911
v -1.2418 1.6609 -0.6169
v -1.3061 1.7056 -0.4861
v -1.3879 1.7053 -0.3712
v -1.4234 1.6536 -0.3933
v -1.4528 1.7068 -0.2539
v -1.5113 1.7156 -0.1359
v -1.5907 1.6622 -0.0199
v -1.4421 1.8008 0.0170
v -1.5576 1.7308 -0.0156
v -1.4112 1.7861 -0.1000
v -1.4287 1.9579 0.1537
v -1.4578 1.8131 0.1385
v -1.4267 1.9494 0.0270
v -1.3492 2.1385 0.2974
v -1.4252 1.9596 0.2821
v -1.3708 2.1405 0.1712
v -1.3138 2.1265 0.4252
v -1.4179 1.9590 0.4130
v -1.5103 1.8319 0.3932
v -1.4187 1.9570 0.5450
v -1.6239 1.7495 0.2471
v -1.4848 1.8228 0.2624
v -1.6494 1.7585 0.3891
v -1.5916 1.7413 0.1118
v -1.6309 1.6689 0.1110
v -1.7081 1.6825 0.3912
v -1.2797 2.1081 0.5535
v -1.3704 2.1301 0.0481
v -1.3395 2.1179 -0.0667
v -1.3993 1.9377 -0.0913
v -1.3492 1.9277 -0.2035
v -1.3636 1.7769 -0.2113
v -1.3011 1.7720 -0.3184
v -1.2258 1.7690 -0.4270
v -1.2841 1.9135 -0.3117
v -1.2900 2.1098 -0.1756
v -1.2326 2.1082 -0.2824
v -1.1627 2.1130 -0.3837
v -1.2060 1.9072 -0.4152
v -1.1078 1.9210 -0.5036
v -1.0737 2.1171 -0.4686
v -1.0279 1.7840 -0.6087
v -1.1322 1.7743 -0.5245
v -0.3653 1.7668 -0.9432
v -0.3389 1.8122 -0.8551
v -0.1006 1.8485 -0.8411
v -0.1017 1.9260 -0.7225
v 0.0196 1.8456 -0.8398
v 0.0095 1.9219 -0.7247
v -0.0068 2.0805 -0.6527
v -0.0254 2.2850 -0.5926
v 0.0788 2.2760 -0.5875
v 0.1012 2.0701 -0.6439
v 0.1212 1.9139 -0.7177
v 0.1411 1.8416 -0.8355
v 0.2589 1.8269 -0.8369
v 0.3351 1.8839 -0.7033
v 0.2283 1.9021 -0.7074
v 0.3743 1.8111 -0.8407
v 0.4300 2.0144 -0.6719
v 0.3186 2.0305 -0.6631
v 0.4465 1.8735 -0.7034
v 0.5050 2.2042 -0.5963
v 0.3984 2.2150 -0.5990
v 0.5421 2.0070 -0.6724
v 0.6575 2.0025 -0.6651
v 0.6117 2.1946 -0.5799
v 0.7717 2.0007 -0.6471
v 0.8294 2.1783 -0.5339
v 0.7206 2.1844 -0.5624
v 0.8876 2.0015 -0.6044
v 0.9994 1.9942 -0.5381
v 0.9310 2.1758 -0.4856
v 1.1031 1.9897 -0.4552
v 1.0307 2.1793 -0.4214
v 1.1210 2.1873 -0.3371
v 1.0362 1.8536 -0.5483
v 1.1423 1.8487 -0.4623
v 1.2205 1.8453 -0.3535
v 1.1911 1.9969 -0.3563
v 1.2559 2.0083 -0.2468
v 1.1889 2.1928 -0.2360
v 1.3093 2.0177 -0.1308
v 1.2390 2.2039 -0.1280
v 1.2806 2.2236 -0.0193
v 1.2756 1.8493 -0.2355
v 1.3269 1.8537 -0.1177
v 1.3646 1.8553 0.0002
v 1.3464 2.0352 -0.0142
v 1.4036 1.8597 0.1144
v 1.3792 2.0612 0.2165
v 1.3694 2.0510 0.1005
v 1.4200 1.8646 0.2265
v 1.2982 2.2613 0.3227
v 1.3103 2.2627 0.2039
v 1.3761 2.0608 0.3342
v 1.3687 2.0518 0.4538
v 1.2745 2.2461 0.4433
v 1.2483 2.2285 0.5595
v 1.4499 1.8661 0.4589
v 1.4282 1.8640 0.5802
v 1.5824 1.7675 0.3333
v 1.5818 1.7745 0.4604
v 1.4496 1.8677 0.3395
v 1.5574 1.7647 0.2115
v 1.5194 1.7622 0.0932
v 1.6192 1.6984 0.5951
v 1.5622 1.6816 0.0873
v 1.4740 1.7623 -0.0241
v 1.5205 1.6911 -0.0357
v 1.4225 1.7709 -0.1484
v 1.3651 1.7721 -0.2742
v 1.3052 1.7714 -0.3976
v 1.2260 1.7786 -0.5150
v 1.1220 1.7876 -0.6124
v 0.9946 1.7862 -0.7062
v 1.0615 1.7357 -0.7438
v 0.8653 1.7927 -0.7898
v 0.7496 1.8005 -0.8202
v 0.6836 1.8604 -0.7033
v 0.7994 1.8525 -0.6933
v 0.5643 1.8659 -0.7038
v 0.6262 1.8027 -0.8308
v 0.6704 1.7560 -0.8966
v 0.4979 1.8078 -0.8409
v 0.4083 1.7722 -0.9210
v 0.2786 1.7783 -0.9077
v 0.9215 1.8500 -0.6337
v 0.2086 2.0551 -0.6503
v 0.2907 2.2344 -0.5833
v 0.1840 2.2590 -0.5780
v -0.0765 2.0932 1.3631
v -0.1195 1.9356 1.3990
v -0.2269 1.9065 1.4258
v -0.1769 2.0936 1.3651
v 0.0407 2.0595 1.3719
v 0.0125 1.8875 1.4304
v -0.0046 1.8113 1.4434
v -0.1576 1.8108 1.4525
v -0.2647 1.8008 1.4581
v -0.3026 1.7577 1.5259
v -0.1957 1.7572 1.5644
v -0.3926 1.7367 1.5349
v -0.4147 1.6900 1.5893
v -0.4314 1.7754 1.4411
v -0.3466 1.7991 1.4584
v -0.4818 1.7261 1.5231
v -0.5832 1.7032 1.5010
v -0.5092 1.7453 1.4082
v -0.4007 1.8749 1.4280
v -0.3188 1.8916 1.4363
v -0.2666 2.0635 1.3805
v -0.3492 2.0252 1.3930
v -0.4272 1.9869 1.3796
v -0.4825 1.8446 1.4131
v -0.5728 1.8259 1.3761
v -0.5132 1.9635 1.3532
v -0.6329 1.9717 1.3382
v -0.6194 1.7265 1.3880
v -0.7014 1.8350 1.3575
v -0.7754 2.0112 1.2962
v -0.8545 1.8711 1.3122
v -1.0132 1.8963 1.2414
v -0.9153 2.0431 1.2183
v -1.0325 2.0533 1.1191
v -1.1984 1.7970 1.1415
v -1.1389 1.9061 1.1423
v -1.0718 1.7931 1.2355
v -1.4308 1.7445 1.0594
v -1.3011 1.8060 1.0193
v -1.3205 1.7413 1.1859
v -1.5190 1.7492 0.9315
v -1.4514 1.8288 0.7883
v -1.3852 1.8166 0.9033
v -1.5837 1.7581 0.8086
v -1.3166 1.9353 0.9152
v -1.3683 1.9446 0.8005
v -1.1293 2.0594 1.0200
v -1.2365 1.9199 1.0278
v -1.1982 2.0704 0.9166
v -1.2399 2.0825 0.8040
v -1.2563 2.0928 0.6820
v -1.4043 1.9534 0.6777
v -1.4926 1.8372 0.6633
v -1.5176 1.8382 0.5287
v -1.6460 1.7656 0.6785
v -1.6742 1.7658 0.5340
v -1.6339 1.6845 0.8071
v -1.6970 1.6885 0.6786
v -1.3794 1.6838 1.2009
v -1.2067 1.7419 1.3065
v -1.0387 1.7367 1.3922
v -0.9139 1.6611 1.4727
v -0.7547 1.7363 1.3650
v -0.8586 1.7067 1.4488
v -0.9085 1.7723 1.3072
v -0.7128 1.6951 1.4923
v -0.7603 1.6489 1.5232
v 0.1544 1.8224 1.4359
v 0.2842 1.7114 1.4255
v 0.1484 1.7458 1.4446
v 0.2830 1.7904 1.4185
v 0.4586 1.7365 1.4796
v 0.3161 1.7118 1.5073
v 0.4121 1.7285 1.3857
v 0.6129 1.7752 1.4649
v 0.7082 1.8561 1.3213
v 0.7810 1.8112 1.4220
v 0.5522 1.7945 1.3597
v 0.5378 1.9039 1.3338
v 0.6873 1.9617 1.2926
v 0.8380 2.0070 1.2468
v 0.8618 1.8980 1.2709
v 0.9696 2.0369 1.1721
v 1.1040 1.8942 1.1260
v 0.9930 1.9081 1.1974
v 1.0795 2.0393 1.0951
v 1.2936 1.8060 1.0983
v 1.1972 1.8181 1.2005
v 1.1958 1.8805 1.0338
v 1.3795 1.7969 0.9768
v 1.3532 1.8662 0.8258
v 1.4553 1.7916 0.8544
v 1.2822 1.8717 0.9276
v 1.2516 2.0333 0.9105
v 1.3080 2.0316 0.8045
v 1.3524 2.0435 0.6941
v 1.3978 1.8656 0.7046
v 1.3593 2.0435 0.5731
v 1.5206 1.7870 0.7250
v 1.4829 1.7150 0.8627
v 1.4142 1.7268 0.9932
v 1.5638 1.7818 0.5909
v 1.2394 2.2193 0.6739
v 1.2292 2.2147 0.7834
v 1.1816 2.2041 0.8808
v 1.1112 2.2004 0.9713
v 1.1718 2.0355 1.0048
v 1.0261 2.1981 1.0575
v 0.9286 2.1884 1.1384
v 0.8064 2.1551 1.2170
v 0.6642 2.1077 1.2601
v 0.5270 2.0545 1.2941
v 0.4026 2.0087 1.3289
v 0.4037 1.8313 1.3729
v 0.2862 1.9776 1.3678
v 0.1656 2.0129 1.3711
v 1.0831 1.8351 1.2871
v 0.9522 1.8371 1.3738
v 1.1329 1.7681 1.3325
v 1.2498 1.7521 1.2440
v 0.1688 1.7280 1.5488
v 0.1778 1.6960 1.5603
v -0.0083 1.7877 1.5838
v -0.0082 1.7194 1.5894
v 1.3073 2.2461 0.0903
v 0.0065 6.6039 -0.4858
v 0.0101 6.7019 -0.5112
v -0.1060 6.6941 -0.5016
v -0.0994 6.5973 -0.4768
v 0.1176 6.6140 -0.4774
v 0.1328 6.7126 -0.5018
v 0.1331 6.7744 -0.4998
v -0.1045 6.7567 -0.4980
v -0.2163 6.6957 -0.4768
v -0.3201 6.7095 -0.4342
v -0.3192 6.7719 -0.4322
v -0.4174 6.7284 -0.3762
v -0.4140 6.7891 -0.3758
v -0.5071 6.7493 -0.3126
v -0.5877 6.7687 -0.2417
v -0.5776 6.8262 -0.2437
v -0.6591 6.7871 -0.1566
v -0.6461 6.8437 -0.1584
v -0.7202 6.7916 -0.0554
v -0.7062 6.8488 -0.0553
v -0.7648 6.7747 0.0519
v -0.7924 6.7331 0.1652
v -0.7744 6.7954 0.1667
v -0.7931 6.6728 0.2758
v -0.7826 6.6431 0.1640
v -0.7583 6.6849 0.0489
v -0.7200 6.7023 -0.0668
v -0.6546 6.6890 -0.1737
v -0.5730 6.6651 -0.2600
v -0.4859 6.6429 -0.3242
v -0.3949 6.6243 -0.3761
v -0.2990 6.6086 -0.4217
v -0.2012 6.5984 -0.4555
v 0.2499 6.7194 -0.4779
v 0.3571 6.7328 -0.4378
v 0.3532 6.7954 -0.4373
v 0.4536 6.7472 -0.3834
v 0.4467 6.8098 -0.3814
v 0.5382 6.7612 -0.3243
v 0.5294 6.8241 -0.3196
v 0.6124 6.7740 -0.2537
v 0.6754 6.7857 -0.1642
v 0.6617 6.8458 -0.1588
v 0.7260 6.7884 -0.0582
v 0.7569 6.7714 0.0569
v 0.7725 6.7324 0.1740
v 0.7646 6.7982 0.1699
v 0.7668 6.7488 0.2746
v 0.7584 6.6469 0.1735
v 0.7556 6.5910 0.2846
v 0.7455 6.6859 0.0543
v 0.7216 6.7025 -0.0691
v 0.6676 6.6909 -0.1814
v 0.5938 6.6736 -0.2701
v 0.5120 6.6575 -0.3322
v 0.4243 6.6444 -0.3810
v 0.3279 6.6312 -0.4245
v 0.2257 6.6192 -0.4566
v -0.7605 6.6783 0.3649
v -0.7712 6.6083 0.3700
v -0.7790 6.5824 0.2777
v -0.7390 6.5367 0.4443
v -0.6974 6.4603 0.5127
v -0.6888 6.5395 0.5029
v -0.6499 6.3921 0.5835
v -0.5960 6.3326 0.6499
v -0.5378 6.2805 0.7079
v -0.5217 6.3722 0.6984
v -0.4800 6.2341 0.7557
v -0.4206 6.1953 0.7943
v -0.4073 6.2973 0.7860
v -0.3573 6.1623 0.8241
v -0.3468 6.2681 0.8160
v -0.2897 6.1348 0.8481
v -0.2192 6.1139 0.8641
v -0.2122 6.2246 0.8565
v -0.1472 6.1018 0.8729
v -0.0715 6.0874 0.8690
v 0.0082 6.0808 0.8617
v 0.0044 5.9990 0.8632
v -0.0737 6.0040 0.8721
v -0.1496 6.0135 0.8766
v -0.2232 6.0195 0.8705
v -0.2945 6.0338 0.8573
v -0.3637 6.0568 0.8382
v -0.4289 6.0843 0.8131
v -0.4895 6.1202 0.7786
v -0.5469 6.1656 0.7305
v -0.6037 6.2222 0.6654
v -0.6537 6.2879 0.5904
v -0.6942 6.3596 0.5162
v -0.7275 6.4387 0.4430
v -0.7592 6.5166 0.3673
v 0.0862 5.9895 0.8567
v 0.0906 6.0736 0.8537
v 0.1610 6.1843 0.8336
v 0.1661 6.0763 0.8440
v 0.1624 5.9874 0.8482
v 0.2348 5.9943 0.8386
v 0.2300 6.1989 0.8170
v 0.2363 6.0894 0.8302
v 0.3040 6.1117 0.8109
v 0.3044 6.0091 0.8243
v 0.3709 6.0336 0.8045
v 0.3684 6.1417 0.7848
v 0.4307 6.1823 0.7507
v 0.4347 6.0662 0.7764
v 0.4956 6.1102 0.7379
v 0.4753 6.3227 0.6988
v 0.4899 6.2288 0.7093
v 0.5301 6.3699 0.6541
v 0.5467 6.2822 0.6607
v 0.5540 6.1636 0.6850
v 0.6097 6.2268 0.6178
v 0.6021 6.3393 0.6052
v 0.6516 6.4016 0.5474
v 0.6578 6.2966 0.5482
v 0.6938 6.3691 0.4868
v 0.6931 6.4695 0.4932
v 0.7276 6.5442 0.4392
v 0.7532 6.6150 0.3719
v 0.7201 6.4473 0.4317
v 0.7437 6.5264 0.3676
v 0.7708 6.6778 0.2828
v -1.8356 4.8003 -0.2253
vt 0.3912 0.3702
vt 0.3872 0.3870
vt 0.3757 0.3901
vt 0.3774 0.3755
vt 0.3912 0.3702
vt 0.3976 0.3752
vt 0.3941 0.3874
vt 0.4018 0.3774
vt 0.3997 0.3880
vt 0.3941 0.3874
vt 0.3914 0.3993
vt 0.4048 0.3885
vt 0.4068 0.3792
vt 0.4018 0.3774
vt 0.4077 0.3671
vt 0.4189 0.3619
vt 0.4116 0.3700
vt 0.4077 0.3671
vt 0.4160 0.3586
vt 0.4291 0.3579
vt 0.4219 0.3646
vt 0.4189 0.3619
vt 0.4262 0.3551
vt 0.4329 0.3495
vt 0.4360 0.3526
vt 0.4398 0.3451
vt 0.4423 0.3486
vt 0.4360 0.3526
vt 0.4477 0.3442
vt 0.4302 0.3460
vt 0.4370 0.3416
vt 0.4398 0.3451
vt 0.4437 0.3379
vt 0.4460 0.3415
vt 0.4416 0.3340
vt 0.4347 0.3375
vt 0.4210 0.3478
vt 0.4279 0.3420
vt 0.4302 0.3460
vt 0.4235 0.3517
vt 0.4102 0.3498
vt 0.4183 0.3428
vt 0.4210 0.3478
vt 0.4131 0.3548
vt 0.4072 0.3441
vt 0.3938 0.3413
vt 0.4035 0.3362
vt 0.4072 0.3441
vt 0.3973 0.3505
vt 0.3895 0.3313
vt 0.3938 0.3413
vt 0.3836 0.3458
vt 0.3794 0.3363
vt 0.3836 0.3458
vt 0.3722 0.3522
vt 0.3552 0.3496
vt 0.3681 0.3427
vt 0.3722 0.3522
vt 0.3590 0.3592
vt 0.3379 0.3463
vt 0.3513 0.3404
vt 0.3552 0.3496
vt 0.3416 0.3558
vt 0.3225 0.3410
vt 0.3347 0.3367
vt 0.3379 0.3463
vt 0.3252 0.3510
vt 0.3095 0.3337
vt 0.3204 0.3305
vt 0.3225 0.3410
vt 0.3112 0.3443
vt 0.2984 0.3252
vt 0.3085 0.3225
vt 0.3095 0.3337
vt 0.2990 0.3364
vt 0.2982 0.3135
vt 0.3082 0.3106
vt 0.2982 0.3135
vt 0.2982 0.3011
vt 0.3082 0.2980
vt 0.2982 0.3011
vt 0.2981 0.2879
vt 0.3081 0.2847
vt 0.2981 0.2879
vt 0.2978 0.2740
vt 0.3077 0.2707
vt 0.2978 0.2740
vt 0.2975 0.2594
vt 0.3070 0.2563
vt 0.2975 0.2594
vt 0.2976 0.2442
vt 0.3071 0.2413
vt 0.2976 0.2442
vt 0.2982 0.2286
vt 0.3078 0.2260
vt 0.2982 0.2286
vt 0.2991 0.2129
vt 0.3088 0.2104
vt 0.2991 0.2129
vt 0.3002 0.1966
vt 0.3101 0.1945
vt 0.3002 0.1966
vt 0.3013 0.1801
vt 0.3113 0.1783
vt 0.3013 0.1801
vt 0.3021 0.1637
vt 0.3122 0.1622
vt 0.3021 0.1637
vt 0.3030 0.1476
vt 0.2938 0.1339
vt 0.3046 0.1326
vt 0.3030 0.1476
vt 0.2929 0.1491
vt 0.2949 0.1194
vt 0.2938 0.1339
vt 0.2833 0.1354
vt 0.2727 0.1524
vt 0.2729 0.1369
vt 0.2833 0.1354
vt 0.2829 0.1509
vt 0.2822 0.1672
vt 0.2723 0.1688
vt 0.2727 0.1524
vt 0.2622 0.1699
vt 0.2521 0.1546
vt 0.2625 0.1537
vt 0.2622 0.1699
vt 0.2520 0.1707
vt 0.2521 0.1393
vt 0.2625 0.1382
vt 0.2521 0.1393
vt 0.2519 0.1248
vt 0.2625 0.1237
vt 0.2519 0.1248
vt 0.2520 0.1117
vt 0.2628 0.1107
vt 0.2520 0.1117
vt 0.2522 0.0995
vt 0.2632 0.0986
vt 0.2522 0.0995
vt 0.2524 0.0848
vt 0.2634 0.0840
vt 0.2524 0.0848
vt 0.2524 0.0735
vt 0.2632 0.0633
vt 0.2633 0.0729
vt 0.2524 0.0735
vt 0.2525 0.0637
vt 0.2745 0.0724
vt 0.2743 0.0628
vt 0.2862 0.0824
vt 0.2746 0.0832
vt 0.2745 0.0724
vt 0.2864 0.0721
vt 0.2971 0.0950
vt 0.2856 0.0961
vt 0.2862 0.0824
vt 0.2980 0.0815
vt 0.3077 0.1052
vt 0.2962 0.1064
vt 0.2971 0.0950
vt 0.3089 0.0938
vt 0.3183 0.1176
vt 0.3063 0.1183
vt 0.3077 0.1052
vt 0.3197 0.1042
vt 0.3281 0.1315
vt 0.3162 0.1320
vt 0.3183 0.1176
vt 0.3302 0.1169
vt 0.3359 0.1448
vt 0.3247 0.1458
vt 0.3281 0.1315
vt 0.3390 0.1304
vt 0.3445 0.1579
vt 0.3333 0.1595
vt 0.3359 0.1448
vt 0.3473 0.1434
vt 0.3539 0.1705
vt 0.3426 0.1727
vt 0.3445 0.1579
vt 0.3560 0.1564
vt 0.3637 0.1822
vt 0.3523 0.1850
vt 0.3539 0.1705
vt 0.3655 0.1685
vt 0.3737 0.1927
vt 0.3623 0.1961
vt 0.3637 0.1822
vt 0.3753 0.1796
vt 0.3840 0.2022
vt 0.3728 0.2059
vt 0.3737 0.1927
vt 0.3852 0.1896
vt 0.3948 0.2106
vt 0.3836 0.2148
vt 0.3840 0.2022
vt 0.3950 0.1988
vt 0.4072 0.2218
vt 0.3957 0.2222
vt 0.3948 0.2106
vt 0.4064 0.2107
vt 0.4196 0.2324
vt 0.4081 0.2331
vt 0.4072 0.2218
vt 0.4191 0.2212
vt 0.4314 0.2429
vt 0.4202 0.2436
vt 0.4196 0.2324
vt 0.4311 0.2317
vt 0.4314 0.2429
vt 0.4320 0.2537
vt 0.4209 0.2546
vt 0.4217 0.2653
vt 0.4328 0.2641
vt 0.4335 0.2745
vt 0.4226 0.2761
vt 0.4217 0.2653
vt 0.4118 0.2775
vt 0.4107 0.2665
vt 0.4118 0.2775
vt 0.4009 0.2789
vt 0.3879 0.2754
vt 0.3998 0.2677
vt 0.4009 0.2789
vt 0.3894 0.2856
vt 0.3738 0.2715
vt 0.3859 0.2647
vt 0.3879 0.2754
vt 0.3759 0.2825
vt 0.3608 0.2646
vt 0.3722 0.2594
vt 0.3738 0.2715
vt 0.3622 0.2773
vt 0.3489 0.2556
vt 0.3607 0.2511
vt 0.3608 0.2646
vt 0.3493 0.2694
vt 0.3489 0.2416
vt 0.3607 0.2372
vt 0.3489 0.2416
vt 0.3494 0.2275
vt 0.3390 0.2169
vt 0.3500 0.2135
vt 0.3494 0.2275
vt 0.3381 0.2313
vt 0.3400 0.2024
vt 0.3390 0.2169
vt 0.3282 0.2201
vt 0.3169 0.2382
vt 0.3178 0.2231
vt 0.3282 0.2201
vt 0.3273 0.2349
vt 0.3270 0.2494
vt 0.3169 0.2529
vt 0.3169 0.2382
vt 0.3176 0.2672
vt 0.3276 0.2635
vt 0.3283 0.2774
vt 0.3182 0.2811
vt 0.3176 0.2672
vt 0.3183 0.2945
vt 0.3392 0.2870
vt 0.3286 0.2909
vt 0.3283 0.2774
vt 0.3384 0.2735
vt 0.3524 0.2944
vt 0.3404 0.2994
vt 0.3392 0.2870
vt 0.3506 0.2824
vt 0.3667 0.2993
vt 0.3547 0.3054
vt 0.3524 0.2944
vt 0.3644 0.2888
vt 0.3802 0.3025
vt 0.3693 0.3091
vt 0.3667 0.2993
vt 0.3781 0.2927
vt 0.3926 0.3059
vt 0.3826 0.3120
vt 0.3802 0.3025
vt 0.3908 0.2958
vt 0.4048 0.3113
vt 0.3951 0.3154
vt 0.3926 0.3059
vt 0.4030 0.3009
vt 0.4172 0.3168
vt 0.4083 0.3212
vt 0.4048 0.3113
vt 0.4152 0.3086
vt 0.4285 0.3210
vt 0.4201 0.3243
vt 0.4172 0.3168
vt 0.4268 0.3141
vt 0.4228 0.3311
vt 0.4305 0.3272
vt 0.4326 0.3328
vt 0.4254 0.3369
vt 0.4228 0.3311
vt 0.4183 0.3428
vt 0.4154 0.3369
vt 0.4228 0.3311
vt 0.4122 0.3298
vt 0.4326 0.3328
vt 0.4401 0.3295
vt 0.4416 0.3340
vt 0.4387 0.3245
vt 0.4285 0.3210
vt 0.4373 0.3185
vt 0.4387 0.3245
vt 0.4362 0.3119
vt 0.4354 0.3043
vt 0.4362 0.3119
vt 0.4268 0.3141
vt 0.4255 0.3065
vt 0.4354 0.3043
vt 0.4255 0.3065
vt 0.4246 0.2973
vt 0.4128 0.2884
vt 0.4236 0.2869
vt 0.4246 0.2973
vt 0.4139 0.2990
vt 0.4128 0.2884
vt 0.4019 0.2901
vt 0.4009 0.2789
vt 0.4343 0.2850
vt 0.4349 0.2953
vt 0.3995 0.3266
vt 0.3856 0.3215
vt 0.3951 0.3154
vt 0.3995 0.3266
vt 0.3826 0.3120
vt 0.3856 0.3215
vt 0.3756 0.3272
vt 0.3604 0.3249
vt 0.3722 0.3183
vt 0.3756 0.3272
vt 0.3640 0.3338
vt 0.3446 0.3214
vt 0.3573 0.3155
vt 0.3604 0.3249
vt 0.3477 0.3312
vt 0.3302 0.3156
vt 0.3422 0.3109
vt 0.3446 0.3214
vt 0.3321 0.3265
vt 0.3185 0.3073
vt 0.3291 0.3037
vt 0.3302 0.3156
vt 0.3191 0.3193
vt 0.4152 0.3086
vt 0.4217 0.2653
vt 0.4107 0.2665
vt 0.4098 0.2554
vt 0.4098 0.2554
vt 0.4089 0.2443
vt 0.4202 0.2436
vt 0.3977 0.2450
vt 0.3998 0.2677
vt 0.3987 0.2564
vt 0.4098 0.2554
vt 0.3977 0.2450
vt 0.3967 0.2336
vt 0.4081 0.2331
vt 0.3838 0.2403
vt 0.3859 0.2647
vt 0.3842 0.2531
vt 0.3977 0.2450
vt 0.3838 0.2403
vt 0.3836 0.2275
vt 0.3957 0.2222
vt 0.3721 0.2325
vt 0.3722 0.2594
vt 0.3720 0.2461
vt 0.3838 0.2403
vt 0.3721 0.2325
vt 0.3722 0.2193
vt 0.3836 0.2148
vt 0.3609 0.2235
vt 0.3614 0.2098
vt 0.3609 0.2235
vt 0.3494 0.2275
vt 0.3375 0.2457
vt 0.3270 0.2494
vt 0.3375 0.2457
vt 0.3378 0.2597
vt 0.4064 0.1994
vt 0.4064 0.2107
vt 0.4064 0.1994
vt 0.4184 0.1993
vt 0.4314 0.2088
vt 0.4186 0.2102
vt 0.4184 0.1993
vt 0.4324 0.1968
vt 0.4314 0.2088
vt 0.4311 0.2202
vt 0.4191 0.2212
vt 0.4369 0.1860
vt 0.4214 0.1879
vt 0.4256 0.1769
vt 0.4391 0.1738
vt 0.4369 0.1860
vt 0.4288 0.1652
vt 0.4419 0.1625
vt 0.4391 0.1738
vt 0.4441 0.1516
vt 0.4201 0.1559
vt 0.4316 0.1547
vt 0.4288 0.1652
vt 0.4166 0.1661
vt 0.4097 0.1442
vt 0.4213 0.1448
vt 0.4201 0.1559
vt 0.4072 0.1545
vt 0.3987 0.1310
vt 0.4104 0.1330
vt 0.4097 0.1442
vt 0.3972 0.1420
vt 0.3878 0.1177
vt 0.3995 0.1194
vt 0.3987 0.1310
vt 0.3859 0.1300
vt 0.3786 0.1032
vt 0.3900 0.1050
vt 0.3878 0.1177
vt 0.3763 0.1161
vt 0.3690 0.0903
vt 0.3810 0.0913
vt 0.3786 0.1032
vt 0.3670 0.1019
vt 0.3588 0.0780
vt 0.3713 0.0783
vt 0.3690 0.0903
vt 0.3571 0.0886
vt 0.3476 0.0682
vt 0.3603 0.0681
vt 0.3588 0.0780
vt 0.3465 0.0781
vt 0.3354 0.0597
vt 0.3480 0.0590
vt 0.3476 0.0682
vt 0.3351 0.0687
vt 0.3230 0.0534
vt 0.3354 0.0523
vt 0.3354 0.0597
vt 0.3231 0.0606
vt 0.3108 0.0446
vt 0.3227 0.0435
vt 0.3230 0.0534
vt 0.3109 0.0545
vt 0.2988 0.0553
vt 0.2985 0.0626
vt 0.3106 0.0617
vt 0.3108 0.0706
vt 0.2985 0.0716
vt 0.2985 0.0626
vt 0.2864 0.0721
vt 0.2863 0.0629
vt 0.2985 0.0626
vt 0.2867 0.0555
vt 0.2867 0.0555
vt 0.2877 0.0459
vt 0.2993 0.0454
vt 0.2758 0.0464
vt 0.2743 0.0628
vt 0.2748 0.0557
vt 0.2867 0.0555
vt 0.2758 0.0464
vt 0.2748 0.0557
vt 0.2637 0.0563
vt 0.2640 0.0468
vt 0.2530 0.0566
vt 0.2530 0.0468
vt 0.2640 0.0468
vt 0.2423 0.0468
vt 0.2530 0.0566
vt 0.2525 0.0637
vt 0.2418 0.0638
vt 0.2315 0.0565
vt 0.2423 0.0566
vt 0.2418 0.0638
vt 0.2311 0.0638
vt 0.2315 0.0466
vt 0.2207 0.0566
vt 0.2208 0.0468
vt 0.2101 0.0566
vt 0.2100 0.0468
vt 0.2208 0.0468
vt 0.1990 0.0468
vt 0.1995 0.0623
vt 0.1994 0.0563
vt 0.2101 0.0566
vt 0.2099 0.0633
vt 0.1882 0.0711
vt 0.1886 0.0618
vt 0.1995 0.0623
vt 0.1991 0.0718
vt 0.1770 0.0808
vt 0.1768 0.0707
vt 0.1882 0.0711
vt 0.1881 0.0818
vt 0.1661 0.0928
vt 0.1654 0.0797
vt 0.1770 0.0808
vt 0.1773 0.0945
vt 0.1557 0.1030
vt 0.1545 0.0908
vt 0.1661 0.0928
vt 0.1670 0.1049
vt 0.1455 0.1158
vt 0.1440 0.1012
vt 0.1557 0.1030
vt 0.1572 0.1172
vt 0.1358 0.1302
vt 0.1337 0.1146
vt 0.1455 0.1158
vt 0.1477 0.1311
vt 0.1282 0.1443
vt 0.1250 0.1290
vt 0.1358 0.1302
vt 0.1392 0.1454
vt 0.1197 0.1583
vt 0.1170 0.1431
vt 0.1282 0.1443
vt 0.1307 0.1596
vt 0.1102 0.1718
vt 0.1084 0.1571
vt 0.1197 0.1583
vt 0.1212 0.1735
vt 0.1002 0.1843
vt 0.0988 0.1703
vt 0.1102 0.1718
vt 0.1113 0.1866
vt 0.0899 0.1956
vt 0.0886 0.1821
vt 0.1002 0.1843
vt 0.1012 0.1984
vt 0.0796 0.2057
vt 0.0783 0.1927
vt 0.0899 0.1956
vt 0.0907 0.2091
vt 0.0688 0.2148
vt 0.0683 0.2025
vt 0.0796 0.2057
vt 0.0802 0.2188
vt 0.0558 0.2218
vt 0.0567 0.2107
vt 0.0688 0.2148
vt 0.0687 0.2271
vt 0.0434 0.2325
vt 0.0439 0.2212
vt 0.0558 0.2218
vt 0.0549 0.2331
vt 0.0316 0.2429
vt 0.0319 0.2317
vt 0.0434 0.2325
vt 0.0428 0.2436
vt 0.0422 0.2546
vt 0.0310 0.2537
vt 0.0413 0.2654
vt 0.0303 0.2641
vt 0.0310 0.2537
vt 0.0295 0.2745
vt 0.0404 0.2761
vt 0.0394 0.2869
vt 0.0502 0.2884
vt 0.0512 0.2775
vt 0.0629 0.2839
vt 0.0617 0.2936
vt 0.0502 0.2884
vt 0.0502 0.2884
vt 0.0491 0.2990
vt 0.0385 0.2973
vt 0.0385 0.2973
vt 0.0282 0.2953
vt 0.0287 0.2851
vt 0.0277 0.3043
vt 0.0375 0.3065
vt 0.0362 0.3141
vt 0.0269 0.3119
vt 0.0362 0.3141
vt 0.0346 0.3210
vt 0.0402 0.3311
vt 0.0326 0.3272
vt 0.0346 0.3210
vt 0.0430 0.3243
vt 0.0305 0.3328
vt 0.0377 0.3370
vt 0.0214 0.3340
vt 0.0229 0.3295
vt 0.0305 0.3328
vt 0.0284 0.3375
vt 0.0260 0.3416
vt 0.0328 0.3460
vt 0.0351 0.3420
vt 0.0420 0.3478
vt 0.0396 0.3517
vt 0.0328 0.3460
vt 0.0328 0.3460
vt 0.0301 0.3495
vt 0.0234 0.3451
vt 0.0234 0.3451
vt 0.0169 0.3415
vt 0.0193 0.3379
vt 0.0149 0.3439
vt 0.0207 0.3485
vt 0.0270 0.3526
vt 0.0339 0.3579
vt 0.0270 0.3526
vt 0.0301 0.3495
vt 0.0368 0.3551
vt 0.0442 0.3619
vt 0.0412 0.3646
vt 0.0473 0.3722
vt 0.0396 0.3517
vt 0.0471 0.3586
vt 0.0442 0.3619
vt 0.0514 0.3700
vt 0.0511 0.3805
vt 0.0554 0.3672
vt 0.0563 0.3792
vt 0.0554 0.3672
vt 0.0471 0.3586
vt 0.0499 0.3548
vt 0.0584 0.3642
vt 0.0585 0.3771
vt 0.0582 0.3885
vt 0.0623 0.3741
vt 0.0609 0.3880
vt 0.0574 0.3990
vt 0.0649 0.3873
vt 0.0660 0.4004
vt 0.0614 0.3996
vt 0.0574 0.3990
vt 0.0614 0.3996
vt 0.0620 0.4116
vt 0.0578 0.4102
vt 0.0574 0.3990
vt 0.0520 0.3988
vt 0.0520 0.3894
vt 0.0522 0.4091
vt 0.0522 0.4091
vt 0.0578 0.4102
vt 0.0579 0.4217
vt 0.0523 0.4201
vt 0.0574 0.4331
vt 0.0524 0.4316
vt 0.0523 0.4201
vt 0.0516 0.4431
vt 0.0564 0.4446
vt 0.0579 0.4559
vt 0.0500 0.4547
vt 0.0558 0.4676
vt 0.0479 0.4664
vt 0.0500 0.4547
vt 0.0459 0.4784
vt 0.0538 0.4795
vt 0.0514 0.4917
vt 0.0563 0.5045
vt 0.0484 0.5043
vt 0.0514 0.4917
vt 0.0574 0.4918
vt 0.0652 0.4918
vt 0.0640 0.5035
vt 0.0563 0.5045
vt 0.0626 0.5164
vt 0.0733 0.5162
vt 0.0745 0.5040
vt 0.0860 0.5057
vt 0.0846 0.5172
vt 0.0733 0.5162
vt 0.0817 0.5287
vt 0.0704 0.5283
vt 0.0598 0.5283
vt 0.0666 0.5401
vt 0.0568 0.5398
vt 0.0598 0.5283
vt 0.0517 0.5282
vt 0.0543 0.5165
vt 0.0563 0.5045
vt 0.0543 0.5165
vt 0.0466 0.5167
vt 0.0517 0.5282
vt 0.0440 0.5279
vt 0.0466 0.5167
vt 0.0466 0.5167
vt 0.0391 0.5156
vt 0.0413 0.5033
vt 0.0484 0.5043
vt 0.0413 0.5033
vt 0.0439 0.4907
vt 0.0363 0.5270
vt 0.0363 0.5270
vt 0.0440 0.5279
vt 0.0413 0.5390
vt 0.0488 0.5394
vt 0.0398 0.5505
vt 0.0488 0.5394
vt 0.0568 0.5398
vt 0.0540 0.5516
vt 0.0467 0.5510
vt 0.0398 0.5505
vt 0.0467 0.5510
vt 0.0449 0.5634
vt 0.0383 0.5629
vt 0.0398 0.5505
vt 0.0326 0.5503
vt 0.0339 0.5384
vt 0.0320 0.5627
vt 0.0320 0.5627
vt 0.0383 0.5629
vt 0.0386 0.5762
vt 0.0324 0.5761
vt 0.0446 0.5764
vt 0.0446 0.5764
vt 0.0449 0.5634
vt 0.0517 0.5638
vt 0.0507 0.5768
vt 0.0577 0.5774
vt 0.0595 0.5644
vt 0.0654 0.5782
vt 0.0627 0.5520
vt 0.0684 0.5651
vt 0.0727 0.5526
vt 0.0778 0.5662
vt 0.0774 0.5406
vt 0.0830 0.5538
vt 0.0884 0.5417
vt 0.0932 0.5554
vt 0.0929 0.5296
vt 0.0993 0.5432
vt 0.1043 0.5310
vt 0.1158 0.5328
vt 0.1102 0.5455
vt 0.0993 0.5432
vt 0.1203 0.5486
vt 0.1074 0.5191
vt 0.1192 0.5194
vt 0.1158 0.5328
vt 0.1275 0.5350
vt 0.1208 0.5073
vt 0.0929 0.5296
vt 0.0961 0.5183
vt 0.1074 0.5191
vt 0.1091 0.5074
vt 0.1208 0.5073
vt 0.1326 0.5067
vt 0.1312 0.5197
vt 0.1404 0.5368
vt 0.1275 0.5350
vt 0.1312 0.5197
vt 0.1433 0.5188
vt 0.1404 0.5368
vt 0.1294 0.5527
vt 0.1203 0.5486
vt 0.1125 0.5610
vt 0.1032 0.5576
vt 0.0932 0.5554
vt 0.1032 0.5576
vt 0.0963 0.5700
vt 0.0871 0.5679
vt 0.0778 0.5662
vt 0.0871 0.5679
vt 0.0822 0.5811
vt 0.0738 0.5796
vt 0.0904 0.5830
vt 0.0904 0.5830
vt 0.0963 0.5700
vt 0.1048 0.5728
vt 0.0981 0.5856
vt 0.1055 0.5884
vt 0.1127 0.5769
vt 0.1201 0.5814
vt 0.1123 0.5924
vt 0.1055 0.5884
vt 0.1195 0.5966
vt 0.1207 0.5652
vt 0.1280 0.5702
vt 0.1201 0.5814
vt 0.1268 0.5868
vt 0.1367 0.5582
vt 0.1346 0.5756
vt 0.1379 0.5785
vt 0.1302 0.5897
vt 0.1268 0.5868
vt 0.1302 0.5897
vt 0.1231 0.5994
vt 0.1195 0.5966
vt 0.1465 0.5682
vt 0.1379 0.5785
vt 0.1346 0.5756
vt 0.1431 0.5647
vt 0.1561 0.5597
vt 0.1525 0.5559
vt 0.1647 0.5547
vt 0.1621 0.5499
vt 0.1743 0.5510
vt 0.1726 0.5461
vt 0.1849 0.5483
vt 0.1839 0.5433
vt 0.1960 0.5465
vt 0.1954 0.5415
vt 0.2076 0.5457
vt 0.2073 0.5407
vt 0.2195 0.5454
vt 0.2194 0.5403
vt 0.2315 0.5403
vt 0.2315 0.5453
vt 0.2195 0.5454
vt 0.2436 0.5454
vt 0.2436 0.5404
vt 0.2315 0.5403
vt 0.2315 0.5307
vt 0.2438 0.5308
vt 0.2315 0.5307
vt 0.2315 0.5209
vt 0.2439 0.5210
vt 0.2315 0.5209
vt 0.2315 0.5111
vt 0.2440 0.5112
vt 0.2315 0.5111
vt 0.2314 0.5021
vt 0.2439 0.5021
vt 0.2314 0.5021
vt 0.2313 0.4934
vt 0.2435 0.4934
vt 0.2313 0.4934
vt 0.2312 0.4849
vt 0.2432 0.4848
vt 0.2312 0.4849
vt 0.2311 0.4765
vt 0.2429 0.4764
vt 0.2311 0.4765
vt 0.2310 0.4680
vt 0.2428 0.4678
vt 0.2310 0.4680
vt 0.2309 0.4591
vt 0.2427 0.4590
vt 0.2309 0.4591
vt 0.2308 0.4500
vt 0.2425 0.4499
vt 0.2308 0.4500
vt 0.2307 0.4405
vt 0.2422 0.4406
vt 0.2307 0.4405
vt 0.2307 0.4311
vt 0.2420 0.4312
vt 0.2307 0.4311
vt 0.2306 0.4221
vt 0.2417 0.4222
vt 0.2306 0.4221
vt 0.2305 0.4135
vt 0.2416 0.4133
vt 0.2305 0.4135
vt 0.2305 0.4045
vt 0.2415 0.4042
vt 0.2305 0.4045
vt 0.2304 0.3945
vt 0.2414 0.3943
vt 0.2304 0.3945
vt 0.2304 0.3843
vt 0.2412 0.3843
vt 0.2304 0.3843
vt 0.2304 0.3744
vt 0.2410 0.3745
vt 0.2304 0.3744
vt 0.2304 0.3646
vt 0.2408 0.3646
vt 0.2304 0.3646
vt 0.2306 0.3542
vt 0.2407 0.3542
vt 0.2306 0.3542
vt 0.2307 0.3430
vt 0.2406 0.3431
vt 0.2307 0.3430
vt 0.2309 0.3316
vt 0.2406 0.3317
vt 0.2309 0.3316
vt 0.2310 0.3200
vt 0.2406 0.3201
vt 0.2310 0.3200
vt 0.2310 0.3079
vt 0.2407 0.3082
vt 0.2310 0.3079
vt 0.2310 0.2951
vt 0.2408 0.2954
vt 0.2310 0.2951
vt 0.2310 0.2816
vt 0.2408 0.2820
vt 0.2310 0.2816
vt 0.2308 0.2675
vt 0.2407 0.2678
vt 0.2308 0.2675
vt 0.2306 0.2526
vt 0.2407 0.2529
vt 0.2306 0.2526
vt 0.2305 0.2369
vt 0.2407 0.2372
vt 0.2305 0.2369
vt 0.2305 0.2204
vt 0.2408 0.2207
vt 0.2305 0.2204
vt 0.2306 0.2038
vt 0.2411 0.2039
vt 0.2306 0.2038
vt 0.2307 0.1874
vt 0.2413 0.1873
vt 0.2307 0.1874
vt 0.2308 0.1713
vt 0.2415 0.1711
vt 0.2308 0.1713
vt 0.2310 0.1557
vt 0.2416 0.1552
vt 0.2310 0.1557
vt 0.2311 0.1408
vt 0.2416 0.1402
vt 0.2311 0.1408
vt 0.2310 0.1260
vt 0.2414 0.1256
vt 0.2310 0.1260
vt 0.2308 0.1125
vt 0.2414 0.1123
vt 0.2308 0.1125
vt 0.2306 0.1001
vt 0.2413 0.0999
vt 0.2306 0.1001
vt 0.2308 0.0855
vt 0.2415 0.0853
vt 0.2308 0.0855
vt 0.2309 0.0739
vt 0.2416 0.0738
vt 0.2309 0.0739
vt 0.2311 0.0638
vt 0.2205 0.0639
vt 0.2203 0.0737
vt 0.2201 0.0851
vt 0.2203 0.0737
vt 0.2309 0.0739
vt 0.2203 0.0737
vt 0.2097 0.0729
vt 0.2099 0.0633
vt 0.2097 0.0729
vt 0.2095 0.0842
vt 0.1988 0.0830
vt 0.1989 0.0976
vt 0.2095 0.0988
vt 0.1992 0.1102
vt 0.2200 0.0997
vt 0.2096 0.1114
vt 0.1996 0.1240
vt 0.2202 0.1123
vt 0.2100 0.1251
vt 0.1998 0.1389
vt 0.2204 0.1258
vt 0.2100 0.1400
vt 0.1998 0.1544
vt 0.2203 0.1406
vt 0.2098 0.1553
vt 0.1996 0.1704
vt 0.2202 0.1557
vt 0.2096 0.1711
vt 0.1994 0.1866
vt 0.2199 0.1714
vt 0.2094 0.1872
vt 0.1995 0.2029
vt 0.2198 0.1874
vt 0.2095 0.2036
vt 0.1998 0.2193
vt 0.2198 0.2038
vt 0.2096 0.2202
vt 0.2000 0.2355
vt 0.2199 0.2204
vt 0.2099 0.2365
vt 0.2004 0.2513
vt 0.2200 0.2368
vt 0.2102 0.2522
vt 0.2008 0.2665
vt 0.2203 0.2525
vt 0.2106 0.2672
vt 0.2011 0.2810
vt 0.2206 0.2674
vt 0.2109 0.2816
vt 0.2013 0.2948
vt 0.2208 0.2817
vt 0.2111 0.2952
vt 0.2013 0.3078
vt 0.2209 0.2952
vt 0.2111 0.3081
vt 0.2013 0.3199
vt 0.2210 0.3080
vt 0.2111 0.3202
vt 0.2011 0.3315
vt 0.2209 0.3201
vt 0.2109 0.3318
vt 0.2007 0.3427
vt 0.2208 0.3317
vt 0.2106 0.3431
vt 0.2002 0.3536
vt 0.2205 0.3431
vt 0.2100 0.3540
vt 0.1994 0.3641
vt 0.2201 0.3543
vt 0.2095 0.3646
vt 0.1986 0.3742
vt 0.2197 0.3647
vt 0.2089 0.3746
vt 0.1978 0.3840
vt 0.2195 0.3746
vt 0.2084 0.3844
vt 0.1972 0.3936
vt 0.2193 0.3844
vt 0.2080 0.3941
vt 0.1968 0.4031
vt 0.2192 0.3943
vt 0.2079 0.4037
vt 0.1966 0.4124
vt 0.2191 0.4042
vt 0.2078 0.4130
vt 0.1965 0.4217
vt 0.2191 0.4133
vt 0.2191 0.4222
vt 0.2190 0.4313
vt 0.2191 0.4222
vt 0.2306 0.4221
vt 0.2077 0.4221
vt 0.1965 0.4217
vt 0.2077 0.4221
vt 0.2076 0.4313
vt 0.1964 0.4310
vt 0.1965 0.4217
vt 0.1857 0.4210
vt 0.1858 0.4117
vt 0.1860 0.4022
vt 0.1858 0.4117
vt 0.1748 0.4107
vt 0.1749 0.4011
vt 0.1865 0.3927
vt 0.1755 0.3915
vt 0.1873 0.3831
vt 0.1766 0.3818
vt 0.1884 0.3733
vt 0.1779 0.3720
vt 0.1894 0.3633
vt 0.1793 0.3620
vt 0.1904 0.3528
vt 0.1705 0.3500
vt 0.1805 0.3517
vt 0.1793 0.3620
vt 0.1689 0.3603
vt 0.1578 0.3580
vt 0.1600 0.3479
vt 0.1705 0.3500
vt 0.1616 0.3373
vt 0.1716 0.3393
vt 0.1814 0.3409
vt 0.1723 0.3282
vt 0.1819 0.3298
vt 0.1814 0.3409
vt 0.1911 0.3420
vt 0.1904 0.3528
vt 0.1915 0.3309
vt 0.1915 0.3309
vt 0.1819 0.3298
vt 0.1820 0.3181
vt 0.1916 0.3192
vt 0.1916 0.3070
vt 0.1820 0.3181
vt 0.1725 0.3164
vt 0.1725 0.3039
vt 0.1820 0.3057
vt 0.1916 0.3070
vt 0.1820 0.3057
vt 0.1820 0.2925
vt 0.1916 0.2939
vt 0.1915 0.2799
vt 0.1820 0.2925
vt 0.1725 0.2906
vt 0.1725 0.2764
vt 0.1820 0.2784
vt 0.1915 0.2799
vt 0.1820 0.2784
vt 0.1817 0.2636
vt 0.1911 0.2652
vt 0.1907 0.2499
vt 0.1817 0.2636
vt 0.1724 0.2614
vt 0.1721 0.2460
vt 0.1813 0.2481
vt 0.1907 0.2499
vt 0.1813 0.2481
vt 0.1810 0.2323
vt 0.1904 0.2341
vt 0.1901 0.2181
vt 0.1810 0.2323
vt 0.1716 0.2303
vt 0.1710 0.2146
vt 0.1805 0.2164
vt 0.1901 0.2181
vt 0.1805 0.2164
vt 0.1801 0.2003
vt 0.1898 0.2018
vt 0.1897 0.1855
vt 0.1801 0.2003
vt 0.1706 0.1985
vt 0.1705 0.1823
vt 0.1801 0.1841
vt 0.1897 0.1855
vt 0.1801 0.1841
vt 0.1802 0.1678
vt 0.1899 0.1693
vt 0.1898 0.1532
vt 0.1802 0.1678
vt 0.1705 0.1660
vt 0.1702 0.1497
vt 0.1799 0.1516
vt 0.1898 0.1532
vt 0.1799 0.1516
vt 0.1796 0.1360
vt 0.1897 0.1376
vt 0.1893 0.1225
vt 0.1796 0.1360
vt 0.1694 0.1342
vt 0.1683 0.1190
vt 0.1789 0.1208
vt 0.1893 0.1225
vt 0.1789 0.1208
vt 0.1780 0.1068
vt 0.1887 0.1086
vt 0.1773 0.0945
vt 0.1882 0.0961
vt 0.1887 0.1086
vt 0.1694 0.1342
vt 0.1589 0.1324
vt 0.1572 0.1172
vt 0.1603 0.1479
vt 0.1603 0.1479
vt 0.1501 0.1465
vt 0.1477 0.1311
vt 0.1510 0.1625
vt 0.1608 0.1641
vt 0.1513 0.1787
vt 0.1609 0.1804
vt 0.1516 0.1946
vt 0.1611 0.1966
vt 0.1521 0.2102
vt 0.1616 0.2125
vt 0.1528 0.2257
vt 0.1622 0.2281
vt 0.1535 0.2411
vt 0.1629 0.2436
vt 0.1538 0.2562
vt 0.1632 0.2590
vt 0.1532 0.2709
vt 0.1630 0.2738
vt 0.1530 0.2852
vt 0.1628 0.2881
vt 0.1531 0.2989
vt 0.1629 0.3016
vt 0.1530 0.3117
vt 0.1629 0.3143
vt 0.1524 0.3236
vt 0.1625 0.3261
vt 0.1511 0.3348
vt 0.1420 0.3207
vt 0.1402 0.3318
vt 0.1429 0.3087
vt 0.1420 0.3207
vt 0.1309 0.3171
vt 0.1324 0.3053
vt 0.1431 0.2958
vt 0.1227 0.2890
vt 0.1331 0.2925
vt 0.1324 0.3053
vt 0.1214 0.3014
vt 0.1100 0.2970
vt 0.1119 0.2850
vt 0.1227 0.2890
vt 0.1132 0.2719
vt 0.1235 0.2755
vt 0.1334 0.2788
vt 0.1243 0.2614
vt 0.1340 0.2646
vt 0.1334 0.2788
vt 0.1432 0.2820
vt 0.1431 0.2958
vt 0.1436 0.2678
vt 0.1436 0.2678
vt 0.1340 0.2646
vt 0.1345 0.2502
vt 0.1442 0.2532
vt 0.1439 0.2384
vt 0.1345 0.2502
vt 0.1245 0.2472
vt 0.1238 0.2326
vt 0.1340 0.2356
vt 0.1439 0.2384
vt 0.1340 0.2356
vt 0.1332 0.2207
vt 0.1431 0.2232
vt 0.1425 0.2080
vt 0.1332 0.2207
vt 0.1231 0.2181
vt 0.1225 0.2036
vt 0.1327 0.2059
vt 0.1425 0.2080
vt 0.1327 0.2059
vt 0.1323 0.1908
vt 0.1421 0.1927
vt 0.1417 0.1770
vt 0.1323 0.1908
vt 0.1221 0.1888
vt 0.1212 0.1735
vt 0.1318 0.1753
vt 0.1056 0.1426
vt 0.0935 0.1427
vt 0.0964 0.1564
vt 0.0837 0.1560
vt 0.0808 0.1432
vt 0.0935 0.1427
vt 0.0783 0.1303
vt 0.0904 0.1289
vt 0.1022 0.1282
vt 0.0875 0.1151
vt 0.0990 0.1137
vt 0.1022 0.1282
vt 0.1137 0.1282
vt 0.1170 0.1431
vt 0.1106 0.1133
vt 0.1106 0.1133
vt 0.0990 0.1137
vt 0.0965 0.0999
vt 0.1083 0.0992
vt 0.1106 0.1133
vt 0.1222 0.1136
vt 0.1250 0.1290
vt 0.1202 0.0993
vt 0.1202 0.0993
vt 0.1083 0.0992
vt 0.1062 0.0870
vt 0.1184 0.0869
vt 0.1202 0.0993
vt 0.1321 0.1000
vt 0.1337 0.1146
vt 0.1305 0.0873
vt 0.1305 0.0873
vt 0.1184 0.0869
vt 0.1165 0.0767
vt 0.1290 0.0770
vt 0.1305 0.0873
vt 0.1427 0.0882
vt 0.1440 0.1012
vt 0.1413 0.0776
vt 0.1413 0.0776
vt 0.1290 0.0770
vt 0.1280 0.0678
vt 0.1404 0.0683
vt 0.1413 0.0776
vt 0.1535 0.0787
vt 0.1545 0.0908
vt 0.1527 0.0692
vt 0.1527 0.0692
vt 0.1404 0.0683
vt 0.1402 0.0599
vt 0.1528 0.0608
vt 0.1527 0.0692
vt 0.1649 0.0701
vt 0.1654 0.0797
vt 0.1647 0.0617
vt 0.1647 0.0617
vt 0.1528 0.0608
vt 0.1522 0.0545
vt 0.1643 0.0553
vt 0.1647 0.0617
vt 0.1768 0.0618
vt 0.1768 0.0707
vt 0.1763 0.0555
vt 0.1763 0.0555
vt 0.1643 0.0553
vt 0.1637 0.0454
vt 0.1753 0.0459
vt 0.1763 0.0555
vt 0.1882 0.0557
vt 0.1886 0.0618
vt 0.1873 0.0464
vt 0.1522 0.0446
vt 0.1522 0.0446
vt 0.1522 0.0545
vt 0.1400 0.0534
vt 0.1403 0.0435
vt 0.1281 0.0424
vt 0.1276 0.0523
vt 0.1151 0.0513
vt 0.1158 0.0413
vt 0.1281 0.0424
vt 0.1025 0.0501
vt 0.1033 0.0400
vt 0.1158 0.0413
vt 0.0898 0.0489
vt 0.0907 0.0386
vt 0.1033 0.0400
vt 0.0774 0.0481
vt 0.0783 0.0374
vt 0.0907 0.0386
vt 0.0655 0.0477
vt 0.0664 0.0364
vt 0.0783 0.0374
vt 0.0551 0.0355
vt 0.0536 0.0593
vt 0.0543 0.0472
vt 0.0655 0.0477
vt 0.0648 0.0591
vt 0.0429 0.0719
vt 0.0432 0.0589
vt 0.0536 0.0593
vt 0.0534 0.0714
vt 0.0338 0.0844
vt 0.0329 0.0707
vt 0.0429 0.0719
vt 0.0441 0.0853
vt 0.0256 0.0961
vt 0.0233 0.0821
vt 0.0338 0.0844
vt 0.0368 0.0984
vt 0.0156 0.1065
vt 0.0142 0.0931
vt 0.0256 0.0961
vt 0.0278 0.1091
vt 0.0288 0.1212
vt 0.0172 0.1201
vt 0.0296 0.1325
vt 0.0169 0.1311
vt 0.0172 0.1201
vt 0.0177 0.1414
vt 0.0405 0.1219
vt 0.0412 0.1333
vt 0.0296 0.1325
vt 0.0303 0.1434
vt 0.0315 0.1547
vt 0.0430 0.1559
vt 0.0418 0.1448
vt 0.0534 0.1442
vt 0.0558 0.1545
vt 0.0430 0.1559
vt 0.0430 0.1559
vt 0.0465 0.1661
vt 0.0342 0.1652
vt 0.0342 0.1652
vt 0.0211 0.1625
vt 0.0190 0.1516
vt 0.0239 0.1738
vt 0.0374 0.1769
vt 0.0261 0.1865
vt 0.0547 0.1878
vt 0.0416 0.1879
vt 0.0374 0.1769
vt 0.0509 0.1765
vt 0.0446 0.1993
vt 0.0566 0.1994
vt 0.0317 0.2088
vt 0.0308 0.1975
vt 0.0446 0.1993
vt 0.0445 0.2102
vt 0.0439 0.2212
vt 0.0319 0.2202
vt 0.0317 0.2088
vt 0.0547 0.1878
vt 0.0665 0.1901
vt 0.0683 0.2025
vt 0.0641 0.1783
vt 0.0465 0.1661
vt 0.0601 0.1668
vt 0.0641 0.1783
vt 0.0641 0.1783
vt 0.0765 0.1800
vt 0.0783 0.1927
vt 0.0738 0.1680
vt 0.0558 0.1545
vt 0.0702 0.1558
vt 0.0738 0.1680
vt 0.0738 0.1680
vt 0.0867 0.1691
vt 0.0886 0.1821
vt 0.0837 0.1560
vt 0.0702 0.1558
vt 0.0675 0.1439
vt 0.0657 0.1318
vt 0.0675 0.1439
vt 0.0534 0.1442
vt 0.0526 0.1330
vt 0.0760 0.1171
vt 0.0783 0.1303
vt 0.0657 0.1318
vt 0.0643 0.1195
vt 0.0848 0.1017
vt 0.0875 0.1151
vt 0.0760 0.1171
vt 0.0735 0.1041
vt 0.0942 0.0879
vt 0.0965 0.0999
vt 0.0848 0.1017
vt 0.0823 0.0899
vt 0.1041 0.0770
vt 0.1062 0.0870
vt 0.0942 0.0879
vt 0.0920 0.0777
vt 0.1152 0.0676
vt 0.1165 0.0767
vt 0.1041 0.0770
vt 0.1026 0.0676
vt 0.1275 0.0594
vt 0.1280 0.0678
vt 0.1152 0.0676
vt 0.1147 0.0589
vt 0.1020 0.0585
vt 0.1020 0.0585
vt 0.0892 0.0591
vt 0.0898 0.0489
vt 0.0892 0.0591
vt 0.0768 0.0588
vt 0.0774 0.0481
vt 0.0778 0.0689
vt 0.0901 0.0681
vt 0.0778 0.0689
vt 0.0655 0.0700
vt 0.0648 0.0591
vt 0.0676 0.0809
vt 0.0798 0.0789
vt 0.0676 0.0809
vt 0.0552 0.0832
vt 0.0534 0.0714
vt 0.0593 0.0951
vt 0.0706 0.0923
vt 0.0593 0.0951
vt 0.0482 0.0981
vt 0.0441 0.0853
vt 0.0511 0.1100
vt 0.0625 0.1070
vt 0.0511 0.1100
vt 0.0392 0.1104
vt 0.0368 0.0984
vt 0.0511 0.1100
vt 0.0522 0.1216
vt 0.0405 0.1219
vt 0.0223 0.0690
vt 0.0218 0.0565
vt 0.0223 0.0690
vt 0.0112 0.0670
vt 0.0102 0.0548
vt 0.0328 0.0455
vt 0.0327 0.0579
vt 0.0218 0.0565
vt 0.0216 0.0442
vt 0.0435 0.0465
vt 0.0328 0.0455
vt 0.0332 0.0333
vt 0.0441 0.0344
vt 0.0221 0.0321
vt 0.0099 0.0427
vt 0.0107 0.0305
vt 0.0221 0.0321
vt 0.0233 0.0821
vt 0.0124 0.0797
vt 0.0112 0.0670
vt 0.0655 0.0700
vt 0.0551 0.0355
vt 0.0768 0.0588
vt 0.1026 0.0676
vt 0.1151 0.0513
vt 0.1411 0.1610
vt 0.1056 0.1426
vt 0.1501 0.1465
vt 0.1417 0.1770
vt 0.1120 0.2011
vt 0.1126 0.2153
vt 0.1131 0.2295
vt 0.1017 0.2123
vt 0.1022 0.2262
vt 0.1026 0.2402
vt 0.1138 0.2438
vt 0.1027 0.2543
vt 0.1139 0.2581
vt 0.1024 0.2680
vt 0.0917 0.2502
vt 0.0914 0.2637
vt 0.0804 0.2453
vt 0.0898 0.2758
vt 0.1009 0.2807
vt 0.0898 0.2758
vt 0.0780 0.2701
vt 0.0798 0.2585
vt 0.0671 0.2522
vt 0.0761 0.2803
vt 0.0878 0.2865
vt 0.0761 0.2803
vt 0.0641 0.2739
vt 0.0656 0.2634
vt 0.0533 0.2554
vt 0.0523 0.2665
vt 0.0641 0.2739
vt 0.0629 0.2839
vt 0.0761 0.2803
vt 0.0744 0.2898
vt 0.0629 0.2839
vt 0.0729 0.2993
vt 0.0617 0.2936
vt 0.0729 0.2993
vt 0.0710 0.3086
vt 0.0582 0.3113
vt 0.0603 0.3029
vt 0.0710 0.3086
vt 0.0683 0.3175
vt 0.0458 0.3168
vt 0.0479 0.3086
vt 0.0582 0.3113
vt 0.0547 0.3212
vt 0.0508 0.3298
vt 0.0558 0.3441
vt 0.0476 0.3369
vt 0.0508 0.3298
vt 0.0602 0.3353
vt 0.0696 0.3405
vt 0.0653 0.3495
vt 0.0558 0.3441
vt 0.0558 0.3441
vt 0.0528 0.3498
vt 0.0448 0.3428
vt 0.0614 0.3582
vt 0.0693 0.3698
vt 0.0614 0.3582
vt 0.0653 0.3495
vt 0.0740 0.3565
vt 0.0715 0.3873
vt 0.0819 0.3758
vt 0.0824 0.3906
vt 0.0693 0.3698
vt 0.0846 0.3633
vt 0.0819 0.3758
vt 0.0740 0.3565
vt 0.0953 0.3820
vt 0.0971 0.3701
vt 0.0954 0.3952
vt 0.0953 0.3820
vt 0.1091 0.3873
vt 0.1094 0.3991
vt 0.0837 0.4046
vt 0.0824 0.3906
vt 0.0954 0.3952
vt 0.0966 0.4078
vt 0.0731 0.4019
vt 0.0837 0.4046
vt 0.0857 0.4172
vt 0.0747 0.4149
vt 0.0671 0.4131
vt 0.0660 0.4004
vt 0.0731 0.4019
vt 0.0624 0.4232
vt 0.0620 0.4116
vt 0.0671 0.4131
vt 0.0682 0.4248
vt 0.0624 0.4232
vt 0.0626 0.4345
vt 0.0574 0.4331
vt 0.0621 0.4460
vt 0.0623 0.4575
vt 0.0621 0.4460
vt 0.0699 0.4478
vt 0.0696 0.4593
vt 0.0623 0.4575
vt 0.0610 0.4688
vt 0.0558 0.4676
vt 0.0594 0.4803
vt 0.0594 0.4803
vt 0.0669 0.4810
vt 0.0652 0.4918
vt 0.0774 0.4824
vt 0.0757 0.4930
vt 0.0652 0.4918
vt 0.0757 0.4930
vt 0.0872 0.4946
vt 0.0860 0.5057
vt 0.0988 0.4957
vt 0.0975 0.5070
vt 0.0860 0.5057
vt 0.1121 0.4846
vt 0.1106 0.4958
vt 0.0988 0.4957
vt 0.1004 0.4846
vt 0.1252 0.4745
vt 0.1238 0.4844
vt 0.1121 0.4846
vt 0.1134 0.4743
vt 0.1383 0.4654
vt 0.1369 0.4747
vt 0.1252 0.4745
vt 0.1265 0.4650
vt 0.1509 0.4566
vt 0.1497 0.4658
vt 0.1383 0.4654
vt 0.1396 0.4562
vt 0.1628 0.4478
vt 0.1618 0.4570
vt 0.1509 0.4566
vt 0.1519 0.4474
vt 0.1743 0.4391
vt 0.1736 0.4483
vt 0.1628 0.4478
vt 0.1635 0.4386
vt 0.1855 0.4304
vt 0.1852 0.4396
vt 0.1743 0.4391
vt 0.1747 0.4298
vt 0.1855 0.4304
vt 0.1964 0.4310
vt 0.1962 0.4402
vt 0.1958 0.4492
vt 0.1962 0.4402
vt 0.2074 0.4405
vt 0.2072 0.4497
vt 0.1840 0.4578
vt 0.1847 0.4488
vt 0.1958 0.4492
vt 0.1954 0.4582
vt 0.1718 0.4665
vt 0.1728 0.4574
vt 0.1840 0.4578
vt 0.1832 0.4667
vt 0.1595 0.4753
vt 0.1607 0.4661
vt 0.1718 0.4665
vt 0.1708 0.4755
vt 0.1470 0.4846
vt 0.1483 0.4750
vt 0.1595 0.4753
vt 0.1583 0.4847
vt 0.1342 0.4950
vt 0.1356 0.4845
vt 0.1470 0.4846
vt 0.1458 0.4946
vt 0.1208 0.5073
vt 0.1224 0.4954
vt 0.1342 0.4950
vt 0.1445 0.5058
vt 0.1566 0.5048
vt 0.1574 0.4943
vt 0.1690 0.4941
vt 0.1574 0.4943
vt 0.1583 0.4847
vt 0.1697 0.4847
vt 0.1815 0.4847
vt 0.1697 0.4847
vt 0.1708 0.4755
vt 0.1824 0.4757
vt 0.1944 0.4758
vt 0.1824 0.4757
vt 0.1832 0.4667
vt 0.1949 0.4671
vt 0.2070 0.4587
vt 0.2068 0.4675
vt 0.1949 0.4671
vt 0.2189 0.4679
vt 0.2188 0.4591
vt 0.2070 0.4587
vt 0.2072 0.4497
vt 0.2188 0.4500
vt 0.2189 0.4406
vt 0.2189 0.4764
vt 0.2189 0.4849
vt 0.2189 0.4764
vt 0.2311 0.4765
vt 0.2067 0.4761
vt 0.1944 0.4758
vt 0.2067 0.4761
vt 0.2064 0.4847
vt 0.1938 0.4847
vt 0.1815 0.4847
vt 0.1938 0.4847
vt 0.1933 0.4937
vt 0.1809 0.4939
vt 0.1690 0.4941
vt 0.1809 0.4939
vt 0.1807 0.5034
vt 0.1686 0.5040
vt 0.1566 0.5048
vt 0.1686 0.5040
vt 0.1687 0.5147
vt 0.1561 0.5166
vt 0.1561 0.5166
vt 0.1559 0.5293
vt 0.1404 0.5368
vt 0.1367 0.5582
vt 0.1294 0.5527
vt 0.1459 0.5474
vt 0.1578 0.5406
vt 0.1459 0.5474
vt 0.1559 0.5293
vt 0.1699 0.5364
vt 0.1687 0.5147
vt 0.1689 0.5258
vt 0.1559 0.5293
vt 0.1816 0.5237
vt 0.1811 0.5134
vt 0.1942 0.5224
vt 0.1936 0.5124
vt 0.2061 0.5116
vt 0.2067 0.5216
vt 0.1942 0.5224
vt 0.1946 0.5322
vt 0.2191 0.5210
vt 0.1932 0.5029
vt 0.2058 0.5024
vt 0.2061 0.5116
vt 0.2187 0.5112
vt 0.2060 0.4935
vt 0.2186 0.5021
vt 0.2187 0.4934
vt 0.2192 0.5308
vt 0.2070 0.5313
vt 0.1946 0.5322
vt 0.1822 0.5337
vt 0.1816 0.5237
vt 0.1807 0.5034
vt 0.2189 0.4849
vt 0.2312 0.4849
vt 0.2194 0.5403
vt 0.1699 0.5364
vt 0.0654 0.5782
vt 0.1445 0.5058
vt 0.2190 0.4313
vt 0.2076 0.4313
vt 0.1748 0.4203
vt 0.1748 0.4107
vt 0.1748 0.4203
vt 0.1635 0.4194
vt 0.1631 0.4094
vt 0.1631 0.3995
vt 0.1512 0.3874
vt 0.1638 0.3897
vt 0.1631 0.3995
vt 0.1504 0.3973
vt 0.1369 0.3946
vt 0.1379 0.3845
vt 0.1512 0.3874
vt 0.1402 0.3746
vt 0.1271 0.3709
vt 0.1243 0.3809
vt 0.1105 0.3762
vt 0.1136 0.3659
vt 0.1271 0.3709
vt 0.1176 0.3564
vt 0.1306 0.3613
vt 0.1432 0.3650
vt 0.1343 0.3518
vt 0.1463 0.3553
vt 0.1432 0.3650
vt 0.1554 0.3679
vt 0.1530 0.3776
vt 0.1512 0.3874
vt 0.1530 0.3776
vt 0.1652 0.3800
vt 0.1554 0.3679
vt 0.1670 0.3702
vt 0.1652 0.3800
vt 0.1578 0.3580
vt 0.1463 0.3553
vt 0.1490 0.3453
vt 0.1511 0.3348
vt 0.1490 0.3453
vt 0.1375 0.3421
vt 0.1375 0.3421
vt 0.1254 0.3378
vt 0.1286 0.3279
vt 0.1309 0.3171
vt 0.1286 0.3279
vt 0.1166 0.3231
vt 0.1193 0.3128
vt 0.1193 0.3128
vt 0.1077 0.3079
vt 0.1100 0.2970
vt 0.0965 0.3023
vt 0.0989 0.2921
vt 0.1100 0.2970
vt 0.0834 0.3055
vt 0.0856 0.2962
vt 0.0965 0.3023
vt 0.0938 0.3117
vt 0.0834 0.3055
vt 0.0809 0.3145
vt 0.0710 0.3086
vt 0.0778 0.3232
vt 0.0872 0.3289
vt 0.0908 0.3206
vt 0.1015 0.3267
vt 0.0908 0.3206
vt 0.0938 0.3117
vt 0.1048 0.3177
vt 0.1166 0.3231
vt 0.1132 0.3326
vt 0.1015 0.3267
vt 0.1015 0.3267
vt 0.0976 0.3353
vt 0.0872 0.3289
vt 0.0872 0.3289
vt 0.0831 0.3373
vt 0.0739 0.3318
vt 0.0786 0.3462
vt 0.0696 0.3405
vt 0.0739 0.3318
vt 0.0646 0.3263
vt 0.0888 0.3529
vt 0.0786 0.3462
vt 0.0831 0.3373
vt 0.0933 0.3439
vt 0.1049 0.3504
vt 0.1006 0.3597
vt 0.0888 0.3529
vt 0.1217 0.3472
vt 0.1176 0.3564
vt 0.1049 0.3504
vt 0.1092 0.3416
vt 0.1049 0.3504
vt 0.1092 0.3416
vt 0.1254 0.3378
vt 0.1077 0.3079
vt 0.1214 0.3014
vt 0.1402 0.3318
vt 0.0671 0.2522
vt 0.0682 0.2397
vt 0.0804 0.2453
vt 0.0687 0.2271
vt 0.0805 0.2320
vt 0.0804 0.2453
vt 0.0916 0.2362
vt 0.0802 0.2188
vt 0.0913 0.2227
vt 0.0916 0.2362
vt 0.0533 0.2554
vt 0.0541 0.2443
vt 0.0671 0.2522
vt 0.0907 0.2091
vt 0.1221 0.1888
vt 0.0319 0.2202
vt 0.0261 0.1865
vt 0.0837 0.1560
vt 0.0964 0.1564
vt 0.0412 0.1333
vt 0.0392 0.1104
vt 0.3757 0.3629
vt 0.3877 0.3565
vt 0.3774 0.3755
vt 0.4005 0.3591
vt 0.4047 0.3642
vt 0.3631 0.3817
vt 0.3620 0.3698
vt 0.3757 0.3629
vt 0.3478 0.3759
vt 0.3489 0.3870
vt 0.3631 0.3817
vt 0.3622 0.3946
vt 0.3738 0.4037
vt 0.3608 0.4070
vt 0.3622 0.3946
vt 0.3470 0.4102
vt 0.3485 0.3985
vt 0.3335 0.4131
vt 0.3349 0.4019
vt 0.3485 0.3985
vt 0.3215 0.4048
vt 0.3452 0.4218
vt 0.3320 0.4243
vt 0.3335 0.4131
vt 0.3193 0.4264
vt 0.3204 0.4157
vt 0.3193 0.4264
vt 0.3075 0.4279
vt 0.2965 0.4192
vt 0.3081 0.4177
vt 0.3075 0.4279
vt 0.2965 0.4289
vt 0.2855 0.4105
vt 0.2967 0.4092
vt 0.2965 0.4192
vt 0.2856 0.4201
vt 0.2745 0.4020
vt 0.2852 0.4009
vt 0.2855 0.4105
vt 0.2748 0.4114
vt 0.2739 0.3926
vt 0.2846 0.3913
vt 0.2739 0.3926
vt 0.2731 0.3829
vt 0.2835 0.3816
vt 0.2731 0.3829
vt 0.2720 0.3731
vt 0.2822 0.3718
vt 0.2720 0.3731
vt 0.2710 0.3630
vt 0.2810 0.3616
vt 0.2710 0.3630
vt 0.2702 0.3525
vt 0.2793 0.3405
vt 0.2799 0.3512
vt 0.2702 0.3525
vt 0.2697 0.3417
vt 0.2899 0.3494
vt 0.2890 0.3387
vt 0.3020 0.3573
vt 0.2912 0.3598
vt 0.2899 0.3494
vt 0.3003 0.3471
vt 0.3161 0.3643
vt 0.3041 0.3673
vt 0.3020 0.3573
vt 0.3134 0.3544
vt 0.3316 0.3705
vt 0.3188 0.3741
vt 0.3161 0.3643
vt 0.3284 0.3607
vt 0.3478 0.3759
vt 0.3342 0.3805
vt 0.3316 0.3705
vt 0.3452 0.3655
vt 0.3478 0.3759
vt 0.3489 0.3870
vt 0.3353 0.3909
vt 0.3218 0.3943
vt 0.3353 0.3909
vt 0.3349 0.4019
vt 0.3218 0.3943
vt 0.3209 0.3841
vt 0.3342 0.3805
vt 0.3080 0.3871
vt 0.3218 0.3943
vt 0.3215 0.4048
vt 0.3087 0.4073
vt 0.3088 0.3971
vt 0.3080 0.3871
vt 0.3088 0.3971
vt 0.2966 0.3993
vt 0.2959 0.3895
vt 0.3080 0.3871
vt 0.3063 0.3772
vt 0.3188 0.3741
vt 0.2945 0.3797
vt 0.2945 0.3797
vt 0.2928 0.3698
vt 0.3041 0.3673
vt 0.2886 0.3276
vt 0.2790 0.3294
vt 0.2789 0.3178
vt 0.2885 0.3160
vt 0.2886 0.3276
vt 0.2885 0.3037
vt 0.2695 0.3307
vt 0.2695 0.3192
vt 0.2789 0.3178
vt 0.2790 0.3057
vt 0.2789 0.2928
vt 0.2884 0.2907
vt 0.2885 0.3037
vt 0.2883 0.2768
vt 0.2695 0.3071
vt 0.2695 0.2943
vt 0.2789 0.2928
vt 0.2789 0.2790
vt 0.2790 0.2643
vt 0.2883 0.2621
vt 0.2883 0.2768
vt 0.2885 0.2468
vt 0.2695 0.2805
vt 0.2697 0.2660
vt 0.2790 0.2643
vt 0.2794 0.2490
vt 0.2796 0.2332
vt 0.2889 0.2311
vt 0.2885 0.2468
vt 0.2896 0.2151
vt 0.2700 0.2508
vt 0.2702 0.2350
vt 0.2796 0.2332
vt 0.2801 0.2171
vt 0.2809 0.2005
vt 0.2906 0.1987
vt 0.2896 0.2151
vt 0.2915 0.1821
vt 0.2707 0.2187
vt 0.2713 0.2021
vt 0.2809 0.2005
vt 0.2817 0.1839
vt 0.2822 0.1672
vt 0.2922 0.1654
vt 0.2915 0.1821
vt 0.2718 0.1854
vt 0.2718 0.1854
vt 0.2713 0.2021
vt 0.2615 0.2032
vt 0.2517 0.1871
vt 0.2619 0.1864
vt 0.2615 0.2032
vt 0.2514 0.2038
vt 0.2610 0.2199
vt 0.2510 0.2206
vt 0.2606 0.2363
vt 0.2507 0.2371
vt 0.2604 0.2521
vt 0.2506 0.2529
vt 0.2602 0.2672
vt 0.2505 0.2678
vt 0.2601 0.2815
vt 0.2505 0.2820
vt 0.2601 0.2951
vt 0.2504 0.2955
vt 0.2600 0.3079
vt 0.2504 0.3083
vt 0.2600 0.3200
vt 0.2503 0.3202
vt 0.2600 0.3314
vt 0.2503 0.3317
vt 0.2601 0.3426
vt 0.2504 0.3430
vt 0.2605 0.3534
vt 0.2507 0.3540
vt 0.2611 0.3639
vt 0.2511 0.3645
vt 0.2619 0.3740
vt 0.2516 0.3745
vt 0.2627 0.3838
vt 0.2521 0.3843
vt 0.2634 0.3934
vt 0.2525 0.3940
vt 0.2638 0.4029
vt 0.2527 0.4036
vt 0.2640 0.4123
vt 0.2528 0.4129
vt 0.2528 0.4129
vt 0.2530 0.4220
vt 0.2417 0.4222
vt 0.2533 0.4312
vt 0.2420 0.4312
vt 0.2417 0.4222
vt 0.2536 0.4404
vt 0.2422 0.4406
vt 0.2420 0.4312
vt 0.2653 0.4491
vt 0.2540 0.4496
vt 0.2536 0.4404
vt 0.2647 0.4400
vt 0.2772 0.4577
vt 0.2659 0.4581
vt 0.2653 0.4491
vt 0.2763 0.4486
vt 0.2894 0.4663
vt 0.2781 0.4666
vt 0.2772 0.4577
vt 0.2882 0.4572
vt 0.3018 0.4751
vt 0.2907 0.4754
vt 0.2894 0.4663
vt 0.3003 0.4660
vt 0.3143 0.4844
vt 0.3032 0.4845
vt 0.3018 0.4751
vt 0.3127 0.4748
vt 0.3274 0.4949
vt 0.3159 0.4945
vt 0.3143 0.4844
vt 0.3255 0.4843
vt 0.3413 0.5072
vt 0.3296 0.5066
vt 0.3274 0.4949
vt 0.3391 0.4953
vt 0.3552 0.5189
vt 0.3439 0.5194
vt 0.3413 0.5072
vt 0.3528 0.5072
vt 0.3701 0.5296
vt 0.3587 0.5310
vt 0.3552 0.5189
vt 0.3665 0.5180
vt 0.3856 0.5406
vt 0.3747 0.5417
vt 0.3701 0.5296
vt 0.3814 0.5287
vt 0.4004 0.5520
vt 0.3903 0.5526
vt 0.3856 0.5406
vt 0.3965 0.5401
vt 0.4114 0.5638
vt 0.4035 0.5644
vt 0.4004 0.5520
vt 0.4091 0.5516
vt 0.4184 0.5764
vt 0.4123 0.5768
vt 0.4114 0.5638
vt 0.4181 0.5634
vt 0.4247 0.5629
vt 0.4232 0.5505
vt 0.4164 0.5510
vt 0.4142 0.5394
vt 0.4217 0.5390
vt 0.4232 0.5505
vt 0.4291 0.5384
vt 0.4304 0.5503
vt 0.4310 0.5627
vt 0.4310 0.5627
vt 0.4307 0.5761
vt 0.4245 0.5762
vt 0.4268 0.5270
vt 0.4190 0.5279
vt 0.4033 0.5282
vt 0.4114 0.5282
vt 0.4142 0.5394
vt 0.4062 0.5398
vt 0.3894 0.5164
vt 0.4004 0.5164
vt 0.4033 0.5282
vt 0.3926 0.5283
vt 0.3757 0.5059
vt 0.3873 0.5049
vt 0.3894 0.5164
vt 0.3779 0.5171
vt 0.3622 0.4956
vt 0.3736 0.4948
vt 0.3757 0.5059
vt 0.3642 0.5067
vt 0.3485 0.4845
vt 0.3600 0.4846
vt 0.3622 0.4956
vt 0.3506 0.4956
vt 0.3352 0.4743
vt 0.3467 0.4741
vt 0.3485 0.4845
vt 0.3370 0.4843
vt 0.3221 0.4652
vt 0.3334 0.4648
vt 0.3352 0.4743
vt 0.3238 0.4745
vt 0.3096 0.4564
vt 0.3205 0.4559
vt 0.3221 0.4652
vt 0.3111 0.4656
vt 0.2979 0.4476
vt 0.3084 0.4471
vt 0.3096 0.4564
vt 0.2990 0.4568
vt 0.2864 0.4388
vt 0.2970 0.4383
vt 0.2979 0.4476
vt 0.2872 0.4481
vt 0.2752 0.4302
vt 0.2859 0.4295
vt 0.2864 0.4388
vt 0.2757 0.4394
vt 0.2641 0.4216
vt 0.2750 0.4208
vt 0.2752 0.4302
vt 0.2644 0.4309
vt 0.3076 0.4377
vt 0.3187 0.4368
vt 0.3076 0.4377
vt 0.3075 0.4279
vt 0.3187 0.4368
vt 0.3192 0.4465
vt 0.3084 0.4471
vt 0.3307 0.4455
vt 0.3320 0.4243
vt 0.3308 0.4352
vt 0.3187 0.4368
vt 0.3307 0.4455
vt 0.3308 0.4352
vt 0.3437 0.4331
vt 0.3429 0.4441
vt 0.3307 0.4455
vt 0.3318 0.4553
vt 0.3205 0.4559
vt 0.3435 0.4545
vt 0.3435 0.4545
vt 0.3450 0.4643
vt 0.3334 0.4648
vt 0.3565 0.4639
vt 0.3435 0.4545
vt 0.3429 0.4441
vt 0.3551 0.4424
vt 0.3552 0.4534
vt 0.3565 0.4639
vt 0.3552 0.4534
vt 0.3668 0.4519
vt 0.3677 0.4629
vt 0.3565 0.4639
vt 0.3581 0.4741
vt 0.3467 0.4741
vt 0.3693 0.4733
vt 0.3693 0.4733
vt 0.3714 0.4839
vt 0.3600 0.4846
vt 0.3826 0.4825
vt 0.3693 0.4733
vt 0.3677 0.4629
vt 0.3790 0.4611
vt 0.3807 0.4719
vt 0.3826 0.4825
vt 0.3807 0.4719
vt 0.3913 0.4700
vt 0.3933 0.4811
vt 0.3826 0.4825
vt 0.3850 0.4935
vt 0.3736 0.4948
vt 0.3951 0.4926
vt 0.3951 0.4926
vt 0.3981 0.5045
vt 0.3873 0.5049
vt 0.4068 0.5045
vt 0.3951 0.4926
vt 0.3933 0.4811
vt 0.4012 0.4803
vt 0.4040 0.4924
vt 0.4068 0.5045
vt 0.4040 0.4924
vt 0.4117 0.4917
vt 0.4146 0.5043
vt 0.4068 0.5045
vt 0.4087 0.5165
vt 0.4004 0.5164
vt 0.4165 0.5167
vt 0.4165 0.5167
vt 0.4146 0.5043
vt 0.4217 0.5033
vt 0.4240 0.5156
vt 0.4192 0.4907
vt 0.4171 0.4784
vt 0.4192 0.4907
vt 0.4117 0.4917
vt 0.4093 0.4795
vt 0.4072 0.4676
vt 0.4151 0.4664
vt 0.4130 0.4547
vt 0.4012 0.4803
vt 0.3989 0.4684
vt 0.4072 0.4676
vt 0.3969 0.4566
vt 0.4051 0.4559
vt 0.4114 0.4431
vt 0.4130 0.4547
vt 0.4051 0.4559
vt 0.4035 0.4440
vt 0.4027 0.4321
vt 0.4107 0.4316
vt 0.4107 0.4201
vt 0.3953 0.4445
vt 0.3946 0.4326
vt 0.3946 0.4210
vt 0.4026 0.4206
vt 0.4109 0.4091
vt 0.4107 0.4201
vt 0.4026 0.4206
vt 0.4028 0.4094
vt 0.4032 0.3987
vt 0.4110 0.3988
vt 0.4109 0.4091
vt 0.4110 0.3894
vt 0.4032 0.3987
vt 0.3963 0.3985
vt 0.3997 0.3880
vt 0.3950 0.4096
vt 0.3901 0.4113
vt 0.3914 0.3993
vt 0.3963 0.3985
vt 0.3844 0.4009
vt 0.3946 0.4210
vt 0.3892 0.4229
vt 0.3901 0.4113
vt 0.3805 0.4253
vt 0.3828 0.4134
vt 0.3844 0.4009
vt 0.3828 0.4134
vt 0.3717 0.4161
vt 0.3738 0.4037
vt 0.3717 0.4161
vt 0.3587 0.4190
vt 0.3690 0.4282
vt 0.3565 0.4308
vt 0.3587 0.4190
vt 0.3787 0.4374
vt 0.3670 0.4403
vt 0.3690 0.4282
vt 0.3882 0.4467
vt 0.3781 0.4495
vt 0.3787 0.4374
vt 0.3883 0.4346
vt 0.3969 0.4566
vt 0.3894 0.4587
vt 0.3882 0.4467
vt 0.4119 0.3805
vt 0.4110 0.3894
vt 0.4048 0.3885
vt 0.4116 0.3700
vt 0.4157 0.3722
vt 0.4119 0.3805
vt 0.4068 0.3792
vt 0.3946 0.4210
vt 0.3738 0.4037
vt 0.2846 0.3913
vt 0.2852 0.4009
vt 0.2835 0.3816
vt 0.2822 0.3718
vt 0.2810 0.3616
vt 0.2619 0.3740
vt 0.2695 0.3307
vt 0.2695 0.3071
vt 0.2695 0.2805
vt 0.2700 0.2508
vt 0.2707 0.2187
vt 0.2622 0.1699
vt 0.2413 0.1873
vt 0.2625 0.1382
vt 0.2732 0.1224
vt 0.2729 0.1369
vt 0.2625 0.1382
vt 0.2732 0.1224
vt 0.2840 0.1209
vt 0.2833 0.1354
vt 0.2848 0.1078
vt 0.2738 0.1093
vt 0.2738 0.1093
vt 0.2743 0.0973
vt 0.2856 0.0961
vt 0.2625 0.1237
vt 0.2929 0.1491
vt 0.3162 0.1320
vt 0.3135 0.1466
vt 0.3030 0.1476
vt 0.3213 0.1766
vt 0.3113 0.1783
vt 0.3122 0.1622
vt 0.3225 0.1608
vt 0.3304 0.1901
vt 0.3201 0.1924
vt 0.3213 0.1766
vt 0.3317 0.1747
vt 0.3189 0.2079
vt 0.3292 0.2053
vt 0.3426 0.1727
vt 0.3411 0.1877
vt 0.3304 0.1901
vt 0.3191 0.3193
vt 0.3183 0.2945
vt 0.3511 0.1993
vt 0.3623 0.1961
vt 0.3776 0.1669
vt 0.3753 0.1796
vt 0.3776 0.1669
vt 0.3902 0.1655
vt 0.3994 0.1756
vt 0.3873 0.1773
vt 0.3902 0.1655
vt 0.4033 0.1648
vt 0.4083 0.1878
vt 0.3966 0.1870
vt 0.3994 0.1756
vt 0.4121 0.1765
vt 0.3902 0.1655
vt 0.3943 0.1525
vt 0.4072 0.1545
vt 0.3807 0.1540
vt 0.3807 0.1540
vt 0.3836 0.1420
vt 0.3972 0.1420
vt 0.3709 0.1421
vt 0.3655 0.1685
vt 0.3680 0.1551
vt 0.3807 0.1540
vt 0.3709 0.1421
vt 0.3737 0.1292
vt 0.3859 0.1300
vt 0.3620 0.1289
vt 0.3560 0.1564
vt 0.3587 0.1425
vt 0.3709 0.1421
vt 0.3620 0.1289
vt 0.3647 0.1152
vt 0.3763 0.1161
vt 0.3532 0.1151
vt 0.3473 0.1434
vt 0.3504 0.1293
vt 0.3620 0.1289
vt 0.3532 0.1151
vt 0.3553 0.1014
vt 0.3670 0.1019
vt 0.3435 0.1020
vt 0.3390 0.1304
vt 0.3417 0.1158
vt 0.3532 0.1151
vt 0.3435 0.1020
vt 0.3451 0.0904
vt 0.3571 0.0886
vt 0.3330 0.0916
vt 0.3302 0.1169
vt 0.3316 0.1031
vt 0.3435 0.1020
vt 0.3330 0.0916
vt 0.3343 0.0787
vt 0.3465 0.0781
vt 0.3222 0.0795
vt 0.3197 0.1042
vt 0.3210 0.0927
vt 0.3330 0.0916
vt 0.3222 0.0795
vt 0.3230 0.0697
vt 0.3351 0.0687
vt 0.3089 0.0938
vt 0.3101 0.0805
vt 0.3222 0.0795
vt 0.3210 0.0927
vt 0.3608 0.0587
vt 0.3732 0.0489
vt 0.3738 0.0591
vt 0.3608 0.0587
vt 0.3606 0.0501
vt 0.3857 0.0481
vt 0.3863 0.0588
vt 0.3857 0.0481
vt 0.3976 0.0477
vt 0.4094 0.0593
vt 0.3983 0.0591
vt 0.3976 0.0477
vt 0.4088 0.0472
vt 0.4202 0.0719
vt 0.4097 0.0714
vt 0.4094 0.0593
vt 0.4199 0.0589
vt 0.4292 0.0844
vt 0.4190 0.0853
vt 0.4202 0.0719
vt 0.4301 0.0707
vt 0.4375 0.0961
vt 0.4263 0.0984
vt 0.4292 0.0844
vt 0.4398 0.0821
vt 0.4474 0.1065
vt 0.4353 0.1091
vt 0.4375 0.0961
vt 0.4489 0.0931
vt 0.4474 0.1065
vt 0.4459 0.1201
vt 0.4342 0.1212
vt 0.4353 0.1091
vt 0.4342 0.1212
vt 0.4225 0.1219
vt 0.4119 0.1100
vt 0.4238 0.1104
vt 0.4225 0.1219
vt 0.4109 0.1216
vt 0.4040 0.0950
vt 0.4148 0.0981
vt 0.4119 0.1100
vt 0.4009 0.1073
vt 0.3961 0.0811
vt 0.4079 0.0832
vt 0.4040 0.0950
vt 0.3927 0.0929
vt 0.3855 0.0687
vt 0.3981 0.0703
vt 0.3961 0.0811
vt 0.3836 0.0792
vt 0.3855 0.0687
vt 0.3730 0.0683
vt 0.3738 0.0591
vt 0.4334 0.1325
vt 0.4218 0.1333
vt 0.4459 0.1201
vt 0.4461 0.1311
vt 0.4334 0.1325
vt 0.4453 0.1414
vt 0.4327 0.1434
vt 0.4506 0.0797
vt 0.4518 0.0670
vt 0.4506 0.0797
vt 0.4398 0.0821
vt 0.4407 0.0690
vt 0.4518 0.0670
vt 0.4407 0.0690
vt 0.4412 0.0565
vt 0.4303 0.0455
vt 0.4414 0.0442
vt 0.4412 0.0565
vt 0.4303 0.0579
vt 0.4299 0.0333
vt 0.4303 0.0455
vt 0.4196 0.0465
vt 0.4189 0.0344
vt 0.4409 0.0321
vt 0.4531 0.0427
vt 0.4414 0.0442
vt 0.4409 0.0321
vt 0.4524 0.0305
vt 0.4531 0.0427
vt 0.4528 0.0548
vt 0.4412 0.0565
vt 0.4079 0.0355
vt 0.3976 0.0477
vt 0.3966 0.0364
vt 0.4079 0.0355
vt 0.3847 0.0374
vt 0.3724 0.0386
vt 0.3847 0.0374
vt 0.3857 0.0481
vt 0.3598 0.0400
vt 0.3724 0.0386
vt 0.3732 0.0489
vt 0.3473 0.0413
vt 0.3598 0.0400
vt 0.3606 0.0501
vt 0.3480 0.0590
vt 0.3480 0.0513
vt 0.3606 0.0501
vt 0.3480 0.0513
vt 0.3354 0.0523
vt 0.3349 0.0424
vt 0.3108 0.0706
vt 0.2980 0.0815
vt 0.2993 0.0454
vt 0.2530 0.0566
vt 0.2423 0.0566
vt 0.2416 0.0738
vt 0.2413 0.0999
vt 0.2414 0.1123
vt 0.2200 0.0997
vt 0.2202 0.1123
vt 0.2203 0.1406
vt 0.2416 0.1402
vt 0.2416 0.1552
vt 0.2202 0.1557
vt 0.2415 0.1711
vt 0.2199 0.1714
vt 0.2198 0.1874
vt 0.2199 0.2204
vt 0.2200 0.2368
vt 0.2203 0.2525
vt 0.2206 0.2674
vt 0.2208 0.2817
vt 0.2209 0.2952
vt 0.2210 0.3080
vt 0.2209 0.3201
vt 0.2208 0.3317
vt 0.2205 0.3431
vt 0.2201 0.3543
vt 0.2197 0.3647
vt 0.2195 0.3746
vt 0.2193 0.3844
vt 0.2192 0.3943
vt 0.2191 0.4042
vt 0.2191 0.4133
vt 0.2544 0.4586
vt 0.2544 0.4586
vt 0.2547 0.4674
vt 0.2428 0.4678
vt 0.2666 0.4669
vt 0.2547 0.4674
vt 0.2551 0.4760
vt 0.2429 0.4764
vt 0.2556 0.4847
vt 0.2432 0.4848
vt 0.2429 0.4764
vt 0.2562 0.4935
vt 0.2435 0.4934
vt 0.2432 0.4848
vt 0.2692 0.5028
vt 0.2566 0.5024
vt 0.2562 0.4935
vt 0.2689 0.4937
vt 0.2815 0.5133
vt 0.2691 0.5124
vt 0.2692 0.5028
vt 0.2815 0.5033
vt 0.2814 0.5237
vt 0.2815 0.5133
vt 0.2939 0.5146
vt 0.3056 0.5046
vt 0.3065 0.5165
vt 0.2939 0.5146
vt 0.2936 0.5039
vt 0.2929 0.4940
vt 0.3045 0.4942
vt 0.3056 0.5046
vt 0.3159 0.4945
vt 0.3176 0.5057
vt 0.3056 0.5046
vt 0.3195 0.5188
vt 0.3319 0.5197
vt 0.3355 0.5350
vt 0.3195 0.5188
vt 0.3226 0.5368
vt 0.3427 0.5486
vt 0.3337 0.5527
vt 0.3264 0.5582
vt 0.3171 0.5474
vt 0.3071 0.5293
vt 0.3171 0.5474
vt 0.3052 0.5406
vt 0.3071 0.5293
vt 0.2941 0.5258
vt 0.2939 0.5146
vt 0.2809 0.5337
vt 0.2814 0.5237
vt 0.2941 0.5258
vt 0.2932 0.5364
vt 0.2685 0.5322
vt 0.2563 0.5216
vt 0.2688 0.5224
vt 0.2685 0.5322
vt 0.2561 0.5313
vt 0.2566 0.5117
vt 0.2563 0.5216
vt 0.2439 0.5210
vt 0.2557 0.5407
vt 0.2676 0.5415
vt 0.2557 0.5407
vt 0.2554 0.5457
vt 0.2436 0.5454
vt 0.2676 0.5415
vt 0.2670 0.5465
vt 0.2554 0.5457
vt 0.2792 0.5433
vt 0.2781 0.5483
vt 0.2905 0.5461
vt 0.2887 0.5510
vt 0.3009 0.5499
vt 0.2984 0.5547
vt 0.3106 0.5559
vt 0.3070 0.5597
vt 0.3199 0.5647
vt 0.3166 0.5682
vt 0.3285 0.5756
vt 0.3251 0.5785
vt 0.3362 0.5868
vt 0.3328 0.5897
vt 0.3436 0.5966
vt 0.3400 0.5994
vt 0.3429 0.5814
vt 0.3507 0.5924
vt 0.3436 0.5966
vt 0.3575 0.5884
vt 0.3423 0.5652
vt 0.3503 0.5769
vt 0.3429 0.5814
vt 0.3350 0.5702
vt 0.3582 0.5728
vt 0.3505 0.5610
vt 0.3726 0.5830
vt 0.3649 0.5856
vt 0.3582 0.5728
vt 0.3668 0.5700
vt 0.3759 0.5679
vt 0.3698 0.5554
vt 0.3598 0.5576
vt 0.3529 0.5455
vt 0.3637 0.5432
vt 0.3698 0.5554
vt 0.3747 0.5417
vt 0.3801 0.5538
vt 0.3698 0.5554
vt 0.3853 0.5662
vt 0.3853 0.5662
vt 0.3893 0.5796
vt 0.3809 0.5811
vt 0.3976 0.5782
vt 0.3903 0.5526
vt 0.3947 0.5651
vt 0.3853 0.5662
vt 0.4035 0.5644
vt 0.4054 0.5774
vt 0.3976 0.5782
vt 0.3472 0.5328
vt 0.3587 0.5310
vt 0.3637 0.5432
vt 0.3947 0.5651
vt 0.3809 0.5811
vt 0.4142 0.5394
vt 0.3355 0.5350
vt 0.3319 0.5197
vt 0.3176 0.5057
vt 0.3370 0.4843
vt 0.3045 0.4942
vt 0.2919 0.4846
vt 0.2907 0.4754
vt 0.2919 0.4846
vt 0.2803 0.4846
vt 0.2673 0.4757
vt 0.2792 0.4755
vt 0.2803 0.4846
vt 0.2681 0.4846
vt 0.2803 0.4846
vt 0.2812 0.4938
vt 0.2689 0.4937
vt 0.2936 0.5039
vt 0.2688 0.5224
vt 0.2566 0.5117
vt 0.2440 0.5112
vt 0.2439 0.5021
vt 0.2438 0.5308
vt 0.2427 0.4590
vt 0.3350 0.5702
vt 0.3529 0.5455
vt 0.3973 0.3505
vt 0.3836 0.3458
vt 0.4131 0.3548
vt 0.3794 0.3363
vt 0.3681 0.3427
vt 0.3321 0.3265
vt 0.3759 0.2825
vt 0.3622 0.2773
vt 0.3493 0.2694
vt 0.3276 0.2635
vt 0.3842 0.2531
vt 0.3607 0.2372
vt 0.4186 0.2102
vt 0.4089 0.2443
vt 0.4083 0.1878
vt 0.4288 0.1652
vt 0.4453 0.1414
vt 0.3983 0.0591
vt 0.4303 0.0579
vt 0.3316 0.1031
vt 0.3417 0.1158
vt 0.3504 0.1293
vt 0.3587 0.1425
vt 0.3680 0.1551
vt 0.8190 0.7030
vt 0.8134 0.7016
vt 0.8158 0.6940
vt 0.8226 0.6981
vt 0.8190 0.7030
vt 0.8205 0.7077
vt 0.8132 0.7090
vt 0.8223 0.7143
vt 0.8140 0.7169
vt 0.8132 0.7090
vt 0.8134 0.7016
vt 0.8132 0.7090
vt 0.8044 0.7079
vt 0.7944 0.7158
vt 0.7939 0.7056
vt 0.8044 0.7079
vt 0.8047 0.7174
vt 0.7842 0.7207
vt 0.7832 0.7119
vt 0.7944 0.7158
vt 0.7954 0.7243
vt 0.7738 0.7242
vt 0.7728 0.7165
vt 0.7842 0.7207
vt 0.7849 0.7281
vt 0.7629 0.7293
vt 0.7626 0.7207
vt 0.7738 0.7242
vt 0.7741 0.7314
vt 0.7512 0.7363
vt 0.7518 0.7266
vt 0.7629 0.7293
vt 0.7621 0.7383
vt 0.7398 0.7429
vt 0.7409 0.7330
vt 0.7512 0.7363
vt 0.7499 0.7448
vt 0.7300 0.7411
vt 0.7307 0.7313
vt 0.7300 0.7411
vt 0.7203 0.7408
vt 0.7205 0.7313
vt 0.7203 0.7408
vt 0.7111 0.7402
vt 0.7108 0.7306
vt 0.7111 0.7402
vt 0.7020 0.7401
vt 0.7015 0.7303
vt 0.7020 0.7401
vt 0.6926 0.7392
vt 0.6922 0.7307
vt 0.6926 0.7392
vt 0.6838 0.7387
vt 0.6834 0.7311
vt 0.6838 0.7387
vt 0.6745 0.7383
vt 0.6744 0.7318
vt 0.6745 0.7383
vt 0.6640 0.7398
vt 0.6641 0.7327
vt 0.6640 0.7398
vt 0.6523 0.7406
vt 0.6523 0.7334
vt 0.6523 0.7406
vt 0.6398 0.7394
vt 0.6294 0.7474
vt 0.6293 0.7402
vt 0.6398 0.7394
vt 0.6397 0.7483
vt 0.6193 0.7459
vt 0.6294 0.7474
vt 0.6293 0.7567
vt 0.6390 0.7610
vt 0.6290 0.7591
vt 0.6293 0.7567
vt 0.6395 0.7586
vt 0.6510 0.7631
vt 0.6502 0.7654
vt 0.6390 0.7610
vt 0.6610 0.7660
vt 0.6617 0.7617
vt 0.6728 0.7617
vt 0.6721 0.7655
vt 0.6610 0.7660
vt 0.6837 0.7651
vt 0.6840 0.7606
vt 0.6937 0.7618
vt 0.6937 0.7681
vt 0.6837 0.7651
vt 0.7030 0.7696
vt 0.7028 0.7627
vt 0.7110 0.7621
vt 0.7109 0.7697
vt 0.7030 0.7696
vt 0.7189 0.7692
vt 0.7193 0.7625
vt 0.7284 0.7629
vt 0.7276 0.7693
vt 0.7189 0.7692
vt 0.7363 0.7697
vt 0.7372 0.7646
vt 0.7463 0.7672
vt 0.7453 0.7718
vt 0.7363 0.7697
vt 0.7553 0.7737
vt 0.7584 0.7585
vt 0.7562 0.7691
vt 0.7463 0.7672
vt 0.7481 0.7559
vt 0.7726 0.7467
vt 0.7706 0.7586
vt 0.7584 0.7585
vt 0.7605 0.7472
vt 0.7849 0.7421
vt 0.7845 0.7489
vt 0.7726 0.7467
vt 0.7736 0.7389
vt 0.7967 0.7376
vt 0.7972 0.7438
vt 0.7849 0.7421
vt 0.7851 0.7353
vt 0.8071 0.7315
vt 0.8081 0.7374
vt 0.7967 0.7376
vt 0.7961 0.7313
vt 0.8156 0.7240
vt 0.8173 0.7304
vt 0.8071 0.7315
vt 0.8059 0.7251
vt 0.8223 0.7143
vt 0.8245 0.7215
vt 0.8156 0.7240
vt 0.8269 0.7286
vt 0.8173 0.7304
vt 0.8269 0.7286
vt 0.8294 0.7350
vt 0.8206 0.7433
vt 0.8189 0.7367
vt 0.8294 0.7350
vt 0.8310 0.7415
vt 0.8091 0.7436
vt 0.8206 0.7433
vt 0.8195 0.7506
vt 0.8293 0.7582
vt 0.8166 0.7607
vt 0.8195 0.7506
vt 0.8305 0.7486
vt 0.8423 0.7462
vt 0.8418 0.7561
vt 0.8293 0.7582
vt 0.8432 0.7650
vt 0.8314 0.7692
vt 0.8306 0.7669
vt 0.8432 0.7650
vt 0.8440 0.7674
vt 0.8188 0.7709
vt 0.8181 0.7682
vt 0.8188 0.7709
vt 0.8059 0.7726
vt 0.8060 0.7695
vt 0.8059 0.7726
vt 0.7924 0.7736
vt 0.7930 0.7699
vt 0.7924 0.7736
vt 0.7785 0.7744
vt 0.7799 0.7703
vt 0.7785 0.7744
vt 0.7663 0.7748
vt 0.7675 0.7709
vt 0.7663 0.7748
vt 0.7553 0.7737
vt 0.7949 0.7595
vt 0.7930 0.7699
vt 0.7799 0.7703
vt 0.7832 0.7580
vt 0.8076 0.7598
vt 0.7949 0.7595
vt 0.7969 0.7502
vt 0.8093 0.7506
vt 0.8545 0.7646
vt 0.8557 0.7661
vt 0.8663 0.7625
vt 0.8676 0.7639
vt 0.8762 0.7604
vt 0.8769 0.7621
vt 0.8851 0.7591
vt 0.8856 0.7605
vt 0.8939 0.7580
vt 0.8940 0.7599
vt 0.9027 0.7606
vt 0.9022 0.7625
vt 0.9070 0.7689
vt 0.9073 0.7628
vt 0.9166 0.7654
vt 0.9166 0.7654
vt 0.9162 0.7663
vt 0.9241 0.7663
vt 0.9237 0.7673
vt 0.9321 0.7665
vt 0.9317 0.7680
vt 0.9404 0.7671
vt 0.9498 0.7620
vt 0.9500 0.7681
vt 0.9404 0.7671
vt 0.9410 0.7616
vt 0.9600 0.7694
vt 0.9596 0.7633
vt 0.9600 0.7694
vt 0.9602 0.7731
vt 0.9502 0.7697
vt 0.9500 0.7681
vt 0.9502 0.7697
vt 0.9403 0.7688
vt 0.9593 0.7582
vt 0.9503 0.7553
vt 0.9592 0.7534
vt 0.9422 0.7553
vt 0.9510 0.7506
vt 0.9433 0.7503
vt 0.9592 0.7534
vt 0.9510 0.7506
vt 0.9517 0.7467
vt 0.9454 0.7417
vt 0.9527 0.7428
vt 0.9517 0.7467
vt 0.9442 0.7461
vt 0.9398 0.7348
vt 0.9466 0.7374
vt 0.9454 0.7417
vt 0.9381 0.7412
vt 0.9305 0.7398
vt 0.9286 0.7466
vt 0.9366 0.7465
vt 0.9355 0.7511
vt 0.9273 0.7519
vt 0.9286 0.7466
vt 0.9189 0.7499
vt 0.9202 0.7438
vt 0.9224 0.7366
vt 0.9224 0.7366
vt 0.9245 0.7294
vt 0.9328 0.7316
vt 0.9150 0.7268
vt 0.9122 0.7392
vt 0.9139 0.7319
vt 0.9150 0.7268
vt 0.9139 0.7319
vt 0.9039 0.7281
vt 0.9045 0.7238
vt 0.8942 0.7247
vt 0.8952 0.7193
vt 0.9045 0.7238
vt 0.8870 0.7148
vt 0.9038 0.7345
vt 0.8942 0.7303
vt 0.8942 0.7247
vt 0.8842 0.7283
vt 0.8852 0.7212
vt 0.8870 0.7148
vt 0.8852 0.7212
vt 0.8775 0.7177
vt 0.8629 0.7239
vt 0.8698 0.7123
vt 0.8775 0.7177
vt 0.8744 0.7262
vt 0.8732 0.7350
vt 0.8632 0.7350
vt 0.8551 0.7141
vt 0.8517 0.7278
vt 0.8463 0.7208
vt 0.8629 0.7239
vt 0.8632 0.7350
vt 0.8534 0.7358
vt 0.8517 0.7278
vt 0.8627 0.7459
vt 0.8527 0.7463
vt 0.8534 0.7358
vt 0.8423 0.7462
vt 0.8425 0.7384
vt 0.8534 0.7358
vt 0.8406 0.7322
vt 0.8368 0.7258
vt 0.8406 0.7322
vt 0.8294 0.7350
vt 0.8245 0.7215
vt 0.8330 0.7180
vt 0.8368 0.7258
vt 0.8410 0.7129
vt 0.8430 0.6960
vt 0.8486 0.7051
vt 0.8410 0.7129
vt 0.8366 0.7046
vt 0.8550 0.6953
vt 0.8481 0.6868
vt 0.8651 0.6971
vt 0.8623 0.7032
vt 0.8550 0.6953
vt 0.8580 0.6891
vt 0.8651 0.6971
vt 0.8721 0.7044
vt 0.8698 0.7123
vt 0.8721 0.7044
vt 0.8795 0.7102
vt 0.8775 0.7177
vt 0.8510 0.6807
vt 0.8435 0.6727
vt 0.8510 0.6807
vt 0.8481 0.6868
vt 0.8413 0.6791
vt 0.8379 0.6876
vt 0.8435 0.6727
vt 0.8413 0.6791
vt 0.8336 0.6716
vt 0.8223 0.6734
vt 0.8245 0.6642
vt 0.8336 0.6716
vt 0.8311 0.6805
vt 0.8111 0.6660
vt 0.8223 0.6734
vt 0.8197 0.6836
vt 0.8065 0.6897
vt 0.8090 0.6780
vt 0.8197 0.6836
vt 0.8311 0.6805
vt 0.8274 0.6898
vt 0.8197 0.6836
vt 0.8326 0.6968
vt 0.8326 0.6968
vt 0.8366 0.7046
vt 0.8298 0.7102
vt 0.8265 0.7035
vt 0.7973 0.6736
vt 0.7953 0.6858
vt 0.8065 0.6897
vt 0.8049 0.6988
vt 0.7942 0.6956
vt 0.8049 0.6988
vt 0.8044 0.7079
vt 0.7953 0.6858
vt 0.7942 0.6956
vt 0.7829 0.6905
vt 0.7722 0.6955
vt 0.7720 0.6854
vt 0.7829 0.6905
vt 0.7828 0.7010
vt 0.7619 0.7026
vt 0.7622 0.6908
vt 0.7722 0.6955
vt 0.7723 0.7070
vt 0.7516 0.7088
vt 0.7518 0.6984
vt 0.7619 0.7026
vt 0.7620 0.7126
vt 0.7413 0.7141
vt 0.7411 0.7054
vt 0.7516 0.7088
vt 0.7518 0.7176
vt 0.7309 0.7211
vt 0.7306 0.7121
vt 0.7413 0.7141
vt 0.7414 0.7228
vt 0.7203 0.7204
vt 0.7199 0.7110
vt 0.7203 0.7204
vt 0.7103 0.7193
vt 0.7097 0.7100
vt 0.7103 0.7193
vt 0.7008 0.7192
vt 0.6997 0.7106
vt 0.7008 0.7192
vt 0.6915 0.7202
vt 0.6900 0.7114
vt 0.6915 0.7202
vt 0.6824 0.7222
vt 0.6722 0.7142
vt 0.6808 0.7128
vt 0.6824 0.7222
vt 0.6736 0.7256
vt 0.6791 0.7027
vt 0.6701 0.7022
vt 0.6877 0.6911
vt 0.6885 0.7023
vt 0.6791 0.7027
vt 0.6780 0.6905
vt 0.6979 0.6810
vt 0.6981 0.6922
vt 0.6877 0.6911
vt 0.6873 0.6799
vt 0.7084 0.6719
vt 0.7084 0.6818
vt 0.6979 0.6810
vt 0.6977 0.6715
vt 0.7195 0.6635
vt 0.7192 0.6725
vt 0.7084 0.6719
vt 0.7084 0.6629
vt 0.7317 0.6542
vt 0.7309 0.6645
vt 0.7195 0.6635
vt 0.7201 0.6531
vt 0.7440 0.6450
vt 0.7426 0.6553
vt 0.7317 0.6542
vt 0.7332 0.6440
vt 0.7565 0.6370
vt 0.7543 0.6475
vt 0.7440 0.6450
vt 0.7457 0.6342
vt 0.7716 0.6271
vt 0.7677 0.6392
vt 0.7565 0.6370
vt 0.7597 0.6245
vt 0.7716 0.6271
vt 0.7832 0.6308
vt 0.7794 0.6421
vt 0.7911 0.6466
vt 0.7949 0.6366
vt 0.7995 0.6618
vt 0.7880 0.6575
vt 0.7911 0.6466
vt 0.8027 0.6512
vt 0.7857 0.6679
vt 0.8139 0.6565
vt 0.8168 0.6502
vt 0.7949 0.6366
vt 0.8064 0.6431
vt 0.8027 0.6512
vt 0.8168 0.6502
vt 0.8263 0.6579
vt 0.8245 0.6642
vt 0.8263 0.6579
vt 0.8352 0.6652
vt 0.8336 0.6716
vt 0.7764 0.6529
vt 0.7743 0.6629
vt 0.7857 0.6679
vt 0.7837 0.6803
vt 0.7725 0.6757
vt 0.7837 0.6803
vt 0.7829 0.6905
vt 0.7634 0.6594
vt 0.7743 0.6629
vt 0.7725 0.6757
vt 0.7625 0.6716
vt 0.7634 0.6594
vt 0.7650 0.6500
vt 0.7764 0.6529
vt 0.7634 0.6594
vt 0.7530 0.6570
vt 0.7543 0.6475
vt 0.7524 0.6696
vt 0.7524 0.6696
vt 0.7421 0.6661
vt 0.7426 0.6553
vt 0.7420 0.6755
vt 0.7524 0.6696
vt 0.7625 0.6716
vt 0.7623 0.6805
vt 0.7526 0.6779
vt 0.7420 0.6755
vt 0.7526 0.6779
vt 0.7524 0.6868
vt 0.7417 0.6847
vt 0.7420 0.6755
vt 0.7305 0.6737
vt 0.7309 0.6645
vt 0.7301 0.6838
vt 0.7301 0.6838
vt 0.7190 0.6827
vt 0.7192 0.6725
vt 0.7189 0.6933
vt 0.7301 0.6838
vt 0.7417 0.6847
vt 0.7412 0.6955
vt 0.7299 0.6942
vt 0.7189 0.6933
vt 0.7299 0.6942
vt 0.7300 0.7036
vt 0.7193 0.7025
vt 0.7189 0.6933
vt 0.7085 0.6926
vt 0.7084 0.6818
vt 0.7089 0.7019
vt 0.7089 0.7019
vt 0.6987 0.7023
vt 0.6981 0.6922
vt 0.7081 0.6529
vt 0.7201 0.6531
vt 0.7081 0.6529
vt 0.7080 0.6443
vt 0.7215 0.6333
vt 0.7208 0.6436
vt 0.7080 0.6443
vt 0.7082 0.6347
vt 0.7347 0.6225
vt 0.7345 0.6336
vt 0.7215 0.6333
vt 0.7212 0.6232
vt 0.7347 0.6225
vt 0.7475 0.6229
vt 0.7457 0.6342
vt 0.7075 0.6253
vt 0.6937 0.6281
vt 0.7075 0.6253
vt 0.7082 0.6347
vt 0.6955 0.6364
vt 0.6961 0.6454
vt 0.6937 0.6281
vt 0.6955 0.6364
vt 0.6823 0.6383
vt 0.6714 0.6480
vt 0.6693 0.6417
vt 0.6823 0.6383
vt 0.6838 0.6456
vt 0.6616 0.6576
vt 0.6595 0.6521
vt 0.6714 0.6480
vt 0.6733 0.6546
vt 0.6529 0.6688
vt 0.6507 0.6632
vt 0.6616 0.6576
vt 0.6639 0.6651
vt 0.6447 0.6779
vt 0.6430 0.6731
vt 0.6529 0.6688
vt 0.6551 0.6747
vt 0.6366 0.6879
vt 0.6358 0.6820
vt 0.6447 0.6779
vt 0.6460 0.6845
vt 0.6275 0.6960
vt 0.6278 0.6895
vt 0.6366 0.6879
vt 0.6372 0.6958
vt 0.6191 0.7034
vt 0.6189 0.6969
vt 0.6275 0.6960
vt 0.6279 0.7034
vt 0.6098 0.7137
vt 0.6097 0.7051
vt 0.6191 0.7034
vt 0.6190 0.7121
vt 0.5992 0.7259
vt 0.5997 0.7163
vt 0.6098 0.7137
vt 0.6098 0.7240
vt 0.5879 0.7326
vt 0.5881 0.7259
vt 0.5992 0.7259
vt 0.5991 0.7335
vt 0.5811 0.7384
vt 0.5796 0.7331
vt 0.5879 0.7326
vt 0.5891 0.7384
vt 0.5746 0.7393
vt 0.5731 0.7349
vt 0.5746 0.7393
vt 0.5685 0.7412
vt 0.5672 0.7373
vt 0.5685 0.7412
vt 0.5616 0.7422
vt 0.5606 0.7386
vt 0.5616 0.7422
vt 0.5542 0.7429
vt 0.5531 0.7390
vt 0.5542 0.7429
vt 0.5457 0.7421
vt 0.5453 0.7379
vt 0.5457 0.7421
vt 0.5378 0.7413
vt 0.5320 0.7365
vt 0.5376 0.7366
vt 0.5378 0.7413
vt 0.5320 0.7413
vt 0.5320 0.7365
vt 0.5316 0.7316
vt 0.5376 0.7322
vt 0.5451 0.7332
vt 0.5376 0.7322
vt 0.5377 0.7272
vt 0.5450 0.7269
vt 0.5451 0.7332
vt 0.5527 0.7331
vt 0.5531 0.7390
vt 0.5601 0.7329
vt 0.5606 0.7386
vt 0.5531 0.7390
vt 0.5601 0.7329
vt 0.5668 0.7318
vt 0.5672 0.7373
vt 0.5731 0.7297
vt 0.5731 0.7349
vt 0.5672 0.7373
vt 0.5797 0.7201
vt 0.5795 0.7268
vt 0.5731 0.7297
vt 0.5726 0.7225
vt 0.5889 0.7112
vt 0.5888 0.7181
vt 0.5797 0.7201
vt 0.5793 0.7134
vt 0.5993 0.7029
vt 0.5994 0.7082
vt 0.5889 0.7112
vt 0.5884 0.7059
vt 0.6103 0.6943
vt 0.6100 0.6995
vt 0.5993 0.7029
vt 0.5991 0.6985
vt 0.6195 0.6868
vt 0.6194 0.6911
vt 0.6103 0.6943
vt 0.6101 0.6901
vt 0.6270 0.6813
vt 0.6278 0.6848
vt 0.6195 0.6868
vt 0.6187 0.6837
vt 0.6334 0.6747
vt 0.6347 0.6778
vt 0.6270 0.6813
vt 0.6257 0.6779
vt 0.6401 0.6652
vt 0.6414 0.6692
vt 0.6334 0.6747
vt 0.6324 0.6717
vt 0.6468 0.6542
vt 0.6489 0.6585
vt 0.6401 0.6652
vt 0.6385 0.6622
vt 0.6549 0.6422
vt 0.6573 0.6469
vt 0.6468 0.6542
vt 0.6442 0.6498
vt 0.6549 0.6422
vt 0.6669 0.6360
vt 0.6693 0.6417
vt 0.6669 0.6360
vt 0.6801 0.6315
vt 0.6823 0.6383
vt 0.6361 0.6581
vt 0.6297 0.6644
vt 0.6361 0.6581
vt 0.6385 0.6622
vt 0.6313 0.6690
vt 0.6297 0.6644
vt 0.6313 0.6690
vt 0.6237 0.6724
vt 0.6157 0.6770
vt 0.6144 0.6736
vt 0.6237 0.6724
vt 0.6246 0.6752
vt 0.6076 0.6843
vt 0.6057 0.6803
vt 0.6157 0.6770
vt 0.6172 0.6801
vt 0.5975 0.6918
vt 0.5959 0.6882
vt 0.6076 0.6843
vt 0.6093 0.6872
vt 0.5869 0.6994
vt 0.5858 0.6960
vt 0.5975 0.6918
vt 0.5986 0.6949
vt 0.5781 0.7055
vt 0.5777 0.7024
vt 0.5869 0.6994
vt 0.5877 0.7023
vt 0.5884 0.7059
vt 0.5785 0.7084
vt 0.5781 0.7055
vt 0.5712 0.7108
vt 0.5712 0.7075
vt 0.5781 0.7055
vt 0.5659 0.7086
vt 0.5793 0.7134
vt 0.5716 0.7153
vt 0.5712 0.7108
vt 0.5660 0.7127
vt 0.5706 0.7042
vt 0.5706 0.7042
vt 0.5764 0.6984
vt 0.5777 0.7024
vt 0.5764 0.6984
vt 0.5840 0.6915
vt 0.5858 0.6960
vt 0.5840 0.6915
vt 0.5938 0.6837
vt 0.5959 0.6882
vt 0.5938 0.6837
vt 0.6034 0.6758
vt 0.6057 0.6803
vt 0.6034 0.6758
vt 0.6123 0.6691
vt 0.6144 0.6736
vt 0.6226 0.6679
vt 0.5603 0.7125
vt 0.5657 0.7174
vt 0.5661 0.7244
vt 0.5657 0.7174
vt 0.5716 0.7153
vt 0.5597 0.7251
vt 0.5598 0.7178
vt 0.5525 0.7254
vt 0.5533 0.7168
vt 0.5598 0.7178
vt 0.5456 0.7186
vt 0.5377 0.7272
vt 0.5379 0.7206
vt 0.5456 0.7186
vt 0.5308 0.7224
vt 0.5316 0.7316
vt 0.5313 0.7271
vt 0.5377 0.7272
vt 0.5603 0.7125
vt 0.5527 0.7331
vt 0.5601 0.7329
vt 0.5453 0.7379
vt 0.5731 0.7297
vt 0.5376 0.7366
vt 0.5475 0.7471
vt 0.5389 0.7475
vt 0.5475 0.7471
vt 0.5496 0.7521
vt 0.5598 0.7526
vt 0.5502 0.7530
vt 0.5496 0.7521
vt 0.5592 0.7517
vt 0.5672 0.7511
vt 0.5679 0.7523
vt 0.5598 0.7526
vt 0.5753 0.7522
vt 0.5746 0.7508
vt 0.5813 0.7503
vt 0.5821 0.7517
vt 0.5753 0.7522
vt 0.5874 0.7500
vt 0.5883 0.7517
vt 0.5821 0.7517
vt 0.5935 0.7503
vt 0.6008 0.7463
vt 0.6008 0.7512
vt 0.5935 0.7503
vt 0.5914 0.7448
vt 0.6100 0.7392
vt 0.6097 0.7455
vt 0.6008 0.7463
vt 0.5999 0.7401
vt 0.6194 0.7313
vt 0.6192 0.7382
vt 0.6100 0.7392
vt 0.6103 0.7333
vt 0.6279 0.7232
vt 0.6285 0.7323
vt 0.6194 0.7313
vt 0.6188 0.7221
vt 0.6393 0.7150
vt 0.6397 0.7254
vt 0.6279 0.7232
vt 0.6279 0.7132
vt 0.6489 0.7029
vt 0.6508 0.7142
vt 0.6393 0.7150
vt 0.6382 0.7046
vt 0.6580 0.6917
vt 0.6599 0.7034
vt 0.6489 0.7029
vt 0.6471 0.6929
vt 0.6674 0.6802
vt 0.6686 0.6900
vt 0.6580 0.6917
vt 0.6567 0.6816
vt 0.6761 0.6717
vt 0.6770 0.6801
vt 0.6674 0.6802
vt 0.6660 0.6730
vt 0.6862 0.6615
vt 0.6869 0.6707
vt 0.6761 0.6717
vt 0.6749 0.6629
vt 0.6967 0.6531
vt 0.6974 0.6624
vt 0.6862 0.6615
vt 0.6850 0.6529
vt 0.6621 0.7140
vt 0.6635 0.7253
vt 0.6621 0.7140
vt 0.6722 0.7142
vt 0.6635 0.7253
vt 0.6519 0.7253
vt 0.6508 0.7142
vt 0.6399 0.7332
vt 0.6523 0.7334
vt 0.6974 0.6624
vt 0.6838 0.6456
vt 0.7332 0.6440
vt 0.6358 0.6820
vt 0.6101 0.6901
vt 0.5991 0.6985
vt 0.5643 0.7462
vt 0.5567 0.7472
vt 0.5643 0.7462
vt 0.5672 0.7511
vt 0.5714 0.7456
vt 0.5714 0.7456
vt 0.5778 0.7445
vt 0.5813 0.7503
vt 0.5842 0.7442
vt 0.5914 0.7448
vt 0.5999 0.7401
vt 0.5874 0.7500
vt 0.5939 0.7520
vt 0.6008 0.7512
vt 0.6005 0.7526
vt 0.5939 0.7520
vt 0.6100 0.7542
vt 0.6097 0.7455
vt 0.6101 0.7525
vt 0.6008 0.7512
vt 0.6194 0.7562
vt 0.6100 0.7542
vt 0.6101 0.7525
vt 0.6197 0.7547
vt 0.5402 0.7526
vt 0.5315 0.7524
vt 0.5318 0.7464
vt 0.5389 0.7475
vt 0.5405 0.7535
vt 0.5313 0.7562
vt 0.5315 0.7524
vt 0.6194 0.7562
vt 0.6397 0.7483
vt 0.6521 0.7514
vt 0.6510 0.7631
vt 0.6628 0.7505
vt 0.6628 0.7505
vt 0.6737 0.7496
vt 0.6728 0.7617
vt 0.6838 0.7482
vt 0.6838 0.7482
vt 0.6930 0.7490
vt 0.6937 0.7618
vt 0.7026 0.7504
vt 0.7026 0.7504
vt 0.7111 0.7506
vt 0.7110 0.7621
vt 0.7197 0.7507
vt 0.7197 0.7507
vt 0.7292 0.7517
vt 0.7284 0.7629
vt 0.7387 0.7534
vt 0.6523 0.7406
vt 0.7481 0.7559
vt 0.7372 0.7646
vt 0.7799 0.7703
vt 0.8166 0.7607
vt 0.8091 0.7436
vt 0.8306 0.7669
vt 0.8524 0.7571
vt 0.8627 0.7459
vt 0.8634 0.7555
vt 0.8524 0.7571
vt 0.8731 0.7436
vt 0.8743 0.7523
vt 0.8634 0.7555
vt 0.8842 0.7517
vt 0.8836 0.7357
vt 0.8837 0.7435
vt 0.8731 0.7436
vt 0.8949 0.7427
vt 0.8949 0.7358
vt 0.8836 0.7357
vt 0.8842 0.7283
vt 0.9038 0.7345
vt 0.9042 0.7405
vt 0.8949 0.7358
vt 0.9043 0.7469
vt 0.9042 0.7405
vt 0.9115 0.7451
vt 0.9180 0.7554
vt 0.9107 0.7511
vt 0.9115 0.7451
vt 0.9103 0.7560
vt 0.9254 0.7619
vt 0.9172 0.7608
vt 0.9180 0.7554
vt 0.9265 0.7566
vt 0.9254 0.7619
vt 0.9333 0.7615
vt 0.9321 0.7665
vt 0.9333 0.7615
vt 0.9346 0.7558
vt 0.9422 0.7553
vt 0.9039 0.7535
vt 0.9043 0.7469
vt 0.9107 0.7511
vt 0.8942 0.7502
vt 0.8949 0.7427
vt 0.9043 0.7469
vt 0.8732 0.7350
vt 0.9346 0.7558
vt 0.9166 0.7654
vt 0.9073 0.7628
vt 0.9027 0.7606
vt 0.9410 0.7616
vt 0.9403 0.7688
vt 0.9442 0.7461
vt 0.9366 0.7465
vt 0.9599 0.7441
vt 0.9593 0.7486
vt 0.9606 0.7396
vt 0.9537 0.7386
vt 0.8265 0.7035
vt 0.8139 0.6565
vt 0.8156 0.7240
vt 0.7414 0.7228
vt 0.7307 0.7313
vt 0.6744 0.7318
vt 0.6641 0.7327
vt 0.6285 0.7323
vt 0.6190 0.7121
vt 0.6446 0.4624
vt 0.6450 0.4476
vt 0.6554 0.4474
vt 0.6562 0.4588
vt 0.6446 0.4624
vt 0.6372 0.4770
vt 0.6286 0.4704
vt 0.6331 0.4572
vt 0.6347 0.4457
vt 0.6354 0.4351
vt 0.6347 0.4457
vt 0.6251 0.4442
vt 0.6159 0.4330
vt 0.6257 0.4340
vt 0.6251 0.4442
vt 0.6155 0.4434
vt 0.6052 0.4213
vt 0.6156 0.4226
vt 0.6159 0.4330
vt 0.6056 0.4321
vt 0.5940 0.4085
vt 0.6045 0.4104
vt 0.6052 0.4213
vt 0.5948 0.4198
vt 0.5826 0.3953
vt 0.5928 0.3974
vt 0.5940 0.4085
vt 0.5840 0.4065
vt 0.5705 0.3832
vt 0.5808 0.3846
vt 0.5826 0.3953
vt 0.5719 0.3935
vt 0.5615 0.3741
vt 0.5704 0.3732
vt 0.5705 0.3832
vt 0.5620 0.3841
vt 0.5538 0.3648
vt 0.5617 0.3637
vt 0.5615 0.3741
vt 0.5543 0.3749
vt 0.5458 0.3564
vt 0.5530 0.3547
vt 0.5538 0.3648
vt 0.5480 0.3657
vt 0.5363 0.3493
vt 0.5429 0.3471
vt 0.5458 0.3564
vt 0.5400 0.3579
vt 0.5311 0.3418
vt 0.5385 0.3385
vt 0.5311 0.3418
vt 0.5246 0.3346
vt 0.5325 0.3300
vt 0.5246 0.3346
vt 0.5174 0.3282
vt 0.5042 0.3295
vt 0.5086 0.3240
vt 0.5174 0.3282
vt 0.5120 0.3328
vt 0.5076 0.3377
vt 0.5005 0.3342
vt 0.5042 0.3295
vt 0.4925 0.3319
vt 0.4954 0.3270
vt 0.4925 0.3319
vt 0.4836 0.3298
vt 0.4774 0.3228
vt 0.4860 0.3252
vt 0.4836 0.3298
vt 0.4754 0.3272
vt 0.4798 0.3177
vt 0.4888 0.3200
vt 0.4798 0.3177
vt 0.4825 0.3120
vt 0.4759 0.3027
vt 0.4854 0.3054
vt 0.4825 0.3120
vt 0.4732 0.3090
vt 0.4759 0.3027
vt 0.4791 0.2952
vt 0.4889 0.2977
vt 0.4854 0.3054
vt 0.4889 0.2977
vt 0.4992 0.3000
vt 0.5069 0.3089
vt 0.4954 0.3077
vt 0.4992 0.3000
vt 0.5107 0.3012
vt 0.5029 0.3156
vt 0.5069 0.3089
vt 0.5192 0.3107
vt 0.5137 0.3179
vt 0.5192 0.3107
vt 0.5348 0.3145
vt 0.5244 0.3223
vt 0.4990 0.3217
vt 0.5029 0.3156
vt 0.5137 0.3179
vt 0.4924 0.3139
vt 0.5348 0.3145
vt 0.5426 0.3253
vt 0.5325 0.3300
vt 0.5476 0.3353
vt 0.5385 0.3385
vt 0.5325 0.3300
vt 0.5558 0.3226
vt 0.5586 0.3326
vt 0.5476 0.3353
vt 0.5602 0.3429
vt 0.5508 0.3449
vt 0.5698 0.3306
vt 0.5558 0.3226
vt 0.5691 0.3202
vt 0.5698 0.3306
vt 0.5703 0.3413
vt 0.5706 0.3521
vt 0.5613 0.3532
vt 0.5796 0.3427
vt 0.5799 0.3531
vt 0.5803 0.3639
vt 0.5707 0.3627
vt 0.5892 0.3542
vt 0.5899 0.3651
vt 0.5905 0.3759
vt 0.5805 0.3744
vt 0.5999 0.3667
vt 0.6009 0.3778
vt 0.6023 0.3888
vt 0.5915 0.3866
vt 0.6117 0.3801
vt 0.6132 0.3910
vt 0.6141 0.4017
vt 0.6036 0.3996
vt 0.6236 0.3930
vt 0.6244 0.4034
vt 0.6251 0.4137
vt 0.6149 0.4121
vt 0.6344 0.4050
vt 0.6351 0.4151
vt 0.6356 0.4250
vt 0.6354 0.4351
vt 0.6356 0.4250
vt 0.6453 0.4262
vt 0.6453 0.4364
vt 0.6354 0.4351
vt 0.6257 0.4340
vt 0.6257 0.4238
vt 0.6550 0.4270
vt 0.6553 0.4369
vt 0.6647 0.4274
vt 0.6652 0.4372
vt 0.6654 0.4472
vt 0.6747 0.4372
vt 0.6752 0.4470
vt 0.6759 0.4572
vt 0.6660 0.4575
vt 0.6785 0.4687
vt 0.6694 0.4703
vt 0.6608 0.4734
vt 0.6748 0.4842
vt 0.6675 0.4885
vt 0.6600 0.4946
vt 0.6530 0.4792
vt 0.6516 0.5026
vt 0.6455 0.4891
vt 0.6431 0.5112
vt 0.6368 0.5008
vt 0.6294 0.4919
vt 0.6119 0.5025
vt 0.6213 0.4860
vt 0.6294 0.4919
vt 0.6205 0.5061
vt 0.6133 0.5183
vt 0.6051 0.5147
vt 0.6119 0.5025
vt 0.5967 0.5120
vt 0.6040 0.4994
vt 0.5967 0.5120
vt 0.5883 0.5094
vt 0.5867 0.4947
vt 0.5958 0.4967
vt 0.5883 0.5094
vt 0.5798 0.5067
vt 0.5836 0.4803
vt 0.5941 0.4816
vt 0.5867 0.4947
vt 0.5772 0.4925
vt 0.5786 0.4658
vt 0.5892 0.4669
vt 0.5836 0.4803
vt 0.5733 0.4787
vt 0.5726 0.4522
vt 0.5820 0.4531
vt 0.5786 0.4658
vt 0.5696 0.4648
vt 0.5675 0.4394
vt 0.5747 0.4400
vt 0.5726 0.4522
vt 0.5663 0.4516
vt 0.5616 0.4272
vt 0.5676 0.4276
vt 0.5675 0.4394
vt 0.5617 0.4391
vt 0.5616 0.4272
vt 0.5606 0.4157
vt 0.5666 0.4160
vt 0.5676 0.4276
vt 0.5666 0.4160
vt 0.5752 0.4165
vt 0.5848 0.4296
vt 0.5755 0.4283
vt 0.5752 0.4165
vt 0.5849 0.4181
vt 0.5943 0.4423
vt 0.5839 0.4411
vt 0.5848 0.4296
vt 0.5949 0.4311
vt 0.6035 0.4544
vt 0.5926 0.4542
vt 0.5943 0.4423
vt 0.6053 0.4430
vt 0.6102 0.4672
vt 0.6001 0.4673
vt 0.6035 0.4544
vt 0.6137 0.4544
vt 0.6133 0.4830
vt 0.6043 0.4820
vt 0.6102 0.4672
vt 0.6197 0.4676
vt 0.6235 0.4549
vt 0.5752 0.4165
vt 0.5738 0.4048
vt 0.5840 0.4065
vt 0.5666 0.4160
vt 0.5653 0.4044
vt 0.5738 0.4048
vt 0.5653 0.4044
vt 0.5641 0.3938
vt 0.5719 0.3935
vt 0.5583 0.3946
vt 0.5606 0.4157
vt 0.5596 0.4044
vt 0.5653 0.4044
vt 0.5596 0.4044
vt 0.5541 0.3955
vt 0.5583 0.3946
vt 0.5583 0.3946
vt 0.5557 0.3849
vt 0.5620 0.3841
vt 0.5541 0.3955
vt 0.5515 0.3855
vt 0.5557 0.3849
vt 0.5499 0.3754
vt 0.5456 0.3760
vt 0.5482 0.3863
vt 0.5482 0.3863
vt 0.5418 0.3770
vt 0.5456 0.3760
vt 0.5456 0.3760
vt 0.5430 0.3668
vt 0.5480 0.3657
vt 0.5386 0.3682
vt 0.5352 0.3596
vt 0.5305 0.3617
vt 0.5418 0.3770
vt 0.5349 0.3697
vt 0.5386 0.3682
vt 0.5349 0.3697
vt 0.5273 0.3641
vt 0.5305 0.3617
vt 0.5305 0.3617
vt 0.5258 0.3545
vt 0.5308 0.3517
vt 0.5308 0.3517
vt 0.5250 0.3450
vt 0.5311 0.3418
vt 0.5185 0.3387
vt 0.5250 0.3450
vt 0.5200 0.3485
vt 0.5139 0.3429
vt 0.5099 0.3469
vt 0.5160 0.3520
vt 0.5099 0.3469
vt 0.5036 0.3424
vt 0.5076 0.3377
vt 0.4968 0.3389
vt 0.5005 0.3342
vt 0.4968 0.3389
vt 0.4891 0.3362
vt 0.4891 0.3362
vt 0.4810 0.3338
vt 0.4836 0.3298
vt 0.4733 0.3312
vt 0.4715 0.3351
vt 0.4786 0.3376
vt 0.4766 0.3411
vt 0.4699 0.3389
vt 0.4715 0.3351
vt 0.4638 0.3365
vt 0.4624 0.3392
vt 0.4686 0.3418
vt 0.4766 0.3411
vt 0.4753 0.3435
vt 0.4686 0.3418
vt 0.4822 0.3458
vt 0.4834 0.3436
vt 0.4905 0.3465
vt 0.4890 0.3491
vt 0.4972 0.3500
vt 0.4953 0.3528
vt 0.4890 0.3491
vt 0.5014 0.3566
vt 0.4933 0.3429
vt 0.5002 0.3463
vt 0.4972 0.3500
vt 0.5035 0.3539
vt 0.5099 0.3469
vt 0.5066 0.3505
vt 0.5002 0.3463
vt 0.5098 0.3580
vt 0.5035 0.3539
vt 0.5066 0.3505
vt 0.5128 0.3554
vt 0.5193 0.3603
vt 0.5273 0.3641
vt 0.5193 0.3603
vt 0.5225 0.3575
vt 0.4933 0.3429
vt 0.4859 0.3401
vt 0.4891 0.3362
vt 0.4645 0.3326
vt 0.4658 0.3286
vt 0.4658 0.3286
vt 0.4674 0.3245
vt 0.4754 0.3272
vt 0.4674 0.3245
vt 0.4692 0.3200
vt 0.4774 0.3228
vt 0.4692 0.3200
vt 0.4711 0.3147
vt 0.4798 0.3177
vt 0.4733 0.3312
vt 0.5014 0.3566
vt 0.4786 0.3376
vt 0.5036 0.3424
vt 0.5120 0.3328
vt 0.4990 0.3217
vt 0.4954 0.3077
vt 0.5357 0.3032
vt 0.5192 0.3107
vt 0.5228 0.3026
vt 0.5530 0.3125
vt 0.5357 0.3032
vt 0.5528 0.3033
vt 0.5683 0.3012
vt 0.5685 0.3104
vt 0.5530 0.3125
vt 0.5691 0.3202
vt 0.5685 0.3104
vt 0.5815 0.3125
vt 0.5918 0.3245
vt 0.5810 0.3226
vt 0.5815 0.3125
vt 0.5925 0.3142
vt 0.6010 0.3364
vt 0.5906 0.3344
vt 0.5918 0.3245
vt 0.6019 0.3266
vt 0.6099 0.3483
vt 0.5997 0.3457
vt 0.6010 0.3364
vt 0.6105 0.3387
vt 0.6199 0.3610
vt 0.6097 0.3582
vt 0.6099 0.3483
vt 0.6198 0.3512
vt 0.6310 0.3738
vt 0.6208 0.3715
vt 0.6199 0.3610
vt 0.6301 0.3636
vt 0.6424 0.3854
vt 0.6326 0.3840
vt 0.6310 0.3738
vt 0.6410 0.3755
vt 0.6531 0.3968
vt 0.6434 0.3957
vt 0.6424 0.3854
vt 0.6522 0.3865
vt 0.6635 0.4079
vt 0.6537 0.4073
vt 0.6531 0.3968
vt 0.6630 0.3976
vt 0.6740 0.4178
vt 0.6641 0.4177
vt 0.6635 0.4079
vt 0.6735 0.4080
vt 0.6841 0.4274
vt 0.6743 0.4275
vt 0.6740 0.4178
vt 0.6840 0.4179
vt 0.6944 0.4367
vt 0.6844 0.4370
vt 0.6841 0.4274
vt 0.6943 0.4272
vt 0.6849 0.4467
vt 0.6949 0.4463
vt 0.6958 0.4563
vt 0.6858 0.4568
vt 0.6849 0.4467
vt 0.6878 0.4677
vt 0.7070 0.4662
vt 0.6974 0.4668
vt 0.6958 0.4563
vt 0.7058 0.4558
vt 0.6999 0.4788
vt 0.7086 0.4780
vt 0.6913 0.4801
vt 0.6878 0.4677
vt 0.6913 0.4801
vt 0.6829 0.4818
vt 0.6748 0.4842
vt 0.6829 0.4818
vt 0.6875 0.4957
vt 0.6831 0.5046
vt 0.6799 0.4974
vt 0.6875 0.4957
vt 0.6900 0.5016
vt 0.6763 0.5082
vt 0.6734 0.5029
vt 0.6763 0.5082
vt 0.6698 0.5132
vt 0.6665 0.5085
vt 0.6698 0.5132
vt 0.6618 0.5183
vt 0.6585 0.5143
vt 0.6618 0.5183
vt 0.6544 0.5248
vt 0.6504 0.5198
vt 0.6544 0.5248
vt 0.6473 0.5321
vt 0.6434 0.5276
vt 0.6473 0.5321
vt 0.6405 0.5403
vt 0.6365 0.5364
vt 0.6405 0.5403
vt 0.6336 0.5488
vt 0.6298 0.5454
vt 0.6336 0.5488
vt 0.6264 0.5574
vt 0.6228 0.5545
vt 0.6160 0.5502
vt 0.6224 0.5399
vt 0.6298 0.5454
vt 0.6290 0.5294
vt 0.6365 0.5364
vt 0.6298 0.5454
vt 0.6357 0.5195
vt 0.6434 0.5276
vt 0.6365 0.5364
vt 0.6357 0.5195
vt 0.6283 0.5124
vt 0.6368 0.5008
vt 0.6283 0.5124
vt 0.6212 0.5237
vt 0.6133 0.5183
vt 0.6150 0.5350
vt 0.6073 0.5310
vt 0.6133 0.5183
vt 0.5995 0.5272
vt 0.6051 0.5147
vt 0.5995 0.5272
vt 0.5914 0.5238
vt 0.5914 0.5238
vt 0.5830 0.5212
vt 0.5883 0.5094
vt 0.5747 0.5191
vt 0.5717 0.5318
vt 0.5794 0.5342
vt 0.5717 0.5318
vt 0.5645 0.5304
vt 0.5669 0.5174
vt 0.5669 0.5174
vt 0.5705 0.5048
vt 0.5798 0.5067
vt 0.5632 0.5037
vt 0.5579 0.5293
vt 0.5599 0.5165
vt 0.5579 0.5293
vt 0.5520 0.5288
vt 0.5478 0.5155
vt 0.5537 0.5159
vt 0.5520 0.5288
vt 0.5462 0.5287
vt 0.5455 0.5019
vt 0.5512 0.5024
vt 0.5478 0.5155
vt 0.5420 0.5155
vt 0.5455 0.5019
vt 0.5499 0.4887
vt 0.5557 0.4895
vt 0.5512 0.5024
vt 0.5557 0.4895
vt 0.5615 0.4902
vt 0.5632 0.5037
vt 0.5571 0.5030
vt 0.5615 0.4902
vt 0.5676 0.4911
vt 0.5615 0.4902
vt 0.5658 0.4776
vt 0.5733 0.4787
vt 0.5601 0.4767
vt 0.5601 0.4767
vt 0.5636 0.4641
vt 0.5696 0.4648
vt 0.5580 0.4634
vt 0.5499 0.4887
vt 0.5545 0.4759
vt 0.5601 0.4767
vt 0.5580 0.4634
vt 0.5605 0.4510
vt 0.5663 0.4516
vt 0.5403 0.5288
vt 0.5914 0.5238
vt 0.5871 0.5372
vt 0.5794 0.5342
vt 0.5947 0.5402
vt 0.6073 0.5310
vt 0.6018 0.5437
vt 0.5947 0.5402
vt 0.6150 0.5350
vt 0.6088 0.5470
vt 0.6018 0.5437
vt 0.5747 0.5191
vt 0.6133 0.4830
vt 0.6331 0.4572
vt 0.6562 0.4588
vt 0.5308 0.3517
vt 0.5698 0.3306
vt 0.5801 0.3328
vt 0.5796 0.3427
vt 0.5796 0.3427
vt 0.5893 0.3440
vt 0.5892 0.3542
vt 0.5892 0.3542
vt 0.5993 0.3557
vt 0.5999 0.3667
vt 0.5999 0.3667
vt 0.6103 0.3689
vt 0.6117 0.3801
vt 0.6117 0.3801
vt 0.6224 0.3823
vt 0.6236 0.3930
vt 0.6236 0.3930
vt 0.6337 0.3944
vt 0.6344 0.4050
vt 0.6440 0.4062
vt 0.6447 0.4164
vt 0.6537 0.4073
vt 0.6543 0.4173
vt 0.6447 0.4164
vt 0.6622 0.3873
vt 0.6726 0.3876
vt 0.6622 0.3873
vt 0.6614 0.3773
vt 0.6504 0.3669
vt 0.6609 0.3673
vt 0.6614 0.3773
vt 0.6510 0.3766
vt 0.6402 0.3559
vt 0.6506 0.3569
vt 0.6504 0.3669
vt 0.6401 0.3657
vt 0.6306 0.3441
vt 0.6411 0.3459
vt 0.6402 0.3559
vt 0.6300 0.3540
vt 0.6214 0.3310
vt 0.6319 0.3332
vt 0.6306 0.3441
vt 0.6204 0.3414
vt 0.6122 0.3174
vt 0.6227 0.3192
vt 0.6214 0.3310
vt 0.6113 0.3285
vt 0.6028 0.3041
vt 0.6131 0.3051
vt 0.6122 0.3174
vt 0.6025 0.3157
vt 0.5926 0.2927
vt 0.6027 0.2923
vt 0.6028 0.3041
vt 0.5929 0.3034
vt 0.5913 0.2818
vt 0.5926 0.2927
vt 0.5812 0.2931
vt 0.5683 0.3012
vt 0.5684 0.2925
vt 0.5812 0.2931
vt 0.5815 0.3027
vt 0.5683 0.3012
vt 0.5528 0.3033
vt 0.5539 0.2959
vt 0.5684 0.2925
vt 0.5539 0.2959
vt 0.5544 0.2881
vt 0.5671 0.2757
vt 0.5681 0.2841
vt 0.5544 0.2881
vt 0.5546 0.2794
vt 0.5749 0.2612
vt 0.5782 0.2730
vt 0.5671 0.2757
vt 0.5646 0.2668
vt 0.5850 0.2589
vt 0.5749 0.2612
vt 0.5707 0.2519
vt 0.5803 0.2476
vt 0.5707 0.2519
vt 0.5652 0.2423
vt 0.5500 0.2392
vt 0.5583 0.2325
vt 0.5652 0.2423
vt 0.5572 0.2490
vt 0.5407 0.2296
vt 0.5388 0.2147
vt 0.5500 0.2226
vt 0.5407 0.2296
vt 0.5303 0.2240
vt 0.5516 0.2054
vt 0.5607 0.2154
vt 0.5516 0.2054
vt 0.5655 0.1978
vt 0.5754 0.1804
vt 0.5821 0.1908
vt 0.5655 0.1978
vt 0.5560 0.1874
vt 0.5949 0.1741
vt 0.5754 0.1804
vt 0.5719 0.1705
vt 0.5535 0.1666
vt 0.5702 0.1606
vt 0.5719 0.1705
vt 0.5540 0.1769
vt 0.5540 0.1558
vt 0.5535 0.1666
vt 0.5371 0.1713
vt 0.5389 0.1604
vt 0.5371 0.1713
vt 0.5226 0.1742
vt 0.5254 0.1636
vt 0.5270 0.1533
vt 0.5401 0.1497
vt 0.5389 0.1604
vt 0.5535 0.1335
vt 0.5541 0.1447
vt 0.5401 0.1497
vt 0.5402 0.1386
vt 0.5685 0.1395
vt 0.5675 0.1288
vt 0.5884 0.1450
vt 0.5692 0.1503
vt 0.5685 0.1395
vt 0.5879 0.1341
vt 0.6094 0.1484
vt 0.5890 0.1550
vt 0.5884 0.1450
vt 0.6083 0.1384
vt 0.6290 0.1527
vt 0.6111 0.1582
vt 0.6094 0.1484
vt 0.6277 0.1427
vt 0.6137 0.1680
vt 0.6302 0.1628
vt 0.6317 0.1732
vt 0.6169 0.1783
vt 0.6137 0.1680
vt 0.5999 0.1843
vt 0.6199 0.1894
vt 0.6042 0.1953
vt 0.5999 0.1843
vt 0.6082 0.2073
vt 0.6355 0.1965
vt 0.6226 0.2016
vt 0.6199 0.1894
vt 0.6335 0.1844
vt 0.6489 0.2061
vt 0.6372 0.2098
vt 0.6355 0.1965
vt 0.6476 0.1928
vt 0.6609 0.2196
vt 0.6500 0.2211
vt 0.6489 0.2061
vt 0.6601 0.2043
vt 0.6512 0.2380
vt 0.6618 0.2367
vt 0.6630 0.2539
vt 0.6527 0.2552
vt 0.6512 0.2380
vt 0.6423 0.2575
vt 0.6292 0.2448
vt 0.6404 0.2410
vt 0.6423 0.2575
vt 0.6316 0.2603
vt 0.6271 0.2294
vt 0.6120 0.2203
vt 0.6250 0.2148
vt 0.6271 0.2294
vt 0.6150 0.2342
vt 0.6082 0.2073
vt 0.6120 0.2203
vt 0.5989 0.2256
vt 0.5914 0.2432
vt 0.5863 0.2310
vt 0.5989 0.2256
vt 0.6030 0.2386
vt 0.6067 0.2518
vt 0.5957 0.2552
vt 0.5914 0.2432
vt 0.5914 0.2432
vt 0.5803 0.2476
vt 0.5746 0.2354
vt 0.5682 0.2255
vt 0.5746 0.2354
vt 0.5652 0.2423
vt 0.5615 0.2581
vt 0.5572 0.2490
vt 0.5615 0.2581
vt 0.5530 0.2636
vt 0.5445 0.2597
vt 0.5497 0.2554
vt 0.5530 0.2636
vt 0.5446 0.2668
vt 0.5354 0.2633
vt 0.5382 0.2552
vt 0.5431 0.2472
vt 0.5431 0.2472
vt 0.5340 0.2384
vt 0.5407 0.2296
vt 0.5240 0.2333
vt 0.5194 0.2448
vt 0.5291 0.2488
vt 0.5257 0.2589
vt 0.5158 0.2551
vt 0.5194 0.2448
vt 0.5055 0.2520
vt 0.5090 0.2416
vt 0.5133 0.2306
vt 0.5133 0.2306
vt 0.5182 0.2196
vt 0.5303 0.2240
vt 0.5054 0.2175
vt 0.4985 0.2387
vt 0.5020 0.2281
vt 0.4952 0.2490
vt 0.5026 0.2619
vt 0.4921 0.2589
vt 0.4952 0.2490
vt 0.4892 0.2683
vt 0.5102 0.2739
vt 0.4996 0.2711
vt 0.5026 0.2619
vt 0.5130 0.2648
vt 0.5178 0.2850
vt 0.5071 0.2826
vt 0.5102 0.2739
vt 0.5205 0.2767
vt 0.5144 0.2932
vt 0.5178 0.2850
vt 0.5286 0.2875
vt 0.5258 0.2952
vt 0.5286 0.2875
vt 0.5404 0.2893
vt 0.5382 0.2967
vt 0.5404 0.2893
vt 0.5544 0.2881
vt 0.5422 0.2818
vt 0.5546 0.2794
vt 0.5422 0.2818
vt 0.5436 0.2732
vt 0.5530 0.2636
vt 0.5542 0.2713
vt 0.5436 0.2732
vt 0.5310 0.2796
vt 0.5329 0.2718
vt 0.5205 0.2767
vt 0.5230 0.2682
vt 0.5329 0.2718
vt 0.5034 0.2912
vt 0.4928 0.2890
vt 0.5034 0.2912
vt 0.4992 0.3000
vt 0.4928 0.2890
vt 0.4964 0.2801
vt 0.5071 0.2826
vt 0.4860 0.2774
vt 0.4791 0.2952
vt 0.4825 0.2864
vt 0.4928 0.2890
vt 0.5258 0.2952
vt 0.5382 0.2967
vt 0.5802 0.2833
vt 0.5542 0.2713
vt 0.5888 0.2705
vt 0.5913 0.2818
vt 0.5888 0.2705
vt 0.5992 0.2676
vt 0.6123 0.2785
vt 0.6016 0.2800
vt 0.5992 0.2676
vt 0.6100 0.2651
vt 0.6240 0.2918
vt 0.6133 0.2919
vt 0.6123 0.2785
vt 0.6230 0.2773
vt 0.6342 0.3064
vt 0.6237 0.3059
vt 0.6240 0.2918
vt 0.6343 0.2913
vt 0.6438 0.3209
vt 0.6333 0.3204
vt 0.6342 0.3064
vt 0.6445 0.3062
vt 0.6529 0.3343
vt 0.6424 0.3343
vt 0.6438 0.3209
vt 0.6540 0.3206
vt 0.6620 0.3462
vt 0.6515 0.3464
vt 0.6529 0.3343
vt 0.6632 0.3339
vt 0.6719 0.3569
vt 0.6611 0.3571
vt 0.6620 0.3462
vt 0.6726 0.3459
vt 0.6830 0.3672
vt 0.6717 0.3673
vt 0.6719 0.3569
vt 0.6829 0.3568
vt 0.6948 0.3774
vt 0.6832 0.3774
vt 0.6830 0.3672
vt 0.6944 0.3672
vt 0.7067 0.3877
vt 0.6952 0.3877
vt 0.6948 0.3774
vt 0.7063 0.3776
vt 0.7067 0.3977
vt 0.7067 0.3877
vt 0.7173 0.3884
vt 0.7265 0.3995
vt 0.7174 0.3987
vt 0.7173 0.3884
vt 0.7265 0.3890
vt 0.7265 0.4094
vt 0.7171 0.4086
vt 0.7265 0.4094
vt 0.7265 0.4187
vt 0.7164 0.4182
vt 0.7265 0.4187
vt 0.7264 0.4276
vt 0.7159 0.4274
vt 0.7264 0.4276
vt 0.7264 0.4363
vt 0.7156 0.4364
vt 0.7264 0.4363
vt 0.7265 0.4454
vt 0.7157 0.4456
vt 0.7265 0.4454
vt 0.7265 0.4551
vt 0.7160 0.4554
vt 0.7265 0.4551
vt 0.7264 0.4657
vt 0.7167 0.4659
vt 0.7264 0.4657
vt 0.7264 0.4773
vt 0.7174 0.4775
vt 0.7264 0.4773
vt 0.7262 0.4897
vt 0.7187 0.4954
vt 0.7182 0.4900
vt 0.7262 0.4897
vt 0.7262 0.4949
vt 0.7114 0.4964
vt 0.7104 0.4909
vt 0.7114 0.4964
vt 0.7044 0.4975
vt 0.7028 0.4922
vt 0.7044 0.4975
vt 0.6971 0.4992
vt 0.6951 0.4938
vt 0.6971 0.4992
vt 0.6900 0.5016
vt 0.7338 0.4955
vt 0.7345 0.4901
vt 0.7412 0.4964
vt 0.7424 0.4908
vt 0.7483 0.4975
vt 0.7500 0.4921
vt 0.7556 0.4992
vt 0.7577 0.4937
vt 0.7626 0.5016
vt 0.7653 0.4955
vt 0.7696 0.5046
vt 0.7728 0.4974
vt 0.7764 0.5082
vt 0.7801 0.5015
vt 0.7830 0.5124
vt 0.7874 0.5066
vt 0.7909 0.5183
vt 0.7949 0.5127
vt 0.7983 0.5248
vt 0.8022 0.5198
vt 0.8053 0.5321
vt 0.8093 0.5276
vt 0.8122 0.5403
vt 0.8161 0.5364
vt 0.8191 0.5489
vt 0.8228 0.5454
vt 0.8263 0.5574
vt 0.8299 0.5545
vt 0.8367 0.5502
vt 0.8303 0.5399
vt 0.8377 0.5350
vt 0.8438 0.5470
vt 0.8509 0.5437
vt 0.8237 0.5294
vt 0.8315 0.5237
vt 0.8453 0.5310
vt 0.8580 0.5402
vt 0.8532 0.5272
vt 0.8613 0.5238
vt 0.8656 0.5372
vt 0.8580 0.5402
vt 0.8732 0.5342
vt 0.8650 0.5082
vt 0.8697 0.5212
vt 0.8613 0.5238
vt 0.8561 0.5108
vt 0.8672 0.4938
vt 0.8738 0.5063
vt 0.8650 0.5082
vt 0.8583 0.4956
vt 0.8707 0.4798
vt 0.8763 0.4919
vt 0.8672 0.4938
vt 0.8606 0.4815
vt 0.8758 0.4657
vt 0.8803 0.4785
vt 0.8707 0.4798
vt 0.8658 0.4672
vt 0.8811 0.4521
vt 0.8841 0.4649
vt 0.8758 0.4657
vt 0.8726 0.4530
vt 0.8851 0.4394
vt 0.8864 0.4516
vt 0.8811 0.4521
vt 0.8791 0.4399
vt 0.8911 0.4272
vt 0.8910 0.4391
vt 0.8851 0.4394
vt 0.8851 0.4276
vt 0.8860 0.4160
vt 0.8921 0.4157
vt 0.8873 0.4044
vt 0.8930 0.4044
vt 0.8921 0.4157
vt 0.8944 0.3946
vt 0.8786 0.4161
vt 0.8797 0.4045
vt 0.8873 0.4044
vt 0.8806 0.3936
vt 0.8886 0.3938
vt 0.8820 0.3838
vt 0.8906 0.3841
vt 0.8886 0.3938
vt 0.8911 0.3741
vt 0.8821 0.3741
vt 0.8989 0.3648
vt 0.8984 0.3749
vt 0.8911 0.3741
vt 0.8910 0.3637
vt 0.9069 0.3564
vt 0.9046 0.3657
vt 0.8989 0.3648
vt 0.8997 0.3547
vt 0.9164 0.3493
vt 0.9126 0.3579
vt 0.9069 0.3564
vt 0.9098 0.3471
vt 0.9216 0.3418
vt 0.9141 0.3385
vt 0.9281 0.3346
vt 0.9202 0.3300
vt 0.9353 0.3282
vt 0.9178 0.3145
vt 0.9282 0.3223
vt 0.9202 0.3300
vt 0.9100 0.3253
vt 0.8968 0.3226
vt 0.8997 0.3125
vt 0.9100 0.3253
vt 0.9537 0.3217
vt 0.9441 0.3240
vt 0.9390 0.3179
vt 0.9498 0.3157
vt 0.9484 0.3295
vt 0.9572 0.3270
vt 0.9451 0.3377
vt 0.9407 0.3328
vt 0.9484 0.3295
vt 0.9521 0.3342
vt 0.9428 0.3469
vt 0.9388 0.3429
vt 0.9451 0.3377
vt 0.9491 0.3424
vt 0.9524 0.3463
vt 0.9594 0.3429
vt 0.9559 0.3389
vt 0.9635 0.3362
vt 0.9667 0.3401
vt 0.9594 0.3429
vt 0.9594 0.3429
vt 0.9623 0.3466
vt 0.9556 0.3498
vt 0.9642 0.3491
vt 0.9709 0.3459
vt 0.9694 0.3436
vt 0.9763 0.3412
vt 0.9776 0.3437
vt 0.9841 0.3418
vt 0.9667 0.3401
vt 0.9741 0.3376
vt 0.9763 0.3412
vt 0.9828 0.3389
vt 0.9902 0.3390
vt 0.9890 0.3364
vt 0.9812 0.3351
vt 0.9882 0.3326
vt 0.9890 0.3364
vt 0.9869 0.3286
vt 0.9812 0.3351
vt 0.9741 0.3376
vt 0.9716 0.3338
vt 0.9794 0.3312
vt 0.9869 0.3286
vt 0.9794 0.3312
vt 0.9773 0.3272
vt 0.9853 0.3245
vt 0.9752 0.3228
vt 0.9835 0.3200
vt 0.9853 0.3245
vt 0.9729 0.3177
vt 0.9816 0.3147
vt 0.9835 0.3200
vt 0.9701 0.3120
vt 0.9795 0.3090
vt 0.9816 0.3147
vt 0.9767 0.3027
vt 0.9672 0.3054
vt 0.9638 0.2977
vt 0.9736 0.2952
vt 0.9599 0.2890
vt 0.9701 0.2864
vt 0.9736 0.2952
vt 0.9667 0.2774
vt 0.9535 0.3000
vt 0.9493 0.2912
vt 0.9599 0.2890
vt 0.9456 0.2826
vt 0.9349 0.2850
vt 0.9383 0.2932
vt 0.9241 0.2875
vt 0.9269 0.2952
vt 0.9123 0.2893
vt 0.9145 0.2967
vt 0.8983 0.2881
vt 0.8988 0.2959
vt 0.8856 0.2757
vt 0.8981 0.2794
vt 0.8983 0.2881
vt 0.8846 0.2841
vt 0.8777 0.2646
vt 0.8881 0.2668
vt 0.8856 0.2757
vt 0.8748 0.2745
vt 0.8817 0.2542
vt 0.8777 0.2646
vt 0.8682 0.2608
vt 0.8727 0.2493
vt 0.8874 0.2423
vt 0.8781 0.2374
vt 0.9027 0.2392
vt 0.8955 0.2490
vt 0.8874 0.2423
vt 0.8943 0.2325
vt 0.9120 0.2296
vt 0.9027 0.2226
vt 0.9139 0.2147
vt 0.9224 0.2240
vt 0.9120 0.2296
vt 0.9120 0.2296
vt 0.9187 0.2384
vt 0.9096 0.2472
vt 0.9082 0.2597
vt 0.9030 0.2554
vt 0.9096 0.2472
vt 0.9145 0.2552
vt 0.9173 0.2633
vt 0.9080 0.2668
vt 0.8997 0.2636
vt 0.8997 0.2636
vt 0.8911 0.2581
vt 0.8955 0.2490
vt 0.8997 0.2636
vt 0.8985 0.2713
vt 0.8881 0.2668
vt 0.9091 0.2732
vt 0.9091 0.2732
vt 0.9104 0.2818
vt 0.8981 0.2794
vt 0.9217 0.2796
vt 0.9198 0.2718
vt 0.9321 0.2767
vt 0.9297 0.2682
vt 0.9349 0.2850
vt 0.9321 0.2767
vt 0.9425 0.2739
vt 0.9297 0.2682
vt 0.9397 0.2648
vt 0.9425 0.2739
vt 0.9425 0.2739
vt 0.9531 0.2711
vt 0.9562 0.2801
vt 0.9501 0.2619
vt 0.9635 0.2683
vt 0.9501 0.2619
vt 0.9397 0.2648
vt 0.9368 0.2551
vt 0.9270 0.2589
vt 0.9333 0.2448
vt 0.9145 0.2552
vt 0.9235 0.2488
vt 0.9270 0.2589
vt 0.9472 0.2520
vt 0.9187 0.2384
vt 0.9287 0.2333
vt 0.9333 0.2448
vt 0.9437 0.2416
vt 0.9501 0.2619
vt 0.9472 0.2520
vt 0.9575 0.2490
vt 0.9606 0.2589
vt 0.9437 0.2416
vt 0.9542 0.2387
vt 0.9575 0.2490
vt 0.9394 0.2306
vt 0.9507 0.2281
vt 0.9542 0.2387
vt 0.9473 0.2175
vt 0.9224 0.2240
vt 0.9345 0.2196
vt 0.9394 0.2306
vt 0.9473 0.2175
vt 0.9345 0.2196
vt 0.9284 0.2083
vt 0.9178 0.1821
vt 0.8958 0.1874
vt 0.8986 0.1769
vt 0.9159 0.1959
vt 0.9178 0.1821
vt 0.9341 0.1848
vt 0.9357 0.1954
vt 0.9159 0.1959
vt 0.9424 0.2060
vt 0.9284 0.2083
vt 0.9156 0.1713
vt 0.8992 0.1666
vt 0.9301 0.1742
vt 0.9156 0.1713
vt 0.9138 0.1604
vt 0.9273 0.1636
vt 0.9257 0.1533
vt 0.8987 0.1558
vt 0.9126 0.1497
vt 0.9125 0.1386
vt 0.8991 0.1335
vt 0.8985 0.1447
vt 0.8841 0.1395
vt 0.8852 0.1288
vt 0.8991 0.1335
vt 0.8866 0.1182
vt 0.9004 0.1227
vt 0.9140 0.1274
vt 0.9010 0.1119
vt 0.9130 0.1152
vt 0.9140 0.1274
vt 0.9263 0.1313
vt 0.9254 0.1426
vt 0.9248 0.1180
vt 0.9248 0.1180
vt 0.9130 0.1152
vt 0.9115 0.1029
vt 0.9229 0.1052
vt 0.9100 0.0904
vt 0.9210 0.0924
vt 0.9229 0.1052
vt 0.9202 0.0798
vt 0.9090 0.0781
vt 0.9088 0.0663
vt 0.9203 0.0676
vt 0.9088 0.0547
vt 0.9204 0.0554
vt 0.9203 0.0676
vt 0.9200 0.0432
vt 0.8968 0.0649
vt 0.8968 0.0537
vt 0.9088 0.0547
vt 0.8968 0.0426
vt 0.9086 0.0431
vt 0.8841 0.0524
vt 0.8845 0.0416
vt 0.8968 0.0426
vt 0.8716 0.0404
vt 0.8968 0.0649
vt 0.8841 0.0632
vt 0.8841 0.0524
vt 0.8710 0.0508
vt 0.8582 0.0387
vt 0.8708 0.0596
vt 0.8573 0.0489
vt 0.8433 0.0468
vt 0.8443 0.0366
vt 0.8582 0.0387
vt 0.8289 0.0445
vt 0.8301 0.0341
vt 0.8443 0.0366
vt 0.8156 0.0314
vt 0.8137 0.0527
vt 0.8144 0.0420
vt 0.8289 0.0445
vt 0.8273 0.0529
vt 0.7976 0.0565
vt 0.7991 0.0506
vt 0.8137 0.0527
vt 0.8124 0.0587
vt 0.7823 0.0608
vt 0.7829 0.0539
vt 0.7976 0.0565
vt 0.7971 0.0629
vt 0.7683 0.0681
vt 0.7690 0.0594
vt 0.7823 0.0608
vt 0.7815 0.0699
vt 0.7547 0.0773
vt 0.7566 0.0657
vt 0.7683 0.0681
vt 0.7677 0.0791
vt 0.7411 0.0751
vt 0.7547 0.0773
vt 0.7549 0.0892
vt 0.7680 0.0998
vt 0.7557 0.0972
vt 0.7549 0.0892
vt 0.7678 0.0911
vt 0.7803 0.0935
vt 0.7798 0.1024
vt 0.7680 0.0998
vt 0.7680 0.0998
vt 0.7675 0.1090
vt 0.7559 0.1062
vt 0.7559 0.1062
vt 0.7437 0.1035
vt 0.7429 0.0947
vt 0.7315 0.1022
vt 0.7304 0.0928
vt 0.7429 0.0947
vt 0.7418 0.0869
vt 0.7184 0.0924
vt 0.7197 0.1026
vt 0.7315 0.1022
vt 0.7318 0.1131
vt 0.7200 0.1132
vt 0.7318 0.1131
vt 0.7318 0.1230
vt 0.7202 0.1231
vt 0.7318 0.1230
vt 0.7315 0.1334
vt 0.7197 0.1337
vt 0.7315 0.1334
vt 0.7309 0.1460
vt 0.7189 0.1465
vt 0.7309 0.1460
vt 0.7303 0.1608
vt 0.7180 0.1611
vt 0.7303 0.1608
vt 0.7298 0.1763
vt 0.7173 0.1766
vt 0.7298 0.1763
vt 0.7292 0.1923
vt 0.7168 0.1922
vt 0.7292 0.1923
vt 0.7286 0.2084
vt 0.7167 0.2081
vt 0.7286 0.2084
vt 0.7281 0.2242
vt 0.7166 0.2239
vt 0.7281 0.2242
vt 0.7277 0.2399
vt 0.7164 0.2397
vt 0.7277 0.2399
vt 0.7274 0.2559
vt 0.7162 0.2558
vt 0.7274 0.2559
vt 0.7271 0.2722
vt 0.7161 0.2721
vt 0.7271 0.2722
vt 0.7269 0.2883
vt 0.7160 0.2882
vt 0.7269 0.2883
vt 0.7267 0.3038
vt 0.7160 0.3038
vt 0.7267 0.3038
vt 0.7265 0.3185
vt 0.7158 0.3187
vt 0.7265 0.3185
vt 0.7264 0.3324
vt 0.7156 0.3327
vt 0.7264 0.3324
vt 0.7265 0.3452
vt 0.7157 0.3454
vt 0.7265 0.3452
vt 0.7265 0.3568
vt 0.7161 0.3568
vt 0.7265 0.3568
vt 0.7265 0.3679
vt 0.7166 0.3678
vt 0.7265 0.3679
vt 0.7265 0.3786
vt 0.7170 0.3781
vt 0.7265 0.3786
vt 0.7265 0.3890
vt 0.7359 0.3884
vt 0.7359 0.3986
vt 0.7359 0.3986
vt 0.7362 0.4084
vt 0.7265 0.4094
vt 0.7362 0.4084
vt 0.7369 0.4179
vt 0.7265 0.4187
vt 0.7369 0.4179
vt 0.7374 0.4269
vt 0.7264 0.4276
vt 0.7374 0.4269
vt 0.7376 0.4358
vt 0.7264 0.4363
vt 0.7376 0.4358
vt 0.7375 0.4451
vt 0.7265 0.4454
vt 0.7375 0.4451
vt 0.7372 0.4548
vt 0.7265 0.4551
vt 0.7372 0.4548
vt 0.7364 0.4654
vt 0.7264 0.4657
vt 0.7364 0.4654
vt 0.7355 0.4773
vt 0.7264 0.4773
vt 0.7444 0.4776
vt 0.7462 0.4655
vt 0.7531 0.4783
vt 0.7557 0.4660
vt 0.7617 0.4795
vt 0.7653 0.4669
vt 0.7700 0.4814
vt 0.7748 0.4681
vt 0.7781 0.4840
vt 0.7881 0.4574
vt 0.7842 0.4701
vt 0.7748 0.4681
vt 0.7778 0.4566
vt 0.7888 0.4469
vt 0.7786 0.4463
vt 0.7992 0.4371
vt 0.7991 0.4477
vt 0.7888 0.4469
vt 0.7890 0.4368
vt 0.8095 0.4371
vt 0.7992 0.4371
vt 0.7993 0.4271
vt 0.8092 0.4268
vt 0.8195 0.4364
vt 0.8191 0.4260
vt 0.8300 0.4460
vt 0.8203 0.4472
vt 0.8195 0.4364
vt 0.8293 0.4355
vt 0.8394 0.4346
vt 0.8399 0.4453
vt 0.8300 0.4460
vt 0.8300 0.4460
vt 0.8317 0.4569
vt 0.8219 0.4588
vt 0.8101 0.4635
vt 0.8219 0.4588
vt 0.8262 0.4721
vt 0.8174 0.4782
vt 0.8101 0.4635
vt 0.7982 0.4592
vt 0.7991 0.4477
vt 0.8098 0.4485
vt 0.7931 0.4735
vt 0.7982 0.4592
vt 0.8011 0.4796
vt 0.7931 0.4735
vt 0.7859 0.4882
vt 0.7781 0.4840
vt 0.7939 0.4942
vt 0.8026 0.5019
vt 0.7939 0.4942
vt 0.8011 0.4796
vt 0.8092 0.4895
vt 0.8100 0.5103
vt 0.8181 0.5012
vt 0.8170 0.5195
vt 0.8251 0.4924
vt 0.8250 0.5122
vt 0.8394 0.5183
vt 0.8315 0.5237
vt 0.8250 0.5122
vt 0.8331 0.5057
vt 0.8394 0.5183
vt 0.8476 0.5141
vt 0.8532 0.5272
vt 0.8414 0.5007
vt 0.8251 0.4924
vt 0.8331 0.4867
vt 0.8414 0.5007
vt 0.8414 0.5007
vt 0.8502 0.4974
vt 0.8561 0.5108
vt 0.8412 0.4837
vt 0.8262 0.4721
vt 0.8351 0.4696
vt 0.8412 0.4837
vt 0.8412 0.4837
vt 0.8505 0.4823
vt 0.8583 0.4956
vt 0.8446 0.4688
vt 0.8317 0.4569
vt 0.8416 0.4564
vt 0.8446 0.4688
vt 0.8446 0.4688
vt 0.8552 0.4684
vt 0.8606 0.4815
vt 0.8520 0.4560
vt 0.8399 0.4453
vt 0.8504 0.4445
vt 0.8520 0.4560
vt 0.8520 0.4560
vt 0.8627 0.4548
vt 0.8658 0.4672
vt 0.8610 0.4428
vt 0.8610 0.4428
vt 0.8504 0.4445
vt 0.8499 0.4334
vt 0.8604 0.4315
vt 0.8610 0.4428
vt 0.8708 0.4409
vt 0.8726 0.4530
vt 0.8699 0.4292
vt 0.8699 0.4292
vt 0.8604 0.4315
vt 0.8601 0.4200
vt 0.8697 0.4176
vt 0.8699 0.4292
vt 0.8784 0.4279
vt 0.8791 0.4399
vt 0.8786 0.4161
vt 0.8697 0.4176
vt 0.8702 0.4060
vt 0.8713 0.3950
vt 0.8702 0.4060
vt 0.8604 0.4085
vt 0.8610 0.3973
vt 0.8713 0.3950
vt 0.8724 0.3846
vt 0.8820 0.3838
vt 0.8725 0.3747
vt 0.8722 0.3650
vt 0.8725 0.3747
vt 0.8622 0.3760
vt 0.8624 0.3659
vt 0.8815 0.3546
vt 0.8818 0.3644
vt 0.8722 0.3650
vt 0.8722 0.3552
vt 0.8925 0.3429
vt 0.8913 0.3532
vt 0.8815 0.3546
vt 0.8817 0.3446
vt 0.9051 0.3353
vt 0.9018 0.3449
vt 0.8925 0.3429
vt 0.8941 0.3326
vt 0.9051 0.3353
vt 0.8842 0.3104
vt 0.8832 0.3232
vt 0.8711 0.3141
vt 0.8716 0.3253
vt 0.8604 0.3270
vt 0.8600 0.3161
vt 0.8711 0.3141
vt 0.8600 0.3048
vt 0.8711 0.3037
vt 0.8843 0.3012
vt 0.8717 0.2938
vt 0.8843 0.2925
vt 0.8843 0.3012
vt 0.8999 0.3033
vt 0.8997 0.3125
vt 0.8999 0.3033
vt 0.9170 0.3032
vt 0.9178 0.3145
vt 0.9299 0.3026
vt 0.9458 0.3088
vt 0.9334 0.3107
vt 0.9299 0.3026
vt 0.9419 0.3012
vt 0.9498 0.3157
vt 0.9458 0.3088
vt 0.9573 0.3077
vt 0.9701 0.3120
vt 0.9603 0.3139
vt 0.9573 0.3077
vt 0.9638 0.3200
vt 0.9666 0.3252
vt 0.9638 0.3200
vt 0.9729 0.3177
vt 0.9691 0.3298
vt 0.9666 0.3252
vt 0.9752 0.3228
vt 0.9691 0.3298
vt 0.9602 0.3319
vt 0.9572 0.3270
vt 0.8717 0.2938
vt 0.8606 0.2937
vt 0.8621 0.2828
vt 0.8729 0.2842
vt 0.8521 0.2810
vt 0.8506 0.2932
vt 0.8416 0.2793
vt 0.8500 0.3053
vt 0.8402 0.2926
vt 0.8399 0.3058
vt 0.8296 0.2922
vt 0.8402 0.3185
vt 0.8500 0.3174
vt 0.8402 0.3185
vt 0.8300 0.3194
vt 0.8294 0.3062
vt 0.8192 0.3062
vt 0.8310 0.3314
vt 0.8408 0.3302
vt 0.8310 0.3314
vt 0.8210 0.3323
vt 0.8198 0.3199
vt 0.8098 0.3199
vt 0.8223 0.3431
vt 0.8320 0.3418
vt 0.8223 0.3431
vt 0.8126 0.3439
vt 0.8110 0.3327
vt 0.8011 0.3325
vt 0.8136 0.3540
vt 0.8232 0.3528
vt 0.8136 0.3540
vt 0.8036 0.3547
vt 0.8026 0.3441
vt 0.7925 0.3443
vt 0.8036 0.3651
vt 0.8137 0.3640
vt 0.8036 0.3651
vt 0.7932 0.3658
vt 0.7933 0.3552
vt 0.7825 0.3556
vt 0.7923 0.3761
vt 0.8026 0.3753
vt 0.7923 0.3761
vt 0.7815 0.3766
vt 0.7823 0.3662
vt 0.7710 0.3664
vt 0.7807 0.3869
vt 0.7911 0.3864
vt 0.7807 0.3869
vt 0.7697 0.3870
vt 0.7704 0.3767
vt 0.7588 0.3770
vt 0.7694 0.3972
vt 0.7802 0.3971
vt 0.7694 0.3972
vt 0.7582 0.3973
vt 0.7583 0.3873
vt 0.7468 0.3975
vt 0.7468 0.3875
vt 0.7583 0.3873
vt 0.7468 0.3875
vt 0.7359 0.3884
vt 0.7363 0.3782
vt 0.7368 0.3678
vt 0.7363 0.3782
vt 0.7265 0.3786
vt 0.7473 0.3775
vt 0.7588 0.3770
vt 0.7473 0.3775
vt 0.7481 0.3672
vt 0.7596 0.3667
vt 0.7710 0.3664
vt 0.7596 0.3667
vt 0.7602 0.3562
vt 0.7714 0.3559
vt 0.7825 0.3556
vt 0.7714 0.3559
vt 0.7711 0.3447
vt 0.7819 0.3444
vt 0.7925 0.3443
vt 0.7819 0.3444
vt 0.7807 0.3322
vt 0.7911 0.3323
vt 0.8011 0.3325
vt 0.7911 0.3323
vt 0.7899 0.3189
vt 0.7999 0.3195
vt 0.8098 0.3199
vt 0.7999 0.3195
vt 0.7994 0.3048
vt 0.8092 0.3057
vt 0.8192 0.3062
vt 0.8092 0.3057
vt 0.8095 0.2903
vt 0.8194 0.2915
vt 0.8296 0.2922
vt 0.8194 0.2915
vt 0.8206 0.2763
vt 0.8310 0.2779
vt 0.8416 0.2793
vt 0.8310 0.2779
vt 0.8335 0.2635
vt 0.8441 0.2659
vt 0.8547 0.2688
vt 0.8474 0.2526
vt 0.8581 0.2565
vt 0.8547 0.2688
vt 0.8646 0.2720
vt 0.8621 0.2828
vt 0.8622 0.2441
vt 0.8474 0.2526
vt 0.8366 0.2491
vt 0.8396 0.2343
vt 0.8512 0.2392
vt 0.8622 0.2441
vt 0.8512 0.2392
vt 0.8552 0.2257
vt 0.8670 0.2318
vt 0.8728 0.2196
vt 0.8552 0.2257
vt 0.8427 0.2199
vt 0.8462 0.2065
vt 0.8600 0.2129
vt 0.8728 0.2196
vt 0.8600 0.2129
vt 0.8654 0.2012
vt 0.8872 0.1978
vt 0.8798 0.2082
vt 0.8654 0.2012
vt 0.8706 0.1902
vt 0.8762 0.1798
vt 0.8958 0.1874
vt 0.8872 0.1978
vt 0.8872 0.1978
vt 0.9011 0.2054
vt 0.8919 0.2154
vt 0.8919 0.2154
vt 0.8845 0.2255
vt 0.8728 0.2196
vt 0.8801 0.1696
vt 0.8801 0.1696
vt 0.8821 0.1597
vt 0.8992 0.1666
vt 0.8831 0.1498
vt 0.8649 0.1450
vt 0.8633 0.1541
vt 0.8610 0.1630
vt 0.8444 0.1474
vt 0.8575 0.1727
vt 0.8399 0.1662
vt 0.8424 0.1566
vt 0.8610 0.1630
vt 0.8265 0.1513
vt 0.8235 0.1713
vt 0.8251 0.1610
vt 0.8399 0.1662
vt 0.8371 0.1766
vt 0.8347 0.1879
vt 0.8217 0.1825
vt 0.8235 0.1713
vt 0.8235 0.1713
vt 0.8111 0.1674
vt 0.8120 0.1570
vt 0.8120 0.1570
vt 0.8128 0.1472
vt 0.8265 0.1513
vt 0.8136 0.1379
vt 0.8278 0.1421
vt 0.8444 0.1474
vt 0.8278 0.1421
vt 0.8294 0.1334
vt 0.8461 0.1387
vt 0.8649 0.1450
vt 0.8461 0.1387
vt 0.8478 0.1302
vt 0.8661 0.1360
vt 0.8841 0.1395
vt 0.8661 0.1360
vt 0.8677 0.1271
vt 0.8695 0.1172
vt 0.8677 0.1271
vt 0.8497 0.1219
vt 0.8528 0.1127
vt 0.8874 0.1078
vt 0.8866 0.1182
vt 0.8695 0.1172
vt 0.8713 0.1057
vt 0.8993 0.1000
vt 0.9010 0.1119
vt 0.8874 0.1078
vt 0.8863 0.0968
vt 0.8993 0.1000
vt 0.8980 0.0881
vt 0.9100 0.0904
vt 0.8972 0.0763
vt 0.8845 0.0742
vt 0.8853 0.0854
vt 0.8716 0.0827
vt 0.8853 0.0854
vt 0.8863 0.0968
vt 0.8717 0.0938
vt 0.8583 0.0865
vt 0.8717 0.0938
vt 0.8713 0.1057
vt 0.8555 0.1018
vt 0.8395 0.0963
vt 0.8555 0.1018
vt 0.8528 0.1127
vt 0.8367 0.1075
vt 0.8336 0.1168
vt 0.8209 0.1021
vt 0.8314 0.1251
vt 0.8185 0.1116
vt 0.8166 0.1202
vt 0.8045 0.1079
vt 0.8149 0.1289
vt 0.8031 0.1165
vt 0.8018 0.1252
vt 0.7908 0.1135
vt 0.8007 0.1343
vt 0.7897 0.1225
vt 0.7888 0.1317
vt 0.7782 0.1200
vt 0.7882 0.1417
vt 0.8001 0.1441
vt 0.7880 0.1524
vt 0.7997 0.1543
vt 0.7878 0.1638
vt 0.7992 0.1650
vt 0.7873 0.1757
vt 0.7983 0.1764
vt 0.7864 0.1886
vt 0.8098 0.1786
vt 0.7972 0.1889
vt 0.7864 0.1886
vt 0.7758 0.1894
vt 0.7765 0.1758
vt 0.7656 0.1761
vt 0.7749 0.2039
vt 0.7855 0.2027
vt 0.7749 0.2039
vt 0.7640 0.2055
vt 0.7649 0.1904
vt 0.7526 0.2067
vt 0.7536 0.1911
vt 0.7649 0.1904
vt 0.7416 0.1917
vt 0.7407 0.2077
vt 0.7526 0.2067
vt 0.7515 0.2228
vt 0.7398 0.2237
vt 0.7515 0.2228
vt 0.7507 0.2389
vt 0.7610 0.2543
vt 0.7500 0.2550
vt 0.7507 0.2389
vt 0.7620 0.2381
vt 0.7728 0.2371
vt 0.7716 0.2536
vt 0.7610 0.2543
vt 0.7610 0.2543
vt 0.7601 0.2707
vt 0.7493 0.2713
vt 0.7493 0.2713
vt 0.7382 0.2719
vt 0.7386 0.2557
vt 0.7392 0.2396
vt 0.7386 0.2557
vt 0.7274 0.2559
vt 0.7382 0.2719
vt 0.7378 0.2881
vt 0.7269 0.2883
vt 0.7378 0.2881
vt 0.7376 0.3037
vt 0.7267 0.3038
vt 0.7376 0.3037
vt 0.7375 0.3185
vt 0.7265 0.3185
vt 0.7375 0.3185
vt 0.7376 0.3325
vt 0.7264 0.3324
vt 0.7376 0.3325
vt 0.7377 0.3452
vt 0.7265 0.3452
vt 0.7377 0.3452
vt 0.7374 0.3568
vt 0.7265 0.3568
vt 0.7489 0.3566
vt 0.7491 0.3452
vt 0.7602 0.3450
vt 0.7602 0.3562
vt 0.7489 0.3566
vt 0.7702 0.3322
vt 0.7711 0.3447
vt 0.7602 0.3450
vt 0.7595 0.3324
vt 0.7798 0.3185
vt 0.7807 0.3322
vt 0.7702 0.3322
vt 0.7695 0.3183
vt 0.7895 0.3040
vt 0.7899 0.3189
vt 0.7798 0.3185
vt 0.7795 0.3034
vt 0.7996 0.2890
vt 0.7994 0.3048
vt 0.7895 0.3040
vt 0.7897 0.2879
vt 0.8105 0.2742
vt 0.8095 0.2903
vt 0.7996 0.2890
vt 0.8005 0.2723
vt 0.8228 0.2607
vt 0.8206 0.2763
vt 0.8105 0.2742
vt 0.8124 0.2577
vt 0.8255 0.2449
vt 0.8146 0.2407
vt 0.8279 0.2290
vt 0.8165 0.2238
vt 0.8279 0.2290
vt 0.8300 0.2139
vt 0.8427 0.2199
vt 0.8323 0.2003
vt 0.8199 0.1948
vt 0.8181 0.2084
vt 0.8069 0.2044
vt 0.8181 0.2084
vt 0.8165 0.2238
vt 0.8040 0.2376
vt 0.8055 0.2200
vt 0.8165 0.2238
vt 0.7949 0.2184
vt 0.7919 0.2537
vt 0.7936 0.2361
vt 0.8040 0.2376
vt 0.8021 0.2552
vt 0.7806 0.2703
vt 0.7818 0.2533
vt 0.7919 0.2537
vt 0.7906 0.2710
vt 0.7697 0.2870
vt 0.7705 0.2703
vt 0.7806 0.2703
vt 0.7798 0.2873
vt 0.7591 0.3033
vt 0.7594 0.2873
vt 0.7697 0.2870
vt 0.7694 0.3032
vt 0.7484 0.3185
vt 0.7485 0.3035
vt 0.7591 0.3033
vt 0.7591 0.3184
vt 0.7375 0.3185
vt 0.7484 0.3185
vt 0.7487 0.3325
vt 0.7487 0.2877
vt 0.7833 0.2362
vt 0.7833 0.2362
vt 0.7845 0.2188
vt 0.7949 0.2184
vt 0.7855 0.2027
vt 0.7961 0.2026
vt 0.7949 0.2184
vt 0.7845 0.2188
vt 0.7739 0.2202
vt 0.7749 0.2039
vt 0.7629 0.2217
vt 0.7972 0.1889
vt 0.8083 0.1908
vt 0.8069 0.2044
vt 0.8199 0.1948
vt 0.8005 0.2723
vt 0.7487 0.3325
vt 0.8366 0.2491
vt 0.8347 0.1879
vt 0.8499 0.1942
vt 0.8462 0.2065
vt 0.8534 0.1830
vt 0.8395 0.0963
vt 0.8431 0.0805
vt 0.8583 0.0865
vt 0.8432 0.0717
vt 0.8573 0.0774
vt 0.8716 0.0827
vt 0.8573 0.0774
vt 0.8571 0.0671
vt 0.8712 0.0717
vt 0.8571 0.0572
vt 0.8708 0.0596
vt 0.8712 0.0717
vt 0.8571 0.0572
vt 0.8424 0.0556
vt 0.8433 0.0468
vt 0.8429 0.0640
vt 0.8429 0.0640
vt 0.8273 0.0598
vt 0.8273 0.0529
vt 0.8274 0.0677
vt 0.8274 0.0677
vt 0.8118 0.0661
vt 0.8124 0.0587
vt 0.8106 0.0743
vt 0.8263 0.0765
vt 0.8106 0.0743
vt 0.7959 0.0717
vt 0.7971 0.0629
vt 0.7935 0.0839
vt 0.8077 0.0869
vt 0.7935 0.0839
vt 0.7804 0.0811
vt 0.7815 0.0699
vt 0.7935 0.0839
vt 0.7929 0.0961
vt 0.7803 0.0935
vt 0.7919 0.1048
vt 0.7929 0.0961
vt 0.8061 0.0985
vt 0.8045 0.1079
vt 0.8077 0.0869
vt 0.8233 0.0904
vt 0.8209 0.1021
vt 0.7845 0.0489
vt 0.7998 0.0398
vt 0.7991 0.0506
vt 0.7845 0.0489
vt 0.7853 0.0380
vt 0.7863 0.0271
vt 0.8010 0.0289
vt 0.7714 0.0256
vt 0.7706 0.0364
vt 0.7558 0.0352
vt 0.7564 0.0243
vt 0.7714 0.0256
vt 0.7413 0.0233
vt 0.7700 0.0475
vt 0.7554 0.0462
vt 0.7558 0.0352
vt 0.7410 0.0344
vt 0.7545 0.0512
vt 0.7684 0.0525
vt 0.7545 0.0512
vt 0.7410 0.0499
vt 0.7409 0.0455
vt 0.7273 0.0496
vt 0.7263 0.0455
vt 0.7409 0.0455
vt 0.7118 0.0455
vt 0.7137 0.0497
vt 0.7273 0.0496
vt 0.7277 0.0558
vt 0.7150 0.0555
vt 0.7277 0.0558
vt 0.7280 0.0635
vt 0.7168 0.0621
vt 0.7280 0.0635
vt 0.7278 0.0739
vt 0.7156 0.0730
vt 0.7278 0.0739
vt 0.7291 0.0853
vt 0.7168 0.0843
vt 0.7291 0.0853
vt 0.7304 0.0928
vt 0.7070 0.0930
vt 0.7054 0.0842
vt 0.7168 0.0843
vt 0.6960 0.0931
vt 0.6944 0.0838
vt 0.7054 0.0842
vt 0.7054 0.0842
vt 0.7042 0.0729
vt 0.7156 0.0730
vt 0.6930 0.0730
vt 0.7042 0.0729
vt 0.7031 0.0631
vt 0.7168 0.0621
vt 0.7011 0.0564
vt 0.7150 0.0555
vt 0.7168 0.0621
vt 0.7001 0.0508
vt 0.7137 0.0497
vt 0.7150 0.0555
vt 0.6827 0.0475
vt 0.6972 0.0462
vt 0.7001 0.0508
vt 0.6852 0.0523
vt 0.6674 0.0380
vt 0.6820 0.0364
vt 0.6827 0.0475
vt 0.6681 0.0489
vt 0.6664 0.0271
vt 0.6674 0.0380
vt 0.6529 0.0398
vt 0.6390 0.0527
vt 0.6383 0.0420
vt 0.6529 0.0398
vt 0.6536 0.0506
vt 0.6571 0.0557
vt 0.6433 0.0570
vt 0.6390 0.0527
vt 0.6278 0.0575
vt 0.6253 0.0518
vt 0.6278 0.0575
vt 0.6125 0.0595
vt 0.5958 0.0554
vt 0.6101 0.0542
vt 0.6125 0.0595
vt 0.5970 0.0625
vt 0.5817 0.0508
vt 0.5954 0.0489
vt 0.5958 0.0554
vt 0.5814 0.0590
vt 0.5810 0.0404
vt 0.5817 0.0508
vt 0.5685 0.0524
vt 0.5558 0.0649
vt 0.5559 0.0537
vt 0.5685 0.0524
vt 0.5685 0.0632
vt 0.5681 0.0742
vt 0.5555 0.0763
vt 0.5558 0.0649
vt 0.5437 0.0781
vt 0.5439 0.0663
vt 0.5437 0.0781
vt 0.5325 0.0798
vt 0.5324 0.0676
vt 0.5558 0.0649
vt 0.5439 0.0663
vt 0.5439 0.0547
vt 0.5439 0.0547
vt 0.5440 0.0431
vt 0.5558 0.0426
vt 0.5558 0.0426
vt 0.5681 0.0416
vt 0.5685 0.0524
vt 0.5327 0.0432
vt 0.5324 0.0676
vt 0.5323 0.0554
vt 0.5439 0.0547
vt 0.5427 0.0904
vt 0.5317 0.0924
vt 0.5298 0.1052
vt 0.5555 0.0763
vt 0.5547 0.0881
vt 0.5427 0.0904
vt 0.5533 0.1000
vt 0.5412 0.1029
vt 0.5279 0.1180
vt 0.5298 0.1052
vt 0.5412 0.1029
vt 0.5397 0.1152
vt 0.5387 0.1274
vt 0.5264 0.1313
vt 0.5279 0.1180
vt 0.5273 0.1426
vt 0.5387 0.1274
vt 0.5522 0.1227
vt 0.5535 0.1335
vt 0.5661 0.1182
vt 0.5836 0.1114
vt 0.5661 0.1182
vt 0.5653 0.1078
vt 0.5533 0.1000
vt 0.5664 0.0968
vt 0.5653 0.1078
vt 0.5517 0.1119
vt 0.5673 0.0854
vt 0.5664 0.0968
vt 0.5673 0.0854
vt 0.5814 0.0779
vt 0.5980 0.0803
vt 0.5815 0.0892
vt 0.5814 0.0779
vt 0.5973 0.0705
vt 0.6183 0.0875
vt 0.5995 0.0936
vt 0.5980 0.0803
vt 0.6158 0.0745
vt 0.6390 0.0938
vt 0.6204 0.0997
vt 0.6183 0.0875
vt 0.6370 0.0819
vt 0.6578 0.0991
vt 0.6416 0.1046
vt 0.6390 0.0938
vt 0.6559 0.0887
vt 0.6724 0.1076
vt 0.6584 0.1107
vt 0.6578 0.0991
vt 0.6722 0.0956
vt 0.6847 0.1187
vt 0.6722 0.1205
vt 0.6724 0.1076
vt 0.6849 0.1065
vt 0.6965 0.1269
vt 0.6845 0.1295
vt 0.6847 0.1187
vt 0.6965 0.1169
vt 0.6840 0.1407
vt 0.6959 0.1381
vt 0.6949 0.1507
vt 0.6831 0.1527
vt 0.6840 0.1407
vt 0.6711 0.1542
vt 0.6587 0.1452
vt 0.6717 0.1429
vt 0.6711 0.1542
vt 0.6584 0.1560
vt 0.6587 0.1344
vt 0.6432 0.1273
vt 0.6585 0.1232
vt 0.6587 0.1344
vt 0.6439 0.1380
vt 0.6252 0.1217
vt 0.6426 0.1158
vt 0.6432 0.1273
vt 0.6263 0.1325
vt 0.6052 0.1163
vt 0.6238 0.1104
vt 0.6252 0.1217
vt 0.6070 0.1276
vt 0.5836 0.1114
vt 0.6018 0.1055
vt 0.6052 0.1163
vt 0.5858 0.1227
vt 0.5819 0.1004
vt 0.6439 0.1380
vt 0.6445 0.1484
vt 0.6290 0.1527
vt 0.6448 0.1588
vt 0.6448 0.1588
vt 0.6453 0.1694
vt 0.6317 0.1732
vt 0.6463 0.1807
vt 0.6582 0.1672
vt 0.6586 0.1786
vt 0.6463 0.1807
vt 0.6703 0.1780
vt 0.6705 0.1659
vt 0.6582 0.1672
vt 0.6584 0.1560
vt 0.6703 0.1780
vt 0.6705 0.1659
vt 0.6822 0.1652
vt 0.6931 0.1779
vt 0.6817 0.1780
vt 0.6822 0.1652
vt 0.6938 0.1642
vt 0.7047 0.1922
vt 0.6930 0.1920
vt 0.6931 0.1779
vt 0.7050 0.1773
vt 0.7048 0.2074
vt 0.7047 0.1922
vt 0.7168 0.1922
vt 0.7050 0.2232
vt 0.7048 0.2074
vt 0.7167 0.2081
vt 0.6932 0.2067
vt 0.7050 0.2392
vt 0.7050 0.2232
vt 0.7166 0.2239
vt 0.6935 0.2224
vt 0.6941 0.2546
vt 0.6938 0.2385
vt 0.7050 0.2392
vt 0.7050 0.2553
vt 0.6829 0.2376
vt 0.6835 0.2540
vt 0.6824 0.2212
vt 0.6935 0.2224
vt 0.6824 0.2212
vt 0.6820 0.2055
vt 0.6706 0.1907
vt 0.6817 0.1913
vt 0.6820 0.2055
vt 0.6711 0.2044
vt 0.6706 0.1907
vt 0.6593 0.1909
vt 0.6586 0.1786
vt 0.6711 0.2044
vt 0.6716 0.2200
vt 0.6609 0.2196
vt 0.6722 0.2368
vt 0.6722 0.2368
vt 0.6732 0.2536
vt 0.6630 0.2539
vt 0.6740 0.2706
vt 0.6640 0.2711
vt 0.6630 0.2539
vt 0.6539 0.2722
vt 0.6527 0.2552
vt 0.6539 0.2722
vt 0.6438 0.2740
vt 0.6438 0.2740
vt 0.6335 0.2758
vt 0.6316 0.2603
vt 0.6208 0.2629
vt 0.6067 0.2518
vt 0.6179 0.2486
vt 0.6208 0.2629
vt 0.6545 0.2892
vt 0.6444 0.2904
vt 0.6640 0.2711
vt 0.6645 0.2883
vt 0.6545 0.2892
vt 0.6646 0.3047
vt 0.6546 0.3055
vt 0.6745 0.2877
vt 0.6747 0.3041
vt 0.6745 0.3196
vt 0.6642 0.3201
vt 0.6848 0.3039
vt 0.6847 0.3193
vt 0.6841 0.3334
vt 0.6737 0.3336
vt 0.6949 0.3191
vt 0.6945 0.3333
vt 0.6940 0.3458
vt 0.6833 0.3458
vt 0.7050 0.3330
vt 0.7048 0.3456
vt 0.7051 0.3569
vt 0.6941 0.3568
vt 0.7166 0.3678
vt 0.7057 0.3674
vt 0.7051 0.3569
vt 0.7050 0.3330
vt 0.7053 0.3189
vt 0.7158 0.3187
vt 0.7053 0.3189
vt 0.7053 0.3038
vt 0.7160 0.3038
vt 0.7053 0.2880
vt 0.7160 0.2882
vt 0.7160 0.3038
vt 0.7051 0.2716
vt 0.7161 0.2721
vt 0.7160 0.2882
vt 0.7051 0.2716
vt 0.6945 0.2710
vt 0.6941 0.2546
vt 0.6841 0.2706
vt 0.6846 0.2875
vt 0.6948 0.2877
vt 0.6949 0.3038
vt 0.6848 0.3039
vt 0.6846 0.2875
vt 0.7053 0.2880
vt 0.7053 0.3189
vt 0.7493 0.2713
vt 0.7500 0.2550
vt 0.7640 0.2055
vt 0.7536 0.1911
vt 0.7542 0.1760
vt 0.7656 0.1761
vt 0.7545 0.1614
vt 0.7658 0.1624
vt 0.7768 0.1631
vt 0.7658 0.1492
vt 0.7768 0.1509
vt 0.7769 0.1395
vt 0.7658 0.1492
vt 0.7545 0.1474
vt 0.7547 0.1350
vt 0.7659 0.1373
vt 0.7769 0.1395
vt 0.7659 0.1373
vt 0.7663 0.1267
vt 0.7774 0.1293
vt 0.7663 0.1267
vt 0.7551 0.1245
vt 0.7556 0.1154
vt 0.7670 0.1176
vt 0.7559 0.1062
vt 0.7556 0.1154
vt 0.7437 0.1136
vt 0.7437 0.1136
vt 0.7435 0.1232
vt 0.7318 0.1230
vt 0.7435 0.1232
vt 0.7432 0.1336
vt 0.7315 0.1334
vt 0.7432 0.1336
vt 0.7429 0.1462
vt 0.7309 0.1460
vt 0.7429 0.1462
vt 0.7426 0.1607
vt 0.7303 0.1608
vt 0.7426 0.1607
vt 0.7422 0.1760
vt 0.7298 0.1763
vt 0.7551 0.1245
vt 0.7547 0.1350
vt 0.7545 0.1614
vt 0.7292 0.1923
vt 0.7675 0.1090
vt 0.7791 0.1112
vt 0.7782 0.1200
vt 0.7908 0.1135
vt 0.7919 0.1048
vt 0.7677 0.0791
vt 0.7418 0.0642
vt 0.7409 0.0560
vt 0.7418 0.0642
vt 0.7280 0.0635
vt 0.7561 0.0584
vt 0.7566 0.0657
vt 0.7418 0.0642
vt 0.7684 0.0525
vt 0.7409 0.0560
vt 0.8273 0.0598
vt 0.8156 0.0314
vt 0.8424 0.0556
vt 0.8571 0.0671
vt 0.8845 0.0742
vt 0.8841 0.0632
vt 0.9090 0.0781
vt 0.8987 0.1558
vt 0.9011 0.2054
vt 0.9139 0.2147
vt 0.9027 0.2226
vt 0.8604 0.3270
vt 0.8503 0.3289
vt 0.8500 0.3174
vt 0.8408 0.3302
vt 0.8503 0.3289
vt 0.8509 0.3389
vt 0.8420 0.3496
vt 0.8414 0.3403
vt 0.8509 0.3389
vt 0.8519 0.3480
vt 0.8328 0.3607
vt 0.8327 0.3513
vt 0.8420 0.3496
vt 0.8422 0.3589
vt 0.8222 0.3726
vt 0.8233 0.3624
vt 0.8328 0.3607
vt 0.8319 0.3707
vt 0.8108 0.3845
vt 0.8126 0.3742
vt 0.8222 0.3726
vt 0.8204 0.3832
vt 0.8002 0.3963
vt 0.8011 0.3856
vt 0.8108 0.3845
vt 0.8098 0.3954
vt 0.7901 0.4074
vt 0.7903 0.3970
vt 0.8002 0.3963
vt 0.7999 0.4072
vt 0.7797 0.4172
vt 0.7799 0.4073
vt 0.7901 0.4074
vt 0.7897 0.4174
vt 0.7695 0.4264
vt 0.7696 0.4169
vt 0.7797 0.4172
vt 0.7794 0.4267
vt 0.7591 0.4355
vt 0.7592 0.4260
vt 0.7695 0.4264
vt 0.7692 0.4359
vt 0.7687 0.4457
vt 0.7586 0.4452
vt 0.7591 0.4355
vt 0.7591 0.4355
vt 0.7486 0.4354
vt 0.7485 0.4261
vt 0.7481 0.4167
vt 0.7485 0.4261
vt 0.7374 0.4269
vt 0.7586 0.4071
vt 0.7591 0.4167
vt 0.7481 0.4167
vt 0.7474 0.4071
vt 0.7694 0.3972
vt 0.7695 0.4072
vt 0.7586 0.4071
vt 0.7483 0.4449
vt 0.7576 0.4553
vt 0.7475 0.4549
vt 0.7483 0.4449
vt 0.7576 0.4553
vt 0.7676 0.4559
vt 0.7653 0.4669
vt 0.7687 0.4457
vt 0.7692 0.4359
vt 0.7791 0.4364
vt 0.7893 0.4270
vt 0.7996 0.4173
vt 0.7993 0.4271
vt 0.7893 0.4270
vt 0.8094 0.4168
vt 0.8192 0.4158
vt 0.8291 0.4250
vt 0.8291 0.4250
vt 0.8395 0.4238
vt 0.8394 0.4346
vt 0.8499 0.4221
vt 0.8499 0.4334
vt 0.8394 0.4346
vt 0.8499 0.4221
vt 0.8500 0.4109
vt 0.8604 0.4085
vt 0.8502 0.3998
vt 0.8507 0.3887
vt 0.8502 0.3998
vt 0.8396 0.4021
vt 0.8398 0.3909
vt 0.8622 0.3760
vt 0.8617 0.3865
vt 0.8507 0.3887
vt 0.8515 0.3777
vt 0.8520 0.3672
vt 0.8407 0.3797
vt 0.8418 0.3688
vt 0.8520 0.3672
vt 0.8422 0.3589
vt 0.8523 0.3573
vt 0.8520 0.3672
vt 0.8627 0.3561
vt 0.8519 0.3480
vt 0.8627 0.3466
vt 0.8627 0.3561
vt 0.8724 0.3455
vt 0.8616 0.3372
vt 0.8723 0.3358
vt 0.8616 0.3372
vt 0.8604 0.3270
vt 0.8724 0.3455
vt 0.8723 0.3358
vt 0.8822 0.3342
vt 0.8293 0.3928
vt 0.8303 0.3816
vt 0.8407 0.3797
vt 0.8396 0.4021
vt 0.8293 0.4039
vt 0.8293 0.3928
vt 0.8193 0.4053
vt 0.8194 0.3942
vt 0.8293 0.3928
vt 0.8293 0.4146
vt 0.8192 0.4158
vt 0.8193 0.4053
vt 0.8096 0.4064
vt 0.8396 0.4021
vt 0.8396 0.4130
vt 0.8293 0.4146
vt 0.7999 0.4072
vt 0.8499 0.4221
vt 0.7996 0.4173
vt 0.7791 0.4364
vt 0.7676 0.4559
vt 0.7372 0.4548
vt 0.7468 0.3975
vt 0.7582 0.3973
vt 0.8414 0.3403
vt 0.8523 0.3573
vt 0.8418 0.3688
vt 0.8624 0.3659
vt 0.8716 0.3253
vt 0.8941 0.3326
vt 0.9334 0.3107
vt 0.9096 0.3668
vt 0.9046 0.3657
vt 0.9096 0.3668
vt 0.9070 0.3760
vt 0.9012 0.3855
vt 0.9028 0.3754
vt 0.9070 0.3760
vt 0.9045 0.3863
vt 0.8970 0.3849
vt 0.9012 0.3855
vt 0.8986 0.3955
vt 0.9108 0.3770
vt 0.9141 0.3682
vt 0.9175 0.3596
vt 0.9178 0.3697
vt 0.9108 0.3770
vt 0.9141 0.3682
vt 0.9221 0.3617
vt 0.9219 0.3517
vt 0.9327 0.3485
vt 0.9269 0.3545
vt 0.9219 0.3517
vt 0.9277 0.3450
vt 0.9342 0.3387
vt 0.9302 0.3575
vt 0.9366 0.3520
vt 0.9302 0.3575
vt 0.9253 0.3641
vt 0.9221 0.3617
vt 0.9334 0.3603
vt 0.9366 0.3520
vt 0.9398 0.3554
vt 0.9334 0.3603
vt 0.9430 0.3585
vt 0.9460 0.3505
vt 0.9488 0.3537
vt 0.9460 0.3505
vt 0.9524 0.3463
vt 0.9513 0.3564
vt 0.9488 0.3537
vt 0.9556 0.3498
vt 0.9578 0.3526
vt 0.9430 0.3585
vt 0.9178 0.3697
vt 0.9691 0.3298
vt 0.9602 0.3319
vt 0.9535 0.3000
vt 0.9269 0.2952
vt 0.9173 0.2633
vt 0.5360 0.1977
vt 0.5170 0.1971
vt 0.5186 0.1848
vt 0.5349 0.1821
vt 0.5360 0.1977
vt 0.5226 0.1742
vt 0.5054 0.2175
vt 0.5119 0.2070
vt 0.5272 0.2086
vt 0.5388 0.2147
vt 0.5240 0.2333
vt 0.5170 0.1971
vt 0.5878 0.2017
vt 0.5729 0.2080
vt 0.5803 0.2194
vt 0.5937 0.2132
vt 0.5540 0.1769
vt 0.5890 0.1550
vt 0.5910 0.1647
vt 0.5719 0.1705
vt 0.5273 0.1426
vt 0.5517 0.1119
vt 0.5945 0.0387
vt 0.6094 0.0468
vt 0.5954 0.0489
vt 0.5945 0.0387
vt 0.6084 0.0366
vt 0.6101 0.0542
vt 0.6094 0.0468
vt 0.6238 0.0445
vt 0.6238 0.0445
vt 0.6226 0.0341
vt 0.6371 0.0314
vt 0.6371 0.0314
vt 0.6516 0.0289
vt 0.6529 0.0398
vt 0.6084 0.0366
vt 0.5813 0.0679
vt 0.6812 0.0256
vt 0.6968 0.0352
vt 0.6820 0.0364
vt 0.6812 0.0256
vt 0.6963 0.0243
vt 0.6972 0.0462
vt 0.6968 0.0352
vt 0.7117 0.0344
vt 0.7117 0.0344
vt 0.7263 0.0343
vt 0.7263 0.0455
vt 0.7114 0.0233
vt 0.7263 0.0230
vt 0.7114 0.0233
vt 0.6712 0.0537
vt 0.6745 0.0586
vt 0.6875 0.0577
vt 0.6903 0.0640
vt 0.6779 0.0646
vt 0.6745 0.0586
vt 0.6650 0.0662
vt 0.6611 0.0606
vt 0.6650 0.0662
vt 0.6506 0.0680
vt 0.6307 0.0637
vt 0.6468 0.0626
vt 0.6506 0.0680
vt 0.6340 0.0709
vt 0.6307 0.0637
vt 0.6138 0.0657
vt 0.6125 0.0595
vt 0.6687 0.0753
vt 0.6539 0.0777
vt 0.6779 0.0646
vt 0.6812 0.0737
vt 0.6687 0.0753
vt 0.6831 0.0843
vt 0.6706 0.0856
vt 0.6960 0.0931
vt 0.6848 0.0937
vt 0.6831 0.0843
vt 0.6960 0.0931
vt 0.7070 0.0930
vt 0.7079 0.1044
vt 0.6964 0.1059
vt 0.7200 0.1132
vt 0.7082 0.1148
vt 0.7079 0.1044
vt 0.7082 0.1148
vt 0.7083 0.1246
vt 0.6965 0.1269
vt 0.7078 0.1355
vt 0.7078 0.1355
vt 0.7068 0.1483
vt 0.6949 0.1507
vt 0.7057 0.1625
vt 0.6720 0.1318
vt 0.6717 0.1429
vt 0.6585 0.1232
vt 0.6706 0.0856
vt 0.6238 0.1104
vt 0.6706 0.1907
vt 0.6817 0.1913
vt 0.7173 0.1766
vt 0.7407 0.2077
vt 0.7189 0.1465
vt 0.7197 0.1337
vt 0.7202 0.1231
vt 0.6716 0.2200
vt 0.6740 0.2706
vt 0.6618 0.2367
vt 0.6512 0.2380
vt 0.6404 0.2410
vt 0.6388 0.2246
vt 0.5746 0.2354
vt 0.5583 0.2325
vt 0.5850 0.2589
vt 0.5646 0.2668
vt 0.5431 0.2472
vt 0.5257 0.2589
vt 0.5130 0.2648
vt 0.4860 0.2774
vt 0.5957 0.2552
vt 0.6027 0.2923
vt 0.5925 0.3142
vt 0.6717 0.3673
vt 0.6720 0.3775
vt 0.6614 0.3773
vt 0.6832 0.3774
vt 0.6837 0.3877
vt 0.6726 0.3876
vt 0.6839 0.3979
vt 0.6731 0.3978
vt 0.6952 0.3877
vt 0.6953 0.3979
vt 0.6839 0.3979
vt 0.6949 0.4080
vt 0.6840 0.4081
vt 0.7067 0.3977
vt 0.7061 0.4077
vt 0.6949 0.4080
vt 0.7053 0.4175
vt 0.6944 0.4178
vt 0.7159 0.4274
vt 0.7049 0.4270
vt 0.7053 0.4175
vt 0.7049 0.4270
vt 0.7049 0.4364
vt 0.6944 0.4367
vt 0.7051 0.4459
vt 0.6840 0.4179
vt 0.6630 0.3976
vt 0.8524 0.7571
vt 0.3852 0.1896
vt 0.2758 0.0464
vt 0.2757 0.0375
vt 0.2875 0.0363
vt 0.2643 0.0378
vt 0.2531 0.0372
vt 0.2423 0.0367
vt 0.2315 0.0364
vt 0.2207 0.0367
vt 0.2099 0.0372
vt 0.1988 0.0378
vt 0.1873 0.0464
vt 0.1874 0.0375
vt 0.1988 0.0378
vt 0.1755 0.0363
vt 0.1753 0.0459
vt 0.1639 0.0352
vt 0.1526 0.0344
vt 0.1410 0.0335
vt 0.1289 0.0323
vt 0.1166 0.0312
vt 0.1043 0.0297
vt 0.0918 0.0282
vt 0.0795 0.0267
vt 0.0676 0.0253
vt 0.0563 0.0238
vt 0.0452 0.0226
vt 0.0342 0.0213
vt 0.0233 0.0199
vt 0.0124 0.0184
vt 0.6150 0.5350
vt 0.6212 0.5237
vt 0.6585 0.5143
vt 0.6665 0.5085
vt 0.6734 0.5029
vt 0.6799 0.4974
vt 0.6543 0.4173
vt 0.7104 0.4909
vt 0.7174 0.4775
vt 0.7167 0.4659
vt 0.8237 0.5294
vt 0.8809 0.5318
vt 0.8779 0.5191
vt 0.8857 0.5174
vt 0.8882 0.5304
vt 0.8948 0.5293
vt 0.8738 0.5063
vt 0.8822 0.5048
vt 0.8857 0.5174
vt 0.8927 0.5165
vt 0.9006 0.5288
vt 0.8990 0.5159
vt 0.9049 0.5155
vt 0.9064 0.5288
vt 0.9006 0.5288
vt 0.9124 0.5288
vt 0.9072 0.5019
vt 0.9107 0.5155
vt 0.9049 0.5155
vt 0.9015 0.5024
vt 0.8970 0.4895
vt 0.9027 0.4887
vt 0.8926 0.4767
vt 0.8981 0.4759
vt 0.9027 0.4887
vt 0.8946 0.4634
vt 0.8911 0.4903
vt 0.8868 0.4776
vt 0.8926 0.4767
vt 0.8841 0.4649
vt 0.8891 0.4641
vt 0.8926 0.4767
vt 0.8895 0.5037
vt 0.8851 0.4911
vt 0.8911 0.4903
vt 0.8955 0.5030
vt 0.8864 0.4516
vt 0.8922 0.4510
vt 0.8946 0.4634
vt 0.8891 0.4641
vt 0.8763 0.4919
vt 0.8786 0.4161
vt 0.8970 0.3849
vt 0.7157 0.4456
vt 0.7156 0.4364
vt 0.7171 0.4086
vt 0.7174 0.3987
vt 0.7170 0.3781
vt 0.7057 0.3674
vt 0.7161 0.3568
vt 0.7157 0.3454
vt 0.7156 0.3327
vt 0.7368 0.3678
vt 0.7184 0.0924
vt 0.7437 0.1035
vt 0.7410 0.0499
vt 0.7413 0.0233
vt 0.6903 0.0640
vt 0.6944 0.0838
vt 0.6571 0.0557
vt 0.6681 0.0489
vt 0.6536 0.0506
vt 0.6253 0.0518
vt 0.6158 0.0745
vt 0.5973 0.0705
vt 0.5681 0.0742
vt 0.7110 0.0121
vt 0.7263 0.0114
vt 0.7417 0.0121
vt 0.7573 0.0134
vt 0.7724 0.0148
vt 0.7874 0.0162
vt 0.8025 0.0181
vt 0.8174 0.0209
vt 0.8317 0.0239
vt 0.8457 0.0265
vt 0.8593 0.0285
vt 0.8723 0.0300
vt 0.8849 0.0308
vt 0.8969 0.0313
vt 0.9083 0.0315
vt 0.9191 0.0312
vt 0.6954 0.0134
vt 0.6803 0.0148
vt 0.6653 0.0162
vt 0.6501 0.0181
vt 0.6353 0.0209
vt 0.6209 0.0239
vt 0.6070 0.0265
vt 0.5934 0.0285
vt 0.5803 0.0300
vt 0.5678 0.0308
vt 0.5558 0.0313
vt 0.5444 0.0315
vt 0.5336 0.0312
vt 0.4506 0.0184
vt 0.4397 0.0199
vt 0.4288 0.0213
vt 0.4178 0.0226
vt 0.4068 0.0238
vt 0.3954 0.0253
vt 0.3836 0.0267
vt 0.3713 0.0282
vt 0.3587 0.0297
vt 0.3464 0.0312
vt 0.3341 0.0323
vt 0.3221 0.0335
vt 0.3105 0.0344
vt 0.2991 0.0352
vt 0.2641 0.4216
vt 0.3452 0.4218
vt 0.4268 0.5270
vt 0.7764 0.6529
vt 0.7720 0.6854
vt 0.7199 0.7110
vt 0.6997 0.7106
vt 0.6900 0.7114
vt 0.0649 0.3873
vt 0.0731 0.4019
vt 0.0988 0.4199
vt 0.0887 0.4293
vt 0.0857 0.4172
vt 0.0988 0.4199
vt 0.1015 0.4316
vt 0.0792 0.4386
vt 0.0771 0.4268
vt 0.0887 0.4293
vt 0.0912 0.4411
vt 0.0699 0.4478
vt 0.0693 0.4361
vt 0.0792 0.4386
vt 0.0804 0.4502
vt 0.0801 0.4615
vt 0.0903 0.4733
vt 0.0788 0.4719
vt 0.0801 0.4615
vt 0.0915 0.4631
vt 0.1029 0.4641
vt 0.1018 0.4741
vt 0.0903 0.4733
vt 0.1004 0.4846
vt 0.0888 0.4838
vt 0.0903 0.4733
vt 0.1157 0.4548
vt 0.1146 0.4646
vt 0.1029 0.4641
vt 0.1036 0.4539
vt 0.1285 0.4458
vt 0.1278 0.4556
vt 0.1157 0.4548
vt 0.1158 0.4446
vt 0.1408 0.4370
vt 0.1407 0.4468
vt 0.1285 0.4458
vt 0.1280 0.4355
vt 0.1523 0.4282
vt 0.1526 0.4380
vt 0.1408 0.4370
vt 0.1399 0.4267
vt 0.1635 0.4194
vt 0.1638 0.4291
vt 0.1523 0.4282
vt 0.1514 0.4179
vt 0.1506 0.4075
vt 0.1506 0.4075
vt 0.1373 0.4052
vt 0.1369 0.3946
vt 0.1235 0.4024
vt 0.1230 0.3914
vt 0.1369 0.3946
vt 0.1249 0.4136
vt 0.1235 0.4024
vt 0.1373 0.4052
vt 0.1385 0.4160
vt 0.1128 0.4224
vt 0.1109 0.4108
vt 0.1249 0.4136
vt 0.1266 0.4247
vt 0.1128 0.4224
vt 0.1147 0.4337
vt 0.1015 0.4316
vt 0.1032 0.4430
vt 0.0919 0.4524
vt 0.1158 0.4446
vt 0.1105 0.3762
vt 0.1243 0.3809
vt 0.1006 0.3597
vt 0.0547 0.3212
vt 0.0402 0.3311
vt 0.0257 0.3185
vt 0.0243 0.3245
vt 0.0413 0.2654
vt 0.0420 0.3478
vt 0.0499 0.3548
vt 0.6516 0.8729
vt 0.6489 0.8681
vt 0.6558 0.8647
vt 0.6571 0.8719
vt 0.6565 0.8790
vt 0.6496 0.8775
vt 0.6443 0.8734
vt 0.6394 0.8672
vt 0.6443 0.8734
vt 0.6401 0.8798
vt 0.6340 0.8745
vt 0.6289 0.8670
vt 0.6352 0.8592
vt 0.6394 0.8672
vt 0.6428 0.8528
vt 0.6455 0.8607
vt 0.6537 0.8556
vt 0.6521 0.8466
vt 0.6651 0.8615
vt 0.6558 0.8647
vt 0.6537 0.8556
vt 0.6640 0.8511
vt 0.6655 0.8700
vt 0.6651 0.8615
vt 0.6765 0.8586
vt 0.6764 0.8678
vt 0.6651 0.8785
vt 0.6756 0.8772
vt 0.6743 0.8866
vt 0.6640 0.8875
vt 0.6651 0.8785
vt 0.6549 0.8865
vt 0.6565 0.8790
vt 0.6549 0.8865
vt 0.6470 0.8838
vt 0.6401 0.8798
vt 0.6470 0.8838
vt 0.6442 0.8907
vt 0.6359 0.8871
vt 0.6284 0.8821
vt 0.6284 0.8821
vt 0.6220 0.8752
vt 0.6289 0.8670
vt 0.6170 0.8671
vt 0.6247 0.8590
vt 0.6289 0.8670
vt 0.6321 0.8510
vt 0.6406 0.8449
vt 0.6321 0.8510
vt 0.6303 0.8461
vt 0.6391 0.8393
vt 0.6406 0.8449
vt 0.6501 0.8387
vt 0.6521 0.8466
vt 0.6631 0.8407
vt 0.6608 0.8321
vt 0.6749 0.8364
vt 0.6723 0.8270
vt 0.6876 0.8409
vt 0.6758 0.8465
vt 0.6749 0.8364
vt 0.6866 0.8318
vt 0.6888 0.8545
vt 0.6876 0.8409
vt 0.6986 0.8354
vt 0.6999 0.8506
vt 0.6883 0.8639
vt 0.6993 0.8598
vt 0.6980 0.8697
vt 0.6871 0.8739
vt 0.6883 0.8639
vt 0.6871 0.8739
vt 0.6857 0.8840
vt 0.6743 0.8866
vt 0.6839 0.8920
vt 0.6726 0.8946
vt 0.6743 0.8866
vt 0.6624 0.8950
vt 0.6640 0.8875
vt 0.6624 0.8950
vt 0.6529 0.8934
vt 0.6529 0.8934
vt 0.6509 0.8999
vt 0.6414 0.8977
vt 0.6390 0.9046
vt 0.6609 0.9015
vt 0.6492 0.9065
vt 0.6726 0.8946
vt 0.6715 0.9017
vt 0.6609 0.9015
vt 0.6599 0.9081
vt 0.6480 0.9146
vt 0.6709 0.9089
vt 0.6595 0.9157
vt 0.6709 0.9089
vt 0.6715 0.9017
vt 0.6827 0.8994
vt 0.6823 0.9070
vt 0.6709 0.9155
vt 0.6508 0.9237
vt 0.6480 0.9146
vt 0.6595 0.9157
vt 0.6599 0.9226
vt 0.6399 0.9290
vt 0.6390 0.9203
vt 0.6508 0.9237
vt 0.6526 0.9321
vt 0.6264 0.9169
vt 0.6264 0.9256
vt 0.6149 0.9254
vt 0.6153 0.9158
vt 0.6264 0.9169
vt 0.6264 0.9169
vt 0.6262 0.9086
vt 0.6377 0.9123
vt 0.6152 0.9054
vt 0.6262 0.9086
vt 0.6280 0.9014
vt 0.6390 0.9046
vt 0.6317 0.8947
vt 0.6225 0.8897
vt 0.6170 0.8968
vt 0.6145 0.8833
vt 0.6091 0.8742
vt 0.6145 0.8833
vt 0.6059 0.8928
vt 0.5947 0.9032
vt 0.5943 0.8946
vt 0.6049 0.9038
vt 0.6059 0.8928
vt 0.6010 0.8815
vt 0.6069 0.8687
vt 0.5926 0.8862
vt 0.5993 0.8753
vt 0.6069 0.8687
vt 0.6146 0.8613
vt 0.6170 0.8671
vt 0.6222 0.8535
vt 0.5926 0.8862
vt 0.5915 0.8806
vt 0.5993 0.8753
vt 0.5837 0.8846
vt 0.5845 0.8894
vt 0.5761 0.8932
vt 0.5752 0.8884
vt 0.5837 0.8846
vt 0.5655 0.8921
vt 0.5671 0.9007
vt 0.5664 0.8958
vt 0.5761 0.8932
vt 0.5763 0.8990
vt 0.5578 0.9081
vt 0.5573 0.9037
vt 0.5671 0.9007
vt 0.5669 0.9052
vt 0.5491 0.9182
vt 0.5492 0.9137
vt 0.5578 0.9081
vt 0.5574 0.9125
vt 0.5402 0.9253
vt 0.5402 0.9213
vt 0.5491 0.9182
vt 0.5482 0.9224
vt 0.5326 0.9298
vt 0.5325 0.9256
vt 0.5402 0.9253
vt 0.5402 0.9286
vt 0.5402 0.9298
vt 0.5326 0.9313
vt 0.5326 0.9298
vt 0.5243 0.9306
vt 0.5239 0.9323
vt 0.5165 0.9261
vt 0.5248 0.9255
vt 0.5243 0.9306
vt 0.5150 0.9317
vt 0.5065 0.9332
vt 0.5075 0.9273
vt 0.5165 0.9261
vt 0.5083 0.9223
vt 0.5167 0.9206
vt 0.5245 0.9206
vt 0.5163 0.9158
vt 0.5238 0.9159
vt 0.5245 0.9206
vt 0.5320 0.9214
vt 0.5325 0.9256
vt 0.5316 0.9167
vt 0.5316 0.9167
vt 0.5238 0.9159
vt 0.5233 0.9115
vt 0.5310 0.9120
vt 0.5316 0.9167
vt 0.5401 0.9167
vt 0.5402 0.9213
vt 0.5392 0.9114
vt 0.5392 0.9114
vt 0.5310 0.9120
vt 0.5301 0.9067
vt 0.5378 0.9049
vt 0.5392 0.9114
vt 0.5482 0.9085
vt 0.5492 0.9137
vt 0.5464 0.9019
vt 0.5464 0.9019
vt 0.5378 0.9049
vt 0.5364 0.8974
vt 0.5450 0.8960
vt 0.5464 0.9019
vt 0.5559 0.8978
vt 0.5573 0.9037
vt 0.5548 0.8942
vt 0.5291 0.9004
vt 0.5291 0.9004
vt 0.5301 0.9067
vt 0.5227 0.9069
vt 0.5220 0.9024
vt 0.5146 0.9034
vt 0.5154 0.9076
vt 0.5077 0.9045
vt 0.5160 0.9117
vt 0.5085 0.9088
vt 0.5089 0.9131
vt 0.5087 0.9177
vt 0.5662 0.9106
vt 0.5739 0.9147
vt 0.5647 0.9160
vt 0.5662 0.9106
vt 0.5751 0.9098
vt 0.5833 0.9173
vt 0.5852 0.9031
vt 0.5844 0.9100
vt 0.5751 0.9098
vt 0.5761 0.9049
vt 0.5851 0.8960
vt 0.5852 0.9031
vt 0.5947 0.9032
vt 0.5944 0.9113
vt 0.5944 0.9113
vt 0.5934 0.9191
vt 0.5833 0.9173
vt 0.5818 0.9250
vt 0.6040 0.9230
vt 0.6047 0.9142
vt 0.6008 0.9305
vt 0.6040 0.9230
vt 0.6149 0.9254
vt 0.6119 0.9336
vt 0.6098 0.9355
vt 0.5986 0.9327
vt 0.6008 0.9305
vt 0.5911 0.9271
vt 0.5894 0.9301
vt 0.5894 0.9301
vt 0.5805 0.9277
vt 0.5818 0.9250
vt 0.5727 0.9220
vt 0.5718 0.9247
vt 0.5631 0.9224
vt 0.5626 0.9245
vt 0.5548 0.9248
vt 0.5546 0.9267
vt 0.5474 0.9265
vt 0.5474 0.9279
vt 0.5561 0.9175
vt 0.6218 0.9384
vt 0.6098 0.9355
vt 0.6119 0.9336
vt 0.6236 0.9354
vt 0.6350 0.9413
vt 0.6367 0.9383
vt 0.6480 0.9439
vt 0.6495 0.9404
vt 0.6608 0.9463
vt 0.6614 0.9419
vt 0.6740 0.9484
vt 0.6736 0.9432
vt 0.6869 0.9493
vt 0.6863 0.9441
vt 0.6986 0.9500
vt 0.6980 0.9444
vt 0.7094 0.9497
vt 0.7077 0.9318
vt 0.7091 0.9440
vt 0.6980 0.9444
vt 0.6959 0.9312
vt 0.6944 0.9196
vt 0.7060 0.9206
vt 0.7077 0.9318
vt 0.7164 0.9196
vt 0.7176 0.9313
vt 0.7189 0.9435
vt 0.7265 0.9301
vt 0.7276 0.9426
vt 0.7189 0.9435
vt 0.7194 0.9494
vt 0.7094 0.9497
vt 0.7282 0.9491
vt 0.7282 0.9491
vt 0.7276 0.9426
vt 0.7365 0.9425
vt 0.7362 0.9497
vt 0.7451 0.9504
vt 0.7365 0.9425
vt 0.7371 0.9266
vt 0.7474 0.9270
vt 0.7459 0.9436
vt 0.7451 0.9504
vt 0.7459 0.9436
vt 0.7545 0.9432
vt 0.7533 0.9499
vt 0.7612 0.9497
vt 0.7545 0.9432
vt 0.7565 0.9284
vt 0.7659 0.9273
vt 0.7626 0.9428
vt 0.7612 0.9497
vt 0.7626 0.9428
vt 0.7713 0.9419
vt 0.7703 0.9480
vt 0.7805 0.9483
vt 0.7713 0.9419
vt 0.7747 0.9267
vt 0.7835 0.9292
vt 0.7806 0.9424
vt 0.7805 0.9483
vt 0.7806 0.9424
vt 0.7915 0.9432
vt 0.7920 0.9484
vt 0.8032 0.9496
vt 0.7915 0.9432
vt 0.7928 0.9306
vt 0.8035 0.9319
vt 0.8025 0.9435
vt 0.8032 0.9496
vt 0.8025 0.9435
vt 0.8130 0.9454
vt 0.8141 0.9494
vt 0.8256 0.9480
vt 0.8130 0.9454
vt 0.8132 0.9337
vt 0.8250 0.9335
vt 0.8248 0.9440
vt 0.8256 0.9480
vt 0.8248 0.9440
vt 0.8359 0.9435
vt 0.8365 0.9468
vt 0.8468 0.9452
vt 0.8359 0.9435
vt 0.8359 0.9341
vt 0.8472 0.9334
vt 0.8582 0.9291
vt 0.8573 0.9341
vt 0.8472 0.9334
vt 0.8486 0.9272
vt 0.8490 0.9215
vt 0.8584 0.9237
vt 0.8582 0.9291
vt 0.8688 0.9249
vt 0.8680 0.9311
vt 0.8668 0.9365
vt 0.8765 0.9366
vt 0.8792 0.9256
vt 0.8783 0.9314
vt 0.8680 0.9311
vt 0.8863 0.9326
vt 0.8877 0.9269
vt 0.8934 0.9343
vt 0.8946 0.9288
vt 0.9001 0.9366
vt 0.9011 0.9311
vt 0.9073 0.9380
vt 0.9080 0.9328
vt 0.9150 0.9390
vt 0.9157 0.9340
vt 0.9237 0.9386
vt 0.9238 0.9338
vt 0.9306 0.9387
vt 0.9308 0.9335
vt 0.9359 0.9344
vt 0.9355 0.9391
vt 0.9306 0.9387
vt 0.9306 0.9387
vt 0.9298 0.9448
vt 0.9222 0.9439
vt 0.9191 0.9476
vt 0.9279 0.9497
vt 0.9089 0.9476
vt 0.9096 0.9466
vt 0.9191 0.9476
vt 0.9182 0.9485
vt 0.9019 0.9454
vt 0.9012 0.9469
vt 0.8938 0.9461
vt 0.8948 0.9442
vt 0.9019 0.9454
vt 0.9019 0.9454
vt 0.9051 0.9422
vt 0.9130 0.9433
vt 0.8980 0.9404
vt 0.8875 0.9435
vt 0.8908 0.9388
vt 0.8980 0.9404
vt 0.8839 0.9375
vt 0.8938 0.9461
vt 0.8863 0.9453
vt 0.8875 0.9435
vt 0.8809 0.9425
vt 0.8797 0.9445
vt 0.8809 0.9425
vt 0.8742 0.9420
vt 0.8765 0.9366
vt 0.8742 0.9420
vt 0.8660 0.9420
vt 0.8668 0.9365
vt 0.8660 0.9420
vt 0.8563 0.9423
vt 0.8573 0.9341
vt 0.8464 0.9429
vt 0.8563 0.9423
vt 0.8567 0.9444
vt 0.8468 0.9452
vt 0.8666 0.9438
vt 0.8742 0.9420
vt 0.8738 0.9440
vt 0.8666 0.9438
vt 0.9271 0.9504
vt 0.9271 0.9504
vt 0.9279 0.9497
vt 0.9352 0.9501
vt 0.9352 0.9539
vt 0.9298 0.9448
vt 0.9352 0.9442
vt 0.9352 0.9501
vt 0.8797 0.9445
vt 0.8839 0.9375
vt 0.8783 0.9314
vt 0.8948 0.9442
vt 0.9311 0.9291
vt 0.9367 0.9298
vt 0.9314 0.9243
vt 0.9376 0.9255
vt 0.9367 0.9298
vt 0.9386 0.9211
vt 0.9237 0.9290
vt 0.9242 0.9230
vt 0.9314 0.9243
vt 0.9243 0.9153
vt 0.9318 0.9182
vt 0.9166 0.9198
vt 0.9165 0.9125
vt 0.9243 0.9153
vt 0.9090 0.9119
vt 0.9083 0.9259
vt 0.9090 0.9180
vt 0.9166 0.9198
vt 0.9159 0.9274
vt 0.9022 0.9171
vt 0.9015 0.9243
vt 0.8950 0.9223
vt 0.8958 0.9154
vt 0.9022 0.9171
vt 0.8973 0.9093
vt 0.8883 0.9136
vt 0.8894 0.9074
vt 0.8973 0.9093
vt 0.8981 0.9060
vt 0.8909 0.9027
vt 0.8894 0.9074
vt 0.8796 0.9043
vt 0.8695 0.8952
vt 0.8807 0.8990
vt 0.8796 0.9043
vt 0.8693 0.9008
vt 0.8588 0.8848
vt 0.8700 0.8903
vt 0.8695 0.8952
vt 0.8588 0.8907
vt 0.8496 0.8772
vt 0.8592 0.8805
vt 0.8588 0.8848
vt 0.8490 0.8814
vt 0.8429 0.8720
vt 0.8510 0.8742
vt 0.8496 0.8772
vt 0.8412 0.8752
vt 0.8376 0.8654
vt 0.8447 0.8691
vt 0.8429 0.8720
vt 0.8354 0.8681
vt 0.8333 0.8548
vt 0.8397 0.8624
vt 0.8376 0.8654
vt 0.8304 0.8592
vt 0.8282 0.8428
vt 0.8358 0.8520
vt 0.8333 0.8548
vt 0.8256 0.8463
vt 0.8208 0.8304
vt 0.8313 0.8387
vt 0.8282 0.8428
vt 0.8179 0.8349
vt 0.8063 0.8284
vt 0.8035 0.8333
vt 0.8154 0.8395
vt 0.8124 0.8451
vt 0.8005 0.8393
vt 0.8035 0.8333
vt 0.8035 0.8333
vt 0.7901 0.8284
vt 0.7930 0.8239
vt 0.7930 0.8239
vt 0.7965 0.8179
vt 0.8092 0.8234
vt 0.7831 0.8135
vt 0.7795 0.8211
vt 0.7669 0.8175
vt 0.7696 0.8096
vt 0.7669 0.8175
vt 0.7543 0.8145
vt 0.7427 0.8046
vt 0.7562 0.8064
vt 0.7543 0.8145
vt 0.7414 0.8138
vt 0.7302 0.8136
vt 0.7300 0.8041
vt 0.7194 0.8146
vt 0.7176 0.8047
vt 0.7300 0.8041
vt 0.7056 0.8063
vt 0.7081 0.8161
vt 0.6961 0.8181
vt 0.6937 0.8091
vt 0.6845 0.8223
vt 0.6816 0.8139
vt 0.6937 0.8091
vt 0.6723 0.8270
vt 0.6697 0.8195
vt 0.6816 0.8139
vt 0.6586 0.8257
vt 0.6501 0.8387
vt 0.6486 0.8327
vt 0.6586 0.8257
vt 0.6845 0.8223
vt 0.6961 0.8181
vt 0.6977 0.8278
vt 0.7081 0.8161
vt 0.7095 0.8254
vt 0.6977 0.8278
vt 0.7098 0.8327
vt 0.7201 0.8236
vt 0.7303 0.8228
vt 0.7201 0.8236
vt 0.7194 0.8146
vt 0.7201 0.8309
vt 0.7414 0.8138
vt 0.7409 0.8222
vt 0.7303 0.8228
vt 0.7302 0.8308
vt 0.7098 0.8327
vt 0.7201 0.8309
vt 0.7194 0.8442
vt 0.7096 0.8463
vt 0.7088 0.8553
vt 0.7302 0.8308
vt 0.7294 0.8410
vt 0.7194 0.8442
vt 0.7182 0.8526
vt 0.7088 0.8553
vt 0.7079 0.8657
vt 0.6980 0.8697
vt 0.7071 0.8772
vt 0.6969 0.8806
vt 0.6980 0.8697
vt 0.6969 0.8806
vt 0.6954 0.8894
vt 0.6839 0.8920
vt 0.6941 0.8968
vt 0.6827 0.8994
vt 0.6839 0.8920
vt 0.7047 0.9033
vt 0.6936 0.9043
vt 0.6941 0.8968
vt 0.7051 0.8945
vt 0.7155 0.9105
vt 0.7049 0.9117
vt 0.7047 0.9033
vt 0.7153 0.9016
vt 0.7261 0.9194
vt 0.7164 0.9196
vt 0.7155 0.9105
vt 0.7257 0.9094
vt 0.7370 0.9180
vt 0.7368 0.9086
vt 0.7480 0.9179
vt 0.7481 0.9092
vt 0.7579 0.9182
vt 0.7585 0.9096
vt 0.7679 0.9166
vt 0.7684 0.9095
vt 0.7768 0.9173
vt 0.7778 0.9099
vt 0.7853 0.9186
vt 0.7867 0.9109
vt 0.7943 0.9200
vt 0.7954 0.9134
vt 0.8044 0.9227
vt 0.8054 0.9152
vt 0.8146 0.9247
vt 0.8157 0.9181
vt 0.8265 0.9259
vt 0.8273 0.9200
vt 0.8265 0.9259
vt 0.8376 0.9272
vt 0.8359 0.9341
vt 0.8376 0.9272
vt 0.8387 0.9216
vt 0.8490 0.9215
vt 0.8393 0.9133
vt 0.8495 0.9132
vt 0.8490 0.9215
vt 0.8589 0.9151
vt 0.8688 0.9175
vt 0.8589 0.9151
vt 0.8588 0.9048
vt 0.8688 0.9083
vt 0.8688 0.9175
vt 0.8792 0.9188
vt 0.8792 0.9256
vt 0.8880 0.9202
vt 0.8791 0.9110
vt 0.8588 0.9048
vt 0.8590 0.8967
vt 0.8693 0.9008
vt 0.8490 0.8944
vt 0.8491 0.9026
vt 0.8490 0.8944
vt 0.8490 0.8877
vt 0.8588 0.8907
vt 0.8389 0.8859
vt 0.8386 0.8931
vt 0.8389 0.8859
vt 0.8399 0.8795
vt 0.8490 0.8814
vt 0.8310 0.8765
vt 0.8291 0.8837
vt 0.8310 0.8765
vt 0.8332 0.8716
vt 0.8412 0.8752
vt 0.8250 0.8668
vt 0.8225 0.8722
vt 0.8250 0.8668
vt 0.8277 0.8629
vt 0.8354 0.8681
vt 0.8189 0.8584
vt 0.8159 0.8631
vt 0.8189 0.8584
vt 0.8223 0.8524
vt 0.8304 0.8592
vt 0.8189 0.8584
vt 0.8086 0.8538
vt 0.8124 0.8451
vt 0.7976 0.8486
vt 0.8005 0.8393
vt 0.7976 0.8486
vt 0.7859 0.8447
vt 0.7751 0.8347
vt 0.7877 0.8350
vt 0.7859 0.8447
vt 0.7740 0.8440
vt 0.7651 0.8245
vt 0.7771 0.8267
vt 0.7751 0.8347
vt 0.7638 0.8335
vt 0.7651 0.8245
vt 0.7530 0.8223
vt 0.7543 0.8145
vt 0.7524 0.8316
vt 0.7407 0.8307
vt 0.7409 0.8222
vt 0.7530 0.8223
vt 0.7407 0.8307
vt 0.7404 0.8401
vt 0.7294 0.8410
vt 0.7282 0.8501
vt 0.7404 0.8401
vt 0.7394 0.8487
vt 0.7282 0.8501
vt 0.7282 0.8501
vt 0.7274 0.8594
vt 0.7174 0.8619
vt 0.7174 0.8619
vt 0.7169 0.8733
vt 0.7071 0.8772
vt 0.7163 0.8834
vt 0.7061 0.8865
vt 0.7071 0.8772
vt 0.7257 0.8889
vt 0.7156 0.8921
vt 0.7163 0.8834
vt 0.7263 0.8800
vt 0.7365 0.8973
vt 0.7255 0.8987
vt 0.7257 0.8889
vt 0.7366 0.8867
vt 0.7482 0.8982
vt 0.7481 0.8871
vt 0.7589 0.8990
vt 0.7591 0.8884
vt 0.7689 0.9010
vt 0.7695 0.8914
vt 0.7788 0.9022
vt 0.7801 0.8932
vt 0.7880 0.9036
vt 0.7913 0.8857
vt 0.7896 0.8952
vt 0.7801 0.8932
vt 0.7813 0.8842
vt 0.7819 0.8743
vt 0.7926 0.8745
vt 0.7913 0.8857
vt 0.8020 0.8755
vt 0.8039 0.8666
vt 0.7939 0.8645
vt 0.7955 0.8564
vt 0.8059 0.8600
vt 0.8039 0.8666
vt 0.8159 0.8631
vt 0.8132 0.8694
vt 0.8039 0.8666
vt 0.8110 0.8782
vt 0.8225 0.8722
vt 0.8205 0.8797
vt 0.8110 0.8782
vt 0.8110 0.8782
vt 0.8093 0.8878
vt 0.8003 0.8857
vt 0.7913 0.8857
vt 0.8003 0.8857
vt 0.7989 0.8952
vt 0.8093 0.8878
vt 0.8081 0.8972
vt 0.7989 0.8952
vt 0.7989 0.8952
vt 0.7970 0.9054
vt 0.7880 0.9036
vt 0.8068 0.9068
vt 0.8068 0.9068
vt 0.8081 0.8972
vt 0.8178 0.8997
vt 0.8187 0.8895
vt 0.8275 0.9030
vt 0.8291 0.8837
vt 0.8280 0.8926
vt 0.8187 0.8895
vt 0.8168 0.9100
vt 0.8386 0.8931
vt 0.8391 0.9024
vt 0.8275 0.9030
vt 0.8273 0.9135
vt 0.7955 0.8564
vt 0.7844 0.8536
vt 0.7859 0.8447
vt 0.7727 0.8527
vt 0.7740 0.8440
vt 0.7727 0.8527
vt 0.7615 0.8511
vt 0.7518 0.8412
vt 0.7628 0.8425
vt 0.7615 0.8511
vt 0.7505 0.8495
vt 0.7493 0.8593
vt 0.7601 0.8608
vt 0.7383 0.8586
vt 0.7383 0.8586
vt 0.7376 0.8687
vt 0.7269 0.8702
vt 0.7485 0.8693
vt 0.7370 0.8779
vt 0.7601 0.8608
vt 0.7593 0.8708
vt 0.7485 0.8693
vt 0.7481 0.8781
vt 0.7590 0.8794
vt 0.7590 0.8794
vt 0.7593 0.8708
vt 0.7702 0.8734
vt 0.7711 0.8627
vt 0.7699 0.8825
vt 0.7702 0.8734
vt 0.7819 0.8743
vt 0.7711 0.8627
vt 0.7827 0.8634
vt 0.7819 0.8743
vt 0.7524 0.8316
vt 0.7939 0.8645
vt 0.8530 0.8712
vt 0.8510 0.8742
vt 0.8530 0.8712
vt 0.8628 0.8749
vt 0.8605 0.8776
vt 0.8592 0.8805
vt 0.8605 0.8776
vt 0.8724 0.8837
vt 0.8707 0.8865
vt 0.8700 0.8903
vt 0.8707 0.8865
vt 0.8829 0.8928
vt 0.8819 0.8954
vt 0.8807 0.8990
vt 0.8819 0.8954
vt 0.8916 0.9002
vt 0.8916 0.9002
vt 0.8987 0.9029
vt 0.8981 0.9060
vt 0.8981 0.9060
vt 0.9029 0.9083
vt 0.9029 0.9115
vt 0.9089 0.9074
vt 0.9090 0.9119
vt 0.9029 0.9115
vt 0.9037 0.9044
vt 0.9089 0.9074
vt 0.9029 0.9083
vt 0.9000 0.8995
vt 0.9037 0.9044
vt 0.8987 0.9029
vt 0.8927 0.8971
vt 0.8927 0.8971
vt 0.8829 0.8928
vt 0.8847 0.8896
vt 0.8949 0.8929
vt 0.8878 0.8851
vt 0.8847 0.8896
vt 0.8724 0.8837
vt 0.8751 0.8803
vt 0.8751 0.8803
vt 0.8628 0.8749
vt 0.8653 0.8718
vt 0.8785 0.8764
vt 0.8693 0.8677
vt 0.8549 0.8684
vt 0.8567 0.8649
vt 0.8479 0.8636
vt 0.8447 0.8691
vt 0.8464 0.8665
vt 0.8549 0.8684
vt 0.8497 0.8586
vt 0.8436 0.8562
vt 0.8414 0.8599
vt 0.8358 0.8520
vt 0.8388 0.8487
vt 0.8436 0.8562
vt 0.8604 0.8599
vt 0.8693 0.8677
vt 0.8878 0.8851
vt 0.8399 0.8795
vt 0.8490 0.8877
vt 0.9000 0.8995
vt 0.8909 0.9027
vt 0.9090 0.9180
vt 0.9157 0.9340
vt 0.8880 0.9202
vt 0.8688 0.9083
vt 0.8273 0.9200
vt 0.8068 0.9068
vt 0.6939 0.9118
vt 0.6936 0.9043
vt 0.6939 0.9118
vt 0.6827 0.9143
vt 0.6827 0.9143
vt 0.6831 0.9210
vt 0.6713 0.9218
vt 0.6612 0.9312
vt 0.6599 0.9226
vt 0.6713 0.9218
vt 0.6729 0.9312
vt 0.6831 0.9210
vt 0.6843 0.9305
vt 0.6729 0.9312
vt 0.6709 0.9155
vt 0.6317 0.8947
vt 0.6377 0.9123
vt 0.6047 0.9142
vt 0.6236 0.9354
vt 0.6959 0.9312
vt 0.6944 0.9196
vt 0.7371 0.9266
vt 0.6758 0.8465
vt 0.6222 0.8535
vt 0.8388 0.8487
vt 0.8223 0.8524
vt 0.8464 0.8665
vt 0.5851 0.8960
vt 0.5669 0.9052
vt 0.5655 0.8921
vt 0.5574 0.9125
vt 0.5402 0.9298
vt 0.5248 0.9255
vt 0.5143 0.9333
vt 0.5143 0.9333
vt 0.5058 0.9369
vt 0.5065 0.9332
vt 0.2205 0.0639
vt 0.1882 0.0961
vt 0.1805 0.3517
vt 0.1652 0.3800
vt 0.1578 0.3580
vt 0.1402 0.3746
vt 0.1725 0.3164
vt 0.1716 0.2303
vt 0.1638 0.4291
vt 0.0912 0.4411
vt 0.0915 0.4631
vt 0.0804 0.4502
vt 0.0872 0.4946
vt 0.0626 0.5164
vt 0.0685 0.4702
vt 0.0511 0.3805
vt 0.0774 0.4824
vt 0.6941 0.8968
vt 0.6954 0.8894
vt 0.7061 0.8865
vt 0.7269 0.8702
vt 0.7182 0.8526
vt 0.7813 0.8842
vt 0.7803 0.5548
vt 0.7744 0.5514
vt 0.7776 0.5455
vt 0.7842 0.5496
vt 0.7886 0.5604
vt 0.7921 0.5555
vt 0.7960 0.5664
vt 0.7995 0.5620
vt 0.8031 0.5733
vt 0.8066 0.5693
vt 0.8100 0.5809
vt 0.8135 0.5775
vt 0.8171 0.5891
vt 0.8203 0.5861
vt 0.8244 0.5972
vt 0.8275 0.5946
vt 0.7708 0.5418
vt 0.7680 0.5481
vt 0.7639 0.5388
vt 0.7615 0.5453
vt 0.7568 0.5364
vt 0.7549 0.5430
vt 0.7495 0.5347
vt 0.7481 0.5413
vt 0.7425 0.5336
vt 0.7412 0.5399
vt 0.7350 0.5327
vt 0.7343 0.5388
vt 0.7274 0.5321
vt 0.7276 0.5380
vt 0.7208 0.5388
vt 0.7200 0.5326
vt 0.7274 0.5321
vt 0.7140 0.5399
vt 0.7126 0.5336
vt 0.7200 0.5326
vt 0.7071 0.5413
vt 0.7056 0.5347
vt 0.7126 0.5336
vt 0.7003 0.5430
vt 0.6983 0.5364
vt 0.7056 0.5347
vt 0.6936 0.5453
vt 0.6913 0.5388
vt 0.6983 0.5364
vt 0.6872 0.5481
vt 0.6843 0.5418
vt 0.6913 0.5388
vt 0.6808 0.5514
vt 0.6775 0.5455
vt 0.6843 0.5418
vt 0.6749 0.5548
vt 0.6710 0.5504
vt 0.6775 0.5455
vt 0.6665 0.5604
vt 0.6630 0.5555
vt 0.6710 0.5504
vt 0.6591 0.5664
vt 0.6556 0.5620
vt 0.6630 0.5555
vt 0.6521 0.5733
vt 0.6486 0.5693
vt 0.6556 0.5620
vt 0.6452 0.5809
vt 0.6417 0.5775
vt 0.6486 0.5693
vt 0.6381 0.5891
vt 0.6348 0.5860
vt 0.6417 0.5775
vt 0.6308 0.5972
vt 0.6276 0.5946
vt 0.6348 0.5860
vt 0.8267 0.5925
vt 0.8297 0.5899
vt 0.8369 0.5997
vt 0.8337 0.6022
vt 0.8192 0.5812
vt 0.8221 0.5787
vt 0.8105 0.5715
vt 0.8135 0.5684
vt 0.8221 0.5787
vt 0.8007 0.5633
vt 0.8039 0.5599
vt 0.8135 0.5684
vt 0.7931 0.5592
vt 0.7953 0.5550
vt 0.8039 0.5599
vt 0.7840 0.5556
vt 0.7856 0.5512
vt 0.7953 0.5550
vt 0.7740 0.5529
vt 0.7750 0.5485
vt 0.7856 0.5512
vt 0.7634 0.5511
vt 0.7639 0.5467
vt 0.7750 0.5485
vt 0.7522 0.5503
vt 0.7524 0.5459
vt 0.7639 0.5467
vt 0.7404 0.5501
vt 0.7405 0.5456
vt 0.7524 0.5459
vt 0.7285 0.5456
vt 0.7285 0.5500
vt 0.7164 0.5456
vt 0.7165 0.5501
vt 0.7045 0.5459
vt 0.7048 0.5503
vt 0.6929 0.5467
vt 0.6935 0.5511
vt 0.6819 0.5485
vt 0.6829 0.5529
vt 0.6713 0.5512
vt 0.6729 0.5556
vt 0.6616 0.5550
vt 0.6638 0.5592
vt 0.6530 0.5599
vt 0.6562 0.5633
vt 0.6434 0.5684
vt 0.6463 0.5715
vt 0.6348 0.5787
vt 0.6377 0.5813
vt 0.6272 0.5899
vt 0.6301 0.5925
vt 0.6200 0.5997
vt 0.6231 0.6022
vt 0.6236 0.7666
vt 0.6152 0.7648
vt 0.6100 0.7542
vt 0.6325 0.7684
vt 0.6419 0.7704
vt 0.6518 0.7724
vt 0.6622 0.7743
vt 0.6729 0.7762
vt 0.6838 0.7779
vt 0.6943 0.7790
vt 0.7043 0.7800
vt 0.7119 0.7806
vt 0.7189 0.7813
vt 0.7271 0.7821
vt 0.7354 0.7823
vt 0.7442 0.7825
vt 0.7537 0.7827
vt 0.7637 0.7828
vt 0.7751 0.7829
vt 0.7880 0.7826
vt 0.8013 0.7819
vt 0.8143 0.7808
vt 0.8268 0.7794
vt 0.8392 0.7781
vt 0.8515 0.7767
vt 0.8651 0.7750
vt 0.8733 0.7741
vt 0.8821 0.7735
vt 0.8905 0.7733
vt 0.8985 0.7737
vt 0.9022 0.7625
vt 0.9070 0.7689
vt 0.9067 0.7744
vt 0.6152 0.7648
vt 0.6070 0.7633
vt 0.6005 0.7526
vt 0.5993 0.7624
vt 0.5916 0.7614
vt 0.5840 0.7609
vt 0.5762 0.7607
vt 0.5680 0.7607
vt 0.5593 0.7608
vt 0.5501 0.7606
vt 0.5403 0.7601
vt 0.5311 0.7596
vt 0.9605 0.7766
vt 0.9508 0.7773
vt 0.9409 0.7771
vt 0.9317 0.7765
vt 0.9230 0.7759
vt 0.9149 0.7751
vt 0.8421 0.9571
vt 0.8507 0.9560
vt 0.8331 0.9582
vt 0.8236 0.9595
vt 0.8135 0.9607
vt 0.8030 0.9618
vt 0.7921 0.9629
vt 0.7812 0.9636
vt 0.7706 0.9640
vt 0.7606 0.9641
vt 0.7529 0.9642
vt 0.7459 0.9642
vt 0.7377 0.9644
vt 0.7294 0.9640
vt 0.7206 0.9634
vt 0.7111 0.9629
vt 0.7011 0.9622
vt 0.6897 0.9614
vt 0.6769 0.9601
vt 0.6637 0.9584
vt 0.6509 0.9562
vt 0.6384 0.9538
vt 0.6262 0.9516
vt 0.6141 0.9491
vt 0.6006 0.9464
vt 0.5926 0.9448
vt 0.5839 0.9435
vt 0.5755 0.9426
vt 0.5675 0.9424
vt 0.5593 0.9424
vt 0.5511 0.9425
vt 0.5429 0.9426
vt 0.5342 0.9427
vt 0.5249 0.9427
vt 0.5149 0.9421
vt 0.5052 0.9403
vt 0.9260 0.9574
vt 0.9352 0.9574
vt 0.9160 0.9571
vt 0.9067 0.9565
vt 0.8980 0.9557
vt 0.8898 0.9550
vt 0.8820 0.9546
vt 0.8744 0.9545
vt 0.8666 0.9548
vt 0.8589 0.9551
vt 0.8507 0.9560
vt 0.3673 0.9494
vt 0.3580 0.9502
vt 0.3577 0.9603
vt 0.3668 0.9593
vt 0.3755 0.9585
vt 0.3763 0.9488
vt 0.3838 0.9581
vt 0.3849 0.9488
vt 0.3763 0.9488
vt 0.3921 0.9582
vt 0.3914 0.9679
vt 0.3835 0.9681
vt 0.3838 0.9581
vt 0.3755 0.9585
vt 0.3753 0.9685
vt 0.3580 0.9704
vt 0.3669 0.9693
vt 0.3668 0.9593
vt 0.3489 0.9714
vt 0.3580 0.9704
vt 0.3577 0.9603
vt 0.3484 0.9611
vt 0.3388 0.9620
vt 0.3294 0.9736
vt 0.3394 0.9725
vt 0.3388 0.9620
vt 0.3290 0.9630
vt 0.3188 0.9640
vt 0.3084 0.9756
vt 0.3190 0.9747
vt 0.3188 0.9640
vt 0.3083 0.9648
vt 0.2976 0.9656
vt 0.2873 0.9769
vt 0.2976 0.9764
vt 0.2976 0.9656
vt 0.2876 0.9664
vt 0.2782 0.9673
vt 0.2697 0.9780
vt 0.2775 0.9776
vt 0.2782 0.9673
vt 0.2696 0.9684
vt 0.2616 0.9691
vt 0.2546 0.9796
vt 0.2621 0.9786
vt 0.2616 0.9691
vt 0.2541 0.9700
vt 0.2462 0.9702
vt 0.2377 0.9787
vt 0.2466 0.9794
vt 0.2462 0.9702
vt 0.2376 0.9698
vt 0.2285 0.9692
vt 0.2283 0.9780
vt 0.2377 0.9787
vt 0.2183 0.9772
vt 0.2189 0.9587
vt 0.2187 0.9683
vt 0.2285 0.9692
vt 0.2285 0.9596
vt 0.2189 0.9587
vt 0.2077 0.9570
vt 0.2076 0.9669
vt 0.1953 0.9649
vt 0.1957 0.9551
vt 0.1828 0.9628
vt 0.1836 0.9531
vt 0.1713 0.9509
vt 0.1704 0.9605
vt 0.1828 0.9628
vt 0.1692 0.9701
vt 0.1581 0.9580
vt 0.1569 0.9677
vt 0.1692 0.9701
vt 0.1818 0.9723
vt 0.1947 0.9743
vt 0.1953 0.9649
vt 0.1947 0.9743
vt 0.2072 0.9759
vt 0.1447 0.9652
vt 0.1472 0.9455
vt 0.1462 0.9554
vt 0.1581 0.9580
vt 0.1591 0.9483
vt 0.1346 0.9528
vt 0.1358 0.9427
vt 0.1251 0.9404
vt 0.1236 0.9504
vt 0.1346 0.9528
vt 0.1214 0.9602
vt 0.1329 0.9627
vt 0.1115 0.9581
vt 0.1151 0.9388
vt 0.1135 0.9485
vt 0.1236 0.9504
vt 0.1038 0.9471
vt 0.1054 0.9379
vt 0.1021 0.9566
vt 0.0930 0.9555
vt 0.0959 0.9367
vt 0.0945 0.9456
vt 0.0865 0.9351
vt 0.0857 0.9440
vt 0.0846 0.9548
vt 0.0763 0.9543
vt 0.0773 0.9365
vt 0.0771 0.9439
vt 0.0773 0.9365
vt 0.0679 0.9390
vt 0.0596 0.9481
vt 0.0682 0.9460
vt 0.0679 0.9390
vt 0.0592 0.9412
vt 0.0511 0.9576
vt 0.0597 0.9563
vt 0.0596 0.9481
vt 0.0509 0.9500
vt 0.0422 0.9514
vt 0.0419 0.9582
vt 0.0422 0.9514
vt 0.0330 0.9516
vt 0.0232 0.9567
vt 0.0324 0.9580
vt 0.0330 0.9516
vt 0.0242 0.9508
vt 0.0250 0.9458
vt 0.0334 0.9462
vt 0.0420 0.9455
vt 0.0509 0.9500
vt 0.0506 0.9436
vt 0.0420 0.9455
vt 0.0680 0.9551
vt 0.0763 0.9543
vt 0.0930 0.9555
vt 0.1115 0.9581
vt 0.1447 0.9652
vt 0.2187 0.9683
vt 0.2183 0.9772
vt 0.2285 0.9692
vt 0.2376 0.9698
vt 0.2376 0.9601
vt 0.2463 0.9602
vt 0.2542 0.9597
vt 0.2463 0.9602
vt 0.2462 0.9702
vt 0.2620 0.9587
vt 0.2542 0.9597
vt 0.2541 0.9700
vt 0.2702 0.9576
vt 0.2620 0.9587
vt 0.2616 0.9691
vt 0.2791 0.9565
vt 0.2702 0.9576
vt 0.2696 0.9684
vt 0.2883 0.9556
vt 0.2791 0.9565
vt 0.2782 0.9673
vt 0.2983 0.9548
vt 0.2883 0.9556
vt 0.2876 0.9664
vt 0.3086 0.9541
vt 0.2983 0.9548
vt 0.2976 0.9656
vt 0.3189 0.9534
vt 0.3086 0.9541
vt 0.3083 0.9648
vt 0.3290 0.9526
vt 0.3189 0.9534
vt 0.3188 0.9640
vt 0.3389 0.9517
vt 0.3290 0.9526
vt 0.3290 0.9630
vt 0.3484 0.9611
vt 0.3486 0.9509
vt 0.3389 0.9517
vt 0.3993 0.9682
vt 0.4074 0.9691
vt 0.4084 0.9605
vt 0.4002 0.9591
vt 0.4099 0.9530
vt 0.4018 0.9512
vt 0.4002 0.9591
vt 0.3935 0.9497
vt 0.3921 0.9582
vt 0.4002 0.9591
vt 0.4180 0.9550
vt 0.4099 0.9530
vt 0.4084 0.9605
vt 0.4157 0.9701
vt 0.4167 0.9617
vt 0.4084 0.9605
vt 0.4253 0.9637
vt 0.4243 0.9711
vt 0.4335 0.9724
vt 0.4343 0.9657
vt 0.4253 0.9637
vt 0.4353 0.9597
vt 0.4266 0.9575
vt 0.4253 0.9637
vt 0.4440 0.9618
vt 0.4353 0.9597
vt 0.4343 0.9657
vt 0.4433 0.9673
vt 0.4429 0.9733
vt 0.4522 0.9736
vt 0.4522 0.9677
vt 0.4433 0.9673
vt 0.4522 0.9677
vt 0.4524 0.9626
vt 0.4440 0.9618
vt 0.4180 0.9550
vt 0.1178 0.9032
vt 0.1175 0.9131
vt 0.1265 0.9148
vt 0.1269 0.9048
vt 0.1178 0.9032
vt 0.1089 0.9020
vt 0.1089 0.9117
vt 0.1006 0.9107
vt 0.1003 0.9013
vt 0.1002 0.9206
vt 0.1083 0.9217
vt 0.1083 0.9217
vt 0.1166 0.9231
vt 0.1175 0.9131
vt 0.1254 0.9248
vt 0.1344 0.9266
vt 0.1357 0.9164
vt 0.1265 0.9148
vt 0.1452 0.9180
vt 0.1437 0.9285
vt 0.1536 0.9303
vt 0.1549 0.9198
vt 0.1452 0.9180
vt 0.1458 0.9078
vt 0.1363 0.9062
vt 0.1549 0.9198
vt 0.1557 0.9094
vt 0.1458 0.9078
vt 0.1650 0.9216
vt 0.1744 0.9339
vt 0.1754 0.9232
vt 0.1650 0.9216
vt 0.1639 0.9322
vt 0.1744 0.9339
vt 0.1851 0.9356
vt 0.1859 0.9249
vt 0.1954 0.9370
vt 0.1959 0.9265
vt 0.1859 0.9249
vt 0.1759 0.9125
vt 0.1754 0.9232
vt 0.1859 0.9249
vt 0.1861 0.9140
vt 0.1657 0.9110
vt 0.1959 0.9265
vt 0.1960 0.9156
vt 0.1861 0.9140
vt 0.2051 0.9281
vt 0.2128 0.9395
vt 0.2136 0.9298
vt 0.2051 0.9281
vt 0.2051 0.9384
vt 0.2128 0.9395
vt 0.2203 0.9407
vt 0.2216 0.9312
vt 0.2277 0.9422
vt 0.2290 0.9327
vt 0.2216 0.9312
vt 0.2139 0.9190
vt 0.2136 0.9298
vt 0.2216 0.9312
vt 0.2220 0.9209
vt 0.2051 0.9173
vt 0.2290 0.9327
vt 0.2297 0.9225
vt 0.2220 0.9209
vt 0.2368 0.9335
vt 0.2447 0.9426
vt 0.2454 0.9337
vt 0.2368 0.9335
vt 0.2357 0.9426
vt 0.2546 0.9339
vt 0.2540 0.9427
vt 0.2650 0.9242
vt 0.2554 0.9243
vt 0.2546 0.9339
vt 0.2644 0.9338
vt 0.2756 0.9333
vt 0.2762 0.9235
vt 0.2880 0.9323
vt 0.2884 0.9225
vt 0.2762 0.9235
vt 0.3006 0.9311
vt 0.3006 0.9215
vt 0.2884 0.9225
vt 0.3130 0.9202
vt 0.3132 0.9298
vt 0.3256 0.9283
vt 0.3254 0.9186
vt 0.3130 0.9202
vt 0.3375 0.9167
vt 0.3377 0.9267
vt 0.3495 0.9250
vt 0.3490 0.9149
vt 0.3375 0.9167
vt 0.3599 0.9135
vt 0.3607 0.9235
vt 0.3700 0.9127
vt 0.3709 0.9224
vt 0.3806 0.9218
vt 0.3797 0.9126
vt 0.3893 0.9120
vt 0.3816 0.9314
vt 0.3721 0.9322
vt 0.3620 0.9335
vt 0.3504 0.9350
vt 0.3384 0.9366
vt 0.3256 0.9283
vt 0.3261 0.9381
vt 0.3384 0.9366
vt 0.3136 0.9395
vt 0.3006 0.9311
vt 0.3008 0.9407
vt 0.3136 0.9395
vt 0.2879 0.9417
vt 0.2752 0.9423
vt 0.2879 0.9417
vt 0.2880 0.9323
vt 0.2644 0.9338
vt 0.2641 0.9427
vt 0.2752 0.9423
vt 0.3900 0.9211
vt 0.3988 0.9112
vt 0.3907 0.9311
vt 0.3989 0.9202
vt 0.4079 0.9133
vt 0.3992 0.9310
vt 0.4075 0.9208
vt 0.4170 0.9166
vt 0.4162 0.9236
vt 0.4246 0.9264
vt 0.4254 0.9194
vt 0.4170 0.9166
vt 0.4339 0.9225
vt 0.4323 0.9363
vt 0.4330 0.9288
vt 0.4246 0.9264
vt 0.4239 0.9345
vt 0.4323 0.9363
vt 0.4414 0.9376
vt 0.4416 0.9308
vt 0.4508 0.9318
vt 0.4509 0.9382
vt 0.4602 0.9378
vt 0.4598 0.9317
vt 0.4508 0.9318
vt 0.4594 0.9266
vt 0.4508 0.9264
vt 0.4423 0.9249
vt 0.4157 0.9326
vt 0.4075 0.9208
vt 0.4075 0.9312
vt 0.4157 0.9326
vt 0.4423 0.9249
vt 0.0844 0.9194
vt 0.0842 0.9103
vt 0.0760 0.9111
vt 0.0763 0.9197
vt 0.0844 0.9194
vt 0.0923 0.9198
vt 0.0924 0.9101
vt 0.0832 0.9023
vt 0.0842 0.9103
vt 0.0924 0.9101
vt 0.0917 0.9014
vt 0.0750 0.9035
vt 0.0760 0.9111
vt 0.0750 0.9035
vt 0.0668 0.9048
vt 0.0676 0.9117
vt 0.0668 0.9048
vt 0.0582 0.9067
vt 0.0590 0.9129
vt 0.0582 0.9067
vt 0.0494 0.9082
vt 0.0499 0.9142
vt 0.0494 0.9082
vt 0.0405 0.9095
vt 0.0407 0.9150
vt 0.0501 0.9208
vt 0.0408 0.9210
vt 0.0501 0.9208
vt 0.0593 0.9203
vt 0.0590 0.9129
vt 0.0680 0.9201
vt 0.0676 0.9117
vt 0.0590 0.9129
vt 0.0315 0.9209
vt 0.0318 0.9148
vt 0.0405 0.9095
vt 0.0319 0.9097
vt 0.0318 0.9148
vt 0.1003 0.9013
vt 0.2463 0.9241
vt 0.2454 0.9337
vt 0.2463 0.9241
vt 0.2376 0.9236
vt 0.2641 0.9427
vt 0.2277 0.9422
vt 0.1954 0.9370
vt 0.1536 0.9303
vt 0.3460 0.8044
vt 0.3587 0.8030
vt 0.3595 0.7926
vt 0.3464 0.7938
vt 0.3334 0.7949
vt 0.3335 0.8054
vt 0.3210 0.8061
vt 0.3465 0.7835
vt 0.3334 0.7846
vt 0.3206 0.7955
vt 0.3088 0.8067
vt 0.3204 0.7853
vt 0.3082 0.7958
vt 0.3204 0.7853
vt 0.3334 0.7846
vt 0.3335 0.7743
vt 0.3207 0.7752
vt 0.3075 0.7855
vt 0.3088 0.8067
vt 0.3082 0.7958
vt 0.2962 0.7966
vt 0.2968 0.8075
vt 0.2849 0.8085
vt 0.3075 0.7855
vt 0.2950 0.7859
vt 0.2962 0.7966
vt 0.2841 0.7976
vt 0.2723 0.7984
vt 0.2730 0.8093
vt 0.2849 0.8085
vt 0.2611 0.8099
vt 0.2831 0.7870
vt 0.2714 0.7874
vt 0.2723 0.7984
vt 0.2606 0.7989
vt 0.2720 0.7767
vt 0.2831 0.7870
vt 0.2950 0.7859
vt 0.2953 0.7757
vt 0.3079 0.7754
vt 0.2962 0.7658
vt 0.3079 0.7754
vt 0.3207 0.7752
vt 0.3213 0.7647
vt 0.3089 0.7652
vt 0.3335 0.7639
vt 0.3335 0.7639
vt 0.3335 0.7743
vt 0.3464 0.7732
vt 0.3461 0.7627
vt 0.3590 0.7615
vt 0.3596 0.7720
vt 0.3729 0.7710
vt 0.3721 0.7603
vt 0.3590 0.7615
vt 0.3863 0.7697
vt 0.3854 0.7590
vt 0.3721 0.7603
vt 0.3997 0.7684
vt 0.3988 0.7575
vt 0.3854 0.7590
vt 0.4130 0.7676
vt 0.4120 0.7562
vt 0.3988 0.7575
vt 0.4256 0.7671
vt 0.4246 0.7552
vt 0.4120 0.7562
vt 0.4366 0.7541
vt 0.4382 0.7795
vt 0.4375 0.7666
vt 0.4256 0.7671
vt 0.4263 0.7793
vt 0.4496 0.7928
vt 0.4493 0.7791
vt 0.4382 0.7795
vt 0.4384 0.7924
vt 0.4592 0.8061
vt 0.4602 0.7916
vt 0.4496 0.7928
vt 0.4483 0.8071
vt 0.4592 0.8061
vt 0.4704 0.8037
vt 0.4715 0.7897
vt 0.4720 0.7765
vt 0.4715 0.7897
vt 0.4832 0.7876
vt 0.4843 0.7747
vt 0.4603 0.7648
vt 0.4603 0.7780
vt 0.4720 0.7765
vt 0.4722 0.7635
vt 0.4489 0.7659
vt 0.4603 0.7648
vt 0.4599 0.7519
vt 0.4483 0.7530
vt 0.4716 0.7507
vt 0.4846 0.7618
vt 0.4838 0.7489
vt 0.4716 0.7507
vt 0.4704 0.8037
vt 0.4819 0.8012
vt 0.4832 0.7876
vt 0.4365 0.8049
vt 0.4240 0.8026
vt 0.4365 0.8049
vt 0.4384 0.7924
vt 0.4261 0.7911
vt 0.4132 0.7901
vt 0.4261 0.7911
vt 0.4263 0.7793
vt 0.4136 0.7789
vt 0.4004 0.7793
vt 0.4136 0.7789
vt 0.4130 0.7676
vt 0.3870 0.7803
vt 0.4004 0.7793
vt 0.3997 0.7684
vt 0.4004 0.7793
vt 0.4002 0.7900
vt 0.4132 0.7901
vt 0.4132 0.7901
vt 0.4112 0.8015
vt 0.4240 0.8026
vt 0.3982 0.8011
vt 0.3847 0.8013
vt 0.3982 0.8011
vt 0.4002 0.7900
vt 0.3870 0.7907
vt 0.3732 0.7914
vt 0.3715 0.8019
vt 0.3847 0.8013
vt 0.3599 0.7824
vt 0.3595 0.7926
vt 0.3732 0.7914
vt 0.3735 0.7814
vt 0.3587 0.8030
vt 0.3870 0.7803
vt 0.4603 0.7780
vt 0.4846 0.7618
vt 0.4366 0.7541
vt 0.3729 0.7710
vt 0.2962 0.7658
vt 0.2837 0.7662
vt 0.2834 0.7763
vt 0.2837 0.7662
vt 0.2721 0.7662
vt 0.2720 0.7767
vt 0.2720 0.7767
vt 0.2607 0.7766
vt 0.2602 0.7876
vt 0.2492 0.7765
vt 0.2492 0.7875
vt 0.2602 0.7876
vt 0.2492 0.7875
vt 0.2492 0.7989
vt 0.2606 0.7989
vt 0.2492 0.7989
vt 0.2492 0.8100
vt 0.2611 0.8099
vt 0.2374 0.8099
vt 0.2379 0.7989
vt 0.2383 0.7876
vt 0.2492 0.7660
vt 0.2492 0.7765
vt 0.2607 0.7766
vt 0.2607 0.7662
vt 0.2492 0.7660
vt 0.2378 0.7662
vt 0.2378 0.7766
vt 0.2383 0.7876
vt 0.2378 0.7766
vt 0.2265 0.7767
vt 0.2154 0.7870
vt 0.2271 0.7874
vt 0.2265 0.7767
vt 0.2151 0.7763
vt 0.2023 0.7966
vt 0.2144 0.7976
vt 0.2154 0.7870
vt 0.2034 0.7859
vt 0.1897 0.8067
vt 0.2017 0.8075
vt 0.2023 0.7966
vt 0.1903 0.7958
vt 0.1779 0.7955
vt 0.1775 0.8061
vt 0.1779 0.7955
vt 0.1651 0.7949
vt 0.1524 0.8044
vt 0.1650 0.8054
vt 0.1651 0.7949
vt 0.1521 0.7938
vt 0.1390 0.7926
vt 0.1398 0.8030
vt 0.1253 0.7914
vt 0.1270 0.8019
vt 0.1398 0.8030
vt 0.1138 0.8013
vt 0.1386 0.7824
vt 0.1250 0.7814
vt 0.1253 0.7914
vt 0.1114 0.7803
vt 0.1115 0.7907
vt 0.1138 0.8013
vt 0.1115 0.7907
vt 0.0982 0.7900
vt 0.1003 0.8011
vt 0.0852 0.7901
vt 0.0873 0.8015
vt 0.1003 0.8011
vt 0.0744 0.8027
vt 0.0981 0.7793
vt 0.0849 0.7789
vt 0.0852 0.7901
vt 0.0721 0.7793
vt 0.0724 0.7911
vt 0.0721 0.7793
vt 0.0603 0.7795
vt 0.0489 0.7928
vt 0.0600 0.7924
vt 0.0603 0.7795
vt 0.0492 0.7791
vt 0.0393 0.8061
vt 0.0501 0.8071
vt 0.0489 0.7928
vt 0.0383 0.7916
vt 0.0270 0.7897
vt 0.0281 0.8037
vt 0.0152 0.7877
vt 0.0166 0.8012
vt 0.0281 0.8037
vt 0.0265 0.7765
vt 0.0142 0.7747
vt 0.0152 0.7877
vt 0.0139 0.7618
vt 0.0381 0.7648
vt 0.0263 0.7635
vt 0.0265 0.7765
vt 0.0381 0.7780
vt 0.0386 0.7519
vt 0.0381 0.7648
vt 0.0496 0.7659
vt 0.0603 0.7795
vt 0.0610 0.7666
vt 0.0496 0.7659
vt 0.0502 0.7530
vt 0.0269 0.7507
vt 0.0269 0.7507
vt 0.0147 0.7489
vt 0.0139 0.7618
vt 0.0619 0.7541
vt 0.0729 0.7671
vt 0.0739 0.7552
vt 0.0619 0.7541
vt 0.0865 0.7562
vt 0.0849 0.7789
vt 0.0855 0.7676
vt 0.0729 0.7671
vt 0.0981 0.7793
vt 0.0988 0.7684
vt 0.0855 0.7676
vt 0.0997 0.7575
vt 0.1130 0.7590
vt 0.1114 0.7803
vt 0.1122 0.7697
vt 0.0988 0.7684
vt 0.1250 0.7814
vt 0.1256 0.7710
vt 0.1122 0.7697
vt 0.1263 0.7603
vt 0.1395 0.7615
vt 0.1386 0.7824
vt 0.1388 0.7720
vt 0.1256 0.7710
vt 0.1395 0.7615
vt 0.1388 0.7720
vt 0.1520 0.7732
vt 0.1650 0.7639
vt 0.1524 0.7627
vt 0.1520 0.7732
vt 0.1650 0.7743
vt 0.1778 0.7752
vt 0.1781 0.7853
vt 0.1651 0.7846
vt 0.1903 0.7958
vt 0.1910 0.7855
vt 0.1781 0.7853
vt 0.1906 0.7754
vt 0.1906 0.7754
vt 0.1896 0.7652
vt 0.1772 0.7647
vt 0.2022 0.7658
vt 0.2034 0.7859
vt 0.2032 0.7757
vt 0.1906 0.7754
vt 0.2151 0.7763
vt 0.2147 0.7662
vt 0.2022 0.7658
vt 0.2265 0.7767
vt 0.2264 0.7662
vt 0.2147 0.7662
vt 0.1651 0.7949
vt 0.1651 0.7846
vt 0.1520 0.7835
vt 0.2378 0.7662
vt 0.2032 0.7757
vt 0.2262 0.7984
vt 0.2136 0.8085
vt 0.2255 0.8093
vt 0.1910 0.7855
vt 0.2374 0.8099
vt 0.2379 0.7989
vt 0.2834 0.7763
vt 0.2394 0.8730
vt 0.2394 0.8608
vt 0.2236 0.8609
vt 0.2239 0.8731
vt 0.2394 0.8730
vt 0.2549 0.8731
vt 0.2552 0.8609
vt 0.2394 0.8608
vt 0.2552 0.8609
vt 0.2554 0.8487
vt 0.2394 0.8487
vt 0.2234 0.8487
vt 0.2233 0.8365
vt 0.2394 0.8363
vt 0.2229 0.8243
vt 0.2394 0.8239
vt 0.2070 0.8374
vt 0.2064 0.8253
vt 0.1914 0.8509
vt 0.2074 0.8495
vt 0.2070 0.8374
vt 0.1907 0.8387
vt 0.1746 0.8404
vt 0.1754 0.8524
vt 0.1914 0.8509
vt 0.1914 0.8509
vt 0.1920 0.8628
vt 0.2079 0.8616
vt 0.2079 0.8616
vt 0.2083 0.8736
vt 0.2239 0.8731
vt 0.1925 0.8746
vt 0.1765 0.8760
vt 0.1925 0.8746
vt 0.1920 0.8628
vt 0.1760 0.8643
vt 0.1599 0.8661
vt 0.1603 0.8776
vt 0.1441 0.8795
vt 0.1754 0.8524
vt 0.1594 0.8542
vt 0.1599 0.8661
vt 0.1438 0.8681
vt 0.1276 0.8818
vt 0.1275 0.8705
vt 0.1113 0.8731
vt 0.1111 0.8844
vt 0.1276 0.8818
vt 0.0949 0.8871
vt 0.0957 0.8640
vt 0.0955 0.8755
vt 0.1113 0.8731
vt 0.1113 0.8616
vt 0.0803 0.8545
vt 0.0805 0.8661
vt 0.0957 0.8640
vt 0.0954 0.8525
vt 0.0659 0.8563
vt 0.0803 0.8545
vt 0.0796 0.8431
vt 0.0655 0.8444
vt 0.0519 0.8700
vt 0.0659 0.8681
vt 0.0659 0.8563
vt 0.0520 0.8577
vt 0.0655 0.8803
vt 0.0516 0.8825
vt 0.0794 0.8898
vt 0.0802 0.8778
vt 0.0655 0.8803
vt 0.0645 0.8926
vt 0.0506 0.8955
vt 0.0375 0.8981
vt 0.0506 0.8955
vt 0.0516 0.8825
vt 0.0385 0.8846
vt 0.0262 0.8864
vt 0.0253 0.9002
vt 0.0375 0.8981
vt 0.0262 0.8864
vt 0.0385 0.8846
vt 0.0388 0.8715
vt 0.0262 0.8730
vt 0.0388 0.8587
vt 0.0261 0.8596
vt 0.0262 0.8730
vt 0.0264 0.8461
vt 0.0388 0.8587
vt 0.0520 0.8577
vt 0.0519 0.8454
vt 0.0390 0.8460
vt 0.0944 0.8412
vt 0.1108 0.8502
vt 0.1097 0.8389
vt 0.0944 0.8412
vt 0.1267 0.8476
vt 0.1253 0.8362
vt 0.1097 0.8389
vt 0.1413 0.8332
vt 0.1434 0.8566
vt 0.1426 0.8448
vt 0.1267 0.8476
vt 0.1273 0.8590
vt 0.1434 0.8566
vt 0.1594 0.8542
vt 0.1586 0.8424
vt 0.1586 0.8424
vt 0.1746 0.8404
vt 0.1734 0.8284
vt 0.1573 0.8305
vt 0.1898 0.8268
vt 0.1413 0.8332
vt 0.1426 0.8448
vt 0.1113 0.8616
vt 0.1275 0.8705
vt 0.2236 0.8609
vt 0.2709 0.8616
vt 0.2874 0.8509
vt 0.2714 0.8495
vt 0.2709 0.8616
vt 0.2868 0.8628
vt 0.3042 0.8404
vt 0.2881 0.8387
vt 0.2874 0.8509
vt 0.3034 0.8524
vt 0.3053 0.8284
vt 0.3042 0.8404
vt 0.3202 0.8424
vt 0.3354 0.8566
vt 0.3362 0.8448
vt 0.3202 0.8424
vt 0.3194 0.8542
vt 0.3188 0.8661
vt 0.3350 0.8681
vt 0.3354 0.8566
vt 0.3513 0.8705
vt 0.3516 0.8590
vt 0.3513 0.8705
vt 0.3675 0.8731
vt 0.3831 0.8640
vt 0.3675 0.8616
vt 0.3675 0.8731
vt 0.3833 0.8755
vt 0.3985 0.8545
vt 0.3834 0.8525
vt 0.3831 0.8640
vt 0.3983 0.8661
vt 0.3992 0.8431
vt 0.3985 0.8545
vt 0.4129 0.8563
vt 0.4269 0.8700
vt 0.4268 0.8577
vt 0.4129 0.8563
vt 0.4129 0.8681
vt 0.4133 0.8803
vt 0.4272 0.8825
vt 0.4269 0.8700
vt 0.4403 0.8846
vt 0.4400 0.8715
vt 0.4403 0.8846
vt 0.4526 0.8864
vt 0.4527 0.8730
vt 0.4269 0.8700
vt 0.4400 0.8715
vt 0.4400 0.8587
vt 0.4400 0.8587
vt 0.4398 0.8460
vt 0.4269 0.8454
vt 0.4269 0.8454
vt 0.4134 0.8444
vt 0.4129 0.8563
vt 0.4524 0.8461
vt 0.4527 0.8730
vt 0.4527 0.8596
vt 0.4400 0.8587
vt 0.4413 0.8981
vt 0.4534 0.9002
vt 0.4272 0.8825
vt 0.4282 0.8955
vt 0.4413 0.8981
vt 0.4133 0.8803
vt 0.4142 0.8926
vt 0.4282 0.8955
vt 0.3994 0.8898
vt 0.3986 0.8778
vt 0.3833 0.8755
vt 0.3838 0.8871
vt 0.3994 0.8898
vt 0.3675 0.8731
vt 0.3677 0.8844
vt 0.3838 0.8871
vt 0.3512 0.8818
vt 0.3350 0.8681
vt 0.3347 0.8795
vt 0.3512 0.8818
vt 0.3188 0.8661
vt 0.3185 0.8776
vt 0.3347 0.8795
vt 0.3023 0.8760
vt 0.3028 0.8643
vt 0.2868 0.8628
vt 0.2863 0.8746
vt 0.3023 0.8760
vt 0.2709 0.8616
vt 0.2705 0.8736
vt 0.2863 0.8746
vt 0.2549 0.8731
vt 0.3679 0.8502
vt 0.3675 0.8616
vt 0.3679 0.8502
vt 0.3521 0.8476
vt 0.3521 0.8476
vt 0.3535 0.8362
vt 0.3375 0.8332
vt 0.3375 0.8332
vt 0.3215 0.8305
vt 0.3202 0.8424
vt 0.3691 0.8389
vt 0.3844 0.8412
vt 0.3691 0.8389
vt 0.3679 0.8502
vt 0.2890 0.8268
vt 0.2718 0.8374
vt 0.2881 0.8387
vt 0.2890 0.8268
vt 0.2724 0.8253
vt 0.2714 0.8495
vt 0.2718 0.8374
vt 0.2555 0.8365
vt 0.2394 0.8363
vt 0.2555 0.8365
vt 0.2558 0.8243
vt 0.2558 0.8243
vt 0.0794 0.8898
vt 0.0949 0.8871
vt 0.0955 0.8755
vt 0.0519 0.8454
vt 0.1781 0.7853
vt 0.1130 0.7590
vt 0.0865 0.7562
vt 0.0600 0.7924
vt 0.0619 0.8049
vt 0.0744 0.8027
vt 0.0381 0.7780
vt 0.2204 0.6280
vt 0.2204 0.6365
vt 0.2311 0.6366
vt 0.2313 0.6281
vt 0.2204 0.6280
vt 0.2094 0.6281
vt 0.2095 0.6366
vt 0.2204 0.6365
vt 0.2095 0.6366
vt 0.2096 0.6411
vt 0.2204 0.6410
vt 0.2311 0.6411
vt 0.2311 0.6411
vt 0.2416 0.6413
vt 0.2418 0.6369
vt 0.2525 0.6377
vt 0.2519 0.6421
vt 0.2628 0.6392
vt 0.2618 0.6436
vt 0.2728 0.6417
vt 0.2712 0.6461
vt 0.2821 0.6451
vt 0.2798 0.6494
vt 0.2907 0.6504
vt 0.2875 0.6538
vt 0.2990 0.6583
vt 0.2960 0.6614
vt 0.3066 0.6680
vt 0.3036 0.6705
vt 0.3135 0.6779
vt 0.3104 0.6805
vt 0.3200 0.6866
vt 0.3168 0.6892
vt 0.3195 0.6732
vt 0.3264 0.6829
vt 0.3124 0.6632
vt 0.3124 0.6632
vt 0.3047 0.6525
vt 0.2990 0.6583
vt 0.2965 0.6429
vt 0.2907 0.6504
vt 0.2965 0.6429
vt 0.2859 0.6368
vt 0.2821 0.6451
vt 0.2859 0.6368
vt 0.2752 0.6331
vt 0.2728 0.6417
vt 0.2752 0.6331
vt 0.2642 0.6307
vt 0.2628 0.6392
vt 0.2642 0.6307
vt 0.2532 0.6293
vt 0.2532 0.6293
vt 0.2422 0.6285
vt 0.2418 0.6369
vt 0.2311 0.6366
vt 0.1988 0.6369
vt 0.1991 0.6413
vt 0.1882 0.6377
vt 0.1888 0.6421
vt 0.1780 0.6392
vt 0.1789 0.6436
vt 0.1679 0.6417
vt 0.1695 0.6461
vt 0.1586 0.6451
vt 0.1609 0.6494
vt 0.1500 0.6504
vt 0.1532 0.6538
vt 0.1417 0.6583
vt 0.1447 0.6614
vt 0.1341 0.6680
vt 0.1370 0.6705
vt 0.1272 0.6779
vt 0.1302 0.6805
vt 0.1207 0.6866
vt 0.1238 0.6892
vt 0.1212 0.6732
vt 0.1143 0.6829
vt 0.1207 0.6866
vt 0.1283 0.6632
vt 0.1212 0.6732
vt 0.1272 0.6779
vt 0.1417 0.6583
vt 0.1359 0.6525
vt 0.1283 0.6632
vt 0.1442 0.6429
vt 0.1548 0.6368
vt 0.1442 0.6429
vt 0.1500 0.6504
vt 0.1655 0.6331
vt 0.1548 0.6368
vt 0.1586 0.6451
vt 0.1765 0.6307
vt 0.1655 0.6331
vt 0.1679 0.6417
vt 0.1875 0.6293
vt 0.1765 0.6307
vt 0.1780 0.6392
vt 0.1988 0.6369
vt 0.1985 0.6285
vt 0.1875 0.6293
vt 0.1315 0.7215
vt 0.1382 0.7136
vt 0.1347 0.7104
vt 0.1282 0.7189
vt 0.1219 0.7149
vt 0.1409 0.7022
vt 0.1445 0.7057
vt 0.1472 0.6941
vt 0.1508 0.6982
vt 0.1537 0.6868
vt 0.1574 0.6915
vt 0.1605 0.6803
vt 0.1642 0.6854
vt 0.1673 0.6747
vt 0.1714 0.6801
vt 0.1741 0.6700
vt 0.1775 0.6762
vt 0.1808 0.6662
vt 0.1838 0.6729
vt 0.1877 0.6632
vt 0.1902 0.6701
vt 0.1946 0.6610
vt 0.1966 0.6679
vt 0.2018 0.6594
vt 0.2034 0.6663
vt 0.2090 0.6583
vt 0.2101 0.6651
vt 0.2163 0.6578
vt 0.2169 0.6644
vt 0.2236 0.6578
vt 0.2236 0.6640
vt 0.2236 0.6578
vt 0.2236 0.6460
vt 0.2155 0.6460
vt 0.2163 0.6578
vt 0.2155 0.6460
vt 0.2073 0.6463
vt 0.2090 0.6583
vt 0.2073 0.6463
vt 0.1991 0.6471
vt 0.2018 0.6594
vt 0.1991 0.6471
vt 0.1908 0.6484
vt 0.1946 0.6610
vt 0.1908 0.6484
vt 0.1828 0.6504
vt 0.1877 0.6632
vt 0.1828 0.6504
vt 0.1753 0.6534
vt 0.1808 0.6662
vt 0.1753 0.6534
vt 0.1678 0.6578
vt 0.1741 0.6700
vt 0.1678 0.6578
vt 0.1606 0.6634
vt 0.1673 0.6747
vt 0.1606 0.6634
vt 0.1534 0.6704
vt 0.1605 0.6803
vt 0.1534 0.6704
vt 0.1466 0.6782
vt 0.1537 0.6868
vt 0.1466 0.6782
vt 0.1401 0.6866
vt 0.1401 0.6866
vt 0.1339 0.6958
vt 0.1409 0.7022
vt 0.1339 0.6958
vt 0.1278 0.7054
vt 0.1347 0.7104
vt 0.2318 0.6460
vt 0.2303 0.6644
vt 0.2310 0.6578
vt 0.2236 0.6578
vt 0.2371 0.6651
vt 0.2382 0.6583
vt 0.2310 0.6578
vt 0.2400 0.6463
vt 0.2318 0.6460
vt 0.2310 0.6578
vt 0.2482 0.6471
vt 0.2400 0.6463
vt 0.2382 0.6583
vt 0.2438 0.6663
vt 0.2454 0.6594
vt 0.2382 0.6583
vt 0.2506 0.6679
vt 0.2526 0.6610
vt 0.2454 0.6594
vt 0.2564 0.6484
vt 0.2482 0.6471
vt 0.2454 0.6594
vt 0.2644 0.6504
vt 0.2564 0.6484
vt 0.2526 0.6610
vt 0.2570 0.6701
vt 0.2595 0.6632
vt 0.2526 0.6610
vt 0.2634 0.6729
vt 0.2664 0.6662
vt 0.2595 0.6632
vt 0.2719 0.6534
vt 0.2644 0.6504
vt 0.2595 0.6632
vt 0.2794 0.6578
vt 0.2719 0.6534
vt 0.2664 0.6662
vt 0.2697 0.6762
vt 0.2731 0.6700
vt 0.2664 0.6662
vt 0.2758 0.6801
vt 0.2799 0.6747
vt 0.2731 0.6700
vt 0.2866 0.6634
vt 0.2794 0.6578
vt 0.2731 0.6700
vt 0.2938 0.6704
vt 0.2866 0.6634
vt 0.2799 0.6747
vt 0.2831 0.6854
vt 0.2868 0.6803
vt 0.2799 0.6747
vt 0.2899 0.6915
vt 0.2935 0.6868
vt 0.2868 0.6803
vt 0.3006 0.6782
vt 0.2938 0.6704
vt 0.2868 0.6803
vt 0.3071 0.6866
vt 0.3006 0.6782
vt 0.2935 0.6868
vt 0.2964 0.6982
vt 0.3000 0.6941
vt 0.2935 0.6868
vt 0.3027 0.7057
vt 0.3063 0.7022
vt 0.3000 0.6941
vt 0.3091 0.7136
vt 0.3125 0.7104
vt 0.3063 0.7022
vt 0.3063 0.7022
vt 0.3133 0.6958
vt 0.3071 0.6866
vt 0.3125 0.7104
vt 0.3194 0.7054
vt 0.3133 0.6958
vt 0.3253 0.7149
vt 0.3157 0.7215
vt 0.3190 0.7189
vt 0.3125 0.7104
vt 0.9070 0.7689
f 1/1 2/2 3/3
f 3/3 4/4 1/1
f 1/5 5/6 6/7
f 7/8 8/9 6/10
f 9/11 6/10 8/9
f 10/12 8/9 7/8
f 11/13 7/14 12/15
f 13/16 14/17 12/18
f 12/18 15/19 13/16
f 16/20 1826/21 13/22
f 13/22 17/23 16/20
f 16/20 17/23 18/24
f 18/24 1821/25 16/20
f 19/26 1822/27 1821/28
f 20/29 1822/27 19/26
f 21/30 22/31 19/32
f 19/32 22/31 2407/33
f 2407/33 2389/34 19/32
f 23/35 2407/33 22/31
f 24/36 22/31 21/30
f 25/37 26/38 21/39
f 21/39 27/40 25/37
f 28/41 29/42 25/43
f 25/43 30/44 28/41
f 29/42 28/41 31/45
f 32/46 33/47 31/48
f 31/48 34/49 32/46
f 35/50 32/51 36/52
f 37/53 36/54 38/55
f 39/56 40/57 38/58
f 38/58 41/59 39/56
f 42/60 43/61 39/62
f 39/62 44/63 42/60
f 45/64 46/65 42/66
f 42/66 47/67 45/64
f 48/68 49/69 45/70
f 45/70 50/71 48/68
f 51/72 52/73 48/74
f 48/74 53/75 51/72
f 52/73 51/72 54/76
f 55/77 54/78 56/79
f 57/80 56/81 58/82
f 59/83 58/84 60/85
f 61/86 60/87 62/88
f 63/89 62/90 64/91
f 65/92 64/93 66/94
f 67/95 66/96 68/97
f 69/98 68/99 70/100
f 71/101 70/102 72/103
f 73/104 72/105 74/106
f 75/107 74/108 76/109
f 77/110 78/111 76/112
f 76/112 79/113 77/110
f 80/114 77/115 81/116
f 82/117 83/118 81/119
f 81/119 84/120 82/117
f 85/121 86/122 82/123
f 82/123 86/122 87/124
f 88/125 89/126 87/127
f 87/127 90/128 88/125
f 89/126 88/125 91/129
f 92/130 91/131 93/132
f 94/133 93/134 95/135
f 96/136 95/137 97/138
f 98/139 97/140 99/141
f 100/142 99/143 101/144
f 102/145 103/146 101/147
f 101/147 104/148 102/145
f 105/149 103/146 102/145
f 102/145 106/150 105/149
f 107/151 108/152 105/153
f 105/153 109/154 107/151
f 110/155 111/156 107/157
f 107/157 112/158 110/155
f 113/159 114/160 110/161
f 110/161 115/162 113/159
f 116/163 117/164 113/165
f 113/165 118/166 116/163
f 119/167 120/168 116/169
f 116/169 121/170 119/167
f 122/171 123/172 119/173
f 119/173 124/174 122/171
f 125/175 126/176 122/177
f 122/177 127/178 125/175
f 128/179 129/180 125/181
f 125/181 130/182 128/179
f 131/183 132/184 128/185
f 128/185 133/186 131/183
f 134/187 135/188 131/189
f 131/189 136/190 134/187
f 137/191 138/192 134/193
f 134/193 139/194 137/191
f 140/195 141/196 137/197
f 137/197 142/198 140/195
f 143/199 144/200 140/201
f 140/201 145/202 143/199
f 146/203 147/204 143/205
f 143/205 148/206 146/203
f 149/207 150/208 146/209
f 146/209 151/210 149/207
f 149/211 2657/212 152/213
f 153/214 152/213 2657/212
f 2657/212 154/215 153/214
f 2678/216 155/217 153/218
f 153/218 155/217 156/219
f 157/220 156/221 158/222
f 159/223 160/224 158/225
f 158/225 161/226 159/223
f 162/227 163/228 159/229
f 159/229 164/230 162/227
f 165/231 166/232 162/233
f 162/233 167/234 165/231
f 168/235 169/236 165/237
f 165/237 170/238 168/235
f 169/236 168/235 171/239
f 172/240 171/241 173/242
f 174/243 175/244 173/245
f 173/245 176/246 174/243
f 177/247 174/248 178/249
f 179/250 180/251 178/252
f 178/252 181/253 179/250
f 182/254 183/255 179/256
f 184/257 183/255 182/254
f 182/254 185/258 184/257
f 186/259 187/260 184/261
f 188/262 187/260 186/259
f 189/263 190/264 186/265
f 186/265 191/266 189/263
f 192/267 193/268 189/269
f 189/269 194/270 192/267
f 195/271 196/272 192/273
f 192/273 197/274 195/271
f 198/275 199/276 195/277
f 195/277 200/278 198/275
f 201/279 202/280 198/281
f 198/281 203/282 201/279
f 204/283 205/284 201/285
f 201/285 206/286 204/283
f 207/287 208/288 204/289
f 204/289 209/290 207/287
f 210/291 211/292 207/293
f 207/293 212/294 210/291
f 213/295 211/292 210/291
f 210/291 214/296 213/295
f 215/297 216/298 213/299
f 29/300 217/301 213/302
f 213/302 217/301 218/303
f 215/304 219/305 23/306
f 2408/307 219/305 215/304
f 210/308 220/309 2408/310
f 2243/311 220/309 210/308
f 2241/312 2243/313 212/314
f 221/315 212/294 207/293
f 2241/316 221/317 222/318
f 223/319 224/320 222/321
f 222/321 225/322 223/319
f 223/323 226/324 158/325
f 222/321 224/320 2679/326
f 2679/326 227/327 222/321
f 204/289 208/288 228/328
f 229/329 205/330 228/331
f 202/332 229/333 230/334
f 231/335 232/336 230/337
f 230/337 233/338 231/335
f 234/339 235/340 231/341
f 231/341 236/342 234/339
f 237/343 238/344 234/345
f 234/345 239/346 237/343
f 240/347 241/348 237/349
f 237/349 242/350 240/347
f 222/321 227/327 2241/316
f 212/294 221/315 2241/312
f 210/291 212/294 2243/311
f 222/318 221/317 209/351
f 207/287 209/290 221/315
f 209/351 225/322 222/318
f 225/322 209/351 204/289
f 204/289 206/286 225/322
f 223/319 225/322 206/286
f 228/331 205/330 204/289
f 206/286 226/324 223/319
f 226/324 206/286 201/285
f 201/285 205/284 229/329
f 201/285 203/282 226/324
f 229/333 202/332 201/285
f 158/325 226/324 203/282
f 203/282 161/226 158/325
f 161/226 203/282 198/281
f 158/325 156/221 223/323
f 223/323 156/221 155/217
f 155/217 224/320 223/323
f 224/320 155/217 2678/216
f 2678/216 2679/326 224/320
f 153/214 154/215 2678/216
f 153/352 157/353 243/354
f 243/355 244/356 150/357
f 245/358 244/356 243/355
f 160/359 246/360 243/361
f 245/362 247/363 147/364
f 248/365 247/363 245/362
f 163/366 249/367 245/368
f 248/369 250/370 144/371
f 251/372 250/370 248/369
f 166/373 252/374 248/375
f 251/376 253/377 141/378
f 254/379 253/377 251/376
f 255/380 254/381 173/382
f 173/242 171/241 256/383
f 182/384 256/385 257/386
f 257/386 256/385 171/241
f 141/378 250/370 251/376
f 171/241 168/235 257/386
f 250/370 141/378 140/195
f 140/195 142/198 258/387
f 145/388 258/389 259/390
f 260/391 261/392 259/393
f 259/393 262/394 260/391
f 260/395 263/396 148/397
f 3757/398 262/394 259/393
f 259/393 264/399 3757/398
f 265/400 266/401 3757/402
f 267/403 268/404 266/405
f 2585/406 268/404 267/403
f 269/407 270/408 267/409
f 267/409 271/410 269/407
f 272/411 273/412 269/413
f 269/413 274/414 272/411
f 275/415 276/416 272/417
f 272/417 277/418 275/415
f 278/419 279/420 275/421
f 275/421 280/422 278/419
f 281/423 282/424 278/425
f 278/425 283/426 281/423
f 284/427 285/428 281/429
f 281/429 286/430 284/427
f 287/431 288/432 284/433
f 284/433 289/434 287/431
f 290/435 291/436 287/437
f 287/437 292/438 290/435
f 293/439 294/440 290/441
f 290/441 295/442 293/439
f 296/443 297/444 293/445
f 293/445 298/446 296/443
f 299/447 300/448 296/449
f 296/449 301/450 299/447
f 299/447 301/450 302/451
f 303/452 302/451 301/450
f 301/450 304/453 303/452
f 305/454 306/455 303/456
f 109/457 307/458 303/459
f 303/459 307/458 308/460
f 308/461 309/462 3903/463
f 3811/464 309/462 308/461
f 106/465 310/466 308/467
f 3811/468 310/469 311/470
f 311/470 3813/471 3811/468
f 312/472 3814/473 3813/474
f 313/475 3814/473 312/472
f 312/476 104/477 314/478
f 315/479 316/480 314/481
f 314/481 317/482 315/479
f 316/480 315/479 3817/483
f 3817/483 315/479 318/484
f 318/484 319/485 3817/483
f 320/486 321/487 319/488
f 322/489 321/487 320/486
f 323/490 324/491 320/492
f 320/492 325/493 323/490
f 326/494 327/495 323/496
f 323/496 328/497 326/494
f 329/498 330/499 326/500
f 326/500 331/501 329/498
f 332/502 333/503 329/504
f 329/504 334/505 332/502
f 335/506 336/507 332/508
f 332/508 337/509 335/506
f 338/510 339/511 335/512
f 335/512 340/513 338/510
f 341/514 342/515 338/516
f 338/516 343/517 341/514
f 344/518 345/519 341/520
f 341/520 346/521 344/518
f 347/522 348/523 344/524
f 344/524 349/525 347/522
f 350/526 351/527 347/528
f 347/528 352/529 350/526
f 353/530 354/531 350/532
f 350/532 355/533 353/530
f 356/534 357/535 353/536
f 353/536 358/537 356/534
f 359/538 360/539 356/540
f 356/540 361/541 359/538
f 362/542 363/543 359/544
f 359/544 364/545 362/542
f 365/546 366/547 362/548
f 362/548 367/549 365/546
f 368/550 369/551 365/552
f 365/552 370/553 368/550
f 371/554 372/555 368/556
f 368/556 373/557 371/554
f 371/554 373/557 374/558
f 374/558 2920/559 371/554
f 375/560 2912/561 2920/562
f 376/563 2912/561 375/560
f 375/560 377/564 376/563
f 376/563 377/564 378/565
f 379/566 378/565 377/564
f 377/564 380/567 379/566
f 381/568 382/569 379/570
f 379/571 383/572 384/573
f 384/574 2859/575 2861/576
f 385/577 2859/575 384/574
f 384/574 386/578 385/577
f 385/577 386/578 387/579
f 2856/580 387/581 388/582
f 389/583 390/584 388/585
f 388/585 391/586 389/583
f 392/587 390/584 389/583
f 389/583 393/588 392/587
f 2848/589 394/590 392/591
f 392/591 395/592 2848/589
f 2848/589 395/592 396/593
f 397/594 396/593 395/592
f 395/592 398/595 397/594
f 399/596 400/597 397/598
f 397/599 401/600 402/601
f 402/602 2846/603 403/604
f 404/605 2846/603 402/602
f 402/602 405/606 404/605
f 4080/607 405/606 402/602
f 4082/608 4080/609 401/610
f 401/610 406/611 4082/608
f 4082/608 406/611 407/612
f 407/612 408/613 4082/608
f 409/614 408/613 407/612
f 400/615 410/616 407/617
f 407/612 411/618 409/614
f 412/619 409/614 411/618
f 413/620 411/618 407/612
f 414/621 411/618 413/620
f 413/622 410/623 415/624
f 415/624 416/625 413/622
f 413/620 417/626 414/621
f 418/627 414/621 417/626
f 419/628 417/626 413/620
f 417/626 420/629 418/627
f 421/630 418/627 420/629
f 422/631 420/629 417/626
f 420/629 422/631 423/632
f 423/632 424/633 420/629
f 421/634 424/635 425/636
f 425/636 426/637 421/634
f 421/638 4040/639 4041/640
f 427/641 4040/639 421/638
f 427/642 426/643 428/644
f 428/644 429/645 427/642
f 430/646 431/647 429/648
f 3981/649 431/647 430/646
f 430/646 432/650 3981/649
f 3981/649 432/650 433/651
f 433/651 3982/652 3981/649
f 434/653 435/654 3982/655
f 4283/656 435/654 434/653
f 434/653 436/657 4283/656
f 4283/656 436/657 437/658
f 438/659 439/660 437/661
f 437/661 440/662 438/659
f 441/663 442/664 438/665
f 438/665 442/664 443/666
f 444/667 443/666 442/664
f 442/664 445/668 444/667
f 446/669 447/670 444/671
f 444/671 447/670 448/672
f 448/672 449/673 444/671
f 444/671 449/673 450/674
f 450/674 449/673 451/675
f 451/675 452/676 450/674
f 450/677 453/678 454/679
f 438/680 454/681 455/682
f 453/683 456/684 455/685
f 455/686 4280/687 457/688
f 439/689 457/690 4282/691
f 4277/692 4280/687 455/686
f 4277/693 456/694 458/695
f 459/696 458/695 456/694
f 460/697 458/695 459/696
f 459/698 452/699 461/700
f 461/700 462/701 459/698
f 460/702 462/703 463/704
f 463/704 464/705 460/702
f 460/706 4275/707 465/708
f 4272/709 4275/707 460/706
f 4272/710 464/711 466/712
f 466/712 3844/713 4272/710
f 3841/714 466/712 464/711
f 3841/715 463/716 467/717
f 467/717 468/718 3841/715
f 3838/719 468/718 467/717
f 467/717 469/720 3838/719
f 470/721 3838/719 469/720
f 471/722 469/720 467/717
f 472/723 469/720 471/722
f 471/722 473/724 472/723
f 474/725 472/723 473/724
f 475/726 473/724 471/722
f 476/727 473/724 475/726
f 475/726 477/728 476/727
f 478/729 476/727 477/728
f 479/730 477/728 475/726
f 480/731 477/728 479/730
f 479/730 481/732 480/731
f 482/733 483/734 480/735
f 484/736 483/734 482/733
f 485/737 486/738 482/739
f 487/740 482/739 486/738
f 488/741 486/738 485/737
f 479/742 489/743 485/744
f 485/737 490/745 488/741
f 488/746 491/747 492/748
f 493/749 487/750 492/751
f 492/751 494/752 493/749
f 493/753 495/754 484/755
f 483/734 484/736 496/756
f 496/756 497/757 483/734
f 478/758 497/759 498/760
f 498/760 499/761 478/758
f 474/762 499/763 2772/764
f 2772/764 500/765 474/762
f 2769/766 2772/764 499/763
f 2769/767 498/768 501/769
f 501/769 502/770 2769/767
f 503/771 502/770 501/769
f 501/769 504/772 503/771
f 505/773 2763/774 503/775
f 506/776 2763/774 505/773
f 507/777 508/778 505/779
f 509/780 505/779 508/778
f 510/781 508/778 507/777
f 508/778 511/782 509/780
f 4515/783 512/784 509/785
f 512/786 4480/787 506/788
f 513/789 4515/790 511/791
f 511/791 514/792 513/789
f 515/793 513/789 514/792
f 514/792 516/794 515/793
f 4512/795 515/793 516/794
f 516/794 517/796 4512/795
f 518/797 4512/795 517/796
f 517/796 519/798 518/797
f 4511/799 518/797 519/798
f 519/798 520/800 4511/799
f 521/801 4511/799 520/800
f 520/800 522/802 521/801
f 4509/803 521/801 522/802
f 522/802 523/804 4509/803
f 524/805 4509/803 523/804
f 523/804 525/806 524/805
f 526/807 527/808 524/809
f 4507/810 527/808 526/807
f 528/811 526/812 529/813
f 530/814 529/815 531/816
f 532/817 531/818 533/819
f 534/820 533/821 535/822
f 536/823 535/824 537/825
f 538/826 537/827 539/828
f 540/829 539/830 541/831
f 542/832 541/833 543/834
f 544/835 543/836 545/837
f 546/838 545/839 547/840
f 548/841 547/842 549/843
f 550/844 549/845 551/846
f 552/847 551/848 553/849
f 554/850 553/851 555/852
f 556/853 555/854 557/855
f 558/856 557/857 559/858
f 560/859 559/860 561/861
f 562/862 561/863 563/864
f 564/865 563/866 565/867
f 566/868 565/869 567/870
f 568/871 567/872 569/873
f 570/874 569/875 571/876
f 572/877 571/878 573/879
f 574/880 573/881 575/882
f 576/883 575/884 577/885
f 578/886 577/887 579/888
f 580/889 579/890 581/891
f 582/892 581/893 583/894
f 584/895 583/896 585/897
f 586/898 585/899 587/900
f 588/901 587/902 589/903
f 590/904 589/905 591/906
f 592/907 591/908 593/909
f 594/910 593/911 595/912
f 596/913 595/914 597/915
f 598/916 597/917 599/918
f 600/919 599/920 601/921
f 602/922 601/923 603/924
f 604/925 603/926 605/927
f 606/928 605/929 607/930
f 608/931 607/932 317/933
f 315/479 317/482 609/934
f 610/935 609/934 317/482
f 611/936 610/937 607/938
f 610/939 612/940 325/941
f 612/942 613/943 614/944
f 615/945 614/944 613/943
f 613/943 616/946 615/945
f 617/947 615/945 616/946
f 618/948 616/946 613/943
f 616/946 619/949 617/947
f 620/950 617/947 619/949
f 621/951 619/949 616/946
f 619/949 622/952 620/950
f 623/953 620/950 622/952
f 624/954 622/952 619/949
f 622/952 625/955 623/953
f 626/956 623/953 625/955
f 627/957 625/955 622/952
f 625/955 628/958 626/956
f 629/959 626/956 628/958
f 630/960 628/958 625/955
f 628/958 631/961 629/959
f 632/962 629/959 631/961
f 633/963 631/961 628/958
f 631/961 634/964 632/962
f 635/965 632/962 634/964
f 636/966 634/964 631/961
f 634/964 637/967 635/965
f 638/968 635/965 637/967
f 639/969 637/967 634/964
f 637/967 640/970 638/968
f 641/971 638/968 640/970
f 642/972 640/970 637/967
f 640/970 643/973 641/971
f 644/974 641/971 643/973
f 645/975 643/973 640/970
f 643/973 646/976 644/974
f 647/977 644/974 646/976
f 648/978 646/976 643/973
f 646/976 649/979 647/977
f 650/980 647/977 649/979
f 651/981 649/979 646/976
f 649/979 652/982 650/980
f 653/983 650/980 652/982
f 654/984 652/982 649/979
f 652/982 655/985 653/983
f 656/986 653/983 655/985
f 657/987 655/985 652/982
f 655/985 658/988 656/986
f 659/989 656/986 658/988
f 660/990 658/988 655/985
f 658/988 661/991 659/989
f 662/992 659/989 661/991
f 663/993 661/991 658/988
f 661/991 664/994 662/992
f 665/995 662/992 664/994
f 666/996 664/994 661/991
f 664/994 667/997 665/995
f 668/998 665/995 667/997
f 669/999 667/997 664/994
f 667/997 670/1000 668/998
f 671/1001 668/998 670/1000
f 672/1002 670/1000 667/997
f 670/1000 673/1003 671/1001
f 674/1004 671/1001 673/1003
f 675/1005 673/1003 670/1000
f 673/1003 676/1006 674/1004
f 677/1007 674/1004 676/1006
f 678/1008 676/1006 673/1003
f 676/1006 679/1009 677/1007
f 680/1010 677/1007 679/1009
f 681/1011 679/1009 676/1006
f 679/1009 682/1012 680/1010
f 683/1013 680/1010 682/1012
f 684/1014 682/1012 679/1009
f 682/1012 685/1015 683/1013
f 686/1016 683/1013 685/1015
f 687/1017 685/1015 682/1012
f 685/1015 688/1018 686/1016
f 689/1019 686/1016 688/1018
f 690/1020 688/1018 685/1015
f 688/1018 690/1020 691/1021
f 692/1022 691/1023 553/1024
f 691/1021 693/1025 688/1018
f 689/1026 693/1027 694/1028
f 694/1028 695/1029 689/1026
f 689/1030 696/1031 697/1032
f 698/1033 697/1034 699/1035
f 699/1035 700/1036 698/1033
f 701/1037 698/1033 700/1036
f 700/1036 702/1038 701/1037
f 703/1039 701/1037 702/1038
f 702/1038 704/1040 703/1039
f 705/1041 703/1039 704/1040
f 704/1040 706/1042 705/1041
f 707/1043 705/1041 706/1042
f 706/1042 708/1044 707/1043
f 709/1045 707/1043 708/1044
f 710/1046 711/1047 708/1048
f 708/1048 712/1049 710/1046
f 713/1050 714/1051 710/1052
f 710/1052 714/1051 715/1053
f 715/1053 716/1054 710/1052
f 710/1052 716/1054 717/1055
f 717/1055 716/1054 718/1056
f 718/1056 719/1057 717/1055
f 717/1058 720/1059 709/1060
f 721/1061 720/1059 717/1058
f 721/1062 719/1063 722/1064
f 722/1064 723/1065 721/1062
f 724/1066 723/1065 722/1064
f 722/1067 725/1068 726/1069
f 726/1069 727/1070 722/1067
f 724/1071 727/1072 728/1073
f 728/1073 729/1074 724/1071
f 730/1075 729/1074 728/1073
f 728/1076 731/1077 732/1078
f 732/1078 733/1079 728/1076
f 730/1080 733/1081 734/1082
f 734/1082 735/1083 730/1080
f 736/1084 735/1083 734/1082
f 734/1085 737/1086 738/1087
f 738/1087 739/1088 734/1085
f 736/1089 739/1090 740/1091
f 740/1091 741/1092 736/1089
f 742/1093 741/1092 740/1091
f 740/1094 743/1095 744/1096
f 744/1096 745/1097 740/1094
f 742/1098 745/1099 746/1100
f 746/1100 747/1101 742/1098
f 748/1102 747/1101 746/1100
f 746/1103 749/1104 750/1105
f 750/1105 751/1106 746/1103
f 748/1107 751/1108 752/1109
f 752/1109 753/1110 748/1107
f 754/1111 753/1110 752/1109
f 752/1112 755/1113 756/1114
f 756/1114 757/1115 752/1112
f 754/1116 757/1117 758/1118
f 758/1118 759/1119 754/1116
f 760/1120 759/1119 758/1118
f 758/1121 761/1122 762/1123
f 762/1123 763/1124 758/1121
f 760/1125 763/1126 764/1127
f 764/1127 765/1128 760/1125
f 334/1129 766/1130 765/1131
f 761/1132 767/1133 340/1134
f 768/1135 767/1133 761/1132
f 768/1136 769/1137 343/1138
f 770/1139 769/1137 768/1136
f 768/1136 771/1140 770/1139
f 772/1141 770/1139 771/1140
f 771/1140 773/1142 772/1141
f 774/1143 772/1141 773/1142
f 773/1142 775/1144 774/1143
f 776/1145 774/1143 775/1144
f 775/1144 777/1146 776/1145
f 778/1147 776/1145 777/1146
f 777/1146 779/1148 778/1147
f 780/1149 778/1147 779/1148
f 779/1148 781/1150 780/1149
f 782/1151 780/1149 781/1150
f 781/1150 783/1152 782/1151
f 784/1153 782/1151 783/1152
f 783/1152 785/1154 784/1153
f 786/1155 784/1153 785/1154
f 785/1154 787/1156 786/1155
f 788/1157 786/1155 787/1156
f 787/1156 789/1158 788/1157
f 790/1159 788/1157 789/1158
f 789/1158 791/1160 790/1159
f 792/1161 790/1159 791/1160
f 791/1160 793/1162 792/1161
f 794/1163 792/1161 793/1162
f 795/1164 792/1161 794/1163
f 794/1163 796/1165 795/1164
f 797/1166 795/1167 798/1168
f 798/1168 799/1169 797/1166
f 800/1170 797/1166 799/1169
f 801/1171 802/1172 799/1173
f 799/1173 803/1174 801/1171
f 804/1175 805/1176 801/1177
f 801/1177 805/1176 806/1178
f 806/1178 807/1179 801/1177
f 801/1177 807/1179 808/1180
f 808/1180 807/1179 809/1181
f 809/1181 810/1182 808/1180
f 808/1183 811/1184 800/1185
f 812/1186 811/1184 808/1183
f 812/1187 810/1188 813/1189
f 813/1189 814/1190 812/1187
f 815/1191 814/1190 813/1189
f 813/1192 816/1193 817/1194
f 817/1194 818/1195 813/1192
f 815/1196 818/1197 819/1198
f 819/1198 820/1199 815/1196
f 821/1200 820/1199 819/1198
f 819/1201 822/1202 823/1203
f 823/1203 824/1204 819/1201
f 821/1205 824/1206 825/1207
f 825/1207 826/1208 821/1205
f 827/1209 826/1208 825/1207
f 825/1210 828/1211 352/1212
f 829/1213 352/529 347/528
f 347/528 351/527 830/1214
f 831/1215 830/1214 351/527
f 351/527 832/1216 831/1215
f 833/1217 834/1218 831/1219
f 831/1219 834/1218 835/1220
f 835/1220 836/1221 831/1219
f 831/1219 836/1221 837/1222
f 837/1222 836/1221 838/1223
f 838/1223 839/1224 837/1222
f 837/1225 840/1226 348/1227
f 841/1228 840/1226 837/1225
f 841/1229 839/1230 842/1231
f 842/1231 843/1232 841/1229
f 841/1233 844/1234 345/1235
f 845/1236 844/1234 841/1233
f 845/1237 843/1238 846/1239
f 846/1239 847/1240 845/1237
f 845/1241 848/1242 342/1243
f 849/1244 848/1242 845/1241
f 849/1245 847/1246 850/1247
f 850/1247 851/1248 849/1245
f 849/1249 852/1250 339/1251
f 853/1252 852/1250 849/1249
f 853/1253 851/1254 854/1255
f 854/1255 855/1256 853/1253
f 853/1257 856/1258 336/1259
f 857/1260 856/1258 853/1257
f 857/1261 855/1262 858/1263
f 858/1263 859/1264 857/1261
f 857/1265 860/1266 333/1267
f 861/1268 860/1266 857/1265
f 861/1269 859/1270 862/1271
f 862/1271 863/1272 861/1269
f 861/1273 864/1274 330/1275
f 865/1276 864/1274 861/1273
f 865/1277 863/1278 3823/1279
f 3823/1279 866/1280 865/1277
f 865/1281 867/1282 327/1283
f 3820/1284 867/1282 865/1281
f 868/1285 3823/1279 863/1278
f 868/1286 862/1287 869/1288
f 869/1288 870/1289 868/1286
f 871/1290 870/1289 869/1288
f 869/1288 872/1291 871/1290
f 873/1292 874/1293 871/1294
f 875/1295 876/1296 874/1297
f 877/1298 3829/1299 876/1300
f 878/1301 879/1302 3829/1303
f 880/1304 3831/1305 879/1306
f 3832/1307 3831/1305 880/1304
f 881/1308 882/1309 880/1310
f 880/1310 883/1311 881/1308
f 884/1312 885/1313 881/1314
f 881/1314 886/1315 884/1312
f 887/1316 888/1317 884/1318
f 884/1318 889/1319 887/1316
f 890/1320 891/1321 887/1322
f 887/1322 892/1323 890/1320
f 893/1324 2952/1325 890/1326
f 890/1326 894/1327 893/1324
f 893/1324 894/1327 895/1328
f 895/1328 2949/1329 893/1324
f 896/1330 2950/1331 2949/1332
f 2936/1333 2950/1331 896/1330
f 897/1334 898/1335 896/1336
f 896/1330 899/1337 2936/1333
f 2936/1333 899/1337 900/1338
f 901/1339 900/1338 899/1337
f 899/1337 902/1340 901/1339
f 903/1341 904/1342 901/1343
f 901/1344 905/1345 906/1346
f 906/1347 2933/1348 2935/1349
f 2927/1350 2933/1348 906/1347
f 906/1347 907/1351 2927/1350
f 2928/1352 2927/1350 907/1351
f 908/1353 909/1354 907/1355
f 907/1355 910/1356 908/1353
f 911/1357 909/1354 908/1353
f 908/1353 912/1358 911/1357
f 913/1359 2924/1360 911/1361
f 911/1361 914/1362 913/1359
f 369/1363 915/1364 913/1365
f 908/1366 916/1367 363/1368
f 917/1369 916/1367 908/1366
f 905/1370 918/1371 917/1372
f 917/1373 919/1374 360/1375
f 920/1376 919/1374 917/1373
f 904/1377 921/1378 920/1379
f 920/1380 922/1381 357/1382
f 833/1383 921/1384 923/1385
f 924/1386 923/1387 903/1388
f 903/1388 925/1389 924/1386
f 926/1390 835/1391 924/1392
f 924/1392 927/1393 926/1390
f 928/1394 838/1395 926/1396
f 926/1396 929/1397 928/1394
f 930/1398 842/1399 928/1400
f 928/1400 931/1401 930/1398
f 932/1402 846/1403 930/1404
f 930/1404 933/1405 932/1402
f 934/1406 850/1407 932/1408
f 932/1408 935/1409 934/1406
f 936/1410 854/1411 934/1412
f 934/1412 937/1413 936/1410
f 938/1414 937/1413 934/1412
f 938/1415 939/1416 877/1417
f 939/1418 940/1419 878/1420
f 941/1421 940/1419 939/1418
f 939/1418 942/1422 941/1421
f 941/1423 943/1424 883/1425
f 944/1426 943/1424 941/1423
f 941/1423 945/1427 944/1426
f 944/1428 946/1429 886/1430
f 947/1431 946/1429 944/1428
f 944/1428 948/1432 947/1431
f 947/1433 949/1434 889/1435
f 950/1436 949/1434 947/1433
f 947/1433 951/1437 950/1436
f 950/1438 952/1439 892/1440
f 950/1441 953/1442 897/1443
f 892/1440 949/1434 950/1438
f 889/1435 946/1429 947/1433
f 949/1434 892/1440 887/1322
f 887/1322 891/1321 954/1444
f 955/1445 954/1446 2954/1447
f 2954/1447 2957/1448 955/1445
f 956/1449 957/1450 955/1451
f 955/1451 958/1452 956/1449
f 959/1453 956/1454 960/1455
f 960/1455 961/1456 959/1453
f 962/1457 960/1455 956/1454
f 2959/1458 2960/1459 962/1460
f 891/1461 963/1462 2954/1463
f 2954/1463 954/1446 891/1461
f 956/1449 958/1452 962/1457
f 962/1457 958/1452 2959/1458
f 2959/1458 958/1452 955/1451
f 955/1445 2957/1448 2959/1458
f 963/1462 891/1461 890/1320
f 890/1320 2952/1325 963/1462
f 887/1322 889/1319 949/1434
f 954/1444 888/1317 887/1322
f 888/1317 954/1444 955/1445
f 955/1445 957/1450 888/1317
f 884/1318 888/1317 957/1450
f 946/1429 889/1435 884/1318
f 884/1318 886/1315 946/1429
f 957/1450 885/1313 884/1318
f 957/1450 956/1449 959/1453
f 959/1453 885/1313 957/1450
f 881/1314 885/1313 959/1453
f 943/1464 886/1315 881/1314
f 886/1430 943/1464 944/1428
f 881/1314 883/1311 943/1464
f 959/1453 882/1309 881/1314
f 3832/1465 882/1309 959/1453
f 959/1453 961/1456 3832/1465
f 880/1310 882/1309 3832/1307
f 940/1466 883/1311 880/1310
f 883/1425 940/1466 941/1423
f 880/1310 878/1420 940/1466
f 879/1302 878/1301 880/1304
f 3829/1299 877/1298 878/1301
f 878/1420 877/1298 939/1418
f 876/1296 875/1295 877/1298
f 877/1417 875/1295 938/1415
f 939/1416 938/1415 935/1467
f 935/1467 942/1422 939/1416
f 934/1406 935/1409 938/1414
f 937/1413 938/1414 875/1295
f 942/1422 935/1467 932/1408
f 875/1295 873/1468 937/1413
f 874/1293 873/1292 875/1295
f 936/1410 937/1413 873/1468
f 871/1294 872/1291 873/1292
f 873/1292 872/1291 936/1410
f 936/1410 872/1291 869/1288
f 932/1402 933/1405 942/1422
f 941/1421 942/1422 933/1405
f 933/1405 945/1427 941/1421
f 945/1427 933/1405 930/1404
f 930/1404 931/1401 945/1427
f 944/1426 945/1427 931/1401
f 931/1401 948/1432 944/1426
f 948/1432 931/1401 928/1400
f 928/1400 929/1397 948/1432
f 947/1431 948/1432 929/1397
f 929/1397 951/1437 947/1431
f 951/1437 929/1397 926/1396
f 926/1396 927/1393 951/1437
f 950/1436 951/1437 927/1393
f 927/1393 953/1442 950/1436
f 953/1442 927/1393 924/1392
f 926/1396 838/1395 836/1221
f 836/1221 835/1220 926/1396
f 839/1224 838/1223 928/1394
f 928/1400 842/1399 839/1224
f 924/1392 835/1391 834/1218
f 843/1232 842/1231 930/1398
f 930/1398 846/1403 843/1232
f 834/1218 923/1387 924/1392
f 923/1387 834/1218 833/1383
f 924/1392 925/1389 953/1442
f 897/1443 953/1442 925/1389
f 847/1240 846/1239 932/1402
f 932/1402 850/1407 847/1240
f 851/1248 850/1247 934/1406
f 934/1406 854/1411 851/1248
f 845/1241 847/1240 849/1244
f 849/1249 851/1248 853/1252
f 841/1229 843/1232 845/1236
f 837/1225 839/1224 841/1228
f 342/1243 844/1234 845/1241
f 844/1234 342/1243 341/514
f 341/520 345/519 844/1234
f 345/1235 840/1226 841/1233
f 840/1226 345/1235 344/518
f 344/518 346/521 964/1469
f 344/518 348/523 840/1226
f 964/1469 349/525 344/518
f 348/1227 830/1470 837/1225
f 837/1222 830/1470 831/1219
f 830/1214 348/1227 347/528
f 347/522 349/525 829/1213
f 769/1471 346/521 341/520
f 341/514 343/517 769/1471
f 346/521 769/1471 770/1139
f 770/1139 964/1469 346/521
f 349/525 964/1469 827/1472
f 827/1472 964/1469 770/1139
f 827/1472 829/1213 349/525
f 770/1139 772/1141 827/1472
f 827/1472 772/1141 774/1143
f 825/1207 829/1213 827/1209
f 774/1143 826/1208 827/1472
f 352/1212 829/1213 825/1210
f 821/1205 826/1208 774/1143
f 774/1143 776/1145 821/1205
f 821/1205 776/1145 778/1147
f 778/1147 820/1199 821/1205
f 815/1196 820/1199 778/1147
f 778/1147 780/1149 815/1196
f 815/1196 780/1149 782/1151
f 819/1198 824/1204 821/1200
f 782/1151 814/1190 815/1196
f 825/1207 824/1206 823/1203
f 965/1473 823/1203 822/1202
f 822/1202 966/1474 965/1473
f 967/1475 966/1474 822/1202
f 968/1476 966/1474 967/1475
f 967/1475 969/1477 968/1476
f 970/1478 969/1477 967/1475
f 967/1475 971/1479 970/1478
f 972/1480 970/1478 971/1479
f 971/1479 973/1481 972/1480
f 974/1482 972/1480 973/1481
f 975/1483 972/1480 974/1482
f 974/1482 976/1484 975/1483
f 977/1485 975/1483 976/1484
f 978/1486 976/1484 974/1482
f 974/1482 979/1487 978/1486
f 978/1488 980/1489 981/1490
f 982/1491 981/1490 980/1489
f 983/1492 980/1489 978/1488
f 978/1488 984/1493 983/1492
f 983/1494 985/1495 986/1496
f 987/1497 986/1496 985/1495
f 988/1498 985/1499 381/1500
f 983/1501 989/1502 381/1503
f 381/1503 989/1502 990/1504
f 382/1505 990/1506 991/1507
f 992/1508 993/1509 991/1510
f 991/1510 994/1511 992/1508
f 995/1512 996/1513 992/1514
f 992/1514 997/1515 995/1512
f 995/1512 997/1515 998/1516
f 999/1517 1000/1518 998/1519
f 998/1519 1001/1520 999/1517
f 1002/1521 1003/1522 999/1523
f 999/1524 1004/1525 1005/1526
f 1006/1527 1004/1525 999/1524
f 1007/1528 1006/1529 1003/1530
f 1003/1530 1008/1531 1007/1528
f 1011/1532 1009/1533 1010/1534
f 1011/1532 1007/1535 1009/1533
f 1012/1536 1009/1537 1008/1538
f 1013/1539 1009/1537 1012/1536
f 1012/1536 1014/1540 1013/1539
f 1015/1541 1013/1542 1016/1543
f 1016/1543 1017/1544 1015/1541
f 1018/1545 1010/1546 1015/1547
f 1015/1547 1019/1548 1018/1545
f 1020/1549 1018/1550 1021/1551
f 1021/1551 1022/1552 1020/1549
f 1023/1553 423/1554 1020/1555
f 1024/1556 425/1557 1023/1558
f 1023/1558 1025/1559 1024/1556
f 1024/1560 1026/1561 430/1562
f 430/1562 1026/1561 1027/1563
f 1028/1564 1027/1565 1029/1566
f 1029/1566 1030/1567 1028/1564
f 1028/1568 1031/1569 434/1570
f 434/1570 1031/1569 1032/1571
f 1032/1572 1033/1573 441/1574
f 1034/1575 1035/1576 441/1577
f 1035/1578 1036/1579 446/1580
f 1037/1581 1038/1582 446/1583
f 1039/1584 1040/1585 1037/1586
f 1037/1586 1041/1587 1039/1584
f 1042/1588 1043/1589 1039/1590
f 1039/1590 1044/1591 1042/1588
f 1045/1592 1046/1593 1042/1594
f 1042/1594 1047/1595 1045/1592
f 1048/1596 1049/1597 1045/1598
f 1045/1598 1050/1599 1048/1596
f 1051/1600 1052/1601 1048/1602
f 1048/1602 1053/1603 1051/1600
f 1054/1604 1055/1605 1051/1606
f 1051/1606 1056/1607 1054/1604
f 1057/1608 1058/1609 1054/1610
f 1054/1610 1059/1611 1057/1608
f 1057/1612 695/1613 1060/1614
f 1061/1615 1060/1616 1062/1617
f 1062/1617 1063/1618 1061/1615
f 1064/1619 1065/1620 1061/1621
f 1061/1621 1066/1622 1064/1619
f 1067/1623 1068/1624 1064/1625
f 1064/1625 1069/1626 1067/1623
f 1070/1627 1071/1628 1067/1629
f 1067/1629 1072/1630 1070/1627
f 1073/1631 1074/1632 1070/1633
f 1070/1633 1075/1634 1073/1631
f 1076/1635 1077/1636 1073/1637
f 1073/1637 1078/1638 1076/1635
f 488/1639 1079/1640 1076/1641
f 1076/1635 1078/1638 1080/1642
f 1081/1643 1080/1642 1078/1638
f 1082/1644 1078/1638 1073/1637
f 1083/1645 1082/1646 1075/1647
f 1084/1648 1075/1634 1070/1633
f 1085/1649 1084/1650 1072/1651
f 1086/1652 1072/1630 1067/1629
f 1087/1653 1086/1654 1069/1655
f 1088/1656 1069/1626 1064/1625
f 1089/1657 1090/1658 1088/1659
f 1091/1660 1090/1658 1089/1657
f 1092/1661 1089/1662 1063/1663
f 1093/1664 1063/1618 1062/1617
f 1062/1617 1094/1665 1093/1664
f 1090/1658 1091/1660 1095/1666
f 1096/1667 1095/1668 541/1669
f 1095/1666 1097/1670 1090/1658
f 1087/1671 1097/1672 1098/1673
f 1098/1673 1099/1674 1087/1671
f 1085/1675 1099/1676 1100/1677
f 1100/1677 1101/1678 1085/1675
f 1083/1679 1101/1680 1102/1681
f 1102/1681 1103/1682 1083/1679
f 1081/1683 1103/1684 1104/1685
f 1104/1685 1105/1686 1081/1683
f 1105/1687 1106/1688 493/1689
f 510/1690 495/1691 1107/1692
f 1108/1693 1107/1694 1106/1695
f 1109/1696 1108/1693 1106/1695
f 1104/1697 1110/1698 1106/1699
f 1111/1700 1110/1698 1104/1697
f 1104/1697 1112/1701 1111/1700
f 1113/1702 1111/1700 1112/1701
f 1112/1701 1114/1703 1113/1702
f 1115/1704 1116/1705 1113/1706
f 1117/1707 1113/1706 1116/1705
f 1118/1708 1116/1705 1115/1704
f 1119/1709 1120/1710 1115/1711
f 1121/1712 1115/1711 1120/1710
f 1122/1713 1120/1710 1119/1709
f 1123/1714 1120/1710 1122/1713
f 1122/1713 1124/1715 1123/1714
f 1116/1705 1118/1708 1125/1716
f 1125/1716 1126/1717 1116/1705
f 1117/1718 1127/1719 1111/1720
f 1116/1705 1126/1717 1117/1707
f 1111/1700 1113/1702 1117/1718
f 1113/1706 1114/1703 1115/1704
f 1110/1698 1111/1700 1127/1719
f 1115/1704 1114/1703 1119/1709
f 1119/1709 1114/1703 1112/1701
f 1115/1711 1121/1712 1118/1708
f 1120/1710 1123/1714 1121/1712
f 1112/1701 1102/1721 1119/1709
f 1102/1721 1112/1701 1104/1697
f 1104/1697 1103/1684 1102/1721
f 1119/1709 1102/1721 1101/1680
f 1106/1688 1105/1687 1104/1697
f 1101/1678 1100/1677 1119/1709
f 1119/1709 1100/1677 1122/1713
f 1122/1713 1100/1677 1099/1676
f 1099/1676 1098/1673 1122/1713
f 1122/1713 1098/1673 1096/1722
f 1096/1722 1124/1715 1122/1713
f 1095/1668 1096/1667 1098/1673
f 1098/1673 1097/1672 1095/1668
f 1124/1715 1096/1722 539/1723
f 541/831 539/830 1096/1667
f 539/1723 537/827 1124/1715
f 1123/1714 1124/1715 537/827
f 543/834 541/833 1095/1668
f 537/825 535/824 1123/1714
f 1095/1666 1091/1660 543/834
f 1121/1712 1123/1714 535/824
f 545/837 543/836 1091/1660
f 535/822 533/821 1121/1712
f 1118/1708 1121/1712 533/821
f 533/819 531/818 1118/1708
f 1125/1716 1118/1708 531/818
f 531/818 529/815 1125/1716
f 525/1724 1125/1716 529/815
f 1126/1717 1125/1716 525/1724
f 529/813 526/812 525/1724
f 524/809 525/806 526/807
f 525/1724 523/804 1126/1717
f 1117/1707 1126/1717 523/804
f 523/804 522/802 1117/1707
f 1117/1707 522/802 520/800
f 520/800 1127/1719 1117/1707
f 1127/1719 520/800 519/798
f 519/798 1109/1725 1127/1719
f 1127/1719 1109/1725 1110/1698
f 1106/1695 1110/1698 1109/1696
f 1109/1725 519/798 517/796
f 517/796 1108/1693 1109/1725
f 1108/1693 517/796 516/794
f 1107/1694 493/1689 1106/1695
f 516/794 1107/1694 1108/1693
f 1107/1694 516/794 514/792
f 514/792 510/1690 1107/1694
f 508/778 510/781 514/792
f 514/792 511/791 508/778
f 509/780 511/782 4515/783
f 506/788 509/785 512/786
f 505/779 509/780 506/776
f 503/775 504/772 505/773
f 505/773 504/772 507/777
f 507/777 504/772 501/769
f 507/777 495/1691 510/781
f 1107/1692 495/1691 493/1689
f 484/755 495/754 507/777
f 484/755 487/750 493/753
f 507/777 496/756 484/755
f 501/769 496/756 507/777
f 482/733 487/740 484/736
f 497/757 496/756 501/769
f 501/769 498/768 497/757
f 499/761 498/760 2769/766
f 483/734 497/757 478/758
f 478/758 480/735 483/734
f 477/728 480/731 478/729
f 480/735 481/732 482/733
f 478/758 499/761 474/762
f 482/733 481/732 485/737
f 474/762 476/727 478/758
f 473/724 476/727 474/725
f 485/737 481/732 479/742
f 474/762 500/765 470/1726
f 470/1726 472/723 474/762
f 469/720 472/723 470/721
f 486/738 492/751 487/740
f 492/751 486/738 488/746
f 493/749 494/752 1105/1687
f 1081/1683 1105/1686 494/752
f 1080/1727 494/752 492/751
f 494/752 1080/1727 1081/1683
f 492/748 491/747 1080/1727
f 1080/1642 491/747 1076/1635
f 1076/1635 491/747 488/1639
f 1078/1638 1082/1644 1081/1643
f 1081/1643 1082/1644 1083/1645
f 1083/1645 1103/1682 1081/1643
f 1073/1637 1075/1634 1082/1644
f 1075/1647 1084/1648 1083/1645
f 1083/1645 1084/1648 1085/1649
f 1085/1649 1101/1678 1083/1645
f 1070/1627 1072/1630 1084/1648
f 1072/1630 1086/1652 1085/1649
f 1085/1649 1086/1652 1087/1653
f 1087/1671 1099/1674 1085/1649
f 1067/1629 1069/1626 1086/1652
f 1069/1626 1088/1656 1087/1653
f 1090/1658 1097/1670 1087/1671
f 1087/1671 1088/1656 1090/1658
f 1064/1625 1066/1622 1088/1656
f 1088/1659 1066/1622 1089/1657
f 1089/1657 1066/1622 1061/1621
f 1061/1621 1063/1618 1089/1657
f 1089/1657 1092/1661 1091/1660
f 1063/1663 1093/1664 1092/1661
f 1091/1660 1092/1661 545/837
f 547/840 545/839 1092/1661
f 1092/1661 1093/1664 547/840
f 549/843 547/842 1093/1664
f 1093/1664 1094/1665 549/843
f 551/846 549/845 1094/1665
f 1094/1665 692/1728 551/846
f 692/1728 1094/1665 1062/1617
f 553/1024 551/848 692/1022
f 1062/1617 694/1729 692/1728
f 691/1023 692/1022 694/1729
f 695/1029 694/1028 1062/1617
f 694/1729 693/1027 691/1023
f 1062/1617 1060/1616 695/1029
f 688/1018 693/1025 689/1019
f 689/1026 695/1029 1057/1612
f 1057/1608 1059/1611 1128/1730
f 699/1731 1128/1732 1129/1733
f 1129/1733 1130/1734 699/1731
f 699/1731 1130/1734 1131/1735
f 1132/1736 1133/1737 1131/1738
f 1131/1738 1134/1739 1132/1736
f 1135/1740 1136/1741 1132/1742
f 1132/1742 1136/1741 1137/1743
f 1138/1744 1137/1743 1136/1741
f 1136/1741 1139/1745 1138/1744
f 1140/1746 1141/1747 1138/1748
f 1138/1748 1141/1747 1142/1749
f 1142/1749 1143/1750 1138/1748
f 1138/1748 1143/1750 1144/1751
f 1144/1751 1143/1750 1145/1752
f 1145/1752 1146/1753 1144/1751
f 1144/1754 1147/1755 1148/1756
f 1132/1757 1148/1758 1149/1759
f 1147/1760 1150/1761 1149/1762
f 713/1763 1146/1764 1151/1765
f 794/1766 1151/1767 1152/1768
f 1152/1769 1153/1770 1154/1771
f 798/1772 1154/1773 1155/1774
f 1155/1774 1156/1775 798/1772
f 1156/1776 1157/1777 804/1778
f 1158/1779 1159/1780 804/1781
f 1160/1782 1161/1783 1158/1784
f 1158/1784 1162/1785 1160/1782
f 1160/1786 1163/1787 991/1788
f 991/1788 1163/1787 1164/1789
f 1165/1790 1164/1789 1163/1787
f 1166/1791 1163/1787 1160/1786
f 1167/1792 1166/1793 1162/1794
f 1168/1795 1162/1785 1158/1784
f 1155/1796 1169/1797 1167/1798
f 1167/1799 1170/1800 1165/1801
f 1165/1802 1171/1803 1172/1804
f 1173/1805 1002/1806 1172/1807
f 1174/1808 1172/1807 1002/1806
f 1175/1809 1173/1810 1171/1811
f 1171/1811 1176/1812 1175/1809
f 1177/1813 1178/1814 1175/1815
f 1179/1816 1142/1817 1177/1818
f 1177/1818 1180/1819 1179/1816
f 1172/1807 1171/1803 1173/1805
f 1176/1812 1171/1811 1165/1802
f 1163/1787 1166/1791 1165/1790
f 1165/1801 1170/1800 1176/1812
f 1165/1790 1166/1791 1167/1799
f 1172/1804 1164/1789 1165/1802
f 1164/1789 1172/1804 1174/1808
f 1160/1786 1162/1785 1166/1791
f 1162/1794 1168/1795 1167/1792
f 1177/1820 1176/1812 1170/1800
f 1175/1809 1176/1812 1177/1813
f 1180/1821 1170/1800 1167/1799
f 1170/1800 1180/1821 1177/1820
f 1167/1798 1169/1797 1180/1821
f 1179/1816 1180/1819 1169/1797
f 1167/1798 1168/1795 1155/1796
f 1169/1797 1153/1822 1179/1816
f 1153/1822 1169/1797 1155/1796
f 1155/1796 1168/1795 1157/1823
f 1158/1784 1157/1823 1168/1795
f 1155/1774 1154/1773 1153/1822
f 1157/1823 1156/1776 1155/1796
f 804/1778 1157/1777 1158/1779
f 1179/1816 1153/1822 1152/1769
f 804/1778 803/1824 1156/1776
f 798/1772 1156/1775 803/1824
f 801/1171 803/1174 804/1175
f 803/1174 799/1173 798/1772
f 808/1180 802/1172 801/1177
f 799/1169 802/1172 800/1170
f 800/1185 802/1172 808/1183
f 796/1825 1154/1773 798/1772
f 1154/1773 796/1825 1152/1769
f 798/1772 795/1167 796/1825
f 1152/1769 796/1825 794/1766
f 792/1161 795/1164 797/1166
f 797/1166 790/1159 792/1161
f 790/1159 797/1166 800/1170
f 800/1170 788/1157 790/1159
f 788/1157 800/1170 811/1184
f 811/1184 786/1155 788/1157
f 786/1155 811/1184 812/1186
f 812/1186 784/1153 786/1155
f 782/1151 784/1153 812/1186
f 812/1187 814/1190 782/1151
f 808/1183 810/1182 812/1186
f 813/1189 810/1188 809/1181
f 813/1189 818/1195 815/1191
f 809/1181 816/1193 813/1189
f 819/1198 818/1197 817/1194
f 817/1194 822/1202 819/1198
f 822/1202 817/1194 967/1475
f 967/1475 817/1194 816/1193
f 816/1193 971/1479 967/1475
f 971/1479 816/1193 809/1181
f 809/1181 973/1481 971/1479
f 973/1481 809/1181 807/1179
f 807/1179 806/1178 973/1481
f 973/1481 806/1178 974/1482
f 974/1482 806/1178 805/1176
f 805/1176 979/1487 974/1482
f 979/1487 805/1176 804/1175
f 804/1175 1159/1780 979/1487
f 978/1486 979/1487 1159/1780
f 1159/1780 984/1493 978/1486
f 984/1493 1159/1780 1158/1779
f 1158/1784 1161/1783 984/1493
f 983/1492 984/1493 1161/1783
f 981/1490 976/1484 978/1488
f 976/1484 981/1490 977/1485
f 982/1826 1181/1827 977/1828
f 367/1829 1182/1830 977/1831
f 977/1831 1182/1830 1183/1832
f 364/1833 1184/1834 1183/1835
f 987/1836 1185/1837 982/1838
f 977/1485 981/1490 982/1826
f 977/1828 1181/1827 367/1829
f 1183/1832 975/1483 977/1831
f 972/1480 975/1483 1183/1832
f 1183/1832 970/1478 972/1480
f 969/1477 970/1478 1183/1832
f 1183/1835 1184/1834 969/1477
f 1183/1832 1182/1830 364/1833
f 969/1477 1184/1834 361/1839
f 362/542 364/545 1182/1830
f 1182/1830 367/1829 362/542
f 1184/1834 364/1833 359/544
f 359/544 361/541 1184/1834
f 361/1839 968/1476 969/1477
f 968/1476 361/1839 356/540
f 365/546 367/549 1181/1827
f 356/540 358/537 968/1476
f 966/1474 968/1476 358/537
f 358/537 965/1473 966/1474
f 965/1473 358/537 353/536
f 1181/1827 370/553 365/546
f 370/553 1181/1827 982/1826
f 353/536 355/533 965/1473
f 823/1203 965/1473 355/533
f 982/1838 1185/1837 370/553
f 355/533 828/1840 823/1203
f 823/1203 828/1840 825/1207
f 828/1840 355/533 350/532
f 350/526 352/529 828/1840
f 368/550 370/553 1185/1837
f 368/556 372/555 915/1841
f 915/1364 369/1363 368/556
f 1185/1837 373/557 368/550
f 373/557 1185/1837 987/1836
f 987/1836 374/558 373/557
f 913/1359 914/1362 369/1363
f 365/552 369/551 914/1362
f 914/1362 366/547 365/552
f 366/547 914/1362 911/1361
f 2920/562 374/558 375/560
f 375/560 374/558 987/1836
f 911/1357 912/1358 366/547
f 362/548 366/547 912/1358
f 912/1358 363/543 362/548
f 363/1368 912/1358 908/1366
f 911/1361 2924/1360 2928/1842
f 2928/1842 909/1354 911/1361
f 907/1355 909/1354 2928/1352
f 359/544 363/543 916/1367
f 916/1367 360/539 359/544
f 360/1375 916/1367 917/1373
f 908/1366 910/1356 917/1369
f 910/1356 907/1355 906/1347
f 917/1372 910/1356 905/1370
f 906/1346 905/1345 910/1356
f 356/540 360/539 919/1374
f 919/1374 357/535 356/540
f 357/1382 919/1374 920/1380
f 917/1372 918/1371 920/1376
f 918/1371 905/1370 901/1344
f 920/1379 918/1371 904/1377
f 901/1344 904/1342 918/1371
f 906/1346 900/1338 901/1344
f 2935/1349 900/1338 906/1347
f 900/1338 2935/1349 2936/1333
f 353/536 357/535 922/1381
f 922/1381 354/531 353/536
f 833/1843 922/1381 920/1380
f 354/531 922/1381 833/1843
f 920/1380 921/1378 833/1843
f 921/1378 904/1377 903/1341
f 903/1388 923/1387 921/1378
f 833/1843 832/1844 354/531
f 831/1219 832/1216 833/1217
f 350/532 354/531 832/1844
f 832/1844 351/527 350/532
f 901/1339 902/1340 903/1341
f 903/1341 902/1340 898/1845
f 898/1845 925/1389 903/1341
f 925/1389 898/1845 897/1443
f 896/1336 898/1335 902/1340
f 902/1340 899/1337 896/1336
f 2949/1332 895/1328 896/1330
f 896/1336 895/1328 897/1334
f 897/1334 895/1328 894/1327
f 894/1327 952/1846 897/1334
f 897/1443 952/1846 950/1441
f 952/1846 894/1327 890/1326
f 890/1326 892/1323 952/1846
f 6/7 2/2 1/5
f 1186/1847 1187/1848 4/1849
f 4/4 1187/1848 1/1
f 1187/1848 1188/1850 1/1
f 1/1 1188/1850 1189/1851
f 1190/1852 1191/1853 1186/1854
f 1192/1855 1191/1853 1190/1852
f 1193/1856 1190/1857 1194/1858
f 1195/1859 1196/1860 1194/1861
f 1194/1861 1196/1860 1197/1862
f 1197/1862 1198/1863 1194/1861
f 1199/1864 1200/1865 1198/1866
f 1201/1867 1200/1865 1199/1864
f 1202/1868 1203/1869 1199/1870
f 1199/1870 1203/1869 1204/1871
f 1205/1872 1204/1873 1206/1874
f 1207/1875 1208/1876 1206/1877
f 1206/1877 1209/1878 1207/1875
f 1210/1879 1211/1880 1207/1881
f 1207/1881 1212/1882 1210/1879
f 1213/1883 1214/1884 1210/1885
f 1210/1885 1215/1886 1213/1883
f 1214/1884 1213/1883 1216/1887
f 1217/1888 1216/1889 1218/1890
f 1219/1891 1218/1892 1220/1893
f 1221/1894 1220/1895 1222/1896
f 1223/1897 1222/1898 1224/1899
f 1225/1900 1226/1901 1224/1902
f 1224/1902 1227/1903 1225/1900
f 1228/1904 1226/1901 1225/1900
f 1225/1900 1229/1905 1228/1904
f 1230/1906 1231/1907 1228/1908
f 1228/1908 1232/1909 1230/1906
f 1233/1910 1234/1911 1230/1912
f 1230/1912 1235/1913 1233/1910
f 1236/1914 1237/1915 1233/1916
f 1233/1916 1238/1917 1236/1914
f 1192/1918 1239/1919 1236/1920
f 1236/1920 1240/1921 1192/1918
f 1192/1922 1193/1923 1241/1924
f 1242/1925 1241/1926 1200/1927
f 1242/1928 1243/1929 1239/1930
f 1244/1931 1243/1929 1242/1928
f 1242/1932 1201/1933 1245/1934
f 1245/1934 1246/1935 1242/1932
f 1244/1936 1246/1937 1247/1938
f 1247/1938 1248/1939 1244/1936
f 1244/1940 1249/1941 1237/1942
f 1250/1943 1249/1941 1244/1940
f 1250/1944 1251/1945 1234/1946
f 1252/1947 1229/1905 1225/1900
f 1225/1900 1253/1948 1252/1947
f 1254/1949 1255/1950 1252/1951
f 1256/1952 1255/1950 1254/1949
f 1257/1953 1258/1954 1254/1955
f 1254/1949 1259/1956 1256/1952
f 1260/1957 1261/1958 1256/1959
f 1262/1960 1261/1958 1260/1957
f 1263/1961 1264/1962 1260/1963
f 1260/1957 1265/1964 1262/1960
f 1266/1965 1267/1966 1262/1967
f 1268/1968 1267/1966 1266/1965
f 1269/1969 1270/1970 1266/1971
f 1266/1965 1271/1972 1268/1968
f 1272/1973 1273/1974 1268/1975
f 1274/1976 1273/1974 1272/1973
f 1275/1977 1276/1978 1272/1979
f 1272/1973 1277/1980 1274/1976
f 1278/1981 1279/1982 1274/1983
f 1280/1984 1279/1982 1278/1981
f 1281/1985 1282/1986 1278/1987
f 1278/1981 1283/1988 1280/1984
f 85/1989 1284/1990 1280/1991
f 1285/1992 86/122 85/121
f 1285/1993 1282/1994 1286/1995
f 1287/1996 1288/1997 1286/1998
f 1286/1998 1289/1999 1287/1996
f 1289/1999 1286/1998 1290/2000
f 1290/2000 1291/2001 1289/1999
f 1291/2001 1290/2000 1292/2002
f 1292/2002 1293/2003 1291/2001
f 1293/2003 1292/2002 1294/2004
f 1294/2004 1295/2005 1293/2003
f 1295/2005 1294/2004 1296/2006
f 1296/2006 1297/2007 1295/2005
f 1297/2007 1296/2006 1298/2008
f 1298/2008 1299/2009 1297/2007
f 1299/2009 1298/2008 1300/2010
f 1300/2010 1301/2011 1299/2009
f 1301/2011 1300/2010 1302/2012
f 1302/2012 1303/2013 1301/2011
f 1303/2013 1302/2012 1304/2014
f 1304/2014 1305/2015 1303/2013
f 1305/2015 1304/2014 1306/2016
f 1306/2016 1307/2017 1305/2015
f 1307/2017 1306/2016 1308/2018
f 1308/2018 1309/2019 1307/2017
f 1309/2019 1308/2018 1310/2020
f 1310/2020 1311/2021 1309/2019
f 1311/2021 1310/2020 1312/2022
f 1312/2022 1313/2023 1311/2021
f 1313/2023 1312/2022 1314/2024
f 1314/2024 1315/2025 1313/2023
f 1315/2025 1314/2024 1316/2026
f 1316/2026 1317/2027 1315/2025
f 1317/2027 1316/2026 1318/2028
f 1318/2028 1319/2029 1317/2027
f 1319/2029 1318/2028 1320/2030
f 1320/2030 1321/2031 1319/2029
f 1321/2031 1320/2030 1322/2032
f 1322/2032 1323/2033 1321/2031
f 1323/2034 1324/2035 554/2036
f 1325/2037 552/2038 554/2039
f 1326/2040 550/2041 552/2042
f 1327/2043 1328/2044 1326/2045
f 1326/2045 1329/2046 1327/2043
f 1330/2047 1331/2048 1327/2049
f 1327/2049 1332/2050 1330/2047
f 1333/2051 1334/2052 1330/2053
f 1330/2053 1335/2054 1333/2051
f 1336/2055 1337/2056 1333/2057
f 1333/2057 1338/2058 1336/2055
f 1339/2059 1340/2060 1336/2061
f 1336/2061 1341/2062 1339/2059
f 1342/2063 1343/2064 1339/2065
f 1339/2065 1344/2066 1342/2063
f 1345/2067 1346/2068 1342/2069
f 1342/2069 1347/2070 1345/2067
f 1348/2071 1349/2072 1345/2073
f 1345/2073 1350/2074 1348/2071
f 1351/2075 1352/2076 1348/2077
f 1348/2077 1353/2078 1351/2075
f 1354/2079 1355/2080 1351/2081
f 1351/2081 1356/2082 1354/2079
f 1357/2083 1358/2084 1354/2085
f 1354/2085 1359/2086 1357/2083
f 1360/2087 1361/2088 1357/2089
f 1357/2089 1362/2090 1360/2087
f 2496/2091 2494/2092 1360/2093
f 1360/2093 1363/2094 2496/2091
f 2496/2091 1363/2094 1364/2095
f 1365/2096 1364/2095 1363/2094
f 1363/2094 1366/2097 1365/2096
f 1367/2098 1368/2099 1365/2100
f 1365/2100 1368/2099 1369/2101
f 1369/2101 1370/2102 1365/2100
f 1365/2100 1370/2102 1371/2103
f 1371/2104 1372/2105 2499/2106
f 1926/2107 1369/2101 1368/2099
f 1373/2108 1368/2099 1367/2098
f 1374/2109 1375/2110 1367/2111
f 1367/2111 1376/2112 1374/2109
f 1377/2113 1378/2114 1374/2115
f 1374/2115 1379/2116 1377/2113
f 1380/2117 1381/2118 1377/2119
f 1377/2119 1382/2120 1380/2117
f 1383/2121 1384/2122 1380/2123
f 1380/2123 1385/2124 1383/2121
f 1386/2125 1387/2126 1383/2127
f 1383/2127 1388/2128 1386/2125
f 1389/2129 1390/2130 1386/2131
f 1386/2131 1391/2132 1389/2129
f 1392/2133 1393/2134 1389/2135
f 1389/2135 1394/2136 1392/2133
f 1395/2137 1396/2138 1392/2139
f 1392/2139 1397/2140 1395/2137
f 1398/2141 1399/2142 1395/2143
f 1395/2143 1400/2144 1398/2141
f 1401/2145 1402/2146 1398/2147
f 1398/2147 1403/2148 1401/2145
f 1404/2149 1405/2150 1401/2151
f 1401/2151 1406/2152 1404/2149
f 1407/2153 1408/2154 1404/2155
f 1404/2155 1409/2156 1407/2153
f 1398/2147 1402/2146 1410/2157
f 1411/2158 1410/2159 1206/2160
f 1411/2161 1412/2162 1399/2163
f 1413/2164 1412/2162 1411/2161
f 1203/2165 1414/2166 1411/2167
f 1413/2168 1414/2169 1415/2170
f 1415/2170 1416/2171 1413/2168
f 1413/2172 1417/2173 1396/2174
f 1418/2175 1417/2173 1413/2172
f 1418/2176 1419/2177 1393/2178
f 1420/2179 1419/2177 1418/2176
f 1418/2180 1416/2181 1421/2182
f 1421/2182 1422/2183 1418/2180
f 1420/2184 1422/2185 1423/2186
f 1423/2186 1424/2187 1420/2184
f 1420/2188 1425/2189 1390/2190
f 1426/2191 1425/2189 1420/2188
f 1426/2192 1427/2193 1387/2194
f 1428/2195 1427/2193 1426/2192
f 1426/2196 1424/2197 1429/2198
f 1429/2198 1430/2199 1426/2196
f 1428/2200 1430/2201 1431/2202
f 1431/2202 1432/2203 1428/2200
f 1428/2204 1433/2205 1384/2206
f 1434/2207 1433/2205 1428/2204
f 1434/2208 1435/2209 1381/2210
f 1436/2211 1435/2209 1434/2208
f 1434/2212 1432/2213 1437/2214
f 1437/2214 1438/2215 1434/2212
f 1436/2216 1438/2217 1439/2218
f 1439/2218 1440/2219 1436/2216
f 1436/2220 1441/2221 1378/2222
f 1442/2223 1441/2221 1436/2220
f 1442/2224 1440/2225 1443/2226
f 1443/2226 1444/2227 1442/2224
f 1935/2228 1443/2226 1440/2225
f 1445/2229 1935/2230 1439/2231
f 1439/2231 1446/2232 1445/2229
f 1445/2229 1446/2232 1447/2233
f 1447/2233 1448/2234 1445/2229
f 1449/2235 1448/2234 1447/2233
f 1437/2236 1450/2237 1447/2238
f 1447/2238 1450/2237 1451/2239
f 1451/2239 1452/2240 1447/2238
f 1856/2241 1449/2242 1452/2243
f 1452/2243 1453/2244 1856/2241
f 1856/2241 1453/2244 1454/2245
f 1454/2245 1455/2246 1856/2241
f 1456/2247 1455/2246 1454/2245
f 1454/2245 1453/2244 1457/2248
f 1457/2248 1458/2249 1454/2245
f 1454/2245 1458/2249 1459/2250
f 1459/2250 1460/2251 1454/2245
f 1461/2252 1456/2253 1460/2254
f 1460/2254 1462/2255 1461/2252
f 1463/2256 1464/2257 1461/2258
f 1465/2259 1464/2257 1463/2256
f 1463/2260 1466/2261 8/2262
f 1467/2263 1466/2261 1463/2260
f 1468/2264 9/2265 1466/2266
f 1469/2267 9/2265 1468/2264
f 1459/2268 1470/2269 1468/2270
f 1468/2270 1470/2269 1471/2271
f 1471/2271 1472/2272 1468/2270
f 1469/2273 1472/2274 1473/2275
f 1195/2276 1473/2277 1474/2278
f 1475/2279 1476/2280 1474/2281
f 1477/2282 1478/2283 1475/2284
f 1479/2285 1480/2286 1477/2287
f 1477/2287 1481/2288 1479/2285
f 1451/2289 1482/2290 1479/2291
f 1483/2292 1465/2293 10/2294
f 14/2295 1828/2296 1483/2297
f 1463/2256 10/2294 1465/2259
f 1483/2297 11/2298 14/2295
f 10/2294 11/2298 1483/2292
f 1828/2296 14/2295 13/16
f 13/16 1826/21 1828/2296
f 12/18 14/17 11/13
f 7/8 11/13 10/12
f 8/9 10/12 1463/2260
f 8/9 1466/2261 9/11
f 1461/2258 1462/2255 1463/2256
f 1463/2256 1462/2255 1467/2263
f 1466/2261 1467/2263 1468/2264
f 1459/2299 1467/2263 1462/2255
f 1468/2264 1467/2263 1459/2268
f 1462/2255 1460/2254 1459/2299
f 1454/2245 1460/2251 1456/2247
f 1468/2264 1472/2272 1469/2267
f 6/10 9/11 1469/2267
f 1469/2267 2/2 6/10
f 3/3 2/2 1469/2267
f 6/7 5/6 7/8
f 12/15 7/14 5/6
f 1469/2267 1195/2300 3/3
f 1473/2277 1195/2276 1469/2273
f 1194/1861 3/3 1195/1859
f 4/4 3/3 1194/1861
f 1194/1858 1190/1857 4/4
f 1186/1854 4/1849 1190/1852
f 1194/1861 1198/1863 1193/1856
f 1190/1857 1193/1856 1192/1855
f 1193/1856 1198/1863 1200/1865
f 1200/1865 1241/1926 1193/1856
f 1241/1924 1239/1919 1192/1922
f 1239/1919 1241/1924 1242/1928
f 1200/1865 1201/1867 1242/1925
f 1236/1920 1239/1919 1243/1929
f 1242/1928 1246/1935 1244/1931
f 1237/1942 1243/1929 1244/1940
f 1243/1929 1237/1942 1236/1920
f 1233/1916 1237/1915 1249/1941
f 1249/1941 1234/1911 1233/1916
f 1234/1911 1249/1941 1250/1944
f 1244/1936 1248/1939 1250/1943
f 1230/1912 1234/1911 1251/1945
f 1250/1943 1248/1939 1217/2301
f 1251/1945 1231/1907 1230/1912
f 1214/2302 1217/2301 1248/1939
f 1248/1939 1247/1938 1214/2302
f 1216/1887 1217/1888 1214/1884
f 1210/1885 1214/1884 1247/1938
f 1217/2301 1219/2303 1250/1943
f 1218/1892 1219/1891 1217/1888
f 1250/1943 1219/2303 1221/2304
f 1221/2304 1251/1945 1250/1943
f 1231/1907 1251/1945 1221/2304
f 1220/1895 1221/1894 1219/1891
f 1221/2304 1223/2305 1231/1907
f 1228/1908 1231/1907 1223/2305
f 1222/1898 1223/1897 1221/1894
f 1223/2305 1226/1901 1228/1908
f 1224/1899 1226/1901 1223/1897
f 1222/1896 1220/1895 1314/2306
f 1314/2024 1312/2022 1222/1896
f 1224/1899 1222/1898 1312/2022
f 1316/2026 1314/2024 1220/1895
f 1220/1895 1218/1892 1316/2026
f 1312/2022 1310/2020 1224/1899
f 1318/2028 1316/2026 1218/1892
f 1227/1903 1224/1902 1310/2020
f 1218/1892 1216/1889 1318/2028
f 1310/2020 1308/2018 1227/1903
f 1320/2030 1318/2028 1216/1889
f 1216/1889 1213/1883 1320/2030
f 1322/2032 1320/2030 1213/1883
f 1213/1883 1215/1886 1322/2032
f 1257/2307 1227/1903 1308/2018
f 1308/2018 1306/2016 1257/2307
f 1225/1900 1227/1903 1257/2307
f 1257/2307 1306/2016 1304/2014
f 1257/2307 1253/1948 1225/1900
f 1304/2014 1258/1954 1257/2307
f 1254/1955 1253/1948 1257/1953
f 1252/1947 1253/1948 1254/1949
f 1263/2308 1258/1954 1304/2014
f 1254/1955 1258/1954 1263/2308
f 1304/2014 1302/2012 1263/2308
f 1263/2308 1259/1956 1254/1955
f 1263/2308 1302/2012 1300/2010
f 1260/1963 1259/1956 1263/1961
f 1300/2010 1264/1962 1263/2308
f 1256/1959 1259/1956 1260/1957
f 1269/2309 1264/1962 1300/2010
f 1260/1963 1264/1962 1269/2309
f 1300/2010 1298/2008 1269/2309
f 1269/2309 1265/1964 1260/1963
f 1269/2309 1298/2008 1296/2006
f 1266/1971 1265/1964 1269/1969
f 1296/2006 1270/1970 1269/2309
f 1262/1960 1265/1964 1266/1965
f 1275/2310 1270/1970 1296/2006
f 1266/1971 1270/1970 1275/2310
f 1296/2006 1294/2004 1275/2310
f 1275/2310 1271/1972 1266/1971
f 1275/2310 1294/2004 1292/2002
f 1272/1979 1271/1972 1275/1977
f 1292/2002 1276/1978 1275/2310
f 1268/1975 1271/1972 1272/1973
f 1281/2311 1276/1978 1292/2002
f 1272/1979 1276/1978 1281/2311
f 1292/2002 1290/2000 1281/2311
f 1281/2311 1277/1980 1272/1979
f 1281/2311 1290/2000 1286/1998
f 1286/1998 1282/1994 1281/2311
f 1278/1987 1277/1980 1281/1985
f 1278/1987 1282/1986 1285/1993
f 1274/1976 1277/1980 1278/1981
f 1285/1993 1283/1988 1278/1987
f 1286/1998 1288/1997 1285/1993
f 85/121 1283/1988 1285/1992
f 1280/1991 1283/1988 85/1989
f 1285/1993 1288/1997 87/2312
f 87/2312 86/122 1285/1993
f 90/128 87/127 1288/1997
f 1288/1997 1287/1996 90/128
f 87/127 89/126 82/123
f 90/128 1287/1996 592/2313
f 82/123 89/126 92/2314
f 1484/2315 83/2316 92/2317
f 1484/2318 1485/2319 81/2320
f 1486/2321 1485/2319 1484/2318
f 1484/2318 1487/2322 1486/2321
f 1487/2323 1488/2324 111/2325
f 92/2317 83/2316 82/123
f 81/2320 83/118 1484/2318
f 91/131 92/130 89/126
f 82/123 84/120 85/121
f 92/2317 94/2326 1484/2315
f 85/121 84/120 79/2327
f 79/2327 84/120 81/119
f 93/134 94/133 92/130
f 79/2327 1284/1990 85/121
f 81/116 77/115 79/2327
f 1284/1990 79/2327 76/112
f 120/2328 1489/2329 76/2330
f 76/112 74/108 1284/1990
f 1280/1991 1284/1990 74/108
f 76/2330 78/111 120/2328
f 74/108 72/105 1280/1991
f 1279/1982 1280/1984 72/105
f 76/2330 1489/2329 75/107
f 1490/2331 73/2332 75/2333
f 75/2333 1491/2334 1490/2331
f 1492/2335 1493/2336 1490/2337
f 1490/2337 1494/2338 1492/2335
f 1495/2339 1493/2336 1492/2335
f 1492/2335 1496/2340 1495/2339
f 129/2341 1497/2342 1492/2343
f 74/108 75/107 73/104
f 1492/2335 1494/2338 129/2341
f 72/105 73/104 71/101
f 71/101 73/104 1490/2331
f 72/105 70/102 1279/1982
f 1490/2331 1493/2336 71/101
f 1274/1983 1279/1982 70/102
f 71/101 1493/2336 1495/2339
f 70/102 68/99 1274/1983
f 70/100 71/101 69/98
f 1495/2339 69/98 71/101
f 1273/1974 1274/1976 68/99
f 68/99 69/98 67/95
f 67/95 69/98 1495/2339
f 68/99 66/96 1273/1974
f 1268/1975 1273/1974 66/96
f 66/96 64/93 1268/1975
f 1267/1966 1268/1968 64/93
f 66/96 67/95 65/92
f 64/93 62/90 1267/1966
f 1262/1967 1267/1966 62/90
f 64/93 65/92 63/89
f 62/90 60/87 1262/1967
f 1261/1958 1262/1960 60/87
f 62/88 63/89 61/86
f 60/85 58/84 1261/1958
f 1256/1959 1261/1958 58/84
f 60/85 61/86 59/83
f 58/82 56/81 1256/1959
f 1255/1950 1256/1952 56/81
f 58/84 59/83 57/80
f 56/79 54/78 1255/1950
f 1252/1951 1255/1950 54/78
f 56/81 57/80 55/77
f 54/76 51/72 1252/1951
f 1229/1905 1252/1947 51/72
f 54/76 55/77 52/73
f 51/72 53/75 1229/1905
f 1228/1904 1229/1905 53/75
f 53/75 1232/1909 1228/1904
f 1232/1909 53/75 48/74
f 48/68 50/71 1232/1909
f 1230/1906 1232/1909 50/71
f 50/71 1235/1913 1230/1906
f 1235/1913 50/71 45/70
f 48/74 52/73 242/2344
f 242/2344 49/69 48/74
f 240/347 242/350 52/73
f 52/73 55/77 240/347
f 49/69 242/2344 237/349
f 188/2345 240/347 55/77
f 55/77 57/80 188/2345
f 241/348 240/347 188/2345
f 187/260 188/262 57/80
f 57/80 59/83 187/260
f 184/261 187/260 59/83
f 59/83 61/86 184/261
f 184/261 61/86 63/89
f 63/89 183/255 184/261
f 179/256 183/255 63/89
f 63/89 65/92 179/256
f 179/256 65/92 67/95
f 67/95 180/251 179/256
f 1495/2339 180/251 67/95
f 178/252 180/251 1495/2339
f 1495/2339 1496/2340 178/252
f 179/256 181/253 182/254
f 178/252 1496/2340 177/247
f 174/248 177/247 1498/2346
f 177/247 1496/2340 1492/2335
f 1492/2343 1497/2342 177/247
f 178/249 174/248 176/246
f 176/246 181/253 178/249
f 182/254 181/253 176/246
f 176/246 256/385 182/254
f 256/383 176/246 173/242
f 1498/2346 175/244 174/248
f 173/382 175/244 255/380
f 175/244 1498/2346 135/2347
f 135/2347 255/380 175/244
f 131/189 135/188 1498/2346
f 131/183 133/186 1499/2348
f 136/2349 1499/2350 1500/2351
f 1501/2352 1502/2353 1500/2354
f 1500/2354 1503/2355 1501/2352
f 1504/2356 1505/2357 1501/2358
f 1501/2358 1506/2359 1504/2356
f 1500/2360 1507/2361 274/2362
f 1508/2363 1507/2361 1500/2360
f 1508/2364 1509/2365 277/2366
f 1510/2367 1509/2365 1508/2364
f 133/2368 1511/2369 1508/2370
f 1510/2371 1512/2372 280/2373
f 1513/2374 1512/2372 1510/2371
f 130/2375 1514/2376 1510/2377
f 1513/2378 1515/2379 283/2380
f 1516/2381 1515/2379 1513/2378
f 127/2382 1517/2383 1513/2384
f 1516/2385 1518/2386 286/2387
f 1519/2388 1518/2386 1516/2385
f 124/2389 1520/2390 1516/2391
f 1519/2392 1521/2393 289/2394
f 1522/2395 1521/2393 1519/2392
f 121/2396 1523/2397 1519/2398
f 1522/2399 1524/2400 292/2401
f 1525/2402 1524/2400 1522/2399
f 118/2403 1526/2404 1522/2405
f 1525/2406 1527/2407 295/2408
f 115/2409 1528/2410 1525/2411
f 295/2408 1524/2400 1525/2406
f 1525/2411 1526/2412 115/2409
f 1524/2400 295/2408 290/441
f 290/441 294/440 1529/2413
f 1530/2414 1531/2415 1529/2416
f 1529/2416 1532/2417 1530/2414
f 1531/2415 1530/2414 1533/2418
f 1534/2419 1533/2420 1535/2421
f 1536/2422 1537/2423 1535/2424
f 1535/2424 1538/2425 1536/2422
f 1539/2426 1540/2427 1536/2428
f 1536/2428 1541/2429 1539/2426
f 1542/2430 1543/2431 1539/2432
f 1539/2432 1544/2433 1542/2430
f 1545/2434 1546/2435 1542/2436
f 1542/2436 1547/2437 1545/2434
f 1548/2438 1549/2439 1545/2440
f 1545/2440 1550/2441 1548/2438
f 1548/2442 3508/2443 1551/2444
f 1549/2445 1551/2446 1552/2447
f 1553/2448 1554/2449 1552/2450
f 1552/2450 1555/2451 1553/2448
f 1556/2452 1557/2453 1553/2454
f 1553/2454 1558/2455 1556/2452
f 1559/2456 1560/2457 1556/2458
f 1556/2458 1561/2459 1559/2456
f 1562/2460 1563/2461 1559/2462
f 1559/2462 1564/2463 1562/2460
f 1562/2464 1565/2465 1531/2466
f 1552/2447 1551/2446 1566/2467
f 1566/2467 1567/2468 1552/2447
f 3508/2469 3509/2470 1566/2471
f 1566/2471 3509/2470 1568/2472
f 1568/2472 1569/2473 1566/2471
f 3502/2474 1550/2441 1545/2440
f 3495/2475 3502/2476 1547/2477
f 1570/2478 1547/2437 1542/2436
f 3495/2479 1570/2480 1571/2481
f 1572/2482 1573/2483 1571/2484
f 1571/2484 1574/2485 1572/2482
f 1575/2486 1572/2487 1576/2488
f 1576/2488 3892/2489 1575/2486
f 1572/2487 1575/2486 1577/2490
f 3500/2491 1573/2492 1577/2493
f 1577/2493 3890/2494 3500/2491
f 3500/2495 1578/2496 1571/2497
f 3893/2498 3892/2489 1576/2488
f 1535/2499 3894/2500 3893/2501
f 1579/2502 3894/2500 1535/2499
f 3897/2503 1579/2504 1533/2505
f 3898/2506 3897/2507 1530/2508
f 3900/2509 3898/2510 1532/2511
f 294/2512 1580/2513 1532/2514
f 1580/2515 297/2516 3901/2517
f 1530/2414 1532/2417 3898/2506
f 1533/2418 1530/2414 3897/2503
f 1535/2499 1533/2420 1579/2502
f 1532/2514 1580/2513 3900/2509
f 3901/2517 3900/2509 1580/2515
f 1532/2514 1529/2416 294/2512
f 1580/2513 294/2512 293/439
f 293/439 297/444 1580/2513
f 3901/2517 297/2516 296/443
f 296/449 300/448 3901/2517
f 293/439 295/442 1527/2407
f 1527/2407 298/446 293/439
f 304/453 301/450 296/449
f 296/449 298/446 304/453
f 298/446 1527/2407 305/2518
f 305/2518 304/453 298/446
f 305/2518 1527/2407 1525/2406
f 303/456 304/453 305/454
f 1525/2406 1528/2410 305/2518
f 305/2518 1528/2410 112/2519
f 112/2519 306/455 305/2518
f 110/155 112/158 1528/2410
f 1528/2410 115/2409 110/155
f 306/455 112/2519 107/157
f 303/456 306/455 109/457
f 107/151 109/154 306/455
f 308/460 302/451 303/459
f 302/451 3903/2520 299/447
f 3903/2520 302/451 308/461
f 308/467 310/466 3811/464
f 308/460 307/458 106/465
f 307/458 109/457 105/153
f 105/149 106/150 307/458
f 310/466 106/465 102/145
f 102/145 311/470 310/466
f 312/2521 311/470 102/145
f 3813/474 311/470 312/472
f 102/145 104/148 312/2521
f 312/472 316/2522 313/475
f 3817/483 313/475 316/480
f 314/478 316/480 312/476
f 608/2523 314/478 104/477
f 317/482 314/481 608/931
f 104/477 101/147 608/2523
f 317/482 607/932 610/935
f 607/932 608/931 606/928
f 606/928 608/931 101/147
f 101/147 99/143 606/928
f 101/147 103/146 100/142
f 100/142 103/146 105/149
f 105/153 108/152 100/142
f 604/2524 606/928 99/143
f 605/927 606/928 604/925
f 99/141 100/142 98/139
f 98/139 100/142 108/152
f 99/143 97/140 604/2524
f 607/938 605/929 611/936
f 602/2525 604/2524 97/140
f 603/926 604/925 602/922
f 97/138 95/137 602/2525
f 605/927 603/926 618/2526
f 618/2526 611/936 605/927
f 97/138 98/139 96/136
f 613/943 611/936 618/948
f 611/936 613/943 612/942
f 612/942 610/939 611/936
f 621/2527 618/2526 603/926
f 616/946 618/948 621/951
f 603/924 601/923 621/2527
f 619/949 621/951 624/954
f 624/954 621/951 601/923
f 601/921 599/920 624/954
f 601/921 602/922 600/919
f 600/919 602/922 95/137
f 627/2528 624/954 599/920
f 622/952 624/954 627/957
f 95/135 93/134 600/919
f 95/135 96/136 94/133
f 1484/2315 94/2326 96/136
f 96/136 1487/2322 1484/2315
f 1487/2322 96/136 98/139
f 598/2529 600/919 93/134
f 599/920 600/919 598/916
f 93/132 91/131 598/2529
f 599/918 597/917 627/2528
f 596/2530 598/2529 91/131
f 597/915 598/916 596/913
f 91/131 88/125 596/2530
f 630/2531 627/2528 597/917
f 625/955 627/957 630/960
f 597/915 595/914 630/2531
f 594/2532 596/2530 88/125
f 595/914 596/913 594/910
f 88/125 90/128 594/2532
f 592/2313 594/2532 90/128
f 593/909 594/910 592/907
f 633/2533 630/2531 595/914
f 595/912 593/911 633/2533
f 628/958 630/960 633/963
f 636/2534 633/2533 593/911
f 631/961 633/963 636/966
f 593/909 591/908 636/2534
f 634/964 636/966 639/969
f 639/969 636/966 591/908
f 591/906 592/907 590/904
f 590/904 592/907 1287/1996
f 591/906 589/905 639/969
f 1287/1996 1289/1999 590/904
f 642/2535 639/969 589/905
f 637/967 639/969 642/972
f 589/903 590/904 588/901
f 588/901 590/904 1289/1999
f 589/903 587/902 642/2535
f 1289/1999 1291/2001 588/901
f 645/2536 642/2535 587/902
f 640/970 642/972 645/975
f 587/900 588/901 586/898
f 586/898 588/901 1291/2001
f 587/900 585/899 645/2536
f 1291/2001 1293/2003 586/898
f 648/2537 645/2536 585/899
f 643/973 645/975 648/978
f 585/899 586/898 584/895
f 584/895 586/898 1293/2003
f 585/897 583/896 648/2537
f 1293/2003 1295/2005 584/895
f 651/2538 648/2537 583/896
f 646/976 648/978 651/981
f 583/896 584/895 582/892
f 582/892 584/895 1295/2005
f 583/894 581/893 651/2538
f 1295/2005 1297/2007 582/892
f 654/2539 651/2538 581/893
f 649/979 651/981 654/984
f 581/891 582/892 580/889
f 580/889 582/892 1297/2007
f 581/893 579/890 654/2539
f 1297/2007 1299/2009 580/889
f 657/2540 654/2539 579/890
f 652/982 654/984 657/987
f 579/890 580/889 578/886
f 578/886 580/889 1299/2009
f 579/890 577/887 657/2540
f 1299/2009 1301/2011 578/886
f 660/2541 657/2540 577/887
f 655/985 657/987 660/990
f 577/887 578/886 576/883
f 576/883 578/886 1301/2011
f 577/887 575/884 660/2541
f 1301/2011 1303/2013 576/883
f 663/2542 660/2541 575/884
f 658/988 660/990 663/993
f 575/884 576/883 574/880
f 574/880 576/883 1303/2013
f 575/884 573/881 663/2542
f 1303/2013 1305/2015 574/880
f 666/2543 663/2542 573/881
f 661/991 663/993 666/996
f 573/879 574/880 572/877
f 572/877 574/880 1305/2015
f 573/881 571/878 666/2543
f 1305/2015 1307/2017 572/877
f 669/2544 666/2543 571/878
f 664/994 666/996 669/999
f 571/876 572/877 570/874
f 570/874 572/877 1307/2017
f 571/878 569/875 669/2544
f 1307/2017 1309/2019 570/874
f 672/2545 669/2544 569/875
f 667/997 669/999 672/1002
f 569/875 570/874 568/871
f 568/871 570/874 1309/2019
f 569/875 567/872 672/2545
f 1309/2019 1311/2021 568/871
f 675/2546 672/2545 567/872
f 670/1000 672/1002 675/1005
f 567/870 568/871 566/868
f 566/868 568/871 1311/2021
f 567/872 565/869 675/2546
f 1311/2021 1313/2023 566/868
f 678/2547 675/2546 565/869
f 673/1003 675/1005 678/1008
f 565/867 566/868 564/865
f 564/865 566/868 1313/2023
f 565/869 563/866 678/2547
f 1313/2023 1315/2025 564/865
f 681/2548 678/2547 563/866
f 676/1006 678/1008 681/1011
f 563/866 564/865 562/862
f 562/862 564/865 1315/2025
f 563/866 561/863 681/2548
f 1315/2025 1317/2027 562/862
f 684/2549 681/2548 561/863
f 679/1009 681/1011 684/1014
f 561/863 562/862 560/859
f 560/859 562/862 1317/2027
f 561/863 559/860 684/2549
f 1317/2027 1319/2029 560/859
f 687/2550 684/2549 559/860
f 682/1012 684/1014 687/1017
f 559/858 560/859 558/856
f 558/856 560/859 1319/2029
f 559/860 557/857 687/2550
f 1319/2029 1321/2031 558/856
f 690/2551 687/2550 557/857
f 685/1015 687/1017 690/1020
f 557/855 558/856 556/853
f 556/853 558/856 1321/2031
f 557/857 555/854 690/2551
f 691/1021 690/1020 555/854
f 555/854 553/851 691/1021
f 1321/2031 1323/2033 556/853
f 555/854 556/853 554/850
f 554/2036 556/853 1323/2034
f 553/851 554/850 552/847
f 551/848 552/847 550/844
f 549/843 550/844 548/841
f 548/841 550/844 1326/2040
f 552/2038 1325/2037 1326/2040
f 554/2036 1324/2035 1325/2037
f 1326/2045 1328/2044 548/841
f 1581/2552 1328/2044 1327/2043
f 1581/2553 1582/2554 544/2555
f 1583/2556 1582/2554 1581/2553
f 1582/2557 1584/2558 542/2559
f 1585/2560 540/2561 542/2562
f 1586/2563 538/2564 540/2565
f 1587/2566 1588/2567 1586/2568
f 1586/2568 1589/2569 1587/2566
f 1590/2570 1591/2571 1587/2572
f 1587/2572 1592/2573 1590/2570
f 1593/2574 1590/2575 1594/2576
f 1595/2577 1596/2578 1594/2579
f 1594/2579 1597/2580 1595/2577
f 1598/2581 1599/2582 1595/2583
f 1343/2584 1600/2585 1595/2586
f 1595/2586 1600/2585 1601/2587
f 1603/2588 1604/2589 1601/2590
f 1604/2589 1602/2591 1601/2590
f 1602/2591 1604/2589 1605/2592
f 1605/2592 1606/2593 1602/2591
f 1602/2591 1606/2593 1607/2594
f 1607/2594 1608/2595 1602/2591
f 1610/2596 1608/2597 1609/2598
f 1608/2595 1610/2596 1602/2591
f 1610/2599 1611/2600 1594/2601
f 1612/2602 1593/2603 1611/2604
f 1611/2604 1613/2605 1612/2602
f 1593/2603 1612/2602 1614/2606
f 1615/2607 1616/2608 1614/2609
f 1614/2609 1617/2610 1615/2607
f 1618/2611 1615/2612 532/2613
f 1619/2614 1617/2610 1614/2609
f 1614/2609 1620/2615 1619/2614
f 1619/2616 1621/2617 4507/2618
f 1620/2619 1622/2620 1621/2621
f 1622/2620 1620/2619 1623/2622
f 1623/2622 1624/2623 1622/2620
f 1624/2623 1623/2622 1625/2624
f 1625/2624 4505/2625 1624/2623
f 4505/2625 1625/2624 1626/2626
f 1626/2626 1627/2627 4505/2625
f 1627/2627 1626/2626 1628/2628
f 1628/2628 4503/2629 1627/2627
f 4503/2629 1628/2628 1629/2630
f 1629/2630 1630/2631 4503/2629
f 1630/2631 1629/2630 1631/2632
f 1631/2632 4502/2633 1630/2631
f 4502/2633 1631/2632 1632/2634
f 1632/2634 1633/2635 4502/2633
f 1633/2635 1632/2634 1634/2636
f 1634/2636 2477/2637 1633/2635
f 1635/2638 1636/2639 1634/2640
f 1637/2641 1636/2639 1635/2638
f 1638/2642 1639/2643 1635/2644
f 1635/2644 1640/2645 1638/2642
f 1641/2646 1639/2643 1638/2642
f 1638/2642 1642/2647 1641/2646
f 2513/2648 2514/2649 1641/2650
f 1641/2650 1643/2651 2513/2648
f 2513/2648 1643/2651 1644/2652
f 1645/2653 1644/2652 1643/2651
f 1643/2651 1646/2654 1645/2653
f 1647/2655 1648/2656 1645/2657
f 1355/2658 1649/2659 1645/2660
f 1645/2660 1649/2659 1650/2661
f 1650/2662 1651/2663 2512/2664
f 2489/2665 1651/2663 1650/2662
f 1358/2666 1652/2667 1650/2668
f 1361/2669 2490/2670 2489/2671
f 1653/2672 1352/2673 1648/2674
f 2489/2671 1652/2675 1361/2669
f 1650/2668 1652/2667 2489/2665
f 1644/2652 2512/2676 2513/2648
f 2512/2664 1644/2652 1650/2662
f 1650/2662 1644/2652 1645/2660
f 1650/2661 1649/2659 1358/2666
f 1645/2657 1648/2656 1355/2658
f 1354/2085 1358/2084 1649/2659
f 1649/2659 1355/2658 1354/2085
f 1652/2667 1358/2666 1357/2083
f 1357/2089 1361/2088 1652/2667
f 1351/2081 1355/2080 1648/2656
f 1648/2656 1352/2673 1351/2081
f 2490/2670 1361/2669 1360/2087
f 1360/2093 2494/2092 2490/2670
f 1366/2097 1363/2094 1360/2093
f 1360/2087 1362/2090 1366/2097
f 1367/2677 1366/2097 1362/2090
f 1365/2100 1366/2097 1367/2098
f 1362/2090 1376/2112 1367/2677
f 1376/2112 1362/2090 1357/2089
f 1357/2083 1359/2086 1376/2112
f 1374/2109 1376/2112 1359/2086
f 1371/2103 1364/2095 1365/2100
f 2499/2106 1364/2095 1371/2104
f 1364/2095 2499/2106 2496/2091
f 1359/2086 1379/2116 1374/2109
f 1379/2116 1359/2086 1354/2085
f 1354/2079 1356/2082 1379/2116
f 1377/2113 1379/2116 1356/2082
f 1356/2082 1382/2120 1377/2113
f 1382/2120 1356/2082 1351/2081
f 1351/2081 1353/2078 1382/2120
f 1380/2117 1382/2120 1353/2078
f 1353/2078 1385/2124 1380/2117
f 1385/2124 1353/2078 1348/2077
f 1348/2071 1350/2074 1385/2124
f 1383/2121 1385/2124 1350/2074
f 1348/2077 1352/2076 1653/2672
f 1350/2074 1388/2128 1383/2121
f 1653/2672 1349/2072 1348/2077
f 1388/2128 1350/2074 1345/2073
f 1349/2072 1653/2672 1604/2678
f 1345/2067 1347/2070 1388/2128
f 1386/2125 1388/2128 1347/2070
f 1345/2073 1349/2072 1603/2679
f 1604/2678 1603/2588 1349/2072
f 1603/2679 1346/2068 1345/2073
f 1605/2592 1604/2589 1653/2672
f 1600/2680 1346/2068 1603/2679
f 1603/2588 1601/2590 1600/2680
f 1342/2069 1346/2068 1600/2680
f 1600/2680 1343/2584 1342/2069
f 1391/2681 1347/2070 1342/2069
f 1347/2070 1391/2681 1386/2125
f 1342/2063 1344/2066 1391/2681
f 1389/2129 1391/2132 1344/2066
f 1344/2066 1394/2136 1389/2129
f 1394/2136 1344/2066 1339/2065
f 1339/2065 1343/2064 1599/2682
f 1595/2583 1599/2582 1343/2584
f 1339/2059 1341/2062 1394/2136
f 1599/2682 1340/2060 1339/2065
f 1336/2061 1340/2060 1654/2683
f 1337/2684 1654/2685 1655/2686
f 1656/2687 1657/2688 1655/2689
f 1655/2689 1658/2690 1656/2687
f 1655/2691 1659/2692 1589/2693
f 1654/2683 1337/2684 1336/2061
f 1589/2693 1658/2690 1655/2691
f 1655/2689 1657/2688 1337/2684
f 1333/2057 1337/2056 1657/2688
f 1340/2060 1599/2682 1598/2581
f 1598/2581 1654/2683 1340/2060
f 1655/2686 1654/2685 1598/2581
f 1598/2581 1659/2692 1655/2686
f 1657/2688 1334/2052 1333/2057
f 1334/2052 1657/2688 1656/2687
f 1587/2566 1589/2569 1659/2692
f 1658/2690 1589/2693 1586/2568
f 1659/2692 1592/2573 1587/2566
f 1592/2573 1659/2692 1598/2581
f 1598/2581 1597/2694 1592/2573
f 1595/2577 1597/2580 1598/2581
f 1592/2573 1597/2694 1594/2579
f 1594/2579 1590/2575 1592/2573
f 1601/2587 1596/2578 1595/2586
f 1596/2578 1601/2587 1602/2591
f 1602/2591 1610/2596 1596/2578
f 1594/2579 1596/2578 1610/2599
f 1594/2576 1611/2600 1593/2574
f 1613/2605 1611/2604 1610/2599
f 1610/2599 1609/2598 1613/2605
f 1590/2575 1593/2574 1616/2695
f 1616/2695 1591/2571 1590/2575
f 1614/2609 1616/2608 1593/2603
f 1618/2696 1591/2571 1616/2695
f 1587/2572 1591/2571 1618/2696
f 1616/2608 1615/2607 1618/2696
f 1618/2696 1588/2567 1587/2572
f 1588/2567 1618/2696 534/2697
f 532/2613 534/2697 1618/2611
f 533/819 534/820 532/817
f 534/2697 536/2698 1588/2567
f 535/824 536/823 534/820
f 1586/2568 1588/2567 536/2698
f 530/2699 532/2613 1615/2612
f 531/816 532/817 530/814
f 1615/2607 1617/2610 530/2699
f 537/827 538/826 536/823
f 536/823 538/826 1586/2568
f 539/830 540/829 538/826
f 540/2561 1585/2560 1586/2563
f 1586/2563 1585/2560 1658/2690
f 541/831 542/832 540/829
f 1656/2687 1658/2690 1585/2560
f 542/2562 1584/2558 1585/2560
f 1585/2560 1584/2558 1656/2687
f 1656/2687 1584/2558 1582/2557
f 542/2559 544/2555 1582/2557
f 543/836 544/835 542/832
f 1582/2554 1583/2556 1656/2687
f 1656/2687 1583/2556 1334/2052
f 1330/2053 1334/2052 1583/2556
f 1583/2556 1331/2048 1330/2053
f 1581/2553 1331/2048 1583/2556
f 1327/2043 1331/2048 1581/2552
f 544/2555 546/2700 1581/2553
f 545/839 546/838 544/835
f 1328/2044 1581/2552 546/2700
f 546/2700 548/841 1328/2044
f 547/840 548/841 546/838
f 529/815 530/814 528/811
f 528/811 530/814 1617/2610
f 1617/2610 1619/2614 528/811
f 4507/2618 528/811 1619/2616
f 526/812 528/811 4507/810
f 1621/2617 1619/2616 1620/2619
f 1623/2622 1620/2619 1614/2609
f 1614/2609 1612/2602 1623/2622
f 1625/2624 1623/2622 1612/2602
f 1612/2602 1613/2605 1625/2624
f 1626/2626 1625/2624 1613/2605
f 1613/2605 1609/2598 1626/2626
f 1628/2628 1626/2626 1609/2598
f 1609/2598 1608/2597 1628/2628
f 1629/2630 1628/2628 1608/2597
f 1608/2595 1607/2594 1629/2630
f 1629/2630 1607/2594 1640/2701
f 1640/2701 1631/2632 1629/2630
f 1632/2634 1631/2632 1640/2701
f 1638/2642 1640/2645 1607/2594
f 1640/2645 1635/2644 1632/2634
f 1634/2636 1632/2634 1635/2638
f 1607/2594 1606/2593 1638/2642
f 1638/2642 1606/2593 1605/2592
f 1605/2592 1642/2647 1638/2642
f 1635/2644 1639/2643 1637/2641
f 1637/2641 1639/2643 1641/2646
f 1641/2646 2514/2649 1637/2641
f 1646/2654 1643/2651 1641/2650
f 1641/2650 1642/2647 1646/2654
f 1647/2702 1646/2654 1642/2647
f 1642/2647 1605/2592 1647/2702
f 1645/2653 1646/2654 1647/2655
f 1653/2672 1647/2702 1605/2592
f 1648/2674 1647/2655 1653/2672
f 1187/1848 34/2703 1188/1850
f 1189/1851 5/6 1/1
f 5/6 1189/1851 12/15
f 34/2703 1187/1848 36/2704
f 12/15 1189/1851 30/2705
f 30/2705 15/19 12/15
f 28/41 30/44 1189/1851
f 1189/1851 1188/1850 28/41
f 15/19 30/2705 25/43
f 31/45 28/41 1188/1850
f 1188/1850 34/2703 31/45
f 36/2704 32/51 34/2703
f 25/43 27/40 15/19
f 13/16 15/19 27/40
f 27/40 17/23 13/16
f 17/23 27/40 21/39
f 21/39 18/24 17/23
f 19/32 18/24 21/30
f 1821/28 18/24 19/26
f 19/26 2389/34 20/29
f 21/39 26/38 24/36
f 22/31 24/36 23/35
f 23/35 24/36 215/304
f 215/304 24/36 26/38
f 26/38 216/298 215/304
f 216/298 26/38 25/37
f 25/43 29/42 216/298
f 213/299 216/298 29/300
f 213/295 214/296 215/297
f 215/297 214/296 2408/307
f 2408/307 214/296 210/308
f 31/45 217/301 29/42
f 218/303 217/301 31/45
f 218/303 211/292 213/302
f 207/293 211/292 218/303
f 31/48 33/47 218/303
f 218/303 208/288 207/293
f 208/288 218/303 33/47
f 33/47 228/328 208/288
f 228/328 33/47 32/46
f 32/51 35/50 228/328
f 228/331 35/50 229/329
f 230/334 229/333 35/50
f 35/50 37/2706 230/334
f 36/52 37/53 35/50
f 230/334 37/2706 40/2707
f 38/55 40/57 37/53
f 38/55 36/54 1187/1848
f 1187/1848 1186/1847 38/55
f 38/55 1186/1847 1191/1853
f 1191/1853 41/59 38/55
f 41/59 1191/1853 1192/1855
f 1192/1918 1240/1921 41/59
f 39/56 41/59 1240/1921
f 40/2707 233/338 230/334
f 233/338 40/2707 39/56
f 1240/1921 44/63 39/56
f 39/62 43/61 233/338
f 44/63 1240/1921 1236/1920
f 231/335 233/338 43/61
f 1236/1920 1238/1917 44/63
f 42/60 44/63 1238/1917
f 43/61 236/342 231/335
f 236/342 43/61 42/60
f 1238/1917 47/67 42/60
f 42/66 46/65 236/342
f 47/67 1238/1917 1233/1916
f 1233/1916 1235/1913 47/67
f 45/64 47/67 1235/1913
f 234/339 236/342 46/65
f 239/2708 46/65 45/64
f 46/65 239/2708 234/339
f 45/70 49/69 239/2708
f 237/343 239/346 49/69
f 230/337 232/336 202/332
f 198/281 202/280 232/336
f 232/336 199/276 198/281
f 199/276 232/336 231/335
f 231/341 235/340 199/276
f 195/277 199/276 235/340
f 198/275 200/278 161/226
f 159/223 161/226 200/278
f 235/340 196/272 195/277
f 196/272 235/340 234/339
f 234/345 238/344 196/272
f 164/2709 200/278 195/277
f 200/278 164/2709 159/223
f 195/271 197/274 164/2709
f 192/273 196/272 238/344
f 162/227 164/230 197/274
f 238/344 193/268 192/273
f 193/268 238/344 237/343
f 237/349 241/348 193/268
f 167/2710 197/274 192/273
f 197/274 167/2710 162/227
f 192/267 194/270 167/2710
f 189/269 193/268 241/348
f 165/231 167/234 194/270
f 241/348 190/264 189/269
f 188/2345 190/264 241/348
f 186/265 190/264 188/262
f 170/2711 194/270 189/269
f 194/270 170/2711 165/231
f 189/263 191/266 170/2711
f 168/235 170/238 191/266
f 191/266 257/386 168/235
f 257/386 191/266 186/265
f 186/265 185/2712 257/386
f 184/257 185/258 186/259
f 257/386 185/2712 182/384
f 252/374 166/373 165/231
f 165/231 169/236 252/374
f 162/233 166/232 249/2713
f 249/367 163/366 162/233
f 248/375 249/2713 166/373
f 245/362 249/367 248/365
f 248/369 252/374 251/372
f 251/372 252/374 169/236
f 169/236 172/2714 251/372
f 171/239 172/240 169/236
f 251/372 172/2714 254/379
f 173/382 254/381 172/240
f 144/371 247/363 248/369
f 140/201 144/200 250/370
f 247/363 144/371 143/199
f 143/205 147/204 247/363
f 258/387 145/388 140/195
f 143/199 145/202 261/2715
f 261/2715 148/206 143/199
f 148/397 261/2715 260/395
f 259/393 261/392 145/388
f 146/203 148/206 263/396
f 263/396 151/210 146/203
f 244/2716 147/204 146/203
f 147/204 244/2716 245/362
f 146/209 150/208 244/2716
f 152/213 150/208 149/211
f 150/208 152/213 243/355
f 243/354 152/213 153/352
f 156/221 157/220 153/218
f 243/361 157/353 160/359
f 158/222 160/224 157/220
f 243/355 246/360 245/358
f 246/360 160/359 159/223
f 245/368 246/360 163/366
f 159/223 163/228 246/360
f 259/390 258/389 1504/2717
f 1504/2717 264/399 259/390
f 1504/2717 258/389 142/198
f 3757/398 264/399 265/400
f 265/400 264/399 1504/2717
f 142/198 1505/2357 1504/2717
f 1504/2356 1506/2359 265/400
f 1505/2357 142/198 137/197
f 267/2718 265/400 1506/2359
f 266/401 265/400 267/403
f 1506/2359 271/410 267/2718
f 271/410 1506/2359 1501/2358
f 267/409 270/408 2585/406
f 1568/2719 2585/406 270/408
f 270/408 1569/2473 1568/2719
f 1569/2473 270/408 269/407
f 1501/2352 1503/2355 271/410
f 269/407 271/410 1503/2355
f 1503/2355 274/414 269/407
f 274/414 1503/2355 1500/2360
f 269/407 273/412 1569/2473
f 1566/2471 1569/2473 273/412
f 1566/2467 1551/2446 3508/2469
f 273/412 1567/2468 1566/2471
f 1551/2446 1549/2445 1548/2442
f 1567/2468 273/412 272/411
f 272/411 274/414 1507/2361
f 272/417 276/416 1567/2468
f 1507/2361 277/418 272/411
f 1552/2447 1567/2468 276/416
f 277/2366 1507/2361 1508/2364
f 276/416 1555/2451 1552/2447
f 1552/2450 1554/2449 1549/2445
f 1555/2451 276/416 275/415
f 1545/2440 1549/2439 1554/2449
f 275/415 277/418 1509/2365
f 1545/2434 1547/2437 3502/2474
f 1554/2449 1546/2435 1545/2440
f 1509/2365 280/422 275/415
f 1546/2435 1554/2449 1553/2448
f 280/2373 1509/2365 1510/2371
f 275/421 279/420 1555/2451
f 1553/2448 1555/2451 279/420
f 1553/2454 1557/2453 1546/2435
f 279/420 1558/2455 1553/2448
f 1542/2436 1546/2435 1557/2453
f 1558/2455 279/420 278/419
f 1557/2453 1543/2431 1542/2436
f 278/419 280/422 1512/2372
f 1543/2431 1557/2453 1556/2452
f 1512/2372 283/426 278/419
f 283/2380 1512/2372 1513/2378
f 278/425 282/424 1558/2455
f 1556/2452 1558/2455 282/424
f 1556/2458 1560/2457 1543/2431
f 282/424 1561/2459 1556/2452
f 1539/2432 1543/2431 1560/2457
f 1561/2459 282/424 281/423
f 281/423 283/426 1515/2379
f 281/429 285/428 1561/2459
f 1515/2379 286/430 281/423
f 1559/2456 1561/2459 285/428
f 286/2387 1515/2379 1516/2385
f 285/428 1564/2463 1559/2456
f 1564/2463 285/428 284/427
f 284/427 286/430 1518/2386
f 284/427 288/432 1564/2463
f 1518/2386 289/434 284/427
f 1562/2460 1564/2463 288/432
f 289/2394 1518/2386 1519/2392
f 288/432 1565/2465 1562/2460
f 1565/2465 288/432 287/431
f 287/431 289/434 1521/2393
f 287/431 291/436 1565/2465
f 1521/2393 292/438 287/431
f 1531/2466 1565/2465 291/436
f 292/2401 1521/2393 1522/2399
f 290/435 292/438 1524/2400
f 1529/2413 291/436 290/441
f 291/436 1529/2413 1531/2466
f 1522/2405 1526/2404 1525/2402
f 1533/2418 1534/2419 1531/2415
f 1531/2466 1534/2419 1562/2464
f 1562/2464 1534/2419 1537/2720
f 1535/2424 1537/2423 1534/2419
f 1537/2720 1563/2461 1562/2464
f 1563/2461 1537/2720 1536/2422
f 3893/2501 1538/2425 1535/2499
f 1576/2488 1538/2425 3893/2498
f 1536/2422 1538/2425 1576/2488
f 1536/2428 1540/2427 1563/2461
f 1559/2462 1563/2461 1540/2427
f 1540/2427 1560/2457 1559/2462
f 1560/2457 1540/2427 1539/2432
f 1576/2488 1541/2429 1536/2422
f 1539/2426 1541/2429 1574/2721
f 1574/2721 1541/2429 1576/2488
f 1576/2488 1572/2487 1574/2721
f 1577/2493 1573/2492 1572/2487
f 1574/2721 1544/2433 1539/2426
f 1571/2484 1573/2483 3500/2495
f 1544/2433 1574/2721 1571/2484
f 1571/2497 1578/2496 3495/2479
f 1571/2481 1570/2480 1544/2433
f 1547/2437 1570/2478 3495/2475
f 1542/2430 1544/2433 1570/2478
f 113/159 115/162 1526/2412
f 1526/2412 118/2403 113/159
f 1522/2405 1523/2722 118/2403
f 1519/2392 1523/2397 1522/2395
f 116/163 118/166 1523/2722
f 1523/2397 121/2396 116/163
f 1519/2398 1520/2723 121/2396
f 1516/2391 1520/2390 1519/2388
f 119/167 121/170 1520/2723
f 1520/2723 124/2389 119/167
f 1516/2391 1517/2724 124/2389
f 1513/2384 1517/2383 1516/2381
f 122/171 124/174 1517/2724
f 1517/2383 127/2382 122/171
f 1513/2384 1514/2725 127/2382
f 1510/2377 1514/2376 1513/2374
f 125/175 127/178 1514/2725
f 1514/2725 130/2375 125/175
f 1510/2377 1511/2726 130/2375
f 1508/2370 1511/2369 1510/2367
f 128/179 130/182 1511/2726
f 1511/2369 133/2368 128/179
f 1508/2370 1499/2348 133/2368
f 1500/2360 1499/2350 1508/2363
f 1499/2348 136/2349 131/183
f 1500/2354 1502/2353 136/2349
f 134/187 136/190 1502/2353
f 1498/2346 132/184 131/189
f 132/184 1498/2346 177/247
f 177/247 1497/2342 132/184
f 128/185 132/184 1497/2342
f 1497/2342 129/2341 128/185
f 125/181 129/180 1494/2338
f 1494/2338 126/176 125/181
f 126/176 1494/2338 1490/2337
f 1490/2331 1491/2334 126/176
f 122/177 126/176 1491/2334
f 1491/2334 123/172 122/177
f 123/172 1491/2334 75/2333
f 75/107 1489/2329 123/172
f 119/173 123/172 1489/2329
f 1489/2329 120/2328 119/173
f 116/169 120/168 78/111
f 78/111 117/164 116/169
f 117/164 78/111 77/110
f 77/110 80/114 117/164
f 113/165 117/164 80/114
f 80/114 114/160 113/165
f 81/2320 1485/2319 80/114
f 114/160 80/114 1485/2319
f 1485/2319 1486/2321 114/160
f 110/161 114/160 1486/2321
f 1486/2321 111/156 110/161
f 111/2325 1486/2321 1487/2323
f 98/139 1488/2324 1487/2322
f 107/157 111/156 1488/2324
f 108/152 1488/2324 98/139
f 1488/2324 108/152 107/157
f 1660/2727 1661/2728 1662/2729
f 1662/2729 1663/2730 1660/2727
f 1660/2731 1664/2732 1665/2733
f 1666/2734 1667/2735 1665/2736
f 1661/2737 1665/2738 1668/2739
f 1669/2740 1670/2741 1668/2742
f 1668/2742 1671/2743 1669/2740
f 1672/2744 1673/2745 1669/2746
f 1669/2746 1674/2747 1672/2744
f 1675/2748 1676/2749 1672/2750
f 1672/2750 1677/2751 1675/2748
f 1678/2752 1679/2753 1675/2754
f 1675/2754 1680/2755 1678/2752
f 1681/2756 1682/2757 1678/2758
f 1678/2758 1683/2759 1681/2756
f 1684/2760 1685/2761 1681/2762
f 1681/2762 1686/2763 1684/2760
f 1685/2761 1684/2760 1687/2764
f 1688/2765 1687/2766 1689/2767
f 1690/2768 1689/2769 1691/2770
f 1692/2771 1691/2772 1693/2773
f 1694/2774 1693/2775 1695/2776
f 1696/2777 1695/2778 1697/2779
f 1698/2780 1697/2781 1699/2782
f 1700/2783 1699/2784 1701/2785
f 1702/2786 1701/2787 1703/2788
f 1704/2789 1703/2790 1705/2791
f 1706/2792 1707/2793 1705/2794
f 1705/2794 1708/2795 1706/2792
f 1709/2796 1706/2797 1710/2798
f 1711/2799 4521/2800 1710/2801
f 1710/2801 1712/2802 1711/2799
f 1713/2803 1714/2804 1711/2805
f 4523/2806 1714/2804 1713/2803
f 1713/2803 1715/2807 4523/2806
f 1716/2808 1717/2809 4523/2810
f 1718/2811 1717/2809 1716/2808
f 1716/2808 1719/2812 1718/2811
f 1720/2813 4525/2814 1718/2815
f 1721/2816 4525/2814 1720/2813
f 1720/2813 1722/2817 1721/2816
f 1723/2818 4527/2819 1721/2820
f 4529/2821 4527/2819 1723/2818
f 1723/2818 1724/2822 4529/2821
f 1725/2823 1726/2824 4529/2825
f 4531/2826 1726/2824 1725/2823
f 1725/2823 1727/2827 4531/2826
f 1728/2828 4533/2829 4531/2830
f 1729/2831 4533/2829 1728/2828
f 1730/2832 1731/2833 1728/2834
f 1728/2834 1732/2835 1730/2832
f 1733/2836 1734/2837 1730/2838
f 1730/2838 1735/2839 1733/2836
f 1736/2840 1737/2841 1733/2842
f 1733/2842 1738/2843 1736/2840
f 1739/2844 1740/2845 1736/2846
f 1736/2846 1741/2847 1739/2844
f 1742/2848 1743/2849 1739/2850
f 1739/2850 1744/2851 1742/2848
f 1745/2852 1746/2853 1742/2854
f 1742/2854 1747/2855 1745/2852
f 1666/2856 1748/2857 1745/2858
f 1745/2858 1748/2857 1749/2859
f 1746/2860 1749/2861 1750/2862
f 1751/2863 1752/2864 1750/2865
f 1750/2865 1753/2866 1751/2863
f 1754/2867 1751/2868 1755/2869
f 1756/2870 1757/2871 1755/2872
f 1755/2872 1758/2873 1756/2870
f 1759/2874 1760/2875 1756/2876
f 1756/2876 1760/2875 1761/2877
f 1762/2878 1763/2879 1761/2880
f 1761/2880 1764/2881 1762/2878
f 1763/2879 1762/2878 1765/2882
f 1766/2883 1765/2884 1767/2885
f 1768/2886 1767/2887 4536/2888
f 1769/2889 4536/2890 1770/2891
f 1771/2892 1770/2893 4535/2894
f 1772/2895 4535/2896 1729/2897
f 1773/2898 1769/2899 1771/2900
f 1771/2900 1774/2901 1773/2898
f 1775/2902 1773/2903 1776/2904
f 1776/2904 1777/2905 1775/2902
f 1764/2881 1761/2880 1778/2906
f 1778/2906 1779/2907 1764/2881
f 1779/2907 1778/2906 1780/2908
f 1780/2908 1781/2909 1779/2907
f 1781/2909 1780/2908 1782/2910
f 1782/2910 1783/2911 1781/2909
f 1783/2911 1782/2910 1784/2912
f 1784/2912 1785/2913 1783/2911
f 1785/2913 1784/2912 1786/2914
f 1786/2914 1787/2915 1785/2913
f 1787/2915 1786/2914 1788/2916
f 1788/2916 4540/2917 1787/2915
f 4542/2918 5245/2919 1790/2920
f 1790/2921 1791/2922 4542/2918
f 1791/2922 1790/2921 1792/2923
f 1792/2923 1793/2924 1791/2922
f 1793/2924 1792/2923 1794/2925
f 1794/2925 4553/2926 1793/2924
f 4553/2926 1794/2925 1795/2927
f 1796/2928 1797/2929 1795/2930
f 1795/2930 1798/2931 1796/2928
f 2150/2932 1797/2929 1796/2928
f 1796/2928 1799/2933 2150/2932
f 2150/2934 1800/2935 1801/2936
f 1797/2937 1801/2938 1802/2939
f 1803/2940 1799/2933 1796/2928
f 1796/2928 1804/2941 1803/2940
f 2015/2942 1803/2940 1804/2941
f 1805/2943 1804/2941 1796/2928
f 1806/2944 1804/2941 1805/2943
f 1805/2943 1807/2945 1806/2944
f 2015/2946 1806/2947 1808/2948
f 1809/2949 1810/2950 1808/2951
f 1808/2951 1811/2952 1809/2949
f 20/2953 2390/2954 1809/2955
f 1809/2955 1812/2956 20/2953
f 20/2953 1812/2956 1813/2957
f 1814/2958 1813/2957 1812/2956
f 1812/2956 1815/2959 1814/2958
f 1816/2960 1817/2961 1814/2962
f 1814/2962 1817/2961 1818/2963
f 1818/2963 1819/2964 1814/2962
f 1814/2962 1819/2964 1820/2965
f 1820/2966 1821/2967 1822/2968
f 16/2969 1821/2967 1820/2966
f 1820/2965 1819/2964 1823/2970
f 1823/2970 1824/2971 1820/2965
f 16/2972 1824/2973 1825/2974
f 1825/2974 1826/2975 16/2972
f 1827/2976 1828/2977 1826/2978
f 1483/2979 1828/2977 1827/2976
f 1829/2980 1830/2981 1827/2982
f 1827/2982 1830/2981 1831/2983
f 1831/2983 1832/2984 1827/2982
f 1483/2985 1832/2986 1833/2987
f 1834/2988 1835/2989 1833/2990
f 1833/2990 1836/2991 1834/2988
f 1834/2988 1836/2991 1837/2992
f 1837/2992 1838/2993 1834/2988
f 1841/2994 1839/2995 1840/2996
f 1839/2995 1841/2994 1834/2997
f 1838/2998 1842/2999 1839/3000
f 1843/3001 1844/3002 1842/3003
f 1759/3004 1845/3005 1842/3006
f 1846/3007 1839/3000 1842/2999
f 1847/3008 1846/3009 1750/3010
f 1748/3011 1848/3012 1847/3013
f 1847/3013 1848/3012 1849/3014
f 1850/3015 1851/3016 1849/3017
f 1849/3017 1852/3018 1850/3015
f 1853/3019 1851/3016 1850/3015
f 1850/3015 1854/3020 1853/3019
f 1461/3021 1855/3022 1853/3023
f 1853/3023 1456/3024 1461/3021
f 1461/3025 1464/3026 1835/3027
f 1464/3028 1465/3029 1833/3030
f 1455/3031 1456/3024 1853/3023
f 1856/3032 1455/3033 1854/3034
f 1857/3035 1854/3020 1850/3015
f 1850/3015 1858/3036 1857/3035
f 1856/3037 1857/3038 1859/3039
f 1860/3040 1861/3041 1859/3042
f 1859/3042 1862/3043 1860/3040
f 1863/3044 1860/3045 1864/3046
f 1865/3047 1866/3048 1864/3049
f 1862/3050 1867/3051 1864/3052
f 1868/3053 1867/3051 1862/3050
f 1868/3054 1852/3055 1869/3056
f 1869/3056 1870/3057 1868/3054
f 1871/3058 1866/3048 1865/3047
f 1872/3059 1865/3060 1873/3061
f 1874/3062 1873/3063 1668/3064
f 1872/3065 1874/3066 1875/3067
f 1876/3068 1877/3069 1875/3070
f 1875/3070 1878/3071 1876/3068
f 1879/3072 1880/3073 1876/3074
f 1876/3074 1881/3075 1879/3072
f 1882/3076 1883/3077 1879/3078
f 1879/3078 1884/3079 1882/3076
f 1885/3080 1886/3081 1882/3082
f 1882/3082 1887/3083 1885/3080
f 1888/3084 1889/3085 1885/3086
f 1885/3086 1890/3087 1888/3084
f 1889/3085 1888/3084 1891/3088
f 1892/3089 1891/3090 1893/3091
f 1894/3092 1893/3093 1895/3094
f 1896/3095 1895/3096 1897/3097
f 1898/3098 1897/3099 1899/3100
f 1900/3101 1901/3102 1899/3103
f 1899/3103 1902/3104 1900/3101
f 1903/3105 1901/3102 1900/3101
f 1900/3101 1904/3106 1903/3105
f 1905/3107 1906/3108 1903/3109
f 1903/3109 1907/3110 1905/3107
f 1908/3111 1909/3112 1905/3113
f 1905/3113 1910/3114 1908/3111
f 1911/3115 1912/3116 1908/3117
f 1908/3117 1913/3118 1911/3115
f 1914/3119 1915/3120 1911/3121
f 1911/3121 1916/3122 1914/3119
f 1917/3123 1918/3124 1914/3125
f 1914/3125 1919/3126 1917/3123
f 1920/3127 1921/3128 1917/3129
f 1917/3129 1922/3130 1920/3127
f 1923/3131 1924/3132 1920/3133
f 1920/3133 1925/3134 1923/3131
f 1926/3135 1927/3136 1923/3137
f 1923/3137 1369/3138 1926/3135
f 1926/3139 1444/3140 1928/3141
f 1929/3142 1928/3141 1444/3140
f 1444/3140 1443/3143 1929/3142
f 1930/3144 1931/3145 1929/3146
f 1929/3146 1932/3147 1930/3144
f 1933/3148 1931/3145 1930/3144
f 1930/3144 1932/3147 1934/3149
f 1445/3150 1934/3149 1932/3147
f 1443/3151 1935/3152 1932/3153
f 1445/3154 1448/3155 1861/3156
f 1448/3157 1449/3158 1859/3159
f 1936/3160 1931/3145 1933/3148
f 1937/3161 1933/3162 1938/3163
f 1939/3164 1938/3165 1875/3166
f 1940/3167 1937/3168 1939/3169
f 1939/3169 1941/3170 1940/3167
f 1940/3171 1942/3172 1936/3173
f 1940/3174 1943/3175 1924/3176
f 1944/3177 1943/3175 1940/3174
f 1944/3178 1945/3179 1921/3180
f 1946/3181 1945/3179 1944/3178
f 1944/3182 1941/3183 1947/3184
f 1947/3184 1948/3185 1944/3182
f 1946/3186 1948/3187 1949/3188
f 1949/3188 1950/3189 1946/3186
f 1946/3190 1951/3191 1918/3192
f 1952/3193 1951/3191 1946/3190
f 1952/3194 1953/3195 1915/3196
f 1954/3197 1953/3195 1952/3194
f 1952/3198 1950/3199 1955/3200
f 1955/3200 1956/3201 1952/3198
f 1954/3202 1956/3203 1957/3204
f 1957/3204 1958/3205 1954/3202
f 1954/3206 1959/3207 1912/3208
f 1960/3209 1959/3207 1954/3206
f 1960/3210 1961/3211 1909/3212
f 1912/3208 1953/3195 1954/3206
f 1909/3212 1959/3207 1960/3210
f 1952/3194 1956/3201 1954/3197
f 1954/3206 1958/3205 1960/3209
f 1946/3190 1950/3189 1952/3193
f 1915/3196 1951/3191 1952/3194
f 1951/3191 1915/3196 1914/3119
f 1914/3119 1916/3122 1962/3213
f 1919/3214 1962/3215 1963/3216
f 1964/3217 1965/3218 1963/3219
f 1963/3219 1966/3220 1964/3217
f 1371/3221 1967/3222 1964/3223
f 1964/3223 1372/3224 1371/3221
f 1371/3225 1370/3226 1925/3227
f 2502/3228 1372/3224 1964/3223
f 2500/3229 2502/3230 1966/3231
f 1968/3232 1966/3220 1963/3219
f 1963/3219 1969/3233 1968/3232
f 2500/3234 1968/3235 1970/3236
f 1971/3237 1972/3238 1970/3239
f 1970/3239 1973/3240 1971/3237
f 1974/3241 1975/3242 1971/3243
f 1971/3243 1976/3244 1974/3241
f 1977/3245 1978/3246 1974/3247
f 1974/3247 1979/3248 1977/3245
f 1980/3249 1981/3250 1977/3251
f 1977/3251 1982/3252 1980/3249
f 1983/3253 1984/3254 1980/3255
f 1980/3255 1985/3256 1983/3253
f 1986/3257 1987/3258 1983/3259
f 1983/3259 1988/3260 1986/3257
f 1989/3261 1990/3262 1986/3263
f 1986/3263 1991/3264 1989/3261
f 1992/3265 1993/3266 1989/3267
f 1989/3267 1994/3268 1992/3265
f 1995/3269 1996/3270 1992/3271
f 1992/3271 1997/3272 1995/3269
f 1998/3273 1999/3274 1995/3275
f 1995/3275 2000/3276 1998/3273
f 2001/3277 2002/3278 1998/3279
f 1998/3279 2003/3280 2001/3277
f 2002/3278 2001/3277 2004/3281
f 2005/3282 2004/3283 2006/3284
f 2007/3285 2006/3286 2008/3287
f 2009/3288 2008/3289 2010/3290
f 2011/3291 2010/3292 2012/3293
f 2013/3294 2012/3295 2014/3296
f 2015/3297 2016/3298 2014/3299
f 2014/3299 1803/3300 2015/3297
f 2015/3301 2017/3302 2018/3303
f 2019/3304 2018/3305 2020/3306
f 2020/3306 2021/3307 2019/3304
f 2019/3308 2022/3309 2011/3310
f 2023/3311 2009/3312 2011/3313
f 2023/3314 2024/3315 2007/3316
f 2025/3317 2005/3318 2007/3319
f 2026/3320 2027/3321 2025/3322
f 2025/3322 2028/3323 2026/3320
f 2029/3324 2030/3325 2026/3326
f 2026/3326 2031/3327 2029/3324
f 2032/3328 2033/3329 2029/3330
f 2029/3330 2034/3331 2032/3328
f 2035/3332 2036/3333 2032/3334
f 2032/3334 2037/3335 2035/3332
f 2038/3336 2039/3337 2035/3338
f 2035/3338 2040/3339 2038/3336
f 2041/3340 2042/3341 2038/3342
f 2038/3342 2043/3343 2041/3340
f 2044/3344 2045/3345 2041/3346
f 2041/3346 2046/3347 2044/3344
f 2047/3348 2048/3349 2044/3350
f 2044/3350 2049/3351 2047/3348
f 2050/3352 2051/3353 2047/3354
f 2047/3354 2052/3355 2050/3352
f 2053/3356 2054/3357 2050/3358
f 2050/3358 2511/3359 2053/3356
f 2053/3360 2510/3361 1972/3362
f 2510/3363 2055/3364 1970/3365
f 2338/3366 2511/3359 2050/3358
f 2056/3367 2338/3368 2052/3369
f 2057/3370 2052/3355 2047/3354
f 2056/3371 2057/3372 2058/3373
f 2059/3374 2060/3375 2058/3376
f 2058/3376 2061/3377 2059/3374
f 2062/3378 2063/3379 2059/3380
f 2059/3380 2064/3381 2062/3378
f 2065/3382 2066/3383 2062/3384
f 2062/3384 2067/3385 2065/3382
f 2068/3386 2069/3387 2065/3388
f 2065/3388 2070/3389 2068/3386
f 2071/3390 2072/3391 2068/3392
f 2068/3392 2073/3393 2071/3390
f 2034/3394 2074/3395 2071/3396
f 2075/3397 2076/3398 2071/3399
f 2077/3400 2076/3398 2075/3397
f 2031/3401 2078/3402 2075/3403
f 2075/3397 2079/3404 2077/3400
f 2077/3400 2371/3405 2076/3398
f 2371/3406 2370/3407 2072/3408
f 2370/3409 2080/3410 2069/3411
f 2080/3412 2365/3413 2066/3414
f 2365/3415 2081/3416 2063/3417
f 2081/3418 2082/3419 2060/3420
f 2083/3421 2058/3376 2060/3375
f 2403/3422 2077/3400 2079/3404
f 2403/3422 2079/3404 2084/3423
f 2085/3424 2084/3425 2078/3426
f 2084/3425 2085/3424 2086/3427
f 2086/3427 2087/3428 2084/3425
f 2088/3429 2398/3430 2087/3431
f 2397/3432 2398/3430 2088/3429
f 2020/3433 2395/3434 2397/3435
f 2089/3436 2395/3434 2020/3433
f 2017/3437 2090/3438 2020/3439
f 2020/3439 2090/3438 2089/3436
f 2398/3430 2403/3440 2087/3431
f 2084/3425 2087/3428 2403/3422
f 2020/3439 2018/3305 2017/3437
f 2087/3431 2086/3427 2088/3429
f 2397/3435 2021/3307 2020/3433
f 2088/3429 2021/3307 2397/3432
f 2084/3423 2079/3404 2075/3397
f 2075/3403 2078/3402 2084/3423
f 2021/3307 2088/3429 2022/3441
f 2022/3441 2088/3429 2086/3427
f 2022/3309 2019/3308 2021/3307
f 2086/3427 2023/3442 2022/3441
f 2023/3442 2086/3427 2085/3424
f 2011/3310 2022/3309 2023/3311
f 2085/3424 2024/3315 2023/3442
f 2011/3310 2013/3443 2019/3308
f 2025/3444 2024/3315 2085/3424
f 2019/3308 2013/3443 2016/3445
f 2016/3445 2018/3305 2019/3308
f 2018/3303 2016/3445 2015/3301
f 2014/3299 2016/3298 2013/3294
f 2014/3296 2012/3295 2091/3446
f 2092/3447 2091/3448 2093/3449
f 4548/3450 2094/3451 2093/3452
f 2093/3452 2095/3453 4548/3450
f 2096/3454 2097/3455 4548/3456
f 4546/3457 2097/3455 2096/3454
f 2096/3454 2098/3458 4546/3457
f 2099/3459 2100/3460 4546/3461
f 2101/3462 2102/3463 2100/3464
f 2102/3463 2101/3462 2103/3465
f 2104/3466 2105/3467 2103/3468
f 2103/3468 2106/3469 2104/3466
f 2107/3470 2108/3471 2104/3472
f 2104/3472 2109/3473 2107/3470
f 2110/3474 2111/3475 2107/3476
f 2107/3476 2112/3477 2110/3474
f 2113/3478 2114/3479 2110/3480
f 2110/3480 2115/3481 2113/3478
f 2116/3482 2117/3483 2113/3484
f 2113/3484 2118/3485 2116/3482
f 2119/3486 2120/3487 2116/3488
f 2116/3488 2121/3489 2119/3486
f 2122/3490 2123/3491 2119/3492
f 2119/3492 2124/3493 2122/3490
f 2125/3494 2126/3495 2122/3496
f 2122/3496 2127/3497 2125/3494
f 2128/3498 2129/3499 2125/3500
f 2125/3500 2130/3501 2128/3498
f 2131/3502 2132/3503 2128/3504
f 2128/3504 2133/3505 2131/3502
f 2134/3506 2135/3507 2131/3508
f 2131/3508 2136/3509 2134/3506
f 2119/3492 2123/3491 2137/3510
f 2138/3511 2137/3512 1900/3513
f 2138/3514 2139/3515 2120/3516
f 2113/3484 2117/3483 2140/3517
f 2137/3510 2120/3487 2119/3492
f 2120/3487 2137/3510 2138/3514
f 1900/3513 2137/3512 2123/3491
f 2116/3488 2120/3487 2139/3515
f 2123/3491 1904/3106 1900/3513
f 2139/3515 2117/3483 2116/3488
f 1904/3106 2123/3491 2122/3490
f 2117/3483 2139/3515 1704/3518
f 1704/3518 2140/3517 2117/3483
f 1704/3518 2139/3515 2138/3514
f 1900/3101 1902/3104 2138/3511
f 2122/3496 2126/3495 1904/3106
f 1903/3105 1904/3106 2126/3495
f 2126/3495 1907/3110 1903/3105
f 1907/3110 2126/3495 2125/3494
f 2125/3500 2129/3499 1907/3110
f 1905/3107 1907/3110 2129/3499
f 2129/3499 1910/3114 1905/3107
f 1910/3114 2129/3499 2128/3498
f 2128/3498 2132/3503 1910/3114
f 1908/3111 1910/3114 2132/3503
f 2132/3503 1913/3118 1908/3111
f 1913/3118 2132/3503 2131/3502
f 1908/3117 1912/3116 1959/3207
f 1959/3207 1909/3212 1908/3117
f 1905/3113 1909/3112 1961/3211
f 1961/3211 1906/3108 1905/3113
f 1953/3195 1912/3208 1911/3115
f 1911/3121 1915/3120 1953/3195
f 1911/3115 1913/3118 2135/3519
f 2131/3502 2135/3507 1913/3118
f 2135/3519 1916/3122 1911/3115
f 1916/3122 2135/3519 2134/3506
f 2134/3506 1962/3213 1916/3122
f 1963/3216 1962/3215 2134/3506
f 1962/3213 1919/3214 1914/3119
f 1914/3125 1918/3124 1951/3191
f 1963/3219 1965/3218 1919/3214
f 2134/3506 1969/3233 1963/3216
f 1917/3123 1919/3126 1965/3218
f 1973/3520 1969/3233 2134/3506
f 2134/3506 2136/3509 1973/3520
f 1969/3233 1973/3520 1970/3239
f 1970/3239 1968/3235 1969/3233
f 1971/3237 1973/3240 2136/3509
f 1966/3220 1968/3232 2500/3229
f 1970/3365 2055/3364 2500/3234
f 1964/3217 1966/3220 2502/3228
f 1970/3239 1972/3238 2510/3363
f 1922/3521 1965/3218 1964/3217
f 1965/3218 1922/3521 1917/3123
f 1964/3223 1967/3222 1922/3521
f 1920/3127 1922/3130 1967/3222
f 1925/3227 1967/3222 1371/3225
f 1967/3222 1925/3227 1920/3127
f 1923/3131 1925/3134 1370/3226
f 1370/3226 1369/3138 1923/3131
f 1972/3362 2054/3357 2053/3360
f 2054/3357 1972/3362 1971/3237
f 1971/3243 1975/3242 2054/3357
f 2050/3358 2054/3357 1975/3242
f 2050/3352 2052/3355 2338/3366
f 1975/3242 2051/3353 2050/3358
f 2051/3353 1975/3242 1974/3241
f 2052/3355 2057/3370 2056/3367
f 1974/3247 1978/3246 2051/3353
f 2047/3354 2051/3353 1978/3246
f 2058/3373 2083/3421 2056/3371
f 2060/3375 2082/3419 2083/3421
f 1978/3246 2048/3349 2047/3354
f 2047/3348 2049/3351 2057/3370
f 2058/3373 2057/3372 2049/3351
f 2048/3349 1978/3246 1977/3245
f 2049/3351 2061/3377 2058/3373
f 2061/3377 2049/3351 2044/3350
f 1977/3251 1981/3250 2048/3349
f 2044/3350 2048/3349 1981/3250
f 2044/3350 2046/3347 2061/3377
f 1981/3250 2045/3345 2044/3350
f 2059/3374 2061/3377 2046/3347
f 2045/3345 1981/3250 1980/3249
f 2046/3347 2064/3381 2059/3374
f 2064/3381 2046/3347 2041/3346
f 2060/3375 2059/3374 2063/3379
f 2063/3379 2081/3416 2060/3375
f 2041/3346 2043/3343 2064/3381
f 2062/3378 2064/3381 2043/3343
f 2041/3346 2045/3345 1984/3522
f 1980/3255 1984/3254 2045/3345
f 1984/3522 2042/3341 2041/3346
f 2042/3341 1984/3522 1983/3253
f 2043/3343 2067/3385 2062/3378
f 2063/3379 2062/3378 2066/3383
f 2066/3383 2365/3413 2063/3379
f 2067/3385 2043/3343 2038/3342
f 2069/3411 2080/3410 2066/3414
f 2066/3383 2065/3382 2069/3411
f 2065/3382 2067/3385 2040/3523
f 2038/3342 2040/3339 2067/3385
f 2040/3523 2070/3389 2065/3382
f 2070/3389 2040/3523 2035/3338
f 2072/3408 2370/3407 2069/3411
f 2069/3411 2068/3386 2072/3408
f 2076/3398 2371/3405 2072/3408
f 2072/3391 2071/3390 2076/3398
f 2068/3386 2070/3389 2037/3524
f 2035/3332 2037/3335 2070/3389
f 2037/3524 2073/3393 2068/3386
f 2073/3393 2037/3524 2032/3334
f 2071/3390 2073/3393 2034/3394
f 2032/3328 2034/3331 2073/3393
f 2071/3399 2074/3395 2075/3397
f 2074/3395 2034/3394 2029/3330
f 2075/3403 2074/3395 2031/3401
f 2029/3324 2031/3327 2074/3395
f 2078/3402 2031/3401 2026/3326
f 2026/3320 2028/3323 2078/3402
f 2078/3402 2028/3323 2085/3424
f 2085/3424 2028/3323 2025/3444
f 2007/3316 2024/3315 2025/3317
f 2007/3316 2009/3312 2023/3314
f 2008/3287 2009/3288 2007/3285
f 2010/3290 2008/3289 2141/3525
f 2142/3526 2141/3527 2096/3528
f 2096/3528 2141/3527 2143/3529
f 2143/3530 2144/3531 2099/3532
f 2099/3532 2144/3531 2145/3533
f 2143/3529 2141/3527 2008/3289
f 2141/3525 2142/3526 2010/3290
f 2010/3292 2011/3291 2009/3288
f 2012/3295 2013/3294 2011/3291
f 2012/3293 2010/3292 2142/3526
f 2142/3526 2091/3446 2012/3293
f 2008/3289 2006/3286 2143/3529
f 2144/3531 2143/3530 2006/3286
f 2006/3286 2007/3285 2005/3282
f 2006/3286 2004/3283 2144/3531
f 2145/3533 2144/3531 2004/3283
f 2004/3281 2005/3282 2002/3278
f 2002/3278 2005/3282 2025/3317
f 2004/3283 2001/3277 2145/3533
f 2025/3322 2027/3321 2002/3278
f 2145/3533 2001/3277 2003/3280
f 1998/3279 2002/3278 2027/3321
f 2003/3280 2106/3534 2145/3533
f 2027/3321 1999/3274 1998/3279
f 1999/3274 2027/3321 2026/3320
f 2026/3326 2030/3325 1999/3274
f 1995/3275 1999/3274 2030/3325
f 2109/3535 2003/3280 1998/3279
f 2106/3534 2003/3280 2109/3535
f 1998/3279 2000/3276 2109/3535
f 2109/3473 2104/3472 2106/3534
f 2107/3470 2109/3473 2000/3276
f 2101/3536 2145/3533 2106/3534
f 2106/3534 2103/3468 2101/3536
f 2103/3465 2146/3537 2102/3463
f 2105/3538 4544/3539 2146/3540
f 4518/3541 4544/3539 2105/3538
f 2108/3542 2147/3543 2105/3544
f 4519/3545 4518/3546 2147/3547
f 2147/3547 2148/3548 4519/3545
f 2146/3537 2103/3465 2105/3538
f 2105/3544 2147/3543 4518/3541
f 2105/3544 2104/3466 2108/3542
f 2148/3548 2147/3547 2108/3542
f 2145/3533 2101/3536 2099/3532
f 2100/3464 2099/3459 2101/3462
f 4546/3457 2098/3458 2099/3459
f 2099/3532 2098/3458 2143/3530
f 2143/3529 2098/3458 2096/3528
f 4548/3456 2095/3453 2096/3454
f 2096/3528 2095/3453 2142/3526
f 2142/3526 2095/3453 2093/3452
f 2093/3449 2149/3549 2092/3447
f 2150/3550 1799/3551 2092/3552
f 4550/3553 1800/3554 2150/3555
f 2092/3447 2149/3549 2150/3550
f 2150/3550 2149/3549 4550/3553
f 4550/3553 2149/3549 2093/3449
f 2093/3452 2094/3451 4550/3553
f 2093/3452 2091/3448 2142/3526
f 2091/3446 2092/3447 2014/3296
f 2014/3296 2092/3447 1799/3551
f 1799/3551 1803/3300 2014/3296
f 1710/2801 4521/2800 4519/3556
f 4519/3545 2148/3548 1710/2801
f 1710/2798 2148/3548 1709/2796
f 2108/3542 1709/2796 2148/3548
f 1709/2796 2108/3542 2107/3470
f 2107/3476 2111/3475 1709/2796
f 1706/2797 1709/2796 2111/3475
f 2000/3276 2112/3477 2107/3470
f 2112/3477 2000/3276 1995/3275
f 2111/3475 1707/2793 1706/2797
f 1995/3275 1997/3272 2112/3477
f 1707/2793 2111/3475 2110/3474
f 2110/3474 2112/3477 1997/3272
f 1710/2798 1706/2797 1708/2795
f 1708/3557 2151/3558 1713/3559
f 1713/3559 2151/3558 2152/3560
f 2152/3561 2153/3562 1716/3563
f 1716/3563 2153/3562 2154/3564
f 2154/3565 2155/3566 1720/3567
f 1720/3567 2155/3566 2156/3568
f 2156/3569 2157/3570 1723/3571
f 1723/3571 2157/3570 2158/3572
f 2158/3573 2159/3574 1725/3575
f 1725/3575 2159/3574 2160/3576
f 1721/2820 1722/2817 1723/2818
f 1723/2818 1722/2817 2156/3569
f 2156/3569 1722/2817 1720/3567
f 2158/3572 1724/2822 1723/3571
f 4529/2825 1724/2822 1725/2823
f 1725/2823 1724/2822 2158/3573
f 1718/2815 1719/2812 1720/2813
f 1720/2813 1719/2812 2154/3565
f 2154/3564 1719/2812 1716/3563
f 4523/2810 1715/2807 1716/2808
f 1716/2808 1715/2807 2152/3561
f 2152/3561 1715/2807 1713/3559
f 1711/2799 1712/2802 1713/2803
f 1713/2803 1712/2802 1708/3557
f 1708/3557 1712/2802 1710/2798
f 2151/3558 1708/3557 1705/2794
f 2152/3560 2151/3558 1703/3577
f 1705/2791 1703/2790 2151/3558
f 1703/2788 1701/2787 2152/3560
f 2153/3562 2152/3561 1701/2787
f 1701/2787 1699/2784 2153/3562
f 2154/3564 2153/3562 1699/2784
f 1699/2784 1697/2781 2154/3564
f 2155/3566 2154/3565 1697/2781
f 1697/2781 1695/2778 2155/3566
f 2156/3568 2155/3566 1695/2778
f 1695/2778 1693/2775 2156/3568
f 2157/3570 2156/3569 1693/2775
f 1693/2775 1691/2772 2157/3570
f 2158/3572 2157/3570 1691/2772
f 1691/2772 1689/2769 2158/3572
f 2159/3574 2158/3573 1689/2769
f 1689/2769 1687/2766 2159/3574
f 2160/3576 2159/3574 1687/2766
f 1687/2766 1684/2760 2160/3576
f 1732/3578 2160/3576 1684/2760
f 1684/2760 1686/2763 1732/3578
f 2160/3576 1732/3578 1728/2834
f 1730/2832 1732/2835 1686/2763
f 1728/2834 1727/3579 2160/3576
f 2160/3576 1727/3579 1725/3575
f 4531/2830 1727/2827 1728/2828
f 1728/2834 1731/2833 1729/2831
f 1729/2831 1731/2833 1772/2895
f 1772/2895 1731/2833 1730/2832
f 1686/2763 1735/2839 1730/2832
f 1730/2838 1734/2837 1772/2895
f 1735/2839 1686/2763 1681/2762
f 1771/3580 1772/2895 1734/2837
f 4535/2894 1772/2895 1771/2892
f 1734/2837 1774/2901 1771/3580
f 1770/2893 1771/2892 1769/2889
f 1774/2901 1734/2837 1733/2836
f 4536/2888 1769/2889 1768/2886
f 1733/2842 1737/2841 1774/2901
f 1773/2898 1774/2901 1737/2841
f 1737/2841 1776/2904 1773/2898
f 1769/2899 1773/2898 1775/2902
f 1775/2902 1768/2886 1769/2899
f 1776/2904 1737/2841 1736/2840
f 1767/2885 1768/2886 1766/2883
f 1766/2883 1768/2886 1775/2902
f 1736/2846 1740/2845 1776/2904
f 1777/2905 1776/2904 1740/2845
f 1775/2902 1757/3581 1766/2883
f 1740/2845 1754/3582 1777/2905
f 1755/2872 1757/2871 1775/2902
f 1775/2902 1777/2905 1755/2872
f 1755/2872 1777/2905 1754/2867
f 1766/2883 1757/3581 1756/2870
f 1754/3582 1740/2845 1739/2844
f 1756/2870 1763/3583 1766/2883
f 1765/2884 1766/2883 1763/2879
f 1761/2877 1763/2879 1756/2876
f 2161/3584 1778/2906 1761/2880
f 1843/3585 2162/3586 2161/3587
f 2163/3588 2164/3589 2162/3590
f 2165/3591 2164/3589 2163/3588
f 2166/3592 2167/3593 2163/3594
f 2168/3595 2167/3593 2166/3592
f 2169/3596 2166/3597 1831/3598
f 1829/3599 2170/3600 2169/3601
f 2171/3602 2170/3603 2172/3604
f 2173/3605 2174/3606 2172/3607
f 2175/3608 2174/3606 2173/3605
f 2176/3609 2177/3610 2173/3611
f 2173/3611 2178/3612 2176/3609
f 2176/3613 2179/3614 1794/3615
f 2179/3616 2180/3617 1805/3618
f 2181/3619 2171/3620 2174/3621
f 2182/3622 2168/3623 2171/3624
f 2174/3606 2175/3608 2181/3619
f 2172/3607 2174/3606 2171/3602
f 2171/3620 2181/3619 2182/3622
f 2170/3603 2171/3602 2168/3623
f 2168/3623 2169/3601 2170/3603
f 2172/3604 2170/3603 1829/3599
f 2166/3592 2169/3596 2168/3595
f 2169/3601 1830/2981 1829/3599
f 1831/2983 1830/2981 2169/3596
f 1831/3598 2166/3597 1837/3625
f 2163/3594 1837/3625 2166/3592
f 1837/3625 1836/2991 1831/3598
f 1832/2984 1831/2983 1836/2991
f 1836/2991 1833/2990 1832/2984
f 1838/2993 1837/2992 2163/3594
f 1833/3030 1465/3029 1483/2985
f 1827/2982 1832/2984 1483/2979
f 1833/2990 1835/2989 1464/3028
f 1826/2978 1825/2974 1827/2976
f 1827/2976 1825/2974 1829/2980
f 1829/2980 1825/2974 1824/2973
f 1824/2973 1823/2970 1829/2980
f 1829/2980 1823/2970 2172/3604
f 1820/2965 1824/2971 16/2969
f 2172/3604 1823/2970 1819/2964
f 1819/2964 1818/2963 2172/3604
f 2172/3604 1818/2963 2173/3605
f 2173/3605 1818/2963 1817/2961
f 1817/2961 2178/3612 2173/3605
f 2178/3612 1817/2961 1816/2960
f 2173/3611 2177/3610 2175/3608
f 1816/2960 2180/3626 2178/3612
f 2176/3609 2178/3612 2180/3626
f 2175/3608 2177/3610 1790/3627
f 1790/3627 2177/3610 2176/3609
f 1790/3627 1789/3628 2175/3608
f 2176/3609 1792/2923 1790/3627
f 2181/3619 2175/3608 1789/3628
f 1794/2925 1792/2923 2176/3613
f 1789/3628 1788/3629 2181/3619
f 2180/3626 2179/3616 2176/3609
f 2182/3622 2181/3619 1788/3629
f 1788/3629 1786/2914 2182/3622
f 1794/3615 2179/3614 1798/3630
f 1798/3630 1795/2930 1794/3615
f 1805/3618 1798/3630 2179/3616
f 1796/2928 1798/2931 1805/2943
f 1805/3618 2180/3617 1816/2960
f 1795/2927 1802/3631 4553/2926
f 1802/3631 1795/2927 1797/2937
f 1801/2938 1797/2937 2150/2934
f 1816/2960 1807/2945 1805/3618
f 1811/3632 1807/2945 1816/2960
f 1816/2960 1815/3633 1811/3632
f 1814/2958 1815/2959 1816/2960
f 1807/2945 1811/3632 1808/2951
f 1808/2951 1810/2950 2183/3634
f 2183/3634 2017/3635 1808/2951
f 2184/3636 2183/3634 1810/2950
f 2391/3637 1810/2950 1809/2949
f 1810/2950 2391/3637 2184/3636
f 1809/2949 1811/2952 1815/3633
f 1809/2955 2390/2954 2391/3637
f 1815/2959 1812/2956 1809/2949
f 1808/2948 2017/3635 2015/2946
f 1808/2948 1806/2947 1807/2945
f 1804/2941 1806/2944 2015/2942
f 1820/2965 1813/2957 1814/2962
f 1822/2968 1813/2957 1820/2966
f 1813/2957 1822/2968 20/2953
f 1665/2733 1661/2737 1660/2731
f 1870/3638 1664/2732 1660/2731
f 1660/2727 1663/2730 1870/3638
f 1665/2733 1664/2732 1666/2734
f 1664/2732 1870/3638 1869/3056
f 1869/3056 1666/2734 1664/2732
f 1868/3054 1870/3057 1663/2730
f 1748/2857 1666/2856 1869/3056
f 1869/3056 1848/3012 1748/2857
f 1849/3014 1848/3012 1869/3056
f 1869/3056 1852/3055 1849/3014
f 1850/3015 1852/3018 1868/3054
f 1868/3054 1858/3036 1850/3015
f 1663/2730 1867/3051 1868/3054
f 1862/3050 1858/3036 1868/3053
f 1864/3052 1867/3051 1663/2730
f 1858/3036 1862/3050 1859/3042
f 1859/3039 1857/3038 1858/3036
f 1864/3046 1860/3045 1862/3050
f 1854/3034 1857/3035 1856/3032
f 1859/3039 1449/3158 1856/3037
f 1853/3019 1854/3020 1455/3031
f 1859/3042 1861/3041 1448/3157
f 1663/2730 1662/2729 1864/3052
f 1934/3639 1861/3041 1860/3040
f 1861/3041 1934/3639 1445/3154
f 1932/3153 1935/3152 1445/3150
f 1860/3045 1863/3044 1934/3639
f 1932/3147 1929/3146 1443/3151
f 1934/3639 1863/3044 1930/3144
f 1864/3046 1866/3048 1863/3044
f 1930/3144 1863/3044 1866/3048
f 1864/3049 1662/2729 1865/3047
f 1866/3048 1871/3058 1930/3144
f 1873/3061 1865/3060 1662/2729
f 1930/3144 1871/3058 1933/3148
f 1662/2729 1661/2728 1873/3061
f 1865/3060 1872/3059 1871/3058
f 1668/2739 1873/3063 1661/2737
f 1873/3063 1874/3062 1872/3059
f 1938/3163 1933/3162 1871/3058
f 1871/3058 1872/3059 1938/3163
f 1875/3166 1938/3165 1872/3065
f 1668/2742 1670/2741 1874/3062
f 1875/3067 1874/3066 1670/2741
f 1668/2739 1665/2738 1667/2735
f 1670/2741 1878/3071 1875/3067
f 1667/2735 1671/2743 1668/2739
f 1878/3071 1670/2741 1669/2740
f 1671/2743 1667/2735 1745/3640
f 1745/3640 1667/2735 1666/2856
f 1745/2852 1747/2855 1671/2743
f 1669/2740 1671/2743 1747/2855
f 1669/2746 1673/2745 1878/3071
f 1747/2855 1674/2747 1669/2740
f 1876/3068 1878/3071 1673/2745
f 1674/2747 1747/2855 1742/2854
f 1673/2745 1881/3075 1876/3068
f 1881/3075 1673/2745 1672/2744
f 1742/2848 1744/2851 1674/2747
f 1672/2744 1674/2747 1744/2851
f 1672/2744 1676/2749 1881/3075
f 1744/2851 1677/2751 1672/2744
f 1879/3072 1881/3075 1676/2749
f 1677/2751 1744/2851 1739/2850
f 1676/2749 1884/3079 1879/3072
f 1739/2844 1741/2847 1677/2751
f 1884/3079 1676/2749 1675/2748
f 1675/2748 1677/2751 1741/2847
f 1675/2748 1679/2753 1884/3079
f 1741/2847 1680/2755 1675/2748
f 1882/3076 1884/3079 1679/2753
f 1680/2755 1741/2847 1736/2846
f 1736/2840 1738/2843 1680/2755
f 1678/2752 1680/2755 1738/2843
f 1679/2753 1887/3083 1882/3076
f 1887/3083 1679/2753 1678/2752
f 1738/2843 1683/2759 1678/2752
f 1678/2752 1682/2757 1887/3083
f 1683/2759 1738/2843 1733/2842
f 1733/2836 1735/2839 1683/2759
f 1681/2756 1683/2759 1735/2839
f 1885/3080 1887/3083 1682/2757
f 1890/3641 1682/2757 1681/2756
f 1682/2757 1890/3641 1885/3080
f 1681/2756 1685/2761 1890/3641
f 1888/3084 1890/3087 1685/2761
f 1685/2761 1688/3642 1888/3084
f 1687/2766 1688/2765 1685/2761
f 1891/3088 1888/3084 1688/3642
f 1689/2767 1690/2768 1688/2765
f 1688/3642 1690/2768 1891/3088
f 1893/3091 1891/3090 1690/2768
f 1691/2772 1692/2771 1690/2768
f 1690/2768 1692/2771 1893/3091
f 1895/3094 1893/3093 1692/2771
f 1693/2773 1694/2774 1692/2771
f 1692/2771 1694/2774 1895/3094
f 1897/3097 1895/3096 1694/2774
f 1695/2778 1696/2777 1694/2774
f 1694/2774 1696/2777 1897/3097
f 1899/3100 1897/3099 1696/2777
f 1697/2781 1698/2780 1696/2777
f 1696/2777 1698/2780 1899/3100
f 1902/3104 1899/3103 1698/2780
f 1698/2780 1700/3643 1902/3104
f 1699/2782 1700/2783 1698/2780
f 2138/3511 1902/3104 1700/3643
f 1700/3643 1702/3644 2138/3511
f 1701/2787 1702/2786 1700/2783
f 2138/3511 1702/3644 1704/3518
f 1703/2790 1704/2789 1702/2786
f 1705/2791 2140/3517 1704/2789
f 2114/3645 2140/3517 1705/2791
f 1705/2794 1707/2793 2114/3645
f 2110/3480 2114/3479 1707/2793
f 2140/3517 2114/3645 2113/3484
f 1997/3272 2115/3481 2110/3474
f 2115/3481 1997/3272 1992/3271
f 2113/3478 2115/3481 1994/3646
f 1992/3271 1994/3268 2115/3481
f 1994/3646 2118/3485 2113/3478
f 2118/3485 1994/3646 1989/3267
f 1989/3267 1991/3264 2118/3485
f 2116/3482 2118/3485 1991/3264
f 1991/3264 2121/3489 2116/3482
f 2121/3489 1991/3264 1986/3263
f 1986/3263 1988/3260 2121/3489
f 2119/3486 2121/3489 1988/3260
f 1988/3260 2124/3493 2119/3486
f 2124/3493 1988/3260 1983/3259
f 1983/3259 1985/3256 2124/3493
f 2122/3490 2124/3493 1985/3256
f 1985/3256 2127/3497 2122/3490
f 2127/3497 1985/3256 1980/3255
f 1980/3255 1982/3252 2127/3497
f 2125/3494 2127/3497 1982/3252
f 1982/3252 2130/3501 2125/3494
f 2130/3501 1982/3252 1977/3251
f 1977/3251 1979/3248 2130/3501
f 2128/3498 2130/3501 1979/3248
f 1979/3248 2133/3505 2128/3498
f 2133/3505 1979/3248 1974/3247
f 1974/3247 1976/3244 2133/3505
f 2131/3502 2133/3505 1976/3244
f 1976/3244 2136/3509 2131/3502
f 2136/3509 1976/3244 1971/3237
f 1983/3259 1987/3258 2042/3341
f 2038/3342 2042/3341 1987/3258
f 1987/3258 2039/3337 2038/3342
f 2039/3337 1987/3258 1986/3257
f 1986/3263 1990/3262 2039/3337
f 2035/3338 2039/3337 1990/3262
f 1990/3262 2036/3333 2035/3338
f 2036/3333 1990/3262 1989/3261
f 1989/3267 1993/3266 2036/3333
f 2032/3334 2036/3333 1993/3266
f 1993/3266 2033/3329 2032/3334
f 2033/3329 1993/3266 1992/3265
f 1992/3271 1996/3270 2033/3329
f 2029/3330 2033/3329 1996/3270
f 1996/3270 2030/3325 2029/3330
f 2030/3325 1996/3270 1995/3275
f 2185/3647 2186/3648 2187/3649
f 2187/3649 2188/3650 2185/3647
f 2185/3651 2189/3652 2190/3653
f 2190/3653 2191/3654 2185/3651
f 2185/3651 2191/3654 2192/3655
f 2193/3656 2192/3657 2194/3658
f 2195/3659 2196/3660 2194/3661
f 2194/3661 2197/3662 2195/3659
f 2198/3663 2199/3664 2195/3665
f 2195/3665 2200/3666 2198/3663
f 2201/3667 2202/3668 2198/3669
f 2198/3669 2203/3670 2201/3667
f 2204/3671 2205/3672 2201/3673
f 2201/3673 2206/3674 2204/3671
f 2207/3675 2208/3676 2204/3677
f 2204/3677 2209/3678 2207/3675
f 2210/3679 2211/3680 2207/3681
f 2207/3681 2212/3682 2210/3679
f 2213/3683 2214/3684 2210/3685
f 2210/3685 2215/3686 2213/3683
f 2216/3687 2217/3688 2213/3689
f 2213/3689 2218/3690 2216/3687
f 2219/3691 2220/3692 2216/3693
f 2216/3693 2221/3694 2219/3691
f 2220/3692 2219/3691 2222/3695
f 2223/3696 2222/3697 2224/3698
f 2225/3699 2224/3700 2226/3701
f 2227/3702 2228/3703 2226/3704
f 2226/3704 2229/3705 2227/3702
f 2230/3706 2231/3707 2227/3708
f 2227/3708 2231/3707 2232/3709
f 2233/3710 2232/3711 2234/3712
f 2235/3713 2236/3714 2234/3715
f 2234/3715 2237/3716 2235/3713
f 2236/3714 2235/3713 2238/3717
f 2239/3718 2238/3719 2240/3720
f 2241/3721 2242/3722 2240/3723
f 2240/3723 2243/3724 2241/3721
f 2241/3725 227/3726 2244/3727
f 2242/3728 2244/3729 2245/3730
f 2246/3731 2247/3732 2245/3733
f 2245/3733 2248/3734 2246/3731
f 2249/3735 2246/3736 2250/3737
f 2251/3738 2250/3739 2252/3740
f 2252/3740 2253/3741 2251/3738
f 2254/3742 2249/3743 2251/3744
f 2255/3745 2249/3743 2254/3742
f 2252/3746 2256/3747 2225/3748
f 2257/3749 2223/3750 2225/3751
f 2258/3752 2259/3753 2257/3754
f 2257/3754 2259/3753 2260/3755
f 2260/3755 2261/3756 2257/3754
f 2260/3755 2259/3753 2262/3757
f 2258/3758 2263/3759 2262/3760
f 2262/3757 2264/3761 2260/3755
f 2260/3755 2264/3761 2265/3762
f 2265/3762 2266/3763 2260/3755
f 2265/3762 2264/3761 2267/3764
f 2267/3764 2268/3765 2265/3762
f 2265/3762 2268/3765 2269/3766
f 2269/3766 2270/3767 2265/3762
f 2269/3766 2268/3765 2271/3768
f 2271/3768 2272/3769 2269/3766
f 2269/3766 2272/3769 2273/3770
f 2273/3770 2274/3771 2269/3766
f 2273/3770 2272/3769 2275/3772
f 2275/3772 2276/3773 2273/3770
f 2273/3770 2276/3773 2277/3774
f 2277/3774 2278/3775 2273/3770
f 2277/3774 2276/3773 2279/3776
f 2279/3776 2280/3777 2277/3774
f 2277/3774 2280/3777 2281/3778
f 2281/3778 2282/3779 2277/3774
f 2281/3778 2280/3777 2283/3780
f 2283/3780 2284/3781 2281/3778
f 2281/3778 2284/3781 2285/3782
f 2285/3782 2286/3783 2281/3778
f 2285/3782 2284/3781 2287/3784
f 2287/3784 2288/3785 2285/3782
f 2285/3782 2288/3785 2289/3786
f 2193/3787 2289/3788 2290/3789
f 2290/3789 2291/3790 2193/3787
f 2193/3791 2196/3792 2292/3793
f 2291/3790 2290/3789 2293/3794
f 2293/3794 2294/3795 2291/3790
f 2294/3795 2293/3794 2295/3796
f 2295/3796 2296/3797 2294/3795
f 2294/3795 2296/3797 2297/3798
f 2297/3798 2296/3797 2298/3799
f 2298/3799 2299/3800 2297/3798
f 2297/3798 2299/3800 2300/3801
f 2300/3801 2301/3802 2297/3798
f 2301/3802 2300/3801 2302/3803
f 2302/3803 2303/3804 2301/3802
f 2301/3802 2303/3804 2304/3805
f 2304/3805 2303/3804 2305/3806
f 2305/3806 2306/3807 2304/3805
f 2304/3805 2306/3807 2307/3808
f 2307/3808 2308/3809 2304/3805
f 2308/3809 2307/3808 2309/3810
f 2309/3810 2310/3811 2308/3809
f 2310/3811 2309/3810 2311/3812
f 2311/3812 2312/3813 2310/3811
f 2310/3811 2312/3813 2313/3814
f 2314/3815 2315/3816 2313/3817
f 2313/3817 2316/3818 2314/3815
f 2317/3819 2318/3820 2314/3821
f 2314/3821 2318/3820 2319/3822
f 2320/3823 2319/3824 2321/3825
f 2322/3826 2323/3827 2321/3828
f 2321/3828 2324/3829 2322/3826
f 2325/3830 2326/3831 2322/3832
f 2322/3832 2327/3833 2325/3830
f 2328/3834 2329/3835 2325/3836
f 2325/3836 2330/3837 2328/3834
f 2331/3838 2332/3839 2328/3840
f 2328/3840 2333/3841 2331/3838
f 2334/3842 2335/3843 2331/3844
f 2331/3844 2336/3845 2334/3842
f 2056/3846 2337/3847 2334/3848
f 2334/3848 2338/3849 2056/3846
f 2056/3850 2083/3851 2339/3852
f 2337/3853 2339/3854 2340/3855
f 2341/3856 2342/3857 2340/3858
f 2340/3858 2343/3859 2341/3856
f 2344/3860 2345/3861 2341/3862
f 2341/3862 2346/3863 2344/3860
f 2347/3864 2348/3865 2344/3866
f 2344/3866 2349/3867 2347/3864
f 2350/3868 2351/3869 2347/3870
f 2347/3870 2352/3871 2350/3868
f 2353/3872 2354/3873 2350/3874
f 2350/3874 2355/3875 2353/3872
f 2356/3876 2355/3875 2350/3874
f 2340/3877 2357/3878 2206/3879
f 2339/3880 2358/3881 2357/3882
f 2358/3883 2359/3884 2209/3885
f 2360/3886 2359/3884 2358/3883
f 2083/3887 2082/3888 2358/3889
f 2082/3890 2081/3891 2360/3892
f 2360/3893 2361/3894 2212/3895
f 2081/3896 2362/3897 2361/3898
f 2361/3898 2362/3897 2363/3899
f 2364/3900 2363/3899 2362/3897
f 2081/3896 2365/3901 2362/3897
f 2365/3902 2080/3903 2364/3904
f 2364/3905 2366/3906 2218/3907
f 2367/3908 2366/3906 2364/3905
f 2366/3906 2367/3908 2368/3909
f 2369/3910 2368/3909 2367/3908
f 2080/3911 2370/3912 2367/3913
f 2370/3914 2371/3915 2369/3916
f 2369/3917 2372/3918 2373/3919
f 2373/3920 2374/3921 2222/3922
f 2375/3923 2374/3924 2376/3925
f 2376/3925 2377/3926 2375/3923
f 2378/3927 2377/3926 2376/3925
f 2376/3925 2379/3928 2378/3927
f 2378/3929 2380/3930 2230/3931
f 2230/3931 2380/3930 2381/3932
f 2231/3933 2381/3934 2382/3935
f 2382/3936 2383/3937 2234/3938
f 2234/3938 2383/3937 2384/3939
f 2385/3940 2384/3939 2383/3937
f 2383/3937 2386/3941 2385/3940
f 2387/3942 2388/3943 2385/3944
f 2385/3944 2388/3943 2389/3945
f 20/3946 2389/3945 2388/3943
f 2388/3943 2390/3947 20/3946
f 2387/3948 2391/3949 2390/3950
f 2392/3951 2391/3949 2387/3948
f 2387/3948 2393/3952 2392/3951
f 2392/3951 2393/3952 2394/3953
f 2394/3953 2395/3954 2392/3951
f 2396/3955 2397/3956 2395/3957
f 2398/3958 2397/3956 2396/3955
f 2399/3959 2400/3960 2396/3961
f 2401/3962 2396/3961 2400/3960
f 2378/3963 2402/3964 2400/3965
f 2403/3966 2401/3967 2402/3968
f 2402/3968 2404/3969 2403/3966
f 2077/3970 2403/3966 2404/3969
f 2371/3971 2077/3972 2405/3973
f 2399/3974 2406/3975 2382/3976
f 2389/3945 2407/3977 2385/3944
f 2385/3944 2407/3977 23/3978
f 23/3979 219/3980 2237/3981
f 219/3982 2408/3983 2235/3984
f 2408/3985 220/3986 2238/3987
f 2235/3713 2237/3716 219/3982
f 2238/3987 2235/3713 2408/3985
f 2237/3981 2384/3988 23/3979
f 23/3978 2384/3988 2385/3944
f 2384/3988 2237/3981 2234/3938
f 2240/3720 2238/3719 220/3986
f 220/3986 2243/3724 2240/3720
f 2403/3966 2398/3989 2401/3967
f 2396/3961 2401/3962 2398/3958
f 2395/3954 2394/3953 2396/3955
f 2396/3955 2394/3953 2399/3959
f 2399/3959 2394/3953 2393/3952
f 2400/3960 2402/3964 2401/3962
f 2393/3952 2406/3975 2399/3959
f 2406/3975 2393/3952 2387/3948
f 2390/3950 2388/3943 2387/3948
f 2387/3948 2386/3990 2406/3975
f 2385/3944 2386/3941 2387/3942
f 2382/3976 2406/3975 2386/3990
f 2386/3941 2383/3937 2382/3976
f 2380/3991 2400/3960 2399/3959
f 2400/3960 2380/3991 2378/3963
f 2399/3959 2381/3932 2380/3991
f 2382/3976 2381/3934 2399/3974
f 2402/3964 2378/3963 2379/3928
f 2379/3928 2404/3969 2402/3964
f 2077/3970 2404/3969 2379/3928
f 2379/3928 2405/3973 2077/3970
f 2405/3973 2379/3928 2376/3925
f 2230/3931 2377/3926 2378/3929
f 2381/3934 2231/3933 2230/3931
f 2382/3935 2232/3709 2231/3933
f 2234/3938 2232/3711 2382/3936
f 2375/3923 2377/3926 2230/3931
f 2230/3931 2229/3992 2375/3923
f 2227/3708 2229/3705 2230/3706
f 2375/3923 2229/3992 2226/3704
f 2232/3709 2233/3710 2227/3708
f 2234/3715 2236/3714 2233/3710
f 2227/3708 2233/3710 2254/3993
f 2254/3993 2233/3710 2236/3714
f 2254/3993 2228/3703 2227/3708
f 2238/3717 2239/3718 2236/3714
f 2236/3714 2239/3718 2254/3993
f 2251/3744 2228/3703 2254/3742
f 2226/3704 2228/3703 2251/3744
f 2254/3993 2239/3718 2255/3745
f 2240/3720 2255/3745 2239/3718
f 2251/3744 2253/3741 2226/3704
f 2247/3994 2255/3745 2240/3720
f 2226/3701 2253/3741 2225/3699
f 2240/3720 2242/3722 2247/3994
f 2249/3743 2255/3745 2247/3994
f 2250/3739 2251/3738 2249/3735
f 2410/3995 2250/3996 2409/3997
f 2252/3740 2250/3739 2410/3995
f 2412/3998 2410/3999 2411/4000
f 2410/3995 2412/3998 2252/3740
f 2413/4001 2414/4002 2412/4003
f 2263/4004 2414/4005 2415/4006
f 2416/4007 2417/4008 2415/4009
f 2415/4009 2418/4010 2416/4007
f 2419/4011 2420/4012 2416/4013
f 2416/4013 2421/4014 2419/4011
f 2422/4015 2423/4016 2419/4017
f 2419/4017 2424/4018 2422/4015
f 2425/4019 2426/4020 2422/4021
f 2422/4021 2427/4022 2425/4019
f 2428/4023 2429/4024 2425/4025
f 2425/4025 2430/4026 2428/4023
f 2431/4027 2432/4028 2428/4029
f 2428/4029 2433/4030 2431/4027
f 2434/4031 2435/4032 2431/4033
f 2431/4033 2436/4034 2434/4031
f 2437/4035 2438/4036 2434/4037
f 2434/4037 2439/4038 2437/4035
f 2440/4039 2441/4040 2437/4041
f 2437/4041 2442/4042 2440/4039
f 2443/4043 2444/4044 2440/4045
f 2440/4045 2445/4046 2443/4043
f 2446/4047 2447/4048 2443/4049
f 2443/4049 2448/4050 2446/4047
f 2449/4051 2447/4048 2446/4047
f 2446/4047 2450/4052 2449/4051
f 2451/4053 2452/4054 2449/4055
f 2453/4056 2452/4054 2451/4053
f 2454/4057 2455/4058 2451/4059
f 2451/4059 2456/4060 2454/4057
f 2457/4061 2455/4058 2454/4057
f 2454/4057 2458/4062 2457/4061
f 2455/4058 2457/4061 2459/4063
f 2453/4064 2459/4065 2460/4066
f 2305/4067 2460/4068 2461/4069
f 2462/4070 2463/4071 2461/4072
f 2461/4072 4494/4073 2462/4070
f 2463/4071 2462/4070 2464/4074
f 2465/4075 2464/4076 2466/4077
f 2467/4078 2466/4079 2468/4080
f 2469/4081 2468/4082 2470/4083
f 2471/4084 2470/4085 4498/4086
f 2472/4087 4498/4088 2473/4089
f 2474/4090 2473/4091 2475/4092
f 2476/4093 2475/4094 2477/4095
f 2477/4095 1634/4096 2476/4093
f 1636/4097 2478/4098 2476/4099
f 2479/4100 2474/4101 2476/4102
f 2480/4103 2472/4104 2474/4105
f 2480/4106 2481/4107 2312/4108
f 2481/4109 2482/4110 2317/4111
f 2483/4112 2484/4113 2317/4114
f 2317/4114 2484/4113 2485/4115
f 2318/4116 2485/4117 2486/4118
f 2486/4119 2487/4120 2321/4121
f 2321/4121 2487/4120 2488/4122
f 2489/4123 2488/4122 2487/4120
f 2487/4120 1651/4124 2489/4123
f 2489/4125 2490/4126 2491/4127
f 2491/4128 2492/4129 2324/4130
f 2493/4131 2492/4129 2491/4128
f 2491/4127 2490/4126 2494/4132
f 2495/4133 2494/4134 2496/4135
f 2497/4136 2498/4137 2496/4138
f 2496/4138 2499/4139 2497/4136
f 2500/4140 2501/4141 2497/4142
f 2497/4142 2502/4143 2500/4140
f 2500/4144 2055/4145 2503/4146
f 2501/4147 2503/4148 2504/4149
f 2493/4150 2505/4151 2504/4152
f 2504/4152 2506/4153 2493/4150
f 2504/4154 2507/4155 2330/4156
f 2508/4157 2507/4155 2504/4154
f 2508/4158 2509/4159 2333/4160
f 2053/4161 2509/4159 2508/4158
f 2055/4162 2510/4163 2508/4164
f 2053/4165 2511/4166 2336/4167
f 1372/4168 2502/4143 2497/4142
f 2486/4169 2512/4170 1651/4171
f 2513/4172 2512/4170 2486/4169
f 2484/4173 2514/4174 2513/4175
f 2483/4176 1637/4177 2514/4178
f 1651/4124 2487/4120 2486/4169
f 2514/4178 2484/4173 2483/4176
f 2497/4136 2499/4139 1372/4168
f 2513/4175 2485/4115 2484/4173
f 2486/4169 2485/4117 2513/4172
f 2508/4164 2510/4163 2053/4161
f 2336/4167 2509/4159 2053/4165
f 2508/4164 2503/4146 2055/4162
f 2509/4159 2336/4167 2331/3844
f 2331/3844 2333/3841 2509/4159
f 2504/4154 2503/4148 2508/4157
f 2333/4160 2507/4155 2508/4158
f 2503/4148 2501/4147 2500/4144
f 2507/4155 2333/4160 2328/3840
f 2328/3840 2330/3837 2507/4155
f 2504/4152 2505/4151 2501/4147
f 2497/4142 2501/4141 2505/4151
f 2330/4156 2506/4153 2504/4154
f 2505/4151 2498/4137 2497/4142
f 2506/4153 2330/4156 2325/3836
f 2498/4137 2505/4151 2493/4150
f 2325/3836 2327/3833 2506/4153
f 2493/4150 2506/4153 2327/3833
f 2496/4138 2498/4137 2495/4133
f 2493/4150 2495/4133 2498/4137
f 2327/3833 2492/4129 2493/4150
f 2491/4128 2495/4133 2493/4131
f 2494/4132 2495/4133 2491/4127
f 2492/4129 2327/3833 2322/3832
f 2322/3832 2324/3829 2492/4129
f 2324/4130 2488/4179 2491/4128
f 2491/4127 2488/4179 2489/4125
f 2488/4122 2324/4130 2321/4121
f 2321/4121 2319/3824 2486/4119
f 2486/4118 2319/3824 2318/4116
f 2485/4117 2318/4116 2317/4114
f 2319/3824 2320/3823 2314/3821
f 2321/3828 2323/3827 2320/3823
f 2314/3821 2316/3818 2317/3819
f 2314/3821 2320/3823 2353/4180
f 2353/4180 2320/3823 2323/3827
f 2353/4180 2315/3816 2314/3821
f 2317/4111 2316/3818 2481/4109
f 2312/4108 2481/4107 2316/3818
f 2316/3818 2313/3817 2312/4108
f 2323/3827 2354/3873 2353/4180
f 2354/3873 2323/3827 2322/3826
f 2322/3832 2326/3831 2354/3873
f 2350/3874 2354/3873 2326/3831
f 2326/3831 2351/3869 2350/3874
f 2351/3869 2326/3831 2325/3830
f 2325/3836 2329/3835 2351/3869
f 2347/3870 2351/3869 2329/3835
f 2329/3835 2348/3865 2347/3870
f 2348/3865 2329/3835 2328/3834
f 2328/3840 2332/3839 2348/3865
f 2344/3866 2348/3865 2332/3839
f 2332/3839 2345/3861 2344/3866
f 2345/3861 2332/3839 2331/3838
f 2331/3838 2335/3843 2345/3861
f 2341/3862 2345/3861 2335/3843
f 2335/3843 2342/3857 2341/3862
f 2342/3857 2335/3843 2334/3842
f 2334/3842 2336/3845 2511/4166
f 2511/4166 2338/3849 2334/3842
f 2334/3842 2337/3847 2342/3857
f 2340/3855 2342/3857 2337/3853
f 2339/3854 2337/3853 2056/3850
f 2357/3882 2340/3877 2339/3880
f 2358/3881 2339/3880 2083/3887
f 2209/3885 2357/3882 2358/3883
f 2358/3883 2082/3888 2360/3886
f 2357/3882 2209/3885 2204/3677
f 2204/3677 2206/3674 2357/3882
f 2206/3879 2343/3859 2340/3877
f 2343/3859 2206/3879 2201/3673
f 2361/3894 2360/3893 2081/3896
f 2201/3667 2203/3670 2343/3859
f 2341/3856 2343/3859 2203/3670
f 2203/3670 2346/3863 2341/3856
f 2346/3863 2203/3670 2198/3669
f 2198/3663 2200/3666 2346/3863
f 2344/3860 2346/3863 2200/3666
f 2200/3666 2349/3867 2344/3860
f 2349/3867 2200/3666 2195/3665
f 2195/3659 2197/3662 2349/3867
f 2347/3864 2349/3867 2197/3662
f 2197/3662 2352/3871 2347/3864
f 2352/3871 2197/3662 2194/3661
f 2350/3874 2352/3871 2356/3876
f 2194/3661 2356/3876 2352/3871
f 2191/4181 2356/3876 2194/3661
f 2194/3658 2192/3657 2191/4181
f 2356/3876 2191/4181 2190/3653
f 2190/3653 2355/3875 2356/3876
f 2353/3872 2355/3875 2190/3653
f 2190/3653 2315/3816 2353/3872
f 2313/3817 2315/3816 2190/3653
f 2190/3653 2189/3652 2313/3817
f 2313/3817 2189/3652 2310/3811
f 2308/3809 2310/3811 2189/3652
f 2189/3652 2185/3651 2308/3809
f 2304/3805 2308/3809 2188/4182
f 2188/3650 2308/3809 2185/3647
f 2304/3805 2188/4182 2301/3802
f 2297/3798 2301/3802 2188/4182
f 2188/3650 2187/3649 2297/3798
f 2297/3798 2187/3649 2294/3795
f 2291/3790 2294/3795 2187/3649
f 2187/3649 2186/3648 2291/3790
f 2192/3655 2186/3648 2185/3651
f 2193/3787 2291/3790 2186/3648
f 2186/3648 2192/3655 2193/3787
f 2194/3658 2196/3660 2193/3656
f 2292/3793 2196/3792 2195/3659
f 2292/3793 2289/3788 2193/3791
f 2195/3665 2199/3664 2292/3793
f 2289/3788 2292/3793 2285/3782
f 2285/3782 2292/3793 2199/3664
f 2199/3664 2286/3783 2285/3782
f 2286/3783 2199/3664 2198/3663
f 2198/3669 2202/3668 2286/3783
f 2281/3778 2286/3783 2202/3668
f 2202/3668 2282/3779 2281/3778
f 2282/3779 2202/3668 2201/3667
f 2201/3673 2205/3672 2282/3779
f 2277/3774 2282/3779 2205/3672
f 2205/3672 2278/3775 2277/3774
f 2278/3775 2205/3672 2204/3671
f 2204/3677 2208/3676 2278/3775
f 2273/3770 2278/3775 2208/3676
f 2208/3676 2274/3771 2273/3770
f 2274/3771 2208/3676 2207/3675
f 2207/3681 2211/3680 2274/3771
f 2269/3766 2274/3771 2211/3680
f 2211/3680 2270/3767 2269/3766
f 2270/3767 2211/3680 2210/3679
f 2207/3675 2209/3678 2359/3884
f 2359/3884 2212/3682 2207/3675
f 2212/3895 2359/3884 2360/3893
f 2210/3685 2214/3684 2270/3767
f 2265/3762 2270/3767 2214/3684
f 2215/3686 2210/3685 2212/3682
f 2214/3684 2266/3763 2265/3762
f 2212/3895 2361/3894 2215/3686
f 2266/3763 2214/3684 2213/3683
f 2363/3899 2215/3686 2361/3898
f 2213/3689 2217/3688 2266/3763
f 2218/3690 2213/3689 2215/3686
f 2215/3686 2363/3899 2218/3690
f 2260/3755 2266/3763 2217/3688
f 2218/3690 2363/3899 2364/3905
f 2217/3688 2261/3756 2260/3755
f 2362/3897 2365/3901 2364/3900
f 2364/3905 2080/3903 2367/3908
f 2261/3756 2217/3688 2216/3687
f 2367/3908 2370/3912 2369/3910
f 2216/3687 2218/3690 2366/3906
f 2366/3906 2221/3694 2216/3687
f 2216/3693 2220/3692 2261/3756
f 2368/3909 2221/3694 2366/3906
f 2257/3754 2261/3756 2220/3692
f 2219/3691 2221/3694 2368/3909
f 2220/3692 2223/3750 2257/3754
f 2222/3695 2223/3696 2220/3692
f 2368/3909 2373/4183 2219/3691
f 2222/3695 2219/3691 2373/3920
f 2373/3919 2368/3909 2369/3917
f 2369/3916 2371/3915 2405/3973
f 2405/3973 2372/3918 2369/3916
f 2376/3925 2372/3918 2405/3973
f 2374/3921 2373/3920 2372/3918
f 2372/3918 2376/3925 2374/3921
f 2224/3698 2222/3697 2374/3921
f 2374/3921 2375/3923 2224/3698
f 2226/3701 2224/3700 2375/3923
f 2224/3700 2225/3699 2223/3696
f 2225/3748 2253/3741 2252/3746
f 2225/3748 2256/3747 2257/3749
f 2257/3754 2256/3747 2258/3752
f 2258/3752 2256/3747 2252/3746
f 2252/3740 2412/3998 2258/3752
f 2258/3752 2412/3998 2414/4002
f 2414/4005 2263/4004 2258/3752
f 2262/3760 2259/3753 2258/3758
f 2262/4184 2515/4185 2267/4186
f 2267/4187 2516/4188 2271/4189
f 2271/4190 2517/4191 2275/4192
f 2275/4193 2518/4194 2279/4195
f 2279/4196 2519/4197 2283/4198
f 2283/4199 2520/4200 2287/4201
f 2288/3785 2287/3784 2521/4202
f 2521/4202 2522/4203 2288/3785
f 2438/4204 2523/4205 2522/4206
f 2287/4201 2284/3781 2283/4199
f 2522/4203 2521/4202 2438/4204
f 2283/3780 2280/3777 2279/4196
f 2434/4037 2438/4036 2521/4202
f 2434/4031 2436/4034 2524/4207
f 2525/4208 2524/4209 2526/4210
f 2527/4211 2528/4212 2526/4213
f 2526/4213 2529/4214 2527/4211
f 2530/4215 2531/4216 2527/4217
f 2527/4217 2532/4218 2530/4215
f 2533/4219 2534/4220 2530/4221
f 2530/4221 2535/4222 2533/4219
f 2536/4223 2537/4224 2533/4225
f 2533/4225 2538/4226 2536/4223
f 2539/4227 2540/4228 2536/4229
f 2536/4229 2541/4230 2539/4227
f 2542/4231 2543/4232 2539/4233
f 2539/4233 2544/4234 2542/4231
f 2545/4235 2546/4236 2542/4237
f 2542/4237 2547/4238 2545/4235
f 2548/4239 2545/4240 2549/4241
f 2413/4242 2550/4243 2549/4244
f 2549/4244 2551/4245 2413/4242
f 2413/4246 2411/4247 2552/4248
f 2550/4249 2552/4250 2553/4251
f 2554/4252 2555/4253 2553/4254
f 2553/4254 2556/4255 2554/4252
f 2557/4256 2558/4257 2554/4258
f 2554/4258 2559/4259 2557/4256
f 2560/4260 2557/4261 2561/4262
f 2562/4263 2561/4264 2563/4265
f 2564/4266 2565/4267 2563/4268
f 2563/4268 2566/4269 2564/4266
f 2565/4267 2564/4266 2567/4270
f 2568/4271 2569/4272 2567/4273
f 2567/4273 2570/4274 2568/4271
f 2569/4272 2568/4271 2571/4275
f 2572/4276 2571/4277 2573/4278
f 2574/4279 2575/4280 2573/4281
f 2573/4281 2576/4282 2574/4279
f 2577/4283 2574/4284 2578/4285
f 2579/4286 2580/4287 2578/4288
f 2578/4288 2581/4289 2579/4286
f 2582/4290 2579/4291 2583/4292
f 2584/4293 2583/4294 268/4295
f 268/4295 2585/4296 2584/4293
f 1568/4297 2586/4298 2584/4299
f 2587/4300 2588/4301 2586/4302
f 2586/4302 2589/4303 2587/4300
f 2590/4304 2588/4301 2587/4300
f 2587/4300 2591/4305 2590/4304
f 2592/4306 2593/4307 2590/4308
f 2590/4308 2594/4309 2592/4306
f 2595/4310 2596/4311 2592/4312
f 2592/4312 2597/4313 2595/4310
f 2598/4314 2599/4315 2595/4316
f 2595/4316 2600/4317 2598/4314
f 2601/4318 2599/4315 2598/4314
f 2598/4314 2602/4319 2601/4318
f 2603/4320 2604/4321 2601/4322
f 2601/4322 2604/4321 2605/4323
f 2606/4324 2607/4325 2605/4326
f 2608/4327 2607/4325 2606/4324
f 2609/4328 2610/4329 2606/4330
f 2606/4330 2611/4331 2609/4328
f 2612/4332 2613/4333 2609/4334
f 2609/4334 2614/4335 2612/4332
f 2615/4336 2616/4337 2612/4338
f 2612/4338 2617/4339 2615/4336
f 2618/4340 2616/4337 2615/4336
f 2615/4336 2619/4341 2618/4340
f 2620/4342 2621/4343 2618/4344
f 2618/4344 2621/4343 2622/4345
f 2623/4346 2624/4347 2622/4348
f 2622/4348 2625/4349 2623/4346
f 2624/4347 2623/4346 2626/4350
f 2627/4351 2628/4352 2626/4353
f 2626/4353 2629/4354 2627/4351
f 2608/4355 2627/4356 2630/4357
f 2631/4358 2632/4359 2630/4360
f 2630/4360 2633/4361 2631/4358
f 2634/4362 2635/4363 2631/4364
f 2631/4365 2562/4366 2636/4367
f 2637/4368 2636/4369 2563/4370
f 2563/4265 2561/4264 2638/4371
f 2566/4372 2638/4373 2639/4374
f 2640/4375 2641/4376 2639/4377
f 2639/4377 2642/4378 2640/4375
f 2640/4375 2642/4378 2643/4379
f 2643/4379 2644/4380 2640/4375
f 2640/4375 2644/4380 2645/4381
f 2645/4382 2646/4383 2567/4384
f 2567/4384 2646/4383 2647/4385
f 2648/4386 2647/4385 2646/4383
f 2646/4383 2649/4387 2648/4386
f 2650/4388 2651/4389 2648/4390
f 2648/4390 2651/4389 2652/4391
f 2652/4391 2653/4392 2648/4390
f 2648/4390 2653/4392 2654/4393
f 2654/4394 2655/4395 2570/4396
f 260/4397 2655/4395 2654/4394
f 2654/4393 2653/4392 151/4398
f 151/4398 263/4399 2654/4393
f 149/4400 151/4398 2653/4392
f 2656/4401 2657/4402 149/4403
f 154/4404 2657/4402 2656/4401
f 2658/4405 2659/4406 2656/4407
f 2656/4407 2660/4408 2658/4405
f 2661/4409 2662/4410 2658/4411
f 2658/4411 2663/4412 2661/4409
f 2664/4413 2661/4414 2665/4415
f 2666/4416 2665/4417 2667/4418
f 2668/4419 2667/4420 2553/4421
f 2553/4421 2667/4420 2669/4422
f 2556/4423 2669/4424 2670/4425
f 2639/4426 2671/4427 2670/4428
f 2670/4425 2669/4424 2672/4429
f 2672/4429 2673/4430 2670/4425
f 2663/4431 2674/4432 2673/4433
f 2661/4414 2664/4413 2675/4434
f 2676/4435 2675/4436 2245/4437
f 2676/4438 2677/4439 2662/4440
f 2678/4441 2677/4439 2676/4438
f 227/4442 2679/4443 2676/4444
f 2676/4444 2679/4443 2678/4441
f 2675/4434 2662/4410 2661/4414
f 2662/4410 2675/4434 2676/4438
f 2245/4437 2675/4436 2664/4413
f 2676/4444 2244/3727 227/4442
f 2245/3730 2244/3729 2676/4435
f 2244/3727 2242/3728 2241/3725
f 2245/3733 2247/3732 2242/3728
f 2247/3732 2246/3731 2249/3743
f 2664/4413 2248/3734 2245/4437
f 2409/3997 2250/3996 2246/3736
f 2246/3731 2248/3734 2409/3997
f 2248/3734 2664/4413 2666/4445
f 2666/4445 2409/3997 2248/3734
f 2665/4417 2666/4416 2664/4413
f 2410/3995 2409/3997 2666/4445
f 2665/4415 2661/4414 2663/4412
f 2666/4445 2668/4446 2410/3995
f 2411/4000 2410/3999 2668/4446
f 2667/4418 2668/4419 2666/4416
f 2668/4446 2552/4248 2411/4000
f 2553/4421 2552/4250 2668/4419
f 2412/4003 2411/4000 2413/4001
f 2552/4248 2550/4249 2413/4246
f 2553/4254 2555/4253 2550/4249
f 2680/4447 2555/4253 2554/4252
f 2549/4244 2550/4243 2555/4253
f 2555/4253 2680/4447 2549/4244
f 2669/4422 2556/4423 2553/4421
f 2672/4429 2669/4424 2667/4420
f 2667/4418 2665/4417 2672/4429
f 2663/4412 2672/4429 2665/4415
f 2673/4433 2672/4429 2663/4431
f 2554/4252 2556/4255 2671/4448
f 2670/4428 2671/4427 2556/4423
f 2671/4448 2559/4259 2554/4252
f 2559/4259 2671/4448 2639/4426
f 2554/4252 2558/4257 2680/4447
f 2681/4449 2558/4257 2557/4256
f 2548/4450 2681/4451 2682/4452
f 2683/4453 2684/4454 2682/4455
f 2682/4455 2685/4456 2683/4453
f 2686/4457 2687/4458 2683/4459
f 2683/4459 2688/4460 2686/4457
f 2689/4461 2690/4462 2686/4463
f 2686/4463 2691/4464 2689/4461
f 2692/4465 2693/4466 2689/4467
f 2689/4467 2694/4468 2692/4465
f 2695/4469 2696/4470 2692/4471
f 2692/4471 2697/4472 2695/4469
f 2698/4473 2699/4474 2695/4475
f 2695/4475 2700/4476 2698/4473
f 2701/4477 2702/4478 2698/4479
f 2698/4479 2703/4480 2701/4477
f 2704/4481 2705/4482 2701/4483
f 2701/4483 2706/4484 2704/4481
f 2707/4485 2708/4486 2704/4487
f 2704/4487 2709/4488 2707/4485
f 2710/4489 2711/4490 2707/4491
f 2707/4491 2712/4492 2710/4489
f 2713/4493 2710/4494 2714/4495
f 2715/4496 2716/4497 2714/4498
f 2714/4498 2717/4499 2715/4496
f 2716/4497 2715/4496 2718/4500
f 2719/4501 2718/4502 2720/4503
f 2721/4504 2720/4505 2722/4506
f 2723/4507 2722/4508 2724/4509
f 2725/4510 2724/4511 2726/4512
f 2727/4513 2726/4514 2728/4515
f 2729/4516 2728/4517 2730/4518
f 2731/4519 2730/4520 2732/4521
f 2733/4522 2732/4523 2734/4524
f 4490/4525 2735/4526 2734/4527
f 2734/4527 2736/4528 4490/4525
f 2735/4526 4490/4525 2737/4529
f 2738/4530 2737/4531 4492/4532
f 2739/4533 4492/4534 2740/4535
f 2741/4536 2740/4537 4494/4538
f 4486/4539 2736/4528 2734/4527
f 2734/4527 2742/4540 4486/4539
f 4485/4541 4486/4539 2742/4540
f 2742/4540 2743/4542 4485/4541
f 2744/4543 4485/4541 2743/4542
f 2743/4542 2745/4544 2744/4543
f 2746/4545 2744/4543 2745/4544
f 2745/4544 2747/4546 2746/4545
f 2748/4547 2746/4545 2747/4546
f 2747/4546 2749/4548 2748/4547
f 4481/4549 2748/4547 2749/4548
f 2749/4548 2750/4550 4481/4549
f 2751/4551 4481/4549 2750/4550
f 2750/4550 2752/4552 2751/4551
f 4473/4553 2751/4551 2752/4552
f 2752/4552 2753/4554 4473/4553
f 2754/4555 4473/4553 2753/4554
f 2753/4554 2755/4556 2754/4555
f 2756/4557 2754/4555 2755/4556
f 2755/4556 2757/4558 2756/4557
f 2758/4559 2756/4557 2757/4558
f 2757/4558 2759/4560 2758/4559
f 4478/4561 2758/4559 2759/4560
f 2759/4560 2760/4562 4478/4561
f 2761/4563 4478/4561 2760/4562
f 2760/4562 2762/4564 2761/4563
f 4480/4565 2761/4563 2762/4564
f 2762/4564 506/4566 4480/4565
f 2763/4567 506/4566 2762/4564
f 2762/4564 2764/4568 2763/4567
f 2763/4567 2764/4568 2765/4569
f 2765/4569 503/4570 2763/4567
f 502/4571 503/4570 2765/4569
f 2765/4569 2764/4568 2766/4572
f 2766/4572 2767/4573 2765/4569
f 2765/4569 2768/4574 502/4571
f 2769/4575 502/4571 2768/4574
f 2768/4574 2770/4576 2769/4575
f 2771/4577 2772/4578 2769/4579
f 500/4580 2772/4578 2771/4577
f 2773/4581 2774/4582 2771/4583
f 2771/4583 2775/4584 2773/4581
f 2776/4585 2777/4586 2773/4587
f 2773/4587 2778/4588 2776/4585
f 2779/4589 2780/4590 2776/4591
f 2776/4591 2781/4592 2779/4589
f 2782/4593 2783/4594 2779/4595
f 2779/4595 2784/4596 2782/4593
f 2785/4597 2786/4598 2782/4599
f 2782/4599 2787/4600 2785/4597
f 2788/4601 2789/4602 2785/4603
f 2785/4603 2790/4604 2788/4601
f 4461/4605 2791/4606 2788/4607
f 2788/4607 2792/4608 4461/4605
f 4461/4605 2792/4608 2793/4609
f 2793/4609 4460/4610 4461/4605
f 2794/4611 4463/4612 4460/4613
f 2795/4614 4463/4612 2794/4611
f 2796/4615 2797/4616 2794/4617
f 2794/4617 2797/4616 2798/4618
f 2798/4618 2799/4619 2794/4617
f 2800/4620 2801/4621 2799/4622
f 2802/4623 2801/4621 2800/4620
f 2800/4620 2803/4624 2802/4623
f 2804/4625 2805/4626 2802/4627
f 2802/4627 2806/4628 2804/4625
f 2807/4629 2808/4630 2804/4631
f 2804/4631 2809/4632 2807/4629
f 2810/4633 2811/4634 2807/4635
f 2807/4635 2812/4636 2810/4633
f 2813/4637 2810/4633 2812/4636
f 2812/4636 2814/4638 2813/4637
f 2815/4639 2813/4637 2814/4638
f 2814/4638 2816/4640 2815/4639
f 2817/4641 2815/4639 2816/4640
f 2818/4642 2819/4643 2816/4644
f 2816/4644 2820/4645 2818/4642
f 3142/4646 3144/4647 2820/4648
f 2823/4649 2824/4650 2822/4651
f 2822/4651 2825/4652 2823/4649
f 2826/4653 2824/4650 2823/4649
f 2823/4649 2827/4654 2826/4653
f 2828/4655 2829/4656 2826/4657
f 2826/4657 2830/4658 2828/4655
f 2831/4659 2832/4660 2828/4661
f 2828/4661 2833/4662 2831/4659
f 2831/4659 2833/4662 2834/4663
f 2835/4664 2834/4663 2833/4662
f 2833/4662 2836/4665 2835/4664
f 2837/4666 2838/4667 2835/4668
f 2835/4669 2839/4670 2840/4671
f 2840/4671 2839/4670 4221/4672
f 4086/4673 4221/4672 2839/4670
f 2839/4670 2841/4674 4086/4673
f 4086/4673 2841/4674 2842/4675
f 2842/4675 4084/4676 4086/4673
f 2843/4677 4084/4676 2842/4675
f 2838/4678 2844/4679 2842/4680
f 2842/4675 2845/4681 2843/4677
f 404/4682 2843/4677 2845/4681
f 2845/4681 2846/4683 404/4682
f 2847/4684 403/4685 2846/4686
f 2848/4687 403/4685 2847/4684
f 2847/4688 2844/4689 2849/4690
f 2849/4690 2850/4691 2847/4688
f 2848/4692 2850/4693 2851/4694
f 2851/4694 394/4695 2848/4692
f 2852/4696 3945/4697 394/4698
f 2853/4699 2854/4700 3945/4701
f 2855/4702 2856/4703 2854/4704
f 385/4705 2856/4703 2855/4702
f 2855/4702 2857/4706 385/4705
f 385/4705 2857/4706 2858/4707
f 2858/4707 2859/4708 385/4705
f 2860/4709 2861/4710 2859/4711
f 376/4712 2861/4710 2860/4709
f 2862/4713 2863/4714 2860/4715
f 2860/4715 2863/4714 2864/4716
f 2865/4717 2864/4716 2863/4714
f 2863/4714 2866/4718 2865/4717
f 2867/4719 2865/4717 2866/4718
f 2866/4718 2868/4720 2867/4719
f 2869/4721 2867/4719 2868/4720
f 2868/4720 2870/4722 2869/4721
f 2871/4723 2869/4721 2870/4722
f 2870/4722 2872/4724 2871/4723
f 2873/4725 2874/4726 2871/4727
f 2871/4727 2875/4728 2873/4725
f 2876/4729 2877/4730 2873/4731
f 2873/4731 2878/4732 2876/4729
f 2879/4733 2876/4734 2880/4735
f 2880/4735 2881/4736 2879/4733
f 2882/4737 2879/4733 2881/4736
f 2881/4736 2883/4738 2882/4737
f 2884/4739 2885/4740 2882/4741
f 2882/4741 2886/4742 2884/4739
f 2887/4743 2884/4739 2886/4742
f 2886/4742 2888/4744 2887/4743
f 2889/4745 2890/4746 2887/4747
f 2887/4748 2891/4749 2892/4750
f 2893/4751 2894/4752 2892/4753
f 2892/4753 2895/4754 2893/4751
f 2893/4751 2895/4754 2896/4755
f 2896/4755 2897/4756 2893/4751
f 2893/4751 2897/4756 2898/4757
f 2898/4758 2899/4759 2885/4760
f 2898/4761 2900/4762 2877/4763
f 2901/4764 2900/4762 2898/4761
f 2901/4765 2902/4766 2874/4767
f 2903/4768 2902/4766 2901/4765
f 2901/4765 2904/4769 2903/4768
f 2905/4770 2903/4768 2904/4769
f 2904/4769 2906/4771 2905/4770
f 2865/4772 2905/4773 2907/4774
f 2906/4775 2908/4776 2907/4777
f 2907/4778 2909/4779 2910/4780
f 2911/4781 2909/4779 2907/4778
f 2912/4782 2909/4779 2911/4781
f 2911/4783 2908/4784 2913/4785
f 2914/4786 2913/4785 2908/4784
f 2915/4787 2913/4785 2914/4786
f 2895/4788 2916/4789 2914/4790
f 2917/4791 2913/4785 2915/4787
f 2891/4792 2918/4793 2915/4794
f 2915/4787 2919/4795 2917/4791
f 2911/4796 2917/4797 371/4798
f 371/4798 2920/4799 2911/4796
f 2919/4800 372/4801 371/4802
f 2921/4803 915/4804 372/4805
f 913/4806 915/4804 2921/4803
f 2890/4807 2922/4808 2921/4809
f 913/4810 2922/4811 2923/4812
f 2926/4813 2929/4814 2930/4815
f 2925/4816 2926/4817 2927/4818
f 2927/4818 2928/4819 2925/4816
f 2925/4820 2924/4821 2923/4822
f 2931/4823 2926/4813 2930/4815
f 2930/4815 2932/4824 2931/4823
f 2933/4825 2931/4826 2934/4827
f 2934/4827 2935/4828 2933/4825
f 2936/4829 2935/4828 2934/4827
f 2937/4830 2934/4827 2931/4826
f 2934/4827 2938/4831 2936/4829
f 2936/4829 2938/4831 2939/4832
f 2940/4833 2939/4832 2938/4831
f 2938/4831 2941/4834 2940/4833
f 2942/4835 2943/4836 2940/4837
f 2940/4837 2943/4836 2944/4838
f 2944/4838 2945/4839 2940/4837
f 2940/4837 2945/4839 2946/4840
f 2946/4840 2945/4839 2947/4841
f 2947/4841 2948/4842 2946/4840
f 2946/4843 2949/4844 2950/4845
f 893/4846 2949/4844 2946/4843
f 893/4847 2948/4848 2951/4849
f 2951/4849 2952/4850 893/4847
f 2953/4851 963/4852 2952/4853
f 2954/4854 963/4852 2953/4851
f 2953/4851 2955/4855 2954/4854
f 2954/4854 2955/4855 2956/4856
f 2956/4856 2957/4857 2954/4854
f 2958/4858 2959/4859 2957/4860
f 2960/4861 2959/4859 2958/4858
f 2961/4862 2962/4863 2958/4864
f 2958/4864 2962/4863 2963/4865
f 2963/4865 3873/4866 2958/4864
f 2964/4867 2965/4868 2963/4869
f 2966/4870 2965/4868 2964/4867
f 2961/4871 2967/4872 2964/4873
f 2964/4867 2968/4874 2966/4870
f 2969/4875 2966/4870 2968/4874
f 2970/4876 2968/4874 2964/4867
f 2968/4874 2971/4877 2969/4875
f 2972/4878 3871/4879 2969/4880
f 2973/4881 3869/4882 3871/4883
f 2974/4884 3869/4882 2973/4881
f 2975/4885 2976/4886 2973/4887
f 2973/4887 2977/4888 2975/4885
f 2978/4889 2979/4890 2975/4891
f 2975/4891 2980/4892 2978/4889
f 2981/4893 2982/4894 2978/4895
f 2978/4895 2983/4896 2981/4893
f 2984/4897 2985/4898 2981/4899
f 2981/4899 2986/4900 2984/4897
f 2987/4901 2988/4902 2984/4903
f 2984/4903 2989/4904 2987/4901
f 2990/4905 2987/4906 2991/4907
f 2992/4908 2993/4909 2991/4910
f 2991/4910 2994/4911 2992/4908
f 2995/4912 2996/4913 2992/4914
f 2992/4915 2997/4916 2998/4917
f 2998/4918 2999/4919 3000/4920
f 3001/4921 3002/4922 3000/4923
f 3003/4924 3000/4923 3002/4922
f 3004/4925 3002/4922 3001/4921
f 3005/4926 3001/4927 3006/4928
f 3007/4929 3006/4930 3008/4931
f 3009/4932 3008/4933 3010/4934
f 3011/4935 3010/4936 3012/4937
f 3013/4938 3012/4939 3014/4940
f 3015/4941 3014/4942 3016/4943
f 3017/4944 3016/4945 3018/4946
f 3019/4947 3018/4948 3020/4949
f 3021/4950 3020/4951 3022/4952
f 3023/4953 3022/4954 3024/4955
f 3025/4956 3024/4957 3026/4958
f 3027/4959 3026/4960 3028/4961
f 3029/4962 3028/4963 3030/4964
f 3031/4965 3030/4966 3032/4967
f 3033/4968 3032/4969 3034/4970
f 3035/4971 3034/4972 3036/4973
f 3037/4974 3036/4975 3038/4976
f 3039/4977 3038/4978 3040/4979
f 3041/4980 3040/4981 3042/4982
f 3043/4983 3042/4984 3044/4985
f 3045/4986 3044/4987 2717/4988
f 2715/4496 2717/4499 3046/4989
f 3046/4989 3047/4990 2715/4496
f 3047/4991 3048/4992 2718/4993
f 3048/4994 3049/4995 2720/4996
f 3049/4997 3050/4998 2722/4999
f 3050/5000 3051/5001 2724/5002
f 3051/5003 3052/5004 2726/5005
f 3052/5006 3053/5007 2728/5008
f 3053/5009 3054/5010 2730/5011
f 3054/5012 3055/5013 2732/5014
f 3056/5015 3055/5013 3054/5012
f 3054/5012 3057/5016 3056/5015
f 3058/5017 3056/5015 3057/5016
f 3057/5016 3059/5018 3058/5017
f 3060/5019 3058/5017 3059/5018
f 3059/5018 3061/5020 3060/5019
f 3062/5021 3060/5019 3061/5020
f 3061/5020 3063/5022 3062/5021
f 3064/5023 3062/5021 3063/5022
f 3065/5024 3066/5025 3063/5026
f 3063/5026 3067/5027 3065/5024
f 3068/5028 3065/5024 3067/5027
f 3067/5027 3069/5029 3068/5028
f 3070/5030 3071/5031 3068/5032
f 3068/5032 3072/5033 3070/5030
f 3073/5034 3070/5035 3074/5036
f 3074/5036 3075/5037 3073/5034
f 3076/5038 3073/5034 3075/5037
f 3075/5037 3077/5039 3076/5038
f 3078/5040 3079/5041 3076/5042
f 3076/5042 3080/5043 3078/5040
f 3081/5044 3082/5045 3078/5046
f 3078/5047 3083/5048 3084/5049
f 3085/5050 3084/5051 3086/5052
f 3086/5052 3087/5053 3085/5050
f 3085/5054 3088/5055 3071/5056
f 3071/5056 3089/5057 3085/5054
f 3090/5058 3088/5059 3091/5060
f 3091/5060 3088/5059 3085/5054
f 3090/5061 3092/5062 3064/5063
f 3093/5064 3092/5062 3090/5061
f 3094/5065 3093/5066 3091/5067
f 3091/5067 3095/5068 3094/5065
f 3096/5069 3094/5065 3095/5068
f 3095/5068 3097/5070 3096/5069
f 3098/5071 3096/5069 3097/5070
f 3099/5072 3097/5070 3095/5068
f 3097/5070 3100/5073 3098/5071
f 3101/5074 2767/5075 3100/5076
f 3100/5076 3102/5077 3101/5074
f 3101/5078 3103/5079 2770/5080
f 3104/5081 3103/5079 3101/5078
f 3099/5082 3105/5083 3104/5084
f 3104/5085 3106/5086 2775/5087
f 3107/5088 3106/5086 3104/5085
f 3086/5089 3108/5090 3107/5091
f 3107/5092 3109/5093 2778/5094
f 3110/5095 3109/5093 3107/5092
f 3083/5096 3111/5097 3110/5098
f 3110/5099 3112/5100 2781/5101
f 3113/5102 3112/5100 3110/5099
f 3082/5103 3114/5104 3113/5105
f 3113/5106 3115/5107 2784/5108
f 3116/5109 3115/5107 3113/5106
f 3116/5110 3114/5111 3117/5112
f 3117/5112 3118/5113 3116/5110
f 3116/5114 3119/5115 2787/5116
f 3120/5117 3119/5115 3116/5114
f 3120/5118 3118/5119 3121/5120
f 3121/5120 3122/5121 3120/5118
f 3120/5122 3123/5123 2790/5124
f 2796/5125 3122/5126 3124/5127
f 3125/5128 3124/5129 3126/5130
f 3126/5130 3127/5131 3125/5128
f 3125/5132 3128/5133 2800/5134
f 2800/5134 3128/5133 3129/5135
f 3130/5136 3129/5137 3131/5138
f 3131/5138 3132/5139 3130/5136
f 3133/5140 3134/5141 3130/5142
f 3130/5142 3135/5143 3133/5140
f 3136/5144 3137/5145 3133/5146
f 3133/5146 3138/5147 3136/5144
f 3139/5148 3140/5149 3136/5150
f 3136/5150 3141/5151 3139/5148
f 3142/4646 2820/4648 3139/5152
f 3143/5153 3144/4647 3142/4646
f 3142/4646 3145/5154 3143/5153
f 3146/5155 3143/5153 3145/5154
f 3145/5154 3147/5156 3146/5155
f 3148/5157 3149/5158 3146/5159
f 3146/5159 3149/5158 3150/5160
f 3150/5160 3151/5161 3146/5159
f 3146/5159 3151/5161 3152/5162
f 3152/5162 3151/5161 3153/5163
f 3153/5163 3154/5164 3152/5162
f 3152/5165 3155/5166 3144/5167
f 3155/5168 3156/5169 2818/5170
f 2818/5170 3156/5169 3157/5171
f 3158/5172 2821/5173 3157/5174
f 3157/5174 3159/5175 3158/5172
f 2825/5176 3158/5177 3160/5178
f 2855/5179 3161/5180 3160/5181
f 3162/5182 3161/5180 2855/5179
f 3163/5183 3162/5184 2853/5185
f 3164/5186 3163/5187 2852/5188
f 3164/5189 3165/5190 2827/5191
f 3153/5192 3166/5193 3167/5194
f 3167/5194 3168/5195 3153/5192
f 3169/5196 3167/5194 3166/5193
f 3166/5193 3170/5197 3169/5196
f 3171/5198 3169/5196 3170/5197
f 3172/5199 3170/5197 3166/5193
f 3173/5200 3170/5197 3172/5199
f 3172/5199 3174/5201 3173/5200
f 3175/5202 3173/5200 3174/5201
f 3176/5203 3174/5201 3172/5199
f 3172/5199 3177/5204 3176/5203
f 3176/5205 3178/5206 3179/5207
f 3180/5208 3179/5207 3178/5206
f 3181/5209 3178/5206 3176/5205
f 3176/5205 3182/5210 3181/5209
f 3181/5211 3183/5212 3184/5213
f 3185/5214 3184/5213 3183/5212
f 3186/5215 3183/5212 3181/5211
f 3181/5211 3187/5216 3186/5215
f 3186/5217 3188/5218 3189/5219
f 3190/5220 3189/5219 3188/5218
f 3191/5221 3188/5218 3186/5217
f 3186/5217 3192/5222 3191/5221
f 3191/5223 3193/5224 3194/5225
f 3195/5226 3194/5225 3193/5224
f 3196/5227 3193/5224 3191/5223
f 3191/5223 3197/5228 3196/5227
f 3196/5229 3198/5230 3199/5231
f 3200/5232 3199/5231 3198/5230
f 3201/5233 3198/5230 3196/5229
f 3196/5229 3202/5234 3201/5233
f 3201/5235 3203/5236 3204/5237
f 3205/5238 3204/5237 3203/5236
f 3206/5239 3203/5236 3201/5235
f 3201/5235 3207/5240 3206/5239
f 3206/5241 3208/5242 3209/5243
f 3210/5244 3209/5243 3208/5242
f 3211/5245 3208/5242 3206/5241
f 3206/5241 3212/5246 3211/5245
f 3211/5247 3213/5248 3214/5249
f 3215/5250 3216/5251 3214/5252
f 3216/5253 3046/5254 3217/5255
f 3218/5256 3217/5257 3044/5258
f 3217/5255 3219/5259 3216/5253
f 3210/5260 3219/5261 3220/5262
f 3220/5262 3221/5263 3210/5260
f 3205/5264 3221/5265 3222/5266
f 3222/5266 3223/5267 3205/5264
f 3200/5268 3223/5269 3224/5270
f 3224/5270 3225/5271 3200/5268
f 3195/5272 3225/5273 3226/5274
f 3226/5274 3227/5275 3195/5272
f 3190/5276 3227/5277 3228/5278
f 3228/5278 3229/5279 3190/5276
f 3185/5280 3229/5281 3230/5282
f 3230/5282 3231/5283 3185/5280
f 3180/5284 3231/5285 3232/5286
f 3232/5286 3233/5287 3180/5284
f 3175/5288 3233/5289 3234/5290
f 3234/5290 3235/5291 3175/5288
f 3171/5292 3235/5293 3236/5294
f 3236/5294 3237/5295 3171/5292
f 3171/5292 3237/5295 3238/5296
f 3238/5296 3237/5295 3239/5297
f 3239/5297 3240/5298 3238/5296
f 3238/5299 3241/5300 3167/5301
f 3242/5302 3240/5298 3239/5297
f 3239/5303 3243/5304 3244/5305
f 3244/5305 3245/5306 3239/5303
f 3242/5307 3245/5308 3246/5309
f 3246/5309 3247/5310 3242/5307
f 3248/5311 3247/5310 3246/5309
f 3246/5312 3249/5313 3250/5314
f 3250/5314 3251/5315 3246/5312
f 3248/5316 3251/5317 3252/5318
f 3253/5319 3254/5320 3252/5321
f 3252/5321 3255/5322 3253/5319
f 3256/5323 2929/5324 3253/5325
f 3253/5326 3257/5327 3258/5328
f 3258/5329 3259/5330 3248/5331
f 3260/5332 2930/4815 2929/4814
f 3260/5333 3261/5334 2932/5335
f 2932/5335 3261/5334 3262/5336
f 3263/5337 3262/5336 3261/5334
f 3264/5338 3261/5334 3260/5333
f 3260/5333 3265/5339 3264/5338
f 3266/5340 3264/5338 3265/5339
f 3267/5341 3265/5339 3260/5333
f 3268/5342 3269/5343 3265/5344
f 3270/5345 3269/5343 3268/5342
f 3271/5346 3272/5347 3268/5348
f 3268/5348 3273/5349 3271/5346
f 3274/5350 3275/5351 3271/5352
f 3271/5353 3276/5354 3277/5355
f 3277/5356 3278/5357 3270/5358
f 3270/5358 3278/5357 3279/5359
f 3279/5359 3280/5360 3270/5358
f 3266/5361 3280/5362 3281/5363
f 3281/5363 3282/5364 3266/5361
f 3263/5365 3282/5366 3283/5367
f 3283/5367 3284/5368 3263/5365
f 2942/5369 3284/5370 3285/5371
f 3286/5372 3285/5373 3287/5374
f 3287/5374 3288/5375 3286/5372
f 3289/5376 2944/5377 3286/5378
f 3286/5378 3290/5379 3289/5376
f 3291/5380 2947/5381 3289/5382
f 3289/5382 3292/5383 3291/5380
f 3291/5384 3293/5385 2953/5386
f 2953/5386 3293/5385 3294/5387
f 3295/5388 3294/5387 3293/5385
f 3296/5389 3293/5385 3291/5384
f 3297/5390 3296/5391 3292/5392
f 3298/5393 3292/5383 3289/5382
f 3299/5394 3298/5395 3290/5396
f 3300/5397 3290/5379 3286/5378
f 3301/5398 3300/5399 3288/5400
f 3302/5401 3288/5375 3287/5374
f 3287/5374 3303/5402 3302/5401
f 3304/5403 3302/5401 3303/5402
f 3305/5404 3303/5402 3287/5374
f 3306/5405 3303/5402 3305/5404
f 3305/5404 3307/5406 3306/5405
f 3308/5407 3306/5405 3307/5406
f 3309/5408 3307/5406 3305/5404
f 3310/5409 3307/5406 3309/5408
f 3309/5408 3311/5410 3310/5409
f 3312/5411 3310/5409 3311/5410
f 3313/5412 3311/5410 3309/5408
f 3314/5413 3311/5410 3313/5412
f 3313/5412 3315/5414 3314/5413
f 3316/5415 3314/5413 3315/5414
f 3317/5416 3315/5414 3313/5412
f 3313/5412 3318/5417 3317/5416
f 3319/5418 3317/5416 3318/5417
f 3318/5417 3320/5419 3319/5418
f 3321/5420 3319/5418 3320/5419
f 3320/5419 3322/5421 3321/5420
f 3323/5422 3321/5420 3322/5421
f 3322/5421 3324/5423 3323/5422
f 3325/5424 3323/5422 3324/5423
f 3326/5425 3324/5423 3322/5421
f 3324/5423 3327/5426 3325/5424
f 3325/5427 3328/5428 3329/5429
f 3330/5430 3329/5429 3328/5428
f 3331/5431 3328/5428 3325/5427
f 3325/5427 3332/5432 3331/5431
f 3331/5433 3333/5434 3334/5435
f 3335/5436 3336/5437 3334/5438
f 3337/5439 3336/5437 3335/5436
f 3338/5440 3335/5441 3339/5442
f 3340/5443 3339/5444 3341/5445
f 3342/5446 3343/5447 3341/5448
f 3341/5448 3344/5449 3342/5446
f 3345/5450 3346/5451 3342/5452
f 3342/5453 3347/5454 3348/5455
f 3348/5456 3349/5457 3350/5458
f 3351/5459 3350/5460 3026/5461
f 3349/5462 3352/5463 3030/5464
f 3352/5465 3353/5466 3032/5467
f 3353/5468 3354/5469 3034/5470
f 3354/5471 3355/5472 3036/5473
f 3355/5474 3356/5475 3038/5476
f 3356/5477 3357/5478 3040/5479
f 3358/5480 3357/5478 3356/5477
f 3356/5477 3359/5481 3358/5480
f 3360/5482 3222/5483 3358/5484
f 3361/5485 3224/5486 3360/5487
f 3360/5487 3362/5488 3361/5485
f 3363/5489 3226/5490 3361/5491
f 3361/5491 3364/5492 3363/5489
f 3365/5493 3228/5494 3363/5495
f 3363/5495 3366/5496 3365/5493
f 3367/5497 3230/5498 3365/5499
f 3365/5499 3368/5500 3367/5497
f 3369/5501 3232/5502 3367/5503
f 3367/5503 3370/5504 3369/5501
f 3371/5505 3234/5506 3369/5507
f 3369/5507 3372/5508 3371/5505
f 3373/5509 3371/5505 3372/5508
f 3372/5508 3374/5510 3373/5509
f 3375/5511 3373/5509 3374/5510
f 3374/5510 3376/5512 3375/5511
f 3375/5513 3377/5514 3249/5515
f 3249/5515 3377/5514 3378/5516
f 3379/5517 3378/5516 3377/5514
f 3380/5518 3377/5514 3375/5513
f 3381/5519 3380/5520 3376/5521
f 3382/5522 3383/5523 3376/5524
f 3384/5525 3383/5523 3382/5522
f 3385/5526 3386/5527 3382/5528
f 3382/5528 3387/5529 3385/5526
f 3388/5530 3389/5531 3385/5532
f 3385/5532 3390/5533 3388/5530
f 3391/5534 3392/5535 3388/5536
f 3388/5536 3393/5537 3391/5534
f 3394/5538 3395/5539 3391/5540
f 3391/5540 3396/5541 3394/5538
f 3397/5542 3398/5543 3394/5544
f 3394/5544 3399/5545 3397/5542
f 3354/5546 3397/5547 3400/5548
f 3394/5544 3398/5543 3401/5549
f 3385/5532 3389/5531 3402/5550
f 3402/5551 3403/5552 3384/5553
f 3332/5554 3404/5555 3384/5556
f 3403/5557 3405/5558 3331/5559
f 3331/5559 3405/5558 3406/5560
f 3327/5561 3407/5562 3381/5563
f 3331/5431 3332/5432 3403/5557
f 3384/5553 3403/5552 3332/5554
f 3405/5558 3403/5557 3402/5551
f 3404/5555 3332/5554 3325/5427
f 3325/5424 3327/5426 3404/5555
f 3381/5563 3404/5555 3327/5561
f 3384/5556 3404/5555 3381/5563
f 3407/5562 3327/5561 3324/5423
f 3324/5423 3326/5425 3407/5562
f 3381/5563 3383/5523 3384/5556
f 3376/5521 3383/5523 3381/5519
f 3381/5563 3407/5562 3379/5564
f 3379/5564 3407/5562 3326/5425
f 3379/5564 3380/5520 3381/5563
f 3377/5514 3380/5518 3379/5517
f 3375/5513 3376/5512 3380/5518
f 3376/5512 3374/5510 3382/5522
f 3382/5522 3374/5510 3372/5508
f 3372/5508 3387/5529 3382/5522
f 3382/5522 3386/5527 3384/5525
f 3384/5525 3386/5527 3402/5551
f 3387/5529 3372/5508 3369/5507
f 3402/5550 3386/5527 3385/5532
f 3385/5526 3387/5529 3370/5565
f 3369/5501 3370/5504 3387/5529
f 3370/5565 3390/5533 3385/5526
f 3390/5533 3370/5565 3367/5503
f 3367/5503 3368/5500 3390/5533
f 3388/5530 3390/5533 3368/5500
f 3368/5500 3393/5537 3388/5530
f 3393/5537 3368/5500 3365/5499
f 3365/5493 3366/5496 3393/5537
f 3391/5534 3393/5537 3366/5496
f 3366/5496 3396/5541 3391/5534
f 3396/5541 3366/5496 3363/5495
f 3363/5489 3364/5492 3396/5541
f 3394/5538 3396/5541 3364/5492
f 3364/5492 3399/5545 3394/5538
f 3399/5545 3364/5492 3361/5491
f 3361/5485 3362/5488 3399/5545
f 3399/5545 3362/5488 3400/5566
f 3400/5548 3397/5547 3399/5545
f 3400/5566 3362/5488 3360/5487
f 3361/5491 3226/5490 3225/5273
f 3225/5271 3224/5270 3361/5491
f 3227/5275 3226/5274 3363/5489
f 3363/5489 3228/5494 3227/5275
f 3360/5487 3224/5486 3223/5269
f 3229/5279 3228/5278 3365/5493
f 3365/5493 3230/5498 3229/5279
f 3223/5269 3222/5266 3360/5487
f 3231/5283 3230/5282 3367/5497
f 3367/5497 3232/5502 3231/5283
f 3233/5287 3232/5286 3369/5501
f 3369/5507 3234/5506 3233/5287
f 3235/5291 3234/5290 3371/5505
f 3371/5505 3236/5294 3235/5291
f 3236/5294 3371/5505 3373/5509
f 3239/5297 3237/5295 3236/5294
f 3373/5509 3243/5567 3236/5294
f 3236/5294 3243/5567 3239/5297
f 3243/5567 3373/5509 3375/5511
f 3375/5511 3244/5305 3243/5567
f 3249/5515 3244/5305 3375/5513
f 3244/5305 3249/5515 3246/5312
f 3246/5309 3245/5308 3244/5305
f 3239/5303 3245/5306 3242/5302
f 3378/5516 3250/5314 3249/5515
f 3274/5568 3408/5569 3250/5570
f 3409/5571 3408/5569 3274/5568
f 3250/5570 3378/5516 3274/5568
f 3251/5315 3250/5314 3408/5569
f 3274/5568 3378/5516 3379/5517
f 3246/5312 3251/5315 3248/5311
f 3408/5569 3252/5318 3251/5315
f 3379/5517 3275/5351 3274/5568
f 3326/5425 3275/5351 3379/5564
f 3271/5352 3275/5351 3326/5425
f 3255/5322 3252/5321 3408/5569
f 3408/5569 3409/5571 3255/5322
f 3252/5321 3254/5320 3248/5316
f 3326/5425 3276/5354 3271/5352
f 3322/5421 3276/5354 3326/5425
f 3276/5354 3322/5421 3320/5419
f 3320/5419 3277/5355 3276/5354
f 3277/5355 3320/5419 3318/5417
f 3277/5355 3272/5347 3271/5353
f 3318/5417 3278/5357 3277/5355
f 3270/5358 3272/5347 3277/5356
f 3278/5357 3318/5417 3313/5412
f 3313/5412 3279/5359 3278/5357
f 3309/5408 3279/5359 3313/5412
f 3280/5360 3279/5359 3309/5408
f 3268/5348 3272/5347 3270/5345
f 3309/5408 3281/5363 3280/5360
f 3270/5358 3280/5360 3266/5361
f 3305/5404 3281/5363 3309/5408
f 3266/5361 3269/5343 3270/5358
f 3282/5364 3281/5363 3305/5404
f 3265/5339 3269/5343 3266/5340
f 3305/5404 3283/5367 3282/5364
f 3287/5374 3283/5367 3305/5404
f 3266/5361 3282/5364 3263/5365
f 3284/5368 3283/5367 3287/5374
f 3263/5365 3264/5338 3266/5361
f 3261/5334 3264/5338 3263/5337
f 3287/5374 3285/5373 3284/5368
f 3263/5365 3284/5368 2942/5369
f 2942/5369 3262/5336 3263/5365
f 3285/5371 2943/4836 2942/5369
f 2943/4836 3285/5371 3286/5372
f 3286/5378 2944/5377 2943/4836
f 2945/4839 2944/4838 3289/5376
f 3289/5382 2947/5381 2945/4839
f 3286/5372 3288/5375 3300/5397
f 3289/5382 3290/5379 3298/5393
f 3290/5379 3300/5397 3299/5394
f 3301/5572 3410/5573 3299/5574
f 3299/5574 3410/5573 3411/5575
f 3411/5575 3412/5576 3299/5574
f 3297/5577 3412/5578 3413/5579
f 3413/5579 3414/5580 3297/5577
f 3415/5581 2970/5582 3414/5583
f 3415/5584 3416/5585 2972/5586
f 3417/5587 3416/5585 3415/5584
f 3417/5588 3418/5589 2977/5590
f 3419/5591 3418/5589 3417/5588
f 3419/5592 3420/5593 2980/5594
f 3421/5595 3420/5593 3419/5592
f 3419/5592 3422/5596 3421/5595
f 3421/5597 3423/5598 2983/5599
f 3424/5600 3423/5598 3421/5597
f 3421/5597 3425/5601 3424/5600
f 3424/5602 3426/5603 2986/5604
f 3424/5605 3427/5606 2995/5607
f 2995/5607 3427/5606 3428/5608
f 3427/5609 3429/5610 3308/5611
f 3425/5612 3430/5613 3304/5614
f 3429/5610 3427/5609 3424/5605
f 3308/5611 3428/5608 3427/5609
f 3424/5605 3425/5601 3429/5610
f 3304/5614 3429/5610 3425/5612
f 3430/5613 3425/5612 3421/5597
f 3308/5611 3429/5610 3304/5614
f 3421/5597 3422/5596 3430/5613
f 2983/5599 3420/5593 3421/5597
f 2986/5604 3423/5598 3424/5602
f 3420/5593 2983/5599 2978/4895
f 2978/4895 2982/4894 3431/5615
f 3432/5616 2979/5617 3431/5618
f 3431/5618 3433/5619 3432/5616
f 3432/5616 3433/5619 3434/5620
f 3434/5620 3866/5621 3432/5616
f 3863/5622 3434/5620 3433/5619
f 3433/5619 3435/5623 3863/5622
f 3436/5624 3862/5625 3863/5626
f 3861/5627 3862/5625 3436/5624
f 3437/5628 3438/5629 3436/5630
f 3439/5631 3436/5630 3438/5629
f 3440/5632 3438/5629 3437/5628
f 3437/5628 3441/5633 3440/5632
f 3440/5634 3442/5635 3443/5636
f 3444/5637 3445/5638 3443/5639
f 3446/5640 3445/5638 3444/5637
f 3447/5641 3444/5642 3448/5643
f 3449/5644 3448/5645 3450/5646
f 3451/5647 3450/5648 3452/5649
f 3453/5650 3452/5651 3454/5652
f 3455/5653 3454/5654 3002/5655
f 3456/5656 3457/5657 3455/5658
f 3458/5659 3459/5660 3457/5661
f 3457/5662 3460/5663 3453/5664
f 3461/5665 3460/5663 3457/5662
f 3460/5666 3462/5667 3451/5668
f 3463/5669 3449/5670 3451/5671
f 3464/5672 3447/5673 3449/5674
f 3465/5675 3466/5676 3464/5677
f 3464/5677 3467/5678 3465/5675
f 3468/5679 3469/5680 3465/5681
f 3465/5681 3470/5682 3468/5679
f 3471/5683 3468/5684 3472/5685
f 3473/5686 3474/5687 3472/5688
f 3472/5688 3475/5689 3473/5686
f 3476/5690 3477/5691 3473/5692
f 3473/5692 3477/5691 3478/5693
f 3479/5694 3478/5695 3480/5696
f 3481/5697 3482/5698 3480/5699
f 3480/5699 3483/5700 3481/5697
f 3484/5701 3485/5702 3481/5703
f 3481/5703 3486/5704 3484/5701
f 3886/5705 3484/5706 3487/5707
f 3488/5708 3489/5709 3487/5710
f 3487/5710 3490/5711 3488/5708
f 3491/5712 3492/5713 3488/5714
f 3488/5714 3492/5713 3493/5715
f 3494/5716 3493/5717 3495/5718
f 3495/5718 1578/5719 3494/5716
f 3488/5720 3494/5721 3496/5722
f 3496/5723 3497/5724 3498/5725
f 3498/5726 3499/5727 3487/5728
f 3890/5729 3497/5724 3496/5723
f 1578/5730 3500/5731 3496/5732
f 3495/5718 3493/5717 3501/5733
f 3501/5733 3502/5734 3495/5718
f 1550/5735 3502/5734 3501/5733
f 3492/5736 3503/5737 3501/5738
f 3501/5738 3503/5737 3504/5739
f 3504/5739 3505/5740 3501/5738
f 1548/5741 1550/5742 3505/5743
f 3505/5743 3506/5744 1548/5741
f 3507/5745 3508/5746 1548/5747
f 3509/5748 3508/5746 3507/5745
f 3507/5749 3510/5750 2587/5751
f 2587/5751 3510/5750 3511/5752
f 3512/5753 3511/5754 3513/5755
f 3504/5756 3514/5757 3513/5758
f 3513/5758 3515/5759 3504/5756
f 3504/5739 3503/5737 3516/5760
f 3514/5761 3516/5762 3517/5763
f 3518/5764 3519/5765 3517/5766
f 3517/5766 3520/5767 3518/5764
f 3521/5768 3522/5769 3518/5770
f 3518/5770 3523/5771 3521/5768
f 3524/5772 3525/5773 3521/5774
f 3521/5774 3526/5775 3524/5772
f 3527/5776 3528/5777 3524/5778
f 3524/5778 3529/5779 3527/5776
f 3530/5780 3531/5781 3527/5782
f 3527/5782 3532/5783 3530/5780
f 3533/5784 3534/5785 3530/5786
f 3530/5786 3535/5787 3533/5784
f 3536/5788 3537/5789 3533/5790
f 3533/5790 3538/5791 3536/5788
f 3539/5792 3537/5789 3536/5788
f 3536/5788 3540/5793 3539/5792
f 3541/5794 3542/5795 3539/5796
f 3539/5796 3542/5795 3543/5797
f 3544/5798 3545/5799 3543/5800
f 3543/5800 3546/5801 3544/5798
f 3545/5799 3544/5798 3547/5802
f 3548/5803 3549/5804 3547/5805
f 3547/5805 3550/5806 3548/5803
f 3551/5807 3552/5808 3548/5809
f 3548/5809 3553/5810 3551/5807
f 3554/5811 3555/5812 3551/5813
f 3551/5813 3556/5814 3554/5811
f 3512/5815 3557/5816 3554/5817
f 3554/5817 3558/5818 3512/5815
f 3513/5755 3559/5819 3512/5753
f 3550/5820 3560/5821 2598/5822
f 2598/5822 3560/5821 3561/5823
f 3561/5824 3562/5825 2603/5826
f 2603/5826 3562/5825 3563/5827
f 3564/5828 3565/5829 3563/5830
f 3566/5831 3565/5829 3564/5828
f 3567/5832 3564/5833 3546/5834
f 3566/5835 3567/5836 3568/5837
f 3569/5838 3570/5839 3568/5840
f 3568/5840 3571/5841 3569/5838
f 3572/5842 3573/5843 3569/5844
f 3569/5844 3574/5845 3572/5842
f 3575/5846 3572/5847 3019/5848
f 3576/5849 3575/5850 3021/5851
f 3577/5852 3575/5850 3576/5849
f 3578/5853 3576/5854 3023/5855
f 3579/5856 3576/5854 3578/5853
f 3580/5857 3581/5858 3578/5859
f 3578/5859 3582/5860 3580/5857
f 3583/5861 3581/5858 3580/5857
f 3580/5857 3584/5862 3583/5861
f 3581/5858 3583/5861 3585/5863
f 3579/5864 3585/5865 3586/5866
f 3587/5867 3588/5868 3586/5869
f 3586/5869 3589/5870 3587/5867
f 3587/5871 3590/5872 3565/5873
f 3589/5874 3591/5875 2615/5876
f 2615/5876 3591/5875 3592/5877
f 3592/5878 3593/5879 2620/5880
f 3594/5881 3595/5882 2620/5883
f 2620/5883 3595/5882 3596/5884
f 2621/5885 3596/5886 3597/5887
f 3597/5888 3598/5889 2625/5890
f 2623/4346 2625/4349 3599/5891
f 2634/5892 3600/5893 3599/5894
f 3597/5887 3596/5886 3601/5895
f 3601/5895 3602/5896 3597/5887
f 3595/5897 3603/5898 3601/5899
f 3601/5899 3603/5898 3604/5900
f 3604/5900 3605/5901 3601/5899
f 3604/5900 3603/5898 3606/5902
f 3606/5902 3607/5903 3604/5900
f 3604/5900 3607/5903 3608/5904
f 3608/5904 3609/5905 3604/5900
f 3608/5904 3607/5903 3610/5906
f 3610/5906 3611/5907 3608/5904
f 3608/5904 3611/5907 3612/5908
f 3612/5908 3613/5909 3608/5904
f 3612/5908 3611/5907 3614/5910
f 3614/5910 3615/5911 3612/5908
f 3612/5908 3615/5911 3616/5912
f 3616/5912 3617/5913 3612/5908
f 3616/5912 3615/5911 3618/5914
f 3618/5914 3619/5915 3616/5912
f 3616/5912 3619/5915 3620/5916
f 3620/5916 3621/5917 3616/5912
f 3043/5918 3622/5919 3620/5920
f 3618/5921 3623/5922 3035/5923
f 3623/5924 3624/5925 3033/5926
f 3625/5927 3031/5928 3033/5929
f 3626/5930 3029/5931 3031/5932
f 3626/5933 3627/5934 3580/5935
f 3580/5935 3627/5934 3628/5936
f 3629/5937 3628/5936 3627/5934
f 3627/5934 3630/5938 3629/5937
f 3631/5939 3610/5940 3629/5941
f 3630/5938 3627/5934 3626/5933
f 3629/5941 3610/5940 3607/5903
f 3611/5907 3610/5906 3631/5939
f 3607/5903 3606/5902 3629/5941
f 3631/5939 3614/5910 3611/5907
f 3629/5941 3630/5938 3631/5939
f 3618/5914 3615/5911 3614/5910
f 3631/5939 3630/5938 3625/5942
f 3626/5933 3625/5942 3630/5938
f 3623/5943 3614/5910 3631/5939
f 3614/5910 3623/5943 3618/5914
f 3631/5939 3624/5925 3623/5943
f 3625/5942 3624/5925 3631/5939
f 3033/5929 3624/5925 3625/5927
f 3033/5926 3035/5923 3623/5924
f 3031/5932 3625/5927 3626/5930
f 3032/4967 3033/4968 3031/4965
f 3034/4972 3035/4971 3033/4968
f 3030/4966 3031/4965 3029/4962
f 3034/5470 3032/4969 3353/5468
f 3032/5467 3030/4966 3352/5465
f 3036/5473 3034/4972 3354/5471
f 3397/5547 3354/5546 3353/5468
f 3353/5468 3398/5543 3397/5547
f 3401/5549 3398/5543 3353/5468
f 3353/5466 3352/5465 3401/5549
f 3400/5548 3355/5472 3354/5546
f 3348/5944 3401/5549 3352/5465
f 3352/5463 3349/5462 3348/5944
f 3030/5464 3028/4963 3349/5462
f 3350/5458 3349/5457 3028/4963
f 3401/5549 3395/5539 3394/5544
f 3395/5539 3401/5549 3348/5944
f 3028/4963 3026/4960 3350/5458
f 3348/5455 3347/5454 3395/5539
f 3391/5540 3395/5539 3347/5454
f 3347/5454 3392/5535 3391/5540
f 3350/5458 3343/5945 3348/5456
f 3392/5535 3347/5454 3342/5453
f 3348/5456 3343/5945 3342/5453
f 3343/5945 3350/5458 3351/5459
f 3342/5452 3346/5451 3392/5535
f 3388/5536 3392/5535 3346/5451
f 3346/5451 3389/5531 3388/5536
f 3389/5531 3346/5451 3345/5450
f 3345/5450 3402/5550 3389/5531
f 3402/5550 3345/5450 3405/5558
f 3342/5446 3344/5449 3345/5450
f 3405/5558 3345/5450 3344/5449
f 3344/5449 3406/5560 3405/5558
f 3406/5560 3344/5449 3341/5448
f 3351/5459 3341/5448 3343/5945
f 3341/5445 3339/5444 3406/5560
f 3341/5448 3351/5459 3340/5443
f 3333/5946 3406/5560 3339/5444
f 3406/5560 3333/5946 3331/5559
f 3339/5442 3335/5441 3333/5946
f 3334/5438 3333/5434 3335/5436
f 3334/5435 3328/5428 3331/5433
f 3328/5428 3334/5435 3330/5430
f 3336/5947 3632/5948 3330/5949
f 3330/5949 3632/5948 3633/5950
f 3633/5950 3634/5951 3330/5949
f 3330/5949 3634/5951 3635/5952
f 3635/5952 3634/5951 3636/5953
f 3636/5953 3637/5954 3635/5952
f 3638/5955 3637/5954 3636/5953
f 3636/5956 3639/5957 3640/5958
f 3640/5958 3641/5959 3636/5956
f 3638/5960 3641/5961 3642/5962
f 3642/5962 3643/5963 3638/5960
f 3642/5964 3644/5965 3645/5966
f 3645/5966 3646/5967 3642/5964
f 2998/5968 3645/5969 3647/5970
f 3647/5971 3648/5972 3008/5973
f 3648/5974 3649/5975 3010/5976
f 3649/5977 3650/5978 3012/5979
f 3650/5980 3651/5981 3014/5982
f 3651/5983 3652/5984 3016/5985
f 3014/5982 3012/4939 3650/5980
f 3016/5985 3014/4942 3651/5983
f 3012/5979 3010/4936 3649/5977
f 3010/5976 3008/4933 3648/5974
f 3649/5975 3648/5974 3644/5986
f 3644/5986 3648/5974 3647/5971
f 3647/5970 3645/5969 3644/5986
f 3646/5967 3645/5966 2998/5968
f 3644/5986 3640/5987 3649/5975
f 3640/5987 3644/5986 3642/5964
f 3642/5964 3641/5961 3640/5987
f 3649/5975 3640/5987 3639/5957
f 3639/5957 3650/5978 3649/5975
f 3651/5981 3650/5980 3639/5957
f 3636/5953 3641/5959 3638/5955
f 3639/5957 3633/5988 3651/5981
f 3633/5988 3639/5957 3636/5956
f 3636/5953 3634/5951 3633/5988
f 3652/5984 3651/5983 3633/5988
f 3633/5988 3632/5948 3652/5984
f 3652/5984 3632/5948 3336/5947
f 3330/5430 3334/5435 3336/5947
f 3336/5437 3337/5439 3652/5984
f 3635/5952 3329/5429 3330/5949
f 3652/5984 3337/5439 3018/5989
f 3018/5989 3016/4945 3652/5984
f 3329/5429 3323/5422 3325/5427
f 3323/5422 3329/5429 3635/5952
f 3635/5952 3321/5420 3323/5422
f 3319/5418 3321/5420 3635/5952
f 3635/5952 3637/5954 3319/5418
f 3319/5418 3637/5954 3638/5955
f 3638/5955 3317/5416 3319/5418
f 3315/5414 3317/5416 3638/5955
f 3638/5955 3643/5963 3315/5414
f 3315/5414 3643/5963 3316/5415
f 2997/5990 3653/5991 3316/5992
f 3316/5415 3643/5963 3642/5962
f 3642/5962 3646/5967 3316/5415
f 3316/5992 3646/5967 2997/5990
f 2998/4917 2997/4916 3646/5967
f 3653/5991 2997/5990 2992/4915
f 2998/4917 2993/4909 2992/4915
f 2992/4914 2996/4913 3653/5991
f 3000/4920 2993/4909 2998/4918
f 3316/5992 3653/5991 3312/5993
f 3312/5993 3653/5991 2996/4913
f 3312/5993 3314/5413 3316/5992
f 3311/5410 3314/5413 3312/5411
f 2996/4913 3428/5994 3312/5993
f 3428/5608 2996/4913 2995/5607
f 3312/5993 3428/5994 3308/5611
f 3308/5611 3310/5409 3312/5993
f 3307/5406 3310/5409 3308/5407
f 2992/4908 2994/4911 2995/4912
f 3304/5614 3306/5405 3308/5611
f 3303/5402 3306/5405 3304/5403
f 2995/4912 2994/4911 2989/5995
f 2989/5995 2994/4911 2991/4910
f 2995/5607 3426/5603 3424/5605
f 2989/5995 3426/5603 2995/4912
f 2991/4907 2987/4906 2989/5995
f 2987/4906 2990/4905 3654/5996
f 3655/5997 3654/5998 3450/5999
f 3656/6000 2988/6001 3654/6002
f 3654/6002 2988/6001 2987/4906
f 3426/5603 2989/5995 2984/4903
f 2984/4903 2988/4902 3656/6000
f 2984/4897 2986/4900 3426/5603
f 3656/6000 2985/4898 2984/4903
f 3423/5598 2986/5604 2981/4899
f 2981/4893 2983/4896 3423/5598
f 2981/4899 2985/4898 3441/6003
f 3441/6003 2982/4894 2981/4899
f 3440/5632 3441/5633 2985/4898
f 2985/4898 3656/6000 3440/5632
f 2982/4894 3441/6003 3437/5628
f 3440/5632 3656/6000 3655/6004
f 3654/5998 3655/5997 3656/6000
f 3437/5628 3431/5615 2982/4894
f 3433/5619 3431/5618 3437/5628
f 3437/5628 3435/5623 3433/5619
f 3436/5630 3435/5623 3437/5628
f 3863/5626 3435/5623 3436/5624
f 3431/5615 2979/5617 2978/4895
f 2978/4889 2980/4892 3420/5593
f 2975/4891 2979/4890 3432/5616
f 3418/6005 2980/4892 2975/4891
f 2980/4892 3418/6005 3419/5592
f 2975/4885 2977/4888 3418/6005
f 3432/5616 2976/4886 2975/4891
f 2974/6006 2976/4886 3432/5616
f 3432/5616 3866/5621 2974/6006
f 2973/4881 2976/4886 2974/4884
f 3416/6007 2977/4888 2973/4887
f 2977/5590 3416/6007 3417/5588
f 2973/4887 2972/5586 3416/6007
f 3871/4883 2972/4878 2973/4881
f 2969/4880 2971/4877 2972/4878
f 2972/4878 2971/4877 3415/5584
f 3415/5584 2971/4877 2968/4874
f 2968/4874 2970/4876 3415/5584
f 3415/5584 3413/6008 3417/5587
f 3414/5580 3413/5579 3415/5581
f 3417/5587 3413/6008 3412/5578
f 3412/5578 3411/5575 3417/5587
f 3417/5588 3411/5575 3419/5591
f 3419/5591 3411/5575 3410/5573
f 3410/5573 3422/5596 3419/5591
f 3422/5596 3410/5573 3301/5572
f 3301/5572 3430/5613 3422/5596
f 3304/5614 3430/5613 3301/5572
f 3301/5572 3302/5401 3304/5614
f 3288/5375 3302/5401 3301/5398
f 3299/5394 3300/5397 3301/5572
f 3299/5574 3412/5576 3297/5577
f 3297/5577 3298/5395 3299/5574
f 3292/5383 3298/5393 3297/5390
f 3291/5380 3292/5383 3296/5389
f 3295/6009 3296/5391 3297/5390
f 3293/5385 3296/5389 3295/5388
f 3297/5577 3414/5580 3295/6009
f 3295/6009 3414/5580 2970/5582
f 2970/5582 2967/6010 3295/6009
f 2964/4873 2967/4872 2970/4876
f 3295/6009 2967/6010 2961/4871
f 2963/4869 2962/4863 2964/4867
f 2964/4873 2962/4863 2961/4871
f 2961/4871 3294/5387 3295/6009
f 2955/6011 3294/5387 2961/4871
f 3294/5387 2955/6011 2953/5386
f 2961/4871 2956/4856 2955/6011
f 2958/4864 2956/4856 2961/4862
f 2957/4857 2956/4856 2958/4858
f 2958/4858 3873/4866 2960/4861
f 2952/4853 2951/4849 2953/4851
f 2953/5386 2951/4849 3291/5384
f 3291/5384 2951/4849 2948/4848
f 2948/4848 2947/4841 3291/5384
f 2946/4840 2948/4842 893/4846
f 2946/4840 2939/4832 2940/4837
f 2950/4845 2939/4832 2946/4843
f 2939/4832 2950/4845 2936/4829
f 2940/4833 2941/4834 2942/4835
f 2942/4835 2941/4834 2937/6012
f 2937/6012 3262/5336 2942/4835
f 2937/6012 2941/4834 2938/4831
f 2938/4831 2934/4827 2937/6012
f 3262/5336 2937/6012 2932/5335
f 2931/4823 2932/4824 2937/4830
f 2926/4813 2931/4823 2933/4825
f 2933/4825 2927/4818 2926/4813
f 2932/4824 2930/4815 3260/5333
f 2928/4819 2924/4821 2925/4816
f 2929/4814 2926/4813 2925/4816
f 2923/4822 2924/4821 913/4810
f 3257/6013 2925/4820 2923/4822
f 2921/4809 2922/4808 913/4806
f 2889/6014 2923/4812 2922/4811
f 2923/4812 2889/6014 3257/6013
f 2922/4811 2890/4807 2889/6014
f 2925/4820 3257/6013 3253/5326
f 3253/5325 2929/5324 2925/4820
f 3257/6013 2889/6014 2888/6015
f 2929/5324 3256/5323 3260/5332
f 2887/4747 2888/4744 2889/4745
f 3260/5332 3256/5323 3267/5341
f 2888/6015 3258/5328 3257/6013
f 3253/5319 3255/5322 3256/5323
f 3258/5328 3254/5320 3253/5326
f 3256/5323 3255/5322 3409/5571
f 3248/5331 3254/5320 3258/5329
f 3409/5571 3267/5341 3256/5323
f 3259/5330 3258/5329 2888/6015
f 2888/4744 2886/4742 3259/5330
f 3259/5330 2886/4742 2882/4741
f 3265/5339 3267/5341 3268/5342
f 3268/5342 3267/5341 3409/5571
f 3409/5571 3273/5349 3268/5342
f 3274/5568 3273/5349 3409/5571
f 3271/5346 3273/5349 3274/5350
f 2882/4741 2883/4738 3259/5330
f 3248/5331 3259/5330 2883/4738
f 2883/4738 3247/5310 3248/5331
f 3242/5307 3247/5310 2883/4738
f 2883/4738 2881/4736 3242/5307
f 3242/5307 2881/4736 2880/4735
f 2880/4735 3240/5298 3242/5307
f 3238/5296 3240/5298 2880/4735
f 2880/4735 3241/5300 3238/5296
f 3241/5300 2880/4735 2876/4734
f 2876/4734 2878/4732 3241/5300
f 3167/5301 3241/5300 2878/4732
f 3167/5301 3169/5196 3238/5299
f 3238/5296 3169/5196 3171/5292
f 2878/4732 3168/5195 3167/5301
f 3168/5195 2878/4732 2873/4731
f 3170/5197 3173/5200 3171/5198
f 3171/5198 3173/5200 3175/5202
f 3175/5288 3235/5291 3171/5198
f 2873/4731 2875/4728 3168/5195
f 3153/5192 3168/5195 2875/4728
f 2875/4728 3154/5164 3153/5192
f 3154/5164 2875/4728 2871/4727
f 3153/5163 3151/5161 3150/5160
f 3150/5160 3166/5193 3153/5163
f 3166/5193 3150/5160 3172/5199
f 3172/5199 3150/5160 3149/5158
f 3149/5158 3177/5204 3172/5199
f 3148/6016 3657/6017 3177/6018
f 3182/6019 3657/6020 3658/6021
f 3659/6022 3660/6023 3658/6024
f 3658/6024 3661/6025 3659/6022
f 3662/6026 3663/6027 3659/6028
f 3659/6028 3664/6029 3662/6026
f 3665/6030 3666/6031 3662/6032
f 3662/6032 3667/6033 3665/6030
f 3668/6034 3669/6035 3665/6036
f 3665/6036 3670/6037 3668/6034
f 3671/6038 3672/6039 3668/6040
f 3668/6040 3673/6041 3671/6038
f 3674/6042 3675/6043 3671/6044
f 3671/6044 3676/6045 3674/6042
f 3677/6046 3678/6047 3674/6048
f 3674/6048 3679/6049 3677/6046
f 3680/6050 3681/6051 3677/6052
f 3677/6052 3682/6053 3680/6050
f 3683/6054 3684/6055 3680/6056
f 3680/6056 3685/6057 3683/6054
f 3686/6058 3687/6059 3683/6060
f 3683/6061 3688/6062 3689/6063
f 3690/6064 3689/6065 3050/6066
f 3691/6067 3692/6068 3690/6069
f 3690/6069 3693/6070 3691/6067
f 3211/6071 3694/6072 3691/6073
f 3695/6074 3688/6062 3683/6061
f 3696/6075 3697/6076 3695/6077
f 3696/6078 3698/6079 3061/6080
f 3686/6081 3685/6082 3699/6083
f 3700/6084 3682/6053 3677/6052
f 3701/6085 3074/6086 3700/6087
f 3702/6088 3075/5037 3074/5036
f 3703/6089 3077/5039 3075/5037
f 3076/5038 3077/5039 3704/6090
f 3704/6091 3705/6092 3081/6093
f 3706/6094 3117/6095 3081/6096
f 3706/6097 3707/6098 3126/6099
f 3126/6099 3707/6098 3708/6100
f 3709/6101 3708/6102 3710/6103
f 3710/6103 3711/6104 3709/6101
f 3131/6105 3712/6106 3709/6107
f 3709/6107 3713/6108 3131/6105
f 3131/6105 3713/6108 3714/6109
f 3715/6110 3716/6111 3714/6112
f 3664/6113 3717/6114 3714/6115
f 3714/6115 3717/6114 3718/6116
f 3661/6117 3719/6118 3718/6119
f 3718/6119 3719/6118 3720/6120
f 3720/6120 3719/6118 3721/6121
f 3722/6122 3721/6123 3148/6124
f 3720/6125 3722/6126 3723/6127
f 3724/6128 3725/6129 3715/6130
f 3710/6131 3726/6132 3724/6133
f 3727/6134 3728/6135 3724/6136
f 3729/6137 3703/6138 3727/6139
f 3730/6140 3727/6139 3703/6138
f 3710/6141 3731/6142 3729/6143
f 3724/6136 3726/6132 3727/6134
f 3727/6139 3726/6132 3729/6137
f 3729/6137 3726/6132 3710/6141
f 3077/5039 3703/6089 3729/6137
f 3729/6137 3704/6090 3077/5039
f 3075/5037 3702/6088 3703/6089
f 3703/6089 3702/6088 3730/6140
f 3705/6092 3704/6091 3729/6137
f 3729/6143 3731/6142 3705/6092
f 3676/6144 3730/6140 3702/6088
f 3706/6145 3705/6092 3731/6142
f 3702/6088 3701/6146 3676/6144
f 3074/6086 3701/6085 3702/6088
f 3081/6093 3705/6092 3706/6094
f 3674/6042 3676/6045 3701/6146
f 3730/6140 3676/6144 3671/6044
f 3701/6146 3679/6049 3674/6042
f 3700/6087 3679/6049 3701/6085
f 3677/6046 3679/6049 3700/6084
f 3700/6087 3074/6086 3070/5035
f 3070/5030 3072/5033 3700/6087
f 3682/6053 3700/6084 3072/5033
f 3071/5031 3070/5030 3073/5034
f 3072/5033 3699/6147 3682/6053
f 3073/5034 3089/5057 3071/5031
f 3680/6050 3682/6053 3699/6147
f 3089/5057 3073/5034 3076/5038
f 3699/6147 3072/5033 3068/5032
f 3068/5032 3071/5031 3088/5055
f 3076/5042 3079/5041 3089/5057
f 3088/5055 3065/5024 3068/5032
f 3085/5054 3089/5057 3079/5041
f 3065/5024 3088/5055 3090/5058
f 3079/5041 3084/5051 3085/5054
f 3090/5058 3066/5025 3065/5024
f 3084/5049 3079/5041 3078/5047
f 3064/5063 3066/5025 3090/5061
f 3063/5026 3066/5025 3064/5023
f 3068/5028 3069/5029 3699/6147
f 3699/6083 3069/5029 3686/6081
f 3699/6147 3685/6082 3680/6050
f 3686/6081 3069/5029 3067/5027
f 3683/6060 3685/6057 3686/6058
f 3698/6148 3067/5027 3063/5026
f 3067/5027 3698/6148 3686/6081
f 3063/5026 3061/5020 3698/6148
f 3686/6081 3698/6148 3696/6078
f 3061/6080 3059/5018 3696/6078
f 3696/6078 3687/6059 3686/6081
f 3696/6078 3059/5018 3057/5016
f 3695/6077 3687/6059 3696/6075
f 3683/6061 3687/6059 3695/6074
f 3057/5016 3697/6076 3696/6078
f 3053/6149 3697/6076 3057/5016
f 3695/6077 3697/6076 3053/6149
f 3057/5016 3054/5012 3053/6149
f 3053/6149 3052/5006 3695/6077
f 3688/6062 3695/6074 3052/5006
f 2730/4518 2728/4517 3053/5009
f 2732/4521 2730/4520 3054/5012
f 2728/5008 2726/4514 3052/5006
f 3052/5006 3051/5003 3688/6062
f 2726/5005 2724/4511 3051/5003
f 3688/6062 3051/5003 3050/5000
f 3050/6066 3689/6065 3688/6062
f 2724/5002 2722/4508 3050/5000
f 3689/6063 3684/6055 3683/6061
f 3684/6055 3689/6063 3690/6064
f 3050/6066 3049/4997 3690/6064
f 2722/4999 2720/4505 3049/4997
f 3690/6064 3049/4997 3048/4994
f 2720/4996 2718/4502 3048/4994
f 3690/6064 3692/6068 3684/6055
f 3048/4994 3693/6070 3690/6064
f 3680/6056 3684/6055 3692/6068
f 3693/6070 3048/4994 3047/4991
f 3692/6068 3681/6051 3680/6056
f 2718/4993 2715/4496 3047/4991
f 3681/6051 3692/6068 3691/6067
f 3047/4991 3215/6150 3693/6070
f 3691/6067 3693/6070 3215/6150
f 3215/6150 3047/4991 3046/4989
f 3691/6067 3694/6072 3681/6051
f 3677/6052 3681/6051 3694/6072
f 3694/6072 3678/6047 3677/6052
f 3678/6047 3694/6072 3211/6071
f 3215/6150 3213/6151 3691/6067
f 3691/6067 3213/6151 3211/6071
f 3214/5252 3213/5248 3215/5250
f 3046/5254 3216/5253 3215/6150
f 3214/5249 3208/5242 3211/5247
f 3211/5245 3212/5246 3678/6047
f 3208/5242 3214/5249 3210/5244
f 3210/5244 3214/5249 3216/5251
f 3674/6048 3678/6047 3212/5246
f 3216/5253 3219/5259 3210/5244
f 3212/5246 3675/6043 3674/6048
f 3675/6043 3212/5246 3206/5241
f 3206/5241 3207/5240 3675/6043
f 3671/6044 3675/6043 3207/5240
f 3209/5243 3203/5236 3206/5241
f 3203/5236 3209/5243 3205/5238
f 3205/5238 3209/5243 3210/5244
f 3210/5260 3221/5263 3205/5238
f 3207/5240 3672/6039 3671/6044
f 3672/6039 3207/5240 3201/5235
f 3671/6044 3673/6041 3730/6140
f 3727/6139 3730/6140 3673/6041
f 3673/6041 3728/6135 3727/6139
f 3728/6135 3673/6041 3668/6040
f 3201/5235 3202/5234 3672/6039
f 3668/6040 3672/6039 3202/5234
f 3204/5237 3198/5230 3201/5235
f 3198/5230 3204/5237 3200/5232
f 3200/5232 3204/5237 3205/5238
f 3205/5264 3223/5267 3200/5232
f 3202/5234 3669/6035 3668/6040
f 3669/6035 3202/5234 3196/5229
f 3668/6040 3670/6037 3728/6135
f 3196/5229 3197/5228 3669/6035
f 3724/6136 3728/6135 3670/6037
f 3665/6036 3669/6035 3197/5228
f 3670/6037 3725/6129 3724/6136
f 3725/6129 3670/6037 3665/6036
f 3197/5228 3666/6031 3665/6036
f 3665/6036 3667/6033 3725/6129
f 3666/6031 3197/5228 3191/5223
f 3715/6130 3725/6129 3667/6033
f 3191/5221 3192/5222 3666/6031
f 3662/6032 3666/6031 3192/5222
f 3194/5225 3188/5218 3191/5223
f 3188/5218 3194/5225 3190/5220
f 3190/5220 3194/5225 3195/5226
f 3195/5226 3227/5275 3190/5220
f 3200/5268 3225/5271 3195/5272
f 3195/5272 3199/5231 3200/5268
f 3193/5224 3199/5231 3195/5226
f 3199/5231 3193/5224 3196/5229
f 3190/5276 3229/5279 3185/5280
f 3185/5280 3189/5219 3190/5276
f 3183/5212 3189/5219 3185/5214
f 3189/5219 3183/5212 3186/5217
f 3185/5280 3231/5283 3180/5284
f 3180/5284 3184/5213 3185/5280
f 3178/5206 3184/5213 3180/5208
f 3184/5213 3178/5206 3181/5211
f 3180/5284 3233/5287 3175/5288
f 3175/5288 3179/5207 3180/5284
f 3174/5201 3179/5207 3175/5202
f 3179/5207 3174/5201 3176/5205
f 3176/5203 3177/5204 3657/6017
f 3657/6020 3182/6019 3176/5203
f 3177/6018 3149/5158 3148/6016
f 3658/6021 3657/6020 3148/6016
f 3181/5209 3182/5210 3660/6152
f 3658/6021 3660/6023 3182/6019
f 3660/6152 3187/5216 3181/5209
f 3187/5216 3660/6152 3659/6022
f 3148/6124 3721/6123 3658/6021
f 3658/6021 3721/6123 3719/6118
f 3719/6118 3661/6117 3658/6021
f 3659/6022 3661/6025 3717/6153
f 3718/6119 3717/6114 3661/6117
f 3717/6153 3664/6113 3659/6022
f 3659/6022 3663/6027 3187/5216
f 3186/5215 3187/5216 3663/6027
f 3663/6027 3192/5222 3186/5215
f 3192/5222 3663/6027 3662/6032
f 3662/6026 3664/6029 3716/6154
f 3716/6154 3667/6033 3662/6026
f 3714/6115 3716/6111 3664/6113
f 3667/6033 3716/6154 3715/6130
f 3714/6112 3713/6108 3715/6110
f 3715/6110 3713/6108 3709/6107
f 3709/6107 3711/6104 3715/6110
f 3715/6130 3711/6104 3724/6128
f 3724/6133 3711/6104 3710/6131
f 3718/6116 3132/6155 3714/6115
f 3714/6115 3132/6155 3131/6105
f 3130/5136 3132/5139 3718/6116
f 3718/6116 3135/5143 3130/5136
f 3720/6120 3135/5143 3718/6119
f 3133/5140 3135/5143 3720/6120
f 3721/6121 3722/6122 3720/6120
f 3720/6120 3138/5147 3133/5140
f 3723/6127 3138/5147 3720/6125
f 3136/5144 3138/5147 3723/6127
f 3723/6127 3722/6126 3147/6156
f 3148/6124 3147/6156 3722/6122
f 3146/5159 3147/5156 3148/5157
f 3147/5156 3145/5154 3723/6127
f 3723/6127 3145/5154 3142/4646
f 3152/5162 3143/5153 3146/5159
f 3144/5167 3143/5153 3152/5165
f 3142/4646 3141/6157 3723/6127
f 3723/6127 3141/6157 3136/5144
f 3139/5152 3141/5151 3142/4646
f 2821/6158 2819/4643 2818/4642
f 3144/4647 2818/4642 2820/4648
f 2818/4642 3144/4647 3155/5168
f 3139/5152 2820/4648 2816/4644
f 2816/4644 2814/4638 3139/5152
f 3139/5152 2814/4638 2812/4636
f 2812/4636 3140/5149 3139/5152
f 3140/5149 2812/4636 2807/4635
f 2807/4635 2811/4634 3732/6159
f 2808/6160 3732/6161 3733/6162
f 3734/6163 3735/6164 3733/6165
f 3733/6165 4455/6166 3734/6163
f 3736/6167 3734/6168 3737/6169
f 3738/6170 4455/6166 3733/6165
f 3733/6162 3732/6161 3739/6171
f 3740/6172 3739/6171 3732/6161
f 4452/6173 3738/6174 3739/6175
f 3739/6171 3740/6172 3741/6176
f 3741/6176 3740/6172 3742/6177
f 3743/6178 3744/6179 3742/6180
f 3742/6180 3745/6181 3743/6178
f 3743/6178 3745/6181 3746/6182
f 3747/6183 3744/6179 3743/6178
f 3743/6178 3748/6184 3747/6183
f 3747/6185 3749/6186 3741/6187
f 4449/6188 3749/6186 3747/6185
f 3748/6189 3750/6190 4449/6191
f 3751/6192 4449/6191 3750/6190
f 3751/6192 3750/6190 3752/6193
f 3753/6194 3752/6195 2834/6196
f 3754/6197 3753/6198 2840/6199
f 4221/4672 3755/6200 2840/4671
f 2840/6199 3755/6200 3754/6197
f 3754/6197 3751/6201 3753/6198
f 3752/6195 3753/6194 3751/6192
f 2834/6196 2840/6199 3753/6194
f 3752/6193 3750/6190 3748/6189
f 4449/6188 3747/6185 3748/6189
f 3741/6187 3744/6179 3747/6185
f 3749/6186 4452/6202 3741/6187
f 3741/6176 4452/6202 3739/6171
f 3742/6180 3744/6179 3741/6176
f 3739/6175 3738/6174 3733/6162
f 2840/4671 2834/6196 2835/4669
f 2834/6196 3752/6195 2831/4659
f 3748/6189 2831/4659 3752/6193
f 2832/4660 2831/4659 3748/6189
f 3748/6184 3743/6178 2832/4660
f 3746/6182 2832/4660 3743/6178
f 2828/4661 2832/4660 3746/6182
f 2841/4674 2839/4670 2835/4669
f 2835/4669 2838/4667 2841/4674
f 2842/4675 2841/4674 2838/4678
f 3746/6182 2829/4656 2828/4661
f 2836/4665 2833/4662 2828/4661
f 2828/4655 2830/4658 2836/4665
f 2835/4664 2836/4665 2837/4666
f 2837/4666 2836/4665 2830/4658
f 2844/4679 2838/4678 2837/4666
f 2842/4680 2844/4679 2847/4688
f 2847/4688 2845/4681 2842/4680
f 2846/4686 2845/4681 2847/4684
f 2837/4666 2849/4690 2844/4679
f 2847/4684 2850/4691 2848/4687
f 2850/4691 2849/4690 3164/6203
f 3164/6203 2849/4690 2837/4666
f 3164/6203 2851/4694 2850/4691
f 2830/4658 3165/6204 2837/4666
f 2837/4666 3165/6204 3164/6203
f 3165/6204 2830/4658 2826/4657
f 2826/4657 2827/4654 3165/6204
f 2852/5188 2851/4694 3164/5186
f 394/4698 2851/4694 2852/4696
f 2827/5191 3163/5187 3164/5189
f 3163/5187 2827/5191 2823/4649
f 2853/5185 2852/5188 3163/5183
f 3945/4697 2852/4696 2853/4699
f 2823/4649 3162/5184 3163/5187
f 2855/5179 2853/5185 3162/5182
f 2854/4704 2853/4699 2855/4702
f 3161/5180 3162/5182 2823/4649
f 2823/4649 2825/4652 3161/5180
f 3160/5178 3161/5180 2825/5176
f 3160/5181 2857/4706 2855/5179
f 2857/4706 3160/5181 2862/6205
f 2862/6205 3160/5181 3158/5177
f 2862/6205 2858/4707 2857/4706
f 2821/5173 3158/5172 2825/5176
f 2825/5176 2822/4651 2821/5173
f 3158/5172 3159/5175 2862/6205
f 3157/5174 2821/5173 2818/5170
f 2819/4643 2821/6158 2822/4651
f 3159/5175 3157/5174 2868/6206
f 2868/6206 3157/5174 3156/5169
f 2868/6206 2866/4718 3159/5175
f 2862/6205 3159/5175 2866/4718
f 2866/4718 2863/4714 2862/6205
f 3156/5169 2870/4722 2868/6206
f 2870/4722 3156/5169 3155/5168
f 3155/5168 2872/4724 2870/4722
f 2872/4724 3155/5168 3152/5165
f 3152/5162 3154/5164 2872/4724
f 2871/4723 2872/4724 3154/5164
f 2860/4715 2858/4707 2862/4713
f 2859/4708 2858/4707 2860/4709
f 2871/4727 2874/4726 2902/4766
f 2902/4766 2869/4721 2871/4727
f 2869/4721 2902/4766 2903/4768
f 2903/4768 2867/4719 2869/4721
f 2867/4719 2903/4768 2905/4770
f 2905/4773 2865/4772 2867/4719
f 2907/4774 2864/4716 2865/4772
f 2907/4774 2905/4773 2906/4775
f 2910/4780 2864/4716 2907/4778
f 2864/4716 2910/4780 2860/4715
f 2860/4715 2910/4780 376/4712
f 376/4712 2910/4780 2909/4779
f 2909/4779 2912/4782 376/4712
f 2911/4796 2920/4799 2912/4782
f 2907/4778 2908/4776 2911/4781
f 2913/4785 2917/4791 2911/4783
f 371/4802 2917/4797 2919/4800
f 2908/4784 2906/4775 2914/4786
f 2914/4786 2906/4775 2904/4769
f 372/4801 2919/4800 2921/4803
f 2921/4803 2919/4800 2915/4787
f 2904/4769 2896/6207 2914/4786
f 2896/6207 2904/4769 2901/4765
f 2914/4790 2896/6207 2895/4788
f 2901/4765 2897/4756 2896/6207
f 2914/4786 2916/4789 2915/4787
f 2898/4761 2897/4756 2901/4764
f 2915/4794 2916/4789 2891/4792
f 2891/4792 2916/4789 2895/4788
f 2895/4788 2892/4753 2891/4792
f 2915/4787 2918/4793 2921/4803
f 2921/4803 2918/4793 2890/4807
f 2918/4793 2891/4792 2887/4748
f 2887/4747 2890/4746 2918/4793
f 2892/4750 2884/4739 2887/4748
f 2884/4739 2892/4750 2894/4752
f 2894/4752 2885/4740 2884/4739
f 2885/4760 2894/4752 2898/4758
f 2898/4758 2894/4752 2893/4751
f 2882/4741 2885/4740 2899/4759
f 2899/4759 2879/4733 2882/4741
f 2877/4763 2899/4759 2898/4761
f 2879/4733 2899/4759 2877/4763
f 2877/4763 2876/4729 2879/4733
f 2873/4731 2877/4730 2900/4762
f 2900/4762 2874/4726 2873/4731
f 2874/4726 2900/4762 2901/4765
f 3756/6208 3757/6209 266/6210
f 266/6210 3758/6211 3756/6208
f 2573/4281 2571/4277 2576/4282
f 3756/6212 2576/4282 2571/4277
f 3758/6211 266/6210 268/6213
f 260/6214 262/6215 3759/6216
f 268/4295 2583/4294 3758/6211
f 2654/4393 263/4399 260/4397
f 3759/6216 2655/4395 260/6214
f 2655/4395 3759/6216 2568/6217
f 2568/4271 2570/4274 2655/4395
f 2571/4275 2568/4271 3759/6216
f 3759/6216 3756/6212 2571/4275
f 2570/4396 2647/6218 2654/4394
f 2654/4393 2647/6218 2648/4390
f 2647/4385 2570/4396 2567/4384
f 3757/6219 3759/6216 262/6215
f 2573/4281 2575/4280 3760/6220
f 3760/6220 3761/6221 2573/4281
f 3762/6222 3761/6221 3760/6220
f 3760/6220 3763/6223 3762/6222
f 2573/4278 3761/6221 2572/4276
f 2572/4276 3761/6221 3762/6222
f 3759/6216 3757/6219 3756/6212
f 2571/4277 2572/4276 2569/4272
f 2581/6224 2576/4282 3756/6212
f 3756/6208 3758/6211 2581/6224
f 2581/6224 3758/6211 2583/4294
f 2583/4292 2579/4291 2581/6224
f 2576/4282 2581/6224 2578/4288
f 2596/6225 3764/6226 2578/6227
f 2578/4285 2574/4284 2576/4282
f 2578/4288 2580/4287 2596/6225
f 2578/4285 3764/6226 2577/4283
f 2592/4312 2596/4311 2580/4287
f 3764/6226 2596/6225 2595/4310
f 2580/4287 2593/4307 2592/4312
f 2593/4307 2580/4287 2579/4286
f 2579/4286 2582/4290 2593/4307
f 2595/4316 2599/4315 3764/6226
f 3764/6226 2599/4315 2601/4318
f 2601/4318 2577/4283 3764/6226
f 2590/4308 2593/4307 2582/4290
f 2605/4323 2577/4283 2601/4322
f 2574/4284 2577/4283 2605/4323
f 2605/4323 2575/4280 2574/4284
f 2583/4292 2584/4293 2582/4290
f 2575/4280 2605/4323 2607/4325
f 2607/4325 3760/6220 2575/4280
f 3763/6223 3760/6220 2607/4325
f 2607/4325 2608/4327 3763/6223
f 2584/4293 2585/4296 1568/4297
f 2582/4290 2584/4293 2586/4298
f 2586/4302 2588/4301 2582/4290
f 2582/4290 2588/4301 2590/4308
f 2589/4303 2586/4302 1568/4297
f 1568/4297 3509/6228 2589/4303
f 3507/5745 2589/4303 3509/5748
f 2587/4300 2589/4303 3507/5749
f 1548/5747 3506/5744 3507/5745
f 3511/5752 2591/4305 2587/5751
f 3507/5745 3506/5744 3515/6229
f 3515/6229 3510/5750 3507/5745
f 3504/5756 3515/5759 3506/5744
f 3506/5744 3505/5743 3504/5756
f 3510/5750 3515/6229 3513/5758
f 3513/5758 3511/5754 3510/5750
f 3501/5738 3505/5740 1550/5735
f 2591/4305 3511/5752 3512/5753
f 3501/5738 3493/5717 3492/5736
f 3512/5815 3558/5818 2591/4305
f 2590/4304 2591/4305 3558/5818
f 3558/5818 2594/4309 2590/4304
f 2594/4309 3558/5818 3554/5817
f 3493/5717 3494/5716 3488/5714
f 3496/5722 3494/5721 1578/5730
f 3496/5732 3500/5731 3890/5729
f 3496/5722 3489/5709 3488/5720
f 3498/5725 3489/5709 3496/5723
f 3487/5710 3489/5709 3498/5726
f 3487/5728 3499/5727 3886/5705
f 3484/5706 3886/5705 3885/6230
f 3765/6231 3485/6232 3885/6233
f 3885/6233 3883/6234 3765/6231
f 3482/6235 3765/6236 3766/6237
f 3766/6238 3881/6239 3880/6240
f 3880/6241 3879/6242 3472/6243
f 3883/6244 3881/6239 3766/6238
f 3885/6230 3485/6232 3484/5706
f 3766/6237 3765/6236 3883/6244
f 3481/5703 3485/5702 3765/6231
f 3481/5697 3483/5700 3767/6245
f 3765/6231 3482/6235 3481/5703
f 3767/6245 3486/5704 3481/5697
f 3487/5707 3484/5706 3486/5704
f 3486/5704 3490/5711 3487/5707
f 3472/5685 3879/6242 3471/5683
f 3468/5684 3471/5683 3876/6246
f 3768/6247 3469/6248 3876/6249
f 3876/6249 3875/6250 3768/6247
f 3466/6251 3768/6252 3769/6253
f 3769/6254 3770/6255 3445/6256
f 3770/6255 3769/6254 3858/6257
f 3858/6257 3857/6258 3770/6255
f 3876/6246 3469/6248 3468/5684
f 3768/6247 3875/6250 3858/6259
f 3858/6257 3769/6254 3768/6247
f 3465/5681 3469/5680 3768/6247
f 3465/5675 3467/5678 3771/6260
f 3772/6261 3771/6260 3467/5678
f 3467/5678 3773/6262 3772/6261
f 3774/6263 3775/6264 3772/6265
f 3772/6265 3775/6264 3776/6266
f 3777/6267 3776/6268 3778/6269
f 3779/6270 3780/6271 3778/6272
f 3778/6272 3781/6273 3779/6270
f 3779/6274 3782/6275 3480/6276
f 3778/6269 3776/6268 3783/6277
f 3783/6277 3784/6278 3778/6269
f 3775/6279 3785/6280 3783/6281
f 3783/6281 3785/6280 3786/6282
f 3786/6282 3787/6283 3783/6281
f 3458/6284 3788/6285 3786/6286
f 3458/6287 3456/6288 3789/6289
f 3789/6289 3790/6290 3458/6287
f 3007/6291 3791/6292 3789/6293
f 3791/6294 3792/6295 3536/6296
f 3536/6296 3792/6295 3793/6297
f 3793/6298 3794/6299 3541/6300
f 3541/6300 3794/6299 3795/6301
f 3792/6295 3791/6294 3007/6291
f 3536/5788 3538/5791 3791/6294
f 3789/6293 3791/6292 3538/5791
f 3793/6297 3540/5793 3536/6296
f 3538/5791 3790/6290 3789/6293
f 3541/6300 3540/5793 3793/6298
f 3790/6290 3538/5791 3533/5790
f 3533/5790 3537/5789 3796/6302
f 3539/5796 3540/5793 3541/5794
f 3796/6302 3537/5789 3539/5792
f 3533/5784 3535/5787 3790/6290
f 3458/6287 3790/6290 3535/5787
f 3796/6302 3534/5785 3533/5790
f 3535/5787 3788/6285 3458/6287
f 3788/6285 3535/5787 3530/5786
f 3539/5792 3545/6303 3796/6302
f 3543/5800 3545/5799 3539/5796
f 3547/5802 3796/6302 3545/5799
f 3534/5785 3796/6302 3547/5802
f 3530/5780 3532/5783 3788/6285
f 3786/6286 3788/6285 3532/5783
f 3530/5786 3534/5785 3549/6304
f 3547/5802 3549/5804 3534/5785
f 3549/6304 3531/5781 3530/5786
f 3531/5781 3549/6304 3548/5803
f 3548/5803 3552/5808 3531/5781
f 3527/5782 3531/5781 3552/5808
f 3552/5808 3528/5777 3527/5782
f 3528/5777 3552/5808 3551/5807
f 3787/6305 3532/5783 3527/5782
f 3532/5783 3787/6305 3786/6286
f 3527/5782 3529/5779 3787/6305
f 3783/6281 3787/6283 3529/5779
f 3529/5779 3784/6278 3783/6281
f 3784/6278 3529/5779 3524/5778
f 3783/6277 3776/6268 3775/6279
f 3524/5778 3526/5775 3784/6278
f 3778/6269 3784/6278 3526/5775
f 3526/5775 3781/6273 3778/6269
f 3781/6273 3526/5775 3521/5774
f 3524/5778 3528/5777 3555/6306
f 3551/5813 3555/5812 3528/5777
f 3555/6306 3525/5773 3524/5778
f 3525/5773 3555/6306 3554/5811
f 3554/5817 3557/5816 3525/5773
f 3521/5774 3525/5773 3557/5816
f 3554/5817 3556/5814 2594/4309
f 2592/4306 2594/4309 3556/5814
f 3556/5814 2597/4313 2592/4306
f 2597/4313 3556/5814 3551/5813
f 3551/5807 3553/5810 2597/4313
f 2595/4310 2597/4313 3553/5810
f 3553/5810 2600/4317 2595/4310
f 2600/4317 3553/5810 3548/5809
f 3548/5809 3550/5806 2600/4317
f 2598/4314 2600/4317 3550/5820
f 3560/5821 3550/5820 3547/5805
f 3547/5802 3544/5798 3560/5821
f 3561/5823 3560/5821 3544/5798
f 3561/5823 2602/4319 2598/5822
f 3544/5798 3546/5801 3561/5823
f 2603/5826 2602/4319 3561/5824
f 2601/4318 2602/4319 2603/4320
f 3562/5825 3561/5824 3546/5801
f 3546/5801 3564/5833 3562/5825
f 3563/5827 3562/5825 3564/5828
f 3546/5801 3543/5800 3567/5832
f 3564/5833 3567/5832 3566/5831
f 3568/5837 3567/5836 3543/5800
f 3543/5800 3542/5795 3568/5837
f 3568/5837 3542/5795 3541/5794
f 3541/5794 3571/5841 3568/5837
f 3568/5840 3570/5839 3566/5835
f 3795/6301 3571/5841 3541/6300
f 3587/6307 3566/5835 3570/5839
f 3569/5838 3571/5841 3795/6301
f 3565/5829 3566/5831 3587/5871
f 3588/6308 3570/5839 3569/5838
f 3570/5839 3588/6308 3587/6307
f 3569/5844 3573/5843 3588/6308
f 3795/6301 3574/5845 3569/5838
f 3586/5869 3588/5868 3573/5843
f 3017/6309 3574/5845 3795/6301
f 3572/5842 3574/5845 3017/6309
f 3573/5843 3572/5842 3575/5846
f 3017/6309 3019/5848 3572/5842
f 3575/5850 3577/5852 3573/5843
f 3573/5843 3577/5852 3586/5869
f 3019/5848 3021/5851 3575/5846
f 3018/4946 3019/4947 3017/4944
f 3020/4951 3021/4950 3019/4947
f 3020/4949 3018/4948 3337/5439
f 3016/4945 3017/4944 3015/4941
f 3795/6301 3015/4941 3017/6309
f 3015/4941 3795/6301 3794/6299
f 3337/5439 3338/6310 3020/4949
f 3335/5441 3338/5440 3337/5439
f 3022/4952 3020/4951 3338/6310
f 3794/6299 3013/6311 3015/4941
f 3014/4940 3015/4941 3013/4938
f 3011/6312 3013/6311 3794/6299
f 3012/4939 3013/4938 3011/4935
f 3794/6299 3793/6298 3011/6312
f 3011/6312 3793/6298 3792/6295
f 3792/6295 3009/6313 3011/6312
f 3010/4934 3011/4935 3009/4932
f 3007/6291 3009/6313 3792/6295
f 3008/4933 3009/4932 3007/4929
f 3339/5442 3340/5443 3338/5440
f 3338/5440 3340/5443 3022/4952
f 3024/4955 3022/4954 3340/5443
f 3340/5443 3351/5459 3024/4955
f 3026/4958 3024/4957 3351/5459
f 3022/4954 3023/4953 3021/4950
f 3021/4950 3023/4953 3576/5849
f 3024/4955 3025/4956 3023/4953
f 3023/4953 3025/4956 3578/5853
f 3026/4958 3027/4959 3025/4956
f 3582/5860 3578/5859 3025/4956
f 3025/4956 3027/4959 3582/5860
f 3578/5859 3581/5858 3579/5856
f 3576/5849 3579/5856 3577/5852
f 3585/5865 3579/5864 3581/5858
f 3586/5866 3577/5852 3579/5864
f 3586/5866 3585/5865 3591/6314
f 3591/5875 3589/5874 3586/5866
f 3592/5877 3591/5875 3585/5865
f 3585/5863 3583/5861 3592/5877
f 3028/4961 3029/4962 3027/4959
f 3027/4959 3029/4962 3626/5930
f 3626/5930 3582/5860 3027/4959
f 3580/5857 3582/5860 3626/5933
f 3593/5879 3592/5878 3583/5861
f 3583/5861 3584/5862 3593/5879
f 3628/5936 3584/5862 3580/5935
f 3594/6315 3593/5879 3584/5862
f 3584/5862 3628/5936 3594/6315
f 3594/6315 3628/5936 3629/5937
f 3629/5941 3606/5902 3594/6315
f 3594/6315 3606/5902 3603/5898
f 3603/5898 3595/5897 3594/6315
f 2620/5880 3593/5879 3594/5881
f 3601/5899 3596/5886 3595/5897
f 3596/5884 2621/5885 2620/5883
f 2620/5880 2619/6316 3592/5878
f 3592/5878 2619/6316 2615/5876
f 2618/4344 2619/4341 2620/4342
f 2618/6317 2624/6318 3797/6319
f 2622/4345 2624/4347 2618/4344
f 3797/6319 2616/4337 2618/6317
f 3597/5887 2622/4345 2621/5885
f 2612/4338 2616/4337 3797/6319
f 2625/5890 2622/4348 3597/5888
f 2626/4350 3797/6319 2624/4347
f 3797/6319 2613/4333 2612/4338
f 2613/4333 3797/6319 2626/4350
f 2626/4350 2628/4352 2613/4333
f 2609/4334 2613/4333 2628/4352
f 2628/4352 2610/4329 2609/4334
f 2610/4329 2628/4352 2627/4351
f 2627/4356 2608/4355 2610/4329
f 2606/4330 2610/4329 2608/4327
f 2605/4323 2604/4321 2606/4324
f 2606/4324 2604/4321 2603/4320
f 2603/4320 2611/4331 2606/4324
f 3563/5827 2611/4331 2603/5826
f 2609/4328 2611/4331 3563/5827
f 3563/5827 2614/4335 2609/4328
f 2614/4335 3563/5827 3565/5829
f 3565/5829 3590/5872 2614/4335
f 2612/4332 2614/4335 3590/5872
f 3590/5872 2617/4339 2612/4332
f 2617/4339 3590/5872 3587/5871
f 3587/5871 3589/5870 2617/4339
f 2615/5876 2617/4339 3589/5874
f 2630/4357 3763/6223 2608/4355
f 3762/6222 3763/6223 2630/4357
f 2630/4357 2627/4356 2629/4354
f 2630/4357 2632/4359 3762/6222
f 2629/4354 2633/4361 2630/4357
f 3762/6222 2632/4359 2636/6320
f 2636/4367 2632/4359 2631/4365
f 2636/6320 2637/4368 3762/6222
f 3762/6222 2637/4368 2572/4276
f 2569/4272 2572/4276 2637/4368
f 2637/4368 2565/6321 2569/4272
f 2567/4273 2569/4272 2565/4267
f 2563/4370 2565/4267 2637/4368
f 2563/4265 2636/4369 2562/4263
f 2638/4371 2566/4372 2563/4265
f 2560/6322 2562/4366 2631/4365
f 2561/4264 2562/4263 2560/4260
f 2559/6323 2638/4371 2561/4264
f 2561/4262 2557/4261 2559/6323
f 2639/4374 2638/4373 2559/4259
f 2557/4256 2560/4260 2681/4449
f 2639/4374 2641/4376 2566/4372
f 2564/4266 2566/4269 2641/4376
f 2670/4428 2642/4378 2639/4426
f 2643/4379 2642/4378 2670/4428
f 2670/4425 2673/4430 2643/4379
f 2641/4376 2645/6324 2564/4266
f 2567/4270 2564/4266 2645/4382
f 2645/4381 2641/4376 2640/4375
f 2650/6325 2643/4379 2673/4430
f 2646/4383 2645/4382 2644/4380
f 2644/4380 2643/4379 2650/6325
f 2644/4380 2649/4387 2646/4383
f 2650/6325 2649/4387 2644/4380
f 2648/4390 2649/4387 2650/4388
f 2673/4433 2674/4432 2650/6325
f 2650/6325 2674/4432 2660/6326
f 2660/6326 2651/4389 2650/6325
f 2658/4405 2660/4408 2674/4432
f 2674/4432 2663/4431 2658/4405
f 2651/4389 2660/6326 2656/4407
f 2656/4407 2652/4391 2651/4389
f 149/4403 2652/4391 2656/4401
f 2653/4392 2652/4391 149/4400
f 2656/4407 2659/4406 154/4404
f 2678/6327 154/4404 2659/4406
f 2659/4406 2677/4439 2678/6327
f 2677/4439 2659/4406 2658/4405
f 2658/4411 2662/4410 2677/4439
f 2558/4257 2681/4449 2548/4450
f 2548/4450 2680/4447 2558/4257
f 2549/4244 2680/4447 2548/4239
f 2682/4452 2681/4451 2560/4260
f 2682/4452 2684/4454 2548/4450
f 2545/4240 2548/4239 2684/4454
f 2560/4260 2635/6328 2682/4452
f 2631/4365 2635/4363 2560/6322
f 2682/4452 2635/6328 2634/4362
f 2631/4364 2633/4361 2634/4362
f 2634/4362 2685/4456 2682/4452
f 2634/4362 2633/4361 2629/4354
f 3599/5894 2685/4456 2634/5892
f 2629/4354 3600/5893 2634/4362
f 3600/5893 2629/4354 2626/4353
f 2626/4353 2623/4346 3600/5893
f 3599/5894 3600/5893 2623/4346
f 2683/4453 2685/4456 3599/5894
f 3599/5894 2688/4460 2683/4453
f 2688/4460 3599/5894 2625/4349
f 2625/5890 3598/5889 2688/4460
f 2686/4457 2688/4460 3598/5889
f 2546/6329 2684/4454 2683/4453
f 2684/4454 2546/6329 2545/4240
f 2683/4453 2687/4458 2546/6329
f 2542/4237 2546/4236 2687/4458
f 2549/4241 2545/4240 2547/4238
f 2547/4238 2551/4245 2549/4241
f 2687/4458 2543/4232 2542/4237
f 2543/4232 2687/4458 2686/4457
f 2418/6330 2547/4238 2542/4237
f 2686/4457 2690/4462 2543/4232
f 2542/4237 2544/4234 2418/6330
f 2539/4233 2543/4232 2690/4462
f 3598/5889 2691/4464 2686/4457
f 2691/4464 3598/5889 3597/5888
f 3597/5887 3602/5896 2691/4464
f 2689/4461 2691/4464 3602/5896
f 2690/4462 2540/4228 2539/4233
f 2540/4228 2690/4462 2689/4461
f 3602/5896 2694/4468 2689/4461
f 2689/4461 2693/4466 2540/4228
f 2694/4468 3602/5896 3601/5895
f 2536/4229 2540/4228 2693/4466
f 3601/5899 3605/5901 2694/4468
f 2692/4465 2694/4468 3605/5901
f 2693/4466 2537/4224 2536/4229
f 2537/4224 2693/4466 2692/4465
f 3605/5901 2697/4472 2692/4465
f 2692/4471 2696/4470 2537/4224
f 2697/4472 3605/5901 3604/5900
f 2533/4225 2537/4224 2696/4470
f 3604/5900 3609/5905 2697/4472
f 2695/4469 2697/4472 3609/5905
f 2696/4470 2534/4220 2533/4225
f 2534/4220 2696/4470 2695/4469
f 3609/5905 2700/4476 2695/4469
f 2695/4475 2699/4474 2534/4220
f 2700/4476 3609/5905 3608/5904
f 2530/4221 2534/4220 2699/4474
f 3608/5904 3613/5909 2700/4476
f 2698/4473 2700/4476 3613/5909
f 2699/4474 2531/4216 2530/4221
f 2531/4216 2699/4474 2698/4473
f 3613/5909 2703/4480 2698/4473
f 2698/4479 2702/4478 2531/4216
f 2703/4480 3613/5909 3612/5908
f 2527/4217 2531/4216 2702/4478
f 3612/5908 3617/5913 2703/4480
f 2701/4477 2703/4480 3617/5913
f 2702/4478 2528/4212 2527/4217
f 2528/4212 2702/4478 2701/4477
f 3617/5913 2706/4484 2701/4477
f 2701/4483 2705/4482 2528/4212
f 2705/6331 3798/6332 2526/6333
f 2526/4213 2528/4212 2705/6331
f 2706/4484 3617/5913 3616/5912
f 3616/5912 3621/5917 2706/4484
f 3798/6332 2705/6331 2704/4481
f 2704/4481 2706/4484 3621/5917
f 3621/5917 2709/4488 2704/4481
f 2704/4487 2708/4486 3798/6332
f 2708/6334 3799/6335 2525/6336
f 2525/6336 3799/6335 3800/6337
f 3800/6337 3801/6338 2525/6336
f 2711/6339 3802/6340 3800/6341
f 3800/6341 3802/6340 3803/6342
f 3803/6342 3804/6343 3800/6341
f 2713/6344 3805/6345 3803/6346
f 3803/6346 3805/6345 3806/6347
f 3806/6347 3807/6348 3803/6346
f 2723/6349 3808/6350 3806/6351
f 3808/6352 3809/6353 2446/6354
f 2446/6354 3809/6353 3810/6355
f 3809/6353 3808/6352 2723/6349
f 3803/6342 3802/6340 2713/6344
f 2713/6344 3802/6340 2711/6339
f 2446/4047 2448/4050 3808/6352
f 3806/6351 3808/6350 2448/4050
f 3810/6355 2450/4052 2446/6354
f 2448/4050 3807/6348 3806/6351
f 3807/6348 2448/4050 2443/4049
f 3803/6346 3807/6348 2445/6356
f 2443/4043 2445/4046 3807/6348
f 2445/6356 3804/6343 3803/6346
f 3804/6343 2445/6356 2440/4045
f 2440/4039 2442/4042 3804/6343
f 3800/6341 3804/6343 2442/4042
f 2442/4042 3801/6338 3800/6341
f 3800/6337 3799/6335 2711/6339
f 3801/6338 2442/4042 2437/4041
f 2707/4491 2711/4490 3799/6335
f 3799/6335 2708/6334 2707/4491
f 2711/6339 2710/4489 2713/6344
f 2525/6336 3798/6332 2708/6334
f 2526/6333 3798/6332 2525/4208
f 2525/6336 3801/6338 2439/6357
f 2437/4035 2439/4038 3801/6338
f 2439/6357 2524/4209 2525/6336
f 2524/4209 2439/6357 2434/4031
f 2526/4210 2524/4209 2436/4034
f 2436/4034 2529/4214 2526/4210
f 2529/4214 2436/4034 2431/4033
f 2521/4202 2435/4032 2434/4037
f 2435/4032 2521/4202 2287/3784
f 2287/4201 2520/4200 2435/4032
f 2431/4033 2435/4032 2520/4200
f 2431/4027 2433/4030 2529/4214
f 2520/4200 2432/4028 2431/4033
f 2527/4211 2529/4214 2433/4030
f 2432/4028 2520/4200 2283/4199
f 2433/4030 2532/4218 2527/4211
f 2283/4198 2519/4197 2432/4028
f 2532/4218 2433/4030 2428/4029
f 2428/4029 2432/4028 2519/4197
f 2428/4023 2430/4026 2532/4218
f 2519/4197 2429/4024 2428/4029
f 2530/4215 2532/4218 2430/4026
f 2429/4024 2519/4197 2279/4196
f 2430/4026 2535/4222 2530/4215
f 2279/4195 2518/4194 2429/4024
f 2535/4222 2430/4026 2425/4025
f 2425/4025 2429/4024 2518/4194
f 2279/3776 2276/3773 2275/4193
f 2518/4194 2426/4020 2425/4025
f 2426/4020 2518/4194 2275/4193
f 2425/4019 2427/4022 2535/4222
f 2533/4219 2535/4222 2427/4022
f 2427/4022 2538/4226 2533/4219
f 2538/4226 2427/4022 2422/4021
f 2275/4192 2517/4191 2426/4020
f 2422/4021 2426/4020 2517/4191
f 2275/3772 2272/3769 2271/4190
f 2517/4191 2423/4016 2422/4021
f 2423/4016 2517/4191 2271/4190
f 2422/4015 2424/4018 2538/4226
f 2536/4223 2538/4226 2424/4018
f 2424/4018 2541/4230 2536/4223
f 2541/4230 2424/4018 2419/4017
f 2271/4189 2516/4188 2423/4016
f 2419/4017 2423/4016 2516/4188
f 2271/3768 2268/3765 2267/4187
f 2516/4188 2420/4012 2419/4017
f 2420/4012 2516/4188 2267/4187
f 2419/4017 2421/4014 2541/4230
f 2539/4227 2541/4230 2421/4014
f 2421/4014 2544/4234 2539/4227
f 2544/4234 2421/4014 2416/4013
f 2416/4013 2418/4010 2544/4234
f 2267/4186 2264/3761 2262/4184
f 2267/4186 2515/4185 2420/4012
f 2416/4013 2420/4012 2515/4185
f 2515/4185 2417/4008 2416/4013
f 2417/4008 2515/4185 2262/4184
f 2262/4184 2263/3759 2417/4008
f 2415/4009 2417/4008 2263/4004
f 2547/4238 2418/6330 2415/4009
f 2415/4009 2551/4245 2547/4238
f 2413/4242 2551/4245 2415/4009
f 2415/4009 2414/4005 2413/4242
f 1839/3000 1834/2997 1838/2998
f 1840/2996 1839/2995 1846/3007
f 1842/3006 1845/3005 1846/3007
f 1846/3009 1847/3008 1840/2996
f 1750/3010 1846/3009 1845/3005
f 1849/3014 1840/2996 1847/3013
f 1841/2994 1840/2996 1849/3014
f 1849/3014 1851/3016 1841/2994
f 1841/2994 1851/3016 1853/3019
f 1853/3023 1855/3022 1841/2994
f 1834/2997 1841/2994 1855/3022
f 1855/3022 1835/2989 1834/2997
f 1835/2989 1855/3022 1461/3025
f 1847/3013 1749/2859 1748/3011
f 1750/2862 1749/2861 1847/3008
f 1749/2859 1746/2860 1745/2858
f 1750/2862 1752/2864 1746/2860
f 1742/2854 1746/2853 1752/2864
f 1752/2864 1743/2849 1742/2854
f 1743/2849 1752/2864 1751/2863
f 1751/2863 1754/2867 1743/2849
f 1739/2850 1743/2849 1754/3582
f 1845/3005 1753/2866 1750/3010
f 1755/2869 1751/2868 1753/2866
f 1753/2866 1758/2873 1755/2869
f 1753/2866 1845/3005 1759/3004
f 1759/3004 1758/2873 1753/2866
f 1756/2876 1758/2873 1759/2874
f 1842/3006 1844/3002 1759/3004
f 1842/2999 1838/2998 1843/3001
f 2163/3594 1843/3001 1838/2993
f 1759/3004 1844/3002 2161/6358
f 2161/6358 1844/3002 1843/3585
f 2161/6358 1760/2875 1759/3004
f 1761/2880 1760/2875 2161/3584
f 2162/3586 1843/3585 2163/3588
f 1780/2908 1778/2906 2161/3584
f 2161/3584 2162/3586 1780/2908
f 1782/2910 1780/2908 2162/3586
f 2162/3586 2164/3589 1782/2910
f 1784/2912 1782/2910 2164/3589
f 2164/3589 2165/3591 1784/2912
f 2163/3588 2167/3593 2165/3591
f 1786/2914 1784/2912 2165/3591
f 2165/3591 2167/3593 2168/3595
f 2165/3591 2182/3622 1786/2914
f 2168/3595 2182/3622 2165/3591
f 1501/2358 1505/2357 139/6359
f 139/6359 1502/2353 1501/2358
f 137/191 139/194 1505/2357
f 1502/2353 139/6359 134/187
f 137/197 141/196 253/377
f 253/377 138/192 137/197
f 138/192 253/377 254/379
f 254/381 255/380 138/192
f 134/193 138/192 255/380
f 255/380 135/2347 134/193
f 3811/6360 3812/6361 4859/6362
f 4859/6362 309/462 3811/6360
f 3811/468 3813/471 4908/6363
f 4908/6363 3813/471 3814/473
f 3814/473 3815/6364 4908/6363
f 3815/6364 3814/473 313/475
f 313/475 3816/6365 3815/6364
f 3816/6365 313/475 3817/483
f 3817/483 3818/6366 3816/6365
f 3819/6367 3818/6366 3817/483
f 3817/483 319/485 3819/6367
f 4991/6368 3819/6367 319/485
f 319/488 321/487 4991/6368
f 4990/6369 4991/6368 321/487
f 321/487 322/489 4990/6369
f 3820/6370 3821/6371 4990/6372
f 4988/6373 3821/6371 3820/6370
f 3820/6370 866/6374 4988/6373
f 3822/6375 4988/6373 866/6374
f 866/6374 3823/1279 3822/6375
f 3824/6376 3822/6375 3823/1279
f 3823/1279 868/1285 3824/6376
f 4981/6377 3824/6376 868/1285
f 868/1286 870/1289 4981/6377
f 3825/6378 4981/6377 870/1289
f 870/1289 871/1290 3825/6378
f 3826/6379 3825/6378 871/1290
f 871/1294 874/1293 3826/6379
f 3827/6380 3826/6379 874/1293
f 874/1297 876/1296 3827/6380
f 3828/6381 3827/6380 876/1296
f 876/1300 3829/1299 3828/6381
f 3830/6382 3828/6381 3829/1299
f 3829/1299 879/1302 3830/6382
f 4974/6383 3830/6382 879/1302
f 879/1306 3831/1305 4974/6383
f 4972/6384 4974/6383 3831/1305
f 3831/1305 3832/1307 4972/6384
f 3833/6385 4972/6384 3832/1307
f 3832/1307 961/1456 3833/6385
f 3834/6386 3833/6385 961/1456
f 961/1456 960/1455 3834/6386
f 3835/6387 3834/6386 960/1455
f 960/1455 962/1457 3835/6387
f 4971/6388 3835/6387 962/1457
f 962/1460 2960/1459 4971/6388
f 4990/6372 322/489 3820/6370
f 4908/6363 3812/6361 3811/468
f 2475/4092 2476/4093 2474/4090
f 2473/4089 2474/4090 2472/4087
f 2476/4099 1634/4096 1636/4097
f 4498/4088 2472/4087 2471/4084
f 2471/4084 2472/4087 2480/4103
f 2474/4101 2479/4100 2480/4103
f 2476/4102 2478/4098 2479/4100
f 2483/6389 2478/4098 1636/4097
f 2479/4100 2478/4098 2483/6389
f 1636/4097 1637/4177 2483/6389
f 2483/6389 2482/6390 2479/4100
f 2317/4114 2482/4110 2483/4112
f 2480/4103 2479/4100 2482/6390
f 2482/6390 2481/4109 2480/4103
f 2312/4108 2311/3812 2480/4106
f 2480/4106 2311/3812 2471/4084
f 2469/6391 2471/4084 2311/3812
f 2470/4085 2471/4084 2469/4081
f 2311/3812 2309/3810 2469/6391
f 2467/6392 2469/6391 2309/3810
f 2468/4082 2469/4081 2467/4078
f 2309/3810 2307/3808 2467/6392
f 2465/6393 2467/6392 2307/3808
f 2466/4077 2467/4078 2465/4075
f 2307/3808 2306/3807 2465/6393
f 2463/6394 2465/6393 2306/3807
f 2464/4074 2465/4075 2463/4071
f 2306/3807 2305/3806 2463/6394
f 2461/4072 2463/4071 2305/4067
f 2305/3806 2303/3804 2302/3803
f 2302/3803 2460/4068 2305/3806
f 4494/4073 2461/4072 2741/4536
f 2741/4536 2461/4072 2460/4068
f 2460/4066 2302/3803 2453/4064
f 2460/4066 2459/4065 2741/4536
f 2452/4054 2453/4056 2302/3803
f 2302/3803 2300/3801 2452/4054
f 2459/4063 2453/4064 2455/4058
f 2451/4059 2455/4058 2453/4056
f 2449/4055 2452/4054 2300/3801
f 2300/3801 2299/3800 2449/4055
f 2449/4055 2299/3800 2298/3799
f 2449/4055 2450/4052 2451/4053
f 2298/3799 2447/4048 2449/4055
f 2451/4053 2450/4052 3810/6355
f 2443/4049 2447/4048 2298/3799
f 3810/6355 2456/4060 2451/4053
f 2298/3799 2444/4044 2443/4049
f 2444/4044 2298/3799 2296/3797
f 2296/3797 2295/3796 2444/4044
f 2440/4045 2444/4044 2295/3796
f 2295/3796 2441/4040 2440/4045
f 2523/6395 2441/4040 2295/3796
f 2437/4041 2441/4040 2523/6395
f 2523/4205 2438/4204 2437/4041
f 2295/3796 2293/3794 2523/6395
f 2522/4206 2523/4205 2293/3794
f 2293/3794 2290/3789 2522/4206
f 2288/3785 2522/4203 2290/3789
f 2290/3789 2289/3788 2288/3785
f 2740/4535 2741/4536 2739/4533
f 2739/4533 2741/4536 2459/4065
f 2459/4063 2457/4061 2739/4533
f 2738/6396 2739/4533 2457/4061
f 4492/4534 2739/4533 2738/4530
f 2457/4061 2458/4062 2738/6396
f 2737/4529 2738/4530 2735/4526
f 2735/4526 2738/4530 2458/4062
f 2458/4062 2733/6397 2735/4526
f 2734/4527 2735/4526 2733/4522
f 2731/6398 2733/6397 2458/4062
f 2732/4523 2733/4522 2731/4519
f 2734/4524 2732/4523 3055/5013
f 2458/4062 2454/4057 2731/6398
f 3055/5013 2742/4540 2734/4524
f 2742/4540 3055/5013 3056/5015
f 3056/5015 2743/4542 2742/4540
f 2743/4542 3056/5015 3058/5017
f 3058/5017 2745/4544 2743/4542
f 2745/4544 3058/5017 3060/5019
f 3060/5019 2747/4546 2745/4544
f 2747/4546 3060/5019 3062/5021
f 3062/5021 2749/4548 2747/4546
f 2749/4548 3062/5021 3064/5023
f 3064/5023 2750/4550 2749/4548
f 2750/4550 3064/5023 3092/5062
f 3092/5062 2752/4552 2750/4550
f 2752/4552 3092/5062 3093/5064
f 3093/5064 2753/4554 2752/4552
f 2753/4554 3093/5064 3094/5065
f 3094/5065 2755/4556 2753/4554
f 3090/5058 3091/5060 3093/5064
f 2755/4556 3094/5065 3096/5069
f 3096/5069 2757/4558 2755/4556
f 2757/4558 3096/5069 3098/5071
f 3098/5071 2759/4560 2757/4558
f 2760/4562 2759/4560 3098/5071
f 3091/5060 3085/5054 3087/5053
f 3087/5053 3095/5068 3091/5060
f 3095/5068 3087/5053 3099/5072
f 3099/5072 3087/5053 3086/5052
f 3098/5071 2766/6399 2760/4562
f 2762/4564 2760/4562 2766/6399
f 2766/4572 2764/4568 2762/4564
f 2767/4573 2766/4572 3098/5071
f 3098/5071 3100/5073 2767/4573
f 2765/4569 2767/4573 3101/5074
f 3101/5074 2768/4574 2765/4569
f 2770/4576 2768/4574 3101/5078
f 3102/5077 3100/5076 3097/5070
f 3097/5070 3099/5072 3102/5077
f 3101/5078 3102/5077 3104/5081
f 3104/5081 3102/5077 3099/5082
f 3086/5052 3105/5083 3099/5072
f 3104/5084 3105/5083 3107/5088
f 3107/5091 3105/5083 3086/5089
f 2775/5087 3103/5079 3104/5085
f 3086/5052 3084/5051 3083/5048
f 3083/5048 3108/5090 3086/5052
f 3103/5079 2775/5087 2771/4583
f 2771/4583 2770/5080 3103/5079
f 2769/4575 2770/4576 2771/4577
f 3110/5098 3108/5090 3083/5096
f 3107/5092 3108/5090 3110/5095
f 2771/4583 2774/4582 500/4580
f 470/6400 500/4580 2774/4582
f 2774/4582 3836/6401 470/6400
f 470/6400 3836/6401 3837/6402
f 3837/6402 3838/6403 470/6400
f 468/6404 3838/6403 3837/6402
f 2777/6405 3839/6406 3837/6407
f 3837/6402 3840/6408 468/6404
f 3841/6409 468/6404 3840/6408
f 3840/6408 3842/6410 3841/6409
f 3843/6411 466/6412 3841/6413
f 3844/6414 466/6412 3843/6411
f 4267/6415 4270/6416 3843/6417
f 3843/6417 3845/6418 4267/6415
f 4267/6415 3845/6418 3846/6419
f 3846/6419 3847/6420 4267/6415
f 3848/6421 4266/6422 3847/6423
f 3849/6424 4266/6422 3848/6421
f 3850/6425 3851/6426 3848/6427
f 2786/6428 3852/6429 3848/6430
f 3853/6431 3854/6432 3850/6433
f 3850/6433 3855/6434 3853/6431
f 2789/6435 3856/6436 3849/6437
f 3843/6411 4270/6416 3844/6414
f 3849/6437 3852/6438 2789/6435
f 3848/6421 3852/6429 3849/6424
f 3847/6423 3846/6419 3848/6421
f 3848/6427 3846/6419 3850/6425
f 3850/6425 3846/6419 3845/6418
f 3848/6430 3851/6426 2786/6428
f 3845/6418 3855/6434 3850/6425
f 3855/6434 3845/6418 3843/6417
f 3841/6409 3842/6410 3843/6411
f 3843/6417 3842/6410 3855/6434
f 3853/6431 3855/6434 3842/6410
f 3842/6410 3840/6408 3853/6431
f 3853/6431 3840/6408 3837/6402
f 3837/6407 3839/6406 3853/6431
f 3837/6402 3836/6401 2777/6405
f 3853/6431 3839/6406 2780/6439
f 2780/6439 3854/6432 3853/6431
f 3839/6406 2777/6405 2776/4585
f 2776/4591 2780/4590 3839/6406
f 2773/4587 2777/4586 3836/6401
f 3836/6401 2774/4582 2773/4587
f 3854/6432 2780/6439 2779/4589
f 2773/4581 2775/4584 3106/5086
f 3106/5086 2778/4588 2773/4581
f 2778/4588 3106/5086 3107/5092
f 2776/4585 2778/4588 3109/5093
f 3109/5093 2781/4592 2776/4585
f 2781/4592 3109/5093 3110/5099
f 2779/4589 2781/4592 3112/5100
f 3112/5100 2784/4596 2779/4589
f 2784/4596 3112/5100 3113/5106
f 2779/4589 2783/4594 3854/6432
f 3850/6433 3854/6432 2783/4594
f 2783/4594 3851/6426 3850/6433
f 3851/6426 2783/4594 2782/4593
f 2782/4599 2786/4598 3851/6426
f 2782/4593 2784/4596 3115/5107
f 3115/5107 2787/4600 2782/4593
f 2787/5116 3115/5107 3116/5114
f 3852/6429 2786/6428 2785/4597
f 2785/4597 2789/4602 3852/6429
f 2785/4597 2787/4600 3119/5115
f 3119/5115 2790/4604 2785/4597
f 2790/4604 3119/5115 3120/5122
f 3856/6436 2789/6435 2788/4601
f 2788/4601 2791/4606 3856/6436
f 2788/4601 2790/4604 3123/5123
f 3123/5123 2792/4608 2788/4601
f 2792/4608 3123/5123 2796/6440
f 2796/6440 3123/5123 3120/5122
f 2796/6440 2793/4609 2792/4608
f 3120/5122 3122/5121 2796/6440
f 3116/5110 3118/5113 3120/5117
f 2794/4617 2793/4609 2796/4615
f 4460/4613 2793/4609 2794/4611
f 3124/5127 2797/4616 2796/5125
f 3126/5130 3124/5129 3122/5126
f 2797/4616 3124/5127 3125/5128
f 3122/5126 3121/5120 3126/5130
f 3125/5128 2798/4618 2797/4616
f 3126/6099 3121/5120 3706/6097
f 3706/6097 3121/5120 3118/5119
f 3118/5119 3117/5112 3706/6097
f 2800/5134 2798/4618 3125/5132
f 2799/4619 2798/4618 2800/4620
f 2794/4617 2799/4619 2795/4614
f 2795/4614 2799/4619 2801/4621
f 3731/6142 3707/6098 3706/6145
f 3707/6098 3731/6142 3710/6141
f 3710/6103 3708/6102 3707/6098
f 3708/6100 3127/5131 3126/6099
f 3127/5131 3708/6100 3709/6101
f 3709/6101 3712/6106 3127/5131
f 3125/5128 3127/5131 3712/6106
f 3712/6106 3128/5133 3125/5128
f 3128/5133 3712/6106 3131/6105
f 3131/5138 3129/5137 3128/5133
f 3129/5135 2803/4624 2800/5134
f 2803/4624 3129/5135 3130/5136
f 3130/5142 3134/5141 2803/4624
f 2802/4623 2803/4624 3134/5141
f 3134/5141 2806/4628 2802/4623
f 2806/4628 3134/5141 3133/5140
f 3133/5146 3137/5145 2806/4628
f 2804/4625 2806/4628 3137/5145
f 3137/5145 2809/4632 2804/4625
f 2809/4632 3137/5145 3136/5144
f 3136/5150 3140/5149 2809/4632
f 2807/4635 2809/4632 3140/5149
f 3732/6159 2808/6160 2807/4635
f 3732/6159 2811/4634 3740/6172
f 3740/6172 2811/4634 2810/4633
f 2810/4633 3742/6177 3740/6172
f 3742/6177 2810/4633 2813/4637
f 2813/4637 3745/6181 3742/6177
f 3745/6181 2813/4637 2815/4639
f 2815/4639 3746/6182 3745/6181
f 3746/6182 2815/4639 2817/4641
f 2817/4641 2829/4656 3746/6182
f 2826/4657 2829/4656 2817/4641
f 2817/4641 2824/4650 2826/4657
f 2822/4651 2824/4650 2817/4641
f 2817/4641 2819/4643 2822/4651
f 2816/4640 2819/4643 2817/4641
f 3733/6162 3735/6164 2808/6160
f 2804/4631 2808/4630 3735/6164
f 3735/6164 2805/4626 2804/4631
f 3736/6441 2805/4626 3735/6164
f 2802/4627 2805/4626 3736/6441
f 3735/6164 3734/6163 3736/6441
f 3736/6441 2801/4621 2802/4627
f 4455/6166 3737/6169 3734/6163
f 2801/4621 3736/6441 2795/4614
f 3737/6169 2795/4614 3736/6167
f 3737/6169 4463/4612 2795/4614
f 2730/4520 2731/4519 2729/4516
f 2729/4516 2731/4519 2454/4057
f 2454/4057 2456/4060 2729/4516
f 2729/4516 2456/4060 3810/6355
f 3810/6355 2727/6442 2729/4516
f 2728/4517 2729/4516 2727/4513
f 2727/6442 3810/6355 3809/6353
f 3809/6353 2725/6443 2727/6442
f 2726/4514 2727/4513 2725/4510
f 2723/6349 2725/6443 3809/6353
f 2724/4511 2725/4510 2723/4507
f 2722/4508 2723/4507 2721/4504
f 3806/6351 2721/4504 2723/6349
f 2719/6444 2721/4504 3806/6351
f 2720/4505 2721/4504 2719/4501
f 3806/6347 3805/6345 2719/6444
f 2716/6445 2719/6444 3805/6345
f 2718/4500 2719/4501 2716/4497
f 3805/6345 2713/6344 2716/6445
f 2714/4498 2716/4497 2713/4493
f 3045/6446 2714/4495 2710/4494
f 2710/4494 2712/4492 3045/6446
f 2717/4988 2714/4498 3045/4986
f 3045/6446 2712/4492 3622/6447
f 3622/6447 2712/4492 2707/4491
f 2707/4491 2709/4488 3622/6447
f 3622/5919 3043/5918 3045/6446
f 3620/5920 3622/5919 2709/4488
f 2709/4488 3621/5917 3620/5920
f 3044/4985 3045/4986 3043/4983
f 3620/5920 3041/6448 3043/5918
f 3042/4982 3043/4983 3041/4980
f 3039/6449 3041/6448 3620/5920
f 3620/5920 3619/5915 3039/6449
f 3040/4979 3041/4980 3039/4977
f 3037/6450 3039/6449 3619/5915
f 3619/5915 3618/5914 3037/6450
f 3035/5923 3037/6450 3618/5921
f 3036/4973 3037/4974 3035/4971
f 3038/4978 3039/4977 3037/4974
f 3038/4976 3036/4975 3355/5474
f 3040/4979 3038/4978 3356/5477
f 3359/5481 3356/5477 3355/5474
f 3355/5474 3400/5548 3359/5481
f 3360/5487 3359/5481 3400/5566
f 3358/5484 3359/5481 3360/5482
f 3042/4982 3040/4981 3357/5478
f 3358/5484 3222/5483 3221/5265
f 3221/5265 3220/5262 3358/5484
f 3357/5478 3218/6451 3042/4982
f 3218/6451 3357/5478 3358/5480
f 3358/5480 3220/5262 3218/6451
f 3044/5258 3042/4984 3218/5256
f 3217/5257 3218/5256 3220/5262
f 3220/5262 3219/5261 3217/5257
f 2717/4988 3044/4987 3217/5257
f 3217/5255 3046/5254 2717/4988
f 3006/4928 3007/4929 3005/4926
f 3789/6293 3005/4926 3007/6291
f 3008/5973 3006/4930 3647/5971
f 3004/6452 3005/4926 3789/6293
f 2999/6453 3647/5971 3006/4930
f 3647/5970 2999/6453 2998/5968
f 3006/4928 3001/4927 2999/6453
f 3001/4921 3005/4926 3004/4925
f 3000/4923 2999/4919 3001/4921
f 3789/6289 3456/6288 3004/6452
f 3455/5658 3004/6452 3456/5656
f 3002/4922 3004/4925 3455/5653
f 3457/5661 3456/5656 3458/5659
f 3453/5664 3455/5658 3457/5662
f 3454/5652 3455/5653 3453/5650
f 3002/4922 3454/5654 3003/4924
f 2993/4909 3000/4920 3003/4924
f 3003/4924 2991/4910 2993/4909
f 2991/4910 3003/4924 2990/4905
f 2990/4905 3003/4924 3454/5654
f 3454/5654 3452/5651 2990/4905
f 3654/5996 2990/4905 3452/5651
f 3452/5651 3450/5648 3654/5996
f 3452/5649 3453/5650 3451/5647
f 3451/5647 3453/5650 3460/5666
f 3450/5648 3451/5647 3449/5644
f 3450/5999 3448/5645 3655/5997
f 3448/5645 3449/5644 3447/5641
f 3442/6454 3655/5997 3448/5645
f 3655/6004 3442/6454 3440/5632
f 3448/5643 3444/5642 3442/6454
f 3443/5636 3442/5635 3444/5637
f 3443/5636 3438/5629 3440/5634
f 3444/5637 3447/5641 3446/5640
f 3438/5629 3443/5636 3439/5631
f 3446/5640 3447/5641 3464/5672
f 3439/5631 3443/5636 3445/5638
f 3445/6256 3446/5640 3769/6254
f 3769/6253 3446/5640 3466/6251
f 3464/5677 3466/5676 3446/5640
f 3768/6247 3466/6251 3465/5681
f 3445/5638 3770/6255 3439/5631
f 3861/6455 3439/5631 3770/6255
f 3770/6255 3857/6258 3861/6455
f 3436/5630 3439/5631 3861/5627
f 3449/5670 3463/5669 3464/5672
f 3773/6262 3467/5678 3464/5677
f 3464/5677 3463/5669 3773/6262
f 3451/5668 3462/5667 3463/5669
f 3774/6456 3773/6262 3463/5669
f 3463/5669 3462/5667 3774/6456
f 3774/6456 3462/5667 3460/5666
f 3772/6261 3773/6262 3774/6263
f 3460/5663 3461/5665 3774/6456
f 3785/6280 3775/6279 3774/6263
f 3774/6263 3461/5665 3785/6280
f 3786/6282 3785/6280 3461/5665
f 3461/5665 3459/6457 3786/6282
f 3786/6282 3459/6457 3458/6284
f 3457/5661 3459/5660 3461/5665
f 3776/6266 3777/6267 3772/6265
f 3778/6272 3780/6271 3777/6267
f 3772/6265 3777/6267 3476/6458
f 3476/6458 3777/6267 3780/6271
f 3476/6458 3771/6260 3772/6265
f 3780/6271 3477/5691 3476/6458
f 3477/5691 3780/6271 3779/6270
f 3779/6270 3478/5693 3477/5691
f 3470/6459 3771/6260 3476/6458
f 3771/6260 3470/6459 3465/5675
f 3476/6458 3475/6460 3470/6459
f 3473/5692 3475/5689 3476/5690
f 3470/6459 3475/6460 3472/5688
f 3472/5685 3468/5684 3470/6459
f 3472/5688 3474/5687 3880/6241
f 3880/6241 3474/5687 3766/6238
f 3766/6238 3474/5687 3473/5686
f 3473/5686 3479/6461 3766/6238
f 3478/5695 3479/5694 3473/5692
f 3766/6237 3479/6461 3482/6235
f 3480/5699 3482/5698 3479/5694
f 3480/6276 3478/5695 3779/6274
f 3779/6270 3781/6273 3523/6462
f 3521/5768 3523/5771 3781/6273
f 3523/6462 3782/6275 3779/6270
f 3782/6275 3523/6462 3518/5770
f 3480/6276 3782/6275 3520/6463
f 3518/5764 3520/5767 3782/6275
f 3520/6463 3483/5700 3480/6276
f 3483/5700 3520/6463 3517/5766
f 3517/5766 3767/6245 3483/5700
f 3557/5816 3522/5769 3521/5774
f 3522/5769 3557/5816 3512/5815
f 3512/5815 3559/5819 3522/5769
f 3518/5770 3522/5769 3559/5819
f 3559/5819 3519/5765 3518/5770
f 3519/5765 3559/5819 3513/5755
f 3513/5755 3514/5757 3519/5765
f 3517/5766 3519/5765 3514/5761
f 3516/5762 3514/5761 3504/5739
f 3517/5763 3516/5762 3491/6464
f 3491/6464 3767/6245 3517/5763
f 3491/6464 3516/5762 3503/5737
f 3503/5737 3492/5736 3491/6464
f 3486/5704 3767/6245 3491/6464
f 3491/6464 3490/5711 3486/5704
f 3488/5714 3490/5711 3491/5712
f 3857/6258 3858/6257 3859/6465
f 3859/6465 3860/6466 3857/6258
f 3857/6258 3860/6466 5119/6467
f 5119/6467 3861/6455 3857/6258
f 3862/5625 3861/5627 5119/6467
f 5119/6467 5117/6468 3862/5625
f 3863/5626 3862/5625 5117/6468
f 5117/6468 3864/6469 3863/5626
f 3434/5620 3863/5622 3864/6469
f 3864/6469 3865/6470 3434/5620
f 3866/5621 3434/5620 3865/6470
f 3865/6470 3867/6471 3866/5621
f 2974/6006 3866/5621 3867/6471
f 3867/6471 3868/6472 2974/6006
f 3869/4882 2974/4884 3868/6472
f 3868/6472 3870/6473 3869/4882
f 3871/4883 3869/4882 3870/6473
f 3870/6473 5114/6474 3871/4883
f 2969/4880 3871/4879 5114/6474
f 5114/6474 5115/6475 2969/4880
f 2966/4870 2969/4875 5115/6475
f 5115/6475 3872/6476 2966/4870
f 2965/4868 2966/4870 3872/6476
f 3872/6476 5096/6477 2965/4868
f 2963/4869 2965/4868 5096/6477
f 5096/6477 5095/6478 2963/4869
f 3873/4866 2963/4865 5095/6478
f 5095/6478 3874/6479 3873/4866
f 2960/4861 3873/4866 3874/6479
f 3874/6479 4971/6480 2960/4861
f 3859/6465 3858/6257 3875/6250
f 3875/6250 5008/6481 3859/6465
f 5008/6481 3875/6250 3876/6249
f 3876/6249 3877/6482 5008/6481
f 3877/6482 3876/6249 3471/5683
f 3471/5683 3878/6483 3877/6482
f 3878/6483 3471/5683 3879/6242
f 3879/6242 5062/6484 3878/6483
f 5062/6484 3879/6242 3880/6241
f 3880/6241 5057/6485 5062/6484
f 5057/6485 3880/6241 3881/6239
f 3881/6239 3882/6486 5057/6485
f 3882/6486 3881/6239 3883/6244
f 3883/6244 3884/6487 3882/6486
f 3884/6487 3883/6244 3885/6233
f 3885/6233 5054/6488 3884/6487
f 5054/6488 3885/6233 3886/5705
f 3886/5705 3887/6489 5054/6488
f 3887/6489 3886/5705 3499/5727
f 3499/5727 3888/6490 3887/6489
f 3888/6490 3499/5727 3498/5726
f 3498/5726 5052/6491 3888/6490
f 5052/6491 3498/5726 3497/5724
f 3497/5724 5053/6492 5052/6491
f 5053/6492 3497/5724 3890/5729
f 3890/5729 3889/6493 5053/6492
f 3889/6494 3890/2494 1577/2493
f 1577/2493 4890/6495 3889/6494
f 4890/6495 1577/2493 1575/2486
f 1575/2486 3891/6496 4890/6495
f 3891/6496 1575/2486 3892/2489
f 3892/2489 4889/6497 3891/6496
f 4889/6497 3892/2489 3893/2498
f 3893/2498 4871/6498 4889/6497
f 4871/6498 3893/2498 3894/2500
f 3894/2500 3895/6499 4871/6498
f 3895/6499 3894/2500 1579/2502
f 1579/2502 3896/6500 3895/6499
f 3896/6500 1579/2502 3897/2503
f 3897/2503 4868/6501 3896/6500
f 4868/6501 3897/2503 3898/2506
f 3898/2506 3899/6502 4868/6501
f 3899/6502 3898/2506 3900/2509
f 3900/2509 4865/6503 3899/6502
f 4865/6503 3900/2509 3901/2517
f 3901/2517 4862/6504 4865/6503
f 4862/6504 3901/2517 300/448
f 300/448 4861/6505 4862/6504
f 4861/6505 300/448 299/447
f 299/447 3902/6506 4861/6505
f 3902/6506 299/447 3903/2520
f 3903/2520 4858/6507 3902/6506
f 4858/6507 3903/2520 309/462
f 309/462 4859/6362 4858/6507
f 1323/2033 1322/2032 1407/6508
f 1407/6508 1324/2035 1323/2033
f 1407/6508 1322/2032 1215/1886
f 1325/2037 1324/2035 1407/6508
f 1215/1886 1408/2154 1407/6508
f 1407/2153 1409/2156 1325/2037
f 1408/2154 1215/1886 1210/1885
f 1326/2040 1325/2037 1409/2156
f 1409/2156 1329/2046 1326/2040
f 1329/2046 1409/2156 1404/2155
f 1210/1885 1212/1882 1408/2154
f 1404/2155 1408/2154 1212/1882
f 1404/2149 1406/2152 1329/2046
f 1212/1882 1405/2150 1404/2155
f 1327/2043 1329/2046 1406/2152
f 1405/2150 1212/1882 1207/1881
f 1406/2152 1332/2050 1327/2043
f 1332/2050 1406/2152 1401/2151
f 1207/1881 1209/1878 1405/2150
f 1401/2151 1405/2150 1209/1878
f 1209/1878 1402/2146 1401/2151
f 1401/2145 1403/2148 1332/2050
f 1402/2146 1209/1878 1206/1877
f 1330/2047 1332/2050 1403/2148
f 1206/1877 1410/2159 1402/2146
f 1403/2148 1335/2054 1330/2047
f 1335/2054 1403/2148 1398/2147
f 1410/2157 1399/2142 1398/2147
f 1398/2141 1400/2144 1335/2054
f 1399/2163 1410/2157 1411/2161
f 1333/2051 1335/2054 1400/2144
f 1400/2144 1338/2058 1333/2051
f 1338/2058 1400/2144 1395/2143
f 1395/2143 1399/2142 1412/2162
f 1395/2137 1397/2140 1338/2058
f 1412/2162 1396/2138 1395/2143
f 1336/2055 1338/2058 1397/2140
f 1396/2138 1412/2162 1413/2172
f 1397/2140 1341/2062 1336/2055
f 1341/2062 1397/2140 1392/2139
f 1392/2133 1394/2136 1341/2062
f 1392/2139 1396/2138 1417/2173
f 1417/2173 1393/2134 1392/2139
f 1393/2178 1417/2173 1418/2176
f 1413/2168 1416/2171 1418/2175
f 1389/2135 1393/2134 1419/2177
f 1419/2177 1390/2130 1389/2135
f 1390/2190 1419/2177 1420/2188
f 1418/2180 1422/2183 1420/2179
f 1386/2131 1390/2130 1425/2189
f 1425/2189 1387/2126 1386/2131
f 1387/2194 1425/2189 1426/2192
f 1420/2184 1424/2187 1426/2191
f 1383/2127 1387/2126 1427/2193
f 1427/2193 1384/2122 1383/2127
f 1384/2206 1427/2193 1428/2204
f 1426/2196 1430/2199 1428/2195
f 1380/2123 1384/2122 1433/2205
f 1433/2205 1381/2118 1380/2123
f 1381/2210 1433/2205 1434/2208
f 1428/2200 1432/2203 1434/2207
f 1377/2119 1381/2118 1435/2209
f 1435/2209 1378/2114 1377/2119
f 1378/2114 1435/2209 1436/2220
f 1434/2212 1438/2215 1436/2211
f 1374/2115 1378/2114 1441/2221
f 1441/2221 1375/2110 1374/2115
f 1375/2110 1441/2221 1442/2223
f 1436/2216 1440/2219 1442/2223
f 1440/2219 1439/2218 1935/2228
f 1446/2232 1439/2231 1438/2217
f 1438/2215 1437/2214 1446/2232
f 1447/2238 1446/2232 1437/2236
f 1447/2238 1452/2240 1449/2235
f 1450/2237 1437/2236 1432/2213
f 1432/2213 1431/2202 1450/2237
f 1451/2239 1450/2237 1431/2202
f 1453/2244 1452/2243 1451/2239
f 1451/2239 1457/2248 1453/2244
f 1431/2202 1482/2290 1451/2239
f 1482/2290 1431/2202 1430/2201
f 1479/2291 1457/2248 1451/2289
f 1430/2201 1429/2198 1482/2290
f 1479/2291 1482/2290 1429/2198
f 1458/2249 1457/2248 1479/2291
f 1429/2198 1480/2286 1479/2291
f 1479/2285 1481/2288 1458/2249
f 1480/2286 1429/2198 1424/2197
f 1459/2250 1458/2249 1481/2288
f 1424/2187 1423/2186 1480/2286
f 1481/2288 1470/2269 1459/2250
f 1477/2287 1480/2286 1423/2186
f 1470/2269 1481/2288 1477/2287
f 1477/2287 1471/2271 1470/2269
f 1423/2186 1478/2283 1477/2287
f 1478/2283 1423/2186 1422/2185
f 1475/2284 1471/2271 1477/2282
f 1422/2185 1421/2182 1478/2283
f 1475/2284 1478/2283 1421/2182
f 1472/2272 1471/2271 1475/2284
f 1475/2284 1473/2275 1472/2272
f 1474/2278 1473/2277 1475/2279
f 1421/2182 1476/2280 1475/2284
f 1476/2280 1421/2182 1416/2181
f 1416/2181 1415/2170 1476/2280
f 1474/2278 1196/1860 1195/2276
f 1476/2280 1415/2170 1202/6509
f 1202/6509 1474/2281 1476/2280
f 1196/1860 1474/2278 1202/6509
f 1202/6509 1415/2170 1414/2169
f 1202/6509 1197/1862 1196/1860
f 1414/2166 1203/2165 1202/6509
f 1199/1870 1197/1862 1202/1868
f 1198/1863 1197/1862 1199/1864
f 1411/2161 1414/2166 1413/2164
f 1411/2167 1204/1871 1203/2165
f 1206/2160 1204/1873 1411/2158
f 1204/1871 1205/1872 1199/1870
f 1206/1877 1208/1876 1205/1872
f 1199/1864 1205/1872 1201/1867
f 1201/1867 1205/1872 1208/1876
f 1208/1876 1245/1934 1201/1867
f 1245/1934 1208/1876 1207/1875
f 1207/1881 1211/1880 1245/1934
f 1246/1935 1245/1934 1211/1880
f 1211/1880 1247/1938 1246/1935
f 1247/1938 1211/1880 1210/1885
f 1367/2111 1375/2110 1373/2108
f 1442/2223 1373/2108 1375/2110
f 1926/6510 1373/2108 1442/2223
f 1442/2224 1444/2227 1926/6510
f 1368/2099 1373/2108 1926/2107
f 1928/3141 1927/3136 1926/3139
f 1927/3136 1928/3141 1936/6511
f 1936/6511 1928/3141 1929/3142
f 1929/3146 1931/3145 1936/6511
f 1936/3173 1942/3172 1927/3136
f 1923/3137 1927/3136 1942/3172
f 1942/3172 1924/3132 1923/3137
f 1924/3176 1942/3172 1940/3174
f 1936/3173 1937/3168 1940/3171
f 1933/3148 1937/3161 1936/3160
f 1938/3165 1939/3164 1937/3161
f 1920/3133 1924/3132 1943/3175
f 1943/3175 1921/3128 1920/3133
f 1921/3180 1943/3175 1944/3178
f 1940/3167 1941/3170 1944/3177
f 1917/3129 1921/3128 1945/3179
f 1945/3179 1918/3124 1917/3129
f 1918/3124 1945/3179 1946/3190
f 1944/3182 1948/3185 1946/3181
f 1941/3170 1939/3169 1877/6512
f 1875/3166 1877/3069 1939/3164
f 1877/6512 1947/3184 1941/3170
f 1947/3184 1877/6512 1876/3068
f 1876/3074 1880/3073 1947/3184
f 1948/3185 1947/3184 1880/3073
f 1880/3073 1949/3188 1948/3185
f 1949/3188 1880/3073 1879/3072
f 1879/3078 1883/3077 1949/3188
f 1950/3189 1949/3188 1883/3077
f 1883/3077 1955/3200 1950/3189
f 1955/3200 1883/3077 1882/3076
f 1882/3076 1886/3081 1955/3200
f 1956/3201 1955/3200 1886/3081
f 1886/3081 1957/3204 1956/3201
f 1957/3204 1886/3081 1885/3080
f 1885/3080 1889/3085 1957/3204
f 1958/3205 1957/3204 1889/3085
f 1889/3085 1892/6513 1958/3205
f 1891/3090 1892/3089 1889/3085
f 1960/3209 1958/3205 1892/6513
f 1893/3093 1894/3092 1892/3089
f 1892/6513 1894/3092 1960/3209
f 1960/3209 1894/3092 1896/6514
f 1895/3096 1896/3095 1894/3092
f 1896/6514 1961/3211 1960/3209
f 1906/3108 1961/3211 1896/6514
f 1896/6514 1898/6515 1906/3108
f 1897/3097 1898/3098 1896/3095
f 1903/3109 1906/3108 1898/6515
f 1898/6515 1901/3102 1903/3109
f 1899/3100 1901/3102 1898/3098
f 1007/1535 1011/1532 422/6516
f 422/6516 1011/1532 1020/6517
f 1020/6517 1011/1532 1010/1534
f 1020/1555 423/1554 422/6516
f 1010/1546 1018/1545 1020/6517
f 1018/1545 1019/1548 3904/6518
f 3905/6519 1021/6520 3904/6521
f 3904/6521 3906/6522 3905/6519
f 3907/6523 3908/6524 3905/6525
f 3905/6525 3909/6526 3907/6523
f 1029/6527 3910/6528 3907/6529
f 3907/6529 3911/6530 1029/6527
f 1029/6527 3911/6530 3912/6531
f 3913/6532 3914/6533 3912/6534
f 3912/6534 3915/6535 3913/6532
f 3916/6536 3917/6537 3913/6538
f 1041/6539 3918/6540 3913/6541
f 3919/6542 3920/6543 3916/6544
f 3916/6544 3921/6545 3919/6542
f 3922/6546 3923/6547 3919/6548
f 3919/6548 3924/6549 3922/6546
f 3925/6550 3926/6551 3922/6552
f 3922/6552 3927/6553 3925/6550
f 3928/6554 3929/6555 3925/6556
f 3925/6556 3930/6557 3928/6554
f 1129/6558 3931/6559 3928/6560
f 3928/6560 3932/6561 1129/6558
f 1129/6558 3932/6561 3933/6562
f 3933/6563 3934/6564 1135/6565
f 3935/6566 3936/6567 1135/6568
f 3937/6569 3935/6570 3934/6571
f 3934/6571 3938/6572 3937/6569
f 3939/6573 3940/6574 3937/6575
f 3937/6575 3941/6576 3939/6573
f 3939/6577 3942/6578 3906/6579
f 3905/6519 3906/6522 3943/6580
f 3944/6581 3921/6545 3916/6544
f 3924/6582 3943/6580 3906/6522
f 3906/6579 3942/6578 3924/6582
f 3906/6579 3904/6521 3939/6577
f 3904/6521 1021/6520 1018/1545
f 3939/6577 3904/6521 1019/1548
f 1022/1552 1021/1551 3905/6519
f 1019/1548 3940/6574 3939/6577
f 3940/6574 1019/1548 1015/1547
f 3905/6519 3908/6524 1022/1552
f 1015/1541 1017/1544 3940/6574
f 3937/6575 3940/6574 1017/1544
f 1015/1547 1010/1546 1009/1533
f 1009/1533 1013/1539 1015/1547
f 1017/1544 3935/6570 3937/6575
f 3935/6570 1017/1544 1016/1543
f 1016/1543 3936/6567 3935/6570
f 1140/6583 1016/1543 1013/1542
f 3936/6567 1016/1543 1140/6583
f 1013/1542 1014/1540 1140/6583
f 1140/6583 1139/6584 3936/6567
f 1135/6568 3936/6567 1139/6584
f 1139/6584 1136/1741 1135/6568
f 1138/1748 1139/1745 1140/1746
f 1135/6568 3934/6564 3935/6566
f 1140/6583 1014/1540 1178/6585
f 1178/6585 1141/1747 1140/6583
f 1141/1747 1178/6585 1177/1813
f 1177/1818 1142/1817 1141/1747
f 1175/1815 1178/1814 1014/1540
f 1014/1540 1012/1536 1175/1815
f 1175/1815 1012/1536 1008/1538
f 1008/1538 1173/1810 1175/1815
f 1009/1533 1007/1535 1008/1538
f 1173/1810 1008/1538 1003/1530
f 1003/1522 1002/1521 1173/1810
f 1143/1750 1142/1749 1179/1816
f 1179/1816 1145/1752 1143/1750
f 1152/1769 1145/1752 1179/1816
f 1146/1753 1145/1752 1152/1769
f 1152/1768 1151/1767 1146/1753
f 999/1523 1003/1522 1006/1527
f 999/1523 1001/1520 1002/1521
f 1002/1521 1001/1520 1174/1808
f 997/6586 1174/1808 1001/1520
f 1001/1520 998/1519 997/6586
f 1174/1808 997/6586 992/1514
f 992/1508 994/1511 1174/1808
f 1174/1808 994/1511 1164/1789
f 1164/1789 994/1511 991/1788
f 1005/1526 1000/1518 999/1524
f 998/1519 1000/1518 389/6587
f 389/6587 1000/1518 1005/1526
f 389/6587 391/586 998/1519
f 1005/1526 393/588 389/6587
f 998/1519 391/586 995/1512
f 995/1512 391/586 388/585
f 388/582 2854/6588 2856/580
f 3945/6589 2854/6588 388/582
f 387/579 2856/580 385/577
f 388/585 387/581 995/1512
f 388/582 390/584 3945/6589
f 995/1512 387/581 386/578
f 3945/6589 390/584 392/587
f 392/587 394/590 3945/6589
f 386/578 996/1513 995/1512
f 996/1513 386/578 384/574
f 398/595 395/592 392/591
f 392/587 393/588 398/595
f 384/574 383/572 996/1513
f 992/1514 996/1513 383/572
f 383/572 993/1509 992/1514
f 993/1509 383/572 379/571
f 384/573 378/565 379/571
f 2861/576 378/565 384/574
f 378/565 2861/576 376/563
f 379/571 382/569 993/1509
f 991/1510 993/1509 382/1505
f 991/1507 990/1506 1160/1786
f 990/1506 382/1505 381/1503
f 1160/1786 990/1506 989/1502
f 989/1502 1161/1783 1160/1786
f 1161/1783 989/1502 983/1492
f 379/566 380/567 381/568
f 381/1503 985/1499 983/1501
f 381/568 380/567 988/1498
f 985/1495 988/1498 987/1497
f 375/6590 988/1498 380/567
f 987/1497 988/1498 375/560
f 380/567 377/564 375/6590
f 982/1838 986/1496 987/1836
f 980/1489 986/1496 982/1491
f 986/1496 980/1489 983/1494
f 399/6591 398/595 393/588
f 393/588 1005/1526 399/6591
f 397/594 398/595 399/596
f 399/6591 1005/1526 1004/1525
f 1004/1525 415/6592 399/6591
f 399/6591 415/6592 410/623
f 410/616 400/615 399/6591
f 416/625 415/624 1004/1525
f 1004/1525 1006/1527 416/625
f 416/625 1006/1527 1007/1528
f 407/612 410/616 413/620
f 413/620 416/625 419/628
f 1007/1528 419/628 416/625
f 422/6516 419/628 1007/1535
f 417/626 419/628 422/631
f 407/612 406/611 400/615
f 397/598 400/597 406/611
f 406/611 401/610 397/598
f 402/601 401/600 4080/607
f 402/601 396/593 397/599
f 403/604 396/593 402/602
f 396/593 403/604 2848/589
f 3946/6593 3947/6594 3948/6595
f 3948/6595 3949/6596 3946/6593
f 3946/6593 3949/6596 3950/6597
f 3950/6597 3951/6598 3946/6593
f 3946/6593 3951/6598 3952/6599
f 3953/6600 3952/6601 3954/6602
f 3954/6602 3955/6603 3953/6600
f 3956/6604 3957/6605 3953/6606
f 3953/6606 3957/6605 3958/6607
f 3958/6607 3959/6608 3953/6606
f 3960/6609 3959/6608 3958/6607
f 3958/6607 3961/6610 3960/6609
f 3962/6611 3948/6612 3960/6613
f 3960/6613 3963/6614 3962/6611
f 3964/6615 3962/6616 3965/6617
f 3965/6617 3966/6618 3964/6615
f 3967/6619 3964/6615 3966/6618
f 3966/6618 3968/6620 3967/6619
f 3969/6621 3970/6622 3967/6623
f 3967/6623 3970/6622 3971/6624
f 3950/6625 3971/6626 3972/6627
f 3954/6628 3972/6629 3973/6630
f 3973/6630 3974/6631 3954/6628
f 3954/6628 3974/6631 3975/6632
f 3975/6633 3976/6634 3956/6635
f 3977/6636 3978/6637 3956/6638
f 3956/6638 3978/6637 3979/6639
f 3980/6640 3979/6641 3981/6642
f 3981/6642 3982/6643 3980/6640
f 3980/6644 3983/6645 3961/6646
f 3960/6609 3961/6610 3984/6647
f 3985/6648 3984/6647 3961/6610
f 3986/6649 3984/6647 3985/6648
f 3985/6648 3987/6650 3986/6649
f 3988/6651 3989/6652 3986/6653
f 3986/6653 3990/6654 3988/6651
f 3991/6655 3988/6656 3992/6657
f 3992/6657 3993/6658 3991/6655
f 3994/6659 3991/6655 3993/6658
f 3993/6658 3995/6660 3994/6659
f 3996/6661 3997/6662 3994/6663
f 3997/6664 3998/6665 3969/6666
f 3999/6667 4000/6668 3969/6669
f 3969/6669 4000/6668 4001/6670
f 3970/6671 4001/6672 4002/6673
f 4002/6674 4003/6675 4004/6676
f 4005/6677 4004/6676 4003/6675
f 4006/6678 4003/6675 4002/6674
f 4007/6679 4003/6675 4006/6678
f 4000/6680 4008/6681 4006/6682
f 4006/6678 4009/6683 4007/6679
f 4010/6684 4007/6679 4009/6683
f 4011/6685 4009/6683 4006/6678
f 4012/6686 4009/6683 4011/6685
f 4011/6687 4008/6688 4013/6689
f 4013/6689 4014/6690 4011/6687
f 4011/6685 4015/6691 4012/6686
f 4016/6692 4010/6693 4012/6694
f 4012/6694 4017/6695 4016/6692
f 4018/6696 4019/6697 4016/6698
f 4016/6698 4020/6699 4018/6696
f 4021/6700 4019/6697 4018/6696
f 4018/6696 4022/6701 4021/6700
f 4023/6702 4024/6703 4021/6704
f 4021/6705 4025/6706 4026/6707
f 4027/6708 4025/6706 4021/6705
f 4025/6709 4028/6710 4005/6711
f 4005/6711 4028/6710 4029/6712
f 4030/6713 4029/6712 4028/6710
f 4028/6710 4031/6714 4030/6713
f 4031/6714 4033/6715 4030/6713
f 4034/6716 4033/6717 4032/6718
f 4036/6719 4037/6720 4035/6721
f 4037/6720 4032/6722 4035/6721
f 4032/6718 4038/6723 4034/6716
f 427/6724 4034/6716 4038/6723
f 4039/6725 4038/6723 4032/6718
f 4038/6723 4040/6726 427/6724
f 427/6727 429/6728 3977/6729
f 3977/6729 429/6728 431/6730
f 4039/6731 4041/6732 4040/6733
f 412/6734 4041/6732 4039/6731
f 4039/6731 4042/6735 412/6734
f 4043/6736 409/6737 412/6738
f 408/6739 409/6737 4043/6736
f 4044/6740 4045/6741 4043/6742
f 4043/6742 4046/6743 4044/6740
f 4047/6744 4048/6745 4044/6746
f 4044/6746 4049/6747 4047/6744
f 4050/6748 4051/6749 4047/6750
f 4047/6750 4052/6751 4050/6748
f 4053/6752 4054/6753 4050/6754
f 4050/6754 4055/6755 4053/6752
f 4056/6756 4057/6757 4053/6758
f 4053/6758 4058/6759 4056/6756
f 4059/6760 4060/6761 4056/6762
f 4061/6763 4056/6762 4060/6761
f 4060/6761 4062/6764 4061/6763
f 4063/6765 4064/6766 4061/6767
f 4061/6767 4065/6768 4063/6765
f 4215/6769 4216/6770 4063/6771
f 4063/6771 4216/6770 4192/6772
f 4192/6772 4066/6773 4063/6771
f 4063/6771 4066/6773 4067/6774
f 4067/6774 4066/6773 4068/6775
f 4068/6775 4069/6776 4067/6774
f 4067/6777 4070/6778 4057/6779
f 4071/6780 4070/6778 4067/6777
f 4071/6781 4069/6782 4072/6783
f 4072/6783 4073/6784 4071/6781
f 4071/6785 4074/6786 4054/6787
f 4075/6788 4074/6786 4071/6785
f 4075/6789 4073/6790 4076/6791
f 4076/6791 4077/6792 4075/6789
f 4075/6793 4078/6794 4051/6795
f 4079/6796 4078/6794 4075/6793
f 4079/6797 4077/6798 405/6799
f 405/6799 4080/6800 4079/6797
f 4079/6801 4081/6802 4048/6803
f 4082/6804 4081/6802 4079/6801
f 404/6805 405/6799 4077/6798
f 404/6806 4076/6807 4083/6808
f 4083/6808 2843/6809 404/6806
f 4084/6810 2843/6809 4083/6808
f 4083/6808 4085/6811 4084/6810
f 4086/6812 4084/6810 4085/6811
f 4087/6813 4085/6811 4083/6808
f 4088/6814 4085/6811 4087/6813
f 4087/6813 4089/6815 4088/6814
f 4090/6816 4089/6815 4087/6813
f 4085/6811 4088/6814 4086/6812
f 4077/6792 4076/6791 404/6805
f 4083/6808 4076/6807 4073/6790
f 4075/6793 4077/6792 4079/6796
f 4073/6784 4072/6783 4083/6808
f 4083/6808 4072/6783 4087/6813
f 4071/6785 4073/6784 4075/6788
f 4087/6813 4072/6783 4069/6782
f 4079/6801 4080/6800 4082/6804
f 4069/6776 4068/6775 4087/6813
f 4087/6813 4068/6775 4090/6816
f 4090/6816 4068/6775 4066/6773
f 4066/6773 4192/6772 4090/6816
f 4067/6774 4069/6776 4071/6780
f 4048/6803 4078/6794 4079/6801
f 4078/6794 4048/6803 4047/6744
f 4047/6744 4049/6747 4091/6817
f 4092/6818 4093/6819 4091/6820
f 4091/6820 4094/6821 4092/6818
f 4095/6822 4092/6818 4094/6821
f 4096/6823 4097/6824 4094/6825
f 4094/6825 4098/6826 4096/6823
f 4099/6827 4096/6823 4098/6826
f 4096/6828 4036/6829 4100/6830
f 4100/6831 4101/6832 4095/6833
f 4102/6834 4095/6833 4101/6832
f 4103/6835 4101/6832 4100/6831
f 4100/6831 4104/6836 4103/6835
f 4105/6837 4103/6838 4023/6839
f 4023/6839 4106/6840 4105/6837
f 4578/6841 4107/6842 4105/6843
f 4108/6844 4105/6843 4107/6842
f 4107/6842 4580/6845 4108/6844
f 4580/6846 4109/6847 4102/6848
f 4110/6849 4102/6848 4109/6847
f 4109/6847 4111/6850 4110/6849
f 4112/6851 4110/6849 4111/6850
f 4111/6850 4582/6852 4112/6851
f 4113/6853 4112/6851 4582/6852
f 4582/6852 4584/6854 4113/6853
f 4114/6855 4113/6853 4584/6854
f 4584/6854 4585/6856 4114/6855
f 4115/6857 4113/6853 4114/6855
f 4576/6858 4578/6859 4106/6860
f 4106/6860 4116/6861 4576/6858
f 4117/6862 4576/6858 4116/6861
f 4116/6861 4118/6863 4117/6862
f 4119/6864 4117/6862 4118/6863
f 4118/6863 4120/6865 4119/6864
f 4121/6866 4119/6864 4120/6865
f 4120/6865 4122/6867 4121/6866
f 4123/6868 4121/6866 4122/6867
f 4122/6867 4124/6869 4123/6868
f 4125/6870 4123/6868 4124/6869
f 4124/6869 4126/6871 4125/6870
f 4571/6872 4125/6870 4126/6871
f 4126/6871 4127/6873 4571/6872
f 4128/6874 4571/6872 4127/6873
f 4129/6875 4130/6876 4127/6877
f 4127/6877 4131/6878 4129/6875
f 4132/6879 4133/6880 4129/6881
f 4129/6881 4133/6880 4134/6882
f 4134/6882 4135/6883 4129/6881
f 4129/6881 4135/6883 4136/6884
f 4136/6884 4135/6883 4137/6885
f 4137/6885 4138/6886 4136/6884
f 4136/6887 4569/6888 4128/6889
f 4568/6890 4569/6888 4136/6887
f 4568/6891 4138/6892 4139/6893
f 4139/6893 4140/6894 4568/6891
f 4141/6895 4140/6894 4139/6893
f 4139/6896 4142/6897 4143/6898
f 4143/6898 4144/6899 4139/6896
f 4141/6900 4144/6901 4145/6902
f 4145/6902 4146/6903 4141/6900
f 4565/6904 4146/6903 4145/6902
f 4145/6905 4147/6906 4148/6907
f 4148/6907 4149/6908 4145/6905
f 4565/6909 4149/6910 4150/6911
f 4150/6911 4563/6912 4565/6909
f 4151/6913 4563/6912 4150/6911
f 4150/6914 4152/6915 4153/6916
f 4153/6916 4154/6917 4150/6914
f 4151/6918 4154/6919 4155/6920
f 4155/6920 4562/6921 4151/6918
f 4561/6922 4562/6921 4155/6920
f 4155/6923 4156/6924 4157/6925
f 4157/6925 4158/6926 4155/6923
f 4561/6927 4158/6928 4159/6929
f 4159/6929 4559/6930 4561/6927
f 4558/6931 4559/6930 4159/6929
f 4159/6932 4160/6933 4161/6934
f 4161/6934 4162/6935 4159/6932
f 4558/6936 4162/6937 4163/6938
f 4163/6938 4164/6939 4558/6936
f 4555/6940 4164/6939 4163/6938
f 4163/6941 4165/6942 4166/6943
f 4167/6944 4168/6945 4166/6946
f 4166/6946 4169/6947 4167/6944
f 4170/6948 4171/6949 4167/6950
f 4167/6950 4171/6949 4172/6951
f 4172/6951 4173/6952 4167/6950
f 4167/6950 4173/6952 4174/6953
f 4175/6954 4174/6953 4173/6952
f 4176/6955 4177/6956 4173/6957
f 4178/6958 4177/6956 4176/6955
f 4176/6955 4179/6959 4178/6958
f 4180/6960 4178/6958 4179/6959
f 4179/6959 4181/6961 4180/6960
f 4182/6962 4180/6960 4181/6961
f 4181/6961 4183/6963 4182/6962
f 4184/6964 4182/6962 4183/6963
f 4183/6963 4185/6965 4184/6964
f 4186/6966 4184/6964 4185/6965
f 4185/6965 4187/6967 4186/6966
f 4188/6968 4186/6966 4187/6967
f 4187/6967 4189/6969 4188/6968
f 4190/6970 4188/6968 4189/6969
f 4189/6969 4191/6971 4190/6970
f 4090/6972 4192/6973 4190/6974
f 4190/6975 4193/6976 4194/6977
f 4195/6978 4194/6977 4193/6976
f 4193/6976 4196/6979 4195/6978
f 4595/6980 4197/6981 4195/6982
f 4195/6982 4198/6983 4595/6980
f 4199/6984 4197/6981 4595/6980
f 4595/6980 4200/6985 4199/6984
f 4596/6986 4201/6987 4199/6988
f 4199/6989 4202/6990 4203/6991
f 4204/6992 4202/6990 4199/6989
f 4205/6993 4206/6994 4204/6995
f 4207/6996 4206/6994 4205/6993
f 4596/6997 4208/6998 4205/6999
f 4209/7000 4205/6999 4208/6998
f 4208/6998 4597/7001 4209/7000
f 4209/7002 4210/7003 4175/7004
f 4210/7005 4211/7006 4174/7007
f 4211/7008 4212/7009 4168/7010
f 4213/7011 4166/6946 4168/6945
f 4212/7012 4556/7013 4555/7014
f 4214/7015 4556/7013 4212/7012
f 4210/7016 4598/7017 4214/7018
f 4591/7019 4198/6983 4195/6982
f 4591/7020 4196/7021 4215/7022
f 4215/7022 4589/7023 4591/7020
f 4193/7024 4216/7025 4215/7026
f 4195/6978 4196/6979 4591/7019
f 4215/7022 4196/7021 4193/7024
f 4216/7025 4193/7024 4190/6975
f 4190/6974 4192/6973 4216/7025
f 4597/7027 4598/7017 4210/7016
f 4210/7003 4209/7002 4597/7027
f 4214/7018 4211/7006 4210/7016
f 4212/7009 4211/7008 4214/7015
f 4168/7010 4174/7007 4211/7008
f 4174/6953 4175/6954 4210/7005
f 4174/7007 4168/7010 4167/6950
f 4168/7010 4212/7009 4213/7011
f 4555/7014 4213/7011 4212/7012
f 4163/6938 4213/7011 4555/6940
f 4166/6946 4213/7011 4163/6941
f 4175/7004 4207/7028 4209/7002
f 4205/6999 4209/7000 4207/6996
f 4207/7028 4175/7004 4177/7029
f 4173/6952 4177/6956 4175/6954
f 4177/6956 4178/6958 4207/7028
f 4206/6994 4207/6996 4178/6958
f 4178/6958 4180/6960 4206/6994
f 4206/6994 4180/6960 4182/6962
f 4182/6962 4204/6995 4206/6994
f 4204/6995 4182/6962 4184/6964
f 4184/6964 4202/6990 4204/6995
f 4202/6990 4184/6964 4186/6966
f 4186/6966 4203/6991 4202/6990
f 4203/6991 4186/6966 4188/6968
f 4204/6995 4201/7030 4205/6993
f 4205/6993 4201/7030 4596/6997
f 4199/6988 4201/6987 4204/6992
f 4199/6984 4200/6985 4596/6986
f 4203/6991 4197/6981 4199/6989
f 4195/6982 4197/6981 4203/6991
f 4203/6991 4194/6977 4195/6982
f 4188/6968 4194/6977 4203/6991
f 4194/6977 4188/6968 4190/6975
f 4190/6970 4191/6971 4090/6972
f 4090/6972 4191/6971 4217/7031
f 4217/7031 4089/7032 4090/6972
f 4218/7033 4088/7034 4089/7035
f 4086/7036 4088/7034 4218/7033
f 4219/7037 4220/7038 4218/7039
f 4218/7039 4220/7038 3755/7040
f 3755/7040 4221/7041 4218/7039
f 4222/7042 3754/7043 3755/7044
f 4223/7045 3754/7043 4222/7042
f 4224/7046 4225/7047 4222/7048
f 4222/7048 4226/7049 4224/7046
f 4227/7050 4225/7047 4224/7046
f 4224/7046 4228/7051 4227/7050
f 4229/7052 4230/7053 4227/7054
f 4227/7054 4230/7053 4231/7055
f 4232/7056 4233/7057 4231/7058
f 4234/7059 4231/7058 4233/7057
f 4235/7060 4233/7061 4236/7062
f 4237/7063 4238/7064 4236/7065
f 4236/7065 4239/7066 4237/7063
f 4240/7067 4241/7068 4237/7069
f 4237/7069 4242/7070 4240/7067
f 4243/7071 4244/7072 4240/7073
f 4240/7073 4245/7074 4243/7071
f 4246/7075 4247/7076 4243/7077
f 4243/7077 4248/7078 4246/7075
f 4249/7079 4250/7080 4246/7081
f 4246/7081 4251/7082 4249/7079
f 4252/7083 4253/7084 4249/7085
f 4249/7085 4254/7086 4252/7083
f 4255/7087 4256/7088 4252/7089
f 4252/7089 4257/7090 4255/7087
f 3849/7091 3856/7092 4255/7093
f 4255/7093 4258/7094 3849/7091
f 3849/7091 4258/7094 4259/7095
f 4260/7096 4259/7095 4258/7094
f 4258/7094 4261/7097 4260/7096
f 4262/7098 4263/7099 4260/7100
f 4260/7101 4264/7102 4265/7103
f 4265/7104 3847/7105 4266/7106
f 4267/7107 3847/7105 4265/7104
f 4265/7104 4268/7108 4267/7107
f 4267/7107 4268/7108 4269/7109
f 4270/7110 4269/7111 4271/7112
f 4272/7113 3844/7114 4271/7115
f 4271/7115 4273/7116 4272/7113
f 4272/7113 4273/7116 4274/7117
f 4274/7117 4275/7118 4272/7113
f 4276/7119 465/7120 4275/7121
f 4277/7122 465/7120 4276/7119
f 4276/7119 4278/7123 4277/7122
f 4277/7122 4278/7123 4279/7124
f 4279/7124 4280/7125 4277/7122
f 4281/7126 457/7127 4280/7128
f 3987/7129 4282/7130 457/7131
f 4283/7132 4282/7130 3987/7129
f 3983/7133 435/7134 4283/7135
f 4281/7136 4279/7137 4284/7138
f 4278/7139 4285/7140 4284/7141
f 4284/7141 4285/7140 4286/7142
f 4286/7142 4285/7140 4287/7143
f 4288/7144 4287/7145 4276/7146
f 4289/7147 4287/7145 4288/7144
f 4273/7148 4290/7149 4288/7150
f 4288/7144 4291/7151 4289/7147
f 4286/7152 4289/7153 4292/7154
f 4292/7154 4293/7155 4286/7152
f 4294/7156 4293/7155 4292/7154
f 4291/7157 4295/7158 4292/7159
f 4292/7154 4296/7160 4294/7156
f 4294/7161 4297/7162 3996/7163
f 4298/7164 4299/7165 3996/7166
f 4299/7167 4300/7168 3999/7169
f 4301/7170 4013/7171 3999/7172
f 4302/7173 4303/7174 4301/7175
f 4301/7175 4304/7176 4302/7173
f 4305/7177 4306/7178 4302/7179
f 4302/7179 4307/7180 4305/7177
f 4308/7181 4134/7182 4305/7183
f 4305/7183 4309/7184 4308/7181
f 4310/7185 4308/7181 4309/7184
f 4309/7184 4311/7186 4310/7185
f 4312/7187 4310/7185 4311/7186
f 4311/7186 4313/7188 4312/7187
f 4314/7189 4312/7187 4313/7188
f 4313/7188 4315/7190 4314/7189
f 4316/7191 4314/7189 4315/7190
f 4315/7190 4317/7192 4316/7191
f 4318/7193 4316/7191 4317/7192
f 4317/7192 4319/7194 4318/7193
f 4320/7195 4318/7193 4319/7194
f 4319/7194 4321/7196 4320/7195
f 4322/7197 4320/7195 4321/7196
f 4321/7196 4323/7198 4322/7197
f 4324/7199 4322/7197 4323/7198
f 4323/7198 4325/7200 4324/7199
f 4326/7201 4324/7199 4325/7200
f 4325/7200 4327/7202 4326/7201
f 4328/7203 4326/7201 4327/7202
f 4327/7202 4329/7204 4328/7203
f 4328/7205 4330/7206 4165/7207
f 4330/7208 4331/7209 4170/7210
f 4332/7211 4333/7212 4170/7213
f 4170/7213 4333/7212 4334/7214
f 4335/7215 4334/7216 4336/7217
f 4336/7217 4337/7218 4335/7215
f 4335/7219 4338/7220 4176/7221
f 4176/7221 4338/7220 4339/7222
f 4340/7223 4338/7220 4335/7219
f 4336/7224 4341/7225 4239/7226
f 4342/7227 4341/7225 4336/7224
f 4336/7224 4343/7228 4342/7227
f 4342/7229 4344/7230 4242/7231
f 4345/7232 4344/7230 4342/7229
f 4342/7229 4346/7233 4345/7232
f 4345/7234 4347/7235 4245/7236
f 4348/7237 4347/7235 4345/7234
f 4345/7234 4349/7238 4348/7237
f 4348/7239 4350/7240 4248/7241
f 4351/7242 4350/7240 4348/7239
f 4348/7239 4352/7243 4351/7242
f 4351/7244 4353/7245 4251/7246
f 4354/7247 4353/7245 4351/7244
f 4351/7244 4355/7248 4354/7247
f 4354/7249 4356/7250 4254/7251
f 4354/7252 4357/7253 4262/7254
f 4262/7254 4357/7253 4358/7255
f 4263/7256 4358/7257 4359/7258
f 4360/7259 4361/7260 4359/7261
f 4359/7261 4362/7262 4360/7259
f 4363/7263 4364/7264 4360/7265
f 4360/7265 4365/7266 4363/7263
f 4363/7267 4366/7268 4271/7269
f 4367/7270 4366/7268 4363/7267
f 4368/7271 4290/7272 4366/7273
f 4368/7274 4369/7275 4295/7276
f 4292/7159 4295/7158 4370/7277
f 4369/7278 4371/7279 4370/7280
f 4370/7281 4372/7282 4373/7283
f 4373/7284 4374/7285 4298/7286
f 4375/7287 4376/7288 4298/7289
f 4377/7290 4378/7291 4375/7292
f 4375/7292 4379/7293 4377/7290
f 4380/7294 4381/7295 4377/7296
f 4377/7296 4382/7297 4380/7294
f 4383/7298 4380/7294 4382/7297
f 4382/7297 4384/7299 4383/7298
f 4385/7300 4383/7298 4384/7299
f 4384/7299 4386/7301 4385/7300
f 4387/7302 4385/7300 4386/7301
f 4386/7301 4388/7303 4387/7302
f 4389/7304 4387/7302 4388/7303
f 4388/7303 4390/7305 4389/7304
f 4391/7306 4389/7304 4390/7305
f 4392/7307 4393/7308 4390/7309
f 4390/7309 4394/7310 4392/7307
f 4395/7311 4396/7312 4392/7313
f 4392/7313 4396/7312 4397/7314
f 4398/7315 4397/7314 4396/7312
f 4396/7312 4399/7316 4398/7315
f 4400/7317 4401/7318 4398/7319
f 4355/7320 4402/7321 4398/7322
f 4398/7322 4402/7321 4403/7323
f 4352/7324 4404/7325 4403/7326
f 4403/7327 4405/7328 4406/7329
f 4392/7330 4406/7331 4407/7332
f 4405/7333 4408/7334 4407/7335
f 4407/7336 4409/7337 4391/7338
f 4410/7339 4409/7337 4407/7336
f 4410/7340 4408/7341 4411/7342
f 4412/7343 4411/7342 4408/7341
f 4413/7344 4411/7342 4412/7343
f 4349/7345 4414/7346 4412/7347
f 4415/7348 4411/7342 4413/7344
f 4346/7349 4416/7350 4413/7351
f 4413/7344 4417/7352 4415/7348
f 4400/7353 4418/7354 4359/7355
f 4359/7355 4418/7354 4419/7356
f 4362/7357 4419/7358 4420/7359
f 4421/7360 4422/7361 4420/7362
f 4420/7362 4423/7363 4421/7360
f 4424/7364 4423/7363 4420/7362
f 4420/7362 4425/7365 4424/7364
f 4423/7363 4424/7364 4426/7366
f 4426/7367 4427/7368 4428/7369
f 4429/7370 4427/7368 4426/7367
f 4430/7371 4427/7368 4429/7370
f 4425/7372 4431/7373 4429/7374
f 4429/7370 4432/7375 4430/7371
f 4433/7376 4432/7375 4429/7370
f 4433/7377 4431/7378 4434/7379
f 4435/7380 4434/7379 4431/7378
f 4436/7381 4434/7382 4395/7383
f 4435/7384 4437/7385 4395/7386
f 4434/7382 4436/7381 4433/7377
f 4395/7383 4434/7382 4435/7384
f 4429/7374 4431/7373 4433/7376
f 4431/7378 4425/7372 4435/7380
f 4429/7374 4424/7364 4425/7372
f 4426/7366 4424/7364 4429/7370
f 4435/7380 4425/7372 4420/7362
f 4420/7362 4419/7358 4435/7380
f 4435/7380 4419/7358 4418/7354
f 4418/7354 4437/7385 4435/7380
f 4419/7358 4362/7357 4359/7355
f 4420/7359 4422/7361 4362/7357
f 4437/7385 4418/7354 4400/7353
f 4360/7259 4362/7262 4422/7361
f 4359/7355 4358/7257 4400/7353
f 4422/7361 4365/7266 4360/7259
f 4365/7266 4422/7361 4421/7360
f 4400/7353 4358/7257 4357/7253
f 4421/7360 4367/7387 4365/7266
f 4363/7263 4365/7266 4367/7270
f 4357/7253 4401/7318 4400/7353
f 4401/7318 4357/7253 4354/7252
f 4400/7353 4399/7388 4437/7385
f 4398/7315 4399/7316 4400/7317
f 4395/7386 4437/7385 4399/7388
f 4399/7316 4396/7312 4395/7386
f 4398/7319 4401/7318 4355/7320
f 4354/7247 4355/7248 4401/7318
f 4403/7323 4397/7314 4398/7322
f 4402/7321 4355/7320 4351/7244
f 4351/7242 4352/7243 4402/7321
f 4403/7323 4402/7321 4352/7324
f 4251/7246 4350/7240 4351/7244
f 4406/7329 4397/7314 4403/7327
f 4397/7314 4406/7329 4392/7313
f 4350/7240 4251/7246 4246/7081
f 4246/7081 4250/7080 4438/7389
f 4247/7390 4438/7391 4439/7392
f 4439/7392 4440/7393 4247/7390
f 4244/7394 4440/7395 4441/7396
f 4441/7396 4442/7397 4244/7394
f 4241/7398 4442/7399 4443/7400
f 4443/7400 4444/7401 4241/7398
f 4238/7402 4444/7403 4445/7404
f 4445/7405 4446/7406 4234/7407
f 4234/7408 4447/7409 4448/7410
f 3751/7411 4223/7412 4448/7413
f 4449/7414 3751/7415 4447/7416
f 3749/7417 4449/7418 4446/7419
f 4446/7406 4445/7405 4450/7420
f 4450/7421 4443/7422 4451/7423
f 4451/7423 4452/7424 4450/7421
f 3738/7425 4452/7424 4451/7423
f 4451/7426 4441/7427 4453/7428
f 4453/7429 4439/7430 4454/7431
f 4454/7431 4455/7432 4453/7429
f 3737/7433 4455/7432 4454/7431
f 4456/7434 4454/7431 4439/7430
f 4454/7431 4456/7434 4457/7435
f 4458/7436 4457/7435 4456/7434
f 4250/7437 4459/7438 4456/7439
f 4457/7435 4458/7436 4460/7440
f 4461/7441 4460/7440 4458/7436
f 4458/7436 4462/7442 4461/7441
f 4256/7443 2791/7444 4461/7445
f 4460/7440 4463/7446 4457/7435
f 4461/7445 4462/7442 4256/7443
f 4463/7446 3737/7447 4457/7435
f 4457/7435 3737/7447 4454/7431
f 4455/7432 3738/7448 4453/7429
f 4453/7428 3738/7448 4451/7426
f 4439/7430 4453/7429 4441/7427
f 4441/7427 4451/7426 4443/7422
f 4441/7427 4440/7395 4439/7430
f 4443/7400 4442/7399 4441/7427
f 4439/7392 4438/7391 4456/7434
f 4456/7434 4438/7391 4250/7437
f 4438/7389 4247/7390 4246/7081
f 4246/7081 4248/7078 4350/7240
f 4243/7077 4247/7076 4440/7393
f 4440/7395 4244/7394 4243/7077
f 4240/7073 4244/7072 4442/7397
f 4442/7399 4241/7398 4240/7073
f 4347/7449 4248/7078 4243/7077
f 4243/7071 4245/7074 4347/7449
f 4248/7241 4347/7449 4348/7239
f 4344/7450 4245/7074 4240/7073
f 4245/7236 4344/7450 4345/7234
f 4240/7067 4242/7070 4344/7450
f 4404/7325 4352/7324 4348/7239
f 4348/7239 4349/7238 4404/7325
f 4414/7346 4349/7345 4345/7234
f 4412/7347 4404/7325 4349/7345
f 4345/7234 4346/7233 4414/7346
f 4403/7326 4404/7325 4412/7347
f 4412/7347 4405/7328 4403/7326
f 4408/7334 4405/7333 4412/7343
f 4412/7347 4414/7346 4413/7344
f 4413/7351 4414/7346 4346/7349
f 4407/7332 4406/7331 4405/7333
f 4407/7335 4408/7334 4410/7339
f 4416/7350 4346/7349 4342/7229
f 4342/7229 4343/7228 4416/7350
f 4242/7231 4341/7225 4342/7229
f 4341/7225 4242/7231 4237/7069
f 4237/7069 4239/7066 4341/7225
f 4237/7069 4241/7068 4444/7401
f 4444/7403 4238/7402 4237/7069
f 4445/7404 4444/7403 4443/7400
f 4443/7422 4450/7421 4445/7404
f 4452/7424 3749/7451 4450/7421
f 4450/7420 3749/7451 4446/7406
f 4445/7404 4235/7452 4238/7402
f 4236/7065 4238/7064 4235/7060
f 4234/7407 4235/7452 4445/7405
f 4234/7407 4446/7406 4449/7418
f 4233/7061 4235/7060 4234/7059
f 4449/7414 4447/7416 4234/7407
f 4236/7062 4233/7061 4232/7056
f 4448/7410 4447/7409 3751/7411
f 3751/7411 3754/7043 4223/7412
f 4448/7410 4231/7058 4234/7408
f 4448/7413 4223/7412 4225/7453
f 4222/7048 4225/7047 4223/7045
f 4225/7453 4227/7050 4448/7413
f 4231/7058 4448/7410 4227/7054
f 4231/7055 4230/7053 4232/7056
f 3755/7044 4220/7038 4222/7042
f 4222/7042 4220/7038 4219/7037
f 4232/7056 4230/7053 4229/7052
f 4219/7037 4226/7049 4222/7042
f 4227/7050 4228/7051 4229/7052
f 4187/7454 4226/7049 4219/7037
f 4224/7046 4226/7049 4187/7454
f 4219/7037 4189/6969 4187/7454
f 4187/7454 4185/6965 4224/7046
f 4191/6971 4189/6969 4219/7037
f 4224/7046 4185/6965 4183/6963
f 4183/6963 4228/7051 4224/7046
f 4229/7052 4228/7051 4183/6963
f 4219/7037 4217/7031 4191/6971
f 4183/6963 4181/6961 4229/7052
f 4218/7039 4217/7031 4219/7037
f 4089/7032 4217/7031 4218/7033
f 4218/7039 4221/7041 4086/7036
f 4229/7052 4181/6961 4179/6959
f 4179/6959 4339/7455 4229/7052
f 4229/7052 4339/7455 4232/7056
f 4339/7222 4179/6959 4176/7221
f 4232/7056 4339/7455 4338/7220
f 4338/7220 4340/7223 4232/7056
f 4232/7056 4340/7223 4236/7062
f 4173/6952 4172/6951 4176/6955
f 4176/7221 4172/6951 4335/7219
f 4335/7219 4172/6951 4171/6949
f 4236/7062 4340/7223 4337/7456
f 4335/7215 4337/7218 4340/7223
f 4337/7456 4239/7066 4236/7062
f 4239/7066 4337/7456 4336/7224
f 4171/6949 4334/7216 4335/7219
f 4334/7216 4171/6949 4170/7213
f 4336/7217 4334/7216 4333/7212
f 4333/7212 4343/7228 4336/7217
f 4343/7228 4333/7212 4332/7211
f 4332/7211 4416/7350 4343/7228
f 4413/7351 4416/7350 4332/7211
f 4332/7211 4417/7352 4413/7351
f 4167/6944 4169/6947 4170/6948
f 4170/6948 4169/6947 4330/7208
f 4170/7213 4331/7209 4332/7211
f 4165/7207 4330/7206 4169/6947
f 4169/6947 4166/6946 4165/7207
f 4331/7209 4330/7208 4328/7205
f 4332/7211 4331/7209 4329/7457
f 4328/7203 4329/7204 4331/7209
f 4329/7457 4417/7352 4332/7211
f 4417/7352 4329/7457 4327/7202
f 4327/7202 4415/7348 4417/7352
f 4410/7458 4415/7348 4327/7202
f 4411/7342 4415/7348 4410/7340
f 4327/7202 4325/7200 4410/7458
f 4410/7458 4325/7200 4323/7198
f 4323/7198 4409/7337 4410/7458
f 4409/7337 4323/7198 4321/7196
f 4321/7196 4391/7338 4409/7337
f 4391/7338 4321/7196 4319/7194
f 4319/7194 4389/7304 4391/7338
f 4389/7304 4319/7194 4317/7192
f 4317/7192 4387/7302 4389/7304
f 4387/7302 4317/7192 4315/7190
f 4315/7190 4385/7300 4387/7302
f 4385/7300 4315/7190 4313/7188
f 4313/7188 4383/7298 4385/7300
f 4383/7298 4313/7188 4311/7186
f 4311/7186 4380/7294 4383/7298
f 4380/7294 4311/7186 4309/7184
f 4309/7184 4381/7295 4380/7294
f 4381/7295 4309/7184 4305/7183
f 4305/7183 4307/7180 4381/7295
f 4377/7296 4381/7295 4307/7180
f 4307/7180 4378/7291 4377/7296
f 4378/7291 4307/7180 4302/7179
f 4302/7179 4306/7178 4464/7459
f 4303/7460 4464/7461 4465/7462
f 4465/7463 4466/7464 4467/7465
f 4468/7466 4017/7467 4467/7468
f 4467/7468 4469/7469 4468/7466
f 4466/7470 4470/7471 4469/7472
f 4464/7461 4303/7460 4302/7179
f 4469/7472 4467/7468 4466/7470
f 4302/7173 4304/7176 4378/7291
f 4375/7292 4378/7291 4304/7176
f 4015/7473 4467/7468 4017/7467
f 4467/7465 4015/7473 4465/7463
f 4017/7467 4012/6694 4015/7473
f 4465/7463 4015/7473 4011/6685
f 4009/6683 4012/6686 4010/6684
f 4011/6687 4014/6690 4465/7463
f 4465/7462 4014/6690 4303/7460
f 4301/7175 4303/7174 4014/6690
f 4014/6690 4013/6689 4301/7175
f 4006/6678 4008/6681 4011/6685
f 3999/7172 4013/7171 4008/6688
f 4008/6688 4000/6680 3999/7172
f 4006/6682 4001/6670 4000/6680
f 4002/6673 4001/6672 4006/6678
f 4001/6672 3970/6671 3969/6669
f 4002/6673 3971/6624 3970/6671
f 3969/6669 3998/6665 3999/6667
f 3972/6627 3971/6626 4002/6673
f 3999/6667 3998/6665 4299/7167
f 4002/6673 3973/6630 3972/6627
f 4004/6676 3973/6630 4002/6674
f 3996/7166 4299/7165 3998/6665
f 3998/6665 3997/6664 3996/7166
f 3973/6630 4004/6676 4029/7474
f 4029/7474 3974/6631 3973/6630
f 4029/6712 4004/6676 4005/6711
f 3975/6632 3974/6631 4029/7474
f 4029/7474 4030/6713 3975/6632
f 4003/6675 4007/6679 4005/6677
f 4005/6677 4007/6679 4010/6684
f 3975/6632 4030/6713 4033/6715
f 4010/6684 4026/7475 4005/6677
f 4005/6711 4026/7475 4025/6709
f 4026/7475 4010/6684 4016/6692
f 4016/6692 4019/6697 4026/7475
f 4026/7475 4019/6697 4021/6705
f 4016/6692 4017/6695 4468/7466
f 4468/7466 4020/6699 4016/6692
f 4028/6710 4025/6709 4027/6708
f 4027/6708 4031/6714 4028/6710
f 4032/6718 4033/6717 4031/6714
f 4032/6718 4031/6714 4027/6708
f 4021/6704 4024/6703 4027/6708
f 4027/6708 4035/6721 4032/6718
f 4027/6708 4024/6703 4104/7476
f 4104/7476 4035/6721 4027/6708
f 4104/7476 4024/6703 4023/6702
f 4021/6704 4022/6701 4023/6702
f 4035/6721 4104/7476 4100/6831
f 4023/6702 4103/6838 4104/7476
f 4100/6830 4036/6829 4035/6721
f 4023/6702 4022/6701 4116/7477
f 4116/7477 4106/6860 4023/6702
f 4105/6837 4106/6840 4578/6841
f 4116/7477 4022/6701 4018/6696
f 4018/6696 4118/6863 4116/7477
f 4120/6865 4118/6863 4018/6696
f 4018/6696 4020/6699 4120/6865
f 4120/6865 4020/6699 4468/7466
f 4468/7466 4122/6867 4120/6865
f 4124/6869 4122/6867 4468/7466
f 4468/7466 4469/7469 4124/6869
f 4126/6871 4124/6869 4469/7469
f 4469/7472 4470/7471 4126/6871
f 4103/6838 4105/6837 4108/6844
f 4108/6844 4101/6832 4103/6838
f 4101/6832 4108/6844 4102/6834
f 4102/6834 4108/6844 4580/6846
f 4126/6871 4470/7471 4131/7478
f 4131/6878 4127/6877 4126/6871
f 4132/7479 4131/7478 4470/7471
f 4470/7471 4466/7470 4132/7479
f 4129/6881 4131/6878 4132/6879
f 4132/7479 4466/7470 4465/7463
f 4465/7463 4464/7461 4132/7479
f 4132/7479 4464/7461 4306/7178
f 4306/7178 4133/6880 4132/7479
f 4133/6880 4306/7178 4305/7177
f 4305/7177 4134/7182 4133/6880
f 4135/6883 4134/6882 4308/7181
f 4308/7181 4137/6885 4135/6883
f 4137/6885 4308/7181 4310/7185
f 4310/7185 4142/7480 4137/6885
f 4142/7480 4310/7185 4312/7187
f 4137/6885 4142/7480 4139/6896
f 4139/6896 4138/6892 4137/6885
f 4312/7187 4143/6898 4142/7480
f 4139/6896 4144/6899 4141/6895
f 4143/6898 4312/7187 4314/7189
f 4145/6902 4144/6901 4143/6898
f 4136/6884 4138/6886 4568/6890
f 4143/6898 4147/6906 4145/6902
f 4314/7189 4147/6906 4143/6898
f 4145/6905 4149/6908 4565/6904
f 4147/6906 4314/7189 4316/7191
f 4316/7191 4148/6907 4147/6906
f 4150/6911 4149/6910 4148/6907
f 4148/6907 4316/7191 4318/7193
f 4150/6914 4154/6917 4151/6913
f 4148/6907 4152/6915 4150/6911
f 4318/7193 4152/6915 4148/6907
f 4152/6915 4318/7193 4320/7195
f 4320/7195 4153/6916 4152/6915
f 4155/6920 4154/6919 4153/6916
f 4153/6916 4320/7195 4322/7197
f 4155/6923 4158/6926 4561/6922
f 4153/6916 4156/6924 4155/6920
f 4322/7197 4156/6924 4153/6916
f 4156/6924 4322/7197 4324/7199
f 4324/7199 4157/6925 4156/6924
f 4159/6929 4158/6928 4157/6925
f 4157/6925 4324/7199 4326/7201
f 4159/6932 4162/6935 4558/6931
f 4157/6925 4160/6933 4159/6929
f 4326/7201 4160/6933 4157/6925
f 4160/6933 4326/7201 4328/7203
f 4328/7203 4161/6934 4160/6933
f 4163/6938 4162/6937 4161/6934
f 4165/7207 4161/6934 4328/7205
f 4161/6934 4165/7207 4163/6938
f 3952/6599 3947/6594 3946/6593
f 3947/6594 3952/6599 3953/6600
f 3953/6600 3959/6608 3947/6594
f 3947/6594 3959/6608 3960/6609
f 3960/6613 3948/6612 3947/6594
f 3954/6602 3952/6601 3951/6598
f 3951/6598 3972/6629 3954/6602
f 3972/6629 3951/6598 3950/6625
f 3975/6632 3955/6603 3954/6628
f 3953/6606 3955/6603 3956/6604
f 3956/6604 3955/6603 3975/6633
f 3971/6624 3950/6625 3967/6623
f 3967/6623 3950/6625 3949/6596
f 3949/6596 3964/6615 3967/6623
f 3964/6615 3949/6596 3948/6595
f 3948/6595 3962/6611 3964/6615
f 3967/6623 3968/6620 3969/6621
f 3969/6666 3968/6620 3997/6664
f 3994/6663 3997/6662 3968/6620
f 3968/6620 3966/6618 3994/6663
f 3994/6663 3966/6618 3965/6617
f 3965/6617 3991/6655 3994/6663
f 3991/6655 3965/6617 3989/7481
f 3989/7481 3965/6617 3962/6616
f 3989/6652 3988/6651 3991/6655
f 3962/6616 3963/6614 3989/7481
f 3986/6653 3989/6652 3963/6614
f 3984/6647 3963/6614 3960/6609
f 3963/6614 3984/6647 3986/6653
f 3994/6659 3995/6660 3996/6661
f 3996/6661 3995/6660 4294/7161
f 4293/7155 4294/7156 3995/6660
f 3995/6660 3993/6658 4293/7155
f 4286/7152 4293/7155 3993/6658
f 3993/6658 3992/6657 4286/7152
f 4286/7142 3992/6657 4284/7141
f 4284/7141 3992/6657 3988/6656
f 4287/7145 4289/7147 4286/7142
f 3988/6651 3990/6654 4284/7141
f 4292/7154 4289/7153 4291/7157
f 4284/7138 3990/6654 4281/7136
f 4281/7136 3990/6654 3986/6653
f 4284/7138 4279/7137 4278/7139
f 4280/7128 4279/7124 4281/7126
f 3986/6649 3987/6650 4281/7136
f 457/7127 4281/7126 3987/7129
f 3987/6650 3985/6648 4283/7132
f 4283/7132 3985/6648 3983/7133
f 3961/6610 3983/6645 3985/6648
f 4285/7140 4278/7139 4276/7119
f 4276/7119 4287/7145 4285/7140
f 4275/7118 4274/7117 4276/7119
f 4276/7119 4274/7117 4288/7144
f 4288/7150 4274/7117 4273/7148
f 435/7134 3983/7133 3980/6644
f 3980/6640 3982/6643 435/7134
f 3961/6646 3958/6607 3980/6644
f 3980/6644 3958/6607 3957/6605
f 3957/6605 3979/6641 3980/6644
f 3979/6641 3957/6605 3956/6638
f 3981/6642 3979/6641 3978/6637
f 3978/6637 431/7482 3981/6642
f 431/6730 3978/6637 3977/6729
f 3956/6638 3976/6634 3977/6636
f 3977/6729 4034/6716 427/6727
f 4033/6717 4034/6716 3977/6729
f 3977/6729 3976/6634 4033/6717
f 4033/6717 3976/6634 3975/6632
f 4290/7149 4273/7148 4271/7115
f 4271/7115 4366/7268 4290/7149
f 4271/7112 3844/7114 4270/7110
f 4269/7109 4270/7110 4267/7107
f 4271/7269 4269/7111 4363/7267
f 4363/7267 4269/7111 4268/7108
f 4268/7108 4364/7264 4363/7267
f 4364/7264 4268/7108 4265/7104
f 4265/7104 4264/7102 4364/7264
f 4360/7265 4364/7264 4264/7102
f 4264/7102 4361/7260 4360/7265
f 4361/7260 4264/7102 4260/7101
f 4265/7103 4259/7095 4260/7101
f 4266/7106 4259/7095 4265/7104
f 4259/7095 4266/7106 3849/7091
f 4260/7101 4263/7099 4361/7260
f 4359/7258 4361/7260 4263/7256
f 4358/7257 4263/7256 4262/7254
f 4260/7096 4261/7097 4262/7098
f 4261/7097 4258/7094 4255/7093
f 4255/7093 3856/7092 2791/7483
f 2791/7483 4256/7443 4255/7093
f 4255/7087 4257/7090 4261/7097
f 4262/7098 4261/7097 4257/7090
f 4257/7090 4356/7484 4262/7098
f 4262/7098 4356/7484 4354/7252
f 4356/7484 4257/7090 4252/7089
f 4252/7089 4256/7088 4462/7442
f 4252/7089 4254/7086 4356/7484
f 4254/7251 4353/7245 4354/7249
f 4462/7442 4253/7084 4252/7089
f 4353/7245 4254/7251 4249/7085
f 4249/7085 4251/7082 4353/7245
f 4253/7084 4462/7442 4458/7436
f 4249/7085 4253/7084 4459/7485
f 4458/7436 4459/7485 4253/7084
f 4459/7485 4250/7437 4249/7085
f 4456/7434 4459/7438 4458/7436
f 4032/6722 4037/6720 4039/6725
f 4040/6726 4038/6723 4039/6731
f 4042/6735 4039/6731 4037/6720
f 412/6734 4042/6735 4043/6736
f 4037/6720 4099/7486 4042/6735
f 4043/6736 4042/6735 4099/7486
f 4099/7486 4037/6720 4036/6719
f 4036/6829 4096/6828 4099/7486
f 4099/7486 4046/6743 4043/6736
f 4098/6826 4046/6743 4099/6827
f 4044/6740 4046/6743 4098/6826
f 4100/6830 4097/6824 4096/6828
f 4095/6833 4097/6824 4100/6831
f 4094/6825 4097/6824 4095/6822
f 4049/7487 4098/6826 4094/6825
f 4098/6826 4049/7487 4044/6740
f 4094/6825 4091/6820 4049/7487
f 4044/6746 4048/6745 4081/6802
f 4081/6802 4045/6741 4044/6746
f 4045/6741 4081/6802 4082/6804
f 4082/6804 408/7488 4045/6741
f 4043/6742 4045/6741 408/6739
f 4095/6833 4102/6834 4110/6849
f 4110/6849 4092/6818 4095/6833
f 4092/6818 4110/6849 4112/6851
f 4112/6851 4093/6819 4092/6818
f 4093/6819 4112/6851 4113/6853
f 4113/6853 4115/6857 4093/6819
f 4052/7489 4091/6820 4093/6819
f 4093/6819 4115/6857 4052/7489
f 4091/6820 4052/7489 4047/6744
f 4047/6744 4051/6749 4078/6794
f 4050/6748 4052/6751 4115/6857
f 4051/6795 4074/6786 4075/6793
f 4074/6786 4051/6795 4050/6748
f 4050/6754 4054/6753 4074/6786
f 4115/6857 4055/6755 4050/6748
f 4114/6855 4055/6755 4115/6857
f 4053/6752 4055/6755 4114/6855
f 4054/6787 4070/6778 4071/6785
f 4070/6778 4054/6787 4053/6752
f 4053/6758 4057/6757 4070/6778
f 4114/6855 4058/6759 4053/6752
f 4058/6759 4114/6855 4585/6856
f 4585/6856 4059/7490 4058/6759
f 4056/6756 4058/6759 4059/6760
f 4064/7491 4057/6757 4056/6756
f 4056/6756 4061/6763 4064/7491
f 4057/6757 4064/7491 4067/6777
f 4067/6774 4064/7491 4063/6771
f 4065/6768 4061/6767 4062/6764
f 4062/6764 4471/7492 4065/6768
f 4471/7493 4589/7494 4215/7495
f 4063/6765 4065/6768 4215/6769
f 4215/6769 4065/6768 4471/7493
f 339/1251 848/1242 849/1249
f 848/1242 339/1251 338/510
f 338/516 342/515 848/1242
f 335/512 339/511 852/1250
f 852/1250 336/507 335/512
f 336/1259 852/1250 853/1257
f 853/1257 855/1256 857/1260
f 855/1256 854/1255 936/1410
f 936/1410 858/1263 855/1256
f 869/1288 858/1263 936/1410
f 859/1264 858/1263 869/1288
f 869/1288 862/1287 859/1264
f 863/1278 862/1271 868/1285
f 857/1261 859/1264 861/1268
f 861/1273 863/1272 865/1276
f 865/1277 866/1280 3820/1284
f 330/1275 860/1266 861/1273
f 860/1266 330/1275 329/498
f 329/498 333/503 860/1266
f 333/1267 856/1258 857/1265
f 856/1258 333/1267 332/502
f 332/508 336/507 856/1258
f 326/500 330/499 864/1274
f 327/1283 864/1274 865/1281
f 864/1274 327/1283 326/500
f 323/496 327/495 867/1282
f 867/1282 324/491 323/496
f 324/491 867/1282 3820/1284
f 3820/6370 322/489 324/491
f 320/486 324/491 322/489
f 319/488 318/484 320/486
f 320/486 318/484 609/7496
f 609/7496 318/484 315/479
f 609/7496 325/493 320/486
f 325/493 609/7496 610/939
f 323/490 325/493 612/940
f 612/940 328/497 323/490
f 614/944 328/497 612/942
f 326/494 328/497 614/944
f 614/944 331/501 326/494
f 331/501 614/944 615/945
f 615/945 766/7497 331/501
f 329/498 331/501 766/7497
f 766/7497 334/1129 329/498
f 765/1131 766/1130 615/945
f 615/945 617/947 765/1131
f 765/1128 764/1127 334/1129
f 332/502 334/505 764/1127
f 760/1125 765/1128 617/947
f 764/1127 337/509 332/502
f 617/947 620/950 760/1125
f 337/509 764/1127 763/1126
f 760/1125 620/950 623/953
f 758/1118 763/1124 760/1120
f 623/953 759/1119 760/1125
f 763/1124 762/1123 337/509
f 754/1116 759/1119 623/953
f 335/506 337/509 762/1123
f 623/953 626/956 754/1116
f 762/1123 340/513 335/506
f 754/1116 626/956 629/959
f 340/513 762/1123 761/1132
f 629/959 753/1110 754/1116
f 748/1107 753/1110 629/959
f 629/959 632/962 748/1107
f 748/1107 632/962 635/965
f 635/965 747/1101 748/1107
f 742/1098 747/1101 635/965
f 635/965 638/968 742/1098
f 742/1098 638/968 641/971
f 641/971 741/1092 742/1098
f 736/1089 741/1092 641/971
f 641/971 644/974 736/1089
f 736/1089 644/974 647/977
f 647/977 735/1083 736/1089
f 730/1080 735/1083 647/977
f 647/977 650/980 730/1080
f 730/1080 650/980 653/983
f 734/1082 739/1088 736/1084
f 653/983 729/1074 730/1080
f 724/1071 729/1074 653/983
f 653/983 656/986 724/1071
f 724/1071 656/986 659/989
f 659/989 723/1065 724/1071
f 721/1062 723/1065 659/989
f 659/989 662/992 721/1062
f 721/1062 662/992 665/995
f 665/995 720/1059 721/1062
f 720/1059 665/995 668/998
f 668/998 709/1060 720/1059
f 709/1060 668/998 671/1001
f 717/1055 719/1057 721/1061
f 671/1001 707/1043 709/1060
f 707/1043 671/1001 674/1004
f 674/1004 705/1041 707/1043
f 705/1041 674/1004 677/1007
f 677/1007 703/1039 705/1041
f 703/1039 677/1007 680/1010
f 680/1010 701/1037 703/1039
f 701/1037 680/1010 683/1013
f 683/1013 698/1033 701/1037
f 698/1033 683/1013 686/1016
f 686/1016 697/1034 698/1033
f 697/1032 686/1016 689/1030
f 709/1060 711/7498 717/1058
f 717/1058 711/7498 710/1052
f 708/1048 711/1047 709/1045
f 1057/1612 696/1031 689/1026
f 699/1035 697/1034 696/1031
f 1128/1730 696/1031 1057/1608
f 696/1031 1128/1730 699/1035
f 1060/1614 1058/1609 1057/1612
f 1058/1609 1060/1614 1061/1615
f 1061/1615 1065/1620 1058/1609
f 1054/1610 1058/1609 1065/1620
f 1131/1735 700/1036 699/1731
f 1065/1620 1055/1605 1054/1610
f 1055/1605 1065/1620 1064/1619
f 1064/1619 1068/1624 1055/1605
f 1051/1606 1055/1605 1068/1624
f 700/1036 1131/1735 1133/1737
f 1133/1737 702/1038 700/1036
f 1068/1624 1052/1601 1051/1606
f 1052/1601 1068/1624 1067/1623
f 1067/1623 1071/1628 1052/1601
f 1048/1602 1052/1601 1071/1628
f 702/1038 1133/1737 1149/7499
f 1149/7499 704/1040 702/1038
f 1149/1759 1133/1737 1132/1757
f 706/1042 704/1040 1149/7499
f 1071/1628 1049/1597 1048/1602
f 1049/1597 1071/1628 1070/1627
f 1070/1633 1074/1632 1049/1597
f 1045/1598 1049/1597 1074/1632
f 1149/1762 1150/1761 706/1042
f 1074/1632 1046/1593 1045/1598
f 1046/1593 1074/1632 1073/1631
f 1073/1637 1077/1636 1046/1593
f 1042/1594 1046/1593 1077/1636
f 712/1049 708/1048 706/1042
f 706/1042 1150/1761 712/1049
f 1077/1636 1043/1589 1042/1594
f 1043/1589 1077/1636 1076/1635
f 1076/1641 1079/1640 1043/1589
f 1039/1590 1043/1589 1079/1640
f 713/7500 712/1049 1150/1761
f 710/1052 712/1049 713/1050
f 1150/1761 1147/1760 713/7500
f 1149/1759 1148/1758 1147/1760
f 713/7500 1147/1760 1144/1754
f 1144/1751 1146/1753 713/7500
f 1148/1756 1137/7501 1144/1754
f 1144/1751 1137/7501 1138/1748
f 1137/1743 1148/1756 1132/1742
f 1151/1765 714/1051 713/1763
f 714/1051 1151/1765 794/1766
f 794/1766 715/1053 714/1051
f 793/1162 715/1053 794/1163
f 716/1054 715/1053 793/1162
f 793/1162 718/1056 716/1054
f 718/1056 793/1162 791/1160
f 1132/1742 1134/1739 1135/1740
f 1135/1740 1134/1739 3933/6563
f 791/1160 725/7502 718/1056
f 725/7502 791/1160 789/1158
f 718/1056 725/7502 722/1067
f 722/1067 719/1063 718/1056
f 789/1158 726/1069 725/7502
f 722/1067 727/1070 724/1066
f 726/1069 789/1158 787/1156
f 728/1073 727/1072 726/1069
f 728/1073 733/1079 730/1075
f 726/1069 731/1077 728/1073
f 787/1156 731/1077 726/1069
f 731/1077 787/1156 785/1154
f 785/1154 732/1078 731/1077
f 734/1082 733/1081 732/1078
f 732/1078 785/1154 783/1152
f 732/1078 737/1086 734/1082
f 783/1152 737/1086 732/1078
f 737/1086 783/1152 781/1150
f 781/1150 738/1087 737/1086
f 738/1087 781/1150 779/1148
f 779/1148 743/7503 738/1087
f 743/7503 779/1148 777/1146
f 738/1087 743/7503 740/1094
f 740/1091 739/1090 738/1087
f 777/1146 744/1096 743/7503
f 740/1094 745/1097 742/1093
f 744/1096 777/1146 775/1144
f 746/1100 745/1099 744/1096
f 746/1103 751/1106 748/1102
f 744/1096 749/1104 746/1100
f 775/1144 749/1104 744/1096
f 749/1104 775/1144 773/1142
f 773/1142 750/1105 749/1104
f 752/1109 751/1108 750/1105
f 750/1105 773/1142 771/1140
f 752/1109 757/1115 754/1111
f 750/1105 755/1113 752/1109
f 771/1140 755/1113 750/1105
f 755/1113 771/1140 768/1136
f 768/1136 756/1114 755/1113
f 758/1118 757/1117 756/1114
f 756/1114 761/1122 758/1118
f 761/1122 756/1114 768/1135
f 343/1138 767/1133 768/1136
f 767/1133 343/1138 338/516
f 338/510 340/513 767/1133
f 1054/1604 1056/1607 3931/7504
f 3931/7504 1059/1611 1054/1604
f 1059/1611 3931/7504 1129/6558
f 1129/6558 1128/1732 1059/1611
f 3928/6560 3931/6559 1056/1607
f 3933/6562 1130/1734 1129/6558
f 1130/1734 3933/6562 1134/1739
f 1134/1739 1131/1738 1130/1734
f 3934/6564 3933/6563 3932/6561
f 3932/6561 3938/6572 3934/6564
f 3938/6572 3932/6561 3928/6560
f 3928/6554 3930/6557 3938/6572
f 3937/6569 3938/6572 3930/6557
f 1056/1607 3929/6555 3928/6560
f 3930/6557 3941/6576 3937/6569
f 3929/6555 1056/1607 1051/1606
f 3941/6576 3930/6557 3925/6556
f 1051/1606 1053/1603 3929/6555
f 3925/6556 3929/6555 1053/1603
f 3925/6550 3927/6553 3941/6576
f 1053/1603 3926/6551 3925/6556
f 3939/6573 3941/6576 3927/6553
f 3926/6551 1053/1603 1048/1602
f 3927/6553 3942/6578 3939/6573
f 1048/1602 1050/1599 3926/6551
f 3942/6578 3927/6553 3922/6552
f 3922/6552 3926/6551 1050/1599
f 3922/6546 3924/6549 3942/6578
f 1050/1599 3923/6547 3922/6552
f 3923/6547 1050/1599 1045/1598
f 1045/1598 1047/1595 3923/6547
f 3919/6548 3923/6547 1047/1595
f 3943/6580 3924/6582 3919/6548
f 1047/1595 3920/6543 3919/6548
f 3920/6543 1047/1595 1042/1594
f 3919/6542 3921/6545 3943/6580
f 1042/1594 1044/1591 3920/6543
f 3909/7505 3943/6580 3921/6545
f 3943/6580 3909/7505 3905/6519
f 3921/6545 3944/6581 3909/7505
f 3916/6544 3920/6543 1044/1591
f 3907/6523 3909/6526 3944/6581
f 1044/1591 3917/6537 3916/6544
f 3917/6537 1044/1591 1039/1590
f 3916/6544 3915/7506 3944/6581
f 1039/1590 1041/1587 3917/6537
f 3913/6532 3915/6535 3916/6536
f 3913/6541 3917/6537 1041/6539
f 3911/7507 3944/6581 3915/7506
f 3944/6581 3911/7507 3907/6523
f 3915/6535 3912/6534 3911/7507
f 1079/1640 1040/1585 1039/1590
f 1040/1585 1079/1640 488/1639
f 488/1639 490/745 1040/1585
f 1037/1586 1040/1585 490/745
f 3918/6540 1041/6539 1037/1586
f 490/745 1038/1582 1037/1586
f 1038/1582 490/745 485/737
f 485/737 489/743 1038/1582
f 446/1583 1038/1582 489/743
f 1037/1586 1036/7508 3918/6540
f 446/1580 1036/1579 1037/1581
f 489/743 447/670 446/1583
f 447/670 489/743 479/742
f 479/742 448/672 447/670
f 475/726 448/672 479/730
f 449/673 448/672 475/726
f 475/726 451/675 449/673
f 471/722 451/675 475/726
f 452/676 451/675 471/722
f 471/722 461/700 452/676
f 467/717 461/700 471/722
f 462/701 461/700 467/717
f 467/717 463/716 462/701
f 464/705 463/704 3841/714
f 460/702 464/705 4272/709
f 459/698 462/701 460/697
f 465/708 458/695 460/706
f 458/695 465/708 4277/693
f 450/674 452/676 459/698
f 455/685 456/684 4277/692
f 456/694 453/683 459/696
f 459/696 453/683 450/674
f 455/685 454/681 453/683
f 454/679 443/7509 450/677
f 450/677 443/7509 444/671
f 443/7509 454/679 438/665
f 455/682 439/660 438/680
f 457/688 439/689 455/686
f 4282/691 437/661 439/689
f 437/661 4282/691 4283/656
f 444/667 445/668 446/669
f 446/669 445/668 1035/1578
f 441/1577 1035/1576 445/668
f 445/668 442/664 441/1577
f 438/659 440/662 441/663
f 440/662 437/661 436/657
f 441/663 440/662 1032/1572
f 436/657 1032/1572 440/662
f 1032/1571 436/657 434/1570
f 3982/652 433/651 434/653
f 434/653 433/651 1028/1568
f 1028/1564 1030/1567 4472/7510
f 1028/1568 433/651 432/650
f 432/650 1027/1565 1028/1568
f 1027/1563 432/650 430/1562
f 4472/7510 1031/1569 1028/1564
f 1033/1573 1032/1572 1031/1569
f 1031/1569 4472/7510 1033/1573
f 429/648 428/644 430/646
f 430/646 428/644 1024/1560
f 1024/1560 428/644 426/643
f 426/637 425/636 1024/1560
f 421/638 426/637 427/641
f 420/629 424/633 421/630
f 1023/1558 425/1557 424/635
f 424/633 423/632 1023/1558
f 4041/640 418/627 421/638
f 418/627 4041/640 412/7511
f 412/7511 414/621 418/627
f 411/618 414/621 412/619
f 1020/1555 1022/1552 1023/1553
f 1023/1553 1022/1552 3908/6524
f 3908/6524 1025/1559 1023/1553
f 1025/1559 3908/6524 3907/6523
f 3907/6523 3910/6528 1025/1559
f 1024/1556 1025/1559 3910/6528
f 3910/6528 1026/1561 1024/1556
f 1026/1561 3910/6528 1029/6527
f 1029/1566 1027/1565 1026/1561
f 3912/6531 1030/1567 1029/6527
f 1030/1567 3912/6531 3914/6533
f 3914/6533 4472/7510 1030/1567
f 4472/7510 3914/6533 1034/7512
f 1034/7512 3914/6533 3913/6532
f 1034/7512 1033/1573 4472/7510
f 441/1574 1033/1573 1034/1575
f 3913/6532 3918/6540 1034/7512
f 1034/7512 3918/6540 1036/7508
f 1036/7508 1035/1578 1034/7512
f 4136/6884 4130/6876 4129/6881
f 4128/6889 4130/6876 4136/6887
f 4127/6873 4130/6876 4128/6874
f 4301/7513 4300/7514 4376/7515
f 3999/7172 4300/7168 4301/7170
f 4376/7515 4304/7176 4301/7513
f 4304/7176 4376/7515 4375/7292
f 4298/7289 4376/7288 4300/7514
f 4300/7168 4299/7167 4298/7289
f 4298/7289 4374/7285 4375/7287
f 3996/7163 4297/7162 4298/7164
f 4298/7164 4297/7162 4373/7284
f 4375/7287 4374/7285 4428/7516
f 4296/7517 4373/7284 4297/7162
f 4297/7162 4294/7161 4296/7517
f 4428/7516 4379/7293 4375/7287
f 4373/7283 4296/7517 4370/7281
f 4370/7281 4296/7517 4292/7159
f 4374/7285 4373/7284 4372/7282
f 4372/7282 4428/7516 4374/7285
f 4379/7293 4428/7516 4427/7368
f 4428/7516 4372/7282 4426/7367
f 4426/7367 4372/7282 4370/7281
f 4427/7368 4430/7371 4379/7293
f 4377/7290 4379/7293 4430/7371
f 4430/7371 4382/7297 4377/7290
f 4382/7297 4430/7371 4432/7375
f 4432/7375 4384/7299 4382/7297
f 4384/7299 4432/7375 4433/7376
f 4433/7376 4386/7301 4384/7299
f 4388/7303 4386/7301 4433/7376
f 4433/7376 4436/7381 4388/7303
f 4388/7303 4436/7381 4394/7518
f 4394/7310 4390/7309 4388/7303
f 4395/7383 4394/7518 4436/7381
f 4392/7307 4394/7310 4395/7311
f 4390/7305 4393/7308 4391/7306
f 4407/7332 4393/7308 4392/7330
f 4391/7306 4393/7308 4407/7336
f 4370/7281 4371/7279 4426/7367
f 4426/7367 4371/7279 4423/7363
f 4421/7360 4423/7363 4371/7279
f 4371/7279 4369/7278 4421/7360
f 4370/7277 4295/7158 4369/7278
f 4421/7360 4369/7278 4368/7274
f 4295/7276 4291/7157 4368/7274
f 4368/7274 4367/7387 4421/7360
f 4366/7273 4367/7270 4368/7271
f 4368/7274 4291/7157 4288/7144
f 4288/7150 4290/7149 4368/7274
f 3110/5098 3111/5097 3113/5102
f 3113/5106 3114/5104 3116/5109
f 3113/5105 3111/5097 3082/5103
f 3114/5104 3082/5103 3081/5044
f 3081/6096 3117/6095 3114/5104
f 3078/5046 3082/5045 3111/5097
f 3111/5097 3083/5096 3078/5046
f 3078/5040 3080/5043 3081/5044
f 3081/5044 3080/5043 3704/6091
f 3704/6091 3080/5043 3076/5038
f 5231/7519 5229/7520 2751/7521
f 2751/7521 4473/7522 5231/7519
f 4474/7523 5231/7519 4473/7522
f 4473/7522 2754/7524 4474/7523
f 4475/7525 4474/7523 2754/7524
f 2754/7524 2756/7526 4475/7525
f 4476/7527 4475/7525 2756/7526
f 2756/7526 2758/7528 4476/7527
f 4477/7529 4476/7527 2758/7528
f 2758/7528 4478/7530 4477/7529
f 4479/7531 4477/7529 4478/7530
f 4478/7530 2761/7532 4479/7531
f 5168/7533 4479/7531 2761/7532
f 2761/7532 4480/7534 5168/7533
f 4481/7535 2751/7521 5229/7520
f 5229/7520 4482/7536 4481/7535
f 2748/7537 4481/7535 4482/7536
f 4482/7536 4483/7538 2748/7537
f 2746/7539 2748/7537 4483/7538
f 4483/7538 4484/7540 2746/7539
f 2744/7541 2746/7539 4484/7540
f 4484/7540 5220/7542 2744/7541
f 4485/7543 2744/7541 5220/7542
f 5220/7542 5216/7544 4485/7543
f 4486/7545 4485/7543 5216/7544
f 5216/7544 4487/7546 4486/7545
f 2736/7547 4486/7545 4487/7546
f 4487/7546 4488/7548 2736/7547
f 4489/7549 4490/7550 2736/7551
f 4491/7552 2737/7553 4490/7554
f 5196/7555 4492/7556 2737/7557
f 4493/7558 2740/7559 4492/7560
f 5193/7561 4494/7562 2740/7563
f 5191/7564 2462/7565 4494/7566
f 4495/7567 2464/7568 2462/7569
f 5188/7570 2466/7571 2464/7572
f 4496/7573 2468/7574 2466/7575
f 4497/7576 2470/7577 2468/7578
f 5184/7579 4498/7580 2470/7581
f 4499/7582 2473/7583 4498/7584
f 5179/7585 2475/7586 2473/7587
f 4500/7588 2477/7589 2475/7590
f 2475/7590 5179/7585 4500/7588
f 2473/7583 4499/7582 5179/7585
f 4498/7584 5184/7579 4499/7582
f 2470/7577 4497/7576 5184/7579
f 2468/7578 4496/7573 4497/7576
f 2466/7571 5188/7570 4496/7573
f 2464/7572 4495/7567 5188/7570
f 2462/7565 5191/7564 4495/7567
f 4494/7566 5193/7561 5191/7564
f 2740/7559 4493/7558 5193/7561
f 4492/7560 5196/7555 4493/7558
f 2737/7553 4491/7552 5196/7555
f 4490/7550 4489/7549 4491/7552
f 2736/7551 4488/7548 4489/7549
f 5143/7591 1633/7592 2477/7593
f 2477/7593 4500/7594 5143/7591
f 1633/7592 5143/7591 4501/7595
f 4501/7595 4502/7596 1633/7592
f 5140/7597 1630/7598 4502/7599
f 5138/7600 4503/7601 1630/7602
f 5136/7603 1627/7604 4503/7605
f 4504/7606 4505/7607 1627/7608
f 5133/7609 1624/7610 4505/7611
f 5131/7612 1622/7613 1624/7614
f 4506/7615 1621/7616 1622/7617
f 5128/7618 4507/7619 1621/7620
f 527/7621 4507/7619 5128/7618
f 5128/7618 4508/7622 527/7621
f 524/7623 527/7621 4508/7622
f 4508/7622 5127/7624 524/7623
f 4509/7625 524/7623 5127/7624
f 5127/7624 4510/7626 4509/7625
f 521/7627 4509/7625 4510/7626
f 4510/7626 5156/7628 521/7627
f 4511/7629 521/7627 5156/7628
f 5156/7628 5158/7630 4511/7629
f 518/7631 4511/7629 5158/7630
f 5158/7630 5160/7632 518/7631
f 4512/7633 518/7631 5160/7632
f 5160/7632 4513/7634 4512/7633
f 515/7635 4512/7633 4513/7634
f 4513/7634 5163/7636 515/7635
f 513/7637 515/7635 5163/7636
f 5163/7636 4514/7638 513/7637
f 4515/7639 513/7637 4514/7638
f 4514/7638 4516/7640 4515/7639
f 512/7641 4515/7639 4516/7640
f 4516/7640 5167/7642 512/7641
f 4480/7643 512/7641 5167/7642
f 5167/7642 5168/7644 4480/7643
f 1621/7616 4506/7615 5128/7618
f 1622/7613 5131/7612 4506/7615
f 1624/7610 5133/7609 5131/7612
f 4505/7607 4504/7606 5133/7609
f 1627/7604 5136/7603 4504/7606
f 4503/7601 5138/7600 5136/7603
f 1630/7602 5140/7597 5138/7600
f 4502/7596 4501/7595 5140/7597
f 4517/7645 4721/7646 4518/7647
f 4518/7647 4519/3545 4517/7645
f 4520/7648 4517/7645 4519/3545
f 4519/3545 4521/2800 4520/7648
f 4724/7649 4520/7648 4521/2800
f 4521/2800 1711/2799 4724/7649
f 4522/7650 4724/7649 1711/2799
f 1711/2805 1714/2804 4522/7650
f 4732/7651 4522/7650 1714/2804
f 1714/2804 4523/2806 4732/7651
f 4730/7652 4732/7651 4523/2806
f 4523/2810 1717/2809 4730/7652
f 4524/7653 4730/7652 1717/2809
f 1717/2809 1718/2811 4524/7653
f 4734/7654 4524/7653 1718/2811
f 1718/2815 4525/2814 4734/7654
f 4742/7655 4734/7654 4525/2814
f 4525/2814 1721/2816 4742/7655
f 4526/7656 4742/7655 1721/2816
f 1721/2816 4527/2819 4526/7656
f 4528/7657 4526/7656 4527/2819
f 4527/2819 4529/2821 4528/7657
f 4530/7658 4528/7657 4529/2821
f 4529/2821 1726/2824 4530/7658
f 4751/7659 4530/7658 1726/2824
f 1726/2824 4531/2826 4751/7659
f 4532/7660 4751/7659 4531/2826
f 4531/2830 4533/2829 4532/7660
f 4534/7661 4532/7660 4533/2829
f 4533/2829 1729/2831 4534/7661
f 4534/7661 1729/2831 4535/2896
f 4784/7662 4535/2894 1770/2893
f 4783/7663 1770/2891 4536/2890
f 4782/7664 4536/2888 1767/2887
f 4537/7665 1767/2885 1765/2884
f 4781/7666 1765/2882 1762/2878
f 4538/7667 1762/2878 1764/2881
f 4780/7668 1764/2881 1779/2907
f 4539/7669 1779/2907 1781/2909
f 4779/7670 1781/2909 1783/2911
f 4778/7671 1783/2911 1785/2913
f 4777/7672 1785/2913 1787/2915
f 4787/7673 1787/2915 4540/2917
f 4541/7674 4540/7675 4542/7676
f 4542/7676 5245/7677 4541/7674
f 4540/7675 4541/7674 4787/7673
f 1787/2915 4787/7673 4777/7672
f 1785/2913 4777/7672 4778/7671
f 1783/2911 4778/7671 4779/7670
f 1781/2909 4779/7670 4539/7669
f 1779/2907 4539/7669 4780/7668
f 1764/2881 4780/7668 4538/7667
f 1762/2878 4538/7667 4781/7666
f 1765/2884 4781/7666 4537/7665
f 1767/2885 4537/7665 4782/7664
f 4536/2890 4782/7664 4783/7663
f 1770/2891 4783/7663 4784/7662
f 4535/2896 4784/7662 4534/7661
f 4721/7678 4543/7679 4544/7680
f 4545/7681 2146/3540 4544/3539
f 4811/7682 2102/3463 2146/3537
f 2100/3464 2102/3463 4811/7682
f 4811/7682 4807/7683 2100/3464
f 4546/3461 2100/3460 4807/7683
f 4807/7683 4810/7684 4546/3461
f 2097/3455 4546/3457 4810/7684
f 4810/7684 4547/7685 2097/3455
f 4548/3456 2097/3455 4547/7685
f 4547/7685 4549/7686 4548/3456
f 2094/3451 4548/3450 4549/7686
f 4549/7686 4824/7687 2094/3451
f 4550/3553 2094/3451 4824/7687
f 4824/7687 4551/7688 4550/3553
f 1800/3554 4550/3553 4551/7688
f 4551/7688 4552/7689 1800/3554
f 2146/3537 4545/7681 4811/7682
f 4544/7680 4543/7679 4545/7681
f 4544/3539 4518/3541 4721/7678
f 1801/2936 1800/2935 4552/7690
f 4552/7690 4801/7691 1801/2936
f 4798/7692 1802/2939 1801/2938
f 4796/7693 4553/2926 1802/3631
f 4554/7694 1793/2924 4553/2926
f 4806/7695 1791/2922 1793/2924
f 5245/7677 4542/2918 1791/2922
f 1791/2922 4806/7695 5245/7677
f 1793/2924 4554/7694 4806/7695
f 4553/2926 4796/7693 4554/7694
f 1802/2939 4798/7692 4796/7693
f 1801/2936 4801/7691 4798/7692
f 4611/7696 4555/7014 4556/7013
f 4556/7013 4612/7697 4611/7696
f 4164/6939 4555/6940 4611/7696
f 4611/7696 4557/7698 4164/6939
f 4616/7699 4558/6936 4164/6939
f 4559/6930 4558/6931 4616/7699
f 4616/7699 4615/7700 4559/6930
f 4560/7701 4561/6927 4559/6930
f 4562/6921 4561/6922 4560/7701
f 4560/7701 4619/7702 4562/6921
f 4623/7703 4151/6918 4562/6921
f 4563/6912 4151/6913 4623/7703
f 4623/7703 4622/7704 4563/6912
f 4564/7705 4565/6909 4563/6912
f 4146/6903 4565/6904 4564/7705
f 4564/7705 4566/7706 4146/6903
f 4567/7707 4141/6900 4146/6903
f 4140/6894 4141/6895 4567/7707
f 4567/7707 4628/7708 4140/6894
f 4631/7709 4568/6891 4140/6894
f 4569/6888 4568/6890 4631/7709
f 4631/7709 4570/7710 4569/6888
f 4128/6889 4569/6888 4570/7710
f 4570/7710 4634/7711 4128/6889
f 4571/6872 4128/6874 4634/7711
f 4634/7711 4572/7712 4571/6872
f 4125/6870 4571/6872 4572/7712
f 4572/7712 4573/7713 4125/6870
f 4123/6868 4125/6870 4573/7713
f 4573/7713 4574/7714 4123/6868
f 4121/6866 4123/6868 4574/7714
f 4574/7714 4575/7715 4121/6866
f 4119/6864 4121/6866 4575/7715
f 4575/7715 4646/7716 4119/6864
f 4117/6862 4119/6864 4646/7716
f 4646/7716 4648/7717 4117/6862
f 4576/6858 4117/6862 4648/7717
f 4648/7717 4577/7718 4576/6858
f 4578/6859 4576/6858 4577/7718
f 4577/7718 4656/7719 4578/6859
f 4107/6842 4578/6841 4656/7719
f 4656/7719 4579/7720 4107/6842
f 4580/6845 4107/6842 4579/7720
f 4579/7720 4581/7721 4580/6845
f 4109/6847 4580/6846 4581/7721
f 4581/7721 4661/7722 4109/6847
f 4111/6850 4109/6847 4661/7722
f 4661/7722 4662/7723 4111/6850
f 4582/6852 4111/6850 4662/7723
f 4662/7723 4583/7724 4582/6852
f 4584/6854 4582/6852 4583/7724
f 4583/7724 4667/7725 4584/6854
f 4585/6856 4584/6854 4667/7725
f 4667/7725 4681/7726 4585/6856
f 4059/7490 4585/6856 4681/7726
f 4681/7726 4586/7727 4059/7490
f 4060/6761 4059/6760 4586/7727
f 4586/7727 4674/7728 4060/6761
f 4062/6764 4060/6761 4674/7728
f 4674/7728 4587/7729 4062/6764
f 4471/7492 4062/6764 4587/7729
f 4587/7729 4588/7730 4471/7492
f 4589/7494 4471/7493 4588/7730
f 4588/7730 4592/7731 4589/7494
f 4164/6939 4557/7698 4616/7699
f 4559/6930 4615/7700 4560/7701
f 4562/6921 4619/7702 4623/7703
f 4563/6912 4622/7704 4564/7705
f 4146/6903 4566/7706 4567/7707
f 4140/6894 4628/7708 4631/7709
f 4590/7732 4591/7020 4589/7023
f 4589/7023 4592/7733 4590/7732
f 4198/6983 4591/7019 4590/7732
f 4590/7732 4593/7734 4198/6983
f 4594/7735 4595/6980 4198/6983
f 4200/6985 4595/6980 4594/7735
f 4594/7735 4703/7736 4200/6985
f 4696/7737 4596/6986 4200/6985
f 4208/6998 4596/6997 4696/7737
f 4696/7737 4695/7738 4208/6998
f 4597/7001 4208/6998 4695/7738
f 4695/7738 4609/7739 4597/7001
f 4598/7017 4597/7027 4609/7739
f 4609/7739 4599/7740 4598/7017
f 4214/7018 4598/7017 4599/7740
f 4599/7740 4610/7741 4214/7018
f 4200/6985 4703/7736 4696/7737
f 4198/6983 4593/7734 4594/7735
f 4214/7018 4610/7741 4612/7742
f 4612/7742 4556/7013 4214/7018
f 4600/7743 4601/7744 4602/7745
f 4602/7745 4603/7746 4600/7743
f 4600/7743 4603/7746 4604/7747
f 4604/7747 4605/7748 4600/7743
f 4606/7749 4607/7750 4605/7751
f 4607/7750 4606/7749 4608/7752
f 4609/7753 4608/7752 4606/7749
f 4599/7754 4606/7755 4604/7756
f 4610/7757 4604/7747 4603/7746
f 4611/7758 4612/7759 4603/7760
f 4557/7761 4611/7762 4602/7763
f 4602/7763 4613/7764 4557/7761
f 4557/7761 4613/7764 4614/7765
f 4615/7766 4616/7767 4614/7768
f 4614/7768 4617/7769 4615/7766
f 4615/7766 4617/7769 4618/7770
f 4619/7771 4560/7772 4618/7773
f 4618/7773 4620/7774 4619/7771
f 4619/7771 4620/7774 4621/7775
f 4622/7776 4623/7777 4621/7778
f 4621/7778 4624/7779 4622/7776
f 4622/7776 4624/7779 4625/7780
f 4566/7781 4564/7782 4625/7783
f 4625/7783 4626/7784 4566/7781
f 4566/7781 4626/7784 4627/7785
f 4628/7786 4567/7787 4627/7788
f 4627/7788 4629/7789 4628/7786
f 4628/7786 4629/7789 4630/7790
f 4570/7791 4631/7792 4630/7793
f 4630/7793 4632/7794 4570/7791
f 4633/7795 4634/7796 4570/7797
f 4572/7798 4634/7796 4633/7795
f 4635/7799 4636/7800 4633/7801
f 4633/7801 4637/7802 4635/7799
f 4635/7803 4638/7804 4639/7805
f 4640/7806 4639/7805 4638/7804
f 4638/7804 4641/7807 4640/7806
f 4642/7808 4640/7806 4641/7807
f 4641/7807 4643/7809 4642/7808
f 4644/7810 4645/7811 4642/7812
f 4642/7812 4645/7811 4646/7813
f 4647/7814 4648/7815 4646/7816
f 4646/7813 4575/7817 4642/7812
f 4642/7812 4575/7817 4574/7818
f 4640/7819 4574/7820 4573/7821
f 4577/7822 4648/7815 4647/7814
f 4649/7823 4650/7824 4647/7825
f 4647/7825 4651/7826 4649/7823
f 4652/7827 4650/7824 4649/7823
f 4649/7823 4653/7828 4652/7827
f 4654/7829 4655/7830 4652/7831
f 4652/7831 4655/7830 4579/7832
f 4579/7832 4656/7833 4652/7831
f 4581/7834 4579/7832 4655/7830
f 4657/7835 4658/7836 4655/7837
f 4659/7838 4658/7836 4657/7835
f 4657/7835 4660/7839 4659/7838
f 4658/7836 4659/7838 4661/7840
f 4662/7841 4661/7840 4659/7838
f 4659/7838 4660/7839 4663/7842
f 4663/7842 4664/7843 4659/7838
f 4664/7843 4663/7842 4665/7844
f 4665/7844 4666/7845 4664/7843
f 4664/7843 4666/7845 4583/7846
f 4667/7847 4583/7846 4666/7845
f 4666/7845 4665/7844 4668/7848
f 4669/7849 4668/7850 4670/7851
f 4671/7852 4672/7853 4670/7854
f 4670/7854 4673/7855 4671/7852
f 4674/7856 4586/7857 4671/7858
f 4671/7858 4675/7859 4674/7856
f 4674/7856 4675/7859 4676/7860
f 4587/7861 4676/7862 4677/7863
f 4592/7864 4588/7865 4677/7866
f 4677/7866 4711/7867 4592/7864
f 4712/7868 4711/7867 4677/7866
f 4677/7866 4678/7869 4712/7868
f 4679/7870 4678/7869 4677/7866
f 4675/7871 4680/7872 4679/7873
f 4671/7858 4586/7857 4681/7874
f 4677/7866 4588/7865 4587/7861
f 4676/7860 4587/7861 4674/7856
f 4677/7866 4676/7862 4679/7870
f 4679/7870 4676/7862 4675/7871
f 4680/7872 4675/7871 4671/7858
f 4671/7858 4673/7855 4680/7872
f 4681/7874 4672/7853 4671/7858
f 4670/7854 4672/7853 4669/7849
f 4669/7849 4672/7853 4681/7874
f 4681/7874 4667/7875 4669/7849
f 4666/7845 4669/7849 4667/7847
f 4668/7848 4669/7849 4666/7845
f 4583/7846 4662/7876 4664/7843
f 4659/7838 4664/7843 4662/7841
f 4661/7840 4581/7877 4658/7836
f 4655/7837 4658/7836 4581/7834
f 4655/7830 4654/7829 4657/7835
f 4652/7827 4653/7828 4654/7829
f 4652/7831 4656/7833 4577/7878
f 4577/7878 4650/7824 4652/7831
f 4647/7825 4650/7824 4577/7822
f 4646/7816 4645/7811 4647/7814
f 4647/7814 4645/7811 4644/7810
f 4644/7810 4651/7826 4647/7814
f 4642/7808 4643/7809 4644/7810
f 4574/7818 4640/7819 4642/7812
f 4573/7821 4639/7805 4640/7819
f 4636/7879 4639/7805 4573/7821
f 4639/7805 4636/7879 4635/7803
f 4573/7821 4572/7880 4636/7879
f 4633/7801 4636/7800 4572/7798
f 4633/7881 4632/7882 4682/7883
f 4683/7884 4682/7883 4632/7882
f 4684/7885 4683/7886 4630/7887
f 4685/7888 4684/7889 4629/7890
f 4686/7891 4685/7892 4627/7893
f 4687/7894 4686/7895 4626/7896
f 4688/7897 4687/7898 4625/7899
f 4689/7900 4688/7901 4624/7902
f 4690/7903 4689/7904 4621/7905
f 4691/7906 4690/7907 4620/7908
f 4692/7909 4691/7910 4618/7911
f 4693/7912 4692/7913 4617/7914
f 4613/7915 4694/7916 4693/7917
f 4618/7770 4617/7769 4692/7909
f 4620/7774 4618/7773 4691/7906
f 4621/7775 4620/7774 4690/7903
f 4618/7770 4560/7772 4615/7766
f 4624/7779 4621/7778 4689/7900
f 4625/7780 4624/7779 4688/7897
f 4621/7778 4623/7777 4619/7771
f 4626/7896 4625/7783 4687/7894
f 4625/7780 4564/7782 4622/7776
f 4627/7893 4626/7784 4686/7891
f 4627/7785 4567/7787 4566/7781
f 4629/7890 4627/7788 4685/7888
f 4630/7887 4629/7789 4684/7885
f 4630/7790 4631/7792 4628/7786
f 4632/7882 4630/7793 4683/7884
f 4570/7797 4632/7794 4633/7795
f 4682/7883 4637/7802 4633/7881
f 4695/7918 4696/7919 4697/7920
f 4697/7920 4698/7921 4695/7918
f 4699/7922 4700/7923 4698/7924
f 4701/7925 4608/7926 4698/7927
f 4702/7928 4699/7929 4697/7930
f 4703/7931 4704/7932 4697/7933
f 4705/7934 4704/7932 4703/7931
f 4703/7931 4594/7935 4705/7934
f 4593/7936 4706/7937 4705/7938
f 4707/7939 4708/7940 4705/7941
f 4709/7942 4707/7943 4706/7944
f 4710/7945 4706/7937 4593/7936
f 4593/7936 4590/7946 4710/7945
f 4592/7947 4711/7948 4710/7949
f 4711/7950 4712/7951 4709/7952
f 4710/7945 4590/7946 4592/7947
f 4709/7952 4710/7949 4711/7950
f 4706/7937 4710/7945 4709/7942
f 4705/7938 4706/7937 4707/7939
f 4705/7934 4594/7935 4593/7936
f 4704/7932 4705/7934 4708/7940
f 4708/7940 4702/7953 4704/7932
f 4697/7933 4704/7932 4702/7928
f 4697/7920 4696/7919 4703/7931
f 4698/7924 4697/7920 4699/7922
f 4698/7924 4700/7923 4701/7925
f 4608/7926 4701/7925 4607/7750
f 4695/7918 4698/7921 4608/7926
f 4608/7926 4609/7753 4695/7918
f 4606/7749 4599/7754 4609/7753
f 4605/7751 4604/7747 4606/7749
f 4604/7747 4610/7757 4599/7754
f 4603/7760 4612/7759 4610/7757
f 4603/7760 4602/7745 4611/7758
f 4613/7764 4602/7763 4601/7744
f 4601/7744 4694/7916 4613/7764
f 4693/7917 4614/7765 4613/7915
f 4617/7769 4614/7768 4693/7912
f 4614/7768 4616/7767 4557/7761
f 4713/7954 4714/7955 4715/7956
f 4715/7956 4716/7957 4713/7954
f 4713/7958 4717/7959 4718/7960
f 4719/7961 4718/7960 4717/7959
f 4717/7959 4720/7962 4719/7961
f 4718/7960 4719/7961 4545/7963
f 4545/7963 4543/7964 4718/7960
f 4543/7965 4721/7966 4714/7967
f 4517/7968 4715/7956 4714/7955
f 4520/7969 4722/7970 4715/7971
f 4723/7972 4722/7970 4520/7969
f 4520/7969 4724/7973 4723/7972
f 4522/7974 4725/7975 4723/7976
f 4722/7970 4723/7972 4726/7977
f 4726/7977 4727/7978 4722/7970
f 4725/7979 4728/7980 4726/7981
f 4728/7980 4725/7979 4729/7982
f 4730/7983 4731/7984 4729/7985
f 4729/7985 4732/7986 4730/7983
f 4730/7987 4524/7988 4733/7989
f 4734/7990 4735/7991 4733/7992
f 4736/7993 4731/7994 4733/7995
f 4733/7995 4737/7996 4736/7993
f 4731/7994 4736/7993 4738/7997
f 4735/7998 4739/7999 4737/8000
f 4739/7999 4735/7998 4740/8001
f 4526/8002 4741/8003 4740/8004
f 4740/8004 4742/8005 4526/8002
f 4526/8006 4528/8007 4743/8008
f 4530/8009 4744/8010 4743/8011
f 4745/8012 4741/8013 4743/8014
f 4743/8014 4746/8015 4745/8012
f 4741/8013 4745/8012 4747/8016
f 4744/8017 4748/8018 4746/8019
f 4748/8018 4744/8017 4749/8020
f 4532/8021 4750/8022 4749/8023
f 4749/8023 4751/8024 4532/8021
f 4752/8025 4750/8022 4532/8021
f 4532/8021 4534/8026 4752/8025
f 4753/8027 4754/8028 4752/8029
f 4752/8029 4755/8030 4753/8027
f 4753/8027 4755/8030 4756/8031
f 4756/8031 4757/8032 4753/8027
f 4758/8033 4759/8034 4757/8035
f 4760/8036 4761/8037 4759/8038
f 4762/8039 4761/8037 4760/8036
f 4760/8036 4763/8040 4762/8039
f 4764/8041 4765/8042 4762/8043
f 4766/8044 4765/8042 4764/8041
f 4764/8041 4767/8045 4766/8044
f 4768/8046 4769/8047 4766/8048
f 4770/8049 4769/8047 4768/8046
f 4768/8046 4771/8050 4770/8049
f 4772/8051 4770/8049 4771/8050
f 4771/8050 4773/8052 4772/8051
f 4772/8051 4773/8052 4774/8053
f 4774/8053 4775/8054 4772/8051
f 4776/8055 4775/8054 4774/8053
f 4777/8056 4774/8053 4773/8052
f 4778/8057 4773/8052 4771/8050
f 4779/8058 4771/8050 4768/8046
f 4768/8046 4539/8059 4779/8058
f 4780/8060 4539/8059 4768/8046
f 4764/8061 4538/8062 4780/8063
f 4781/8064 4538/8062 4764/8061
f 4760/8065 4537/8066 4781/8067
f 4782/8068 4537/8066 4760/8065
f 4783/8069 4782/8070 4758/8071
f 4755/8072 4784/8073 4783/8074
f 4774/8053 4785/8075 4776/8055
f 4786/8076 4776/8055 4785/8075
f 4787/8077 4785/8075 4774/8053
f 4785/8075 4788/8078 4786/8076
f 4789/8079 4786/8076 4788/8078
f 4541/8080 4788/8078 4785/8075
f 4788/8078 4790/8081 4789/8079
f 4791/8082 4789/8079 4790/8081
f 4790/8081 4792/8083 4791/8082
f 4793/8084 4794/8085 4791/8086
f 4795/8087 4794/8085 4793/8084
f 4796/8088 4797/8089 4793/8090
f 4793/8090 4554/8091 4796/8088
f 4796/8092 4798/8093 4799/8094
f 4800/8095 4799/8094 4798/8093
f 4798/8093 4801/8096 4800/8095
f 4552/8097 4802/8098 4800/8099
f 4800/8099 4802/8098 4803/8100
f 4803/8100 4804/8101 4800/8099
f 4800/8099 4804/8101 4805/8102
f 4806/8103 4554/8091 4793/8090
f 4790/8104 5245/8105 4806/8106
f 4800/8095 4801/8096 4552/8097
f 4805/8102 4799/8094 4800/8099
f 5245/8105 4790/8104 4788/8078
f 4788/8078 4541/8080 5245/8105
f 4806/8106 4792/8083 4790/8104
f 4793/8090 4792/8083 4806/8103
f 4791/8086 4792/8083 4793/8084
f 4785/8075 4787/8077 4541/8080
f 4774/8053 4777/8056 4787/8077
f 4773/8052 4778/8057 4777/8056
f 4771/8050 4779/8058 4778/8057
f 4793/8084 4797/8089 4795/8087
f 4805/8107 4795/8087 4797/8089
f 4797/8089 4799/8094 4805/8107
f 4799/8094 4797/8089 4796/8092
f 4807/8108 4808/8109 4809/8110
f 4809/8110 4810/8111 4807/8108
f 4807/8112 4811/8113 4812/8114
f 4813/8115 4808/8116 4812/8117
f 4812/8117 4814/8118 4813/8115
f 4808/8116 4813/8115 4815/8119
f 4809/8120 4815/8121 4816/8122
f 4817/8123 4816/8124 4818/8125
f 4819/8126 4818/8127 4820/8128
f 4821/8129 4820/8130 4822/8131
f 4822/8131 4823/8132 4821/8129
f 4824/8133 4821/8129 4823/8132
f 4823/8132 4551/8134 4824/8133
f 4824/8135 4549/8136 4819/8137
f 4547/8138 4817/8139 4819/8140
f 4552/8141 4551/8134 4823/8132
f 4823/8132 4802/8142 4552/8141
f 4822/8143 4825/8144 4802/8145
f 4802/8142 4823/8132 4822/8143
f 4819/8137 4821/8129 4824/8135
f 4820/8128 4821/8129 4819/8126
f 4818/8127 4819/8126 4817/8123
f 4819/8137 4549/8136 4547/8138
f 4816/8124 4817/8123 4809/8120
f 4809/8120 4817/8123 4547/8138
f 4547/8138 4810/8111 4809/8120
f 4815/8121 4809/8120 4808/8116
f 4812/8114 4808/8116 4807/8112
f 4720/8146 4814/8118 4812/8117
f 4812/8117 4719/7961 4720/8146
f 4719/7961 4812/8117 4811/8113
f 4811/8113 4545/7963 4719/7961
f 4752/8029 4754/8028 4826/8147
f 4750/8148 4826/8149 4827/8150
f 4826/8149 4750/8148 4752/8029
f 4827/8150 4749/8023 4750/8148
f 4749/8023 4827/8150 4748/8018
f 4752/8025 4534/8026 4784/8151
f 4784/8151 4755/8072 4752/8025
f 4530/8152 4751/8024 4749/8023
f 4749/8020 4744/8017 4530/8152
f 4743/8011 4528/8007 4530/8009
f 4746/8015 4743/8014 4744/8017
f 4743/8014 4741/8013 4526/8006
f 4783/8074 4756/8031 4755/8072
f 4758/8071 4756/8031 4783/8069
f 4757/8035 4756/8031 4758/8033
f 4759/8038 4758/8033 4760/8036
f 4760/8036 4758/8033 4782/8068
f 4781/8067 4763/8040 4760/8065
f 4764/8061 4763/8040 4781/8064
f 4762/8039 4763/8040 4764/8041
f 4780/8063 4767/8045 4764/8061
f 4768/8046 4767/8045 4780/8060
f 4766/8044 4767/8045 4768/8046
f 4747/8016 4740/8004 4741/8013
f 4740/8004 4747/8016 4739/7999
f 4734/8153 4742/8005 4740/8004
f 4740/8001 4735/7998 4734/8153
f 4733/7992 4524/7988 4734/7990
f 4737/8000 4733/7995 4735/7998
f 4733/7989 4731/7994 4730/7987
f 4738/7997 4729/7985 4731/7994
f 4729/7982 4738/7997 4728/7980
f 4522/8154 4732/7986 4729/7985
f 4729/7982 4725/7979 4522/8154
f 4723/7972 4724/7973 4522/7974
f 4726/7977 4723/7972 4725/7979
f 4715/7956 4517/7968 4520/7969
f 4714/7967 4721/7966 4517/7968
f 4716/7957 4715/7956 4722/7970
f 4722/7970 4727/7978 4716/7957
f 4718/7960 4714/7955 4713/7958
f 4714/7955 4718/7960 4543/7965
f 4828/8155 4829/8156 4830/8157
f 4830/8157 4831/8158 4828/8155
f 4828/8155 4831/8158 4832/8159
f 4832/8159 4833/8160 4828/8155
f 4834/8161 4833/8160 4832/8159
f 4832/8159 4831/8158 4835/8162
f 4835/8162 4836/8163 4832/8159
f 4832/8159 4837/8164 4834/8161
f 4838/8165 4834/8161 4837/8164
f 4839/8166 4837/8164 4832/8159
f 4840/8167 4837/8164 4839/8166
f 4839/8168 4836/8169 4841/8170
f 4841/8170 4842/8171 4839/8168
f 4839/8166 4843/8172 4840/8167
f 4838/8173 4840/8174 4844/8175
f 4844/8175 4845/8176 4838/8173
f 4846/8177 4845/8176 4844/8175
f 4843/8178 4847/8179 4844/8180
f 4844/8175 4848/8181 4846/8177
f 4849/8182 4850/8183 4846/8184
f 4851/8185 4850/8183 4849/8182
f 4852/8186 4853/8187 4849/8188
f 4854/8189 4849/8188 4853/8187
f 4855/8190 4853/8187 4852/8186
f 4852/8191 4847/8192 4856/8193
f 4857/8194 4856/8193 4847/8192
f 3812/8195 4856/8193 4857/8194
f 4857/8196 4842/8197 4858/8198
f 4858/8198 4859/8199 4857/8196
f 3902/8200 4858/8198 4842/8197
f 3902/8201 4841/8202 4860/8203
f 4860/8203 4861/8204 3902/8201
f 4862/8205 4861/8204 4860/8203
f 4860/8203 4863/8206 4862/8205
f 4864/8207 4865/8208 4862/8209
f 4866/8210 3899/8211 4865/8212
f 4867/8213 4868/8214 3899/8215
f 4869/8216 3896/8217 4868/8218
f 4870/8219 3895/8220 3896/8221
f 4871/8222 3895/8220 4870/8219
f 4872/8223 4873/8224 4870/8225
f 4870/8225 4874/8226 4872/8223
f 4875/8227 4876/8228 4872/8229
f 4872/8229 4877/8230 4875/8227
f 4878/8231 4879/8232 4875/8233
f 4875/8233 4880/8234 4878/8231
f 4878/8235 4881/8236 4882/8237
f 4883/8238 4882/8239 4884/8240
f 4884/8240 5049/8241 4883/8238
f 4885/8242 4886/8243 4883/8244
f 4883/8244 4887/8245 4885/8242
f 4888/8246 4885/8247 3891/8248
f 3891/8248 4889/8249 4888/8246
f 4890/8250 3891/8248 4885/8247
f 5051/8251 3889/8252 4890/8253
f 4881/8254 4891/8255 4884/8256
f 4892/8257 4880/8234 4875/8233
f 4893/8258 4892/8259 4877/8260
f 4894/8261 4877/8230 4872/8229
f 4895/8262 4894/8263 4874/8264
f 4896/8265 4874/8226 4870/8225
f 4897/8266 4896/8267 4869/8268
f 4898/8269 4897/8270 4867/8271
f 4897/8272 4899/8273 4895/8274
f 4895/8275 4900/8276 4893/8277
f 4901/8278 4900/8276 4895/8275
f 4902/8279 4901/8280 4899/8281
f 4899/8281 4903/8282 4902/8279
f 4904/8283 4905/8284 4902/8285
f 4906/8286 4830/8287 4904/8288
f 4904/8288 4907/8289 4906/8286
f 4895/8275 4899/8273 4901/8278
f 4902/8285 4903/8282 4904/8283
f 4903/8282 4899/8281 4897/8272
f 4829/8290 4905/8284 4904/8283
f 4904/8288 4830/8287 4829/8290
f 4904/8283 4903/8282 4898/8291
f 4897/8270 4898/8269 4903/8282
f 4898/8291 4907/8289 4904/8283
f 4895/8274 4896/8267 4897/8272
f 4874/8264 4896/8265 4895/8262
f 4893/8277 4894/8263 4895/8275
f 4877/8260 4894/8261 4893/8258
f 4872/8229 4874/8226 4894/8261
f 4875/8233 4877/8230 4892/8257
f 4884/8256 4882/8239 4881/8254
f 4882/8237 4879/8232 4878/8235
f 4879/8232 4882/8237 4883/8238
f 4875/8233 4879/8232 4886/8292
f 4883/8238 4886/8243 4879/8232
f 4886/8292 4876/8228 4875/8233
f 4883/8238 5049/8241 5051/8293
f 5051/8293 4887/8245 4883/8238
f 4890/8253 4887/8245 5051/8251
f 4885/8247 4887/8245 4890/8250
f 4886/8243 4885/8242 4888/8246
f 4888/8246 4876/8228 4886/8243
f 4872/8229 4876/8228 4888/8246
f 4888/8246 4873/8224 4872/8229
f 4871/8294 4873/8224 4888/8246
f 4888/8246 4889/8249 4871/8294
f 4870/8219 4873/8224 4871/8222
f 4870/8225 4869/8268 4896/8265
f 3896/8221 4869/8216 4870/8219
f 4869/8268 4867/8271 4897/8266
f 4868/8218 4867/8213 4869/8216
f 3899/8211 4866/8210 4867/8213
f 4867/8271 4866/8210 4898/8269
f 4907/8289 4898/8291 4866/8210
f 4866/8210 4864/8295 4907/8289
f 4865/8208 4864/8207 4866/8210
f 4906/8286 4907/8289 4864/8295
f 4862/8205 4863/8206 4864/8207
f 4864/8207 4863/8206 4906/8286
f 4906/8286 4863/8206 4860/8203
f 4831/8158 4830/8157 4906/8286
f 4906/8286 4835/8162 4831/8158
f 4860/8203 4835/8162 4906/8286
f 4836/8163 4835/8162 4860/8203
f 4860/8203 4841/8202 4836/8163
f 4842/8171 4841/8170 3902/8200
f 4832/8159 4836/8163 4839/8166
f 4839/8168 4842/8171 4857/8196
f 4857/8196 4843/8172 4839/8168
f 4847/8192 4843/8178 4857/8194
f 4857/8196 4859/8199 3812/8195
f 3812/8296 4908/8297 4909/8298
f 4908/8299 3815/8300 4855/8301
f 4855/8302 4910/8303 4911/8304
f 4912/8305 4913/8306 4911/8307
f 4913/8308 4914/8309 4854/8310
f 4914/8311 4915/8312 4851/8313
f 4916/8314 4915/8312 4914/8311
f 4917/8315 4914/8309 4913/8308
f 4918/8316 4913/8306 4912/8305
f 3818/8317 4912/8318 4910/8319
f 4910/8319 3816/8320 3818/8317
f 3818/8321 3819/8322 4919/8323
f 4918/8324 4919/8325 4920/8326
f 4921/8327 4922/8328 4920/8329
f 4920/8329 4923/8330 4921/8327
f 4924/8331 4925/8332 4921/8333
f 4921/8333 4926/8334 4924/8331
f 4927/8335 4928/8336 4924/8337
f 4924/8337 4929/8338 4927/8335
f 4927/8335 4929/8338 4930/8339
f 4931/8340 4930/8341 4932/8342
f 4933/8343 4934/8344 4932/8345
f 4932/8345 4935/8346 4933/8343
f 4933/8343 4935/8346 4936/8347
f 4936/8347 4937/8348 4933/8343
f 4938/8349 4939/8350 4937/8351
f 4940/8352 4939/8350 4938/8349
f 4941/8353 4942/8354 4938/8355
f 4938/8355 4942/8354 4943/8356
f 4943/8356 4944/8357 4938/8355
f 4940/8358 4944/8359 4945/8360
f 4945/8360 4946/8361 4940/8358
f 4947/8362 4948/8363 4946/8364
f 4949/8365 4948/8363 4947/8362
f 4950/8366 4951/8367 4947/8368
f 4947/8368 4951/8367 4952/8369
f 4953/8370 4952/8371 4954/8372
f 4955/8373 4956/8374 4954/8375
f 4954/8375 4957/8376 4955/8373
f 4958/8377 4959/8378 4955/8379
f 4955/8379 4960/8380 4958/8377
f 4958/8377 4960/8380 4961/8381
f 4961/8381 4962/8382 4958/8377
f 5093/8383 4963/8384 4962/8385
f 4964/8386 4965/8387 5093/8388
f 5097/8389 4965/8387 4964/8386
f 4966/8390 4967/8391 4964/8392
f 4964/8392 4968/8393 4966/8390
f 3834/8394 4966/8395 4969/8396
f 4954/8397 4970/8398 4969/8399
f 4969/8396 3833/8400 3834/8394
f 4966/8395 3834/8394 3835/8401
f 3835/8402 4971/8403 5097/8404
f 4972/8405 3833/8400 4969/8396
f 4973/8406 4974/8407 4972/8408
f 3830/8409 4974/8407 4973/8406
f 4951/8410 4975/8411 4973/8412
f 4950/8413 4976/8414 4975/8415
f 4975/8415 4976/8414 3828/8416
f 3827/8417 3828/8416 4976/8414
f 4943/8418 4977/8419 4976/8420
f 4942/8421 4978/8422 4977/8423
f 4977/8423 4978/8422 3826/8424
f 3825/8425 3826/8424 4978/8422
f 4941/8426 4979/8427 4978/8428
f 3825/8429 4979/8430 4980/8431
f 3824/8432 4981/8433 4980/8434
f 4980/8434 4982/8435 3824/8432
f 3824/8432 4982/8435 4983/8436
f 4984/8437 4983/8436 4982/8435
f 4982/8435 4985/8438 4984/8437
f 4929/8439 4986/8440 4984/8441
f 4984/8441 4986/8440 4987/8442
f 4987/8443 4988/8444 3822/8445
f 3821/8446 4988/8444 4987/8443
f 4926/8447 4989/8448 4987/8449
f 4923/8450 4990/8451 3821/8452
f 4920/8453 4991/8454 4990/8455
f 4932/8456 4985/8457 4992/8458
f 4990/8455 4923/8450 4920/8453
f 3819/8459 4991/8454 4920/8453
f 3821/8452 4989/8460 4923/8450
f 4920/8326 4919/8325 3819/8459
f 4987/8449 4989/8448 3821/8446
f 4921/8327 4923/8330 4989/8460
f 4921/8333 4925/8332 4993/8461
f 4993/8461 4925/8332 4994/8462
f 4994/8462 4995/8463 4993/8461
f 4989/8460 4926/8447 4921/8327
f 4994/8462 4925/8332 4924/8331
f 4924/8337 4928/8336 4994/8462
f 4924/8331 4926/8334 4986/8464
f 4987/8442 4986/8440 4926/8447
f 4986/8440 4929/8439 4924/8331
f 4993/8461 4995/8463 4916/8465
f 4993/8461 4922/8328 4921/8333
f 4916/8465 4917/8466 4993/8461
f 4922/8328 4993/8461 4917/8466
f 4914/8309 4917/8315 4916/8314
f 4920/8326 4922/8328 4918/8324
f 4917/8466 4918/8324 4922/8328
f 4913/8308 4918/8316 4917/8315
f 4912/8305 4919/8325 4918/8316
f 4919/8325 4912/8305 3818/8321
f 4911/8304 4910/8303 4912/8305
f 4854/8310 4911/8307 4913/8308
f 4851/8313 4854/8310 4914/8311
f 4849/8188 4854/8189 4851/8185
f 4853/8187 4911/8307 4854/8189
f 4911/8307 4853/8187 4855/8302
f 3816/8320 4910/8319 4855/8302
f 4855/8301 3815/8300 3816/8320
f 4846/8184 4848/8181 4849/8182
f 4849/8188 4848/8181 4852/8186
f 4852/8186 4848/8181 4844/8175
f 4844/8175 4847/8179 4852/8186
f 4844/8180 4840/8174 4843/8178
f 4837/8164 4840/8167 4838/8165
f 4852/8186 4909/8467 4855/8190
f 4855/8301 4909/8467 4908/8299
f 4856/8193 4909/8467 4852/8191
f 4909/8467 4856/8193 3812/8296
f 4996/8468 4997/8469 4998/8470
f 4998/8470 4999/8471 4996/8468
f 4996/8472 5000/8473 5001/8474
f 4997/8475 5001/8476 5002/8477
f 5002/8477 5003/8478 4997/8475
f 4997/8475 5003/8478 5004/8479
f 5005/8480 5004/8479 5003/8478
f 5003/8478 5006/8481 5005/8480
f 3859/8482 5005/8480 5006/8481
f 5006/8481 3860/8483 3859/8482
f 5007/8484 5005/8480 3859/8482
f 3859/8482 5008/8485 5007/8484
f 5009/8486 5010/8487 5007/8488
f 5007/8488 5011/8489 5009/8486
f 5012/8490 5013/8491 5009/8492
f 5009/8493 5014/8494 5015/8495
f 5015/8496 5016/8497 4999/8498
f 5017/8499 5016/8497 5015/8496
f 5018/8500 5017/8501 5014/8502
f 5014/8502 5019/8503 5018/8500
f 5018/8500 5019/8503 5020/8504
f 5020/8504 5021/8505 5018/8500
f 5022/8506 5021/8505 5020/8504
f 5013/8507 5023/8508 5020/8509
f 5020/8504 5024/8510 5022/8506
f 5025/8511 5022/8506 5024/8510
f 5024/8510 5026/8512 5025/8511
f 5027/8513 5028/8514 5025/8515
f 5029/8516 5028/8514 5027/8513
f 5030/8517 5031/8518 5027/8519
f 5027/8519 5032/8520 5030/8517
f 5033/8521 5034/8522 5030/8523
f 5030/8523 5035/8524 5033/8521
f 5036/8525 5033/8526 3887/8527
f 3887/8527 3888/8528 5036/8525
f 5037/8529 5038/8530 5036/8531
f 5036/8531 5039/8532 5037/8529
f 5040/8533 5038/8530 5037/8529
f 5037/8529 5041/8534 5040/8533
f 5042/8535 5043/8536 5040/8537
f 5040/8537 5044/8538 5042/8535
f 5045/8539 5044/8538 5040/8537
f 5046/8540 5045/8541 5041/8542
f 5041/8542 5047/8543 5046/8540
f 4884/8544 4891/8545 5046/8546
f 4884/8547 5047/8548 5048/8549
f 5048/8549 5049/8550 4884/8547
f 5050/8551 5051/8552 5049/8553
f 3889/8554 5051/8552 5050/8551
f 5050/8555 5039/8556 5052/8557
f 5052/8557 5053/8558 5050/8555
f 5054/8559 3887/8527 5033/8526
f 5055/8560 3884/8561 5054/8562
f 5056/8563 3882/8564 3884/8565
f 5057/8566 3882/8564 5056/8563
f 5058/8567 5059/8568 5056/8569
f 5056/8569 5060/8570 5058/8567
f 5058/8571 5023/8572 5061/8573
f 5061/8574 5012/8575 3878/8576
f 3878/8576 5062/8577 5061/8574
f 3877/8578 3878/8576 5012/8575
f 5061/8574 5062/8577 5057/8579
f 5050/8555 5053/8558 3889/8554
f 5057/8579 5059/8580 5061/8574
f 5056/8563 5059/8568 5057/8566
f 5061/8574 5059/8580 5058/8571
f 3884/8565 5055/8560 5056/8563
f 5046/8540 5047/8543 4884/8544
f 5056/8563 5055/8560 5032/8581
f 5032/8581 5060/8570 5056/8563
f 5030/8517 5032/8520 5055/8560
f 5060/8570 5032/8581 5027/8519
f 5055/8560 5035/8524 5030/8517
f 5054/8562 5035/8524 5055/8560
f 5033/8526 5035/8524 5054/8559
f 5027/8519 5026/8582 5060/8570
f 5058/8567 5060/8570 5026/8582
f 5025/8515 5026/8512 5027/8513
f 5026/8512 5024/8510 5058/8567
f 5058/8567 5024/8510 5020/8504
f 5020/8509 5023/8508 5058/8567
f 5061/8573 5023/8572 5013/8507
f 5020/8509 5019/8503 5013/8507
f 5013/8491 5012/8490 5061/8573
f 5009/8492 5013/8491 5019/8503
f 5019/8503 5014/8502 5009/8492
f 5015/8496 5014/8494 5017/8499
f 5009/8486 5011/8489 5012/8490
f 5012/8490 5011/8489 3877/8578
f 3877/8578 5011/8489 5007/8488
f 5007/8484 5008/8485 3877/8578
f 5015/8495 5010/8487 5009/8493
f 5005/8480 5007/8484 5010/8487
f 5010/8487 5004/8479 5005/8480
f 5004/8479 5010/8487 5015/8495
f 5015/8495 4998/8583 5004/8479
f 4999/8471 4998/8470 5015/8496
f 5004/8479 4998/8583 4997/8475
f 5001/8476 4997/8475 4996/8472
f 5002/8477 5001/8476 5063/8584
f 5064/8585 5065/8586 5063/8587
f 5063/8587 5066/8588 5064/8585
f 5067/8589 5068/8590 5064/8591
f 5064/8591 5069/8592 5067/8589
f 3865/8593 5067/8594 5070/8595
f 5071/8596 5072/8597 5070/8598
f 5070/8598 5073/8599 5071/8596
f 5074/8600 5075/8601 5071/8602
f 5071/8602 5075/8601 5076/8603
f 5077/8604 5076/8605 5078/8606
f 5079/8607 5080/8608 5078/8609
f 5078/8609 5081/8610 5079/8607
f 5082/8611 5083/8612 5079/8613
f 5079/8613 5084/8614 5082/8611
f 3872/8615 5082/8616 5085/8617
f 5086/8618 5087/8619 5085/8620
f 5085/8620 5088/8621 5086/8618
f 5089/8622 5090/8623 5086/8624
f 5086/8624 5090/8623 5091/8625
f 5092/8626 5091/8627 5093/8628
f 5093/8628 4965/8629 5092/8626
f 5086/8630 5092/8631 5094/8632
f 5094/8633 3874/8634 5095/8635
f 5095/8636 5096/8637 5085/8638
f 4971/8639 3874/8634 5094/8633
f 4965/8640 5097/8641 5094/8642
f 5093/8628 5091/8627 5098/8643
f 5098/8643 4963/8644 5093/8628
f 5090/8645 5099/8646 5098/8647
f 5089/8648 5100/8649 5099/8650
f 5101/8651 5100/8649 5089/8648
f 5089/8648 5102/8652 5101/8651
f 5081/8653 5103/8654 5101/8655
f 5078/8656 5104/8657 5103/8658
f 5105/8659 5104/8657 5078/8656
f 5075/8660 5106/8661 5105/8662
f 5074/8663 5107/8664 5106/8665
f 5108/8666 5107/8664 5074/8663
f 5074/8663 5109/8667 5108/8666
f 5066/8668 5110/8669 5108/8670
f 5063/8671 5111/8672 5110/8673
f 5108/8670 5109/8667 5066/8668
f 5110/8673 5066/8668 5063/8671
f 5106/8665 5075/8660 5074/8663
f 5000/8674 5111/8672 5063/8671
f 5063/8671 5001/8476 5000/8674
f 5105/8662 5076/8603 5075/8660
f 5078/8606 5076/8605 5105/8659
f 5103/8654 5081/8653 5078/8656
f 5101/8655 5102/8652 5081/8653
f 5079/8607 5081/8610 5102/8652
f 5079/8613 5083/8612 5112/8675
f 5080/8676 5112/8677 5113/8678
f 5113/8679 3870/8680 3868/8681
f 3868/8682 3867/8683 5070/8684
f 5114/8685 3870/8680 5113/8679
f 5115/8686 5114/8687 5112/8688
f 5113/8679 5112/8677 5114/8685
f 5112/8675 5083/8612 5115/8686
f 5112/8677 5080/8676 5079/8613
f 5115/8686 5083/8612 5082/8611
f 5082/8611 3872/8615 5115/8686
f 5102/8652 5084/8614 5079/8607
f 5085/8638 5096/8637 3872/8615
f 5085/8617 5082/8616 5084/8614
f 5084/8614 5102/8652 5089/8648
f 5084/8614 5088/8621 5085/8617
f 5089/8648 5088/8621 5084/8614
f 5086/8624 5088/8621 5089/8622
f 5099/8646 5090/8645 5089/8648
f 5098/8643 5091/8627 5090/8645
f 5091/8627 5092/8626 5086/8624
f 5094/8632 5092/8631 4965/8640
f 5094/8632 5087/8619 5086/8630
f 5094/8642 5097/8641 4971/8639
f 5095/8635 5087/8619 5094/8633
f 5085/8620 5087/8619 5095/8636
f 5078/8609 5080/8608 5077/8604
f 5113/8678 5077/8604 5080/8676
f 5076/8603 5077/8604 5071/8602
f 5071/8602 5077/8604 5113/8678
f 5113/8678 5072/8597 5071/8602
f 3868/8681 5072/8597 5113/8679
f 5070/8598 5072/8597 3868/8682
f 5070/8595 3867/8683 3865/8593
f 5067/8594 3865/8593 3864/8689
f 5116/8690 5068/8691 3864/8692
f 3864/8692 5117/8693 5116/8690
f 5065/8694 5116/8695 5118/8696
f 5006/8697 5118/8698 5119/8699
f 3864/8689 5068/8691 5067/8594
f 5116/8690 5117/8693 5119/8700
f 5119/8699 3860/8483 5006/8697
f 5119/8699 5118/8698 5116/8690
f 5118/8698 5006/8697 5003/8478
f 5064/8591 5068/8590 5116/8690
f 5003/8478 5002/8477 5118/8698
f 5116/8690 5065/8694 5064/8591
f 5118/8696 5002/8477 5065/8694
f 5063/8587 5065/8586 5002/8477
f 5064/8585 5066/8588 5109/8667
f 5109/8667 5069/8592 5064/8585
f 5070/8595 5067/8594 5069/8592
f 5069/8592 5109/8667 5074/8663
f 5069/8592 5073/8599 5070/8595
f 5074/8663 5073/8599 5069/8592
f 5071/8596 5073/8599 5074/8600
f 5042/8701 5029/8702 5031/8703
f 5027/8513 5031/8518 5029/8516
f 5031/8703 5043/8536 5042/8701
f 5043/8536 5031/8703 5030/8517
f 5030/8523 5034/8522 5043/8536
f 5040/8537 5043/8536 5034/8522
f 5040/8533 5041/8534 5045/8539
f 5034/8522 5038/8530 5040/8537
f 5036/8531 5038/8530 5034/8522
f 5034/8522 5033/8521 5036/8531
f 5036/8525 3888/8528 5052/8704
f 5052/8704 5039/8556 5036/8525
f 5047/8543 5041/8542 5037/8529
f 5037/8529 5039/8532 5050/8555
f 5037/8529 5048/8549 5047/8543
f 5050/8555 5048/8549 5037/8529
f 5049/8553 5048/8549 5050/8551
f 4992/8458 4935/8346 4932/8456
f 4932/8345 4934/8344 4931/8340
f 4930/8341 4931/8340 4927/8335
f 4932/8342 4930/8341 4984/8705
f 4984/8705 4930/8341 4929/8439
f 4984/8437 4985/8438 4932/8342
f 4987/8442 4983/8436 4984/8441
f 3822/8445 4983/8436 4987/8443
f 4983/8436 3822/8445 3824/8432
f 4985/8438 4982/8435 4980/8434
f 4980/8434 4992/8458 4985/8438
f 4980/8434 4981/8433 3825/8429
f 4978/8428 4979/8427 3825/8425
f 4980/8431 4979/8430 4941/8426
f 4941/8426 4992/8458 4980/8431
f 4935/8346 4992/8458 4941/8426
f 4978/8422 4942/8421 4941/8426
f 4941/8426 4936/8347 4935/8346
f 4938/8355 4936/8347 4941/8353
f 4937/8351 4936/8347 4938/8349
f 4938/8355 4944/8357 4940/8352
f 4977/8423 4943/8418 4942/8421
f 3826/8424 3827/8706 4977/8423
f 4976/8420 4977/8419 3827/8417
f 4976/8420 4950/8413 4943/8418
f 4944/8357 4943/8356 4950/8413
f 4950/8413 4945/8360 4944/8357
f 4947/8368 4945/8360 4950/8366
f 4946/8361 4945/8360 4947/8362
f 4975/8411 4951/8410 4950/8413
f 3828/8416 3830/8707 4975/8415
f 4973/8412 4975/8411 3830/8409
f 4973/8412 4952/8369 4951/8410
f 4952/8369 4953/8370 4947/8368
f 4954/8372 4952/8371 4973/8412
f 4947/8362 4953/8370 4949/8365
f 4956/8708 5120/8709 4949/8710
f 4949/8710 4953/8370 4956/8708
f 4954/8375 4956/8374 4953/8370
f 5120/8709 4956/8708 4955/8373
f 4955/8373 4959/8378 5120/8709
f 4973/8412 4970/8398 4954/8372
f 4972/8408 4970/8398 4973/8406
f 4969/8399 4970/8398 4972/8405
f 4969/8399 4957/8376 4954/8397
f 4955/8373 4957/8376 4968/8711
f 4968/8711 4957/8376 4969/8399
f 4968/8711 4960/8380 4955/8373
f 4969/8399 4966/8395 4968/8711
f 4960/8380 4968/8711 4964/8392
f 4964/8392 4961/8381 4960/8380
f 5093/8388 4961/8381 4964/8386
f 4962/8382 4961/8381 5093/8383
f 4964/8392 4967/8391 5097/8389
f 3835/8401 4967/8391 4966/8395
f 5097/8389 4967/8391 3835/8402
f 5121/8712 5122/8713 5123/8714
f 5123/8714 5124/8715 5121/8712
f 5121/8716 5125/8717 5126/8718
f 5122/8719 5126/8720 5127/8721
f 5127/8721 4508/8722 5122/8719
f 5122/8719 4508/8722 5128/8723
f 5128/8724 4506/8725 5129/8726
f 5130/8727 5129/8726 4506/8725
f 4506/8725 5131/8728 5130/8727
f 5132/8729 5130/8727 5131/8728
f 5131/8728 5133/8730 5132/8729
f 5134/8731 5132/8729 5133/8730
f 5133/8730 4504/8732 5134/8731
f 5135/8733 5134/8731 4504/8732
f 4504/8732 5136/8734 5135/8733
f 5137/8735 5135/8733 5136/8734
f 5136/8734 5138/8736 5137/8735
f 5139/8737 5137/8735 5138/8736
f 5138/8736 5140/8738 5139/8737
f 5141/8739 5139/8737 5140/8738
f 5140/8738 4501/8740 5141/8739
f 5142/8741 5141/8739 4501/8740
f 4501/8740 5143/8742 5142/8741
f 5144/8743 5142/8741 5143/8742
f 5143/8742 4500/8744 5144/8743
f 5145/8745 5142/8741 5144/8743
f 5144/8743 5181/8746 5145/8745
f 5142/8741 5145/8745 5146/8747
f 5146/8748 5147/8749 5139/8750
f 5139/8750 5147/8749 5148/8751
f 5137/8752 5148/8753 5149/8754
f 5135/8755 5149/8756 5150/8757
f 5134/8758 5150/8759 5151/8760
f 5132/8761 5151/8762 5152/8763
f 5152/8764 5153/8765 5129/8766
f 5151/8762 5132/8761 5134/8758
f 5150/8757 5134/8758 5135/8755
f 5149/8754 5135/8755 5137/8752
f 5148/8751 5137/8752 5139/8750
f 5139/8750 5141/8739 5146/8748
f 5146/8748 5141/8739 5142/8741
f 5152/8763 5130/8727 5132/8761
f 5129/8766 5130/8727 5152/8764
f 5123/8767 5129/8766 5153/8765
f 5153/8765 5124/8715 5123/8767
f 5129/8766 5123/8767 5128/8724
f 5128/8724 5123/8767 5122/8719
f 5126/8720 5122/8719 5121/8716
f 5127/8721 5126/8720 5154/8768
f 5154/8768 4510/8769 5127/8721
f 4510/8769 5154/8768 5155/8770
f 5155/8770 5156/8771 4510/8769
f 5156/8771 5155/8770 5157/8772
f 5157/8772 5158/8773 5156/8771
f 5158/8773 5157/8772 5159/8774
f 5159/8774 5160/8775 5158/8773
f 5160/8775 5159/8774 5161/8776
f 5161/8776 4513/8777 5160/8775
f 4513/8777 5161/8776 5162/8778
f 5162/8778 5163/8779 4513/8777
f 5163/8779 5162/8778 5164/8780
f 5164/8780 4514/8781 5163/8779
f 4514/8781 5164/8780 5165/8782
f 5165/8782 4516/8783 4514/8781
f 4516/8783 5165/8782 5166/8784
f 5166/8784 5167/8785 4516/8783
f 5167/8785 5166/8784 5244/8786
f 5244/8786 5168/8787 5167/8785
f 5169/8788 5170/8789 5244/8790
f 5171/8791 5169/8792 5166/8793
f 5164/8794 5172/8795 5171/8796
f 5173/8797 5172/8795 5164/8794
f 5174/8798 5173/8799 5162/8800
f 5175/8801 5174/8802 5161/8803
f 5176/8804 5175/8805 5159/8806
f 5177/8807 5176/8808 5157/8809
f 5154/8810 5178/8811 5177/8812
f 5159/8774 5157/8772 5176/8804
f 5161/8776 5159/8774 5175/8801
f 5162/8800 5161/8776 5174/8798
f 5164/8780 5162/8778 5173/8797
f 5244/8790 5166/8784 5169/8788
f 5171/8796 5165/8782 5164/8794
f 5166/8793 5165/8782 5171/8791
f 5157/8809 5155/8770 5177/8807
f 5177/8812 5155/8770 5154/8810
f 5178/8811 5154/8810 5126/8720
f 5126/8718 5125/8717 5178/8811
f 4500/8813 5179/8814 5180/8815
f 5180/8815 5144/8816 4500/8813
f 5181/8817 5144/8816 5180/8815
f 5182/8818 5180/8815 5179/8814
f 5179/8814 4499/8819 5182/8818
f 5183/8820 5182/8818 4499/8819
f 4499/8819 5184/8821 5183/8820
f 5185/8822 5183/8820 5184/8821
f 5184/8821 4497/8823 5185/8822
f 5186/8824 5185/8822 4497/8823
f 4497/8823 4496/8825 5186/8824
f 5187/8826 5186/8824 4496/8825
f 4496/8825 5188/8827 5187/8826
f 5189/8828 5187/8826 5188/8827
f 5188/8827 4495/8829 5189/8828
f 5190/8830 5189/8828 4495/8829
f 4495/8829 5191/8831 5190/8830
f 5192/8832 5190/8830 5191/8831
f 5191/8831 5193/8833 5192/8832
f 5194/8834 5192/8832 5193/8833
f 5193/8833 4493/8835 5194/8834
f 5195/8836 5194/8834 4493/8835
f 4493/8835 5196/8837 5195/8836
f 5197/8838 5195/8836 5196/8837
f 5196/8837 4491/8839 5197/8838
f 5198/8840 5197/8838 4491/8839
f 4491/8839 4489/8841 5198/8840
f 5199/8842 5198/8840 4489/8841
f 4489/8841 4488/8843 5199/8842
f 5199/8844 5200/8845 5201/8846
f 5198/8847 5201/8848 5202/8849
f 5197/8850 5202/8851 5203/8852
f 5195/8853 5203/8854 5204/8855
f 5194/8856 5204/8857 5205/8858
f 5192/8859 5205/8860 5206/8861
f 5190/8862 5206/8863 5207/8864
f 5189/8865 5207/8866 5208/8867
f 5187/8868 5208/8869 5209/8870
f 5186/8871 5209/8872 5210/8873
f 5185/8874 5210/8875 5211/8876
f 5211/8877 5212/8878 5182/8879
f 5212/8880 5213/8881 5180/8882
f 5214/8883 5200/8845 5199/8844
f 4487/8884 5215/8885 5199/8886
f 5216/8887 5217/8888 5215/8889
f 5218/8890 5214/8891 5215/8892
f 5219/8893 5218/8894 5217/8895
f 5220/8896 5221/8897 5217/8898
f 4484/8899 5222/8900 5221/8901
f 5223/8902 5219/8903 5221/8904
f 5224/8905 5223/8906 5222/8907
f 4483/8908 5225/8909 5222/8910
f 4482/8911 5226/8912 5225/8913
f 5227/8914 5224/8915 5225/8916
f 5228/8917 5227/8918 5226/8919
f 5229/8920 5230/8921 5226/8922
f 5231/8923 5232/8924 5230/8925
f 5233/8926 5228/8927 5230/8928
f 5234/8929 5233/8930 5232/8931
f 4474/8932 5235/8933 5232/8934
f 4475/8935 5236/8936 5235/8937
f 5237/8938 5234/8939 5235/8940
f 5238/8941 5237/8942 5236/8943
f 4476/8944 5239/8945 5236/8946
f 4477/8947 5240/8948 5239/8949
f 4479/8950 5241/8951 5240/8952
f 5240/8953 5242/8954 5238/8955
f 5241/8956 5243/8957 5242/8958
f 5170/8959 5243/8957 5241/8956
f 5168/8960 5244/8961 5241/8962
f 5241/8962 5244/8961 5170/8959
f 5241/8962 4479/8950 5168/8960
f 5242/8958 5240/8953 5241/8956
f 5240/8952 4477/8947 4479/8950
f 5238/8955 5239/8949 5240/8953
f 5239/8949 4476/8944 4477/8947
f 5236/8946 5239/8945 5238/8941
f 5236/8936 4475/8935 4476/8944
f 5235/8940 5236/8936 5237/8938
f 5235/8937 4474/8932 4475/8935
f 5232/8934 5235/8933 5234/8929
f 5232/8924 5231/8923 4474/8932
f 5230/8928 5232/8924 5233/8926
f 5230/8921 5229/8920 5231/8923
f 5226/8922 5230/8921 5228/8917
f 5226/8922 4482/8911 5229/8920
f 5225/8916 5226/8912 5227/8914
f 5225/8913 4483/8908 4482/8911
f 5222/8910 5225/8909 5224/8905
f 5222/8900 4484/8899 4483/8908
f 5221/8904 5222/8900 5223/8902
f 5221/8897 5220/8896 4484/8899
f 5217/8898 5221/8897 5219/8893
f 5217/8898 5216/8887 5220/8896
f 5215/8892 5217/8888 5218/8890
f 5215/8889 4487/8884 5216/8887
f 5199/8842 4488/8843 4487/8884
f 5199/8886 5215/8885 5214/8883
f 5201/8848 5198/8847 5199/8844
f 5202/8849 5197/8850 5198/8847
f 5203/8854 5195/8853 5197/8850
f 5204/8857 5194/8856 5195/8853
f 5205/8858 5192/8859 5194/8856
f 5206/8861 5190/8862 5192/8859
f 5207/8864 5189/8865 5190/8862
f 5208/8867 5187/8868 5189/8865
f 5209/8872 5186/8871 5187/8868
f 5210/8875 5185/8874 5186/8871
f 5211/8876 5183/8820 5185/8874
f 5182/8818 5183/8820 5211/8877
f 5180/8882 5182/8818 5212/8880
f 5180/8882 5213/8881 5181/8817
f 1790/2921 4542/8963 1789/2919
f 4540/7675 1788/2916 4542/7676
f 1788/3629 1789/3628 4542/7676
