# Exported from MakeClothes (TM)
# author Elvaerwyn
# license CC_by
# homepage http://www.makehuman.org/
v -1.2903 1.9989 -0.4376
v -1.2801 2.0256 1.1796
v -0.3985 1.9408 1.5175
v -0.6041 1.9402 1.4790
v -1.5892 2.0044 0.1724
v -1.5838 2.0262 0.5727
v -1.4683 2.0243 0.9288
v -1.0466 2.0054 1.3177
v -0.8164 1.9770 1.4086
v -1.4725 1.9947 -0.1748
v -0.9350 2.0036 -0.6709
v -0.7723 2.0084 -0.7380
v -0.5977 2.0319 -0.7908
v -0.4076 2.0351 -0.8246
v -1.1046 2.0100 -0.5836
v -0.2035 2.0465 -0.8157
v -0.2077 1.9364 1.5562
v 1.2973 1.9983 -0.4383
v -0.0000 1.9121 1.5632
v 1.2755 2.0246 1.1722
v 0.4032 1.9256 1.4997
v 0.6025 1.9311 1.4576
v 1.5896 2.0039 0.1710
v 1.5809 2.0255 0.5690
v 1.4637 2.0147 0.9228
v 1.0429 2.0046 1.3102
v 0.8138 1.9764 1.3919
v 1.4769 1.9941 -0.1751
v 0.9430 2.0039 -0.6729
v 0.7798 2.0089 -0.7400
v 0.6043 2.0326 -0.7934
v 0.4129 2.0360 -0.8275
v 0.0013 2.0391 -0.7917
v 1.1126 2.0096 -0.5856
v 0.2073 2.0471 -0.8186
v 0.2043 1.9210 1.5438
v -2.1886 -7.8966 -0.3260
v -2.6055 -7.6520 0.4941
v -1.7716 -7.5024 1.3824
v -2.5623 -7.5780 0.8990
v -1.9581 -7.4993 1.4139
v -1.6075 -7.5152 1.2788
v -2.1673 -7.5125 1.3575
v -1.4514 -7.5437 1.1039
v -1.8552 -7.9716 -0.5444
v -1.2741 -7.8822 -0.3853
v -1.1102 -7.8190 -0.1400
v -1.1861 -7.6386 0.6334
v 1.9278 -7.4989 1.4568
v 2.3811 -7.4825 1.4081
v 1.5651 -7.5729 1.1495
v 2.6010 -7.5090 1.2119
v 1.1418 -7.7687 0.3304
v 1.1444 -7.8939 -0.2000
v 1.0983 -7.8337 0.0588
v 2.5173 -7.7511 -0.0103
v -1.2551 2.3218 -0.3871
v -1.2453 2.3478 1.1559
v -0.3880 2.2676 1.5103
v -0.5876 2.2796 1.4730
v -1.5459 2.3272 0.1879
v -1.5407 2.3484 0.5715
v -1.4283 2.3590 0.9120
v -1.0181 2.3281 1.2942
v -0.7942 2.3005 1.3957
v -1.4324 2.3177 -0.1459
v -0.9095 2.3220 -0.6179
v -0.7513 2.3271 -0.6705
v -0.5814 2.3366 -0.7130
v -0.3964 2.3334 -0.7429
v -1.0745 2.3310 -0.5342
v -0.1980 2.3450 -0.7389
v -0.2023 2.2658 1.5341
v 1.2620 2.3212 -0.3876
v -0.0000 2.2632 1.5246
v 1.2408 2.3468 1.1487
v 0.3923 2.2671 1.4679
v 0.5861 2.2793 1.4264
v 1.5464 2.3266 0.1866
v 1.5379 2.3477 0.5680
v 1.4238 2.3581 0.9061
v 1.0145 2.3274 1.2830
v 0.7917 2.3000 1.3625
v 1.4367 2.3172 -0.1462
v 0.9173 2.3224 -0.6200
v 0.7586 2.3275 -0.6729
v 0.5878 2.3376 -0.7158
v 0.4017 2.3341 -0.7459
v 0.0012 2.3438 -0.7257
v 1.0823 2.3308 -0.5359
v 0.2016 2.3455 -0.7417
v 0.1988 2.2652 1.5122
v -0.8912 2.3237 -0.1793
v -0.8842 2.3422 0.9136
v -0.2788 2.2950 1.1845
v -0.4171 2.2943 1.1483
v -1.0977 2.3276 0.2288
v -1.0940 2.3426 0.4979
v -1.0142 2.3501 0.7393
v -0.7229 2.3282 1.0236
v -0.5638 2.3086 1.0965
v -1.0171 2.3208 -0.0080
v -0.6457 2.3067 -0.3436
v -0.5334 2.2919 -0.3807
v -0.4127 2.2869 -0.4121
v -0.2813 2.2673 -0.4343
v -0.7629 2.3199 -0.2841
v -0.1404 2.2880 -0.4332
v -0.1469 2.2827 1.1801
v 0.8966 2.3233 -0.1797
v 0.0002 2.2844 1.1476
v 0.8815 2.3415 0.9075
v 0.2789 2.2958 1.1331
v 0.4165 2.2940 1.1047
v 1.0986 2.3272 0.2279
v 1.0926 2.3421 0.4954
v 1.0116 2.3495 0.7352
v 0.7208 2.3277 1.0029
v 0.5625 2.3082 1.0593
v 1.0207 2.3204 -0.0082
v 0.6518 2.3072 -0.3447
v 0.5391 2.2925 -0.3822
v 0.4178 2.2876 -0.4138
v 0.2855 2.2678 -0.4363
v 0.0011 2.2830 -0.4238
v 0.7690 2.3199 -0.2849
v 0.1435 2.2886 -0.4352
v 0.1415 2.2832 1.1358
v -0.0000 1.8792 1.5076
v -1.5429 1.9872 0.5544
v -1.5459 1.9696 0.1621
v -1.2429 1.9795 1.1505
v -0.3867 1.9097 1.4763
v -0.5856 1.9086 1.4369
v -1.0148 1.9598 1.2841
v -0.7917 1.9327 1.3692
v -1.4302 1.9469 -0.1816
v -1.4280 1.9928 0.9056
v -0.1927 2.0024 -0.8078
v -1.0897 1.9539 -0.5775
v -1.2566 1.9478 -0.4327
v -0.2019 1.8991 1.4880
v 1.2384 1.9789 1.1434
v 1.0112 1.9593 1.2768
v 1.2634 1.9472 -0.4336
v 1.4345 1.9463 -0.1820
v 0.7892 1.9323 1.3562
v 0.5841 1.9083 1.4192
v 0.3910 1.8933 1.4597
v 1.5401 1.9867 0.5508
v 1.5464 1.9692 0.1608
v -0.3896 1.9934 -0.8179
v 1.4235 1.9921 0.8998
v 1.0971 1.9534 -0.5797
v 0.1963 2.0027 -0.8107
v 0.0012 1.9946 -0.7803
v 0.7514 1.9709 -0.7393
v 0.9110 1.9672 -0.6720
v 0.5806 1.9904 -0.7912
v -0.5742 1.9900 -0.7886
v -0.7441 1.9707 -0.7372
v -0.9031 1.9670 -0.6699
v 0.3947 1.9940 -0.8209
v 0.1983 1.8819 1.4746
v 0.4994 1.9257 1.4788
v 0.5053 2.0343 -0.8121
v 0.4858 2.2671 1.4470
v 0.4915 2.3358 -0.7317
v 0.3453 2.2949 1.1194
v 0.3494 2.2774 -0.4254
v 0.4842 1.9005 1.4394
v 0.4844 1.9922 -0.8076
v -0.5040 1.9349 1.4954
v -0.5026 2.0335 -0.8087
v -0.4903 2.2674 1.4947
v -0.4889 2.3350 -0.7283
v -0.3480 2.2952 1.1609
v -0.3470 2.2771 -0.4232
v -0.4886 1.9010 1.4553
v -0.4819 1.9917 -0.8041
v 0.4994 1.9493 1.5436
v 0.6025 1.9526 1.5223
v -0.5040 1.9498 1.5571
v -0.6041 1.9530 1.5423
v 0.4858 2.2679 1.5118
v 0.5861 2.2820 1.4911
v -0.4903 2.2682 1.5531
v -0.5876 2.2823 1.5359
v -1.3742 2.0185 1.0542
v -2.2758 -7.5239 1.2745
v -1.3368 2.3534 1.0339
v -0.9492 2.3462 0.8260
v -1.3354 1.9862 1.0281
v 1.3696 2.0089 1.0475
v 1.3323 2.3525 1.0274
v 0.9466 2.3455 0.8214
v 1.3310 1.9855 1.0216
v -1.4197 2.0239 1.0898
v -1.5181 2.0299 0.9587
v 1.4089 2.0229 1.0700
v 1.5073 2.0289 0.9396
v -1.3806 2.3606 1.0687
v -1.4763 2.3665 0.9411
v 1.3699 2.3596 1.0490
v 1.4656 2.3655 0.9222
v 0.1043 2.0431 -0.8054
v 0.1022 1.9156 1.5512
v 0.1014 2.3446 -0.7337
v 0.0994 2.2642 1.5193
v 0.0723 2.2858 -0.4295
v 0.0708 2.2838 1.1394
v 0.0992 1.8777 1.4817
v 0.0988 1.9988 -0.7940
v -0.1023 1.9158 1.5621
v -0.1011 2.0428 -0.8041
v -0.0995 2.2645 1.5313
v -0.0984 2.3444 -0.7323
v -0.0704 2.2838 1.1590
v -0.0696 2.2855 -0.4285
v -0.0993 1.8850 1.5032
v -0.0958 1.9987 -0.7927
v -0.0530 1.9138 1.5659
v -0.0499 2.0409 -0.7975
v -0.0498 2.2638 1.5279
v -0.0486 2.3441 -0.7290
v -0.0351 2.2841 1.1544
v -0.0342 2.2842 -0.4262
v -0.0499 1.8841 1.5111
v -0.0473 1.9967 -0.7862
v 0.0499 1.8804 1.4973
v 0.0500 1.9968 -0.7868
v 0.0528 2.0411 -0.7981
v 0.0529 1.9137 1.5587
v 0.0513 2.3442 -0.7297
v 0.0497 2.2637 1.5223
v 0.0367 2.2844 -0.4267
v 0.0355 2.2841 1.1430
v -0.0499 2.0409 -0.8299
v 0.0013 2.0391 -0.8256
v -0.0486 2.3441 -0.7717
v 0.0012 2.3438 -0.7684
v 0.0528 2.0411 -0.8304
v 0.0513 2.3442 -0.7724
v 1.0278 2.0068 -0.6273
v 0.9998 2.3266 -0.5779
v 0.7104 2.3136 -0.3148
v 0.9968 1.9507 -0.6406
v -1.0216 2.0068 -0.6241
v -1.7015 -7.9557 -0.5489
v -0.9937 2.3266 -0.5748
v -0.7056 2.3134 -0.3132
v -0.9901 1.9509 -0.6376
v -1.0495 2.0024 -0.6813
v -1.1348 2.0057 -0.6397
v 1.0557 2.0024 -0.6847
v 1.1428 2.0053 -0.6417
v -1.0209 2.3309 -0.6382
v -1.1039 2.3354 -0.5964
v 1.0269 2.3309 -0.6414
v 1.1117 2.3352 -0.5982
v -0.0674 1.9725 1.6560
v -0.0000 1.9724 1.6539
v 0.1494 1.9756 1.6279
v 0.2334 2.0016 1.5830
v -0.0663 2.2358 1.6528
v -0.0000 2.2334 1.6509
v 0.1471 2.2412 1.6248
v 0.2304 2.2278 1.5803
v -0.2336 2.0004 1.6038
v -0.2306 2.2265 1.6028
v 0.0673 1.9729 1.6488
v 0.0662 2.2362 1.6457
v -0.1495 1.9748 1.6427
v -0.1472 2.2403 1.6400
v 0.3684 1.9695 1.5276
v 0.2168 1.9659 1.5402
v 0.5776 1.9900 1.4955
v 0.7387 2.0082 1.4454
v 0.3601 2.2298 1.5033
v 0.2126 2.2284 1.5161
v 0.5651 2.2391 1.4717
v 0.7218 2.2549 1.4230
v 0.4990 1.9859 1.5117
v 0.4887 2.2298 1.4874
v 0.9040 2.2385 1.3775
v 0.9179 2.0357 1.3959
v 0.8566 2.2213 1.4166
v 0.8687 2.0440 1.4327
v 1.0612 2.3442 1.0281
v 1.2177 2.3538 0.8207
v -0.1746 2.2743 1.3571
v 0.0001 2.2738 1.3361
v 0.8676 2.3275 1.1430
v 0.0012 2.3134 -0.5747
v -0.1692 2.3165 -0.5860
v 0.9256 2.3253 -0.4082
v 0.7845 2.3148 -0.4802
v -0.3389 2.3003 -0.5873
v 0.6489 2.3100 -0.5255
v -1.0647 2.3450 1.0347
v -0.8705 2.3282 1.1589
v -0.9187 2.3254 -0.4070
v -1.0731 2.3228 -0.2808
v -1.2213 2.3546 0.8256
v 0.1701 2.2742 1.3240
v 0.3356 2.2814 1.3005
v 0.5028 2.3126 -0.5630
v -1.2248 2.3193 -0.0744
v -1.3218 2.3274 0.2108
v 0.1726 2.3171 -0.5884
v 0.3436 2.3010 -0.5897
v -0.6790 2.3046 1.2461
v -0.5024 2.2870 1.3106
v 1.2287 2.3188 -0.0746
v 1.0793 2.3223 -0.2812
v -1.3174 2.3455 0.5349
v 1.3152 2.3449 0.5319
v -0.6423 2.3095 -0.5236
v -0.7776 2.3144 -0.4786
v 1.3225 2.3269 0.2097
v -0.4970 2.3117 -0.5608
v 0.6771 2.3041 1.2109
v 0.5013 2.2866 1.2655
v -0.3334 2.2813 1.3474
v 0.4156 2.2810 1.2832
v 0.4205 2.3066 -0.5769
v -0.4191 2.2813 1.3278
v -0.4179 2.3060 -0.5741
v -1.1430 2.3498 0.9300
v 1.1394 2.3490 0.9244
v 0.0851 2.2740 1.3293
v 0.0869 2.3152 -0.5816
v -0.0840 2.3149 -0.5804
v -0.0850 2.2741 1.3451
v -0.0414 2.3142 -0.5776
v -0.0424 2.2740 1.3411
v 0.0426 2.2739 1.3327
v 0.0440 2.3143 -0.5782
v 0.8551 2.3201 -0.4442
v -0.8496 2.3200 -0.4421
v 1.1984 2.3468 1.1197
v -0.1963 2.2682 1.4916
v 0.9799 2.3280 1.2494
v 0.0012 2.3292 -0.6906
v 1.0454 2.3286 -0.5060
v -1.2027 2.3477 1.1269
v -1.0377 2.3288 -0.5044
v -1.3795 2.3585 0.8910
v 0.1920 2.2679 1.4630
v -1.3834 2.3187 -0.1292
v 0.1948 2.3320 -0.7061
v -0.7670 2.3021 1.3618
v 1.3876 2.3181 -0.1294
v -1.4880 2.3483 0.5626
v -0.7256 2.3184 -0.6361
v 0.7646 2.3015 1.3261
v 1.3752 2.3576 0.8854
v 0.0000 2.2666 1.4758
v -0.1912 2.3314 -0.7034
v 0.8860 2.3188 -0.5872
v -0.3828 2.3169 -0.7064
v 0.7327 2.3189 -0.6384
v -0.9833 2.3287 1.2635
v -1.2122 2.3226 -0.3622
v 0.3789 2.2726 1.4277
v 0.5678 2.3255 -0.6800
v -1.4930 2.3278 0.1932
v 0.3880 2.3177 -0.7092
v -0.5675 2.2820 1.4356
v 1.2189 2.3220 -0.3627
v 1.4854 2.3476 0.5592
v -0.8784 2.3183 -0.5853
v 1.4936 2.3273 0.1920
v -0.5615 2.3245 -0.6773
v 0.5661 2.2817 1.3878
v -0.3756 2.2728 1.4742
v 0.4693 2.2724 1.4078
v 0.4748 2.3214 -0.6954
v -0.4735 2.2727 1.4558
v -0.4722 2.3207 -0.6921
v -1.2911 2.3531 1.0088
v 1.2868 2.3522 1.0026
v 0.0960 2.2672 1.4695
v 0.0980 2.3306 -0.6984
v -0.0950 2.3303 -0.6970
v -0.0961 2.2674 1.4839
v -0.0469 2.3297 -0.6938
v -0.0480 2.2670 1.4801
v 0.0480 2.2669 1.4728
v 0.0496 2.3299 -0.6945
v 0.9657 2.3237 -0.5466
v -0.9597 2.3237 -0.5437
v 2.2306 -7.8835 -0.3634
v 1.8922 -7.9723 -0.5653
v 2.6902 -7.6266 0.4503
v 2.7253 -7.5494 0.8917
v 2.1419 -7.4812 1.4839
v 2.4911 -7.4958 1.3100
v 1.3987 -7.6326 0.8977
v 1.7423 -7.5294 1.3429
v 1.3054 -7.9465 -0.4322
v 1.5740 -7.9856 -0.5876
v 1.7331 -7.9789 -0.5765
v 1.2522 -7.6999 0.6182
v -2.4671 -7.7714 0.0410
v -1.0939 -7.6964 0.3747
v -1.0592 -7.7563 0.1196
v -2.3843 -7.5354 1.1914
v -1.3086 -7.5866 0.8806
v -1.5413 -7.9392 -0.5536
v -2.1569 -6.8496 -0.5219
v -2.1603 -7.1365 -0.4640
v -2.1705 -7.3606 -0.4288
v -2.5732 -6.8984 0.3285
v -2.5744 -7.1245 0.3686
v -1.7176 -6.5488 1.1463
v -1.8021 -6.9447 -0.6958
v -2.5778 -6.6304 0.2554
v -2.5519 -6.5530 0.7254
v -1.9093 -6.5180 1.1969
v -1.5589 -6.5945 1.0563
v -2.1362 -6.4964 1.2101
v -2.3731 -6.5095 1.0661
v -1.5004 -7.2082 -0.6471
v -1.2454 -7.1714 -0.4758
v -1.7337 -6.7787 1.1878
v -2.4321 -7.0151 -0.1297
v -1.8187 -7.2181 -0.6550
v -2.5414 -6.8201 0.7801
v -1.9201 -6.7574 1.2230
v -1.5806 -6.8080 1.0976
v -2.1356 -6.7569 1.2123
v -1.4392 -6.8506 0.9646
v -1.3020 -6.9046 0.7705
v -1.0944 -7.0250 0.2542
v -1.0633 -7.0790 -0.0007
v -2.3593 -6.7752 1.0810
v -1.1043 -7.1274 -0.2481
v -1.7655 -6.9751 1.2162
v -2.5333 -7.0495 0.7886
v -1.9447 -6.9693 1.2485
v -1.6108 -6.9914 1.1479
v -2.1468 -6.9781 1.2286
v -1.4629 -7.0206 0.9962
v -2.3570 -7.0025 1.0827
v -1.1198 -7.1714 0.2969
v -1.3262 -7.0640 0.7997
v -1.8460 -7.4277 -0.6315
v -1.2860 -7.3449 -0.4663
v -1.1324 -7.2866 -0.2279
v -1.5436 -7.3976 -0.6368
v -1.0861 -7.2280 0.0340
v -2.4389 -7.2409 -0.0823
v -1.1522 -6.7862 0.4628
v -1.1814 -6.9644 0.5250
v -1.2087 -7.1152 0.5571
v -2.1045 -4.7102 -0.5686
v -2.0969 -5.2990 -0.5527
v -2.0738 -5.9007 -0.5845
v -1.3160 1.1776 -0.6000
v -1.3355 0.9092 -0.6224
v -1.6998 -1.0384 -0.3917
v -1.7716 -1.4926 -0.3291
v -1.4885 -0.2568 -0.5290
v -1.8185 -1.9909 -0.2523
v -2.1228 -6.4398 -0.5794
v -1.4141 0.0439 -0.5660
v -1.3577 0.6219 -0.6235
v -1.3836 0.3330 -0.6083
v -1.2714 1.7975 -0.4895
v -1.8943 -2.4309 -0.2311
v -1.9863 -2.7836 -0.2762
v -1.3031 1.3989 -0.5609
v -1.6032 -0.6347 -0.4543
v -2.0141 -3.0526 -0.3560
v -2.0197 -3.3163 -0.4535
v -2.0335 -3.6505 -0.5475
v -2.0719 -4.1437 -0.5924
v -0.8682 1.8087 -0.7738
v -0.7335 1.8099 -0.8249
v -0.5963 1.8031 -0.8792
v -0.3462 1.7755 -0.9253
v -0.3276 1.4371 -1.0628
v -1.4355 1.4113 -0.3132
v -1.1623 1.3745 -0.7428
v -0.4598 1.6114 -1.0024
v -0.3156 1.1675 -1.0692
v -1.4557 1.1969 -0.3498
v -1.1680 1.1491 -0.7859
v -0.8372 0.7860 -0.9687
v -0.6710 0.7759 -0.9926
v -0.5233 0.8073 -1.0135
v -0.2790 0.8601 -1.0075
v -1.4920 0.9288 -0.3787
v -1.1745 0.8799 -0.7969
v -0.8124 0.5101 -0.8978
v -0.6219 0.5043 -0.8919
v -0.4613 0.5598 -0.9006
v -0.2226 0.6004 -0.8742
v -1.5345 0.6496 -0.3916
v -0.7925 0.2099 -0.7887
v -0.5433 0.1793 -0.7074
v -0.3701 0.3241 -0.7184
v -0.1627 0.4229 -0.6891
v -1.1790 0.5877 -0.7777
v -1.5845 0.3745 -0.4004
v -0.1028 0.3068 -0.4366
v -1.1847 0.2900 -0.7397
v -1.5610 1.3987 0.0479
v -1.6376 1.3926 0.4700
v -1.5494 1.3914 0.7218
v -1.5844 1.1963 0.0100
v -1.6724 1.1800 0.4342
v -1.6079 1.1154 0.7293
v -1.6361 0.9315 -0.0182
v -1.7360 0.9032 0.4156
v -1.6905 0.8644 0.7654
v -1.6967 0.6626 -0.0310
v -1.8056 0.6530 0.3954
v -1.7723 0.6151 0.7583
v -1.7678 0.4040 -0.0259
v -1.8702 0.4131 0.3897
v -1.0231 0.1290 1.2773
v -1.3210 1.3293 1.0969
v -0.3931 1.3089 1.4147
v -0.6080 1.3216 1.3814
v -1.1327 1.3217 1.2176
v -0.8886 1.3167 1.3041
v -1.4059 1.0530 1.0872
v -0.3893 0.9792 1.3616
v -0.6247 1.0151 1.3452
v -1.1906 1.0355 1.2109
v -0.9179 1.0197 1.2958
v -1.5015 0.8145 1.0907
v -0.3689 0.6631 1.2556
v -0.6218 0.6768 1.2699
v -1.2585 0.7833 1.2296
v -0.9412 0.7341 1.2912
v -0.3113 0.4285 1.0537
v -1.5979 0.5479 1.0803
v -0.5652 0.3324 1.1265
v -1.3298 0.4926 1.2241
v -0.9683 0.4182 1.2571
v -1.0366 1.7677 1.2508
v -0.8210 1.7319 1.3509
v -0.3957 1.6487 1.4736
v -1.2234 1.7938 1.1279
v -0.5915 1.6721 1.4425
v -0.1988 0.2943 0.8093
v -0.1059 0.2186 0.5258
v -0.0457 0.2013 0.0195
v -0.0614 0.2395 -0.2163
v -1.1123 1.7937 -0.6604
v -1.4326 1.7954 -0.2318
v -1.5498 1.7958 0.1170
v -1.4762 1.8058 0.7955
v -1.5940 1.7883 0.5179
v -1.3933 0.2216 1.2388
v -0.6329 0.0425 1.1137
v -1.6568 0.2977 1.0664
v -1.8216 0.3747 0.7758
v -0.2900 0.1803 0.8411
v -0.1511 0.1112 0.5459
v -0.0955 0.0489 0.0001
v -0.1362 0.0887 -0.2525
v -0.3538 -0.0293 0.8498
v -0.1981 -0.0754 0.5566
v -0.1183 -0.1012 -0.0036
v -0.1856 -0.0568 -0.2640
v -0.2329 0.1714 -0.4789
v -0.3306 0.0176 -0.4624
v -0.8307 -0.0916 -0.6588
v -0.6144 -0.1481 -0.5612
v -1.0615 -0.1228 1.2800
v -1.6459 0.0991 -0.3501
v -1.1901 -0.0089 -0.6704
v -1.8522 0.1509 -0.0039
v -1.9315 0.1647 0.3986
v -1.4200 -0.0211 1.2425
v -0.6872 -0.2188 1.1157
v -1.7148 0.0647 1.0737
v -1.8744 0.1365 0.7763
v -0.3978 -0.2790 0.8509
v -0.2370 -0.3231 0.5691
v -0.1813 -0.3393 0.0324
v -0.2683 -0.2948 -0.2122
v -0.4256 -0.2349 -0.3974
v -0.9647 -0.3971 -0.5843
v -0.7126 -0.4593 -0.4839
v -1.0970 -0.3878 1.2829
v -1.7283 -0.1970 -0.3054
v -1.2373 -0.3258 -0.6176
v -1.9185 -0.1486 0.0280
v -1.9933 -0.1288 0.4088
v -1.4447 -0.2820 1.2492
v -0.7409 -0.4791 1.1231
v -1.7351 -0.1940 1.0772
v -1.9290 -0.1420 0.7832
v -0.4607 -0.5491 0.8744
v -0.2916 -0.6009 0.5936
v -0.2461 -0.6182 0.0775
v -0.3448 -0.5794 -0.1445
v -0.5040 -0.5215 -0.3380
v -1.1822 -1.1533 -0.5145
v -0.9163 -1.1992 -0.4214
v -1.2320 -1.0477 1.2600
v -1.9020 -0.9845 -0.1954
v -1.4635 -1.0965 -0.5037
v -2.0403 -0.9391 0.0905
v -2.0926 -0.9092 0.4278
v -1.5446 -0.9672 1.2249
v -0.9216 -1.1305 1.1580
v -1.8260 -0.9140 1.0629
v -2.0246 -0.8980 0.7774
v -0.6578 -1.2021 0.9512
v -0.4830 -1.2638 0.6900
v -0.4092 -1.3136 0.1889
v -0.4971 -1.2889 -0.0435
v -0.6735 -1.2445 -0.2540
v -1.2794 -1.5873 -0.4707
v -1.0209 -1.6229 -0.3813
v -1.3468 -1.4973 1.2250
v -1.9492 -1.4549 -0.1459
v -1.5499 -1.5405 -0.4475
v -2.0656 -1.4270 0.1151
v -2.1180 -1.4090 0.4190
v -1.6271 -1.4435 1.1772
v -1.0494 -1.5601 1.1547
v -1.8801 -1.4082 1.0204
v -2.0633 -1.3995 0.7437
v -0.7922 -1.6212 0.9483
v -0.6241 -1.6801 0.6897
v -0.5400 -1.7347 0.2056
v -0.6129 -1.7108 -0.0253
v -0.7839 -1.6655 -0.2309
v -1.3788 -2.0462 -0.4082
v -1.1318 -2.0831 -0.3399
v -1.4491 -2.0313 1.1675
v -1.9916 -1.9703 -0.0933
v -1.6172 -2.0163 -0.3705
v -2.1060 -1.9577 0.1306
v -2.1455 -1.9447 0.3985
v -1.7012 -1.9908 1.1015
v -1.1900 -2.0739 1.1088
v -1.9115 -1.9657 0.9379
v -2.0906 -1.9443 0.6889
v -0.9722 -2.1162 0.9126
v -0.8105 -2.1736 0.6645
v -0.6750 -2.2248 0.1969
v -0.7365 -2.1920 -0.0281
v -0.9021 -2.1363 -0.2138
v -1.4646 -2.4532 -0.3811
v -1.2276 -2.4954 -0.3280
v -1.5007 -2.5146 1.1333
v -2.0745 -2.4306 -0.0807
v -1.6864 -2.4352 -0.3423
v -2.2040 -2.4239 0.1200
v -2.2036 -2.4205 0.3736
v -1.7445 -2.4825 1.0627
v -1.2887 -2.5444 1.0802
v -1.9564 -2.4540 0.8904
v -2.1242 -2.4302 0.6518
v -1.1060 -2.5847 0.8988
v -0.9684 -2.6318 0.6485
v -0.7888 -2.6796 0.1742
v -0.8479 -2.6336 -0.0417
v -1.0085 -2.5607 -0.2099
v -1.5327 -2.7936 -0.4044
v -1.3067 -2.8470 -0.3419
v -1.5377 -2.9101 1.1173
v -2.1649 -2.8004 -0.1118
v -1.7659 -2.7748 -0.3772
v -2.2630 -2.8141 0.1182
v -2.2206 -2.8291 0.3709
v -1.7863 -2.8849 1.0551
v -1.3515 -2.9420 1.0302
v -1.9564 -2.8742 0.8885
v -2.1074 -2.8513 0.6426
v -1.1754 -2.9854 0.8664
v -1.0310 -3.0346 0.6500
v -0.8935 -3.0611 0.1734
v -0.9602 -3.0060 -0.0495
v -1.1110 -2.9231 -0.2147
v -1.5710 -3.0900 -0.4954
v -1.3534 -3.1670 -0.4194
v -1.5689 -3.2604 1.0565
v -2.1793 -3.0787 -0.1651
v -1.7983 -3.0537 -0.4674
v -2.2805 -3.1108 0.0843
v -2.2652 -3.1451 0.3650
v -1.8133 -3.2330 1.0196
v -1.4019 -3.2957 0.9627
v -1.9965 -3.2156 0.8726
v -2.1659 -3.1853 0.6323
v -1.2435 -3.3385 0.8136
v -1.1065 -3.3866 0.6204
v -0.9694 -3.4007 0.1591
v -1.0322 -3.3389 -0.0824
v -1.1680 -3.2572 -0.2698
v -1.5911 -3.3971 -0.5858
v -1.3738 -3.4839 -0.4958
v -1.5847 -3.5882 1.0271
v -2.1904 -3.3299 -0.2512
v -1.8065 -3.3378 -0.5633
v -2.2940 -3.3628 0.0232
v -2.3042 -3.4106 0.3355
v -1.8199 -3.5518 1.0155
v -1.4321 -3.6227 0.9256
v -1.9942 -3.5092 0.8922
v -2.1893 -3.4650 0.6484
v -1.2892 -3.6559 0.7804
v -1.1591 -3.6773 0.6081
v -1.0095 -3.6871 0.1445
v -1.0599 -3.6424 -0.1159
v -1.1919 -3.5726 -0.3203
v -1.6078 -3.7719 -0.6591
v -1.3968 -3.8599 -0.5517
v -1.6341 -3.9686 1.0218
v -2.2034 -3.6398 -0.3395
v -1.8263 -3.6971 -0.6534
v -2.3098 -3.6613 -0.0424
v -2.3150 -3.7121 0.2999
v -1.8392 -3.9162 1.0204
v -1.4840 -4.0016 0.9143
v -2.0074 -3.8458 0.8997
v -2.1941 -3.7778 0.6378
v -1.3318 -4.0229 0.7694
v -1.1864 -4.0159 0.5877
v -1.0306 -4.0199 0.1380
v -1.0871 -3.9942 -0.1400
v -1.2212 -3.9403 -0.3534
v -1.6323 -4.2802 -0.6874
v -1.4190 -4.3680 -0.5494
v -1.6607 -4.4369 1.0146
v -2.2503 -4.1196 -0.3877
v -1.8583 -4.2004 -0.7040
v -2.3614 -4.1282 -0.0808
v -2.3578 -4.1657 0.2951
v -1.8579 -4.3775 1.0240
v -1.5096 -4.4692 0.9160
v -2.0367 -4.3106 0.9147
v -2.2298 -4.2307 0.6560
v -1.3535 -4.4906 0.7807
v -1.2143 -4.4995 0.6172
v -1.0586 -4.5049 0.1582
v -1.1158 -4.4856 -0.1302
v -1.2522 -4.4420 -0.3416
v -1.6274 -4.8431 -0.6616
v -1.4076 -4.9267 -0.4907
v -1.6754 -4.9162 1.0016
v -2.3010 -4.6801 -0.3331
v -1.8708 -4.7665 -0.7103
v -2.4223 -4.6765 -0.0289
v -2.4303 -4.6977 0.3383
v -1.8659 -4.8670 1.0208
v -1.5054 -4.9583 0.9249
v -2.0830 -4.8080 0.9424
v -2.3013 -4.7449 0.6869
v -1.3478 -4.9936 0.8030
v -1.2038 -5.0205 0.6561
v -1.0571 -5.0468 0.1913
v -1.1131 -5.0371 -0.0725
v -1.2384 -4.9960 -0.2737
v -1.5825 -5.3981 -0.6230
v -1.3745 -5.4649 -0.4764
v -1.6673 -5.3716 1.0439
v -2.3262 -5.2714 -0.3062
v -1.8295 -5.3423 -0.6772
v -2.4560 -5.2612 0.0300
v -2.4613 -5.2634 0.4215
v -1.8782 -5.3382 1.0731
v -1.4935 -5.4101 0.9655
v -2.1069 -5.3058 1.0136
v -2.3335 -5.2788 0.7835
v -1.3408 -5.4468 0.8569
v -1.2124 -5.4733 0.7011
v -1.0797 -5.5240 0.2108
v -1.1139 -5.5455 -0.0498
v -1.2148 -5.5251 -0.2724
v -1.5111 -6.0099 -0.6606
v -1.3188 -6.0625 -0.5275
v -1.6827 -5.8179 1.0814
v -2.3460 -5.8574 -0.3213
v -1.7695 -5.9540 -0.6932
v -2.4892 -5.8175 0.0783
v -2.4890 -5.7797 0.5436
v -1.8727 -5.7951 1.1216
v -1.5169 -5.8580 1.0108
v -2.1038 -5.7786 1.0865
v -2.3450 -5.7706 0.9086
v -1.3601 -5.9067 0.8826
v -1.2207 -5.9562 0.7031
v -1.0881 -6.0538 0.1704
v -1.1098 -6.0973 -0.1001
v -1.1857 -6.0997 -0.3318
v -1.4890 -6.5607 -0.6890
v -1.2667 -6.5809 -0.5334
v -1.7144 -6.2240 1.1141
v -2.4097 -6.3505 -0.2795
v -1.7830 -6.5183 -0.7183
v -2.5477 -6.2750 0.1585
v -2.5304 -6.2120 0.6425
v -1.8975 -6.1978 1.1621
v -1.5543 -6.2696 1.0195
v -2.1243 -6.1774 1.1569
v -2.3665 -6.1708 0.9915
v -1.3960 -6.3275 0.8843
v -1.2536 -6.3980 0.6894
v -1.0785 -6.5351 0.1558
v -1.0736 -6.5764 -0.0979
v -1.1306 -6.5894 -0.3227
v -1.4812 -6.9632 -0.6697
v -1.2345 -6.9488 -0.5000
v -2.4394 -6.7338 -0.1980
v -1.4164 -6.6454 0.9271
v -1.2761 -6.7160 0.7318
v -1.0721 -6.8483 0.1941
v -1.0513 -6.8945 -0.0510
v -1.0972 -6.9254 -0.2806
v -0.0610 0.1950 0.2573
v -0.1035 0.0513 0.2505
v -0.1177 -0.1046 0.2582
v -0.1667 -0.3486 0.2897
v -0.2244 -0.6269 0.3252
v -0.4042 -1.3050 0.4373
v -0.5436 -1.7236 0.4434
v -0.7039 -2.2182 0.4280
v -0.8405 -2.6770 0.4116
v -0.9221 -3.0679 0.4061
v -1.0011 -3.4097 0.3953
v -1.0513 -3.6880 0.3815
v -1.0753 -4.0189 0.3805
v -1.0969 -4.5026 0.4115
v -1.0931 -5.0365 0.4465
v -1.1168 -5.4962 0.4751
v -1.1280 -5.9987 0.4626
v -1.1390 -6.4727 0.4352
v -0.8221 -0.7813 1.1462
v -0.5550 -0.8570 0.9246
v -0.3759 -0.9161 0.6523
v -0.3012 -0.9495 0.3923
v -0.3175 -0.9494 0.1453
v -0.4170 -0.9191 -0.0771
v -0.5888 -0.8713 -0.2766
v -0.8195 -0.8199 -0.4439
v -1.0851 -0.7642 -0.5420
v -1.3625 -0.6992 -0.5521
v -1.8292 -0.5711 -0.2514
v -1.9940 -0.5193 0.0588
v -2.0532 -0.4902 0.4220
v -1.9814 -0.4899 0.7870
v -1.7710 -0.5184 1.0746
v -1.4766 -0.5874 1.2438
v -1.1472 -0.6849 1.2787
v -0.2186 1.8020 -0.9114
v -0.2201 1.4677 -1.0216
v -0.2107 1.2162 -1.0373
v -0.1718 0.8097 -0.9533
v -0.1219 0.5471 -0.8184
v -0.0814 0.4089 -0.6154
v -0.0533 0.3332 -0.4098
v -0.0324 0.2792 -0.1965
v -0.0240 0.2406 0.0306
v -0.0351 0.2293 0.2605
v -0.0599 0.2472 0.5205
v -0.1060 0.3187 0.8135
v -0.1633 0.4520 1.1219
v -0.1913 0.6556 1.3424
v -0.1923 0.9686 1.4563
v -0.1996 1.3034 1.4931
v -0.2015 1.6450 1.5074
v 2.2296 -6.8562 -0.5304
v 2.2233 -7.1305 -0.4812
v 2.2138 -7.3479 -0.4544
v 2.6527 -6.8806 0.3036
v 2.6471 -7.1028 0.3275
v 1.8411 -6.5338 1.1831
v 1.8602 -6.9686 -0.7027
v 2.6640 -6.6173 0.2502
v 2.6796 -6.5233 0.7438
v 2.0450 -6.4865 1.2452
v 1.6701 -6.5857 1.0970
v 2.2850 -6.4653 1.2409
v 2.5284 -6.4657 1.0931
v 1.5531 -7.2570 -0.6695
v 1.2966 -7.2357 -0.5141
v 1.8738 -6.7702 1.2400
v 2.4945 -7.0028 -0.1590
v 1.8773 -7.2310 -0.6646
v 2.6874 -6.7943 0.7711
v 2.0801 -6.7355 1.2790
v 1.7043 -6.8169 1.1401
v 2.3190 -6.7211 1.2559
v 1.5454 -6.8743 0.9900
v 1.3873 -6.9452 0.7632
v 1.1504 -7.0907 0.1774
v 1.1172 -7.1506 -0.0778
v 2.5496 -6.7440 1.1009
v 1.1574 -7.1987 -0.3075
v 1.9166 -6.9725 1.2747
v 2.6834 -7.0250 0.7763
v 2.1189 -6.9530 1.3084
v 1.7444 -7.0018 1.2014
v 2.3473 -6.9545 1.2679
v 1.5788 -7.0468 1.0300
v 2.5601 -6.9807 1.0970
v 1.1787 -7.2400 0.2256
v 1.4214 -7.1073 0.8006
v 1.8886 -7.4324 -0.6429
v 1.3293 -7.4053 -0.5034
v 1.1802 -7.3571 -0.2834
v 1.5854 -7.4402 -0.6588
v 1.1384 -7.3012 -0.0388
v 2.4846 -7.2226 -0.1258
v 1.2155 -6.8331 0.4015
v 1.2482 -7.0198 0.4652
v 1.2830 -7.1736 0.5201
v 2.1063 -4.7002 -0.5365
v 2.1211 -5.2941 -0.5224
v 2.1174 -5.9196 -0.5725
v 1.3152 1.1900 -0.6181
v 1.3371 0.9135 -0.6490
v 1.6998 -1.0384 -0.3917
v 1.7709 -1.4926 -0.3290
v 1.4886 -0.2569 -0.5291
v 1.8136 -1.9909 -0.2522
v 2.1895 -6.4593 -0.5817
v 1.4148 0.0432 -0.5662
v 1.3598 0.6228 -0.6443
v 1.3840 0.3321 -0.6176
v 1.2729 1.7913 -0.4781
v 1.8839 -2.4309 -0.2310
v 1.9714 -2.7836 -0.2743
v 1.2960 1.4206 -0.5732
v 1.6032 -0.6347 -0.4543
v 1.9965 -3.0526 -0.3495
v 2.0013 -3.3164 -0.4442
v 2.0141 -3.6505 -0.5339
v 2.0551 -4.1420 -0.5699
v 0.8810 1.8324 -0.7920
v 0.7450 1.8354 -0.8536
v 0.6052 1.8317 -0.9206
v 0.3603 1.8017 -0.9629
v 0.3326 1.4121 -1.0770
v 0.0008 1.4836 -0.9983
v 1.4300 1.4656 -0.3155
v 1.1582 1.3786 -0.7497
v 0.3938 0.8408 -1.0217
v 0.3175 1.1525 -1.0724
v 1.4542 1.2249 -0.3656
v 1.1694 1.1528 -0.7933
v 0.8399 0.8247 -0.9879
v 0.6788 0.8175 -1.0178
v 0.5276 0.8223 -1.0398
v 0.2796 0.8695 -1.0177
v 1.4934 0.9409 -0.4056
v 1.1758 0.8764 -0.8175
v 0.8115 0.5189 -0.9204
v 0.6221 0.5143 -0.9137
v 0.4607 0.5596 -0.9179
v 0.2258 0.6100 -0.8704
v 1.5373 0.6539 -0.4105
v 0.7913 0.2083 -0.7962
v 0.5422 0.1780 -0.7116
v 0.3688 0.3213 -0.7223
v 0.1632 0.4234 -0.6886
v 1.1801 0.5841 -0.7981
v 1.5853 0.3746 -0.4006
v 0.1027 0.3066 -0.4365
v 1.1846 0.2877 -0.7495
v 1.5526 1.4612 0.0472
v 1.6206 1.4799 0.4662
v 1.5224 1.4493 0.8502
v 1.5839 1.2113 0.0072
v 1.6727 1.1809 0.4334
v 1.6016 1.1388 0.8265
v 1.6371 0.9337 -0.0232
v 1.7354 0.9045 0.4148
v 1.6929 0.8635 0.8081
v 1.6975 0.6639 -0.0343
v 1.8043 0.6546 0.3943
v 1.7757 0.6135 0.7867
v 1.7677 0.4047 -0.0262
v 1.8687 0.4146 0.3891
v 1.0225 0.1293 1.2767
v 1.3470 1.4218 1.1243
v 0.3925 1.3082 1.3991
v 0.5910 1.3419 1.3676
v 1.0706 1.4056 1.2574
v 0.8145 1.3744 1.3245
v 1.4658 1.1132 1.0971
v 0.3898 0.9800 1.3485
v 0.6078 1.0090 1.3435
v 1.1468 1.0950 1.2562
v 0.8586 1.0590 1.3211
v 1.5632 0.8166 1.0895
v 0.3692 0.6633 1.2423
v 0.6048 0.6687 1.2734
v 1.2546 0.7878 1.2583
v 0.9194 0.7324 1.3171
v 0.3112 0.4283 1.0513
v 1.6392 0.5498 1.0729
v 0.5470 0.3312 1.1312
v 1.3323 0.4924 1.2421
v 0.9614 0.4121 1.2856
v 1.0262 1.7289 1.2748
v 0.7985 1.7015 1.3555
v 0.3951 1.6488 1.4520
v 1.2739 1.7533 1.1417
v 0.5901 1.6725 1.4161
v 0.1988 0.2942 0.8093
v 0.1059 0.2186 0.5258
v 0.0456 0.2017 0.0196
v 0.0612 0.2399 -0.2162
v 1.1229 1.8057 -0.6452
v 1.4359 1.7930 -0.2303
v 1.5505 1.7957 0.1155
v 1.4597 1.7710 0.8864
v 1.5909 1.7886 0.5145
v 1.3915 0.2226 1.2376
v 0.6328 0.0427 1.1136
v 1.6845 0.2996 1.0639
v 1.8174 0.3763 0.7745
v 0.2898 0.1805 0.8410
v 0.1511 0.1112 0.5461
v 0.0954 0.0493 0.0001
v 0.1360 0.0891 -0.2524
v 0.3538 -0.0293 0.8498
v 0.1982 -0.0754 0.5566
v 0.1183 -0.1012 -0.0035
v 0.1856 -0.0568 -0.2639
v 0.2329 0.1711 -0.4786
v 0.3308 0.0172 -0.4623
v 0.8308 -0.0927 -0.6587
v 0.6146 -0.1487 -0.5612
v 1.0613 -0.1226 1.2793
v 1.6460 0.0995 -0.3501
v 1.1906 -0.0102 -0.6707
v 1.8520 0.1516 -0.0042
v 1.9303 0.1659 0.3983
v 1.4190 -0.0206 1.2427
v 0.6868 -0.2183 1.1153
v 1.7124 0.0655 1.0730
v 1.8725 0.1374 0.7758
v 0.3977 -0.2789 0.8509
v 0.2370 -0.3231 0.5691
v 0.1813 -0.3393 0.0324
v 0.2683 -0.2948 -0.2122
v 0.4257 -0.2351 -0.3974
v 0.9647 -0.3971 -0.5844
v 0.7126 -0.4593 -0.4839
v 1.0973 -0.3879 1.2822
v 1.7281 -0.1966 -0.3055
v 1.2374 -0.3258 -0.6177
v 1.9184 -0.1485 0.0279
v 1.9931 -0.1286 0.4088
v 1.4449 -0.2820 1.2493
v 0.7408 -0.4790 1.1228
v 1.7342 -0.1935 1.0775
v 1.9285 -0.1417 0.7830
v 0.4606 -0.5490 0.8745
v 0.2916 -0.6009 0.5936
v 0.2461 -0.6182 0.0775
v 0.3448 -0.5794 -0.1446
v 0.5040 -0.5215 -0.3380
v 1.1822 -1.1533 -0.5145
v 0.9163 -1.1992 -0.4214
v 1.2320 -1.0477 1.2600
v 1.9020 -0.9845 -0.1954
v 1.4635 -1.0965 -0.5037
v 2.0403 -0.9391 0.0905
v 2.0926 -0.9092 0.4278
v 1.5446 -0.9672 1.2249
v 0.9216 -1.1305 1.1580
v 1.8260 -0.9140 1.0629
v 2.0246 -0.8980 0.7774
v 0.6578 -1.2021 0.9512
v 0.4830 -1.2638 0.6900
v 0.4092 -1.3136 0.1889
v 0.4971 -1.2889 -0.0435
v 0.6735 -1.2445 -0.2540
v 1.2790 -1.5873 -0.4707
v 1.0207 -1.6229 -0.3814
v 1.3468 -1.4973 1.2251
v 1.9484 -1.4549 -0.1459
v 1.5493 -1.5405 -0.4475
v 2.0647 -1.4270 0.1152
v 2.1175 -1.4090 0.4190
v 1.6271 -1.4435 1.1772
v 1.0494 -1.5601 1.1547
v 1.8801 -1.4082 1.0204
v 2.0631 -1.3995 0.7437
v 0.7922 -1.6212 0.9483
v 0.6241 -1.6801 0.6897
v 0.5400 -1.7347 0.2056
v 0.6129 -1.7108 -0.0254
v 0.7838 -1.6655 -0.2310
v 1.3751 -2.0462 -0.4083
v 1.1288 -2.0831 -0.3400
v 1.4476 -2.0314 1.1676
v 1.9862 -1.9704 -0.0932
v 1.6129 -2.0163 -0.3705
v 2.1002 -1.9578 0.1307
v 2.1403 -1.9448 0.3986
v 1.7000 -1.9904 1.1014
v 1.1894 -2.0741 1.1087
v 1.9099 -1.9651 0.9376
v 2.0872 -1.9442 0.6888
v 0.9722 -2.1161 0.9125
v 0.8105 -2.1736 0.6645
v 0.6750 -2.2248 0.1967
v 0.7363 -2.1920 -0.0283
v 0.9007 -2.1363 -0.2140
v 1.4563 -2.4532 -0.3811
v 1.2217 -2.4954 -0.3281
v 1.4961 -2.5147 1.1335
v 2.0631 -2.4307 -0.0805
v 1.6770 -2.4352 -0.3423
v 2.1919 -2.4241 0.1203
v 2.1930 -2.4205 0.3742
v 1.7397 -2.4822 1.0648
v 1.2862 -2.5443 1.0802
v 1.9502 -2.4537 0.8925
v 2.1158 -2.4301 0.6535
v 1.1049 -2.5844 0.8989
v 0.9681 -2.6317 0.6478
v 0.7883 -2.6798 0.1730
v 0.8461 -2.6339 -0.0422
v 1.0050 -2.5608 -0.2100
v 1.5218 -2.7936 -0.4044
v 1.2983 -2.8472 -0.3418
v 1.5305 -2.9098 1.1190
v 2.1508 -2.8003 -0.1002
v 1.7521 -2.7748 -0.3771
v 2.2469 -2.8141 0.1245
v 2.2057 -2.8291 0.3782
v 1.7770 -2.8848 1.0627
v 1.3470 -2.9415 1.0305
v 1.9379 -2.8655 0.9007
v 2.0940 -2.8514 0.6508
v 1.1656 -2.9925 0.8798
v 1.0303 -3.0340 0.6484
v 0.8916 -3.0613 0.1559
v 0.9564 -3.0065 -0.0591
v 1.1048 -2.9237 -0.2154
v 1.5584 -3.0900 -0.4954
v 1.3424 -3.1675 -0.4192
v 1.5599 -3.2601 1.0588
v 2.1625 -3.0789 -0.1488
v 1.7828 -3.0537 -0.4673
v 2.2642 -3.1112 0.1095
v 2.2472 -3.1451 0.3758
v 1.8010 -3.2328 1.0305
v 1.3959 -3.2955 0.9631
v 1.9639 -3.2107 0.8896
v 2.1485 -3.1852 0.6440
v 1.2418 -3.3443 0.8166
v 1.1045 -3.3865 0.6181
v 0.9667 -3.4007 0.1356
v 1.0269 -3.3391 -0.0994
v 1.1599 -3.2577 -0.2785
v 1.5766 -3.3972 -0.5854
v 1.3615 -3.4841 -0.5004
v 1.5754 -3.5881 1.0298
v 2.1713 -3.3302 -0.2318
v 1.7901 -3.3377 -0.5630
v 2.2772 -3.3638 0.0511
v 2.2854 -3.4110 0.3710
v 1.8068 -3.5516 1.0277
v 1.4252 -3.6228 0.9262
v 1.9701 -3.5171 0.9031
v 2.1704 -3.4648 0.6618
v 1.2834 -3.6505 0.7800
v 1.1550 -3.6778 0.5737
v 1.0062 -3.6871 0.1174
v 1.0539 -3.6425 -0.1372
v 1.1828 -3.5728 -0.3345
v 1.5929 -3.7719 -0.6618
v 1.3840 -3.8599 -0.5638
v 1.6234 -3.9690 1.0241
v 2.1831 -3.6401 -0.3165
v 1.8089 -3.6971 -0.6508
v 2.2905 -3.6622 -0.0118
v 2.2961 -3.7130 0.3368
v 1.8243 -3.9165 1.0315
v 1.4754 -4.0019 0.9076
v 1.9806 -3.8652 0.9145
v 2.1745 -3.7777 0.6765
v 1.3262 -4.0097 0.7409
v 1.1804 -4.0159 0.5540
v 1.0268 -4.0199 0.1086
v 1.0804 -3.9941 -0.1658
v 1.2115 -3.9403 -0.3737
v 1.6177 -4.2801 -0.7014
v 1.4068 -4.3686 -0.5712
v 1.6483 -4.4384 1.0109
v 2.2303 -4.1190 -0.3578
v 1.8423 -4.1994 -0.6905
v 2.3408 -4.1276 -0.0459
v 2.3359 -4.1665 0.3324
v 1.8403 -4.3804 1.0338
v 1.5009 -4.4696 0.8983
v 2.0060 -4.3220 0.9377
v 2.2095 -4.2319 0.6909
v 1.3479 -4.4879 0.7480
v 1.2100 -4.4990 0.5876
v 1.0555 -4.5045 0.1262
v 1.1097 -4.4857 -0.1606
v 1.2428 -4.4427 -0.3688
v 1.6207 -4.8423 -0.6825
v 1.4006 -4.9285 -0.5143
v 1.6607 -4.9223 0.9894
v 2.2961 -4.6737 -0.2973
v 1.8697 -4.7598 -0.6853
v 2.4103 -4.6734 0.0078
v 2.4095 -4.6997 0.3749
v 1.8406 -4.8759 1.0251
v 1.5008 -4.9596 0.9051
v 2.0517 -4.8192 0.9605
v 2.2748 -4.7514 0.7185
v 1.3498 -4.9922 0.7741
v 1.2049 -5.0212 0.6193
v 1.0593 -5.0458 0.1555
v 1.1120 -5.0386 -0.1017
v 1.2334 -4.9987 -0.2982
v 1.5906 -5.4049 -0.6394
v 1.3791 -5.4729 -0.4949
v 1.6673 -5.3713 1.0312
v 2.3519 -5.2656 -0.2665
v 1.8448 -5.3435 -0.6697
v 2.4697 -5.2557 0.0722
v 2.4580 -5.2570 0.4704
v 1.8647 -5.3351 1.0790
v 1.5107 -5.4032 0.9463
v 2.0851 -5.3031 1.0359
v 2.3136 -5.2744 0.8287
v 1.3685 -5.4357 0.8305
v 1.2353 -5.4711 0.6621
v 1.0923 -5.5370 0.1579
v 1.1238 -5.5531 -0.0935
v 1.2206 -5.5310 -0.3045
v 1.5302 -6.0406 -0.6690
v 1.3407 -6.0944 -0.5604
v 1.7344 -5.7992 1.0818
v 2.4029 -5.8576 -0.2840
v 1.7944 -5.9819 -0.6937
v 2.5428 -5.7983 0.1354
v 2.5314 -5.7640 0.5896
v 1.9117 -5.7691 1.1362
v 1.5793 -5.8356 0.9993
v 2.1321 -5.7534 1.1241
v 2.3736 -5.7479 0.9534
v 1.4257 -5.8876 0.8655
v 1.2757 -5.9480 0.6753
v 1.1166 -6.0888 0.0992
v 1.1370 -6.1354 -0.1660
v 1.2099 -6.1370 -0.3839
v 1.5220 -6.6131 -0.6978
v 1.3053 -6.6426 -0.5699
v 1.8099 -6.1999 1.1332
v 2.4892 -6.3546 -0.2645
v 1.8275 -6.5528 -0.7233
v 2.6290 -6.2615 0.1853
v 2.6223 -6.1748 0.6861
v 1.9924 -6.1610 1.1960
v 1.6490 -6.2508 1.0419
v 2.2187 -6.1431 1.1817
v 2.4636 -6.1431 1.0253
v 1.4848 -6.3154 0.8840
v 1.3303 -6.4153 0.6601
v 1.1231 -6.5874 0.0762
v 1.1170 -6.6375 -0.1756
v 1.1729 -6.6533 -0.3849
v 1.5274 -7.0173 -0.6855
v 1.2818 -7.0157 -0.5342
v 2.5171 -6.7300 -0.2065
v 1.5138 -6.6615 0.9447
v 1.3560 -6.7474 0.7035
v 1.1252 -6.9078 0.1168
v 1.1033 -6.9626 -0.1281
v 1.1481 -6.9964 -0.3411
v 0.0608 0.1954 0.2573
v 0.1033 0.0517 0.2505
v 0.1177 -0.1046 0.2583
v 0.1667 -0.3486 0.2897
v 0.2244 -0.6269 0.3252
v 0.4042 -1.3050 0.4373
v 0.5436 -1.7236 0.4434
v 0.7039 -2.2182 0.4279
v 0.8405 -2.6769 0.4106
v 0.9217 -3.0678 0.4032
v 0.9995 -3.4097 0.3666
v 1.0484 -3.6880 0.3503
v 1.0714 -4.0188 0.3483
v 1.0946 -4.5019 0.3803
v 1.0964 -5.0352 0.4069
v 1.1315 -5.5022 0.4325
v 1.1648 -6.0236 0.3968
v 1.1963 -6.5075 0.3719
v 0.8221 -0.7813 1.1462
v 0.5550 -0.8570 0.9246
v 0.3759 -0.9161 0.6523
v 0.3012 -0.9495 0.3923
v 0.3175 -0.9494 0.1453
v 0.4170 -0.9191 -0.0771
v 0.5888 -0.8713 -0.2766
v 0.8195 -0.8199 -0.4439
v 1.0851 -0.7642 -0.5420
v 1.3625 -0.6992 -0.5521
v 1.8292 -0.5711 -0.2514
v 1.9940 -0.5193 0.0589
v 2.0532 -0.4902 0.4220
v 1.9814 -0.4899 0.7870
v 1.7710 -0.5184 1.0746
v 1.4767 -0.5874 1.2438
v 1.1473 -0.6850 1.2788
v 0.2241 1.8029 -0.9276
v 0.2222 1.4382 -1.0430
v 0.2106 1.1955 -1.0452
v 0.1751 0.8309 -0.9637
v 0.1348 0.5988 -0.8469
v 0.0814 0.4083 -0.6155
v 0.0533 0.3330 -0.4098
v 0.0324 0.2792 -0.1964
v 0.0240 0.2407 0.0306
v 0.0350 0.2294 0.2605
v 0.0599 0.2471 0.5205
v 0.1060 0.3186 0.8135
v 0.1633 0.4519 1.1138
v 0.1914 0.6555 1.3293
v 0.1925 0.9689 1.4417
v 0.1995 1.3032 1.4771
v 0.2014 1.6447 1.4906
v 0.0011 1.8016 -0.8987
v 0.0006 1.2129 -1.0078
v 0.0002 0.7860 -0.9004
v 0.0000 0.5412 -0.7514
v -0.0000 0.4196 -0.5580
v -0.0000 0.3577 -0.3722
v -0.0000 1.2772 1.4966
v 0.0000 0.9799 1.4522
v 0.0000 0.6253 1.3568
v 0.0000 0.4576 1.1479
v -0.0000 1.6615 1.5128
v 0.0000 0.3243 0.8328
v 0.0000 0.2406 0.5198
v 0.0000 0.2656 0.0421
v -0.0000 0.3082 -0.1727
v 0.0000 0.2442 0.2639
v -2.1716 -7.7068 -0.4077
v -2.5749 -7.4703 0.3790
v -1.7709 -7.2977 1.3005
v -2.5316 -7.3956 0.7758
v -1.9488 -7.2904 1.3314
v -1.6154 -7.3327 1.1569
v -2.1487 -7.3233 1.2323
v -1.4660 -7.3600 0.9917
v -2.3571 -7.3483 1.0688
v -1.1234 -7.5066 0.2814
v -1.3297 -7.4014 0.7738
v -1.8502 -7.7731 -0.6130
v -1.2930 -7.6849 -0.4529
v -1.1366 -7.6240 -0.2162
v -1.5510 -7.7404 -0.6211
v -1.0893 -7.5637 0.0341
v -2.4408 -7.5862 -0.0584
v -1.2127 -7.4512 0.5345
v 2.2117 -7.6933 -0.4343
v 2.6468 -7.4482 0.3340
v 1.9234 -7.2985 1.3555
v 2.6819 -7.3717 0.7614
v 2.1249 -7.2779 1.3830
v 1.7503 -7.3447 1.2106
v 2.3516 -7.3016 1.2640
v 1.5833 -7.3876 1.0253
v 2.5616 -7.3281 1.0750
v 1.1828 -7.5757 0.2320
v 1.4265 -7.4457 0.7808
v 1.8900 -7.7754 -0.6236
v 1.3348 -7.7442 -0.4891
v 1.1834 -7.6943 -0.2683
v 1.5907 -7.7815 -0.6422
v 1.1414 -7.6370 -0.0233
v 2.4840 -7.5674 -0.1034
v 1.2883 -7.5103 0.5094
v -0.0000 1.8824 1.5076
v -0.2019 1.9005 1.4880
v 0.1983 1.8835 1.4746
v 0.4815 0.6658 1.2556
v 0.4235 0.3821 1.0889
v 0.4892 1.6602 1.4340
v 0.0913 0.1784 -0.2369
v 0.1277 0.1668 0.5335
v 0.0657 0.1410 0.0091
v 0.2430 0.2391 0.8247
v 0.4938 0.9936 1.3448
v 0.4885 1.3256 1.3841
v 0.0796 0.1384 0.2520
v 0.3338 0.6037 -0.8989
v 0.2534 0.3955 -0.7057
v 0.4568 1.1852 -1.0676
v 0.1590 0.2551 -0.4648
v 0.4806 1.8101 -0.9546
v 0.4638 1.4239 -1.0604
v -0.1591 0.2553 -0.4651
v -0.4120 0.3976 1.0786
v -0.0917 0.1776 -0.2370
v -0.0661 0.1401 0.0090
v -0.2447 0.2371 0.8253
v -0.1285 0.1649 0.5337
v -0.4936 1.6604 1.4592
v -0.4800 0.6717 1.2532
v -0.4955 0.9956 1.3464
v -0.4930 1.3056 1.3923
v -0.2540 0.3972 -0.7040
v -0.3318 0.5982 -0.8874
v -0.3909 0.8301 -1.0058
v -0.4831 1.7907 -0.9617
v -0.4480 1.4050 -1.0471
v -0.4397 1.1862 -1.0643
v -0.0800 0.1374 0.2520
v -2.2202 -5.2923 0.9034
v -1.8762 -0.5042 0.9307
v -2.0833 -3.2013 0.7526
v -2.0996 -3.4904 0.7722
v -2.1332 -4.2707 0.7839
v -2.0968 -3.8107 0.7705
v -1.7609 0.3363 0.9163
v -1.7910 0.1023 0.9225
v -1.3581 1.8025 0.9831
v -1.9253 -0.9060 0.9201
v -1.8356 -0.1688 0.9311
v -1.7150 0.5824 0.9303
v -1.5301 1.0763 0.9295
v -1.4572 1.3500 0.9410
v -2.0338 -2.8630 0.7663
v -1.6292 0.8367 0.9433
v -2.0428 -2.4414 0.7729
v -1.9717 -1.4039 0.8804
v -2.0094 -1.9509 0.8134
v -2.2546 -6.5030 1.1385
v -2.2519 -6.9903 1.1514
v -2.2454 -6.1741 1.0730
v -2.2475 -6.7660 1.1480
v -2.2244 -5.7746 0.9995
v -2.1922 -4.7765 0.8143
v -2.2529 -7.3358 1.1519
v 1.3715 1.7638 1.0132
v 1.7563 0.3379 0.9147
v 2.2529 -5.7506 1.0401
v 2.1993 -5.2887 0.9360
v 2.1130 -4.2727 0.8149
v 1.8341 -0.1682 0.9308
v 1.7887 0.1032 0.9219
v 2.1632 -4.7853 0.8391
v 2.4067 -6.4655 1.1678
v 2.0211 -2.8630 0.7747
v 2.0356 -2.4413 0.7748
v 2.0070 -1.9505 0.8132
v 2.4537 -6.9676 1.1797
v 2.0670 -3.2012 0.7645
v 2.4343 -6.7325 1.1806
v 1.9253 -0.9060 0.9201
v 2.0775 -3.8102 0.7964
v 2.0817 -3.4901 0.7855
v 1.9716 -1.4039 0.8804
v 2.3412 -6.1431 1.1023
v 1.5444 1.1264 0.9637
v 1.4424 1.4373 0.9858
v 1.8762 -0.5041 0.9307
v 1.6375 0.8398 0.9428
v 1.7143 0.5821 0.9249
v 2.4566 -7.3148 1.1702
v 0.0385 0.4178 -0.5834
v 0.0253 0.3506 -0.3882
v 0.1226 1.8037 -0.9098
v 0.0582 0.5456 -0.7809
v 0.0911 0.8012 -0.9254
v 0.1173 1.2160 -1.0218
v 0.1255 1.4749 -1.0134
v 0.0108 0.2587 0.0377
v 0.0151 0.2996 -0.1824
v 0.0174 0.2411 0.2627
v 0.0299 0.2439 0.5199
v 0.1067 1.6576 1.4963
v 0.1055 1.2852 1.4822
v 0.0827 0.4573 1.1344
v 0.0988 0.6358 1.3468
v 0.1015 0.9756 1.4416
v 0.0580 0.3261 0.8263
v 0.0992 1.8806 1.4817
v -0.1237 1.4851 -1.0061
v -0.1056 1.2854 1.5019
v -0.1068 1.6578 1.5164
v -0.0987 0.6358 1.3606
v -0.1014 0.9755 1.4605
v -0.0580 0.3262 0.8281
v -0.0827 0.4574 1.1431
v -0.1166 1.2234 -1.0195
v -0.0385 0.4182 -0.5834
v -0.1197 1.8043 -0.9060
v -0.0253 0.3507 -0.3882
v -0.0581 0.5466 -0.7807
v -0.0902 0.7966 -0.9234
v -0.0151 0.2996 -0.1824
v -0.0108 0.2587 0.0377
v -0.0299 0.2439 0.5199
v -0.0174 0.2411 0.2627
v -0.0993 1.8879 1.5032
v -0.0525 1.4856 -1.0001
v -0.0495 1.2783 1.5005
v -0.0502 1.6601 1.5170
v -0.0446 0.6279 1.3601
v -0.0475 0.9781 1.4563
v -0.0265 0.3251 0.8324
v -0.0368 0.4576 1.1491
v -0.0482 1.2169 -1.0105
v -0.0145 0.4198 -0.5647
v -0.0527 1.8028 -0.9015
v -0.0099 0.3565 -0.3764
v -0.0212 0.5431 -0.7591
v -0.0357 0.7893 -0.9062
v -0.0059 0.3065 -0.1751
v -0.0042 0.2644 0.0410
v -0.0150 0.2422 0.5198
v -0.0077 0.2440 0.2636
v -0.0499 1.8873 1.5111
v 0.0145 0.4196 -0.5646
v 0.0099 0.3564 -0.3764
v 0.0551 1.8024 -0.9025
v 0.0213 0.5427 -0.7591
v 0.0362 0.7892 -0.9064
v 0.0494 1.2156 -1.0108
v 0.0042 0.2644 0.0410
v 0.0059 0.3065 -0.1751
v 0.0077 0.2440 0.2636
v 0.0150 0.2422 0.5198
v 0.0502 1.6600 1.5030
v 0.0495 1.2782 1.4866
v 0.0368 0.4576 1.1435
v 0.0446 0.6280 1.3507
v 0.0475 0.9781 1.4430
v 0.0265 0.3251 0.8311
v 0.0499 1.8836 1.4973
v 0.0542 1.4841 -1.0011
v 1.0100 -0.0514 -0.6901
v 1.6623 -6.0112 -0.6816
v 1.3228 -1.1249 -0.5091
v 1.7452 -4.8010 -0.6897
v 1.7181 -5.3742 -0.6589
v 1.1010 -0.3614 -0.6009
v 1.6689 -3.0717 -0.4807
v 1.6938 -6.9930 -0.6941
v 1.6834 -3.3671 -0.5743
v 1.7152 -7.2440 -0.6671
v 1.5650 -2.4446 -0.3611
v 1.7300 -4.2398 -0.6968
v 1.4141 -1.5639 -0.4591
v 1.4940 -2.0312 -0.3894
v 1.7009 -3.7345 -0.6563
v 1.7370 -7.4363 -0.6508
v 1.6747 -6.5830 -0.7106
v 0.9938 0.2461 -0.8038
v 1.0091 0.8448 -0.9257
v 1.2238 -0.7317 -0.5471
v 0.9991 0.5463 -0.8864
v 1.6355 -2.7843 -0.3904
v 0.9982 1.8190 -0.7349
v -0.5943 1.6161 -0.9454
v 1.7404 -7.7785 -0.6329
v -1.7089 -5.3696 -0.6548
v -1.2267 -0.7310 -0.5472
v -0.9837 1.7966 -0.7420
v -1.6853 -3.0714 -0.4805
v -1.7007 -3.3665 -0.5742
v -1.7476 -4.2394 -0.6966
v -1.7193 -3.7337 -0.6562
v -1.0103 -0.0498 -0.6899
v -1.3258 -1.1243 -0.5090
v -1.1039 -0.3607 -0.6011
v -0.9988 0.5471 -0.8662
v -1.0076 0.8317 -0.9118
v -1.6503 -2.7841 -0.3902
v -1.5762 -2.4444 -0.3607
v -0.9944 0.2491 -0.7958
v -1.5005 -2.0309 -0.3890
v -1.4175 -1.5634 -0.4589
v -1.6629 -7.2133 -0.6511
v -1.6450 -6.9538 -0.6830
v -1.1403 1.6504 -0.6839
v -1.6980 -7.4130 -0.6341
v -1.6391 -6.5390 -0.7040
v -1.6430 -5.9813 -0.6775
v -1.7517 -4.8040 -0.6922
v -1.7038 -7.7571 -0.6170
v 0.5882 1.5041 1.3895
v 1.0444 1.5644 1.2640
v 1.3060 1.5845 1.1312
v 0.3931 1.4772 1.4251
v -1.4302 1.6589 -0.2678
v -1.5025 1.6415 0.7507
v -1.6091 1.6333 0.4938
v -1.5507 1.6526 0.0849
v -0.3936 1.4772 1.4413
v -1.2358 1.6166 1.1090
v -1.0585 1.5920 1.2297
v -0.8435 1.5619 1.3296
v -0.6038 1.5050 1.4063
v -0.0000 1.4807 1.5103
v -0.2232 1.6494 -0.9732
v -1.2865 1.6608 -0.5124
v -0.2006 1.4736 1.5003
v 1.2779 1.6640 -0.5105
v -0.3394 1.6418 -0.9773
v 1.1349 1.6726 -0.6828
v 1.4322 1.6607 -0.2676
v 0.0010 1.6551 -0.9601
v 0.2270 1.6312 -1.0049
v 0.2004 1.4733 1.4838
v 1.4911 1.6101 0.8682
v 1.6058 1.6342 0.4905
v 1.5517 1.6528 0.0836
v 0.3444 1.6180 -1.0424
v 0.8035 1.5355 1.3397
v 0.4871 1.4900 1.4071
v 0.4711 1.6276 -1.0232
v -0.4913 1.4900 1.4221
v -0.5909 1.4079 -0.9895
v -1.3793 1.6297 0.9542
v 1.4037 1.5983 0.9983
v 0.1065 1.4784 1.4933
v 0.1275 1.6515 -0.9761
v -0.1065 1.4786 1.5133
v -0.1247 1.6568 -0.9673
v -0.0501 1.4795 1.5137
v -0.0536 1.6565 -0.9624
v 0.0501 1.4794 1.4997
v 0.0558 1.6556 -0.9636
v 2.2329 -7.6968 -0.4909
v 2.5225 -7.5629 -0.1390
v 1.8908 -7.7841 -0.6922
v 2.6956 -7.4361 0.3262
v 2.7329 -7.3548 0.7806
v 2.1406 -7.2573 1.4373
v 2.3816 -7.2802 1.3166
v 2.6050 -7.3084 1.1141
v 2.4933 -7.2943 1.2154
v 1.5647 -7.3716 1.0612
v 1.3979 -7.4335 0.8013
v 1.7422 -7.3261 1.2595
v 1.9263 -7.2735 1.4191
v 1.3003 -7.7509 -0.5492
v 1.5726 -7.7905 -0.7119
v 1.1393 -7.6978 -0.3143
v 1.0947 -7.6369 -0.0539
v 1.1388 -7.5717 0.2177
v 1.7317 -7.7873 -0.7021
v 1.2509 -7.5022 0.5127
v -2.6138 -7.4629 0.3749
v -2.4732 -7.5844 -0.0839
v -2.1908 -7.7108 -0.4502
v -1.8537 -7.7804 -0.6656
v -2.5684 -7.3844 0.7910
v -1.0914 -7.5009 0.2725
v -1.0557 -7.5607 0.0131
v -2.2761 -7.3218 1.1860
v -2.3854 -7.3349 1.0984
v -1.4508 -7.3471 1.0175
v -1.3078 -7.3906 0.7890
v -1.6074 -7.3185 1.1928
v -1.7705 -7.2792 1.3471
v -1.9571 -7.2750 1.3736
v -1.7001 -7.7636 -0.6697
v -1.5399 -7.7461 -0.6741
v -1.1850 -7.4428 0.5380
v -1.1052 -7.6240 -0.2494
v -1.2692 -7.6878 -0.4976
v -2.1668 -7.3086 1.2722
v -1.4078 1.4673 0.9339
v -1.0854 1.4302 1.2165
v -1.2954 1.5447 -0.5298
v 1.2844 1.5606 -0.5373
v -0.4915 1.3971 1.4063
v -0.1061 1.3820 1.5076
v -0.0498 1.3789 1.5071
v 0.5891 1.4226 1.3779
v 1.0566 1.4847 1.2603
v 1.3251 1.5024 1.1273
v 0.3930 1.3934 1.4122
v -1.4283 1.5543 -0.2902
v -1.1556 1.5241 -0.7024
v -1.5221 1.5029 0.7270
v -1.6167 1.5558 0.4816
v -1.5508 1.5514 0.0670
v -0.3935 1.3935 1.4279
v -0.8599 1.4198 1.3154
v -0.6052 1.4128 1.3930
v -0.0000 1.3790 1.5034
v -0.2001 1.3885 1.4967
v 1.1453 1.5454 -0.7117
v 1.4283 1.5737 -0.2894
v 0.2000 1.3882 1.4805
v 1.5067 1.5297 0.8592
v 1.6132 1.5571 0.4783
v 1.5502 1.5646 0.0662
v 0.8084 1.4548 1.3316
v 0.4874 1.4073 1.3949
v 1.4215 1.5169 0.9917
v 0.1060 1.3747 1.4878
v 0.0498 1.3788 1.4932
v -1.2662 1.4433 1.0933
v 0.8754 1.6852 -0.8552
v 0.7431 1.6822 -0.9189
v 0.6065 1.6639 -0.9838
v 1.0025 1.6788 -0.7862
v 0.8776 1.5281 -0.8933
v 0.7444 1.5180 -0.9578
v 0.6066 1.4892 -1.0205
v 1.0096 1.5328 -0.8200
v 0.8805 1.3390 -0.9327
v 0.7456 1.3230 -0.9943
v 0.6093 1.2779 -1.0496
v 1.0175 1.3521 -0.8593
v -0.7312 1.6235 -0.8877
v -0.8653 1.6305 -0.8370
v -0.9974 1.6381 -0.7887
v -0.7291 1.4282 -0.9351
v -0.8654 1.4484 -0.8846
v -1.0053 1.4830 -0.8242
v -0.5814 1.2145 -1.0319
v -0.7197 1.2395 -0.9871
v -0.8616 1.2686 -0.9412
v -1.0086 1.3186 -0.8748
v -0.1949 1.0095 -1.0122
v 0.0004 0.9910 -0.9723
v 0.2981 1.0071 -1.0430
v -0.2968 1.0096 -1.0378
v 0.1953 1.0093 -1.0165
v 0.4346 1.0151 -1.0581
v -0.4182 1.0049 -1.0523
v 0.1062 1.0027 -0.9906
v -0.1056 1.0035 -0.9899
v -0.0427 0.9951 -0.9766
v 0.0434 0.9944 -0.9762
v 0.8723 1.1168 -0.9797
v -0.8508 1.0354 -0.9854
v 0.7310 1.1024 -1.0325
v 0.5943 1.0751 -1.0764
v 1.0192 1.1296 -0.9063
v -0.5518 1.0088 -1.0526
v -0.6972 1.0131 -1.0219
v -1.0096 1.0900 -0.9180
v -0.9315 1.9912 1.3632
v -1.8649 -7.4993 1.4007
v -0.9061 2.3143 1.3449
v -0.6433 2.3184 1.0601
v -0.9033 1.9462 1.3267
v -0.7747 2.3164 1.2025
v -0.8751 2.3154 1.3127
v -1.7737 -4.8906 1.1747
v -1.7749 -5.3548 1.2099
v -1.6936 -3.5675 1.1363
v -1.6803 -3.2434 1.1526
v -1.7574 -4.4092 1.1333
v -1.7333 -3.9424 1.1366
v -1.2157 0.1736 1.4392
v -1.2515 -0.0765 1.4399
v -0.9289 1.7479 1.3285
v -1.1579 0.4555 1.4248
v -1.3883 -1.0074 1.4043
v -1.1055 0.7603 1.4405
v -1.0609 1.0312 1.4302
v -1.0170 1.3207 1.4039
v -1.6532 -2.8965 1.2007
v -1.2813 -0.3414 1.4388
v -1.6058 -2.5022 1.2558
v -1.5687 -2.0143 1.2947
v -1.8134 -6.5334 1.3127
v -1.8269 -6.7681 1.3295
v -1.4870 -1.4704 1.3634
v -1.8148 -6.9721 1.3230
v -1.8060 -6.2109 1.2908
v -1.7807 -5.8071 1.2532
v -1.3168 -0.6402 1.4268
v -1.8598 -7.2838 1.3790
v -0.9538 1.5771 1.3462
v -1.8638 -7.2705 1.4173
v -0.9776 1.4263 1.3692
v 0.9283 1.9905 1.3511
v 0.9031 2.3137 1.3227
v 0.6417 2.3179 1.0311
v 0.9002 1.9458 1.3165
v 0.7724 2.3158 1.1769
v 0.8722 2.3147 1.2878
v 1.2158 0.1740 1.4442
v 1.0929 0.7618 1.4732
v 0.9127 1.7183 1.3543
v 1.1563 0.4523 1.4538
v 1.2519 -0.0765 1.4452
v 1.8257 -5.7846 1.2637
v 1.3883 -1.0074 1.4090
v 1.7536 -4.8981 1.1755
v 1.7687 -5.3530 1.2100
v 1.2818 -0.3417 1.4439
v 1.9431 -6.5102 1.3609
v 1.6701 -3.2432 1.1622
v 1.6830 -3.5674 1.1469
v 1.9769 -6.7528 1.3872
v 1.6006 -2.5022 1.2616
v 1.7424 -4.4114 1.1396
v 1.9774 -6.9628 1.3840
v 1.4870 -1.4704 1.3681
v 1.5670 -2.0143 1.2994
v 1.7207 -3.9428 1.1464
v 1.9012 -6.1804 1.3215
v 1.0093 1.0810 1.4692
v 0.9468 1.3970 1.4057
v 1.3171 -0.6404 1.4317
v 1.6449 -2.8964 1.2083
v 2.0242 -7.2760 1.4364
v 0.9265 1.5560 1.3785
v 2.0335 -7.2581 1.4867
v 0.9360 1.4764 1.3915
v 2.0348 -7.4892 1.5142
vt 0.9674 0.9795
vt 0.9670 0.9752
vt 0.9834 0.9793
vt 0.9827 0.9835
vt 0.8708 0.9662
vt 0.8697 0.9707
vt 0.8503 0.9700
vt 0.8519 0.9656
vt 0.8794 0.9653
vt 0.8785 0.9698
vt 0.9033 0.9620
vt 0.9033 0.9660
vt 0.8874 0.9689
vt 0.8879 0.9643
vt 0.9203 0.8027
vt 0.9196 0.8065
vt 0.9123 0.8065
vt 0.9132 0.8026
vt 0.7467 0.9152
vt 0.7474 0.9187
vt 0.7428 0.9191
vt 0.7423 0.9153
vt 0.7463 0.8909
vt 0.7469 0.9042
vt 0.7413 0.9042
vt 0.7425 0.8903
vt 0.9670 0.9878
vt 0.9823 0.9841
vt 0.9830 0.9882
vt 0.9666 0.9922
vt 0.8527 0.9857
vt 0.8716 0.9857
vt 0.8731 0.9902
vt 0.8537 0.9902
vt 0.8444 0.9843
vt 0.8451 0.9887
vt 0.8209 0.9798
vt 0.8360 0.9829
vt 0.8365 0.9873
vt 0.8209 0.9832
vt 0.9594 0.7506
vt 0.9667 0.7507
vt 0.9675 0.7540
vt 0.9600 0.7540
vt 0.9622 0.8788
vt 0.9624 0.8838
vt 0.9586 0.8840
vt 0.9586 0.8794
vt 0.9867 0.8770
vt 0.9876 0.8806
vt 0.9733 0.8831
vt 0.9729 0.8775
vt 0.9402 0.9265
vt 0.9564 0.9257
vt 0.9547 0.9499
vt 0.9389 0.9497
vt 0.6515 0.9684
vt 0.6369 0.9668
vt 0.6376 0.9449
vt 0.6518 0.9464
vt 0.6893 0.9931
vt 0.6747 0.9944
vt 0.6747 0.9724
vt 0.6889 0.9711
vt 0.8445 0.9464
vt 0.8277 0.9486
vt 0.8260 0.9253
vt 0.8425 0.9233
vt 0.6966 0.9929
vt 0.6960 0.9708
vt 0.8397 0.8912
vt 0.8485 0.8913
vt 0.8495 0.9145
vt 0.8410 0.9144
vt 0.9030 0.9262
vt 0.9224 0.9266
vt 0.9212 0.9498
vt 0.9021 0.9494
vt 0.6770 0.9171
vt 0.6998 0.9183
vt 0.6980 0.9416
vt 0.6768 0.9404
vt 0.8678 0.8913
vt 0.8683 0.9145
vt 0.6453 0.8387
vt 0.6489 0.8390
vt 0.6510 0.8464
vt 0.6450 0.8465
vt 0.8014 0.8934
vt 0.8153 0.8929
vt 0.8158 0.9165
vt 0.8024 0.9168
vt 0.7788 0.9491
vt 0.7510 0.9464
vt 0.7525 0.9232
vt 0.7795 0.9259
vt 0.6787 0.9700
vt 0.6655 0.9686
vt 0.6653 0.9463
vt 0.6779 0.9469
vt 0.8498 0.9537
vt 0.8498 0.9274
vt 0.8739 0.9278
vt 0.8730 0.9534
vt 0.9225 0.7753
vt 0.9300 0.7752
vt 0.9292 0.7800
vt 0.9217 0.7801
vt 0.8049 0.9498
vt 0.8046 0.9265
vt 0.6981 0.9694
vt 0.6913 0.9699
vt 0.6899 0.9470
vt 0.6965 0.9464
vt 0.6477 0.9956
vt 0.6352 0.9953
vt 0.6369 0.9724
vt 0.6488 0.9725
vt 0.7165 0.9205
vt 0.7145 0.9436
vt 0.8918 0.9252
vt 0.8912 0.9493
vt 0.6511 0.9177
vt 0.6518 0.9410
vt 0.9449 0.7694
vt 0.9515 0.7694
vt 0.9516 0.7741
vt 0.9448 0.7741
vt 0.6609 0.9944
vt 0.6614 0.9721
vt 0.6678 0.9944
vt 0.6681 0.9723
vt 0.9895 0.7779
vt 0.9859 0.7778
vt 0.9857 0.7748
vt 0.9893 0.7748
vt 0.9313 0.9266
vt 0.9300 0.9497
vt 0.6416 0.8382
vt 0.6402 0.8459
vt 0.8906 0.8891
vt 0.9061 0.8896
vt 0.9027 0.8932
vt 0.8916 0.8925
vt 0.6583 0.9685
vt 0.6583 0.9464
vt 0.9225 0.8891
vt 0.9487 0.8904
vt 0.9478 0.9136
vt 0.9223 0.9139
vt 0.7937 0.8931
vt 0.7950 0.9169
vt 0.9510 0.8108
vt 0.9401 0.8109
vt 0.9396 0.8068
vt 0.9510 0.8068
vt 0.7774 0.9041
vt 0.7756 0.8887
vt 0.7790 0.8857
vt 0.7804 0.8974
vt 0.6235 0.9205
vt 0.6250 0.9436
vt 0.2303 0.9571
vt 0.2389 0.9606
vt 0.2294 0.9734
vt 0.2222 0.9705
vt 0.1281 0.9730
vt 0.1306 0.9749
vt 0.1235 0.9864
vt 0.1216 0.9847
vt 0.2056 0.9536
vt 0.2217 0.9536
vt 0.2151 0.9675
vt 0.2017 0.9675
vt 0.4130 0.9498
vt 0.4086 0.9539
vt 0.4032 0.9440
vt 0.4069 0.9406
vt 0.4937 0.9759
vt 0.4882 0.9746
vt 0.4872 0.9611
vt 0.4918 0.9622
vt 0.3990 0.9615
vt 0.3951 0.9503
vt 0.4787 0.9708
vt 0.4793 0.9579
vt 0.0542 0.9537
vt 0.0707 0.9534
vt 0.0747 0.9671
vt 0.0607 0.9678
vt 0.3590 0.9784
vt 0.3447 0.9786
vt 0.3500 0.9647
vt 0.3618 0.9645
vt 0.0455 0.9572
vt 0.0535 0.9707
vt 0.1560 0.9679
vt 0.1670 0.9633
vt 0.1697 0.9757
vt 0.1611 0.9805
vt 0.4690 0.9662
vt 0.4712 0.9540
vt 0.3269 0.9744
vt 0.3085 0.9633
vt 0.3199 0.9520
vt 0.3352 0.9612
vt 0.4428 0.9462
vt 0.4406 0.9441
vt 0.4475 0.9356
vt 0.4493 0.9373
vt 0.4638 0.9631
vt 0.4590 0.9603
vt 0.4629 0.9490
vt 0.4669 0.9514
vt 0.0857 0.9551
vt 0.0989 0.9577
vt 0.0981 0.9708
vt 0.0871 0.9685
vt 0.4494 0.9526
vt 0.4548 0.9427
vt 0.5312 0.9730
vt 0.5135 0.9773
vt 0.5082 0.9634
vt 0.5229 0.9598
vt 0.0202 0.9748
vt 0.0368 0.9607
vt 0.0463 0.9736
vt 0.0324 0.9854
vt 0.2554 0.9748
vt 0.2431 0.9852
vt 0.3794 0.9720
vt 0.3700 0.9758
vt 0.3710 0.9623
vt 0.3789 0.9591
vt 0.3644 0.9771
vt 0.3663 0.9635
vt 0.5639 0.9438
vt 0.5494 0.9618
vt 0.5380 0.9505
vt 0.5500 0.9356
vt 0.3941 0.9645
vt 0.3892 0.9674
vt 0.3869 0.9553
vt 0.3910 0.9528
vt 0.2938 0.9453
vt 0.3077 0.9371
vt 0.1985 0.9550
vt 0.1958 0.9687
vt 0.1725 0.9614
vt 0.1785 0.9594
vt 0.1792 0.9723
vt 0.1743 0.9741
vt 0.0782 0.9542
vt 0.0809 0.9678
vt 0.1047 0.9598
vt 0.1106 0.9618
vt 0.1078 0.9738
vt 0.1027 0.9726
vt 0.1913 0.9563
vt 0.1898 0.9698
vt 0.1506 0.9707
vt 0.1566 0.9829
vt 0.1207 0.9671
vt 0.1158 0.9789
vt 0.4993 0.9772
vt 0.4964 0.9632
vt 0.9180 0.9946
vt 0.9196 0.9910
vt 0.9454 0.9906
vt 0.9440 0.9950
vt 0.7152 0.9541
vt 0.7159 0.9505
vt 0.7415 0.9505
vt 0.7414 0.9547
vt 0.9297 0.9622
vt 0.9286 0.9653
vt 0.9144 0.9658
vt 0.9150 0.9625
vt 0.8835 0.9860
vt 0.8821 0.9825
vt 0.8912 0.9876
vt 0.8934 0.9841
vt 0.9763 0.9640
vt 0.9738 0.9680
vt 0.9673 0.9668
vt 0.9694 0.9641
vt 0.9568 0.9635
vt 0.9549 0.9664
vt 0.9436 0.9620
vt 0.9421 0.9651
vt 0.9364 0.9621
vt 0.9351 0.9652
vt 0.9889 0.7824
vt 0.9856 0.7820
vt 0.9856 0.7785
vt 0.9889 0.7787
vt 0.9182 0.9721
vt 0.9444 0.9721
vt 0.9458 0.9764
vt 0.9199 0.9758
vt 0.8009 0.9632
vt 0.8271 0.9632
vt 0.8273 0.9674
vt 0.8015 0.9672
vt 0.7562 0.9636
vt 0.7708 0.9641
vt 0.7713 0.9673
vt 0.7573 0.9667
vt 0.8399 0.9657
vt 0.8415 0.9620
vt 0.8912 0.9787
vt 0.8934 0.9823
vt 0.7097 0.9648
vt 0.7167 0.9650
vt 0.7188 0.9678
vt 0.7121 0.9688
vt 0.7293 0.9646
vt 0.7311 0.9674
vt 0.7424 0.9632
vt 0.7438 0.9664
vt 0.7493 0.9634
vt 0.7506 0.9665
vt 0.9769 0.7398
vt 0.9805 0.7398
vt 0.9807 0.7431
vt 0.9772 0.7431
vt 0.9063 0.9156
vt 0.8907 0.9156
vt 0.8917 0.9127
vt 0.9027 0.9121
vt 0.9935 0.8760
vt 0.9946 0.8794
vt 0.9796 0.7527
vt 0.9794 0.7765
vt 0.9753 0.7765
vt 0.9752 0.7537
vt 0.7436 0.8827
vt 0.7474 0.8836
vt 0.9295 0.8037
vt 0.9222 0.8030
vt 0.9370 0.7740
vt 0.9442 0.7741
vt 0.9439 0.7969
vt 0.9368 0.7975
vt 0.9300 0.8083
vt 0.9227 0.8076
vt 0.9143 0.9135
vt 0.9138 0.8912
vt 0.9181 0.8922
vt 0.9185 0.9130
vt 0.9609 0.9269
vt 0.9592 0.9503
vt 0.9436 0.8011
vt 0.9365 0.8020
vt 0.7758 0.8637
vt 0.7756 0.8887
vt 0.7710 0.8885
vt 0.7710 0.8648
vt 0.9365 0.7694
vt 0.9437 0.7696
vt 0.9680 0.7758
vt 0.9675 0.7798
vt 0.9566 0.7798
vt 0.9568 0.7757
vt 0.9191 0.9140
vt 0.9191 0.8897
vt 0.9708 0.7499
vt 0.9597 0.7499
vt 0.9594 0.7462
vt 0.9704 0.7463
vt 0.8790 0.8898
vt 0.8792 0.9146
vt 0.9013 0.7519
vt 0.9130 0.7519
vt 0.9131 0.7761
vt 0.9017 0.7761
vt 0.9554 0.7860
vt 0.9671 0.7860
vt 0.9668 0.8102
vt 0.9554 0.8103
vt 0.8872 0.9493
vt 0.8877 0.9250
vt 0.9122 0.7792
vt 0.9013 0.7792
vt 0.9218 0.7659
vt 0.9330 0.7659
vt 0.9331 0.7700
vt 0.9214 0.7701
vt 0.9009 0.7485
vt 0.9120 0.7485
vt 0.8498 0.9232
vt 0.8740 0.9238
vt 0.9415 0.7592
vt 0.9662 0.7596
vt 0.9655 0.7629
vt 0.9413 0.7623
vt 0.9074 0.9667
vt 0.9076 0.9634
vt 0.1478 0.9720
vt 0.1543 0.9839
vt 0.4450 0.9484
vt 0.4512 0.9391
vt 0.6295 0.9666
vt 0.6304 0.9445
vt 0.6847 0.8606
vt 0.6776 0.8605
vt 0.6805 0.8526
vt 0.6869 0.8550
vt 0.9660 0.8834
vt 0.9658 0.8777
vt 0.7781 0.9650
vt 0.7782 0.9683
vt 0.4153 0.9477
vt 0.4087 0.9388
vt 0.1257 0.9712
vt 0.1197 0.9831
vt 0.6702 0.8402
vt 0.6737 0.8399
vt 0.6736 0.8476
vt 0.6677 0.8476
vt 0.7003 0.9928
vt 0.6996 0.9706
vt 0.7469 0.9117
vt 0.7422 0.9118
vt 0.9927 0.7703
vt 0.9964 0.7704
vt 0.9966 0.7728
vt 0.9929 0.7727
vt 0.4175 0.9456
vt 0.4106 0.9371
vt 0.7818 0.9655
vt 0.7817 0.9688
vt 0.6914 0.8827
vt 0.6927 0.8591
vt 0.6966 0.8636
vt 0.6966 0.8798
vt 0.6575 0.8598
vt 0.6503 0.8584
vt 0.6489 0.8526
vt 0.6554 0.8514
vt 0.1451 0.9734
vt 0.1520 0.9849
vt 0.9039 0.9672
vt 0.9039 0.9639
vt 0.6258 0.9664
vt 0.6268 0.9442
vt 0.9856 0.7527
vt 0.9893 0.7527
vt 0.9965 0.7948
vt 0.9929 0.7948
vt 0.7026 0.9712
vt 0.7026 0.9933
vt 0.9963 0.7979
vt 0.9927 0.7979
vt 0.9858 0.7504
vt 0.9895 0.7503
vt 0.6235 0.9668
vt 0.6238 0.9448
vt 0.9784 0.9552
vt 0.9745 0.9567
vt 0.9701 0.9495
vt 0.9748 0.9495
vt 0.7014 0.9464
vt 0.7028 0.9700
vt 0.9863 0.7406
vt 0.9864 0.7339
vt 0.9904 0.7315
vt 0.9904 0.7398
vt 0.6282 0.9946
vt 0.6302 0.9716
vt 0.9515 0.7979
vt 0.9449 0.7978
vt 0.9715 0.7863
vt 0.9784 0.7864
vt 0.9783 0.8100
vt 0.9715 0.8101
vt 0.9986 0.8099
vt 0.9918 0.8099
vt 0.9917 0.8052
vt 0.9986 0.8052
vt 0.9516 0.8028
vt 0.9451 0.8027
vt 0.8282 0.9632
vt 0.8349 0.9632
vt 0.8347 0.9682
vt 0.8279 0.9682
vt 0.6235 0.9952
vt 0.6252 0.9716
vt 0.7212 0.9199
vt 0.7195 0.9436
vt 0.9842 0.8096
vt 0.9823 0.7865
vt 0.9872 0.7865
vt 0.9889 0.8102
vt 0.6793 0.8626
vt 0.6861 0.8644
vt 0.6859 0.8806
vt 0.6792 0.8815
vt 0.6636 0.8624
vt 0.6684 0.8623
vt 0.6685 0.8810
vt 0.6637 0.8812
vt 0.6732 0.8624
vt 0.6732 0.8812
vt 0.6511 0.8645
vt 0.6577 0.8626
vt 0.6579 0.8815
vt 0.6514 0.8806
vt 0.6626 0.8415
vt 0.6608 0.8472
vt 0.6561 0.8400
vt 0.6581 0.8465
vt 0.6774 0.8392
vt 0.6784 0.8469
vt 0.6741 0.8605
vt 0.6747 0.8514
vt 0.6610 0.8606
vt 0.6613 0.8514
vt 0.6705 0.8606
vt 0.6699 0.8513
vt 0.6441 0.8514
vt 0.6441 0.8779
vt 0.6386 0.8745
vt 0.6398 0.8573
vt 0.6644 0.8614
vt 0.6660 0.8523
vt 0.7792 0.8678
vt 0.7913 0.8689
vt 0.7908 0.8867
vt 0.9026 0.8933
vt 0.9027 0.9119
vt 0.9115 0.8954
vt 0.9118 0.9102
vt 0.9143 0.9135
vt 0.8310 0.8910
vt 0.8325 0.9142
vt 0.8244 0.9097
vt 0.8235 0.8952
vt 0.7843 0.8500
vt 0.7847 0.8570
vt 0.7342 0.9256
vt 0.7342 0.9402
vt 0.7298 0.9390
vt 0.7298 0.9262
vt 0.8007 0.8712
vt 0.8003 0.8839
vt 0.7854 0.9059
vt 0.7841 0.9103
vt 0.7915 0.8453
vt 0.7912 0.8498
vt 0.3692 0.9861
vt 0.3629 0.9876
vt 0.5014 0.9878
vt 0.4952 0.9864
vt 0.4403 0.9554
vt 0.4378 0.9530
vt 0.1400 0.9648
vt 0.1430 0.9632
vt 0.1302 0.9623
vt 0.1330 0.9643
vt 0.4227 0.9521
vt 0.4202 0.9544
vt 0.1244 0.9581
vt 0.4177 0.9568
vt 0.4453 0.9602
vt 0.1461 0.9617
vt 0.2268 0.9429
vt 0.2365 0.9469
vt 0.0296 0.9508
vt 0.0394 0.9469
vt 0.4020 0.9700
vt 0.3965 0.9733
vt 0.0996 0.9477
vt 0.1061 0.9499
vt 0.4672 0.9755
vt 0.4614 0.9720
vt 0.1650 0.9539
vt 0.1712 0.9518
vt 0.5175 0.9880
vt 0.5581 0.9704
vt 0.5375 0.9831
vt 0.1128 0.9525
vt 0.1522 0.9586
vt 0.1780 0.9495
vt 0.1925 0.9461
vt 0.0762 0.9438
vt 0.0846 0.9448
vt 0.3407 0.9893
vt 0.3206 0.9845
vt 0.3909 0.9767
vt 0.3799 0.9818
vt 0.2005 0.9445
vt 0.2086 0.9429
vt 0.2998 0.9719
vt 0.2832 0.9517
vt 0.5744 0.9502
vt 0.3568 0.9890
vt 0.2462 0.9509
vt 0.2649 0.9669
vt 0.0108 0.9668
vt 0.4561 0.9688
vt 0.4353 0.9506
vt 0.4783 0.9806
vt 0.0492 0.9430
vt 0.0677 0.9428
vt 0.4890 0.9849
vt 0.4127 0.9615
vt 0.1357 0.9663
vt 0.9042 0.8570
vt 0.9142 0.8611
vt 0.9120 0.8642
vt 0.9023 0.8602
vt 0.9308 0.8720
vt 0.9338 0.8741
vt 0.9319 0.8771
vt 0.9292 0.8750
vt 0.8753 0.8529
vt 0.8941 0.8529
vt 0.8926 0.8562
vt 0.8744 0.8562
vt 0.8175 0.8753
vt 0.8217 0.8712
vt 0.8228 0.8732
vt 0.8187 0.8771
vt 0.8822 0.8502
vt 0.8874 0.8513
vt 0.8877 0.8539
vt 0.8826 0.8528
vt 0.8305 0.8638
vt 0.8314 0.8661
vt 0.8966 0.8547
vt 0.8965 0.8572
vt 0.8438 0.8503
vt 0.8629 0.8503
vt 0.8639 0.8535
vt 0.8454 0.8537
vt 0.8685 0.8472
vt 0.8821 0.8468
vt 0.8811 0.8494
vt 0.8680 0.8499
vt 0.8337 0.8544
vt 0.8356 0.8576
vt 0.8166 0.8686
vt 0.8301 0.8642
vt 0.8308 0.8672
vt 0.8180 0.8718
vt 0.9060 0.8589
vt 0.9056 0.8613
vt 0.8992 0.8505
vt 0.9169 0.8608
vt 0.9148 0.8630
vt 0.8976 0.8531
vt 0.9313 0.8774
vt 0.9334 0.8794
vt 0.9321 0.8811
vt 0.9300 0.8792
vt 0.9110 0.8617
vt 0.9156 0.8643
vt 0.9148 0.8666
vt 0.9104 0.8640
vt 0.8804 0.8524
vt 0.8960 0.8554
vt 0.8958 0.8584
vt 0.8808 0.8555
vt 0.9248 0.8714
vt 0.9237 0.8734
vt 0.8465 0.8536
vt 0.8633 0.8491
vt 0.8644 0.8518
vt 0.8482 0.8561
vt 0.8041 0.8750
vt 0.8236 0.8584
vt 0.8258 0.8615
vt 0.8070 0.8775
vt 0.9142 0.8611
vt 0.9336 0.8777
vt 0.9307 0.8802
vt 0.8491 0.8536
vt 0.8580 0.8499
vt 0.8579 0.8525
vt 0.8492 0.8561
vt 0.8634 0.8485
vt 0.8685 0.8472
vt 0.8630 0.8512
vt 0.8158 0.8820
vt 0.8293 0.8646
vt 0.8315 0.8667
vt 0.8185 0.8835
vt 0.8352 0.8610
vt 0.8398 0.8581
vt 0.8403 0.8605
vt 0.8358 0.8633
vt 0.9313 0.8776
vt 0.9286 0.8792
vt 0.8669 0.8545
vt 0.8663 0.8578
vt 0.8366 0.8620
vt 0.8436 0.8597
vt 0.8438 0.8628
vt 0.8370 0.8651
vt 0.8717 0.8514
vt 0.8723 0.8545
vt 0.9028 0.8576
vt 0.9096 0.8605
vt 0.9090 0.8632
vt 0.9023 0.8606
vt 0.8436 0.8597
vt 0.8586 0.8561
vt 0.8583 0.8593
vt 0.8103 0.8718
vt 0.8119 0.8750
vt 0.9218 0.8660
vt 0.9206 0.8688
vt 0.8769 0.8490
vt 0.8775 0.8517
vt 0.8366 0.8620
vt 0.8960 0.8554
vt 0.9028 0.8576
vt 0.8236 0.8584
vt 0.8337 0.8544
vt 0.9042 0.8570
vt 0.8071 0.8734
vt 0.8088 0.8765
vt 0.9291 0.8754
vt 0.9279 0.8773
vt 0.8154 0.8773
vt 0.8167 0.8791
vt 0.9279 0.8700
vt 0.9264 0.8730
vt 0.8133 0.8793
vt 0.8154 0.8773
vt 0.8147 0.8810
vt 0.8040 0.8751
vt 0.8058 0.8781
vt 0.9313 0.8774
vt 0.8769 0.8490
vt 0.8822 0.8502
vt 0.8634 0.8485
vt 0.4635 0.0729
vt 0.4326 0.0655
vt 0.4341 0.0493
vt 0.4663 0.0566
vt 0.8522 0.0651
vt 0.8524 0.0812
vt 0.8456 0.0818
vt 0.8454 0.0655
vt 0.8307 0.0831
vt 0.8300 0.0654
vt 0.8591 0.0806
vt 0.8590 0.0646
vt 0.8727 0.0636
vt 0.8733 0.0787
vt 0.4326 0.0655
vt 0.4306 0.0858
vt 0.4036 0.0800
vt 0.4046 0.0610
vt 0.8576 0.0502
vt 0.8714 0.0500
vt 0.8508 0.0502
vt 0.8440 0.0501
vt 0.8284 0.0494
vt 0.9281 0.0607
vt 0.9080 0.0615
vt 0.9075 0.0498
vt 0.9272 0.0498
vt 0.3956 0.0472
vt 0.4063 0.0459
vt 0.4046 0.0610
vt 0.3936 0.0615
vt 0.3409 0.0571
vt 0.3619 0.0526
vt 0.3606 0.0653
vt 0.3419 0.0688
vt 0.3845 0.0487
vt 0.3822 0.0624
vt 0.8888 0.0624
vt 0.8882 0.0498
vt 0.8199 0.0649
vt 0.8205 0.0829
vt 0.8102 0.0829
vt 0.8097 0.0648
vt 0.3023 0.0674
vt 0.3064 0.0777
vt 0.2867 0.0835
vt 0.2830 0.0731
vt 0.3214 0.0620
vt 0.3244 0.0728
vt 0.8199 0.0649
vt 0.8182 0.0488
vt 0.5291 0.0861
vt 0.4975 0.0805
vt 0.5003 0.0644
vt 0.5299 0.0703
vt 0.5253 0.1046
vt 0.4928 0.0992
vt 0.7811 0.0824
vt 0.7833 0.0637
vt 0.7825 0.0478
vt 0.8080 0.0485
vt 0.4540 0.5024
vt 0.4333 0.5021
vt 0.4348 0.4684
vt 0.4535 0.4683
vt 0.4550 0.1192
vt 0.4506 0.1527
vt 0.4246 0.1500
vt 0.4272 0.1135
vt 0.4509 0.1937
vt 0.4278 0.1922
vt 0.4495 0.2348
vt 0.4298 0.2335
vt 0.4457 0.2721
vt 0.4283 0.2711
vt 0.4463 0.3038
vt 0.4492 0.3261
vt 0.4319 0.3257
vt 0.4291 0.3026
vt 0.4525 0.3451
vt 0.4354 0.3455
vt 0.4538 0.3659
vt 0.4532 0.3938
vt 0.4366 0.3952
vt 0.4370 0.3669
vt 0.4530 0.5327
vt 0.4305 0.5326
vt 0.4511 0.5607
vt 0.4501 0.5832
vt 0.4264 0.5851
vt 0.4267 0.5620
vt 0.4162 0.6299
vt 0.4116 0.6086
vt 0.4292 0.6066
vt 0.4330 0.6272
vt 0.3643 0.6428
vt 0.3503 0.6242
vt 0.3609 0.6103
vt 0.3745 0.6356
vt 0.3811 0.6101
vt 0.3880 0.6326
vt 0.4502 0.6038
vt 0.4528 0.6237
vt 0.3412 0.6706
vt 0.3388 0.6712
vt 0.3293 0.6503
vt 0.3310 0.6499
vt 0.3664 0.6642
vt 0.3597 0.6689
vt 0.3484 0.6509
vt 0.3559 0.6481
vt 0.3746 0.6598
vt 0.3837 0.6544
vt 0.9329 0.6504
vt 0.9361 0.6518
vt 0.9281 0.6721
vt 0.9247 0.6709
vt 0.9433 0.6262
vt 0.9464 0.6272
vt 0.3949 0.6514
vt 0.4075 0.6509
vt 0.4018 0.6315
vt 0.3655 0.7273
vt 0.3622 0.7286
vt 0.3585 0.7197
vt 0.3618 0.7185
vt 0.3900 0.7127
vt 0.3834 0.7182
vt 0.3770 0.7047
vt 0.3838 0.6999
vt 0.4544 0.6963
vt 0.4564 0.7056
vt 0.4401 0.7088
vt 0.4393 0.6988
vt 0.4523 0.6889
vt 0.4486 0.6797
vt 0.4673 0.6772
vt 0.4701 0.6859
vt 0.9013 0.6360
vt 0.8929 0.6594
vt 0.8844 0.6576
vt 0.8921 0.6338
vt 0.8665 0.6455
vt 0.8716 0.6267
vt 0.8612 0.6243
vt 0.8572 0.6427
vt 0.8480 0.6400
vt 0.8508 0.6218
vt 0.8314 0.6361
vt 0.8321 0.6183
vt 0.8160 0.6172
vt 0.8156 0.6349
vt 0.9119 0.6107
vt 0.9014 0.6077
vt 0.8779 0.6053
vt 0.8658 0.6040
vt 0.8536 0.6026
vt 0.8317 0.5999
vt 0.8160 0.6172
vt 0.7995 0.6178
vt 0.8024 0.5990
vt 0.8165 0.5986
vt 0.4378 0.6470
vt 0.4217 0.6499
vt 0.4572 0.6434
vt 0.3763 0.7519
vt 0.3732 0.7533
vt 0.3660 0.7371
vt 0.3693 0.7356
vt 0.4042 0.7383
vt 0.3979 0.7407
vt 0.3878 0.7269
vt 0.3962 0.7230
vt 0.4103 0.7357
vt 0.4064 0.7250
vt 0.4161 0.7227
vt 0.4219 0.7304
vt 0.4256 0.7194
vt 0.4334 0.7262
vt 0.4392 0.7228
vt 0.4317 0.7149
vt 0.4621 0.7158
vt 0.4564 0.7056
vt 0.4774 0.7010
vt 0.4830 0.7112
vt 0.4432 0.6650
vt 0.4623 0.6619
vt 0.3966 0.6097
vt 0.8672 0.5601
vt 0.8683 0.5812
vt 0.8545 0.5811
vt 0.8535 0.5611
vt 0.8821 0.5813
vt 0.8810 0.5592
vt 0.9111 0.5550
vt 0.9148 0.5794
vt 0.8155 0.5800
vt 0.8146 0.5623
vt 0.8288 0.5618
vt 0.8304 0.5801
vt 0.9653 0.5373
vt 0.9717 0.5516
vt 0.9465 0.5646
vt 0.9400 0.5468
vt 0.9867 0.5274
vt 0.9914 0.5377
vt 0.3310 0.6095
vt 0.3370 0.5964
vt 0.3931 0.5862
vt 0.3956 0.5605
vt 0.4061 0.5615
vt 0.4073 0.5861
vt 0.8637 0.5215
vt 0.8658 0.5415
vt 0.8528 0.5433
vt 0.8515 0.5237
vt 0.3600 0.5823
vt 0.3631 0.5563
vt 0.3845 0.5593
vt 0.3787 0.5852
vt 0.9519 0.4997
vt 0.9589 0.5191
vt 0.9353 0.5268
vt 0.9291 0.5067
vt 0.8274 0.5447
vt 0.8270 0.5259
vt 0.9704 0.4938
vt 0.9784 0.5118
vt 0.8788 0.5398
vt 0.8760 0.5192
vt 0.9026 0.5133
vt 0.9073 0.5342
vt 0.8150 0.5457
vt 0.8147 0.5264
vt 0.3408 0.5750
vt 0.3434 0.5518
vt 0.9423 0.4787
vt 0.9204 0.4852
vt 0.9127 0.4618
vt 0.9333 0.4554
vt 0.9601 0.4729
vt 0.9505 0.4493
vt 0.2921 0.5117
vt 0.2945 0.4858
vt 0.3119 0.4886
vt 0.3092 0.5155
vt 0.4107 0.5317
vt 0.4137 0.5012
vt 0.8423 0.3420
vt 0.8433 0.3722
vt 0.8359 0.3722
vt 0.8360 0.3421
vt 0.3815 0.3971
vt 0.3833 0.3684
vt 0.4021 0.3695
vt 0.4013 0.3978
vt 0.8982 0.3334
vt 0.9053 0.3608
vt 0.8868 0.3663
vt 0.8805 0.3373
vt 0.8216 0.3713
vt 0.8227 0.3421
vt 0.9159 0.3297
vt 0.9224 0.3556
vt 0.8506 0.3722
vt 0.8485 0.3420
vt 0.8637 0.3405
vt 0.8682 0.3705
vt 0.8138 0.3706
vt 0.8152 0.3422
vt 0.3617 0.3948
vt 0.3647 0.3660
vt 0.4102 0.3972
vt 0.4112 0.3692
vt 0.4197 0.3688
vt 0.4189 0.3968
vt 0.8478 0.3147
vt 0.8624 0.3130
vt 0.8780 0.3106
vt 0.8805 0.3373
vt 0.8944 0.3081
vt 0.9113 0.3059
vt 0.3296 0.3598
vt 0.3125 0.3584
vt 0.3131 0.3329
vt 0.3309 0.3336
vt 0.3498 0.3363
vt 0.3474 0.3627
vt 0.3671 0.3396
vt 0.3647 0.3660
vt 0.9100 0.2856
vt 0.8929 0.2864
vt 0.8508 0.2906
vt 0.8638 0.2888
vt 0.8158 0.3187
vt 0.8166 0.2978
vt 0.8250 0.2958
vt 0.8234 0.3177
vt 0.3671 0.3396
vt 0.3679 0.3157
vt 0.3852 0.3190
vt 0.3849 0.3427
vt 0.4107 0.3456
vt 0.4089 0.3235
vt 0.4162 0.3246
vt 0.4187 0.3459
vt 0.8446 0.2918
vt 0.8417 0.3154
vt 0.8357 0.3161
vt 0.8384 0.2929
vt 0.4013 0.3222
vt 0.4023 0.3450
vt 0.8781 0.2875
vt 0.4142 0.3003
vt 0.8462 0.2653
vt 0.8402 0.2668
vt 0.3840 0.2933
vt 0.3997 0.2970
vt 0.8936 0.2614
vt 0.8782 0.2613
vt 0.8262 0.2711
vt 0.9098 0.2619
vt 0.8522 0.2637
vt 0.8646 0.2619
vt 0.8165 0.2739
vt 0.3667 0.2897
vt 0.4071 0.2987
vt 0.8422 0.1967
vt 0.8419 0.2325
vt 0.8262 0.2372
vt 0.8255 0.2008
vt 0.9127 0.1939
vt 0.9108 0.2291
vt 0.8948 0.2278
vt 0.8961 0.1925
vt 0.8545 0.2293
vt 0.8559 0.1942
vt 0.8688 0.1928
vt 0.8668 0.2276
vt 0.8156 0.2403
vt 0.8140 0.2038
vt 0.3636 0.2557
vt 0.3574 0.2174
vt 0.3753 0.2211
vt 0.3815 0.2598
vt 0.4058 0.2664
vt 0.4031 0.2284
vt 0.4117 0.2306
vt 0.4131 0.2683
vt 0.8491 0.1955
vt 0.8482 0.2309
vt 0.3940 0.2261
vt 0.3980 0.2644
vt 0.8805 0.2274
vt 0.8822 0.1922
vt 0.3547 0.1792
vt 0.3720 0.1823
vt 0.3984 0.1880
vt 0.4073 0.1897
vt 0.8497 0.1613
vt 0.8429 0.1619
vt 0.3892 0.1862
vt 0.8973 0.1599
vt 0.8829 0.1593
vt 0.8262 0.1643
vt 0.9149 0.1612
vt 0.8565 0.1607
vt 0.8693 0.1597
vt 0.8147 0.1665
vt 0.9029 0.1260
vt 0.8854 0.1269
vt 0.8452 0.1293
vt 0.8293 0.1304
vt 0.9220 0.1262
vt 0.8577 0.1289
vt 0.8702 0.1280
vt 0.8181 0.1319
vt 0.3529 0.1384
vt 0.3690 0.1399
vt 0.3939 0.1447
vt 0.4027 0.1464
vt 0.8515 0.1291
vt 0.3849 0.1428
vt 0.8202 0.1044
vt 0.8307 0.1035
vt 0.3486 0.1053
vt 0.3653 0.1052
vt 0.3933 0.1073
vt 0.4029 0.1086
vt 0.8515 0.1023
vt 0.8453 0.1026
vt 0.3833 0.1061
vt 0.9071 0.0965
vt 0.8870 0.0984
vt 0.9291 0.0948
vt 0.8577 0.1020
vt 0.8710 0.1005
vt 0.3616 0.0807
vt 0.3818 0.0793
vt 0.3442 0.0828
vt 0.3159 0.1111
vt 0.3117 0.0898
vt 0.3284 0.0855
vt 0.3330 0.1070
vt 0.8891 0.0771
vt 0.9088 0.0750
vt 0.5351 0.7057
vt 0.5083 0.7082
vt 0.5031 0.6964
vt 0.5307 0.6917
vt 0.4992 0.6865
vt 0.5273 0.6811
vt 0.5232 0.6646
vt 0.4943 0.6697
vt 0.4892 0.6573
vt 0.5186 0.6499
vt 0.4846 0.6376
vt 0.5149 0.6303
vt 0.3181 0.1439
vt 0.3365 0.1396
vt 0.3377 0.1790
vt 0.3189 0.1821
vt 0.3223 0.2167
vt 0.3412 0.2158
vt 0.3263 0.2530
vt 0.3468 0.2533
vt 0.1270 0.3024
vt 0.1118 0.3047
vt 0.1126 0.2731
vt 0.1282 0.2704
vt 0.3499 0.2872
vt 0.3507 0.3130
vt 0.3310 0.3113
vt 0.3298 0.2864
vt 0.3439 0.3913
vt 0.3277 0.3880
vt 0.4815 0.6183
vt 0.5115 0.6124
vt 0.4798 0.5993
vt 0.5092 0.5951
vt 0.8116 0.6863
vt 0.8120 0.6729
vt 0.8258 0.6763
vt 0.8220 0.6892
vt 0.3049 0.5609
vt 0.3079 0.5402
vt 0.3249 0.5460
vt 0.3228 0.5686
vt 0.3192 0.5878
vt 0.3140 0.5985
vt 0.2968 0.5889
vt 0.3011 0.5786
vt 0.2974 0.1495
vt 0.2962 0.1169
vt 0.2995 0.1855
vt 0.3038 0.2186
vt 0.3084 0.2540
vt 0.0941 0.3058
vt 0.0947 0.2738
vt 0.0727 0.2734
vt 0.0728 0.3060
vt 0.4711 0.3454
vt 0.4712 0.3660
vt 0.2802 0.5816
vt 0.2839 0.5714
vt 0.2877 0.5546
vt 0.2911 0.5352
vt 0.8499 0.5013
vt 0.8267 0.5032
vt 0.8261 0.4768
vt 0.8476 0.4755
vt 0.8613 0.4991
vt 0.8582 0.4738
vt 0.3108 0.3860
vt 0.5075 0.5772
vt 0.4792 0.5804
vt 0.4787 0.5587
vt 0.5059 0.5561
vt 0.3136 0.3117
vt 0.3118 0.2872
vt 0.0470 0.2724
vt 0.0492 0.3057
vt 0.7214 0.2787
vt 0.6984 0.2759
vt 0.6967 0.2427
vt 0.7219 0.2462
vt 0.8139 0.4051
vt 0.8228 0.4062
vt 0.8443 0.4439
vt 0.8537 0.4429
vt 0.8249 0.4442
vt 0.8142 0.4432
vt 0.8146 0.4763
vt 0.4160 0.4677
vt 0.4060 0.4672
vt 0.4034 0.5006
vt 0.3749 0.4660
vt 0.3955 0.4668
vt 0.3925 0.4999
vt 0.3714 0.4984
vt 0.3539 0.4639
vt 0.3495 0.4959
vt 0.3342 0.4606
vt 0.3295 0.4922
vt 0.3119 0.4886
vt 0.3168 0.4574
vt 0.2999 0.4552
vt 0.9246 0.4271
vt 0.9411 0.4206
vt 0.9046 0.4337
vt 0.8832 0.4386
vt 0.8905 0.4672
vt 0.8631 0.4419
vt 0.8687 0.4720
vt 0.8966 0.4910
vt 0.8726 0.4969
vt 0.7124 0.4413
vt 0.7019 0.4435
vt 0.6996 0.4056
vt 0.7083 0.4036
vt 0.3265 0.5198
vt 0.3458 0.5242
vt 0.3675 0.5276
vt 0.3893 0.5299
vt 0.4002 0.5309
vt 0.7443 0.4334
vt 0.7231 0.4391
vt 0.7170 0.4016
vt 0.7355 0.3965
vt 0.4862 0.1237
vt 0.5200 0.1283
vt 0.5124 0.1585
vt 0.4801 0.1555
vt 0.8147 0.5032
vt 0.0493 0.4283
vt 0.0684 0.4298
vt 0.0646 0.4689
vt 0.0428 0.4672
vt 0.0865 0.4312
vt 0.0852 0.4700
vt 0.5034 0.1944
vt 0.4762 0.1942
vt 0.4972 0.2338
vt 0.4718 0.2347
vt 0.4927 0.2710
vt 0.4672 0.2719
vt 0.6892 0.2742
vt 0.6800 0.2725
vt 0.6753 0.2388
vt 0.6861 0.2407
vt 0.6658 0.2698
vt 0.6601 0.2358
vt 0.4669 0.3043
vt 0.4903 0.3043
vt 0.4898 0.3272
vt 0.4690 0.3267
vt 0.4897 0.3459
vt 0.4711 0.3454
vt 0.4877 0.3668
vt 0.8137 0.6477
vt 0.7963 0.6465
vt 0.7975 0.6350
vt 0.8156 0.6349
vt 0.8439 0.6661
vt 0.8419 0.6793
vt 0.8258 0.6763
vt 0.8280 0.6634
vt 0.4333 0.6822
vt 0.4272 0.6675
vt 0.8165 0.5986
vt 0.8317 0.5999
vt 0.3278 0.6346
vt 0.3363 0.6355
vt 0.3484 0.6509
vt 0.3394 0.6490
vt 0.3158 0.6224
vt 0.3203 0.6203
vt 0.3115 0.6238
vt 0.3107 0.6241
vt 0.2994 0.6135
vt 0.2998 0.6132
vt 0.2884 0.6019
vt 0.2906 0.5992
vt 0.3058 0.6090
vt 0.3027 0.6116
vt 0.2866 0.6036
vt 0.2864 0.6038
vt 0.2723 0.5961
vt 0.2725 0.5956
vt 0.9993 0.5527
vt 0.9997 0.5532
vt 0.9843 0.5661
vt 0.9835 0.5652
vt 0.9610 0.5795
vt 0.9550 0.5741
vt 0.9776 0.5594
vt 0.9808 0.5627
vt 0.9433 0.6016
vt 0.9346 0.5908
vt 0.9328 0.6227
vt 0.9202 0.6136
vt 0.8526 0.6677
vt 0.8505 0.6807
vt 0.8800 0.6716
vt 0.8773 0.6838
vt 0.8590 0.6821
vt 0.8613 0.6693
vt 0.8882 0.6732
vt 0.8843 0.6854
vt 0.9092 0.6801
vt 0.9048 0.6917
vt 0.8913 0.6870
vt 0.8954 0.6749
vt 0.3697 0.6883
vt 0.3780 0.6864
vt 0.3721 0.7124
vt 0.3639 0.6933
vt 0.3723 0.6754
vt 0.3645 0.6785
vt 0.3465 0.6832
vt 0.3523 0.6963
vt 0.3493 0.6971
vt 0.3439 0.6839
vt 0.3426 0.6316
vt 0.3559 0.6481
vt 0.3255 0.6165
vt 0.3096 0.6049
vt 0.2933 0.5952
vt 0.2933 0.5952
vt 0.2906 0.5992
vt 0.2753 0.5910
vt 0.2775 0.5873
vt 0.9944 0.5437
vt 0.9963 0.5479
vt 0.9776 0.5594
vt 0.9748 0.5554
vt 0.9507 0.5694
vt 0.9267 0.5866
vt 0.9507 0.5694
vt 0.3518 0.6687
vt 0.9090 0.6383
vt 0.9234 0.6457
vt 0.9138 0.6685
vt 0.8996 0.6627
vt 0.3762 0.7221
vt 0.3856 0.7473
vt 0.3800 0.7313
vt 0.3237 0.6352
vt 0.3341 0.6497
vt 0.3130 0.6234
vt 0.2872 0.6031
vt 0.3007 0.6128
vt 0.2738 0.5937
vt 0.9980 0.5507
vt 0.9636 0.5828
vt 0.9826 0.5644
vt 0.9484 0.6059
vt 0.9395 0.6251
vt 0.9155 0.6829
vt 0.9109 0.6950
vt 0.3663 0.7169
vt 0.3570 0.6954
vt 0.3645 0.6785
vt 0.3576 0.6808
vt 0.8013 0.6838
vt 0.7770 0.6772
vt 0.7771 0.6627
vt 0.7967 0.6690
vt 0.7776 0.6518
vt 0.7961 0.6567
vt 0.7975 0.6350
vt 0.7789 0.6348
vt 0.7784 0.6197
vt 0.7995 0.6178
vt 0.7783 0.6001
vt 0.7772 0.5822
vt 0.8020 0.5808
vt 0.7766 0.5651
vt 0.8030 0.5635
vt 0.8025 0.5464
vt 0.7764 0.5476
vt 0.7767 0.5271
vt 0.8025 0.5267
vt 0.1039 0.4703
vt 0.1037 0.4323
vt 0.1226 0.4698
vt 0.1217 0.4329
vt 0.8028 0.5031
vt 0.7775 0.5020
vt 0.7791 0.4731
vt 0.8031 0.4757
vt 0.7814 0.4390
vt 0.8033 0.4422
vt 0.8061 0.3700
vt 0.7891 0.3683
vt 0.7916 0.3422
vt 0.8077 0.3422
vt 0.7918 0.3218
vt 0.8082 0.3196
vt 0.7886 0.3037
vt 0.8082 0.2998
vt 0.7841 0.2819
vt 0.8068 0.2766
vt 0.6597 0.2689
vt 0.6537 0.2681
vt 0.6474 0.2342
vt 0.6538 0.2350
vt 0.6413 0.2676
vt 0.6346 0.2341
vt 0.8050 0.2434
vt 0.7800 0.2496
vt 0.7778 0.2129
vt 0.8026 0.2067
vt 0.6209 0.2354
vt 0.6264 0.2687
vt 0.6112 0.2704
vt 0.6068 0.2374
vt 0.4697 0.3934
vt 0.8479 0.4066
vt 0.8394 0.4069
vt 0.4768 0.5021
vt 0.4740 0.4675
vt 0.4781 0.5319
vt 0.1808 0.4305
vt 0.1995 0.4274
vt 0.2046 0.4637
vt 0.1848 0.4668
vt 0.1637 0.4686
vt 0.1606 0.4326
vt 0.4728 0.6920
vt 0.4774 0.7010
vt 0.7772 0.1736
vt 0.8033 0.1685
vt 0.7785 0.1372
vt 0.8067 0.1332
vt 0.7795 0.1066
vt 0.8094 0.1054
vt 0.4864 0.3934
vt 0.4901 0.4271
vt 0.4710 0.4283
vt 0.3966 0.6097
vt 0.7859 0.4012
vt 0.8050 0.4041
vt 0.4356 0.4303
vt 0.4528 0.4294
vt 0.4083 0.4307
vt 0.4176 0.4307
vt 0.3584 0.4278
vt 0.3786 0.4300
vt 0.3397 0.4244
vt 0.3228 0.4212
vt 0.9309 0.3867
vt 0.9143 0.3928
vt 0.8954 0.3992
vt 0.8755 0.4037
vt 0.8565 0.4063
vt 0.3063 0.4190
vt 0.3987 0.4308
vt 0.5009 0.5010
vt 0.4959 0.4660
vt 0.5041 0.5304
vt 0.1432 0.4692
vt 0.1406 0.4332
vt 0.1329 0.4695
vt 0.1311 0.4330
vt 0.4601 0.0930
vt 0.9307 0.0736
vt 0.3929 0.0796
vt 0.2925 0.0957
vt 0.8205 0.0829
vt 0.8307 0.0831
vt 0.0788 0.0747
vt 0.0777 0.0588
vt 0.1089 0.0516
vt 0.1088 0.0672
vt 0.6408 0.0685
vt 0.6483 0.0685
vt 0.6486 0.0856
vt 0.6412 0.0853
vt 0.6654 0.0676
vt 0.6646 0.0848
vt 0.6338 0.0851
vt 0.6188 0.0848
vt 0.6179 0.0683
vt 0.6332 0.0685
vt 0.1088 0.0672
vt 0.1367 0.0617
vt 0.1374 0.0799
vt 0.1096 0.0864
vt 0.6184 0.0542
vt 0.6337 0.0534
vt 0.6414 0.0530
vt 0.6490 0.0526
vt 0.6668 0.0508
vt 0.5537 0.0718
vt 0.5546 0.0602
vt 0.5773 0.0576
vt 0.5774 0.0698
vt 0.1471 0.0475
vt 0.1481 0.0612
vt 0.1367 0.0617
vt 0.1363 0.0473
vt 0.1995 0.0549
vt 0.1980 0.0666
vt 0.1806 0.0633
vt 0.1799 0.0509
vt 0.1595 0.0610
vt 0.1582 0.0478
vt 0.5994 0.0556
vt 0.5995 0.0687
vt 0.6759 0.0661
vt 0.6866 0.0650
vt 0.6854 0.0837
vt 0.6750 0.0841
vt 0.2371 0.0655
vt 0.2591 0.0724
vt 0.2536 0.0829
vt 0.2325 0.0761
vt 0.2144 0.0707
vt 0.2177 0.0597
vt 0.6759 0.0661
vt 0.6774 0.0493
vt 0.0113 0.0881
vt 0.0111 0.0720
vt 0.0429 0.0664
vt 0.0442 0.0822
vt 0.0474 0.1007
vt 0.0131 0.1071
vt 0.7126 0.0624
vt 0.7134 0.0810
vt 0.6882 0.0483
vt 0.7129 0.0465
vt 0.0842 0.5041
vt 0.1049 0.5041
vt 0.0836 0.1192
vt 0.1127 0.1130
vt 0.1153 0.1496
vt 0.0872 0.1532
vt 0.1116 0.1936
vt 0.0878 0.1948
vt 0.1101 0.2355
vt 0.0903 0.2364
vt 0.1088 0.3279
vt 0.0909 0.3282
vt 0.1053 0.3476
vt 0.0874 0.3470
vt 0.0860 0.3678
vt 0.1034 0.3690
vt 0.1034 0.3972
vt 0.0868 0.3956
vt 0.0848 0.5345
vt 0.1073 0.5347
vt 0.0864 0.5626
vt 0.1108 0.5641
vt 0.1107 0.5873
vt 0.0870 0.5852
vt 0.1209 0.6320
vt 0.1045 0.6296
vt 0.1081 0.6088
vt 0.1257 0.6109
vt 0.1722 0.6458
vt 0.1620 0.6390
vt 0.1761 0.6133
vt 0.1866 0.6271
vt 0.1487 0.6358
vt 0.1560 0.6128
vt 0.0848 0.6261
vt 0.0866 0.6058
vt 0.1952 0.6737
vt 0.2057 0.6532
vt 0.2074 0.6536
vt 0.1974 0.6743
vt 0.1695 0.6676
vt 0.1803 0.6515
vt 0.1879 0.6542
vt 0.1763 0.6724
vt 0.1611 0.6635
vt 0.1515 0.6596
vt 0.6148 0.6570
vt 0.6245 0.6771
vt 0.6208 0.6782
vt 0.6121 0.6586
vt 0.6027 0.6346
vt 0.5999 0.6361
vt 0.1407 0.6563
vt 0.1285 0.6535
vt 0.1350 0.6337
vt 0.1697 0.7299
vt 0.1736 0.7211
vt 0.1769 0.7224
vt 0.1730 0.7313
vt 0.1449 0.7153
vt 0.1507 0.7031
vt 0.1591 0.7056
vt 0.1530 0.7178
vt 0.0816 0.6984
vt 0.0965 0.7026
vt 0.0934 0.7114
vt 0.0785 0.7065
vt 0.0842 0.6922
vt 0.0650 0.6886
vt 0.0674 0.6837
vt 0.0881 0.6831
vt 0.6448 0.6409
vt 0.6527 0.6382
vt 0.6634 0.6632
vt 0.6558 0.6654
vt 0.6712 0.6342
vt 0.6798 0.6583
vt 0.6820 0.6313
vt 0.6927 0.6285
vt 0.6992 0.6529
vt 0.6895 0.6556
vt 0.7188 0.6207
vt 0.7214 0.6457
vt 0.7307 0.6185
vt 0.7336 0.6428
vt 0.6325 0.6165
vt 0.6413 0.6131
vt 0.6643 0.6095
vt 0.6768 0.6072
vt 0.6894 0.6048
vt 0.7162 0.5982
vt 0.7307 0.6185
vt 0.7288 0.5967
vt 0.7399 0.5957
vt 0.7419 0.6166
vt 0.1152 0.6515
vt 0.0996 0.6494
vt 0.0809 0.6464
vt 0.1588 0.7544
vt 0.1659 0.7382
vt 0.1692 0.7397
vt 0.1619 0.7559
vt 0.1312 0.7407
vt 0.1389 0.7267
vt 0.1465 0.7293
vt 0.1372 0.7431
vt 0.1248 0.7380
vt 0.1132 0.7325
vt 0.1203 0.7225
vt 0.1303 0.7250
vt 0.1017 0.7281
vt 0.1108 0.7192
vt 0.0960 0.7246
vt 0.1029 0.7153
vt 0.0731 0.7175
vt 0.0522 0.7127
vt 0.0580 0.7026
vt 0.0785 0.7065
vt 0.0744 0.6660
vt 0.0938 0.6678
vt 0.1406 0.6121
vt 0.6723 0.5636
vt 0.6862 0.5632
vt 0.6871 0.5830
vt 0.6731 0.5844
vt 0.6590 0.5857
vt 0.6257 0.5871
vt 0.6280 0.5627
vt 0.6585 0.5639
vt 0.7275 0.5777
vt 0.7147 0.5787
vt 0.7133 0.5605
vt 0.7259 0.5601
vt 0.5732 0.5504
vt 0.5988 0.5572
vt 0.5942 0.5751
vt 0.5683 0.5650
vt 0.5513 0.5430
vt 0.5477 0.5535
vt 0.2061 0.6127
vt 0.2003 0.5995
vt 0.1442 0.5886
vt 0.1299 0.5885
vt 0.1314 0.5639
vt 0.1422 0.5629
vt 0.6719 0.5245
vt 0.6844 0.5254
vt 0.6851 0.5452
vt 0.6720 0.5447
vt 0.1773 0.5851
vt 0.1586 0.5878
vt 0.1531 0.5620
vt 0.1746 0.5592
vt 0.5824 0.5122
vt 0.6056 0.5166
vt 0.6015 0.5371
vt 0.5776 0.5319
vt 0.7091 0.5249
vt 0.7108 0.5440
vt 0.5636 0.5083
vt 0.5577 0.5269
vt 0.6588 0.5443
vt 0.6299 0.5416
vt 0.6324 0.5204
vt 0.6594 0.5236
vt 0.7235 0.5434
vt 0.7214 0.5240
vt 0.1966 0.5781
vt 0.1943 0.5549
vt 0.5896 0.4905
vt 0.5959 0.4666
vt 0.6169 0.4706
vt 0.6119 0.4945
vt 0.5714 0.4867
vt 0.5783 0.4624
vt 0.2460 0.5153
vt 0.2289 0.5189
vt 0.2266 0.4920
vt 0.2440 0.4893
vt 0.1245 0.5034
vt 0.1272 0.5340
vt 0.6727 0.3444
vt 0.6787 0.3438
vt 0.6826 0.3735
vt 0.6754 0.3743
vt 0.1582 0.3996
vt 0.1387 0.4000
vt 0.1381 0.3718
vt 0.1569 0.3709
vt 0.6167 0.3421
vt 0.6347 0.3439
vt 0.6319 0.3733
vt 0.6129 0.3699
vt 0.6917 0.3424
vt 0.6966 0.3710
vt 0.5988 0.3404
vt 0.5954 0.3668
vt 0.6682 0.3751
vt 0.6507 0.3753
vt 0.6516 0.3452
vt 0.6666 0.3450
vt 0.7042 0.3695
vt 0.6992 0.3416
vt 0.1779 0.3974
vt 0.1753 0.3685
vt 0.1299 0.3995
vt 0.1211 0.3989
vt 0.1207 0.3709
vt 0.1294 0.3714
vt 0.6495 0.3179
vt 0.6640 0.3179
vt 0.6347 0.3439
vt 0.6340 0.3173
vt 0.6175 0.3167
vt 0.5990 0.3162
vt 0.2093 0.3628
vt 0.2081 0.3364
vt 0.2255 0.3360
vt 0.2277 0.3615
vt 0.1920 0.3654
vt 0.1896 0.3389
vt 0.1753 0.3685
vt 0.1728 0.3420
vt 0.5978 0.2961
vt 0.6146 0.2951
vt 0.6452 0.2942
vt 0.6582 0.2945
vt 0.6958 0.3184
vt 0.6881 0.3183
vt 0.6840 0.2968
vt 0.6925 0.2979
vt 0.1728 0.3420
vt 0.1556 0.3450
vt 0.1554 0.3212
vt 0.1722 0.3181
vt 0.1302 0.3477
vt 0.1220 0.3480
vt 0.1248 0.3267
vt 0.1322 0.3256
vt 0.6643 0.2949
vt 0.6705 0.2954
vt 0.6759 0.3181
vt 0.6699 0.3180
vt 0.1383 0.3472
vt 0.1396 0.3244
vt 0.6311 0.2944
vt 0.6597 0.2689
vt 0.6658 0.2698
vt 0.1414 0.2991
vt 0.1567 0.2955
vt 0.5954 0.2726
vt 0.1735 0.2921
vt 0.1342 0.3008
vt 0.6551 0.1998
vt 0.6717 0.2018
vt 0.5851 0.2059
vt 0.6015 0.2026
vt 0.6068 0.2374
vt 0.5911 0.2404
vt 0.6291 0.1995
vt 0.6416 0.1992
vt 0.6834 0.2037
vt 0.1767 0.2582
vt 0.1593 0.2621
vt 0.1656 0.2234
vt 0.1833 0.2199
vt 0.1356 0.2685
vt 0.1282 0.2704
vt 0.1289 0.2327
vt 0.1378 0.2305
vt 0.6483 0.1995
vt 0.6538 0.2350
vt 0.1431 0.2666
vt 0.1468 0.2283
vt 0.6157 0.2008
vt 0.1693 0.1842
vt 0.1858 0.1815
vt 0.1333 0.1912
vt 0.1426 0.1895
vt 0.6446 0.1657
vt 0.6512 0.1654
vt 0.1518 0.1878
vt 0.5975 0.1704
vt 0.6126 0.1686
vt 0.6675 0.1656
vt 0.5796 0.1731
vt 0.6258 0.1670
vt 0.6380 0.1660
vt 0.6789 0.1668
vt 0.5896 0.1374
vt 0.6082 0.1367
vt 0.6486 0.1336
vt 0.6634 0.1325
vt 0.5675 0.1383
vt 0.6238 0.1359
vt 0.6364 0.1347
vt 0.6745 0.1329
vt 0.1720 0.1402
vt 0.1871 0.1385
vt 0.1388 0.1461
vt 0.1480 0.1445
vt 0.6425 0.1342
vt 0.1571 0.1429
vt 0.6635 0.1058
vt 0.6740 0.1055
vt 0.1757 0.1035
vt 0.1909 0.1036
vt 0.1384 0.1077
vt 0.1487 0.1062
vt 0.6425 0.1071
vt 0.6490 0.1069
vt 0.1589 0.1046
vt 0.5813 0.1068
vt 0.6046 0.1074
vt 0.5570 0.1073
vt 0.6225 0.1073
vt 0.6361 0.1073
vt 0.1797 0.0786
vt 0.1601 0.0776
vt 0.1955 0.0807
vt 0.2224 0.1105
vt 0.2055 0.1057
vt 0.2102 0.0837
vt 0.2270 0.0886
vt 0.5770 0.0845
vt 0.6004 0.0841
vt 0.0003 0.7065
vt 0.0049 0.6926
vt 0.0323 0.6976
vt 0.0269 0.7094
vt 0.0364 0.6878
vt 0.0084 0.6821
vt 0.0119 0.6716
vt 0.0174 0.6509
vt 0.0467 0.6587
vt 0.0406 0.6770
vt 0.0214 0.6314
vt 0.0516 0.6391
vt 0.2203 0.1444
vt 0.2024 0.1398
vt 0.2200 0.1842
vt 0.2019 0.1814
vt 0.2174 0.2200
vt 0.1991 0.2187
vt 0.2134 0.2561
vt 0.1932 0.2561
vt 0.1898 0.2898
vt 0.2095 0.2893
vt 0.2081 0.3141
vt 0.1889 0.3155
vt 0.2120 0.3910
vt 0.1957 0.3940
vt 0.0251 0.6135
vt 0.0550 0.6198
vt 0.0277 0.5963
vt 0.0570 0.6009
vt 0.7411 0.6830
vt 0.7307 0.6865
vt 0.7263 0.6706
vt 0.7376 0.6672
vt 0.2327 0.5644
vt 0.2148 0.5719
vt 0.2128 0.5492
vt 0.2300 0.5436
vt 0.2182 0.5911
vt 0.2363 0.5821
vt 0.2406 0.5925
vt 0.2232 0.6019
vt 0.2413 0.1509
vt 0.2432 0.1177
vt 0.2401 0.1883
vt 0.2356 0.2219
vt 0.2313 0.2573
vt 0.0691 0.3676
vt 0.0683 0.3470
vt 0.2536 0.5751
vt 0.2572 0.5854
vt 0.2499 0.5583
vt 0.2468 0.5388
vt 0.6835 0.5029
vt 0.6829 0.4771
vt 0.7044 0.4760
vt 0.7068 0.5022
vt 0.6720 0.5020
vt 0.6723 0.4765
vt 0.2291 0.3893
vt 0.0297 0.5783
vt 0.0579 0.5819
vt 0.0588 0.5601
vt 0.0315 0.5572
vt 0.2252 0.3148
vt 0.2273 0.2904
vt 0.6732 0.4454
vt 0.6827 0.4454
vt 0.7019 0.4435
vt 0.7158 0.4741
vt 0.1351 0.5029
vt 0.1669 0.5011
vt 0.1457 0.5024
vt 0.1889 0.4988
vt 0.2089 0.4954
vt 0.2221 0.4607
vt 0.2266 0.4920
vt 0.2389 0.4587
vt 0.5844 0.4331
vt 0.6014 0.4376
vt 0.6219 0.4419
vt 0.6436 0.4444
vt 0.6395 0.4735
vt 0.6638 0.4455
vt 0.6616 0.4759
vt 0.6604 0.5010
vt 0.6360 0.4978
vt 0.2116 0.5230
vt 0.1922 0.5272
vt 0.1705 0.5304
vt 0.1486 0.5324
vt 0.1379 0.5332
vt 0.0519 0.1251
vt 0.0566 0.1573
vt 0.0251 0.1609
vt 0.0169 0.1317
vt 0.7187 0.5009
vt 0.0346 0.1963
vt 0.0625 0.1954
vt 0.0679 0.2361
vt 0.0424 0.2350
vt 0.0705 0.3284
vt 0.0495 0.3285
vt 0.0507 0.3471
vt 0.0683 0.3470
vt 0.0525 0.3679
vt 0.7346 0.6489
vt 0.7336 0.6428
vt 0.7450 0.6402
vt 0.7458 0.6461
vt 0.7029 0.6651
vt 0.7238 0.6582
vt 0.7263 0.6706
vt 0.7067 0.6772
vt 0.1090 0.6694
vt 0.1034 0.6839
vt 0.7288 0.5967
vt 0.7162 0.5982
vt 0.2089 0.6378
vt 0.1947 0.6556
vt 0.1879 0.6542
vt 0.2005 0.6386
vt 0.2211 0.6257
vt 0.2167 0.6235
vt 0.2255 0.6271
vt 0.2372 0.6167
vt 0.2376 0.6170
vt 0.2262 0.6275
vt 0.2488 0.6055
vt 0.2344 0.6150
vt 0.2313 0.6125
vt 0.2467 0.6029
vt 0.2505 0.6072
vt 0.2647 0.5994
vt 0.2650 0.5999
vt 0.2507 0.6075
vt 0.5416 0.5689
vt 0.5583 0.5794
vt 0.5575 0.5803
vt 0.5413 0.5694
vt 0.5815 0.5910
vt 0.5606 0.5767
vt 0.5634 0.5732
vt 0.5868 0.5852
vt 0.6006 0.6104
vt 0.6083 0.5994
vt 0.6126 0.6301
vt 0.6245 0.6200
vt 0.6938 0.6678
vt 0.6981 0.6799
vt 0.6686 0.6754
vt 0.6846 0.6706
vt 0.6895 0.6826
vt 0.6738 0.6875
vt 0.6610 0.6777
vt 0.6663 0.6899
vt 0.6398 0.6861
vt 0.6540 0.6798
vt 0.6593 0.6922
vt 0.6452 0.6984
vt 0.1570 0.6885
vt 0.1666 0.6900
vt 0.1649 0.7109
vt 0.1731 0.6939
vt 0.1626 0.6783
vt 0.1716 0.6811
vt 0.1895 0.6862
vt 0.1921 0.6869
vt 0.1864 0.7000
vt 0.1835 0.6992
vt 0.1943 0.6346
vt 0.1803 0.6515
vt 0.2116 0.6197
vt 0.2276 0.6084
vt 0.2440 0.5988
vt 0.2440 0.5988
vt 0.2599 0.5911
vt 0.2620 0.5948
vt 0.2467 0.6029
vt 0.5454 0.5596
vt 0.5656 0.5691
vt 0.5634 0.5732
vt 0.5440 0.5639
vt 0.5904 0.5804
vt 0.6167 0.5934
vt 0.5904 0.5804
vt 0.1834 0.6740
vt 0.6376 0.6436
vt 0.6488 0.6676
vt 0.6338 0.6744
vt 0.6235 0.6519
vt 0.1595 0.7224
vt 0.1552 0.7337
vt 0.1495 0.7497
vt 0.2131 0.6384
vt 0.2026 0.6529
vt 0.2240 0.6267
vt 0.2500 0.6068
vt 0.2363 0.6163
vt 0.2635 0.5975
vt 0.5427 0.5667
vt 0.5793 0.5944
vt 0.5590 0.5785
vt 0.5960 0.6151
vt 0.6062 0.6330
vt 0.6330 0.6897
vt 0.6388 0.7024
vt 0.1691 0.7193
vt 0.1788 0.6981
vt 0.1716 0.6811
vt 0.1785 0.6838
vt 0.7515 0.6796
vt 0.7482 0.6639
vt 0.7748 0.6569
vt 0.7758 0.6716
vt 0.7735 0.6457
vt 0.7466 0.6520
vt 0.7450 0.6402
vt 0.7419 0.6166
vt 0.7698 0.6132
vt 0.7723 0.6346
vt 0.7674 0.5934
vt 0.7391 0.5770
vt 0.7662 0.5752
vt 0.7377 0.5599
vt 0.7645 0.5580
vt 0.7360 0.5426
vt 0.7337 0.5229
vt 0.7594 0.5201
vt 0.7623 0.5405
vt 0.7306 0.4994
vt 0.7271 0.4722
vt 0.7506 0.4669
vt 0.7555 0.4953
vt 0.7118 0.3680
vt 0.7066 0.3408
vt 0.7226 0.3390
vt 0.7284 0.3643
vt 0.7033 0.3186
vt 0.7198 0.3189
vt 0.7009 0.2989
vt 0.7195 0.3008
vt 0.6949 0.2056
vt 0.7201 0.2095
vt 0.0704 0.3949
vt 0.6833 0.4082
vt 0.6749 0.4088
vt 0.0614 0.5035
vt 0.0596 0.5333
vt 0.0626 0.6936
vt 0.0580 0.7026
vt 0.6903 0.1677
vt 0.7169 0.1710
vt 0.6859 0.1331
vt 0.7149 0.1352
vt 0.7137 0.1056
vt 0.6846 0.1052
vt 0.0536 0.3946
vt 0.1406 0.6121
vt 0.2165 0.4243
vt 0.1995 0.4274
vt 0.6078 0.4026
vt 0.5906 0.3984
vt 0.6473 0.4091
vt 0.6272 0.4068
vt 0.6664 0.4095
vt 0.2330 0.4225
vt 0.0373 0.5020
vt 0.0337 0.5315
vt 0.0802 0.0938
vt 0.5528 0.0856
vt 0.1487 0.0787
vt 0.2475 0.0956
vt 0.6750 0.0841
vt 0.6646 0.0848
vt 0.4343 0.0242
vt 0.4675 0.0313
vt 0.5456 0.0384
vt 0.5681 0.0344
vt 0.2205 0.0339
vt 0.2400 0.0403
vt 0.6414 0.0530
vt 0.6337 0.0534
vt 0.6283 0.0251
vt 0.6372 0.0243
vt 0.5907 0.0308
vt 0.6110 0.0275
vt 0.1094 0.0265
vt 0.1369 0.0224
vt 0.9141 0.0256
vt 0.9341 0.0272
vt 0.7776 0.0244
vt 0.8040 0.0217
vt 0.3200 0.0363
vt 0.3395 0.0313
vt 0.2014 0.0290
vt 0.1811 0.0255
vt 0.0119 0.0481
vt 0.0423 0.0411
vt 0.3610 0.0270
vt 0.3012 0.0422
vt 0.8261 0.0212
vt 0.8442 0.0210
vt 0.2818 0.0492
vt 0.8182 0.0488
vt 0.8147 0.0218
vt 0.8521 0.0214
vt 0.2613 0.0486
vt 0.8940 0.0243
vt 0.6671 0.0225
vt 0.6793 0.0222
vt 0.8599 0.0217
vt 0.8757 0.0228
vt 0.0771 0.0336
vt 0.5016 0.0388
vt 0.3840 0.0233
vt 0.5298 0.0466
vt 0.3956 0.0472
vt 0.3957 0.0223
vt 0.4063 0.0207
vt 0.1591 0.0230
vt 0.6461 0.0234
vt 0.1477 0.0230
vt 0.6907 0.0211
vt 0.7168 0.0230
vt 0.3206 0.0334
vt 0.3402 0.0280
vt 0.0412 0.0378
vt 0.0771 0.0298
vt 0.2813 0.0471
vt 0.3015 0.0397
vt 0.8261 0.0212
vt 0.8147 0.0218
vt 0.8149 0.0184
vt 0.8262 0.0174
vt 0.0091 0.0448
vt 0.9139 0.0235
vt 0.9348 0.0252
vt 0.1102 0.0222
vt 0.1380 0.0177
vt 0.3838 0.0194
vt 0.3950 0.0185
vt 0.8438 0.0174
vt 0.8514 0.0180
vt 0.8745 0.0201
vt 0.8932 0.0219
vt 0.8042 0.0184
vt 0.5023 0.0361
vt 0.5316 0.0440
vt 0.4337 0.0209
vt 0.4676 0.0283
vt 0.6669 0.7095
vt 0.6530 0.7154
vt 0.6347 0.7044
vt 0.6422 0.7205
vt 0.6385 0.7221
vt 0.6311 0.7062
vt 0.6810 0.7039
vt 0.6738 0.7068
vt 0.6962 0.6986
vt 0.7128 0.6930
vt 0.7045 0.6958
vt 0.0881 0.7220
vt 0.8982 0.7089
vt 0.8856 0.7049
vt 0.9147 0.6966
vt 0.9180 0.6980
vt 0.9124 0.7128
vt 0.9089 0.7119
vt 0.8788 0.7018
vt 0.8719 0.6999
vt 0.8568 0.6965
vt 0.8485 0.6948
vt 0.8402 0.6931
vt 0.4471 0.7204
vt 0.4393 0.6988
vt 0.4274 0.7016
vt 0.4234 0.6916
vt 0.4375 0.6911
vt 0.7226 0.6520
vt 0.6458 0.7186
vt 0.1736 0.7211
vt 0.1835 0.6992
vt 0.6289 0.6914
vt 0.6347 0.7044
vt 0.6027 0.6346
vt 0.5933 0.6174
vt 0.5776 0.5963
vt 0.5583 0.5794
vt 0.2505 0.6072
vt 0.2372 0.6167
vt 0.2255 0.6271
vt 0.2154 0.6386
vt 0.2057 0.6532
vt 0.1852 0.6853
vt 0.5420 0.5682
vt 0.2643 0.5988
vt 0.1618 0.7361
vt 0.1557 0.7528
vt 0.1654 0.7280
vt 0.6180 0.6552
vt 0.6276 0.6748
vt 0.1910 0.6729
vt 0.9055 0.7106
vt 0.3618 0.7185
vt 0.3523 0.6963
vt 0.9193 0.6844
vt 0.9147 0.6966
vt 0.9433 0.6262
vt 0.9515 0.6078
vt 0.9655 0.5845
vt 0.9835 0.5652
vt 0.2866 0.6036
vt 0.2998 0.6132
vt 0.3115 0.6238
vt 0.3214 0.6354
vt 0.3310 0.6499
vt 0.3509 0.6825
vt 0.9989 0.5521
vt 0.2729 0.5950
vt 0.3794 0.7504
vt 0.3734 0.7337
vt 0.3699 0.7255
vt 0.9293 0.6488
vt 0.9207 0.6699
vt 0.3452 0.6700
vt 0.3202 0.6356
vt 0.9672 0.5857
vt 0.9540 0.6090
vt 0.9227 0.6858
vt 0.2166 0.6389
vt 0.5760 0.5977
vt 0.5911 0.6191
vt 0.6252 0.6930
vt 0.4054 0.0171
vt 0.4093 0.7072
vt 0.3996 0.7098
vt 0.3938 0.6968
vt 0.4038 0.6947
vt 0.6225 0.6854
vt 0.6261 0.6843
vt 0.9254 0.6790
vt 0.9220 0.6777
vt 0.9181 0.6764
vt 0.6280 0.6763
vt 0.7355 0.6550
vt 0.8129 0.6601
vt 0.8975 0.6688
vt 0.8905 0.6663
vt 0.6514 0.6736
vt 0.6584 0.6715
vt 0.0650 0.6886
vt 0.0385 0.6824
vt 0.7729 0.6402
vt 0.7458 0.6461
vt 0.6373 0.6799
vt 0.6660 0.6693
vt 0.6822 0.6645
vt 0.6916 0.6617
vt 0.7010 0.6590
vt 0.7226 0.6520
vt 0.0102 0.6768
vt 0.0842 0.6922
vt 0.0993 0.6947
vt 0.4701 0.6859
vt 0.4972 0.6811
vt 0.7779 0.6462
vt 0.7963 0.6465
vt 0.9115 0.6743
vt 0.8822 0.6646
vt 0.8639 0.6582
vt 0.8550 0.6558
vt 0.8461 0.6534
vt 0.5257 0.6758
vt 0.4523 0.6889
vt 0.8065 0.0019
vt 0.8168 0.0012
vt 0.6296 0.0205
vt 0.6126 0.0237
vt 0.6110 0.0067
vt 0.6274 0.0035
vt 0.8915 0.0055
vt 0.9117 0.0074
vt 0.1806 0.0206
vt 0.1596 0.0178
vt 0.1616 0.0007
vt 0.1868 0.0046
vt 0.8736 0.0034
vt 0.2193 0.0299
vt 0.2004 0.0245
vt 0.2089 0.0097
vt 0.2291 0.0157
vt 0.8442 0.0003
vt 0.8515 0.0009
vt 0.2393 0.0369
vt 0.2495 0.0232
vt 0.0692 0.0145
vt 0.1045 0.0061
vt 0.3816 0.0022
vt 0.3950 0.0006
vt 0.1487 0.0180
vt 0.1380 0.0177
vt 0.1355 0.0011
vt 0.1486 0.0003
vt 0.9325 0.0091
vt 0.0005 0.0310
vt 0.0324 0.0239
vt 0.2723 0.0334
vt 0.2921 0.0259
vt 0.5681 0.0317
vt 0.5442 0.0359
vt 0.5450 0.0194
vt 0.5684 0.0151
vt 0.3114 0.0191
vt 0.3320 0.0129
vt 0.2618 0.0458
vt 0.2717 0.0321
vt 0.6668 0.0171
vt 0.6466 0.0184
vt 0.6438 0.0015
vt 0.6633 0.0003
vt 0.3615 0.0234
vt 0.3554 0.0071
vt 0.5023 0.0361
vt 0.4676 0.0283
vt 0.4756 0.0131
vt 0.5112 0.0226
vt 0.7170 0.0190
vt 0.6900 0.0165
vt 0.6860 0.0003
vt 0.7121 0.0023
vt 0.4081 0.0003
vt 0.4397 0.0047
vt 0.6787 0.0173
vt 0.6749 0.0004
vt 0.7770 0.0215
vt 0.7805 0.0047
vt 0.5917 0.0277
vt 0.5911 0.0108
vt 0.8589 0.0185
vt 0.8588 0.0014
vt 0.5407 0.0304
vt 0.8262 0.0174
vt 0.8275 0.0003
vt 0.6381 0.0195
vt 0.6356 0.0025
vt 0.8298 0.6499
vt 0.8461 0.6534
vt 0.1072 0.7062
vt 0.1254 0.7126
vt 0.1353 0.7144
vt 0.1161 0.7097
vt 0.1202 0.7000
vt 0.1296 0.7027
vt 0.1107 0.6970
vt 0.1400 0.7036
vt 0.1151 0.6854
vt 0.1250 0.6879
vt 0.1345 0.6904
vt 0.1451 0.6905
vt 0.4185 0.7044
vt 0.4274 0.7016
vt 0.4132 0.6926
vt 0.4187 0.6817
vt 0.3879 0.6848
vt 0.3980 0.6836
vt 0.4078 0.6819
vt 0.1210 0.6719
vt 0.1313 0.6748
vt 0.1511 0.6784
vt 0.1408 0.6774
vt 0.4126 0.6672
vt 0.3902 0.6693
vt 0.3810 0.6725
vt 0.4006 0.6670
f 141/1 1/2 15/3 140/4
f 135/5 8/6 2/7 132/8
f 1757/9 1753/10 8/6 135/5
f 134/11 4/12 9/13 136/14
f 179/15 173/16 4/17 134/18
f 228/19 129/20 19/21 222/22
f 133/23 142/24 17/25 3/26
f 145/27 154/28 34/29 18/30
f 144/31 143/32 20/33 26/34
f 1792/35 144/31 26/34 1789/36
f 148/37 147/38 27/39 22/40
f 171/41 148/42 22/43 165/44
f 230/45 233/46 19/47 129/48
f 149/49 21/50 36/51 164/52
f 9/53 4/54 60/55 65/56
f 32/57 35/58 91/59 88/60
f 16/61 14/62 70/63 72/64
f 15/65 1/66 57/67 71/68
f 215/69 16/61 72/64 217/70
f 1789/71 26/72 82/73 1790/74
f 2/75 8/76 64/77 58/78
f 28/79 18/80 74/81 84/82
f 26/72 20/83 76/84 82/73
f 233/85 207/86 263/87 271/88
f 3/89 17/90 73/91 59/92
f 5/93 6/94 62/95 61/96
f 30/97 31/98 87/99 86/100
f 6/101 7/102 63/103 62/104
f 165/105 22/106 182/107 181/108
f 1/66 10/109 66/110 57/67
f 244/111 29/112 85/113 245/114
f 12/115 11/116 67/117 68/118
f 18/80 34/119 90/120 74/81
f 189/121 2/75 58/78 191/122
f 23/123 28/79 84/82 79/124
f 248/125 15/126 254/127 253/128
f 29/112 30/97 86/100 85/113
f 13/129 12/115 68/118 69/130
f 174/131 13/129 69/130 176/132
f 89/133 234/134 243/135 241/136
f 1753/137 9/53 65/56 1755/138
f 19/139 233/85 271/88 262/140
f 36/141 21/142 275/143 276/144
f 166/145 32/57 88/60 168/146
f 25/147 24/148 80/149 81/150
f 173/151 3/89 59/92 175/152
f 191/153 63/154 203/155 202/156
f 10/109 5/93 61/96 66/110
f 83/157 78/158 281/159 282/160
f 24/161 23/123 79/124 80/162
f 330/163 290/164 117/165 196/166
f 336/167 292/168 111/169 226/170
f 293/171 289/172 112/173 118/174
f 333/175 295/176 108/177 219/178
f 339/179 297/180 121/181 246/182
f 295/176 298/183 106/184 108/177
f 297/180 299/185 122/186 121/181
f 300/187 301/188 100/189 94/190
f 302/191 303/192 93/193 107/194
f 329/195 300/187 94/190 192/196
f 305/197 306/198 113/199 128/200
f 299/185 307/201 123/202 122/186
f 308/203 309/204 97/205 102/206
f 338/207 294/208 125/209 236/210
f 326/211 311/212 124/213 170/214
f 312/215 313/216 96/217 101/218
f 311/212 310/219 127/220 124/213
f 314/221 315/222 110/223 120/224
f 316/225 304/226 99/227 98/228
f 290/164 317/229 116/230 117/165
f 318/231 319/232 103/233 104/234
f 340/235 302/191 107/194 251/236
f 317/237 320/238 115/239 116/240
f 328/241 321/242 105/243 178/244
f 309/204 316/245 98/246 97/205
f 1793/247 293/171 118/174 1791/248
f 321/242 318/231 104/234 105/243
f 303/192 308/203 102/206 93/193
f 325/249 323/250 114/251 169/252
f 1758/253 312/215 101/218 1756/254
f 327/255 324/256 95/257 177/258
f 323/250 322/259 119/260 114/251
f 331/261 305/197 128/200 211/262
f 324/256 291/263 109/264 95/257
f 320/238 314/221 120/224 115/239
f 315/222 296/265 126/266 110/223
f 23/267 151/268 146/269 28/270
f 25/271 153/272 150/273 24/274
f 32/275 163/276 155/277 35/278
f 194/279 20/33 143/32 197/280
f 24/281 150/282 151/268 23/267
f 18/30 28/270 146/269 145/27
f 244/283 247/284 158/285 29/286
f 30/287 29/286 158/285 157/288
f 31/289 30/287 157/288 159/290
f 166/291 172/292 163/276 32/275
f 232/293 231/294 156/295 33/296
f 5/297 10/298 137/299 131/300
f 7/301 6/302 130/303 138/304
f 14/305 16/306 139/307 152/308
f 189/309 193/310 132/8 2/7
f 6/311 5/297 131/300 130/312
f 1/2 141/1 137/299 10/298
f 248/313 11/314 162/315 252/316
f 12/317 161/318 162/315 11/314
f 13/319 160/320 161/318 12/317
f 174/321 14/305 152/308 180/322
f 223/323 33/324 156/325 229/326
f 31/289 159/290 172/292 166/291
f 306/198 325/249 169/252 113/199
f 307/201 326/211 170/214 123/202
f 31/98 166/145 168/146 87/99
f 77/327 92/328 280/329 279/330
f 149/49 171/331 165/332 21/50
f 13/319 174/321 180/322 160/320
f 313/216 327/255 177/258 96/217
f 298/183 328/241 178/244 106/184
f 173/333 175/334 187/335 183/336
f 14/62 174/131 176/132 70/63
f 133/23 3/26 173/337 179/338
f 181/108 182/107 186/339 185/340
f 184/341 183/342 187/343 188/344
f 78/345 167/346 185/340 186/339
f 167/347 165/348 181/349 185/350
f 60/55 4/54 184/351 188/352
f 175/353 60/354 188/344 187/343
f 22/355 78/356 186/357 182/358
f 4/359 173/360 183/342 184/341
f 7/361 138/362 193/363 189/364
f 304/226 329/195 192/196 99/227
f 25/147 81/150 205/365 201/366
f 25/367 194/368 197/369 153/370
f 289/172 330/163 196/166 112/173
f 20/83 194/371 195/372 76/84
f 200/373 201/374 205/375 204/376
f 199/377 198/378 202/379 203/380
f 189/121 191/122 202/381 198/382
f 81/383 195/384 204/376 205/375
f 7/385 189/386 198/387 199/388
f 194/389 25/390 201/374 200/373
f 63/103 7/102 199/391 203/392
f 195/393 194/394 200/395 204/396
f 35/278 155/277 213/397 206/398
f 337/399 331/261 211/262 237/400
f 310/219 332/401 210/402 127/220
f 35/58 206/403 208/404 91/59
f 92/405 209/406 267/407 268/408
f 164/52 36/51 207/409 212/410
f 16/306 215/411 221/412 139/307
f 335/413 333/175 219/178 227/414
f 291/263 334/415 218/416 109/264
f 214/417 222/418 261/419 273/420
f 223/421 215/69 217/70 225/422
f 142/24 220/423 214/424 17/25
f 33/425 223/426 238/427 239/428
f 294/429 335/413 227/414 125/430
f 215/411 223/431 229/432 221/412
f 334/415 336/167 226/170 218/416
f 73/433 17/434 269/435 270/436
f 220/423 228/19 222/22 214/424
f 216/437 73/438 270/439 274/440
f 292/441 337/399 237/400 111/442
f 206/398 213/397 231/443 232/444
f 332/401 338/207 236/210 210/402
f 206/403 232/445 234/446 208/404
f 212/410 207/409 233/46 230/45
f 242/447 239/448 241/136 243/135
f 239/428 238/427 240/449 241/450
f 223/421 225/422 240/451 238/452
f 225/453 89/454 241/450 240/449
f 232/455 33/456 239/448 242/447
f 234/446 232/445 242/457 243/458
f 34/459 154/460 247/461 244/462
f 296/265 339/179 246/182 126/266
f 244/111 245/114 259/463 255/464
f 15/465 248/466 252/467 140/468
f 319/232 340/235 251/236 103/233
f 11/116 248/469 250/470 67/117
f 253/128 254/127 258/471 257/472
f 256/473 255/474 259/475 260/476
f 34/477 244/478 255/479 256/480
f 71/481 250/482 257/472 258/471
f 245/483 90/484 260/485 259/486
f 250/470 248/469 253/487 257/488
f 90/120 34/119 256/489 260/490
f 15/491 71/492 258/493 254/494
f 263/495 264/496 268/497 267/498
f 261/499 262/500 266/501 265/502
f 271/503 263/495 267/498 272/504
f 269/505 273/506 274/507 270/508
f 273/506 261/499 265/502 274/507
f 262/500 271/503 272/504 266/501
f 17/509 214/417 273/420 269/510
f 207/86 36/511 264/512 263/87
f 222/418 19/513 262/514 261/419
f 209/406 235/515 272/516 267/407
f 224/517 216/437 274/440 265/518
f 235/515 75/519 266/520 272/516
f 36/521 92/522 268/523 264/524
f 75/525 224/517 265/518 266/526
f 277/527 278/528 282/529 281/159
f 276/144 275/530 279/531 280/329
f 275/530 283/532 284/533 279/531
f 167/534 77/327 279/330 284/533
f 78/356 22/355 277/527 281/159
f 27/535 83/536 285/537 286/538
f 165/348 167/347 284/533 283/532
f 21/142 165/348 283/532 275/143
f 92/328 36/141 276/144 280/329
f 22/355 27/539 278/540 277/527
f 286/541 285/542 287/543 288/544
f 282/529 278/528 288/545 287/546
f 83/157 282/160 287/547 285/548
f 278/540 27/539 286/549 288/550
f 372/551 392/552 340/235 319/232
f 345/553 391/554 339/179 296/265
f 384/555 390/556 338/207 332/401
f 358/557 389/558 337/399 292/441
f 386/559 388/560 336/167 334/415
f 344/561 387/562 335/413 294/429
f 342/563 386/559 334/415 291/263
f 387/562 385/564 333/175 335/413
f 351/565 384/555 332/401 310/219
f 389/558 383/566 331/261 337/399
f 341/567 382/568 330/163 289/172
f 348/569 381/570 329/195 304/226
f 361/571 380/572 328/241 298/183
f 369/573 379/574 327/255 313/216
f 366/575 378/576 326/211 307/201
f 365/577 377/578 325/249 306/198
f 370/579 345/553 296/265 315/222
f 373/580 353/581 314/221 320/238
f 376/582 342/563 291/263 324/256
f 383/566 349/583 305/197 331/261
f 375/584 356/585 322/259 323/250
f 379/574 376/582 324/256 327/255
f 1759/586 352/587 312/215 1758/253
f 377/578 375/584 323/250 325/249
f 364/588 350/589 308/203 303/192
f 374/590 355/591 318/231 321/242
f 1794/592 343/593 293/171 1793/247
f 367/594 354/595 316/245 309/204
f 380/572 374/590 321/242 328/241
f 371/596 373/580 320/238 317/237
f 392/552 347/597 302/191 340/235
f 355/591 372/551 319/232 318/231
f 357/598 371/599 317/229 290/164
f 354/600 348/569 304/226 316/225
f 353/581 370/579 315/222 314/221
f 368/601 351/565 310/219 311/212
f 352/587 369/573 313/216 312/215
f 378/576 368/601 311/212 326/211
f 390/556 344/602 294/208 338/207
f 350/589 367/594 309/204 308/203
f 362/603 366/575 307/201 299/185
f 349/583 365/577 306/198 305/197
f 381/570 346/604 300/187 329/195
f 347/597 364/588 303/192 302/191
f 346/604 363/605 301/188 300/187
f 360/606 362/603 299/185 297/180
f 359/607 361/571 298/183 295/176
f 391/554 360/606 297/180 339/179
f 385/564 359/607 295/176 333/175
f 343/593 341/567 289/172 293/171
f 388/560 358/608 292/168 336/167
f 382/568 357/598 290/164 330/163
f 195/609 81/610 357/611 382/612
f 224/613 75/614 358/615 388/616
f 82/617 76/618 341/619 343/620
f 217/621 72/622 359/623 385/624
f 245/625 85/626 360/627 391/628
f 72/622 70/629 361/630 359/623
f 85/626 86/631 362/632 360/627
f 58/633 64/634 363/635 346/636
f 71/637 57/638 364/639 347/640
f 191/641 58/633 346/636 381/642
f 92/643 77/644 365/645 349/646
f 86/631 87/647 366/648 362/632
f 66/649 61/650 367/651 350/652
f 234/653 89/654 344/655 390/656
f 168/657 88/658 368/659 378/660
f 65/661 60/662 369/663 352/664
f 88/658 91/665 351/666 368/659
f 84/667 74/668 370/669 353/670
f 62/671 63/672 348/673 354/674
f 81/675 80/676 371/677 357/611
f 68/678 67/679 372/680 355/681
f 250/682 71/683 347/640 392/684
f 80/685 79/686 373/687 371/688
f 176/689 69/690 374/691 380/692
f 61/650 62/693 354/694 367/651
f 1790/695 82/617 343/620 1794/696
f 69/690 68/678 355/681 374/691
f 57/638 66/649 350/652 364/639
f 167/697 78/698 375/699 377/700
f 1755/701 65/661 352/664 1759/702
f 175/703 59/704 376/705 379/706
f 78/707 83/708 356/709 375/699
f 209/710 92/643 349/646 383/711
f 59/704 73/712 342/713 376/705
f 79/686 84/667 353/670 373/687
f 74/668 90/714 345/715 370/669
f 77/644 167/716 377/700 365/645
f 87/647 168/657 378/660 366/648
f 60/717 175/718 379/706 369/663
f 70/629 176/689 380/692 361/630
f 63/719 191/720 381/642 348/673
f 76/618 195/721 382/612 341/619
f 235/722 209/710 383/711 389/723
f 91/665 208/724 384/725 351/666
f 225/726 217/621 385/624 387/727
f 73/712 216/728 386/729 342/713
f 89/730 225/731 387/727 344/732
f 216/728 224/613 388/616 386/729
f 75/733 235/722 389/723 358/734
f 208/724 234/735 390/656 384/725
f 90/736 245/737 391/628 345/715
f 67/679 250/738 392/684 372/680
f 427/739 412/740 413/741 453/742
f 1779/743 1778/744 420/745 430/746
f 430/746 420/745 422/747 432/748
f 416/749 426/750 431/751 421/752
f 412/753 411/754 417/755 428/756
f 426/750 439/757 442/758 431/751
f 1781/759 1779/743 430/746 441/760
f 441/760 430/746 432/748 443/761
f 455/762 434/763 447/764 456/765
f 1591/766 448/767 428/768 1588/769
f 450/770 449/771 425/772 438/773
f 449/771 451/774 424/775 425/772
f 412/740 428/756 448/767 413/741
f 434/763 433/776 444/777 447/764
f 1444/778 1441/779 423/780 437/781
f 446/782 435/783 455/784 456/785
f 446/782 452/786 436/787 435/783
f 431/751 442/758 444/777 433/776
f 1444/788 1442/789 443/761 432/748
f 450/770 438/773 436/787 452/786
f 429/790 414/791 415/792 440/793
f 414/791 429/790 419/794 418/795
f 423/780 419/796 429/797 437/781
f 437/781 429/797 440/798 445/799
f 453/742 415/792 414/791 427/739
f 607/800 462/801 463/802 623/803
f 799/804 783/805 459/806 466/807
f 783/805 767/808 458/809 459/806
f 767/808 751/810 457/811 458/809
f 751/810 735/812 478/813 457/811
f 719/814 703/815 476/816 477/817
f 703/815 687/818 475/819 476/816
f 671/820 655/821 471/822 472/823
f 848/824 474/825 462/801 607/800
f 591/826 575/827 467/828 464/829
f 505/830 508/831 469/832 468/833
f 498/834 503/835 502/836 497/837
f 497/837 502/836 501/838 496/839
f 468/833 469/832 506/840 500/841
f 1522/842 1336/843 1337/844 1521/845
f 1417/846 493/847 499/848 1416/849
f 492/850 498/834 497/837 491/851
f 1514/852 1341/853 1340/854 1511/855
f 1513/856 1342/857 1341/853 1514/852
f 491/851 497/837 496/839 490/858
f 1582/859 490/858 496/839 1581/860
f 1636/861 1617/862 945/863 1510/864
f 486/865 1614/866 483/867 1419/868
f 1611/869 470/870 553/871 1590/872
f 1681/873 473/874 484/875 1690/876
f 1413/877 1414/878 526/879 531/880
f 531/880 526/879 528/881 533/882
f 1772/883 1773/884 527/885 532/886
f 532/886 527/885 524/887 529/888
f 1434/889 529/888 524/887 1435/890
f 1412/891 1413/877 531/880 536/892
f 536/892 531/880 533/882 538/893
f 1771/894 1772/883 532/886 537/895
f 537/895 532/886 529/888 534/896
f 1434/897 514/898 517/899 1437/900
f 468/833 461/901 495/902 505/830
f 461/901 468/833 500/841 494/903
f 229/904 156/905 1334/906 1519/907
f 180/908 152/909 482/910 1418/911
f 160/912 481/913 480/914 161/915
f 161/915 480/914 479/916 162/917
f 252/918 162/917 479/916 1573/919
f 141/920 470/921 554/922 137/923
f 473/874 460/924 488/925 484/875
f 460/924 461/901 494/903 488/925
f 1585/926 1581/860 496/839 501/838
f 1766/927 1769/928 542/929 558/930
f 543/931 523/932 559/933 541/934
f 1433/935 1428/936 560/937 540/938
f 558/930 542/929 540/938 560/937
f 567/939 563/940 562/941 566/942
f 822/943 821/944 563/940 567/939
f 570/945 571/946 502/836 503/835
f 1578/947 1580/948 592/949 576/950
f 464/829 467/828 576/950 592/949
f 1775/951 1767/952 579/953 595/954
f 573/955 589/956 588/957 572/958
f 600/959 584/960 583/961 599/962
f 595/954 579/953 581/963 597/964
f 824/965 823/966 584/960 600/959
f 574/967 590/968 596/969 580/970
f 1429/971 1432/972 597/964 581/963
f 587/973 603/974 589/956 573/955
f 840/975 839/976 615/977 616/978
f 841/979 840/975 616/978 825/980
f 841/981 825/982 617/983 842/984
f 474/825 847/985 608/986 462/801
f 1774/987 1776/988 659/989 675/990
f 653/991 669/992 668/993 652/994
f 680/995 664/996 663/997 679/998
f 675/990 659/989 661/999 677/1000
f 829/1001 828/1002 664/996 680/995
f 654/1003 670/1004 676/1005 660/1006
f 1438/1007 1436/1008 677/1000 661/999
f 667/1009 683/1010 669/992 653/991
f 1584/1011 1583/1012 672/1013 656/1014
f 472/823 471/822 656/1014 672/1013
f 670/1004 686/1015 692/1016 676/1005
f 692/1016 695/1017 679/1018 676/1005
f 696/1019 680/995 679/998 695/1017
f 830/1020 829/1001 680/995 696/1019
f 681/1021 829/1022 830/1023 697/1024
f 697/1024 698/1025 682/1026 681/1021
f 698/1025 699/1027 683/1028 682/1026
f 831/1029 830/1020 696/1019 712/1030
f 686/1015 702/1031 708/1032 692/1016
f 1424/1033 1425/1034 709/1035 693/1036
f 699/1037 715/1038 701/1039 685/1040
f 1574/1041 1575/1042 704/1043 688/1044
f 476/816 475/819 688/1044 704/1043
f 1762/1045 1763/1046 691/1047 707/1048
f 685/1040 701/1039 700/1049 684/1050
f 712/1030 696/1019 695/1017 711/1051
f 707/1048 691/1047 693/1036 709/1035
f 477/817 476/816 704/1043 720/1052
f 1765/1053 1762/1045 707/1048 723/1054
f 701/1039 717/1055 716/1056 700/1049
f 728/1057 712/1030 711/1051 727/1058
f 723/1054 707/1048 709/1035 725/1059
f 832/1060 831/1029 712/1030 728/1057
f 702/1031 718/1061 724/1062 708/1032
f 1425/1034 1427/1063 725/1059 709/1035
f 715/1038 731/1064 717/1055 701/1039
f 1575/1042 1577/1065 720/1052 704/1043
f 755/1066 739/1067 741/1068 757/1069
f 834/1070 833/1071 744/1072 760/1073
f 734/1074 750/1075 756/1076 740/1077
f 1426/1078 1446/1079 757/1069 741/1068
f 747/1080 763/1081 749/1082 733/1083
f 1576/1084 1594/1085 752/1086 736/1087
f 457/811 478/813 736/1087 752/1086
f 1760/1088 1764/1089 739/1067 755/1066
f 733/1083 749/1082 748/1090 732/1091
f 760/1073 744/1072 743/1092 759/1093
f 763/1081 779/1094 765/1095 749/1082
f 1594/1085 1571/1096 768/1097 752/1086
f 458/809 457/811 752/1086 768/1097
f 1761/1098 1760/1088 755/1066 771/1099
f 749/1082 765/1095 764/1100 748/1090
f 776/1101 760/1073 759/1093 775/1102
f 771/1099 755/1066 757/1069 773/1103
f 835/1104 834/1070 760/1073 776/1101
f 750/1075 766/1105 772/1106 756/1076
f 1446/1079 1422/1107 773/1103 757/1069
f 792/1108 776/1101 775/1102 791/1109
f 787/1110 771/1099 773/1103 789/1111
f 836/1112 835/1104 776/1101 792/1108
f 766/1105 782/1113 788/1114 772/1106
f 1422/1107 1445/1115 789/1111 773/1103
f 779/1094 795/1116 781/1117 765/1095
f 1571/1096 1593/1118 784/1119 768/1097
f 459/806 458/809 768/1097 784/1119
f 1783/1120 1761/1098 771/1099 787/1110
f 765/1095 781/1117 780/1121 764/1100
f 1445/1115 1443/1122 805/1123 789/1111
f 795/1116 811/1124 797/1125 781/1117
f 1593/1118 1592/1126 800/1127 784/1119
f 466/807 459/806 784/1119 800/1127
f 1782/1128 1783/1120 787/1110 803/1129
f 781/1117 797/1125 796/1130 780/1121
f 808/1131 792/1108 791/1109 807/1132
f 803/1129 787/1110 789/1111 805/1123
f 837/1133 836/1112 792/1108 808/1131
f 782/1113 798/1134 804/1135 788/1114
f 813/1136 812/1137 796/1130 797/1125
f 819/1138 813/1136 797/1125 811/1124
f 809/1139 817/1140 818/1141 810/1142
f 808/1131 807/1132 815/1143 816/1144
f 130/1145 131/1146 555/1147 557/1148
f 1603/1149 1602/1150 557/1148 555/1147
f 788/1114 804/1135 807/1132 791/1109
f 510/1151 509/1152 512/1153 513/1154
f 513/1154 512/1153 515/1155 516/1156
f 793/1157 809/1139 810/1142 794/1158
f 791/1109 775/1102 772/1106 788/1114
f 794/1158 778/1159 777/1160 793/1157
f 761/1161 777/1160 778/1159 762/1162
f 756/1076 772/1106 775/1102 759/1093
f 740/1077 756/1076 759/1093 743/1092
f 745/1163 761/1161 762/1162 746/1164
f 1182/1165 938/1166 939/1167 1198/1168
f 730/1169 714/1170 713/1171 729/1172
f 708/1032 724/1062 727/1058 711/1051
f 692/1016 708/1032 711/1051 695/1017
f 697/1024 713/1171 714/1170 698/1025
f 683/1028 699/1027 685/1040 669/992
f 669/992 685/1040 684/1050 668/993
f 1583/1012 1574/1041 688/1044 672/1013
f 660/1006 676/1005 679/1018 663/997
f 475/819 472/823 672/1013 688/1044
f 682/1026 666/1173 665/1174 681/1021
f 516/1156 515/1155 518/1175 519/1176
f 519/1176 518/1175 521/1177 522/1178
f 580/970 596/969 599/962 583/961
f 541/934 559/933 566/942 562/941
f 193/1179 1430/1180 547/1181 132/1182
f 585/1183 601/1184 602/1185 586/1186
f 569/1187 565/1188 564/1189 568/1190
f 810/1142 818/1141 819/1138 811/1124
f 811/1124 795/1116 794/1158 810/1142
f 836/1191 837/1192 809/1139 793/1157
f 835/1193 836/1191 793/1157 777/1160
f 795/1116 779/1094 778/1159 794/1158
f 779/1094 763/1081 762/1162 778/1159
f 834/1194 835/1193 777/1160 761/1161
f 833/1195 834/1194 761/1161 745/1163
f 763/1081 747/1080 746/1164 762/1162
f 938/1166 1181/1196 1197/1197 939/1167
f 1199/1198 1197/1197 1181/1196 1183/1199
f 714/1170 730/1169 731/1064 715/1038
f 715/1038 699/1037 698/1025 714/1170
f 472/823 475/819 687/818 671/820
f 687/818 689/1200 673/1201 671/820
f 683/1028 667/1009 666/1173 682/1026
f 586/1186 602/1185 603/974 587/973
f 565/1188 569/1187 571/946 570/945
f 568/1190 564/1189 821/1202 822/1203
f 823/1204 824/1205 601/1184 585/1183
f 853/1206 852/1207 613/1208 611/1209
f 1784/1210 853/1206 611/1209 1770/1211
f 828/1212 829/1022 681/1021 665/1174
f 578/1213 522/1178 521/1177 577/1214
f 593/1215 594/1216 578/1213 577/1214
f 830/1023 831/1217 713/1171 697/1024
f 831/1217 832/1218 729/1172 713/1171
f 1200/1219 1199/1198 1183/1199 1184/1220
f 1184/1221 1188/1222 1204/1223 1200/1224
f 1440/1225 1438/1007 661/999 645/1226
f 1770/1211 611/1209 627/1227 1780/1228
f 611/1209 613/1208 629/1229 627/1227
f 1439/1230 629/1229 613/1208 1431/1231
f 462/801 608/986 624/1232 463/802
f 1587/1233 624/1232 608/986 1579/1234
f 621/1235 620/1236 604/1237 605/1238
f 635/1239 621/1235 605/1238 619/1240
f 634/1241 635/1239 619/1240 618/1242
f 618/1242 617/1243 633/1244 634/1241
f 617/983 825/982 826/1245 633/1244
f 825/980 616/978 632/1246 826/1247
f 616/978 615/977 631/1248 632/1246
f 628/1249 631/1248 615/977 612/1250
f 622/1251 628/1249 612/1250 606/1252
f 606/1252 612/1250 838/1253 854/1254
f 615/977 839/976 838/1253 612/1250
f 1466/1255 1091/1256 1107/1257 1459/1258
f 618/1242 843/1259 842/984 617/1243
f 619/1240 844/1260 843/1259 618/1242
f 619/1240 605/1238 845/1261 844/1260
f 605/1238 604/1237 846/1262 845/1261
f 1579/1234 608/986 847/985 1572/1263
f 1088/1264 1092/1265 1108/1266 1104/1267
f 801/1268 802/1269 786/1270 785/1271
f 1431/1231 613/1208 852/1207 1423/1272
f 1104/1273 1103/1274 1087/1275 1088/1276
f 1103/1274 1101/1277 1085/1278 1087/1275
f 770/1279 769/1280 785/1271 786/1270
f 769/1280 770/1279 754/1281 753/1282
f 738/1283 737/1284 753/1282 754/1281
f 1464/1285 1187/1286 1203/1287 1452/1288
f 1187/1286 1185/1289 1201/1290 1203/1287
f 721/1291 722/1292 706/1293 705/1294
f 690/1295 689/1296 705/1294 706/1293
f 674/1297 673/1201 689/1200 690/1295
f 1679/1298 1692/1299 511/1300 1435/1301
f 1606/1302 544/1303 547/1304 1605/1305
f 460/924 473/874 485/1306 489/1307
f 461/901 460/924 489/1307 495/902
f 1437/1308 1433/935 540/938 534/1309
f 542/929 537/895 534/896 540/938
f 860/1310 504/1311 499/1312 859/1313
f 861/1314 507/1315 504/1311 860/1310
f 1520/1316 1339/1317 1348/1318 1523/1319
f 863/1320 551/1321 552/1322 862/1323
f 1524/1324 1347/1325 1349/1326 1526/1327
f 1526/1328 1349/1329 1346/1330 1525/1331
f 866/1332 549/1333 550/1334 865/1335
f 867/1336 539/1337 549/1333 866/1332
f 868/1338 535/1339 539/1337 867/1336
f 1786/1340 1768/1341 544/1303 1606/1302
f 1608/1342 548/1343 545/1344 1607/1345
f 1627/1346 1411/1347 548/1343 1608/1342
f 1612/1348 871/1349 546/1350 1604/1351
f 1419/868 483/867 487/1352 1420/1353
f 856/1354 857/1355 487/1352 483/867
f 1740/1356 1737/1357 493/847 1417/846
f 1743/1358 1517/1359 1335/1360 1735/1361
f 1769/928 1771/894 537/895 542/929
f 541/934 536/892 538/893 543/931
f 1415/1362 503/835 498/834 1416/1363
f 1405/1364 570/945 503/835 1415/1362
f 1407/1365 565/1188 570/945 1405/1364
f 1408/1366 564/1189 565/1188 1407/1365
f 1408/1367 551/1368 820/1369 1421/1370
f 1421/1371 820/1372 550/1373 1410/1374
f 1410/1374 550/1373 549/1333 1409/1375
f 1406/1376 541/934 562/941 1409/1377
f 1406/1376 1412/891 536/892 541/934
f 493/847 858/1378 859/1313 499/848
f 530/1379 869/1380 870/1381 525/1382
f 535/1339 868/1338 869/1380 530/1379
f 1614/866 1610/1383 856/1354 483/867
f 152/909 139/1384 855/1385 482/910
f 1500/1386 860/1310 859/1313 1503/1387
f 1502/1388 861/1314 860/1310 1500/1386
f 507/1315 861/1314 862/1323 552/1322
f 1506/1389 863/1320 862/1323 1505/1390
f 551/1321 863/1320 864/1391 820/1369
f 820/1372 864/1392 865/1335 550/1373
f 1497/1393 866/1332 865/1335 1507/1394
f 1498/1395 867/1336 866/1332 1497/1393
f 1495/1396 868/1338 867/1336 1498/1395
f 1633/1397 1494/1398 871/1349 1612/1348
f 1492/1399 1499/1400 857/1355 856/1354
f 1737/1401 487/1352 857/1355 1734/1402
f 138/1403 130/1404 557/1405 556/1406
f 1602/1407 1601/1408 556/1406 557/1405
f 511/1409 510/1410 513/1411 514/1412
f 514/1412 513/1411 516/1413 517/899
f 517/899 516/1413 519/1414 520/1415
f 520/1415 519/1414 522/1416 561/1417
f 582/1418 578/1419 594/1420 598/1421
f 924/1422 1085/1278 1101/1277 926/1423
f 1086/1424 924/1422 926/1423 1102/1425
f 851/1426 850/1427 610/1428 614/1429
f 614/1429 610/1428 626/1430 630/1431
f 662/1432 658/1433 674/1434 678/1435
f 678/1435 674/1434 690/1436 694/1437
f 1436/1008 1424/1033 693/1036 677/1000
f 694/1437 690/1436 706/1438 710/1439
f 710/1439 706/1438 722/1440 726/1441
f 1814/1442 1180/1443 1196/1444 1810/1445
f 1180/1443 1186/1446 1202/1447 1196/1444
f 742/1448 738/1449 754/1450 758/1451
f 737/1284 735/812 751/810 753/1282
f 1205/1452 1202/1447 1186/1446 1189/1453
f 1189/1453 1190/1454 1206/1455 1205/1452
f 705/1294 703/815 719/814 721/1291
f 689/1296 687/818 703/815 705/1294
f 691/1047 675/990 677/1000 693/1036
f 1763/1046 1774/987 675/990 691/1047
f 671/820 673/1201 657/1456 655/821
f 1776/988 1777/1457 643/1458 659/989
f 609/1459 607/800 623/803 625/1460
f 849/1461 848/824 607/800 609/1459
f 1113/1462 1112/1463 1096/1464 1097/1465
f 1097/1465 1083/1466 1099/1467 1113/1462
f 577/1214 575/827 591/826 593/1215
f 518/1175 500/841 506/840 521/1177
f 515/1155 494/903 500/841 518/1175
f 512/1153 488/925 494/903 515/1155
f 509/1152 484/875 488/925 512/1153
f 1600/1468 1603/1149 555/1147 554/1469
f 131/1146 137/923 554/922 555/1147
f 758/1451 754/1450 770/1470 774/1471
f 774/1471 770/1470 786/1472 790/1473
f 802/1474 806/1475 790/1473 786/1472
f 523/932 574/967 580/970 559/933
f 1767/952 1766/927 558/930 579/953
f 579/953 558/930 560/937 581/963
f 1428/936 1429/971 581/963 560/937
f 522/1416 578/1419 582/1418 561/1417
f 673/1201 674/1297 658/1476 657/1456
f 658/1476 642/1477 641/1478 657/1456
f 506/840 575/827 577/1214 521/1177
f 469/832 467/828 575/827 506/840
f 467/828 469/832 508/831 576/950
f 1585/1479 1578/947 576/950 508/831
f 502/836 573/955 572/958 501/838
f 571/946 587/973 573/955 502/836
f 569/1187 586/1186 587/973 571/946
f 586/1186 569/1187 568/1190 585/1183
f 585/1183 568/1190 822/1203 823/1204
f 823/966 822/943 567/939 584/960
f 584/960 567/939 566/942 583/961
f 583/961 566/942 559/933 580/970
f 659/989 643/1458 645/1226 661/999
f 642/1480 658/1433 662/1432 646/1481
f 465/1482 471/822 655/821 639/1483
f 1586/1484 1584/1011 656/1014 640/1485
f 651/1486 667/1009 653/991 637/1487
f 666/1173 650/1488 649/1489 665/1174
f 828/1002 827/1490 648/1491 664/996
f 663/997 647/1492 644/1493 660/1006
f 638/1494 654/1003 660/1006 644/1493
f 664/996 648/1491 647/1492 663/997
f 665/1174 649/1489 827/1495 828/1212
f 650/1488 666/1173 667/1009 651/1486
f 637/1487 653/991 652/994 636/1496
f 471/822 465/1482 640/1485 656/1014
f 657/1456 641/1478 639/1483 655/821
f 753/1282 751/810 767/808 769/1280
f 769/1280 767/808 783/805 785/1271
f 799/804 801/1268 785/1271 783/805
f 610/1497 609/1459 625/1460 626/1498
f 850/1499 849/1461 609/1459 610/1497
f 1083/1466 1082/1500 1098/1501 1099/1467
f 1558/1502 1086/1424 1102/1425 1559/1503
f 427/739 814/1504 411/754 412/740
f 813/1136 425/772 424/775 812/1137
f 434/763 816/1144 815/1143 433/776
f 455/762 454/1505 816/1144 434/763
f 819/1138 438/773 425/772 813/1136
f 1589/1506 1588/769 428/768 417/755
f 436/787 818/1141 817/1140 435/783
f 433/776 815/1143 421/752 431/751
f 438/773 819/1138 818/1141 436/787
f 454/1507 455/784 435/783 817/1140
f 427/739 414/791 418/795 814/1504
f 799/804 466/807 411/754 814/1504
f 466/807 800/1127 417/755 411/754
f 1589/1506 417/755 800/1127 1592/1126
f 837/1133 808/1131 816/1144 454/1505
f 804/1135 421/752 815/1143 807/1132
f 1441/1508 422/1509 805/1123 1443/1122
f 803/1129 805/1123 422/1509 420/745
f 1782/1128 803/1129 420/745 1778/744
f 416/749 421/752 804/1135 798/1134
f 837/1192 454/1507 817/1140 809/1139
f 802/1269 801/1268 418/795 419/794
f 806/1475 802/1474 419/796 423/780
f 801/1268 799/804 814/1504 418/795
f 888/1510 914/1511 874/1512 873/1513
f 1808/1514 891/1515 881/1516 1805/1517
f 891/1515 893/1518 883/1519 881/1516
f 877/1520 882/1521 892/1522 887/1523
f 873/1524 889/1525 878/1526 872/1527
f 887/1523 892/1522 903/1528 900/1529
f 1811/1530 902/1531 891/1515 1808/1514
f 902/1531 904/1532 893/1518 891/1515
f 916/1533 917/1534 908/1535 895/1536
f 1561/1537 1555/1538 889/1539 909/1540
f 911/1541 899/1542 886/1543 910/1544
f 910/1544 886/1543 885/1545 912/1546
f 873/1524 874/1512 909/1540 889/1525
f 895/1536 908/1535 905/1547 894/1548
f 1462/1549 898/1550 884/1551 1456/1552
f 907/1553 917/1554 916/1555 896/1556
f 907/1553 896/1556 897/1557 913/1558
f 892/1522 894/1548 905/1547 903/1528
f 1462/1559 893/1518 904/1532 1460/1560
f 911/1541 913/1558 897/1557 899/1542
f 890/1561 901/1562 876/1563 875/1564
f 875/1564 879/1565 880/1566 890/1561
f 884/1551 898/1550 890/1567 880/1568
f 898/1550 906/1569 901/1570 890/1567
f 914/1511 888/1510 875/1564 876/1563
f 1069/1571 1085/1278 924/1422 923/1572
f 1261/1573 927/1574 920/1575 1245/1576
f 1245/1576 920/1575 919/1577 1229/1578
f 1229/1578 919/1577 918/1579 1213/1580
f 1213/1580 918/1579 939/1167 1197/1197
f 1181/1196 938/1166 937/1581 1165/1582
f 1165/1582 937/1581 936/1583 1149/1584
f 1133/1585 933/1586 932/1587 1117/1588
f 1310/1589 1069/1571 923/1572 935/1590
f 1053/1591 925/1592 928/1593 1037/1594
f 967/1595 929/1596 930/1597 970/1598
f 960/1599 959/1600 964/1601 965/1602
f 959/1600 958/1603 963/1604 964/1601
f 929/1596 962/1605 968/1606 930/1597
f 1532/1607 1531/1608 1337/1609 1336/1610
f 948/1611 1399/1612 961/1613 955/1614
f 954/1615 953/1616 959/1600 960/1599
f 1542/1617 1539/1618 1340/1619 1341/1620
f 1541/1621 1542/1617 1341/1620 1342/1622
f 953/1616 952/1623 958/1603 959/1600
f 1564/1624 1566/1625 958/1603 952/1623
f 1638/1626 1545/1627 945/1628 1617/1629
f 1626/1630 1404/1631 944/1632 1623/1633
f 1613/1634 1615/1635 1015/1636 931/1637
f 1682/1638 1701/1639 946/1640 934/1641
f 1396/1642 993/1643 988/1644 1397/1645
f 993/1643 995/1646 990/1647 988/1644
f 1816/1648 994/1649 989/1650 1817/1651
f 994/1649 991/1652 986/1653 989/1650
f 1468/1654 1469/1655 986/1653 991/1652
f 1389/1656 998/1657 993/1643 1396/1642
f 998/1657 1000/1658 995/1646 993/1643
f 1796/1659 999/1660 994/1649 1816/1648
f 999/1660 996/1661 991/1652 994/1649
f 1468/1662 1471/1663 979/1664 976/1665
f 929/1596 967/1595 957/1666 922/1667
f 922/1667 956/1668 962/1605 929/1596
f 231/1669 1530/1670 1334/1671 156/1672
f 172/1673 1403/1674 943/1675 163/1676
f 159/1677 157/1678 941/1679 942/1680
f 157/1678 158/1681 940/1682 941/1679
f 247/1683 1568/1684 940/1682 158/1681
f 145/1685 146/1686 1016/1687 931/1688
f 934/1641 946/1640 950/1689 921/1690
f 921/1690 950/1689 956/1668 922/1667
f 1563/1691 963/1604 958/1603 1566/1625
f 1795/1692 1020/1693 1004/1694 1798/1695
f 1005/1696 1003/1697 1021/1698 985/1699
f 1472/1700 1002/1701 1022/1702 1449/1703
f 1020/1693 1022/1702 1002/1701 1004/1694
f 1029/1704 1028/1705 1024/1706 1025/1707
f 1284/1708 1029/1704 1025/1707 1283/1709
f 1032/1710 965/1602 964/1601 1033/1711
f 1546/1712 1038/1713 1054/1714 1551/1715
f 925/1592 1054/1714 1038/1713 928/1593
f 1804/1716 1057/1717 1041/1718 1799/1719
f 1035/1720 1034/1721 1050/1722 1051/1723
f 1062/1724 1061/1725 1045/1726 1046/1727
f 1057/1717 1059/1728 1043/1729 1041/1718
f 1286/1730 1062/1724 1046/1727 1285/1731
f 1036/1732 1042/1733 1058/1734 1052/1735
f 1454/1736 1043/1729 1059/1728 1453/1737
f 1049/1738 1035/1720 1051/1723 1065/1739
f 1302/1740 1078/1741 1077/1742 1301/1743
f 1303/1744 1287/1745 1078/1741 1302/1740
f 1303/1746 1304/1747 1079/1748 1287/1749
f 935/1590 923/1572 1070/1750 1309/1751
f 1819/1752 1137/1753 1121/1754 1809/1755
f 1115/1756 1114/1757 1130/1758 1131/1759
f 1142/1760 1141/1761 1125/1762 1126/1763
f 1137/1753 1139/1764 1123/1765 1121/1754
f 1291/1766 1142/1760 1126/1763 1290/1767
f 1116/1768 1122/1769 1138/1770 1132/1771
f 1458/1772 1123/1765 1139/1764 1457/1773
f 1129/1774 1115/1756 1131/1759 1145/1775
f 1556/1776 1118/1777 1134/1778 1567/1779
f 933/1586 1134/1778 1118/1777 932/1587
f 1132/1771 1138/1770 1154/1780 1148/1781
f 1154/1780 1138/1770 1141/1782 1157/1783
f 1158/1784 1157/1783 1141/1782 1142/1760
f 1292/1785 1158/1784 1142/1760 1291/1766
f 1143/1786 1159/1787 1292/1788 1291/1789
f 1159/1787 1143/1786 1144/1790 1160/1791
f 1160/1791 1144/1790 1145/1792 1161/1793
f 1293/1794 1174/1795 1158/1784 1292/1785
f 1148/1781 1154/1780 1170/1796 1164/1797
f 1461/1798 1155/1799 1171/1800 1465/1801
f 1161/1802 1147/1803 1163/1804 1177/1805
f 1552/1806 1150/1807 1166/1808 1554/1809
f 937/1581 1166/1808 1150/1807 936/1583
f 1807/1810 1169/1811 1153/1812 1806/1813
f 1147/1803 1146/1814 1162/1815 1163/1804
f 1174/1795 1173/1816 1157/1783 1158/1784
f 1169/1811 1171/1800 1155/1799 1153/1812
f 938/1166 1182/1165 1166/1808 937/1581
f 1814/1817 1185/1818 1169/1811 1807/1810
f 1163/1804 1162/1815 1178/1819 1179/1820
f 1190/1454 1189/1453 1173/1816 1174/1795
f 1185/1289 1187/1286 1171/1800 1169/1811
f 1294/1821 1190/1454 1174/1795 1293/1794
f 1164/1797 1170/1796 1186/1446 1180/1443
f 1465/1801 1171/1800 1187/1286 1464/1285
f 1177/1805 1163/1804 1179/1820 1193/1822
f 1554/1809 1166/1808 1182/1165 1560/1823
f 1217/1824 1219/1825 1203/1287 1201/1290
f 1296/1826 1222/1827 1206/1828 1295/1829
f 1196/1444 1202/1447 1218/1830 1212/1831
f 1452/1288 1203/1287 1219/1825 1455/1832
f 1209/1833 1195/1834 1211/1835 1225/1836
f 1557/1837 1198/1838 1214/1839 1549/1840
f 918/1579 1214/1839 1198/1838 939/1167
f 1802/1841 1217/1824 1201/1290 1810/1842
f 1195/1834 1194/1843 1210/1844 1211/1835
f 1222/1827 1221/1845 1205/1452 1206/1828
f 1225/1836 1211/1835 1227/1846 1241/1847
f 1549/1840 1214/1839 1230/1848 1550/1849
f 919/1577 1230/1848 1214/1839 918/1579
f 1803/1850 1233/1851 1217/1824 1802/1841
f 1211/1835 1210/1844 1226/1852 1227/1846
f 1238/1853 1237/1854 1221/1845 1222/1827
f 1233/1851 1235/1855 1219/1825 1217/1824
f 1297/1856 1238/1853 1222/1827 1296/1826
f 1212/1831 1218/1830 1234/1857 1228/1858
f 1455/1832 1219/1825 1235/1855 1451/1859
f 1254/1860 1253/1861 1237/1854 1238/1853
f 1249/1862 1251/1863 1235/1855 1233/1851
f 1298/1864 1254/1860 1238/1853 1297/1856
f 1228/1858 1234/1857 1250/1865 1244/1866
f 1451/1859 1235/1855 1251/1863 1450/1867
f 1241/1847 1227/1846 1243/1868 1257/1869
f 1550/1849 1230/1848 1246/1870 1547/1871
f 920/1575 1246/1870 1230/1848 919/1577
f 1800/1872 1249/1862 1233/1851 1803/1850
f 1227/1846 1226/1852 1242/1873 1243/1868
f 1450/1867 1251/1863 1267/1874 1467/1875
f 1257/1869 1243/1868 1259/1876 1273/1877
f 1547/1871 1246/1870 1262/1878 1562/1879
f 927/1574 1262/1878 1246/1870 920/1575
f 1815/1880 1265/1881 1249/1862 1800/1872
f 1243/1868 1242/1873 1258/1882 1259/1876
f 1270/1883 1269/1884 1253/1861 1254/1860
f 1265/1881 1267/1874 1251/1863 1249/1862
f 1299/1885 1270/1883 1254/1860 1298/1864
f 1244/1866 1250/1865 1266/1886 1260/1887
f 1275/1888 1259/1876 1258/1882 1274/1889
f 1281/1890 1273/1877 1259/1876 1275/1888
f 1271/1891 1272/1892 1280/1893 1279/1894
f 1270/1883 1278/1895 1277/1896 1269/1884
f 150/1897 1019/1898 1017/1899 151/1900
f 1622/1901 1017/1899 1019/1898 1621/1902
f 1250/1865 1253/1861 1269/1884 1266/1886
f 972/1903 975/1904 974/1905 971/1906
f 975/1904 978/1907 977/1908 974/1905
f 1255/1909 1256/1910 1272/1892 1271/1891
f 1253/1861 1250/1865 1234/1857 1237/1854
f 1256/1910 1255/1909 1239/1911 1240/1912
f 1223/1913 1224/1914 1240/1912 1239/1911
f 1218/1830 1221/1845 1237/1854 1234/1857
f 1202/1447 1205/1452 1221/1845 1218/1830
f 1207/1915 1208/1916 1224/1914 1223/1913
f 1192/1917 1191/1918 1175/1919 1176/1920
f 1170/1796 1173/1816 1189/1453 1186/1446
f 1154/1780 1157/1783 1173/1816 1170/1796
f 1159/1787 1160/1791 1176/1920 1175/1919
f 1145/1792 1131/1759 1147/1803 1161/1793
f 1131/1759 1130/1758 1146/1814 1147/1803
f 1567/1779 1134/1778 1150/1807 1552/1806
f 1122/1769 1125/1762 1141/1761 1138/1770
f 936/1583 1150/1807 1134/1778 933/1586
f 1144/1790 1143/1786 1127/1921 1128/1922
f 978/1907 981/1923 980/1924 977/1908
f 981/1923 984/1925 983/1926 980/1924
f 1042/1733 1045/1726 1061/1725 1058/1734
f 1003/1697 1024/1706 1028/1705 1021/1698
f 197/1927 143/1928 1009/1929 1448/1930
f 1047/1931 1048/1932 1064/1933 1063/1934
f 1031/1935 1030/1936 1026/1937 1027/1938
f 1272/1892 1273/1877 1281/1890 1280/1893
f 1273/1877 1272/1892 1256/1910 1257/1869
f 1298/1939 1255/1909 1271/1891 1299/1940
f 1297/1941 1239/1911 1255/1909 1298/1939
f 1257/1869 1256/1910 1240/1912 1241/1847
f 1241/1847 1240/1912 1224/1914 1225/1836
f 1296/1942 1223/1913 1239/1911 1297/1941
f 1295/1943 1207/1915 1223/1913 1296/1942
f 1225/1836 1224/1914 1208/1916 1209/1833
f 1176/1920 1177/1805 1193/1822 1192/1917
f 1177/1805 1176/1920 1160/1791 1161/1802
f 933/1586 1133/1585 1149/1584 936/1583
f 1149/1584 1133/1585 1135/1944 1151/1945
f 1145/1792 1144/1790 1128/1922 1129/1774
f 1048/1932 1049/1738 1065/1739 1064/1933
f 1027/1938 1032/1710 1033/1711 1031/1935
f 1030/1936 1284/1946 1283/1947 1026/1937
f 1285/1948 1047/1931 1063/1934 1286/1949
f 1315/1950 1073/1951 1075/1952 1314/1953
f 1818/1954 1801/1955 1073/1951 1315/1950
f 1290/1956 1127/1921 1143/1786 1291/1789
f 1040/1957 1039/1958 983/1926 984/1925
f 1055/1959 1039/1958 1040/1957 1056/1960
f 1292/1788 1159/1787 1175/1919 1293/1961
f 1293/1961 1175/1919 1191/1918 1294/1962
f 1459/1258 1107/1257 1123/1765 1458/1772
f 1801/1955 1812/1963 1089/1964 1073/1951
f 1073/1951 1089/1964 1091/1965 1075/1952
f 1466/1255 1463/1966 1075/1952 1091/1256
f 923/1572 924/1422 1086/1424 1070/1750
f 1558/1502 1548/1967 1070/1750 1086/1424
f 1083/1466 1067/1968 1066/1969 1082/1500
f 1097/1465 1081/1970 1067/1968 1083/1466
f 1096/1464 1080/1971 1081/1970 1097/1465
f 1080/1971 1096/1464 1095/1972 1079/1973
f 1079/1973 1095/1972 1288/1974 1287/1749
f 1287/1745 1288/1975 1094/1976 1078/1741
f 1078/1741 1094/1976 1093/1977 1077/1742
f 1090/1978 1074/1979 1077/1742 1093/1977
f 1084/1980 1068/1981 1074/1979 1090/1978
f 1068/1981 1316/1982 1300/1983 1074/1979
f 1077/1742 1074/1979 1300/1983 1301/1743
f 1080/1971 1079/1973 1304/1747 1305/1984
f 1081/1970 1080/1971 1305/1984 1306/1985
f 1081/1970 1306/1985 1307/1986 1067/1968
f 1067/1968 1307/1986 1308/1987 1066/1969
f 1548/1967 1565/1988 1309/1751 1070/1750
f 1263/1989 1247/1990 1248/1991 1264/1992
f 1463/1966 1470/1993 1314/1953 1075/1952
f 1232/1994 1248/1991 1247/1990 1231/1995
f 1231/1995 1215/1996 1216/1997 1232/1994
f 1200/1219 1216/1997 1215/1996 1199/1198
f 1183/1199 1167/1998 1168/1999 1184/1220
f 1152/2000 1168/1999 1167/1998 1151/2001
f 1136/2002 1152/2000 1151/2001 1135/1944
f 1708/2003 1469/2004 973/2005 1703/2006
f 1597/2007 1598/2008 1009/2009 1006/2010
f 921/1690 951/2011 947/2012 934/1641
f 922/1667 957/1666 951/2011 921/1690
f 1471/2013 996/2014 1002/1701 1472/1700
f 1004/1694 1002/1701 996/2014 999/1660
f 1322/2015 1321/2016 961/2017 966/2018
f 1323/2019 1322/2015 966/2018 969/2020
f 1529/2021 1535/2022 1348/2023 1339/2024
f 1325/2025 1324/2026 1014/2027 1013/2028
f 1534/2029 1536/2030 1349/2031 1347/2032
f 1536/2033 1537/2034 1346/2035 1349/2036
f 1328/2037 1327/2038 1012/2039 1011/2040
f 1329/2041 1328/2037 1011/2040 1001/2042
f 1330/2043 1329/2041 1001/2042 997/2044
f 1821/2045 1597/2007 1006/2010 1797/2046
f 1596/2047 1624/2048 1007/2049 1010/2050
f 1625/2051 1596/2047 1010/2050 1391/2052
f 1619/2053 1599/2054 1008/2055 1333/2056
f 1404/1631 1401/2057 949/2058 944/1632
f 1318/2059 944/1632 949/2058 1319/2060
f 1739/2061 948/1611 955/1614 1736/2062
f 1744/2063 1735/2064 1335/2065 1533/2066
f 1798/1695 1004/1694 999/1660 1796/1659
f 1003/1697 1005/1696 1000/1658 998/1657
f 1400/2067 1399/2068 960/1599 965/1602
f 1402/2069 1400/2067 965/1602 1032/1710
f 1392/2070 1402/2069 1032/1710 1027/1938
f 1394/2071 1392/2070 1027/1938 1026/1937
f 1394/2072 1398/2073 1282/2074 1013/2075
f 1398/2076 1393/2077 1012/2078 1282/2079
f 1393/2077 1395/2080 1011/2040 1012/2078
f 1390/2081 1395/2082 1024/1706 1003/1697
f 1390/2081 1003/1697 998/1657 1389/1656
f 955/1614 961/1613 1321/2016 1320/2083
f 992/2084 987/2085 1332/2086 1331/2087
f 997/2044 992/2084 1331/2087 1330/2043
f 1623/1633 944/1632 1318/2059 1618/2088
f 163/1676 943/1675 1317/2089 155/2090
f 1474/2091 1477/2092 1321/2016 1322/2015
f 1475/2093 1474/2091 1322/2015 1323/2019
f 969/2020 1014/2027 1324/2026 1323/2019
f 1481/2094 1482/2095 1324/2026 1325/2025
f 1013/2028 1282/2074 1326/2096 1325/2025
f 1282/2079 1012/2078 1327/2038 1326/2097
f 1490/2098 1484/2099 1327/2038 1328/2037
f 1487/2100 1490/2098 1328/2037 1329/2041
f 1488/2101 1487/2100 1329/2041 1330/2043
f 1631/2102 1619/2053 1333/2056 1485/2103
f 1480/2104 1318/2059 1319/2060 1479/2105
f 1736/2106 1738/2107 1319/2060 949/2058
f 153/2108 1018/2109 1019/2110 150/2111
f 1621/2112 1019/2110 1018/2109 1620/2113
f 973/2114 976/2115 975/2116 972/2117
f 976/1665 979/1664 978/2118 975/2116
f 979/1664 982/2119 981/2120 978/2118
f 982/2119 1023/2121 984/2122 981/2120
f 1044/2123 1060/2124 1056/2125 1040/2126
f 1313/2127 1076/2128 1072/2129 1312/2130
f 1076/2128 1092/1265 1088/1264 1072/2129
f 1124/2131 1140/2132 1136/2133 1120/2134
f 1140/2132 1156/2135 1152/2136 1136/2133
f 1457/1773 1139/1764 1155/1799 1461/1798
f 1156/2135 1172/2137 1168/2138 1152/2136
f 1172/2137 1188/1222 1184/1221 1168/2138
f 1204/1223 1220/2139 1216/2140 1200/1224
f 1199/1198 1215/1996 1213/1580 1197/1197
f 1167/1998 1183/1199 1181/1196 1165/1582
f 1151/1945 1167/1998 1165/1582 1149/1584
f 1153/1812 1155/1799 1139/1764 1137/1753
f 1806/1813 1153/1812 1137/1753 1819/1752
f 1133/1585 1117/1588 1119/2141 1135/1944
f 1809/1755 1121/1754 1105/2142 1813/2143
f 1071/2144 1087/1275 1085/1278 1069/1571
f 1311/2145 1071/2144 1069/1571 1310/1589
f 1039/1958 1055/1959 1053/1591 1037/1594
f 980/1924 983/1926 968/1606 962/1605
f 977/1908 980/1924 962/1605 956/1668
f 974/1905 977/1908 956/1668 950/1689
f 971/1906 974/1905 950/1689 946/1640
f 1616/2146 1016/2147 1017/1899 1622/1901
f 151/1900 1017/1899 1016/2147 146/1686
f 1220/2139 1236/2148 1232/2149 1216/2140
f 1236/2148 1252/2150 1248/2151 1232/2149
f 1264/2152 1248/2151 1252/2150 1268/2153
f 985/1699 1021/1698 1042/1733 1036/1732
f 1799/1719 1041/1718 1020/1693 1795/1692
f 1041/1718 1043/1729 1022/1702 1020/1693
f 1449/1703 1022/1702 1043/1729 1454/1736
f 984/2122 1023/2121 1044/2123 1040/2126
f 1135/1944 1119/2141 1120/2154 1136/2002
f 1120/2154 1119/2141 1103/1274 1104/1273
f 968/1606 983/1926 1039/1958 1037/1594
f 930/1597 968/1606 1037/1594 928/1593
f 928/1593 1038/1713 970/1598 930/1597
f 1563/2155 970/1598 1038/1713 1546/1712
f 964/1601 963/1604 1034/1721 1035/1720
f 1033/1711 964/1601 1035/1720 1049/1738
f 1031/1935 1033/1711 1049/1738 1048/1932
f 1048/1932 1047/1931 1030/1936 1031/1935
f 1047/1931 1285/1948 1284/1946 1030/1936
f 1285/1731 1046/1727 1029/1704 1284/1708
f 1046/1727 1045/1726 1028/1705 1029/1704
f 1045/1726 1042/1733 1021/1698 1028/1705
f 1121/1754 1123/1765 1107/1257 1105/2142
f 1104/1267 1108/1266 1124/2131 1120/2134
f 926/1423 1101/1277 1117/1588 932/1587
f 1559/1503 1102/1425 1118/1777 1556/1776
f 1113/1462 1099/1467 1115/1756 1129/1774
f 1128/1922 1127/1921 1111/2156 1112/2157
f 1290/1767 1126/1763 1110/2158 1289/2159
f 1125/1762 1122/1769 1106/2160 1109/2161
f 1100/2162 1106/2160 1122/1769 1116/1768
f 1126/1763 1125/1762 1109/2161 1110/2158
f 1127/1921 1290/1956 1289/2163 1111/2156
f 1112/1463 1113/1462 1129/1774 1128/1922
f 1099/1467 1098/1501 1114/1757 1115/1756
f 932/1587 1118/1777 1102/1425 926/1423
f 1119/2141 1117/1588 1101/1277 1103/1274
f 1215/1996 1231/1995 1229/1578 1213/1580
f 1231/1995 1247/1990 1245/1576 1229/1578
f 1261/1573 1245/1576 1247/1990 1263/1989
f 1072/2164 1088/1276 1087/1275 1071/2144
f 1312/2165 1072/2164 1071/2144 1311/2145
f 888/1510 873/1513 872/1527 1276/2166
f 1275/1888 1274/1889 885/1545 886/1543
f 895/1536 894/1548 1277/1896 1278/1895
f 916/1533 895/1536 1278/1895 915/2167
f 1281/1890 1275/1888 886/1543 899/1542
f 1553/2168 878/1526 889/1525 1555/1538
f 897/1557 896/1556 1279/1894 1280/1893
f 894/1548 892/1522 882/1521 1277/1896
f 899/1542 897/1557 1280/1893 1281/1890
f 915/2169 1279/1894 896/1556 916/1555
f 888/1510 1276/2166 879/1565 875/1564
f 1261/1573 1276/2166 872/1527 927/1574
f 927/1574 872/1527 878/1526 1262/1878
f 1553/2168 1562/1879 1262/1878 878/1526
f 1299/1885 915/2167 1278/1895 1270/1883
f 1266/1886 1269/1884 1277/1896 882/1521
f 1456/2170 1467/1875 1267/1874 883/2171
f 1265/1881 881/1516 883/1519 1267/1874
f 1815/1880 1805/1517 881/1516 1265/1881
f 877/1520 1260/1887 1266/1886 882/1521
f 1299/1940 1271/1891 1279/1894 915/2169
f 1264/1992 880/1566 879/1565 1263/1989
f 1268/2153 884/1551 880/1568 1264/2152
f 1263/1989 879/1565 1276/2166 1261/1573
f 1560/1823 1182/1165 1198/1168 1557/1837
f 1195/1834 1179/1820 1178/1819 1194/1843
f 1209/1833 1193/1822 1179/1820 1195/1834
f 1193/1822 1209/1833 1208/1916 1192/1917
f 1207/1915 1191/1918 1192/1917 1208/1916
f 1191/1918 1207/1915 1295/1943 1294/1962
f 1190/1454 1294/1821 1295/1829 1206/1455
f 1427/1063 1426/1078 741/1068 725/1059
f 722/1440 738/1449 742/1448 726/1441
f 721/1291 737/1284 738/1283 722/1292
f 737/1284 721/1291 719/814 735/812
f 477/817 478/813 735/812 719/814
f 478/813 477/817 720/1052 736/1087
f 1577/1065 1576/1084 736/1087 720/1052
f 717/1055 733/1083 732/1091 716/1056
f 731/1064 747/1080 733/1083 717/1055
f 747/1080 731/1064 730/1169 746/1164
f 729/1172 745/1163 746/1164 730/1169
f 745/1163 729/1172 832/1218 833/1195
f 833/1071 832/1060 728/1057 744/1072
f 744/1072 728/1057 727/1058 743/1092
f 724/1062 740/1077 743/1092 727/1058
f 718/1061 734/1074 740/1077 724/1062
f 1764/1089 1765/1053 723/1054 739/1067
f 739/1067 723/1054 725/1059 741/1068
f 1091/1256 1089/1964 1105/2142 1107/1257
f 1812/1963 1813/2143 1105/2142 1089/1964
f 1100/2162 1084/1980 1090/1978 1106/2160
f 1093/1977 1109/2161 1106/2160 1090/1978
f 1094/1976 1110/2158 1109/2161 1093/1977
f 1288/1975 1289/2159 1110/2158 1094/1976
f 1095/1972 1111/2156 1289/2163 1288/1974
f 651/1486 635/1239 634/1241 650/1488
f 844/1260 603/974 602/1185 843/1259
f 603/974 844/1260 845/1261 589/956
f 635/1239 651/1486 637/1487 621/1235
f 621/1235 637/1487 636/1496 620/1236
f 589/956 845/1261 846/1262 588/957
f 1587/1233 1586/1484 640/1485 624/1232
f 465/1482 463/802 624/1232 640/1485
f 1580/948 1572/1263 847/985 592/949
f 474/825 464/829 592/949 847/985
f 464/829 474/825 848/824 591/826
f 591/826 848/824 849/1461 593/1215
f 463/802 465/1482 639/1483 623/803
f 641/1478 625/1460 623/803 639/1483
f 642/1477 626/1498 625/1460 641/1478
f 593/1215 849/1461 850/1499 594/1216
f 594/1420 850/1427 851/1426 598/1421
f 646/1481 630/1431 626/1430 642/1480
f 1432/972 1423/1272 852/1207 597/964
f 1439/1230 1440/1225 645/1226 629/1229
f 643/1458 627/1227 629/1229 645/1226
f 853/1206 595/954 597/964 852/1207
f 1784/1210 1775/951 595/954 853/1206
f 590/968 854/1254 838/1253 596/969
f 596/969 838/1253 839/976 599/962
f 840/975 600/959 599/962 839/976
f 841/979 824/965 600/959 840/975
f 842/984 601/1184 824/1205 841/981
f 601/1184 842/984 843/1259 602/1185
f 650/1488 634/1241 633/1244 649/1489
f 649/1489 633/1244 826/1245 827/1495
f 827/1490 826/1247 632/1246 648/1491
f 648/1491 632/1246 631/1248 647/1492
f 647/1492 631/1248 628/1249 644/1493
f 622/1251 638/1494 644/1493 628/1249
f 1777/1457 1780/1228 627/1227 643/1458
f 1804/1716 1818/1954 1315/1950 1057/1717
f 1057/1717 1315/1950 1314/1953 1059/1728
f 1470/1993 1453/1737 1059/1728 1314/1953
f 1316/1982 1052/1735 1058/1734 1300/1983
f 1300/1983 1058/1734 1061/1725 1301/1743
f 1062/1724 1302/1740 1301/1743 1061/1725
f 1286/1730 1303/1744 1302/1740 1062/1724
f 1063/1934 1304/1747 1303/1746 1286/1949
f 1304/1747 1063/1934 1064/1933 1305/1984
f 1065/1739 1306/1985 1305/1984 1064/1933
f 1306/1985 1065/1739 1051/1723 1307/1986
f 1307/1986 1051/1723 1050/1722 1308/1987
f 1565/1988 1551/1715 1054/1714 1309/1751
f 925/1592 935/1590 1309/1751 1054/1714
f 935/1590 925/1592 1053/1591 1310/1589
f 1310/1589 1053/1591 1055/1959 1311/2145
f 1311/2145 1055/1959 1056/1960 1312/2165
f 1312/2130 1056/2125 1060/2124 1313/2127
f 1095/1972 1096/1464 1112/1463 1111/2156
f 453/742 413/741 1350/2172 1366/2173
f 908/1535 917/1534 1385/2174 1378/2175
f 907/1553 913/1558 1383/2176 1377/2177
f 1811/2178 900/2179 1370/2180 1820/2181
f 905/1547 908/1535 1378/2175 1375/2182
f 903/1528 905/1547 1375/2182 1373/2183
f 909/1540 874/1512 1368/2184 1379/2185
f 456/765 447/764 1360/2186 1367/2187
f 445/799 440/798 1353/2188 1358/2189
f 450/770 452/786 1365/2190 1363/2191
f 913/1558 911/1541 1381/2192 1383/2176
f 911/1541 910/1544 1380/2193 1381/2192
f 876/1563 901/1562 1371/2194 1369/2195
f 449/771 450/770 1363/2191 1362/2196
f 452/786 446/782 1359/2197 1365/2190
f 441/760 443/761 1356/2198 1354/2199
f 900/1529 903/1528 1373/2183 1370/2180
f 446/782 456/785 1367/2200 1359/2197
f 1442/2201 445/799 1358/2189 1447/2202
f 1781/759 441/760 1354/2199 1785/2203
f 917/1554 907/1553 1377/2177 1385/2204
f 447/764 444/777 1357/2205 1360/2186
f 1460/1560 904/1532 1374/2206 1473/2207
f 442/758 439/757 1352/2208 1355/2209
f 874/1512 914/1511 1384/2210 1368/2184
f 415/792 453/742 1366/2173 1351/2211
f 451/774 449/771 1362/2196 1364/2212
f 444/777 442/758 1355/2209 1357/2205
f 914/1511 876/1563 1369/2195 1384/2210
f 440/793 415/792 1351/2211 1353/2213
f 1591/2214 451/774 1364/2212 1595/2215
f 413/741 448/767 1361/2216 1350/2172
f 910/1544 912/1546 1382/2217 1380/2193
f 904/1532 902/1531 1372/2218 1374/2206
f 1561/1537 909/1540 1379/2185 1570/2219
f 901/1570 906/1569 1376/2220 1371/2221
f 1363/2191 1365/2190 1665/2222 1676/2223
f 1384/2210 1369/2195 1642/2224 1640/2225
f 1359/2197 1367/2200 1675/2226 1664/2227
f 1356/2228 1447/2229 1666/2230 1678/2231
f 1369/2195 1371/2194 1643/2232 1642/2224
f 1367/2187 1360/2186 1669/2233 1675/2234
f 1379/2185 1368/2184 1639/2235 1641/2236
f 1595/2215 1364/2212 1674/2237 1673/2238
f 1368/2184 1384/2210 1640/2225 1639/2235
f 1785/2203 1354/2199 1672/2239 1787/2240
f 1357/2205 1355/2209 1670/2241 1668/2242
f 1360/2186 1357/2205 1668/2242 1669/2233
f 1447/2202 1358/2189 1667/2243 1666/2230
f 1365/2190 1359/2197 1664/2227 1665/2222
f 1353/2213 1351/2211 1659/2244 1663/2245
f 1366/2173 1350/2172 1661/2246 1660/2247
f 1008/2055 149/2248 1388/2249 1333/2056
f 1538/2250 1544/2251 1386/2252 1344/2253
f 1391/2052 1010/2050 148/2254 171/2255
f 1010/2050 1007/2049 147/2256 148/2254
f 1797/2046 1006/2010 144/2257 1792/2258
f 1006/2010 1009/2009 143/1928 144/2257
f 931/1637 1015/1636 154/2259 145/1685
f 546/1350 871/1349 1387/2260 133/2261
f 1512/2262 1344/2263 1386/2264 1527/2265
f 1411/1347 179/2266 134/2267 548/1343
f 548/1343 134/2267 136/2268 545/1344
f 1768/1341 1757/2269 135/2270 544/1303
f 544/1303 135/2270 132/1182 547/1304
f 470/870 141/920 140/2271 553/871
f 1008/2055 1391/2052 171/2255 149/2248
f 1001/2042 1390/2081 1389/1656 997/2044
f 1001/2042 1011/2040 1395/2080 1390/2081
f 1025/1707 1024/1706 1395/2082 1393/2077
f 1283/1709 1025/1707 1393/2077 1398/2076
f 1026/1937 1283/1947 1398/2073 1394/2071
f 1013/2028 1014/2027 1392/2070 1394/2072
f 1014/2027 969/2020 1402/2069 1392/2070
f 969/2020 966/2018 1400/2067 1402/2069
f 966/2018 961/2017 1399/1612 1400/2067
f 1599/2054 1625/2051 1391/2052 1008/2055
f 159/1677 942/1680 1403/1674 172/1673
f 997/2044 1389/1656 1396/1642 992/2084
f 992/2084 1396/1642 1397/1645 987/2085
f 954/1615 960/1599 1399/2068 948/1611
f 546/1350 133/2261 179/2266 1411/1347
f 539/1337 535/1339 1412/891 1406/1376
f 539/1337 1406/1376 1409/1377 549/1333
f 563/940 1410/1374 1409/1375 562/941
f 821/944 1421/1371 1410/1374 563/940
f 564/1189 1408/1366 1421/1370 821/1202
f 551/1321 1408/1367 1407/1365 552/1322
f 552/1322 1407/1365 1405/1364 507/1315
f 507/1315 1405/1364 1415/1362 504/1311
f 504/1311 1415/1362 1416/1363 499/1312
f 1590/2272 1726/2273 1729/2274 1691/2275
f 1604/1351 546/1350 1411/1347 1627/1346
f 160/912 180/908 1418/911 481/913
f 535/1339 530/1379 1413/877 1412/891
f 530/1379 525/1382 1414/878 1413/877
f 492/850 1417/846 1416/849 498/834
f 443/761 1442/789 1447/2202 1356/2198
f 630/1431 646/1481 1440/1225 1439/1230
f 598/1421 851/1426 1423/1272 1432/972
f 726/1441 742/1448 1426/1078 1427/1063
f 423/780 1441/779 1443/1122 806/1475
f 561/1417 582/1418 1429/971 1428/936
f 678/1435 694/1437 1424/1033 1436/1008
f 517/899 520/1415 1433/935 1437/900
f 614/1429 1431/1231 1423/1272 851/1426
f 630/1431 1439/1230 1431/1231 614/1429
f 646/1481 662/1432 1438/1007 1440/1225
f 138/1403 556/1406 1430/1180 193/1179
f 790/1473 806/1475 1443/1122 1445/1115
f 774/1471 790/1473 1445/1115 1422/1107
f 758/1451 774/1471 1422/1107 1446/1079
f 742/1448 758/1451 1446/1079 1426/1078
f 710/1439 726/1441 1427/1063 1425/1034
f 694/1437 710/1439 1425/1034 1424/1033
f 662/1432 678/1435 1436/1008 1438/1007
f 582/1418 598/1421 1432/972 1429/971
f 520/1415 561/1417 1428/936 1433/935
f 529/888 1434/889 1437/900 534/896
f 514/1412 1434/897 1435/890 511/1409
f 437/781 445/799 1442/2201 1444/778
f 432/748 422/747 1441/1508 1444/788
f 906/1569 1460/1560 1473/2207 1376/2220
f 1313/2127 1060/2124 1453/1737 1470/1993
f 884/1551 1268/2153 1467/1875 1456/1552
f 1023/2121 1449/1703 1454/1736 1044/2123
f 1140/2132 1457/1773 1461/1798 1156/2135
f 979/1664 1471/1663 1472/1700 982/2119
f 1688/2276 986/1653 1469/1655 1708/2003
f 1076/2128 1313/2127 1470/1993 1463/1966
f 1092/1265 1076/2128 1463/1966 1466/1255
f 1108/1266 1459/1258 1458/1772 1124/2131
f 153/2108 197/1927 1448/1930 1018/2109
f 1252/2150 1450/1867 1467/1875 1268/2153
f 1236/2148 1451/1859 1450/1867 1252/2150
f 1220/2139 1455/1832 1451/1859 1236/2148
f 1204/1223 1452/1288 1455/1832 1220/2139
f 1172/2137 1465/1801 1464/1285 1188/1222
f 1156/2135 1461/1798 1465/1801 1172/2137
f 1124/2131 1458/1772 1457/1773 1140/2132
f 1044/2123 1454/1736 1453/1737 1060/2124
f 982/2119 1472/1700 1449/1703 1023/2121
f 991/1652 996/1661 1471/2013 1468/1654
f 976/2115 973/2114 1469/2004 1468/1662
f 898/1550 1462/1549 1460/1560 906/1569
f 893/1518 1462/1559 1456/1552 883/1519
f 1188/1222 1464/1285 1452/1288 1204/1223
f 1092/1265 1466/1255 1459/1258 1108/1266
f 1333/2056 1388/2249 1491/2277 1485/2103
f 1545/2278 1480/2104 1479/2105 1533/2279
f 1637/2280 1631/2102 1485/2103 1538/2281
f 1541/2282 1540/2283 1487/2100 1488/2101
f 1540/2283 1543/2284 1490/2098 1487/2100
f 1543/2284 1537/2285 1484/2099 1490/2098
f 1534/2286 1535/2287 1482/2095 1481/2094
f 1529/2288 1528/2289 1474/2091 1475/2093
f 1528/2289 1531/2290 1477/2092 1474/2091
f 1738/2107 1741/2291 1479/2105 1319/2060
f 1326/2097 1327/2038 1484/2099 1483/2292
f 1325/2025 1326/2096 1483/2293 1481/2094
f 1323/2019 1324/2026 1482/2095 1475/2093
f 155/2090 1317/2089 1476/2294 213/2295
f 1618/2088 1318/2059 1480/2104 1632/2296
f 1330/2043 1331/2087 1489/2297 1488/2101
f 1331/2087 1332/2086 1486/2298 1489/2297
f 1320/2083 1321/2016 1477/2092 1478/2299
f 871/1349 1494/1398 1509/2300 1387/2260
f 1510/2301 1517/2302 1499/1400 1492/1399
f 1635/2303 1512/2304 1494/1398 1633/1397
f 1513/2305 1495/1396 1498/1395 1516/2306
f 1516/2306 1498/1395 1497/1393 1515/2307
f 1515/2307 1497/1393 1507/1394 1525/2308
f 1524/2309 1506/1389 1505/1390 1523/2310
f 1520/2311 1502/1388 1500/1386 1518/2312
f 1518/2312 1500/1386 1503/1387 1521/2313
f 1734/1402 857/1355 1499/1400 1742/2314
f 864/1392 1508/2315 1507/1394 865/1335
f 863/1320 1506/1389 1508/2316 864/1391
f 861/1314 1502/1388 1505/1390 862/1323
f 139/1384 221/2317 1501/2318 855/1385
f 1610/1383 1634/2319 1492/1399 856/1354
f 868/1338 1495/1396 1496/2320 869/1380
f 869/1380 1496/2320 1493/2321 870/1381
f 858/1378 1504/2322 1503/1387 859/1313
f 1338/2323 1518/2312 1521/2313 1337/844
f 1339/1317 1520/1316 1518/2312 1338/2323
f 1347/1325 1524/1324 1523/2310 1348/1318
f 1345/2324 1515/2307 1525/2308 1346/1330
f 1343/2325 1516/2306 1515/2307 1345/2324
f 1342/857 1513/856 1516/2306 1343/2325
f 1609/2326 1344/2263 1512/2262 1635/2303
f 945/863 1335/1360 1517/1359 1510/864
f 1494/1398 1512/2304 1527/2265 1509/2300
f 1742/2314 1499/1400 1517/2302 1743/1358
f 1508/2315 1526/1328 1525/1331 1507/1394
f 1506/1389 1524/2309 1526/1327 1508/2316
f 1502/1388 1520/2311 1523/1319 1505/1390
f 221/2317 229/904 1519/907 1501/2318
f 1634/2319 1636/861 1510/864 1492/1399
f 1495/1396 1513/2305 1514/852 1496/2320
f 1496/2320 1514/852 1511/855 1493/2321
f 1504/2322 1522/842 1521/845 1503/1387
f 1338/2327 1337/1609 1531/1608 1528/2289
f 1339/2024 1338/2327 1528/2289 1529/2021
f 1347/2032 1348/2023 1535/2022 1534/2029
f 1345/2328 1346/2035 1537/2034 1543/2284
f 1343/2329 1345/2328 1543/2284 1540/2283
f 1342/1622 1343/2329 1540/2283 1541/1621
f 1609/2330 1637/2280 1538/2281 1344/2253
f 945/1628 1545/1627 1533/2279 1335/2065
f 1485/2103 1491/2277 1544/2251 1538/2281
f 1741/2291 1744/2063 1533/2066 1479/2105
f 1483/2292 1484/2099 1537/2285 1536/2033
f 1481/2094 1483/2293 1536/2030 1534/2286
f 1475/2093 1482/2095 1535/2287 1529/2288
f 213/2295 1476/2294 1530/1670 231/1669
f 1632/2296 1480/2104 1545/2278 1638/1626
f 1488/2101 1489/2297 1542/1617 1541/2282
f 1489/2297 1486/2298 1539/1618 1542/1617
f 1478/2299 1477/2092 1531/2290 1532/1607
f 1350/2172 1361/2216 1662/2331 1661/2246
f 912/1546 1561/1537 1570/2219 1382/2217
f 1308/1987 1050/1722 1551/1715 1565/1988
f 1178/1819 1560/1823 1557/1837 1194/1843
f 1274/1889 1258/1882 1562/1879 1553/2168
f 1274/1889 1553/2168 1555/1538 885/1545
f 1098/1501 1559/1503 1556/1776 1114/1757
f 963/1604 1563/1691 1546/1712 1034/1721
f 1724/2332 1569/2333 1628/2334 1727/2335
f 1066/1969 1308/1987 1565/1988 1548/1967
f 1082/1500 1066/1969 1548/1967 1558/1502
f 1130/1758 1567/1779 1552/1806 1146/1814
f 1242/1873 1547/1871 1562/1879 1258/1882
f 1226/1852 1550/1849 1547/1871 1242/1873
f 1210/1844 1549/1840 1550/1849 1226/1852
f 1194/1843 1557/1837 1549/1840 1210/1844
f 1162/1815 1554/1809 1560/1823 1178/1819
f 1146/1814 1552/1806 1554/1809 1162/1815
f 1114/1757 1556/1776 1567/1779 1130/1758
f 1034/1721 1546/1712 1551/1715 1050/1722
f 970/1598 1563/2155 1566/1625 967/1595
f 154/2259 1015/1636 1568/1684 247/1683
f 957/1666 967/1595 1566/1625 1564/1624
f 912/1546 885/1545 1555/1538 1561/1537
f 1082/1500 1558/1502 1559/1503 1098/1501
f 448/767 1591/766 1595/2215 1361/2216
f 588/957 846/1262 1572/1263 1580/948
f 620/1236 636/1496 1586/1484 1587/1233
f 716/1056 732/1091 1576/1084 1577/1065
f 812/1137 1589/1506 1592/1126 796/1130
f 812/1137 424/775 1588/769 1589/1506
f 636/1496 652/994 1584/1011 1586/1484
f 501/838 572/958 1578/947 1585/926
f 1569/2333 486/865 1419/868 1628/2334
f 604/1237 1579/1234 1572/1263 846/1262
f 620/1236 1587/1233 1579/1234 604/1237
f 668/993 684/1050 1574/1041 1583/1012
f 780/1121 796/1130 1592/1126 1593/1118
f 764/1100 780/1121 1593/1118 1571/1096
f 748/1090 764/1100 1571/1096 1594/1085
f 732/1091 748/1090 1594/1085 1576/1084
f 700/1049 716/1056 1577/1065 1575/1042
f 684/1050 700/1049 1575/1042 1574/1041
f 652/994 668/993 1583/1012 1584/1011
f 572/958 588/957 1580/948 1578/947
f 508/831 505/830 1581/860 1585/1479
f 140/2271 252/918 1573/919 553/871
f 495/902 1582/859 1581/860 505/830
f 451/774 1591/2214 1588/769 424/775
f 1476/2294 1632/2296 1638/1626 1530/1670
f 1698/2336 1710/2337 1637/2280 1609/2330
f 1501/2318 1519/907 1636/861 1634/2319
f 1698/2338 1609/2326 1635/2303 1685/2339
f 855/1385 1501/2318 1634/2319 1610/1383
f 1685/2339 1635/2303 1633/1397 1684/2340
f 1317/2089 1618/2088 1632/2296 1476/2294
f 1710/2337 1709/2341 1631/2102 1637/2280
f 1009/2009 1598/2008 1630/2342 1448/1930
f 547/1304 1430/1180 1629/2343 1605/1305
f 1695/2344 1604/1351 1627/1346 1683/2345
f 1689/2346 1707/2347 1625/2051 1599/2054
f 1701/2348 1616/2146 1622/1901 1705/2349
f 1704/2350 1621/2112 1620/2113 1703/2351
f 1709/2341 1702/2352 1619/2053 1631/2102
f 943/1675 1623/1633 1618/2088 1317/2089
f 1702/2352 1689/2346 1599/2054 1619/2053
f 1707/2347 1686/2353 1596/2047 1625/2051
f 1686/2353 1706/2354 1624/2048 1596/2047
f 1823/2355 1687/2356 1597/2007 1821/2045
f 1687/2356 1688/2357 1598/2008 1597/2007
f 1448/1930 1630/2342 1620/2113 1018/2109
f 1705/2349 1622/1901 1621/1902 1704/2358
f 931/1688 1016/1687 1616/2146 1613/1634
f 1682/2359 1700/2360 1615/1635 1613/1634
f 1403/1674 1626/1630 1623/1633 943/1675
f 1530/1670 1638/1626 1617/1629 1334/1671
f 1690/2361 1694/2362 1603/1149 1600/1468
f 1693/2363 1692/2364 1601/1408 1602/1407
f 1684/2340 1633/1397 1612/1348 1699/2365
f 482/910 855/1385 1610/1383 1614/866
f 1699/2365 1612/1348 1604/1351 1695/2344
f 1683/2345 1627/1346 1608/1342 1697/2366
f 1697/2366 1608/1342 1607/1345 1696/2367
f 1788/2368 1786/1340 1606/1302 1680/2369
f 1430/1180 556/1406 1601/1408 1629/2343
f 1694/2362 1693/2370 1602/1150 1603/1149
f 470/921 1611/869 1600/1468 554/922
f 1681/2371 1611/869 1590/872 1691/2275
f 1418/911 482/910 1614/866 486/865
f 1519/907 1334/906 1617/862 1636/861
f 1666/2230 1667/2243 408/2372 190/2373
f 1651/2374 1650/2375 400/2376 49/2377
f 1669/2233 1668/2242 44/2378 409/2379
f 1652/2380 1653/2381 402/2382 401/2383
f 1668/2242 1670/2241 42/2384 44/2378
f 1655/2385 1654/2386 54/2387 55/2388
f 1787/2240 1672/2239 41/2389 1754/2390
f 1656/2391 1655/2385 55/2388 53/2392
f 1639/2235 1640/2225 56/2393 393/2394
f 1673/2238 1674/2237 410/2395 249/2396
f 1657/2397 1641/2398 394/2399 403/2400
f 1641/2236 1639/2235 393/2394 394/2399
f 1675/2234 1669/2233 409/2379 48/2401
f 1654/2386 1652/2380 401/2383 54/2387
f 1642/2224 1643/2232 396/2402 395/2403
f 1664/2227 1675/2226 48/2404 406/2405
f 1649/2406 1658/2407 404/2408 399/2409
f 1640/2225 1642/2224 395/2403 56/2393
f 1676/2223 1665/2222 407/2410 47/2411
f 1658/2412 1656/2391 53/2392 404/2413
f 1645/2414 1644/2415 397/2416 50/2417
f 1677/2418 1676/2223 47/2411 46/2419
f 1659/2420 1660/2421 405/2422 38/2423
f 1643/2424 1646/2425 52/2426 396/2427
f 1674/2237 1677/2418 46/2419 410/2395
f 1661/2246 1662/2331 45/2428 37/2429
f 1647/2430 1645/2414 50/2417 398/2431
f 1667/2243 1663/2432 40/2433 408/2372
f 1660/2247 1661/2246 37/2429 405/2422
f 1648/2434 1649/2406 399/2409 51/2435
f 1670/2241 1671/2436 39/2437 42/2384
f 1663/2245 1659/2244 38/2423 40/2438
f 1650/2375 1648/2434 51/2435 400/2376
f 1672/2239 1678/2439 43/2440 41/2389
f 1665/2222 1664/2227 406/2405 407/2410
f 1822/2441 1651/2374 49/2377 1824/2442
f 1678/2231 1666/2230 190/2373 43/2440
f 1646/2425 1647/2430 398/2431 52/2426
f 1653/2381 1657/2397 403/2400 402/2382
f 1662/2331 1673/2238 249/2396 45/2428
f 1374/2206 1372/2218 1644/2415 1645/2414
f 1362/2196 1363/2191 1676/2223 1677/2418
f 1371/2221 1376/2220 1646/2425 1643/2424
f 1364/2212 1362/2196 1677/2418 1674/2237
f 1376/2220 1473/2207 1647/2430 1646/2425
f 1358/2189 1353/2188 1663/2432 1667/2243
f 1375/2182 1378/2175 1649/2406 1648/2434
f 1570/2219 1379/2185 1641/2236 1657/2397
f 1355/2209 1352/2208 1671/2436 1670/2241
f 1373/2183 1375/2182 1648/2434 1650/2375
f 1354/2199 1356/2198 1678/2231 1672/2239
f 1820/2181 1370/2180 1651/2374 1822/2441
f 1370/2180 1373/2183 1650/2375 1651/2374
f 1473/2207 1374/2206 1645/2414 1647/2430
f 1380/2193 1382/2217 1653/2381 1652/2380
f 1383/2176 1381/2192 1654/2386 1655/2385
f 1377/2177 1383/2176 1655/2385 1656/2391
f 1382/2217 1570/2219 1657/2397 1653/2381
f 1381/2192 1380/2193 1652/2380 1654/2386
f 1378/2175 1385/2174 1658/2407 1649/2406
f 1361/2216 1595/2215 1673/2238 1662/2331
f 1385/2204 1377/2177 1656/2391 1658/2412
f 1351/2211 1366/2173 1660/2247 1659/2244
f 1711/2443 1679/1298 1435/1301 524/887
f 527/885 1680/2444 1711/2443 524/887
f 1679/1298 1711/2443 1605/1305 1629/2343
f 473/874 1681/873 1691/2275 485/1306
f 509/1152 510/1151 1693/2370 1694/2362
f 1680/2444 1606/1302 1605/1305 1711/2443
f 1773/884 1788/2368 1680/2369 527/885
f 526/879 1697/2366 1696/2367 528/881
f 1414/878 1683/2345 1697/2366 526/879
f 870/1381 1699/2365 1695/2344 525/1382
f 1493/2321 1684/2340 1699/2365 870/1381
f 510/1410 511/1409 1692/1299 1693/2363
f 484/875 509/1152 1694/2362 1690/876
f 934/1641 947/2012 1700/2360 1682/1638
f 971/1906 1705/2349 1704/2358 972/1903
f 989/1650 986/1653 1688/2276 1687/2356
f 1817/1651 989/1650 1687/2356 1823/2355
f 988/1644 990/1647 1706/2354 1686/2353
f 1397/1645 988/1644 1686/2353 1707/2347
f 1332/2086 987/2085 1689/2346 1702/2352
f 1486/2298 1332/2086 1702/2352 1709/2341
f 972/2117 1704/2350 1703/2351 973/2114
f 946/1640 1701/1639 1705/2349 971/1906
f 987/2085 1397/1645 1707/2347 1689/2346
f 525/1382 1695/2344 1683/2345 1414/878
f 1539/1618 1486/2298 1709/2341 1710/2337
f 1511/855 1685/2339 1684/2340 1493/2321
f 1340/854 1698/2338 1685/2339 1511/855
f 1340/1619 1539/1618 1710/2337 1698/2336
f 1598/2008 1688/2357 1708/2003 1630/2342
f 1630/2342 1708/2003 1703/2006 1620/2113
f 1613/1634 1616/2146 1701/2348 1682/2359
f 1629/2343 1601/1408 1692/2364 1679/1298
f 1611/869 1681/2371 1690/876 1600/1468
f 1568/1684 1015/1636 1615/1635 1715/2445
f 942/1680 941/1679 1713/2446 1714/2447
f 940/1682 1568/1684 1715/2445 1712/2448
f 941/1679 940/1682 1712/2448 1713/2446
f 1403/1674 942/1680 1714/2447 1626/1630
f 1713/2446 1712/2448 1716/2449 1717/2450
f 1715/2445 1615/1635 1700/2360 1719/2451
f 1712/2448 1715/2445 1719/2451 1716/2449
f 1714/2447 1713/2446 1717/2450 1718/2452
f 1626/1630 1714/2447 1718/2452 1404/1631
f 1716/2449 1719/2451 1723/2453 1720/2454
f 1717/2450 1716/2449 1720/2454 1721/2455
f 1404/1631 1718/2452 1722/2456 1401/2057
f 1718/2452 1717/2450 1721/2455 1722/2456
f 1719/2451 1700/2360 947/2012 1723/2453
f 1573/919 479/916 1725/2457 1726/2458
f 480/914 481/913 1569/2333 1724/2332
f 481/913 1418/911 486/865 1569/2333
f 553/871 1573/919 1726/2458 1590/872
f 479/916 480/914 1724/2332 1725/2457
f 1725/2457 1724/2332 1727/2335 1728/2459
f 1726/2458 1725/2457 1728/2459 1729/2274
f 1691/2275 1729/2274 1733/2460 485/1306
f 1727/2335 1628/2334 1730/2461 1731/2462
f 1628/2334 1419/868 1420/1353 1730/2461
f 1728/2459 1727/2335 1731/2462 1732/2463
f 1729/2274 1728/2459 1732/2463 1733/2460
f 1478/2299 1532/1607 1744/2063 1741/2291
f 1504/2322 1742/2314 1743/1358 1522/842
f 858/1378 1734/1402 1742/2314 1504/2322
f 1320/2083 1478/2299 1741/2291 1738/2107
f 955/1614 1320/2083 1738/2107 1736/2062
f 1532/1607 1336/1610 1735/2064 1744/2063
f 1401/2057 1739/2061 1736/2062 949/2058
f 493/847 1737/1357 1734/1402 858/1378
f 1522/842 1743/1358 1735/1361 1336/843
f 1420/1353 487/1352 1737/1401 1740/1356
f 1723/2453 947/2012 951/2011 1749/2464
f 1720/2454 1723/2453 1749/2464 1745/2465
f 1401/2057 1722/2456 1748/2466 1739/2061
f 1721/2455 1720/2454 1745/2465 1747/2467
f 1722/2456 1721/2455 1747/2467 1748/2466
f 1564/1624 952/1623 1745/2465 1749/2464
f 957/1666 1564/1624 1749/2464 951/2011
f 953/1616 954/1615 1748/2466 1747/2467
f 954/1615 948/1611 1739/2061 1748/2466
f 952/1623 953/1616 1747/2467 1745/2465
f 1582/859 495/902 489/1307 1752/2468
f 492/850 491/851 1751/2469 1750/2470
f 490/858 1582/859 1752/2468 1746/2471
f 1417/846 492/850 1750/2470 1740/1356
f 491/851 490/858 1746/2471 1751/2469
f 1746/2471 1752/2468 1733/2460 1732/2463
f 1752/2468 489/1307 485/1306 1733/2460
f 1751/2469 1746/2471 1732/2463 1731/2462
f 1750/2470 1751/2469 1731/2462 1730/2461
f 1740/1356 1750/2470 1730/2461 1420/1353
f 528/881 1696/2367 1788/2368 1773/884
f 1671/2436 1787/2240 1754/2390 39/2437
f 1696/2367 1607/1345 1786/1340 1788/2368
f 545/1344 136/2268 1757/2269 1768/1341
f 1352/2208 1785/2203 1787/2240 1671/2436
f 439/757 1781/759 1785/2203 1352/2208
f 638/1494 622/1251 1780/1228 1777/1457
f 854/1254 590/968 1775/951 1784/1210
f 734/1074 718/1061 1765/1053 1764/1089
f 798/1134 1782/1128 1778/744 416/749
f 574/967 523/932 1766/927 1767/952
f 654/1003 638/1494 1777/1457 1776/988
f 686/1015 670/1004 1774/987 1763/1046
f 543/931 538/893 1771/894 1769/928
f 1607/1345 545/1344 1768/1341 1786/1340
f 606/1252 1770/1211 1780/1228 622/1251
f 854/1254 1784/1210 1770/1211 606/1252
f 798/1134 782/1113 1783/1120 1782/1128
f 782/1113 766/1105 1761/1098 1783/1120
f 766/1105 750/1075 1760/1088 1761/1098
f 750/1075 734/1074 1764/1089 1760/1088
f 718/1061 702/1031 1762/1045 1765/1053
f 702/1031 686/1015 1763/1046 1762/1045
f 670/1004 654/1003 1776/988 1774/987
f 590/968 574/967 1767/952 1775/951
f 523/932 543/931 1769/928 1766/927
f 538/893 533/882 1772/883 1771/894
f 533/882 528/881 1773/884 1772/883
f 439/757 426/750 1779/743 1781/759
f 426/750 416/749 1778/744 1779/743
f 64/634 1755/701 1759/702 363/635
f 363/605 1759/586 1758/253 301/188
f 301/188 1758/253 1756/254 100/189
f 8/76 1753/137 1755/138 64/77
f 136/14 9/13 1753/10 1757/9
f 990/1647 1817/1651 1823/2355 1706/2354
f 1372/2218 1820/2181 1822/2441 1644/2415
f 1644/2415 1822/2441 1824/2442 397/2416
f 1706/2354 1823/2355 1821/2045 1624/2048
f 1007/2049 1797/2046 1792/2258 147/2256
f 902/1531 1811/1530 1820/2181 1372/2218
f 1052/1735 1316/1982 1818/1954 1804/1716
f 1084/1980 1100/2162 1813/2143 1812/1963
f 1260/1887 877/1520 1805/1517 1815/1880
f 1036/1732 1799/1719 1795/1692 985/1699
f 1116/1768 1809/1755 1813/2143 1100/2162
f 1148/1781 1806/1813 1819/1752 1132/1771
f 1005/1696 1798/1695 1796/1659 1000/1658
f 1624/2048 1821/2045 1797/2046 1007/2049
f 1068/1981 1084/1980 1812/1963 1801/1955
f 1316/1982 1068/1981 1801/1955 1818/1954
f 1260/1887 1815/1880 1800/1872 1244/1866
f 1244/1866 1800/1872 1803/1850 1228/1858
f 1228/1858 1803/1850 1802/1841 1212/1831
f 1212/1831 1802/1841 1810/1842 1196/1444
f 1180/1443 1814/1442 1807/1810 1164/1797
f 1164/1797 1807/1810 1806/1813 1148/1781
f 1132/1771 1819/1752 1809/1755 1116/1768
f 1052/1735 1804/1716 1799/1719 1036/1732
f 985/1699 1795/1692 1798/1695 1005/1696
f 1000/1658 1796/1659 1816/1648 995/1646
f 995/1646 1816/1648 1817/1651 990/1647
f 900/1529 1811/2178 1808/1514 887/1523
f 887/1523 1808/1514 1805/1517 877/1520
f 1185/1289 1814/1817 1810/1445 1201/1290
f 83/708 1790/695 1794/696 356/709
f 356/585 1794/592 1793/247 322/259
f 322/259 1793/247 1791/248 119/260
f 27/535 1789/71 1790/74 83/536
f 147/38 1792/35 1789/36 27/39