# Exported from MakeClothes (TM)
# author DredNicolson
# license CCBY
# homepage http://www.makehumancommunity.org/content/user_contributed_assets.html
v -0.0328 0.6868 -0.9099
v -0.4683 0.8384 -0.8828
v -0.8478 1.0245 -0.7837
v -1.1378 1.1993 -0.5696
v -1.3226 1.3789 -0.3019
v -1.4373 1.5024 -0.0253
v -1.4784 1.5387 0.2632
v -1.4709 1.5194 0.5783
v -1.3884 1.4043 0.9073
v -1.1910 1.2220 1.2340
v -0.8440 0.9968 1.4588
v -0.4348 0.7949 1.5650
v 0.0030 0.6481 1.5967
v 0.4507 0.5764 1.5844
v 0.8853 0.5379 1.5207
v 1.2878 0.5200 1.3454
v 1.5660 0.5290 1.0390
v 1.7018 0.5333 0.7023
v 1.7532 0.5252 0.3594
v 1.7233 0.5224 0.0078
v 1.5798 0.4991 -0.3485
v 1.3277 0.5106 -0.7015
v 0.9071 0.5627 -0.9447
v 0.4170 0.6001 -0.9763
v 0.0677 1.2214 -0.6909
v -0.3315 1.3464 -0.6604
v -0.6590 1.5539 -0.5782
v -0.9313 1.7476 -0.4498
v -1.1240 1.9327 -0.2655
v -1.2522 2.0662 -0.0253
v -1.3152 2.1059 0.2711
v -1.3216 2.0708 0.5910
v -1.2281 1.9376 0.9188
v -1.0085 1.7474 1.2098
v -0.6893 1.5442 1.4191
v -0.3121 1.3648 1.5480
v 0.0962 1.2286 1.5903
v 0.5033 1.1374 1.5579
v 0.8857 1.0956 1.4467
v 1.2126 1.0909 1.2580
v 1.4383 1.1017 0.9922
v 1.5563 1.1118 0.6887
v 1.5966 1.1070 0.3676
v 1.5547 1.1047 0.0417
v 1.4165 1.0860 -0.2700
v 1.1776 1.0804 -0.5295
v 0.8377 1.0787 -0.6842
v 0.4732 1.1139 -0.7272
v -1.3740 1.5471 0.9259
v -1.2875 1.6642 0.9010
v -1.2894 1.8094 0.9290
v -1.0691 1.6192 1.2355
v -1.0834 1.4771 1.2027
v -1.1622 1.3604 1.2519
v 0.4423 0.7504 -0.9600
v 0.4578 0.8558 -0.8547
v 0.4692 1.0005 -0.8297
v 0.0401 1.0842 -0.7852
v 0.0164 0.9402 -0.7963
v -0.0059 0.8315 -0.8964
v -0.4342 0.9685 -0.8640
v -0.4043 1.0663 -0.7616
v -0.3718 1.2111 -0.7512
v -0.7172 1.4101 -0.6536
v -0.7513 1.2486 -0.6634
v -0.8124 1.1510 -0.7634
v 1.5657 0.6802 1.0475
v 1.4926 0.8121 1.0104
v 1.5025 0.9666 1.0241
v 1.6295 0.9761 0.7017
v 1.6187 0.8199 0.6932
v 1.7017 0.6870 0.7085
v -0.7402 1.4098 1.4564
v -0.7604 1.2654 1.4186
v -0.8164 1.1384 1.4792
v -0.9851 1.6154 -0.5023
v -1.0141 1.4584 -0.4835
v -1.0935 1.3397 -0.5598
v 1.6782 0.9715 0.3630
v 1.6707 0.8143 0.3624
v 1.7552 0.6803 0.3627
v -0.3497 1.2243 1.5907
v -0.3711 1.0782 1.5449
v -0.4093 0.9396 1.5982
v -1.1937 1.7959 -0.2978
v -1.2119 1.6506 -0.2646
v -1.2948 1.5294 -0.3089
v 1.6375 0.9694 0.0211
v 1.6376 0.8117 0.0240
v 1.7256 0.6762 0.0015
v 0.0728 1.0848 1.6338
v 0.0503 0.9385 1.5852
v 0.0262 0.7944 1.6342
v -1.3233 1.9339 -0.0348
v -1.3246 1.7811 -0.0232
v -1.4176 1.6572 -0.0397
v 1.4922 0.9485 -0.3145
v 1.4990 0.7896 -0.3111
v 1.5787 0.6541 -0.3544
v 0.4992 1.0007 1.6058
v 0.4787 0.8634 1.5639
v 0.4707 0.7247 1.6185
v -1.3719 1.9731 0.2646
v -1.3680 1.8078 0.2704
v -1.4636 1.6803 0.2603
v 1.2353 0.9496 -0.6047
v 1.2470 0.7951 -0.6157
v 1.3198 0.6729 -0.6925
v 0.9036 0.9622 1.5017
v 0.8866 0.8222 1.4741
v 0.9016 0.6878 1.5397
v -1.3802 1.9394 0.5924
v -1.3679 1.7888 0.5769
v -1.4590 1.6678 0.5861
v 0.8610 0.9659 -0.7872
v 0.8687 0.8230 -0.8161
v 0.9048 0.7131 -0.9213
v 1.2562 0.9543 1.3089
v 1.2440 0.8021 1.2925
v 1.2919 0.6691 1.3535
v -0.0342 0.6718 -0.8726
v -0.4699 0.8219 -0.8464
v -0.8425 1.0059 -0.7487
v -1.1216 1.1809 -0.5380
v -1.2963 1.3631 -0.2763
v -1.4029 1.4884 -0.0103
v -1.4596 1.5314 0.2647
v -1.4341 1.5061 0.5697
v -1.3564 1.3916 0.8869
v -1.1690 1.2109 1.2025
v -0.8323 0.9895 1.4212
v -0.4298 0.7916 1.5254
v 0.0034 0.6468 1.5567
v 0.4467 0.5745 1.5446
v 0.8735 0.5334 1.4828
v 1.2645 0.5124 1.3137
v 1.5330 0.5197 1.0183
v 1.6643 0.5235 0.6929
v 1.7147 0.5156 0.3604
v 1.6862 0.5136 0.0190
v 1.5469 0.4905 -0.3290
v 1.3011 0.4987 -0.6738
v 0.8947 0.5477 -0.9108
v 0.4153 0.5850 -0.9391
v 0.0665 1.2076 -0.6534
v -0.3304 1.3337 -0.6224
v -0.6509 1.5427 -0.5406
v -0.9124 1.7382 -0.4158
v -1.0946 1.9239 -0.2399
v -1.2161 2.0579 -0.0102
v -1.2946 2.1026 0.2733
v -1.2826 2.0648 0.5847
v -1.1930 1.9318 0.9004
v -0.9822 1.7421 1.1800
v -0.6729 1.5401 1.3828
v -0.3041 1.3623 1.5089
v 0.0967 1.2271 1.5503
v 0.4964 1.1350 1.5185
v 0.8705 1.0908 1.4100
v 1.1877 1.0837 1.2275
v 1.4050 1.0931 0.9718
v 1.5186 1.1024 0.6791
v 1.5566 1.0975 0.3689
v 1.5150 1.0955 0.0544
v 1.3817 1.0773 -0.2460
v 1.1518 1.0695 -0.4963
v 0.8246 1.0641 -0.6463
v 0.4695 1.0987 -0.6875
v -0.0221 0.7114 -0.8536
v -0.4518 0.8594 -0.8294
v -0.8173 1.0408 -0.7356
v -1.0922 1.2149 -0.5344
v -1.2694 1.3989 -0.2815
v -1.3828 1.5285 -0.0147
v -1.4519 1.5649 0.2641
v -1.4168 1.5473 0.5746
v -1.3352 1.4303 0.8953
v -1.1453 1.2489 1.2070
v -0.8102 1.0287 1.4214
v -0.4125 0.8331 1.5241
v 0.0142 0.6904 1.5550
v 0.4520 0.6190 1.5414
v 0.8748 0.5780 1.4769
v 1.2601 0.5567 1.3072
v 1.5240 0.5635 1.0136
v 1.6537 0.5672 0.6900
v 1.7033 0.5594 0.3607
v 1.6730 0.5583 0.0235
v 1.5356 0.5351 -0.3230
v 1.2923 0.5419 -0.6610
v 0.8904 0.5901 -0.8904
v 0.4209 0.6259 -0.9205
v 0.0537 1.1673 -0.6685
v -0.3502 1.2950 -0.6339
v -0.6770 1.5063 -0.5451
v -0.9388 1.7020 -0.4112
v -1.1168 1.8864 -0.2286
v -1.2305 2.0163 -0.0009
v -1.3067 2.0710 0.2723
v -1.2920 2.0220 0.5744
v -1.2075 1.8914 0.8869
v -1.0012 1.7026 1.1697
v -0.6925 1.4999 1.3778
v -0.3206 1.3204 1.5080
v 0.0846 1.1838 1.5521
v 0.4898 1.0907 1.5226
v 0.8702 1.0461 1.4158
v 1.1930 1.0394 1.2331
v 1.4139 1.0491 0.9755
v 1.5290 1.0587 0.6813
v 1.5664 1.0538 0.3695
v 1.5236 1.0524 0.0530
v 1.3893 1.0343 -0.2493
v 1.1582 1.0273 -0.5045
v 0.8256 1.0217 -0.6595
v 0.4622 1.0573 -0.7017
v 0.4902 3.8587 1.5196
v 0.5196 4.4403 1.2114
v 1.2959 4.1781 1.1205
v 0.4324 3.1751 1.6034
v 0.4513 3.4148 1.6118
v 0.4724 3.6446 1.5929
v 0.5041 4.0633 1.4183
v 0.5132 4.2561 1.3151
v 0.5226 4.6127 1.1158
v 0.5193 4.7879 0.9680
v 0.4735 4.8769 -0.6652
v 0.4700 4.7019 -0.6957
v 1.0240 3.1623 1.5395
v 1.1976 3.8863 1.3713
v 1.2533 4.0378 1.2308
v 1.3188 4.3040 1.0443
v 1.3478 4.4171 0.9881
v 1.3665 4.4898 0.9319
v 0.2450 3.8569 1.4994
v -0.0090 3.8580 1.4926
v 0.2635 4.4468 1.2248
v 0.7130 3.8481 1.5422
v 1.1583 4.2922 1.1516
v 0.9784 4.3726 1.1732
v 0.7602 4.4184 1.1916
v 1.2365 4.9292 0.7148
v 1.0981 4.9707 0.7044
v 0.9364 5.0207 0.6775
v 1.1761 5.1763 -0.3948
v 1.0518 5.2377 -0.4072
v 0.9616 5.2716 -0.4110
v 1.3268 3.3592 1.2031
v 1.3201 3.4639 1.2889
v 1.2909 3.5587 1.3703
v 1.2361 3.6471 1.4465
v 1.4155 3.4538 0.8408
v 1.4290 3.6560 0.9311
v 1.4246 3.8516 1.0120
v 1.3847 4.0290 1.0736
v 1.0635 2.8960 1.3551
v 1.1244 2.8558 1.2659
v 1.1749 2.8147 1.1707
v 1.4107 4.1329 1.0061
v 1.4300 4.2142 0.9581
v 1.4401 4.2501 0.9123
v 1.4514 3.9254 0.9298
v 1.4727 3.9742 0.8677
v 1.4779 3.9847 0.8098
v 1.4535 3.6991 0.8336
v 1.4752 3.7149 0.7416
v 1.4832 3.6840 0.6061
v 1.4394 3.4732 0.7271
v 1.4584 3.4718 0.6120
v 1.4651 3.4401 0.4699
v 1.2819 3.7809 1.3190
v 1.3347 3.9106 1.1830
v 1.3329 3.6622 1.2515
v 1.3798 3.7622 1.1199
v 1.3554 3.5339 1.1715
v 1.3982 3.5975 1.0444
v 1.3627 3.3909 1.0889
v 1.3921 3.4236 0.9645
v 1.1049 3.1333 1.4572
v 1.1435 3.3330 1.5221
v 1.1955 3.5017 1.5275
v 1.1639 3.0943 1.3581
v 1.2056 3.2852 1.4258
v 1.2504 3.4405 1.4415
v 1.2088 3.0560 1.2513
v 1.2491 3.2410 1.3258
v 1.2856 3.3791 1.3544
v 1.3022 3.3291 1.2790
v 0.6015 2.9335 1.5665
v 0.7604 2.9407 1.5396
v 0.8794 5.1355 -0.5438
v 0.7282 4.9377 -0.6392
v 0.6999 4.7091 -0.6810
v 1.0061 5.0951 -0.5387
v 0.9375 4.9023 -0.6295
v 0.9009 4.6866 -0.6780
v 1.1455 5.0354 -0.5189
v 1.1095 4.8525 -0.6036
v 1.0857 4.6436 -0.6520
v 0.9573 5.1300 0.5262
v 0.9760 5.2249 0.3568
v 0.9895 5.2961 0.1696
v 1.0034 5.3475 -0.0359
v 1.0003 5.3419 -0.2332
v 1.0929 5.0980 0.5452
v 1.0891 5.2025 0.3654
v 1.0919 5.2746 0.1703
v 1.1019 5.3213 -0.0395
v 1.0810 5.3143 -0.2365
v 1.2264 5.0720 0.5502
v 1.2153 5.1797 0.3659
v 1.2105 5.2509 0.1665
v 1.2104 5.2816 -0.0391
v 1.1981 5.2602 -0.2317
v 0.7647 4.5901 1.0772
v 0.7672 4.7669 0.9503
v 0.8825 4.9035 0.8116
v 0.9883 4.5355 1.0666
v 1.0055 4.6904 0.9614
v 1.0526 4.8355 0.8404
v 1.1835 4.4414 1.0581
v 1.2068 4.5851 0.9801
v 1.2460 4.7242 0.8696
v 0.7333 4.0483 1.4281
v 0.7502 4.2361 1.3025
v 0.9317 4.0155 1.4218
v 0.9618 4.1984 1.2887
v 1.0863 3.9780 1.3911
v 1.1310 4.1369 1.2640
v 0.6276 3.1859 1.6115
v 0.6632 3.4193 1.6443
v 0.6838 3.6431 1.6279
v 0.8022 3.1850 1.6180
v 0.9244 3.1637 1.5904
v 0.8858 2.9362 1.4955
v 0.2082 2.9117 1.5843
v 0.2342 4.8538 -0.6569
v 0.2360 4.6966 -0.6723
v 0.2635 4.6166 1.1338
v -0.0053 4.0691 1.4127
v 0.2528 4.0657 1.4164
v 0.2591 4.2624 1.3216
v -0.0106 3.1602 1.5885
v 0.2158 3.1643 1.5936
v 0.2249 3.4058 1.5900
v 0.2362 3.6373 1.5617
v 0.0284 3.5194 -0.6529
v 0.0392 3.2671 -0.6191
v -0.0104 5.0228 -0.5383
v -0.0119 3.4016 1.5813
v 0.9853 2.9247 1.4338
v 0.4147 2.9211 1.5797
v 1.2184 2.7810 1.0717
v 0.4997 4.8727 0.8696
v 0.4364 5.0614 -0.5849
v 0.7470 5.0781 0.6030
v 0.8179 5.3278 -0.3906
v 0.7390 5.2222 -0.4945
v 0.7763 5.1657 0.4701
v 0.8033 5.2480 0.3257
v 0.8339 5.3163 0.1580
v 0.8559 5.3741 -0.0381
v 0.8541 5.3850 -0.2293
v 0.6991 5.0081 0.7005
v 0.2239 5.0359 -0.5693
v 0.2666 4.9022 0.9408
v 0.6311 4.9574 0.7816
v 0.6119 5.1231 -0.5616
v 1.3158 2.7438 0.7497
v 1.2891 2.7459 0.8607
v 1.3277 2.7497 0.2687
v 1.3444 2.7542 0.3993
v 1.3460 2.7535 0.5206
v 1.3356 2.7484 0.6365
v 1.2565 2.7581 0.9684
v 1.3109 3.2062 1.1216
v 1.3921 3.2380 0.7586
v 1.4113 3.2451 0.6368
v 1.4217 3.2388 0.5115
v 1.4169 3.2162 0.3692
v 1.3412 3.2126 1.0061
v 1.3683 3.2248 0.8828
v 1.2782 3.2104 1.2215
v 1.2838 3.0080 1.0420
v 1.3631 3.0066 0.6876
v 1.3777 3.0099 0.5669
v 1.3813 3.0052 0.4422
v 1.3692 2.9917 0.3064
v 1.3142 3.0005 0.9273
v 1.3410 3.0013 0.8080
v 1.2490 3.0253 1.1492
v 0.2040 2.6495 1.5718
v 0.8560 2.6630 1.4247
v 0.7323 2.6671 1.4816
v 0.5798 2.6616 1.5257
v 1.1494 2.5278 1.1071
v 1.0953 2.5722 1.1951
v 1.0324 2.6149 1.2788
v 0.4014 2.6532 1.5559
v 0.9546 2.6465 1.3563
v 1.1980 2.4902 1.0153
v 1.3032 2.4506 0.7162
v 1.2759 2.4514 0.8202
v 1.3074 2.4785 0.2432
v 1.3262 2.4743 0.3732
v 1.3301 2.4672 0.4940
v 1.3217 2.4578 0.6077
v 1.2407 2.4643 0.9198
v 0.9283 2.8400 -0.4274
v 1.0780 4.4114 -0.6647
v 1.0823 4.1443 -0.6339
v 1.0932 3.8148 -0.5514
v 1.0256 3.5493 -0.5349
v 0.9890 3.3099 -0.4894
v 0.9562 3.0768 -0.4548
v 0.9137 2.5902 -0.4147
v 0.2499 3.2590 -0.6211
v 0.4512 3.2336 -0.6184
v 0.6377 3.1920 -0.5952
v 0.8064 3.1376 -0.5420
v 0.2535 3.0038 -0.5888
v 0.4460 2.9785 -0.5862
v 0.6243 2.9398 -0.5627
v 0.7855 2.8915 -0.5104
v 0.7757 2.6372 -0.4937
v 0.6200 2.6818 -0.5445
v 0.4482 2.7186 -0.5673
v 0.2627 2.7446 -0.5688
v 0.2474 3.5129 -0.6550
v 0.4576 3.4885 -0.6539
v 0.6526 3.4455 -0.6329
v 0.8303 3.3847 -0.5805
v 0.0183 3.7759 -0.6768
v 0.2462 3.7707 -0.6823
v 0.4655 3.7497 -0.6887
v 0.6686 3.7084 -0.6746
v 0.8577 3.6428 -0.6267
v 0.2419 4.0228 -0.6868
v 0.4654 4.0073 -0.6976
v 0.6824 3.9734 -0.6905
v 0.8964 3.9144 -0.6514
v 0.2383 4.2667 -0.6917
v 0.4643 4.2579 -0.7090
v 0.6821 4.2358 -0.7110
v 0.8900 4.1974 -0.6892
v -0.0020 4.4959 -0.6820
v 0.2365 4.4963 -0.6912
v 0.4657 4.4919 -0.7065
v 0.6874 4.4816 -0.7126
v 0.8897 4.4553 -0.7032
v 1.2706 2.4835 0.1041
v 1.2132 2.4945 -0.0405
v 1.1338 2.5154 -0.1821
v 1.0335 2.5479 -0.3097
v 1.0520 2.7938 -0.3141
v 1.1552 2.7612 -0.1760
v 1.2356 2.7457 -0.0248
v 1.2925 2.7443 0.1264
v 1.0867 3.0200 -0.3313
v 1.1956 2.9815 -0.1786
v 1.2795 2.9680 -0.0114
v 1.3367 2.9750 0.1540
v 1.1290 3.2322 -0.3536
v 1.2457 3.1801 -0.1812
v 1.3334 3.1658 0.0097
v 1.3897 3.1831 0.1985
v 1.1787 3.4268 -0.3830
v 1.3054 3.3495 -0.1823
v 1.3969 3.3347 0.0436
v 1.4485 3.3714 0.2678
v 1.2265 3.5939 -0.3735
v 1.3411 3.4850 -0.1572
v 1.4259 3.4656 0.0867
v 1.4711 3.5268 0.3405
v -0.0016 4.4592 1.2340
v 1.4577 4.5601 0.9072
v 1.4117 4.9527 0.7014
v 1.3351 5.1385 -0.3963
v 1.4899 4.2917 0.8934
v 1.5103 4.0232 0.8137
v 1.5153 3.7801 0.6524
v 1.3051 4.9926 -0.5073
v 1.2805 4.8123 -0.5801
v 1.2696 4.6106 -0.6268
v 1.3913 5.0757 0.5527
v 1.3719 5.1809 0.3663
v 1.3619 5.2444 0.1595
v 1.3534 5.2567 -0.0501
v 1.3538 5.2254 -0.2385
v 1.4347 4.7726 0.8317
v 1.2591 4.3881 -0.6313
v 1.2755 4.1456 -0.5884
v 1.2876 3.9054 -0.4939
v 1.3373 3.7046 -0.3462
v 1.4177 3.5885 -0.1087
v 1.4854 3.5700 0.1505
v 1.5100 3.6291 0.4129
v -0.5020 3.8534 1.5221
v -0.5215 4.4495 1.2163
v -1.1273 3.7268 1.5200
v -1.2967 4.1862 1.1132
v -0.4477 3.1730 1.6052
v -0.4667 3.4073 1.6150
v -0.4868 3.6357 1.5976
v -0.5124 4.0621 1.4177
v -0.5172 4.2576 1.3140
v -0.5213 4.6178 1.1161
v -0.4871 4.8646 -0.6699
v -0.4794 4.6894 -0.6989
v -1.0223 3.1779 1.5421
v -1.0434 3.3791 1.6229
v -1.1082 3.5482 1.6116
v -1.1941 3.8928 1.3603
v -1.2549 4.0470 1.2189
v -1.3195 4.3097 1.0413
v -1.3485 4.4206 0.9838
v -1.3675 4.4914 0.9260
v -0.2614 3.8534 1.5005
v -0.2659 4.4579 1.2331
v -1.0519 3.8437 1.4999
v -0.9221 3.8048 1.5650
v -0.7178 3.8428 1.5434
v -1.1593 4.2997 1.1463
v -0.9789 4.3768 1.1677
v -0.7615 4.4252 1.1916
v -1.2404 4.9301 0.7085
v -1.1008 4.9754 0.7009
v -0.9380 5.0292 0.6763
v -1.1889 5.1623 -0.4048
v -1.0658 5.2237 -0.4185
v -0.9765 5.2582 -0.4226
v -1.3242 3.3659 1.1955
v -1.3151 3.4683 1.2841
v -1.2845 3.5627 1.3666
v -1.2289 3.6496 1.4434
v -1.4156 3.4588 0.8190
v -1.4294 3.6608 0.9121
v -1.4257 3.8582 0.9953
v -1.3859 4.0370 1.0649
v -1.0701 2.9640 1.3579
v -1.1332 2.9415 1.2663
v -1.1843 2.9152 1.1662
v -1.4118 4.1377 0.9999
v -1.4330 4.2157 0.9549
v -1.4458 4.2493 0.9088
v -1.4520 3.9282 0.9153
v -1.4749 3.9728 0.8554
v -1.4817 3.9802 0.7967
v -1.4529 3.6995 0.8110
v -1.4726 3.7104 0.7135
v -1.4785 3.6747 0.5725
v -1.4380 3.4728 0.7004
v -1.4556 3.4656 0.5807
v -1.4601 3.4281 0.4326
v -1.2781 3.7884 1.3078
v -1.3361 3.9200 1.1680
v -1.3292 3.6696 1.2401
v -1.3809 3.7705 1.1043
v -1.3542 3.5407 1.1606
v -1.4000 3.6048 1.0292
v -1.3635 3.4003 1.0759
v -1.3931 3.4325 0.9471
v -1.1036 3.1595 1.4614
v -1.1365 3.3390 1.5245
v -1.1860 3.5010 1.5290
v -1.1647 3.1307 1.3618
v -1.1999 3.2971 1.4276
v -1.2418 3.4427 1.4428
v -1.2104 3.1001 1.2494
v -1.2454 3.2564 1.3246
v -1.2790 3.3825 1.3537
v -1.2977 3.3338 1.2750
v -0.6129 2.9516 1.5667
v -0.7690 2.9671 1.5402
v -0.8939 5.1192 -0.5530
v -0.7411 4.9215 -0.6457
v -0.7074 4.6922 -0.6846
v -1.0192 5.0780 -0.5473
v -0.9487 4.8837 -0.6353
v -0.9080 4.6669 -0.6808
v -1.1574 5.0181 -0.5260
v -1.1198 4.8330 -0.6077
v -1.0930 4.6220 -0.6534
v -0.9615 5.1353 0.5204
v -0.9822 5.2242 0.3444
v -0.9985 5.2973 0.1580
v -1.0111 5.3298 -0.0505
v -1.0139 5.3331 -0.2464
v -1.0980 5.0965 0.5343
v -1.0973 5.2022 0.3535
v -1.1028 5.2753 0.1587
v -1.1101 5.3031 -0.0531
v -1.0950 5.3050 -0.2494
v -1.2332 5.0722 0.5415
v -1.2247 5.1803 0.3559
v -1.2222 5.2504 0.1554
v -1.2200 5.2624 -0.0510
v -1.2113 5.2505 -0.2434
v -0.7646 4.5999 1.0808
v -0.7664 4.7819 0.9518
v -0.8817 4.9136 0.8142
v -0.9876 4.5418 1.0647
v -1.0046 4.7018 0.9590
v -1.0524 4.8420 0.8399
v -1.1835 4.4464 1.0532
v -1.2065 4.5897 0.9716
v -1.2472 4.7260 0.8638
v -0.7381 4.0483 1.4256
v -0.7536 4.2393 1.2995
v -0.9327 4.0175 1.4162
v -0.9654 4.2040 1.2825
v -1.0847 3.9832 1.3818
v -1.1332 4.1447 1.2553
v -0.6371 3.1855 1.6126
v -0.6711 3.4110 1.6475
v -0.6908 3.6329 1.6330
v -0.8064 3.1878 1.6190
v -0.8575 3.4094 1.6663
v -0.8607 3.6164 1.6599
v -0.9250 3.1718 1.5915
v -0.9477 3.3249 1.6439
v -0.8944 2.9724 1.4999
v -0.2231 2.9164 1.5848
v -0.0079 4.8472 -0.6373
v -0.2493 4.8471 -0.6600
v -0.2464 4.6899 -0.6743
v -0.2654 4.6243 1.1428
v -0.2626 4.0647 1.4162
v -0.2641 4.2666 1.3246
v -0.0121 3.6356 1.5528
v -0.2354 3.1623 1.5946
v -0.2464 3.4010 1.5917
v -0.2580 3.6315 1.5636
v -0.9942 2.9743 1.4416
v -0.4282 2.9319 1.5803
v -0.0024 4.2678 1.3217
v -1.2280 2.8937 1.0611
v -0.4572 4.9362 0.8745
v -0.4518 5.0491 -0.5906
v -0.7542 5.0886 0.6039
v -0.8336 5.3146 -0.4016
v -0.7537 5.2061 -0.5038
v -0.7770 5.1743 0.4636
v -0.8048 5.2486 0.3116
v -0.8376 5.3193 0.1455
v -0.8641 5.3721 -0.0522
v -0.8673 5.3765 -0.2421
v -0.7106 5.0144 0.7130
v -0.2414 5.0296 -0.5737
v -0.0031 4.9095 0.9216
v -0.2320 4.9185 0.9157
v -0.0016 4.6218 1.1419
v -0.6222 4.9603 0.7998
v -0.6260 5.1067 -0.5688
v -1.3227 2.8713 0.7250
v -1.2973 2.8746 0.8398
v -1.3272 2.8371 0.2447
v -0.0058 4.6924 -0.6649
v -1.3457 2.8521 0.3747
v -1.3489 2.8625 0.4946
v -1.3405 2.8682 0.6101
v -1.2655 2.8810 0.9523
v -0.0078 2.9106 1.5839
v -1.3117 3.2285 1.1110
v -1.3934 3.2568 0.7344
v -1.4112 3.2568 0.6093
v -1.4200 3.2434 0.4809
v -1.4131 3.2140 0.3351
v -1.3436 3.2379 0.9909
v -1.3706 3.2488 0.8629
v -1.2770 3.2289 1.2156
v -1.2889 3.0642 1.0290
v -1.3668 3.0586 0.6624
v -1.3799 3.0528 0.5400
v -1.3822 3.0392 0.4143
v -1.3684 3.0176 0.2771
v -1.3197 3.0608 0.9099
v -1.3461 3.0601 0.7861
v -1.2530 3.0754 1.1414
v -0.2117 2.6663 1.5730
v -0.0036 2.6545 1.5756
v -0.8700 2.7513 1.4257
v -0.7455 2.7358 1.4831
v -0.5915 2.7126 1.5276
v -1.1640 2.7210 1.0944
v -1.1112 2.7389 1.1894
v -1.0477 2.7532 1.2776
v -0.4109 2.6870 1.5578
v -0.9689 2.7579 1.3570
v -1.2096 2.7064 0.9951
v -1.3036 2.6943 0.6819
v -1.2800 2.6951 0.7881
v -1.2944 2.6733 0.2209
v -1.3163 2.6837 0.3481
v -1.3233 2.6904 0.4646
v -1.3184 2.6934 0.5747
v -1.2484 2.6982 0.8928
v -0.8603 2.8706 -0.4720
v -1.0795 4.3875 -0.6658
v -1.0735 4.1181 -0.6434
v -1.0699 3.7862 -0.5799
v -0.9884 3.5187 -0.5686
v -0.9422 3.2857 -0.5255
v -0.8997 3.0696 -0.4945
v -0.8249 2.6860 -0.4641
v -0.1722 3.2568 -0.6232
v -0.3747 3.2290 -0.6272
v -0.5635 3.1854 -0.6150
v -0.7382 3.1298 -0.5734
v 0.0512 3.0144 -0.5859
v -0.1525 3.0091 -0.5896
v -0.3477 2.9891 -0.5948
v -0.5305 2.9560 -0.5850
v -0.7013 2.9142 -0.5464
v -0.6676 2.7123 -0.5334
v -0.4994 2.7371 -0.5678
v -0.3209 2.7547 -0.5741
v -0.1309 2.7624 -0.5673
v 0.0671 2.7593 -0.5643
v -0.1909 3.5072 -0.6581
v -0.4013 3.4769 -0.6630
v -0.5967 3.4284 -0.6509
v -0.7766 3.3631 -0.6082
v -0.2100 3.7638 -0.6862
v -0.4290 3.7355 -0.6980
v -0.6309 3.6872 -0.6912
v -0.8174 3.6160 -0.6520
v 0.0101 4.0260 -0.6803
v -0.2222 4.0159 -0.6921
v -0.4457 3.9934 -0.7083
v -0.6598 3.9530 -0.7070
v -0.8709 3.8888 -0.6747
v 0.0034 4.2686 -0.6819
v -0.2315 4.2601 -0.6912
v -0.4575 4.2446 -0.7090
v -0.6734 4.2168 -0.7131
v -0.8802 4.1739 -0.6943
v -0.2399 4.4897 -0.6920
v -0.4681 4.4792 -0.7077
v -0.6882 4.4639 -0.7139
v -0.8901 4.4339 -0.7039
v -1.2528 2.6615 0.0800
v -1.1860 2.6530 -0.0717
v -1.0904 2.6531 -0.2236
v -0.9581 2.6662 -0.3480
v -0.9947 2.8369 -0.3492
v -1.1278 2.8131 -0.2163
v -1.2231 2.8101 -0.0570
v -1.2884 2.8209 0.1002
v -1.0363 3.0194 -0.3639
v -1.1713 2.9834 -0.2201
v -1.2677 2.9777 -0.0480
v -1.3324 2.9930 0.1219
v -1.0829 3.2120 -0.3852
v -1.2209 3.1590 -0.2255
v -1.3189 3.1503 -0.0327
v -1.3820 3.1742 0.1600
v -1.1362 3.3985 -0.4157
v -1.2804 3.3195 -0.2316
v -1.3807 3.3103 -0.0060
v -1.4393 3.3529 0.2234
v -1.1917 3.5689 -0.4053
v -1.3188 3.4571 -0.2076
v -1.4103 3.4426 0.0358
v -1.4619 3.5100 0.2955
v -1.4595 4.5602 0.8988
v -1.4194 4.9544 0.6979
v -1.3464 5.1241 -0.4046
v -1.4912 4.2942 0.8851
v -1.5095 4.0211 0.8008
v -1.5085 3.7722 0.6206
v -1.3158 4.9758 -0.5125
v -1.2913 4.7927 -0.5819
v -1.2800 4.5882 -0.6251
v -1.4013 5.0777 0.5472
v -1.3834 5.1823 0.3592
v -1.3746 5.2434 0.1488
v -1.3654 5.2519 -0.0602
v -1.3659 5.2151 -0.2488
v -1.4393 4.7735 0.8269
v -1.2671 4.3616 -0.6270
v -1.2745 4.1171 -0.5922
v -1.2749 3.8763 -0.5253
v -1.3188 3.6772 -0.3914
v -1.3971 3.5635 -0.1660
v -1.4729 3.5512 0.0967
v -1.5028 3.6164 0.3681
v -0.9749 3.4931 1.6854
v -1.0074 3.6781 1.6239
v -0.9519 3.5986 1.6750
v -1.0375 3.5747 1.6583
v 1.1343 3.7274 1.5228
v 1.0503 3.3808 1.6214
v 1.1179 3.5530 1.6105
v 1.0558 3.8435 1.5044
v 0.9244 3.8090 1.5658
v 0.8584 3.4170 1.6648
v 0.8626 3.6260 1.6579
v 0.9512 3.3285 1.6431
v 0.9832 3.5027 1.6836
v 1.0162 3.6842 1.6234
v 0.9588 3.6081 1.6733
v 1.0471 3.5827 1.6566
v -0.0622 -0.2124 1.6314
v 1.0032 -0.6484 1.6638
v 0.7609 -0.5561 1.6747
v 0.5020 -0.4515 1.6724
v 1.7248 -0.8652 1.2943
v 1.5909 -0.8341 1.4410
v 1.4277 -0.7875 1.5571
v 0.2222 -0.3367 1.6579
v 1.2289 -0.7258 1.6296
v 1.8452 -0.8813 1.1377
v 2.0945 -0.8886 0.6541
v 2.0396 -0.8864 0.8260
v 1.9345 -0.9188 -0.0584
v 2.0241 -0.9180 0.1243
v 2.0837 -0.9081 0.3024
v 2.1121 -0.8962 0.4761
v 1.9556 -0.8861 0.9820
v 1.1236 -0.5940 -0.9681
v 0.8991 -0.4838 -1.0560
v 0.6498 -0.3763 -1.0781
v 0.3824 -0.2679 -1.0460
v 0.1377 -0.1495 -1.0154
v 1.8141 -0.9020 -0.2481
v 1.6672 -0.8607 -0.4452
v 1.5032 -0.7920 -0.6436
v 1.3193 -0.7004 -0.8231
v -0.5936 0.0595 1.5629
v -0.3347 -0.0794 1.5984
v -1.3511 0.5582 1.3854
v -1.2214 0.4574 1.4534
v -1.0450 0.3353 1.4928
v -1.4469 0.7585 1.0029
v -1.4373 0.7200 1.0828
v -1.4415 0.6817 1.1777
v -0.8332 0.2001 1.5271
v -1.4229 0.6318 1.2865
v -1.4920 0.8016 0.9175
v -1.6622 0.9159 0.5512
v -1.6194 0.8870 0.6862
v -1.6496 0.9146 -0.0286
v -1.6806 0.9305 0.1213
v -1.6919 0.9366 0.2668
v -1.6857 0.9320 0.4116
v -1.5579 0.8469 0.8115
v -1.1221 0.6691 -0.8736
v -0.9437 0.5528 -0.9669
v -0.7509 0.4163 -1.0021
v -0.5470 0.2706 -1.0005
v -0.3311 0.1232 -0.9919
v -0.1015 -0.0186 -0.9943
v -1.5965 0.8911 -0.1883
v -1.5185 0.8602 -0.3630
v -1.4132 0.8184 -0.5490
v -1.2688 0.7599 -0.7178
v 0.9206 2.3211 -0.4148
v 0.9518 2.0335 -0.4152
v 1.0046 1.7349 -0.4155
v 1.0698 1.4379 -0.4305
v 1.1342 1.1534 -0.4647
v 1.2074 0.8879 -0.5281
v 1.2798 0.6391 -0.6090
v 1.3208 0.4100 -0.6758
v 1.3295 0.1920 -0.7343
v 1.3083 -0.0091 -0.7803
v 1.2615 -0.1908 -0.8173
v 1.2058 -0.3523 -0.8647
v 1.1531 -0.4921 -0.9132
v 0.9409 -0.3820 -1.0115
v 1.0041 -0.2435 -0.9729
v 1.0748 -0.0827 -0.9408
v 1.1350 0.1043 -0.9199
v 1.1646 0.2988 -0.8686
v 1.1582 0.5075 -0.7737
v 1.1156 0.7239 -0.6850
v 1.0433 0.9634 -0.5839
v 0.9896 1.2232 -0.5252
v 0.9282 1.5020 -0.4881
v 0.8660 1.7927 -0.4768
v 0.8156 2.0851 -0.4847
v 0.7847 2.3685 -0.4907
v 0.7011 -0.2734 -1.0489
v 0.7724 -0.1343 -1.0255
v 0.8522 0.0272 -1.0083
v 0.9289 0.2128 -0.9901
v 0.9671 0.4032 -0.9355
v 0.9678 0.6048 -0.8343
v 0.9311 0.8095 -0.7259
v 0.8795 1.0414 -0.6264
v 0.8301 1.2948 -0.5616
v 0.7718 1.5672 -0.5242
v 0.7126 1.8506 -0.5183
v 0.6637 2.1354 -0.5319
v 0.6322 2.4137 -0.5400
v -0.6364 2.5191 -0.5336
v -0.6052 2.3311 -0.5349
v -0.5739 2.1473 -0.5286
v -0.5443 1.9667 -0.5230
v -0.5199 1.7880 -0.5289
v -0.5052 1.6107 -0.5497
v -0.5046 1.4365 -0.5871
v -0.5251 1.2700 -0.6402
v -0.5704 1.1184 -0.7084
v -0.6390 0.9818 -0.7815
v -0.7227 0.8550 -0.8468
v -0.8091 0.7372 -0.9039
v -0.8853 0.6315 -0.9402
v -1.0630 0.7443 -0.8477
v -0.9884 0.8476 -0.8158
v -0.9024 0.9620 -0.7716
v -0.8194 1.0851 -0.7121
v -0.7514 1.2181 -0.6461
v -0.7049 1.3656 -0.5859
v -0.6813 1.5243 -0.5393
v -0.6774 1.6852 -0.5083
v -0.6870 1.8480 -0.4903
v -0.7068 2.0108 -0.4827
v -0.7330 2.1745 -0.4818
v -0.7625 2.3408 -0.4794
v -0.7931 2.5108 -0.4703
v 0.4374 -0.1636 -1.0327
v 0.5217 -0.0231 -1.0309
v 0.6104 0.1391 -1.0269
v 0.6984 0.3228 -1.0135
v 0.7477 0.5068 -0.9547
v 0.7507 0.7007 -0.8473
v 0.7395 0.8956 -0.7415
v 0.7010 1.1206 -0.6433
v 0.6556 1.3671 -0.5766
v 0.6006 1.6312 -0.5416
v 0.5444 1.9045 -0.5407
v 0.4968 2.1797 -0.5562
v 0.4642 2.4519 -0.5626
v -0.4692 2.5249 -0.5632
v -0.4375 2.3179 -0.5593
v -0.4038 2.1156 -0.5488
v -0.3699 1.9175 -0.5422
v -0.3395 1.7222 -0.5505
v -0.3188 1.5301 -0.5759
v -0.3128 1.3430 -0.6172
v -0.3302 1.1702 -0.6795
v -0.3747 1.0138 -0.7522
v -0.4439 0.8708 -0.8248
v -0.5285 0.7368 -0.8922
v -0.6153 0.6122 -0.9502
v -0.6928 0.5012 -0.9808
v 0.1971 -0.0458 -1.0090
v 0.2762 0.0919 -1.0104
v 0.3645 0.2508 -0.9983
v 0.4471 0.4243 -0.9665
v 0.5097 0.6067 -0.9078
v 0.5403 0.7886 -0.8262
v 0.5391 0.9771 -0.7222
v 0.5079 1.2000 -0.6375
v 0.4667 1.4397 -0.5762
v 0.4153 1.6931 -0.5457
v 0.3624 1.9535 -0.5471
v 0.3164 2.2169 -0.5601
v 0.2828 2.4814 -0.5638
v 1.0802 2.2560 1.1586
v 1.0856 1.9195 1.1576
v 1.1159 1.5776 1.1777
v 1.1680 1.2501 1.2043
v 1.2322 0.9476 1.2268
v 1.2999 0.6722 1.2431
v 1.3686 0.4155 1.2602
v 1.4313 0.1871 1.2777
v 1.4854 -0.0246 1.2993
v 1.5275 -0.2229 1.3261
v 1.5572 -0.4084 1.3557
v 1.5766 -0.5769 1.3853
v 1.5840 -0.7235 1.4111
v 1.7141 -0.7553 1.2741
v 1.7002 -0.6108 1.2572
v 1.6720 -0.4448 1.2369
v 1.6348 -0.2621 1.2175
v 1.5874 -0.0671 1.2014
v 1.5297 0.1409 1.1895
v 1.4643 0.3661 1.1799
v 1.3928 0.6219 1.1680
v 1.3221 0.8960 1.1569
v 1.2534 1.1963 1.1381
v 1.1942 1.5221 1.1112
v 1.1546 1.8652 1.0872
v 1.1406 2.2070 1.0807
v -0.2922 2.5246 -0.5665
v -0.2595 2.2991 -0.5610
v -0.2223 2.0791 -0.5508
v -0.1827 1.8639 -0.5466
v -0.1456 1.6523 -0.5596
v -0.1183 1.4459 -0.5928
v -0.1056 1.2473 -0.6425
v -0.1201 1.0691 -0.7106
v -0.1638 0.9067 -0.7821
v -0.2340 0.7553 -0.8490
v -0.3201 0.6120 -0.9178
v -0.4083 0.4790 -0.9680
v -0.4874 0.3617 -0.9896
v -1.1509 2.5344 1.0442
v -1.1416 2.3622 1.0144
v -1.1342 2.2041 1.0011
v -1.1297 2.0575 0.9989
v -1.1310 1.9182 1.0035
v -1.1422 1.7859 1.0119
v -1.1664 1.6591 1.0235
v -1.2071 1.5288 1.0318
v -1.2606 1.3881 1.0368
v -1.3163 1.2479 1.0372
v -1.3693 1.1102 1.0313
v -1.4153 0.9768 1.0223
v -1.4374 0.8557 1.0121
v -1.4140 0.8140 1.1021
v -1.3776 0.9341 1.1177
v -1.3177 1.0660 1.1299
v -1.2519 1.2032 1.1364
v -1.1871 1.3434 1.1344
v -1.1294 1.4853 1.1263
v -1.0889 1.6196 1.1150
v -1.0687 1.7509 1.1013
v -1.0624 1.8893 1.0912
v -1.0661 2.0360 1.0860
v -1.0746 2.1911 1.0885
v -1.0847 2.3587 1.1032
v -1.0959 2.5416 1.1353
v 1.2851 2.1212 0.8116
v 1.3240 1.7693 0.8221
v 1.3882 1.4251 0.8399
v 1.4641 1.1041 0.8522
v 1.5411 0.8080 0.8510
v 1.6161 0.5366 0.8417
v 1.6933 0.2835 0.8314
v 1.7753 0.0648 0.8060
v 1.8386 -0.1355 0.7937
v 1.8962 -0.3213 0.7880
v 1.9389 -0.4947 0.7947
v 1.9769 -0.6513 0.8054
v 2.0040 -0.7867 0.8190
v 2.0659 -0.7898 0.6466
v 2.0346 -0.6557 0.6343
v 1.9925 -0.5005 0.6283
v 1.9482 -0.3281 0.6265
v 1.8955 -0.1421 0.6334
v 1.8287 0.0584 0.6515
v 1.7534 0.2789 0.6758
v 1.6592 0.5334 0.7068
v 1.5846 0.8079 0.7212
v 1.5068 1.1067 0.7284
v 1.4279 1.4290 0.7235
v 1.3589 1.7723 0.7128
v 1.3151 2.1222 0.7079
v -0.1043 2.5171 -0.5593
v -0.0706 2.2754 -0.5552
v -0.0296 2.0391 -0.5467
v 0.0157 1.8080 -0.5448
v 0.0589 1.5811 -0.5638
v 0.0919 1.3615 -0.6066
v 0.1118 1.1518 -0.6658
v 0.1008 0.9672 -0.7379
v 0.0590 0.7977 -0.8066
v -0.0114 0.6376 -0.8718
v -0.0989 0.4850 -0.9312
v -0.1889 0.3439 -0.9725
v -0.2697 0.2201 -0.9856
v 0.0038 2.3950 1.5642
v 0.0172 2.1348 1.5499
v 0.0387 1.8787 1.5396
v 0.0669 1.6341 1.5400
v 0.0958 1.4046 1.5478
v 0.1168 1.1918 1.5539
v 0.1264 0.9910 1.5586
v 0.1075 0.8070 1.5557
v 0.0624 0.6287 1.5579
v -0.0068 0.4563 1.5675
v -0.0929 0.2930 1.5813
v -0.1839 0.1443 1.5945
v -0.2675 0.0166 1.5960
v 0.0001 -0.1132 1.6235
v 0.0780 0.0186 1.6154
v 0.1607 0.1722 1.5948
v 0.2368 0.3419 1.5733
v 0.2948 0.5219 1.5567
v 0.3284 0.7082 1.5497
v 0.3366 0.8991 1.5498
v 0.3166 1.1080 1.5467
v 0.2893 1.3319 1.5421
v 0.2578 1.5768 1.5341
v 0.2307 1.8383 1.5317
v 0.2132 2.1092 1.5404
v 0.2051 2.3809 1.5568
v -1.2890 2.5341 0.6522
v -1.2786 2.3896 0.6315
v -1.2736 2.2576 0.6174
v -1.2756 2.1338 0.6049
v -1.2868 2.0148 0.5905
v -1.3089 1.8977 0.5742
v -1.3426 1.7817 0.5588
v -1.3878 1.6548 0.5438
v -1.4404 1.5161 0.5338
v -1.4922 1.3796 0.5282
v -1.5430 1.2471 0.5278
v -1.5927 1.1197 0.5331
v -1.6298 1.0042 0.5409
v -1.5916 0.9766 0.6776
v -1.5589 1.0933 0.6728
v -1.5132 1.2223 0.6691
v -1.4650 1.3559 0.6695
v -1.4144 1.4926 0.6732
v -1.3623 1.6307 0.6799
v -1.3174 1.7572 0.6890
v -1.2846 1.8751 0.6963
v -1.2638 1.9950 0.7045
v -1.2538 2.1176 0.7117
v -1.2526 2.2452 0.7191
v -1.2577 2.3815 0.7312
v -1.2671 2.5306 0.7533
v 1.0126 2.3024 1.2333
v 1.0111 1.9708 1.2240
v 1.0330 1.6321 1.2380
v 1.0775 1.3056 1.2616
v 1.1362 1.0035 1.2856
v 1.2000 0.7286 1.3050
v 1.2660 0.4725 1.3250
v 1.3247 0.2422 1.3479
v 1.3730 0.0276 1.3778
v 1.4062 -0.1734 1.4141
v 1.4242 -0.3606 1.4529
v 1.4309 -0.5299 1.4903
v 1.4284 -0.6771 1.5214
v 0.0908 2.5028 -0.5579
v 0.1249 2.2482 -0.5552
v 0.1688 1.9977 -0.5458
v 0.2183 1.7516 -0.5445
v 0.2659 1.5106 -0.5692
v 0.3033 1.2797 -0.6218
v 0.3290 1.0612 -0.6918
v 0.3228 0.8718 -0.7744
v 0.2857 0.6976 -0.8494
v 0.2181 0.5266 -0.9105
v 0.1315 0.3635 -0.9559
v 0.0407 0.2122 -0.9777
v -0.0399 0.0827 -0.9890
v -1.3947 0.7688 1.1971
v -1.3364 0.8857 1.2130
v -1.2582 1.0143 1.2231
v -1.1770 1.1487 1.2268
v -1.1022 1.2867 1.2219
v -1.0401 1.4293 1.2109
v -0.9988 1.5707 1.1980
v -0.9816 1.7103 1.1841
v -0.9800 1.8567 1.1739
v -0.9892 2.0116 1.1691
v -1.0027 2.1755 1.1725
v -1.0165 2.3526 1.1882
v -1.0304 2.5458 1.2216
v 0.7129 2.3740 1.4388
v 0.7050 2.0713 1.4144
v 0.7126 1.7643 1.4103
v 0.7395 1.4624 1.4190
v 0.7825 1.1756 1.4348
v 0.8321 0.9128 1.4496
v 0.8846 0.6697 1.4641
v 0.9183 0.4485 1.4828
v 0.9319 0.2379 1.5125
v 0.9209 0.0388 1.5517
v 0.8884 -0.1454 1.5939
v 0.8436 -0.3098 1.6315
v 0.7974 -0.4505 1.6539
v 1.0300 -0.5404 1.6370
v 1.0625 -0.3965 1.6102
v 1.0905 -0.2293 1.5697
v 1.1058 -0.0428 1.5247
v 1.1005 0.1590 1.4818
v 1.0726 0.3738 1.4476
v 1.0276 0.6016 1.4244
v 0.9691 0.8520 1.4054
v 0.9140 1.1221 1.3867
v 0.8663 1.4169 1.3664
v 0.8353 1.7296 1.3532
v 0.8255 2.0491 1.3529
v 0.8341 2.3629 1.3752
v -0.8501 2.5292 1.3771
v -0.8306 2.3190 1.3468
v -0.8080 2.1243 1.3305
v -0.7839 1.9429 1.3252
v -0.7645 1.7715 1.3283
v -0.7582 1.6079 1.3368
v -0.7719 1.4491 1.3486
v -0.8135 1.2886 1.3619
v -0.8805 1.1394 1.3735
v -0.9686 1.0016 1.3820
v -1.0711 0.8691 1.3865
v -1.1763 0.7445 1.3880
v -1.2711 0.6351 1.3829
v -1.1397 0.5359 1.4471
v -1.0400 0.6458 1.4492
v -0.9313 0.7731 1.4461
v -0.8257 0.9102 1.4414
v -0.7357 1.0538 1.4353
v -0.6689 1.2086 1.4278
v -0.6290 1.3758 1.4186
v -0.6178 1.5422 1.4067
v -0.6269 1.7139 1.3993
v -0.6500 1.8937 1.3967
v -0.6780 2.0846 1.4022
v -0.7039 2.2882 1.4177
v -0.7252 2.5064 1.4439
v 1.3390 2.1605 0.3543
v 1.3867 1.8252 0.3364
v 1.4592 1.4891 0.3258
v 1.5401 1.1663 0.3141
v 1.6145 0.8608 0.2971
v 1.7041 0.5766 0.2567
v 1.7880 0.3098 0.2250
v 1.8536 0.0762 0.1947
v 1.9044 -0.1361 0.1725
v 1.9407 -0.3310 0.1583
v 1.9663 -0.5110 0.1458
v 1.9913 -0.6724 0.1329
v 2.0072 -0.8119 0.1269
v 1.9245 -0.8089 -0.0514
v 1.9181 -0.6663 -0.0387
v 1.9115 -0.5006 -0.0209
v 1.8963 -0.3176 -0.0017
v 1.8690 -0.1185 0.0167
v 1.8234 0.0984 0.0424
v 1.7558 0.3351 0.0760
v 1.6755 0.6056 0.1070
v 1.5889 0.8917 0.1476
v 1.5157 1.1970 0.1670
v 1.4362 1.5173 0.1819
v 1.3652 1.8477 0.1972
v 1.3191 2.1742 0.2205
v -1.2699 2.5250 0.1932
v -1.2527 2.3897 0.1606
v -1.2429 2.2648 0.1265
v -1.2415 2.1465 0.0906
v -1.2488 2.0301 0.0532
v -1.2655 1.9115 0.0189
v -1.2962 1.7907 -0.0123
v -1.3339 1.6528 -0.0344
v -1.3816 1.5081 -0.0503
v -1.4341 1.3733 -0.0623
v -1.4932 1.2448 -0.0680
v -1.5562 1.1201 -0.0643
v -1.6070 1.0047 -0.0481
v -1.6410 1.0200 0.1040
v -1.5941 1.1355 0.0887
v -1.5350 1.2610 0.0832
v -1.4788 1.3910 0.0867
v -1.4271 1.5271 0.0971
v -1.3781 1.6707 0.1128
v -1.3373 1.8050 0.1354
v -1.3044 1.9221 0.1647
v -1.2842 2.0378 0.1987
v -1.2738 2.1523 0.2331
v -1.2725 2.2702 0.2649
v -1.2798 2.3960 0.2942
v -1.2945 2.5328 0.3224
v 0.2760 -0.2354 1.6444
v 0.3445 -0.1004 1.6299
v 0.4166 0.0575 1.6022
v 0.4798 0.2331 1.5729
v 0.5233 0.4205 1.5484
v 0.5419 0.6156 1.5341
v 0.5364 0.8160 1.5291
v 0.5049 1.0354 1.5242
v 0.4701 1.2723 1.5183
v 0.4353 1.5328 1.5095
v 0.4097 1.8098 1.5059
v 0.3969 2.0938 1.5131
v 0.3951 2.3759 1.5329
v -0.3949 2.4442 1.5389
v -0.3750 2.2086 1.5216
v -0.3487 1.9826 1.5085
v -0.3190 1.7685 1.5031
v -0.2932 1.5672 1.5058
v -0.2798 1.3755 1.5148
v -0.2852 1.1902 1.5278
v -0.3175 1.0152 1.5297
v -0.3769 0.8506 1.5299
v -0.4603 0.6934 1.5318
v -0.5599 0.5432 1.5340
v -0.6631 0.4054 1.5361
v -0.7574 0.2874 1.5292
v -0.5223 0.1517 1.5643
v -0.4331 0.2747 1.5682
v -0.3355 0.4180 1.5617
v -0.2421 0.5749 1.5547
v -0.1649 0.7396 1.5506
v -0.1118 0.9104 1.5508
v -0.0853 1.0890 1.5530
v -0.0858 1.2827 1.5438
v -0.1022 1.4851 1.5355
v -0.1290 1.6999 1.5292
v -0.1580 1.9284 1.5330
v -0.1823 2.1689 1.5452
v -0.1995 2.4159 1.5600
v 1.8286 -0.7739 1.1249
v 1.8074 -0.6327 1.1154
v 1.7722 -0.4701 1.1030
v 1.7302 -0.2910 1.0916
v 1.6799 -0.0996 1.0845
v 1.6202 0.1047 1.0818
v 1.5529 0.3267 1.0808
v 1.4789 0.5806 1.0760
v 1.4061 0.8522 1.0716
v 1.3340 1.1492 1.0588
v 1.2683 1.4721 1.0343
v 1.2195 1.8162 1.0094
v 1.1961 2.1639 0.9977
v -1.1977 2.5293 0.9496
v -1.1891 2.3666 0.9226
v -1.1832 2.2172 0.9104
v -1.1815 2.0781 0.9079
v -1.1867 1.9453 0.9104
v -1.2022 1.8178 0.9152
v -1.2302 1.6941 0.9224
v -1.2721 1.5660 0.9258
v -1.3235 1.4267 0.9272
v -1.3740 1.2879 0.9265
v -1.4206 1.1512 0.9231
v -1.4610 1.0184 0.9196
v -1.4818 0.8979 0.9159
v 1.9288 -0.7826 0.9725
v 1.8985 -0.6449 0.9668
v 1.8570 -0.4861 0.9593
v 1.8113 -0.3105 0.9530
v 1.7595 -0.1223 0.9521
v 1.6990 0.0794 0.9565
v 1.6310 0.2991 0.9633
v 1.5549 0.5518 0.9663
v 1.4806 0.8221 0.9692
v 1.4057 1.1172 0.9633
v 1.3344 1.4383 0.9441
v 1.2771 1.7829 0.9212
v 1.2451 2.1344 0.9082
v 0.5462 -0.3483 1.6552
v 0.6034 -0.2106 1.6363
v 0.6626 -0.0493 1.6029
v 0.7112 0.1312 1.5663
v 0.7385 0.3254 1.5338
v 0.7409 0.5290 1.5112
v 0.7207 0.7405 1.4992
v 0.6776 0.9723 1.4902
v 0.6348 1.2232 1.4804
v 0.5962 1.4982 1.4688
v 0.5710 1.7884 1.4634
v 0.5621 2.0838 1.4695
v 0.5661 2.3760 1.4926
v 1.8130 -0.7895 -0.2341
v 1.8201 -0.6443 -0.2151
v 1.8256 -0.4767 -0.1896
v 1.8275 -0.2916 -0.1678
v 1.8106 -0.0894 -0.1466
v 1.7636 0.1309 -0.1106
v 1.6997 0.3707 -0.0739
v 1.6238 0.6436 -0.0421
v 1.5458 0.9308 -0.0061
v 1.4682 1.2351 0.0199
v 1.3912 1.5520 0.0369
v 1.3232 1.8751 0.0549
v 1.2803 2.1907 0.0801
v -1.2365 2.5283 0.8525
v -1.2278 2.3732 0.8281
v -1.2225 2.2312 0.8165
v -1.2225 2.0984 0.8124
v -1.2305 1.9712 0.8111
v -1.2493 1.8478 0.8102
v -1.2802 1.7271 0.8109
v -1.3238 1.6002 0.8081
v -1.3751 1.4620 0.8054
v -1.4246 1.3245 0.8034
v -1.4706 1.1894 0.8021
v -1.5122 1.0584 0.8031
v -1.5386 0.9398 0.8046
v 1.3433 2.1466 0.4798
v 1.3912 1.8048 0.4694
v 1.4639 1.4650 0.4648
v 1.5449 1.1409 0.4576
v 1.6213 0.8364 0.4425
v 1.7107 0.5550 0.4058
v 1.7970 0.2923 0.3736
v 1.8656 0.0633 0.3438
v 1.9213 -0.1441 0.3235
v 1.9651 -0.3349 0.3122
v 2.0020 -0.5108 0.3045
v 2.0364 -0.6690 0.2996
v 2.0606 -0.8056 0.3040
v 1.6761 -0.7478 -0.4207
v 1.6944 -0.6024 -0.3908
v 1.7111 -0.4350 -0.3562
v 1.7281 -0.2481 -0.3287
v 1.7182 -0.0445 -0.2999
v 1.6768 0.1773 -0.2605
v 1.6185 0.4186 -0.2205
v 1.5503 0.6916 -0.1874
v 1.4728 0.9776 -0.1478
v 1.3971 1.2798 -0.1203
v 1.3228 1.5929 -0.1023
v 1.2590 1.9082 -0.0844
v 1.2204 2.2130 -0.0615
v -0.5726 2.4763 1.4993
v -0.5512 2.2500 1.4778
v -0.5240 2.0363 1.4637
v -0.4942 1.8346 1.4582
v -0.4693 1.6449 1.4603
v -0.4580 1.4637 1.4673
v -0.4667 1.2877 1.4787
v -0.5035 1.1161 1.4867
v -0.5677 0.9566 1.4909
v -0.6559 0.8065 1.4938
v -0.7600 0.6632 1.4953
v -0.8674 0.5311 1.4958
v -0.9657 0.4178 1.4894
v 0.9325 2.3391 1.3057
v 0.9262 2.0148 1.2888
v 0.9410 1.6837 1.2958
v 0.9782 1.3623 1.3145
v 1.0312 1.0628 1.3376
v 1.0908 0.7894 1.3579
v 1.1536 0.5352 1.3786
v 1.2067 0.3048 1.4035
v 1.2463 0.0888 1.4379
v 1.2668 -0.1134 1.4800
v 1.2690 -0.3010 1.5242
v 1.2591 -0.4698 1.5652
v 1.2424 -0.6162 1.5960
v 1.5210 -0.6817 -0.6059
v 1.5453 -0.5387 -0.5598
v 1.5735 -0.3726 -0.5153
v 1.5928 -0.1874 -0.4785
v 1.5920 0.0162 -0.4435
v 1.5694 0.2391 -0.4049
v 1.5155 0.4792 -0.3596
v 1.4553 0.7492 -0.3213
v 1.3725 1.0301 -0.2703
v 1.3052 1.3280 -0.2454
v 1.2340 1.6362 -0.2274
v 1.1744 1.9451 -0.2128
v 1.1396 2.2417 -0.1960
v -1.6549 1.0255 0.2520
v -1.6114 1.1409 0.2390
v -1.5553 1.2669 0.2329
v -1.5009 1.3978 0.2350
v -1.4489 1.5343 0.2443
v -1.3982 1.6762 0.2593
v -1.3551 1.8071 0.2807
v -1.3213 1.9225 0.3079
v -1.2994 2.0371 0.3378
v -1.2877 2.1518 0.3669
v -1.2853 2.2707 0.3926
v -1.2911 2.3980 0.4159
v -1.3040 2.5367 0.4397
v 1.3349 2.1325 0.5974
v 1.3815 1.7860 0.5950
v 1.4531 1.4440 0.5977
v 1.5333 1.1203 0.5960
v 1.6108 0.8181 0.5841
v 1.6965 0.5403 0.5550
v 1.7849 0.2820 0.5243
v 1.8610 0.0585 0.4953
v 1.9214 -0.1450 0.4762
v 1.9702 -0.3327 0.4668
v 2.0121 -0.5061 0.4639
v 2.0524 -0.6621 0.4644
v 2.0825 -0.7967 0.4728
v 1.3451 -0.5945 -0.7739
v 1.3801 -0.4544 -0.7170
v 1.4221 -0.2902 -0.6674
v 1.4560 -0.1064 -0.6302
v 1.4676 0.0966 -0.5922
v 1.4499 0.3180 -0.5453
v 1.4094 0.5578 -0.5008
v 1.3421 0.8160 -0.4388
v 1.2616 1.0887 -0.3795
v 1.1956 1.3797 -0.3497
v 1.1276 1.6825 -0.3326
v 1.0716 1.9862 -0.3242
v 1.0392 2.2777 -0.3154
v -1.3543 0.7119 1.2951
v -1.2738 0.8242 1.3065
v -1.1790 0.9494 1.3104
v -1.0848 1.0811 1.3091
v -1.0019 1.2168 1.3014
v -0.9366 1.3612 1.2889
v -0.8947 1.5124 1.2751
v -0.8791 1.6628 1.2622
v -0.8817 1.8182 1.2526
v -0.8962 1.9816 1.2487
v -0.9152 2.1542 1.2532
v -0.9333 2.3403 1.2696
v -0.9501 2.5424 1.3024
v -1.2256 2.5153 0.0514
v -1.2051 2.3806 0.0163
v -1.1915 2.2545 -0.0194
v -1.1855 2.1334 -0.0557
v -1.1877 2.0130 -0.0913
v -1.1992 1.8895 -0.1244
v -1.2255 1.7637 -0.1563
v -1.2601 1.6225 -0.1774
v -1.3072 1.4777 -0.1948
v -1.3623 1.3445 -0.2106
v -1.4262 1.2178 -0.2213
v -1.4944 1.0948 -0.2223
v -1.5501 0.9806 -0.2078
v -1.6509 1.0203 0.3988
v -1.6105 1.1357 0.3876
v -1.5574 1.2622 0.3815
v -1.5045 1.3938 0.3825
v -1.4523 1.5303 0.3902
v -1.4003 1.6705 0.4032
v -1.3557 1.7988 0.4222
v -1.3216 1.9139 0.4446
v -1.2993 2.0292 0.4685
v -1.2874 2.1454 0.4906
v -1.2849 2.2664 0.5094
v -1.2901 2.3956 0.5273
v -1.3016 2.5367 0.5485
v -1.1561 2.5069 -0.0986
v -1.1320 2.3701 -0.1322
v -1.1136 2.2397 -0.1646
v -1.1018 2.1127 -0.1955
v -1.0977 1.9856 -0.2265
v -1.1031 1.8556 -0.2556
v -1.1232 1.7240 -0.2867
v -1.1549 1.5805 -0.3085
v -1.2023 1.4362 -0.3311
v -1.2615 1.3040 -0.3551
v -1.3316 1.1791 -0.3753
v -1.4060 1.0585 -0.3850
v -1.4675 0.9469 -0.3769
v -1.0589 2.5028 -0.2452
v -1.0314 2.3595 -0.2724
v -1.0083 2.2208 -0.2965
v -0.9906 2.0845 -0.3187
v -0.9803 1.9482 -0.3417
v -0.9800 1.8096 -0.3653
v -0.9935 1.6712 -0.3944
v -1.0225 1.5252 -0.4206
v -1.0704 1.3812 -0.4531
v -1.1339 1.2492 -0.4903
v -1.2102 1.1254 -0.5242
v -1.2905 1.0078 -0.5464
v -1.3578 0.9000 -0.5491
v -0.9263 2.5050 -0.3611
v -0.8972 2.3502 -0.3789
v -0.8710 2.1992 -0.3920
v -0.8493 2.0500 -0.4026
v -0.8348 1.9007 -0.4162
v -0.8306 1.7500 -0.4350
v -0.8394 1.6007 -0.4633
v -0.8661 1.4484 -0.4984
v -0.9139 1.3019 -0.5453
v -0.9803 1.1687 -0.5986
v -1.0605 1.0456 -0.6477
v -1.1436 0.9312 -0.6829
v -1.2146 0.8267 -0.6994
v 1.5043 4.7758 0.8201
v 1.4884 4.9429 0.6968
v 1.4773 5.0608 0.5548
v 1.4631 5.1696 0.3671
v 1.4537 5.2330 0.1529
v 1.4446 5.2376 -0.0567
v 1.4362 5.1928 -0.2256
v 1.4131 5.1104 -0.3767
v 1.3791 4.9638 -0.4774
v 1.3571 4.8009 -0.5548
v 1.3451 4.6061 -0.6036
v 1.3295 4.3859 -0.6087
v 1.3442 4.1456 -0.5672
v 1.3557 3.9097 -0.4790
v 1.4067 3.7083 -0.3292
v 1.4923 3.5934 -0.0859
v 1.5510 3.5806 0.1624
v 1.5644 3.6431 0.4059
v 1.5690 3.7968 0.6371
v 1.5738 4.0362 0.8033
v 1.5576 4.3006 0.8862
v 1.5245 4.5709 0.8975
v -1.5684 4.0358 0.7887
v -1.5620 3.7900 0.6092
v -1.5594 3.6321 0.3644
v -1.5404 3.5630 0.1091
v -1.4705 3.5689 -0.1471
v -1.3872 3.6808 -0.3771
v -1.3450 3.8806 -0.5072
v -1.3481 4.1171 -0.5698
v -1.3428 4.3595 -0.6021
v -1.3588 4.5848 -0.6006
v -1.3687 4.7831 -0.5559
v -1.3891 4.9486 -0.4814
v -1.4235 5.0966 -0.3840
v -1.4469 5.1826 -0.2341
v -1.4553 5.2330 -0.0649
v -1.4662 5.2321 0.1435
v -1.4750 5.1707 0.3616
v -1.4878 5.0626 0.5511
v -1.4965 4.9438 0.6947
v -1.5080 4.7755 0.8155
v -1.5239 4.5705 0.8859
v -1.5538 4.3058 0.8729
v 0.4522 4.9895 -0.6160
v 0.2290 4.9613 -0.6089
v 0.8162 5.0628 0.6359
v 0.8314 5.0500 0.6369
v 0.8796 5.2946 -0.3967
v 0.7934 5.1856 -0.5136
v 0.8599 5.1444 0.4941
v 0.8857 5.2310 0.3384
v 0.9076 5.3001 0.1613
v 0.9244 5.3539 -0.0383
v 0.9200 5.3562 -0.2289
v 0.7759 4.9598 0.7533
v 0.2633 4.8379 0.9821
v 0.6666 4.8773 0.8412
v 0.6502 5.0617 -0.5915
v -0.4676 4.9774 -0.6214
v -0.2457 4.9549 -0.6127
v -0.4787 4.8657 0.9357
v -0.8318 5.0603 0.6362
v -0.8952 5.2816 -0.4079
v -0.8087 5.1697 -0.5230
v -0.8622 5.1516 0.4891
v -0.8893 5.2305 0.3253
v -0.9139 5.3021 0.1494
v -0.9343 5.3512 -0.0517
v -0.9333 5.3477 -0.2417
v -0.7741 4.9705 0.7571
v -0.2444 4.8483 0.9759
v -0.6662 4.8954 0.8600
v -0.6647 5.0459 -0.5988
v -0.0095 4.9495 -0.5853
v -0.0022 4.8471 0.9849
v 1.3406 4.3870 1.0016
v 1.4252 4.1939 0.9701
v 1.4674 3.9620 0.8833
v 1.4698 3.7109 0.7646
v 1.4537 3.4721 0.6408
v 0.7665 4.7370 0.9682
v 1.0023 4.6619 0.9810
v 1.2025 4.5588 0.9940
v 1.3448 2.7540 0.4296
v 1.4191 3.2404 0.5428
v 1.3804 3.0064 0.4734
v 1.3271 2.4725 0.4034
v 2.0396 -0.9155 0.1684
v 1.3401 2.1571 0.3857
v 1.3878 1.8201 0.3696
v 1.4604 1.4831 0.3606
v 1.5413 1.1600 0.3500
v 1.6162 0.8547 0.3335
v 1.7059 0.5712 0.2938
v 1.7904 0.3054 0.2620
v 1.8565 0.0729 0.2320
v 1.9086 -0.1381 0.2102
v 1.9468 -0.3320 0.1967
v 1.9752 -0.5109 0.1854
v 2.0026 -0.6715 0.1745
v 2.0207 -0.8103 0.1711
v 1.3384 4.3978 0.9870
v 1.4191 4.2028 0.9589
v 0.5183 4.8009 0.9523
v 1.4605 3.9684 0.8724
v 1.4628 3.7142 0.7510
v 1.4463 3.4738 0.6249
v 0.7659 4.7500 0.9537
v 1.0019 4.6693 0.9642
v 1.2013 4.5661 0.9796
v 1.3347 2.7551 0.4145
v 1.4107 3.2416 0.5262
v 1.3710 3.0074 0.4574
v 1.3167 2.4735 0.3885
v 2.0228 -0.9189 0.1498
v 1.3296 2.1579 0.3702
v 1.3774 1.8209 0.3531
v 1.4500 1.4838 0.3431
v 1.5309 1.1607 0.3320
v 1.6056 0.8555 0.3154
v 1.6954 0.5716 0.2755
v 1.7796 0.3052 0.2442
v 1.8456 0.0723 0.2143
v 1.8969 -0.1391 0.1928
v 1.9342 -0.3333 0.1795
v 1.9614 -0.5127 0.1682
v 1.9877 -0.6738 0.1568
v 2.0050 -0.8130 0.1522
v 0.5177 4.8168 0.9454
v 0.8692 5.3084 -0.4008
v 0.7834 5.1985 -0.5172
v 0.8433 5.1564 0.4940
v 0.8696 5.2425 0.3397
v 0.8938 5.3119 0.1635
v 0.9126 5.3673 -0.0374
v 0.9091 5.3705 -0.2308
v 0.7637 4.9751 0.7505
v -0.4755 4.8860 0.9299
v -0.8166 5.0734 0.6349
v -0.8848 5.2952 -0.4121
v -0.7985 5.1824 -0.5267
v -0.8455 5.1641 0.4885
v -0.8729 5.2424 0.3263
v -0.8996 5.3141 0.1515
v -0.9221 5.3646 -0.0511
v -0.9224 5.3619 -0.2437
v -0.7621 4.9863 0.7541
v -0.2424 4.8688 0.9707
v -0.0022 4.8669 0.9785
v 0.4486 5.0076 -0.6180
v 0.2271 4.9802 -0.6093
v 0.6609 4.9015 0.8405
v 0.6428 5.0784 -0.5940
v -0.4639 4.9954 -0.6234
v -0.2440 4.9738 -0.6132
v -0.6587 4.9152 0.8542
v -0.6572 5.0625 -0.6013
v -0.0096 4.9685 -0.5840
v 1.4535 4.7767 0.8359
v 1.4321 4.9553 0.7053
v 1.4141 5.0781 0.5575
v 1.3960 5.1849 0.3696
v 1.3865 5.2485 0.1593
v 1.3785 5.2590 -0.0521
v 1.3774 5.2236 -0.2379
v 1.3578 5.1363 -0.3962
v 1.3266 4.9885 -0.5059
v 1.3023 4.8113 -0.5804
v 1.2908 4.6104 -0.6281
v 1.2790 4.3871 -0.6329
v 1.2953 4.1440 -0.5900
v 1.3076 3.9036 -0.4964
v 1.3585 3.7015 -0.3470
v 1.4411 3.5846 -0.1058
v 1.5070 3.5674 0.1529
v 1.5292 3.6285 0.4127
v 1.5340 3.7806 0.6525
v 1.5302 4.0239 0.8169
v 1.5094 4.2935 0.8982
v 1.4761 4.5641 0.9121
v -1.5282 4.0222 0.8033
v -1.5272 3.7728 0.6216
v -1.5225 3.6161 0.3688
v -1.4949 3.5488 0.0993
v -1.4200 3.5598 -0.1643
v -1.3396 3.6741 -0.3930
v -1.2953 3.8749 -0.5272
v -1.2954 4.1158 -0.5935
v -1.2883 4.3607 -0.6279
v -1.3021 4.5882 -0.6261
v -1.3133 4.7920 -0.5821
v -1.3371 4.9720 -0.5108
v -1.3689 5.1219 -0.4044
v -1.3892 5.2132 -0.2479
v -1.3902 5.2542 -0.0619
v -1.3992 5.2476 0.1489
v -1.4075 5.1862 0.3627
v -1.4240 5.0801 0.5524
v -1.4398 4.9568 0.7022
v -1.4578 4.7772 0.8311
v -1.4776 4.5639 0.9029
v -1.5097 4.2965 0.8884
v -1.5049 3.5934 0.3629
v -1.4496 4.5566 0.9125
v -1.4889 4.2886 0.8977
v -1.5113 4.0108 0.8105
v -1.5108 3.7489 0.6237
v -1.2991 4.9879 -0.5238
v -1.3294 5.1388 -0.4131
v -1.2488 3.8606 -0.5430
v -1.2537 4.1163 -0.6075
v -1.2727 4.8019 -0.5951
v -1.2460 4.3652 -0.6417
v -1.2590 4.5946 -0.6387
v -1.3490 5.2310 -0.2533
v -1.3805 5.0884 0.5516
v -1.3977 4.9635 0.7047
v -1.3635 5.1932 0.3622
v -1.3558 5.2560 0.1508
v -1.3439 5.2531 -0.0597
v -1.4198 4.7766 0.8388
v -1.2955 3.6615 -0.3940
v -1.3921 3.5411 -0.1769
v -1.4715 3.5277 0.0882
v 1.5126 3.6068 0.4081
v 1.4476 4.5561 0.9206
v 1.4866 4.2866 0.9052
v 1.5113 4.0132 0.8234
v 1.5177 3.7572 0.6562
v 1.2882 5.0049 -0.5183
v 1.3178 5.1535 -0.4044
v 1.2634 3.8893 -0.5115
v 1.2557 4.1442 -0.6032
v 1.2620 4.8217 -0.5929
v 1.2388 4.3913 -0.6456
v 1.2489 4.6170 -0.6400
v 1.3367 5.2414 -0.2425
v 1.3710 5.0867 0.5576
v 1.3905 4.9622 0.7087
v 1.3523 5.1918 0.3697
v 1.3431 5.2568 0.1616
v 1.3376 5.2716 -0.0499
v 1.4155 4.7760 0.8438
v 1.3252 3.6836 -0.3584
v 1.4133 3.5667 -0.1201
v 1.4847 3.5471 0.1421
v 0.2651 4.8543 0.9753
v 0.4563 4.9690 -0.6377
v 0.2291 4.9423 -0.6301
v 0.6793 4.8739 0.8631
v 0.6679 5.0389 -0.6127
v -0.4714 4.9568 -0.6429
v -0.2454 4.9358 -0.6337
v -0.6904 4.8783 0.8886
v -0.6820 5.0230 -0.6198
v -0.0091 4.9321 -0.6072
v 0.8471 5.0560 0.6504
v 0.9006 5.2986 -0.4066
v 0.8140 5.1810 -0.5298
v 0.8800 5.1516 0.5069
v 0.9047 5.2405 0.3473
v 0.9272 5.3102 0.1669
v 0.9444 5.3638 -0.0362
v 0.9410 5.3639 -0.2322
v 0.7886 4.9632 0.7688
v 0.2658 4.8285 1.0021
v -0.4879 4.8510 0.9635
v -0.8561 5.0628 0.6518
v -0.9159 5.2854 -0.4181
v -0.8290 5.1649 -0.5393
v -0.8849 5.1581 0.5018
v -0.9109 5.2397 0.3344
v -0.9342 5.3120 0.1550
v -0.9558 5.3460 -0.0512
v -0.9545 5.3553 -0.2453
v -0.7992 4.9666 0.7774
v -0.2485 4.8335 1.0044
v -0.0019 4.8396 1.0091
v 0.4961 4.8992 0.8667
v 0.4984 4.8869 0.8694
v -0.0019 4.7285 1.0722
v -0.5046 4.7344 1.0398
v 0.2645 4.7203 1.0647
v -0.2570 4.7289 1.0736
v 0.5024 4.8667 0.8806
v 0.3948 4.8217 0.9641
v 0.3955 4.8378 0.9572
v 0.3957 4.8106 0.9820
v 0.3717 4.7307 1.0426
v 0.3895 4.8824 0.9076
v 0.3920 4.8785 0.9057
v -0.0104 4.9862 -0.4908
v 0.4422 5.0293 -0.5345
v 0.7510 5.0284 0.5697
v 0.8085 5.2791 -0.3568
v 0.7387 5.1836 -0.4485
v 0.7796 5.1142 0.4396
v 0.8040 5.1938 0.3000
v 0.8311 5.2597 0.1383
v 0.8478 5.3154 -0.0476
v 0.8408 5.3275 -0.2184
v 0.7002 4.9598 0.6649
v 0.2311 5.0014 -0.5207
v 0.2575 4.8559 0.8854
v 0.6273 4.9121 0.7426
v 0.6159 5.0894 -0.5121
v -0.4510 4.8902 0.8365
v -0.4573 5.0170 -0.5402
v -0.7572 5.0380 0.5717
v -0.8248 5.2664 -0.3669
v -0.7541 5.1679 -0.4575
v -0.7790 5.1214 0.4354
v -0.8047 5.1939 0.2870
v -0.8344 5.2627 0.1260
v -0.8558 5.3133 -0.0604
v -0.8541 5.3193 -0.2299
v -0.7111 4.9653 0.6786
v -0.2483 4.9952 -0.5251
v -0.0038 4.8689 0.8821
v -0.2299 4.8734 0.8762
v -0.6170 4.9124 0.7640
v -0.6302 5.0731 -0.5193
v -0.0592 -0.2189 1.5719
v 0.9920 -0.6605 1.6061
v 0.7552 -0.5662 1.6159
v 0.4997 -0.4604 1.6131
v 1.6788 -0.8770 1.2575
v 1.5502 -0.8475 1.3990
v 1.3965 -0.8023 1.5080
v 0.2227 -0.3446 1.5984
v 1.2089 -0.7399 1.5749
v 1.7972 -0.8937 1.1038
v 2.0385 -0.9067 0.6427
v 1.9869 -0.9048 0.8042
v 1.8821 -0.9255 -0.0301
v 1.9657 -0.9270 0.1350
v 2.0269 -0.9214 0.3163
v 2.0543 -0.9123 0.4784
v 1.9056 -0.9018 0.9528
v 1.0897 -0.6073 -0.9204
v 0.8780 -0.4984 -1.0017
v 0.6436 -0.3896 -1.0200
v 0.3841 -0.2776 -0.9869
v 0.1405 -0.1556 -0.9558
v 1.7643 -0.9069 -0.2150
v 1.6195 -0.8652 -0.4090
v 1.4581 -0.7983 -0.6045
v 1.2783 -0.7102 -0.7804
v -0.5876 0.0553 1.5034
v -0.3299 -0.0844 1.5388
v -1.3287 0.5357 1.3345
v -1.2105 0.4428 1.3962
v -1.0384 0.3268 1.4338
v -1.3908 0.7521 0.9826
v -1.3806 0.7060 1.0691
v -1.3905 0.6580 1.1568
v -0.8267 0.1947 1.4677
v -1.3848 0.6047 1.2489
v -1.4402 0.7954 0.8879
v -1.6083 0.8949 0.5351
v -1.5675 0.8694 0.6618
v -1.5963 0.8930 -0.0115
v -1.6258 0.9081 0.1307
v -1.6365 0.9138 0.2679
v -1.6306 0.9095 0.4042
v -1.5075 0.8350 0.7812
v -1.1050 0.6403 -0.8238
v -0.9385 0.5312 -0.9111
v -0.7533 0.4040 -0.9434
v -0.5511 0.2652 -0.9409
v -0.3335 0.1203 -0.9321
v -0.1007 -0.0225 -0.9345
v -1.5457 0.8695 -0.1646
v -1.4717 0.8369 -0.3335
v -1.3733 0.7912 -0.5134
v -1.2494 0.7409 -0.6902
v 1.4891 4.7470 0.7698
v 1.4735 4.9025 0.6550
v 1.4629 5.0126 0.5221
v 1.4491 5.1159 0.3444
v 1.4385 5.1756 0.1441
v 1.4246 5.1814 -0.0507
v 1.4095 5.1430 -0.2053
v 1.3819 5.0747 -0.3400
v 1.3481 4.9424 -0.4307
v 1.3289 4.7862 -0.5039
v 1.3194 4.6004 -0.5497
v 1.3041 4.3901 -0.5545
v 1.3199 4.1594 -0.5141
v 1.3334 3.9347 -0.4292
v 1.3865 3.7507 -0.2919
v 1.4755 3.6490 -0.0712
v 1.5330 3.6377 0.1574
v 1.5401 3.6939 0.3851
v 1.5406 3.8347 0.6002
v 1.5508 4.0590 0.7529
v 1.5402 4.3088 0.8294
v 1.5086 4.5599 0.8407
v -1.5430 4.0594 0.7381
v -1.5342 3.8285 0.5726
v -1.5352 3.6828 0.3432
v -1.5221 3.6199 0.1033
v -1.4536 3.6246 -0.1326
v -1.3673 3.7222 -0.3385
v -1.3223 3.9022 -0.4561
v -1.3237 4.1279 -0.5161
v -1.3176 4.3636 -0.5477
v -1.3332 4.5800 -0.5465
v -1.3404 4.7694 -0.5047
v -1.3579 4.9283 -0.4344
v -1.3919 5.0620 -0.3466
v -1.4198 5.1336 -0.2125
v -1.4351 5.1770 -0.0577
v -1.4511 5.1745 0.1356
v -1.4613 5.1167 0.3392
v -1.4739 5.0143 0.5183
v -1.4818 4.9038 0.6525
v -1.4919 4.7478 0.7648
v -1.5052 4.5604 0.8298
v -1.5324 4.3141 0.8164
v 1.9886 -0.9258 0.1982
v 1.9667 -0.9287 0.1687
v 0.4842 4.8667 0.8176
v 0.3760 4.8395 0.8679
v 0.3733 4.8465 0.8623
v -0.0094 4.9379 -0.5264
v 0.4544 4.9810 -0.5679
v 0.8085 5.0214 0.5855
v 0.8640 5.2602 -0.3696
v 0.7863 5.1551 -0.4714
v 0.8386 5.1115 0.4498
v 0.8632 5.1902 0.3088
v 0.8905 5.2541 0.1446
v 0.9072 5.3067 -0.0466
v 0.8991 5.3143 -0.2233
v 0.7523 4.9425 0.6890
v 0.2321 4.9525 -0.5555
v 0.2574 4.8159 0.9302
v 0.6684 4.8798 0.7720
v 0.6472 5.0484 -0.5426
v -0.4685 4.8527 0.8799
v -0.4682 4.9684 -0.5735
v -0.8156 5.0323 0.5845
v -0.8805 5.2479 -0.3792
v -0.8015 5.1393 -0.4806
v -0.8383 5.1187 0.4440
v -0.8638 5.1896 0.2959
v -0.8937 5.2564 0.1332
v -0.9150 5.3042 -0.0577
v -0.9126 5.3063 -0.2332
v -0.7628 4.9478 0.7033
v -0.2476 4.9462 -0.5597
v -0.0068 4.8296 0.9273
v -0.2364 4.8342 0.9212
v -0.6520 4.8814 0.8015
v -0.6609 5.0317 -0.5500
v -0.0335 -0.1649 1.5672
v 1.0109 -0.6056 1.5907
v 0.7768 -0.5115 1.6040
v 0.5225 -0.4057 1.6039
v 1.6740 -0.8186 1.2443
v 1.5499 -0.7901 1.3817
v 1.4030 -0.7461 1.4879
v 0.2466 -0.2900 1.5914
v 1.2226 -0.6847 1.5558
v 1.7887 -0.8352 1.0933
v 2.0214 -0.8494 0.6376
v 1.9709 -0.8474 0.7967
v 1.8773 -0.8659 -0.0246
v 1.9577 -0.8677 0.1381
v 2.0132 -0.8629 0.3164
v 2.0383 -0.8546 0.4759
v 1.8931 -0.8439 0.9435
v 1.1043 -0.5541 -0.8968
v 0.8977 -0.4457 -0.9807
v 0.6666 -0.3363 -1.0050
v 0.4096 -0.2240 -0.9781
v 0.1685 -0.1027 -0.9510
v 1.7641 -0.8476 -0.2059
v 1.6233 -0.8068 -0.3959
v 1.4651 -0.7413 -0.5869
v 1.2884 -0.6552 -0.7587
v -0.5581 0.1075 1.5021
v -0.3022 -0.0313 1.5363
v -1.2886 0.5804 1.3347
v -1.1742 0.4904 1.3919
v -1.0051 0.3766 1.4303
v -1.3749 0.8058 1.0042
v -1.3599 0.7566 1.0939
v -1.3599 0.7047 1.1787
v -0.7954 0.2459 1.4660
v -1.3454 0.6484 1.2606
v -1.4242 0.8511 0.9032
v -1.5860 0.9504 0.5386
v -1.5465 0.9253 0.6676
v -1.5733 0.9484 -0.0123
v -1.6029 0.9635 0.1298
v -1.6136 0.9693 0.2680
v -1.6078 0.9650 0.4058
v -1.4891 0.8913 0.7908
v -1.0682 0.6860 -0.8114
v -0.9026 0.5774 -0.8977
v -0.7188 0.4519 -0.9323
v -0.5175 0.3143 -0.9337
v -0.3011 0.1706 -0.9277
v -0.0705 0.0292 -0.9310
v -1.5218 0.9246 -0.1645
v -1.4452 0.8907 -0.3316
v -1.3424 0.8424 -0.5085
v -1.2233 0.7824 -0.6863
v 1.4313 4.7498 0.7855
v 1.4155 4.9097 0.6685
v 1.4048 5.0224 0.5333
v 1.3910 5.1278 0.3530
v 1.3808 5.1911 0.1494
v 1.3683 5.2021 -0.0500
v 1.3562 5.1701 -0.2098
v 1.3307 5.1029 -0.3536
v 1.2970 4.9645 -0.4530
v 1.2762 4.8001 -0.5291
v 1.2656 4.6073 -0.5753
v 1.2495 4.3884 -0.5794
v 1.2650 4.1501 -0.5365
v 1.2779 3.9182 -0.4447
v 1.3314 3.7270 -0.2928
v 1.4206 3.6272 -0.0606
v 1.4771 3.6184 0.1676
v 1.4852 3.6727 0.3965
v 1.4866 3.8168 0.6189
v 1.4955 4.0478 0.7734
v 1.4835 4.3005 0.8472
v 1.4511 4.5562 0.8575
v -1.4879 4.0476 0.7594
v -1.4801 3.8101 0.5909
v -1.4802 3.6618 0.3549
v -1.4666 3.6008 0.1154
v -1.3991 3.6027 -0.1207
v -1.3119 3.6992 -0.3405
v -1.2665 3.8892 -0.4738
v -1.2688 4.1228 -0.5398
v -1.2631 4.3633 -0.5727
v -1.2793 4.5861 -0.5721
v -1.2877 4.7822 -0.5304
v -1.3069 4.9499 -0.4574
v -1.3409 5.0902 -0.3610
v -1.3667 5.1610 -0.2179
v -1.3789 5.1979 -0.0572
v -1.3934 5.1901 0.1407
v -1.4030 5.1286 0.3474
v -1.4156 5.0241 0.5289
v -1.4237 4.9117 0.6653
v -1.4343 4.7520 0.7811
v -1.4484 4.5577 0.8487
v -1.4764 4.3060 0.8366
v 1.9770 -0.8670 0.1993
v 1.9568 -0.8696 0.1704
v 0.5107 4.8219 0.8475
v 0.4232 4.8079 0.8873
v 0.4245 4.8156 0.8671
v -1.0130 5.3383 -0.0232
v -1.1132 5.3121 -0.0260
v -1.2231 5.2737 -0.0252
v -0.8608 5.3655 -0.0275
v -1.3665 5.2509 -0.0341
v -1.4567 5.2329 -0.0389
v -0.9317 5.3450 -0.0265
v -0.9193 5.3583 -0.0258
v -1.3913 5.2534 -0.0356
v -1.3506 5.2655 -0.0341
v -0.9521 5.3548 -0.0241
v -0.8531 5.3070 -0.0371
v -1.4371 5.1766 -0.0335
v -0.9123 5.2982 -0.0339
v -1.3807 5.1969 -0.0325
v -1.0149 5.3428 -0.0738
v -1.1122 5.3158 -0.0770
v -1.2217 5.2737 -0.0751
v -0.8645 5.3727 -0.0760
v -1.3654 5.2473 -0.0838
v -1.4543 5.2267 -0.0861
v -0.9341 5.3507 -0.0754
v -0.9222 5.3643 -0.0752
v -1.3901 5.2491 -0.0852
v -1.3497 5.2624 -0.0846
v -0.9547 5.3602 -0.0742
v -0.8556 5.3140 -0.0816
v -1.4332 5.1715 -0.0770
v -0.9147 5.3045 -0.0796
v -1.3774 5.1933 -0.0773
v -0.9501 2.6672 -0.3723
v -0.9865 2.8388 -0.3741
v -1.0278 3.0228 -0.3897
v -1.0737 3.2177 -0.4122
v -1.1264 3.4103 -0.4441
v -1.1846 3.5918 -0.4365
v -1.3133 3.7021 -0.4081
v -1.2605 0.7464 -0.7454
v -0.9180 2.5051 -0.3848
v -0.8883 2.3486 -0.4019
v -0.8610 2.1958 -0.4141
v -0.8380 2.0452 -0.4239
v -0.8220 1.8950 -0.4372
v -0.8163 1.7439 -0.4562
v -0.8240 1.5942 -0.4848
v -0.8500 1.4423 -0.5211
v -0.8975 1.2970 -0.5691
v -0.9643 1.1648 -0.6234
v -1.0453 1.0420 -0.6734
v -1.1298 0.9271 -0.7096
v -1.2020 0.8228 -0.7275
v -1.3819 3.7057 -0.3933
v -1.3341 3.6992 -0.4098
v -1.2985 3.6814 -0.4210
v -1.2326 0.7162 -0.7020
v -1.3617 3.7447 -0.3532
v -1.1972 0.7638 -0.6927
v -1.3062 3.7229 -0.3571
v -0.9833 2.6631 -0.3422
v -1.0200 2.8316 -0.3421
v -1.0618 3.0120 -0.3554
v -1.1086 3.2019 -0.3747
v -1.1629 3.3854 -0.4020
v -1.2157 3.5507 -0.3900
v -1.3286 3.6630 -0.3632
v -1.2969 0.7650 -0.7048
v -0.9513 2.5041 -0.3567
v -0.9219 2.3510 -0.3760
v -0.8955 2.2016 -0.3909
v -0.8735 2.0544 -0.4034
v -0.8587 1.9075 -0.4187
v -0.8541 1.7594 -0.4383
v -0.8630 1.6126 -0.4667
v -0.8897 1.4622 -0.5005
v -0.9374 1.3174 -0.5449
v -1.0036 1.1853 -0.5957
v -1.0838 1.0624 -0.6425
v -1.1676 0.9471 -0.6759
v -1.2389 0.8422 -0.6902
v -1.3976 3.6668 -0.3483
v -1.3497 3.6598 -0.3644
v -1.3164 3.6415 -0.3752
v -1.2661 0.7351 -0.6632
v -1.3781 3.7100 -0.3128
v -1.2315 0.7833 -0.6549
v -1.3228 3.6871 -0.3130
v -1.4888 1.5298 0.3021
v -1.3222 2.1131 0.3103
v -1.4752 1.6835 0.3001
v -1.3805 1.8093 0.3077
v -1.3857 1.9716 0.3043
v -1.4515 1.5161 0.3035
v -1.2830 2.1062 0.3133
v -1.4353 1.5580 0.3038
v -1.2921 2.0622 0.3115
v -1.4846 1.5277 0.2267
v -1.3135 2.1125 0.2333
v -1.4700 1.6822 0.2218
v -1.3751 1.8083 0.2327
v -1.3786 1.9709 0.2259
v -1.4476 1.5139 0.2310
v -1.2747 2.1053 0.2389
v -1.4311 1.5557 0.2302
v -1.2844 2.0615 0.2396
vt 0.0828 0.2023
vt 0.0716 0.2019
vt 0.0617 0.1673
vt 0.0728 0.1669
vt 0.1050 0.7272
vt 0.0919 0.7260
vt 0.1019 0.6860
vt 0.1141 0.6877
vt 0.0834 0.8021
vt 0.0702 0.8035
vt 0.0815 0.7661
vt 0.0948 0.7660
vt 0.1279 0.4883
vt 0.1162 0.4884
vt 0.1148 0.4591
vt 0.1264 0.4583
vt 0.0926 0.2400
vt 0.0811 0.2397
vt 0.0718 0.8338
vt 0.0596 0.8352
vt 0.1289 0.5180
vt 0.1168 0.5174
vt 0.1017 0.2784
vt 0.0900 0.2785
vt 0.0612 0.8625
vt 0.0490 0.8623
vt 0.1292 0.5480
vt 0.1170 0.5472
vt 0.1095 0.3166
vt 0.0978 0.3173
vt 0.0499 0.8889
vt 0.0384 0.8860
vt 0.1288 0.5799
vt 0.1162 0.5788
vt 0.1158 0.3543
vt 0.1045 0.3553
vt 0.0441 0.9009
vt 0.0310 0.8971
vt 0.1260 0.6141
vt 0.1135 0.6126
vt 0.1205 0.3909
vt 0.1091 0.3921
vt 0.0581 0.1217
vt 0.0449 0.1245
vt 0.0381 0.1118
vt 0.0532 0.1080
vt 0.1209 0.6512
vt 0.1087 0.6491
vt 0.1240 0.4259
vt 0.1123 0.4271
vt 0.0516 0.1372
vt 0.0631 0.1355
vt 0.1610 0.4577
vt 0.1497 0.4577
vt 0.1472 0.4242
vt 0.1583 0.4238
vt 0.1381 0.4578
vt 0.1356 0.4249
vt 0.1301 0.7697
vt 0.1189 0.7677
vt 0.1293 0.7302
vt 0.1414 0.7324
vt 0.1071 0.7666
vt 0.1171 0.7286
vt 0.1497 0.6940
vt 0.1379 0.6916
vt 0.1447 0.6530
vt 0.1563 0.6540
vt 0.1261 0.6894
vt 0.1327 0.6523
vt 0.1067 0.1666
vt 0.0955 0.1665
vt 0.0873 0.1336
vt 0.0992 0.1336
vt 0.0842 0.1666
vt 0.0752 0.1342
vt 0.1431 0.3887
vt 0.1546 0.3875
vt 0.1317 0.3898
vt 0.1505 0.6149
vt 0.1626 0.6150
vt 0.1382 0.6148
vt 0.0989 0.1183
vt 0.0855 0.1187
vt 0.0837 0.1038
vt 0.0986 0.1029
vt 0.0722 0.1205
vt 0.0692 0.1067
vt 0.1386 0.3520
vt 0.1503 0.3508
vt 0.1271 0.3532
vt 0.1537 0.5803
vt 0.1658 0.5799
vt 0.1412 0.5802
vt 0.0846 0.9074
vt 0.0712 0.9056
vt 0.0741 0.8922
vt 0.0863 0.8934
vt 0.0580 0.9031
vt 0.0620 0.8903
vt 0.1330 0.3148
vt 0.1445 0.3137
vt 0.1213 0.3157
vt 0.1535 0.5483
vt 0.1653 0.5476
vt 0.1412 0.5482
vt 0.0845 0.8642
vt 0.0962 0.8644
vt 0.0727 0.8639
vt 0.1250 0.2776
vt 0.1365 0.2770
vt 0.1134 0.2780
vt 0.1528 0.5178
vt 0.1646 0.5176
vt 0.1409 0.5179
vt 0.0962 0.8339
vt 0.1076 0.8347
vt 0.0841 0.8336
vt 0.1156 0.2400
vt 0.1268 0.2399
vt 0.1041 0.2400
vt 0.1514 0.4883
vt 0.1630 0.4882
vt 0.1396 0.4882
vt 0.1079 0.8025
vt 0.1186 0.8037
vt 0.0961 0.8012
vt 0.1053 0.2023
vt 0.1162 0.2022
vt 0.0940 0.2024
vt 0.1465 0.7339
vt 0.1350 0.7715
vt 0.1235 0.8057
vt 0.1123 0.8366
vt 0.1010 0.8664
vt 0.0914 0.8947
vt 0.0890 0.9082
vt 0.1024 0.1030
vt 0.1035 0.1179
vt 0.1045 0.1327
vt 0.1116 0.1652
vt 0.1210 0.2007
vt 0.1316 0.2385
vt 0.1414 0.2758
vt 0.1495 0.3128
vt 0.1554 0.3501
vt 0.1596 0.3870
vt 0.1634 0.4234
vt 0.1660 0.4574
vt 0.1681 0.4878
vt 0.1697 0.5172
vt 0.1705 0.5473
vt 0.1709 0.5798
vt 0.1678 0.6156
vt 0.1612 0.6548
vt 0.1548 0.6950
vt 0.0763 0.7647
vt 0.0867 0.7248
vt 0.0652 0.8019
vt 0.0546 0.8334
vt 0.0442 0.8602
vt 0.0339 0.8835
vt 0.0310 0.8971
vt 0.0237 0.9082
vt 0.0206 0.9060
vt 0.0272 0.8948
vt 0.0449 0.1245
vt 0.0516 0.1372
vt 0.0468 0.1393
vt 0.0408 0.1265
vt 0.0568 0.1689
vt 0.0668 0.2033
vt 0.0762 0.2409
vt 0.0850 0.2796
vt 0.0928 0.3183
vt 0.0993 0.3562
vt 0.1040 0.3928
vt 0.1070 0.4277
vt 0.1096 0.4596
vt 0.1110 0.4885
vt 0.1114 0.5173
vt 0.1115 0.5469
vt 0.1105 0.5783
vt 0.1078 0.6120
vt 0.1031 0.6483
vt 0.0963 0.6847
vt 0.1521 0.7354
vt 0.1404 0.7735
vt 0.1287 0.8079
vt 0.1174 0.8387
vt 0.1062 0.8683
vt 0.0969 0.8965
vt 0.0936 0.9096
vt 0.1063 0.1024
vt 0.1083 0.1170
vt 0.1103 0.1316
vt 0.1170 0.1639
vt 0.1262 0.1992
vt 0.1368 0.2371
vt 0.1467 0.2745
vt 0.1549 0.3118
vt 0.1609 0.3493
vt 0.1651 0.3865
vt 0.1688 0.4231
vt 0.1715 0.4572
vt 0.1737 0.4875
vt 0.1753 0.5167
vt 0.1763 0.5467
vt 0.1766 0.5798
vt 0.1734 0.6161
vt 0.1668 0.6558
vt 0.1603 0.6961
vt 0.0706 0.7633
vt 0.0811 0.7234
vt 0.0597 0.8006
vt 0.0492 0.8317
vt 0.0388 0.8581
vt 0.0288 0.8809
vt 0.0173 0.9037
vt 0.0231 0.8923
vt 0.0415 0.1413
vt 0.0364 0.1285
vt 0.0515 0.1705
vt 0.0614 0.2047
vt 0.0708 0.2421
vt 0.0796 0.2807
vt 0.0873 0.3193
vt 0.0938 0.3571
vt 0.0984 0.3936
vt 0.1014 0.4284
vt 0.1039 0.4602
vt 0.1053 0.4887
vt 0.1056 0.5172
vt 0.1059 0.5466
vt 0.1047 0.5776
vt 0.1020 0.6112
vt 0.0972 0.6473
vt 0.0905 0.6833
vt 0.9181 0.5408
vt 0.9277 0.5515
vt 0.9117 0.5657
vt 0.9025 0.5543
vt 0.8758 0.4005
vt 0.8846 0.3939
vt 0.8929 0.4144
vt 0.8842 0.4196
vt 0.8550 0.4413
vt 0.8435 0.4493
vt 0.8319 0.4301
vt 0.8439 0.4217
vt 0.9093 0.5064
vt 0.9222 0.5181
vt 0.9071 0.5293
vt 0.8954 0.5167
vt 0.8997 0.3777
vt 0.9071 0.3693
vt 0.9145 0.3893
vt 0.9070 0.3980
vt 0.9609 0.3642
vt 0.9507 0.3673
vt 0.9418 0.3460
vt 0.9517 0.3428
vt 0.8924 0.3861
vt 0.9001 0.4067
vt 0.8550 0.4413
vt 0.8659 0.4342
vt 0.8778 0.4525
vt 0.8671 0.4603
vt 0.8555 0.4142
vt 0.8450 0.3938
vt 0.8561 0.3865
vt 0.8661 0.4073
vt 0.8577 0.4955
vt 0.8692 0.4865
vt 0.8828 0.5026
vt 0.8703 0.5126
vt 0.4625 0.5670
vt 0.4600 0.5691
vt 0.4476 0.5582
vt 0.4502 0.5567
vt 0.9737 0.4419
vt 0.9832 0.4444
vt 0.9831 0.4629
vt 0.9735 0.4583
vt 0.4537 0.5738
vt 0.4404 0.5603
vt 0.4758 0.5802
vt 0.4733 0.5824
vt 0.9732 0.4239
vt 0.9828 0.4239
vt 0.4678 0.5893
vt 0.4884 0.5961
vt 0.4857 0.5988
vt 0.9716 0.4045
vt 0.9812 0.4027
vt 0.4798 0.6127
vt 0.5012 0.6117
vt 0.4986 0.6147
vt 0.5151 0.6254
vt 0.5130 0.6287
vt 0.4942 0.6283
vt 0.5099 0.6425
vt 0.9401 0.4095
vt 0.9370 0.3937
vt 0.9468 0.3901
vt 0.9505 0.4077
vt 0.9356 0.4339
vt 0.9490 0.4372
vt 0.9466 0.4499
vt 0.9324 0.4447
vt 0.9385 0.4228
vt 0.9503 0.4232
vt 0.9571 0.3872
vt 0.9612 0.4061
vt 0.9466 0.4499
vt 0.9609 0.4542
vt 0.9586 0.4679
vt 0.9434 0.4621
vt 0.9735 0.4583
vt 0.9716 0.4738
vt 0.9622 0.4395
vt 0.9624 0.4234
vt 0.9673 0.3846
vt 0.9314 0.4107
vt 0.9280 0.3981
vt 0.9196 0.4359
vt 0.9237 0.4274
vt 0.9275 0.4186
vt 0.9141 0.4150
vt 0.9082 0.4240
vt 0.9149 0.3618
vt 0.9225 0.3818
vt 0.9001 0.4067
vt 0.9070 0.3980
vt 0.9203 0.4060
vt 0.8907 0.4706
vt 0.8806 0.4783
vt 0.8320 0.4583
vt 0.8202 0.4399
vt 0.3375 0.6959
vt 0.3476 0.6764
vt 0.3627 0.6910
vt 0.3507 0.7069
vt 0.8492 0.0469
vt 0.8461 0.0492
vt 0.8400 0.0387
vt 0.8429 0.0360
vt 0.3334 0.6303
vt 0.3409 0.6325
vt 0.3433 0.6528
vt 0.3337 0.6489
vt 0.3498 0.6329
vt 0.3551 0.6510
vt 0.3639 0.6682
vt 0.3476 0.6764
vt 0.3778 0.6805
vt 0.3690 0.6491
vt 0.3821 0.6598
vt 0.3965 0.6658
vt 0.3499 0.6156
vt 0.3602 0.6178
vt 0.3609 0.6340
vt 0.3498 0.6329
vt 0.3348 0.6124
vt 0.3417 0.6139
vt 0.4055 0.5563
vt 0.3935 0.5679
vt 0.3843 0.5585
vt 0.3971 0.5476
vt 0.3779 0.5335
vt 0.3870 0.5385
vt 0.3741 0.5508
vt 0.3659 0.5462
vt 0.3628 0.5643
vt 0.3549 0.5602
vt 0.3529 0.5792
vt 0.3456 0.5761
vt 0.3454 0.5962
vt 0.3385 0.5945
vt 0.3730 0.5705
vt 0.3626 0.5837
vt 0.3549 0.5996
vt 0.3838 0.5787
vt 0.3733 0.5900
vt 0.3649 0.6027
vt 0.4097 0.5371
vt 0.4221 0.5483
vt 0.3887 0.5208
vt 0.3996 0.5251
vt 0.9675 0.4890
vt 0.9801 0.4958
vt 0.9732 0.5120
vt 0.9602 0.5035
vt 0.9625 0.5271
vt 0.9492 0.5171
vt 0.9469 0.5392
vt 0.9348 0.5291
vt 0.1771 0.0771
vt 0.1957 0.0900
vt 0.1911 0.0954
vt 0.1740 0.0824
vt 0.4261 0.5278
vt 0.4228 0.5292
vt 0.4097 0.5090
vt 0.4125 0.5076
vt 0.4377 0.5447
vt 0.4349 0.5459
vt 0.9716 0.4738
vt 0.9823 0.4798
vt 0.9213 0.4956
vt 0.9357 0.5066
vt 0.9402 0.4745
vt 0.9544 0.4814
vt 0.9465 0.4944
vt 0.9312 0.4848
vt 0.9065 0.4835
vt 0.8954 0.4934
vt 0.8760 0.4272
vt 0.8661 0.4073
vt 0.8555 0.4142
vt 0.8559 0.4682
vt 0.8446 0.4769
vt 0.8559 0.4682
vt 0.9313 0.3759
vt 0.9233 0.3555
vt 0.3054 0.7304
vt 0.3168 0.7101
vt 0.3265 0.7157
vt 0.3150 0.7358
vt 0.3392 0.7246
vt 0.3286 0.7437
vt 0.8927 0.5417
vt 0.8819 0.5279
vt 0.9349 0.5606
vt 0.9444 0.5541
vt 0.9528 0.5611
vt 0.9436 0.5689
vt 0.8662 0.3793
vt 0.9265 0.5835
vt 0.9190 0.5747
vt 0.9407 0.3711
vt 0.9323 0.3502
vt 0.9302 0.3230
vt 0.9398 0.3197
vt 0.8090 0.4212
vt 0.8210 0.4110
vt 0.8752 0.3720
vt 0.4292 0.7738
vt 0.4087 0.7649
vt 0.4187 0.7503
vt 0.4391 0.7599
vt 0.9047 0.3394
vt 0.9126 0.3328
vt 0.3269 0.6903
vt 0.5246 0.7546
vt 0.5032 0.7488
vt 0.5139 0.7360
vt 0.5346 0.7420
vt 0.5681 0.6750
vt 0.5641 0.6881
vt 0.5430 0.6789
vt 0.5460 0.6652
vt 0.9709 0.3612
vt 0.9617 0.3398
vt 0.8331 0.4018
vt 0.9773 0.3819
vt 0.9673 0.3846
vt 0.9211 0.3273
vt 0.5484 0.6523
vt 0.5711 0.6628
vt 0.5269 0.6546
vt 0.5292 0.6411
vt 0.9499 0.3168
vt 0.0511 0.0161
vt 0.0506 0.0240
vt 0.0384 0.0203
vt 0.0373 0.0127
vt 0.8974 0.3471
vt 0.9792 0.3580
vt 0.9701 0.3370
vt 0.9853 0.3787
vt 0.3342 0.6703
vt 0.5497 0.6490
vt 0.5723 0.6595
vt 0.4639 0.8024
vt 0.4726 0.7880
vt 0.4952 0.7938
vt 0.4865 0.8080
vt 0.8831 0.3640
vt 0.8903 0.3555
vt 0.4094 0.6739
vt 0.3926 0.6897
vt 0.4391 0.7064
vt 0.4242 0.7140
vt 0.4070 0.7010
vt 0.4205 0.6888
vt 0.4070 0.7010
vt 0.3941 0.7146
vt 0.3782 0.7034
vt 0.3926 0.6897
vt 0.3715 0.7452
vt 0.3546 0.7347
vt 0.3657 0.7181
vt 0.3822 0.7292
vt 0.3617 0.7623
vt 0.3443 0.7527
vt 0.4566 0.7180
vt 0.4421 0.7274
vt 0.4114 0.7260
vt 0.3896 0.7553
vt 0.3999 0.7400
vt 0.3801 0.7719
vt 0.4187 0.7503
vt 0.3999 0.7400
vt 0.4114 0.7260
vt 0.4296 0.7378
vt 0.4622 0.7362
vt 0.4501 0.7475
vt 0.3996 0.7809
vt 0.5083 0.6588
vt 0.4937 0.6472
vt 0.4755 0.7247
vt 0.4603 0.7677
vt 0.4711 0.7551
vt 0.4826 0.7429
vt 0.4505 0.7814
vt 0.4418 0.7962
vt 0.4204 0.7890
vt 0.4822 0.7744
vt 0.4925 0.7615
vt 0.5046 0.7802
vt 0.5144 0.7672
vt 0.5032 0.7488
vt 0.4726 0.7880
vt 0.3657 0.7181
vt 0.3782 0.7034
vt 0.4944 0.7303
vt 0.5590 0.7017
vt 0.5387 0.6934
vt 0.5209 0.6852
vt 0.5246 0.6694
vt 0.5054 0.6766
vt 0.5083 0.6588
vt 0.4592 0.6916
vt 0.4572 0.6887
vt 0.4628 0.6710
vt 0.4678 0.6730
vt 0.4920 0.6674
vt 0.4806 0.6597
vt 0.4810 0.6375
vt 0.4937 0.6472
vt 0.4865 0.6879
vt 0.4765 0.6812
vt 0.4747 0.7065
vt 0.4635 0.7008
vt 0.4892 0.7110
vt 0.4994 0.6945
vt 0.5149 0.7013
vt 0.5057 0.7166
vt 0.5324 0.7083
vt 0.5239 0.7226
vt 0.5522 0.7155
vt 0.5440 0.7290
vt 0.4350 0.5656
vt 0.4335 0.5678
vt 0.4231 0.5681
vt 0.4214 0.5608
vt 0.4265 0.6543
vt 0.4316 0.6515
vt 0.4407 0.6691
vt 0.4347 0.6716
vt 0.3822 0.6428
vt 0.3846 0.6380
vt 0.3999 0.6320
vt 0.3999 0.6406
vt 0.4165 0.6401
vt 0.4205 0.6350
vt 0.3710 0.6204
vt 0.3750 0.6208
vt 0.3757 0.6317
vt 0.3721 0.6331
vt 0.4436 0.6878
vt 0.4406 0.6932
vt 0.4106 0.5693
vt 0.4138 0.5719
vt 0.4086 0.5831
vt 0.4048 0.5811
vt 0.4013 0.5962
vt 0.3968 0.5919
vt 0.3886 0.6036
vt 0.3843 0.5975
vt 0.4612 0.5917
vt 0.4573 0.5942
vt 0.4448 0.5807
vt 0.4475 0.5783
vt 0.3781 0.6099
vt 0.3749 0.6081
vt 0.4663 0.6506
vt 0.4707 0.6521
vt 0.4717 0.6093
vt 0.4663 0.6102
vt 0.4728 0.6305
vt 0.4683 0.6295
vt 0.8868 0.5673
vt 0.8950 0.5794
vt 0.7705 0.4890
vt 0.7831 0.5024
vt 0.7758 0.5099
vt 0.7621 0.4966
vt 0.8106 0.4779
vt 0.7981 0.4607
vt 0.8087 0.4500
vt 0.8209 0.4679
vt 0.8548 0.5501
vt 0.8682 0.5387
vt 0.8778 0.5536
vt 0.8631 0.5655
vt 0.7430 0.5088
vt 0.7567 0.5200
vt 0.7458 0.5253
vt 0.7328 0.5145
vt 0.6996 0.5627
vt 0.6862 0.5508
vt 0.6952 0.5434
vt 0.7086 0.5549
vt 0.8261 0.5223
vt 0.8340 0.5417
vt 0.8212 0.5485
vt 0.8171 0.5284
vt 0.7669 0.5153
vt 0.7529 0.5030
vt 0.8106 0.4779
vt 0.8233 0.4956
vt 0.8135 0.5046
vt 0.8014 0.4875
vt 0.7884 0.4712
vt 0.7793 0.4808
vt 0.7666 0.4653
vt 0.7762 0.4548
vt 0.8577 0.5224
vt 0.8460 0.5044
vt 0.7921 0.6120
vt 0.8115 0.6167
vt 0.8150 0.6279
vt 0.7943 0.6203
vt 0.7712 0.5969
vt 0.7896 0.6018
vt 0.7921 0.6120
vt 0.7705 0.6061
vt 0.8165 0.6368
vt 0.7935 0.6265
vt 0.7693 0.6133
vt 0.7518 0.5911
vt 0.7471 0.5999
vt 0.7657 0.6182
vt 0.7410 0.6066
vt 0.7325 0.5834
vt 0.7251 0.5914
vt 0.7291 0.6120
vt 0.7161 0.5980
vt 0.6961 0.5880
vt 0.7062 0.5813
vt 0.7033 0.6039
vt 0.6837 0.5942
vt 0.7898 0.5576
vt 0.8017 0.5548
vt 0.8028 0.5739
vt 0.7896 0.5735
vt 0.7529 0.5548
vt 0.7465 0.5646
vt 0.7317 0.5566
vt 0.7395 0.5479
vt 0.7782 0.5576
vt 0.7761 0.5721
vt 0.7664 0.5572
vt 0.7617 0.5690
vt 0.7396 0.5743
vt 0.7235 0.5653
vt 0.8039 0.5905
vt 0.7889 0.5888
vt 0.8071 0.6047
vt 0.7896 0.6018
vt 0.7731 0.5855
vt 0.7565 0.5807
vt 0.7151 0.5737
vt 0.7575 0.5464
vt 0.7474 0.5402
vt 0.7858 0.5421
vt 0.7764 0.5438
vt 0.7666 0.5449
vt 0.7788 0.5277
vt 0.7891 0.5231
vt 0.7945 0.5394
vt 0.7858 0.5421
vt 0.7686 0.5312
vt 0.7356 0.5314
vt 0.7227 0.5209
vt 0.7567 0.5200
vt 0.7579 0.5347
vt 0.8357 0.5139
vt 0.8261 0.5223
vt 0.7923 0.4960
vt 0.8041 0.5129
vt 0.7925 0.5130
vt 0.7831 0.5024
vt 0.2941 0.7768
vt 0.3096 0.7826
vt 0.3001 0.8001
vt 0.2795 0.7951
vt 0.2331 0.7955
vt 0.2510 0.7931
vt 0.2549 0.8008
vt 0.2345 0.8025
vt 0.2539 0.8118
vt 0.2343 0.8110
vt 0.2795 0.7951
vt 0.2753 0.8118
vt 0.2949 0.8167
vt 0.2710 0.8270
vt 0.2517 0.8240
vt 0.2901 0.8328
vt 0.2163 0.8098
vt 0.2343 0.8110
vt 0.2331 0.8217
vt 0.2150 0.8201
vt 0.2159 0.7953
vt 0.2162 0.8019
vt 0.8487 0.6656
vt 0.8604 0.6620
vt 0.8699 0.6783
vt 0.8597 0.6826
vt 0.8833 0.6592
vt 0.8896 0.6744
vt 0.8811 0.6756
vt 0.8737 0.6594
vt 0.8963 0.6898
vt 0.8888 0.6917
vt 0.9034 0.7054
vt 0.8968 0.7074
vt 0.9100 0.7194
vt 0.9122 0.7226
vt 0.9075 0.7251
vt 0.9044 0.7214
vt 0.2013 0.7928
vt 0.2010 0.7988
vt 0.8794 0.6949
vt 0.8884 0.7111
vt 0.8994 0.7295
vt 0.8967 0.7255
vt 0.2006 0.8079
vt 0.8702 0.6993
vt 0.8798 0.7158
vt 0.8897 0.7344
vt 0.8878 0.7304
vt 0.1989 0.8184
vt 0.8551 0.6452
vt 0.8377 0.6477
vt 0.8801 0.6437
vt 0.8698 0.6419
vt 0.8240 0.6045
vt 0.8400 0.6001
vt 0.8467 0.6146
vt 0.8292 0.6187
vt 0.8559 0.5918
vt 0.8633 0.6067
vt 0.8711 0.5800
vt 0.8786 0.5931
vt 0.3162 0.2151
vt 0.3107 0.2184
vt 0.2972 0.2008
vt 0.3028 0.1960
vt 0.8710 0.6218
vt 0.8527 0.6290
vt 0.8344 0.6326
vt 0.8130 0.5595
vt 0.8212 0.5485
vt 0.8286 0.5675
vt 0.8160 0.5740
vt 0.8071 0.6047
vt 0.8115 0.6167
vt 0.8414 0.5596
vt 0.8414 0.5596
vt 0.8486 0.5765
vt 0.8337 0.5848
vt 0.8188 0.5898
vt 0.8461 0.5330
vt 0.7793 0.4808
vt 0.7884 0.4712
vt 0.8041 0.5129
vt 0.8092 0.5320
vt 0.8011 0.5245
vt 0.8011 0.5245
vt 0.8018 0.5356
vt 0.8099 0.5435
vt 0.8336 0.4861
vt 0.8336 0.4861
vt 0.7264 0.5388
vt 0.7133 0.5280
vt 0.3052 0.7568
vt 0.2957 0.7514
vt 0.3189 0.7634
vt 0.8858 0.6027
vt 0.9020 0.5879
vt 0.9093 0.5963
vt 0.8940 0.6114
vt 0.7575 0.4745
vt 0.7175 0.5468
vt 0.7042 0.5357
vt 0.6745 0.5388
vt 0.6834 0.5315
vt 0.7973 0.4321
vt 0.7486 0.4828
vt 0.4130 0.8053
vt 0.4074 0.8219
vt 0.3856 0.8153
vt 0.3919 0.7979
vt 0.7011 0.5165
vt 0.7104 0.5093
vt 0.2849 0.7704
vt 0.4635 0.8679
vt 0.4608 0.8841
vt 0.4433 0.8811
vt 0.4445 0.8644
vt 0.6445 0.5596
vt 0.6558 0.5712
vt 0.6433 0.5781
vt 0.6324 0.5669
vt 0.6903 0.5700
vt 0.6769 0.5579
vt 0.3858 0.3865
vt 0.3786 0.3870
vt 0.3748 0.3664
vt 0.3829 0.3656
vt 0.7863 0.4434
vt 0.7062 0.5813
vt 0.7151 0.5737
vt 0.6922 0.5240
vt 0.6669 0.5646
vt 0.6554 0.5527
vt 0.6684 0.5831
vt 0.6801 0.5767
vt 0.6653 0.5458
vt 0.3898 0.4338
vt 0.3836 0.4340
vt 0.3817 0.4109
vt 0.3883 0.4102
vt 0.3777 0.3491
vt 0.3703 0.3498
vt 0.7200 0.5026
vt 0.2707 0.7861
vt 0.4787 0.8226
vt 0.4565 0.8174
vt 0.7394 0.4900
vt 0.7298 0.4964
vt 0.3099 0.8412
vt 0.3144 0.8246
vt 0.3580 0.8650
vt 0.3319 0.8519
vt 0.3351 0.8343
vt 0.3570 0.8448
vt 0.3351 0.8343
vt 0.3144 0.8246
vt 0.3196 0.8076
vt 0.3395 0.8164
vt 0.3531 0.7804
vt 0.3455 0.7985
vt 0.3270 0.7898
vt 0.3352 0.7714
vt 0.3825 0.8678
vt 0.3803 0.8499
vt 0.3600 0.8257
vt 0.3720 0.7895
vt 0.3651 0.8074
vt 0.3856 0.8153
vt 0.3816 0.8326
vt 0.3600 0.8257
vt 0.3651 0.8074
vt 0.4030 0.8555
vt 0.4040 0.8386
vt 0.6832 0.6093
vt 0.6681 0.6006
vt 0.4044 0.8729
vt 0.4291 0.8278
vt 0.4257 0.8439
vt 0.4244 0.8603
vt 0.4345 0.8118
vt 0.4507 0.8329
vt 0.4468 0.8485
vt 0.4722 0.8373
vt 0.4672 0.8524
vt 0.4445 0.8644
vt 0.4565 0.8174
vt 0.3270 0.7898
vt 0.3196 0.8076
vt 0.4246 0.8773
vt 0.6298 0.5857
vt 0.6191 0.5747
vt 0.6550 0.5898
vt 0.6404 0.5975
vt 0.6681 0.6006
vt 0.6516 0.6088
vt 0.6525 0.6619
vt 0.6553 0.6648
vt 0.6537 0.6673
vt 0.6513 0.6664
vt 0.6630 0.6182
vt 0.6832 0.6093
vt 0.6977 0.6158
vt 0.6733 0.6253
vt 0.6453 0.6304
vt 0.6540 0.6394
vt 0.6335 0.6448
vt 0.6427 0.6565
vt 0.3884 0.8867
vt 0.3704 0.8857
vt 0.4071 0.8906
vt 0.6359 0.6191
vt 0.6239 0.6307
vt 0.6259 0.6066
vt 0.6138 0.6162
vt 0.4255 0.8941
vt 0.6158 0.5943
vt 0.6035 0.6029
vt 0.4428 0.8974
vt 0.6054 0.5832
vt 0.5929 0.5911
vt 0.6035 0.6029
vt 0.5997 0.6057
vt 0.5893 0.5940
vt 0.4588 0.9000
vt 0.8281 0.6599
vt 0.8250 0.6627
vt 0.8116 0.6481
vt 0.8135 0.6456
vt 0.3236 0.8662
vt 0.3213 0.8705
vt 0.3012 0.8595
vt 0.3032 0.8551
vt 0.2650 0.8402
vt 0.2636 0.8445
vt 0.2461 0.8395
vt 0.2470 0.8356
vt 0.2818 0.8514
vt 0.2835 0.8469
vt 0.2299 0.8329
vt 0.2292 0.8367
vt 0.2127 0.8346
vt 0.2133 0.8311
vt 0.3452 0.8768
vt 0.3416 0.8818
vt 0.8505 0.6899
vt 0.8473 0.6919
vt 0.8371 0.6780
vt 0.8403 0.6756
vt 0.8615 0.7055
vt 0.8585 0.7074
vt 0.8715 0.7220
vt 0.8687 0.7239
vt 0.7929 0.6326
vt 0.7919 0.6349
vt 0.7675 0.6252
vt 0.7677 0.6229
vt 0.8786 0.7359
vt 0.8763 0.7383
vt 0.1986 0.8295
vt 0.1971 0.8327
vt 0.1948 0.8323
vt 0.1947 0.8302
vt 0.3579 0.8925
vt 0.3550 0.8965
vt 0.6835 0.6296
vt 0.6862 0.6323
vt 0.6661 0.6471
vt 0.6631 0.6447
vt 0.7389 0.6202
vt 0.7375 0.6171
vt 0.7106 0.6227
vt 0.7085 0.6199
vt 0.8879 0.4449
vt 0.8996 0.4458
vt 0.9042 0.4560
vt 0.8986 0.4629
vt 0.9148 0.4437
vt 0.9095 0.4497
vt 0.8996 0.4458
vt 0.9015 0.4330
vt 0.9146 0.4598
vt 0.9268 0.4554
vt 0.9156 0.4725
vt 0.9278 0.4676
vt 0.8915 0.4332
vt 0.7695 0.8507
vt 0.7839 0.8365
vt 0.7921 0.8438
vt 0.7777 0.8582
vt 0.7547 0.8653
vt 0.7628 0.8732
vt 0.6258 0.9634
vt 0.6403 0.9527
vt 0.6451 0.9616
vt 0.6307 0.9713
vt 0.7391 0.8807
vt 0.7469 0.8891
vt 0.6558 0.9426
vt 0.6609 0.9519
vt 0.7230 0.8945
vt 0.7304 0.9035
vt 0.7670 0.1001
vt 0.7566 0.1105
vt 0.7501 0.1020
vt 0.7606 0.0915
vt 0.6723 0.9318
vt 0.6779 0.9414
vt 0.6036 0.3581
vt 0.5978 0.3670
vt 0.5885 0.3591
vt 0.5939 0.3513
vt 0.8105 0.0652
vt 0.7993 0.0739
vt 0.7942 0.0650
vt 0.8052 0.0568
vt 0.6893 0.9202
vt 0.6955 0.9299
vt 0.6777 0.2221
vt 0.6656 0.2424
vt 0.6554 0.2380
vt 0.6680 0.2170
vt 0.5755 0.3971
vt 0.5666 0.4073
vt 0.5596 0.3995
vt 0.5682 0.3895
vt 0.7464 0.1217
vt 0.7399 0.1133
vt 0.7063 0.9077
vt 0.7132 0.9172
vt 0.6096 0.3490
vt 0.6000 0.3431
vt 0.7253 0.1486
vt 0.7142 0.1647
vt 0.7065 0.1571
vt 0.7182 0.1405
vt 0.6280 0.3140
vt 0.6216 0.3273
vt 0.6110 0.3236
vt 0.6168 0.3111
vt 0.8425 0.7651
vt 0.8528 0.7527
vt 0.8605 0.7566
vt 0.8510 0.7691
vt 0.5366 0.4346
vt 0.5252 0.4428
vt 0.5202 0.4340
vt 0.5310 0.4261
vt 0.6902 0.2019
vt 0.6812 0.1959
vt 0.6542 0.2622
vt 0.6441 0.2811
vt 0.6328 0.2781
vt 0.6435 0.2586
vt 0.7777 0.0906
vt 0.7717 0.0817
vt 0.5913 0.3764
vt 0.5830 0.3683
vt 0.7886 0.0820
vt 0.7832 0.0731
vt 0.7025 0.1825
vt 0.6942 0.1756
vt 0.8329 0.7789
vt 0.8418 0.7834
vt 0.5838 0.3867
vt 0.5761 0.3788
vt 0.8400 0.0387
vt 0.8315 0.0476
vt 0.8265 0.0397
vt 0.8348 0.0314
vt 0.8224 0.7934
vt 0.8313 0.7988
vt 0.6353 0.2985
vt 0.6239 0.2958
vt 0.7361 0.1343
vt 0.7293 0.1259
vt 0.8107 0.8080
vt 0.8193 0.8142
vt 0.5471 0.4261
vt 0.5410 0.4178
vt 0.8212 0.0566
vt 0.8161 0.0484
vt 0.7978 0.8225
vt 0.8060 0.8295
vt 0.6156 0.3389
vt 0.6055 0.3339
vt 0.5129 0.4509
vt 0.5084 0.4420
vt 0.5571 0.4169
vt 0.5506 0.4089
vt 0.4996 0.4590
vt 0.4952 0.4503
vt 0.4851 0.4669
vt 0.4811 0.4589
vt 0.4699 0.4726
vt 0.4650 0.4736
vt 0.4628 0.4667
vt 0.4677 0.4655
vt 0.6143 0.9761
vt 0.6196 0.9813
vt 0.7552 0.4493
vt 0.7650 0.4381
vt 0.7451 0.4333
vt 0.7551 0.4213
vt 0.7363 0.4172
vt 0.7464 0.4045
vt 0.7286 0.4013
vt 0.7384 0.3879
vt 0.7212 0.3860
vt 0.7307 0.3720
vt 0.7133 0.3717
vt 0.7224 0.3572
vt 0.7043 0.3587
vt 0.7131 0.3437
vt 0.6935 0.3471
vt 0.7021 0.3319
vt 0.6815 0.3376
vt 0.6899 0.3223
vt 0.6684 0.3300
vt 0.6765 0.3144
vt 0.6547 0.3237
vt 0.6625 0.3079
vt 0.6410 0.3183
vt 0.6486 0.3026
vt 0.4773 0.8866
vt 0.4739 0.9018
vt 0.4934 0.8891
vt 0.4885 0.9037
vt 0.5090 0.8921
vt 0.5025 0.9061
vt 0.5243 0.8957
vt 0.5163 0.9092
vt 0.5392 0.8998
vt 0.5298 0.9129
vt 0.5537 0.9046
vt 0.5433 0.9175
vt 0.5676 0.9103
vt 0.5565 0.9231
vt 0.5808 0.9172
vt 0.5693 0.9304
vt 0.5927 0.9254
vt 0.5812 0.9389
vt 0.6031 0.9347
vt 0.5917 0.9485
vt 0.6120 0.9446
vt 0.6007 0.9585
vt 0.6195 0.9545
vt 0.6083 0.9680
vt 0.7365 0.4683
vt 0.7457 0.4594
vt 0.7260 0.4537
vt 0.7354 0.4441
vt 0.7171 0.4391
vt 0.7266 0.4288
vt 0.7093 0.4247
vt 0.7189 0.4136
vt 0.7021 0.4106
vt 0.7116 0.3989
vt 0.6947 0.3974
vt 0.7040 0.3851
vt 0.6864 0.3853
vt 0.6953 0.3725
vt 0.6765 0.3745
vt 0.6849 0.3612
vt 0.6653 0.3653
vt 0.6733 0.3519
vt 0.6531 0.3576
vt 0.6606 0.3443
vt 0.6402 0.3509
vt 0.6473 0.3380
vt 0.6273 0.3447
vt 0.6341 0.3324
vt 0.8342 0.3732
vt 0.8453 0.3652
vt 0.8229 0.3525
vt 0.8335 0.3439
vt 0.8113 0.3315
vt 0.8213 0.3223
vt 0.8000 0.3104
vt 0.8093 0.3005
vt 0.7891 0.2897
vt 0.7980 0.2790
vt 0.7789 0.2703
vt 0.7874 0.2588
vt 0.7693 0.2523
vt 0.7776 0.2397
vt 0.7590 0.2367
vt 0.7675 0.2231
vt 0.7480 0.2229
vt 0.7569 0.2082
vt 0.7362 0.2107
vt 0.7457 0.1952
vt 0.7242 0.2002
vt 0.7344 0.1838
vt 0.7128 0.1908
vt 0.7237 0.1737
vt 0.5785 0.5839
vt 0.5820 0.5809
vt 0.5677 0.5749
vt 0.5710 0.5719
vt 0.5569 0.5665
vt 0.5601 0.5635
vt 0.5461 0.5586
vt 0.5493 0.5555
vt 0.5352 0.5508
vt 0.5384 0.5477
vt 0.5242 0.5429
vt 0.5275 0.5398
vt 0.5135 0.5347
vt 0.5169 0.5317
vt 0.5028 0.5256
vt 0.5064 0.5227
vt 0.4927 0.5156
vt 0.4966 0.5129
vt 0.4837 0.5050
vt 0.4879 0.5025
vt 0.4761 0.4939
vt 0.4804 0.4918
vt 0.4698 0.4832
vt 0.4744 0.4815
vt 0.6815 0.5123
vt 0.6902 0.5048
vt 0.6720 0.5009
vt 0.6806 0.4931
vt 0.6634 0.4899
vt 0.6721 0.4816
vt 0.6554 0.4794
vt 0.6643 0.4705
vt 0.6474 0.4696
vt 0.6566 0.4600
vt 0.6392 0.4604
vt 0.6488 0.4501
vt 0.6308 0.4516
vt 0.6407 0.4408
vt 0.6217 0.4429
vt 0.6317 0.4318
vt 0.6120 0.4336
vt 0.6220 0.4226
vt 0.6025 0.4244
vt 0.6122 0.4135
vt 0.5932 0.4152
vt 0.6025 0.4045
vt 0.5840 0.4060
vt 0.5928 0.3954
vt 0.8553 0.3574
vt 0.8640 0.3494
vt 0.8430 0.3353
vt 0.8511 0.3266
vt 0.8301 0.3130
vt 0.8376 0.3035
vt 0.8175 0.2905
vt 0.8245 0.2803
vt 0.8057 0.2684
vt 0.8126 0.2579
vt 0.7950 0.2476
vt 0.8018 0.2367
vt 0.7851 0.2279
vt 0.7919 0.2167
vt 0.7752 0.2105
vt 0.7823 0.1988
vt 0.7650 0.1948
vt 0.7727 0.1827
vt 0.7545 0.1811
vt 0.7628 0.1684
vt 0.7439 0.1690
vt 0.7532 0.1557
vt 0.7341 0.1582
vt 0.7441 0.1444
vt 0.5945 0.5733
vt 0.6082 0.5650
vt 0.5834 0.5645
vt 0.5972 0.5564
vt 0.5726 0.5562
vt 0.5865 0.5483
vt 0.5619 0.5483
vt 0.5760 0.5405
vt 0.5513 0.5406
vt 0.5656 0.5329
vt 0.5408 0.5327
vt 0.5553 0.5251
vt 0.5305 0.5246
vt 0.5454 0.5169
vt 0.5206 0.5157
vt 0.5358 0.5079
vt 0.5113 0.5062
vt 0.5266 0.4983
vt 0.5029 0.4964
vt 0.5184 0.4888
vt 0.4957 0.4863
vt 0.5111 0.4789
vt 0.4898 0.4763
vt 0.5049 0.4688
vt 0.6641 0.5272
vt 0.6729 0.5198
vt 0.6544 0.5164
vt 0.6634 0.5088
vt 0.6455 0.5064
vt 0.6547 0.4982
vt 0.6367 0.4972
vt 0.6463 0.4883
vt 0.6278 0.4888
vt 0.6379 0.4792
vt 0.6188 0.4807
vt 0.6292 0.4706
vt 0.6097 0.4728
vt 0.6205 0.4623
vt 0.6003 0.4641
vt 0.6112 0.4537
vt 0.5908 0.4547
vt 0.6017 0.4444
vt 0.5817 0.4453
vt 0.5923 0.4351
vt 0.5730 0.4357
vt 0.5833 0.4257
vt 0.5647 0.4262
vt 0.5747 0.4163
vt 0.8990 0.3085
vt 0.9072 0.3027
vt 0.8842 0.2831
vt 0.8925 0.2768
vt 0.8701 0.2578
vt 0.8786 0.2510
vt 0.8576 0.2333
vt 0.8665 0.2261
vt 0.8471 0.2100
vt 0.8562 0.2023
vt 0.8381 0.1882
vt 0.8475 0.1801
vt 0.8299 0.1678
vt 0.8396 0.1594
vt 0.8227 0.1497
vt 0.8333 0.1405
vt 0.8158 0.1334
vt 0.8266 0.1240
vt 0.8088 0.1186
vt 0.8200 0.1091
vt 0.8018 0.1052
vt 0.8129 0.0960
vt 0.7950 0.0929
vt 0.8060 0.0842
vt 0.6214 0.5569
vt 0.6106 0.5481
vt 0.6001 0.5400
vt 0.5897 0.5324
vt 0.5795 0.5249
vt 0.5695 0.5172
vt 0.5598 0.5090
vt 0.5503 0.4998
vt 0.5411 0.4902
vt 0.5328 0.4807
vt 0.5253 0.4709
vt 0.5187 0.4607
vt 0.6548 0.5345
vt 0.6449 0.5241
vt 0.6355 0.5147
vt 0.6263 0.5061
vt 0.6170 0.4982
vt 0.6077 0.4906
vt 0.5984 0.4828
vt 0.5890 0.4739
vt 0.5795 0.4643
vt 0.5705 0.4548
vt 0.5622 0.4452
vt 0.5543 0.4355
vt 0.5663 0.7353
vt 0.5571 0.7478
vt 0.5909 0.7412
vt 0.5816 0.7530
vt 0.6172 0.7466
vt 0.6075 0.7578
vt 0.6436 0.7520
vt 0.6336 0.7629
vt 0.6689 0.7581
vt 0.6584 0.7689
vt 0.6925 0.7648
vt 0.6815 0.7756
vt 0.7141 0.7721
vt 0.7028 0.7829
vt 0.7330 0.7795
vt 0.7211 0.7908
vt 0.7496 0.7878
vt 0.7371 0.7996
vt 0.7641 0.7963
vt 0.7511 0.8087
vt 0.7768 0.8051
vt 0.7634 0.8181
vt 0.7879 0.8142
vt 0.7742 0.8277
vt 0.9163 0.2982
vt 0.9259 0.2945
vt 0.9018 0.2718
vt 0.9117 0.2676
vt 0.8881 0.2454
vt 0.8982 0.2407
vt 0.8761 0.2199
vt 0.8862 0.2145
vt 0.8659 0.1955
vt 0.8760 0.1893
vt 0.8573 0.1727
vt 0.8679 0.1654
vt 0.8503 0.1508
vt 0.8607 0.1431
vt 0.8438 0.1319
vt 0.8541 0.1236
vt 0.8373 0.1150
vt 0.8476 0.1066
vt 0.8306 0.1002
vt 0.8408 0.0915
vt 0.8237 0.0870
vt 0.8341 0.0782
vt 0.8170 0.0752
vt 0.8276 0.0664
vt 0.6337 0.5491
vt 0.6231 0.5399
vt 0.6129 0.5315
vt 0.6029 0.5239
vt 0.5928 0.5165
vt 0.5830 0.5088
vt 0.5735 0.5008
vt 0.5640 0.4916
vt 0.5548 0.4819
vt 0.5463 0.4724
vt 0.5385 0.4626
vt 0.5314 0.4526
vt 0.7273 0.4762
vt 0.7168 0.4623
vt 0.7078 0.4484
vt 0.7000 0.4347
vt 0.6928 0.4214
vt 0.6856 0.4089
vt 0.6778 0.3974
vt 0.6684 0.3872
vt 0.6575 0.3780
vt 0.6458 0.3699
vt 0.6333 0.3626
vt 0.6209 0.3557
vt 0.5747 0.7225
vt 0.5995 0.7292
vt 0.6261 0.7351
vt 0.6530 0.7409
vt 0.6788 0.7470
vt 0.7030 0.7538
vt 0.7252 0.7607
vt 0.7444 0.7681
vt 0.7613 0.7760
vt 0.7761 0.7840
vt 0.7891 0.7922
vt 0.8005 0.8005
vt 0.9361 0.2914
vt 0.9221 0.2641
vt 0.9086 0.2364
vt 0.8965 0.2095
vt 0.8863 0.1837
vt 0.8784 0.1587
vt 0.8708 0.1358
vt 0.8642 0.1159
vt 0.8576 0.0984
vt 0.8507 0.0830
vt 0.8441 0.0693
vt 0.8378 0.0572
vt 0.6448 0.5417
vt 0.6345 0.5319
vt 0.6247 0.5231
vt 0.6151 0.5150
vt 0.6054 0.5075
vt 0.5957 0.5000
vt 0.5864 0.4921
vt 0.5769 0.4831
vt 0.5675 0.4734
vt 0.5588 0.4638
vt 0.5507 0.4542
vt 0.5432 0.4443
vt 0.5820 0.7096
vt 0.6075 0.7170
vt 0.6347 0.7235
vt 0.6621 0.7296
vt 0.6884 0.7359
vt 0.7128 0.7427
vt 0.7355 0.7494
vt 0.7550 0.7568
vt 0.7722 0.7643
vt 0.7873 0.7716
vt 0.8004 0.7792
vt 0.8120 0.7867
vt 0.8716 0.3411
vt 0.8582 0.3178
vt 0.8441 0.2940
vt 0.8308 0.2704
vt 0.8189 0.2476
vt 0.8082 0.2261
vt 0.7985 0.2060
vt 0.7893 0.1879
vt 0.7802 0.1716
vt 0.7712 0.1570
vt 0.7623 0.1439
vt 0.7540 0.1321
vt 0.7755 0.4261
vt 0.7656 0.4086
vt 0.7567 0.3910
vt 0.7484 0.3737
vt 0.7403 0.3572
vt 0.7316 0.3418
vt 0.7219 0.3278
vt 0.7108 0.3159
vt 0.6985 0.3060
vt 0.6852 0.2978
vt 0.6711 0.2910
vt 0.6572 0.2854
vt 0.5882 0.6967
vt 0.6148 0.7049
vt 0.6429 0.7119
vt 0.6708 0.7182
vt 0.6974 0.7245
vt 0.7220 0.7315
vt 0.7450 0.7383
vt 0.7648 0.7455
vt 0.7821 0.7527
vt 0.7974 0.7594
vt 0.8108 0.7662
vt 0.8225 0.7729
vt 0.9585 0.3142
vt 0.9450 0.2888
vt 0.9311 0.2611
vt 0.9176 0.2331
vt 0.9055 0.2058
vt 0.8952 0.1796
vt 0.8873 0.1540
vt 0.8796 0.1305
vt 0.8728 0.1102
vt 0.8661 0.0923
vt 0.8593 0.0764
vt 0.8526 0.0619
vt 0.8461 0.0492
vt 0.6992 0.4974
vt 0.6894 0.4853
vt 0.6808 0.4733
vt 0.6730 0.4617
vt 0.6656 0.4505
vt 0.6580 0.4400
vt 0.6502 0.4301
vt 0.6414 0.4209
vt 0.6315 0.4116
vt 0.6215 0.4026
vt 0.6112 0.3939
vt 0.6009 0.3851
vt 0.5933 0.6844
vt 0.6213 0.6931
vt 0.6503 0.7004
vt 0.6788 0.7069
vt 0.7057 0.7130
vt 0.7305 0.7204
vt 0.7538 0.7273
vt 0.7736 0.7344
vt 0.7912 0.7410
vt 0.8067 0.7473
vt 0.8204 0.7535
vt 0.8322 0.7597
vt 0.8224 0.3819
vt 0.8115 0.3617
vt 0.8005 0.3412
vt 0.7898 0.3207
vt 0.7795 0.3009
vt 0.7697 0.2826
vt 0.7601 0.2657
vt 0.7497 0.2513
vt 0.7383 0.2386
vt 0.7260 0.2274
vt 0.7134 0.2177
vt 0.7011 0.2092
vt 0.7866 0.4140
vt 0.7983 0.4024
vt 0.7766 0.3957
vt 0.7881 0.3833
vt 0.7674 0.3773
vt 0.7783 0.3641
vt 0.7586 0.3592
vt 0.7690 0.3452
vt 0.7500 0.3420
vt 0.7599 0.3272
vt 0.7409 0.3262
vt 0.7504 0.3108
vt 0.7310 0.3117
vt 0.7407 0.2957
vt 0.7200 0.2995
vt 0.7298 0.2830
vt 0.7078 0.2891
vt 0.7177 0.2720
vt 0.6945 0.2804
vt 0.7047 0.2625
vt 0.6807 0.2731
vt 0.6911 0.2546
vt 0.6670 0.2670
vt 0.6778 0.2479
vt 0.8916 0.3156
vt 0.8770 0.2909
vt 0.8627 0.2660
vt 0.8499 0.2418
vt 0.8389 0.2186
vt 0.8295 0.1969
vt 0.8208 0.1767
vt 0.8132 0.1587
vt 0.8060 0.1423
vt 0.7987 0.1275
vt 0.7914 0.1139
vt 0.7844 0.1015
vt 0.7085 0.4903
vt 0.6984 0.4777
vt 0.6896 0.4652
vt 0.6819 0.4529
vt 0.6746 0.4410
vt 0.6673 0.4299
vt 0.6597 0.4195
vt 0.6508 0.4100
vt 0.6408 0.4007
vt 0.6302 0.3919
vt 0.6192 0.3835
vt 0.6080 0.3753
vt 0.8848 0.3238
vt 0.8706 0.2996
vt 0.8562 0.2752
vt 0.8431 0.2511
vt 0.8317 0.2280
vt 0.8217 0.2063
vt 0.8126 0.1861
vt 0.8044 0.1680
vt 0.7967 0.1516
vt 0.7890 0.1368
vt 0.7814 0.1232
vt 0.7740 0.1109
vt 0.8103 0.3916
vt 0.7998 0.3719
vt 0.7894 0.3519
vt 0.7794 0.3322
vt 0.7697 0.3134
vt 0.7601 0.2961
vt 0.7505 0.2802
vt 0.7398 0.2668
vt 0.7280 0.2550
vt 0.7153 0.2448
vt 0.7021 0.2360
vt 0.6894 0.2285
vt 0.5976 0.6727
vt 0.6269 0.6819
vt 0.6570 0.6893
vt 0.6859 0.6958
vt 0.7131 0.7018
vt 0.7384 0.7096
vt 0.7618 0.7166
vt 0.7818 0.7234
vt 0.7995 0.7298
vt 0.8154 0.7357
vt 0.8298 0.7416
vt 0.8424 0.7474
vt 0.5184 0.7988
vt 0.5094 0.8129
vt 0.5418 0.8031
vt 0.5322 0.8171
vt 0.5652 0.8068
vt 0.5547 0.8208
vt 0.5882 0.8105
vt 0.5766 0.8244
vt 0.6104 0.8149
vt 0.5978 0.8285
vt 0.6312 0.8209
vt 0.6178 0.8339
vt 0.6506 0.8280
vt 0.6365 0.8405
vt 0.6669 0.8370
vt 0.6524 0.8491
vt 0.6810 0.8474
vt 0.6660 0.8595
vt 0.6934 0.8592
vt 0.6780 0.8714
vt 0.7044 0.8714
vt 0.6886 0.8840
vt 0.7142 0.8835
vt 0.6981 0.8964
vt 0.7179 0.4833
vt 0.7076 0.4701
vt 0.6987 0.4569
vt 0.6909 0.4440
vt 0.6836 0.4314
vt 0.6765 0.4196
vt 0.6690 0.4088
vt 0.6599 0.3990
vt 0.6495 0.3897
vt 0.6383 0.3811
vt 0.6265 0.3733
vt 0.6146 0.3657
vt 0.5009 0.8273
vt 0.5229 0.8315
vt 0.5444 0.8353
vt 0.5652 0.8389
vt 0.5853 0.8428
vt 0.6044 0.8477
vt 0.6222 0.8538
vt 0.6376 0.8620
vt 0.6508 0.8721
vt 0.6624 0.8838
vt 0.6726 0.8963
vt 0.6816 0.9087
vt 0.8783 0.3324
vt 0.8645 0.3088
vt 0.8502 0.2846
vt 0.8369 0.2607
vt 0.8251 0.2377
vt 0.8148 0.2161
vt 0.8052 0.1958
vt 0.7965 0.1777
vt 0.7881 0.1613
vt 0.7798 0.1465
vt 0.7717 0.1331
vt 0.7639 0.1211
vt 0.4934 0.8417
vt 0.5142 0.8458
vt 0.5345 0.8497
vt 0.5541 0.8534
vt 0.5730 0.8573
vt 0.5910 0.8620
vt 0.6079 0.8678
vt 0.6228 0.8754
vt 0.6357 0.8850
vt 0.6468 0.8961
vt 0.6567 0.9084
vt 0.6652 0.9205
vt 0.4870 0.8562
vt 0.5064 0.8599
vt 0.5252 0.8638
vt 0.5435 0.8676
vt 0.5612 0.8717
vt 0.5780 0.8763
vt 0.5939 0.8819
vt 0.6083 0.8892
vt 0.6208 0.8981
vt 0.6317 0.9086
vt 0.6411 0.9200
vt 0.6492 0.9317
vt 0.5277 0.7853
vt 0.5516 0.7897
vt 0.5759 0.7935
vt 0.5999 0.7974
vt 0.6230 0.8024
vt 0.6445 0.8088
vt 0.6643 0.8164
vt 0.6810 0.8255
vt 0.6963 0.8352
vt 0.7088 0.8460
vt 0.7200 0.8583
vt 0.7301 0.8699
vt 0.4817 0.8710
vt 0.4995 0.8742
vt 0.5168 0.8778
vt 0.5336 0.8816
vt 0.5499 0.8858
vt 0.5656 0.8905
vt 0.5805 0.8961
vt 0.5942 0.9030
vt 0.6064 0.9115
vt 0.6170 0.9213
vt 0.6261 0.9319
vt 0.6339 0.9426
vt 0.5374 0.7725
vt 0.5616 0.7770
vt 0.5865 0.7810
vt 0.6115 0.7852
vt 0.6353 0.7907
vt 0.6572 0.7975
vt 0.6776 0.8051
vt 0.6951 0.8135
vt 0.7104 0.8234
vt 0.7234 0.8336
vt 0.7351 0.8448
vt 0.7453 0.8556
vt 0.5473 0.7601
vt 0.5717 0.7648
vt 0.5972 0.7692
vt 0.6227 0.7739
vt 0.6471 0.7796
vt 0.6694 0.7866
vt 0.6905 0.7939
vt 0.7084 0.8020
vt 0.7239 0.8119
vt 0.7372 0.8214
vt 0.7494 0.8312
vt 0.7600 0.8414
vt 0.5390 0.2977
vt 0.5321 0.2990
vt 0.5240 0.2816
vt 0.5312 0.2775
vt 0.5132 0.2670
vt 0.5189 0.2603
vt 0.4999 0.2566
vt 0.5046 0.2483
vt 0.4842 0.2471
vt 0.4864 0.2384
vt 0.4659 0.2413
vt 0.4659 0.2334
vt 0.4476 0.2421
vt 0.4455 0.2341
vt 0.4331 0.2476
vt 0.4283 0.2403
vt 0.4203 0.2555
vt 0.4139 0.2499
vt 0.4105 0.2677
vt 0.4033 0.2636
vt 0.4047 0.2826
vt 0.3971 0.2803
vt 0.4025 0.2995
vt 0.3948 0.2987
vt 0.4033 0.3180
vt 0.3959 0.3184
vt 0.4105 0.3367
vt 0.4031 0.3390
vt 0.4205 0.3552
vt 0.4143 0.3590
vt 0.4363 0.3695
vt 0.4314 0.3742
vt 0.4565 0.3783
vt 0.4533 0.3838
vt 0.4757 0.3799
vt 0.4747 0.3857
vt 0.4943 0.3756
vt 0.4960 0.3813
vt 0.5132 0.3637
vt 0.5168 0.3681
vt 0.5260 0.3437
vt 0.5317 0.3469
vt 0.5324 0.3218
vt 0.5391 0.3228
vt 0.6185 0.1280
vt 0.6120 0.1289
vt 0.6060 0.1062
vt 0.6114 0.1031
vt 0.5923 0.0856
vt 0.5956 0.0810
vt 0.5733 0.0731
vt 0.5742 0.0677
vt 0.5546 0.0683
vt 0.5530 0.0630
vt 0.5361 0.0697
vt 0.5321 0.0646
vt 0.5160 0.0724
vt 0.5227 0.0790
vt 0.5187 0.0817
vt 0.5124 0.0754
vt 0.5090 0.0781
vt 0.5153 0.0853
vt 0.5019 0.0928
vt 0.4958 0.0870
vt 0.4924 0.1089
vt 0.4859 0.1051
vt 0.4851 0.1263
vt 0.4782 0.1242
vt 0.4827 0.1441
vt 0.4750 0.1434
vt 0.4823 0.1610
vt 0.4749 0.1619
vt 0.4856 0.1767
vt 0.4791 0.1798
vt 0.4946 0.1910
vt 0.4887 0.1954
vt 0.5086 0.1984
vt 0.5029 0.2060
vt 0.5174 0.2119
vt 0.5215 0.1986
vt 0.5254 0.2000
vt 0.5217 0.2124
vt 0.5260 0.2136
vt 0.5299 0.2013
vt 0.5442 0.2065
vt 0.5433 0.2157
vt 0.5636 0.2038
vt 0.5647 0.2121
vt 0.5804 0.1950
vt 0.5836 0.2025
vt 0.5932 0.1838
vt 0.5982 0.1903
vt 0.6035 0.1690
vt 0.6106 0.1731
vt 0.6114 0.1515
vt 0.6184 0.1529
vt 0.2861 0.1784
vt 0.2883 0.1761
vt 0.3053 0.1939
vt 0.3028 0.1960
vt 0.8801 0.6437
vt 0.8819 0.6268
vt 0.8875 0.6296
vt 0.8855 0.6444
vt 0.9126 0.5998
vt 0.8978 0.6146
vt 0.9291 0.5866
vt 0.2681 0.1611
vt 0.2703 0.1589
vt 0.2491 0.1431
vt 0.2513 0.1409
vt 0.2510 0.7931
vt 0.2491 0.7889
vt 0.2666 0.7815
vt 0.2707 0.7861
vt 0.3777 0.3491
vt 0.3720 0.3334
vt 0.3750 0.3326
vt 0.3809 0.3483
vt 0.3429 0.2616
vt 0.3361 0.2475
vt 0.3386 0.2465
vt 0.3459 0.2612
vt 0.3458 0.2678
vt 0.3443 0.2646
vt 0.3469 0.2634
vt 0.3480 0.2658
vt 0.3596 0.3004
vt 0.3526 0.2834
vt 0.3550 0.2823
vt 0.3622 0.2995
vt 0.3659 0.3169
vt 0.3687 0.3161
vt 0.3271 0.2316
vt 0.3297 0.2303
vt 0.3162 0.2151
vt 0.3188 0.2136
vt 0.2134 0.1061
vt 0.1957 0.0900
vt 0.1977 0.0875
vt 0.2157 0.1039
vt 0.3887 0.5208
vt 0.3850 0.5190
vt 0.3920 0.5038
vt 0.3964 0.5047
vt 0.5309 0.6377
vt 0.9466 0.5717
vt 0.8555 0.7491
vt 0.8634 0.7538
vt 0.2331 0.1219
vt 0.2309 0.1241
vt 0.3337 0.6489
vt 0.3342 0.6703
vt 0.3278 0.6678
vt 0.3290 0.6475
vt 0.0511 0.0161
vt 0.0516 0.0132
vt 0.0655 0.0189
vt 0.0647 0.0217
vt 0.1293 0.0500
vt 0.1304 0.0476
vt 0.1467 0.0555
vt 0.1456 0.0579
vt 0.1114 0.0419
vt 0.1124 0.0395
vt 0.0951 0.0347
vt 0.0960 0.0322
vt 0.0797 0.0284
vt 0.0805 0.0257
vt 0.1625 0.0642
vt 0.1612 0.0667
vt 0.1786 0.0746
vt 0.1771 0.0771
vt 0.8557 0.0600
vt 0.8624 0.0747
vt 0.8692 0.0908
vt 0.8760 0.1088
vt 0.8827 0.1293
vt 0.8905 0.1528
vt 0.8984 0.1784
vt 0.9087 0.2046
vt 0.9207 0.2318
vt 0.9342 0.2599
vt 0.9480 0.2875
vt 0.9614 0.3129
vt 0.8373 0.0284
vt 0.9882 0.3777
vt 0.9821 0.3569
vt 0.9730 0.3357
vt 0.9907 0.4830
vt 0.9908 0.5005
vt 0.9848 0.5181
vt 0.9744 0.5365
vt 0.9887 0.4001
vt 0.9896 0.4227
vt 0.9897 0.4455
vt 0.9897 0.4658
vt 0.5987 0.6694
vt 0.6281 0.6785
vt 0.6581 0.6859
vt 0.6871 0.6923
vt 0.7143 0.6983
vt 0.7397 0.7061
vt 0.7632 0.7132
vt 0.7832 0.7200
vt 0.8010 0.7263
vt 0.8170 0.7321
vt 0.8316 0.7380
vt 0.8444 0.7439
vt 0.9937 0.4834
vt 0.9936 0.5013
vt 0.9877 0.5195
vt 0.9772 0.5387
vt 0.9915 0.3995
vt 0.9922 0.4225
vt 0.9923 0.4458
vt 0.9923 0.4663
vt 0.0220 0.0170
vt 0.0222 0.0149
vt 0.9635 0.5563
vt 0.9610 0.5529
vt 0.1435 0.0627
vt 0.1586 0.0716
vt 0.3982 0.4857
vt 0.4006 0.4847
vt 0.0636 0.0286
vt 0.0786 0.0344
vt 0.0934 0.0403
vt 0.1093 0.0470
vt 0.1271 0.0547
vt 0.2442 0.1480
vt 0.2260 0.1290
vt 0.2083 0.1110
vt 0.3220 0.2344
vt 0.3310 0.2495
vt 0.3653 0.3341
vt 0.3595 0.3178
vt 0.3537 0.3022
vt 0.3473 0.2860
vt 0.3412 0.2710
vt 0.3394 0.2670
vt 0.3376 0.2632
vt 0.2632 0.1659
vt 0.2811 0.1834
vt 0.3863 0.3650
vt 0.3914 0.4100
vt 0.3891 0.3861
vt 0.3927 0.4336
vt 0.0369 0.0094
vt 0.3919 0.4595
vt 0.3862 0.4595
vt 0.3938 0.4732
vt 0.3964 0.4727
vt 0.5426 0.3234
vt 0.5426 0.2970
vt 0.5349 0.3486
vt 0.5189 0.3707
vt 0.4970 0.3845
vt 0.4744 0.3893
vt 0.4519 0.3872
vt 0.4291 0.3770
vt 0.4112 0.3611
vt 0.3996 0.3403
vt 0.3924 0.3188
vt 0.3910 0.2984
vt 0.3933 0.2794
vt 0.3999 0.2617
vt 0.4109 0.2470
vt 0.4261 0.2366
vt 0.4445 0.2300
vt 0.4660 0.2294
vt 0.4876 0.2342
vt 0.5068 0.2443
vt 0.5218 0.2572
vt 0.5348 0.2756
vt 0.6220 0.1535
vt 0.6220 0.1274
vt 0.6141 0.1751
vt 0.6008 0.1934
vt 0.5855 0.2061
vt 0.5655 0.2162
vt 0.5429 0.2205
vt 0.5229 0.2195
vt 0.5171 0.2181
vt 0.5198 0.2189
vt 0.4857 0.1976
vt 0.5004 0.2100
vt 0.4758 0.1812
vt 0.4712 0.1623
vt 0.4712 0.1430
vt 0.4748 0.1232
vt 0.4827 0.1034
vt 0.4929 0.0846
vt 0.5066 0.0723
vt 0.5114 0.0691
vt 0.5087 0.0706
vt 0.5525 0.0598
vt 0.5304 0.0614
vt 0.5748 0.0646
vt 0.5974 0.0784
vt 0.6144 0.1014
vt 0.1989 0.8184
vt 0.1945 0.8182
vt 0.8878 0.7304
vt 0.8798 0.7158
vt 0.6427 0.6565
vt 0.6401 0.6608
vt 0.3877 0.4737
vt 0.3938 0.4732
vt 0.3946 0.4593
vt 0.2803 0.7672
vt 0.2910 0.7489
vt 0.3008 0.7280
vt 0.8881 0.6586
vt 0.2005 0.7897
vt 0.2158 0.7917
vt 0.9132 0.7193
vt 0.9139 0.7215
vt 0.9000 0.6886
vt 0.9066 0.7044
vt 0.8937 0.6733
vt 0.2326 0.7918
vt 0.3217 0.6879
vt 0.3121 0.7075
vt 0.3746 0.5312
vt 0.3348 0.5935
vt 0.3309 0.6118
vt 0.3420 0.5746
vt 0.3513 0.5581
vt 0.3623 0.5437
vt 0.3295 0.6297
vt 0.9556 0.5642
vt 0.0213 0.0128
vt 0.3915 0.4864
vt 0.3891 0.4865
vt 0.0109 0.0135
vt 0.3871 0.4746
vt 0.2215 0.1335
vt 0.2037 0.1160
vt 0.0618 0.0343
vt 0.0489 0.0300
vt 0.1408 0.0675
vt 0.1247 0.0597
vt 0.1071 0.0520
vt 0.0914 0.0453
vt 0.0767 0.0395
vt 0.1553 0.0766
vt 0.1699 0.0875
vt 0.0367 0.0263
vt 0.1863 0.1006
vt 0.2398 0.1525
vt 0.3758 0.4116
vt 0.3724 0.3880
vt 0.3782 0.4345
vt 0.2762 0.1882
vt 0.2587 0.1704
vt 0.3637 0.3514
vt 0.3593 0.3358
vt 0.3376 0.2632
vt 0.3394 0.2670
vt 0.3345 0.2692
vt 0.3324 0.2658
vt 0.3412 0.2710
vt 0.3473 0.2860
vt 0.3419 0.2881
vt 0.3359 0.2733
vt 0.3484 0.3042
vt 0.3542 0.3198
vt 0.3261 0.2525
vt 0.3168 0.2379
vt 0.3055 0.2227
vt 0.3681 0.3678
vt 0.2918 0.2057
vt 0.3797 0.4602
vt 0.7454 0.0968
vt 0.7560 0.0860
vt 0.7903 0.0591
vt 0.8014 0.0509
vt 0.7349 0.1081
vt 0.7012 0.1523
vt 0.7131 0.1356
vt 0.8652 0.7596
vt 0.8567 0.7720
vt 0.6620 0.2132
vt 0.6754 0.1918
vt 0.7674 0.0761
vt 0.7791 0.0672
vt 0.6887 0.1711
vt 0.8682 0.7559
vt 0.7243 0.1209
vt 0.8123 0.0426
vt 0.8231 0.0342
vt 0.7975 0.8486
vt 0.7831 0.8630
vt 0.7682 0.8781
vt 0.7520 0.8943
vt 0.7353 0.9091
vt 0.8476 0.7866
vt 0.8370 0.8022
vt 0.8249 0.8181
vt 0.8115 0.8337
vt 0.5806 0.3542
vt 0.5863 0.3466
vt 0.5533 0.3944
vt 0.5615 0.3846
vt 0.5925 0.3393
vt 0.6033 0.3209
vt 0.6093 0.3086
vt 0.5156 0.4282
vt 0.5259 0.4203
vt 0.6259 0.2752
vt 0.6369 0.2554
vt 0.5753 0.3636
vt 0.6491 0.2345
vt 0.5690 0.3742
vt 0.6165 0.2933
vt 0.5355 0.4121
vt 0.5982 0.3309
vt 0.5446 0.4035
vt 0.6482 0.9683
vt 0.6335 0.9775
vt 0.6643 0.9586
vt 0.6815 0.9480
vt 0.6995 0.9362
vt 0.7177 0.9232
vt 0.5041 0.4362
vt 0.4910 0.4446
vt 0.4770 0.4535
vt 0.4611 0.4637
vt 0.4647 0.4612
vt 0.6219 0.9861
vt 0.5243 0.3012
vt 0.5159 0.2868
vt 0.5060 0.2738
vt 0.4936 0.2655
vt 0.4806 0.2557
vt 0.4655 0.2491
vt 0.4497 0.2500
vt 0.4374 0.2552
vt 0.4262 0.2620
vt 0.4181 0.2723
vt 0.4126 0.2854
vt 0.4105 0.3004
vt 0.4123 0.3166
vt 0.4190 0.3330
vt 0.4274 0.3495
vt 0.4407 0.3618
vt 0.4576 0.3706
vt 0.4749 0.3725
vt 0.4919 0.3681
vt 0.5073 0.3571
vt 0.5185 0.3402
vt 0.5243 0.3209
vt 0.6034 0.1296
vt 0.5989 0.1095
vt 0.5871 0.0917
vt 0.5711 0.0802
vt 0.5545 0.0749
vt 0.5385 0.0772
vt 0.5227 0.0790
vt 0.5293 0.0887
vt 0.5153 0.0853
vt 0.5187 0.0817
vt 0.5257 0.0918
vt 0.5221 0.0949
vt 0.5083 0.1001
vt 0.4993 0.1137
vt 0.4933 0.1291
vt 0.4907 0.1447
vt 0.4902 0.1596
vt 0.4923 0.1734
vt 0.4997 0.1859
vt 0.5122 0.1883
vt 0.5215 0.1986
vt 0.5253 0.1860
vt 0.5299 0.2013
vt 0.5254 0.2000
vt 0.5293 0.1870
vt 0.5337 0.1882
vt 0.5452 0.1965
vt 0.5617 0.1963
vt 0.5757 0.1879
vt 0.5866 0.1774
vt 0.5953 0.1639
vt 0.6031 0.1492
vt 0.8311 0.0268
vt 0.8349 0.0235
vt 0.3791 0.4749
vt 0.0210 0.0218
vt 0.0092 0.0183
vt 0.3814 0.4779
vt 0.2171 0.1381
vt 0.1992 0.1210
vt 0.0600 0.0401
vt 0.0470 0.0359
vt 0.1379 0.0723
vt 0.1224 0.0647
vt 0.1047 0.0570
vt 0.0892 0.0503
vt 0.0749 0.0449
vt 0.1513 0.0814
vt 0.1653 0.0922
vt 0.0351 0.0320
vt 0.1816 0.1058
vt 0.2354 0.1569
vt 0.3699 0.4127
vt 0.3663 0.3892
vt 0.3726 0.4348
vt 0.2710 0.1926
vt 0.2541 0.1748
vt 0.3571 0.3526
vt 0.3533 0.3371
vt 0.3291 0.2717
vt 0.3283 0.2698
vt 0.3366 0.2899
vt 0.3301 0.2739
vt 0.3431 0.3062
vt 0.3486 0.3214
vt 0.3214 0.2560
vt 0.3120 0.2421
vt 0.3006 0.2274
vt 0.3615 0.3691
vt 0.2864 0.2105
vt 0.3739 0.4603
vt 0.7406 0.0913
vt 0.7514 0.0806
vt 0.7862 0.0532
vt 0.7976 0.0449
vt 0.7302 0.1027
vt 0.6961 0.1474
vt 0.7082 0.1304
vt 0.8706 0.7612
vt 0.8626 0.7745
vt 0.6561 0.2094
vt 0.6699 0.1876
vt 0.7632 0.0704
vt 0.7750 0.0613
vt 0.6834 0.1665
vt 0.8722 0.7590
vt 0.7196 0.1155
vt 0.8090 0.0366
vt 0.8203 0.0283
vt 0.8031 0.8531
vt 0.7887 0.8677
vt 0.7737 0.8829
vt 0.7571 0.8995
vt 0.7401 0.9146
vt 0.8535 0.7894
vt 0.8428 0.8054
vt 0.8306 0.8218
vt 0.8171 0.8380
vt 0.5735 0.3490
vt 0.5790 0.3414
vt 0.5467 0.3892
vt 0.5546 0.3797
vt 0.5847 0.3345
vt 0.5950 0.3186
vt 0.6012 0.3067
vt 0.5109 0.4222
vt 0.5206 0.4144
vt 0.6190 0.2727
vt 0.6305 0.2524
vt 0.5681 0.3587
vt 0.6429 0.2311
vt 0.5618 0.3694
vt 0.6091 0.2912
vt 0.5297 0.4065
vt 0.5900 0.3274
vt 0.5384 0.3981
vt 0.6508 0.9754
vt 0.6349 0.9847
vt 0.6673 0.9655
vt 0.6850 0.9546
vt 0.7034 0.9424
vt 0.7220 0.9291
vt 0.4998 0.4304
vt 0.4868 0.4393
vt 0.4721 0.4493
vt 0.4576 0.4609
vt 0.4595 0.4587
vt 0.6212 0.9916
vt 0.5105 0.3054
vt 0.5072 0.2922
vt 0.4959 0.2845
vt 0.4868 0.2748
vt 0.4755 0.2652
vt 0.4635 0.2584
vt 0.4520 0.2599
vt 0.4426 0.2643
vt 0.4356 0.2712
vt 0.4272 0.2787
vt 0.4220 0.2889
vt 0.4195 0.3010
vt 0.4239 0.3139
vt 0.4281 0.3287
vt 0.4379 0.3402
vt 0.4483 0.3515
vt 0.4604 0.3614
vt 0.4744 0.3647
vt 0.4874 0.3588
vt 0.4981 0.3478
vt 0.5090 0.3349
vt 0.5156 0.3198
vt 0.5946 0.1302
vt 0.5894 0.1140
vt 0.5780 0.1007
vt 0.5674 0.0885
vt 0.5547 0.0817
vt 0.5438 0.0871
vt 0.5380 0.1003
vt 0.5365 0.1063
vt 0.5304 0.1049
vt 0.5170 0.1103
vt 0.5070 0.1191
vt 0.5048 0.1328
vt 0.5000 0.1457
vt 0.5000 0.1583
vt 0.5024 0.1690
vt 0.5036 0.1783
vt 0.5136 0.1787
vt 0.5278 0.1718
vt 0.5322 0.1721
vt 0.5370 0.1731
vt 0.5485 0.1810
vt 0.5597 0.1860
vt 0.5709 0.1809
vt 0.5776 0.1704
vt 0.5845 0.1581
vt 0.5893 0.1447
vt 0.8289 0.0216
vt 0.8313 0.0194
vt 0.3733 0.4810
vt 0.0187 0.0266
vt 0.0117 0.0231
vt 0.3747 0.4822
vt 0.8795 0.7396
vt 0.8776 0.7404
vt 0.1982 0.7896
vt 0.1977 0.7917
vt 0.1960 0.8070
vt 0.1968 0.7972
vt 0.6178 0.9881
vt 0.6184 0.9922
vt 0.6162 0.9852
vt 0.3721 0.8929
vt 0.3595 0.8975
vt 0.6047 0.9720
vt 0.6111 0.9804
vt 0.5970 0.9624
vt 0.5880 0.9526
vt 0.5776 0.9433
vt 0.5658 0.9348
vt 0.5533 0.9276
vt 0.5406 0.9222
vt 0.5276 0.9176
vt 0.5144 0.9140
vt 0.5010 0.9110
vt 0.4874 0.9087
vt 0.4731 0.9069
vt 0.4581 0.9051
vt 0.3570 0.8986
vt 0.4422 0.9025
vt 0.4251 0.8994
vt 0.4069 0.8960
vt 0.3890 0.8926
vt 0.6099 0.6191
vt 0.6201 0.6339
vt 0.6297 0.6484
vt 0.0347 0.1137
vt 0.0312 0.1157
vt 0.0865 0.9216
vt 0.0903 0.9227
vt 0.0830 0.9213
vt 0.0540 0.9159
vt 0.0384 0.9128
vt 0.0683 0.9190
f 52/1 34/2 33/3 51/4
f 58/5 25/6 48/7 57/8
f 64/9 27/10 26/11 63/12
f 70/13 42/14 41/15 69/16
f 73/17 35/18 34/2 52/1
f 76/19 28/20 27/10 64/9
f 79/21 43/22 42/14 70/13
f 82/23 36/24 35/18 73/17
f 85/25 29/26 28/20 76/19
f 88/27 44/28 43/22 79/21
f 91/29 37/30 36/24 82/23
f 94/31 30/32 29/26 85/25
f 97/33 45/34 44/28 88/27
f 100/35 38/36 37/30 91/29
f 2219/37 2216/38 30/32 94/31
f 106/39 46/40 45/34 97/33
f 109/41 39/42 38/36 100/35
f 2210/43 2207/44 31/45 103/46
f 115/47 47/48 46/40 106/39
f 118/49 40/50 39/42 109/41
f 51/4 33/3 32/51 112/52
f 57/8 48/7 47/48 115/47
f 63/12 26/11 25/6 58/5
f 69/16 41/15 40/50 118/49
f 17/53 67/54 120/55 16/56
f 67/54 68/57 119/58 120/55
f 68/57 69/16 118/49 119/58
f 2/59 61/60 60/61 1/62
f 61/60 62/63 59/64 60/61
f 62/63 63/12 58/5 59/64
f 24/65 55/66 117/67 23/68
f 55/66 56/69 116/70 117/67
f 56/69 57/8 115/47 116/70
f 9/71 49/72 114/73 8/74
f 49/72 50/75 113/76 114/73
f 50/75 51/4 112/52 113/76
f 16/56 120/55 111/77 15/78
f 120/55 119/58 110/79 111/77
f 119/58 118/49 109/41 110/79
f 23/68 117/67 108/80 22/81
f 117/67 116/70 107/82 108/80
f 116/70 115/47 106/39 107/82
f 2206/83 2208/84 105/85 7/86
f 2208/84 2209/87 104/88 105/85
f 2209/87 2210/43 103/46 104/88
f 15/78 111/77 102/89 14/90
f 111/77 110/79 101/91 102/89
f 110/79 109/41 100/35 101/91
f 22/81 108/80 99/92 21/93
f 108/80 107/82 98/94 99/92
f 107/82 106/39 97/33 98/94
f 2215/95 2217/96 96/97 6/98
f 2217/96 2218/99 95/100 96/97
f 2218/99 2219/37 94/31 95/100
f 14/90 102/89 93/101 13/102
f 102/89 101/91 92/103 93/101
f 101/91 100/35 91/29 92/103
f 21/93 99/92 90/104 20/105
f 99/92 98/94 89/106 90/104
f 98/94 97/33 88/27 89/106
f 6/98 96/97 87/107 5/108
f 96/97 95/100 86/109 87/107
f 95/100 94/31 85/25 86/109
f 13/102 93/101 84/110 12/111
f 93/101 92/103 83/112 84/110
f 92/103 91/29 82/23 83/112
f 20/105 90/104 81/113 19/114
f 90/104 89/106 80/115 81/113
f 89/106 88/27 79/21 80/115
f 5/108 87/107 78/116 4/117
f 87/107 86/109 77/118 78/116
f 86/109 85/25 76/19 77/118
f 12/111 84/110 75/119 11/120
f 84/110 83/112 74/121 75/119
f 83/112 82/23 73/17 74/121
f 19/114 81/113 72/122 18/123
f 81/113 80/115 71/124 72/122
f 80/115 79/21 70/13 71/124
f 4/117 78/116 66/125 3/126
f 78/116 77/118 65/127 66/125
f 77/118 76/19 64/9 65/127
f 11/120 75/119 54/128 10/129
f 75/119 74/121 53/130 54/128
f 74/121 73/17 52/1 53/130
f 18/123 72/122 67/54 17/53
f 72/122 71/124 68/57 67/54
f 71/124 70/13 69/16 68/57
f 3/126 66/125 61/60 2/59
f 66/125 65/127 62/63 61/60
f 65/127 64/9 63/12 62/63
f 1/62 60/61 55/66 24/65
f 60/61 59/64 56/69 55/66
f 59/64 58/5 57/8 56/69
f 10/129 54/128 49/72 9/71
f 54/128 53/130 50/75 49/72
f 53/130 52/1 51/4 50/75
f 2/59 1/62 121/131 122/132
f 3/126 2/59 122/132 123/133
f 4/117 3/126 123/133 124/134
f 5/108 4/117 124/134 125/135
f 6/98 5/108 125/135 126/136
f 2215/95 6/98 126/136 2220/137
f 2206/83 7/86 127/138 2211/139
f 9/71 8/74 128/140 129/141
f 10/129 9/71 129/141 130/142
f 11/120 10/129 130/142 131/143
f 12/111 11/120 131/143 132/144
f 13/102 12/111 132/144 133/145
f 14/90 13/102 133/145 134/146
f 15/78 14/90 134/146 135/147
f 16/56 15/78 135/147 136/148
f 17/53 16/56 136/148 137/149
f 18/123 17/53 137/149 138/150
f 19/114 18/123 138/150 139/151
f 20/105 19/114 139/151 140/152
f 21/93 20/105 140/152 141/153
f 22/81 21/93 141/153 142/154
f 23/68 22/81 142/154 143/155
f 24/65 23/68 143/155 144/156
f 1/62 24/65 144/156 121/131
f 25/6 26/11 146/157 145/158
f 26/11 27/10 147/159 146/157
f 27/10 28/20 148/160 147/159
f 28/20 29/26 149/161 148/160
f 29/26 30/32 150/162 149/161
f 2216/163 31/164 151/165 2221/166
f 2207/167 32/168 152/169 2212/170
f 32/51 33/3 153/171 152/169
f 33/3 34/2 154/172 153/171
f 34/2 35/18 155/173 154/172
f 35/18 36/24 156/174 155/173
f 36/24 37/30 157/175 156/174
f 37/30 38/36 158/176 157/175
f 38/36 39/42 159/177 158/176
f 39/42 40/50 160/178 159/177
f 40/50 41/15 161/179 160/178
f 41/15 42/14 162/180 161/179
f 42/14 43/22 163/181 162/180
f 43/22 44/28 164/182 163/181
f 44/28 45/34 165/183 164/182
f 45/34 46/40 166/184 165/183
f 46/40 47/48 167/185 166/184
f 47/48 48/7 168/186 167/185
f 48/7 25/6 145/158 168/186
f 122/132 121/131 169/187 170/188
f 123/133 122/132 170/188 171/189
f 124/134 123/133 171/189 172/190
f 125/135 124/134 172/190 173/191
f 126/136 125/135 173/191 174/192
f 2220/137 126/136 174/192 2222/193
f 2211/139 127/138 175/194 2213/195
f 129/141 128/140 176/196 177/197
f 130/142 129/141 177/197 178/198
f 131/143 130/142 178/198 179/199
f 132/144 131/143 179/199 180/200
f 133/145 132/144 180/200 181/201
f 134/146 133/145 181/201 182/202
f 135/147 134/146 182/202 183/203
f 136/148 135/147 183/203 184/204
f 137/149 136/148 184/204 185/205
f 138/150 137/149 185/205 186/206
f 139/151 138/150 186/206 187/207
f 140/152 139/151 187/207 188/208
f 141/153 140/152 188/208 189/209
f 142/154 141/153 189/209 190/210
f 143/155 142/154 190/210 191/211
f 144/156 143/155 191/211 192/212
f 121/131 144/156 192/212 169/187
f 145/158 146/157 194/213 193/214
f 146/157 147/159 195/215 194/213
f 147/159 148/160 196/216 195/215
f 148/160 149/161 197/217 196/216
f 149/161 150/162 198/218 197/217
f 2221/166 151/165 199/219 2223/220
f 2212/170 152/169 200/221 2214/222
f 152/169 153/171 201/223 200/221
f 153/171 154/172 202/224 201/223
f 154/172 155/173 203/225 202/224
f 155/173 156/174 204/226 203/225
f 156/174 157/175 205/227 204/226
f 157/175 158/176 206/228 205/227
f 158/176 159/177 207/229 206/228
f 159/177 160/178 208/230 207/229
f 160/178 161/179 209/231 208/230
f 161/179 162/180 210/232 209/231
f 162/180 163/181 211/233 210/232
f 163/181 164/182 212/234 211/233
f 164/182 165/183 213/235 212/234
f 165/183 166/184 214/236 213/235
f 166/184 167/185 215/237 214/236
f 167/185 168/186 216/238 215/237
f 168/186 145/158 193/214 216/238
f 237/239 339/240 652/241 475/242
f 335/243 351/244 229/245 334/246
f 220/247 344/248 336/249 352/250
f 223/251 224/252 342/253 341/254
f 257/255 258/256 285/257 282/258
f 385/259 390/260 369/261 374/262
f 229/245 351/244 256/263 279/264
f 220/265 330/266 331/267 221/268
f 289/269 395/270 394/271 290/272
f 630/273 346/274 235/275 236/276
f 1663/277 260/278 233/279 1662/280
f 254/281 262/282 259/283 255/284
f 233/279 260/278 261/285 234/286
f 1665/287 263/288 260/278 1663/277
f 253/289 265/290 262/282 254/281
f 260/278 263/288 264/291 261/285
f 1666/292 266/293 263/288 1665/287
f 252/294 268/295 265/290 253/289
f 263/288 266/293 267/296 264/291
f 1667/297 269/298 266/293 1666/292
f 1667/297 1672/299 379/300 269/298
f 266/293 269/298 270/301 267/296
f 269/298 379/300 380/302 270/301
f 248/303 376/304 381/305 277/306
f 250/307 273/308 271/309 251/310
f 249/311 275/312 273/308 250/307
f 248/303 277/306 275/312 249/311
f 277/306 381/305 382/313 278/314
f 271/315 272/316 231/317 230/318
f 231/317 272/316 255/319 219/320
f 273/308 274/321 272/316 271/309
f 272/316 274/321 254/281 255/319
f 275/312 276/322 274/321 273/308
f 274/321 276/322 253/289 254/281
f 277/306 278/314 276/322 275/312
f 276/322 278/314 252/294 253/289
f 278/314 382/313 377/323 252/294
f 288/324 383/325 376/304 248/303
f 281/326 284/327 250/307 251/310
f 284/327 287/328 249/311 250/307
f 287/328 288/324 248/303 249/311
f 283/329 284/327 281/326 280/330
f 285/257 258/256 353/331 391/332
f 279/333 282/334 283/329 280/330
f 286/335 287/328 284/327 283/329
f 256/263 257/255 282/258 279/264
f 282/334 285/257 286/335 283/329
f 286/335 383/325 288/324 287/328
f 331/267 332/336 222/337 221/268
f 336/249 344/248 343/338 663/339
f 227/340 292/341 293/342 228/343
f 1687/344 1660/345 1661/346 1688/347
f 1818/348 247/349 291/350 1819/351
f 247/349 246/352 294/353 291/350
f 291/350 294/353 295/354 292/355
f 292/341 295/354 296/356 293/342
f 294/353 297/357 298/358 295/354
f 295/354 298/358 299/359 296/356
f 309/360 314/361 245/362 246/363
f 1824/364 304/365 247/349 1818/348
f 304/365 309/360 246/363 247/349
f 242/366 310/367 305/368 243/369
f 1817/370 244/371 300/372 1820/373
f 1820/373 300/372 301/374 1821/375
f 1821/375 301/374 302/376 1822/377
f 1822/377 302/376 303/378 1823/379
f 1823/379 303/378 304/365 1824/364
f 244/371 243/369 305/368 300/372
f 300/372 305/368 306/380 301/374
f 301/374 306/380 307/381 302/376
f 302/376 307/381 308/382 303/378
f 303/378 308/382 309/360 304/365
f 305/368 310/367 311/383 306/380
f 306/380 311/383 312/384 307/381
f 307/381 312/384 313/385 308/382
f 308/382 313/385 314/361 309/360
f 320/386 323/387 242/366 243/369
f 1825/388 317/389 244/371 1817/370
f 317/389 320/386 243/369 244/371
f 239/390 321/391 318/392 240/393
f 240/393 318/392 315/394 241/395
f 241/395 315/394 225/396 218/397
f 1691/398 1713/399 368/400 358/401
f 1669/402 319/403 316/404 1668/405
f 1670/406 322/407 319/403 1669/402
f 316/404 319/403 320/386 317/389
f 319/403 322/407 323/387 320/386
f 219/408 232/409 321/391 239/390
f 1662/280 233/279 322/407 1670/406
f 322/407 233/279 234/286 323/387
f 324/410 325/411 224/252 223/251
f 328/412 329/413 327/414 326/415
f 224/252 325/411 241/395 218/397
f 238/416 324/410 223/251 217/417
f 326/415 327/414 325/411 324/410
f 325/411 327/414 240/393 241/395
f 327/414 329/413 239/390 240/393
f 335/243 334/246 333/418 290/419
f 230/318 231/317 329/413 328/412
f 329/413 231/317 219/320 239/390
f 220/247 352/250 289/420 330/266
f 222/337 332/336 238/416 217/417
f 333/418 330/266 289/420 290/419
f 345/421 346/274 630/273 350/422
f 344/248 220/247 221/268 345/423
f 384/424 391/332 353/331 375/425
f 255/319 259/283 232/409 219/320
f 1816/426 1809/427 337/428 624/429
f 624/429 337/428 338/430 658/431
f 337/428 227/340 228/343 338/430
f 341/254 342/253 636/432 340/433
f 1843/434 1849/435 1848/436 1826/437
f 290/419 394/271 393/438 335/243
f 1843/434 1826/437 1838/439 1841/440
f 235/275 341/254 340/433 236/276
f 389/441 384/424 375/425 370/442
f 369/261 402/443 407/444 374/262
f 636/432 342/253 237/239 475/242
f 217/417 223/251 341/254 235/275
f 342/253 224/252 218/397 237/239
f 346/274 222/337 217/417 235/275
f 663/339 681/445 392/446 336/249
f 335/243 393/438 400/447 351/244
f 343/338 344/248 345/423 350/422
f 222/337 346/274 345/421 221/268
f 429/448 434/449 435/450 430/451
f 353/331 401/452 408/453 375/425
f 245/362 297/357 294/353 246/363
f 218/397 225/396 339/240 237/239
f 1808/454 227/340 337/428 1809/427
f 425/455 424/456 409/457 416/458
f 404/459 451/460 458/461 371/462
f 389/441 370/442 369/261 390/260
f 381/305 389/441 390/260 382/313
f 386/463 385/259 374/262 373/464
f 352/250 399/465 395/270 289/420
f 376/304 383/325 391/332 384/424
f 378/466 377/467 385/259 386/463
f 375/425 408/453 403/468 370/442
f 372/469 405/470 404/459 371/462
f 388/471 387/472 372/469 371/462
f 374/262 407/444 406/473 373/464
f 336/249 392/446 399/465 352/250
f 1697/474 364/475 367/476 1712/477
f 258/256 396/478 401/452 353/331
f 1646/479 386/463 373/464 1644/480
f 377/323 382/313 390/260 385/259
f 403/468 402/443 369/261 370/442
f 1645/481 378/466 386/463 1646/479
f 1808/454 1811/482 292/341 227/340
f 381/305 376/304 384/424 389/441
f 1671/483 1674/484 405/470 372/469
f 380/302 379/300 387/472 388/471
f 285/257 391/332 383/325 286/335
f 710/485 421/486 428/487 719/488
f 351/244 400/447 398/489 256/263
f 256/263 398/489 397/490 257/255
f 257/255 397/490 396/478 258/256
f 410/491 450/492 296/356 299/359
f 412/493 441/494 445/495 411/496
f 445/497 444/498 449/499 450/500
f 442/501 447/502 448/503 443/504
f 442/501 733/505 446/506 447/502
f 413/507 437/508 441/494 412/493
f 441/494 440/509 444/498 445/495
f 438/510 442/501 443/504 439/511
f 438/510 728/512 733/505 442/501
f 435/513 439/514 440/515 436/516
f 437/508 436/516 440/515 441/494
f 434/449 438/510 439/511 435/450
f 432/517 431/518 436/516 437/508
f 434/449 433/519 728/512 438/510
f 411/496 445/495 450/500 410/491
f 380/302 466/520 470/521 270/301
f 414/522 432/517 437/508 413/507
f 430/451 435/450 436/516 431/518
f 418/523 430/451 431/518 419/524
f 420/525 419/524 431/518 432/517
f 417/526 429/448 430/451 418/523
f 417/526 348/527 347/528 429/448
f 422/529 418/523 419/524 423/530
f 427/531 422/529 423/530 426/532
f 424/533 423/530 419/524 420/525
f 421/534 417/526 418/523 422/529
f 421/534 710/485 348/527 417/526
f 448/535 228/343 293/342 449/536
f 426/532 423/530 424/533 425/455
f 421/534 422/529 427/531 428/487
f 415/537 420/525 432/517 414/522
f 296/356 450/492 449/499 293/342
f 447/502 338/430 228/343 448/503
f 338/430 447/502 446/506 658/431
f 451/460 452/538 457/539 458/461
f 457/539 461/540 462/541 458/461
f 461/540 465/542 466/543 462/541
f 429/448 347/528 433/519 434/449
f 1804/544 494/545 495/546 1805/547
f 409/457 424/456 420/525 415/537
f 469/548 473/549 474/550 470/551
f 443/504 448/503 449/536 444/498
f 439/514 443/504 444/498 440/515
f 270/301 470/521 474/550 267/296
f 468/552 472/553 473/549 469/548
f 467/554 471/555 472/553 468/552
f 467/554 413/507 412/493 471/555
f 463/556 414/522 413/507 467/554
f 465/542 469/548 470/551 466/543
f 464/557 468/552 469/548 465/542
f 463/556 467/554 468/552 464/557
f 388/471 462/541 466/543 380/302
f 460/558 464/557 465/542 461/540
f 459/559 463/556 464/557 460/558
f 459/559 415/537 414/522 463/556
f 371/462 458/461 462/541 388/471
f 456/560 460/558 461/540 457/539
f 455/561 459/559 460/558 456/560
f 455/561 409/457 415/537 459/559
f 452/538 453/562 456/560 457/539
f 453/562 454/563 455/561 456/560
f 454/563 416/458 409/457 455/561
f 1786/564 476/565 490/566 1803/567
f 1795/568 491/569 492/570 1793/571
f 1790/572 482/573 483/574 1794/575
f 1796/576 484/577 491/569 1795/568
f 1794/575 483/574 484/577 1796/576
f 1797/578 489/579 478/580 1791/581
f 1793/571 492/570 493/582 1792/583
f 1799/584 477/585 485/586 1798/587
f 1798/587 485/586 486/588 1800/589
f 1800/589 486/588 487/590 1801/591
f 1788/592 480/593 479/594 1787/595
f 1801/591 487/590 488/596 1802/597
f 1802/597 488/596 489/579 1797/578
f 1803/567 490/566 477/585 1799/584
f 1792/583 493/582 494/545 1804/544
f 1805/547 495/546 496/598 1806/599
f 1789/600 481/601 480/593 1788/592
f 1785/602 497/603 481/601 1789/600
f 1785/602 1806/599 496/598 497/603
f 1791/581 478/580 482/573 1790/572
f 252/294 377/323 378/466 268/295
f 519/604 475/242 652/241 627/605
f 622/606 620/607 510/608 634/609
f 502/610 635/611 623/612 631/613
f 505/614 628/615 629/616 506/617
f 541/618 566/619 569/620 542/621
f 673/622 661/623 655/624 678/625
f 616/626 522/627 521/628 619/629
f 510/608 563/630 540/631 634/609
f 502/632 503/633 615/634 614/635
f 573/636 574/637 683/638 684/639
f 630/273 236/276 518/640 633/641
f 543/642 515/643 516/644 544/645
f 538/646 539/647 543/648 546/649
f 516/644 517/650 545/651 544/645
f 546/649 543/648 544/645 547/652
f 537/653 538/646 546/649 549/654
f 544/645 545/651 548/655 547/652
f 549/654 546/649 547/652 550/656
f 536/657 537/653 549/654 552/658
f 547/652 548/655 551/659 550/656
f 552/658 549/654 550/656 553/660
f 552/658 553/660 667/661 666/662
f 550/656 551/659 554/663 553/660
f 553/660 554/663 668/664 667/661
f 535/665 500/666 513/667 555/668
f 532/669 561/670 669/671 664/672
f 534/673 535/665 555/668 557/674
f 533/675 534/673 557/674 559/676
f 532/669 533/675 559/676 561/670
f 561/670 562/677 670/678 669/671
f 555/668 513/667 514/679 556/680
f 514/679 501/681 539/682 556/680
f 557/674 555/668 556/680 558/683
f 556/680 539/682 538/646 558/683
f 559/676 557/674 558/683 560/684
f 558/683 538/646 537/653 560/684
f 561/670 559/676 560/684 562/677
f 560/684 537/653 536/657 562/677
f 562/677 536/657 665/685 670/678
f 572/686 532/669 664/672 671/687
f 565/688 535/665 534/673 568/689
f 568/689 534/673 533/675 571/690
f 571/690 533/675 532/669 572/686
f 564/691 511/692 512/693 565/694
f 510/608 511/692 564/691 563/630
f 567/695 564/691 565/694 568/689
f 569/620 679/696 637/697 542/621
f 563/630 564/691 567/695 566/698
f 570/699 567/695 568/689 571/690
f 540/631 563/630 566/698 541/618
f 566/698 567/695 570/699 569/620
f 570/699 571/690 572/686 671/687
f 615/634 503/633 504/700 616/701
f 623/612 663/339 343/338 631/613
f 617/702 618/703 621/704 620/705
f 508/706 509/707 577/708 576/709
f 1829/710 1830/711 575/712 531/713
f 531/713 575/712 578/714 530/715
f 575/712 576/716 579/717 578/714
f 576/709 577/708 580/718 579/717
f 578/714 579/717 582/719 581/720
f 579/717 580/718 583/721 582/719
f 593/722 530/723 529/724 598/725
f 1835/726 1829/710 531/713 588/727
f 588/727 531/713 530/715 593/722
f 526/728 527/729 589/730 594/731
f 1828/732 1831/733 584/734 528/735
f 1831/733 1832/736 585/737 584/734
f 1832/736 1833/738 586/739 585/737
f 2130/740 1834/741 587/742 2120/743
f 2145/744 1835/726 588/727 2135/745
f 528/735 584/734 589/730 527/729
f 584/734 585/737 590/746 589/730
f 585/737 586/739 591/747 590/746
f 2120/743 587/742 592/748 2121/749
f 2135/745 588/727 593/722 2136/750
f 589/730 590/746 595/751 594/731
f 590/746 591/747 596/752 595/751
f 2121/749 592/748 597/753 2122/754
f 2136/750 593/722 598/725 2137/755
f 604/756 527/729 526/728 607/757
f 1836/758 1828/732 528/735 601/759
f 601/759 528/735 527/729 604/756
f 523/760 524/761 602/762 605/763
f 524/761 525/764 599/765 602/762
f 525/764 499/766 507/767 599/765
f 1701/768 642/769 654/770 1717/771
f 602/762 599/765 600/772 603/773
f 605/763 602/762 603/773 606/774
f 600/772 601/759 604/756 603/773
f 603/773 604/756 607/757 606/774
f 520/775 521/776 610/777 612/778
f 501/779 523/760 605/763 515/780
f 515/643 605/763 606/774 516/644
f 521/628 522/627 608/781 610/777
f 606/774 607/757 517/650 516/644
f 608/782 505/614 506/617 609/783
f 612/778 610/777 611/784 613/785
f 500/666 520/775 612/778 513/667
f 506/617 499/766 525/764 609/783
f 522/627 498/786 505/614 608/781
f 610/777 608/781 609/783 611/784
f 609/783 525/764 524/761 611/784
f 611/784 524/761 523/760 613/785
f 622/606 574/787 617/702 620/607
f 513/667 612/778 613/785 514/679
f 613/785 523/760 501/779 514/679
f 502/610 614/635 573/788 635/611
f 619/629 618/789 615/634 616/626
f 504/700 498/786 522/627 616/701
f 614/635 615/634 618/789 617/702
f 618/789 619/629 790/790 788/791
f 617/702 574/787 573/636 614/635
f 512/693 511/692 788/792 791/793
f 790/790 789/794 791/793 788/791
f 620/705 621/704 511/692 510/608
f 632/795 350/422 630/273 633/641
f 631/613 632/796 503/633 502/610
f 672/797 662/798 637/697 679/696
f 539/682 501/681 515/780 543/648
f 1816/426 624/429 625/799 1813/800
f 624/429 658/431 626/801 625/799
f 625/799 626/801 509/707 508/706
f 628/615 340/433 636/432 629/616
f 1842/802 1844/803 1837/804 1827/805
f 574/787 622/606 682/806 683/638
f 1844/803 1841/440 1838/439 1837/804
f 518/640 236/276 340/433 628/615
f 677/807 656/808 662/798 672/797
f 655/624 661/623 696/809 691/810
f 636/432 475/242 519/604 629/616
f 498/786 518/640 628/615 505/614
f 629/616 519/604 499/766 506/617
f 633/641 518/640 498/786 504/700
f 663/339 623/612 680/811 681/445
f 622/606 634/609 689/812 682/806
f 343/338 350/422 632/795 631/613
f 504/700 503/633 632/796 633/641
f 720/813 721/814 725/815 724/816
f 637/697 662/798 697/817 690/818
f 529/724 530/723 578/714 581/720
f 499/766 519/604 627/605 507/767
f 1812/819 1813/800 625/799 508/706
f 1787/595 479/594 476/565 1786/564
f 715/820 705/821 698/822 714/823
f 693/824 657/825 749/826 742/827
f 677/807 678/625 655/624 656/808
f 669/671 670/678 678/625 677/807
f 674/828 660/829 661/623 673/622
f 1698/830 638/831 653/832 1716/833
f 635/611 573/788 684/639 688/834
f 664/672 672/797 679/696 671/687
f 666/835 674/828 673/622 665/836
f 662/798 656/808 692/837 697/817
f 659/838 657/825 693/824 694/839
f 676/840 657/825 659/838 675/841
f 661/623 660/829 695/842 696/809
f 623/612 635/611 688/834 680/811
f 1709/843 650/844 651/845 1708/846
f 1708/846 651/845 638/831 1698/830
f 1707/847 1716/833 653/832 648/848
f 542/621 637/697 690/818 685/849
f 675/841 659/838 660/829 674/828
f 665/685 673/622 678/625 670/678
f 692/837 656/808 655/624 691/810
f 512/693 500/666 535/665 565/694
f 667/661 675/841 674/828 666/662
f 1812/819 508/706 576/709 1815/850
f 669/671 677/807 672/797 664/672
f 660/829 659/838 694/839 695/842
f 668/664 676/840 675/841 667/661
f 569/620 570/699 671/687 679/696
f 710/485 719/488 718/851 711/852
f 634/609 540/631 687/853 689/812
f 540/631 541/618 686/854 687/853
f 541/618 542/621 685/849 686/854
f 699/855 583/721 580/718 741/856
f 701/857 700/858 737/859 732/860
f 737/861 741/862 740/863 736/864
f 734/865 735/866 739/867 738/868
f 734/865 738/868 446/506 733/505
f 702/869 701/857 732/860 727/870
f 732/860 737/859 736/864 731/871
f 729/872 730/873 735/866 734/865
f 729/872 734/865 733/505 728/512
f 725/874 726/875 731/876 730/877
f 727/870 732/860 731/871 726/875
f 724/816 725/815 730/877 729/872
f 723/878 727/870 726/875 722/879
f 724/816 729/872 728/512 433/519
f 700/858 699/855 741/856 737/859
f 668/664 554/663 761/880 757/881
f 703/882 702/869 727/870 723/878
f 721/814 722/879 726/875 725/815
f 707/883 708/884 722/879 721/814
f 709/885 723/878 722/879 708/884
f 706/886 707/883 721/814 720/813
f 706/886 720/813 347/528 348/527
f 712/887 713/888 708/884 707/883
f 717/889 716/890 713/888 712/887
f 714/891 709/885 708/884 713/888
f 711/892 712/887 707/883 706/886
f 711/852 706/886 348/527 710/485
f 739/893 740/894 577/708 509/707
f 716/890 715/820 714/823 713/888
f 711/892 718/851 717/889 712/887
f 704/895 703/882 723/878 709/885
f 580/718 577/708 740/894 741/856
f 738/868 739/867 509/707 626/801
f 626/801 658/431 446/506 738/868
f 742/827 749/826 748/896 743/897
f 748/896 749/826 753/898 752/899
f 752/899 753/898 757/900 756/901
f 720/813 724/816 433/519 347/528
f 2201/902 2184/903 784/904 1782/905
f 698/822 704/895 709/885 714/823
f 760/906 761/907 765/908 764/909
f 735/866 736/864 740/863 739/867
f 730/877 731/876 736/864 735/866
f 554/663 551/659 765/908 761/880
f 759/910 760/906 764/909 763/911
f 2182/912 759/910 763/911 2183/913
f 2154/914 2155/915 701/857 702/869
f 2153/916 2154/914 702/869 703/882
f 756/901 757/900 761/880 760/906
f 755/917 756/901 760/906 759/910
f 2181/918 755/917 759/910 2182/912
f 676/840 668/664 757/881 753/898
f 751/919 752/899 756/901 755/917
f 2180/920 751/919 755/917 2181/918
f 2152/921 2153/916 703/882 704/895
f 657/825 676/840 753/898 749/826
f 747/922 748/896 752/899 751/919
f 2179/923 747/922 751/919 2180/920
f 2151/924 2152/921 704/895 698/822
f 743/897 748/896 747/922 744/925
f 2178/926 2179/927 746/928 745/929
f 2150/930 2151/924 698/822 705/821
f 1781/931 780/932 766/933 1764/934
f 1771/935 782/936 781/937 1773/938
f 1772/939 773/940 772/941 1768/942
f 1773/938 781/937 774/943 1774/944
f 1774/944 774/943 773/940 1772/939
f 1769/945 768/946 779/947 1775/948
f 1770/949 783/950 782/936 1771/935
f 1776/951 775/952 767/953 1777/954
f 1778/955 776/956 775/952 1776/951
f 1779/957 777/958 776/956 1778/955
f 1765/959 769/960 770/961 1766/962
f 2129/963 2124/964 777/958 1779/957
f 2144/965 2139/966 778/967 1780/968
f 1777/954 767/953 780/932 1781/931
f 2173/969 2156/970 783/950 1770/949
f 1784/971 786/972 785/973 1783/974
f 1766/962 770/961 771/975 1767/976
f 1767/976 771/975 787/977 1763/978
f 1763/978 787/977 786/972 1784/971
f 1768/942 772/941 768/946 1769/945
f 536/657 552/658 666/662 665/685
f 500/666 512/693 791/793 789/794
f 521/776 520/775 500/666 789/794
f 619/629 521/628 789/794 790/790
f 621/704 618/703 788/791 511/692
f 797/979 800/980 802/981 798/982
f 794/983 803/984 800/985 793/986
f 802/981 800/980 803/984 801/987
f 792/988 801/987 803/984 794/983
f 796/989 801/987 792/988 795/990
f 798/982 802/981 801/987 796/989
f 799/991 793/986 800/985 797/979
f 333/418 334/246 799/991 797/979
f 332/336 331/267 797/979 798/982
f 238/416 332/336 798/982 796/989
f 326/415 796/989 795/990 328/412
f 238/416 796/989 326/415 324/410
f 331/267 330/266 333/418 797/979
f 281/326 794/983 793/986 280/330
f 334/246 229/245 793/986 799/991
f 328/412 795/990 792/988 230/318
f 251/310 271/309 230/318 792/988
f 251/310 792/988 794/983 281/326
f 280/330 793/986 229/245 279/333
f 871/992 870/993 821/994 822/995
f 884/996 871/992 822/995 823/997
f 910/998 909/999 849/1000 848/1001
f 923/1002 884/996 823/997 824/1003
f 909/999 948/1004 850/1005 849/1000
f 949/1006 923/1002 824/1003 825/1007
f 975/1008 974/1009 809/1010 808/1011
f 948/1004 1000/1012 851/1013 850/1005
f 1014/1014 1013/1015 835/1016 836/1017
f 1040/1018 1039/1019 815/1020 814/1021
f 1000/1012 1065/1022 852/1023 851/1013
f 1079/1024 1078/1025 831/1026 804/1027
f 1105/1028 1104/1029 841/1030 842/1031
f 974/1009 1130/1032 810/1033 809/1010
f 1065/1022 1143/1034 853/1035 852/1023
f 1144/1036 1014/1014 836/1017 837/1037
f 1170/1038 1169/1039 806/1040 805/1041
f 1143/1034 949/1006 825/1007 853/1035
f 1196/1042 1195/1043 832/1044 833/1045
f 1222/1046 1221/1047 817/1048 816/1049
f 1248/1050 1247/1051 843/1052 844/1053
f 1261/1054 1079/1024 804/1027 811/1055
f 1287/1056 1286/1057 838/1058 830/1059
f 1300/1060 975/1008 808/1011 813/1061
f 1013/1015 1325/1062 840/1063 835/1016
f 1326/1064 1300/1060 813/1061 820/1065
f 1078/1025 1287/1056 830/1059 831/1026
f 1339/1066 1261/1054 811/1055 807/1067
f 1352/1068 1222/1046 816/1049 826/1069
f 1325/1062 1377/1070 847/1071 840/1063
f 1661/1072 1390/1073 818/1074 1648/1075
f 1391/1076 1352/1068 826/1069 827/1077
f 1286/1057 1416/1078 834/1079 838/1058
f 1130/1032 1429/1080 812/1081 810/1033
f 1430/1082 1391/1076 827/1077 828/1083
f 1443/1084 1248/1050 844/1053 845/1085
f 1390/1073 1468/1086 819/1087 818/1074
f 1469/1088 1430/1082 828/1083 829/1089
f 1482/1090 1144/1036 837/1037 839/1091
f 1247/1051 1507/1092 854/1093 843/1052
f 1468/1086 1040/1018 814/1021 819/1087
f 870/993 1469/1088 829/1089 821/994
f 1508/1094 1443/1084 845/1085 846/1095
f 1507/1092 1533/1096 855/1097 854/1093
f 1039/1019 1326/1064 820/1065 815/1020
f 1104/1029 1508/1094 846/1095 841/1030
f 1533/1096 1546/1098 856/1099 855/1097
f 1429/1080 1170/1038 805/1041 812/1081
f 1377/1070 1105/1028 842/1031 847/1071
f 2198/1100 1559/1101 857/1102 2185/1103
f 1169/1039 1339/1066 807/1067 806/1040
f 1195/1043 1482/1090 839/1091 832/1044
f 2170/1104 910/998 848/1001 2157/1105
f 1416/1078 1196/1042 833/1045 834/1079
f 684/639 683/638 1208/1106 1404/1107
f 1404/1107 1208/1106 1207/1108 1405/1109
f 1405/1109 1207/1108 1206/1110 1406/1111
f 1406/1111 1206/1110 1205/1112 1407/1113
f 1407/1113 1205/1112 1204/1114 1408/1115
f 1408/1115 1204/1114 1203/1116 1409/1117
f 1409/1117 1203/1116 1202/1118 1410/1119
f 1410/1119 1202/1118 1201/1120 1411/1121
f 1411/1121 1201/1120 1200/1122 1412/1123
f 1412/1123 1200/1122 1199/1124 1413/1125
f 1413/1125 1199/1124 1198/1126 1414/1127
f 1414/1127 1198/1126 1197/1128 1415/1129
f 1415/1129 1197/1128 1196/1042 1416/1078
f 2150/930 705/821 922/1130 2158/1131
f 2158/1131 922/1130 921/1132 2159/1133
f 2159/1133 921/1132 920/1134 2160/1135
f 2160/1135 920/1134 919/1136 2161/1137
f 2161/1137 919/1136 918/1138 2162/1139
f 2162/1139 918/1138 917/1140 2163/1141
f 2163/1141 917/1140 916/1142 2164/1143
f 2164/1143 916/1142 915/1144 2165/1145
f 2165/1145 915/1144 914/1146 2166/1147
f 2166/1147 914/1146 913/1148 2167/1149
f 2167/1149 913/1148 912/1150 2168/1151
f 2168/1151 912/1150 911/1152 2169/1153
f 2169/1153 911/1152 910/998 2170/1104
f 682/806 689/812 1494/1154 1183/1155
f 1183/1155 1494/1154 1493/1156 1184/1157
f 1184/1157 1493/1156 1492/1158 1185/1159
f 1185/1159 1492/1158 1491/1160 1186/1161
f 1186/1161 1491/1160 1490/1162 1187/1163
f 1187/1163 1490/1162 1489/1164 1188/1165
f 1188/1165 1489/1164 1488/1166 1189/1167
f 1189/1167 1488/1166 1487/1168 1190/1169
f 1190/1169 1487/1168 1486/1170 1191/1171
f 1191/1171 1486/1170 1485/1172 1192/1173
f 1192/1173 1485/1172 1484/1174 1193/1175
f 1193/1175 1484/1174 1483/1176 1194/1177
f 1194/1177 1483/1176 1482/1090 1195/1043
f 394/271 395/270 1351/1178 1157/1179
f 1157/1179 1351/1178 1350/1180 1158/1181
f 1158/1181 1350/1180 1349/1182 1159/1183
f 1159/1183 1349/1182 1348/1184 1160/1185
f 1160/1185 1348/1184 1347/1186 1161/1187
f 1161/1187 1347/1186 1346/1188 1162/1189
f 1162/1189 1346/1188 1345/1190 1163/1191
f 1163/1191 1345/1190 1344/1192 1164/1193
f 1164/1193 1344/1192 1343/1194 1165/1195
f 1165/1195 1343/1194 1342/1196 1166/1197
f 1166/1197 1342/1196 1341/1198 1167/1199
f 1167/1199 1341/1198 1340/1200 1168/1201
f 1168/1201 1340/1200 1339/1066 1169/1039
f 2178/926 745/929 1547/1202 2186/1203
f 2186/1203 1547/1202 1548/1204 2187/1205
f 2187/1205 1548/1204 1549/1206 2188/1207
f 2188/1207 1549/1206 1550/1208 2189/1209
f 2189/1209 1550/1208 1551/1210 2190/1211
f 2190/1211 1551/1210 1552/1212 2191/1213
f 2191/1213 1552/1212 1553/1214 2192/1215
f 2192/1215 1553/1214 1554/1216 2193/1217
f 2193/1217 1554/1216 1555/1218 2194/1219
f 2194/1219 1555/1218 1556/1220 2195/1221
f 2195/1221 1556/1220 1557/1222 2196/1223
f 2196/1223 1557/1222 1558/1224 2197/1225
f 2197/1225 1558/1224 1559/1101 2198/1100
f 697/817 692/837 1117/1226 1365/1227
f 1365/1227 1117/1226 1116/1228 1366/1229
f 1366/1229 1116/1228 1115/1230 1367/1231
f 1367/1231 1115/1230 1114/1232 1368/1233
f 1368/1233 1114/1232 1113/1234 1369/1235
f 1369/1235 1113/1234 1112/1236 1370/1237
f 1370/1237 1112/1236 1111/1238 1371/1239
f 1371/1239 1111/1238 1110/1240 1372/1241
f 1372/1241 1110/1240 1109/1242 1373/1243
f 1373/1243 1109/1242 1108/1244 1374/1245
f 1374/1245 1108/1244 1107/1246 1375/1247
f 1375/1247 1107/1246 1106/1248 1376/1249
f 1376/1249 1106/1248 1105/1028 1377/1070
f 400/447 393/438 1182/1250 1417/1251
f 1417/1251 1182/1250 1181/1252 1418/1253
f 1418/1253 1181/1252 1180/1254 1419/1255
f 1419/1255 1180/1254 1179/1256 1420/1257
f 1420/1257 1179/1256 1178/1258 1421/1259
f 1421/1259 1178/1258 1177/1260 1422/1261
f 1422/1261 1177/1260 1176/1262 1423/1263
f 1423/1263 1176/1262 1175/1264 1424/1265
f 1424/1265 1175/1264 1174/1266 1425/1267
f 1425/1267 1174/1266 1173/1268 1426/1269
f 1426/1269 1173/1268 1172/1270 1427/1271
f 1427/1271 1172/1270 1171/1272 1428/1273
f 1428/1273 1171/1272 1170/1038 1429/1080
f 743/897 744/925 1534/1274 1521/1275
f 1521/1275 1534/1274 1535/1276 1522/1277
f 1522/1277 1535/1276 1536/1278 1523/1279
f 1523/1279 1536/1278 1537/1280 1524/1281
f 1524/1281 1537/1280 1538/1282 1525/1283
f 1525/1283 1538/1282 1539/1284 1526/1285
f 1526/1285 1539/1284 1540/1286 1527/1287
f 1527/1287 1540/1286 1541/1288 1528/1289
f 1528/1289 1541/1288 1542/1290 1529/1291
f 1529/1291 1542/1290 1543/1292 1530/1293
f 1530/1293 1543/1292 1544/1294 1531/1295
f 1531/1295 1544/1294 1545/1296 1532/1297
f 1532/1297 1545/1296 1546/1098 1533/1096
f 691/810 696/809 1520/1298 1092/1299
f 1092/1299 1520/1298 1519/1300 1093/1301
f 1093/1301 1519/1300 1518/1302 1094/1303
f 1094/1303 1518/1302 1517/1304 1095/1305
f 1095/1305 1517/1304 1516/1306 1096/1307
f 1096/1307 1516/1306 1515/1308 1097/1309
f 1097/1309 1515/1308 1514/1310 1098/1311
f 1098/1311 1514/1310 1513/1312 1099/1313
f 1099/1313 1513/1312 1512/1314 1100/1315
f 1100/1315 1512/1314 1511/1316 1101/1317
f 1101/1317 1511/1316 1510/1318 1102/1319
f 1102/1319 1510/1318 1509/1320 1103/1321
f 1103/1321 1509/1320 1508/1094 1104/1029
f 403/468 408/453 1338/1322 1027/1323
f 1027/1323 1338/1322 1337/1324 1028/1325
f 1028/1325 1337/1324 1336/1326 1029/1327
f 1029/1327 1336/1326 1335/1328 1030/1329
f 1030/1329 1335/1328 1334/1330 1031/1331
f 1031/1331 1334/1330 1333/1332 1032/1333
f 1032/1333 1333/1332 1332/1334 1033/1335
f 1033/1335 1332/1334 1331/1336 1034/1337
f 1034/1337 1331/1336 1330/1338 1035/1339
f 1035/1339 1330/1338 1329/1340 1036/1341
f 1036/1341 1329/1340 1328/1342 1037/1343
f 1037/1343 1328/1342 1327/1344 1038/1345
f 1038/1345 1327/1344 1326/1064 1039/1019
f 742/827 743/897 1521/1275 1495/1346
f 1495/1346 1521/1275 1522/1277 1496/1347
f 1496/1347 1522/1277 1523/1279 1497/1348
f 1497/1348 1523/1279 1524/1281 1498/1349
f 1498/1349 1524/1281 1525/1283 1499/1350
f 1499/1350 1525/1283 1526/1285 1500/1351
f 1500/1351 1526/1285 1527/1287 1501/1352
f 1501/1352 1527/1287 1528/1289 1502/1353
f 1502/1353 1528/1289 1529/1291 1503/1354
f 1503/1354 1529/1291 1530/1293 1504/1355
f 1504/1355 1530/1293 1531/1295 1505/1356
f 1505/1356 1531/1295 1532/1297 1506/1357
f 1506/1357 1532/1297 1533/1096 1507/1092
f 696/809 695/842 1455/1358 1520/1298
f 1520/1298 1455/1358 1454/1359 1519/1300
f 1519/1300 1454/1359 1453/1360 1518/1302
f 1518/1302 1453/1360 1452/1361 1517/1304
f 1517/1304 1452/1361 1451/1362 1516/1306
f 1516/1306 1451/1362 1450/1363 1515/1308
f 1515/1308 1450/1363 1449/1364 1514/1310
f 1514/1310 1449/1364 1448/1365 1513/1312
f 1513/1312 1448/1365 1447/1366 1512/1314
f 1512/1314 1447/1366 1446/1367 1511/1316
f 1511/1316 1446/1367 1445/1368 1510/1318
f 1510/1318 1445/1368 1444/1369 1509/1320
f 1509/1320 1444/1369 1443/1084 1508/1094
f 416/458 454/563 1481/1370 858/1371
f 858/1371 1481/1370 1480/1372 859/1373
f 859/1373 1480/1372 1479/1374 860/1375
f 860/1375 1479/1374 1478/1376 861/1377
f 861/1377 1478/1376 1477/1378 862/1379
f 862/1379 1477/1378 1476/1380 863/1381
f 863/1381 1476/1380 1475/1382 864/1383
f 864/1383 1475/1382 1474/1384 865/1385
f 865/1385 1474/1384 1473/1386 866/1387
f 866/1387 1473/1386 1472/1388 867/1389
f 867/1389 1472/1388 1471/1390 868/1391
f 868/1391 1471/1390 1470/1392 869/1393
f 869/1393 1470/1392 1469/1088 870/993
f 407/444 402/443 1052/1394 1456/1395
f 1456/1395 1052/1394 1051/1396 1457/1397
f 1457/1397 1051/1396 1050/1398 1458/1399
f 1458/1399 1050/1398 1049/1400 1459/1401
f 1459/1401 1049/1400 1048/1402 1460/1403
f 1460/1403 1048/1402 1047/1404 1461/1405
f 1461/1405 1047/1404 1046/1406 1462/1407
f 1462/1407 1046/1406 1045/1408 1463/1409
f 1463/1409 1045/1408 1044/1410 1464/1411
f 1464/1411 1044/1410 1043/1412 1465/1413
f 1465/1413 1043/1412 1042/1414 1466/1415
f 1466/1415 1042/1414 1041/1416 1467/1417
f 1467/1417 1041/1416 1040/1018 1468/1086
f 693/824 742/827 1495/1346 1235/1418
f 1235/1418 1495/1346 1496/1347 1236/1419
f 1236/1419 1496/1347 1497/1348 1237/1420
f 1237/1420 1497/1348 1498/1349 1238/1421
f 1238/1421 1498/1349 1499/1350 1239/1422
f 1239/1422 1499/1350 1500/1351 1240/1423
f 1240/1423 1500/1351 1501/1352 1241/1424
f 1241/1424 1501/1352 1502/1353 1242/1425
f 1242/1425 1502/1353 1503/1354 1243/1426
f 1243/1426 1503/1354 1504/1355 1244/1427
f 1244/1427 1504/1355 1505/1356 1245/1428
f 1245/1428 1505/1356 1506/1357 1246/1429
f 1246/1429 1506/1357 1507/1092 1247/1051
f 689/812 687/853 1156/1430 1494/1154
f 1494/1154 1156/1430 1155/1431 1493/1156
f 1493/1156 1155/1431 1154/1432 1492/1158
f 1492/1158 1154/1432 1153/1433 1491/1160
f 1491/1160 1153/1433 1152/1434 1490/1162
f 1490/1162 1152/1434 1151/1435 1489/1164
f 1489/1164 1151/1435 1150/1436 1488/1166
f 1488/1166 1150/1436 1149/1437 1487/1168
f 1487/1168 1149/1437 1148/1438 1486/1170
f 1486/1170 1148/1438 1147/1439 1485/1172
f 1485/1172 1147/1439 1146/1440 1484/1174
f 1484/1174 1146/1440 1145/1441 1483/1176
f 1483/1176 1145/1441 1144/1036 1482/1090
f 454/563 453/562 1442/1442 1481/1370
f 1481/1370 1442/1442 1441/1443 1480/1372
f 1480/1372 1441/1443 1440/1444 1479/1374
f 1479/1374 1440/1444 1439/1445 1478/1376
f 1478/1376 1439/1445 1438/1446 1477/1378
f 1477/1378 1438/1446 1437/1447 1476/1380
f 1476/1380 1437/1447 1436/1448 1475/1382
f 1475/1382 1436/1448 1435/1449 1474/1384
f 1474/1384 1435/1449 1434/1450 1473/1386
f 1473/1386 1434/1450 1433/1451 1472/1388
f 1472/1388 1433/1451 1432/1452 1471/1390
f 1471/1390 1432/1452 1431/1453 1470/1392
f 1470/1392 1431/1453 1430/1082 1469/1088
f 406/473 407/444 1456/1395 1378/1454
f 1378/1454 1456/1395 1457/1397 1379/1455
f 1379/1455 1457/1397 1458/1399 1380/1456
f 1380/1456 1458/1399 1459/1401 1381/1457
f 1381/1457 1459/1401 1460/1403 1382/1458
f 1382/1458 1460/1403 1461/1405 1383/1459
f 1383/1459 1461/1405 1462/1407 1384/1460
f 1384/1460 1462/1407 1463/1409 1385/1461
f 1385/1461 1463/1409 1464/1411 1386/1462
f 1386/1462 1464/1411 1465/1413 1387/1463
f 1387/1463 1465/1413 1466/1415 1388/1464
f 1388/1464 1466/1415 1467/1417 1389/1465
f 1389/1465 1467/1417 1468/1086 1390/1073
f 695/842 694/839 1260/1466 1455/1358
f 1455/1358 1260/1466 1259/1467 1454/1359
f 1454/1359 1259/1467 1258/1468 1453/1360
f 1453/1360 1258/1468 1257/1469 1452/1361
f 1452/1361 1257/1469 1256/1470 1451/1362
f 1451/1362 1256/1470 1255/1471 1450/1363
f 1450/1363 1255/1471 1254/1472 1449/1364
f 1449/1364 1254/1472 1253/1473 1448/1365
f 1448/1365 1253/1473 1252/1474 1447/1366
f 1447/1366 1252/1474 1251/1475 1446/1367
f 1446/1367 1251/1475 1250/1476 1445/1368
f 1445/1368 1250/1476 1249/1477 1444/1369
f 1444/1369 1249/1477 1248/1050 1443/1084
f 453/562 452/538 1403/1478 1442/1442
f 1442/1442 1403/1478 1402/1479 1441/1443
f 1441/1443 1402/1479 1401/1480 1440/1444
f 1440/1444 1401/1480 1400/1481 1439/1445
f 1439/1445 1400/1481 1399/1482 1438/1446
f 1438/1446 1399/1482 1398/1483 1437/1447
f 1437/1447 1398/1483 1397/1484 1436/1448
f 1436/1448 1397/1484 1396/1485 1435/1449
f 1435/1449 1396/1485 1395/1486 1434/1450
f 1434/1450 1395/1486 1394/1487 1433/1451
f 1433/1451 1394/1487 1393/1488 1432/1452
f 1432/1452 1393/1488 1392/1489 1431/1453
f 1431/1453 1392/1489 1391/1076 1430/1082
f 398/489 400/447 1417/1251 1118/1490
f 1118/1490 1417/1251 1418/1253 1119/1491
f 1119/1491 1418/1253 1419/1255 1120/1492
f 1120/1492 1419/1255 1420/1257 1121/1493
f 1121/1493 1420/1257 1421/1259 1122/1494
f 1122/1494 1421/1259 1422/1261 1123/1495
f 1123/1495 1422/1261 1423/1263 1124/1496
f 1124/1496 1423/1263 1424/1265 1125/1497
f 1125/1497 1424/1265 1425/1267 1126/1498
f 1126/1498 1425/1267 1426/1269 1127/1499
f 1127/1499 1426/1269 1427/1271 1128/1500
f 1128/1500 1427/1271 1428/1273 1129/1501
f 1129/1501 1428/1273 1429/1080 1130/1032
f 688/834 684/639 1404/1107 1274/1502
f 1274/1502 1404/1107 1405/1109 1275/1503
f 1275/1503 1405/1109 1406/1111 1276/1504
f 1276/1504 1406/1111 1407/1113 1277/1505
f 1277/1505 1407/1113 1408/1115 1278/1506
f 1278/1506 1408/1115 1409/1117 1279/1507
f 1279/1507 1409/1117 1410/1119 1280/1508
f 1280/1508 1410/1119 1411/1121 1281/1509
f 1281/1509 1411/1121 1412/1123 1282/1510
f 1282/1510 1412/1123 1413/1125 1283/1511
f 1283/1511 1413/1125 1414/1127 1284/1512
f 1284/1512 1414/1127 1415/1129 1285/1513
f 1285/1513 1415/1129 1416/1078 1286/1057
f 452/538 451/460 1364/1514 1403/1478
f 1403/1478 1364/1514 1363/1515 1402/1479
f 1402/1479 1363/1515 1362/1516 1401/1480
f 1401/1480 1362/1516 1361/1517 1400/1481
f 1400/1481 1361/1517 1360/1518 1399/1482
f 1399/1482 1360/1518 1359/1519 1398/1483
f 1398/1483 1359/1519 1358/1520 1397/1484
f 1397/1484 1358/1520 1357/1521 1396/1485
f 1396/1485 1357/1521 1356/1522 1395/1486
f 1395/1486 1356/1522 1355/1523 1394/1487
f 1394/1487 1355/1523 1354/1524 1393/1488
f 1393/1488 1354/1524 1353/1525 1392/1489
f 1392/1489 1353/1525 1352/1068 1391/1076
f 1647/1526 406/473 1378/1454 1649/1527
f 1649/1527 1378/1454 1379/1455 1650/1528
f 1650/1528 1379/1455 1380/1456 1651/1529
f 1651/1529 1380/1456 1381/1457 1652/1530
f 1652/1530 1381/1457 1382/1458 1653/1531
f 1653/1531 1382/1458 1383/1459 1654/1532
f 1654/1532 1383/1459 1384/1460 1655/1533
f 1655/1533 1384/1460 1385/1461 1656/1534
f 1656/1534 1385/1461 1386/1462 1657/1535
f 1657/1535 1386/1462 1387/1463 1658/1536
f 1658/1536 1387/1463 1388/1464 1659/1537
f 1659/1537 1388/1464 1389/1465 1660/1538
f 1660/1538 1389/1465 1390/1073 1661/346
f 690/818 697/817 1365/1227 1313/1539
f 1313/1539 1365/1227 1366/1229 1314/1540
f 1314/1540 1366/1229 1367/1231 1315/1541
f 1315/1541 1367/1231 1368/1233 1316/1542
f 1316/1542 1368/1233 1369/1235 1317/1543
f 1317/1543 1369/1235 1370/1237 1318/1544
f 1318/1544 1370/1237 1371/1239 1319/1545
f 1319/1545 1371/1239 1372/1241 1320/1546
f 1320/1546 1372/1241 1373/1243 1321/1547
f 1321/1547 1373/1243 1374/1245 1322/1548
f 1322/1548 1374/1245 1375/1247 1323/1549
f 1323/1549 1375/1247 1376/1249 1324/1550
f 1324/1550 1376/1249 1377/1070 1325/1062
f 451/460 404/459 1234/1551 1364/1514
f 1364/1514 1234/1551 1233/1552 1363/1515
f 1363/1515 1233/1552 1232/1553 1362/1516
f 1362/1516 1232/1553 1231/1554 1361/1517
f 1361/1517 1231/1554 1230/1555 1360/1518
f 1360/1518 1230/1555 1229/1556 1359/1519
f 1359/1519 1229/1556 1228/1557 1358/1520
f 1358/1520 1228/1557 1227/1558 1357/1521
f 1357/1521 1227/1558 1226/1559 1356/1522
f 1356/1522 1226/1559 1225/1560 1355/1523
f 1355/1523 1225/1560 1224/1561 1354/1524
f 1354/1524 1224/1561 1223/1562 1353/1525
f 1353/1525 1223/1562 1222/1046 1352/1068
f 395/270 399/465 1273/1563 1351/1178
f 1351/1178 1273/1563 1272/1564 1350/1180
f 1350/1180 1272/1564 1271/1565 1349/1182
f 1349/1182 1271/1565 1270/1566 1348/1184
f 1348/1184 1270/1566 1269/1567 1347/1186
f 1347/1186 1269/1567 1268/1568 1346/1188
f 1346/1188 1268/1568 1267/1569 1345/1190
f 1345/1190 1267/1569 1266/1570 1344/1192
f 1344/1192 1266/1570 1265/1571 1343/1194
f 1343/1194 1265/1571 1264/1572 1342/1196
f 1342/1196 1264/1572 1263/1573 1341/1198
f 1341/1198 1263/1573 1262/1574 1340/1200
f 1340/1200 1262/1574 1261/1054 1339/1066
f 681/445 680/811 1299/1575 1066/1576
f 1066/1576 1299/1575 1298/1577 1067/1578
f 1067/1578 1298/1577 1297/1579 1068/1580
f 1068/1580 1297/1579 1296/1581 1069/1582
f 1069/1582 1296/1581 1295/1583 1070/1584
f 1070/1584 1295/1583 1294/1585 1071/1586
f 1071/1586 1294/1585 1293/1587 1072/1588
f 1072/1588 1293/1587 1292/1589 1073/1590
f 1073/1590 1292/1589 1291/1591 1074/1592
f 1074/1592 1291/1591 1290/1593 1075/1594
f 1075/1594 1290/1593 1289/1595 1076/1596
f 1076/1596 1289/1595 1288/1597 1077/1598
f 1077/1598 1288/1597 1287/1056 1078/1025
f 408/453 401/452 1312/1599 1338/1322
f 1338/1322 1312/1599 1311/1600 1337/1324
f 1337/1324 1311/1600 1310/1601 1336/1326
f 1336/1326 1310/1601 1309/1602 1335/1328
f 1335/1328 1309/1602 1308/1603 1334/1330
f 1334/1330 1308/1603 1307/1604 1333/1332
f 1333/1332 1307/1604 1306/1605 1332/1334
f 1332/1334 1306/1605 1305/1606 1331/1336
f 1331/1336 1305/1606 1304/1607 1330/1338
f 1330/1338 1304/1607 1303/1608 1329/1340
f 1329/1340 1303/1608 1302/1609 1328/1342
f 1328/1342 1302/1609 1301/1610 1327/1344
f 1327/1344 1301/1610 1300/1060 1326/1064
f 685/849 690/818 1313/1539 1001/1611
f 1001/1611 1313/1539 1314/1540 1002/1612
f 1002/1612 1314/1540 1315/1541 1003/1613
f 1003/1613 1315/1541 1316/1542 1004/1614
f 1004/1614 1316/1542 1317/1543 1005/1615
f 1005/1615 1317/1543 1318/1544 1006/1616
f 1006/1616 1318/1544 1319/1545 1007/1617
f 1007/1617 1319/1545 1320/1546 1008/1618
f 1008/1618 1320/1546 1321/1547 1009/1619
f 1009/1619 1321/1547 1322/1548 1010/1620
f 1010/1620 1322/1548 1323/1549 1011/1621
f 1011/1621 1323/1549 1324/1550 1012/1622
f 1012/1622 1324/1550 1325/1062 1013/1015
f 401/452 396/478 987/1623 1312/1599
f 1312/1599 987/1623 986/1624 1311/1600
f 1311/1600 986/1624 985/1625 1310/1601
f 1310/1601 985/1625 984/1626 1309/1602
f 1309/1602 984/1626 983/1627 1308/1603
f 1308/1603 983/1627 982/1628 1307/1604
f 1307/1604 982/1628 981/1629 1306/1605
f 1306/1605 981/1629 980/1630 1305/1606
f 1305/1606 980/1630 979/1631 1304/1607
f 1304/1607 979/1631 978/1632 1303/1608
f 1303/1608 978/1632 977/1633 1302/1609
f 1302/1609 977/1633 976/1634 1301/1610
f 1301/1610 976/1634 975/1008 1300/1060
f 680/811 688/834 1274/1502 1299/1575
f 1299/1575 1274/1502 1275/1503 1298/1577
f 1298/1577 1275/1503 1276/1504 1297/1579
f 1297/1579 1276/1504 1277/1505 1296/1581
f 1296/1581 1277/1505 1278/1506 1295/1583
f 1295/1583 1278/1506 1279/1507 1294/1585
f 1294/1585 1279/1507 1280/1508 1293/1587
f 1293/1587 1280/1508 1281/1509 1292/1589
f 1292/1589 1281/1509 1282/1510 1291/1591
f 1291/1591 1282/1510 1283/1511 1290/1593
f 1290/1593 1283/1511 1284/1512 1289/1595
f 1289/1595 1284/1512 1285/1513 1288/1597
f 1288/1597 1285/1513 1286/1057 1287/1056
f 399/465 392/446 1091/1635 1273/1563
f 1273/1563 1091/1635 1090/1636 1272/1564
f 1272/1564 1090/1636 1089/1637 1271/1565
f 1271/1565 1089/1637 1088/1638 1270/1566
f 1270/1566 1088/1638 1087/1639 1269/1567
f 1269/1567 1087/1639 1086/1640 1268/1568
f 1268/1568 1086/1640 1085/1641 1267/1569
f 1267/1569 1085/1641 1084/1642 1266/1570
f 1266/1570 1084/1642 1083/1643 1265/1571
f 1265/1571 1083/1643 1082/1644 1264/1572
f 1264/1572 1082/1644 1081/1645 1263/1573
f 1263/1573 1081/1645 1080/1646 1262/1574
f 1262/1574 1080/1646 1079/1024 1261/1054
f 694/839 693/824 1235/1418 1260/1466
f 1260/1466 1235/1418 1236/1419 1259/1467
f 1259/1467 1236/1419 1237/1420 1258/1468
f 1258/1468 1237/1420 1238/1421 1257/1469
f 1257/1469 1238/1421 1239/1422 1256/1470
f 1256/1470 1239/1422 1240/1423 1255/1471
f 1255/1471 1240/1423 1241/1424 1254/1472
f 1254/1472 1241/1424 1242/1425 1253/1473
f 1253/1473 1242/1425 1243/1426 1252/1474
f 1252/1474 1243/1426 1244/1427 1251/1475
f 1251/1475 1244/1427 1245/1428 1250/1476
f 1250/1476 1245/1428 1246/1429 1249/1477
f 1249/1477 1246/1429 1247/1051 1248/1050
f 404/459 405/470 1209/1647 1234/1551
f 1234/1551 1209/1647 1210/1648 1233/1552
f 1233/1552 1210/1648 1211/1649 1232/1553
f 1232/1553 1211/1649 1212/1650 1231/1554
f 1231/1554 1212/1650 1213/1651 1230/1555
f 1230/1555 1213/1651 1214/1652 1229/1556
f 1229/1556 1214/1652 1215/1653 1228/1557
f 1228/1557 1215/1653 1216/1654 1227/1558
f 1227/1558 1216/1654 1217/1655 1226/1559
f 1226/1559 1217/1655 1218/1656 1225/1560
f 1225/1560 1218/1656 1219/1657 1224/1561
f 1224/1561 1219/1657 1220/1658 1223/1562
f 1223/1562 1220/1658 1221/1047 1222/1046
f 683/638 682/806 1183/1155 1208/1106
f 1208/1106 1183/1155 1184/1157 1207/1108
f 1207/1108 1184/1157 1185/1159 1206/1110
f 1206/1110 1185/1159 1186/1161 1205/1112
f 1205/1112 1186/1161 1187/1163 1204/1114
f 1204/1114 1187/1163 1188/1165 1203/1116
f 1203/1116 1188/1165 1189/1167 1202/1118
f 1202/1118 1189/1167 1190/1169 1201/1120
f 1201/1120 1190/1169 1191/1171 1200/1122
f 1200/1122 1191/1171 1192/1173 1199/1124
f 1199/1124 1192/1173 1193/1175 1198/1126
f 1198/1126 1193/1175 1194/1177 1197/1128
f 1197/1128 1194/1177 1195/1043 1196/1042
f 719/488 428/487 961/1659 1131/1660
f 1131/1660 961/1659 960/1661 1132/1662
f 1132/1662 960/1661 959/1663 1133/1664
f 1133/1664 959/1663 958/1665 1134/1666
f 1134/1666 958/1665 957/1667 1135/1668
f 1135/1668 957/1667 956/1669 1136/1670
f 1136/1670 956/1669 955/1671 1137/1672
f 1137/1672 955/1671 954/1673 1138/1674
f 1138/1674 954/1673 953/1675 1139/1676
f 1139/1676 953/1675 952/1677 1140/1678
f 1140/1678 952/1677 951/1679 1141/1680
f 1141/1680 951/1679 950/1681 1142/1682
f 1142/1682 950/1681 949/1006 1143/1034
f 393/438 394/271 1157/1179 1182/1250
f 1182/1250 1157/1179 1158/1181 1181/1252
f 1181/1252 1158/1181 1159/1183 1180/1254
f 1180/1254 1159/1183 1160/1185 1179/1256
f 1179/1256 1160/1185 1161/1187 1178/1258
f 1178/1258 1161/1187 1162/1189 1177/1260
f 1177/1260 1162/1189 1163/1191 1176/1262
f 1176/1262 1163/1191 1164/1193 1175/1264
f 1175/1264 1164/1193 1165/1195 1174/1266
f 1174/1266 1165/1195 1166/1197 1173/1268
f 1173/1268 1166/1197 1167/1199 1172/1270
f 1172/1270 1167/1199 1168/1201 1171/1272
f 1171/1272 1168/1201 1169/1039 1170/1038
f 687/853 686/854 1026/1683 1156/1430
f 1156/1430 1026/1683 1025/1684 1155/1431
f 1155/1431 1025/1684 1024/1685 1154/1432
f 1154/1432 1024/1685 1023/1686 1153/1433
f 1153/1433 1023/1686 1022/1687 1152/1434
f 1152/1434 1022/1687 1021/1688 1151/1435
f 1151/1435 1021/1688 1020/1689 1150/1436
f 1150/1436 1020/1689 1019/1690 1149/1437
f 1149/1437 1019/1690 1018/1691 1148/1438
f 1148/1438 1018/1691 1017/1692 1147/1439
f 1147/1439 1017/1692 1016/1693 1146/1440
f 1146/1440 1016/1693 1015/1694 1145/1441
f 1145/1441 1015/1694 1014/1014 1144/1036
f 718/851 719/488 1131/1660 1053/1695
f 1053/1695 1131/1660 1132/1662 1054/1696
f 1054/1696 1132/1662 1133/1664 1055/1697
f 1055/1697 1133/1664 1134/1666 1056/1698
f 1056/1698 1134/1666 1135/1668 1057/1699
f 1057/1699 1135/1668 1136/1670 1058/1700
f 1058/1700 1136/1670 1137/1672 1059/1701
f 1059/1701 1137/1672 1138/1674 1060/1702
f 1060/1702 1138/1674 1139/1676 1061/1703
f 1061/1703 1139/1676 1140/1678 1062/1704
f 1062/1704 1140/1678 1141/1680 1063/1705
f 1063/1705 1141/1680 1142/1682 1064/1706
f 1064/1706 1142/1682 1143/1034 1065/1022
f 397/490 398/489 1118/1490 962/1707
f 962/1707 1118/1490 1119/1491 963/1708
f 963/1708 1119/1491 1120/1492 964/1709
f 964/1709 1120/1492 1121/1493 965/1710
f 965/1710 1121/1493 1122/1494 966/1711
f 966/1711 1122/1494 1123/1495 967/1712
f 967/1712 1123/1495 1124/1496 968/1713
f 968/1713 1124/1496 1125/1497 969/1714
f 969/1714 1125/1497 1126/1498 970/1715
f 970/1715 1126/1498 1127/1499 971/1716
f 971/1716 1127/1499 1128/1500 972/1717
f 972/1717 1128/1500 1129/1501 973/1718
f 973/1718 1129/1501 1130/1032 974/1009
f 692/837 691/810 1092/1299 1117/1226
f 1117/1226 1092/1299 1093/1301 1116/1228
f 1116/1228 1093/1301 1094/1303 1115/1230
f 1115/1230 1094/1303 1095/1305 1114/1232
f 1114/1232 1095/1305 1096/1307 1113/1234
f 1113/1234 1096/1307 1097/1309 1112/1236
f 1112/1236 1097/1309 1098/1311 1111/1238
f 1111/1238 1098/1311 1099/1313 1110/1240
f 1110/1240 1099/1313 1100/1315 1109/1242
f 1109/1242 1100/1315 1101/1317 1108/1244
f 1108/1244 1101/1317 1102/1319 1107/1246
f 1107/1246 1102/1319 1103/1321 1106/1248
f 1106/1248 1103/1321 1104/1029 1105/1028
f 392/446 681/445 1066/1576 1091/1635
f 1091/1635 1066/1576 1067/1578 1090/1636
f 1090/1636 1067/1578 1068/1580 1089/1637
f 1089/1637 1068/1580 1069/1582 1088/1638
f 1088/1638 1069/1582 1070/1584 1087/1639
f 1087/1639 1070/1584 1071/1586 1086/1640
f 1086/1640 1071/1586 1072/1588 1085/1641
f 1085/1641 1072/1588 1073/1590 1084/1642
f 1084/1642 1073/1590 1074/1592 1083/1643
f 1083/1643 1074/1592 1075/1594 1082/1644
f 1082/1644 1075/1594 1076/1596 1081/1645
f 1081/1645 1076/1596 1077/1598 1080/1646
f 1080/1646 1077/1598 1078/1025 1079/1024
f 717/889 718/851 1053/1695 988/1719
f 988/1719 1053/1695 1054/1696 989/1720
f 989/1720 1054/1696 1055/1697 990/1721
f 990/1721 1055/1697 1056/1698 991/1722
f 991/1722 1056/1698 1057/1699 992/1723
f 992/1723 1057/1699 1058/1700 993/1724
f 993/1724 1058/1700 1059/1701 994/1725
f 994/1725 1059/1701 1060/1702 995/1726
f 995/1726 1060/1702 1061/1703 996/1727
f 996/1727 1061/1703 1062/1704 997/1728
f 997/1728 1062/1704 1063/1705 998/1729
f 998/1729 1063/1705 1064/1706 999/1730
f 999/1730 1064/1706 1065/1022 1000/1012
f 402/443 403/468 1027/1323 1052/1394
f 1052/1394 1027/1323 1028/1325 1051/1396
f 1051/1396 1028/1325 1029/1327 1050/1398
f 1050/1398 1029/1327 1030/1329 1049/1400
f 1049/1400 1030/1329 1031/1331 1048/1402
f 1048/1402 1031/1331 1032/1333 1047/1404
f 1047/1404 1032/1333 1033/1335 1046/1406
f 1046/1406 1033/1335 1034/1337 1045/1408
f 1045/1408 1034/1337 1035/1339 1044/1410
f 1044/1410 1035/1339 1036/1341 1043/1412
f 1043/1412 1036/1341 1037/1343 1042/1414
f 1042/1414 1037/1343 1038/1345 1041/1416
f 1041/1416 1038/1345 1039/1019 1040/1018
f 686/854 685/849 1001/1611 1026/1683
f 1026/1683 1001/1611 1002/1612 1025/1684
f 1025/1684 1002/1612 1003/1613 1024/1685
f 1024/1685 1003/1613 1004/1614 1023/1686
f 1023/1686 1004/1614 1005/1615 1022/1687
f 1022/1687 1005/1615 1006/1616 1021/1688
f 1021/1688 1006/1616 1007/1617 1020/1689
f 1020/1689 1007/1617 1008/1618 1019/1690
f 1019/1690 1008/1618 1009/1619 1018/1691
f 1018/1691 1009/1619 1010/1620 1017/1692
f 1017/1692 1010/1620 1011/1621 1016/1693
f 1016/1693 1011/1621 1012/1622 1015/1694
f 1015/1694 1012/1622 1013/1015 1014/1014
f 716/890 717/889 988/1719 936/1731
f 936/1731 988/1719 989/1720 937/1732
f 937/1732 989/1720 990/1721 938/1733
f 938/1733 990/1721 991/1722 939/1734
f 939/1734 991/1722 992/1723 940/1735
f 940/1735 992/1723 993/1724 941/1736
f 941/1736 993/1724 994/1725 942/1737
f 942/1737 994/1725 995/1726 943/1738
f 943/1738 995/1726 996/1727 944/1739
f 944/1739 996/1727 997/1728 945/1740
f 945/1740 997/1728 998/1729 946/1741
f 946/1741 998/1729 999/1730 947/1742
f 947/1742 999/1730 1000/1012 948/1004
f 396/478 397/490 962/1707 987/1623
f 987/1623 962/1707 963/1708 986/1624
f 986/1624 963/1708 964/1709 985/1625
f 985/1625 964/1709 965/1710 984/1626
f 984/1626 965/1710 966/1711 983/1627
f 983/1627 966/1711 967/1712 982/1628
f 982/1628 967/1712 968/1713 981/1629
f 981/1629 968/1713 969/1714 980/1630
f 980/1630 969/1714 970/1715 979/1631
f 979/1631 970/1715 971/1716 978/1632
f 978/1632 971/1716 972/1717 977/1633
f 977/1633 972/1717 973/1718 976/1634
f 976/1634 973/1718 974/1009 975/1008
f 428/487 427/531 935/1743 961/1659
f 961/1659 935/1743 934/1744 960/1661
f 960/1661 934/1744 933/1745 959/1663
f 959/1663 933/1745 932/1746 958/1665
f 958/1665 932/1746 931/1747 957/1667
f 957/1667 931/1747 930/1748 956/1669
f 956/1669 930/1748 929/1749 955/1671
f 955/1671 929/1749 928/1750 954/1673
f 954/1673 928/1750 927/1751 953/1675
f 953/1675 927/1751 926/1752 952/1677
f 952/1677 926/1752 925/1753 951/1679
f 951/1679 925/1753 924/1754 950/1681
f 950/1681 924/1754 923/1002 949/1006
f 715/820 716/890 936/1731 897/1755
f 897/1755 936/1731 937/1732 898/1756
f 898/1756 937/1732 938/1733 899/1757
f 899/1757 938/1733 939/1734 900/1758
f 900/1758 939/1734 940/1735 901/1759
f 901/1759 940/1735 941/1736 902/1760
f 902/1760 941/1736 942/1737 903/1761
f 903/1761 942/1737 943/1738 904/1762
f 904/1762 943/1738 944/1739 905/1763
f 905/1763 944/1739 945/1740 906/1764
f 906/1764 945/1740 946/1741 907/1765
f 907/1765 946/1741 947/1742 908/1766
f 908/1766 947/1742 948/1004 909/999
f 427/531 426/532 896/1767 935/1743
f 935/1743 896/1767 895/1768 934/1744
f 934/1744 895/1768 894/1769 933/1745
f 933/1745 894/1769 893/1770 932/1746
f 932/1746 893/1770 892/1771 931/1747
f 931/1747 892/1771 891/1772 930/1748
f 930/1748 891/1772 890/1773 929/1749
f 929/1749 890/1773 889/1774 928/1750
f 928/1750 889/1774 888/1775 927/1751
f 927/1751 888/1775 887/1776 926/1752
f 926/1752 887/1776 886/1777 925/1753
f 925/1753 886/1777 885/1778 924/1754
f 924/1754 885/1778 884/996 923/1002
f 705/821 715/820 897/1755 922/1130
f 922/1130 897/1755 898/1756 921/1132
f 921/1132 898/1756 899/1757 920/1134
f 920/1134 899/1757 900/1758 919/1136
f 919/1136 900/1758 901/1759 918/1138
f 918/1138 901/1759 902/1760 917/1140
f 917/1140 902/1760 903/1761 916/1142
f 916/1142 903/1761 904/1762 915/1144
f 915/1144 904/1762 905/1763 914/1146
f 914/1146 905/1763 906/1764 913/1148
f 913/1148 906/1764 907/1765 912/1150
f 912/1150 907/1765 908/1766 911/1152
f 911/1152 908/1766 909/999 910/998
f 426/532 425/455 883/1779 896/1767
f 896/1767 883/1779 882/1780 895/1768
f 895/1768 882/1780 881/1781 894/1769
f 894/1769 881/1781 880/1782 893/1770
f 893/1770 880/1782 879/1783 892/1771
f 892/1771 879/1783 878/1784 891/1772
f 891/1772 878/1784 877/1785 890/1773
f 890/1773 877/1785 876/1786 889/1774
f 889/1774 876/1786 875/1787 888/1775
f 888/1775 875/1787 874/1788 887/1776
f 887/1776 874/1788 873/1789 886/1777
f 886/1777 873/1789 872/1790 885/1778
f 885/1778 872/1790 871/992 884/996
f 425/455 416/458 858/1371 883/1779
f 883/1779 858/1371 859/1373 882/1780
f 882/1780 859/1373 860/1375 881/1781
f 881/1781 860/1375 861/1377 880/1782
f 880/1782 861/1377 862/1379 879/1783
f 879/1783 862/1379 863/1381 878/1784
f 878/1784 863/1381 864/1383 877/1785
f 877/1785 864/1383 865/1385 876/1786
f 876/1786 865/1385 866/1387 875/1787
f 875/1787 866/1387 867/1389 874/1788
f 874/1788 867/1389 868/1391 873/1789
f 873/1789 868/1391 869/1393 872/1790
f 872/1790 869/1393 870/993 871/992
f 1740/1791 1581/1792 1560/1793 1719/1794
f 1719/1794 1560/1793 1561/1795 1720/1796
f 1720/1796 1561/1795 1562/1797 1721/1798
f 1721/1798 1562/1797 1563/1799 1722/1800
f 1722/1800 1563/1799 1564/1801 1723/1802
f 1723/1802 1564/1801 1565/1803 1724/1804
f 1724/1804 1565/1803 1566/1805 1725/1806
f 1725/1806 1566/1805 1567/1807 1726/1808
f 1726/1808 1567/1807 1568/1809 1727/1810
f 1727/1810 1568/1809 1569/1811 1728/1812
f 1728/1812 1569/1811 1570/1813 1729/1814
f 1729/1814 1570/1813 1571/1815 1730/1816
f 1730/1816 1571/1815 1572/1817 1731/1818
f 1731/1818 1572/1817 1573/1819 1732/1820
f 1732/1820 1573/1819 1574/1821 1733/1822
f 1733/1822 1574/1821 1575/1823 1734/1824
f 1734/1824 1575/1823 1576/1825 1735/1826
f 1735/1826 1576/1825 1577/1827 1736/1828
f 1736/1828 1577/1827 1578/1829 1737/1830
f 1737/1830 1578/1829 1579/1831 1738/1832
f 1738/1832 1579/1831 1580/1833 1739/1834
f 1739/1834 1580/1833 1581/1792 1740/1791
f 1762/1835 1603/1836 1582/1837 1741/1838
f 1741/1838 1582/1837 1583/1839 1742/1840
f 1742/1840 1583/1839 1584/1841 1743/1842
f 1743/1842 1584/1841 1585/1843 1744/1844
f 1744/1844 1585/1843 1586/1845 1745/1846
f 2200/1847 2199/1848 1587/1849 1746/1850
f 2172/1851 2171/1852 1588/1853 1747/1854
f 1747/1854 1588/1853 1589/1855 1748/1856
f 1748/1856 1589/1855 1590/1857 1749/1858
f 1749/1858 1590/1857 1591/1859 1750/1860
f 1750/1860 1591/1859 1592/1861 1751/1862
f 1751/1862 1592/1861 1593/1863 1752/1864
f 1752/1864 1593/1863 1594/1865 1753/1866
f 1753/1866 1594/1865 1595/1867 1754/1868
f 2143/1869 2140/1870 1596/1871 1755/1872
f 2128/1873 2125/1874 1597/1875 1756/1876
f 1756/1876 1597/1875 1598/1877 1757/1878
f 1757/1878 1598/1877 1599/1879 1758/1880
f 1758/1880 1599/1879 1600/1881 1759/1882
f 1759/1882 1600/1881 1601/1883 1760/1884
f 1760/1884 1601/1883 1602/1885 1761/1886
f 1761/1886 1602/1885 1603/1836 1762/1835
f 1714/1887 1619/1888 1633/1889 1717/1890
f 1836/1891 1814/1892 1632/1893 1630/1894
f 1837/804 1631/1895 1621/1896 1827/805
f 1838/439 1635/1897 1631/1895 1837/804
f 1827/805 1621/1896 1632/1893 1814/1892
f 1714/1887 1715/1898 1620/1899 1619/1888
f 1718/1900 1634/1901 1620/1899 1715/1898
f 1830/1902 1624/1903 1633/1904 1815/1905
f 1707/1906 1699/1907 1622/1908 1630/1909
f 2142/1910 1706/1911 1629/1912 2141/1913
f 2127/1914 1705/1915 1628/1916 2126/1917
f 1703/1918 1704/1919 1627/1920 1626/1921
f 1702/1922 1703/1918 1626/1921 1625/1923
f 1699/1907 1702/1922 1625/1923 1622/1908
f 1706/1911 1700/1924 1623/1925 1629/1912
f 1700/1924 1701/1926 1624/1927 1623/1925
f 1710/1928 1713/1929 1618/1930 1604/1931
f 1825/1932 1615/1933 1617/1934 1810/1935
f 379/300 1672/299 1673/1936 387/472
f 1838/439 1826/437 1616/1937 1635/1897
f 1221/1047 1688/1938 1675/1939 817/1048
f 1710/1928 1604/1931 1605/1940 1711/1941
f 1718/1900 1711/1941 1605/1940 1634/1901
f 1819/1942 1811/1943 1618/1944 1609/1945
f 1697/1946 1615/1947 1607/1948 1606/1949
f 1695/1950 1613/1951 1614/1952 1696/1953
f 1694/1954 1612/1955 1613/1951 1695/1950
f 1693/1956 1611/1957 1612/1955 1694/1954
f 1692/1958 1610/1959 1611/1957 1693/1956
f 1606/1949 1607/1948 1610/1959 1692/1958
f 1696/1953 1614/1952 1608/1960 1690/1961
f 1690/1961 1608/1960 1609/1962 1691/1963
f 1764/934 766/933 769/960 1765/959
f 387/472 1673/1936 1671/483 372/469
f 1686/1964 1659/1537 1660/1538 1687/344
f 1685/1965 1658/1536 1659/1537 1686/1964
f 1684/1966 1657/1535 1658/1536 1685/1965
f 1683/1967 1656/1534 1657/1535 1684/1966
f 1682/1968 1655/1533 1656/1534 1683/1967
f 1681/1969 1654/1532 1655/1533 1682/1968
f 1680/1970 1653/1531 1654/1532 1681/1969
f 1679/1971 1652/1530 1653/1531 1680/1970
f 1678/1972 1651/1529 1652/1530 1679/1971
f 1677/1973 1650/1528 1651/1529 1678/1972
f 1676/1974 1649/1527 1650/1528 1677/1973
f 1674/1975 1647/1526 1649/1527 1676/1974
f 1688/347 1661/346 1648/1075 1675/1976
f 373/464 406/473 1647/1526 1644/480
f 1672/1977 1645/481 1646/479 1673/1978
f 1673/1978 1646/479 1644/480 1671/1979
f 232/409 1636/1980 1643/1981 321/391
f 321/391 1643/1981 1642/1982 318/392
f 318/392 1642/1982 1641/1983 315/394
f 268/295 378/466 1645/481 1640/1984
f 268/295 1640/1984 1639/1985 265/290
f 265/290 1639/1985 1638/1986 262/282
f 262/282 1638/1986 1637/1987 259/283
f 259/283 1637/1987 1636/1980 232/409
f 405/470 1674/484 1676/1988 1209/1647
f 1209/1647 1676/1988 1677/1989 1210/1648
f 1210/1648 1677/1989 1678/1990 1211/1649
f 1211/1649 1678/1990 1679/1991 1212/1650
f 1212/1650 1679/1991 1680/1992 1213/1651
f 1213/1651 1680/1992 1681/1993 1214/1652
f 1214/1652 1681/1993 1682/1994 1215/1653
f 1215/1653 1682/1994 1683/1995 1216/1654
f 1216/1654 1683/1995 1684/1996 1217/1655
f 1217/1655 1684/1996 1685/1997 1218/1656
f 1218/1656 1685/1997 1686/1998 1219/1657
f 1219/1657 1686/1998 1687/1999 1220/1658
f 1644/480 1647/1526 1674/1975 1671/1979
f 1636/1980 1662/2000 1670/2001 1643/1981
f 1643/1981 1670/2001 1669/2002 1642/1982
f 1642/1982 1669/2002 1668/2003 1641/1983
f 1220/1658 1687/1999 1688/1938 1221/1047
f 1640/1984 1645/481 1672/1977 1667/2004
f 1640/1984 1667/2004 1666/2005 1639/1985
f 1639/1985 1666/2005 1665/2006 1638/1986
f 1638/1986 1665/2006 1663/2007 1637/1987
f 1637/1987 1663/2007 1662/2000 1636/1980
f 1839/2008 1840/2009 1712/477 367/476
f 1664/2010 226/2011 1641/1983 1668/2003
f 226/2011 225/396 315/394 1641/1983
f 363/2012 1696/1953 1690/1961 357/2013
f 357/2013 1690/1961 1691/1963 358/401
f 225/396 226/2011 1848/436 1849/435
f 316/404 1689/2014 1664/2015 1668/405
f 356/2016 1606/1949 1692/1958 359/2017
f 359/2017 1692/1958 1693/1956 360/2018
f 360/2018 1693/1956 1694/1954 361/2019
f 361/2019 1694/1954 1695/1950 362/2020
f 362/2020 1695/1950 1696/1953 363/2012
f 364/475 1697/474 1606/1949 356/2016
f 349/2021 365/2022 1711/1941 1718/1900
f 355/2023 1710/1928 1711/1941 365/2022
f 355/2023 368/400 1713/399 1710/1928
f 641/2024 642/769 1701/768 1700/1924
f 647/2025 641/2024 1700/1924 1706/1911
f 640/2026 643/2027 1702/1922 1699/1907
f 643/2027 644/2028 1703/1918 1702/1922
f 644/2028 645/2029 1704/1919 1703/1918
f 2123/2030 646/2031 1705/1915 2127/1914
f 2138/2032 647/2025 1706/1911 2142/1910
f 648/848 640/2026 1699/1907 1707/847
f 349/2021 1718/1900 1715/1898 649/2033
f 639/2034 649/2033 1715/1898 1714/1887
f 639/2034 1714/1887 1717/1890 654/770
f 1630/1909 1632/2035 1716/833 1707/1906
f 1631/2036 1708/846 1698/830 1621/2037
f 1635/2038 1709/843 1708/846 1631/2036
f 1621/2037 1698/830 1716/833 1632/2035
f 1624/1927 1701/1926 1717/771 1633/1889
f 1615/1947 1697/1946 1712/477 1617/2039
f 1807/2040 366/2041 650/844 1709/843
f 1609/1962 1618/1930 1713/1929 1691/1963
f 1689/2014 1847/2042 1846/2043 1664/2015
f 479/2044 1739/1834 1740/1791 476/2045
f 480/2046 1738/1832 1739/1834 479/2044
f 481/2047 1737/1830 1738/1832 480/2046
f 497/2048 1736/1828 1737/1830 481/2047
f 496/2049 1735/1826 1736/1828 497/2048
f 495/2050 1734/1824 1735/1826 496/2049
f 494/2051 1733/1822 1734/1824 495/2050
f 493/2052 1732/1820 1733/1822 494/2051
f 492/2053 1731/1818 1732/1820 493/2052
f 491/2054 1730/1816 1731/1818 492/2053
f 484/2055 1729/1814 1730/1816 491/2054
f 483/2056 1728/1812 1729/1814 484/2055
f 482/2057 1727/1810 1728/1812 483/2056
f 478/2058 1726/1808 1727/1810 482/2057
f 489/2059 1725/1806 1726/1808 478/2058
f 488/2060 1724/1804 1725/1806 489/2059
f 487/2061 1723/1802 1724/1804 488/2060
f 486/2062 1722/1800 1723/1802 487/2061
f 485/2063 1721/1798 1722/1800 486/2062
f 477/2064 1720/1796 1721/1798 485/2063
f 490/2065 1719/1794 1720/1796 477/2064
f 476/2045 1740/1791 1719/1794 490/2065
f 766/2066 1761/1886 1762/1835 769/2067
f 780/2068 1760/1884 1761/1886 766/2066
f 767/2069 1759/1882 1760/1884 780/2068
f 775/2070 1758/1880 1759/1882 767/2069
f 776/2071 1757/1878 1758/1880 775/2070
f 777/2072 1756/1876 1757/1878 776/2071
f 2124/2073 2128/1873 1756/1876 777/2072
f 2139/2074 2143/1869 1755/1872 778/2075
f 768/2076 1753/1866 1754/1868 779/2077
f 772/2078 1752/1864 1753/1866 768/2076
f 773/2079 1751/1862 1752/1864 772/2078
f 774/2080 1750/1860 1751/1862 773/2079
f 781/2081 1749/1858 1750/1860 774/2080
f 782/2082 1748/1856 1749/1858 781/2081
f 783/2083 1747/1854 1748/1856 782/2082
f 2156/2084 2172/1851 1747/1854 783/2083
f 2184/2085 2200/1847 1746/1850 784/2086
f 786/2087 1744/1844 1745/1846 785/2088
f 787/2089 1743/1842 1744/1844 786/2087
f 771/2090 1742/1840 1743/1842 787/2089
f 770/2091 1741/1838 1742/1840 771/2090
f 769/2067 1762/1835 1741/1838 770/2091
f 517/650 1764/934 1765/959 545/651
f 581/720 1768/942 1769/945 529/724
f 765/908 1763/978 1784/971 764/909
f 551/659 1767/976 1763/978 765/908
f 548/655 1766/962 1767/976 551/659
f 764/909 1784/971 1783/974 763/911
f 2155/915 2173/969 1770/949 701/857
f 526/728 1777/954 1781/931 607/757
f 2137/2092 2144/965 1780/968 597/2093
f 2122/2094 2129/963 1779/957 596/2095
f 545/651 1765/959 1766/962 548/655
f 596/752 1779/957 1778/955 595/751
f 595/751 1778/955 1776/951 594/731
f 594/731 1776/951 1777/954 526/728
f 701/857 1770/949 1771/935 700/858
f 529/724 1769/945 1775/948 598/725
f 583/721 1774/944 1772/939 582/719
f 699/855 1773/938 1774/944 583/721
f 582/719 1772/939 1768/942 581/720
f 700/858 1771/935 1773/938 699/855
f 607/757 1781/931 1764/934 517/650
f 2183/2096 2201/902 1782/905 762/2097
f 261/285 1787/595 1786/564 234/286
f 245/362 1791/581 1790/572 297/357
f 474/550 473/549 1806/599 1785/602
f 474/550 1785/602 1789/600 267/296
f 267/296 1789/600 1788/592 264/291
f 472/553 1805/547 1806/599 473/549
f 412/493 1792/583 1804/544 471/555
f 323/387 1803/567 1799/584 242/366
f 313/385 1802/597 1797/578 314/361
f 312/384 1801/591 1802/597 313/385
f 264/291 1788/592 1787/595 261/285
f 311/383 1800/589 1801/591 312/384
f 310/367 1798/587 1800/589 311/383
f 242/366 1799/584 1798/587 310/367
f 411/496 1793/571 1792/583 412/493
f 314/361 1797/578 1791/581 245/362
f 298/358 1794/575 1796/576 299/359
f 299/359 1796/576 1795/568 410/491
f 297/357 1790/572 1794/575 298/358
f 410/491 1795/568 1793/571 411/496
f 234/286 1786/564 1803/567 323/387
f 471/555 1804/544 1805/547 472/553
f 1850/2098 366/2041 1807/2040 1847/2099
f 1616/2100 1807/2040 1709/843 1635/2038
f 291/350 292/355 1811/482 1819/351
f 317/389 1825/388 1810/1935 316/404
f 575/712 1830/711 1815/1905 576/716
f 601/759 600/772 1814/1892 1836/758
f 1619/2101 1812/819 1815/850 1633/1904
f 1619/2101 1620/2102 1813/800 1812/819
f 1634/2103 1816/426 1813/800 1620/2102
f 1630/1894 1622/2104 1828/732 1836/1891
f 2141/2105 1629/2106 1835/726 2145/744
f 2126/2107 1628/2108 1834/741 2130/740
f 1626/2109 1627/2110 1833/738 1832/736
f 1625/2111 1626/2109 1832/736 1831/733
f 1622/2104 1625/2111 1831/733 1828/732
f 1629/2106 1623/2112 1829/710 1835/726
f 1623/2112 1624/1903 1830/1902 1829/710
f 1604/2113 1618/1944 1811/1943 1808/454
f 1604/2113 1808/454 1809/427 1605/2114
f 1634/2103 1605/2114 1809/427 1816/426
f 1615/1933 1825/1932 1817/370 1607/2115
f 1613/2116 1823/379 1824/364 1614/2117
f 1612/2118 1822/377 1823/379 1613/2116
f 1611/2119 1821/375 1822/377 1612/2118
f 1610/2120 1820/373 1821/375 1611/2119
f 1607/2115 1817/370 1820/373 1610/2120
f 1614/2117 1824/364 1818/348 1608/2121
f 1608/2121 1818/348 1819/351 1609/1945
f 1616/1937 1826/437 1848/436 1846/2122
f 339/240 225/396 1849/435 1843/434
f 1840/2009 354/2123 1617/2039 1712/477
f 627/605 652/241 1841/440 1844/803
f 507/767 627/605 1844/803 1842/802
f 339/240 1843/434 1841/440 652/241
f 599/765 507/767 1842/802 600/772
f 1827/805 1814/1892 600/772 1842/802
f 1846/2122 1848/436 226/2011 1664/2010
f 1846/2043 1847/2042 1807/2040 1616/2100
f 316/404 1810/1935 1845/2124 1689/2014
f 354/2125 1845/2124 1810/1935 1617/1934
f 354/2123 1840/2009 1839/2008 1851/2126
f 1847/2042 1689/2014 1845/2124 1850/2098
f 354/2125 1851/2127 1850/2098 1845/2124
f 355/2023 365/2022 1863/2128 1853/2129
f 364/475 356/2016 1854/2130 1862/2131
f 362/2020 363/2012 1861/2132 1860/2133
f 361/2019 362/2020 1860/2133 1859/2134
f 360/2018 361/2019 1859/2134 1858/2135
f 359/2017 360/2018 1858/2135 1857/2136
f 356/2016 359/2017 1857/2136 1854/2130
f 363/2012 357/2013 1855/2137 1861/2132
f 357/2013 358/401 1856/2138 1855/2137
f 367/476 364/475 1862/2131 1865/2139
f 368/400 355/2023 1853/2129 1866/2140
f 358/401 368/400 1866/2140 1856/2138
f 365/2022 349/2021 1852/2141 1863/2128
f 638/831 651/845 1880/2142 1867/2143
f 651/845 650/844 1879/2144 1880/2142
f 649/2033 639/2034 1868/2145 1878/2146
f 640/2026 648/848 1877/2147 1869/2148
f 2138/2149 646/2150 1875/2151 2146/2152
f 2123/2153 645/2154 1874/2155 2131/2156
f 645/2029 644/2028 1873/2157 1874/2155
f 644/2028 643/2027 1872/2158 1873/2157
f 643/2027 640/2026 1869/2148 1872/2158
f 641/2024 647/2025 1876/2159 1870/2160
f 642/769 641/2024 1870/2160 1871/2161
f 648/848 653/832 1881/2162 1877/2147
f 639/2034 654/770 1882/2163 1868/2145
f 653/832 638/831 1867/2143 1881/2162
f 654/770 642/769 1871/2161 1882/2163
f 650/844 366/2041 1864/2164 1879/2144
f 349/2021 649/2033 1878/2146 1852/2141
f 808/1011 809/1010 1888/2165 1887/2166
f 814/1021 815/1020 1894/2167 1893/2168
f 809/1010 810/1033 1889/2169 1888/2165
f 805/1041 806/1040 1885/2170 1884/2171
f 816/1049 817/1048 1896/2172 1895/2173
f 811/1055 804/1027 1883/2174 1890/2175
f 813/1061 808/1011 1887/2166 1892/2176
f 820/1065 813/1061 1892/2176 1899/2177
f 807/1067 811/1055 1890/2175 1886/2178
f 817/1048 1675/1939 1982/2179 1896/2172
f 810/1033 812/1081 1891/2180 1889/2169
f 818/1074 819/1087 1898/2181 1897/2182
f 819/1087 814/1021 1893/2168 1898/2181
f 815/1020 820/1065 1899/2177 1894/2167
f 812/1081 805/1041 1884/2171 1891/2180
f 806/1040 807/1067 1886/2178 1885/2170
f 822/995 821/994 1900/2183 1901/2184
f 823/997 822/995 1901/2184 1902/2185
f 824/1003 823/997 1902/2185 1903/2186
f 825/1007 824/1003 1903/2186 1904/2187
f 826/1069 816/1049 1895/2173 1905/2188
f 827/1077 826/1069 1905/2188 1906/2189
f 828/1083 827/1077 1906/2189 1907/2190
f 829/1089 828/1083 1907/2190 1908/2191
f 821/994 829/1089 1908/2191 1900/2183
f 836/1017 835/1016 1914/2192 1915/2193
f 842/1031 841/1030 1920/2194 1921/2195
f 837/1037 836/1017 1915/2193 1916/2196
f 833/1045 832/1044 1911/2197 1912/2198
f 844/1053 843/1052 1922/2199 1923/2200
f 830/1059 838/1058 1917/2201 1909/2202
f 835/1016 840/1063 1919/2203 1914/2192
f 831/1026 830/1059 1909/2202 1910/2204
f 840/1063 847/1071 1926/2205 1919/2203
f 838/1058 834/1079 1913/2206 1917/2201
f 845/1085 844/1053 1923/2200 1924/2207
f 839/1091 837/1037 1916/2196 1918/2208
f 846/1095 845/1085 1924/2207 1925/2209
f 841/1030 846/1095 1925/2209 1920/2194
f 847/1071 842/1031 1921/2195 1926/2205
f 832/1044 839/1091 1918/2208 1911/2197
f 834/1079 833/1045 1912/2198 1913/2206
f 848/1001 849/1000 1928/2210 1927/2211
f 849/1000 850/1005 1929/2212 1928/2210
f 850/1005 851/1013 1930/2213 1929/2212
f 851/1013 852/1023 1931/2214 1930/2213
f 852/1023 853/1035 1932/2215 1931/2214
f 843/1052 854/1093 1933/2216 1922/2199
f 854/1093 855/1097 1934/2217 1933/2216
f 855/1097 856/1099 1935/2218 1934/2217
f 2185/1103 857/1102 1936/2219 2202/2220
f 2157/1105 848/1001 1927/2211 2174/2221
f 804/1027 831/1026 1910/2204 1883/2174
f 853/1035 825/1007 1904/2187 1932/2215
f 1560/1793 1581/1792 1958/2222 1937/2223
f 1561/1795 1560/1793 1937/2223 1938/2224
f 1562/1797 1561/1795 1938/2224 1939/2225
f 1563/1799 1562/1797 1939/2225 1940/2226
f 1564/1801 1563/1799 1940/2226 1941/2227
f 1565/1803 1564/1801 1941/2227 1942/2228
f 1566/1805 1565/1803 1942/2228 1943/2229
f 1567/1807 1566/1805 1943/2229 1944/2230
f 1568/1809 1567/1807 1944/2230 1945/2231
f 1569/1811 1568/1809 1945/2231 1946/2232
f 1570/1813 1569/1811 1946/2232 1947/2233
f 1571/1815 1570/1813 1947/2233 1948/2234
f 1572/1817 1571/1815 1948/2234 1949/2235
f 1573/1819 1572/1817 1949/2235 1950/2236
f 1574/1821 1573/1819 1950/2236 1951/2237
f 1575/1823 1574/1821 1951/2237 1952/2238
f 1576/1825 1575/1823 1952/2238 1953/2239
f 1577/1827 1576/1825 1953/2239 1954/2240
f 1578/1829 1577/1827 1954/2240 1955/2241
f 1579/1831 1578/1829 1955/2241 1956/2242
f 1580/1833 1579/1831 1956/2242 1957/2243
f 1581/1792 1580/1833 1957/2243 1958/2222
f 1582/1837 1603/1836 1980/2244 1959/2245
f 1583/1839 1582/1837 1959/2245 1960/2246
f 1584/1841 1583/1839 1960/2246 1961/2247
f 1585/1843 1584/1841 1961/2247 1962/2248
f 1586/1845 1585/1843 1962/2248 1963/2249
f 2199/2250 1586/1845 1963/2249 2203/2251
f 2171/2252 1587/2253 1964/2254 2175/2255
f 1589/1855 1588/1853 1965/2256 1966/2257
f 1590/1857 1589/1855 1966/2257 1967/2258
f 1591/1859 1590/1857 1967/2258 1968/2259
f 1592/1861 1591/1859 1968/2259 1969/2260
f 1593/1863 1592/1861 1969/2260 1970/2261
f 1594/1865 1593/1863 1970/2261 1971/2262
f 1595/1867 1594/1865 1971/2262 1972/2263
f 2140/2264 1595/1867 1972/2263 2147/2265
f 2125/2266 1596/2267 1973/2268 2132/2269
f 1598/1877 1597/1875 1974/2270 1975/2271
f 1599/1879 1598/1877 1975/2271 1976/2272
f 1600/1881 1599/1879 1976/2272 1977/2273
f 1601/1883 1600/1881 1977/2273 1978/2274
f 1602/1885 1601/1883 1978/2274 1979/2275
f 1603/1836 1602/1885 1979/2275 1980/2244
f 1648/1075 818/1074 1897/2182 1981/2276
f 1675/1976 1648/1075 1981/2276 1982/2277
f 366/2041 1850/2098 1984/2278 1864/2164
f 1839/2008 367/476 1865/2139 1983/2279
f 1851/2126 1839/2008 1983/2279 1985/2280
f 1850/2098 1851/2127 1985/2281 1984/2278
f 1853/2129 1863/2128 1997/2282 1987/2283
f 1862/2131 1854/2130 1988/2284 1996/2285
f 1860/2133 1861/2132 1995/2286 1994/2287
f 1859/2134 1860/2133 1994/2287 1993/2288
f 1858/2135 1859/2134 1993/2288 1992/2289
f 1857/2136 1858/2135 1992/2289 1991/2290
f 1854/2130 1857/2136 1991/2290 1988/2284
f 1861/2132 1855/2137 1989/2291 1995/2286
f 1855/2137 1856/2138 1990/2292 1989/2291
f 1865/2139 1862/2131 1996/2285 1999/2293
f 1866/2140 1853/2129 1987/2283 2000/2294
f 1856/2138 1866/2140 2000/2294 1990/2292
f 1863/2128 1852/2141 1986/2295 1997/2282
f 1867/2143 1880/2142 2014/2296 2001/2297
f 1880/2142 1879/2144 2013/2298 2014/2296
f 1878/2146 1868/2145 2002/2299 2012/2300
f 1869/2148 1877/2147 2011/2301 2003/2302
f 2146/2152 1875/2151 2009/2303 2148/2304
f 2131/2156 1874/2155 2008/2305 2133/2306
f 1874/2155 1873/2157 2007/2307 2008/2305
f 1873/2157 1872/2158 2006/2308 2007/2307
f 1872/2158 1869/2148 2003/2302 2006/2308
f 1870/2160 1876/2159 2010/2309 2004/2310
f 1871/2161 1870/2160 2004/2310 2005/2311
f 1877/2147 1881/2162 2015/2312 2011/2301
f 1868/2145 1882/2163 2016/2313 2002/2299
f 1881/2162 1867/2143 2001/2297 2015/2312
f 1882/2163 1871/2161 2005/2311 2016/2313
f 1879/2144 1864/2164 1998/2314 2013/2298
f 1852/2141 1878/2146 2012/2300 1986/2295
f 1887/2166 1888/2165 2022/2315 2021/2316
f 1893/2168 1894/2167 2028/2317 2027/2318
f 1888/2165 1889/2169 2023/2319 2022/2315
f 1884/2171 1885/2170 2019/2320 2018/2321
f 1895/2173 1896/2172 2030/2322 2029/2323
f 1890/2175 1883/2174 2017/2324 2024/2325
f 1892/2176 1887/2166 2021/2316 2026/2326
f 1899/2177 1892/2176 2026/2326 2033/2327
f 1886/2178 1890/2175 2024/2325 2020/2328
f 1896/2172 1982/2179 2116/2329 2030/2322
f 1889/2169 1891/2180 2025/2330 2023/2319
f 1897/2182 1898/2181 2032/2331 2031/2332
f 1898/2181 1893/2168 2027/2318 2032/2331
f 1894/2167 1899/2177 2033/2327 2028/2317
f 1891/2180 1884/2171 2018/2321 2025/2330
f 1885/2170 1886/2178 2020/2328 2019/2320
f 1901/2184 1900/2183 2034/2333 2035/2334
f 1902/2185 1901/2184 2035/2334 2036/2335
f 1903/2186 1902/2185 2036/2335 2037/2336
f 1904/2187 1903/2186 2037/2336 2038/2337
f 1905/2188 1895/2173 2029/2323 2039/2338
f 1906/2189 1905/2188 2039/2338 2040/2339
f 1907/2190 1906/2189 2040/2339 2041/2340
f 1908/2191 1907/2190 2041/2340 2042/2341
f 1900/2183 1908/2191 2042/2341 2034/2333
f 1915/2193 1914/2192 2048/2342 2049/2343
f 1921/2195 1920/2194 2054/2344 2055/2345
f 1916/2196 1915/2193 2049/2343 2050/2346
f 1912/2198 1911/2197 2045/2347 2046/2348
f 1923/2200 1922/2199 2056/2349 2057/2350
f 1909/2202 1917/2201 2051/2351 2043/2352
f 1914/2192 1919/2203 2053/2353 2048/2342
f 1910/2204 1909/2202 2043/2352 2044/2354
f 1919/2203 1926/2205 2060/2355 2053/2353
f 1917/2201 1913/2206 2047/2356 2051/2351
f 1924/2207 1923/2200 2057/2350 2058/2357
f 1918/2208 1916/2196 2050/2346 2052/2358
f 1925/2209 1924/2207 2058/2357 2059/2359
f 1920/2194 1925/2209 2059/2359 2054/2344
f 1926/2205 1921/2195 2055/2345 2060/2355
f 1911/2197 1918/2208 2052/2358 2045/2347
f 1913/2206 1912/2198 2046/2348 2047/2356
f 1927/2211 1928/2210 2062/2360 2061/2361
f 1928/2210 1929/2212 2063/2362 2062/2360
f 1929/2212 1930/2213 2064/2363 2063/2362
f 1930/2213 1931/2214 2065/2364 2064/2363
f 1931/2214 1932/2215 2066/2365 2065/2364
f 1922/2199 1933/2216 2067/2366 2056/2349
f 1933/2216 1934/2217 2068/2367 2067/2366
f 1934/2217 1935/2218 2069/2368 2068/2367
f 2202/2220 1936/2219 2070/2369 2204/2370
f 2174/2221 1927/2211 2061/2361 2176/2371
f 1883/2174 1910/2204 2044/2354 2017/2324
f 1932/2215 1904/2187 2038/2337 2066/2365
f 1937/2223 1958/2222 2092/2372 2071/2373
f 1938/2224 1937/2223 2071/2373 2072/2374
f 1939/2225 1938/2224 2072/2374 2073/2375
f 1940/2226 1939/2225 2073/2375 2074/2376
f 1941/2227 1940/2226 2074/2376 2075/2377
f 1942/2228 1941/2227 2075/2377 2076/2378
f 1943/2229 1942/2228 2076/2378 2077/2379
f 1944/2230 1943/2229 2077/2379 2078/2380
f 1945/2231 1944/2230 2078/2380 2079/2381
f 1946/2232 1945/2231 2079/2381 2080/2382
f 1947/2233 1946/2232 2080/2382 2081/2383
f 1948/2234 1947/2233 2081/2383 2082/2384
f 1949/2235 1948/2234 2082/2384 2083/2385
f 1950/2236 1949/2235 2083/2385 2084/2386
f 1951/2237 1950/2236 2084/2386 2085/2387
f 1952/2238 1951/2237 2085/2387 2086/2388
f 1953/2239 1952/2238 2086/2388 2087/2389
f 1954/2240 1953/2239 2087/2389 2088/2390
f 1955/2241 1954/2240 2088/2390 2089/2391
f 1956/2242 1955/2241 2089/2391 2090/2392
f 1957/2243 1956/2242 2090/2392 2091/2393
f 1958/2222 1957/2243 2091/2393 2092/2372
f 1959/2245 1980/2244 2114/2394 2093/2395
f 1960/2246 1959/2245 2093/2395 2094/2396
f 1961/2247 1960/2246 2094/2396 2095/2397
f 1962/2248 1961/2247 2095/2397 2096/2398
f 1963/2249 1962/2248 2096/2398 2097/2399
f 2203/2251 1963/2249 2097/2399 2205/2400
f 2175/2255 1964/2254 2098/2401 2177/2402
f 1966/2257 1965/2256 2099/2403 2100/2404
f 1967/2258 1966/2257 2100/2404 2101/2405
f 1968/2259 1967/2258 2101/2405 2102/2406
f 1969/2260 1968/2259 2102/2406 2103/2407
f 1970/2261 1969/2260 2103/2407 2104/2408
f 1971/2262 1970/2261 2104/2408 2105/2409
f 1972/2263 1971/2262 2105/2409 2106/2410
f 2147/2265 1972/2263 2106/2410 2149/2411
f 2132/2269 1973/2268 2107/2412 2134/2413
f 1975/2271 1974/2270 2108/2414 2109/2415
f 1976/2272 1975/2271 2109/2415 2110/2416
f 1977/2273 1976/2272 2110/2416 2111/2417
f 1978/2274 1977/2273 2111/2417 2112/2418
f 1979/2275 1978/2274 2112/2418 2113/2419
f 1980/2244 1979/2275 2113/2419 2114/2394
f 1981/2276 1897/2182 2031/2332 2115/2420
f 1982/2277 1981/2276 2115/2420 2116/2421
f 1864/2164 1984/2278 2118/2422 1998/2314
f 1983/2279 1865/2139 1999/2293 2117/2423
f 1985/2280 1983/2279 2117/2423 2119/2424
f 1984/2278 1985/2281 2119/2425 2118/2422
f 1974/2270 2132/2269 2134/2413 2108/2414
f 1875/2151 2131/2156 2133/2306 2009/2303
f 1597/1875 2125/1874 2132/2269 1974/2270
f 646/2031 2123/2030 2131/2156 1875/2151
f 1627/2110 2126/2107 2130/740 1833/738
f 597/753 1780/2426 2129/963 2122/754
f 778/2075 1755/1872 2128/1873 2124/2073
f 645/2029 2123/2153 2127/1914 1704/1919
f 1704/1919 2127/1914 2126/1917 1627/1920
f 1755/1872 1596/1871 2125/2266 2128/1873
f 1780/2426 778/2427 2124/964 2129/963
f 591/747 2121/749 2122/754 596/752
f 586/739 2120/743 2121/749 591/747
f 1833/738 2130/740 2120/743 586/739
f 1973/2268 2147/2265 2149/2411 2107/2412
f 1876/2159 2146/2152 2148/2304 2010/2309
f 1596/1871 2140/1870 2147/2265 1973/2268
f 647/2025 2138/2032 2146/2152 1876/2159
f 1628/2428 2141/2105 2145/744 1834/2429
f 598/725 1775/948 2144/965 2137/755
f 779/2077 1754/1868 2143/1869 2139/2074
f 646/2031 2138/2149 2142/1910 1705/1915
f 1705/1915 2142/1910 2141/1913 1628/1916
f 1754/1868 1595/1867 2140/2264 2143/1869
f 1775/948 779/947 2139/966 2144/965
f 592/2430 2136/750 2137/755 597/2093
f 587/2431 2135/745 2136/750 592/2430
f 1834/2429 2145/744 2135/745 587/2431
f 1965/2256 2175/2255 2177/2402 2099/2403
f 1936/2432 2174/2221 2176/2371 2070/2433
f 1588/1853 2171/1852 2175/2255 1965/2256
f 857/2434 2157/1105 2174/2221 1936/2432
f 762/2435 1782/2436 2173/969 2155/915
f 784/2086 1746/1850 2172/1851 2156/2084
f 1746/1850 1587/1849 2171/2252 2172/1851
f 1558/2437 2169/1153 2170/1104 1559/2438
f 1557/2439 2168/1151 2169/1153 1558/2437
f 1556/2440 2167/1149 2168/1151 1557/2439
f 1555/2441 2166/1147 2167/1149 1556/2440
f 1554/2442 2165/1145 2166/1147 1555/2441
f 1553/2443 2164/1143 2165/1145 1554/2442
f 1552/2444 2163/1141 2164/1143 1553/2443
f 1551/2445 2162/1139 2163/1141 1552/2444
f 1550/2446 2161/1137 2162/1139 1551/2445
f 1549/2447 2160/1135 2161/1137 1550/2446
f 1548/2448 2159/1133 2160/1135 1549/2447
f 1547/2449 2158/1131 2159/1133 1548/2448
f 745/2450 2150/930 2158/1131 1547/2449
f 1559/2438 2170/1104 2157/1105 857/2434
f 1782/2436 784/2451 2156/970 2173/969
f 745/2450 746/2452 2151/924 2150/930
f 746/2452 750/2453 2152/921 2151/924
f 750/2453 754/2454 2153/916 2152/921
f 754/2454 758/2455 2154/914 2153/916
f 758/2455 762/2435 2155/915 2154/914
f 1964/2254 2203/2251 2205/2400 2098/2401
f 1935/2218 2202/2220 2204/2370 2069/2368
f 1587/1849 2199/1848 2203/2251 1964/2254
f 856/1099 2185/1103 2202/2220 1935/2218
f 763/911 1783/974 2201/902 2183/913
f 785/2088 1745/1846 2200/1847 2184/2085
f 1745/1846 1586/1845 2199/2250 2200/1847
f 1545/1296 2197/1225 2198/1100 1546/1098
f 1544/1294 2196/1223 2197/1225 1545/1296
f 1543/1292 2195/1221 2196/1223 1544/1294
f 1542/1290 2194/1219 2195/1221 1543/1292
f 1541/1288 2193/1217 2194/1219 1542/1290
f 1540/1286 2192/1215 2193/1217 1541/1288
f 1539/1284 2191/1213 2192/1215 1540/1286
f 1538/1282 2190/1211 2191/1213 1539/1284
f 1537/1280 2189/1209 2190/1211 1538/1282
f 1536/1278 2188/1207 2189/1209 1537/1280
f 1535/1276 2187/1205 2188/1207 1536/1278
f 1534/1274 2186/1203 2187/1205 1535/1276
f 744/925 2178/926 2186/1203 1534/1274
f 1546/1098 2198/1100 2185/1103 856/1099
f 744/925 747/922 2179/923 2178/926
f 746/928 2179/927 2180/920 750/2456
f 750/2456 2180/920 2181/918 754/2457
f 754/2457 2181/918 2182/912 758/2458
f 758/2458 2182/912 2183/913 762/2097
f 1783/974 785/973 2184/903 2201/902
f 151/2459 2212/170 2214/222 199/2460
f 128/140 2211/139 2213/195 176/196
f 31/45 2207/44 2212/170 151/2459
f 8/74 2206/83 2211/139 128/140
f 113/76 112/52 2210/43 2209/87
f 114/73 113/76 2209/87 2208/84
f 8/74 114/73 2208/84 2206/83
f 112/52 32/51 2207/167 2210/43
f 150/162 2221/166 2223/220 198/218
f 127/2461 2220/137 2222/193 175/2462
f 30/32 2216/38 2221/166 150/162
f 7/2463 2215/95 2220/137 127/2461
f 104/2464 103/2465 2219/37 2218/99
f 105/2466 104/2464 2218/99 2217/96
f 7/2463 105/2466 2217/96 2215/95
f 103/2465 31/164 2216/163 2219/37