# Exported from MakeClothes (TM)
# author Elvaerwyn
# license CC_by
# homepage http://www.makehuman.org/
v -1.9196 6.2508 0.6074
v -1.7752 6.0810 0.7910
v -1.4897 5.6355 1.0627
v -1.4007 5.3954 1.1912
v -1.3438 5.2014 1.2851
v -1.3030 5.0195 1.3468
v -1.5057 6.2397 0.7455
v -1.6123 6.3892 0.5824
v -1.2534 5.7580 1.0451
v -1.1643 5.4704 1.2112
v -1.1116 5.2273 1.3517
v -1.0689 5.0494 1.4351
v -1.2441 6.3075 0.6624
v -1.3287 6.4253 0.4987
v -0.9866 5.8169 1.0143
v -0.8997 5.5098 1.2061
v -0.8527 5.2516 1.3700
v -0.8122 5.0720 1.4425
v -1.0371 6.3466 0.6022
v -1.1148 6.4905 0.4603
v -0.6792 5.9191 0.9996
v -0.6234 5.5558 1.1902
v -0.5651 5.2759 1.3287
v -0.5468 5.0905 1.4105
v -1.6319 4.3940 0.0220
v -1.3480 4.5962 -0.6352
v -1.1213 4.7041 -0.7974
v -0.8838 4.7797 -0.8758
v -1.3739 1.1813 -0.8498
v -2.7136 5.3950 0.5567
v -2.5014 5.1914 0.7476
v -2.0903 4.8426 0.5288
v -2.8513 5.1966 0.5297
v -2.6561 5.0309 0.7285
v -2.2398 4.7068 0.5111
v -2.2166 6.0757 0.6478
v -2.0289 5.8878 0.8822
v -1.7051 5.4290 1.0314
v -1.6144 5.2357 1.0807
v -1.5629 5.0778 1.1270
v -1.5077 4.9368 1.1773
v -2.5866 5.5760 0.5834
v -2.3793 5.3577 0.7837
v -1.9848 4.9692 0.6230
v -1.8100 4.9241 0.6755
v -1.7567 4.7937 0.7048
v -1.6898 4.6814 0.6712
v -0.6497 4.8226 -0.8292
v -0.4282 4.8372 -0.7725
v -1.1392 6.5278 -0.5260
v -1.1804 6.6619 -0.1719
v -1.1826 6.6786 0.1000
v -1.1670 6.6128 0.2922
v -0.4720 4.3995 1.5280
v -1.3476 6.4043 -0.5191
v -1.3869 6.5670 -0.1734
v -1.3962 6.6102 0.1185
v -1.3776 6.5526 0.3289
v -1.4537 5.9831 -0.6732
v -1.2565 5.2151 -0.8096
v -1.2154 5.0265 -0.8054
v -1.2172 6.0690 -0.7664
v -1.0021 5.2773 -0.9212
v -0.9668 5.0888 -0.9140
v -0.8797 6.1523 -0.7785
v -0.7237 5.2906 -0.8714
v -0.7041 5.1063 -0.8617
v -0.5265 5.9575 -0.6748
v -0.4731 5.2869 -0.7724
v -0.4584 5.1087 -0.7763
v -1.5753 6.2770 -0.4625
v -1.6207 6.4278 -0.1585
v -1.6645 6.4944 0.1070
v -1.6764 6.4841 0.3612
v -1.7644 6.1369 -0.4129
v -1.8626 6.3034 -0.1648
v -1.9352 6.3793 0.0951
v -1.9735 6.3609 0.3774
v -0.5889 4.4660 -0.7952
v -1.6311 5.8422 -0.6010
v -1.7290 4.8333 -0.0316
v -1.7002 4.6951 0.0132
v -1.9551 5.9764 -0.4138
v -2.1028 6.1398 -0.1873
v -2.2133 6.1864 0.0588
v -2.2785 6.1867 0.3667
v -1.8090 5.7388 -0.5255
v -0.3874 4.4757 -0.7598
v -1.7669 4.9356 -0.1635
v -1.7266 4.7901 0.3936
v -1.7035 4.6427 0.3993
v -2.2698 5.6075 -0.3628
v -2.4457 5.7087 -0.2046
v -2.5733 5.7416 0.0273
v -2.6502 5.7074 0.2942
v -2.0898 5.4201 -0.4315
v -1.8284 4.8851 -0.1219
v -1.8889 4.8593 0.3242
v -2.4317 5.3972 -0.3547
v -2.6091 5.5031 -0.2150
v -2.7360 5.5350 0.0151
v -2.7824 5.5034 0.2705
v -2.2282 5.2169 -0.4226
v -1.9120 4.8206 -0.1248
v -1.9772 4.7723 0.2564
v -2.6235 5.1242 -0.3472
v -2.7975 5.2320 -0.2237
v -2.9210 5.2978 -0.0017
v -2.9415 5.2865 0.2554
v -2.4097 4.9760 -0.3865
v -2.0824 4.6668 -0.1220
v -2.0979 4.6387 0.2235
v -1.8383 4.8710 0.3541
v -1.9551 5.5732 -0.4686
v -2.4151 5.9540 0.0374
v -2.5050 5.9282 0.3341
v -2.2960 5.9256 -0.2064
v -2.1191 5.7891 -0.3836
v -2.2367 5.5868 0.8600
v -2.4633 5.8131 0.6380
v -1.7820 5.0416 0.9156
v -1.8830 5.1829 0.8912
v -1.6370 4.8109 0.9468
v -1.6976 4.9272 0.9410
v -1.4269 4.9384 -0.6500
v -1.4634 5.1064 -0.6521
v -3.0299 4.9908 0.5198
v -2.8332 4.8529 0.7357
v -2.4375 4.5542 0.5314
v -2.8455 4.8602 -0.3303
v -2.9978 4.9635 -0.2049
v -3.1070 5.0386 0.0007
v -3.1287 5.0581 0.2489
v -2.6421 4.7226 -0.3422
v -2.2946 4.4548 -0.0504
v -2.3191 4.4736 0.2529
v -3.2261 4.8004 0.5300
v -3.0530 4.6885 0.7466
v -2.6515 4.3635 0.5448
v -3.0596 4.6273 -0.3002
v -3.1911 4.7249 -0.1678
v -3.2757 4.7990 0.0299
v -3.3040 4.8364 0.2600
v -2.8621 4.5024 -0.3125
v -1.3612 1.8890 -0.5430
v -2.5205 4.2671 -0.0194
v -2.5413 4.2770 0.2829
v -3.3956 4.6449 0.5442
v -3.2341 4.5295 0.7492
v -2.8332 4.1775 0.5535
v -3.2378 4.4461 -0.2390
v -3.3503 4.5390 -0.1128
v -3.4244 4.6103 0.0555
v -3.4570 4.6635 0.2836
v -3.0604 4.3247 -0.2882
v -2.6952 4.0794 0.0086
v -2.7307 4.1010 0.3010
v -0.3998 4.5961 -0.7648
v -0.6067 4.5872 -0.8017
v -0.8173 4.5372 -0.8242
v -1.0430 4.4474 -0.7759
v -1.2708 4.3320 -0.6271
v -1.5902 4.1167 -0.0165
v -1.5977 4.1285 0.3197
v -1.5688 4.2064 0.6334
v -1.3615 4.5119 1.2370
v -1.4974 4.3694 0.9697
v -0.5345 4.9488 1.4652
v -0.4613 4.1698 1.5194
v -0.6546 4.1735 1.5348
v -0.8536 4.1366 1.5122
v -1.0594 4.0638 1.4320
v -1.2314 3.9640 1.2867
v -1.2888 4.3164 1.2639
v -1.4633 4.8125 1.2051
v -1.2717 4.8765 1.3866
v -0.9664 6.5759 0.4336
v -0.5597 6.1755 0.8828
v -0.8781 6.4339 0.5688
v -3.5277 4.5143 0.5646
v -3.3766 4.3960 0.7423
v -2.9824 4.0202 0.5566
v -3.4205 4.2780 -0.1865
v -3.5097 4.3747 -0.0557
v -3.5609 4.4563 0.1261
v -3.5806 4.5130 0.3167
v -3.2602 4.1553 -0.2612
v -2.8679 3.8973 0.0106
v -2.8745 3.9312 0.3069
v -3.6320 4.3980 0.5935
v -3.4641 4.2712 0.7676
v -3.1161 3.8881 0.5761
v -3.6311 4.0866 -0.1105
v -3.6967 4.1961 0.0256
v -3.7248 4.2989 0.1768
v -3.7084 4.3776 0.3691
v -0.5268 4.8452 1.4971
v -3.4763 3.9483 -0.2143
v -3.0649 3.7330 0.0434
v -3.0242 3.7722 0.3143
v -1.3700 2.2432 -0.3923
v -3.7298 4.2969 0.6437
v -3.5543 4.1865 0.7871
v -3.2283 3.7935 0.6141
v -3.8211 3.9000 0.0095
v -3.8594 4.0237 0.1384
v -3.8709 4.1447 0.2749
v -3.8380 4.2576 0.4459
v -3.7192 3.7790 -0.0915
v -3.2425 3.5818 0.1270
v -3.1582 3.6548 0.4003
v -3.8429 4.1944 0.7246
v -3.6417 4.1169 0.8476
v -3.2937 3.7131 0.6894
v -3.9567 3.7424 0.1657
v -4.0178 3.8704 0.2596
v -4.0193 4.0094 0.3978
v -3.9762 4.1365 0.5520
v -1.2405 4.7649 1.4030
v -3.8576 3.6094 0.0742
v -3.3932 3.4549 0.2471
v -3.2581 3.5514 0.4964
v -3.9962 4.0601 0.8465
v -3.7605 4.0160 0.9744
v -3.3813 3.5857 0.8432
v -4.1128 3.5873 0.3369
v -4.1735 3.7076 0.4199
v -4.1797 3.8498 0.5512
v -4.1361 3.9782 0.6904
v -1.5520 4.5838 0.9529
v -3.9827 3.4303 0.2579
v -1.3440 1.5036 -0.7149
v -3.5264 3.3200 0.4297
v -3.3804 3.3738 0.6320
v -4.1681 3.8740 1.0248
v -3.9275 3.8364 1.1482
v -3.5397 3.4266 1.0488
v -4.2879 3.4115 0.5539
v -4.3422 3.5485 0.6505
v -4.3392 3.6618 0.7543
v -4.2989 3.7877 0.8825
v -1.4265 4.7027 1.2240
v -4.1461 3.2613 0.4850
v -3.6895 3.1543 0.6615
v -3.5467 3.2199 0.8516
v -4.3349 3.6589 1.2465
v -4.1099 3.6194 1.3362
v -3.7513 3.2639 1.2642
v -4.4687 3.2396 0.8076
v -4.5058 3.3519 0.8973
v -4.5034 3.4819 1.0070
v -4.4605 3.5829 1.1191
v -4.3262 3.0798 0.7515
v -3.8781 2.9912 0.9260
v -3.7564 3.0834 1.0983
v -4.5047 3.4528 1.4984
v -4.2876 3.4146 1.5761
v -3.9635 3.0935 1.4916
v -4.6517 3.0553 1.0761
v -4.6837 3.1849 1.1638
v -4.6879 3.2908 1.2607
v -4.6321 3.3866 1.3770
v -4.5130 2.8967 1.0291
v -1.3785 3.8492 -0.3803
v -4.0660 2.8151 1.2030
v -3.9692 2.9339 1.3552
v -4.6725 3.2413 1.7749
v -4.4683 3.2110 1.8557
v -4.1963 2.8897 1.7857
v -4.8742 2.8667 1.3855
v -4.9099 2.9910 1.4659
v -4.9026 3.0903 1.5432
v -4.7999 3.1696 1.6562
v -1.6168 4.4362 0.6415
v -4.7523 2.7348 1.3390
v -1.4532 4.0821 -0.3669
v -4.3144 2.6419 1.5243
v -4.2100 2.7395 1.6616
v -4.8383 2.9365 2.0705
v -4.6830 2.9617 2.1234
v -4.4604 2.7633 2.0463
v -5.0059 2.6714 1.7557
v -5.0175 2.7679 1.8468
v -4.9801 2.8396 1.9285
v -4.9242 2.8871 2.0049
v -4.9188 2.5700 1.7106
v -1.3142 3.5642 -0.3683
v -4.5591 2.5617 1.8273
v -4.4791 2.6627 1.9490
v -5.0020 2.7622 2.4215
v -4.8288 2.7673 2.5193
v -4.6114 2.5243 2.4498
v -5.2233 2.4178 2.0561
v -5.2135 2.5311 2.1324
v -5.1720 2.6253 2.2254
v -5.1108 2.6999 2.3129
v -1.6411 4.3746 0.3570
v -5.1681 2.3168 1.9990
v -1.3063 3.3937 -0.3530
v -4.7882 2.2795 2.2150
v -4.6558 2.4080 2.3532
v -0.8955 6.1803 0.8003
v -1.1244 6.0853 0.8206
v -1.3731 6.0166 0.8518
v -1.6044 5.8668 0.9185
v -1.8398 5.6404 0.9668
v -2.0328 5.3801 0.8775
v -2.1459 5.1431 0.7665
v -2.2677 4.9835 0.7132
v -2.4075 4.8359 0.7110
v -2.5850 4.6577 0.7400
v -2.7810 4.4578 0.7548
v -2.9835 4.2942 0.7482
v -3.1625 4.1795 0.7419
v -4.5142 2.8640 2.1078
v -4.6427 2.6491 2.5236
v -4.2894 3.0572 1.8515
v -1.2889 5.4257 -0.7932
v -1.0441 5.4915 -0.8995
v -0.7605 5.5004 -0.8674
v -0.4843 5.4824 -0.7681
v -1.3231 3.1834 -0.3249
v -1.5571 4.4593 -0.3567
v -1.5951 4.6259 -0.3643
v -1.4182 3.9692 -0.3729
v -1.4817 5.2671 -0.6695
v -1.3428 3.7148 -0.3784
v -1.3465 2.8981 -0.3005
v -1.3713 2.5678 -0.3250
v -1.6685 5.1216 -0.4895
v -1.6502 4.9638 -0.4385
v -1.6254 4.7966 -0.4011
v -1.4878 4.2021 -0.3630
v -0.5037 5.7035 -0.7363
v -0.8012 5.7650 -0.8528
v -1.1094 5.7415 -0.8599
v -1.3347 5.6598 -0.7545
v -1.5169 5.5131 -0.6731
v -1.8961 5.0776 -0.4326
v -2.0084 4.9722 -0.3889
v -2.1947 4.8066 -0.3143
v -1.8034 5.2062 -0.4516
v -2.4438 4.5808 -0.2707
v -2.6638 4.3688 -0.2411
v -2.8604 4.1905 -0.2274
v -3.0479 4.0210 -0.2152
v -3.2670 3.8304 -0.1744
v -3.4582 3.6357 -0.0563
v -3.6075 3.4896 0.1074
v -3.7477 3.3320 0.2949
v -3.9113 3.1634 0.5302
v -4.1027 2.9987 0.7977
v -4.3041 2.8117 1.0725
v -4.5394 2.6129 1.3781
v -4.7505 2.5154 1.7144
v -5.0116 2.2328 2.0584
v -3.8908 3.4588 1.3344
v -4.0760 3.2713 1.5662
v -3.6916 3.6473 1.1369
v -3.5361 3.8200 0.9576
v -3.4462 3.9272 0.8134
v -3.3766 3.9985 0.7480
v -3.2813 4.0719 0.7484
v -1.6478 4.5555 0.6575
v -1.1669 4.8540 -0.8013
v -0.9257 4.9241 -0.8946
v -0.6772 4.9564 -0.8452
v -0.4463 4.9705 -0.7761
v -1.6736 4.5456 0.0242
v -1.6636 4.5094 0.3760
v -1.3842 4.7507 -0.6426
v -1.5426 3.9683 0.6306
v -0.9934 4.1833 -0.7350
v -0.7760 4.2766 -0.7892
v -0.5729 4.3287 -0.7911
v -0.3778 4.3420 -0.7527
v -1.5427 3.9022 -0.0580
v -1.5651 3.9030 0.2967
v -1.2098 4.0744 -0.5996
v -1.5037 3.6594 0.6304
v -0.9714 3.8600 -0.6715
v -0.7740 3.9233 -0.7359
v -0.5716 3.9673 -0.7561
v -0.3806 3.9917 -0.7228
v -1.4800 3.6546 -0.0938
v -1.5188 3.6319 0.2749
v -1.1660 3.7888 -0.5503
v -1.4922 3.4839 0.6435
v -0.9744 3.6681 -0.6195
v -0.7838 3.7050 -0.6809
v -0.5858 3.7290 -0.6923
v -0.3907 3.7487 -0.6830
v -1.4456 3.5087 -0.0859
v -1.4994 3.4759 0.2842
v -1.1440 3.6201 -0.5251
v -1.4855 3.3014 0.6717
v -0.9808 3.4610 -0.5790
v -0.7954 3.4786 -0.6283
v -0.5976 3.4898 -0.6552
v -0.3993 3.5051 -0.6582
v -1.4359 3.3340 -0.0685
v -1.4900 3.2976 0.3040
v -1.1499 3.4320 -0.4931
v -1.4638 3.0753 0.7118
v -0.9992 3.2304 -0.5723
v -0.8119 3.2463 -0.6198
v -0.6093 3.2342 -0.6550
v -0.4073 3.2441 -0.6642
v -1.4386 3.1215 -0.0374
v -1.4770 3.0824 0.3460
v -1.1720 3.2071 -0.4806
v -1.4980 2.8185 0.7417
v -0.5971 2.9406 1.5605
v -1.4935 2.8057 0.3702
v -1.1965 2.9260 -0.4910
v -0.4058 2.9308 1.5812
v -1.5919 4.6962 0.9501
v -1.4502 4.1386 0.9831
v -1.4148 3.5457 0.9619
v -1.4339 3.7615 0.9614
v -0.8203 3.8663 1.5046
v -1.0376 3.7952 1.4262
v -1.2262 2.9056 1.2940
v -0.4048 3.2672 1.5292
v -0.7755 3.5918 1.4988
v -1.0000 3.5317 1.4332
v -1.2192 3.1825 1.2874
v -0.5849 3.2783 1.5299
v -0.7810 3.2743 1.5128
v -0.9909 3.2491 1.4397
v -1.2220 3.4304 1.2646
v -0.6246 3.9001 1.5230
v -0.4219 3.5967 1.5046
v -0.7962 2.9445 1.5220
v -1.0118 2.9381 1.4394
v -1.2331 3.6874 1.2574
v -0.5893 3.6144 1.5173
v -0.4385 3.8924 1.5114
v -1.3990 3.3389 0.9824
v -1.3937 3.1066 1.0216
v -1.4197 2.8583 1.0507
v -1.4376 2.8391 0.0011
v -1.5667 2.5528 0.7154
v -1.5793 2.5200 0.3366
v -0.5989 2.5615 1.5776
v -0.4178 2.5393 1.6118
v -1.2461 2.6155 1.2873
v -0.8009 2.5840 1.5144
v -1.0235 2.6079 1.4235
v -1.4390 2.5952 1.0478
v -0.4117 2.9418 -0.7057
v -1.0194 2.9451 -0.6020
v -0.8283 2.9576 -0.6638
v -0.6171 2.9332 -0.6959
v -1.2695 2.2839 1.2939
v -0.4285 2.0464 1.6371
v -0.6098 2.1035 1.6032
v -1.6443 2.2193 0.2698
v -1.6258 2.2495 0.6718
v -1.4749 2.2768 1.0427
v -1.0342 2.2395 1.4326
v -0.8102 2.1723 1.5294
v -1.4897 2.5287 -0.0171
v -1.5281 2.2223 -0.0868
v -1.0140 2.5881 -0.6550
v -0.8219 2.5845 -0.7366
v -0.6126 2.5712 -0.7697
v -0.4080 2.5844 -0.7764
v -0.9967 2.1763 -0.7739
v -0.8033 2.1503 -0.8476
v -0.5956 2.1636 -0.8775
v -0.3941 2.1815 -0.8769
v -0.9660 1.7692 -0.9444
v -0.7684 1.7400 -1.0196
v -0.5649 1.7463 -1.0188
v -0.3690 1.7540 -1.0068
v -1.1988 2.5864 -0.5285
v -1.1857 2.2158 -0.6136
v -0.9138 1.3847 -1.1358
v -0.7153 1.3420 -1.1864
v -0.5222 1.3311 -1.1612
v -0.3324 1.3160 -1.1431
v -1.5405 1.5302 -0.3364
v -1.1330 1.4276 -0.9852
v -0.8734 1.0500 -1.2136
v -0.6701 0.9602 -1.2640
v -0.4752 0.9278 -1.2815
v -0.2813 0.8784 -1.2724
v -1.5864 1.2096 -0.4520
v -1.1087 1.1373 -1.0779
v -1.7083 1.5323 0.0690
v -1.8054 1.5330 0.5528
v -1.6111 1.4947 1.0455
v -1.7651 1.1927 -0.0071
v -1.8638 1.1612 0.5059
v -1.7006 1.1247 1.0236
v -1.3094 1.4253 1.3553
v -0.4449 0.8784 1.6395
v -0.6358 0.9777 1.6346
v -1.0548 1.3021 1.4852
v -0.8412 1.1369 1.5753
v -1.3699 1.0572 1.3281
v -0.4478 0.5583 1.6468
v -0.6488 0.6733 1.6375
v -1.0871 1.0090 1.4699
v -0.8637 0.8456 1.5739
v -1.0335 1.7844 1.4763
v -0.8180 1.6506 1.5769
v -0.4413 1.4132 1.6560
v -1.2680 1.8672 1.3340
v -0.6222 1.5101 1.6420
v -1.1679 1.8209 -0.7820
v -1.5661 1.8993 -0.2215
v -1.6971 1.8871 0.1631
v -1.5000 1.8938 1.0424
v -1.7134 1.8956 0.6268
v -0.7493 6.3099 0.7519
v -0.4939 6.1523 -0.5974
v -0.7556 6.3440 -0.6262
v -1.0194 6.6955 0.2712
v -1.0240 6.7361 0.0595
v -1.0177 6.7266 -0.1678
v -0.9450 6.6149 -0.4536
v -1.5126 3.7865 -0.0844
v -0.7688 4.1194 -0.7689
v -0.3784 4.1870 -0.7453
v -0.5686 4.1687 -0.7853
v -1.1862 3.9375 -0.5776
v -1.5166 3.8268 0.6293
v -0.4997 4.6177 1.5406
v -0.6799 4.3972 1.5454
v -0.8861 4.3567 1.5123
v -0.9814 4.0321 -0.7063
v -1.5562 4.0924 0.6287
v -1.5788 4.0171 0.3141
v -1.2303 4.2214 1.3044
v -1.1387 4.5083 1.4132
v -1.4732 4.2623 0.9775
v -1.3254 4.4200 1.2479
v -1.6678 5.3355 -0.5652
v -1.5706 4.0116 -0.0335
v -1.2391 4.2041 -0.6147
v -1.0130 4.3190 -0.7568
v -0.7934 4.4141 -0.8033
v -1.0768 4.2991 1.4254
v -1.4291 3.9772 0.9847
v -1.5445 3.7749 0.2812
v -1.1730 4.5913 1.4090
v -0.5124 4.6920 1.5312
v -0.4905 4.5200 1.5382
v -1.1072 4.4110 1.4152
v -0.4247 5.9031 1.0207
v -0.4062 5.6199 1.1529
v -0.3586 5.1158 1.3672
v -0.3755 5.3482 1.2816
v -0.3384 4.8355 1.4449
v -0.3065 4.1418 1.4821
v -0.3455 4.9447 1.4175
v -0.3902 6.1370 0.9182
v -0.2863 2.9158 1.5970
v -0.2756 3.2487 1.5252
v -0.2991 3.8574 1.4834
v -0.2871 3.5517 1.4852
v -0.2948 2.5207 1.6162
v -0.3087 4.3804 1.4782
v -0.3273 4.6168 1.4748
v -0.2373 5.8989 -0.6176
v -0.3318 4.6884 1.4693
v -0.3252 4.5201 1.4776
v -0.2286 6.0955 -0.5703
v -0.2409 5.6938 -0.6538
v -0.2418 5.4869 -0.6830
v -0.2439 5.2887 -0.7019
v -0.2351 5.1135 -0.7144
v -0.2250 4.9641 -0.7217
v -0.2154 4.8307 -0.7240
v -0.2070 4.5821 -0.7199
v -0.2004 4.4650 -0.7169
v -0.1972 4.3384 -0.7139
v -0.1975 4.1870 -0.7101
v -0.1987 4.0005 -0.6940
v -0.1976 3.7602 -0.6714
v -0.2006 3.5172 -0.6557
v -0.2043 3.2569 -0.6663
v -0.2062 2.9571 -0.7082
v -0.2039 2.6038 -0.7741
v -0.1958 2.2022 -0.8656
v -0.1808 1.7653 -0.9871
v -0.1573 1.3067 -1.1190
v -0.1178 0.8389 -1.2432
v 1.9195 6.2515 0.6080
v -0.3129 0.4814 1.6424
v -0.3125 0.8366 1.6379
v -0.3107 1.3797 1.6541
v -0.3002 2.0180 1.6403
v -1.5888 4.3187 0.6346
v -1.6122 4.2475 0.3413
v -1.6060 4.2494 0.0045
v -1.3087 4.4604 -0.6313
v -1.0775 4.5736 -0.7880
v -0.8478 4.6552 -0.8506
v -0.6302 4.7052 -0.8142
v -0.4149 4.7183 -0.7688
v -0.5211 4.7644 1.5149
v -1.2080 4.6739 1.4062
v -1.5187 4.4755 0.9609
v -1.3928 4.6033 1.2292
v -1.5201 4.3231 -0.3589
v -0.3319 4.7566 1.4600
v -0.2113 4.7028 -0.7221
v -0.4467 6.3565 -0.5301
v -0.6673 6.5193 -0.4999
v -0.8769 6.7783 -0.1408
v -0.8167 6.6938 -0.3521
v -0.2108 6.2906 -0.5184
v -0.3781 6.6693 -0.4203
v -0.5493 6.7688 -0.3402
v -0.7231 6.9019 -0.0636
v -0.6580 6.8575 -0.2134
v -0.1836 6.6063 -0.4380
v -0.3070 6.9717 -0.2776
v -0.4378 7.0216 -0.2002
v -0.6028 7.0683 0.0097
v -0.5275 7.0589 -0.1030
v -0.1604 6.9244 -0.3273
v -0.2771 7.2083 -0.2311
v -0.3934 7.2236 -0.1622
v -0.5675 7.2173 0.0357
v -0.4806 7.2296 -0.0753
v -0.1479 7.1974 -0.2789
v -0.2555 7.1569 -0.3154
v -0.3480 7.1723 -0.2487
v -0.5467 7.1795 -0.0519
v -0.4363 7.1763 -0.1709
v -0.1376 7.1463 -0.3749
v -0.4989 6.3537 0.8143
v -0.7936 6.5374 0.5611
v -0.6708 6.4301 0.7116
v -0.3660 6.3022 0.8287
v -0.4956 6.5276 0.7850
v -0.7552 6.6918 0.5470
v -0.6538 6.5965 0.6990
v -0.3742 6.4799 0.7881
v -0.5330 6.7358 0.8036
v -0.6965 6.8952 0.5463
v -0.6368 6.7995 0.7087
v -0.4205 6.6749 0.8313
v -0.5213 6.8919 0.8632
v -0.6745 7.0399 0.5800
v -0.6111 6.9605 0.7478
v -0.4072 6.8352 0.9151
v -0.5855 6.7767 0.8800
v -0.7230 6.9712 0.5423
v -0.6928 6.8743 0.7069
v -0.4611 6.6892 0.9827
v -0.8701 6.6667 0.4146
v -0.9088 6.7753 0.2384
v -0.9058 6.8060 0.0433
v -0.7754 6.8073 0.4000
v -0.7926 6.8915 0.2447
v -0.7683 6.9168 0.0750
v -0.7070 6.9689 0.4137
v -0.6972 7.0324 0.2709
v -0.6629 7.0612 0.1283
v -0.6851 7.0961 0.4566
v -0.6799 7.1577 0.2974
v -0.6435 7.1940 0.1641
v -0.7304 7.0315 0.4189
v -0.7064 7.0993 0.2589
v -0.6490 7.1502 0.0928
v 1.7750 6.0811 0.7911
v 1.4897 5.6354 1.0629
v 1.4010 5.3952 1.1916
v 1.3432 5.2007 1.2849
v 1.3029 5.0202 1.3464
v 1.5056 6.2393 0.7456
v 1.6121 6.3897 0.5826
v 1.2535 5.7576 1.0447
v 1.1641 5.4704 1.2116
v 1.1112 5.2274 1.3519
v 1.0688 5.0495 1.4355
v 1.2438 6.3072 0.6628
v 1.3283 6.4249 0.4987
v 0.9869 5.8167 1.0140
v 0.8996 5.5100 1.2064
v 0.8527 5.2515 1.3697
v 0.8121 5.0720 1.4425
v 1.0373 6.3468 0.6024
v 1.1147 6.4910 0.4608
v 0.6791 5.9191 0.9996
v 0.6234 5.5557 1.1899
v 0.5650 5.2760 1.3289
v 0.5466 5.0904 1.4105
v 1.6320 4.3938 0.0218
v 1.3485 4.5960 -0.6354
v 1.1215 4.7040 -0.7973
v 0.8841 4.7794 -0.8761
v 1.3737 1.1389 -0.8731
v 2.7139 5.3952 0.5568
v 2.5012 5.1904 0.7462
v 2.0916 4.8449 0.5288
v 2.8513 5.1966 0.5303
v 2.6564 5.0301 0.7271
v 2.2404 4.7084 0.5112
v 2.2162 6.0751 0.6478
v 2.0292 5.8891 0.8839
v 1.7053 5.4291 1.0314
v 1.6153 5.2360 1.0823
v 1.5639 5.0778 1.1280
v 1.5080 4.9368 1.1778
v 2.5863 5.5760 0.5837
v 2.3798 5.3570 0.7831
v 1.9872 4.9692 0.6231
v 1.8107 4.9231 0.6745
v 1.7554 4.7937 0.7044
v 1.6884 4.6814 0.6707
v 0.6498 4.8225 -0.8295
v -0.1272 3.2063 1.5964
v 0.4285 4.8372 -0.7723
v 1.1389 6.5273 -0.5255
v 0.0002 4.8258 -0.6937
v -0.1105 4.3575 1.5304
v -0.1191 3.7825 1.5452
v -0.1166 4.0862 1.5412
v 1.1812 6.6633 -0.1725
v 1.1821 6.6775 0.1000
v 1.1668 6.6128 0.2922
v 0.4716 4.3995 1.5278
v 1.3475 6.4044 -0.5194
v 1.3868 6.5680 -0.1733
v 1.3960 6.6095 0.1183
v 1.3773 6.5522 0.3288
v 1.4541 5.9831 -0.6734
v 1.2567 5.2150 -0.8096
v 1.2153 5.0266 -0.8049
v 1.2175 6.0694 -0.7670
v 1.0024 5.2772 -0.9213
v 0.9670 5.0887 -0.9136
v 0.8798 6.1516 -0.7783
v 0.7240 5.2904 -0.8718
v 0.7045 5.1061 -0.8616
v 0.5268 5.9577 -0.6747
v 0.4735 5.2870 -0.7720
v 0.4588 5.1087 -0.7759
v 1.5756 6.2771 -0.4627
v 0.0001 5.8971 -0.5971
v 0.0002 5.2854 -0.6709
v 0.0001 5.1086 -0.6830
v 1.6218 6.4301 -0.1599
v 1.6643 6.4943 0.1070
v 1.6762 6.4840 0.3613
v 1.7653 6.1371 -0.4128
v 1.8626 6.3037 -0.1648
v 1.9356 6.3801 0.0953
v 1.9732 6.3615 0.3778
v 0.5891 4.4659 -0.7954
v 1.6316 5.8423 -0.6018
v 1.7299 4.8336 -0.0320
v 1.6994 4.6950 0.0131
v 1.9550 5.9766 -0.4133
v 2.1028 6.1398 -0.1870
v 2.2134 6.1858 0.0593
v 2.2780 6.1866 0.3704
v 1.8088 5.7388 -0.5249
v 0.3877 4.4757 -0.7598
v 1.7679 4.9350 -0.1642
v 1.7266 4.7892 0.3928
v 1.7036 4.6419 0.3991
v 2.2701 5.6077 -0.3628
v 2.4454 5.7085 -0.2040
v 2.5735 5.7419 0.0275
v 2.6499 5.7073 0.2948
v 2.0900 5.4203 -0.4311
v 1.8294 4.8846 -0.1224
v 1.8896 4.8566 0.3234
v 2.4320 5.3974 -0.3547
v 2.6091 5.5031 -0.2142
v 2.7361 5.5350 0.0156
v 2.7813 5.5028 0.2704
v 2.2285 5.2171 -0.4226
v 1.9125 4.8196 -0.1255
v 1.9793 4.7723 0.2566
v 2.6238 5.1245 -0.3472
v 2.7976 5.2320 -0.2231
v 2.9214 5.2979 -0.0014
v 2.9417 5.2867 0.2558
v 2.4102 4.9763 -0.3870
v 2.0823 4.6684 -0.1214
v 2.0981 4.6388 0.2241
v 1.8401 4.8714 0.3536
v 1.9553 5.5734 -0.4684
v 2.4152 5.9542 0.0376
v 2.5047 5.9284 0.3344
v 2.2960 5.9255 -0.2062
v 2.1193 5.7894 -0.3835
v 2.2357 5.5870 0.8605
v 2.4625 5.8128 0.6388
v 1.7804 5.0420 0.9147
v 1.8814 5.1830 0.8896
v 1.6365 4.8108 0.9468
v 1.6965 4.9274 0.9403
v 1.4272 4.9383 -0.6499
v 1.4637 5.1063 -0.6522
v 3.0298 4.9905 0.5203
v 2.8334 4.8522 0.7353
v 2.4372 4.5531 0.5318
v 2.8457 4.8603 -0.3301
v 2.9979 4.9635 -0.2044
v 3.1072 5.0387 0.0010
v 3.1284 5.0579 0.2496
v 2.6424 4.7228 -0.3420
v 2.2947 4.4549 -0.0507
v 2.3196 4.4738 0.2525
v 3.2262 4.8004 0.5305
v 3.0532 4.6882 0.7467
v 2.6523 4.3632 0.5440
v 3.0598 4.6275 -0.3000
v 3.1914 4.7250 -0.1674
v 3.2758 4.7990 0.0304
v 3.3039 4.8362 0.2605
v 2.8625 4.5026 -0.3128
v 1.3631 1.8515 -0.5419
v 2.5197 4.2668 -0.0198
v 2.5413 4.2766 0.2825
v 3.3956 4.6447 0.5446
v 3.2343 4.5293 0.7493
v 2.8346 4.1777 0.5522
v 3.2380 4.4462 -0.2387
v 3.3505 4.5391 -0.1124
v 3.4248 4.6104 0.0558
v 3.4568 4.6634 0.2839
v 3.0608 4.3248 -0.2885
v 2.6954 4.0792 0.0076
v 2.7316 4.1012 0.2998
v 0.4002 4.5961 -0.7648
v 0.0002 4.5770 -0.6959
v 0.6069 4.5871 -0.8019
v 0.8174 4.5371 -0.8243
v 1.0431 4.4473 -0.7759
v 1.2711 4.3319 -0.6275
v 1.5897 4.1166 -0.0165
v 1.5966 4.1283 0.3196
v 1.5677 4.2064 0.6332
v 1.3614 4.5119 1.2368
v 1.4964 4.3695 0.9694
v 0.5345 4.9488 1.4653
v 0.4609 4.1697 1.5193
v -0.1111 4.9042 1.4434
v 0.0000 6.2046 1.0110
v 0.6543 4.1735 1.5350
v 0.8534 4.1367 1.5126
v 1.0590 4.0640 1.4321
v 1.2308 3.9643 1.2863
v 1.2887 4.3164 1.2636
v 1.4631 4.8126 1.2050
v 1.2721 4.8771 1.3872
v 0.9662 6.5760 0.4337
v 0.0000 6.0550 1.0576
v 0.5597 6.1755 0.8828
v 0.8779 6.4336 0.5685
v 3.5278 4.5142 0.5651
v 3.3761 4.3951 0.7415
v 2.9799 4.0205 0.5554
v 3.4207 4.2781 -0.1861
v 3.5100 4.3748 -0.0553
v 3.5611 4.4564 0.1266
v 3.5806 4.5128 0.3171
v 3.2605 4.1554 -0.2612
v 2.8674 3.8966 0.0096
v 2.8728 3.9304 0.3058
v 3.6321 4.3981 0.5939
v 3.4639 4.2707 0.7672
v 3.1155 3.8903 0.5748
v 3.6312 4.0867 -0.1100
v 3.6970 4.1962 0.0258
v 3.7250 4.2989 0.1772
v 3.7086 4.3776 0.3695
v 0.5267 4.8452 1.4971
v 3.4766 3.9483 -0.2140
v 3.0646 3.7326 0.0429
v 3.0232 3.7722 0.3137
v 1.3703 2.2243 -0.3726
v 3.7297 4.2969 0.6441
v 3.5542 4.1865 0.7873
v 3.2259 3.7991 0.6124
v 3.8214 3.9000 0.0096
v 3.8596 4.0238 0.1387
v 3.8710 4.1446 0.2752
v 3.8381 4.2575 0.4464
v 3.7195 3.7790 -0.0915
v 3.2424 3.5818 0.1271
v 3.1582 3.6569 0.4003
v 3.8428 4.1937 0.7247
v 3.6407 4.1169 0.8475
v 3.2935 3.7125 0.6899
v 3.9568 3.7424 0.1660
v 4.0180 3.8704 0.2597
v 4.0195 4.0093 0.3981
v 3.9763 4.1366 0.5523
v 1.2407 4.7653 1.4030
v 3.8579 3.6095 0.0742
v 3.3934 3.4544 0.2473
v 3.2580 3.5501 0.4967
v 3.9958 4.0593 0.8469
v 3.7602 4.0159 0.9755
v 3.3815 3.5852 0.8434
v 4.1127 3.5872 0.3372
v 4.1736 3.7076 0.4202
v 4.1798 3.8498 0.5515
v 4.1361 3.9782 0.6908
v 1.5509 4.5840 0.9527
v 3.9832 3.4304 0.2581
v 1.3446 1.4583 -0.7335
v 3.5268 3.3197 0.4299
v 3.3805 3.3728 0.6322
v 4.1680 3.8734 1.0247
v 3.9274 3.8360 1.1487
v 3.5401 3.4259 1.0487
v 4.2882 3.4115 0.5542
v 4.3425 3.5485 0.6508
v 4.3395 3.6619 0.7546
v 4.2989 3.7876 0.8829
v 1.4260 4.7029 1.2239
v 4.1466 3.2612 0.4850
v 3.6902 3.1541 0.6616
v 3.5471 3.2191 0.8516
v 4.3349 3.6586 1.2469
v 4.1103 3.6190 1.3365
v 3.7518 3.2634 1.2642
v 4.4689 3.2396 0.8078
v 4.5059 3.3519 0.8976
v 4.5035 3.4818 1.0074
v 4.4607 3.5825 1.1192
v 4.3267 3.0796 0.7514
v 3.8786 2.9905 0.9256
v 3.7576 3.0832 1.0981
v 4.5047 3.4528 1.4989
v 4.2877 3.4142 1.5764
v 3.9637 3.0928 1.4910
v 4.6500 3.0555 1.0781
v 4.6837 3.1849 1.1646
v 4.6884 3.2910 1.2612
v 4.6322 3.3865 1.3778
v 4.5132 2.8966 1.0291
v 1.3790 3.8489 -0.3804
v 4.0666 2.8142 1.2024
v 3.9700 2.9334 1.3544
v 4.6719 3.2399 1.7744
v 4.4680 3.2112 1.8564
v 4.1960 2.8890 1.7854
v 4.8737 2.8658 1.3858
v 4.9118 2.9901 1.4652
v 4.9023 3.0898 1.5450
v 4.7986 3.1674 1.6554
v 1.6151 4.4363 0.6412
v 4.7528 2.7338 1.3384
v 1.4536 4.0819 -0.3670
v 4.3146 2.6422 1.5247
v 4.2100 2.7389 1.6612
v 4.8368 2.9391 2.0704
v 4.6864 2.9619 2.1230
v 4.4877 2.7611 2.0536
v 5.0060 2.6662 1.7558
v 5.0178 2.7675 1.8475
v 4.9801 2.8442 1.9348
v 4.9231 2.8944 2.0102
v 4.9186 2.5607 1.7053
v 1.3151 3.5637 -0.3648
v 4.5642 2.5603 1.8254
v 4.4942 2.6625 1.9428
v 4.9694 2.7704 2.4268
v 4.8057 2.7711 2.5253
v 4.6348 2.5265 2.4541
v 5.2295 2.4194 2.0587
v 5.2191 2.5382 2.1433
v 5.1691 2.6364 2.2406
v 5.0938 2.7118 2.3254
v 1.6406 4.3743 0.3569
v 5.1494 2.2845 1.9943
v 1.3070 3.3928 -0.3444
v 4.8089 2.2804 2.2129
v 4.6857 2.4103 2.3552
v 0.8955 6.1803 0.8002
v 1.1242 6.0848 0.8203
v 1.3730 6.0160 0.8513
v 1.6046 5.8674 0.9204
v 1.8382 5.6412 0.9646
v 2.0349 5.3772 0.8824
v 2.1459 5.1427 0.7682
v 2.2673 4.9823 0.7174
v 2.4073 4.8349 0.7136
v 2.5853 4.6568 0.7400
v 2.7813 4.4572 0.7541
v 2.9841 4.2938 0.7480
v 3.1637 4.1801 0.7433
v 4.5311 2.8618 2.1075
v 4.6484 2.6510 2.5298
v 4.2882 3.0579 1.8533
v 1.2890 5.4256 -0.7928
v 1.0443 5.4914 -0.8995
v 0.7608 5.5003 -0.8680
v 0.4842 5.4825 -0.7680
v 1.3235 3.1825 -0.3104
v 1.5581 4.4590 -0.3572
v 0.0002 5.4847 -0.6539
v 1.5960 4.6256 -0.3646
v 1.4186 3.9691 -0.3729
v 1.4819 5.2669 -0.6694
v 1.3435 3.7145 -0.3787
v 1.3467 2.8975 -0.2799
v 1.3710 2.5660 -0.3014
v 1.6685 5.1215 -0.4893
v 1.6511 4.9635 -0.4389
v 1.6262 4.7963 -0.4016
v 1.4884 4.2019 -0.3632
v 0.5037 5.7038 -0.7367
v 0.8016 5.7648 -0.8526
v 0.0002 5.6920 -0.6292
v 1.1094 5.7415 -0.8600
v 1.3348 5.6597 -0.7543
v 1.5175 5.5129 -0.6737
v 1.8967 5.0774 -0.4339
v 2.0088 4.9722 -0.3895
v 2.1949 4.8066 -0.3148
v 1.8039 5.2061 -0.4521
v 2.4442 4.5811 -0.2706
v 2.6641 4.3687 -0.2420
v 2.8607 4.1906 -0.2276
v 3.0482 4.0212 -0.2150
v 3.2674 3.8307 -0.1738
v 3.4585 3.6355 -0.0566
v 3.6077 3.4898 0.1078
v 3.7481 3.3322 0.2951
v 3.9118 3.1629 0.5299
v 4.1032 2.9979 0.7972
v 4.3045 2.8103 1.0716
v 4.5397 2.6124 1.3782
v 4.7502 2.5099 1.7098
v 4.9899 2.2020 2.0532
v 3.8906 3.4586 1.3351
v 4.0759 3.2711 1.5668
v 3.6914 3.6466 1.1373
v 3.5363 3.8193 0.9572
v 3.4468 3.9259 0.8131
v 3.3765 3.9977 0.7476
v 3.2814 4.0710 0.7480
v 1.6457 4.5557 0.6571
v 1.1671 4.8540 -0.8012
v 0.9260 4.9239 -0.8948
v 0.6774 4.9563 -0.8448
v 0.4467 4.9706 -0.7759
v 1.6737 4.5454 0.0244
v 1.6621 4.5091 0.3757
v 0.0002 4.9594 -0.6909
v 1.3848 4.7505 -0.6427
v 1.5423 3.9683 0.6305
v 0.9937 4.1833 -0.7351
v 0.7762 4.2764 -0.7893
v 0.5731 4.3286 -0.7912
v 0.3781 4.3419 -0.7528
v 1.5432 3.9020 -0.0582
v 1.5645 3.9028 0.2967
v 1.2104 4.0742 -0.6000
v 1.5034 3.6593 0.6301
v 0.9718 3.8599 -0.6727
v 0.7745 3.9230 -0.7411
v 0.5718 3.9671 -0.7659
v 0.3809 3.9916 -0.7337
v 1.4805 3.6543 -0.0939
v 1.5193 3.6315 0.2748
v 0.0002 4.0006 -0.6853
v 1.1668 3.7885 -0.5507
v 1.4918 3.4838 0.6436
v 0.9748 3.6679 -0.6279
v 0.7844 3.7050 -0.7038
v 0.5860 3.7286 -0.7153
v 0.3910 3.7484 -0.7032
v 1.4454 3.5082 -0.0849
v 1.4990 3.4757 0.2840
v 1.1445 3.6194 -0.5238
v 1.4850 3.3014 0.6716
v 0.9805 3.4591 -0.5958
v 0.7951 3.4766 -0.6657
v 0.5975 3.4886 -0.6905
v 0.3995 3.5044 -0.6883
v 1.4352 3.3331 -0.0622
v 1.4895 3.2973 0.3040
v 1.1499 3.4304 -0.4915
v 1.4630 3.0753 0.7117
v 0.9985 3.2279 -0.5919
v 0.8111 3.2435 -0.6625
v 0.6091 3.2320 -0.6986
v 0.4073 3.2428 -0.7023
v 1.4387 3.1211 -0.0255
v 1.4760 3.0822 0.3466
v 1.1717 3.2053 -0.4767
v 1.4979 2.8185 0.7417
v 0.5969 2.9409 1.5612
v 1.4933 2.8056 0.3726
v 1.1964 2.9248 -0.4793
v 0.4053 2.9312 1.5817
v 1.5910 4.6963 0.9498
v 1.4496 4.1386 0.9827
v 1.4141 3.5456 0.9619
v 1.4329 3.7614 0.9613
v 0.8201 3.8663 1.5051
v 1.0374 3.7954 1.4264
v 1.2257 2.9058 1.2941
v 0.4044 3.2675 1.5294
v 0.7753 3.5920 1.4994
v 1.0000 3.5321 1.4336
v -0.1710 6.2191 0.9852
v -0.1647 6.0657 1.0456
v 1.2188 3.1826 1.2873
v 0.5848 3.2788 1.5307
v 0.7810 3.2748 1.5137
v 0.9910 3.2497 1.4403
v 1.2214 3.4306 1.2643
v -0.0005 4.3120 1.5358
v 0.6243 3.9001 1.5233
v 0.4216 3.5968 1.5046
v 0.7962 2.9448 1.5228
v 1.0115 2.9386 1.4393
v 1.2324 3.6876 1.2571
v 0.5890 3.6145 1.5177
v 0.4381 3.8924 1.5113
v 1.3982 3.3389 0.9825
v 1.3930 3.1065 1.0216
v 1.4190 2.8582 1.0509
v 1.4375 2.8387 0.0178
v 1.5658 2.5527 0.7155
v 1.5795 2.5200 0.3396
v 0.5985 2.5644 1.5780
v -0.0011 4.0453 1.5592
v 0.4173 2.5431 1.6121
v 1.2453 2.6154 1.2871
v 0.8007 2.5869 1.5151
v 1.0252 2.6101 1.4333
v 1.4376 2.5947 1.0481
v 0.4117 2.9389 -0.7488
v 1.0189 2.9434 -0.6164
v 0.8276 2.9555 -0.7078
v 0.6169 2.9287 -0.7444
v 1.2674 2.2822 1.2975
v 0.4276 2.0681 1.6362
v 0.6085 2.1308 1.6015
v 1.6439 2.2190 0.2716
v 1.6243 2.2487 0.6735
v 1.4712 2.2752 1.0441
v 1.0325 2.2538 1.4413
v 0.8088 2.1956 1.5285
v 1.4898 2.5285 0.0010
v 1.5273 2.2222 -0.0719
v 1.0144 2.5737 -0.6760
v 0.8220 2.5674 -0.7930
v 0.6128 2.5581 -0.8205
v 0.4081 2.5770 -0.8192
v 0.9979 2.1493 -0.7955
v 0.8042 2.1221 -0.8967
v 0.5961 2.1370 -0.9194
v 0.3944 2.1654 -0.9102
v 0.9669 1.7122 -0.9755
v 0.7693 1.6725 -1.0504
v 0.5654 1.6968 -1.0434
v 0.0001 2.2113 -0.8651
v 0.3694 1.7254 -1.0231
v 1.1992 2.5775 -0.5149
v 1.1878 2.1797 -0.6148
v 0.9140 1.2912 -1.1556
v 0.7153 1.2302 -1.1934
v 0.5224 1.2624 -1.1691
v 0.3327 1.2807 -1.1423
v 1.5420 1.5006 -0.3432
v 1.1330 1.3686 -1.0111
v 0.8735 0.9370 -1.2413
v 0.0002 1.3034 -1.1038
v 0.6702 0.8733 -1.2767
v 0.4753 0.8578 -1.2866
v 0.2818 0.8507 -1.2575
v 1.5865 1.1896 -0.4647
v 1.1089 1.0625 -1.1036
v 1.7048 1.5313 0.0707
v 1.8042 1.5332 0.5541
v 1.6095 1.4965 1.0466
v 1.7662 1.1936 -0.0066
v 1.8641 1.1618 0.5067
v 1.6978 1.1243 1.0239
v 1.3083 1.4456 1.3561
v 0.4446 0.8981 1.6396
v 0.6354 1.0356 1.6357
v 1.0491 1.3485 1.4921
v 0.8403 1.2070 1.5791
v 1.3701 1.0705 1.3296
v 0.4477 0.5894 1.6474
v 0.6482 0.7314 1.6400
v 1.0863 1.0095 1.4744
v 0.8635 0.9108 1.5780
v 1.0274 1.8427 1.4767
v 0.8175 1.7137 1.5754
v 0.4406 1.4481 1.6574
v 1.2661 1.8739 1.3368
v 0.6211 1.5751 1.6427
v 1.1695 1.7747 -0.7994
v 1.5676 1.8869 -0.2071
v 1.6975 1.8870 0.1642
v 1.4969 1.8923 1.0466
v 1.7147 1.8956 0.6289
v 0.7492 6.3098 0.7518
v 0.4938 6.1531 -0.5993
v 0.7559 6.3436 -0.6265
v -0.2721 6.5794 1.1264
v 1.0193 6.6953 0.2711
v 0.0001 6.0926 -0.5590
v 1.0238 6.7361 0.0594
v 1.0176 6.7268 -0.1677
v 0.9447 6.6142 -0.4528
v 1.5130 3.7862 -0.0845
v 0.7691 4.1191 -0.7692
v 0.3788 4.1870 -0.7457
v 0.5687 4.1685 -0.7857
v 1.1868 3.9372 -0.5781
v 1.5167 3.8267 0.6291
v 0.4992 4.6176 1.5404
v 0.6796 4.3972 1.5455
v 0.8858 4.3567 1.5125
v 0.9817 4.0320 -0.7063
v 1.5557 4.0924 0.6285
v 1.5780 4.0170 0.3140
v 1.2298 4.2216 1.3042
v 1.1391 4.5085 1.4132
v 1.4726 4.2624 0.9771
v 1.3253 4.4201 1.2477
v 1.6678 5.3354 -0.5648
v 1.5707 4.0114 -0.0336
v 1.2396 4.2039 -0.6152
v 1.0132 4.3190 -0.7568
v 0.7935 4.4140 -0.8035
v 1.0766 4.2993 1.4255
v 1.4283 3.9772 0.9841
v 1.5446 3.7746 0.2811
v 1.1734 4.5916 1.4090
v 0.5120 4.6920 1.5310
v 0.4902 4.5199 1.5379
v 1.1069 4.4113 1.4153
v -0.0002 4.5706 1.5026
v 0.4247 5.9031 1.0206
v 0.4061 5.6198 1.1528
v 0.3586 5.1158 1.3672
v 0.3753 5.3481 1.2815
v 0.3381 4.8354 1.4446
v 0.3061 4.1418 1.4820
v 0.3453 4.9446 1.4174
v 0.3903 6.1371 0.9183
v 0.2863 2.9161 1.5933
v 0.2754 3.2493 1.5241
v 0.2988 3.8574 1.4832
v 0.2870 3.5519 1.4849
v 0.2943 2.5225 1.6156
v 0.3083 4.3804 1.4783
v 0.3268 4.6167 1.4751
v 0.2374 5.8993 -0.6188
v 0.3314 4.6883 1.4692
v 0.3248 4.5201 1.4778
v 0.2288 6.0957 -0.5709
v 0.2413 5.6939 -0.6536
v 0.2422 5.4869 -0.6823
v 0.2443 5.2887 -0.7015
v 0.2354 5.1135 -0.7144
v 0.2252 4.9641 -0.7218
v 0.2157 4.8307 -0.7241
v 0.2073 4.5821 -0.7199
v 0.2007 4.4650 -0.7169
v 0.1976 4.3384 -0.7138
v 0.1979 4.1869 -0.7103
v 0.1991 4.0005 -0.7009
v 0.1979 3.7601 -0.6833
v 0.2008 3.5169 -0.6733
v 0.2044 3.2564 -0.6891
v 0.2063 2.9561 -0.7341
v 0.2041 2.6014 -0.7992
v 0.1960 2.1966 -0.8844
v 0.1811 1.7550 -0.9944
v 0.1577 1.2975 -1.1127
v 0.1182 0.8491 -1.2161
v 0.3127 0.5110 1.6420
v 0.3123 0.8338 1.6371
v 0.3104 1.3863 1.6536
v 0.2997 2.0294 1.6393
v 1.5873 4.3188 0.6343
v 1.6110 4.2474 0.3411
v 1.6056 4.2493 0.0043
v 1.3092 4.4602 -0.6317
v 1.0775 4.5735 -0.7879
v 0.8478 4.6551 -0.8510
v 0.6303 4.7050 -0.8145
v 0.4152 4.7183 -0.7689
v 0.5207 4.7644 1.5149
v 1.2081 4.6742 1.4058
v 1.5177 4.4757 0.9608
v 0.0002 4.6961 -0.6948
v -0.0002 4.7000 1.4815
v 1.3927 4.6035 1.2292
v 1.5209 4.3228 -0.3593
v 0.3315 4.7565 1.4598
v 0.2116 4.7028 -0.7222
v 0.4466 6.3575 -0.5328
v 0.6670 6.5133 -0.4913
v 0.8771 6.7786 -0.1409
v 0.8151 6.6900 -0.3498
v 0.2109 6.2905 -0.5183
v 0.0001 6.2814 -0.5153
v 0.3781 6.6693 -0.4203
v 0.5493 6.7688 -0.3402
v 0.7231 6.9019 -0.0636
v 0.6580 6.8575 -0.2134
v 0.1836 6.6063 -0.4380
v 0.0000 6.5874 -0.4303
v 0.3070 6.9717 -0.2776
v 0.4378 7.0216 -0.2002
v 0.6028 7.0683 0.0097
v 0.5275 7.0589 -0.1030
v 0.1604 6.9244 -0.3273
v 0.0000 6.9113 -0.3368
v 0.2771 7.2083 -0.2311
v 0.3934 7.2236 -0.1622
v 0.5675 7.2173 0.0357
v 0.4806 7.2296 -0.0753
v 0.1479 7.1974 -0.2789
v 0.0000 7.1951 -0.2948
v 0.2899 7.1602 -0.3360
v 0.3808 7.1752 -0.2674
v 0.5647 7.1783 -0.0597
v 0.4643 7.1781 -0.1851
v 0.1682 7.1462 -0.3860
v 0.0144 7.1355 -0.4056
v 0.4976 6.3542 0.8136
v 0.7996 6.5344 0.5606
v 0.6542 6.4399 0.7096
v 0.3660 6.3023 0.8289
v 0.4650 6.5459 0.7757
v -0.0002 4.7790 1.4644
v 0.7569 6.6899 0.5460
v 0.6179 6.6079 0.6957
v 0.3662 6.4870 0.7849
v 0.4924 6.7443 0.7892
v -0.1056 4.6951 1.4874
v 0.7144 6.8971 0.5430
v 0.6034 6.8017 0.7047
v 0.3913 6.6865 0.8167
v 0.4825 6.8912 0.8442
v -0.1059 4.7780 1.4711
v 0.6981 7.0504 0.5778
v 0.5908 6.9605 0.7436
v 0.3866 6.8368 0.9000
v 0.5654 6.7815 0.8695
v -0.1141 2.0220 1.6878
v 0.7568 6.9741 0.5387
v 0.6743 6.8762 0.7048
v 0.4567 6.6928 0.9777
v 0.8824 6.6641 0.4115
v -0.1195 2.4964 1.6719
v 0.9156 6.7748 0.2355
v 0.9057 6.8057 0.0433
v 0.8279 6.8043 0.3834
v 0.8108 6.8926 0.2354
v 0.7683 6.9168 0.0750
v 0.7543 6.9781 0.3976
v 0.7269 7.0407 0.2548
v 0.6643 7.0617 0.1272
v 0.7296 7.1141 0.4446
v 0.6938 7.1644 0.2902
v 0.6435 7.1940 0.1641
v 0.7655 7.0324 0.4117
v 0.7243 7.0966 0.2569
v 0.6624 7.1463 0.0880
v 0.1269 3.2066 1.5965
v 0.1101 4.3575 1.5304
v 0.1184 3.7826 1.5455
v 0.1160 4.0862 1.5413
v 0.0002 4.3377 -0.6960
v 0.0001 3.7636 -0.6704
v 0.0001 3.5217 -0.6599
v 0.0001 3.2623 -0.6740
v 0.0001 2.9641 -0.7169
v 0.0001 2.6128 -0.7800
v 0.0002 1.7696 -0.9789
v 0.0002 0.8302 -1.2159
v -0.0002 1.4292 1.6862
v -0.0003 2.0232 1.6895
v 0.0002 4.4625 -0.6961
v 0.0002 4.1867 -0.6959
v 0.1108 4.9043 1.4435
v 0.1710 6.2191 0.9852
v -0.7998 6.9842 -0.0526
v -0.8712 6.9554 0.1390
v -0.8842 6.8883 0.3198
v -0.6070 6.3846 0.9108
v -0.8749 6.6867 0.6439
v -0.9065 6.8273 0.4400
v -0.7242 6.5483 0.8357
v -0.1705 6.8926 -0.5003
v -0.5362 7.0027 -0.3272
v -0.6621 6.9795 -0.2021
v -0.4240 6.9884 -0.3930
v -0.3090 6.9506 -0.4443
v -0.2115 2.5155 1.6188
v -0.2132 2.0219 1.6398
v -0.2000 4.8146 1.4083
v -0.1941 4.7342 1.4214
v 0.1647 6.0656 1.0455
v -0.3615 6.6255 1.0644
v -0.2821 6.1197 0.9385
v -0.2762 6.2805 0.8526
v -0.2101 4.9344 1.3852
v -0.1912 4.1327 1.4643
v -0.2004 3.8302 1.4708
v -0.1831 4.4028 1.4547
v -0.2074 3.2398 1.5210
v -0.2011 3.5263 1.4795
v -0.2180 2.9158 1.5802
v -0.1861 4.6166 1.4373
v -0.1940 4.6752 1.4305
v -0.2298 5.1209 1.3409
v -0.2562 5.3718 1.2563
v -0.2810 5.6405 1.1446
v -0.1831 4.5429 1.4462
v 0.2722 6.5778 1.1248
v -0.1884 0.8747 1.6314
v -0.1878 1.4369 1.6512
v -0.2901 5.9004 1.0320
v -0.1862 0.4843 1.6402
v -0.2777 6.4442 0.8137
v -0.3060 6.6203 0.8639
v -0.2867 6.7713 0.9625
v 0.1611 5.8548 1.1268
v -0.1543 5.6067 1.2215
v 0.1052 4.6951 1.4873
v 0.1055 4.7780 1.4710
v 0.1139 2.0071 1.6873
v 0.1190 2.4946 1.6711
v -0.4469 6.2070 0.9725
v -0.1183 3.4845 1.5545
v -0.1318 2.8858 1.6543
v -0.1097 4.5823 1.5071
v -0.1061 4.6363 1.4979
v -0.1233 5.0958 1.4017
v -0.0001 5.0962 1.3920
v -0.1403 5.3436 1.3213
v -0.0001 5.3449 1.3180
v -0.0002 4.9028 1.4344
v -0.1085 4.5081 1.5172
v -0.0003 2.4922 1.6776
v -0.0002 2.8798 1.6507
v -0.1162 0.8520 1.6645
v -0.0003 0.8380 1.6567
v -0.1145 1.4309 1.6899
v -0.0003 3.7584 1.5449
v -0.0002 4.6363 1.4928
v -0.1612 5.8548 1.1269
v -0.1160 0.4525 1.6710
v -0.0001 0.4501 1.6678
v -0.1722 6.3408 0.9610
v -0.1750 6.5050 1.0157
v -0.1903 6.6914 1.0218
v 0.8132 6.9766 -0.0534
v 0.8788 6.9441 0.1406
v 0.8879 6.8747 0.3212
v -0.0002 4.4760 1.5130
v 0.6054 6.3851 0.9086
v 0.8698 6.6830 0.6497
v 0.0000 6.3220 1.0082
v 0.0000 6.4685 1.0780
v 0.9094 6.8171 0.4445
v 0.7274 6.5497 0.8341
v 0.1913 6.8857 -0.4977
v 0.5504 6.9756 -0.3119
v 0.6860 6.9770 -0.1969
v 0.4438 6.9689 -0.3841
v 0.3313 6.9397 -0.4431
v 0.2111 2.5171 1.6185
v 0.2129 2.0229 1.6390
v 0.1996 4.8145 1.4081
v 0.1938 4.7342 1.4212
v -0.3379 6.1920 1.0376
v 0.3619 6.6245 1.0633
v 0.2821 6.1197 0.9385
v 0.2763 6.2805 0.8526
v 0.2098 4.9343 1.3851
v 0.1909 4.1327 1.4640
v 0.2001 3.8302 1.4705
v 0.1827 4.4028 1.4544
v 0.2070 3.2401 1.5205
v 0.2010 3.5265 1.4790
v 0.2178 2.9160 1.5806
v 0.1857 4.6165 1.4372
v 0.1937 4.6752 1.4303
v 0.2296 5.1209 1.3409
v 0.0086 6.5228 -0.6104
v -1.0144 6.7103 -0.2845
v -1.1111 6.7000 -0.0327
v -1.0984 6.7260 0.2302
v -0.7376 6.1929 0.8984
v -1.0292 6.5306 0.5854
v -1.1262 6.6998 0.3853
v -0.9161 6.3830 0.8162
v -0.2151 6.5674 -0.6212
v -0.6638 6.6607 -0.5076
v -0.8550 6.7208 -0.4598
v -0.5158 6.6278 -0.5499
v -0.3604 6.6017 -0.5987
v -0.5082 5.9830 0.9755
v 0.2560 5.3717 1.2563
v -0.3783 5.9521 1.0345
v 0.2809 5.6404 1.1444
v 0.2264 6.5588 -0.6168
v -0.0000 5.8486 1.1312
v 0.0101 6.8478 -0.5140
v -0.0003 3.4518 1.5591
v 0.1178 3.4846 1.5546
v -0.0002 3.1794 1.5994
v 0.1827 4.5428 1.4462
v 0.2218 0.8191 1.6296
v 0.2212 1.3831 1.6473
v 0.2901 5.9004 1.0319
v 0.2197 0.4745 1.6382
v 0.2776 6.4443 0.8137
v 0.2965 6.6273 0.8558
v 0.2849 6.7722 0.9592
v 0.4444 6.2068 0.9665
v 0.1313 2.8859 1.6542
v 0.1093 4.5823 1.5070
v 0.1058 4.6363 1.4978
v 0.1230 5.0958 1.4016
v -0.0001 5.6062 1.2198
v 0.1402 5.3434 1.3208
v 0.1542 5.6067 1.2214
v 0.1081 4.5081 1.5172
v 0.1162 0.8160 1.6627
v 0.1147 1.3901 1.6861
v 0.1161 0.4558 1.6692
v 0.1722 6.3408 0.9610
v 0.1752 6.5048 1.0157
v 0.1906 6.6914 1.0218
v 0.3361 6.1908 1.0313
v 1.0441 6.7121 -0.2792
v 1.1251 6.6917 -0.0228
v 1.1067 6.7152 0.2397
v 0.7385 6.1913 0.8948
v 1.0394 6.5216 0.5902
v 1.1348 6.6947 0.3909
v 0.9205 6.3752 0.8204
v 0.6804 6.6530 -0.5231
v 0.8663 6.7157 -0.4600
v 0.5255 6.6097 -0.5456
v 0.3695 6.5870 -0.5932
v 0.5085 5.9807 0.9704
v 0.3797 5.9496 1.0306
v -4.8857 2.3512 1.9145
v -4.5859 2.7383 2.3351
v -4.9263 2.8306 2.2607
v -4.7630 2.8432 2.3384
v -5.1159 2.5300 1.9288
v -4.5459 2.6291 2.2523
v -5.0389 2.4188 1.8805
v -4.6885 2.4126 2.0536
v -4.5778 2.5230 2.1633
v -5.0224 2.7772 2.1725
v -5.1155 2.6322 2.0060
v -5.0780 2.7154 2.0926
v 4.5854 2.6273 2.2520
v 5.1187 2.5292 1.9310
v 4.9070 2.8368 2.2644
v 4.7153 2.4087 2.0471
v 5.1182 2.6375 2.0157
v 5.0079 2.7866 2.1829
v 5.0746 2.7236 2.1044
v 4.6084 2.7369 2.3361
v 4.8875 2.3444 1.9101
v 4.7558 2.8450 2.3395
v 4.6182 2.5230 2.1607
v 5.0402 2.4117 1.8762
v -4.9387 2.2790 1.9926
v -4.6195 2.6901 2.4306
v -4.9641 2.7917 2.3428
v -4.7968 2.7996 2.4300
v -5.1683 2.4713 1.9974
v -4.5842 2.5746 2.3543
v -5.0920 2.3533 1.9456
v -4.7405 2.3460 2.1403
v -4.6217 2.4652 2.2637
v -5.0670 2.7350 2.2445
v -5.1633 2.5793 2.0724
v -5.1244 2.6675 2.1618
v 4.6133 2.5765 2.3530
v 5.1712 2.4745 1.9987
v 4.9351 2.8011 2.3453
v 4.7668 2.3469 2.1339
v 5.1659 2.5868 2.0822
v 5.0493 2.7467 2.2551
v 5.1195 2.6779 2.1741
v 4.6310 2.6916 2.4312
v 4.9400 2.2762 1.9870
v 4.7799 2.8045 2.4307
v 4.6574 2.4674 2.2603
v 5.0932 2.3495 1.9399
v 4.5414 2.6884 2.1606
v 5.0669 2.5901 1.8461
v 4.8766 2.8845 2.1749
v 4.6465 2.4770 1.9448
v 5.0717 2.6982 1.9381
v 4.9702 2.8366 2.1032
v 5.0312 2.7799 2.0262
v 4.5730 2.7944 2.2318
v 4.8243 2.4173 1.8130
v 4.7248 2.9000 2.2404
v 4.5638 2.5858 2.0607
v 4.9844 2.4781 1.7942
v -4.8245 2.4252 1.8199
v -4.5502 2.7978 2.2322
v -4.8865 2.8799 2.1737
v -4.7204 2.8988 2.2408
v -5.0659 2.5947 1.8471
v -4.5020 2.6906 2.1580
v -4.9843 2.4878 1.8000
v -4.6252 2.4807 1.9493
v -4.5293 2.5878 2.0649
v -4.9772 2.8288 2.0955
v -5.0705 2.6948 1.9311
v -5.0330 2.7734 2.0155
v -4.4209 2.7046 1.2243
v -4.7124 3.2650 1.5196
v -4.6361 2.7955 1.1749
v -4.7759 3.1711 1.4037
v -4.0886 2.8360 1.5087
v -4.7568 2.9544 1.2313
v -4.7806 3.0729 1.3174
v -4.1902 2.7231 1.3607
v -4.1862 3.1498 1.6954
v -4.5773 3.3242 1.6361
v -4.0832 2.9843 1.6310
v -4.3859 3.2907 1.7095
v 4.1910 2.7227 1.3602
v 4.7125 3.2651 1.5205
v 4.3861 3.2904 1.7099
v 4.7557 2.9541 1.2323
v 4.0889 2.8354 1.5081
v 4.0835 2.9838 1.6305
v 4.6365 2.7946 1.1742
v 4.5769 3.3239 1.6366
v 4.1861 3.1493 1.6956
v 4.4210 2.7048 1.2246
v 4.7765 3.1714 1.4041
v 4.7828 3.0737 1.3174
v 4.8357 2.6567 1.5086
v 4.9544 3.0072 1.7294
v 4.3442 2.7070 1.7954
v 4.9853 2.9124 1.6434
v 4.8780 3.0821 1.8335
v 4.5791 3.1211 1.9960
v 4.6369 2.5614 1.5388
v 4.3488 2.8247 1.8953
v 4.9591 2.7944 1.5521
v 4.4144 2.9701 1.9564
v 4.4401 2.6034 1.6645
v 4.7572 3.1304 1.9248
v -4.6369 2.5614 1.5389
v -4.4133 2.9701 1.9572
v -4.3462 2.8248 1.8923
v -4.7575 3.1304 1.9251
v -4.5793 3.1215 1.9962
v -4.9604 2.7953 1.5512
v -4.9857 2.9128 1.6419
v -4.9543 3.0065 1.7286
v -4.8780 3.0810 1.8328
v -4.3448 2.7078 1.7973
v -4.4398 2.6037 1.6644
v -4.8357 2.6587 1.5098
v -0.0314 6.1401 1.0338
v -0.0323 6.1232 1.0391
v -0.0406 6.1425 1.0453
v -0.0372 6.1559 1.0283
v -0.0412 6.1284 1.0494
v -0.0453 6.1556 1.0405
v -0.0771 6.1410 1.0573
v -0.0680 6.1421 1.0563
v -0.0758 6.1320 1.0590
v -0.0862 6.1392 1.0560
v -0.0784 6.1493 1.0533
v -0.0690 6.1498 1.0511
v -0.0664 6.1326 1.0568
v -0.0845 6.1298 1.0564
v -0.0871 6.1470 1.0507
v -0.1195 6.1263 1.0320
v -0.1118 6.1314 1.0438
v -0.1136 6.1104 1.0374
v -0.1185 6.1432 1.0266
v -0.1112 6.1452 1.0391
v -0.1072 6.1181 1.0480
v -0.0817 6.1751 1.0190
v -0.0813 6.1708 1.0333
v -0.0984 6.1692 1.0197
v -0.0640 6.1746 1.0204
v -0.0667 6.1705 1.0342
v -0.0952 6.1660 1.0336
v -0.0691 6.0913 1.0467
v -0.0712 6.1030 1.0557
v -0.0524 6.0972 1.0460
v -0.0868 6.0918 1.0453
v -0.0858 6.1032 1.0543
v -0.0573 6.1077 1.0549
v -0.0539 6.1655 1.0363
v -0.0485 6.1679 1.0235
v -0.0396 6.1082 1.0433
v -0.0465 6.1161 1.0526
v -0.0550 6.1323 1.0543
v -0.0557 6.1428 1.0531
v -0.0579 6.1515 1.0479
v -0.0895 6.1563 1.0441
v -0.0798 6.1596 1.0460
v -0.0693 6.1595 1.0445
v -0.0636 6.1213 1.0572
v -0.0738 6.1194 1.0593
v -0.0838 6.1181 1.0568
v -0.0952 6.1261 1.0534
v -0.0979 6.1362 1.0522
v -0.0980 6.1452 1.0471
v -0.1112 6.1581 1.0222
v -0.1058 6.1574 1.0352
v -0.0985 6.1080 1.0515
v -0.1023 6.0984 1.0420
v -0.0605 6.1587 1.0435
v -0.0553 6.1236 1.0552
v -0.0974 6.1529 1.0428
v -0.0922 6.1178 1.0544
v -0.0657 6.1472 1.0391
v -0.0662 6.1534 1.0352
v -0.0586 6.1481 1.0374
v -0.0626 6.1268 1.0458
v -0.0555 6.1271 1.0444
v -0.0612 6.1197 1.0463
v -0.0841 6.1235 1.0454
v -0.0833 6.1163 1.0459
v -0.0909 6.1215 1.0436
v -0.0871 6.1439 1.0386
v -0.0940 6.1426 1.0367
v -0.0883 6.1499 1.0347
v -0.0551 6.1208 1.0451
v -0.0600 6.1534 1.0343
v -0.0942 6.1480 1.0336
v -0.0893 6.1155 1.0444
v -0.0314 5.7224 1.1874
v -0.0323 5.7054 1.1927
v -0.0406 5.7248 1.1989
v -0.0372 5.7382 1.1819
v -0.0412 5.7107 1.2031
v -0.0453 5.7378 1.1941
v -0.0771 5.7233 1.2109
v -0.0680 5.7243 1.2100
v -0.0758 5.7142 1.2126
v -0.0862 5.7215 1.2096
v -0.0784 5.7316 1.2069
v -0.0690 5.7321 1.2047
v -0.0664 5.7149 1.2104
v -0.0845 5.7121 1.2100
v -0.0871 5.7292 1.2044
v -0.1195 5.7086 1.1856
v -0.1118 5.7136 1.1974
v -0.1136 5.6927 1.1910
v -0.1185 5.7255 1.1802
v -0.1112 5.7275 1.1927
v -0.1072 5.7004 1.2017
v -0.0817 5.7574 1.1726
v -0.0813 5.7531 1.1869
v -0.0984 5.7514 1.1733
v -0.0640 5.7568 1.1740
v -0.0667 5.7527 1.1878
v -0.0952 5.7483 1.1872
v -0.0691 5.6735 1.2004
v -0.0712 5.6853 1.2094
v -0.0524 5.6795 1.1996
v -0.0868 5.6741 1.1989
v -0.0858 5.6855 1.2080
v -0.0573 5.6899 1.2086
v -0.0539 5.7477 1.1899
v -0.0485 5.7502 1.1772
v -0.0396 5.6905 1.1969
v -0.0465 5.6983 1.2062
v -0.0550 5.7146 1.2079
v -0.0557 5.7251 1.2067
v -0.0579 5.7338 1.2015
v -0.0895 5.7386 1.1977
v -0.0798 5.7419 1.1996
v -0.0693 5.7418 1.1982
v -0.0636 5.7035 1.2108
v -0.0738 5.7017 1.2129
v -0.0838 5.7004 1.2104
v -0.0952 5.7083 1.2070
v -0.0979 5.7185 1.2058
v -0.0980 5.7275 1.2007
v -0.1112 5.7404 1.1758
v -0.1058 5.7396 1.1888
v -0.0985 5.6902 1.2051
v -0.1023 5.6807 1.1956
v -0.0605 5.7409 1.1972
v -0.0553 5.7058 1.2088
v -0.0974 5.7352 1.1964
v -0.0922 5.7001 1.2080
v -0.0657 5.7295 1.1927
v -0.0662 5.7356 1.1888
v -0.0586 5.7304 1.1910
v -0.0626 5.7091 1.1995
v -0.0555 5.7093 1.1980
v -0.0612 5.7020 1.1999
v -0.0841 5.7058 1.1990
v -0.0833 5.6985 1.1995
v -0.0909 5.7038 1.1973
v -0.0871 5.7261 1.1923
v -0.0940 5.7248 1.1903
v -0.0883 5.7322 1.1884
v -0.0551 5.7031 1.1987
v -0.0600 5.7356 1.1880
v -0.0942 5.7303 1.1872
v -0.0893 5.6978 1.1980
v -0.0258 5.2313 1.3627
v -0.0268 5.2143 1.3679
v -0.0351 5.2337 1.3741
v -0.0317 5.2471 1.3571
v -0.0357 5.2196 1.3783
v -0.0397 5.2467 1.3693
v -0.0716 5.2322 1.3861
v -0.0624 5.2333 1.3852
v -0.0702 5.2232 1.3879
v -0.0806 5.2304 1.3848
v -0.0728 5.2405 1.3821
v -0.0635 5.2410 1.3800
v -0.0609 5.2238 1.3856
v -0.0790 5.2210 1.3853
v -0.0815 5.2381 1.3796
v -0.1139 5.2175 1.3608
v -0.1063 5.2225 1.3726
v -0.1081 5.2016 1.3662
v -0.1130 5.2344 1.3554
v -0.1057 5.2364 1.3679
v -0.1017 5.2093 1.3769
v -0.0761 5.2663 1.3479
v -0.0758 5.2620 1.3622
v -0.0929 5.2604 1.3485
v -0.0584 5.2657 1.3492
v -0.0611 5.2616 1.3630
v -0.0896 5.2572 1.3624
v -0.0636 5.1825 1.3756
v -0.0656 5.1942 1.3846
v -0.0469 5.1884 1.3748
v -0.0813 5.1830 1.3741
v -0.0802 5.1944 1.3832
v -0.0517 5.1989 1.3838
v -0.0484 5.2567 1.3651
v -0.0430 5.2591 1.3524
v -0.0341 5.1994 1.3721
v -0.0410 5.2073 1.3814
v -0.0495 5.2235 1.3831
v -0.0502 5.2340 1.3819
v -0.0523 5.2427 1.3768
v -0.0839 5.2475 1.3730
v -0.0743 5.2508 1.3748
v -0.0638 5.2507 1.3734
v -0.0581 5.2124 1.3860
v -0.0683 5.2106 1.3881
v -0.0782 5.2093 1.3856
v -0.0896 5.2172 1.3823
v -0.0924 5.2274 1.3810
v -0.0925 5.2364 1.3759
v -0.1057 5.2493 1.3511
v -0.1003 5.2485 1.3640
v -0.0929 5.1991 1.3803
v -0.0968 5.1896 1.3708
v -0.0550 5.2498 1.3724
v -0.0498 5.2147 1.3840
v -0.0919 5.2441 1.3716
v -0.0867 5.2090 1.3832
v -0.0601 5.2384 1.3679
v -0.0607 5.2445 1.3640
v -0.0531 5.2393 1.3663
v -0.0571 5.2180 1.3747
v -0.0500 5.2182 1.3732
v -0.0556 5.2109 1.3752
v -0.0785 5.2147 1.3742
v -0.0778 5.2074 1.3747
v -0.0853 5.2127 1.3725
v -0.0816 5.2351 1.3675
v -0.0885 5.2338 1.3655
v -0.0828 5.2411 1.3636
v -0.0496 5.2120 1.3739
v -0.0545 5.2446 1.3632
v -0.0887 5.2392 1.3625
v -0.0838 5.2067 1.3732
v -0.0067 4.8275 1.4640
v -0.0076 4.8102 1.4678
v -0.0160 4.8289 1.4757
v -0.0125 4.8437 1.4599
v -0.0165 4.8145 1.4786
v -0.0206 4.8423 1.4720
v -0.0525 4.8264 1.4875
v -0.0433 4.8275 1.4867
v -0.0511 4.8172 1.4885
v -0.0615 4.8247 1.4860
v -0.0537 4.8350 1.4842
v -0.0443 4.8357 1.4821
v -0.0418 4.8181 1.4863
v -0.0598 4.8153 1.4857
v -0.0624 4.8329 1.4815
v -0.0948 4.8139 1.4610
v -0.0872 4.8179 1.4732
v -0.0889 4.7976 1.4651
v -0.0938 4.8312 1.4571
v -0.0866 4.8322 1.4697
v -0.0825 4.8044 1.4763
v -0.0570 4.8637 1.4523
v -0.0566 4.8581 1.4662
v -0.0737 4.8577 1.4524
v -0.0393 4.8630 1.4536
v -0.0420 4.8577 1.4670
v -0.0705 4.8533 1.4660
v -0.0445 4.7777 1.4727
v -0.0465 4.7887 1.4827
v -0.0277 4.7837 1.4725
v -0.0622 4.7784 1.4713
v -0.0611 4.7890 1.4813
v -0.0326 4.7934 1.4823
v -0.0293 4.8526 1.4686
v -0.0238 4.8561 1.4562
v -0.0149 4.7949 1.4707
v -0.0219 4.8020 1.4807
v -0.0303 4.8180 1.4837
v -0.0310 4.8286 1.4834
v -0.0332 4.8377 1.4791
v -0.0648 4.8428 1.4757
v -0.0551 4.8459 1.4778
v -0.0446 4.8459 1.4764
v -0.0389 4.8067 1.4857
v -0.0491 4.8047 1.4876
v -0.0591 4.8036 1.4850
v -0.0705 4.8118 1.4824
v -0.0733 4.8221 1.4820
v -0.0734 4.8315 1.4777
v -0.0865 4.8464 1.4540
v -0.0812 4.8446 1.4669
v -0.0738 4.7940 1.4789
v -0.0776 4.7853 1.4686
v -0.0359 4.8452 1.4753
v -0.0306 4.8092 1.4839
v -0.0728 4.8395 1.4741
v -0.0675 4.8035 1.4826
v -0.0410 4.8341 1.4699
v -0.0415 4.8406 1.4665
v -0.0340 4.8352 1.4683
v -0.0380 4.8132 1.4749
v -0.0308 4.8136 1.4734
v -0.0365 4.8061 1.4748
v -0.0594 4.8100 1.4741
v -0.0586 4.8027 1.4740
v -0.0662 4.8081 1.4722
v -0.0624 4.8308 1.4692
v -0.0693 4.8297 1.4671
v -0.0636 4.8372 1.4658
v -0.0305 4.8073 1.4736
v -0.0353 4.8407 1.4657
v -0.0695 4.8354 1.4645
v -0.0647 4.8021 1.4724
v -0.0086 4.4238 1.5286
v -0.0096 4.4061 1.5300
v -0.0179 4.4236 1.5403
v -0.0145 4.4404 1.5267
v -0.0185 4.4089 1.5413
v -0.0225 4.4374 1.5385
v -0.0544 4.4195 1.5517
v -0.0452 4.4207 1.5510
v -0.0530 4.4103 1.5514
v -0.0634 4.4180 1.5500
v -0.0556 4.4285 1.5496
v -0.0463 4.4294 1.5476
v -0.0437 4.4114 1.5494
v -0.0618 4.4087 1.5484
v -0.0643 4.4267 1.5466
v -0.0967 4.4107 1.5237
v -0.0891 4.4130 1.5364
v -0.0909 4.3940 1.5255
v -0.0958 4.4284 1.5222
v -0.0885 4.4276 1.5349
v -0.0845 4.3992 1.5376
v -0.0589 4.4612 1.5219
v -0.0586 4.4538 1.5349
v -0.0757 4.4553 1.5212
v -0.0412 4.4603 1.5231
v -0.0439 4.4533 1.5357
v -0.0724 4.4491 1.5341
v -0.0464 4.3733 1.5304
v -0.0484 4.3828 1.5418
v -0.0297 4.3792 1.5310
v -0.0641 4.3741 1.5291
v -0.0631 4.3833 1.5405
v -0.0345 4.3875 1.5420
v -0.0312 4.4480 1.5366
v -0.0258 4.4531 1.5247
v -0.0169 4.3906 1.5308
v -0.0238 4.3962 1.5416
v -0.0323 4.4117 1.5468
v -0.0330 4.4222 1.5480
v -0.0351 4.4318 1.5449
v -0.0667 4.4373 1.5422
v -0.0571 4.4401 1.5448
v -0.0466 4.4403 1.5434
v -0.0409 4.4002 1.5472
v -0.0511 4.3980 1.5489
v -0.0610 4.3972 1.5461
v -0.0725 4.4057 1.5446
v -0.0752 4.4159 1.5457
v -0.0753 4.4259 1.5427
v -0.0885 4.4439 1.5213
v -0.0831 4.4403 1.5337
v -0.0757 4.3885 1.5388
v -0.0796 4.3813 1.5273
v -0.0378 4.4397 1.5422
v -0.0326 4.4029 1.5458
v -0.0747 4.4343 1.5402
v -0.0695 4.3975 1.5437
v -0.0429 4.4296 1.5353
v -0.0435 4.4364 1.5329
v -0.0359 4.4308 1.5339
v -0.0399 4.4082 1.5374
v -0.0328 4.4087 1.5360
v -0.0384 4.4011 1.5363
v -0.0613 4.4050 1.5362
v -0.0606 4.3978 1.5351
v -0.0681 4.4035 1.5341
v -0.0644 4.4264 1.5341
v -0.0713 4.4255 1.5319
v -0.0656 4.4331 1.5317
v -0.0324 4.4025 1.5354
v -0.0373 4.4366 1.5320
v -0.0715 4.4315 1.5302
v -0.0666 4.3974 1.5335
v -0.0086 3.9409 1.5582
v -0.0096 3.9231 1.5589
v -0.0179 3.9402 1.5699
v -0.0145 3.9576 1.5570
v -0.0185 3.9255 1.5703
v -0.0225 3.9541 1.5687
v -0.0544 3.9356 1.5811
v -0.0452 3.9369 1.5805
v -0.0530 3.9265 1.5805
v -0.0634 3.9343 1.5794
v -0.0556 3.9447 1.5794
v -0.0463 3.9457 1.5775
v -0.0437 3.9276 1.5785
v -0.0618 3.9250 1.5774
v -0.0643 3.9431 1.5764
v -0.0967 3.9281 1.5528
v -0.0891 3.9298 1.5656
v -0.0909 3.9113 1.5539
v -0.0958 3.9458 1.5520
v -0.0885 3.9445 1.5647
v -0.0845 3.9159 1.5662
v -0.0589 3.9786 1.5531
v -0.0586 3.9707 1.5658
v -0.0757 3.9726 1.5522
v -0.0412 3.9776 1.5543
v -0.0439 3.9701 1.5665
v -0.0724 3.9660 1.5648
v -0.0464 3.8904 1.5580
v -0.0484 3.8994 1.5697
v -0.0297 3.8963 1.5588
v -0.0641 3.8913 1.5567
v -0.0631 3.8999 1.5684
v -0.0345 3.9041 1.5702
v -0.0312 3.9647 1.5672
v -0.0258 3.9704 1.5556
v -0.0169 3.9076 1.5590
v -0.0238 3.9128 1.5701
v -0.0323 3.9280 1.5759
v -0.0330 3.9385 1.5775
v -0.0351 3.9482 1.5748
v -0.0667 3.9539 1.5724
v -0.0571 3.9566 1.5751
v -0.0466 3.9568 1.5737
v -0.0409 3.9166 1.5759
v -0.0511 3.9143 1.5774
v -0.0610 3.9136 1.5747
v -0.0725 3.9222 1.5735
v -0.0752 3.9323 1.5750
v -0.0753 3.9424 1.5724
v -0.0885 3.9613 1.5517
v -0.0831 3.9572 1.5640
v -0.0757 3.9052 1.5669
v -0.0796 3.8985 1.5552
v -0.0378 3.9563 1.5725
v -0.0326 3.9193 1.5745
v -0.0747 3.9509 1.5702
v -0.0695 3.9140 1.5723
v -0.0429 3.9464 1.5652
v -0.0435 3.9533 1.5630
v -0.0359 3.9477 1.5638
v -0.0399 3.9249 1.5664
v -0.0328 3.9255 1.5650
v -0.0384 3.9179 1.5650
v -0.0613 3.9218 1.5651
v -0.0606 3.9147 1.5636
v -0.0681 3.9204 1.5629
v -0.0644 3.9433 1.5639
v -0.0713 3.9425 1.5616
v -0.0656 3.9501 1.5617
v -0.0324 3.9193 1.5641
v -0.0373 3.9536 1.5622
v -0.0715 3.9486 1.5601
v -0.0666 3.9144 1.5620
v -0.0087 3.4403 1.5766
v -0.0096 3.4245 1.5793
v -0.0180 3.4397 1.5884
v -0.0145 3.4554 1.5736
v -0.0186 3.4267 1.5904
v -0.0226 3.4522 1.5857
v -0.0547 3.4362 1.6003
v -0.0454 3.4372 1.5995
v -0.0533 3.4281 1.6007
v -0.0638 3.4352 1.5988
v -0.0559 3.4443 1.5976
v -0.0465 3.4451 1.5955
v -0.0439 3.4290 1.5985
v -0.0621 3.4270 1.5978
v -0.0646 3.4431 1.5947
v -0.0973 3.4305 1.5730
v -0.0896 3.4318 1.5856
v -0.0915 3.4157 1.5762
v -0.0962 3.4462 1.5702
v -0.0889 3.4448 1.5830
v -0.0850 3.4195 1.5879
v -0.0591 3.4749 1.5677
v -0.0588 3.4677 1.5812
v -0.0759 3.4698 1.5674
v -0.0414 3.4738 1.5689
v -0.0441 3.4670 1.5819
v -0.0727 3.4637 1.5807
v -0.0468 3.3965 1.5827
v -0.0488 3.4043 1.5933
v -0.0299 3.4013 1.5826
v -0.0646 3.3976 1.5813
v -0.0635 3.4050 1.5920
v -0.0348 3.4081 1.5930
v -0.0313 3.4619 1.5831
v -0.0259 3.4670 1.5709
v -0.0170 3.4110 1.5813
v -0.0240 3.4156 1.5918
v -0.0324 3.4292 1.5959
v -0.0331 3.4384 1.5963
v -0.0353 3.4472 1.5925
v -0.0670 3.4527 1.5896
v -0.0573 3.4550 1.5919
v -0.0467 3.4550 1.5905
v -0.0411 3.4192 1.5973
v -0.0514 3.4173 1.5991
v -0.0614 3.4170 1.5965
v -0.0729 3.4247 1.5943
v -0.0756 3.4337 1.5946
v -0.0757 3.4427 1.5909
v -0.0888 3.4598 1.5682
v -0.0834 3.4560 1.5809
v -0.0762 3.4100 1.5899
v -0.0801 3.4043 1.5790
v -0.0380 3.4544 1.5893
v -0.0328 3.4215 1.5955
v -0.0750 3.4502 1.5878
v -0.0699 3.4174 1.5941
v -0.0431 3.4458 1.5831
v -0.0436 3.4520 1.5802
v -0.0361 3.4468 1.5816
v -0.0401 3.4267 1.5868
v -0.0329 3.4271 1.5853
v -0.0387 3.4205 1.5862
v -0.0617 3.4243 1.5859
v -0.0609 3.4181 1.5854
v -0.0685 3.4232 1.5839
v -0.0647 3.4434 1.5823
v -0.0716 3.4428 1.5801
v -0.0659 3.4495 1.5793
v -0.0326 3.4216 1.5851
v -0.0374 3.4521 1.5793
v -0.0718 3.4483 1.5779
v -0.0670 3.4179 1.5838
v -0.0089 3.0283 1.6334
v -0.0099 3.0124 1.6370
v -0.0185 3.0276 1.6455
v -0.0150 3.0432 1.6294
v -0.0192 3.0145 1.6482
v -0.0233 3.0399 1.6419
v -0.0563 3.0235 1.6576
v -0.0468 3.0245 1.6568
v -0.0549 3.0153 1.6584
v -0.0657 3.0224 1.6560
v -0.0575 3.0317 1.6544
v -0.0479 3.0324 1.6522
v -0.0453 3.0163 1.6562
v -0.0640 3.0142 1.6555
v -0.0665 3.0303 1.6514
v -0.1002 3.0181 1.6298
v -0.0923 3.0193 1.6426
v -0.0943 3.0028 1.6336
v -0.0991 3.0340 1.6262
v -0.0916 3.0324 1.6393
v -0.0876 3.0066 1.6454
v -0.0608 3.0620 1.6218
v -0.0605 3.0548 1.6360
v -0.0781 3.0573 1.6219
v -0.0426 3.0609 1.6231
v -0.0454 3.0542 1.6370
v -0.0748 3.0511 1.6358
v -0.0482 2.9829 1.6410
v -0.0503 2.9910 1.6517
v -0.0308 2.9882 1.6410
v -0.0666 2.9840 1.6395
v -0.0654 2.9917 1.6503
v -0.0359 2.9951 1.6514
v -0.0322 3.0493 1.6386
v -0.0266 3.0544 1.6257
v -0.0175 2.9985 1.6396
v -0.0247 3.0030 1.6501
v -0.0334 3.0166 1.6535
v -0.0341 3.0259 1.6534
v -0.0364 3.0346 1.6491
v -0.0690 3.0400 1.6456
v -0.0590 3.0423 1.6480
v -0.0481 3.0424 1.6465
v -0.0424 3.0063 1.6553
v -0.0530 3.0044 1.6573
v -0.0633 3.0040 1.6545
v -0.0751 3.0118 1.6518
v -0.0779 3.0209 1.6516
v -0.0779 3.0300 1.6474
v -0.0914 3.0476 1.6234
v -0.0859 3.0436 1.6366
v -0.0786 2.9966 1.6477
v -0.0826 2.9909 1.6368
v -0.0391 3.0417 1.6453
v -0.0338 3.0088 1.6535
v -0.0773 3.0376 1.6438
v -0.0720 3.0044 1.6519
v -0.0444 3.0331 1.6395
v -0.0449 3.0393 1.6362
v -0.0371 3.0341 1.6378
v -0.0413 3.0139 1.6442
v -0.0339 3.0144 1.6427
v -0.0399 3.0076 1.6439
v -0.0636 3.0114 1.6433
v -0.0628 3.0050 1.6430
v -0.0706 3.0102 1.6412
v -0.0666 3.0306 1.6385
v -0.0737 3.0302 1.6364
v -0.0678 3.0368 1.6352
v -0.0336 3.0089 1.6428
v -0.0385 3.0394 1.6352
v -0.0739 3.0356 1.6339
v -0.0690 3.0048 1.6413
v -0.0092 2.4506 1.6829
v -0.0102 2.4316 1.6832
v -0.0190 2.4499 1.6951
v -0.0154 2.4685 1.6818
v -0.0196 2.4341 1.6952
v -0.0239 2.4646 1.6940
v -0.0576 2.4445 1.7061
v -0.0479 2.4460 1.7057
v -0.0561 2.4347 1.7053
v -0.0672 2.4430 1.7042
v -0.0589 2.4542 1.7045
v -0.0490 2.4554 1.7027
v -0.0463 2.4361 1.7034
v -0.0654 2.4331 1.7018
v -0.0681 2.4525 1.7012
v -0.1024 2.4368 1.6757
v -0.0943 2.4387 1.6893
v -0.0962 2.4187 1.6765
v -0.1014 2.4558 1.6752
v -0.0937 2.4543 1.6887
v -0.0894 2.4237 1.6897
v -0.0624 2.4903 1.6771
v -0.0620 2.4819 1.6904
v -0.0801 2.4843 1.6760
v -0.0437 2.4896 1.6787
v -0.0465 2.4815 1.6915
v -0.0767 2.4771 1.6893
v -0.0491 2.3960 1.6806
v -0.0513 2.4056 1.6933
v -0.0314 2.4025 1.6820
v -0.0678 2.3968 1.6789
v -0.0667 2.4061 1.6916
v -0.0366 2.4109 1.6942
v -0.0331 2.4759 1.6925
v -0.0273 2.4820 1.6803
v -0.0179 2.4149 1.6828
v -0.0252 2.4204 1.6946
v -0.0342 2.4367 1.7010
v -0.0349 2.4479 1.7029
v -0.0372 2.4583 1.7002
v -0.0706 2.4641 1.6972
v -0.0604 2.4668 1.7001
v -0.0493 2.4673 1.6989
v -0.0433 2.4243 1.7005
v -0.0541 2.4216 1.7018
v -0.0646 2.4209 1.6987
v -0.0767 2.4302 1.6976
v -0.0796 2.4411 1.6994
v -0.0797 2.4519 1.6969
v -0.0937 2.4723 1.6753
v -0.0880 2.4679 1.6883
v -0.0801 2.4120 1.6902
v -0.0842 2.4048 1.6776
v -0.0401 2.4668 1.6978
v -0.0345 2.4273 1.6993
v -0.0791 2.4610 1.6948
v -0.0735 2.4213 1.6961
v -0.0455 2.4563 1.6899
v -0.0460 2.4637 1.6877
v -0.0380 2.4577 1.6886
v -0.0423 2.4333 1.6908
v -0.0347 2.4340 1.6895
v -0.0407 2.4258 1.6891
v -0.0649 2.4297 1.6889
v -0.0641 2.4221 1.6871
v -0.0721 2.4283 1.6865
v -0.0681 2.4528 1.6881
v -0.0754 2.4521 1.6857
v -0.0694 2.4601 1.6859
v -0.0343 2.4274 1.6883
v -0.0395 2.4640 1.6870
v -0.0756 2.4586 1.6842
v -0.0705 2.4218 1.6854
v -0.0094 1.8418 1.6913
v -0.0104 1.8215 1.6913
v -0.0194 1.8410 1.7038
v -0.0157 1.8608 1.6906
v -0.0201 1.8243 1.7035
v -0.0244 1.8567 1.7029
v -0.0590 1.8356 1.7148
v -0.0490 1.8371 1.7144
v -0.0575 1.8251 1.7137
v -0.0688 1.8340 1.7131
v -0.0603 1.8459 1.7134
v -0.0502 1.8471 1.7115
v -0.0474 1.8265 1.7118
v -0.0669 1.8235 1.7105
v -0.0697 1.8440 1.7102
v -0.1049 1.8270 1.6843
v -0.0966 1.8290 1.6982
v -0.0985 1.8079 1.6847
v -0.1038 1.8472 1.6842
v -0.0959 1.8456 1.6978
v -0.0916 1.8131 1.6982
v -0.0639 1.8844 1.6862
v -0.0635 1.8754 1.6997
v -0.0820 1.8777 1.6853
v -0.0447 1.8835 1.6876
v -0.0476 1.8749 1.7005
v -0.0785 1.8701 1.6986
v -0.0503 1.7841 1.6877
v -0.0525 1.7944 1.7008
v -0.0322 1.7909 1.6893
v -0.0695 1.7851 1.6864
v -0.0683 1.7949 1.6996
v -0.0375 1.7998 1.7019
v -0.0338 1.8688 1.7015
v -0.0280 1.8753 1.6892
v -0.0183 1.8039 1.6905
v -0.0258 1.8097 1.7025
v -0.0350 1.8271 1.7094
v -0.0357 1.8389 1.7116
v -0.0381 1.8500 1.7090
v -0.0723 1.8563 1.7064
v -0.0619 1.8594 1.7092
v -0.0505 1.8597 1.7078
v -0.0443 1.8140 1.7086
v -0.0554 1.8113 1.7098
v -0.0661 1.8106 1.7070
v -0.0785 1.8203 1.7063
v -0.0815 1.8318 1.7084
v -0.0816 1.8432 1.7061
v -0.0959 1.8648 1.6844
v -0.0901 1.8601 1.6976
v -0.0821 1.8009 1.6984
v -0.0863 1.7933 1.6854
v -0.0410 1.8592 1.7067
v -0.0353 1.8171 1.7075
v -0.0810 1.8529 1.7041
v -0.0753 1.8109 1.7046
v -0.0466 1.8479 1.6985
v -0.0471 1.8558 1.6964
v -0.0389 1.8494 1.6972
v -0.0433 1.8235 1.6989
v -0.0355 1.8242 1.6977
v -0.0417 1.8155 1.6971
v -0.0665 1.8199 1.6972
v -0.0656 1.8118 1.6953
v -0.0739 1.8182 1.6949
v -0.0698 1.8443 1.6969
v -0.0773 1.8434 1.6946
v -0.0711 1.8521 1.6948
v -0.0351 1.8172 1.6963
v -0.0404 1.8561 1.6957
v -0.0775 1.8503 1.6932
v -0.0722 1.8114 1.6936
v -0.0096 1.2158 1.6866
v -0.0106 1.1967 1.6847
v -0.0198 1.2151 1.6992
v -0.0160 1.2337 1.6878
v -0.0204 1.1995 1.6972
v -0.0249 1.2300 1.6999
v -0.0600 1.2105 1.7099
v -0.0499 1.2118 1.7096
v -0.0585 1.2007 1.7077
v -0.0700 1.2089 1.7079
v -0.0614 1.2202 1.7095
v -0.0511 1.2212 1.7077
v -0.0482 1.2019 1.7060
v -0.0681 1.1991 1.7042
v -0.0710 1.2184 1.7060
v -0.1067 1.2021 1.6782
v -0.0983 1.2040 1.6924
v -0.1001 1.1843 1.6767
v -0.1058 1.2211 1.6800
v -0.0977 1.2197 1.6937
v -0.0931 1.1893 1.6909
v -0.0652 1.2565 1.6860
v -0.0648 1.2480 1.6987
v -0.0837 1.2500 1.6842
v -0.0456 1.2555 1.6874
v -0.0486 1.2474 1.6996
v -0.0801 1.2428 1.6970
v -0.0511 1.1622 1.6776
v -0.0533 1.1718 1.6918
v -0.0327 1.1684 1.6798
v -0.0705 1.1632 1.6763
v -0.0694 1.1724 1.6905
v -0.0381 1.1767 1.6934
v -0.0345 1.2415 1.6998
v -0.0286 1.2475 1.6880
v -0.0186 1.1803 1.6822
v -0.0263 1.1859 1.6949
v -0.0356 1.2022 1.7036
v -0.0364 1.2134 1.7069
v -0.0388 1.2238 1.7055
v -0.0737 1.2299 1.7035
v -0.0631 1.2329 1.7066
v -0.0515 1.2331 1.7053
v -0.0450 1.1900 1.7015
v -0.0563 1.1877 1.7025
v -0.0672 1.1870 1.6995
v -0.0799 1.1960 1.6997
v -0.0830 1.2068 1.7029
v -0.0832 1.2175 1.7017
v -0.0978 1.2377 1.6821
v -0.0919 1.2334 1.6949
v -0.0834 1.1779 1.6898
v -0.0876 1.1708 1.6760
v -0.0418 1.2325 1.7041
v -0.0359 1.1929 1.7006
v -0.0825 1.2267 1.7007
v -0.0765 1.1872 1.6970
v -0.0474 1.2218 1.6946
v -0.0480 1.2293 1.6933
v -0.0397 1.2232 1.6934
v -0.0440 1.1989 1.6926
v -0.0362 1.1995 1.6913
v -0.0424 1.1914 1.6899
v -0.0676 1.1956 1.6904
v -0.0667 1.1881 1.6877
v -0.0751 1.1940 1.6878
v -0.0711 1.2185 1.6925
v -0.0787 1.2177 1.6900
v -0.0725 1.2258 1.6912
v -0.0357 1.1929 1.6893
v -0.0412 1.2295 1.6925
v -0.0789 1.2242 1.6893
v -0.0734 1.1876 1.6859
v -0.1955 6.4870 0.9728
v -0.1940 6.4696 0.9695
v -0.2102 6.4842 0.9720
v -0.2005 6.5038 0.9702
v -0.2086 6.4699 0.9693
v -0.2140 6.4982 0.9699
v -0.2401 6.4790 0.9484
v -0.2343 6.4800 0.9556
v -0.2374 6.4701 0.9476
v -0.2439 6.4785 0.9399
v -0.2408 6.4883 0.9480
v -0.2338 6.4893 0.9545
v -0.2304 6.4713 0.9541
v -0.2399 6.4698 0.9386
v -0.2433 6.4878 0.9389
v -0.2419 6.4797 0.8970
v -0.2476 6.4783 0.9107
v -0.2368 6.4628 0.8995
v -0.2433 6.4971 0.9002
v -0.2487 6.4927 0.9131
v -0.2433 6.4644 0.9125
v -0.2270 6.5271 0.9357
v -0.2356 6.5167 0.9420
v -0.2353 6.5223 0.9208
v -0.2172 6.5252 0.9505
v -0.2274 6.5153 0.9541
v -0.2424 6.5129 0.9296
v -0.2104 6.4395 0.9341
v -0.2222 6.4458 0.9407
v -0.2019 6.4443 0.9489
v -0.2200 6.4415 0.9193
v -0.2300 6.4473 0.9283
v -0.2150 6.4497 0.9528
v -0.2196 6.5093 0.9638
v -0.2080 6.5171 0.9624
v -0.1962 6.4548 0.9612
v -0.2098 6.4577 0.9628
v -0.2217 6.4717 0.9619
v -0.2249 6.4816 0.9640
v -0.2255 6.4918 0.9623
v -0.2432 6.4992 0.9365
v -0.2400 6.5008 0.9462
v -0.2326 6.5009 0.9539
v -0.2251 6.4609 0.9531
v -0.2320 6.4588 0.9454
v -0.2357 6.4593 0.9358
v -0.2428 6.4684 0.9273
v -0.2471 6.4781 0.9276
v -0.2466 6.4884 0.9277
v -0.2410 6.5119 0.9084
v -0.2469 6.5050 0.9191
v -0.2371 6.4534 0.9181
v -0.2292 6.4496 0.9072
v -0.2264 6.5002 0.9601
v -0.2195 6.4635 0.9594
v -0.2458 6.4972 0.9284
v -0.2389 6.4605 0.9277
v -0.2223 6.4924 0.9502
v -0.2219 6.4997 0.9497
v -0.2172 6.4936 0.9553
v -0.2182 6.4711 0.9498
v -0.2130 6.4716 0.9549
v -0.2152 6.4645 0.9490
v -0.2295 6.4693 0.9314
v -0.2269 6.4627 0.9300
v -0.2316 6.4687 0.9244
v -0.2335 6.4906 0.9318
v -0.2358 6.4907 0.9248
v -0.2335 6.4978 0.9307
v -0.2111 6.4658 0.9536
v -0.2176 6.4998 0.9542
v -0.2356 6.4970 0.9248
v -0.2291 6.4630 0.9241
v -5.0833 2.5508 1.8932
v -5.0790 2.5336 1.8924
v -5.0869 2.5489 1.8789
v -5.0830 2.5681 1.8889
v -5.0833 2.5347 1.8785
v -5.0866 2.5632 1.8756
v -5.0734 2.5468 1.8429
v -5.0785 2.5470 1.8506
v -5.0715 2.5379 1.8446
v -5.0665 2.5470 1.8367
v -5.0736 2.5561 1.8427
v -5.0777 2.5563 1.8514
v -5.0756 2.5383 1.8533
v -5.0637 2.5382 1.8394
v -5.0657 2.5563 1.8376
v -5.0251 2.5507 1.8256
v -5.0398 2.5488 1.8242
v -5.0253 2.5334 1.8301
v -5.0293 2.5679 1.8265
v -5.0430 2.5631 1.8249
v -5.0397 2.5346 1.8279
v -5.0593 2.5948 1.8549
v -5.0675 2.5845 1.8479
v -5.0475 2.5914 1.8421
v -5.0702 2.5915 1.8685
v -5.0764 2.5819 1.8593
v -5.0575 2.5819 1.8374
v -5.0490 2.5067 1.8640
v -5.0592 2.5132 1.8552
v -5.0608 2.5101 1.8769
v -5.0380 2.5100 1.8504
v -5.0499 2.5159 1.8442
v -5.0687 2.5159 1.8660
v -5.0830 2.5750 1.8692
v -5.0784 2.5822 1.8804
v -5.0711 2.5195 1.8868
v -5.0770 2.5231 1.8746
v -5.0803 2.5377 1.8640
v -5.0837 2.5476 1.8623
v -5.0827 2.5579 1.8619
v -5.0639 2.5678 1.8377
v -5.0722 2.5687 1.8439
v -5.0772 2.5679 1.8532
v -5.0725 2.5277 1.8573
v -5.0673 2.5264 1.8482
v -5.0592 2.5277 1.8418
v -5.0538 2.5376 1.8331
v -5.0558 2.5475 1.8298
v -5.0561 2.5578 1.8311
v -5.0370 2.5821 1.8323
v -5.0487 2.5749 1.8294
v -5.0427 2.5230 1.8347
v -5.0297 2.5193 1.8387
v -5.0812 2.5665 1.8610
v -5.0769 2.5296 1.8647
v -5.0568 2.5664 1.8326
v -5.0526 2.5295 1.8364
v -5.0702 2.5591 1.8613
v -5.0699 2.5663 1.8620
v -5.0735 2.5597 1.8678
v -5.0677 2.5376 1.8635
v -5.0709 2.5376 1.8701
v -5.0658 2.5309 1.8657
v -5.0535 2.5376 1.8471
v -5.0512 2.5309 1.8487
v -5.0476 2.5375 1.8429
v -5.0560 2.5590 1.8449
v -5.0501 2.5596 1.8407
v -5.0553 2.5663 1.8451
v -5.0689 2.5317 1.8710
v -5.0729 2.5659 1.8675
v -5.0503 2.5659 1.8413
v -5.0463 2.5317 1.8448
v 5.0833 2.5508 1.8932
v 5.0790 2.5336 1.8924
v 5.0869 2.5489 1.8789
v 5.0830 2.5681 1.8889
v 5.0833 2.5347 1.8785
v 5.0866 2.5632 1.8756
v 5.0734 2.5468 1.8429
v 5.0785 2.5470 1.8506
v 5.0715 2.5379 1.8446
v 5.0665 2.5470 1.8367
v 5.0736 2.5561 1.8427
v 5.0777 2.5563 1.8514
v 5.0756 2.5383 1.8533
v 5.0637 2.5382 1.8394
v 5.0657 2.5563 1.8376
v 5.0251 2.5507 1.8256
v 5.0398 2.5488 1.8242
v 5.0253 2.5334 1.8301
v 5.0293 2.5679 1.8265
v 5.0430 2.5631 1.8249
v 5.0397 2.5346 1.8279
v 5.0593 2.5948 1.8549
v 5.0675 2.5845 1.8479
v 5.0475 2.5914 1.8421
v 5.0702 2.5915 1.8685
v 5.0764 2.5819 1.8593
v 5.0575 2.5819 1.8374
v 5.0490 2.5067 1.8640
v 5.0592 2.5132 1.8552
v 5.0608 2.5101 1.8769
v 5.0380 2.5100 1.8504
v 5.0499 2.5159 1.8442
v 5.0687 2.5159 1.8660
v 5.0830 2.5750 1.8692
v 5.0784 2.5822 1.8804
v 5.0711 2.5195 1.8868
v 5.0770 2.5231 1.8746
v 5.0803 2.5377 1.8640
v 5.0837 2.5476 1.8623
v 5.0827 2.5579 1.8619
v 5.0639 2.5678 1.8377
v 5.0722 2.5687 1.8439
v 5.0772 2.5679 1.8532
v 5.0725 2.5277 1.8573
v 5.0673 2.5264 1.8482
v 5.0592 2.5277 1.8418
v 5.0538 2.5376 1.8331
v 5.0558 2.5475 1.8298
v 5.0561 2.5578 1.8311
v 5.0370 2.5821 1.8323
v 5.0487 2.5749 1.8294
v 5.0427 2.5230 1.8347
v 5.0297 2.5193 1.8387
v 5.0812 2.5665 1.8610
v 5.0769 2.5296 1.8647
v 5.0568 2.5664 1.8327
v 5.0526 2.5295 1.8364
v 5.0702 2.5591 1.8613
v 5.0699 2.5663 1.8620
v 5.0735 2.5597 1.8678
v 5.0677 2.5376 1.8635
v 5.0709 2.5376 1.8701
v 5.0658 2.5309 1.8657
v 5.0536 2.5376 1.8471
v 5.0512 2.5309 1.8487
v 5.0476 2.5375 1.8429
v 5.0560 2.5590 1.8449
v 5.0501 2.5596 1.8407
v 5.0553 2.5663 1.8451
v 5.0689 2.5317 1.8710
v 5.0729 2.5659 1.8675
v 5.0503 2.5659 1.8413
v 5.0463 2.5317 1.8448
v -5.1742 2.4575 1.9963
v -5.1744 2.4589 1.9815
v -5.1709 2.4428 1.9926
v -5.1719 2.4474 1.9802
v -5.1736 2.4734 1.9958
v -5.1692 2.4876 1.9913
v -5.1739 2.4712 1.9811
v -5.1706 2.4822 1.9792
v -5.1650 2.4686 1.9583
v -5.1698 2.4693 1.9679
v -5.1628 2.4790 1.9599
v -5.1624 2.4824 1.9734
v -5.1653 2.4594 1.9585
v -5.1639 2.4489 1.9608
v -5.1702 2.4596 1.9682
v -5.1652 2.4536 1.9730
v -5.1593 2.4590 1.9516
v -5.1505 2.4582 1.9456
v -5.1576 2.4485 1.9535
v -5.1461 2.4522 1.9511
v -5.1590 2.4681 1.9514
v -5.1564 2.4785 1.9526
v -5.1501 2.4678 1.9453
v -5.1490 2.4482 1.9544
v -5.1228 2.4697 1.9373
v -5.1375 2.4685 1.9392
v -5.1257 2.4845 1.9413
v -5.1383 2.4799 1.9420
v -5.1234 2.4538 1.9378
v -5.1275 2.4396 1.9426
v -5.1380 2.4562 1.9396
v -5.1396 2.4451 1.9430
v -5.1522 2.5028 1.9717
v -5.1589 2.4918 1.9642
v -5.1618 2.4978 1.9829
v -5.1656 2.4891 1.9735
v -5.1418 2.5020 1.9597
v -5.1323 2.4957 1.9490
v -5.1509 2.4912 1.9549
v -5.1428 2.4875 1.9473
v -5.1447 2.4245 1.9619
v -5.1530 2.4356 1.9565
v -5.1349 2.4295 1.9510
v -5.1447 2.4382 1.9487
v -5.1552 2.4253 1.9740
v -5.1643 2.4316 1.9849
v -5.1611 2.4362 1.9658
v -5.1675 2.4398 1.9750
v -5.1594 2.4777 1.9768
v -5.1605 2.4491 1.9777
v -5.1417 2.4478 1.9561
v -5.1407 2.4764 1.9552
v -5.1664 2.4497 1.9775
v -5.1410 2.4766 1.9487
v -5.1626 2.4492 1.9700
v -5.1615 2.4782 1.9691
v -5.1638 2.4453 1.9744
v -5.1644 2.4742 1.9724
v -5.1653 2.4784 1.9767
v -5.1450 2.4440 1.9528
v -5.1453 2.4728 1.9505
v -5.1436 2.4810 1.9517
v -5.1421 2.4480 1.9495
v -5.1479 2.4773 1.9535
v 5.1735 2.4596 2.0009
v 5.1743 2.4609 1.9861
v 5.1719 2.4446 1.9971
v 5.1731 2.4493 1.9848
v 5.1714 2.4753 2.0003
v 5.1658 2.4891 1.9955
v 5.1727 2.4731 1.9856
v 5.1684 2.4838 1.9835
v 5.1652 2.4697 1.9624
v 5.1694 2.4708 1.9723
v 5.1619 2.4798 1.9639
v 5.1605 2.4832 1.9773
v 5.1664 2.4606 1.9627
v 5.1659 2.4500 1.9650
v 5.1707 2.4613 1.9726
v 5.1661 2.4548 1.9772
v 5.1608 2.4596 1.9555
v 5.1524 2.4579 1.9490
v 5.1600 2.4490 1.9574
v 5.1484 2.4515 1.9543
v 5.1596 2.4687 1.9552
v 5.1560 2.4787 1.9563
v 5.1511 2.4675 1.9487
v 5.1515 2.4478 1.9578
v 5.1241 2.4667 1.9394
v 5.1388 2.4670 1.9420
v 5.1255 2.4817 1.9434
v 5.1383 2.4783 1.9448
v 5.1263 2.4510 1.9399
v 5.1315 2.4372 1.9450
v 5.1405 2.4548 1.9424
v 5.1430 2.4439 1.9460
v 5.1485 2.5025 1.9750
v 5.1566 2.4922 1.9679
v 5.1579 2.4984 1.9867
v 5.1630 2.4902 1.9776
v 5.1388 2.5007 1.9625
v 5.1305 2.4935 1.9514
v 5.1491 2.4908 1.9582
v 5.1418 2.4863 1.9502
v 5.1492 2.4238 1.9653
v 5.1565 2.4357 1.9602
v 5.1394 2.4278 1.9538
v 5.1484 2.4375 1.9520
v 5.1589 2.4256 1.9778
v 5.1668 2.4328 1.9891
v 5.1640 2.4371 1.9699
v 5.1696 2.4413 1.9793
v 5.1578 2.4782 1.9806
v 5.1616 2.4499 1.9816
v 5.1442 2.4467 1.9591
v 5.1404 2.4751 1.9581
v 5.1675 2.4511 1.9818
v 5.1410 2.4754 1.9516
v 5.1641 2.4501 1.9741
v 5.1602 2.4789 1.9730
v 5.1655 2.4464 1.9786
v 5.1633 2.4752 1.9765
v 5.1636 2.4795 1.9807
v 5.1480 2.4432 1.9561
v 5.1456 2.4720 1.9536
v 5.1430 2.4800 1.9547
v 5.1449 2.4469 1.9526
v 5.1476 2.4766 1.9568
v -5.1723 2.4569 2.0034
v -5.1687 2.4407 1.9990
v -5.1744 2.4655 1.9966
v -5.1747 2.4651 1.9814
v -5.1752 2.4582 1.9891
v -5.1730 2.4498 1.9949
v -5.1723 2.4449 1.9863
v -5.1734 2.4529 1.9811
v -5.1717 2.4743 2.0029
v -5.1668 2.4899 1.9976
v -5.1718 2.4809 1.9940
v -5.1747 2.4724 1.9886
v -5.1725 2.4770 1.9804
v -5.1707 2.4852 1.9851
v -5.1655 2.4640 1.9581
v -5.1705 2.4645 1.9678
v -5.1674 2.4688 1.9627
v -5.1640 2.4734 1.9589
v -5.1636 2.4787 1.9645
v -5.1679 2.4729 1.9693
v -5.1627 2.4592 1.9548
v -5.1612 2.4486 1.9568
v -5.1647 2.4545 1.9595
v -5.1677 2.4596 1.9630
v -5.1685 2.4556 1.9698
v -5.1647 2.4492 1.9653
v -5.1595 2.4636 1.9512
v -5.1506 2.4630 1.9449
v -5.1553 2.4587 1.9487
v -5.1586 2.4540 1.9525
v -5.1534 2.4484 1.9523
v -5.1492 2.4542 1.9475
v -5.1623 2.4684 1.9545
v -5.1600 2.4789 1.9559
v -5.1579 2.4730 1.9519
v -5.1549 2.4679 1.9484
v -5.1485 2.4715 1.9470
v -5.1523 2.4779 1.9515
v -5.1226 2.4618 1.9370
v -5.1377 2.4624 1.9388
v -5.1301 2.4692 1.9373
v -5.1238 2.4774 1.9388
v -5.1322 2.4824 1.9408
v -5.1377 2.4744 1.9404
v -5.1161 2.4528 1.9387
v -5.1209 2.4373 1.9441
v -5.1250 2.4463 1.9397
v -5.1306 2.4549 1.9378
v -5.1386 2.4504 1.9411
v -5.1338 2.4422 1.9420
v -5.1155 2.4702 1.9382
v -5.1190 2.4864 1.9426
v -5.1470 2.5031 1.9656
v -5.1551 2.4919 1.9593
v -5.1560 2.4980 1.9676
v -5.1572 2.5009 1.9775
v -5.1643 2.4940 1.9779
v -5.1624 2.4908 1.9691
v -5.1365 2.5060 1.9630
v -5.1263 2.4988 1.9512
v -5.1368 2.4995 1.9540
v -5.1467 2.4973 1.9568
v -5.1466 2.4896 1.9509
v -5.1379 2.4920 1.9475
v -5.1480 2.5068 1.9761
v -5.1586 2.5011 1.9883
v -5.1500 2.4241 1.9679
v -5.1573 2.4355 1.9610
v -5.1493 2.4294 1.9588
v -5.1396 2.4263 1.9562
v -5.1402 2.4334 1.9492
v -5.1487 2.4366 1.9525
v -5.1513 2.4212 1.9786
v -5.1614 2.4283 1.9904
v -5.1600 2.4278 1.9797
v -5.1586 2.4300 1.9696
v -5.1644 2.4377 1.9706
v -5.1666 2.4353 1.9796
v -5.1398 2.4203 1.9655
v -5.1291 2.4260 1.9534
v -5.1683 2.4864 1.9771
v -5.1658 2.4933 1.9876
v -5.1680 2.4366 1.9892
v -5.1700 2.4429 1.9784
v -5.1700 2.4494 1.9766
v -5.1725 2.4594 1.9743
v -5.1721 2.4700 1.9740
v -5.1688 2.4796 1.9757
v -5.1452 2.4833 1.9486
v -5.1542 2.4846 1.9536
v -5.1611 2.4851 1.9616
v -5.1651 2.4848 1.9715
v -5.1666 2.4437 1.9727
v -5.1627 2.4428 1.9628
v -5.1558 2.4423 1.9548
v -5.1468 2.4423 1.9498
v -5.1430 2.4474 1.9456
v -5.1448 2.4574 1.9424
v -5.1444 2.4680 1.9421
v -5.1419 2.4777 1.9447
v -5.1286 2.4907 1.9447
v -5.1398 2.4843 1.9443
v -5.1415 2.4409 1.9456
v -5.1308 2.4339 1.9464
v -5.1591 2.4778 1.9734
v -5.1610 2.4752 1.9755
v -5.1619 2.4519 1.9762
v -5.1602 2.4490 1.9743
v -5.1449 2.4479 1.9566
v -5.1430 2.4505 1.9545
v -5.1421 2.4738 1.9538
v -5.1438 2.4767 1.9558
v -5.1628 2.4494 1.9791
v -5.1617 2.4779 1.9783
v -5.1411 2.4792 1.9546
v -5.1598 2.4805 1.9761
v -5.1611 2.4465 1.9771
v -5.1424 2.4452 1.9556
v -5.1405 2.4478 1.9534
v -5.1394 2.4763 1.9526
v -5.1488 2.4515 1.9532
v -5.1475 2.4448 1.9543
v -5.1431 2.4508 1.9494
v -5.1635 2.4525 1.9701
v -5.1665 2.4525 1.9763
v -5.1613 2.4816 1.9707
v -5.1641 2.4812 1.9758
v -5.1654 2.4468 1.9768
v -5.1423 2.4739 1.9487
v -5.1415 2.4796 1.9498
v -5.1626 2.4459 1.9717
v -5.1626 2.4749 1.9695
v -5.1656 2.4755 1.9756
v -5.1428 2.4452 1.9509
v -5.1479 2.4739 1.9525
v -5.1461 2.4805 1.9533
v 5.1714 2.4588 2.0079
v 5.1695 2.4423 2.0034
v 5.1730 2.4675 2.0012
v 5.1740 2.4671 1.9860
v 5.1748 2.4603 1.9937
v 5.1731 2.4518 1.9995
v 5.1733 2.4469 1.9908
v 5.1739 2.4549 1.9857
v 5.1690 2.4760 2.0072
v 5.1629 2.4910 2.0016
v 5.1690 2.4826 1.9984
v 5.1729 2.4744 1.9932
v 5.1707 2.4788 1.9848
v 5.1679 2.4868 1.9894
v 5.1662 2.4652 1.9623
v 5.1706 2.4661 1.9722
v 5.1673 2.4702 1.9670
v 5.1637 2.4744 1.9630
v 5.1625 2.4796 1.9685
v 5.1671 2.4742 1.9735
v 5.1640 2.4601 1.9588
v 5.1634 2.4494 1.9608
v 5.1662 2.4556 1.9637
v 5.1685 2.4610 1.9673
v 5.1694 2.4572 1.9741
v 5.1665 2.4504 1.9695
v 5.1606 2.4642 1.9550
v 5.1521 2.4628 1.9483
v 5.1570 2.4589 1.9524
v 5.1606 2.4546 1.9564
v 5.1559 2.4485 1.9560
v 5.1514 2.4539 1.9509
v 5.1627 2.4692 1.9585
v 5.1593 2.4795 1.9597
v 5.1580 2.4734 1.9557
v 5.1557 2.4681 1.9521
v 5.1491 2.4710 1.9503
v 5.1520 2.4777 1.9549
v 5.1248 2.4588 1.9390
v 5.1396 2.4608 1.9417
v 5.1315 2.4669 1.9398
v 5.1244 2.4745 1.9409
v 5.1322 2.4802 1.9432
v 5.1383 2.4729 1.9431
v 5.1191 2.4492 1.9405
v 5.1251 2.4342 1.9462
v 5.1285 2.4437 1.9420
v 5.1334 2.4528 1.9403
v 5.1416 2.4490 1.9440
v 5.1375 2.4403 1.9447
v 5.1168 2.4665 1.9399
v 5.1185 2.4829 1.9444
v 5.1436 2.5023 1.9687
v 5.1530 2.4920 1.9628
v 5.1529 2.4981 1.9711
v 5.1533 2.5011 1.9811
v 5.1611 2.4949 1.9818
v 5.1599 2.4915 1.9729
v 5.1330 2.5041 1.9655
v 5.1242 2.4960 1.9533
v 5.1344 2.4977 1.9566
v 5.1442 2.4965 1.9599
v 5.1452 2.4888 1.9540
v 5.1365 2.4904 1.9502
v 5.1436 2.5061 1.9792
v 5.1541 2.5015 1.9919
v 5.1542 2.4240 1.9715
v 5.1606 2.4360 1.9649
v 5.1533 2.4291 1.9623
v 5.1442 2.4251 1.9593
v 5.1444 2.4322 1.9523
v 5.1523 2.4362 1.9559
v 5.1551 2.4212 1.9823
v 5.1639 2.4293 1.9945
v 5.1631 2.4286 1.9837
v 5.1620 2.4307 1.9736
v 5.1670 2.4389 1.9748
v 5.1689 2.4367 1.9839
v 5.1445 2.4192 1.9686
v 5.1339 2.4238 1.9559
v 5.1658 2.4878 1.9813
v 5.1621 2.4944 1.9916
v 5.1697 2.4382 1.9936
v 5.1717 2.4447 1.9828
v 5.1711 2.4510 1.9811
v 5.1727 2.4613 1.9788
v 5.1713 2.4718 1.9784
v 5.1670 2.4811 1.9800
v 5.1446 2.4824 1.9517
v 5.1531 2.4845 1.9571
v 5.1596 2.4857 1.9654
v 5.1630 2.4858 1.9755
v 5.1685 2.4451 1.9770
v 5.1652 2.4439 1.9670
v 5.1588 2.4427 1.9586
v 5.1501 2.4417 1.9532
v 5.1460 2.4465 1.9488
v 5.1470 2.4566 1.9456
v 5.1456 2.4671 1.9452
v 5.1420 2.4765 1.9477
v 5.1275 2.4881 1.9469
v 5.1393 2.4829 1.9471
v 5.1452 2.4398 1.9487
v 5.1351 2.4318 1.9490
v 5.1577 2.4783 1.9772
v 5.1597 2.4759 1.9794
v 5.1629 2.4528 1.9803
v 5.1616 2.4498 1.9782
v 5.1473 2.4472 1.9599
v 5.1453 2.4496 1.9576
v 5.1422 2.4727 1.9568
v 5.1435 2.4757 1.9588
v 5.1638 2.4504 1.9832
v 5.1600 2.4787 1.9822
v 5.1405 2.4779 1.9575
v 5.1580 2.4811 1.9799
v 5.1625 2.4474 1.9811
v 5.1451 2.4442 1.9587
v 5.1431 2.4466 1.9565
v 5.1393 2.4749 1.9554
v 5.1510 2.4511 1.9566
v 5.1503 2.4443 1.9577
v 5.1456 2.4499 1.9525
v 5.1647 2.4536 1.9742
v 5.1674 2.4539 1.9805
v 5.1596 2.4822 1.9745
v 5.1622 2.4821 1.9798
v 5.1668 2.4480 1.9810
v 5.1425 2.4727 1.9517
v 5.1412 2.4783 1.9528
v 5.1644 2.4469 1.9758
v 5.1617 2.4758 1.9734
v 5.1643 2.4767 1.9797
v 5.1458 2.4442 1.9540
v 5.1480 2.4733 1.9558
v 5.1455 2.4797 1.9564
v -5.1726 2.4656 2.0038
v -5.1710 2.4485 2.0018
v -5.1754 2.4653 1.9892
v -5.1697 2.4825 2.0008
v -5.1741 2.4513 1.9881
v -5.1730 2.4791 1.9872
v -5.1628 2.4638 1.9544
v -5.1680 2.4642 1.9625
v -5.1621 2.4542 1.9556
v -5.1555 2.4633 1.9481
v -5.1614 2.4733 1.9550
v -5.1656 2.4735 1.9641
v -5.1663 2.4546 1.9647
v -5.1539 2.4537 1.9504
v -5.1532 2.4726 1.9498
v -5.1153 2.4615 1.9378
v -5.1300 2.4620 1.9370
v -5.1181 2.4446 1.9409
v -5.1167 2.4787 1.9398
v -5.1308 2.4761 1.9387
v -5.1319 2.4482 1.9395
v -5.1422 2.5073 1.9695
v -5.1514 2.4983 1.9621
v -5.1312 2.5031 1.9568
v -5.1535 2.5047 1.9825
v -5.1604 2.4965 1.9729
v -5.1421 2.4952 1.9519
v -5.1456 2.4199 1.9721
v -5.1541 2.4291 1.9641
v -5.1566 2.4240 1.9849
v -5.1343 2.4224 1.9592
v -5.1445 2.4308 1.9538
v -5.1628 2.4322 1.9748
v -5.1678 2.4902 1.9820
v -5.1630 2.4961 1.9934
v -5.1654 2.4340 1.9952
v -5.1698 2.4395 1.9835
v -5.1709 2.4542 1.9750
v -5.1728 2.4648 1.9740
v -5.1701 2.4749 1.9744
v -5.1497 2.4833 1.9510
v -5.1580 2.4851 1.9572
v -5.1633 2.4843 1.9666
v -5.1649 2.4439 1.9678
v -5.1596 2.4423 1.9585
v -5.1512 2.4429 1.9522
v -5.1444 2.4523 1.9445
v -5.1448 2.4627 1.9417
v -5.1436 2.4730 1.9438
v -5.1222 2.4932 1.9465
v -5.1346 2.4878 1.9437
v -5.1365 2.4371 1.9452
v -5.1246 2.4310 1.9483
v -5.1671 2.4830 1.9744
v -5.1686 2.4458 1.9755
v -5.1427 2.4813 1.9463
v -5.1441 2.4440 1.9474
v -5.1607 2.4757 1.9728
v -5.1597 2.4801 1.9735
v -5.1627 2.4760 1.9769
v -5.1616 2.4513 1.9735
v -5.1636 2.4514 1.9776
v -5.1610 2.4469 1.9745
v -5.1456 2.4502 1.9551
v -5.1448 2.4458 1.9559
v -5.1418 2.4498 1.9525
v -5.1446 2.4746 1.9544
v -5.1409 2.4745 1.9518
v -5.1436 2.4790 1.9549
v -5.1629 2.4474 1.9781
v -5.1617 2.4800 1.9771
v -5.1403 2.4785 1.9525
v -5.1415 2.4458 1.9535
v 5.1707 2.4675 2.0082
v 5.1709 2.4503 2.0062
v 5.1743 2.4675 1.9939
v 5.1664 2.4840 2.0050
v 5.1744 2.4533 1.9927
v 5.1707 2.4810 1.9917
v 5.1636 2.4647 1.9584
v 5.1684 2.4656 1.9668
v 5.1638 2.4551 1.9596
v 5.1568 2.4635 1.9518
v 5.1613 2.4740 1.9589
v 5.1650 2.4747 1.9682
v 5.1676 2.4559 1.9689
v 5.1560 2.4538 1.9540
v 5.1535 2.4726 1.9533
v 5.1174 2.4578 1.9395
v 5.1321 2.4598 1.9394
v 5.1217 2.4413 1.9428
v 5.1172 2.4750 1.9415
v 5.1315 2.4738 1.9411
v 5.1352 2.4462 1.9421
v 5.1382 2.5060 1.9723
v 5.1486 2.4979 1.9654
v 5.1283 2.5008 1.9590
v 5.1490 2.5046 1.9858
v 5.1571 2.4970 1.9767
v 5.1401 2.4939 1.9548
v 5.1499 2.4193 1.9754
v 5.1579 2.4293 1.9679
v 5.1598 2.4245 1.9887
v 5.1391 2.4207 1.9620
v 5.1488 2.4301 1.9571
v 5.1658 2.4332 1.9790
v 5.1647 2.4915 1.9861
v 5.1588 2.4969 1.9972
v 5.1671 2.4353 1.9995
v 5.1715 2.4412 1.9880
v 5.1717 2.4559 1.9794
v 5.1726 2.4666 1.9785
v 5.1689 2.4765 1.9787
v 5.1489 2.4829 1.9543
v 5.1566 2.4855 1.9609
v 5.1616 2.4852 1.9706
v 5.1670 2.4451 1.9721
v 5.1624 2.4431 1.9625
v 5.1543 2.4428 1.9557
v 5.1470 2.4514 1.9476
v 5.1465 2.4619 1.9449
v 5.1442 2.4720 1.9469
v 5.1209 2.4900 1.9484
v 5.1338 2.4859 1.9463
v 5.1406 2.4356 1.9481
v 5.1292 2.4284 1.9506
v 5.1651 2.4843 1.9786
v 5.1701 2.4473 1.9799
v 5.1424 2.4801 1.9493
v 5.1474 2.4432 1.9506
v 5.1594 2.4764 1.9767
v 5.1580 2.4807 1.9773
v 5.1612 2.4769 1.9808
v 5.1627 2.4522 1.9775
v 5.1645 2.4525 1.9817
v 5.1625 2.4477 1.9785
v 5.1478 2.4495 1.9583
v 5.1475 2.4450 1.9591
v 5.1443 2.4488 1.9556
v 5.1446 2.4737 1.9575
v 5.1410 2.4732 1.9547
v 5.1430 2.4779 1.9579
v 5.1642 2.4484 1.9822
v 5.1598 2.4807 1.9810
v 5.1399 2.4771 1.9553
v 5.1443 2.4448 1.9565
v 1.0092 4.7963 1.5287
v 0.9869 4.7122 1.5373
v -1.0689 5.0494 1.5193
v -1.0345 4.9027 1.5392
v -0.8122 5.0720 1.5267
v -0.7865 4.9349 1.5583
v 1.2081 4.6742 1.4436
v 1.2721 4.8771 1.4520
v 1.0346 4.9028 1.5392
v -0.5468 5.0905 1.4947
v -0.5345 4.9488 1.5300
v 0.4716 4.3995 1.5656
v 0.4902 4.5199 1.5757
v 1.3029 5.0202 1.4306
v 1.0688 5.0495 1.5197
v 1.2407 4.7653 1.4408
v -0.6799 4.3972 1.5831
v -0.8861 4.3567 1.5501
v -1.1387 4.5083 1.4510
v -1.1730 4.5913 1.4468
v -0.9367 4.5534 1.5427
v -0.9640 4.6330 1.5425
v -0.9105 4.4623 1.5442
v -0.7695 4.8308 1.5577
v -1.0091 4.7962 1.5287
v -1.1072 4.4110 1.4530
v -0.7190 4.5941 1.5867
v 0.9101 4.4623 1.5443
v 1.1069 4.4113 1.4531
v -1.0768 4.2991 1.4632
v -0.7401 4.6710 1.5823
v -0.6978 4.5021 1.5886
v 1.1734 4.5916 1.4468
v 0.9640 4.6330 1.5420
v 0.7565 4.7481 1.5713
v 0.7186 4.5942 1.5869
v 0.6975 4.5022 1.5887
v -0.5268 4.8452 1.5349
v -0.4905 4.5200 1.5760
v 0.6796 4.3972 1.5833
v -0.5124 4.6920 1.5690
v 0.9363 4.5532 1.5428
v 0.8858 4.3567 1.5503
v 1.0766 4.2993 1.4633
v 1.1391 4.5085 1.4510
v 0.7695 4.8308 1.5576
v -1.3030 5.0195 1.4310
v -1.2717 4.8765 1.4514
v -1.2405 4.7649 1.4408
v 0.7397 4.6711 1.5824
v 0.5267 4.8452 1.5349
v 0.8121 5.0720 1.5267
v 0.5207 4.7644 1.5527
v 0.4992 4.6176 1.5781
v 0.5466 5.0904 1.4947
v -0.5211 4.7644 1.5527
v -0.7566 4.7481 1.5715
v -0.9869 4.7122 1.5378
v -1.2080 4.6739 1.4440
v 0.7864 4.9349 1.5580
v -0.4720 4.3995 1.5658
v 0.5345 4.9488 1.5301
v 0.5120 4.6920 1.5688
v -0.4997 4.6177 1.5784
v -0.1448 1.1900 1.6772
v 0.0278 1.1900 1.6838
v -0.1448 1.2263 1.6772
v 0.0278 1.2263 1.6838
v -0.0583 1.1739 1.6805
v -0.0583 1.2423 1.6805
v -0.1045 1.2355 1.6780
v -0.1045 1.1808 1.6780
v -0.0122 1.1808 1.6830
v -0.0122 1.2355 1.6830
v -0.1448 1.2081 1.6762
v 0.0278 1.2081 1.6827
v -0.0583 1.2081 1.6703
v -0.1045 1.2081 1.6684
v -0.0122 1.2081 1.6720
v 0.0278 1.2172 1.6838
v -0.0583 1.2252 1.6773
v -0.1107 1.2236 1.6789
v -0.0060 1.2236 1.6831
v -0.1448 1.2172 1.6772
v -0.1448 1.1990 1.6772
v 0.0278 1.1990 1.6838
v -0.0583 1.1910 1.6773
v -0.1107 1.1926 1.6789
v -0.0060 1.1926 1.6831
v 0.0278 1.1900 1.6745
v 0.0278 1.2263 1.6745
v 0.0278 1.2081 1.6735
v 0.0278 1.2172 1.6745
v 0.0278 1.1990 1.6745
v -0.1448 1.1900 1.6600
v -0.1448 1.2263 1.6600
v -0.1448 1.2081 1.6590
v -0.1448 1.2172 1.6600
v -0.1448 1.1990 1.6600
v -0.1448 1.1900 1.6611
v 0.0278 1.1900 1.6677
v -0.0583 1.1739 1.6644
v -0.1045 1.1808 1.6619
v -0.0122 1.1808 1.6668
v -0.1448 1.2263 1.6670
v 0.0278 1.2263 1.6736
v -0.0583 1.2423 1.6703
v -0.1045 1.2355 1.6678
v -0.0122 1.2355 1.6728
v -0.1446 1.8183 1.6842
v 0.0276 1.8183 1.6959
v -0.1446 1.8546 1.6842
v 0.0276 1.8546 1.6959
v -0.0583 1.8023 1.6900
v -0.0583 1.8707 1.6900
v -0.1044 1.8638 1.6862
v -0.1044 1.8091 1.6862
v -0.0123 1.8091 1.6939
v -0.0123 1.8638 1.6939
v -0.1446 1.8365 1.6831
v 0.0277 1.8365 1.6949
v -0.0580 1.8365 1.6798
v -0.1041 1.8365 1.6765
v -0.0120 1.8365 1.6829
v 0.0276 1.8455 1.6959
v -0.0583 1.8536 1.6869
v -0.1106 1.8520 1.6869
v -0.0061 1.8520 1.6942
v -0.1446 1.8455 1.6842
v -0.1446 1.8274 1.6842
v 0.0276 1.8274 1.6959
v -0.0583 1.8194 1.6869
v -0.1106 1.8210 1.6869
v -0.0061 1.8210 1.6942
v 0.0279 1.8183 1.6866
v 0.0279 1.8546 1.6866
v 0.0279 1.8365 1.6856
v 0.0279 1.8455 1.6866
v 0.0279 1.8274 1.6866
v -0.1441 1.8183 1.6670
v -0.1441 1.8546 1.6670
v -0.1441 1.8365 1.6659
v -0.1441 1.8455 1.6670
v -0.1441 1.8274 1.6670
v -0.1442 1.8183 1.6680
v 0.0281 1.8183 1.6798
v -0.0579 1.8023 1.6739
v -0.1039 1.8091 1.6701
v -0.0118 1.8091 1.6778
v -0.1443 1.8546 1.6740
v 0.0279 1.8546 1.6857
v -0.0580 1.8707 1.6798
v -0.1041 1.8638 1.6760
v -0.0120 1.8638 1.6837
v -0.1446 2.4300 1.6711
v 0.0276 2.4300 1.6828
v -0.1446 2.4663 1.6711
v 0.0276 2.4663 1.6828
v -0.0583 2.4140 1.6769
v -0.0583 2.4824 1.6769
v -0.1044 2.4755 1.6731
v -0.1044 2.4208 1.6731
v -0.0123 2.4208 1.6808
v -0.0123 2.4755 1.6808
v -0.1446 2.4482 1.6700
v 0.0277 2.4482 1.6818
v -0.0580 2.4482 1.6667
v -0.1041 2.4482 1.6634
v -0.0120 2.4482 1.6699
v 0.0276 2.4572 1.6828
v -0.0583 2.4653 1.6738
v -0.1106 2.4637 1.6738
v -0.0061 2.4637 1.6811
v -0.1446 2.4572 1.6711
v -0.1446 2.4391 1.6711
v 0.0276 2.4391 1.6828
v -0.0583 2.4311 1.6738
v -0.1106 2.4327 1.6738
v -0.0061 2.4327 1.6811
v 0.0279 2.4300 1.6735
v 0.0279 2.4663 1.6735
v 0.0279 2.4482 1.6725
v 0.0279 2.4572 1.6735
v 0.0279 2.4391 1.6735
v -0.1441 2.4300 1.6539
v -0.1441 2.4663 1.6539
v -0.1441 2.4482 1.6528
v -0.1441 2.4572 1.6539
v -0.1441 2.4391 1.6539
v -0.1442 2.4300 1.6549
v 0.0281 2.4300 1.6667
v -0.0579 2.4140 1.6608
v -0.1039 2.4208 1.6570
v -0.0118 2.4208 1.6647
v -0.1443 2.4663 1.6609
v 0.0279 2.4663 1.6726
v -0.0580 2.4824 1.6667
v -0.1041 2.4755 1.6629
v -0.0120 2.4755 1.6706
v -0.1446 3.0054 1.6276
v 0.0276 3.0068 1.6392
v -0.1446 3.0414 1.6231
v 0.0276 3.0428 1.6347
v -0.0583 2.9902 1.6354
v -0.0583 3.0580 1.6269
v -0.1044 3.0508 1.6239
v -0.1044 2.9965 1.6307
v -0.0123 2.9974 1.6384
v -0.0123 3.0517 1.6316
v -0.1446 3.0232 1.6243
v 0.0277 3.0247 1.6359
v -0.0580 3.0228 1.6210
v -0.1041 3.0224 1.6177
v -0.0120 3.0232 1.6241
v 0.0276 3.0338 1.6358
v -0.0583 3.0407 1.6259
v -0.1106 3.0391 1.6261
v -0.0061 3.0400 1.6334
v -0.1446 3.0324 1.6242
v -0.1446 3.0144 1.6264
v 0.0276 3.0158 1.6381
v -0.0583 3.0067 1.6301
v -0.1106 3.0083 1.6300
v -0.0061 3.0092 1.6372
v 0.0279 3.0057 1.6300
v 0.0279 3.0417 1.6255
v 0.0279 3.0235 1.6267
v 0.0279 3.0327 1.6266
v 0.0279 3.0147 1.6289
v -0.1441 3.0032 1.6105
v -0.1441 3.0392 1.6060
v -0.1441 3.0211 1.6072
v -0.1441 3.0302 1.6071
v -0.1441 3.0122 1.6094
v -0.1442 3.0034 1.6116
v 0.0281 3.0048 1.6232
v -0.0579 2.9882 1.6194
v -0.1039 2.9945 1.6147
v -0.0118 2.9954 1.6224
v -0.1443 3.0401 1.6129
v 0.0279 3.0415 1.6246
v -0.0580 3.0567 1.6168
v -0.1041 3.0495 1.6138
v -0.0120 3.0504 1.6215
v -0.1446 3.4146 1.5731
v 0.0276 3.4160 1.5847
v -0.1446 3.4506 1.5686
v 0.0276 3.4520 1.5802
v -0.0583 3.3994 1.5809
v -0.0583 3.4672 1.5724
v -0.1044 3.4600 1.5694
v -0.1044 3.4057 1.5762
v -0.0123 3.4067 1.5839
v -0.0123 3.4609 1.5771
v -0.1446 3.4325 1.5698
v 0.0277 3.4339 1.5814
v -0.0580 3.4321 1.5665
v -0.1041 3.4316 1.5632
v -0.0120 3.4324 1.5696
v 0.0276 3.4430 1.5813
v -0.0583 3.4499 1.5714
v -0.1106 3.4483 1.5716
v -0.0061 3.4492 1.5788
v -0.1446 3.4416 1.5697
v -0.1446 3.4236 1.5719
v 0.0276 3.4250 1.5836
v -0.0583 3.4160 1.5756
v -0.1106 3.4175 1.5755
v -0.0061 3.4184 1.5827
v 0.0279 3.4149 1.5755
v 0.0279 3.4509 1.5710
v 0.0279 3.4328 1.5722
v 0.0279 3.4419 1.5721
v 0.0279 3.4239 1.5744
v -0.1441 3.4125 1.5560
v -0.1441 3.4485 1.5515
v -0.1441 3.4303 1.5527
v -0.1441 3.4395 1.5526
v -0.1441 3.4215 1.5549
v -0.1442 3.4126 1.5571
v 0.0281 3.4140 1.5687
v -0.0579 3.3974 1.5649
v -0.1039 3.4037 1.5602
v -0.0118 3.4047 1.5679
v -0.1443 3.4493 1.5584
v 0.0279 3.4508 1.5701
v -0.0580 3.4660 1.5623
v -0.1041 3.4587 1.5593
v -0.0120 3.4597 1.5670
v -0.1446 3.9201 1.5509
v 0.0276 3.9216 1.5626
v -0.1446 3.9561 1.5464
v 0.0276 3.9576 1.5581
v -0.0583 3.9049 1.5587
v -0.0583 3.9728 1.5503
v -0.1044 3.9655 1.5473
v -0.1044 3.9112 1.5541
v -0.0123 3.9122 1.5617
v -0.0123 3.9665 1.5549
v -0.1446 3.9380 1.5476
v 0.0277 3.9394 1.5593
v -0.0580 3.9376 1.5444
v -0.1041 3.9372 1.5411
v -0.0120 3.9380 1.5475
v 0.0276 3.9486 1.5592
v -0.0583 3.9554 1.5493
v -0.1106 3.9538 1.5495
v -0.0061 3.9547 1.5567
v -0.1446 3.9471 1.5475
v -0.1446 3.9291 1.5498
v 0.0276 3.9306 1.5614
v -0.0583 3.9215 1.5535
v -0.1106 3.9231 1.5533
v -0.0061 3.9240 1.5605
v 0.0279 3.9204 1.5534
v 0.0279 3.9564 1.5489
v 0.0279 3.9383 1.5501
v 0.0279 3.9474 1.5500
v 0.0279 3.9294 1.5522
v -0.1441 3.9180 1.5339
v -0.1441 3.9540 1.5294
v -0.1441 3.9359 1.5306
v -0.1441 3.9450 1.5305
v -0.1441 3.9270 1.5327
v -0.1442 3.9181 1.5349
v 0.0281 3.9196 1.5466
v -0.0579 3.9029 1.5427
v -0.1039 3.9092 1.5381
v -0.0118 3.9102 1.5457
v -0.1443 3.9548 1.5363
v 0.0279 3.9563 1.5480
v -0.0580 3.9715 1.5401
v -0.1041 3.9642 1.5372
v -0.0120 3.9652 1.5448
v -0.1446 4.3987 1.5219
v 0.0276 4.4001 1.5336
v -0.1446 4.4347 1.5174
v 0.0276 4.4361 1.5291
v -0.0583 4.3835 1.5297
v -0.0583 4.4513 1.5213
v -0.1044 4.4441 1.5183
v -0.1044 4.3898 1.5251
v -0.0123 4.3907 1.5327
v -0.0123 4.4450 1.5259
v -0.1446 4.4165 1.5186
v 0.0277 4.4180 1.5303
v -0.0580 4.4161 1.5154
v -0.1041 4.4157 1.5121
v -0.0120 4.4165 1.5185
v 0.0276 4.4271 1.5302
v -0.0583 4.4340 1.5203
v -0.1106 4.4324 1.5205
v -0.0061 4.4333 1.5277
v -0.1446 4.4257 1.5185
v -0.1446 4.4077 1.5208
v 0.0276 4.4091 1.5324
v -0.0583 4.4000 1.5245
v -0.1106 4.4016 1.5243
v -0.0061 4.4025 1.5315
v 0.0279 4.3990 1.5244
v 0.0279 4.4350 1.5199
v 0.0279 4.4168 1.5211
v 0.0279 4.4260 1.5210
v 0.0279 4.4080 1.5232
v -0.1441 4.3965 1.5049
v -0.1441 4.4325 1.5004
v -0.1441 4.4144 1.5016
v -0.1441 4.4235 1.5015
v -0.1441 4.4055 1.5037
v -0.1442 4.3967 1.5059
v 0.0281 4.3981 1.5176
v -0.0579 4.3815 1.5137
v -0.1039 4.3878 1.5091
v -0.0118 4.3887 1.5167
v -0.1443 4.4334 1.5073
v 0.0279 4.4349 1.5190
v -0.0580 4.4501 1.5111
v -0.1041 4.4428 1.5082
v -0.0120 4.4438 1.5158
v -0.1363 4.7973 1.4572
v 0.0359 4.7987 1.4688
v -0.1363 4.8333 1.4527
v 0.0359 4.8347 1.4643
v -0.0500 4.7821 1.4650
v -0.0500 4.8499 1.4565
v -0.0961 4.8426 1.4535
v -0.0961 4.7884 1.4603
v -0.0040 4.7893 1.4680
v -0.0040 4.8436 1.4612
v -0.1363 4.8151 1.4539
v 0.0360 4.8166 1.4655
v -0.0497 4.8147 1.4506
v -0.0958 4.8143 1.4473
v -0.0037 4.8151 1.4537
v 0.0359 4.8257 1.4654
v -0.0499 4.8326 1.4555
v -0.1023 4.8310 1.4557
v 0.0022 4.8319 1.4629
v -0.1363 4.8243 1.4538
v -0.1363 4.8063 1.4560
v 0.0359 4.8077 1.4677
v -0.0499 4.7986 1.4597
v -0.1023 4.8002 1.4596
v 0.0022 4.8011 1.4668
v 0.0362 4.7976 1.4596
v 0.0362 4.8336 1.4551
v 0.0362 4.8154 1.4563
v 0.0362 4.8246 1.4562
v 0.0362 4.8066 1.4585
v -0.1358 4.7951 1.4401
v -0.1358 4.8311 1.4356
v -0.1358 4.8130 1.4368
v -0.1358 4.8221 1.4367
v -0.1358 4.8041 1.4390
v -0.1358 4.7953 1.4412
v 0.0364 4.7967 1.4528
v -0.0495 4.7801 1.4490
v -0.0956 4.7864 1.4443
v -0.0035 4.7873 1.4520
v -0.1360 4.8320 1.4425
v 0.0362 4.8334 1.4542
v -0.0497 4.8486 1.4464
v -0.0958 4.8414 1.4434
v -0.0037 4.8423 1.4511
v -0.1565 5.2076 1.3616
v 0.0158 5.2112 1.3728
v -0.1565 5.2421 1.3504
v 0.0158 5.2457 1.3616
v -0.0702 5.1941 1.3721
v -0.0702 5.2592 1.3511
v -0.1163 5.2515 1.3495
v -0.1163 5.1994 1.3663
v -0.0242 5.2018 1.3737
v -0.0242 5.2539 1.3569
v -0.1565 5.2245 1.3550
v 0.0158 5.2281 1.3662
v -0.0699 5.2235 1.3519
v -0.1160 5.2225 1.3487
v -0.0238 5.2245 1.3548
v 0.0158 5.2371 1.3644
v -0.0701 5.2419 1.3533
v -0.1225 5.2404 1.3538
v -0.0180 5.2427 1.3608
v -0.1565 5.2335 1.3532
v -0.1565 5.2162 1.3588
v 0.0158 5.2198 1.3700
v -0.0701 5.2094 1.3639
v -0.1225 5.2109 1.3634
v -0.0180 5.2132 1.3703
v 0.0160 5.2083 1.3639
v 0.0160 5.2429 1.3528
v 0.0161 5.2253 1.3574
v 0.0160 5.2342 1.3556
v 0.0160 5.2170 1.3611
v -0.1560 5.2023 1.3452
v -0.1560 5.2368 1.3341
v -0.1560 5.2192 1.3387
v -0.1560 5.2282 1.3369
v -0.1560 5.2109 1.3424
v -0.1560 5.2026 1.3462
v 0.0162 5.2062 1.3574
v -0.0697 5.1892 1.3568
v -0.1158 5.1945 1.3510
v -0.0237 5.1969 1.3583
v -0.1562 5.2390 1.3407
v 0.0161 5.2426 1.3519
v -0.0699 5.2560 1.3414
v -0.1160 5.2484 1.3398
v -0.0239 5.2507 1.3471
v -0.1629 5.6972 1.1852
v 0.0093 5.7009 1.1964
v -0.1629 5.7318 1.1741
v 0.0093 5.7354 1.1853
v -0.0766 5.6838 1.1958
v -0.0766 5.7488 1.1747
v -0.1227 5.7412 1.1732
v -0.1227 5.6891 1.1900
v -0.0306 5.6915 1.1973
v -0.0306 5.7435 1.1805
v -0.1629 5.7142 1.1787
v 0.0094 5.7178 1.1899
v -0.0763 5.7132 1.1756
v -0.1224 5.7122 1.1724
v -0.0303 5.7141 1.1785
v 0.0093 5.7268 1.1881
v -0.0765 5.7316 1.1770
v -0.1289 5.7301 1.1775
v -0.0244 5.7323 1.1844
v -0.1629 5.7231 1.1769
v -0.1629 5.7059 1.1825
v 0.0093 5.7095 1.1936
v -0.0765 5.6991 1.1875
v -0.1289 5.7006 1.1870
v -0.0244 5.7028 1.1940
v 0.0096 5.6980 1.1876
v 0.0096 5.7325 1.1764
v 0.0096 5.7150 1.1810
v 0.0096 5.7239 1.1792
v 0.0096 5.7066 1.1848
v -0.1624 5.6920 1.1689
v -0.1624 5.7265 1.1577
v -0.1624 5.7089 1.1623
v -0.1624 5.7179 1.1605
v -0.1624 5.7006 1.1661
v -0.1624 5.6923 1.1699
v 0.0098 5.6959 1.1811
v -0.0762 5.6788 1.1804
v -0.1222 5.6841 1.1747
v -0.0301 5.6865 1.1820
v -0.1626 5.7286 1.1644
v 0.0096 5.7322 1.1756
v -0.0763 5.7457 1.1650
v -0.1224 5.7380 1.1635
v -0.0303 5.7404 1.1708
v -0.1629 6.1183 1.0349
v 0.0093 6.1228 1.0458
v -0.1629 6.1518 1.0210
v 0.0093 6.1563 1.0319
v -0.0766 6.1057 1.0465
v -0.0766 6.1689 1.0203
v -0.1227 6.1611 1.0194
v -0.1227 6.1105 1.0403
v -0.0306 6.1135 1.0475
v -0.0306 6.1640 1.0265
v -0.1629 6.1346 1.0270
v 0.0094 6.1391 1.0379
v -0.0763 6.1334 1.0240
v -0.1224 6.1321 1.0209
v -0.0303 6.1346 1.0269
v 0.0093 6.1479 1.0353
v -0.0765 6.1519 1.0239
v -0.1289 6.1504 1.0246
v -0.0244 6.1532 1.0313
v -0.1629 6.1434 1.0245
v -0.1629 6.1266 1.0315
v 0.0093 6.1312 1.0423
v -0.0765 6.1203 1.0370
v -0.1289 6.1218 1.0365
v -0.0244 6.1246 1.0432
v 0.0096 6.1192 1.0372
v 0.0096 6.1527 1.0233
v 0.0096 6.1356 1.0293
v 0.0096 6.1444 1.0268
v 0.0096 6.1276 1.0337
v -0.1624 6.1117 1.0191
v -0.1624 6.1452 1.0052
v -0.1624 6.1280 1.0111
v -0.1624 6.1368 1.0086
v -0.1624 6.1201 1.0156
v -0.1624 6.1121 1.0200
v 0.0098 6.1166 1.0309
v -0.0762 6.0995 1.0316
v -0.1222 6.1044 1.0254
v -0.0301 6.1073 1.0326
v -0.1626 6.1479 1.0116
v 0.0096 6.1524 1.0225
v -0.0763 6.1649 1.0109
v -0.1224 6.1572 1.0099
v -0.0303 6.1601 1.0171
v -0.0792 1.1889 1.6894
v -0.0335 1.1959 1.6894
v -0.0795 1.1933 1.6894
v -0.0554 1.1882 1.7084
v -0.0338 1.2003 1.6894
v -0.0558 1.2004 1.7084
v -0.0803 1.1909 1.6882
v -0.0382 1.1911 1.7013
v -0.0740 1.1856 1.7012
v -0.0327 1.1983 1.6882
v -0.0555 1.1940 1.7089
v -0.0745 1.1970 1.7013
v -0.0387 1.2025 1.7011
v -0.0381 1.1970 1.7018
v -0.0747 1.1914 1.7018
v -0.0840 1.2188 1.6941
v -0.0382 1.2258 1.6931
v -0.0843 1.2231 1.6935
v -0.0602 1.2209 1.7130
v -0.0385 1.2301 1.6925
v -0.0605 1.2329 1.7113
v -0.0850 1.2207 1.6926
v -0.0429 1.2227 1.7055
v -0.0788 1.2172 1.7063
v -0.0375 1.2279 1.6915
v -0.0602 1.2267 1.7127
v -0.0792 1.2285 1.7047
v -0.0434 1.2339 1.7038
v -0.0428 1.2286 1.7052
v -0.0794 1.2230 1.7060
v -0.0792 1.8148 1.6963
v -0.0335 1.8219 1.6963
v -0.0795 1.8192 1.6963
v -0.0554 1.8142 1.7153
v -0.0338 1.8263 1.6963
v -0.0558 1.8264 1.7153
v -0.0803 1.8169 1.6951
v -0.0382 1.8170 1.7082
v -0.0740 1.8115 1.7081
v -0.0327 1.8242 1.6951
v -0.0555 1.8200 1.7158
v -0.0745 1.8229 1.7082
v -0.0387 1.8284 1.7080
v -0.0381 1.8230 1.7087
v -0.0747 1.8173 1.7087
v -0.0840 1.8448 1.6961
v -0.0382 1.8518 1.6951
v -0.0843 1.8491 1.6955
v -0.0602 1.8468 1.7150
v -0.0385 1.8561 1.6945
v -0.0605 1.8589 1.7133
v -0.0850 1.8466 1.6946
v -0.0429 1.8486 1.7075
v -0.0788 1.8432 1.7083
v -0.0375 1.8539 1.6935
v -0.0602 1.8526 1.7147
v -0.0792 1.8545 1.7067
v -0.0434 1.8599 1.7058
v -0.0428 1.8546 1.7072
v -0.0794 1.8490 1.7080
v -0.0792 2.4215 1.6963
v -0.0335 2.4286 1.6963
v -0.0795 2.4259 1.6963
v -0.0554 2.4209 1.7153
v -0.0338 2.4330 1.6963
v -0.0558 2.4331 1.7153
v -0.0803 2.4236 1.6951
v -0.0382 2.4237 1.7082
v -0.0740 2.4182 1.7081
v -0.0327 2.4309 1.6951
v -0.0555 2.4267 1.7158
v -0.0745 2.4296 1.7082
v -0.0387 2.4351 1.7080
v -0.0381 2.4297 1.7087
v -0.0747 2.4240 1.7087
v -0.0840 2.4515 1.6961
v -0.0382 2.4584 1.6951
v -0.0843 2.4558 1.6955
v -0.0602 2.4535 1.7150
v -0.0385 2.4628 1.6945
v -0.0605 2.4656 1.7133
v -0.0850 2.4533 1.6946
v -0.0429 2.4553 1.7075
v -0.0788 2.4499 1.7083
v -0.0375 2.4606 1.6935
v -0.0602 2.4593 1.7147
v -0.0792 2.4612 1.7067
v -0.0434 2.4666 1.7058
v -0.0428 2.4613 1.7072
v -0.0794 2.4557 1.7080
v -0.0764 3.0033 1.6430
v -0.0307 3.0102 1.6419
v -0.0767 3.0076 1.6423
v -0.0526 3.0055 1.6618
v -0.0310 3.0146 1.6412
v -0.0530 3.0176 1.6600
v -0.0775 3.0051 1.6414
v -0.0353 3.0073 1.6544
v -0.0712 3.0018 1.6551
v -0.0299 3.0123 1.6403
v -0.0527 3.0113 1.6615
v -0.0716 3.0131 1.6535
v -0.0359 3.0185 1.6525
v -0.0353 3.0132 1.6539
v -0.0718 3.0076 1.6548
v -0.0812 3.0293 1.6382
v -0.0354 3.0360 1.6361
v -0.0815 3.0334 1.6369
v -0.0573 3.0342 1.6565
v -0.0357 3.0402 1.6348
v -0.0577 3.0458 1.6530
v -0.0822 3.0309 1.6364
v -0.0401 3.0348 1.6489
v -0.0760 3.0295 1.6504
v -0.0347 3.0379 1.6343
v -0.0574 3.0399 1.6553
v -0.0764 3.0405 1.6472
v -0.0406 3.0457 1.6454
v -0.0400 3.0406 1.6476
v -0.0766 3.0353 1.6493
v -0.0747 3.4143 1.5855
v -0.0290 3.4213 1.5848
v -0.0750 3.4187 1.5851
v -0.0509 3.4156 1.6045
v -0.0292 3.4257 1.5843
v -0.0513 3.4277 1.6032
v -0.0757 3.4162 1.5841
v -0.0336 3.4177 1.5971
v -0.0695 3.4122 1.5976
v -0.0282 3.4235 1.5833
v -0.0510 3.4214 1.6044
v -0.0699 3.4236 1.5965
v -0.0342 3.4290 1.5958
v -0.0336 3.4237 1.5970
v -0.0701 3.4181 1.5976
v -0.0795 3.4405 1.5821
v -0.0337 3.4474 1.5804
v -0.0798 3.4448 1.5810
v -0.0556 3.4445 1.6007
v -0.0340 3.4516 1.5793
v -0.0560 3.4563 1.5977
v -0.0805 3.4422 1.5804
v -0.0384 3.4456 1.5931
v -0.0743 3.4402 1.5943
v -0.0330 3.4493 1.5786
v -0.0557 3.4503 1.5997
v -0.0747 3.4513 1.5916
v -0.0389 3.4566 1.5902
v -0.0383 3.4514 1.5921
v -0.0749 3.4460 1.5935
v -0.0737 3.9162 1.5715
v -0.0279 3.9233 1.5708
v -0.0740 3.9206 1.5711
v -0.0499 3.9176 1.5905
v -0.0282 3.9276 1.5704
v -0.0502 3.9297 1.5893
v -0.0747 3.9182 1.5701
v -0.0326 3.9197 1.5831
v -0.0685 3.9142 1.5836
v -0.0272 3.9255 1.5694
v -0.0499 3.9234 1.5904
v -0.0689 3.9255 1.5825
v -0.0331 3.9310 1.5818
v -0.0325 3.9256 1.5830
v -0.0691 3.9200 1.5836
v -0.0784 3.9425 1.5681
v -0.0327 3.9493 1.5664
v -0.0787 3.9467 1.5670
v -0.0546 3.9465 1.5867
v -0.0330 3.9536 1.5653
v -0.0550 3.9583 1.5837
v -0.0795 3.9441 1.5664
v -0.0373 3.9475 1.5791
v -0.0732 3.9421 1.5804
v -0.0319 3.9513 1.5646
v -0.0547 3.9522 1.5858
v -0.0736 3.9532 1.5776
v -0.0379 3.9585 1.5762
v -0.0373 3.9533 1.5781
v -0.0738 3.9479 1.5795
v -0.0737 4.3987 1.5375
v -0.0279 4.4057 1.5368
v -0.0740 4.4030 1.5370
v -0.0499 4.4000 1.5564
v -0.0282 4.4100 1.5363
v -0.0502 4.4121 1.5552
v -0.0747 4.4006 1.5360
v -0.0326 4.4021 1.5491
v -0.0685 4.3966 1.5496
v -0.0272 4.4079 1.5353
v -0.0499 4.4058 1.5564
v -0.0689 4.4079 1.5485
v -0.0331 4.4134 1.5478
v -0.0325 4.4080 1.5490
v -0.0691 4.4024 1.5496
v -0.0784 4.4249 1.5340
v -0.0327 4.4317 1.5323
v -0.0787 4.4291 1.5330
v -0.0546 4.4289 1.5526
v -0.0330 4.4360 1.5312
v -0.0550 4.4407 1.5497
v -0.0795 4.4266 1.5323
v -0.0373 4.4299 1.5450
v -0.0732 4.4245 1.5463
v -0.0319 4.4337 1.5306
v -0.0547 4.4346 1.5517
v -0.0736 4.4356 1.5436
v -0.0379 4.4409 1.5421
v -0.0373 4.4358 1.5441
v -0.0738 4.4303 1.5455
v -0.0737 4.8034 1.4749
v -0.0279 4.8104 1.4742
v -0.0740 4.8078 1.4745
v -0.0499 4.8047 1.4939
v -0.0282 4.8148 1.4737
v -0.0502 4.8168 1.4926
v -0.0747 4.8053 1.4735
v -0.0326 4.8068 1.4865
v -0.0685 4.8013 1.4870
v -0.0272 4.8126 1.4727
v -0.0499 4.8106 1.4938
v -0.0689 4.8127 1.4859
v -0.0331 4.8181 1.4852
v -0.0325 4.8128 1.4864
v -0.0691 4.8072 1.4870
v -0.0784 4.8296 1.4715
v -0.0327 4.8365 1.4697
v -0.0787 4.8339 1.4704
v -0.0546 4.8336 1.4900
v -0.0330 4.8407 1.4687
v -0.0550 4.8454 1.4871
v -0.0795 4.8313 1.4698
v -0.0373 4.8347 1.4824
v -0.0732 4.8293 1.4837
v -0.0319 4.8384 1.4680
v -0.0547 4.8394 1.4891
v -0.0736 4.8404 1.4810
v -0.0379 4.8457 1.4795
v -0.0373 4.8405 1.4815
v -0.0738 4.8351 1.4829
v -0.0929 5.2085 1.3729
v -0.0472 5.2155 1.3722
v -0.0932 5.2129 1.3725
v -0.0691 5.2098 1.3919
v -0.0475 5.2199 1.3718
v -0.0695 5.2219 1.3907
v -0.0940 5.2104 1.3715
v -0.0519 5.2119 1.3845
v -0.0877 5.2064 1.3850
v -0.0464 5.2177 1.3707
v -0.0692 5.2156 1.3918
v -0.0882 5.2178 1.3839
v -0.0524 5.2232 1.3832
v -0.0518 5.2179 1.3844
v -0.0884 5.2123 1.3850
v -0.0977 5.2347 1.3695
v -0.0519 5.2416 1.3678
v -0.0980 5.2390 1.3684
v -0.0739 5.2387 1.3881
v -0.0522 5.2458 1.3667
v -0.0742 5.2505 1.3851
v -0.0987 5.2364 1.3678
v -0.0566 5.2398 1.3805
v -0.0925 5.2344 1.3817
v -0.0512 5.2435 1.3660
v -0.0739 5.2445 1.3872
v -0.0929 5.2455 1.3790
v -0.0571 5.2508 1.3776
v -0.0565 5.2456 1.3795
v -0.0931 5.2401 1.3809
v -0.0981 5.6986 1.1983
v -0.0523 5.7055 1.1970
v -0.0983 5.7029 1.1975
v -0.0742 5.7014 1.2171
v -0.0526 5.7099 1.1962
v -0.0746 5.7134 1.2149
v -0.0991 5.7004 1.1967
v -0.0570 5.7029 1.2096
v -0.0929 5.6975 1.2105
v -0.0516 5.7076 1.1954
v -0.0743 5.7072 1.2166
v -0.0933 5.7087 1.2085
v -0.0575 5.7141 1.2074
v -0.0569 5.7088 1.2090
v -0.0935 5.7033 1.2100
v -0.1028 5.7245 1.1928
v -0.0570 5.7311 1.1905
v -0.1031 5.7286 1.1914
v -0.0790 5.7299 1.2110
v -0.0573 5.7353 1.1891
v -0.0793 5.7415 1.2071
v -0.1038 5.7260 1.1909
v -0.0617 5.7303 1.2033
v -0.0976 5.7251 1.2050
v -0.0563 5.7330 1.1886
v -0.0790 5.7356 1.2096
v -0.0980 5.7359 1.2014
v -0.0622 5.7411 1.1995
v -0.0616 5.7361 1.2019
v -0.0982 5.7308 1.2037
v -0.0981 6.1183 1.0471
v -0.0523 6.1252 1.0459
v -0.0983 6.1226 1.0464
v -0.0742 6.1211 1.0659
v -0.0526 6.1295 1.0451
v -0.0746 6.1330 1.0637
v -0.0991 6.1200 1.0456
v -0.0570 6.1226 1.0584
v -0.0929 6.1171 1.0594
v -0.0516 6.1273 1.0442
v -0.0743 6.1269 1.0654
v -0.0933 6.1284 1.0574
v -0.0575 6.1338 1.0562
v -0.0569 6.1285 1.0578
v -0.0935 6.1229 1.0589
v -0.1028 6.1441 1.0416
v -0.0570 6.1508 1.0393
v -0.1031 6.1483 1.0402
v -0.0790 6.1496 1.0598
v -0.0573 6.1549 1.0379
v -0.0793 6.1611 1.0559
v -0.1038 6.1457 1.0398
v -0.0617 6.1500 1.0522
v -0.0976 6.1447 1.0539
v -0.0563 6.1526 1.0374
v -0.0790 6.1552 1.0584
v -0.0980 6.1556 1.0503
v -0.0622 6.1607 1.0484
v -0.0616 6.1558 1.0507
v -0.0982 6.1504 1.0526
v -0.2364 6.4699 0.9164
v -0.2106 6.4679 0.9549
v -0.2372 6.4740 0.9177
v -0.2375 6.4589 0.9449
v -0.2114 6.4721 0.9561
v -0.2395 6.4703 0.9486
v -0.2363 6.4724 0.9157
v -0.2221 6.4606 0.9557
v -0.2422 6.4622 0.9256
v -0.2096 6.4703 0.9556
v -0.2388 6.4642 0.9470
v -0.2442 6.4729 0.9291
v -0.2240 6.4713 0.9590
v -0.2233 6.4659 0.9580
v -0.2439 6.4675 0.9273
v -0.2425 6.4956 0.9211
v -0.2159 6.4939 0.9590
v -0.2428 6.4999 0.9220
v -0.2439 6.4872 0.9503
v -0.2162 6.4982 0.9598
v -0.2445 6.4991 0.9531
v -0.2422 6.4980 0.9201
v -0.2281 6.4880 0.9607
v -0.2489 6.4894 0.9310
v -0.2146 6.4962 0.9594
v -0.2446 6.4927 0.9520
v -0.2496 6.5005 0.9336
v -0.2287 6.4991 0.9631
v -0.2287 6.4936 0.9625
v -0.2499 6.4950 0.9323
v -5.0134 2.4723 1.8287
v -5.0955 2.6045 1.9089
v -4.9955 2.4954 1.8072
v -5.0776 2.6277 1.8875
v -5.0731 2.5282 1.8752
v -5.0395 2.5719 1.8274
v -5.0202 2.5322 1.8242
v -5.0471 2.4973 1.8519
v -5.0925 2.5679 1.8905
v -5.0549 2.6029 1.8597
v -5.0091 2.4839 1.8186
v -5.0858 2.6161 1.8989
v -5.0487 2.5505 1.8618
v -5.0264 2.5152 1.8422
v -5.0708 2.5859 1.8816
v -5.0821 2.6219 1.8928
v -5.0456 2.5611 1.8427
v -5.0239 2.5199 1.8263
v -5.0711 2.6001 1.8658
v -5.0017 2.4896 1.8126
v -5.0106 2.4781 1.8233
v -5.0910 2.6103 1.9036
v -5.0624 2.5393 1.8672
v -5.0391 2.5001 1.8415
v -5.0895 2.5802 1.8862
v -5.0862 2.6049 1.9170
v -5.0683 2.6281 1.8956
v -5.0765 2.6165 1.9070
v -5.0728 2.6223 1.9010
v -5.0817 2.6107 1.9117
v -5.0055 2.4730 1.8401
v -4.9827 2.4962 1.8187
v -4.9963 2.4846 1.8301
v -4.9889 2.4904 1.8240
v -5.0020 2.4788 1.8348
v -5.0014 2.4730 1.8394
v -5.0916 2.6052 1.9159
v -5.0611 2.5289 1.8860
v -5.0351 2.4980 1.8626
v -5.0805 2.5686 1.9012
v -4.9900 2.4959 1.8140
v -5.0676 2.6281 1.8962
v -5.0319 2.5724 1.8340
v -5.0126 2.5327 1.8301
v -5.0444 2.6033 1.8703
v -5.1134 2.3844 1.9416
v -5.1812 2.5245 2.0219
v -5.0932 2.4056 1.9202
v -5.1610 2.5457 2.0004
v -5.1670 2.4463 1.9882
v -5.1289 2.4862 1.9404
v -5.1139 2.4447 1.9372
v -5.1443 2.4128 1.9648
v -5.1820 2.4878 2.0034
v -5.1410 2.5186 1.9727
v -5.1079 2.3955 1.9316
v -5.1703 2.5350 2.0119
v -5.1404 2.4659 1.9748
v -5.1219 2.4284 1.9552
v -5.1587 2.5034 1.9946
v -5.1661 2.5404 2.0058
v -5.1361 2.4761 1.9557
v -5.1188 2.4328 1.9393
v -5.1575 2.5175 1.9788
v -5.0999 2.4004 1.9256
v -5.1100 2.3899 1.9363
v -5.1761 2.5298 2.0165
v -5.1551 2.4562 1.9802
v -5.1361 2.4147 1.9544
v -5.1778 2.4997 1.9992
v -5.1719 2.5239 2.0300
v -5.1517 2.5451 2.0086
v -5.1610 2.5345 2.0200
v -5.1568 2.5398 2.0139
v -5.1668 2.5292 2.0246
v -5.1055 2.3843 1.9531
v -5.0804 2.4050 1.9316
v -5.0951 2.3949 1.9431
v -5.0871 2.3999 1.9370
v -5.1014 2.3897 1.9477
v -5.1014 2.3838 1.9524
v -5.1773 2.5248 2.0288
v -5.1550 2.4458 1.9989
v -5.1323 2.4122 1.9756
v -5.1700 2.4873 2.0142
v -5.0877 2.4054 1.9270
v -5.1510 2.5450 2.0092
v -5.1213 2.4859 1.9470
v -5.1063 2.4444 1.9430
v -5.1306 2.5180 1.9833
v 5.0194 2.4708 1.8287
v 5.1014 2.6031 1.9089
v 5.0015 2.4940 1.8072
v 5.0836 2.6263 1.8875
v 5.0791 2.5268 1.8752
v 5.0455 2.5705 1.8274
v 5.0262 2.5308 1.8242
v 5.0531 2.4959 1.8519
v 5.0984 2.5665 1.8905
v 5.0609 2.6015 1.8597
v 5.0150 2.4825 1.8186
v 5.0917 2.6147 1.8989
v 5.0547 2.5491 1.8618
v 5.0324 2.5138 1.8422
v 5.0768 2.5845 1.8816
v 5.0881 2.6205 1.8928
v 5.0515 2.5597 1.8427
v 5.0298 2.5185 1.8263
v 5.0771 2.5986 1.8658
v 5.0077 2.4882 1.8126
v 5.0166 2.4766 1.8233
v 5.0970 2.6089 1.9036
v 5.0684 2.5379 1.8672
v 5.0451 2.4987 1.8415
v 5.0955 2.5788 1.8862
v 5.0921 2.6035 1.9170
v 5.0743 2.6267 1.8956
v 5.0824 2.6151 1.9070
v 5.0788 2.6209 1.9010
v 5.0877 2.6093 1.9117
v 5.0115 2.4716 1.8401
v 4.9887 2.4948 1.8187
v 5.0023 2.4832 1.8301
v 4.9949 2.4890 1.8240
v 5.0080 2.4774 1.8348
v 5.0074 2.4716 1.8394
v 5.0976 2.6038 1.9159
v 5.0671 2.5275 1.8860
v 5.0411 2.4966 1.8626
v 5.0864 2.5672 1.9012
v 4.9960 2.4945 1.8140
v 5.0736 2.6267 1.8962
v 5.0379 2.5710 1.8340
v 5.0186 2.5313 1.8301
v 5.0504 2.6019 1.8703
v 5.1134 2.3844 1.9416
v 5.1812 2.5245 2.0219
v 5.0932 2.4056 1.9202
v 5.1610 2.5457 2.0004
v 5.1670 2.4463 1.9882
v 5.1289 2.4862 1.9404
v 5.1139 2.4447 1.9372
v 5.1443 2.4128 1.9648
v 5.1820 2.4878 2.0034
v 5.1410 2.5186 1.9727
v 5.1079 2.3955 1.9316
v 5.1703 2.5350 2.0119
v 5.1404 2.4659 1.9748
v 5.1219 2.4284 1.9552
v 5.1587 2.5034 1.9946
v 5.1661 2.5404 2.0058
v 5.1361 2.4761 1.9557
v 5.1188 2.4328 1.9393
v 5.1575 2.5175 1.9788
v 5.0999 2.4004 1.9256
v 5.1100 2.3899 1.9363
v 5.1761 2.5298 2.0165
v 5.1551 2.4562 1.9802
v 5.1361 2.4147 1.9544
v 5.1778 2.4997 1.9992
v 5.1719 2.5239 2.0300
v 5.1517 2.5451 2.0086
v 5.1610 2.5345 2.0200
v 5.1568 2.5398 2.0139
v 5.1668 2.5292 2.0246
v 5.1055 2.3843 1.9531
v 5.0804 2.4050 1.9316
v 5.0951 2.3949 1.9431
v 5.0871 2.3999 1.9370
v 5.1014 2.3897 1.9477
v 5.1014 2.3838 1.9524
v 5.1773 2.5248 2.0288
v 5.1550 2.4458 1.9989
v 5.1323 2.4122 1.9756
v 5.1700 2.4873 2.0142
v 5.0877 2.4054 1.9270
v 5.1510 2.5450 2.0092
v 5.1213 2.4859 1.9470
v 5.1063 2.4444 1.9430
v 5.1306 2.5180 1.9833
v -0.2801 6.5069 0.8743
v -0.1684 6.4361 0.9852
v -0.2740 6.5395 0.8889
v -0.1623 6.4687 0.9999
v -0.2268 6.4570 0.9234
v -0.2154 6.5185 0.9510
v -0.2459 6.5314 0.9181
v -0.2550 6.4822 0.8959
v -0.1963 6.4441 0.9563
v -0.1871 6.4933 0.9784
v -0.2763 6.5234 0.8809
v -0.1646 6.4526 0.9919
v -0.2138 6.4895 0.9303
v -0.2435 6.5084 0.9005
v -0.1838 6.4706 0.9600
v -0.1638 6.4606 0.9963
v -0.2160 6.5036 0.9420
v -0.2527 6.5231 0.9101
v -0.1850 6.4801 0.9775
v -0.2756 6.5313 0.8853
v -0.2786 6.5150 0.8779
v -0.1668 6.4443 0.9889
v -0.2217 6.4729 0.9281
v -0.2579 6.4952 0.8976
v -0.1902 6.4522 0.9650
v -0.1617 6.4377 0.9790
v -0.1556 6.4703 0.9937
v -0.1579 6.4542 0.9856
v -0.1571 6.4622 0.9900
v -0.1602 6.4458 0.9827
v -0.2678 6.5098 0.8627
v -0.2617 6.5424 0.8773
v -0.2640 6.5263 0.8693
v -0.2632 6.5343 0.8737
v -0.2662 6.5179 0.8663
v -0.2685 6.5096 0.8634
v -0.1568 6.4389 0.9744
v -0.2152 6.4597 0.9125
v -0.2434 6.4849 0.8851
v -0.1847 6.4468 0.9454
v -0.2667 6.5412 0.8821
v -0.1550 6.4705 0.9930
v -0.2080 6.5202 0.9441
v -0.2385 6.5331 0.9112
v -0.1798 6.4950 0.9715
v -0.4291 6.0406 1.0240
v -0.4293 6.0229 1.0241
v -0.4426 6.0392 1.0303
v -0.4348 6.0571 1.0204
v -0.4424 6.0245 1.0303
v -0.4470 6.0528 1.0273
v -0.4799 6.0325 1.0241
v -0.4715 6.0342 1.0276
v -0.4779 6.0234 1.0241
v -0.4872 6.0307 1.0185
v -0.4808 6.0415 1.0221
v -0.4716 6.0430 1.0245
v -0.4687 6.0251 1.0264
v -0.4842 6.0216 1.0174
v -0.4871 6.0396 1.0155
v -0.5048 6.0237 0.9799
v -0.5037 6.0255 0.9947
v -0.4991 6.0072 0.9834
v -0.5046 6.0415 0.9797
v -0.5036 6.0401 0.9942
v -0.4991 6.0118 0.9973
v -0.4740 6.0760 0.9972
v -0.4789 6.0677 1.0087
v -0.4882 6.0693 0.9889
v -0.4587 6.0759 1.0062
v -0.4661 6.0678 1.0159
v -0.4905 6.0624 1.0016
v -0.4599 5.9884 1.0067
v -0.4675 5.9969 1.0163
v -0.4456 5.9951 1.0149
v -0.4752 5.9885 0.9976
v -0.4800 5.9968 1.0087
v -0.4555 6.0023 1.0229
v -0.4547 6.0631 1.0221
v -0.4450 6.0694 1.0142
v -0.4350 6.0070 1.0209
v -0.4464 6.0115 1.0277
v -0.4574 6.0261 1.0293
v -0.4593 6.0365 1.0304
v -0.4606 6.0462 1.0271
v -0.4881 6.0503 1.0109
v -0.4808 6.0534 1.0176
v -0.4708 6.0542 1.0210
v -0.4644 6.0143 1.0253
v -0.4741 6.0114 1.0221
v -0.4817 6.0104 1.0152
v -0.4919 6.0184 1.0092
v -0.4956 6.0283 1.0093
v -0.4951 6.0385 1.0070
v -0.4988 6.0573 0.9828
v -0.4993 6.0531 0.9962
v -0.4909 6.0015 1.0017
v -0.4888 5.9950 0.9895
v -0.4624 6.0541 1.0239
v -0.4565 6.0175 1.0278
v -0.4941 6.0470 1.0054
v -0.4882 6.0104 1.0093
v -0.4632 6.0443 1.0150
v -0.4631 6.0512 1.0129
v -0.4564 6.0459 1.0169
v -0.4598 6.0230 1.0173
v -0.4528 6.0239 1.0193
v -0.4575 6.0161 1.0167
v -0.4782 6.0188 1.0066
v -0.4765 6.0118 1.0056
v -0.4832 6.0171 1.0016
v -0.4816 6.0401 1.0043
v -0.4868 6.0391 0.9992
v -0.4821 6.0470 1.0018
v -0.4518 6.0178 1.0185
v -0.4572 6.0518 1.0149
v -0.4866 6.0452 0.9978
v -0.4811 6.0112 1.0014
v -0.4911 6.0173 0.9965
v -0.4507 6.0201 1.0190
v -0.4913 6.0216 0.9971
v -0.4792 6.0119 1.0240
v -0.4509 6.0244 1.0196
v -0.4793 6.0240 1.0258
v -0.4914 6.0195 0.9953
v -0.4606 6.0141 1.0264
v -0.4922 6.0119 1.0087
v -0.4495 6.0225 1.0186
v -0.4794 6.0176 1.0254
v -0.4924 6.0232 1.0104
v -0.4608 6.0254 1.0278
v -0.4606 6.0199 1.0278
v -0.4929 6.0176 1.0098
v -0.4945 6.0439 0.9979
v -0.4536 6.0468 1.0195
v -0.4944 6.0483 0.9979
v -0.4825 6.0412 1.0258
v -0.4535 6.0511 1.0195
v -0.4818 6.0534 1.0260
v -0.4946 6.0460 0.9964
v -0.4637 6.0424 1.0276
v -0.4957 6.0402 1.0106
v -0.4522 6.0490 1.0189
v -0.4823 6.0470 1.0264
v -0.4951 6.0516 1.0109
v -0.4632 6.0538 1.0277
v -0.4634 6.0483 1.0283
v -0.4960 6.0460 1.0111
v -0.5492 6.0496 0.9714
v -0.3993 5.9907 1.0334
v -0.5372 6.0837 0.9747
v -0.3872 6.0247 1.0367
v -0.4794 6.0050 1.0010
v -0.4567 6.0692 1.0072
v -0.4989 6.0786 0.9893
v -0.5170 6.0272 0.9843
v -0.4373 5.9957 1.0189
v -0.4191 6.0471 1.0239
v -0.5428 6.0667 0.9720
v -0.3929 6.0077 1.0341
v -0.4647 6.0369 0.9945
v -0.5047 6.0526 0.9777
v -0.4245 6.0211 1.0110
v -0.3902 6.0162 1.0359
v -0.4614 6.0531 1.0027
v -0.5086 6.0696 0.9871
v -0.4177 6.0338 1.0249
v -0.5402 6.0752 0.9739
v -0.5462 6.0582 0.9722
v -0.3962 5.9992 1.0342
v -0.4727 6.0210 0.9996
v -0.5188 6.0405 0.9843
v -0.4279 6.0047 1.0220
v -0.3961 5.9904 1.0247
v -0.3841 6.0245 1.0280
v -0.3898 6.0074 1.0253
v -0.3871 6.0160 1.0272
v -0.3931 5.9990 1.0255
v -0.5434 6.0492 0.9552
v -0.5314 6.0833 0.9585
v -0.5371 6.0662 0.9559
v -0.5344 6.0747 0.9577
v -0.5404 6.0577 0.9560
v -0.5438 6.0492 0.9562
v -0.3938 5.9903 1.0182
v -0.4740 6.0046 0.9858
v -0.5116 6.0268 0.9691
v -0.4319 5.9953 1.0037
v -0.5338 6.0834 0.9651
v -0.3838 6.0245 1.0271
v -0.4533 6.0690 0.9976
v -0.4955 6.0783 0.9797
v -0.4157 6.0468 1.0143
v 0.5018 6.0669 0.9777
v 0.5138 6.0539 0.9771
v 0.4996 6.0622 0.9917
v 0.4859 6.0745 0.9799
v 0.5097 6.0515 0.9910
v 0.4865 6.0686 0.9932
v 0.4824 6.0359 1.0139
v 0.4873 6.0430 1.0104
v 0.4895 6.0302 1.0120
v 0.4770 6.0284 1.0151
v 0.4747 6.0411 1.0134
v 0.4795 6.0479 1.0086
v 0.4942 6.0371 1.0071
v 0.4840 6.0227 1.0118
v 0.4693 6.0335 1.0133
v 0.4520 5.9965 1.0005
v 0.4594 6.0052 1.0102
v 0.4679 5.9889 0.9982
v 0.4399 6.0095 1.0010
v 0.4493 6.0158 1.0104
v 0.4724 5.9987 1.0081
v 0.4411 6.0581 0.9927
v 0.4506 6.0550 1.0038
v 0.4342 6.0423 0.9968
v 0.4536 6.0698 0.9879
v 0.4607 6.0648 0.9996
v 0.4446 6.0420 1.0070
v 0.5127 6.0053 0.9856
v 0.5084 6.0123 0.9981
v 0.5196 6.0211 0.9813
v 0.5002 5.9936 0.9903
v 0.4982 6.0025 1.0017
v 0.5143 6.0253 0.9943
v 0.4730 6.0699 0.9956
v 0.4691 6.0755 0.9834
v 0.5200 6.0380 0.9783
v 0.5151 6.0388 0.9915
v 0.5006 6.0448 1.0010
v 0.4933 6.0520 1.0037
v 0.4842 6.0569 1.0027
v 0.4591 6.0388 1.0113
v 0.4642 6.0477 1.0108
v 0.4704 6.0549 1.0061
v 0.5031 6.0308 1.0028
v 0.4985 6.0224 1.0074
v 0.4917 6.0147 1.0081
v 0.4779 6.0127 1.0115
v 0.4694 6.0182 1.0146
v 0.4615 6.0248 1.0131
v 0.4337 6.0254 0.9996
v 0.4436 6.0284 1.0091
v 0.4858 5.9973 1.0049
v 0.4846 5.9879 0.9946
v 0.4762 6.0603 1.0020
v 0.5061 6.0382 0.9991
v 0.4553 6.0308 1.0116
v 0.4853 6.0087 1.0086
v 0.4776 6.0485 0.9960
v 0.4718 6.0527 0.9947
v 0.4809 6.0540 0.9925
v 0.4950 6.0357 0.9943
v 0.4989 6.0407 0.9907
v 0.5005 6.0315 0.9919
v 0.4829 6.0185 0.9999
v 0.4880 6.0138 0.9977
v 0.4789 6.0125 0.9999
v 0.4655 6.0314 1.0016
v 0.4609 6.0257 1.0017
v 0.4593 6.0350 1.0005
v 0.5032 6.0365 0.9892
v 0.4754 6.0570 0.9919
v 0.4561 6.0296 1.0008
v 0.4839 6.0091 0.9981
v 0.4722 6.0063 1.0020
v 0.5024 6.0388 0.9889
v 0.4694 6.0097 1.0027
v 0.4967 6.0211 1.0124
v 0.4997 6.0422 0.9896
v 0.4894 6.0307 1.0143
v 0.4698 6.0073 1.0015
v 0.5056 6.0330 1.0008
v 0.4819 6.0075 1.0111
v 0.5012 6.0411 0.9878
v 0.4935 6.0258 1.0138
v 0.4750 6.0165 1.0128
v 0.4986 6.0419 1.0024
v 0.5024 6.0379 1.0021
v 0.4783 6.0119 1.0126
v 0.4532 6.0248 1.0065
v 0.4831 6.0572 0.9924
v 0.4503 6.0281 1.0066
v 0.4761 6.0418 1.0172
v 0.4802 6.0605 0.9925
v 0.4684 6.0512 1.0174
v 0.4509 6.0256 1.0056
v 0.4855 6.0528 1.0051
v 0.4621 6.0274 1.0161
v 0.4819 6.0592 0.9910
v 0.4726 6.0464 1.0177
v 0.4547 6.0362 1.0163
v 0.4781 6.0615 1.0052
v 0.4821 6.0576 1.0056
v 0.4582 6.0318 1.0169
v 0.4079 5.9896 1.0275
v 0.5555 6.0495 0.9608
v 0.3925 6.0221 1.0225
v 0.5401 6.0819 0.9559
v 0.4887 6.0052 0.9963
v 0.4596 6.0664 0.9870
v 0.4228 6.0441 1.0051
v 0.4460 5.9951 1.0125
v 0.5255 6.0275 0.9781
v 0.5022 6.0765 0.9707
v 0.3999 6.0055 1.0241
v 0.5475 6.0654 0.9574
v 0.4708 6.0328 0.9825
v 0.4312 6.0168 1.0001
v 0.5102 6.0488 0.9646
v 0.5440 6.0738 0.9571
v 0.4658 6.0502 0.9865
v 0.4229 6.0317 1.0101
v 0.5125 6.0680 0.9698
v 0.3964 6.0140 1.0238
v 0.4041 5.9977 1.0262
v 0.5517 6.0576 0.9596
v 0.4804 6.0196 0.9911
v 0.4361 6.0039 1.0143
v 0.5257 6.0403 0.9740
v 0.5524 6.0467 0.9525
v 0.5370 6.0792 0.9476
v 0.5444 6.0627 0.9491
v 0.5409 6.0711 0.9488
v 0.5486 6.0549 0.9513
v 0.4022 5.9846 1.0121
v 0.3868 6.0170 1.0071
v 0.3942 6.0005 1.0087
v 0.3907 6.0089 1.0084
v 0.3984 5.9927 1.0108
v 0.4026 5.9849 1.0130
v 0.5502 6.0447 0.9464
v 0.4833 6.0005 0.9818
v 0.4407 5.9904 0.9981
v 0.5201 6.0228 0.9637
v 0.3891 6.0191 1.0134
v 0.5367 6.0789 0.9467
v 0.4563 6.0634 0.9778
v 0.4194 6.0411 0.9959
v 0.4989 6.0735 0.9615
vt 0.3949 0.3597
vt 0.3740 0.3520
vt 0.3811 0.3274
vt 0.4001 0.3314
vt 0.3559 0.3466
vt 0.3628 0.3238
vt 0.3391 0.3384
vt 0.3458 0.3188
vt 0.3204 0.3259
vt 0.3254 0.3094
vt 0.3795 0.7308
vt 0.3823 0.7398
vt 0.3668 0.7456
vt 0.3636 0.7362
vt 0.3954 0.7286
vt 0.3974 0.7371
vt 0.3229 0.7336
vt 0.3223 0.7217
vt 0.3401 0.7105
vt 0.3409 0.7213
vt 0.3550 0.7002
vt 0.3574 0.7134
vt 0.4779 0.5555
vt 0.4892 0.5566
vt 0.4899 0.5387
vt 0.4781 0.5375
vt 0.4048 0.3097
vt 0.3853 0.3072
vt 0.3882 0.2951
vt 0.4056 0.2952
vt 0.3679 0.3050
vt 0.3717 0.2928
vt 0.3511 0.3034
vt 0.3554 0.2895
vt 0.3292 0.2961
vt 0.3342 0.2845
vt 0.4180 0.3160
vt 0.4197 0.2984
vt 0.3423 0.4142
vt 0.3537 0.4208
vt 0.3486 0.4312
vt 0.3381 0.4256
vt 0.3320 0.6033
vt 0.3441 0.5977
vt 0.3521 0.6117
vt 0.3404 0.6186
vt 0.3618 0.6316
vt 0.3499 0.6387
vt 0.3744 0.7091
vt 0.3768 0.7205
vt 0.3602 0.7253
vt 0.3574 0.7134
vt 0.3409 0.7969
vt 0.3439 0.8043
vt 0.3248 0.8116
vt 0.3213 0.8051
vt 0.3917 0.7078
vt 0.3934 0.7192
vt 0.3473 0.4024
vt 0.3598 0.4090
vt 0.3265 0.4077
vt 0.3232 0.4209
vt 0.3174 0.6126
vt 0.3263 0.6265
vt 0.3356 0.6446
vt 0.3105 0.4019
vt 0.3080 0.4168
vt 0.3229 0.7336
vt 0.3246 0.7451
vt 0.3020 0.7600
vt 0.3012 0.7511
vt 0.3025 0.6218
vt 0.3126 0.6351
vt 0.3227 0.6512
vt 0.2932 0.3967
vt 0.2903 0.4129
vt 0.2869 0.6348
vt 0.2989 0.6456
vt 0.3106 0.6605
vt 0.4005 0.7523
vt 0.4017 0.7602
vt 0.3884 0.7637
vt 0.3868 0.7556
vt 0.2760 0.3916
vt 0.2742 0.4084
vt 0.2737 0.6475
vt 0.2865 0.6574
vt 0.2985 0.6700
vt 0.3031 0.2959
vt 0.3091 0.2848
vt 0.3292 0.2961
vt 0.3254 0.3094
vt 0.2477 0.3855
vt 0.2614 0.3884
vt 0.2605 0.4039
vt 0.2469 0.4002
vt 0.2308 0.2410
vt 0.2522 0.2650
vt 0.2408 0.2671
vt 0.2264 0.2456
vt 0.2504 0.6686
vt 0.2623 0.6582
vt 0.2749 0.6683
vt 0.2627 0.6788
vt 0.2867 0.6792
vt 0.2736 0.6898
vt 0.2321 0.3832
vt 0.2311 0.3977
vt 0.2285 0.2719
vt 0.2176 0.2540
vt 0.2366 0.6804
vt 0.2475 0.6920
vt 0.2574 0.7030
vt 0.3605 0.2646
vt 0.3588 0.2708
vt 0.3404 0.2667
vt 0.3426 0.2593
vt 0.2968 0.3104
vt 0.4305 0.4261
vt 0.4350 0.4220
vt 0.4285 0.4160
vt 0.4249 0.4201
vt 0.3129 0.2741
vt 0.3317 0.3952
vt 0.3145 0.3886
vt 0.2974 0.3813
vt 0.2792 0.3739
vt 0.2496 0.3662
vt 0.2636 0.3690
vt 0.2337 0.3645
vt 0.3255 0.7056
vt 0.3387 0.6941
vt 0.4225 0.2730
vt 0.4220 0.2785
vt 0.4089 0.2779
vt 0.4095 0.2725
vt 0.4846 0.2805
vt 0.4844 0.2752
vt 0.4867 0.2746
vt 0.4870 0.2799
vt 0.2066 0.2653
vt 0.2133 0.2814
vt 0.1965 0.2880
vt 0.1931 0.2717
vt 0.2068 0.7028
vt 0.2214 0.6925
vt 0.2309 0.7039
vt 0.2152 0.7136
vt 0.2395 0.7143
vt 0.2229 0.7234
vt 0.1984 0.3650
vt 0.2158 0.3641
vt 0.2149 0.3822
vt 0.1985 0.3821
vt 0.3528 0.7629
vt 0.3499 0.7544
vt 0.3668 0.7456
vt 0.3698 0.7539
vt 0.2143 0.3961
vt 0.1989 0.3950
vt 0.2020 0.7206
vt 0.2089 0.7297
vt 0.1842 0.3664
vt 0.1853 0.3824
vt 0.1862 0.3952
vt 0.1818 0.2913
vt 0.1806 0.2754
vt 0.1947 0.7112
vt 0.3989 0.7447
vt 0.3847 0.7478
vt 0.3721 0.7620
vt 0.3698 0.7539
vt 0.3576 0.7792
vt 0.3555 0.7710
vt 0.3721 0.7620
vt 0.3741 0.7703
vt 0.3327 0.7752
vt 0.3354 0.7826
vt 0.3151 0.7931
vt 0.3117 0.7857
vt 0.3686 0.4160
vt 0.3617 0.4274
vt 0.3539 0.5947
vt 0.3612 0.6063
vt 0.4358 0.0537
vt 0.4372 0.0219
vt 0.4443 0.0245
vt 0.4429 0.0574
vt 0.1895 0.7267
vt 0.1955 0.7355
vt 0.1726 0.3676
vt 0.1741 0.3828
vt 0.3188 0.2554
vt 0.3218 0.2471
vt 0.3576 0.7792
vt 0.3595 0.7876
vt 0.3409 0.7969
vt 0.3382 0.7899
vt 0.1750 0.3936
vt 0.1678 0.2760
vt 0.1690 0.2922
vt 0.1826 0.7166
vt 0.3354 0.7826
vt 0.3437 0.7324
vt 0.3471 0.7445
vt 0.3263 0.7565
vt 0.3246 0.7451
vt 0.3263 0.7565
vt 0.3295 0.7668
vt 0.3079 0.7776
vt 0.3045 0.7688
vt 0.0242 0.8078
vt 0.0323 0.8036
vt 0.0373 0.8121
vt 0.0287 0.8162
vt 0.0462 0.7962
vt 0.0574 0.7927
vt 0.0632 0.8017
vt 0.0518 0.8062
vt 0.0692 0.7886
vt 0.0811 0.7839
vt 0.0873 0.7953
vt 0.0751 0.7991
vt 0.1086 0.7868
vt 0.1019 0.7754
vt 0.1402 0.3819
vt 0.1521 0.3825
vt 0.1509 0.3937
vt 0.1387 0.3928
vt 0.1312 0.2839
vt 0.1421 0.2801
vt 0.1456 0.2960
vt 0.1362 0.2993
vt 0.1448 0.7351
vt 0.1579 0.7298
vt 0.1620 0.7397
vt 0.1491 0.7458
vt 0.1667 0.7486
vt 0.1537 0.7543
vt 0.1421 0.3687
vt 0.1530 0.3686
vt 0.1216 0.7679
vt 0.1287 0.7784
vt 0.2182 0.7736
vt 0.2109 0.7569
vt 0.2246 0.7522
vt 0.2324 0.7688
vt 0.1392 0.7605
vt 0.1459 0.7709
vt 0.1195 0.2896
vt 0.1225 0.3022
vt 0.1297 0.7421
vt 0.1346 0.7526
vt 0.1392 0.7605
vt 0.1280 0.3697
vt 0.1257 0.3820
vt 0.1596 0.7630
vt 0.2167 0.7400
vt 0.2027 0.7452
vt 0.1724 0.7564
vt 0.1243 0.3923
vt 0.1164 0.7589
vt 0.1106 0.3702
vt 0.1088 0.3815
vt 0.2395 0.7468
vt 0.2466 0.7624
vt 0.1545 0.2772
vt 0.1564 0.2923
vt 0.1076 0.3912
vt 0.1042 0.2957
vt 0.1073 0.3079
vt 0.1123 0.7506
vt 0.0912 0.3698
vt 0.0899 0.3803
vt 0.2314 0.7343
vt 0.0895 0.3886
vt 0.0870 0.3024
vt 0.0900 0.3140
vt 0.0925 0.7586
vt 0.0971 0.7678
vt 0.2568 0.7396
vt 0.2634 0.7564
vt 0.0705 0.3793
vt 0.0704 0.3877
vt 0.0687 0.3087
vt 0.0715 0.3195
vt 0.0721 0.7678
vt 0.0766 0.7753
vt 0.0713 0.3694
vt 0.0597 0.3791
vt 0.0598 0.3876
vt 0.0578 0.3116
vt 0.0604 0.3221
vt 0.0609 0.7737
vt 0.0648 0.7808
vt 0.0603 0.3687
vt 0.2485 0.7263
vt 0.2920 0.7246
vt 0.2935 0.7446
vt 0.2800 0.7477
vt 0.2767 0.7316
vt 0.0389 0.3771
vt 0.0497 0.3790
vt 0.0492 0.3880
vt 0.0388 0.3848
vt 0.0376 0.3178
vt 0.0471 0.3147
vt 0.0496 0.3244
vt 0.0400 0.3279
vt 0.0371 0.7820
vt 0.0493 0.7784
vt 0.0528 0.7851
vt 0.0412 0.7888
vt 0.0394 0.3690
vt 0.0501 0.3691
vt 0.2676 0.7160
vt 0.2836 0.7047
vt 0.2676 0.7160
vt 0.3017 0.7204
vt 0.2999 0.7440
vt 0.0196 0.3223
vt 0.0276 0.3214
vt 0.0287 0.3310
vt 0.0204 0.3319
vt 0.0165 0.7935
vt 0.0231 0.7899
vt 0.0271 0.7962
vt 0.0200 0.8003
vt 0.0179 0.3697
vt 0.0253 0.3699
vt 0.0249 0.3767
vt 0.0182 0.3770
vt 0.2962 0.6940
vt 0.0254 0.3824
vt 0.0191 0.3829
vt 0.0057 0.3481
vt 0.0056 0.3597
vt 0.0001 0.3598
vt 0.0001 0.3482
vt 0.0067 0.3404
vt 0.0009 0.3406
vt 0.0402 0.3590
vt 0.0407 0.3464
vt 0.0508 0.3448
vt 0.0507 0.3573
vt 0.0621 0.3434
vt 0.0610 0.3570
vt 0.0403 0.3363
vt 0.0407 0.3464
vt 0.0279 0.3476
vt 0.0285 0.3395
vt 0.0616 0.3322
vt 0.0507 0.3342
vt 0.0736 0.3428
vt 0.0731 0.3306
vt 0.0920 0.3270
vt 0.0929 0.3407
vt 0.0928 0.3561
vt 0.0725 0.3568
vt 0.1100 0.3226
vt 0.1117 0.3380
vt 0.1262 0.3182
vt 0.1288 0.3358
vt 0.1389 0.3147
vt 0.1416 0.3337
vt 0.1468 0.3126
vt 0.1497 0.3322
vt 0.1957 0.7621
vt 0.2033 0.7781
vt 0.1893 0.7834
vt 0.1815 0.7689
vt 0.1120 0.3550
vt 0.1880 0.7519
vt 0.1724 0.7564
vt 0.1295 0.3538
vt 0.1425 0.3525
vt 0.1514 0.3513
vt 0.1807 0.7421
vt 0.1754 0.7333
vt 0.1824 0.3085
vt 0.1826 0.3260
vt 0.1689 0.3297
vt 0.1687 0.3096
vt 0.3672 0.6811
vt 0.3715 0.6962
vt 0.3550 0.7002
vt 0.3519 0.6855
vt 0.3856 0.6790
vt 0.3889 0.6949
vt 0.3603 0.8862
vt 0.3624 0.9106
vt 0.3446 0.9068
vt 0.3433 0.8861
vt 0.3608 0.7966
vt 0.3617 0.8065
vt 0.3463 0.8128
vt 0.3439 0.8043
vt 0.3628 0.8178
vt 0.3620 0.8305
vt 0.3483 0.8337
vt 0.3479 0.8226
vt 0.3499 0.7544
vt 0.3528 0.7629
vt 0.3049 0.7412
vt 0.1987 0.3061
vt 0.1992 0.3230
vt 0.2172 0.3015
vt 0.2178 0.3205
vt 0.2503 0.2901
vt 0.2533 0.3158
vt 0.2364 0.3173
vt 0.2342 0.2947
vt 0.2679 0.2917
vt 0.2713 0.3182
vt 0.1837 0.3484
vt 0.1709 0.3504
vt 0.2920 0.3309
vt 0.2968 0.3104
vt 0.1992 0.3460
vt 0.3137 0.3439
vt 0.2174 0.3424
vt 0.2524 0.3416
vt 0.2354 0.3416
vt 0.3319 0.3575
vt 0.2679 0.3444
vt 0.3473 0.3680
vt 0.2863 0.3512
vt 0.3058 0.3632
vt 0.3223 0.3739
vt 0.3901 0.7830
vt 0.3898 0.7960
vt 0.3764 0.8007
vt 0.3759 0.7892
vt 0.3275 0.8194
vt 0.4032 0.7796
vt 0.4031 0.7929
vt 0.3889 0.8109
vt 0.3756 0.8139
vt 0.3291 0.8282
vt 0.4022 0.8093
vt 0.3878 0.8266
vt 0.3748 0.8281
vt 0.3292 0.8386
vt 0.4015 0.8257
vt 0.3399 0.1681
vt 0.3616 0.1770
vt 0.3587 0.1945
vt 0.3363 0.1817
vt 0.3733 0.2224
vt 0.3758 0.2038
vt 0.3912 0.2098
vt 0.3879 0.2280
vt 0.3799 0.1859
vt 0.3955 0.1913
vt 0.3581 0.2140
vt 0.3334 0.1963
vt 0.4044 0.2130
vt 0.4080 0.1937
vt 0.4194 0.1933
vt 0.4170 0.2133
vt 0.4717 0.2879
vt 0.4620 0.2874
vt 0.4616 0.2788
vt 0.4715 0.2802
vt 0.3571 0.2323
vt 0.3513 0.2388
vt 0.3298 0.2228
vt 0.3325 0.2114
vt 0.4014 0.2312
vt 0.4141 0.2321
vt 0.3634 0.3738
vt 0.4010 0.8431
vt 0.4012 0.8636
vt 0.3869 0.8623
vt 0.3870 0.8425
vt 0.3735 0.8631
vt 0.3739 0.8439
vt 0.3608 0.8456
vt 0.3598 0.8641
vt 0.3442 0.8653
vt 0.3467 0.8472
vt 0.3247 0.8676
vt 0.3277 0.8511
vt 0.3443 0.1530
vt 0.3472 0.1370
vt 0.3666 0.1425
vt 0.3646 0.1605
vt 0.3831 0.1464
vt 0.3824 0.1669
vt 0.3980 0.1482
vt 0.3970 0.1699
vt 0.4111 0.1489
vt 0.4101 0.1712
vt 0.4236 0.1491
vt 0.4220 0.1714
vt 0.3675 0.1238
vt 0.3689 0.1031
vt 0.3859 0.1020
vt 0.3841 0.1251
vt 0.4130 0.1246
vt 0.4148 0.0960
vt 0.4263 0.0932
vt 0.4248 0.1240
vt 0.4013 0.0992
vt 0.3995 0.1250
vt 0.3484 0.1204
vt 0.3491 0.1006
vt 0.4025 0.8882
vt 0.4050 0.9157
vt 0.3914 0.9167
vt 0.3885 0.8875
vt 0.3780 0.9147
vt 0.3748 0.8869
vt 0.3236 0.9052
vt 0.3229 0.8863
vt 0.4743 0.0231
vt 0.4690 0.0221
vt 0.4695 0.0021
vt 0.4748 0.0044
vt 0.4326 0.9409
vt 0.4439 0.9402
vt 0.4445 0.9702
vt 0.4348 0.9705
vt 0.4085 0.9436
vt 0.4207 0.9423
vt 0.4240 0.9706
vt 0.4123 0.9704
vt 0.4006 0.9706
vt 0.3958 0.9448
vt 0.3886 0.9679
vt 0.3828 0.9424
vt 0.3672 0.9373
vt 0.3732 0.9637
vt 0.3537 0.9555
vt 0.3491 0.9302
vt 0.3291 0.9486
vt 0.3265 0.9258
vt 0.4301 0.0055
vt 0.4294 0.0240
vt 0.4180 0.0292
vt 0.4182 0.0116
vt 0.4051 0.0376
vt 0.4049 0.0209
vt 0.3911 0.0462
vt 0.3903 0.0293
vt 0.3741 0.0517
vt 0.3723 0.0305
vt 0.3469 0.0317
vt 0.3490 0.0533
vt 0.4307 0.9120
vt 0.4434 0.9111
vt 0.4050 0.9157
vt 0.4179 0.9140
vt 0.3073 0.6862
vt 0.3192 0.6772
vt 0.3624 0.9106
vt 0.0202 0.3398
vt 0.0285 0.3395
vt 0.0403 0.3363
vt 0.0507 0.3342
vt 0.0616 0.3322
vt 0.0731 0.3306
vt 0.3323 0.6723
vt 0.4314 0.1486
vt 0.4307 0.1708
vt 0.3553 0.9765
vt 0.3295 0.9690
vt 0.1566 0.3107
vt 0.1687 0.3096
vt 0.1690 0.2922
vt 0.2342 0.2947
vt 0.2569 0.2636
vt 0.2825 0.2809
vt 0.2666 0.2561
vt 0.2900 0.2697
vt 0.2734 0.2460
vt 0.2921 0.2582
vt 0.2769 0.2359
vt 0.2953 0.2477
vt 0.2798 0.2266
vt 0.2976 0.2383
vt 0.3002 0.2296
vt 0.2823 0.2180
vt 0.2838 0.2100
vt 0.3027 0.2218
vt 0.2858 0.2029
vt 0.3047 0.2139
vt 0.3071 0.2056
vt 0.2870 0.1955
vt 0.2883 0.1873
vt 0.3096 0.1962
vt 0.2902 0.1784
vt 0.3122 0.1852
vt 0.2930 0.1689
vt 0.3154 0.1740
vt 0.2964 0.1584
vt 0.3192 0.1626
vt 0.3240 0.1485
vt 0.3011 0.1458
vt 0.3047 0.1293
vt 0.3274 0.1322
vt 0.3045 0.1115
vt 0.3269 0.1152
vt 0.3019 0.0935
vt 0.3253 0.0965
vt 0.2965 0.0742
vt 0.3230 0.0751
vt 0.2910 0.0541
vt 0.3188 0.0536
vt 0.2872 0.0346
vt 0.3164 0.0324
vt 0.3504 0.0774
vt 0.3728 0.0779
vt 0.4160 0.8869
vt 0.4053 0.6501
vt 0.4038 0.6638
vt 0.3796 0.6560
vt 0.3864 0.6408
vt 0.4057 0.6806
vt 0.4073 0.6948
vt 0.3917 0.7078
vt 0.4086 0.7072
vt 0.4098 0.7186
vt 0.3386 0.3832
vt 0.3540 0.3907
vt 0.4836 0.2655
vt 0.4831 0.2591
vt 0.4856 0.2592
vt 0.4861 0.2652
vt 0.3990 0.2454
vt 0.3849 0.2421
vt 0.3785 0.3811
vt 0.3667 0.3968
vt 0.3765 0.4041
vt 0.3879 0.3911
vt 0.4108 0.7275
vt 0.3954 0.7286
vt 0.4121 0.7361
vt 0.3449 0.6652
vt 0.3602 0.6615
vt 0.4021 0.3795
vt 0.3159 0.2645
vt 0.3375 0.2750
vt 0.3566 0.2785
vt 0.3990 0.2454
vt 0.4119 0.2485
vt 0.4098 0.2501
vt 0.3985 0.2481
vt 0.3550 0.4379
vt 0.4131 0.7438
vt 0.4142 0.7517
vt 0.4213 0.2862
vt 0.4084 0.2850
vt 0.3716 0.6227
vt 0.4151 0.7596
vt 0.4234 0.2569
vt 0.4231 0.2635
vt 0.4109 0.2629
vt 0.4119 0.2566
vt 0.3671 0.2471
vt 0.3648 0.2534
vt 0.3479 0.2461
vt 0.3513 0.2388
vt 0.3896 0.7727
vt 0.3753 0.7792
vt 0.3271 0.2316
vt 0.3753 0.7792
vt 0.2499 0.2330
vt 0.2557 0.2260
vt 0.4028 0.7692
vt 0.4028 0.7692
vt 0.4158 0.7683
vt 0.3179 0.7990
vt 0.4841 0.2704
vt 0.4865 0.2698
vt 0.5304 0.2592
vt 0.5322 0.2649
vt 0.5298 0.2655
vt 0.5280 0.2599
vt 0.4119 0.2566
vt 0.4093 0.2565
vt 0.2421 0.2376
vt 0.3710 0.2396
vt 0.3849 0.2421
vt 0.3851 0.2447
vt 0.3728 0.2419
vt 0.4159 0.7785
vt 0.4253 0.2308
vt 0.4245 0.2474
vt 0.3571 0.2323
vt 0.4159 0.7915
vt 0.4343 0.0920
vt 0.4327 0.1234
vt 0.3450 0.2527
vt 0.3245 0.2393
vt 0.3049 0.7412
vt 0.3120 0.7148
vt 0.2318 0.2355
vt 0.4154 0.8079
vt 0.4149 0.8245
vt 0.3625 0.2589
vt 0.3671 0.2471
vt 0.3693 0.2479
vt 0.3885 0.2895
vt 0.4026 0.2905
vt 0.5338 0.2707
vt 0.5314 0.2712
vt 0.3566 0.2785
vt 0.3588 0.2708
vt 0.3613 0.2713
vt 0.3609 0.2786
vt 0.4047 0.2832
vt 0.5372 0.2960
vt 0.5206 0.2981
vt 0.5193 0.2928
vt 0.5325 0.2925
vt 0.4227 0.2683
vt 0.4101 0.2678
vt 0.4837 0.2510
vt 0.4856 0.2527
vt 0.4968 0.2488
vt 0.5110 0.2465
vt 0.5107 0.2491
vt 0.4971 0.2515
vt 0.3603 0.2864
vt 0.3734 0.2877
vt 0.3796 0.6560
vt 0.4235 0.6523
vt 0.4391 0.6519
vt 0.4394 0.6654
vt 0.4234 0.6659
vt 0.4236 0.6797
vt 0.4396 0.6793
vt 0.4398 0.6930
vt 0.4238 0.6934
vt 0.4240 0.7064
vt 0.4238 0.6934
vt 0.4240 0.7064
vt 0.4401 0.7062
vt 0.4403 0.7178
vt 0.4248 0.7178
vt 0.4404 0.7275
vt 0.4256 0.7276
vt 0.4263 0.7362
vt 0.4256 0.7276
vt 0.4267 0.7446
vt 0.4407 0.7448
vt 0.4408 0.7526
vt 0.4271 0.7525
vt 0.4277 0.7602
vt 0.4271 0.7525
vt 0.4277 0.7602
vt 0.4410 0.7602
vt 0.4411 0.7684
vt 0.4280 0.7685
vt 0.4281 0.7785
vt 0.4280 0.7685
vt 0.4281 0.7785
vt 0.4412 0.7784
vt 0.4414 0.7908
vt 0.4281 0.7910
vt 0.4416 0.8067
vt 0.4284 0.8071
vt 0.4418 0.8230
vt 0.4283 0.8235
vt 0.4283 0.8410
vt 0.4421 0.8405
vt 0.4424 0.8607
vt 0.4286 0.8613
vt 0.4294 0.8852
vt 0.4429 0.8844
vt 0.3896 0.0745
vt 0.4043 0.0677
vt 0.3756 0.9818
vt 0.3915 0.9882
vt 0.4040 0.9938
vt 0.4157 0.9957
vt 0.4170 0.0602
vt 0.4280 0.0552
vt 0.4147 0.8421
vt 0.4149 0.8627
vt 0.4286 0.8613
vt 0.4294 0.8852
vt 0.4324 0.2721
vt 0.4319 0.2778
vt 0.4275 0.9982
vt 0.4348 0.9705
vt 0.4377 0.9999
vt 0.4151 0.3372
vt 0.4127 0.3589
vt 0.4671 0.4430
vt 0.4575 0.4330
vt 0.4473 0.4440
vt 0.4572 0.4552
vt 0.4309 0.2863
vt 0.4290 0.2997
vt 0.4268 0.2114
vt 0.4139 0.3767
vt 0.4287 0.1909
vt 0.4381 0.0014
vt 0.4333 0.2588
vt 0.4331 0.2639
vt 0.4714 0.2130
vt 0.4647 0.2110
vt 0.4652 0.1907
vt 0.4709 0.1924
vt 0.4343 0.0920
vt 0.4396 0.0925
vt 0.4915 0.4649
vt 0.4829 0.4579
vt 0.4750 0.4701
vt 0.4838 0.4778
vt 0.4693 0.5546
vt 0.4692 0.5367
vt 0.4158 0.4012
vt 0.4146 0.3891
vt 0.4204 0.3876
vt 0.4209 0.3981
vt 0.4406 0.7363
vt 0.4713 0.2747
vt 0.4615 0.2731
vt 0.4617 0.2690
vt 0.4715 0.2700
vt 0.4333 0.2305
vt 0.4333 0.2491
vt 0.4450 0.9999
vt 0.3218 0.2471
vt 0.3245 0.2393
vt 0.2663 0.0552
vt 0.2604 0.0368
vt 0.2737 0.0755
vt 0.2806 0.0939
vt 0.2838 0.1113
vt 0.2828 0.1288
vt 0.2783 0.1442
vt 0.2741 0.1557
vt 0.2707 0.1653
vt 0.2682 0.1737
vt 0.2667 0.1815
vt 0.2662 0.1888
vt 0.2656 0.1956
vt 0.2644 0.2019
vt 0.2627 0.2097
vt 0.2601 0.2179
vt 0.1705 0.7239
vt 0.1630 0.3829
vt 0.1630 0.3942
vt 0.1685 0.7756
vt 0.1543 0.7831
vt 0.1366 0.7914
vt 0.1161 0.7993
vt 0.0940 0.8074
vt 0.0751 0.7991
vt 0.0815 0.8115
vt 0.0694 0.8148
vt 0.0632 0.8017
vt 0.0518 0.8062
vt 0.0582 0.8183
vt 0.0446 0.8221
vt 0.0373 0.8121
vt 0.0153 0.8226
vt 0.0201 0.8325
vt 0.0137 0.8339
vt 0.0091 0.8234
vt 0.1626 0.3684
vt 0.1601 0.3499
vt 0.1514 0.3513
vt 0.1761 0.7888
vt 0.1619 0.7966
vt 0.1437 0.8053
vt 0.1229 0.8137
vt 0.1013 0.8222
vt 0.0883 0.8262
vt 0.0815 0.8115
vt 0.0635 0.8322
vt 0.0582 0.8183
vt 0.0694 0.8148
vt 0.0753 0.8300
vt 0.0278 0.8460
vt 0.0216 0.8488
vt 0.2354 0.3416
vt 0.2174 0.3424
vt 0.1580 0.3309
vt 0.0610 0.3570
vt 0.0065 0.3700
vt 0.0015 0.3702
vt 0.4078 0.2671
vt 0.4085 0.2624
vt 0.5367 0.2849
vt 0.5324 0.2847
vt 0.4325 0.2680
vt 0.4240 0.6383
vt 0.4389 0.6384
vt 0.3685 0.6002
vt 0.3777 0.6128
vt 0.4072 0.6354
vt 0.3906 0.6261
vt 0.4245 0.6145
vt 0.4384 0.6151
vt 0.3753 0.5880
vt 0.3845 0.5953
vt 0.4095 0.6110
vt 0.3954 0.6038
vt 0.4243 0.5875
vt 0.4379 0.5881
vt 0.3795 0.5740
vt 0.3890 0.5764
vt 0.4114 0.5839
vt 0.3990 0.5801
vt 0.4237 0.5626
vt 0.4374 0.5624
vt 0.3809 0.5637
vt 0.3904 0.5635
vt 0.4111 0.5629
vt 0.3996 0.5632
vt 0.4383 0.5517
vt 0.4262 0.5535
vt 0.3975 0.5587
vt 0.3860 0.5596
vt 0.4157 0.5557
vt 0.4066 0.5577
vt 0.4146 0.3891
vt 0.4059 0.3927
vt 0.3942 0.4008
vt 0.3832 0.4112
vt 0.4092 0.4057
vt 0.4765 0.4515
vt 0.4678 0.4644
vt 0.4002 0.4129
vt 0.3902 0.4220
vt 0.4060 0.4249
vt 0.3968 0.4342
vt 0.4140 0.4183
vt 0.4193 0.4130
vt 0.4379 0.1234
vt 0.4249 0.4201
vt 0.4201 0.4252
vt 0.4659 0.1716
vt 0.4704 0.1722
vt 0.4115 0.4332
vt 0.4017 0.4425
vt 0.4149 0.4412
vt 0.4252 0.4319
vt 0.4336 0.2099
vt 0.4046 0.4487
vt 0.3670 0.4344
vt 0.3598 0.4433
vt 0.3748 0.4228
vt 0.3742 0.4420
vt 0.3672 0.4495
vt 0.3817 0.4325
vt 0.3814 0.4504
vt 0.3747 0.4565
vt 0.3891 0.4423
vt 0.3862 0.4570
vt 0.3797 0.4624
vt 0.3945 0.4495
vt 0.3796 0.4672
vt 0.3884 0.4610
vt 0.3975 0.4546
vt 0.3744 0.5598
vt 0.3714 0.5639
vt 0.3711 0.5722
vt 0.3676 0.5829
vt 0.3612 0.5912
vt 0.4408 0.4354
vt 0.4456 0.4299
vt 0.5236 0.3105
vt 0.5405 0.3100
vt 0.5584 0.7295
vt 0.5399 0.7178
vt 0.5403 0.7069
vt 0.5585 0.7175
vt 0.5326 0.3529
vt 0.5273 0.3296
vt 0.5447 0.3258
vt 0.5500 0.3459
vt 0.5365 0.6150
vt 0.5278 0.6355
vt 0.5157 0.6289
vt 0.5246 0.6086
vt 0.6106 0.2924
vt 0.6038 0.2807
vt 0.6281 0.2688
vt 0.6374 0.2771
vt 0.6220 0.2582
vt 0.6025 0.2692
vt 0.6001 0.2584
vt 0.6193 0.2480
vt 0.5578 0.1605
vt 0.5370 0.1666
vt 0.5363 0.1484
vt 0.5561 0.1443
vt 0.5398 0.8441
vt 0.5587 0.8473
vt 0.5624 0.8636
vt 0.5432 0.8619
vt 0.4215 0.3757
vt 0.4728 0.3180
vt 0.4724 0.3002
vt 0.4866 0.2981
vt 0.4865 0.3126
vt 0.5040 0.2992
vt 0.5061 0.3114
vt 0.5015 0.7287
vt 0.5177 0.7335
vt 0.5148 0.7431
vt 0.4991 0.7379
vt 0.5428 0.7935
vt 0.5627 0.8010
vt 0.5594 0.8076
vt 0.5401 0.8011
vt 0.7336 0.4031
vt 0.7340 0.4144
vt 0.7219 0.4140
vt 0.7227 0.4027
vt 0.5594 0.6082
vt 0.5509 0.6224
vt 0.5365 0.6150
vt 0.5444 0.5995
vt 0.5576 0.4160
vt 0.5599 0.4293
vt 0.5448 0.4329
vt 0.5413 0.4213
vt 0.5372 0.4092
vt 0.5413 0.4213
vt 0.5296 0.4271
vt 0.5242 0.4148
vt 0.5740 0.4113
vt 0.5754 0.4263
vt 0.4927 0.3631
vt 0.4842 0.3824
vt 0.4726 0.3788
vt 0.4751 0.3611
vt 0.5746 0.6169
vt 0.5650 0.6305
vt 0.5424 0.6408
vt 0.6092 0.4035
vt 0.6098 0.4203
vt 0.5934 0.4237
vt 0.5915 0.4072
vt 0.5790 0.6405
vt 0.5679 0.6557
vt 0.5555 0.6469
vt 0.5650 0.6305
vt 0.5906 0.6292
vt 0.6379 0.3994
vt 0.6377 0.4141
vt 0.6238 0.4169
vt 0.6239 0.4012
vt 0.5046 0.1519
vt 0.5196 0.1512
vt 0.5189 0.1717
vt 0.5041 0.1737
vt 0.5919 0.6517
vt 0.5804 0.6649
vt 0.6043 0.6413
vt 0.6690 0.2611
vt 0.6770 0.2700
vt 0.6650 0.2873
vt 0.6531 0.2817
vt 0.6166 0.6723
vt 0.6061 0.6837
vt 0.5926 0.6736
vt 0.6040 0.6622
vt 0.6286 0.6615
vt 0.6162 0.6516
vt 0.5931 0.2241
vt 0.5945 0.2320
vt 0.5715 0.2480
vt 0.5695 0.2401
vt 0.6873 0.2821
vt 0.7004 0.2894
vt 0.6959 0.3055
vt 0.6796 0.2977
vt 0.6656 0.7054
vt 0.6582 0.7155
vt 0.6412 0.7070
vt 0.6494 0.6962
vt 0.5295 0.7600
vt 0.5121 0.7515
vt 0.5148 0.7431
vt 0.5321 0.7513
vt 0.5150 0.4212
vt 0.5210 0.4331
vt 0.5089 0.3319
vt 0.4896 0.3346
vt 0.4526 0.4269
vt 0.4586 0.4213
vt 0.4553 0.4169
vt 0.4484 0.4225
vt 0.5273 0.3296
vt 0.5236 0.3105
vt 0.5740 0.4113
vt 0.5709 0.3977
vt 0.5885 0.3916
vt 0.5915 0.4072
vt 0.6379 0.3994
vt 0.6373 0.3799
vt 0.6533 0.3793
vt 0.6536 0.3981
vt 0.5533 0.4031
vt 0.5058 0.7068
vt 0.5230 0.7105
vt 0.5207 0.7225
vt 0.5039 0.7183
vt 0.5657 0.3179
vt 0.5695 0.3347
vt 0.5230 0.7105
vt 0.5250 0.6972
vt 0.6648 0.7658
vt 0.6715 0.7487
vt 0.6869 0.7533
vt 0.6799 0.7697
vt 0.5587 0.2924
vt 0.5628 0.3043
vt 0.4969 0.7460
vt 0.5121 0.7515
vt 0.5101 0.7597
vt 0.4951 0.7539
vt 0.4616 0.2788
vt 0.4542 0.2753
vt 0.4543 0.2694
vt 0.4615 0.2731
vt 0.5502 0.7715
vt 0.5716 0.7812
vt 0.5684 0.7887
vt 0.5477 0.7790
vt 0.4812 0.7511
vt 0.4951 0.7539
vt 0.4938 0.7620
vt 0.4803 0.7590
vt 0.5888 0.3060
vt 0.5657 0.3179
vt 0.5628 0.3043
vt 0.5837 0.2945
vt 0.6536 0.4127
vt 0.7127 0.2940
vt 0.7104 0.3098
vt 0.5338 0.2707
vt 0.5520 0.2667
vt 0.5537 0.2743
vt 0.5351 0.2771
vt 0.6072 0.3855
vt 0.4680 0.8072
vt 0.4689 0.8238
vt 0.4554 0.8231
vt 0.4549 0.8067
vt 0.4728 0.6489
vt 0.4705 0.6342
vt 0.4866 0.6243
vt 0.4914 0.6390
vt 0.6170 0.2384
vt 0.6151 0.2297
vt 0.6352 0.2228
vt 0.6373 0.2312
vt 0.7340 0.3310
vt 0.7314 0.3511
vt 0.7206 0.3492
vt 0.7221 0.3289
vt 0.7100 0.4126
vt 0.7117 0.4018
vt 0.7615 0.3061
vt 0.7555 0.3211
vt 0.7461 0.3172
vt 0.7508 0.3015
vt 0.8384 0.7818
vt 0.8332 0.7922
vt 0.8215 0.7882
vt 0.8270 0.7788
vt 0.8613 0.7925
vt 0.8569 0.8015
vt 0.8481 0.7979
vt 0.8529 0.7887
vt 0.8150 0.7752
vt 0.8094 0.7860
vt 0.7970 0.7826
vt 0.8028 0.7709
vt 0.5530 0.7630
vt 0.5750 0.7729
vt 0.7753 0.7749
vt 0.7816 0.7632
vt 0.7446 0.3900
vt 0.7456 0.4033
vt 0.7336 0.4031
vt 0.7337 0.3891
vt 0.6503 0.7614
vt 0.6575 0.7445
vt 0.7615 0.7564
vt 0.7548 0.7672
vt 0.7372 0.7603
vt 0.7436 0.7496
vt 0.7479 0.7415
vt 0.7436 0.7496
vt 0.7288 0.7440
vt 0.7331 0.7353
vt 0.4548 0.7358
vt 0.4547 0.7441
vt 0.5985 0.2489
vt 0.6001 0.2584
vt 0.5783 0.2737
vt 0.5761 0.2645
vt 0.4548 0.6517
vt 0.4537 0.6377
vt 0.4542 0.9706
vt 0.4651 0.9720
vt 0.4623 0.9990
vt 0.4522 0.9986
vt 0.4742 0.3393
vt 0.4221 0.3590
vt 0.6424 0.7396
vt 0.6358 0.7555
vt 0.7770 0.4051
vt 0.7775 0.4149
vt 0.7607 0.4148
vt 0.7600 0.4045
vt 0.7012 0.7328
vt 0.6943 0.7429
vt 0.6793 0.7367
vt 0.6862 0.7267
vt 0.5837 0.2945
vt 0.5807 0.2836
vt 0.6025 0.2692
vt 0.6038 0.2807
vt 0.7876 0.3197
vt 0.7837 0.3317
vt 0.7689 0.3250
vt 0.7728 0.3126
vt 0.7954 0.3946
vt 0.7959 0.4053
vt 0.7770 0.4051
vt 0.7760 0.3937
vt 0.7356 0.3127
vt 0.7386 0.2977
vt 0.5785 0.1575
vt 0.5762 0.1410
vt 0.5989 0.1396
vt 0.6014 0.1563
vt 0.5912 0.2156
vt 0.6120 0.2069
vt 0.6126 0.2144
vt 0.5931 0.2241
vt 0.6709 0.3984
vt 0.6705 0.4123
vt 0.6585 0.6845
vt 0.6494 0.6962
vt 0.6323 0.6850
vt 0.6429 0.6729
vt 0.5571 0.7411
vt 0.5374 0.7290
vt 0.7086 0.3270
vt 0.7071 0.3445
vt 0.8524 0.3468
vt 0.8491 0.3565
vt 0.8400 0.3524
vt 0.8432 0.3429
vt 0.6046 0.7258
vt 0.6248 0.7330
vt 0.6188 0.7501
vt 0.6018 0.7420
vt 0.5890 0.7193
vt 0.5882 0.7394
vt 0.8472 0.4054
vt 0.8467 0.4131
vt 0.8362 0.4156
vt 0.8363 0.4067
vt 0.7015 0.7596
vt 0.6942 0.7745
vt 0.5065 0.0282
vt 0.5204 0.0339
vt 0.5182 0.0533
vt 0.5051 0.0452
vt 0.8485 0.3650
vt 0.8610 0.3694
vt 0.8606 0.3771
vt 0.8472 0.3747
vt 0.8684 0.3991
vt 0.8678 0.4061
vt 0.8612 0.4056
vt 0.8611 0.3989
vt 0.5791 0.7154
vt 0.5818 0.7390
vt 0.6061 0.6837
vt 0.6228 0.6963
vt 0.6131 0.7097
vt 0.5967 0.6990
vt 0.8685 0.7766
vt 0.8653 0.7840
vt 0.8577 0.7806
vt 0.8615 0.7738
vt 0.5384 0.0371
vt 0.5352 0.0586
vt 0.8431 0.7740
vt 0.8313 0.7710
vt 0.8708 0.3521
vt 0.8695 0.3618
vt 0.8606 0.3604
vt 0.8622 0.3512
vt 0.8667 0.4121
vt 0.8604 0.4113
vt 0.8830 0.3717
vt 0.8891 0.3725
vt 0.8892 0.3801
vt 0.8834 0.3795
vt 0.4825 0.0091
vt 0.4938 0.0176
vt 0.4928 0.0352
vt 0.4819 0.0270
vt 0.8264 0.3956
vt 0.8262 0.4060
vt 0.8155 0.4056
vt 0.8153 0.3956
vt 0.8470 0.3873
vt 0.8366 0.3849
vt 0.8373 0.3725
vt 0.8472 0.3747
vt 0.8275 0.3592
vt 0.8382 0.3620
vt 0.8373 0.3725
vt 0.8262 0.3703
vt 0.8874 0.3904
vt 0.8818 0.3899
vt 0.7517 0.3362
vt 0.7641 0.3406
vt 0.7602 0.3581
vt 0.7476 0.3551
vt 0.7434 0.3336
vt 0.7396 0.3530
vt 0.6943 0.7429
vt 0.7101 0.7468
vt 0.7800 0.3462
vt 0.7771 0.3614
vt 0.7976 0.3519
vt 0.7957 0.3655
vt 0.5349 0.9556
vt 0.5154 0.9652
vt 0.5211 0.9377
vt 0.5397 0.9293
vt 0.7702 0.7387
vt 0.7664 0.7471
vt 0.7479 0.7415
vt 0.7524 0.7308
vt 0.7156 0.7387
vt 0.4936 0.6770
vt 0.5120 0.6785
vt 0.5083 0.6938
vt 0.4909 0.6931
vt 0.7453 0.3738
vt 0.7365 0.3719
vt 0.7582 0.3760
vt 0.7199 0.7296
vt 0.7062 0.7237
vt 0.5223 0.8040
vt 0.5380 0.8097
vt 0.5370 0.8195
vt 0.5218 0.8154
vt 0.5271 0.7682
vt 0.5373 0.8306
vt 0.5232 0.8281
vt 0.5228 0.7941
vt 0.5401 0.8011
vt 0.5346 0.7413
vt 0.5558 0.7525
vt 0.7463 0.4144
vt 0.5626 0.9226
vt 0.5599 0.9468
vt 0.5452 0.7864
vt 0.5253 0.7765
vt 0.5449 0.8827
vt 0.5649 0.8822
vt 0.5646 0.9011
vt 0.5442 0.9044
vt 0.6228 0.6963
vt 0.6419 0.3040
vt 0.6577 0.3096
vt 0.6540 0.3320
vt 0.6372 0.3293
vt 0.6924 0.3234
vt 0.6907 0.3403
vt 0.5276 0.6824
vt 0.5411 0.6905
vt 0.6743 0.3175
vt 0.6723 0.3365
vt 0.5005 0.9717
vt 0.5052 0.9441
vt 0.4923 0.9474
vt 0.4885 0.9758
vt 0.6231 0.3817
vt 0.4972 0.8874
vt 0.5119 0.8858
vt 0.5095 0.9143
vt 0.4955 0.9173
vt 0.6712 0.3802
vt 0.7044 0.3667
vt 0.6891 0.3633
vt 0.5976 0.3416
vt 0.5942 0.3208
vt 0.6244 0.3045
vt 0.6190 0.3305
vt 0.5748 0.3532
vt 0.5695 0.3347
vt 0.6984 0.7072
vt 0.6919 0.7176
vt 0.6791 0.7120
vt 0.6861 0.7023
vt 0.6712 0.3585
vt 0.4954 0.2345
vt 0.4936 0.2161
vt 0.5071 0.2139
vt 0.5091 0.2322
vt 0.5201 0.1909
vt 0.5389 0.1833
vt 0.5406 0.2009
vt 0.5229 0.2090
vt 0.4914 0.1967
vt 0.5041 0.1951
vt 0.4912 0.1275
vt 0.5047 0.1289
vt 0.5046 0.1519
vt 0.4914 0.1518
vt 0.4835 0.8422
vt 0.4975 0.8412
vt 0.4982 0.8610
vt 0.4839 0.8630
vt 0.4712 0.1500
vt 0.4789 0.1511
vt 0.4790 0.1734
vt 0.4704 0.1722
vt 0.5200 0.1300
vt 0.5276 0.8839
vt 0.5258 0.9101
vt 0.7434 0.3336
vt 0.7340 0.3310
vt 0.7104 0.3098
vt 0.7231 0.3116
vt 0.4820 0.9165
vt 0.4796 0.9456
vt 0.4673 0.9434
vt 0.4689 0.9145
vt 0.5596 0.9669
vt 0.5337 0.9767
vt 0.4955 0.9173
vt 0.4923 0.9474
vt 0.8191 0.7671
vt 0.8070 0.7622
vt 0.5240 0.2278
vt 0.5398 0.2204
vt 0.5561 0.1277
vt 0.5368 0.1297
vt 0.5367 0.1088
vt 0.5566 0.1078
vt 0.4912 0.1275
vt 0.4795 0.1262
vt 0.4801 0.0964
vt 0.4914 0.1003
vt 0.5083 0.6938
vt 0.4690 0.4031
vt 0.4642 0.3997
vt 0.4653 0.3892
vt 0.4711 0.3911
vt 0.4987 0.6539
vt 0.4748 0.6626
vt 0.5779 0.1241
vt 0.5807 0.1055
vt 0.6043 0.1041
vt 0.6003 0.1219
vt 0.4909 0.1741
vt 0.4723 0.0940
vt 0.4670 0.0936
vt 0.4682 0.0551
vt 0.4735 0.0554
vt 0.5395 0.2388
vt 0.5656 0.2196
vt 0.5674 0.2311
vt 0.5448 0.2456
vt 0.5638 0.1897
vt 0.5657 0.2044
vt 0.5736 0.2560
vt 0.5761 0.2645
vt 0.5428 0.7935
vt 0.5238 0.7850
vt 0.5612 0.1759
vt 0.5559 0.8244
vt 0.5564 0.8348
vt 0.5397 0.3748
vt 0.5232 0.3795
vt 0.5142 0.3569
vt 0.5326 0.3529
vt 0.5571 0.8155
vt 0.4826 0.2345
vt 0.4810 0.2155
vt 0.4794 0.7786
vt 0.4927 0.7816
vt 0.4935 0.7946
vt 0.4799 0.7919
vt 0.4800 0.1955
vt 0.6986 0.4134
vt 0.7005 0.4007
vt 0.7255 0.2955
vt 0.4813 0.8082
vt 0.4947 0.8094
vt 0.4962 0.8252
vt 0.4825 0.8246
vt 0.5073 0.7873
vt 0.5073 0.7989
vt 0.5086 0.8120
vt 0.5098 0.8262
vt 0.5558 0.3654
vt 0.5748 0.3532
vt 0.5814 0.3731
vt 0.5642 0.3825
vt 0.4558 0.6929
vt 0.4561 0.7059
vt 0.4554 0.9412
vt 0.4561 0.9122
vt 0.5902 0.0631
vt 0.5942 0.0421
vt 0.6233 0.0464
vt 0.6181 0.0656
vt 0.5722 0.6814
vt 0.5804 0.6649
vt 0.5926 0.6736
vt 0.5836 0.6888
vt 0.4886 0.7061
vt 0.4716 0.7061
vt 0.4724 0.6936
vt 0.4909 0.6931
vt 0.4873 0.7176
vt 0.4707 0.7176
vt 0.5075 0.7772
vt 0.5238 0.7850
vt 0.5228 0.7941
vt 0.5073 0.7873
vt 0.4826 0.7433
vt 0.4812 0.7511
vt 0.4675 0.7509
vt 0.4683 0.7429
vt 0.4717 0.2879
vt 0.4846 0.2877
vt 0.4837 0.2510
vt 0.5084 0.7682
vt 0.4359 0.1490
vt 0.3649 0.2597
vt 0.3629 0.2653
vt 0.5558 0.3654
vt 0.6411 0.2396
vt 0.6464 0.2470
vt 0.5084 0.7682
vt 0.5285 0.2528
vt 0.5448 0.2456
vt 0.5477 0.2531
vt 0.5304 0.2592
vt 0.4794 0.7681
vt 0.4664 0.7676
vt 0.4668 0.7588
vt 0.4803 0.7590
vt 0.5659 0.7948
vt 0.6649 0.2562
vt 0.6420 0.2788
vt 0.6374 0.2771
vt 0.6642 0.2506
vt 0.6539 0.2521
vt 0.5076 0.3856
vt 0.4927 0.3631
vt 0.4666 0.7778
vt 0.4794 0.7786
vt 0.5040 0.2992
vt 0.5042 0.2936
vt 0.5695 0.2401
vt 0.6106 0.2924
vt 0.4928 0.7711
vt 0.5153 0.6035
vt 0.5055 0.6203
vt 0.5502 0.2599
vt 0.4884 0.2861
vt 0.4900 0.2935
vt 0.4680 0.8072
vt 0.4670 0.7908
vt 0.5766 0.7363
vt 0.5686 0.7102
vt 0.4712 0.2491
vt 0.4716 0.2586
vt 0.3671 0.2542
vt 0.4723 0.0940
vt 0.4717 0.1248
vt 0.5251 0.2451
vt 0.4667 0.1501
vt 0.7948 0.3809
vt 0.8149 0.3829
vt 0.4556 0.6792
vt 0.4553 0.6654
vt 0.5179 0.0825
vt 0.5040 0.0749
vt 0.4917 0.0667
vt 0.4811 0.0592
vt 0.4917 0.0667
vt 0.4559 0.8408
vt 0.4563 0.8612
vt 0.4564 0.8851
vt 0.4561 0.9122
vt 0.7582 0.3760
vt 0.7757 0.3785
vt 0.7760 0.3937
vt 0.7587 0.3920
vt 0.5184 0.6587
vt 0.4987 0.6539
vt 0.5560 0.2827
vt 0.5367 0.2849
vt 0.6791 0.7120
vt 0.6725 0.7213
vt 0.5326 0.2774
vt 0.4767 0.9734
vt 0.4885 0.9758
vt 0.4858 0.9978
vt 0.4741 0.9990
vt 0.5046 0.1043
vt 0.6533 0.3564
vt 0.6363 0.3552
vt 0.7948 0.3809
vt 0.7757 0.3785
vt 0.8148 0.3689
vt 0.8162 0.3568
vt 0.6862 0.7267
vt 0.4707 0.7176
vt 0.4701 0.7265
vt 0.4553 0.7271
vt 0.4558 0.7173
vt 0.4735 0.6794
vt 0.5251 0.2451
vt 0.5232 0.2472
vt 0.7907 0.7950
vt 0.7682 0.7878
vt 0.4545 0.7521
vt 0.8472 0.3972
vt 0.8365 0.3967
vt 0.6501 0.7267
vt 0.6326 0.7193
vt 0.8222 0.3352
vt 0.8186 0.3458
vt 0.8005 0.3390
vt 0.8043 0.3277
vt 0.6501 0.7267
vt 0.6650 0.7319
vt 0.7371 0.7244
vt 0.7199 0.7296
vt 0.7237 0.7196
vt 0.5547 0.7015
vt 0.4066 0.2771
vt 0.6113 0.1987
vt 0.5894 0.2060
vt 0.5876 0.1949
vt 0.6100 0.1896
vt 0.4542 0.7598
vt 0.5902 0.0631
vt 0.5845 0.0842
vt 0.5567 0.0846
vt 0.5601 0.0607
vt 0.5637 0.0392
vt 0.5345 0.0839
vt 0.5567 0.0846
vt 0.5473 0.3906
vt 0.5803 0.7551
vt 0.5781 0.7640
vt 0.4716 0.2324
vt 0.4701 0.8624
vt 0.4697 0.8416
vt 0.4833 0.8882
vt 0.4699 0.8869
vt 0.4544 0.7782
vt 0.4547 0.7906
vt 0.7027 0.3847
vt 0.7005 0.4007
vt 0.6873 0.3994
vt 0.6886 0.3823
vt 0.6873 0.3994
vt 0.6860 0.4123
vt 0.4982 0.8610
vt 0.5124 0.8611
vt 0.5272 0.8614
vt 0.5252 0.8431
vt 0.6736 0.6943
vt 0.6017 0.3624
vt 0.6206 0.3569
vt 0.6303 0.1779
vt 0.6323 0.1865
vt 0.6100 0.1896
vt 0.6079 0.1800
vt 0.5965 0.2401
vt 0.5945 0.2320
vt 0.6142 0.2216
vt 0.6151 0.2297
vt 0.5985 0.2489
vt 0.4743 0.0231
vt 0.4735 0.0554
vt 0.6793 0.7367
vt 0.7232 0.7529
vt 0.7288 0.7440
vt 0.4690 0.7351
vt 0.7232 0.7529
vt 0.7372 0.7603
vt 0.7293 0.7729
vt 0.7147 0.7659
vt 0.4630 0.3009
vt 0.7587 0.3920
vt 0.7600 0.4045
vt 0.7221 0.7868
vt 0.7076 0.7795
vt 0.6332 0.2017
vt 0.6334 0.2085
vt 0.5736 0.2560
vt 0.5852 0.1835
vt 0.6111 0.0852
vt 0.6341 0.2149
vt 0.4553 0.7271
vt 0.4072 0.2718
vt 0.6333 0.1944
vt 0.7279 0.3699
vt 0.7365 0.3719
vt 0.7337 0.3891
vt 0.7242 0.3883
vt 0.5822 0.1719
vt 0.4714 0.2652
vt 0.4615 0.2649
vt 0.4616 0.2598
vt 0.4716 0.2586
vt 0.4713 0.2747
vt 0.4715 0.2802
vt 0.4622 0.2501
vt 0.4636 0.2316
vt 0.6331 0.0875
vt 0.6248 0.1061
vt 0.8468 0.7670
vt 0.8345 0.7641
vt 0.8226 0.7599
vt 0.8112 0.7544
vt 0.7861 0.7554
vt 0.7903 0.7459
vt 0.7473 0.7805
vt 0.6202 0.1232
vt 0.6199 0.1408
vt 0.6236 0.1564
vt 0.7408 0.7948
vt 0.6274 0.1681
vt 0.6052 0.1692
vt 0.8264 0.3840
vt 0.5808 0.7461
vt 0.4699 0.8869
vt 0.5112 0.8420
vt 0.7840 0.8102
vt 0.7620 0.8024
vt 0.6533 0.3564
vt 0.6712 0.3585
vt 0.5338 0.6618
vt 0.5467 0.6684
vt 0.5184 0.6587
vt 0.4989 0.6106
vt 0.4915 0.5933
vt 0.5005 0.5857
vt 0.5078 0.5976
vt 0.5080 0.4088
vt 0.5182 0.4022
vt 0.5313 0.3970
vt 0.5473 0.3906
vt 0.5352 0.0586
vt 0.5179 0.0825
vt 0.5196 0.1076
vt 0.4542 0.7681
vt 0.4668 0.7588
vt 0.5136 0.9843
vt 0.4981 0.9936
vt 0.4714 0.2652
vt 0.4715 0.2700
vt 0.7314 0.3511
vt 0.8264 0.3840
vt 0.7108 0.7140
vt 0.4664 0.1245
vt 0.8094 0.7860
vt 0.8215 0.7882
vt 0.8158 0.8016
vt 0.8034 0.7987
vt 0.8332 0.7922
vt 0.8481 0.7979
vt 0.8409 0.8081
vt 0.8272 0.8048
vt 0.4454 0.0018
vt 0.4553 0.4169
vt 0.4515 0.4127
vt 0.4514 0.4026
vt 0.4602 0.4100
vt 0.4664 0.1245
vt 0.4598 0.1227
vt 0.4603 0.0924
vt 0.4670 0.0936
vt 0.5007 0.5567
vt 0.5017 0.5406
vt 0.4654 0.3406
vt 0.4642 0.3199
vt 0.4526 0.4269
vt 0.4416 0.4353
vt 0.4352 0.1705
vt 0.8665 0.8178
vt 0.8730 0.8205
vt 0.8655 0.8343
vt 0.8594 0.8311
vt 0.5599 0.6728
vt 0.4671 0.6099
vt 0.4810 0.6022
vt 0.4345 0.1896
vt 0.7171 0.3697
vt 0.7142 0.3868
vt 0.5221 0.5916
vt 0.5321 0.5942
vt 0.4975 0.3950
vt 0.5338 0.4378
vt 0.5270 0.4440
vt 0.5263 0.2535
vt 0.4563 0.8612
vt 0.5276 0.8839
vt 0.6508 0.0495
vt 0.6432 0.0668
vt 0.4838 0.7357
vt 0.4991 0.7379
vt 0.4969 0.7460
vt 0.4826 0.7433
vt 0.8328 0.3389
vt 0.8294 0.3492
vt 0.5258 0.9101
vt 0.5442 0.9044
vt 0.8695 0.3702
vt 0.8610 0.3694
vt 0.8275 0.3592
vt 0.8162 0.3568
vt 0.7837 0.3317
vt 0.8005 0.3390
vt 0.8256 0.4145
vt 0.8150 0.4139
vt 0.8485 0.3650
vt 0.8382 0.3620
vt 0.8223 0.8189
vt 0.8103 0.8171
vt 0.8158 0.8016
vt 0.8272 0.8048
vt 0.7971 0.8137
vt 0.8034 0.7987
vt 0.4855 0.7271
vt 0.6577 0.3096
vt 0.6248 0.7330
vt 0.4523 0.6140
vt 0.4989 0.6106
vt 0.4607 0.5530
vt 0.4604 0.5348
vt 0.7958 0.4136
vt 0.4642 0.5830
vt 0.4765 0.5786
vt 0.4863 0.5745
vt 0.4957 0.5718
vt 0.4514 0.5870
vt 0.4636 0.5621
vt 0.4750 0.5616
vt 0.4844 0.5615
vt 0.4941 0.5614
vt 0.4511 0.5624
vt 0.4607 0.5530
vt 0.4505 0.5519
vt 0.4795 0.3953
vt 0.4752 0.4081
vt 0.5080 0.4088
vt 0.5008 0.4154
vt 0.4905 0.4042
vt 0.4975 0.3950
vt 0.4930 0.4256
vt 0.4838 0.4158
vt 0.4696 0.4202
vt 0.4647 0.4146
vt 0.4856 0.4372
vt 0.4771 0.4274
vt 0.4710 0.4353
vt 0.4630 0.4267
vt 0.4586 0.4213
vt 0.4801 0.4453
vt 0.5218 0.4490
vt 0.5152 0.4396
vt 0.5084 0.4275
vt 0.4238 0.3391
vt 0.5140 0.4547
vt 0.5060 0.4611
vt 0.4998 0.4545
vt 0.5076 0.4467
vt 0.4548 0.2616
vt 0.4549 0.2566
vt 0.5007 0.4367
vt 0.4927 0.4459
vt 0.4945 0.4608
vt 0.4868 0.4527
vt 0.5006 0.4667
vt 0.5147 0.5883
vt 0.5041 0.5697
vt 0.5080 0.5803
vt 0.4373 0.4295
vt 0.5001 0.4718
vt 0.5035 0.5614
vt 0.8709 0.8071
vt 0.8769 0.8095
vt 0.4932 0.4852
vt 0.4855 0.7271
vt 0.4345 0.4433
vt 0.4249 0.5323
vt 0.4147 0.5368
vt 0.4651 0.3772
vt 0.4120 0.4623
vt 0.4235 0.4542
vt 0.4061 0.5394
vt 0.3855 0.5413
vt 0.3730 0.5438
vt 0.3951 0.4744
vt 0.4044 0.4673
vt 0.4241 0.4087
vt 0.3853 0.4810
vt 0.3973 0.5406
vt 0.4264 0.3185
vt 0.4447 0.4184
vt 0.4557 0.3361
vt 0.4554 0.3162
vt 0.4399 0.2689
vt 0.4396 0.2748
vt 0.4334 0.4020
vt 0.4326 0.4120
vt 0.4463 0.0928
vt 0.4447 0.1223
vt 0.4615 0.0554
vt 0.4626 0.0217
vt 0.4373 0.5292
vt 0.4499 0.5312
vt 0.4499 0.5084
vt 0.4365 0.5071
vt 0.4402 0.2561
vt 0.4399 0.2611
vt 0.4476 0.2542
vt 0.4474 0.2607
vt 0.4404 0.2458
vt 0.4580 0.1873
vt 0.4590 0.1685
vt 0.4308 0.3817
vt 0.4313 0.3914
vt 0.4554 0.3825
vt 0.4543 0.3922
vt 0.4428 0.3897
vt 0.4432 0.3808
vt 0.4483 0.4252
vt 0.4390 0.4182
vt 0.4545 0.2654
vt 0.4490 0.0233
vt 0.4478 0.0573
vt 0.4547 0.2979
vt 0.4630 0.3009
vt 0.4400 0.2648
vt 0.4469 0.2752
vt 0.4542 0.2753
vt 0.4543 0.2842
vt 0.4466 0.2840
vt 0.4420 0.1867
vt 0.4412 0.2069
vt 0.4573 0.2075
vt 0.4499 0.0001
vt 0.4486 0.2249
vt 0.4565 0.2280
vt 0.4554 0.2464
vt 0.4480 0.2430
vt 0.4431 0.1469
vt 0.4264 0.3185
vt 0.4290 0.2997
vt 0.4375 0.2973
vt 0.4356 0.3155
vt 0.4657 0.3605
vt 0.4555 0.3548
vt 0.4454 0.3160
vt 0.4461 0.2978
vt 0.4422 0.1679
vt 0.4471 0.2696
vt 0.4327 0.3540
vt 0.4318 0.3700
vt 0.4406 0.2274
vt 0.4388 0.2837
vt 0.4338 0.3353
vt 0.4523 0.1223
vt 0.4598 0.1227
vt 0.4597 0.1475
vt 0.4514 0.1468
vt 0.4373 0.5292
vt 0.4657 0.3605
vt 0.4229 0.5096
vt 0.4558 0.0228
vt 0.4546 0.0575
vt 0.4499 0.5312
vt 0.4493 0.2055
vt 0.4486 0.2249
vt 0.4566 0.0002
vt 0.4558 0.0228
vt 0.4546 0.0575
vt 0.4533 0.0932
vt 0.4466 0.2840
vt 0.4523 0.1223
vt 0.4472 0.2652
vt 0.4436 0.3695
vt 0.4432 0.3808
vt 0.4425 0.3998
vt 0.4633 0.0008
vt 0.4349 0.4247
vt 0.4552 0.3708
vt 0.4467 0.4434
vt 0.4515 0.4362
vt 0.4537 0.4309
vt 0.4791 0.5111
vt 0.4691 0.5102
vt 0.3942 0.5147
vt 0.3818 0.5154
vt 0.4051 0.4943
vt 0.4128 0.4815
vt 0.4723 0.4969
vt 0.4838 0.5069
vt 0.4138 0.5116
vt 0.4038 0.5132
vt 0.4192 0.4744
vt 0.5064 0.5157
vt 0.4915 0.5128
vt 0.3928 0.5034
vt 0.4598 0.4762
vt 0.4655 0.4835
vt 0.4402 0.4528
vt 0.4351 0.4430
vt 0.4405 0.4528
vt 0.4590 0.5095
vt 0.3680 0.5190
vt 0.4298 0.4628
vt 0.4291 0.4299
vt 0.4309 0.4354
vt 0.4441 0.3539
vt 0.8845 0.4000
vt 0.8795 0.3995
vt 0.4500 0.4639
vt 0.4507 0.1664
vt 0.4500 0.1848
vt 0.4500 0.1848
vt 0.4448 0.3357
vt 0.0186 0.3593
vt 0.0179 0.3697
vt 0.0119 0.3699
vt 0.0116 0.3596
vt 0.0348 0.8258
vt 0.0422 0.8394
vt 0.0344 0.8429
vt 0.0268 0.8294
vt 0.0287 0.8162
vt 0.0215 0.8195
vt 0.0067 0.3404
vt 0.0070 0.3326
vt 0.0135 0.3322
vt 0.0134 0.3399
vt 0.0202 0.3398
vt 0.0191 0.3478
vt 0.0120 0.3478
vt 0.0134 0.3399
vt 0.0076 0.3782
vt 0.0127 0.3776
vt 0.0136 0.3836
vt 0.0087 0.3844
vt 0.0065 0.3700
vt 0.0119 0.3699
vt 0.0083 0.8060
vt 0.0139 0.8034
vt 0.0172 0.8111
vt 0.0111 0.8139
vt 0.0052 0.7986
vt 0.0106 0.7963
vt 0.0065 0.3218
vt 0.0126 0.3222
vt 0.0215 0.8195
vt 0.0153 0.8226
vt 0.8690 0.3893
vt 0.8760 0.3896
vt 0.8744 0.3992
vt 0.8684 0.3991
vt 0.8569 0.8015
vt 0.8645 0.8045
vt 0.8595 0.8149
vt 0.8511 0.8115
vt 0.8830 0.3717
vt 0.8765 0.3706
vt 0.8767 0.3625
vt 0.8833 0.3635
vt 0.8528 0.8280
vt 0.8447 0.8247
vt 0.8697 0.3781
vt 0.8771 0.3789
vt 0.8695 0.3702
vt 0.8765 0.3706
vt 0.8781 0.4077
vt 0.8768 0.4142
vt 0.8720 0.4131
vt 0.8732 0.4068
vt 0.8842 0.3525
vt 0.8780 0.3525
vt 0.8777 0.7888
vt 0.8750 0.7974
vt 0.8686 0.7952
vt 0.8719 0.7867
vt 0.8803 0.7806
vt 0.8747 0.7788
vt 0.8795 0.3995
vt 0.8744 0.3992
vt 0.8709 0.8071
vt 0.8645 0.8045
vt 0.0055 0.8164
vt 0.0009 0.3209
vt 0.0012 0.3327
vt 0.0001 0.8005
vt 0.0031 0.8084
vt 0.0030 0.3787
vt 0.0041 0.3853
vt 0.8810 0.7997
vt 0.8827 0.4086
vt 0.8858 0.7823
vt 0.8832 0.7910
vt 0.8900 0.3523
vt 0.8892 0.3643
vt 0.8814 0.4156
vt 0.8604 0.3891
vt 0.8409 0.8081
vt 0.8350 0.8218
vt 0.0279 0.3476
vt 0.0270 0.3599
vt 0.0510 0.8355
vt 0.8924 0.5577
vt 0.8915 0.5570
vt 0.8919 0.5562
vt 0.8930 0.5564
vt 0.8906 0.5565
vt 0.8910 0.5559
vt 0.8920 0.5552
vt 0.8930 0.5551
vt 0.8912 0.5554
vt 0.8915 0.5586
vt 0.8909 0.5578
vt 0.8903 0.5592
vt 0.8900 0.5582
vt 0.8903 0.5570
vt 0.8899 0.5574
vt 0.8895 0.5557
vt 0.8900 0.5560
vt 0.8897 0.5565
vt 0.8892 0.5562
vt 0.8894 0.5571
vt 0.8888 0.5568
vt 0.8899 0.5574
vt 0.8894 0.5571
vt 0.8898 0.5570
vt 0.8898 0.5570
vt 0.8898 0.5553
vt 0.8904 0.5556
vt 0.8903 0.5546
vt 0.8908 0.5550
vt 0.8908 0.5555
vt 0.8909 0.5555
vt 0.8891 0.5554
vt 0.8894 0.5549
vt 0.8884 0.5550
vt 0.8888 0.5545
vt 0.8897 0.5543
vt 0.8893 0.5544
vt 0.8893 0.5545
vt 0.8887 0.5559
vt 0.8883 0.5564
vt 0.8881 0.5555
vt 0.8893 0.5544
vt 0.8866 0.5537
vt 0.8875 0.5544
vt 0.8871 0.5553
vt 0.8861 0.5550
vt 0.8871 0.5562
vt 0.8860 0.5564
vt 0.8878 0.5561
vt 0.8876 0.5528
vt 0.8882 0.5537
vt 0.8889 0.5523
vt 0.8891 0.5533
vt 0.8892 0.5540
vt 0.8876 0.5587
vt 0.8882 0.5577
vt 0.8891 0.5581
vt 0.8889 0.5592
vt 0.8866 0.5577
vt 0.8875 0.5571
vt 0.8915 0.5528
vt 0.8909 0.5538
vt 0.8900 0.5533
vt 0.8902 0.5523
vt 0.8925 0.5538
vt 0.8916 0.5544
vt 0.8898 0.5570
vt 0.8898 0.5570
vt 0.8909 0.5554
vt 0.8909 0.5555
vt 0.8893 0.5544
vt 0.8883 0.5560
vt 0.8883 0.5560
vt 0.8883 0.5560
vt 0.8883 0.5560
vt 0.8924 0.5432
vt 0.8915 0.5426
vt 0.8919 0.5417
vt 0.8930 0.5419
vt 0.8906 0.5420
vt 0.8910 0.5415
vt 0.8920 0.5408
vt 0.8930 0.5406
vt 0.8912 0.5410
vt 0.8915 0.5442
vt 0.8909 0.5433
vt 0.8903 0.5447
vt 0.8900 0.5437
vt 0.8903 0.5425
vt 0.8899 0.5430
vt 0.8895 0.5413
vt 0.8900 0.5416
vt 0.8897 0.5421
vt 0.8892 0.5418
vt 0.8894 0.5427
vt 0.8888 0.5424
vt 0.8899 0.5430
vt 0.8894 0.5427
vt 0.8898 0.5426
vt 0.8898 0.5426
vt 0.8898 0.5408
vt 0.8904 0.5411
vt 0.8903 0.5402
vt 0.8908 0.5406
vt 0.8908 0.5410
vt 0.8909 0.5410
vt 0.8891 0.5410
vt 0.8894 0.5405
vt 0.8884 0.5405
vt 0.8888 0.5400
vt 0.8897 0.5399
vt 0.8893 0.5400
vt 0.8893 0.5400
vt 0.8887 0.5414
vt 0.8883 0.5420
vt 0.8881 0.5411
vt 0.8893 0.5400
vt 0.8866 0.5393
vt 0.8875 0.5399
vt 0.8871 0.5408
vt 0.8861 0.5406
vt 0.8871 0.5418
vt 0.8860 0.5420
vt 0.8878 0.5416
vt 0.8876 0.5383
vt 0.8882 0.5392
vt 0.8889 0.5378
vt 0.8891 0.5388
vt 0.8892 0.5396
vt 0.8876 0.5442
vt 0.8882 0.5433
vt 0.8891 0.5437
vt 0.8889 0.5448
vt 0.8866 0.5432
vt 0.8875 0.5426
vt 0.8915 0.5384
vt 0.8909 0.5393
vt 0.8900 0.5389
vt 0.8902 0.5379
vt 0.8925 0.5394
vt 0.8916 0.5400
vt 0.8898 0.5425
vt 0.8898 0.5426
vt 0.8909 0.5410
vt 0.8909 0.5410
vt 0.8893 0.5400
vt 0.8883 0.5415
vt 0.8883 0.5416
vt 0.8883 0.5415
vt 0.8883 0.5415
vt 0.8924 0.5504
vt 0.8915 0.5498
vt 0.8919 0.5490
vt 0.8930 0.5492
vt 0.8906 0.5492
vt 0.8910 0.5487
vt 0.8920 0.5480
vt 0.8930 0.5478
vt 0.8912 0.5482
vt 0.8915 0.5514
vt 0.8909 0.5505
vt 0.8903 0.5520
vt 0.8900 0.5510
vt 0.8903 0.5497
vt 0.8899 0.5502
vt 0.8895 0.5485
vt 0.8900 0.5488
vt 0.8897 0.5493
vt 0.8892 0.5490
vt 0.8894 0.5499
vt 0.8888 0.5496
vt 0.8899 0.5502
vt 0.8894 0.5499
vt 0.8898 0.5498
vt 0.8898 0.5498
vt 0.8898 0.5480
vt 0.8904 0.5483
vt 0.8903 0.5474
vt 0.8908 0.5478
vt 0.8908 0.5483
vt 0.8909 0.5483
vt 0.8891 0.5482
vt 0.8894 0.5477
vt 0.8884 0.5478
vt 0.8888 0.5473
vt 0.8897 0.5471
vt 0.8893 0.5472
vt 0.8893 0.5472
vt 0.8887 0.5487
vt 0.8883 0.5492
vt 0.8881 0.5483
vt 0.8893 0.5472
vt 0.8866 0.5465
vt 0.8875 0.5472
vt 0.8871 0.5480
vt 0.8861 0.5478
vt 0.8871 0.5490
vt 0.8860 0.5492
vt 0.8878 0.5488
vt 0.8876 0.5455
vt 0.8882 0.5464
vt 0.8889 0.5450
vt 0.8891 0.5460
vt 0.8892 0.5468
vt 0.8876 0.5515
vt 0.8882 0.5505
vt 0.8891 0.5509
vt 0.8889 0.5520
vt 0.8866 0.5505
vt 0.8875 0.5499
vt 0.8915 0.5456
vt 0.8909 0.5465
vt 0.8900 0.5461
vt 0.8902 0.5451
vt 0.8925 0.5466
vt 0.8916 0.5472
vt 0.8898 0.5498
vt 0.8898 0.5498
vt 0.8909 0.5482
vt 0.8909 0.5482
vt 0.8893 0.5472
vt 0.8883 0.5488
vt 0.8883 0.5488
vt 0.8883 0.5488
vt 0.8883 0.5487
vt 0.8924 0.5649
vt 0.8915 0.5643
vt 0.8919 0.5634
vt 0.8930 0.5636
vt 0.8906 0.5637
vt 0.8910 0.5631
vt 0.8920 0.5625
vt 0.8930 0.5623
vt 0.8912 0.5626
vt 0.8915 0.5659
vt 0.8909 0.5650
vt 0.8903 0.5664
vt 0.8900 0.5654
vt 0.8903 0.5642
vt 0.8899 0.5646
vt 0.8895 0.5629
vt 0.8900 0.5633
vt 0.8897 0.5638
vt 0.8892 0.5634
vt 0.8894 0.5644
vt 0.8888 0.5640
vt 0.8899 0.5646
vt 0.8894 0.5644
vt 0.8898 0.5643
vt 0.8898 0.5643
vt 0.8898 0.5625
vt 0.8904 0.5628
vt 0.8903 0.5619
vt 0.8908 0.5622
vt 0.8908 0.5627
vt 0.8909 0.5627
vt 0.8891 0.5626
vt 0.8894 0.5621
vt 0.8884 0.5622
vt 0.8888 0.5617
vt 0.8897 0.5615
vt 0.8893 0.5616
vt 0.8893 0.5617
vt 0.8887 0.5631
vt 0.8883 0.5637
vt 0.8881 0.5628
vt 0.8893 0.5616
vt 0.8866 0.5610
vt 0.8875 0.5616
vt 0.8871 0.5625
vt 0.8861 0.5623
vt 0.8871 0.5634
vt 0.8860 0.5636
vt 0.8878 0.5633
vt 0.8876 0.5600
vt 0.8882 0.5609
vt 0.8889 0.5595
vt 0.8891 0.5605
vt 0.8892 0.5612
vt 0.8876 0.5659
vt 0.8882 0.5650
vt 0.8891 0.5654
vt 0.8889 0.5664
vt 0.8866 0.5649
vt 0.8875 0.5643
vt 0.8915 0.5601
vt 0.8909 0.5610
vt 0.8900 0.5606
vt 0.8902 0.5595
vt 0.8925 0.5611
vt 0.8916 0.5616
vt 0.8898 0.5642
vt 0.8898 0.5642
vt 0.8909 0.5627
vt 0.8909 0.5627
vt 0.8893 0.5616
vt 0.8883 0.5632
vt 0.8883 0.5632
vt 0.8883 0.5632
vt 0.8883 0.5632
vt 0.8924 0.5721
vt 0.8915 0.5715
vt 0.8919 0.5706
vt 0.8930 0.5708
vt 0.8906 0.5709
vt 0.8910 0.5704
vt 0.8920 0.5697
vt 0.8930 0.5695
vt 0.8912 0.5698
vt 0.8915 0.5731
vt 0.8909 0.5722
vt 0.8903 0.5736
vt 0.8900 0.5726
vt 0.8903 0.5714
vt 0.8899 0.5719
vt 0.8895 0.5702
vt 0.8900 0.5705
vt 0.8897 0.5710
vt 0.8892 0.5706
vt 0.8894 0.5716
vt 0.8888 0.5713
vt 0.8899 0.5719
vt 0.8894 0.5716
vt 0.8898 0.5715
vt 0.8898 0.5715
vt 0.8898 0.5697
vt 0.8904 0.5700
vt 0.8903 0.5691
vt 0.8908 0.5695
vt 0.8908 0.5699
vt 0.8909 0.5699
vt 0.8891 0.5699
vt 0.8894 0.5694
vt 0.8884 0.5694
vt 0.8888 0.5689
vt 0.8897 0.5688
vt 0.8893 0.5689
vt 0.8893 0.5689
vt 0.8887 0.5703
vt 0.8883 0.5709
vt 0.8881 0.5700
vt 0.8893 0.5689
vt 0.8866 0.5682
vt 0.8875 0.5688
vt 0.8871 0.5697
vt 0.8861 0.5695
vt 0.8871 0.5707
vt 0.8860 0.5709
vt 0.8878 0.5705
vt 0.8876 0.5672
vt 0.8882 0.5681
vt 0.8889 0.5667
vt 0.8891 0.5677
vt 0.8892 0.5685
vt 0.8876 0.5731
vt 0.8882 0.5722
vt 0.8891 0.5726
vt 0.8889 0.5736
vt 0.8866 0.5721
vt 0.8875 0.5715
vt 0.8915 0.5673
vt 0.8909 0.5682
vt 0.8900 0.5678
vt 0.8902 0.5667
vt 0.8925 0.5683
vt 0.8916 0.5689
vt 0.8898 0.5714
vt 0.8898 0.5715
vt 0.8909 0.5699
vt 0.8909 0.5699
vt 0.8893 0.5689
vt 0.8883 0.5704
vt 0.8883 0.5704
vt 0.8883 0.5704
vt 0.8883 0.5704
vt 0.8924 0.5938
vt 0.8915 0.5932
vt 0.8919 0.5923
vt 0.8930 0.5925
vt 0.8906 0.5926
vt 0.8910 0.5920
vt 0.8920 0.5913
vt 0.8930 0.5912
vt 0.8912 0.5915
vt 0.8915 0.5947
vt 0.8909 0.5939
vt 0.8903 0.5953
vt 0.8901 0.5943
vt 0.8903 0.5931
vt 0.8899 0.5935
vt 0.8895 0.5918
vt 0.8900 0.5921
vt 0.8897 0.5926
vt 0.8892 0.5923
vt 0.8894 0.5932
vt 0.8888 0.5929
vt 0.8899 0.5935
vt 0.8894 0.5932
vt 0.8898 0.5931
vt 0.8898 0.5931
vt 0.8898 0.5914
vt 0.8904 0.5917
vt 0.8903 0.5907
vt 0.8908 0.5911
vt 0.8908 0.5916
vt 0.8909 0.5916
vt 0.8891 0.5915
vt 0.8894 0.5910
vt 0.8884 0.5911
vt 0.8888 0.5906
vt 0.8897 0.5904
vt 0.8893 0.5905
vt 0.8893 0.5906
vt 0.8887 0.5920
vt 0.8883 0.5926
vt 0.8881 0.5917
vt 0.8893 0.5905
vt 0.8866 0.5899
vt 0.8875 0.5905
vt 0.8871 0.5914
vt 0.8861 0.5912
vt 0.8871 0.5923
vt 0.8860 0.5925
vt 0.8878 0.5922
vt 0.8876 0.5889
vt 0.8882 0.5898
vt 0.8889 0.5884
vt 0.8891 0.5894
vt 0.8892 0.5901
vt 0.8876 0.5948
vt 0.8882 0.5939
vt 0.8891 0.5942
vt 0.8889 0.5953
vt 0.8866 0.5938
vt 0.8875 0.5932
vt 0.8915 0.5889
vt 0.8909 0.5899
vt 0.8900 0.5894
vt 0.8902 0.5884
vt 0.8925 0.5899
vt 0.8916 0.5905
vt 0.8898 0.5931
vt 0.8898 0.5931
vt 0.8909 0.5916
vt 0.8909 0.5916
vt 0.8893 0.5905
vt 0.8883 0.5921
vt 0.8883 0.5921
vt 0.8883 0.5921
vt 0.8883 0.5921
vt 0.8929 0.6063
vt 0.8919 0.6060
vt 0.8919 0.6051
vt 0.8930 0.6051
vt 0.8908 0.6057
vt 0.8909 0.6052
vt 0.8916 0.6043
vt 0.8925 0.6039
vt 0.8910 0.6046
vt 0.8924 0.6074
vt 0.8915 0.6068
vt 0.8915 0.6083
vt 0.8909 0.6074
vt 0.8907 0.6063
vt 0.8905 0.6068
vt 0.8895 0.6054
vt 0.8901 0.6055
vt 0.8900 0.6061
vt 0.8894 0.6059
vt 0.8899 0.6067
vt 0.8893 0.6066
vt 0.8905 0.6068
vt 0.8899 0.6067
vt 0.8903 0.6065
vt 0.8903 0.6065
vt 0.8896 0.6050
vt 0.8902 0.6051
vt 0.8898 0.6043
vt 0.8904 0.6045
vt 0.8906 0.6049
vt 0.8907 0.6048
vt 0.8890 0.6054
vt 0.8891 0.6049
vt 0.8882 0.6053
vt 0.8884 0.6047
vt 0.8891 0.6042
vt 0.8888 0.6045
vt 0.8888 0.6045
vt 0.8889 0.6059
vt 0.8887 0.6065
vt 0.8882 0.6058
vt 0.8888 0.6045
vt 0.8860 0.6051
vt 0.8872 0.6052
vt 0.8871 0.6061
vt 0.8861 0.6064
vt 0.8874 0.6069
vt 0.8867 0.6075
vt 0.8881 0.6064
vt 0.8865 0.6039
vt 0.8875 0.6043
vt 0.8875 0.6029
vt 0.8881 0.6037
vt 0.8886 0.6042
vt 0.8889 0.6088
vt 0.8891 0.6077
vt 0.8900 0.6077
vt 0.8902 0.6088
vt 0.8876 0.6083
vt 0.8882 0.6074
vt 0.8903 0.6025
vt 0.8900 0.6034
vt 0.8890 0.6034
vt 0.8888 0.6024
vt 0.8916 0.6030
vt 0.8909 0.6037
vt 0.8903 0.6065
vt 0.8903 0.6065
vt 0.8906 0.6048
vt 0.8907 0.6048
vt 0.8888 0.6045
vt 0.8885 0.6062
vt 0.8885 0.6062
vt 0.8885 0.6062
vt 0.8885 0.6062
vt 0.8931 0.5996
vt 0.8920 0.5992
vt 0.8920 0.5983
vt 0.8931 0.5983
vt 0.8909 0.5989
vt 0.8910 0.5984
vt 0.8917 0.5975
vt 0.8927 0.5971
vt 0.8911 0.5978
vt 0.8925 0.6008
vt 0.8917 0.6001
vt 0.8916 0.6017
vt 0.8911 0.6007
vt 0.8908 0.5995
vt 0.8906 0.6001
vt 0.8896 0.5986
vt 0.8902 0.5987
vt 0.8901 0.5993
vt 0.8895 0.5992
vt 0.8900 0.6000
vt 0.8894 0.5999
vt 0.8906 0.6001
vt 0.8900 0.6000
vt 0.8904 0.5998
vt 0.8904 0.5998
vt 0.8897 0.5982
vt 0.8903 0.5983
vt 0.8899 0.5975
vt 0.8905 0.5977
vt 0.8907 0.5981
vt 0.8908 0.5981
vt 0.8891 0.5986
vt 0.8892 0.5981
vt 0.8883 0.5985
vt 0.8884 0.5979
vt 0.8892 0.5974
vt 0.8888 0.5977
vt 0.8889 0.5977
vt 0.8889 0.5991
vt 0.8887 0.5998
vt 0.8882 0.5991
vt 0.8889 0.5977
vt 0.8860 0.5985
vt 0.8872 0.5984
vt 0.8872 0.5993
vt 0.8861 0.5998
vt 0.8875 0.6001
vt 0.8867 0.6009
vt 0.8882 0.5997
vt 0.8865 0.5972
vt 0.8875 0.5975
vt 0.8875 0.5962
vt 0.8881 0.5969
vt 0.8886 0.5974
vt 0.8889 0.6021
vt 0.8891 0.6010
vt 0.8901 0.6010
vt 0.8903 0.6021
vt 0.8877 0.6017
vt 0.8882 0.6007
vt 0.8903 0.5956
vt 0.8901 0.5966
vt 0.8891 0.5966
vt 0.8888 0.5956
vt 0.8917 0.5962
vt 0.8910 0.5969
vt 0.8904 0.5997
vt 0.8904 0.5997
vt 0.8907 0.5980
vt 0.8908 0.5980
vt 0.8888 0.5977
vt 0.8885 0.5994
vt 0.8885 0.5994
vt 0.8885 0.5994
vt 0.8885 0.5994
vt 0.8928 0.5287
vt 0.8919 0.5281
vt 0.8923 0.5271
vt 0.8934 0.5273
vt 0.8909 0.5274
vt 0.8913 0.5268
vt 0.8924 0.5261
vt 0.8934 0.5259
vt 0.8916 0.5263
vt 0.8918 0.5298
vt 0.8912 0.5288
vt 0.8905 0.5303
vt 0.8903 0.5293
vt 0.8905 0.5280
vt 0.8901 0.5284
vt 0.8898 0.5266
vt 0.8903 0.5270
vt 0.8899 0.5275
vt 0.8894 0.5271
vt 0.8896 0.5281
vt 0.8890 0.5278
vt 0.8901 0.5284
vt 0.8896 0.5281
vt 0.8900 0.5280
vt 0.8901 0.5280
vt 0.8901 0.5261
vt 0.8906 0.5265
vt 0.8906 0.5255
vt 0.8911 0.5259
vt 0.8911 0.5264
vt 0.8912 0.5264
vt 0.8893 0.5263
vt 0.8896 0.5258
vt 0.8886 0.5258
vt 0.8891 0.5253
vt 0.8900 0.5251
vt 0.8895 0.5252
vt 0.8896 0.5253
vt 0.8889 0.5268
vt 0.8885 0.5274
vt 0.8883 0.5264
vt 0.8896 0.5252
vt 0.8867 0.5245
vt 0.8877 0.5252
vt 0.8872 0.5261
vt 0.8861 0.5258
vt 0.8871 0.5271
vt 0.8860 0.5273
vt 0.8880 0.5270
vt 0.8878 0.5234
vt 0.8884 0.5244
vt 0.8892 0.5229
vt 0.8893 0.5240
vt 0.8895 0.5248
vt 0.8876 0.5297
vt 0.8883 0.5288
vt 0.8893 0.5292
vt 0.8890 0.5303
vt 0.8866 0.5287
vt 0.8876 0.5280
vt 0.8918 0.5235
vt 0.8912 0.5245
vt 0.8903 0.5241
vt 0.8906 0.5230
vt 0.8928 0.5246
vt 0.8919 0.5252
vt 0.8900 0.5280
vt 0.8901 0.5280
vt 0.8912 0.5263
vt 0.8912 0.5264
vt 0.8896 0.5252
vt 0.8885 0.5269
vt 0.8884 0.5269
vt 0.8884 0.5269
vt 0.8884 0.5269
vt 0.8935 0.5102
vt 0.8924 0.5105
vt 0.8920 0.5095
vt 0.8929 0.5088
vt 0.8912 0.5107
vt 0.8911 0.5100
vt 0.8913 0.5087
vt 0.8919 0.5077
vt 0.8909 0.5094
vt 0.8936 0.5118
vt 0.8924 0.5116
vt 0.8930 0.5132
vt 0.8921 0.5126
vt 0.8914 0.5114
vt 0.8914 0.5121
vt 0.8898 0.5110
vt 0.8904 0.5109
vt 0.8906 0.5115
vt 0.8900 0.5116
vt 0.8908 0.5123
vt 0.8901 0.5124
vt 0.8914 0.5121
vt 0.8908 0.5123
vt 0.8911 0.5118
vt 0.8911 0.5118
vt 0.8897 0.5104
vt 0.8903 0.5102
vt 0.8896 0.5095
vt 0.8902 0.5094
vt 0.8906 0.5098
vt 0.8907 0.5097
vt 0.8892 0.5111
vt 0.8891 0.5104
vt 0.8884 0.5112
vt 0.8884 0.5105
vt 0.8889 0.5097
vt 0.8886 0.5101
vt 0.8887 0.5101
vt 0.8893 0.5117
vt 0.8895 0.5125
vt 0.8886 0.5119
vt 0.8887 0.5100
vt 0.8860 0.5115
vt 0.8872 0.5114
vt 0.8876 0.5124
vt 0.8866 0.5130
vt 0.8883 0.5133
vt 0.8876 0.5142
vt 0.8888 0.5126
vt 0.8861 0.5099
vt 0.8872 0.5103
vt 0.8867 0.5086
vt 0.8876 0.5093
vt 0.8883 0.5098
vt 0.8906 0.5148
vt 0.8904 0.5137
vt 0.8914 0.5133
vt 0.8920 0.5142
vt 0.8891 0.5148
vt 0.8893 0.5137
vt 0.8891 0.5071
vt 0.8893 0.5083
vt 0.8884 0.5086
vt 0.8878 0.5077
vt 0.8905 0.5072
vt 0.8904 0.5083
vt 0.8910 0.5118
vt 0.8911 0.5118
vt 0.8906 0.5097
vt 0.8907 0.5097
vt 0.8886 0.5101
vt 0.8891 0.5121
vt 0.8891 0.5122
vt 0.8890 0.5122
vt 0.8890 0.5122
vt 0.8931 0.5210
vt 0.8921 0.5204
vt 0.8925 0.5195
vt 0.8937 0.5196
vt 0.8910 0.5199
vt 0.8914 0.5192
vt 0.8926 0.5185
vt 0.8936 0.5181
vt 0.8917 0.5187
vt 0.8921 0.5220
vt 0.8913 0.5212
vt 0.8907 0.5226
vt 0.8904 0.5216
vt 0.8907 0.5204
vt 0.8902 0.5208
vt 0.8898 0.5191
vt 0.8903 0.5194
vt 0.8900 0.5199
vt 0.8895 0.5196
vt 0.8896 0.5205
vt 0.8890 0.5202
vt 0.8902 0.5208
vt 0.8896 0.5205
vt 0.8901 0.5204
vt 0.8902 0.5204
vt 0.8902 0.5186
vt 0.8907 0.5189
vt 0.8906 0.5179
vt 0.8912 0.5183
vt 0.8913 0.5188
vt 0.8913 0.5188
vt 0.8893 0.5187
vt 0.8897 0.5182
vt 0.8886 0.5182
vt 0.8891 0.5177
vt 0.8901 0.5175
vt 0.8896 0.5176
vt 0.8896 0.5176
vt 0.8889 0.5192
vt 0.8885 0.5197
vt 0.8883 0.5188
vt 0.8896 0.5176
vt 0.8868 0.5166
vt 0.8877 0.5174
vt 0.8872 0.5184
vt 0.8861 0.5179
vt 0.8872 0.5194
vt 0.8860 0.5195
vt 0.8880 0.5193
vt 0.8879 0.5156
vt 0.8884 0.5167
vt 0.8893 0.5151
vt 0.8894 0.5163
vt 0.8895 0.5172
vt 0.8877 0.5220
vt 0.8884 0.5211
vt 0.8894 0.5215
vt 0.8892 0.5226
vt 0.8866 0.5209
vt 0.8876 0.5204
vt 0.8920 0.5158
vt 0.8914 0.5168
vt 0.8904 0.5164
vt 0.8907 0.5152
vt 0.8930 0.5168
vt 0.8921 0.5176
vt 0.8901 0.5204
vt 0.8902 0.5204
vt 0.8913 0.5187
vt 0.8913 0.5187
vt 0.8896 0.5176
vt 0.8885 0.5192
vt 0.8884 0.5193
vt 0.8884 0.5192
vt 0.8884 0.5192
vt 0.8924 0.5865
vt 0.8915 0.5859
vt 0.8919 0.5851
vt 0.8930 0.5853
vt 0.8906 0.5853
vt 0.8910 0.5848
vt 0.8920 0.5841
vt 0.8930 0.5839
vt 0.8912 0.5843
vt 0.8915 0.5875
vt 0.8909 0.5866
vt 0.8903 0.5881
vt 0.8901 0.5871
vt 0.8903 0.5858
vt 0.8899 0.5863
vt 0.8895 0.5846
vt 0.8900 0.5849
vt 0.8897 0.5854
vt 0.8892 0.5851
vt 0.8894 0.5860
vt 0.8888 0.5857
vt 0.8899 0.5863
vt 0.8894 0.5860
vt 0.8898 0.5859
vt 0.8898 0.5859
vt 0.8898 0.5841
vt 0.8904 0.5845
vt 0.8903 0.5835
vt 0.8908 0.5839
vt 0.8908 0.5844
vt 0.8909 0.5844
vt 0.8891 0.5843
vt 0.8894 0.5838
vt 0.8884 0.5839
vt 0.8888 0.5834
vt 0.8897 0.5832
vt 0.8893 0.5833
vt 0.8893 0.5833
vt 0.8887 0.5848
vt 0.8883 0.5853
vt 0.8881 0.5844
vt 0.8893 0.5833
vt 0.8866 0.5826
vt 0.8875 0.5833
vt 0.8871 0.5842
vt 0.8861 0.5839
vt 0.8871 0.5851
vt 0.8860 0.5853
vt 0.8878 0.5850
vt 0.8876 0.5817
vt 0.8882 0.5826
vt 0.8889 0.5812
vt 0.8891 0.5821
vt 0.8892 0.5829
vt 0.8876 0.5876
vt 0.8882 0.5866
vt 0.8891 0.5870
vt 0.8889 0.5881
vt 0.8866 0.5866
vt 0.8875 0.5860
vt 0.8915 0.5817
vt 0.8909 0.5826
vt 0.8900 0.5822
vt 0.8902 0.5812
vt 0.8925 0.5827
vt 0.8916 0.5833
vt 0.8898 0.5859
vt 0.8898 0.5859
vt 0.8909 0.5843
vt 0.8909 0.5843
vt 0.8893 0.5833
vt 0.8883 0.5849
vt 0.8883 0.5849
vt 0.8883 0.5849
vt 0.8883 0.5849
vt 0.8924 0.5793
vt 0.8915 0.5787
vt 0.8919 0.5778
vt 0.8930 0.5780
vt 0.8906 0.5781
vt 0.8910 0.5776
vt 0.8920 0.5769
vt 0.8930 0.5767
vt 0.8912 0.5771
vt 0.8915 0.5803
vt 0.8909 0.5794
vt 0.8903 0.5808
vt 0.8901 0.5798
vt 0.8903 0.5786
vt 0.8899 0.5791
vt 0.8895 0.5774
vt 0.8900 0.5777
vt 0.8897 0.5782
vt 0.8892 0.5779
vt 0.8894 0.5788
vt 0.8888 0.5785
vt 0.8899 0.5791
vt 0.8894 0.5788
vt 0.8898 0.5787
vt 0.8898 0.5787
vt 0.8898 0.5769
vt 0.8904 0.5772
vt 0.8903 0.5763
vt 0.8908 0.5767
vt 0.8908 0.5771
vt 0.8909 0.5771
vt 0.8891 0.5771
vt 0.8894 0.5766
vt 0.8884 0.5767
vt 0.8888 0.5762
vt 0.8897 0.5760
vt 0.8893 0.5761
vt 0.8893 0.5761
vt 0.8887 0.5776
vt 0.8883 0.5781
vt 0.8881 0.5772
vt 0.8893 0.5761
vt 0.8866 0.5754
vt 0.8875 0.5760
vt 0.8871 0.5769
vt 0.8861 0.5767
vt 0.8871 0.5779
vt 0.8860 0.5781
vt 0.8878 0.5777
vt 0.8876 0.5744
vt 0.8882 0.5753
vt 0.8889 0.5739
vt 0.8891 0.5749
vt 0.8892 0.5757
vt 0.8876 0.5803
vt 0.8882 0.5794
vt 0.8891 0.5798
vt 0.8889 0.5809
vt 0.8866 0.5794
vt 0.8875 0.5787
vt 0.8915 0.5745
vt 0.8909 0.5754
vt 0.8900 0.5750
vt 0.8902 0.5740
vt 0.8925 0.5755
vt 0.8916 0.5761
vt 0.8898 0.5786
vt 0.8898 0.5787
vt 0.8909 0.5771
vt 0.8909 0.5771
vt 0.8893 0.5761
vt 0.8883 0.5776
vt 0.8883 0.5777
vt 0.8883 0.5776
vt 0.8883 0.5776
vt 0.8866 0.5321
vt 0.8876 0.5311
vt 0.8882 0.5320
vt 0.8875 0.5327
vt 0.8888 0.5328
vt 0.8884 0.5333
vt 0.8888 0.5306
vt 0.8890 0.5316
vt 0.8892 0.5323
vt 0.8871 0.5336
vt 0.8861 0.5333
vt 0.8870 0.5345
vt 0.8860 0.5347
vt 0.8881 0.5338
vt 0.8878 0.5343
vt 0.8895 0.5340
vt 0.8892 0.5345
vt 0.8887 0.5342
vt 0.8890 0.5337
vt 0.8888 0.5351
vt 0.8883 0.5347
vt 0.8878 0.5343
vt 0.8882 0.5343
vt 0.8882 0.5343
vt 0.8883 0.5347
vt 0.8894 0.5332
vt 0.8898 0.5336
vt 0.8897 0.5326
vt 0.8902 0.5329
vt 0.8892 0.5327
vt 0.8893 0.5328
vt 0.8903 0.5339
vt 0.8900 0.5344
vt 0.8909 0.5342
vt 0.8906 0.5348
vt 0.8908 0.5333
vt 0.8908 0.5338
vt 0.8908 0.5338
vt 0.8897 0.5348
vt 0.8893 0.5354
vt 0.8902 0.5353
vt 0.8908 0.5337
vt 0.8925 0.5360
vt 0.8915 0.5370
vt 0.8909 0.5361
vt 0.8915 0.5354
vt 0.8902 0.5375
vt 0.8900 0.5365
vt 0.8898 0.5357
vt 0.8919 0.5345
vt 0.8930 0.5347
vt 0.8920 0.5335
vt 0.8930 0.5333
vt 0.8912 0.5337
vt 0.8875 0.5370
vt 0.8865 0.5359
vt 0.8874 0.5354
vt 0.8882 0.5360
vt 0.8890 0.5364
vt 0.8888 0.5375
vt 0.8914 0.5311
vt 0.8924 0.5321
vt 0.8915 0.5327
vt 0.8908 0.5320
vt 0.8900 0.5317
vt 0.8902 0.5306
vt 0.8882 0.5342
vt 0.8882 0.5342
vt 0.8893 0.5327
vt 0.8893 0.5327
vt 0.8908 0.5337
vt 0.8898 0.5353
vt 0.8898 0.5353
vt 0.8898 0.5353
vt 0.8897 0.5353
vt 0.8921 0.6190
vt 0.8926 0.6189
vt 0.8926 0.6196
vt 0.8921 0.6195
vt 0.8916 0.6195
vt 0.8916 0.6190
vt 0.8915 0.6185
vt 0.8920 0.6184
vt 0.8925 0.6183
vt 0.8911 0.6190
vt 0.8911 0.6194
vt 0.8906 0.6194
vt 0.8906 0.6191
vt 0.8906 0.6187
vt 0.8911 0.6187
vt 0.8918 0.6179
vt 0.8922 0.6177
vt 0.8914 0.6181
vt 0.8911 0.6177
vt 0.8915 0.6175
vt 0.8919 0.6171
vt 0.8910 0.6183
vt 0.8907 0.6184
vt 0.8906 0.6182
vt 0.8908 0.6180
vt 0.8920 0.6201
vt 0.8925 0.6203
vt 0.8922 0.6209
vt 0.8917 0.6206
vt 0.8913 0.6204
vt 0.8915 0.6199
vt 0.8914 0.6211
vt 0.8918 0.6214
vt 0.8914 0.6218
vt 0.8911 0.6214
vt 0.8908 0.6211
vt 0.8911 0.6208
vt 0.8910 0.6198
vt 0.8909 0.6202
vt 0.8905 0.6200
vt 0.8905 0.6197
vt 0.8908 0.6205
vt 0.8905 0.6208
vt 0.8904 0.6205
vt 0.8905 0.6203
vt 0.8895 0.6195
vt 0.8893 0.6195
vt 0.8893 0.6192
vt 0.8896 0.6193
vt 0.8899 0.6193
vt 0.8898 0.6196
vt 0.8898 0.6199
vt 0.8895 0.6198
vt 0.8893 0.6198
vt 0.8902 0.6196
vt 0.8902 0.6193
vt 0.8902 0.6199
vt 0.8895 0.6202
vt 0.8892 0.6201
vt 0.8898 0.6202
vt 0.8898 0.6205
vt 0.8895 0.6205
vt 0.8892 0.6205
vt 0.8902 0.6204
vt 0.8903 0.6204
vt 0.8904 0.6205
vt 0.8901 0.6206
vt 0.8898 0.6205
vt 0.8901 0.6204
vt 0.8901 0.6203
vt 0.8902 0.6203
vt 0.8902 0.6203
vt 0.8896 0.6190
vt 0.8893 0.6190
vt 0.8894 0.6187
vt 0.8896 0.6187
vt 0.8900 0.6187
vt 0.8899 0.6190
vt 0.8897 0.6184
vt 0.8894 0.6184
vt 0.8894 0.6180
vt 0.8898 0.6180
vt 0.8901 0.6181
vt 0.8899 0.6184
vt 0.8902 0.6191
vt 0.8903 0.6188
vt 0.8904 0.6186
vt 0.8905 0.6185
vt 0.8902 0.6185
vt 0.8903 0.6184
vt 0.8904 0.6184
vt 0.8904 0.6184
vt 0.8891 0.6190
vt 0.8890 0.6192
vt 0.8888 0.6192
vt 0.8888 0.6189
vt 0.8888 0.6186
vt 0.8891 0.6187
vt 0.8885 0.6189
vt 0.8884 0.6192
vt 0.8880 0.6191
vt 0.8881 0.6188
vt 0.8881 0.6185
vt 0.8885 0.6186
vt 0.8891 0.6183
vt 0.8889 0.6183
vt 0.8888 0.6179
vt 0.8891 0.6179
vt 0.8885 0.6184
vt 0.8886 0.6183
vt 0.8883 0.6183
vt 0.8884 0.6182
vt 0.8885 0.6182
vt 0.8885 0.6182
vt 0.8890 0.6195
vt 0.8890 0.6198
vt 0.8887 0.6198
vt 0.8887 0.6195
vt 0.8889 0.6201
vt 0.8889 0.6205
vt 0.8885 0.6204
vt 0.8887 0.6201
vt 0.8884 0.6194
vt 0.8884 0.6197
vt 0.8880 0.6198
vt 0.8880 0.6194
vt 0.8887 0.6182
vt 0.8886 0.6181
vt 0.8885 0.6182
vt 0.8885 0.6181
vt 0.8866 0.6195
vt 0.8860 0.6196
vt 0.8860 0.6189
vt 0.8866 0.6190
vt 0.8871 0.6190
vt 0.8871 0.6195
vt 0.8871 0.6199
vt 0.8867 0.6201
vt 0.8862 0.6202
vt 0.8876 0.6195
vt 0.8876 0.6191
vt 0.8876 0.6198
vt 0.8869 0.6206
vt 0.8864 0.6208
vt 0.8873 0.6204
vt 0.8875 0.6207
vt 0.8871 0.6210
vt 0.8868 0.6213
vt 0.8877 0.6202
vt 0.8879 0.6201
vt 0.8880 0.6203
vt 0.8878 0.6205
vt 0.8867 0.6184
vt 0.8862 0.6183
vt 0.8864 0.6177
vt 0.8869 0.6179
vt 0.8873 0.6181
vt 0.8872 0.6186
vt 0.8872 0.6175
vt 0.8868 0.6172
vt 0.8872 0.6167
vt 0.8875 0.6171
vt 0.8878 0.6174
vt 0.8875 0.6178
vt 0.8876 0.6187
vt 0.8877 0.6183
vt 0.8879 0.6180
vt 0.8881 0.6177
vt 0.8883 0.6179
vt 0.8881 0.6182
vt 0.8896 0.6220
vt 0.8896 0.6225
vt 0.8890 0.6225
vt 0.8890 0.6220
vt 0.8891 0.6215
vt 0.8895 0.6215
vt 0.8900 0.6214
vt 0.8901 0.6219
vt 0.8903 0.6224
vt 0.8895 0.6210
vt 0.8891 0.6210
vt 0.8899 0.6210
vt 0.8906 0.6217
vt 0.8909 0.6222
vt 0.8904 0.6213
vt 0.8902 0.6209
vt 0.8885 0.6219
vt 0.8883 0.6224
vt 0.8877 0.6221
vt 0.8880 0.6217
vt 0.8882 0.6212
vt 0.8886 0.6214
vt 0.8875 0.6214
vt 0.8872 0.6218
vt 0.8878 0.6210
vt 0.8887 0.6209
vt 0.8884 0.6208
vt 0.8881 0.6207
vt 0.8882 0.6204
vt 0.8890 0.6165
vt 0.8889 0.6160
vt 0.8896 0.6159
vt 0.8896 0.6165
vt 0.8895 0.6170
vt 0.8891 0.6170
vt 0.8886 0.6171
vt 0.8885 0.6166
vt 0.8883 0.6161
vt 0.8891 0.6175
vt 0.8895 0.6175
vt 0.8887 0.6175
vt 0.8880 0.6168
vt 0.8877 0.6164
vt 0.8882 0.6172
vt 0.8884 0.6176
vt 0.8885 0.6178
vt 0.8901 0.6166
vt 0.8903 0.6161
vt 0.8909 0.6163
vt 0.8906 0.6168
vt 0.8904 0.6172
vt 0.8900 0.6171
vt 0.8911 0.6171
vt 0.8914 0.6167
vt 0.8908 0.6175
vt 0.8899 0.6176
vt 0.8902 0.6177
vt 0.8906 0.6178
vt 0.8904 0.6180
vt 0.8902 0.6203
vt 0.8901 0.6203
vt 0.8901 0.6202
vt 0.8902 0.6202
vt 0.8902 0.6202
vt 0.8902 0.6203
vt 0.8904 0.6184
vt 0.8903 0.6184
vt 0.8904 0.6183
vt 0.8904 0.6183
vt 0.8904 0.6183
vt 0.8904 0.6184
vt 0.8885 0.6182
vt 0.8884 0.6182
vt 0.8884 0.6181
vt 0.8885 0.6181
vt 0.8883 0.6201
vt 0.8883 0.6200
vt 0.8883 0.6200
vt 0.8883 0.6201
vt 0.8883 0.6201
vt 0.8883 0.6201
vt 0.8882 0.6201
vt 0.8883 0.6201
vt 0.8882 0.6200
vt 0.8905 0.6184
vt 0.8905 0.6183
vt 0.8881 0.6201
vt 0.8882 0.6202
vt 0.8882 0.6200
vt 0.8902 0.6184
vt 0.8903 0.6182
vt 0.8900 0.6203
vt 0.8901 0.6201
vt 0.8904 0.6182
vt 0.8902 0.6201
vt 0.8903 0.6202
vt 0.8903 0.6203
vt 0.8885 0.6180
vt 0.8884 0.6181
vt 0.8883 0.6199
vt 0.8884 0.6200
vt 0.8883 0.6202
vt 0.8884 0.6202
vt 0.8883 0.6182
vt 0.8885 0.6201
vt 0.8867 0.6116
vt 0.8866 0.6121
vt 0.8860 0.6121
vt 0.8862 0.6114
vt 0.8864 0.6108
vt 0.8869 0.6110
vt 0.8873 0.6113
vt 0.8872 0.6117
vt 0.8871 0.6122
vt 0.8877 0.6118
vt 0.8876 0.6122
vt 0.8878 0.6115
vt 0.8882 0.6116
vt 0.8881 0.6119
vt 0.8881 0.6123
vt 0.8872 0.6106
vt 0.8868 0.6103
vt 0.8873 0.6098
vt 0.8876 0.6102
vt 0.8879 0.6106
vt 0.8876 0.6109
vt 0.8879 0.6111
vt 0.8881 0.6109
vt 0.8883 0.6111
vt 0.8881 0.6113
vt 0.8866 0.6127
vt 0.8860 0.6127
vt 0.8871 0.6126
vt 0.8872 0.6131
vt 0.8867 0.6132
vt 0.8862 0.6134
vt 0.8869 0.6137
vt 0.8864 0.6140
vt 0.8873 0.6135
vt 0.8875 0.6139
vt 0.8872 0.6142
vt 0.8868 0.6145
vt 0.8876 0.6126
vt 0.8880 0.6126
vt 0.8880 0.6129
vt 0.8876 0.6130
vt 0.8877 0.6133
vt 0.8879 0.6132
vt 0.8880 0.6134
vt 0.8878 0.6136
vt 0.8891 0.6126
vt 0.8891 0.6124
vt 0.8894 0.6124
vt 0.8893 0.6127
vt 0.8893 0.6129
vt 0.8890 0.6129
vt 0.8887 0.6129
vt 0.8888 0.6126
vt 0.8888 0.6123
vt 0.8884 0.6126
vt 0.8885 0.6123
vt 0.8884 0.6128
vt 0.8890 0.6132
vt 0.8893 0.6133
vt 0.8892 0.6137
vt 0.8889 0.6136
vt 0.8886 0.6136
vt 0.8887 0.6132
vt 0.8883 0.6134
vt 0.8883 0.6136
vt 0.8880 0.6134
vt 0.8882 0.6133
vt 0.8882 0.6133
vt 0.8883 0.6133
vt 0.8883 0.6133
vt 0.8884 0.6134
vt 0.8886 0.6136
vt 0.8891 0.6121
vt 0.8894 0.6121
vt 0.8888 0.6121
vt 0.8888 0.6117
vt 0.8891 0.6118
vt 0.8894 0.6118
vt 0.8892 0.6115
vt 0.8894 0.6115
vt 0.8889 0.6114
vt 0.8888 0.6111
vt 0.8892 0.6111
vt 0.8895 0.6111
vt 0.8885 0.6120
vt 0.8885 0.6117
vt 0.8885 0.6115
vt 0.8883 0.6114
vt 0.8884 0.6113
vt 0.8885 0.6114
vt 0.8885 0.6114
vt 0.8886 0.6115
vt 0.8896 0.6122
vt 0.8896 0.6124
vt 0.8897 0.6119
vt 0.8900 0.6119
vt 0.8899 0.6122
vt 0.8899 0.6124
vt 0.8903 0.6122
vt 0.8902 0.6125
vt 0.8903 0.6119
vt 0.8906 0.6119
vt 0.8906 0.6122
vt 0.8906 0.6125
vt 0.8897 0.6115
vt 0.8898 0.6112
vt 0.8901 0.6112
vt 0.8900 0.6115
vt 0.8904 0.6117
vt 0.8902 0.6116
vt 0.8903 0.6116
vt 0.8904 0.6116
vt 0.8904 0.6116
vt 0.8905 0.6116
vt 0.8896 0.6127
vt 0.8899 0.6127
vt 0.8899 0.6130
vt 0.8896 0.6130
vt 0.8895 0.6133
vt 0.8898 0.6133
vt 0.8899 0.6137
vt 0.8895 0.6137
vt 0.8902 0.6128
vt 0.8906 0.6128
vt 0.8905 0.6131
vt 0.8902 0.6130
vt 0.8902 0.6115
vt 0.8903 0.6114
vt 0.8903 0.6115
vt 0.8903 0.6115
vt 0.8920 0.6132
vt 0.8921 0.6127
vt 0.8926 0.6127
vt 0.8925 0.6134
vt 0.8922 0.6140
vt 0.8918 0.6137
vt 0.8913 0.6135
vt 0.8915 0.6131
vt 0.8916 0.6126
vt 0.8910 0.6129
vt 0.8911 0.6126
vt 0.8909 0.6133
vt 0.8915 0.6142
vt 0.8919 0.6145
vt 0.8914 0.6149
vt 0.8911 0.6145
vt 0.8908 0.6142
vt 0.8911 0.6139
vt 0.8908 0.6136
vt 0.8906 0.6139
vt 0.8904 0.6137
vt 0.8905 0.6135
vt 0.8921 0.6121
vt 0.8926 0.6121
vt 0.8916 0.6122
vt 0.8915 0.6117
vt 0.8920 0.6116
vt 0.8925 0.6114
vt 0.8918 0.6111
vt 0.8923 0.6109
vt 0.8914 0.6113
vt 0.8912 0.6109
vt 0.8915 0.6106
vt 0.8919 0.6103
vt 0.8911 0.6122
vt 0.8911 0.6118
vt 0.8910 0.6115
vt 0.8907 0.6116
vt 0.8906 0.6113
vt 0.8909 0.6112
vt 0.8885 0.6150
vt 0.8891 0.6151
vt 0.8890 0.6157
vt 0.8884 0.6155
vt 0.8878 0.6153
vt 0.8880 0.6148
vt 0.8882 0.6144
vt 0.8887 0.6145
vt 0.8891 0.6146
vt 0.8888 0.6141
vt 0.8892 0.6141
vt 0.8884 0.6140
vt 0.8876 0.6145
vt 0.8873 0.6149
vt 0.8879 0.6142
vt 0.8881 0.6138
vt 0.8896 0.6151
vt 0.8897 0.6157
vt 0.8896 0.6146
vt 0.8901 0.6146
vt 0.8902 0.6150
vt 0.8903 0.6155
vt 0.8907 0.6148
vt 0.8909 0.6153
vt 0.8905 0.6144
vt 0.8896 0.6141
vt 0.8899 0.6141
vt 0.8903 0.6140
vt 0.8902 0.6138
vt 0.8902 0.6098
vt 0.8896 0.6096
vt 0.8897 0.6091
vt 0.8904 0.6092
vt 0.8910 0.6095
vt 0.8907 0.6100
vt 0.8905 0.6104
vt 0.8901 0.6102
vt 0.8896 0.6101
vt 0.8899 0.6107
vt 0.8895 0.6106
vt 0.8903 0.6108
vt 0.8912 0.6103
vt 0.8915 0.6099
vt 0.8909 0.6106
vt 0.8906 0.6109
vt 0.8904 0.6112
vt 0.8891 0.6096
vt 0.8890 0.6091
vt 0.8891 0.6101
vt 0.8887 0.6102
vt 0.8885 0.6097
vt 0.8884 0.6092
vt 0.8880 0.6099
vt 0.8878 0.6095
vt 0.8882 0.6103
vt 0.8891 0.6106
vt 0.8888 0.6106
vt 0.8884 0.6107
vt 0.8885 0.6110
vt 0.8883 0.6132
vt 0.8883 0.6132
vt 0.8883 0.6132
vt 0.8883 0.6132
vt 0.8882 0.6132
vt 0.8882 0.6132
vt 0.8885 0.6113
vt 0.8885 0.6113
vt 0.8884 0.6113
vt 0.8884 0.6113
vt 0.8885 0.6113
vt 0.8885 0.6113
vt 0.8904 0.6115
vt 0.8904 0.6115
vt 0.8904 0.6115
vt 0.8904 0.6115
vt 0.8902 0.6134
vt 0.8901 0.6134
vt 0.8901 0.6133
vt 0.8902 0.6134
vt 0.8902 0.6134
vt 0.8902 0.6134
vt 0.8902 0.6135
vt 0.8902 0.6134
vt 0.8901 0.6134
vt 0.8883 0.6113
vt 0.8884 0.6112
vt 0.8903 0.6134
vt 0.8903 0.6135
vt 0.8903 0.6133
vt 0.8887 0.6113
vt 0.8886 0.6112
vt 0.8885 0.6132
vt 0.8884 0.6131
vt 0.8885 0.6112
vt 0.8883 0.6130
vt 0.8882 0.6131
vt 0.8881 0.6132
vt 0.8904 0.6114
vt 0.8905 0.6114
vt 0.8902 0.6132
vt 0.8901 0.6133
vt 0.8902 0.6135
vt 0.8901 0.6135
vt 0.8905 0.6115
vt 0.8900 0.6134
vt 0.3916 0.2748
vt 0.3926 0.2698
vt 0.3768 0.2726
vt 0.3782 0.2674
vt 0.3953 0.2604
vt 0.3969 0.2547
vt 0.3756 0.2791
vt 0.3831 0.2518
vt 0.3814 0.2575
vt 0.3903 0.2810
vt 0.3797 0.2624
vt 0.3938 0.2651
vt 0.5121 0.2563
vt 0.5134 0.2621
vt 0.4982 0.2582
vt 0.4994 0.2641
vt 0.5021 0.2787
vt 0.5170 0.2775
vt 0.5178 0.2841
vt 0.5029 0.2849
vt 0.5015 0.2736
vt 0.5160 0.2722
vt 0.5148 0.2672
vt 0.5006 0.2688
vt 0.5015 0.2736
vt 0.5148 0.2672
vt 0.5006 0.2688
vt 0.5029 0.2849
vt 0.9189 0.1014
vt 0.9503 0.0956
vt 0.9503 0.1042
vt 0.9132 0.1118
vt 0.8274 0.0988
vt 0.8730 0.1009
vt 0.8727 0.1159
vt 0.8324 0.1095
vt 0.7967 0.0910
vt 0.7962 0.0994
vt 0.8739 0.0682
vt 0.9197 0.0702
vt 0.9126 0.0856
vt 0.8732 0.0846
vt 0.7972 0.0735
vt 0.8284 0.0676
vt 0.8339 0.0834
vt 0.7967 0.0822
vt 0.9508 0.0776
vt 0.9508 0.0866
vt 0.9145 0.0595
vt 0.9512 0.0690
vt 0.8340 0.0573
vt 0.8745 0.0533
vt 0.7973 0.0651
vt 0.9591 0.0954
vt 0.9592 0.1041
vt 0.9600 0.0868
vt 0.9595 0.0782
vt 0.9600 0.0696
vt 0.7802 0.0985
vt 0.7807 0.0900
vt 0.7802 0.0818
vt 0.7812 0.0736
vt 0.7812 0.0650
vt 0.7940 0.0506
vt 0.8313 0.0429
vt 0.8740 0.0389
vt 0.9168 0.0447
vt 0.9547 0.0539
vt 0.9521 0.1137
vt 0.9142 0.1212
vt 0.8719 0.1250
vt 0.8301 0.1184
vt 0.7936 0.1084
vt 0.9189 0.1014
vt 0.9503 0.0956
vt 0.9503 0.1042
vt 0.9132 0.1118
vt 0.8274 0.0988
vt 0.8730 0.1009
vt 0.8727 0.1159
vt 0.8324 0.1095
vt 0.7967 0.0910
vt 0.7962 0.0994
vt 0.8739 0.0682
vt 0.9197 0.0702
vt 0.9126 0.0856
vt 0.8732 0.0846
vt 0.7972 0.0735
vt 0.8284 0.0676
vt 0.8339 0.0834
vt 0.7967 0.0822
vt 0.9508 0.0776
vt 0.9508 0.0866
vt 0.9145 0.0595
vt 0.9512 0.0690
vt 0.8340 0.0573
vt 0.8745 0.0533
vt 0.7973 0.0651
vt 0.9591 0.0954
vt 0.9592 0.1041
vt 0.9600 0.0868
vt 0.9595 0.0782
vt 0.9600 0.0696
vt 0.7802 0.0985
vt 0.7807 0.0900
vt 0.7802 0.0818
vt 0.7812 0.0736
vt 0.7812 0.0650
vt 0.7940 0.0506
vt 0.8313 0.0429
vt 0.8740 0.0389
vt 0.9168 0.0447
vt 0.9547 0.0539
vt 0.9521 0.1137
vt 0.9142 0.1212
vt 0.8719 0.1250
vt 0.8301 0.1184
vt 0.7936 0.1084
vt 0.9189 0.1014
vt 0.9503 0.0956
vt 0.9503 0.1042
vt 0.9132 0.1118
vt 0.8274 0.0988
vt 0.8730 0.1009
vt 0.8727 0.1159
vt 0.8324 0.1095
vt 0.7967 0.0910
vt 0.7962 0.0994
vt 0.8739 0.0682
vt 0.9197 0.0702
vt 0.9126 0.0856
vt 0.8732 0.0846
vt 0.7972 0.0735
vt 0.8284 0.0676
vt 0.8339 0.0834
vt 0.7967 0.0822
vt 0.9508 0.0776
vt 0.9508 0.0866
vt 0.9145 0.0595
vt 0.9512 0.0690
vt 0.8340 0.0573
vt 0.8745 0.0533
vt 0.7973 0.0651
vt 0.9591 0.0954
vt 0.9592 0.1041
vt 0.9600 0.0868
vt 0.9595 0.0782
vt 0.9600 0.0696
vt 0.7802 0.0985
vt 0.7807 0.0900
vt 0.7802 0.0818
vt 0.7812 0.0736
vt 0.7812 0.0650
vt 0.7940 0.0506
vt 0.8313 0.0429
vt 0.8740 0.0389
vt 0.9168 0.0447
vt 0.9547 0.0539
vt 0.9521 0.1137
vt 0.9142 0.1212
vt 0.8719 0.1250
vt 0.8301 0.1184
vt 0.7936 0.1084
vt 0.9189 0.1014
vt 0.9503 0.0956
vt 0.9503 0.1042
vt 0.9132 0.1118
vt 0.8274 0.0988
vt 0.8730 0.1009
vt 0.8727 0.1159
vt 0.8324 0.1095
vt 0.7967 0.0910
vt 0.7962 0.0994
vt 0.8739 0.0682
vt 0.9197 0.0702
vt 0.9126 0.0856
vt 0.8732 0.0846
vt 0.7972 0.0735
vt 0.8284 0.0676
vt 0.8339 0.0834
vt 0.7967 0.0822
vt 0.9508 0.0776
vt 0.9508 0.0866
vt 0.9145 0.0595
vt 0.9512 0.0690
vt 0.8340 0.0573
vt 0.8745 0.0533
vt 0.7973 0.0651
vt 0.9591 0.0954
vt 0.9592 0.1041
vt 0.9600 0.0868
vt 0.9595 0.0782
vt 0.9600 0.0696
vt 0.7802 0.0985
vt 0.7807 0.0900
vt 0.7802 0.0818
vt 0.7812 0.0736
vt 0.7812 0.0650
vt 0.7940 0.0506
vt 0.8313 0.0429
vt 0.8740 0.0389
vt 0.9168 0.0447
vt 0.9547 0.0539
vt 0.9521 0.1137
vt 0.9142 0.1212
vt 0.8719 0.1250
vt 0.8301 0.1184
vt 0.7936 0.1084
vt 0.9189 0.1014
vt 0.9503 0.0956
vt 0.9503 0.1042
vt 0.9132 0.1118
vt 0.8274 0.0988
vt 0.8730 0.1009
vt 0.8727 0.1159
vt 0.8324 0.1095
vt 0.7967 0.0910
vt 0.7962 0.0994
vt 0.8739 0.0682
vt 0.9197 0.0702
vt 0.9126 0.0856
vt 0.8732 0.0846
vt 0.7972 0.0735
vt 0.8284 0.0676
vt 0.8339 0.0834
vt 0.7967 0.0822
vt 0.9508 0.0776
vt 0.9508 0.0866
vt 0.9145 0.0595
vt 0.9512 0.0690
vt 0.8340 0.0573
vt 0.8745 0.0533
vt 0.7973 0.0651
vt 0.9591 0.0954
vt 0.9592 0.1041
vt 0.9600 0.0868
vt 0.9595 0.0782
vt 0.9600 0.0696
vt 0.7802 0.0985
vt 0.7807 0.0900
vt 0.7802 0.0818
vt 0.7812 0.0736
vt 0.7812 0.0650
vt 0.7940 0.0506
vt 0.8313 0.0429
vt 0.8740 0.0389
vt 0.9168 0.0447
vt 0.9547 0.0539
vt 0.9521 0.1137
vt 0.9142 0.1212
vt 0.8719 0.1250
vt 0.8301 0.1184
vt 0.7936 0.1084
vt 0.9189 0.1014
vt 0.9503 0.0956
vt 0.9503 0.1042
vt 0.9132 0.1118
vt 0.8274 0.0988
vt 0.8730 0.1009
vt 0.8727 0.1159
vt 0.8324 0.1095
vt 0.7967 0.0910
vt 0.7962 0.0994
vt 0.8739 0.0682
vt 0.9197 0.0702
vt 0.9126 0.0856
vt 0.8732 0.0846
vt 0.7972 0.0735
vt 0.8284 0.0676
vt 0.8339 0.0834
vt 0.7967 0.0822
vt 0.9508 0.0776
vt 0.9508 0.0866
vt 0.9145 0.0595
vt 0.9512 0.0690
vt 0.8340 0.0573
vt 0.8745 0.0533
vt 0.7973 0.0651
vt 0.9591 0.0954
vt 0.9592 0.1041
vt 0.9600 0.0868
vt 0.9595 0.0782
vt 0.9600 0.0696
vt 0.7802 0.0985
vt 0.7807 0.0900
vt 0.7802 0.0818
vt 0.7812 0.0736
vt 0.7812 0.0650
vt 0.7940 0.0506
vt 0.8313 0.0429
vt 0.8740 0.0389
vt 0.9168 0.0447
vt 0.9547 0.0539
vt 0.9521 0.1137
vt 0.9142 0.1212
vt 0.8719 0.1250
vt 0.8301 0.1184
vt 0.7936 0.1084
vt 0.9189 0.1014
vt 0.9503 0.0956
vt 0.9503 0.1042
vt 0.9132 0.1118
vt 0.8274 0.0988
vt 0.8730 0.1009
vt 0.8727 0.1159
vt 0.8324 0.1095
vt 0.7967 0.0910
vt 0.7962 0.0994
vt 0.8739 0.0682
vt 0.9197 0.0702
vt 0.9126 0.0856
vt 0.8732 0.0846
vt 0.7972 0.0735
vt 0.8284 0.0676
vt 0.8339 0.0834
vt 0.7967 0.0822
vt 0.9508 0.0776
vt 0.9508 0.0866
vt 0.9145 0.0595
vt 0.9512 0.0690
vt 0.8340 0.0573
vt 0.8745 0.0533
vt 0.7973 0.0651
vt 0.9591 0.0954
vt 0.9592 0.1041
vt 0.9600 0.0868
vt 0.9595 0.0782
vt 0.9600 0.0696
vt 0.7802 0.0985
vt 0.7807 0.0900
vt 0.7802 0.0818
vt 0.7812 0.0736
vt 0.7812 0.0650
vt 0.7940 0.0506
vt 0.8313 0.0429
vt 0.8740 0.0389
vt 0.9168 0.0447
vt 0.9547 0.0539
vt 0.9521 0.1137
vt 0.9142 0.1212
vt 0.8719 0.1250
vt 0.8301 0.1184
vt 0.7936 0.1084
vt 0.9189 0.1014
vt 0.9503 0.0956
vt 0.9503 0.1042
vt 0.9132 0.1118
vt 0.8274 0.0988
vt 0.8730 0.1009
vt 0.8727 0.1159
vt 0.8324 0.1095
vt 0.7967 0.0910
vt 0.7962 0.0994
vt 0.8739 0.0682
vt 0.9197 0.0702
vt 0.9126 0.0856
vt 0.8732 0.0846
vt 0.7972 0.0735
vt 0.8284 0.0676
vt 0.8339 0.0834
vt 0.7967 0.0822
vt 0.9508 0.0776
vt 0.9508 0.0866
vt 0.9145 0.0595
vt 0.9512 0.0690
vt 0.8340 0.0573
vt 0.8745 0.0533
vt 0.7973 0.0651
vt 0.9591 0.0954
vt 0.9592 0.1041
vt 0.9600 0.0868
vt 0.9595 0.0782
vt 0.9600 0.0696
vt 0.7802 0.0985
vt 0.7807 0.0900
vt 0.7802 0.0818
vt 0.7812 0.0736
vt 0.7812 0.0650
vt 0.7940 0.0506
vt 0.8313 0.0429
vt 0.8740 0.0389
vt 0.9168 0.0447
vt 0.9547 0.0539
vt 0.9521 0.1137
vt 0.9142 0.1212
vt 0.8719 0.1250
vt 0.8301 0.1184
vt 0.7936 0.1084
vt 0.9189 0.1014
vt 0.9503 0.0956
vt 0.9503 0.1042
vt 0.9132 0.1118
vt 0.8274 0.0988
vt 0.8730 0.1009
vt 0.8727 0.1159
vt 0.8324 0.1095
vt 0.7967 0.0910
vt 0.7962 0.0994
vt 0.8739 0.0682
vt 0.9197 0.0702
vt 0.9126 0.0856
vt 0.8732 0.0846
vt 0.7972 0.0735
vt 0.8284 0.0676
vt 0.8339 0.0834
vt 0.7967 0.0822
vt 0.9508 0.0776
vt 0.9508 0.0866
vt 0.9145 0.0595
vt 0.9512 0.0690
vt 0.8340 0.0573
vt 0.8745 0.0533
vt 0.7973 0.0651
vt 0.9591 0.0954
vt 0.9592 0.1041
vt 0.9600 0.0868
vt 0.9595 0.0782
vt 0.9600 0.0696
vt 0.7802 0.0985
vt 0.7807 0.0900
vt 0.7802 0.0818
vt 0.7812 0.0736
vt 0.7812 0.0650
vt 0.7940 0.0506
vt 0.8313 0.0429
vt 0.8740 0.0389
vt 0.9168 0.0447
vt 0.9547 0.0539
vt 0.9521 0.1137
vt 0.9142 0.1212
vt 0.8719 0.1250
vt 0.8301 0.1184
vt 0.7936 0.1084
vt 0.9189 0.1014
vt 0.9503 0.0956
vt 0.9503 0.1042
vt 0.9132 0.1118
vt 0.8274 0.0988
vt 0.8730 0.1009
vt 0.8727 0.1159
vt 0.8324 0.1095
vt 0.7967 0.0910
vt 0.7962 0.0994
vt 0.8739 0.0682
vt 0.9197 0.0702
vt 0.9126 0.0856
vt 0.8732 0.0846
vt 0.7972 0.0735
vt 0.8284 0.0676
vt 0.8339 0.0834
vt 0.7967 0.0822
vt 0.9508 0.0776
vt 0.9508 0.0866
vt 0.9145 0.0595
vt 0.9512 0.0690
vt 0.8340 0.0573
vt 0.8745 0.0533
vt 0.7973 0.0651
vt 0.9591 0.0954
vt 0.9592 0.1041
vt 0.9600 0.0868
vt 0.9595 0.0782
vt 0.9600 0.0696
vt 0.7802 0.0985
vt 0.7807 0.0900
vt 0.7802 0.0818
vt 0.7812 0.0736
vt 0.7812 0.0650
vt 0.7940 0.0506
vt 0.8313 0.0429
vt 0.8740 0.0389
vt 0.9168 0.0447
vt 0.9547 0.0539
vt 0.9521 0.1137
vt 0.9142 0.1212
vt 0.8719 0.1250
vt 0.8301 0.1184
vt 0.7936 0.1084
vt 0.9189 0.1014
vt 0.9503 0.0956
vt 0.9503 0.1042
vt 0.9132 0.1118
vt 0.8274 0.0988
vt 0.8730 0.1009
vt 0.8727 0.1159
vt 0.8324 0.1095
vt 0.7967 0.0910
vt 0.7962 0.0994
vt 0.8739 0.0682
vt 0.9197 0.0702
vt 0.9126 0.0856
vt 0.8732 0.0846
vt 0.7972 0.0735
vt 0.8284 0.0676
vt 0.8339 0.0834
vt 0.7967 0.0822
vt 0.9508 0.0776
vt 0.9508 0.0866
vt 0.9145 0.0595
vt 0.9512 0.0690
vt 0.8340 0.0573
vt 0.8745 0.0533
vt 0.7973 0.0651
vt 0.9591 0.0954
vt 0.9592 0.1041
vt 0.9600 0.0868
vt 0.9595 0.0782
vt 0.9600 0.0696
vt 0.7802 0.0985
vt 0.7807 0.0900
vt 0.7802 0.0818
vt 0.7812 0.0736
vt 0.7812 0.0650
vt 0.7940 0.0506
vt 0.8313 0.0429
vt 0.8740 0.0389
vt 0.9168 0.0447
vt 0.9547 0.0539
vt 0.9521 0.1137
vt 0.9142 0.1212
vt 0.8719 0.1250
vt 0.8301 0.1184
vt 0.7936 0.1084
vt 0.8189 0.0541
vt 0.8722 0.0542
vt 0.8737 0.0710
vt 0.8202 0.0690
vt 0.9213 0.0555
vt 0.9600 0.0549
vt 0.9565 0.0610
vt 0.9231 0.0698
vt 0.8703 0.0389
vt 0.9203 0.0398
vt 0.9556 0.0490
vt 0.7802 0.0573
vt 0.7847 0.0631
vt 0.7837 0.0511
vt 0.8171 0.0389
vt 0.8189 0.0863
vt 0.8722 0.0863
vt 0.8737 0.1032
vt 0.8202 0.1011
vt 0.9213 0.0876
vt 0.9600 0.0871
vt 0.9565 0.0932
vt 0.9231 0.1020
vt 0.8703 0.0711
vt 0.9203 0.0719
vt 0.9556 0.0812
vt 0.7802 0.0894
vt 0.7847 0.0953
vt 0.7837 0.0833
vt 0.8171 0.0711
vt 0.8189 0.0541
vt 0.8722 0.0542
vt 0.8737 0.0710
vt 0.8202 0.0690
vt 0.9213 0.0555
vt 0.9600 0.0549
vt 0.9565 0.0610
vt 0.9231 0.0698
vt 0.8703 0.0389
vt 0.9203 0.0398
vt 0.9556 0.0490
vt 0.7802 0.0573
vt 0.7847 0.0631
vt 0.7837 0.0511
vt 0.8171 0.0389
vt 0.8189 0.0863
vt 0.8722 0.0863
vt 0.8737 0.1032
vt 0.8202 0.1011
vt 0.9213 0.0876
vt 0.9600 0.0871
vt 0.9565 0.0932
vt 0.9231 0.1020
vt 0.8703 0.0711
vt 0.9203 0.0719
vt 0.9556 0.0812
vt 0.7802 0.0894
vt 0.7847 0.0953
vt 0.7837 0.0833
vt 0.8171 0.0711
vt 0.8189 0.0541
vt 0.8722 0.0542
vt 0.8737 0.0710
vt 0.8202 0.0690
vt 0.9213 0.0555
vt 0.9600 0.0549
vt 0.9565 0.0610
vt 0.9231 0.0698
vt 0.8703 0.0389
vt 0.9203 0.0398
vt 0.9556 0.0490
vt 0.7802 0.0573
vt 0.7847 0.0631
vt 0.7837 0.0511
vt 0.8171 0.0389
vt 0.8189 0.0863
vt 0.8722 0.0863
vt 0.8737 0.1032
vt 0.8202 0.1011
vt 0.9213 0.0876
vt 0.9600 0.0871
vt 0.9565 0.0932
vt 0.9231 0.1020
vt 0.8703 0.0711
vt 0.9203 0.0719
vt 0.9556 0.0812
vt 0.7802 0.0894
vt 0.7847 0.0953
vt 0.7837 0.0833
vt 0.8171 0.0711
vt 0.8189 0.0541
vt 0.8722 0.0542
vt 0.8737 0.0710
vt 0.8202 0.0690
vt 0.9213 0.0555
vt 0.9600 0.0549
vt 0.9565 0.0610
vt 0.9231 0.0698
vt 0.8703 0.0389
vt 0.9203 0.0398
vt 0.9556 0.0490
vt 0.7802 0.0573
vt 0.7847 0.0631
vt 0.7837 0.0511
vt 0.8171 0.0389
vt 0.8189 0.0863
vt 0.8722 0.0863
vt 0.8737 0.1032
vt 0.8202 0.1011
vt 0.9213 0.0876
vt 0.9600 0.0871
vt 0.9565 0.0932
vt 0.9231 0.1020
vt 0.8703 0.0711
vt 0.9203 0.0719
vt 0.9556 0.0812
vt 0.7802 0.0894
vt 0.7847 0.0953
vt 0.7837 0.0833
vt 0.8171 0.0711
vt 0.8189 0.0541
vt 0.8722 0.0542
vt 0.8737 0.0710
vt 0.8202 0.0690
vt 0.9213 0.0555
vt 0.9600 0.0549
vt 0.9565 0.0610
vt 0.9231 0.0698
vt 0.8703 0.0389
vt 0.9203 0.0398
vt 0.9556 0.0490
vt 0.7802 0.0573
vt 0.7847 0.0631
vt 0.7837 0.0511
vt 0.8171 0.0389
vt 0.8189 0.0863
vt 0.8722 0.0863
vt 0.8737 0.1032
vt 0.8202 0.1011
vt 0.9213 0.0876
vt 0.9600 0.0871
vt 0.9565 0.0932
vt 0.9231 0.1020
vt 0.8703 0.0711
vt 0.9203 0.0719
vt 0.9556 0.0812
vt 0.7802 0.0894
vt 0.7847 0.0953
vt 0.7837 0.0833
vt 0.8171 0.0711
vt 0.8189 0.0541
vt 0.8722 0.0542
vt 0.8737 0.0710
vt 0.8202 0.0690
vt 0.9213 0.0555
vt 0.9600 0.0549
vt 0.9565 0.0610
vt 0.9231 0.0698
vt 0.8703 0.0389
vt 0.9203 0.0398
vt 0.9556 0.0490
vt 0.7802 0.0573
vt 0.7847 0.0631
vt 0.7837 0.0511
vt 0.8171 0.0389
vt 0.8189 0.0863
vt 0.8722 0.0863
vt 0.8737 0.1032
vt 0.8202 0.1011
vt 0.9213 0.0876
vt 0.9600 0.0871
vt 0.9565 0.0932
vt 0.9231 0.1020
vt 0.8703 0.0711
vt 0.9203 0.0719
vt 0.9556 0.0812
vt 0.7802 0.0894
vt 0.7847 0.0953
vt 0.7837 0.0833
vt 0.8171 0.0711
vt 0.8189 0.0541
vt 0.8722 0.0542
vt 0.8737 0.0710
vt 0.8202 0.0690
vt 0.9213 0.0555
vt 0.9600 0.0549
vt 0.9565 0.0610
vt 0.9231 0.0698
vt 0.8703 0.0389
vt 0.9203 0.0398
vt 0.9556 0.0490
vt 0.7802 0.0573
vt 0.7847 0.0631
vt 0.7837 0.0511
vt 0.8171 0.0389
vt 0.8189 0.0863
vt 0.8722 0.0863
vt 0.8737 0.1032
vt 0.8202 0.1011
vt 0.9213 0.0876
vt 0.9600 0.0871
vt 0.9565 0.0932
vt 0.9231 0.1020
vt 0.8703 0.0711
vt 0.9203 0.0719
vt 0.9556 0.0812
vt 0.7802 0.0894
vt 0.7847 0.0953
vt 0.7837 0.0833
vt 0.8171 0.0711
vt 0.9305 0.1004
vt 0.8615 0.1003
vt 0.8595 0.0785
vt 0.9288 0.0812
vt 0.7979 0.0986
vt 0.7478 0.0993
vt 0.7524 0.0914
vt 0.7956 0.0800
vt 0.8639 0.1201
vt 0.7993 0.1189
vt 0.7536 0.1070
vt 0.9806 0.0963
vt 0.9747 0.0887
vt 0.9760 0.1043
vt 0.9327 0.1201
vt 0.9305 0.0587
vt 0.8615 0.0587
vt 0.8595 0.0368
vt 0.9288 0.0395
vt 0.7979 0.0570
vt 0.7478 0.0577
vt 0.7524 0.0498
vt 0.7956 0.0384
vt 0.8639 0.0784
vt 0.7993 0.0773
vt 0.7536 0.0653
vt 0.9806 0.0547
vt 0.9747 0.0470
vt 0.9760 0.0626
vt 0.9327 0.0784
vt 0.7895 0.0531
vt 0.8570 0.0531
vt 0.8589 0.0745
vt 0.7911 0.0719
vt 0.9193 0.0548
vt 0.9683 0.0541
vt 0.9638 0.0619
vt 0.9215 0.0730
vt 0.8546 0.0338
vt 0.9179 0.0349
vt 0.9627 0.0466
vt 0.7404 0.0570
vt 0.7462 0.0645
vt 0.7449 0.0493
vt 0.7873 0.0338
vt 0.7895 0.0938
vt 0.8570 0.0939
vt 0.8589 0.1153
vt 0.7911 0.1126
vt 0.9193 0.0955
vt 0.9683 0.0949
vt 0.9638 0.1026
vt 0.9215 0.1137
vt 0.8546 0.0745
vt 0.9179 0.0757
vt 0.9627 0.0874
vt 0.7404 0.0978
vt 0.7462 0.1053
vt 0.7449 0.0900
vt 0.7873 0.0745
vt 0.7895 0.0531
vt 0.8570 0.0531
vt 0.8589 0.0745
vt 0.7911 0.0719
vt 0.9193 0.0548
vt 0.9683 0.0541
vt 0.9638 0.0619
vt 0.9215 0.0730
vt 0.8546 0.0338
vt 0.9179 0.0349
vt 0.9627 0.0466
vt 0.7404 0.0570
vt 0.7462 0.0645
vt 0.7449 0.0493
vt 0.7873 0.0338
vt 0.7895 0.0938
vt 0.8570 0.0939
vt 0.8589 0.1153
vt 0.7911 0.1126
vt 0.9193 0.0955
vt 0.9683 0.0949
vt 0.9638 0.1026
vt 0.9215 0.1137
vt 0.8546 0.0745
vt 0.9179 0.0757
vt 0.9627 0.0874
vt 0.7404 0.0978
vt 0.7462 0.1053
vt 0.7449 0.0900
vt 0.7873 0.0745
vt 0.7895 0.0531
vt 0.8570 0.0531
vt 0.8589 0.0745
vt 0.7911 0.0719
vt 0.9193 0.0548
vt 0.9683 0.0541
vt 0.9638 0.0619
vt 0.9215 0.0730
vt 0.8546 0.0338
vt 0.9179 0.0349
vt 0.9627 0.0466
vt 0.7404 0.0570
vt 0.7462 0.0645
vt 0.7449 0.0493
vt 0.7873 0.0338
vt 0.7895 0.0938
vt 0.8570 0.0939
vt 0.8589 0.1153
vt 0.7911 0.1126
vt 0.9193 0.0955
vt 0.9683 0.0949
vt 0.9638 0.1026
vt 0.9215 0.1137
vt 0.8546 0.0745
vt 0.9179 0.0757
vt 0.9627 0.0874
vt 0.7404 0.0978
vt 0.7462 0.1053
vt 0.7449 0.0900
vt 0.7873 0.0745
vt 0.7895 0.0531
vt 0.8570 0.0531
vt 0.8589 0.0745
vt 0.7911 0.0719
vt 0.9193 0.0548
vt 0.9683 0.0541
vt 0.9638 0.0619
vt 0.9215 0.0730
vt 0.8546 0.0338
vt 0.9179 0.0349
vt 0.9627 0.0466
vt 0.7404 0.0570
vt 0.7462 0.0645
vt 0.7449 0.0493
vt 0.7873 0.0338
vt 0.7895 0.0938
vt 0.8570 0.0939
vt 0.8589 0.1153
vt 0.7911 0.1126
vt 0.9193 0.0955
vt 0.9683 0.0949
vt 0.9638 0.1026
vt 0.9215 0.1137
vt 0.8546 0.0745
vt 0.9179 0.0757
vt 0.9627 0.0874
vt 0.7404 0.0978
vt 0.7462 0.1053
vt 0.7449 0.0900
vt 0.7873 0.0745
vt 0.9189 0.1014
vt 0.9503 0.0956
vt 0.9503 0.1042
vt 0.9132 0.1118
vt 0.8274 0.0988
vt 0.8730 0.1009
vt 0.8727 0.1159
vt 0.8324 0.1095
vt 0.7967 0.0910
vt 0.7962 0.0994
vt 0.8739 0.0682
vt 0.9197 0.0702
vt 0.9126 0.0856
vt 0.8732 0.0846
vt 0.7972 0.0735
vt 0.8284 0.0676
vt 0.8339 0.0834
vt 0.7967 0.0822
vt 0.9508 0.0776
vt 0.9508 0.0866
vt 0.9145 0.0595
vt 0.9512 0.0690
vt 0.8340 0.0573
vt 0.8745 0.0533
vt 0.7973 0.0651
vt 0.9591 0.0954
vt 0.9592 0.1041
vt 0.9600 0.0868
vt 0.9595 0.0782
vt 0.9600 0.0696
vt 0.7802 0.0985
vt 0.7807 0.0900
vt 0.7802 0.0818
vt 0.7812 0.0736
vt 0.7812 0.0650
vt 0.7940 0.0506
vt 0.8313 0.0429
vt 0.8740 0.0389
vt 0.9168 0.0447
vt 0.9547 0.0539
vt 0.9521 0.1137
vt 0.9142 0.1212
vt 0.8719 0.1250
vt 0.8301 0.1184
vt 0.7936 0.1084
vt 0.9189 0.1014
vt 0.9503 0.0956
vt 0.9503 0.1042
vt 0.9132 0.1118
vt 0.8274 0.0988
vt 0.8730 0.1009
vt 0.8727 0.1159
vt 0.8324 0.1095
vt 0.7967 0.0910
vt 0.7962 0.0994
vt 0.8739 0.0682
vt 0.9197 0.0702
vt 0.9126 0.0856
vt 0.8732 0.0846
vt 0.7972 0.0735
vt 0.8284 0.0676
vt 0.8339 0.0834
vt 0.7967 0.0822
vt 0.9508 0.0776
vt 0.9508 0.0866
vt 0.9145 0.0595
vt 0.9512 0.0690
vt 0.8340 0.0573
vt 0.8745 0.0533
vt 0.7973 0.0651
vt 0.9591 0.0954
vt 0.9592 0.1041
vt 0.9600 0.0868
vt 0.9595 0.0782
vt 0.9600 0.0696
vt 0.7802 0.0985
vt 0.7807 0.0900
vt 0.7802 0.0818
vt 0.7812 0.0736
vt 0.7812 0.0650
vt 0.7940 0.0506
vt 0.8313 0.0429
vt 0.8740 0.0389
vt 0.9168 0.0447
vt 0.9547 0.0539
vt 0.9521 0.1137
vt 0.9142 0.1212
vt 0.8719 0.1250
vt 0.8301 0.1184
vt 0.7936 0.1084
vt 0.9189 0.1014
vt 0.9132 0.1118
vt 0.9503 0.1042
vt 0.9503 0.0956
vt 0.8274 0.0988
vt 0.8324 0.1095
vt 0.8727 0.1159
vt 0.8730 0.1009
vt 0.7967 0.0910
vt 0.7962 0.0994
vt 0.8739 0.0682
vt 0.8732 0.0846
vt 0.9126 0.0856
vt 0.9197 0.0702
vt 0.7972 0.0735
vt 0.7967 0.0822
vt 0.8339 0.0834
vt 0.8284 0.0676
vt 0.9508 0.0866
vt 0.9508 0.0776
vt 0.9145 0.0595
vt 0.9512 0.0690
vt 0.8340 0.0573
vt 0.8745 0.0533
vt 0.7973 0.0651
vt 0.9592 0.1041
vt 0.9591 0.0954
vt 0.9600 0.0868
vt 0.9595 0.0782
vt 0.9600 0.0696
vt 0.7807 0.0900
vt 0.7802 0.0985
vt 0.7802 0.0818
vt 0.7812 0.0650
vt 0.7812 0.0736
vt 0.8313 0.0429
vt 0.7940 0.0506
vt 0.8740 0.0389
vt 0.9547 0.0539
vt 0.9168 0.0447
vt 0.9142 0.1212
vt 0.9521 0.1137
vt 0.8301 0.1184
vt 0.8719 0.1250
vt 0.7936 0.1084
vt 0.9189 0.1014
vt 0.9132 0.1118
vt 0.9503 0.1042
vt 0.9503 0.0956
vt 0.8274 0.0988
vt 0.8324 0.1095
vt 0.8727 0.1159
vt 0.8730 0.1009
vt 0.7967 0.0910
vt 0.7962 0.0994
vt 0.8739 0.0682
vt 0.8732 0.0846
vt 0.9126 0.0856
vt 0.9197 0.0702
vt 0.7972 0.0735
vt 0.7967 0.0822
vt 0.8339 0.0834
vt 0.8284 0.0676
vt 0.9508 0.0866
vt 0.9508 0.0776
vt 0.9145 0.0595
vt 0.9512 0.0690
vt 0.8340 0.0573
vt 0.8745 0.0533
vt 0.7973 0.0651
vt 0.9592 0.1041
vt 0.9591 0.0954
vt 0.9600 0.0868
vt 0.9595 0.0782
vt 0.9600 0.0696
vt 0.7807 0.0900
vt 0.7802 0.0985
vt 0.7802 0.0818
vt 0.7812 0.0650
vt 0.7812 0.0736
vt 0.8313 0.0429
vt 0.7940 0.0506
vt 0.8740 0.0389
vt 0.9547 0.0539
vt 0.9168 0.0447
vt 0.9142 0.1212
vt 0.9521 0.1137
vt 0.8301 0.1184
vt 0.8719 0.1250
vt 0.7936 0.1084
vt 0.9189 0.1014
vt 0.9503 0.0956
vt 0.9503 0.1042
vt 0.9132 0.1118
vt 0.8274 0.0988
vt 0.8730 0.1009
vt 0.8727 0.1159
vt 0.8324 0.1095
vt 0.7967 0.0910
vt 0.7962 0.0994
vt 0.8739 0.0682
vt 0.9197 0.0702
vt 0.9126 0.0856
vt 0.8732 0.0846
vt 0.7972 0.0735
vt 0.8284 0.0676
vt 0.8339 0.0834
vt 0.7967 0.0822
vt 0.9508 0.0776
vt 0.9508 0.0866
vt 0.9145 0.0595
vt 0.9512 0.0690
vt 0.8340 0.0573
vt 0.8745 0.0533
vt 0.7973 0.0651
vt 0.9591 0.0954
vt 0.9592 0.1041
vt 0.9600 0.0868
vt 0.9595 0.0782
vt 0.9600 0.0696
vt 0.7802 0.0985
vt 0.7807 0.0900
vt 0.7802 0.0818
vt 0.7812 0.0736
vt 0.7812 0.0650
vt 0.7940 0.0506
vt 0.8313 0.0429
vt 0.8740 0.0389
vt 0.9168 0.0447
vt 0.9547 0.0539
vt 0.9521 0.1137
vt 0.9142 0.1212
vt 0.8719 0.1250
vt 0.8301 0.1184
vt 0.7936 0.1084
vt 0.8924 0.5865
vt 0.8915 0.5859
vt 0.8919 0.5851
vt 0.8930 0.5853
vt 0.8906 0.5853
vt 0.8910 0.5848
vt 0.8920 0.5841
vt 0.8930 0.5839
vt 0.8912 0.5843
vt 0.8915 0.5875
vt 0.8909 0.5866
vt 0.8903 0.5881
vt 0.8901 0.5871
vt 0.8903 0.5858
vt 0.8899 0.5863
vt 0.8895 0.5846
vt 0.8900 0.5849
vt 0.8897 0.5854
vt 0.8892 0.5851
vt 0.8894 0.5860
vt 0.8888 0.5857
vt 0.8899 0.5863
vt 0.8894 0.5860
vt 0.8898 0.5859
vt 0.8898 0.5859
vt 0.8898 0.5841
vt 0.8904 0.5845
vt 0.8903 0.5835
vt 0.8908 0.5839
vt 0.8908 0.5844
vt 0.8909 0.5844
vt 0.8891 0.5843
vt 0.8894 0.5838
vt 0.8884 0.5839
vt 0.8888 0.5834
vt 0.8897 0.5832
vt 0.8893 0.5833
vt 0.8893 0.5833
vt 0.8887 0.5848
vt 0.8883 0.5853
vt 0.8881 0.5844
vt 0.8893 0.5833
vt 0.8866 0.5826
vt 0.8875 0.5833
vt 0.8871 0.5842
vt 0.8861 0.5839
vt 0.8871 0.5851
vt 0.8860 0.5853
vt 0.8878 0.5850
vt 0.8876 0.5817
vt 0.8882 0.5826
vt 0.8889 0.5812
vt 0.8891 0.5821
vt 0.8892 0.5829
vt 0.8876 0.5876
vt 0.8882 0.5866
vt 0.8891 0.5870
vt 0.8889 0.5881
vt 0.8866 0.5866
vt 0.8875 0.5860
vt 0.8915 0.5817
vt 0.8909 0.5826
vt 0.8900 0.5822
vt 0.8902 0.5812
vt 0.8925 0.5827
vt 0.8916 0.5833
vt 0.8898 0.5859
vt 0.8898 0.5859
vt 0.8909 0.5843
vt 0.8909 0.5843
vt 0.8893 0.5833
vt 0.8883 0.5849
vt 0.8883 0.5849
vt 0.8883 0.5849
vt 0.8883 0.5849
vt 0.7895 0.0531
vt 0.8570 0.0531
vt 0.8589 0.0745
vt 0.7911 0.0719
vt 0.9193 0.0548
vt 0.9683 0.0541
vt 0.9638 0.0619
vt 0.9215 0.0730
vt 0.8546 0.0338
vt 0.9179 0.0349
vt 0.9627 0.0466
vt 0.7404 0.0570
vt 0.7462 0.0645
vt 0.7449 0.0493
vt 0.7873 0.0338
vt 0.7895 0.0938
vt 0.8570 0.0939
vt 0.8589 0.1153
vt 0.7911 0.1126
vt 0.9193 0.0955
vt 0.9683 0.0949
vt 0.9638 0.1026
vt 0.9215 0.1137
vt 0.8546 0.0745
vt 0.9179 0.0757
vt 0.9627 0.0874
vt 0.7404 0.0978
vt 0.7462 0.1053
vt 0.7449 0.0900
vt 0.7873 0.0745
vt 0.9189 0.1014
vt 0.9503 0.0956
vt 0.9503 0.1042
vt 0.9132 0.1118
vt 0.8274 0.0988
vt 0.8730 0.1009
vt 0.8727 0.1159
vt 0.8324 0.1095
vt 0.7967 0.0910
vt 0.7962 0.0994
vt 0.8739 0.0682
vt 0.9197 0.0702
vt 0.9126 0.0856
vt 0.8732 0.0846
vt 0.7972 0.0735
vt 0.8284 0.0676
vt 0.8339 0.0834
vt 0.7967 0.0822
vt 0.9508 0.0776
vt 0.9508 0.0866
vt 0.9145 0.0595
vt 0.9512 0.0690
vt 0.8340 0.0573
vt 0.8745 0.0533
vt 0.7973 0.0651
vt 0.9591 0.0954
vt 0.9592 0.1041
vt 0.9600 0.0868
vt 0.9595 0.0782
vt 0.9600 0.0696
vt 0.7802 0.0985
vt 0.7807 0.0900
vt 0.7802 0.0818
vt 0.7812 0.0736
vt 0.7812 0.0650
vt 0.7940 0.0506
vt 0.8313 0.0429
vt 0.8740 0.0389
vt 0.9168 0.0447
vt 0.9547 0.0539
vt 0.9521 0.1137
vt 0.9142 0.1212
vt 0.8719 0.1250
vt 0.8301 0.1184
vt 0.7936 0.1084
vt 0.8924 0.5865
vt 0.8915 0.5859
vt 0.8919 0.5851
vt 0.8930 0.5853
vt 0.8906 0.5853
vt 0.8910 0.5848
vt 0.8920 0.5841
vt 0.8930 0.5839
vt 0.8912 0.5843
vt 0.8915 0.5875
vt 0.8909 0.5866
vt 0.8903 0.5881
vt 0.8901 0.5871
vt 0.8903 0.5858
vt 0.8899 0.5863
vt 0.8895 0.5846
vt 0.8900 0.5849
vt 0.8897 0.5854
vt 0.8892 0.5851
vt 0.8894 0.5860
vt 0.8888 0.5857
vt 0.8899 0.5863
vt 0.8894 0.5860
vt 0.8898 0.5859
vt 0.8898 0.5859
vt 0.8898 0.5841
vt 0.8904 0.5845
vt 0.8903 0.5835
vt 0.8908 0.5839
vt 0.8908 0.5844
vt 0.8909 0.5844
vt 0.8891 0.5843
vt 0.8894 0.5838
vt 0.8884 0.5839
vt 0.8888 0.5834
vt 0.8897 0.5832
vt 0.8893 0.5833
vt 0.8893 0.5833
vt 0.8887 0.5848
vt 0.8883 0.5853
vt 0.8881 0.5844
vt 0.8893 0.5833
vt 0.8866 0.5826
vt 0.8875 0.5833
vt 0.8871 0.5842
vt 0.8861 0.5839
vt 0.8871 0.5851
vt 0.8860 0.5853
vt 0.8878 0.5850
vt 0.8876 0.5817
vt 0.8882 0.5826
vt 0.8889 0.5812
vt 0.8891 0.5821
vt 0.8892 0.5829
vt 0.8876 0.5876
vt 0.8882 0.5866
vt 0.8891 0.5870
vt 0.8889 0.5881
vt 0.8866 0.5866
vt 0.8875 0.5860
vt 0.8915 0.5817
vt 0.8909 0.5826
vt 0.8900 0.5822
vt 0.8902 0.5812
vt 0.8925 0.5827
vt 0.8916 0.5833
vt 0.8898 0.5859
vt 0.8898 0.5859
vt 0.8909 0.5843
vt 0.8909 0.5843
vt 0.8893 0.5833
vt 0.8883 0.5849
vt 0.8883 0.5849
vt 0.8883 0.5849
vt 0.8883 0.5849
vt 0.7895 0.0531
vt 0.8570 0.0531
vt 0.8589 0.0745
vt 0.7911 0.0719
vt 0.9193 0.0548
vt 0.9683 0.0541
vt 0.9638 0.0619
vt 0.9215 0.0730
vt 0.8546 0.0338
vt 0.9179 0.0349
vt 0.9627 0.0466
vt 0.7404 0.0570
vt 0.7462 0.0645
vt 0.7449 0.0493
vt 0.7873 0.0338
vt 0.7895 0.0938
vt 0.8570 0.0939
vt 0.8589 0.1153
vt 0.7911 0.1126
vt 0.9193 0.0955
vt 0.9683 0.0949
vt 0.9638 0.1026
vt 0.9215 0.1137
vt 0.8546 0.0745
vt 0.9179 0.0757
vt 0.9627 0.0874
vt 0.7404 0.0978
vt 0.7462 0.1053
vt 0.7449 0.0900
vt 0.7873 0.0745
vt 0.9189 0.1014
vt 0.9503 0.0956
vt 0.9503 0.1042
vt 0.9132 0.1118
vt 0.8274 0.0988
vt 0.8730 0.1009
vt 0.8727 0.1159
vt 0.8324 0.1095
vt 0.7967 0.0910
vt 0.7962 0.0994
vt 0.8739 0.0682
vt 0.9197 0.0702
vt 0.9126 0.0856
vt 0.8732 0.0846
vt 0.7972 0.0735
vt 0.8284 0.0676
vt 0.8339 0.0834
vt 0.7967 0.0822
vt 0.9508 0.0776
vt 0.9508 0.0866
vt 0.9145 0.0595
vt 0.9512 0.0690
vt 0.8340 0.0573
vt 0.8745 0.0533
vt 0.7973 0.0651
vt 0.9591 0.0954
vt 0.9592 0.1041
vt 0.9600 0.0868
vt 0.9595 0.0782
vt 0.9600 0.0696
vt 0.7802 0.0985
vt 0.7807 0.0900
vt 0.7802 0.0818
vt 0.7812 0.0736
vt 0.7812 0.0650
vt 0.7940 0.0506
vt 0.8313 0.0429
vt 0.8740 0.0389
vt 0.9168 0.0447
vt 0.9547 0.0539
vt 0.9521 0.1137
vt 0.9142 0.1212
vt 0.8719 0.1250
vt 0.8301 0.1184
vt 0.7936 0.1084
f 21/1 15/2 16/3 22/4
f 15/2 9/5 10/6 16/3
f 9/5 3/7 4/8 10/6
f 3/7 38/9 39/10 4/8
f 366/11 28/12 27/13 365/14
f 367/15 48/16 28/12 366/11
f 331/17 330/18 326/19 126/20
f 326/19 318/21 60/22 126/20
f 1333/23 1332/24 1477/25 1476/26
f 23/27 17/28 18/29 24/30
f 17/28 11/31 12/32 18/29
f 11/31 5/33 6/34 12/32
f 5/33 40/35 41/36 6/34
f 555/37 23/27 24/30 554/38
f 58/39 53/40 52/41 57/42
f 57/43 52/44 51/45 56/46
f 56/46 51/45 50/47 55/48
f 63/49 64/50 61/51 60/52
f 325/53 264/54 524/55 377/56
f 66/57 67/58 64/50 63/49
f 14/59 20/60 53/40 58/39
f 74/61 58/39 57/42 73/62
f 73/63 57/43 56/46 72/64
f 72/64 56/46 55/48 71/65
f 78/66 74/61 73/62 77/67
f 331/68 332/69 82/70 81/71
f 77/72 73/63 72/64 76/73
f 76/73 72/64 71/65 75/74
f 86/75 78/66 77/67 85/76
f 85/77 77/72 76/73 84/78
f 84/78 76/73 75/74 83/79
f 159/80 79/81 544/82 160/83
f 116/84 86/75 85/76 115/85
f 115/86 85/77 84/78 117/87
f 117/87 84/78 83/79 118/88
f 121/89 124/90 40/91 39/92
f 102/93 95/94 94/95 101/96
f 97/97 98/98 105/99 104/100
f 101/101 94/102 93/103 100/104
f 100/104 93/103 92/105 99/106
f 109/107 102/93 101/96 108/108
f 104/100 105/99 112/109 111/110
f 108/111 101/101 100/104 107/112
f 107/112 100/104 99/106 106/113
f 5/33 4/8 39/10 40/35
f 4/8 5/33 11/31 10/6
f 10/6 11/31 17/28 16/3
f 605/114 219/115 242/116 607/117
f 16/3 17/28 23/27 22/4
f 38/9 122/118 121/89 39/10
f 655/119 1411/120 1434/121 651/122
f 40/91 124/90 123/123 41/36
f 8/124 14/59 58/39 74/61
f 1/125 8/124 74/61 78/66
f 78/66 86/75 36/126 1/125
f 120/127 36/126 86/75 116/84
f 30/128 42/129 95/94 102/93
f 102/93 109/107 33/130 30/128
f 330/18 540/131 338/132 326/19
f 609/133 556/134 197/135 604/136
f 878/137 1297/138 3298/139 3296/140
f 135/141 136/142 147/143 146/144
f 142/145 132/146 131/147 141/148
f 141/148 131/147 130/149 140/150
f 137/151 127/152 133/153 143/154
f 599/155 26/156 27/157 600/158
f 143/154 133/153 132/159 142/160
f 152/161 141/148 140/150 151/162
f 148/163 137/151 143/154 154/164
f 154/164 143/154 142/160 153/165
f 146/144 147/143 157/166 156/167
f 153/168 142/145 141/148 152/161
f 602/169 159/80 160/83 601/170
f 601/170 160/83 161/171 600/172
f 542/173 162/174 161/175 543/176
f 608/177 333/178 163/179 598/180
f 177/181 520/182 53/40 20/60
f 521/183 522/184 51/45 52/44
f 594/185 593/186 1428/187 1429/188
f 184/189 152/161 151/162 183/190
f 180/191 148/163 154/164 186/192
f 607/117 242/116 230/193 606/194
f 542/195 379/196 325/197 276/198
f 186/192 154/164 153/165 185/199
f 188/200 156/167 157/166 189/201
f 185/202 153/168 152/161 184/189
f 162/174 542/173 276/198 333/203
f 125/204 371/205 324/206 332/207
f 324/208 323/209 25/210 369/211
f 1622/212 282/213 286/214 1624/215
f 1671/216 270/217 275/218 1677/219
f 1635/220 259/221 263/222 1632/223
f 253/224 263/222 259/221 249/225
f 218/226 208/227 207/228 217/229
f 221/230 210/231 211/232 222/233
f 217/234 207/235 206/236 216/237
f 216/237 206/236 205/238 215/239
f 212/240 202/241 208/227 218/226
f 249/225 238/242 243/243 253/224
f 188/244 346/245 345/246 156/247
f 238/242 226/248 231/249 243/243
f 233/250 221/230 222/233 234/251
f 228/252 217/234 216/237 227/253
f 227/253 216/237 215/239 226/254
f 223/255 212/240 218/226 229/256
f 231/249 226/248 215/239 220/257
f 155/258 345/246 346/245 187/259
f 220/257 215/239 205/238 209/260
f 229/256 218/226 217/229 228/261
f 239/262 227/253 226/254 238/242
f 235/263 223/255 229/256 241/264
f 344/265 146/266 156/247 345/246
f 210/231 199/267 200/268 211/232
f 241/264 229/256 228/261 240/269
f 244/270 233/250 234/251 245/271
f 240/272 228/252 227/253 239/262
f 246/273 235/263 241/264 252/274
f 345/246 155/258 144/275 344/265
f 252/274 241/264 240/269 251/276
f 254/277 244/270 245/271 255/278
f 251/279 240/272 239/262 250/280
f 250/280 239/262 238/242 249/225
f 146/266 344/265 343/281 135/282
f 187/259 183/190 151/162 155/258
f 262/283 252/274 251/276 261/284
f 265/285 254/277 255/278 266/286
f 261/287 251/279 250/280 260/288
f 260/288 250/280 249/225 259/221
f 256/289 246/273 252/274 262/283
f 155/258 151/162 140/150 144/275
f 1631/290 262/283 261/284 1633/291
f 1637/292 265/285 266/286 1634/293
f 1633/294 261/287 260/288 1636/295
f 1636/295 260/288 259/221 1635/220
f 1639/296 256/289 262/283 1631/290
f 144/275 140/150 130/149 134/297
f 344/265 144/275 134/297 343/281
f 135/141 111/110 112/109 136/142
f 340/298 104/299 111/300 341/301
f 1674/302 273/303 272/304 1673/305
f 1676/306 277/307 278/308 1675/309
f 1673/310 272/311 271/312 1672/313
f 1672/313 271/312 270/217 1671/216
f 1669/314 267/315 273/303 1674/302
f 341/301 111/300 135/282 343/281
f 343/281 134/297 110/316 341/301
f 99/106 103/317 110/318 106/113
f 339/319 97/320 104/299 340/298
f 1625/321 288/322 289/323 1626/324
f 1629/325 284/326 283/327 1628/328
f 1628/328 283/327 282/213 1622/212
f 1620/329 279/330 285/331 1627/332
f 103/317 99/106 92/105 96/333
f 130/149 106/113 110/318 134/297
f 1627/332 285/331 284/334 1629/335
f 1583/336 1585/337 291/338 316/339
f 1587/340 1583/336 316/339 292/341
f 1670/342 1667/343 317/344 268/345
f 1638/346 1641/347 268/345 317/344
f 1668/348 1667/349 315/350 281/351
f 1640/352 1638/346 317/344 269/353
f 358/354 258/355 248/356 357/357
f 357/357 247/358 257/359 358/354
f 237/360 359/361 357/357 248/356
f 225/362 360/363 359/361 237/360
f 214/364 361/365 360/363 225/362
f 204/366 362/367 361/365 214/364
f 347/368 199/369 210/370 348/371
f 359/361 236/372 247/358 357/357
f 198/373 347/368 348/371 209/374
f 360/363 224/375 236/372 359/361
f 361/365 213/376 224/375 360/363
f 213/376 361/365 362/367 203/377
f 205/238 193/378 198/373 209/260
f 206/236 194/379 193/378 205/238
f 150/380 313/381 314/382 182/383
f 336/384 319/385 318/386 337/387
f 335/388 320/389 319/385 336/384
f 477/390 478/391 201/392 329/393
f 528/394 387/395 327/396 264/397
f 395/398 403/399 299/400 287/401
f 387/395 395/398 287/401 327/396
f 371/205 26/402 323/209 324/206
f 126/20 125/204 332/207 331/17
f 379/196 528/394 264/397 325/197
f 599/403 162/174 333/203 608/177
f 81/71 89/404 330/18 331/68
f 326/19 338/132 337/387 318/21
f 139/405 312/406 313/381 150/380
f 129/407 311/408 312/406 139/405
f 131/147 107/112 106/113 130/149
f 132/146 108/111 107/112 131/147
f 32/409 309/410 310/411 35/412
f 309/410 32/409 44/413 308/414
f 313/381 149/415 181/416 314/382
f 307/417 308/414 44/413 122/418
f 312/406 138/419 149/415 313/381
f 307/417 122/418 38/9 306/420
f 311/408 128/421 138/419 312/406
f 133/153 109/107 108/108 132/159
f 127/152 33/130 109/107 133/153
f 309/410 31/422 34/423 310/411
f 3/7 305/424 306/420 38/9
f 31/422 309/410 308/414 43/425
f 305/424 3/7 9/5 304/426
f 119/427 43/425 308/414 307/417
f 119/427 307/417 306/420 37/428
f 305/424 2/429 37/428 306/420
f 525/430 382/431 381/432 533/433
f 264/397 327/396 385/434 524/55
f 527/435 383/436 382/431 525/430
f 382/431 390/437 389/438 381/432
f 327/396 287/401 393/439 385/434
f 383/436 391/440 390/437 382/431
f 390/437 398/441 397/442 389/438
f 287/401 299/400 401/443 393/439
f 391/440 399/444 398/441 390/437
f 439/445 431/446 436/447 419/448
f 172/449 422/450 421/451 171/452
f 422/450 426/453 425/454 421/451
f 419/448 436/447 173/455 420/456
f 432/457 437/458 433/459 438/460
f 1252/461 1488/462 1482/463 1250/464
f 536/465 174/466 418/467 546/468
f 170/469 432/457 438/460 169/470
f 304/426 9/5 15/2 303/471
f 172/449 173/455 436/447 422/450
f 426/453 422/450 436/447 431/446
f 170/469 171/452 421/451 432/457
f 421/451 425/454 437/458 432/457
f 407/472 454/473 453/474 406/475
f 406/475 453/474 452/476 405/477
f 411/478 405/477 452/476 415/479
f 328/480 322/481 411/478 415/479
f 322/481 328/480 442/482 409/483
f 440/484 441/485 423/486 427/487
f 435/488 430/489 427/487 423/486
f 434/490 429/491 430/489 435/488
f 413/492 428/493 429/491 434/490
f 416/494 424/495 428/493 413/492
f 447/496 455/497 461/498 449/499
f 445/500 457/501 456/502 446/503
f 449/499 461/498 462/504 448/505
f 450/506 460/507 455/497 447/496
f 448/505 462/504 457/501 445/500
f 441/485 450/506 447/496 423/486
f 467/508 471/509 470/510 466/511
f 466/511 470/510 469/512 465/513
f 449/499 435/488 423/486 447/496
f 329/393 201/392 464/514 463/515
f 1286/516 1522/517 1525/518 1285/519
f 588/520 1386/521 1176/522 589/523
f 475/524 476/525 482/526 481/527
f 475/524 481/527 480/528 474/529
f 474/529 480/528 479/530 473/531
f 512/532 473/531 479/530 484/533
f 232/534 145/535 512/532 484/533
f 145/535 232/534 483/536 513/537
f 503/538 498/539 499/540 504/541
f 504/541 499/540 501/542 506/543
f 506/543 501/542 500/544 505/545
f 505/545 500/544 497/546 502/547
f 496/548 502/547 497/546 493/549
f 587/550 1165/551 1386/521 588/520
f 471/552 472/553 476/525 475/524
f 471/552 475/524 474/529 470/510
f 114/554 118/88 83/79 87/555
f 470/510 474/529 473/531 469/512
f 478/556 469/512 473/531 512/532
f 145/535 201/392 478/391 512/532
f 201/392 145/535 513/537 464/514
f 1623/557 1626/324 289/323 281/558
f 1668/559 1675/309 278/308 269/560
f 1640/561 1634/293 266/286 258/562
f 258/355 266/286 255/278 248/356
f 245/271 237/360 248/356 255/278
f 234/251 225/362 237/360 245/271
f 87/555 83/79 75/74 80/563
f 60/22 61/51 125/204 126/20
f 533/433 381/432 387/395 528/394
f 381/432 389/438 395/398 387/395
f 389/438 397/442 403/399 395/398
f 560/564 561/565 424/495 416/494
f 448/505 434/490 435/488 449/499
f 445/500 413/492 434/490 448/505
f 465/513 469/512 478/556 477/390
f 232/534 29/566 489/567 483/536
f 225/362 234/251 222/233 214/364
f 214/364 222/233 211/232 204/366
f 200/268 192/568 204/366 211/232
f 182/569 192/568 200/268 189/570
f 157/166 150/380 182/383 189/201
f 150/380 157/166 147/143 139/405
f 136/142 129/407 139/405 147/143
f 112/109 35/571 129/407 136/142
f 105/99 32/409 35/412 112/109
f 32/409 105/99 98/98 44/413
f 44/413 98/98 113/572 45/573
f 45/573 113/572 90/574 46/575
f 46/575 90/574 91/576 47/577
f 91/576 370/578 364/579 47/577
f 297/580 274/581 364/579 370/578
f 596/582 274/581 297/580 597/583
f 596/582 597/583 164/584 165/585
f 164/584 535/586 534/587 165/585
f 372/588 534/587 535/586 378/589
f 547/590 529/591 372/588 378/589
f 529/591 547/590 386/592 380/593
f 394/594 388/595 380/593 386/592
f 402/596 396/597 388/595 394/594
f 404/598 410/599 414/600 412/601
f 412/601 414/600 444/602 443/603
f 443/603 444/602 458/604 459/605
f 459/605 458/604 514/606 516/607
f 491/608 492/609 516/607 514/606
f 492/609 491/608 494/610 495/611
f 114/554 96/333 92/105 118/88
f 93/103 117/87 118/88 92/105
f 94/102 115/86 117/87 93/103
f 460/507 515/612 510/613 455/497
f 472/553 471/552 467/508 468/614
f 518/615 68/616 65/617 519/618
f 335/388 334/619 321/620 320/389
f 66/621 320/389 321/620 69/622
f 66/621 69/622 70/623 67/58
f 95/94 116/84 115/85 94/95
f 42/129 120/127 116/84 95/94
f 2/429 305/424 304/426 7/624
f 7/624 304/426 303/471 13/625
f 1223/626 1243/627 3258/628 3299/629
f 170/469 531/630 532/631 171/452
f 13/625 303/471 302/632 19/633
f 179/634 19/633 302/632 517/635
f 70/623 368/636 367/637 67/58
f 49/638 48/16 367/15 368/636
f 80/563 75/74 71/65 59/639
f 55/48 62/640 59/639 71/65
f 366/11 64/50 67/58 367/15
f 365/14 61/51 64/50 366/11
f 61/51 365/14 371/205 125/204
f 332/69 324/206 369/211 82/70
f 303/471 15/2 21/1 302/632
f 302/632 21/1 178/641 517/635
f 123/123 417/642 175/643 41/36
f 176/644 6/34 41/36 175/643
f 531/645 54/646 3306/647 3262/648
f 520/182 521/649 52/41 53/40
f 602/169 603/650 158/651 159/80
f 558/652 554/38 24/30 168/653
f 522/184 523/654 50/47 51/45
f 88/655 79/81 159/80 158/651
f 569/656 566/657 530/658 550/659
f 551/660 537/661 539/662 174/663
f 374/664 525/430 533/433 373/665
f 122/418 44/413 45/573 121/89
f 174/466 539/662 538/666 418/467
f 379/196 542/195 543/176 373/667
f 169/470 54/646 531/645 170/469
f 91/576 82/668 369/669 370/578
f 375/670 527/435 525/430 374/664
f 375/671 79/81 88/655 376/672
f 333/178 276/198 541/673 163/179
f 160/83 544/82 543/176 161/171
f 1242/674 1223/626 3299/629 3308/675
f 373/665 533/433 528/394 379/196
f 1230/676 1241/677 3278/678 3290/679
f 54/646 550/680 3284/681 3306/647
f 242/116 175/643 417/642 230/193
f 90/574 81/682 82/668 91/576
f 545/683 532/684 3263/685 3275/686
f 526/687 527/435 375/670 376/672
f 171/452 532/631 545/683 172/449
f 557/688 565/689 54/646 169/470
f 172/449 545/683 536/690 173/455
f 527/435 526/687 384/691 383/436
f 173/455 536/690 546/468 420/456
f 595/692 564/693 446/503 456/502
f 539/662 166/694 167/695 538/666
f 89/696 97/320 339/319 342/697
f 81/682 90/574 113/572 89/698
f 97/97 89/698 113/572 98/98
f 276/198 325/197 377/56 541/673
f 26/156 371/205 365/14 27/157
f 544/82 374/664 373/665 543/176
f 79/81 375/671 374/664 544/82
f 383/436 384/691 392/699 391/440
f 391/440 392/699 400/700 399/444
f 537/661 548/701 166/694 539/662
f 551/702 545/683 3275/686 3271/703
f 24/30 18/29 3250/704 3255/705
f 1241/677 1298/706 3252/707 3278/678
f 556/134 558/652 168/653 197/135
f 545/683 551/702 174/663 536/690
f 176/708 219/709 3294/710 3293/711
f 168/653 24/30 3255/705 3256/712
f 675/713 681/714 3260/715 3259/716
f 566/657 568/717 549/718 530/658
f 1243/627 728/719 3257/720 3258/628
f 565/689 569/656 550/659 54/646
f 1224/721 1225/722 3288/723 3285/724
f 12/32 6/34 3292/725 3248/726
f 219/115 176/708 175/643 242/116
f 62/640 55/48 50/47 65/727
f 523/654 519/618 65/617 50/47
f 330/18 89/404 342/697 540/131
f 318/386 319/385 63/49 60/22
f 320/389 66/621 63/49 319/385
f 570/728 1213/729 746/730 567/731
f 571/732 1018/733 1005/734 572/735
f 573/736 69/622 321/620 572/737
f 573/738 747/739 748/740 574/741
f 574/741 748/740 1054/742 575/743
f 576/744 49/638 368/636 575/745
f 610/746 1300/747 836/748 577/749
f 578/750 88/655 158/651 577/751
f 578/752 1390/753 1380/754 579/755
f 580/756 526/687 376/672 579/757
f 580/758 1391/759 1071/760 581/761
f 581/761 1071/760 1381/762 582/763
f 582/763 1381/762 1382/764 583/765
f 584/766 1383/767 1384/768 585/769
f 446/503 416/494 413/492 445/500
f 564/693 560/564 416/494 446/503
f 586/770 1385/771 1165/551 587/550
f 507/772 461/498 455/497 510/613
f 508/773 462/504 461/498 507/772
f 510/613 515/612 493/549 497/546
f 500/544 507/772 510/613 497/546
f 29/566 232/534 484/533 490/774
f 484/533 479/530 485/775 490/774
f 480/528 486/776 485/775 479/530
f 481/527 487/777 486/776 480/528
f 501/542 508/773 507/772 500/544
f 499/540 511/778 508/773 501/542
f 511/778 457/501 462/504 508/773
f 509/779 456/502 457/501 511/778
f 328/480 329/393 463/515 442/482
f 329/393 328/480 415/479 477/390
f 477/390 415/479 452/476 465/513
f 465/513 452/476 453/474 466/511
f 466/511 453/474 454/473 467/508
f 407/472 408/780 451/781 454/473
f 467/508 454/473 451/781 468/614
f 585/782 586/783 468/614 451/781
f 556/134 609/133 1409/784 1408/785
f 498/539 509/779 511/778 499/540
f 593/186 594/185 509/779 498/539
f 481/527 482/526 488/786 487/777
f 589/787 590/788 488/786 482/526
f 21/1 22/4 553/789 552/790
f 1358/791 1355/792 1474/793 1470/794
f 22/4 23/27 555/37 553/789
f 554/38 558/652 1414/795 1423/796
f 169/470 438/460 562/797 557/688
f 21/1 552/790 559/798 178/641
f 438/460 433/459 563/799 562/797
f 503/538 592/800 593/186 498/539
f 476/525 588/520 589/523 482/526
f 472/553 587/550 588/520 476/525
f 566/657 569/656 1426/801 1421/802
f 1256/803 1490/804 1493/805 1257/806
f 595/807 594/185 1429/188 1407/808
f 1374/809 1373/810 1467/811 1466/812
f 1331/813 1333/23 1476/26 1478/814
f 643/815 639/816 1413/817 1432/818
f 518/615 570/728 567/731 68/616
f 334/619 571/732 572/735 321/620
f 747/739 573/738 572/737 1005/734
f 69/622 573/736 574/741 70/623
f 70/623 574/741 575/743 368/636
f 721/819 576/744 575/745 1054/742
f 603/650 610/746 577/749 158/651
f 1390/753 578/752 577/751 836/748
f 88/655 578/750 579/755 376/672
f 1391/759 580/758 579/757 1380/754
f 526/687 580/756 581/761 384/691
f 384/691 581/761 582/763 392/699
f 392/699 582/763 583/765 400/700
f 408/780 584/766 585/769 451/781
f 1304/820 1483/821 1496/822 1262/823
f 468/614 586/783 587/550 472/553
f 1384/768 1385/771 586/770 585/769
f 509/779 594/185 595/807 456/502
f 565/689 557/688 1415/824 1417/825
f 1176/522 1387/826 590/788 589/523
f 121/89 45/573 46/575 124/90
f 124/90 46/575 47/577 123/123
f 123/123 47/577 364/579 417/642
f 274/581 230/193 417/642 364/579
f 606/827 596/582 165/585 167/828
f 534/587 538/666 167/695 165/585
f 538/666 534/587 372/588 418/467
f 529/591 546/468 418/467 372/588
f 546/468 529/591 380/593 420/456
f 420/456 380/593 388/595 419/448
f 419/448 388/595 396/597 439/445
f 440/484 404/598 412/601 441/485
f 441/485 412/601 443/603 450/506
f 450/506 443/603 459/605 460/507
f 460/507 459/605 516/607 515/612
f 492/609 493/549 515/612 516/607
f 493/549 492/609 495/611 496/548
f 491/608 483/829 489/830 494/610
f 483/829 491/608 514/606 513/831
f 458/604 464/832 513/831 514/606
f 444/602 463/833 464/832 458/604
f 414/600 442/834 463/833 444/602
f 410/599 409/835 442/834 414/600
f 401/836 402/596 394/594 393/837
f 393/837 394/594 386/592 385/838
f 547/590 524/839 385/838 386/592
f 524/839 547/590 378/589 377/840
f 535/586 541/841 377/840 378/589
f 541/841 535/586 164/584 163/842
f 597/583 598/843 163/842 164/584
f 25/844 297/580 370/578 369/669
f 207/235 195/845 194/379 206/236
f 208/227 196/846 195/847 207/228
f 209/260 348/371 349/848 220/257
f 220/257 349/848 350/849 231/249
f 231/249 350/849 351/850 243/243
f 243/243 351/850 352/851 253/224
f 253/224 352/851 353/852 263/222
f 1632/853 1630/854 354/855 275/856
f 1677/857 1666/858 355/859 286/860
f 1588/861 1582/862 356/863 298/864
f 202/241 190/865 196/846 208/227
f 191/866 190/865 202/241 203/867
f 221/868 349/848 348/371 210/370
f 349/848 221/868 233/869 350/849
f 244/870 351/850 350/849 233/869
f 254/871 352/851 351/850 244/870
f 265/872 353/852 352/851 254/871
f 1637/873 1630/874 353/852 265/872
f 1676/875 1666/876 354/877 277/878
f 1582/862 1589/879 300/880 356/863
f 34/881 33/130 127/152 128/882
f 341/301 110/316 103/317 340/298
f 340/298 103/317 96/333 339/319
f 339/319 96/333 114/554 342/697
f 342/697 114/554 87/555 540/131
f 540/131 87/555 80/563 338/132
f 338/132 80/563 59/639 337/387
f 62/640 336/384 337/387 59/639
f 65/727 335/388 336/384 62/640
f 335/388 65/727 68/616 334/619
f 567/731 571/732 334/619 68/616
f 571/732 567/731 746/730 1018/733
f 20/60 19/633 179/634 177/181
f 14/59 13/625 19/633 20/60
f 8/124 7/624 13/625 14/59
f 1/125 2/429 7/624 8/124
f 2/429 1/125 36/126 37/428
f 120/127 119/427 37/428 36/126
f 42/129 43/425 119/427 120/127
f 30/128 31/422 43/425 42/129
f 31/422 30/128 33/130 34/423
f 129/407 35/571 310/411 311/408
f 34/881 128/882 311/408 310/411
f 128/882 127/152 137/151 138/419
f 138/419 137/151 148/163 149/415
f 149/415 148/163 180/191 181/416
f 191/866 203/867 362/367 363/883
f 204/366 192/568 363/883 362/367
f 212/240 213/376 203/377 202/241
f 213/376 212/240 223/255 224/375
f 224/375 223/255 235/263 236/372
f 236/372 235/263 246/273 247/358
f 256/289 257/359 247/358 246/273
f 1639/296 1641/884 257/359 256/289
f 1669/314 1670/342 268/345 267/315
f 1585/337 1584/885 290/886 291/338
f 548/701 605/114 607/117 166/694
f 568/717 609/133 604/136 549/718
f 530/658 549/718 3286/887 3309/888
f 856/889 675/713 3259/716 3253/890
f 1297/138 1242/674 3308/675 3298/139
f 162/174 599/403 600/158 161/175
f 48/16 602/169 601/170 28/12
f 28/12 601/170 600/172 27/13
f 323/209 608/177 598/180 25/210
f 166/694 607/117 606/194 167/695
f 26/156 599/155 608/177 323/209
f 48/16 49/638 603/650 602/169
f 576/744 721/819 1300/747 610/746
f 568/717 566/657 1421/802 1422/891
f 49/638 576/744 610/746 603/650
f 230/193 274/581 596/582 606/194
f 297/580 25/844 598/843 597/583
f 181/416 191/866 363/883 314/382
f 192/568 182/569 314/382 363/883
f 180/191 190/865 191/866 181/416
f 190/865 180/191 186/192 196/846
f 196/846 186/192 185/199 195/847
f 195/845 185/202 184/189 194/379
f 194/379 184/189 183/190 193/378
f 193/378 183/190 187/259 198/373
f 198/373 187/259 346/245 347/368
f 188/244 199/369 347/368 346/245
f 199/267 188/200 189/201 200/268
f 1213/729 570/728 615/892 1311/893
f 523/654 522/184 613/894 614/895
f 570/728 518/615 611/896 615/892
f 519/618 523/654 614/895 612/897
f 518/615 519/618 612/897 611/896
f 1311/893 615/892 620/898 1317/899
f 614/895 613/894 618/900 619/901
f 615/892 611/896 616/902 620/898
f 611/896 612/897 617/903 616/902
f 612/897 614/895 619/901 617/903
f 1317/899 620/898 625/904 1323/905
f 619/901 618/900 623/906 624/907
f 620/898 616/902 621/908 625/904
f 616/902 617/903 622/909 621/908
f 617/903 619/901 624/907 622/909
f 1323/905 625/904 630/910 1329/911
f 624/907 623/906 628/912 629/913
f 625/904 621/908 626/914 630/910
f 621/908 622/909 627/915 626/914
f 622/909 624/907 629/913 627/915
f 1329/911 1335/916 635/917 630/910
f 629/913 634/918 633/919 628/912
f 630/910 635/917 631/920 626/914
f 626/914 631/920 632/921 627/915
f 627/915 632/921 634/918 629/913
f 178/641 559/798 639/922 636/923
f 179/634 517/635 638/924 637/925
f 517/635 178/641 636/923 638/924
f 636/923 639/922 643/815 640/926
f 1357/927 1358/791 1470/794 1473/928
f 637/925 638/924 642/929 641/930
f 638/924 636/923 640/926 642/929
f 641/930 642/929 646/931 645/932
f 642/929 640/926 644/933 646/931
f 640/926 643/815 647/934 644/933
f 564/693 595/692 1407/808 1406/935
f 644/933 647/934 651/936 648/937
f 1257/806 1493/805 1492/938 1255/939
f 645/932 646/931 650/940 649/941
f 646/931 644/933 648/937 650/940
f 650/940 654/942 652/943 648/937
f 648/937 652/943 655/119 651/936
f 557/688 562/797 1416/944 1415/824
f 649/941 653/945 654/942 650/940
f 521/649 520/182 657/946 658/947
f 520/182 177/181 656/948 657/946
f 658/947 657/946 660/949 661/950
f 657/946 656/948 659/951 660/949
f 661/950 660/949 663/952 664/953
f 660/949 659/951 662/954 663/952
f 664/953 663/952 666/955 667/956
f 663/952 662/954 665/957 666/955
f 667/956 670/958 669/959 666/955
f 666/955 669/959 668/960 665/957
f 656/948 177/181 179/634 637/925
f 641/930 659/951 656/948 637/925
f 645/932 662/954 659/951 641/930
f 649/941 665/957 662/954 645/932
f 653/945 649/941 665/957 668/960
f 628/912 633/919 670/961 667/962
f 623/906 664/963 667/962 628/912
f 618/900 661/964 664/963 623/906
f 613/894 658/965 661/964 618/900
f 521/183 658/965 613/894 522/184
f 424/495 433/459 437/458 428/493
f 561/565 563/799 433/459 424/495
f 1397/966 1441/967 1411/120 655/119
f 584/766 583/765 1382/764 1383/767
f 583/765 584/766 408/780 400/700
f 400/700 408/780 407/472 399/444
f 399/444 407/472 406/475 398/441
f 398/441 406/475 405/477 397/442
f 411/478 403/399 397/442 405/477
f 322/481 299/400 403/399 411/478
f 299/400 322/481 409/483 401/443
f 401/836 409/835 410/599 402/596
f 404/598 396/597 402/596 410/599
f 396/597 404/598 440/484 439/445
f 439/445 440/484 427/487 431/446
f 430/489 426/453 431/446 427/487
f 429/491 425/454 426/453 430/489
f 425/454 429/491 428/493 437/458
f 680/968 681/714 675/713 674/969
f 1013/970 803/971 1008/972 1012/973
f 678/974 679/975 673/976 672/977
f 730/978 729/979 720/980 725/981
f 714/982 715/983 767/984 790/985
f 768/986 716/987 1047/988 1053/989
f 1128/990 1114/991 1108/992 1129/993
f 1003/994 1094/995 1130/996 1010/997
f 639/922 559/798 1412/998 1413/817
f 1249/999 1248/1000 693/1001 692/1002
f 692/1002 693/1001 687/1003 686/1004
f 1049/1005 1048/1006 696/1007 697/1008
f 1007/1009 1061/1010 1217/1011 945/1012
f 889/1013 888/1014 876/1015 877/1016
f 750/1017 749/1018 730/1019 731/1020
f 751/1021 750/1022 731/1023 732/1024
f 683/1025 732/1026 727/1027 689/1028
f 755/1029 754/1030 750/1022 751/1021
f 690/1031 859/1032 1253/1033 1246/1034
f 754/1035 753/1036 749/1018 750/1017
f 749/1018 745/1037 729/979 730/1019
f 793/1038 792/1039 762/1040 763/1041
f 761/1042 760/1043 752/1044 753/1045
f 762/1046 761/1042 753/1045 754/1035
f 779/1047 778/1048 771/1049 772/1050
f 1122/1051 1123/1052 1117/1053 1116/1054
f 794/1055 795/1056 760/1043 761/1042
f 792/1057 794/1055 761/1042 762/1046
f 781/1058 788/1059 789/1060 782/1061
f 777/1062 776/1063 769/1064 770/1065
f 778/1066 777/1062 770/1065 771/1067
f 1227/1068 843/1069 845/1070 1231/1071
f 812/1072 823/1073 824/1074 813/1075
f 818/1076 817/1077 807/1078 808/1079
f 1292/1080 1293/1081 696/1082 695/1083
f 857/1084 689/1028 727/1027 1212/1085
f 685/1086 691/1087 692/1002 686/1004
f 1359/1088 1354/1089 1528/1090 1485/1091
f 679/1092 685/1086 686/1004 680/1093
f 673/976 679/975 680/1093 674/969
f 755/1094 591/1095 705/1096 763/1097
f 779/1098 699/1099 702/1100 786/1101
f 591/1095 755/1094 751/1021 677/1102
f 677/1102 751/1021 732/1024 683/1025
f 737/1103 734/1104 735/1105 738/1106
f 672/977 673/976 708/1107 707/1108
f 1008/972 803/971 734/1109 999/1110
f 869/1111 1029/1112 1030/1113 880/1114
f 674/969 675/713 710/1115 709/1116
f 1294/1117 1293/1118 839/1119 838/1120
f 1482/1121 1438/1122 1437/1123 1483/1124
f 1303/1125 1291/1126 841/1127 1015/1128
f 837/1129 838/1130 1237/1131 756/1132
f 798/1133 708/1134 709/1135 801/1136
f 786/1101 785/1137 778/1048 779/1098
f 823/1073 833/1138 834/1139 824/1074
f 1298/1140 1302/1141 923/1142 900/1143
f 797/1144 793/1038 763/1041 705/1096
f 1077/1145 1085/1146 1277/1147 1276/1148
f 1209/1149 1306/1150 1307/1151 1210/1152
f 978/1153 1290/1154 1291/1155 694/1156
f 873/1157 1046/1158 995/1159 863/1160
f 877/1016 876/1015 866/1161 867/1162
f 902/1163 903/1164 892/1165 891/1166
f 1662/1167 1654/1168 956/1169 951/1170
f 1607/1171 1617/1172 967/1173 963/1174
f 1645/1175 1648/1176 944/1177 940/1178
f 1004/1179 694/1180 1291/1126 1303/1125
f 934/1181 930/1182 940/1178 944/1177
f 893/1183 899/1184 889/1185 883/1186
f 869/1111 833/1187 1028/1188 1029/1112
f 919/1189 924/1190 912/1191 907/1192
f 908/1193 907/1194 896/1195 897/1196
f 930/1182 934/1181 924/1190 919/1189
f 1270/1197 1305/1198 1300/747 721/819
f 695/1083 1004/1179 1303/1125 1292/1080
f 955/1199 1047/1200 1102/1201 911/1202
f 1264/1203 1310/1204 1306/1150 1209/1149
f 1283/1205 1172/1206 1179/1207 1284/1208
f 691/1087 1247/1209 1249/999 692/1002
f 569/656 565/689 1417/825 1426/801
f 559/798 552/790 1430/1210 1412/998
f 1027/1211 1028/1188 833/1187 823/1212
f 922/1213 921/1214 909/1215 910/1216
f 874/1217 879/1218 868/1219 864/1220
f 801/1221 800/1222 716/1223 715/1224
f 925/1225 926/1226 915/1227 914/1228
f 927/1229 933/1230 922/1231 916/1232
f 891/1166 892/1165 881/1233 880/1234
f 800/1222 1102/1201 1047/1200 716/1223
f 1089/1235 1097/1236 1099/1237 1095/1238
f 1056/1239 1062/1240 1228/1241 1227/1242
f 810/1243 809/1244 785/1137 786/1101
f 809/1245 808/1246 784/1247 785/1248
f 803/971 1013/970 1014/1249 802/1250
f 827/1251 863/1160 995/1159 994/1252
f 1664/1253 1656/1254 959/1255 958/1256
f 1024/1257 1026/1258 812/1259 788/1260
f 1023/1261 1024/1257 788/1260 781/1262
f 812/1072 813/1075 789/1060 788/1059
f 1658/1263 1655/1264 953/1265 954/1266
f 1030/1113 1031/1267 891/1268 880/1114
f 1197/1269 1196/1270 1191/1271 1192/1272
f 1661/1273 962/1274 996/1275 1663/1276
f 1608/1277 1611/1278 966/1279 960/1280
f 1022/1281 1023/1261 781/1262 774/1282
f 776/1283 783/1284 787/1285 780/1286
f 1612/1287 1610/1288 964/1289 965/1290
f 1610/1288 1607/1171 963/1174 964/1289
f 1196/1270 1193/1291 1188/1292 1191/1271
f 1657/1293 1662/1167 951/1170 952/1294
f 1609/1295 1616/1296 970/1297 969/1298
f 1611/1278 1612/1299 965/1300 966/1279
f 1594/1301 973/1302 997/1303 1601/1304
f 1194/1305 1195/1306 1190/1307 1189/1308
f 1649/1309 1643/1310 943/1311 937/1312
f 1659/1313 949/1314 998/1315 1663/1316
f 1647/1317 950/1318 998/1319 1650/1320
f 1601/1304 997/1303 972/1321 1603/1322
f 895/1323 906/1324 1043/1325 1044/1326
f 1195/1306 1197/1269 1192/1272 1190/1307
f 885/1327 895/1323 1044/1326 1045/1328
f 879/1329 890/1330 1031/1267 1030/1113
f 906/1324 918/1331 1042/1332 1043/1325
f 918/1331 929/1333 1040/1334 1042/1332
f 913/1335 1174/1336 1203/1337 822/1338
f 921/1339 920/1340 908/1341 909/1342
f 886/1343 890/1330 879/1329 874/1217
f 1017/1344 1019/1345 1000/1346 1001/1347
f 894/1348 884/1349 1045/1328 1044/1326
f 1044/1326 1043/1325 905/1350 894/1348
f 887/1351 886/1343 874/1217 875/1352
f 914/1228 915/1227 903/1164 902/1163
f 1072/1353 1009/1354 968/1355 1080/1356
f 1292/1080 1303/1125 1015/1128 840/1357
f 1080/1356 968/1355 980/1358 1088/1359
f 1221/1360 945/1361 1009/1354 1072/1353
f 1055/1362 1006/1363 1004/1179 695/1083
f 899/1184 898/1364 888/1014 889/1185
f 822/1338 1204/1365 1173/1366 913/1335
f 840/1357 1015/1128 957/1367 1235/1368
f 1011/1369 1152/1370 1153/1371 882/1372
f 808/1079 807/1078 783/1373 784/1247
f 701/1374 704/1375 991/1376 990/1377
f 816/1378 827/1251 994/1252 993/1379
f 1008/972 999/1110 1020/1380 1021/1381
f 806/1382 816/1378 993/1379 992/1383
f 1203/1337 1174/1336 1169/1384 1162/1385
f 1163/1386 1162/1385 1169/1384 1170/1387
f 699/1099 779/1098 772/1050 711/1388
f 1155/1389 1154/1390 1158/1391 1159/1392
f 804/1393 810/1243 786/1101 702/1100
f 993/1379 994/1252 826/1394 815/1395
f 988/1396 799/1397 713/1398 989/1399
f 988/1396 987/1400 707/1401 799/1397
f 707/1401 708/1107 798/1133 799/1397
f 866/1402 865/1403 829/1404 830/1405
f 992/1383 993/1379 815/1395 805/1406
f 850/1407 1120/1408 1106/1409 851/1410
f 1111/1411 1118/1412 1124/1413 1107/1414
f 1106/1409 1120/1408 1125/1415 1110/1416
f 1133/1417 1137/1418 1122/1419 1098/1420
f 1092/1421 1091/1422 1142/1423 1143/1424
f 1254/1425 1101/1426 1109/1427 1255/1428
f 1137/1418 1138/1429 1123/1052 1122/1419
f 1154/1390 1167/1430 1168/1431 1158/1391
f 906/1324 895/1323 903/1164 915/1227
f 881/1233 892/1165 885/1432 873/1433
f 834/1434 870/1435 863/1160 827/1251
f 827/1251 816/1378 824/1074 834/1434
f 1160/1436 1164/1437 1166/1438 1161/1439
f 913/1335 1173/1366 1180/1440 698/1441
f 1160/1436 1159/1442 1163/1443 1164/1437
f 895/1323 885/1327 892/1165 903/1164
f 863/1160 870/1435 881/1233 873/1157
f 813/1075 824/1074 816/1378 806/1382
f 1653/1444 1645/1175 940/1178 941/1445
f 937/1312 943/1311 933/1230 927/1229
f 852/1446 1107/1414 1124/1413 853/1447
f 1139/1448 1136/1449 1144/1450 1149/1451
f 1133/1452 1135/1453 1145/1454 1146/1455
f 999/1110 734/1109 737/1103 1000/1456
f 1344/1457 1526/1458 1487/1459 1339/1460
f 850/1407 851/1410 1225/722 1224/721
f 1209/1149 1210/1152 739/1461 742/1462
f 1131/1463 1148/1464 1147/1465 1132/1466
f 1098/1420 1122/1419 1116/1054 1115/1467
f 1288/1468 1481/1469 1523/1470 1287/1471
f 1213/729 1311/893 1310/1204 1264/1203
f 1123/1052 1108/992 1114/991 1117/1053
f 1129/993 1108/992 1136/1449 1139/1448
f 1229/1472 1239/1473 1103/1474 854/1475
f 1104/1476 1105/1477 853/1447 1124/1413
f 1302/1141 1299/1478 911/1479 923/1142
f 1235/1368 957/1367 1007/1480 1063/1481
f 1127/1482 1104/1476 1124/1413 1118/1412
f 968/1355 1078/1483 1086/1484 980/1358
f 985/1485 984/1486 684/1487 678/1488
f 1009/1354 1069/1489 1078/1483 968/1355
f 850/1407 847/1490 1126/1491 1120/1408
f 1220/1492 1218/1493 1066/1494 1067/1495
f 1120/1408 1126/1491 1121/1496 1125/1415
f 867/1162 866/1161 830/1497 831/1498
f 869/1499 870/1435 834/1434 833/1138
f 1076/1500 1075/1501 1083/1502 1084/1503
f 1218/1493 1226/1504 1065/1505 1066/1494
f 1075/1501 1074/1506 1082/1507 1083/1502
f 986/1508 987/1509 706/1510 671/1511
f 1067/1495 1066/1494 1075/1501 1076/1500
f 1066/1494 1065/1505 1074/1506 1075/1501
f 945/1361 1217/1011 1069/1489 1009/1354
f 747/739 1005/734 1266/1512 1267/1513
f 1126/1491 1256/803 1257/806 1121/1496
f 1161/1439 1166/1438 1282/1514 1281/1515
f 1183/1516 1186/1517 1185/1518 1182/1519
f 771/1067 770/1065 794/1055 792/1057
f 791/1520 795/1521 769/1522 773/1523
f 740/1524 743/1525 1002/1526 1001/1527
f 711/1388 772/1050 793/1038 797/1144
f 740/1524 741/1528 744/1529 743/1525
f 1057/1530 1063/1531 1221/1532 1226/1533
f 1295/1534 837/1535 835/1536 1296/1537
f 1252/1538 846/1539 693/1001 1248/1000
f 847/1490 850/1407 1224/721 728/1540
f 838/1120 839/1119 1236/1541 1237/1131
f 560/564 564/693 1406/935 1420/1542
f 1139/1448 1149/1451 1148/1464 1131/1463
f 605/114 548/701 3265/1543 3304/1544
f 986/1545 985/1485 678/1488 672/977
f 768/986 1053/989 1052/1546 759/1547
f 1063/1531 1057/1530 1236/1548 1235/1368
f 1244/1549 854/1550 1232/1551 1230/1552
f 1059/1553 1060/1554 765/1555 756/1556
f 957/1367 1234/1557 1061/1010 1007/1480
f 774/1558 775/1559 790/1560 766/1561
f 758/1562 766/1561 790/1560 767/984
f 984/1486 983/1563 690/1564 684/1487
f 1219/1565 1060/1554 1059/1553 1220/1566
f 681/714 687/1567 3297/1568 3260/715
f 854/1475 1103/1474 1231/1569 1232/1551
f 799/1397 798/1133 714/1570 713/1398
f 1058/1571 1057/1530 1226/1533 1218/1493
f 1215/1572 725/981 720/980 1216/1573
f 1230/1552 1232/1551 844/1574 1241/677
f 1237/1131 1236/1541 1057/1530 1058/1571
f 693/1001 846/1539 3307/1575 3300/1576
f 1067/1495 1076/1500 1077/1577 1068/1578
f 687/1567 693/1001 3300/1576 3297/1568
f 766/1579 1025/1580 1022/1281 774/1282
f 1259/1581 728/719 1243/627 1263/1582
f 537/661 551/660 3271/703 3264/1583
f 1288/1584 1145/1454 1135/1453 1258/1585
f 1238/1586 1229/1472 854/1475 1244/1549
f 1255/1428 1492/938 1494/1587 1254/1425
f 937/1312 927/1229 928/1588 938/1589
f 1267/1513 1266/1512 1002/1526 743/1525
f 1265/1590 1266/1512 1005/734 1018/733
f 1264/1203 1261/1591 746/730 1213/729
f 1192/1272 1191/1271 1198/1592 1199/1593
f 1190/1307 1192/1272 1199/1593 1202/1594
f 1200/1595 1202/1596 1146/1455 1145/1454
f 1278/1597 1279/1598 1384/768 1383/767
f 1258/1585 1135/1453 1101/1426 1254/1425
f 1280/1599 1281/1600 1165/551 1385/771
f 1135/1453 1133/1452 1098/1420 1101/1426
f 1276/1148 1277/1147 1382/764 1381/762
f 905/1601 917/1602 916/1603 904/1604
f 736/1605 739/1606 720/980 729/979
f 900/1143 923/1142 855/1607 856/1608
f 829/1609 828/1610 817/1077 818/1076
f 900/1143 856/1608 3253/890 3261/1611
f 1171/1612 1170/1613 1177/1614 1178/1615
f 1202/1594 1199/1593 1151/1616 1146/1455
f 1010/997 1130/996 1152/1370 1011/1369
f 990/1377 991/1376 703/1617 700/1618
f 990/1377 989/1399 713/1398 701/1374
f 1063/1481 1007/1480 945/1012 1221/1532
f 1019/1345 1020/1380 999/1110 1000/1346
f 1042/1332 1040/1334 928/1619 917/1620
f 1041/1621 1040/1334 929/1333 939/1622
f 785/1248 784/1247 777/1062 778/1066
f 865/1403 864/1623 828/1610 829/1404
f 744/1624 1051/1625 1269/1626 1268/1627
f 1017/1344 1001/1347 1002/1526 1016/1628
f 1225/722 1238/1629 3289/1630 3288/723
f 934/1181 944/1177 1036/1631 1035/1632
f 853/1447 1105/1477 1239/1473 1229/1472
f 1220/1492 1067/1495 1068/1578 1219/1565
f 1001/1527 1000/1346 737/1103 740/1524
f 1305/1198 1271/1633 836/748 1300/747
f 780/1286 773/1523 769/1522 776/1283
f 1665/1634 1658/1263 954/1266 948/1635
f 821/1636 811/1637 807/1078 817/1077
f 946/1638 947/1639 936/1640 935/1641
f 1028/1188 1027/1211 821/1642 832/1643
f 909/1342 908/1341 897/1196 898/1644
f 898/1644 897/1196 887/1645 888/1646
f 802/1250 1014/1249 1006/1363 1055/1362
f 1012/973 1008/972 1021/1381 1233/1647
f 709/1135 710/1115 800/1222 801/1136
f 197/135 168/653 3256/712 3283/1648
f 219/709 605/114 3304/1544 3294/710
f 784/1247 783/1373 776/1283 777/1062
f 1240/1649 1062/1240 1056/1239 1222/1650
f 1222/1650 1064/1651 1070/1652 1240/1649
f 1298/706 900/1143 3261/1611 3252/707
f 840/1357 839/1119 1293/1118 1292/1080
f 1296/1537 835/1536 1271/1633 1305/1198
f 1390/753 836/748 1271/1633 1272/1653
f 1183/1654 1207/1655 1206/1656 1184/1657
f 1184/1657 1187/1658 1186/1517 1183/1654
f 1149/1451 1144/1450 1201/1659 1206/1660
f 671/1511 676/1661 985/1485 986/1508
f 1014/1249 759/1662 1052/1663 1006/1363
f 1251/1664 847/1490 728/1540 1259/1581
f 756/1556 1237/1131 1058/1571 1059/1553
f 1092/1421 1143/1424 1140/1665 1093/1666
f 1156/1667 1157/1668 1140/1665 1143/1424
f 1274/1669 1275/1670 1071/760 1391/759
f 825/1671 831/1672 820/1673 814/1674
f 820/1675 819/1676 809/1244 810/1243
f 814/1674 820/1673 810/1243 804/1393
f 1154/1390 1155/1389 1142/1677 1141/1678
f 846/1539 878/137 3296/140 3307/1575
f 1171/1612 1178/1615 1179/1207 1172/1206
f 1101/1426 1098/1420 1115/1467 1109/1427
f 1010/997 1100/1679 1096/1680 1003/994
f 753/1036 752/1044 745/1037 749/1018
f 819/1681 818/1076 808/1079 809/1245
f 830/1405 829/1404 818/1076 819/1681
f 796/1682 706/1510 987/1509 988/1396
f 796/1682 988/1396 989/1399 712/1683
f 1078/1684 1069/1685 1070/1686 1079/1687
f 1016/1628 1002/1526 1266/1512 1265/1590
f 700/1618 712/1683 989/1399 990/1377
f 1189/1308 1190/1307 1202/1594 1200/1595
f 1289/1688 843/1689 842/1690 1290/1691
f 1289/1688 1290/1691 978/1153 955/1692
f 774/1558 781/1058 782/1061 775/1559
f 763/1041 762/1040 754/1030 755/1094
f 978/1153 1053/989 1047/988 955/1692
f 715/1224 716/1223 768/986 767/984
f 1097/1236 1131/1463 1132/1466 1099/1237
f 842/1690 843/1689 1227/1068 1228/1241
f 672/977 707/1108 987/1400 986/1545
f 1286/1693 1189/1308 1200/1595 1287/1694
f 856/1608 855/1607 710/1115 675/713
f 832/1643 868/1695 1029/1112 1028/1188
f 901/1696 890/1330 886/1343 896/1697
f 690/1031 1246/1034 1247/1209 691/1087
f 719/1698 1296/1537 1305/1198 1270/1197
f 901/1699 912/1700 1033/1701 1032/1702
f 1248/1000 1497/1703 1488/462 1252/1538
f 904/1704 910/1705 899/1184 893/1183
f 1032/1702 1033/1701 914/1706 902/1707
f 1228/1241 1062/1240 1061/1708 1234/1709
f 743/1525 744/1529 1268/1627 1267/1513
f 1235/1368 1236/1548 839/1119 840/1357
f 1219/1565 1068/1578 1275/1670 1274/1669
f 1299/1710 845/1070 843/1069 1289/1688
f 1209/1149 742/1462 1261/1591 1264/1203
f 1079/1687 1070/1686 1064/1651 1073/1711
f 1194/1305 1189/1308 1286/1693 1285/519
f 1182/1519 1205/1712 1207/1655 1183/1516
f 1176/522 1283/1205 1284/1208 1387/826
f 1231/1569 1103/1474 1056/1239 1227/1068
f 1234/1709 841/1713 842/1690 1228/1241
f 721/819 1054/742 1269/1714 1270/1197
f 912/1191 901/1699 896/1697 907/1192
f 910/1216 909/1215 898/1364 899/1184
f 549/718 604/136 3301/1715 3286/887
f 674/969 709/1116 708/1134 673/976
f 1240/1649 1070/1652 1069/1685 1217/1716
f 1166/1438 1172/1206 1283/1205 1282/1514
f 1105/1477 1104/1476 1073/1711 1064/1651
f 872/1717 884/1718 883/1719 871/1720
f 1104/1476 1127/1482 1081/1721 1073/1711
f 1260/1722 1495/1723 1521/1724 1263/1725
f 1128/990 1129/993 1097/1236 1089/1235
f 18/29 12/32 3248/726 3250/704
f 1068/1578 1077/1577 1276/1148 1275/1670
f 1164/1437 1163/1443 1170/1387 1171/1612
f 604/136 197/135 3283/1648 3301/1715
f 1304/1726 1297/138 878/137 1250/1727
f 1259/1581 1491/1728 1489/1729 1251/1664
f 1148/1464 1207/1655 1205/1712 1147/1465
f 1222/1650 1056/1239 1103/1474 1239/1473
f 1239/1473 1105/1477 1064/1651 1222/1650
f 770/1065 769/1064 795/1521 794/1055
f 772/1050 771/1049 792/1039 793/1038
f 1147/1465 1205/1712 1204/1730 1153/1731
f 1655/1732 1657/1293 952/1294 953/1733
f 1652/1734 1653/1444 941/1445 942/1735
f 942/1735 941/1445 931/1736 932/1737
f 912/1191 924/1190 1034/1738 1033/1701
f 1290/1691 842/1690 841/1713 1291/1155
f 1132/1466 1147/1465 1153/1731 1152/1739
f 1099/1237 1132/1466 1152/1739 1130/1740
f 1095/1238 1099/1237 1130/1740 1094/1741
f 902/1707 891/1268 1031/1267 1032/1702
f 1217/1716 1061/1708 1062/1240 1240/1649
f 925/1742 914/1706 1033/1701 1034/1738
f 694/1156 1052/1546 1053/989 978/1153
f 1086/1743 1078/1684 1079/1687 1087/1744
f 1650/1320 998/1319 949/1314 1644/1745
f 1013/970 758/1746 759/1662 1014/1249
f 847/1490 1251/1664 1256/803 1126/1491
f 1157/1747 1161/1439 1281/1515 1280/1599
f 1091/1422 1090/1748 1141/1678 1142/1423
f 1096/1680 1100/1679 1141/1678 1090/1748
f 946/1749 935/1750 1035/1632 1036/1631
f 703/1751 805/1752 804/1393 702/1100
f 1024/1257 1023/1261 780/1286 787/1285
f 1022/1281 1025/1580 791/1520 773/1523
f 1021/1381 1020/1380 733/1753 757/1754
f 736/1755 733/1753 1020/1380 1019/1345
f 1309/1756 1315/1757 1314/1758 1308/1759
f 1017/1344 1016/1628 742/1462 739/1461
f 689/1028 857/1084 860/1760 688/1761
f 677/1102 683/1025 682/1762 676/1763
f 591/1095 677/1102 676/1763 671/1511
f 711/1388 797/1144 796/1682 712/1683
f 700/1618 703/1617 702/1100 699/1099
f 815/1395 826/1394 825/1671 814/1674
f 852/1446 853/1447 1229/1472 1238/1586
f 883/1186 889/1185 877/1016 871/1720
f 893/1183 883/1186 884/1718 894/1348
f 1201/1659 1188/1764 1184/1657 1206/1660
f 1198/1765 1201/1659 1144/1450 1150/1766
f 1155/1389 1156/1667 1143/1424 1142/1677
f 1191/1271 1188/1292 1201/1659 1198/1592
f 1272/1653 1273/1767 1380/754 1390/753
f 1272/1653 1271/1633 835/1536 765/1768
f 1267/1513 1268/1627 748/740 747/739
f 1268/1627 1269/1626 1054/742 748/740
f 1199/1593 1198/1592 1150/1766 1151/1616
f 698/1441 1181/1769 1174/1336 913/1335
f 1174/1336 1181/1769 1175/1770 1169/1384
f 1250/464 878/137 846/1539 1252/461
f 1216/1573 720/980 739/1606 1210/1152
f 1012/973 1233/1647 1025/1580 766/1579
f 548/701 537/661 3264/1583 3265/1543
f 728/1540 1224/721 3285/724 3257/720
f 695/1083 696/1082 1048/1006 1055/1362
f 1260/1771 1223/626 1242/674 1262/1772
f 872/1717 1046/1773 1045/1328 884/1718
f 1373/810 1357/927 1473/928 1467/811
f 1170/1613 1169/1384 1175/1770 1177/1614
f 1262/823 1242/674 1297/138 1304/820
f 1270/1197 1269/1714 1051/1625 719/1698
f 1649/1309 937/1312 938/1589 1644/1774
f 888/1646 887/1645 875/1352 876/1775
f 890/1330 901/1696 1032/1702 1031/1267
f 1254/1425 1494/1587 1480/1776 1258/1585
f 1648/1777 956/1778 1037/1779 1651/1780
f 924/1190 934/1181 1035/1632 1034/1738
f 1654/1781 967/1782 1038/1783 1660/1784
f 1241/677 844/1574 1302/1141 1298/706
f 917/1620 928/1619 927/1229 916/1603
f 894/1348 905/1350 904/1604 893/1183
f 593/186 592/800 1431/1785 1428/187
f 1528/1786 1543/1787 1542/1788 1527/1789
f 1480/1790 1440/1791 1439/1792 1481/1793
f 1332/24 1375/1794 1465/1795 1477/25
f 1247/1209 1514/1796 1512/1797 1249/999
f 1355/792 1359/1798 1469/1799 1474/793
f 561/565 560/564 1420/1542 1418/1800
f 935/1750 925/1742 1034/1738 1035/1632
f 1602/1801 1039/1802 981/1803 1597/1804
f 1023/1261 1022/1281 773/1523 780/1286
f 1025/1580 1233/1647 764/1805 791/1520
f 1233/1647 1021/1381 757/1754 764/1805
f 739/1606 736/1605 1019/1345 1017/1344
f 1306/1150 1312/1806 1313/1807 1307/1151
f 1261/1591 742/1462 1016/1628 1265/1590
f 1265/1590 1018/733 746/730 1261/1591
f 683/1025 689/1028 688/1761 682/1762
f 671/1511 706/1510 705/1096 591/1095
f 797/1144 705/1096 706/1510 796/1682
f 699/1099 711/1388 712/1683 700/1618
f 805/1406 815/1395 814/1674 804/1393
f 562/797 563/799 1419/1808 1416/944
f 885/1432 1045/1328 1046/1773 873/1433
f 826/1394 862/1809 861/1810 825/1671
f 6/34 176/644 3293/711 3292/725
f 563/799 561/565 1418/1800 1419/1808
f 1665/1634 948/1635 949/1314 1659/1313
f 1214/1811 726/1812 725/981 1215/1572
f 1287/1471 1523/1470 1522/517 1286/1693
f 800/1222 710/1115 855/1607 1102/1201
f 983/1563 1208/1813 859/1032 690/1564
f 876/1775 875/1352 865/1403 866/1402
f 1391/759 1380/754 1273/1767 1274/1669
f 765/1768 1060/1554 1273/1767 1272/1653
f 1149/1451 1206/1660 1207/1655 1148/1464
f 1129/993 1139/1448 1131/1463 1097/1236
f 1212/1085 727/1027 726/1814 1214/1815
f 1244/1549 1230/1552 3290/679 3274/1816
f 767/984 768/986 759/1547 758/1562
f 1232/1551 1231/1569 845/1070 844/1574
f 1076/1500 1084/1503 1085/1146 1077/1577
f 1279/1817 1140/1665 1157/1668 1280/1599
f 1250/1727 1482/463 1483/1124 1304/1726
f 1275/1670 1276/1148 1381/762 1071/760
f 1274/1669 1273/1767 1060/1554 1219/1565
f 1011/1369 1167/1818 1100/1679 1010/997
f 1167/1430 1154/1390 1141/1678 1100/1679
f 532/631 531/630 3262/648 3263/685
f 550/659 530/658 3309/888 3284/681
f 851/1410 852/1446 1238/1586 1225/722
f 676/1763 682/1762 984/1486 985/1485
f 1161/1439 1157/1747 1156/1667 1160/1436
f 1182/1519 1185/1518 1180/1819 1173/1820
f 1173/1820 1204/1730 1205/1712 1182/1519
f 1200/1595 1145/1454 1288/1584 1287/1694
f 798/1133 801/1136 715/1224 714/1570
f 717/1821 697/1822 1294/1823 1295/1824
f 1087/1744 1079/1687 1073/1711 1081/1721
f 832/1643 821/1642 817/1077 828/1610
f 1642/1825 1646/1826 947/1639 946/1638
f 1159/1442 1158/1391 1162/1385 1163/1443
f 822/1338 1203/1337 1168/1827 882/1828
f 1606/1829 962/1830 970/1297 1616/1296
f 1647/1831 939/1832 947/1639 1646/1826
f 926/1833 936/1834 929/1333 918/1331
f 764/1805 757/1754 752/1044 760/1043
f 734/1109 803/971 802/1250 735/1105
f 1074/1506 1080/1356 1088/1359 1082/1507
f 1643/1310 1652/1835 942/1836 943/1311
f 941/1445 940/1178 930/1182 931/1736
f 791/1520 764/1805 760/1043 795/1521
f 1168/1431 1203/1337 1162/1385 1158/1391
f 882/1372 1153/1371 1204/1365 822/1338
f 1661/1837 950/1838 959/1255 1656/1254
f 939/1832 929/1333 936/1834 947/1639
f 915/1227 926/1226 918/1331 906/1324
f 1226/1504 1221/1532 1072/1353 1065/1505
f 1065/1505 1072/1353 1080/1356 1074/1506
f 861/1810 867/1162 831/1498 825/1671
f 1282/1514 1283/1205 1176/522 1386/521
f 1138/1429 1136/1449 1108/992 1123/1052
f 1164/1437 1171/1612 1172/1206 1166/1438
f 1384/768 1279/1598 1280/1599 1385/771
f 1093/1666 1140/1665 1279/1817 1278/1597
f 1156/1667 1155/1389 1159/1392 1160/1436
f 1137/1418 1133/1417 1146/1455 1151/1616
f 1138/1429 1137/1418 1151/1616 1150/1766
f 1136/1449 1138/1429 1150/1766 1144/1450
f 1664/1839 958/1840 1037/1841 1660/1842
f 1642/1843 946/1749 1036/1631 1651/1844
f 920/1340 919/1189 907/1192 908/1341
f 686/1004 687/1003 681/714 680/1093
f 1050/1845 1049/1005 697/1008 717/1821
f 684/1487 685/1086 679/1092 678/1488
f 731/1020 730/1019 725/981 726/1812
f 831/1498 830/1497 819/1676 820/1673
f 1295/1824 1294/1823 838/1120 837/1535
f 740/1524 737/1103 738/1106 741/1528
f 732/1024 731/1023 726/1814 727/1027
f 852/1446 851/1410 1106/1409 1107/1414
f 1107/1414 1106/1409 1110/1416 1111/1411
f 1006/1363 1052/1663 694/1180 1004/1179
f 897/1196 896/1195 886/1343 887/1645
f 916/1232 922/1231 910/1216 904/1604
f 701/1374 713/1398 775/1559 782/1061
f 789/1060 813/1075 806/1382 704/1846
f 1027/1211 1026/1847 811/1637 821/1642
f 1026/1847 1024/1257 787/1285 811/1637
f 807/1078 811/1637 787/1285 783/1373
f 1040/1334 1041/1621 938/1589 928/1619
f 1043/1325 1042/1332 917/1620 905/1350
f 1167/1430 1011/1369 882/1372 1168/1431
f 758/1746 1013/970 1012/973 766/1579
f 994/1252 995/1159 862/1809 826/1394
f 880/1234 881/1233 870/1435 869/1499
f 1311/893 1317/899 1316/1848 1310/1204
f 862/1809 995/1159 1046/1158 872/1717
f 861/1810 862/1809 872/1717 871/1720
f 871/1720 877/1016 867/1162 861/1810
f 844/1574 845/1070 1299/1710 1302/1141
f 1262/1772 1496/822 1495/1723 1260/1771
f 717/1821 1295/1824 1296/1537 719/1698
f 1210/1152 1307/1151 1309/1849 1216/1573
f 879/1218 1030/1113 1029/1112 868/1219
f 1216/1573 1309/1849 1308/1759 1215/1572
f 911/1202 1299/1478 1289/1688 955/1199
f 1310/1204 1316/1848 1312/1806 1306/1150
f 1330/1850 1331/813 1478/814 1479/1851
f 1307/1151 1313/1807 1315/1757 1309/1849
f 875/1352 874/1217 864/1220 865/1403
f 697/1822 696/1007 1293/1081 1294/1823
f 713/1398 714/1570 790/985 775/1559
f 782/1061 789/1060 704/1846 701/1374
f 933/1230 932/1852 921/1214 922/1231
f 823/1212 812/1259 1026/1258 1027/1211
f 931/1736 930/1182 919/1189 920/1340
f 932/1737 931/1736 920/1340 921/1339
f 935/1641 936/1640 926/1833 925/1225
f 868/1695 832/1643 828/1610 864/1220
f 1281/1515 1282/1514 1386/521 1165/551
f 1187/1658 1184/1657 1188/1764 1193/1291
f 943/1311 942/1836 932/1852 933/1230
f 1312/1806 1318/1853 1319/1854 1313/1807
f 1315/1757 1321/1855 1320/1856 1314/1758
f 1313/1807 1319/1854 1321/1855 1315/1757
f 1316/1848 1322/1857 1318/1853 1312/1806
f 1317/899 1323/905 1322/1857 1316/1848
f 1318/1853 1324/1858 1325/1859 1319/1854
f 1321/1855 1327/1860 1326/1861 1320/1856
f 1319/1854 1325/1859 1327/1860 1321/1855
f 1323/905 1329/911 1328/1862 1322/1857
f 1322/1857 1328/1862 1324/1858 1318/1853
f 1325/1859 1327/1860 1333/23 1331/813
f 1328/1862 1324/1858 1330/1863 1334/1864
f 1324/1858 1325/1859 1331/813 1330/1863
f 1329/911 1328/1862 1334/1864 1335/916
f 1327/1860 1326/1861 1332/24 1333/23
f 1336/1865 1340/1866 1344/1457 1339/1460
f 860/1867 1337/1868 1338/1869 1208/1870
f 1337/1868 1342/1871 1343/1872 1338/1869
f 859/1032 1336/1865 1339/1460 1253/1033
f 1208/1870 1338/1869 1336/1865 859/1032
f 1340/1866 1345/1873 1349/1874 1344/1457
f 1342/1871 1347/1875 1348/1876 1343/1872
f 1258/1585 1480/1776 1481/1793 1288/1584
f 1338/1869 1343/1872 1340/1866 1336/1865
f 1343/1872 1348/1876 1345/1873 1340/1866
f 1348/1876 1353/1877 1350/1878 1345/1873
f 1345/1873 1350/1878 1354/1879 1349/1874
f 1347/1875 1352/1880 1353/1877 1348/1876
f 558/652 556/134 1408/785 1414/795
f 1251/1664 1489/1729 1490/804 1256/803
f 1354/1879 1528/1090 1527/1789 1349/1874
f 1353/1877 1350/1878 1355/792 1358/791
f 1350/1878 1354/1879 1359/1088 1355/792
f 1352/1880 1353/1877 1358/791 1357/927
f 1214/1815 1363/1881 1362/1882 1212/1085
f 1212/1085 1362/1882 1360/1883 857/1084
f 552/790 553/789 1425/1884 1430/1210
f 1366/1885 1369/1886 1368/1887 1365/1888
f 1495/1723 1531/1889 1537/1890 1521/1724
f 1363/1881 1366/1885 1365/1888 1362/1882
f 1362/1882 1365/1888 1364/1891 1360/1883
f 1365/1888 1368/1887 1367/1892 1364/1891
f 1368/1887 1371/1893 1370/1894 1367/1892
f 609/133 568/717 1422/891 1409/784
f 1369/1886 1372/1895 1371/1893 1368/1887
f 1360/1883 1337/1868 860/1867 857/1084
f 1371/1893 1370/1894 1373/810 1374/809
f 1357/927 1373/810 1370/1894 1352/1880
f 1352/1880 1347/1875 1367/1892 1370/1894
f 1214/1811 1215/1572 1308/1759 1363/1896
f 1314/1758 1320/1856 1369/1897 1366/1898
f 1469/1799 1359/1798 1485/1091 1529/1899
f 1255/1428 1109/1427 1121/1496 1257/806
f 1083/1502 1082/1507 1090/1748 1091/1422
f 1085/1146 1084/1503 1092/1421 1093/1666
f 1372/1895 1371/1893 1374/809 1375/1900
f 1347/1875 1342/1871 1364/1891 1367/1892
f 1320/1856 1326/1861 1372/1901 1369/1897
f 1109/1427 1115/1467 1125/1415 1121/1496
f 1277/1147 1085/1146 1093/1666 1278/1597
f 1084/1503 1083/1502 1091/1422 1092/1421
f 1278/1597 1383/767 1382/764 1277/1147
f 1308/1759 1314/1758 1366/1898 1363/1896
f 1326/1861 1372/1901 1375/1794 1332/24
f 1342/1871 1337/1868 1360/1883 1364/1891
f 1059/1553 1058/1571 1218/1493 1220/1566
f 1605/1902 979/1903 1039/1802 1602/1801
f 1375/1900 1374/809 1466/812 1465/1904
f 703/1617 991/1376 992/1383 805/1752
f 806/1382 992/1383 991/1376 704/1846
f 744/1529 741/1528 1050/1905 1051/1625
f 860/1867 1208/1870 983/1563 688/1761
f 682/1762 688/1761 983/1563 984/1486
f 1049/1005 1050/1845 741/1528 738/1106
f 1048/1006 1049/1005 738/1106 735/1105
f 719/1698 1051/1625 1050/1905 717/1821
f 757/1754 733/1753 745/1037 752/1044
f 729/979 745/1037 733/1753 736/1605
f 1238/1586 1244/1549 3274/1816 3289/1630
f 923/1142 911/1479 1102/1201 855/1607
f 1263/1582 1243/627 1223/626 1260/1722
f 765/1555 835/1536 837/1535 756/1556
f 1015/1128 841/1127 1234/1557 957/1367
f 652/943 1400/1906 1397/966 655/119
f 635/917 1401/1907 1405/1908 631/920
f 1339/1460 1487/1459 1486/1909 1253/1033
f 1263/1582 1521/1724 1491/1728 1259/1581
f 1110/1416 1125/1415 1115/1467 1116/1054
f 653/945 1399/1910 1398/1911 654/942
f 631/920 1405/1908 1404/1912 632/921
f 1117/1053 1114/991 1118/1412 1111/1411
f 633/919 1403/1913 1394/1914 670/961
f 669/959 1395/1915 1396/1916 668/960
f 1089/1235 1095/1238 1087/1744 1081/1721
f 1081/1721 1127/1482 1128/990 1089/1235
f 1127/1482 1118/1412 1114/991 1128/990
f 654/942 1398/1911 1400/1906 652/943
f 1003/994 1096/1680 1088/1359 980/1358
f 651/936 647/934 1433/1917 1434/121
f 668/960 1396/1916 1399/1910 653/945
f 1096/1680 1090/1748 1082/1507 1088/1359
f 670/958 1394/1918 1395/1915 669/959
f 980/1358 1086/1484 1094/995 1003/994
f 1086/1743 1087/1744 1095/1238 1094/1741
f 632/921 1404/1912 1402/1919 634/918
f 1116/1054 1117/1053 1111/1411 1110/1416
f 553/789 555/37 1424/1920 1425/1884
f 634/918 1402/1919 1403/1913 633/919
f 1485/1091 1528/1090 1543/1787 1427/1921
f 1514/1796 1536/1922 1535/1923 1512/1797
f 1408/785 1409/784 1346/1924 1351/1925
f 1434/121 1433/1917 1463/1926 1464/1927
f 1406/935 1407/808 1356/1928 1361/1929
f 1523/1470 1539/1930 1538/1931 1522/517
f 1517/1932 1475/1933 1515/1934 1498/1935
f 1421/802 1426/801 1451/1936 1444/1937
f 1468/1938 1537/1890 1531/1889 1245/1939
f 1426/801 1417/825 722/1940 1451/1936
f 1493/805 1519/1941 1376/1942 1492/938
f 1432/818 1413/817 1112/1943 1462/1944
f 1393/1945 1541/1946 1471/1947 849/1948
f 1433/1917 1432/818 1462/1944 1463/1926
f 1441/967 1484/1949 1211/1950 1411/120
f 1483/1124 1437/1123 1532/1951 1496/822
f 1429/188 1428/187 1454/1952 1456/1953
f 1407/808 1429/188 1456/1953 1356/1928
f 1512/1797 1535/1923 1533/1954 1497/1955
f 1422/891 1421/802 1444/1937 1445/1956
f 1341/1957 1438/1958 1392/1959 1450/1960
f 1416/944 1419/1808 1442/1961 723/1962
f 1490/804 1378/1963 1519/1941 1493/805
f 1428/187 1431/1785 1460/1964 1454/1952
f 1134/1965 1379/1966 1377/1967 1119/1968
f 1409/784 1422/891 1445/1956 1346/1924
f 1420/1542 1406/935 1361/1929 1443/1969
f 1424/1970 1423/1971 1446/1972 1448/1973
f 1524/1974 1435/1975 1536/1922 1514/1796
f 1449/1976 1447/1977 1533/1954 1535/1923
f 1418/1800 1420/1542 1443/1969 718/1978
f 1301/1979 1437/1123 1438/1122 1341/1957
f 1419/1808 1418/1800 718/1978 1442/1961
f 1412/998 1430/1210 1459/1980 1113/1981
f 1417/825 1415/824 724/1982 722/1940
f 1415/824 1416/944 723/1962 724/1982
f 1414/795 1408/785 1351/1925 848/1983
f 1430/1210 1425/1884 1436/1984 1459/1980
f 1481/1793 1439/1792 1539/1930 1523/1470
f 1452/1985 1440/1986 1530/1987 1453/1988
f 1425/1884 1424/1920 1448/1973 1436/1984
f 1335/916 1517/1989 1401/1907 635/917
f 1253/1033 1486/1909 1524/1990 1246/1034
f 1423/796 1414/795 848/1983 1446/1972
f 1517/1932 1498/1935 1506/1991 1401/1907
f 1455/1992 1538/1931 1539/1930 1388/1993
f 1413/817 1412/998 1113/1981 1112/1943
f 1411/120 1211/1950 1464/1927 1434/121
f 1491/1728 1377/1967 1379/1966 1489/1729
f 1334/1864 1330/1863 1479/1851 1475/1994
f 647/934 643/815 1432/818 1433/1917
f 555/37 554/38 1423/796 1424/1920
f 1246/1034 1524/1990 1514/1796 1247/1209
f 1521/1724 1537/1890 1377/1967 1491/1728
f 724/1982 723/1962 1457/1995 1134/1996
f 1526/1458 1541/1946 1393/1945 1487/1459
f 1460/1964 1461/1997 1455/1998 1454/1952
f 1456/1953 1388/1999 1389/2000 1356/1928
f 1449/1976 1448/1973 1446/1972 1447/1977
f 1301/1979 1341/1957 1351/1925 1346/1924
f 1450/2001 1447/1977 1446/1972 848/1983
f 1468/1938 1245/1939 1444/1937 1451/1936
f 1134/1965 1119/1968 722/1940 724/1982
f 1389/2000 1452/2002 1361/1929 1356/1928
f 1341/1957 1450/1960 848/1983 1351/1925
f 1245/1939 1458/2003 1445/1956 1444/1937
f 1119/1968 1468/1938 1451/1936 722/1940
f 1452/1985 1453/1988 1443/1969 1361/1929
f 1455/1998 1388/1993 1456/1953 1454/1952
f 1458/2003 1301/1979 1346/1924 1445/1956
f 1113/1981 858/2004 849/2005 1112/1943
f 1112/1943 849/2005 1471/1947 1462/1944
f 1462/1944 1471/1947 1472/2006 1463/1926
f 1494/1587 1530/1987 1440/1986 1480/1776
f 1389/2000 1439/1792 1440/1791 1452/2002
f 1489/1729 1379/1966 1378/1963 1490/804
f 1522/517 1538/1931 1540/2007 1525/518
f 1119/1968 1377/1967 1537/1890 1468/1938
f 1540/2007 1538/1931 1455/1992 1461/1997
f 1458/2003 1532/1951 1437/1123 1301/1979
f 1496/822 1532/1951 1531/1889 1495/1723
f 1245/1939 1531/1889 1532/1951 1458/2003
f 1527/1789 1542/1788 1541/1946 1526/1458
f 1539/1930 1439/1792 1389/2000 1388/1993
f 1450/2001 1392/1959 1533/1954 1447/1977
f 1529/1899 1485/1091 1427/1921 1544/2008
f 735/1105 802/1250 1055/1362 1048/1006
f 1497/1955 1533/1954 1392/1959 1488/462
f 1487/1459 1393/1945 1410/2009 1486/1909
f 1488/462 1392/1959 1438/1958 1482/463
f 1349/1874 1527/1789 1526/1458 1344/1457
f 1541/1946 1542/1788 1472/2006 1471/1947
f 1397/966 1502/2010 1511/2011 1441/967
f 1441/967 1511/2011 1513/2012 1484/1949
f 1478/814 1476/26 1552/2013 1554/2014
f 1402/1919 1507/2015 1508/2016 1403/1913
f 1395/1915 1500/2017 1501/2018 1396/1916
f 1465/1904 1466/812 1546/2019 1545/2020
f 1401/1907 1506/1991 1510/2021 1405/1908
f 1405/1908 1510/2021 1509/2022 1404/1912
f 1396/1916 1501/2018 1504/2023 1399/1910
f 1477/25 1465/1795 1545/2024 1553/2025
f 1394/1918 1499/2026 1500/2017 1395/1915
f 1467/811 1473/928 1550/2027 1547/2028
f 1400/1906 1505/2029 1502/2010 1397/966
f 1474/793 1469/1799 1548/2030 1551/2031
f 1475/1994 1479/1851 1555/2032 1515/1934
f 1404/1912 1509/2022 1507/2015 1402/1919
f 1466/812 1467/811 1547/2028 1546/2019
f 1403/1913 1508/2016 1499/2033 1394/1914
f 1398/1911 1503/2034 1505/2029 1400/1906
f 1529/1899 1544/2008 1557/2035 1556/2036
f 1399/1910 1504/2023 1503/2034 1398/1911
f 1476/26 1477/25 1553/2025 1552/2013
f 1469/1799 1529/1899 1556/2036 1548/2030
f 1492/938 1376/1942 1530/1987 1494/1587
f 1486/1909 1410/2009 1435/1975 1524/1990
f 1410/2009 1393/1945 849/1948 858/2004
f 1249/999 1512/1797 1497/1955 1248/1000
f 1379/1966 1134/1965 1457/1995 1378/1963
f 1479/1851 1478/814 1554/2014 1555/2032
f 1459/1980 1516/2037 858/2004 1113/1981
f 690/1031 691/1087 685/1086 684/1487
f 1603/1322 972/1321 971/2038 1596/2039
f 1470/794 1474/793 1551/2031 1549/2040
f 1473/928 1470/794 1549/2040 1550/2027
f 1530/1987 1376/1942 1520/2041 1453/1988
f 1520/2041 1376/1942 1519/1941 1518/2042
f 1335/916 1334/1864 1475/1994 1517/1989
f 1518/2043 1457/1995 723/1962 1442/1961
f 1520/2041 1518/2042 1442/1961 718/1978
f 1443/1969 1453/1988 1520/2041 718/1978
f 1518/2042 1519/1941 1378/1963 1457/1995
f 1435/1975 1410/2009 858/2004 1516/2037
f 1436/1984 1534/2044 1516/2037 1459/1980
f 1536/1922 1435/1975 1516/2037 1534/2044
f 1448/1973 1449/1976 1534/2044 1436/1984
f 1535/1923 1536/1922 1534/2044 1449/1976
f 1621/2045 1620/2046 1560/2047 1561/2048
f 1618/2049 1625/2050 1565/2051 1558/2052
f 1624/2053 1618/2049 1558/2052 1564/2054
f 1587/2055 1590/2056 1566/2057 1563/2058
f 1623/2059 1619/2060 1559/2061 1563/2062
f 1619/2060 1621/2045 1561/2048 1559/2061
f 1591/2063 1567/2064 1569/2065 1593/2066
f 1584/2067 1560/2068 1567/2064 1591/2063
f 1592/2069 1568/2070 1562/2071 1586/2072
f 1593/2073 1569/2074 1568/2070 1592/2069
f 1589/2075 1565/2076 1566/2057 1590/2056
f 1586/2072 1562/2071 1564/2077 1588/2078
f 1615/2079 1579/2080 1572/2081 1608/2082
f 1617/2083 1581/2084 1578/2085 1614/2086
f 1594/2087 1570/2088 1580/2089 1604/2090
f 1614/2086 1578/2085 1573/2091 1609/2092
f 1613/2093 1577/2094 1579/2080 1615/2079
f 1606/2095 1570/2096 1577/2094 1613/2093
f 1599/2097 1600/2098 1576/2099 1575/2100
f 1597/2101 1604/2090 1580/2089 1573/2102
f 1598/2103 1595/2104 1571/2105 1574/2106
f 1600/2107 1598/2103 1574/2106 1576/2108
f 1596/2109 1599/2097 1575/2100 1572/2110
f 1595/2104 1605/2111 1581/2112 1571/2105
f 293/2113 1586/2072 1588/2078 298/864
f 300/2114 1589/2075 1590/2056 301/2115
f 295/2116 1593/2073 1592/2069 294/2117
f 294/2117 1592/2069 1586/2072 293/2113
f 290/886 1584/885 1591/2063 296/2118
f 296/2118 1591/2063 1593/2066 295/2119
f 292/341 301/2115 1590/2056 1587/340
f 1561/2048 1560/2047 1584/2067 1585/337
f 1558/2052 1565/2051 1589/879 1582/862
f 1564/2054 1558/2052 1582/862 1588/2078
f 1563/2062 1559/2061 1583/336 1587/2055
f 1559/2061 1561/2048 1585/337 1583/336
f 974/2120 979/1903 1605/1902 1595/2104
f 971/2038 977/2121 1599/2097 1596/2039
f 976/2122 975/2123 1598/2103 1600/2107
f 975/2123 974/2120 1595/2104 1598/2103
f 981/2124 982/2125 1604/2090 1597/2101
f 977/2121 976/2126 1600/2098 1599/2097
f 973/1302 1594/1301 1604/2090 982/2125
f 1579/2080 1603/1322 1596/2039 1572/2081
f 1581/2084 1605/2111 1602/1801 1578/2085
f 1578/2085 1602/1801 1597/1804 1573/2091
f 1577/2094 1601/1304 1603/1322 1579/2080
f 1570/2096 1594/2087 1601/1304 1577/2094
f 962/1274 1606/1829 1613/2093 996/1275
f 996/1275 1613/2093 1615/2079 961/2127
f 1038/2128 1614/2086 1609/2092 969/2129
f 967/1782 1617/1172 1614/2086 1038/1783
f 961/2127 1615/2079 1608/2082 960/1280
f 1570/2096 1606/2095 1616/1296 1580/2089
f 1575/2100 1576/2099 1612/1299 1611/1278
f 1573/2102 1580/2089 1616/1296 1609/1295
f 1574/2106 1571/2105 1607/1171 1610/1288
f 1576/2108 1574/2106 1610/1288 1612/1287
f 1572/2081 1575/2100 1611/1278 1608/2082
f 1571/2105 1581/2112 1617/2083 1607/1171
f 315/2130 280/2131 1621/2045 1619/2060
f 281/351 315/350 1619/2060 1623/557
f 286/860 355/859 1618/2049 1624/215
f 355/859 288/2132 1625/2050 1618/2049
f 280/2131 279/330 1620/329 1621/2045
f 1563/2062 1566/2057 1626/324 1623/2059
f 1567/2064 1627/332 1629/335 1569/2065
f 1560/2047 1620/2046 1627/332 1567/2064
f 1568/2070 1628/328 1622/212 1562/2071
f 1569/2074 1629/325 1628/328 1568/2070
f 1565/2076 1625/321 1626/324 1566/2057
f 1562/2071 1622/212 1624/215 1564/2077
f 267/315 268/345 1641/347 1639/296
f 277/878 354/877 1630/854 1637/873
f 263/222 353/852 1630/874 1632/223
f 269/560 278/308 1634/293 1640/352
f 258/355 358/354 1638/346 1640/561
f 358/354 257/359 1641/884 1638/346
f 267/315 1639/296 1631/290 273/303
f 271/312 1636/295 1635/220 270/217
f 272/311 1633/294 1636/295 271/312
f 277/307 1637/292 1634/293 278/308
f 273/303 1631/290 1633/291 272/304
f 270/217 1635/220 1632/223 275/218
f 958/1840 1642/1843 1651/1844 1037/1841
f 954/1266 953/1265 1652/1835 1643/1310
f 950/1838 1647/1317 1646/1826 959/1255
f 958/1256 959/1255 1646/1826 1642/1825
f 944/1177 1648/1176 1651/1780 1036/1631
f 948/1635 1649/1309 1644/1774 949/1314
f 1041/1621 1650/1320 1644/1745 938/1589
f 953/1733 952/1294 1653/1444 1652/1734
f 952/1294 951/1170 1645/1175 1653/1444
f 939/1622 1647/1831 1650/1320 1041/1621
f 948/1635 954/1266 1643/1310 1649/1309
f 951/1170 956/1169 1648/1777 1645/1175
f 969/2129 1664/1839 1660/1842 1038/2128
f 962/1274 1661/1273 1656/1254 970/1297
f 960/1280 1665/1634 1659/1313 961/2127
f 956/1778 1654/1168 1660/1784 1037/1779
f 965/1290 964/1289 1657/1293 1655/1732
f 960/1280 966/1279 1658/1263 1665/1634
f 961/2127 1659/1313 1663/1316 996/1275
f 964/1289 963/1174 1662/1167 1657/1293
f 950/1318 1661/1837 1663/1276 998/1319
f 966/1279 965/1300 1655/1264 1658/1263
f 969/1298 970/1297 1656/1254 1664/1253
f 963/1174 967/1173 1654/1781 1662/1167
f 279/330 280/2131 1670/342 1669/314
f 288/2132 355/859 1666/858 1676/875
f 275/856 354/855 1666/876 1677/219
f 281/351 289/323 1675/309 1668/348
f 269/353 317/344 1667/343 1668/559
f 280/2131 315/2130 1667/349 1670/342
f 279/330 1669/314 1674/302 285/331
f 283/327 1672/313 1671/216 282/213
f 284/326 1673/310 1672/313 283/327
f 288/322 1676/306 1675/309 289/323
f 285/331 1674/302 1673/305 284/334
f 282/213 1671/216 1677/219 286/214
f 1678/2133 1680/2134 1682/2135 1679/2136
f 1680/2134 1716/2137 1715/2138 1682/2135
f 1679/2136 1682/2135 1714/2139 1713/2140
f 1682/2135 1715/2138 1732/2141 1714/2139
f 1678/2133 1681/2142 1683/2143 1680/2134
f 1681/2142 1712/2144 1711/2145 1683/2143
f 1680/2134 1683/2143 1717/2146 1716/2137
f 1683/2143 1711/2145 1731/2147 1717/2146
f 1684/2148 1685/2149 1689/2150 1688/2151
f 1685/2149 1716/2137 1717/2146 1689/2150
f 1688/2151 1689/2150 1720/2152 1719/2153
f 1731/2154 1720/2155 1736/2156 1748/2157
f 1684/2148 1686/2158 1690/2159 1685/2149
f 1686/2158 1722/2160 1721/2161 1690/2159
f 1685/2149 1690/2159 1715/2138 1716/2137
f 1715/2138 1690/2159 1738/2162 1739/2163
f 1684/2148 1687/2164 1691/2165 1686/2158
f 1687/2164 1725/2166 1724/2167 1691/2165
f 1686/2158 1691/2165 1723/2168 1722/2160
f 1691/2165 1724/2167 1743/2169 1741/2170
f 1684/2148 1688/2151 1692/2171 1687/2164
f 1688/2151 1719/2153 1718/2172 1692/2171
f 1687/2164 1692/2171 1726/2173 1725/2166
f 1723/2168 1691/2165 1741/2170 1742/2174
f 1693/2175 1694/2176 1697/2177 1696/2178
f 1694/2176 1725/2166 1726/2173 1697/2177
f 1696/2178 1697/2177 1728/2179 1727/2180
f 1697/2177 1726/2173 1733/2181 1728/2179
f 1693/2175 1695/2182 1698/2183 1694/2176
f 1695/2182 1730/2184 1729/2185 1698/2183
f 1694/2176 1698/2183 1724/2167 1725/2166
f 1698/2183 1729/2185 1734/2186 1724/2167
f 1699/2187 1700/2188 1703/2189 1702/2190
f 1700/2188 1719/2153 1720/2152 1703/2189
f 1702/2190 1703/2189 1711/2145 1712/2144
f 1703/2189 1720/2152 1731/2154 1711/2145
f 1699/2187 1701/2191 1704/2192 1700/2188
f 1701/2191 1727/2180 1728/2179 1704/2192
f 1700/2188 1704/2192 1718/2172 1719/2153
f 1704/2192 1728/2179 1733/2181 1718/2172
f 1705/2193 1706/2194 1709/2195 1708/2196
f 1706/2194 1722/2160 1723/2168 1709/2195
f 1708/2196 1709/2195 1729/2185 1730/2184
f 1709/2195 1723/2168 1734/2186 1729/2185
f 1705/2193 1707/2197 1710/2198 1706/2194
f 1707/2197 1713/2140 1714/2139 1710/2198
f 1706/2194 1710/2198 1721/2161 1722/2160
f 1710/2198 1714/2139 1732/2141 1721/2161
f 1735/2199 1737/2200 1748/2157 1736/2156
f 1738/2162 1740/2201 1747/2202 1739/2163
f 1741/2170 1743/2169 1750/2203 1742/2174
f 1744/2204 1746/2205 1749/2206 1745/2207
f 1732/2141 1715/2138 1739/2163 1747/2202
f 1733/2181 1726/2173 1745/2207 1749/2206
f 1690/2159 1721/2161 1740/2201 1738/2162
f 1720/2152 1689/2150 1735/2199 1736/2156
f 1721/2161 1732/2141 1747/2202 1740/2201
f 1689/2150 1717/2146 1737/2200 1735/2199
f 1717/2146 1731/2147 1748/2157 1737/2200
f 1734/2186 1723/2168 1742/2174 1750/2203
f 1726/2173 1692/2171 1744/2204 1745/2207
f 1718/2172 1733/2181 1749/2206 1746/2205
f 1724/2167 1734/2186 1750/2203 1743/2169
f 1692/2171 1718/2172 1746/2205 1744/2204
f 1751/2208 1753/2209 1755/2210 1752/2211
f 1753/2209 1789/2212 1788/2213 1755/2210
f 1752/2211 1755/2210 1787/2214 1786/2215
f 1755/2210 1788/2213 1805/2216 1787/2214
f 1751/2208 1754/2217 1756/2218 1753/2209
f 1754/2217 1785/2219 1784/2220 1756/2218
f 1753/2209 1756/2218 1790/2221 1789/2212
f 1756/2218 1784/2220 1804/2222 1790/2221
f 1757/2223 1758/2224 1762/2225 1761/2226
f 1758/2224 1789/2212 1790/2221 1762/2225
f 1761/2226 1762/2225 1793/2227 1792/2228
f 1804/2229 1793/2230 1809/2231 1821/2232
f 1757/2223 1759/2233 1763/2234 1758/2224
f 1759/2233 1795/2235 1794/2236 1763/2234
f 1758/2224 1763/2234 1788/2213 1789/2212
f 1788/2213 1763/2234 1811/2237 1812/2238
f 1757/2223 1760/2239 1764/2240 1759/2233
f 1760/2239 1798/2241 1797/2242 1764/2240
f 1759/2233 1764/2240 1796/2243 1795/2235
f 1764/2240 1797/2242 1816/2244 1814/2245
f 1757/2223 1761/2226 1765/2246 1760/2239
f 1761/2226 1792/2228 1791/2247 1765/2246
f 1760/2239 1765/2246 1799/2248 1798/2241
f 1796/2243 1764/2240 1814/2245 1815/2249
f 1766/2250 1767/2251 1770/2252 1769/2253
f 1767/2251 1798/2241 1799/2248 1770/2252
f 1769/2253 1770/2252 1801/2254 1800/2255
f 1770/2252 1799/2248 1806/2256 1801/2254
f 1766/2250 1768/2257 1771/2258 1767/2251
f 1768/2257 1803/2259 1802/2260 1771/2258
f 1767/2251 1771/2258 1797/2242 1798/2241
f 1771/2258 1802/2260 1807/2261 1797/2242
f 1772/2262 1773/2263 1776/2264 1775/2265
f 1773/2263 1792/2228 1793/2227 1776/2264
f 1775/2265 1776/2264 1784/2220 1785/2219
f 1776/2264 1793/2227 1804/2229 1784/2220
f 1772/2262 1774/2266 1777/2267 1773/2263
f 1774/2266 1800/2255 1801/2254 1777/2267
f 1773/2263 1777/2267 1791/2247 1792/2228
f 1777/2267 1801/2254 1806/2256 1791/2247
f 1778/2268 1779/2269 1782/2270 1781/2271
f 1779/2269 1795/2235 1796/2243 1782/2270
f 1781/2271 1782/2270 1802/2260 1803/2259
f 1782/2270 1796/2243 1807/2261 1802/2260
f 1778/2268 1780/2272 1783/2273 1779/2269
f 1780/2272 1786/2215 1787/2214 1783/2273
f 1779/2269 1783/2273 1794/2236 1795/2235
f 1783/2273 1787/2214 1805/2216 1794/2236
f 1808/2274 1810/2275 1821/2232 1809/2231
f 1811/2237 1813/2276 1820/2277 1812/2238
f 1814/2245 1816/2244 1823/2278 1815/2249
f 1817/2279 1819/2280 1822/2281 1818/2282
f 1805/2216 1788/2213 1812/2238 1820/2277
f 1806/2256 1799/2248 1818/2282 1822/2281
f 1763/2234 1794/2236 1813/2276 1811/2237
f 1793/2227 1762/2225 1808/2274 1809/2231
f 1794/2236 1805/2216 1820/2277 1813/2276
f 1762/2225 1790/2221 1810/2275 1808/2274
f 1790/2221 1804/2222 1821/2232 1810/2275
f 1807/2261 1796/2243 1815/2249 1823/2278
f 1799/2248 1765/2246 1817/2279 1818/2282
f 1791/2247 1806/2256 1822/2281 1819/2280
f 1797/2242 1807/2261 1823/2278 1816/2244
f 1765/2246 1791/2247 1819/2280 1817/2279
f 1824/2283 1826/2284 1828/2285 1825/2286
f 1826/2284 1862/2287 1861/2288 1828/2285
f 1825/2286 1828/2285 1860/2289 1859/2290
f 1828/2285 1861/2288 1878/2291 1860/2289
f 1824/2283 1827/2292 1829/2293 1826/2284
f 1827/2292 1858/2294 1857/2295 1829/2293
f 1826/2284 1829/2293 1863/2296 1862/2287
f 1829/2293 1857/2295 1877/2297 1863/2296
f 1830/2298 1831/2299 1835/2300 1834/2301
f 1831/2299 1862/2287 1863/2296 1835/2300
f 1834/2301 1835/2300 1866/2302 1865/2303
f 1877/2304 1866/2305 1882/2306 1894/2307
f 1830/2298 1832/2308 1836/2309 1831/2299
f 1832/2308 1868/2310 1867/2311 1836/2309
f 1831/2299 1836/2309 1861/2288 1862/2287
f 1861/2288 1836/2309 1884/2312 1885/2313
f 1830/2298 1833/2314 1837/2315 1832/2308
f 1833/2314 1871/2316 1870/2317 1837/2315
f 1832/2308 1837/2315 1869/2318 1868/2310
f 1837/2315 1870/2317 1889/2319 1887/2320
f 1830/2298 1834/2301 1838/2321 1833/2314
f 1834/2301 1865/2303 1864/2322 1838/2321
f 1833/2314 1838/2321 1872/2323 1871/2316
f 1869/2318 1837/2315 1887/2320 1888/2324
f 1839/2325 1840/2326 1843/2327 1842/2328
f 1840/2326 1871/2316 1872/2323 1843/2327
f 1842/2328 1843/2327 1874/2329 1873/2330
f 1843/2327 1872/2323 1879/2331 1874/2329
f 1839/2325 1841/2332 1844/2333 1840/2326
f 1841/2332 1876/2334 1875/2335 1844/2333
f 1840/2326 1844/2333 1870/2317 1871/2316
f 1844/2333 1875/2335 1880/2336 1870/2317
f 1845/2337 1846/2338 1849/2339 1848/2340
f 1846/2338 1865/2303 1866/2302 1849/2339
f 1848/2340 1849/2339 1857/2295 1858/2294
f 1849/2339 1866/2302 1877/2304 1857/2295
f 1845/2337 1847/2341 1850/2342 1846/2338
f 1847/2341 1873/2330 1874/2329 1850/2342
f 1846/2338 1850/2342 1864/2322 1865/2303
f 1850/2342 1874/2329 1879/2331 1864/2322
f 1851/2343 1852/2344 1855/2345 1854/2346
f 1852/2344 1868/2310 1869/2318 1855/2345
f 1854/2346 1855/2345 1875/2335 1876/2334
f 1855/2345 1869/2318 1880/2336 1875/2335
f 1851/2343 1853/2347 1856/2348 1852/2344
f 1853/2347 1859/2290 1860/2289 1856/2348
f 1852/2344 1856/2348 1867/2311 1868/2310
f 1856/2348 1860/2289 1878/2291 1867/2311
f 1881/2349 1883/2350 1894/2307 1882/2306
f 1884/2312 1886/2351 1893/2352 1885/2313
f 1887/2320 1889/2319 1896/2353 1888/2324
f 1890/2354 1892/2355 1895/2356 1891/2357
f 1878/2291 1861/2288 1885/2313 1893/2352
f 1879/2331 1872/2323 1891/2357 1895/2356
f 1836/2309 1867/2311 1886/2351 1884/2312
f 1866/2302 1835/2300 1881/2349 1882/2306
f 1867/2311 1878/2291 1893/2352 1886/2351
f 1835/2300 1863/2296 1883/2350 1881/2349
f 1863/2296 1877/2297 1894/2307 1883/2350
f 1880/2336 1869/2318 1888/2324 1896/2353
f 1872/2323 1838/2321 1890/2354 1891/2357
f 1864/2322 1879/2331 1895/2356 1892/2355
f 1870/2317 1880/2336 1896/2353 1889/2319
f 1838/2321 1864/2322 1892/2355 1890/2354
f 1897/2358 1899/2359 1901/2360 1898/2361
f 1899/2359 1935/2362 1934/2363 1901/2360
f 1898/2361 1901/2360 1933/2364 1932/2365
f 1901/2360 1934/2363 1951/2366 1933/2364
f 1897/2358 1900/2367 1902/2368 1899/2359
f 1900/2367 1931/2369 1930/2370 1902/2368
f 1899/2359 1902/2368 1936/2371 1935/2362
f 1902/2368 1930/2370 1950/2372 1936/2371
f 1903/2373 1904/2374 1908/2375 1907/2376
f 1904/2374 1935/2362 1936/2371 1908/2375
f 1907/2376 1908/2375 1939/2377 1938/2378
f 1950/2379 1939/2380 1955/2381 1967/2382
f 1903/2373 1905/2383 1909/2384 1904/2374
f 1905/2383 1941/2385 1940/2386 1909/2384
f 1904/2374 1909/2384 1934/2363 1935/2362
f 1934/2363 1909/2384 1957/2387 1958/2388
f 1903/2373 1906/2389 1910/2390 1905/2383
f 1906/2389 1944/2391 1943/2392 1910/2390
f 1905/2383 1910/2390 1942/2393 1941/2385
f 1910/2390 1943/2392 1962/2394 1960/2395
f 1903/2373 1907/2376 1911/2396 1906/2389
f 1907/2376 1938/2378 1937/2397 1911/2396
f 1906/2389 1911/2396 1945/2398 1944/2391
f 1942/2393 1910/2390 1960/2395 1961/2399
f 1912/2400 1913/2401 1916/2402 1915/2403
f 1913/2401 1944/2391 1945/2398 1916/2402
f 1915/2403 1916/2402 1947/2404 1946/2405
f 1916/2402 1945/2398 1952/2406 1947/2404
f 1912/2400 1914/2407 1917/2408 1913/2401
f 1914/2407 1949/2409 1948/2410 1917/2408
f 1913/2401 1917/2408 1943/2392 1944/2391
f 1917/2408 1948/2410 1953/2411 1943/2392
f 1918/2412 1919/2413 1922/2414 1921/2415
f 1919/2413 1938/2378 1939/2377 1922/2414
f 1921/2415 1922/2414 1930/2370 1931/2369
f 1922/2414 1939/2377 1950/2379 1930/2370
f 1918/2412 1920/2416 1923/2417 1919/2413
f 1920/2416 1946/2405 1947/2404 1923/2417
f 1919/2413 1923/2417 1937/2397 1938/2378
f 1923/2417 1947/2404 1952/2406 1937/2397
f 1924/2418 1925/2419 1928/2420 1927/2421
f 1925/2419 1941/2385 1942/2393 1928/2420
f 1927/2421 1928/2420 1948/2410 1949/2409
f 1928/2420 1942/2393 1953/2411 1948/2410
f 1924/2418 1926/2422 1929/2423 1925/2419
f 1926/2422 1932/2365 1933/2364 1929/2423
f 1925/2419 1929/2423 1940/2386 1941/2385
f 1929/2423 1933/2364 1951/2366 1940/2386
f 1954/2424 1956/2425 1967/2382 1955/2381
f 1957/2387 1959/2426 1966/2427 1958/2388
f 1960/2395 1962/2394 1969/2428 1961/2399
f 1963/2429 1965/2430 1968/2431 1964/2432
f 1951/2366 1934/2363 1958/2388 1966/2427
f 1952/2406 1945/2398 1964/2432 1968/2431
f 1909/2384 1940/2386 1959/2426 1957/2387
f 1939/2377 1908/2375 1954/2424 1955/2381
f 1940/2386 1951/2366 1966/2427 1959/2426
f 1908/2375 1936/2371 1956/2425 1954/2424
f 1936/2371 1950/2372 1967/2382 1956/2425
f 1953/2411 1942/2393 1961/2399 1969/2428
f 1945/2398 1911/2396 1963/2429 1964/2432
f 1937/2397 1952/2406 1968/2431 1965/2430
f 1943/2392 1953/2411 1969/2428 1962/2394
f 1911/2396 1937/2397 1965/2430 1963/2429
f 1970/2433 1972/2434 1974/2435 1971/2436
f 1972/2434 2008/2437 2007/2438 1974/2435
f 1971/2436 1974/2435 2006/2439 2005/2440
f 1974/2435 2007/2438 2024/2441 2006/2439
f 1970/2433 1973/2442 1975/2443 1972/2434
f 1973/2442 2004/2444 2003/2445 1975/2443
f 1972/2434 1975/2443 2009/2446 2008/2437
f 1975/2443 2003/2445 2023/2447 2009/2446
f 1976/2448 1977/2449 1981/2450 1980/2451
f 1977/2449 2008/2437 2009/2446 1981/2450
f 1980/2451 1981/2450 2012/2452 2011/2453
f 2023/2454 2012/2455 2028/2456 2040/2457
f 1976/2448 1978/2458 1982/2459 1977/2449
f 1978/2458 2014/2460 2013/2461 1982/2459
f 1977/2449 1982/2459 2007/2438 2008/2437
f 2007/2438 1982/2459 2030/2462 2031/2463
f 1976/2448 1979/2464 1983/2465 1978/2458
f 1979/2464 2017/2466 2016/2467 1983/2465
f 1978/2458 1983/2465 2015/2468 2014/2460
f 1983/2465 2016/2467 2035/2469 2033/2470
f 1976/2448 1980/2451 1984/2471 1979/2464
f 1980/2451 2011/2453 2010/2472 1984/2471
f 1979/2464 1984/2471 2018/2473 2017/2466
f 2015/2468 1983/2465 2033/2470 2034/2474
f 1985/2475 1986/2476 1989/2477 1988/2478
f 1986/2476 2017/2466 2018/2473 1989/2477
f 1988/2478 1989/2477 2020/2479 2019/2480
f 1989/2477 2018/2473 2025/2481 2020/2479
f 1985/2475 1987/2482 1990/2483 1986/2476
f 1987/2482 2022/2484 2021/2485 1990/2483
f 1986/2476 1990/2483 2016/2467 2017/2466
f 1990/2483 2021/2485 2026/2486 2016/2467
f 1991/2487 1992/2488 1995/2489 1994/2490
f 1992/2488 2011/2453 2012/2452 1995/2489
f 1994/2490 1995/2489 2003/2445 2004/2444
f 1995/2489 2012/2452 2023/2454 2003/2445
f 1991/2487 1993/2491 1996/2492 1992/2488
f 1993/2491 2019/2480 2020/2479 1996/2492
f 1992/2488 1996/2492 2010/2472 2011/2453
f 1996/2492 2020/2479 2025/2481 2010/2472
f 1997/2493 1998/2494 2001/2495 2000/2496
f 1998/2494 2014/2460 2015/2468 2001/2495
f 2000/2496 2001/2495 2021/2485 2022/2484
f 2001/2495 2015/2468 2026/2486 2021/2485
f 1997/2493 1999/2497 2002/2498 1998/2494
f 1999/2497 2005/2440 2006/2439 2002/2498
f 1998/2494 2002/2498 2013/2461 2014/2460
f 2002/2498 2006/2439 2024/2441 2013/2461
f 2027/2499 2029/2500 2040/2457 2028/2456
f 2030/2462 2032/2501 2039/2502 2031/2463
f 2033/2470 2035/2469 2042/2503 2034/2474
f 2036/2504 2038/2505 2041/2506 2037/2507
f 2024/2441 2007/2438 2031/2463 2039/2502
f 2025/2481 2018/2473 2037/2507 2041/2506
f 1982/2459 2013/2461 2032/2501 2030/2462
f 2012/2452 1981/2450 2027/2499 2028/2456
f 2013/2461 2024/2441 2039/2502 2032/2501
f 1981/2450 2009/2446 2029/2500 2027/2499
f 2009/2446 2023/2447 2040/2457 2029/2500
f 2026/2486 2015/2468 2034/2474 2042/2503
f 2018/2473 1984/2471 2036/2504 2037/2507
f 2010/2472 2025/2481 2041/2506 2038/2505
f 2016/2467 2026/2486 2042/2503 2035/2469
f 1984/2471 2010/2472 2038/2505 2036/2504
f 2043/2508 2045/2509 2047/2510 2044/2511
f 2045/2509 2081/2512 2080/2513 2047/2510
f 2044/2511 2047/2510 2079/2514 2078/2515
f 2047/2510 2080/2513 2097/2516 2079/2514
f 2043/2508 2046/2517 2048/2518 2045/2509
f 2046/2517 2077/2519 2076/2520 2048/2518
f 2045/2509 2048/2518 2082/2521 2081/2512
f 2048/2518 2076/2520 2096/2522 2082/2521
f 2049/2523 2050/2524 2054/2525 2053/2526
f 2050/2524 2081/2512 2082/2521 2054/2525
f 2053/2526 2054/2525 2085/2527 2084/2528
f 2096/2529 2085/2530 2101/2531 2113/2532
f 2049/2523 2051/2533 2055/2534 2050/2524
f 2051/2533 2087/2535 2086/2536 2055/2534
f 2050/2524 2055/2534 2080/2513 2081/2512
f 2080/2513 2055/2534 2103/2537 2104/2538
f 2049/2523 2052/2539 2056/2540 2051/2533
f 2052/2539 2090/2541 2089/2542 2056/2540
f 2051/2533 2056/2540 2088/2543 2087/2535
f 2056/2540 2089/2542 2108/2544 2106/2545
f 2049/2523 2053/2526 2057/2546 2052/2539
f 2053/2526 2084/2528 2083/2547 2057/2546
f 2052/2539 2057/2546 2091/2548 2090/2541
f 2088/2543 2056/2540 2106/2545 2107/2549
f 2058/2550 2059/2551 2062/2552 2061/2553
f 2059/2551 2090/2541 2091/2548 2062/2552
f 2061/2553 2062/2552 2093/2554 2092/2555
f 2062/2552 2091/2548 2098/2556 2093/2554
f 2058/2550 2060/2557 2063/2558 2059/2551
f 2060/2557 2095/2559 2094/2560 2063/2558
f 2059/2551 2063/2558 2089/2542 2090/2541
f 2063/2558 2094/2560 2099/2561 2089/2542
f 2064/2562 2065/2563 2068/2564 2067/2565
f 2065/2563 2084/2528 2085/2527 2068/2564
f 2067/2565 2068/2564 2076/2520 2077/2519
f 2068/2564 2085/2527 2096/2529 2076/2520
f 2064/2562 2066/2566 2069/2567 2065/2563
f 2066/2566 2092/2555 2093/2554 2069/2567
f 2065/2563 2069/2567 2083/2547 2084/2528
f 2069/2567 2093/2554 2098/2556 2083/2547
f 2070/2568 2071/2569 2074/2570 2073/2571
f 2071/2569 2087/2535 2088/2543 2074/2570
f 2073/2571 2074/2570 2094/2560 2095/2559
f 2074/2570 2088/2543 2099/2561 2094/2560
f 2070/2568 2072/2572 2075/2573 2071/2569
f 2072/2572 2078/2515 2079/2514 2075/2573
f 2071/2569 2075/2573 2086/2536 2087/2535
f 2075/2573 2079/2514 2097/2516 2086/2536
f 2100/2574 2102/2575 2113/2532 2101/2531
f 2103/2537 2105/2576 2112/2577 2104/2538
f 2106/2545 2108/2544 2115/2578 2107/2549
f 2109/2579 2111/2580 2114/2581 2110/2582
f 2097/2516 2080/2513 2104/2538 2112/2577
f 2098/2556 2091/2548 2110/2582 2114/2581
f 2055/2534 2086/2536 2105/2576 2103/2537
f 2085/2527 2054/2525 2100/2574 2101/2531
f 2086/2536 2097/2516 2112/2577 2105/2576
f 2054/2525 2082/2521 2102/2575 2100/2574
f 2082/2521 2096/2522 2113/2532 2102/2575
f 2099/2561 2088/2543 2107/2549 2115/2578
f 2091/2548 2057/2546 2109/2579 2110/2582
f 2083/2547 2098/2556 2114/2581 2111/2580
f 2089/2542 2099/2561 2115/2578 2108/2544
f 2057/2546 2083/2547 2111/2580 2109/2579
f 2116/2583 2118/2584 2120/2585 2117/2586
f 2118/2584 2154/2587 2153/2588 2120/2585
f 2117/2586 2120/2585 2152/2589 2151/2590
f 2120/2585 2153/2588 2170/2591 2152/2589
f 2116/2583 2119/2592 2121/2593 2118/2584
f 2119/2592 2150/2594 2149/2595 2121/2593
f 2118/2584 2121/2593 2155/2596 2154/2587
f 2121/2593 2149/2595 2169/2597 2155/2596
f 2122/2598 2123/2599 2127/2600 2126/2601
f 2123/2599 2154/2587 2155/2596 2127/2600
f 2126/2601 2127/2600 2158/2602 2157/2603
f 2169/2604 2158/2605 2174/2606 2186/2607
f 2122/2598 2124/2608 2128/2609 2123/2599
f 2124/2608 2160/2610 2159/2611 2128/2609
f 2123/2599 2128/2609 2153/2588 2154/2587
f 2153/2588 2128/2609 2176/2612 2177/2613
f 2122/2598 2125/2614 2129/2615 2124/2608
f 2125/2614 2163/2616 2162/2617 2129/2615
f 2124/2608 2129/2615 2161/2618 2160/2610
f 2129/2615 2162/2617 2181/2619 2179/2620
f 2122/2598 2126/2601 2130/2621 2125/2614
f 2126/2601 2157/2603 2156/2622 2130/2621
f 2125/2614 2130/2621 2164/2623 2163/2616
f 2161/2618 2129/2615 2179/2620 2180/2624
f 2131/2625 2132/2626 2135/2627 2134/2628
f 2132/2626 2163/2616 2164/2623 2135/2627
f 2134/2628 2135/2627 2166/2629 2165/2630
f 2135/2627 2164/2623 2171/2631 2166/2629
f 2131/2625 2133/2632 2136/2633 2132/2626
f 2133/2632 2168/2634 2167/2635 2136/2633
f 2132/2626 2136/2633 2162/2617 2163/2616
f 2136/2633 2167/2635 2172/2636 2162/2617
f 2137/2637 2138/2638 2141/2639 2140/2640
f 2138/2638 2157/2603 2158/2602 2141/2639
f 2140/2640 2141/2639 2149/2595 2150/2594
f 2141/2639 2158/2602 2169/2604 2149/2595
f 2137/2637 2139/2641 2142/2642 2138/2638
f 2139/2641 2165/2630 2166/2629 2142/2642
f 2138/2638 2142/2642 2156/2622 2157/2603
f 2142/2642 2166/2629 2171/2631 2156/2622
f 2143/2643 2144/2644 2147/2645 2146/2646
f 2144/2644 2160/2610 2161/2618 2147/2645
f 2146/2646 2147/2645 2167/2635 2168/2634
f 2147/2645 2161/2618 2172/2636 2167/2635
f 2143/2643 2145/2647 2148/2648 2144/2644
f 2145/2647 2151/2590 2152/2589 2148/2648
f 2144/2644 2148/2648 2159/2611 2160/2610
f 2148/2648 2152/2589 2170/2591 2159/2611
f 2173/2649 2175/2650 2186/2607 2174/2606
f 2176/2612 2178/2651 2185/2652 2177/2613
f 2179/2620 2181/2619 2188/2653 2180/2624
f 2182/2654 2184/2655 2187/2656 2183/2657
f 2170/2591 2153/2588 2177/2613 2185/2652
f 2171/2631 2164/2623 2183/2657 2187/2656
f 2128/2609 2159/2611 2178/2651 2176/2612
f 2158/2602 2127/2600 2173/2649 2174/2606
f 2159/2611 2170/2591 2185/2652 2178/2651
f 2127/2600 2155/2596 2175/2650 2173/2649
f 2155/2596 2169/2597 2186/2607 2175/2650
f 2172/2636 2161/2618 2180/2624 2188/2653
f 2164/2623 2130/2621 2182/2654 2183/2657
f 2156/2622 2171/2631 2187/2656 2184/2655
f 2162/2617 2172/2636 2188/2653 2181/2619
f 2130/2621 2156/2622 2184/2655 2182/2654
f 2189/2658 2191/2659 2193/2660 2190/2661
f 2191/2659 2227/2662 2226/2663 2193/2660
f 2190/2661 2193/2660 2225/2664 2224/2665
f 2193/2660 2226/2663 2243/2666 2225/2664
f 2189/2658 2192/2667 2194/2668 2191/2659
f 2192/2667 2223/2669 2222/2670 2194/2668
f 2191/2659 2194/2668 2228/2671 2227/2662
f 2194/2668 2222/2670 2242/2672 2228/2671
f 2195/2673 2196/2674 2200/2675 2199/2676
f 2196/2674 2227/2662 2228/2671 2200/2675
f 2199/2676 2200/2675 2231/2677 2230/2678
f 2242/2679 2231/2680 2247/2681 2259/2682
f 2195/2673 2197/2683 2201/2684 2196/2674
f 2197/2683 2233/2685 2232/2686 2201/2684
f 2196/2674 2201/2684 2226/2663 2227/2662
f 2226/2663 2201/2684 2249/2687 2250/2688
f 2195/2673 2198/2689 2202/2690 2197/2683
f 2198/2689 2236/2691 2235/2692 2202/2690
f 2197/2683 2202/2690 2234/2693 2233/2685
f 2202/2690 2235/2692 2254/2694 2252/2695
f 2195/2673 2199/2676 2203/2696 2198/2689
f 2199/2676 2230/2678 2229/2697 2203/2696
f 2198/2689 2203/2696 2237/2698 2236/2691
f 2234/2693 2202/2690 2252/2695 2253/2699
f 2204/2700 2205/2701 2208/2702 2207/2703
f 2205/2701 2236/2691 2237/2698 2208/2702
f 2207/2703 2208/2702 2239/2704 2238/2705
f 2208/2702 2237/2698 2244/2706 2239/2704
f 2204/2700 2206/2707 2209/2708 2205/2701
f 2206/2707 2241/2709 2240/2710 2209/2708
f 2205/2701 2209/2708 2235/2692 2236/2691
f 2209/2708 2240/2710 2245/2711 2235/2692
f 2210/2712 2211/2713 2214/2714 2213/2715
f 2211/2713 2230/2678 2231/2677 2214/2714
f 2213/2715 2214/2714 2222/2670 2223/2669
f 2214/2714 2231/2677 2242/2679 2222/2670
f 2210/2712 2212/2716 2215/2717 2211/2713
f 2212/2716 2238/2705 2239/2704 2215/2717
f 2211/2713 2215/2717 2229/2697 2230/2678
f 2215/2717 2239/2704 2244/2706 2229/2697
f 2216/2718 2217/2719 2220/2720 2219/2721
f 2217/2719 2233/2685 2234/2693 2220/2720
f 2219/2721 2220/2720 2240/2710 2241/2709
f 2220/2720 2234/2693 2245/2711 2240/2710
f 2216/2718 2218/2722 2221/2723 2217/2719
f 2218/2722 2224/2665 2225/2664 2221/2723
f 2217/2719 2221/2723 2232/2686 2233/2685
f 2221/2723 2225/2664 2243/2666 2232/2686
f 2246/2724 2248/2725 2259/2682 2247/2681
f 2249/2687 2251/2726 2258/2727 2250/2688
f 2252/2695 2254/2694 2261/2728 2253/2699
f 2255/2729 2257/2730 2260/2731 2256/2732
f 2243/2666 2226/2663 2250/2688 2258/2727
f 2244/2706 2237/2698 2256/2732 2260/2731
f 2201/2684 2232/2686 2251/2726 2249/2687
f 2231/2677 2200/2675 2246/2724 2247/2681
f 2232/2686 2243/2666 2258/2727 2251/2726
f 2200/2675 2228/2671 2248/2725 2246/2724
f 2228/2671 2242/2672 2259/2682 2248/2725
f 2245/2711 2234/2693 2253/2699 2261/2728
f 2237/2698 2203/2696 2255/2729 2256/2732
f 2229/2697 2244/2706 2260/2731 2257/2730
f 2235/2692 2245/2711 2261/2728 2254/2694
f 2203/2696 2229/2697 2257/2730 2255/2729
f 2262/2733 2264/2734 2266/2735 2263/2736
f 2264/2734 2300/2737 2299/2738 2266/2735
f 2263/2736 2266/2735 2298/2739 2297/2740
f 2266/2735 2299/2738 2316/2741 2298/2739
f 2262/2733 2265/2742 2267/2743 2264/2734
f 2265/2742 2296/2744 2295/2745 2267/2743
f 2264/2734 2267/2743 2301/2746 2300/2737
f 2267/2743 2295/2745 2315/2747 2301/2746
f 2268/2748 2269/2749 2273/2750 2272/2751
f 2269/2749 2300/2737 2301/2746 2273/2750
f 2272/2751 2273/2750 2304/2752 2303/2753
f 2315/2754 2304/2755 2320/2756 2332/2757
f 2268/2748 2270/2758 2274/2759 2269/2749
f 2270/2758 2306/2760 2305/2761 2274/2759
f 2269/2749 2274/2759 2299/2738 2300/2737
f 2299/2738 2274/2759 2322/2762 2323/2763
f 2268/2748 2271/2764 2275/2765 2270/2758
f 2271/2764 2309/2766 2308/2767 2275/2765
f 2270/2758 2275/2765 2307/2768 2306/2760
f 2275/2765 2308/2767 2327/2769 2325/2770
f 2268/2748 2272/2751 2276/2771 2271/2764
f 2272/2751 2303/2753 2302/2772 2276/2771
f 2271/2764 2276/2771 2310/2773 2309/2766
f 2307/2768 2275/2765 2325/2770 2326/2774
f 2277/2775 2278/2776 2281/2777 2280/2778
f 2278/2776 2309/2766 2310/2773 2281/2777
f 2280/2778 2281/2777 2312/2779 2311/2780
f 2281/2777 2310/2773 2317/2781 2312/2779
f 2277/2775 2279/2782 2282/2783 2278/2776
f 2279/2782 2314/2784 2313/2785 2282/2783
f 2278/2776 2282/2783 2308/2767 2309/2766
f 2282/2783 2313/2785 2318/2786 2308/2767
f 2283/2787 2284/2788 2287/2789 2286/2790
f 2284/2788 2303/2753 2304/2752 2287/2789
f 2286/2790 2287/2789 2295/2745 2296/2744
f 2287/2789 2304/2752 2315/2754 2295/2745
f 2283/2787 2285/2791 2288/2792 2284/2788
f 2285/2791 2311/2780 2312/2779 2288/2792
f 2284/2788 2288/2792 2302/2772 2303/2753
f 2288/2792 2312/2779 2317/2781 2302/2772
f 2289/2793 2290/2794 2293/2795 2292/2796
f 2290/2794 2306/2760 2307/2768 2293/2795
f 2292/2796 2293/2795 2313/2785 2314/2784
f 2293/2795 2307/2768 2318/2786 2313/2785
f 2289/2793 2291/2797 2294/2798 2290/2794
f 2291/2797 2297/2740 2298/2739 2294/2798
f 2290/2794 2294/2798 2305/2761 2306/2760
f 2294/2798 2298/2739 2316/2741 2305/2761
f 2319/2799 2321/2800 2332/2757 2320/2756
f 2322/2762 2324/2801 2331/2802 2323/2763
f 2325/2770 2327/2769 2334/2803 2326/2774
f 2328/2804 2330/2805 2333/2806 2329/2807
f 2316/2741 2299/2738 2323/2763 2331/2802
f 2317/2781 2310/2773 2329/2807 2333/2806
f 2274/2759 2305/2761 2324/2801 2322/2762
f 2304/2752 2273/2750 2319/2799 2320/2756
f 2305/2761 2316/2741 2331/2802 2324/2801
f 2273/2750 2301/2746 2321/2800 2319/2799
f 2301/2746 2315/2747 2332/2757 2321/2800
f 2318/2786 2307/2768 2326/2774 2334/2803
f 2310/2773 2276/2771 2328/2804 2329/2807
f 2302/2772 2317/2781 2333/2806 2330/2805
f 2308/2767 2318/2786 2334/2803 2327/2769
f 2276/2771 2302/2772 2330/2805 2328/2804
f 2335/2808 2337/2809 2339/2810 2336/2811
f 2337/2809 2373/2812 2372/2813 2339/2810
f 2336/2811 2339/2810 2371/2814 2370/2815
f 2339/2810 2372/2813 2389/2816 2371/2814
f 2335/2808 2338/2817 2340/2818 2337/2809
f 2338/2817 2369/2819 2368/2820 2340/2818
f 2337/2809 2340/2818 2374/2821 2373/2812
f 2340/2818 2368/2820 2388/2822 2374/2821
f 2341/2823 2342/2824 2346/2825 2345/2826
f 2342/2824 2373/2812 2374/2821 2346/2825
f 2345/2826 2346/2825 2377/2827 2376/2828
f 2388/2829 2377/2830 2393/2831 2405/2832
f 2341/2823 2343/2833 2347/2834 2342/2824
f 2343/2833 2379/2835 2378/2836 2347/2834
f 2342/2824 2347/2834 2372/2813 2373/2812
f 2372/2813 2347/2834 2395/2837 2396/2838
f 2341/2823 2344/2839 2348/2840 2343/2833
f 2344/2839 2382/2841 2381/2842 2348/2840
f 2343/2833 2348/2840 2380/2843 2379/2835
f 2348/2840 2381/2842 2400/2844 2398/2845
f 2341/2823 2345/2826 2349/2846 2344/2839
f 2345/2826 2376/2828 2375/2847 2349/2846
f 2344/2839 2349/2846 2383/2848 2382/2841
f 2380/2843 2348/2840 2398/2845 2399/2849
f 2350/2850 2351/2851 2354/2852 2353/2853
f 2351/2851 2382/2841 2383/2848 2354/2852
f 2353/2853 2354/2852 2385/2854 2384/2855
f 2354/2852 2383/2848 2390/2856 2385/2854
f 2350/2850 2352/2857 2355/2858 2351/2851
f 2352/2857 2387/2859 2386/2860 2355/2858
f 2351/2851 2355/2858 2381/2842 2382/2841
f 2355/2858 2386/2860 2391/2861 2381/2842
f 2356/2862 2357/2863 2360/2864 2359/2865
f 2357/2863 2376/2828 2377/2827 2360/2864
f 2359/2865 2360/2864 2368/2820 2369/2819
f 2360/2864 2377/2827 2388/2829 2368/2820
f 2356/2862 2358/2866 2361/2867 2357/2863
f 2358/2866 2384/2855 2385/2854 2361/2867
f 2357/2863 2361/2867 2375/2847 2376/2828
f 2361/2867 2385/2854 2390/2856 2375/2847
f 2362/2868 2363/2869 2366/2870 2365/2871
f 2363/2869 2379/2835 2380/2843 2366/2870
f 2365/2871 2366/2870 2386/2860 2387/2859
f 2366/2870 2380/2843 2391/2861 2386/2860
f 2362/2868 2364/2872 2367/2873 2363/2869
f 2364/2872 2370/2815 2371/2814 2367/2873
f 2363/2869 2367/2873 2378/2836 2379/2835
f 2367/2873 2371/2814 2389/2816 2378/2836
f 2392/2874 2394/2875 2405/2832 2393/2831
f 2395/2837 2397/2876 2404/2877 2396/2838
f 2398/2845 2400/2844 2407/2878 2399/2849
f 2401/2879 2403/2880 2406/2881 2402/2882
f 2389/2816 2372/2813 2396/2838 2404/2877
f 2390/2856 2383/2848 2402/2882 2406/2881
f 2347/2834 2378/2836 2397/2876 2395/2837
f 2377/2827 2346/2825 2392/2874 2393/2831
f 2378/2836 2389/2816 2404/2877 2397/2876
f 2346/2825 2374/2821 2394/2875 2392/2874
f 2374/2821 2388/2822 2405/2832 2394/2875
f 2391/2861 2380/2843 2399/2849 2407/2878
f 2383/2848 2349/2846 2401/2879 2402/2882
f 2375/2847 2390/2856 2406/2881 2403/2880
f 2381/2842 2391/2861 2407/2878 2400/2844
f 2349/2846 2375/2847 2403/2880 2401/2879
f 2408/2883 2410/2884 2412/2885 2409/2886
f 2410/2884 2446/2887 2445/2888 2412/2885
f 2409/2886 2412/2885 2444/2889 2443/2890
f 2412/2885 2445/2888 2462/2891 2444/2889
f 2408/2883 2411/2892 2413/2893 2410/2884
f 2411/2892 2442/2894 2441/2895 2413/2893
f 2410/2884 2413/2893 2447/2896 2446/2887
f 2413/2893 2441/2895 2461/2897 2447/2896
f 2414/2898 2415/2899 2419/2900 2418/2901
f 2415/2899 2446/2887 2447/2896 2419/2900
f 2418/2901 2419/2900 2450/2902 2449/2903
f 2461/2904 2450/2905 2466/2906 2478/2907
f 2414/2898 2416/2908 2420/2909 2415/2899
f 2416/2908 2452/2910 2451/2911 2420/2909
f 2415/2899 2420/2909 2445/2888 2446/2887
f 2445/2888 2420/2909 2468/2912 2469/2913
f 2414/2898 2417/2914 2421/2915 2416/2908
f 2417/2914 2455/2916 2454/2917 2421/2915
f 2416/2908 2421/2915 2453/2918 2452/2910
f 2421/2915 2454/2917 2473/2919 2471/2920
f 2414/2898 2418/2901 2422/2921 2417/2914
f 2418/2901 2449/2903 2448/2922 2422/2921
f 2417/2914 2422/2921 2456/2923 2455/2916
f 2453/2918 2421/2915 2471/2920 2472/2924
f 2423/2925 2424/2926 2427/2927 2426/2928
f 2424/2926 2455/2916 2456/2923 2427/2927
f 2426/2928 2427/2927 2458/2929 2457/2930
f 2427/2927 2456/2923 2463/2931 2458/2929
f 2423/2925 2425/2932 2428/2933 2424/2926
f 2425/2932 2460/2934 2459/2935 2428/2933
f 2424/2926 2428/2933 2454/2917 2455/2916
f 2428/2933 2459/2935 2464/2936 2454/2917
f 2429/2937 2430/2938 2433/2939 2432/2940
f 2430/2938 2449/2903 2450/2902 2433/2939
f 2432/2940 2433/2939 2441/2895 2442/2894
f 2433/2939 2450/2902 2461/2904 2441/2895
f 2429/2937 2431/2941 2434/2942 2430/2938
f 2431/2941 2457/2930 2458/2929 2434/2942
f 2430/2938 2434/2942 2448/2922 2449/2903
f 2434/2942 2458/2929 2463/2931 2448/2922
f 2435/2943 2436/2944 2439/2945 2438/2946
f 2436/2944 2452/2910 2453/2918 2439/2945
f 2438/2946 2439/2945 2459/2935 2460/2934
f 2439/2945 2453/2918 2464/2936 2459/2935
f 2435/2943 2437/2947 2440/2948 2436/2944
f 2437/2947 2443/2890 2444/2889 2440/2948
f 2436/2944 2440/2948 2451/2911 2452/2910
f 2440/2948 2444/2889 2462/2891 2451/2911
f 2465/2949 2467/2950 2478/2907 2466/2906
f 2468/2912 2470/2951 2477/2952 2469/2913
f 2471/2920 2473/2919 2480/2953 2472/2924
f 2474/2954 2476/2955 2479/2956 2475/2957
f 2462/2891 2445/2888 2469/2913 2477/2952
f 2463/2931 2456/2923 2475/2957 2479/2956
f 2420/2909 2451/2911 2470/2951 2468/2912
f 2450/2902 2419/2900 2465/2949 2466/2906
f 2451/2911 2462/2891 2477/2952 2470/2951
f 2419/2900 2447/2896 2467/2950 2465/2949
f 2447/2896 2461/2897 2478/2907 2467/2950
f 2464/2936 2453/2918 2472/2924 2480/2953
f 2456/2923 2422/2921 2474/2954 2475/2957
f 2448/2922 2463/2931 2479/2956 2476/2955
f 2454/2917 2464/2936 2480/2953 2473/2919
f 2422/2921 2448/2922 2476/2955 2474/2954
f 2481/2958 2483/2959 2485/2960 2482/2961
f 2483/2959 2519/2962 2518/2963 2485/2960
f 2482/2961 2485/2960 2517/2964 2516/2965
f 2485/2960 2518/2963 2535/2966 2517/2964
f 2481/2958 2484/2967 2486/2968 2483/2959
f 2484/2967 2515/2969 2514/2970 2486/2968
f 2483/2959 2486/2968 2520/2971 2519/2962
f 2486/2968 2514/2970 2534/2972 2520/2971
f 2487/2973 2488/2974 2492/2975 2491/2976
f 2488/2974 2519/2962 2520/2971 2492/2975
f 2491/2976 2492/2975 2523/2977 2522/2978
f 2534/2979 2523/2980 2539/2981 2551/2982
f 2487/2973 2489/2983 2493/2984 2488/2974
f 2489/2983 2525/2985 2524/2986 2493/2984
f 2488/2974 2493/2984 2518/2963 2519/2962
f 2518/2963 2493/2984 2541/2987 2542/2988
f 2487/2973 2490/2989 2494/2990 2489/2983
f 2490/2989 2528/2991 2527/2992 2494/2990
f 2489/2983 2494/2990 2526/2993 2525/2985
f 2494/2990 2527/2992 2546/2994 2544/2995
f 2487/2973 2491/2976 2495/2996 2490/2989
f 2491/2976 2522/2978 2521/2997 2495/2996
f 2490/2989 2495/2996 2529/2998 2528/2991
f 2526/2993 2494/2990 2544/2995 2545/2999
f 2496/3000 2497/3001 2500/3002 2499/3003
f 2497/3001 2528/2991 2529/2998 2500/3002
f 2499/3003 2500/3002 2531/3004 2530/3005
f 2500/3002 2529/2998 2536/3006 2531/3004
f 2496/3000 2498/3007 2501/3008 2497/3001
f 2498/3007 2533/3009 2532/3010 2501/3008
f 2497/3001 2501/3008 2527/2992 2528/2991
f 2501/3008 2532/3010 2537/3011 2527/2992
f 2502/3012 2503/3013 2506/3014 2505/3015
f 2503/3013 2522/2978 2523/2977 2506/3014
f 2505/3015 2506/3014 2514/2970 2515/2969
f 2506/3014 2523/2977 2534/2979 2514/2970
f 2502/3012 2504/3016 2507/3017 2503/3013
f 2504/3016 2530/3005 2531/3004 2507/3017
f 2503/3013 2507/3017 2521/2997 2522/2978
f 2507/3017 2531/3004 2536/3006 2521/2997
f 2508/3018 2509/3019 2512/3020 2511/3021
f 2509/3019 2525/2985 2526/2993 2512/3020
f 2511/3021 2512/3020 2532/3010 2533/3009
f 2512/3020 2526/2993 2537/3011 2532/3010
f 2508/3018 2510/3022 2513/3023 2509/3019
f 2510/3022 2516/2965 2517/2964 2513/3023
f 2509/3019 2513/3023 2524/2986 2525/2985
f 2513/3023 2517/2964 2535/2966 2524/2986
f 2538/3024 2540/3025 2551/2982 2539/2981
f 2541/2987 2543/3026 2550/3027 2542/2988
f 2544/2995 2546/2994 2553/3028 2545/2999
f 2547/3029 2549/3030 2552/3031 2548/3032
f 2535/2966 2518/2963 2542/2988 2550/3027
f 2536/3006 2529/2998 2548/3032 2552/3031
f 2493/2984 2524/2986 2543/3026 2541/2987
f 2523/2977 2492/2975 2538/3024 2539/2981
f 2524/2986 2535/2966 2550/3027 2543/3026
f 2492/2975 2520/2971 2540/3025 2538/3024
f 2520/2971 2534/2972 2551/2982 2540/3025
f 2537/3011 2526/2993 2545/2999 2553/3028
f 2529/2998 2495/2996 2547/3029 2548/3032
f 2521/2997 2536/3006 2552/3031 2549/3030
f 2527/2992 2537/3011 2553/3028 2546/2994
f 2495/2996 2521/2997 2549/3030 2547/3029
f 2554/3033 2556/3034 2558/3035 2555/3036
f 2556/3034 2592/3037 2591/3038 2558/3035
f 2555/3036 2558/3035 2590/3039 2589/3040
f 2558/3035 2591/3038 2608/3041 2590/3039
f 2554/3033 2557/3042 2559/3043 2556/3034
f 2557/3042 2588/3044 2587/3045 2559/3043
f 2556/3034 2559/3043 2593/3046 2592/3037
f 2559/3043 2587/3045 2607/3047 2593/3046
f 2560/3048 2561/3049 2565/3050 2564/3051
f 2561/3049 2592/3037 2593/3046 2565/3050
f 2564/3051 2565/3050 2596/3052 2595/3053
f 2607/3054 2596/3055 2612/3056 2624/3057
f 2560/3048 2562/3058 2566/3059 2561/3049
f 2562/3058 2598/3060 2597/3061 2566/3059
f 2561/3049 2566/3059 2591/3038 2592/3037
f 2591/3038 2566/3059 2614/3062 2615/3063
f 2560/3048 2563/3064 2567/3065 2562/3058
f 2563/3064 2601/3066 2600/3067 2567/3065
f 2562/3058 2567/3065 2599/3068 2598/3060
f 2567/3065 2600/3067 2619/3069 2617/3070
f 2560/3048 2564/3051 2568/3071 2563/3064
f 2564/3051 2595/3053 2594/3072 2568/3071
f 2563/3064 2568/3071 2602/3073 2601/3066
f 2599/3068 2567/3065 2617/3070 2618/3074
f 2569/3075 2570/3076 2573/3077 2572/3078
f 2570/3076 2601/3066 2602/3073 2573/3077
f 2572/3078 2573/3077 2604/3079 2603/3080
f 2573/3077 2602/3073 2609/3081 2604/3079
f 2569/3075 2571/3082 2574/3083 2570/3076
f 2571/3082 2606/3084 2605/3085 2574/3083
f 2570/3076 2574/3083 2600/3067 2601/3066
f 2574/3083 2605/3085 2610/3086 2600/3067
f 2575/3087 2576/3088 2579/3089 2578/3090
f 2576/3088 2595/3053 2596/3052 2579/3089
f 2578/3090 2579/3089 2587/3045 2588/3044
f 2579/3089 2596/3052 2607/3054 2587/3045
f 2575/3087 2577/3091 2580/3092 2576/3088
f 2577/3091 2603/3080 2604/3079 2580/3092
f 2576/3088 2580/3092 2594/3072 2595/3053
f 2580/3092 2604/3079 2609/3081 2594/3072
f 2581/3093 2582/3094 2585/3095 2584/3096
f 2582/3094 2598/3060 2599/3068 2585/3095
f 2584/3096 2585/3095 2605/3085 2606/3084
f 2585/3095 2599/3068 2610/3086 2605/3085
f 2581/3093 2583/3097 2586/3098 2582/3094
f 2583/3097 2589/3040 2590/3039 2586/3098
f 2582/3094 2586/3098 2597/3061 2598/3060
f 2586/3098 2590/3039 2608/3041 2597/3061
f 2611/3099 2613/3100 2624/3057 2612/3056
f 2614/3062 2616/3101 2623/3102 2615/3063
f 2617/3070 2619/3069 2626/3103 2618/3074
f 2620/3104 2622/3105 2625/3106 2621/3107
f 2608/3041 2591/3038 2615/3063 2623/3102
f 2609/3081 2602/3073 2621/3107 2625/3106
f 2566/3059 2597/3061 2616/3101 2614/3062
f 2596/3052 2565/3050 2611/3099 2612/3056
f 2597/3061 2608/3041 2623/3102 2616/3101
f 2565/3050 2593/3046 2613/3100 2611/3099
f 2593/3046 2607/3047 2624/3057 2613/3100
f 2610/3086 2599/3068 2618/3074 2626/3103
f 2602/3073 2568/3071 2620/3104 2621/3107
f 2594/3072 2609/3081 2625/3106 2622/3105
f 2600/3067 2610/3086 2626/3103 2619/3069
f 2568/3071 2594/3072 2622/3105 2620/3104
f 2627/3108 2628/3109 2631/3110 2629/3111
f 2629/3111 2631/3110 2664/3112 2665/3113
f 2628/3109 2662/3114 2663/3115 2631/3110
f 2631/3110 2663/3115 2681/3116 2664/3112
f 2627/3108 2629/3111 2632/3117 2630/3118
f 2630/3118 2632/3117 2660/3119 2661/3120
f 2629/3111 2665/3113 2666/3121 2632/3117
f 2632/3117 2666/3121 2680/3122 2660/3119
f 2633/3123 2637/3124 2638/3125 2634/3126
f 2634/3126 2638/3125 2666/3121 2665/3113
f 2637/3124 2668/3127 2669/3128 2638/3125
f 2680/3129 2697/3130 2685/3131 2669/3132
f 2633/3123 2634/3126 2639/3133 2635/3134
f 2635/3134 2639/3133 2670/3135 2671/3136
f 2634/3126 2665/3113 2664/3112 2639/3133
f 2664/3112 2688/3137 2687/3138 2639/3133
f 2633/3123 2635/3134 2640/3139 2636/3140
f 2636/3140 2640/3139 2673/3141 2674/3142
f 2635/3134 2671/3136 2672/3143 2640/3139
f 2640/3139 2690/3144 2692/3145 2673/3141
f 2633/3123 2636/3140 2641/3146 2637/3124
f 2637/3124 2641/3146 2667/3147 2668/3127
f 2636/3140 2674/3142 2675/3148 2641/3146
f 2672/3143 2691/3149 2690/3144 2640/3139
f 2642/3150 2645/3151 2646/3152 2643/3153
f 2643/3153 2646/3152 2675/3148 2674/3142
f 2645/3151 2676/3154 2677/3155 2646/3152
f 2646/3152 2677/3155 2682/3156 2675/3148
f 2642/3150 2643/3153 2647/3157 2644/3158
f 2644/3158 2647/3157 2678/3159 2679/3160
f 2643/3153 2674/3142 2673/3141 2647/3157
f 2647/3157 2673/3141 2683/3161 2678/3159
f 2648/3162 2651/3163 2652/3164 2649/3165
f 2649/3165 2652/3164 2669/3128 2668/3127
f 2651/3163 2661/3120 2660/3119 2652/3164
f 2652/3164 2660/3119 2680/3122 2669/3128
f 2648/3162 2649/3165 2653/3166 2650/3167
f 2650/3167 2653/3166 2677/3155 2676/3154
f 2649/3165 2668/3127 2667/3147 2653/3166
f 2653/3166 2667/3147 2682/3156 2677/3155
f 2654/3168 2657/3169 2658/3170 2655/3171
f 2655/3171 2658/3170 2672/3143 2671/3136
f 2657/3169 2679/3160 2678/3159 2658/3170
f 2658/3170 2678/3159 2683/3161 2672/3143
f 2654/3168 2655/3171 2659/3172 2656/3173
f 2656/3173 2659/3172 2663/3115 2662/3114
f 2655/3171 2671/3136 2670/3135 2659/3172
f 2659/3172 2670/3135 2681/3116 2663/3115
f 2684/3174 2685/3131 2697/3130 2686/3175
f 2687/3138 2688/3137 2696/3176 2689/3177
f 2690/3144 2691/3149 2699/3178 2692/3145
f 2693/3179 2694/3180 2698/3181 2695/3182
f 2681/3116 2696/3176 2688/3137 2664/3112
f 2682/3156 2698/3181 2694/3180 2675/3148
f 2639/3133 2687/3138 2689/3177 2670/3135
f 2669/3128 2685/3131 2684/3174 2638/3125
f 2670/3135 2689/3177 2696/3176 2681/3116
f 2638/3125 2684/3174 2686/3175 2666/3121
f 2666/3121 2686/3175 2697/3130 2680/3122
f 2683/3161 2699/3178 2691/3149 2672/3143
f 2675/3148 2694/3180 2693/3179 2641/3146
f 2667/3147 2695/3182 2698/3181 2682/3156
f 2673/3141 2692/3145 2699/3178 2683/3161
f 2641/3146 2693/3179 2695/3182 2667/3147
f 2700/3183 2828/3184 3100/3185 2830/3186
f 2700/3183 2830/3186 3102/3187 2832/3188
f 2700/3183 2832/3188 3104/3189 2833/3190
f 2700/3183 2833/3190 3101/3191 2828/3184
f 2701/3192 2832/3188 3102/3187 2831/3193
f 2701/3192 2831/3193 3138/3194 2913/3195
f 2701/3192 2913/3195 3137/3196 2835/3197
f 2701/3192 2835/3197 3104/3189 2832/3188
f 2702/3198 2829/3199 3101/3191 2833/3190
f 2702/3198 2833/3190 3104/3189 2834/3200
f 2702/3198 2834/3200 3136/3201 2910/3202
f 2702/3198 2910/3202 3135/3203 2829/3199
f 2703/3204 2834/3200 3104/3189 2835/3197
f 2703/3204 2835/3197 3137/3196 2912/3205
f 2703/3204 2912/3205 3154/3206 2911/3207
f 2703/3204 2911/3207 3136/3201 2834/3200
f 2704/3208 2830/3186 3100/3185 2836/3209
f 2704/3208 2836/3209 3103/3210 2838/3211
f 2704/3208 2838/3211 3105/3212 2839/3213
f 2704/3208 2839/3213 3102/3187 2830/3186
f 2705/3214 2838/3211 3103/3210 2837/3215
f 2705/3214 2837/3215 3134/3216 2909/3217
f 2705/3214 2909/3217 3133/3218 2841/3219
f 2705/3214 2841/3219 3105/3212 2838/3211
f 2706/3220 2831/3193 3102/3187 2839/3213
f 2706/3220 2839/3213 3105/3212 2840/3221
f 2706/3220 2840/3221 3139/3222 2914/3223
f 2706/3220 2914/3223 3138/3194 2831/3193
f 2707/3224 2840/3221 3105/3212 2841/3219
f 2707/3224 2841/3219 3133/3218 2908/3225
f 2707/3224 2908/3225 3153/3226 2915/3227
f 2707/3224 2915/3227 3139/3222 2840/3221
f 2708/3228 2860/3229 3106/3230 2842/3231
f 2708/3228 2842/3231 3107/3232 2844/3233
f 2708/3228 2844/3233 3111/3234 2845/3235
f 2708/3228 2845/3235 3110/3236 2860/3229
f 2709/3237 2844/3233 3107/3232 2843/3238
f 2709/3237 2843/3238 3138/3194 2914/3223
f 2709/3237 2914/3223 3139/3222 2847/3239
f 2709/3237 2847/3239 3111/3234 2844/3233
f 2710/3240 2861/3241 3110/3236 2845/3235
f 2710/3240 2845/3235 3111/3234 2846/3242
f 2710/3240 2846/3242 3142/3243 2918/3244
f 2710/3240 2918/3244 3141/3245 2861/3241
f 2711/3246 2954/3247 3153/3248 2919/3249
f 2711/3246 2919/3249 3142/3250 2953/3251
f 2711/3246 2953/3251 3158/3252 2943/3253
f 2711/3246 2943/3253 3170/3254 2954/3247
f 2712/3255 2842/3231 3106/3230 2848/3256
f 2712/3255 2848/3256 3108/3257 2850/3258
f 2712/3255 2850/3258 3112/3259 2851/3260
f 2712/3255 2851/3260 3107/3232 2842/3231
f 2713/3261 2850/3258 3108/3257 2849/3262
f 2713/3261 2849/3262 3144/3263 2921/3264
f 2713/3261 2921/3264 3143/3265 2853/3266
f 2713/3261 2853/3266 3112/3259 2850/3258
f 2714/3267 2843/3238 3107/3232 2851/3260
f 2714/3267 2851/3260 3112/3259 2852/3268
f 2714/3267 2852/3268 3137/3196 2913/3195
f 2714/3267 2913/3195 3138/3194 2843/3238
f 2715/3269 2952/3270 3137/3196 2852/3268
f 2715/3269 2852/3268 3112/3259 2951/3271
f 2715/3269 2951/3271 3160/3272 2934/3273
f 2715/3269 2934/3273 3161/3274 2952/3270
f 2716/3275 2848/3256 3106/3230 2854/3276
f 2716/3275 2854/3276 3109/3277 2856/3278
f 2716/3275 2856/3278 3113/3279 2857/3280
f 2716/3275 2857/3280 3108/3257 2848/3256
f 2717/3281 2856/3278 3109/3277 2855/3282
f 2717/3281 2855/3282 3147/3283 2925/3284
f 2717/3281 2925/3284 3146/3285 2859/3286
f 2717/3281 2859/3286 3113/3279 2856/3278
f 2718/3287 2849/3262 3108/3257 2857/3280
f 2718/3287 2857/3280 3113/3279 2858/3288
f 2718/3287 2858/3288 3145/3289 2922/3290
f 2718/3287 2922/3290 3144/3263 2849/3262
f 2719/3291 2948/3292 3113/3279 2859/3286
f 2719/3291 2859/3286 3146/3285 2950/3293
f 2719/3291 2950/3293 3165/3294 2937/3295
f 2719/3291 2937/3295 3163/3296 2948/3292
f 2720/3297 2854/3276 3106/3230 2860/3229
f 2720/3297 2860/3229 3110/3236 2862/3298
f 2720/3297 2862/3298 3114/3299 2863/3300
f 2720/3297 2863/3300 3109/3277 2854/3276
f 2721/3301 2862/3298 3110/3236 2861/3241
f 2721/3301 2861/3241 3141/3245 2917/3302
f 2721/3301 2917/3302 3140/3303 2865/3304
f 2721/3301 2865/3304 3114/3299 2862/3298
f 2722/3305 2855/3282 3109/3277 2863/3300
f 2722/3305 2863/3300 3114/3299 2864/3306
f 2722/3305 2864/3306 3148/3307 2926/3308
f 2722/3305 2926/3308 3147/3283 2855/3282
f 2723/3309 2949/3310 3145/3289 2858/3288
f 2723/3309 2858/3288 3113/3279 2948/3292
f 2723/3309 2948/3292 3163/3296 2936/3311
f 2723/3309 2936/3311 3164/3312 2949/3310
f 2724/3313 2878/3314 3115/3315 2866/3316
f 2724/3313 2866/3316 3116/3317 2868/3318
f 2724/3313 2868/3318 3119/3319 2869/3320
f 2724/3313 2869/3320 3118/3321 2878/3314
f 2725/3322 2868/3318 3116/3317 2867/3323
f 2725/3322 2867/3323 3147/3283 2926/3308
f 2725/3322 2926/3308 3148/3307 2871/3324
f 2725/3322 2871/3324 3119/3319 2868/3318
f 2726/3325 2879/3326 3118/3321 2869/3320
f 2726/3325 2869/3320 3119/3319 2870/3327
f 2726/3325 2870/3327 3150/3328 2928/3329
f 2726/3325 2928/3329 3149/3330 2879/3326
f 2727/3331 2870/3327 3119/3319 2871/3324
f 2727/3331 2871/3324 3148/3307 2927/3332
f 2727/3331 2927/3332 3155/3333 2929/3334
f 2727/3331 2929/3334 3150/3328 2870/3327
f 2728/3335 2866/3316 3115/3315 2872/3336
f 2728/3335 2872/3336 3117/3337 2874/3338
f 2728/3335 2874/3338 3120/3339 2875/3340
f 2728/3335 2875/3340 3116/3317 2866/3316
f 2729/3341 2874/3338 3117/3337 2873/3342
f 2729/3341 2873/3342 3152/3343 2931/3344
f 2729/3341 2931/3344 3151/3345 2877/3346
f 2729/3341 2877/3346 3120/3339 2874/3338
f 2730/3347 2867/3323 3116/3317 2875/3340
f 2730/3347 2875/3340 3120/3339 2876/3348
f 2730/3347 2876/3348 3146/3285 2925/3284
f 2730/3347 2925/3284 3147/3283 2867/3323
f 2731/3349 2876/3348 3120/3339 2877/3346
f 2731/3349 2877/3346 3151/3345 2930/3350
f 2731/3349 2930/3350 3156/3351 2924/3352
f 2731/3349 2924/3352 3146/3285 2876/3348
f 2732/3353 2892/3354 3121/3355 2880/3356
f 2732/3353 2880/3356 3122/3357 2882/3358
f 2732/3353 2882/3358 3125/3359 2883/3360
f 2732/3353 2883/3360 3124/3361 2892/3354
f 2733/3362 2882/3358 3122/3357 2881/3363
f 2733/3362 2881/3363 3141/3245 2918/3244
f 2733/3362 2918/3244 3142/3243 2885/3364
f 2733/3362 2885/3364 3125/3359 2882/3358
f 2734/3365 2893/3366 3124/3361 2883/3360
f 2734/3365 2883/3360 3125/3359 2884/3367
f 2734/3365 2884/3367 3133/3218 2909/3217
f 2734/3365 2909/3217 3134/3216 2893/3366
f 2735/3368 2884/3367 3125/3359 2885/3364
f 2735/3368 2885/3364 3142/3243 2919/3249
f 2735/3368 2919/3249 3153/3248 2908/3225
f 2735/3368 2908/3225 3133/3218 2884/3367
f 2736/3369 2880/3356 3121/3355 2886/3370
f 2736/3369 2886/3370 3123/3371 2888/3372
f 2736/3369 2888/3372 3126/3373 2889/3374
f 2736/3369 2889/3374 3122/3357 2880/3356
f 2737/3375 2888/3372 3123/3371 2887/3376
f 2737/3375 2887/3376 3149/3330 2928/3329
f 2737/3375 2928/3329 3150/3328 2891/3377
f 2737/3375 2891/3377 3126/3373 2888/3372
f 2738/3378 2881/3363 3122/3357 2889/3374
f 2738/3378 2889/3374 3126/3373 2890/3379
f 2738/3378 2890/3379 3140/3303 2917/3302
f 2738/3378 2917/3302 3141/3245 2881/3363
f 2739/3380 2890/3379 3126/3373 2891/3377
f 2739/3380 2891/3377 3150/3328 2929/3334
f 2739/3380 2929/3334 3155/3333 2916/3381
f 2739/3380 2916/3381 3140/3303 2890/3379
f 2740/3382 2906/3383 3127/3384 2894/3385
f 2740/3382 2894/3385 3128/3386 2896/3387
f 2740/3382 2896/3387 3131/3388 2897/3389
f 2740/3382 2897/3389 3130/3390 2906/3383
f 2741/3391 2896/3387 3128/3386 2895/3392
f 2741/3391 2895/3392 3144/3263 2922/3290
f 2741/3391 2922/3290 3145/3289 2899/3393
f 2741/3391 2899/3393 3131/3388 2896/3387
f 2742/3394 2907/3395 3130/3390 2897/3389
f 2742/3394 2897/3389 3131/3388 2898/3396
f 2742/3394 2898/3396 3151/3345 2931/3344
f 2742/3394 2931/3344 3152/3343 2907/3395
f 2743/3397 2898/3396 3131/3388 2899/3393
f 2743/3397 2899/3393 3145/3289 2923/3398
f 2743/3397 2923/3398 3156/3351 2930/3350
f 2743/3397 2930/3350 3151/3345 2898/3396
f 2744/3399 2894/3385 3127/3384 2900/3400
f 2744/3399 2900/3400 3129/3401 2902/3402
f 2744/3399 2902/3402 3132/3403 2903/3404
f 2744/3399 2903/3404 3128/3386 2894/3385
f 2745/3405 2902/3402 3129/3401 2901/3406
f 2745/3405 2901/3406 3135/3203 2910/3202
f 2745/3405 2910/3202 3136/3201 2905/3407
f 2745/3405 2905/3407 3132/3403 2902/3402
f 2746/3408 2895/3392 3128/3386 2903/3404
f 2746/3408 2903/3404 3132/3403 2904/3409
f 2746/3408 2904/3409 3143/3265 2921/3264
f 2746/3408 2921/3264 3144/3263 2895/3392
f 2747/3410 2904/3409 3132/3403 2905/3407
f 2747/3410 2905/3407 3136/3201 2911/3207
f 2747/3410 2911/3207 3154/3206 2920/3411
f 2747/3410 2920/3411 3143/3265 2904/3409
f 2748/3412 2932/3413 3157/3414 2933/3415
f 2748/3412 2933/3415 3159/3416 2941/3417
f 2748/3412 2941/3417 3170/3254 2943/3253
f 2748/3412 2943/3253 3158/3252 2932/3413
f 2749/3418 2934/3273 3160/3272 2935/3419
f 2749/3418 2935/3419 3162/3420 2944/3421
f 2749/3418 2944/3421 3169/3422 2940/3423
f 2749/3418 2940/3423 3161/3274 2934/3273
f 2750/3424 2936/3311 3163/3296 2937/3295
f 2750/3424 2937/3295 3165/3294 2946/3425
f 2750/3424 2946/3425 3172/3426 2945/3427
f 2750/3424 2945/3427 3164/3312 2936/3311
f 2751/3428 2938/3429 3166/3430 2939/3431
f 2751/3428 2939/3431 3168/3432 2942/3433
f 2751/3428 2942/3433 3171/3434 2947/3435
f 2751/3428 2947/3435 3167/3436 2938/3429
f 2752/3437 2955/3438 3154/3206 2912/3205
f 2752/3437 2912/3205 3137/3196 2952/3270
f 2752/3437 2952/3270 3161/3274 2940/3423
f 2752/3437 2940/3423 3169/3422 2955/3438
f 2753/3439 2957/3440 3155/3333 2927/3332
f 2753/3439 2927/3332 3148/3307 2956/3441
f 2753/3439 2956/3441 3167/3436 2947/3435
f 2753/3439 2947/3435 3171/3434 2957/3440
f 2754/3442 2951/3271 3112/3259 2853/3266
f 2754/3442 2853/3266 3143/3265 2958/3443
f 2754/3442 2958/3443 3162/3420 2935/3419
f 2754/3442 2935/3419 3160/3272 2951/3271
f 2755/3444 2953/3251 3142/3250 2846/3242
f 2755/3444 2846/3242 3111/3234 2959/3445
f 2755/3444 2959/3445 3157/3414 2932/3413
f 2755/3444 2932/3413 3158/3252 2953/3251
f 2756/3446 2958/3443 3143/3265 2920/3411
f 2756/3446 2920/3411 3154/3206 2955/3438
f 2756/3446 2955/3438 3169/3422 2944/3421
f 2756/3446 2944/3421 3162/3420 2958/3443
f 2757/3447 2959/3445 3111/3234 2847/3239
f 2757/3447 2847/3239 3139/3222 2960/3448
f 2757/3447 2960/3448 3159/3416 2933/3415
f 2757/3447 2933/3415 3157/3414 2959/3445
f 2758/3449 2960/3448 3139/3222 2915/3227
f 2758/3449 2915/3227 3153/3226 2954/3247
f 2758/3449 2954/3247 3170/3254 2941/3417
f 2758/3449 2941/3417 3159/3416 2960/3448
f 2759/3450 2961/3451 3156/3351 2923/3398
f 2759/3450 2923/3398 3145/3289 2949/3310
f 2759/3450 2949/3310 3164/3312 2945/3427
f 2759/3450 2945/3427 3172/3426 2961/3451
f 2760/3452 2956/3441 3148/3307 2864/3306
f 2760/3452 2864/3306 3114/3299 2962/3453
f 2760/3452 2962/3453 3166/3430 2938/3429
f 2760/3452 2938/3429 3167/3436 2956/3441
f 2761/3454 2963/3455 3140/3303 2916/3381
f 2761/3454 2916/3381 3155/3333 2957/3440
f 2761/3454 2957/3440 3171/3434 2942/3433
f 2761/3454 2942/3433 3168/3432 2963/3455
f 2762/3456 2950/3293 3146/3285 2924/3352
f 2762/3456 2924/3352 3156/3351 2961/3451
f 2762/3456 2961/3451 3172/3426 2946/3425
f 2762/3456 2946/3425 3165/3294 2950/3293
f 2763/3457 2962/3453 3114/3299 2865/3304
f 2763/3457 2865/3304 3140/3303 2963/3455
f 2763/3457 2963/3455 3168/3432 2939/3431
f 2763/3457 2939/3431 3166/3430 2962/3453
f 2764/3458 2966/3459 3173/3460 2964/3461
f 2764/3458 2964/3461 3174/3462 2969/3463
f 2764/3458 2969/3463 3177/3464 2968/3465
f 2764/3458 2968/3465 3175/3466 2966/3459
f 2765/3467 2967/3468 3175/3466 2968/3465
f 2765/3467 2968/3465 3177/3464 2971/3469
f 2765/3467 2971/3469 3210/3470 3049/3471
f 2765/3467 3049/3471 3211/3472 2967/3468
f 2766/3473 2969/3463 3174/3462 2965/3474
f 2766/3473 2965/3474 3208/3475 3046/3476
f 2766/3473 3046/3476 3209/3477 2970/3478
f 2766/3473 2970/3478 3177/3464 2969/3463
f 2767/3479 2971/3469 3177/3464 2970/3478
f 2767/3479 2970/3478 3209/3477 3047/3480
f 2767/3479 3047/3480 3227/3481 3048/3482
f 2767/3479 3048/3482 3210/3470 2971/3469
f 2768/3483 2972/3484 3173/3460 2966/3459
f 2768/3483 2966/3459 3175/3466 2975/3485
f 2768/3483 2975/3485 3178/3486 2974/3487
f 2768/3483 2974/3487 3176/3488 2972/3484
f 2769/3489 2973/3490 3176/3488 2974/3487
f 2769/3489 2974/3487 3178/3486 2977/3491
f 2769/3489 2977/3491 3206/3492 3045/3493
f 2769/3489 3045/3493 3207/3494 2973/3490
f 2770/3495 2975/3485 3175/3466 2967/3468
f 2770/3495 2967/3468 3211/3472 3050/3496
f 2770/3495 3050/3496 3212/3497 2976/3498
f 2770/3495 2976/3498 3178/3486 2975/3485
f 2771/3499 2977/3491 3178/3486 2976/3498
f 2771/3499 2976/3498 3212/3497 3051/3500
f 2771/3499 3051/3500 3226/3501 3044/3502
f 2771/3499 3044/3502 3206/3492 2977/3491
f 2772/3503 2978/3504 3179/3505 2996/3506
f 2772/3503 2996/3506 3183/3507 2981/3508
f 2772/3503 2981/3508 3184/3509 2980/3510
f 2772/3503 2980/3510 3180/3511 2978/3504
f 2773/3512 2979/3513 3180/3511 2980/3510
f 2773/3512 2980/3510 3184/3509 2983/3514
f 2773/3512 2983/3514 3212/3497 3050/3496
f 2773/3512 3050/3496 3211/3472 2979/3513
f 2774/3515 2981/3508 3183/3507 2997/3516
f 2774/3515 2997/3516 3214/3517 3054/3518
f 2774/3515 3054/3518 3215/3519 2982/3520
f 2774/3515 2982/3520 3184/3509 2981/3508
f 2775/3521 3055/3522 3226/3523 3090/3524
f 2775/3521 3090/3524 3243/3525 3079/3526
f 2775/3521 3079/3526 3231/3527 3089/3528
f 2775/3521 3089/3528 3215/3529 3055/3522
f 2776/3530 2984/3531 3179/3505 2978/3504
f 2776/3530 2978/3504 3180/3511 2987/3532
f 2776/3530 2987/3532 3185/3533 2986/3534
f 2776/3530 2986/3534 3181/3535 2984/3531
f 2777/3536 2985/3537 3181/3535 2986/3534
f 2777/3536 2986/3534 3185/3533 2989/3538
f 2777/3536 2989/3538 3216/3539 3057/3540
f 2777/3536 3057/3540 3217/3541 2985/3537
f 2778/3542 2987/3532 3180/3511 2979/3513
f 2778/3542 2979/3513 3211/3472 3049/3471
f 2778/3542 3049/3471 3210/3470 2988/3543
f 2778/3542 2988/3543 3185/3533 2987/3532
f 2779/3544 2988/3543 3210/3470 3088/3545
f 2779/3544 3088/3545 3234/3546 3070/3547
f 2779/3544 3070/3547 3233/3548 3087/3549
f 2779/3544 3087/3549 3185/3533 2988/3543
f 2780/3550 2990/3551 3179/3505 2984/3531
f 2780/3550 2984/3531 3181/3535 2993/3552
f 2780/3550 2993/3552 3186/3553 2992/3554
f 2780/3550 2992/3554 3182/3555 2990/3551
f 2781/3556 2991/3557 3182/3555 2992/3554
f 2781/3556 2992/3554 3186/3553 2995/3558
f 2781/3556 2995/3558 3219/3559 3061/3560
f 2781/3556 3061/3560 3220/3561 2991/3557
f 2782/3562 2993/3552 3181/3535 2985/3537
f 2782/3562 2985/3537 3217/3541 3058/3563
f 2782/3562 3058/3563 3218/3564 2994/3565
f 2782/3562 2994/3565 3186/3553 2993/3552
f 2783/3566 2995/3558 3186/3553 3084/3567
f 2783/3566 3084/3567 3236/3568 3073/3569
f 2783/3566 3073/3569 3238/3570 3086/3571
f 2783/3566 3086/3571 3219/3559 2995/3558
f 2784/3572 2996/3506 3179/3505 2990/3551
f 2784/3572 2990/3551 3182/3555 2999/3573
f 2784/3572 2999/3573 3187/3574 2998/3575
f 2784/3572 2998/3575 3183/3507 2996/3506
f 2785/3576 2997/3516 3183/3507 2998/3575
f 2785/3576 2998/3575 3187/3574 3001/3577
f 2785/3576 3001/3577 3213/3578 3053/3579
f 2785/3576 3053/3579 3214/3517 2997/3516
f 2786/3580 2999/3573 3182/3555 2991/3557
f 2786/3580 2991/3557 3220/3561 3062/3581
f 2786/3580 3062/3581 3221/3582 3000/3583
f 2786/3580 3000/3583 3187/3574 2999/3573
f 2787/3584 2994/3565 3218/3564 3085/3585
f 2787/3584 3085/3585 3237/3586 3072/3587
f 2787/3584 3072/3587 3236/3568 3084/3567
f 2787/3584 3084/3567 3186/3553 2994/3565
f 2788/3588 3002/3589 3188/3590 3014/3591
f 2788/3588 3014/3591 3191/3592 3005/3593
f 2788/3588 3005/3593 3192/3594 3004/3595
f 2788/3588 3004/3595 3189/3596 3002/3589
f 2789/3597 3003/3598 3189/3596 3004/3595
f 2789/3597 3004/3595 3192/3594 3007/3599
f 2789/3597 3007/3599 3221/3582 3062/3581
f 2789/3597 3062/3581 3220/3561 3003/3598
f 2790/3600 3005/3593 3191/3592 3015/3601
f 2790/3600 3015/3601 3222/3602 3064/3603
f 2790/3600 3064/3603 3223/3604 3006/3605
f 2790/3600 3006/3605 3192/3594 3005/3593
f 2791/3606 3007/3599 3192/3594 3006/3605
f 2791/3606 3006/3605 3223/3604 3065/3607
f 2791/3606 3065/3607 3228/3608 3063/3609
f 2791/3606 3063/3609 3221/3582 3007/3599
f 2792/3610 3008/3611 3188/3590 3002/3589
f 2792/3610 3002/3589 3189/3596 3011/3612
f 2792/3610 3011/3612 3193/3613 3010/3614
f 2792/3610 3010/3614 3190/3615 3008/3611
f 2793/3616 3009/3617 3190/3615 3010/3614
f 2793/3616 3010/3614 3193/3613 3013/3618
f 2793/3616 3013/3618 3224/3619 3067/3620
f 2793/3616 3067/3620 3225/3621 3009/3617
f 2794/3622 3011/3612 3189/3596 3003/3598
f 2794/3622 3003/3598 3220/3561 3061/3560
f 2794/3622 3061/3560 3219/3559 3012/3623
f 2794/3622 3012/3623 3193/3613 3011/3612
f 2795/3624 3013/3618 3193/3613 3012/3623
f 2795/3624 3012/3623 3219/3559 3060/3625
f 2795/3624 3060/3625 3229/3626 3066/3627
f 2795/3624 3066/3627 3224/3619 3013/3618
f 2796/3628 3016/3629 3194/3630 3028/3631
f 2796/3628 3028/3631 3197/3632 3019/3633
f 2796/3628 3019/3633 3198/3634 3018/3635
f 2796/3628 3018/3635 3195/3636 3016/3629
f 2797/3637 3017/3638 3195/3636 3018/3635
f 2797/3637 3018/3635 3198/3634 3021/3639
f 2797/3637 3021/3639 3215/3519 3054/3518
f 2797/3637 3054/3518 3214/3517 3017/3638
f 2798/3640 3019/3633 3197/3632 3029/3641
f 2798/3640 3029/3641 3207/3494 3045/3493
f 2798/3640 3045/3493 3206/3492 3020/3642
f 2798/3640 3020/3642 3198/3634 3019/3633
f 2799/3643 3021/3639 3198/3634 3020/3642
f 2799/3643 3020/3642 3206/3492 3044/3502
f 2799/3643 3044/3502 3226/3501 3055/3522
f 2799/3643 3055/3522 3215/3529 3021/3639
f 2800/3644 3022/3645 3194/3630 3016/3629
f 2800/3644 3016/3629 3195/3636 3025/3646
f 2800/3644 3025/3646 3199/3647 3024/3648
f 2800/3644 3024/3648 3196/3649 3022/3645
f 2801/3650 3023/3651 3196/3649 3024/3648
f 2801/3650 3024/3648 3199/3647 3027/3652
f 2801/3650 3027/3652 3223/3604 3064/3603
f 2801/3650 3064/3603 3222/3602 3023/3651
f 2802/3653 3025/3646 3195/3636 3017/3638
f 2802/3653 3017/3638 3214/3517 3053/3579
f 2802/3653 3053/3579 3213/3578 3026/3654
f 2802/3653 3026/3654 3199/3647 3025/3646
f 2803/3655 3027/3652 3199/3647 3026/3654
f 2803/3655 3026/3654 3213/3578 3052/3656
f 2803/3655 3052/3656 3228/3608 3065/3607
f 2803/3655 3065/3607 3223/3604 3027/3652
f 2804/3657 3030/3658 3200/3659 3042/3660
f 2804/3657 3042/3660 3203/3661 3033/3662
f 2804/3657 3033/3662 3204/3663 3032/3664
f 2804/3657 3032/3664 3201/3665 3030/3658
f 2805/3666 3031/3667 3201/3665 3032/3664
f 2805/3666 3032/3664 3204/3663 3035/3668
f 2805/3666 3035/3668 3218/3564 3058/3563
f 2805/3666 3058/3563 3217/3541 3031/3667
f 2806/3669 3033/3662 3203/3661 3043/3670
f 2806/3669 3043/3670 3225/3621 3067/3620
f 2806/3669 3067/3620 3224/3619 3034/3671
f 2806/3669 3034/3671 3204/3663 3033/3662
f 2807/3672 3035/3668 3204/3663 3034/3671
f 2807/3672 3034/3671 3224/3619 3066/3627
f 2807/3672 3066/3627 3229/3626 3059/3673
f 2807/3672 3059/3673 3218/3564 3035/3668
f 2808/3674 3036/3675 3200/3659 3030/3658
f 2808/3674 3030/3658 3201/3665 3039/3676
f 2808/3674 3039/3676 3205/3677 3038/3678
f 2808/3674 3038/3678 3202/3679 3036/3675
f 2809/3680 3037/3681 3202/3679 3038/3678
f 2809/3680 3038/3678 3205/3677 3041/3682
f 2809/3680 3041/3682 3209/3477 3046/3476
f 2809/3680 3046/3476 3208/3475 3037/3681
f 2810/3683 3039/3676 3201/3665 3031/3667
f 2810/3683 3031/3667 3217/3541 3057/3540
f 2810/3683 3057/3540 3216/3539 3040/3684
f 2810/3683 3040/3684 3205/3677 3039/3676
f 2811/3685 3041/3682 3205/3677 3040/3684
f 2811/3685 3040/3684 3216/3539 3056/3686
f 2811/3685 3056/3686 3227/3481 3047/3480
f 2811/3685 3047/3480 3209/3477 3041/3682
f 2812/3687 3069/3688 3230/3689 3068/3690
f 2812/3687 3068/3690 3231/3527 3079/3526
f 2812/3687 3079/3526 3243/3525 3077/3691
f 2812/3687 3077/3691 3232/3692 3069/3688
f 2813/3693 3071/3694 3233/3548 3070/3547
f 2813/3693 3070/3547 3234/3546 3076/3695
f 2813/3693 3076/3695 3242/3696 3080/3697
f 2813/3693 3080/3697 3235/3698 3071/3694
f 2814/3699 3073/3569 3236/3568 3072/3587
f 2814/3699 3072/3587 3237/3586 3081/3700
f 2814/3699 3081/3700 3245/3701 3082/3702
f 2814/3699 3082/3702 3238/3570 3073/3569
f 2815/3703 3075/3704 3239/3705 3074/3706
f 2815/3703 3074/3706 3240/3707 3083/3708
f 2815/3703 3083/3708 3244/3709 3078/3710
f 2815/3703 3078/3710 3241/3711 3075/3704
f 2816/3712 3048/3482 3227/3481 3091/3713
f 2816/3712 3091/3713 3242/3696 3076/3695
f 2816/3712 3076/3695 3234/3546 3088/3545
f 2816/3712 3088/3545 3210/3470 3048/3482
f 2817/3714 3063/3609 3228/3608 3093/3715
f 2817/3714 3093/3715 3244/3709 3083/3708
f 2817/3714 3083/3708 3240/3707 3092/3716
f 2817/3714 3092/3716 3221/3582 3063/3609
f 2818/3717 2989/3538 3185/3533 3087/3549
f 2818/3717 3087/3549 3233/3548 3071/3694
f 2818/3717 3071/3694 3235/3698 3094/3718
f 2818/3717 3094/3718 3216/3539 2989/3538
f 2819/3719 2982/3520 3215/3519 3089/3528
f 2819/3719 3089/3528 3231/3527 3068/3690
f 2819/3719 3068/3690 3230/3689 3095/3720
f 2819/3719 3095/3720 3184/3509 2982/3520
f 2820/3721 3056/3686 3216/3539 3094/3718
f 2820/3721 3094/3718 3235/3698 3080/3697
f 2820/3721 3080/3697 3242/3696 3091/3713
f 2820/3721 3091/3713 3227/3481 3056/3686
f 2821/3722 2983/3514 3184/3509 3095/3720
f 2821/3722 3095/3720 3230/3689 3069/3688
f 2821/3722 3069/3688 3232/3692 3096/3723
f 2821/3722 3096/3723 3212/3497 2983/3514
f 2822/3724 3051/3500 3212/3497 3096/3723
f 2822/3724 3096/3723 3232/3692 3077/3691
f 2822/3724 3077/3691 3243/3525 3090/3524
f 2822/3724 3090/3524 3226/3523 3051/3500
f 2823/3725 3059/3673 3229/3626 3097/3726
f 2823/3725 3097/3726 3245/3701 3081/3700
f 2823/3725 3081/3700 3237/3586 3085/3585
f 2823/3725 3085/3585 3218/3564 3059/3673
f 2824/3727 3000/3583 3221/3582 3092/3716
f 2824/3727 3092/3716 3240/3707 3074/3706
f 2824/3727 3074/3706 3239/3705 3098/3728
f 2824/3727 3098/3728 3187/3574 3000/3583
f 2825/3729 3052/3656 3213/3578 3099/3730
f 2825/3729 3099/3730 3241/3711 3078/3710
f 2825/3729 3078/3710 3244/3709 3093/3715
f 2825/3729 3093/3715 3228/3608 3052/3656
f 2826/3731 3060/3625 3219/3559 3086/3571
f 2826/3731 3086/3571 3238/3570 3082/3702
f 2826/3731 3082/3702 3245/3701 3097/3726
f 2826/3731 3097/3726 3229/3626 3060/3625
f 2827/3732 3001/3577 3187/3574 3098/3728
f 2827/3732 3098/3728 3239/3705 3075/3704
f 2827/3732 3075/3704 3241/3711 3099/3730
f 2827/3732 3099/3730 3213/3578 3001/3577
f 3301/1715 3283/1648 3269/3733 3302/3734
f 3302/3734 3269/3733 3270/3735 3303/3736
f 3303/3736 3270/3735 3294/710 3304/1544
f 3284/681 3309/888 3272/3737 3277/3738
f 3292/725 3293/711 3249/3739 3248/726
f 3268/3740 3266/3741 3264/1583 3271/703
f 3250/704 3251/3742 3256/712 3255/705
f 3248/726 3249/3739 3251/3742 3250/704
f 3277/3738 3272/3737 3266/3741 3268/3740
f 3270/3735 3249/3739 3293/711 3294/710
f 3269/3733 3251/3742 3249/3739 3270/3735
f 3283/1648 3256/712 3251/3742 3269/3733
f 3266/3741 3267/3743 3265/1543 3264/1583
f 3272/3737 3276/3744 3267/3743 3266/3741
f 3309/888 3286/887 3276/3744 3272/3737
f 3262/648 3277/3738 3268/3740 3263/685
f 3263/685 3268/3740 3271/703 3275/686
f 3306/647 3284/681 3277/3738 3262/648
f 3286/887 3301/1715 3302/3734 3276/3744
f 3276/3744 3302/3734 3303/3736 3267/3743
f 3267/3743 3303/3736 3304/1544 3265/1543
f 3273/3745 3274/1816 3290/679 3287/3746
f 3282/3747 3273/3745 3287/3746 3281/3748
f 3291/3749 3246/3750 3254/3751 3305/3752
f 3246/3750 3261/1611 3253/890 3254/3751
f 3285/724 3288/723 3273/3745 3282/3747
f 3257/720 3285/724 3282/3747 3258/628
f 3258/628 3282/3747 3281/3748 3299/629
f 3280/3753 3247/3754 3246/3750 3291/3749
f 3247/3754 3252/707 3261/1611 3246/3750
f 3279/3755 3278/678 3252/707 3247/3754
f 3288/723 3289/1630 3274/1816 3273/3745
f 3259/716 3260/715 3254/3751 3253/890
f 3308/675 3295/3756 3280/3757 3298/139
f 3298/139 3280/3757 3291/3749 3296/140
f 3281/3748 3287/3746 3279/3758 3295/3759
f 3299/629 3281/3748 3295/3759 3308/675
f 3295/3759 3279/3758 3247/3754 3280/3757
f 3297/1568 3300/1576 3307/1575 3305/3760
f 3287/3746 3290/679 3278/678 3279/3758
f 3296/140 3291/3749 3305/3752 3307/1575
f 3260/715 3297/1568 3305/3760 3254/3751
f 3328/3761 3325/3762 3313/3763 3319/3764
f 3327/3765 3326/3766 3315/3767 3316/3768
f 3329/3769 3327/3765 3316/3768 3312/3770
f 3326/3766 3328/3761 3319/3764 3315/3767
f 3332/3771 3334/3772 3324/3773 3322/3774
f 3330/3775 3333/3776 3323/3777 3320/3778
f 3333/3776 3332/3771 3322/3774 3323/3777
f 3334/3772 3331/3779 3321/3780 3324/3773
f 3322/3774 3324/3773 3328/3761 3326/3766
f 3320/3778 3323/3777 3327/3765 3329/3769
f 3323/3777 3322/3774 3326/3766 3327/3765
f 3324/3773 3321/3780 3325/3762 3328/3761
f 3318/3781 3311/3782 3331/3779 3334/3772
f 3317/3783 3314/3784 3332/3771 3333/3776
f 3310/3785 3317/3783 3333/3776 3330/3775
f 3314/3784 3318/3781 3334/3772 3332/3771
f 3313/3763 3325/3762 3338/3786 3336/3787
f 3325/3762 3321/3780 3337/3788 3338/3786
f 3321/3780 3331/3779 3339/3789 3337/3788
f 3331/3779 3311/3782 3335/3790 3339/3789
f 3329/3769 3312/3770 3341/3791 3343/3792
f 3320/3778 3329/3769 3343/3792 3342/3793
f 3310/3785 3330/3775 3344/3794 3340/3795
f 3330/3775 3320/3778 3342/3793 3344/3794
f 3317/3783 3310/3785 3345/3796 3348/3797
f 3314/3784 3317/3783 3348/3797 3347/3798
f 3311/3782 3318/3781 3349/3799 3346/3800
f 3318/3781 3314/3784 3347/3798 3349/3799
f 3319/3764 3313/3763 3351/3801 3354/3802
f 3316/3768 3315/3767 3352/3803 3353/3804
f 3315/3767 3319/3764 3354/3802 3352/3803
f 3312/3770 3316/3768 3353/3804 3350/3805
f 3373/3806 3370/3807 3358/3808 3364/3809
f 3372/3810 3371/3811 3360/3812 3361/3813
f 3374/3814 3372/3810 3361/3813 3357/3815
f 3371/3811 3373/3806 3364/3809 3360/3812
f 3377/3816 3379/3817 3369/3818 3367/3819
f 3375/3820 3378/3821 3368/3822 3365/3823
f 3378/3821 3377/3816 3367/3819 3368/3822
f 3379/3817 3376/3824 3366/3825 3369/3818
f 3367/3819 3369/3818 3373/3806 3371/3811
f 3365/3823 3368/3822 3372/3810 3374/3814
f 3368/3822 3367/3819 3371/3811 3372/3810
f 3369/3818 3366/3825 3370/3807 3373/3806
f 3363/3826 3356/3827 3376/3824 3379/3817
f 3362/3828 3359/3829 3377/3816 3378/3821
f 3355/3830 3362/3828 3378/3821 3375/3820
f 3359/3829 3363/3826 3379/3817 3377/3816
f 3358/3808 3370/3807 3383/3831 3381/3832
f 3370/3807 3366/3825 3382/3833 3383/3831
f 3366/3825 3376/3824 3384/3834 3382/3833
f 3376/3824 3356/3827 3380/3835 3384/3834
f 3374/3814 3357/3815 3386/3836 3388/3837
f 3365/3823 3374/3814 3388/3837 3387/3838
f 3355/3830 3375/3820 3389/3839 3385/3840
f 3375/3820 3365/3823 3387/3838 3389/3839
f 3362/3828 3355/3830 3390/3841 3393/3842
f 3359/3829 3362/3828 3393/3842 3392/3843
f 3356/3827 3363/3826 3394/3844 3391/3845
f 3363/3826 3359/3829 3392/3843 3394/3844
f 3364/3809 3358/3808 3396/3846 3399/3847
f 3361/3813 3360/3812 3397/3848 3398/3849
f 3360/3812 3364/3809 3399/3847 3397/3848
f 3357/3815 3361/3813 3398/3849 3395/3850
f 3418/3851 3415/3852 3403/3853 3409/3854
f 3417/3855 3416/3856 3405/3857 3406/3858
f 3419/3859 3417/3855 3406/3858 3402/3860
f 3416/3856 3418/3851 3409/3854 3405/3857
f 3422/3861 3424/3862 3414/3863 3412/3864
f 3420/3865 3423/3866 3413/3867 3410/3868
f 3423/3866 3422/3861 3412/3864 3413/3867
f 3424/3862 3421/3869 3411/3870 3414/3863
f 3412/3864 3414/3863 3418/3851 3416/3856
f 3410/3868 3413/3867 3417/3855 3419/3859
f 3413/3867 3412/3864 3416/3856 3417/3855
f 3414/3863 3411/3870 3415/3852 3418/3851
f 3408/3871 3401/3872 3421/3869 3424/3862
f 3407/3873 3404/3874 3422/3861 3423/3866
f 3400/3875 3407/3873 3423/3866 3420/3865
f 3404/3874 3408/3871 3424/3862 3422/3861
f 3403/3853 3415/3852 3428/3876 3426/3877
f 3415/3852 3411/3870 3427/3878 3428/3876
f 3411/3870 3421/3869 3429/3879 3427/3878
f 3421/3869 3401/3872 3425/3880 3429/3879
f 3419/3859 3402/3860 3431/3881 3433/3882
f 3410/3868 3419/3859 3433/3882 3432/3883
f 3400/3875 3420/3865 3434/3884 3430/3885
f 3420/3865 3410/3868 3432/3883 3434/3884
f 3407/3873 3400/3875 3435/3886 3438/3887
f 3404/3874 3407/3873 3438/3887 3437/3888
f 3401/3872 3408/3871 3439/3889 3436/3890
f 3408/3871 3404/3874 3437/3888 3439/3889
f 3409/3854 3403/3853 3441/3891 3444/3892
f 3406/3858 3405/3857 3442/3893 3443/3894
f 3405/3857 3409/3854 3444/3892 3442/3893
f 3402/3860 3406/3858 3443/3894 3440/3895
f 3463/3896 3460/3897 3448/3898 3454/3899
f 3462/3900 3461/3901 3450/3902 3451/3903
f 3464/3904 3462/3900 3451/3903 3447/3905
f 3461/3901 3463/3896 3454/3899 3450/3902
f 3467/3906 3469/3907 3459/3908 3457/3909
f 3465/3910 3468/3911 3458/3912 3455/3913
f 3468/3911 3467/3906 3457/3909 3458/3912
f 3469/3907 3466/3914 3456/3915 3459/3908
f 3457/3909 3459/3908 3463/3896 3461/3901
f 3455/3913 3458/3912 3462/3900 3464/3904
f 3458/3912 3457/3909 3461/3901 3462/3900
f 3459/3908 3456/3915 3460/3897 3463/3896
f 3453/3916 3446/3917 3466/3914 3469/3907
f 3452/3918 3449/3919 3467/3906 3468/3911
f 3445/3920 3452/3918 3468/3911 3465/3910
f 3449/3919 3453/3916 3469/3907 3467/3906
f 3448/3898 3460/3897 3473/3921 3471/3922
f 3460/3897 3456/3915 3472/3923 3473/3921
f 3456/3915 3466/3914 3474/3924 3472/3923
f 3466/3914 3446/3917 3470/3925 3474/3924
f 3464/3904 3447/3905 3476/3926 3478/3927
f 3455/3913 3464/3904 3478/3927 3477/3928
f 3445/3920 3465/3910 3479/3929 3475/3930
f 3465/3910 3455/3913 3477/3928 3479/3929
f 3452/3918 3445/3920 3480/3931 3483/3932
f 3449/3919 3452/3918 3483/3932 3482/3933
f 3446/3917 3453/3916 3484/3934 3481/3935
f 3453/3916 3449/3919 3482/3933 3484/3934
f 3454/3899 3448/3898 3486/3936 3489/3937
f 3451/3903 3450/3902 3487/3938 3488/3939
f 3450/3902 3454/3899 3489/3937 3487/3938
f 3447/3905 3451/3903 3488/3939 3485/3940
f 3508/3941 3505/3942 3493/3943 3499/3944
f 3507/3945 3506/3946 3495/3947 3496/3948
f 3509/3949 3507/3945 3496/3948 3492/3950
f 3506/3946 3508/3941 3499/3944 3495/3947
f 3512/3951 3514/3952 3504/3953 3502/3954
f 3510/3955 3513/3956 3503/3957 3500/3958
f 3513/3956 3512/3951 3502/3954 3503/3957
f 3514/3952 3511/3959 3501/3960 3504/3953
f 3502/3954 3504/3953 3508/3941 3506/3946
f 3500/3958 3503/3957 3507/3945 3509/3949
f 3503/3957 3502/3954 3506/3946 3507/3945
f 3504/3953 3501/3960 3505/3942 3508/3941
f 3498/3961 3491/3962 3511/3959 3514/3952
f 3497/3963 3494/3964 3512/3951 3513/3956
f 3490/3965 3497/3963 3513/3956 3510/3955
f 3494/3964 3498/3961 3514/3952 3512/3951
f 3493/3943 3505/3942 3518/3966 3516/3967
f 3505/3942 3501/3960 3517/3968 3518/3966
f 3501/3960 3511/3959 3519/3969 3517/3968
f 3511/3959 3491/3962 3515/3970 3519/3969
f 3509/3949 3492/3950 3521/3971 3523/3972
f 3500/3958 3509/3949 3523/3972 3522/3973
f 3490/3965 3510/3955 3524/3974 3520/3975
f 3510/3955 3500/3958 3522/3973 3524/3974
f 3497/3963 3490/3965 3525/3976 3528/3977
f 3494/3964 3497/3963 3528/3977 3527/3978
f 3491/3962 3498/3961 3529/3979 3526/3980
f 3498/3961 3494/3964 3527/3978 3529/3979
f 3499/3944 3493/3943 3531/3981 3534/3982
f 3496/3948 3495/3947 3532/3983 3533/3984
f 3495/3947 3499/3944 3534/3982 3532/3983
f 3492/3950 3496/3948 3533/3984 3530/3985
f 3553/3986 3550/3987 3538/3988 3544/3989
f 3552/3990 3551/3991 3540/3992 3541/3993
f 3554/3994 3552/3990 3541/3993 3537/3995
f 3551/3991 3553/3986 3544/3989 3540/3992
f 3557/3996 3559/3997 3549/3998 3547/3999
f 3555/4000 3558/4001 3548/4002 3545/4003
f 3558/4001 3557/3996 3547/3999 3548/4002
f 3559/3997 3556/4004 3546/4005 3549/3998
f 3547/3999 3549/3998 3553/3986 3551/3991
f 3545/4003 3548/4002 3552/3990 3554/3994
f 3548/4002 3547/3999 3551/3991 3552/3990
f 3549/3998 3546/4005 3550/3987 3553/3986
f 3543/4006 3536/4007 3556/4004 3559/3997
f 3542/4008 3539/4009 3557/3996 3558/4001
f 3535/4010 3542/4008 3558/4001 3555/4000
f 3539/4009 3543/4006 3559/3997 3557/3996
f 3538/3988 3550/3987 3563/4011 3561/4012
f 3550/3987 3546/4005 3562/4013 3563/4011
f 3546/4005 3556/4004 3564/4014 3562/4013
f 3556/4004 3536/4007 3560/4015 3564/4014
f 3554/3994 3537/3995 3566/4016 3568/4017
f 3545/4003 3554/3994 3568/4017 3567/4018
f 3535/4010 3555/4000 3569/4019 3565/4020
f 3555/4000 3545/4003 3567/4018 3569/4019
f 3542/4008 3535/4010 3570/4021 3573/4022
f 3539/4009 3542/4008 3573/4022 3572/4023
f 3536/4007 3543/4006 3574/4024 3571/4025
f 3543/4006 3539/4009 3572/4023 3574/4024
f 3544/3989 3538/3988 3576/4026 3579/4027
f 3541/3993 3540/3992 3577/4028 3578/4029
f 3540/3992 3544/3989 3579/4027 3577/4028
f 3537/3995 3541/3993 3578/4029 3575/4030
f 3598/4031 3595/4032 3583/4033 3589/4034
f 3597/4035 3596/4036 3585/4037 3586/4038
f 3599/4039 3597/4035 3586/4038 3582/4040
f 3596/4036 3598/4031 3589/4034 3585/4037
f 3602/4041 3604/4042 3594/4043 3592/4044
f 3600/4045 3603/4046 3593/4047 3590/4048
f 3603/4046 3602/4041 3592/4044 3593/4047
f 3604/4042 3601/4049 3591/4050 3594/4043
f 3592/4044 3594/4043 3598/4031 3596/4036
f 3590/4048 3593/4047 3597/4035 3599/4039
f 3593/4047 3592/4044 3596/4036 3597/4035
f 3594/4043 3591/4050 3595/4032 3598/4031
f 3588/4051 3581/4052 3601/4049 3604/4042
f 3587/4053 3584/4054 3602/4041 3603/4046
f 3580/4055 3587/4053 3603/4046 3600/4045
f 3584/4054 3588/4051 3604/4042 3602/4041
f 3583/4033 3595/4032 3608/4056 3606/4057
f 3595/4032 3591/4050 3607/4058 3608/4056
f 3591/4050 3601/4049 3609/4059 3607/4058
f 3601/4049 3581/4052 3605/4060 3609/4059
f 3599/4039 3582/4040 3611/4061 3613/4062
f 3590/4048 3599/4039 3613/4062 3612/4063
f 3580/4055 3600/4045 3614/4064 3610/4065
f 3600/4045 3590/4048 3612/4063 3614/4064
f 3587/4053 3580/4055 3615/4066 3618/4067
f 3584/4054 3587/4053 3618/4067 3617/4068
f 3581/4052 3588/4051 3619/4069 3616/4070
f 3588/4051 3584/4054 3617/4068 3619/4069
f 3589/4034 3583/4033 3621/4071 3624/4072
f 3586/4038 3585/4037 3622/4073 3623/4074
f 3585/4037 3589/4034 3624/4072 3622/4073
f 3582/4040 3586/4038 3623/4074 3620/4075
f 3643/4076 3640/4077 3628/4078 3634/4079
f 3642/4080 3641/4081 3630/4082 3631/4083
f 3644/4084 3642/4080 3631/4083 3627/4085
f 3641/4081 3643/4076 3634/4079 3630/4082
f 3647/4086 3649/4087 3639/4088 3637/4089
f 3645/4090 3648/4091 3638/4092 3635/4093
f 3648/4091 3647/4086 3637/4089 3638/4092
f 3649/4087 3646/4094 3636/4095 3639/4088
f 3637/4089 3639/4088 3643/4076 3641/4081
f 3635/4093 3638/4092 3642/4080 3644/4084
f 3638/4092 3637/4089 3641/4081 3642/4080
f 3639/4088 3636/4095 3640/4077 3643/4076
f 3633/4096 3626/4097 3646/4094 3649/4087
f 3632/4098 3629/4099 3647/4086 3648/4091
f 3625/4100 3632/4098 3648/4091 3645/4090
f 3629/4099 3633/4096 3649/4087 3647/4086
f 3628/4078 3640/4077 3653/4101 3651/4102
f 3640/4077 3636/4095 3652/4103 3653/4101
f 3636/4095 3646/4094 3654/4104 3652/4103
f 3646/4094 3626/4097 3650/4105 3654/4104
f 3644/4084 3627/4085 3656/4106 3658/4107
f 3635/4093 3644/4084 3658/4107 3657/4108
f 3625/4100 3645/4090 3659/4109 3655/4110
f 3645/4090 3635/4093 3657/4108 3659/4109
f 3632/4098 3625/4100 3660/4111 3663/4112
f 3629/4099 3632/4098 3663/4112 3662/4113
f 3626/4097 3633/4096 3664/4114 3661/4115
f 3633/4096 3629/4099 3662/4113 3664/4114
f 3634/4079 3628/4078 3666/4116 3669/4117
f 3631/4083 3630/4082 3667/4118 3668/4119
f 3630/4082 3634/4079 3669/4117 3667/4118
f 3627/4085 3631/4083 3668/4119 3665/4120
f 3688/4121 3685/4122 3673/4123 3679/4124
f 3687/4125 3686/4126 3675/4127 3676/4128
f 3689/4129 3687/4125 3676/4128 3672/4130
f 3686/4126 3688/4121 3679/4124 3675/4127
f 3692/4131 3694/4132 3684/4133 3682/4134
f 3690/4135 3693/4136 3683/4137 3680/4138
f 3693/4136 3692/4131 3682/4134 3683/4137
f 3694/4132 3691/4139 3681/4140 3684/4133
f 3682/4134 3684/4133 3688/4121 3686/4126
f 3680/4138 3683/4137 3687/4125 3689/4129
f 3683/4137 3682/4134 3686/4126 3687/4125
f 3684/4133 3681/4140 3685/4122 3688/4121
f 3678/4141 3671/4142 3691/4139 3694/4132
f 3677/4143 3674/4144 3692/4131 3693/4136
f 3670/4145 3677/4143 3693/4136 3690/4135
f 3674/4144 3678/4141 3694/4132 3692/4131
f 3673/4123 3685/4122 3698/4146 3696/4147
f 3685/4122 3681/4140 3697/4148 3698/4146
f 3681/4140 3691/4139 3699/4149 3697/4148
f 3691/4139 3671/4142 3695/4150 3699/4149
f 3689/4129 3672/4130 3701/4151 3703/4152
f 3680/4138 3689/4129 3703/4152 3702/4153
f 3670/4145 3690/4135 3704/4154 3700/4155
f 3690/4135 3680/4138 3702/4153 3704/4154
f 3677/4143 3670/4145 3705/4156 3708/4157
f 3674/4144 3677/4143 3708/4157 3707/4158
f 3671/4142 3678/4141 3709/4159 3706/4160
f 3678/4141 3674/4144 3707/4158 3709/4159
f 3679/4124 3673/4123 3711/4161 3714/4162
f 3676/4128 3675/4127 3712/4163 3713/4164
f 3675/4127 3679/4124 3714/4162 3712/4163
f 3672/4130 3676/4128 3713/4164 3710/4165
f 3733/4166 3730/4167 3718/4168 3724/4169
f 3732/4170 3731/4171 3720/4172 3721/4173
f 3734/4174 3732/4170 3721/4173 3717/4175
f 3731/4171 3733/4166 3724/4169 3720/4172
f 3737/4176 3739/4177 3729/4178 3727/4179
f 3735/4180 3738/4181 3728/4182 3725/4183
f 3738/4181 3737/4176 3727/4179 3728/4182
f 3739/4177 3736/4184 3726/4185 3729/4178
f 3727/4179 3729/4178 3733/4166 3731/4171
f 3725/4183 3728/4182 3732/4170 3734/4174
f 3728/4182 3727/4179 3731/4171 3732/4170
f 3729/4178 3726/4185 3730/4167 3733/4166
f 3723/4186 3716/4187 3736/4184 3739/4177
f 3722/4188 3719/4189 3737/4176 3738/4181
f 3715/4190 3722/4188 3738/4181 3735/4180
f 3719/4189 3723/4186 3739/4177 3737/4176
f 3718/4168 3730/4167 3743/4191 3741/4192
f 3730/4167 3726/4185 3742/4193 3743/4191
f 3726/4185 3736/4184 3744/4194 3742/4193
f 3736/4184 3716/4187 3740/4195 3744/4194
f 3734/4174 3717/4175 3746/4196 3748/4197
f 3725/4183 3734/4174 3748/4197 3747/4198
f 3715/4190 3735/4180 3749/4199 3745/4200
f 3735/4180 3725/4183 3747/4198 3749/4199
f 3722/4188 3715/4190 3750/4201 3753/4202
f 3719/4189 3722/4188 3753/4202 3752/4203
f 3716/4187 3723/4186 3754/4204 3751/4205
f 3723/4186 3719/4189 3752/4203 3754/4204
f 3724/4169 3718/4168 3756/4206 3759/4207
f 3721/4173 3720/4172 3757/4208 3758/4209
f 3720/4172 3724/4169 3759/4207 3757/4208
f 3717/4175 3721/4173 3758/4209 3755/4210
f 3778/4211 3775/4212 3763/4213 3769/4214
f 3777/4215 3776/4216 3765/4217 3766/4218
f 3779/4219 3777/4215 3766/4218 3762/4220
f 3776/4216 3778/4211 3769/4214 3765/4217
f 3782/4221 3784/4222 3774/4223 3772/4224
f 3780/4225 3783/4226 3773/4227 3770/4228
f 3783/4226 3782/4221 3772/4224 3773/4227
f 3784/4222 3781/4229 3771/4230 3774/4223
f 3772/4224 3774/4223 3778/4211 3776/4216
f 3770/4228 3773/4227 3777/4215 3779/4219
f 3773/4227 3772/4224 3776/4216 3777/4215
f 3774/4223 3771/4230 3775/4212 3778/4211
f 3768/4231 3761/4232 3781/4229 3784/4222
f 3767/4233 3764/4234 3782/4221 3783/4226
f 3760/4235 3767/4233 3783/4226 3780/4225
f 3764/4234 3768/4231 3784/4222 3782/4221
f 3763/4213 3775/4212 3788/4236 3786/4237
f 3775/4212 3771/4230 3787/4238 3788/4236
f 3771/4230 3781/4229 3789/4239 3787/4238
f 3781/4229 3761/4232 3785/4240 3789/4239
f 3779/4219 3762/4220 3791/4241 3793/4242
f 3770/4228 3779/4219 3793/4242 3792/4243
f 3760/4235 3780/4225 3794/4244 3790/4245
f 3780/4225 3770/4228 3792/4243 3794/4244
f 3767/4233 3760/4235 3795/4246 3798/4247
f 3764/4234 3767/4233 3798/4247 3797/4248
f 3761/4232 3768/4231 3799/4249 3796/4250
f 3768/4231 3764/4234 3797/4248 3799/4249
f 3769/4214 3763/4213 3801/4251 3804/4252
f 3766/4218 3765/4217 3802/4253 3803/4254
f 3765/4217 3769/4214 3804/4252 3802/4253
f 3762/4220 3766/4218 3803/4254 3800/4255
f 3819/4256 3815/4257 3810/4258 3816/4259
f 3818/4260 3814/4261 3809/4262 3817/4263
f 3815/4257 3818/4260 3817/4263 3810/4258
f 3808/4264 3812/4265 3818/4260 3815/4257
f 3812/4265 3806/4266 3814/4261 3818/4260
f 3811/4267 3819/4256 3816/4259 3807/4268
f 3805/4269 3813/4270 3819/4256 3811/4267
f 3813/4270 3808/4264 3815/4257 3819/4256
f 3834/4271 3830/4272 3825/4273 3831/4274
f 3833/4275 3829/4276 3824/4277 3832/4278
f 3830/4272 3833/4275 3832/4278 3825/4273
f 3823/4279 3827/4280 3833/4275 3830/4272
f 3827/4280 3821/4281 3829/4276 3833/4275
f 3826/4282 3834/4271 3831/4274 3822/4283
f 3820/4284 3828/4285 3834/4271 3826/4282
f 3828/4285 3823/4279 3830/4272 3834/4271
f 3849/4286 3845/4287 3840/4288 3846/4289
f 3848/4290 3844/4291 3839/4292 3847/4293
f 3845/4287 3848/4290 3847/4293 3840/4288
f 3838/4294 3842/4295 3848/4290 3845/4287
f 3842/4295 3836/4296 3844/4291 3848/4290
f 3841/4297 3849/4286 3846/4289 3837/4298
f 3835/4299 3843/4300 3849/4286 3841/4297
f 3843/4300 3838/4294 3845/4287 3849/4286
f 3864/4301 3860/4302 3855/4303 3861/4304
f 3863/4305 3859/4306 3854/4307 3862/4308
f 3860/4302 3863/4305 3862/4308 3855/4303
f 3853/4309 3857/4310 3863/4305 3860/4302
f 3857/4310 3851/4311 3859/4306 3863/4305
f 3856/4312 3864/4301 3861/4304 3852/4313
f 3850/4314 3858/4315 3864/4301 3856/4312
f 3858/4315 3853/4309 3860/4302 3864/4301
f 3879/4316 3875/4317 3870/4318 3876/4319
f 3878/4320 3874/4321 3869/4322 3877/4323
f 3875/4317 3878/4320 3877/4323 3870/4318
f 3868/4324 3872/4325 3878/4320 3875/4317
f 3872/4325 3866/4326 3874/4321 3878/4320
f 3871/4327 3879/4316 3876/4319 3867/4328
f 3865/4329 3873/4330 3879/4316 3871/4327
f 3873/4330 3868/4324 3875/4317 3879/4316
f 3894/4331 3890/4332 3885/4333 3891/4334
f 3893/4335 3889/4336 3884/4337 3892/4338
f 3890/4332 3893/4335 3892/4338 3885/4333
f 3883/4339 3887/4340 3893/4335 3890/4332
f 3887/4340 3881/4341 3889/4336 3893/4335
f 3886/4342 3894/4331 3891/4334 3882/4343
f 3880/4344 3888/4345 3894/4331 3886/4342
f 3888/4345 3883/4339 3890/4332 3894/4331
f 3909/4346 3905/4347 3900/4348 3906/4349
f 3908/4350 3904/4351 3899/4352 3907/4353
f 3905/4347 3908/4350 3907/4353 3900/4348
f 3898/4354 3902/4355 3908/4350 3905/4347
f 3902/4355 3896/4356 3904/4351 3908/4350
f 3901/4357 3909/4346 3906/4349 3897/4358
f 3895/4359 3903/4360 3909/4346 3901/4357
f 3903/4360 3898/4354 3905/4347 3909/4346
f 3924/4361 3920/4362 3915/4363 3921/4364
f 3923/4365 3919/4366 3914/4367 3922/4368
f 3920/4362 3923/4365 3922/4368 3915/4363
f 3913/4369 3917/4370 3923/4365 3920/4362
f 3917/4370 3911/4371 3919/4366 3923/4365
f 3916/4372 3924/4361 3921/4364 3912/4373
f 3910/4374 3918/4375 3924/4361 3916/4372
f 3918/4375 3913/4369 3920/4362 3924/4361
f 3939/4376 3935/4377 3930/4378 3936/4379
f 3938/4380 3934/4381 3929/4382 3937/4383
f 3935/4377 3938/4380 3937/4383 3930/4378
f 3928/4384 3932/4385 3938/4380 3935/4377
f 3932/4385 3926/4386 3934/4381 3938/4380
f 3931/4387 3939/4376 3936/4379 3927/4388
f 3925/4389 3933/4390 3939/4376 3931/4387
f 3933/4390 3928/4384 3935/4377 3939/4376
f 3954/4391 3950/4392 3945/4393 3951/4394
f 3953/4395 3949/4396 3944/4397 3952/4398
f 3950/4392 3953/4395 3952/4398 3945/4393
f 3943/4399 3947/4400 3953/4395 3950/4392
f 3947/4400 3941/4401 3949/4396 3953/4395
f 3946/4402 3954/4391 3951/4394 3942/4403
f 3940/4404 3948/4405 3954/4391 3946/4402
f 3948/4405 3943/4399 3950/4392 3954/4391
f 3969/4406 3965/4407 3960/4408 3966/4409
f 3968/4410 3964/4411 3959/4412 3967/4413
f 3965/4407 3968/4410 3967/4413 3960/4408
f 3958/4414 3962/4415 3968/4410 3965/4407
f 3962/4415 3956/4416 3964/4411 3968/4410
f 3961/4417 3969/4406 3966/4409 3957/4418
f 3955/4419 3963/4420 3969/4406 3961/4417
f 3963/4420 3958/4414 3965/4407 3969/4406
f 3984/4421 3980/4422 3975/4423 3981/4424
f 3983/4425 3979/4426 3974/4427 3982/4428
f 3980/4422 3983/4425 3982/4428 3975/4423
f 3973/4429 3977/4430 3983/4425 3980/4422
f 3977/4430 3971/4431 3979/4426 3983/4425
f 3976/4432 3984/4421 3981/4424 3972/4433
f 3970/4434 3978/4435 3984/4421 3976/4432
f 3978/4435 3973/4429 3980/4422 3984/4421
f 3999/4436 3995/4437 3990/4438 3996/4439
f 3998/4440 3994/4441 3989/4442 3997/4443
f 3995/4437 3998/4440 3997/4443 3990/4438
f 3988/4444 3992/4445 3998/4440 3995/4437
f 3992/4445 3986/4446 3994/4441 3998/4440
f 3991/4447 3999/4436 3996/4439 3987/4448
f 3985/4449 3993/4450 3999/4436 3991/4447
f 3993/4450 3988/4444 3995/4437 3999/4436
f 4014/4451 4010/4452 4005/4453 4011/4454
f 4013/4455 4009/4456 4004/4457 4012/4458
f 4010/4452 4013/4455 4012/4458 4005/4453
f 4003/4459 4007/4460 4013/4455 4010/4452
f 4007/4460 4001/4461 4009/4456 4013/4455
f 4006/4462 4014/4451 4011/4454 4002/4463
f 4000/4464 4008/4465 4014/4451 4006/4462
f 4008/4465 4003/4459 4010/4452 4014/4451
f 4029/4466 4025/4467 4020/4468 4026/4469
f 4028/4470 4024/4471 4019/4472 4027/4473
f 4025/4467 4028/4470 4027/4473 4020/4468
f 4018/4474 4022/4475 4028/4470 4025/4467
f 4022/4475 4016/4476 4024/4471 4028/4470
f 4021/4477 4029/4466 4026/4469 4017/4478
f 4015/4479 4023/4480 4029/4466 4021/4477
f 4023/4480 4018/4474 4025/4467 4029/4466
f 4044/4481 4040/4482 4035/4483 4041/4484
f 4043/4485 4039/4486 4034/4487 4042/4488
f 4040/4482 4043/4485 4042/4488 4035/4483
f 4033/4489 4037/4490 4043/4485 4040/4482
f 4037/4490 4031/4491 4039/4486 4043/4485
f 4036/4492 4044/4481 4041/4484 4032/4493
f 4030/4494 4038/4495 4044/4481 4036/4492
f 4038/4495 4033/4489 4040/4482 4044/4481
f 4059/4496 4055/4497 4050/4498 4056/4499
f 4058/4500 4054/4501 4049/4502 4057/4503
f 4055/4497 4058/4500 4057/4503 4050/4498
f 4048/4504 4052/4505 4058/4500 4055/4497
f 4052/4505 4046/4506 4054/4501 4058/4500
f 4051/4507 4059/4496 4056/4499 4047/4508
f 4045/4509 4053/4510 4059/4496 4051/4507
f 4053/4510 4048/4504 4055/4497 4059/4496
f 4074/4511 4070/4512 4065/4513 4071/4514
f 4073/4515 4069/4516 4064/4517 4072/4518
f 4070/4512 4073/4515 4072/4518 4065/4513
f 4063/4519 4067/4520 4073/4515 4070/4512
f 4067/4520 4061/4521 4069/4516 4073/4515
f 4066/4522 4074/4511 4071/4514 4062/4523
f 4060/4524 4068/4525 4074/4511 4066/4522
f 4068/4525 4063/4519 4070/4512 4074/4511
f 4089/4526 4085/4527 4080/4528 4086/4529
f 4088/4530 4084/4531 4079/4532 4087/4533
f 4085/4527 4088/4530 4087/4533 4080/4528
f 4078/4534 4082/4535 4088/4530 4085/4527
f 4082/4535 4076/4536 4084/4531 4088/4530
f 4081/4537 4089/4526 4086/4529 4077/4538
f 4075/4539 4083/4540 4089/4526 4081/4537
f 4083/4540 4078/4534 4085/4527 4089/4526
f 4104/4541 4100/4542 4095/4543 4101/4544
f 4103/4545 4099/4546 4094/4547 4102/4548
f 4100/4542 4103/4545 4102/4548 4095/4543
f 4093/4549 4097/4550 4103/4545 4100/4542
f 4097/4550 4091/4551 4099/4546 4103/4545
f 4096/4552 4104/4541 4101/4544 4092/4553
f 4090/4554 4098/4555 4104/4541 4096/4552
f 4098/4555 4093/4549 4100/4542 4104/4541
f 4119/4556 4115/4557 4110/4558 4116/4559
f 4118/4560 4114/4561 4109/4562 4117/4563
f 4115/4557 4118/4560 4117/4563 4110/4558
f 4108/4564 4112/4565 4118/4560 4115/4557
f 4112/4565 4106/4566 4114/4561 4118/4560
f 4111/4567 4119/4556 4116/4559 4107/4568
f 4105/4569 4113/4570 4119/4556 4111/4567
f 4113/4570 4108/4564 4115/4557 4119/4556
f 4134/4571 4130/4572 4125/4573 4131/4574
f 4133/4575 4129/4576 4124/4577 4132/4578
f 4130/4572 4133/4575 4132/4578 4125/4573
f 4123/4579 4127/4580 4133/4575 4130/4572
f 4127/4580 4121/4581 4129/4576 4133/4575
f 4126/4582 4134/4571 4131/4574 4122/4583
f 4120/4584 4128/4585 4134/4571 4126/4582
f 4128/4585 4123/4579 4130/4572 4134/4571
f 4149/4586 4145/4587 4140/4588 4146/4589
f 4148/4590 4144/4591 4139/4592 4147/4593
f 4145/4587 4148/4590 4147/4593 4140/4588
f 4138/4594 4142/4595 4148/4590 4145/4587
f 4142/4595 4136/4596 4144/4591 4148/4590
f 4141/4597 4149/4586 4146/4589 4137/4598
f 4135/4599 4143/4600 4149/4586 4141/4597
f 4143/4600 4138/4594 4145/4587 4149/4586
f 4164/4601 4160/4602 4155/4603 4161/4604
f 4163/4605 4159/4606 4154/4607 4162/4608
f 4160/4602 4163/4605 4162/4608 4155/4603
f 4153/4609 4157/4610 4163/4605 4160/4602
f 4157/4610 4151/4611 4159/4606 4163/4605
f 4156/4612 4164/4601 4161/4604 4152/4613
f 4150/4614 4158/4615 4164/4601 4156/4612
f 4158/4615 4153/4609 4160/4602 4164/4601
f 4183/4616 4180/4617 4168/4618 4174/4619
f 4182/4620 4181/4621 4170/4622 4171/4623
f 4184/4624 4182/4620 4171/4623 4167/4625
f 4181/4621 4183/4616 4174/4619 4170/4622
f 4187/4626 4189/4627 4179/4628 4177/4629
f 4185/4630 4188/4631 4178/4632 4175/4633
f 4188/4631 4187/4626 4177/4629 4178/4632
f 4189/4627 4186/4634 4176/4635 4179/4628
f 4177/4629 4179/4628 4183/4616 4181/4621
f 4175/4633 4178/4632 4182/4620 4184/4624
f 4178/4632 4177/4629 4181/4621 4182/4620
f 4179/4628 4176/4635 4180/4617 4183/4616
f 4173/4636 4166/4637 4186/4634 4189/4627
f 4172/4638 4169/4639 4187/4626 4188/4631
f 4165/4640 4172/4638 4188/4631 4185/4630
f 4169/4639 4173/4636 4189/4627 4187/4626
f 4168/4618 4180/4617 4193/4641 4191/4642
f 4180/4617 4176/4635 4192/4643 4193/4641
f 4176/4635 4186/4634 4194/4644 4192/4643
f 4186/4634 4166/4637 4190/4645 4194/4644
f 4184/4624 4167/4625 4196/4646 4198/4647
f 4175/4633 4184/4624 4198/4647 4197/4648
f 4165/4640 4185/4630 4199/4649 4195/4650
f 4185/4630 4175/4633 4197/4648 4199/4649
f 4172/4638 4165/4640 4200/4651 4203/4652
f 4169/4639 4172/4638 4203/4652 4202/4653
f 4166/4637 4173/4636 4204/4654 4201/4655
f 4173/4636 4169/4639 4202/4653 4204/4654
f 4174/4619 4168/4618 4206/4656 4209/4657
f 4171/4623 4170/4622 4207/4658 4208/4659
f 4170/4622 4174/4619 4209/4657 4207/4658
f 4167/4625 4171/4623 4208/4659 4205/4660
f 4228/4661 4225/4662 4213/4663 4219/4664
f 4227/4665 4226/4666 4215/4667 4216/4668
f 4229/4669 4227/4665 4216/4668 4212/4670
f 4226/4666 4228/4661 4219/4664 4215/4667
f 4232/4671 4234/4672 4224/4673 4222/4674
f 4230/4675 4233/4676 4223/4677 4220/4678
f 4233/4676 4232/4671 4222/4674 4223/4677
f 4234/4672 4231/4679 4221/4680 4224/4673
f 4222/4674 4224/4673 4228/4661 4226/4666
f 4220/4678 4223/4677 4227/4665 4229/4669
f 4223/4677 4222/4674 4226/4666 4227/4665
f 4224/4673 4221/4680 4225/4662 4228/4661
f 4218/4681 4211/4682 4231/4679 4234/4672
f 4217/4683 4214/4684 4232/4671 4233/4676
f 4210/4685 4217/4683 4233/4676 4230/4675
f 4214/4684 4218/4681 4234/4672 4232/4671
f 4213/4663 4225/4662 4238/4686 4236/4687
f 4225/4662 4221/4680 4237/4688 4238/4686
f 4221/4680 4231/4679 4239/4689 4237/4688
f 4231/4679 4211/4682 4235/4690 4239/4689
f 4229/4669 4212/4670 4241/4691 4243/4692
f 4220/4678 4229/4669 4243/4692 4242/4693
f 4210/4685 4230/4675 4244/4694 4240/4695
f 4230/4675 4220/4678 4242/4693 4244/4694
f 4217/4683 4210/4685 4245/4696 4248/4697
f 4214/4684 4217/4683 4248/4697 4247/4698
f 4211/4682 4218/4681 4249/4699 4246/4700
f 4218/4681 4214/4684 4247/4698 4249/4699
f 4219/4664 4213/4663 4251/4701 4254/4702
f 4216/4668 4215/4667 4252/4703 4253/4704
f 4215/4667 4219/4664 4254/4702 4252/4703
f 4212/4670 4216/4668 4253/4704 4250/4705
f 4273/4706 4264/4707 4258/4708 4270/4709
f 4272/4710 4261/4711 4260/4712 4271/4713
f 4274/4714 4257/4715 4261/4711 4272/4710
f 4271/4713 4260/4712 4264/4707 4273/4706
f 4277/4716 4267/4717 4269/4718 4279/4719
f 4275/4720 4265/4721 4268/4722 4278/4723
f 4278/4723 4268/4722 4267/4717 4277/4716
f 4279/4719 4269/4718 4266/4724 4276/4725
f 4267/4717 4271/4713 4273/4706 4269/4718
f 4265/4721 4274/4714 4272/4710 4268/4722
f 4268/4722 4272/4710 4271/4713 4267/4717
f 4269/4718 4273/4706 4270/4709 4266/4724
f 4263/4726 4279/4719 4276/4725 4256/4727
f 4262/4728 4278/4723 4277/4716 4259/4729
f 4255/4730 4275/4720 4278/4723 4262/4728
f 4259/4729 4277/4716 4279/4719 4263/4726
f 4258/4708 4281/4731 4283/4732 4270/4709
f 4270/4709 4283/4732 4282/4733 4266/4724
f 4266/4724 4282/4733 4284/4734 4276/4725
f 4276/4725 4284/4734 4280/4735 4256/4727
f 4274/4714 4288/4736 4286/4737 4257/4715
f 4265/4721 4287/4738 4288/4736 4274/4714
f 4255/4730 4285/4739 4289/4740 4275/4720
f 4275/4720 4289/4740 4287/4738 4265/4721
f 4262/4728 4293/4741 4290/4742 4255/4730
f 4259/4729 4292/4743 4293/4741 4262/4728
f 4256/4727 4291/4744 4294/4745 4263/4726
f 4263/4726 4294/4745 4292/4743 4259/4729
f 4264/4707 4299/4746 4296/4747 4258/4708
f 4261/4711 4298/4748 4297/4749 4260/4712
f 4260/4712 4297/4749 4299/4746 4264/4707
f 4257/4715 4295/4750 4298/4748 4261/4711
f 4318/4751 4309/4752 4303/4753 4315/4754
f 4317/4755 4306/4756 4305/4757 4316/4758
f 4319/4759 4302/4760 4306/4756 4317/4755
f 4316/4758 4305/4757 4309/4752 4318/4751
f 4322/4761 4312/4762 4314/4763 4324/4764
f 4320/4765 4310/4766 4313/4767 4323/4768
f 4323/4768 4313/4767 4312/4762 4322/4761
f 4324/4764 4314/4763 4311/4769 4321/4770
f 4312/4762 4316/4758 4318/4751 4314/4763
f 4310/4766 4319/4759 4317/4755 4313/4767
f 4313/4767 4317/4755 4316/4758 4312/4762
f 4314/4763 4318/4751 4315/4754 4311/4769
f 4308/4771 4324/4764 4321/4770 4301/4772
f 4307/4773 4323/4768 4322/4761 4304/4774
f 4300/4775 4320/4765 4323/4768 4307/4773
f 4304/4774 4322/4761 4324/4764 4308/4771
f 4303/4753 4326/4776 4328/4777 4315/4754
f 4315/4754 4328/4777 4327/4778 4311/4769
f 4311/4769 4327/4778 4329/4779 4321/4770
f 4321/4770 4329/4779 4325/4780 4301/4772
f 4319/4759 4333/4781 4331/4782 4302/4760
f 4310/4766 4332/4783 4333/4781 4319/4759
f 4300/4775 4330/4784 4334/4785 4320/4765
f 4320/4765 4334/4785 4332/4783 4310/4766
f 4307/4773 4338/4786 4335/4787 4300/4775
f 4304/4774 4337/4788 4338/4786 4307/4773
f 4301/4772 4336/4789 4339/4790 4308/4771
f 4308/4771 4339/4790 4337/4788 4304/4774
f 4309/4752 4344/4791 4341/4792 4303/4753
f 4306/4756 4343/4793 4342/4794 4305/4757
f 4305/4757 4342/4794 4344/4791 4309/4752
f 4302/4760 4340/4795 4343/4793 4306/4756
f 4363/4796 4360/4797 4348/4798 4354/4799
f 4362/4800 4361/4801 4350/4802 4351/4803
f 4364/4804 4362/4800 4351/4803 4347/4805
f 4361/4801 4363/4796 4354/4799 4350/4802
f 4367/4806 4369/4807 4359/4808 4357/4809
f 4365/4810 4368/4811 4358/4812 4355/4813
f 4368/4811 4367/4806 4357/4809 4358/4812
f 4369/4807 4366/4814 4356/4815 4359/4808
f 4357/4809 4359/4808 4363/4796 4361/4801
f 4355/4813 4358/4812 4362/4800 4364/4804
f 4358/4812 4357/4809 4361/4801 4362/4800
f 4359/4808 4356/4815 4360/4797 4363/4796
f 4353/4816 4346/4817 4366/4814 4369/4807
f 4352/4818 4349/4819 4367/4806 4368/4811
f 4345/4820 4352/4818 4368/4811 4365/4810
f 4349/4819 4353/4816 4369/4807 4367/4806
f 4348/4798 4360/4797 4373/4821 4371/4822
f 4360/4797 4356/4815 4372/4823 4373/4821
f 4356/4815 4366/4814 4374/4824 4372/4823
f 4366/4814 4346/4817 4370/4825 4374/4824
f 4364/4804 4347/4805 4376/4826 4378/4827
f 4355/4813 4364/4804 4378/4827 4377/4828
f 4345/4820 4365/4810 4379/4829 4375/4830
f 4365/4810 4355/4813 4377/4828 4379/4829
f 4352/4818 4345/4820 4380/4831 4383/4832
f 4349/4819 4352/4818 4383/4832 4382/4833
f 4346/4817 4353/4816 4384/4834 4381/4835
f 4353/4816 4349/4819 4382/4833 4384/4834
f 4354/4799 4348/4798 4386/4836 4389/4837
f 4351/4803 4350/4802 4387/4838 4388/4839
f 4350/4802 4354/4799 4389/4837 4387/4838
f 4347/4805 4351/4803 4388/4839 4385/4840
f 4390/4841 4392/4842 4394/4843 4391/4844
f 4392/4842 4428/4845 4427/4846 4394/4843
f 4391/4844 4394/4843 4426/4847 4425/4848
f 4394/4843 4427/4846 4444/4849 4426/4847
f 4390/4841 4393/4850 4395/4851 4392/4842
f 4393/4850 4424/4852 4423/4853 4395/4851
f 4392/4842 4395/4851 4429/4854 4428/4845
f 4395/4851 4423/4853 4443/4855 4429/4854
f 4396/4856 4397/4857 4401/4858 4400/4859
f 4397/4857 4428/4845 4429/4854 4401/4858
f 4400/4859 4401/4858 4432/4860 4431/4861
f 4443/4862 4432/4863 4448/4864 4460/4865
f 4396/4856 4398/4866 4402/4867 4397/4857
f 4398/4866 4434/4868 4433/4869 4402/4867
f 4397/4857 4402/4867 4427/4846 4428/4845
f 4427/4846 4402/4867 4450/4870 4451/4871
f 4396/4856 4399/4872 4403/4873 4398/4866
f 4399/4872 4437/4874 4436/4875 4403/4873
f 4398/4866 4403/4873 4435/4876 4434/4868
f 4403/4873 4436/4875 4455/4877 4453/4878
f 4396/4856 4400/4859 4404/4879 4399/4872
f 4400/4859 4431/4861 4430/4880 4404/4879
f 4399/4872 4404/4879 4438/4881 4437/4874
f 4435/4876 4403/4873 4453/4878 4454/4882
f 4405/4883 4406/4884 4409/4885 4408/4886
f 4406/4884 4437/4874 4438/4881 4409/4885
f 4408/4886 4409/4885 4440/4887 4439/4888
f 4409/4885 4438/4881 4445/4889 4440/4887
f 4405/4883 4407/4890 4410/4891 4406/4884
f 4407/4890 4442/4892 4441/4893 4410/4891
f 4406/4884 4410/4891 4436/4875 4437/4874
f 4410/4891 4441/4893 4446/4894 4436/4875
f 4411/4895 4412/4896 4415/4897 4414/4898
f 4412/4896 4431/4861 4432/4860 4415/4897
f 4414/4898 4415/4897 4423/4853 4424/4852
f 4415/4897 4432/4860 4443/4862 4423/4853
f 4411/4895 4413/4899 4416/4900 4412/4896
f 4413/4899 4439/4888 4440/4887 4416/4900
f 4412/4896 4416/4900 4430/4880 4431/4861
f 4416/4900 4440/4887 4445/4889 4430/4880
f 4417/4901 4418/4902 4421/4903 4420/4904
f 4418/4902 4434/4868 4435/4876 4421/4903
f 4420/4904 4421/4903 4441/4893 4442/4892
f 4421/4903 4435/4876 4446/4894 4441/4893
f 4417/4901 4419/4905 4422/4906 4418/4902
f 4419/4905 4425/4848 4426/4847 4422/4906
f 4418/4902 4422/4906 4433/4869 4434/4868
f 4422/4906 4426/4847 4444/4849 4433/4869
f 4447/4907 4449/4908 4460/4865 4448/4864
f 4450/4870 4452/4909 4459/4910 4451/4871
f 4453/4878 4455/4877 4462/4911 4454/4882
f 4456/4912 4458/4913 4461/4914 4457/4915
f 4444/4849 4427/4846 4451/4871 4459/4910
f 4445/4889 4438/4881 4457/4915 4461/4914
f 4402/4867 4433/4869 4452/4909 4450/4870
f 4432/4860 4401/4858 4447/4907 4448/4864
f 4433/4869 4444/4849 4459/4910 4452/4909
f 4401/4858 4429/4854 4449/4908 4447/4907
f 4429/4854 4443/4855 4460/4865 4449/4908
f 4446/4894 4435/4876 4454/4882 4462/4911
f 4438/4881 4404/4879 4456/4912 4457/4915
f 4430/4880 4445/4889 4461/4914 4458/4913
f 4436/4875 4446/4894 4462/4911 4455/4877
f 4404/4879 4430/4880 4458/4913 4456/4912
f 4477/4916 4473/4917 4468/4918 4474/4919
f 4476/4920 4472/4921 4467/4922 4475/4923
f 4473/4917 4476/4920 4475/4923 4468/4918
f 4466/4924 4470/4925 4476/4920 4473/4917
f 4470/4925 4464/4926 4472/4921 4476/4920
f 4469/4927 4477/4916 4474/4919 4465/4928
f 4463/4929 4471/4930 4477/4916 4469/4927
f 4471/4930 4466/4924 4473/4917 4477/4916
f 4492/4931 4488/4932 4483/4933 4489/4934
f 4491/4935 4487/4936 4482/4937 4490/4938
f 4488/4932 4491/4935 4490/4938 4483/4933
f 4481/4939 4485/4940 4491/4935 4488/4932
f 4485/4940 4479/4941 4487/4936 4491/4935
f 4484/4942 4492/4931 4489/4934 4480/4943
f 4478/4944 4486/4945 4492/4931 4484/4942
f 4486/4945 4481/4939 4488/4932 4492/4931
f 4511/4946 4508/4947 4496/4948 4502/4949
f 4510/4950 4509/4951 4498/4952 4499/4953
f 4512/4954 4510/4950 4499/4953 4495/4955
f 4509/4951 4511/4946 4502/4949 4498/4952
f 4515/4956 4517/4957 4507/4958 4505/4959
f 4513/4960 4516/4961 4506/4962 4503/4963
f 4516/4961 4515/4956 4505/4959 4506/4962
f 4517/4957 4514/4964 4504/4965 4507/4958
f 4505/4959 4507/4958 4511/4946 4509/4951
f 4503/4963 4506/4962 4510/4950 4512/4954
f 4506/4962 4505/4959 4509/4951 4510/4950
f 4507/4958 4504/4965 4508/4947 4511/4946
f 4501/4966 4494/4967 4514/4964 4517/4957
f 4500/4968 4497/4969 4515/4956 4516/4961
f 4493/4970 4500/4968 4516/4961 4513/4960
f 4497/4969 4501/4966 4517/4957 4515/4956
f 4496/4948 4508/4947 4521/4971 4519/4972
f 4508/4947 4504/4965 4520/4973 4521/4971
f 4504/4965 4514/4964 4522/4974 4520/4973
f 4514/4964 4494/4967 4518/4975 4522/4974
f 4512/4954 4495/4955 4524/4976 4526/4977
f 4503/4963 4512/4954 4526/4977 4525/4978
f 4493/4970 4513/4960 4527/4979 4523/4980
f 4513/4960 4503/4963 4525/4978 4527/4979
f 4500/4968 4493/4970 4528/4981 4531/4982
f 4497/4969 4500/4968 4531/4982 4530/4983
f 4494/4967 4501/4966 4532/4984 4529/4985
f 4501/4966 4497/4969 4530/4983 4532/4984
f 4502/4949 4496/4948 4534/4986 4537/4987
f 4499/4953 4498/4952 4535/4988 4536/4989
f 4498/4952 4502/4949 4537/4987 4535/4988
f 4495/4955 4499/4953 4536/4989 4533/4990
f 4538/4991 4540/4992 4542/4993 4539/4994
f 4540/4992 4576/4995 4575/4996 4542/4993
f 4539/4994 4542/4993 4574/4997 4573/4998
f 4542/4993 4575/4996 4592/4999 4574/4997
f 4538/4991 4541/5000 4543/5001 4540/4992
f 4541/5000 4572/5002 4571/5003 4543/5001
f 4540/4992 4543/5001 4577/5004 4576/4995
f 4543/5001 4571/5003 4591/5005 4577/5004
f 4544/5006 4545/5007 4549/5008 4548/5009
f 4545/5007 4576/4995 4577/5004 4549/5008
f 4548/5009 4549/5008 4580/5010 4579/5011
f 4591/5012 4580/5013 4596/5014 4608/5015
f 4544/5006 4546/5016 4550/5017 4545/5007
f 4546/5016 4582/5018 4581/5019 4550/5017
f 4545/5007 4550/5017 4575/4996 4576/4995
f 4575/4996 4550/5017 4598/5020 4599/5021
f 4544/5006 4547/5022 4551/5023 4546/5016
f 4547/5022 4585/5024 4584/5025 4551/5023
f 4546/5016 4551/5023 4583/5026 4582/5018
f 4551/5023 4584/5025 4603/5027 4601/5028
f 4544/5006 4548/5009 4552/5029 4547/5022
f 4548/5009 4579/5011 4578/5030 4552/5029
f 4547/5022 4552/5029 4586/5031 4585/5024
f 4583/5026 4551/5023 4601/5028 4602/5032
f 4553/5033 4554/5034 4557/5035 4556/5036
f 4554/5034 4585/5024 4586/5031 4557/5035
f 4556/5036 4557/5035 4588/5037 4587/5038
f 4557/5035 4586/5031 4593/5039 4588/5037
f 4553/5033 4555/5040 4558/5041 4554/5034
f 4555/5040 4590/5042 4589/5043 4558/5041
f 4554/5034 4558/5041 4584/5025 4585/5024
f 4558/5041 4589/5043 4594/5044 4584/5025
f 4559/5045 4560/5046 4563/5047 4562/5048
f 4560/5046 4579/5011 4580/5010 4563/5047
f 4562/5048 4563/5047 4571/5003 4572/5002
f 4563/5047 4580/5010 4591/5012 4571/5003
f 4559/5045 4561/5049 4564/5050 4560/5046
f 4561/5049 4587/5038 4588/5037 4564/5050
f 4560/5046 4564/5050 4578/5030 4579/5011
f 4564/5050 4588/5037 4593/5039 4578/5030
f 4565/5051 4566/5052 4569/5053 4568/5054
f 4566/5052 4582/5018 4583/5026 4569/5053
f 4568/5054 4569/5053 4589/5043 4590/5042
f 4569/5053 4583/5026 4594/5044 4589/5043
f 4565/5051 4567/5055 4570/5056 4566/5052
f 4567/5055 4573/4998 4574/4997 4570/5056
f 4566/5052 4570/5056 4581/5019 4582/5018
f 4570/5056 4574/4997 4592/4999 4581/5019
f 4595/5057 4597/5058 4608/5015 4596/5014
f 4598/5020 4600/5059 4607/5060 4599/5021
f 4601/5028 4603/5027 4610/5061 4602/5032
f 4604/5062 4606/5063 4609/5064 4605/5065
f 4592/4999 4575/4996 4599/5021 4607/5060
f 4593/5039 4586/5031 4605/5065 4609/5064
f 4550/5017 4581/5019 4600/5059 4598/5020
f 4580/5010 4549/5008 4595/5057 4596/5014
f 4581/5019 4592/4999 4607/5060 4600/5059
f 4549/5008 4577/5004 4597/5058 4595/5057
f 4577/5004 4591/5005 4608/5015 4597/5058
f 4594/5044 4583/5026 4602/5032 4610/5061
f 4586/5031 4552/5029 4604/5062 4605/5065
f 4578/5030 4593/5039 4609/5064 4606/5063
f 4584/5025 4594/5044 4610/5061 4603/5027
f 4552/5029 4578/5030 4606/5063 4604/5062
f 4625/5066 4621/5067 4616/5068 4622/5069
f 4624/5070 4620/5071 4615/5072 4623/5073
f 4621/5067 4624/5070 4623/5073 4616/5068
f 4614/5074 4618/5075 4624/5070 4621/5067
f 4618/5075 4612/5076 4620/5071 4624/5070
f 4617/5077 4625/5066 4622/5069 4613/5078
f 4611/5079 4619/5080 4625/5066 4617/5077
f 4619/5080 4614/5074 4621/5067 4625/5066
f 4640/5081 4636/5082 4631/5083 4637/5084
f 4639/5085 4635/5086 4630/5087 4638/5088
f 4636/5082 4639/5085 4638/5088 4631/5083
f 4629/5089 4633/5090 4639/5085 4636/5082
f 4633/5090 4627/5091 4635/5086 4639/5085
f 4632/5092 4640/5081 4637/5084 4628/5093
f 4626/5094 4634/5095 4640/5081 4632/5092
f 4634/5095 4629/5089 4636/5082 4640/5081
f 4659/5096 4656/5097 4644/5098 4650/5099
f 4658/5100 4657/5101 4646/5102 4647/5103
f 4660/5104 4658/5100 4647/5103 4643/5105
f 4657/5101 4659/5096 4650/5099 4646/5102
f 4663/5106 4665/5107 4655/5108 4653/5109
f 4661/5110 4664/5111 4654/5112 4651/5113
f 4664/5111 4663/5106 4653/5109 4654/5112
f 4665/5107 4662/5114 4652/5115 4655/5108
f 4653/5109 4655/5108 4659/5096 4657/5101
f 4651/5113 4654/5112 4658/5100 4660/5104
f 4654/5112 4653/5109 4657/5101 4658/5100
f 4655/5108 4652/5115 4656/5097 4659/5096
f 4649/5116 4642/5117 4662/5114 4665/5107
f 4648/5118 4645/5119 4663/5106 4664/5111
f 4641/5120 4648/5118 4664/5111 4661/5110
f 4645/5119 4649/5116 4665/5107 4663/5106
f 4644/5098 4656/5097 4669/5121 4667/5122
f 4656/5097 4652/5115 4668/5123 4669/5121
f 4652/5115 4662/5114 4670/5124 4668/5123
f 4662/5114 4642/5117 4666/5125 4670/5124
f 4660/5104 4643/5105 4672/5126 4674/5127
f 4651/5113 4660/5104 4674/5127 4673/5128
f 4641/5120 4661/5110 4675/5129 4671/5130
f 4661/5110 4651/5113 4673/5128 4675/5129
f 4648/5118 4641/5120 4676/5131 4679/5132
f 4645/5119 4648/5118 4679/5132 4678/5133
f 4642/5117 4649/5116 4680/5134 4677/5135
f 4649/5116 4645/5119 4678/5133 4680/5134
f 4650/5099 4644/5098 4682/5136 4685/5137
f 4647/5103 4646/5102 4683/5138 4684/5139
f 4646/5102 4650/5099 4685/5137 4683/5138
f 4643/5105 4647/5103 4684/5139 4681/5140