# This is a clothes file for MakeHuman Community, exported by MakeClothes 2
#
# author: Elvaerwyn
# license: CC-BY
#
v -1.2033 2.0450 0.5538
v -1.1435 2.0227 0.8108
v -1.0310 1.9914 1.0334
v -0.8608 1.9662 1.2067
v -0.6555 1.9458 1.3242
v -0.4344 1.9286 1.4057
v -0.2064 1.9199 1.4466
v 0.0224 1.9161 1.4516
v 0.2506 1.9198 1.4451
v 0.4775 1.9303 1.3978
v 0.6930 1.9448 1.3097
v 0.8978 1.9640 1.1943
v 1.0619 1.9895 1.0131
v 1.1697 2.0182 0.7859
v 1.2203 2.0291 0.5327
v 1.2403 1.9355 0.5235
v 1.2615 1.8435 0.5145
v 1.2864 1.7546 0.5106
v 1.2578 1.7691 0.6192
v 1.2036 1.7714 0.7753
v 1.1213 1.7548 0.9560
v 0.9843 1.7319 1.1106
v 0.8178 1.7095 1.2350
v 0.6320 1.6900 1.3289
v 0.4373 1.6732 1.4016
v 0.2331 1.6608 1.4336
v 0.0281 1.6496 1.4342
v 0.0022 1.6500 1.4342
v -0.0240 1.6501 1.4342
v -0.2296 1.6648 1.4332
v -0.4332 1.6824 1.3974
v -0.6268 1.7014 1.3233
v -0.8120 1.7241 1.2296
v -0.9753 1.7512 1.1019
v -1.1098 1.7762 0.9436
v -1.1929 1.7968 0.7616
v -1.2019 1.7947 0.7350
v -1.2429 1.7882 0.6108
v -1.2713 1.7763 0.4961
v -1.2440 1.8634 0.5110
v -1.2233 1.9534 0.5326
v -1.2139 1.9658 0.6018
v -1.2055 1.9728 0.6353
v -1.1959 1.9705 0.6690
v -1.1196 1.9431 0.8839
v -0.9893 1.9086 1.0776
v -0.8183 1.8881 1.2257
v -0.6210 1.8688 1.3289
v -0.4135 1.8526 1.4041
v -0.1983 1.8428 1.4405
v 0.0180 1.8399 1.4398
v 0.2342 1.8419 1.4393
v 0.4480 1.8528 1.3995
v 0.6521 1.8661 1.3223
v 0.8478 1.8844 1.2177
v 1.0142 1.9071 1.0661
v 1.1411 1.9357 0.8704
v 1.2163 1.9570 0.6547
v 1.2270 1.9581 0.6171
v 1.2329 1.9490 0.5800
v 1.2005 1.9990 0.6874
v 1.2342 1.8608 0.6460
v 1.1539 1.8419 0.8624
v 1.0296 1.8161 1.0529
v 0.8620 1.7917 1.2101
v 0.6599 1.7712 1.3168
v 0.4457 1.7532 1.3950
v 0.2222 1.7391 1.4262
v 0.0026 1.7337 1.4283
v -0.2145 1.7425 1.4268
v -0.4350 1.7615 1.3945
v -0.6461 1.7812 1.3166
v -0.8445 1.8058 1.2116
v -1.0104 1.8347 1.0551
v -1.1360 1.8607 0.8656
v -1.2156 1.8812 0.6485
v -1.1806 2.0053 0.7058
v 1.2128 1.7711 0.7510
v 1.1937 2.0865 0.2826
v 1.0900 2.1104 0.0543
v 0.9162 2.1072 -0.1151
v 0.6987 2.0929 -0.2187
v 0.4660 2.0855 -0.2412
v 0.2342 2.0826 -0.2410
v 0.0033 2.0830 -0.2410
v -0.2277 2.0884 -0.2415
v -0.4602 2.0969 -0.2422
v -0.6940 2.1093 -0.2166
v -0.9112 2.1250 -0.1058
v -1.0827 2.1305 0.0753
v -1.1800 2.1054 0.3058
v -1.2733 1.7838 0.4767
v -1.2674 1.8279 0.3880
v -1.2426 1.8843 0.2148
v -1.1484 1.9016 0.0298
v -0.9862 1.8919 -0.1097
v -0.7899 1.8698 -0.1910
v -0.5789 1.8511 -0.2281
v -0.3638 1.8358 -0.2412
v -0.1833 1.8239 -0.2471
v -0.0037 1.8137 -0.2517
v 0.0248 1.8126 -0.2520
v 0.0532 1.8132 -0.2517
v 0.2329 1.8201 -0.2468
v 0.4132 1.8288 -0.2408
v 0.6260 1.8411 -0.2193
v 0.8343 1.8565 -0.1827
v 1.0271 1.8710 -0.0991
v 1.1820 1.8749 0.0430
v 1.2683 1.8570 0.2289
v 1.2856 1.8022 0.3994
v 1.2889 1.7606 0.4915
v 1.2406 1.9676 0.4630
v 1.2389 1.9850 0.4338
v 1.2318 1.9925 0.4012
v 1.1869 2.0308 0.1826
v 1.0612 2.0403 -0.0137
v 0.8789 2.0329 -0.1552
v 0.6635 2.0139 -0.2229
v 0.4437 2.0091 -0.2333
v 0.2250 2.0057 -0.2348
v 0.0067 2.0059 -0.2356
v -0.2117 2.0110 -0.2353
v -0.4307 2.0197 -0.2344
v -0.6517 2.0307 -0.2238
v -0.8676 2.0501 -0.1528
v -1.0499 2.0618 -0.0037
v -1.1723 2.0517 0.1956
v -1.2170 2.0129 0.4150
v -1.2207 2.0025 0.4519
v -1.2221 1.9827 0.4839
v -1.2028 2.0614 0.3956
v -1.2392 1.9223 0.3885
v -1.1942 1.9681 0.1620
v -1.0652 1.9747 -0.0282
v -0.8738 1.9585 -0.1595
v -0.6565 1.9372 -0.2195
v -0.4287 1.9185 -0.2318
v -0.2001 1.9046 -0.2364
v 0.0252 1.8949 -0.2388
v 0.2476 1.9002 -0.2367
v 0.4724 1.9104 -0.2327
v 0.6955 1.9249 -0.2153
v 0.9111 1.9398 -0.1499
v 1.0938 1.9494 -0.0196
v 1.2172 1.9381 0.1655
v 1.2565 1.8998 0.3874
v 1.2188 2.0366 0.3770
v 1.4761 -7.7705 0.2267
v 1.4437 -7.7546 0.3363
v 1.4163 -7.7395 0.4468
v 1.4137 -7.7351 0.4681
v 1.4120 -7.7151 0.4653
v 1.3780 -7.5384 0.4218
v 1.3264 -7.3643 0.3780
v 1.2700 -7.1912 0.3359
v 1.2378 -7.0115 0.2972
v 1.2827 -6.8325 0.2695
v 1.3735 -6.6706 0.2482
v 1.3350 -6.4882 0.2401
v 1.2780 -6.3104 0.2356
v 1.2487 -6.1259 0.2319
v 1.1974 -5.9463 0.2326
v 1.1446 -5.7676 0.2370
v 1.0977 -5.5872 0.2441
v 1.0529 -5.4064 0.2573
v 1.0208 -5.2239 0.2803
v 1.0077 -5.0404 0.3137
v 1.0060 -4.8587 0.3552
v 0.9972 -4.6812 0.4154
v 0.9792 -4.5139 0.4601
v 0.9611 -4.3420 0.4990
v 0.9344 -4.1697 0.5385
v 0.8921 -4.0023 0.5852
v 0.8365 -3.8430 0.6405
v 0.7834 -3.6865 0.6810
v 0.7323 -3.5194 0.7152
v 0.6905 -3.3426 0.7487
v 0.6513 -3.1626 0.7825
v 0.6144 -2.9825 0.8115
v 0.5820 -2.8044 0.8337
v 0.5466 -2.6280 0.8461
v 0.5083 -2.4447 0.8520
v 0.4683 -2.2590 0.8545
v 0.4260 -2.0742 0.8550
v 0.3805 -1.8919 0.8553
v 0.3303 -1.7140 0.8493
v 0.2731 -1.5330 0.8348
v 0.2195 -1.3463 0.8094
v 0.1743 -1.1559 0.7648
v 0.1109 -0.9732 0.7167
v 0.0139 -0.8029 0.6661
v 0.0125 -0.8028 0.3346
v 0.0085 -0.7801 0.0245
v 0.0131 -0.6721 -0.2417
v 0.0096 -0.5332 -0.4732
v 0.0122 -0.3467 -0.6520
v 0.0251 -0.1185 -0.7558
v 0.0349 0.1252 -0.7991
v 0.0402 0.3734 -0.7845
v 0.0386 0.6150 -0.7222
v 0.0364 0.8488 -0.6307
v 0.0334 1.0808 -0.5314
v 0.0299 1.3154 -0.4345
v 0.0265 1.5541 -0.3430
v 0.0249 1.7918 -0.2585
v 1.2925 1.7349 0.5073
v 1.3542 1.5426 0.4704
v 1.4269 1.3477 0.4451
v 1.4905 1.1473 0.4216
v 1.5374 0.9413 0.3926
v 1.5754 0.7334 0.3588
v 1.6250 0.5270 0.3266
v 1.6901 0.3240 0.2996
v 1.7554 0.1204 0.2799
v 1.8128 -0.0853 0.2699
v 1.8573 -0.2935 0.2676
v 1.8781 -0.5036 0.2684
v 1.8841 -0.7115 0.2675
v 1.8890 -0.9162 0.2629
v 1.8795 -1.1140 0.2569
v 1.8724 -1.3167 0.2572
v 1.8640 -1.5191 0.2551
v 1.8483 -1.7185 0.2517
v 1.8279 -1.9150 0.2455
v 1.8072 -2.1097 0.2384
v 1.7847 -2.3026 0.2304
v 1.7647 -2.4945 0.2294
v 1.7476 -2.6861 0.2312
v 1.7400 -2.8769 0.2267
v 1.7391 -3.0664 0.2179
v 1.7349 -3.2559 0.2115
v 1.7660 -3.4416 0.1897
v 1.8159 -3.6208 0.1582
v 1.8736 -3.7981 0.1212
v 1.9340 -3.9745 0.0744
v 1.9808 -4.1584 0.0312
v 2.0197 -4.3480 -0.0046
v 2.0517 -4.5415 -0.0347
v 2.0809 -4.7333 -0.0372
v 2.1079 -4.9246 -0.0368
v 2.1105 -5.1160 -0.0254
v 2.1014 -5.3042 -0.0051
v 2.0911 -5.4913 0.0195
v 2.0840 -5.6773 0.0495
v 2.0770 -5.8639 0.0844
v 2.0655 -6.0505 0.1180
v 2.0779 -6.2373 0.1469
v 2.0917 -6.4234 0.1785
v 2.1069 -6.6088 0.2108
v 2.1128 -6.7933 0.2446
v 2.1136 -6.9772 0.2827
v 2.1098 -7.1605 0.3225
v 2.0998 -7.3430 0.3635
v 2.0824 -7.5247 0.4054
v 2.0676 -7.7050 0.4471
v 2.0700 -7.7243 0.4529
v 2.0651 -7.7260 0.4305
v 2.0462 -7.7513 0.2588
v 2.0305 -7.7744 0.0856
v 1.9385 -7.7942 -0.0623
v 1.7849 -7.8077 -0.1457
v 1.6184 -7.8092 -0.0897
v 1.5294 -7.7937 0.0609
v 1.4744 -7.7509 0.2234
v 1.4418 -7.7350 0.3330
v 1.4147 -7.7196 0.4441
v 1.3803 -7.5429 0.4017
v 1.3288 -7.3686 0.3579
v 1.2725 -7.1952 0.3157
v 1.2402 -7.0154 0.2769
v 1.2831 -6.8356 0.2492
v 1.3718 -6.6722 0.2276
v 1.3333 -6.4894 0.2196
v 1.2771 -6.3111 0.2150
v 1.2480 -6.1263 0.2113
v 1.1963 -5.9463 0.2120
v 1.1435 -5.7672 0.2162
v 1.0964 -5.5863 0.2233
v 1.0517 -5.4046 0.2367
v 1.0184 -5.2210 0.2598
v 1.0009 -5.0368 0.2943
v 0.9991 -4.8539 0.3359
v 0.9899 -4.6763 0.3956
v 0.9684 -4.4732 0.4451
v 0.9423 -4.2630 0.4905
v 0.8974 -4.0563 0.5455
v 0.8325 -3.8601 0.6142
v 0.7677 -3.6676 0.6668
v 0.7106 -3.4611 0.7084
v 0.6642 -3.2432 0.7498
v 0.6173 -3.0243 0.7872
v 0.5744 -2.8074 0.8155
v 0.5313 -2.5917 0.8306
v 0.4849 -2.3671 0.8363
v 0.4349 -2.1419 0.8378
v 0.3798 -1.9196 0.8379
v 0.3179 -1.7023 0.8300
v 0.2483 -1.4812 0.8092
v 0.1932 -1.2500 0.7719
v 0.1285 -1.0246 0.7104
v 0.0300 -0.8119 0.6526
v 0.0292 -0.8110 0.6532
v 0.0189 -0.8050 0.3300
v 0.0155 -0.7847 0.0195
v 0.0237 -0.6737 -0.2463
v 0.0257 -0.5350 -0.4816
v 0.0288 -0.3467 -0.6605
v 0.0431 -0.1155 -0.7606
v 0.0533 0.1294 -0.8017
v 0.0585 0.3783 -0.7856
v 0.0568 0.6201 -0.7226
v 0.0547 0.8534 -0.6297
v 0.0518 1.0850 -0.5297
v 0.0480 1.3194 -0.4327
v 0.0446 1.5579 -0.3413
v 0.0463 1.7962 -0.2568
v 0.2301 1.8125 -0.2484
v 0.4133 1.8237 -0.2414
v 0.6982 1.8394 -0.2157
v 0.9692 1.8611 -0.1361
v 1.1843 1.8710 0.0439
v 1.2845 1.8332 0.2917
v 1.2953 1.7404 0.4873
v 1.3563 1.5464 0.4511
v 1.4291 1.3507 0.4257
v 1.4931 1.1504 0.4024
v 1.5403 0.9446 0.3735
v 1.5758 0.7364 0.3395
v 1.6244 0.5295 0.3073
v 1.6888 0.3256 0.2802
v 1.7545 0.1213 0.2603
v 1.8126 -0.0850 0.2501
v 1.8573 -0.2937 0.2478
v 1.8779 -0.5038 0.2486
v 1.8827 -0.7115 0.2477
v 1.8869 -0.9158 0.2429
v 1.8762 -1.1117 0.2365
v 1.8687 -1.3164 0.2372
v 1.8612 -1.5187 0.2347
v 1.8443 -1.7177 0.2316
v 1.8227 -1.9139 0.2255
v 1.8004 -2.1082 0.2187
v 1.7755 -2.3013 0.2117
v 1.7550 -2.4938 0.2109
v 1.7384 -2.6859 0.2119
v 1.7305 -2.8768 0.2070
v 1.7301 -3.0663 0.1978
v 1.7246 -3.2556 0.1922
v 1.7552 -3.4410 0.1707
v 1.8056 -3.6198 0.1388
v 1.8652 -3.7961 0.1022
v 1.9256 -3.9723 0.0554
v 1.9718 -4.1565 0.0125
v 2.0109 -4.3463 -0.0232
v 2.0411 -4.5403 -0.0528
v 2.0418 -4.5429 -0.0529
v 2.0707 -4.7345 -0.0550
v 2.0982 -4.9259 -0.0550
v 2.1040 -5.1177 -0.0458
v 2.0968 -5.3063 -0.0263
v 2.0870 -5.4937 -0.0019
v 2.0803 -5.6797 0.0281
v 2.0735 -5.8660 0.0629
v 2.0619 -6.0522 0.0967
v 2.0742 -6.2390 0.1260
v 2.0877 -6.4252 0.1565
v 2.1024 -6.6109 0.1884
v 2.1083 -6.7956 0.2245
v 2.1091 -6.9796 0.2627
v 2.1055 -7.1627 0.3024
v 2.0956 -7.3451 0.3433
v 2.0781 -7.5266 0.3852
v 2.0630 -7.7064 0.4255
v 2.0449 -7.7318 0.2542
v 2.0297 -7.7548 0.0815
v 1.9372 -7.7745 -0.0657
v 1.7831 -7.7878 -0.1478
v 1.6168 -7.7894 -0.0920
v 1.5272 -7.7740 0.0579
v 1.8120 -7.1863 -0.1778
v 2.0454 -7.4913 0.1238
v 1.6464 -6.4460 -0.2343
v 1.5444 -5.6967 -0.3728
v 1.3180 -4.7146 -0.3669
v 0.9284 -1.0949 -0.3734
v 1.1526 0.1852 -0.7094
v 1.1827 1.3268 -0.1685
v 1.3248 1.6878 0.3560
v 1.4277 -7.4719 0.0715
v 2.0321 -7.1298 0.0096
v 1.8632 -7.4883 -0.1472
v 1.4703 -6.9445 -0.0742
v 2.0654 -7.4595 0.2619
v 2.0439 -7.5947 0.2689
v 1.9914 -7.6032 -0.0157
v 2.0644 -7.2920 0.1513
v 1.9443 -6.3873 -0.1372
v 1.3468 -6.5803 -0.1100
v 1.8901 -5.6413 -0.3003
v 1.3758 -6.0148 -0.1585
v 1.2356 -5.6536 -0.1375
v 1.0297 -4.7149 -0.0360
v 1.7399 -4.6610 -0.3553
v 1.1658 -5.0804 -0.1978
v 1.4961 -0.6805 -0.3870
v 1.3726 0.6745 -0.3194
v 1.5547 0.2285 -0.2757
v 0.8777 1.5404 -0.2427
v 1.4153 1.3150 0.1022
v 1.3626 1.5202 0.1967
v 1.4885 -7.6222 0.1144
v 1.3706 -7.4818 0.2361
v 2.0793 -7.0972 0.1592
v 2.0589 -6.9105 0.0405
v 1.8649 -7.6488 -0.1316
v 1.3494 -7.1282 0.0757
v 2.0351 -7.6274 0.1356
v 1.9916 -7.4215 -0.0342
v 2.0504 -6.3555 -0.0023
v 1.8671 -6.0244 -0.2475
v 1.3560 -6.5786 0.0701
v 2.0008 -5.6068 -0.1381
v 1.7372 -5.2792 -0.4150
v 1.2637 -6.0238 0.0280
v 1.1469 -5.6649 0.0501
v 0.9626 -4.7443 0.1839
v 0.9435 -4.5219 0.1185
v 1.0199 -4.9301 0.0216
v 1.9394 -4.6415 -0.2126
v 1.8925 -4.8629 -0.2890
v 1.0902 -5.2903 -0.0434
v 1.7521 -0.6421 -0.0936
v 1.5420 0.6653 0.0002
v 1.6794 0.2371 -0.0015
v 1.6421 -0.2168 -0.2719
v 0.8500 1.7152 -0.2057
v 1.1109 1.6468 -0.1065
v 0.5884 1.6008 -0.2815
v 1.4604 1.2838 0.2857
v 1.4827 1.0901 0.1490
v 1.2829 1.7018 0.1038
v 1.5738 -7.5621 -0.0849
v 1.4266 -7.6027 0.2849
v 2.0909 -6.9032 0.1626
v 2.0724 -6.7311 0.0586
v 1.2703 -7.1207 0.1929
v 1.3293 -7.3038 0.1639
v 1.2723 -6.9453 0.0857
v 1.9028 -7.3217 -0.1357
v 2.0377 -7.3820 0.0722
v 1.9891 -5.9850 -0.0900
v 1.3132 -6.3535 -0.0254
v 1.9281 -5.4142 -0.2668
v 1.2277 -5.8343 -0.0399
v 0.9807 -4.9345 0.1987
v 1.0235 -5.1104 0.0528
v 2.0207 -4.8360 -0.1504
v 1.9638 -5.0409 -0.2426
v 1.0346 -5.3051 0.1207
v 1.1351 -5.4865 -0.0517
v 1.8498 -0.6301 0.0916
v 1.7981 -0.8439 0.0083
v 1.7999 -0.4174 -0.0211
v 1.5867 0.6486 0.1898
v 1.1005 1.7831 -0.0761
v 0.5636 1.7382 -0.2495
v 1.5526 -7.6861 -0.0399
v 1.4898 -7.5581 0.0073
v 1.7215 -7.5746 -0.1562
v 1.8223 -6.7741 -0.1994
v 2.0229 -6.5573 -0.0449
v 1.3006 -6.7569 -0.0038
v 1.9489 -7.1760 -0.1108
v 1.8776 -6.9798 -0.1640
v 2.0098 -7.2729 -0.0204
v 2.0167 -6.1717 -0.0499
v 1.9592 -5.8025 -0.1818
v 1.3170 -6.4873 -0.0230
v 1.2958 -6.4009 0.1102
v 1.2743 -6.2130 0.0661
v 2.0282 -5.4133 -0.1208
v 1.9395 -5.5346 -0.2416
v 1.9747 -5.2339 -0.2147
v 1.1841 -5.8510 0.1077
v 1.0727 -5.0309 -0.0704
v 1.1566 -4.8617 -0.2201
v 1.6851 -5.0421 -0.4191
v 1.0794 -5.4903 0.1107
v 1.6922 -7.6980 -0.1435
v 1.6563 -7.3550 -0.1475
v 1.5217 -7.4026 -0.0535
v 1.9799 -6.7997 -0.0964
v 2.0670 -6.4748 0.0406
v 2.0747 -6.6036 0.0626
v 1.3231 -6.7604 0.1350
v 1.9395 -6.1014 -0.1493
v 2.0371 -5.7865 -0.0512
v 1.3561 -6.1886 -0.0977
v 1.8790 -5.3110 -0.3332
v 1.8511 -4.9869 -0.3645
v 1.8471 -5.1427 -0.3697
v 1.7784 -7.3143 -0.1758
v 1.7433 -7.4472 -0.1673
v 1.4265 -7.3167 0.0387
v 1.3255 -6.0804 -0.0608
v 1.5894 -6.1690 -0.2563
v 1.7986 -6.2398 -0.2513
v 1.4517 -6.3559 -0.1994
v 1.4562 -6.1304 -0.2003
v 1.3786 -6.3049 -0.1177
v 0.8697 -2.8745 -0.0655
v 1.1019 -3.8046 -0.0887
v 0.7933 -2.0051 -0.1564
v 0.4641 -0.8724 -0.4107
v 1.4159 -1.3791 -0.2271
v 0.3339 -1.3828 -0.0085
v 0.6009 0.2365 -0.9311
v 1.7327 -4.3697 -0.2941
v 1.8799 -4.4930 -0.2253
v 0.7588 0.9287 -0.5483
v 1.2690 1.4746 -0.0204
v 0.9415 -4.5591 0.3018
v 0.9061 -4.3480 0.2351
v 1.1706 -4.2509 -0.2277
v 1.0010 -4.3528 -0.0373
v 1.5675 0.4406 -0.1068
v 1.6201 0.5007 0.0951
v 1.6703 0.0182 -0.1508
v 1.7743 0.0286 0.0609
v 1.7869 -0.1890 -0.0082
v 1.7347 -0.3053 -0.1385
v 1.5939 -0.4572 -0.3424
v 1.0741 1.4821 -0.1772
v 0.3662 1.4031 -0.3707
v 1.3447 1.1637 -0.0662
v 1.4218 0.9042 -0.0745
v 1.5339 0.8351 0.1298
v 1.0964 1.0309 -0.3502
v 1.4230 1.0403 -0.0084
v 1.1947 1.1532 -0.2230
v 1.2858 0.9789 -0.2352
v 1.3609 0.8244 -0.2387
v 1.3734 -7.0040 0.0108
v 1.3636 -6.8722 -0.0309
v 1.5047 -6.7304 -0.1476
v 1.3770 -5.8102 -0.2357
v 1.5583 -5.9490 -0.3126
v 1.2938 -5.9409 -0.0809
v 1.0974 -5.1648 -0.0814
v 1.3577 -5.3568 -0.3435
v 1.2078 -5.2604 -0.2275
v 1.3762 -5.1321 -0.3923
v 1.2281 -5.4178 -0.2068
v 1.3686 -5.5568 -0.3252
v 1.2505 -5.1547 -0.2948
v 1.6224 -0.8343 -0.2199
v 1.8799 -6.5758 -0.1885
v 1.6587 -7.0197 -0.1770
v 1.9961 -7.0018 -0.0682
v 1.9292 -5.9251 -0.1978
v 1.7659 -5.8447 -0.3507
v 1.0624 -4.8323 -0.0750
v 1.1483 -4.7078 -0.2244
v 1.2519 -4.4782 -0.3058
v 1.6457 -4.8482 -0.4035
v 1.4670 -4.9602 -0.4145
v 1.5340 -4.7079 -0.3977
v 1.5627 -4.5054 -0.3645
v 1.7352 -4.5339 -0.3344
v 1.4344 -4.3073 -0.3331
v 1.8985 -6.8598 -0.1629
v 2.0162 -6.6861 -0.0478
v 1.5010 -7.1503 -0.0656
v 1.5568 -7.2736 -0.0956
v 1.7313 -6.0981 -0.2855
v 1.9166 -6.2450 -0.1668
v 1.6614 -6.2976 -0.2566
v 1.4947 -6.5237 -0.1886
v 1.3743 -2.9304 -0.1186
v 0.6482 -3.1759 0.2220
v 0.5430 -2.7623 0.3278
v 1.5366 -3.8158 -0.1263
v 0.8470 -3.9453 0.1537
v 1.3723 -2.1580 -0.1612
v 0.4313 -2.1554 0.2368
v 0.1838 -0.9247 -0.0657
v 0.2938 -0.6900 -0.5347
v 1.7088 -1.2074 -0.0831
v 1.6304 -1.6024 -0.0767
v 0.1390 -1.2805 0.3583
v 0.2981 0.2506 -0.9183
v 0.5308 -0.3039 -0.8863
v 1.7948 -4.1880 -0.1911
v 0.4585 0.7327 -0.7250
v 1.6031 0.3049 -0.1292
v 1.4168 0.4318 -0.3753
v 1.4918 0.5881 -0.1829
v 1.6687 0.3626 0.0993
v 1.6391 0.1573 -0.1450
v 1.4699 -0.0180 -0.4486
v 1.7029 -0.1221 -0.1435
v 1.7131 -0.5010 -0.1814
v 1.6350 -0.6390 -0.2522
v 0.1750 1.4251 -0.3813
v 0.6925 1.3366 -0.3411
v 0.9461 1.3156 -0.2788
v 0.8309 1.1247 -0.4000
v 0.3029 1.1802 -0.4708
v 1.5158 0.9560 0.2038
v 1.3842 -6.7068 -0.0994
v 1.2800 -5.7677 -0.1479
v 1.4363 -5.9258 -0.2506
v 1.5058 -5.8213 -0.3253
v 1.5783 -5.1824 -0.4298
v 1.5477 -5.3425 -0.4202
v 1.3959 -5.6877 -0.3053
v 1.2592 -5.5440 -0.2073
v 1.7342 -0.7765 -0.1106
v 1.2965 -0.9559 -0.3900
v 1.9559 -6.5063 -0.1300
v 1.9222 -6.6977 -0.1588
v 1.6991 -6.6296 -0.2214
v 1.8121 -6.4277 -0.2289
v 1.7795 -7.0616 -0.1925
v 1.7550 -6.9079 -0.2016
v 1.5975 -6.8655 -0.1698
v 1.6270 -6.7390 -0.1961
v 1.8778 -5.7729 -0.3031
v 1.0591 -4.5408 -0.1178
v 1.1073 -4.4099 -0.1850
v 1.2699 -4.9741 -0.3239
v 1.3431 -4.8511 -0.3783
v 1.3929 -4.5757 -0.3709
v 1.4123 -4.4262 -0.3504
v 1.4256 -7.1982 0.0165
v 1.5471 -7.0393 -0.1142
v 1.7023 -5.9692 -0.3302
v 1.5913 -2.9500 0.0246
v 1.3449 -3.2918 -0.0946
v 1.3658 -2.5520 -0.1323
v 0.6133 -3.1560 0.5035
v 0.7273 -3.5737 0.2058
v 0.5168 -2.7284 0.5908
v 1.7540 -3.8404 -0.0466
v 1.7710 -4.0038 -0.1273
v 1.5963 -3.6313 -0.0678
v 1.7341 -3.7265 -0.0081
v 0.8171 -3.9626 0.3836
v 0.7496 -3.7534 0.3398
v 0.8651 -4.1450 0.2007
v 0.7890 -3.8743 0.2960
v 0.8827 -4.2280 0.3260
v 0.8579 -4.0873 0.3707
v 1.6352 -2.1897 -0.0061
v 0.3602 -2.0933 0.5442
v 0.2836 -1.7387 0.2662
v 0.0886 -0.8884 0.0768
v 0.1815 -0.7994 -0.2539
v 0.0918 -0.9335 0.2824
v 0.1279 -0.6591 -0.4575
v 0.2386 -0.4959 -0.6922
v 1.8151 -1.2127 0.0905
v 1.7345 -1.4139 0.0023
v 1.7890 -1.0383 0.0208
v 1.6299 -1.0343 -0.1786
v 1.7178 -0.9198 -0.1245
v 1.5017 -1.2006 -0.2220
v 1.4909 -0.9642 -0.2996
v 1.4382 -0.8368 -0.3809
v 1.3413 -1.1076 -0.3111
v 1.1449 -1.0821 -0.3691
v 1.1436 -1.2915 -0.2965
v 1.3247 -1.2422 -0.2736
v 1.7722 -1.6176 0.0882
v 1.6928 -1.8078 0.0003
v 0.1394 -1.2063 0.5842
v 0.1006 -1.0502 0.4613
v 0.1850 -1.4594 0.5100
v 0.4217 -0.0327 -0.9429
v 1.0961 -0.4694 -0.7490
v 1.1557 -0.7457 -0.5853
v 1.3268 -0.7482 -0.4829
v 1.3216 -0.5343 -0.5761
v 1.9394 -4.2223 -0.0904
v 1.8745 -4.3304 -0.1791
v 1.6008 -4.2218 -0.2862
v 0.2286 0.7403 -0.7099
v 0.3112 0.9491 -0.5858
v 0.3431 0.5128 -0.8352
v 1.3742 0.2145 -0.5045
v 1.1032 0.5525 -0.6385
v 1.5647 0.0715 -0.3062
v 0.7171 1.4840 -0.2912
v 0.9971 1.1655 -0.3219
v 0.9326 0.9809 -0.4581
v 1.1473 0.8026 -0.4628
v 0.5132 1.2393 -0.4165
v 1.5802 -5.5244 -0.4062
v 1.7624 -5.4483 -0.4056
v 1.7185 -5.6431 -0.3887
v 1.4869 -3.1265 -0.0516
v 1.5846 -3.3135 0.0111
v 1.6023 -2.5755 0.0153
v 0.6257 -3.1397 0.6601
v 0.5734 -2.9744 0.3876
v 0.6555 -3.3643 0.5125
v 0.4600 -2.4660 0.4662
v 1.6443 -3.4875 0.0068
v 1.3852 -3.4820 -0.0803
v 1.5340 -3.5290 -0.0595
v 0.7653 -3.7698 0.5164
v 0.6956 -3.5725 0.4762
v 0.7168 -3.6360 0.3237
v 1.0063 -4.0819 -0.0637
v 0.9273 -4.2577 0.0938
v 1.7377 -2.2004 0.1283
v 1.4863 -2.3620 -0.0985
v 0.3833 -2.0579 0.7234
v 0.3047 -1.8756 0.5977
v 0.3287 -0.8046 -0.4154
v 0.3065 -0.8898 -0.2617
v 0.4526 -1.0961 -0.1754
v 0.3158 -0.9988 -0.1517
v 0.5200 -0.9784 -0.3160
v 0.1900 -1.1431 0.0889
v 0.1708 -0.9996 0.0525
v 0.7977 -0.8734 -0.5560
v 0.6804 -1.0794 -0.3265
v 0.2927 -1.0871 -0.0590
v 0.3539 -1.2312 -0.0876
v 0.1113 -1.0556 0.2504
v 0.6251 -0.9045 -0.4573
v 0.8383 -0.9932 -0.4555
v 1.0034 -0.8781 -0.5233
v 1.1080 -0.9619 -0.4428
v 0.7408 -1.3285 -0.2317
v 0.5787 -1.2122 -0.1990
v 0.7825 -1.1897 -0.2821
v 0.9845 -1.2110 -0.3113
v 0.5259 -1.3692 -0.1469
v 0.8062 -1.6683 -0.1975
v 0.5079 -1.5906 -0.0877
v 0.7073 -1.4997 -0.1946
v 0.9730 -1.4472 -0.2564
v 0.0767 -0.7660 -0.1663
v 0.0673 -0.8541 0.4312
v 0.0930 -0.4746 -0.6368
v 0.2406 -0.2803 -0.8235
v 0.5211 -0.5671 -0.7540
v 0.6244 -0.7511 -0.6391
v 0.4506 -0.7319 -0.5709
v 1.5757 -1.4561 -0.1292
v 1.5900 -1.3138 -0.1450
v 1.8276 -1.4169 0.1437
v 1.7836 -1.8119 0.1439
v 1.6919 -2.0002 0.0242
v 0.2063 -1.4005 0.6838
v 0.2409 -1.5114 0.1953
v 0.2426 -1.6591 0.5824
v 0.4385 0.1410 -0.9576
v 0.7827 -0.0452 -0.9164
v 0.1962 -0.0218 -0.8843
v 1.1448 -0.6045 -0.6580
v 0.8736 -0.6374 -0.7254
v 1.3356 -0.2544 -0.6193
v 1.4734 -0.5462 -0.4576
v 1.4699 -0.3660 -0.4972
v 1.4848 -0.1918 -0.4699
v 0.5395 0.8913 -0.6094
v 0.5831 1.0591 -0.4962
v 0.6851 0.5246 -0.8302
v 0.4582 0.3689 -0.9056
v 0.2302 0.3951 -0.8637
v 1.3019 0.0353 -0.6219
v 1.3801 -0.1005 -0.5849
v 1.0710 -0.0627 -0.8057
v 1.2862 0.5573 -0.4821
v 1.2269 0.3747 -0.6097
v 1.1839 -3.0898 -0.1186
v 1.4877 -3.0108 -0.0557
v 1.6217 -3.0848 0.0544
v 1.6857 -3.3400 0.1183
v 1.4680 -3.2381 -0.0536
v 1.7086 -2.5865 0.1358
v 1.5942 -2.7645 0.0222
v 0.6695 -2.9413 0.1200
v 0.6011 -3.1087 0.3697
v 0.5794 -2.9791 0.5974
v 0.5499 -2.8675 0.5237
v 0.6411 -3.2948 0.3427
v 0.7709 -3.3885 0.0733
v 0.6720 -3.4475 0.3360
v 0.6803 -3.3074 0.1864
v 0.4963 -2.6281 0.4635
v 0.4794 -2.5153 0.6563
v 0.4257 -2.2928 0.6334
v 0.4243 -2.2900 0.3814
v 0.7157 -2.4902 -0.0296
v 0.5292 -2.4754 0.1943
v 0.5334 -2.6155 0.2707
v 0.4943 -2.3170 0.1851
v 0.6402 -2.1938 -0.0412
v 0.5266 -2.2208 0.0882
v 0.6479 -2.3412 -0.0128
v 1.0283 -2.3153 -0.1874
v 0.8139 -2.2937 -0.1274
v 0.7957 -2.1483 -0.1371
v 1.0789 -2.1048 -0.2080
v 1.4814 -3.3915 -0.0539
v 1.3352 -3.6597 -0.0984
v 1.0231 -4.2190 -0.0839
v 0.9046 -4.0604 0.0877
v 1.5057 -2.2369 -0.1015
v 1.6614 -2.3464 0.0361
v 1.5886 -2.4517 -0.0124
v 0.3432 -2.0007 0.3839
v 0.2906 -1.8397 0.3965
v 0.4510 -1.9574 0.0901
v 0.4041 -2.0275 0.2126
v 1.2717 -1.7687 -0.2119
v 1.3639 -1.5818 -0.2085
v 0.6169 -1.8065 -0.1029
v 0.9198 -1.3284 -0.2772
v 1.2071 -1.4457 -0.2587
v 1.1031 -1.6147 -0.2407
v 1.0231 -1.7716 -0.2224
v 0.9178 -1.5721 -0.2352
v 1.1761 -1.9376 -0.2193
v 0.8270 -1.8248 -0.1869
v 0.9795 -1.9695 -0.2119
v 1.4566 -1.9313 -0.1375
v 1.2483 -2.0617 -0.2090
v 1.3134 -1.8823 -0.1993
v 0.3975 -0.2036 -0.9007
v 0.3612 -0.4000 -0.8120
v 0.3536 -0.5911 -0.6783
v 0.1707 -1.4208 0.3504
v 0.2071 -1.3660 0.1598
v 0.3549 -1.5214 0.0300
v 0.4018 -1.7103 0.0503
v 0.2937 -1.6432 0.1755
v 0.4876 -1.8457 0.0119
v 0.5997 -1.9833 -0.0652
v 0.2252 -1.6089 0.4109
v 0.5926 -0.1257 -0.9401
v 0.7909 -0.7661 -0.6519
v 0.6893 -0.6176 -0.7447
v 1.2610 -0.4075 -0.6540
v 0.4088 1.0571 -0.5210
v 0.5071 0.5908 -0.8129
v 0.7353 0.7352 -0.6973
v 0.9398 0.7943 -0.5887
v 0.8907 0.5858 -0.7381
v 0.9940 0.3667 -0.7833
v 0.9283 0.1510 -0.8529
v 0.7472 0.1262 -0.9257
v 0.8850 -0.3044 -0.8514
v 0.8370 -0.4893 -0.8116
v 1.6205 -3.2108 0.0626
v 1.4902 -2.8482 -0.0591
v 1.2433 -2.7353 -0.1500
v 1.4831 -2.6629 -0.0726
v 0.5849 -2.8963 0.2705
v 0.8872 -3.1050 -0.0388
v 0.7903 -3.2302 0.0340
v 0.7164 -3.0906 0.0919
v 1.0598 -3.2890 -0.0755
v 0.9076 -3.3400 -0.0211
v 1.1184 -3.4768 -0.0686
v 0.6673 -2.7473 0.0662
v 1.2726 -2.3086 -0.1959
v 1.3495 -2.4249 -0.1520
v 1.1333 -2.2253 -0.1985
v 1.5023 -3.7051 -0.0997
v 1.3142 -3.7963 -0.1227
v 1.2735 -3.9977 -0.1892
v 1.3646 -4.1447 -0.2696
v 1.2364 -3.8868 -0.1415
v 1.0482 -3.9392 -0.0926
v 1.1670 -4.1094 -0.1997
v 1.5338 -4.0277 -0.2233
v 0.8944 -3.8199 0.0371
v 1.5934 -3.9303 -0.1643
v 0.9280 -3.6342 -0.0050
v 0.9625 -3.7431 -0.0264
v 1.5004 -1.7354 -0.1359
v 0.6405 -1.6865 -0.1356
v 1.6026 -1.9030 -0.0511
v 1.5430 -2.0645 -0.0823
v 0.7841 0.3497 -0.8723
v 0.9163 -0.1429 -0.8707
v 1.1108 -0.2646 -0.7739
v 1.2209 -0.1274 -0.7057
v 0.6499 -0.4372 -0.8436
v 1.1186 -2.8770 -0.1334
v 1.2279 -2.9793 -0.1323
v 1.0169 -2.9916 -0.0990
v 1.0559 -2.5445 -0.1648
v 0.9170 -2.4278 -0.1478
v 0.9967 -2.7124 -0.1304
v 0.8737 -2.5848 -0.1103
v 0.8086 -2.7142 -0.0593
v 1.3995 -2.7532 -0.1070
v 0.8058 -2.9794 -0.0025
v 1.0506 -3.1599 -0.0898
v 1.2203 -3.3774 -0.0880
v 1.2669 -3.5494 -0.0825
v 1.1259 -3.6343 -0.0640
v 0.6333 -2.5934 0.0722
v 0.8121 -3.6941 0.0985
v 0.8013 -3.5292 0.0618
v 0.9604 -3.5193 -0.0264
v 1.2154 -2.6092 -0.1624
v 0.2791 1.6047 -0.3092
v 0.4445 1.5259 -0.3183
v 1.6571 -7.1757 -0.1668
v 1.1565 -2.4308 -0.1842
v -0.0845 -0.9662 0.7155
v -0.1527 -1.1439 0.7594
v -0.2018 -1.3296 0.7997
v -0.2572 -1.5134 0.8284
v -0.3141 -1.6947 0.8469
v -0.3627 -1.8753 0.8548
v -0.4088 -2.0610 0.8558
v -0.4521 -2.2504 0.8551
v -0.4927 -2.4403 0.8525
v -0.5314 -2.6270 0.8459
v -0.5678 -2.8092 0.8324
v -0.5990 -2.9918 0.8073
v -0.6357 -3.1753 0.7792
v -0.6783 -3.3581 0.7416
v -0.7244 -3.5371 0.7020
v -0.7767 -3.7075 0.6601
v -0.8363 -3.8655 0.6054
v -0.8923 -4.0261 0.5434
v -0.9270 -4.1976 0.4920
v -0.9490 -4.3724 0.4454
v -0.9621 -4.5460 0.4043
v -0.9763 -4.7157 0.3687
v -0.9822 -4.8952 0.3200
v -0.9842 -5.0767 0.2799
v -1.0095 -5.2573 0.2445
v -1.0431 -5.4400 0.2214
v -1.0891 -5.6203 0.2062
v -1.1372 -5.8006 0.1984
v -1.1905 -5.9794 0.1982
v -1.2405 -6.1590 0.2056
v -1.2844 -6.3402 0.2162
v -1.2496 -6.5219 0.2370
v -1.2722 -6.7063 0.2535
v -1.3753 -6.8612 0.2537
v -1.3700 -7.0422 0.2974
v -1.2780 -7.1901 0.3637
v -1.3009 -7.3674 0.4198
v -1.3467 -7.5406 0.4724
v -1.3888 -7.7133 0.5252
v -1.3891 -7.7332 0.5292
v -1.3885 -7.7392 0.5080
v -1.4120 -7.7583 0.3959
v -1.4453 -7.7745 0.2857
v -1.4976 -7.7952 0.1182
v -1.5652 -7.8125 -0.0439
v -1.7135 -7.8199 -0.1382
v -1.8819 -7.8165 -0.0880
v -1.9763 -7.8031 0.0596
v -2.0266 -7.7856 0.2271
v -2.0690 -7.7655 0.3957
v -2.0754 -7.7643 0.4176
v -2.0737 -7.7448 0.4124
v -2.0882 -7.5640 0.3731
v -2.1143 -7.3836 0.3305
v -2.1223 -7.1997 0.2934
v -2.1247 -7.0156 0.2584
v -2.1186 -6.8304 0.2257
v -2.1004 -6.6456 0.1976
v -2.0871 -6.4594 0.1744
v -2.0741 -6.2721 0.1582
v -2.0658 -6.0835 0.1444
v -2.0836 -5.8949 0.1282
v -2.0967 -5.7060 0.1123
v -2.1127 -5.5171 0.0958
v -2.1266 -5.3270 0.0748
v -2.1375 -5.1352 0.0586
v -2.1369 -4.9413 0.0516
v -2.1181 -4.7455 0.0593
v -2.0929 -4.5491 0.0713
v -2.0497 -4.3529 0.0849
v -1.9988 -4.1632 0.1053
v -1.9425 -3.9788 0.1323
v -1.8752 -3.8003 0.1612
v -1.8134 -3.6205 0.1862
v -1.7580 -3.4403 0.2115
v -1.7247 -3.2544 0.2272
v -1.7275 -3.0648 0.2256
v -1.7268 -2.8751 0.2282
v -1.7341 -2.6848 0.2297
v -1.7509 -2.4939 0.2285
v -1.7698 -2.3020 0.2285
v -1.7901 -2.1093 0.2334
v -1.8129 -1.9161 0.2416
v -1.8328 -1.7214 0.2485
v -1.8473 -1.5234 0.2509
v -1.8535 -1.3233 0.2495
v -1.8597 -1.1244 0.2441
v -1.8696 -0.9276 0.2434
v -1.8676 -0.7255 0.2388
v -1.8683 -0.5200 0.2309
v -1.8531 -0.3121 0.2228
v -1.8149 -0.1038 0.2187
v -1.7567 0.1032 0.2217
v -1.6866 0.3091 0.2327
v -1.6126 0.5139 0.2515
v -1.5572 0.7239 0.2785
v -1.5228 0.9376 0.3119
v -1.4867 1.1506 0.3509
v -1.4195 1.3554 0.3911
v -1.3444 1.5568 0.4347
v -1.2785 1.7566 0.4905
v -0.3640 1.8311 -0.2417
v -0.1807 1.8159 -0.2487
v 0.0034 1.7966 -0.2569
v 0.0084 1.5577 -0.3416
v 0.0116 1.3190 -0.4330
v 0.0149 1.0846 -0.5297
v 0.0180 0.8527 -0.6289
v 0.0201 0.6191 -0.7204
v 0.0218 0.3782 -0.7839
v 0.0167 0.1306 -0.7995
v 0.0071 -0.1127 -0.7565
v -0.0016 -0.3422 -0.6521
v -0.0025 -0.5299 -0.4743
v 0.0025 -0.6699 -0.2442
v 0.0006 -0.7771 0.0216
v 0.0058 -0.8024 0.3302
v -0.0017 -0.8060 0.6532
v -0.0036 -0.8102 0.6519
v -0.1035 -1.0159 0.7098
v -0.1743 -1.2369 0.7625
v -0.2310 -1.4625 0.8059
v -0.3020 -1.6828 0.8287
v -0.3622 -1.9031 0.8381
v -0.4178 -2.1302 0.8387
v -0.4693 -2.3612 0.8372
v -0.5162 -2.5897 0.8309
v -0.5602 -2.8121 0.8147
v -0.6014 -3.0341 0.7833
v -0.6496 -3.2568 0.7415
v -0.7029 -3.4777 0.6949
v -0.7627 -3.6877 0.6461
v -0.8339 -3.8823 0.5794
v -0.8985 -4.0806 0.5060
v -0.9347 -4.2915 0.4462
v -0.9536 -4.5040 0.3937
v -0.9696 -4.7119 0.3496
v -0.9755 -4.8907 0.3007
v -0.9802 -5.0728 0.2594
v -1.0080 -5.2543 0.2236
v -1.0417 -5.4382 0.2005
v -1.0880 -5.6192 0.1856
v -1.1363 -5.8004 0.1777
v -1.1900 -5.9800 0.1774
v -1.2398 -6.1602 0.1850
v -1.2825 -6.3420 0.1957
v -1.2472 -6.5239 0.2166
v -1.2683 -6.7088 0.2333
v -1.3692 -6.8655 0.2344
v -1.3641 -7.0470 0.2780
v -1.2743 -7.1966 0.3444
v -1.2982 -7.3740 0.4004
v -1.3450 -7.5471 0.4528
v -1.3882 -7.7195 0.5047
v -1.4106 -7.7388 0.3925
v -1.4442 -7.7548 0.2828
v -1.4964 -7.7754 0.1158
v -1.5642 -7.7926 -0.0457
v -1.7125 -7.8000 -0.1398
v -1.8810 -7.7967 -0.0907
v -1.9759 -7.7834 0.0561
v -2.0259 -7.7660 0.2230
v -2.0677 -7.7457 0.3912
v -2.0827 -7.5655 0.3531
v -2.1091 -7.3853 0.3104
v -2.1178 -7.2015 0.2733
v -2.1207 -7.0174 0.2381
v -2.1149 -6.8320 0.2050
v -2.0972 -6.6467 0.1767
v -2.0845 -6.4601 0.1534
v -2.0716 -6.2724 0.1370
v -2.0638 -6.0838 0.1230
v -2.0816 -5.8953 0.1067
v -2.0943 -5.7066 0.0902
v -2.1098 -5.5181 0.0741
v -2.1234 -5.3281 0.0531
v -2.1350 -5.1360 0.0369
v -2.1344 -4.9414 0.0301
v -2.1156 -4.7449 0.0384
v -2.0909 -4.5489 0.0508
v -2.0900 -4.5477 0.0503
v -2.0423 -4.3529 0.0654
v -1.9911 -4.1630 0.0861
v -1.9348 -3.9784 0.1127
v -1.8671 -3.8001 0.1418
v -1.8032 -3.6211 0.1679
v -1.7472 -3.4408 0.1931
v -1.7142 -3.2547 0.2086
v -1.7181 -3.0651 0.2064
v -1.7171 -2.8751 0.2090
v -1.7246 -2.6846 0.2109
v -1.7416 -2.4932 0.2097
v -1.7615 -2.3010 0.2095
v -1.7826 -2.1079 0.2142
v -1.8055 -1.9147 0.2223
v -1.8291 -1.7206 0.2281
v -1.8442 -1.5231 0.2304
v -1.8501 -1.3235 0.2293
v -1.8564 -1.1264 0.2240
v -1.8669 -0.9281 0.2234
v -1.8660 -0.7263 0.2189
v -1.8678 -0.5209 0.2112
v -1.8536 -0.3129 0.2030
v -1.8151 -0.1040 0.1991
v -1.7563 0.1037 0.2023
v -1.6860 0.3100 0.2132
v -1.6115 0.5155 0.2322
v -1.5561 0.7262 0.2594
v -1.5206 0.9402 0.2930
v -1.4865 1.1539 0.3321
v -1.4213 1.3596 0.3724
v -1.3458 1.5615 0.4164
v -1.2805 1.7639 0.4716
v -1.2654 1.8681 0.2725
v -1.1474 1.8975 0.0274
v -0.9247 1.8788 -0.1472
v -0.6500 1.8495 -0.2209
v -1.4022 -7.4948 0.1769
v -1.6707 -6.9535 -0.1999
v -1.6276 -6.1948 -0.2657
v -1.5158 -5.4236 -0.4101
v -1.3518 -4.6311 -0.3792
v -1.9605 -7.4038 -0.0589
v -0.6115 1.3310 -0.3595
v -1.2748 1.5547 0.0338
v -1.3078 1.7126 0.3328
v -1.2761 1.7154 0.1420
v -1.3477 1.5505 0.2247
v -1.0340 -0.7601 -0.6115
v -1.0566 0.4442 -0.7040
v -1.3662 -7.3025 0.2333
v -1.3335 -7.4859 0.3123
v -1.4139 -7.6076 0.2819
v -1.4838 -7.6233 0.1427
v -1.6229 -7.3865 -0.1261
v -1.5038 -7.4789 0.0075
v -1.9595 -6.7884 -0.1099
v -1.4390 -6.7702 -0.0034
v -1.9034 -6.0225 -0.1907
v -1.3573 -6.0349 -0.1447
v -1.3630 -6.4124 -0.1084
v -1.9148 -6.4106 -0.1756
v -1.8973 -5.2443 -0.3286
v -1.1726 -5.2868 -0.1968
v -1.2591 -5.6683 -0.1790
v -1.8910 -5.6464 -0.2938
v -1.0336 -4.7323 -0.0649
v -1.7798 -4.8339 -0.3893
v -1.9501 -7.6078 -0.0408
v -2.0684 -7.3298 0.1066
v -0.5512 1.5952 -0.2850
v -1.0650 1.6627 -0.1210
v -1.2813 1.1135 -0.1608
v -1.3972 1.3235 0.1000
v -1.5622 -0.6711 -0.3018
v -1.4612 0.4481 -0.2937
v -1.2713 -7.3077 0.3011
v -1.2835 -7.1545 0.1541
v -1.6375 -7.6007 -0.1283
v -2.0569 -6.9583 0.0178
v -2.0738 -6.7618 0.0338
v -1.2669 -6.7919 0.0743
v -1.9974 -6.1976 -0.0705
v -2.0093 -6.0004 -0.0360
v -1.2596 -6.0527 0.0246
v -1.2576 -6.4210 0.0464
v -2.0014 -5.4365 -0.1811
v -2.0456 -5.2389 -0.1420
v -1.0595 -5.3261 0.0131
v -1.1537 -5.6939 0.0084
v -2.0215 -5.6230 -0.1114
v -0.9535 -4.7776 0.1587
v -1.0161 -4.9507 -0.0032
v -0.9542 -4.5465 0.0793
v -2.0044 -4.8348 -0.1899
v -2.0994 -7.3102 0.2181
v -2.0751 -7.1386 0.0990
v -2.0492 -7.5077 0.1755
v -0.5208 1.7410 -0.2517
v -1.0613 1.8014 -0.0905
v -0.8136 1.6699 -0.2238
v -1.4389 0.8744 -0.0284
v -1.4417 1.2825 0.2551
v -1.4543 1.0920 0.0852
v -1.7602 -0.6458 -0.0506
v -1.6053 -0.2348 -0.3056
v -1.5939 -1.0645 -0.1862
v -1.5924 0.4347 -0.0274
v -1.4979 -7.1991 0.0099
v -2.1047 -6.9387 0.1343
v -2.0126 -6.5788 -0.0745
v -2.0284 -6.8511 -0.0338
v -2.0533 -6.1850 0.0434
v -2.0420 -6.3835 -0.0225
v -1.2614 -5.8653 -0.0894
v -1.2660 -6.6070 0.0611
v -1.2978 -6.2311 -0.0578
v -2.0941 -5.4308 -0.0418
v -1.1555 -5.4945 -0.0970
v -1.9567 -5.5528 -0.2250
v -1.7871 -5.4661 -0.4001
v -1.9581 -5.8189 -0.1703
v -0.9684 -4.9681 0.1699
v -1.0273 -5.1368 0.0170
v -1.8717 -4.5957 -0.2575
v -1.9385 -5.0325 -0.2916
v -2.0039 -7.6484 0.1290
v -2.0394 -7.6396 0.2537
v -0.9527 1.3877 -0.2561
v -1.5152 0.8542 0.1479
v -1.3567 1.2037 -0.0225
v -1.1787 1.3189 -0.1619
v -1.8417 -0.6338 0.1038
v -1.7888 -0.4344 -0.0275
v -1.7801 -0.8498 0.0083
v -1.6852 -0.0004 -0.1196
v -1.4114 -7.2042 0.1284
v -1.4667 -7.3434 0.0794
v -2.0221 -6.6991 -0.0580
v -2.0789 -6.5658 0.0554
v -1.1847 -5.8231 0.0340
v -1.3299 -6.6966 -0.0076
v -1.3417 -6.5554 -0.0606
v -1.6347 -6.5451 -0.2147
v -1.4919 -6.5078 -0.1354
v -1.2603 -6.1857 0.0578
v -1.0800 -5.4539 0.0379
v -2.0333 -5.8633 -0.0424
v -1.1966 -5.0391 -0.2656
v -1.8905 -4.7349 -0.2693
v -1.6444 -4.6807 -0.3841
v -2.0309 -4.6393 -0.1013
v -2.0549 -5.0987 -0.1467
v -0.9453 1.5520 -0.2144
v -1.1275 1.4968 -0.1356
v -1.7772 0.0058 0.0569
v -1.5517 -7.3172 -0.0317
v -1.6553 -7.1734 -0.1721
v -1.2178 -5.9425 0.0459
v -1.4557 -6.6353 -0.0633
v -1.5810 -6.7616 -0.1703
v -1.5922 -6.3713 -0.2207
v -1.2926 -6.3073 0.0727
v -1.1126 -5.5758 0.0353
v -2.0435 -5.7375 -0.0496
v -1.0863 -5.0414 -0.1134
v -1.3930 -4.8603 -0.4121
v -2.0550 -4.9635 -0.1495
v -1.7585 -6.4181 -0.2613
v -1.4600 -6.2573 -0.1929
v -1.4510 -4.7350 -0.4023
v -1.8352 -6.6321 -0.2252
v -1.8385 -6.2206 -0.2388
v -1.5009 -6.0759 -0.2435
v -1.3703 -6.2938 -0.1157
v -1.7524 -6.5446 -0.2533
v -1.7134 -5.9794 -0.3129
v -1.6214 -6.0695 -0.2835
v -0.9545 -3.3458 -0.0411
v -0.7484 -1.8093 -0.1726
v -0.8089 -2.5913 -0.0849
v -1.1989 -3.9607 -0.1598
v -0.2903 1.4087 -0.3746
v -0.4886 0.9382 -0.5792
v -0.6626 -0.3064 -0.8867
v -0.4207 -0.8645 -0.4022
v -0.5020 0.4904 -0.8650
v -1.8076 -7.6444 -0.1430
v -1.8754 -7.5118 -0.1202
v -1.8115 -7.3237 -0.1755
v -1.5793 -7.5007 -0.0889
v -1.5309 -7.6418 -0.0106
v -1.2742 -6.9704 0.1244
v -1.3944 -7.0448 0.0088
v -1.3626 -6.8727 0.0654
v -0.9095 -4.3739 0.1956
v -1.1572 -4.2863 -0.2329
v -1.0071 -4.3854 -0.0488
v -1.0849 -4.5436 -0.1677
v -0.9597 -4.1189 0.0108
v -1.1535 -4.6672 -0.2505
v -0.9479 -4.2626 0.0482
v -0.8642 -4.1456 0.2523
v -0.8117 -3.8483 0.1824
v -0.8919 -4.2644 0.2911
v -0.8630 -4.0045 0.1495
v -0.9826 -3.9547 -0.0374
v -0.8053 -3.9310 0.3563
v -1.0993 -3.6611 -0.0536
v -0.7451 -3.7483 0.3973
v -0.8506 -4.0430 0.3726
v -1.0937 -3.8124 -0.0840
v -0.7548 -3.5547 0.1239
v -1.5578 -3.8179 -0.1170
v -0.9145 -3.8132 0.0202
v -0.7932 -3.7072 0.1211
v -0.9292 -3.6804 0.0002
v -1.3388 -3.8493 -0.1415
v -1.6635 -4.0987 -0.2240
v -1.3386 -3.7043 -0.0989
v -1.5483 -3.9526 -0.1798
v -1.5954 -3.6266 -0.0527
v -1.2235 -3.4958 -0.0609
v -1.4111 -4.0404 -0.2382
v -1.8176 -4.0217 -0.0867
v -1.5126 -3.7035 -0.0883
v -1.7347 -3.7928 -0.0276
v -1.4039 -3.5767 -0.0774
v -1.5187 -3.3921 -0.0160
v -1.3788 -3.4493 -0.0626
v -1.2203 -3.6058 -0.0673
v -1.1961 -4.1163 -0.2167
v -1.4793 -4.2411 -0.3195
v -1.7355 -3.8991 -0.0765
v -1.0562 -4.0607 -0.1126
v -1.0558 -4.1959 -0.1241
v -1.3624 -4.1473 -0.2732
v -1.5869 -4.4619 -0.3508
v -0.9308 -4.5905 0.2581
v -2.0002 -7.2394 -0.0206
v -1.9160 -7.2923 -0.1047
v -2.0205 -7.4475 0.0559
v -1.3834 1.0205 -0.0577
v -1.7342 -1.2133 -0.0120
v -1.7862 -1.0460 0.0495
v -1.7146 -0.9701 -0.0899
v -1.6476 -0.8157 -0.1850
v -1.7079 -1.0999 -0.0773
v -1.4776 0.6509 -0.1330
v -1.5633 0.6418 0.0707
v -1.9775 -6.3165 -0.1148
v -1.9947 -6.4621 -0.1009
v -1.3022 -5.4853 -0.2851
v -1.3505 -5.3058 -0.3554
v -1.2179 -5.4059 -0.2137
v -1.6128 -5.2164 -0.4411
v -1.2764 -5.1694 -0.3315
v -1.9075 -5.3822 -0.3156
v -1.8732 -4.3772 -0.1840
v -1.2806 1.3991 -0.0282
v -1.6839 -0.5315 -0.2046
v -1.6989 -0.3662 -0.2006
v -1.4727 -0.4586 -0.4662
v -1.7780 -0.2179 -0.0284
v -1.5927 0.2322 -0.1779
v -1.6930 0.2188 0.0273
v -0.7406 1.4807 -0.2863
v -1.5500 -7.0526 -0.0954
v -1.5464 -6.9069 -0.1342
v -1.5633 -6.6367 -0.1406
v -1.7449 -6.7899 -0.2271
v -1.8632 -6.9377 -0.1896
v -1.8477 -7.1319 -0.1823
v -1.8674 -6.7570 -0.1962
v -1.6763 -6.6734 -0.2298
v -1.9204 -6.1502 -0.1676
v -1.7249 -6.2864 -0.2696
v -1.4690 -5.8245 -0.3008
v -1.4431 -5.9555 -0.2458
v -1.5780 -5.9183 -0.3220
v -1.7444 -5.7891 -0.3521
v -1.4669 -5.6311 -0.3544
v -1.8587 -5.8920 -0.2910
v -1.7095 -5.6316 -0.3838
v -1.5903 -5.7343 -0.3622
v -1.7966 -6.0843 -0.2696
v -0.6018 -2.9735 0.2147
v -0.2889 -1.7491 0.2289
v -1.2775 -2.1475 -0.1913
v -0.4865 -2.5578 0.3268
v -1.2636 -2.9157 -0.1227
v -1.2403 -3.1839 -0.0922
v -1.3479 -3.3115 -0.0700
v -1.5359 -3.2155 0.0117
v -1.1363 -3.3022 -0.0780
v -0.1070 1.4274 -0.3828
v -0.2350 1.1811 -0.4740
v -0.4729 1.4515 -0.3381
v -0.2167 0.9534 -0.5840
v -0.3520 0.7214 -0.7234
v -0.3527 1.0512 -0.5267
v -0.5908 1.1199 -0.4581
v -0.3531 0.8573 -0.6355
v -0.4281 1.2497 -0.4225
v -0.9803 0.8492 -0.5243
v -0.8373 1.1871 -0.3598
v -0.7438 0.9479 -0.5327
v -1.0714 1.1549 -0.2855
v -0.7473 0.6951 -0.7213
v -0.9246 1.0168 -0.4238
v -1.1826 0.9340 -0.3396
v -0.6404 0.8302 -0.6436
v -0.2889 -0.2823 -0.8459
v -0.2488 -0.6809 -0.5251
v -0.1634 -0.9219 -0.0618
v -0.2151 0.4973 -0.8288
v -1.7334 -7.4800 -0.1685
v -1.6924 -7.2913 -0.1791
v -1.1679 -4.8554 -0.2588
v -0.6469 -3.3775 0.4028
v -1.8902 -4.2010 -0.1091
v -1.7564 -4.2377 -0.2306
v -1.6817 -4.3432 -0.2974
v -1.7510 -3.6835 0.0509
v -1.6752 -3.5022 0.0620
v -1.3260 -4.3842 -0.3339
v -1.1446 -4.4234 -0.2383
v -1.8191 -1.2227 0.1293
v -1.2404 -1.4893 -0.2429
v -1.7292 -1.4130 0.0188
v -1.6773 -5.3458 -0.4271
v -1.7820 -5.1115 -0.4152
v -1.5196 -5.0333 -0.4407
v -1.7080 -4.9719 -0.4248
v -1.3419 -5.0019 -0.3892
v -1.4444 -5.1649 -0.4255
v -2.0099 -4.4208 -0.0420
v -1.6837 -0.1462 -0.1718
v -1.3461 0.1748 -0.5278
v -1.4429 -6.9132 -0.0366
v -1.9575 -7.0383 -0.0920
v -1.9359 -7.1643 -0.0985
v -2.0151 -7.1144 -0.0093
v -1.7708 -7.0307 -0.1920
v -1.3390 -5.7901 -0.2111
v -1.5858 -5.5480 -0.3997
v -0.5599 -2.9500 0.5167
v -0.2219 -1.6666 0.5366
v -0.1652 -1.3290 0.1976
v -1.5889 -2.1812 -0.0323
v -0.4543 -2.5162 0.5969
v -0.3810 -2.1450 0.3234
v -1.5435 -2.9398 0.0016
v -1.3481 -2.5444 -0.1363
v -1.6261 -3.3462 0.0801
v -1.6299 -3.1407 0.1012
v -0.1391 0.7302 -0.6958
v -0.5445 0.6630 -0.7733
v -1.2514 0.6601 -0.4539
v -1.3473 0.8111 -0.2422
v -1.3065 0.9585 -0.2074
v -0.1093 -0.2511 -0.7761
v -0.1830 -0.4883 -0.6787
v -0.2096 -0.0261 -0.8991
v -0.0879 -0.6510 -0.4480
v -0.1496 -0.7940 -0.2492
v -0.0702 -0.8821 0.0751
v -0.0754 -0.9254 0.2850
v -0.3628 0.5803 -0.8049
v -1.0665 -4.8469 -0.1072
v -0.6552 -3.3755 0.5859
v -0.6883 -3.5584 0.4567
v -0.7167 -3.6225 0.2743
v -1.4827 -1.3095 -0.2003
v -1.5025 -1.7811 -0.1216
v -1.4560 0.2722 -0.3682
v -1.2864 0.4324 -0.5174
v -1.5168 0.0444 -0.3541
v -1.1481 0.5589 -0.5837
v -0.9486 0.6149 -0.6937
v -0.7900 0.4452 -0.8363
v -1.1994 0.2990 -0.6327
v -1.0691 -0.0758 -0.7942
v -1.1799 0.0932 -0.6903
v -0.5870 0.1265 -0.9540
v -0.9519 0.2217 -0.8187
v -1.3624 -0.1719 -0.5890
v -0.6265 0.3250 -0.9101
v -0.3402 0.2732 -0.9188
v -1.3901 -0.0022 -0.5197
v -1.2308 -0.0704 -0.6783
v -0.1567 0.3338 -0.8567
v -0.3776 0.0837 -0.9472
v -0.5354 -0.1103 -0.9415
v -0.8119 -0.0951 -0.9029
v -0.4755 -0.2768 -0.8915
v -0.9323 0.0462 -0.8548
v -0.5671 -2.9347 0.6868
v -0.6003 -3.1625 0.5355
v -0.2434 -1.6084 0.7116
v -0.2879 -1.8689 0.5984
v -0.1650 -1.4372 0.5487
v -1.7119 -2.1951 0.1065
v -1.6601 -1.9946 0.0032
v -1.6111 -2.3795 0.0091
v -0.5085 -2.7398 0.4534
v -0.5234 -2.7914 0.6275
v -0.4138 -2.3288 0.4616
v -1.6623 -2.9589 0.1188
v -1.5775 -2.7569 0.0246
v -1.1509 0.8033 -0.4502
v -1.3877 0.6089 -0.3088
v -0.0446 -0.4656 -0.6200
v -0.4767 -0.5548 -0.7545
v -0.0689 -0.0006 -0.8190
v -0.0530 -0.7587 -0.1607
v -0.2585 -0.8662 -0.2627
v -0.3077 -0.7885 -0.4352
v -0.5364 -0.7379 -0.6200
v -0.0450 -0.8465 0.4313
v -0.0751 -0.9969 0.4957
v -0.1181 -1.2255 0.4950
v -0.1216 -1.1175 0.2075
v -1.6438 -1.3181 -0.1013
v -1.7066 -1.8036 0.0413
v -1.7125 -1.6083 0.0179
v -1.5984 -1.8795 -0.0488
v -1.3478 -1.9506 -0.1727
v -1.6286 -1.7051 -0.0562
v -1.5038 -1.5351 -0.1511
v -0.1551 0.1545 -0.8774
v -0.3484 -0.1393 -0.9171
v -0.6343 -3.2007 0.2368
v -0.2749 -1.8365 0.3951
v -0.3220 -1.9892 0.4211
v -0.4268 -1.9920 0.1124
v -0.3375 -1.8850 0.2257
v -0.2030 -1.5890 0.3658
v -0.3157 -1.5589 0.0700
v -0.1575 -1.4277 0.3476
v -1.7521 -2.0051 0.1408
v -1.7112 -2.3888 0.1351
v -1.4270 -2.2944 -0.1268
v -1.0909 -2.3534 -0.1887
v -1.4627 -2.4375 -0.0944
v -1.2920 -2.3839 -0.1766
v -1.5525 -2.5908 -0.0141
v -0.5405 -2.8856 0.3727
v -0.5879 -2.7595 0.1742
v -0.4776 -2.6101 0.4594
v -0.4925 -2.6430 0.6590
v -0.4447 -2.4623 0.4621
v -0.5151 -2.3738 0.1526
v -0.4159 -2.2829 0.6754
v -0.3559 -2.1172 0.5753
v -1.4110 -2.8155 -0.0839
v -1.4227 -2.6762 -0.0897
v -1.1102 -2.6824 -0.1413
v -1.2371 -2.7865 -0.1364
v -0.3487 -0.4438 -0.7832
v -0.3048 -0.5823 -0.6695
v -0.7238 -0.8959 -0.5205
v -0.8379 -0.5711 -0.7642
v -0.1018 -1.1346 0.3837
v -0.1640 -1.0079 0.0429
v -0.3499 -0.9773 -0.2047
v -0.5462 -0.9563 -0.3638
v -0.5345 -1.2670 -0.1768
v -0.4826 -1.0946 -0.2110
v -0.3028 -1.0767 -0.0866
v -0.9236 -1.1101 -0.3611
v -0.7422 -1.0268 -0.3974
v -0.6840 -1.1536 -0.2793
v -1.0022 -0.9330 -0.4710
v -0.8911 -1.3706 -0.2677
v -1.3515 -0.9102 -0.3775
v -0.7332 -1.2811 -0.2419
v -1.5007 -0.8171 -0.3152
v -1.3178 -0.7044 -0.4929
v -1.4965 -0.9638 -0.2794
v -1.2535 -1.1522 -0.3116
v -1.4361 -1.1046 -0.2826
v -1.4488 -2.0817 -0.1271
v -1.1565 -1.7311 -0.2277
v -1.0152 -1.9761 -0.2131
v -1.6519 -1.5042 -0.0691
v -1.4030 -1.4301 -0.2170
v -1.2270 -1.3211 -0.2752
v -1.5525 -1.4135 -0.1397
v -1.0373 -1.2330 -0.3084
v -1.0763 -1.4127 -0.2656
v -0.8946 -1.5890 -0.2318
v -0.6184 -1.4785 -0.1698
v -0.8713 -1.2169 -0.3058
v -0.5815 -3.0859 0.3860
v -0.6174 -3.2460 0.3834
v -1.6819 -2.5784 0.1096
v -0.8787 -2.9339 -0.0527
v -1.0418 -2.8502 -0.1111
v -0.9268 -3.1422 -0.0471
v -0.9284 -2.7207 -0.1048
v -0.7227 -2.7257 0.0033
v -1.0822 -3.1863 -0.0799
v -1.1264 -3.0296 -0.1041
v -0.6104 -2.5532 0.0718
v -0.7055 -2.8680 0.0465
v -0.8472 -2.8130 -0.0591
v -0.5145 -2.4908 0.2036
v -0.4301 -2.2899 0.3001
v -0.3352 -1.9759 0.6703
v -0.5768 -0.8392 -0.5205
v -0.6400 -0.6255 -0.7379
v -0.7740 -0.7542 -0.6629
v -0.2509 -1.2330 0.0075
v -0.3080 -1.3987 0.0105
v -0.3881 -1.1934 -0.1229
v -0.4382 -1.5158 -0.0713
v -0.4974 -1.7191 -0.0588
v -0.4374 -1.8420 0.0461
v -0.6504 -2.0058 -0.1026
v -0.9058 -0.8627 -0.5512
v -1.1682 -0.8279 -0.5087
v -1.4584 -0.6048 -0.4309
v -1.1922 -0.5114 -0.6573
v -1.1689 -0.2970 -0.7171
v -1.3324 -0.3724 -0.5979
v -1.4732 -0.2878 -0.4664
v -0.9248 -0.2973 -0.8359
v -0.7810 -0.4279 -0.8448
v -1.1395 -1.0334 -0.3920
v -1.3235 -1.8128 -0.1946
v -1.3560 -1.6535 -0.1947
v -1.1416 -1.8719 -0.2213
v -0.9541 -1.7811 -0.2211
v -1.1999 -2.0232 -0.2173
v -1.1011 -1.5918 -0.2434
v -0.7969 -1.4765 -0.2242
v -0.6801 -1.6443 -0.1717
v -0.7751 -3.2288 0.0427
v -0.7147 -3.3765 0.1318
v -0.7393 -3.0642 0.0508
v -0.6843 -3.4582 0.2462
v -0.8747 -3.4732 0.0058
v -0.6475 -3.0985 0.1659
v -1.0428 -3.4683 -0.0451
v -0.9739 -3.0379 -0.0681
v -0.5582 -2.6278 0.1813
v -0.3584 -1.7023 0.0765
v -0.8149 -1.9507 -0.1724
v -0.8797 -2.1729 -0.1755
v -1.0667 -2.1246 -0.2062
v -0.5912 -1.8615 -0.0882
v -0.5807 -2.2073 -0.0077
v -0.4699 -2.2220 0.1501
v -1.1850 -0.6537 -0.5974
v -1.0232 -0.4525 -0.7690
v -1.0127 -0.6170 -0.6950
v -0.5440 -2.0728 -0.0067
v -0.6986 -2.3990 -0.0480
v -0.6991 -2.1416 -0.1043
v -0.7828 -2.2862 -0.1227
v -0.5779 -2.3207 0.0365
v -0.9136 -2.4555 -0.1483
v -0.9772 -2.5844 -0.1460
v -0.2965 1.6181 -0.3019
v -0.1141 1.6649 -0.2979
v -1.4048 -3.0707 -0.0733
v -1.4125 -2.9618 -0.0768
v -1.5435 -3.0552 0.0030
v -1.1413 -2.5038 -0.1709
v -1.8675 -1.1515 0.5604
v -1.8516 -0.9550 0.5706
v -1.8433 -0.7562 0.5741
v -1.8225 -0.5563 0.5711
v -1.7949 -0.3561 0.5654
v -1.7563 -0.1562 0.5597
v -1.7024 0.0440 0.5572
v -1.6459 0.2435 0.5600
v -1.5834 0.4417 0.5684
v -1.5290 0.6405 0.5865
v -1.4864 0.8405 0.6140
v -1.4429 1.0389 0.6457
v -1.3746 1.2289 0.6689
v -1.3108 1.4172 0.6935
v -1.2481 1.6034 0.7152
v -1.1960 1.7815 0.7525
v -2.0813 -7.7599 0.4382
v -2.0861 -7.7332 0.5394
v -2.0744 -7.7090 0.6398
v -2.0661 -7.7031 0.6605
v -2.0658 -7.6932 0.6574
v -2.0654 -7.6827 0.6548
v -2.1107 -7.5000 0.6156
v -2.0588 -7.3269 0.5451
v -2.1121 -7.1408 0.5382
v -2.1047 -6.9519 0.4988
v -2.0797 -6.8084 0.4119
v -2.0467 -6.6158 0.3981
v -2.0198 -6.4227 0.4034
v -2.0194 -6.2304 0.4123
v -2.0313 -6.0381 0.4185
v -2.0444 -5.8457 0.4230
v -2.0574 -5.6520 0.4283
v -2.0712 -5.4579 0.4301
v -2.0760 -5.2626 0.4241
v -2.0816 -5.0673 0.4192
v -2.0646 -4.8725 0.4152
v -2.0471 -4.6774 0.4205
v -2.0184 -4.4834 0.4239
v -1.9877 -4.2907 0.4311
v -1.9427 -4.1016 0.4401
v -1.9007 -3.9125 0.4570
v -1.8693 -3.7222 0.4800
v -1.8452 -3.5326 0.5049
v -1.8174 -3.3432 0.5271
v -1.7936 -3.1520 0.5409
v -1.7767 -2.9589 0.5490
v -1.7700 -2.7636 0.5571
v -1.7693 -2.5670 0.5627
v -1.7773 -2.3697 0.5674
v -1.7908 -2.1713 0.5736
v -1.8103 -1.9715 0.5820
v -1.8319 -1.7702 0.5887
v -1.8452 -1.5666 0.5890
v -1.8583 -1.3597 0.5814
v -1.8713 -1.1498 0.5400
v -1.8572 -0.9555 0.5508
v -1.8499 -0.7583 0.5548
v -1.8308 -0.5595 0.5525
v -1.8041 -0.3599 0.5472
v -1.7662 -0.1604 0.5416
v -1.7119 0.0395 0.5389
v -1.6554 0.2387 0.5415
v -1.5919 0.4364 0.5493
v -1.5369 0.6347 0.5670
v -1.4944 0.8344 0.5941
v -1.4541 1.0326 0.6266
v -1.3860 1.2217 0.6492
v -1.3224 1.4085 0.6733
v -1.2609 1.5938 0.6948
v -1.2073 1.7731 0.7273
v -1.2507 1.7683 0.6045
v -1.2720 1.7611 0.5135
v -1.2750 1.7576 0.5047
v -1.2690 1.7691 0.5167
v -1.3384 1.5623 0.4561
v -1.4137 1.3615 0.4124
v -1.4827 1.1572 0.3721
v -1.5230 0.9450 0.3331
v -1.5554 0.7312 0.2994
v -1.6099 0.5213 0.2723
v -1.6838 0.3168 0.2533
v -1.7544 0.1112 0.2418
v -1.8126 -0.0955 0.2387
v -1.8523 -0.3036 0.2428
v -1.8679 -0.5118 0.2508
v -1.8692 -0.7177 0.2589
v -1.8719 -0.9206 0.2637
v -1.8629 -1.1205 0.2635
v -1.8627 -1.1280 0.2646
v -1.8565 -1.3291 0.2697
v -1.8498 -1.5292 0.2712
v -1.8355 -1.7274 0.2688
v -1.8169 -1.9222 0.2614
v -1.7950 -2.1150 0.2531
v -1.7774 -2.3071 0.2475
v -1.7594 -2.4983 0.2473
v -1.7430 -2.6886 0.2489
v -1.7364 -2.8782 0.2475
v -1.7367 -3.0675 0.2449
v -1.7353 -3.2567 0.2458
v -1.7694 -3.4419 0.2295
v -1.8235 -3.6220 0.2047
v -1.8830 -3.8021 0.1806
v -1.9502 -3.9804 0.1516
v -2.0061 -4.1643 0.1246
v -2.0563 -4.3534 0.1045
v -2.0940 -4.5503 0.0921
v -2.1194 -4.7460 0.0802
v -2.1386 -4.9410 0.0731
v -2.1398 -5.1340 0.0803
v -2.1295 -5.3254 0.0964
v -2.1157 -5.5154 0.1178
v -2.0998 -5.7045 0.1343
v -2.0859 -5.8935 0.1496
v -2.0679 -6.0821 0.1656
v -2.0763 -6.2705 0.1792
v -2.0896 -6.4574 0.1952
v -2.1034 -6.6429 0.2183
v -2.1219 -6.8273 0.2461
v -2.1287 -7.0121 0.2783
v -2.1270 -7.1961 0.3131
v -2.1198 -7.3799 0.3500
v -2.0939 -7.5603 0.3926
v -2.0793 -7.7406 0.4327
v -2.0851 -7.7138 0.5345
v -2.0732 -7.6886 0.6351
v -2.0738 -7.6988 0.6374
v -2.1181 -7.5058 0.5973
v -2.0690 -7.3309 0.5277
v -2.1215 -7.1442 0.5200
v -2.1111 -6.9545 0.4819
v -2.0912 -6.8085 0.3963
v -2.0587 -6.6159 0.3816
v -2.0334 -6.4228 0.3857
v -2.0289 -6.2306 0.3935
v -2.0398 -6.0385 0.3991
v -2.0533 -5.8461 0.4031
v -2.0658 -5.6526 0.4085
v -2.0794 -5.4588 0.4103
v -2.0850 -5.2634 0.4039
v -2.0905 -5.0674 0.3997
v -2.0731 -4.8718 0.3959
v -2.0553 -4.6761 0.4012
v -2.0259 -4.4816 0.4051
v -1.9947 -4.2884 0.4126
v -1.9494 -4.0987 0.4211
v -1.9070 -3.9090 0.4372
v -1.8735 -3.7187 0.4601
v -1.8481 -3.5293 0.4851
v -1.8204 -3.3404 0.5067
v -1.7982 -3.1500 0.5205
v -1.7810 -2.9575 0.5284
v -1.7738 -2.7627 0.5367
v -1.7728 -2.5663 0.5424
v -1.7809 -2.3691 0.5470
v -1.7950 -2.1706 0.5535
v -1.8148 -1.9709 0.5620
v -1.8369 -1.7701 0.5688
v -1.8501 -1.5670 0.5692
v -1.8628 -1.3611 0.5618
v -1.8711 -1.1540 0.5405
v -2.1382 -7.4523 0.4680
v -2.1456 -7.0896 0.3929
v -2.1572 -6.9067 0.3576
v -2.1463 -7.2718 0.4278
v -2.1402 -6.7282 0.3286
v -2.1204 -6.5449 0.3028
v -2.0684 -6.1760 0.2701
v -2.0941 -6.3604 0.2844
v -2.0734 -5.9919 0.2619
v -2.1087 -5.6238 0.2475
v -2.1447 -5.2469 0.2215
v -2.1383 -4.8667 0.2084
v -2.1055 -4.6650 0.2178
v -2.1550 -5.0559 0.2092
v -2.0920 -5.8085 0.2508
v -2.1248 -5.4371 0.2349
v -1.8833 -0.8284 0.4202
v -1.8848 -1.0227 0.4220
v -1.8604 -0.4310 0.4051
v -1.8760 -0.6304 0.4173
v -1.7916 -0.0180 0.3984
v -1.8408 -0.2274 0.3951
v -1.7321 0.1827 0.3998
v -1.4989 1.0124 0.4680
v -1.5823 0.5720 0.4273
v -1.6500 0.3761 0.4077
v -1.5315 0.7736 0.4567
v -1.4497 1.1750 0.5297
v -1.3719 1.4194 0.5317
v -1.2974 1.6120 0.5657
v -1.7878 -3.1702 0.3556
v -1.8378 -3.5426 0.3225
v -1.8867 -3.7246 0.3010
v -1.8084 -3.3561 0.3432
v -2.1113 -7.5976 0.5104
v -1.9887 -4.0896 0.2549
v -2.0736 -4.4692 0.2240
v -2.0323 -4.2781 0.2393
v -1.9386 -3.9081 0.2816
v -1.8380 -1.8285 0.3977
v -1.7748 -2.6010 0.3736
v -1.7977 -2.2139 0.3806
v -1.8155 -2.0218 0.3884
v -1.7699 -2.7963 0.3687
v -1.7826 -2.4081 0.3747
v -1.8697 -1.4305 0.3988
v -1.8552 -1.6328 0.4020
v -1.8787 -1.2293 0.3945
v -1.7772 -2.9830 0.3615
v -2.0566 -7.6948 0.6813
v -1.9762 -7.6324 0.8270
v -1.8628 -7.5715 0.9516
v -1.7009 -7.5369 1.0204
v -1.5230 -7.5408 1.0055
v -1.4083 -7.5937 0.8793
v -1.3743 -7.6607 0.7166
v -1.3901 -7.7236 0.5500
v 0.0452 -0.6194 0.9345
v 0.0252 -0.3314 1.0739
v 0.0113 -0.0493 1.2066
v -0.0001 0.2468 1.2772
v -0.0057 0.5290 1.3447
v -0.0052 0.7978 1.4115
v -0.0026 1.0755 1.4579
v 0.0004 1.3613 1.4517
v 0.0012 1.6304 1.4356
v -2.0563 -7.6754 0.6736
v -1.9765 -7.6142 0.8187
v -1.8634 -7.5537 0.9427
v -1.7019 -7.5188 1.0120
v -1.5242 -7.5223 0.9981
v -1.4090 -7.5749 0.8727
v -1.3740 -7.6416 0.7109
v -1.3900 -7.7040 0.5450
v -1.3486 -7.5322 0.4914
v -1.3037 -7.3591 0.4386
v -1.2822 -7.1821 0.3823
v -1.3764 -7.0360 0.3163
v -1.3808 -6.8555 0.2730
v -1.2755 -6.7025 0.2738
v -1.2516 -6.5186 0.2574
v -1.2864 -6.3373 0.2366
v -1.2411 -6.1568 0.2262
v -1.1912 -5.9779 0.2189
v -1.1382 -5.8000 0.2191
v -1.0907 -5.6205 0.2270
v -1.0448 -5.4411 0.2423
v -1.0116 -5.2597 0.2655
v -0.9897 -5.0801 0.3002
v -0.9893 -4.8995 0.3394
v -0.9841 -4.7178 0.3887
v -0.9688 -4.5510 0.4248
v -0.9561 -4.3772 0.4656
v -0.9374 -4.2009 0.5108
v -0.9026 -4.0288 0.5624
v -0.8467 -3.8683 0.6257
v -0.7874 -3.7108 0.6803
v -0.7341 -3.5397 0.7213
v -0.6852 -3.3612 0.7618
v -0.6422 -3.1774 0.7995
v -0.6074 -2.9929 0.8269
v -0.5771 -2.8097 0.8516
v -0.5402 -2.6270 0.8649
v -0.5009 -2.4399 0.8716
v -0.4601 -2.2488 0.8740
v -0.4169 -2.0585 0.8747
v -0.3710 -1.8722 0.8739
v -0.3234 -1.6910 0.8656
v -0.2666 -1.5088 0.8468
v -0.2082 -1.3242 0.8190
v -0.1596 -1.1366 0.7777
v -0.0938 -0.9565 0.7313
v -0.0034 -0.7992 0.6758
v 0.0387 -0.6210 0.9370
v 0.0185 -0.3320 1.0744
v 0.0033 -0.0496 1.2065
v -0.0091 0.2464 1.2771
v -0.0225 0.5289 1.3448
v -0.0222 0.7980 1.4126
v -0.0135 1.0755 1.4580
v -0.0115 1.3611 1.4519
v -0.0212 1.6308 1.4356
v -0.2620 1.6586 1.4341
v -0.4937 1.6788 1.3801
v -0.7125 1.7025 1.2845
v -0.9174 1.7343 1.1620
v -1.0859 1.7646 0.9901
v -1.1864 1.7850 0.7767
v -1.1928 1.7848 0.7602
v -1.1839 1.7903 0.7847
v -1.2418 1.5945 0.7328
v -1.3091 1.3943 0.7092
v -1.3786 1.1915 0.6825
v -1.4489 0.9863 0.6560
v -1.4923 0.7728 0.6220
v -1.5422 0.5593 0.5959
v -1.6041 0.3473 0.5810
v -1.6673 0.1352 0.5758
v -1.7255 -0.0788 0.5759
v -1.7755 -0.2922 0.5817
v -1.8072 -0.5063 0.5880
v -1.8332 -0.7207 0.5928
v -1.8442 -0.9347 0.5905
v -1.8631 -1.1477 0.5806
v -1.8632 -1.1550 0.5797
v -1.8532 -1.3647 0.6013
v -1.8397 -1.5723 0.6088
v -1.8263 -1.7763 0.6085
v -1.8051 -1.9777 0.6017
v -1.7861 -2.1773 0.5934
v -1.7733 -2.3755 0.5876
v -1.7653 -2.5727 0.5829
v -1.7660 -2.7693 0.5773
v -1.7722 -2.9648 0.5692
v -1.7891 -3.1584 0.5610
v -1.8131 -3.3503 0.5471
v -1.8409 -3.5402 0.5252
v -1.8637 -3.7298 0.5001
v -1.8946 -3.9195 0.4765
v -1.9360 -4.1080 0.4602
v -1.9805 -4.2965 0.4512
v -2.0108 -4.4884 0.4436
v -2.0395 -4.6816 0.4403
v -2.0556 -4.8760 0.4360
v -2.0719 -5.0697 0.4399
v -2.0669 -5.2641 0.4443
v -2.0618 -5.4591 0.4506
v -2.0486 -5.6533 0.4490
v -2.0355 -5.8470 0.4430
v -2.0224 -6.0393 0.4377
v -2.0094 -6.2316 0.4308
v -2.0080 -6.4238 0.4211
v -2.0304 -6.6168 0.4147
v -2.0626 -6.8090 0.4278
v -2.0881 -6.9500 0.5157
v -2.1026 -7.1378 0.5564
v -2.0485 -7.3232 0.5627
v -2.1028 -7.4944 0.6338
v -2.0565 -7.6853 0.6774
v -2.0061 -7.5683 0.6943
v -1.8380 -7.2470 0.7699
v -1.5207 -5.9429 0.6516
v -1.4921 -5.3952 0.7212
v -1.3674 -7.3726 0.7094
v -1.4935 -6.4516 0.5976
v -0.8375 1.0257 1.2767
v -1.7462 -7.3895 0.8455
v -1.8849 -7.4695 0.7708
v -1.5113 -7.0611 0.6857
v -1.2580 -5.7524 0.5334
v -1.3263 -6.1046 0.4964
v -1.2156 -5.2071 0.6130
v -1.4088 -7.5060 0.7443
v -1.3828 -7.5444 0.6204
v -1.4542 -7.3851 0.8836
v -1.3443 -7.4132 0.5700
v -1.2998 -7.2204 0.5879
v -1.3570 -6.4441 0.5052
v -0.6115 1.3013 1.3793
v -1.0186 1.3976 1.1171
v -1.7827 -7.4559 0.9412
v -1.9136 -7.3466 0.8640
v -1.4152 -6.9111 0.5194
v -1.1461 -5.7346 0.3750
v -1.1651 -5.5403 0.4849
v -1.2296 -5.9206 0.4394
v -1.2351 -6.0824 0.3542
v -1.2659 -6.2695 0.4458
v -1.0689 -5.1928 0.4437
v -1.1336 -5.0120 0.5691
v -1.1400 -5.3552 0.5049
v -1.3187 -6.4347 0.3550
v -1.2895 -6.6209 0.4634
v -0.6060 1.5130 1.3576
v -0.8243 1.4433 1.2582
v -0.3267 1.3673 1.4673
v -1.0108 1.5873 1.0969
v -1.1418 1.6192 0.9222
v -1.9933 -7.1512 0.7622
v -2.0290 -7.3699 0.7335
v -1.4059 -6.9308 0.3865
v -1.0863 -5.5442 0.3414
v -1.1745 -5.9005 0.3095
v -1.2615 -6.2526 0.3190
v -1.0324 -5.0053 0.4228
v -1.3080 -5.3428 0.6474
v -1.3333 -5.5106 0.6349
v -1.0540 -5.3596 0.3555
v -1.2540 -6.6072 0.3464
v -1.4014 -6.7411 0.4071
v -0.8625 1.2429 1.2537
v -0.8206 1.6016 1.2415
v -0.3788 1.5404 1.4324
v -1.9387 -7.2275 0.8430
v -1.9874 -7.2545 0.6680
v -1.6624 -5.6675 0.7123
v -1.2772 -5.6261 0.5767
v -1.4644 -5.6320 0.6800
v -1.5157 -6.7468 0.7223
v -1.6052 -5.5175 0.7305
v -1.8275 -5.2988 0.7106
v -1.8717 -5.5191 0.6633
v -1.6748 -5.3853 0.7448
v -1.5254 -5.7868 0.6760
v -1.4602 -6.6685 0.5571
v -1.3852 -5.8486 0.6059
v -1.3799 -5.7272 0.6268
v -1.3796 -5.9939 0.5712
v -1.5762 -6.2112 0.6313
v -1.4530 -6.1261 0.5912
v -1.4272 -6.3052 0.5557
v -1.3369 -6.5836 0.6187
v -1.5641 -6.8220 0.5811
v -1.3587 -6.4536 0.6509
v -1.4587 -6.7949 0.5103
v -1.7276 -6.9613 0.8080
v -1.8491 -7.0828 0.8297
v -1.4980 -6.9360 0.6283
v -1.6573 -6.9202 0.6665
v -1.9267 -6.9053 0.6917
v -1.6538 -6.8187 0.7913
v -1.9471 -7.0226 0.7549
v -1.6788 -6.6758 0.5883
v -1.8054 -6.8431 0.7667
v -1.7283 -6.7177 0.7188
v -1.8193 -6.8082 0.5684
v -1.3648 -3.6406 1.0733
v -1.4663 -4.1472 0.8341
v -1.2232 -2.0199 1.3632
v -1.2954 -2.8450 1.2182
v -1.0646 -0.9973 1.3515
v -0.9055 -0.1904 1.2194
v -1.8303 -5.9834 0.6475
v -1.6955 -5.8767 0.6856
v -1.9029 -5.7956 0.6175
v -1.7901 -6.3558 0.6057
v -1.1667 0.8777 1.0577
v -0.5413 0.5223 1.2855
v -1.5017 -7.2762 0.7170
v -1.6147 -7.3691 0.9607
v -1.5544 -7.2833 0.8556
v -1.6709 -7.2525 0.7326
v -1.7216 -7.2559 0.8625
v -1.5749 -7.1742 0.6850
v -1.7194 -7.0938 0.7064
v -0.3714 0.9882 1.4309
v -1.1860 1.4073 0.9213
v -1.0922 1.1518 1.0947
v -0.9647 1.1481 1.2053
v -1.1057 1.3050 1.0585
v -1.2414 1.2247 0.8953
v -1.1890 1.0566 0.9995
v -1.3113 0.9682 0.8570
v -1.3072 0.6260 0.9657
v -1.2673 0.7904 0.9589
v -1.4006 0.7787 0.8069
v -1.4410 0.5831 0.7995
v -1.2335 0.2060 1.0888
v -1.3192 0.4215 0.9879
v -1.4712 0.3554 0.8287
v -1.3694 0.2979 0.9804
v -1.4071 -0.1142 1.0488
v -1.3568 0.0777 1.0408
v -1.1008 -4.8407 0.5628
v -1.6192 -4.8379 0.7878
v -1.3337 -4.8957 0.7226
v -1.1903 -4.9173 0.6370
v -0.1547 1.2281 1.4798
v -0.3475 1.1722 1.4661
v -0.1809 1.4732 1.4568
v -1.9752 -5.1879 0.5928
v -1.7212 -5.0645 0.7674
v -1.8338 -5.1539 0.7158
v -1.4847 -5.1922 0.7444
v -1.9466 -4.9935 0.6357
v -1.8069 -4.9046 0.7391
v -1.8617 -4.6888 0.7127
v -1.9855 -5.5737 0.5594
v -1.9774 -5.3857 0.5811
v -1.3543 -6.2190 0.5003
v -1.5209 -6.3333 0.6709
v -1.6818 -6.2999 0.6830
v -1.7380 -6.1352 0.6486
v -1.6485 -6.4272 0.6144
v -1.7819 -6.5254 0.5927
v -1.5872 -6.5655 0.5889
v -1.4739 -6.5678 0.7004
v -1.6070 -6.6287 0.7142
v -1.5951 -6.0718 0.6548
v -1.9130 -6.1276 0.5783
v -1.9026 -6.4232 0.5449
v -1.9181 -6.2774 0.5530
v -1.9102 -6.5641 0.5261
v -1.9154 -6.7039 0.5099
v -1.4227 -6.6714 0.6697
v -1.6937 -5.9948 0.6722
v -1.8197 -6.2288 0.6404
v -1.3115 -6.3434 0.5373
v -1.9584 -6.9044 0.5427
v -2.0556 -7.0228 0.6470
v -1.6383 -3.5294 0.8314
v -1.1541 -3.9361 0.9216
v -0.9904 -3.5982 1.0361
v -1.7516 -4.2735 0.7597
v -1.2532 -4.4313 0.7498
v -1.1590 -4.6369 0.6589
v -1.0780 -4.7242 0.5569
v -1.7014 -3.9032 0.7906
v -1.5879 -2.1540 1.0737
v -0.8401 -2.3967 1.2668
v -0.7198 -2.0026 1.2995
v -1.5378 -1.5219 1.1702
v -1.6398 -2.7564 0.9722
v -0.9607 -3.1867 1.1539
v -0.8607 -2.8089 1.1873
v -1.5402 -0.7734 1.0840
v -0.5952 -1.3802 1.2808
v -0.4434 -0.2153 1.1272
v -0.5257 -0.7215 1.2389
v -1.9696 -5.9623 0.5571
v -1.7641 -5.7624 0.6890
v -2.0034 -5.7569 0.5204
v -0.2617 0.4439 1.3137
v -1.4161 -7.2996 0.7992
v -1.6274 -7.0371 0.6497
v -0.1670 0.9548 1.4468
v -1.0020 0.9303 1.1831
v -0.9056 0.5775 1.1964
v -1.1154 0.6663 1.1165
v -0.7547 0.7575 1.2804
v -1.0262 0.3548 1.1363
v -1.0041 0.7549 1.1811
v -1.0291 0.5052 1.1571
v -1.2078 0.4717 1.0823
v -1.2953 1.1157 0.8341
v -1.5366 0.4207 0.6803
v -1.5562 0.1614 0.8040
v -1.5839 -0.2883 0.9175
v -1.1697 -0.1276 1.1638
v -1.1326 -0.5534 1.2715
v -1.0812 0.0096 1.1718
v -1.2217 -0.3194 1.1940
v -0.7681 -0.0068 1.1974
v -1.0051 0.1578 1.1627
v -1.0076 -0.3166 1.2416
v -0.8964 -0.0537 1.2067
v -0.6698 -0.4549 1.2189
v -0.8343 -0.3381 1.2334
v -1.5108 -4.9999 0.7688
v -1.3092 -5.0357 0.6950
v -1.9582 -4.7993 0.6044
v -1.9700 -4.6015 0.5707
v -1.8164 -4.4746 0.7365
v -1.7565 -3.4804 0.6709
v -1.7299 -3.6932 0.7270
v -1.6823 -3.3039 0.7757
v -0.9789 -3.9520 0.7652
v -0.9989 -3.7874 0.9165
v -1.1135 -4.1357 0.7658
v -1.0368 -3.8878 0.8789
v -1.0014 -4.0652 0.6981
v -0.8521 -3.6123 0.8586
v -0.8642 -3.4029 0.9938
v -0.9423 -3.6823 0.9279
v -0.8944 -3.5203 0.9695
v -1.8968 -4.2334 0.6179
v -1.9159 -4.3704 0.6217
v -1.8010 -4.0653 0.6946
v -1.0575 -4.4622 0.6172
v -1.0760 -4.2954 0.6724
v -1.1625 -4.5262 0.6858
v -1.4280 -4.6852 0.7766
v -1.2477 -4.7631 0.6982
v -1.3584 -4.5479 0.7656
v -1.5080 -4.3708 0.8009
v -1.5914 -4.5375 0.7967
v -1.7267 -4.6150 0.7750
v -1.6863 -4.4078 0.7845
v -1.8195 -3.8558 0.6326
v -1.7035 -1.9147 0.8995
v -1.6882 -2.3237 0.8853
v -0.6232 -2.4741 1.0936
v -0.5322 -2.0819 1.0979
v -1.7360 -1.4918 0.8946
v -1.7251 -2.7072 0.7627
v -1.6810 -2.9621 0.8474
v -1.6830 -2.5388 0.8819
v -1.6867 -2.8289 0.8604
v -1.7309 -2.5761 0.7419
v -0.7786 -3.0371 1.0500
v -0.6851 -2.8620 1.0225
v -0.6586 -2.6706 1.0655
v -0.7885 -2.9117 1.0982
v -1.0112 -2.9653 1.2058
v -0.6882 -2.9842 0.9656
v -0.7532 -2.7465 1.1179
v -0.8086 -2.5788 1.2141
v -1.2781 -2.4622 1.2810
v -1.0334 -2.4772 1.2932
v -1.0799 -2.2460 1.3427
v -1.1187 -2.6812 1.2685
v -0.9891 -2.3652 1.3061
v -1.1771 -2.3542 1.3106
v -1.4128 -2.2620 1.2401
v -0.9657 -2.6261 1.2489
v -1.1424 -2.5507 1.2828
v -1.7107 -0.6792 0.8389
v -0.4089 -1.4961 1.0737
v -0.2470 -0.5307 0.9848
v -0.1856 -0.3462 1.0653
v -0.2899 -0.8935 1.0015
v -0.1020 0.4068 1.3122
v -0.2606 0.7062 1.3772
v -0.3766 0.1332 1.2396
v -0.5914 0.8893 1.3583
v -0.7312 0.5829 1.2472
v -0.6964 0.2908 1.2042
v -0.8321 0.2020 1.1731
v -1.4712 0.0331 0.9439
v -1.4491 0.2059 0.9195
v -1.6894 -0.2257 0.7241
v -1.5929 -0.0735 0.8128
v -1.5046 -0.1872 0.9694
v -1.3868 -0.4329 1.1265
v -1.3422 -5.1469 0.6949
v -1.5301 -3.7810 0.9484
v -1.8119 -3.6553 0.5971
v -1.7641 -3.2758 0.6459
v -1.5086 -3.4102 1.0012
v -1.1435 -3.7094 1.0635
v -1.3055 -3.8154 1.0310
v -1.4270 -3.7300 1.0115
v -1.5172 -3.5881 0.9727
v -0.8827 -3.7880 0.7742
v -0.7674 -3.4406 0.8476
v -0.7715 -3.2443 0.9711
v -1.6499 -4.1560 0.7908
v -1.5244 -4.2471 0.8029
v -1.5905 -4.0290 0.8365
v -1.3690 -3.9879 0.9143
v -1.5576 -3.9063 0.8907
v -1.2951 -3.9296 0.9864
v -1.8815 -4.0314 0.5630
v -1.0165 -4.1921 0.6548
v -1.2653 -4.2379 0.7868
v -1.2839 -4.1048 0.8375
v -1.1655 -4.0449 0.8649
v -1.1887 -4.3411 0.7432
v -1.4606 -4.8022 0.7722
v -1.7832 -1.8933 0.7308
v -1.7168 -2.1102 0.8257
v -1.7498 -2.2977 0.7138
v -0.5518 -2.5112 0.9520
v -0.6784 -2.2423 1.2017
v -0.4714 -2.1313 0.9582
v -0.4871 -1.8934 1.0879
v -1.8171 -1.4785 0.7266
v -1.7550 -1.6992 0.8415
v -1.6826 -1.1609 0.9626
v -1.7415 -2.8935 0.6932
v -1.7130 -3.1055 0.7419
v -1.5546 -3.1760 0.9675
v -1.6462 -3.0906 0.8676
v -1.4987 -2.6008 1.1571
v -0.5937 -2.7044 0.9299
v -0.8908 -3.0768 1.1454
v -1.2147 -3.0690 1.2134
v -0.9493 -2.0739 1.3592
v -1.0277 -2.8207 1.2342
v -1.5539 -2.3656 1.1047
v -1.2849 -2.1740 1.3265
v -1.4819 -1.9792 1.2104
v -1.4302 -2.1209 1.2456
v -1.5936 -0.5244 0.9663
v -1.6890 -0.3966 0.7829
v -0.3335 -1.5623 0.9339
v -0.3426 -1.3072 1.0451
v -0.0892 -0.6386 0.8800
v -0.1913 -0.7490 0.8761
v -0.3972 -0.5961 1.1027
v -0.1984 -0.8827 0.8742
v -0.3089 -0.3692 1.0640
v -0.4091 0.6179 1.3326
v -0.1807 0.1519 1.2599
v -0.3908 0.3346 1.2712
v -0.5740 0.3686 1.2426
v -0.3347 -0.1017 1.1699
v -0.1548 -0.2042 1.1336
v -0.5453 0.0770 1.2031
v -0.1625 -0.0331 1.2076
v -0.5761 1.0913 1.3861
v -0.7379 1.1239 1.3227
v -0.4134 0.8299 1.3894
v -1.6012 0.0649 0.7396
v -1.3849 -0.2909 1.1010
v -1.3180 -0.6969 1.2369
v -1.6297 -3.6704 0.8636
v -1.6030 -3.4138 0.8724
v -0.7201 -3.1399 0.9429
v -0.8741 -3.2850 1.0575
v -1.3685 -4.3227 0.7933
v -1.7742 -2.0880 0.6806
v -1.6566 -2.2116 0.9504
v -1.6639 -2.0495 0.9578
v -0.7072 -2.3684 1.1932
v -0.5585 -2.3422 1.0507
v -0.5647 -2.2085 1.1031
v -0.6015 -1.9407 1.1990
v -0.6643 -1.6461 1.3099
v -0.7632 -1.7985 1.3354
v -0.5950 -1.7943 1.2219
v -0.4597 -1.6910 1.0947
v -1.1397 -1.4388 1.4031
v -0.9074 -1.5892 1.3920
v -0.7917 -1.4430 1.3501
v -1.1697 -1.7354 1.4016
v -0.8375 -1.2022 1.3551
v -1.0858 -1.6077 1.4045
v -1.3395 -1.5343 1.3381
v -0.9590 -1.7760 1.4017
v -1.0632 -1.9081 1.3925
v -0.8854 -1.9269 1.3622
v -1.6404 -1.6513 1.0429
v -1.6660 -1.7922 0.9879
v -1.6050 -1.9340 1.0648
v -1.4561 -1.7561 1.2550
v -1.5596 -1.8171 1.1406
v -1.7987 -1.0899 0.7681
v -1.7648 -1.2931 0.8332
v -1.7172 -0.9187 0.8866
v -1.6525 -1.3773 1.0288
v -1.4562 -1.2588 1.2190
v -1.5866 -1.2637 1.0959
v -1.5044 -2.9819 1.0680
v -1.6056 -2.6280 1.0291
v -1.4948 -2.7795 1.1363
v -1.6170 -2.4734 1.0178
v -1.4039 -2.9189 1.1565
v -1.3192 -2.6187 1.2518
v -1.3850 -2.7182 1.1977
v -1.0571 -3.0752 1.2009
v -1.1718 -2.9538 1.2316
v -1.3046 -3.3124 1.1508
v -1.0613 -3.3664 1.1455
v -1.2345 -3.5325 1.1530
v -1.0880 -2.1143 1.3651
v -0.8962 -2.2364 1.3131
v -0.7819 -2.1259 1.3005
v -1.4385 -2.4765 1.2053
v -1.6199 -0.6535 0.9710
v -1.5218 -0.4277 1.0144
v -1.7212 -0.5304 0.7691
v -0.4749 -1.3288 1.1657
v -0.4966 -1.0243 1.2416
v -0.4469 -1.1848 1.1681
v -0.2993 -1.1069 1.0199
v -0.6537 -1.1339 1.2987
v -0.8396 -0.8270 1.3299
v -0.8495 -1.0224 1.3522
v -0.6834 -0.9707 1.3129
v -0.5978 -0.8481 1.2858
v -0.4166 -0.9155 1.1514
v -0.5265 -0.3635 1.1462
v -0.6903 -0.1937 1.1934
v -0.3838 -0.4857 1.0726
v -0.5338 -0.5912 1.1974
v -0.3909 -0.7438 1.1078
v -0.5787 0.7246 1.3251
v -1.2853 -0.5658 1.2253
v -1.4787 -0.6434 1.1116
v -1.3350 -0.9219 1.2646
v -0.4287 -1.8169 1.0197
v -0.5245 -1.5358 1.1857
v -1.0998 -1.2177 1.3749
v -1.3675 -1.9047 1.3061
v -1.2337 -1.8579 1.3824
v -1.3412 -1.6848 1.3392
v -1.8365 -1.2671 0.6846
v -1.6497 -0.8167 0.9674
v -1.5547 -1.0374 1.1054
v -1.7635 -0.7861 0.7682
v -1.4546 -1.4146 1.2394
v -1.3151 -1.3610 1.3268
v -1.4506 -3.3001 1.0572
v -1.4233 -3.1513 1.1004
v -1.2770 -3.1818 1.1747
v -1.0842 -3.4939 1.1049
v -1.3859 -3.5033 1.0933
v -0.2778 -1.2438 0.9618
v -0.2383 -1.0404 0.9261
v -1.0834 -0.7521 1.3266
v -1.1986 -0.8486 1.3068
v -1.4070 -0.7846 1.1930
v -0.9995 -1.1380 1.3661
v -1.2103 -1.0645 1.3356
v -1.3137 -1.1845 1.3049
v -0.9830 -1.3798 1.3919
v -1.6570 -1.0396 0.9853
v -1.4808 -0.9274 1.1582
v -1.1079 -3.2293 1.1878
v -1.4223 -7.0972 0.5233
v -1.4003 -7.1452 0.6500
v -1.3192 -7.1491 0.4924
v -0.8534 -0.5625 1.2852
v -0.7574 -0.7213 1.3048
v -1.0451 -0.4467 1.2650
v -0.5875 -0.0501 1.1741
v 1.8848 -1.1447 0.5736
v 1.8634 -0.9372 0.5935
v 1.8468 -0.7267 0.6077
v 1.8148 -0.5165 0.6160
v 1.7751 -0.3069 0.6207
v 1.7223 -0.1000 0.6238
v 1.6661 0.1070 0.6331
v 1.6036 0.3123 0.6467
v 1.5378 0.5175 0.6665
v 1.4846 0.7263 0.6964
v 1.4386 0.9363 0.7287
v 1.3735 1.1433 0.7476
v 1.3099 1.3522 0.7591
v 1.2509 1.5645 0.7641
v 1.4109 -7.7275 0.4898
v 1.3920 -7.6777 0.6593
v 1.3918 -7.6217 0.8286
v 1.4825 -7.5608 0.9701
v 1.6477 -7.5296 1.0287
v 1.8171 -7.5487 0.9770
v 1.9474 -7.5907 0.8629
v 2.0109 -7.6507 0.7092
v 2.0222 -7.6588 0.6900
v 2.0216 -7.6490 0.6865
v 2.0206 -7.6387 0.6835
v 2.0223 -7.4578 0.6189
v 2.1064 -7.2832 0.6085
v 2.0986 -7.0952 0.5625
v 2.0911 -6.9064 0.5203
v 2.1099 -6.7194 0.5049
v 2.0813 -6.5576 0.4694
v 2.0768 -6.3699 0.4471
v 2.0239 -6.1783 0.3964
v 2.0438 -5.9863 0.3926
v 2.0585 -5.7950 0.3804
v 2.0717 -5.6042 0.3633
v 2.0877 -5.4140 0.3502
v 2.1039 -5.2236 0.3418
v 2.1111 -5.0329 0.3366
v 2.1046 -4.8425 0.3317
v 2.0955 -4.6514 0.3330
v 2.0674 -4.4613 0.3371
v 2.0283 -4.2736 0.3534
v 1.9750 -4.0900 0.3846
v 1.9261 -3.9071 0.4227
v 1.8872 -3.7223 0.4603
v 1.8606 -3.5339 0.4903
v 1.8277 -3.3447 0.5143
v 1.7994 -3.1541 0.5319
v 1.7813 -2.9611 0.5490
v 1.7747 -2.7649 0.5586
v 1.7787 -2.5672 0.5632
v 1.7902 -2.3685 0.5678
v 1.8051 -2.1685 0.5751
v 1.8250 -1.9682 0.5828
v 1.8478 -1.7656 0.5903
v 1.8621 -1.5603 0.5917
v 1.8755 -1.3529 0.5877
v 1.8801 -1.1489 0.5931
v 1.8799 -1.1417 0.5941
v 1.8569 -0.9345 0.6131
v 1.8396 -0.7254 0.6268
v 1.8066 -0.5169 0.6345
v 1.7672 -0.3091 0.6391
v 1.7149 -0.1042 0.6423
v 1.6592 0.1006 0.6513
v 1.5972 0.3038 0.6646
v 1.5319 0.5067 0.6837
v 1.4791 0.7137 0.7132
v 1.4331 0.9223 0.7452
v 1.3670 1.1276 0.7635
v 1.3049 1.3357 0.7760
v 1.2465 1.5468 0.7815
v 1.1987 1.7568 0.7930
v 1.1940 1.7649 0.7986
v 1.2066 1.7541 0.7773
v 1.0945 1.7413 0.9997
v 0.9261 1.7173 1.1708
v 0.7185 1.6893 1.2913
v 0.4983 1.6688 1.3852
v 0.2655 1.6470 1.4354
v 0.0237 1.6307 1.4356
v 0.0125 1.3613 1.4518
v 0.0081 1.0756 1.4580
v 0.0118 0.7977 1.4111
v 0.0111 0.5289 1.3444
v 0.0088 0.2471 1.2772
v 0.0190 -0.0489 1.2066
v 0.0317 -0.3308 1.0734
v 0.0519 -0.6178 0.9330
v 0.0306 -0.7932 0.6733
v 0.1169 -0.9649 0.7349
v 0.1804 -1.1494 0.7839
v 0.2267 -1.3413 0.8288
v 0.2820 -1.5287 0.8539
v 0.3394 -1.7103 0.8690
v 0.3890 -1.8887 0.8751
v 0.4340 -2.0716 0.8745
v 0.4763 -2.2574 0.8736
v 0.5165 -2.4442 0.8712
v 0.5557 -2.6283 0.8654
v 0.5914 -2.8048 0.8532
v 0.6230 -2.9831 0.8308
v 0.6579 -3.1643 0.8022
v 0.6978 -3.3452 0.7681
v 0.7430 -3.5222 0.7348
v 0.7954 -3.6891 0.6993
v 0.8482 -3.8452 0.6611
v 0.9036 -4.0045 0.6054
v 0.9457 -4.1723 0.5587
v 0.9713 -4.3458 0.5199
v 0.9886 -4.5181 0.4814
v 1.0057 -4.6879 0.4340
v 1.0131 -4.8633 0.3744
v 1.0152 -5.0437 0.3330
v 1.0262 -5.2258 0.3004
v 1.0548 -5.4075 0.2780
v 1.0992 -5.5873 0.2648
v 1.1459 -5.7671 0.2578
v 1.1984 -5.9453 0.2534
v 1.2494 -6.1246 0.2527
v 1.2784 -6.3087 0.2562
v 1.3364 -6.4858 0.2607
v 1.3758 -6.6678 0.2686
v 1.2830 -6.8281 0.2898
v 1.2356 -7.0061 0.3172
v 1.2672 -7.1855 0.3558
v 1.3237 -7.3583 0.3978
v 1.3754 -7.5320 0.4415
v 1.4093 -7.7076 0.4859
v 1.3898 -7.6583 0.6548
v 1.3897 -7.6025 0.8235
v 1.4823 -7.5419 0.9634
v 1.6480 -7.5113 1.0207
v 1.8173 -7.5301 0.9696
v 1.9466 -7.5723 0.8551
v 2.0097 -7.6313 0.7014
v 2.0105 -7.6411 0.7054
v 2.0120 -7.4516 0.6357
v 2.0988 -7.2789 0.6272
v 2.0899 -7.0915 0.5810
v 2.0809 -6.9034 0.5381
v 2.0920 -6.7175 0.5151
v 2.0672 -6.5570 0.4846
v 2.0669 -6.3703 0.4648
v 2.0152 -6.1783 0.4156
v 2.0365 -5.9863 0.4127
v 2.0528 -5.7947 0.4015
v 2.0666 -5.6040 0.3851
v 2.0823 -5.4143 0.3718
v 2.0958 -5.2246 0.3617
v 2.1024 -5.0348 0.3567
v 2.0962 -4.8453 0.3520
v 2.0882 -4.6553 0.3530
v 2.0622 -4.4665 0.3578
v 2.0241 -4.2803 0.3748
v 1.9719 -4.0980 0.4061
v 1.9237 -3.9157 0.4437
v 1.8855 -3.7309 0.4817
v 1.8588 -3.5418 0.5116
v 1.8230 -3.3523 0.5347
v 1.7927 -3.1612 0.5516
v 1.7759 -2.9675 0.5688
v 1.7700 -2.7708 0.5785
v 1.7744 -2.5728 0.5833
v 1.7859 -2.3744 0.5878
v 1.7998 -2.1746 0.5949
v 1.8195 -1.9743 0.6024
v 1.8422 -1.7718 0.6098
v 1.8567 -1.5663 0.6114
v 1.8703 -1.3585 0.6075
v 1.2092 1.7532 0.7713
v 1.4233 -7.1735 0.7328
v 1.5494 -6.7560 0.7591
v 1.5745 -6.0477 0.6501
v 1.5490 -5.5065 0.7060
v 1.5517 -4.9662 0.7619
v 0.5935 1.1237 1.3923
v 1.9539 -7.5219 0.7323
v 1.2684 -7.2328 0.5794
v 1.4063 -7.3757 0.8266
v 1.7476 -7.2498 0.8257
v 1.3775 -6.5836 0.5715
v 1.3317 -6.9269 0.5819
v 1.3243 -5.8703 0.5484
v 1.3759 -6.2307 0.5080
v 1.2647 -5.3320 0.6016
v 1.2790 -4.8079 0.6992
v 0.6014 1.4131 1.3776
v 1.2805 -7.2565 0.4583
v 1.3506 -7.4054 0.5827
v 1.2183 -7.0659 0.4978
v 1.4162 -7.4897 0.8696
v 1.5626 -7.3809 0.9252
v 1.3865 -6.5723 0.4027
v 1.2470 -6.8877 0.4407
v 1.2089 -5.8642 0.4024
v 1.2711 -6.2246 0.3843
v 1.1091 -5.3265 0.4473
v 1.1996 -5.5234 0.5073
v 1.1743 -5.1372 0.5643
v 1.0996 -4.7890 0.5493
v 1.1346 -4.9606 0.5554
v 1.3637 -7.5125 0.6972
v 1.3769 -7.5550 0.5727
v 1.5135 -7.2619 0.8317
v 1.6329 -7.2904 0.8674
v 1.7619 -7.3653 0.9533
v 1.8735 -7.4188 0.8380
v 1.4110 -6.7638 0.4873
v 1.2983 -6.4142 0.4848
v 1.2937 -6.0461 0.4629
v 1.1062 -5.5044 0.3724
v 1.1824 -5.6881 0.4441
v 1.0656 -5.1420 0.4202
v 1.3243 -5.0268 0.6837
v 1.3657 -6.7566 0.3642
v 1.2998 -6.4046 0.3516
v 1.2352 -6.0392 0.3416
v 1.3768 -5.6523 0.6211
v 1.5249 -5.1971 0.7325
v 1.3952 -4.8994 0.7311
v 1.7950 -4.6998 0.7521
v 1.6333 -4.8477 0.7789
v 1.4746 -5.0840 0.7363
v 1.9014 -4.9254 0.6821
v 1.4908 -4.6844 0.7923
v 1.2038 -4.6360 0.6935
v 1.8418 -4.8296 0.7231
v 1.7273 -4.9156 0.7651
v 1.7793 -5.0804 0.7461
v 2.0069 -4.7963 0.5459
v 1.9833 -4.6418 0.5758
v 1.8609 -4.4105 0.7272
v 1.8902 -4.5537 0.6994
v 1.9804 -4.4385 0.5472
v 1.6591 -4.5353 0.8044
v 1.4281 -4.1686 0.8609
v 1.3956 -4.5350 0.7976
v 1.6085 -4.3278 0.8275
v 1.1613 -4.4493 0.7179
v 1.6988 -4.4115 0.8115
v 1.2423 -4.5330 0.7399
v 1.3092 -3.2767 1.1331
v 0.8575 0.1296 1.1754
v 1.2211 -1.8602 1.3727
v 1.0059 -0.8387 1.3500
v 1.7842 -6.6560 0.5924
v 1.8573 -5.9027 0.6415
v 1.8067 -6.2887 0.6690
v 1.8668 -5.3378 0.6749
v 0.2954 0.9718 1.4368
v 0.9632 0.7447 1.2066
v 1.0164 1.2663 1.1577
v 1.0086 1.5069 1.1271
v 1.3331 -7.2982 0.7091
v 1.9572 -7.1709 0.6968
v 1.3338 -7.0921 0.6158
v 1.3471 -7.0329 0.4997
v 1.3576 -5.4671 0.6350
v 1.5035 -5.3545 0.7103
v 1.6854 -5.3994 0.7273
v 1.8538 -5.6156 0.6619
v 1.7231 -5.2479 0.7403
v 1.8291 -5.4799 0.6894
v 1.9923 -5.5076 0.5402
v 1.9994 -5.3743 0.5385
v 1.9809 -7.3236 0.7450
v 2.0640 -7.2257 0.7398
v 1.8933 -7.2719 0.8574
v 1.4050 -6.7843 0.6614
v 1.4571 -6.6361 0.7039
v 1.4329 -6.6923 0.5839
v 1.6584 -6.5708 0.7405
v 1.4238 -6.0906 0.5734
v 1.4569 -5.9489 0.6168
v 1.6463 -5.8673 0.6805
v 1.4648 -5.7901 0.6432
v 1.6445 -5.6936 0.6971
v 1.7983 -5.7659 0.6747
v 1.9580 -5.7729 0.5759
v 1.9849 -5.9118 0.5398
v 1.8837 -6.0991 0.6023
v 1.9902 -5.6408 0.5387
v 1.2893 -5.7453 0.5487
v 1.3299 -5.2023 0.6588
v 2.0289 -4.9552 0.5107
v 1.9842 -5.1255 0.5785
v 1.8935 -5.2191 0.6659
v 1.9260 -5.0320 0.6583
v 1.4650 -4.8073 0.7708
v 1.3177 -4.7247 0.7342
v 1.0650 -4.6122 0.5678
v 1.9231 -4.2304 0.6131
v 1.6920 -3.9172 0.8257
v 1.1756 -3.9032 0.9749
v 1.0364 -4.4340 0.5992
v 1.3738 -4.3806 0.8145
v 1.4685 -4.2768 0.8346
v 1.1318 -4.2603 0.7533
v 1.2273 -4.3451 0.7802
v 0.9435 -3.3889 1.0528
v 1.5979 -3.3476 0.8822
v 1.5990 -2.9627 0.9744
v 1.2518 0.4180 1.0555
v 0.4637 0.2455 1.2483
v 0.4539 -0.2453 1.1195
v 0.7311 -2.0470 1.2816
v 1.1750 -2.5109 1.2863
v 1.6039 -1.9585 1.0828
v 1.5376 -1.3392 1.1653
v 1.4292 -0.4297 1.1105
v 0.4817 -0.8318 1.2201
v 0.7227 -1.4053 1.3326
v 1.9636 -6.6568 0.5465
v 1.9244 -6.4637 0.6142
v 1.9239 -6.8138 0.6611
v 1.9526 -6.2771 0.5599
v 1.9662 -6.1534 0.5325
v 0.1190 0.9475 1.4454
v 0.2438 0.7017 1.3782
v 0.3835 1.2289 1.4690
v 0.3777 1.4618 1.4468
v 0.1841 1.4661 1.4578
v 1.2199 0.8967 1.0062
v 1.1785 1.3631 0.9684
v 1.1484 1.5355 0.9668
v 1.0813 1.4051 1.0738
v 1.1571 1.1114 1.0541
v 1.2318 1.2387 0.9281
v 0.8056 1.3096 1.2925
v 0.8173 1.5223 1.2617
v 1.6651 -6.7057 0.6754
v 1.5337 -6.4039 0.5915
v 1.4577 -6.5026 0.6546
v 1.5380 -6.2264 0.6301
v 1.4481 -6.3075 0.5831
v 1.6599 -6.3231 0.6275
v 1.6467 -6.4613 0.6533
v 1.7037 -6.1576 0.6476
v 1.7851 -6.4853 0.7036
v 1.7329 -6.0103 0.6649
v 1.6937 -5.5691 0.7074
v 1.5218 -5.6253 0.6842
v 2.0111 -5.2505 0.5279
v 1.9711 -4.3203 0.5342
v 1.8360 -3.8648 0.6496
v 1.7112 -3.6737 0.7772
v 1.8176 -4.0702 0.7204
v 1.7463 -3.7996 0.7602
v 1.7910 -3.9609 0.7362
v 0.9915 -3.9202 0.8213
v 1.0182 -4.2614 0.6302
v 0.8116 -3.4150 0.8919
v 0.9358 -3.5970 0.9475
v 0.8322 -3.2043 1.0139
v 0.9022 -3.4845 0.9611
v 0.7773 -3.3017 0.9069
v 1.7295 -3.2987 0.7122
v 1.6671 -3.1216 0.8301
v 1.6792 -3.4881 0.7781
v 1.6619 -3.2412 0.8086
v 1.4024 -3.6368 1.0441
v 1.7688 -3.5548 0.6686
v 1.8146 -3.6793 0.6254
v 1.5859 -3.6182 0.9353
v 1.5895 -3.7979 0.9343
v 1.5057 -3.4862 0.9916
v 1.4499 -3.9719 0.9294
v 1.4606 -3.3271 1.0354
v 1.5690 -3.9077 0.9163
v 1.4835 -3.1403 1.0426
v 1.2864 -3.4842 1.1319
v 1.0807 -3.5080 1.0766
v 1.5600 -3.2179 0.9399
v 1.5936 -3.0832 0.9421
v 1.2264 -2.9002 1.2173
v 1.1676 -3.3910 1.1472
v 1.1311 -3.7129 1.0414
v 1.3070 -3.0727 1.1586
v 1.0547 -3.6241 1.0388
v 1.4640 -3.0113 1.0858
v 1.7155 -2.9105 0.7683
v 1.6802 -2.6904 0.8967
v 1.7325 -3.0245 0.7183
v 1.6725 -2.8326 0.8867
v 1.7347 -2.7277 0.7380
v 1.4114 0.5299 0.8806
v 1.2775 0.6716 0.9998
v 1.4199 0.2428 0.9638
v 1.3891 0.6755 0.8713
v 1.4650 0.3954 0.8445
v 0.2201 0.1623 1.2617
v 0.2237 -0.3531 1.0558
v 0.5450 -2.1085 1.0907
v 0.7767 -2.4273 1.2205
v 1.7454 -1.9102 0.8415
v 1.7186 -1.5112 0.9527
v 1.7391 -1.1510 0.9043
v 1.5401 -0.8330 1.1127
v 1.6280 -0.2966 0.8845
v 0.2875 -0.9519 0.9942
v 0.4522 -1.3094 1.1577
v 0.5506 -1.6992 1.1860
v 2.0178 -6.4631 0.5400
v 2.0307 -6.7969 0.5880
v 2.0171 -6.9711 0.7033
v 1.7313 -6.9617 0.6415
v 1.5285 -6.9703 0.5844
v 1.6833 -6.8496 0.7487
v 2.0600 -7.0917 0.7078
v 1.8619 -6.9421 0.7291
v 1.8426 -7.0751 0.6460
v 1.6449 -7.1503 0.6711
v 1.8208 -7.1912 0.7207
v 1.5476 -7.1843 0.7420
v 1.4773 -7.1016 0.6228
v 1.5017 -6.8882 0.7045
v 1.7870 -6.7777 0.6835
v 0.5180 0.8432 1.3712
v 0.4324 1.0869 1.4371
v 0.5411 1.2568 1.4202
v 0.1710 1.2275 1.4793
v 1.3272 0.9726 0.8576
v 0.9300 0.9950 1.2423
v 1.0731 0.9263 1.1351
v 0.9440 1.3703 1.2049
v 1.6255 -4.0886 0.8547
v 1.4876 -4.0692 0.8853
v 1.7321 -4.2135 0.8000
v 1.5815 -4.1945 0.8420
v 1.9100 -4.1036 0.5789
v 1.0675 -4.0873 0.7780
v 0.8309 -3.5963 0.8153
v 0.9364 -3.7577 0.8644
v 0.7475 -3.0466 0.9943
v 1.3749 -3.8350 1.0158
v 1.4807 -3.7300 0.9915
v 1.2156 -3.8098 1.0593
v 1.2616 -3.6264 1.1123
v 1.0439 -3.1008 1.1693
v 1.1308 -3.2334 1.1675
v 0.9639 -3.2431 1.1158
v 1.7296 -2.5111 0.7784
v 1.5432 -2.4879 1.1259
v 1.6446 -2.5495 0.9767
v 1.7026 -2.2945 0.8847
v 1.4755 -2.7362 1.1509
v 1.5439 -2.8516 1.0645
v 1.3947 -2.8834 1.1623
v 1.6417 -2.4124 0.9945
v 1.5589 -2.2117 1.1206
v 1.7459 -2.3666 0.7571
v 1.5523 -2.6121 1.1001
v 1.7375 -3.1511 0.7016
v 1.1294 0.7191 1.1120
v 0.9294 0.4422 1.1803
v 1.0013 0.6041 1.1834
v 1.1214 0.5039 1.1292
v 1.0304 0.2993 1.1415
v 1.1343 0.0294 1.1583
v 1.1886 0.2277 1.1141
v 1.0242 0.1240 1.1711
v 1.5409 0.1295 0.8632
v 1.3523 -0.0021 1.0664
v 1.5819 -0.0837 0.8744
v 0.3397 -0.0532 1.1870
v 0.3488 0.4624 1.3100
v 0.3284 -0.5868 1.0088
v 0.6068 -2.4869 1.0516
v 0.7432 -2.6802 1.1182
v 0.6471 -2.2771 1.1520
v 0.7127 -2.5516 1.1320
v 0.6734 -2.3879 1.1477
v 1.8083 -1.8835 0.6952
v 1.7754 -1.7029 0.8312
v 1.8190 -1.4820 0.7697
v 1.7966 -1.3000 0.8093
v 1.8291 -1.1552 0.7619
v 1.6809 -1.3321 1.0022
v 1.7506 -0.9179 0.8608
v 1.7057 -0.2345 0.7318
v 1.5841 -0.5656 1.0067
v 0.1979 -1.0190 0.8455
v 0.3154 -1.1674 1.0369
v 0.3279 -1.3875 0.9894
v 0.4362 -1.5409 1.0988
v 0.4278 -1.7609 1.0219
v 0.5195 -1.9183 1.1054
v 1.6281 -7.0316 0.6327
v 0.3593 0.8360 1.4057
v 1.0361 1.1219 1.1610
v 0.8702 1.1515 1.2726
v 0.7249 0.9641 1.3300
v 0.6961 0.6969 1.2895
v 0.7880 0.5453 1.2293
v 0.8096 0.8499 1.2791
v 0.5661 0.4821 1.2718
v 0.7000 0.3070 1.2118
v 0.5642 0.0781 1.2027
v 0.8469 0.2816 1.1818
v 0.4702 -0.0848 1.1671
v 0.6919 -0.1025 1.1798
v 0.9078 -0.0989 1.2105
v 0.6636 -0.4434 1.2065
v 0.7369 -0.2532 1.2125
v 0.5511 -0.3536 1.1456
v 1.8216 -4.2873 0.7542
v 1.2395 -4.1478 0.8446
v 1.3054 -4.2457 0.8283
v 1.1746 -4.0260 0.9033
v 0.9721 -4.0914 0.6613
v 1.0458 -3.8348 0.9359
v 0.7399 -3.1565 0.9296
v 1.1886 -3.0315 1.2082
v 0.9428 -2.9013 1.1846
v 0.8815 -3.0683 1.1078
v 1.7466 -2.1077 0.7947
v 1.6653 -2.1706 0.9628
v 1.2931 0.1242 1.0772
v 1.4819 -0.0257 0.9686
v 1.3277 -0.2458 1.1332
v 1.0870 -0.2295 1.2087
v 0.8750 -0.3464 1.2380
v 0.7897 -0.6408 1.3095
v 0.7754 -0.5032 1.2727
v 0.5715 -0.6351 1.2261
v 0.4787 -0.5459 1.1481
v 0.3508 -0.7538 1.0511
v 0.1982 -0.7733 0.8608
v 1.5091 -0.2507 1.0045
v 0.3388 0.1038 1.2406
v 0.1585 -0.1347 1.1708
v 0.3438 0.3029 1.2749
v 0.4170 0.6591 1.3445
v 0.1885 0.5112 1.3338
v 0.3360 -0.4200 1.0395
v 0.1879 -0.5817 0.9141
v 0.6289 -2.6866 0.9792
v 0.6998 -2.8620 1.0175
v 0.8383 -2.7900 1.1578
v 1.0648 -2.7134 1.2570
v 0.9180 -2.1940 1.3200
v 0.6517 -2.1521 1.1841
v 0.5464 -2.2457 1.0360
v 1.6227 -1.7315 1.0732
v 1.7997 -1.0180 0.7818
v 1.8214 -0.8588 0.7075
v 1.7227 -0.7072 0.8632
v 1.5749 -1.0850 1.1035
v 1.5523 -0.4338 1.0050
v 1.3323 -0.7252 1.2453
v 1.7094 -0.4734 0.8065
v 0.2380 -1.2190 0.8891
v 0.5180 -1.0674 1.2684
v 0.4038 -1.0027 1.1402
v 0.5767 -1.5344 1.2415
v 0.5627 -1.3830 1.2523
v 0.7527 -1.1566 1.3483
v 0.3552 -1.5913 0.9488
v 0.4476 -1.9622 0.9606
v 0.6188 -1.9862 1.1900
v 0.7002 0.0504 1.1843
v 1.0633 -2.9665 1.2035
v 1.6772 -2.0277 0.9625
v 1.2503 -0.1469 1.1489
v 1.1283 -0.5275 1.2725
v 0.9828 -0.4528 1.2715
v 1.1665 -0.3622 1.2214
v 0.1765 0.3273 1.2959
v 0.8043 -2.9285 1.0843
v 0.9367 -2.5787 1.2494
v 1.0227 -2.3785 1.3063
v 1.3135 -2.6448 1.2491
v 1.6884 -1.8284 0.9707
v 1.7144 -1.6475 0.9512
v 1.5471 -1.5588 1.1664
v 1.4553 -1.8754 1.2549
v 1.6228 -0.6945 0.9981
v 1.6564 -0.8658 0.9887
v 1.6255 -1.2047 1.0543
v 1.6889 -1.0512 0.9684
v 1.1807 -1.2575 1.3801
v 1.4469 -0.5812 1.1324
v 1.2856 -0.5721 1.2323
v 1.1225 -0.6844 1.3137
v 0.9223 -0.7204 1.3309
v 0.7490 -0.9282 1.3461
v 0.5868 -0.9159 1.3103
v 0.6696 -1.0668 1.3264
v 0.8858 -1.0018 1.3738
v 0.9894 -1.1695 1.3814
v 0.4261 -1.1805 1.1551
v 0.9018 -2.4671 1.2642
v 1.3199 -2.2694 1.2985
v 0.8944 -2.3241 1.2871
v 1.1995 -2.7714 1.2450
v 1.3823 -2.4671 1.2424
v 1.5099 -2.3578 1.1708
v 1.5022 -1.7178 1.2161
v 1.5673 -1.8550 1.1395
v 1.2657 -1.5430 1.3784
v 1.3945 -1.6258 1.3065
v 1.4231 -1.4655 1.2735
v 1.2064 -1.7083 1.3875
v 1.3746 -1.2897 1.2839
v 0.8897 -1.6282 1.3749
v 0.9520 -1.8699 1.3764
v 1.0772 -1.6255 1.3927
v 0.7347 -1.5677 1.3321
v 1.1115 -1.4439 1.3961
v 0.9100 -1.4328 1.3870
v 1.5037 -1.2186 1.1790
v 0.8721 -1.3070 1.3767
v 1.2708 -0.9935 1.3085
v 1.4041 -1.0970 1.2501
v 1.0914 -0.9671 1.3608
v 1.5187 -0.9799 1.1465
v 1.1862 -2.3773 1.3057
v 1.4371 -2.0766 1.2497
v 1.1355 -2.1987 1.3404
v 1.0801 -2.0385 1.3697
v 1.2656 -2.0470 1.3459
v 0.8990 -2.0592 1.3358
v 1.1597 -1.1275 1.3689
v 1.4510 -2.1998 1.2299
v 1.5537 -2.0854 1.1348
v 1.3189 -1.9250 1.3327
v 0.7466 -1.8174 1.3188
v 0.9002 -1.7573 1.3705
v 0.8026 -1.9225 1.3266
v 0.6669 -1.7114 1.3000
v 1.3933 -0.8465 1.2260
v 2.0329 -7.6650 0.6707
v 2.0606 -7.6908 0.5738
v 2.0741 -7.7193 0.4739
v 2.0312 -7.6448 0.6653
v 2.0592 -7.6716 0.5683
v 2.0716 -7.7003 0.4678
v 2.0867 -7.5207 0.4251
v 2.1043 -7.3389 0.3832
v 2.1143 -7.1564 0.3423
v 2.1180 -6.9732 0.3024
v 2.1173 -6.7894 0.2649
v 2.1117 -6.6052 0.2341
v 2.0955 -6.4203 0.2016
v 2.0815 -6.2344 0.1676
v 2.0685 -6.0477 0.1392
v 2.0801 -5.8609 0.1057
v 2.0874 -5.6741 0.0708
v 2.0947 -5.4881 0.0408
v 2.1052 -5.3014 0.0161
v 2.1151 -5.1140 -0.0046
v 2.1140 -4.9233 -0.0168
v 2.0907 -4.7320 -0.0191
v 2.0619 -4.5411 -0.0164
v 2.0284 -4.3500 0.0139
v 1.9897 -4.1610 0.0497
v 1.9422 -3.9780 0.0932
v 1.8821 -3.8017 0.1405
v 1.8265 -3.6237 0.1773
v 1.7768 -3.4445 0.2084
v 1.7453 -3.2589 0.2305
v 1.7477 -3.0695 0.2381
v 1.7491 -2.8802 0.2465
v 1.7563 -2.6899 0.2502
v 1.7737 -2.4991 0.2481
v 1.7929 -2.3081 0.2491
v 1.8117 -2.1155 0.2583
v 1.8315 -1.9210 0.2655
v 1.8510 -1.7245 0.2717
v 1.8665 -1.5252 0.2752
v 1.8753 -1.3230 0.2771
v 1.8826 -1.1185 0.2765
v 1.8830 -1.1110 0.2776
v 1.8909 -0.9104 0.2834
v 1.8850 -0.7055 0.2879
v 1.8776 -0.4973 0.2887
v 1.8566 -0.2874 0.2878
v 1.8117 -0.0797 0.2902
v 1.7546 0.1251 0.3004
v 1.6892 0.3278 0.3201
v 1.6229 0.5299 0.3472
v 1.5722 0.7357 0.3793
v 1.5331 0.9436 0.4130
v 1.4863 1.1498 0.4420
v 1.4228 1.3500 0.4655
v 1.3497 1.5440 0.4909
v 1.2872 1.7359 0.5290
v 1.2829 1.7515 0.5297
v 1.2911 1.7351 0.5132
v 1.2600 1.7505 0.6269
v 1.2178 1.7507 0.7496
v 1.2652 1.5409 0.7455
v 1.3254 1.3319 0.7406
v 1.3900 1.1262 0.7291
v 1.4515 0.9210 0.7083
v 1.4963 0.7131 0.6758
v 1.5495 0.5061 0.6465
v 1.6152 0.3025 0.6272
v 1.6767 0.0984 0.6138
v 1.7323 -0.1071 0.6050
v 1.7846 -0.3125 0.6022
v 1.8237 -0.5203 0.5973
v 1.8540 -0.7287 0.5886
v 1.8691 -0.9370 0.5741
v 1.8892 -1.1415 0.5535
v 1.8891 -1.1467 0.5534
v 1.8802 -1.3538 0.5680
v 1.8670 -1.5605 0.5720
v 1.8527 -1.7654 0.5705
v 1.8299 -1.9677 0.5630
v 1.8098 -2.1678 0.5551
v 1.7941 -2.3679 0.5476
v 1.7825 -2.5665 0.5429
v 1.7790 -2.7639 0.5384
v 1.7863 -2.9592 0.5286
v 1.8057 -3.1515 0.5109
v 1.8314 -3.3415 0.4936
v 1.8627 -3.5301 0.4699
v 1.8891 -3.7178 0.4393
v 1.9290 -3.9021 0.4013
v 1.9784 -4.0858 0.3640
v 2.0318 -4.2705 0.3335
v 2.0711 -4.4594 0.3169
v 2.1023 -4.6504 0.3134
v 2.1122 -4.8423 0.3129
v 2.1190 -5.0334 0.3177
v 2.1115 -5.2249 0.3218
v 2.0923 -5.4158 0.3298
v 2.0761 -5.6063 0.3428
v 2.0638 -5.7970 0.3596
v 2.0506 -5.9879 0.3724
v 2.0324 -6.1797 0.3773
v 2.0862 -6.3707 0.4291
v 2.0939 -6.5592 0.4530
v 2.1148 -6.7223 0.4821
v 2.1012 -6.9100 0.5027
v 2.1071 -7.0994 0.5442
v 2.1138 -7.2880 0.5898
v 2.0323 -7.4640 0.6020
v 2.0320 -7.6549 0.6679
v 2.1179 -7.4111 0.5027
v 2.1325 -7.2308 0.4605
v 2.1381 -7.0491 0.4178
v 2.1394 -6.8667 0.3774
v 2.1636 -6.6841 0.3675
v 2.1564 -6.5016 0.3481
v 2.1045 -6.3176 0.2771
v 2.0791 -5.9482 0.2295
v 2.1051 -5.5833 0.1717
v 2.0952 -5.7659 0.2000
v 2.0761 -6.1338 0.2516
v 2.1243 -5.2152 0.1309
v 2.1334 -5.0343 0.1227
v 2.1091 -4.6496 0.1149
v 2.1251 -4.8415 0.1138
v 2.1160 -5.3956 0.1500
v 1.8347 -3.4216 0.3677
v 2.0664 -4.3458 0.2023
v 2.0230 -4.1599 0.2321
v 1.9720 -3.9714 0.2655
v 1.8052 -3.2331 0.3837
v 1.9185 -3.7892 0.3064
v 1.8652 -3.6079 0.3408
v 1.3338 1.4621 0.6398
v 1.4008 1.2615 0.6252
v 1.5157 0.8520 0.5787
v 1.4686 1.0605 0.6120
v 1.5579 0.6439 0.5432
v 1.2982 1.6142 0.6066
v 1.7454 0.0327 0.4816
v 1.8853 -0.5905 0.4723
v 1.8084 -0.1680 0.4730
v 1.8535 -0.3765 0.4740
v 1.6099 0.4354 0.5124
v 1.6849 0.2371 0.4945
v 2.0907 -7.5575 0.5437
v 1.8115 -2.2638 0.4233
v 1.7973 -2.4600 0.4190
v 1.8278 -2.0660 0.4304
v 1.8724 -1.6677 0.4419
v 1.8906 -1.4627 0.4424
v 1.8525 -1.8673 0.4380
v 1.7864 -2.6547 0.4181
v 1.9063 -1.0119 0.4417
v 1.9031 -0.8030 0.4540
v 1.9023 -1.2529 0.4364
v 1.7836 -2.8502 0.4137
v 1.7864 -2.9854 0.3612
vt 0.4971 0.3055
vt 0.4751 0.3004
vt 0.4751 0.2980
vt 0.4751 0.2830
vt 0.4750 0.2680
vt 0.4970 0.2728
vt 0.4751 0.2980
vt 0.4751 0.2830
vt 0.4971 0.2891
vt 0.4971 0.3182
vt 0.4752 0.3244
vt 0.4751 0.3117
vt 0.5206 0.2833
vt 0.4971 0.2891
vt 0.4970 0.2728
vt 0.4751 0.3117
vt 0.5206 0.2677
vt 0.4970 0.2728
vt 0.4970 0.2564
vt 0.4750 0.2530
vt 0.4750 0.2380
vt 0.4749 0.2231
vt 0.4969 0.2237
vt 0.4749 0.1931
vt 0.4748 0.1910
vt 0.4968 0.1910
vt 0.4749 0.2081
vt 0.4749 0.1931
vt 0.4969 0.2074
vt 0.4749 0.2231
vt 0.4969 0.2401
vt 0.4750 0.2380
vt 0.4969 0.2074
vt 0.4968 0.1910
vt 0.5206 0.2053
vt 0.5206 0.2365
vt 0.5206 0.2521
vt 0.4748 0.1890
vt 0.5206 0.2209
vt 0.5198 0.3118
vt 0.4971 0.3182
vt 0.4971 0.3055
vt 0.4971 0.3055
vt 0.5206 0.3021
vt 0.5206 0.3054
vt 0.5206 0.2989
vt 0.5425 0.3054
vt 0.5318 0.2957
vt 0.5318 0.2957
vt 0.5206 0.2833
vt 0.5425 0.2888
vt 0.5426 0.2722
vt 0.5426 0.2557
vt 0.5206 0.2677
vt 0.5206 0.2521
vt 0.5206 0.2209
vt 0.5206 0.2053
vt 0.5426 0.2060
vt 0.5426 0.2391
vt 0.5426 0.2225
vt 0.5426 0.2722
vt 0.5426 0.1894
vt 0.5206 0.1897
vt 0.4748 0.1740
vt 0.4748 0.1590
vt 0.4968 0.1745
vt 0.4747 0.1440
vt 0.4747 0.1291
vt 0.4967 0.1413
vt 0.4748 0.1590
vt 0.4747 0.1440
vt 0.4967 0.1579
vt 0.4968 0.1745
vt 0.4748 0.1890
vt 0.5206 0.1274
vt 0.4967 0.1413
vt 0.4967 0.1247
vt 0.5206 0.1585
vt 0.5206 0.1429
vt 0.4747 0.1141
vt 0.4966 0.0916
vt 0.4746 0.0991
vt 0.4746 0.0841
vt 0.4965 0.0750
vt 0.4746 0.0820
vt 0.4746 0.0699
vt 0.4746 0.0841
vt 0.4745 0.0577
vt 0.4965 0.0628
vt 0.4746 0.0699
vt 0.4966 0.1081
vt 0.4746 0.0991
vt 0.4965 0.0750
vt 0.4965 0.0628
vt 0.5196 0.0681
vt 0.5207 0.0962
vt 0.5207 0.0806
vt 0.5207 0.1118
vt 0.5426 0.1894
vt 0.5206 0.1897
vt 0.5206 0.1741
vt 0.5206 0.1741
vt 0.5426 0.1563
vt 0.5206 0.1585
vt 0.5206 0.1429
vt 0.5426 0.1728
vt 0.5426 0.1397
vt 0.5426 0.1231
vt 0.5207 0.1118
vt 0.5426 0.1066
vt 0.5207 0.1118
vt 0.5207 0.0962
vt 0.5207 0.0770
vt 0.5208 0.0734
vt 0.5336 0.0835
vt 0.5427 0.0900
vt 0.5427 0.0735
vt 0.5427 0.0735
vt 0.5208 0.0734
vt 0.5196 0.0681
vt 0.5006 0.5714
vt 0.4786 0.5770
vt 0.4786 0.5631
vt 0.4785 0.5492
vt 0.4785 0.5353
vt 0.5005 0.5420
vt 0.4786 0.5631
vt 0.4785 0.5492
vt 0.5005 0.5567
vt 0.5006 0.5829
vt 0.4787 0.5884
vt 0.4786 0.5865
vt 0.4786 0.5770
vt 0.5241 0.5374
vt 0.5005 0.5420
vt 0.5005 0.5272
vt 0.5241 0.5514
vt 0.4785 0.5215
vt 0.5004 0.4978
vt 0.4784 0.5076
vt 0.4784 0.4937
vt 0.4783 0.4702
vt 0.4783 0.4683
vt 0.5003 0.4683
vt 0.5003 0.4830
vt 0.4784 0.4937
vt 0.4784 0.4820
vt 0.4783 0.4702
vt 0.5004 0.5125
vt 0.4784 0.5076
vt 0.5003 0.4830
vt 0.5003 0.4683
vt 0.5241 0.4812
vt 0.5241 0.5093
vt 0.5241 0.5233
vt 0.4783 0.4664
vt 0.5241 0.4952
vt 0.5233 0.5771
vt 0.5006 0.5829
vt 0.5006 0.5714
vt 0.5006 0.5714
vt 0.5241 0.5684
vt 0.5241 0.5713
vt 0.5241 0.5654
vt 0.5460 0.5713
vt 0.5353 0.5626
vt 0.5353 0.5626
vt 0.5241 0.5514
vt 0.5460 0.5564
vt 0.5460 0.5415
vt 0.5460 0.5265
vt 0.5241 0.5374
vt 0.5241 0.5233
vt 0.5241 0.4952
vt 0.5241 0.4812
vt 0.5461 0.4818
vt 0.5460 0.5116
vt 0.5460 0.4967
vt 0.5460 0.5415
vt 0.5461 0.4668
vt 0.5241 0.4671
vt 0.4783 0.4547
vt 0.4783 0.4429
vt 0.5003 0.4534
vt 0.4783 0.4429
vt 0.4782 0.4290
vt 0.5002 0.4384
vt 0.5002 0.4235
vt 0.4782 0.4290
vt 0.4782 0.4150
vt 0.5003 0.4534
vt 0.4783 0.4664
vt 0.5241 0.4109
vt 0.5002 0.4235
vt 0.5001 0.4086
vt 0.5241 0.4390
vt 0.5241 0.4250
vt 0.4781 0.4011
vt 0.5001 0.3787
vt 0.4781 0.3871
vt 0.4781 0.3732
vt 0.5000 0.3528
vt 0.4780 0.3592
vt 0.4780 0.3502
vt 0.4781 0.3732
vt 0.4780 0.3592
vt 0.5000 0.3638
vt 0.4780 0.3482
vt 0.5001 0.3936
vt 0.4781 0.3871
vt 0.5000 0.3638
vt 0.5000 0.3528
vt 0.5231 0.3576
vt 0.5242 0.3828
vt 0.5241 0.3969
vt 0.5242 0.3688
vt 0.5461 0.4668
vt 0.5241 0.4671
vt 0.5241 0.4531
vt 0.5241 0.4531
vt 0.5461 0.4370
vt 0.5241 0.4390
vt 0.5241 0.4250
vt 0.5461 0.4519
vt 0.5461 0.4221
vt 0.5461 0.4072
vt 0.5241 0.3969
vt 0.5461 0.3922
vt 0.5241 0.3969
vt 0.5242 0.3828
vt 0.5242 0.3656
vt 0.5242 0.3623
vt 0.5371 0.3715
vt 0.5462 0.3773
vt 0.5462 0.3624
vt 0.5462 0.3624
vt 0.5242 0.3623
vt 0.5231 0.3576
vt 0.8124 0.0208
vt 0.8144 0.0208
vt 0.8126 0.0228
vt 0.8584 0.2946
vt 0.8438 0.3056
vt 0.8419 0.2868
vt 0.8146 0.0228
vt 0.8775 0.1584
vt 0.8921 0.1722
vt 0.8781 0.1771
vt 0.8146 0.0417
vt 0.8146 0.0228
vt 0.8166 0.0417
vt 0.8165 0.0606
vt 0.8166 0.0417
vt 0.8185 0.0605
vt 0.8146 0.0228
vt 0.8321 0.0228
vt 0.8292 0.0363
vt 0.9130 0.0615
vt 0.9080 0.0746
vt 0.8967 0.0664
vt 0.8319 0.0208
vt 0.8373 0.0681
vt 0.8343 0.0875
vt 0.8205 0.0794
vt 0.8185 0.0794
vt 0.8185 0.0605
vt 0.8205 0.0794
vt 0.8185 0.0605
vt 0.8282 0.0500
vt 0.8373 0.0681
vt 0.8424 0.0486
vt 0.8282 0.0500
vt 0.8292 0.0363
vt 0.8204 0.0983
vt 0.8344 0.8318
vt 0.8335 0.8520
vt 0.8213 0.8445
vt 0.8224 0.1171
vt 0.8204 0.0983
vt 0.8224 0.0982
vt 0.8244 0.1171
vt 0.8443 0.1073
vt 0.8317 0.1068
vt 0.8343 0.0875
vt 0.8243 0.1360
vt 0.8317 0.1068
vt 0.8261 0.8014
vt 0.8242 0.8144
vt 0.8142 0.8078
vt 0.9509 0.2586
vt 0.9601 0.2492
vt 0.9601 0.2681
vt 0.8215 0.9214
vt 0.8093 0.9083
vt 0.8337 0.9083
vt 0.9294 0.2398
vt 0.9275 0.2279
vt 0.9378 0.2216
vt 0.8262 0.1549
vt 0.8243 0.1360
vt 0.8263 0.1359
vt 0.9233 0.2631
vt 0.9228 0.2505
vt 0.9378 0.2577
vt 0.8321 0.0228
vt 0.8496 0.0228
vt 0.8429 0.0348
vt 0.8186 0.4985
vt 0.8206 0.4989
vt 0.8172 0.5183
vt 0.8220 0.4792
vt 0.8240 0.4795
vt 0.8254 0.4598
vt 0.8502 0.0859
vt 0.8240 0.4795
vt 0.8274 0.4601
vt 0.8318 0.4709
vt 0.9029 0.3281
vt 0.9199 0.3171
vt 0.9173 0.3318
vt 0.9138 0.1675
vt 0.8991 0.1854
vt 0.8921 0.1722
vt 0.8262 0.1549
vt 0.8282 0.1548
vt 0.8282 0.1737
vt 0.8302 0.1736
vt 0.8437 0.1627
vt 0.8709 0.1430
vt 0.8775 0.1584
vt 0.8607 0.1491
vt 0.8301 0.1926
vt 0.8308 0.4407
vt 0.8288 0.4404
vt 0.8322 0.4210
vt 0.8321 0.1925
vt 0.9283 0.1154
vt 0.9105 0.1295
vt 0.9169 0.1077
vt 0.9116 0.4696
vt 0.9126 0.4555
vt 0.9344 0.4634
vt 0.8583 0.0574
vt 0.8584 0.0392
vt 0.8759 0.0523
vt 0.8462 0.4268
vt 0.8308 0.4407
vt 0.8341 0.4214
vt 0.9357 0.1271
vt 0.9447 0.1455
vt 0.9267 0.1455
vt 0.8504 0.2382
vt 0.8567 0.2192
vt 0.8668 0.2366
vt 0.8321 0.1925
vt 0.8476 0.1813
vt 0.8503 0.2001
vt 0.8321 0.1925
vt 0.8341 0.2113
vt 0.8321 0.2115
vt 0.8711 0.0686
vt 0.8651 0.0827
vt 0.8550 0.0720
vt 0.8340 0.2303
vt 0.8360 0.2492
vt 0.8360 0.2302
vt 0.8380 0.2490
vt 0.8340 0.2303
vt 0.8667 0.1305
vt 0.8607 0.1491
vt 0.8504 0.1431
vt 0.8429 0.0348
vt 0.8584 0.0392
vt 0.8424 0.0486
vt 0.8476 0.1813
vt 0.8496 0.0228
vt 0.8495 0.0208
vt 0.8670 0.0208
vt 0.8671 0.0228
vt 0.8845 0.0208
vt 0.8591 0.1893
vt 0.8504 0.2382
vt 0.8379 0.2681
vt 0.8380 0.2490
vt 0.8399 0.2679
vt 0.8399 0.2869
vt 0.8478 0.2576
vt 0.8595 0.2464
vt 0.8478 0.2576
vt 0.8504 0.2382
vt 0.8419 0.2868
vt 0.8559 0.2758
vt 0.8902 0.0443
vt 0.8879 0.0570
vt 0.8759 0.0523
vt 0.8257 0.6636
vt 0.8107 0.6669
vt 0.8216 0.6488
vt 0.8049 0.7583
vt 0.7868 0.7674
vt 0.7868 0.7487
vt 0.8524 0.3142
vt 0.8584 0.2946
vt 0.8643 0.3119
vt 0.8389 0.3823
vt 0.8443 0.3632
vt 0.8409 0.3826
vt 0.8418 0.3058
vt 0.8355 0.4016
vt 0.8355 0.4016
vt 0.8375 0.4020
vt 0.7868 0.9553
vt 0.7868 0.9365
vt 0.7962 0.9459
vt 0.8464 0.5055
vt 0.8547 0.5148
vt 0.8434 0.5227
vt 0.8490 0.3740
vt 0.9099 0.9365
vt 0.9037 0.9249
vt 0.9147 0.9177
vt 0.8438 0.3246
vt 0.8438 0.3056
vt 0.8457 0.3245
vt 0.9601 0.2492
vt 0.9462 0.2398
vt 0.9601 0.2303
vt 0.8457 0.3435
vt 0.9601 0.3436
vt 0.9476 0.3341
vt 0.9601 0.3246
vt 0.8643 0.3119
vt 0.8740 0.3311
vt 0.8587 0.3326
vt 0.8477 0.3433
vt 0.8423 0.3629
vt 0.8477 0.3439
vt 0.8457 0.3435
vt 0.9493 0.1643
vt 0.9454 0.1832
vt 0.9357 0.1687
vt 0.8490 0.3740
vt 0.8580 0.3627
vt 0.8607 0.3761
vt 0.8618 0.3467
vt 0.8418 0.3058
vt 0.9398 0.3551
vt 0.9450 0.3732
vt 0.9253 0.3690
vt 0.8587 0.3326
vt 0.8464 0.0601
vt 0.8759 0.0363
vt 0.8496 0.4141
vt 0.9215 0.2785
vt 0.9145 0.2883
vt 0.9086 0.2680
vt 0.7848 0.7111
vt 0.7848 0.6923
vt 0.7868 0.6927
vt 0.7848 0.7299
vt 0.7848 0.7111
vt 0.7868 0.7299
vt 0.9523 0.3535
vt 0.9601 0.3436
vt 0.9608 0.3629
vt 0.9425 0.0705
vt 0.9283 0.0540
vt 0.9455 0.0511
vt 0.7848 0.7674
vt 0.7848 0.7487
vt 0.7868 0.7674
vt 0.7848 0.8050
vt 0.7848 0.7862
vt 0.7868 0.7862
vt 0.7848 0.7674
vt 0.9067 0.0456
vt 0.8933 0.0320
vt 0.9108 0.0329
vt 0.7848 0.7299
vt 0.7868 0.7487
vt 0.7848 0.7487
vt 0.8700 0.1981
vt 0.8802 0.2173
vt 0.8610 0.2072
vt 0.7868 0.7111
vt 0.8256 0.7233
vt 0.8391 0.7393
vt 0.8256 0.7412
vt 0.7977 0.7393
vt 0.8144 0.7275
vt 0.7977 0.7393
vt 0.8049 0.7203
vt 0.7868 0.8050
vt 0.7848 0.8238
vt 0.7868 0.8238
vt 0.7868 0.8050
vt 0.8043 0.8144
vt 0.9195 0.8289
vt 0.9387 0.8238
vt 0.9339 0.8426
vt 0.7868 0.8426
vt 0.7848 0.8238
vt 0.7868 0.8238
vt 0.7882 0.6729
vt 0.9425 0.0705
vt 0.9601 0.0606
vt 0.9601 0.0794
vt 0.7848 0.8989
vt 0.7848 0.8801
vt 0.7868 0.8801
vt 0.8150 0.9412
vt 0.8056 0.9553
vt 0.7962 0.9459
vt 0.7848 0.9177
vt 0.7848 0.8989
vt 0.7868 0.8989
vt 0.9462 0.2398
vt 0.9378 0.2577
vt 0.9294 0.2398
vt 0.8142 0.8205
vt 0.7868 0.9177
vt 0.7848 0.9365
vt 0.7848 0.9177
vt 0.8215 0.8946
vt 0.7868 0.9553
vt 0.7848 0.9573
vt 0.7848 0.9553
vt 0.7848 0.9553
vt 0.7848 0.9365
vt 0.7868 0.9365
vt 0.8142 0.8322
vt 0.8008 0.8381
vt 0.7991 0.8257
vt 0.8039 0.8895
vt 0.7868 0.8989
vt 0.7868 0.8801
vt 0.7848 0.8426
vt 0.7868 0.8613
vt 0.7848 0.8613
vt 0.7868 0.8426
vt 0.7868 0.8801
vt 0.8338 0.9481
vt 0.8527 0.9438
vt 0.8432 0.9553
vt 0.7960 0.8520
vt 0.7961 0.9083
vt 0.8048 0.9278
vt 0.7868 0.9365
vt 0.7868 0.9177
vt 0.8093 0.9083
vt 0.7961 0.9083
vt 0.8039 0.8895
vt 0.7868 0.9573
vt 0.9371 0.0228
vt 0.9466 0.0370
vt 0.9283 0.0372
vt 0.7983 0.6148
vt 0.8017 0.5954
vt 0.8037 0.5958
vt 0.9283 0.0372
vt 0.9283 0.0540
vt 0.9191 0.0456
vt 0.8051 0.5760
vt 0.8003 0.6151
vt 0.7935 0.6539
vt 0.7916 0.6536
vt 0.7949 0.6342
vt 0.8248 0.6776
vt 0.8003 0.6151
vt 0.7969 0.6345
vt 0.7949 0.6342
vt 0.8056 0.6261
vt 0.8185 0.6084
vt 0.8176 0.6278
vt 0.8406 0.1249
vt 0.8119 0.5373
vt 0.8138 0.5376
vt 0.8104 0.5570
vt 0.8152 0.5179
vt 0.8172 0.5183
vt 0.9340 0.3028
vt 0.9199 0.3171
vt 0.9235 0.2964
vt 0.8414 0.5421
vt 0.8323 0.5309
vt 0.8491 0.5331
vt 0.8071 0.5764
vt 0.8085 0.5567
vt 0.8104 0.5570
vt 0.8182 0.5484
vt 0.8126 0.5873
vt 0.9267 0.1455
vt 0.9357 0.1553
vt 0.9138 0.1675
vt 0.9601 0.2869
vt 0.9511 0.2775
vt 0.9601 0.2681
vt 0.9128 0.5137
vt 0.9252 0.5167
vt 0.9079 0.5331
vt 0.9303 0.7516
vt 0.9276 0.7370
vt 0.9423 0.7347
vt 0.7901 0.6733
vt 0.8299 0.8651
vt 0.7935 0.6539
vt 0.9493 0.1643
vt 0.9601 0.1549
vt 0.9601 0.1737
vt 0.7964 0.9573
vt 0.8056 0.9553
vt 0.8105 0.9573
vt 0.7964 0.9573
vt 0.8244 0.9553
vt 0.7999 0.6850
vt 0.8046 0.7023
vt 0.7868 0.6927
vt 0.7991 0.8257
vt 0.8244 0.9553
vt 0.8432 0.9553
vt 0.8386 0.9573
vt 0.8621 0.9553
vt 0.8809 0.9553
vt 0.8668 0.9573
vt 0.8527 0.9289
vt 0.8527 0.9438
vt 0.8332 0.9363
vt 0.8621 0.9553
vt 0.8527 0.9573
vt 0.8043 0.8144
vt 0.8246 0.9573
vt 0.8306 0.7578
vt 0.8427 0.7673
vt 0.8232 0.7768
vt 0.8177 0.7522
vt 0.8132 0.7684
vt 0.8049 0.7583
vt 0.8809 0.9573
vt 0.8903 0.7298
vt 0.9028 0.7245
vt 0.8920 0.7422
vt 0.9319 0.3341
vt 0.9309 0.3220
vt 0.9476 0.3341
vt 0.8323 0.5309
vt 0.8172 0.5183
vt 0.8355 0.5115
vt 0.8721 0.9363
vt 0.8715 0.9481
vt 0.8527 0.9438
vt 0.8696 0.3004
vt 0.7989 0.7956
vt 0.8846 0.0228
vt 0.8759 0.0363
vt 0.8671 0.0228
vt 0.9455 0.0511
vt 0.8845 0.0208
vt 0.9020 0.0208
vt 0.8846 0.0228
vt 0.8389 0.1376
vt 0.9421 0.2020
vt 0.9320 0.1957
vt 0.9454 0.1832
vt 0.9020 0.0208
vt 0.9195 0.0208
vt 0.9021 0.0228
vt 0.9108 0.0329
vt 0.9466 0.0370
vt 0.9486 0.0228
vt 0.9601 0.0228
vt 0.9371 0.0208
vt 0.9371 0.0228
vt 0.9196 0.0228
vt 0.9196 0.0228
vt 0.9601 0.0417
vt 0.9486 0.0228
vt 0.9371 0.0208
vt 0.9486 0.0208
vt 0.9601 0.2115
vt 0.9601 0.2303
vt 0.9509 0.2209
vt 0.8524 0.3142
vt 0.9601 0.0208
vt 0.9621 0.0417
vt 0.9601 0.0606
vt 0.9601 0.0417
vt 0.9601 0.0983
vt 0.9601 0.1172
vt 0.9423 0.1077
vt 0.9621 0.0983
vt 0.9601 0.0983
vt 0.9601 0.0794
vt 0.9621 0.0606
vt 0.9621 0.0228
vt 0.8730 0.3429
vt 0.9495 0.0889
vt 0.9447 0.1455
vt 0.9601 0.1360
vt 0.9601 0.1549
vt 0.9621 0.1172
vt 0.9601 0.1360
vt 0.9601 0.1172
vt 0.9621 0.1360
vt 0.9493 0.1643
vt 0.9357 0.1553
vt 0.9447 0.1455
vt 0.9621 0.1737
vt 0.9601 0.1926
vt 0.9601 0.1737
vt 0.9421 0.2020
vt 0.9601 0.1926
vt 0.9601 0.2115
vt 0.9621 0.2115
vt 0.9621 0.1926
vt 0.9509 0.2209
vt 0.9621 0.1549
vt 0.9266 0.0698
vt 0.9255 0.0819
vt 0.9080 0.0746
vt 0.9601 0.3058
vt 0.9446 0.2964
vt 0.9601 0.2869
vt 0.9621 0.2492
vt 0.9228 0.2505
vt 0.9103 0.2486
vt 0.9113 0.2352
vt 0.9621 0.2869
vt 0.9621 0.2681
vt 0.9521 0.3152
vt 0.9398 0.3138
vt 0.9521 0.3152
vt 0.9476 0.3341
vt 0.9621 0.3435
vt 0.9398 0.3551
vt 0.9626 0.3594
vt 0.9621 0.3058
vt 0.9601 0.3246
vt 0.9601 0.3058
vt 0.9608 0.3629
vt 0.9614 0.3823
vt 0.9450 0.3732
vt 0.9621 0.2303
vt 0.9320 0.2101
vt 0.9219 0.2020
vt 0.9320 0.1957
vt 0.9621 0.0208
vt 0.8580 0.3627
vt 0.9621 0.0794
vt 0.8906 0.8441
vt 0.8869 0.8300
vt 0.9075 0.8353
vt 0.8825 0.3147
vt 0.8651 0.9256
vt 0.8519 0.9095
vt 0.8696 0.9136
vt 0.8402 0.1506
vt 0.8035 0.7772
vt 0.8933 0.0320
vt 0.8438 0.2199
vt 0.9621 0.3246
vt 0.9108 0.0329
vt 0.9354 0.0889
vt 0.9495 0.0889
vt 0.9423 0.1077
vt 0.9523 0.3535
vt 0.9638 0.3911
vt 0.9621 0.4016
vt 0.9614 0.3823
vt 0.9621 0.4016
vt 0.9643 0.4069
vt 0.9628 0.4210
vt 0.9632 0.3752
vt 0.9479 0.4118
vt 0.8550 0.0720
vt 0.8373 0.0681
vt 0.8464 0.0601
vt 0.9649 0.4228
vt 0.9635 0.4403
vt 0.9649 0.4790
vt 0.9574 0.4890
vt 0.9475 0.4699
vt 0.9642 0.4597
vt 0.9635 0.4403
vt 0.9660 0.4545
vt 0.9654 0.4386
vt 0.8092 0.8520
vt 0.8024 0.8675
vt 0.7960 0.8520
vt 0.9666 0.4703
vt 0.8338 0.9481
vt 0.8150 0.9412
vt 0.8332 0.9363
vt 0.9656 0.4984
vt 0.9387 0.8238
vt 0.9435 0.8050
vt 0.9408 0.8238
vt 0.9050 0.8848
vt 0.9195 0.8989
vt 0.9002 0.9040
vt 0.9456 0.8051
vt 0.9360 0.8426
vt 0.9291 0.8614
vt 0.9312 0.8614
vt 0.9264 0.8802
vt 0.9339 0.8426
vt 0.9360 0.8426
vt 0.8455 0.8424
vt 0.9291 0.8614
vt 0.9243 0.8801
vt 0.9153 0.8678
vt 0.9552 0.7675
vt 0.9580 0.7487
vt 0.9600 0.7487
vt 0.9532 0.7675
vt 0.9600 0.7487
vt 0.9628 0.7299
vt 0.9648 0.7299
vt 0.9376 0.6996
vt 0.9520 0.6970
vt 0.9399 0.7141
vt 0.8924 0.2504
vt 0.8980 0.2333
vt 0.9103 0.2486
vt 0.9456 0.8051
vt 0.9483 0.7863
vt 0.9504 0.7863
vt 0.9504 0.7863
vt 0.9195 0.8289
vt 0.9075 0.8353
vt 0.9116 0.8195
vt 0.8711 0.0686
vt 0.9447 0.7553
vt 0.9245 0.7628
vt 0.9303 0.7516
vt 0.9295 0.8115
vt 0.9253 0.3690
vt 0.9146 0.3606
vt 0.9226 0.3496
vt 0.9047 0.9573
vt 0.8930 0.9553
vt 0.9051 0.9553
vt 0.8931 0.9384
vt 0.9071 0.9554
vt 0.9051 0.9553
vt 0.9099 0.9365
vt 0.9066 0.9573
vt 0.8928 0.9573
vt 0.8390 0.9224
vt 0.8337 0.9083
vt 0.8519 0.9095
vt 0.8928 0.9573
vt 0.8832 0.9311
vt 0.9195 0.8989
vt 0.9215 0.8990
vt 0.9167 0.9178
vt 0.9243 0.8801
vt 0.9264 0.8802
vt 0.8715 0.9481
vt 0.9423 0.1077
vt 0.9283 0.1154
vt 0.9296 0.1017
vt 0.9119 0.9366
vt 0.9167 0.9178
vt 0.8931 0.9384
vt 0.8438 0.2199
vt 0.8503 0.2001
vt 0.8567 0.2192
vt 0.9332 0.3804
vt 0.8911 0.9217
vt 0.9037 0.9249
vt 0.8931 0.9384
vt 0.9050 0.8848
vt 0.8832 0.9311
vt 0.9327 0.7724
vt 0.9649 0.4790
vt 0.9666 0.4703
vt 0.9671 0.4862
vt 0.9497 0.1266
vt 0.9663 0.5177
vt 0.9656 0.4984
vt 0.9677 0.5021
vt 0.9607 0.5857
vt 0.9523 0.6054
vt 0.9482 0.5861
vt 0.9694 0.5496
vt 0.9676 0.5564
vt 0.9669 0.5370
vt 0.9663 0.5177
vt 0.9688 0.5338
vt 0.9669 0.5370
vt 0.9197 0.5577
vt 0.9403 0.5539
vt 0.9353 0.5715
vt 0.9607 0.5857
vt 0.9683 0.5757
vt 0.9690 0.5951
vt 0.9683 0.5179
vt 0.9700 0.5655
vt 0.8775 0.1584
vt 0.8896 0.1389
vt 0.8942 0.1575
vt 0.8864 0.2052
vt 0.8998 0.2078
vt 0.8802 0.2173
vt 0.9639 0.6437
vt 0.9601 0.6632
vt 0.9520 0.6439
vt 0.9705 0.5813
vt 0.9700 0.5655
vt 0.9711 0.5972
vt 0.9509 0.2586
vt 0.9511 0.2775
vt 0.9381 0.2775
vt 0.9704 0.6338
vt 0.9639 0.6437
vt 0.9534 0.6247
vt 0.9634 0.7001
vt 0.9562 0.6801
vt 0.9725 0.6918
vt 0.9722 0.6289
vt 0.9704 0.6338
vt 0.9697 0.6144
vt 0.9711 0.5972
vt 0.9717 0.6130
vt 0.9697 0.6144
vt 0.7989 0.7956
vt 0.8035 0.7772
vt 0.8134 0.7839
vt 0.9711 0.6531
vt 0.9704 0.6338
vt 0.9728 0.6448
vt 0.9648 0.7299
vt 0.9676 0.7111
vt 0.9697 0.7111
vt 0.9520 0.6970
vt 0.9634 0.7001
vt 0.9543 0.7178
vt 0.9724 0.6924
vt 0.9447 0.7553
vt 0.9423 0.7347
vt 0.9538 0.7376
vt 0.9309 0.3220
vt 0.9711 0.6531
vt 0.9718 0.6725
vt 0.9601 0.6632
vt 0.9733 0.6606
vt 0.8651 0.0827
vt 0.8727 0.1029
vt 0.8576 0.0994
vt 0.9739 0.6765
vt 0.9724 0.6924
vt 0.9725 0.6918
vt 0.9745 0.6923
vt 0.9634 0.7001
vt 0.9739 0.6765
vt 0.9340 0.2895
vt 0.9446 0.2964
vt 0.9340 0.3028
vt 0.9543 0.7178
vt 0.8883 0.3281
vt 0.9033 0.3152
vt 0.9029 0.3281
vt 0.8150 0.8842
vt 0.8528 0.7354
vt 0.8665 0.7390
vt 0.8549 0.7555
vt 0.9294 0.5287
vt 0.9250 0.5433
vt 0.9079 0.5331
vt 0.9340 0.4954
vt 0.9505 0.5048
vt 0.9344 0.5079
vt 0.8804 0.0827
vt 0.8711 0.0686
vt 0.8841 0.0701
vt 0.8591 0.1197
vt 0.8437 0.1627
vt 0.9266 0.0698
vt 0.9130 0.0615
vt 0.9283 0.0540
vt 0.9497 0.1266
vt 0.9357 0.1271
vt 0.8841 0.0701
vt 0.8689 0.2237
vt 0.9454 0.1832
vt 0.9273 0.1847
vt 0.8772 0.2569
vt 0.8559 0.2758
vt 0.8665 0.2695
vt 0.8702 0.2858
vt 0.9294 0.2398
vt 0.9446 0.2964
vt 0.8702 0.2858
vt 0.8815 0.2964
vt 0.8696 0.3004
vt 0.9378 0.2577
vt 0.9381 0.2775
vt 0.9215 0.2785
vt 0.9233 0.2631
vt 0.8121 0.7393
vt 0.8107 0.6669
vt 0.7988 0.6648
vt 0.8066 0.6462
vt 0.8306 0.7578
vt 0.8177 0.7522
vt 0.8256 0.7412
vt 0.8008 0.8381
vt 0.8184 0.8724
vt 0.8902 0.0443
vt 0.9067 0.0456
vt 0.8967 0.0664
vt 0.8879 0.0570
vt 0.8576 0.0994
vt 0.8852 0.1108
vt 0.8780 0.1237
vt 0.8701 0.1146
vt 0.8402 0.1506
vt 0.8389 0.1376
vt 0.8521 0.1305
vt 0.8504 0.1431
vt 0.9235 0.1325
vt 0.8833 0.0954
vt 0.8502 0.0859
vt 0.8727 0.1029
vt 0.8610 0.1609
vt 0.8636 0.1753
vt 0.8437 0.1627
vt 0.8591 0.1893
vt 0.9357 0.1553
vt 0.9357 0.1687
vt 0.9244 0.1730
vt 0.8608 0.2586
vt 0.8827 0.2378
vt 0.9309 0.3220
vt 0.8815 0.2964
vt 0.8958 0.3048
vt 0.8825 0.3147
vt 0.9025 0.2896
vt 0.8889 0.2836
vt 0.8930 0.2685
vt 0.9146 0.0870
vt 0.8701 0.1146
vt 0.8667 0.1305
vt 0.8591 0.1197
vt 0.8845 0.1917
vt 0.9133 0.1898
vt 0.9273 0.1847
vt 0.9219 0.2020
vt 0.9133 0.1898
vt 0.9138 0.1675
vt 0.9244 0.1730
vt 0.8772 0.2569
vt 0.8781 0.2735
vt 0.8889 0.2836
vt 0.8959 0.0844
vt 0.8841 0.0701
vt 0.8967 0.0664
vt 0.9255 0.0819
vt 0.9296 0.1017
vt 0.9124 0.2107
vt 0.8781 0.1771
vt 0.8636 0.1753
vt 0.9138 0.1675
vt 0.8942 0.1575
vt 0.9100 0.1505
vt 0.9493 0.5280
vt 0.9403 0.5539
vt 0.9540 0.5461
vt 0.9529 0.5666
vt 0.9534 0.4310
vt 0.9475 0.4506
vt 0.9399 0.4332
vt 0.9018 0.6691
vt 0.9174 0.6647
vt 0.9151 0.6806
vt 0.9447 0.7553
vt 0.9290 0.7230
vt 0.8066 0.6462
vt 0.8176 0.6278
vt 0.8216 0.6488
vt 0.8066 0.6462
vt 0.8709 0.6885
vt 0.8614 0.7024
vt 0.8587 0.6806
vt 0.9010 0.5880
vt 0.9131 0.5835
vt 0.9159 0.6085
vt 0.9126 0.8479
vt 0.9042 0.7451
vt 0.8708 0.3579
vt 0.8708 0.3579
vt 0.8890 0.3650
vt 0.8756 0.3724
vt 0.9002 0.9040
vt 0.8364 0.8936
vt 0.9496 0.3992
vt 0.9489 0.3855
vt 0.9614 0.3823
vt 0.8845 0.3459
vt 0.8740 0.3311
vt 0.8883 0.3281
vt 0.9332 0.3804
vt 0.9277 0.3999
vt 0.9184 0.3812
vt 0.8898 0.3822
vt 0.8746 0.3929
vt 0.8756 0.3724
vt 0.9496 0.3992
vt 0.9226 0.3496
vt 0.9173 0.3318
vt 0.9319 0.3341
vt 0.8142 0.8205
vt 0.8344 0.8318
vt 0.8142 0.8322
vt 0.8261 0.8014
vt 0.8232 0.7768
vt 0.8377 0.7952
vt 0.7989 0.7956
vt 0.8142 0.7959
vt 0.8142 0.8078
vt 0.8232 0.7768
vt 0.8423 0.7520
vt 0.8390 0.9224
vt 0.8651 0.9256
vt 0.7987 0.8788
vt 0.8844 0.9070
vt 0.8647 0.8944
vt 0.8838 0.8910
vt 0.8092 0.8520
vt 0.8615 0.8806
vt 0.8476 0.8836
vt 0.8504 0.8634
vt 0.8184 0.8724
vt 0.8150 0.8842
vt 0.7987 0.8788
vt 0.7987 0.8788
vt 0.8329 0.8784
vt 0.8299 0.8651
vt 0.8504 0.8634
vt 0.8329 0.8784
vt 0.8329 0.8784
vt 0.8516 0.8963
vt 0.8615 0.8806
vt 0.8647 0.8944
vt 0.8476 0.8836
vt 0.9169 0.1077
vt 0.8974 0.1283
vt 0.8998 0.2078
vt 0.9166 0.2228
vt 0.9113 0.2352
vt 0.9032 0.2209
vt 0.9166 0.2228
vt 0.8827 0.2378
vt 0.8802 0.2173
vt 0.8980 0.2333
vt 0.9235 0.2964
vt 0.9086 0.2680
vt 0.9110 0.3049
vt 0.8815 0.2964
vt 0.9086 0.2680
vt 0.8046 0.7023
vt 0.8234 0.7045
vt 0.8163 0.7149
vt 0.8465 0.6989
vt 0.8521 0.7146
vt 0.8367 0.7124
vt 0.8896 0.1389
vt 0.8709 0.1430
vt 0.8780 0.1237
vt 0.9012 0.1157
vt 0.8864 0.2052
vt 0.8700 0.1981
vt 0.8845 0.1917
vt 0.9032 0.2209
vt 0.8689 0.2237
vt 0.9046 0.3513
vt 0.8931 0.3540
vt 0.8890 0.3650
vt 0.8845 0.3459
vt 0.9173 0.3318
vt 0.9046 0.3513
vt 0.8968 0.3402
vt 0.9033 0.3152
vt 0.9060 0.3746
vt 0.8911 0.4121
vt 0.8921 0.3993
vt 0.9070 0.4087
vt 0.9082 0.0982
vt 0.8833 0.0954
vt 0.8959 0.0844
vt 0.8954 0.1000
vt 0.8959 0.0844
vt 0.8845 0.1917
vt 0.9235 0.1325
vt 0.9100 0.1505
vt 0.9105 0.1295
vt 0.8715 0.4984
vt 0.8486 0.4933
vt 0.8520 0.4815
vt 0.9025 0.5734
vt 0.8879 0.5793
vt 0.8814 0.5663
vt 0.8486 0.4933
vt 0.8663 0.5099
vt 0.8464 0.5055
vt 0.9395 0.4208
vt 0.9304 0.4124
vt 0.9479 0.4118
vt 0.9493 0.5280
vt 0.9540 0.5461
vt 0.9398 0.5392
vt 0.9252 0.5167
vt 0.9344 0.5079
vt 0.9444 0.5161
vt 0.8562 0.3954
vt 0.8632 0.4764
vt 0.8520 0.4815
vt 0.8550 0.4647
vt 0.9195 0.4384
vt 0.9058 0.4432
vt 0.9068 0.4312
vt 0.9060 0.3746
vt 0.9253 0.3690
vt 0.9184 0.3812
vt 0.8387 0.5727
vt 0.8365 0.5852
vt 0.8228 0.5736
vt 0.8332 0.6357
vt 0.9010 0.5880
vt 0.9294 0.5287
vt 0.9399 0.7141
vt 0.9290 0.7230
vt 0.9248 0.7066
vt 0.9562 0.6801
vt 0.9447 0.6862
vt 0.9453 0.6637
vt 0.9442 0.7752
vt 0.9327 0.7724
vt 0.9442 0.7752
vt 0.9298 0.7915
vt 0.8330 0.6891
vt 0.8234 0.7045
vt 0.8149 0.6876
vt 0.8056 0.6261
vt 0.8864 0.6077
vt 0.8726 0.6119
vt 0.8670 0.5986
vt 0.9373 0.5985
vt 0.9221 0.8406
vt 0.8923 0.8143
vt 0.9116 0.8195
vt 0.9001 0.8239
vt 0.9096 0.7863
vt 0.9180 0.7956
vt 0.9046 0.7987
vt 0.8628 0.8144
vt 0.8435 0.8148
vt 0.8529 0.8013
vt 0.9027 0.3888
vt 0.8898 0.3822
vt 0.9060 0.3746
vt 0.8562 0.3954
vt 0.8906 0.8441
vt 0.9006 0.8516
vt 0.8825 0.8606
vt 0.8435 0.8148
vt 0.8539 0.8283
vt 0.8628 0.8144
vt 0.8724 0.8295
vt 0.8427 0.7673
vt 0.8377 0.7952
vt 0.8423 0.7520
vt 0.8844 0.9070
vt 0.8516 0.8963
vt 0.8647 0.8944
vt 0.8696 0.9136
vt 0.8753 0.8776
vt 0.8825 0.8606
vt 0.8912 0.8769
vt 0.8163 0.7149
vt 0.8367 0.7124
vt 0.8427 0.7254
vt 0.8256 0.7233
vt 0.8256 0.7233
vt 0.9012 0.1157
vt 0.8974 0.1283
vt 0.8852 0.1108
vt 0.9082 0.0982
vt 0.8931 0.3540
vt 0.8363 0.4841
vt 0.8297 0.5504
vt 0.8542 0.4373
vt 0.8445 0.4531
vt 0.8308 0.4407
vt 0.8998 0.5105
vt 0.8497 0.5539
vt 0.8640 0.5663
vt 0.8551 0.5783
vt 0.8499 0.5667
vt 0.9444 0.5161
vt 0.9505 0.5048
vt 0.9663 0.5177
vt 0.9334 0.4780
vt 0.9475 0.4699
vt 0.9450 0.4894
vt 0.8983 0.4737
vt 0.8852 0.4782
vt 0.8857 0.4581
vt 0.9166 0.4242
vt 0.8985 0.4226
vt 0.9070 0.4087
vt 0.9294 0.5287
vt 0.8645 0.4297
vt 0.8756 0.3724
vt 0.8667 0.4037
vt 0.8754 0.4363
vt 0.8657 0.4552
vt 0.8556 0.4491
vt 0.8556 0.4491
vt 0.8550 0.4647
vt 0.8445 0.4531
vt 0.8664 0.4170
vt 0.9534 0.4310
vt 0.9385 0.3931
vt 0.9534 0.4310
vt 0.9475 0.4506
vt 0.9277 0.3999
vt 0.9166 0.4242
vt 0.9395 0.4208
vt 0.9399 0.4332
vt 0.9332 0.3804
vt 0.9489 0.3855
vt 0.9385 0.3931
vt 0.8302 0.5632
vt 0.8378 0.6159
vt 0.8320 0.6023
vt 0.8548 0.6030
vt 0.9523 0.6054
vt 0.9424 0.6517
vt 0.9039 0.6468
vt 0.9538 0.7376
vt 0.9423 0.7347
vt 0.9601 0.6632
vt 0.9298 0.7915
vt 0.9218 0.7806
vt 0.9120 0.7642
vt 0.9245 0.7628
vt 0.7988 0.6648
vt 0.8149 0.6876
vt 0.8107 0.6669
vt 0.8248 0.6776
vt 0.8465 0.6989
vt 0.8330 0.6891
vt 0.8528 0.7354
vt 0.8521 0.7146
vt 0.8662 0.7158
vt 0.8386 0.6718
vt 0.8536 0.6651
vt 0.8460 0.6854
vt 0.8662 0.7158
vt 0.8853 0.7149
vt 0.8754 0.7265
vt 0.8460 0.6854
vt 0.8536 0.6651
vt 0.8699 0.6643
vt 0.8587 0.6806
vt 0.9151 0.6806
vt 0.9115 0.6962
vt 0.8994 0.6852
vt 0.8185 0.6084
vt 0.8610 0.6479
vt 0.9520 0.6970
vt 0.9424 0.6517
vt 0.9312 0.6619
vt 0.9307 0.6477
vt 0.9534 0.6247
vt 0.9431 0.6336
vt 0.9397 0.6129
vt 0.9146 0.8076
vt 0.9295 0.8115
vt 0.8528 0.7354
vt 0.8798 0.8141
vt 0.8836 0.7929
vt 0.8916 0.8018
vt 0.8768 0.7017
vt 0.9028 0.7245
vt 0.8853 0.7149
vt 0.8947 0.7023
vt 0.8683 0.7526
vt 0.8597 0.7674
vt 0.9006 0.8641
vt 0.8959 0.8927
vt 0.9006 0.8516
vt 0.9221 0.8406
vt 0.8539 0.8283
vt 0.8609 0.8432
vt 0.8455 0.8424
vt 0.8753 0.8776
vt 0.8666 0.8639
vt 0.8756 0.8470
vt 0.8666 0.8639
vt 0.8609 0.8432
vt 0.8924 0.2504
vt 0.8348 0.4972
vt 0.8348 0.4972
vt 0.8363 0.4841
vt 0.8486 0.4933
vt 0.8432 0.4729
vt 0.8182 0.5484
vt 0.8499 0.5667
vt 0.9505 0.5048
vt 0.9226 0.4902
vt 0.9340 0.4954
vt 0.9344 0.4634
vt 0.9366 0.4450
vt 0.9475 0.4506
vt 0.9529 0.5666
vt 0.9529 0.5666
vt 0.9482 0.5861
vt 0.9353 0.5715
vt 0.8318 0.4709
vt 0.8445 0.4531
vt 0.8432 0.4729
vt 0.8754 0.4363
vt 0.8542 0.4373
vt 0.8645 0.4297
vt 0.8857 0.4581
vt 0.8903 0.4411
vt 0.8990 0.4550
vt 0.9366 0.4450
vt 0.9261 0.4513
vt 0.9195 0.4384
vt 0.9304 0.4124
vt 0.8985 0.4226
vt 0.8822 0.4214
vt 0.8911 0.4121
vt 0.8228 0.5736
vt 0.8185 0.6084
vt 0.8126 0.5873
vt 0.8247 0.5895
vt 0.8551 0.5783
vt 0.9255 0.5870
vt 0.9178 0.7464
vt 0.9120 0.7642
vt 0.9042 0.7451
vt 0.9158 0.7279
vt 0.9093 0.7126
vt 0.9115 0.6962
vt 0.8947 0.7023
vt 0.8854 0.6897
vt 0.8994 0.6852
vt 0.9241 0.6939
vt 0.9028 0.7245
vt 0.9320 0.6838
vt 0.9241 0.6939
vt 0.9151 0.6806
vt 0.9320 0.6838
vt 0.9174 0.6647
vt 0.9312 0.6619
vt 0.9447 0.6862
vt 0.9376 0.6996
vt 0.9320 0.6838
vt 0.9178 0.7464
vt 0.8903 0.7298
vt 0.8854 0.6897
vt 0.8709 0.6885
vt 0.8741 0.6763
vt 0.8768 0.7017
vt 0.8976 0.6262
vt 0.9155 0.6327
vt 0.8945 0.6384
vt 0.8866 0.6750
vt 0.8741 0.6763
vt 0.8886 0.6576
vt 0.8699 0.6643
vt 0.8257 0.6636
vt 0.8424 0.6515
vt 0.8386 0.6718
vt 0.8677 0.6319
vt 0.8820 0.6258
vt 0.8822 0.6414
vt 0.9270 0.6363
vt 0.9172 0.6509
vt 0.9155 0.6327
vt 0.8886 0.6576
vt 0.8822 0.6414
vt 0.8945 0.6384
vt 0.8737 0.6516
vt 0.9218 0.7806
vt 0.9298 0.7915
vt 0.9180 0.7956
vt 0.9002 0.7578
vt 0.8901 0.7677
vt 0.8873 0.7539
vt 0.8873 0.7539
vt 0.9024 0.7744
vt 0.8424 0.6515
vt 0.8257 0.6184
vt 0.9172 0.6509
vt 0.9307 0.6477
vt 0.9270 0.6363
vt 0.9431 0.6336
vt 0.8923 0.8143
vt 0.9146 0.8076
vt 0.8869 0.8300
vt 0.8798 0.8141
vt 0.8923 0.8143
vt 0.8723 0.7969
vt 0.8724 0.7657
vt 0.8920 0.7422
vt 0.8709 0.7813
vt 0.8865 0.7814
vt 0.8836 0.7929
vt 0.8533 0.7784
vt 0.8393 0.7811
vt 0.8427 0.7673
vt 0.8487 0.7898
vt 0.8393 0.7811
vt 0.8912 0.8769
vt 0.8959 0.8927
vt 0.8724 0.8295
vt 0.9075 0.8353
vt 0.8487 0.7898
vt 0.8723 0.7969
vt 0.8533 0.7784
vt 0.8709 0.7813
vt 0.8615 0.7900
vt 0.8615 0.7900
vt 0.8724 0.7657
vt 0.8539 0.8283
vt 0.9061 0.4853
vt 0.8952 0.4978
vt 0.8852 0.4782
vt 0.8826 0.5090
vt 0.8728 0.5207
vt 0.8663 0.5099
vt 0.8464 0.5055
vt 0.8917 0.5213
vt 0.9109 0.4992
vt 0.9209 0.4779
vt 0.9344 0.4634
vt 0.9061 0.4853
vt 0.9116 0.4696
vt 0.9209 0.4779
vt 0.8983 0.4737
vt 0.9226 0.4902
vt 0.9109 0.4992
vt 0.9061 0.4853
vt 0.9250 0.5433
vt 0.9203 0.5728
vt 0.9203 0.5728
vt 0.9255 0.5870
vt 0.9131 0.5835
vt 0.8724 0.5549
vt 0.8814 0.5663
vt 0.8640 0.5663
vt 0.8917 0.5213
vt 0.9197 0.5577
vt 0.8989 0.5591
vt 0.9086 0.5479
vt 0.9247 0.5995
vt 0.9025 0.5734
vt 0.8641 0.5867
vt 0.8878 0.5935
vt 0.8670 0.5986
vt 0.8879 0.5793
vt 0.8878 0.5935
vt 0.8724 0.5777
vt 0.8463 0.5932
vt 0.8613 0.5483
vt 0.8724 0.5777
vt 0.9011 0.6085
vt 0.8737 0.6516
vt 0.8641 0.5867
vt 0.8750 0.4679
vt 0.8822 0.4214
vt 0.9068 0.4312
vt 0.9159 0.3950
vt 0.8320 0.6023
vt 0.8302 0.5632
vt 0.9397 0.6129
vt 0.9397 0.6129
vt 0.9159 0.6085
vt 0.9247 0.5995
vt 0.9322 0.6255
vt 0.9322 0.6255
vt 0.8257 0.6184
vt 0.8585 0.6154
vt 0.8424 0.6515
vt 0.9098 0.6205
vt 0.8976 0.6262
vt 0.9011 0.6085
vt 0.9098 0.6205
vt 0.8504 0.6324
vt 0.8677 0.6319
vt 0.8585 0.6154
vt 0.8820 0.6258
vt 0.8483 0.6209
vt 0.8548 0.6030
vt 0.8864 0.6077
vt 0.8483 0.6209
vt 0.8332 0.6357
vt 0.8378 0.6159
vt 0.8320 0.6023
vt 0.8548 0.6030
vt 0.9024 0.7744
vt 0.9046 0.7987
vt 0.8865 0.7814
vt 0.8666 0.8639
vt 0.8798 0.8141
vt 0.8869 0.8300
vt 0.8865 0.7814
vt 0.8547 0.5148
vt 0.8607 0.5354
vt 0.8491 0.5331
vt 0.8728 0.5207
vt 0.8989 0.5591
vt 0.8814 0.5663
vt 0.8867 0.5506
vt 0.8632 0.4764
vt 0.8852 0.4782
vt 0.8832 0.4916
vt 0.8768 0.4489
vt 0.8750 0.4679
vt 0.8903 0.4411
vt 0.8867 0.5506
vt 0.8936 0.5374
vt 0.9086 0.5479
vt 0.8724 0.5777
vt 0.8640 0.5663
vt 0.8667 0.4037
vt 0.8921 0.3993
vt 0.9027 0.3888
vt 0.9126 0.4555
vt 0.8788 0.5379
vt 0.8724 0.5549
vt 0.8613 0.5483
vt 0.8832 0.4916
vt 0.8998 0.5105
vt 0.8826 0.5090
vt 0.8952 0.4978
vt 0.8788 0.5379
vt 0.8936 0.5374
vt 0.0581 0.1038
vt 0.0584 0.1227
vt 0.0417 0.1132
vt 0.0397 0.0189
vt 0.0397 0.0169
vt 0.0417 0.0189
vt 0.0397 0.0378
vt 0.0397 0.0189
vt 0.0417 0.0378
vt 0.0701 0.0766
vt 0.0789 0.0630
vt 0.0846 0.0782
vt 0.1538 0.1964
vt 0.1677 0.2074
vt 0.1543 0.2102
vt 0.0397 0.0755
vt 0.0397 0.0566
vt 0.0417 0.0755
vt 0.1420 0.1190
vt 0.1521 0.1124
vt 0.1505 0.1275
vt 0.0397 0.1132
vt 0.0397 0.0944
vt 0.0417 0.1132
vt 0.0397 0.0755
vt 0.0417 0.0944
vt 0.0397 0.0944
vt 0.0938 0.2967
vt 0.0819 0.3141
vt 0.0809 0.2964
vt 0.0397 0.0378
vt 0.0417 0.0566
vt 0.0397 0.0566
vt 0.1258 0.0345
vt 0.1328 0.0476
vt 0.1177 0.0512
vt 0.1626 0.1783
vt 0.1558 0.1586
vt 0.1716 0.1697
vt 0.0397 0.1509
vt 0.0397 0.1321
vt 0.0417 0.1509
vt 0.0611 0.0338
vt 0.0536 0.0472
vt 0.0417 0.0378
vt 0.0397 0.1887
vt 0.0397 0.1698
vt 0.0417 0.1887
vt 0.0397 0.1509
vt 0.0417 0.1698
vt 0.0397 0.1698
vt 0.0701 0.0766
vt 0.0582 0.0849
vt 0.0602 0.0661
vt 0.0569 0.7514
vt 0.0592 0.7308
vt 0.0711 0.7478
vt 0.0397 0.2264
vt 0.0397 0.2075
vt 0.0417 0.2075
vt 0.2150 0.9138
vt 0.2080 0.9044
vt 0.2150 0.8950
vt 0.0397 0.2641
vt 0.0397 0.2453
vt 0.0417 0.2641
vt 0.0397 0.2264
vt 0.0417 0.2264
vt 0.0397 0.2453
vt 0.1915 0.9372
vt 0.1868 0.9231
vt 0.2015 0.9260
vt 0.0397 0.1887
vt 0.0755 0.0953
vt 0.0581 0.1038
vt 0.0582 0.0849
vt 0.0397 0.1132
vt 0.0417 0.1321
vt 0.0397 0.1321
vt 0.0652 0.2547
vt 0.0757 0.2613
vt 0.0740 0.2736
vt 0.0390 0.4170
vt 0.0383 0.4364
vt 0.0369 0.4188
vt 0.0882 0.0498
vt 0.0687 0.0472
vt 0.0769 0.0337
vt 0.0417 0.2264
vt 0.0565 0.2358
vt 0.0417 0.2453
vt 0.0375 0.4030
vt 0.0358 0.4506
vt 0.0363 0.4347
vt 0.0383 0.4364
vt 0.2150 0.9513
vt 0.1962 0.9513
vt 0.2056 0.9419
vt 0.0555 0.4314
vt 0.0376 0.4557
vt 0.0352 0.4664
vt 0.0375 0.4030
vt 0.0380 0.3871
vt 0.0397 0.3977
vt 0.1710 0.9179
vt 0.1573 0.9239
vt 0.1556 0.9103
vt 0.0485 0.0661
vt 0.0582 0.0849
vt 0.0417 0.0755
vt 0.0397 0.3018
vt 0.0397 0.2830
vt 0.0417 0.3018
vt 0.0611 0.0338
vt 0.0397 0.3396
vt 0.0397 0.3207
vt 0.0417 0.3207
vt 0.0397 0.3207
vt 0.0417 0.0944
vt 0.0403 0.3783
vt 0.0386 0.3713
vt 0.0392 0.3554
vt 0.0410 0.3590
vt 0.0386 0.3713
vt 0.1434 0.0374
vt 0.0693 0.3774
vt 0.0575 0.3920
vt 0.0525 0.3807
vt 0.0392 0.3554
vt 0.0397 0.3396
vt 0.0417 0.3396
vt 0.0417 0.1509
vt 0.0575 0.1604
vt 0.0417 0.1698
vt 0.0537 0.3301
vt 0.0614 0.3102
vt 0.0705 0.3181
vt 0.0548 0.4135
vt 0.0509 0.4021
vt 0.0681 0.4043
vt 0.0397 0.2641
vt 0.0417 0.2830
vt 0.0397 0.2830
vt 0.2150 0.9138
vt 0.2150 0.9325
vt 0.2015 0.9260
vt 0.0417 0.0169
vt 0.0532 0.0169
vt 0.0417 0.0189
vt 0.1915 0.9372
vt 0.1680 0.9443
vt 0.1680 0.9325
vt 0.0532 0.0189
vt 0.0611 0.0338
vt 0.0532 0.0189
vt 0.0647 0.0189
vt 0.0647 0.0189
vt 0.0822 0.0189
vt 0.0769 0.0337
vt 0.0417 0.0566
vt 0.0647 0.0169
vt 0.0647 0.0169
vt 0.0822 0.0169
vt 0.0822 0.0189
vt 0.0410 0.3590
vt 0.0491 0.3496
vt 0.0571 0.3692
vt 0.0822 0.0169
vt 0.0998 0.0169
vt 0.0997 0.0189
vt 0.1209 0.9513
vt 0.1088 0.9513
vt 0.1135 0.9348
vt 0.1609 0.0316
vt 0.1522 0.0189
vt 0.1697 0.0189
vt 0.1172 0.0189
vt 0.0998 0.0169
vt 0.1173 0.0169
vt 0.0602 0.0661
vt 0.0485 0.0661
vt 0.0536 0.0472
vt 0.1605 0.1209
vt 0.1573 0.1016
vt 0.1700 0.1029
vt 0.1438 0.8949
vt 0.1606 0.8901
vt 0.1556 0.9103
vt 0.1347 0.0189
vt 0.1605 0.1209
vt 0.1774 0.1132
vt 0.1755 0.1320
vt 0.0417 0.3396
vt 0.1697 0.1886
vt 0.0581 0.1415
vt 0.0575 0.1981
vt 0.1470 0.2720
vt 0.1619 0.2640
vt 0.1599 0.2828
vt 0.0546 0.2225
vt 0.0565 0.2736
vt 0.1541 0.3399
vt 0.1575 0.3593
vt 0.1484 0.3509
vt 0.0493 0.3113
vt 0.0573 0.2924
vt 0.0614 0.3102
vt 0.0541 0.2483
vt 0.0540 0.1725
vt 0.0491 0.3496
vt 0.0537 0.3301
vt 0.0614 0.3507
vt 0.1303 0.9434
vt 0.1491 0.9348
vt 0.1397 0.9513
vt 0.0397 0.3977
vt 0.0575 0.3920
vt 0.0509 0.4021
vt 0.0324 0.5457
vt 0.0342 0.5525
vt 0.0318 0.5615
vt 0.1487 0.2340
vt 0.1658 0.2263
vt 0.1638 0.2451
vt 0.0925 0.0665
vt 0.0789 0.0630
vt 0.0882 0.0498
vt 0.0330 0.5298
vt 0.0348 0.5331
vt 0.0324 0.5457
vt 0.0313 0.5774
vt 0.0318 0.5615
vt 0.0335 0.5718
vt 0.0718 0.1463
vt 0.0886 0.1492
vt 0.0758 0.1604
vt 0.0460 0.5626
vt 0.0335 0.5718
vt 0.0342 0.5525
vt 0.0328 0.5912
vt 0.0307 0.5933
vt 0.0330 0.5298
vt 0.0335 0.5140
vt 0.0355 0.5138
vt 0.1419 0.3095
vt 0.1580 0.3017
vt 0.1560 0.3205
vt 0.0346 0.4823
vt 0.0352 0.4664
vt 0.0369 0.4751
vt 0.0687 0.0472
vt 0.0522 0.5434
vt 0.0348 0.5331
vt 0.0477 0.5311
vt 0.0362 0.4944
vt 0.0341 0.4981
vt 0.0341 0.4981
vt 0.0460 0.5626
vt 0.0616 0.5630
vt 0.0524 0.5798
vt 0.0620 0.5508
vt 0.0460 0.5626
vt 0.0522 0.5434
vt 0.1084 0.0387
vt 0.1628 0.7559
vt 0.1622 0.7429
vt 0.1839 0.7470
vt 0.0443 0.5044
vt 0.1880 0.8786
vt 0.1986 0.8856
vt 0.1880 0.8938
vt 0.1144 0.2349
vt 0.1164 0.2191
vt 0.1301 0.2321
vt 0.0307 0.6492
vt 0.0284 0.6567
vt 0.0290 0.6408
vt 0.0300 0.6685
vt 0.0279 0.6725
vt 0.0284 0.6567
vt 0.0273 0.6884
vt 0.0279 0.6725
vt 0.0293 0.6879
vt 0.0493 0.3113
vt 0.0293 0.6879
vt 0.0426 0.6787
vt 0.0382 0.6962
vt 0.0293 0.6885
vt 0.0321 0.7072
vt 0.0290 0.6408
vt 0.0296 0.6250
vt 0.0314 0.6298
vt 0.1680 0.9325
vt 0.1491 0.9348
vt 0.1573 0.9239
vt 0.0301 0.6091
vt 0.0307 0.5933
vt 0.0321 0.6105
vt 0.0666 0.2166
vt 0.0758 0.1981
vt 0.0877 0.2048
vt 0.0393 0.6204
vt 0.0481 0.6401
vt 0.0314 0.6298
vt 0.0321 0.6105
vt 0.0321 0.7072
vt 0.0342 0.7072
vt 0.0369 0.7260
vt 0.0475 0.6597
vt 0.0963 0.7120
vt 0.1091 0.7227
vt 0.0974 0.7288
vt 0.0979 0.3301
vt 0.1033 0.3195
vt 0.1146 0.3232
vt 0.0690 0.3301
vt 0.0538 0.4854
vt 0.0571 0.5048
vt 0.0443 0.5044
vt 0.0761 0.1722
vt 0.0758 0.1981
vt 0.0666 0.1792
vt 0.0369 0.7260
vt 0.0390 0.7260
vt 0.0418 0.7448
vt 0.0438 0.7448
vt 0.0680 0.1130
vt 0.0466 0.7635
vt 0.0486 0.7635
vt 0.0514 0.7823
vt 0.0534 0.7823
vt 0.2150 0.7259
vt 0.2150 0.7447
vt 0.2072 0.7353
vt 0.1585 0.9513
vt 0.0941 0.7416
vt 0.1015 0.7531
vt 0.0902 0.7608
vt 0.1984 0.7541
vt 0.1950 0.7353
vt 0.2072 0.7353
vt 0.0562 0.8011
vt 0.0582 0.8011
vt 0.0610 0.8199
vt 0.0727 0.8574
vt 0.0679 0.8387
vt 0.0865 0.8439
vt 0.0656 0.7892
vt 0.0631 0.8199
vt 0.1006 0.0484
vt 0.1050 0.0601
vt 0.0925 0.0665
vt 0.0658 0.8387
vt 0.0658 0.8387
vt 0.0679 0.8387
vt 0.0706 0.8575
vt 0.1160 0.9038
vt 0.1095 0.9180
vt 0.1013 0.9001
vt 0.0668 0.8089
vt 0.0656 0.7892
vt 0.0780 0.8061
vt 0.1502 0.1770
vt 0.1538 0.1964
vt 0.1384 0.1820
vt 0.0478 0.7337
vt 0.1487 0.2340
vt 0.1431 0.2525
vt 0.1386 0.2410
vt 0.2150 0.6884
vt 0.2150 0.7072
vt 0.2009 0.6978
vt 0.0754 0.8763
vt 0.0754 0.8763
vt 0.0775 0.8762
vt 0.0803 0.8951
vt 0.0973 0.9212
vt 0.0823 0.8950
vt 0.1418 0.9200
vt 0.0851 0.9139
vt 0.0871 0.9138
vt 0.0899 0.9326
vt 0.0851 0.9139
vt 0.0919 0.9325
vt 0.2058 0.8668
vt 0.1927 0.8668
vt 0.2034 0.8480
vt 0.0973 0.9212
vt 0.1258 0.0345
vt 0.0947 0.9514
vt 0.0967 0.9513
vt 0.0952 0.9533
vt 0.1021 0.9399
vt 0.1090 0.9533
vt 0.0971 0.9533
vt 0.0967 0.9513
vt 0.1088 0.9513
vt 0.1470 0.2720
vt 0.1302 0.2702
vt 0.1311 0.2573
vt 0.1295 0.1227
vt 0.1289 0.1048
vt 0.1420 0.1190
vt 0.1209 0.9533
vt 0.1735 0.1509
vt 0.1021 0.9399
vt 0.0973 0.9212
vt 0.1135 0.9348
vt 0.1461 0.2977
vt 0.1349 0.2902
vt 0.1470 0.2851
vt 0.1025 0.8719
vt 0.1135 0.8770
vt 0.1067 0.8882
vt 0.0683 0.2993
vt 0.0569 0.7514
vt 0.0584 0.1227
vt 0.0680 0.1323
vt 0.0581 0.1415
vt 0.0474 0.4658
vt 0.0573 0.2924
vt 0.1347 0.0189
vt 0.1303 0.9311
vt 0.1228 0.9200
vt 0.1418 0.9200
vt 0.1522 0.0189
vt 0.1347 0.0189
vt 0.1348 0.0169
vt 0.1523 0.0169
vt 0.1431 0.2525
vt 0.1552 0.2538
vt 0.1470 0.2720
vt 0.1386 0.2410
vt 0.1208 0.2495
vt 0.1301 0.2321
vt 0.1619 0.2830
vt 0.1639 0.2641
vt 0.1626 0.1783
vt 0.1600 0.3018
vt 0.1419 0.3095
vt 0.1445 0.3289
vt 0.1320 0.3184
vt 0.1658 0.2263
vt 0.1677 0.2074
vt 0.1678 0.2264
vt 0.1619 0.2640
vt 0.1552 0.2538
vt 0.1638 0.2451
vt 0.1678 0.0455
vt 0.1833 0.0566
vt 0.1753 0.0653
vt 0.1152 0.1697
vt 0.1273 0.1756
vt 0.1230 0.1892
vt 0.0929 0.1921
vt 0.0758 0.1981
vt 0.0876 0.1748
vt 0.1697 0.2075
vt 0.1658 0.2453
vt 0.1774 0.9513
vt 0.1915 0.9372
vt 0.1962 0.9513
vt 0.1680 0.9443
vt 0.1774 0.9513
vt 0.1585 0.9513
vt 0.0920 0.7841
vt 0.0791 0.7857
vt 0.0819 0.7720
vt 0.1609 0.0316
vt 0.1739 0.0312
vt 0.1678 0.0455
vt 0.1699 0.0169
vt 0.1962 0.9044
vt 0.1580 0.3207
vt 0.1240 0.3077
vt 0.1600 0.3018
vt 0.1561 0.3396
vt 0.1077 0.3765
vt 0.1285 0.3802
vt 0.1135 0.3872
vt 0.1541 0.3399
vt 0.1541 0.3394
vt 0.1561 0.3396
vt 0.1595 0.3589
vt 0.0841 0.3793
vt 0.0693 0.3774
vt 0.0735 0.3633
vt 0.0546 0.1850
vt 0.1099 0.2735
vt 0.0903 0.2677
vt 0.1018 0.2547
vt 0.0537 0.3301
vt 0.0740 0.2358
vt 0.0652 0.2547
vt 0.0565 0.2358
vt 0.1609 0.3787
vt 0.1629 0.3783
vt 0.1643 0.3980
vt 0.1575 0.3593
vt 0.1794 0.0943
vt 0.1774 0.1132
vt 0.1700 0.1029
vt 0.1643 0.3980
vt 0.1662 0.3977
vt 0.1696 0.4171
vt 0.1677 0.4174
vt 0.1696 0.4171
vt 0.1730 0.4365
vt 0.0954 0.8816
vt 0.1222 0.4267
vt 0.1173 0.4385
vt 0.1056 0.4333
vt 0.1267 0.3971
vt 0.1452 0.3904
vt 0.1442 0.4042
vt 0.0695 0.4203
vt 0.0771 0.4332
vt 0.0555 0.4314
vt 0.1285 0.3802
vt 0.1813 0.0755
vt 0.1852 0.0378
vt 0.1814 0.0943
vt 0.1813 0.0755
vt 0.1833 0.0755
vt 0.1639 0.0832
vt 0.1494 0.0739
vt 0.1636 0.0641
vt 0.1794 0.1132
vt 0.0882 0.0498
vt 0.0931 0.0337
vt 0.1006 0.0484
vt 0.1814 0.0943
vt 0.1775 0.1321
vt 0.1275 0.0857
vt 0.1247 0.0667
vt 0.1374 0.0692
vt 0.1872 0.0189
vt 0.1874 0.0169
vt 0.1892 0.0189
vt 0.1699 0.0169
vt 0.1894 0.0169
vt 0.1487 0.2340
vt 0.1301 0.2321
vt 0.1413 0.2147
vt 0.1872 0.0377
vt 0.1853 0.0566
vt 0.0539 0.2101
vt 0.0666 0.2166
vt 0.0546 0.2225
vt 0.1872 0.0377
vt 0.1461 0.2977
vt 0.1739 0.0312
vt 0.0758 0.1604
vt 0.0761 0.1722
vt 0.0575 0.1604
vt 0.1434 0.0374
vt 0.1609 0.0316
vt 0.1561 0.0526
vt 0.1717 0.1887
vt 0.1717 0.1887
vt 0.1716 0.1697
vt 0.1736 0.1698
vt 0.1755 0.1509
vt 0.1174 0.1443
vt 0.1360 0.1565
vt 0.1182 0.1567
vt 0.1710 0.4368
vt 0.1744 0.4562
vt 0.0668 0.8089
vt 0.1764 0.4558
vt 0.1220 0.4504
vt 0.1219 0.4716
vt 0.1089 0.4545
vt 0.1083 0.0818
vt 0.1096 0.1038
vt 0.0944 0.0936
vt 0.0931 0.0337
vt 0.1755 0.1509
vt 0.1755 0.1320
vt 0.1775 0.1321
vt 0.1466 0.1510
vt 0.1259 0.1351
vt 0.1493 0.1394
vt 0.1778 0.4756
vt 0.1798 0.4752
vt 0.1812 0.4949
vt 0.1744 0.4562
vt 0.1812 0.4949
vt 0.1832 0.4946
vt 0.1846 0.5143
vt 0.1757 0.5658
vt 0.1620 0.5605
vt 0.1682 0.5443
vt 0.1538 0.2226
vt 0.0542 0.4493
vt 0.1637 0.1403
vt 0.1605 0.1209
vt 0.1692 0.5270
vt 0.1627 0.5082
vt 0.1751 0.5060
vt 0.1846 0.5143
vt 0.1865 0.5140
vt 0.1899 0.5334
vt 0.0994 0.1230
vt 0.1096 0.1038
vt 0.1168 0.1199
vt 0.1880 0.5337
vt 0.1947 0.5725
vt 0.1981 0.5918
vt 0.1877 0.5837
vt 0.1913 0.5531
vt 0.1880 0.5337
vt 0.1933 0.5527
vt 0.1947 0.5725
vt 0.1967 0.5721
vt 0.1746 0.5860
vt 0.1877 0.5837
vt 0.1824 0.6046
vt 0.1057 0.1792
vt 0.1053 0.1916
vt 0.0929 0.1921
vt 0.1877 0.5837
vt 0.1757 0.5658
vt 0.1871 0.5638
vt 0.2001 0.5915
vt 0.2035 0.6109
vt 0.1302 0.2702
vt 0.1218 0.2827
vt 0.1099 0.2735
vt 0.0953 0.2367
vt 0.1018 0.2547
vt 0.0835 0.2517
vt 0.2015 0.6112
vt 0.2117 0.6693
vt 0.1931 0.6626
vt 0.2083 0.6500
vt 0.2049 0.6306
vt 0.2049 0.6306
vt 0.2069 0.6302
vt 0.2083 0.6500
vt 0.1774 0.8597
vt 0.1623 0.8466
vt 0.1755 0.8426
vt 0.2102 0.6496
vt 0.1470 0.2851
vt 0.2049 0.6306
vt 0.1897 0.6432
vt 0.1883 0.6235
vt 0.1011 0.1620
vt 0.1897 0.6432
vt 0.1209 0.9513
vt 0.1397 0.9513
vt 0.1351 0.9533
vt 0.1095 0.9180
vt 0.1228 0.9200
vt 0.1135 0.9348
vt 0.1492 0.9533
vt 0.1361 0.1946
vt 0.1634 0.9533
vt 0.1774 0.9513
vt 0.1775 0.9533
vt 0.1634 0.9533
vt 0.0652 0.2547
vt 0.0541 0.2610
vt 0.0541 0.2483
vt 0.1917 0.9533
vt 0.2150 0.9325
vt 0.2136 0.6690
vt 0.2009 0.6978
vt 0.1939 0.6823
vt 0.2059 0.6802
vt 0.1538 0.2226
vt 0.1413 0.2147
vt 0.1543 0.2102
vt 0.0683 0.2993
vt 0.0740 0.2736
vt 0.0809 0.2964
vt 0.2150 0.9513
vt 0.2150 0.9533
vt 0.2058 0.9533
vt 0.2058 0.9533
vt 0.1445 0.3289
vt 0.2150 0.6884
vt 0.1984 0.7541
vt 0.1996 0.7729
vt 0.1860 0.7611
vt 0.2059 0.6802
vt 0.1362 0.3530
vt 0.1443 0.3716
vt 0.1312 0.3663
vt 0.1751 0.5060
vt 0.1839 0.7470
vt 0.1984 0.7166
vt 0.2150 0.7072
vt 0.2150 0.7259
vt 0.2150 0.7635
vt 0.2150 0.7447
vt 0.2170 0.7447
vt 0.1889 0.7797
vt 0.1981 0.8292
vt 0.2150 0.8198
vt 0.2150 0.8386
vt 0.2034 0.8105
vt 0.1981 0.8292
vt 0.1885 0.8114
vt 0.2150 0.8574
vt 0.2150 0.8762
vt 0.2058 0.8668
vt 0.2170 0.8011
vt 0.2150 0.8011
vt 0.2150 0.7823
vt 0.2150 0.7823
vt 0.2150 0.7635
vt 0.2170 0.7823
vt 0.2150 0.8198
vt 0.2170 0.6884
vt 0.2150 0.8950
vt 0.1986 0.8856
vt 0.2150 0.8762
vt 0.2170 0.7072
vt 0.2170 0.7259
vt 0.1303 0.9434
vt 0.2170 0.7447
vt 0.2170 0.7635
vt 0.1639 0.0832
vt 0.1517 0.0862
vt 0.1601 0.8076
vt 0.1500 0.8178
vt 0.1448 0.8025
vt 0.1561 0.0526
vt 0.1678 0.0455
vt 0.1636 0.0641
vt 0.2170 0.8198
vt 0.2080 0.9044
vt 0.2170 0.8950
vt 0.2170 0.8762
vt 0.2170 0.9325
vt 0.2150 0.9513
vt 0.2170 0.9325
vt 0.2170 0.9513
vt 0.2170 0.9138
vt 0.2150 0.8574
vt 0.2150 0.8386
vt 0.2170 0.8574
vt 0.2170 0.8386
vt 0.1753 0.0653
vt 0.2170 0.9533
vt 0.0539 0.2101
vt 0.0540 0.1725
vt 0.0666 0.1792
vt 0.0546 0.1850
vt 0.0835 0.2517
vt 0.0575 0.1981
vt 0.1349 0.2902
vt 0.1303 0.9311
vt 0.0793 0.3456
vt 0.0878 0.3550
vt 0.0735 0.3633
vt 0.1885 0.8470
vt 0.1927 0.8668
vt 0.1774 0.8597
vt 0.2034 0.8480
vt 0.1986 0.8856
vt 0.1984 0.7541
vt 0.1820 0.7210
vt 0.1689 0.7082
vt 0.1895 0.7058
vt 0.2060 0.7917
vt 0.1885 0.8114
vt 0.1788 0.8292
vt 0.1736 0.8149
vt 0.1407 0.7255
vt 0.1217 0.7252
vt 0.1300 0.7154
vt 0.0963 0.7120
vt 0.0808 0.7059
vt 0.0947 0.6932
vt 0.0846 0.0782
vt 0.0925 0.0665
vt 0.1083 0.0818
vt 0.0954 0.1086
vt 0.1637 0.1403
vt 0.1637 0.1403
vt 0.1558 0.1586
vt 0.1466 0.1510
vt 0.1451 0.1654
vt 0.0666 0.2166
vt 0.0776 0.1227
vt 0.0718 0.1463
vt 0.0876 0.1748
vt 0.0565 0.2736
vt 0.0541 0.2610
vt 0.1137 0.2607
vt 0.1273 0.2082
vt 0.1413 0.2147
vt 0.1445 0.3289
vt 0.1320 0.3184
vt 0.1306 0.3316
vt 0.1146 0.3232
vt 0.1182 0.2956
vt 0.1055 0.2914
vt 0.1218 0.2827
vt 0.1303 0.9089
vt 0.1160 0.9038
vt 0.1247 0.8914
vt 0.1775 0.8856
vt 0.1880 0.8938
vt 0.1723 0.9031
vt 0.1839 0.9099
vt 0.1996 0.7729
vt 0.1729 0.7353
vt 0.1820 0.7210
vt 0.1839 0.6728
vt 0.1782 0.6978
vt 0.1702 0.6741
vt 0.2034 0.8105
vt 0.1750 0.7963
vt 0.0789 0.0630
vt 0.0755 0.0953
vt 0.1505 0.1275
vt 0.1182 0.1567
vt 0.1152 0.1697
vt 0.1011 0.1620
vt 0.0822 0.1363
vt 0.0886 0.1492
vt 0.0822 0.1363
vt 0.0953 0.1356
vt 0.0776 0.1227
vt 0.0994 0.1230
vt 0.0953 0.1356
vt 0.1050 0.1445
vt 0.0903 0.2677
vt 0.0819 0.3141
vt 0.0987 0.3086
vt 0.1033 0.3195
vt 0.1004 0.3541
vt 0.1124 0.3653
vt 0.0906 0.3673
vt 0.1723 0.9031
vt 0.1839 0.9099
vt 0.1996 0.7729
vt 0.2060 0.7917
vt 0.1930 0.7917
vt 0.1126 0.0700
vt 0.1126 0.0700
vt 0.1177 0.0512
vt 0.1247 0.0667
vt 0.1126 0.0700
vt 0.1275 0.0857
vt 0.1083 0.0818
vt 0.0813 0.1082
vt 0.1099 0.1318
vt 0.1057 0.1792
vt 0.0863 0.2823
vt 0.1273 0.1756
vt 0.0835 0.3317
vt 0.1099 0.1318
vt 0.1451 0.1654
vt 0.1384 0.1820
vt 0.1230 0.1892
vt 0.0792 0.2228
vt 0.1259 0.1351
vt 0.1273 0.2082
vt 0.1056 0.2432
vt 0.1017 0.2072
vt 0.1219 0.4716
vt 0.1359 0.4544
vt 0.1382 0.4693
vt 0.1778 0.4756
vt 0.1690 0.4871
vt 0.1570 0.4789
vt 0.1273 0.7491
vt 0.1113 0.7394
vt 0.1297 0.7353
vt 0.1536 0.5218
vt 0.0757 0.6092
vt 0.0737 0.6217
vt 0.0631 0.6098
vt 0.1593 0.4289
vt 0.0548 0.4135
vt 0.1013 0.9001
vt 0.1303 0.9089
vt 0.0995 0.8602
vt 0.0977 0.8483
vt 0.1110 0.8520
vt 0.1135 0.8770
vt 0.1313 0.8747
vt 0.1247 0.8914
vt 0.1461 0.7897
vt 0.1388 0.7733
vt 0.1552 0.7805
vt 0.1414 0.8292
vt 0.1375 0.8437
vt 0.1228 0.8319
vt 0.0473 0.7139
vt 0.0592 0.7308
vt 0.0706 0.7217
vt 0.0757 0.7346
vt 0.0909 0.8254
vt 0.0797 0.8325
vt 0.0765 0.8194
vt 0.1228 0.8319
vt 0.1251 0.8520
vt 0.1110 0.8520
vt 0.1434 0.0578
vt 0.1247 0.0667
vt 0.1177 0.0512
vt 0.1434 0.0578
vt 0.1084 0.0387
vt 0.0813 0.1082
vt 0.0735 0.3633
vt 0.0571 0.3692
vt 0.0614 0.3507
vt 0.1135 0.3443
vt 0.0973 0.3828
vt 0.0889 0.3927
vt 0.0841 0.3793
vt 0.0835 0.3317
vt 0.1004 0.3541
vt 0.0681 0.4043
vt 0.0762 0.3903
vt 0.0856 0.4052
vt 0.0525 0.3807
vt 0.0705 0.3181
vt 0.0906 0.3673
vt 0.0762 0.3903
vt 0.0993 0.4166
vt 0.0846 0.4203
vt 0.0856 0.4052
vt 0.0720 0.4584
vt 0.0542 0.4493
vt 0.0668 0.4429
vt 0.0889 0.3927
vt 0.0695 0.4203
vt 0.1020 0.3989
vt 0.1158 0.4101
vt 0.0993 0.4166
vt 0.0542 0.4493
vt 0.1333 0.4127
vt 0.1158 0.4101
vt 0.1267 0.3971
vt 0.0771 0.4332
vt 0.0914 0.4328
vt 0.0800 0.4479
vt 0.1060 0.4678
vt 0.0827 0.4661
vt 0.0953 0.4549
vt 0.0685 0.5126
vt 0.0659 0.4933
vt 0.0804 0.5057
vt 0.1503 0.4166
vt 0.0914 0.4328
vt 0.0846 0.4203
vt 0.0668 0.4429
vt 0.0953 0.4549
vt 0.1135 0.3872
vt 0.1443 0.3716
vt 0.1503 0.4166
vt 0.1461 0.4342
vt 0.1356 0.4259
vt 0.1356 0.4259
vt 0.1443 0.3716
vt 0.1608 0.4486
vt 0.1359 0.4544
vt 0.1220 0.4504
vt 0.1327 0.4403
vt 0.1327 0.4403
vt 0.1494 0.4592
vt 0.1359 0.4544
vt 0.1461 0.4342
vt 0.0973 0.3828
vt 0.1452 0.3904
vt 0.1442 0.4042
vt 0.1608 0.4486
vt 0.1461 0.4342
vt 0.1593 0.4289
vt 0.1173 0.4385
vt 0.1628 0.4653
vt 0.1274 0.5002
vt 0.1478 0.4950
vt 0.1404 0.5121
vt 0.1382 0.4693
vt 0.1494 0.4592
vt 0.1570 0.4789
vt 0.1077 0.3765
vt 0.1306 0.3316
vt 0.1362 0.3530
vt 0.1223 0.3553
vt 0.1517 0.0862
vt 0.1573 0.1016
vt 0.1421 0.0943
vt 0.1769 0.8724
vt 0.1775 0.8856
vt 0.1644 0.8704
vt 0.1895 0.6936
vt 0.1895 0.7058
vt 0.1895 0.7058
vt 0.1681 0.7222
vt 0.1513 0.7357
vt 0.1564 0.7147
vt 0.1895 0.6936
vt 0.1606 0.8901
vt 0.1885 0.8470
vt 0.0953 0.2367
vt 0.1137 0.2607
vt 0.0863 0.2823
vt 0.0990 0.2803
vt 0.0938 0.2967
vt 0.0990 0.2803
vt 0.1055 0.2914
vt 0.1484 0.3509
vt 0.1782 0.7729
vt 0.1601 0.8076
vt 0.1611 0.7934
vt 0.1750 0.7963
vt 0.1297 0.7353
vt 0.1601 0.8076
vt 0.1736 0.8149
vt 0.1601 0.8279
vt 0.1289 0.1048
vt 0.1197 0.0959
vt 0.1396 0.0818
vt 0.1289 0.1048
vt 0.1168 0.1199
vt 0.1053 0.1916
vt 0.1141 0.2003
vt 0.1017 0.2072
vt 0.1040 0.2255
vt 0.1017 0.2072
vt 0.1164 0.2191
vt 0.0877 0.2048
vt 0.0923 0.2178
vt 0.0792 0.2228
vt 0.1230 0.1892
vt 0.1208 0.2495
vt 0.0953 0.2367
vt 0.1056 0.2432
vt 0.1207 0.4840
vt 0.1060 0.4678
vt 0.1219 0.4716
vt 0.0625 0.5372
vt 0.0846 0.5266
vt 0.0723 0.5441
vt 0.0494 0.6014
vt 0.0516 0.6209
vt 0.0393 0.6204
vt 0.0661 0.6943
vt 0.0614 0.7102
vt 0.0495 0.6932
vt 0.1203 0.6094
vt 0.1343 0.6073
vt 0.1316 0.6267
vt 0.1518 0.5500
vt 0.1329 0.5363
vt 0.1562 0.5361
vt 0.0497 0.5183
vt 0.1139 0.5759
vt 0.0952 0.5710
vt 0.1051 0.5641
vt 0.1104 0.5231
vt 0.1249 0.5191
vt 0.1185 0.5325
vt 0.1207 0.4840
vt 0.1331 0.4836
vt 0.1274 0.5002
vt 0.1331 0.4836
vt 0.1153 0.4997
vt 0.1067 0.8882
vt 0.0856 0.8641
vt 0.0954 0.8816
vt 0.0856 0.8641
vt 0.0856 0.8641
vt 0.0865 0.8439
vt 0.0977 0.8483
vt 0.1211 0.8653
vt 0.1211 0.8653
vt 0.1025 0.8719
vt 0.0995 0.8602
vt 0.1623 0.8466
vt 0.1515 0.8384
vt 0.1601 0.8279
vt 0.1313 0.8747
vt 0.1455 0.8637
vt 0.1464 0.8794
vt 0.1464 0.8794
vt 0.1579 0.8590
vt 0.1769 0.8724
vt 0.1251 0.8520
vt 0.0571 0.7714
vt 0.1053 0.8391
vt 0.1099 0.8254
vt 0.1228 0.8319
vt 0.0902 0.7608
vt 0.1042 0.7793
vt 0.0920 0.7841
vt 0.0684 0.7685
vt 0.0791 0.7857
vt 0.0656 0.7892
vt 0.0382 0.6962
vt 0.0495 0.6932
vt 0.0765 0.8194
vt 0.1053 0.8391
vt 0.0939 0.4807
vt 0.0659 0.4933
vt 0.1628 0.4653
vt 0.0878 0.3550
vt 0.1127 0.7055
vt 0.1468 0.6027
vt 0.1641 0.5964
vt 0.1579 0.6098
vt 0.1839 0.6728
vt 0.1718 0.6514
vt 0.1603 0.6397
vt 0.1809 0.6339
vt 0.1182 0.2956
vt 0.0987 0.3086
vt 0.1750 0.7963
vt 0.1396 0.0818
vt 0.0538 0.4854
vt 0.0846 0.5266
vt 0.0629 0.5252
vt 0.0685 0.5126
vt 0.0494 0.6014
vt 0.0622 0.6328
vt 0.0481 0.6401
vt 0.0516 0.6209
vt 0.0608 0.6474
vt 0.0830 0.6427
vt 0.0681 0.6602
vt 0.0473 0.7139
vt 0.1938 0.6026
vt 0.1604 0.5751
vt 0.1757 0.5658
vt 0.1746 0.5860
vt 0.0477 0.5311
vt 0.0625 0.5372
vt 0.0706 0.5828
vt 0.0616 0.5630
vt 0.0732 0.5697
vt 0.0631 0.6098
vt 0.1692 0.5270
vt 0.1509 0.5065
vt 0.1478 0.4950
vt 0.1602 0.4960
vt 0.1871 0.5638
vt 0.1492 0.5665
vt 0.1518 0.5500
vt 0.1620 0.5605
vt 0.1602 0.4960
vt 0.1414 0.8292
vt 0.1755 0.8426
vt 0.1774 0.8597
vt 0.0684 0.7685
vt 0.0571 0.7714
vt 0.0569 0.7514
vt 0.0684 0.7685
vt 0.0711 0.7478
vt 0.0774 0.7591
vt 0.1042 0.7793
vt 0.1156 0.7931
vt 0.0980 0.7957
vt 0.1044 0.8120
vt 0.1099 0.8254
vt 0.0909 0.8254
vt 0.0592 0.7308
vt 0.0478 0.7337
vt 0.0473 0.7139
vt 0.0614 0.7102
vt 0.0618 0.6784
vt 0.0538 0.4854
vt 0.0474 0.4658
vt 0.0614 0.4663
vt 0.1681 0.7222
vt 0.1428 0.6459
vt 0.1603 0.6397
vt 0.1526 0.6563
vt 0.1705 0.6266
vt 0.1569 0.6237
vt 0.1579 0.6098
vt 0.1824 0.6046
vt 0.1779 0.6163
vt 0.1641 0.5964
vt 0.1611 0.7934
vt 0.1448 0.8025
vt 0.1461 0.7897
vt 0.1579 0.8590
vt 0.1298 0.8142
vt 0.1256 0.8017
vt 0.1448 0.8025
vt 0.1298 0.8142
vt 0.1215 0.7765
vt 0.1113 0.7684
vt 0.1277 0.7632
vt 0.1334 0.7911
vt 0.0920 0.7841
vt 0.0980 0.7957
vt 0.0856 0.7963
vt 0.1044 0.8120
vt 0.1256 0.8017
vt 0.1388 0.7733
vt 0.1645 0.7700
vt 0.0906 0.8116
vt 0.1552 0.7805
vt 0.1401 0.7554
vt 0.1628 0.7559
vt 0.1512 0.7652
vt 0.0856 0.7963
vt 0.0906 0.8116
vt 0.1215 0.7765
vt 0.1334 0.7911
vt 0.0571 0.5048
vt 0.0685 0.5126
vt 0.0497 0.5183
vt 0.0646 0.4786
vt 0.0335 0.5718
vt 0.0524 0.5798
vt 0.0451 0.5898
vt 0.0475 0.6597
vt 0.1824 0.6046
vt 0.1938 0.6026
vt 0.1883 0.6235
vt 0.1641 0.5964
vt 0.0625 0.5372
vt 0.0477 0.5311
vt 0.0629 0.5252
vt 0.0620 0.5508
vt 0.0818 0.5522
vt 0.0616 0.5630
vt 0.0626 0.5951
vt 0.0524 0.5798
vt 0.0706 0.5828
vt 0.1813 0.5449
vt 0.1536 0.5218
vt 0.1404 0.5121
vt 0.1509 0.5065
vt 0.0941 0.7416
vt 0.0711 0.7478
vt 0.0757 0.7346
vt 0.0774 0.7591
vt 0.0808 0.7059
vt 0.0850 0.7242
vt 0.0974 0.7288
vt 0.1113 0.7394
vt 0.0520 0.6710
vt 0.0608 0.6474
vt 0.0681 0.6602
vt 0.0681 0.6602
vt 0.0842 0.6588
vt 0.0787 0.6741
vt 0.1839 0.6542
vt 0.1931 0.6626
vt 0.1763 0.6635
vt 0.1883 0.6235
vt 0.1809 0.6339
vt 0.1779 0.6163
vt 0.1702 0.6741
vt 0.1643 0.6623
vt 0.1763 0.6635
vt 0.1705 0.6266
vt 0.1603 0.6397
vt 0.1439 0.6178
vt 0.1718 0.6514
vt 0.0827 0.4661
vt 0.0614 0.4663
vt 0.0720 0.4584
vt 0.0764 0.4833
vt 0.0626 0.5951
vt 0.0626 0.5951
vt 0.0855 0.6012
vt 0.0757 0.6092
vt 0.0451 0.5898
vt 0.0844 0.5787
vt 0.1041 0.6170
vt 0.0984 0.6304
vt 0.0900 0.6166
vt 0.0900 0.6166
vt 0.0849 0.6293
vt 0.0622 0.6328
vt 0.0984 0.6304
vt 0.1167 0.6232
vt 0.1132 0.6393
vt 0.1316 0.6267
vt 0.1428 0.6459
vt 0.1285 0.6457
vt 0.1492 0.5665
vt 0.1507 0.5901
vt 0.1354 0.5696
vt 0.1604 0.5751
vt 0.1364 0.5926
vt 0.1507 0.5901
vt 0.1468 0.6027
vt 0.1374 0.5546
vt 0.1813 0.5449
vt 0.0964 0.5171
vt 0.1102 0.5106
vt 0.1104 0.5231
vt 0.1012 0.5315
vt 0.0934 0.5478
vt 0.0840 0.5393
vt 0.0818 0.5522
vt 0.0983 0.5826
vt 0.1139 0.5759
vt 0.1096 0.5900
vt 0.1692 0.5270
vt 0.1407 0.5255
vt 0.1374 0.5546
vt 0.1216 0.5594
vt 0.1245 0.5465
vt 0.1012 0.5315
vt 0.1407 0.5255
vt 0.1102 0.5106
vt 0.0808 0.7059
vt 0.1127 0.7055
vt 0.1404 0.7425
vt 0.1113 0.7684
vt 0.0803 0.6914
vt 0.0618 0.6784
vt 0.0787 0.6741
vt 0.0897 0.6811
vt 0.0803 0.6914
vt 0.0947 0.6932
vt 0.1015 0.6756
vt 0.1106 0.6892
vt 0.1316 0.6267
vt 0.1526 0.6563
vt 0.1643 0.6623
vt 0.1513 0.6733
vt 0.1127 0.7055
vt 0.1251 0.6837
vt 0.1106 0.6892
vt 0.1159 0.6758
vt 0.1689 0.7082
vt 0.1647 0.6950
vt 0.1782 0.6978
vt 0.1271 0.6956
vt 0.1407 0.7255
vt 0.1218 0.6566
vt 0.1091 0.6553
vt 0.1132 0.6393
vt 0.1271 0.6956
vt 0.1371 0.6822
vt 0.1416 0.7036
vt 0.1091 0.6553
vt 0.1278 0.6678
vt 0.1371 0.6822
vt 0.1251 0.6837
vt 0.1622 0.7429
vt 0.1622 0.7429
vt 0.1401 0.7554
vt 0.1404 0.7425
vt 0.1564 0.7147
vt 0.1516 0.6904
vt 0.1647 0.6950
vt 0.1516 0.6904
vt 0.1371 0.6822
vt 0.1513 0.6733
vt 0.1411 0.6639
vt 0.1439 0.6178
vt 0.1074 0.6033
vt 0.1203 0.6094
vt 0.1041 0.6170
vt 0.1718 0.6514
vt 0.1411 0.6639
vt 0.1218 0.6566
vt 0.1015 0.6756
vt 0.0897 0.6811
vt 0.0842 0.6588
vt 0.0956 0.6499
vt 0.0659 0.4933
vt 0.0764 0.4833
vt 0.0831 0.4937
vt 0.0831 0.4937
vt 0.0939 0.4807
vt 0.0949 0.4973
vt 0.1249 0.5191
vt 0.0949 0.4973
vt 0.1245 0.5465
vt 0.1185 0.5325
vt 0.1114 0.5455
vt 0.1012 0.5315
vt 0.0846 0.5266
vt 0.1094 0.4891
vt 0.1051 0.5641
vt 0.0854 0.5641
vt 0.0732 0.5697
vt 0.0854 0.5641
vt 0.0952 0.5710
vt 0.0844 0.5787
vt 0.1113 0.7394
vt 0.1149 0.7558
vt 0.1217 0.7252
vt 0.0956 0.6499
vt 0.0849 0.6293
vt 0.0971 0.5955
vt 0.1228 0.5876
vt 0.1388 0.7733
vt 0.1401 0.7554
vt 0.1277 0.7632
vt 0.1273 0.7491
vt 0.1458 0.6320
vt 0.1468 0.6027
vt 0.1364 0.5926
vt 0.0800 0.4479
vt 0.1153 0.4997
vt 0.1096 0.5900
vt 0.1074 0.6033
vt 0.0844 0.5787
vt 0.0983 0.5826
vt 0.0971 0.5955
vt 0.1216 0.5594
vt 0.1139 0.5759
vt 0.2514 0.6561
vt 0.2522 0.6367
vt 0.2640 0.6432
vt 0.2523 0.0158
vt 0.2523 0.0138
vt 0.2543 0.0158
vt 0.2523 0.0346
vt 0.2523 0.0158
vt 0.2543 0.0346
vt 0.2440 0.6074
vt 0.2447 0.5880
vt 0.2537 0.5980
vt 0.2614 0.3852
vt 0.2528 0.3752
vt 0.2619 0.3659
vt 0.2523 0.0724
vt 0.2523 0.0535
vt 0.2543 0.0535
vt 0.2523 0.0912
vt 0.2523 0.0724
vt 0.2543 0.0724
vt 0.2581 0.4820
vt 0.2588 0.4626
vt 0.2716 0.4668
vt 0.2523 0.0346
vt 0.2614 0.3852
vt 0.2608 0.4046
vt 0.2521 0.3946
vt 0.3249 0.9216
vt 0.3178 0.9374
vt 0.3082 0.9299
vt 0.2523 0.1290
vt 0.2523 0.1101
vt 0.2543 0.1290
vt 0.2523 0.1478
vt 0.2523 0.1290
vt 0.2543 0.1478
vt 0.3031 0.9111
vt 0.3098 0.8961
vt 0.3201 0.9032
vt 0.3104 0.8665
vt 0.3032 0.8807
vt 0.2927 0.8735
vt 0.2523 0.1855
vt 0.2523 0.1667
vt 0.2543 0.1855
vt 0.2514 0.7229
vt 0.2650 0.7313
vt 0.2566 0.7418
vt 0.2523 0.2233
vt 0.2523 0.2044
vt 0.2543 0.2233
vt 0.2523 0.1855
vt 0.2543 0.2044
vt 0.2523 0.2044
vt 0.2617 0.7606
vt 0.2745 0.7681
vt 0.2669 0.7794
vt 0.2523 0.1478
vt 0.2543 0.1667
vt 0.2523 0.1667
vt 0.2840 0.8048
vt 0.2892 0.8230
vt 0.2772 0.8170
vt 0.2523 0.0912
vt 0.2543 0.1101
vt 0.2523 0.1101
vt 0.2595 0.4433
vt 0.2506 0.4332
vt 0.2602 0.4239
vt 0.2634 0.2138
vt 0.2764 0.2119
vt 0.2764 0.2315
vt 0.2462 0.7041
vt 0.2603 0.7129
vt 0.2514 0.7229
vt 0.2506 0.4332
vt 0.2486 0.4333
vt 0.2493 0.4140
vt 0.2499 0.4526
vt 0.2471 0.4721
vt 0.2479 0.4527
vt 0.2491 0.4719
vt 0.2566 0.7418
vt 0.2698 0.7497
vt 0.2617 0.7606
vt 0.2491 0.4719
vt 0.2581 0.4820
vt 0.2484 0.4913
vt 0.2499 0.4526
vt 0.2493 0.4140
vt 0.2501 0.3946
vt 0.2513 0.4139
vt 0.2791 0.7865
vt 0.2630 0.3082
vt 0.2629 0.3270
vt 0.2543 0.3176
vt 0.2631 0.2893
vt 0.2762 0.2708
vt 0.2760 0.2904
vt 0.2523 0.2610
vt 0.2523 0.2421
vt 0.2543 0.2421
vt 0.2528 0.3752
vt 0.2508 0.3752
vt 0.2516 0.3558
vt 0.2501 0.3946
vt 0.2508 0.3752
vt 0.2521 0.3946
vt 0.2588 0.4626
vt 0.2595 0.4433
vt 0.2723 0.4472
vt 0.2632 0.2704
vt 0.2631 0.2893
vt 0.2543 0.2799
vt 0.2633 0.2516
vt 0.2763 0.2512
vt 0.2762 0.2708
vt 0.2410 0.6853
vt 0.2555 0.6946
vt 0.2462 0.7041
vt 0.2588 0.4626
vt 0.2523 0.2421
vt 0.2791 0.7865
vt 0.2840 0.8048
vt 0.2721 0.7982
vt 0.2543 0.0158
vt 0.2648 0.0158
vt 0.2651 0.0283
vt 0.2646 0.0441
vt 0.2543 0.0346
vt 0.2651 0.0283
vt 0.2543 0.0912
vt 0.2642 0.0818
vt 0.2543 0.0724
vt 0.2644 0.0629
vt 0.2640 0.1007
vt 0.2543 0.0912
vt 0.2642 0.0818
vt 0.2648 0.0138
vt 0.2755 0.0354
vt 0.2639 0.1195
vt 0.2638 0.1384
vt 0.2636 0.1761
vt 0.2543 0.1667
vt 0.2637 0.1573
vt 0.2635 0.1950
vt 0.2543 0.0138
vt 0.2543 0.2987
vt 0.2523 0.3176
vt 0.2523 0.2987
vt 0.2523 0.2799
vt 0.2543 0.2799
vt 0.2523 0.2987
vt 0.2629 0.3270
vt 0.2757 0.3100
vt 0.2754 0.3296
vt 0.2764 0.2119
vt 0.2635 0.1950
vt 0.2764 0.1923
vt 0.2536 0.3559
vt 0.2523 0.3364
vt 0.2543 0.3364
vt 0.2608 0.4046
vt 0.2741 0.3884
vt 0.2736 0.4080
vt 0.2536 0.3559
vt 0.2543 0.3176
vt 0.2523 0.3364
vt 0.2523 0.3176
vt 0.2634 0.2327
vt 0.2543 0.2610
vt 0.2634 0.2138
vt 0.2543 0.2610
vt 0.2523 0.2799
vt 0.2543 0.2987
vt 0.2624 0.3465
vt 0.2624 0.3465
vt 0.2754 0.3296
vt 0.2751 0.3492
vt 0.2630 0.3082
vt 0.2746 0.3688
vt 0.2633 0.2516
vt 0.2574 0.5013
vt 0.2581 0.4820
vt 0.2709 0.4864
vt 0.2730 0.4276
vt 0.2454 0.5687
vt 0.2434 0.5690
vt 0.2442 0.5496
vt 0.2447 0.5880
vt 0.2427 0.5884
vt 0.2522 0.6367
vt 0.2530 0.6174
vt 0.2649 0.6236
vt 0.2419 0.6077
vt 0.2442 0.5496
vt 0.2449 0.5302
vt 0.2462 0.5493
vt 0.2753 0.0158
vt 0.2464 0.4915
vt 0.2484 0.4913
vt 0.2477 0.5106
vt 0.2552 0.5593
vt 0.2560 0.5400
vt 0.2685 0.5452
vt 0.2456 0.5109
vt 0.2449 0.5302
vt 0.2456 0.5109
vt 0.2469 0.5300
vt 0.2545 0.5787
vt 0.2530 0.6174
vt 0.2537 0.5980
vt 0.2658 0.6040
vt 0.2560 0.5400
vt 0.2567 0.5207
vt 0.2693 0.5256
vt 0.2892 0.8230
vt 0.2944 0.8413
vt 0.2824 0.8358
vt 0.3129 0.9185
vt 0.2552 0.5593
vt 0.2418 0.6654
vt 0.2405 0.6465
vt 0.2425 0.6460
vt 0.2560 0.5400
vt 0.2412 0.6271
vt 0.2397 0.6659
vt 0.2390 0.6853
vt 0.2397 0.6659
vt 0.2410 0.6847
vt 0.2410 0.6847
vt 0.2507 0.6754
vt 0.2410 0.6853
vt 0.2441 0.7040
vt 0.2432 0.6267
vt 0.2432 0.6267
vt 0.2514 0.6561
vt 0.2441 0.7040
vt 0.2462 0.7041
vt 0.2493 0.7228
vt 0.2493 0.7228
vt 0.2514 0.7229
vt 0.2545 0.7416
vt 0.2545 0.5787
vt 0.2552 0.5593
vt 0.2676 0.5648
vt 0.2522 0.6367
vt 0.2751 0.3492
vt 0.2574 0.5013
vt 0.2944 0.8413
vt 0.2995 0.8596
vt 0.2876 0.8547
vt 0.2669 0.6237
vt 0.2658 0.6040
vt 0.2678 0.6041
vt 0.2660 0.6433
vt 0.2760 0.0942
vt 0.2642 0.0818
vt 0.2758 0.0746
vt 0.2650 0.6629
vt 0.2667 0.5844
vt 0.2705 0.5453
vt 0.2696 0.5649
vt 0.2687 0.5845
vt 0.2667 0.5844
vt 0.2676 0.5648
vt 0.2640 0.1007
vt 0.2696 0.5649
vt 0.2646 0.0441
vt 0.2763 0.1531
vt 0.2638 0.1384
vt 0.2762 0.1335
vt 0.2631 0.6628
vt 0.2761 0.1139
vt 0.2640 0.1007
vt 0.2760 0.0942
vt 0.2622 0.6830
vt 0.2621 0.6824
vt 0.2641 0.6825
vt 0.2622 0.6830
vt 0.2718 0.7197
vt 0.2603 0.7129
vt 0.2670 0.7014
vt 0.2670 0.7014
vt 0.2545 0.7416
vt 0.2566 0.7418
vt 0.2596 0.7604
vt 0.2596 0.7604
vt 0.2617 0.7606
vt 0.2648 0.7792
vt 0.2631 0.6628
vt 0.2757 0.0550
vt 0.2650 0.6629
vt 0.2641 0.6825
vt 0.2690 0.7009
vt 0.2670 0.7014
vt 0.2648 0.7792
vt 0.2669 0.7794
vt 0.2699 0.7979
vt 0.2721 0.7982
vt 0.2713 0.5257
vt 0.2693 0.5256
vt 0.2701 0.5060
vt 0.2701 0.5060
vt 0.2753 0.0148
vt 0.2753 0.0148
vt 0.2773 0.0148
vt 0.2753 0.0158
vt 0.2755 0.0354
vt 0.2753 0.0158
vt 0.2773 0.0158
vt 0.2775 0.0354
vt 0.2757 0.0550
vt 0.2777 0.0550
vt 0.2758 0.0746
vt 0.2778 0.0746
vt 0.2762 0.1335
vt 0.2761 0.1139
vt 0.2781 0.1139
vt 0.2637 0.1573
vt 0.2776 0.3100
vt 0.2764 0.1727
vt 0.2779 0.2904
vt 0.2780 0.0942
vt 0.2753 0.0148
vt 0.2753 0.0138
vt 0.2773 0.0138
vt 0.2774 0.3296
vt 0.2743 0.4473
vt 0.2736 0.4669
vt 0.2709 0.4864
vt 0.2716 0.4668
vt 0.2729 0.4865
vt 0.2736 0.4669
vt 0.2721 0.5061
vt 0.2730 0.4276
vt 0.2736 0.4080
vt 0.2749 0.4277
vt 0.2741 0.3884
vt 0.2765 0.3689
vt 0.2761 0.3885
vt 0.2863 0.7748
vt 0.2756 0.4081
vt 0.2761 0.3885
vt 0.2767 0.7381
vt 0.2770 0.3493
vt 0.2782 0.2708
vt 0.2764 0.1727
vt 0.2763 0.1531
vt 0.2783 0.1531
vt 0.2782 0.1335
vt 0.2782 0.1335
vt 0.2784 0.1727
vt 0.2764 0.1923
vt 0.2784 0.2120
vt 0.2783 0.2316
vt 0.2763 0.2512
vt 0.2764 0.2315
vt 0.2782 0.2512
vt 0.3056 0.8482
vt 0.2960 0.8115
vt 0.2784 0.1923
vt 0.3134 0.9488
vt 0.2995 0.8596
vt 0.3082 0.9299
vt 0.3153 0.8849
vt 0.3008 0.8298
vt 0.2636 0.1761
vt 0.2979 0.8923
vt 0.2721 0.5061
vt 0.2718 0.7197
vt 0.2738 0.7194
vt 0.2767 0.7381
vt 0.2787 0.7379
vt 0.2815 0.7564
vt 0.2787 0.7379
vt 0.2835 0.7563
vt 0.2815 0.7564
vt 0.2863 0.7748
vt 0.2863 0.7748
vt 0.2884 0.7748
vt 0.2911 0.7931
vt 0.2911 0.7931
vt 0.2932 0.7932
vt 0.2960 0.8115
vt 0.2911 0.7931
vt 0.2721 0.7982
vt 0.2772 0.8170
vt 0.2751 0.8167
vt 0.2802 0.8355
vt 0.2802 0.8355
vt 0.2824 0.8358
vt 0.2854 0.8543
vt 0.2854 0.8543
vt 0.2876 0.8547
vt 0.2905 0.8731
vt 0.2960 0.8115
vt 0.2981 0.8117
vt 0.3008 0.8298
vt 0.3029 0.8301
vt 0.2905 0.8731
vt 0.2927 0.8735
vt 0.2957 0.8918
vt 0.2957 0.8918
vt 0.2979 0.8923
vt 0.3009 0.9106
vt 0.3032 0.8807
vt 0.3029 0.8301
vt 0.3078 0.8486
vt 0.3056 0.8482
vt 0.3104 0.8665
vt 0.3009 0.9106
vt 0.3031 0.9111
vt 0.3060 0.9294
vt 0.3126 0.8670
vt 0.3126 0.8670
vt 0.3175 0.8855
vt 0.3153 0.8849
vt 0.3201 0.9032
vt 0.3224 0.9040
vt 0.3249 0.9216
vt 0.3272 0.9224
vt 0.3297 0.9399
vt 0.3082 0.9299
vt 0.3125 0.9484
vt 0.3112 0.9482
vt 0.3117 0.9502
vt 0.3136 0.9497
vt 0.3242 0.9558
vt 0.3240 0.9535
vt 0.3297 0.9399
vt 0.3346 0.9583
vt 0.3321 0.9409
vt 0.3352 0.9607
vt 0.3369 0.9593
vt 0.3376 0.9618
vt 0.3993 0.2990
vt 0.4021 0.3182
vt 0.3899 0.3184
vt 0.3117 0.0257
vt 0.3097 0.0267
vt 0.3097 0.0257
vt 0.3098 0.0463
vt 0.3097 0.0267
vt 0.3117 0.0267
vt 0.4066 0.2616
vt 0.4140 0.2718
vt 0.4054 0.2805
vt 0.3940 0.2623
vt 0.3102 0.0856
vt 0.3100 0.0660
vt 0.3122 0.0855
vt 0.4008 0.1855
vt 0.3966 0.1658
vt 0.4116 0.1671
vt 0.3103 0.1052
vt 0.3102 0.0856
vt 0.3123 0.1051
vt 0.3120 0.0659
vt 0.3100 0.0660
vt 0.3098 0.0463
vt 0.4305 0.9458
vt 0.4305 0.9299
vt 0.4509 0.9378
vt 0.3117 0.0247
vt 0.3097 0.0257
vt 0.3097 0.0247
vt 0.4008 0.1855
vt 0.4071 0.2047
vt 0.3912 0.2033
vt 0.3435 0.0712
vt 0.3252 0.0704
vt 0.3439 0.0587
vt 0.3106 0.1444
vt 0.3105 0.1248
vt 0.3126 0.1443
vt 0.3107 0.1640
vt 0.3106 0.1444
vt 0.3127 0.1639
vt 0.3731 0.0425
vt 0.3560 0.0352
vt 0.3648 0.0267
vt 0.3560 0.0474
vt 0.3968 0.9299
vt 0.3968 0.9458
vt 0.3811 0.9452
vt 0.4091 0.0383
vt 0.4079 0.0528
vt 0.3908 0.0440
vt 0.3108 0.2229
vt 0.3108 0.2033
vt 0.3128 0.2227
vt 0.3107 0.1837
vt 0.3128 0.2031
vt 0.3108 0.2033
vt 0.3127 0.2619
vt 0.3106 0.2621
vt 0.3107 0.2425
vt 0.3107 0.1640
vt 0.3127 0.1835
vt 0.3107 0.1837
vt 0.3940 0.2623
vt 0.3931 0.2812
vt 0.3769 0.2658
vt 0.3103 0.1052
vt 0.3125 0.1247
vt 0.3105 0.1248
vt 0.4188 0.0831
vt 0.4290 0.1021
vt 0.4100 0.0911
vt 0.3912 0.2033
vt 0.3809 0.2152
vt 0.3765 0.2009
vt 0.4274 0.1210
vt 0.4187 0.1107
vt 0.4290 0.1021
vt 0.3100 0.4187
vt 0.3079 0.4190
vt 0.3084 0.3994
vt 0.3094 0.4383
vt 0.3066 0.4582
vt 0.3073 0.4386
vt 0.3087 0.4579
vt 0.3926 0.3367
vt 0.4090 0.3284
vt 0.4074 0.3477
vt 0.3087 0.4579
vt 0.3208 0.4681
vt 0.3080 0.4775
vt 0.3094 0.4383
vt 0.3084 0.3994
vt 0.3089 0.3798
vt 0.3105 0.3991
vt 0.3899 0.0666
vt 0.3957 0.0555
vt 0.4134 0.0724
vt 0.3118 0.3403
vt 0.3098 0.3406
vt 0.3100 0.3210
vt 0.4015 0.0799
vt 0.4100 0.0911
vt 0.3911 0.0893
vt 0.3123 0.3011
vt 0.3103 0.3014
vt 0.3105 0.2817
vt 0.3439 0.0587
vt 0.3378 0.0433
vt 0.3560 0.0474
vt 0.4066 0.2616
vt 0.4038 0.2424
vt 0.4157 0.2529
vt 0.3121 0.3207
vt 0.3100 0.3210
vt 0.3103 0.3014
vt 0.3110 0.3795
vt 0.3089 0.3798
vt 0.3094 0.3602
vt 0.3647 0.0587
vt 0.3110 0.3795
vt 0.3236 0.3897
vt 0.3105 0.3991
vt 0.3114 0.3599
vt 0.3094 0.3602
vt 0.3098 0.3406
vt 0.3125 0.2815
vt 0.3105 0.2817
vt 0.3106 0.2621
vt 0.3818 0.1825
vt 0.3924 0.1770
vt 0.3901 0.1912
vt 0.4223 0.0392
vt 0.4091 0.0383
vt 0.4180 0.0267
vt 0.3366 0.4687
vt 0.3294 0.4486
vt 0.3416 0.4556
vt 0.3107 0.2425
vt 0.3108 0.2229
vt 0.3127 0.2423
vt 0.4133 0.1862
vt 0.3117 0.0257
vt 0.3294 0.0247
vt 0.3294 0.0267
vt 0.3117 0.0247
vt 0.3117 0.0267
vt 0.3118 0.0463
vt 0.3205 0.0364
vt 0.3205 0.0364
vt 0.3378 0.0433
vt 0.3266 0.0566
vt 0.3471 0.0267
vt 0.3294 0.0247
vt 0.3471 0.0247
vt 0.3471 0.0267
vt 0.3668 0.2527
vt 0.3833 0.2538
vt 0.3769 0.2658
vt 0.3471 0.0247
vt 0.3649 0.0247
vt 0.3648 0.0267
vt 0.3471 0.0267
vt 0.4003 0.0267
vt 0.3825 0.0267
vt 0.3826 0.0247
vt 0.3266 0.0566
vt 0.3309 0.2310
vt 0.3390 0.2129
vt 0.3500 0.2258
vt 0.3549 0.2633
vt 0.3769 0.2658
vt 0.3633 0.2768
vt 0.3252 0.0704
vt 0.4004 0.1214
vt 0.3886 0.1163
vt 0.4054 0.1095
vt 0.3312 0.4095
vt 0.3472 0.4049
vt 0.3508 0.4199
vt 0.3519 0.3334
vt 0.3602 0.3176
vt 0.3726 0.3303
vt 0.3947 0.3493
vt 0.3795 0.3454
vt 0.3926 0.3367
vt 0.3273 0.3113
vt 0.3123 0.3011
vt 0.3249 0.2915
vt 0.3510 0.1125
vt 0.3353 0.1264
vt 0.3369 0.1070
vt 0.3584 0.1521
vt 0.3397 0.1563
vt 0.3481 0.1411
vt 0.3818 0.1825
vt 0.3683 0.1776
vt 0.3827 0.1631
vt 0.3226 0.2522
vt 0.3309 0.2310
vt 0.3428 0.2371
vt 0.3192 0.2325
vt 0.3240 0.2129
vt 0.3309 0.2310
vt 0.3753 0.2430
vt 0.3632 0.2364
vt 0.3771 0.2304
vt 0.3274 0.1807
vt 0.3404 0.1874
vt 0.3302 0.1965
vt 0.3511 0.0868
vt 0.3391 0.0934
vt 0.3350 0.0803
vt 0.3127 0.2619
vt 0.3226 0.2522
vt 0.3241 0.2718
vt 0.3362 0.3674
vt 0.3246 0.3755
vt 0.3209 0.3503
vt 0.3668 0.2527
vt 0.3510 0.2478
vt 0.3632 0.2364
vt 0.3312 0.4095
vt 0.3185 0.4092
vt 0.3236 0.3897
vt 0.4257 0.1398
vt 0.4240 0.1587
vt 0.4176 0.1486
vt 0.3560 0.0699
vt 0.3049 0.5558
vt 0.3028 0.5563
vt 0.3036 0.5367
vt 0.3040 0.5754
vt 0.3011 0.5955
vt 0.3020 0.5759
vt 0.3031 0.5950
vt 0.3975 0.2228
vt 0.4038 0.2424
vt 0.3879 0.2410
vt 0.3031 0.5950
vt 0.3088 0.6051
vt 0.3022 0.6146
vt 0.3040 0.5754
vt 0.3036 0.5367
vt 0.3044 0.5171
vt 0.3057 0.5363
vt 0.4727 0.9198
vt 0.4623 0.9099
vt 0.4727 0.9001
vt 0.3060 0.4779
vt 0.3080 0.4775
vt 0.3073 0.4971
vt 0.3769 0.5286
vt 0.3848 0.5153
vt 0.3890 0.5306
vt 0.3052 0.4975
vt 0.3044 0.5171
vt 0.3052 0.4975
vt 0.3065 0.5167
vt 0.3349 0.6520
vt 0.3464 0.6657
vt 0.3221 0.6646
vt 0.3171 0.5590
vt 0.3198 0.5466
vt 0.4223 0.0392
vt 0.4223 0.0540
vt 0.4079 0.0528
vt 0.3975 0.2228
vt 0.3204 0.6056
vt 0.3312 0.5984
vt 0.3305 0.6138
vt 0.2994 0.6733
vt 0.2983 0.6542
vt 0.3004 0.6537
vt 0.3376 0.2966
vt 0.2993 0.6346
vt 0.2974 0.6738
vt 0.2965 0.6934
vt 0.2974 0.6738
vt 0.2984 0.6929
vt 0.4058 0.1468
vt 0.2986 0.6935
vt 0.3300 0.6951
vt 0.3140 0.6995
vt 0.3178 0.6820
vt 0.3013 0.7111
vt 0.3089 0.6640
vt 0.3715 0.9591
vt 0.3811 0.9452
vt 0.3883 0.9591
vt 0.3013 0.6342
vt 0.2993 0.6346
vt 0.3002 0.6150
vt 0.3142 0.7504
vt 0.3090 0.7314
vt 0.3285 0.7363
vt 0.3022 0.6146
vt 0.3184 0.6448
vt 0.3221 0.6646
vt 0.3089 0.6640
vt 0.3013 0.7111
vt 0.3038 0.7125
vt 0.3062 0.7288
vt 0.3062 0.7288
vt 0.3090 0.7314
vt 0.3110 0.7465
vt 0.3059 0.6835
vt 0.4136 0.9502
vt 0.4305 0.9458
vt 0.4221 0.9591
vt 0.3112 0.6248
vt 0.3337 0.6767
vt 0.3931 0.2812
vt 0.3993 0.2990
vt 0.3839 0.2976
vt 0.3626 0.2974
vt 0.3450 0.3082
vt 0.3376 0.2966
vt 0.3155 0.4876
vt 0.4340 0.0456
vt 0.3110 0.7465
vt 0.3142 0.7504
vt 0.3159 0.7642
vt 0.3194 0.7694
vt 0.3207 0.7819
vt 0.3246 0.7884
vt 0.3256 0.7996
vt 0.3298 0.8073
vt 0.3691 0.8098
vt 0.3822 0.7962
vt 0.3902 0.8114
vt 0.3794 0.0930
vt 0.3930 0.1031
vt 0.3768 0.1050
vt 0.3271 0.7492
vt 0.4136 0.9378
vt 0.4136 0.9502
vt 0.3968 0.9458
vt 0.3298 0.8073
vt 0.3350 0.8263
vt 0.3305 0.8172
vt 0.3802 0.8253
vt 0.3677 0.8288
vt 0.3691 0.8098
vt 0.3353 0.8349
vt 0.3240 0.0952
vt 0.3402 0.8526
vt 0.3353 0.8349
vt 0.3402 0.8453
vt 0.3454 0.8643
vt 0.3892 0.9202
vt 0.3968 0.9299
vt 0.3787 0.9265
vt 0.3450 0.8703
vt 0.3856 0.8839
vt 0.3680 0.8864
vt 0.3751 0.8735
vt 0.4332 0.9147
vt 0.4496 0.9239
vt 0.4305 0.9299
vt 0.3929 0.7834
vt 0.3894 0.7701
vt 0.4020 0.7648
vt 0.3811 0.9452
vt 0.3662 0.9402
vt 0.3787 0.9265
vt 0.3450 0.8703
vt 0.3506 0.8832
vt 0.3499 0.8880
vt 0.3558 0.9022
vt 0.3266 0.0566
vt 0.3547 0.9057
vt 0.3558 0.9022
vt 0.3610 0.9212
vt 0.3596 0.9234
vt 0.3610 0.9212
vt 0.3662 0.9402
vt 0.3818 0.8976
vt 0.3856 0.8839
vt 0.4005 0.8931
vt 0.3822 0.1396
vt 0.3891 0.1504
vt 0.3736 0.1485
vt 0.4496 0.9239
vt 0.4623 0.9099
vt 0.4624 0.9296
vt 0.4612 0.9467
vt 0.4509 0.9378
vt 0.4624 0.9296
vt 0.3644 0.9411
vt 0.3662 0.9402
vt 0.3693 0.9587
vt 0.3693 0.9587
vt 0.3699 0.9591
vt 0.3699 0.9611
vt 0.3715 0.9591
vt 0.4100 0.2239
vt 0.3699 0.9611
vt 0.3715 0.9591
vt 0.3719 0.9606
vt 0.3846 0.9611
vt 0.4207 0.1964
vt 0.3879 0.2410
vt 0.3605 0.8681
vt 0.4038 0.2424
vt 0.4100 0.2239
vt 0.4174 0.2341
vt 0.3902 0.8114
vt 0.4010 0.7980
vt 0.4031 0.8108
vt 0.3155 0.4876
vt 0.3208 0.4681
vt 0.3279 0.4891
vt 0.3776 0.2833
vt 0.4003 0.0267
vt 0.3757 0.1290
vt 0.3822 0.1396
vt 0.3632 0.1387
vt 0.4004 0.0247
vt 0.4180 0.0267
vt 0.4144 0.2908
vt 0.4124 0.2906
vt 0.4140 0.2718
vt 0.4107 0.3095
vt 0.3993 0.2990
vt 0.4124 0.2906
vt 0.4157 0.2529
vt 0.4160 0.2719
vt 0.4140 0.2718
vt 0.4177 0.2531
vt 0.3771 0.2304
vt 0.3809 0.2152
vt 0.3975 0.2228
vt 0.4181 0.0247
vt 0.4210 0.2153
vt 0.4207 0.1964
vt 0.4227 0.1965
vt 0.4194 0.2342
vt 0.4190 0.2152
vt 0.4324 0.0644
vt 0.4134 0.0724
vt 0.4223 0.0540
vt 0.4210 0.2153
vt 0.3810 0.0549
vt 0.3731 0.0425
vt 0.3908 0.0440
vt 0.4357 0.0267
vt 0.4054 0.2805
vt 0.4090 0.3284
vt 0.4107 0.3095
vt 0.4110 0.3285
vt 0.3751 0.3154
vt 0.4094 0.3474
vt 0.4074 0.3477
vt 0.4094 0.3474
vt 0.4104 0.3674
vt 0.4104 0.3674
vt 0.4123 0.3671
vt 0.4133 0.3872
vt 0.4163 0.4069
vt 0.4038 0.4099
vt 0.3980 0.3985
vt 0.4127 0.3097
vt 0.4153 0.3869
vt 0.3930 0.1031
vt 0.4100 0.0911
vt 0.4054 0.1095
vt 0.3240 0.2129
vt 0.4183 0.4066
vt 0.4163 0.4069
vt 0.4183 0.4066
vt 0.4193 0.4267
vt 0.4193 0.4267
vt 0.4212 0.4264
vt 0.4222 0.4465
vt 0.4055 0.4389
vt 0.4136 0.4579
vt 0.4132 0.4781
vt 0.4036 0.4707
vt 0.3868 0.3928
vt 0.3977 0.3794
vt 0.3980 0.3985
vt 0.3258 0.1510
vt 0.3248 0.1365
vt 0.3481 0.1411
vt 0.3977 0.3794
vt 0.4307 0.0833
vt 0.4324 0.0644
vt 0.4327 0.0833
vt 0.4344 0.0644
vt 0.4310 0.1022
vt 0.4294 0.1210
vt 0.3932 0.1338
vt 0.4107 0.1290
vt 0.4058 0.1468
vt 0.3932 0.1338
vt 0.4310 0.1022
vt 0.4277 0.1399
vt 0.3240 0.0952
vt 0.4359 0.0247
vt 0.4379 0.0247
vt 0.4377 0.0267
vt 0.3350 0.0803
vt 0.4021 0.3182
vt 0.4357 0.0267
vt 0.4340 0.0456
vt 0.4360 0.0456
vt 0.4357 0.0267
vt 0.4107 0.1290
vt 0.4224 0.1775
vt 0.4240 0.1587
vt 0.4244 0.1776
vt 0.4116 0.1671
vt 0.4260 0.1587
vt 0.4227 0.1965
vt 0.4242 0.4462
vt 0.3742 0.9098
vt 0.3679 0.8989
vt 0.3818 0.8976
vt 0.4222 0.4465
vt 0.4272 0.4659
vt 0.4252 0.4662
vt 0.4224 0.1775
vt 0.3738 0.4533
vt 0.3976 0.4477
vt 0.3994 0.4594
vt 0.3753 0.2430
vt 0.4260 0.1587
vt 0.4257 0.1398
vt 0.4277 0.1399
vt 0.4111 0.9213
vt 0.4034 0.9116
vt 0.4136 0.9047
vt 0.4282 0.4860
vt 0.4301 0.4857
vt 0.4311 0.5057
vt 0.4252 0.4662
vt 0.4311 0.5057
vt 0.4331 0.5054
vt 0.4361 0.5252
vt 0.3848 0.5153
vt 0.3890 0.5028
vt 0.3966 0.5210
vt 0.4176 0.1486
vt 0.4036 0.4707
vt 0.3840 0.4682
vt 0.3994 0.4594
vt 0.3926 0.3367
vt 0.3957 0.0555
vt 0.4247 0.5452
vt 0.4230 0.5574
vt 0.4126 0.5508
vt 0.4371 0.5452
vt 0.4341 0.5255
vt 0.4361 0.5252
vt 0.4390 0.5449
vt 0.4430 0.5847
vt 0.4460 0.6045
vt 0.4380 0.5956
vt 0.4400 0.5650
vt 0.4420 0.5647
vt 0.4430 0.5847
vt 0.4400 0.5650
vt 0.4450 0.5844
vt 0.4302 0.6241
vt 0.4489 0.6243
vt 0.4444 0.6350
vt 0.4188 0.0831
vt 0.4015 0.0799
vt 0.4134 0.0724
vt 0.4230 0.5574
vt 0.4400 0.5650
vt 0.4358 0.5757
vt 0.4450 0.5844
vt 0.4480 0.6042
vt 0.4460 0.6045
vt 0.4509 0.6240
vt 0.4489 0.6243
vt 0.4509 0.6240
vt 0.4539 0.6437
vt 0.4519 0.6440
vt 0.4539 0.6437
vt 0.4569 0.6635
vt 0.3879 0.2410
vt 0.4578 0.6835
vt 0.4608 0.7033
vt 0.4528 0.6944
vt 0.4087 0.6572
vt 0.4126 0.6398
vt 0.4243 0.6484
vt 0.4624 0.9296
vt 0.4727 0.9198
vt 0.4727 0.9394
vt 0.4088 0.6271
vt 0.4187 0.6184
vt 0.4302 0.6241
vt 0.4052 0.9591
vt 0.3883 0.9591
vt 0.3968 0.9458
vt 0.4305 0.9299
vt 0.4136 0.9378
vt 0.4111 0.9213
vt 0.3968 0.9299
vt 0.3993 0.9611
vt 0.4140 0.9611
vt 0.4221 0.9591
vt 0.4286 0.9611
vt 0.4140 0.9611
vt 0.4389 0.9591
vt 0.4433 0.9611
vt 0.4549 0.6638
vt 0.4569 0.6635
vt 0.4598 0.6832
vt 0.4598 0.6832
vt 0.4410 0.6961
vt 0.4451 0.7157
vt 0.4322 0.7082
vt 0.4433 0.9611
vt 0.4558 0.9591
vt 0.4580 0.9611
vt 0.4561 0.7746
vt 0.4727 0.7820
vt 0.4637 0.7918
vt 0.4727 0.9591
vt 0.4474 0.9499
vt 0.4628 0.7030
vt 0.4238 0.6620
vt 0.4528 0.6944
vt 0.3765 0.2009
vt 0.4247 0.5452
vt 0.4658 0.7227
vt 0.4638 0.7230
vt 0.4608 0.7033
vt 0.4687 0.7425
vt 0.4727 0.8017
vt 0.4667 0.7428
vt 0.4687 0.7425
vt 0.4717 0.7622
vt 0.4697 0.7625
vt 0.4717 0.7622
vt 0.4727 0.7820
vt 0.4727 0.8607
vt 0.4594 0.8509
vt 0.4727 0.8410
vt 0.4187 0.1107
vt 0.4576 0.7625
vt 0.4727 0.7820
vt 0.4747 0.7820
vt 0.4747 0.8017
vt 0.4727 0.8804
vt 0.4663 0.8706
vt 0.4727 0.8607
vt 0.4727 0.8214
vt 0.4727 0.8017
vt 0.4747 0.8214
vt 0.4727 0.8410
vt 0.4747 0.8214
vt 0.4747 0.8410
vt 0.4005 0.8931
vt 0.4389 0.9591
vt 0.4558 0.8115
vt 0.4663 0.8706
vt 0.4556 0.8902
vt 0.4546 0.8706
vt 0.4444 0.8809
vt 0.4747 0.8804
vt 0.4727 0.9001
vt 0.4727 0.8804
vt 0.4747 0.9001
vt 0.4747 0.9394
vt 0.4727 0.9591
vt 0.4727 0.9394
vt 0.4727 0.9611
vt 0.4747 0.9591
vt 0.4747 0.9198
vt 0.4612 0.9467
vt 0.4747 0.8607
vt 0.4747 0.8410
vt 0.4034 0.9116
vt 0.4211 0.9143
vt 0.3891 0.1504
vt 0.4747 0.9611
vt 0.3731 0.0702
vt 0.3690 0.0865
vt 0.3560 0.0699
vt 0.3511 0.0868
vt 0.3498 0.2758
vt 0.3626 0.2974
vt 0.3339 0.2603
vt 0.3383 0.2829
vt 0.3383 0.2829
vt 0.3487 0.1983
vt 0.3613 0.2060
vt 0.3514 0.2134
vt 0.3660 0.2201
vt 0.3757 0.1290
vt 0.3613 0.2060
vt 0.3514 0.2134
vt 0.3274 0.1807
vt 0.3127 0.1639
vt 0.3278 0.1657
vt 0.3649 0.1916
vt 0.3924 0.1770
vt 0.3827 0.1631
vt 0.3684 0.1633
vt 0.3584 0.1521
vt 0.3736 0.1485
vt 0.3768 0.1050
vt 0.3886 0.1163
vt 0.3656 0.1165
vt 0.3827 0.1631
vt 0.3391 0.0934
vt 0.3609 0.1011
vt 0.3911 0.0893
vt 0.3794 0.0930
vt 0.3836 0.0783
vt 0.3609 0.1011
vt 0.3240 0.1148
vt 0.3538 0.1665
vt 0.3240 0.1148
vt 0.3240 0.0952
vt 0.3369 0.1070
vt 0.3683 0.1776
vt 0.3248 0.1365
vt 0.3547 0.1273
vt 0.3481 0.1411
vt 0.3353 0.1264
vt 0.3225 0.4289
vt 0.4132 0.4781
vt 0.4051 0.4245
vt 0.3185 0.4092
vt 0.3204 0.6056
vt 0.3088 0.6051
vt 0.3130 0.5856
vt 0.3295 0.5244
vt 0.3158 0.5269
vt 0.3223 0.5075
vt 0.3140 0.6995
vt 0.4345 0.7468
vt 0.4475 0.7357
vt 0.4547 0.7457
vt 0.3319 0.7762
vt 0.3456 0.7724
vt 0.3433 0.7910
vt 0.4637 0.7918
vt 0.4558 0.8115
vt 0.4505 0.7918
vt 0.3302 0.1965
vt 0.3487 0.1983
vt 0.3390 0.2129
vt 0.3500 0.2258
vt 0.3428 0.2371
vt 0.3339 0.2603
vt 0.3192 0.2325
vt 0.3537 0.1814
vt 0.3487 0.1983
vt 0.3404 0.1874
vt 0.3537 0.1814
vt 0.3571 0.8507
vt 0.4049 0.7863
vt 0.4010 0.7980
vt 0.3929 0.7834
vt 0.4201 0.8709
vt 0.4193 0.8849
vt 0.4002 0.8788
vt 0.4594 0.8509
vt 0.4546 0.8706
vt 0.4444 0.8593
vt 0.3647 0.0587
vt 0.3731 0.0702
vt 0.3810 0.0549
vt 0.3899 0.0666
vt 0.3836 0.0783
vt 0.3690 0.0865
vt 0.3794 0.0930
vt 0.3609 0.1011
vt 0.4015 0.0799
vt 0.4332 0.9147
vt 0.4211 0.9143
vt 0.4320 0.8993
vt 0.4480 0.9099
vt 0.3915 0.9081
vt 0.3892 0.9202
vt 0.3742 0.9098
vt 0.3742 0.9098
vt 0.3915 0.9081
vt 0.3680 0.8864
vt 0.3729 0.8588
vt 0.3906 0.8683
vt 0.3974 0.8570
vt 0.4068 0.8662
vt 0.4002 0.8788
vt 0.3751 0.8735
vt 0.3437 0.8341
vt 0.3437 0.8341
vt 0.3484 0.8124
vt 0.3548 0.8306
vt 0.3721 0.8411
vt 0.3548 0.8306
vt 0.3802 0.8253
vt 0.3966 0.8438
vt 0.3836 0.8494
vt 0.3484 0.8124
vt 0.3721 0.8411
vt 0.3577 0.8031
vt 0.3639 0.7914
vt 0.3691 0.8098
vt 0.3319 0.7762
vt 0.3433 0.7910
vt 0.3597 0.8187
vt 0.3877 0.3720
vt 0.3245 0.3307
vt 0.3332 0.3447
vt 0.3209 0.3503
vt 0.3245 0.3307
vt 0.3273 0.3113
vt 0.3386 0.3235
vt 0.3842 0.3286
vt 0.3386 0.3235
vt 0.3842 0.3286
vt 0.4480 0.9099
vt 0.3450 0.3082
vt 0.3732 0.3034
vt 0.3332 0.3447
vt 0.3245 0.3307
vt 0.3209 0.3503
vt 0.3901 0.1912
vt 0.3407 0.1737
vt 0.3240 0.2129
vt 0.3397 0.1563
vt 0.3278 0.1657
vt 0.3258 0.1510
vt 0.3632 0.1387
vt 0.3632 0.1387
vt 0.3302 0.1965
vt 0.3387 0.4294
vt 0.3524 0.4343
vt 0.3416 0.4556
vt 0.3295 0.5244
vt 0.3333 0.5128
vt 0.3516 0.5297
vt 0.3539 0.4487
vt 0.3622 0.4580
vt 0.3515 0.4684
vt 0.4055 0.5127
vt 0.3890 0.5028
vt 0.4081 0.5008
vt 0.4165 0.5180
vt 0.4081 0.5008
vt 0.4209 0.4972
vt 0.3634 0.3394
vt 0.3584 0.3981
vt 0.3472 0.4049
vt 0.3398 0.3901
vt 0.3398 0.3901
vt 0.3461 0.3774
vt 0.3599 0.3850
vt 0.3871 0.3595
vt 0.3947 0.3493
vt 0.4104 0.3674
vt 0.3871 0.3595
vt 0.3714 0.3678
vt 0.3653 0.3521
vt 0.3795 0.3454
vt 0.3691 0.4308
vt 0.3508 0.4199
vt 0.3629 0.4104
vt 0.3208 0.4681
vt 0.3130 0.5856
vt 0.3903 0.5891
vt 0.4084 0.5837
vt 0.4054 0.6005
vt 0.3413 0.6065
vt 0.3312 0.5984
vt 0.3460 0.5877
vt 0.3930 0.5422
vt 0.3890 0.5306
vt 0.4024 0.5329
vt 0.4444 0.6350
vt 0.4363 0.6565
vt 0.4328 0.6368
vt 0.4378 0.6764
vt 0.4087 0.6572
vt 0.3936 0.6547
vt 0.3997 0.6429
vt 0.3411 0.6877
vt 0.3300 0.6951
vt 0.3337 0.6767
vt 0.3198 0.5466
vt 0.3158 0.5269
vt 0.3289 0.5374
vt 0.3387 0.5751
vt 0.3409 0.5608
vt 0.3533 0.5673
vt 0.4063 0.4885
vt 0.3966 0.4806
vt 0.4132 0.4781
vt 0.4380 0.5956
vt 0.4243 0.5774
vt 0.4358 0.5757
vt 0.3963 0.5761
vt 0.3271 0.7156
vt 0.3632 0.7634
vt 0.3823 0.7583
vt 0.3774 0.7772
vt 0.3553 0.6466
vt 0.4243 0.6484
vt 0.4558 0.8115
vt 0.4595 0.8246
vt 0.4460 0.8263
vt 0.4307 0.8571
vt 0.4444 0.8440
vt 0.4444 0.8593
vt 0.3774 0.7772
vt 0.3929 0.7834
vt 0.3822 0.7962
vt 0.4155 0.7194
vt 0.4007 0.7237
vt 0.4018 0.7082
vt 0.4556 0.8902
vt 0.4341 0.8706
vt 0.4448 0.8974
vt 0.3856 0.8839
vt 0.3836 0.8494
vt 0.3836 0.8494
vt 0.4193 0.8849
vt 0.3802 0.8253
vt 0.3902 0.8114
vt 0.3971 0.8268
vt 0.4460 0.8263
vt 0.4311 0.8339
vt 0.4266 0.8211
vt 0.4209 0.8472
vt 0.3974 0.8570
vt 0.3966 0.8438
vt 0.3433 0.7910
vt 0.3410 0.8029
vt 0.3246 0.7884
vt 0.3597 0.8187
vt 0.3484 0.8124
vt 0.3577 0.8031
vt 0.3271 0.7492
vt 0.3431 0.7515
vt 0.3319 0.7613
vt 0.3708 0.7536
vt 0.3647 0.7761
vt 0.3855 0.7207
vt 0.3902 0.7099
vt 0.4007 0.7237
vt 0.4132 0.8189
vt 0.4031 0.8108
vt 0.4166 0.8044
vt 0.3639 0.7914
vt 0.3538 0.7828
vt 0.3647 0.7761
vt 0.4444 0.8440
vt 0.4102 0.8357
vt 0.3894 0.7701
vt 0.4020 0.7648
vt 0.4157 0.7804
vt 0.4049 0.7863
vt 0.4166 0.8044
vt 0.4370 0.7642
vt 0.4561 0.7746
vt 0.4359 0.7775
vt 0.4280 0.7946
vt 0.3438 0.3549
vt 0.3236 0.3897
vt 0.3246 0.3755
vt 0.3398 0.3901
vt 0.3168 0.4484
vt 0.3388 0.4817
vt 0.3294 0.4486
vt 0.3168 0.4484
vt 0.3225 0.4289
vt 0.3515 0.4684
vt 0.3509 0.4868
vt 0.3388 0.4817
vt 0.3373 0.5474
vt 0.4136 0.4579
vt 0.3866 0.4284
vt 0.3874 0.4416
vt 0.4055 0.4389
vt 0.3976 0.4477
vt 0.4136 0.4579
vt 0.3691 0.4308
vt 0.3866 0.4284
vt 0.3753 0.4413
vt 0.3930 0.4169
vt 0.3801 0.4035
vt 0.3980 0.3985
vt 0.4051 0.4245
vt 0.3930 0.4169
vt 0.4038 0.4099
vt 0.4209 0.4972
vt 0.4209 0.4972
vt 0.4165 0.5180
vt 0.3886 0.4903
vt 0.3461 0.3774
vt 0.3312 0.4095
vt 0.3387 0.4294
vt 0.3225 0.4289
vt 0.3804 0.3820
vt 0.3779 0.4185
vt 0.3714 0.3678
vt 0.3538 0.3656
vt 0.3362 0.3674
vt 0.3438 0.3549
vt 0.3634 0.3394
vt 0.3599 0.3850
vt 0.3584 0.3981
vt 0.3599 0.3850
vt 0.3715 0.3926
vt 0.3538 0.3656
vt 0.3599 0.6012
vt 0.3580 0.6139
vt 0.3413 0.6065
vt 0.3373 0.5474
vt 0.3409 0.5608
vt 0.3278 0.5657
vt 0.4126 0.6398
vt 0.4302 0.6241
vt 0.4328 0.6368
vt 0.4084 0.5837
vt 0.4152 0.5680
vt 0.4243 0.5774
vt 0.4363 0.6565
vt 0.3184 0.6448
vt 0.3178 0.6820
vt 0.3158 0.5269
vt 0.3223 0.5075
vt 0.3540 0.5501
vt 0.3278 0.5657
vt 0.3266 0.5863
vt 0.3130 0.5856
vt 0.3289 0.5374
vt 0.4126 0.5508
vt 0.4024 0.5329
vt 0.4165 0.5180
vt 0.4222 0.5290
vt 0.4152 0.5680
vt 0.4262 0.5974
vt 0.4046 0.5602
vt 0.4143 0.5385
vt 0.3913 0.5560
vt 0.3805 0.5406
vt 0.4222 0.5290
vt 0.3791 0.5977
vt 0.3716 0.5857
vt 0.3823 0.5800
vt 0.3935 0.6004
vt 0.3903 0.5891
vt 0.4004 0.6144
vt 0.3708 0.6126
vt 0.3844 0.5682
vt 0.3823 0.5800
vt 0.3688 0.5701
vt 0.3708 0.5487
vt 0.3805 0.5406
vt 0.3913 0.5560
vt 0.4004 0.6144
vt 0.3791 0.5977
vt 0.3935 0.6004
vt 0.3864 0.6099
vt 0.3855 0.6219
vt 0.3708 0.6126
vt 0.3864 0.6099
vt 0.3599 0.6012
vt 0.3963 0.5761
vt 0.3844 0.5682
vt 0.3913 0.5560
vt 0.3206 0.7265
vt 0.3285 0.7363
vt 0.3360 0.7254
vt 0.3400 0.7399
vt 0.4451 0.7157
vt 0.4378 0.6764
vt 0.4292 0.6880
vt 0.4163 0.6734
vt 0.4387 0.7892
vt 0.4280 0.7946
vt 0.4359 0.7775
vt 0.4247 0.7718
vt 0.4599 0.8377
vt 0.4460 0.8036
vt 0.4558 0.8115
vt 0.4362 0.8115
vt 0.4330 0.7217
vt 0.4307 0.8571
vt 0.4201 0.8709
vt 0.4209 0.8472
vt 0.4320 0.8993
vt 0.4324 0.8862
vt 0.4201 0.8709
vt 0.4266 0.8211
vt 0.3410 0.8029
vt 0.3319 0.7613
vt 0.3538 0.7828
vt 0.3456 0.7724
vt 0.3510 0.7612
vt 0.3540 0.7432
vt 0.3508 0.4199
vt 0.3223 0.5075
vt 0.3840 0.4682
vt 0.3768 0.4860
vt 0.3664 0.4698
vt 0.3333 0.5128
vt 0.3279 0.4891
vt 0.3445 0.5081
vt 0.3966 0.4806
vt 0.3886 0.4903
vt 0.3768 0.4860
vt 0.3622 0.4580
vt 0.3539 0.4487
vt 0.3637 0.4829
vt 0.3515 0.4684
vt 0.4055 0.5127
vt 0.3629 0.4104
vt 0.3753 0.4413
vt 0.3539 0.4487
vt 0.3779 0.4185
vt 0.3868 0.3928
vt 0.3801 0.4035
vt 0.3715 0.3926
vt 0.3184 0.6448
vt 0.3112 0.6248
vt 0.3248 0.6254
vt 0.3266 0.5863
vt 0.3204 0.6056
vt 0.4323 0.6114
vt 0.4168 0.6059
vt 0.4433 0.6660
vt 0.3311 0.6382
vt 0.3545 0.6767
vt 0.3479 0.7310
vt 0.3718 0.5167
vt 0.3615 0.5389
vt 0.3589 0.5156
vt 0.3708 0.5487
vt 0.3583 0.5806
vt 0.3966 0.5210
vt 0.3540 0.5501
vt 0.3516 0.5297
vt 0.3615 0.5389
vt 0.3562 0.4999
vt 0.3445 0.5081
vt 0.3509 0.4868
vt 0.3855 0.6219
vt 0.3956 0.6283
vt 0.3866 0.6409
vt 0.4004 0.6144
vt 0.3387 0.5751
vt 0.3387 0.5751
vt 0.3631 0.6351
vt 0.3580 0.6139
vt 0.3750 0.6278
vt 0.3553 0.6466
vt 0.3631 0.6351
vt 0.3738 0.6420
vt 0.3388 0.6265
vt 0.3305 0.6138
vt 0.3413 0.6065
vt 0.3528 0.6257
vt 0.3400 0.7399
vt 0.3540 0.7432
vt 0.3431 0.7515
vt 0.3510 0.7612
vt 0.4523 0.7250
vt 0.4667 0.7428
vt 0.4475 0.7357
vt 0.4245 0.7592
vt 0.4188 0.7459
vt 0.4345 0.7468
vt 0.4576 0.7625
vt 0.4460 0.8036
vt 0.4157 0.7804
vt 0.4576 0.7625
vt 0.4475 0.7558
vt 0.4547 0.7457
vt 0.4324 0.8862
vt 0.4311 0.8339
vt 0.4599 0.8377
vt 0.3761 0.7307
vt 0.3599 0.7323
vt 0.3656 0.7217
vt 0.3846 0.7415
vt 0.3718 0.5167
vt 0.4168 0.6059
vt 0.4238 0.6620
vt 0.4018 0.7082
vt 0.3902 0.7099
vt 0.3917 0.6890
vt 0.3843 0.6668
vt 0.3936 0.6547
vt 0.3973 0.6724
vt 0.4087 0.6572
vt 0.4163 0.6734
vt 0.3973 0.6724
vt 0.4433 0.6660
vt 0.4060 0.6882
vt 0.3761 0.7307
vt 0.3802 0.6804
vt 0.4018 0.7082
vt 0.4060 0.6882
vt 0.4202 0.6993
vt 0.3917 0.6890
vt 0.3843 0.6668
vt 0.3653 0.6684
vt 0.3783 0.6540
vt 0.3997 0.6429
vt 0.3956 0.6283
vt 0.4088 0.6271
vt 0.4292 0.6880
vt 0.4322 0.7082
vt 0.4202 0.6993
vt 0.3830 0.7005
vt 0.3666 0.6838
vt 0.3545 0.6767
vt 0.3653 0.6684
vt 0.3652 0.6553
vt 0.3866 0.6409
vt 0.3738 0.6420
vt 0.3750 0.6278
vt 0.3445 0.6387
vt 0.3388 0.6265
vt 0.3528 0.6257
vt 0.3631 0.6351
vt 0.3445 0.6387
vt 0.3652 0.6553
vt 0.3338 0.7061
vt 0.3059 0.6835
vt 0.3453 0.7080
vt 0.3338 0.7061
vt 0.3411 0.6877
vt 0.3206 0.7265
vt 0.3464 0.6657
vt 0.3541 0.6903
vt 0.3666 0.6838
vt 0.3666 0.6990
vt 0.3271 0.7156
vt 0.3338 0.7061
vt 0.3360 0.7254
vt 0.3541 0.6903
vt 0.3589 0.5156
vt 0.3708 0.5487
vt 0.3632 0.5588
vt 0.3615 0.5389
vt 0.3583 0.5806
vt 0.3890 0.5028
vt 0.3698 0.5040
vt 0.3768 0.4860
vt 0.3698 0.5040
vt 0.3562 0.4999
vt 0.3637 0.4829
vt 0.4263 0.7334
vt 0.4330 0.7217
vt 0.4475 0.7357
vt 0.4155 0.7194
vt 0.4016 0.7411
vt 0.4188 0.7459
vt 0.4076 0.7528
vt 0.4523 0.7250
vt 0.4125 0.7328
vt 0.4125 0.7328
vt 0.3846 0.7415
vt 0.4016 0.7411
vt 0.4245 0.7592
vt 0.4020 0.7648
vt 0.4076 0.7528
vt 0.4345 0.7468
vt 0.4475 0.7558
vt 0.4370 0.7642
vt 0.4266 0.8211
vt 0.4166 0.8044
vt 0.4362 0.8115
vt 0.4245 0.7592
vt 0.3676 0.7415
vt 0.3599 0.7323
vt 0.3528 0.7187
vt 0.3360 0.7254
vt 0.3453 0.7080
vt 0.3830 0.7005
vt 0.3751 0.7117
vt 0.3666 0.6990
vt 0.3751 0.7117
vt 0.3802 0.6804
vt 0.3528 0.7187
vt 0.3666 0.6990
vt 0.5774 0.0189
vt 0.5794 0.0189
vt 0.5776 0.0209
vt 0.6619 0.2620
vt 0.6649 0.2775
vt 0.6487 0.2685
vt 0.5796 0.0209
vt 0.6341 0.3296
vt 0.6189 0.3309
vt 0.6220 0.3124
vt 0.5793 0.0397
vt 0.5796 0.0209
vt 0.5813 0.0397
vt 0.5809 0.0586
vt 0.5813 0.0397
vt 0.5829 0.0586
vt 0.5973 0.0209
vt 0.5929 0.0334
vt 0.5796 0.0209
vt 0.6341 0.3296
vt 0.6470 0.3319
vt 0.6367 0.3421
vt 0.5972 0.0189
vt 0.6487 0.2685
vt 0.6360 0.2579
vt 0.6511 0.2521
vt 0.5826 0.0774
vt 0.5829 0.0586
vt 0.5846 0.0774
vt 0.6062 0.0338
vt 0.5973 0.0209
vt 0.6150 0.0209
vt 0.5843 0.0963
vt 0.6505 0.0209
vt 0.6682 0.0209
vt 0.6618 0.0370
vt 0.5859 0.1152
vt 0.5843 0.0963
vt 0.5863 0.0963
vt 0.5879 0.1151
vt 0.7027 0.1385
vt 0.6902 0.1286
vt 0.7028 0.1189
vt 0.5876 0.1340
vt 0.5846 0.0774
vt 0.5917 0.0673
vt 0.6022 0.0854
vt 0.6068 0.1800
vt 0.6228 0.1786
vt 0.6164 0.1981
vt 0.5988 0.0477
vt 0.6040 0.0662
vt 0.5917 0.0673
vt 0.6010 0.1045
vt 0.6177 0.1030
vt 0.6110 0.1226
vt 0.5876 0.1340
vt 0.5896 0.1340
vt 0.5893 0.1529
vt 0.6349 0.1321
vt 0.6211 0.1407
vt 0.6220 0.1283
vt 0.5829 0.0586
vt 0.5822 0.4996
vt 0.5852 0.4798
vt 0.5871 0.4801
vt 0.6416 0.0369
vt 0.6328 0.0209
vt 0.6505 0.0209
vt 0.5871 0.4801
vt 0.5881 0.4601
vt 0.5901 0.4604
vt 0.7036 0.0209
vt 0.7034 0.0405
vt 0.6948 0.0306
vt 0.5842 0.4999
vt 0.5913 0.1528
vt 0.6163 0.0771
vt 0.6040 0.0662
vt 0.6264 0.0642
vt 0.5909 0.1718
vt 0.5913 0.1528
vt 0.5929 0.1717
vt 0.6043 0.1422
vt 0.5926 0.1906
vt 0.5931 0.4406
vt 0.5911 0.4403
vt 0.5941 0.4206
vt 0.7033 0.0601
vt 0.6891 0.0502
vt 0.7034 0.0405
vt 0.5686 0.8645
vt 0.5555 0.8578
vt 0.5686 0.8524
vt 0.5988 0.4920
vt 0.6084 0.4841
vt 0.6152 0.4944
vt 0.5946 0.1905
vt 0.6453 0.1196
vt 0.6553 0.1385
vt 0.6349 0.1321
vt 0.5979 0.1238
vt 0.6102 0.4718
vt 0.5971 0.4715
vt 0.6077 0.4529
vt 0.6110 0.1226
vt 0.6177 0.1030
vt 0.6145 0.0902
vt 0.6356 0.0916
vt 0.6239 0.0417
vt 0.6143 0.0542
vt 0.6062 0.0338
vt 0.5943 0.2095
vt 0.5973 0.0209
vt 0.5972 0.0189
vt 0.6149 0.0189
vt 0.7025 0.2169
vt 0.6863 0.2190
vt 0.6897 0.2046
vt 0.6893 0.3232
vt 0.6732 0.3247
vt 0.6787 0.3110
vt 0.5959 0.2284
vt 0.5943 0.2095
vt 0.5963 0.2094
vt 0.5959 0.2284
vt 0.5979 0.2282
vt 0.5976 0.2472
vt 0.6241 0.2939
vt 0.6117 0.2935
vt 0.6145 0.2743
vt 0.6012 0.1615
vt 0.6068 0.1800
vt 0.5929 0.1717
vt 0.6038 0.1992
vt 0.6327 0.0189
vt 0.6101 0.2177
vt 0.5993 0.2661
vt 0.5996 0.2471
vt 0.6013 0.2660
vt 0.5976 0.2472
vt 0.6009 0.2849
vt 0.6773 0.2784
vt 0.6897 0.2741
vt 0.6858 0.2875
vt 0.6013 0.2660
vt 0.6084 0.2558
vt 0.6145 0.2743
vt 0.6029 0.2848
vt 0.6660 0.3139
vt 0.6084 0.2558
vt 0.6142 0.2363
vt 0.6205 0.2533
vt 0.6020 0.3813
vt 0.6000 0.3810
vt 0.6030 0.3613
vt 0.6321 0.1924
vt 0.6010 0.1045
vt 0.5970 0.4008
vt 0.5960 0.4209
vt 0.5970 0.4008
vt 0.5990 0.4011
vt 0.6205 0.2533
vt 0.6300 0.2729
vt 0.6145 0.2743
vt 0.6033 0.4118
vt 0.6075 0.3923
vt 0.6147 0.4135
vt 0.6271 0.4216
vt 0.6109 0.4332
vt 0.6147 0.4135
vt 0.6722 0.0955
vt 0.6678 0.0802
vt 0.6869 0.0894
vt 0.6043 0.3227
vt 0.6026 0.3038
vt 0.6046 0.3037
vt 0.6063 0.3225
vt 0.6063 0.3225
vt 0.6026 0.3038
vt 0.6059 0.3415
vt 0.6049 0.3616
vt 0.6059 0.3415
vt 0.6079 0.3414
vt 0.6416 0.0369
vt 0.6618 0.0370
vt 0.6483 0.0478
vt 0.6307 0.3629
vt 0.6278 0.3513
vt 0.6427 0.3621
vt 0.6220 0.3124
vt 0.6046 0.3037
vt 0.6117 0.2935
vt 0.6278 0.1174
vt 0.6725 0.4237
vt 0.6654 0.4399
vt 0.6614 0.4285
vt 0.6369 0.9208
vt 0.6543 0.9153
vt 0.6490 0.9343
vt 0.6586 0.3256
vt 0.6237 0.3727
vt 0.6147 0.3527
vt 0.6307 0.3629
vt 0.5406 0.7761
vt 0.5426 0.7764
vt 0.5406 0.7958
vt 0.5456 0.7567
vt 0.5426 0.7958
vt 0.6364 0.2861
vt 0.6241 0.2939
vt 0.6300 0.2729
vt 0.5406 0.8352
vt 0.5406 0.8155
vt 0.5426 0.8155
vt 0.5426 0.7958
vt 0.5686 0.8524
vt 0.5686 0.8375
vt 0.5781 0.8450
vt 0.5426 0.8352
vt 0.5456 0.7567
vt 0.5486 0.7369
vt 0.5536 0.7478
vt 0.6429 0.3181
vt 0.6373 0.3047
vt 0.6540 0.3088
vt 0.5495 0.7169
vt 0.5525 0.6971
vt 0.5515 0.7172
vt 0.6593 0.0542
vt 0.6221 0.8206
vt 0.6138 0.8048
vt 0.6308 0.8100
vt 0.5466 0.7366
vt 0.5436 0.7564
vt 0.5466 0.7366
vt 0.5864 0.8289
vt 0.5966 0.8438
vt 0.5781 0.8450
vt 0.5537 0.8254
vt 0.5590 0.8057
vt 0.5686 0.8254
vt 0.6342 0.1464
vt 0.5654 0.7496
vt 0.5536 0.7478
vt 0.5672 0.7296
vt 0.6012 0.1615
vt 0.5406 0.8746
vt 0.5406 0.8549
vt 0.5426 0.8549
vt 0.5406 0.8942
vt 0.5406 0.8746
vt 0.5426 0.8746
vt 0.6143 0.1600
vt 0.6101 0.2177
vt 0.6038 0.1992
vt 0.6164 0.1981
vt 0.5406 0.9336
vt 0.5406 0.9139
vt 0.5426 0.9139
vt 0.6261 0.2163
vt 0.6164 0.1981
vt 0.6380 0.2065
vt 0.5406 0.9553
vt 0.5406 0.9533
vt 0.5426 0.9533
vt 0.5406 0.9336
vt 0.5426 0.9336
vt 0.5406 0.9533
vt 0.6142 0.2363
vt 0.6254 0.2294
vt 0.6352 0.2382
vt 0.5406 0.8942
vt 0.5426 0.8942
vt 0.5406 0.9139
vt 0.5426 0.8352
vt 0.5600 0.8844
vt 0.5633 0.9041
vt 0.5506 0.9041
vt 0.5932 0.9533
vt 0.5764 0.9533
vt 0.5848 0.9335
vt 0.5590 0.8450
vt 0.5687 0.9227
vt 0.5633 0.9041
vt 0.5728 0.9114
vt 0.5426 0.9553
vt 0.5573 0.9553
vt 0.5426 0.9336
vt 0.5544 0.9406
vt 0.5426 0.9533
vt 0.5426 0.8942
vt 0.5506 0.9041
vt 0.5426 0.9139
vt 0.6300 0.2729
vt 0.5545 0.6974
vt 0.6043 0.1422
vt 0.5979 0.1238
vt 0.6110 0.1226
vt 0.5673 0.5984
vt 0.5703 0.5786
vt 0.5723 0.5789
vt 0.6143 0.1600
vt 0.6043 0.1422
vt 0.6211 0.1407
vt 0.5753 0.5591
vt 0.5693 0.5987
vt 0.5634 0.6382
vt 0.5614 0.6379
vt 0.5644 0.6181
vt 0.6220 0.3124
vt 0.5856 0.5910
vt 0.5837 0.5705
vt 0.5959 0.5826
vt 0.5664 0.6184
vt 0.5644 0.6181
vt 0.5673 0.5984
vt 0.5856 0.5910
vt 0.6361 0.0518
vt 0.5792 0.5193
vt 0.5842 0.4999
vt 0.5812 0.5196
vt 0.5961 0.5044
vt 0.5762 0.5391
vt 0.5733 0.5588
vt 0.5782 0.5394
vt 0.5762 0.5391
vt 0.6153 0.6143
vt 0.6144 0.6284
vt 0.5927 0.6243
vt 0.6628 0.5076
vt 0.6602 0.5216
vt 0.6461 0.5197
vt 0.6239 0.0294
vt 0.6478 0.2397
vt 0.6360 0.2579
vt 0.6352 0.2382
vt 0.5959 0.5826
vt 0.6033 0.5937
vt 0.5933 0.6000
vt 0.5555 0.6774
vt 0.5584 0.6576
vt 0.5604 0.6579
vt 0.5988 0.0477
vt 0.5634 0.6382
vt 0.5575 0.6777
vt 0.5704 0.6695
vt 0.5750 0.6904
vt 0.5629 0.6886
vt 0.5595 0.9533
vt 0.5538 0.9238
vt 0.5856 0.6718
vt 0.5899 0.6865
vt 0.5750 0.6904
vt 0.5545 0.6974
vt 0.5720 0.9553
vt 0.5862 0.7527
vt 0.5654 0.7496
vt 0.5774 0.7406
vt 0.5764 0.9533
vt 0.5544 0.9406
vt 0.5538 0.9238
vt 0.5679 0.9391
vt 0.5932 0.9533
vt 0.6101 0.9533
vt 0.6013 0.9553
vt 0.6011 0.9227
vt 0.6017 0.9391
vt 0.5848 0.9335
vt 0.6160 0.9553
vt 0.6101 0.9533
vt 0.6270 0.9533
vt 0.5867 0.9553
vt 0.6586 0.3256
vt 0.6470 0.3319
vt 0.6429 0.3181
vt 0.6871 0.3405
vt 0.6900 0.3609
vt 0.6774 0.3521
vt 0.5682 0.6490
vt 0.5818 0.6308
vt 0.5799 0.6513
vt 0.5900 0.7011
vt 0.6697 0.3390
vt 0.5988 0.4920
vt 0.6697 0.3390
vt 0.6774 0.3521
vt 0.6607 0.3583
vt 0.6619 0.2620
vt 0.6725 0.2518
vt 0.6759 0.2661
vt 0.6150 0.0209
vt 0.6922 0.3052
vt 0.6858 0.2875
vt 0.7030 0.2953
vt 0.6327 0.0189
vt 0.6504 0.0189
vt 0.6328 0.0209
vt 0.6540 0.3088
vt 0.6147 0.3527
vt 0.6504 0.0189
vt 0.6681 0.0189
vt 0.6505 0.0209
vt 0.6682 0.0209
vt 0.6859 0.0189
vt 0.6859 0.0209
vt 0.6239 0.0417
vt 0.6491 0.3448
vt 0.7036 0.0199
vt 0.7036 0.0189
vt 0.7036 0.0209
vt 0.7036 0.0199
vt 0.7056 0.0209
vt 0.7051 0.0797
vt 0.7030 0.0993
vt 0.7031 0.0797
vt 0.6740 0.0506
vt 0.7054 0.0405
vt 0.6948 0.0306
vt 0.6891 0.0502
vt 0.6788 0.0363
vt 0.7031 0.0797
vt 0.7033 0.0601
vt 0.7053 0.0601
vt 0.6278 0.3513
vt 0.6147 0.3527
vt 0.6189 0.3309
vt 0.6949 0.1090
vt 0.6902 0.1286
vt 0.6823 0.1077
vt 0.7026 0.1581
vt 0.7046 0.1582
vt 0.7026 0.1777
vt 0.6791 0.1864
vt 0.6902 0.1802
vt 0.6897 0.2046
vt 0.7025 0.1973
vt 0.7025 0.2169
vt 0.7025 0.1973
vt 0.7045 0.1974
vt 0.7025 0.2365
vt 0.7025 0.2169
vt 0.7045 0.2170
vt 0.6886 0.2467
vt 0.7025 0.2365
vt 0.7026 0.2561
vt 0.6604 0.1826
vt 0.6485 0.1953
vt 0.6432 0.1776
vt 0.7026 0.2561
vt 0.7047 0.2563
vt 0.7028 0.2757
vt 0.7046 0.2367
vt 0.6725 0.2518
vt 0.6886 0.2467
vt 0.6892 0.2610
vt 0.7027 0.1385
vt 0.7047 0.1386
vt 0.7026 0.1581
vt 0.6553 0.1385
vt 0.6525 0.1524
vt 0.6342 0.1464
vt 0.7030 0.2953
vt 0.7050 0.2955
vt 0.7032 0.3149
vt 0.7026 0.1777
vt 0.7046 0.1778
vt 0.7025 0.1973
vt 0.7048 0.1190
vt 0.7030 0.2953
vt 0.7028 0.2757
vt 0.7048 0.2759
vt 0.6875 0.1679
vt 0.6787 0.3110
vt 0.6800 0.2986
vt 0.6922 0.3052
vt 0.7035 0.3345
vt 0.7032 0.3149
vt 0.7053 0.3151
vt 0.6491 0.3448
vt 0.7059 0.3544
vt 0.7043 0.3737
vt 0.7039 0.3541
vt 0.7039 0.3541
vt 0.7035 0.3345
vt 0.7055 0.3347
vt 0.7050 0.0993
vt 0.7028 0.1189
vt 0.7030 0.0993
vt 0.6871 0.3405
vt 0.6796 0.0697
vt 0.6683 0.2943
vt 0.7056 0.0199
vt 0.6367 0.3421
vt 0.6022 0.0854
vt 0.6145 0.0902
vt 0.6010 0.1045
vt 0.6565 0.2132
vt 0.6380 0.2065
vt 0.6485 0.1953
vt 0.5804 0.9227
vt 0.7056 0.0189
vt 0.6142 0.2363
vt 0.6373 0.3047
vt 0.6364 0.2861
vt 0.6479 0.2974
vt 0.7064 0.3740
vt 0.7048 0.3933
vt 0.7069 0.3936
vt 0.7053 0.4129
vt 0.6197 0.3941
vt 0.6075 0.3923
vt 0.6111 0.3726
vt 0.7064 0.3740
vt 0.7074 0.4132
vt 0.7059 0.4325
vt 0.7053 0.4129
vt 0.7031 0.0797
vt 0.6904 0.0769
vt 0.6907 0.0630
vt 0.6143 0.0542
vt 0.6109 0.4332
vt 0.7066 0.4521
vt 0.7059 0.4325
vt 0.7080 0.4328
vt 0.7087 0.4524
vt 0.7073 0.4717
vt 0.6691 0.3929
vt 0.6629 0.4080
vt 0.6574 0.3969
vt 0.6931 0.4820
vt 0.7073 0.4717
vt 0.7080 0.4912
vt 0.6821 0.8214
vt 0.6803 0.8205
vt 0.6873 0.8023
vt 0.6699 0.8584
vt 0.6579 0.8449
vt 0.6751 0.8394
vt 0.6855 0.8015
vt 0.6751 0.8394
vt 0.6699 0.8584
vt 0.6716 0.8597
vt 0.6647 0.8774
vt 0.6768 0.8406
vt 0.6569 0.8578
vt 0.6388 0.0639
vt 0.6530 0.8844
vt 0.6647 0.8774
vt 0.6595 0.8964
vt 0.6978 0.7641
vt 0.6959 0.7635
vt 0.7011 0.7446
vt 0.6871 0.7713
vt 0.6959 0.7635
vt 0.6907 0.7825
vt 0.7031 0.7450
vt 0.7011 0.7446
vt 0.7063 0.7256
vt 0.6926 0.7832
vt 0.6907 0.7825
vt 0.6481 0.0722
vt 0.6978 0.7641
vt 0.6842 0.7012
vt 0.6911 0.6908
vt 0.6996 0.7009
vt 0.6278 0.7894
vt 0.6125 0.7848
vt 0.6212 0.7725
vt 0.6438 0.9533
vt 0.6506 0.9362
vt 0.6454 0.9533
vt 0.6438 0.9533
vt 0.6270 0.9533
vt 0.6338 0.9358
vt 0.6459 0.9533
vt 0.6454 0.9553
vt 0.6307 0.9553
vt 0.6434 0.9548
vt 0.6454 0.9553
vt 0.6438 0.9533
vt 0.6595 0.8964
vt 0.6611 0.8979
vt 0.6543 0.9153
vt 0.6664 0.8788
vt 0.6159 0.8742
vt 0.6305 0.8682
vt 0.6254 0.8867
vt 0.6490 0.9343
vt 0.6559 0.9170
vt 0.6185 0.9356
vt 0.6017 0.9391
vt 0.6428 0.9091
vt 0.6683 0.2943
vt 0.6479 0.2974
vt 0.6510 0.2849
vt 0.6632 0.8319
vt 0.7093 0.4720
vt 0.7101 0.4916
vt 0.6973 0.5384
vt 0.6842 0.5319
vt 0.6932 0.5213
vt 0.6750 0.5097
vt 0.6852 0.5027
vt 0.6932 0.5213
vt 0.7109 0.5112
vt 0.7096 0.5304
vt 0.7088 0.5108
vt 0.7096 0.5304
vt 0.7116 0.5308
vt 0.7104 0.5500
vt 0.7101 0.4916
vt 0.6886 0.5837
vt 0.7122 0.5892
vt 0.6973 0.5996
vt 0.5958 0.5319
vt 0.5812 0.5196
vt 0.5932 0.5202
vt 0.6361 0.0518
vt 0.5988 0.0477
vt 0.7124 0.5504
vt 0.7113 0.5696
vt 0.7104 0.5500
vt 0.6953 0.6194
vt 0.7070 0.6188
vt 0.6974 0.6389
vt 0.7122 0.5892
vt 0.7113 0.5696
vt 0.7133 0.5700
vt 0.7142 0.5896
vt 0.7131 0.6087
vt 0.5679 0.9391
vt 0.7070 0.6188
vt 0.7131 0.6087
vt 0.7140 0.6283
vt 0.7140 0.6283
vt 0.7160 0.6288
vt 0.7149 0.6479
vt 0.7151 0.6092
vt 0.7169 0.6871
vt 0.7038 0.6880
vt 0.7001 0.6756
vt 0.6845 0.6108
vt 0.6854 0.6300
vt 0.6745 0.6203
vt 0.7083 0.7258
vt 0.7115 0.7066
vt 0.7136 0.7067
vt 0.7167 0.6877
vt 0.6758 0.7682
vt 0.6677 0.7587
vt 0.6864 0.7508
vt 0.6915 0.7114
vt 0.5818 0.6308
vt 0.7169 0.6484
vt 0.7159 0.6675
vt 0.7179 0.6680
vt 0.7167 0.6877
vt 0.7169 0.6871
vt 0.7188 0.6876
vt 0.7001 0.6756
vt 0.6882 0.6590
vt 0.7035 0.6583
vt 0.7179 0.6680
vt 0.7038 0.6880
vt 0.7115 0.7066
vt 0.6996 0.7009
vt 0.6254 0.2294
vt 0.6628 0.5076
vt 0.6601 0.4893
vt 0.6720 0.4969
vt 0.6893 0.3232
vt 0.6760 0.3673
vt 0.6871 0.3839
vt 0.6809 0.4042
vt 0.6922 0.3728
vt 0.6638 0.3707
vt 0.6427 0.3621
vt 0.6905 0.4231
vt 0.6813 0.4159
vt 0.7053 0.4129
vt 0.6111 0.3726
vt 0.6399 0.3794
vt 0.6399 0.3794
vt 0.6427 0.3621
vt 0.6573 0.3817
vt 0.6075 0.3923
vt 0.6742 0.3805
vt 0.6111 0.3726
vt 0.6931 0.4820
vt 0.6847 0.4906
vt 0.6756 0.4827
vt 0.6932 0.5213
vt 0.5590 0.8057
vt 0.7035 0.6583
vt 0.5645 0.7090
vt 0.6864 0.7508
vt 0.6695 0.1678
vt 0.6540 0.1665
vt 0.6670 0.1481
vt 0.6823 0.1077
vt 0.6891 0.2327
vt 0.6414 0.2228
vt 0.6321 0.1924
vt 0.6820 0.1494
vt 0.6742 0.1285
vt 0.6902 0.1286
vt 0.7028 0.2757
vt 0.6897 0.2741
vt 0.6892 0.2610
vt 0.6510 0.2849
vt 0.5600 0.8844
vt 0.5804 0.9227
vt 0.5683 0.8931
vt 0.6443 0.8605
vt 0.6305 0.8682
vt 0.6294 0.8504
vt 0.6185 0.9356
vt 0.6261 0.9261
vt 0.6338 0.9358
vt 0.5956 0.8969
vt 0.6065 0.9091
vt 0.5848 0.9119
vt 0.6125 0.9255
vt 0.6869 0.0894
vt 0.7030 0.0993
vt 0.6949 0.1090
vt 0.6307 0.0780
vt 0.6307 0.0780
vt 0.6364 0.2861
vt 0.6617 0.2440
vt 0.6414 0.2228
vt 0.6575 0.2313
vt 0.6478 0.2397
vt 0.6863 0.2190
vt 0.6891 0.2327
vt 0.6702 0.2220
vt 0.6773 0.2784
vt 0.6747 0.2372
vt 0.6747 0.2372
vt 0.6907 0.0630
vt 0.6796 0.0697
vt 0.6661 0.0664
vt 0.6740 0.0506
vt 0.6907 0.0630
vt 0.6381 0.1064
vt 0.6278 0.1174
vt 0.6597 0.1240
vt 0.6670 0.1481
vt 0.6402 0.1594
vt 0.6326 0.1700
vt 0.6143 0.1600
vt 0.6432 0.1776
vt 0.6228 0.1786
vt 0.6326 0.1700
vt 0.6634 0.1974
vt 0.6414 0.2228
vt 0.6575 0.2313
vt 0.6565 0.2132
vt 0.6702 0.2220
vt 0.6751 0.2070
vt 0.6791 0.1864
vt 0.6634 0.1974
vt 0.6604 0.1826
vt 0.6791 0.1864
vt 0.6695 0.1678
vt 0.6875 0.1679
vt 0.6918 0.3965
vt 0.7053 0.4129
vt 0.6809 0.4042
vt 0.6818 0.4333
vt 0.6905 0.4231
vt 0.6952 0.4415
vt 0.6837 0.4656
vt 0.6818 0.4333
vt 0.6822 0.4467
vt 0.6654 0.4399
vt 0.6252 0.4804
vt 0.6282 0.3846
vt 0.6474 0.3896
vt 0.6347 0.3954
vt 0.6474 0.3896
vt 0.6454 0.4021
vt 0.6573 0.3817
vt 0.6298 0.4070
vt 0.6197 0.3941
vt 0.6347 0.3954
vt 0.6271 0.4216
vt 0.6504 0.4237
vt 0.6300 0.4361
vt 0.5971 0.4715
vt 0.6464 0.4991
vt 0.6629 0.4080
vt 0.6614 0.4285
vt 0.6518 0.4120
vt 0.6725 0.4237
vt 0.6813 0.4159
vt 0.6818 0.4333
vt 0.6956 0.5605
vt 0.6258 0.5606
vt 0.6363 0.5521
vt 0.6451 0.5623
vt 0.6443 0.8605
vt 0.6350 0.8253
vt 0.6553 0.8201
vt 0.6405 0.8402
vt 0.6028 0.8613
vt 0.5966 0.8438
vt 0.6143 0.8496
vt 0.5802 0.8911
vt 0.5848 0.9119
vt 0.5728 0.9114
vt 0.5686 0.7952
vt 0.5590 0.8057
vt 0.5554 0.7882
vt 0.5573 0.7694
vt 0.5654 0.7496
vt 0.5729 0.7647
vt 0.5933 0.6000
vt 0.6529 0.6580
vt 0.6682 0.6596
vt 0.6564 0.6716
vt 0.5979 0.5694
vt 0.5837 0.5705
vt 0.5923 0.5516
vt 0.6654 0.5715
vt 0.6667 0.5592
vt 0.6788 0.5615
vt 0.6318 0.6088
vt 0.6227 0.5940
vt 0.6350 0.5907
vt 0.6956 0.5605
vt 0.6788 0.5615
vt 0.6848 0.5459
vt 0.7028 0.7144
vt 0.6873 0.7306
vt 0.6915 0.7114
vt 0.6288 0.6656
vt 0.6380 0.6547
vt 0.6426 0.6693
vt 0.6716 0.7875
vt 0.6855 0.8015
vt 0.6680 0.8069
vt 0.6553 0.8201
vt 0.6680 0.8069
vt 0.6803 0.8205
vt 0.6631 0.7755
vt 0.6559 0.7628
vt 0.6677 0.7587
vt 0.5781 0.8057
vt 0.5704 0.6695
vt 0.6013 0.6338
vt 0.6144 0.6284
vt 0.6069 0.6443
vt 0.6946 0.1482
vt 0.6820 0.1494
vt 0.6946 0.1482
vt 0.6875 0.1679
vt 0.6742 0.1285
vt 0.6902 0.1802
vt 0.5555 0.8578
vt 0.6029 0.8861
vt 0.6159 0.8742
vt 0.6119 0.8956
vt 0.5538 0.9238
vt 0.5679 0.9391
vt 0.6192 0.8616
vt 0.6338 0.9358
vt 0.6331 0.9004
vt 0.6369 0.9208
vt 0.6194 0.9160
vt 0.6261 0.9261
vt 0.6212 0.9037
vt 0.6331 0.9004
vt 0.6400 0.8808
vt 0.6530 0.8844
vt 0.6011 0.9227
vt 0.6065 0.9091
vt 0.6125 0.9255
vt 0.6568 0.1079
vt 0.6696 0.1139
vt 0.6525 0.1524
vt 0.6540 0.1665
vt 0.6402 0.1594
vt 0.7066 0.4521
vt 0.6931 0.4553
vt 0.6952 0.4415
vt 0.6931 0.4553
vt 0.6837 0.4656
vt 0.6684 0.4573
vt 0.6822 0.4467
vt 0.6813 0.4159
vt 0.6918 0.3965
vt 0.6033 0.4118
vt 0.6077 0.4529
vt 0.6109 0.4332
vt 0.6190 0.4446
vt 0.5971 0.4715
vt 0.6174 0.5094
vt 0.5961 0.5044
vt 0.6152 0.4944
vt 0.6077 0.4529
vt 0.6219 0.4688
vt 0.6252 0.4804
vt 0.6102 0.4718
vt 0.6464 0.4991
vt 0.6319 0.5074
vt 0.6346 0.4910
vt 0.6424 0.4791
vt 0.5961 0.5044
vt 0.6038 0.5146
vt 0.5932 0.5202
vt 0.7088 0.5108
vt 0.6963 0.5089
vt 0.6962 0.4961
vt 0.6852 0.5027
vt 0.6627 0.4726
vt 0.6962 0.4961
vt 0.6720 0.4969
vt 0.6514 0.4607
vt 0.6424 0.4791
vt 0.6572 0.4495
vt 0.6473 0.4415
vt 0.6601 0.4893
vt 0.6614 0.4285
vt 0.6720 0.4969
vt 0.6744 0.5220
vt 0.6252 0.4804
vt 0.6390 0.4660
vt 0.6219 0.4688
vt 0.6077 0.4529
vt 0.6279 0.4583
vt 0.6744 0.5220
vt 0.6628 0.5076
vt 0.6750 0.5097
vt 0.6104 0.5281
vt 0.6152 0.4944
vt 0.6461 0.5197
vt 0.6359 0.5268
vt 0.6319 0.5074
vt 0.6279 0.4583
vt 0.6190 0.4446
vt 0.6358 0.4478
vt 0.6390 0.4660
vt 0.6527 0.5367
vt 0.6848 0.5459
vt 0.6669 0.5356
vt 0.6842 0.5319
vt 0.6669 0.5356
vt 0.6593 0.5492
vt 0.6569 0.8578
vt 0.6632 0.8319
vt 0.6400 0.8808
vt 0.6405 0.8402
vt 0.6579 0.8449
vt 0.6443 0.8605
vt 0.6226 0.8352
vt 0.5537 0.8254
vt 0.5590 0.8450
vt 0.5686 0.7811
vt 0.5969 0.8105
vt 0.5971 0.8228
vt 0.5792 0.8184
vt 0.5796 0.6177
vt 0.5693 0.5987
vt 0.5915 0.6117
vt 0.5799 0.6513
vt 0.5901 0.6419
vt 0.6029 0.6556
vt 0.6339 0.5780
vt 0.6013 0.6338
vt 0.5901 0.6419
vt 0.5927 0.6243
vt 0.6974 0.6389
vt 0.6830 0.5971
vt 0.6784 0.5750
vt 0.6886 0.5837
vt 0.6682 0.6596
vt 0.6764 0.6414
vt 0.6877 0.6466
vt 0.6974 0.6389
vt 0.6877 0.6466
vt 0.6854 0.6300
vt 0.7028 0.7144
vt 0.6911 0.6908
vt 0.6839 0.6762
vt 0.7001 0.6756
vt 0.6710 0.7467
vt 0.6677 0.7587
vt 0.6579 0.7495
vt 0.6244 0.7382
vt 0.6309 0.7246
vt 0.6481 0.7403
vt 0.5558 0.7279
vt 0.6015 0.7963
vt 0.6138 0.8048
vt 0.5969 0.8105
vt 0.6001 0.7270
vt 0.5796 0.7113
vt 0.6058 0.7166
vt 0.5682 0.6490
vt 0.6380 0.6547
vt 0.6391 0.6394
vt 0.6529 0.6580
vt 0.6568 0.1079
vt 0.6722 0.0955
vt 0.6696 0.1139
vt 0.6904 0.0769
vt 0.6381 0.1064
vt 0.6661 0.0664
vt 0.6568 0.1079
vt 0.6381 0.1064
vt 0.6567 0.0916
vt 0.6462 0.0847
vt 0.6356 0.0916
vt 0.6388 0.0639
vt 0.6462 0.0847
vt 0.5683 0.8931
vt 0.5732 0.8783
vt 0.5802 0.8911
vt 0.6194 0.9160
vt 0.5956 0.8969
vt 0.6254 0.8867
vt 0.6574 0.3969
vt 0.6518 0.4120
vt 0.6871 0.3839
vt 0.6038 0.5146
vt 0.6174 0.5094
vt 0.6104 0.5281
vt 0.6070 0.5568
vt 0.6572 0.4495
vt 0.6358 0.4478
vt 0.6358 0.4478
vt 0.6359 0.5268
vt 0.6259 0.5354
vt 0.6243 0.5223
vt 0.6243 0.5223
vt 0.6174 0.5094
vt 0.6319 0.5074
vt 0.6983 0.5739
vt 0.6784 0.5750
vt 0.6784 0.5750
vt 0.6956 0.5605
vt 0.6983 0.5739
vt 0.6621 0.5848
vt 0.6784 0.5750
vt 0.6685 0.5970
vt 0.6451 0.5623
vt 0.6654 0.5715
vt 0.6503 0.5778
vt 0.6830 0.5971
vt 0.6845 0.6108
vt 0.6686 0.6094
vt 0.6527 0.5367
vt 0.6363 0.5521
vt 0.6387 0.5389
vt 0.6700 0.6314
vt 0.6568 0.6134
vt 0.6745 0.6203
vt 0.6455 0.5980
vt 0.6503 0.5778
vt 0.6621 0.5848
vt 0.6028 0.8613
vt 0.6143 0.8496
vt 0.6226 0.8352
vt 0.6294 0.8504
vt 0.5948 0.8758
vt 0.6082 0.8382
vt 0.6221 0.8206
vt 0.6092 0.8254
vt 0.6488 0.8012
vt 0.6092 0.8254
vt 0.6350 0.8253
vt 0.6308 0.8100
vt 0.6437 0.8136
vt 0.6437 0.8136
vt 0.6871 0.7713
vt 0.6716 0.7875
vt 0.6758 0.7682
vt 0.6278 0.7894
vt 0.6609 0.7956
vt 0.6467 0.7810
vt 0.6631 0.7755
vt 0.6609 0.7956
vt 0.5537 0.8254
vt 0.5792 0.8184
vt 0.5562 0.8709
vt 0.5686 0.7811
vt 0.5862 0.7527
vt 0.5920 0.7673
vt 0.5729 0.7647
vt 0.5837 0.5705
vt 0.5923 0.5516
vt 0.6153 0.5760
vt 0.6129 0.6019
vt 0.5915 0.6117
vt 0.5933 0.6000
vt 0.5796 0.6177
vt 0.5959 0.5826
vt 0.6973 0.5996
vt 0.6877 0.6466
vt 0.6776 0.6892
vt 0.6682 0.6596
vt 0.6839 0.6762
vt 0.6679 0.6796
vt 0.6873 0.7306
vt 0.6717 0.7015
vt 0.6649 0.6914
vt 0.6776 0.6892
vt 0.6321 0.7489
vt 0.6442 0.7542
vt 0.6321 0.7622
vt 0.6710 0.7467
vt 0.6670 0.7250
vt 0.6752 0.7347
vt 0.5672 0.7296
vt 0.5558 0.7279
vt 0.5645 0.7090
vt 0.5785 0.7239
vt 0.5890 0.7310
vt 0.5774 0.7406
vt 0.5629 0.6886
vt 0.5645 0.7090
vt 0.5796 0.7113
vt 0.5785 0.7239
vt 0.5750 0.6904
vt 0.5818 0.6308
vt 0.5799 0.6513
vt 0.5948 0.8758
vt 0.5855 0.8612
vt 0.5855 0.8612
vt 0.5971 0.8228
vt 0.5792 0.8184
vt 0.5864 0.8289
vt 0.5686 0.8254
vt 0.6082 0.8382
vt 0.5868 0.7934
vt 0.5968 0.7822
vt 0.6015 0.7963
vt 0.6467 0.7810
vt 0.6344 0.7754
vt 0.6559 0.7628
vt 0.5828 0.7784
vt 0.5968 0.7822
vt 0.6063 0.7738
vt 0.6125 0.7848
vt 0.5828 0.7784
vt 0.5868 0.7934
vt 0.5686 0.7811
vt 0.6298 0.4070
vt 0.6339 0.5780
vt 0.6153 0.5760
vt 0.6258 0.5606
vt 0.6026 0.5433
vt 0.6026 0.5433
vt 0.6104 0.5281
vt 0.6158 0.5441
vt 0.6953 0.6194
vt 0.6402 0.7919
vt 0.6402 0.7919
vt 0.5920 0.7673
vt 0.6083 0.7614
vt 0.6063 0.7738
vt 0.5945 0.7427
vt 0.6481 0.7403
vt 0.6083 0.7614
vt 0.6180 0.7510
vt 0.6212 0.7725
vt 0.5573 0.7694
vt 0.5562 0.8709
vt 0.6258 0.5606
vt 0.6070 0.5568
vt 0.6158 0.5441
vt 0.6363 0.5521
vt 0.6158 0.5441
vt 0.6259 0.5354
vt 0.6129 0.6019
vt 0.6131 0.5874
vt 0.6227 0.5940
vt 0.6188 0.6457
vt 0.5915 0.6117
vt 0.6627 0.6462
vt 0.6796 0.7188
vt 0.6873 0.7306
vt 0.6752 0.7347
vt 0.6717 0.7015
vt 0.6842 0.7012
vt 0.6796 0.7188
vt 0.6062 0.7371
vt 0.6160 0.7267
vt 0.6244 0.7382
vt 0.6359 0.7086
vt 0.6309 0.7246
vt 0.6234 0.7090
vt 0.6536 0.7278
vt 0.5900 0.7011
vt 0.6062 0.7371
vt 0.5856 0.6718
vt 0.5979 0.6676
vt 0.6033 0.6795
vt 0.6030 0.6946
vt 0.6146 0.6998
vt 0.6172 0.6873
vt 0.6375 0.6962
vt 0.6001 0.7270
vt 0.6344 0.7754
vt 0.6180 0.7510
vt 0.6321 0.7622
vt 0.6131 0.5874
vt 0.6339 0.5780
vt 0.6700 0.6314
vt 0.6531 0.6885
vt 0.6426 0.6693
vt 0.6564 0.6716
vt 0.6627 0.6462
vt 0.6582 0.6324
vt 0.6700 0.6314
vt 0.6153 0.6143
vt 0.6655 0.7125
vt 0.6320 0.6812
vt 0.6531 0.6885
vt 0.6375 0.6962
vt 0.6443 0.7179
vt 0.6553 0.7052
vt 0.6655 0.7125
vt 0.6481 0.7403
vt 0.5945 0.7427
vt 0.6234 0.7090
vt 0.6146 0.6998
vt 0.6375 0.6962
vt 0.6572 0.6013
vt 0.6686 0.6094
vt 0.6568 0.6134
vt 0.6427 0.6199
vt 0.6318 0.6088
vt 0.6455 0.5980
vt 0.6350 0.5907
vt 0.6572 0.6013
vt 0.6391 0.6394
vt 0.6030 0.6946
vt 0.6033 0.6795
vt 0.6172 0.6873
vt 0.6320 0.6812
vt 0.6188 0.6457
vt 0.6649 0.6914
vt 0.6553 0.7052
vt 0.5979 0.6676
vt 0.6069 0.6443
vt 0.6152 0.6575
vt 0.6029 0.6556
vt 0.6288 0.6656
vt 0.6151 0.6699
vt 0.6152 0.6575
vt 0.6172 0.6873
vt 0.6151 0.6699
vt 0.6320 0.6812
vt 0.6359 0.7086
vt 0.6536 0.7278
vt 0.6309 0.7246
vt 0.6467 0.6308
vt 0.6283 0.6258
vt 0.6427 0.6199
vt 0.6455 0.5980
vt 0.6283 0.6258
vt 0.6467 0.6308
vt 0.7374 0.1613
vt 0.7355 0.1417
vt 0.7375 0.1417
vt 0.7551 0.5628
vt 0.7559 0.5824
vt 0.7461 0.5731
vt 0.7542 0.5433
vt 0.7551 0.5628
vt 0.7452 0.5535
vt 0.7356 0.1221
vt 0.7354 0.1613
vt 0.7210 0.8356
vt 0.7152 0.8238
vt 0.7263 0.8167
vt 0.7263 0.8167
vt 0.7204 0.8049
vt 0.7315 0.7978
vt 0.7354 0.1809
vt 0.7354 0.1613
vt 0.7374 0.1809
vt 0.7376 0.1221
vt 0.7356 0.1221
vt 0.7358 0.1025
vt 0.7492 0.0523
vt 0.7486 0.0365
vt 0.7594 0.0429
vt 0.7364 0.0240
vt 0.7383 0.0436
vt 0.7363 0.0436
vt 0.7563 0.5095
vt 0.7534 0.5237
vt 0.7437 0.5143
vt 0.7429 0.4947
vt 0.7364 0.0230
vt 0.7384 0.0240
vt 0.7364 0.0240
vt 0.7379 0.0828
vt 0.7359 0.0828
vt 0.7361 0.0632
vt 0.7412 0.7291
vt 0.7463 0.7102
vt 0.7525 0.7221
vt 0.7373 0.2005
vt 0.7502 0.2032
vt 0.7373 0.2201
vt 0.7381 0.0632
vt 0.7361 0.0632
vt 0.7363 0.0436
vt 0.7359 0.0828
vt 0.7378 0.1025
vt 0.7358 0.1025
vt 0.7364 0.0230
vt 0.7364 0.0220
vt 0.7384 0.0230
vt 0.7705 0.6349
vt 0.7577 0.6216
vt 0.7698 0.6156
vt 0.7498 0.6514
vt 0.7488 0.6318
vt 0.7586 0.6412
vt 0.7373 0.2005
vt 0.7354 0.2398
vt 0.7353 0.2202
vt 0.7374 0.2398
vt 0.7256 0.7859
vt 0.7308 0.7670
vt 0.7368 0.7788
vt 0.7354 0.2398
vt 0.7374 0.2594
vt 0.7355 0.2594
vt 0.7360 0.7481
vt 0.7412 0.7291
vt 0.7472 0.7410
vt 0.7358 0.2986
vt 0.7356 0.2790
vt 0.7378 0.2986
vt 0.7356 0.2790
vt 0.7355 0.2594
vt 0.7376 0.2790
vt 0.7158 0.8545
vt 0.7100 0.8428
vt 0.7210 0.8356
vt 0.7315 0.7978
vt 0.7373 0.2201
vt 0.7353 0.2202
vt 0.7353 0.2006
vt 0.6949 0.9303
vt 0.6948 0.9446
vt 0.6840 0.9375
vt 0.7504 0.2409
vt 0.7374 0.2398
vt 0.7503 0.2221
vt 0.7374 0.2594
vt 0.7358 0.2986
vt 0.7380 0.3182
vt 0.7361 0.3183
vt 0.7053 0.8924
vt 0.6996 0.8806
vt 0.7106 0.8735
vt 0.7363 0.3379
vt 0.7361 0.3183
vt 0.7383 0.3378
vt 0.6892 0.9185
vt 0.7367 0.3575
vt 0.7363 0.3379
vt 0.7387 0.3574
vt 0.7367 0.3575
vt 0.7391 0.3770
vt 0.7372 0.3771
vt 0.7001 0.9113
vt 0.6944 0.8996
vt 0.7053 0.8924
vt 0.7048 0.8617
vt 0.7502 0.1843
vt 0.7420 0.7599
vt 0.7510 0.4649
vt 0.7414 0.4555
vt 0.7503 0.4454
vt 0.7506 0.2975
vt 0.7376 0.2790
vt 0.7505 0.2786
vt 0.7507 0.3164
vt 0.7378 0.2986
vt 0.7506 0.2975
vt 0.7380 0.3182
vt 0.7507 0.3164
vt 0.7508 0.3353
vt 0.7499 0.1466
vt 0.7501 0.1655
vt 0.7489 0.0240
vt 0.7486 0.0365
vt 0.7384 0.0240
vt 0.7492 0.0523
vt 0.7381 0.0632
vt 0.7383 0.0436
vt 0.7497 0.1089
vt 0.7498 0.1277
vt 0.7379 0.0828
vt 0.7495 0.0900
vt 0.7378 0.1025
vt 0.7494 0.0712
vt 0.7384 0.0220
vt 0.7387 0.3574
vt 0.7475 0.3670
vt 0.7391 0.3770
vt 0.7387 0.3574
vt 0.7383 0.3378
vt 0.7508 0.3353
vt 0.7396 0.3967
vt 0.7631 0.4415
vt 0.7495 0.4258
vt 0.7624 0.4221
vt 0.7382 0.4163
vt 0.7377 0.3967
vt 0.7402 0.4163
vt 0.7594 0.3447
vt 0.7388 0.4359
vt 0.7388 0.4359
vt 0.7408 0.4359
vt 0.7395 0.4555
vt 0.7653 0.4995
vt 0.7518 0.4845
vt 0.7646 0.4802
vt 0.7377 0.3967
vt 0.7481 0.3866
vt 0.7488 0.4062
vt 0.7396 0.3967
vt 0.7481 0.3866
vt 0.7414 0.4555
vt 0.7401 0.4751
vt 0.7414 0.4555
vt 0.7421 0.4751
vt 0.7409 0.4947
vt 0.7518 0.4845
vt 0.7421 0.4751
vt 0.7510 0.4649
vt 0.7505 0.2598
vt 0.7429 0.4947
vt 0.7495 0.4258
vt 0.7402 0.4163
vt 0.7488 0.4062
vt 0.7594 0.2692
vt 0.7489 0.0220
vt 0.7495 0.4258
vt 0.6919 0.9010
vt 0.6972 0.8819
vt 0.6944 0.8996
vt 0.7594 0.1938
vt 0.6996 0.8806
vt 0.6892 0.9185
vt 0.6867 0.9202
vt 0.6814 0.9393
vt 0.7056 0.9376
vt 0.7594 0.3258
vt 0.7048 0.8617
vt 0.7076 0.8437
vt 0.7100 0.8428
vt 0.7024 0.8628
vt 0.7129 0.8246
vt 0.7211 0.8813
vt 0.7108 0.9189
vt 0.7129 0.9188
vt 0.7108 0.9189
vt 0.7160 0.9001
vt 0.7001 0.9113
vt 0.7504 0.2409
vt 0.7594 0.2504
vt 0.7505 0.2598
vt 0.7594 0.3069
vt 0.7077 0.9376
vt 0.6767 0.9564
vt 0.6814 0.9393
vt 0.6788 0.9564
vt 0.7617 0.4028
vt 0.7481 0.3866
vt 0.7609 0.3834
vt 0.6782 0.9584
vt 0.6762 0.9584
vt 0.6901 0.9584
vt 0.6901 0.9584
vt 0.6896 0.9564
vt 0.7001 0.9579
vt 0.7624 0.4221
vt 0.7488 0.4062
vt 0.7617 0.4028
vt 0.7020 0.9564
vt 0.7005 0.9564
vt 0.7056 0.9376
vt 0.7005 0.9564
vt 0.6896 0.9564
vt 0.6948 0.9446
vt 0.7026 0.9564
vt 0.7001 0.9579
vt 0.7020 0.9564
vt 0.7020 0.9584
vt 0.7026 0.9564
vt 0.7720 0.6736
vt 0.7595 0.6608
vt 0.7712 0.6543
vt 0.7646 0.4802
vt 0.7510 0.4649
vt 0.7639 0.4608
vt 0.7286 0.7672
vt 0.7339 0.7481
vt 0.7308 0.7670
vt 0.7497 0.1089
vt 0.7594 0.1183
vt 0.7498 0.1277
vt 0.7360 0.7481
vt 0.7204 0.8049
vt 0.7234 0.7863
vt 0.7256 0.7859
vt 0.7499 0.1466
vt 0.7594 0.1560
vt 0.7501 0.1655
vt 0.7469 0.7874
vt 0.7417 0.8062
vt 0.7315 0.7978
vt 0.7417 0.5143
vt 0.7437 0.5143
vt 0.7425 0.5339
vt 0.7417 0.5143
vt 0.7502 0.2032
vt 0.7594 0.2126
vt 0.7503 0.2221
vt 0.7391 0.7290
vt 0.7572 0.7499
vt 0.7444 0.7098
vt 0.7594 0.0994
vt 0.7444 0.5339
vt 0.7433 0.5535
vt 0.7425 0.5339
vt 0.7594 0.2315
vt 0.7181 0.8054
vt 0.7129 0.8246
vt 0.7181 0.8054
vt 0.7152 0.8238
vt 0.7501 0.1655
vt 0.7594 0.1749
vt 0.7502 0.1843
vt 0.7263 0.8625
vt 0.7180 0.9001
vt 0.7211 0.8813
vt 0.7232 0.8813
vt 0.7479 0.6122
vt 0.7470 0.5927
vt 0.7568 0.6020
vt 0.7366 0.8250
vt 0.7417 0.8062
vt 0.7387 0.8249
vt 0.7438 0.8062
vt 0.7335 0.8437
vt 0.7283 0.8625
vt 0.7314 0.8437
vt 0.7335 0.8437
vt 0.7158 0.8545
vt 0.7698 0.6156
vt 0.7568 0.6020
vt 0.7690 0.5962
vt 0.7683 0.5769
vt 0.7551 0.5628
vt 0.7676 0.5575
vt 0.7210 0.8356
vt 0.7263 0.8167
vt 0.7534 0.5237
vt 0.7542 0.5433
vt 0.7444 0.5339
vt 0.7594 0.2881
vt 0.7595 0.6608
vt 0.7594 0.0240
vt 0.7489 0.0240
vt 0.7489 0.0220
vt 0.7594 0.0220
vt 0.7614 0.0240
vt 0.7594 0.0617
vt 0.7594 0.0429
vt 0.7614 0.0429
vt 0.7614 0.0220
vt 0.7594 0.0617
vt 0.7594 0.0806
vt 0.7494 0.0712
vt 0.7577 0.6216
vt 0.7690 0.5962
vt 0.7559 0.5824
vt 0.7683 0.5769
vt 0.7614 0.0617
vt 0.7594 0.0806
vt 0.7614 0.0806
vt 0.7594 0.1372
vt 0.7594 0.1183
vt 0.7614 0.1372
vt 0.7594 0.0994
vt 0.7614 0.0994
vt 0.7594 0.1183
vt 0.7594 0.1372
vt 0.7614 0.1560
vt 0.7594 0.1749
vt 0.7594 0.1560
vt 0.7614 0.1749
vt 0.7614 0.1938
vt 0.7614 0.2504
vt 0.7594 0.2692
vt 0.7594 0.2504
vt 0.7594 0.2126
vt 0.7614 0.2126
vt 0.7594 0.2315
vt 0.7594 0.1749
vt 0.7614 0.2881
vt 0.7594 0.3069
vt 0.7594 0.2881
vt 0.7594 0.3069
vt 0.7614 0.3069
vt 0.7594 0.3258
vt 0.7602 0.3641
vt 0.7594 0.3447
vt 0.7614 0.3447
vt 0.7602 0.3641
vt 0.7622 0.3640
vt 0.7609 0.3834
vt 0.7614 0.2692
vt 0.7614 0.2315
vt 0.7614 0.1183
vt 0.7639 0.4608
vt 0.7503 0.4454
vt 0.7631 0.4415
vt 0.7629 0.3834
vt 0.7614 0.3258
vt 0.7637 0.4028
vt 0.7644 0.4222
vt 0.7629 0.3834
vt 0.7651 0.4416
vt 0.7659 0.4609
vt 0.7666 0.4803
vt 0.7368 0.7788
vt 0.7420 0.7599
vt 0.7520 0.7686
vt 0.7516 0.6906
vt 0.7507 0.6710
vt 0.7604 0.6804
vt 0.7470 0.5927
vt 0.7452 0.5535
vt 0.7441 0.5731
vt 0.7433 0.5535
vt 0.7461 0.5731
vt 0.7450 0.5927
vt 0.7441 0.5731
vt 0.7470 0.5927
vt 0.7459 0.6123
vt 0.7450 0.5927
vt 0.7577 0.6216
vt 0.7468 0.6319
vt 0.7478 0.6515
vt 0.7468 0.6319
vt 0.7488 0.6318
vt 0.7507 0.6710
vt 0.7487 0.6711
vt 0.7496 0.6907
vt 0.7487 0.6711
vt 0.7507 0.6710
vt 0.7444 0.7098
vt 0.7496 0.6907
vt 0.7463 0.7102
vt 0.7490 0.7874
vt 0.7623 0.7311
vt 0.7676 0.5575
vt 0.7542 0.5433
vt 0.7668 0.5382
vt 0.7515 0.6912
vt 0.7516 0.6906
vt 0.7727 0.6935
vt 0.7525 0.7221
vt 0.7577 0.7031
vt 0.7675 0.7123
vt 0.7541 0.7686
vt 0.7572 0.7499
vt 0.7593 0.7498
vt 0.7728 0.6929
vt 0.7604 0.6804
vt 0.7720 0.6736
vt 0.7653 0.4995
vt 0.7674 0.4997
vt 0.7661 0.5188
vt 0.7681 0.5191
vt 0.7688 0.5384
vt 0.7668 0.5382
vt 0.7696 0.5578
vt 0.7703 0.5772
vt 0.7710 0.5966
vt 0.7703 0.5772
vt 0.7718 0.6160
vt 0.7712 0.6543
vt 0.7705 0.6349
vt 0.7725 0.6353
vt 0.7718 0.6160
vt 0.7644 0.7310
vt 0.7675 0.7123
vt 0.7696 0.7123
vt 0.7727 0.6935
vt 0.7727 0.6935
vt 0.7733 0.6547
vt 0.7740 0.6741
vt 0.7747 0.6935
vt 0.7740 0.6741
vt 0.7661 0.5188
f 76/1 37/2 36/3
f 35/4 34/5 74/6
f 36/7 35/8 75/9
f 40/10 39/11 38/12
f 45/13 75/14 74/15
f 37/2 76/1 38/16
f 75/14 35/8 74/15
f 46/17 74/18 73/19
f 34/5 73/19 74/6
f 36/7 75/9 76/1
f 34/5 33/20 73/19
f 32/21 31/22 71/23
f 29/24 28/25 69/26
f 30/27 29/28 70/29
f 31/30 30/27 70/29
f 33/20 72/31 73/19
f 33/20 32/32 72/31
f 71/23 72/31 32/21
f 31/22 70/29 71/23
f 70/33 69/34 50/35
f 72/31 71/23 48/36
f 29/28 69/26 70/29
f 72/31 47/37 73/19
f 28/25 27/38 69/26
f 70/29 49/39 71/23
f 41/40 40/41 76/42
f 76/43 43/44 42/45
f 43/44 76/43 44/46
f 42/45 43/44 1/47
f 76/42 42/45 41/40
f 40/41 38/12 76/42
f 41/40 42/45 1/47
f 43/44 77/48 1/47
f 77/48 43/44 44/46
f 77/49 45/50 2/51
f 45/50 77/49 44/46
f 2/51 45/50 3/52
f 77/48 2/51 1/47
f 76/1 75/9 44/46
f 45/13 44/46 75/14
f 4/53 46/54 47/55
f 45/13 74/15 46/17
f 48/36 47/37 72/31
f 71/23 49/39 48/36
f 49/56 50/57 7/58
f 47/37 48/36 5/59
f 73/19 47/37 46/17
f 49/39 6/60 48/36
f 4/53 3/61 46/54
f 47/55 5/59 4/53
f 48/36 6/60 5/59
f 49/56 7/58 6/60
f 7/58 50/57 8/62
f 46/54 3/61 45/13
f 70/33 50/35 49/39
f 50/35 69/34 51/63
f 26/64 25/65 68/66
f 24/67 23/68 66/69
f 25/70 24/71 67/72
f 68/73 51/63 69/34
f 27/74 26/64 68/66
f 67/72 68/66 25/70
f 24/67 66/69 67/72
f 55/75 66/76 65/77
f 68/66 67/72 53/78
f 23/68 65/77 66/69
f 54/79 67/72 66/69
f 23/68 22/80 65/77
f 63/81 21/82 20/83
f 62/84 78/85 19/86
f 62/84 20/87 78/85
f 18/88 17/89 19/90
f 22/80 64/91 65/77
f 22/80 21/92 64/91
f 63/81 64/91 21/82
f 20/83 62/84 63/81
f 62/93 17/94 16/95
f 64/91 63/81 57/96
f 19/90 17/89 62/84
f 58/97 63/81 62/84
f 56/98 65/77 64/91
f 8/99 51/100 52/101
f 52/102 68/66 53/78
f 10/103 53/104 54/105
f 54/79 53/104 67/72
f 54/79 66/69 55/75
f 52/102 53/78 9/106
f 52/102 51/100 68/66
f 54/79 55/75 11/107
f 9/106 8/99 52/102
f 11/107 10/103 54/79
f 12/108 11/107 55/75
f 9/106 53/78 10/103
f 55/75 56/109 12/108
f 51/100 8/99 50/35
f 13/110 56/111 57/112
f 56/111 64/91 57/112
f 62/84 59/113 58/97
f 58/97 57/96 63/81
f 62/84 60/114 59/113
f 57/96 58/97 61/115
f 55/75 65/77 56/109
f 59/113 61/115 58/97
f 13/110 57/112 14/116
f 59/113 15/117 61/115
f 14/116 57/112 61/115
f 15/118 60/119 16/120
f 61/115 15/117 14/116
f 60/114 15/118 59/113
f 56/109 13/110 12/108
f 60/114 62/84 16/120
f 68/73 69/34 27/74
f 147/121 111/122 110/123
f 109/124 108/125 145/126
f 110/127 109/128 146/129
f 17/130 18/131 112/132
f 112/132 111/133 17/130
f 109/124 145/126 146/129
f 117/134 145/135 144/136
f 116/137 146/129 145/126
f 108/125 144/136 145/126
f 110/127 146/129 147/121
f 108/125 107/138 144/136
f 142/139 106/140 105/141
f 103/142 102/143 140/144
f 141/145 105/146 104/147
f 141/145 104/147 103/148
f 107/138 143/149 144/136
f 107/138 106/150 143/149
f 142/139 143/149 106/140
f 105/146 141/145 142/139
f 141/151 140/152 121/153
f 143/149 142/139 119/154
f 103/142 140/144 141/145
f 143/149 118/155 144/136
f 102/143 101/156 140/144
f 141/145 120/157 142/139
f 16/158 17/159 147/160
f 147/161 114/162 113/163
f 114/162 147/161 115/164
f 113/163 114/162 15/165
f 147/160 113/163 16/158
f 17/159 111/133 147/160
f 16/158 113/163 15/165
f 114/162 148/166 15/165
f 148/166 114/162 115/164
f 148/167 116/168 79/169
f 116/168 148/167 115/164
f 79/169 116/168 80/170
f 148/166 79/169 15/165
f 147/121 146/129 115/164
f 116/168 115/164 146/129
f 81/171 117/172 118/173
f 116/137 145/126 117/134
f 119/154 118/155 143/149
f 142/139 120/157 119/154
f 120/174 121/175 84/176
f 118/155 119/154 82/177
f 144/136 118/155 117/134
f 120/157 83/178 119/154
f 81/171 80/179 117/172
f 82/177 81/171 118/155
f 82/177 119/154 83/178
f 120/174 84/176 83/178
f 84/176 121/175 85/180
f 117/134 80/179 116/137
f 141/145 121/153 120/157
f 121/153 140/152 122/181
f 100/182 99/183 139/184
f 99/185 98/186 138/187
f 137/188 98/189 97/190
f 139/191 122/181 140/152
f 101/192 100/182 139/184
f 138/187 139/184 99/185
f 98/189 137/188 138/187
f 126/193 137/194 136/195
f 139/184 138/187 124/196
f 97/190 136/195 137/188
f 137/188 125/197 138/187
f 97/190 96/198 136/195
f 134/199 95/200 94/201
f 40/202 93/203 92/204
f 94/205 93/206 133/207
f 92/204 39/208 40/202
f 96/198 135/209 136/195
f 96/198 95/210 135/209
f 134/199 135/209 95/200
f 94/201 133/207 134/199
f 133/211 40/212 41/213
f 135/209 134/199 128/214
f 93/203 40/202 133/207
f 135/209 127/215 136/195
f 133/207 129/216 134/199
f 85/217 122/218 123/219
f 123/220 139/184 124/196
f 87/221 124/222 125/223
f 125/223 124/222 138/187
f 125/197 137/188 126/193
f 123/220 124/196 86/224
f 123/220 122/218 139/184
f 125/197 126/193 88/225
f 86/224 85/217 123/220
f 88/225 87/221 125/197
f 89/226 88/225 126/193
f 86/224 124/196 87/221
f 126/193 127/227 89/226
f 122/218 85/217 121/153
f 90/228 127/229 128/230
f 127/229 135/209 128/230
f 133/207 130/231 129/216
f 129/216 128/214 134/199
f 133/207 131/232 130/231
f 128/214 129/216 132/233
f 126/193 136/195 127/227
f 130/231 132/233 129/216
f 90/228 128/230 91/234
f 130/231 1/235 132/233
f 91/234 128/230 132/233
f 1/236 131/237 41/238
f 132/233 1/235 91/234
f 131/232 1/236 130/231
f 127/227 90/228 89/226
f 131/237 133/207 41/238
f 139/184 140/152 101/192
f 257/239 258/240 256/241
f 459/242 359/243 360/244
f 256/241 258/240 374/245
f 624/246 578/247 508/248
f 255/249 374/250 373/251
f 374/250 255/249 256/241
f 254/252 373/253 372/254
f 373/253 254/252 255/249
f 374/255 375/256 395/257
f 492/258 575/259 491/260
f 258/240 259/261 374/245
f 397/262 414/263 371/264
f 253/265 372/266 371/267
f 372/254 253/265 254/252
f 372/268 394/269 397/270
f 372/268 373/253 394/269
f 382/271 394/272 395/273
f 253/265 371/267 252/274
f 597/275 407/276 598/277
f 251/278 252/279 370/280
f 370/280 369/281 251/278
f 415/282 445/283 414/284
f 252/274 371/267 370/280
f 251/278 369/281 250/285
f 370/280 445/286 369/281
f 693/287 408/288 600/289
f 489/290 279/291 280/292
f 522/293 410/294 388/295
f 402/296 612/297 455/298
f 249/299 250/300 368/301
f 554/302 618/303 461/304
f 375/305 376/306 418/307
f 231/308 348/309 347/310
f 348/309 231/308 232/311
f 232/311 349/312 348/309
f 349/312 232/311 233/313
f 414/263 397/262 391/314
f 349/315 350/316 783/317
f 233/313 350/316 349/312
f 385/318 487/319 564/320
f 509/321 507/322 578/323
f 249/324 367/325 248/326
f 367/325 366/327 248/326
f 367/325 420/328 366/327
f 558/329 624/330 621/331
f 248/326 366/327 247/332
f 233/313 351/333 350/316
f 234/334 351/333 233/313
f 234/334 235/335 351/333
f 365/336 247/332 366/327
f 545/337 546/338 393/339
f 792/340 912/341 793/342
f 419/343 396/344 392/345
f 249/324 368/301 367/325
f 250/300 369/281 368/301
f 648/346 351/347 352/348
f 374/245 259/261 375/256
f 473/349 422/350 399/351
f 423/352 478/353 400/354
f 365/355 477/356 452/357
f 365/358 364/359 246/360
f 365/336 246/360 247/332
f 450/361 474/362 476/363
f 246/360 364/359 245/364
f 244/365 363/366 362/367
f 363/366 244/365 245/368
f 364/359 363/366 245/364
f 622/369 621/370 472/371
f 418/372 396/373 382/374
f 418/307 395/257 375/305
f 366/327 420/328 477/375
f 376/376 260/377 261/378
f 261/378 377/379 376/376
f 377/379 261/378 262/380
f 452/357 477/356 497/381
f 363/366 423/382 362/367
f 243/383 362/384 361/385
f 362/384 243/383 244/365
f 243/383 361/385 242/386
f 361/385 362/384 482/387
f 483/388 482/389 423/390
f 242/386 361/385 360/391
f 482/387 484/392 361/385
f 376/376 375/305 260/377
f 375/305 259/261 260/377
f 470/393 504/394 392/395
f 753/396 664/397 590/398
f 464/399 334/400 335/401
f 458/402 459/403 431/404
f 237/405 355/406 354/407
f 360/391 241/408 242/386
f 237/405 354/407 236/409
f 235/335 352/348 351/333
f 352/348 235/335 236/410
f 236/410 353/411 352/348
f 353/411 236/410 354/407
f 324/412 325/413 389/414
f 781/415 580/416 861/417
f 685/418 354/407 355/406
f 316/419 605/420 315/421
f 240/422 359/423 358/424
f 279/425 426/426 278/427
f 240/422 358/424 239/428
f 284/429 427/430 283/431
f 431/432 404/433 430/434
f 239/428 358/424 357/435
f 238/436 355/406 237/405
f 355/406 238/436 356/437
f 239/438 356/437 238/436
f 356/437 239/438 357/435
f 480/439 481/440 453/441
f 685/442 686/443 594/444
f 356/437 357/435 520/445
f 240/422 241/446 359/423
f 360/244 359/243 241/408
f 428/447 524/448 526/449
f 520/445 357/435 430/450
f 394/272 382/271 451/451
f 416/452 470/393 392/395
f 645/453 648/346 352/348
f 552/454 556/455 551/456
f 220/457 221/458 338/459
f 219/460 220/461 336/462
f 523/463 284/464 285/465
f 448/466 390/467 413/468
f 217/469 218/470 334/471
f 414/284 391/314 415/282
f 215/472 216/473 333/474
f 217/475 333/474 216/473
f 443/476 490/477 468/478
f 219/479 335/480 218/481
f 421/482 562/483 561/484
f 337/485 336/462 220/461
f 557/486 406/487 604/488
f 336/462 335/480 219/460
f 336/462 462/489 335/480
f 619/490 462/491 463/492
f 335/401 334/400 218/481
f 333/474 332/493 215/472
f 217/469 334/471 333/474
f 332/493 214/494 215/472
f 331/495 332/496 435/497
f 592/498 310/499 311/500
f 330/501 214/502 331/503
f 464/399 335/401 462/489
f 337/485 220/461 338/459
f 221/458 222/504 338/459
f 448/505 269/506 270/507
f 210/508 211/509 328/510
f 442/511 323/512 389/513
f 209/514 210/515 327/516
f 426/517 461/518 402/519
f 600/289 408/288 596/520
f 326/521 208/522 209/523
f 410/294 536/524 388/295
f 324/525 18/526 207/527
f 207/528 208/529 325/530
f 527/531 528/532 599/533
f 441/534 327/535 328/536
f 336/462 463/492 462/489
f 213/537 329/538 212/539
f 329/538 213/537 330/540
f 329/538 328/541 212/539
f 466/542 437/543 321/544
f 329/538 330/540 465/545
f 328/536 327/535 210/508
f 326/521 209/523 327/516
f 326/521 327/516 440/546
f 324/412 207/527 325/413
f 324/412 389/414 323/512
f 411/547 325/548 326/549
f 325/548 208/529 326/549
f 410/550 440/551 441/552
f 328/510 211/509 212/539
f 213/537 214/502 330/540
f 18/526 324/525 112/553
f 214/494 332/493 331/503
f 265/554 444/555 412/556
f 225/557 226/558 343/559
f 412/560 390/561 469/562
f 343/559 226/558 227/563
f 225/557 343/559 342/564
f 340/565 223/566 224/567
f 455/298 426/517 402/296
f 754/568 664/397 753/396
f 342/569 341/570 224/571
f 224/571 225/557 342/569
f 340/565 224/567 341/570
f 756/572 757/573 676/574
f 369/281 446/575 368/301
f 229/576 346/577 345/578
f 346/577 229/576 230/579
f 230/579 347/580 346/577
f 347/310 230/579 231/308
f 486/581 487/582 405/583
f 863/584 786/585 904/586
f 227/563 344/587 343/559
f 344/587 227/563 228/588
f 228/588 345/589 344/587
f 345/589 228/588 229/576
f 410/550 441/552 536/524
f 785/590 345/578 346/577
f 717/591 343/559 344/587
f 399/592 479/593 509/594
f 281/595 460/596 280/597
f 787/598 864/599 871/600
f 588/601 721/602 659/603
f 339/604 338/459 222/504
f 543/605 598/277 407/276
f 340/606 339/604 222/504
f 222/504 223/566 340/606
f 325/548 411/547 389/414
f 480/607 274/608 275/609
f 112/553 324/525 111/610
f 323/611 110/612 111/613
f 322/614 110/612 323/611
f 111/613 324/525 323/611
f 396/373 418/372 376/306
f 663/615 665/616 338/617
f 435/497 599/618 331/495
f 322/619 321/620 108/621
f 442/511 389/513 411/547
f 320/622 319/623 106/624
f 409/625 437/626 438/627
f 320/628 321/544 437/543
f 321/544 320/628 107/629
f 435/630 600/289 596/520
f 108/621 109/631 322/619
f 533/632 768/633 436/634
f 106/624 107/629 320/622
f 108/621 321/620 107/629
f 603/635 532/636 464/637
f 319/623 105/638 106/624
f 322/614 109/631 110/612
f 728/639 733/640 847/641
f 403/642 563/643 427/644
f 786/645 347/646 639/647
f 439/648 467/649 437/650
f 431/404 459/403 501/651
f 530/652 332/493 333/474
f 378/653 416/654 377/655
f 413/656 412/556 444/555
f 262/657 263/658 378/659
f 495/660 368/301 446/575
f 425/661 506/662 481/663
f 263/664 264/665 379/666
f 469/562 468/667 412/560
f 379/666 378/659 263/664
f 444/668 266/669 267/670
f 149/671 265/672 380/673
f 379/666 264/665 380/674
f 412/556 380/673 265/554
f 380/673 264/665 149/671
f 370/280 371/267 414/263
f 444/555 268/675 413/656
f 266/676 149/677 150/678
f 266/669 150/678 267/670
f 277/679 278/680 485/681
f 458/682 358/424 359/423
f 267/670 150/678 151/683
f 268/675 444/555 267/670
f 154/684 269/685 268/686
f 271/687 272/688 449/689
f 157/690 271/691 270/692
f 270/507 269/506 155/693
f 413/656 268/675 269/685
f 268/675 267/670 153/694
f 149/671 266/676 265/672
f 520/445 430/450 570/695
f 447/696 270/692 271/691
f 422/697 273/698 274/699
f 158/700 273/701 272/702
f 159/703 274/699 273/698
f 480/704 479/705 422/706
f 422/706 479/705 399/351
f 161/707 276/708 275/709
f 425/710 276/711 277/712
f 163/713 278/680 277/679
f 277/712 276/711 162/714
f 485/715 426/517 455/298
f 275/609 274/608 160/716
f 505/717 636/718 575/719
f 282/720 457/721 281/722
f 165/723 280/292 279/291
f 618/724 555/725 617/726
f 167/727 282/720 281/722
f 281/595 280/597 166/728
f 456/729 457/721 282/720
f 429/730 456/731 427/732
f 170/733 284/429 283/431
f 403/642 427/644 428/734
f 171/735 285/465 284/464
f 168/736 283/737 282/738
f 285/739 286/740 524/741
f 164/742 279/425 278/427
f 456/729 282/720 283/737
f 158/700 272/702 271/687
f 549/743 401/744 506/745
f 267/670 151/683 152/746
f 356/437 520/445 686/747
f 154/684 268/686 153/694
f 396/344 416/452 392/345
f 265/554 266/676 444/555
f 155/693 269/506 154/684
f 157/690 270/692 156/748
f 772/749 891/750 773/751
f 159/703 273/698 158/700
f 523/463 427/430 284/464
f 431/404 501/651 566/752
f 158/700 271/687 157/690
f 694/753 607/754 606/755
f 156/748 270/692 155/693
f 161/707 275/709 160/716
f 368/301 495/660 494/756
f 163/713 277/679 162/714
f 395/273 394/272 373/253
f 416/654 396/344 377/655
f 162/714 276/711 161/707
f 165/723 279/291 164/742
f 397/270 371/264 372/268
f 167/727 281/722 166/728
f 464/399 531/757 334/400
f 447/696 448/505 270/692
f 166/728 280/597 165/723
f 490/758 378/659 379/666
f 164/742 278/427 163/713
f 363/366 364/359 498/759
f 160/716 274/608 159/703
f 169/760 283/737 168/736
f 396/373 376/306 377/655
f 171/735 284/464 170/733
f 380/674 468/761 379/666
f 417/762 447/763 449/764
f 170/733 283/431 169/760
f 523/765 524/448 428/447
f 173/766 287/767 286/768
f 287/769 174/770 288/771
f 172/772 286/740 285/739
f 171/735 172/772 285/465
f 649/773 287/769 288/771
f 369/281 445/286 446/575
f 282/738 167/727 168/736
f 174/770 287/769 173/766
f 476/774 397/775 451/776
f 175/777 288/771 174/770
f 357/435 358/424 430/450
f 364/359 365/358 452/357
f 288/771 175/777 289/778
f 291/779 705/780 707/781
f 290/782 289/783 177/784
f 176/785 177/784 289/783
f 434/786 538/787 465/788
f 289/778 175/777 176/785
f 290/782 177/784 178/789
f 338/459 339/604 663/615
f 173/766 286/768 172/772
f 326/549 440/546 411/547
f 352/348 353/411 645/453
f 394/269 451/451 397/270
f 153/694 267/670 152/746
f 466/790 442/791 438/792
f 705/780 291/779 292/793
f 310/794 309/795 199/796
f 689/797 314/798 609/799
f 199/796 309/795 198/800
f 310/794 199/796 200/801
f 312/802 201/803 202/804
f 201/803 312/802 311/805
f 311/805 200/806 201/803
f 200/806 311/805 310/794
f 597/275 778/807 407/276
f 382/374 395/273 418/372
f 423/390 400/354 483/388
f 312/808 313/809 688/810
f 196/811 306/812 195/813
f 306/812 196/811 307/814
f 195/815 305/816 194/817
f 305/816 195/815 306/812
f 727/818 660/819 587/820
f 699/821 384/822 555/823
f 198/824 308/825 197/826
f 308/825 198/824 309/795
f 197/827 307/814 196/811
f 307/814 197/827 308/825
f 592/828 773/829 761/830
f 419/343 392/345 450/831
f 411/547 440/546 410/550
f 661/832 837/833 588/834
f 763/835 592/828 761/830
f 526/836 631/837 630/838
f 103/839 318/840 317/841
f 318/840 915/842 317/841
f 206/843 317/844 316/845
f 102/846 317/844 206/843
f 437/650 409/625 439/648
f 105/638 319/623 104/847
f 534/848 388/849 607/850
f 102/846 103/839 317/844
f 104/851 318/840 103/839
f 442/511 322/614 323/512
f 606/755 916/852 694/753
f 319/623 318/840 104/847
f 314/853 203/854 204/855
f 203/854 314/853 313/856
f 313/856 202/857 203/854
f 202/804 313/856 312/802
f 319/623 320/622 467/858
f 449/859 545/860 544/861
f 316/845 205/862 206/843
f 205/862 316/845 315/421
f 315/421 204/863 205/862
f 204/855 315/421 314/853
f 319/623 467/858 915/864
f 498/865 452/866 478/867
f 716/868 526/449 524/448
f 535/869 605/870 915/871
f 688/810 313/809 689/872
f 915/864 467/858 916/873
f 441/534 440/551 327/535
f 837/833 661/832 662/874
f 291/875 178/876 179/877
f 178/789 291/875 290/782
f 422/350 473/349 496/878
f 291/875 179/877 292/793
f 348/309 639/647 347/310
f 293/879 292/880 180/881
f 719/882 720/883 656/884
f 183/885 295/886 294/887
f 293/888 182/889 294/890
f 800/891 708/892 798/893
f 179/877 180/881 292/793
f 719/894 296/895 297/896
f 181/897 182/889 293/888
f 374/255 395/257 373/251
f 184/898 295/886 183/885
f 624/899 623/900 383/901
f 638/902 548/903 562/904
f 182/889 183/885 294/890
f 758/905 677/906 679/907
f 297/896 296/895 185/908
f 184/909 185/908 296/895
f 458/682 430/450 358/424
f 295/886 184/898 296/895
f 297/896 185/908 186/910
f 489/911 460/912 432/913
f 181/897 293/888 180/881
f 419/343 382/374 396/344
f 299/914 758/915 760/916
f 747/917 678/918 302/919
f 188/920 299/921 298/922
f 186/923 187/924 298/925
f 530/926 531/927 602/928
f 298/925 297/896 186/923
f 300/929 299/930 189/931
f 194/932 304/933 193/934
f 305/816 304/933 194/817
f 660/935 747/936 658/937
f 304/933 303/938 193/934
f 661/939 659/940 746/941
f 564/320 487/319 563/942
f 188/920 298/922 187/924
f 300/943 301/944 677/945
f 189/931 190/946 300/929
f 189/931 299/930 188/920
f 190/946 301/944 300/929
f 412/556 413/656 390/561
f 474/947 475/948 560/949
f 301/944 190/946 191/950
f 303/951 302/952 192/953
f 747/954 303/938 304/933
f 191/955 192/953 302/952
f 550/956 457/957 486/958
f 301/944 191/950 302/952
f 303/951 192/953 193/934
f 411/547 410/550 522/293
f 658/959 304/933 305/816
f 568/960 633/961 385/962
f 441/552 540/963 536/524
f 683/964 682/965 684/966
f 582/967 801/968 871/969
f 788/970 789/971 706/972
f 538/787 329/538 465/788
f 522/293 442/511 411/547
f 378/659 377/655 262/657
f 381/973 450/974 503/975
f 466/542 321/544 322/619
f 414/284 445/283 370/280
f 446/575 445/286 415/282
f 446/575 415/282 493/976
f 472/371 621/370 420/977
f 449/689 447/763 271/687
f 448/505 447/696 417/762
f 505/978 492/979 390/980
f 448/505 413/468 269/506
f 272/702 273/701 496/981
f 449/859 473/982 545/860
f 392/395 504/394 503/983
f 474/362 450/361 381/973
f 382/374 419/343 451/451
f 450/831 476/363 419/343
f 365/355 366/327 477/356
f 561/484 562/483 629/984
f 275/709 276/708 481/985
f 453/441 481/440 499/986
f 700/987 483/388 400/354
f 484/988 500/989 502/990
f 402/991 618/724 617/726
f 425/710 277/712 485/681
f 427/732 456/731 283/431
f 457/721 456/729 429/730
f 486/958 457/957 429/730
f 460/912 457/992 432/913
f 459/242 458/402 359/243
f 430/450 458/682 431/432
f 484/392 360/391 361/385
f 502/993 488/994 501/995
f 457/721 460/912 281/722
f 489/911 432/913 461/996
f 426/426 279/425 489/290
f 432/997 552/998 554/999
f 463/492 336/462 337/485
f 462/489 433/1000 464/399
f 664/1001 755/1002 675/1003
f 462/489 619/490 433/1000
f 533/1004 603/1005 604/1006
f 531/927 530/926 333/474
f 528/1007 465/545 330/540
f 538/787 434/786 537/1008
f 442/511 466/790 322/614
f 437/543 466/542 438/627
f 437/650 467/649 320/628
f 467/649 439/648 916/873
f 412/560 468/667 380/673
f 490/477 443/476 470/1009
f 469/562 390/561 492/979
f 468/478 469/562 443/476
f 490/758 416/654 378/659
f 443/1010 491/1011 504/1012
f 415/282 391/314 560/1013
f 626/1014 471/1015 572/1016
f 367/325 494/1017 420/328
f 495/1018 573/1019 472/1020
f 545/860 473/982 611/1021
f 496/981 449/689 272/702
f 381/973 625/1022 474/362
f 474/362 391/1023 476/363
f 475/948 474/947 625/1022
f 626/1014 572/1016 475/1024
f 397/262 476/774 391/314
f 419/343 476/363 451/451
f 398/1025 577/1026 420/1027
f 497/1028 421/482 561/484
f 498/759 423/382 363/366
f 561/484 452/357 497/1028
f 480/607 422/706 274/608
f 479/1029 453/1030 511/1031
f 481/985 480/439 275/709
f 479/705 480/704 453/1030
f 276/711 425/710 481/985
f 425/661 549/743 506/662
f 423/382 482/389 362/367
f 484/392 482/387 454/1032
f 400/354 701/1033 700/987
f 482/389 483/388 454/1032
f 500/989 484/988 454/1032
f 459/242 360/244 484/392
f 426/426 485/715 278/427
f 425/710 485/681 455/298
f 486/958 429/730 563/1034
f 550/956 486/958 405/583
f 487/319 486/581 563/942
f 488/1035 567/1036 566/1037
f 553/1038 615/1039 616/1040
f 431/432 566/752 404/433
f 460/596 489/911 280/597
f 426/517 489/290 461/518
f 468/761 490/477 379/666
f 416/452 490/758 470/393
f 492/979 443/476 469/562
f 443/1010 492/979 491/1011
f 505/978 390/980 448/466
f 575/719 636/718 574/1041
f 493/976 415/282 560/1013
f 572/1042 622/1043 493/1044
f 368/301 494/756 367/325
f 472/371 420/977 494/1017
f 573/1019 495/1018 446/575
f 494/756 495/660 472/371
f 422/350 496/878 273/698
f 449/859 496/981 473/982
f 577/1026 477/375 420/1027
f 508/248 578/247 576/1045
f 452/357 498/865 364/359
f 423/382 498/759 478/353
f 510/1046 499/1047 401/1048
f 510/1049 509/1050 511/1051
f 700/1052 500/989 454/1032
f 500/989 424/1053 502/990
f 502/993 501/995 459/403
f 566/1037 501/651 488/1035
f 502/990 459/403 484/988
f 502/990 424/1053 615/1054
f 392/345 503/983 450/831
f 917/1055 503/1056 491/1057
f 443/476 504/1012 470/1009
f 503/983 504/394 491/1057
f 417/762 636/1058 448/505
f 544/1059 574/1041 636/718
f 401/744 499/1047 506/745
f 481/663 506/662 499/986
f 510/1046 401/1048 613/1060
f 421/482 497/1028 508/1061
f 497/1028 577/1062 508/1061
f 577/1062 624/246 508/1061
f 509/1063 383/1064 579/1065
f 453/1030 499/986 511/1031
f 401/744 549/743 613/1060
f 509/321 510/1049 507/322
f 510/1049 511/1051 499/1047
f 479/1029 511/1031 509/594
f 293/888 294/890 644/1066
f 708/1067 796/1068 797/1069
f 712/1070 713/1071 650/1072
f 707/781 290/782 291/779
f 299/930 300/929 758/915
f 741/1073 517/1074 731/1075
f 307/814 661/1076 306/812
f 659/603 721/602 722/1077
f 341/570 675/1078 340/565
f 676/1079 590/1080 675/1081
f 740/1082 672/1083 673/1084
f 803/1085 804/1086 819/1087
f 688/810 690/1088 312/808
f 847/641 733/640 751/1089
f 520/445 570/695 519/1090
f 519/1091 571/1092 687/1093
f 570/695 430/450 404/433
f 520/445 519/1090 686/747
f 609/1094 315/421 605/420
f 541/1095 388/295 536/524
f 534/848 522/293 388/849
f 442/791 522/293 438/792
f 524/448 523/765 285/739
f 427/644 523/463 428/734
f 654/1096 653/1097 286/1098
f 569/1099 404/1100 568/1101
f 716/1102 813/1103 812/1104
f 878/1105 882/1106 687/1107
f 649/773 654/1108 287/769
f 630/1109 564/1110 403/1111
f 596/1112 597/1113 527/1114
f 434/786 465/788 528/1007
f 331/503 528/1007 330/501
f 434/786 528/1007 527/531
f 435/497 332/496 530/652
f 693/1115 436/1116 601/1117
f 334/400 531/757 333/474
f 530/1118 529/1119 600/1120
f 464/399 532/636 531/757
f 531/757 532/636 602/928
f 464/399 433/1000 603/635
f 602/928 532/636 436/1121
f 684/966 767/1122 683/964
f 436/1121 532/636 533/632
f 409/625 438/627 534/1123
f 522/293 534/848 438/792
f 694/1124 439/648 409/625
f 315/421 609/1094 314/853
f 610/1125 441/534 328/536
f 698/1126 608/1127 771/1128
f 543/605 434/1129 598/277
f 696/1130 539/1131 697/1132
f 537/1133 540/1134 610/1135
f 329/538 538/787 610/1136
f 541/1095 536/524 542/1137
f 543/1138 697/1139 542/1140
f 540/963 441/552 610/1135
f 540/1134 537/1133 542/1141
f 536/524 540/963 542/1137
f 695/1142 696/1143 608/1144
f 543/1138 542/1140 537/1133
f 539/1145 541/1095 542/1137
f 434/786 543/605 537/1008
f 543/1138 407/276 697/1139
f 574/1041 544/1059 393/1146
f 417/762 449/764 544/861
f 611/1021 473/982 399/351
f 393/339 544/1059 545/337
f 579/1065 399/592 509/1063
f 471/1015 626/1014 628/1147
f 510/1049 548/1148 507/322
f 547/1149 613/1060 549/743
f 617/1150 614/1151 547/1152
f 701/1153 562/1154 384/1155
f 425/710 455/298 549/743
f 549/743 455/298 612/297
f 405/1156 556/455 552/454
f 432/913 457/992 550/956
f 552/998 432/997 550/956
f 555/823 551/1157 699/821
f 405/1156 552/454 550/956
f 554/999 552/998 551/456
f 632/1158 405/583 487/582
f 553/1038 488/1159 615/1039
f 554/999 551/456 555/823
f 432/913 554/999 461/996
f 551/1160 553/1038 616/1040
f 555/725 384/822 617/726
f 556/455 405/1156 632/1158
f 551/1160 556/455 553/1038
f 665/1161 666/1162 667/1163
f 671/1164 620/1165 669/1166
f 623/1167 558/1168 471/1169
f 624/899 558/329 623/900
f 917/1055 491/1057 575/259
f 393/339 546/338 627/1170
f 474/362 560/949 391/1023
f 560/949 475/948 572/1016
f 638/1171 421/1172 576/1173
f 478/867 452/866 561/484
f 562/904 548/903 614/1174
f 478/353 629/1175 400/354
f 427/732 563/643 429/730
f 564/1110 563/942 403/1111
f 630/1109 403/1111 428/734
f 630/838 631/837 565/1176
f 635/1177 571/1178 569/1179
f 564/1180 565/1181 634/1182
f 567/1036 488/1035 553/1038
f 566/1037 567/1036 633/1183
f 556/455 632/1158 553/1038
f 633/1183 568/960 566/1037
f 385/318 564/320 634/1182
f 404/1100 566/752 568/1101
f 634/1182 568/960 385/318
f 635/1177 525/1184 571/1178
f 404/433 569/1099 570/695
f 519/1090 570/695 569/1099
f 879/1185 877/1186 880/1187
f 519/1090 569/1099 571/1092
f 622/1043 572/1042 471/1015
f 560/1013 572/1016 493/976
f 446/575 493/976 573/1019
f 573/1019 493/976 622/1043
f 393/1146 637/1188 574/1041
f 625/1189 917/1190 559/1191
f 505/978 575/719 492/979
f 574/1041 637/1188 917/1192
f 548/1148 576/1193 507/322
f 421/482 508/1061 576/1173
f 477/375 577/1026 497/381
f 624/246 577/1062 398/1025
f 509/1063 578/323 383/1064
f 576/1045 578/247 507/322
f 623/900 579/1065 383/901
f 611/1194 579/1195 546/1196
f 780/1197 702/1198 784/1199
f 805/1200 807/1201 900/1202
f 702/1203 897/1204 781/1205
f 652/1206 584/1207 649/1208
f 644/1209 796/1210 795/1211
f 864/1212 706/1213 790/1214
f 354/407 685/418 646/1215
f 640/1216 784/1217 810/1218
f 911/1219 885/1220 886/1221
f 525/1222 526/1223 812/1224
f 718/1225 814/1226 815/1227
f 676/1079 887/1228 590/1080
f 807/1201 805/1200 803/1229
f 582/1230 644/1209 795/1211
f 587/1231 722/1232 724/1233
f 678/1234 732/1235 591/1236
f 307/814 748/1237 661/1076
f 662/1238 748/1239 749/1240
f 668/1241 666/1242 589/1243
f 337/485 338/459 665/616
f 756/1244 675/1078 341/570
f 514/1245 831/1246 809/1247
f 747/954 302/919 303/938
f 817/1248 656/884 720/883
f 774/1249 312/808 690/1088
f 857/1250 761/1251 518/1252
f 593/1253 835/1254 846/1255
f 387/1256 691/1257 775/1258
f 881/1259 878/1260 525/1261
f 646/1262 645/453 353/411
f 772/1263 851/1264 852/1265
f 518/1252 761/1251 773/829
f 597/1113 596/1112 408/288
f 599/533 596/1112 527/531
f 408/288 691/1266 597/1113
f 779/1267 387/1268 855/1269
f 434/1129 527/531 598/277
f 597/275 598/277 527/1114
f 599/533 435/497 596/1112
f 528/1007 331/503 599/533
f 530/1118 600/1120 435/497
f 693/287 600/289 529/1119
f 767/1122 684/966 768/1270
f 601/1271 775/1258 691/1257
f 693/1115 602/928 436/1116
f 530/1118 602/928 529/1119
f 604/1006 603/1005 433/1000
f 532/636 603/635 533/632
f 604/1006 433/1000 619/490
f 604/488 406/487 767/1272
f 915/871 605/870 316/419
f 609/1094 605/420 535/869
f 534/1123 607/850 409/625
f 698/1273 609/1094 535/869
f 541/1095 695/1274 388/295
f 695/1274 541/1095 539/1145
f 606/755 607/754 608/1275
f 695/1142 608/1144 607/754
f 535/869 606/1276 698/1273
f 521/1277 852/1278 770/1279
f 329/538 610/1136 328/541
f 610/1136 538/787 537/1133
f 579/1195 611/1194 399/592
f 545/860 611/1021 546/338
f 617/726 612/297 402/991
f 549/743 612/297 547/1149
f 614/1151 613/1060 547/1152
f 510/1049 613/1060 548/1148
f 562/1154 614/1174 384/1155
f 613/1060 614/1151 548/1148
f 502/990 615/1054 488/994
f 615/1039 424/1053 616/1040
f 424/1053 500/989 700/1052
f 551/1157 616/1040 699/821
f 614/1174 617/1150 384/1155
f 617/726 547/1152 612/297
f 461/304 618/303 402/519
f 554/302 555/823 618/303
f 667/1280 619/490 463/492
f 604/1006 619/490 557/486
f 669/1281 670/1282 557/1283
f 667/1163 666/1162 557/1284
f 420/977 621/370 398/1025
f 622/369 472/371 573/1019
f 471/1169 558/1168 622/1043
f 622/369 558/1168 621/370
f 628/1147 626/1014 627/1285
f 623/900 628/1286 579/1065
f 624/246 383/901 578/247
f 621/331 624/330 398/1025
f 917/1190 625/1189 381/973
f 626/1287 625/1189 559/1191
f 625/1189 626/1287 475/948
f 627/1285 626/1014 559/1191
f 627/1285 559/1191 637/1288
f 628/1147 627/1285 546/338
f 579/1065 628/1286 546/1196
f 471/1015 628/1147 623/1167
f 561/484 629/984 478/867
f 701/1153 629/984 562/1154
f 526/836 630/838 428/447
f 564/1110 630/1109 565/1181
f 526/1223 525/1222 631/837
f 525/1222 565/1176 631/837
f 633/961 487/319 385/962
f 632/1158 567/1036 553/1038
f 567/1036 632/1158 633/1183
f 487/582 633/961 632/1158
f 635/1289 634/1182 565/1181
f 568/1101 634/1182 569/1099
f 634/1182 635/1289 569/1099
f 525/1222 635/1177 565/1176
f 448/505 636/1058 505/978
f 544/1059 636/718 417/762
f 627/1170 637/1288 393/339
f 637/1188 559/1191 917/1192
f 421/1172 638/1171 562/483
f 576/1173 548/1148 638/1171
f 783/317 860/1290 349/315
f 704/1291 786/585 863/584
f 647/1292 709/1293 351/1294
f 871/600 905/1295 787/598
f 863/584 641/1296 704/1291
f 918/1297 872/1298 873/1299
f 790/1300 789/1301 293/1302
f 791/1303 707/1304 642/1305
f 869/1306 868/1307 870/1308
f 883/1309 513/1310 880/1311
f 795/1211 796/1210 708/1067
f 864/1212 790/1214 582/1312
f 353/411 354/407 646/1262
f 648/346 645/453 875/1313
f 594/444 686/443 687/1314
f 645/453 646/1262 884/1315
f 811/1316 710/1317 711/1318
f 711/1319 810/1320 709/1321
f 875/1313 645/453 583/1322
f 351/347 648/346 647/1292
f 712/1323 288/771 289/778
f 651/1324 649/1208 584/1207
f 649/1208 712/1325 652/1206
f 713/1326 289/783 290/782
f 584/1207 813/1327 651/1324
f 653/1097 524/741 286/1098
f 712/1325 649/1208 288/771
f 883/1328 652/1329 650/1330
f 654/1096 286/1098 287/769
f 716/1331 653/1332 651/1333
f 649/1208 651/1324 654/1108
f 653/1332 654/1096 651/1333
f 641/1296 816/1334 704/1291
f 832/1335 890/1336 833/1337
f 720/1338 297/896 298/925
f 801/968 582/967 795/1211
f 679/907 677/906 838/1339
f 517/1074 741/1073 743/1340
f 305/816 306/812 746/1341
f 658/937 587/820 660/935
f 587/820 658/937 659/1342
f 658/959 305/816 746/1341
f 724/1233 727/818 587/1231
f 677/1343 678/1234 591/1236
f 748/1237 307/814 308/825
f 659/940 661/939 588/601
f 749/1344 308/825 309/795
f 836/1345 750/1346 837/1347
f 339/604 340/606 755/1348
f 665/616 663/615 589/1349
f 589/1349 663/615 664/1350
f 663/615 339/604 755/1348
f 665/1161 589/1349 666/1162
f 337/485 665/616 463/492
f 589/1243 754/1351 668/1241
f 670/1282 669/1281 620/1165
f 619/490 667/1280 557/486
f 665/1161 667/1163 463/492
f 672/1083 671/1352 673/1084
f 668/1353 671/1164 669/1166
f 557/1283 666/1162 669/1281
f 668/1241 669/1166 666/1242
f 683/1354 620/1355 736/1356
f 557/1283 670/1282 406/487
f 516/1357 825/1358 674/1359
f 736/1360 734/1361 735/1362
f 620/1165 671/1164 672/1083
f 671/1164 668/1353 674/1363
f 825/1364 745/1365 673/1366
f 731/1367 723/1368 738/1369
f 516/1357 674/1359 668/1353
f 673/1084 671/1352 674/1363
f 756/1244 341/570 342/569
f 664/1001 675/1003 590/398
f 342/564 343/559 757/1370
f 825/1364 826/1371 745/1365
f 678/1234 677/1343 301/944
f 591/1236 838/1339 677/1343
f 302/919 678/918 301/944
f 678/1234 660/1372 732/1235
f 838/1373 839/1374 759/1375
f 760/1376 845/1377 818/1378
f 680/1379 846/1255 835/1254
f 310/794 763/1380 309/795
f 670/1282 683/1381 406/487
f 856/1382 892/1383 762/1384
f 734/1361 736/1360 386/1385
f 733/1386 734/1387 729/1388
f 620/1355 683/1354 670/1282
f 684/966 682/965 764/1389
f 684/966 764/1389 849/1390
f 767/1272 533/1004 604/488
f 686/443 685/442 355/406
f 646/1215 685/418 594/444
f 686/443 355/406 356/437
f 687/1314 686/443 519/1091
f 881/1259 525/1261 812/1224
f 594/444 687/1314 882/1106
f 313/809 314/853 689/872
f 690/1088 688/810 595/1391
f 771/1128 850/1392 698/1126
f 595/1391 688/810 689/872
f 690/1088 595/1391 851/1393
f 774/1394 592/498 311/500
f 691/1266 408/288 693/287
f 779/1395 692/1396 778/1397
f 773/829 891/750 518/1252
f 696/1143 521/1398 608/1144
f 693/287 529/1119 602/928
f 691/1266 693/287 601/1271
f 607/850 694/753 409/625
f 916/852 606/755 535/869
f 695/1274 607/754 388/295
f 696/1130 695/1142 539/1131
f 542/1140 697/1139 539/1145
f 696/1130 697/1132 853/1399
f 778/807 697/1139 407/276
f 854/1400 853/1401 692/1402
f 606/1276 608/1275 698/1273
f 771/1128 608/1127 521/1398
f 616/1040 424/1053 700/1052
f 701/1033 699/1403 700/987
f 483/388 700/987 454/1032
f 700/987 699/1403 616/1040
f 701/1033 400/354 629/984
f 384/1155 699/821 701/1153
f 348/309 782/1404 639/647
f 782/1405 860/1406 702/1407
f 709/1293 350/316 351/1294
f 703/1408 810/1218 784/1217
f 704/1291 785/1409 786/585
f 873/1410 816/1334 641/1296
f 789/1411 705/780 292/793
f 707/1304 705/780 642/1305
f 581/1412 788/970 706/972
f 705/780 789/1411 642/1305
f 642/1305 788/1413 791/1303
f 793/1414 714/1415 713/1416
f 797/1417 295/886 296/895
f 797/1418 656/1419 798/1420
f 709/1293 647/1292 711/1319
f 783/1421 709/1422 703/1423
f 811/1424 647/1425 875/1426
f 870/1427 909/1428 913/1429
f 811/1316 711/1318 647/1425
f 810/1320 711/1319 710/1317
f 713/1326 712/1070 289/783
f 652/1206 712/1325 650/1330
f 290/782 707/781 713/1326
f 713/1416 707/781 793/1414
f 714/1430 643/1431 911/1432
f 650/1072 713/1071 714/1415
f 880/1311 584/1433 883/1309
f 513/1434 876/1435 879/1436
f 653/1097 716/1331 524/741
f 716/1102 651/1333 813/1103
f 815/1437 717/591 344/587
f 757/1438 717/1439 655/1440
f 814/1226 718/1225 872/1441
f 717/591 815/1437 655/1440
f 720/1338 719/882 297/896
f 797/1418 719/882 656/1419
f 760/916 298/922 299/914
f 656/884 817/1248 586/1442
f 752/1443 750/1444 751/1445
f 722/1077 721/602 515/1446
f 724/1233 722/1232 725/1447
f 659/603 722/1077 587/820
f 725/1447 723/1448 724/1233
f 729/1449 739/1450 738/1451
f 725/1447 722/1232 515/1446
f 724/1233 723/1448 730/1452
f 733/1453 725/1447 515/1446
f 725/1447 733/1453 729/1388
f 726/1454 730/1455 731/1456
f 726/1457 517/1458 839/1459
f 730/1452 727/818 724/1233
f 732/1460 727/1461 726/1462
f 752/1463 721/602 588/601
f 735/1362 734/1361 728/1464
f 739/1465 740/1466 824/1467
f 723/1448 725/1447 729/1388
f 731/1456 730/1455 723/1368
f 727/818 730/1452 726/1462
f 386/1468 739/1450 729/1449
f 726/1457 731/1456 517/1458
f 727/818 732/1460 660/819
f 591/1236 732/1235 726/1462
f 721/602 752/1463 515/1446
f 733/1386 728/639 734/1387
f 728/639 847/641 735/1362
f 386/1385 729/1449 734/1361
f 736/1356 682/965 683/1354
f 672/1083 736/1356 620/1165
f 386/1385 736/1360 672/1083
f 736/1356 735/1362 682/965
f 823/1469 841/1470 888/1471
f 738/1369 741/1073 731/1367
f 729/1449 738/1451 723/1448
f 738/1369 737/1472 741/1073
f 740/1466 739/1465 386/1468
f 737/1472 738/1369 739/1450
f 672/1083 740/1082 386/1385
f 673/1366 745/1365 824/1473
f 744/1474 741/1073 737/1472
f 744/1474 743/1340 741/1073
f 745/1475 744/1474 737/1472
f 753/1476 822/1477 516/1478
f 827/1479 830/1480 742/1481
f 842/1482 840/1483 841/1484
f 737/1472 824/1473 745/1475
f 744/1485 742/1486 888/1487
f 673/1084 674/1363 825/1364
f 744/1474 745/1475 828/1488
f 661/939 746/941 306/812
f 658/937 746/1341 659/1342
f 658/959 747/936 304/933
f 678/1234 747/917 660/1372
f 749/1344 748/1239 308/825
f 661/1076 748/1237 662/874
f 749/1344 309/795 763/1380
f 836/1489 749/1490 835/1491
f 848/1492 859/1493 765/1494
f 682/965 765/1495 764/1389
f 515/1446 751/1089 733/1453
f 848/1492 895/1496 859/1493
f 752/1463 588/601 837/833
f 515/1446 752/1463 751/1089
f 590/1080 887/1228 822/1497
f 516/1357 668/1353 754/1351
f 664/397 754/568 589/1349
f 516/1478 754/1351 753/1476
f 675/1003 755/1002 340/565
f 663/615 755/1348 664/1350
f 757/573 756/572 342/564
f 675/1078 756/1244 676/1079
f 717/1439 757/1438 343/559
f 890/1336 832/1335 889/1498
f 677/945 758/905 300/943
f 760/916 758/915 679/907
f 759/1375 839/1374 840/1499
f 759/1500 842/1501 845/1502
f 845/1377 760/1376 679/907
f 720/1338 298/925 760/916
f 846/1255 680/1379 857/1503
f 763/835 761/830 680/1504
f 891/1505 856/1506 857/1507
f 775/1258 777/1508 387/1256
f 592/498 763/835 310/499
f 763/835 680/1504 835/1254
f 735/1362 847/641 682/965
f 849/1390 764/1389 681/1509
f 765/1494 847/1510 848/1492
f 681/1509 764/1389 765/1495
f 893/1511 858/1512 892/1513
f 766/1514 769/1515 768/1516
f 683/1381 767/1122 406/487
f 684/966 849/1390 768/1270
f 776/1517 769/1515 766/1514
f 533/632 767/1272 768/633
f 601/1117 436/1116 769/1518
f 436/634 768/633 769/1518
f 595/1391 689/872 770/1519
f 689/797 609/799 850/1520
f 521/1277 770/1279 771/1128
f 770/1519 689/872 850/1520
f 595/1391 770/1519 852/1278
f 854/1400 692/1402 855/1521
f 774/1394 773/829 592/498
f 773/1522 690/1088 851/1393
f 312/802 774/1249 311/805
f 773/829 774/1394 690/1088
f 601/1271 776/1523 775/1258
f 892/1383 856/1382 777/1524
f 769/1515 776/1517 601/1117
f 766/1525 893/1526 894/1527
f 894/1528 775/1258 776/1523
f 858/1512 893/1511 681/1529
f 779/1530 597/1113 691/1266
f 697/1139 778/807 692/1396
f 597/1113 779/1530 778/807
f 691/1257 387/1256 779/1530
f 866/1531 865/1532 868/1533
f 898/1534 896/1535 897/1536
f 782/1404 781/1537 639/647
f 897/1204 702/1203 780/1197
f 349/312 782/1404 348/309
f 781/1537 782/1404 702/1203
f 709/1422 783/1421 350/316
f 860/1290 783/317 703/1423
f 780/1197 784/1199 640/1216
f 860/1406 784/1199 702/1407
f 786/585 785/1409 346/577
f 816/1334 785/1409 704/1291
f 347/580 786/645 346/577
f 861/417 639/647 781/415
f 512/1538 896/1535 898/1534
f 864/1212 867/1539 706/1213
f 791/1303 788/1413 581/1412
f 789/1411 788/970 642/1305
f 292/793 293/879 789/1411
f 790/1300 293/1302 644/1066
f 582/1312 790/1214 644/1209
f 706/1213 789/971 790/1214
f 794/1540 791/1303 581/1412
f 791/1303 794/1540 793/1541
f 866/1542 792/1543 794/1544
f 869/1545 792/1543 866/1542
f 793/1414 643/1431 714/1415
f 707/781 791/1303 793/1414
f 581/1546 867/1547 866/1548
f 793/342 794/1540 792/340
f 796/1210 644/1209 294/890
f 801/1549 708/892 800/891
f 294/890 295/886 796/1210
f 797/1417 796/1068 295/886
f 719/894 797/1418 296/895
f 798/1420 656/1419 586/1442
f 802/1550 800/891 798/893
f 708/1067 797/1069 798/893
f 802/1551 586/1552 804/1553
f 899/1554 900/1555 918/1556
f 802/1551 798/893 586/1552
f 905/1295 871/600 512/1557
f 708/1067 801/1549 795/1211
f 800/1558 799/1559 910/1560
f 820/1561 586/1442 817/1248
f 800/891 802/1550 805/1562
f 874/1563 808/1564 809/1565
f 804/1553 805/1562 802/1551
f 804/1553 586/1552 820/1561
f 805/1562 804/1553 803/1229
f 807/1566 808/1567 806/1568
f 805/1562 799/1559 800/891
f 872/1441 585/1569 814/1226
f 914/1570 641/1296 863/584
f 808/1567 807/1566 803/1229
f 918/1556 900/1555 806/1571
f 844/1572 808/1567 803/1229
f 808/1564 514/1245 809/1565
f 742/1481 828/1573 827/1479
f 585/1569 872/1441 874/1574
f 709/1321 810/1320 703/1423
f 907/1575 810/1320 710/1317
f 876/1576 811/1424 875/1426
f 883/1309 886/1577 513/1310
f 716/1102 812/1104 526/449
f 881/1259 812/1224 715/1578
f 880/1311 813/1327 584/1433
f 813/1103 715/1578 812/1104
f 890/1579 814/1226 585/1569
f 815/1437 814/1226 655/1440
f 344/587 345/589 815/1437
f 345/578 785/590 816/1334
f 718/1225 815/1227 816/1580
f 345/578 816/1334 815/1437
f 720/883 818/1581 817/1248
f 818/1582 819/1583 820/1584
f 760/1376 818/1378 720/1338
f 819/1583 818/1582 657/1585
f 842/1482 841/1484 657/1586
f 803/1085 819/1087 844/1572
f 818/1582 820/1584 817/1248
f 804/1553 820/1561 819/1087
f 676/574 757/573 889/1587
f 831/1246 829/1588 809/1247
f 590/1080 822/1497 753/396
f 826/1371 825/1364 822/1589
f 843/1590 823/1591 844/1592
f 843/1593 657/1586 841/1484
f 739/1465 824/1467 737/1472
f 673/1366 824/1473 740/1082
f 516/1357 822/1477 825/1358
f 826/1371 822/1589 821/1594
f 827/1595 826/1371 821/1594
f 828/1573 826/1371 827/1479
f 827/1595 821/1594 829/1596
f 830/1597 823/1469 888/1471
f 744/1474 828/1488 742/1486
f 745/1475 826/1371 828/1488
f 834/1598 829/1596 821/1594
f 874/1574 833/1599 585/1569
f 831/1246 827/1595 829/1588
f 514/1600 823/1469 830/1597
f 514/1245 830/1597 831/1246
f 827/1595 831/1246 830/1480
f 834/1601 887/1602 832/1603
f 757/1438 655/1440 890/1604
f 809/1247 829/1588 833/1605
f 833/1605 829/1588 834/1598
f 887/1602 834/1601 821/1594
f 833/1605 834/1598 832/1335
f 836/1489 835/1491 593/1253
f 763/1380 835/1254 749/1344
f 836/1489 593/1253 895/1606
f 662/1238 749/1240 836/1489
f 836/1345 837/1347 662/1238
f 752/1463 837/833 750/1444
f 839/1374 838/1373 591/1236
f 845/1502 838/1373 759/1500
f 726/1457 839/1459 591/1236
f 840/1499 839/1374 517/1458
f 517/1074 743/1340 840/1499
f 840/1483 743/1340 841/1484
f 888/1471 841/1470 743/1340
f 843/1593 841/1484 823/1591
f 842/1501 657/1586 845/1502
f 840/1483 842/1482 759/1375
f 844/1592 823/1591 514/1600
f 657/1586 843/1593 819/1583
f 844/1592 514/1600 808/1567
f 819/1583 843/1593 844/1572
f 679/907 838/1339 845/1377
f 818/1378 845/1377 657/1585
f 857/1503 680/1379 761/1251
f 846/1607 762/1384 892/1383
f 848/1492 847/1510 751/1089
f 682/965 847/641 765/1495
f 751/1089 750/1444 848/1492
f 895/1496 858/1608 859/1493
f 893/1511 849/1390 681/1529
f 768/1516 849/1390 766/1514
f 698/1126 850/1392 609/1094
f 770/1279 850/1520 771/1128
f 852/1278 851/1264 595/1391
f 773/751 851/1393 772/749
f 853/1609 852/1278 521/1277
f 854/1400 852/1278 853/1401
f 696/1130 853/1399 521/1398
f 692/1402 853/1401 697/1139
f 692/1402 779/1395 855/1521
f 772/1263 852/1265 854/1400
f 855/1269 387/1268 856/1610
f 854/1400 855/1521 891/1611
f 777/1508 856/1382 387/1256
f 857/1507 856/1506 762/1384
f 846/1255 857/1503 762/1384
f 857/1507 518/1252 891/1505
f 681/1509 765/1495 859/1493
f 846/1255 858/1612 593/1253
f 895/1496 848/1492 750/1444
f 681/1529 859/1493 858/1512
f 860/1290 703/1423 784/1199
f 782/1404 349/312 860/1406
f 580/1613 862/1614 904/1615
f 786/645 639/647 861/417
f 580/1613 896/1616 862/1614
f 799/1617 900/1618 902/1619
f 904/586 786/585 861/417
f 863/584 904/586 914/1570
f 871/969 864/599 582/967
f 867/1539 864/1212 787/598
f 640/1620 868/1621 906/1622
f 865/1532 866/1531 867/1547
f 581/1412 866/1548 794/1540
f 865/1532 906/1622 868/1533
f 706/1213 867/1539 581/1412
f 867/1539 787/598 905/1295
f 710/1317 908/1623 907/1575
f 866/1542 868/1533 869/1545
f 868/1307 907/1624 870/1308
f 870/1427 913/1429 869/1306
f 908/1623 870/1308 907/1575
f 886/1577 909/1625 513/1310
f 910/1560 801/1549 800/1558
f 902/1626 903/1627 910/1628
f 873/1299 872/1298 718/1225
f 874/1574 872/1441 806/1629
f 816/1580 873/1410 718/1225
f 914/1570 918/1630 641/1296
f 808/1564 874/1563 806/1568
f 874/1574 809/1565 833/1599
f 648/346 875/1313 647/1292
f 876/1576 875/1426 583/1322
f 884/1315 583/1322 645/453
f 909/1625 876/1435 513/1310
f 879/1436 876/1435 884/1631
f 878/1105 687/1107 571/1092
f 525/1184 878/1260 571/1178
f 882/1106 878/1105 877/1632
f 884/1631 876/1435 583/1322
f 877/1186 881/1633 880/1187
f 880/1311 715/1578 813/1327
f 513/1434 879/1436 880/1311
f 880/1187 881/1633 715/1578
f 877/1186 878/1105 881/1633
f 882/1106 877/1632 879/1185
f 882/1106 646/1215 594/444
f 652/1206 883/1328 584/1207
f 650/1072 714/1415 911/1432
f 646/1262 882/1106 884/1315
f 879/1185 884/1631 882/1106
f 885/1220 911/1219 912/1634
f 870/1308 908/1623 909/1428
f 911/1219 886/1221 883/1309
f 909/1625 886/1577 885/1220
f 887/1228 676/1079 889/1587
f 822/1589 887/1228 821/1594
f 744/1485 888/1487 743/1340
f 830/1480 888/1471 742/1481
f 890/1604 889/1498 757/1438
f 887/1602 889/1587 832/1603
f 814/1226 890/1579 655/1440
f 833/1599 890/1336 585/1569
f 854/1400 891/1611 772/1263
f 891/1611 855/1521 856/1506
f 893/1511 892/1513 777/1524
f 846/1607 892/1383 858/1612
f 894/1527 893/1526 777/1524
f 849/1390 893/1511 766/1514
f 775/1258 894/1528 777/1508
f 766/1514 894/1527 776/1517
f 836/1345 895/1606 750/1346
f 858/1608 895/1496 593/1253
f 897/1536 896/1535 580/1613
f 901/1635 899/1636 914/1637
f 781/1205 897/1204 580/416
f 898/1534 897/1536 780/1197
f 906/1638 898/1534 780/1197
f 905/1639 898/1640 865/1641
f 862/1614 896/1616 901/1642
f 806/1571 900/1555 807/1566
f 902/1619 900/1618 899/1554
f 805/1200 900/1202 799/1559
f 896/1616 512/1538 901/1642
f 512/1557 871/600 903/1643
f 899/1636 901/1635 902/1619
f 903/1627 902/1626 901/1635
f 512/1538 903/1643 901/1642
f 903/1643 871/600 910/1628
f 580/416 904/1615 861/417
f 904/1615 862/1614 914/1570
f 898/1640 905/1639 512/1538
f 867/1547 905/1295 865/1532
f 898/1640 906/1638 865/1641
f 640/1216 906/1622 780/1197
f 868/1307 640/1620 907/1624
f 907/1575 640/1620 810/1320
f 710/1317 811/1316 908/1623
f 909/1428 908/1623 811/1316
f 909/1625 811/1316 876/1435
f 909/1428 885/1220 913/1429
f 910/1560 799/1559 902/1626
f 801/968 910/1560 871/969
f 911/1432 883/1309 650/1072
f 912/1634 911/1219 643/1431
f 793/1414 912/341 643/1431
f 792/1543 869/1545 913/1429
f 885/1220 912/1634 913/1429
f 913/1429 912/1634 792/1543
f 901/1635 914/1637 862/1614
f 914/1637 899/1636 918/1630
f 317/844 915/842 316/845
f 915/842 318/840 319/623
f 694/1124 916/852 439/648
f 535/869 915/871 916/852
f 917/1055 381/973 503/1056
f 917/1055 575/259 574/1041
f 872/1441 918/1297 806/1629
f 918/1630 873/1299 641/1296
f 1291/1644 1180/1645 1067/1646
f 957/1647 958/1648 1072/1649
f 956/1650 957/1651 1071/1652
f 1235/1653 1236/1654 1207/1655
f 1182/1656 1091/1657 1246/1658
f 954/1659 955/1660 1069/1661
f 1155/1662 1210/1663 1237/1664
f 952/1665 953/1666 1067/1667
f 954/1668 1068/1669 953/1670
f 1433/1671 1417/1672 1247/1673
f 956/1674 1070/1675 955/1676
f 1286/1677 1287/1678 1415/1679
f 1211/1680 1212/1681 1089/1682
f 950/1683 951/1684 1065/1685
f 1151/1686 1150/1687 1071/1688
f 948/1689 949/1690 1063/1691
f 950/1692 1064/1693 949/1694
f 1235/1695 1176/1696 1149/1697
f 1463/1698 1464/1699 1412/1700
f 946/1701 947/1702 1062/1703
f 1129/1704 1201/1705 1128/1706
f 944/1707 945/1708 1059/1709
f 946/1710 1061/1711 945/1712
f 1145/1713 1143/1714 1146/1715
f 948/1716 1062/1703 947/1702
f 1292/1717 1291/1718 1176/1719
f 952/1720 1066/1721 951/1722
f 1217/1723 1353/1724 1162/1725
f 1051/1726 1050/1727 935/1728
f 1154/1729 1136/1730 1152/1731
f 1061/1732 1188/1733 1060/1734
f 936/1735 1051/1726 935/1728
f 933/1736 934/1737 1050/1738
f 1131/1739 1132/1740 1144/1741
f 1308/1742 1050/1727 1051/1726
f 1050/1738 1049/1743 933/1736
f 934/1737 935/1728 1050/1738
f 933/1736 1049/1743 932/1744
f 936/1745 937/1746 1052/1747
f 1253/1748 1252/1749 1227/1750
f 1175/1751 1176/1752 1069/1753
f 942/1754 943/1755 1057/1756
f 1152/1731 1136/1730 1151/1757
f 940/1758 941/1759 1056/1760
f 942/1754 1057/1756 941/1761
f 1176/1752 1068/1762 1069/1753
f 1053/1763 1052/1747 937/1746
f 936/1735 1052/1747 1051/1726
f 937/1746 938/1764 1053/1763
f 939/1765 1054/1766 938/1767
f 1287/1678 1286/1677 1167/1768
f 1300/1769 1301/1770 1303/1771
f 939/1772 940/1773 1055/1774
f 1065/1775 1184/1776 1064/1777
f 1190/1778 1191/1779 1468/1780
f 1306/1781 1309/1782 1304/1783
f 944/1784 1058/1785 943/1786
f 1129/1787 1130/1788 1146/1789
f 959/1790 960/1791 1072/1792
f 1145/1793 1198/1794 1170/1795
f 1072/1792 960/1791 1073/1796
f 1071/1652 957/1651 1072/1649
f 1069/1661 955/1660 1070/1675
f 1151/1797 1073/1798 1074/1799
f 1074/1800 1075/1801 1152/1802
f 1070/1803 1071/1688 1150/1687
f 1071/1652 1072/1649 1073/1796
f 1068/1762 954/1668 1069/1753
f 960/1791 961/1804 1073/1796
f 1070/1675 956/1674 1071/1688
f 961/1805 962/1806 1075/1807
f 1054/1808 1337/1809 1294/1810
f 962/1811 963/1812 1076/1813
f 1020/1814 1021/1815 1663/1816
f 1225/1817 1079/1818 1080/1819
f 1077/1820 963/1821 964/1822
f 1149/1823 1175/1824 1150/1825
f 1075/1801 1074/1800 961/1805
f 1070/1675 1175/1751 1069/1661
f 1077/1820 1076/1813 963/1821
f 1075/1807 962/1806 1076/1813
f 1152/1802 1151/1757 1074/1800
f 1179/1826 1178/1827 1208/1828
f 961/1804 1074/1800 1073/1796
f 1404/1829 1406/1830 1227/1831
f 1286/1677 1078/1832 1167/1768
f 1066/1721 952/1720 1067/1667
f 1179/1833 1086/1834 1087/1835
f 1064/1693 950/1692 1065/1775
f 1067/1646 1180/1645 1066/1721
f 1068/1762 1176/1752 1291/1718
f 1065/1685 951/1684 1066/1721
f 1054/1808 1055/1836 1337/1809
f 1054/1766 1053/1763 938/1767
f 1062/1703 948/1716 1063/1691
f 1182/1656 1090/1837 1091/1657
f 1064/1693 1063/1691 949/1694
f 946/1701 1062/1703 1061/1711
f 1065/1775 1214/1838 1184/1776
f 953/1666 1068/1669 1067/1667
f 1060/1734 945/1712 1061/1732
f 1063/1691 1183/1839 1062/1703
f 1058/1785 944/1784 1059/1709
f 1186/1840 1094/1841 1095/1842
f 1239/1843 1188/1733 1061/1732
f 1059/1709 945/1708 1060/1734
f 941/1759 1057/1756 1056/1760
f 1059/1709 1187/1844 1058/1785
f 1055/1836 1054/1808 939/1772
f 1099/1845 1100/1846 1435/1847
f 1221/1848 1222/1849 1191/1850
f 1055/1774 940/1773 1056/1760
f 1262/1851 1060/1734 1188/1733
f 1057/1756 943/1755 1058/1785
f 1261/1852 1064/1777 1184/1776
f 1337/1853 1190/1854 1192/1855
f 1054/1808 1294/1810 1053/1763
f 1072/1649 958/1648 959/1790
f 1197/1856 1199/1857 1135/1858
f 1052/1859 1301/1860 1309/1861
f 927/1862 1044/1863 926/1864
f 1189/1865 1092/1866 1093/1867
f 1255/1868 1236/1869 1154/1870
f 928/1871 1045/1872 927/1873
f 925/1874 926/1875 1043/1876
f 1241/1877 1243/1878 1159/1879
f 1552/1880 1043/1881 1044/1882
f 1043/1876 1042/1883 925/1874
f 1043/1876 926/1875 1044/1882
f 925/1874 1042/1883 924/1884
f 928/1885 929/1886 1046/1887
f 1193/1888 1096/1889 1097/1890
f 931/1891 932/1892 1048/1893
f 1149/1823 1150/1825 1136/1894
f 1449/1895 1045/1896 1549/1897
f 1048/1893 1047/1898 931/1891
f 932/1744 1049/1743 1048/1893
f 931/1891 1047/1898 930/1899
f 929/1886 930/1900 1046/1887
f 927/1873 1045/1872 1044/1863
f 1449/1895 1044/1863 1045/1896
f 1045/1872 928/1871 1046/1887
f 930/1899 1047/1898 1046/1887
f 1552/1901 1506/1902 1553/1903
f 1550/1904 1552/1905 1449/1906
f 1076/1813 1077/1820 1177/1907
f 1361/1908 1621/1909 1359/1910
f 1047/1898 1496/1911 1046/1887
f 1341/1912 1202/1913 1229/1914
f 1382/1915 1379/1916 1164/1917
f 1039/1918 920/1919 921/1920
f 1038/1921 919/1922 920/1923
f 192/1924 919/1925 1037/1926
f 1221/1927 1056/1760 1057/1756
f 1037/1928 1519/1929 1518/1930
f 1037/1926 1036/1931 192/1924
f 1037/1926 919/1925 1038/1921
f 192/1924 1036/1931 193/1932
f 921/1933 922/1934 1040/1935
f 1170/1936 1199/1937 1252/1938
f 923/1939 924/1940 1041/1941
f 1213/1942 1158/1943 1377/1944
f 1498/1945 1500/1946 1040/1947
f 1040/1935 922/1934 1041/1948
f 924/1884 1042/1883 1041/1941
f 1040/1935 1039/1918 921/1933
f 1039/1918 1040/1935 1500/1946
f 1038/1921 920/1923 1039/1918
f 193/1949 1035/1950 194/1951
f 193/1932 1036/1931 1035/1950
f 1500/1946 1520/1952 1039/1918
f 1565/1953 1560/1954 1609/1955
f 1498/1945 1040/1947 1041/1948
f 923/1939 1041/1941 922/1934
f 1140/1956 1269/1957 1249/1958
f 1190/1854 1165/1959 1192/1855
f 1497/1960 1445/1961 1496/1962
f 1273/1963 1158/1964 1215/1965
f 194/1966 1034/1967 195/1968
f 1034/1967 194/1966 1035/1950
f 195/1968 1034/1967 1033/1969
f 1180/1645 1291/1644 1293/1970
f 1033/1969 196/1971 195/1968
f 196/1971 1033/1969 1032/1972
f 1032/1972 197/1973 196/1971
f 197/1973 1032/1972 1031/1974
f 1119/1975 1120/1976 1231/1977
f 1199/1857 1134/1978 1135/1858
f 1517/1979 1610/1980 1512/1981
f 1232/1982 1203/1983 1231/1984
f 1031/1974 198/1985 197/1973
f 198/1985 1031/1974 1030/1986
f 198/1985 1030/1986 199/1987
f 1027/1988 1028/1989 1414/1990
f 1031/1974 1460/1991 1030/1986
f 199/1987 1030/1986 1029/1992
f 1289/1993 1153/1994 1255/1995
f 199/1987 1029/1992 200/1996
f 200/1997 1028/1998 201/1999
f 1402/2000 1281/2001 1395/2002
f 1029/1992 1028/1998 200/1996
f 201/1999 1028/1998 1027/1988
f 1513/2003 1460/2004 1462/2005
f 1181/2006 1182/2007 1374/2008
f 1034/1967 1514/2009 1033/1969
f 1189/2010 1185/2011 1218/2012
f 1117/2013 1118/2014 1343/2015
f 201/1999 1027/1988 202/2016
f 202/2017 1026/2018 203/2019
f 1394/2020 1395/2002 1281/2001
f 1026/2018 202/2017 1027/1988
f 203/2019 1026/2018 1025/2021
f 1227/1750 1252/1749 1365/2022
f 203/2019 1025/2021 204/2023
f 1024/2024 205/2025 204/2026
f 205/2025 1024/2024 1023/2027
f 1025/2021 1024/2024 204/2023
f 1228/2028 1200/2029 1348/2030
f 1024/2024 1394/2031 1023/2027
f 1286/2032 1177/1907 1077/1820
f 1023/2027 206/2033 205/2025
f 206/2033 1023/2027 1022/2034
f 206/2033 1022/2034 102/2035
f 1022/2034 1023/2027 1664/2036
f 100/2037 1021/1815 1020/1814
f 101/2038 1022/2039 1021/2040
f 1186/2041 1161/2042 1356/2043
f 101/2038 102/2035 1022/2039
f 1372/2044 1370/2045 1155/2046
f 1020/1814 99/2047 100/2037
f 101/2038 1021/2040 100/2037
f 1089/1682 1212/1681 1088/2048
f 1664/2049 1394/2050 1663/2051
f 1266/2052 1224/2053 1251/2054
f 1401/2055 1282/2056 1399/2057
f 1191/1850 1222/1849 1264/2058
f 1032/1972 1033/1969 1463/2059
f 1180/2060 1240/2061 1214/2062
f 1469/2063 1048/1893 1049/1743
f 1057/1756 1058/1785 1222/2064
f 1077/1820 964/1822 1078/2065
f 1169/2066 1396/2067 1365/2068
f 1079/2069 1078/2070 965/2071
f 965/2071 1078/2070 964/1822
f 1176/1752 1175/1751 1149/1697
f 1079/2069 965/2071 966/2072
f 1185/2073 1216/2074 1186/2075
f 1218/2076 1219/2077 1164/2078
f 1094/1841 984/2079 1095/1842
f 984/2079 1094/1841 983/2080
f 1181/2006 1211/2081 1182/2007
f 1095/1842 984/2079 985/2082
f 1079/2069 966/2072 1080/1819
f 1193/2083 1250/2084 1248/2085
f 1092/2086 1091/2087 981/2088
f 1094/2089 1216/2090 1093/2091
f 1196/2092 1083/2093 1194/2094
f 1375/2095 1271/2096 1384/2097
f 1272/2098 1158/2099 1268/2100
f 981/2088 1091/2087 980/2101
f 1093/2091 983/2080 1094/2089
f 983/2080 1093/2091 982/2102
f 1133/2103 1145/2104 1132/2105
f 982/2102 1093/2091 1092/1866
f 1092/1866 981/2088 982/2102
f 1198/2106 1133/2107 1134/2108
f 1494/2109 1411/2110 1558/2111
f 1225/2112 1226/2113 1196/2114
f 966/2072 967/2115 1080/1819
f 1172/2116 1146/1715 1143/1714
f 1097/1890 1096/1889 986/2117
f 1193/2083 1248/2085 1166/2118
f 986/2117 1096/1889 985/2119
f 1097/1890 986/2117 987/2120
f 1335/2121 1317/2122 1322/2123
f 1099/2124 1098/2125 987/2126
f 1099/1845 988/2127 1100/1846
f 987/2126 988/2127 1099/2124
f 1098/2125 1097/1890 987/2126
f 1334/2128 1300/2129 1296/2130
f 1244/2131 1183/1839 1063/1691
f 1354/2132 1352/2133 1139/2134
f 1055/1774 1056/1760 1190/2135
f 1163/2136 1217/2137 1188/2138
f 1101/2139 989/2140 1102/2141
f 1101/2139 1100/2142 989/2140
f 1085/2143 1086/2144 1208/2145
f 989/2140 1100/2142 988/2127
f 1102/2146 990/2147 991/2148
f 990/2147 1102/2146 989/2140
f 1103/2149 991/2150 992/2151
f 991/2150 1103/2149 1102/2146
f 1397/2152 1025/2021 1026/2018
f 1318/2153 1329/2154 1307/2155
f 1132/2105 1145/2104 1144/1741
f 1319/2156 1323/2157 1332/2158
f 1096/1889 1095/1842 985/2119
f 1302/2159 1314/2160 1308/2161
f 980/2101 1091/2087 1090/1837
f 1323/2157 1319/2156 1317/2162
f 1084/2163 1194/2094 1083/2093
f 1082/2164 1083/2093 1196/2092
f 974/2165 1084/2166 973/2167
f 1195/2168 1338/2169 1168/2170
f 1086/2144 1085/2143 975/2171
f 1154/2172 1290/2173 1289/2174
f 1214/2062 1066/1721 1180/2060
f 974/2175 975/2171 1085/2143
f 1085/2143 1084/2166 974/2175
f 1086/2144 975/2171 976/2176
f 1084/2166 1083/2093 973/2167
f 1371/2177 1288/2178 1339/2179
f 1081/2180 968/2181 970/2182
f 968/2181 1081/2180 967/2183
f 1150/1687 1175/1824 1070/1803
f 969/2184 970/2182 968/2181
f 1189/2185 1164/2186 1220/2187
f 1081/2180 970/2182 971/2188
f 1083/2093 972/2189 973/2167
f 972/2189 1083/2093 1082/2164
f 1257/2190 1213/2191 1239/2192
f 971/2193 972/2189 1082/2164
f 1082/2164 1081/2180 971/2193
f 1096/1889 1193/1888 1266/2194
f 1221/1927 1190/2135 1056/1760
f 1226/2195 1081/2180 1082/2164
f 1159/2196 1273/2197 1184/2198
f 1167/2199 1225/2200 1340/2201
f 979/2202 980/2101 1090/1837
f 979/2203 1089/2204 978/2205
f 1088/2048 978/2205 1089/1682
f 978/2205 1088/2048 977/2206
f 1274/2207 1160/2208 1267/2209
f 1136/1730 1150/1825 1151/1757
f 1154/2172 1289/2174 1255/1868
f 1103/2149 992/2151 1104/2210
f 992/2151 1105/2211 1104/2210
f 1030/1986 1513/2212 1029/1992
f 992/2151 993/2213 1105/2211
f 1321/2214 1393/2215 1643/2216
f 1256/2217 1137/2218 1366/2219
f 1090/1837 1089/2204 979/2202
f 1152/1802 1075/1801 1290/2220
f 977/2221 1087/2222 976/2223
f 1350/2224 1270/2225 1209/2226
f 1151/1797 1071/1688 1073/1798
f 1087/2222 1086/1834 976/2223
f 977/2206 1088/2048 1087/2222
f 1106/2227 994/2228 1107/2229
f 1106/2227 1105/2230 994/2228
f 1107/2231 995/2232 1108/2233
f 995/2232 1107/2231 994/2228
f 1076/1813 1290/2220 1075/1807
f 1503/2234 1543/2235 1545/2236
f 1092/1866 1189/1865 1263/2237
f 994/2228 1105/2230 993/2213
f 1211/1680 1089/1682 1090/1837
f 1470/2238 1469/2063 1049/1743
f 1238/2239 1087/2222 1088/2048
f 967/2183 1081/2180 1080/1819
f 1179/2240 1237/1664 1210/1663
f 1508/2241 1451/2242 1507/2243
f 1108/2244 996/2245 997/2246
f 996/2245 1108/2244 995/2232
f 1259/2247 1137/2248 1369/2249
f 1108/2244 997/2246 1109/2250
f 1111/2251 1112/2252 1501/2253
f 1110/2254 1109/2255 998/2256
f 998/2256 1111/2257 1110/2254
f 1111/2257 998/2256 999/2258
f 1109/2255 997/2246 998/2256
f 1448/2259 1501/2260 1502/2261
f 1138/2262 1276/2263 1272/2264
f 1501/2265 1503/2266 1540/2267
f 1000/2268 1111/2257 999/2258
f 1111/2251 1000/2268 1112/2252
f 1000/2268 1001/2269 1112/2252
f 1161/2270 1430/2271 1354/2272
f 1380/2273 1139/2274 1351/2275
f 1112/2252 1001/2269 1113/2276
f 1116/2277 1428/2278 1115/2279
f 1113/2276 1001/2269 1114/2280
f 1114/2281 1002/2282 1115/2283
f 1458/2284 1457/2285 1510/2286
f 1001/2269 1002/2282 1114/2280
f 1115/2283 1002/2282 1003/2287
f 1186/1840 1095/1842 1251/2288
f 1114/2289 1524/2290 1523/2291
f 1260/2292 1159/1879 1243/1878
f 1115/2279 1428/2278 1524/2293
f 1020/2294 1135/2295 98/2296
f 1281/2297 1396/2298 1663/2299
f 1198/1794 1199/1937 1170/1795
f 1135/1858 1134/1978 97/2300
f 1182/2007 1157/2301 1374/2008
f 98/2296 1135/2295 97/2300
f 96/2302 1133/2303 95/2304
f 96/2305 97/2300 1134/1978
f 1133/2303 96/2302 1134/2108
f 1217/2306 1245/2307 1262/2308
f 1170/1795 1143/1714 1145/1793
f 1020/1814 98/2296 99/2047
f 1133/2107 1198/2106 1145/2104
f 1132/2105 94/2309 1133/2103
f 1131/1739 1144/1741 1130/2310
f 1116/2277 1115/2279 1003/2287
f 1003/2287 1004/2311 1116/2277
f 1343/2312 1342/2313 1426/2314
f 1263/2315 1220/2316 1246/2317
f 1133/2103 94/2309 95/2304
f 1264/2318 1162/2319 1247/2320
f 1131/2321 92/2322 93/2323
f 1132/2105 93/2324 94/2309
f 1250/2325 1097/1890 1098/2125
f 1116/2277 1004/2311 1117/2326
f 1232/2327 1362/2328 1360/2329
f 1116/2277 1117/2326 1426/2330
f 1357/2331 1419/2332 1420/2333
f 1065/1775 1066/1721 1214/1838
f 1107/2231 1108/2233 1507/2334
f 1359/2335 1203/1983 1232/1982
f 1233/2336 1118/2337 1119/2338
f 1121/2339 1120/2340 1008/2341
f 1436/2342 1360/2329 1362/2328
f 1206/2343 1124/2344 1125/2345
f 1364/2346 1206/2347 1363/2348
f 1126/2349 1127/2350 1228/2351
f 1011/2352 1123/2353 1122/2354
f 1122/2355 1121/2356 1010/2357
f 1124/2358 1123/2353 1011/2352
f 1118/2014 1117/2013 1005/2359
f 1128/2360 1202/2361 1127/2362
f 1118/2337 1006/2363 1119/2338
f 1006/2363 1118/2337 1005/2359
f 1006/2363 1007/2364 1119/2338
f 1167/2199 1079/1818 1225/2200
f 1663/1816 1197/2365 1020/1814
f 1119/2338 1007/2364 1008/2366
f 1010/2357 1121/2356 1009/2367
f 1121/2339 1008/2341 1009/2367
f 1011/2352 1122/2354 1010/2357
f 1208/2145 1195/2368 1085/2143
f 1441/2369 1338/2169 1195/2168
f 1437/2370 1480/2371 1482/2372
f 1340/2373 1196/2374 1168/2375
f 1119/1975 1008/2366 1120/1976
f 1117/2013 1004/2311 1005/2359
f 1124/2358 1011/2352 1012/2376
f 1020/2294 1197/2365 1135/2295
f 1128/1706 1201/1705 1202/2361
f 1172/2116 1201/2377 1146/1715
f 1016/2378 1128/2360 1127/2362
f 1127/2350 1126/2349 1015/2379
f 1016/2378 1129/1704 1128/2360
f 1145/2104 1146/1715 1144/1741
f 1130/1788 1129/1787 1018/2380
f 1131/2381 1018/2382 1019/2383
f 1018/2382 1131/2381 1130/1788
f 1018/2380 1129/1787 1017/2384
f 1131/1739 93/2323 1132/1740
f 1126/2385 1125/2386 1014/2387
f 1130/1788 1144/1741 1146/1789
f 1014/2387 1125/2386 1013/2388
f 1195/2368 1084/2166 1085/2143
f 1016/2378 1127/2362 1015/2379
f 1195/2168 1168/2170 1194/2389
f 1227/1750 1365/2022 1404/1829
f 1015/2379 1126/2349 1014/2387
f 1019/2383 39/2390 1131/2381
f 1183/1839 1257/2391 1062/1703
f 1261/2392 1215/2393 1244/2394
f 1351/2395 1217/2137 1163/2136
f 1016/2378 1017/2384 1129/1704
f 1195/2168 1194/2389 1084/2166
f 1213/1942 1183/2396 1158/1943
f 1125/2345 1124/2344 1013/2388
f 1124/2344 1012/2376 1013/2388
f 1131/2321 39/2390 92/2322
f 1196/2374 1194/2094 1168/2375
f 1233/2336 1119/2338 1231/1977
f 1189/1865 1093/1867 1216/2090
f 1193/2083 1166/2118 1224/2397
f 1199/1857 1197/1856 1169/2398
f 1078/2070 1079/2069 1167/1768
f 1199/1857 1198/1794 1134/1978
f 1297/2399 1425/2400 1296/2401
f 1347/2402 1200/2403 1458/2404
f 1125/2345 1348/2405 1206/2343
f 1146/1715 1201/2377 1129/1787
f 1202/2361 1201/1705 1172/2116
f 1229/1914 1202/1913 1172/2116
f 1228/2028 1202/2406 1200/2029
f 1232/2407 1120/2340 1121/2339
f 1345/2408 1578/2409 1344/2410
f 1254/2411 1122/2354 1123/2353
f 1363/2412 1174/2413 1474/2414
f 1620/2415 1619/2416 1572/2417
f 1565/2418 1564/2419 1567/2420
f 1125/2386 1126/2385 1348/2405
f 1206/2347 1174/2413 1363/2348
f 1207/2421 1255/2422 1256/2423
f 1366/2219 1137/2218 1367/2424
f 1179/1826 1208/1828 1086/1834
f 1195/2368 1208/2145 1178/1827
f 1179/2240 1238/2425 1237/1664
f 1238/2426 1212/2427 1350/2428
f 1370/2045 1210/1663 1155/2046
f 1178/1827 1179/1826 1210/1663
f 1182/2007 1211/2081 1090/1837
f 1212/1681 1211/1680 1181/2006
f 1181/2006 1349/2429 1212/1681
f 1212/1681 1349/2429 1350/2428
f 1377/1944 1158/1943 1272/2098
f 1188/2138 1213/2430 1163/2136
f 1240/2061 1180/2060 1156/2431
f 1184/1776 1214/1838 1241/2432
f 1268/2433 1159/1879 1260/2292
f 1183/2396 1215/1965 1158/1943
f 1186/2075 1216/2074 1094/1841
f 1189/1865 1216/2090 1185/2011
f 1162/1725 1187/2434 1217/1723
f 1059/1709 1245/2435 1187/1844
f 1185/2073 1186/2075 1356/2043
f 1164/2078 1189/2185 1218/2076
f 1356/2043 1218/2012 1185/2073
f 1429/2436 1161/2270 1354/2272
f 1164/1917 1379/1916 1381/2437
f 1182/2007 1220/2438 1157/2301
f 1222/2064 1221/1848 1057/1756
f 1190/2135 1221/1927 1191/1779
f 1058/1785 1187/1844 1222/2064
f 1162/1725 1222/2064 1187/2434
f 1099/1845 1435/1847 1250/2439
f 1248/2440 1223/2441 1249/2442
f 1432/2443 1431/2444 1430/2445
f 1251/2288 1161/2042 1186/1840
f 1226/2113 1225/2112 1080/1819
f 1225/2200 1196/2114 1340/2201
f 1081/2180 1226/2195 1080/1819
f 1196/2092 1226/2113 1082/2164
f 1142/2446 1402/2447 1400/2448
f 1171/2449 1229/2450 1230/2451
f 1202/2406 1228/2028 1127/2362
f 1348/2030 1200/2029 1347/2402
f 1358/2452 1172/2116 1143/1714
f 1341/1912 1229/1914 1171/2449
f 1358/2452 1229/1914 1172/2116
f 1252/1749 1253/1748 1170/1936
f 1232/2407 1231/1984 1120/2340
f 1233/2336 1231/1977 1203/1983
f 1121/2356 1122/2355 1362/2453
f 1203/1983 1359/2335 1173/2454
f 1345/2455 1203/1983 1173/2454
f 1522/2456 1205/2457 1472/2458
f 1123/2353 1124/2358 1364/2459
f 1474/2414 1476/2460 1363/2412
f 1149/1823 1136/1894 1236/2461
f 1235/1653 1207/1655 1292/2462
f 1149/1697 1236/2461 1235/1695
f 1136/1894 1154/1729 1236/2461
f 1238/2425 1179/2240 1087/2222
f 1270/2225 1237/2463 1209/2226
f 1212/1681 1238/2426 1088/2048
f 1237/2463 1238/2425 1209/2226
f 1062/1703 1239/1843 1061/1711
f 1213/2430 1188/2138 1239/2192
f 1267/2464 1375/2465 1260/2466
f 1184/2198 1241/2432 1159/2196
f 1214/2062 1240/2061 1241/2432
f 1258/2467 1240/2061 1156/2431
f 1243/2468 1258/2469 1368/2470
f 1156/2471 1259/2472 1368/2473
f 1258/2469 1243/2468 1241/1877
f 1260/2292 1243/1878 1242/2474
f 1064/1693 1244/2131 1063/1691
f 1215/1965 1183/2396 1244/2394
f 1060/1734 1245/2435 1059/1709
f 1217/1723 1187/2434 1245/2307
f 1092/2086 1246/1658 1091/2087
f 1220/2438 1182/2007 1246/2317
f 1353/1724 1352/2475 1162/1725
f 1417/2476 1265/2477 1269/2478
f 1250/2084 1193/2083 1097/1890
f 1424/2479 1331/2480 1295/2481
f 1140/1956 1417/2476 1269/1957
f 1166/2118 1248/2085 1249/2442
f 1099/2124 1250/2439 1098/2125
f 1248/2085 1250/2084 1223/2441
f 1096/1889 1251/2288 1095/1842
f 1161/2042 1251/2288 1224/2053
f 1199/1857 1169/2398 1365/2068
f 1253/1748 1227/1750 1230/2482
f 1358/2483 1253/1748 1230/2482
f 1143/1714 1170/1795 1253/1748
f 1254/2411 1123/2353 1364/2459
f 1362/2484 1254/2485 1234/2486
f 1153/1994 1416/2487 1255/1995
f 1207/1655 1236/1654 1255/2422
f 1416/2488 1415/2489 1288/2490
f 1416/2491 1371/2492 1256/2493
f 1213/1942 1257/2190 1183/2396
f 1239/1843 1062/1703 1257/2190
f 1240/2061 1258/2467 1241/2432
f 1438/2494 1366/2219 1367/2424
f 1155/1662 1237/1664 1372/2044
f 1368/2473 1259/2472 1373/2495
f 1267/2464 1260/2466 1242/2474
f 1260/2292 1138/2496 1268/2433
f 1215/2393 1261/2392 1184/1776
f 1244/2131 1064/1693 1261/2392
f 1217/2137 1262/2308 1188/2138
f 1245/2435 1060/1734 1262/2308
f 1220/2187 1263/2315 1189/2185
f 1246/2317 1092/2086 1263/2315
f 1162/1725 1264/2318 1222/2064
f 1417/1672 1264/2318 1247/1673
f 1355/2497 1247/2320 1162/2319
f 1249/1958 1269/1957 1166/2118
f 1224/2397 1266/2052 1193/2083
f 1251/2054 1096/1889 1266/2052
f 1274/2207 1267/2209 1242/2474
f 1267/2209 1160/2208 1271/2498
f 1268/2100 1138/2496 1272/2098
f 1184/2198 1273/2197 1215/2393
f 1417/2476 1140/1956 1299/2499
f 1166/2118 1269/1957 1265/2477
f 1373/2500 1274/2207 1242/2474
f 1237/1664 1270/2225 1372/2044
f 1271/2498 1160/2208 1349/2501
f 1374/2502 1384/2097 1271/2096
f 1276/2263 1138/2262 1384/2503
f 1443/2504 1163/2136 1213/2430
f 1159/1879 1268/2433 1273/2197
f 1158/2099 1273/1963 1268/2100
f 1242/2474 1368/2473 1373/2500
f 1160/2208 1274/2207 1270/2505
f 1381/2506 1157/2301 1220/2438
f 1139/2274 1380/2273 1444/2507
f 1138/2262 1375/2095 1384/2503
f 1378/2508 1377/1944 1272/2098
f 1393/2509 1328/2510 1391/2511
f 1106/2512 1454/2513 1392/2514
f 1114/2280 1523/2291 1113/2276
f 1655/2515 1611/2516 1147/2517
f 1451/2242 1508/2241 1554/2518
f 1535/2519 1386/2520 1532/2521
f 1104/2210 1422/2522 1103/2149
f 1306/2523 1308/1742 1051/1726
f 1395/2524 1024/2024 1025/2021
f 1396/2067 1142/2525 1365/2068
f 1398/2526 1467/2527 1456/2528
f 1282/2529 1405/2530 1400/2531
f 1489/2532 1623/2533 1485/2534
f 1148/2535 1478/2536 1479/2537
f 1035/1950 1465/2538 1034/1967
f 1464/2539 1515/2540 1516/2541
f 1487/2542 1490/2543 1529/2544
f 1479/2545 1407/2546 1456/2547
f 1078/2065 1286/1677 1077/1820
f 1287/1678 1167/1768 1141/2548
f 1288/2549 1287/1678 1141/2548
f 1415/2550 1153/1994 1289/1993
f 1141/2551 1168/2170 1338/2169
f 1255/1995 1416/2487 1256/2423
f 1290/2173 1154/2172 1152/1802
f 1415/2550 1289/1993 1177/2552
f 1076/1813 1177/1907 1290/2220
f 1289/1993 1290/2173 1177/2552
f 1068/1762 1291/1718 1067/1667
f 1235/1695 1292/2462 1176/1696
f 1366/2219 1207/2421 1256/2217
f 1180/2060 1293/1970 1156/2431
f 1291/1644 1292/1717 1293/1970
f 1438/2553 1293/1970 1292/1717
f 1296/2554 1294/2555 1192/2556
f 1294/2555 1296/2554 1300/2129
f 1192/2556 1297/2399 1296/2554
f 1249/1958 1336/2557 1140/1956
f 1297/2399 1192/2556 1165/1959
f 1330/2558 1333/2559 1334/2560
f 1165/1959 1299/2561 1297/2399
f 1140/1956 1336/2557 1424/2562
f 1304/2563 1298/2564 1305/2565
f 1053/1763 1294/1810 1303/2566
f 1417/2476 1299/2499 1468/2567
f 1140/1956 1297/2399 1299/2499
f 1334/2128 1296/2130 1295/2568
f 1301/1770 1300/1769 1298/2569
f 1301/1770 1298/2569 1304/2563
f 1303/2566 1052/1747 1053/1763
f 1310/2570 1313/2571 1305/2572
f 1640/2573 1470/2574 1471/2575
f 1300/1769 1303/1771 1294/2555
f 1052/1747 1303/2566 1301/1860
f 1298/2564 1333/2576 1305/2565
f 1306/1781 1304/1783 1302/2577
f 1305/2572 1280/2578 1310/2570
f 1302/2577 1304/1783 1305/2565
f 1306/2523 1302/2577 1308/1742
f 1309/1861 1051/1726 1052/1859
f 1310/2570 1280/2578 1316/2579
f 1318/2153 1307/2155 1310/2580
f 1313/2571 1302/2577 1305/2572
f 1050/1727 1308/1742 1470/2581
f 1304/1783 1309/1782 1301/1770
f 1051/1726 1309/1861 1306/2523
f 1312/2582 1316/2583 1319/2584
f 1314/2585 1315/2586 1311/2587
f 1277/2588 1638/2589 1641/2590
f 1546/2591 1593/2592 1385/2593
f 1325/2594 1102/2146 1103/2149
f 1316/2579 1318/2153 1310/2570
f 1315/2595 1310/2580 1307/2155
f 1314/2585 1313/2596 1315/2586
f 1314/2585 1311/2587 1471/2597
f 1302/2159 1313/2571 1314/2160
f 1310/2580 1315/2595 1313/2571
f 1315/2595 1307/2155 1641/2598
f 1319/2584 1316/2583 1322/2599
f 1316/2583 1312/2582 1318/2153
f 1317/2162 1319/2156 1322/2123
f 1100/2142 1101/2139 1419/2600
f 1325/2601 1320/2602 1324/2603
f 1312/2582 1324/2604 1318/2153
f 1322/2599 1316/2583 1280/2578
f 1419/2605 1323/2157 1317/2162
f 1105/2211 1423/2606 1104/2210
f 1328/2607 1321/2608 1326/2609
f 1326/2610 1318/2153 1324/2604
f 1327/2611 1328/2612 1320/2613
f 1280/2578 1330/2614 1322/2599
f 1322/2599 1330/2614 1335/2121
f 1101/2139 1102/2141 1323/2615
f 1102/2146 1325/2594 1332/2616
f 1325/2601 1324/2603 1312/2582
f 1326/2610 1324/2604 1320/2602
f 1325/2594 1312/2582 1332/2616
f 1325/2594 1103/2149 1422/2522
f 1423/2617 1320/2618 1422/2619
f 1326/2609 1321/2608 1329/2620
f 1392/2514 1453/2621 1106/2512
f 1602/2622 1665/2623 1389/2624
f 1320/2613 1328/2612 1326/2610
f 1391/2625 1327/2626 1392/2627
f 1326/2609 1329/2620 1318/2153
f 1329/2620 1321/2608 1643/2216
f 1280/2578 1305/2572 1333/2576
f 1335/2628 1295/2481 1331/2480
f 1424/2562 1336/2557 1331/2480
f 1223/2629 1357/2630 1421/2631
f 1319/2584 1332/2158 1312/2582
f 1102/2141 1332/2616 1323/2615
f 1334/2560 1333/2559 1298/2564
f 1280/2578 1333/2576 1330/2614
f 1300/1769 1334/2128 1298/2569
f 1295/2568 1330/2558 1334/2128
f 1295/2481 1335/2628 1330/2558
f 1317/2122 1335/2121 1331/2480
f 1249/1958 1223/2441 1336/2557
f 1250/2084 1357/2630 1223/2441
f 1190/2135 1337/1853 1055/1774
f 1294/1810 1337/1809 1192/2556
f 1441/2632 1178/2633 1439/2634
f 1288/2549 1141/2548 1339/2179
f 1141/2551 1338/2169 1339/2179
f 1439/2634 1178/2633 1210/1663
f 1168/2375 1141/2551 1340/2373
f 1167/2199 1340/2201 1141/2548
f 1459/2635 1171/2636 1409/2637
f 1200/2029 1202/2406 1341/1912
f 1205/2457 1522/2456 1346/2638
f 1426/2330 1428/2278 1116/2277
f 1118/2014 1233/2336 1343/2015
f 1344/2639 1343/2015 1233/2336
f 1345/2408 1344/2410 1233/2336
f 1346/2638 1344/2640 1205/2457
f 1203/1983 1345/2455 1233/2336
f 1576/2641 1577/2642 1574/2643
f 1342/2313 1343/2312 1346/2644
f 1344/2639 1346/2638 1343/2015
f 1409/2637 1171/2636 1406/2645
f 1174/2413 1206/2347 1347/2646
f 1228/2028 1348/2030 1126/2349
f 1206/2347 1348/2405 1347/2646
f 1349/2429 1181/2006 1374/2008
f 1350/2428 1349/2429 1160/2208
f 1270/2505 1350/2224 1160/2208
f 1238/2426 1350/2428 1209/2226
f 1163/2136 1443/2504 1380/2647
f 1351/2275 1139/2274 1352/2133
f 1429/2648 1139/2274 1444/2507
f 1162/2319 1352/2475 1355/2497
f 1217/2137 1351/2395 1353/1724
f 1352/2133 1353/1724 1351/2275
f 1430/2271 1161/2270 1224/2053
f 1355/2649 1434/2650 1433/2651
f 1354/2132 1434/2652 1352/2133
f 1434/2650 1431/2653 1433/2651
f 1429/2436 1356/2043 1161/2270
f 1218/2076 1356/2043 1219/2077
f 1435/2654 1419/2332 1357/2331
f 1357/2630 1420/2333 1421/2631
f 1253/1748 1358/2483 1143/1714
f 1229/1914 1358/2452 1230/2451
f 1232/1982 1360/2329 1359/2335
f 1359/1910 1360/2329 1361/1908
f 1121/2356 1362/2453 1232/2407
f 1361/1908 1360/2329 1204/2655
f 1437/2656 1488/2657 1476/2658
f 1619/2416 1620/2415 1147/2659
f 1254/2485 1362/2484 1122/2354
f 1436/2342 1362/2328 1234/2486
f 1437/2660 1474/2661 1475/2662
f 1234/2486 1254/2485 1364/2459
f 1206/2347 1364/2346 1124/2344
f 1364/2346 1363/2348 1234/2486
f 1365/2022 1142/2525 1404/1829
f 1199/1857 1365/2068 1252/1938
f 1367/2424 1137/2218 1259/2247
f 1292/2462 1207/1655 1366/2219
f 1259/2472 1156/2471 1367/2424
f 1156/2431 1293/1970 1438/2553
f 1243/2468 1368/2470 1242/2474
f 1156/2431 1368/2473 1258/2467
f 1369/2249 1137/2248 1370/2663
f 1373/2500 1270/2505 1274/2207
f 1256/2493 1371/2492 1442/2664
f 1370/2045 1439/2634 1210/1663
f 1440/2665 1339/2179 1338/2169
f 1371/2492 1370/2666 1442/2664
f 1270/2225 1369/2667 1372/2044
f 1370/2045 1372/2044 1369/2249
f 1259/2247 1369/2249 1373/2495
f 1373/2495 1369/2249 1270/2505
f 1384/2097 1374/2502 1157/2301
f 1349/2429 1374/2008 1271/2498
f 1260/2292 1375/2465 1138/2496
f 1267/2209 1271/2498 1375/2465
f 1276/2668 1275/2669 1378/2670
f 1383/2671 1378/2672 1379/2673
f 1378/2508 1272/2098 1276/2668
f 1377/2674 1376/2675 1443/2676
f 1379/2673 1378/2672 1275/2669
f 1376/2675 1377/2674 1378/2508
f 1381/2437 1379/1916 1275/2669
f 1164/2078 1219/2077 1382/1915
f 1163/2136 1380/2647 1351/2395
f 1376/2675 1378/2508 1383/2671
f 1381/2437 1275/2669 1384/2677
f 1164/2186 1381/2437 1220/2187
f 1219/2678 1429/2648 1444/2507
f 1383/2671 1380/2679 1376/2675
f 1379/2673 1382/1915 1383/2671
f 1383/2671 1382/1915 1444/2680
f 1381/2437 1384/2677 1157/2301
f 1276/2668 1384/2503 1275/2669
f 1601/2681 1277/2682 1393/2683
f 1548/2684 1547/2685 1388/2686
f 1499/2687 1446/2688 1498/2689
f 1563/2690 1413/2691 1466/2692
f 1647/2693 1583/2694 1632/2695
f 1452/2696 1556/2697 1555/2698
f 1505/2699 1046/1887 1496/1911
f 1659/2700 1660/2701 1657/2702
f 1605/2703 1597/2704 1599/2705
f 1391/2511 1328/2510 1327/2626
f 1601/2706 1390/2707 1602/2708
f 1321/2214 1328/2607 1393/2215
f 1327/2626 1453/2621 1392/2627
f 1391/2511 1390/2709 1393/2509
f 1454/2513 1106/2512 1107/2229
f 1390/2709 1391/2511 1392/2627
f 1644/2710 1601/2706 1602/2708
f 1393/2215 1277/2682 1643/2216
f 1395/2002 1394/2020 1024/2024
f 1663/2051 1394/2050 1281/2297
f 1397/2152 1395/2524 1025/2021
f 1400/2448 1402/2447 1399/2711
f 1663/2299 1396/2298 1169/2066
f 1402/2000 1396/2298 1281/2001
f 1455/2712 1026/2018 1027/1988
f 1397/2713 1401/2055 1399/2057
f 1397/2713 1455/2714 1401/2055
f 1455/2715 1414/2716 1467/2717
f 1399/2711 1282/2056 1400/2448
f 1395/2524 1397/2152 1399/2057
f 1282/2529 1410/2718 1405/2530
f 1142/2446 1400/2448 1404/1829
f 1455/2714 1397/2713 1026/2018
f 1410/2719 1401/2720 1398/2721
f 1402/2447 1142/2446 1396/2298
f 1399/2057 1402/2447 1395/2524
f 1457/2722 1477/2723 1475/2724
f 1227/1831 1406/1830 1230/2482
f 1405/2530 1404/1829 1400/2531
f 1230/2482 1406/1830 1171/2449
f 1456/2528 1410/2719 1398/2526
f 1405/2725 1403/2726 1408/2727
f 1405/2725 1408/2727 1404/1829
f 1406/2645 1408/2728 1409/2637
f 1479/2545 1478/2536 1407/2546
f 1405/2530 1410/2718 1403/2726
f 1409/2637 1408/2728 1403/2726
f 1406/2645 1404/1829 1408/2728
f 1409/2637 1403/2726 1509/2729
f 1458/2404 1200/2403 1459/2730
f 1410/2719 1282/2529 1401/2720
f 1403/2726 1410/2718 1407/2731
f 1511/2732 1031/1974 1032/1972
f 1285/2733 1486/2734 1479/2735
f 1512/2736 1283/2737 1494/2738
f 1461/2739 1411/2740 1460/2741
f 1518/2742 1035/1950 1036/1931
f 1519/1929 1466/2743 1518/1930
f 1513/2212 1529/2744 1029/1992
f 1467/2717 1414/2716 1285/2745
f 1286/2032 1415/1679 1177/1907
f 1288/2549 1415/2489 1287/1678
f 1415/2550 1416/2488 1153/1994
f 1371/2177 1416/2491 1288/2178
f 1468/2567 1299/2499 1165/1959
f 1417/2476 1468/2567 1264/2318
f 1277/2588 1637/2746 1638/2589
f 1445/1961 1497/1960 1593/2747
f 1323/2615 1419/2605 1101/2139
f 1419/2605 1317/2162 1420/2333
f 1317/2162 1331/2480 1420/2333
f 1421/2631 1420/2333 1331/2480
f 1331/2480 1336/2557 1421/2631
f 1421/2631 1336/2557 1223/2629
f 1423/2606 1422/2619 1104/2210
f 1325/2594 1422/2522 1320/2602
f 1453/2748 1423/2606 1105/2211
f 1320/2618 1423/2617 1327/2611
f 1295/2481 1425/2749 1424/2479
f 1424/2479 1425/2749 1140/1956
f 1296/2130 1425/2400 1295/2568
f 1140/1956 1425/2749 1297/2399
f 1343/2312 1426/2314 1117/2013
f 1428/2278 1426/2330 1342/2313
f 1572/2417 1619/2416 1570/2750
f 1633/2751 1581/2752 1526/2753
f 1522/2754 1428/2278 1342/2313
f 1528/2755 1630/2756 1527/2757
f 1429/2436 1219/2678 1356/2043
f 1354/2272 1139/2134 1429/2436
f 1166/2118 1432/2758 1224/2397
f 1432/2443 1265/2759 1431/2444
f 1431/2653 1265/2759 1433/2651
f 1354/2272 1430/2271 1431/2444
f 1224/2053 1432/2758 1430/2271
f 1265/2477 1432/2443 1166/2118
f 1417/1672 1433/1671 1265/2477
f 1355/2649 1433/2651 1247/2320
f 1352/2475 1434/2652 1355/2497
f 1354/2272 1431/2444 1434/2652
f 1419/2600 1435/2654 1100/2142
f 1250/2439 1435/1847 1357/2630
f 1476/2760 1436/2342 1234/2486
f 1360/2329 1436/2342 1204/2655
f 1475/2662 1480/2371 1437/2660
f 1476/2760 1234/2486 1363/2412
f 1366/2219 1438/2494 1292/2462
f 1156/2471 1438/2553 1367/2424
f 1370/2045 1371/2492 1439/2634
f 1440/2761 1439/2634 1371/2492
f 1339/2179 1440/2665 1371/2177
f 1441/2369 1440/2665 1338/2169
f 1178/1827 1441/2632 1195/2368
f 1440/2665 1441/2369 1439/2634
f 1370/2663 1137/2248 1442/2664
f 1256/2217 1442/2664 1137/2218
f 1377/1944 1443/2676 1213/1942
f 1380/2679 1443/2504 1376/2675
f 1383/2671 1444/2680 1380/2679
f 1219/2077 1444/2507 1382/1915
f 1047/1898 1048/1893 1497/2762
f 1547/2763 1504/2764 1546/2765
f 1499/2766 1041/1941 1042/1883
f 1536/2767 1500/2768 1446/2769
f 1538/2770 1537/2771 1447/2772
f 1465/2773 1466/2692 1413/2691
f 1539/2774 1112/2252 1113/2276
f 1541/2775 1503/2776 1448/2777
f 1505/2699 1549/2778 1046/1887
f 1548/2779 1550/1904 1449/1906
f 1450/2780 1506/2781 1607/2782
f 1532/2783 1446/2688 1499/2687
f 1508/2784 1108/2244 1109/2250
f 1666/2785 1665/2786 1667/2787
f 1540/2788 1110/2254 1111/2257
f 1544/2789 1452/2790 1543/2791
f 1423/2606 1453/2748 1327/2611
f 1106/2227 1453/2621 1105/2230
f 1507/2334 1454/2513 1107/2231
f 1454/2513 1507/2334 1667/2792
f 1414/2716 1455/2715 1027/1988
f 1401/2055 1455/2714 1398/2721
f 1479/2735 1456/2547 1285/2733
f 1410/2719 1456/2528 1407/2731
f 1475/2724 1477/2723 1148/2793
f 1347/2646 1510/2794 1174/2413
f 1459/2730 1200/2403 1341/1912
f 1458/2795 1409/2637 1509/2729
f 1171/2636 1459/2635 1341/1912
f 1409/2637 1458/2795 1459/2635
f 1460/1991 1031/1974 1511/2732
f 1462/2005 1460/2004 1411/2740
f 1461/2796 1511/2797 1463/2798
f 1461/2799 1412/2800 1559/2801
f 1283/2802 1493/2803 1492/2804
f 1483/2805 1486/2806 1487/2807
f 1463/2059 1033/1969 1514/2009
f 1461/2799 1463/2798 1412/2800
f 1464/2808 1514/2809 1465/2810
f 1515/2540 1464/2539 1413/2811
f 1465/2538 1035/1950 1518/2742
f 1464/2539 1465/2810 1413/2811
f 1519/1929 1037/1928 1038/1921
f 1521/2812 1466/2743 1519/1929
f 1456/2547 1467/2527 1285/2733
f 1455/2714 1467/2717 1398/2721
f 1190/1854 1468/1780 1165/1959
f 1264/2318 1468/2567 1191/1850
f 1049/1743 1050/1738 1470/2238
f 1497/2813 1469/2814 1418/2815
f 1308/2161 1314/2160 1471/2597
f 1418/2815 1469/2814 1470/2238
f 1471/2575 1311/2587 1640/2573
f 1308/1742 1471/2597 1470/2581
f 1576/2816 1345/2455 1173/2454
f 1634/2817 1630/2818 1427/2819
f 1473/2820 1629/2821 1526/2822
f 1502/2823 1525/2824 1581/2825
f 1475/2662 1474/2661 1174/2413
f 1474/2661 1437/2660 1476/2460
f 1475/2662 1174/2413 1510/2794
f 1475/2724 1148/2793 1480/2371
f 1488/2826 1482/2827 1489/2828
f 1436/2342 1476/2760 1204/2655
f 1509/2829 1477/2723 1457/2722
f 1478/2536 1403/2726 1407/2546
f 1148/2793 1477/2723 1478/2536
f 1478/2536 1477/2723 1509/2829
f 1486/2734 1285/2733 1487/2807
f 1484/2830 1495/2831 1482/2832
f 1482/2372 1480/2371 1484/2830
f 1148/2535 1479/2537 1484/2833
f 1626/2834 1627/2835 1654/2836
f 1476/2658 1488/2657 1204/2655
f 1484/2833 1480/2371 1148/2535
f 1481/2837 1489/2828 1482/2827
f 1494/2838 1492/2839 1530/2840
f 1492/2804 1493/2803 1483/2841
f 1486/2734 1484/2833 1479/2735
f 1483/2841 1493/2803 1495/2842
f 1623/2843 1626/2834 1654/2836
f 1488/2657 1625/2844 1204/2655
f 1487/2807 1285/2733 1414/2716
f 1484/2833 1486/2734 1483/2805
f 1487/2807 1414/2716 1490/2543
f 1491/2845 1487/2542 1529/2544
f 1482/2372 1488/2826 1437/2370
f 1488/2657 1485/2846 1625/2844
f 1622/2847 1361/2848 1624/2849
f 1488/2657 1489/2828 1485/2846
f 1414/2716 1028/1989 1490/2543
f 1029/1992 1490/2543 1028/1998
f 1530/2850 1462/2005 1411/2740
f 1483/2805 1487/2807 1491/2845
f 1483/2805 1491/2845 1492/2804
f 1491/2851 1462/2005 1530/2850
f 1626/2852 1493/2803 1283/2802
f 1493/2803 1481/2853 1495/2842
f 1558/2111 1411/2110 1461/2739
f 1283/2802 1492/2804 1494/2738
f 1482/2827 1495/2831 1481/2837
f 1483/2805 1495/2842 1484/2833
f 1497/2762 1496/1962 1047/1898
f 1445/2854 1546/2855 1505/2856
f 1469/2063 1497/2813 1048/1893
f 1497/2813 1418/2815 1594/2857
f 1499/2766 1498/2689 1041/1941
f 1500/2768 1498/1945 1446/2769
f 1043/2858 1553/2859 1608/2860
f 1446/2688 1532/2783 1386/2520
f 1536/2767 1446/2769 1386/2520
f 1520/2861 1519/1929 1038/1921
f 1501/2253 1112/2252 1539/2774
f 1503/2776 1501/2265 1448/2777
f 1502/2862 1539/2863 1523/2864
f 1526/2753 1581/2752 1525/2824
f 1448/2777 1581/2865 1541/2775
f 1543/2235 1452/2790 1545/2236
f 1504/2764 1505/2856 1546/2765
f 1550/1904 1548/2779 1388/2686
f 1445/2854 1505/2856 1496/1962
f 1548/2866 1549/2867 1504/2868
f 1550/2869 1606/2870 1506/2871
f 1533/2872 1553/2873 1450/2874
f 1508/2784 1507/2243 1108/2244
f 1507/2334 1451/2242 1667/2792
f 1545/2236 1595/2875 1503/2234
f 1554/2876 1389/2877 1666/2878
f 1509/2729 1403/2726 1478/2536
f 1458/2284 1509/2729 1457/2285
f 1458/2404 1510/2286 1347/2402
f 1475/2724 1510/2794 1457/2722
f 1463/2059 1511/2797 1032/1972
f 1460/2741 1511/2732 1461/2739
f 1517/2879 1412/2880 1516/2881
f 1517/1979 1512/1981 1559/2882
f 1460/1991 1513/2003 1030/1986
f 1529/2744 1513/2212 1462/2005
f 1465/2538 1514/2809 1034/1967
f 1463/1698 1514/2009 1464/1699
f 1564/2883 1413/2691 1563/2690
f 1516/2541 1515/2540 1284/2884
f 1516/2881 1284/2884 1517/2879
f 1464/1699 1516/2541 1412/1700
f 1609/2885 1517/2879 1284/2884
f 1611/2886 1610/1980 1517/1979
f 1037/1926 1518/1930 1036/1931
f 1465/2773 1518/2742 1466/2692
f 1038/1921 1039/1918 1520/2861
f 1519/1929 1562/2887 1521/2812
f 1538/2888 1520/1952 1500/1946
f 1562/2887 1447/2889 1521/2812
f 1447/2890 1613/2891 1612/2892
f 1466/2692 1521/2812 1563/2690
f 1346/2644 1522/2456 1342/2313
f 1584/2893 1428/2894 1587/2895
f 1114/2281 1115/2283 1524/2290
f 1523/2896 1527/2897 1525/2898
f 1472/2899 1585/2900 1587/2901
f 1525/2898 1527/2897 1473/2902
f 1525/2824 1473/2902 1526/2753
f 1502/2862 1523/2864 1525/2824
f 1630/2903 1629/2821 1473/2820
f 1629/2821 1631/2904 1526/2822
f 1523/2896 1524/2290 1527/2897
f 1527/2897 1524/2290 1528/2755
f 1428/2278 1584/2893 1524/2293
f 1528/2905 1584/2893 1587/2895
f 1529/2544 1462/2005 1491/2845
f 1490/2543 1029/1992 1529/2544
f 1494/2838 1530/2840 1411/2110
f 1491/2851 1530/2850 1492/2804
f 1638/2906 1418/2907 1640/2908
f 1638/2589 1637/2746 1531/2909
f 1499/2687 1533/2910 1532/2783
f 1533/2911 1534/2912 1535/2913
f 1499/2766 1042/1883 1608/2914
f 1533/2911 1450/2874 1534/2912
f 1607/2782 1652/2915 1450/2780
f 1650/2916 1616/2917 1617/2918
f 1533/2910 1535/2913 1532/2783
f 1617/2919 1535/2913 1534/2912
f 1536/2767 1386/2520 1646/2920
f 1538/2770 1536/2921 1537/2771
f 1616/2922 1278/2923 1636/2924
f 1632/2925 1634/2926 1590/2927
f 1520/1952 1538/2888 1447/2772
f 1500/2768 1536/2767 1538/2888
f 1523/2864 1539/2863 1113/2276
f 1501/2253 1539/2774 1502/2261
f 1501/2265 1540/2267 1111/2251
f 1595/2875 1540/2267 1503/2234
f 1544/2928 1387/2929 1542/2930
f 1543/2791 1541/2931 1544/2789
f 1649/2932 1387/2933 1633/2934
f 1544/2789 1668/2935 1452/2790
f 1452/2696 1555/2698 1545/2236
f 1503/2234 1541/2775 1543/2235
f 1387/2929 1544/2928 1541/2931
f 1544/2928 1542/2930 1668/2935
f 1109/2250 1595/2936 1508/2784
f 1110/2254 1595/2936 1109/2255
f 1593/2592 1546/2591 1445/1961
f 1546/2765 1385/2593 1547/2763
f 1604/2937 1596/2938 1605/2939
f 1600/2940 1603/2941 1645/2942
f 1549/2867 1548/2866 1449/1895
f 1547/2685 1548/2684 1504/2764
f 1046/1887 1549/2778 1045/1872
f 1504/2868 1549/2867 1505/2856
f 1606/2870 1550/2869 1388/2686
f 1552/1905 1550/1904 1506/1902
f 1645/2942 1603/2941 1606/2943
f 1651/2944 1659/2945 1658/2946
f 1449/1895 1552/1905 1044/1863
f 1506/1902 1450/2780 1553/1903
f 1533/2910 1499/2687 1608/2914
f 1043/2858 1552/1880 1553/2859
f 1555/2698 1508/2947 1545/2236
f 1555/2698 1556/2697 1557/2948
f 1668/2949 1661/2950 1662/2951
f 1508/2947 1555/2698 1554/2518
f 1604/2937 1605/2939 1600/2952
f 1554/2876 1557/2953 1389/2877
f 1555/2698 1557/2948 1554/2518
f 1644/2710 1602/2708 1596/2954
f 1559/2801 1558/2111 1461/2799
f 1494/2738 1558/2111 1512/2736
f 1517/1979 1559/2882 1412/2880
f 1558/2111 1559/2801 1512/2736
f 1515/2540 1564/2955 1284/2884
f 1570/2956 1560/1954 1565/1953
f 1653/2957 1147/2659 1620/2415
f 1610/1980 1627/2958 1512/1981
f 1519/1929 1520/2861 1562/2887
f 1447/2889 1562/2887 1520/1952
f 1568/2959 1521/2960 1612/2961
f 1564/2883 1515/2540 1413/2691
f 1568/2959 1612/2961 1614/2962
f 1284/2884 1564/2955 1565/2418
f 1568/2963 1567/2420 1564/2419
f 1567/2964 1566/2965 1571/2966
f 1632/2967 1636/2924 1278/2923
f 1427/2968 1585/2969 1586/2970
f 1568/2963 1564/2419 1563/2690
f 1571/2966 1570/2971 1567/2964
f 1563/2690 1521/2812 1568/2963
f 1521/2812 1447/2889 1612/2961
f 1592/2972 1571/2973 1575/2974
f 1578/2975 1580/2976 1205/2977
f 1567/2964 1570/2971 1565/2418
f 1570/2750 1569/2978 1572/2417
f 1575/2974 1571/2973 1566/2965
f 1569/2978 1570/2750 1571/2966
f 1580/2976 1472/2458 1205/2977
f 1574/2643 1577/2642 1620/2979
f 1635/2980 1591/2981 1636/2982
f 1586/2970 1585/2969 1472/2899
f 1569/2983 1588/2984 1628/2985
f 1576/2816 1578/2409 1345/2455
f 1575/2974 1566/2965 1591/2986
f 1573/2987 1588/2988 1592/2989
f 1173/2454 1621/2990 1576/2816
f 1578/2409 1576/2816 1574/2643
f 1621/2990 1577/2642 1576/2816
f 1621/2991 1622/2992 1653/2993
f 1574/2994 1579/2995 1580/2996
f 1578/2975 1205/2977 1344/2410
f 1569/2983 1628/2985 1572/2417
f 1579/2997 1588/2998 1586/2999
f 1574/2643 1580/2996 1578/2409
f 1472/2458 1580/2976 1579/2995
f 1541/2931 1581/2865 1387/2929
f 1502/2823 1581/2825 1448/2259
f 1589/3000 1590/2927 1634/2926
f 1632/2695 1583/2694 1631/3001
f 1618/3002 1647/3003 1650/3004
f 1581/2752 1633/2751 1387/2929
f 1587/2895 1428/2894 1522/2754
f 1528/2755 1524/2290 1584/2893
f 1586/2970 1472/2899 1579/2997
f 1427/2968 1528/3005 1585/2969
f 1579/2997 1628/2985 1588/2998
f 1589/3006 1586/2999 1588/2998
f 1472/2899 1587/2901 1522/2456
f 1528/3005 1587/2895 1585/2969
f 1592/2989 1588/2988 1569/2983
f 1589/3006 1588/2998 1573/2987
f 1573/2987 1635/3007 1589/3006
f 1427/2968 1586/2970 1589/3006
f 1591/2981 1635/2980 1575/2974
f 1590/2927 1636/2924 1632/2925
f 1566/3008 1614/3009 1613/3010
f 1616/2922 1636/2924 1615/3011
f 1571/2973 1592/2972 1569/2978
f 1573/2987 1592/2989 1575/2974
f 1594/2857 1593/2747 1497/2813
f 1593/3012 1531/3013 1642/3014
f 1638/2906 1594/2857 1418/2907
f 1593/2747 1594/2857 1531/3013
f 1595/2936 1110/2254 1540/2267
f 1508/2784 1595/2936 1545/2236
f 1642/3015 1637/3016 1639/3017
f 1389/2877 1557/2953 1597/3018
f 1557/2948 1556/2697 1597/3018
f 1599/2705 1597/2704 1556/2697
f 1390/2707 1601/2706 1393/2509
f 1604/2937 1639/3019 1596/2938
f 1662/3020 1599/2705 1556/2697
f 1599/3021 1279/3022 1600/3023
f 1600/2940 1279/3022 1603/2941
f 1600/2952 1547/3024 1604/2937
f 1665/2623 1602/2622 1390/2707
f 1277/2682 1601/2681 1598/3025
f 1389/2624 1597/3018 1602/2622
f 1596/2954 1602/2708 1597/3018
f 1657/3026 1603/2941 1279/3022
f 1606/2943 1603/2941 1551/3027
f 1547/2763 1385/2593 1604/2937
f 1604/2937 1385/2593 1639/3019
f 1597/2704 1605/2703 1596/2954
f 1599/3021 1600/3023 1605/2703
f 1606/2943 1551/3027 1607/3028
f 1645/2942 1606/2943 1388/2686
f 1606/2943 1607/3028 1506/2871
f 1551/3029 1660/3030 1652/3031
f 1043/1876 1608/2860 1042/1883
f 1533/2872 1608/2914 1553/2873
f 1565/2418 1609/1955 1284/2884
f 1611/3032 1609/1955 1560/1954
f 1517/2879 1609/2885 1611/2886
f 1610/1980 1561/3033 1627/2958
f 1611/3032 1560/1954 1619/3034
f 1561/3033 1610/1980 1611/2886
f 1613/2891 1447/2890 1537/2771
f 1567/2964 1614/3009 1566/2965
f 1537/2771 1615/3035 1613/2891
f 1613/2891 1615/3035 1566/3008
f 1568/2959 1614/2962 1567/2420
f 1613/2891 1614/3009 1612/2892
f 1615/3011 1537/2771 1616/2922
f 1566/3008 1615/3035 1591/2986
f 1537/2771 1646/3036 1616/2922
f 1386/2520 1535/2519 1617/2919
f 1534/2912 1656/3037 1617/2919
f 1617/2918 1616/2917 1646/3036
f 1450/2780 1652/2915 1534/2912
f 1647/2693 1648/3038 1583/2694
f 1611/3032 1619/3034 1147/2517
f 1570/2956 1619/2416 1560/1954
f 1620/2415 1572/2417 1628/2985
f 1653/2957 1620/2415 1577/2642
f 1359/1910 1621/1909 1173/2454
f 1622/2847 1621/2991 1361/2848
f 1622/2847 1624/2849 1623/3039
f 1622/3040 1654/3041 1655/3042
f 1489/2532 1481/2837 1623/2533
f 1493/2803 1626/2852 1481/2853
f 1625/2844 1361/1908 1204/2655
f 1485/2534 1623/2533 1624/2849
f 1485/2846 1624/2849 1625/2844
f 1361/1908 1625/2844 1624/2849
f 1627/2835 1626/2834 1283/2802
f 1481/2837 1626/2852 1623/2533
f 1627/2835 1283/2802 1512/1981
f 1654/2836 1627/2835 1561/3033
f 1579/2997 1574/2994 1628/2985
f 1620/2979 1628/2985 1574/2643
f 1473/2902 1527/2897 1630/2903
f 1631/2904 1629/2821 1582/3043
f 1427/2819 1630/2818 1528/3005
f 1582/3043 1629/2821 1630/2903
f 1632/2695 1631/3001 1582/3043
f 1631/3001 1583/2694 1633/3044
f 1632/2695 1582/3043 1634/2926
f 1632/2695 1278/2923 1647/2693
f 1631/3001 1633/3044 1526/2822
f 1649/3045 1583/2694 1648/3038
f 1630/2903 1634/2817 1582/3043
f 1589/3000 1634/2926 1427/2968
f 1589/3006 1635/3007 1590/2927
f 1575/2974 1635/2980 1573/2987
f 1635/3007 1636/2982 1590/2927
f 1636/2982 1591/2981 1615/3011
f 1277/2588 1598/3025 1637/2746
f 1639/3017 1637/3016 1598/3025
f 1638/2589 1531/2909 1594/2857
f 1638/2589 1311/3046 1641/2590
f 1598/3025 1644/3047 1639/3017
f 1642/3015 1639/3017 1385/2593
f 1640/2573 1418/2907 1470/2574
f 1311/2587 1638/2589 1640/2573
f 1315/2595 1641/2598 1311/2587
f 1307/2155 1329/2154 1643/2216
f 1593/3012 1642/3014 1385/2593
f 1637/3016 1642/3015 1531/2909
f 1277/2588 1641/2590 1643/2216
f 1643/2216 1641/2590 1307/2155
f 1639/3017 1644/3047 1596/2938
f 1601/2681 1644/2710 1598/3025
f 1388/2686 1547/2685 1645/2942
f 1600/2940 1645/2942 1547/3024
f 1536/2921 1646/2920 1537/2771
f 1617/2919 1646/3036 1386/2520
f 1650/3004 1647/3003 1278/2923
f 1647/3003 1618/3002 1658/3048
f 1618/3049 1617/2919 1656/3037
f 1542/2930 1387/2929 1649/2932
f 1583/2694 1649/3045 1633/3044
f 1542/2930 1649/2932 1648/3038
f 1616/2917 1650/2916 1278/2923
f 1617/2918 1618/3049 1650/2916
f 1551/3027 1603/2941 1657/3026
f 1647/3003 1658/3048 1648/3038
f 1551/3029 1652/3031 1607/3028
f 1652/3050 1651/3051 1656/3052
f 1621/2990 1653/2993 1577/2642
f 1655/3042 1653/2993 1622/3040
f 1655/3042 1654/3041 1561/3033
f 1623/2843 1654/2836 1622/2847
f 1611/2886 1655/2515 1561/3033
f 1655/2515 1147/2517 1653/2993
f 1652/3050 1656/3052 1534/2912
f 1658/2946 1656/3052 1651/2944
f 1279/3022 1661/3053 1657/3026
f 1659/3054 1542/2930 1648/3038
f 1656/3052 1658/2946 1618/3049
f 1651/2944 1660/2701 1659/2945
f 1659/2700 1657/2702 1661/3053
f 1648/3038 1658/3048 1659/3054
f 1652/3031 1660/3030 1651/3051
f 1551/3027 1657/3026 1660/3030
f 1662/2951 1661/2950 1279/3022
f 1659/3054 1661/3053 1542/2930
f 1599/2705 1662/3020 1279/3022
f 1668/2935 1556/2697 1452/2790
f 1663/1816 1169/2066 1197/2365
f 1021/2040 1022/2039 1664/2036
f 1394/2050 1664/2049 1023/2027
f 1021/1815 1664/2036 1663/1816
f 1390/2709 1392/2627 1665/2623
f 1392/2514 1454/2513 1667/2792
f 1554/2876 1666/2878 1451/2242
f 1389/2624 1665/2623 1666/2878
f 1666/2878 1667/2787 1451/2242
f 1392/2514 1667/2792 1665/2623
f 1661/3053 1668/2949 1542/2930
f 1556/2697 1668/2935 1662/3020
f 1876/3055 1877/3056 1828/3057
f 970/3058 969/3059 1793/3060
f 971/3061 970/3062 1792/3063
f 1762/3064 1763/3065 1873/3066
f 1866/3067 1774/3068 1868/3069
f 973/3070 972/3071 1791/3072
f 974/3073 973/3074 1790/3075
f 1861/3076 1864/3077 1819/3078
f 971/3079 1791/3072 972/3071
f 1866/3080 1869/3081 1773/3082
f 1737/3083 1860/3084 1744/3085
f 976/3086 975/3087 1787/3088
f 977/3089 976/3090 1786/3091
f 1745/3092 1858/3093 1736/3094
f 1734/3095 1854/3096 1747/3097
f 979/3098 978/3099 1784/3100
f 1755/3101 1850/3102 1754/3103
f 981/3104 980/3105 1782/3106
f 979/3107 1783/3108 980/3109
f 1753/3110 1852/3111 1752/3112
f 977/3113 1785/3114 978/3115
f 1853/3116 1856/3117 1750/3118
f 974/3119 1788/3120 975/3121
f 1862/3122 1771/3123 1863/3124
f 1845/3125 1806/3126 1807/3127
f 1756/3128 1847/3129 1755/3130
f 1771/3131 992/3132 991/3133
f 1770/3134 992/3132 1771/3131
f 994/3135 993/3136 1769/3137
f 1754/3138 1849/3139 1753/3140
f 1769/3141 1861/3142 1768/3143
f 1770/3144 1769/3137 993/3136
f 993/3136 992/3132 1770/3144
f 994/3135 1769/3137 1768/3143
f 991/3145 990/3146 1772/3147
f 1852/3111 1851/3148 1752/3112
f 1842/3149 1843/3150 1777/3151
f 1844/3152 1809/3153 1810/3154
f 983/3155 982/3156 1781/3157
f 1774/3158 989/3159 988/3160
f 991/3145 1772/3147 1771/3131
f 990/3161 989/3162 1773/3163
f 1864/3164 1862/3165 1818/3166
f 1772/3147 990/3146 1773/3163
f 1773/3163 989/3162 1774/3158
f 1771/3131 1772/3147 1863/3124
f 1841/3167 1844/3168 1779/3169
f 1846/3170 1808/3171 1809/3172
f 1757/3173 1848/3174 1756/3175
f 1770/3144 1864/3176 1769/3137
f 981/3104 1782/3106 982/3177
f 1851/3178 1853/3179 1751/3180
f 1791/3072 971/3079 1792/3063
f 1793/3181 1794/3182 1865/3183
f 1831/3184 1792/3185 1865/3186
f 1790/3075 973/3074 1791/3072
f 1788/3120 974/3119 1789/3187
f 1832/3188 1790/3189 1834/3190
f 1833/3191 1789/3192 1832/3193
f 1787/3088 975/3087 1788/3120
f 1790/3189 1791/3072 1834/3190
f 1789/3187 974/3119 1790/3075
f 1686/3194 1794/3182 1793/3181
f 1865/3186 1797/3195 1831/3184
f 1788/3120 1835/3196 1787/3088
f 1785/3114 977/3113 1786/3091
f 1836/3197 1787/3088 1835/3196
f 1783/3108 979/3107 1784/3100
f 1837/3198 1785/3199 1838/3200
f 1785/3199 1786/3091 1838/3200
f 1784/3100 978/3099 1785/3114
f 1784/3100 1839/3201 1783/3108
f 1793/3181 1685/3202 1686/3194
f 970/3058 1793/3060 1792/3063
f 1786/3091 976/3090 1787/3088
f 1778/3203 986/3204 985/3205
f 980/3105 1783/3108 1782/3106
f 984/3206 1779/3207 985/3208
f 1843/3209 1811/3210 1812/3211
f 1806/3212 1839/3213 1805/3214
f 1775/3215 987/3216 1776/3217
f 1869/3218 1815/3219 1816/3220
f 1774/3158 988/3160 1775/3221
f 1777/3222 987/3223 986/3224
f 1775/3215 988/3160 987/3216
f 1782/3106 1781/3157 982/3177
f 1781/3157 1782/3106 1840/3225
f 1780/3226 983/3155 1781/3157
f 1782/3106 1845/3227 1840/3225
f 1780/3228 1841/3167 1779/3169
f 1780/3226 984/3229 983/3155
f 1779/3207 1778/3203 985/3208
f 1778/3230 1842/3149 1777/3151
f 1777/3222 1776/3217 987/3223
f 1776/3217 1867/3231 1775/3215
f 1867/3232 1812/3233 1813/3234
f 1778/3230 1777/3151 986/3204
f 1842/3235 1844/3152 1810/3154
f 1780/3228 1779/3169 984/3229
f 1782/3106 1783/3108 1845/3227
f 1866/3067 1868/3069 1814/3236
f 1781/3157 1846/3237 1780/3226
f 1793/3181 969/3059 1685/3202
f 1773/3163 1869/3081 1772/3147
f 1879/3238 1861/3239 1820/3240
f 1862/3122 1863/3124 1817/3241
f 1764/3242 999/3243 998/3244
f 1763/3245 999/3243 1764/3242
f 1000/3246 1763/3065 1762/3064
f 1763/3065 1000/3246 999/3243
f 1877/3247 1870/3248 1827/3249
f 1000/3246 1762/3064 1001/3250
f 998/3251 997/3252 1765/3253
f 1795/3254 1865/3183 1794/3182
f 995/3255 1768/3256 1767/3257
f 1768/3256 995/3255 994/3135
f 1875/3258 1871/3259 1823/3260
f 995/3255 1767/3257 996/3261
f 998/3244 1765/3253 1764/3242
f 997/3262 996/3263 1766/3264
f 1764/3242 1872/3265 1763/3245
f 1765/3253 997/3252 1766/3264
f 996/3261 1767/3257 1766/3264
f 1870/3266 1873/3267 1826/3268
f 1871/3269 1874/3270 1822/3271
f 1856/3272 1855/3273 1749/3274
f 1736/3094 1859/3275 1745/3092
f 1765/3253 1875/3276 1764/3242
f 1759/3277 1003/3278 1760/3279
f 1765/3253 1766/3264 1871/3280
f 1760/3279 1003/3278 1002/3281
f 1003/3278 1759/3277 1004/3282
f 1005/3283 1004/3284 1758/3285
f 1758/3286 1878/3287 1757/3288
f 1758/3286 1757/3288 1005/3283
f 1004/3284 1759/3277 1758/3285
f 1005/3283 1757/3288 1006/3289
f 1878/3287 1848/3174 1757/3288
f 1875/3258 1765/3253 1871/3259
f 1761/3290 1760/3279 1002/3281
f 1001/3250 1762/3064 1761/3291
f 1760/3279 1876/3292 1759/3277
f 1761/3291 1002/3281 1001/3250
f 1006/3293 1756/3294 1007/3295
f 1006/3293 1757/3288 1756/3294
f 1007/3296 1755/3297 1008/3298
f 1755/3297 1007/3296 1756/3128
f 1848/3174 1847/3129 1756/3175
f 1872/3299 1875/3300 1824/3301
f 1760/3279 1761/3290 1877/3302
f 1759/3277 1878/3287 1758/3285
f 1868/3069 1813/3303 1814/3236
f 1878/3287 1759/3277 1876/3292
f 1767/3257 1768/3256 1879/3304
f 1855/3305 1857/3306 1748/3307
f 1826/3268 1827/3249 1870/3266
f 1827/3249 1828/3057 1877/3247
f 1721/3308 1826/3309 1720/3310
f 1827/3249 1826/3268 1721/3308
f 1827/3249 1722/3311 1828/3057
f 1722/3311 1827/3249 1721/3308
f 1800/3312 1832/3313 1799/3314
f 1828/3057 1722/3311 1723/3315
f 1826/3309 1825/3316 1720/3310
f 1826/3268 1873/3267 1825/3316
f 1871/3259 1822/3271 1823/3260
f 1823/3260 1824/3301 1875/3258
f 1717/3317 1823/3260 1822/3271
f 1718/3318 1823/3260 1717/3317
f 1719/3319 1825/3320 1824/3321
f 1825/3320 1719/3319 1720/3310
f 1833/3322 1835/3196 1788/3120
f 1718/3323 1719/3319 1824/3321
f 1824/3321 1823/3260 1718/3323
f 1831/3324 1834/3190 1791/3072
f 1803/3325 1836/3326 1802/3327
f 1872/3299 1824/3301 1825/3320
f 1829/3328 1876/3055 1828/3057
f 1801/3329 1833/3330 1800/3331
f 1724/3332 1830/3333 1669/3334
f 1878/3287 1724/3335 1848/3174
f 1726/3336 1847/3337 1725/3338
f 1725/3339 1848/3174 1724/3335
f 1008/3340 1754/3341 1009/3342
f 1754/3341 1008/3340 1755/3101
f 1009/3343 1753/3344 1010/3345
f 1753/3344 1009/3343 1754/3138
f 1754/3103 1850/3102 1849/3139
f 1878/3287 1876/3292 1829/3328
f 1669/3334 1830/3333 1829/3346
f 1829/3328 1830/3333 1878/3287
f 1798/3347 1831/3184 1797/3195
f 1723/3348 1669/3334 1829/3346
f 1791/3072 1792/3063 1831/3324
f 1669/3349 1670/3350 1725/3351
f 1010/3352 1752/3353 1011/3354
f 1010/3352 1753/3344 1752/3353
f 1753/3140 1849/3139 1852/3111
f 1011/3354 1752/3353 1751/3355
f 1755/3101 1847/3129 1850/3102
f 1873/3066 1763/3065 1872/3265
f 1670/3350 1726/3336 1725/3351
f 1725/3351 1724/3335 1669/3349
f 1829/3346 1828/3057 1723/3348
f 1724/3332 1878/3287 1830/3333
f 1716/3356 1822/3357 1821/3358
f 1874/3270 1821/3358 1822/3271
f 1879/3238 1820/3240 1821/3359
f 1794/3182 1686/3194 1796/3360
f 1796/3361 1689/3362 1795/3363
f 1797/3364 1795/3365 1690/3366
f 1797/3195 1865/3186 1795/3365
f 1796/3360 1795/3363 1794/3182
f 1799/3314 1832/3313 1834/3190
f 1831/3184 1798/3347 1834/3190
f 1691/3367 1798/3347 1797/3195
f 1833/3330 1801/3329 1835/3196
f 1798/3368 1692/3369 1799/3370
f 1812/3211 1867/3232 1843/3209
f 1836/3326 1835/3196 1802/3327
f 1800/3312 1799/3314 1693/3371
f 1802/3372 1801/3373 1695/3374
f 1838/3375 1836/3326 1803/3325
f 1705/3376 1812/3211 1811/3210
f 1811/3210 1843/3209 1842/3149
f 1804/3377 1837/3198 1838/3200
f 1842/3235 1810/3154 1811/3210
f 1864/3077 1818/3166 1819/3078
f 1704/3378 1811/3210 1810/3154
f 1801/3329 1800/3331 1694/3379
f 1800/3331 1833/3330 1832/3313
f 1796/3380 1687/3381 1688/3382
f 1706/3383 1813/3234 1812/3233
f 1841/3167 1809/3153 1844/3168
f 1817/3241 1818/3166 1862/3122
f 1712/3384 1818/3166 1817/3241
f 1713/3385 1818/3166 1712/3384
f 1820/3386 1819/3387 1714/3388
f 1861/3239 1819/3078 1820/3240
f 1776/3217 1777/3222 1843/3150
f 1713/3389 1714/3388 1819/3387
f 1819/3387 1818/3166 1713/3389
f 1820/3386 1714/3388 1715/3390
f 1817/3391 1816/3392 1711/3393
f 1863/3124 1816/3392 1817/3241
f 1815/3394 1866/3067 1814/3236
f 1815/3394 1869/3218 1866/3067
f 1708/3395 1815/3394 1814/3236
f 1709/3396 1815/3394 1708/3395
f 1847/3129 1848/3174 1725/3338
f 1817/3241 1711/3393 1712/3384
f 1851/3148 1852/3111 1729/3397
f 1711/3393 1816/3392 1710/3398
f 1710/3398 1816/3392 1709/3399
f 1849/3139 1850/3102 1727/3400
f 1707/3401 1814/3236 1813/3303
f 1815/3394 1709/3396 1816/3220
f 1867/3232 1813/3234 1868/3069
f 1840/3225 1846/3237 1781/3157
f 1810/3154 1809/3153 1703/3402
f 1796/3380 1686/3194 1687/3381
f 1689/3362 1690/3366 1795/3363
f 1874/3270 1879/3238 1821/3358
f 1874/3270 1767/3257 1879/3238
f 1690/3366 1691/3367 1797/3364
f 1804/3403 1803/3404 1697/3405
f 1798/3347 1691/3367 1692/3369
f 1799/3314 1692/3369 1693/3371
f 1806/3126 1845/3125 1839/3213
f 1873/3066 1872/3265 1825/3316
f 1689/3362 1796/3361 1688/3382
f 1695/3374 1801/3373 1694/3379
f 1870/3266 1762/3064 1873/3267
f 1867/3232 1868/3069 1775/3215
f 1802/3372 1695/3374 1696/3406
f 1696/3407 1697/3405 1803/3404
f 1773/3163 1774/3158 1866/3080
f 1698/3408 1804/3403 1697/3405
f 1863/3124 1772/3147 1869/3081
f 1793/3060 1865/3183 1792/3063
f 1696/3407 1803/3404 1802/3372
f 1843/3209 1867/3232 1776/3217
f 1693/3371 1694/3379 1800/3312
f 1877/3302 1761/3290 1870/3248
f 1804/3403 1698/3408 1805/3409
f 1807/3127 1840/3225 1845/3125
f 1809/3172 1841/3167 1846/3170
f 1700/3410 1807/3127 1806/3126
f 1701/3411 1808/3412 1807/3413
f 1808/3171 1702/3414 1809/3172
f 1814/3236 1707/3401 1708/3395
f 1855/3305 1733/3415 1857/3306
f 1707/3401 1813/3303 1706/3383
f 1812/3233 1705/3376 1706/3383
f 1853/3116 1731/3416 1856/3117
f 1806/3212 1805/3214 1699/3417
f 1846/3237 1840/3225 1808/3171
f 1807/3127 1700/3410 1701/3411
f 1702/3414 1808/3171 1701/3411
f 1770/3134 1771/3131 1862/3122
f 1741/3418 1744/3085 1860/3084
f 1747/3097 1857/3419 1734/3095
f 1811/3210 1704/3378 1705/3376
f 1744/3420 1745/3092 1859/3275
f 1704/3378 1810/3154 1703/3402
f 1809/3153 1702/3414 1703/3402
f 1735/3421 1736/3094 1858/3093
f 1861/3076 1769/3141 1864/3077
f 1806/3212 1699/3417 1700/3410
f 1805/3214 1698/3408 1699/3417
f 1856/3272 1732/3422 1855/3273
f 1864/3164 1770/3144 1862/3165
f 1805/3214 1839/3213 1837/3423
f 1746/3424 1747/3097 1854/3096
f 1716/3356 1717/3317 1822/3357
f 1821/3358 1715/3425 1716/3356
f 1786/3091 1787/3088 1836/3197
f 1789/3192 1790/3075 1832/3193
f 1726/3426 1671/3427 1727/3428
f 1726/3336 1670/3350 1671/3427
f 1672/3429 1727/3428 1671/3427
f 1728/3430 1849/3139 1727/3400
f 1784/3100 1785/3114 1837/3198
f 1727/3400 1850/3102 1726/3426
f 1672/3431 1673/3432 1728/3433
f 1788/3120 1789/3187 1833/3322
f 1728/3433 1673/3432 1729/3434
f 1672/3431 1728/3433 1727/3428
f 1729/3435 1674/3436 1730/3437
f 1674/3436 1729/3435 1673/3432
f 1730/3438 1675/3439 1731/3440
f 1675/3439 1730/3438 1674/3436
f 1802/3327 1835/3196 1801/3373
f 1853/3179 1851/3178 1730/3441
f 1799/3370 1834/3190 1798/3368
f 1729/3397 1852/3111 1728/3433
f 1836/3197 1838/3375 1786/3091
f 1729/3397 1730/3437 1851/3148
f 1751/3442 1750/3443 1012/3444
f 1750/3118 1856/3117 1749/3274
f 1012/3444 1750/3443 1013/3445
f 1751/3442 1012/3444 1011/3354
f 1013/3446 1749/3447 1014/3448
f 1749/3447 1013/3446 1750/3118
f 1014/3449 1748/3450 1015/3451
f 1748/3450 1014/3449 1749/3447
f 1749/3274 1855/3273 1748/3450
f 1872/3299 1764/3242 1875/3300
f 1751/3180 1853/3179 1750/3443
f 1766/3264 1767/3257 1874/3270
f 1731/3452 1676/3453 1732/3454
f 1731/3416 1853/3116 1730/3438
f 1677/3455 1732/3454 1676/3453
f 1747/3097 1748/3307 1857/3419
f 1015/3456 1747/3457 1016/3458
f 1015/3456 1748/3450 1747/3457
f 1016/3459 1746/3460 1017/3461
f 1746/3460 1016/3459 1747/3097
f 1854/3462 1735/3421 1858/3093
f 1774/3158 1775/3221 1868/3069
f 1732/3422 1733/3415 1855/3273
f 1732/3422 1856/3272 1731/3452
f 1675/3439 1676/3453 1731/3440
f 1863/3124 1869/3081 1816/3392
f 1837/3198 1839/3213 1784/3100
f 1805/3214 1837/3423 1804/3403
f 1677/3463 1678/3464 1733/3465
f 1804/3377 1838/3200 1803/3404
f 1733/3465 1678/3464 1734/3466
f 1734/3095 1857/3419 1733/3465
f 1017/3467 1745/3468 1018/3469
f 1745/3468 1017/3467 1746/3460
f 1854/3462 1858/3093 1746/3424
f 1018/3469 1745/3468 1744/3420
f 1735/3421 1854/3462 1734/3095
f 1761/3290 1762/3064 1870/3248
f 1678/3464 1679/3470 1734/3466
f 1733/3465 1732/3422 1677/3463
f 1679/3471 1680/3472 1735/3473
f 1841/3167 1780/3228 1846/3170
f 1735/3473 1680/3472 1736/3094
f 1679/3470 1735/3473 1734/3466
f 1736/3474 1681/3475 1737/3476
f 1681/3475 1736/3474 1680/3472
f 1744/3420 1859/3275 1737/3083
f 1682/3477 1737/3476 1681/3475
f 1842/3235 1778/3230 1844/3152
f 1859/3275 1736/3094 1737/3083
f 1778/3203 1779/3207 1844/3152
f 1746/3424 1858/3093 1745/3468
f 1808/3412 1840/3225 1807/3413
f 1738/3478 1737/3476 1682/3477
f 1744/3479 1742/3480 1019/3481
f 1742/3480 1744/3479 1741/3418
f 1019/3481 1742/3480 39/3482
f 1744/3420 1019/3481 1018/3469
f 1742/3480 1743/3483 39/3482
f 1743/3483 1742/3480 1741/3418
f 39/3482 1743/3483 38/3484
f 1740/3485 1743/3483 1741/3418
f 1741/3418 1860/3084 1740/3485
f 38/3484 1743/3483 1740/3485
f 1860/3084 1738/3486 1740/3485
f 1739/3487 1740/3485 1738/3486
f 1739/3487 1738/3486 1683/3488
f 1860/3084 1737/3083 1738/3486
f 1740/3485 1739/3487 38/3484
f 1739/3487 37/3489 38/3484
f 37/3489 1739/3487 1684/3490
f 1684/3490 36/3491 37/3489
f 1850/3102 1847/3129 1726/3426
f 1739/3487 1683/3488 1684/3490
f 1879/3238 1768/3256 1861/3239
f 1839/3213 1845/3125 1783/3108
f 1682/3477 1683/3488 1738/3478
f 1852/3111 1849/3139 1728/3433
f 1871/3269 1766/3264 1874/3270
f 1751/3180 1752/3353 1851/3178
f 1876/3055 1760/3279 1877/3056
f 1821/3359 1820/3240 1715/3425
f 2039/3492 2055/3493 2040/3494
f 2009/3495 1690/3496 1689/3497
f 1691/3498 1690/3499 1897/3500
f 2052/3501 1917/3502 2058/3503
f 2052/3501 2058/3503 2035/3504
f 1693/3505 1692/3506 2006/3507
f 2038/3508 2028/3509 2042/3510
f 1694/3511 1693/3512 2005/3513
f 2007/3514 1692/3515 1691/3516
f 2044/3517 2029/3518 2046/3519
f 1880/3520 1689/3521 1688/3522
f 2038/3523 2037/3524 2021/3525
f 2064/3526 2065/3527 2032/3528
f 1696/3529 1695/3530 2003/3531
f 1697/3532 1696/3533 2002/3534
f 2110/3535 2031/3536 1900/3537
f 2110/3535 2017/3538 2031/3536
f 2030/3539 2047/3540 2048/3541
f 2023/3542 2014/3543 2025/3544
f 1700/3545 1699/3546 1999/3547
f 1698/3548 2000/3549 1699/3550
f 1997/3551 1702/3552 1701/3553
f 1697/3554 2001/3555 1698/3556
f 2035/3557 2041/3558 2057/3559
f 1694/3560 2004/3561 1695/3562
f 2473/3563 1908/3564 2471/3565
f 2021/3566 2078/3567 2080/3568
f 1909/3569 2051/3570 1908/3571
f 1989/3572 1710/3573 1709/3574
f 1988/3575 1710/3573 1989/3572
f 1712/3576 1711/3577 1987/3578
f 2134/3579 1920/3580 1921/3581
f 1987/3582 2224/3583 1986/3584
f 1988/3585 1987/3578 1711/3577
f 1711/3577 1710/3573 1988/3585
f 1712/3576 1987/3578 1986/3584
f 1709/3586 1708/3587 1990/3588
f 2109/3589 2194/3590 2027/3591
f 1993/3592 1706/3593 1705/3594
f 2472/3595 2471/3596 2019/3597
f 1995/3598 1704/3599 1703/3600
f 2032/3601 2018/3602 2017/3603
f 2052/3604 2034/3605 1916/3606
f 1994/3607 1705/3608 1704/3609
f 1991/3610 1708/3611 1707/3612
f 2017/3603 2113/3613 2032/3601
f 1991/3614 2236/3615 1990/3616
f 1989/3572 1709/3574 1990/3588
f 1992/3617 1707/3618 1706/3619
f 1991/3610 1990/3616 1708/3611
f 1996/3620 1703/3621 1702/3622
f 2081/3623 2168/3624 2150/3625
f 2024/3626 2023/3627 1903/3628
f 2171/3629 2225/3630 2367/3631
f 1701/3632 1700/3633 1998/3634
f 2037/3524 2038/3523 2054/3635
f 2009/3636 1881/3637 1898/3638
f 1881/3637 2009/3636 1880/3639
f 2009/3636 1898/3638 1897/3640
f 2009/3636 1897/3640 1690/3496
f 2008/3641 1691/3498 1897/3500
f 1897/3640 1898/3638 2010/3642
f 2006/3507 1692/3506 2007/3514
f 2010/3643 2018/3644 2050/3645
f 2018/3644 2010/3643 1898/3638
f 2008/3641 2007/3514 1691/3498
f 1899/3646 2018/3644 1898/3638
f 1693/3512 2006/3507 2005/3513
f 1881/3647 1882/3648 1899/3649
f 2068/3650 2067/3651 2057/3652
f 2035/3557 2057/3559 2067/3651
f 1882/3653 1883/3654 1900/3655
f 1900/3537 2031/3536 1899/3656
f 1899/3649 1882/3648 1900/3537
f 2025/3544 1902/3657 2023/3542
f 1901/3658 1900/3655 1883/3654
f 1884/3659 1901/3658 1883/3654
f 2032/3528 2065/3527 2050/3660
f 2105/3661 2103/3662 2104/3663
f 1881/3647 1899/3649 1898/3638
f 2070/3664 2057/3665 2013/3666
f 2006/3507 2007/3514 2065/3667
f 1695/3562 2004/3561 2003/3531
f 2085/3668 2083/3669 2033/3670
f 1698/3556 2001/3555 2000/3549
f 1995/3598 1994/3607 1704/3599
f 2238/3671 2307/3672 2309/3673
f 1991/3610 1707/3612 1992/3617
f 2135/3674 2219/3675 2136/3676
f 1706/3619 1993/3592 1992/3617
f 1994/3607 1993/3592 1705/3608
f 2177/3677 2243/3678 2134/3679
f 2145/3680 1995/3681 2141/3682
f 1694/3511 2005/3513 2004/3561
f 2001/3555 1697/3554 2002/3534
f 2094/3683 2096/3684 2090/3685
f 2000/3549 1999/3547 1699/3550
f 2156/3686 2155/3687 2093/3688
f 2081/3689 2151/3690 2084/3691
f 1701/3553 1998/3634 1997/3551
f 2148/3692 2105/3693 2191/3694
f 1996/3620 1995/3598 1703/3621
f 2192/3695 2190/3696 2105/3697
f 1997/3551 1996/3620 1702/3552
f 1999/3547 1998/3634 1700/3545
f 2077/3698 2074/3699 2076/3700
f 2162/3701 2167/3702 2160/3703
f 2003/3531 2002/3534 1696/3529
f 2087/3704 2092/3705 2049/3706
f 1997/3707 2148/3708 2149/3709
f 2223/3710 2237/3711 2222/3712
f 1689/3497 1880/3520 2009/3495
f 2068/3713 2066/3714 2074/3715
f 2238/3716 2313/3717 2236/3718
f 1910/3719 1911/3720 2059/3721
f 2032/3528 2011/3722 2064/3526
f 1982/3723 1717/3724 1716/3725
f 1981/3726 1717/3724 1982/3723
f 1719/3727 1718/3728 1980/3729
f 2036/3730 2034/3731 2020/3732
f 1980/3733 2372/3734 1979/3735
f 1981/3736 1980/3729 1718/3728
f 1718/3728 1717/3724 1981/3736
f 1719/3727 1980/3729 1979/3735
f 1716/3737 1715/3738 1983/3739
f 1950/3740 2196/3741 1949/3742
f 1713/3743 1986/3744 1985/3745
f 1986/3744 1713/3743 1712/3576
f 2337/3746 2470/3747 2411/3748
f 1713/3743 1985/3745 1714/3749
f 1716/3725 1983/3739 1982/3723
f 1715/3750 1714/3751 1984/3752
f 2393/3753 2182/3754 2254/3755
f 1983/3739 1715/3738 1984/3752
f 1714/3751 1985/3745 1984/3752
f 1981/3726 1982/3723 2259/3756
f 1983/3739 2255/3757 1982/3723
f 2024/3758 2026/3759 2014/3760
f 2036/3761 2021/3525 2037/3524
f 2321/3762 2373/3763 2374/3764
f 1976/3765 1722/3766 1977/3767
f 2145/3680 2141/3682 2143/3768
f 1977/3767 1722/3766 1721/3769
f 1722/3766 1976/3765 1723/3770
f 1669/3771 1723/3772 1975/3773
f 2042/3510 2028/3509 2043/3774
f 1975/3773 1974/3775 1669/3771
f 1975/3773 1723/3772 1976/3765
f 2329/3776 2398/3777 2399/3778
f 1669/3771 1974/3775 1670/3779
f 1976/3765 1977/3767 2327/3780
f 1958/3781 2048/3782 1957/3783
f 1978/3784 1721/3785 1720/3786
f 1721/3769 1978/3784 1977/3767
f 1971/3787 1972/3788 2277/3789
f 1979/3790 1978/3784 1720/3786
f 1720/3786 1719/3727 1979/3790
f 2328/3791 2254/3792 2327/3793
f 1670/3794 1973/3795 1671/3796
f 1670/3779 1974/3775 1973/3795
f 1671/3797 1972/3798 1672/3799
f 1972/3798 1671/3797 1973/3795
f 1976/3765 2448/3800 1975/3773
f 2062/3801 2044/3802 1955/3803
f 2320/3804 1978/3784 1979/3790
f 2254/3755 2182/3754 2401/3805
f 2041/3806 2039/3807 2022/3808
f 2144/3809 2142/3810 2143/3811
f 1985/3745 1986/3744 2298/3812
f 2024/3758 1905/3813 2026/3759
f 1672/3814 1971/3815 1673/3816
f 1971/3815 1672/3814 1972/3788
f 1673/3816 1971/3815 1970/3817
f 2034/3605 2052/3604 2035/3504
f 1970/3817 1674/3818 1673/3816
f 1674/3818 1970/3817 1969/3819
f 1969/3819 1675/3820 1674/3818
f 1675/3820 1969/3819 1968/3821
f 2133/3822 2209/3823 2211/3824
f 2195/3825 2088/3826 2089/3827
f 2422/3828 1971/3787 2277/3789
f 2045/3829 2062/3830 2047/3831
f 1968/3832 1967/3833 1676/3834
f 2128/3835 2131/3836 2133/3837
f 1676/3834 1967/3833 1677/3838
f 1968/3821 1676/3834 1675/3820
f 2092/3705 2170/3839 2049/3706
f 1678/3840 1677/3841 1966/3842
f 1966/3842 1965/3843 1678/3840
f 2120/3844 2030/3845 2117/3846
f 1677/3841 1967/3833 1966/3842
f 1678/3840 1965/3843 1679/3847
f 2107/3848 2123/3849 2125/3850
f 2361/3851 2139/3852 2029/3853
f 2215/3854 2476/3855 2474/3856
f 2048/3857 1961/3858 2117/3859
f 1679/3860 1964/3861 1680/3862
f 1679/3860 1965/3843 1964/3861
f 1680/3862 1964/3861 1963/3863
f 2008/3641 2050/3864 2007/3514
f 1681/3865 1963/3866 1962/3867
f 1963/3866 1681/3865 1680/3862
f 1682/3868 1962/3869 1961/3870
f 1962/3869 1682/3868 1681/3865
f 2122/3871 2107/3872 2197/3873
f 2165/3874 2082/3875 2157/3876
f 2139/3877 2196/3878 2138/3879
f 2140/3880 2046/3881 2138/3882
f 1683/3883 1961/3884 1684/3885
f 1961/3884 1683/3883 1682/3868
f 1684/3886 1959/3887 36/3888
f 1958/3889 1959/3887 1684/3886
f 1684/3885 1961/3884 1958/3889
f 2037/3524 2053/3890 2036/3761
f 36/3891 1958/3892 1960/3893
f 1958/3889 36/3891 1959/3887
f 1960/3893 35/3894 36/3891
f 35/3894 1960/3893 1958/3892
f 35/3894 1958/3892 1957/3783
f 2037/3524 2054/3635 1913/3895
f 1958/3889 1961/3884 2048/3782
f 2020/3896 2035/3557 2067/3651
f 2126/3897 1964/3861 1965/3843
f 2034/3898 2053/3899 1915/3900
f 2211/3901 2102/3902 2216/3903
f 2068/3650 2057/3652 2070/3664
f 2298/3904 2224/3905 2226/3906
f 2056/3907 2013/3666 2057/3665
f 1901/3658 1884/3659 1902/3908
f 2069/3909 2165/3910 2158/3911
f 1916/3606 2034/3605 1915/3900
f 1885/3912 1902/3908 1884/3659
f 1903/3913 1902/3908 1885/3912
f 2035/3557 2020/3896 2034/3605
f 943/3914 1918/3915 1917/3916
f 1919/3917 2039/3918 1918/3919
f 1916/3920 944/3921 1917/3922
f 945/3923 944/3921 1916/3920
f 2076/3924 2078/3925 2036/3926
f 943/3914 1917/3916 944/3921
f 1916/3920 1915/3900 945/3923
f 2056/3907 2057/3665 2041/3558
f 2024/3626 2014/3760 2023/3627
f 1886/3927 1903/3913 1885/3912
f 947/3928 1913/3929 948/3930
f 2053/3899 2034/3898 2036/3761
f 1915/3900 946/3931 945/3923
f 1915/3900 1914/3932 946/3931
f 1906/3933 2027/3934 2026/3935
f 947/3936 946/3931 1914/3932
f 1914/3932 1913/3929 947/3936
f 2111/3937 2110/3938 2025/3939
f 1904/3940 1903/3913 1886/3927
f 1914/3932 2037/3524 1913/3929
f 2007/3514 2050/3864 2065/3667
f 2039/3807 2041/3806 2058/3941
f 1920/3942 1919/3943 941/3944
f 2219/3675 2220/3945 2136/3676
f 2008/3641 1897/3500 2010/3642
f 1920/3942 941/3944 940/3946
f 1921/3947 940/3948 1922/3949
f 940/3948 1921/3947 1920/3942
f 1922/3950 939/3951 1923/3952
f 939/3951 1922/3950 940/3948
f 1899/3656 2031/3536 2018/3644
f 1924/3953 2314/3954 2240/3955
f 941/3944 1919/3943 942/3956
f 2039/3807 2040/3494 2022/3808
f 1902/3657 2025/3544 1901/3658
f 939/3951 938/3957 1923/3952
f 2088/3958 2471/3959 2033/3960
f 2000/3549 2190/3961 1999/3547
f 1919/3943 1918/3919 942/3956
f 1923/3952 938/3957 937/3962
f 1924/3963 937/3964 1925/3965
f 937/3962 1924/3963 1923/3952
f 1925/3966 936/3967 1926/3968
f 936/3967 1925/3966 937/3964
f 2053/3899 1914/3932 1915/3900
f 2227/3969 1925/3966 1926/3968
f 2149/3709 1996/3620 1997/3707
f 2304/3970 2232/3971 2234/3972
f 1918/3919 943/3914 942/3956
f 2318/3973 2239/3974 2240/3975
f 2163/3976 2164/3977 2093/3978
f 2239/3979 1922/3950 1923/3952
f 1907/3980 1906/3981 954/3982
f 2014/3760 2026/3759 2027/3934
f 954/3982 1906/3981 955/3983
f 1907/3980 954/3982 953/3984
f 1909/3569 1908/3571 952/3985
f 2075/3986 2060/3987 2043/3988
f 2083/3669 2085/3668 2075/3989
f 953/3990 952/3985 1908/3571
f 1908/3571 1907/3980 953/3990
f 1909/3569 952/3985 951/3991
f 1962/3869 2117/3859 1961/3870
f 2170/3992 2005/3513 2006/3507
f 1887/3993 958/3994 957/3995
f 2064/3526 2049/3996 2065/3527
f 2055/3997 1919/3943 1920/3942
f 1887/3993 957/3995 1904/3998
f 1905/3999 955/3983 1906/3981
f 955/3983 1905/3999 956/4000
f 1904/4001 956/4000 1905/3999
f 956/4000 1904/4001 957/3995
f 2024/3758 1904/4001 1905/3813
f 1917/3502 1918/3915 2058/3503
f 2037/3524 1914/3932 2053/3890
f 1887/3993 1904/3998 1886/3927
f 1905/3999 1906/3981 2026/3759
f 2060/4002 1910/3719 2059/3721
f 1912/4003 1911/4004 949/4005
f 1912/4003 2042/4006 1911/4004
f 949/4005 1911/4004 950/4007
f 1912/4003 949/4005 948/4008
f 936/3967 935/4009 1926/3968
f 2121/4010 2205/4011 2122/4012
f 1926/4013 934/4014 1927/4015
f 1913/3895 2054/3635 1912/4016
f 1926/4013 935/4009 934/4014
f 2301/4017 2230/4018 2228/4019
f 2050/3645 2008/3641 2010/3643
f 948/3930 1913/3929 1912/4003
f 2077/4020 2067/3651 2068/3650
f 950/4021 1910/4022 951/4023
f 1919/3943 2055/3997 2039/3918
f 2061/4024 2119/4025 2016/4026
f 1910/4022 1909/3569 951/4023
f 950/4021 1911/4004 1910/4022
f 1928/4027 933/4028 1929/4029
f 1928/4027 1927/4030 933/4028
f 1929/4031 932/4032 931/4033
f 932/4032 1929/4031 933/4028
f 2110/3938 1901/3658 2025/3939
f 2470/4034 2414/4035 2184/4036
f 2027/3934 1906/3933 1907/3980
f 933/4028 1927/4030 934/4014
f 2042/3510 2043/3774 2059/4037
f 2234/4038 2300/4039 2228/4040
f 2055/3493 2134/4041 2040/3494
f 2025/3544 2014/3543 2194/4042
f 2006/3507 2065/3667 2049/3996
f 2265/4043 2261/4044 2263/4045
f 1931/4046 1930/4047 931/4048
f 931/4033 1930/4047 1929/4031
f 1904/4001 2024/3758 1903/3913
f 1931/4046 931/4048 930/4049
f 1933/4050 1934/4051 2323/4052
f 1931/4046 930/4049 1932/4053
f 929/4054 1933/4055 1932/4056
f 1933/4055 929/4054 928/4057
f 930/4049 929/4054 1932/4053
f 2377/4058 1935/4059 2325/4060
f 2473/4061 2472/4062 2027/4063
f 2261/4064 1932/4065 2335/4066
f 928/4067 927/4068 1934/4069
f 2018/3602 2031/3536 2017/3603
f 1934/4069 927/4068 926/4070
f 928/4067 1934/4069 1933/4055
f 1935/4071 926/4072 925/4073
f 926/4072 1935/4071 1934/4069
f 1936/4074 925/4075 924/4076
f 925/4073 1936/4074 1935/4071
f 2020/4077 2077/3698 2076/3700
f 1938/4078 1939/4079 2346/4080
f 2052/3501 1916/3606 1917/3502
f 2380/4081 2181/4082 2378/4083
f 2138/4084 1950/4085 1951/4086
f 2418/4087 2324/4088 2377/4089
f 1956/4090 1957/4091 2047/4092
f 2029/4093 2045/4094 2061/4095
f 2061/4095 2045/4094 2030/4096
f 1957/4091 1956/4090 34/4097
f 2048/3782 2047/3540 1957/3783
f 34/4097 1956/4090 33/4098
f 1955/4099 32/4100 33/4101
f 32/4100 1955/4099 1954/4102
f 1956/4090 1955/4099 33/4098
f 1910/3719 2060/4002 1909/3569
f 1954/4102 31/4103 32/4100
f 1957/4091 34/4097 35/3894
f 1937/4104 924/4105 923/4106
f 924/4105 1937/4104 1936/4074
f 1938/4078 923/4107 1939/4079
f 923/4106 1938/4078 1937/4104
f 2056/3907 2041/3558 2022/3808
f 2278/4108 2347/4109 2423/4110
f 31/4111 1953/4112 30/4113
f 31/4111 1954/4102 1953/4112
f 2349/4114 1943/4115 2348/4116
f 1953/4112 1952/4117 30/4113
f 2044/3517 2046/3519 2063/4118
f 2060/4002 2051/3570 1909/3569
f 923/4107 922/4119 1939/4079
f 2381/4120 2380/4081 2378/4083
f 2347/4109 2278/4108 2346/4121
f 2018/3602 2032/3601 2050/3645
f 2081/3623 2150/3625 2080/4122
f 1931/4046 2265/4123 1930/4047
f 921/4124 1940/4125 1939/4126
f 2062/3801 1955/3803 1956/4090
f 1940/4125 921/4124 920/4127
f 1943/4115 1944/4128 2348/4116
f 1941/4129 920/4130 919/4131
f 920/4130 1941/4129 1940/4125
f 1942/4132 919/4133 1943/4134
f 919/4133 1942/4132 1941/4129
f 2045/4094 2047/3831 2030/4096
f 1947/4135 2354/4136 1946/4137
f 2471/3959 2051/4138 2033/3960
f 1941/4129 1942/4132 2351/4139
f 1943/4140 192/4141 1888/4142
f 192/4141 1943/4140 919/4133
f 2140/3880 2063/4118 2046/3881
f 1943/4115 1888/4142 1944/4128
f 1948/4143 2282/4144 1947/4145
f 1945/4146 1944/4147 1889/4148
f 1946/4149 1889/4150 1890/4151
f 1889/4150 1946/4149 1945/4146
f 1944/4128 1888/4142 1889/4148
f 2197/4152 2016/4026 2119/4025
f 2044/3517 2063/4118 1954/4153
f 1944/4147 1945/4146 2280/4154
f 2042/4006 1912/4003 2054/3635
f 2282/4155 2283/4156 2193/4157
f 2193/4157 2283/4156 2353/4158
f 1892/4159 1949/4160 1948/4161
f 1893/4162 1950/3740 1949/3742
f 2044/3517 2045/4094 2029/3518
f 1953/4112 1954/4102 2063/4118
f 1895/4163 1952/4164 1951/4165
f 29/4166 30/4113 1952/4117
f 1896/4167 29/4166 1952/4117
f 1894/4168 1951/4086 1950/4085
f 1953/4112 2140/4169 1952/4117
f 1948/4143 1947/4145 1891/4170
f 2044/3802 1954/4153 1955/3803
f 1890/4171 1891/4170 1947/4145
f 2047/4092 2062/3830 1956/4090
f 1892/4159 1893/4162 1949/4160
f 2030/3845 2120/3844 2119/4172
f 2061/4024 2016/4026 2362/4173
f 1891/4170 1892/4159 1948/4143
f 1894/4168 1895/4163 1951/4086
f 2075/3986 2043/3988 2082/4174
f 1896/4167 28/4175 29/4166
f 2042/3510 2059/4037 1911/4004
f 2060/3987 2059/3721 2043/3988
f 1895/4163 1896/4167 1952/4164
f 2051/3570 2060/4002 2033/3960
f 1893/4162 1894/4168 1950/3740
f 1947/4135 1946/4137 1890/4171
f 2042/4006 2054/3635 2038/3508
f 2044/3802 2062/3801 2045/4094
f 1939/4126 922/4119 921/4124
f 2134/3579 2055/3493 1920/3580
f 2058/3941 2041/3806 2035/3504
f 2112/4176 2115/4177 2011/4178
f 1903/3628 2023/3627 1902/3908
f 2066/3714 2068/3713 2070/3664
f 2039/3807 2058/3941 1918/3919
f 2087/4179 2011/4178 2115/4177
f 2070/3664 2013/3666 2073/4180
f 1998/3634 2148/3708 1997/3551
f 2144/4181 2013/3666 2056/3907
f 1995/3681 1996/3620 2141/3682
f 2066/3714 2070/3664 2072/4182
f 2072/4182 2070/3664 2073/4180
f 2143/3811 2071/4183 2144/3809
f 2072/4182 2073/4180 2071/4184
f 2153/4185 2159/4186 2166/4187
f 2074/3699 2012/4188 2076/3700
f 2082/4174 2043/3988 2028/3509
f 2075/3989 2069/4189 2083/3669
f 2078/3925 2076/3924 2012/4188
f 2036/3730 2020/3732 2076/3924
f 2067/3651 2077/4020 2020/3896
f 2074/3715 2077/3698 2068/3713
f 2080/3568 2078/3567 2159/4190
f 2036/3761 2078/3925 2021/3525
f 2166/4191 2104/3663 2103/3662
f 2162/4192 2002/4193 2161/4194
f 2159/4190 2078/3567 2012/4188
f 2080/4122 2079/4195 2081/3623
f 2151/3690 2081/3689 2079/4195
f 2028/3509 2038/3508 2168/4196
f 2028/3509 2084/4197 2082/4174
f 2015/4198 2156/4199 2157/4200
f 2089/4201 2083/4202 2091/4203
f 2471/3959 2088/3958 2019/3597
f 2084/4197 2028/3509 2168/4196
f 2157/4200 2084/4204 2015/4198
f 2033/3670 2060/4002 2085/3668
f 2075/3986 2085/3668 2060/3987
f 2090/3685 2092/4205 2094/3683
f 2064/3526 2087/3704 2049/3996
f 2011/4178 2087/4179 2064/3526
f 2094/3683 2092/4205 2086/4206
f 2033/3670 2083/3669 2088/3958
f 2089/3827 2088/3826 2083/4202
f 2091/4203 2083/4202 2069/4189
f 2019/4207 2195/4208 2114/4209
f 2091/4203 2086/4210 2089/4201
f 2004/3561 2005/3513 2169/4211
f 2015/4198 2154/4212 2156/4199
f 2086/4210 2091/4203 2094/3683
f 2086/4206 2092/4205 2087/3704
f 2169/4213 2170/4214 2090/4215
f 2151/4216 2154/4212 2015/4198
f 2169/4211 2164/4217 2004/3561
f 2091/4203 2095/4218 2094/3683
f 2094/3683 2095/4218 2096/3684
f 2069/4189 2095/4218 2091/4203
f 2095/4218 2093/4219 2096/3684
f 2093/3978 2155/3687 2163/3976
f 2096/4220 2164/4217 2169/4211
f 1989/3572 2249/4221 1988/3575
f 2232/4222 1927/4030 1928/4027
f 2227/3969 2231/4223 1925/3966
f 2313/4224 1989/3572 1990/3588
f 2325/4060 1935/4059 1936/4074
f 2321/4225 2372/4226 2322/4227
f 2256/4228 2330/4229 2331/4230
f 1931/4046 1932/4053 2261/4064
f 2398/4231 1973/3795 1974/3775
f 2432/4232 2426/4233 2460/4234
f 2291/4235 2208/4236 2292/4237
f 2348/4238 2280/4239 2279/4240
f 2160/4241 2153/4242 2103/4243
f 2012/4188 2074/3699 2104/4244
f 2066/3714 2191/4245 2074/3715
f 2148/3692 2191/3694 2072/4246
f 2191/3694 2105/3693 2104/3663
f 1998/3634 1999/3547 2192/4247
f 2154/4212 2151/4216 2152/4248
f 2153/4249 2167/4250 2152/4251
f 2127/4252 2126/3897 1965/3843
f 2218/4253 2102/4254 2215/4255
f 2286/4256 2200/4257 2202/4258
f 2354/4259 2193/4260 2355/4261
f 2011/3722 2032/3528 2113/3613
f 2113/4262 2110/3938 2111/3937
f 1901/3658 2110/3938 1900/3655
f 2025/3939 2194/4042 2111/3937
f 2112/4263 2111/4264 2109/4265
f 2112/4176 2011/4178 2113/3613
f 2109/4265 2114/4266 2112/4263
f 2115/4267 2195/4268 2086/4269
f 2110/3938 2113/4262 2017/3538
f 2111/3937 2112/4263 2113/4262
f 2472/4270 2114/4266 2109/4265
f 2019/3597 2088/3958 2195/4208
f 2087/4179 2115/4177 2086/4206
f 2112/4176 2114/4266 2115/4177
f 2361/4271 2362/4272 2285/4273
f 2361/4271 2285/4273 2116/4274
f 2118/4275 2120/4276 2121/4277
f 2048/3541 2117/3859 2030/3539
f 2117/3859 1962/3869 2121/4278
f 2118/4279 2122/3871 2197/3873
f 2030/4096 2119/4172 2061/4095
f 2197/4152 2119/4025 2118/4279
f 2121/4277 2120/4276 2117/3859
f 2119/4172 2120/3844 2118/4279
f 1962/3867 1963/3866 2121/4278
f 1964/3861 2123/4280 1963/3863
f 2118/4275 2121/4277 2122/3871
f 2205/4011 2121/4010 1963/3866
f 1966/3842 2127/4252 1965/3843
f 2107/3872 2122/3871 2123/3849
f 2124/4281 2126/3897 2127/4252
f 2199/4282 2203/4283 2198/4284
f 2126/3897 2123/4280 1964/3861
f 2199/4282 2198/4284 2202/4285
f 2124/4281 2125/4286 2126/3897
f 2126/3897 2125/4286 2123/4280
f 1967/3833 2206/4287 1966/3842
f 2206/4288 2207/4289 2130/4290
f 2124/4281 2127/4252 2129/4291
f 2129/4291 2127/4252 2130/4292
f 1966/3842 2206/4287 2127/4252
f 2128/4293 2201/4294 2204/4295
f 2207/4296 1967/3833 1968/3832
f 2128/3835 2129/4297 2131/3836
f 2129/4297 2130/4292 2131/3836
f 2289/4298 2132/4299 2133/4300
f 1970/3817 2291/4301 1969/3819
f 2132/4299 2289/4298 2292/4302
f 2290/4303 2131/3836 2130/4292
f 2209/3823 2133/3822 2132/4299
f 2241/4304 1922/3950 2239/3979
f 2221/4305 2147/4306 2222/4307
f 2221/4308 2145/4309 2146/4310
f 2040/3494 2134/4041 2137/4311
f 2177/3677 2134/3679 1921/3581
f 2146/4312 2219/3675 2135/3674
f 2243/3678 2137/4311 2134/3679
f 2220/3945 2137/4313 2136/3676
f 2140/3880 2138/3882 1951/4086
f 2139/3877 2138/3879 2046/3881
f 2029/3518 2139/3852 2046/3519
f 2139/3877 2116/4314 2196/3878
f 1952/4164 2140/4169 1951/4165
f 2063/4118 2140/3880 1953/4112
f 2149/3709 2141/3682 1996/3620
f 2143/3768 2141/3682 2071/4183
f 2144/4181 2073/4180 2013/3666
f 2146/4310 2145/4309 2142/4315
f 2144/3809 2071/4183 2073/4180
f 2143/3811 2142/3810 2145/3680
f 2022/3808 2295/4316 2056/3907
f 2137/4311 2220/3945 2040/3494
f 2142/4315 2219/3675 2146/4310
f 1995/3681 2145/3680 1994/3607
f 2147/4317 2146/4312 2135/3674
f 1994/3607 2221/4318 1993/3592
f 2136/3676 2137/4313 2243/3678
f 1992/3617 1993/3592 2222/4319
f 2148/3708 1998/3634 2192/4247
f 2149/3709 2148/3708 2072/4246
f 2072/4246 2071/4184 2149/3709
f 2141/3682 2149/3709 2071/4183
f 2038/3523 2021/3525 2150/4320
f 2080/4122 2150/3625 2021/3566
f 2152/4248 2151/4216 2079/4195
f 2084/3691 2151/3690 2015/4198
f 2153/4249 2152/4251 2079/4195
f 2152/4248 2106/4321 2154/4212
f 2159/4186 2153/4185 2079/4195
f 2160/4241 2103/4243 2190/4322
f 2155/4323 2154/4212 2106/4321
f 2154/4212 2155/4323 2156/4199
f 2106/4321 2161/4324 2155/4323
f 2161/4194 2002/4193 2163/4325
f 2158/4326 2093/4219 2095/4218
f 2157/3876 2082/3875 2084/4204
f 2158/4327 2157/4200 2156/4199
f 2075/3989 2165/3910 2069/4189
f 2093/4219 2158/4326 2156/3686
f 2069/3909 2158/3911 2095/4218
f 2080/3568 2159/4190 2079/4195
f 2166/4191 2012/4188 2104/3663
f 2000/3549 2001/3555 2160/4328
f 2001/3555 2002/3534 2162/4192
f 2161/4194 2106/4321 2162/4192
f 2163/4325 2002/4193 2003/3531
f 2167/3702 2162/3701 2106/4321
f 2160/4328 2001/3555 2162/3701
f 2164/3977 2163/3976 2003/3531
f 2155/4323 2161/4324 2163/3976
f 2004/3561 2164/4217 2003/3531
f 2093/3978 2164/3977 2096/3684
f 2082/3875 2165/3874 2075/3986
f 2158/4327 2165/3910 2157/4200
f 2153/4185 2166/4187 2103/4243
f 2012/4188 2166/4191 2159/4190
f 2152/4251 2167/4250 2106/4321
f 2153/4249 2160/4241 2167/4250
f 2150/4320 2168/3624 2038/3523
f 2084/4197 2168/4196 2081/3689
f 2170/3992 2169/4213 2005/3513
f 2096/4220 2169/4211 2090/3685
f 2049/3706 2170/3839 2006/3507
f 2090/4215 2170/4214 2092/4205
f 2178/4329 2311/4330 2367/4331
f 2256/4332 2333/4333 2404/4334
f 2296/4335 2302/4336 2303/4337
f 1924/3963 1925/3965 2231/4223
f 2370/4338 2414/4339 2233/4340
f 2306/4341 2233/4342 2305/4343
f 1992/3617 2222/4319 2237/3711
f 2136/3676 2319/4344 2135/3674
f 2308/4345 2307/4346 2174/4347
f 2174/4348 2248/4349 2245/4350
f 2176/4351 2177/4352 1922/4353
f 2176/4354 2244/4355 2242/4356
f 1922/4353 2177/4352 1921/3947
f 2243/4357 2176/4354 2242/4356
f 2310/4358 2309/4359 2098/4360
f 2225/3630 2171/3629 2224/4361
f 2322/4362 1980/3729 1981/3736
f 2269/4363 2267/4364 2180/4365
f 2179/4366 2373/4367 2340/4368
f 2264/4369 2411/4370 2336/4371
f 2325/4372 2326/4373 2253/4374
f 1938/4078 2346/4080 2382/4375
f 2380/4376 2390/4377 2392/4378
f 2403/4379 2329/4380 2401/4381
f 2255/4382 2330/4383 2258/4384
f 2407/4385 2405/4386 2334/4387
f 2331/4230 2333/4333 2256/4228
f 2235/4388 2173/4389 2232/4390
f 2323/4391 2262/4392 2335/4393
f 2269/4363 2275/4394 2267/4364
f 2398/4231 2400/4395 1973/3795
f 2294/4396 2210/4397 2212/4398
f 2182/3754 2393/3753 2396/4399
f 2378/4400 2253/4374 2326/4373
f 2280/4401 2358/4402 2357/4403
f 2356/4404 2284/4405 2355/4406
f 2212/4407 2215/4408 2209/4409
f 2427/4410 2429/4411 2387/4412
f 2160/4328 2190/4322 2000/3549
f 2105/3661 2190/3696 2103/3662
f 2074/3715 2191/4245 2104/4244
f 2191/3694 2066/3714 2072/4246
f 2190/3696 2192/3695 1999/3547
f 2148/3708 2192/4247 2105/3693
f 1948/4161 1949/4160 2283/4413
f 2193/4260 2108/4414 2355/4261
f 2027/3591 2194/3590 2014/3760
f 2111/4264 2194/4042 2109/4265
f 2086/4269 2195/4268 2089/4201
f 2114/4266 2195/4208 2115/4177
f 2196/3878 1950/3740 2138/3879
f 2196/3878 2116/4314 2363/4415
f 2107/4416 2199/4282 2202/4285
f 2193/4260 2353/4158 2108/4414
f 2199/4282 2107/4416 2125/3850
f 2204/4417 2203/4283 2199/4282
f 2125/4286 2124/4281 2199/4282
f 2204/4418 2124/4281 2129/4291
f 2016/4026 2197/4152 2200/4419
f 2200/4257 2197/4152 2202/4258
f 2128/4420 2211/4421 2214/4422
f 2357/4423 2359/4424 2477/4425
f 2202/4258 2198/4284 2286/4256
f 2107/4416 2202/4285 2197/3873
f 2204/4418 2199/4282 2124/4281
f 2287/4426 2203/4427 2201/4428
f 2128/3835 2204/4295 2129/4297
f 2203/4427 2204/4417 2201/4428
f 1963/3866 2123/4280 2205/4011
f 2122/4012 2205/4011 2123/3849
f 2207/4289 2206/4288 1967/3833
f 2127/4252 2206/4287 2130/4292
f 2292/4429 2364/4430 1969/4431
f 2290/4432 2207/4433 2289/4434
f 2422/4435 2344/4436 2345/4437
f 2294/4396 2439/4438 2210/4397
f 2209/4409 2132/4299 2212/4407
f 2211/3901 2209/3823 2102/3902
f 2365/4439 2294/4396 2212/4398
f 2101/4440 2464/4441 2429/4442
f 2213/4443 2216/4444 2434/4445
f 2133/3837 2211/3824 2128/3835
f 2132/4446 2293/4447 2365/4448
f 2209/3823 2215/4408 2102/3902
f 2359/4424 2357/4423 2284/4449
f 2128/4293 2214/4422 2201/4294
f 2216/3903 2214/4422 2211/3901
f 2201/4428 2288/4450 2287/4426
f 2210/4397 2476/4451 2212/4398
f 2474/4452 2217/4453 2218/4454
f 2102/4254 2218/4253 2434/4455
f 2214/4422 2216/3903 2213/4443
f 2437/4456 2349/4457 2350/4458
f 2434/4455 2218/4253 2217/4453
f 2474/3856 2218/4454 2215/3854
f 2434/4455 2217/4453 2433/4459
f 2142/3810 2144/3809 2219/3675
f 2056/3907 2295/4316 2144/4181
f 2295/4316 2219/3675 2144/4181
f 2022/3808 2040/3494 2220/3945
f 2145/3680 2221/4308 1994/3607
f 2147/4317 2221/4305 2146/4312
f 2221/4318 2222/4307 1993/3592
f 2223/3710 2222/3712 2147/4306
f 2319/4344 2247/4460 2135/3674
f 2236/4461 2237/4462 2174/4463
f 2297/4464 1987/3578 1988/3585
f 2171/3629 2368/4465 2224/4361
f 2297/4464 2224/3583 1987/3578
f 2225/4466 2297/4467 2249/4468
f 2303/4469 2299/4470 2368/4471
f 2258/4384 2183/4472 2255/4382
f 1926/4013 1927/4015 2304/4473
f 2231/4223 2227/3969 2317/4474
f 2172/4475 2227/4476 2230/4477
f 2304/4478 2230/4477 2227/4476
f 2310/4479 2317/4480 2312/4481
f 2229/4482 2315/4483 2240/4484
f 2304/4478 2227/4476 1926/4013
f 2301/4017 2228/4019 2300/4039
f 2317/4474 2227/3969 2172/4475
f 2231/4485 2229/4486 2314/4487
f 2305/4488 1928/4027 1929/4029
f 2234/3972 2232/3971 2173/4389
f 2232/4390 2305/4489 2235/4388
f 2306/4490 1929/4031 1930/4047
f 2300/4039 2234/4038 2173/4389
f 2234/4038 2228/4040 2304/3970
f 2305/4489 2232/4390 1928/4027
f 2457/4491 2233/4340 2414/4339
f 2237/4462 2236/4461 1991/3614
f 2238/3716 2236/3718 2174/4463
f 1992/3617 2237/3711 1991/3610
f 2237/3711 2223/3710 2248/4492
f 2307/3672 2238/3671 2174/4347
f 2238/4493 2178/4494 2249/4495
f 2240/3975 2239/3974 1923/3952
f 2241/4304 2239/3979 2175/4496
f 1924/3953 2240/3955 1923/3952
f 2316/4497 2315/4483 2229/4482
f 2241/4304 2175/4496 2244/4498
f 1922/3950 2241/4304 2176/4351
f 2176/4351 2241/4304 2244/4355
f 2246/4499 2223/4500 2247/4501
f 2176/4354 2243/4357 2177/4352
f 2243/4357 2242/4356 2319/4502
f 2245/4503 2244/4498 2175/4496
f 2247/4501 2223/4500 2147/4306
f 2308/4504 2245/4505 2371/4506
f 2174/4463 2237/4462 2248/4349
f 2242/4356 2244/4355 2246/4507
f 2245/4503 2246/4507 2244/4498
f 2135/3674 2247/4460 2147/4317
f 2242/4356 2246/4507 2247/4501
f 2223/3710 2246/4499 2248/4492
f 2245/4503 2248/4349 2246/4507
f 2249/4221 1989/3572 2313/4224
f 2225/4466 2249/4468 2178/4494
f 2274/4508 2343/4509 2179/4510
f 2254/3755 2328/3791 2393/3753
f 2259/3756 1982/3723 2255/3757
f 2183/4511 2405/4512 2257/4513
f 2181/4514 2377/4515 2253/4516
f 2267/4517 2266/4518 2262/4519
f 2326/4520 1936/4074 1937/4104
f 2418/4087 2377/4089 2181/4514
f 1977/3767 1978/3784 2328/4521
f 2254/3755 2401/3805 2399/4522
f 2330/4523 1983/3739 1984/3752
f 2257/4513 2255/4382 2183/4511
f 2331/4524 1984/3752 1985/3745
f 2368/4465 2226/3906 2224/4361
f 2406/4525 2334/4387 2405/4386
f 2257/4526 2251/4527 2322/4528
f 2330/4383 2255/4382 1983/3739
f 2404/4334 2258/4529 2256/4332
f 2255/3757 2257/4513 2259/3756
f 1981/3726 2259/3756 2257/4513
f 2263/4530 2264/4369 2336/4371
f 2336/4531 2306/4532 2369/4533
f 1932/4065 1933/4055 2335/4066
f 2261/4044 2266/4534 2263/4045
f 2267/4364 2252/4535 2180/4365
f 2263/4045 2266/4534 2185/4536
f 2263/4045 2185/4536 2264/4369
f 2265/4043 2263/4045 2260/4537
f 2339/4538 2264/4369 2185/4536
f 2411/3748 2412/4539 2337/3746
f 2265/4043 2260/4537 2369/4540
f 1931/4046 2261/4064 2265/4123
f 2261/4044 2262/4519 2266/4534
f 2262/4519 2252/4535 2267/4517
f 2273/4541 2268/4542 2276/4543
f 2266/4518 2267/4517 2275/4394
f 2179/4366 2340/4368 2274/4508
f 2266/4534 2275/4394 2185/4536
f 2272/4544 2269/4363 2180/4365
f 2273/4541 2276/4543 2269/4545
f 2418/4087 2417/4546 2324/4088
f 2341/4547 2343/4509 2274/4508
f 2271/4548 2276/4549 2409/4550
f 2100/4551 2412/4552 2339/4553
f 2417/4554 2272/4544 2180/4365
f 2273/4555 2272/4556 2270/4557
f 2272/4544 2273/4555 2269/4363
f 2416/4558 2341/4559 2270/4560
f 2268/4542 2273/4541 2274/4561
f 2273/4555 2270/4557 2341/4559
f 2276/4543 2275/4394 2269/4545
f 2275/4562 2271/4563 2339/4564
f 2409/4550 2276/4549 2268/4542
f 2275/4562 2276/4543 2271/4563
f 2451/4565 1973/3795 2400/4395
f 2277/4566 2449/4567 2420/4568
f 2347/4569 1939/4126 1940/4125
f 2382/4570 2443/4571 2379/4572
f 2435/4573 2433/4574 2350/4575
f 2437/4456 2350/4458 2436/4576
f 2360/4577 2284/4449 2357/4423
f 2352/4578 2280/4579 2188/4580
f 2349/4114 1942/4132 1943/4115
f 2347/4109 2425/4581 2423/4110
f 2283/4156 2282/4155 1948/4161
f 2354/4259 2282/4155 2193/4260
f 2196/3741 2283/4413 1949/3742
f 2363/4415 2283/4413 2196/3878
f 2356/4582 2286/4583 2287/4584
f 2280/4401 2357/4403 2188/4580
f 2016/4026 2200/4419 2285/4585
f 2108/4414 2353/4158 2438/4586
f 2286/4256 2198/4284 2287/4584
f 2438/4586 2286/4587 2108/4414
f 2203/4427 2287/4426 2198/4284
f 2201/4428 2214/4422 2288/4450
f 2214/4422 2213/4443 2288/4450
f 2288/4450 2213/4443 2477/4588
f 2290/4432 2289/4434 2133/4300
f 2207/4296 1968/3832 2364/4589
f 2131/3836 2290/4303 2133/3837
f 2130/4292 2207/4289 2290/4303
f 2345/4590 2291/4301 1970/3817
f 2208/4236 2293/4591 2292/4237
f 2289/4434 2207/4433 2364/4589
f 1969/3819 2291/4301 2292/4429
f 2208/4592 2294/4396 2365/4439
f 2132/4446 2292/4302 2293/4447
f 2421/4593 2294/4396 2208/4592
f 2294/4396 2440/4594 2439/4438
f 2022/3808 2220/3945 2295/4316
f 2219/3675 2295/4316 2220/3945
f 2178/4329 2309/4595 2311/4330
f 2301/4017 2172/4475 2230/4018
f 2249/4221 2297/4467 1988/3575
f 2224/4361 2297/4464 2225/3630
f 2224/3583 2298/3904 1986/3584
f 2331/4596 2298/3904 2226/3906
f 2300/4597 2415/4598 2097/4599
f 2333/4600 2226/4601 2332/4602
f 2173/4603 2457/4604 2415/4605
f 2300/4597 2097/4599 2301/4017
f 2097/4599 2302/4606 2301/4017
f 2312/4481 2296/4607 2310/4479
f 2303/4337 2302/4336 2097/4599
f 2296/4335 2301/4017 2302/4336
f 2303/4337 2097/4599 2458/4608
f 2303/4609 2171/3629 2367/3631
f 2304/3970 1927/4015 2232/3971
f 2230/4018 2304/4478 2228/4019
f 2306/4341 2305/4343 1929/4031
f 2235/4388 2305/4489 2233/4342
f 2369/4533 2306/4532 1930/4047
f 2370/4610 2306/4532 2336/4531
f 2308/4504 2174/4347 2245/4505
f 2309/4359 2307/3672 2098/4360
f 2371/4506 2245/4505 2175/4496
f 2098/4360 2307/3672 2308/4345
f 2098/4611 2315/4483 2316/4497
f 2238/4493 2309/3673 2178/4494
f 2301/4017 2312/4612 2172/4475
f 2311/4330 2296/4613 2367/4331
f 2309/4595 2310/4358 2311/4330
f 2310/4358 2296/4607 2311/4330
f 2296/4607 2312/4481 2301/4017
f 2317/4480 2310/4479 2316/4614
f 2236/3718 2313/3717 1990/3616
f 2249/4221 2313/4224 2238/4493
f 2231/4223 2314/4487 1924/3963
f 2229/4482 2240/4484 2314/4487
f 2371/4506 2098/4360 2308/4504
f 2318/4615 2315/4616 2371/4617
f 2317/4480 2316/4614 2229/4482
f 2098/4360 2316/4497 2310/4358
f 2231/4485 2317/4474 2229/4486
f 2312/4612 2317/4480 2172/4475
f 2239/3979 2318/3973 2175/4496
f 2240/4484 2315/4483 2318/3973
f 2243/4357 2319/4502 2136/3676
f 2247/4460 2319/4344 2242/4356
f 2320/3804 1979/3790 2372/3734
f 2328/4618 2320/4619 2250/4620
f 2373/3763 2321/3762 2251/4621
f 2320/4619 2321/4622 2250/4620
f 2257/4513 2322/4528 1981/3726
f 2321/4225 2322/4227 2251/4621
f 2376/4623 2323/4052 1934/4051
f 2262/4392 2323/4391 2252/4535
f 2180/4365 2252/4535 2375/4624
f 2252/4535 2323/4391 2376/4623
f 2326/4373 2325/4372 1936/4074
f 2377/4515 2325/4060 2253/4516
f 1938/4078 2382/4375 2442/4625
f 2181/4514 2253/4516 2378/4083
f 2328/3791 2327/3793 1977/3767
f 2399/4522 2327/3793 2254/3755
f 2320/4619 2328/4618 1978/3784
f 2394/4626 2393/3753 2328/3791
f 2403/4379 2401/4381 2452/4627
f 2186/4628 2420/4568 2449/4567
f 2331/4230 2330/4229 1984/3752
f 2258/4384 2330/4383 2256/4332
f 2298/3904 2331/4596 1985/3745
f 2226/3906 2368/4465 2332/4602
f 2456/4629 2408/4630 2455/4631
f 2183/4472 2258/4384 2404/4334
f 2226/3906 2333/4600 2331/4596
f 2404/4334 2333/4333 2332/4602
f 2409/4550 2100/4632 2271/4548
f 2274/4508 2340/4368 2419/4633
f 2323/4052 2335/4393 1933/4050
f 2261/4064 2335/4066 2262/4519
f 2336/4531 2184/4634 2370/4610
f 2263/4530 2336/4371 2260/4537
f 2406/4635 2404/4636 2408/4637
f 2454/4638 2332/4639 2299/4640
f 2416/4641 2338/4642 2391/4643
f 2416/4641 2417/4644 2338/4642
f 2275/4562 2339/4564 2185/4536
f 2100/4632 2339/4553 2271/4548
f 2407/4645 2251/4527 2257/4526
f 2340/4368 2407/4646 2419/4633
f 2445/4647 2343/4648 2099/4649
f 2273/4541 2341/4559 2274/4561
f 2396/4650 2445/4651 2446/4652
f 2395/4653 2374/4654 2179/4655
f 2099/4649 2343/4648 2341/4547
f 2179/4510 2343/4509 2342/4656
f 2420/4657 2440/4658 2344/4659
f 2208/4236 2291/4235 2345/4590
f 1971/3815 2345/4590 1970/3817
f 2345/4437 2344/4436 2421/4660
f 2347/4109 2346/4121 1939/4126
f 2382/4375 2346/4080 2278/4108
f 2459/4661 1941/4662 2426/4663
f 2189/4664 2431/4665 2432/4666
f 2280/4154 2348/4238 1944/4147
f 2349/4114 2348/4116 2279/4240
f 2349/4114 2279/4240 2350/4458
f 2351/4667 2349/4457 2437/4456
f 2352/4668 2433/4574 2435/4573
f 2436/4576 2350/4458 2217/4669
f 2351/4670 2281/4671 2460/4672
f 1942/4132 2349/4114 2351/4139
f 2352/4578 2188/4580 2433/4574
f 2279/4240 2280/4239 2352/4578
f 2363/4415 2353/4158 2283/4413
f 2200/4419 2438/4673 2285/4585
f 2354/4259 1947/4135 2282/4155
f 2360/4577 2357/4423 2358/4402
f 2356/4404 2355/4406 2108/4414
f 2354/4259 2355/4261 2284/4405
f 2286/4583 2356/4582 2108/4414
f 2356/4582 2287/4584 2359/4674
f 2358/4402 2280/4401 1945/4146
f 2284/4405 2356/4404 2359/4424
f 1946/4149 2360/4675 1945/4146
f 2354/4136 2360/4675 1946/4137
f 2288/4450 2359/4674 2287/4426
f 2359/4424 2288/4450 2477/4425
f 2284/4405 2360/4577 2354/4259
f 1945/4146 2360/4675 2358/4402
f 2139/3877 2361/3851 2116/4314
f 2029/4093 2061/4095 2362/4173
f 2285/4585 2362/4272 2016/4026
f 2029/3853 2362/4173 2361/3851
f 2116/4314 2285/4273 2363/4415
f 2363/4415 2285/4273 2438/4673
f 1969/3819 2364/4430 1968/3821
f 2289/4298 2364/4589 2292/4302
f 2132/4446 2365/4448 2212/4407
f 2208/4236 2365/4439 2293/4591
f 2462/4676 2463/4677 2441/4678
f 2101/4440 2429/4442 2461/4679
f 2178/4494 2367/4331 2225/4466
f 2303/4337 2367/3631 2296/4335
f 2303/4609 2368/4471 2171/3629
f 2332/4639 2368/4465 2299/4640
f 2265/4123 2369/4540 1930/4047
f 2336/4371 2369/4533 2260/4537
f 2456/4680 2470/3747 2337/3746
f 2233/4340 2306/4341 2370/4338
f 2318/4615 2371/4617 2175/4496
f 2371/4506 2315/4616 2098/4360
f 2322/4227 2372/4226 1980/3729
f 2320/4619 2372/3734 2321/4622
f 2340/4368 2373/4367 2251/4621
f 2374/3764 2373/3763 2179/4655
f 2395/4653 2179/4655 2342/4656
f 2250/4620 2321/4622 2374/3764
f 2376/4623 2375/4624 2252/4535
f 2417/4546 2375/4681 2324/4088
f 1935/4071 2376/4623 1934/4069
f 2375/4624 2376/4623 2324/4088
f 2324/4088 2376/4623 2377/4089
f 1935/4059 2377/4058 2376/4623
f 2382/4570 2379/4572 2381/4682
f 2378/4083 2326/4373 2381/4120
f 2387/4683 2464/4684 2467/4685
f 2388/4686 2390/4687 2384/4688
f 2380/4689 2379/4690 2384/4691
f 2384/4691 2390/4687 2380/4689
f 2381/4120 2326/4373 2442/4692
f 2380/4081 2381/4120 2379/4690
f 2442/4692 2326/4373 1937/4104
f 2382/4570 2278/4108 2443/4571
f 2384/4691 2379/4690 2385/4693
f 2462/4694 2101/4440 2461/4679
f 2379/4572 2443/4571 2385/4693
f 2388/4686 2384/4688 2383/4695
f 2387/4696 2385/4697 2187/4698
f 2384/4691 2385/4693 2467/4699
f 2388/4700 2389/4701 2386/4702
f 2392/4703 2338/4704 2418/4705
f 2443/4706 2423/4707 2187/4708
f 2467/4685 2464/4684 2444/4709
f 2389/4701 2388/4700 2383/4695
f 2388/4686 2386/4702 2390/4687
f 2453/4710 2452/4711 2389/4712
f 2182/3754 2396/4399 2447/4713
f 2391/4714 2390/4687 2386/4702
f 2392/4378 2181/4082 2380/4376
f 2446/4715 2391/4714 2386/4702
f 2416/4641 2391/4643 2099/4716
f 2390/4377 2391/4714 2392/4378
f 2338/4704 2392/4703 2391/4643
f 2394/4626 2328/3791 2250/4620
f 2394/4626 2397/4717 2393/3753
f 2250/4620 2395/4718 2394/4626
f 2394/4626 2395/4718 2397/4717
f 2374/4654 2395/4653 2250/4620
f 2342/4719 2445/4720 2397/4721
f 2396/4650 2397/4721 2445/4651
f 2389/4701 2447/4722 2386/4702
f 2342/4656 2397/4721 2395/4653
f 2393/3753 2397/4717 2396/4399
f 2448/3800 1974/3775 1975/3773
f 2398/3777 2329/3776 2468/4723
f 2398/4231 1974/3775 2448/3800
f 2399/4522 2448/4724 2327/3793
f 2450/4725 2468/4726 2403/4727
f 2451/4728 2277/3789 1972/3788
f 2452/4711 2182/4729 2389/4712
f 2329/4380 2399/3778 2401/4381
f 2402/4730 2453/4731 2466/4732
f 2400/4733 2468/4734 2449/4735
f 2452/4711 2401/4381 2182/4729
f 2450/4725 2403/4727 2402/4736
f 2332/4639 2454/4638 2455/4737
f 2406/4635 2408/4637 2100/4738
f 2406/4525 2405/4386 2183/4511
f 2334/4387 2419/4633 2407/4385
f 2404/4636 2406/4635 2183/4472
f 2406/4635 2100/4738 2410/4739
f 2251/4527 2407/4645 2340/4368
f 2257/4526 2405/4512 2407/4645
f 2455/4631 2408/4630 2404/4636
f 2412/4539 2408/4740 2337/3746
f 2419/4741 2409/4550 2268/4542
f 2334/4387 2406/4525 2410/4739
f 2100/4632 2409/4550 2410/4739
f 2334/4387 2410/4739 2409/4550
f 2336/4371 2411/4370 2184/4634
f 2412/4539 2411/3748 2264/4369
f 2339/4553 2412/4552 2264/4369
f 2408/4740 2412/4539 2100/4738
f 2299/4470 2303/4469 2458/4608
f 2457/4491 2235/4388 2233/4340
f 2184/4634 2414/4035 2370/4610
f 2414/4742 2413/4743 2415/4744
f 2173/4389 2415/4605 2300/4039
f 2413/4745 2454/4746 2458/4747
f 2341/4559 2416/4558 2099/4649
f 2417/4644 2416/4641 2270/4560
f 2272/4556 2417/4554 2270/4557
f 2417/4546 2180/4365 2375/4681
f 2392/4703 2418/4705 2181/4082
f 2417/4644 2418/4087 2338/4642
f 2409/4550 2419/4741 2334/4387
f 2274/4561 2419/4633 2268/4542
f 2440/4658 2420/4657 2186/4628
f 2422/4435 2420/4657 2344/4436
f 2345/4437 2421/4660 2208/4236
f 2421/4660 2344/4436 2440/4658
f 2422/4435 2277/3789 2420/4657
f 2345/4437 1971/3815 2422/4435
f 2424/4748 2425/4749 2426/4750
f 2423/4110 2425/4581 2427/4751
f 2428/4752 2431/4753 2475/4754
f 2187/4708 2423/4707 2427/4751
f 2347/4109 2459/4755 2425/4581
f 2427/4751 2425/4581 2424/4748
f 1940/4125 2459/4755 2347/4569
f 1941/4662 2460/4234 2426/4663
f 2427/4751 2424/4748 2430/4756
f 2187/4698 2427/4751 2387/4696
f 2430/4757 2431/4753 2428/4752
f 2210/4397 2439/4438 2461/4758
f 2430/4756 2429/4411 2427/4751
f 2461/4679 2429/4442 2428/4759
f 2431/4753 2430/4757 2424/4748
f 2429/4411 2430/4756 2428/4759
f 2432/4666 2431/4665 2424/4748
f 2189/4760 2474/4761 2475/4762
f 2426/4750 2432/4232 2424/4748
f 2432/4763 2281/4764 2437/4765
f 2477/4766 2434/4767 2188/4768
f 2217/4453 2350/4458 2433/4459
f 2102/3902 2434/4455 2216/3903
f 2188/4768 2434/4767 2433/4574
f 2350/4575 2279/4240 2435/4573
f 2352/4578 2435/4573 2279/4240
f 2474/4452 2436/4576 2217/4453
f 2437/4456 2436/4576 2189/4769
f 2432/4763 2437/4765 2189/4664
f 2437/4456 2281/4764 2351/4667
f 2438/4673 2200/4419 2286/4587
f 2363/4415 2438/4673 2353/4158
f 2440/4594 2294/4396 2421/4660
f 2461/4758 2439/4438 2366/4770
f 2463/4771 2440/4658 2186/4628
f 2440/4594 2366/4770 2439/4438
f 2469/4772 2449/4773 2450/4774
f 2444/4775 2465/4776 2466/4777
f 1938/4078 2442/4625 1937/4104
f 2381/4120 2442/4692 2382/4570
f 2423/4110 2443/4706 2278/4108
f 2443/4571 2187/4708 2385/4693
f 2465/4778 2101/4440 2462/4694
f 2467/4685 2444/4709 2383/4779
f 2343/4648 2445/4647 2342/4656
f 2099/4716 2391/4643 2446/4715
f 2446/4715 2386/4702 2447/4722
f 2099/4649 2446/4715 2445/4647
f 2182/3754 2447/4713 2389/4712
f 2446/4715 2447/4722 2396/4650
f 2327/3793 2448/4724 1976/3765
f 2398/3777 2448/3800 2399/3778
f 2451/4728 2449/4567 2277/3789
f 2468/4726 2450/4725 2449/4735
f 2450/4725 2402/4736 2466/4732
f 2469/4780 2441/4678 2463/4677
f 1973/3795 2451/4565 1972/3798
f 2449/4567 2451/4728 2400/4733
f 2453/4710 2389/4712 2383/4695
f 2403/4727 2452/4627 2402/4736
f 2444/4709 2453/4710 2383/4779
f 2402/4730 2452/4627 2453/4731
f 2454/4638 2299/4640 2458/4747
f 2455/4737 2454/4638 2413/4745
f 2456/4629 2455/4631 2413/4745
f 2332/4602 2455/4737 2404/4334
f 2470/4034 2413/4743 2414/4035
f 2408/4740 2456/4629 2337/3746
f 2235/4388 2457/4491 2173/4389
f 2414/4742 2415/4744 2457/4491
f 2097/4599 2415/4598 2458/4608
f 2458/4747 2415/4598 2413/4745
f 1941/4129 2459/4661 1940/4125
f 2425/4581 2459/4755 2426/4750
f 2351/4670 2460/4672 1941/4129
f 2432/4232 2460/4234 2281/4764
f 2461/4679 2366/4770 2462/4694
f 2428/4759 2210/4397 2461/4679
f 2463/4677 2462/4676 2366/4770
f 2465/4778 2462/4694 2441/4678
f 2440/4658 2463/4771 2366/4770
f 2469/4780 2463/4677 2186/4628
f 2429/4411 2464/4441 2387/4412
f 2465/4778 2464/4441 2101/4440
f 2469/4780 2466/4781 2441/4678
f 2464/4441 2465/4778 2444/4709
f 2444/4775 2466/4777 2453/4710
f 2466/4777 2465/4776 2441/4678
f 2384/4688 2467/4699 2383/4695
f 2387/4696 2467/4685 2385/4697
f 2398/4231 2468/4723 2400/4395
f 2403/4379 2468/4726 2329/4380
f 2449/4773 2469/4772 2186/4628
f 2466/4781 2469/4780 2450/4725
f 2470/4034 2184/4036 2411/3748
f 2413/4743 2470/4034 2456/4629
f 2471/3565 2472/3595 2473/3563
f 2051/3570 2471/3959 1908/3571
f 2114/4266 2472/4270 2019/4207
f 2109/4265 2027/3591 2472/4270
f 2027/4063 1907/3980 2473/4061
f 1908/3564 2473/3563 1907/3980
f 2475/4754 2210/4397 2428/4752
f 2436/4576 2474/4452 2189/4769
f 2189/4760 2475/4762 2431/4665
f 2210/4397 2475/4754 2474/4761
f 2212/4407 2476/4451 2215/4408
f 2210/4397 2474/4761 2476/4451
f 2434/4445 2477/4766 2213/4443
f 2357/4403 2477/4425 2188/4580
f 152/4782 2492/4783 153/4784
f 2739/4785 2741/4786 2738/4787
f 153/4784 2492/4783 2607/4788
f 2665/4789 2679/4790 2680/4791
f 154/4792 2607/4793 2606/4794
f 2607/4788 154/4792 153/4784
f 155/4795 2606/4796 2605/4797
f 2606/4796 155/4795 154/4792
f 2608/4798 2682/4799 2607/4800
f 2665/4801 2768/4802 2769/4803
f 2492/4783 2493/4804 2607/4788
f 2738/4805 2737/4806 2653/4807
f 156/4808 2605/4809 2604/4810
f 2605/4809 156/4808 155/4795
f 2681/4811 2608/4812 2609/4813
f 156/4808 2604/4810 157/4814
f 2611/4815 2612/4816 2685/4817
f 158/4818 157/4819 2603/4820
f 2603/4820 2602/4821 158/4818
f 2621/4822 2792/4823 2620/4824
f 157/4814 2604/4810 2603/4820
f 158/4818 2602/4821 159/4825
f 2604/4826 2667/4827 2669/4828
f 2675/4829 2663/4830 2689/4831
f 2668/4832 2657/4833 2667/4834
f 2673/4835 2661/4836 2687/4837
f 159/4838 2601/4839 160/4840
f 2601/4839 159/4838 2602/4821
f 2749/4841 2660/4842 2750/4843
f 2668/4832 2667/4834 2605/4844
f 178/4845 177/4846 2583/4847
f 2671/4848 2610/4849 2611/4850
f 2583/4851 176/4852 2584/4853
f 176/4852 2583/4851 177/4846
f 2614/4854 2616/4855 2656/4856
f 178/4845 2583/4847 2582/4857
f 160/4840 2601/4839 2600/4858
f 2735/4859 2657/4860 2650/4861
f 161/4862 2600/4863 2599/4864
f 2600/4858 161/4862 160/4840
f 2600/4858 2601/4839 2672/4865
f 161/4862 2599/4864 162/4866
f 176/4852 2585/4867 2584/4853
f 175/4868 2585/4867 176/4852
f 175/4868 174/4869 2585/4867
f 2617/4870 2745/4871 2616/4872
f 2945/4873 3047/4874 3011/4875
f 2831/4876 2834/4877 2779/4878
f 162/4866 2599/4864 2598/4879
f 2651/4880 2751/4881 2749/4882
f 2601/4839 2602/4821 2694/4883
f 2832/4884 2911/4885 2912/4886
f 2687/4887 2750/4843 2660/4842
f 2661/4888 2736/4889 2886/4890
f 2658/4891 2733/4892 2681/4893
f 2598/4879 163/4894 162/4866
f 2608/4895 2493/4896 2494/4897
f 2625/4898 2758/4899 2759/4900
f 2709/4901 2706/4902 2703/4903
f 164/4904 163/4905 2597/4906
f 164/4907 2596/4908 165/4909
f 2597/4906 2596/4908 164/4904
f 163/4905 2598/4879 2597/4906
f 2678/4910 2692/4911 2676/4912
f 2695/4913 2675/4914 2599/4915
f 2607/4788 2493/4804 2608/4798
f 2598/4879 2696/4916 2597/4906
f 2609/4813 2608/4812 2494/4897
f 2609/4813 2494/4897 2495/4917
f 2674/4918 2596/4908 2597/4906
f 166/4919 2595/4920 2594/4921
f 166/4919 165/4922 2595/4920
f 166/4919 2594/4921 167/4923
f 2766/4924 2822/4925 2765/4926
f 2594/4927 2690/4928 2676/4929
f 167/4923 2594/4921 2593/4930
f 2593/4930 2594/4921 2676/4929
f 2595/4920 165/4922 2596/4908
f 2703/4903 2706/4902 2707/4931
f 2690/4932 2691/4933 2677/4934
f 2588/4935 172/4936 171/4937
f 2663/4830 2752/4938 2689/4831
f 2602/4821 2603/4820 2673/4939
f 172/4936 2588/4935 173/4940
f 174/4869 2586/4941 2585/4867
f 2586/4941 174/4869 173/4942
f 173/4942 2587/4943 2586/4941
f 2587/4943 173/4942 2588/4935
f 2677/4944 2664/4945 2676/4946
f 2989/4947 2830/4948 2910/4949
f 2988/4950 2829/4951 2910/4952
f 2598/4879 2599/4864 2675/4914
f 2889/4953 2890/4954 2884/4955
f 169/4956 168/4957 2592/4958
f 2592/4958 2591/4959 169/4956
f 2680/4791 2679/4790 2591/4960
f 167/4923 2593/4930 168/4961
f 169/4956 2591/4959 170/4962
f 171/4937 2589/4963 2588/4935
f 2589/4963 171/4937 170/4964
f 170/4964 2590/4965 2589/4963
f 2590/4965 170/4964 2591/4959
f 2671/4966 2685/4967 2684/4968
f 2720/4969 2705/4970 2716/4971
f 2680/4972 2592/4973 2692/4974
f 2661/4836 2748/4975 2687/4837
f 2593/4930 2592/4958 168/4961
f 2772/4976 2844/4977 2848/4978
f 2665/4801 2769/4803 2679/4790
f 2803/4979 2549/4980 2550/4981
f 2701/4982 2707/4931 2706/4902
f 2718/4983 2770/4984 2720/4985
f 192/4986 2568/4987 1888/4988
f 2568/4987 192/4986 2569/4989
f 1888/4988 2568/4987 2567/4990
f 2763/4991 2678/4992 2664/4993
f 2673/4939 2694/4883 2602/4821
f 1890/4994 1889/4995 2566/4996
f 2567/4997 2566/4996 1889/4995
f 3011/4998 3009/4999 2783/5000
f 1889/4995 1888/4988 2567/4997
f 1890/4994 2566/4996 2565/5001
f 2569/5002 2570/5003 2961/5004
f 2699/5005 2693/5006 2654/5007
f 189/5008 188/5009 2571/5010
f 2659/5011 2684/4968 2685/4967
f 2940/5012 2981/5013 2938/5014
f 189/5008 2571/5010 190/5015
f 191/5016 2569/4989 192/4986
f 2569/5002 191/5016 2570/5003
f 190/5017 2570/5003 191/5016
f 2570/5003 190/5017 2571/5010
f 2680/4972 2692/4974 2678/4910
f 2977/5018 2976/5019 2783/5020
f 3010/5021 2871/5022 2944/5023
f 2660/4842 2749/4841 2812/5024
f 2676/4929 2690/4928 2677/4944
f 2879/5025 2961/5026 2962/5027
f 2672/4865 2695/5028 2600/4858
f 1892/5029 1891/5030 2564/5031
f 1893/5032 1892/5033 2563/5034
f 2675/4914 2695/4913 2688/5035
f 2674/5036 2696/5037 2689/5038
f 1895/5039 1894/5040 2561/5041
f 2662/5042 2689/5043 2753/5044
f 28/5045 1896/5046 2559/5047
f 1895/5048 2560/5049 1896/5050
f 2691/5051 2762/5052 2697/5053
f 1893/5054 2562/5055 1894/5056
f 2675/4914 2696/4916 2598/4879
f 2565/5057 2564/5031 1891/5030
f 2798/5058 2729/5059 2797/5060
f 2563/5034 2562/5055 1893/5032
f 2556/5061 2557/5062 2666/5063
f 2564/5031 2565/5057 2870/5064
f 2564/5031 2563/5034 1892/5029
f 2561/5041 2560/5049 1895/5039
f 2799/5065 2729/5066 2898/5067
f 2559/5047 27/5068 28/5045
f 26/5069 27/5068 2559/5047
f 2560/5070 2801/5071 2559/5072
f 2560/5049 2559/5072 1896/5050
f 2562/5073 2797/5074 2561/5075
f 2562/5055 2561/5075 1894/5056
f 1891/5030 1890/4994 2565/5057
f 2738/4805 2664/5076 2737/4806
f 2571/5010 188/5009 2572/5077
f 2672/5078 2694/5079 2687/5080
f 183/5081 182/5082 2578/5083
f 2688/5084 2672/5085 2660/5086
f 2578/5083 182/5082 2579/5087
f 183/5081 2578/5083 2577/5088
f 2575/5089 185/5090 184/5091
f 2699/5005 2680/5092 2693/5006
f 2947/5093 3016/5094 2950/5095
f 2576/5096 184/5097 183/5098
f 183/5098 2577/5088 2576/5096
f 2575/5089 184/5091 2576/5096
f 2947/5099 2577/5088 2578/5083
f 2671/4966 2684/4968 2683/5100
f 179/5101 2582/5102 2581/5103
f 2582/4857 179/5101 178/4845
f 2582/5102 2835/5104 2581/5103
f 179/5101 2581/5103 180/5105
f 181/5106 2579/5087 182/5082
f 2579/5087 181/5106 2580/5107
f 180/5108 2580/5107 181/5106
f 2580/5107 180/5108 2581/5103
f 2606/4794 2607/4793 2682/4799
f 3020/5109 3101/5110 3021/5111
f 2849/5112 2859/5113 2857/5114
f 2671/4848 2670/5115 2610/4849
f 2821/5116 2737/5117 2697/5118
f 2950/5119 2873/5120 2951/5121
f 187/5122 186/5123 2574/5124
f 2682/4799 2668/5125 2606/4794
f 2574/5124 186/5123 2575/5126
f 187/5122 2574/5124 2573/5127
f 2965/5128 2964/5129 3037/5130
f 2559/5047 2558/5131 26/5069
f 2729/5059 2900/5132 2797/5060
f 2881/5133 3034/5134 2964/5135
f 2572/5136 187/5122 2573/5127
f 26/5069 2558/5131 25/5137
f 2790/5138 2879/5139 3033/5140
f 187/5122 2572/5136 188/5009
f 2557/5141 25/5137 2558/5131
f 2801/5142 2900/5143 2800/5144
f 2556/5145 2555/5146 23/5147
f 2808/5148 2809/5149 2666/5150
f 22/5151 2555/5152 2554/5153
f 2557/5062 2556/5061 24/5154
f 2680/5092 2699/5005 2665/4789
f 24/5154 25/5137 2557/5062
f 2701/5155 2768/5156 2699/5157
f 22/5151 23/5147 2555/5152
f 24/5154 2556/5061 23/5147
f 2710/5158 2713/5159 2712/5160
f 3038/5161 2872/5162 2966/5163
f 3034/5134 3035/5164 2964/5135
f 186/5123 185/5090 2575/5126
f 2700/5165 2701/4982 2706/4902
f 2835/5104 2582/5102 2831/5166
f 2676/4946 2664/4945 2678/4910
f 2700/5167 2712/5168 2714/5169
f 2739/5170 2742/5171 2728/5172
f 2609/5173 2610/4849 2670/5115
f 2764/5174 2765/5175 2629/5176
f 2495/5177 2496/5178 2610/5179
f 2707/4931 2701/4982 2654/5180
f 2589/4963 2590/4965 2770/5181
f 2496/5182 2497/5183 2611/5184
f 2604/4810 2605/4809 2667/4827
f 2610/5179 2496/5178 2611/4850
f 2612/5185 2498/5186 2613/5187
f 2612/4816 2611/4815 2497/5183
f 2498/5186 2612/5185 2497/5183
f 2671/4966 2683/5100 2658/5188
f 2714/5169 2704/5189 2700/5167
f 2670/5115 2671/4848 2658/5188
f 2498/5186 2615/5190 2613/5187
f 2615/5190 2498/5186 2499/5191
f 2614/5192 2615/5193 2502/5194
f 2613/5187 2615/5190 2614/5192
f 2505/5195 2619/5196 2618/5197
f 2685/4967 2747/5198 2659/5011
f 2616/4872 2503/5199 2617/4870
f 2656/5200 2745/5201 2686/5202
f 2614/4854 2656/4856 2613/5187
f 2618/5203 2617/5204 2504/5205
f 2616/4855 2614/4854 2503/5199
f 2686/5202 2613/5187 2656/5200
f 2705/5206 2770/5207 2679/5208
f 2883/5209 2792/5210 2794/5211
f 2622/5212 2509/5213 2623/5214
f 2760/5215 2796/5216 2759/5217
f 2624/5218 2759/5217 2796/5216
f 2625/5219 2624/5220 2511/5221
f 2626/5222 2625/5223 2512/5224
f 2743/5225 2626/5226 2627/5227
f 2817/5228 2652/5229 2813/5230
f 2627/5231 2514/5232 2628/5233
f 2626/5226 2513/5234 2627/5227
f 2742/5235 2743/5236 2744/5237
f 2621/5238 2508/5239 2622/5240
f 2751/5241 2816/5242 2812/5243
f 2629/5244 2516/5245 2630/5246
f 2623/5247 2510/5248 2624/5249
f 2507/5250 2621/4822 2620/4824
f 2629/5251 2628/5252 2515/5253
f 2622/5212 2623/5214 2795/5254
f 2703/5255 2767/5256 2764/5257
f 2654/5007 2701/4982 2699/5005
f 2631/5258 2630/5259 2517/5260
f 2704/5261 2769/4803 2768/4802
f 2519/5262 2633/5263 2632/5264
f 2632/5265 2631/5266 2518/5267
f 2591/4960 2679/4790 2590/4965
f 2506/5268 2620/5269 2619/5270
f 2709/4901 2710/5271 2706/4902
f 2884/4955 2890/4954 2734/5272
f 2703/4903 2707/4931 2708/5273
f 2501/5274 2615/5190 2499/5191
f 2716/4971 2705/4970 2769/5275
f 2669/5276 2736/5277 2673/5278
f 2508/5239 2509/5213 2622/5240
f 2508/5239 2621/5238 2507/5250
f 2669/4828 2667/4827 2657/4833
f 2754/5279 2753/5280 2652/5281
f 2511/5221 2512/5224 2625/5219
f 2692/4974 2592/4973 2593/4930
f 2899/5282 2808/5148 2666/5150
f 2511/5221 2624/5220 2510/5248
f 2514/5232 2627/5231 2513/5234
f 2681/4893 2670/5115 2658/4891
f 2509/5213 2510/5248 2623/5214
f 2615/5190 2501/5274 2502/5194
f 2501/5274 2499/5191 2500/5283
f 2612/5185 2613/5187 2686/5202
f 2681/4893 2609/4813 2670/5115
f 2599/4915 2600/4863 2695/4913
f 2505/5195 2506/5268 2619/5196
f 2596/4908 2691/5284 2595/4920
f 2505/5195 2618/5197 2504/5205
f 2503/5199 2504/5205 2617/4870
f 2693/5285 2763/5286 2702/5287
f 2673/4939 2687/4837 2694/4883
f 2614/4854 2502/5194 2503/5199
f 2620/5269 2506/5268 2507/5250
f 2691/5284 2690/4932 2595/4920
f 2735/4859 2669/4828 2657/4860
f 2612/4816 2686/5202 2685/4817
f 2517/5260 2630/5259 2516/5245
f 2516/5245 2629/5244 2515/5253
f 2518/5267 2519/5262 2632/5265
f 2631/5266 2517/5260 2518/5267
f 2633/5263 2519/5262 2520/5288
f 2634/5289 2521/5290 2635/5291
f 2668/4832 2605/4844 2606/4794
f 2777/5292 2830/5293 2774/5294
f 2752/4938 2753/5044 2689/4831
f 2628/5233 2514/5232 2515/5253
f 2520/5295 2521/5290 2634/5289
f 2669/4828 2603/4820 2604/4826
f 2522/5296 2636/5297 2635/5298
f 2618/5299 2888/5300 2746/5301
f 2657/4860 2733/5302 2650/4861
f 2521/5290 2522/5296 2635/5291
f 2829/5303 2585/4867 2586/4941
f 2637/5304 2636/5305 2523/5306
f 2523/5306 2524/5307 2637/5304
f 2695/5028 2672/4865 2688/5035
f 2636/5297 2522/5296 2523/5306
f 2637/5304 2524/5307 2638/5308
f 2677/4934 2691/4933 2697/5053
f 2634/5289 2633/5263 2520/5295
f 2700/5165 2706/4902 2710/5271
f 2907/5309 2905/5310 2908/5311
f 2676/4929 2692/4911 2593/4930
f 2513/5234 2626/5226 2512/5224
f 2712/5160 2700/5167 2710/5158
f 2836/5312 2638/5313 2639/5314
f 2485/5315 2544/5316 2484/5317
f 2546/5318 2865/5319 2545/5320
f 2484/5317 2544/5316 2543/5321
f 2544/5316 2485/5315 2545/5322
f 2546/5323 2487/5324 2547/5325
f 2487/5324 2546/5323 2486/5326
f 2545/5320 2486/5326 2546/5318
f 2486/5326 2545/5320 2485/5315
f 2865/5319 2546/5318 2868/5327
f 2608/4812 2681/4811 2682/4799
f 2659/5011 2893/5328 2684/4968
f 2901/5329 2547/5330 2548/5331
f 2482/5332 2541/5333 2540/5334
f 2959/5335 2541/5336 2542/5337
f 2481/5338 2540/5339 2539/5340
f 2482/5332 2540/5334 2481/5338
f 2543/5321 2483/5341 2484/5317
f 2483/5341 2543/5321 2542/5342
f 2893/5328 2659/5011 2891/5343
f 2482/5344 2483/5341 2542/5342
f 2542/5342 2541/5336 2482/5344
f 2660/4842 2672/5085 2687/4887
f 2662/5042 2674/5036 2689/5043
f 3059/5345 2876/5346 3024/5347
f 3000/5348 3001/5349 3045/5350
f 2596/4908 2674/4918 2691/5284
f 2551/5351 2491/5352 2553/5353
f 2551/5354 2554/5355 2804/5356
f 2649/5357 2553/5353 2491/5352
f 2553/5353 2649/5357 20/5358
f 21/5359 2552/5360 20/5361
f 2552/5360 21/5359 2551/5362
f 2551/5362 20/5361 2552/5360
f 20/5361 2551/5362 2553/5353
f 21/5359 2554/5355 2551/5362
f 2701/4982 2700/5165 2704/5189
f 2763/5286 2693/5285 2678/4992
f 2554/5355 21/5359 22/5151
f 2548/5363 2489/5364 2549/5365
f 2489/5364 2548/5363 2488/5366
f 2547/5330 2488/5366 2548/5331
f 2488/5366 2547/5330 2487/5324
f 2730/5367 2933/5368 2903/5369
f 2656/4856 2616/4855 2745/5201
f 2550/5370 2491/5352 2551/5351
f 2491/5352 2550/5370 2490/5371
f 2549/4980 2490/5371 2550/4981
f 2490/5371 2549/4980 2489/5364
f 2732/5372 2554/5153 2555/5152
f 2671/4966 2611/4850 2685/4967
f 2685/4967 2686/5202 2747/5198
f 2809/5373 2732/5372 2555/5152
f 2807/5374 2548/5363 2549/5365
f 2675/4914 2688/5035 2663/4830
f 2708/5375 2702/5376 2698/5377
f 2545/5322 2869/5378 2544/5316
f 2638/5313 2525/5379 2639/5314
f 2525/5379 2638/5313 2524/5307
f 2639/5314 2525/5379 2526/5380
f 2864/5381 2863/5382 2860/5383
f 2853/5384 2837/5385 2860/5386
f 2527/5387 2641/5388 2640/5389
f 2641/5390 2528/5391 2642/5392
f 2526/5393 2527/5387 2640/5389
f 2640/5389 2639/5314 2526/5393
f 2924/5394 2644/5395 2995/5396
f 2654/5007 2693/5006 2702/5287
f 2913/5397 2581/5398 2991/5399
f 2683/5400 2650/4861 2733/5302
f 2668/5401 2681/4893 2733/4892
f 2529/5402 2643/5403 2642/5404
f 2529/5402 2642/5404 2528/5391
f 2874/5405 2952/5406 2953/5407
f 2644/5408 2643/5409 2530/5410
f 2530/5410 2531/5411 2644/5408
f 2669/5276 2673/5278 2603/4820
f 2643/5403 2529/5402 2530/5410
f 2644/5408 2531/5411 2645/5412
f 2800/5413 2557/5141 2558/5131
f 2528/5391 2641/5390 2527/5387
f 2675/4914 2689/4831 2696/4916
f 2952/5414 2645/5415 2646/5416
f 2646/5417 2533/5418 2647/5419
f 2532/5420 2646/5416 2645/5415
f 2536/5421 2956/5422 2955/5423
f 3042/5424 3052/5425 2787/5426
f 2539/5340 2480/5427 2481/5338
f 2480/5427 2539/5340 2538/5428
f 2538/5428 2479/5429 2480/5427
f 2537/5430 2479/5429 2538/5428
f 2878/5431 3028/5432 3030/5433
f 2674/4918 2597/4906 2696/5037
f 2958/5434 3059/5345 3024/5347
f 2576/5096 2872/5435 2575/5089
f 2533/5418 2646/5417 2532/5420
f 2533/5418 2534/5436 2647/5419
f 2534/5436 2648/5437 2647/5419
f 2690/4932 2594/4927 2595/4920
f 2591/4960 2592/4958 2680/4791
f 2648/5437 2534/5436 2535/5438
f 2537/5439 2536/5440 2478/5441
f 2955/5442 2875/5443 2954/5444
f 2535/5445 2478/5441 2536/5440
f 2693/5006 2680/5092 2678/4992
f 2648/5437 2535/5438 2536/5440
f 2537/5439 2478/5441 2479/5429
f 2668/5401 2682/4799 2681/4893
f 2956/5446 2538/5447 3024/5448
f 2645/5415 2531/5411 2532/5420
f 2762/5449 2674/5036 2662/5042
f 2672/5078 2601/4839 2694/5079
f 2583/4847 2831/5166 2582/4857
f 2849/5450 2847/5451 2852/5452
f 2654/5180 2708/5273 2707/4931
f 2629/5244 2630/5246 2764/5174
f 2610/5179 2609/5173 2495/5177
f 2764/5257 2709/4901 2703/5255
f 2654/5007 2702/5287 2708/5273
f 2630/5259 2631/5258 2709/5453
f 2709/5453 2631/5258 2710/5271
f 2631/5258 2632/5265 2710/5271
f 2712/5160 2713/5159 2711/5454
f 2634/5289 2771/5455 2633/5263
f 2907/5309 2826/5456 2905/5310
f 2713/5159 2710/5158 2632/5265
f 2712/5160 2711/5454 2714/5169
f 2632/5265 2633/5263 2713/5159
f 2823/5457 2713/5159 2633/5263
f 2711/5454 2719/5458 2714/5169
f 2704/5189 2714/5169 2716/5459
f 2824/5460 2828/5461 2635/5462
f 2635/5298 2636/5297 2824/5460
f 2716/5459 2714/5169 2719/5458
f 2589/4963 2774/5463 2588/4935
f 2713/5159 2823/5457 2711/5454
f 2718/4983 2720/4985 2775/5464
f 2775/5465 2716/5466 2717/5467
f 2588/4935 2830/5468 2587/4943
f 2711/5454 2823/5457 2985/5469
f 2716/5459 2719/5458 2717/5467
f 2775/5465 2720/4985 2716/5466
f 2718/4983 2774/5470 2770/4984
f 2836/5471 2839/5472 2780/5473
f 2640/5389 2641/5388 2860/5474
f 2871/5475 2566/4996 2567/4997
f 2869/5378 2545/5322 2865/5319
f 2536/5421 2537/5439 2956/5422
f 2954/5476 2647/5419 2648/5437
f 2572/5077 2963/5477 2571/5010
f 3030/5478 2540/5334 2541/5333
f 2727/5479 2815/5480 2818/5481
f 2794/5482 2889/4953 2884/4955
f 2626/5226 2743/5225 2761/5483
f 2755/5484 2697/5053 2762/5052
f 2652/5229 2752/5485 2813/5230
f 2793/5486 2725/5487 2792/5488
f 2628/5489 2822/5490 2744/5491
f 2741/4786 2698/5492 2738/4787
f 2798/5493 2562/5055 2563/5034
f 2898/5067 2899/5494 2799/5065
f 2968/5495 2729/5059 2798/5058
f 2866/5496 2933/5497 2936/5498
f 2732/5499 2805/5500 2804/5501
f 2971/5502 2970/5503 2655/5504
f 2555/5152 2556/5145 2809/5373
f 2904/5505 2805/5500 2732/5499
f 2668/4832 2733/4892 2657/4833
f 2683/5100 2733/5302 2658/5188
f 2884/5506 2619/5507 2883/5508
f 2620/5269 2883/5508 2619/5270
f 2735/4859 2650/4861 2894/5509
f 2673/4835 2736/5277 2661/4836
f 2669/4828 2735/4859 2736/5277
f 2894/5510 2893/5328 2891/5343
f 2664/4945 2677/4944 2737/4806
f 2697/5118 2737/5117 2677/4934
f 2739/4785 2738/4787 2653/4807
f 2738/4787 2698/5492 2763/5511
f 2742/5171 2739/5170 2820/5512
f 2739/5170 2728/5172 2741/4786
f 2755/5513 2756/5514 2821/5515
f 2758/5516 2761/5517 2757/5518
f 2766/5519 2741/4786 2728/5172
f 2708/5375 2698/5377 2741/4786
f 2820/5512 2739/5170 2653/4807
f 2743/5236 2742/5235 2740/5520
f 2757/5518 2761/5517 2740/5521
f 2744/5237 2743/5236 2627/5227
f 2628/5489 2744/5491 2627/5231
f 2742/5235 2744/5237 2728/5172
f 2617/4870 2746/5522 2745/4871
f 2734/5523 2892/5524 2747/5525
f 2618/5299 2746/5301 2617/5204
f 2747/5525 2746/5526 2734/5523
f 2686/5202 2745/5201 2747/5198
f 2747/5198 2745/5201 2746/5526
f 2661/4888 2886/4890 2895/5527
f 2748/5528 2651/4880 2749/4882
f 2651/4880 2810/5529 2751/4881
f 2812/5024 2688/5084 2660/4842
f 2687/4837 2748/4975 2750/4843
f 2749/4841 2750/4843 2748/5528
f 2818/5530 2725/5487 2793/5486
f 2811/5531 2814/5532 2688/5533
f 2813/5534 2663/5535 2814/5536
f 2752/4938 2652/5229 2753/5044
f 2652/5281 2819/5537 2754/5279
f 2662/5042 2753/5044 2755/5538
f 2756/5539 2754/5540 2757/5541
f 2756/5539 2755/5513 2754/5540
f 2753/5044 2754/5279 2755/5538
f 2757/5541 2754/5540 2726/5542
f 2820/5512 2740/5520 2742/5171
f 2821/5116 2653/4807 2737/5117
f 2758/5516 2757/5518 2726/5542
f 2740/5521 2756/5539 2757/5518
f 2759/4900 2758/4899 2726/5542
f 2625/5223 2626/5222 2761/5483
f 2759/4900 2726/5542 2760/5215
f 2625/4898 2759/4900 2624/5220
f 2760/5543 2819/5544 2817/5545
f 2760/5546 2727/5547 2795/5548
f 2740/5520 2761/5517 2743/5236
f 2625/5223 2761/5483 2758/4899
f 2674/4918 2762/5449 2691/5284
f 2755/5484 2762/5052 2662/5042
f 2738/4787 2763/5511 2664/5076
f 2702/5287 2763/5286 2698/5377
f 2709/5453 2764/5257 2630/5259
f 2767/5256 2703/5255 2708/5273
f 2708/5375 2741/4786 2766/5519
f 2628/5252 2629/5251 2765/5175
f 2822/5490 2728/5172 2744/5491
f 2708/5375 2766/5519 2765/4926
f 2708/5273 2765/4926 2767/5256
f 2764/5174 2767/5256 2765/5175
f 2699/5157 2768/5156 2665/4789
f 2701/5155 2704/5189 2768/5156
f 2716/4971 2769/5275 2704/5189
f 2679/4790 2769/4803 2705/5206
f 2679/4790 2770/5207 2590/4965
f 2720/4985 2770/4984 2705/4970
f 2909/5549 2635/5550 2826/5551
f 2719/5458 2711/5454 2985/5469
f 2827/5552 2824/5553 2842/5554
f 2838/5555 2638/5313 2836/5312
f 2827/5556 2825/5557 2844/5558
f 2851/5559 2779/4878 2834/4877
f 2770/5181 2774/5470 2589/4963
f 2774/5470 2718/4983 2778/5560
f 2717/5467 2776/5561 2775/5465
f 2987/5562 2776/5563 2715/5564
f 2717/5565 2907/5309 2908/5311
f 2986/5566 2777/5567 2987/5568
f 2775/5464 2778/5560 2718/4983
f 2988/5569 2846/5570 2773/5571
f 2987/5562 2775/5465 2776/5563
f 2774/5294 2778/5560 2777/5292
f 2831/4876 2911/5572 2834/4877
f 2857/5114 2721/5573 2849/5112
f 2905/5574 2848/5575 2906/5576
f 2772/5577 2828/5578 2827/5579
f 2921/5580 2642/5404 2643/5403
f 3019/5581 3074/5582 3051/5583
f 2866/5584 2547/5330 2901/5329
f 2939/5585 2867/5586 2782/5587
f 2973/5588 2976/5589 2934/5590
f 2897/5591 2655/5592 2898/5593
f 3014/5594 2871/5595 3015/5596
f 3007/5597 2879/5598 3006/5599
f 2951/5600 2577/5088 2947/5099
f 3080/5601 3054/5602 3081/5603
f 2948/5604 3016/5605 3017/5606
f 2922/5607 2931/5608 2923/5609
f 3098/5610 3050/5611 3096/5612
f 2921/5613 2923/5614 2861/5615
f 3025/5616 3026/5617 2958/5618
f 3086/5619 3082/5620 3079/5621
f 2943/5622 2543/5623 2941/5624
f 2867/5625 2941/5626 2544/5627
f 3008/5628 2789/5629 3028/5630
f 2784/5631 2871/5595 3014/5594
f 2965/5632 2573/5127 2574/5124
f 2785/5633 3101/5634 3108/5635
f 2882/5636 2621/5238 2622/5240
f 2792/5210 2725/5487 2794/5211
f 2882/5636 2792/4823 2621/5238
f 2793/5637 2882/5638 2795/5639
f 2810/5529 2725/5640 2751/4881
f 2619/5196 2884/5506 2618/5197
f 2796/5641 2795/5254 2623/5214
f 2793/5637 2795/5639 2727/5547
f 2624/5249 2796/5216 2623/5247
f 2760/5215 2795/5548 2796/5216
f 2798/5493 2797/5060 2562/5055
f 2900/5132 2729/5059 2799/5065
f 2564/5031 2870/5064 3047/5642
f 2974/5643 2730/5644 2902/5645
f 2666/5063 2557/5062 2800/5413
f 2561/5041 2900/5646 2560/5049
f 2801/5142 2800/5144 2558/5131
f 2800/5647 2799/5065 2899/5494
f 2559/5072 2801/5071 2558/5131
f 2801/5071 2560/5070 2900/5143
f 2549/5365 2803/4979 2807/5374
f 2936/5498 2933/5497 2935/5648
f 2803/4979 2550/4981 2804/5649
f 2806/5650 2803/5651 2731/5652
f 2551/5354 2804/5356 2550/5370
f 2554/5355 2732/5372 2804/5356
f 2731/5652 2803/5651 2805/5653
f 2804/5649 2805/5500 2803/4979
f 2806/5650 2731/5652 2969/5654
f 2806/5655 2802/5656 2901/5657
f 2803/5651 2806/5650 2807/5374
f 2548/5363 2807/5374 2806/5650
f 2897/5591 2971/5502 2655/5592
f 2808/5658 2970/5659 2904/5660
f 2666/5063 2809/5149 2556/5061
f 2809/5149 2808/5148 2904/5660
f 2887/5661 2810/5529 2651/4880
f 2725/5640 2810/5529 2896/5662
f 2816/5663 2818/5481 2815/5480
f 2817/5228 2813/5230 2815/5664
f 2751/4881 2812/5243 2749/4882
f 2688/5533 2812/5024 2811/5531
f 2663/4830 2813/5534 2752/4938
f 2815/5664 2813/5230 2811/5665
f 2688/5533 2814/5532 2663/4830
f 2811/5665 2813/5230 2814/5532
f 2816/5663 2815/5480 2811/5665
f 2815/5664 2727/5479 2817/5228
f 2812/5243 2816/5242 2811/5531
f 2816/5663 2751/5241 2818/5481
f 2727/5547 2760/5546 2817/5228
f 2819/5544 2760/5543 2726/5542
f 2725/5640 2818/5530 2751/4881
f 2727/5479 2818/5481 2793/5637
f 2754/5540 2819/5537 2726/5542
f 2652/5229 2817/5228 2819/5537
f 2821/5116 2820/5512 2653/4807
f 2740/5521 2820/5512 2756/5539
f 2755/5484 2821/5515 2697/5053
f 2820/5512 2821/5116 2756/5539
f 2765/4926 2822/4925 2628/5252
f 2728/5172 2822/5490 2766/5519
f 2633/5263 2771/5455 2823/5457
f 2823/5457 2771/5455 2985/5469
f 2637/5666 2841/5667 2842/5668
f 2824/5460 2827/5552 2828/5461
f 2841/5669 2638/5313 2838/5555
f 2838/5670 2843/5671 2825/5672
f 2828/5673 2905/5310 2826/5456
f 2909/5674 2771/5455 2634/5289
f 2842/5554 2824/5553 2636/5297
f 2844/5558 2825/5557 2843/5671
f 2905/5310 2828/5673 2772/5577
f 2635/5462 2828/5461 2826/5551
f 2586/4941 2587/4943 2989/5675
f 2912/5676 2829/5677 2990/5678
f 2774/5294 2830/5293 2588/4935
f 2910/4949 2830/4948 2777/5292
f 2911/5679 2583/4851 2584/4853
f 2920/5680 2835/5681 2779/5682
f 2584/4853 2585/4867 2912/5683
f 2858/5684 2851/5685 2832/5686
f 2721/5687 2919/5688 2855/5689
f 2581/5103 2913/5397 2580/5107
f 2911/5572 2831/4876 2583/4851
f 2850/5690 2721/5687 2855/5689
f 2779/5682 2835/5681 2831/4876
f 2835/5691 2833/5692 2991/5693
f 2640/5694 2862/5695 2932/5696
f 2838/5555 2836/5312 2780/5473
f 2932/5696 2862/5695 2837/5697
f 2860/5386 2837/5385 2862/5695
f 2843/5671 2838/5670 2845/5698
f 2838/5670 2825/5672 2841/5669
f 2932/5699 2836/5312 2639/5314
f 2853/5384 2852/5700 2837/5385
f 2845/5698 2840/5701 2843/5671
f 2845/5698 2850/5702 2840/5701
f 2842/5668 2841/5667 2825/5672
f 2638/5308 2841/5669 2637/5304
f 2827/5552 2842/5554 2825/5557
f 2637/5304 2842/5668 2636/5305
f 2845/5698 2838/5670 2780/5473
f 2827/5579 2844/5558 2772/5577
f 2840/5701 2915/5703 2843/5671
f 2846/5570 2914/5704 2773/5571
f 2780/5473 2847/5705 2845/5698
f 2845/5698 2847/5705 2850/5702
f 2846/5570 2848/5706 2914/5704
f 2773/5571 2829/4951 2988/5569
f 2780/5473 2839/5472 2852/5707
f 2847/5705 2721/5687 2850/5702
f 2914/5704 2848/5706 2844/4977
f 2848/5706 2846/5570 2906/5576
f 2863/5382 2781/5708 2860/5383
f 2721/5687 2847/5705 2849/5112
f 2850/5690 2855/5689 2851/5709
f 2858/5684 2917/5710 2851/5685
f 2834/4877 2832/5686 2851/5559
f 2858/5711 2912/5712 2856/5713
f 2780/5473 2852/5707 2847/5705
f 2837/5385 2852/5700 2839/5472
f 2781/5714 2849/5715 2853/5716
f 2852/5452 2853/5384 2849/5450
f 2913/5397 2991/5399 2994/5717
f 2855/5689 2919/5688 2779/5718
f 2857/5719 2992/5720 2919/5721
f 2779/5718 2851/5559 2855/5689
f 2856/5722 2990/5723 2916/5724
f 2850/5702 2917/5725 2840/5701
f 2859/5113 2849/5112 2781/5714
f 2857/5719 2927/5726 2992/5720
f 2912/4886 2858/5711 2832/4884
f 2858/5684 2856/5713 2917/5710
f 2861/5727 2926/5728 2863/5729
f 2857/5719 2859/5113 2927/5726
f 2863/5729 2864/5381 2861/5727
f 2860/5383 2781/5708 2853/5384
f 2861/5615 2864/5381 2921/5613
f 2859/5113 2781/5714 2926/5730
f 2837/5697 2839/5472 2932/5696
f 2640/5389 2860/5474 2862/5695
f 2864/5381 2860/5383 2641/5388
f 2861/5727 2925/5731 2926/5728
f 2641/5390 2642/5392 2864/5381
f 2921/5613 2864/5381 2642/5404
f 2547/5330 2866/5584 2868/5732
f 2782/5587 2867/5586 2869/5733
f 2933/5497 2866/5496 2802/5734
f 2782/5735 2865/5736 2866/5737
f 2782/5587 2937/5738 2939/5585
f 2544/5627 2941/5626 2543/5321
f 2547/5330 2868/5732 2546/5323
f 2866/5584 2865/5736 2868/5732
f 2782/5587 2869/5733 2865/5736
f 2544/5316 2869/5378 2867/5625
f 3010/5739 2565/5001 2566/4996
f 2870/5740 3009/4999 3011/4998
f 3014/5594 3015/5596 2946/5741
f 2980/5742 3040/5743 2979/5744
f 3022/5745 2577/5746 2949/5747
f 2966/5748 3039/5749 3106/5750
f 2786/5751 3096/5612 3050/5611
f 2785/5752 3039/5753 3021/5754
f 2953/5755 2646/5417 2647/5419
f 2996/5756 2928/5757 2924/5758
f 3054/5759 3023/5760 3053/5761
f 2953/5762 3053/5763 3052/5764
f 3025/5765 2538/5428 2539/5340
f 2876/5766 2957/5767 2955/5768
f 2960/5769 3028/5770 3061/5771
f 2724/5772 3094/5773 3029/5774
f 2943/5622 2542/5342 2543/5623
f 2878/5431 3008/5628 3028/5432
f 3031/5775 2570/5003 2571/5010
f 2983/5776 2981/5777 2980/5778
f 3067/5779 2880/5780 3036/5781
f 3033/5140 2879/5139 2962/5027
f 2574/5124 3038/5782 2965/5632
f 3082/5783 2723/5784 3080/5785
f 2795/5639 2882/5638 2622/5212
f 2792/5488 2882/5636 2793/5486
f 2792/5210 2883/5209 2620/4824
f 2884/4955 2883/5508 2794/5482
f 2887/5786 2889/5787 2896/5788
f 2734/5272 2888/5789 2884/4955
f 2748/5528 2895/5790 2651/4880
f 2891/5343 2659/5011 2892/5791
f 2894/5509 2736/5277 2735/4859
f 2887/5792 2895/5793 2885/5794
f 2887/5661 2651/4880 2895/5793
f 2887/5792 2885/5794 2889/5787
f 2746/5526 2888/5300 2734/5523
f 2618/5299 2884/5506 2888/5300
f 2889/4953 2794/5482 2896/5788
f 2889/4953 2885/5794 2890/4954
f 2890/4954 2885/5794 2967/5795
f 2747/5525 2892/5524 2659/5011
f 2886/5796 2967/5795 2885/5794
f 2683/5400 2893/5797 2650/4861
f 2734/5523 2890/4954 2892/5524
f 2891/5343 2892/5791 2890/4954
f 2684/4968 2893/5328 2683/5100
f 2891/5343 2967/5798 2894/5510
f 2893/5797 2894/5510 2650/4861
f 2736/5277 2894/5509 2886/4890
f 2661/4888 2895/5527 2748/4975
f 2895/5527 2886/4890 2885/5794
f 2725/5640 2896/5662 2794/5211
f 2810/5529 2887/5661 2896/5662
f 2968/5799 3012/5800 2897/5801
f 2730/5644 2903/5369 2902/5645
f 2898/5067 2729/5066 2968/5495
f 2899/5494 2898/5067 2655/5592
f 2808/5148 2899/5282 2655/5592
f 2800/5647 2899/5494 2666/5063
f 2797/5074 2900/5132 2561/5075
f 2900/5132 2799/5065 2800/5144
f 2806/5655 2901/5657 2548/5363
f 2866/5584 2901/5329 2802/5734
f 2731/5802 2904/5660 2970/5659
f 2902/5645 2971/5803 2974/5643
f 2802/5656 2806/5655 2903/5804
f 2903/5804 2806/5655 2969/5654
f 2805/5653 2904/5505 2731/5652
f 2809/5373 2904/5660 2732/5372
f 2905/5310 2772/5577 2848/5575
f 2715/5564 2776/5563 2908/5805
f 2906/5576 2846/5570 2988/5569
f 2908/5805 2906/5806 2715/5564
f 2985/5469 2717/5467 2719/5458
f 2771/5807 2826/5456 2907/5309
f 2908/5311 2905/5310 2906/5806
f 2717/5467 2908/5311 2776/5561
f 2635/5550 2909/5549 2634/5289
f 2826/5456 2771/5807 2909/5549
f 2910/4949 2777/5292 2986/5566
f 2989/5675 2829/5303 2586/4941
f 2912/4886 2911/4885 2584/4853
f 2834/4877 2911/5572 2832/5686
f 2585/4867 2829/5303 2912/5683
f 2829/4951 2773/5571 2990/5678
f 2833/5808 2920/5809 2994/5810
f 2948/5604 3017/5606 3018/5811
f 2844/4977 2915/5812 2914/5704
f 2840/5701 2917/5725 2916/5813
f 2843/5671 2915/5703 2844/5558
f 2840/5701 2914/5704 2915/5703
f 2773/5571 2914/5704 2916/5814
f 2840/5701 2916/5813 2914/5704
f 2917/5710 2850/5702 2851/5685
f 2916/5724 2917/5725 2856/5722
f 2992/5815 3041/5816 2918/5817
f 2918/5818 2920/5819 2919/5820
f 2857/5719 2919/5721 2721/5573
f 2994/5810 2920/5809 2918/5818
f 2835/5691 2920/5680 2833/5692
f 2779/5682 2919/5688 2920/5680
f 2924/5394 2930/5821 2644/5395
f 2928/5822 2922/5607 2923/5609
f 2928/5823 2921/5824 2930/5825
f 3076/5826 2928/5827 2929/5828
f 2921/5580 2643/5403 2930/5825
f 3051/5829 2922/5830 3075/5831
f 2995/5396 2644/5395 2645/5412
f 2996/5832 3042/5833 3104/5834
f 2925/5731 2927/5835 2926/5728
f 2923/5614 2931/5608 2861/5615
f 2863/5729 2926/5728 2781/5708
f 2925/5731 3074/5836 2927/5835
f 2927/5726 2854/5837 2992/5720
f 2859/5113 2926/5730 2927/5726
f 2921/5613 2928/5823 2923/5614
f 2929/5828 2928/5827 2996/5756
f 3078/5838 3097/5839 2787/5840
f 3072/5841 3075/5842 3076/5843
f 2644/5395 2930/5821 2643/5409
f 2928/5823 2930/5825 2924/5758
f 3051/5829 2931/5608 2922/5830
f 2861/5727 2931/5608 2925/5731
f 2836/5471 2932/5699 2839/5472
f 2640/5694 2932/5696 2639/5314
f 2903/5369 2933/5368 2802/5656
f 2933/5497 2730/5367 2935/5648
f 2973/5844 2935/5648 2730/5367
f 2934/5845 2937/5846 2936/5847
f 2973/5844 2730/5367 2972/5848
f 2936/5498 2935/5648 2934/5845
f 2934/5845 2978/5849 2937/5846
f 2866/5496 2936/5498 2782/5735
f 2940/5850 2939/5585 2937/5738
f 2782/5735 2936/5498 2937/5738
f 3040/5743 2980/5742 2722/5851
f 2867/5625 2942/5852 2941/5626
f 2940/5850 2937/5738 2722/5853
f 2939/5854 2938/5855 2997/5856
f 2981/5777 2722/5851 2980/5778
f 2938/5855 2939/5854 2940/5012
f 2942/5852 2867/5625 2997/5857
f 2959/5858 2943/5859 2878/5860
f 2938/5014 2981/5013 3000/5861
f 3008/5628 2878/5431 2943/5859
f 2941/5624 2998/5862 2943/5622
f 2999/5863 3008/5864 2998/5865
f 3010/5866 3009/4999 2870/5740
f 2784/5631 2979/5867 2871/5595
f 2935/5648 2973/5844 2934/5845
f 3013/5868 2798/5493 2563/5034
f 2946/5869 3007/5597 3006/5599
f 2790/5870 3004/5871 3006/5872
f 3016/5873 2578/5083 2579/5087
f 2947/5099 2950/5095 2951/5600
f 2579/5087 2580/5107 3017/5874
f 2948/5604 3018/5811 3049/5875
f 3073/5876 2949/5877 2951/5878
f 3022/5879 2872/5435 2576/5096
f 3016/5873 2947/5093 2578/5083
f 3049/5875 2950/5880 2948/5604
f 2951/5878 2873/5120 3073/5876
f 2577/5088 2951/5600 2949/5747
f 2953/5755 2952/5406 2646/5417
f 2995/5881 2952/5406 2874/5405
f 2954/5476 2953/5755 2647/5419
f 3053/5763 3023/5760 3052/5764
f 2955/5442 2954/5444 2648/5437
f 2954/5444 2875/5443 3053/5882
f 2536/5421 2955/5423 2648/5437
f 3058/5883 2957/5767 2876/5766
f 2538/5447 2956/5446 2537/5430
f 2876/5766 2955/5768 2956/5422
f 3054/5884 2957/5885 2788/5886
f 2875/5443 2955/5442 2957/5767
f 3026/5887 2539/5340 2540/5339
f 3027/5888 3090/5889 3058/5890
f 2943/5622 2959/5858 2542/5342
f 3030/5433 2959/5858 2878/5431
f 3063/5891 3062/5892 3044/5893
f 2960/5894 2877/5895 3056/5896
f 2961/5004 2570/5003 3031/5775
f 3007/5597 2961/5026 2879/5598
f 2962/5897 3031/5898 2963/5899
f 3070/5900 3032/5901 3033/5902
f 2572/5136 2573/5127 3037/5903
f 2963/5904 2880/5905 3070/5906
f 2880/5905 2963/5904 2964/5907
f 2963/5477 2572/5077 3037/5903
f 2574/5124 2575/5126 3038/5782
f 2964/5129 2965/5128 2881/5133
f 3039/5753 2872/5908 3021/5754
f 2881/5133 2965/5128 2966/5909
f 2894/5510 2967/5798 2886/4890
f 2890/4954 2967/5795 2891/5343
f 3012/5800 2968/5799 2798/5058
f 2898/5593 2968/5495 2897/5591
f 2970/5659 2969/5654 2731/5802
f 2903/5369 2969/5654 2902/5645
f 2655/5592 2970/5503 2808/5148
f 2969/5654 2970/5659 2902/5645
f 2971/5502 2897/5591 2972/5910
f 2902/5645 2970/5659 2971/5803
f 3012/5800 2972/5910 2897/5801
f 2972/5848 2975/5911 2973/5844
f 2972/5848 3012/5800 2975/5911
f 2973/5844 2975/5911 2976/5589
f 2971/5803 2972/5910 2974/5643
f 2730/5644 2974/5643 2972/5848
f 3011/4875 2975/5912 2945/4873
f 2976/5589 2975/5911 2783/5020
f 2783/5020 3009/4999 2977/5018
f 2976/5019 2977/5018 3040/5913
f 2979/5914 2977/5915 2944/5916
f 3040/5913 2978/5917 2976/5019
f 2937/5738 2978/5849 2722/5853
f 2934/5590 2976/5589 2978/5849
f 2871/5022 2979/5867 2944/5023
f 2979/5744 2784/5631 2980/5742
f 2984/5918 2982/5919 2983/5920
f 2981/5777 2940/5012 2722/5851
f 2983/5776 2980/5778 2984/5918
f 2999/5921 3046/5922 2789/5923
f 3005/5924 3006/5872 3004/5871
f 2982/5925 3003/5926 3001/5927
f 2984/5918 2980/5778 2784/5631
f 2983/5920 2982/5919 3001/5927
f 3014/5594 2984/5918 2784/5631
f 3005/5928 2984/5929 2946/5930
f 2771/5455 2907/5309 2985/5469
f 2985/5469 2907/5309 2717/5467
f 2987/5568 2777/5567 2778/5560
f 2986/5931 2715/5564 2906/5806
f 2987/5568 2778/5560 2775/5465
f 2715/5564 2986/5931 2987/5562
f 2910/4952 2986/5566 2988/4950
f 2988/4950 2986/5566 2906/5576
f 2830/4948 2989/4947 2587/4943
f 2829/5303 2989/5675 2910/4952
f 2916/5814 2990/5723 2773/5571
f 2856/5713 2912/5712 2990/5723
f 2835/5104 2991/5693 2581/5103
f 2994/5717 2991/5399 2833/5808
f 3041/5816 2992/5815 2854/5837
f 2919/5820 2992/5720 2918/5818
f 2786/5932 3049/5933 3019/5934
f 3018/5811 3017/5606 3048/5935
f 3041/5816 2994/5810 2918/5817
f 3048/5936 2994/5937 2993/5938
f 2952/5414 2995/5881 2645/5415
f 3052/5425 3042/5424 2874/5939
f 2924/5394 2995/5396 2996/5756
f 2995/5881 2874/5405 3042/5424
f 2939/5585 2997/5856 2867/5586
f 2938/5855 2942/5852 2997/5856
f 2941/5624 2942/5852 2998/5862
f 2998/5865 2942/5852 2999/5863
f 3043/5940 2938/5014 3000/5861
f 2942/5852 3043/5941 2999/5863
f 3001/5927 2981/5777 2983/5920
f 2981/5013 3001/5927 3000/5861
f 3004/5942 3002/5943 3003/5944
f 3003/5926 3045/5350 3001/5927
f 3033/5140 3066/5945 2790/5138
f 3029/5946 3062/5892 3063/5891
f 3004/5942 3003/5944 2982/5925
f 3002/5947 3064/5948 3045/5949
f 3005/5924 3004/5871 2982/5925
f 3002/5943 3004/5942 2790/5870
f 2984/5929 3005/5928 2982/5919
f 3005/5924 2946/5930 3006/5872
f 3015/5596 3007/5597 2946/5741
f 2790/5138 3006/5872 2879/5139
f 2568/4987 2569/4989 3007/5950
f 3007/5597 2569/4989 2961/5026
f 2998/5865 3008/5864 2943/5622
f 2999/5863 2789/5923 3008/5864
f 3010/5866 2870/5740 2565/5001
f 2977/5018 3009/4999 2944/5916
f 2871/5022 3010/5021 2566/4996
f 3009/4999 3010/5866 2944/5916
f 2975/5912 3011/4875 2783/5020
f 3047/4874 2945/4873 3013/5951
f 3013/5868 3012/5800 2798/5493
f 3012/5800 2945/4873 2975/5911
f 3047/5642 2563/5034 2564/5031
f 3012/5800 3013/5868 2945/4873
f 3015/5596 2871/5595 2567/4997
f 2984/5918 3014/5594 2946/5930
f 2567/4990 2568/4987 3015/5596
f 3007/5597 3015/5596 2568/4987
f 3017/5874 3016/5605 2579/5087
f 2950/5095 3016/5094 2948/5604
f 2580/5107 2913/5397 3017/5874
f 3048/5935 3017/5606 2913/5397
f 3019/5952 3018/5953 2993/5954
f 3018/5811 3019/5952 3049/5875
f 3074/5955 2993/5956 3041/5957
f 3074/5836 2925/5731 3051/5583
f 3073/5958 3071/5959 3050/5960
f 3108/5635 3101/5634 3085/5961
f 3022/5879 3021/5754 2872/5435
f 3020/5109 3021/5111 2949/5962
f 2577/5088 3022/5745 2576/5096
f 3021/5111 3022/5879 2949/5962
f 2875/5443 2957/5767 3054/5884
f 3023/5760 3054/5759 3077/5963
f 2956/5422 3024/5448 2876/5766
f 3025/5765 3024/5448 2538/5428
f 3026/5887 3025/5616 2539/5340
f 3024/5347 3025/5765 2958/5434
f 3026/5887 2540/5339 3030/5478
f 3057/5964 3026/5965 3056/5966
f 3027/5967 3059/5968 3057/5969
f 3065/5970 3068/5971 2724/5972
f 3061/5771 3028/5770 2789/5629
f 3030/5433 3028/5432 2960/5769
f 3102/5973 3094/5974 3069/5975
f 3061/5771 3110/5976 2960/5769
f 3030/5478 2541/5333 2959/5858
f 3030/5433 2960/5769 3056/5896
f 2963/5899 3031/5898 2571/5010
f 2961/5026 3031/5775 2962/5027
f 2880/5780 3035/5977 3036/5781
f 3064/5948 3002/5947 3065/5978
f 3070/5900 3033/5902 2962/5027
f 3066/5945 3033/5140 3032/5901
f 2881/5979 3109/5980 3087/5981
f 3035/5164 3034/5134 2791/5982
f 3035/5977 2791/5982 3036/5781
f 2964/5135 3035/5164 2880/5905
f 3091/5983 3089/5984 3060/5985
f 3068/5971 3065/5970 3067/5986
f 2965/5128 3037/5130 2573/5127
f 2963/5904 3037/5903 2964/5907
f 2872/5162 3038/5161 2575/5089
f 2965/5128 3038/5782 2966/5909
f 3021/5111 3101/5110 2785/5752
f 2966/5748 2872/5162 3039/5749
f 2978/5849 3040/5913 2722/5853
f 2979/5914 3040/5743 2977/5915
f 3041/5816 2854/5837 3074/5955
f 2994/5810 3041/5816 2993/5938
f 3042/5833 2787/5426 3104/5834
f 2995/5396 3042/5424 2996/5756
f 2938/5014 3043/5940 2942/5852
f 3046/5987 3043/5940 3000/5861
f 3046/5987 3000/5861 3045/5350
f 3044/5893 3064/5988 3063/5891
f 3002/5943 3045/5949 3003/5944
f 3045/5350 3044/5989 3046/5987
f 3046/5987 3044/5989 3062/5892
f 3046/5987 2999/5921 3043/5940
f 3011/4998 3047/4874 2870/5740
f 2563/5034 3047/5642 3013/5868
f 2994/5717 3048/5936 2913/5397
f 3018/5953 3048/5935 2993/5954
f 3050/5611 3049/5933 2786/5751
f 3049/5875 3071/5990 2950/5880
f 3051/5829 3075/5831 2786/5991
f 3073/5958 3050/5960 3098/5610
f 3051/5583 2925/5731 2931/5608
f 2786/5932 3019/5934 3051/5829
f 2953/5762 3052/5764 2874/5405
f 3078/5992 3052/5764 3023/5760
f 2954/5444 3053/5882 2953/5755
f 3054/5759 3053/5761 2875/5443
f 3083/5993 3079/5994 3081/5995
f 3077/5996 3055/5997 3078/5998
f 3020/5999 3073/5958 3098/5610
f 3078/5838 3055/5997 3097/5839
f 3057/5964 3056/5966 2877/5895
f 3030/5478 3056/5896 3026/5887
f 3057/5964 2877/5895 3095/6000
f 2958/5618 3026/5617 3057/5964
f 2957/5767 3058/5883 2788/5886
f 3059/5345 3058/5883 2876/5346
f 3057/5969 3059/5968 2958/5618
f 3058/5883 3059/5345 3027/5888
f 3088/6001 3083/6002 3060/6003
f 3092/6004 3093/6005 3095/6006
f 2789/5923 3046/5922 3062/5892
f 3061/5771 3029/6007 3110/5976
f 3029/5946 3061/5771 3062/5892
f 2789/5923 3062/5892 3061/5771
f 3044/5989 3045/5350 3064/5988
f 3029/5946 3063/5891 2724/5772
f 2790/5870 3066/5945 3002/5943
f 2724/5772 3063/5891 3064/5988
f 3065/5970 3066/6008 3067/5986
f 2724/5972 3064/5988 3065/5970
f 3067/5986 3066/6008 3032/5901
f 3002/5947 3066/5945 3065/5978
f 2880/5780 3067/5779 3032/5901
f 3068/5971 3067/5986 3036/5781
f 3036/5781 3069/6009 3068/5971
f 2724/5972 3068/5971 3094/5773
f 3091/6010 3036/5781 2791/5982
f 3069/5975 3060/6011 3102/5973
f 2963/5899 3070/5906 2962/5897
f 2880/5780 3032/5901 3070/5906
f 2950/5880 3071/5990 2873/5120
f 3049/5933 3050/5611 3071/5990
f 3103/6012 3104/6013 3097/6014
f 3100/6015 3098/6016 3072/6017
f 3073/5876 3020/5999 2949/5877
f 3071/5959 3073/5958 2873/5120
f 3074/5582 3019/5581 2993/5956
f 3074/5955 2854/5837 2927/5835
f 3076/5843 3075/5842 2922/5830
f 3096/6018 3075/5842 3072/5841
f 2928/5822 3076/5826 2922/5607
f 3076/5826 2929/5828 3103/6019
f 3080/5601 3077/5963 3054/5602
f 2723/6020 3055/5997 3077/5996
f 3052/5425 3078/5992 2787/5426
f 3077/5996 3078/5998 3023/5760
f 2791/6021 3087/6022 3089/6023
f 3080/5601 2723/5784 3077/5963
f 3081/5603 3054/5602 2788/5886
f 3080/5785 3079/5621 3082/5783
f 3081/5995 2788/5886 3083/5993
f 3079/5994 3080/5785 3081/5995
f 3086/5619 3079/5621 3088/6024
f 2723/5784 3082/5783 3085/6025
f 2788/5886 3090/6026 3083/5993
f 3090/6026 3093/6027 3083/5993
f 3034/5134 3087/6022 2791/5982
f 2966/5748 3106/5750 3109/6028
f 3086/5619 3085/6025 3082/5620
f 3108/6029 3107/6030 3106/6031
f 3079/5994 3083/5993 3088/6024
f 3086/6032 3084/6033 3107/6034
f 2881/5133 3087/5981 3034/5134
f 3089/6035 3084/6036 3088/6037
f 3069/5975 3091/5983 3060/6011
f 3084/6036 3086/6032 3088/6037
f 3084/6036 3089/6035 3087/6022
f 3089/5984 3088/6037 3060/5985
f 3058/5883 3090/5889 2788/5886
f 3092/6004 3102/6038 3093/6005
f 3036/5781 3091/6010 3069/6009
f 2791/6021 3089/6023 3091/6010
f 3060/6003 3083/6002 3093/6027
f 3110/6039 3092/6004 3095/6006
f 3090/5889 3027/5888 3093/6027
f 3095/6006 3093/6005 3027/5888
f 3069/6009 3094/5974 3068/5971
f 3094/6040 3092/6004 3110/6039
f 3057/5964 3095/6000 3027/5967
f 3095/6000 2877/5895 3110/6039
f 3075/5842 3096/6018 2786/5991
f 3098/6016 3096/5612 3072/6017
f 3105/6041 3099/6042 3100/6043
f 3103/6012 3097/6014 3072/6044
f 3097/6014 3100/6015 3072/6044
f 3100/6015 3099/6042 3098/6016
f 3085/6025 3099/6045 2723/5784
f 3020/5999 3098/5610 3099/6042
f 3055/5997 3105/6046 3097/5839
f 3100/6043 3097/6014 3105/6041
f 3020/5999 3099/6042 3101/5110
f 3085/6025 3101/5634 3099/6045
f 3093/6027 3102/6038 3060/6003
f 3094/5974 3102/5973 3092/6004
f 3076/5826 3103/6019 3072/5841
f 3104/6013 3103/6012 2929/5828
f 3104/5834 2929/5828 2996/5832
f 2787/5426 3097/5839 3104/5834
f 3055/5997 2723/6020 3105/6046
f 3099/6042 3105/6041 2723/5784
f 3084/6036 3087/6022 3109/5980
f 3108/5635 3039/5753 2785/5633
f 3086/6032 3107/6034 3085/6025
f 3084/6033 3106/6031 3107/6034
f 3107/6034 3108/6029 3085/6025
f 3039/5753 3108/5635 3106/5750
f 2966/5748 3109/6028 2881/5133
f 3084/6036 3109/5980 3106/6031
f 3110/5976 2877/5895 2960/5769
f 3094/5773 3110/6039 3029/5774
f 3212/6047 2508/6048 3213/6049
f 3257/6050 3256/6051 3191/6052
f 3262/6053 3257/6054 3192/6055
f 2508/6048 2507/6056 3213/6049
f 3212/6047 2509/6057 2508/6048
f 3253/6058 3177/6059 3254/6060
f 3254/6061 3178/6062 3249/6063
f 2510/6064 2509/6065 3211/6066
f 3214/6067 2507/6068 2506/6069
f 3220/6070 3255/6071 3117/6072
f 2502/6073 3218/6074 2503/6075
f 3267/6076 3266/6077 3194/6078
f 3195/6079 3267/6076 3194/6078
f 2501/6080 3114/6081 2502/6082
f 3216/6083 2505/6084 2504/6085
f 3182/6086 3183/6087 3264/6088
f 3210/6089 3227/6090 3209/6091
f 3211/6066 2509/6065 3212/6047
f 3217/6092 2504/6093 2503/6094
f 2505/6095 3215/6096 2506/6097
f 2501/6098 2500/6099 3219/6100
f 3148/6101 3261/6102 3147/6103
f 3187/6104 3188/6105 3259/6106
f 2510/6064 3211/6066 3210/6107
f 2513/6108 2512/6109 3208/6110
f 3179/6111 3180/6112 3251/6113
f 2513/6114 3207/6115 2514/6116
f 3181/6117 3182/6118 3250/6119
f 2516/6120 2515/6121 3205/6122
f 2515/6123 2514/6124 3206/6125
f 3247/6126 3176/6127 3253/6128
f 3249/6129 3179/6111 3251/6113
f 3209/6130 2512/6131 2511/6132
f 3243/6133 3248/6134 3171/6135
f 3228/6136 3208/6137 3229/6138
f 3208/6110 2512/6109 3209/6130
f 3207/6139 3208/6137 3228/6136
f 2516/6140 3204/6141 2517/6142
f 3246/6143 3174/6144 3245/6145
f 2518/6146 2517/6147 3203/6148
f 3171/6135 3172/6149 3243/6133
f 2519/6150 2518/6151 3202/6152
f 2519/6153 3201/6154 2520/6155
f 3244/6156 3173/6157 3246/6158
f 2513/6108 3208/6110 3207/6115
f 3209/6130 2511/6132 3210/6089
f 2511/6132 2510/6064 3210/6089
f 3174/6144 3175/6159 3245/6145
f 3230/6160 3227/6090 3210/6089
f 3252/6161 3181/6117 3250/6119
f 2507/6068 3214/6067 3213/6049
f 3214/6067 2506/6069 3215/6096
f 3236/6162 3197/6163 3242/6164
f 3232/6165 3206/6166 3231/6167
f 3234/6168 3205/6169 3232/6170
f 3204/6171 3234/6172 3233/6173
f 3204/6141 2516/6140 3205/6122
f 3205/6122 2515/6121 3206/6125
f 3225/6174 3212/6047 3213/6049
f 3226/6175 3211/6066 3212/6047
f 2501/6098 3219/6100 3114/6081
f 3114/6081 3218/6074 2502/6082
f 3115/6176 3255/6177 3114/6178
f 3220/6179 3217/6180 3218/6181
f 3215/6096 3223/6182 3214/6067
f 3224/6183 3213/6049 3214/6067
f 3216/6184 3222/6185 3215/6186
f 3217/6180 2503/6094 3218/6181
f 2504/6093 3217/6092 3216/6083
f 3217/6092 3221/6187 3216/6083
f 3115/6176 3114/6178 3219/6100
f 3219/6100 2500/6099 3111/6188
f 3215/6186 2505/6095 3216/6184
f 3203/6148 2517/6147 3204/6141
f 3202/6189 3237/6190 3201/6191
f 3202/6192 3203/6193 3233/6194
f 3200/6195 2520/6155 3201/6154
f 3201/6154 2519/6153 3202/6189
f 3138/6196 3241/6197 3137/6198
f 2522/6199 2521/6200 3199/6201
f 3133/6202 3237/6190 3202/6189
f 2523/6203 2522/6199 3199/6201
f 2523/6204 3198/6205 2524/6206
f 3141/6207 3240/6208 3140/6209
f 3200/6195 2521/6210 2520/6155
f 2518/6151 3203/6148 3202/6152
f 3238/6211 3201/6191 3237/6190
f 3239/6212 3200/6213 3238/6214
f 3197/6215 2524/6206 3198/6205
f 3198/6205 2523/6204 3199/6201
f 2525/6216 3197/6217 3196/6218
f 2525/6216 2524/6206 3197/6217
f 2525/6216 3196/6218 2526/6219
f 3240/6220 3196/6221 3236/6222
f 3206/6166 3235/6223 3231/6167
f 2526/6219 3196/6218 3195/6224
f 3241/6225 3199/6226 3239/6227
f 3199/6201 2521/6200 3200/6195
f 3197/6163 3198/6205 3242/6164
f 3231/6167 3235/6223 3129/6228
f 3219/6100 3111/6188 3112/6229
f 3206/6125 2514/6124 3207/6115
f 3241/6230 3242/6164 3198/6205
f 2489/6231 2488/6232 3173/6233
f 3227/6090 3230/6160 3125/6234
f 3173/6233 2488/6232 3174/6235
f 2489/6231 3173/6233 3172/6236
f 3171/6135 2490/6237 3172/6149
f 2490/6237 3171/6135 2491/6238
f 3172/6149 2490/6237 2489/6231
f 3248/6134 3243/6133 3165/6239
f 3173/6233 3244/6156 3172/6236
f 3233/6173 3234/6172 3132/6240
f 3175/6241 2486/6242 3176/6243
f 2486/6242 3175/6241 2487/6244
f 3176/6243 2486/6242 2485/6245
f 3246/6143 3245/6145 3162/6246
f 2487/6244 3175/6241 3174/6144
f 2487/6244 3174/6144 2488/6232
f 3243/6133 3164/6247 3165/6239
f 209/6248 3164/6249 3163/6250
f 3173/6233 3174/6235 3246/6158
f 3163/6250 3164/6249 3244/6251
f 3175/6241 3176/6243 3247/6126
f 3228/6252 3128/6253 3235/6254
f 3232/6170 3131/6255 3234/6168
f 208/6256 3164/6249 209/6248
f 2649/6257 2491/6258 3170/6259
f 3136/6260 3238/6261 3135/6262
f 2491/6258 3171/6135 3170/6259
f 2649/6257 3170/6259 78/6263
f 20/6264 2649/6257 78/6263
f 19/6265 78/6263 3170/6259
f 19/6266 3169/6267 3167/6268
f 3169/6267 19/6266 3170/6259
f 3169/6267 3170/6259 3171/6135
f 3137/6269 3239/6270 3136/6271
f 3168/6272 3166/6273 3165/6274
f 3166/6275 3169/6276 3248/6277
f 208/6256 3165/6239 3164/6249
f 207/6278 3165/6239 208/6256
f 3167/6279 3168/6280 18/6281
f 3168/6272 3167/6279 3166/6273
f 207/6282 18/6281 3168/6280
f 3168/6280 3165/6274 207/6282
f 3167/6279 18/6281 19/6266
f 3166/6273 3167/6279 3169/6276
f 3171/6135 3248/6134 3169/6267
f 3150/6283 3260/6284 3149/6285
f 3140/6286 3236/6287 3139/6288
f 2482/6289 2481/6290 3180/6291
f 3223/6292 3121/6293 3224/6294
f 3180/6291 2481/6290 3181/6295
f 2482/6289 3180/6291 3179/6111
f 3178/6296 2483/6297 3179/6298
f 3225/6299 3123/6300 3226/6301
f 3179/6298 2483/6297 2482/6289
f 3178/6296 3179/6298 3249/6063
f 3157/6302 3158/6303 3249/6304
f 3222/6185 3223/6182 3215/6186
f 2527/6305 3194/6306 2528/6307
f 2527/6308 2526/6219 3195/6224
f 3225/6299 3226/6301 3212/6047
f 3227/6309 3126/6310 3229/6311
f 3181/6117 2480/6312 3182/6118
f 3181/6117 2481/6290 2480/6312
f 3252/6161 3250/6119 3155/6313
f 2480/6312 2479/6314 3182/6118
f 3222/6185 3120/6315 3223/6182
f 3249/6304 3251/6113 3157/6302
f 3193/6316 2529/6317 2528/6318
f 3228/6136 3229/6138 3127/6319
f 2483/6297 3178/6296 2484/6320
f 3181/6117 3252/6161 3180/6291
f 2485/6321 2484/6322 3177/6323
f 3226/6324 3124/6325 3230/6326
f 3176/6127 3177/6059 3253/6128
f 3245/6145 3161/6327 3162/6246
f 3163/6250 210/6328 209/6248
f 210/6328 3163/6250 3162/6329
f 3162/6329 211/6330 210/6328
f 3161/6327 211/6330 3162/6246
f 3162/6329 3163/6250 3246/6143
f 3189/6331 3190/6332 3258/6333
f 2484/6322 3178/6296 3177/6323
f 3177/6323 3176/6127 2485/6321
f 3159/6334 3158/6335 214/6336
f 3177/6323 3178/6296 3254/6060
f 214/6336 3158/6335 215/6337
f 3159/6334 214/6336 213/6338
f 3161/6327 212/6339 211/6330
f 212/6339 3161/6327 3160/6340
f 3160/6340 213/6341 212/6339
f 213/6341 3160/6340 3159/6334
f 3161/6327 3247/6342 3160/6340
f 3147/6343 3258/6344 3146/6345
f 3145/6346 3257/6347 3144/6348
f 3253/6349 3159/6334 3160/6340
f 3158/6335 3159/6334 3254/6350
f 3266/6351 3262/6352 3193/6353
f 3224/6183 3225/6174 3213/6049
f 3231/6167 3130/6354 3232/6165
f 3202/6189 3233/6194 3133/6202
f 3259/6106 3260/6355 3187/6104
f 3194/6306 2527/6305 3195/6079
f 3116/6356 3115/6357 3112/6358
f 3116/6356 3255/6177 3115/6357
f 3116/6356 3112/6358 3113/6359
f 3117/6072 3255/6071 3116/6356
f 3117/6072 3116/6356 256/6360
f 3118/6361 3117/6362 255/6363
f 3118/6361 3220/6070 3117/6362
f 3113/6359 257/6364 3116/6356
f 3118/6365 3119/6366 3221/6367
f 255/6363 3117/6362 256/6360
f 3258/6333 3261/6368 3189/6331
f 3146/6369 3256/6370 3145/6371
f 254/6372 3118/6361 255/6363
f 3120/6315 3222/6185 3119/6373
f 253/6374 3120/6315 3119/6373
f 3122/6375 3121/6376 250/6377
f 3120/6378 252/6379 3121/6380
f 3118/6361 254/6372 3119/6366
f 3121/6293 3223/6292 3120/6378
f 3253/6349 3254/6060 3159/6334
f 256/6360 3116/6356 257/6364
f 3121/6293 3122/6375 3224/6294
f 3123/6300 3225/6299 3122/6381
f 3123/6300 3122/6381 249/6382
f 3124/6383 3123/6384 248/6385
f 3124/6383 3226/6324 3123/6384
f 3126/6310 3227/6309 3125/6234
f 3126/6310 3125/6234 247/6386
f 3128/6253 3228/6252 3127/6319
f 244/6387 3129/6388 3128/6389
f 3126/6390 246/6391 3127/6392
f 3127/6392 3229/6138 3126/6390
f 3124/6393 247/6386 3125/6234
f 3125/6234 3230/6160 3124/6393
f 3129/6228 3130/6354 3231/6167
f 242/6394 3131/6395 3130/6396
f 3131/6397 241/6398 3132/6399
f 3130/6354 3131/6395 3232/6165
f 3132/6240 3133/6202 3233/6173
f 3134/6400 3133/6401 239/6402
f 3237/6190 3135/6262 3238/6211
f 3132/6240 239/6402 3133/6202
f 3134/6403 238/6404 3135/6405
f 3239/6270 3238/6214 3136/6271
f 243/6406 3130/6354 3129/6228
f 3131/6397 3132/6399 3234/6168
f 3127/6319 245/6407 3128/6253
f 3129/6228 3235/6223 3128/6389
f 254/6372 253/6374 3119/6366
f 3134/6400 3237/6190 3133/6401
f 253/6374 252/6379 3120/6315
f 3250/6119 3182/6118 3264/6088
f 3166/6273 3248/6277 3165/6274
f 252/6379 251/6408 3121/6380
f 250/6377 249/6382 3122/6375
f 3243/6133 3244/6251 3164/6247
f 3139/6409 3242/6410 3138/6411
f 249/6382 248/6385 3123/6300
f 3244/6251 3246/6158 3163/6250
f 251/6408 250/6377 3121/6380
f 247/6386 246/6391 3126/6310
f 3195/6224 3196/6218 3240/6220
f 3200/6213 3201/6154 3238/6214
f 246/6391 245/6407 3127/6392
f 244/6387 243/6406 3129/6388
f 3234/6172 3204/6171 3205/6169
f 242/6394 241/6398 3131/6395
f 3226/6324 3230/6326 3211/6066
f 3232/6165 3205/6169 3206/6166
f 243/6406 242/6394 3130/6354
f 3196/6221 3197/6217 3236/6222
f 245/6407 244/6387 3128/6253
f 3198/6205 3199/6201 3241/6230
f 248/6385 247/6386 3124/6383
f 3230/6326 3210/6089 3211/6066
f 3229/6138 3208/6137 3209/6130
f 237/6412 3135/6405 238/6404
f 240/6413 239/6402 3132/6240
f 3242/6410 3241/6230 3138/6411
f 236/6414 3137/6269 3136/6271
f 3137/6198 235/6415 3138/6196
f 237/6416 236/6414 3136/6271
f 3135/6262 237/6412 3136/6260
f 3239/6270 3137/6269 3241/6225
f 3227/6309 3229/6311 3209/6091
f 238/6404 3134/6403 239/6402
f 235/6415 234/6417 3138/6196
f 3235/6223 3206/6166 3207/6115
f 3204/6171 3233/6173 3203/6148
f 3138/6411 234/6417 3139/6409
f 3195/6224 3240/6220 3141/6207
f 3140/6286 3139/6288 233/6418
f 233/6418 232/6419 3140/6286
f 3228/6252 3235/6254 3207/6139
f 3139/6288 234/6417 233/6418
f 3140/6209 232/6419 3141/6207
f 3135/6262 3237/6190 3134/6403
f 235/6415 3137/6198 236/6414
f 3199/6226 3200/6195 3239/6227
f 3236/6287 3140/6286 3240/6220
f 3251/6420 3252/6421 3156/6422
f 241/6398 240/6413 3132/6399
f 3185/6423 3186/6424 3265/6425
f 3139/6288 3236/6287 3242/6410
f 3190/6426 3191/6052 3256/6051
f 3191/6052 3192/6055 3257/6050
f 3192/6427 2530/6428 2529/6429
f 3192/6427 2529/6429 3193/6316
f 3224/6183 3122/6375 3225/6174
f 3191/6430 2531/6431 2530/6432
f 3190/6433 2532/6434 2531/6435
f 3221/6187 3222/6185 3216/6083
f 3191/6430 2530/6432 3192/6055
f 3223/6292 3224/6294 3214/6067
f 3190/6433 3189/6331 2532/6434
f 3258/6333 3190/6332 3256/6051
f 3259/6106 3188/6105 3261/6436
f 2532/6434 3189/6331 2533/6437
f 3221/6187 3119/6366 3222/6185
f 2534/6438 2533/6439 3188/6440
f 3188/6440 3187/6104 2534/6438
f 3187/6104 3260/6355 3186/6441
f 2533/6439 3189/6331 3188/6440
f 2534/6438 3187/6104 2535/6442
f 3189/6331 3261/6368 3188/6440
f 3190/6433 2531/6435 3191/6052
f 3192/6055 3193/6316 3262/6053
f 3220/6179 3221/6187 3217/6180
f 3220/6179 3118/6361 3221/6187
f 3255/6071 3220/6070 3218/6181
f 2478/6443 2535/6444 3186/6445
f 2479/6446 2478/6447 3183/6448
f 3157/6302 215/6337 3158/6303
f 3251/6420 3156/6422 3157/6302
f 3157/6302 216/6449 215/6337
f 3156/6422 216/6449 3157/6302
f 3155/6313 3250/6119 3154/6450
f 3144/6451 3262/6452 3143/6453
f 3183/6448 2478/6447 3184/6454
f 2479/6446 3183/6448 3182/6118
f 3185/6455 3184/6454 2478/6447
f 3152/6456 3184/6454 3185/6455
f 3264/6457 3263/6458 3153/6459
f 3250/6119 3264/6088 3154/6450
f 3156/6422 217/6460 216/6449
f 217/6460 3156/6422 3155/6461
f 3155/6461 218/6462 217/6460
f 218/6462 3155/6461 3154/6450
f 3156/6422 3252/6421 3155/6461
f 3151/6463 3265/6464 3150/6465
f 3265/6425 3186/6424 3260/6355
f 2478/6447 3186/6445 3185/6455
f 2535/6444 3187/6104 3186/6445
f 3264/6088 3183/6087 3263/6458
f 3193/6353 3194/6078 3266/6351
f 3194/6306 3193/6353 2528/6307
f 3141/6466 231/6467 3142/6468
f 231/6467 3141/6466 232/6419
f 3142/6468 231/6467 230/6469
f 3262/6352 3266/6351 3143/6453
f 3144/6451 3143/6453 229/6470
f 230/6469 3143/6471 3142/6468
f 229/6470 3143/6453 230/6469
f 3262/6053 3144/6451 3257/6054
f 3243/6133 3172/6149 3244/6251
f 3145/6346 3256/6370 3257/6347
f 3144/6348 228/6472 3145/6346
f 228/6472 3144/6348 229/6470
f 3245/6145 3175/6159 3247/6126
f 3145/6346 228/6472 227/6473
f 3258/6344 3147/6343 3261/6368
f 3147/6343 3146/6345 226/6474
f 227/6475 226/6474 3146/6345
f 3251/6113 3180/6112 3252/6421
f 3146/6369 3145/6371 227/6475
f 3147/6343 226/6474 225/6476
f 3245/6145 3247/6126 3161/6327
f 3256/6370 3146/6369 3258/6333
f 3254/6350 3249/6063 3158/6335
f 3148/6101 3259/6106 3261/6102
f 3149/6477 3148/6478 224/6479
f 3149/6285 3260/6284 3259/6106
f 224/6479 3148/6478 225/6480
f 3150/6283 3265/6464 3260/6284
f 3154/6450 219/6481 218/6462
f 219/6481 3154/6450 3153/6482
f 3153/6482 220/6483 219/6481
f 3152/6484 220/6483 3153/6482
f 3153/6482 3154/6450 3264/6457
f 3183/6087 3184/6454 3263/6458
f 3265/6464 3151/6463 3152/6485
f 3148/6101 3147/6103 225/6480
f 3149/6285 223/6486 3150/6283
f 223/6486 3149/6285 224/6479
f 3114/6178 3255/6177 3218/6074
f 3150/6283 223/6486 222/6487
f 3152/6485 3151/6463 221/6488
f 3265/6425 3152/6485 3185/6423
f 222/6489 221/6488 3151/6463
f 3266/6077 3267/6076 3142/6490
f 3150/6465 222/6487 3151/6463
f 3152/6484 221/6488 220/6483
f 3149/6285 3259/6106 3148/6478
f 3153/6482 3263/6458 3152/6484
f 3247/6342 3253/6128 3160/6340
f 3152/6456 3263/6458 3184/6454
f 3142/6468 3267/6076 3141/6466
f 3141/6207 3267/6076 3195/6224
f 3143/6471 3266/6351 3142/6468
f 3115/6357 3219/6100 3112/6358
