# Exported from MakeClothes (TM)
# author Elvaerwyn
# license CC_by
# homepage http://www.makehuman.org/
v -0.6041 1.9402 1.4790
v -1.4823 2.0262 0.9285
v -1.1046 2.0098 -0.5836
v 0.6025 1.9311 1.4576
v 1.4762 2.0200 0.9219
v 0.0013 2.0128 -0.7880
v 1.1126 2.0095 -0.5802
v -1.1052 -7.8808 -0.2494
v -1.1850 -7.6995 0.5380
v -1.5399 -8.0028 -0.6741
v -1.7001 -8.0203 -0.6697
v -1.9571 -7.5317 1.3736
v -1.7705 -7.5359 1.3471
v -1.6074 -7.5752 1.1928
v -1.2551 2.3218 -0.3871
v -1.2453 2.3478 1.1559
v -0.3880 2.2676 1.5103
v -0.5876 2.2796 1.4730
v -1.5459 2.3272 0.1879
v -1.5407 2.3484 0.5715
v -1.4283 2.3590 0.9120
v -1.0181 2.3281 1.2942
v -0.7942 2.3005 1.3957
v -1.4324 2.3177 -0.1459
v -0.9095 2.3196 -0.6179
v -0.7513 2.3207 -0.6705
v -0.5814 2.3249 -0.7130
v -0.3964 2.3158 -0.7429
v -1.0745 2.3307 -0.5342
v -0.1980 2.3230 -0.7383
v -0.2023 2.2658 1.5341
v 1.2620 2.3212 -0.3859
v -0.0000 2.2632 1.5246
v 1.2408 2.3468 1.1487
v 0.3923 2.2671 1.4679
v 0.5861 2.2793 1.4264
v 1.5464 2.3266 0.1866
v 1.5379 2.3477 0.5680
v 1.4238 2.3581 0.9061
v 1.0145 2.3274 1.2830
v 0.7917 2.3000 1.3625
v 1.4367 2.3172 -0.1460
v 0.9173 2.3203 -0.6146
v 0.7586 2.3216 -0.6671
v 0.5878 2.3264 -0.7100
v 0.4017 2.3169 -0.7408
v 0.0012 2.3202 -0.7237
v 1.0823 2.3306 -0.5322
v 0.2016 2.3238 -0.7380
v 0.1988 2.2652 1.5122
v -0.8912 2.3235 -0.1793
v -0.8842 2.3422 0.9136
v -0.2788 2.2950 1.1845
v -0.4171 2.2943 1.1483
v -1.0977 2.3276 0.2288
v -1.0940 2.3426 0.4979
v -1.0142 2.3501 0.7393
v -0.7229 2.3282 1.0236
v -0.5638 2.3086 1.0965
v -1.0171 2.3208 -0.0080
v -0.6457 2.3028 -0.3436
v -0.5334 2.2850 -0.3807
v -0.4127 2.2765 -0.4121
v -0.2813 2.2527 -0.4343
v -0.7629 2.3181 -0.2841
v -0.1404 2.2713 -0.4331
v -0.1469 2.2827 1.1801
v 0.8966 2.3231 -0.1783
v 0.0002 2.2844 1.1476
v 0.8815 2.3415 0.9075
v 0.2789 2.2958 1.1331
v 0.4165 2.2940 1.1047
v 1.0986 2.3272 0.2279
v 1.0926 2.3421 0.4954
v 1.0116 2.3495 0.7352
v 0.7208 2.3277 1.0029
v 0.5625 2.3082 1.0593
v 1.0207 2.3204 -0.0080
v 0.6518 2.3036 -0.3422
v 0.5391 2.2861 -0.3796
v 0.4178 2.2776 -0.4110
v 0.2855 2.2536 -0.4337
v 0.0011 2.2662 -0.4231
v 0.7690 2.3185 -0.2828
v 0.1435 2.2723 -0.4334
v 0.1415 2.2832 1.1358
v -1.5486 1.9875 0.5542
v -1.5459 1.9696 0.1621
v -1.2523 1.9807 1.1508
v -0.3867 1.9097 1.4763
v -0.5856 1.9086 1.4369
v -1.0155 1.9598 1.2841
v -0.7917 1.9327 1.3692
v -1.4302 1.9469 -0.1816
v -1.4460 1.9956 0.9050
v -0.1927 1.9778 -0.8056
v -1.0897 1.9535 -0.5775
v -1.2566 1.9478 -0.4327
v 1.2569 1.9877 1.1450
v 1.0188 1.9635 1.2786
v 1.2634 1.9472 -0.4299
v 1.4345 1.9463 -0.1809
v 0.7895 1.9325 1.3564
v 0.5841 1.9083 1.4192
v 0.3910 1.8933 1.4597
v 1.5401 1.9867 0.5508
v 1.5464 1.9692 0.1608
v -0.3896 1.9734 -0.8172
v 1.4380 1.9983 0.8985
v 1.0971 1.9531 -0.5741
v 0.1963 1.9784 -0.8051
v 0.0012 1.9685 -0.7764
v 0.7514 1.9629 -0.7319
v 0.9110 1.9637 -0.6650
v 0.5806 1.9766 -0.7839
v -0.5742 1.9757 -0.7885
v -0.7441 1.9622 -0.7372
v -0.9031 1.9632 -0.6699
v 0.3947 1.9744 -0.8140
v 0.4994 1.9257 1.4788
v 0.4858 2.2671 1.4470
v 0.4915 2.3215 -0.7259
v 0.3453 2.2949 1.1194
v 0.3494 2.2652 -0.4227
v 0.4842 1.9005 1.4394
v 0.4844 1.9754 -0.8004
v -0.5040 1.9349 1.4954
v -0.4903 2.2674 1.4947
v -0.4889 2.3203 -0.7283
v -0.3480 2.2952 1.1609
v -0.3470 2.2646 -0.4232
v -0.4886 1.9010 1.4553
v -0.4819 1.9745 -0.8038
v 0.4994 1.9493 1.5436
v 0.6025 1.9526 1.5223
v -0.5040 1.9498 1.5571
v -0.6041 1.9530 1.5423
v 0.4858 2.2679 1.5118
v 0.5861 2.2820 1.4911
v -0.4903 2.2682 1.5531
v -0.5876 2.2823 1.5359
v -1.3864 2.0201 1.0542
v -1.3078 -7.6473 0.7890
v -1.3368 2.3534 1.0339
v -0.9492 2.3462 0.8260
v -1.3512 1.9887 1.0281
v 1.3867 2.0167 1.0477
v 1.3323 2.3525 1.0274
v 0.9466 2.3455 0.8214
v 1.3501 1.9941 1.0215
v -1.4311 2.0253 1.0899
v -1.5312 2.0315 0.9585
v 1.4246 2.0300 1.0704
v 1.5180 2.0335 0.9390
v -1.3806 2.3606 1.0687
v -1.4763 2.3665 0.9411
v 1.3699 2.3596 1.0490
v 1.4656 2.3655 0.9222
v 0.1014 2.3213 -0.7308
v 0.0994 2.2642 1.5193
v 0.0723 2.2690 -0.4283
v 0.0708 2.2838 1.1394
v 0.0988 1.9732 -0.7893
v -0.0995 2.2645 1.5313
v -0.0984 2.3210 -0.7310
v -0.0704 2.2838 1.1590
v -0.0696 2.2686 -0.4281
v -0.0958 1.9729 -0.7897
v -0.0499 2.0147 -0.7942
v -0.0498 2.2638 1.5279
v -0.0486 2.3199 -0.7274
v -0.0351 2.2841 1.1544
v -0.0342 2.2673 -0.4256
v -0.0473 1.9706 -0.7828
v 0.0500 1.9707 -0.7825
v 0.0528 2.0149 -0.7942
v 0.0513 2.3201 -0.7273
v 0.0497 2.2637 1.5223
v 0.0367 2.2675 -0.4257
v 0.0355 2.2841 1.1430
v -0.0499 2.0147 -0.8267
v 0.0013 2.0128 -0.8222
v -0.0486 2.3198 -0.7702
v 0.0012 2.3200 -0.7665
v 0.0528 2.0149 -0.8268
v 0.0513 2.3200 -0.7703
v 1.0278 2.0060 -0.6214
v 0.9998 2.3258 -0.5734
v 0.7104 2.3112 -0.3125
v 0.9968 1.9490 -0.6342
v -0.9916 2.0059 -0.6241
v -0.9937 2.3256 -0.5748
v -0.7056 2.3108 -0.3132
v -0.9901 1.9491 -0.6376
v -1.0495 2.0022 -0.6813
v -1.1348 2.0056 -0.6397
v 1.0557 2.0021 -0.6792
v 1.1428 2.0053 -0.6367
v -1.0209 2.3305 -0.6382
v -1.1039 2.3352 -0.5964
v 1.0269 2.3306 -0.6374
v 1.1117 2.3351 -0.5947
v 0.5776 1.9900 1.4955
v 0.5651 2.2391 1.4717
v 1.0612 2.3442 1.0281
v 1.2177 2.3538 0.8207
v -0.1746 2.2743 1.3571
v 0.0001 2.2738 1.3361
v 0.8676 2.3275 1.1430
v 0.0012 2.2925 -0.5734
v -0.1692 2.2963 -0.5856
v 0.9256 2.3244 -0.4049
v 0.7845 2.3114 -0.4762
v -0.3389 2.2842 -0.5873
v 0.6489 2.3030 -0.5213
v -1.0647 2.3450 1.0347
v -0.8705 2.3282 1.1589
v -0.9187 2.3243 -0.4070
v -1.0731 2.3228 -0.2808
v -1.2213 2.3546 0.8256
v 0.1701 2.2742 1.3240
v 0.3356 2.2814 1.3005
v 0.5028 2.3013 -0.5587
v -1.2248 2.3193 -0.0744
v -1.3218 2.3274 0.2108
v 0.1726 2.2971 -0.5857
v 0.3436 2.2852 -0.5858
v -0.6790 2.3046 1.2461
v -0.5024 2.2870 1.3106
v 1.2287 2.3188 -0.0744
v 1.0793 2.3223 -0.2794
v -1.3174 2.3455 0.5349
v 1.3152 2.3449 0.5319
v -0.6423 2.3021 -0.5236
v -0.7776 2.3106 -0.4786
v 1.3225 2.3269 0.2097
v -0.4970 2.3000 -0.5608
v 0.6771 2.3041 1.2109
v 0.5013 2.2866 1.2655
v -0.3334 2.2813 1.3474
v 0.4156 2.2810 1.2832
v 0.4205 2.2932 -0.5726
v -0.4191 2.2813 1.3278
v -0.4179 2.2923 -0.5741
v -1.1430 2.3498 0.9300
v 1.1394 2.3490 0.9244
v 0.0851 2.2740 1.3293
v 0.0869 2.2944 -0.5796
v -0.0840 2.2939 -0.5796
v -0.0850 2.2741 1.3451
v -0.0414 2.2931 -0.5765
v -0.0424 2.2740 1.3411
v 0.0426 2.2739 1.3327
v 0.0440 2.2932 -0.5765
v 0.8551 2.3182 -0.4405
v -0.8496 2.3178 -0.4421
v 1.1984 2.3468 1.1197
v -0.1963 2.2682 1.4916
v 0.9799 2.3280 1.2494
v 0.0012 2.3060 -0.6887
v 1.0454 2.3283 -0.5022
v -1.2027 2.3477 1.1269
v -1.0377 2.3283 -0.5044
v -1.3795 2.3585 0.8910
v 0.1920 2.2679 1.4630
v -1.3834 2.3187 -0.1292
v 0.1948 2.3108 -0.7027
v -0.7670 2.3021 1.3618
v 1.3876 2.3181 -0.1293
v -1.4880 2.3483 0.5626
v -0.7256 2.3116 -0.6361
v 0.7646 2.3015 1.3261
v 1.3752 2.3576 0.8854
v 0.0000 2.2666 1.4758
v -0.1912 2.3100 -0.7028
v 0.8860 2.3163 -0.5823
v -0.3828 2.2999 -0.7064
v 0.7327 2.3126 -0.6330
v -0.9833 2.3287 1.2635
v -1.2122 2.3226 -0.3622
v 0.3789 2.2726 1.4277
v 0.5678 2.3140 -0.6745
v -1.4930 2.3278 0.1932
v 0.3880 2.3010 -0.7043
v -0.5675 2.2820 1.4356
v 1.2189 2.3220 -0.3608
v 1.4854 2.3476 0.5592
v -0.8784 2.3155 -0.5853
v 1.4936 2.3273 0.1920
v -0.5615 2.3126 -0.6773
v 0.5661 2.2817 1.3878
v -0.3756 2.2728 1.4742
v 0.4693 2.2724 1.4078
v 0.4748 2.3069 -0.6899
v -0.4735 2.2727 1.4558
v -0.4722 2.3059 -0.6921
v -1.2911 2.3531 1.0088
v 1.2868 2.3522 1.0026
v 0.0960 2.2672 1.4695
v 0.0980 2.3075 -0.6956
v -0.0950 2.3071 -0.6958
v -0.0961 2.2674 1.4839
v -0.0469 2.3062 -0.6923
v -0.0480 2.2670 1.4801
v 0.0480 2.2669 1.4728
v 0.0496 2.3064 -0.6922
v 0.9657 2.3226 -0.5420
v -0.9597 2.3223 -0.5437
v -1.4508 -7.6038 1.0175
v -2.3854 -7.5916 1.0984
v -2.2761 -7.5785 1.1860
v -1.0557 -7.8174 0.0131
v -1.0914 -7.7576 0.2725
v -2.5684 -7.6411 0.7910
v -1.8537 -8.0371 -0.6656
v -2.1908 -7.9676 -0.4502
v -2.1569 -6.8496 -0.5219
v -2.1603 -7.1365 -0.4640
v -2.1705 -7.3606 -0.4288
v -2.5732 -6.8984 0.3285
v -2.5744 -7.1245 0.3686
v -1.7176 -6.5488 1.1463
v -1.8021 -6.9447 -0.6958
v -2.5778 -6.6304 0.2554
v -2.5519 -6.5530 0.7254
v -1.9093 -6.5180 1.1969
v -1.5589 -6.5945 1.0563
v -2.1362 -6.4964 1.2101
v -2.3731 -6.5095 1.0661
v -1.5004 -7.2082 -0.6471
v -1.2454 -7.1714 -0.4758
v -1.7337 -6.7787 1.1878
v -2.4321 -7.0151 -0.1297
v -1.8187 -7.2181 -0.6550
v -2.5414 -6.8201 0.7801
v -1.9201 -6.7574 1.2230
v -1.5806 -6.8080 1.0976
v -2.1356 -6.7569 1.2123
v -1.4392 -6.8506 0.9646
v -1.3020 -6.9046 0.7705
v -1.0944 -7.0250 0.2542
v -1.0633 -7.0790 -0.0007
v -2.3593 -6.7752 1.0810
v -1.1043 -7.1274 -0.2481
v -1.7655 -6.9751 1.2162
v -2.5333 -7.0495 0.7886
v -1.9447 -6.9693 1.2485
v -1.6108 -6.9914 1.1479
v -2.1468 -6.9781 1.2286
v -1.4629 -7.0206 0.9962
v -2.3570 -7.0025 1.0827
v -1.1198 -7.1714 0.2969
v -1.3262 -7.0640 0.7997
v -1.8460 -7.4277 -0.6315
v -1.2860 -7.3449 -0.4663
v -1.1324 -7.2866 -0.2279
v -1.5436 -7.3976 -0.6368
v -1.0861 -7.2280 0.0340
v -2.4389 -7.2409 -0.0823
v -1.1522 -6.7862 0.4628
v -1.1814 -6.9644 0.5250
v -1.2087 -7.1152 0.5571
v -2.1045 -4.7102 -0.5686
v -2.0969 -5.2990 -0.5527
v -2.0738 -5.9007 -0.5845
v -1.3160 1.1776 -0.6000
v -1.3355 0.9092 -0.6224
v -1.6998 -1.0384 -0.3917
v -1.7716 -1.4926 -0.3291
v -1.4885 -0.2568 -0.5290
v -1.8185 -1.9909 -0.2523
v -2.1228 -6.4398 -0.5794
v -1.4141 0.0439 -0.5660
v -1.3577 0.6219 -0.6235
v -1.3836 0.3330 -0.6083
v -1.2714 1.7975 -0.4895
v -1.8943 -2.4309 -0.2311
v -1.9863 -2.7836 -0.2762
v -1.3031 1.3989 -0.5609
v -1.6032 -0.6347 -0.4543
v -2.0141 -3.0526 -0.3560
v -2.0197 -3.3163 -0.4535
v -2.0335 -3.6505 -0.5475
v -2.0719 -4.1437 -0.5924
v -0.8682 1.8057 -0.7738
v -0.7345 1.7969 -0.8208
v -0.5956 1.7917 -0.8755
v -0.3541 1.7808 -0.9150
v -0.3307 1.4158 -1.0357
v -1.4355 1.4113 -0.3132
v -1.1623 1.3745 -0.7428
v -0.4643 1.6015 -0.9835
v -0.3186 1.1974 -1.0516
v -1.4557 1.1969 -0.3498
v -1.1680 1.1491 -0.7859
v -0.8372 0.7860 -0.9687
v -0.6710 0.7759 -0.9926
v -0.5233 0.8073 -1.0135
v -0.2790 0.8601 -1.0075
v -1.4920 0.9288 -0.3787
v -1.1745 0.8799 -0.7969
v -0.8124 0.5101 -0.8978
v -0.6219 0.5043 -0.8919
v -0.4613 0.5598 -0.9006
v -0.2226 0.6004 -0.8742
v -1.5345 0.6496 -0.3916
v -0.7925 0.2099 -0.7887
v -0.5433 0.1793 -0.7074
v -0.3701 0.3241 -0.7184
v -0.1627 0.4229 -0.6891
v -1.1790 0.5877 -0.7777
v -1.5845 0.3745 -0.4004
v -0.1028 0.3068 -0.4366
v -1.1847 0.2900 -0.7397
v -1.5610 1.3987 0.0479
v -1.6820 1.3932 0.4587
v -1.6505 1.3451 0.7066
v -1.5844 1.1963 0.0100
v -1.7021 1.1773 0.4254
v -1.6874 1.1053 0.7169
v -1.6361 0.9315 -0.0182
v -1.7410 0.9018 0.4138
v -1.7235 0.8553 0.7605
v -1.6967 0.6626 -0.0310
v -1.8056 0.6530 0.3954
v -1.7732 0.6147 0.7582
v -1.7678 0.4040 -0.0259
v -1.8702 0.4131 0.3897
v -1.0231 0.1290 1.2773
v -1.4151 1.2677 1.1003
v -0.3931 1.3089 1.4147
v -0.6080 1.3216 1.3814
v -1.1790 1.2619 1.2229
v -0.8945 1.2604 1.3055
v -1.4809 1.0394 1.0895
v -0.3893 0.9792 1.3616
v -0.6247 1.0151 1.3452
v -1.2268 1.0273 1.2153
v -0.9210 1.0185 1.2967
v -1.5329 0.8037 1.0919
v -0.3689 0.6631 1.2556
v -0.6218 0.6768 1.2699
v -1.2695 0.7782 1.2314
v -0.9412 0.7341 1.2912
v -0.3113 0.4285 1.0537
v -1.5987 0.5475 1.0803
v -0.5652 0.3324 1.1265
v -1.3298 0.4926 1.2241
v -0.9683 0.4182 1.2571
v -1.0465 1.7694 1.2517
v -0.8210 1.7319 1.3509
v -0.3957 1.6487 1.4736
v -1.2563 1.7997 1.1292
v -0.5915 1.6721 1.4425
v -0.1988 0.2943 0.8093
v -0.1059 0.2186 0.5258
v -0.0457 0.2013 0.0195
v -0.0614 0.2395 -0.2163
v -1.1123 1.7937 -0.6604
v -1.4326 1.7954 -0.2318
v -1.5498 1.7958 0.1170
v -1.5259 1.8141 0.7910
v -1.6155 1.7911 0.5145
v -1.3933 0.2216 1.2388
v -0.6329 0.0425 1.1137
v -1.6568 0.2977 1.0664
v -1.8216 0.3747 0.7758
v -0.2900 0.1803 0.8411
v -0.1511 0.1112 0.5459
v -0.0955 0.0489 0.0001
v -0.1362 0.0887 -0.2525
v -0.3538 -0.0293 0.8498
v -0.1981 -0.0754 0.5566
v -0.1183 -0.1012 -0.0036
v -0.1856 -0.0568 -0.2640
v -0.2329 0.1714 -0.4789
v -0.3306 0.0176 -0.4624
v -0.8307 -0.0916 -0.6588
v -0.6144 -0.1481 -0.5612
v -1.0615 -0.1228 1.2800
v -1.6459 0.0991 -0.3501
v -1.1901 -0.0089 -0.6704
v -1.8522 0.1509 -0.0039
v -1.9315 0.1647 0.3986
v -1.4200 -0.0211 1.2425
v -0.6872 -0.2188 1.1157
v -1.7148 0.0647 1.0737
v -1.8744 0.1365 0.7763
v -0.3978 -0.2790 0.8509
v -0.2370 -0.3231 0.5691
v -0.1813 -0.3393 0.0324
v -0.2683 -0.2948 -0.2122
v -0.4256 -0.2349 -0.3974
v -0.9647 -0.3971 -0.5843
v -0.7126 -0.4593 -0.4839
v -1.0970 -0.3878 1.2829
v -1.7283 -0.1970 -0.3054
v -1.2373 -0.3258 -0.6176
v -1.9185 -0.1486 0.0280
v -1.9933 -0.1288 0.4088
v -1.4447 -0.2820 1.2492
v -0.7409 -0.4791 1.1231
v -1.7351 -0.1940 1.0772
v -1.9290 -0.1420 0.7832
v -0.4607 -0.5491 0.8744
v -0.2916 -0.6009 0.5936
v -0.2461 -0.6182 0.0775
v -0.3448 -0.5794 -0.1445
v -0.5040 -0.5215 -0.3380
v -1.1822 -1.1533 -0.5145
v -0.9163 -1.1992 -0.4214
v -1.2320 -1.0477 1.2600
v -1.9020 -0.9845 -0.1954
v -1.4635 -1.0965 -0.5037
v -2.0403 -0.9391 0.0905
v -2.0926 -0.9092 0.4278
v -1.5446 -0.9672 1.2249
v -0.9216 -1.1305 1.1580
v -1.8260 -0.9140 1.0629
v -2.0246 -0.8980 0.7774
v -0.6578 -1.2021 0.9512
v -0.4830 -1.2638 0.6900
v -0.4092 -1.3136 0.1889
v -0.4971 -1.2889 -0.0435
v -0.6735 -1.2445 -0.2540
v -1.2794 -1.5873 -0.4707
v -1.0209 -1.6229 -0.3813
v -1.3468 -1.4973 1.2250
v -1.9492 -1.4549 -0.1459
v -1.5499 -1.5405 -0.4475
v -2.0656 -1.4270 0.1151
v -2.1180 -1.4090 0.4190
v -1.6271 -1.4435 1.1772
v -1.0494 -1.5601 1.1547
v -1.8801 -1.4082 1.0204
v -2.0633 -1.3995 0.7437
v -0.7922 -1.6212 0.9483
v -0.6241 -1.6801 0.6897
v -0.5400 -1.7347 0.2056
v -0.6129 -1.7108 -0.0253
v -0.7839 -1.6655 -0.2309
v -1.3788 -2.0462 -0.4082
v -1.1318 -2.0831 -0.3399
v -1.4491 -2.0313 1.1675
v -1.9916 -1.9703 -0.0933
v -1.6172 -2.0163 -0.3705
v -2.1060 -1.9577 0.1306
v -2.1455 -1.9447 0.3985
v -1.7012 -1.9908 1.1015
v -1.1900 -2.0739 1.1088
v -1.9115 -1.9657 0.9379
v -2.0906 -1.9443 0.6889
v -0.9722 -2.1162 0.9126
v -0.8105 -2.1736 0.6645
v -0.6750 -2.2248 0.1969
v -0.7365 -2.1920 -0.0281
v -0.9021 -2.1363 -0.2138
v -1.4646 -2.4532 -0.3811
v -1.2276 -2.4954 -0.3280
v -1.5007 -2.5146 1.1333
v -2.0745 -2.4306 -0.0807
v -1.6864 -2.4352 -0.3423
v -2.2040 -2.4239 0.1200
v -2.2036 -2.4205 0.3736
v -1.7445 -2.4825 1.0627
v -1.2887 -2.5444 1.0802
v -1.9564 -2.4540 0.8904
v -2.1242 -2.4302 0.6518
v -1.1060 -2.5847 0.8988
v -0.9684 -2.6318 0.6485
v -0.7888 -2.6796 0.1742
v -0.8479 -2.6336 -0.0417
v -1.0085 -2.5607 -0.2099
v -1.5327 -2.7936 -0.4044
v -1.3067 -2.8470 -0.3419
v -1.5377 -2.9101 1.1173
v -2.1649 -2.8004 -0.1118
v -1.7659 -2.7748 -0.3772
v -2.2630 -2.8141 0.1182
v -2.2206 -2.8291 0.3709
v -1.7863 -2.8849 1.0551
v -1.3515 -2.9420 1.0302
v -1.9564 -2.8742 0.8885
v -2.1074 -2.8513 0.6426
v -1.1754 -2.9854 0.8664
v -1.0310 -3.0346 0.6500
v -0.8935 -3.0611 0.1734
v -0.9602 -3.0060 -0.0495
v -1.1110 -2.9231 -0.2147
v -1.5710 -3.0900 -0.4954
v -1.3534 -3.1670 -0.4194
v -1.5689 -3.2604 1.0565
v -2.1793 -3.0787 -0.1651
v -1.7983 -3.0537 -0.4674
v -2.2805 -3.1108 0.0843
v -2.2652 -3.1451 0.3650
v -1.8133 -3.2330 1.0196
v -1.4019 -3.2957 0.9627
v -1.9965 -3.2156 0.8726
v -2.1659 -3.1853 0.6323
v -1.2435 -3.3385 0.8136
v -1.1065 -3.3866 0.6204
v -0.9694 -3.4007 0.1591
v -1.0322 -3.3389 -0.0824
v -1.1680 -3.2572 -0.2698
v -1.5911 -3.3971 -0.5858
v -1.3738 -3.4839 -0.4958
v -1.5847 -3.5882 1.0271
v -2.1904 -3.3299 -0.2512
v -1.8065 -3.3378 -0.5633
v -2.2940 -3.3628 0.0232
v -2.3042 -3.4106 0.3355
v -1.8199 -3.5518 1.0155
v -1.4321 -3.6227 0.9256
v -1.9942 -3.5092 0.8922
v -2.1893 -3.4650 0.6484
v -1.2892 -3.6559 0.7804
v -1.1591 -3.6773 0.6081
v -1.0095 -3.6871 0.1445
v -1.0599 -3.6424 -0.1159
v -1.1919 -3.5726 -0.3203
v -1.6078 -3.7719 -0.6591
v -1.3968 -3.8599 -0.5517
v -1.6341 -3.9686 1.0218
v -2.2034 -3.6398 -0.3395
v -1.8263 -3.6971 -0.6534
v -2.3098 -3.6613 -0.0424
v -2.3150 -3.7121 0.2999
v -1.8392 -3.9162 1.0204
v -1.4840 -4.0016 0.9143
v -2.0074 -3.8458 0.8997
v -2.1941 -3.7778 0.6378
v -1.3318 -4.0229 0.7694
v -1.1864 -4.0159 0.5877
v -1.0306 -4.0199 0.1380
v -1.0871 -3.9942 -0.1400
v -1.2212 -3.9403 -0.3534
v -1.6323 -4.2802 -0.6874
v -1.4190 -4.3680 -0.5494
v -1.6607 -4.4369 1.0146
v -2.2503 -4.1196 -0.3877
v -1.8583 -4.2004 -0.7040
v -2.3614 -4.1282 -0.0808
v -2.3578 -4.1657 0.2951
v -1.8579 -4.3775 1.0240
v -1.5096 -4.4692 0.9160
v -2.0367 -4.3106 0.9147
v -2.2298 -4.2307 0.6560
v -1.3535 -4.4906 0.7807
v -1.2143 -4.4995 0.6172
v -1.0586 -4.5049 0.1582
v -1.1158 -4.4856 -0.1302
v -1.2522 -4.4420 -0.3416
v -1.6274 -4.8431 -0.6616
v -1.4076 -4.9267 -0.4907
v -1.6754 -4.9162 1.0016
v -2.3010 -4.6801 -0.3331
v -1.8708 -4.7665 -0.7103
v -2.4223 -4.6765 -0.0289
v -2.4303 -4.6977 0.3383
v -1.8659 -4.8670 1.0208
v -1.5054 -4.9583 0.9249
v -2.0830 -4.8080 0.9424
v -2.3013 -4.7449 0.6869
v -1.3478 -4.9936 0.8030
v -1.2038 -5.0205 0.6561
v -1.0571 -5.0468 0.1913
v -1.1131 -5.0371 -0.0725
v -1.2384 -4.9960 -0.2737
v -1.5825 -5.3981 -0.6230
v -1.3745 -5.4649 -0.4764
v -1.6673 -5.3716 1.0439
v -2.3262 -5.2714 -0.3062
v -1.8295 -5.3423 -0.6772
v -2.4560 -5.2612 0.0300
v -2.4613 -5.2634 0.4215
v -1.8782 -5.3382 1.0731
v -1.4935 -5.4101 0.9655
v -2.1069 -5.3058 1.0136
v -2.3335 -5.2788 0.7835
v -1.3408 -5.4468 0.8569
v -1.2124 -5.4733 0.7011
v -1.0797 -5.5240 0.2108
v -1.1139 -5.5455 -0.0498
v -1.2148 -5.5251 -0.2724
v -1.5111 -6.0099 -0.6606
v -1.3188 -6.0625 -0.5275
v -1.6827 -5.8179 1.0814
v -2.3460 -5.8574 -0.3213
v -1.7695 -5.9540 -0.6932
v -2.4892 -5.8175 0.0783
v -2.4890 -5.7797 0.5436
v -1.8727 -5.7951 1.1216
v -1.5169 -5.8580 1.0108
v -2.1038 -5.7786 1.0865
v -2.3450 -5.7706 0.9086
v -1.3601 -5.9067 0.8826
v -1.2207 -5.9562 0.7031
v -1.0881 -6.0538 0.1704
v -1.1098 -6.0973 -0.1001
v -1.1857 -6.0997 -0.3318
v -1.4890 -6.5607 -0.6890
v -1.2667 -6.5809 -0.5334
v -1.7144 -6.2240 1.1141
v -2.4097 -6.3505 -0.2795
v -1.7830 -6.5183 -0.7183
v -2.5477 -6.2750 0.1585
v -2.5304 -6.2120 0.6425
v -1.8975 -6.1978 1.1621
v -1.5543 -6.2696 1.0195
v -2.1243 -6.1774 1.1569
v -2.3665 -6.1708 0.9915
v -1.3960 -6.3275 0.8843
v -1.2536 -6.3980 0.6894
v -1.0785 -6.5351 0.1558
v -1.0736 -6.5764 -0.0979
v -1.1306 -6.5894 -0.3227
v -1.4812 -6.9632 -0.6697
v -1.2345 -6.9488 -0.5000
v -2.4394 -6.7338 -0.1980
v -1.4164 -6.6454 0.9271
v -1.2761 -6.7160 0.7318
v -1.0721 -6.8483 0.1941
v -1.0513 -6.8945 -0.0510
v -1.0972 -6.9254 -0.2806
v -0.0610 0.1950 0.2573
v -0.1035 0.0513 0.2505
v -0.1177 -0.1046 0.2582
v -0.1667 -0.3486 0.2897
v -0.2244 -0.6269 0.3252
v -0.4042 -1.3050 0.4373
v -0.5436 -1.7236 0.4434
v -0.7039 -2.2182 0.4280
v -0.8405 -2.6770 0.4116
v -0.9221 -3.0679 0.4061
v -1.0011 -3.4097 0.3953
v -1.0513 -3.6880 0.3815
v -1.0753 -4.0189 0.3805
v -1.0969 -4.5026 0.4115
v -1.0931 -5.0365 0.4465
v -1.1168 -5.4962 0.4751
v -1.1280 -5.9987 0.4626
v -1.1390 -6.4727 0.4352
v -0.8221 -0.7813 1.1462
v -0.5550 -0.8570 0.9246
v -0.3759 -0.9161 0.6523
v -0.3012 -0.9495 0.3923
v -0.3175 -0.9494 0.1453
v -0.4170 -0.9191 -0.0771
v -0.5888 -0.8713 -0.2766
v -0.8195 -0.8199 -0.4439
v -1.0851 -0.7642 -0.5420
v -1.3625 -0.6992 -0.5521
v -1.8292 -0.5711 -0.2514
v -1.9940 -0.5193 0.0588
v -2.0532 -0.4902 0.4220
v -1.9814 -0.4899 0.7870
v -1.7710 -0.5184 1.0746
v -1.4766 -0.5874 1.2438
v -1.1472 -0.6849 1.2787
v -0.2211 1.7874 -0.9019
v -0.2217 1.4379 -1.0167
v -0.2122 1.2142 -1.0300
v -0.1718 0.8097 -0.9533
v -0.1219 0.5471 -0.8184
v -0.0814 0.4089 -0.6154
v -0.0533 0.3332 -0.4098
v -0.0324 0.2792 -0.1965
v -0.0240 0.2406 0.0306
v -0.0351 0.2293 0.2605
v -0.0599 0.2472 0.5205
v -0.1060 0.3187 0.8135
v -0.1633 0.4520 1.1219
v -0.1913 0.6556 1.3424
v -0.1923 0.9686 1.4563
v -0.1996 1.3034 1.4931
v -0.2015 1.6450 1.5074
v 2.2296 -6.8562 -0.5304
v 2.2233 -7.1305 -0.4812
v 2.2138 -7.3479 -0.4544
v 2.6527 -6.8806 0.3036
v 2.6471 -7.1028 0.3275
v 1.8411 -6.5338 1.1831
v 1.8602 -6.9686 -0.7027
v 2.6640 -6.6173 0.2502
v 2.6796 -6.5233 0.7438
v 2.0450 -6.4865 1.2452
v 1.6701 -6.5857 1.0970
v 2.2850 -6.4653 1.2409
v 2.5284 -6.4657 1.0931
v 1.5531 -7.2570 -0.6695
v 1.2966 -7.2357 -0.5141
v 1.8738 -6.7702 1.2400
v 2.4945 -7.0028 -0.1590
v 1.8773 -7.2310 -0.6646
v 2.6874 -6.7943 0.7711
v 2.0801 -6.7355 1.2790
v 1.7043 -6.8169 1.1401
v 2.3190 -6.7211 1.2559
v 1.5454 -6.8743 0.9900
v 1.3873 -6.9452 0.7632
v 1.1504 -7.0907 0.1774
v 1.1172 -7.1506 -0.0778
v 2.5496 -6.7440 1.1009
v 1.1574 -7.1987 -0.3075
v 1.9166 -6.9725 1.2747
v 2.6834 -7.0250 0.7763
v 2.1189 -6.9530 1.3084
v 1.7444 -7.0018 1.2014
v 2.3473 -6.9545 1.2679
v 1.5788 -7.0468 1.0300
v 2.5601 -6.9807 1.0970
v 1.1787 -7.2400 0.2256
v 1.4214 -7.1073 0.8006
v 1.8886 -7.4324 -0.6429
v 1.3293 -7.4053 -0.5034
v 1.1802 -7.3571 -0.2834
v 1.5854 -7.4402 -0.6588
v 1.1384 -7.3012 -0.0388
v 2.4846 -7.2226 -0.1258
v 1.2155 -6.8331 0.4015
v 1.2482 -7.0198 0.4652
v 1.2830 -7.1736 0.5201
v 2.1063 -4.7002 -0.5365
v 2.1211 -5.2941 -0.5224
v 2.1174 -5.9196 -0.5725
v 1.3152 1.1900 -0.6170
v 1.3371 0.9135 -0.6489
v 1.6998 -1.0384 -0.3917
v 1.7709 -1.4926 -0.3290
v 1.4886 -0.2569 -0.5291
v 1.8136 -1.9909 -0.2522
v 2.1895 -6.4593 -0.5817
v 1.4148 0.0432 -0.5662
v 1.3598 0.6228 -0.6443
v 1.3840 0.3321 -0.6176
v 1.2729 1.7913 -0.4748
v 1.8839 -2.4309 -0.2310
v 1.9714 -2.7836 -0.2743
v 1.2960 1.4206 -0.5712
v 1.6032 -0.6347 -0.4543
v 1.9965 -3.0526 -0.3495
v 2.0013 -3.3164 -0.4442
v 2.0141 -3.6505 -0.5339
v 2.0551 -4.1420 -0.5699
v 0.8810 1.8295 -0.7849
v 0.7450 1.8289 -0.8462
v 0.6052 1.8221 -0.9132
v 0.3606 1.7872 -0.9431
v 0.3348 1.4020 -1.0614
v 0.0008 1.4702 -0.9962
v 1.4300 1.4656 -0.3150
v 1.1582 1.3786 -0.7463
v 0.3938 0.8408 -1.0213
v 0.3210 1.1735 -1.0629
v 1.4542 1.2249 -0.3655
v 1.1694 1.1528 -0.7917
v 0.8399 0.8247 -0.9876
v 0.6788 0.8175 -1.0174
v 0.5276 0.8223 -1.0394
v 0.2796 0.8695 -1.0173
v 1.4934 0.9409 -0.4056
v 1.1758 0.8764 -0.8174
v 0.8115 0.5189 -0.9204
v 0.6221 0.5143 -0.9137
v 0.4607 0.5596 -0.9179
v 0.2258 0.6100 -0.8704
v 1.5373 0.6539 -0.4105
v 0.7913 0.2083 -0.7962
v 0.5422 0.1780 -0.7116
v 0.3688 0.3213 -0.7223
v 0.1632 0.4234 -0.6886
v 1.1801 0.5841 -0.7981
v 1.5853 0.3746 -0.4006
v 0.1027 0.3066 -0.4365
v 1.1846 0.2877 -0.7495
v 1.5526 1.4612 0.0472
v 1.6258 1.4803 0.4645
v 1.5861 1.4527 0.8429
v 1.5839 1.2113 0.0072
v 1.6730 1.1809 0.4333
v 1.6398 1.1336 0.8217
v 1.6371 0.9337 -0.0232
v 1.7354 0.9045 0.4148
v 1.6970 0.8623 0.8076
v 1.6975 0.6639 -0.0343
v 1.8043 0.6546 0.3943
v 1.7757 0.6135 0.7867
v 1.7677 0.4047 -0.0262
v 1.8687 0.4146 0.3891
v 1.0225 0.1293 1.2767
v 1.4333 1.4254 1.1299
v 0.3925 1.3082 1.3991
v 0.5911 1.3419 1.3677
v 1.1184 1.4074 1.2669
v 0.8267 1.3746 1.3286
v 1.5263 1.1033 1.0997
v 0.3898 0.9800 1.3485
v 0.6078 1.0090 1.3435
v 1.1849 1.0866 1.2633
v 0.8660 1.0566 1.3234
v 1.5756 0.8124 1.0900
v 0.3692 0.6633 1.2423
v 0.6048 0.6687 1.2734
v 1.2636 0.7839 1.2598
v 0.9194 0.7324 1.3171
v 0.3112 0.4283 1.0513
v 1.6392 0.5498 1.0729
v 0.5470 0.3312 1.1312
v 1.3323 0.4924 1.2421
v 0.9614 0.4121 1.2856
v 1.0528 1.7379 1.2808
v 0.8041 1.7038 1.3577
v 0.3951 1.6488 1.4520
v 1.3256 1.7685 1.1460
v 0.5901 1.6725 1.4161
v 0.1988 0.2942 0.8093
v 0.1059 0.2186 0.5258
v 0.0456 0.2017 0.0196
v 0.0612 0.2399 -0.2162
v 1.1229 1.8057 -0.6400
v 1.4359 1.7930 -0.2292
v 1.5505 1.7957 0.1155
v 1.5023 1.7825 0.8823
v 1.5932 1.7892 0.5138
v 1.3915 0.2226 1.2376
v 0.6328 0.0427 1.1136
v 1.6845 0.2996 1.0639
v 1.8174 0.3763 0.7745
v 0.2898 0.1805 0.8410
v 0.1511 0.1112 0.5461
v 0.0954 0.0493 0.0001
v 0.1360 0.0891 -0.2524
v 0.3538 -0.0293 0.8498
v 0.1982 -0.0754 0.5566
v 0.1183 -0.1012 -0.0035
v 0.1856 -0.0568 -0.2639
v 0.2329 0.1711 -0.4786
v 0.3308 0.0172 -0.4623
v 0.8308 -0.0927 -0.6587
v 0.6146 -0.1487 -0.5612
v 1.0613 -0.1226 1.2793
v 1.6460 0.0995 -0.3501
v 1.1906 -0.0102 -0.6707
v 1.8520 0.1516 -0.0042
v 1.9303 0.1659 0.3983
v 1.4190 -0.0206 1.2427
v 0.6868 -0.2183 1.1153
v 1.7124 0.0655 1.0730
v 1.8725 0.1374 0.7758
v 0.3977 -0.2789 0.8509
v 0.2370 -0.3231 0.5691
v 0.1813 -0.3393 0.0324
v 0.2683 -0.2948 -0.2122
v 0.4257 -0.2351 -0.3974
v 0.9647 -0.3971 -0.5844
v 0.7126 -0.4593 -0.4839
v 1.0973 -0.3879 1.2822
v 1.7281 -0.1966 -0.3055
v 1.2374 -0.3258 -0.6177
v 1.9184 -0.1485 0.0279
v 1.9931 -0.1286 0.4088
v 1.4449 -0.2820 1.2493
v 0.7408 -0.4790 1.1228
v 1.7342 -0.1935 1.0775
v 1.9285 -0.1417 0.7830
v 0.4606 -0.5490 0.8745
v 0.2916 -0.6009 0.5936
v 0.2461 -0.6182 0.0775
v 0.3448 -0.5794 -0.1446
v 0.5040 -0.5215 -0.3380
v 1.1822 -1.1533 -0.5145
v 0.9163 -1.1992 -0.4214
v 1.2320 -1.0477 1.2600
v 1.9020 -0.9845 -0.1954
v 1.4635 -1.0965 -0.5037
v 2.0403 -0.9391 0.0905
v 2.0926 -0.9092 0.4278
v 1.5446 -0.9672 1.2249
v 0.9216 -1.1305 1.1580
v 1.8260 -0.9140 1.0629
v 2.0246 -0.8980 0.7774
v 0.6578 -1.2021 0.9512
v 0.4830 -1.2638 0.6900
v 0.4092 -1.3136 0.1889
v 0.4971 -1.2889 -0.0435
v 0.6735 -1.2445 -0.2540
v 1.2790 -1.5873 -0.4707
v 1.0207 -1.6229 -0.3814
v 1.3468 -1.4973 1.2251
v 1.9484 -1.4549 -0.1459
v 1.5493 -1.5405 -0.4475
v 2.0647 -1.4270 0.1152
v 2.1175 -1.4090 0.4190
v 1.6271 -1.4435 1.1772
v 1.0494 -1.5601 1.1547
v 1.8801 -1.4082 1.0204
v 2.0631 -1.3995 0.7437
v 0.7922 -1.6212 0.9483
v 0.6241 -1.6801 0.6897
v 0.5400 -1.7347 0.2056
v 0.6129 -1.7108 -0.0254
v 0.7838 -1.6655 -0.2310
v 1.3751 -2.0462 -0.4083
v 1.1288 -2.0831 -0.3400
v 1.4476 -2.0314 1.1676
v 1.9862 -1.9704 -0.0932
v 1.6129 -2.0163 -0.3705
v 2.1002 -1.9578 0.1307
v 2.1403 -1.9448 0.3986
v 1.7000 -1.9904 1.1014
v 1.1894 -2.0741 1.1087
v 1.9099 -1.9651 0.9376
v 2.0872 -1.9442 0.6888
v 0.9722 -2.1161 0.9125
v 0.8105 -2.1736 0.6645
v 0.6750 -2.2248 0.1967
v 0.7363 -2.1920 -0.0283
v 0.9007 -2.1363 -0.2140
v 1.4563 -2.4532 -0.3811
v 1.2217 -2.4954 -0.3281
v 1.4961 -2.5147 1.1335
v 2.0631 -2.4307 -0.0805
v 1.6770 -2.4352 -0.3423
v 2.1919 -2.4241 0.1203
v 2.1930 -2.4205 0.3742
v 1.7397 -2.4822 1.0648
v 1.2862 -2.5443 1.0802
v 1.9502 -2.4537 0.8925
v 2.1158 -2.4301 0.6535
v 1.1049 -2.5844 0.8989
v 0.9681 -2.6317 0.6478
v 0.7883 -2.6798 0.1730
v 0.8461 -2.6339 -0.0422
v 1.0050 -2.5608 -0.2100
v 1.5218 -2.7936 -0.4044
v 1.2983 -2.8472 -0.3418
v 1.5305 -2.9098 1.1190
v 2.1508 -2.8003 -0.1002
v 1.7521 -2.7748 -0.3771
v 2.2469 -2.8141 0.1245
v 2.2057 -2.8291 0.3782
v 1.7770 -2.8848 1.0627
v 1.3470 -2.9415 1.0305
v 1.9379 -2.8655 0.9007
v 2.0940 -2.8514 0.6508
v 1.1656 -2.9925 0.8798
v 1.0303 -3.0340 0.6484
v 0.8916 -3.0613 0.1559
v 0.9564 -3.0065 -0.0591
v 1.1048 -2.9237 -0.2154
v 1.5584 -3.0900 -0.4954
v 1.3424 -3.1675 -0.4192
v 1.5599 -3.2601 1.0588
v 2.1625 -3.0789 -0.1488
v 1.7828 -3.0537 -0.4673
v 2.2642 -3.1112 0.1095
v 2.2472 -3.1451 0.3758
v 1.8010 -3.2328 1.0305
v 1.3959 -3.2955 0.9631
v 1.9639 -3.2107 0.8896
v 2.1485 -3.1852 0.6440
v 1.2418 -3.3443 0.8166
v 1.1045 -3.3865 0.6181
v 0.9667 -3.4007 0.1356
v 1.0269 -3.3391 -0.0994
v 1.1599 -3.2577 -0.2785
v 1.5766 -3.3972 -0.5854
v 1.3615 -3.4841 -0.5004
v 1.5754 -3.5881 1.0298
v 2.1713 -3.3302 -0.2318
v 1.7901 -3.3377 -0.5630
v 2.2772 -3.3638 0.0511
v 2.2854 -3.4110 0.3710
v 1.8068 -3.5516 1.0277
v 1.4252 -3.6228 0.9262
v 1.9701 -3.5171 0.9031
v 2.1704 -3.4648 0.6618
v 1.2834 -3.6505 0.7800
v 1.1550 -3.6778 0.5737
v 1.0062 -3.6871 0.1174
v 1.0539 -3.6425 -0.1372
v 1.1828 -3.5728 -0.3345
v 1.5929 -3.7719 -0.6618
v 1.3840 -3.8599 -0.5638
v 1.6234 -3.9690 1.0241
v 2.1831 -3.6401 -0.3165
v 1.8089 -3.6971 -0.6508
v 2.2905 -3.6622 -0.0118
v 2.2961 -3.7130 0.3368
v 1.8243 -3.9165 1.0315
v 1.4754 -4.0019 0.9076
v 1.9806 -3.8652 0.9145
v 2.1745 -3.7777 0.6765
v 1.3262 -4.0097 0.7409
v 1.1804 -4.0159 0.5540
v 1.0268 -4.0199 0.1086
v 1.0804 -3.9941 -0.1658
v 1.2115 -3.9403 -0.3737
v 1.6177 -4.2801 -0.7014
v 1.4068 -4.3686 -0.5712
v 1.6483 -4.4384 1.0109
v 2.2303 -4.1190 -0.3578
v 1.8423 -4.1994 -0.6905
v 2.3408 -4.1276 -0.0459
v 2.3359 -4.1665 0.3324
v 1.8403 -4.3804 1.0338
v 1.5009 -4.4696 0.8983
v 2.0060 -4.3220 0.9377
v 2.2095 -4.2319 0.6909
v 1.3479 -4.4879 0.7480
v 1.2100 -4.4990 0.5876
v 1.0555 -4.5045 0.1262
v 1.1097 -4.4857 -0.1606
v 1.2428 -4.4427 -0.3688
v 1.6207 -4.8423 -0.6825
v 1.4006 -4.9285 -0.5143
v 1.6607 -4.9223 0.9894
v 2.2961 -4.6737 -0.2973
v 1.8697 -4.7598 -0.6853
v 2.4103 -4.6734 0.0078
v 2.4095 -4.6997 0.3749
v 1.8406 -4.8759 1.0251
v 1.5008 -4.9596 0.9051
v 2.0517 -4.8192 0.9605
v 2.2748 -4.7514 0.7185
v 1.3498 -4.9922 0.7741
v 1.2049 -5.0212 0.6193
v 1.0593 -5.0458 0.1555
v 1.1120 -5.0386 -0.1017
v 1.2334 -4.9987 -0.2982
v 1.5906 -5.4049 -0.6394
v 1.3791 -5.4729 -0.4949
v 1.6673 -5.3713 1.0312
v 2.3519 -5.2656 -0.2665
v 1.8448 -5.3435 -0.6697
v 2.4697 -5.2557 0.0722
v 2.4580 -5.2570 0.4704
v 1.8647 -5.3351 1.0790
v 1.5107 -5.4032 0.9463
v 2.0851 -5.3031 1.0359
v 2.3136 -5.2744 0.8287
v 1.3685 -5.4357 0.8305
v 1.2353 -5.4711 0.6621
v 1.0923 -5.5370 0.1579
v 1.1238 -5.5531 -0.0935
v 1.2206 -5.5310 -0.3045
v 1.5302 -6.0406 -0.6690
v 1.3407 -6.0944 -0.5604
v 1.7344 -5.7992 1.0818
v 2.4029 -5.8576 -0.2840
v 1.7944 -5.9819 -0.6937
v 2.5428 -5.7983 0.1354
v 2.5314 -5.7640 0.5896
v 1.9117 -5.7691 1.1362
v 1.5793 -5.8356 0.9993
v 2.1321 -5.7534 1.1241
v 2.3736 -5.7479 0.9534
v 1.4257 -5.8876 0.8655
v 1.2757 -5.9480 0.6753
v 1.1166 -6.0888 0.0992
v 1.1370 -6.1354 -0.1660
v 1.2099 -6.1370 -0.3839
v 1.5220 -6.6131 -0.6978
v 1.3053 -6.6426 -0.5699
v 1.8099 -6.1999 1.1332
v 2.4892 -6.3546 -0.2645
v 1.8275 -6.5528 -0.7233
v 2.6290 -6.2615 0.1853
v 2.6223 -6.1748 0.6861
v 1.9924 -6.1610 1.1960
v 1.6490 -6.2508 1.0419
v 2.2187 -6.1431 1.1817
v 2.4636 -6.1431 1.0253
v 1.4848 -6.3154 0.8840
v 1.3303 -6.4153 0.6601
v 1.1231 -6.5874 0.0762
v 1.1170 -6.6375 -0.1756
v 1.1729 -6.6533 -0.3849
v 1.5274 -7.0173 -0.6855
v 1.2818 -7.0157 -0.5342
v 2.5171 -6.7300 -0.2065
v 1.5138 -6.6615 0.9447
v 1.3560 -6.7474 0.7035
v 1.1252 -6.9078 0.1168
v 1.1033 -6.9626 -0.1281
v 1.1481 -6.9964 -0.3411
v 0.0608 0.1954 0.2573
v 0.1033 0.0517 0.2505
v 0.1177 -0.1046 0.2583
v 0.1667 -0.3486 0.2897
v 0.2244 -0.6269 0.3252
v 0.4042 -1.3050 0.4373
v 0.5436 -1.7236 0.4434
v 0.7039 -2.2182 0.4279
v 0.8405 -2.6769 0.4106
v 0.9217 -3.0678 0.4032
v 0.9995 -3.4097 0.3666
v 1.0484 -3.6880 0.3503
v 1.0714 -4.0188 0.3483
v 1.0946 -4.5019 0.3803
v 1.0964 -5.0352 0.4069
v 1.1315 -5.5022 0.4325
v 1.1648 -6.0236 0.3968
v 1.1963 -6.5075 0.3719
v 0.8221 -0.7813 1.1462
v 0.5550 -0.8570 0.9246
v 0.3759 -0.9161 0.6523
v 0.3012 -0.9495 0.3923
v 0.3175 -0.9494 0.1453
v 0.4170 -0.9191 -0.0771
v 0.5888 -0.8713 -0.2766
v 0.8195 -0.8199 -0.4439
v 1.0851 -0.7642 -0.5420
v 1.3625 -0.6992 -0.5521
v 1.8292 -0.5711 -0.2514
v 1.9940 -0.5193 0.0589
v 2.0532 -0.4902 0.4220
v 1.9814 -0.4899 0.7870
v 1.7710 -0.5184 1.0746
v 1.4767 -0.5874 1.2438
v 1.1473 -0.6850 1.2788
v 0.2253 1.7858 -0.9193
v 0.2231 1.4231 -1.0353
v 0.2119 1.1958 -1.0396
v 0.1751 0.8309 -0.9636
v 0.1348 0.5988 -0.8469
v 0.0814 0.4083 -0.6155
v 0.0533 0.3330 -0.4098
v 0.0324 0.2792 -0.1964
v 0.0240 0.2407 0.0306
v 0.0350 0.2294 0.2605
v 0.0599 0.2471 0.5205
v 0.1060 0.3186 0.8135
v 0.1633 0.4519 1.1138
v 0.1914 0.6555 1.3293
v 0.1925 0.9689 1.4417
v 0.1995 1.3032 1.4771
v 0.2014 1.6447 1.4906
v 0.0011 1.7786 -0.8951
v 0.0006 1.2077 -1.0070
v 0.0002 0.7860 -0.9004
v 0.0000 0.5412 -0.7514
v -0.0000 0.4196 -0.5580
v -0.0000 0.3577 -0.3722
v -0.0000 1.2772 1.4966
v 0.0000 0.9799 1.4522
v 0.0000 0.6253 1.3568
v 0.0000 0.4576 1.1479
v -0.0000 1.6615 1.5128
v 0.0000 0.3243 0.8328
v 0.0000 0.2406 0.5198
v 0.0000 0.2656 0.0421
v -0.0000 0.3082 -0.1727
v 0.0000 0.2442 0.2639
v -2.1716 -7.7068 -0.4077
v -2.5749 -7.4703 0.3790
v -1.7709 -7.2977 1.3005
v -2.5316 -7.3956 0.7758
v -1.9488 -7.2904 1.3314
v -1.6154 -7.3327 1.1569
v -2.1487 -7.3233 1.2323
v -1.4660 -7.3600 0.9917
v -2.3571 -7.3483 1.0688
v -1.1234 -7.5066 0.2814
v -1.3297 -7.4014 0.7738
v -1.8502 -7.7731 -0.6130
v -1.2930 -7.6849 -0.4529
v -1.1366 -7.6240 -0.2162
v -1.5510 -7.7404 -0.6211
v -1.0893 -7.5637 0.0341
v -2.4408 -7.5862 -0.0584
v -1.2127 -7.4512 0.5345
v 2.2117 -7.6933 -0.4343
v 2.6468 -7.4482 0.3340
v 1.9234 -7.2985 1.3555
v 2.6819 -7.3717 0.7614
v 2.1249 -7.2779 1.3830
v 1.7503 -7.3447 1.2106
v 2.3516 -7.3016 1.2640
v 1.5833 -7.3876 1.0253
v 2.5616 -7.3281 1.0750
v 1.1828 -7.5757 0.2320
v 1.4265 -7.4457 0.7808
v 1.8900 -7.7754 -0.6236
v 1.3348 -7.7442 -0.4891
v 1.1834 -7.6943 -0.2683
v 1.5907 -7.7815 -0.6422
v 1.1414 -7.6370 -0.0233
v 2.4840 -7.5674 -0.1034
v 1.2883 -7.5103 0.5094
v -0.0000 1.8824 1.5076
v -0.2019 1.9005 1.4880
v 0.1983 1.8835 1.4746
v 0.4815 0.6658 1.2556
v 0.4235 0.3821 1.0889
v 0.4892 1.6602 1.4340
v 0.0913 0.1784 -0.2369
v 0.1277 0.1668 0.5335
v 0.0657 0.1410 0.0091
v 0.2430 0.2391 0.8247
v 0.4938 0.9936 1.3448
v 0.4885 1.3256 1.3841
v 0.0796 0.1384 0.2520
v 0.3338 0.6037 -0.8989
v 0.2534 0.3955 -0.7057
v 0.4566 1.1991 -1.0609
v 0.1590 0.2551 -0.4648
v 0.4805 1.7988 -0.9345
v 0.4653 1.4201 -1.0488
v -0.1591 0.2553 -0.4651
v -0.4120 0.3976 1.0786
v -0.0917 0.1776 -0.2370
v -0.0661 0.1401 0.0090
v -0.2447 0.2371 0.8253
v -0.1285 0.1649 0.5337
v -0.4936 1.6604 1.4592
v -0.4800 0.6717 1.2532
v -0.4955 0.9956 1.3464
v -0.4930 1.3056 1.3923
v -0.2540 0.3972 -0.7040
v -0.3318 0.5982 -0.8874
v -0.3909 0.8301 -1.0058
v -0.4752 1.7826 -0.9156
v -0.4534 1.4031 -1.0299
v -0.4409 1.1956 -1.0501
v -0.0800 0.1374 0.2520
v -2.2202 -5.2923 0.9034
v -1.8762 -0.5042 0.9307
v -2.0833 -3.2013 0.7526
v -2.0996 -3.4904 0.7722
v -2.1332 -4.2707 0.7839
v -2.0968 -3.8107 0.7705
v -1.7609 0.3363 0.9163
v -1.7910 0.1023 0.9225
v -1.4082 1.8114 0.9821
v -1.9253 -0.9060 0.9201
v -1.8356 -0.1688 0.9311
v -1.7165 0.5816 0.9302
v -1.6211 1.0623 0.9245
v -1.5780 1.3009 0.9353
v -2.0338 -2.8630 0.7663
v -1.6665 0.8255 0.9414
v -2.0428 -2.4414 0.7729
v -1.9717 -1.4039 0.8804
v -2.0094 -1.9509 0.8134
v -2.2546 -6.5030 1.1385
v -2.2519 -6.9903 1.1514
v -2.2454 -6.1741 1.0730
v -2.2475 -6.7660 1.1480
v -2.2244 -5.7746 0.9995
v -2.1922 -4.7765 0.8143
v -2.2529 -7.3358 1.1519
v 1.4238 1.7785 1.0125
v 1.7563 0.3379 0.9147
v 2.2529 -5.7506 1.0401
v 2.1993 -5.2887 0.9360
v 2.1130 -4.2727 0.8149
v 1.8341 -0.1682 0.9308
v 1.7887 0.1032 0.9219
v 2.1632 -4.7853 0.8391
v 2.4067 -6.4655 1.1678
v 2.0211 -2.8630 0.7747
v 2.0356 -2.4413 0.7748
v 2.0070 -1.9505 0.8132
v 2.4537 -6.9676 1.1797
v 2.0670 -3.2012 0.7645
v 2.4343 -6.7325 1.1806
v 1.9253 -0.9060 0.9201
v 2.0775 -3.8102 0.7964
v 2.0817 -3.4901 0.7855
v 1.9716 -1.4039 0.8804
v 2.3412 -6.1431 1.1023
v 1.5978 1.1185 0.9614
v 1.5246 1.4414 0.9833
v 1.8762 -0.5041 0.9307
v 1.6467 0.8370 0.9423
v 1.7143 0.5821 0.9249
v 2.4566 -7.3148 1.1702
v 0.0385 0.4178 -0.5834
v 0.0253 0.3506 -0.3882
v 0.1226 1.7812 -0.9051
v 0.0582 0.5456 -0.7809
v 0.0911 0.8012 -0.9254
v 0.1173 1.2110 -1.0201
v 0.1255 1.4625 -1.0102
v 0.0108 0.2587 0.0377
v 0.0151 0.2996 -0.1824
v 0.0174 0.2411 0.2627
v 0.0299 0.2439 0.5199
v 0.1067 1.6576 1.4963
v 0.1055 1.2852 1.4822
v 0.0827 0.4573 1.1344
v 0.0988 0.6358 1.3468
v 0.1015 0.9756 1.4416
v 0.0580 0.3261 0.8263
v 0.0992 1.8806 1.4817
v -0.1280 1.4514 -1.0010
v -0.1056 1.2854 1.5019
v -0.1068 1.6578 1.5164
v -0.0987 0.6358 1.3606
v -0.1014 0.9755 1.4605
v -0.0580 0.3262 0.8281
v -0.0827 0.4574 1.1431
v -0.1214 1.2219 -1.0117
v -0.0385 0.4182 -0.5834
v -0.1226 1.7893 -0.8931
v -0.0253 0.3507 -0.3882
v -0.0581 0.5466 -0.7807
v -0.0902 0.7966 -0.9234
v -0.0151 0.2996 -0.1824
v -0.0108 0.2587 0.0377
v -0.0299 0.2439 0.5199
v -0.0174 0.2411 0.2627
v -0.0993 1.8879 1.5032
v -0.0525 1.4722 -0.9984
v -0.0495 1.2783 1.5005
v -0.0502 1.6601 1.5170
v -0.0446 0.6279 1.3601
v -0.0475 0.9781 1.4563
v -0.0265 0.3251 0.8324
v -0.0368 0.4576 1.1491
v -0.0482 1.2116 -1.0099
v -0.0145 0.4198 -0.5647
v -0.0527 1.7798 -0.8984
v -0.0099 0.3565 -0.3764
v -0.0212 0.5431 -0.7591
v -0.0357 0.7893 -0.9062
v -0.0059 0.3065 -0.1751
v -0.0042 0.2644 0.0410
v -0.0150 0.2422 0.5198
v -0.0077 0.2440 0.2636
v -0.0499 1.8873 1.5111
v 0.0145 0.4196 -0.5646
v 0.0099 0.3564 -0.3764
v 0.0551 1.7795 -0.8984
v 0.0213 0.5427 -0.7591
v 0.0362 0.7892 -0.9064
v 0.0494 1.2105 -1.0097
v 0.0042 0.2644 0.0410
v 0.0059 0.3065 -0.1751
v 0.0077 0.2440 0.2636
v 0.0150 0.2422 0.5198
v 0.0502 1.6600 1.5030
v 0.0495 1.2782 1.4866
v 0.0368 0.4576 1.1435
v 0.0446 0.6280 1.3507
v 0.0475 0.9781 1.4430
v 0.0265 0.3251 0.8311
v 0.0499 1.8836 1.4973
v 0.0542 1.4708 -0.9986
v 1.0100 -0.0514 -0.6901
v 1.6623 -6.0112 -0.6816
v 1.3228 -1.1249 -0.5091
v 1.7452 -4.8010 -0.6897
v 1.7181 -5.3742 -0.6589
v 1.1010 -0.3614 -0.6009
v 1.6689 -3.0717 -0.4807
v 1.6938 -6.9930 -0.6941
v 1.6834 -3.3671 -0.5743
v 1.7152 -7.2440 -0.6671
v 1.5650 -2.4446 -0.3611
v 1.7300 -4.2398 -0.6968
v 1.4141 -1.5639 -0.4591
v 1.4940 -2.0312 -0.3894
v 1.7009 -3.7345 -0.6563
v 1.7370 -7.4363 -0.6508
v 1.6747 -6.5830 -0.7106
v 0.9938 0.2461 -0.8038
v 1.0091 0.8448 -0.9254
v 1.2238 -0.7317 -0.5471
v 0.9991 0.5463 -0.8864
v 1.6355 -2.7843 -0.3904
v 0.9982 1.8182 -0.7286
v -0.5947 1.6062 -0.9398
v 1.7404 -7.7785 -0.6329
v -1.7089 -5.3696 -0.6548
v -1.2267 -0.7310 -0.5472
v -0.9837 1.7957 -0.7420
v -1.6853 -3.0714 -0.4805
v -1.7007 -3.3665 -0.5742
v -1.7476 -4.2394 -0.6966
v -1.7193 -3.7337 -0.6562
v -1.0103 -0.0498 -0.6899
v -1.3258 -1.1243 -0.5090
v -1.1039 -0.3607 -0.6011
v -0.9988 0.5471 -0.8662
v -1.0076 0.8317 -0.9118
v -1.6503 -2.7841 -0.3902
v -1.5762 -2.4444 -0.3607
v -0.9944 0.2491 -0.7958
v -1.5005 -2.0309 -0.3890
v -1.4175 -1.5634 -0.4589
v -1.6629 -7.2133 -0.6511
v -1.6450 -6.9538 -0.6830
v -1.1403 1.6504 -0.6839
v -1.6980 -7.4130 -0.6341
v -1.6391 -6.5390 -0.7040
v -1.6430 -5.9813 -0.6775
v -1.7517 -4.8040 -0.6922
v -1.7038 -7.7571 -0.6170
v 0.5883 1.5041 1.3895
v 1.0844 1.5718 1.2724
v 1.3809 1.5966 1.1366
v 0.3931 1.4772 1.4251
v -1.4302 1.6589 -0.2678
v -1.5806 1.6508 0.7413
v -1.6442 1.6369 0.4865
v -1.5507 1.6526 0.0849
v -0.3936 1.4772 1.4413
v -1.2979 1.6243 1.1113
v -1.0845 1.5953 1.2325
v -0.8449 1.5620 1.3298
v -0.6038 1.5050 1.4063
v -0.0000 1.4807 1.5103
v -0.2256 1.6238 -0.9692
v -1.2865 1.6608 -0.5124
v -0.2006 1.4736 1.5003
v 1.2779 1.6640 -0.5075
v -0.3407 1.6106 -0.9831
v 1.1349 1.6726 -0.6780
v 1.4322 1.6607 -0.2667
v 0.0010 1.6363 -0.9573
v 0.2283 1.6133 -0.9962
v 0.2004 1.4733 1.4838
v 1.5497 1.6195 0.8620
v 1.6107 1.6350 0.4889
v 1.5517 1.6528 0.0836
v 0.3461 1.6051 -1.0241
v 0.8136 1.5376 1.3433
v 0.4871 1.4900 1.4071
v 0.4725 1.6184 -1.0103
v -0.4913 1.4900 1.4221
v -0.5888 1.4101 -0.9879
v -1.4663 1.6402 0.9511
v 1.4773 1.6102 0.9965
v 0.1065 1.4784 1.4933
v 0.1275 1.6334 -0.9721
v -0.1065 1.4786 1.5133
v -0.1294 1.6310 -0.9603
v -0.0501 1.4795 1.5137
v -0.0536 1.6376 -0.9600
v 0.0501 1.4794 1.4997
v 0.0558 1.6369 -0.9603
v 2.2329 -7.6968 -0.4909
v 2.5225 -7.5629 -0.1390
v 1.8908 -7.7841 -0.6922
v 2.6956 -7.4361 0.3262
v 2.7329 -7.3548 0.7806
v 2.1406 -7.2573 1.4373
v 2.3816 -7.2802 1.3166
v 2.6050 -7.3084 1.1141
v 2.4933 -7.2943 1.2154
v 1.5647 -7.3716 1.0612
v 1.3979 -7.4335 0.8013
v 1.7422 -7.3261 1.2595
v 1.9263 -7.2735 1.4191
v 1.3003 -7.7509 -0.5492
v 1.5726 -7.7905 -0.7119
v 1.1393 -7.6978 -0.3143
v 1.0947 -7.6369 -0.0539
v 1.1388 -7.5717 0.2177
v 1.7317 -7.7873 -0.7021
v 1.2509 -7.5022 0.5127
v -2.6138 -7.4629 0.3749
v -2.4732 -7.5844 -0.0839
v -2.1908 -7.7108 -0.4502
v -1.8537 -7.7804 -0.6656
v -2.5684 -7.3844 0.7910
v -1.0914 -7.5009 0.2725
v -1.0557 -7.5607 0.0131
v -2.2761 -7.3218 1.1860
v -2.3854 -7.3349 1.0984
v -1.4508 -7.3471 1.0175
v -1.3078 -7.3906 0.7890
v -1.6074 -7.3185 1.1928
v -1.7705 -7.2792 1.3471
v -1.9571 -7.2750 1.3736
v -1.7001 -7.7636 -0.6697
v -1.5399 -7.7461 -0.6741
v -1.1850 -7.4428 0.5380
v -1.1052 -7.6240 -0.2494
v -1.2692 -7.6878 -0.4976
v -2.1668 -7.3086 1.2722
v -1.5213 1.4730 0.9284
v -1.1249 1.4318 1.2209
v -1.2954 1.5447 -0.5298
v 1.2844 1.5606 -0.5347
v -0.4915 1.3971 1.4063
v -0.1061 1.3820 1.5076
v -0.0498 1.3789 1.5071
v 0.5892 1.4226 1.3780
v 1.1015 1.4896 1.2694
v 1.4077 1.5107 1.1330
v 0.3930 1.3934 1.4122
v -1.4283 1.5543 -0.2902
v -1.1556 1.5241 -0.7024
v -1.6169 1.5089 0.7138
v -1.6564 1.5589 0.4726
v -1.5508 1.5514 0.0670
v -0.3935 1.3935 1.4279
v -0.8637 1.4200 1.3163
v -0.6052 1.4128 1.3930
v -0.0000 1.3790 1.5034
v -0.2001 1.3885 1.4967
v 1.1453 1.5454 -0.7075
v 1.4283 1.5737 -0.2886
v 0.2000 1.3882 1.4805
v 1.5695 1.5364 0.8522
v 1.6186 1.5577 0.4765
v 1.5502 1.5646 0.0662
v 0.8199 1.4560 1.3356
v 0.4874 1.4073 1.3949
v 1.5014 1.5252 0.9895
v 0.1060 1.3747 1.4878
v 0.0498 1.3788 1.4932
v -1.3524 1.4469 1.0960
v 0.8754 1.6833 -0.8484
v 0.7431 1.6784 -0.9119
v 0.6065 1.6571 -0.9769
v 1.0025 1.6786 -0.7803
v 0.8776 1.5276 -0.8874
v 0.7444 1.5160 -0.9518
v 0.6066 1.4849 -1.0147
v 1.0096 1.5327 -0.8145
v 0.8805 1.3390 -0.9285
v 0.7456 1.3225 -0.9899
v 0.6093 1.2764 -1.0456
v 1.0175 1.3521 -0.8554
v -0.7307 1.6175 -0.8856
v -0.8653 1.6289 -0.8370
v -0.9974 1.6379 -0.7887
v -0.7270 1.4277 -0.9363
v -0.8654 1.4481 -0.8846
v -1.0053 1.4830 -0.8242
v -0.5770 1.2111 -1.0229
v -0.7175 1.2329 -0.9822
v -0.8616 1.2686 -0.9412
v -1.0086 1.3186 -0.8748
v -0.1966 1.0092 -1.0055
v 0.0004 0.9902 -0.9722
v 0.2981 1.0066 -1.0419
v -0.3010 1.0127 -1.0335
v 0.1953 1.0086 -1.0157
v 0.4346 1.0149 -1.0566
v -0.4200 1.0083 -1.0407
v 0.1062 1.0018 -0.9899
v -0.1101 1.0051 -0.9836
v -0.0427 0.9942 -0.9766
v 0.0434 0.9935 -0.9759
v 0.8723 1.1168 -0.9775
v -0.8508 1.0354 -0.9854
v 0.7310 1.1024 -1.0302
v 0.5943 1.0750 -1.0741
v 1.0192 1.1296 -0.9043
v -0.5540 1.0097 -1.0332
v -0.6981 1.0140 -1.0071
v -1.0096 1.0900 -0.9180
v -2.4732 -7.8411 -0.0839
v -0.9061 2.3143 1.3449
v -0.6433 2.3184 1.0601
v -0.9033 1.9462 1.3267
v -0.7747 2.3164 1.2025
v -0.8751 2.3154 1.3127
v -2.6138 -7.7196 0.3749
v -1.7737 -4.8906 1.1747
v -1.7749 -5.3548 1.2099
v -1.6936 -3.5675 1.1363
v -1.6803 -3.2434 1.1526
v -1.7574 -4.4092 1.1333
v -1.7333 -3.9424 1.1366
v -1.2157 0.1736 1.4392
v -1.2515 -0.0765 1.4399
v -0.9305 1.7481 1.3286
v -1.1579 0.4555 1.4248
v -1.3883 -1.0074 1.4043
v -1.1055 0.7603 1.4405
v -1.0659 1.0296 1.4320
v -1.0273 1.2642 1.4069
v -1.6532 -2.8965 1.2007
v -1.2813 -0.3414 1.4388
v -1.6058 -2.5022 1.2558
v -1.5687 -2.0143 1.2947
v -1.8134 -6.5334 1.3127
v -1.8269 -6.7681 1.3295
v -1.4870 -1.4704 1.3634
v -1.8148 -6.9721 1.3230
v -1.8060 -6.2109 1.2908
v -1.7807 -5.8071 1.2532
v -1.3168 -0.6402 1.4268
v -1.8598 -7.2838 1.3790
v -0.9605 1.5779 1.3474
v -1.8638 -7.2705 1.4173
v -0.9878 1.4268 1.3716
v 0.9031 2.3137 1.3227
v 0.6417 2.3179 1.0311
v 0.9031 1.9476 1.3174
v 0.7724 2.3158 1.1769
v 0.8722 2.3147 1.2878
v 1.2158 0.1740 1.4442
v 1.0933 0.7615 1.4733
v 0.9259 1.7231 1.3587
v 1.1563 0.4523 1.4538
v 1.2519 -0.0765 1.4452
v 1.8257 -5.7846 1.2637
v 1.3883 -1.0074 1.4090
v 1.7536 -4.8981 1.1755
v 1.7687 -5.3530 1.2100
v 1.2818 -0.3417 1.4439
v 1.9431 -6.5102 1.3609
v 1.6701 -3.2432 1.1622
v 1.6830 -3.5674 1.1469
v 1.9769 -6.7528 1.3872
v 1.6006 -2.5022 1.2616
v 1.7424 -4.4114 1.1396
v 1.9774 -6.9628 1.3840
v 1.4870 -1.4704 1.3681
v 1.5670 -2.0143 1.2994
v 1.7207 -3.9428 1.1464
v 1.9012 -6.1804 1.3215
v 1.0222 1.0776 1.4745
v 0.9691 1.3978 1.4141
v 1.3171 -0.6404 1.4317
v 1.6449 -2.8964 1.2083
v 2.0242 -7.2760 1.4364
v 0.9464 1.5599 1.3855
v 2.0335 -7.2581 1.4867
v 0.9578 1.4789 1.3994
v -1.2692 -7.9446 -0.4976
v 0.4590 2.0235 1.5213
v 0.4409 1.9720 1.5187
v 0.4239 1.9394 1.5205
v 0.4647 2.0873 1.5223
v 0.4558 2.1498 1.5202
v 0.4688 2.1517 1.5534
v 0.4778 2.0892 1.5555
v 0.4475 2.1990 1.5486
v 0.4252 2.2276 1.5400
v 0.4164 2.2264 1.5176
v 0.4131 2.2369 1.5274
v 0.3683 2.2257 1.5498
v 0.3817 2.1970 1.5577
v 0.3599 2.2349 1.5376
v 0.3601 2.2245 1.5274
v 0.2900 2.2219 1.5380
v 0.2925 2.1926 1.5354
v 0.2096 2.1900 1.5461
v 0.2100 2.2194 1.5489
v 0.2921 2.2325 1.5484
v 0.2156 2.2208 1.5713
v 0.2971 2.2232 1.5604
v 0.2175 2.1921 1.5781
v 0.3027 2.1946 1.5676
v 0.2187 2.1446 1.5815
v 0.3074 2.1470 1.5709
v 0.3097 2.0846 1.5727
v 0.3940 2.1495 1.5617
v 0.3995 2.0870 1.5636
v 0.4721 2.0255 1.5545
v 0.4239 1.9394 1.5205
v 0.4211 1.9287 1.5305
v 0.4326 1.9406 1.5428
v 0.3743 1.9384 1.5528
v 0.3664 1.9264 1.5406
v 0.3017 1.9359 1.5638
v 0.2970 1.9240 1.5519
v 0.2159 1.9219 1.5633
v 0.2131 1.9324 1.5525
v 0.1271 1.9309 1.5650
v 0.2946 1.9345 1.5411
v 0.3663 1.9371 1.5303
v 0.2187 1.9337 1.5751
v 0.2200 1.9670 1.5813
v 0.3064 1.9692 1.5702
v 0.2201 2.0184 1.5832
v 0.3094 2.0206 1.5724
v 0.2196 2.0823 1.5832
v 0.3967 2.0231 1.5630
v 0.4533 1.9737 1.5506
v 0.3864 1.9715 1.5599
v 0.1300 2.1430 1.5929
v 0.1297 2.1904 1.5895
v 0.1287 2.2190 1.5825
v 0.2125 2.2298 1.5592
v 0.1270 2.2280 1.5705
v 0.1254 2.2176 1.5601
v 0.0415 2.2272 1.5816
v 0.0411 2.2169 1.5713
v -0.0403 2.2167 1.5782
v 0.0411 2.1875 1.5687
v 0.1248 2.1882 1.5574
v 0.0412 2.1403 1.5710
v -0.0401 2.1872 1.5758
v 0.1250 2.1408 1.5595
v 0.2103 2.1426 1.5479
v 0.1254 2.0786 1.5614
v 0.2112 2.0802 1.5496
v 0.2968 2.1451 1.5373
v 0.2991 2.0825 1.5390
v 0.3818 2.1475 1.5282
v 0.3874 2.0851 1.5301
v 0.4350 2.1972 1.5166
v 0.3701 2.1951 1.5255
v 0.2988 2.0186 1.5388
v 0.3845 2.0212 1.5294
v 0.3748 1.9698 1.5277
v 0.2963 1.9673 1.5378
v 0.2117 2.0163 1.5495
v 0.2120 1.9650 1.5490
v 0.1257 2.0149 1.5617
v 0.1262 1.9635 1.5613
v 0.2131 1.9324 1.5525
v 0.1271 1.9309 1.5650
v 0.0418 1.9632 1.5735
v 0.0416 2.0144 1.5737
v -0.0400 2.0145 1.5809
v -0.0401 2.0780 1.5805
v 0.0414 2.0782 1.5732
v -0.0401 2.1401 1.5783
v -0.1178 2.1400 1.5796
v -0.1180 2.0779 1.5818
v -0.1179 2.0143 1.5819
v -0.0399 1.9634 1.5807
v 0.0420 1.9308 1.5774
v -0.0401 1.9309 1.5844
v -0.1178 1.9631 1.5814
v -0.1917 1.9317 1.5946
v -0.1177 1.9306 1.5848
v -0.1921 1.9642 1.5920
v -0.2633 1.9680 1.6213
v -0.1922 2.0157 1.5929
v -0.2633 1.9353 1.6234
v -0.3315 1.9716 1.6394
v -0.3327 1.9389 1.6410
v -0.3968 1.9422 1.6231
v -0.2632 2.0194 1.6227
v -0.3313 2.0232 1.6411
v -0.2632 2.0832 1.6231
v -0.1921 2.0794 1.5930
v -0.1919 2.1415 1.5910
v -0.2629 2.1453 1.6215
v -0.1917 2.1888 1.5887
v -0.1177 2.1873 1.5772
v -0.1176 2.2165 1.5794
v -0.1175 2.2269 1.5890
v -0.1906 2.2283 1.5996
v -0.1912 2.2180 1.5907
v -0.2625 2.2219 1.6209
v -0.2627 2.2322 1.6289
v -0.1900 2.2193 1.6103
v -0.2630 2.2230 1.6386
v -0.3369 2.2269 1.6563
v -0.3340 2.2362 1.6472
v -0.3313 2.2260 1.6398
v -0.4009 2.2372 1.6301
v -0.4063 2.2283 1.6391
v -0.4462 2.2241 1.6148
v -0.3384 2.1982 1.6620
v -0.2632 2.1942 1.6448
v -0.1899 2.1905 1.6169
v -0.2636 2.1470 1.6480
v -0.1900 2.1434 1.6204
v -0.1174 2.1894 1.6075
v -0.1175 2.1423 1.6111
v -0.0413 2.1897 1.6074
v -0.0413 2.1424 1.6112
v 0.0422 2.1425 1.6045
v 0.0420 2.1898 1.6008
v 0.1305 2.0808 1.5949
v 0.1309 2.0170 1.5953
v 0.1311 1.9656 1.5936
v 0.1305 1.9324 1.5877
v 0.0426 1.9653 1.6059
v 0.0425 2.0167 1.6073
v 0.0424 2.0804 1.6067
v -0.0413 2.0804 1.6134
v -0.0412 2.0168 1.6140
v -0.0411 1.9656 1.6124
v -0.0408 1.9325 1.6066
v -0.1175 1.9653 1.6119
v -0.1175 1.9322 1.6060
v -0.1906 1.9331 1.6143
v -0.1903 1.9663 1.6202
v -0.1903 2.0175 1.6222
v -0.2640 1.9697 1.6471
v -0.2638 1.9364 1.6414
v -0.3384 1.9400 1.6575
v -0.3355 1.9282 1.6484
v -0.2635 1.9245 1.6316
v -0.3327 1.9389 1.6410
v -0.4035 1.9320 1.6294
v -0.3968 1.9422 1.6231
v -0.4369 1.9492 1.6009
v -0.4510 1.9447 1.6008
v -0.4493 1.9501 1.6129
v -0.4442 1.9758 1.5942
v -0.4701 1.9763 1.5897
v -0.4453 2.0267 1.5955
v -0.4724 2.0277 1.5909
v -0.4637 2.0281 1.6115
v -0.4631 2.0922 1.6132
v -0.4132 2.0272 1.6461
v -0.4616 1.9770 1.6097
v -0.4126 1.9756 1.6434
v -0.3397 2.0247 1.6658
v -0.3394 2.0887 1.6665
v -0.4127 2.0910 1.6474
v -0.3390 2.1510 1.6651
v -0.2639 2.0848 1.6497
v -0.1902 2.0813 1.6223
v -0.2639 2.0211 1.6493
v -0.3395 1.9733 1.6631
v -0.4088 1.9433 1.6385
v -0.1176 2.0802 1.6134
v -0.1176 2.0165 1.6137
v -0.4121 2.1535 1.6463
v -0.4105 2.2005 1.6438
v -0.4621 2.1547 1.6124
v -0.4588 2.2012 1.6113
v -0.4669 2.2013 1.5918
v -0.4476 2.2280 1.6031
v -0.4414 2.1998 1.5960
v -0.4337 2.2230 1.6028
v -0.4438 2.1533 1.5964
v -0.4706 2.1544 1.5921
v -0.4716 2.0917 1.5927
v -0.4447 2.0906 1.5971
v -0.4476 2.2280 1.6031
v -0.4337 2.2230 1.6028
v -0.3943 2.2272 1.6238
v -0.3931 2.1988 1.6217
v -0.4414 2.1998 1.5960
v -0.4438 2.1533 1.5964
v -0.3936 2.1518 1.6233
v -0.3304 2.1966 1.6385
v -0.3307 2.1494 1.6405
v -0.2626 2.1927 1.6193
v -0.3311 2.0870 1.6419
v -0.3943 2.0894 1.6244
v -0.3949 2.0253 1.6231
v -0.3951 1.9739 1.6212
v -0.4369 1.9492 1.6009
v -0.4442 1.9758 1.5942
v -0.4453 2.0267 1.5955
v -0.4447 2.0906 1.5971
v -0.0407 2.2271 1.5883
v -0.0411 2.2183 1.6002
v -0.1174 2.2180 1.6005
v 0.0418 2.2183 1.5937
v 0.2946 1.9345 1.5411
v 0.3663 1.9371 1.5303
v 0.0426 1.9323 1.5999
v -0.0404 1.9205 1.5950
v 0.0424 1.9203 1.5883
v -0.0401 1.9309 1.5844
v -0.1176 1.9201 1.5948
v 0.0420 1.9308 1.5774
v 0.1289 1.9205 1.5759
v -0.1177 1.9306 1.5848
v -0.1917 1.9317 1.5946
v -0.1912 1.9212 1.6039
v -0.2633 1.9353 1.6234
v -0.0274 2.1548 -0.7619
v 0.0700 2.0534 -0.7891
v 0.0687 2.1574 -0.7684
v -0.0291 2.2564 -0.7450
v 0.0656 2.2597 -0.7517
v 0.1599 2.2637 -0.7682
v 0.1638 2.1604 -0.7836
v 0.1660 2.0549 -0.8019
v 0.2592 2.1589 -0.7923
v 0.2550 2.2621 -0.7788
v 0.3514 2.2579 -0.7794
v 0.3552 2.1550 -0.7918
v 0.2622 2.0534 -0.8087
v 0.3583 2.0498 -0.8067
v 0.4549 2.1508 -0.7805
v 0.4574 2.0462 -0.7942
v 0.5630 2.1472 -0.7580
v 0.4521 2.2538 -0.7687
v 0.5611 2.2504 -0.7467
v 0.5647 2.0428 -0.7713
v 0.6799 2.1439 -0.7252
v 0.6808 2.0402 -0.7379
v 0.8035 2.1418 -0.6834
v 0.6787 2.2479 -0.7136
v 0.8022 2.2458 -0.6726
v 0.9293 2.2446 -0.6260
v 0.8036 2.0383 -0.6952
v 0.9309 2.1401 -0.6353
v 0.9299 2.0371 -0.6454
v 1.0564 2.1408 -0.5792
v 1.0546 2.2457 -0.5714
v 1.0548 2.0378 -0.5874
v 1.1745 2.1414 -0.5161
v 1.1728 2.0388 -0.5230
v 1.2815 2.1408 -0.4392
v 1.2782 2.2461 -0.4331
v 1.2806 2.0389 -0.4454
v 1.3735 2.0378 -0.3505
v 1.1764 2.0025 -0.5307
v 1.0575 2.0009 -0.5962
v 0.9322 1.9999 -0.6549
v 0.9379 2.0392 -0.6618
v 0.8104 2.0403 -0.7119
v 0.9409 2.1404 -0.6571
v 1.0645 2.0401 -0.6034
v 1.0680 2.1413 -0.6007
v 1.0632 2.2421 -0.5869
v 1.1822 2.2435 -0.5244
v 1.1882 2.1430 -0.5367
v 1.2900 2.2434 -0.4461
v 1.2981 2.1434 -0.4570
v 1.2940 2.0430 -0.4582
v 1.1844 2.0420 -0.5380
v 1.3908 2.1422 -0.3604
v 1.4587 2.1404 -0.2547
v 1.3796 2.2418 -0.3515
v 1.4452 2.2397 -0.2480
v 1.3667 2.2771 -0.3423
v 1.2791 2.2792 -0.4350
v 1.4306 2.2746 -0.2408
v 1.3630 2.2370 -0.3408
v 1.4280 2.2340 -0.2393
v 1.4793 2.2723 -0.1342
v 1.4947 2.2376 -0.1398
v 1.5103 2.1393 -0.1439
v 1.5320 2.2376 -0.0270
v 1.5507 2.1412 -0.0293
v 1.5566 2.0424 -0.0260
v 1.5146 2.0401 -0.1418
v 1.4598 2.0406 -0.2543
v 1.5043 2.0002 -0.1385
v 1.4499 2.0009 -0.2507
v 1.4435 2.0362 -0.2458
v 1.3790 2.0024 -0.3566
v 1.2848 2.0034 -0.4522
v 1.3889 2.0419 -0.3610
v 1.3732 2.1398 -0.3452
v 1.3681 2.2448 -0.3402
v 1.4383 2.2426 -0.2380
v 1.4431 2.1371 -0.2417
v 1.4968 2.1348 -0.1321
v 1.4955 2.0341 -0.1347
v 1.5378 2.0355 -0.0192
v 1.5346 2.1332 -0.0190
v 1.5470 2.0027 -0.0222
v 1.5798 2.0089 0.0983
v 1.5858 2.0485 0.0938
v 1.5792 2.1470 0.0895
v 1.5975 2.1556 0.2146
v 1.6065 2.0579 0.2200
v 1.6077 2.1655 0.3466
v 1.5756 2.2483 0.2126
v 1.5825 2.2593 0.3422
v 1.5805 2.2713 0.4772
v 1.5615 2.3038 0.4767
v 1.5639 2.2907 0.3430
v 1.5675 2.2490 0.3485
v 1.5653 2.2612 0.4824
v 1.5486 2.3134 0.6133
v 1.5667 2.2800 0.6150
v 1.5210 2.3171 0.7465
v 1.5381 2.2828 0.7497
v 1.5519 2.2696 0.6185
v 1.5216 2.2723 0.7508
v 1.4697 2.3187 0.8738
v 1.4852 2.2841 0.8794
v 1.3971 2.3184 0.9925
v 1.4105 2.2838 1.0010
v 1.4681 2.2745 0.8768
v 1.3942 2.2753 0.9942
v 1.3072 2.3154 1.0955
v 1.2252 2.2728 1.1937
v 1.2110 2.3070 1.1804
v 1.3061 2.2733 1.0957
v 1.2126 2.2651 1.1799
v 1.1163 2.2937 1.2475
v 1.1303 2.2594 1.2622
v 1.0349 2.2457 1.3151
v 1.0222 2.2802 1.3001
v 1.1187 2.2524 1.2464
v 1.0242 2.2394 1.2981
v 0.9287 2.2709 1.3424
v 0.9398 2.2357 1.3573
v 0.8447 2.2267 1.3933
v 0.8351 2.2627 1.3789
v 0.9294 2.2298 1.3398
v 0.8346 2.2219 1.3756
v 0.7416 2.2554 1.4136
v 0.7501 2.2187 1.4272
v 0.6574 2.2115 1.4589
v 0.6501 2.2490 1.4461
v 0.7400 2.2146 1.4095
v 0.6478 2.2083 1.4412
v 0.5610 2.2435 1.4749
v 0.5672 2.2055 1.4871
v 0.4778 2.1999 1.5116
v 0.5737 2.1013 1.4948
v 0.6658 2.1079 1.4679
v 0.7608 2.1158 1.4380
v 0.7671 2.0111 1.4353
v 0.8584 2.1251 1.4060
v 0.9572 2.1350 1.3715
v 1.0567 2.1457 1.3302
v 1.1554 2.1603 1.2775
v 1.2502 2.1736 1.2082
v 1.3204 2.2810 1.1067
v 1.3405 2.1813 1.1194
v 1.4258 2.1834 1.0114
v 1.5024 2.1832 0.8877
v 1.4384 2.0783 1.0131
v 1.5054 2.0741 0.8907
v 1.5615 2.0720 0.7606
v 1.5518 2.0285 0.7610
v 1.4999 2.0314 0.8886
v 1.4865 2.0658 0.8863
v 1.4241 2.0711 1.0044
v 1.4390 2.0370 1.0087
v 1.3626 2.0795 1.1209
v 1.3665 2.0381 1.1149
v 1.3505 2.0715 1.1085
v 1.2819 2.0317 1.2032
v 1.2761 2.0729 1.2103
v 1.1808 2.0600 1.2796
v 1.0776 2.0451 1.3318
v 1.1865 2.0194 1.2716
v 1.2652 2.0649 1.1952
v 1.3258 2.1685 1.1010
v 1.4047 2.1691 0.9985
v 1.3920 2.2713 0.9896
v 1.4700 2.1645 0.8819
v 1.3092 2.2690 1.0911
v 1.2365 2.1610 1.1861
v 1.2164 2.2605 1.1753
v 1.1421 2.1487 1.2526
v 1.1701 2.0528 1.2625
v 1.0673 2.0386 1.3138
v 1.0813 2.0050 1.3233
v 0.9729 1.9928 1.3629
v 0.9713 2.0332 1.3720
v 0.8674 2.0213 1.4050
v 0.8668 1.9811 1.3955
v 0.9613 2.0268 1.3533
v 1.0435 2.1351 1.3040
v 1.1217 2.2481 1.2416
v 1.0260 2.2351 1.2934
v 0.9435 2.1245 1.3448
v 0.9301 2.2251 1.3355
v 0.8347 2.2171 1.3717
v 0.8443 2.1159 1.3794
v 0.8573 2.0159 1.3864
v 0.7469 2.1081 1.4117
v 0.7400 2.2104 1.4060
v 0.6478 2.2044 1.4382
v 0.6526 2.1015 1.4419
v 0.7571 2.0070 1.4171
v 0.6607 1.9991 1.4458
v 0.5616 2.0959 1.4688
v 0.5584 2.1997 1.4668
v 0.4701 2.1948 1.4914
v 0.4722 2.0906 1.4925
v 0.5680 1.9928 1.4717
v 0.4772 1.9869 1.4948
v 0.3837 2.0852 1.5118
v 0.3824 2.1895 1.5113
v 0.2953 2.1847 1.5266
v 0.2960 2.0802 1.5267
v 0.3875 1.9812 1.5138
v 0.2989 1.9758 1.5288
v 0.2094 2.0758 1.5396
v 0.2090 2.1804 1.5394
v 0.1235 2.1774 1.5512
v 0.1236 2.0727 1.5517
v 0.2113 1.9713 1.5417
v 0.1248 1.9684 1.5543
v 0.0396 2.0714 1.5634
v 0.0395 2.1760 1.5624
v -0.0414 2.1758 1.5692
v -0.0415 2.0710 1.5704
v 0.0401 1.9669 1.5665
v -0.0412 1.9666 1.5733
v -0.0410 1.9283 1.5813
v 0.0410 1.9286 1.5745
v 0.1266 1.9298 1.5623
v 0.0417 1.9691 1.5850
v 0.1278 1.9701 1.5729
v 0.0417 2.0748 1.5888
v -0.0410 2.0742 1.5959
v -0.0411 2.1782 1.5877
v 0.0411 2.1791 1.5808
v 0.1264 2.1809 1.5695
v 0.1276 2.0764 1.5771
v 0.2150 2.0794 1.5651
v 0.2154 1.9730 1.5603
v 0.2131 2.1843 1.5581
v 0.3006 2.1889 1.5437
v 0.3034 2.0839 1.5503
v 0.3927 2.0892 1.5377
v 0.3940 1.9827 1.5323
v 0.3889 2.1942 1.5312
v 0.4828 2.0952 1.5184
v 0.5768 1.9952 1.4898
v 0.6702 2.0024 1.4638
v 0.7649 1.9702 1.4251
v 0.6678 1.9618 1.4533
v 0.5742 1.9546 1.4791
v 0.4849 1.9887 1.5131
v 0.4824 1.9484 1.5021
v 0.3917 1.9424 1.5213
v 0.3041 1.9772 1.5474
v 0.3021 1.9369 1.5364
v 0.2138 1.9326 1.5495
v 0.3846 2.2330 1.5193
v 0.4726 2.2382 1.4997
v 0.2972 2.2275 1.5341
v 0.3824 2.1928 1.5128
v 0.2953 2.1876 1.5274
v 0.2106 2.2228 1.5462
v 0.1248 2.2193 1.5575
v 0.2090 2.1828 1.5397
v 0.1235 2.1791 1.5512
v 0.0402 2.2173 1.5686
v -0.0412 2.2163 1.5753
v 0.0395 2.1770 1.5624
v -0.0414 2.1761 1.5692
v 0.4701 2.1983 1.4934
v 0.5584 2.2032 1.4693
v -0.0409 1.9687 1.5920
v 1.5611 2.1831 0.7560
v 1.5950 2.1824 0.6209
v 1.6013 2.0750 0.6266
v 1.6222 2.0752 0.4891
v 1.5919 2.0309 0.6294
v 1.6156 2.0329 0.4933
v 1.5981 2.0626 0.4942
v 1.6130 2.0251 0.3581
v 1.5784 2.0642 0.6294
v 1.5386 2.0626 0.7603
v 1.5247 2.1605 0.7566
v 1.5624 2.1579 0.6251
v 1.5807 2.1537 0.4894
v 1.5970 2.0553 0.3591
v 1.5830 2.1474 0.3549
v 1.5847 2.0470 0.2263
v 1.5994 2.0166 0.2251
v 1.6199 2.0668 0.3531
v 1.6088 2.1755 0.4828
v 1.5671 2.0399 0.1001
v 1.5592 2.1353 0.0988
v 1.5741 2.1409 0.2232
v 1.5720 2.2411 0.2189
v 1.5813 2.2456 0.3478
v 1.5761 2.2499 0.4810
v 1.5548 2.2546 0.6167
v 1.5168 2.2607 0.7482
v 1.4615 2.2671 0.8734
v 1.5579 2.2371 0.0973
v 1.5326 2.2371 -0.0183
v 1.4928 2.2393 -0.1304
v 1.5603 2.2392 0.2189
v 1.5432 2.2331 0.0961
v 1.5576 2.2802 0.2145
v 1.5405 2.2744 0.0926
v 1.5591 2.2410 0.0897
v 1.5148 2.2717 -0.0228
v 1.4772 2.2318 -0.1323
v 1.5141 2.2309 -0.0205
v 1.2756 2.2391 -0.4333
v 1.1732 2.2795 -0.5117
v 1.1704 2.2396 -0.5093
v 1.0557 2.2784 -0.5730
v 1.0538 2.2392 -0.5705
v 0.9306 2.2781 -0.6266
v 0.9370 2.2413 -0.6414
v 0.8127 2.1422 -0.7053
v 0.8091 2.2435 -0.6878
v 0.6881 2.1446 -0.7471
v 0.6846 2.2464 -0.7288
v 0.5695 2.1475 -0.7803
v 0.6867 2.0417 -0.7547
v 0.4594 2.1514 -0.8031
v 0.5660 2.2494 -0.7617
v 0.5695 2.0440 -0.7884
v 0.4609 2.0475 -0.8118
v 0.3601 2.0515 -0.8244
v 0.4596 2.0072 -0.8053
v 0.5670 2.0042 -0.7818
v 0.3602 2.0109 -0.8182
v 0.2630 2.0145 -0.8211
v 0.1658 2.0163 -0.8154
v 0.2621 2.0561 -0.8267
v 0.1647 2.0584 -0.8204
v 0.2590 2.1617 -0.8154
v 0.3574 2.1563 -0.8147
v 0.3530 2.2582 -0.7943
v 0.4553 2.2532 -0.7839
v 0.4520 2.2901 -0.7676
v 0.5619 2.2866 -0.7458
v 0.5613 2.2482 -0.7435
v 0.6789 2.2449 -0.7111
v 0.6798 2.2836 -0.7129
v 0.8036 2.2804 -0.6723
v 0.8025 2.2414 -0.6703
v 0.9293 2.2387 -0.6243
v 0.4523 2.2519 -0.7651
v 0.3503 2.2946 -0.7777
v 0.3515 2.2564 -0.7751
v 0.2550 2.2611 -0.7740
v 0.2531 2.3000 -0.7763
v 0.1599 2.2637 -0.7637
v 0.1576 2.3028 -0.7658
v 0.0656 2.2615 -0.7481
v 0.0636 2.3009 -0.7501
v 0.1586 2.2671 -0.7838
v 0.0644 2.2658 -0.7689
v 0.0671 2.1645 -0.7940
v 0.1620 2.1651 -0.8073
v 0.2549 2.2637 -0.7934
v -0.0292 2.2644 -0.7633
v -0.0302 2.2992 -0.7445
v -0.0291 2.2596 -0.7423
v -0.1256 2.2619 -0.7589
v -0.1256 2.3017 -0.7608
v -0.1246 2.2664 -0.7793
v -0.1239 2.1646 -0.8042
v -0.0274 2.1633 -0.7887
v 0.0688 2.0577 -0.8083
v -0.0270 2.0567 -0.8032
v -0.1248 2.0571 -0.8178
v -0.2254 2.0554 -0.8316
v -0.2231 2.1636 -0.8204
v -0.3250 2.1602 -0.8293
v -0.3230 2.2638 -0.8094
v -0.2226 2.2663 -0.7980
v -0.3225 2.3004 -0.7929
v -0.4257 2.2594 -0.8098
v -0.4240 2.2969 -0.7941
v -0.4240 2.2594 -0.7903
v -0.5277 2.2945 -0.7820
v -0.5284 2.2582 -0.7780
v -0.6328 2.2535 -0.7550
v -0.6305 2.2896 -0.7590
v -0.7349 2.2508 -0.7224
v -0.7316 2.2869 -0.7265
v -0.8370 2.2491 -0.6827
v -0.8324 2.2858 -0.6871
v -0.7370 2.2490 -0.7400
v -0.8389 2.2485 -0.7003
v -0.9351 2.2865 -0.6428
v -0.9405 2.2495 -0.6386
v -1.0432 2.2513 -0.5881
v -1.0377 2.2891 -0.5923
v -1.1386 2.2540 -0.5306
v -1.1330 2.2930 -0.5348
v -1.0459 2.2527 -0.6041
v -0.9427 2.2498 -0.6554
v -1.0560 2.1493 -0.6134
v -1.1430 2.2573 -0.5456
v -0.9506 2.1455 -0.6661
v -0.8455 2.1430 -0.7122
v -0.9628 2.0463 -0.6643
v -0.7419 2.1428 -0.7529
v -0.7495 2.0420 -0.7536
v -0.6394 2.1447 -0.7868
v -0.6452 2.0428 -0.7885
v -0.6349 2.2515 -0.7730
v -0.5352 2.1502 -0.8119
v -0.5394 2.0472 -0.8157
v -0.4291 2.1543 -0.8270
v -0.3283 2.0531 -0.8375
v -0.4322 2.0497 -0.8328
v -0.3299 2.0115 -0.8311
v -0.2272 2.0131 -0.8263
v -0.4329 2.0085 -0.8255
v -0.4303 2.0466 -0.8146
v -0.5393 2.0063 -0.8081
v -0.5361 2.0443 -0.7984
v -0.5320 2.1500 -0.7870
v -0.4262 2.1513 -0.8014
v -0.3246 2.1532 -0.8033
v -0.4240 2.2542 -0.7907
v -0.3282 2.0496 -0.8191
v -0.3228 2.2552 -0.7909
v -0.2237 2.2571 -0.7796
v -0.2247 2.1549 -0.7944
v -0.2267 2.0511 -0.8129
v -0.1253 2.1558 -0.7775
v -0.1260 2.0521 -0.7987
v -0.1256 2.2576 -0.7608
v -0.0270 2.0518 -0.7837
v 0.0696 2.0154 -0.8037
v -0.0272 2.0144 -0.7988
v -0.1261 2.0145 -0.8133
v -0.5284 2.2533 -0.7770
v -0.6352 2.2491 -0.7529
v -0.6384 2.1451 -0.7619
v -0.7434 2.1432 -0.7282
v -0.7444 2.0385 -0.7369
v -0.6407 2.0403 -0.7719
v -0.6444 2.0024 -0.7804
v -0.7484 2.0017 -0.7453
v -0.8496 2.0394 -0.6954
v -0.8496 2.1430 -0.6871
v -0.7408 2.2469 -0.7189
v -0.8469 2.2463 -0.6787
v -0.9563 2.1450 -0.6416
v -0.9528 2.2483 -0.6343
v -1.0601 2.1472 -0.5893
v -0.9569 2.0421 -0.6482
v -1.0625 2.0454 -0.5945
v -1.1556 2.1496 -0.5304
v -1.0554 2.2502 -0.5833
v -1.2381 2.2570 -0.4588
v -1.1550 2.2551 -0.5245
v -1.2417 2.1520 -0.4644
v -1.2507 2.0527 -0.4678
v -1.3195 2.2598 -0.3786
v -1.3258 2.1549 -0.3836
v -1.3810 2.2590 -0.2859
v -1.3895 2.1545 -0.2898
v -1.4329 2.2581 -0.1866
v -1.4415 2.1516 -0.1871
v -1.4761 2.2558 -0.0816
v -1.4842 2.1490 -0.0788
v -1.4944 2.0490 -0.0746
v -1.4509 2.0513 -0.1856
v -1.3981 2.0539 -0.2906
v -1.5073 2.0150 -0.0750
v -1.5127 2.0575 -0.0818
v -1.4631 2.0164 -0.1871
v -1.5459 2.0156 0.0402
v -1.5532 2.0580 0.0334
v -1.5861 2.0625 0.1537
v -1.5795 2.0207 0.1607
v -1.5674 2.0535 0.1601
v -1.6017 2.0283 0.2877
v -1.6076 2.0710 0.2807
v -1.6089 2.0799 0.4127
v -1.6048 2.0368 0.4193
v -1.5909 2.0696 0.4169
v -1.5945 2.0418 0.5545
v -1.5792 2.0749 0.5513
v -1.5652 2.1741 0.5397
v -1.5405 2.1759 0.6723
v -1.5596 2.0762 0.6833
v -1.5079 2.1763 0.8000
v -1.4890 2.2794 0.7897
v -1.4436 2.2794 0.9086
v -1.5262 2.2786 0.6614
v -1.5588 2.2763 0.5279
v -1.5843 2.1684 0.4058
v -1.5762 2.2719 0.3944
v -1.5813 2.1604 0.2761
v -1.5723 2.2657 0.2662
v -1.5573 2.1535 0.1513
v -1.5529 2.2606 0.1440
v -1.5242 2.1495 0.0334
v -1.5176 2.2562 0.0282
v -1.5325 2.0489 0.0399
v -1.5904 2.0609 0.2863
v -1.4651 2.1762 0.9194
v -1.4901 2.0755 0.9313
v -1.5316 2.0761 0.8112
v -1.5496 2.0427 0.8169
v -1.5764 2.0427 0.6873
v -1.5448 2.0855 0.8149
v -1.5023 2.0846 0.9388
v -1.5073 2.0421 0.9390
v -1.4450 2.0400 1.0462
v -1.4296 2.0736 1.0369
v -1.4056 2.1746 1.0241
v -1.3489 2.0695 1.1262
v -1.3630 2.0357 1.1366
v -1.3615 2.0778 1.1396
v -1.2700 2.0277 1.2097
v -1.2711 2.0701 1.2143
v -1.2579 2.1721 1.2018
v -1.1617 2.1619 1.2667
v -1.1445 2.2618 1.2523
v -1.2385 2.2708 1.1834
v -1.1706 2.0597 1.2772
v -1.0628 2.1504 1.3246
v -1.0706 2.0479 1.3329
v -0.9667 2.1390 1.3776
v -0.9735 2.0359 1.3829
v -0.8733 2.1285 1.4261
v -0.8626 2.2301 1.4117
v -0.9532 2.2398 1.3633
v -1.0467 2.2505 1.3105
v -1.1324 2.2949 1.2363
v -1.0359 2.2845 1.2943
v -1.1351 2.2548 1.2369
v -1.0366 2.2443 1.2946
v -0.9431 2.2745 1.3472
v -0.9425 2.2340 1.3467
v -0.8539 2.2655 1.3960
v -0.8522 2.2253 1.3958
v -0.7654 2.2580 1.4393
v -0.7632 2.2179 1.4378
v -0.7730 2.2217 1.4543
v -0.6822 2.2146 1.4907
v -0.6756 2.2515 1.4766
v -0.6733 2.2115 1.4748
v -0.5846 2.2456 1.5067
v -0.5824 2.2058 1.5048
v -0.4998 2.2024 1.5431
v -0.4953 2.2401 1.5306
v -0.4933 2.2001 1.5287
v -0.4204 2.2361 1.5562
v -0.4186 2.1959 1.5542
v -0.4238 2.1981 1.5681
v -0.3682 2.2341 1.5842
v -0.3707 2.1963 1.5976
v -0.4267 2.0938 1.5781
v -0.3727 2.0919 1.6074
v -0.4268 1.9872 1.5805
v -0.3724 1.9851 1.6105
v -0.3241 2.0893 1.6208
v -0.3237 1.9827 1.6245
v -0.2629 2.0839 1.6025
v -0.3230 2.1937 1.6110
v -0.2620 2.1881 1.5928
v -0.1914 2.1828 1.5673
v -0.2605 2.2258 1.5794
v -0.3210 2.2313 1.5977
v -0.1905 2.2204 1.5537
v -0.1898 2.1800 1.5518
v -0.2597 2.1854 1.5776
v -0.1181 2.1806 1.5612
v -0.1177 2.2184 1.5478
v -0.1174 2.1780 1.5457
v -0.0412 2.1806 1.5653
v -0.0413 2.2184 1.5523
v -0.1184 2.0768 1.5706
v -0.0411 2.0766 1.5745
v -0.1182 1.9708 1.5751
v -0.0410 1.9706 1.5787
v -0.1177 1.9299 1.5669
v -0.1916 1.9726 1.5811
v -0.1907 1.9317 1.5729
v -0.2611 1.9365 1.5984
v -0.2601 1.9749 1.5907
v -0.2623 1.9776 1.6065
v -0.1920 2.0787 1.5769
v -0.3221 1.9416 1.6164
v -0.3207 1.9799 1.6089
v -0.3704 1.9442 1.6021
v -0.3684 1.9827 1.5947
v -0.4216 1.9850 1.5659
v -0.3669 2.0874 1.5949
v -0.3198 2.0844 1.6086
v -0.4244 1.9464 1.5718
v -0.5017 1.9511 1.5472
v -0.4978 1.9898 1.5410
v -0.5043 1.9921 1.5560
v -0.5038 2.0980 1.5539
v -0.5965 1.9988 1.5337
v -0.5936 1.9579 1.5250
v -0.5889 1.9964 1.5183
v -0.6878 1.9651 1.4970
v -0.6822 2.0032 1.4898
v -0.6911 2.0063 1.5057
v -0.6889 2.1115 1.5041
v -0.7851 2.0145 1.4699
v -0.5944 2.1041 1.5300
v -0.5902 2.2083 1.5199
v -0.7818 1.9731 1.4613
v -0.8758 1.9829 1.4212
v -0.8683 2.0199 1.4131
v -0.8786 2.0241 1.4289
v -0.7800 2.1190 1.4667
v -0.9711 1.9945 1.3756
v -0.9628 2.0306 1.3674
v -1.0686 2.0061 1.3262
v -1.0593 2.0418 1.3168
v -1.1582 2.0526 1.2612
v -1.1683 2.0175 1.2715
v -1.2571 2.0623 1.1993
v -1.3250 2.1709 1.1135
v -1.2373 2.1635 1.1869
v -1.1229 2.2583 1.2483
v -1.1408 2.1551 1.2545
v -1.0296 2.2473 1.3049
v -1.0443 2.1442 1.3106
v -0.9395 2.2367 1.3572
v -0.9505 2.1332 1.3623
v -0.8513 2.2273 1.4056
v -0.8587 2.1231 1.4088
v -0.7629 2.2193 1.4482
v -0.7679 2.1148 1.4501
v -0.7753 2.0106 1.4534
v -0.6730 2.2124 1.4853
v -0.6766 2.1077 1.4855
v -0.5822 2.2059 1.5132
v -0.5846 2.1013 1.5155
v -0.4930 2.1998 1.5385
v -0.4947 2.0950 1.5393
v -0.4183 2.1950 1.5648
v -0.4193 2.0902 1.5647
v -0.3663 2.1921 1.5951
v -0.3195 2.1889 1.6090
v -0.2594 2.1836 1.5909
v -0.2596 2.0791 1.5900
v -0.1897 2.1786 1.5650
v -0.1898 2.0740 1.5639
v -0.1901 1.9699 1.5650
v -0.1173 2.1767 1.5585
v -0.1173 2.0721 1.5576
v -0.0414 2.1765 1.5619
v -0.0415 2.0720 1.5611
v -0.0413 1.9679 1.5624
v -0.1175 1.9680 1.5588
v -0.0410 1.9297 1.5706
v -0.0412 2.2166 1.5684
v -0.1175 2.2166 1.5666
v -1.2168 2.2674 1.1800
v -1.3045 2.2733 1.1008
v -1.3827 2.2778 1.0125
v -1.4409 2.0823 1.0478
v -1.4176 2.1846 1.0336
v -1.3427 2.1798 1.1259
v -1.3214 2.2784 1.1079
v -1.3958 2.2833 1.0169
v -1.4759 2.1874 0.9251
v -1.4539 2.2859 0.9109
v -1.5178 2.1890 0.8019
v -1.5742 2.0862 0.6833
v -1.5509 2.1895 0.6706
v -1.4967 2.2868 0.7900
v -1.5331 2.2870 0.6602
v -1.5774 2.1882 0.5360
v -1.5951 2.0850 0.5489
v -1.5958 2.1829 0.4005
v -1.5784 2.2812 0.3916
v -1.5966 2.1744 0.2685
v -1.5621 2.2858 0.5261
v -1.5459 2.3179 0.5235
v -1.5185 2.3187 0.6556
v -1.4828 2.3189 0.7827
v -1.5236 2.2765 0.6598
v -1.5503 2.2750 0.5285
v -1.5654 2.2704 0.3959
v -1.5608 2.3139 0.3904
v -1.5637 2.2635 0.2662
v -1.5590 2.3069 0.2606
v -1.5773 2.2740 0.2606
v -1.5776 2.1661 0.1418
v -1.5561 2.2668 0.1354
v -1.5466 2.1613 0.0224
v -1.5042 2.1599 -0.0913
v -1.4848 2.2616 -0.0928
v -1.4574 2.1607 -0.2010
v -1.4693 2.0587 -0.1935
v -1.4163 2.0613 -0.2998
v -1.4122 2.0192 -0.2931
v -1.3441 2.0207 -0.3903
v -1.3320 2.0548 -0.3865
v -1.3470 2.0618 -0.3974
v -1.3302 2.1616 -0.4027
v -1.2624 2.0596 -0.4814
v -1.4012 2.1621 -0.3058
v -1.2603 2.0192 -0.4734
v -1.1678 2.0149 -0.5410
v -1.1609 2.0493 -0.5348
v -1.0680 2.0100 -0.6011
v -1.0693 2.0502 -0.6102
v -0.9614 2.0062 -0.6554
v -0.8537 2.0030 -0.7032
v -0.8550 2.0434 -0.7121
v -1.1693 2.0557 -0.5500
v -1.1540 2.1550 -0.5537
v -1.2463 2.1592 -0.4857
v -1.2317 2.2606 -0.4786
v -1.3181 2.2638 -0.3960
v -1.3855 2.2632 -0.3007
v -1.3032 2.2982 -0.3874
v -1.2236 2.2970 -0.4685
v -1.2272 2.2569 -0.4652
v -1.3048 2.2567 -0.3851
v -1.3712 2.2549 -0.2913
v -1.3688 2.2970 -0.2937
v -1.4223 2.2956 -0.1937
v -1.4399 2.2619 -0.1990
v -1.4232 2.2534 -0.1909
v -1.4682 2.2522 -0.0856
v -1.4653 2.2953 -0.0893
v -1.5059 2.2967 0.0203
v -1.5246 2.2625 0.0180
v -1.5098 2.2530 0.0248
v -1.5428 2.2570 0.1418
v -1.5394 2.3004 0.1366
v -0.5308 2.2568 -0.7967
v 0.6832 2.0023 -0.7481
v 0.8059 2.0007 -0.7052
v 1.1723 2.2460 -0.5095
v -0.2232 2.3022 -0.7803
v -0.2236 2.2624 -0.7780
v -0.3227 2.2609 -0.7898
v -0.3198 2.1910 1.5959
v -0.3666 2.1938 1.5824
v -1.2248 2.3045 1.1707
v -1.2300 2.2646 1.1730
v -1.3138 2.2714 1.0977
v -1.3070 2.3111 1.0934
v -1.3809 2.3155 1.0043
v -1.3883 2.2744 1.0064
v -1.4453 2.2761 0.9035
v -1.4386 2.3180 0.9009
v -1.4886 2.2766 0.7860
v -0.5181 2.0928 1.6804
v -0.5368 2.0773 1.6700
v -0.5172 2.0770 1.6805
v -0.5112 2.0925 1.6792
v -0.5102 2.0767 1.6793
v -0.4131 2.0887 1.6606
v -0.4121 2.0729 1.6607
v -0.3098 2.0851 1.6391
v -0.3089 2.0693 1.6392
v -0.2987 2.0847 1.6367
v -0.2978 2.0689 1.6368
v -0.3172 2.0689 1.6265
v -0.3080 2.0547 1.6392
v -0.2969 2.0543 1.6369
v -0.3163 2.0542 1.6264
v -0.3273 2.0545 1.6288
v -0.4113 2.0583 1.6606
v -0.4308 2.0583 1.6503
v -0.5094 2.0621 1.6792
v -0.5289 2.0623 1.6687
v -0.5164 2.0624 1.6805
v -0.5358 2.0625 1.6699
v -0.5298 2.0771 1.6688
v -0.3283 2.0693 1.6289
v -0.3183 2.0845 1.6264
v -0.3293 2.0849 1.6288
v -0.4317 2.0731 1.6504
v -0.3293 2.0849 1.6288
v -0.4317 2.0731 1.6504
v -0.3283 2.0693 1.6289
v -0.4328 2.0888 1.6504
v -0.5298 2.0771 1.6688
v -0.5289 2.0623 1.6687
v -0.4308 2.0583 1.6503
v -0.5309 2.0927 1.6688
v -0.5368 2.0773 1.6700
v -0.5378 2.0930 1.6699
v -0.4784 1.9771 1.6675
v -0.4416 1.9555 1.6513
v -0.4399 1.9783 1.6537
v -0.4831 2.0453 1.6700
v -0.4421 2.0441 1.6551
v -0.4439 2.1155 1.6522
v -0.4288 1.9756 1.6250
v -0.4302 2.0405 1.6249
v -0.4319 2.1117 1.6221
v -0.4448 2.1804 1.6454
v -0.4335 2.1758 1.6170
v -0.4475 2.2024 1.6411
v -0.4374 2.1979 1.6153
v -0.4527 2.2097 1.6372
v -0.4826 2.2155 1.6473
v -0.4827 2.2082 1.6533
v -0.4835 2.1853 1.6591
v -0.5189 2.2122 1.6495
v -0.5133 2.2197 1.6440
v -0.5092 2.2107 1.6410
v -0.5324 2.2113 1.6277
v -0.5235 2.1879 1.6553
v -0.4848 2.1180 1.6671
v -0.5273 2.1184 1.6634
v -0.5254 2.0447 1.6662
v -0.4763 1.9527 1.6636
v -0.5123 1.9482 1.6597
v -0.4463 1.9473 1.6480
v -0.4759 1.9441 1.6582
v -0.4517 1.9542 1.6453
v -0.4315 1.9538 1.6250
v -0.4378 1.9462 1.6258
v -0.4444 1.9530 1.6269
v -0.4553 1.9762 1.6448
v -0.4791 1.9751 1.6530
v -0.4484 1.9748 1.6278
v -0.4768 1.9515 1.6540
v -0.5028 1.9476 1.6512
v -0.5037 1.9726 1.6507
v -0.5129 1.9704 1.6366
v -0.5124 1.9446 1.6359
v -0.5051 1.9438 1.6183
v -0.5179 1.9357 1.6363
v -0.5064 1.9394 1.6549
v -0.5258 1.9442 1.6376
v -0.5331 1.9698 1.6392
v -0.5157 1.9425 1.6122
v -0.5092 1.9347 1.6150
v -0.4797 1.9375 1.6037
v -0.4809 1.9450 1.5989
v -0.4834 1.9685 1.5965
v -0.4450 1.9495 1.6017
v -0.4493 1.9422 1.6061
v -0.4799 1.9461 1.6088
v -0.4541 1.9499 1.6106
v -0.4821 1.9701 1.6114
v -0.5059 1.9691 1.6202
v -0.4575 1.9724 1.6130
v -0.4444 1.9530 1.6269
v -0.4484 1.9748 1.6278
v -0.4378 1.9462 1.6258
v -0.4315 1.9538 1.6250
v -0.4288 1.9756 1.6250
v -0.4302 2.0405 1.6249
v -0.4461 2.0371 1.5983
v -0.4437 1.9715 1.5996
v -0.4884 2.0364 1.5950
v -0.4901 2.1089 1.5925
v -0.4478 2.1087 1.5957
v -0.4485 2.1738 1.5920
v -0.4319 2.1117 1.6221
v -0.4335 2.1758 1.6170
v -0.4509 2.1963 1.5923
v -0.4374 2.1979 1.6153
v -0.4556 2.2047 1.5960
v -0.4440 2.2056 1.6154
v -0.4601 2.1983 1.6010
v -0.4503 2.1989 1.6171
v -0.4533 2.1776 1.6200
v -0.4624 2.1766 1.6053
v -0.4871 2.1787 1.6037
v -0.4862 2.2019 1.5993
v -0.5115 2.2069 1.6086
v -0.5111 2.1819 1.6125
v -0.4861 2.2091 1.5937
v -0.4871 2.2006 1.5895
v -0.5160 2.2152 1.6047
v -0.5221 2.2067 1.6026
v -0.4884 2.1768 1.5890
v -0.5271 2.1816 1.6036
v -0.5312 2.1117 1.6081
v -0.5431 2.1154 1.6378
v -0.5384 2.1861 1.6314
v -0.5294 2.0382 1.6105
v -0.5413 2.0415 1.6405
v -0.5219 1.9675 1.6111
v -0.5182 1.9737 1.6635
v -0.5248 2.2192 1.6257
v -0.5182 2.1847 1.6287
v -0.5189 2.2102 1.6259
v -0.5090 2.1856 1.6427
v -0.4842 2.1836 1.6448
v -0.4831 2.2073 1.6438
v -0.4577 2.2025 1.6354
v -0.4602 2.1803 1.6367
v -0.4503 2.1989 1.6171
v -0.4533 2.1776 1.6200
v -0.4440 2.2056 1.6154
v -0.4405 1.9046 1.6404
v -0.4672 1.9083 1.6433
v -0.4617 1.8896 1.6375
v -0.4375 1.8824 1.6344
v -0.4044 1.8984 1.6351
v -0.4029 1.8771 1.6296
v -0.3633 1.8927 1.6286
v -0.3625 1.8737 1.6236
v -0.3214 1.8898 1.6220
v -0.3646 1.9108 1.6258
v -0.3223 1.9067 1.6189
v -0.4064 1.9190 1.6326
v -0.4463 1.9352 1.6405
v -0.4738 1.9352 1.6461
v -0.4838 1.9100 1.6414
v -0.4928 1.9332 1.6442
v -0.4783 1.9670 1.6476
v -0.4984 1.9650 1.6460
v -0.5018 2.0017 1.6469
v -0.5057 1.9631 1.6355
v -0.5092 2.0005 1.6365
v -0.4816 2.0020 1.6481
v -0.4619 2.0016 1.6417
v -0.4842 2.0400 1.6480
v -0.4649 2.0390 1.6416
v -0.4667 2.0783 1.6407
v -0.4591 2.0376 1.6293
v -0.4562 2.0001 1.6291
v -0.4532 1.9667 1.6284
v -0.4590 1.9678 1.6413
v -0.4403 1.9405 1.6260
v -0.4079 1.9243 1.6207
v -0.3658 1.9156 1.6141
v -0.3234 1.9110 1.6073
v -0.2802 1.9056 1.6122
v -0.2810 1.9099 1.6006
v -0.2793 1.8889 1.6155
v -0.3211 1.8718 1.6172
v -0.2790 1.8710 1.6107
v -0.3215 1.8645 1.6051
v -0.2796 1.8638 1.5986
v -0.3226 1.8687 1.5937
v -0.2813 1.8848 1.5839
v -0.2806 1.8681 1.5870
v -0.3235 1.8858 1.5906
v -0.2816 1.9026 1.5885
v -0.3239 1.9037 1.5953
v -0.3661 1.9078 1.6019
v -0.3654 1.8889 1.5970
v -0.4066 1.8946 1.6033
v -0.4044 1.8742 1.6062
v -0.3640 1.8707 1.6001
v -0.4030 1.8688 1.6175
v -0.3630 1.8660 1.6115
v -0.4371 1.8738 1.6226
v -0.4605 1.8822 1.6263
v -0.4391 1.8796 1.6117
v -0.4632 1.8870 1.6162
v -0.4427 1.9006 1.6088
v -0.4692 1.9048 1.6136
v -0.4483 1.9317 1.6127
v -0.4081 1.9159 1.6081
v -0.4403 1.9405 1.6260
v -0.4079 1.9243 1.6207
v -0.3658 1.9156 1.6141
v -0.3234 1.9110 1.6073
v -0.2810 1.9099 1.6006
v -0.4606 1.9648 1.6172
v -0.4532 1.9667 1.6284
v -0.4806 1.9631 1.6163
v -0.4838 1.9985 1.6175
v -0.5000 1.9621 1.6232
v -0.5033 1.9990 1.6243
v -0.4636 1.9988 1.6183
v -0.4664 2.0362 1.6187
v -0.4562 2.0001 1.6291
v -0.4591 2.0376 1.6293
v -0.4864 2.0363 1.6177
v -0.4683 2.0755 1.6179
v -0.4879 2.0756 1.6169
v -0.5058 2.0373 1.6244
v -0.5071 2.0765 1.6234
v -0.4883 2.1147 1.6149
v -0.5076 2.1153 1.6215
v -0.5072 2.1533 1.6186
v -0.5134 2.1169 1.6337
v -0.5130 2.1549 1.6308
v -0.5061 2.1180 1.6440
v -0.5056 2.1560 1.6411
v -0.4861 2.1182 1.6450
v -0.4853 2.1557 1.6422
v -0.4667 2.1174 1.6386
v -0.4657 2.1545 1.6357
v -0.4643 2.1878 1.6327
v -0.4611 2.1158 1.6263
v -0.4599 2.1529 1.6232
v -0.4584 2.1858 1.6199
v -0.4468 2.2111 1.6151
v -0.4838 2.1904 1.6389
v -0.4809 2.2215 1.6347
v -0.4533 2.2200 1.6289
v -0.4759 2.2473 1.6297
v -0.4490 2.2502 1.6259
v -0.4718 2.2643 1.6221
v -0.4470 2.2707 1.6180
v -0.4129 2.2550 1.6196
v -0.4123 2.2748 1.6120
v -0.3719 2.2590 1.6119
v -0.3720 2.2768 1.6049
v -0.3300 2.2609 1.6042
v -0.3304 2.2776 1.5975
v -0.2878 2.2608 1.5966
v -0.2883 2.2773 1.5900
v -0.2463 2.2765 1.5824
v -0.3313 2.2818 1.5850
v -0.3727 2.2815 1.5923
v -0.4128 2.2802 1.5993
v -0.4471 2.2764 1.6055
v -0.4710 2.2689 1.6106
v -0.4847 2.2567 1.6224
v -0.4931 2.2452 1.6282
v -0.5000 2.2231 1.6329
v -0.5039 2.1921 1.6374
v -0.5114 2.1915 1.6270
v -0.5055 2.1895 1.6148
v -0.5016 2.2204 1.6108
v -0.4859 2.1868 1.6080
v -0.4830 2.2177 1.6039
v -0.4659 2.1850 1.6088
v -0.4551 2.2168 1.6016
v -0.4673 2.1517 1.6126
v -0.4468 2.2111 1.6151
v -0.4584 2.1858 1.6199
v -0.4599 2.1529 1.6232
v -0.4611 2.1158 1.6263
v -0.4683 2.1146 1.6158
v -0.4874 2.1521 1.6119
v -0.4610 2.0767 1.6284
v -0.4157 2.2310 1.5952
v -0.4151 2.2257 1.6081
v -0.4150 2.2510 1.5883
v -0.3739 2.2376 1.5874
v -0.4510 2.2463 1.5949
v -0.4780 2.2438 1.6004
v -0.4732 2.2617 1.6013
v -0.4858 2.2549 1.6072
v -0.4486 2.2680 1.5956
v -0.4139 2.2719 1.5891
v -0.3740 2.2552 1.5809
v -0.3735 2.2740 1.5819
v -0.3320 2.2569 1.5733
v -0.3318 2.2403 1.5798
v -0.3731 2.2330 1.6001
v -0.3309 2.2360 1.5923
v -0.2884 2.2362 1.5846
v -0.2893 2.2403 1.5720
v -0.2899 2.2569 1.5655
v -0.3319 2.2746 1.5743
v -0.2898 2.2744 1.5667
v -0.2477 2.2735 1.5589
v -0.2477 2.2557 1.5576
v -0.2065 2.2717 1.5512
v -0.2471 2.2808 1.5697
v -0.2059 2.2794 1.5621
v -0.2050 2.2749 1.5750
v -0.2457 2.2596 1.5891
v -0.2040 2.2572 1.5819
v -0.2454 2.2421 1.5879
v -0.2035 2.2383 1.5808
v -0.1633 2.2520 1.5754
v -0.1621 2.2311 1.5746
v -0.1277 2.2466 1.5700
v -0.1228 2.2164 1.5716
v -0.1111 2.1840 1.5720
v -0.0955 2.2173 1.5689
v -0.1012 2.2432 1.5652
v -0.1308 2.2672 1.5625
v -0.1065 2.2603 1.5588
v -0.0939 2.2524 1.5549
v -0.0851 2.2409 1.5584
v -0.0803 2.2389 1.5465
v -0.0774 2.2187 1.5612
v -0.0720 2.2176 1.5483
v -0.0668 2.1867 1.5516
v -0.0788 2.2154 1.5374
v -0.0865 2.2378 1.5361
v -0.1032 2.2391 1.5341
v -0.0949 2.2501 1.5387
v -0.0974 2.2130 1.5360
v -0.0936 2.1820 1.5394
v -0.0740 2.1845 1.5405
v -0.0711 2.1483 1.5441
v -0.0639 2.1499 1.5553
v -0.0619 2.1122 1.5584
v -0.0695 2.1514 1.5683
v -0.0725 2.1878 1.5647
v -0.0865 2.1142 1.5785
v -0.0676 2.1137 1.5714
v -0.0851 2.0753 1.5811
v -0.0664 2.0750 1.5740
v -0.0660 2.0361 1.5762
v -0.0603 2.0345 1.5631
v -0.0608 2.0733 1.5611
v -0.0678 2.0717 1.5500
v -0.0690 2.1105 1.5474
v -0.0884 2.1099 1.5463
v -0.0870 2.0710 1.5489
v -0.0674 2.0329 1.5520
v -0.0868 2.0322 1.5508
v -0.1058 2.0714 1.5559
v -0.1058 2.0324 1.5579
v -0.0875 1.9945 1.5520
v -0.1066 1.9952 1.5591
v -0.1079 1.9615 1.5594
v -0.0887 1.9595 1.5525
v -0.1184 1.9288 1.5593
v -0.0915 1.9281 1.5532
v -0.0965 1.9016 1.5546
v -0.0804 1.9041 1.5569
v -0.0729 1.9268 1.5551
v -0.0887 1.8921 1.5609
v -0.1224 1.8980 1.5577
v -0.1575 1.8924 1.5634
v -0.1567 1.9137 1.5675
v -0.1977 1.9064 1.5745
v -0.1558 1.9222 1.5802
v -0.1249 1.9378 1.5752
v -0.1136 1.9638 1.5733
v -0.1124 1.9967 1.5725
v -0.1114 2.0340 1.5711
v -0.1114 2.0730 1.5691
v -0.1131 2.1119 1.5667
v -0.1074 2.1104 1.5534
v -0.0907 2.1473 1.5431
v -0.1099 2.1475 1.5502
v -0.1126 2.1807 1.5467
v -0.1245 2.2125 1.5427
v -0.1636 2.2277 1.5495
v -0.1297 2.2424 1.5372
v -0.1307 2.2074 1.5594
v -0.1183 2.1817 1.5606
v -0.1624 2.2227 1.5630
v -0.1653 2.2476 1.5428
v -0.2060 2.2529 1.5499
v -0.1665 2.2688 1.5442
v -0.1322 2.2639 1.5389
v -0.1663 2.2771 1.5551
v -0.1325 2.2727 1.5497
v -0.1651 2.2718 1.5681
v -0.1088 2.2648 1.5470
v -0.1078 2.2574 1.5366
v -0.0923 2.2534 1.5462
v -0.2050 2.2352 1.5566
v -0.2040 2.2307 1.5696
v -0.2461 2.2349 1.5769
v -0.2470 2.2391 1.5642
v -0.1157 2.1488 1.5636
v -0.2891 2.2816 1.5773
v -0.2461 2.2349 1.5769
v -0.2040 2.2307 1.5696
v -0.1624 2.2227 1.5630
v -0.1307 2.2074 1.5594
v -0.1183 2.1817 1.5606
v -0.1084 2.1507 1.5749
v -0.1157 2.1488 1.5636
v -0.1059 2.1136 1.5776
v -0.0888 2.1515 1.5755
v -0.0916 2.1863 1.5724
v -0.1043 2.0747 1.5801
v -0.1131 2.1119 1.5667
v -0.0848 2.0365 1.5831
v -0.0663 1.9981 1.5775
v -0.0606 1.9965 1.5646
v -0.0621 1.9596 1.5655
v -0.0692 1.9584 1.5542
v -0.0678 1.9949 1.5533
v -0.0677 1.9618 1.5785
v -0.0716 1.9302 1.5791
v -0.0868 1.9639 1.5858
v -0.0896 1.9325 1.5864
v -0.0791 1.9069 1.5793
v -0.0744 1.9062 1.5674
v -0.0661 1.9280 1.5662
v -0.0877 1.8944 1.5774
v -0.0946 1.9059 1.5862
v -0.0995 1.8870 1.5820
v -0.1204 1.9025 1.5909
v -0.1228 1.8804 1.5863
v -0.1018 1.8797 1.5710
v -0.0864 1.8910 1.5689
v -0.1008 1.8840 1.5596
v -0.1241 1.8772 1.5623
v -0.1579 1.8724 1.5674
v -0.1976 1.8693 1.5737
v -0.1979 1.8873 1.5701
v -0.2393 1.8850 1.5770
v -0.2394 1.9030 1.5815
v -0.2816 1.9026 1.5885
v -0.2388 1.9105 1.5938
v -0.1970 1.9141 1.5870
v -0.2810 1.9099 1.6006
v -0.2813 1.8848 1.5839
v -0.2386 1.8680 1.5804
v -0.2806 1.8681 1.5870
v -0.2378 1.8638 1.5920
v -0.2796 1.8638 1.5986
v -0.2372 1.8712 1.6042
v -0.2790 1.8710 1.6107
v -0.2793 1.8889 1.6155
v -0.2373 1.8891 1.6089
v -0.2802 1.9056 1.6122
v -0.2379 1.9060 1.6056
v -0.1959 1.8914 1.6025
v -0.1961 1.9096 1.5991
v -0.1556 1.8969 1.5965
v -0.1552 1.9171 1.5929
v -0.1167 1.9327 1.5886
v -0.1064 1.9650 1.5850
v -0.1249 1.9378 1.5752
v -0.1970 1.9141 1.5870
v -0.2388 1.9105 1.5938
v -0.2810 1.9099 1.6006
v -0.1558 1.9222 1.5802
v -0.1136 1.9638 1.5733
v -0.1052 1.9985 1.5838
v -0.1124 1.9967 1.5725
v -0.1043 2.0356 1.5822
v -0.0855 1.9989 1.5846
v -0.1114 2.0340 1.5711
v -0.1114 2.0730 1.5691
v -0.1564 1.8755 1.5917
v -0.1960 1.8724 1.5978
v -0.1241 1.8717 1.5743
v -0.1573 1.8671 1.5794
v -0.1968 1.8647 1.5856
v -0.2878 2.2432 1.5955
v -0.2884 2.2362 1.5846
v -0.3309 2.2360 1.5923
v -0.3301 2.2432 1.6031
v -0.3723 2.2405 1.6109
v -0.3731 2.2330 1.6001
v -0.4151 2.2257 1.6081
v -0.4140 2.2340 1.6192
v -0.5071 2.2226 1.6227
v -0.4993 2.2436 1.6187
v -0.4945 2.2428 1.6074
v -0.4875 2.2579 1.6148
v -0.5127 2.0779 1.6357
v -0.5041 2.0400 1.6470
v -0.5055 2.0791 1.6460
v -0.4858 2.0792 1.6470
v -0.5115 2.0388 1.6366
v -0.4760 1.9316 1.6148
v -0.4854 1.9075 1.6202
v -0.4944 1.9307 1.6217
v -0.4997 1.9314 1.6338
v -0.4901 1.9094 1.6316
v -0.4758 1.8951 1.6212
v -0.4770 1.8939 1.6291
v -0.4747 1.8971 1.6367
v -0.4610 2.0767 1.6284
v 0.4791 1.8570 1.4911
v 0.6224 1.8675 1.4798
v 0.4716 1.9596 1.4917
v 0.6149 1.9701 1.4803
v 0.4709 1.9080 1.4918
v 0.5473 1.8575 1.4857
v 0.6261 1.9193 1.4795
v 0.5392 1.9690 1.4863
v 0.4780 1.8570 1.4780
v 0.4745 1.8770 1.4915
v 0.5944 1.8623 1.4820
v 0.6213 1.9502 1.4798
v 0.4949 1.9644 1.4899
v 0.4700 1.9391 1.4918
v 0.5028 1.8556 1.4892
v 0.6258 1.8881 1.4795
v 0.5865 1.9711 1.4826
v 0.5422 1.9530 1.4861
v 0.5479 1.8738 1.4857
v 0.4891 1.9093 1.4903
v 0.6100 1.9182 1.4807
v 0.5967 1.8846 1.4818
v 0.5003 1.8776 1.4894
v 0.4956 1.9423 1.4898
v 0.5919 1.9494 1.4822
v 0.6213 1.8675 1.4666
v 0.4706 1.9596 1.4786
v 0.6139 1.9701 1.4672
v 0.4698 1.9080 1.4786
v 0.5463 1.8575 1.4726
v 0.6251 1.9193 1.4663
v 0.5382 1.9690 1.4732
v 0.4734 1.8770 1.4783
v 0.5934 1.8623 1.4688
v 0.6215 1.9503 1.4666
v 0.4938 1.9644 1.4767
v 0.4689 1.9391 1.4787
v 0.5017 1.8556 1.4761
v 0.6260 1.8882 1.4663
v 0.5855 1.9711 1.4695
v 0.5900 1.6488 1.5045
v 0.5852 1.7142 1.4994
v 0.5432 1.6454 1.5048
v 0.5385 1.7108 1.4996
v 0.5668 1.6450 1.5048
v 0.5898 1.6799 1.5021
v 0.5616 1.7159 1.4992
v 0.5389 1.6762 1.5024
v 0.5900 1.6483 1.4985
v 0.5809 1.6467 1.5047
v 0.5876 1.7014 1.5004
v 0.5475 1.7136 1.4994
v 0.5410 1.6560 1.5040
v 0.5526 1.6446 1.5049
v 0.5907 1.6596 1.5037
v 0.5758 1.7157 1.4992
v 0.5380 1.6978 1.5006
v 0.5462 1.6776 1.5022
v 0.5823 1.6802 1.5020
v 0.5662 1.6534 1.5042
v 0.5621 1.7085 1.4998
v 0.5774 1.7024 1.5003
v 0.5806 1.6585 1.5038
v 0.5511 1.6563 1.5039
v 0.5479 1.7003 1.5004
v 0.5852 1.7137 1.4934
v 0.5432 1.6449 1.4988
v 0.5385 1.7103 1.4936
v 0.5668 1.6446 1.4988
v 0.5898 1.6795 1.4961
v 0.5616 1.7154 1.4932
v 0.5389 1.6758 1.4964
v 0.5809 1.6462 1.4987
v 0.5876 1.7009 1.4944
v 0.5475 1.7137 1.4934
v 0.5410 1.6555 1.4980
v 0.5526 1.6442 1.4989
v 0.5907 1.6591 1.4977
v 0.5758 1.7158 1.4932
v 0.5380 1.6973 1.4947
v 0.5017 1.7089 1.5224
v 0.5017 1.8030 1.5224
v 0.5178 1.7089 1.4392
v 0.5178 1.8030 1.4392
v 0.5942 1.7089 1.5402
v 0.5942 1.8030 1.5402
v 0.6102 1.7089 1.4571
v 0.6102 1.8030 1.4571
v 0.4949 1.6937 1.4779
v 0.5004 1.7559 1.5243
v 0.5134 1.8182 1.4815
v 0.5173 1.7559 1.4370
v 0.5644 1.7079 1.4461
v 0.5644 1.8039 1.4461
v 0.6116 1.7559 1.4552
v 0.6171 1.6937 1.5016
v 0.5986 1.8182 1.4980
v 0.5947 1.7559 1.5425
v 0.5476 1.7079 1.5334
v 0.5476 1.8039 1.5334
v 0.5560 1.8172 1.4897
v 0.5560 1.6920 1.4897
v 0.5464 1.7559 1.5396
v 0.6268 1.7559 1.5034
v 0.5656 1.7559 1.4399
v 0.4852 1.7559 1.4760
v 0.5390 1.8859 1.4866
v 0.5275 1.9050 1.4845
v 0.5046 1.8861 1.4803
v 0.5279 1.8710 1.4845
v 0.5295 1.8448 1.4846
v 0.5029 1.8539 1.4795
v 0.5575 1.8833 1.4899
v 0.5652 1.9041 1.4914
v 0.5675 1.8693 1.4917
v 0.5815 1.8836 1.4942
v 0.5749 1.8512 1.4931
v 0.5889 1.8655 1.4956
v 0.5818 1.8360 1.4944
v 0.5958 1.8503 1.4970
v 0.5818 1.8026 1.4944
v 0.5958 1.8170 1.4970
v 0.5350 1.4274 1.5024
v 0.5909 1.4274 1.5023
v 0.5319 1.4945 1.5032
v 0.5940 1.4945 1.5032
v 0.5311 1.4543 1.5031
v 0.5630 1.4224 1.5030
v 0.5948 1.4543 1.5031
v 0.5630 1.4946 1.5034
v 0.5326 1.4370 1.5030
v 0.5804 1.4242 1.5030
v 0.5940 1.4740 1.5032
v 0.5437 1.4981 1.5037
v 0.5319 1.4740 1.5032
v 0.5455 1.4242 1.5030
v 0.5933 1.4370 1.5030
v 0.5822 1.4981 1.5037
v 0.5630 1.4807 1.5034
v 0.5630 1.4303 1.5033
v 0.5391 1.4544 1.5033
v 0.5868 1.4544 1.5033
v 0.5820 1.4351 1.5035
v 0.5439 1.4351 1.5035
v 0.5437 1.4762 1.5037
v 0.5822 1.4762 1.5037
v 0.5311 1.5156 1.5031
v 0.5948 1.5156 1.5031
v 0.5391 1.5183 1.5033
v 0.5868 1.5183 1.5033
v 0.5326 1.5369 1.5030
v 0.5933 1.5369 1.5030
v 0.5630 1.5454 1.5033
v 0.5439 1.5395 1.5035
v 0.5820 1.5395 1.5035
v 0.5350 1.5503 1.5024
v 0.5909 1.5503 1.5023
v 0.5630 1.5563 1.5031
v 0.5455 1.5541 1.5030
v 0.5804 1.5541 1.5030
v 0.5822 1.4981 1.4960
v 0.5630 1.4946 1.4963
v 0.5630 1.4303 1.4964
v 0.5437 1.4981 1.4960
v 0.5630 1.4807 1.4963
v 0.5391 1.4544 1.4964
v 0.5439 1.4351 1.4961
v 0.5437 1.4762 1.4960
v 0.5822 1.4762 1.4960
v 0.5868 1.5183 1.4964
v 0.5391 1.5183 1.4964
v 0.5820 1.5395 1.4961
v 0.5630 1.5454 1.4964
v 0.5439 1.5395 1.4961
v 0.5350 1.4274 1.4973
v 0.5909 1.4274 1.4973
v 0.5319 1.4945 1.4964
v 0.5940 1.4945 1.4965
v 0.5311 1.4543 1.4966
v 0.5630 1.4224 1.4966
v 0.5948 1.4543 1.4966
v 0.5326 1.4370 1.4967
v 0.5940 1.4740 1.4964
v 0.5319 1.4740 1.4964
v 0.5455 1.4242 1.4967
v 0.5933 1.4370 1.4967
v 0.5311 1.5156 1.4966
v 0.5948 1.5156 1.4966
v 0.5326 1.5369 1.4967
v 0.5350 1.5503 1.4973
v 0.5909 1.5503 1.4973
v 0.5630 1.5563 1.4966
v 0.5455 1.5541 1.4967
v 0.5804 1.5541 1.4967
v 0.5804 1.4242 1.4967
v 0.5868 1.4544 1.4964
v 0.5820 1.4351 1.4961
v 0.5933 1.5369 1.4967
v 0.5615 1.5389 1.4720
v 0.5616 1.5389 1.5279
v 0.5607 1.6060 1.4689
v 0.5607 1.6060 1.5310
v 0.5608 1.5658 1.4681
v 0.5608 1.5339 1.5000
v 0.5608 1.5658 1.5318
v 0.5605 1.6061 1.5000
v 0.5609 1.5485 1.4697
v 0.5609 1.5357 1.5174
v 0.5607 1.5855 1.5310
v 0.5602 1.6096 1.4807
v 0.5607 1.5855 1.4689
v 0.5609 1.5357 1.4825
v 0.5609 1.5485 1.5303
v 0.5602 1.6096 1.5192
v 0.5605 1.5922 1.5000
v 0.5606 1.5417 1.5000
v 0.5606 1.5659 1.4761
v 0.5606 1.5659 1.5238
v 0.5604 1.5466 1.5190
v 0.5604 1.5466 1.4809
v 0.5602 1.5877 1.4807
v 0.5602 1.5877 1.5192
v 0.5608 1.6271 1.4681
v 0.5608 1.6271 1.5318
v 0.5606 1.6298 1.4761
v 0.5606 1.6298 1.5238
v 0.5609 1.6484 1.4697
v 0.5609 1.6484 1.5303
v 0.5606 1.6569 1.5000
v 0.5604 1.6510 1.4809
v 0.5604 1.6510 1.5190
v 0.5615 1.6618 1.4720
v 0.5615 1.6618 1.5279
v 0.5608 1.6677 1.5000
v 0.5609 1.6656 1.4825
v 0.5609 1.6656 1.5174
v 0.5679 1.6096 1.5192
v 0.5676 1.6061 1.5000
v 0.5675 1.5417 1.5000
v 0.5679 1.6096 1.4807
v 0.5676 1.5922 1.5000
v 0.5675 1.5659 1.4761
v 0.5677 1.5466 1.4809
v 0.5679 1.5877 1.4807
v 0.5679 1.5877 1.5192
v 0.5675 1.6298 1.5238
v 0.5675 1.6298 1.4761
v 0.5677 1.6510 1.5190
v 0.5675 1.6569 1.5000
v 0.5677 1.6510 1.4809
v 0.5666 1.5389 1.4720
v 0.5666 1.5389 1.5279
v 0.5674 1.6060 1.4689
v 0.5674 1.6060 1.5310
v 0.5673 1.5658 1.4681
v 0.5673 1.5339 1.5000
v 0.5673 1.5658 1.5318
v 0.5672 1.5485 1.4697
v 0.5674 1.5855 1.5310
v 0.5674 1.5855 1.4689
v 0.5672 1.5357 1.4825
v 0.5672 1.5485 1.5303
v 0.5673 1.6271 1.4681
v 0.5673 1.6271 1.5318
v 0.5672 1.6484 1.4697
v 0.5666 1.6618 1.4720
v 0.5666 1.6618 1.5279
v 0.5673 1.6677 1.5000
v 0.5672 1.6656 1.4825
v 0.5672 1.6656 1.5174
v 0.5672 1.5357 1.5174
v 0.5675 1.5659 1.5238
v 0.5677 1.5466 1.5190
v 0.5672 1.6484 1.5303
v 0.5615 1.3166 1.4720
v 0.5616 1.3166 1.5279
v 0.5607 1.3836 1.4689
v 0.5607 1.3836 1.5310
v 0.5608 1.3435 1.4681
v 0.5608 1.3115 1.5000
v 0.5608 1.3435 1.5318
v 0.5605 1.3837 1.5000
v 0.5609 1.3262 1.4697
v 0.5609 1.3133 1.5174
v 0.5607 1.3631 1.5310
v 0.5602 1.3873 1.4807
v 0.5607 1.3631 1.4689
v 0.5609 1.3133 1.4825
v 0.5609 1.3262 1.5303
v 0.5602 1.3873 1.5192
v 0.5605 1.3699 1.5000
v 0.5606 1.3194 1.5000
v 0.5606 1.3435 1.4761
v 0.5606 1.3435 1.5238
v 0.5604 1.3243 1.5190
v 0.5604 1.3243 1.4809
v 0.5602 1.3654 1.4807
v 0.5602 1.3654 1.5192
v 0.5608 1.4048 1.4681
v 0.5608 1.4048 1.5318
v 0.5606 1.4075 1.4761
v 0.5606 1.4075 1.5238
v 0.5609 1.4261 1.4697
v 0.5609 1.4261 1.5303
v 0.5606 1.4345 1.5000
v 0.5604 1.4286 1.4809
v 0.5604 1.4286 1.5190
v 0.5615 1.4395 1.4720
v 0.5615 1.4395 1.5279
v 0.5608 1.4454 1.5000
v 0.5609 1.4432 1.4825
v 0.5609 1.4432 1.5174
v 0.5679 1.3873 1.5192
v 0.5676 1.3837 1.5000
v 0.5675 1.3194 1.5000
v 0.5679 1.3873 1.4807
v 0.5676 1.3699 1.5000
v 0.5675 1.3435 1.4761
v 0.5677 1.3243 1.4809
v 0.5679 1.3654 1.4807
v 0.5679 1.3654 1.5192
v 0.5675 1.4075 1.5238
v 0.5675 1.4075 1.4761
v 0.5677 1.4286 1.5190
v 0.5675 1.4345 1.5000
v 0.5677 1.4286 1.4809
v 0.5666 1.3166 1.4720
v 0.5666 1.3166 1.5279
v 0.5674 1.3836 1.4689
v 0.5674 1.3836 1.5310
v 0.5673 1.3435 1.4681
v 0.5673 1.3115 1.5000
v 0.5673 1.3435 1.5318
v 0.5672 1.3262 1.4697
v 0.5674 1.3631 1.5310
v 0.5674 1.3631 1.4689
v 0.5672 1.3133 1.4825
v 0.5672 1.3262 1.5303
v 0.5673 1.4048 1.4681
v 0.5673 1.4048 1.5318
v 0.5672 1.4261 1.4697
v 0.5666 1.4395 1.4720
v 0.5666 1.4395 1.5279
v 0.5673 1.4454 1.5000
v 0.5672 1.4432 1.4825
v 0.5672 1.4432 1.5174
v 0.5672 1.3133 1.5174
v 0.5675 1.3435 1.5238
v 0.5677 1.3243 1.5190
v 0.5672 1.4261 1.5303
v 0.5350 1.2051 1.5024
v 0.5909 1.2051 1.5023
v 0.5319 1.2721 1.5032
v 0.5940 1.2721 1.5032
v 0.5311 1.2320 1.5031
v 0.5630 1.2001 1.5030
v 0.5948 1.2320 1.5031
v 0.5630 1.2722 1.5034
v 0.5326 1.2147 1.5030
v 0.5804 1.2019 1.5030
v 0.5940 1.2516 1.5032
v 0.5437 1.2758 1.5037
v 0.5319 1.2516 1.5032
v 0.5455 1.2019 1.5030
v 0.5933 1.2147 1.5030
v 0.5822 1.2758 1.5037
v 0.5630 1.2584 1.5034
v 0.5630 1.2079 1.5033
v 0.5391 1.2320 1.5033
v 0.5868 1.2320 1.5033
v 0.5820 1.2128 1.5035
v 0.5439 1.2128 1.5035
v 0.5437 1.2539 1.5037
v 0.5822 1.2539 1.5037
v 0.5311 1.2933 1.5031
v 0.5948 1.2933 1.5031
v 0.5391 1.2960 1.5033
v 0.5868 1.2960 1.5033
v 0.5326 1.3146 1.5030
v 0.5933 1.3146 1.5030
v 0.5630 1.3230 1.5033
v 0.5439 1.3171 1.5035
v 0.5820 1.3171 1.5035
v 0.5350 1.3280 1.5024
v 0.5909 1.3280 1.5023
v 0.5630 1.3339 1.5031
v 0.5455 1.3317 1.5030
v 0.5804 1.3317 1.5030
v 0.5822 1.2758 1.4960
v 0.5630 1.2722 1.4963
v 0.5630 1.2079 1.4964
v 0.5437 1.2758 1.4960
v 0.5630 1.2584 1.4963
v 0.5391 1.2320 1.4964
v 0.5439 1.2128 1.4961
v 0.5437 1.2539 1.4960
v 0.5822 1.2539 1.4960
v 0.5868 1.2960 1.4964
v 0.5391 1.2960 1.4964
v 0.5820 1.3171 1.4961
v 0.5630 1.3230 1.4964
v 0.5439 1.3171 1.4961
v 0.5350 1.2051 1.4973
v 0.5909 1.2051 1.4973
v 0.5319 1.2721 1.4964
v 0.5940 1.2721 1.4965
v 0.5311 1.2320 1.4966
v 0.5630 1.2001 1.4966
v 0.5948 1.2320 1.4966
v 0.5326 1.2147 1.4967
v 0.5940 1.2516 1.4964
v 0.5319 1.2516 1.4964
v 0.5455 1.2019 1.4967
v 0.5933 1.2147 1.4967
v 0.5311 1.2933 1.4966
v 0.5948 1.2933 1.4966
v 0.5326 1.3146 1.4967
v 0.5350 1.3280 1.4973
v 0.5909 1.3280 1.4973
v 0.5630 1.3339 1.4966
v 0.5455 1.3317 1.4967
v 0.5804 1.3317 1.4967
v 0.5804 1.2019 1.4967
v 0.5868 1.2320 1.4964
v 0.5820 1.2128 1.4961
v 0.5933 1.3146 1.4967
v 0.5598 0.9871 1.5023
v 0.6153 0.9933 1.5023
v 0.5492 1.0534 1.5032
v 0.6110 1.0602 1.5032
v 0.5529 1.0134 1.5031
v 0.5881 0.9852 1.5030
v 0.6162 1.0204 1.5031
v 0.5801 1.0569 1.5034
v 0.5564 0.9963 1.5029
v 0.6053 0.9889 1.5030
v 0.6133 1.0399 1.5032
v 0.5606 1.0583 1.5037
v 0.5515 1.0330 1.5032
v 0.5705 0.9850 1.5029
v 0.6166 1.0031 1.5030
v 0.5988 1.0626 1.5037
v 0.5816 1.0431 1.5034
v 0.5872 0.9930 1.5033
v 0.5609 1.0143 1.5033
v 0.6082 1.0196 1.5033
v 0.6056 0.9999 1.5035
v 0.5678 0.9957 1.5035
v 0.5630 1.0365 1.5037
v 0.6013 1.0408 1.5037
v 0.5461 1.0743 1.5031
v 0.6094 1.0813 1.5031
v 0.5538 1.0778 1.5033
v 0.6012 1.0831 1.5033
v 0.5453 1.0956 1.5030
v 0.6055 1.1023 1.5030
v 0.5745 1.1074 1.5033
v 0.5562 1.0994 1.5035
v 0.5940 1.1036 1.5035
v 0.5462 1.1092 1.5024
v 0.6017 1.1154 1.5024
v 0.5733 1.1182 1.5031
v 0.5561 1.1141 1.5030
v 0.5909 1.1180 1.5030
v 0.5988 1.0626 1.4960
v 0.5801 1.0569 1.4963
v 0.5872 0.9930 1.4964
v 0.5606 1.0583 1.4960
v 0.5816 1.0431 1.4963
v 0.5609 1.0143 1.4963
v 0.5678 0.9957 1.4961
v 0.5630 1.0365 1.4960
v 0.6013 1.0408 1.4960
v 0.6012 1.0831 1.4964
v 0.5538 1.0778 1.4964
v 0.5941 1.1036 1.4962
v 0.5745 1.1074 1.4964
v 0.5562 1.0994 1.4961
v 0.5598 0.9871 1.4972
v 0.6153 0.9933 1.4973
v 0.5493 1.0534 1.4964
v 0.6110 1.0602 1.4965
v 0.5529 1.0134 1.4965
v 0.5881 0.9852 1.4966
v 0.6162 1.0204 1.4966
v 0.5564 0.9963 1.4966
v 0.6133 1.0399 1.4965
v 0.5515 1.0330 1.4964
v 0.5705 0.9850 1.4966
v 0.6166 1.0031 1.4967
v 0.5462 1.0743 1.4965
v 0.6094 1.0813 1.4966
v 0.5453 1.0956 1.4967
v 0.5462 1.1092 1.4973
v 0.6017 1.1154 1.4973
v 0.5733 1.1182 1.4966
v 0.5562 1.1141 1.4967
v 0.5909 1.1180 1.4967
v 0.6053 0.9889 1.4967
v 0.6082 1.0196 1.4964
v 0.6056 0.9999 1.4961
v 0.6055 1.1023 1.4967
v 0.5738 1.1008 1.4720
v 0.5738 1.1008 1.5279
v 0.5655 1.1674 1.4689
v 0.5655 1.1674 1.5310
v 0.5701 1.1275 1.4681
v 0.5737 1.0957 1.5000
v 0.5701 1.1274 1.5318
v 0.5654 1.1674 1.5000
v 0.5721 1.1103 1.4697
v 0.5735 1.0975 1.5174
v 0.5678 1.1470 1.5310
v 0.5647 1.1709 1.4807
v 0.5678 1.1470 1.4689
v 0.5735 1.0975 1.4825
v 0.5721 1.1103 1.5303
v 0.5646 1.1709 1.5192
v 0.5669 1.1537 1.5000
v 0.5726 1.1035 1.5000
v 0.5699 1.1275 1.4761
v 0.5699 1.1275 1.5238
v 0.5718 1.1083 1.5190
v 0.5718 1.1083 1.4809
v 0.5671 1.1492 1.4807
v 0.5671 1.1492 1.5192
v 0.5633 1.1884 1.4682
v 0.5633 1.1884 1.5318
v 0.5628 1.1910 1.4762
v 0.5628 1.1910 1.5238
v 0.5611 1.2096 1.4697
v 0.5610 1.2095 1.5303
v 0.5598 1.2179 1.5000
v 0.5602 1.2121 1.4810
v 0.5602 1.2120 1.5190
v 0.5602 1.2229 1.4720
v 0.5602 1.2229 1.5279
v 0.5588 1.2288 1.5000
v 0.5591 1.2266 1.4825
v 0.5591 1.2266 1.5175
v 0.5722 1.1718 1.5192
v 0.5723 1.1682 1.5000
v 0.5794 1.1043 1.5000
v 0.5723 1.1718 1.4808
v 0.5739 1.1544 1.5000
v 0.5768 1.1283 1.4762
v 0.5791 1.1091 1.4809
v 0.5747 1.1500 1.4807
v 0.5747 1.1500 1.5192
v 0.5697 1.1918 1.5238
v 0.5697 1.1918 1.4762
v 0.5675 1.2129 1.5190
v 0.5667 1.2187 1.5000
v 0.5676 1.2129 1.4810
v 0.5788 1.1014 1.4720
v 0.5788 1.1014 1.5279
v 0.5723 1.1681 1.4689
v 0.5722 1.1681 1.5310
v 0.5766 1.1282 1.4682
v 0.5801 1.0964 1.5000
v 0.5766 1.1282 1.5318
v 0.5784 1.1110 1.4697
v 0.5745 1.1477 1.5310
v 0.5745 1.1477 1.4689
v 0.5798 1.0982 1.4825
v 0.5784 1.1110 1.5303
v 0.5698 1.1891 1.4682
v 0.5698 1.1891 1.5318
v 0.5673 1.2103 1.4697
v 0.5652 1.2235 1.4720
v 0.5652 1.2235 1.5280
v 0.5653 1.2295 1.5000
v 0.5654 1.2273 1.4825
v 0.5654 1.2273 1.5175
v 0.5798 1.0982 1.5175
v 0.5767 1.1283 1.5238
v 0.5791 1.1091 1.5190
v 0.5673 1.2102 1.5303
v 0.7534 0.5755 1.5024
v 0.8006 0.6054 1.5023
v 0.7149 0.6306 1.5032
v 0.7675 0.6637 1.5032
v 0.7357 0.5962 1.5031
v 0.7797 0.5862 1.5030
v 0.7896 0.6302 1.5031
v 0.7412 0.6472 1.5034
v 0.7462 0.5824 1.5030
v 0.7935 0.5970 1.5030
v 0.7784 0.6464 1.5032
v 0.7230 0.6400 1.5037
v 0.7259 0.6132 1.5032
v 0.7639 0.5784 1.5030
v 0.7975 0.6147 1.5030
v 0.7555 0.6605 1.5037
v 0.7486 0.6355 1.5034
v 0.7755 0.5928 1.5033
v 0.7425 0.6005 1.5033
v 0.7828 0.6260 1.5033
v 0.7890 0.6071 1.5035
v 0.7568 0.5868 1.5035
v 0.7347 0.6214 1.5037
v 0.7672 0.6420 1.5037
v 0.7030 0.6480 1.5031
v 0.7568 0.6820 1.5031
v 0.7083 0.6546 1.5033
v 0.7486 0.6800 1.5033
v 0.6929 0.6669 1.5030
v 0.7442 0.6992 1.5030
v 0.7140 0.6902 1.5033
v 0.7011 0.6751 1.5035
v 0.7333 0.6954 1.5035
v 0.6878 0.6794 1.5024
v 0.7351 0.7093 1.5023
v 0.7082 0.6994 1.5031
v 0.6946 0.6882 1.5030
v 0.7242 0.7069 1.5030
v 0.7555 0.6605 1.4960
v 0.7412 0.6472 1.4963
v 0.7755 0.5928 1.4964
v 0.7230 0.6400 1.4960
v 0.7486 0.6355 1.4963
v 0.7425 0.6005 1.4964
v 0.7568 0.5868 1.4961
v 0.7347 0.6214 1.4960
v 0.7672 0.6420 1.4960
v 0.7486 0.6800 1.4964
v 0.7083 0.6546 1.4964
v 0.7333 0.6954 1.4961
v 0.7140 0.6902 1.4964
v 0.7011 0.6751 1.4961
v 0.7534 0.5755 1.4973
v 0.8006 0.6054 1.4973
v 0.7149 0.6306 1.4964
v 0.7675 0.6637 1.4965
v 0.7357 0.5962 1.4966
v 0.7797 0.5862 1.4966
v 0.7896 0.6302 1.4966
v 0.7462 0.5824 1.4967
v 0.7784 0.6464 1.4964
v 0.7259 0.6132 1.4964
v 0.7639 0.5784 1.4967
v 0.7975 0.6147 1.4967
v 0.7030 0.6480 1.4966
v 0.7568 0.6820 1.4966
v 0.6929 0.6669 1.4967
v 0.6878 0.6794 1.4973
v 0.7351 0.7093 1.4973
v 0.7082 0.6994 1.4966
v 0.6946 0.6882 1.4967
v 0.7242 0.7069 1.4967
v 0.7935 0.5970 1.4967
v 0.7828 0.6260 1.4964
v 0.7890 0.6071 1.4961
v 0.7442 0.6992 1.4967
v 0.7163 0.6840 1.4720
v 0.7163 0.6840 1.5279
v 0.6798 0.7402 1.4689
v 0.6798 0.7402 1.5310
v 0.7013 0.7063 1.4681
v 0.7184 0.6793 1.5000
v 0.7013 0.7063 1.5318
v 0.6796 0.7402 1.5000
v 0.7106 0.6918 1.4697
v 0.7175 0.6809 1.5174
v 0.6907 0.7229 1.5310
v 0.6774 0.7431 1.4807
v 0.6907 0.7229 1.4689
v 0.7175 0.6809 1.4825
v 0.7106 0.6918 1.5303
v 0.6774 0.7431 1.5192
v 0.6870 0.7285 1.5000
v 0.7140 0.6859 1.5000
v 0.7011 0.7063 1.4761
v 0.7011 0.7063 1.5238
v 0.7112 0.6898 1.5190
v 0.7112 0.6898 1.4809
v 0.6891 0.7245 1.4807
v 0.6891 0.7245 1.5192
v 0.6686 0.7581 1.4681
v 0.6686 0.7582 1.5318
v 0.6670 0.7603 1.4761
v 0.6670 0.7603 1.5238
v 0.6573 0.7762 1.4697
v 0.6573 0.7762 1.5303
v 0.6525 0.7832 1.5000
v 0.6555 0.7781 1.4809
v 0.6555 0.7781 1.5190
v 0.6507 0.7879 1.4720
v 0.6507 0.7879 1.5279
v 0.6469 0.7925 1.5000
v 0.6482 0.7907 1.4825
v 0.6482 0.7907 1.5174
v 0.6839 0.7471 1.5192
v 0.6855 0.7440 1.5000
v 0.7198 0.6895 1.5000
v 0.6839 0.7472 1.4807
v 0.6929 0.7322 1.5000
v 0.7070 0.7100 1.4761
v 0.7174 0.6938 1.4809
v 0.6956 0.7286 1.4807
v 0.6956 0.7286 1.5192
v 0.6728 0.7640 1.5238
v 0.6728 0.7640 1.4761
v 0.6617 0.7821 1.5190
v 0.6584 0.7869 1.5000
v 0.6617 0.7821 1.4809
v 0.7206 0.6867 1.4720
v 0.7206 0.6867 1.5279
v 0.6855 0.7438 1.4689
v 0.6855 0.7438 1.5310
v 0.7068 0.7098 1.4681
v 0.7239 0.6828 1.5000
v 0.7068 0.7098 1.5318
v 0.7160 0.6951 1.4697
v 0.6964 0.7265 1.5310
v 0.6964 0.7265 1.4689
v 0.7228 0.6843 1.4825
v 0.7160 0.6951 1.5303
v 0.6741 0.7616 1.4681
v 0.6741 0.7616 1.5318
v 0.6627 0.7796 1.4697
v 0.6550 0.7906 1.4720
v 0.6550 0.7906 1.5279
v 0.6524 0.7960 1.5000
v 0.6535 0.7941 1.4825
v 0.6535 0.7941 1.5174
v 0.7228 0.6843 1.5174
v 0.7070 0.7100 1.5238
v 0.7174 0.6938 1.5190
v 0.6627 0.7796 1.5303
v 0.6181 0.8858 1.4720
v 0.6181 0.8858 1.5279
v 0.5977 0.9497 1.4689
v 0.5977 0.9497 1.5310
v 0.6095 0.9113 1.4681
v 0.6189 0.8808 1.5000
v 0.6095 0.9113 1.5318
v 0.5975 0.9497 1.5000
v 0.6147 0.8948 1.4697
v 0.6184 0.8825 1.5174
v 0.6037 0.9301 1.5310
v 0.5962 0.9530 1.4807
v 0.6037 0.9301 1.4689
v 0.6184 0.8825 1.4825
v 0.6147 0.8948 1.5303
v 0.5962 0.9530 1.5192
v 0.6016 0.9365 1.5000
v 0.6164 0.8882 1.5000
v 0.6093 0.9113 1.4761
v 0.6093 0.9113 1.5238
v 0.6147 0.8928 1.5190
v 0.6147 0.8928 1.4809
v 0.6026 0.9321 1.4807
v 0.6026 0.9321 1.5192
v 0.5916 0.9699 1.4681
v 0.5916 0.9699 1.5318
v 0.5906 0.9724 1.4761
v 0.5906 0.9724 1.5238
v 0.5855 0.9903 1.4697
v 0.5855 0.9903 1.5303
v 0.5827 0.9983 1.5000
v 0.5842 0.9926 1.4809
v 0.5842 0.9926 1.5190
v 0.5822 1.0033 1.4720
v 0.5822 1.0033 1.5279
v 0.5798 1.0088 1.5000
v 0.5805 1.0067 1.4825
v 0.5805 1.0067 1.5174
v 0.6035 0.9553 1.5192
v 0.6042 0.9518 1.5000
v 0.6230 0.8902 1.5000
v 0.6035 0.9553 1.4807
v 0.6083 0.9385 1.5000
v 0.6159 0.9133 1.4761
v 0.6218 0.8950 1.4809
v 0.6099 0.9343 1.4807
v 0.6099 0.9343 1.5192
v 0.5973 0.9745 1.5238
v 0.5973 0.9745 1.4761
v 0.5913 0.9948 1.5190
v 0.5893 1.0003 1.5000
v 0.5913 0.9948 1.4809
v 0.6229 0.8873 1.4720
v 0.6229 0.8873 1.5279
v 0.6041 0.9517 1.4689
v 0.6041 0.9517 1.5310
v 0.6158 0.9132 1.4681
v 0.6251 0.8827 1.5000
v 0.6158 0.9132 1.5318
v 0.6207 0.8966 1.4697
v 0.6101 0.9320 1.5310
v 0.6101 0.9320 1.4689
v 0.6245 0.8844 1.4825
v 0.6207 0.8966 1.5303
v 0.5979 0.9718 1.4681
v 0.5979 0.9718 1.5318
v 0.5915 0.9922 1.4697
v 0.5870 1.0048 1.4720
v 0.5870 1.0048 1.5279
v 0.5860 1.0107 1.5000
v 0.5865 1.0086 1.4825
v 0.5865 1.0086 1.5174
v 0.6245 0.8844 1.5174
v 0.6159 0.9133 1.5238
v 0.6218 0.8949 1.5190
v 0.5915 0.9922 1.5303
v 0.6253 0.7714 1.5024
v 0.6787 0.7877 1.5023
v 0.6027 0.8346 1.5032
v 0.6621 0.8528 1.5032
v 0.6137 0.7960 1.5031
v 0.6535 0.7748 1.5030
v 0.6746 0.8146 1.5031
v 0.6324 0.8438 1.5034
v 0.6202 0.7799 1.5030
v 0.6697 0.7816 1.5030
v 0.6681 0.8332 1.5032
v 0.6129 0.8416 1.5037
v 0.6087 0.8150 1.5032
v 0.6362 0.7714 1.5030
v 0.6782 0.7976 1.5030
v 0.6497 0.8528 1.5037
v 0.6364 0.8305 1.5034
v 0.6512 0.7823 1.5033
v 0.6213 0.7984 1.5033
v 0.6669 0.8123 1.5033
v 0.6680 0.7925 1.5035
v 0.6316 0.7814 1.5035
v 0.6193 0.8206 1.5037
v 0.6561 0.8319 1.5037
v 0.5958 0.8546 1.5031
v 0.6567 0.8732 1.5031
v 0.6027 0.8595 1.5033
v 0.6482 0.8735 1.5033
v 0.5910 0.8754 1.5030
v 0.6490 0.8931 1.5030
v 0.6175 0.8924 1.5033
v 0.6011 0.8812 1.5035
v 0.6375 0.8923 1.5035
v 0.5894 0.8889 1.5024
v 0.6428 0.9053 1.5023
v 0.6144 0.9028 1.5031
v 0.5983 0.8956 1.5030
v 0.6317 0.9058 1.5030
v 0.6497 0.8528 1.4960
v 0.6324 0.8438 1.4963
v 0.6512 0.7823 1.4964
v 0.6130 0.8416 1.4960
v 0.6364 0.8305 1.4963
v 0.6213 0.7984 1.4964
v 0.6316 0.7814 1.4961
v 0.6193 0.8206 1.4960
v 0.6561 0.8319 1.4960
v 0.6482 0.8735 1.4964
v 0.6027 0.8595 1.4964
v 0.6375 0.8923 1.4961
v 0.6176 0.8924 1.4964
v 0.6011 0.8812 1.4961
v 0.6253 0.7714 1.4973
v 0.6787 0.7877 1.4973
v 0.6027 0.8346 1.4964
v 0.6621 0.8528 1.4965
v 0.6137 0.7960 1.4966
v 0.6535 0.7748 1.4966
v 0.6746 0.8146 1.4966
v 0.6202 0.7799 1.4967
v 0.6681 0.8332 1.4964
v 0.6087 0.8150 1.4964
v 0.6362 0.7714 1.4967
v 0.6782 0.7976 1.4967
v 0.5958 0.8546 1.4966
v 0.6567 0.8732 1.4966
v 0.5910 0.8754 1.4967
v 0.5894 0.8889 1.4973
v 0.6428 0.9053 1.4973
v 0.6144 0.9028 1.4966
v 0.5983 0.8956 1.4967
v 0.6317 0.9058 1.4967
v 0.6697 0.7816 1.4967
v 0.6669 0.8123 1.4964
v 0.6680 0.7925 1.4961
v 0.6490 0.8931 1.4967
v 0.8695 0.5301 1.4720
v 0.8695 0.5302 1.5279
v 0.8126 0.5657 1.4689
v 0.8126 0.5657 1.5310
v 0.8465 0.5441 1.4681
v 0.8734 0.5268 1.5000
v 0.8465 0.5441 1.5318
v 0.8125 0.5656 1.5000
v 0.8611 0.5348 1.4697
v 0.8719 0.5279 1.5174
v 0.8299 0.5546 1.5310
v 0.8093 0.5673 1.4807
v 0.8299 0.5546 1.4689
v 0.8719 0.5279 1.4825
v 0.8611 0.5348 1.5303
v 0.8093 0.5673 1.5192
v 0.8242 0.5581 1.5000
v 0.8666 0.5309 1.5000
v 0.8463 0.5439 1.4761
v 0.8463 0.5439 1.5238
v 0.8624 0.5333 1.5190
v 0.8624 0.5333 1.4809
v 0.8278 0.5554 1.4807
v 0.8278 0.5554 1.5192
v 0.7949 0.5772 1.4681
v 0.7949 0.5772 1.5318
v 0.7926 0.5785 1.4761
v 0.7926 0.5785 1.5238
v 0.7771 0.5888 1.4697
v 0.7771 0.5889 1.5303
v 0.7698 0.5932 1.5000
v 0.7746 0.5898 1.4809
v 0.7746 0.5898 1.5190
v 0.7662 0.5966 1.4720
v 0.7662 0.5966 1.5279
v 0.7608 0.5992 1.5000
v 0.7626 0.5981 1.4825
v 0.7626 0.5981 1.5174
v 0.8135 0.5737 1.5192
v 0.8163 0.5715 1.5000
v 0.8704 0.5367 1.5000
v 0.8135 0.5737 1.4807
v 0.8280 0.5640 1.5000
v 0.8501 0.5498 1.4761
v 0.8664 0.5395 1.4809
v 0.8319 0.5619 1.4807
v 0.8319 0.5619 1.5192
v 0.7963 0.5843 1.5238
v 0.7963 0.5843 1.4761
v 0.7786 0.5960 1.5190
v 0.7735 0.5990 1.5000
v 0.7786 0.5960 1.4809
v 0.8723 0.5344 1.4720
v 0.8723 0.5344 1.5279
v 0.8163 0.5714 1.4689
v 0.8163 0.5714 1.5310
v 0.8500 0.5496 1.4681
v 0.8769 0.5323 1.5000
v 0.8500 0.5496 1.5318
v 0.8645 0.5401 1.4697
v 0.8336 0.5603 1.5310
v 0.8336 0.5603 1.4689
v 0.8753 0.5332 1.4825
v 0.8645 0.5401 1.5303
v 0.7985 0.5827 1.4681
v 0.7985 0.5827 1.5318
v 0.7805 0.5941 1.4697
v 0.7689 0.6009 1.4720
v 0.7689 0.6009 1.5279
v 0.7643 0.6047 1.5000
v 0.7661 0.6034 1.4825
v 0.7661 0.6034 1.5174
v 0.8753 0.5332 1.5174
v 0.8501 0.5498 1.5238
v 0.8664 0.5395 1.5190
v 0.7805 0.5942 1.5303
v 0.9489 0.4475 1.5024
v 0.9792 0.4946 1.5023
v 0.8909 0.4812 1.5032
v 0.9245 0.5334 1.5032
v 0.9242 0.4588 1.5031
v 0.9683 0.4683 1.5030
v 0.9587 0.5124 1.5031
v 0.9076 0.5074 1.5034
v 0.9396 0.4507 1.5030
v 0.9762 0.4840 1.5030
v 0.9417 0.5223 1.5032
v 0.8942 0.4931 1.5037
v 0.9081 0.4701 1.5032
v 0.9573 0.4546 1.5030
v 0.9724 0.5017 1.5030
v 0.9150 0.5255 1.5037
v 0.9192 0.4999 1.5034
v 0.9617 0.4726 1.5033
v 0.9285 0.4656 1.5033
v 0.9543 0.5057 1.5033
v 0.9679 0.4912 1.5035
v 0.9473 0.4592 1.5035
v 0.9126 0.4813 1.5037
v 0.9334 0.5136 1.5037
v 0.8727 0.4920 1.5031
v 0.9071 0.5455 1.5031
v 0.8747 0.5002 1.5033
v 0.9005 0.5402 1.5033
v 0.8556 0.5048 1.5030
v 0.8884 0.5558 1.5030
v 0.8649 0.5348 1.5033
v 0.8595 0.5156 1.5035
v 0.8801 0.5477 1.5035
v 0.8456 0.5140 1.5024
v 0.8758 0.5610 1.5023
v 0.8557 0.5407 1.5031
v 0.8481 0.5248 1.5030
v 0.8670 0.5542 1.5030
v 0.9150 0.5255 1.4960
v 0.9076 0.5074 1.4963
v 0.9617 0.4726 1.4964
v 0.8942 0.4931 1.4960
v 0.9192 0.4999 1.4963
v 0.9285 0.4656 1.4964
v 0.9473 0.4592 1.4961
v 0.9126 0.4813 1.4960
v 0.9334 0.5136 1.4960
v 0.9005 0.5402 1.4964
v 0.8747 0.5002 1.4964
v 0.8801 0.5477 1.4961
v 0.8649 0.5348 1.4964
v 0.8595 0.5156 1.4961
v 0.9489 0.4475 1.4973
v 0.9792 0.4946 1.4973
v 0.8909 0.4812 1.4964
v 0.9245 0.5334 1.4965
v 0.9242 0.4588 1.4966
v 0.9683 0.4683 1.4966
v 0.9587 0.5124 1.4966
v 0.9396 0.4507 1.4967
v 0.9417 0.5223 1.4964
v 0.9081 0.4701 1.4964
v 0.9573 0.4546 1.4967
v 0.9724 0.5017 1.4967
v 0.8727 0.4920 1.4966
v 0.9071 0.5455 1.4966
v 0.8556 0.5048 1.4967
v 0.8456 0.5140 1.4973
v 0.8758 0.5610 1.4973
v 0.8557 0.5407 1.4966
v 0.8481 0.5248 1.4967
v 0.8670 0.5542 1.4967
v 0.9762 0.4840 1.4967
v 0.9543 0.5057 1.4964
v 0.9679 0.4912 1.4961
v 0.8884 0.5558 1.4967
v 1.0149 1.9473 -0.6781
v 1.1416 1.9533 -0.6096
v 0.9886 2.0380 -0.6375
v 1.1153 2.0441 -0.5690
v 0.9978 1.9925 -0.6600
v 1.0761 1.9462 -0.6474
v 1.1350 1.9990 -0.5857
v 1.0475 2.0449 -0.6033
v 1.0202 1.9535 -0.6885
v 1.0070 1.9651 -0.6716
v 1.1175 1.9494 -0.6243
v 1.1248 2.0264 -0.5747
v 1.0086 2.0418 -0.6251
v 0.9911 2.0200 -0.6471
v 1.0365 1.9455 -0.6682
v 1.1407 1.9715 -0.5993
v 1.0896 2.0457 -0.5812
v 1.0532 2.0306 -0.6088
v 1.0736 1.9606 -0.6402
v 1.0140 1.9932 -0.6513
v 1.1208 1.9983 -0.5934
v 1.1152 1.9690 -0.6138
v 1.0301 1.9650 -0.6598
v 1.0135 2.0222 -0.6342
v 1.0986 2.0263 -0.5881
v 1.1469 1.9595 -0.6199
v 0.9939 2.0442 -0.6479
v 1.1206 2.0502 -0.5793
v 1.0031 1.9986 -0.6703
v 1.0814 1.9524 -0.6578
v 1.1403 2.0052 -0.5961
v 1.0528 2.0510 -0.6136
v 1.0123 1.9712 -0.6820
v 1.1228 1.9555 -0.6347
v 1.1312 2.0326 -0.5844
v 1.0139 2.0479 -0.6354
v 0.9964 2.0261 -0.6574
v 1.0418 1.9517 -0.6785
v 1.1471 1.9777 -0.6090
v 1.0949 2.0518 -0.5916
v 1.1439 1.7506 -0.7011
v 1.1297 1.8110 -0.6794
v 1.1042 1.7502 -0.7261
v 1.0900 1.8106 -0.7044
v 1.1245 1.7485 -0.7143
v 1.1389 1.7792 -0.6898
v 1.1091 1.8140 -0.6908
v 1.0957 1.7788 -0.7169
v 1.1468 1.7529 -0.7058
v 1.1364 1.7492 -0.7065
v 1.1337 1.7991 -0.6829
v 1.0973 1.8127 -0.6987
v 1.1006 1.7601 -0.7233
v 1.1123 1.7490 -0.7216
v 1.1428 1.7605 -0.6968
v 1.1214 1.8130 -0.6836
v 1.0916 1.7987 -0.7094
v 1.1018 1.7796 -0.7127
v 1.1325 1.7799 -0.6934
v 1.1227 1.7562 -0.7115
v 1.1107 1.8071 -0.6932
v 1.1248 1.8007 -0.6877
v 1.1343 1.7600 -0.7023
v 1.1092 1.7598 -0.7181
v 1.0997 1.8004 -0.7035
v 1.1326 1.8134 -0.6841
v 1.1071 1.7526 -0.7307
v 1.0929 1.8130 -0.7090
v 1.1274 1.7509 -0.7190
v 1.1418 1.7816 -0.6944
v 1.1120 1.8163 -0.6954
v 1.0986 1.7812 -0.7216
v 1.1393 1.7515 -0.7112
v 1.1366 1.8015 -0.6876
v 1.1001 1.8156 -0.7032
v 1.1035 1.7625 -0.7280
v 1.1152 1.7513 -0.7263
v 1.1457 1.7628 -0.7015
v 1.1242 1.8159 -0.6881
v 1.0945 1.8011 -0.7141
v 1.0480 1.8005 -0.7067
v 1.0300 1.8837 -0.6664
v 1.1011 1.8383 -0.7608
v 1.0831 1.9214 -0.7205
v 1.1191 1.7867 -0.6466
v 1.1011 1.8699 -0.6062
v 1.1722 1.8245 -0.7006
v 1.1542 1.9076 -0.6603
v 1.0660 1.8082 -0.7500
v 1.0370 1.8413 -0.6858
v 1.0564 1.9154 -0.6846
v 1.0927 1.8809 -0.7426
v 1.1382 1.8315 -0.7325
v 1.1198 1.9163 -0.6913
v 1.1652 1.8669 -0.6812
v 1.1600 1.7900 -0.6704
v 1.1220 1.9027 -0.6291
v 1.1095 1.8272 -0.6244
v 1.0824 1.7919 -0.6757
v 1.0641 1.8767 -0.6346
v 1.0894 1.9082 -0.6573
v 1.1133 1.7976 -0.7109
v 1.0693 1.8314 -0.6511
v 1.1556 1.8435 -0.6374
v 1.1330 1.8767 -0.7160
v 1.0466 1.8646 -0.7296
v 1.0631 1.9713 -0.6388
v 1.0505 1.9899 -0.6380
v 1.0365 1.9765 -0.6609
v 1.0573 1.9598 -0.6523
v 1.0637 1.9365 -0.6627
v 1.0416 1.9485 -0.6761
v 1.0779 1.9664 -0.6281
v 1.0799 1.9837 -0.6141
v 1.0885 1.9526 -0.6277
v 1.0965 1.9632 -0.6126
v 1.0976 1.9355 -0.6306
v 1.1056 1.9461 -0.6155
v 1.1058 1.9211 -0.6326
v 1.1139 1.9317 -0.6175
v 1.1122 1.8916 -0.6469
v 1.1202 1.9022 -0.6318
v 1.1342 1.5328 -0.7640
v 1.1771 1.5347 -0.7282
v 1.1214 1.5983 -0.7569
v 1.1690 1.6004 -0.7171
v 1.1268 1.5589 -0.7626
v 1.1560 1.5287 -0.7462
v 1.1756 1.5610 -0.7217
v 1.1451 1.5994 -0.7369
v 1.1306 1.5420 -0.7639
v 1.1691 1.5310 -0.7348
v 1.1720 1.5803 -0.7197
v 1.1296 1.6022 -0.7486
v 1.1244 1.5782 -0.7595
v 1.1423 1.5299 -0.7573
v 1.1771 1.5440 -0.7250
v 1.1591 1.6035 -0.7239
v 1.1471 1.5858 -0.7386
v 1.1547 1.5363 -0.7451
v 1.1328 1.5592 -0.7573
v 1.1693 1.5608 -0.7267
v 1.1684 1.5417 -0.7320
v 1.1392 1.5404 -0.7565
v 1.1329 1.5807 -0.7513
v 1.1623 1.5820 -0.7266
v 1.1177 1.6190 -0.7549
v 1.1665 1.6212 -0.7140
v 1.1234 1.6219 -0.7492
v 1.1599 1.6235 -0.7187
v 1.1158 1.6400 -0.7513
v 1.1623 1.6420 -0.7124
v 1.1376 1.6492 -0.7305
v 1.1238 1.6428 -0.7433
v 1.1529 1.6441 -0.7189
v 1.1160 1.6533 -0.7486
v 1.1589 1.6552 -0.7127
v 1.1361 1.6600 -0.7293
v 1.1231 1.6573 -0.7409
v 1.1499 1.6584 -0.7185
v 1.1639 1.6049 -0.7296
v 1.1495 1.6008 -0.7422
v 1.1590 1.5376 -0.7503
v 1.1344 1.6037 -0.7543
v 1.1515 1.5871 -0.7439
v 1.1371 1.5605 -0.7625
v 1.1438 1.5418 -0.7620
v 1.1377 1.5822 -0.7571
v 1.1671 1.5835 -0.7324
v 1.1642 1.6248 -0.7239
v 1.1277 1.6232 -0.7545
v 1.1575 1.6455 -0.7245
v 1.1419 1.6506 -0.7358
v 1.1284 1.6442 -0.7489
v 1.1374 1.5338 -0.7679
v 1.1802 1.5356 -0.7320
v 1.1256 1.5996 -0.7621
v 1.1732 1.6017 -0.7222
v 1.1309 1.5602 -0.7675
v 1.1600 1.5299 -0.7511
v 1.1797 1.5623 -0.7267
v 1.1346 1.5432 -0.7686
v 1.1763 1.5815 -0.7248
v 1.1287 1.5795 -0.7646
v 1.1463 1.5311 -0.7620
v 1.1810 1.5452 -0.7297
v 1.1218 1.6203 -0.7598
v 1.1706 1.6224 -0.7190
v 1.1198 1.6412 -0.7561
v 1.1192 1.6543 -0.7524
v 1.1621 1.6562 -0.7165
v 1.1402 1.6612 -0.7342
v 1.1271 1.6585 -0.7457
v 1.1539 1.6596 -0.7232
v 1.1731 1.5322 -0.7396
v 1.1737 1.5621 -0.7319
v 1.1730 1.5431 -0.7376
v 1.1662 1.6432 -0.7172
v 1.1570 1.6489 -0.7559
v 1.1221 1.6382 -0.7136
v 1.1484 1.7152 -0.7504
v 1.1096 1.7033 -0.7034
v 1.1549 1.6759 -0.7560
v 1.1398 1.6385 -0.7359
v 1.1151 1.6638 -0.7078
v 1.1289 1.7093 -0.7270
v 1.1566 1.6587 -0.7569
v 1.1287 1.6370 -0.7224
v 1.1126 1.6832 -0.7060
v 1.1401 1.7165 -0.7413
v 1.1514 1.6951 -0.7530
v 1.1505 1.6437 -0.7488
v 1.1187 1.6471 -0.7110
v 1.1161 1.7091 -0.7122
v 1.1309 1.6957 -0.7287
v 1.1384 1.6462 -0.7350
v 1.1497 1.6745 -0.7500
v 1.1200 1.6654 -0.7140
v 1.1256 1.6474 -0.7202
v 1.1494 1.6546 -0.7490
v 1.1434 1.6950 -0.7440
v 1.1193 1.6877 -0.7149
v 1.1458 1.7361 -0.7482
v 1.1061 1.7239 -0.7001
v 1.1403 1.7372 -0.7420
v 1.1105 1.7281 -0.7059
v 1.1418 1.7567 -0.7443
v 1.1039 1.7451 -0.6985
v 1.1214 1.7592 -0.7205
v 1.1340 1.7570 -0.7358
v 1.1102 1.7498 -0.7070
v 1.1389 1.7694 -0.7405
v 1.1039 1.7587 -0.6982
v 1.1200 1.7698 -0.7190
v 1.1313 1.7711 -0.7325
v 1.1094 1.7644 -0.7060
v 1.1219 1.7094 -0.7073
v 1.1342 1.7096 -0.7225
v 1.1437 1.6465 -0.7306
v 1.1460 1.7168 -0.7364
v 1.1363 1.6960 -0.7242
v 1.1551 1.6747 -0.7456
v 1.1551 1.6549 -0.7442
v 1.1492 1.6953 -0.7391
v 1.1252 1.6879 -0.7100
v 1.1158 1.7283 -0.7015
v 1.1456 1.7374 -0.7375
v 1.1158 1.7500 -0.7023
v 1.1267 1.7594 -0.7161
v 1.1396 1.7573 -0.7311
v 1.1609 1.6490 -0.7527
v 1.1260 1.6383 -0.7104
v 1.1536 1.7154 -0.7461
v 1.1147 1.7035 -0.6991
v 1.1599 1.6762 -0.7518
v 1.1447 1.6388 -0.7317
v 1.1201 1.6640 -0.7036
v 1.1614 1.6589 -0.7529
v 1.1178 1.6834 -0.7016
v 1.1566 1.6953 -0.7486
v 1.1553 1.6439 -0.7448
v 1.1235 1.6473 -0.7070
v 1.1509 1.7363 -0.7440
v 1.1111 1.7241 -0.6959
v 1.1467 1.7569 -0.7403
v 1.1427 1.7696 -0.7372
v 1.1078 1.7589 -0.6949
v 1.1249 1.7701 -0.7149
v 1.1361 1.7713 -0.7284
v 1.1142 1.7646 -0.7020
v 1.1335 1.6372 -0.7183
v 1.1253 1.6656 -0.7095
v 1.1313 1.6476 -0.7154
v 1.1088 1.7453 -0.6944
v 1.1899 1.4307 -0.7839
v 1.1550 1.4200 -0.7416
v 1.1813 1.4971 -0.7784
v 1.1425 1.4852 -0.7314
v 1.1878 1.4578 -0.7840
v 1.1727 1.4204 -0.7639
v 1.1480 1.4456 -0.7358
v 1.1618 1.4912 -0.7550
v 1.1895 1.4406 -0.7849
v 1.1615 1.4189 -0.7503
v 1.1455 1.4651 -0.7340
v 1.1730 1.4984 -0.7693
v 1.1843 1.4770 -0.7810
v 1.1834 1.4255 -0.7768
v 1.1516 1.4290 -0.7390
v 1.1490 1.4910 -0.7402
v 1.1638 1.4776 -0.7567
v 1.1713 1.4281 -0.7630
v 1.1826 1.4564 -0.7780
v 1.1528 1.4472 -0.7420
v 1.1585 1.4292 -0.7482
v 1.1823 1.4365 -0.7770
v 1.1763 1.4769 -0.7720
v 1.1522 1.4695 -0.7429
v 1.1787 1.5180 -0.7762
v 1.1389 1.5058 -0.7281
v 1.1732 1.5191 -0.7700
v 1.1434 1.5099 -0.7339
v 1.1747 1.5386 -0.7723
v 1.1368 1.5270 -0.7265
v 1.1543 1.5411 -0.7485
v 1.1669 1.5389 -0.7638
v 1.1431 1.5316 -0.7350
v 1.1718 1.5513 -0.7685
v 1.1368 1.5406 -0.7262
v 1.1528 1.5517 -0.7470
v 1.1642 1.5530 -0.7605
v 1.1423 1.5463 -0.7340
v 1.1548 1.4913 -0.7353
v 1.1671 1.4915 -0.7505
v 1.1766 1.4283 -0.7586
v 1.1789 1.4986 -0.7644
v 1.1692 1.4779 -0.7522
v 1.1880 1.4566 -0.7736
v 1.1880 1.4368 -0.7722
v 1.1821 1.4771 -0.7671
v 1.1581 1.4698 -0.7380
v 1.1487 1.5102 -0.7295
v 1.1785 1.5193 -0.7655
v 1.1487 1.5319 -0.7303
v 1.1596 1.5413 -0.7441
v 1.1725 1.5392 -0.7591
v 1.1938 1.4309 -0.7807
v 1.1589 1.4202 -0.7384
v 1.1865 1.4973 -0.7740
v 1.1476 1.4854 -0.7271
v 1.1928 1.4580 -0.7797
v 1.1776 1.4206 -0.7597
v 1.1530 1.4459 -0.7316
v 1.1943 1.4408 -0.7808
v 1.1507 1.4653 -0.7296
v 1.1895 1.4772 -0.7766
v 1.1882 1.4258 -0.7728
v 1.1564 1.4292 -0.7350
v 1.1838 1.5182 -0.7720
v 1.1440 1.5060 -0.7239
v 1.1796 1.5388 -0.7683
v 1.1756 1.5514 -0.7652
v 1.1407 1.5407 -0.7229
v 1.1578 1.5519 -0.7429
v 1.1690 1.5532 -0.7564
v 1.1471 1.5465 -0.7300
v 1.1664 1.4191 -0.7463
v 1.1581 1.4475 -0.7375
v 1.1642 1.4295 -0.7434
v 1.1417 1.5272 -0.7224
v 1.1671 1.3147 -0.7920
v 1.2100 1.3165 -0.7562
v 1.1543 1.3802 -0.7849
v 1.2019 1.3823 -0.7451
v 1.1597 1.3408 -0.7906
v 1.1889 1.3105 -0.7742
v 1.2085 1.3429 -0.7497
v 1.1780 1.3813 -0.7649
v 1.1635 1.3239 -0.7919
v 1.2020 1.3129 -0.7628
v 1.2049 1.3621 -0.7477
v 1.1625 1.3841 -0.7765
v 1.1573 1.3601 -0.7875
v 1.1752 1.3117 -0.7852
v 1.2100 1.3259 -0.7530
v 1.1920 1.3854 -0.7518
v 1.1800 1.3677 -0.7666
v 1.1875 1.3182 -0.7730
v 1.1657 1.3411 -0.7853
v 1.2022 1.3427 -0.7547
v 1.2013 1.3235 -0.7600
v 1.1721 1.3223 -0.7845
v 1.1658 1.3626 -0.7793
v 1.1952 1.3639 -0.7546
v 1.1506 1.4009 -0.7828
v 1.1994 1.4030 -0.7420
v 1.1562 1.4038 -0.7772
v 1.1928 1.4054 -0.7466
v 1.1487 1.4219 -0.7793
v 1.1952 1.4239 -0.7404
v 1.1705 1.4311 -0.7585
v 1.1566 1.4247 -0.7713
v 1.1858 1.4259 -0.7469
v 1.1489 1.4352 -0.7766
v 1.1918 1.4371 -0.7407
v 1.1690 1.4418 -0.7573
v 1.1560 1.4391 -0.7689
v 1.1828 1.4403 -0.7465
v 1.1968 1.3868 -0.7576
v 1.1824 1.3826 -0.7702
v 1.1919 1.3195 -0.7782
v 1.1673 1.3855 -0.7823
v 1.1844 1.3690 -0.7719
v 1.1700 1.3424 -0.7905
v 1.1767 1.3237 -0.7900
v 1.1706 1.3641 -0.7851
v 1.2000 1.3653 -0.7604
v 1.1971 1.4067 -0.7519
v 1.1606 1.4051 -0.7825
v 1.1904 1.4274 -0.7525
v 1.1748 1.4324 -0.7638
v 1.1613 1.4261 -0.7769
v 1.1703 1.3157 -0.7959
v 1.2131 1.3175 -0.7600
v 1.1585 1.3815 -0.7900
v 1.2061 1.3836 -0.7502
v 1.1638 1.3420 -0.7955
v 1.1929 1.3118 -0.7791
v 1.2126 1.3441 -0.7547
v 1.1675 1.3251 -0.7966
v 1.2091 1.3634 -0.7528
v 1.1616 1.3614 -0.7926
v 1.1792 1.3129 -0.7900
v 1.2139 1.3271 -0.7577
v 1.1547 1.4022 -0.7878
v 1.2035 1.4043 -0.7469
v 1.1527 1.4231 -0.7841
v 1.1521 1.4362 -0.7804
v 1.1950 1.4380 -0.7445
v 1.1731 1.4431 -0.7622
v 1.1600 1.4404 -0.7737
v 1.1867 1.4415 -0.7512
v 1.2060 1.3141 -0.7676
v 1.2065 1.3440 -0.7599
v 1.2059 1.3250 -0.7656
v 1.1991 1.4251 -0.7452
v 1.2184 1.1016 -0.8036
v 1.2600 1.1096 -0.7671
v 1.2000 1.1662 -0.8014
v 1.2462 1.1750 -0.7608
v 1.2088 1.1271 -0.8041
v 1.2399 1.1006 -0.7851
v 1.2562 1.1361 -0.7626
v 1.2230 1.1706 -0.7810
v 1.2140 1.1105 -0.8041
v 1.2526 1.1048 -0.7737
v 1.2510 1.1550 -0.7620
v 1.2076 1.1713 -0.7931
v 1.2047 1.1462 -0.8025
v 1.2265 1.0999 -0.7965
v 1.2591 1.1191 -0.7646
v 1.2363 1.1767 -0.7680
v 1.2262 1.1572 -0.7817
v 1.2380 1.1082 -0.7845
v 1.2146 1.1282 -0.7987
v 1.2501 1.1350 -0.7677
v 1.2508 1.1155 -0.7717
v 1.2225 1.1101 -0.7965
v 1.2127 1.1500 -0.7943
v 1.2414 1.1555 -0.7692
v 1.1946 1.1866 -0.8008
v 1.2420 1.1956 -0.7593
v 1.1998 1.1903 -0.7953
v 1.2353 1.1970 -0.7642
v 1.1908 1.2075 -0.7987
v 1.2360 1.2161 -0.7592
v 1.2112 1.2200 -0.7783
v 1.1983 1.2115 -0.7908
v 1.2266 1.2169 -0.7660
v 1.1899 1.2210 -0.7969
v 1.2315 1.2289 -0.7605
v 1.2088 1.2306 -0.7778
v 1.1964 1.2260 -0.7894
v 1.2224 1.2310 -0.7666
v 1.2411 1.1782 -0.7738
v 1.2274 1.1720 -0.7863
v 1.2423 1.1095 -0.7897
v 1.2124 1.1728 -0.7989
v 1.2306 1.1585 -0.7870
v 1.2189 1.1296 -0.8040
v 1.2271 1.1115 -0.8021
v 1.2175 1.1515 -0.8001
v 1.2462 1.1569 -0.7750
v 1.2396 1.1984 -0.7694
v 1.2041 1.1916 -0.8005
v 1.2312 1.2183 -0.7716
v 1.2156 1.2213 -0.7835
v 1.2029 1.2129 -0.7964
v 1.2215 1.1026 -0.8074
v 1.2632 1.1105 -0.7710
v 1.2042 1.1675 -0.8065
v 1.2504 1.1763 -0.7659
v 1.2129 1.1283 -0.8091
v 1.2440 1.1018 -0.7900
v 1.2603 1.1373 -0.7675
v 1.2179 1.1117 -0.8089
v 1.2552 1.1563 -0.7671
v 1.2090 1.1475 -0.8076
v 1.2305 1.1011 -0.8012
v 1.2631 1.1203 -0.7694
v 1.1987 1.1879 -0.8057
v 1.2461 1.1969 -0.7642
v 1.1948 1.2087 -0.8035
v 1.1930 1.2220 -0.8008
v 1.2347 1.2299 -0.7643
v 1.2129 1.2318 -0.7827
v 1.2003 1.2272 -0.7942
v 1.2264 1.2322 -0.7714
v 1.2565 1.1060 -0.7784
v 1.2544 1.1363 -0.7729
v 1.2555 1.1169 -0.7772
v 1.2399 1.2173 -0.7640
v 1.2313 1.2195 -0.8032
v 1.1963 1.2088 -0.7609
v 1.2170 1.2851 -0.8025
v 1.1781 1.2732 -0.7555
v 1.2269 1.2462 -0.8052
v 1.2144 1.2091 -0.7828
v 1.1871 1.2340 -0.7570
v 1.1974 1.2792 -0.7791
v 1.2300 1.2292 -0.8049
v 1.2031 1.2076 -0.7694
v 1.1829 1.2533 -0.7566
v 1.2084 1.2863 -0.7936
v 1.2218 1.2652 -0.8036
v 1.2250 1.2143 -0.7959
v 1.1921 1.2176 -0.7590
v 1.1843 1.2789 -0.7646
v 1.2007 1.2657 -0.7798
v 1.2124 1.2167 -0.7825
v 1.2217 1.2448 -0.7992
v 1.1919 1.2356 -0.7632
v 1.1992 1.2178 -0.7680
v 1.2230 1.2251 -0.7968
v 1.2135 1.2650 -0.7948
v 1.1894 1.2577 -0.7657
v 1.2127 1.3058 -0.8018
v 1.1728 1.2936 -0.7537
v 1.2069 1.3068 -0.7958
v 1.1771 1.2977 -0.7597
v 1.2069 1.3262 -0.7995
v 1.1689 1.3146 -0.7536
v 1.1857 1.3286 -0.7763
v 1.1988 1.3265 -0.7911
v 1.1750 1.3192 -0.7624
v 1.2027 1.3388 -0.7965
v 1.1678 1.3281 -0.7543
v 1.1833 1.3391 -0.7756
v 1.1948 1.3404 -0.7888
v 1.1730 1.3337 -0.7624
v 1.1900 1.2800 -0.7596
v 1.2027 1.2802 -0.7745
v 1.2176 1.2177 -0.7780
v 1.2141 1.2874 -0.7886
v 1.2059 1.2667 -0.7752
v 1.2269 1.2457 -0.7947
v 1.2285 1.2261 -0.7920
v 1.2192 1.2661 -0.7898
v 1.1951 1.2587 -0.7607
v 1.1822 1.2987 -0.7552
v 1.2120 1.3078 -0.7912
v 1.1805 1.3202 -0.7576
v 1.1908 1.3295 -0.7718
v 1.2043 1.3275 -0.7863
v 1.2350 1.2202 -0.7999
v 1.2000 1.2095 -0.7576
v 1.2220 1.2861 -0.7981
v 1.1832 1.2741 -0.7511
v 1.2318 1.2472 -0.8009
v 1.2192 1.2101 -0.7786
v 1.1919 1.2350 -0.7528
v 1.2347 1.2301 -0.8007
v 1.1879 1.2542 -0.7522
v 1.2268 1.2661 -0.7992
v 1.2297 1.2152 -0.7917
v 1.1968 1.2185 -0.7549
v 1.2175 1.3067 -0.7976
v 1.1777 1.2945 -0.7494
v 1.2116 1.3271 -0.7953
v 1.2065 1.3395 -0.7932
v 1.1715 1.3288 -0.7510
v 1.1882 1.3401 -0.7713
v 1.1995 1.3413 -0.7847
v 1.1777 1.3346 -0.7583
v 1.2078 1.2085 -0.7653
v 1.1970 1.2366 -0.7587
v 1.2047 1.2188 -0.7632
v 1.1736 1.3155 -0.7495
v 1.4365 0.7454 -0.6375
v 1.4586 0.7852 -0.6050
v 1.3982 0.7893 -0.6708
v 1.4227 0.8336 -0.6347
v 1.4199 0.7611 -0.6521
v 1.4498 0.7617 -0.6184
v 1.4449 0.8064 -0.6151
v 1.4103 0.8115 -0.6527
v 1.4299 0.7502 -0.6430
v 1.4557 0.7755 -0.6091
v 1.4338 0.8194 -0.6249
v 1.4006 0.8002 -0.6653
v 1.4094 0.7752 -0.6610
v 1.4420 0.7505 -0.6294
v 1.4538 0.7934 -0.6078
v 1.4157 0.8276 -0.6430
v 1.4178 0.8019 -0.6460
v 1.4453 0.7671 -0.6220
v 1.4228 0.7668 -0.6473
v 1.4416 0.8008 -0.6197
v 1.4500 0.7840 -0.6131
v 1.4350 0.7569 -0.6352
v 1.4125 0.7851 -0.6549
v 1.4276 0.8125 -0.6325
v 1.3865 0.8034 -0.6814
v 1.4116 0.8487 -0.6444
v 1.3881 0.8109 -0.6779
v 1.4068 0.8449 -0.6502
v 1.3756 0.8192 -0.6908
v 1.3995 0.8623 -0.6556
v 1.3827 0.8465 -0.6770
v 1.3783 0.8289 -0.6851
v 1.3932 0.8560 -0.6630
v 1.3697 0.8301 -0.6962
v 1.3917 0.8700 -0.6637
v 1.3770 0.8541 -0.6823
v 1.3713 0.8401 -0.6915
v 1.3851 0.8650 -0.6712
v 1.4214 0.8286 -0.6480
v 1.4155 0.8124 -0.6573
v 1.4504 0.7680 -0.6265
v 1.4062 0.8012 -0.6704
v 1.4230 0.8028 -0.6507
v 1.4280 0.7677 -0.6519
v 1.4405 0.7578 -0.6401
v 1.4182 0.7861 -0.6599
v 1.4333 0.8135 -0.6376
v 1.4119 0.8457 -0.6548
v 1.3932 0.8118 -0.6825
v 1.3987 0.8570 -0.6678
v 1.3878 0.8474 -0.6815
v 1.3837 0.8298 -0.6900
v 1.4403 0.7460 -0.6408
v 1.4623 0.7859 -0.6083
v 1.4032 0.7902 -0.6752
v 1.4277 0.8345 -0.6391
v 1.4247 0.7619 -0.6564
v 1.4546 0.7626 -0.6226
v 1.4498 0.8073 -0.6194
v 1.4346 0.7511 -0.6472
v 1.4388 0.8203 -0.6293
v 1.4144 0.7760 -0.6654
v 1.4466 0.7513 -0.6336
v 1.4585 0.7943 -0.6120
v 1.3914 0.8042 -0.6857
v 1.4164 0.8496 -0.6487
v 1.3803 0.8200 -0.6949
v 1.3735 0.8308 -0.6996
v 1.3955 0.8706 -0.6671
v 1.3818 0.8549 -0.6866
v 1.3760 0.8409 -0.6957
v 1.3898 0.8659 -0.6754
v 1.4604 0.7763 -0.6133
v 1.4467 0.8016 -0.6242
v 1.4555 0.7850 -0.6179
v 1.4042 0.8632 -0.6597
v 1.4089 0.8451 -0.6954
v 1.3674 0.8380 -0.6585
v 1.3744 0.8911 -0.7300
v 1.3283 0.8832 -0.6890
v 1.3968 0.8636 -0.7112
v 1.3906 0.8375 -0.6749
v 1.3496 0.8555 -0.6692
v 1.3512 0.8871 -0.7096
v 1.4051 0.8516 -0.7019
v 1.3767 0.8366 -0.6642
v 1.3395 0.8690 -0.6792
v 1.3634 0.8918 -0.7242
v 1.3855 0.8770 -0.7201
v 1.4026 0.8411 -0.6873
v 1.3602 0.8438 -0.6619
v 1.3349 0.8869 -0.6988
v 1.3588 0.8776 -0.7030
v 1.3863 0.8428 -0.6788
v 1.3908 0.8625 -0.7061
v 1.3555 0.8564 -0.6747
v 1.3694 0.8435 -0.6687
v 1.3976 0.8484 -0.6938
v 1.3754 0.8767 -0.7137
v 1.3468 0.8718 -0.6884
v 1.3635 0.9059 -0.7405
v 1.3163 0.8978 -0.6985
v 1.3560 0.9066 -0.7366
v 1.3207 0.9005 -0.7052
v 1.3508 0.9205 -0.7496
v 1.3059 0.9127 -0.7097
v 1.3237 0.9222 -0.7339
v 1.3409 0.9204 -0.7437
v 1.3126 0.9155 -0.7186
v 1.3421 0.9298 -0.7541
v 1.3006 0.9227 -0.7172
v 1.3178 0.9299 -0.7389
v 1.3320 0.9307 -0.7494
v 1.3061 0.9262 -0.7263
v 1.3379 0.8923 -0.6944
v 1.3540 0.8921 -0.7055
v 1.3890 0.8477 -0.6748
v 1.3665 0.8973 -0.7197
v 1.3615 0.8826 -0.6989
v 1.3935 0.8674 -0.7020
v 1.4005 0.8537 -0.6895
v 1.3784 0.8822 -0.7092
v 1.3498 0.8772 -0.6839
v 1.3234 0.9054 -0.7012
v 1.3588 0.9115 -0.7326
v 1.3155 0.9208 -0.7144
v 1.3264 0.9271 -0.7298
v 1.3438 0.9257 -0.7394
v 1.4109 0.8487 -0.6924
v 1.3694 0.8416 -0.6556
v 1.3770 0.8960 -0.7260
v 1.3310 0.8880 -0.6851
v 1.3994 0.8683 -0.7074
v 1.3932 0.8422 -0.6712
v 1.3522 0.8601 -0.6654
v 1.4076 0.8561 -0.6982
v 1.3421 0.8739 -0.6753
v 1.3882 0.8818 -0.7162
v 1.4051 0.8456 -0.6836
v 1.3627 0.8483 -0.6583
v 1.3661 0.9105 -0.7367
v 1.3189 0.9024 -0.6948
v 1.3533 0.9250 -0.7459
v 1.3441 0.9335 -0.7511
v 1.3026 0.9263 -0.7143
v 1.3204 0.9345 -0.7352
v 1.3345 0.9352 -0.7457
v 1.3086 0.9307 -0.7227
v 1.3792 0.8411 -0.6606
v 1.3582 0.8613 -0.6706
v 1.3723 0.8488 -0.6645
v 1.3084 0.9172 -0.7060
v 1.2970 1.0100 -0.8019
v 1.2620 0.9993 -0.7596
v 1.2738 1.0726 -0.8093
v 1.2350 1.0607 -0.7623
v 1.2891 1.0355 -0.8071
v 1.2809 0.9998 -0.7808
v 1.2493 1.0233 -0.7589
v 1.2543 1.0667 -0.7859
v 1.2945 1.0192 -0.8047
v 1.2693 0.9982 -0.7677
v 1.2425 1.0417 -0.7609
v 1.2648 1.0736 -0.8009
v 1.2813 1.0536 -0.8079
v 1.2912 1.0048 -0.7941
v 1.2566 1.0076 -0.7588
v 1.2407 1.0662 -0.7718
v 1.2594 1.0538 -0.7849
v 1.2778 1.0070 -0.7815
v 1.2839 1.0340 -0.8012
v 1.2541 1.0249 -0.7651
v 1.2640 1.0078 -0.7676
v 1.2878 1.0151 -0.7964
v 1.2728 1.0533 -0.7994
v 1.2488 1.0459 -0.7703
v 1.2667 1.0924 -0.8112
v 1.2269 1.0802 -0.7630
v 1.2606 1.0933 -0.8054
v 1.2308 1.0842 -0.7694
v 1.2580 1.1119 -0.8114
v 1.2201 1.1004 -0.7655
v 1.2358 1.1139 -0.7892
v 1.2497 1.1120 -0.8034
v 1.2259 1.1047 -0.7746
v 1.2521 1.1241 -0.8101
v 1.2172 1.1134 -0.7678
v 1.2320 1.1241 -0.7898
v 1.2437 1.1254 -0.8028
v 1.2219 1.1187 -0.7764
v 1.2460 1.0687 -0.7668
v 1.2591 1.0690 -0.7813
v 1.2826 1.0092 -0.7770
v 1.2701 1.0760 -0.7959
v 1.2642 1.0561 -0.7804
v 1.2887 1.0362 -0.7966
v 1.2929 1.0174 -0.7916
v 1.2781 1.0557 -0.7944
v 1.2540 1.0483 -0.7653
v 1.2355 1.0864 -0.7649
v 1.2653 1.0955 -0.8009
v 1.2310 1.1071 -0.7698
v 1.2405 1.1161 -0.7847
v 1.2548 1.1144 -0.7986
v 1.3005 1.0117 -0.7986
v 1.2655 1.0010 -0.7563
v 1.2785 1.0748 -0.8049
v 1.2397 1.0629 -0.7579
v 1.2936 1.0376 -0.8028
v 1.2853 1.0019 -0.7766
v 1.2538 1.0254 -0.7547
v 1.2989 1.0212 -0.8006
v 1.2472 1.0438 -0.7565
v 1.2860 1.0557 -0.8035
v 1.2955 1.0068 -0.7900
v 1.2610 1.0096 -0.7547
v 1.2712 1.0945 -0.8069
v 1.2314 1.0823 -0.7588
v 1.2624 1.1140 -0.8073
v 1.2556 1.1257 -0.8068
v 1.2206 1.1150 -0.7645
v 1.2364 1.1261 -0.7856
v 1.2481 1.1274 -0.7987
v 1.2262 1.1207 -0.7723
v 1.2737 1.0002 -0.7636
v 1.2589 1.0271 -0.7606
v 1.2691 1.0101 -0.7628
v 1.2245 1.1024 -0.7614
v 1.3078 0.9041 -0.7515
v 1.3371 0.9324 -0.7132
v 1.2773 0.9597 -0.7738
v 1.3098 0.9911 -0.7311
v 1.2939 0.9250 -0.7620
v 1.3240 0.9139 -0.7303
v 1.3272 0.9572 -0.7183
v 1.2934 0.9754 -0.7524
v 1.3021 0.9111 -0.7557
v 1.3325 0.9243 -0.7190
v 1.3185 0.9736 -0.7248
v 1.2817 0.9687 -0.7665
v 1.2860 0.9422 -0.7674
v 1.3142 0.9066 -0.7429
v 1.3338 0.9417 -0.7141
v 1.3018 0.9882 -0.7401
v 1.2993 0.9636 -0.7481
v 1.3206 0.9206 -0.7326
v 1.2979 0.9291 -0.7564
v 1.3229 0.9532 -0.7237
v 1.3283 0.9343 -0.7209
v 1.3084 0.9150 -0.7470
v 1.2909 0.9500 -0.7597
v 1.3110 0.9695 -0.7333
v 1.2681 0.9773 -0.7809
v 1.3014 1.0095 -0.7372
v 1.2710 0.9836 -0.7761
v 1.2960 1.0077 -0.7434
v 1.2601 0.9963 -0.7865
v 1.2918 1.0269 -0.7449
v 1.2721 1.0188 -0.7681
v 1.2645 1.0041 -0.7792
v 1.2844 1.0234 -0.7530
v 1.2561 1.0090 -0.7894
v 1.2853 1.0372 -0.7510
v 1.2677 1.0281 -0.7716
v 1.2595 1.0174 -0.7829
v 1.2778 1.0351 -0.7590
v 1.3074 0.9891 -0.7451
v 1.2986 0.9763 -0.7570
v 1.3257 0.9214 -0.7371
v 1.2873 0.9697 -0.7715
v 1.3045 0.9645 -0.7527
v 1.3031 0.9300 -0.7610
v 1.3139 0.9160 -0.7519
v 1.2966 0.9510 -0.7648
v 1.3167 0.9704 -0.7384
v 1.3011 1.0086 -0.7479
v 1.2762 0.9845 -0.7806
v 1.2898 1.0243 -0.7579
v 1.2772 1.0197 -0.7726
v 1.2699 1.0051 -0.7840
v 1.3116 0.9048 -0.7549
v 1.3408 0.9331 -0.7165
v 1.2824 0.9605 -0.7782
v 1.3148 0.9919 -0.7356
v 1.2988 0.9259 -0.7663
v 1.3288 0.9147 -0.7346
v 1.3321 0.9580 -0.7226
v 1.3068 0.9119 -0.7599
v 1.3235 0.9744 -0.7293
v 1.2910 0.9430 -0.7719
v 1.3189 0.9074 -0.7471
v 1.3385 0.9425 -0.7182
v 1.2730 0.9782 -0.7852
v 1.3063 1.0103 -0.7415
v 1.2647 0.9971 -0.7906
v 1.2599 1.0096 -0.7927
v 1.2891 1.0379 -0.7544
v 1.2725 1.0289 -0.7758
v 1.2642 1.0182 -0.7871
v 1.2825 1.0359 -0.7631
v 1.3372 0.9251 -0.7231
v 1.3280 0.9541 -0.7282
v 1.3338 0.9352 -0.7257
v 1.2964 1.0277 -0.7490
v 1.5219 0.7337 -0.5641
v 1.4742 0.7265 -0.5358
v 1.4908 0.7646 -0.6149
v 1.4378 0.7566 -0.5836
v 1.5116 0.7461 -0.5860
v 1.5005 0.7272 -0.5466
v 1.4573 0.7379 -0.5538
v 1.4642 0.7605 -0.5994
v 1.5190 0.7379 -0.5726
v 1.4847 0.7258 -0.5390
v 1.4481 0.7470 -0.5686
v 1.4788 0.7643 -0.6118
v 1.5011 0.7550 -0.6000
v 1.5145 0.7303 -0.5567
v 1.4673 0.7301 -0.5419
v 1.4459 0.7594 -0.5924
v 1.4712 0.7540 -0.5893
v 1.4965 0.7306 -0.5524
v 1.5047 0.7449 -0.5821
v 1.4640 0.7388 -0.5580
v 1.4778 0.7302 -0.5465
v 1.5103 0.7351 -0.5657
v 1.4898 0.7541 -0.5959
v 1.4569 0.7492 -0.5764
v 1.4808 0.7746 -0.6307
v 1.4265 0.7664 -0.5985
v 1.4726 0.7746 -0.6287
v 1.4320 0.7685 -0.6046
v 1.4689 0.7844 -0.6454
v 1.4171 0.7766 -0.6148
v 1.4387 0.7842 -0.6364
v 1.4579 0.7837 -0.6418
v 1.4254 0.7788 -0.6226
v 1.4602 0.7909 -0.6537
v 1.4125 0.7837 -0.6254
v 1.4333 0.7894 -0.6442
v 1.4493 0.7907 -0.6514
v 1.4195 0.7862 -0.6338
v 1.4470 0.7661 -0.5889
v 1.4652 0.7666 -0.5961
v 1.4975 0.7366 -0.5492
v 1.4799 0.7710 -0.6083
v 1.4721 0.7602 -0.5860
v 1.5057 0.7510 -0.5789
v 1.5113 0.7416 -0.5623
v 1.4908 0.7609 -0.5923
v 1.4580 0.7559 -0.5729
v 1.4329 0.7745 -0.6014
v 1.4736 0.7807 -0.6255
v 1.4264 0.7852 -0.6192
v 1.4397 0.7902 -0.6332
v 1.4589 0.7901 -0.6384
v 1.5226 0.7382 -0.5617
v 1.4749 0.7309 -0.5335
v 1.4917 0.7705 -0.6118
v 1.4387 0.7625 -0.5804
v 1.5125 0.7518 -0.5830
v 1.5014 0.7328 -0.5436
v 1.4582 0.7436 -0.5508
v 1.5199 0.7435 -0.5696
v 1.4490 0.7529 -0.5655
v 1.5020 0.7609 -0.5968
v 1.5154 0.7358 -0.5538
v 1.4682 0.7356 -0.5390
v 1.4817 0.7803 -0.6276
v 1.4274 0.7721 -0.5955
v 1.4697 0.7899 -0.6425
v 1.4609 0.7953 -0.6513
v 1.4132 0.7881 -0.6231
v 1.4342 0.7951 -0.6412
v 1.4502 0.7963 -0.6485
v 1.4203 0.7917 -0.6309
v 1.4855 0.7313 -0.5361
v 1.4650 0.7448 -0.5548
v 1.4788 0.7367 -0.5431
v 1.4180 0.7821 -0.6119
v 1.5482 0.6547 -0.4797
v 1.5561 0.7037 -0.4539
v 1.5134 0.6831 -0.5296
v 1.5221 0.7375 -0.5009
v 1.5335 0.6637 -0.5007
v 1.5541 0.6767 -0.4628
v 1.5425 0.7195 -0.4713
v 1.5176 0.7103 -0.5153
v 1.5425 0.6570 -0.4875
v 1.5557 0.6929 -0.4561
v 1.5325 0.7279 -0.4860
v 1.5128 0.6951 -0.5266
v 1.5237 0.6735 -0.5146
v 1.5508 0.6623 -0.4722
v 1.5511 0.7101 -0.4595
v 1.5183 0.7287 -0.5088
v 1.5246 0.7038 -0.5051
v 1.5500 0.6804 -0.4684
v 1.5345 0.6707 -0.4970
v 1.5412 0.7125 -0.4750
v 1.5500 0.6993 -0.4630
v 1.5446 0.6659 -0.4806
v 1.5238 0.6849 -0.5106
v 1.5293 0.7186 -0.4928
v 1.5028 0.6922 -0.5454
v 1.5117 0.7480 -0.5160
v 1.5024 0.7005 -0.5436
v 1.5091 0.7422 -0.5216
v 1.4924 0.7035 -0.5603
v 1.5009 0.7566 -0.5323
v 1.4922 0.7339 -0.5523
v 1.4922 0.7145 -0.5567
v 1.4976 0.7478 -0.5391
v 1.4865 0.7119 -0.5693
v 1.4944 0.7608 -0.5435
v 1.4869 0.7390 -0.5604
v 1.4856 0.7227 -0.5669
v 1.4905 0.7533 -0.5508
v 1.5248 0.7297 -0.5127
v 1.5236 0.7112 -0.5188
v 1.5558 0.6813 -0.4719
v 1.5194 0.6960 -0.5304
v 1.5305 0.7047 -0.5087
v 1.5404 0.6716 -0.5005
v 1.5509 0.6669 -0.4843
v 1.5304 0.6859 -0.5145
v 1.5358 0.7195 -0.4967
v 1.5150 0.7431 -0.5251
v 1.5083 0.7014 -0.5471
v 1.5039 0.7488 -0.5429
v 1.4980 0.7348 -0.5558
v 1.4985 0.7154 -0.5604
v 1.5525 0.6554 -0.4823
v 1.5604 0.7043 -0.4565
v 1.5192 0.6839 -0.5330
v 1.5279 0.7383 -0.5043
v 1.5391 0.6646 -0.5040
v 1.5596 0.6776 -0.4660
v 1.5481 0.7203 -0.4746
v 1.5479 0.6578 -0.4907
v 1.5382 0.7288 -0.4894
v 1.5295 0.6744 -0.5181
v 1.5562 0.6631 -0.4754
v 1.5565 0.7109 -0.4627
v 1.5084 0.6931 -0.5487
v 1.5173 0.7488 -0.5193
v 1.4978 0.7043 -0.5635
v 1.4909 0.7125 -0.5719
v 1.4987 0.7615 -0.5460
v 1.4924 0.7399 -0.5636
v 1.4910 0.7235 -0.5701
v 1.4959 0.7541 -0.5539
v 1.5611 0.6937 -0.4592
v 1.5471 0.7134 -0.4785
v 1.5563 0.7002 -0.4667
v 1.5063 0.7574 -0.5355
v 1.1385 0.3257 1.5024
v 1.1688 0.3727 1.5023
v 1.0804 0.3593 1.5032
v 1.1140 0.4116 1.5032
v 1.1138 0.3369 1.5031
v 1.1579 0.3464 1.5030
v 1.1482 0.3905 1.5031
v 1.0972 0.3855 1.5034
v 1.1292 0.3289 1.5030
v 1.1658 0.3621 1.5030
v 1.1313 0.4005 1.5032
v 1.0838 0.3712 1.5037
v 1.0977 0.3482 1.5032
v 1.1469 0.3327 1.5030
v 1.1619 0.3798 1.5030
v 1.1046 0.4036 1.5037
v 1.1088 0.3780 1.5034
v 1.1513 0.3507 1.5033
v 1.1181 0.3437 1.5033
v 1.1438 0.3838 1.5033
v 1.1575 0.3693 1.5035
v 1.1369 0.3373 1.5035
v 1.1022 0.3594 1.5037
v 1.1230 0.3917 1.5037
v 1.0622 0.3701 1.5031
v 1.0967 0.4236 1.5031
v 1.0643 0.3783 1.5033
v 1.0901 0.4184 1.5033
v 1.0452 0.3829 1.5030
v 1.0779 0.4339 1.5030
v 1.0544 0.4130 1.5033
v 1.0491 0.3938 1.5035
v 1.0697 0.4258 1.5035
v 1.0352 0.3921 1.5024
v 1.0654 0.4391 1.5023
v 1.0453 0.4188 1.5031
v 1.0377 0.4030 1.5030
v 1.0566 0.4324 1.5030
v 1.1046 0.4036 1.4960
v 1.0972 0.3855 1.4963
v 1.1513 0.3507 1.4964
v 1.0838 0.3712 1.4960
v 1.1088 0.3780 1.4963
v 1.1181 0.3437 1.4964
v 1.1369 0.3373 1.4961
v 1.1022 0.3594 1.4960
v 1.1230 0.3917 1.4960
v 1.0901 0.4184 1.4964
v 1.0643 0.3783 1.4964
v 1.0697 0.4258 1.4961
v 1.0544 0.4130 1.4964
v 1.0491 0.3938 1.4961
v 1.1385 0.3257 1.4973
v 1.1688 0.3727 1.4973
v 1.0804 0.3593 1.4964
v 1.1140 0.4116 1.4965
v 1.1138 0.3369 1.4965
v 1.1579 0.3464 1.4966
v 1.1482 0.3905 1.4965
v 1.1292 0.3289 1.4967
v 1.1313 0.4005 1.4964
v 1.0977 0.3482 1.4964
v 1.1469 0.3327 1.4967
v 1.1620 0.3799 1.4967
v 1.0622 0.3701 1.4965
v 1.0967 0.4236 1.4966
v 1.0452 0.3829 1.4967
v 1.0352 0.3921 1.4973
v 1.0654 0.4391 1.4973
v 1.0453 0.4188 1.4966
v 1.0377 0.4030 1.4967
v 1.0566 0.4324 1.4967
v 1.1658 0.3621 1.4967
v 1.1438 0.3838 1.4964
v 1.1575 0.3693 1.4961
v 1.0779 0.4339 1.4967
v 1.0591 0.4083 1.4720
v 1.0591 0.4083 1.5279
v 1.0022 0.4438 1.4689
v 1.0022 0.4438 1.5310
v 1.0361 0.4222 1.4681
v 1.0629 0.4050 1.5000
v 1.0361 0.4222 1.5318
v 1.0021 0.4437 1.5000
v 1.0507 0.4129 1.4697
v 1.0615 0.4060 1.5174
v 1.0195 0.4327 1.5310
v 0.9989 0.4454 1.4807
v 1.0195 0.4327 1.4689
v 1.0615 0.4060 1.4825
v 1.0507 0.4129 1.5303
v 0.9989 0.4454 1.5192
v 1.0137 0.4362 1.5000
v 1.0562 0.4090 1.5000
v 1.0359 0.4221 1.4761
v 1.0359 0.4221 1.5238
v 1.0520 0.4114 1.5190
v 1.0520 0.4114 1.4809
v 1.0173 0.4336 1.4807
v 1.0173 0.4336 1.5192
v 0.9845 0.4553 1.4681
v 0.9845 0.4554 1.5318
v 0.9821 0.4566 1.4761
v 0.9821 0.4566 1.5238
v 0.9667 0.4670 1.4697
v 0.9667 0.4670 1.5303
v 0.9594 0.4713 1.5000
v 0.9642 0.4679 1.4809
v 0.9642 0.4679 1.5190
v 0.9557 0.4747 1.4720
v 0.9557 0.4747 1.5279
v 0.9503 0.4773 1.5000
v 0.9522 0.4762 1.4825
v 0.9522 0.4762 1.5174
v 1.0030 0.4518 1.5192
v 1.0059 0.4497 1.5000
v 1.0600 0.4148 1.5000
v 1.0031 0.4519 1.4807
v 1.0175 0.4422 1.5000
v 1.0396 0.4279 1.4761
v 1.0560 0.4177 1.4809
v 1.0215 0.4400 1.4807
v 1.0215 0.4400 1.5192
v 0.9859 0.4625 1.5238
v 0.9859 0.4625 1.4761
v 0.9682 0.4741 1.5190
v 0.9631 0.4771 1.5000
v 0.9682 0.4741 1.4809
v 1.0618 0.4125 1.4720
v 1.0618 0.4125 1.5279
v 1.0059 0.4495 1.4689
v 1.0059 0.4495 1.5310
v 1.0396 0.4277 1.4681
v 1.0664 0.4104 1.5000
v 1.0396 0.4277 1.5318
v 1.0541 0.4182 1.4697
v 1.0231 0.4384 1.5310
v 1.0231 0.4384 1.4689
v 1.0649 0.4113 1.4825
v 1.0541 0.4182 1.5303
v 0.9881 0.4609 1.4681
v 0.9881 0.4608 1.5318
v 0.9701 0.4723 1.4697
v 0.9585 0.4790 1.4720
v 0.9585 0.4790 1.5279
v 0.9539 0.4828 1.5000
v 0.9556 0.4816 1.4825
v 0.9556 0.4815 1.5174
v 1.0649 0.4113 1.5174
v 1.0396 0.4279 1.5238
v 1.0560 0.4176 1.5190
v 0.9701 0.4723 1.5303
v 1.2555 0.3290 1.4466
v 1.2671 0.3275 1.5013
v 1.1913 0.3455 1.4575
v 1.2042 0.3437 1.5183
v 1.2291 0.3353 1.4484
v 1.2659 0.3263 1.4729
v 1.2424 0.3335 1.5106
v 1.1977 0.3445 1.4879
v 1.2458 0.3310 1.4463
v 1.2678 0.3264 1.4904
v 1.2236 0.3385 1.5140
v 1.1902 0.3456 1.4698
v 1.2107 0.3402 1.4532
v 1.2606 0.3273 1.4562
v 1.2584 0.3293 1.5056
v 1.1982 0.3445 1.5075
v 1.2107 0.3409 1.4850
v 1.2584 0.3281 1.4745
v 1.2307 0.3349 1.4563
v 1.2406 0.3336 1.5028
v 1.2577 0.3286 1.4942
v 1.2498 0.3296 1.4569
v 1.2109 0.3400 1.4653
v 1.2189 0.3389 1.5029
v 1.1713 0.3510 1.4612
v 1.1845 0.3492 1.5234
v 1.1703 0.3513 1.4695
v 1.1802 0.3499 1.5161
v 1.1515 0.3565 1.4671
v 1.1641 0.3548 1.5263
v 1.1497 0.3575 1.4985
v 1.1513 0.3563 1.4786
v 1.1592 0.3553 1.5159
v 1.1395 0.3605 1.4721
v 1.1511 0.3589 1.5268
v 1.1395 0.3605 1.5007
v 1.1379 0.3606 1.4832
v 1.1452 0.3596 1.5174
v 1.2002 0.3519 1.5073
v 1.1995 0.3513 1.4877
v 1.2602 0.3348 1.4743
v 1.1922 0.3530 1.4696
v 1.2125 0.3477 1.4848
v 1.2324 0.3416 1.4561
v 1.2517 0.3368 1.4567
v 1.2129 0.3474 1.4651
v 1.2209 0.3463 1.5027
v 1.1820 0.3566 1.5160
v 1.1721 0.3580 1.4694
v 1.1611 0.3624 1.5157
v 1.1515 0.3642 1.4983
v 1.1531 0.3635 1.4784
v 1.2568 0.3340 1.4465
v 1.2684 0.3324 1.5011
v 1.1931 0.3520 1.4573
v 1.2060 0.3503 1.5181
v 1.2308 0.3416 1.4482
v 1.2675 0.3326 1.4727
v 1.2440 0.3399 1.5105
v 1.2474 0.3371 1.4461
v 1.2253 0.3450 1.5138
v 1.2124 0.3468 1.4531
v 1.2622 0.3334 1.4560
v 1.2600 0.3354 1.5054
v 1.1729 0.3573 1.4610
v 1.1861 0.3555 1.5232
v 1.1531 0.3626 1.4669
v 1.1408 0.3654 1.4720
v 1.1524 0.3638 1.5267
v 1.1412 0.3668 1.5005
v 1.1396 0.3667 1.4830
v 1.1468 0.3657 1.5172
v 1.2694 0.3324 1.4902
v 1.2423 0.3403 1.5027
v 1.2596 0.3357 1.4940
v 1.1657 0.3609 1.5262
v 1.3653 0.2823 1.4480
v 1.3722 0.3378 1.4465
v 1.3000 0.2877 1.4629
v 1.3077 0.3494 1.4613
v 1.3389 0.2819 1.4545
v 1.3738 0.3094 1.4469
v 1.3468 0.3450 1.4528
v 1.3038 0.3186 1.4623
v 1.3558 0.2812 1.4507
v 1.3742 0.3270 1.4467
v 1.3276 0.3468 1.4570
v 1.2981 0.2999 1.4638
v 1.3199 0.2851 1.4587
v 1.3698 0.2923 1.4477
v 1.3633 0.3413 1.4491
v 1.3028 0.3381 1.4628
v 1.3173 0.3168 1.4594
v 1.3662 0.3104 1.4488
v 1.3399 0.2898 1.4545
v 1.3458 0.3371 1.4532
v 1.3639 0.3299 1.4495
v 1.3592 0.2922 1.4505
v 1.3193 0.2972 1.4593
v 1.3241 0.3353 1.4582
v 1.2794 0.2897 1.4673
v 1.2873 0.3528 1.4655
v 1.2779 0.2979 1.4678
v 1.2838 0.3452 1.4665
v 1.2590 0.2939 1.4715
v 1.2665 0.3540 1.4699
v 1.2546 0.3250 1.4728
v 1.2580 0.3054 1.4723
v 1.2627 0.3431 1.4713
v 1.2461 0.2979 1.4737
v 1.2531 0.3534 1.4722
v 1.2440 0.3264 1.4749
v 1.2439 0.3088 1.4748
v 1.2482 0.3434 1.4738
v 1.3012 0.3381 1.4553
v 1.3024 0.3186 1.4554
v 1.3648 0.3104 1.4420
v 1.2965 0.2999 1.4563
v 1.3158 0.3168 1.4525
v 1.3384 0.2898 1.4477
v 1.3576 0.2922 1.4433
v 1.3177 0.2972 1.4518
v 1.3225 0.3353 1.4508
v 1.2823 0.3452 1.4598
v 1.2764 0.2979 1.4610
v 1.2611 0.3431 1.4641
v 1.2531 0.3250 1.4661
v 1.2564 0.3054 1.4651
v 1.3642 0.2823 1.4431
v 1.3711 0.3378 1.4416
v 1.2986 0.2878 1.4563
v 1.3063 0.3494 1.4547
v 1.3375 0.2819 1.4481
v 1.3724 0.3094 1.4406
v 1.3454 0.3450 1.4464
v 1.3545 0.2812 1.4445
v 1.3262 0.3468 1.4504
v 1.3185 0.2851 1.4520
v 1.3685 0.2923 1.4415
v 1.3620 0.3413 1.4429
v 1.2781 0.2897 1.4609
v 1.2860 0.3528 1.4592
v 1.2576 0.2939 1.4654
v 1.2451 0.2979 1.4687
v 1.2520 0.3534 1.4672
v 1.2426 0.3264 1.4685
v 1.2426 0.3088 1.4686
v 1.2469 0.3435 1.4677
v 1.3729 0.3270 1.4406
v 1.3443 0.3371 1.4464
v 1.3624 0.3299 1.4423
v 1.2651 0.3540 1.4638
v 1.5848 0.3031 1.2042
v 1.6224 0.3019 1.2456
v 1.5332 0.2964 1.2467
v 1.5750 0.2951 1.2926
v 1.5624 0.3001 1.2193
v 1.6073 0.3023 1.2215
v 1.6052 0.2987 1.2663
v 1.5541 0.2956 1.2697
v 1.5761 0.3017 1.2088
v 1.6178 0.3018 1.2356
v 1.5902 0.2969 1.2789
v 1.5385 0.2954 1.2579
v 1.5484 0.2982 1.2330
v 1.5942 0.3026 1.2097
v 1.6169 0.3004 1.2537
v 1.5644 0.2945 1.2863
v 1.5643 0.2968 1.2604
v 1.6016 0.3014 1.2267
v 1.5677 0.2997 1.2252
v 1.5998 0.2987 1.2605
v 1.6108 0.3003 1.2440
v 1.5852 0.3011 1.2159
v 1.5547 0.2973 1.2432
v 1.5806 0.2965 1.2716
v 1.5171 0.2947 1.2603
v 1.5600 0.2933 1.3074
v 1.5205 0.2940 1.2680
v 1.5526 0.2930 1.3032
v 1.5024 0.2928 1.2757
v 1.5432 0.2916 1.3205
v 1.5166 0.2911 1.3037
v 1.5081 0.2918 1.2857
v 1.5338 0.2910 1.3138
v 1.4941 0.2922 1.2864
v 1.5317 0.2910 1.3278
v 1.5086 0.2904 1.3110
v 1.4984 0.2911 1.2966
v 1.5219 0.2903 1.3225
v 1.5640 0.3022 1.2869
v 1.5537 0.3026 1.2703
v 1.6012 0.3082 1.2272
v 1.5381 0.3030 1.2584
v 1.5640 0.3038 1.2610
v 1.5674 0.3066 1.2257
v 1.5848 0.3084 1.2164
v 1.5543 0.3049 1.2438
v 1.5802 0.3041 1.2722
v 1.5523 0.2999 1.3037
v 1.5202 0.3009 1.2685
v 1.5334 0.2984 1.3144
v 1.5162 0.2980 1.3042
v 1.5078 0.2992 1.2862
v 1.5845 0.3082 1.2046
v 1.6221 0.3070 1.2459
v 1.5329 0.3031 1.2472
v 1.5747 0.3018 1.2932
v 1.5620 0.3066 1.2198
v 1.6070 0.3087 1.2219
v 1.6049 0.3052 1.2668
v 1.5758 0.3080 1.2093
v 1.5898 0.3036 1.2794
v 1.5480 0.3050 1.2335
v 1.5939 0.3088 1.2102
v 1.6166 0.3067 1.2541
v 1.5168 0.3012 1.2608
v 1.5596 0.2998 1.3078
v 1.5021 0.2991 1.2761
v 1.4938 0.2973 1.2868
v 1.5315 0.2961 1.3281
v 1.5082 0.2968 1.3115
v 1.4981 0.2973 1.2971
v 1.5216 0.2966 1.3230
v 1.6174 0.3081 1.2361
v 1.5994 0.3056 1.2610
v 1.6104 0.3076 1.2446
v 1.5429 0.2978 1.3210
v 1.6888 0.2859 1.1501
v 1.6860 0.3416 1.1543
v 1.6401 0.2769 1.1953
v 1.6369 0.3387 1.2000
v 1.6697 0.2797 1.1683
v 1.6916 0.3142 1.1493
v 1.6664 0.3431 1.1731
v 1.6385 0.3078 1.1978
v 1.6823 0.2827 1.1568
v 1.6893 0.3314 1.1518
v 1.6520 0.3405 1.1863
v 1.6371 0.2883 1.1990
v 1.6552 0.2787 1.1816
v 1.6911 0.2966 1.1491
v 1.6792 0.3431 1.1613
v 1.6351 0.3266 1.2019
v 1.6488 0.3090 1.1886
v 1.6860 0.3135 1.1547
v 1.6694 0.2876 1.1691
v 1.6669 0.3351 1.1727
v 1.6816 0.3320 1.1596
v 1.6835 0.2941 1.1567
v 1.6533 0.2903 1.1843
v 1.6513 0.3286 1.1872
v 1.6245 0.2742 1.2093
v 1.6212 0.3376 1.2141
v 1.6222 0.2820 1.2119
v 1.6198 0.3294 1.2155
v 1.6086 0.2739 1.2236
v 1.6055 0.3342 1.2282
v 1.6010 0.3033 1.2318
v 1.6065 0.2849 1.2266
v 1.6045 0.3228 1.2294
v 1.5982 0.2750 1.2323
v 1.5953 0.3307 1.2365
v 1.5928 0.3023 1.2389
v 1.5953 0.2851 1.2360
v 1.5935 0.3199 1.2387
v 1.6300 0.3268 1.1962
v 1.6338 0.3079 1.1926
v 1.6813 0.3136 1.1496
v 1.6319 0.2885 1.1933
v 1.6440 0.3092 1.1834
v 1.6647 0.2878 1.1640
v 1.6785 0.2943 1.1513
v 1.6481 0.2904 1.1787
v 1.6461 0.3287 1.1816
v 1.6151 0.3296 1.2103
v 1.6175 0.2821 1.2067
v 1.5996 0.3229 1.2240
v 1.5964 0.3034 1.2267
v 1.6015 0.2850 1.2211
v 1.6854 0.2860 1.1463
v 1.6826 0.3417 1.1505
v 1.6355 0.2770 1.1903
v 1.6324 0.3389 1.1950
v 1.6653 0.2798 1.1635
v 1.6872 0.3143 1.1445
v 1.6620 0.3432 1.1683
v 1.6780 0.2829 1.1521
v 1.6475 0.3407 1.1813
v 1.6507 0.2788 1.1766
v 1.6869 0.2968 1.1445
v 1.6750 0.3432 1.1567
v 1.6201 0.2744 1.2045
v 1.6168 0.3378 1.2093
v 1.6043 0.2740 1.2189
v 1.5947 0.2751 1.2285
v 1.5919 0.3308 1.2327
v 1.5885 0.3025 1.2341
v 1.5910 0.2853 1.2314
v 1.5892 0.3201 1.2340
v 1.6851 0.3316 1.1471
v 1.6623 0.3352 1.1676
v 1.6766 0.3322 1.1542
v 1.6012 0.3344 1.2235
v 1.5234 0.2578 1.3046
v 1.5287 0.3133 1.2999
v 1.4739 0.2632 1.3497
v 1.4798 0.3249 1.3444
v 1.5036 0.2574 1.3232
v 1.5303 0.2849 1.2995
v 1.5096 0.3205 1.3178
v 1.4769 0.2941 1.3472
v 1.5165 0.2567 1.3116
v 1.5305 0.3025 1.2991
v 1.4950 0.3223 1.3309
v 1.4727 0.2754 1.3514
v 1.4892 0.2606 1.3362
v 1.5272 0.2678 1.3021
v 1.5222 0.3168 1.3065
v 1.4763 0.3136 1.3482
v 1.4872 0.2923 1.3381
v 1.5246 0.2859 1.3048
v 1.5044 0.2653 1.3227
v 1.5090 0.3126 1.3187
v 1.5230 0.3054 1.3066
v 1.5194 0.2677 1.3098
v 1.4889 0.2727 1.3370
v 1.4926 0.3108 1.3338
v 1.4581 0.2652 1.3635
v 1.4641 0.3283 1.3582
v 1.4570 0.2734 1.3648
v 1.4615 0.3207 1.3608
v 1.4424 0.2694 1.3773
v 1.4481 0.3295 1.3722
v 1.4392 0.3005 1.3806
v 1.4419 0.2809 1.3785
v 1.4455 0.3186 1.3753
v 1.4322 0.2734 1.3855
v 1.4375 0.3289 1.3808
v 1.4310 0.3019 1.3876
v 1.4308 0.2843 1.3876
v 1.4342 0.3189 1.3846
v 1.4712 0.3136 1.3424
v 1.4723 0.2941 1.3420
v 1.5200 0.2859 1.2997
v 1.4676 0.2754 1.3457
v 1.4825 0.2923 1.3328
v 1.4998 0.2653 1.3175
v 1.5145 0.2677 1.3043
v 1.4838 0.2727 1.3313
v 1.4875 0.3108 1.3280
v 1.4569 0.3207 1.3556
v 1.4524 0.2734 1.3596
v 1.4406 0.3186 1.3698
v 1.4346 0.3005 1.3754
v 1.4370 0.2809 1.3730
v 1.5201 0.2578 1.3008
v 1.5254 0.3133 1.2961
v 1.4694 0.2632 1.3446
v 1.4753 0.3249 1.3394
v 1.4993 0.2574 1.3183
v 1.5260 0.2849 1.2946
v 1.5053 0.3205 1.3130
v 1.5123 0.2567 1.3069
v 1.4906 0.3223 1.3259
v 1.4847 0.2606 1.3311
v 1.5231 0.2678 1.2974
v 1.5181 0.3168 1.3018
v 1.4538 0.2652 1.3586
v 1.4598 0.3283 1.3533
v 1.4382 0.2694 1.3726
v 1.4289 0.2734 1.3817
v 1.4342 0.3289 1.3770
v 1.4267 0.3019 1.3827
v 1.4267 0.2843 1.3828
v 1.4300 0.3190 1.3799
v 1.5264 0.3025 1.2944
v 1.5044 0.3126 1.3135
v 1.5181 0.3054 1.3011
v 1.4439 0.3295 1.3675
v 1.4378 0.3017 1.3577
v 1.4657 0.3017 1.4062
v 1.3785 0.3093 1.3882
v 1.4094 0.3094 1.4421
v 1.4127 0.3044 1.3677
v 1.4560 0.3004 1.3795
v 1.4444 0.3044 1.4229
v 1.3939 0.3092 1.4152
v 1.4283 0.3023 1.3605
v 1.4632 0.3007 1.3956
v 1.4271 0.3068 1.4320
v 1.3812 0.3093 1.4003
v 1.3962 0.3067 1.3781
v 1.4458 0.3007 1.3653
v 1.4585 0.3023 1.4131
v 1.4004 0.3093 1.4337
v 1.4058 0.3075 1.4084
v 1.4492 0.3011 1.3834
v 1.4166 0.3042 1.3747
v 1.4403 0.3042 1.4160
v 1.4545 0.3015 1.4024
v 1.4356 0.3015 1.3693
v 1.4001 0.3066 1.3895
v 1.4192 0.3066 1.4228
v 1.3600 0.3121 1.3980
v 1.3917 0.3121 1.4532
v 1.3616 0.3123 1.4062
v 1.3853 0.3123 1.4476
v 1.3424 0.3149 1.4098
v 1.3726 0.3150 1.4624
v 1.3502 0.3157 1.4403
v 1.3457 0.3147 1.4209
v 1.3647 0.3147 1.4539
v 1.3321 0.3173 1.4184
v 1.3600 0.3173 1.4669
v 1.3409 0.3173 1.4456
v 1.3340 0.3171 1.4294
v 1.3514 0.3171 1.4597
v 1.4012 0.3169 1.4332
v 1.3947 0.3162 1.4148
v 1.4500 0.3080 1.3830
v 1.3821 0.3169 1.3998
v 1.4066 0.3144 1.4079
v 1.4174 0.3110 1.3743
v 1.4364 0.3088 1.3689
v 1.4009 0.3142 1.3890
v 1.4200 0.3142 1.4224
v 1.3861 0.3191 1.4471
v 1.3624 0.3191 1.4058
v 1.3655 0.3221 1.4534
v 1.3509 0.3226 1.4398
v 1.3466 0.3221 1.4204
v 1.4384 0.3067 1.3574
v 1.4662 0.3067 1.4059
v 1.3793 0.3161 1.3878
v 1.4102 0.3160 1.4417
v 1.4134 0.3109 1.3673
v 1.4567 0.3068 1.3791
v 1.4451 0.3109 1.4225
v 1.4290 0.3085 1.3601
v 1.4278 0.3134 1.4315
v 1.3969 0.3134 1.3777
v 1.4465 0.3069 1.3649
v 1.4592 0.3085 1.4127
v 1.3607 0.3186 1.3976
v 1.3924 0.3186 1.4528
v 1.3431 0.3212 1.4094
v 1.3327 0.3223 1.4181
v 1.3605 0.3223 1.4666
v 1.3416 0.3237 1.4452
v 1.3347 0.3234 1.4290
v 1.3521 0.3234 1.4593
v 1.4639 0.3069 1.3952
v 1.4411 0.3110 1.4156
v 1.4553 0.3088 1.4019
v 1.3733 0.3212 1.4620
v 1.8001 0.3054 0.9549
v 1.7987 0.3611 0.9598
v 1.7680 0.2964 1.0132
v 1.7664 0.3582 1.0186
v 1.7876 0.2992 0.9782
v 1.8025 0.3337 0.9533
v 1.7861 0.3626 0.9838
v 1.7673 0.3273 1.0160
v 1.7960 0.3022 0.9633
v 1.8011 0.3509 0.9564
v 1.7765 0.3601 1.0008
v 1.7663 0.3078 1.0176
v 1.7781 0.2982 0.9954
v 1.8020 0.3161 0.9533
v 1.7945 0.3626 0.9686
v 1.7654 0.3461 1.0210
v 1.7741 0.3285 1.0040
v 1.7988 0.3330 0.9602
v 1.7876 0.3071 0.9791
v 1.7864 0.3546 0.9833
v 1.7962 0.3515 0.9662
v 1.7971 0.3136 0.9629
v 1.7771 0.3098 0.9986
v 1.7761 0.3481 1.0020
v 1.7575 0.2937 1.0313
v 1.7559 0.3571 1.0369
v 1.7562 0.3015 1.0345
v 1.7550 0.3489 1.0387
v 1.7469 0.2934 1.0499
v 1.7454 0.3537 1.0552
v 1.7423 0.3228 1.0600
v 1.7459 0.3044 1.0534
v 1.7449 0.3423 1.0567
v 1.7398 0.2945 1.0614
v 1.7384 0.3502 1.0663
v 1.7368 0.3218 1.0693
v 1.7382 0.3046 1.0659
v 1.7373 0.3394 1.0689
v 1.7587 0.3463 1.0172
v 1.7612 0.3275 1.0126
v 1.7928 0.3332 0.9569
v 1.7596 0.3080 1.0138
v 1.7680 0.3287 1.0006
v 1.7815 0.3073 0.9757
v 1.7907 0.3138 0.9593
v 1.7704 0.3099 0.9948
v 1.7694 0.3482 0.9982
v 1.7490 0.3491 1.0353
v 1.7502 0.3016 1.0311
v 1.7385 0.3424 1.0531
v 1.7363 0.3230 1.0566
v 1.7394 0.3045 1.0497
v 1.7957 0.3055 0.9524
v 1.7943 0.3612 0.9573
v 1.7621 0.2965 1.0098
v 1.7606 0.3584 1.0153
v 1.7819 0.2993 0.9750
v 1.7968 0.3338 0.9501
v 1.7804 0.3627 0.9806
v 1.7905 0.3024 0.9602
v 1.7706 0.3602 0.9975
v 1.7722 0.2983 0.9921
v 1.7965 0.3163 0.9502
v 1.7890 0.3627 0.9655
v 1.7518 0.2939 1.0281
v 1.7503 0.3573 1.0337
v 1.7414 0.2935 1.0468
v 1.7353 0.2947 1.0589
v 1.7339 0.3503 1.0638
v 1.7311 0.3220 1.0661
v 1.7327 0.3048 1.0628
v 1.7318 0.3396 1.0658
v 1.7956 0.3511 0.9533
v 1.7804 0.3547 0.9799
v 1.7898 0.3517 0.9626
v 1.7399 0.3539 1.0521
v 1.7183 0.3226 1.0389
v 1.7669 0.3214 1.0664
v 1.6826 0.3159 1.0954
v 1.7367 0.3146 1.1260
v 1.7017 0.3196 1.0603
v 1.7451 0.3218 1.0482
v 1.7571 0.3182 1.0915
v 1.7096 0.3151 1.1108
v 1.7115 0.3212 1.0460
v 1.7594 0.3213 1.0584
v 1.7468 0.3164 1.1082
v 1.6912 0.3149 1.1044
v 1.6927 0.3177 1.0777
v 1.7290 0.3221 1.0412
v 1.7643 0.3199 1.0758
v 1.7247 0.3140 1.1233
v 1.7165 0.3163 1.0987
v 1.7412 0.3209 1.0550
v 1.7086 0.3192 1.0642
v 1.7501 0.3182 1.0877
v 1.7554 0.3198 1.0686
v 1.7223 0.3206 1.0499
v 1.7019 0.3168 1.0854
v 1.7354 0.3160 1.1043
v 1.6716 0.3142 1.1134
v 1.7270 0.3128 1.1447
v 1.6772 0.3136 1.1196
v 1.7187 0.3125 1.1430
v 1.6625 0.3124 1.1326
v 1.7152 0.3111 1.1624
v 1.6847 0.3107 1.1548
v 1.6710 0.3113 1.1403
v 1.7042 0.3105 1.1590
v 1.6579 0.3117 1.1454
v 1.7066 0.3106 1.1729
v 1.6793 0.3099 1.1642
v 1.6652 0.3106 1.1538
v 1.6956 0.3098 1.1709
v 1.7245 0.3217 1.1239
v 1.7095 0.3221 1.1114
v 1.7411 0.3277 1.0556
v 1.6910 0.3225 1.1050
v 1.7163 0.3233 1.0994
v 1.7085 0.3261 1.0648
v 1.7221 0.3280 1.0505
v 1.7017 0.3244 1.0861
v 1.7352 0.3236 1.1050
v 1.7186 0.3194 1.1436
v 1.6771 0.3205 1.1202
v 1.7040 0.3179 1.1597
v 1.6845 0.3175 1.1554
v 1.6708 0.3187 1.1410
v 1.7181 0.3277 1.0394
v 1.7668 0.3265 1.0668
v 1.6825 0.3226 1.0960
v 1.7366 0.3213 1.1266
v 1.7015 0.3261 1.0608
v 1.7449 0.3282 1.0488
v 1.7570 0.3247 1.0921
v 1.7114 0.3275 1.0466
v 1.7466 0.3231 1.1088
v 1.6926 0.3245 1.0783
v 1.7288 0.3284 1.0418
v 1.7641 0.3262 1.0764
v 1.6714 0.3207 1.1140
v 1.7269 0.3193 1.1452
v 1.6623 0.3187 1.1331
v 1.6578 0.3168 1.1459
v 1.7065 0.3156 1.1733
v 1.6792 0.3164 1.1648
v 1.6650 0.3168 1.1543
v 1.6955 0.3161 1.1715
v 1.7593 0.3276 1.0589
v 1.7500 0.3251 1.0883
v 1.7552 0.3271 1.0692
v 1.7151 0.3173 1.1629
v 1.8200 0.3539 0.8549
v 1.8693 0.3564 0.8810
v 1.7875 0.3366 0.9110
v 1.8423 0.3393 0.9401
v 1.8047 0.3465 0.8761
v 1.8470 0.3557 0.8635
v 1.8609 0.3493 0.9059
v 1.8149 0.3378 0.9256
v 1.8137 0.3509 0.8619
v 1.8616 0.3561 0.8732
v 1.8515 0.3443 0.9224
v 1.7964 0.3358 0.9196
v 1.7967 0.3416 0.8933
v 1.8308 0.3546 0.8569
v 1.8672 0.3535 0.8903
v 1.8304 0.3375 0.9376
v 1.8211 0.3412 0.9137
v 1.8435 0.3536 0.8702
v 1.8118 0.3466 0.8798
v 1.8538 0.3487 0.9022
v 1.8582 0.3530 0.8832
v 1.8246 0.3513 0.8654
v 1.8062 0.3411 0.9007
v 1.8401 0.3428 0.9187
v 1.7774 0.3315 0.9289
v 1.8336 0.3343 0.9587
v 1.7833 0.3310 0.9349
v 1.8254 0.3331 0.9572
v 1.7693 0.3265 0.9480
v 1.8228 0.3292 0.9764
v 1.7923 0.3255 0.9694
v 1.7782 0.3259 0.9554
v 1.8117 0.3275 0.9732
v 1.7653 0.3240 0.9607
v 1.8146 0.3264 0.9869
v 1.7874 0.3230 0.9788
v 1.7730 0.3229 0.9688
v 1.8038 0.3244 0.9851
v 1.8292 0.3449 0.9391
v 1.8139 0.3446 0.9270
v 1.8425 0.3603 0.8716
v 1.7953 0.3432 0.9211
v 1.8200 0.3480 0.9150
v 1.8107 0.3534 0.8812
v 1.8235 0.3585 0.8669
v 1.8050 0.3486 0.9022
v 1.8390 0.3502 0.9202
v 1.8243 0.3398 0.9586
v 1.7823 0.3378 0.9363
v 1.8106 0.3346 0.9746
v 1.7913 0.3322 0.9707
v 1.7770 0.3330 0.9568
v 1.8192 0.3589 0.8559
v 1.8686 0.3613 0.8820
v 1.7865 0.3432 0.9124
v 1.8413 0.3458 0.9414
v 1.8037 0.3528 0.8774
v 1.8460 0.3620 0.8648
v 1.8599 0.3556 0.9072
v 1.8128 0.3570 0.8632
v 1.8505 0.3509 0.9238
v 1.7956 0.3482 0.8947
v 1.8298 0.3607 0.8581
v 1.8663 0.3596 0.8915
v 1.7764 0.3379 0.9302
v 1.8326 0.3406 0.9600
v 1.7683 0.3326 0.9492
v 1.7645 0.3289 0.9617
v 1.8139 0.3313 0.9879
v 1.7865 0.3293 0.9801
v 1.7720 0.3290 0.9700
v 1.8029 0.3305 0.9864
v 1.8607 0.3622 0.8745
v 1.8528 0.3554 0.9035
v 1.8571 0.3601 0.8847
v 1.8218 0.3353 0.9776
v 1.9004 0.3568 0.7678
v 1.8919 0.4109 0.7788
v 1.8718 0.3374 0.8254
v 1.8624 0.3976 0.8376
v 1.8897 0.3465 0.7906
v 1.8990 0.3851 0.7693
v 1.8800 0.4081 0.8030
v 1.8672 0.3675 0.8316
v 1.8970 0.3522 0.7759
v 1.8955 0.4016 0.7742
v 1.8715 0.4026 0.8199
v 1.8688 0.3480 0.8311
v 1.8809 0.3424 0.8077
v 1.9008 0.3677 0.7674
v 1.8879 0.4109 0.7878
v 1.8630 0.3853 0.8386
v 1.8733 0.3709 0.8197
v 1.8957 0.3832 0.7761
v 1.8886 0.3542 0.7923
v 1.8814 0.4004 0.8016
v 1.8909 0.4005 0.7842
v 1.8967 0.3636 0.7767
v 1.8785 0.3534 0.8122
v 1.8727 0.3906 0.8197
v 1.8624 0.3315 0.8434
v 1.8528 0.3932 0.8559
v 1.8602 0.3386 0.8474
v 1.8530 0.3848 0.8567
v 1.8526 0.3278 0.8620
v 1.8434 0.3865 0.8739
v 1.8445 0.3551 0.8754
v 1.8502 0.3381 0.8667
v 1.8445 0.3750 0.8741
v 1.8457 0.3268 0.8737
v 1.8372 0.3809 0.8846
v 1.8395 0.3524 0.8846
v 1.8430 0.3360 0.8793
v 1.8377 0.3699 0.8861
v 1.8562 0.3850 0.8350
v 1.8610 0.3672 0.8283
v 1.8897 0.3829 0.7729
v 1.8620 0.3477 0.8275
v 1.8672 0.3706 0.8164
v 1.8825 0.3539 0.7890
v 1.8902 0.3633 0.7733
v 1.8718 0.3530 0.8086
v 1.8660 0.3903 0.8161
v 1.8469 0.3845 0.8535
v 1.8541 0.3383 0.8441
v 1.8379 0.3747 0.8707
v 1.8384 0.3548 0.8721
v 1.8437 0.3378 0.8632
v 1.8959 0.3565 0.7654
v 1.8875 0.4107 0.7764
v 1.8658 0.3371 0.8222
v 1.8564 0.3973 0.8344
v 1.8839 0.3462 0.7875
v 1.8933 0.3848 0.7663
v 1.8743 0.4079 0.8000
v 1.8915 0.3519 0.7730
v 1.8656 0.4023 0.8167
v 1.8750 0.3421 0.8045
v 1.8952 0.3675 0.7644
v 1.8823 0.4106 0.7849
v 1.8566 0.3312 0.8403
v 1.8470 0.3929 0.8528
v 1.8470 0.3275 0.8590
v 1.8412 0.3266 0.8713
v 1.8328 0.3807 0.8823
v 1.8338 0.3522 0.8816
v 1.8374 0.3358 0.8763
v 1.8322 0.3696 0.8832
v 1.8900 0.4013 0.7713
v 1.8753 0.4001 0.7984
v 1.8844 0.4001 0.7807
v 1.8378 0.3862 0.8709
v 1.9157 0.4068 0.5542
v 1.9109 0.4610 0.5672
v 1.9058 0.3875 0.6177
v 1.9006 0.4476 0.6322
v 1.9124 0.3965 0.5791
v 1.9148 0.4351 0.5560
v 1.9070 0.4582 0.5940
v 1.9033 0.4175 0.6251
v 1.9150 0.4022 0.5630
v 1.9130 0.4516 0.5618
v 1.9039 0.4526 0.6126
v 1.9047 0.3980 0.6241
v 1.9092 0.3925 0.5981
v 1.9160 0.4178 0.5537
v 1.9098 0.4609 0.5771
v 1.9014 0.4353 0.6330
v 1.9056 0.4209 0.6118
v 1.9138 0.4332 0.5636
v 1.9119 0.4042 0.5811
v 1.9078 0.4504 0.5922
v 1.9116 0.4505 0.5727
v 1.9148 0.4136 0.5638
v 1.9083 0.4034 0.6031
v 1.9050 0.4407 0.6121
v 1.9023 0.3815 0.6377
v 1.8969 0.4432 0.6526
v 1.9014 0.3887 0.6422
v 1.8974 0.4348 0.6533
v 1.8986 0.3778 0.6584
v 1.8934 0.4365 0.6725
v 1.8950 0.4051 0.6736
v 1.8978 0.3881 0.6636
v 1.8945 0.4250 0.6725
v 1.8956 0.3768 0.6717
v 1.8908 0.4310 0.6847
v 1.8930 0.4025 0.6840
v 1.8947 0.3861 0.6778
v 1.8917 0.4199 0.6860
v 1.8939 0.4350 0.6316
v 1.8964 0.4172 0.6238
v 1.9070 0.4329 0.5623
v 1.8972 0.3977 0.6227
v 1.8987 0.4206 0.6106
v 1.9051 0.4040 0.5799
v 1.9076 0.4133 0.5625
v 1.9007 0.4031 0.6018
v 1.8975 0.4403 0.6107
v 1.8906 0.4345 0.6521
v 1.8946 0.3884 0.6410
v 1.8873 0.4247 0.6712
v 1.8882 0.4048 0.6724
v 1.8905 0.3878 0.6623
v 1.9107 0.4066 0.5533
v 1.9060 0.4607 0.5663
v 1.8992 0.3872 0.6165
v 1.8939 0.4473 0.6310
v 1.9059 0.3962 0.5780
v 1.9085 0.4349 0.5549
v 1.9005 0.4579 0.5928
v 1.9087 0.4019 0.5618
v 1.8973 0.4524 0.6114
v 1.9025 0.3922 0.5969
v 1.9098 0.4175 0.5525
v 1.9036 0.4606 0.5759
v 1.8959 0.3813 0.6366
v 1.8905 0.4429 0.6514
v 1.8924 0.3775 0.6573
v 1.8906 0.3766 0.6708
v 1.8859 0.4308 0.6838
v 1.8866 0.4022 0.6828
v 1.8885 0.3858 0.6767
v 1.8855 0.4197 0.6848
v 1.9068 0.4513 0.5607
v 1.9010 0.4501 0.5910
v 1.9044 0.4502 0.5714
v 1.8873 0.4363 0.6714
v 1.8790 0.4040 0.6602
v 1.9340 0.4064 0.6703
v 1.8651 0.3867 0.7236
v 1.9261 0.3893 0.7347
v 1.8709 0.3965 0.6851
v 1.9074 0.4057 0.6603
v 1.9335 0.3993 0.6965
v 1.8956 0.3878 0.7292
v 1.8752 0.4009 0.6688
v 1.9243 0.4061 0.6651
v 1.9295 0.3944 0.7151
v 1.8762 0.3858 0.7291
v 1.8684 0.3917 0.7040
v 1.8899 0.4046 0.6589
v 1.9348 0.4036 0.6797
v 1.9140 0.3875 0.7360
v 1.8979 0.3912 0.7159
v 1.9061 0.4036 0.6677
v 1.8788 0.3967 0.6865
v 1.9256 0.3987 0.6951
v 1.9241 0.4030 0.6757
v 1.8867 0.4014 0.6689
v 1.8797 0.3912 0.7081
v 1.9175 0.3928 0.7150
v 1.8609 0.3816 0.7437
v 1.9234 0.3843 0.7551
v 1.8683 0.3811 0.7476
v 1.9151 0.3831 0.7562
v 1.8589 0.3766 0.7643
v 1.9184 0.3792 0.7752
v 1.8873 0.3755 0.7778
v 1.8696 0.3759 0.7687
v 1.9070 0.3775 0.7755
v 1.8589 0.3740 0.7777
v 1.9139 0.3764 0.7877
v 1.8855 0.3731 0.7882
v 1.8687 0.3729 0.7830
v 1.9030 0.3744 0.7893
v 1.9133 0.3949 0.7377
v 1.8950 0.3946 0.7308
v 1.9056 0.4103 0.6693
v 1.8755 0.3933 0.7308
v 1.8973 0.3980 0.7176
v 1.8782 0.4034 0.6881
v 1.8860 0.4085 0.6706
v 1.8791 0.3986 0.7099
v 1.9169 0.4002 0.7168
v 1.9146 0.3898 0.7578
v 1.8677 0.3878 0.7492
v 1.9064 0.3847 0.7772
v 1.8867 0.3822 0.7794
v 1.8690 0.3830 0.7704
v 1.8786 0.4089 0.6614
v 1.9336 0.4113 0.6714
v 1.8645 0.3932 0.7251
v 1.9256 0.3959 0.7363
v 1.8703 0.4029 0.6866
v 1.9069 0.4120 0.6618
v 1.9329 0.4056 0.6980
v 1.8747 0.4070 0.6703
v 1.9289 0.4009 0.7167
v 1.8679 0.3982 0.7055
v 1.8894 0.4107 0.6603
v 1.9343 0.4097 0.6812
v 1.8603 0.3879 0.7452
v 1.9229 0.3907 0.7566
v 1.8583 0.3827 0.7658
v 1.8585 0.3789 0.7789
v 1.9135 0.3813 0.7889
v 1.8850 0.3793 0.7897
v 1.8681 0.3790 0.7845
v 1.9025 0.3805 0.7908
v 1.9237 0.4122 0.6666
v 1.9250 0.4054 0.6967
v 1.9234 0.4101 0.6774
v 1.9179 0.3853 0.7766
v 1.8681 0.4567 0.4572
v 1.9239 0.4592 0.4542
v 1.8693 0.4394 0.5221
v 1.9313 0.4421 0.5187
v 1.8660 0.4493 0.4833
v 1.8957 0.4585 0.4507
v 1.9295 0.4520 0.4798
v 1.9003 0.4406 0.5204
v 1.8664 0.4537 0.4665
v 1.9133 0.4589 0.4515
v 1.9300 0.4471 0.4988
v 1.8814 0.4386 0.5249
v 1.8680 0.4444 0.5022
v 1.8784 0.4574 0.4534
v 1.9269 0.4563 0.4632
v 1.9198 0.4402 0.5227
v 1.8994 0.4440 0.5070
v 1.8962 0.4564 0.4582
v 1.8740 0.4494 0.4829
v 1.9215 0.4515 0.4802
v 1.9155 0.4558 0.4618
v 1.8776 0.4541 0.4639
v 1.8800 0.4439 0.5037
v 1.9184 0.4456 0.5015
v 1.8699 0.4343 0.5426
v 1.9334 0.4371 0.5391
v 1.8781 0.4338 0.5447
v 1.9256 0.4359 0.5421
v 1.8728 0.4293 0.5632
v 1.9333 0.4319 0.5598
v 1.9036 0.4282 0.5696
v 1.8842 0.4286 0.5649
v 1.9222 0.4303 0.5628
v 1.8760 0.4267 0.5761
v 1.9318 0.4292 0.5731
v 1.9043 0.4258 0.5802
v 1.8867 0.4257 0.5791
v 1.9216 0.4272 0.5771
v 1.9195 0.4477 0.5246
v 1.9001 0.4474 0.5222
v 1.8960 0.4630 0.4599
v 1.8812 0.4460 0.5267
v 1.8993 0.4508 0.5087
v 1.8738 0.4561 0.4846
v 1.8773 0.4613 0.4657
v 1.8798 0.4514 0.5055
v 1.9181 0.4530 0.5034
v 1.9254 0.4426 0.5438
v 1.8779 0.4405 0.5464
v 1.9220 0.4374 0.5646
v 1.9034 0.4349 0.5713
v 1.8840 0.4358 0.5667
v 1.8680 0.4616 0.4585
v 1.9238 0.4641 0.4554
v 1.8692 0.4460 0.5238
v 1.9311 0.4486 0.5203
v 1.8658 0.4556 0.4849
v 1.8955 0.4648 0.4523
v 1.9293 0.4584 0.4814
v 1.8662 0.4598 0.4681
v 1.9298 0.4536 0.5005
v 1.8678 0.4510 0.5039
v 1.8782 0.4635 0.4549
v 1.9267 0.4624 0.4647
v 1.8697 0.4407 0.5442
v 1.9332 0.4434 0.5407
v 1.8726 0.4354 0.5647
v 1.8758 0.4317 0.5774
v 1.9316 0.4341 0.5743
v 1.9041 0.4321 0.5818
v 1.8865 0.4318 0.5806
v 1.9214 0.4333 0.5787
v 1.9131 0.4650 0.4530
v 1.9213 0.4582 0.4820
v 1.9153 0.4629 0.4636
v 1.9331 0.4380 0.5614
v 1.8846 0.4518 0.3416
v 1.8838 0.5059 0.3555
v 1.8936 0.4324 0.4053
v 1.8927 0.4926 0.4207
v 1.8886 0.4415 0.3664
v 1.8843 0.4801 0.3436
v 1.8878 0.5031 0.3822
v 1.8933 0.4625 0.4130
v 1.8864 0.4472 0.3502
v 1.8842 0.4966 0.3497
v 1.8902 0.4976 0.4009
v 1.8943 0.4430 0.4117
v 1.8911 0.4374 0.3855
v 1.8847 0.4627 0.3410
v 1.8856 0.5059 0.3652
v 1.8938 0.4803 0.4212
v 1.8916 0.4659 0.3997
v 1.8855 0.4782 0.3511
v 1.8887 0.4492 0.3685
v 1.8881 0.4954 0.3803
v 1.8860 0.4955 0.3605
v 1.8866 0.4586 0.3511
v 1.8917 0.4484 0.3906
v 1.8912 0.4856 0.4001
v 1.8961 0.4265 0.4254
v 1.8952 0.4882 0.4412
v 1.8965 0.4336 0.4300
v 1.8958 0.4798 0.4418
v 1.8985 0.4228 0.4463
v 1.8976 0.4815 0.4613
v 1.8994 0.4501 0.4619
v 1.8992 0.4331 0.4515
v 1.8987 0.4700 0.4609
v 1.8995 0.4218 0.4599
v 1.8987 0.4759 0.4737
v 1.9005 0.4474 0.4724
v 1.9004 0.4310 0.4660
v 1.8999 0.4649 0.4747
v 1.8862 0.4800 0.4220
v 1.8864 0.4622 0.4138
v 1.8786 0.4779 0.3519
v 1.8867 0.4427 0.4125
v 1.8847 0.4656 0.4005
v 1.8819 0.4489 0.3693
v 1.8792 0.4583 0.3519
v 1.8841 0.4480 0.3915
v 1.8836 0.4853 0.4010
v 1.8889 0.4795 0.4426
v 1.8896 0.4333 0.4308
v 1.8913 0.4697 0.4618
v 1.8926 0.4498 0.4627
v 1.8919 0.4328 0.4524
v 1.8796 0.4515 0.3422
v 1.8788 0.5057 0.3560
v 1.8869 0.4321 0.4061
v 1.8860 0.4923 0.4214
v 1.8821 0.4412 0.3672
v 1.8779 0.4798 0.3444
v 1.8813 0.5029 0.3829
v 1.8801 0.4469 0.3509
v 1.8836 0.4973 0.4017
v 1.8844 0.4371 0.3863
v 1.8784 0.4625 0.3418
v 1.8793 0.5056 0.3659
v 1.8895 0.4262 0.4262
v 1.8887 0.4879 0.4419
v 1.8922 0.4225 0.4470
v 1.8944 0.4216 0.4604
v 1.8937 0.4757 0.4743
v 1.8941 0.4472 0.4731
v 1.8941 0.4308 0.4667
v 1.8937 0.4646 0.4754
v 1.8779 0.4963 0.3504
v 1.8812 0.4951 0.3811
v 1.8787 0.4951 0.3613
v 1.8914 0.4812 0.4620
v 1.8293 0.5076 0.1288
v 1.8302 0.5618 0.1427
v 1.8460 0.4883 0.1909
v 1.8471 0.5485 0.2063
v 1.8364 0.4974 0.1530
v 1.8292 0.5360 0.1309
v 1.8374 0.5590 0.1687
v 1.8467 0.5184 0.1986
v 1.8321 0.5030 0.1371
v 1.8299 0.5525 0.1369
v 1.8422 0.5535 0.1870
v 1.8475 0.4989 0.1972
v 1.8411 0.4933 0.1716
v 1.8293 0.5186 0.1282
v 1.8332 0.5618 0.1521
v 1.8482 0.5362 0.2067
v 1.8434 0.5218 0.1856
v 1.8313 0.5341 0.1382
v 1.8367 0.5051 0.1550
v 1.8375 0.5513 0.1668
v 1.8330 0.5513 0.1474
v 1.8324 0.5145 0.1380
v 1.8423 0.5042 0.1766
v 1.8430 0.5415 0.1861
v 1.8509 0.4824 0.2106
v 1.8520 0.5441 0.2264
v 1.8519 0.4895 0.2151
v 1.8527 0.5357 0.2269
v 1.8559 0.4787 0.2310
v 1.8569 0.5374 0.2460
v 1.8587 0.5060 0.2464
v 1.8572 0.4890 0.2361
v 1.8579 0.5259 0.2455
v 1.8585 0.4777 0.2444
v 1.8595 0.5318 0.2582
v 1.8611 0.5033 0.2567
v 1.8602 0.4869 0.2503
v 1.8608 0.5208 0.2590
v 1.8408 0.5358 0.2085
v 1.8399 0.5181 0.2003
v 1.8246 0.5338 0.1398
v 1.8401 0.4986 0.1990
v 1.8366 0.5215 0.1873
v 1.8300 0.5048 0.1566
v 1.8252 0.5142 0.1397
v 1.8349 0.5039 0.1784
v 1.8355 0.5412 0.1879
v 1.8460 0.5354 0.2285
v 1.8452 0.4892 0.2167
v 1.8507 0.5256 0.2473
v 1.8520 0.5057 0.2480
v 1.8501 0.4887 0.2379
v 1.8244 0.5074 0.1300
v 1.8253 0.5616 0.1439
v 1.8395 0.4880 0.1925
v 1.8405 0.5482 0.2079
v 1.8300 0.4971 0.1545
v 1.8230 0.5357 0.1324
v 1.8311 0.5588 0.1703
v 1.8260 0.5028 0.1386
v 1.8356 0.5532 0.1886
v 1.8346 0.4930 0.1732
v 1.8232 0.5183 0.1297
v 1.8270 0.5615 0.1536
v 1.8446 0.4821 0.2122
v 1.8457 0.5438 0.2279
v 1.8498 0.4784 0.2325
v 1.8536 0.4774 0.2455
v 1.8545 0.5316 0.2594
v 1.8548 0.5030 0.2582
v 1.8541 0.4866 0.2518
v 1.8547 0.5205 0.2605
v 1.8238 0.5522 0.1384
v 1.8308 0.5510 0.1684
v 1.8259 0.5510 0.1491
v 1.8508 0.5371 0.2475
v 1.8268 0.5048 0.2473
v 1.8811 0.5073 0.2342
v 1.8397 0.4875 0.3109
v 1.9001 0.4902 0.2963
v 1.8294 0.4974 0.2733
v 1.8527 0.5066 0.2359
v 1.8912 0.5001 0.2584
v 1.8699 0.4887 0.3037
v 1.8268 0.5018 0.2568
v 1.8701 0.5070 0.2335
v 1.8952 0.4952 0.2770
v 1.8521 0.4867 0.3114
v 1.8348 0.4925 0.2916
v 1.8362 0.5055 0.2417
v 1.8857 0.5044 0.2425
v 1.8894 0.4883 0.3024
v 1.8666 0.4921 0.2906
v 1.8546 0.5045 0.2432
v 1.8372 0.4975 0.2715
v 1.8835 0.4996 0.2603
v 1.8742 0.5039 0.2432
v 1.8373 0.5022 0.2522
v 1.8469 0.4920 0.2908
v 1.8842 0.4937 0.2818
v 1.8440 0.4824 0.3310
v 1.9058 0.4852 0.3160
v 1.8524 0.4819 0.3316
v 1.8987 0.4840 0.3204
v 1.8506 0.4774 0.3507
v 1.9094 0.4800 0.3364
v 1.8820 0.4764 0.3514
v 1.8621 0.4767 0.3503
v 1.8991 0.4784 0.3414
v 1.8560 0.4748 0.3629
v 1.9103 0.4773 0.3497
v 1.8846 0.4739 0.3617
v 1.8671 0.4738 0.3638
v 1.9010 0.4753 0.3556
v 1.8896 0.4958 0.3043
v 1.8700 0.4955 0.3054
v 1.8547 0.5111 0.2449
v 1.8522 0.4941 0.3133
v 1.8667 0.4989 0.2924
v 1.8373 0.5042 0.2732
v 1.8374 0.5094 0.2540
v 1.8470 0.4995 0.2927
v 1.8843 0.5011 0.2837
v 1.8988 0.4907 0.3221
v 1.8525 0.4886 0.3333
v 1.8992 0.4855 0.3432
v 1.8821 0.4830 0.3531
v 1.8622 0.4839 0.3521
v 1.8269 0.5097 0.2486
v 1.8812 0.5122 0.2355
v 1.8398 0.4941 0.3126
v 1.9002 0.4967 0.2980
v 1.8295 0.5037 0.2750
v 1.8528 0.5129 0.2375
v 1.8913 0.5065 0.2600
v 1.8269 0.5079 0.2583
v 1.8953 0.5017 0.2787
v 1.8350 0.4991 0.2933
v 1.8363 0.5116 0.2432
v 1.8858 0.5105 0.2441
v 1.8441 0.4888 0.3326
v 1.9059 0.4915 0.3176
v 1.8507 0.4835 0.3522
v 1.8561 0.4798 0.3641
v 1.9104 0.4822 0.3510
v 1.8847 0.4802 0.3633
v 1.8672 0.4799 0.3654
v 1.9012 0.4814 0.3571
v 1.8702 0.5131 0.2350
v 1.8836 0.5063 0.2620
v 1.8744 0.5110 0.2451
v 1.9095 0.4861 0.3380
v 1.5025 0.6883 -0.4714
v 1.5486 0.6907 -0.5029
v 1.5372 0.6710 -0.4165
v 1.5884 0.6737 -0.4516
v 1.5142 0.6809 -0.4480
v 1.5227 0.6901 -0.4913
v 1.5667 0.6836 -0.4839
v 1.5628 0.6722 -0.4340
v 1.5059 0.6853 -0.4626
v 1.5381 0.6905 -0.4997
v 1.5770 0.6787 -0.4679
v 1.5489 0.6702 -0.4204
v 1.5258 0.6760 -0.4328
v 1.5093 0.6890 -0.4800
v 1.5558 0.6879 -0.4968
v 1.5806 0.6718 -0.4421
v 1.5551 0.6755 -0.4450
v 1.5271 0.6879 -0.4851
v 1.5208 0.6810 -0.4525
v 1.5601 0.6831 -0.4794
v 1.5454 0.6873 -0.4920
v 1.5140 0.6857 -0.4706
v 1.5367 0.6755 -0.4378
v 1.5685 0.6772 -0.4595
v 1.5483 0.6659 -0.3993
v 1.6008 0.6687 -0.4352
v 1.5564 0.6654 -0.4017
v 1.5957 0.6675 -0.4286
v 1.5614 0.6609 -0.3832
v 1.6114 0.6635 -0.4174
v 1.5911 0.6598 -0.3937
v 1.5721 0.6602 -0.3877
v 1.6035 0.6619 -0.4091
v 1.5709 0.6583 -0.3738
v 1.6170 0.6608 -0.4053
v 1.5972 0.6574 -0.3850
v 1.5816 0.6573 -0.3768
v 1.6104 0.6588 -0.3965
v 1.5814 0.6792 -0.4404
v 1.5636 0.6790 -0.4325
v 1.5278 0.6946 -0.4836
v 1.5497 0.6776 -0.4187
v 1.5559 0.6824 -0.4435
v 1.5216 0.6877 -0.4509
v 1.5148 0.6929 -0.4689
v 1.5375 0.6829 -0.4361
v 1.5692 0.6846 -0.4578
v 1.5964 0.6742 -0.4271
v 1.5571 0.6721 -0.4002
v 1.6043 0.6690 -0.4075
v 1.5918 0.6665 -0.3921
v 1.5729 0.6674 -0.3860
v 1.5031 0.6932 -0.4702
v 1.5492 0.6956 -0.5018
v 1.5379 0.6775 -0.4150
v 1.5891 0.6802 -0.4501
v 1.5149 0.6872 -0.4465
v 1.5234 0.6963 -0.4898
v 1.5674 0.6900 -0.4824
v 1.5065 0.6914 -0.4611
v 1.5777 0.6852 -0.4664
v 1.5265 0.6826 -0.4313
v 1.5100 0.6951 -0.4786
v 1.5565 0.6940 -0.4953
v 1.5490 0.6723 -0.3978
v 1.6015 0.6750 -0.4338
v 1.5621 0.6670 -0.3818
v 1.5714 0.6632 -0.3726
v 1.6175 0.6657 -0.4042
v 1.5978 0.6637 -0.3835
v 1.5822 0.6634 -0.3754
v 1.6110 0.6649 -0.3951
v 1.5388 0.6966 -0.4983
v 1.5608 0.6898 -0.4778
v 1.5462 0.6945 -0.4904
v 1.6121 0.6696 -0.4160
v 1.5985 0.6469 -0.3320
v 1.6446 0.6493 -0.3636
v 1.6332 0.6296 -0.2772
v 1.6844 0.6323 -0.3123
v 1.6102 0.6395 -0.3087
v 1.6187 0.6487 -0.3520
v 1.6627 0.6422 -0.3446
v 1.6588 0.6308 -0.2947
v 1.6019 0.6439 -0.3232
v 1.6341 0.6491 -0.3604
v 1.6730 0.6373 -0.3285
v 1.6449 0.6288 -0.2811
v 1.6218 0.6346 -0.2935
v 1.6053 0.6476 -0.3406
v 1.6518 0.6465 -0.3574
v 1.6766 0.6304 -0.3028
v 1.6511 0.6342 -0.3057
v 1.6231 0.6466 -0.3458
v 1.6168 0.6396 -0.3132
v 1.6561 0.6417 -0.3400
v 1.6414 0.6460 -0.3527
v 1.6100 0.6443 -0.3312
v 1.6327 0.6341 -0.2985
v 1.6645 0.6358 -0.3202
v 1.6443 0.6245 -0.2600
v 1.6968 0.6273 -0.2959
v 1.6524 0.6240 -0.2624
v 1.6917 0.6261 -0.2893
v 1.6574 0.6195 -0.2439
v 1.7074 0.6221 -0.2781
v 1.6871 0.6184 -0.2543
v 1.6681 0.6188 -0.2483
v 1.6995 0.6205 -0.2698
v 1.6669 0.6169 -0.2344
v 1.7130 0.6194 -0.2660
v 1.6932 0.6160 -0.2456
v 1.6776 0.6159 -0.2375
v 1.7064 0.6174 -0.2572
v 1.6774 0.6378 -0.3011
v 1.6596 0.6376 -0.2931
v 1.6238 0.6532 -0.3442
v 1.6457 0.6362 -0.2794
v 1.6519 0.6410 -0.3041
v 1.6176 0.6463 -0.3116
v 1.6108 0.6515 -0.3296
v 1.6335 0.6415 -0.2968
v 1.6652 0.6432 -0.3185
v 1.6924 0.6328 -0.2877
v 1.6531 0.6307 -0.2608
v 1.7003 0.6276 -0.2681
v 1.6878 0.6251 -0.2528
v 1.6689 0.6260 -0.2467
v 1.5991 0.6518 -0.3309
v 1.6452 0.6543 -0.3624
v 1.6339 0.6362 -0.2757
v 1.6851 0.6388 -0.3107
v 1.6109 0.6458 -0.3072
v 1.6194 0.6550 -0.3505
v 1.6634 0.6486 -0.3431
v 1.6025 0.6500 -0.3218
v 1.6737 0.6438 -0.3270
v 1.6225 0.6412 -0.2920
v 1.6060 0.6537 -0.3392
v 1.6525 0.6526 -0.3560
v 1.6450 0.6309 -0.2585
v 1.6975 0.6336 -0.2944
v 1.6581 0.6256 -0.2425
v 1.6674 0.6219 -0.2333
v 1.7135 0.6243 -0.2648
v 1.6938 0.6223 -0.2442
v 1.6782 0.6220 -0.2361
v 1.7070 0.6235 -0.2558
v 1.6348 0.6552 -0.3590
v 1.6568 0.6484 -0.3385
v 1.6422 0.6531 -0.3510
v 1.7081 0.6282 -0.2767
v 1.5728 0.6484 -0.4345
v 1.5809 0.7010 -0.4174
v 1.6090 0.6231 -0.3840
v 1.6181 0.6815 -0.3650
v 1.5873 0.6358 -0.4153
v 1.5747 0.6765 -0.4303
v 1.5966 0.6957 -0.3958
v 1.6138 0.6523 -0.3746
v 1.5781 0.6430 -0.4282
v 1.5782 0.6923 -0.4235
v 1.6071 0.6884 -0.3809
v 1.6131 0.6330 -0.3779
v 1.5980 0.6300 -0.3999
v 1.5731 0.6594 -0.4342
v 1.5870 0.7001 -0.4096
v 1.6187 0.6692 -0.3661
v 1.6063 0.6569 -0.3853
v 1.5791 0.6738 -0.4243
v 1.5886 0.6433 -0.4129
v 1.5956 0.6882 -0.3983
v 1.5847 0.6901 -0.4149
v 1.5792 0.6543 -0.4265
v 1.6014 0.6404 -0.3948
v 1.6070 0.6766 -0.3830
v 1.6202 0.6153 -0.3679
v 1.6295 0.6752 -0.3484
v 1.6230 0.6219 -0.3634
v 1.6299 0.6668 -0.3489
v 1.6318 0.6096 -0.3508
v 1.6406 0.6666 -0.3323
v 1.6410 0.6353 -0.3352
v 1.6352 0.6194 -0.3457
v 1.6408 0.6552 -0.3341
v 1.6388 0.6073 -0.3394
v 1.6469 0.6599 -0.3223
v 1.6466 0.6316 -0.3267
v 1.6429 0.6159 -0.3336
v 1.6480 0.6488 -0.3229
v 1.6124 0.6688 -0.3618
v 1.6079 0.6519 -0.3707
v 1.5734 0.6735 -0.4205
v 1.6068 0.6326 -0.3736
v 1.6005 0.6566 -0.3814
v 1.5829 0.6430 -0.4091
v 1.5730 0.6540 -0.4224
v 1.5950 0.6400 -0.3906
v 1.6006 0.6762 -0.3788
v 1.6242 0.6664 -0.3450
v 1.6172 0.6216 -0.3596
v 1.6347 0.6548 -0.3300
v 1.6353 0.6349 -0.3314
v 1.6291 0.6190 -0.3416
v 1.5686 0.6482 -0.4317
v 1.5767 0.7008 -0.4146
v 1.6034 0.6228 -0.3803
v 1.6125 0.6812 -0.3613
v 1.5818 0.6355 -0.4117
v 1.5694 0.6761 -0.4267
v 1.5911 0.6954 -0.3922
v 1.5729 0.6427 -0.4247
v 1.6015 0.6881 -0.3772
v 1.5924 0.6296 -0.3962
v 1.5679 0.6591 -0.4307
v 1.5817 0.6998 -0.4061
v 1.6148 0.6150 -0.3642
v 1.6241 0.6748 -0.3448
v 1.6265 0.6093 -0.3473
v 1.6346 0.6070 -0.3366
v 1.6427 0.6596 -0.3195
v 1.6413 0.6313 -0.3231
v 1.6376 0.6156 -0.3301
v 1.6427 0.6485 -0.3194
v 1.5730 0.6920 -0.4200
v 1.5899 0.6878 -0.3945
v 1.5786 0.6898 -0.4108
v 1.6354 0.6663 -0.3288
v 1.6776 0.5963 -0.2690
v 1.6800 0.6505 -0.2554
v 1.7006 0.5770 -0.2090
v 1.7032 0.6371 -0.1938
v 1.6871 0.5860 -0.2457
v 1.6778 0.6246 -0.2670
v 1.6898 0.6477 -0.2302
v 1.7021 0.6070 -0.2013
v 1.6813 0.5917 -0.2611
v 1.6790 0.6411 -0.2611
v 1.6964 0.6421 -0.2125
v 1.7027 0.5875 -0.2029
v 1.6938 0.5820 -0.2277
v 1.6776 0.6073 -0.2696
v 1.6838 0.6504 -0.2462
v 1.7043 0.6248 -0.1935
v 1.6975 0.6104 -0.2140
v 1.6806 0.6227 -0.2599
v 1.6877 0.5938 -0.2438
v 1.6896 0.6399 -0.2321
v 1.6832 0.6400 -0.2509
v 1.6817 0.6031 -0.2602
v 1.6955 0.5929 -0.2229
v 1.6971 0.6302 -0.2135
v 1.7075 0.5711 -0.1899
v 1.7101 0.6327 -0.1743
v 1.7089 0.5782 -0.1855
v 1.7109 0.6243 -0.1739
v 1.7145 0.5673 -0.1700
v 1.7170 0.6260 -0.1552
v 1.7189 0.5946 -0.1550
v 1.7163 0.5776 -0.1651
v 1.7179 0.6145 -0.1558
v 1.7185 0.5663 -0.1571
v 1.7208 0.6205 -0.1434
v 1.7223 0.5920 -0.1451
v 1.7207 0.5756 -0.1513
v 1.7222 0.6094 -0.1427
v 1.6971 0.6245 -0.1910
v 1.6954 0.6067 -0.1990
v 1.6741 0.6224 -0.2576
v 1.6955 0.5872 -0.2004
v 1.6908 0.6101 -0.2116
v 1.6811 0.5935 -0.2415
v 1.6747 0.6028 -0.2578
v 1.6882 0.5926 -0.2203
v 1.6898 0.6298 -0.2109
v 1.7044 0.6240 -0.1716
v 1.7024 0.5779 -0.1832
v 1.7110 0.6142 -0.1534
v 1.7124 0.5943 -0.1528
v 1.7094 0.5773 -0.1627
v 1.6729 0.5961 -0.2673
v 1.6752 0.6502 -0.2537
v 1.6942 0.5767 -0.2067
v 1.6968 0.6368 -0.1915
v 1.6809 0.5857 -0.2435
v 1.6717 0.6244 -0.2649
v 1.6836 0.6474 -0.2280
v 1.6754 0.5914 -0.2590
v 1.6900 0.6419 -0.2102
v 1.6874 0.5817 -0.2254
v 1.6716 0.6070 -0.2675
v 1.6779 0.6502 -0.2442
v 1.7013 0.5708 -0.1877
v 1.7040 0.6324 -0.1721
v 1.7086 0.5671 -0.1680
v 1.7137 0.5661 -0.1554
v 1.7160 0.6203 -0.1417
v 1.7162 0.5917 -0.1429
v 1.7148 0.5753 -0.1492
v 1.7163 0.6092 -0.1406
v 1.6731 0.6409 -0.2590
v 1.6831 0.6396 -0.2298
v 1.6763 0.6397 -0.2485
v 1.7111 0.6258 -0.1531
v 1.6872 0.5970 -0.1518
v 1.7399 0.5995 -0.1703
v 1.7065 0.5797 -0.0898
v 1.7650 0.5824 -0.1105
v 1.6924 0.5896 -0.1262
v 1.7118 0.5988 -0.1658
v 1.7524 0.5923 -0.1473
v 1.7358 0.5809 -0.1001
v 1.6881 0.5940 -0.1424
v 1.7289 0.5992 -0.1699
v 1.7582 0.5874 -0.1292
v 1.7188 0.5789 -0.0906
v 1.6997 0.5847 -0.1085
v 1.6960 0.5977 -0.1583
v 1.7453 0.5966 -0.1625
v 1.7551 0.5805 -0.1033
v 1.7312 0.5843 -0.1128
v 1.7144 0.5967 -0.1587
v 1.7000 0.5897 -0.1288
v 1.7449 0.5918 -0.1446
v 1.7340 0.5961 -0.1607
v 1.6981 0.5944 -0.1480
v 1.7116 0.5842 -0.1105
v 1.7478 0.5859 -0.1233
v 1.7128 0.5746 -0.0703
v 1.7728 0.5774 -0.0915
v 1.7212 0.5741 -0.0706
v 1.7661 0.5762 -0.0864
v 1.7213 0.5696 -0.0514
v 1.7784 0.5722 -0.0715
v 1.7527 0.5686 -0.0538
v 1.7328 0.5689 -0.0529
v 1.7686 0.5706 -0.0656
v 1.7280 0.5670 -0.0398
v 1.7807 0.5695 -0.0584
v 1.7563 0.5661 -0.0439
v 1.7391 0.5660 -0.0400
v 1.7720 0.5675 -0.0516
v 1.7554 0.5880 -0.1015
v 1.7361 0.5877 -0.0984
v 1.7147 0.6033 -0.1570
v 1.7192 0.5863 -0.0887
v 1.7315 0.5911 -0.1110
v 1.7003 0.5964 -0.1271
v 1.6984 0.6016 -0.1462
v 1.7119 0.5917 -0.1087
v 1.7481 0.5933 -0.1214
v 1.7664 0.5829 -0.0847
v 1.7215 0.5808 -0.0689
v 1.7690 0.5777 -0.0638
v 1.7530 0.5752 -0.0521
v 1.7331 0.5761 -0.0511
v 1.6874 0.6020 -0.1505
v 1.7401 0.6044 -0.1691
v 1.7068 0.5863 -0.0882
v 1.7653 0.5889 -0.1088
v 1.6927 0.5959 -0.1246
v 1.7121 0.6051 -0.1642
v 1.7527 0.5987 -0.1457
v 1.6884 0.6001 -0.1409
v 1.7585 0.5939 -0.1275
v 1.7000 0.5913 -0.1069
v 1.6962 0.6038 -0.1568
v 1.7455 0.6027 -0.1610
v 1.7131 0.5810 -0.0687
v 1.7731 0.5837 -0.0899
v 1.7216 0.5757 -0.0498
v 1.7282 0.5720 -0.0386
v 1.7809 0.5744 -0.0571
v 1.7566 0.5724 -0.0423
v 1.7394 0.5721 -0.0385
v 1.7723 0.5736 -0.0501
v 1.7292 0.6053 -0.1684
v 1.7452 0.5985 -0.1429
v 1.7343 0.6032 -0.1589
v 1.7787 0.5783 -0.0700
v 1.7641 0.5557 0.0415
v 1.8168 0.5582 0.0229
v 1.7834 0.5384 0.1034
v 1.8419 0.5411 0.0828
v 1.7693 0.5483 0.0671
v 1.7887 0.5575 0.0274
v 1.8293 0.5510 0.0459
v 1.8127 0.5396 0.0931
v 1.7650 0.5527 0.0509
v 1.8058 0.5579 0.0233
v 1.8351 0.5461 0.0641
v 1.7957 0.5376 0.1027
v 1.7766 0.5434 0.0847
v 1.7728 0.5564 0.0349
v 1.8221 0.5553 0.0307
v 1.8320 0.5392 0.0899
v 1.8081 0.5430 0.0805
v 1.7913 0.5554 0.0345
v 1.7769 0.5484 0.0644
v 1.8218 0.5505 0.0486
v 1.8108 0.5548 0.0326
v 1.7750 0.5531 0.0452
v 1.7884 0.5429 0.0827
v 1.8247 0.5446 0.0699
v 1.7897 0.5333 0.1229
v 1.8497 0.5361 0.1018
v 1.7981 0.5328 0.1227
v 1.8430 0.5349 0.1068
v 1.7982 0.5283 0.1419
v 1.8553 0.5309 0.1217
v 1.8295 0.5272 0.1394
v 1.8097 0.5276 0.1403
v 1.8455 0.5293 0.1277
v 1.8049 0.5257 0.1534
v 1.8576 0.5282 0.1349
v 1.8332 0.5248 0.1494
v 1.8160 0.5247 0.1532
v 1.8489 0.5262 0.1416
v 1.8323 0.5466 0.0918
v 1.8130 0.5464 0.0948
v 1.7916 0.5620 0.0362
v 1.7960 0.5450 0.1045
v 1.8084 0.5498 0.0822
v 1.7772 0.5551 0.0661
v 1.7753 0.5603 0.0470
v 1.7888 0.5503 0.0846
v 1.8250 0.5520 0.0718
v 1.8433 0.5416 0.1085
v 1.7984 0.5395 0.1244
v 1.8458 0.5364 0.1295
v 1.8298 0.5339 0.1411
v 1.8100 0.5348 0.1421
v 1.7643 0.5606 0.0427
v 1.8170 0.5631 0.0242
v 1.7837 0.5450 0.1050
v 1.8422 0.5476 0.0844
v 1.7696 0.5546 0.0687
v 1.7890 0.5638 0.0290
v 1.8296 0.5574 0.0475
v 1.7653 0.5588 0.0524
v 1.8354 0.5526 0.0657
v 1.7768 0.5500 0.0864
v 1.7731 0.5625 0.0364
v 1.8224 0.5614 0.0323
v 1.7900 0.5397 0.1245
v 1.8499 0.5424 0.1034
v 1.7985 0.5344 0.1434
v 1.8051 0.5307 0.1547
v 1.8578 0.5331 0.1361
v 1.8334 0.5311 0.1510
v 1.8162 0.5308 0.1548
v 1.8492 0.5323 0.1432
v 1.8060 0.5640 0.0248
v 1.8221 0.5572 0.0503
v 1.8111 0.5619 0.0344
v 1.8556 0.5370 0.1233
v 1.7545 0.5507 -0.0717
v 1.7568 0.6049 -0.0580
v 1.7775 0.5314 -0.0116
v 1.7801 0.5915 0.0036
v 1.7640 0.5404 -0.0484
v 1.7547 0.5790 -0.0696
v 1.7666 0.6021 -0.0328
v 1.7789 0.5614 -0.0040
v 1.7582 0.5461 -0.0637
v 1.7559 0.5955 -0.0637
v 1.7732 0.5966 -0.0151
v 1.7796 0.5420 -0.0056
v 1.7707 0.5364 -0.0303
v 1.7545 0.5617 -0.0723
v 1.7607 0.6048 -0.0489
v 1.7812 0.5792 0.0038
v 1.7743 0.5648 -0.0166
v 1.7575 0.5771 -0.0626
v 1.7645 0.5482 -0.0464
v 1.7665 0.5943 -0.0348
v 1.7601 0.5944 -0.0536
v 1.7585 0.5575 -0.0629
v 1.7723 0.5473 -0.0255
v 1.7739 0.5846 -0.0161
v 1.7844 0.5255 0.0075
v 1.7870 0.5871 0.0230
v 1.7858 0.5326 0.0118
v 1.7878 0.5787 0.0235
v 1.7914 0.5217 0.0273
v 1.7939 0.5805 0.0421
v 1.7957 0.5490 0.0423
v 1.7932 0.5321 0.0322
v 1.7948 0.5689 0.0415
v 1.7953 0.5207 0.0403
v 1.7977 0.5749 0.0540
v 1.7992 0.5464 0.0523
v 1.7976 0.5300 0.0461
v 1.7991 0.5638 0.0546
v 1.7740 0.5789 0.0064
v 1.7723 0.5611 -0.0017
v 1.7510 0.5768 -0.0603
v 1.7724 0.5416 -0.0030
v 1.7677 0.5645 -0.0143
v 1.7580 0.5479 -0.0441
v 1.7516 0.5572 -0.0604
v 1.7651 0.5470 -0.0230
v 1.7667 0.5842 -0.0136
v 1.7812 0.5784 0.0258
v 1.7792 0.5323 0.0141
v 1.7879 0.5686 0.0440
v 1.7892 0.5488 0.0446
v 1.7863 0.5317 0.0347
v 1.7497 0.5505 -0.0700
v 1.7521 0.6047 -0.0563
v 1.7711 0.5311 -0.0094
v 1.7737 0.5913 0.0058
v 1.7578 0.5401 -0.0462
v 1.7486 0.5788 -0.0675
v 1.7605 0.6018 -0.0306
v 1.7522 0.5458 -0.0616
v 1.7669 0.5963 -0.0129
v 1.7643 0.5361 -0.0281
v 1.7485 0.5614 -0.0702
v 1.7548 0.6046 -0.0468
v 1.7782 0.5252 0.0097
v 1.7808 0.5869 0.0252
v 1.7854 0.5215 0.0294
v 1.7906 0.5205 0.0420
v 1.7929 0.5747 0.0556
v 1.7930 0.5461 0.0544
v 1.7917 0.5297 0.0482
v 1.7931 0.5636 0.0567
v 1.7500 0.5953 -0.0616
v 1.7600 0.5940 -0.0325
v 1.7532 0.5941 -0.0511
v 1.7880 0.5802 0.0442
v 0.4552 2.1419 1.5108
v 0.4642 2.0794 1.5129
v 0.4339 2.1892 1.5060
v 0.4380 2.1868 1.5087
v 0.4585 2.0156 1.5120
v 0.4355 1.9551 1.5080
v -0.6507 1.9030 1.4370
v -0.6521 1.8949 1.4345
v -0.6425 1.9009 1.4370
v -0.6480 1.9108 1.4350
v -0.6576 1.9049 1.4325
v -0.6580 1.8971 1.4285
v -0.6437 1.8934 1.4328
v -0.6399 1.9082 1.4332
v -0.6542 1.9120 1.4289
v -0.6707 1.9213 1.4169
v -0.6756 1.9099 1.4160
v -0.6768 1.8975 1.4162
v -0.6656 1.8776 1.4203
v -0.6547 1.8727 1.4237
v -0.6428 1.8716 1.4271
v -0.6235 1.8835 1.4321
v -0.6186 1.8949 1.4329
v -0.6174 1.9072 1.4327
v -0.6286 1.9271 1.4286
v -0.6395 1.9321 1.4253
v -0.6514 1.9331 1.4218
v -0.6736 1.8861 1.4177
v -0.6318 1.8751 1.4301
v -0.6624 1.9297 1.4188
v -0.6206 1.9187 1.4313
v -0.6592 1.8998 1.4247
v -0.6586 1.9053 1.4258
v -0.6565 1.9105 1.4250
v -0.6696 1.8819 1.4190
v -0.6569 1.9314 1.4203
v -0.6381 1.8999 1.4319
v -0.6396 1.8946 1.4305
v -0.6369 1.9053 1.4308
v -0.6373 1.8733 1.4286
v -0.6246 1.9229 1.4299
v -0.6456 1.9133 1.4291
v -0.6403 1.9114 1.4295
v -0.6506 1.9141 1.4265
v -0.6666 1.9255 1.4178
v -0.6190 1.9130 1.4320
v -0.6588 1.9218 1.4233
v -0.6292 1.9140 1.4321
v -0.6511 1.8919 1.4286
v -0.6558 1.8937 1.4259
v -0.6455 1.8910 1.4290
v -0.6752 1.8918 1.4169
v -0.6277 1.8793 1.4311
v -0.6667 1.8910 1.4225
v -0.6371 1.8832 1.4313
v -0.6719 1.9231 1.4117
v -0.6774 1.9105 1.4107
v -0.6787 1.8968 1.4109
v -0.6663 1.8748 1.4155
v -0.6543 1.8693 1.4192
v -0.6411 1.8682 1.4230
v -0.6198 1.8813 1.4285
v -0.6143 1.8939 1.4294
v -0.6130 1.9076 1.4292
v -0.6254 1.9295 1.4246
v -0.6374 1.9351 1.4209
v -0.6506 1.9362 1.4171
v -0.6752 1.8842 1.4125
v -0.6289 1.8720 1.4263
v -0.6628 1.9324 1.4138
v -0.6165 1.9202 1.4276
v -0.6707 1.8795 1.4140
v -0.6567 1.9343 1.4155
v -0.6350 1.8701 1.4246
v -0.6210 1.9249 1.4261
v -0.6674 1.9278 1.4127
v -0.6148 1.9139 1.4284
v -0.6769 1.8905 1.4117
v -0.6243 1.8766 1.4274
v 0.6731 1.9030 1.4143
v 0.6706 1.8949 1.4129
v 0.6800 1.9009 1.4098
v 0.6742 1.9108 1.4111
v 0.6648 1.9049 1.4141
v 0.6624 1.8971 1.4110
v 0.6767 1.8934 1.4069
v 0.6801 1.9082 1.4052
v 0.6658 1.9120 1.4093
v 0.6454 1.9213 1.4080
v 0.6407 1.9099 1.4099
v 0.6399 1.8975 1.4107
v 0.6515 1.8777 1.4082
v 0.6625 1.8727 1.4051
v 0.6744 1.8716 1.4016
v 0.6933 1.8835 1.3955
v 0.6979 1.8949 1.3935
v 0.6988 1.9072 1.3927
v 0.6872 1.9271 1.3953
v 0.6762 1.9321 1.3983
v 0.6643 1.9331 1.4018
v 0.6433 1.8861 1.4102
v 0.6853 1.8751 1.3982
v 0.6534 1.9297 1.4052
v 0.6953 1.9187 1.3932
v 0.6592 1.8998 1.4084
v 0.6603 1.9053 1.4090
v 0.6617 1.9105 1.4072
v 0.6474 1.8819 1.4092
v 0.6588 1.9314 1.4035
v 0.6809 1.8999 1.4031
v 0.6789 1.8946 1.4028
v 0.6814 1.9053 1.4016
v 0.6799 1.8733 1.3999
v 0.6913 1.9229 1.3942
v 0.6731 1.9133 1.4049
v 0.6778 1.9114 1.4023
v 0.6675 1.9141 1.4053
v 0.6494 1.9255 1.4066
v 0.6971 1.9130 1.3930
v 0.6589 1.9218 1.4070
v 0.6886 1.9140 1.3985
v 0.6682 1.8919 1.4073
v 0.6628 1.8937 1.4076
v 0.6731 1.8910 1.4047
v 0.6416 1.8918 1.4105
v 0.6893 1.8793 1.3968
v 0.6518 1.8910 1.4106
v 0.6815 1.8832 1.4021
v 0.6415 1.9231 1.4043
v 0.6364 1.9105 1.4064
v 0.6355 1.8968 1.4073
v 0.6483 1.8748 1.4045
v 0.6605 1.8693 1.4011
v 0.6736 1.8682 1.3972
v 0.6945 1.8813 1.3904
v 0.6997 1.8939 1.3883
v 0.7006 1.9076 1.3874
v 0.6878 1.9295 1.3902
v 0.6756 1.9351 1.3936
v 0.6624 1.9362 1.3974
v 0.6393 1.8842 1.4067
v 0.6857 1.8720 1.3935
v 0.6504 1.9324 1.4012
v 0.6968 1.9202 1.3879
v 0.6438 1.8795 1.4056
v 0.6564 1.9343 1.3993
v 0.6797 1.8701 1.3954
v 0.6923 1.9249 1.3891
v 0.6459 1.9278 1.4027
v 0.6987 1.9139 1.3877
v 0.6374 1.8905 1.4070
v 0.6901 1.8766 1.3919
v -0.9509 1.9256 -0.6935
v -0.9488 1.9177 -0.6957
v -0.9576 1.9220 -0.6897
v -0.9513 1.9314 -0.6873
v -0.9425 1.9270 -0.6933
v -0.9403 1.9186 -0.6938
v -0.9546 1.9139 -0.6904
v -0.9570 1.9269 -0.6825
v -0.9428 1.9316 -0.6859
v -0.9218 1.9389 -0.6825
v -0.9179 1.9292 -0.6893
v -0.9179 1.9182 -0.6952
v -0.9305 1.8994 -0.7001
v -0.9416 1.8939 -0.6985
v -0.9533 1.8919 -0.6947
v -0.9710 1.9007 -0.6827
v -0.9748 1.9104 -0.6760
v -0.9749 1.9214 -0.6701
v -0.9623 1.9402 -0.6652
v -0.9512 1.9457 -0.6668
v -0.9395 1.9477 -0.6706
v -0.9220 1.9077 -0.6991
v -0.9637 1.8939 -0.6893
v -0.9291 1.9457 -0.6759
v -0.9708 1.9319 -0.6662
v -0.9369 1.9199 -0.6906
v -0.9377 1.9252 -0.6888
v -0.9386 1.9292 -0.6849
v -0.9262 1.9036 -0.6996
v -0.9343 1.9467 -0.6733
v -0.9582 1.9184 -0.6840
v -0.9565 1.9134 -0.6860
v -0.9582 1.9227 -0.6803
v -0.9585 1.8929 -0.6920
v -0.9665 1.9360 -0.6657
v -0.9497 1.9311 -0.6807
v -0.9543 1.9285 -0.6788
v -0.9441 1.9319 -0.6812
v -0.9254 1.9423 -0.6792
v -0.9728 1.9266 -0.6681
v -0.9352 1.9394 -0.6803
v -0.9647 1.9296 -0.6734
v -0.9462 1.9125 -0.6921
v -0.9408 1.9141 -0.6921
v -0.9510 1.9107 -0.6897
v -0.9200 1.9130 -0.6972
v -0.9674 1.8973 -0.6860
v -0.9301 1.9126 -0.6967
v -0.9596 1.9028 -0.6898
v -0.9176 1.9389 -0.6787
v -0.9134 1.9282 -0.6862
v -0.9133 1.9160 -0.6927
v -0.9273 1.8952 -0.6981
v -0.9395 1.8892 -0.6963
v -0.9524 1.8869 -0.6922
v -0.9721 1.8966 -0.6789
v -0.9763 1.9074 -0.6715
v -0.9763 1.9195 -0.6650
v -0.9624 1.9403 -0.6596
v -0.9502 1.9464 -0.6614
v -0.9372 1.9486 -0.6655
v -0.9178 1.9044 -0.6971
v -0.9640 1.8892 -0.6863
v -0.9257 1.9464 -0.6714
v -0.9718 1.9311 -0.6606
v -0.9225 1.8998 -0.6976
v -0.9315 1.9475 -0.6685
v -0.9582 1.8880 -0.6892
v -0.9671 1.9357 -0.6601
v -0.9216 1.9426 -0.6751
v -0.9741 1.9253 -0.6628
v -0.9156 1.9102 -0.6949
v -0.9680 1.8929 -0.6826
v 0.9332 1.9375 -0.7097
v 0.9362 1.9296 -0.7100
v 0.9260 1.9341 -0.7127
v 0.9281 1.9431 -0.7057
v 0.9384 1.9385 -0.7030
v 0.9401 1.9300 -0.7023
v 0.9285 1.9259 -0.7114
v 0.9209 1.9386 -0.7073
v 0.9325 1.9427 -0.6982
v 0.9434 1.9488 -0.6795
v 0.9510 1.9392 -0.6816
v 0.9556 1.9285 -0.6860
v 0.9513 1.9106 -0.7001
v 0.9430 1.9056 -0.7079
v 0.9326 1.9041 -0.7146
v 0.9120 1.9132 -0.7199
v 0.9044 1.9228 -0.7179
v 0.8998 1.9335 -0.7134
v 0.9042 1.9514 -0.6994
v 0.9125 1.9564 -0.6916
v 0.9228 1.9580 -0.6849
v 0.9560 1.9184 -0.6924
v 0.9218 1.9064 -0.7190
v 0.9336 1.9556 -0.6805
v 0.8994 1.9436 -0.7071
v 0.9399 1.9310 -0.6975
v 0.9380 1.9362 -0.6967
v 0.9344 1.9401 -0.6946
v 0.9536 1.9145 -0.6962
v 0.9282 1.9568 -0.6827
v 0.9212 1.9303 -0.7097
v 0.9239 1.9253 -0.7100
v 0.9184 1.9344 -0.7071
v 0.9272 1.9052 -0.7168
v 0.9018 1.9475 -0.7033
v 0.9241 1.9424 -0.7003
v 0.9197 1.9399 -0.7028
v 0.9281 1.9429 -0.6963
v 0.9385 1.9522 -0.6800
v 0.8996 1.9386 -0.7103
v 0.9331 1.9499 -0.6883
v 0.9089 1.9414 -0.7072
v 0.9351 1.9241 -0.7061
v 0.9386 1.9254 -0.7019
v 0.9302 1.9225 -0.7084
v 0.9558 1.9235 -0.6892
v 0.9169 1.9098 -0.7195
v 0.9490 1.9236 -0.6968
v 0.9247 1.9151 -0.7156
v 0.9431 1.9484 -0.6739
v 0.9516 1.9378 -0.6761
v 0.9566 1.9260 -0.6811
v 0.9519 1.9062 -0.6966
v 0.9427 1.9007 -0.7052
v 0.9312 1.8989 -0.7127
v 0.9084 1.9090 -0.7186
v 0.9000 1.9197 -0.7163
v 0.8950 1.9315 -0.7114
v 0.8997 1.9513 -0.6959
v 0.9089 1.9568 -0.6873
v 0.9204 1.9586 -0.6798
v 0.9571 1.9148 -0.6881
v 0.9192 1.9015 -0.7176
v 0.9324 1.9560 -0.6749
v 0.8945 1.9427 -0.7044
v 0.9545 1.9105 -0.6923
v 0.9264 1.9573 -0.6774
v 0.9252 1.9002 -0.7151
v 0.8971 1.9470 -0.7002
v 0.9378 1.9522 -0.6744
v 0.8947 1.9371 -0.7079
v 0.9569 1.9204 -0.6846
v 0.9138 1.9053 -0.7181
v -2.1668 -7.5653 1.2722
v -1.8638 -7.5272 1.4173
v 2.2329 -7.9142 -0.4909
v 2.5225 -7.7803 -0.1390
v 1.8908 -8.0015 -0.6922
v 2.6956 -7.6535 0.3262
v 2.7329 -7.5722 0.7806
v 2.1406 -7.4746 1.4373
v 2.3816 -7.4976 1.3166
v 2.6050 -7.5258 1.1141
v 2.4933 -7.5117 1.2154
v 1.5647 -7.5890 1.0612
v 1.3979 -7.6509 0.8013
v 1.7422 -7.5435 1.2595
v 1.9263 -7.4908 1.4191
v 1.3003 -7.9683 -0.5492
v 1.5726 -8.0079 -0.7119
v 1.1393 -7.9152 -0.3143
v 1.0947 -7.8543 -0.0539
v 1.1388 -7.7891 0.2177
v 1.7317 -8.0047 -0.7021
v 1.2509 -7.7195 0.5127
v 2.0335 -7.4754 1.4867
vt 0.2552 0.6815
vt 0.2545 0.6853
vt 0.2474 0.6853
vt 0.2483 0.6815
vt 0.2474 0.6877
vt 0.2545 0.6878
vt 0.2553 0.6911
vt 0.2479 0.6911
vt 0.3865 0.0182
vt 0.3756 0.0191
vt 0.3756 0.0191
vt 0.3865 0.0182
vt 0.6261 0.0166
vt 0.6096 0.0171
vt 0.6096 0.0171
vt 0.6261 0.0166
vt 0.4245 0.0203
vt 0.3967 0.0168
vt 0.3967 0.0168
vt 0.4245 0.0203
vt 0.2605 0.6845
vt 0.2679 0.6845
vt 0.2671 0.6892
vt 0.2597 0.6893
vt 0.2624 0.7267
vt 0.2706 0.7283
vt 0.2705 0.7327
vt 0.2638 0.7322
vt 0.2778 0.6669
vt 0.2743 0.6669
vt 0.2741 0.6639
vt 0.2776 0.6639
vt 0.2375 0.7267
vt 0.2481 0.7268
vt 0.2485 0.7307
vt 0.2374 0.7307
vt 0.0905 0.9569
vt 0.0989 0.9604
vt 0.0896 0.9729
vt 0.0826 0.9700
vt 0.2516 0.9647
vt 0.2539 0.9665
vt 0.2470 0.9778
vt 0.2452 0.9761
vt 0.0663 0.9535
vt 0.0821 0.9535
vt 0.0756 0.9671
vt 0.0625 0.9671
vt 0.3987 0.9501
vt 0.3943 0.9541
vt 0.3890 0.9444
vt 0.3926 0.9410
vt 0.4741 0.9748
vt 0.4687 0.9736
vt 0.4677 0.9603
vt 0.4722 0.9614
vt 0.3850 0.9616
vt 0.3811 0.9506
vt 0.4594 0.9699
vt 0.4600 0.9572
vt 0.1792 0.9458
vt 0.1953 0.9455
vt 0.1992 0.9589
vt 0.1855 0.9596
vt 0.3458 0.9781
vt 0.3318 0.9783
vt 0.3370 0.9647
vt 0.3485 0.9645
vt 0.1707 0.9492
vt 0.1785 0.9625
vt 0.0178 0.9675
vt 0.0286 0.9630
vt 0.0312 0.9751
vt 0.0228 0.9798
vt 0.4499 0.9653
vt 0.4521 0.9534
vt 0.3144 0.9741
vt 0.2964 0.9633
vt 0.3075 0.9522
vt 0.3225 0.9612
vt 0.4243 0.9458
vt 0.4221 0.9437
vt 0.4289 0.9354
vt 0.4307 0.9371
vt 0.4449 0.9623
vt 0.4402 0.9595
vt 0.4440 0.9485
vt 0.4479 0.9509
vt 0.2100 0.9472
vt 0.2230 0.9497
vt 0.2221 0.9625
vt 0.2114 0.9603
vt 0.4308 0.9520
vt 0.4361 0.9423
vt 0.5108 0.9720
vt 0.4935 0.9763
vt 0.4883 0.9626
vt 0.5026 0.9590
vt 0.1459 0.9665
vt 0.1622 0.9526
vt 0.1714 0.9653
vt 0.1579 0.9768
vt 0.1151 0.9742
vt 0.1030 0.9844
vt 0.3658 0.9718
vt 0.3566 0.9756
vt 0.3575 0.9624
vt 0.3652 0.9592
vt 0.3511 0.9769
vt 0.3529 0.9635
vt 0.5428 0.9434
vt 0.5286 0.9610
vt 0.5175 0.9499
vt 0.5292 0.9354
vt 0.3801 0.9645
vt 0.3753 0.9673
vt 0.3731 0.9555
vt 0.3771 0.9530
vt 0.2820 0.9457
vt 0.2956 0.9377
vt 0.0593 0.9548
vt 0.0567 0.9683
vt 0.0340 0.9611
vt 0.0398 0.9592
vt 0.0405 0.9719
vt 0.0357 0.9735
vt 0.2027 0.9463
vt 0.2053 0.9596
vt 0.2286 0.9517
vt 0.2344 0.9537
vt 0.2317 0.9654
vt 0.2267 0.9643
vt 0.0524 0.9562
vt 0.0509 0.9694
vt 0.0125 0.9702
vt 0.0184 0.9821
vt 0.2442 0.9589
vt 0.2394 0.9705
vt 0.4795 0.9761
vt 0.4767 0.9625
vt 0.2314 0.7182
vt 0.2282 0.7178
vt 0.2282 0.7144
vt 0.2314 0.7146
vt 0.2450 0.7028
vt 0.2486 0.7028
vt 0.2488 0.7060
vt 0.2453 0.7059
vt 0.2809 0.7267
vt 0.2807 0.7500
vt 0.2766 0.7500
vt 0.2766 0.7277
vt 0.2674 0.7123
vt 0.2602 0.7116
vt 0.2690 0.6889
vt 0.2761 0.6891
vt 0.2758 0.7114
vt 0.2688 0.7120
vt 0.2679 0.7168
vt 0.2607 0.7161
vt 0.2637 0.6639
vt 0.2637 0.6399
vt 0.2684 0.6411
vt 0.2683 0.6635
vt 0.2690 0.6636
vt 0.2690 0.6399
vt 0.2734 0.6407
vt 0.2734 0.6638
vt 0.2754 0.7154
vt 0.2685 0.7164
vt 0.2416 0.6399
vt 0.2415 0.6644
vt 0.2369 0.6641
vt 0.2369 0.6410
vt 0.2685 0.6845
vt 0.2756 0.6847
vt 0.2386 0.7051
vt 0.2382 0.7088
vt 0.2274 0.7088
vt 0.2275 0.7050
vt 0.2848 0.7267
vt 0.2847 0.7507
vt 0.2815 0.7507
vt 0.2815 0.7272
vt 0.2382 0.7129
vt 0.2274 0.7129
vt 0.2274 0.7094
vt 0.2379 0.7094
vt 0.6017 0.0161
vt 0.5952 0.0169
vt 0.5952 0.0169
vt 0.6017 0.0161
vt 0.2505 0.7300
vt 0.2618 0.7300
vt 0.2611 0.7535
vt 0.2500 0.7534
vt 0.2490 0.7544
vt 0.2374 0.7544
vt 0.2602 0.7565
vt 0.2496 0.7564
vt 0.2486 0.7584
vt 0.2375 0.7584
vt 0.2502 0.7267
vt 0.2610 0.7267
vt 0.2828 0.6638
vt 0.2828 0.6402
vt 0.2868 0.6399
vt 0.2867 0.6636
vt 0.2874 0.6637
vt 0.2874 0.6399
vt 0.2906 0.6403
vt 0.2905 0.6637
vt 0.0098 0.9715
vt 0.0162 0.9832
vt 0.4264 0.9479
vt 0.4325 0.9388
vt 0.4008 0.9480
vt 0.3944 0.9394
vt 0.2492 0.9629
vt 0.2432 0.9745
vt 0.2784 0.6399
vt 0.2820 0.6401
vt 0.2822 0.6423
vt 0.2786 0.6423
vt 0.4030 0.9460
vt 0.3962 0.9377
vt 0.0071 0.9728
vt 0.0139 0.9842
vt 0.2740 0.6423
vt 0.2777 0.6423
vt 0.2821 0.6639
vt 0.2786 0.6639
vt 0.2941 0.6404
vt 0.2941 0.6621
vt 0.2912 0.6615
vt 0.2919 0.6399
vt 0.2819 0.6669
vt 0.2784 0.6669
vt 0.2742 0.6401
vt 0.2778 0.6399
vt 0.2854 0.7489
vt 0.2861 0.7272
vt 0.2883 0.7267
vt 0.2883 0.7483
vt 0.2736 0.6789
vt 0.2698 0.6803
vt 0.2654 0.6733
vt 0.2700 0.6733
vt 0.2631 0.6410
vt 0.2631 0.6637
vt 0.2583 0.6631
vt 0.2588 0.6399
vt 0.2388 0.7184
vt 0.2388 0.7101
vt 0.2427 0.7094
vt 0.2427 0.7175
vt 0.5586 0.0159
vt 0.5332 0.0183
vt 0.5332 0.0183
vt 0.5586 0.0159
vt 0.2690 0.7560
vt 0.2625 0.7554
vt 0.2456 0.6399
vt 0.2523 0.6399
vt 0.2522 0.6631
vt 0.2456 0.6633
vt 0.2540 0.6809
vt 0.2474 0.6809
vt 0.2474 0.6764
vt 0.2542 0.6764
vt 0.2687 0.7608
vt 0.2624 0.7603
vt 0.2882 0.6733
vt 0.2947 0.6733
vt 0.2946 0.6782
vt 0.2879 0.6782
vt 0.2766 0.7081
vt 0.2766 0.6854
vt 0.2823 0.6845
vt 0.2815 0.7077
vt 0.2529 0.6637
vt 0.2534 0.6409
vt 0.2577 0.6399
vt 0.2577 0.6632
vt 0.2760 0.7278
vt 0.2760 0.7506
vt 0.2712 0.7501
vt 0.2717 0.7267
vt 0.2450 0.6438
vt 0.2448 0.6614
vt 0.3560 0.9858
vt 0.3498 0.9872
vt 0.4815 0.9867
vt 0.4754 0.9853
vt 0.4218 0.9548
vt 0.4194 0.9524
vt 0.0021 0.9645
vt 0.0051 0.9629
vt 0.2536 0.9542
vt 0.2563 0.9562
vt 0.4082 0.9523
vt 0.4057 0.9546
vt 0.2479 0.9501
vt 0.4032 0.9569
vt 0.4267 0.9595
vt 0.0081 0.9614
vt 0.0871 0.9431
vt 0.0966 0.9470
vt 0.1551 0.9429
vt 0.1647 0.9391
vt 0.3879 0.9700
vt 0.3825 0.9733
vt 0.2236 0.9399
vt 0.2300 0.9421
vt 0.4481 0.9746
vt 0.4424 0.9712
vt 0.0266 0.9538
vt 0.0327 0.9517
vt 0.4972 0.9869
vt 0.5369 0.9697
vt 0.5168 0.9821
vt 0.2365 0.9446
vt 0.0141 0.9584
vt 0.0393 0.9495
vt 0.0535 0.9461
vt 0.2007 0.9361
vt 0.2090 0.9371
vt 0.3281 0.9890
vt 0.3084 0.9842
vt 0.3771 0.9765
vt 0.3664 0.9816
vt 0.0614 0.9446
vt 0.0693 0.9431
vt 0.2880 0.9719
vt 0.2716 0.9519
vt 0.5531 0.9497
vt 0.3438 0.9887
vt 0.1061 0.9508
vt 0.1243 0.9665
vt 0.1367 0.9586
vt 0.4372 0.9680
vt 0.4169 0.9501
vt 0.4588 0.9797
vt 0.1743 0.9353
vt 0.1924 0.9351
vt 0.4693 0.9839
vt 0.3983 0.9616
vt 0.2590 0.9582
vt 0.0984 0.9438
vt 0.1083 0.9479
vt 0.2579 0.9532
vt 0.2608 0.9552
vt 0.0701 0.9398
vt 0.0886 0.9398
vt 0.4047 0.9591
vt 0.3996 0.9639
vt 0.4758 0.9885
vt 0.4695 0.9870
vt 0.3889 0.9727
vt 0.4586 0.9828
vt 0.1728 0.9320
vt 0.1914 0.9320
vt 0.3432 0.9919
vt 0.3269 0.9922
vt 0.1629 0.9360
vt 0.0127 0.9552
vt 0.0259 0.9509
vt 0.4475 0.9775
vt 0.3065 0.9873
vt 0.2854 0.9746
vt 0.4178 0.9545
vt 0.4153 0.9521
vt 0.4416 0.9740
vt 0.4362 0.9707
vt 0.2086 0.9341
vt 0.2238 0.9369
vt 0.4254 0.9618
vt 0.5186 0.9852
vt 0.4984 0.9902
vt 0.1339 0.9562
vt 0.1530 0.9399
vt 0.1083 0.9479
vt 0.1272 0.9641
vt 0.3666 0.9847
vt 0.3558 0.9889
vt 0.3493 0.9905
vt 0.3432 0.9919
vt 0.5563 0.9516
vt 0.5395 0.9723
vt 0.3833 0.9761
vt 0.3777 0.9794
vt 0.2684 0.9539
vt 0.0620 0.9414
vt 0.0323 0.9488
vt 0.0391 0.9465
vt 0.2000 0.9330
vt 0.2305 0.9392
vt 0.2371 0.9420
vt 0.0391 0.9465
vt 0.0538 0.9430
vt 0.0065 0.9583
vt 0.2491 0.9473
vt 0.4821 0.9900
vt 0.0323 0.9488
vt 0.2238 0.9369
vt 0.2305 0.9392
vt 0.1530 0.9399
vt 0.1629 0.9360
vt 0.0984 0.9438
vt 0.0034 0.9599
vt 0.4203 0.9570
vt 0.4073 0.9568
vt 0.2551 0.9512
vt 0.4099 0.9544
vt 0.4073 0.9568
vt 0.0004 0.9615
vt 0.4178 0.9545
vt 0.4821 0.9900
vt 0.4758 0.9885
vt 0.3493 0.9905
vt 0.4919 0.0348
vt 0.4578 0.0274
vt 0.4578 0.0274
vt 0.4919 0.0348
vt 0.6433 0.0160
vt 0.6433 0.0160
vt 0.4541 0.0712
vt 0.4237 0.0642
vt 0.4251 0.0482
vt 0.4567 0.0551
vt 0.6051 0.0591
vt 0.6059 0.0753
vt 0.5957 0.0769
vt 0.5954 0.0604
vt 0.5806 0.0779
vt 0.5804 0.0602
vt 0.6191 0.0750
vt 0.6170 0.0587
vt 0.6297 0.0571
vt 0.6318 0.0723
vt 0.4237 0.0642
vt 0.4219 0.0841
vt 0.3952 0.0786
vt 0.3961 0.0599
vt 0.6144 0.0446
vt 0.6266 0.0437
vt 0.6058 0.0443
vt 0.5945 0.0451
vt 0.5797 0.0445
vt 0.6797 0.0509
vt 0.6605 0.0530
vt 0.6591 0.0416
vt 0.6781 0.0403
vt 0.3872 0.0464
vt 0.3977 0.0450
vt 0.3961 0.0599
vt 0.3853 0.0604
vt 0.3335 0.0561
vt 0.3541 0.0517
vt 0.3529 0.0642
vt 0.3345 0.0676
vt 0.3764 0.0478
vt 0.3741 0.0613
vt 0.6436 0.0552
vt 0.6419 0.0429
vt 0.5715 0.0599
vt 0.5714 0.0777
vt 0.5622 0.0776
vt 0.5625 0.0598
vt 0.2956 0.0661
vt 0.2995 0.0762
vt 0.2801 0.0818
vt 0.2766 0.0716
vt 0.3143 0.0608
vt 0.3172 0.0715
vt 0.5715 0.0599
vt 0.5704 0.0442
vt 0.5185 0.0835
vt 0.4875 0.0783
vt 0.4901 0.0625
vt 0.5191 0.0680
vt 0.5149 0.1016
vt 0.4831 0.0967
vt 0.5365 0.0772
vt 0.5386 0.0588
vt 0.5379 0.0434
vt 0.5614 0.0441
vt 0.4443 0.4908
vt 0.4239 0.4905
vt 0.4253 0.4572
vt 0.4438 0.4571
vt 0.4462 0.1167
vt 0.4423 0.1498
vt 0.4166 0.1475
vt 0.4187 0.1115
vt 0.4433 0.1898
vt 0.4201 0.1887
vt 0.4421 0.2297
vt 0.4218 0.2283
vt 0.4379 0.2663
vt 0.4205 0.2650
vt 0.4382 0.2978
vt 0.4415 0.3190
vt 0.4237 0.3191
vt 0.4209 0.2966
vt 0.4451 0.3370
vt 0.4273 0.3382
vt 0.4469 0.3569
vt 0.4451 0.3845
vt 0.4275 0.3858
vt 0.4293 0.3584
vt 0.4433 0.5206
vt 0.4212 0.5205
vt 0.4414 0.5481
vt 0.4403 0.5702
vt 0.4171 0.5721
vt 0.4174 0.5494
vt 0.4070 0.6157
vt 0.4023 0.5952
vt 0.4194 0.5932
vt 0.4233 0.6132
vt 0.3567 0.6284
vt 0.3429 0.6103
vt 0.3532 0.5968
vt 0.3664 0.6214
vt 0.3728 0.5966
vt 0.3795 0.6185
vt 0.4398 0.5904
vt 0.4433 0.6097
vt 0.3333 0.6533
vt 0.3308 0.6540
vt 0.3224 0.6353
vt 0.3240 0.6350
vt 0.3585 0.6490
vt 0.3521 0.6534
vt 0.3411 0.6360
vt 0.3485 0.6334
vt 0.3665 0.6449
vt 0.3752 0.6396
vt 0.6994 0.6316
vt 0.7025 0.6330
vt 0.6942 0.6527
vt 0.6909 0.6514
vt 0.7101 0.6081
vt 0.7131 0.6091
vt 0.3861 0.6368
vt 0.3983 0.6360
vt 0.3929 0.6173
vt 0.3569 0.7098
vt 0.3534 0.7112
vt 0.3489 0.6999
vt 0.3523 0.6987
vt 0.3812 0.6961
vt 0.3740 0.7000
vt 0.3683 0.6876
vt 0.3755 0.6838
vt 0.4437 0.6809
vt 0.4462 0.6899
vt 0.4309 0.6931
vt 0.4288 0.6835
vt 0.4414 0.6733
vt 0.4379 0.6639
vt 0.4566 0.6609
vt 0.4597 0.6703
vt 0.6677 0.6179
vt 0.6596 0.6399
vt 0.6513 0.6380
vt 0.6580 0.6159
vt 0.6329 0.6259
vt 0.6371 0.6090
vt 0.6233 0.6061
vt 0.6218 0.6223
vt 0.6053 0.6203
vt 0.6051 0.6035
vt 0.5868 0.6171
vt 0.5855 0.6005
vt 0.5704 0.6000
vt 0.5707 0.6168
vt 0.6781 0.5933
vt 0.6669 0.5905
vt 0.6415 0.5884
vt 0.6252 0.5873
vt 0.6065 0.5857
vt 0.5856 0.5837
vt 0.5704 0.6000
vt 0.5551 0.6019
vt 0.5583 0.5845
vt 0.5715 0.5833
vt 0.4278 0.6323
vt 0.4120 0.6349
vt 0.4473 0.6288
vt 0.3668 0.7343
vt 0.3637 0.7357
vt 0.3577 0.7213
vt 0.3611 0.7199
vt 0.3941 0.7213
vt 0.3881 0.7237
vt 0.3798 0.7111
vt 0.3871 0.7077
vt 0.4001 0.7188
vt 0.3953 0.7054
vt 0.4049 0.7025
vt 0.4114 0.7136
vt 0.4141 0.6997
vt 0.4227 0.7097
vt 0.4284 0.7065
vt 0.4213 0.6961
vt 0.4508 0.6999
vt 0.4462 0.6899
vt 0.4665 0.6858
vt 0.4714 0.6956
vt 0.4329 0.6498
vt 0.4520 0.6467
vt 0.3878 0.5963
vt 0.6250 0.5434
vt 0.6258 0.5646
vt 0.6061 0.5650
vt 0.6058 0.5452
vt 0.6452 0.5644
vt 0.6437 0.5422
vt 0.6768 0.5381
vt 0.6803 0.5622
vt 0.5708 0.5661
vt 0.5701 0.5489
vt 0.5830 0.5474
vt 0.5843 0.5653
vt 0.7318 0.5217
vt 0.7382 0.5356
vt 0.7135 0.5479
vt 0.7071 0.5307
vt 0.7526 0.5119
vt 0.7573 0.5220
vt 0.3238 0.5958
vt 0.3295 0.5829
vt 0.3844 0.5731
vt 0.3869 0.5478
vt 0.3972 0.5488
vt 0.3984 0.5731
vt 0.6244 0.5069
vt 0.6247 0.5255
vt 0.6063 0.5280
vt 0.6070 0.5098
vt 0.3520 0.5692
vt 0.3550 0.5437
vt 0.3760 0.5467
vt 0.3704 0.5721
vt 0.7183 0.4850
vt 0.7254 0.5039
vt 0.7023 0.5115
vt 0.6959 0.4920
vt 0.5824 0.5309
vt 0.5834 0.5133
vt 0.7365 0.4790
vt 0.7445 0.4967
vt 0.6427 0.5234
vt 0.6413 0.5043
vt 0.6693 0.4985
vt 0.6732 0.5178
vt 0.5707 0.5327
vt 0.5712 0.5140
vt 0.3332 0.5620
vt 0.3358 0.5393
vt 0.7087 0.4643
vt 0.6871 0.4709
vt 0.6793 0.4477
vt 0.6998 0.4414
vt 0.7263 0.4586
vt 0.7168 0.4354
vt 0.2855 0.5001
vt 0.2877 0.4747
vt 0.3048 0.4775
vt 0.3022 0.5038
vt 0.4017 0.5196
vt 0.4047 0.4896
vt 0.6099 0.3328
vt 0.6116 0.3602
vt 0.5956 0.3600
vt 0.5961 0.3322
vt 0.3728 0.3878
vt 0.3746 0.3601
vt 0.3932 0.3612
vt 0.3919 0.3884
vt 0.6680 0.3202
vt 0.6732 0.3473
vt 0.6543 0.3529
vt 0.6506 0.3252
vt 0.5771 0.3603
vt 0.5794 0.3314
vt 0.6856 0.3159
vt 0.6909 0.3421
vt 0.6223 0.3587
vt 0.6198 0.3314
vt 0.6342 0.3291
vt 0.6371 0.3568
vt 0.5671 0.3603
vt 0.5693 0.3314
vt 0.3535 0.3855
vt 0.3560 0.3573
vt 0.4007 0.3879
vt 0.4024 0.3609
vt 0.4113 0.3604
vt 0.4094 0.3874
vt 0.6196 0.3059
vt 0.6334 0.3035
vt 0.6487 0.3000
vt 0.6506 0.3252
vt 0.6649 0.2958
vt 0.6816 0.2928
vt 0.3213 0.3504
vt 0.3049 0.3492
vt 0.3052 0.3249
vt 0.3221 0.3254
vt 0.3403 0.3283
vt 0.3385 0.3534
vt 0.3578 0.3317
vt 0.3560 0.3573
vt 0.6798 0.2739
vt 0.6627 0.2755
vt 0.6199 0.2821
vt 0.6331 0.2798
vt 0.5681 0.3077
vt 0.5694 0.2876
vt 0.5807 0.2867
vt 0.5785 0.3073
vt 0.3578 0.3317
vt 0.3581 0.3090
vt 0.3762 0.3122
vt 0.3761 0.3352
vt 0.4018 0.3384
vt 0.4003 0.3169
vt 0.4076 0.3181
vt 0.4100 0.3387
vt 0.6087 0.2836
vt 0.6090 0.3075
vt 0.5953 0.3072
vt 0.5960 0.2843
vt 0.3927 0.3155
vt 0.3935 0.3377
vt 0.6476 0.2773
vt 0.4060 0.2940
vt 0.6070 0.2564
vt 0.5958 0.2581
vt 0.3758 0.2870
vt 0.3916 0.2906
vt 0.6624 0.2518
vt 0.6460 0.2513
vt 0.5809 0.2628
vt 0.6785 0.2515
vt 0.6179 0.2546
vt 0.6311 0.2526
vt 0.5698 0.2652
vt 0.3578 0.2839
vt 0.3989 0.2924
vt 0.5938 0.1901
vt 0.5954 0.2248
vt 0.5803 0.2296
vt 0.5779 0.1943
vt 0.6768 0.1823
vt 0.6765 0.2186
vt 0.6603 0.2182
vt 0.6606 0.1822
vt 0.6175 0.2208
vt 0.6197 0.1871
vt 0.6326 0.1849
vt 0.6306 0.2191
vt 0.5688 0.2327
vt 0.5663 0.1971
vt 0.3552 0.2503
vt 0.3486 0.2128
vt 0.3677 0.2165
vt 0.3733 0.2538
vt 0.3978 0.2601
vt 0.3955 0.2234
vt 0.4036 0.2255
vt 0.4051 0.2620
vt 0.6060 0.1878
vt 0.6062 0.2223
vt 0.3869 0.2212
vt 0.3902 0.2581
vt 0.6453 0.2182
vt 0.6464 0.1832
vt 0.3453 0.1762
vt 0.3637 0.1793
vt 0.3909 0.1849
vt 0.3994 0.1865
vt 0.6064 0.1557
vt 0.5946 0.1575
vt 0.3818 0.1831
vt 0.6600 0.1513
vt 0.6463 0.1521
vt 0.5782 0.1594
vt 0.6767 0.1510
vt 0.6202 0.1557
vt 0.6334 0.1538
vt 0.5675 0.1610
vt 0.6621 0.1187
vt 0.6465 0.1209
vt 0.5959 0.1260
vt 0.5800 0.1267
vt 0.6797 0.1170
vt 0.6202 0.1250
vt 0.6326 0.1231
vt 0.5699 0.1274
vt 0.3450 0.1364
vt 0.3611 0.1380
vt 0.3859 0.1427
vt 0.3946 0.1444
vt 0.6067 0.1245
vt 0.3770 0.1409
vt 0.5704 0.1000
vt 0.5802 0.0993
vt 0.3410 0.1036
vt 0.3575 0.1035
vt 0.3852 0.1056
vt 0.3947 0.1068
vt 0.6060 0.0971
vt 0.5955 0.0986
vt 0.3753 0.1044
vt 0.6639 0.0885
vt 0.6469 0.0920
vt 0.6834 0.0849
vt 0.6195 0.0973
vt 0.6323 0.0950
vt 0.3539 0.0794
vt 0.3737 0.0780
vt 0.3367 0.0814
vt 0.3086 0.1093
vt 0.3046 0.0881
vt 0.3211 0.0841
vt 0.3255 0.1053
vt 0.6454 0.0697
vt 0.6625 0.0663
vt 0.5231 0.6904
vt 0.4962 0.6927
vt 0.4913 0.6814
vt 0.5186 0.6766
vt 0.4875 0.6720
vt 0.5153 0.6661
vt 0.5111 0.6496
vt 0.4822 0.6552
vt 0.4777 0.6417
vt 0.5067 0.6351
vt 0.4734 0.6234
vt 0.5033 0.6163
vt 0.3101 0.1423
vt 0.3284 0.1378
vt 0.3283 0.1760
vt 0.3102 0.1789
vt 0.3136 0.2115
vt 0.3321 0.2111
vt 0.3179 0.2485
vt 0.3380 0.2486
vt 0.1235 0.2958
vt 0.1083 0.2984
vt 0.1086 0.2667
vt 0.1244 0.2638
vt 0.3405 0.2820
vt 0.3408 0.3064
vt 0.3220 0.3049
vt 0.3211 0.2817
vt 0.3359 0.3818
vt 0.3200 0.3785
vt 0.4702 0.6046
vt 0.5001 0.5988
vt 0.4686 0.5860
vt 0.4980 0.5818
vt 0.5776 0.6676
vt 0.5749 0.6545
vt 0.5898 0.6566
vt 0.5883 0.6693
vt 0.2980 0.5482
vt 0.3009 0.5280
vt 0.3176 0.5336
vt 0.3155 0.5558
vt 0.3120 0.5745
vt 0.3070 0.5850
vt 0.2902 0.5757
vt 0.2944 0.5655
vt 0.2903 0.1476
vt 0.2894 0.1151
vt 0.2920 0.1820
vt 0.2960 0.2132
vt 0.3003 0.2495
vt 0.0904 0.2995
vt 0.0907 0.2677
vt 0.0689 0.2674
vt 0.0687 0.2991
vt 0.4639 0.3361
vt 0.4644 0.3567
vt 0.2740 0.5686
vt 0.2776 0.5586
vt 0.2812 0.5421
vt 0.2844 0.5231
vt 0.6068 0.4889
vt 0.5835 0.4913
vt 0.5827 0.4646
vt 0.6045 0.4630
vt 0.6235 0.4864
vt 0.6206 0.4613
vt 0.3032 0.3766
vt 0.4968 0.5642
vt 0.4686 0.5675
vt 0.4685 0.5461
vt 0.4953 0.5436
vt 0.3053 0.3054
vt 0.3041 0.2825
vt 0.0432 0.2661
vt 0.0447 0.2973
vt 0.9883 0.2755
vt 0.9636 0.2714
vt 0.9638 0.2396
vt 0.9897 0.2449
vt 0.5679 0.3938
vt 0.5786 0.3937
vt 0.6008 0.4307
vt 0.6163 0.4302
vt 0.5809 0.4315
vt 0.5698 0.4308
vt 0.5711 0.4642
vt 0.4068 0.4566
vt 0.3970 0.4562
vt 0.3945 0.4890
vt 0.3665 0.4551
vt 0.3867 0.4559
vt 0.3838 0.4884
vt 0.3631 0.4870
vt 0.3459 0.4532
vt 0.3416 0.4845
vt 0.3265 0.4500
vt 0.3220 0.4809
vt 0.3048 0.4775
vt 0.3095 0.4469
vt 0.2930 0.4447
vt 0.6914 0.4132
vt 0.7078 0.4070
vt 0.6714 0.4194
vt 0.6496 0.4242
vt 0.6570 0.4531
vt 0.6292 0.4276
vt 0.6348 0.4582
vt 0.6634 0.4771
vt 0.6390 0.4833
vt 0.9591 0.4348
vt 0.9480 0.4357
vt 0.9493 0.3979
vt 0.9600 0.3977
vt 0.3191 0.5080
vt 0.3381 0.5123
vt 0.3593 0.5156
vt 0.3807 0.5178
vt 0.3915 0.5188
vt 0.9919 0.4311
vt 0.9701 0.4339
vt 0.9700 0.3971
vt 0.9899 0.3951
vt 0.4769 0.1209
vt 0.5096 0.1249
vt 0.5030 0.1546
vt 0.4713 0.1520
vt 0.5715 0.4913
vt 0.0463 0.4194
vt 0.0655 0.4198
vt 0.0627 0.4577
vt 0.0411 0.4562
vt 0.0839 0.4208
vt 0.0830 0.4588
vt 0.4946 0.1899
vt 0.4679 0.1901
vt 0.4888 0.2286
vt 0.4640 0.2296
vt 0.4847 0.2652
vt 0.4593 0.2663
vt 0.9528 0.2694
vt 0.9418 0.2659
vt 0.9411 0.2332
vt 0.9528 0.2367
vt 0.9278 0.2629
vt 0.9272 0.2293
vt 0.4592 0.2978
vt 0.4827 0.2964
vt 0.4831 0.3172
vt 0.4616 0.3184
vt 0.4834 0.3356
vt 0.4639 0.3361
vt 0.4821 0.3574
vt 0.5709 0.6294
vt 0.5543 0.6303
vt 0.5540 0.6187
vt 0.5707 0.6168
vt 0.6069 0.6451
vt 0.6073 0.6581
vt 0.5898 0.6566
vt 0.5891 0.6436
vt 0.4227 0.6658
vt 0.4172 0.6519
vt 0.5715 0.5833
vt 0.5856 0.5837
vt 0.3207 0.6200
vt 0.3291 0.6210
vt 0.3411 0.6360
vt 0.3324 0.6341
vt 0.3089 0.6082
vt 0.3132 0.6061
vt 0.3046 0.6096
vt 0.3039 0.6099
vt 0.2928 0.5997
vt 0.2932 0.5994
vt 0.2820 0.5883
vt 0.2841 0.5858
vt 0.2991 0.5953
vt 0.2960 0.5977
vt 0.2803 0.5900
vt 0.2801 0.5903
vt 0.2662 0.5827
vt 0.2665 0.5823
vt 0.7651 0.5366
vt 0.7654 0.5371
vt 0.7505 0.5497
vt 0.7496 0.5488
vt 0.7280 0.5626
vt 0.7221 0.5573
vt 0.7439 0.5432
vt 0.7470 0.5464
vt 0.7104 0.5840
vt 0.7015 0.5735
vt 0.6997 0.6046
vt 0.6868 0.5960
vt 0.6195 0.6461
vt 0.6176 0.6590
vt 0.6470 0.6508
vt 0.6440 0.6628
vt 0.6258 0.6605
vt 0.6281 0.6479
vt 0.6551 0.6527
vt 0.6509 0.6645
vt 0.6755 0.6600
vt 0.6709 0.6713
vt 0.6578 0.6663
vt 0.6621 0.6545
vt 0.3623 0.6740
vt 0.3698 0.6711
vt 0.3621 0.6919
vt 0.3559 0.6777
vt 0.3643 0.6598
vt 0.3569 0.6627
vt 0.3393 0.6673
vt 0.3453 0.6816
vt 0.3420 0.6825
vt 0.3364 0.6680
vt 0.3353 0.6174
vt 0.3485 0.6334
vt 0.3183 0.6025
vt 0.3027 0.5913
vt 0.2868 0.5818
vt 0.2868 0.5818
vt 0.2841 0.5858
vt 0.2692 0.5778
vt 0.2713 0.5741
vt 0.7602 0.5278
vt 0.7621 0.5319
vt 0.7439 0.5432
vt 0.7412 0.5393
vt 0.7177 0.5526
vt 0.6932 0.5694
vt 0.7177 0.5526
vt 0.3434 0.6520
vt 0.6757 0.6199
vt 0.6901 0.6269
vt 0.6803 0.6488
vt 0.6664 0.6430
vt 0.3674 0.7042
vt 0.3760 0.7300
vt 0.3719 0.7156
vt 0.3167 0.6207
vt 0.3271 0.6348
vt 0.3061 0.6092
vt 0.2808 0.5896
vt 0.2941 0.5990
vt 0.2677 0.5804
vt 0.7637 0.5346
vt 0.7304 0.5659
vt 0.7488 0.5480
vt 0.7154 0.5882
vt 0.7063 0.6070
vt 0.6816 0.6630
vt 0.6768 0.6747
vt 0.3566 0.6953
vt 0.3502 0.6804
vt 0.3569 0.6627
vt 0.3499 0.6647
vt 0.5670 0.6663
vt 0.5421 0.6633
vt 0.5395 0.6490
vt 0.5593 0.6525
vt 0.5380 0.6382
vt 0.5560 0.6405
vt 0.5540 0.6187
vt 0.5366 0.6212
vt 0.5348 0.6062
vt 0.5551 0.6019
vt 0.5344 0.5872
vt 0.5332 0.5696
vt 0.5582 0.5676
vt 0.5327 0.5527
vt 0.5594 0.5507
vt 0.5591 0.5340
vt 0.5331 0.5354
vt 0.5336 0.5151
vt 0.5593 0.5148
vt 0.1015 0.4591
vt 0.1015 0.4217
vt 0.1200 0.4588
vt 0.1194 0.4224
vt 0.5595 0.4912
vt 0.5345 0.4903
vt 0.5356 0.4618
vt 0.5595 0.4638
vt 0.5368 0.4281
vt 0.5588 0.4302
vt 0.5572 0.3603
vt 0.5376 0.3595
vt 0.5391 0.3319
vt 0.5593 0.3316
vt 0.5386 0.3104
vt 0.5580 0.3083
vt 0.5362 0.2925
vt 0.5588 0.2890
vt 0.5338 0.2721
vt 0.5583 0.2675
vt 0.9167 0.2615
vt 0.9055 0.2599
vt 0.9047 0.2259
vt 0.9165 0.2272
vt 0.8919 0.2582
vt 0.8912 0.2246
vt 0.5576 0.2358
vt 0.5317 0.2416
vt 0.5300 0.2053
vt 0.5549 0.1998
vt 0.8759 0.2243
vt 0.8760 0.2581
vt 0.8594 0.2581
vt 0.8612 0.2245
vt 0.4623 0.3842
vt 0.6128 0.3931
vt 0.5968 0.3935
vt 0.4667 0.4905
vt 0.4642 0.4563
vt 0.4680 0.5198
vt 0.1774 0.4204
vt 0.1958 0.4173
vt 0.2006 0.4530
vt 0.1812 0.4560
vt 0.1605 0.4577
vt 0.1575 0.4223
vt 0.4625 0.6770
vt 0.4665 0.6858
vt 0.5305 0.1667
vt 0.5562 0.1626
vt 0.5332 0.1308
vt 0.5596 0.1281
vt 0.5346 0.1008
vt 0.5606 0.1005
vt 0.4799 0.3854
vt 0.4812 0.4184
vt 0.4621 0.4184
vt 0.3878 0.5963
vt 0.5379 0.3919
vt 0.5578 0.3934
vt 0.4260 0.4198
vt 0.4436 0.4191
vt 0.3991 0.4204
vt 0.4081 0.4203
vt 0.3502 0.4177
vt 0.3700 0.4199
vt 0.3319 0.4145
vt 0.3153 0.4113
vt 0.6986 0.3734
vt 0.6818 0.3790
vt 0.6623 0.3851
vt 0.6425 0.3890
vt 0.6245 0.3913
vt 0.2991 0.4093
vt 0.3896 0.4206
vt 0.4904 0.4895
vt 0.4857 0.4552
vt 0.4935 0.5184
vt 0.1402 0.4582
vt 0.1379 0.4228
vt 0.1301 0.4585
vt 0.1287 0.4226
vt 0.4510 0.0909
vt 0.6832 0.0635
vt 0.3847 0.0782
vt 0.2857 0.0938
vt 0.5714 0.0777
vt 0.5806 0.0779
vt 0.0766 0.0728
vt 0.0756 0.0573
vt 0.1062 0.0504
vt 0.1060 0.0657
vt 0.9222 0.0620
vt 0.9325 0.0638
vt 0.9313 0.0813
vt 0.9208 0.0789
vt 0.9492 0.0642
vt 0.9475 0.0816
vt 0.9066 0.0788
vt 0.8931 0.0762
vt 0.8951 0.0595
vt 0.9095 0.0617
vt 0.1060 0.0657
vt 0.1334 0.0604
vt 0.1341 0.0783
vt 0.1068 0.0845
vt 0.8986 0.0456
vt 0.9124 0.0467
vt 0.9218 0.0467
vt 0.9341 0.0477
vt 0.9511 0.0477
vt 0.8359 0.0539
vt 0.8385 0.0428
vt 0.8608 0.0436
vt 0.8592 0.0554
vt 0.1437 0.0465
vt 0.1446 0.0600
vt 0.1334 0.0604
vt 0.1331 0.0463
vt 0.1951 0.0538
vt 0.1937 0.0652
vt 0.1765 0.0620
vt 0.1759 0.0499
vt 0.1559 0.0598
vt 0.1546 0.0468
vt 0.8811 0.0447
vt 0.8791 0.0575
vt 0.9587 0.0638
vt 0.9683 0.0636
vt 0.9663 0.0819
vt 0.9569 0.0817
vt 0.2320 0.0640
vt 0.2536 0.0706
vt 0.2482 0.0809
vt 0.2275 0.0743
vt 0.2098 0.0692
vt 0.2130 0.0584
vt 0.9587 0.0638
vt 0.9610 0.0476
vt 0.0104 0.0853
vt 0.0103 0.0696
vt 0.0415 0.0644
vt 0.0426 0.0799
vt 0.0456 0.0980
vt 0.0120 0.1039
vt 0.9923 0.0632
vt 0.9916 0.0815
vt 0.9706 0.0476
vt 0.9939 0.0480
vt 0.0821 0.4925
vt 0.1024 0.4925
vt 0.0809 0.1165
vt 0.1095 0.1108
vt 0.1117 0.1469
vt 0.0840 0.1499
vt 0.1076 0.1897
vt 0.0838 0.1905
vt 0.1065 0.2300
vt 0.0860 0.2309
vt 0.1054 0.3210
vt 0.0869 0.3207
vt 0.1016 0.3400
vt 0.0832 0.3387
vt 0.0812 0.3586
vt 0.0993 0.3602
vt 0.1007 0.3877
vt 0.0832 0.3861
vt 0.0826 0.5224
vt 0.1048 0.5226
vt 0.0841 0.5501
vt 0.1082 0.5516
vt 0.1082 0.5744
vt 0.0849 0.5723
vt 0.1184 0.6184
vt 0.1022 0.6159
vt 0.1059 0.5958
vt 0.1231 0.5979
vt 0.1680 0.6319
vt 0.1582 0.6254
vt 0.1722 0.6000
vt 0.1824 0.6135
vt 0.1453 0.6224
vt 0.1526 0.5997
vt 0.0822 0.6122
vt 0.0850 0.5926
vt 0.1914 0.6566
vt 0.2011 0.6385
vt 0.2027 0.6388
vt 0.1939 0.6573
vt 0.1655 0.6527
vt 0.1760 0.6371
vt 0.1836 0.6395
vt 0.1721 0.6571
vt 0.1574 0.6489
vt 0.1480 0.6452
vt 0.8343 0.6376
vt 0.8436 0.6571
vt 0.8404 0.6586
vt 0.8313 0.6394
vt 0.8225 0.6144
vt 0.8196 0.6159
vt 0.1377 0.6421
vt 0.1261 0.6395
vt 0.1323 0.6203
vt 0.1665 0.7126
vt 0.1714 0.7015
vt 0.1748 0.7030
vt 0.1700 0.7141
vt 0.1421 0.6990
vt 0.1476 0.6871
vt 0.1558 0.6892
vt 0.1499 0.7015
vt 0.0801 0.6833
vt 0.0947 0.6872
vt 0.0913 0.6959
vt 0.0767 0.6916
vt 0.0829 0.6766
vt 0.0636 0.6734
vt 0.0666 0.6664
vt 0.0865 0.6676
vt 0.8653 0.6230
vt 0.8737 0.6209
vt 0.8820 0.6441
vt 0.8746 0.6460
vt 0.8926 0.6176
vt 0.8986 0.6395
vt 0.9072 0.6145
vt 0.9249 0.6124
vt 0.9250 0.6351
vt 0.9102 0.6368
vt 0.9504 0.6083
vt 0.9484 0.6312
vt 0.9611 0.6080
vt 0.9602 0.6307
vt 0.8545 0.5985
vt 0.8641 0.5957
vt 0.8890 0.5939
vt 0.9062 0.5928
vt 0.9252 0.5910
vt 0.9498 0.5880
vt 0.9611 0.6080
vt 0.9613 0.5883
vt 0.9714 0.5889
vt 0.9711 0.6081
vt 0.1131 0.6373
vt 0.0976 0.6351
vt 0.0783 0.6318
vt 0.1565 0.7371
vt 0.1623 0.7227
vt 0.1657 0.7242
vt 0.1596 0.7386
vt 0.1293 0.7239
vt 0.1363 0.7105
vt 0.1437 0.7131
vt 0.1351 0.7263
vt 0.1231 0.7213
vt 0.1117 0.7161
vt 0.1184 0.7061
vt 0.1282 0.7085
vt 0.1004 0.7119
vt 0.1090 0.7029
vt 0.0948 0.7086
vt 0.1010 0.6994
vt 0.0723 0.7019
vt 0.0518 0.6973
vt 0.0568 0.6875
vt 0.0767 0.6916
vt 0.0725 0.6506
vt 0.0919 0.6528
vt 0.1376 0.5992
vt 0.9062 0.5492
vt 0.9261 0.5503
vt 0.9257 0.5699
vt 0.9056 0.5701
vt 0.8861 0.5697
vt 0.8501 0.5687
vt 0.8540 0.5446
vt 0.8871 0.5479
vt 0.9622 0.5701
vt 0.9506 0.5693
vt 0.9505 0.5517
vt 0.9622 0.5530
vt 0.7991 0.5293
vt 0.8238 0.5377
vt 0.8177 0.5549
vt 0.7930 0.5433
vt 0.7781 0.5202
vt 0.7737 0.5303
vt 0.2018 0.5991
vt 0.1962 0.5862
vt 0.1411 0.5758
vt 0.1271 0.5757
vt 0.1285 0.5514
vt 0.1392 0.5505
vt 0.9062 0.5123
vt 0.9240 0.5148
vt 0.9250 0.5331
vt 0.9062 0.5310
vt 0.1737 0.5722
vt 0.1553 0.5750
vt 0.1499 0.5495
vt 0.1710 0.5467
vt 0.8115 0.4925
vt 0.8340 0.4990
vt 0.8281 0.5185
vt 0.8050 0.5115
vt 0.9477 0.5177
vt 0.9492 0.5355
vt 0.7933 0.4870
vt 0.7858 0.5048
vt 0.8879 0.5292
vt 0.8573 0.5242
vt 0.8607 0.5048
vt 0.8889 0.5100
vt 0.9610 0.5368
vt 0.9599 0.5181
vt 0.1926 0.5653
vt 0.1903 0.5425
vt 0.8206 0.4717
vt 0.8290 0.4485
vt 0.8496 0.4543
vt 0.8424 0.4777
vt 0.8030 0.4664
vt 0.8119 0.4429
vt 0.2412 0.5038
vt 0.2244 0.5073
vt 0.2221 0.4809
vt 0.2392 0.4783
vt 0.1217 0.4918
vt 0.1244 0.5219
vt 0.9159 0.3378
vt 0.9297 0.3369
vt 0.9313 0.3647
vt 0.9151 0.3653
vt 0.1553 0.3901
vt 0.1363 0.3906
vt 0.1354 0.3633
vt 0.1539 0.3623
vt 0.8575 0.3267
vt 0.8754 0.3309
vt 0.8721 0.3589
vt 0.8530 0.3539
vt 0.9457 0.3364
vt 0.9498 0.3645
vt 0.8397 0.3228
vt 0.8352 0.3491
vt 0.9041 0.3639
vt 0.8894 0.3624
vt 0.8915 0.3347
vt 0.9058 0.3367
vt 0.9597 0.3643
vt 0.9562 0.3355
vt 0.1746 0.3879
vt 0.1724 0.3595
vt 0.1277 0.3900
vt 0.1188 0.3895
vt 0.1175 0.3624
vt 0.1265 0.3629
vt 0.8915 0.3091
vt 0.9052 0.3112
vt 0.8754 0.3309
vt 0.8765 0.3057
vt 0.8598 0.3022
vt 0.8415 0.2993
vt 0.2061 0.3531
vt 0.2055 0.3280
vt 0.2219 0.3277
vt 0.2238 0.3521
vt 0.1894 0.3558
vt 0.1875 0.3306
vt 0.1724 0.3595
vt 0.1706 0.3339
vt 0.8428 0.2804
vt 0.8596 0.2816
vt 0.8911 0.2855
vt 0.9042 0.2875
vt 0.9565 0.3118
vt 0.9451 0.3121
vt 0.9431 0.2906
vt 0.9545 0.2918
vt 0.1706 0.3339
vt 0.1528 0.3372
vt 0.1529 0.3142
vt 0.1703 0.3111
vt 0.1273 0.3403
vt 0.1190 0.3406
vt 0.1217 0.3199
vt 0.1291 0.3188
vt 0.9158 0.2887
vt 0.9283 0.2891
vt 0.9297 0.3120
vt 0.9161 0.3126
vt 0.1354 0.3397
vt 0.1365 0.3174
vt 0.8766 0.2838
vt 0.9167 0.2615
vt 0.9278 0.2629
vt 0.1378 0.2924
vt 0.1533 0.2888
vt 0.8434 0.2581
vt 0.1708 0.2859
vt 0.1307 0.2942
vt 0.9276 0.1940
vt 0.9430 0.1976
vt 0.8436 0.1890
vt 0.8599 0.1885
vt 0.8612 0.2245
vt 0.8449 0.2252
vt 0.8885 0.1902
vt 0.9012 0.1918
vt 0.9545 0.2004
vt 0.1734 0.2524
vt 0.1558 0.2557
vt 0.1616 0.2185
vt 0.1806 0.2150
vt 0.1318 0.2618
vt 0.1244 0.2638
vt 0.1254 0.2273
vt 0.1339 0.2251
vt 0.9156 0.1921
vt 0.9165 0.2272
vt 0.1393 0.2598
vt 0.1425 0.2230
vt 0.8745 0.1892
vt 0.1660 0.1808
vt 0.1837 0.1782
vt 0.1296 0.1876
vt 0.1385 0.1860
vt 0.9152 0.1601
vt 0.9265 0.1619
vt 0.1477 0.1844
vt 0.8604 0.1577
vt 0.8752 0.1585
vt 0.9424 0.1631
vt 0.8432 0.1573
vt 0.8880 0.1594
vt 0.9006 0.1604
vt 0.9529 0.1644
vt 0.8590 0.1252
vt 0.8760 0.1273
vt 0.9271 0.1315
vt 0.9422 0.1312
vt 0.8383 0.1221
vt 0.8903 0.1290
vt 0.9026 0.1300
vt 0.9522 0.1315
vt 0.1682 0.1379
vt 0.1832 0.1362
vt 0.1352 0.1438
vt 0.1443 0.1422
vt 0.9167 0.1294
vt 0.1533 0.1407
vt 0.9453 0.1038
vt 0.9552 0.1040
vt 0.1718 0.1016
vt 0.1868 0.1017
vt 0.1350 0.1057
vt 0.1451 0.1042
vt 0.9194 0.1017
vt 0.9298 0.1040
vt 0.1553 0.1027
vt 0.8562 0.0930
vt 0.8759 0.0974
vt 0.8338 0.0895
vt 0.8921 0.0999
vt 0.9052 0.1020
vt 0.1757 0.0771
vt 0.1564 0.0761
vt 0.1913 0.0791
vt 0.2180 0.1084
vt 0.2012 0.1037
vt 0.2058 0.0820
vt 0.2223 0.0867
vt 0.8566 0.0697
vt 0.8773 0.0728
vt 0.0003 0.6913
vt 0.0050 0.6778
vt 0.0322 0.6830
vt 0.0271 0.6942
vt 0.0360 0.6736
vt 0.0084 0.6675
vt 0.0118 0.6571
vt 0.0170 0.6368
vt 0.0462 0.6443
vt 0.0408 0.6611
vt 0.0209 0.6176
vt 0.0510 0.6252
vt 0.2166 0.1426
vt 0.1988 0.1377
vt 0.2172 0.1807
vt 0.1999 0.1781
vt 0.2147 0.2144
vt 0.1967 0.2136
vt 0.2102 0.2512
vt 0.1903 0.2510
vt 0.1876 0.2843
vt 0.2067 0.2843
vt 0.2056 0.3074
vt 0.1872 0.3087
vt 0.2082 0.3813
vt 0.1921 0.3844
vt 0.0245 0.6001
vt 0.0544 0.6063
vt 0.0269 0.5831
vt 0.0562 0.5877
vt 0.9570 0.6704
vt 0.9464 0.6717
vt 0.9467 0.6559
vt 0.9581 0.6548
vt 0.2280 0.5519
vt 0.2104 0.5592
vt 0.2085 0.5370
vt 0.2253 0.5315
vt 0.2137 0.5780
vt 0.2315 0.5692
vt 0.2356 0.5794
vt 0.2186 0.5886
vt 0.2368 0.1487
vt 0.2383 0.1155
vt 0.2361 0.1845
vt 0.2320 0.2163
vt 0.2278 0.2525
vt 0.0640 0.3581
vt 0.0636 0.3375
vt 0.2484 0.5624
vt 0.2519 0.5725
vt 0.2449 0.5459
vt 0.2419 0.5268
vt 0.9236 0.4938
vt 0.9252 0.4678
vt 0.9471 0.4688
vt 0.9470 0.4956
vt 0.9066 0.4917
vt 0.9088 0.4665
vt 0.2251 0.3797
vt 0.0283 0.5654
vt 0.0565 0.5691
vt 0.0569 0.5476
vt 0.0301 0.5447
vt 0.2220 0.3081
vt 0.2234 0.2854
vt 0.9123 0.4353
vt 0.9281 0.4355
vt 0.9480 0.4357
vt 0.9587 0.4682
vt 0.1322 0.4914
vt 0.1635 0.4897
vt 0.1427 0.4909
vt 0.1851 0.4875
vt 0.2048 0.4841
vt 0.2178 0.4501
vt 0.2221 0.4809
vt 0.2344 0.4482
vt 0.8201 0.4144
vt 0.8367 0.4202
vt 0.8568 0.4259
vt 0.8787 0.4301
vt 0.8720 0.4592
vt 0.8992 0.4330
vt 0.8943 0.4637
vt 0.8908 0.4890
vt 0.8662 0.4833
vt 0.2074 0.5113
vt 0.1883 0.5154
vt 0.1670 0.5184
vt 0.1455 0.5205
vt 0.1349 0.5212
vt 0.0497 0.1220
vt 0.0540 0.1535
vt 0.0230 0.1566
vt 0.0160 0.1280
vt 0.9590 0.4952
vt 0.0320 0.1914
vt 0.0592 0.1908
vt 0.0641 0.2306
vt 0.0392 0.2294
vt 0.0661 0.3197
vt 0.0440 0.3182
vt 0.0451 0.3366
vt 0.0636 0.3375
vt 0.0463 0.3584
vt 0.9598 0.6367
vt 0.9602 0.6307
vt 0.9707 0.6303
vt 0.9703 0.6362
vt 0.9251 0.6469
vt 0.9476 0.6435
vt 0.9467 0.6559
vt 0.9256 0.6588
vt 0.1070 0.6544
vt 0.1016 0.6685
vt 0.9613 0.5883
vt 0.9498 0.5880
vt 0.2044 0.6235
vt 0.1902 0.6408
vt 0.1836 0.6395
vt 0.1961 0.6243
vt 0.2165 0.6118
vt 0.2122 0.6097
vt 0.2207 0.6132
vt 0.2323 0.6031
vt 0.2327 0.6034
vt 0.2215 0.6136
vt 0.2436 0.5922
vt 0.2295 0.6015
vt 0.2265 0.5989
vt 0.2415 0.5896
vt 0.2453 0.5939
vt 0.2592 0.5863
vt 0.2595 0.5867
vt 0.2455 0.5941
vt 0.7664 0.5450
vt 0.7820 0.5567
vt 0.7812 0.5576
vt 0.7660 0.5455
vt 0.8039 0.5699
vt 0.7845 0.5542
vt 0.7875 0.5510
vt 0.8095 0.5644
vt 0.8217 0.5902
vt 0.8304 0.5798
vt 0.8329 0.6104
vt 0.8457 0.6014
vt 0.9124 0.6486
vt 0.9150 0.6604
vt 0.8862 0.6551
vt 0.9024 0.6507
vt 0.9063 0.6622
vt 0.8908 0.6664
vt 0.8790 0.6571
vt 0.8838 0.6684
vt 0.8593 0.6650
vt 0.8724 0.6591
vt 0.8772 0.6705
vt 0.8644 0.6760
vt 0.1534 0.6737
vt 0.1622 0.6754
vt 0.1621 0.6936
vt 0.1687 0.6795
vt 0.1590 0.6629
vt 0.1677 0.6654
vt 0.1850 0.6704
vt 0.1879 0.6713
vt 0.1819 0.6857
vt 0.1788 0.6846
vt 0.1900 0.6205
vt 0.1760 0.6371
vt 0.2071 0.6059
vt 0.2229 0.5949
vt 0.2390 0.5857
vt 0.2390 0.5857
vt 0.2545 0.5781
vt 0.2566 0.5818
vt 0.2415 0.5896
vt 0.7709 0.5362
vt 0.7901 0.5472
vt 0.7875 0.5510
vt 0.7692 0.5403
vt 0.8136 0.5598
vt 0.8398 0.5744
vt 0.8136 0.5598
vt 0.1805 0.6565
vt 0.8577 0.6252
vt 0.8676 0.6477
vt 0.8541 0.6541
vt 0.8434 0.6326
vt 0.1566 0.7057
vt 0.1517 0.7177
vt 0.1473 0.7327
vt 0.2085 0.6241
vt 0.1980 0.6382
vt 0.2193 0.6128
vt 0.2448 0.5934
vt 0.2314 0.6027
vt 0.2580 0.5844
vt 0.7676 0.5430
vt 0.8015 0.5731
vt 0.7828 0.5559
vt 0.8167 0.5945
vt 0.8262 0.6130
vt 0.8534 0.6682
vt 0.8587 0.6796
vt 0.1671 0.6990
vt 0.1744 0.6829
vt 0.1677 0.6654
vt 0.1745 0.6678
vt 0.9673 0.6691
vt 0.9685 0.6536
vt 0.9944 0.6522
vt 0.9921 0.6663
vt 0.9956 0.6415
vt 0.9698 0.6420
vt 0.9707 0.6303
vt 0.9711 0.6081
vt 0.9980 0.6099
vt 0.9968 0.6307
vt 0.9987 0.5904
vt 0.9728 0.5710
vt 0.9997 0.5727
vt 0.9729 0.5545
vt 0.9996 0.5557
vt 0.9727 0.5378
vt 0.9719 0.5185
vt 0.9976 0.5180
vt 0.9987 0.5383
vt 0.9710 0.4949
vt 0.9703 0.4675
vt 0.9940 0.4648
vt 0.9960 0.4932
vt 0.9696 0.3641
vt 0.9662 0.3354
vt 0.9864 0.3353
vt 0.9891 0.3628
vt 0.9666 0.3121
vt 0.9861 0.3138
vt 0.9651 0.2929
vt 0.9865 0.2958
vt 0.9659 0.2030
vt 0.9908 0.2085
vt 0.0659 0.3857
vt 0.9312 0.3981
vt 0.9149 0.3982
vt 0.0596 0.4919
vt 0.0578 0.5212
vt 0.0610 0.6790
vt 0.0568 0.6875
vt 0.9637 0.1658
vt 0.9898 0.1702
vt 0.9624 0.1319
vt 0.9892 0.1348
vt 0.9901 0.1057
vt 0.9649 0.1041
vt 0.0483 0.3864
vt 0.1376 0.5992
vt 0.2124 0.4144
vt 0.1958 0.4173
vt 0.8454 0.3858
vt 0.8285 0.3805
vt 0.8848 0.3947
vt 0.8650 0.3913
vt 0.9028 0.3966
vt 0.2287 0.4126
vt 0.0358 0.4905
vt 0.0323 0.5194
vt 0.0778 0.0916
vt 0.8330 0.0673
vt 0.1452 0.0771
vt 0.2424 0.0934
vt 0.9569 0.0817
vt 0.9475 0.0816
vt 0.4251 0.0236
vt 0.4577 0.0303
vt 0.8331 0.0204
vt 0.8554 0.0199
vt 0.2156 0.0331
vt 0.2347 0.0393
vt 0.9218 0.0467
vt 0.9124 0.0467
vt 0.9138 0.0210
vt 0.9247 0.0200
vt 0.8772 0.0198
vt 0.8962 0.0202
vt 0.1069 0.0258
vt 0.1337 0.0219
vt 0.6635 0.0178
vt 0.6830 0.0177
vt 0.5337 0.0210
vt 0.5583 0.0189
vt 0.3130 0.0356
vt 0.3322 0.0307
vt 0.1969 0.0284
vt 0.1771 0.0250
vt 0.0113 0.0463
vt 0.0411 0.0397
vt 0.3532 0.0266
vt 0.2945 0.0413
vt 0.5779 0.0192
vt 0.5945 0.0200
vt 0.2755 0.0482
vt 0.5704 0.0442
vt 0.5681 0.0193
vt 0.6024 0.0189
vt 0.2556 0.0473
vt 0.6444 0.0181
vt 0.9536 0.0220
vt 0.9644 0.0225
vt 0.6118 0.0197
vt 0.6279 0.0189
vt 0.0752 0.0325
vt 0.4912 0.0374
vt 0.3758 0.0229
vt 0.5189 0.0449
vt 0.3872 0.0464
vt 0.3873 0.0219
vt 0.3976 0.0203
vt 0.1555 0.0225
vt 0.9341 0.0217
vt 0.1443 0.0225
vt 0.9750 0.0223
vt 0.9992 0.0260
vt 0.3136 0.0328
vt 0.3328 0.0275
vt 0.0400 0.0364
vt 0.0752 0.0288
vt 0.2751 0.0461
vt 0.2948 0.0389
vt 0.5779 0.0192
vt 0.5681 0.0193
vt 0.5685 0.0161
vt 0.5786 0.0159
vt 0.0086 0.0430
vt 0.6632 0.0158
vt 0.6835 0.0156
vt 0.1076 0.0216
vt 0.1348 0.0173
vt 0.5586 0.0159
vt 0.4919 0.0348
vt 0.5206 0.0423
vt 0.4245 0.0203
vt 0.4578 0.0274
vt 0.8839 0.6863
vt 0.8714 0.6912
vt 0.8552 0.6815
vt 0.8618 0.6957
vt 0.8585 0.6971
vt 0.8520 0.6831
vt 0.8969 0.6817
vt 0.8902 0.6841
vt 0.9112 0.6777
vt 0.9278 0.6747
vt 0.9194 0.6760
vt 0.0870 0.7062
vt 0.6639 0.6880
vt 0.6516 0.6837
vt 0.6804 0.6764
vt 0.6837 0.6778
vt 0.6777 0.6922
vt 0.6743 0.6912
vt 0.6450 0.6805
vt 0.6383 0.6785
vt 0.6235 0.6750
vt 0.6152 0.6732
vt 0.6069 0.6719
vt 0.4362 0.7042
vt 0.4288 0.6835
vt 0.4173 0.6858
vt 0.4136 0.6760
vt 0.4267 0.6753
vt 0.9480 0.6373
vt 0.8650 0.6940
vt 0.1714 0.7015
vt 0.1788 0.6846
vt 0.8498 0.6700
vt 0.8552 0.6815
vt 0.8225 0.6144
vt 0.8139 0.5967
vt 0.7997 0.5749
vt 0.7820 0.5567
vt 0.2453 0.5939
vt 0.2323 0.6031
vt 0.2207 0.6132
vt 0.2108 0.6243
vt 0.2011 0.6385
vt 0.1806 0.6694
vt 0.7668 0.5444
vt 0.2588 0.5857
vt 0.1581 0.7207
vt 0.1535 0.7357
vt 0.1622 0.7102
vt 0.8377 0.6358
vt 0.8474 0.6558
vt 0.1872 0.6562
vt 0.6710 0.6899
vt 0.3523 0.6987
vt 0.3453 0.6816
vt 0.6853 0.6646
vt 0.6804 0.6764
vt 0.7101 0.6081
vt 0.7184 0.5901
vt 0.7323 0.5676
vt 0.7496 0.5488
vt 0.2803 0.5900
vt 0.2932 0.5994
vt 0.3046 0.6096
vt 0.3145 0.6208
vt 0.3240 0.6350
vt 0.3440 0.6664
vt 0.7646 0.5360
vt 0.2669 0.5816
vt 0.3699 0.7329
vt 0.3658 0.7187
vt 0.3616 0.7074
vt 0.6959 0.6299
vt 0.6870 0.6503
vt 0.3373 0.6527
vt 0.3133 0.6211
vt 0.7339 0.5688
vt 0.7209 0.5913
vt 0.6886 0.6660
vt 0.2119 0.6246
vt 0.7981 0.5762
vt 0.8116 0.5982
vt 0.8466 0.6716
vt 0.3993 0.6909
vt 0.3899 0.6934
vt 0.3843 0.6811
vt 0.3938 0.6790
vt 0.8435 0.6651
vt 0.8467 0.6635
vt 0.6914 0.6593
vt 0.6881 0.6580
vt 0.6843 0.6566
vt 0.8502 0.6615
vt 0.9593 0.6427
vt 0.5727 0.6418
vt 0.6642 0.6488
vt 0.6574 0.6463
vt 0.8700 0.6534
vt 0.8768 0.6515
vt 0.0636 0.6734
vt 0.0383 0.6679
vt 0.9962 0.6361
vt 0.9703 0.6362
vt 0.8567 0.6595
vt 0.8840 0.6496
vt 0.9005 0.6451
vt 0.9113 0.6427
vt 0.9250 0.6410
vt 0.9480 0.6373
vt 0.0101 0.6623
vt 0.0829 0.6766
vt 0.0976 0.6791
vt 0.4597 0.6703
vt 0.4851 0.6654
vt 0.5372 0.6327
vt 0.5543 0.6303
vt 0.6779 0.6544
vt 0.6492 0.6444
vt 0.6306 0.6375
vt 0.6210 0.6345
vt 0.6062 0.6330
vt 0.5136 0.6608
vt 0.4414 0.6733
vt 0.9337 0.0175
vt 0.9532 0.0173
vt 0.3537 0.0230
vt 0.9746 0.0180
vt 0.9997 0.0222
vt 0.9641 0.0180
vt 0.8558 0.0173
vt 0.8787 0.0170
vt 0.1453 0.0176
vt 0.8986 0.0170
vt 0.9170 0.0173
vt 0.9261 0.0160
vt 0.1560 0.0175
vt 0.1766 0.0202
vt 0.1959 0.0240
vt 0.2145 0.0292
vt 0.2340 0.0360
vt 0.8322 0.0178
vt 0.2560 0.0446
vt 0.5878 0.6304
vt 0.6062 0.6330
vt 0.1053 0.6905
vt 0.1234 0.6964
vt 0.1330 0.6981
vt 0.1142 0.6937
vt 0.1183 0.6840
vt 0.1276 0.6863
vt 0.1088 0.6813
vt 0.1374 0.6876
vt 0.1132 0.6701
vt 0.1231 0.6724
vt 0.1325 0.6745
vt 0.1424 0.6748
vt 0.4084 0.6884
vt 0.4173 0.6858
vt 0.4034 0.6771
vt 0.4090 0.6658
vt 0.3787 0.6689
vt 0.3881 0.6671
vt 0.3981 0.6660
vt 0.1191 0.6566
vt 0.1294 0.6592
vt 0.1480 0.6631
vt 0.1388 0.6616
vt 0.4034 0.6520
vt 0.3819 0.6540
vt 0.3727 0.6569
vt 0.3918 0.6521
vt 0.3122 0.8836
vt 0.3314 0.8841
vt 0.3318 0.9093
vt 0.3133 0.9090
vt 0.2528 0.8812
vt 0.2663 0.8813
vt 0.2677 0.9074
vt 0.2539 0.9080
vt 0.2352 0.8825
vt 0.2387 0.8819
vt 0.2399 0.9086
vt 0.2365 0.9088
vt 0.3422 0.8841
vt 0.3528 0.8838
vt 0.3530 0.9090
vt 0.3424 0.9091
vt 0.2116 0.8850
vt 0.2245 0.8838
vt 0.2258 0.9095
vt 0.2128 0.9101
vt 0.3781 0.8820
vt 0.4052 0.8796
vt 0.4045 0.9046
vt 0.3779 0.9072
vt 0.4304 0.8770
vt 0.4516 0.8765
vt 0.4498 0.9027
vt 0.4289 0.9030
vt 0.2730 0.8814
vt 0.2801 0.8816
vt 0.2816 0.9075
vt 0.2744 0.9070
vt 0.4671 0.8768
vt 0.4661 0.9033
vt 0.1740 0.8884
vt 0.1823 0.8873
vt 0.1832 0.9131
vt 0.1746 0.9142
vt 0.5467 0.8856
vt 0.5501 0.8860
vt 0.5473 0.9105
vt 0.5438 0.9101
vt 0.5061 0.8807
vt 0.5129 0.8813
vt 0.5097 0.9057
vt 0.5029 0.9053
vt 0.4753 0.8767
vt 0.4816 0.8781
vt 0.4790 0.9030
vt 0.4725 0.9032
vt 0.4937 0.8787
vt 0.4907 0.9039
vt 0.5192 0.8819
vt 0.5161 0.9061
vt 0.2422 0.8818
vt 0.2458 0.8814
vt 0.2469 0.9083
vt 0.2434 0.9084
vt 0.5433 0.8852
vt 0.5404 0.9097
vt 0.5398 0.8849
vt 0.5369 0.9093
vt 0.0464 0.8910
vt 0.0718 0.8918
vt 0.0742 0.9168
vt 0.0496 0.9168
vt 0.2317 0.8826
vt 0.2330 0.9090
vt 0.0992 0.8924
vt 0.1248 0.8924
vt 0.1261 0.9178
vt 0.1011 0.9175
vt 0.5603 0.8874
vt 0.5741 0.8883
vt 0.5716 0.9125
vt 0.5577 0.9117
vt 0.1356 0.8918
vt 0.1368 0.9173
vt 0.1974 0.8854
vt 0.2043 0.8846
vt 0.2055 0.9104
vt 0.1986 0.9114
vt 0.5805 0.8891
vt 0.5780 0.9136
vt 0.1656 0.8895
vt 0.1660 0.9152
vt 0.1466 0.8911
vt 0.1474 0.9168
vt 0.6113 0.8931
vt 0.6179 0.8933
vt 0.6146 0.9197
vt 0.6082 0.9180
vt 0.5330 0.8842
vt 0.5299 0.9084
vt 0.0251 0.8919
vt 0.0287 0.9180
vt 0.0097 0.8933
vt 0.0125 0.9197
vt 0.3037 0.8830
vt 0.3050 0.9085
vt 0.5994 0.8910
vt 0.5967 0.9162
vt 0.5870 0.8900
vt 0.5845 0.9147
vt 0.5535 0.8865
vt 0.5508 0.9109
vt 0.2952 0.8824
vt 0.2967 0.9080
vt 0.9258 0.7669
vt 0.9252 0.7664
vt 0.9263 0.7657
vt 0.9270 0.7667
vt 0.6613 0.8184
vt 0.6603 0.8190
vt 0.6592 0.8173
vt 0.6605 0.8164
vt 0.1697 0.8052
vt 0.1792 0.8054
vt 0.1787 0.8125
vt 0.1690 0.8122
vt 0.7156 0.8267
vt 0.7153 0.8233
vt 0.7210 0.8231
vt 0.7218 0.8266
vt 0.0494 0.8032
vt 0.0450 0.8032
vt 0.0453 0.8003
vt 0.0496 0.8002
vt 0.7213 0.8019
vt 0.7208 0.7994
vt 0.7250 0.8000
vt 0.7257 0.8026
vt 0.9511 0.7663
vt 0.9510 0.7660
vt 0.9518 0.7659
vt 0.9517 0.7664
vt 0.9007 0.7732
vt 0.8975 0.7734
vt 0.8972 0.7724
vt 0.9003 0.7721
vt 0.4914 0.8051
vt 0.4824 0.8053
vt 0.4825 0.8023
vt 0.4916 0.8021
vt 0.9023 0.7691
vt 0.9030 0.7696
vt 0.9018 0.7703
vt 0.9012 0.7693
vt 0.9754 0.7664
vt 0.9743 0.7659
vt 0.9749 0.7653
vt 0.9760 0.7654
vt 0.9771 0.7695
vt 0.9741 0.7695
vt 0.9741 0.7679
vt 0.9772 0.7683
vt 0.9764 0.8040
vt 0.9764 0.8048
vt 0.9749 0.8049
vt 0.9749 0.8042
vt 0.4743 0.8334
vt 0.4659 0.8335
vt 0.4659 0.8269
vt 0.4743 0.8268
vt 0.3209 0.8216
vt 0.3138 0.8216
vt 0.3144 0.8143
vt 0.3214 0.8142
vt 0.1779 0.8200
vt 0.1787 0.8125
vt 0.1879 0.8128
vt 0.1872 0.8202
vt 0.8967 0.7680
vt 0.8937 0.7681
vt 0.8938 0.7667
vt 0.8969 0.7666
vt 0.1063 0.8247
vt 0.0980 0.8247
vt 0.0980 0.8220
vt 0.1063 0.8220
vt 0.7157 0.8312
vt 0.7093 0.8313
vt 0.7093 0.8268
vt 0.7156 0.8267
vt 0.9447 0.7673
vt 0.9474 0.7670
vt 0.9479 0.7683
vt 0.9450 0.7686
vt 0.7221 0.8311
vt 0.7218 0.8266
vt 0.7272 0.8264
vt 0.7278 0.8310
vt 0.3000 0.8147
vt 0.2993 0.8215
vt 0.2919 0.8216
vt 0.2926 0.8148
vt 0.9247 0.7670
vt 0.9246 0.7674
vt 0.9237 0.7675
vt 0.9237 0.7669
vt 0.9260 0.7678
vt 0.9272 0.7680
vt 0.9266 0.7690
vt 0.9254 0.7684
vt 0.9253 0.7671
vt 0.9247 0.7670
vt 0.9485 0.7697
vt 0.9479 0.7683
vt 0.9500 0.7677
vt 0.9515 0.7690
vt 0.9736 0.7603
vt 0.9765 0.7599
vt 0.9769 0.7610
vt 0.9737 0.7616
vt 0.9384 0.7677
vt 0.9382 0.7667
vt 0.9415 0.7665
vt 0.9416 0.7675
vt 0.9062 0.7665
vt 0.9086 0.7661
vt 0.9088 0.7675
vt 0.9065 0.7677
vt 0.9806 0.8025
vt 0.9834 0.8030
vt 0.9828 0.8045
vt 0.9802 0.8041
vt 0.8993 0.7679
vt 0.8997 0.7666
vt 0.4736 0.8054
vt 0.4738 0.8025
vt 0.9676 0.7439
vt 0.9676 0.7429
vt 0.9753 0.7440
vt 0.9746 0.7450
vt 0.4036 0.8343
vt 0.3942 0.8344
vt 0.3938 0.8274
vt 0.4031 0.8273
vt 0.9829 0.7864
vt 0.9848 0.7853
vt 0.9856 0.7870
vt 0.9834 0.7880
vt 0.6628 0.8014
vt 0.6617 0.8025
vt 0.6609 0.8011
vt 0.6629 0.8006
vt 0.9500 0.7677
vt 0.9494 0.7668
vt 0.9505 0.7665
vt 0.9512 0.7670
vt 0.7209 0.8167
vt 0.7250 0.8163
vt 0.7241 0.8183
vt 0.7203 0.8188
vt 0.0753 0.8321
vt 0.0756 0.8398
vt 0.0685 0.8399
vt 0.0681 0.8322
vt 0.6617 0.8025
vt 0.6627 0.8029
vt 0.6619 0.8055
vt 0.6606 0.8051
vt 0.0301 0.8316
vt 0.0303 0.8393
vt 0.0249 0.8393
vt 0.0247 0.8316
vt 0.9058 0.7729
vt 0.9059 0.7719
vt 0.9084 0.7721
vt 0.9084 0.7731
vt 0.2127 0.8261
vt 0.2046 0.8259
vt 0.2044 0.8235
vt 0.2126 0.8236
vt 0.6140 0.8214
vt 0.6203 0.8214
vt 0.6204 0.8242
vt 0.6141 0.8242
vt 0.5561 0.8213
vt 0.5557 0.8241
vt 0.5473 0.8242
vt 0.5476 0.8213
vt 0.9197 0.7677
vt 0.9197 0.7668
vt 0.9220 0.7668
vt 0.9220 0.7676
vt 0.6387 0.8214
vt 0.6386 0.8141
vt 0.6447 0.8140
vt 0.6447 0.8213
vt 0.6648 0.8294
vt 0.6651 0.8250
vt 0.6697 0.8254
vt 0.6694 0.8299
vt 0.6854 0.8171
vt 0.6802 0.8170
vt 0.6803 0.8136
vt 0.6854 0.8136
vt 0.6447 0.8269
vt 0.6447 0.8242
vt 0.6504 0.8242
vt 0.6504 0.8270
vt 0.1230 0.8322
vt 0.1316 0.8321
vt 0.1316 0.8398
vt 0.1230 0.8398
vt 0.9654 0.7627
vt 0.9683 0.7627
vt 0.9682 0.7641
vt 0.9654 0.7642
vt 0.6803 0.8136
vt 0.6749 0.8136
vt 0.6750 0.8095
vt 0.6803 0.8093
vt 0.3852 0.8345
vt 0.3942 0.8344
vt 0.3945 0.8415
vt 0.3854 0.8417
vt 0.6327 0.8243
vt 0.6328 0.8270
vt 0.6267 0.8270
vt 0.6267 0.8242
vt 0.3351 0.8217
vt 0.3420 0.8217
vt 0.3419 0.8247
vt 0.3349 0.8248
vt 0.9737 0.7616
vt 0.9753 0.7630
vt 0.9741 0.7638
vt 0.9727 0.7632
vt 0.5388 0.8268
vt 0.5297 0.8269
vt 0.5294 0.8244
vt 0.5385 0.8243
vt 0.9758 0.7449
vt 0.9751 0.7453
vt 0.1415 0.8021
vt 0.1506 0.8023
vt 0.1503 0.8048
vt 0.1412 0.8048
vt 0.3007 0.8046
vt 0.2932 0.8045
vt 0.2928 0.8020
vt 0.3004 0.8020
vt 0.5718 0.8214
vt 0.5795 0.8214
vt 0.5794 0.8241
vt 0.5717 0.8241
vt 0.7030 0.8314
vt 0.6969 0.8313
vt 0.6969 0.8268
vt 0.7031 0.8269
vt 0.6968 0.8092
vt 0.6968 0.8046
vt 0.7031 0.8046
vt 0.7031 0.8092
vt 0.6599 0.8094
vt 0.6600 0.8137
vt 0.6579 0.8141
vt 0.6578 0.8092
vt 0.6851 0.8394
vt 0.6908 0.8395
vt 0.6907 0.8419
vt 0.6850 0.8418
vt 0.6656 0.8030
vt 0.6699 0.8026
vt 0.6700 0.8057
vt 0.6655 0.8059
vt 0.6853 0.8311
vt 0.6855 0.8267
vt 0.6910 0.8267
vt 0.6909 0.8312
vt 0.6852 0.8357
vt 0.6908 0.8358
vt 0.6854 0.8046
vt 0.6908 0.8047
vt 0.6908 0.8092
vt 0.6854 0.8092
vt 0.6803 0.8093
vt 0.6802 0.8048
vt 0.3691 0.8148
vt 0.3690 0.8077
vt 0.3769 0.8078
vt 0.3768 0.8149
vt 0.6445 0.8068
vt 0.6385 0.8068
vt 0.3691 0.8346
vt 0.3622 0.8348
vt 0.3623 0.8274
vt 0.3692 0.8274
vt 0.6614 0.8095
vt 0.6615 0.8136
vt 0.9202 0.7716
vt 0.9227 0.7711
vt 0.9230 0.7721
vt 0.9203 0.7726
vt 0.6324 0.8069
vt 0.6325 0.8142
vt 0.6264 0.8142
vt 0.6262 0.8069
vt 0.6654 0.8217
vt 0.6651 0.8250
vt 0.6611 0.8245
vt 0.6616 0.8212
vt 0.6652 0.8164
vt 0.6616 0.8164
vt 0.6615 0.8136
vt 0.6652 0.8135
vt 0.6008 0.8143
vt 0.6009 0.8214
vt 0.5940 0.8214
vt 0.5940 0.8143
vt 0.9171 0.7679
vt 0.9197 0.7677
vt 0.9198 0.7686
vt 0.9171 0.7688
vt 0.2765 0.8339
vt 0.2844 0.8340
vt 0.2844 0.8415
vt 0.2763 0.8414
vt 0.9419 0.7713
vt 0.9419 0.7702
vt 0.9452 0.7701
vt 0.9453 0.7711
vt 0.2130 0.8331
vt 0.2048 0.8330
vt 0.9625 0.7643
vt 0.9654 0.7642
vt 0.9656 0.7653
vt 0.9626 0.7654
vt 0.9802 0.7869
vt 0.9800 0.7862
vt 0.9825 0.7857
vt 0.9829 0.7864
vt 0.9710 0.7614
vt 0.9712 0.7603
vt 0.7154 0.8190
vt 0.7156 0.8169
vt 0.9725 0.7869
vt 0.9703 0.7864
vt 0.9706 0.7859
vt 0.9727 0.7863
vt 0.3005 0.8073
vt 0.2930 0.8074
vt 0.7212 0.8395
vt 0.7260 0.8394
vt 0.7248 0.8417
vt 0.7205 0.8419
vt 0.2453 0.8014
vt 0.2454 0.8042
vt 0.2376 0.8041
vt 0.2376 0.8012
vt 0.9716 0.7977
vt 0.9721 0.8023
vt 0.9693 0.8027
vt 0.9685 0.7979
vt 0.3353 0.8140
vt 0.3420 0.8141
vt 0.0247 0.8212
vt 0.0299 0.8213
vt 0.0298 0.8241
vt 0.0246 0.8240
vt 0.6968 0.8010
vt 0.6968 0.8046
vt 0.6908 0.8047
vt 0.6908 0.8010
vt 0.6909 0.8136
vt 0.6909 0.8170
vt 0.6388 0.8269
vt 0.6447 0.8269
vt 0.6446 0.8342
vt 0.6387 0.8342
vt 0.0402 0.8182
vt 0.0438 0.8183
vt 0.0437 0.8213
vt 0.0399 0.8212
vt 0.4492 0.8340
vt 0.4490 0.8271
vt 0.4575 0.8271
vt 0.4577 0.8338
vt 0.3286 0.8013
vt 0.3287 0.8040
vt 0.3219 0.8042
vt 0.3217 0.8015
vt 0.6325 0.8415
vt 0.6264 0.8415
vt 0.6266 0.8342
vt 0.6327 0.8342
vt 0.9784 0.7979
vt 0.9784 0.7934
vt 0.9811 0.7932
vt 0.9811 0.7981
vt 0.6801 0.8264
vt 0.6803 0.8231
vt 0.6855 0.8233
vt 0.6855 0.8267
vt 0.6910 0.8267
vt 0.6911 0.8233
vt 0.6970 0.8234
vt 0.6969 0.8268
vt 0.6607 0.8290
vt 0.6969 0.8313
vt 0.6968 0.8359
vt 0.6968 0.8092
vt 0.6968 0.8136
vt 0.6909 0.8136
vt 0.6908 0.8092
vt 0.9171 0.7688
vt 0.9172 0.7703
vt 0.9143 0.7705
vt 0.9143 0.7690
vt 0.9380 0.7643
vt 0.9412 0.7641
vt 0.9413 0.7655
vt 0.9381 0.7657
vt 0.3766 0.8247
vt 0.3848 0.8247
vt 0.3849 0.8274
vt 0.3767 0.8274
vt 0.9628 0.7679
vt 0.9597 0.7680
vt 0.9597 0.7665
vt 0.9627 0.7664
vt 0.9379 0.7629
vt 0.9413 0.7628
vt 0.1151 0.8190
vt 0.1066 0.8189
vt 0.1072 0.8115
vt 0.1155 0.8117
vt 0.5561 0.8267
vt 0.5567 0.8338
vt 0.5481 0.8339
vt 0.5476 0.8268
vt 0.9799 0.7856
vt 0.9821 0.7850
vt 0.9031 0.7644
vt 0.9054 0.7641
vt 0.9058 0.7651
vt 0.9033 0.7656
vt 0.5204 0.8244
vt 0.5200 0.8215
vt 0.5293 0.8215
vt 0.5294 0.8244
vt 0.6654 0.8190
vt 0.6655 0.8198
vt 0.6625 0.8196
vt 0.6617 0.8189
vt 0.6621 0.8181
vt 0.6653 0.8181
vt 0.4743 0.8246
vt 0.4741 0.8218
vt 0.4829 0.8215
vt 0.4831 0.8245
vt 0.9623 0.7613
vt 0.9624 0.7628
vt 0.9593 0.7629
vt 0.9592 0.7614
vt 0.0494 0.8032
vt 0.0553 0.8033
vt 0.0548 0.8109
vt 0.0489 0.8108
vt 0.0247 0.8212
vt 0.0190 0.8210
vt 0.0191 0.8179
vt 0.0248 0.8181
vt 0.9385 0.7704
vt 0.9385 0.7690
vt 0.9418 0.7688
vt 0.9419 0.7702
vt 0.9624 0.7628
vt 0.3946 0.8079
vt 0.3855 0.8078
vt 0.3855 0.8050
vt 0.3946 0.8051
vt 0.3617 0.8048
vt 0.3550 0.8045
vt 0.3553 0.8019
vt 0.3620 0.8021
vt 0.6139 0.8142
vt 0.6202 0.8142
vt 0.9811 0.7932
vt 0.9806 0.7887
vt 0.9834 0.7880
vt 0.9842 0.7928
vt 0.9569 0.7666
vt 0.9568 0.7681
vt 0.9544 0.7679
vt 0.9544 0.7666
vt 0.6968 0.8359
vt 0.7030 0.8360
vt 0.7030 0.8397
vt 0.6967 0.8397
vt 0.2846 0.8215
vt 0.2844 0.8242
vt 0.2769 0.8241
vt 0.2770 0.8214
vt 0.1243 0.7988
vt 0.1329 0.7989
vt 0.1328 0.8019
vt 0.1243 0.8017
vt 0.9567 0.7696
vt 0.9541 0.7693
vt 0.9657 0.7663
vt 0.9627 0.7664
vt 0.6445 0.8416
vt 0.6386 0.8415
vt 0.9837 0.7618
vt 0.9871 0.7615
vt 0.9871 0.7630
vt 0.9838 0.7632
vt 0.9687 0.7451
vt 0.9750 0.7459
vt 0.9239 0.7660
vt 0.9248 0.7644
vt 0.6385 0.8012
vt 0.6444 0.8011
vt 0.6444 0.8039
vt 0.6384 0.8040
vt 0.4135 0.8414
vt 0.4040 0.8414
vt 0.4036 0.8343
vt 0.4131 0.8343
vt 0.3855 0.8078
vt 0.3852 0.8149
vt 0.5942 0.8411
vt 0.5871 0.8409
vt 0.5873 0.8337
vt 0.5944 0.8338
vt 0.0992 0.8040
vt 0.1075 0.8042
vt 0.1072 0.8115
vt 0.0989 0.8115
vt 0.7032 0.8010
vt 0.6653 0.8097
vt 0.9524 0.7675
vt 0.9512 0.7670
vt 0.9517 0.7664
vt 0.9527 0.7665
vt 0.0195 0.8100
vt 0.0253 0.8103
vt 0.3938 0.8274
vt 0.3937 0.8247
vt 0.4312 0.8219
vt 0.4315 0.8150
vt 0.4405 0.8150
vt 0.4404 0.8219
vt 0.9248 0.7679
vt 0.9238 0.7681
vt 0.0983 0.8189
vt 0.1066 0.8189
vt 0.9806 0.7887
vt 0.9780 0.7892
vt 0.9778 0.7876
vt 0.9802 0.7869
vt 0.9658 0.7678
vt 0.9660 0.7694
vt 0.9628 0.7695
vt 0.9628 0.7679
vt 0.5387 0.8017
vt 0.5481 0.8017
vt 0.5478 0.8046
vt 0.5384 0.8047
vt 0.9705 0.8057
vt 0.9727 0.8053
vt 0.9730 0.8071
vt 0.9711 0.8075
vt 0.6909 0.8191
vt 0.6909 0.8170
vt 0.6969 0.8170
vt 0.6969 0.8191
vt 0.6909 0.7986
vt 0.6968 0.7986
vt 0.0483 0.8185
vt 0.0542 0.8186
vt 0.0540 0.8216
vt 0.0482 0.8216
vt 0.6503 0.8343
vt 0.7031 0.8136
vt 0.7032 0.8170
vt 0.6969 0.8170
vt 0.6968 0.8136
vt 0.8937 0.7700
vt 0.8938 0.7712
vt 0.8907 0.7714
vt 0.8906 0.7702
vt 0.3769 0.8049
vt 0.3769 0.8022
vt 0.3855 0.8022
vt 0.3855 0.8050
vt 0.1593 0.8120
vt 0.1690 0.8122
vt 0.1681 0.8198
vt 0.1584 0.8196
vt 0.9036 0.7691
vt 0.9047 0.7692
vt 0.9043 0.7701
vt 0.9030 0.7696
vt 0.7217 0.8095
vt 0.7217 0.8054
vt 0.7264 0.8059
vt 0.7266 0.8098
vt 0.3067 0.8216
vt 0.3073 0.8146
vt 0.5206 0.8269
vt 0.5297 0.8269
vt 0.5299 0.8337
vt 0.5206 0.8336
vt 0.9019 0.7670
vt 0.8997 0.7666
vt 0.9002 0.7653
vt 0.9033 0.7656
vt 0.1491 0.8195
vt 0.1584 0.8196
vt 0.1580 0.8227
vt 0.1489 0.8225
vt 0.5009 0.8018
vt 0.5103 0.8016
vt 0.5100 0.8046
vt 0.5007 0.8048
vt 0.9115 0.7682
vt 0.9143 0.7680
vt 0.9143 0.7690
vt 0.9114 0.7691
vt 0.3212 0.8348
vt 0.3208 0.8273
vt 0.3279 0.8275
vt 0.3282 0.8351
vt 0.2534 0.8043
vt 0.2534 0.8070
vt 0.2456 0.8069
vt 0.2454 0.8042
vt 0.9317 0.7718
vt 0.9282 0.7719
vt 0.9285 0.7709
vt 0.9318 0.7708
vt 0.5197 0.8015
vt 0.5291 0.8016
vt 0.5288 0.8047
vt 0.5193 0.8046
vt 0.9037 0.7681
vt 0.9031 0.7676
vt 0.9044 0.7670
vt 0.9048 0.7679
vt 0.4123 0.8248
vt 0.4216 0.8248
vt 0.4218 0.8273
vt 0.4125 0.8273
vt 0.9033 0.7715
vt 0.9254 0.7684
vt 0.9242 0.7691
vt 0.7207 0.7971
vt 0.7249 0.7976
vt 0.7245 0.7986
vt 0.7204 0.7981
vt 0.6606 0.8393
vt 0.6601 0.8374
vt 0.6641 0.8377
vt 0.6639 0.8401
vt 0.2855 0.8045
vt 0.2777 0.8044
vt 0.2773 0.8018
vt 0.2852 0.8019
vt 0.9223 0.7697
vt 0.9221 0.7684
vt 0.6747 0.8167
vt 0.6700 0.8097
vt 0.6653 0.8097
vt 0.9836 0.7604
vt 0.9870 0.7602
vt 0.2776 0.8072
vt 0.2696 0.8071
vt 0.2696 0.8043
vt 0.2777 0.8044
vt 0.6750 0.8095
vt 0.6749 0.8053
vt 0.7095 0.7963
vt 0.7154 0.7966
vt 0.7154 0.7977
vt 0.7095 0.7974
vt 0.5942 0.8242
vt 0.5943 0.8268
vt 0.5872 0.8267
vt 0.5870 0.8242
vt 0.3489 0.8247
vt 0.3489 0.8217
vt 0.3557 0.8218
vt 0.3558 0.8247
vt 0.8997 0.7708
vt 0.8992 0.7696
vt 0.4652 0.8083
vt 0.4655 0.8151
vt 0.4572 0.8151
vt 0.4570 0.8083
vt 0.3623 0.8274
vt 0.3557 0.8275
vt 0.3558 0.8247
vt 0.3625 0.8247
vt 0.9822 0.8059
vt 0.9816 0.8077
vt 0.9797 0.8072
vt 0.9799 0.8054
vt 0.5388 0.8268
vt 0.5391 0.8338
vt 0.9492 0.7654
vt 0.9504 0.7655
vt 0.9502 0.7660
vt 0.9491 0.7661
vt 0.6911 0.8212
vt 0.6911 0.8233
vt 0.6855 0.8233
vt 0.6855 0.8212
vt 0.0307 0.8105
vt 0.0302 0.8183
vt 0.9173 0.7719
vt 0.9143 0.7720
vt 0.5290 0.8143
vt 0.5287 0.8073
vt 0.5384 0.8073
vt 0.5387 0.8143
vt 0.6748 0.8197
vt 0.6749 0.8205
vt 0.6699 0.8200
vt 0.6698 0.8192
vt 0.7244 0.8208
vt 0.7257 0.8229
vt 0.9221 0.7684
vt 0.6853 0.8009
vt 0.6262 0.8041
vt 0.6323 0.8041
vt 0.3354 0.8038
vt 0.3354 0.8011
vt 0.2854 0.8073
vt 0.9596 0.7655
vt 0.9597 0.7665
vt 0.9569 0.7666
vt 0.9569 0.7657
vt 0.3768 0.8418
vt 0.3768 0.8346
vt 0.6603 0.8337
vt 0.6644 0.8340
vt 0.6854 0.8192
vt 0.6801 0.8192
vt 0.4405 0.8056
vt 0.4487 0.8056
vt 0.4488 0.8083
vt 0.4405 0.8083
vt 0.2920 0.8342
vt 0.2996 0.8344
vt 0.3000 0.8418
vt 0.2923 0.8416
vt 0.2057 0.8003
vt 0.2059 0.8034
vt 0.1973 0.8032
vt 0.1972 0.8001
vt 0.9597 0.7697
vt 0.9597 0.7680
vt 0.0764 0.7979
vt 0.0767 0.8008
vt 0.0695 0.8007
vt 0.0692 0.7977
vt 0.9781 0.8020
vt 0.9806 0.8025
vt 0.9311 0.7623
vt 0.9345 0.7621
vt 0.9345 0.7631
vt 0.9312 0.7633
vt 0.4490 0.8151
vt 0.4491 0.8219
vt 0.1415 0.7990
vt 0.1415 0.8021
vt 0.2131 0.8406
vt 0.2130 0.8331
vt 0.2210 0.8332
vt 0.2210 0.8407
vt 0.6264 0.8142
vt 0.6265 0.8214
vt 0.4317 0.8082
vt 0.4317 0.8056
vt 0.9869 0.7982
vt 0.9858 0.8036
vt 0.9834 0.8030
vt 0.9842 0.7982
vt 0.6073 0.8071
vt 0.6074 0.8142
vt 0.6008 0.8143
vt 0.6008 0.8071
vt 0.5473 0.8242
vt 0.9445 0.7664
vt 0.9415 0.7665
vt 0.9413 0.7655
vt 0.9444 0.7654
vt 0.6012 0.8340
vt 0.5944 0.8338
vt 0.5943 0.8268
vt 0.6012 0.8269
vt 0.2450 0.8210
vt 0.2529 0.8211
vt 0.2529 0.8239
vt 0.2450 0.8238
vt 0.0357 0.8183
vt 0.0363 0.8106
vt 0.2681 0.8412
vt 0.2600 0.8410
vt 0.2603 0.8336
vt 0.2684 0.8338
vt 0.3692 0.8247
vt 0.3625 0.8247
vt 0.3624 0.8219
vt 0.3692 0.8219
vt 0.9683 0.7652
vt 0.9682 0.7641
vt 0.9707 0.7642
vt 0.9708 0.7650
vt 0.2208 0.8262
vt 0.9526 0.7652
vt 0.9543 0.7649
vt 0.9544 0.7658
vt 0.9527 0.7659
vt 0.3621 0.8147
vt 0.3691 0.8148
vt 0.9058 0.7651
vt 0.9082 0.7646
vt 0.3418 0.8425
vt 0.3420 0.8352
vt 0.3487 0.8352
vt 0.3486 0.8425
vt 0.8992 0.7688
vt 0.8992 0.7696
vt 0.8966 0.7698
vt 0.8966 0.7689
vt 0.2689 0.8241
vt 0.2689 0.8266
vt 0.2608 0.8265
vt 0.2608 0.8240
vt 0.6970 0.8212
vt 0.7032 0.8213
vt 0.7031 0.8234
vt 0.6970 0.8234
vt 0.4228 0.8055
vt 0.4227 0.8027
vt 0.4316 0.8028
vt 0.4317 0.8056
vt 0.3943 0.8150
vt 0.9351 0.7706
vt 0.9385 0.7704
vt 0.9385 0.7715
vt 0.9351 0.7716
vt 0.9539 0.7705
vt 0.9566 0.7708
vt 0.5800 0.8336
vt 0.5800 0.8408
vt 0.0400 0.8241
vt 0.0352 0.8241
vt 0.0353 0.8212
vt 0.0399 0.8212
vt 0.0258 0.7994
vt 0.0257 0.8024
vt 0.0199 0.8022
vt 0.0201 0.7993
vt 0.2294 0.8137
vt 0.2214 0.8136
vt 0.2217 0.8065
vt 0.2295 0.8066
vt 0.6742 0.8349
vt 0.6744 0.8304
vt 0.6799 0.8309
vt 0.6798 0.8354
vt 0.6503 0.8066
vt 0.6445 0.8068
vt 0.6444 0.8039
vt 0.6501 0.8038
vt 0.0679 0.8245
vt 0.0681 0.8322
vt 0.0610 0.8322
vt 0.0608 0.8245
vt 0.3142 0.8346
vt 0.3145 0.8419
vt 0.3074 0.8418
vt 0.3071 0.8345
vt 0.9842 0.7982
vt 0.5567 0.8073
vt 0.5648 0.8074
vt 0.5646 0.8144
vt 0.5567 0.8143
vt 0.6697 0.8254
vt 0.6699 0.8221
vt 0.6749 0.8226
vt 0.6747 0.8260
vt 0.2376 0.8041
vt 0.2374 0.8068
vt 0.2295 0.8066
vt 0.2297 0.8040
vt 0.1401 0.8249
vt 0.1401 0.8223
vt 0.1489 0.8225
vt 0.1489 0.8251
vt 0.9725 0.7643
vt 0.9725 0.7650
vt 0.1780 0.8328
vt 0.1785 0.8401
vt 0.1689 0.8400
vt 0.1682 0.8327
vt 0.1586 0.8325
vt 0.1591 0.8399
vt 0.1495 0.8398
vt 0.1492 0.8323
vt 0.7154 0.8396
vt 0.7153 0.8420
vt 0.5206 0.8269
vt 0.5114 0.8269
vt 0.5113 0.8244
vt 0.5204 0.8244
vt 0.5193 0.8073
vt 0.5287 0.8073
vt 0.9079 0.7636
vt 0.9108 0.7633
vt 0.9110 0.7644
vt 0.9082 0.7646
vt 0.3208 0.8273
vt 0.3137 0.8272
vt 0.3135 0.8244
vt 0.3206 0.8245
vt 0.4914 0.8076
vt 0.4823 0.8079
vt 0.9838 0.7643
vt 0.9807 0.7645
vt 0.9807 0.7635
vt 0.9838 0.7632
vt 0.4219 0.8220
vt 0.4224 0.8150
vt 0.2445 0.8410
vt 0.2449 0.8335
vt 0.2525 0.8335
vt 0.2519 0.8411
vt 0.5648 0.8336
vt 0.5650 0.8408
vt 0.5568 0.8410
vt 0.5567 0.8338
vt 0.7096 0.8011
vt 0.7032 0.8010
vt 0.7032 0.7985
vt 0.7096 0.7987
vt 0.0980 0.8247
vt 0.0980 0.8323
vt 0.0901 0.8322
vt 0.0901 0.8247
vt 0.1236 0.8118
vt 0.1233 0.8191
vt 0.3354 0.8066
vt 0.3286 0.8067
vt 0.0540 0.8245
vt 0.0482 0.8244
vt 0.9320 0.7680
vt 0.9319 0.7670
vt 0.9350 0.7669
vt 0.9351 0.7678
vt 0.6854 0.7973
vt 0.6800 0.7976
vt 0.6800 0.7966
vt 0.6854 0.7962
vt 0.9671 0.8034
vt 0.9660 0.7982
vt 0.9654 0.7611
vt 0.9684 0.7611
vt 0.6010 0.8242
vt 0.4224 0.8343
vt 0.4227 0.8413
vt 0.6747 0.8260
vt 0.6801 0.8264
vt 0.9745 0.7977
vt 0.9747 0.8020
vt 0.0979 0.8399
vt 0.0903 0.8398
vt 0.7093 0.8234
vt 0.7093 0.8213
vt 0.9867 0.7922
vt 0.6747 0.8019
vt 0.6699 0.8026
vt 0.6698 0.8006
vt 0.6746 0.7997
vt 0.9065 0.7685
vt 0.9048 0.7686
vt 0.9048 0.7679
vt 0.9065 0.7677
vt 0.4830 0.8333
vt 0.4831 0.8268
vt 0.6384 0.8040
vt 0.9722 0.7884
vt 0.9697 0.7878
vt 0.1233 0.8220
vt 0.1149 0.8220
vt 0.9776 0.7668
vt 0.9806 0.7668
vt 0.9805 0.7683
vt 0.9772 0.7683
vt 0.9444 0.7640
vt 0.9474 0.7640
vt 0.9472 0.7653
vt 0.9444 0.7654
vt 0.0437 0.8242
vt 0.0439 0.8320
vt 0.0402 0.8319
vt 0.0400 0.8241
vt 0.8906 0.7682
vt 0.8907 0.7668
vt 0.6747 0.8188
vt 0.3554 0.8144
vt 0.3551 0.8073
vt 0.3619 0.8075
vt 0.3621 0.8147
vt 0.4572 0.8151
vt 0.4575 0.8219
vt 0.9447 0.7673
vt 0.7032 0.8191
vt 0.7095 0.8191
vt 0.7094 0.8202
vt 0.7032 0.8202
vt 0.7151 0.8212
vt 0.7153 0.8233
vt 0.9838 0.7667
vt 0.9806 0.7668
vt 0.9806 0.7654
vt 0.9837 0.7653
vt 0.5869 0.8214
vt 0.5869 0.8144
vt 0.2138 0.8063
vt 0.2140 0.8036
vt 0.2218 0.8038
vt 0.2217 0.8065
vt 0.9619 0.7454
vt 0.9685 0.7461
vt 0.9683 0.7472
vt 0.9616 0.7464
vt 0.0983 0.8189
vt 0.0903 0.8189
vt 0.0909 0.8114
vt 0.0989 0.8115
vt 0.7095 0.8191
vt 0.7095 0.8170
vt 0.4924 0.8244
vt 0.4921 0.8214
vt 0.5014 0.8213
vt 0.5018 0.8244
vt 0.6740 0.8411
vt 0.6741 0.8387
vt 0.6797 0.8391
vt 0.6796 0.8415
vt 0.5390 0.8411
vt 0.5296 0.8409
vt 0.4031 0.8220
vt 0.4037 0.8151
vt 0.4132 0.8151
vt 0.4126 0.8220
vt 0.2128 0.8206
vt 0.2046 0.8205
vt 0.2051 0.8134
vt 0.2134 0.8135
vt 0.6910 0.8201
vt 0.6855 0.8202
vt 0.6854 0.8192
vt 0.6909 0.8191
vt 0.9768 0.7434
vt 0.9771 0.7445
vt 0.9200 0.7701
vt 0.5869 0.8044
vt 0.5798 0.8045
vt 0.5799 0.8017
vt 0.5870 0.8016
vt 0.6587 0.8043
vt 0.0679 0.8217
vt 0.0751 0.8218
vt 0.0751 0.8246
vt 0.0679 0.8245
vt 0.1232 0.8247
vt 0.1317 0.8248
vt 0.4317 0.8413
vt 0.4315 0.8342
vt 0.9561 0.7606
vt 0.9592 0.7603
vt 0.9592 0.7614
vt 0.9563 0.7617
vt 0.4402 0.8247
vt 0.4490 0.8247
vt 0.7214 0.8135
vt 0.7157 0.8136
vt 0.7157 0.8094
vt 0.7217 0.8095
vt 0.2370 0.8263
vt 0.2368 0.8335
vt 0.2289 0.8333
vt 0.2289 0.8262
vt 0.6619 0.8055
vt 0.9113 0.7658
vt 0.9115 0.7673
vt 0.5480 0.8411
vt 0.9541 0.7636
vt 0.9522 0.7642
vt 0.0257 0.8024
vt 0.0312 0.8026
vt 0.3419 0.8040
vt 0.3420 0.8067
vt 0.6692 0.8344
vt 0.6690 0.8382
vt 0.9351 0.7678
vt 0.9352 0.7692
vt 0.6803 0.8211
vt 0.0246 0.8240
vt 0.0247 0.8316
vt 0.0190 0.8317
vt 0.0190 0.8239
vt 0.9838 0.7667
vt 0.9872 0.7665
vt 0.9873 0.7680
vt 0.9839 0.7681
vt 0.6078 0.8341
vt 0.6142 0.8342
vt 0.6140 0.8415
vt 0.6076 0.8414
vt 0.9537 0.7622
vt 0.9534 0.7611
vt 0.9197 0.7654
vt 0.9170 0.7655
vt 0.9170 0.7640
vt 0.9198 0.7639
vt 0.9544 0.7666
vt 0.9527 0.7665
vt 0.2529 0.8211
vt 0.2535 0.8142
vt 0.2614 0.8144
vt 0.2609 0.8212
vt 0.6970 0.8202
vt 0.6969 0.8191
vt 0.2528 0.8264
vt 0.2450 0.8263
vt 0.9565 0.7632
vt 0.9595 0.7645
vt 0.0402 0.8182
vt 0.0409 0.8107
vt 0.3280 0.8216
vt 0.3278 0.8246
vt 0.6078 0.8269
vt 0.6142 0.8270
vt 0.4493 0.8410
vt 0.4407 0.8412
vt 0.4406 0.8341
vt 0.4492 0.8340
vt 0.9749 0.8035
vt 0.9747 0.8020
vt 0.9765 0.8019
vt 0.9765 0.8033
vt 0.2990 0.8243
vt 0.2917 0.8243
vt 0.6205 0.8270
vt 0.6204 0.8242
vt 0.6008 0.8043
vt 0.5940 0.8044
vt 0.5941 0.8015
vt 0.6009 0.8015
vt 0.5479 0.8073
vt 0.5481 0.8143
vt 0.4575 0.8247
vt 0.4658 0.8246
vt 0.3212 0.8348
vt 0.3214 0.8421
vt 0.2297 0.8010
vt 0.0494 0.7973
vt 0.0450 0.7974
vt 0.0312 0.7996
vt 0.3353 0.8140
vt 0.3284 0.8140
vt 0.3690 0.8418
vt 0.3691 0.8346
vt 0.6200 0.8042
vt 0.6200 0.8070
vt 0.6388 0.8242
vt 0.6388 0.8269
vt 0.7095 0.8136
vt 0.7095 0.8092
vt 0.6075 0.8214
vt 0.6074 0.8142
vt 0.6802 0.8201
vt 0.4031 0.8273
vt 0.4029 0.8248
vt 0.9686 0.7924
vt 0.9662 0.7923
vt 0.6910 0.7963
vt 0.6909 0.7974
vt 0.3946 0.8051
vt 0.3946 0.8023
vt 0.4041 0.8025
vt 0.4041 0.8052
vt 0.2692 0.8017
vt 0.9171 0.7670
vt 0.9597 0.7491
vt 0.9597 0.7481
vt 0.9669 0.7493
vt 0.9668 0.7503
vt 0.5638 0.8241
vt 0.5640 0.8213
vt 0.9346 0.7645
vt 0.9314 0.7647
vt 0.9030 0.7683
vt 0.9037 0.7681
vt 0.9038 0.7686
vt 0.9030 0.7686
vt 0.1581 0.8253
vt 0.1580 0.8227
vt 0.1676 0.8229
vt 0.1677 0.8255
vt 0.9680 0.8052
vt 0.9699 0.8043
vt 0.9703 0.8049
vt 0.9686 0.8058
vt 0.8970 0.7653
vt 0.9029 0.7690
vt 0.9023 0.7691
vt 0.9021 0.7687
vt 0.9030 0.7686
vt 0.9777 0.7868
vt 0.9492 0.7654
vt 0.9497 0.7643
vt 0.1775 0.8257
vt 0.9743 0.7652
vt 0.9737 0.7654
vt 0.9735 0.7649
vt 0.9743 0.7649
vt 0.1884 0.8057
vt 0.7096 0.7987
vt 0.7156 0.7990
vt 0.9709 0.7659
vt 0.9685 0.7661
vt 0.5720 0.8266
vt 0.5797 0.8266
vt 0.0827 0.8188
vt 0.0832 0.8114
vt 0.9684 0.7611
vt 0.9685 0.7601
vt 0.3151 0.8044
vt 0.3219 0.8042
vt 0.3218 0.8070
vt 0.3149 0.8072
vt 0.9510 0.7656
vt 0.9516 0.7655
vt 0.9751 0.7649
vt 0.9749 0.7653
vt 0.7156 0.8359
vt 0.7219 0.8357
vt 0.9317 0.7661
vt 0.9319 0.7670
vt 0.9291 0.7672
vt 0.9289 0.7664
vt 0.9708 0.7628
vt 0.9660 0.7706
vt 0.9660 0.7694
vt 0.9689 0.7691
vt 0.9690 0.7703
vt 0.7152 0.8201
vt 0.9113 0.7721
vt 0.9114 0.7731
vt 0.9776 0.7668
vt 0.9779 0.7655
vt 0.9253 0.7674
vt 0.9567 0.7647
vt 0.9452 0.7701
vt 0.1959 0.8234
vt 0.1960 0.8258
vt 0.9736 0.7644
vt 0.9735 0.7649
vt 0.9780 0.7647
vt 0.9779 0.7637
vt 0.0682 0.8187
vt 0.0611 0.8187
vt 0.0616 0.8111
vt 0.0687 0.8112
vt 0.3066 0.8271
vt 0.3137 0.8272
vt 0.1497 0.8120
vt 0.1406 0.8120
vt 0.2992 0.8270
vt 0.2918 0.8269
vt 0.0679 0.8217
vt 0.0608 0.8217
vt 0.9727 0.7656
vt 0.9731 0.7665
vt 0.9712 0.7671
vt 0.9709 0.7659
vt 0.9140 0.7641
vt 0.9142 0.7657
vt 0.4406 0.8341
vt 0.4315 0.8342
vt 0.4310 0.8272
vt 0.4403 0.8272
vt 0.4135 0.8026
vt 0.4136 0.8054
vt 0.9169 0.7629
vt 0.9198 0.7628
vt 0.5939 0.8072
vt 0.5869 0.8072
vt 0.5869 0.8044
vt 0.5940 0.8044
vt 0.9472 0.7662
vt 0.9595 0.7447
vt 0.9606 0.7441
vt 0.9617 0.7445
vt 0.9614 0.7453
vt 0.6074 0.8043
vt 0.6138 0.8042
vt 0.6137 0.8070
vt 0.6073 0.8071
vt 0.4227 0.8082
vt 0.2525 0.8335
vt 0.2528 0.8264
vt 0.5386 0.8215
vt 0.3135 0.8244
vt 0.3064 0.8244
vt 0.9380 0.7619
vt 0.9413 0.7617
vt 0.2456 0.8140
vt 0.2535 0.8142
vt 0.3689 0.8049
vt 0.3691 0.8022
vt 0.9871 0.7642
vt 0.9795 0.7837
vt 0.9814 0.7833
vt 0.9781 0.8020
vt 0.9779 0.8035
vt 0.2689 0.8241
vt 0.2690 0.8213
vt 0.6008 0.8071
vt 0.5725 0.8017
vt 0.5725 0.8046
vt 0.3767 0.8220
vt 0.3849 0.8220
vt 0.7032 0.7973
vt 0.7032 0.7962
vt 0.9750 0.8069
vt 0.9749 0.8049
vt 0.6801 0.8012
vt 0.7095 0.8047
vt 0.1159 0.8043
vt 0.1240 0.8045
vt 0.9717 0.7928
vt 0.4652 0.8056
vt 0.4569 0.8056
vt 0.4570 0.8028
vt 0.4653 0.8027
vt 0.9764 0.7892
vt 0.9762 0.7877
vt 0.9725 0.8040
vt 0.9699 0.8043
vt 0.9047 0.7692
vt 0.9064 0.7692
vt 0.1401 0.8194
vt 0.5641 0.8266
vt 0.3485 0.8043
vt 0.3419 0.8040
vt 0.3420 0.8012
vt 0.3487 0.8016
vt 0.5481 0.8143
vt 0.5567 0.8143
vt 0.2844 0.8242
vt 0.2917 0.8243
vt 0.2918 0.8269
vt 0.2845 0.8268
vt 0.9691 0.8064
vt 0.9698 0.8080
vt 0.6699 0.8135
vt 0.9010 0.7687
vt 0.9062 0.7705
vt 0.6749 0.8205
vt 0.5566 0.8046
vt 0.5647 0.8046
vt 0.1972 0.8059
vt 0.2057 0.8062
vt 0.2051 0.8134
vt 0.1967 0.8131
vt 0.6967 0.8397
vt 0.6967 0.8420
vt 0.3489 0.8276
vt 0.9317 0.7661
vt 0.9348 0.7659
vt 0.9087 0.7692
vt 0.9088 0.7683
vt 0.3078 0.8074
vt 0.9753 0.7467
vt 0.9685 0.7461
vt 0.1325 0.8047
vt 0.4923 0.8333
vt 0.4924 0.8268
vt 0.3487 0.8142
vt 0.3486 0.8070
vt 0.9202 0.7716
vt 0.0437 0.8242
vt 0.0915 0.8011
vt 0.0913 0.8039
vt 0.0838 0.8039
vt 0.0840 0.8010
vt 0.4660 0.8406
vt 0.4577 0.8408
vt 0.1963 0.8329
vt 0.9319 0.7693
vt 0.9596 0.7708
vt 0.6655 0.8198
vt 0.6699 0.8200
vt 0.3555 0.8350
vt 0.3552 0.8422
vt 0.6076 0.8243
vt 0.6141 0.8242
vt 0.5479 0.8073
vt 0.5478 0.8046
vt 0.3767 0.8274
vt 0.6502 0.8416
vt 0.7093 0.8397
vt 0.7093 0.8360
vt 0.1061 0.8323
vt 0.1059 0.8400
vt 0.6010 0.8412
vt 0.6012 0.8340
vt 0.6690 0.8382
vt 0.6688 0.8406
vt 0.0621 0.7975
vt 0.0623 0.8005
vt 0.0555 0.8003
vt 0.0553 0.7973
vt 0.9351 0.7706
vt 0.9318 0.7708
vt 0.5641 0.8266
vt 0.4488 0.8028
vt 0.4487 0.8056
vt 0.9802 0.7606
vt 0.9800 0.7596
vt 0.9834 0.7594
vt 0.9836 0.7604
vt 0.0608 0.8245
vt 0.0608 0.8217
vt 0.4309 0.8248
vt 0.4310 0.8272
vt 0.6265 0.8214
vt 0.6327 0.8214
vt 0.0484 0.8321
vt 0.0486 0.8398
vt 0.0442 0.8398
vt 0.0439 0.8320
vt 0.9758 0.7462
vt 0.9753 0.7458
vt 0.9806 0.7695
vt 0.2128 0.8206
vt 0.2208 0.8206
vt 0.2207 0.8236
vt 0.2126 0.8236
vt 0.9777 0.8069
vt 0.9779 0.8049
vt 0.1316 0.8192
vt 0.1319 0.8119
vt 0.4739 0.8149
vt 0.4736 0.8082
vt 0.4823 0.8079
vt 0.4826 0.8147
vt 0.9761 0.7648
vt 0.9760 0.7641
vt 0.9802 0.7606
vt 0.9805 0.7620
vt 0.9775 0.7623
vt 0.9769 0.7610
vt 0.9285 0.7651
vt 0.9289 0.7664
vt 0.1497 0.8120
vt 0.9289 0.7694
vt 0.5100 0.8073
vt 0.5007 0.8074
vt 0.5017 0.8333
vt 0.5019 0.8268
vt 0.6653 0.8181
vt 0.6697 0.8183
vt 0.6698 0.8192
vt 0.6654 0.8190
vt 0.9762 0.7877
vt 0.9747 0.7874
vt 0.9747 0.7868
vt 0.9762 0.7869
vt 0.1873 0.8328
vt 0.1869 0.8257
vt 0.9761 0.7479
vt 0.1403 0.8397
vt 0.1402 0.8322
vt 0.9221 0.7656
vt 0.9239 0.7660
vt 0.0765 0.8038
vt 0.0838 0.8039
vt 0.0832 0.8114
vt 0.0759 0.8113
vt 0.9628 0.7707
vt 0.5725 0.8335
vt 0.5726 0.8407
vt 0.9619 0.7454
vt 0.9621 0.7444
vt 0.0402 0.8319
vt 0.0405 0.8397
vt 0.0358 0.8395
vt 0.0355 0.8318
vt 0.9765 0.7978
vt 0.9745 0.7977
vt 0.9745 0.7931
vt 0.9765 0.7934
vt 0.0369 0.8000
vt 0.0368 0.8030
vt 0.0693 0.8036
vt 0.0687 0.8112
vt 0.0542 0.8321
vt 0.0545 0.8399
vt 0.2288 0.8207
vt 0.2287 0.8237
vt 0.2696 0.8145
vt 0.2690 0.8213
vt 0.2218 0.8008
vt 0.2139 0.8005
vt 0.5293 0.8215
vt 0.5386 0.8215
vt 0.5800 0.8336
vt 0.5725 0.8335
vt 0.1872 0.8202
vt 0.1961 0.8204
vt 0.1959 0.8234
vt 0.1869 0.8232
vt 0.2531 0.8015
vt 0.0445 0.8107
vt 0.0489 0.8108
vt 0.7157 0.8014
vt 0.7158 0.8050
vt 0.9292 0.7680
vt 0.9174 0.7728
vt 0.9144 0.7730
vt 0.4658 0.8218
vt 0.2376 0.8139
vt 0.2369 0.8208
vt 0.8970 0.7644
vt 0.9003 0.7643
vt 0.1325 0.8047
vt 0.9777 0.7840
vt 0.9778 0.7860
vt 0.9838 0.8066
vt 0.9831 0.8083
vt 0.2289 0.8333
vt 0.2288 0.8408
vt 0.8939 0.7654
vt 0.8938 0.7645
vt 0.2768 0.8267
vt 0.0414 0.7973
vt 0.0416 0.8003
vt 0.0369 0.8000
vt 0.0367 0.7970
vt 0.9113 0.7706
vt 0.9086 0.7707
vt 0.9087 0.7692
vt 0.9114 0.7691
vt 0.9871 0.7652
vt 0.9837 0.7653
vt 0.4404 0.8028
vt 0.9086 0.7707
vt 0.9062 0.7705
vt 0.0312 0.7966
vt 0.0257 0.7964
vt 0.3352 0.8424
vt 0.3352 0.8352
vt 0.5647 0.8046
vt 0.5649 0.8017
vt 0.2370 0.8263
vt 0.2368 0.8237
vt 0.9717 0.7928
vt 0.9722 0.7884
vt 0.9747 0.7889
vt 0.9745 0.7931
vt 0.8906 0.7693
vt 0.8937 0.7691
vt 0.9221 0.7656
vt 0.9223 0.7641
vt 0.0355 0.8318
vt 0.0301 0.8316
vt 0.6853 0.7985
vt 0.6909 0.7986
vt 0.7156 0.8359
vt 0.7093 0.8360
vt 0.3938 0.8220
vt 0.3937 0.8247
vt 0.9600 0.7468
vt 0.9669 0.7481
vt 0.9541 0.7636
vt 0.2449 0.8335
vt 0.1233 0.8220
vt 0.1317 0.8221
vt 0.9751 0.7842
vt 0.9748 0.7861
vt 0.9728 0.7857
vt 0.9732 0.7839
vt 0.6387 0.8214
vt 0.0824 0.8246
vt 0.0824 0.8218
vt 0.0616 0.8111
vt 0.0622 0.8034
vt 0.4041 0.8080
vt 0.4570 0.8083
vt 0.5797 0.8073
vt 0.0542 0.8186
vt 0.0913 0.8039
vt 0.6202 0.8014
vt 0.6263 0.8013
vt 0.8907 0.7655
vt 0.9655 0.7601
vt 0.2613 0.8043
vt 0.2610 0.8016
vt 0.8909 0.7728
vt 0.8941 0.7726
vt 0.8943 0.7736
vt 0.8911 0.7738
vt 0.4136 0.8081
vt 0.4227 0.8082
vt 0.3284 0.8424
vt 0.9036 0.7691
vt 0.9742 0.7645
vt 0.5108 0.8214
vt 0.5113 0.8244
vt 0.1873 0.8328
vt 0.1877 0.8402
vt 0.7213 0.8019
vt 0.7217 0.8054
vt 0.9253 0.7705
vt 0.9511 0.7628
vt 0.7202 0.8210
vt 0.5201 0.8405
vt 0.5107 0.8402
vt 0.5112 0.8335
vt 0.5206 0.8336
vt 0.9779 0.8042
vt 0.9779 0.8049
vt 0.4829 0.8402
vt 0.4743 0.8403
vt 0.3078 0.8019
vt 0.3148 0.8017
vt 0.3151 0.8044
vt 0.3080 0.8045
vt 0.9715 0.7686
vt 0.9717 0.7698
vt 0.2775 0.8147
vt 0.2852 0.8148
vt 0.3420 0.8067
vt 0.3420 0.8141
vt 0.0754 0.8188
vt 0.6501 0.8010
vt 0.9224 0.7630
vt 0.0415 0.8033
vt 0.0416 0.8003
vt 0.6075 0.8014
vt 0.6139 0.8014
vt 0.9869 0.7592
vt 0.3350 0.8277
vt 0.3352 0.8352
vt 0.0826 0.8321
vt 0.0824 0.8246
vt 0.0901 0.8219
vt 0.9747 0.7489
vt 0.9747 0.7500
vt 0.9594 0.7437
vt 0.9609 0.7438
vt 0.9292 0.7680
vt 0.9272 0.7680
vt 0.9272 0.7673
vt 0.9291 0.7672
vt 0.1160 0.8015
vt 0.1160 0.7986
vt 0.2138 0.8063
vt 0.2844 0.8340
vt 0.0767 0.8008
vt 0.1774 0.8231
vt 0.6970 0.7963
vt 0.6969 0.7974
vt 0.8969 0.7710
vt 0.6655 0.7995
vt 0.6698 0.7988
vt 0.6698 0.7996
vt 0.6656 0.8003
vt 0.9675 0.7871
vt 0.9685 0.7856
vt 0.5012 0.8400
vt 0.4919 0.8401
vt 0.9044 0.7670
vt 0.0824 0.8218
vt 0.4136 0.8081
vt 0.9708 0.7628
vt 0.9727 0.7632
vt 0.8938 0.7712
vt 0.8969 0.7710
vt 0.8972 0.7724
vt 0.8941 0.7726
vt 0.4309 0.8248
vt 0.9771 0.7469
vt 0.9758 0.7462
vt 0.5568 0.8017
vt 0.9840 0.7693
vt 0.9839 0.7681
vt 0.2376 0.8139
vt 0.9113 0.7706
vt 0.9113 0.7721
vt 0.0542 0.8321
vt 0.9687 0.7675
vt 0.1148 0.8248
vt 0.1147 0.8323
vt 0.9623 0.7602
vt 0.1316 0.8192
vt 0.1317 0.8221
vt 0.3485 0.8043
vt 0.3550 0.8045
vt 0.7274 0.8356
vt 0.9487 0.7708
vt 0.5724 0.8074
vt 0.6799 0.7987
vt 0.6910 0.8201
vt 0.6970 0.8202
vt 0.6697 0.8165
vt 0.9712 0.7671
vt 0.6699 0.8135
vt 0.4917 0.8145
vt 0.9115 0.7673
vt 0.9143 0.7671
vt 0.9763 0.7862
vt 0.9764 0.7842
vt 0.0754 0.8188
vt 0.9685 0.7661
vt 0.4037 0.8151
vt 0.2288 0.8207
vt 0.6205 0.8342
vt 0.9138 0.7631
vt 0.9140 0.7641
vt 0.9747 0.7874
vt 0.3938 0.8220
vt 0.3849 0.8220
vt 0.3419 0.8277
vt 0.9765 0.7934
vt 0.9446 0.7626
vt 0.9444 0.7640
vt 0.9777 0.7868
vt 0.9762 0.7869
vt 0.5795 0.8214
vt 0.5797 0.8144
vt 0.5646 0.8144
vt 0.5723 0.8145
vt 0.2614 0.8071
vt 0.2613 0.8043
vt 0.1147 0.8323
vt 0.1144 0.8400
vt 0.9279 0.7637
vt 0.9277 0.7626
vt 0.9600 0.7468
vt 0.9594 0.7466
vt 0.9611 0.7462
vt 0.9616 0.7464
vt 0.9592 0.7479
vt 0.9849 0.8054
vt 0.2365 0.8409
vt 0.1077 0.8013
vt 0.6324 0.8012
vt 0.9827 0.7829
vt 0.9836 0.7843
vt 0.9024 0.7682
vt 0.0913 0.7981
vt 0.0992 0.7982
vt 0.0994 0.8012
vt 0.0915 0.8011
vt 0.8906 0.7646
vt 0.1601 0.8025
vt 0.1698 0.8026
vt 0.1697 0.8052
vt 0.1600 0.8050
vt 0.6633 0.8018
vt 0.6656 0.8012
vt 0.9842 0.7847
vt 0.9709 0.7852
vt 0.9706 0.7859
vt 0.9691 0.7851
vt 0.9695 0.7845
vt 0.7208 0.7994
vt 0.6747 0.8188
vt 0.9248 0.7630
vt 0.9748 0.7643
vt 0.9800 0.8047
vt 0.9825 0.8052
vt 0.9843 0.8060
vt 0.9727 0.8046
vt 0.7259 0.8134
vt 0.9447 0.7615
vt 0.9502 0.7660
vt 0.9505 0.7665
vt 0.6447 0.8242
vt 0.6746 0.7986
vt 0.6746 0.7977
vt 0.9012 0.7680
vt 0.1076 0.7984
vt 0.6742 0.8349
vt 0.6799 0.7987
vt 0.9479 0.7625
vt 0.9253 0.7718
vt 0.5010 0.8143
vt 0.5102 0.8142
vt 0.1148 0.8248
vt 0.9511 0.7615
vt 0.1869 0.8257
vt 0.1775 0.8257
vt 0.9714 0.7835
vt 0.9702 0.7829
vt 0.9825 0.8052
vt 0.9800 0.8047
vt 0.0837 0.7980
vt 0.0829 0.8398
vt 0.6203 0.8415
vt 0.0614 0.8399
vt 0.6798 0.8354
vt 0.1884 0.8030
vt 0.1882 0.7999
vt 0.0994 0.8012
vt 0.1506 0.8023
vt 0.1505 0.7992
vt 0.1599 0.7994
vt 0.1601 0.8025
vt 0.9254 0.7677
vt 0.9253 0.7674
vt 0.9261 0.7674
vt 0.9260 0.7678
vt 0.9266 0.7690
vt 0.9253 0.7705
vt 0.9510 0.7649
vt 0.9516 0.7655
vt 0.7243 0.8205
vt 0.7202 0.8210
vt 0.7200 0.8200
vt 0.7238 0.8196
vt 0.4741 0.8218
vt 0.9731 0.7665
vt 0.9728 0.7857
vt 0.9737 0.7654
vt 0.9504 0.7655
vt 0.9875 0.7691
vt 0.1965 0.8404
vt 0.2050 0.8405
vt 0.5019 0.8268
vt 0.9760 0.7641
vt 0.9748 0.7643
vt 0.2768 0.8267
vt 0.9764 0.8068
vt 0.9003 0.7721
vt 0.6969 0.7974
vt 0.9479 0.7625
vt 0.9482 0.7614
vt 0.0249 0.8424
vt 0.0192 0.8425
vt 0.0192 0.8395
vt 0.0249 0.8393
vt 0.6505 0.8213
vt 0.1792 0.8028
vt 0.1884 0.8030
vt 0.5102 0.8142
vt 0.5100 0.8073
vt 0.5193 0.8073
vt 0.5194 0.8142
vt 0.6504 0.8140
vt 0.3620 0.8420
vt 0.7030 0.8421
vt 0.9748 0.7861
vt 0.9515 0.7705
vt 0.9515 0.7690
vt 0.1790 0.7997
vt 0.2614 0.8071
vt 0.7093 0.8421
vt 0.9035 0.7728
vt 0.1695 0.7995
vt 0.6767 0.9821
vt 0.6784 0.9830
vt 0.6775 0.9837
vt 0.6759 0.9834
vt 0.6708 0.9789
vt 0.6734 0.9810
vt 0.6727 0.9820
vt 0.6701 0.9803
vt 0.6727 0.9820
vt 0.6759 0.9834
vt 0.6756 0.9844
vt 0.6722 0.9829
vt 0.6789 0.9783
vt 0.6805 0.9794
vt 0.6797 0.9813
vt 0.6787 0.9808
vt 0.6784 0.9830
vt 0.6797 0.9813
vt 0.6805 0.9818
vt 0.6791 0.9836
vt 0.6766 0.9749
vt 0.6795 0.9769
vt 0.6789 0.9783
vt 0.6761 0.9760
vt 0.6806 0.9782
vt 0.6713 0.9742
vt 0.6729 0.9750
vt 0.6713 0.9767
vt 0.6701 0.9760
vt 0.6722 0.9734
vt 0.6736 0.9736
vt 0.6693 0.9781
vt 0.6691 0.9792
vt 0.6815 0.9796
vt 0.6771 0.9740
vt 0.6802 0.9761
vt 0.6706 0.9735
vt 0.6719 0.9726
vt 0.6694 0.9809
vt 0.6816 0.9779
vt 0.6683 0.9796
vt 0.6683 0.9779
vt 0.6778 0.9845
vt 0.6738 0.9726
vt 0.6692 0.9756
vt 0.6951 0.9744
vt 0.6948 0.9752
vt 0.6944 0.9748
vt 0.6944 0.9740
vt 0.6962 0.9715
vt 0.6954 0.9728
vt 0.6949 0.9725
vt 0.6955 0.9712
vt 0.6949 0.9725
vt 0.6944 0.9740
vt 0.6940 0.9740
vt 0.6945 0.9724
vt 0.6969 0.9751
vt 0.6965 0.9759
vt 0.6956 0.9757
vt 0.6958 0.9752
vt 0.6948 0.9752
vt 0.6956 0.9757
vt 0.6955 0.9761
vt 0.6945 0.9756
vt 0.6983 0.9739
vt 0.6976 0.9753
vt 0.6969 0.9751
vt 0.6978 0.9738
vt 0.6971 0.9759
vt 0.6983 0.9715
vt 0.6981 0.9722
vt 0.6972 0.9716
vt 0.6974 0.9710
vt 0.6987 0.9718
vt 0.6987 0.9725
vt 0.6965 0.9708
vt 0.6959 0.9708
vt 0.6965 0.9763
vt 0.6988 0.9741
vt 0.6980 0.9756
vt 0.6986 0.9711
vt 0.6991 0.9717
vt 0.6952 0.9710
vt 0.6972 0.9763
vt 0.6958 0.9704
vt 0.6965 0.9703
vt 0.6940 0.9750
vt 0.6992 0.9725
vt 0.6976 0.9706
vt 0.8736 0.9351
vt 0.9002 0.9105
vt 0.9015 0.9302
vt 0.8956 0.9438
vt 0.9116 0.9488
vt 0.9165 0.9324
vt 0.9303 0.9387
vt 0.9279 0.9532
vt 0.9499 0.8859
vt 0.9233 0.9105
vt 0.9220 0.8908
vt 0.9279 0.8772
vt 0.9118 0.8722
vt 0.9070 0.8886
vt 0.8932 0.8823
vt 0.8956 0.8678
vt 0.9230 0.8341
vt 0.9511 0.8522
vt 0.9322 0.8616
vt 0.9167 0.8557
vt 0.9016 0.9071
vt 0.8815 0.8982
vt 0.9219 0.9139
vt 0.9420 0.9228
vt 0.8897 0.8341
vt 0.9005 0.8523
vt 0.8913 0.9594
vt 0.9068 0.9653
vt 0.9005 0.9868
vt 0.8724 0.9688
vt 0.9230 0.9687
vt 0.9338 0.9868
vt 0.9279 0.8772
vt 0.9279 0.9532
vt 0.9511 0.9578
vt 0.8956 0.9438
vt 0.8724 0.8632
vt 0.9628 0.8668
vt 0.9689 0.8712
vt 0.9666 0.8799
vt 0.9555 0.8753
vt 0.9605 0.8565
vt 0.9511 0.8631
vt 0.9677 0.8427
vt 0.9511 0.8481
vt 0.9758 0.8680
vt 0.9813 0.8752
vt 0.9782 0.8615
vt 0.9853 0.8654
vt 0.9790 0.8536
vt 0.9861 0.8575
vt 0.9800 0.8470
vt 0.9871 0.8509
vt 0.9761 0.8341
vt 0.9832 0.8380
vt 0.8016 0.9074
vt 0.8102 0.9057
vt 0.8102 0.9209
vt 0.8016 0.9235
vt 0.7736 0.9074
vt 0.7876 0.9107
vt 0.7876 0.9209
vt 0.7736 0.9235
vt 0.8015 0.8770
vt 0.8097 0.8784
vt 0.8108 0.8912
vt 0.8050 0.8912
vt 0.8309 0.8676
vt 0.8307 0.8837
vt 0.8256 0.8837
vt 0.8254 0.8676
vt 0.7876 0.8676
vt 0.8003 0.8689
vt 0.8015 0.8770
vt 0.7876 0.8734
vt 0.8080 0.8713
vt 0.7655 0.8784
vt 0.7737 0.8770
vt 0.7702 0.8912
vt 0.7644 0.8912
vt 0.7672 0.8713
vt 0.7748 0.8689
vt 0.7649 0.9057
vt 0.7649 0.9209
vt 0.7702 0.9384
vt 0.7644 0.9365
vt 0.8108 0.9365
vt 0.8050 0.9384
vt 0.8318 0.9783
vt 0.8320 0.9643
vt 0.8370 0.9643
vt 0.8372 0.9783
vt 0.8256 0.9353
vt 0.8255 0.9196
vt 0.8308 0.9196
vt 0.8307 0.9353
vt 0.8097 0.9522
vt 0.8015 0.9541
vt 0.8309 0.9502
vt 0.8312 0.9360
vt 0.8363 0.9360
vt 0.8365 0.9502
vt 0.7737 0.9541
vt 0.7655 0.9522
vt 0.7748 0.9649
vt 0.7672 0.9621
vt 0.8080 0.9621
vt 0.8003 0.9649
vt 0.7876 0.9584
vt 0.7876 0.9665
vt 0.8207 0.9808
vt 0.8209 0.9651
vt 0.8260 0.9651
vt 0.8261 0.9808
vt 0.8309 0.8980
vt 0.8311 0.8839
vt 0.8361 0.8839
vt 0.8363 0.8980
vt 0.8308 0.8980
vt 0.8255 0.8980
vt 0.8153 0.9726
vt 0.8150 0.9584
vt 0.8206 0.9584
vt 0.8204 0.9726
vt 0.8150 0.9868
vt 0.8206 0.9868
vt 0.8253 0.8753
vt 0.8254 0.8882
vt 0.8206 0.8882
vt 0.8207 0.8753
vt 0.8157 0.9020
vt 0.8157 0.9171
vt 0.8108 0.9171
vt 0.8108 0.9020
vt 0.8253 0.9012
vt 0.8248 0.9089
vt 0.8211 0.9089
vt 0.8207 0.9012
vt 0.8157 0.9171
vt 0.8157 0.9020
vt 0.8206 0.9020
vt 0.8206 0.9171
vt 0.8207 0.9166
vt 0.8211 0.9089
vt 0.8248 0.9089
vt 0.8253 0.9166
vt 0.8158 0.9328
vt 0.8206 0.9328
vt 0.8155 0.9485
vt 0.8151 0.9584
vt 0.8114 0.9584
vt 0.8109 0.9485
vt 0.8159 0.8747
vt 0.8163 0.8676
vt 0.8200 0.8676
vt 0.8205 0.8747
vt 0.8156 0.8875
vt 0.8109 0.8875
vt 0.8155 0.8747
vt 0.8109 0.8747
vt 0.8206 0.9296
vt 0.8253 0.9296
vt 0.8156 0.9328
vt 0.8109 0.9328
vt 0.8158 0.8875
vt 0.8205 0.8875
vt 0.8248 0.8676
vt 0.8211 0.8676
vt 0.8151 0.8676
vt 0.8114 0.8676
vt 0.7552 0.9074
vt 0.7638 0.9057
vt 0.7638 0.9209
vt 0.7552 0.9235
vt 0.7272 0.9074
vt 0.7412 0.9107
vt 0.7412 0.9209
vt 0.7272 0.9235
vt 0.7551 0.8770
vt 0.7633 0.8784
vt 0.7644 0.8912
vt 0.7585 0.8912
vt 0.8262 0.9806
vt 0.8265 0.9644
vt 0.8315 0.9644
vt 0.8318 0.9806
vt 0.7412 0.8676
vt 0.7539 0.8689
vt 0.7551 0.8770
vt 0.7412 0.8734
vt 0.7616 0.8713
vt 0.7191 0.8784
vt 0.7273 0.8770
vt 0.7238 0.8912
vt 0.7180 0.8912
vt 0.7208 0.8713
vt 0.7284 0.8689
vt 0.7185 0.9057
vt 0.7185 0.9209
vt 0.8262 0.9502
vt 0.8206 0.9502
vt 0.7238 0.9384
vt 0.7180 0.9365
vt 0.7644 0.9365
vt 0.7585 0.9384
vt 0.8372 0.9502
vt 0.8318 0.9502
vt 0.7633 0.9522
vt 0.7551 0.9541
vt 0.8365 0.9218
vt 0.8309 0.9218
vt 0.8309 0.9502
vt 0.8253 0.9502
vt 0.7273 0.9541
vt 0.7191 0.9522
vt 0.7284 0.9649
vt 0.7208 0.9621
vt 0.7616 0.9621
vt 0.7539 0.9649
vt 0.7412 0.9584
vt 0.7412 0.9665
vt 0.8363 0.8699
vt 0.8309 0.8699
vt 0.8263 0.9502
vt 0.8317 0.9502
vt 0.8253 0.9425
vt 0.8248 0.9502
vt 0.8212 0.9502
vt 0.8207 0.9425
vt 0.8205 0.9485
vt 0.8200 0.9584
vt 0.8163 0.9584
vt 0.8159 0.9485
vt 0.8016 0.9074
vt 0.8102 0.9057
vt 0.8102 0.9209
vt 0.8016 0.9235
vt 0.7736 0.9074
vt 0.7876 0.9107
vt 0.7876 0.9209
vt 0.7736 0.9235
vt 0.8015 0.8770
vt 0.8097 0.8784
vt 0.8108 0.8912
vt 0.8050 0.8912
vt 0.8309 0.8676
vt 0.8307 0.8837
vt 0.8256 0.8837
vt 0.8254 0.8676
vt 0.7876 0.8676
vt 0.8003 0.8689
vt 0.8015 0.8770
vt 0.7876 0.8734
vt 0.8080 0.8713
vt 0.7655 0.8784
vt 0.7737 0.8770
vt 0.7702 0.8912
vt 0.7644 0.8912
vt 0.7672 0.8713
vt 0.7748 0.8689
vt 0.7649 0.9057
vt 0.7649 0.9209
vt 0.7702 0.9384
vt 0.7644 0.9365
vt 0.8108 0.9365
vt 0.8050 0.9384
vt 0.8318 0.9783
vt 0.8320 0.9643
vt 0.8370 0.9643
vt 0.8372 0.9783
vt 0.8256 0.9353
vt 0.8255 0.9196
vt 0.8308 0.9196
vt 0.8307 0.9353
vt 0.8097 0.9522
vt 0.8015 0.9541
vt 0.8309 0.9502
vt 0.8312 0.9360
vt 0.8363 0.9360
vt 0.8365 0.9502
vt 0.7737 0.9541
vt 0.7655 0.9522
vt 0.7748 0.9649
vt 0.7672 0.9621
vt 0.8080 0.9621
vt 0.8003 0.9649
vt 0.7876 0.9584
vt 0.7876 0.9665
vt 0.8207 0.9808
vt 0.8209 0.9651
vt 0.8260 0.9651
vt 0.8261 0.9808
vt 0.8309 0.8980
vt 0.8311 0.8839
vt 0.8361 0.8839
vt 0.8363 0.8980
vt 0.8308 0.8980
vt 0.8255 0.8980
vt 0.8153 0.9726
vt 0.8150 0.9584
vt 0.8206 0.9584
vt 0.8204 0.9726
vt 0.8150 0.9868
vt 0.8206 0.9868
vt 0.8253 0.8753
vt 0.8254 0.8882
vt 0.8206 0.8882
vt 0.8207 0.8753
vt 0.8157 0.9020
vt 0.8157 0.9171
vt 0.8108 0.9171
vt 0.8108 0.9020
vt 0.8253 0.9012
vt 0.8248 0.9089
vt 0.8211 0.9089
vt 0.8207 0.9012
vt 0.8157 0.9171
vt 0.8157 0.9020
vt 0.8206 0.9020
vt 0.8206 0.9171
vt 0.8207 0.9166
vt 0.8211 0.9089
vt 0.8248 0.9089
vt 0.8253 0.9166
vt 0.8158 0.9328
vt 0.8206 0.9328
vt 0.8155 0.9485
vt 0.8151 0.9584
vt 0.8114 0.9584
vt 0.8109 0.9485
vt 0.8159 0.8747
vt 0.8163 0.8676
vt 0.8200 0.8676
vt 0.8205 0.8747
vt 0.8156 0.8875
vt 0.8109 0.8875
vt 0.8155 0.8747
vt 0.8109 0.8747
vt 0.8206 0.9296
vt 0.8253 0.9296
vt 0.8156 0.9328
vt 0.8109 0.9328
vt 0.8158 0.8875
vt 0.8205 0.8875
vt 0.8248 0.8676
vt 0.8211 0.8676
vt 0.8151 0.8676
vt 0.8114 0.8676
vt 0.7552 0.9074
vt 0.7638 0.9057
vt 0.7638 0.9209
vt 0.7552 0.9235
vt 0.7272 0.9074
vt 0.7412 0.9107
vt 0.7412 0.9209
vt 0.7272 0.9235
vt 0.7551 0.8770
vt 0.7633 0.8784
vt 0.7644 0.8912
vt 0.7585 0.8912
vt 0.8262 0.9806
vt 0.8265 0.9644
vt 0.8315 0.9644
vt 0.8318 0.9806
vt 0.7412 0.8676
vt 0.7539 0.8689
vt 0.7551 0.8770
vt 0.7412 0.8734
vt 0.7616 0.8713
vt 0.7191 0.8784
vt 0.7273 0.8770
vt 0.7238 0.8912
vt 0.7180 0.8912
vt 0.7208 0.8713
vt 0.7284 0.8689
vt 0.7185 0.9057
vt 0.7185 0.9209
vt 0.8262 0.9502
vt 0.8206 0.9502
vt 0.7238 0.9384
vt 0.7180 0.9365
vt 0.7644 0.9365
vt 0.7585 0.9384
vt 0.8372 0.9502
vt 0.8318 0.9502
vt 0.7633 0.9522
vt 0.7551 0.9541
vt 0.8365 0.9218
vt 0.8309 0.9218
vt 0.8309 0.9502
vt 0.8253 0.9502
vt 0.7273 0.9541
vt 0.7191 0.9522
vt 0.7284 0.9649
vt 0.7208 0.9621
vt 0.7616 0.9621
vt 0.7539 0.9649
vt 0.7412 0.9584
vt 0.7412 0.9665
vt 0.8363 0.8699
vt 0.8309 0.8699
vt 0.8263 0.9502
vt 0.8317 0.9502
vt 0.8253 0.9425
vt 0.8248 0.9502
vt 0.8212 0.9502
vt 0.8207 0.9425
vt 0.8205 0.9485
vt 0.8200 0.9584
vt 0.8163 0.9584
vt 0.8159 0.9485
vt 0.8016 0.9074
vt 0.8102 0.9057
vt 0.8102 0.9209
vt 0.8016 0.9235
vt 0.7736 0.9074
vt 0.7876 0.9107
vt 0.7876 0.9209
vt 0.7736 0.9235
vt 0.8015 0.8770
vt 0.8097 0.8784
vt 0.8108 0.8912
vt 0.8050 0.8912
vt 0.8309 0.8676
vt 0.8307 0.8837
vt 0.8256 0.8837
vt 0.8254 0.8676
vt 0.7876 0.8676
vt 0.8003 0.8689
vt 0.8015 0.8770
vt 0.7876 0.8734
vt 0.8080 0.8713
vt 0.7655 0.8784
vt 0.7737 0.8770
vt 0.7702 0.8912
vt 0.7644 0.8912
vt 0.7672 0.8713
vt 0.7748 0.8689
vt 0.7649 0.9057
vt 0.7649 0.9209
vt 0.7702 0.9384
vt 0.7644 0.9365
vt 0.8108 0.9365
vt 0.8050 0.9384
vt 0.8318 0.9783
vt 0.8320 0.9643
vt 0.8370 0.9643
vt 0.8372 0.9783
vt 0.8256 0.9353
vt 0.8255 0.9196
vt 0.8308 0.9196
vt 0.8307 0.9353
vt 0.8097 0.9522
vt 0.8015 0.9541
vt 0.8309 0.9502
vt 0.8312 0.9360
vt 0.8363 0.9360
vt 0.8365 0.9502
vt 0.7737 0.9541
vt 0.7655 0.9522
vt 0.7748 0.9649
vt 0.7672 0.9621
vt 0.8080 0.9621
vt 0.8003 0.9649
vt 0.7876 0.9584
vt 0.7876 0.9665
vt 0.8207 0.9808
vt 0.8209 0.9651
vt 0.8260 0.9651
vt 0.8261 0.9808
vt 0.8309 0.8980
vt 0.8311 0.8839
vt 0.8361 0.8839
vt 0.8363 0.8980
vt 0.8308 0.8980
vt 0.8255 0.8980
vt 0.8153 0.9726
vt 0.8150 0.9584
vt 0.8206 0.9584
vt 0.8204 0.9726
vt 0.8150 0.9868
vt 0.8206 0.9868
vt 0.8253 0.8753
vt 0.8254 0.8882
vt 0.8206 0.8882
vt 0.8207 0.8753
vt 0.8157 0.9020
vt 0.8157 0.9171
vt 0.8108 0.9171
vt 0.8108 0.9020
vt 0.8253 0.9012
vt 0.8248 0.9089
vt 0.8211 0.9089
vt 0.8207 0.9012
vt 0.8157 0.9171
vt 0.8157 0.9020
vt 0.8206 0.9020
vt 0.8206 0.9171
vt 0.8207 0.9166
vt 0.8211 0.9089
vt 0.8248 0.9089
vt 0.8253 0.9166
vt 0.8158 0.9328
vt 0.8206 0.9328
vt 0.8155 0.9485
vt 0.8151 0.9584
vt 0.8114 0.9584
vt 0.8109 0.9485
vt 0.8159 0.8747
vt 0.8163 0.8676
vt 0.8200 0.8676
vt 0.8205 0.8747
vt 0.8156 0.8875
vt 0.8109 0.8875
vt 0.8155 0.8747
vt 0.8109 0.8747
vt 0.8206 0.9296
vt 0.8253 0.9296
vt 0.8156 0.9328
vt 0.8109 0.9328
vt 0.8158 0.8875
vt 0.8205 0.8875
vt 0.8248 0.8676
vt 0.8211 0.8676
vt 0.8151 0.8676
vt 0.8114 0.8676
vt 0.7552 0.9074
vt 0.7638 0.9057
vt 0.7638 0.9209
vt 0.7552 0.9235
vt 0.7272 0.9074
vt 0.7412 0.9107
vt 0.7412 0.9209
vt 0.7272 0.9235
vt 0.7551 0.8770
vt 0.7633 0.8784
vt 0.7644 0.8912
vt 0.7585 0.8912
vt 0.8262 0.9806
vt 0.8265 0.9644
vt 0.8315 0.9644
vt 0.8318 0.9806
vt 0.7412 0.8676
vt 0.7539 0.8689
vt 0.7551 0.8770
vt 0.7412 0.8734
vt 0.7616 0.8713
vt 0.7191 0.8784
vt 0.7273 0.8770
vt 0.7238 0.8912
vt 0.7180 0.8912
vt 0.7208 0.8713
vt 0.7284 0.8689
vt 0.7185 0.9057
vt 0.7185 0.9209
vt 0.8262 0.9502
vt 0.8206 0.9502
vt 0.7238 0.9384
vt 0.7180 0.9365
vt 0.7644 0.9365
vt 0.7585 0.9384
vt 0.8372 0.9502
vt 0.8318 0.9502
vt 0.7633 0.9522
vt 0.7551 0.9541
vt 0.8365 0.9218
vt 0.8309 0.9218
vt 0.8309 0.9502
vt 0.8253 0.9502
vt 0.7273 0.9541
vt 0.7191 0.9522
vt 0.7284 0.9649
vt 0.7208 0.9621
vt 0.7616 0.9621
vt 0.7539 0.9649
vt 0.7412 0.9584
vt 0.7412 0.9665
vt 0.8363 0.8699
vt 0.8309 0.8699
vt 0.8263 0.9502
vt 0.8317 0.9502
vt 0.8253 0.9425
vt 0.8248 0.9502
vt 0.8212 0.9502
vt 0.8207 0.9425
vt 0.8205 0.9485
vt 0.8200 0.9584
vt 0.8163 0.9584
vt 0.8159 0.9485
vt 0.8016 0.9074
vt 0.8102 0.9057
vt 0.8102 0.9209
vt 0.8016 0.9235
vt 0.7736 0.9074
vt 0.7876 0.9107
vt 0.7876 0.9209
vt 0.7736 0.9235
vt 0.8015 0.8770
vt 0.8097 0.8784
vt 0.8108 0.8912
vt 0.8050 0.8912
vt 0.8309 0.8676
vt 0.8307 0.8837
vt 0.8256 0.8837
vt 0.8254 0.8676
vt 0.7876 0.8676
vt 0.8003 0.8689
vt 0.8015 0.8770
vt 0.7876 0.8734
vt 0.8080 0.8713
vt 0.7655 0.8784
vt 0.7737 0.8770
vt 0.7702 0.8912
vt 0.7644 0.8912
vt 0.7672 0.8713
vt 0.7748 0.8689
vt 0.7649 0.9057
vt 0.7649 0.9209
vt 0.7702 0.9384
vt 0.7644 0.9365
vt 0.8108 0.9365
vt 0.8050 0.9384
vt 0.8318 0.9783
vt 0.8320 0.9643
vt 0.8370 0.9643
vt 0.8372 0.9783
vt 0.8256 0.9353
vt 0.8255 0.9196
vt 0.8308 0.9196
vt 0.8307 0.9353
vt 0.8097 0.9522
vt 0.8015 0.9541
vt 0.8309 0.9502
vt 0.8312 0.9360
vt 0.8363 0.9360
vt 0.8365 0.9502
vt 0.7737 0.9541
vt 0.7655 0.9522
vt 0.7748 0.9649
vt 0.7672 0.9621
vt 0.8080 0.9621
vt 0.8003 0.9649
vt 0.7876 0.9584
vt 0.7876 0.9665
vt 0.8207 0.9808
vt 0.8209 0.9651
vt 0.8260 0.9651
vt 0.8261 0.9808
vt 0.8309 0.8980
vt 0.8311 0.8839
vt 0.8361 0.8839
vt 0.8363 0.8980
vt 0.8308 0.8980
vt 0.8255 0.8980
vt 0.8153 0.9726
vt 0.8150 0.9584
vt 0.8206 0.9584
vt 0.8204 0.9726
vt 0.8150 0.9868
vt 0.8206 0.9868
vt 0.8253 0.8753
vt 0.8254 0.8882
vt 0.8206 0.8882
vt 0.8207 0.8753
vt 0.8157 0.9020
vt 0.8157 0.9171
vt 0.8108 0.9171
vt 0.8108 0.9020
vt 0.8253 0.9012
vt 0.8248 0.9089
vt 0.8211 0.9089
vt 0.8207 0.9012
vt 0.8157 0.9171
vt 0.8157 0.9020
vt 0.8206 0.9020
vt 0.8206 0.9171
vt 0.8207 0.9166
vt 0.8211 0.9089
vt 0.8248 0.9089
vt 0.8253 0.9166
vt 0.8158 0.9328
vt 0.8206 0.9328
vt 0.8155 0.9485
vt 0.8151 0.9584
vt 0.8114 0.9584
vt 0.8109 0.9485
vt 0.8159 0.8747
vt 0.8163 0.8676
vt 0.8200 0.8676
vt 0.8205 0.8747
vt 0.8156 0.8875
vt 0.8109 0.8875
vt 0.8155 0.8747
vt 0.8109 0.8747
vt 0.8206 0.9296
vt 0.8253 0.9296
vt 0.8156 0.9328
vt 0.8109 0.9328
vt 0.8158 0.8875
vt 0.8205 0.8875
vt 0.8248 0.8676
vt 0.8211 0.8676
vt 0.8151 0.8676
vt 0.8114 0.8676
vt 0.7552 0.9074
vt 0.7638 0.9057
vt 0.7638 0.9209
vt 0.7552 0.9235
vt 0.7272 0.9074
vt 0.7412 0.9107
vt 0.7412 0.9209
vt 0.7272 0.9235
vt 0.7551 0.8770
vt 0.7633 0.8784
vt 0.7644 0.8912
vt 0.7585 0.8912
vt 0.8262 0.9806
vt 0.8265 0.9644
vt 0.8315 0.9644
vt 0.8318 0.9806
vt 0.7412 0.8676
vt 0.7539 0.8689
vt 0.7551 0.8770
vt 0.7412 0.8734
vt 0.7616 0.8713
vt 0.7191 0.8784
vt 0.7273 0.8770
vt 0.7238 0.8912
vt 0.7180 0.8912
vt 0.7208 0.8713
vt 0.7284 0.8689
vt 0.7185 0.9057
vt 0.7185 0.9209
vt 0.8262 0.9502
vt 0.8206 0.9502
vt 0.7238 0.9384
vt 0.7180 0.9365
vt 0.7644 0.9365
vt 0.7585 0.9384
vt 0.8372 0.9502
vt 0.8318 0.9502
vt 0.7633 0.9522
vt 0.7551 0.9541
vt 0.8365 0.9218
vt 0.8309 0.9218
vt 0.8309 0.9502
vt 0.8253 0.9502
vt 0.7273 0.9541
vt 0.7191 0.9522
vt 0.7284 0.9649
vt 0.7208 0.9621
vt 0.7616 0.9621
vt 0.7539 0.9649
vt 0.7412 0.9584
vt 0.7412 0.9665
vt 0.8363 0.8699
vt 0.8309 0.8699
vt 0.8263 0.9502
vt 0.8317 0.9502
vt 0.8253 0.9425
vt 0.8248 0.9502
vt 0.8212 0.9502
vt 0.8207 0.9425
vt 0.8205 0.9485
vt 0.8200 0.9584
vt 0.8163 0.9584
vt 0.8159 0.9485
vt 0.8016 0.9074
vt 0.8102 0.9057
vt 0.8102 0.9209
vt 0.8016 0.9235
vt 0.7736 0.9074
vt 0.7876 0.9107
vt 0.7876 0.9209
vt 0.7736 0.9235
vt 0.8015 0.8770
vt 0.8097 0.8784
vt 0.8108 0.8912
vt 0.8050 0.8912
vt 0.8309 0.8676
vt 0.8307 0.8837
vt 0.8256 0.8837
vt 0.8254 0.8676
vt 0.7876 0.8676
vt 0.8003 0.8689
vt 0.8015 0.8770
vt 0.7876 0.8734
vt 0.8080 0.8713
vt 0.7655 0.8784
vt 0.7737 0.8770
vt 0.7702 0.8912
vt 0.7644 0.8912
vt 0.7672 0.8713
vt 0.7748 0.8689
vt 0.7649 0.9057
vt 0.7649 0.9209
vt 0.7702 0.9384
vt 0.7644 0.9365
vt 0.8108 0.9365
vt 0.8050 0.9384
vt 0.8318 0.9783
vt 0.8320 0.9643
vt 0.8370 0.9643
vt 0.8372 0.9783
vt 0.8256 0.9353
vt 0.8255 0.9196
vt 0.8308 0.9196
vt 0.8307 0.9353
vt 0.8097 0.9522
vt 0.8015 0.9541
vt 0.8309 0.9502
vt 0.8312 0.9360
vt 0.8363 0.9360
vt 0.8365 0.9502
vt 0.7737 0.9541
vt 0.7655 0.9522
vt 0.7748 0.9649
vt 0.7672 0.9621
vt 0.8080 0.9621
vt 0.8003 0.9649
vt 0.7876 0.9584
vt 0.7876 0.9665
vt 0.8207 0.9808
vt 0.8209 0.9651
vt 0.8260 0.9651
vt 0.8261 0.9808
vt 0.8309 0.8980
vt 0.8311 0.8839
vt 0.8361 0.8839
vt 0.8363 0.8980
vt 0.8308 0.8980
vt 0.8255 0.8980
vt 0.8153 0.9726
vt 0.8150 0.9584
vt 0.8206 0.9584
vt 0.8204 0.9726
vt 0.8150 0.9868
vt 0.8206 0.9868
vt 0.8253 0.8753
vt 0.8254 0.8882
vt 0.8206 0.8882
vt 0.8207 0.8753
vt 0.8157 0.9020
vt 0.8157 0.9171
vt 0.8108 0.9171
vt 0.8108 0.9020
vt 0.8253 0.9012
vt 0.8248 0.9089
vt 0.8211 0.9089
vt 0.8207 0.9012
vt 0.8157 0.9171
vt 0.8157 0.9020
vt 0.8206 0.9020
vt 0.8206 0.9171
vt 0.8207 0.9166
vt 0.8211 0.9089
vt 0.8248 0.9089
vt 0.8253 0.9166
vt 0.8158 0.9328
vt 0.8206 0.9328
vt 0.8155 0.9485
vt 0.8151 0.9584
vt 0.8114 0.9584
vt 0.8109 0.9485
vt 0.8159 0.8747
vt 0.8163 0.8676
vt 0.8200 0.8676
vt 0.8205 0.8747
vt 0.8156 0.8875
vt 0.8109 0.8875
vt 0.8155 0.8747
vt 0.8109 0.8747
vt 0.8206 0.9296
vt 0.8253 0.9296
vt 0.8156 0.9328
vt 0.8109 0.9328
vt 0.8158 0.8875
vt 0.8205 0.8875
vt 0.8248 0.8676
vt 0.8211 0.8676
vt 0.8151 0.8676
vt 0.8114 0.8676
vt 0.7552 0.9074
vt 0.7638 0.9057
vt 0.7638 0.9209
vt 0.7552 0.9235
vt 0.7272 0.9074
vt 0.7412 0.9107
vt 0.7412 0.9209
vt 0.7272 0.9235
vt 0.7551 0.8770
vt 0.7633 0.8784
vt 0.7644 0.8912
vt 0.7585 0.8912
vt 0.8262 0.9806
vt 0.8265 0.9644
vt 0.8315 0.9644
vt 0.8318 0.9806
vt 0.7412 0.8676
vt 0.7539 0.8689
vt 0.7551 0.8770
vt 0.7412 0.8734
vt 0.7616 0.8713
vt 0.7191 0.8784
vt 0.7273 0.8770
vt 0.7238 0.8912
vt 0.7180 0.8912
vt 0.7208 0.8713
vt 0.7284 0.8689
vt 0.7185 0.9057
vt 0.7185 0.9209
vt 0.8262 0.9502
vt 0.8206 0.9502
vt 0.7238 0.9384
vt 0.7180 0.9365
vt 0.7644 0.9365
vt 0.7585 0.9384
vt 0.8372 0.9502
vt 0.8318 0.9502
vt 0.7633 0.9522
vt 0.7551 0.9541
vt 0.8365 0.9218
vt 0.8309 0.9218
vt 0.8309 0.9502
vt 0.8253 0.9502
vt 0.7273 0.9541
vt 0.7191 0.9522
vt 0.7284 0.9649
vt 0.7208 0.9621
vt 0.7616 0.9621
vt 0.7539 0.9649
vt 0.7412 0.9584
vt 0.7412 0.9665
vt 0.8363 0.8699
vt 0.8309 0.8699
vt 0.8263 0.9502
vt 0.8317 0.9502
vt 0.8253 0.9425
vt 0.8248 0.9502
vt 0.8212 0.9502
vt 0.8207 0.9425
vt 0.8205 0.9485
vt 0.8200 0.9584
vt 0.8163 0.9584
vt 0.8159 0.9485
vt 0.8016 0.9074
vt 0.8102 0.9057
vt 0.8102 0.9209
vt 0.8016 0.9235
vt 0.7736 0.9074
vt 0.7876 0.9107
vt 0.7876 0.9209
vt 0.7736 0.9235
vt 0.8015 0.8770
vt 0.8097 0.8784
vt 0.8108 0.8912
vt 0.8050 0.8912
vt 0.8309 0.8676
vt 0.8307 0.8837
vt 0.8256 0.8837
vt 0.8254 0.8676
vt 0.7876 0.8676
vt 0.8003 0.8689
vt 0.8015 0.8770
vt 0.7876 0.8734
vt 0.8080 0.8713
vt 0.7655 0.8784
vt 0.7737 0.8770
vt 0.7702 0.8912
vt 0.7644 0.8912
vt 0.7672 0.8713
vt 0.7748 0.8689
vt 0.7649 0.9057
vt 0.7649 0.9209
vt 0.7702 0.9384
vt 0.7644 0.9365
vt 0.8108 0.9365
vt 0.8050 0.9384
vt 0.8318 0.9783
vt 0.8320 0.9643
vt 0.8370 0.9643
vt 0.8372 0.9783
vt 0.8256 0.9353
vt 0.8255 0.9196
vt 0.8308 0.9196
vt 0.8307 0.9353
vt 0.8097 0.9522
vt 0.8015 0.9541
vt 0.8309 0.9502
vt 0.8312 0.9360
vt 0.8363 0.9360
vt 0.8365 0.9502
vt 0.7737 0.9541
vt 0.7655 0.9522
vt 0.7748 0.9649
vt 0.7672 0.9621
vt 0.8080 0.9621
vt 0.8003 0.9649
vt 0.7876 0.9584
vt 0.7876 0.9665
vt 0.8207 0.9808
vt 0.8209 0.9651
vt 0.8260 0.9651
vt 0.8261 0.9808
vt 0.8309 0.8980
vt 0.8311 0.8839
vt 0.8361 0.8839
vt 0.8363 0.8980
vt 0.8308 0.8980
vt 0.8255 0.8980
vt 0.8153 0.9726
vt 0.8150 0.9584
vt 0.8206 0.9584
vt 0.8204 0.9726
vt 0.8150 0.9868
vt 0.8206 0.9868
vt 0.8253 0.8753
vt 0.8254 0.8882
vt 0.8206 0.8882
vt 0.8207 0.8753
vt 0.8157 0.9020
vt 0.8157 0.9171
vt 0.8108 0.9171
vt 0.8108 0.9020
vt 0.8253 0.9012
vt 0.8248 0.9089
vt 0.8211 0.9089
vt 0.8207 0.9012
vt 0.8157 0.9171
vt 0.8157 0.9020
vt 0.8206 0.9020
vt 0.8206 0.9171
vt 0.8207 0.9166
vt 0.8211 0.9089
vt 0.8248 0.9089
vt 0.8253 0.9166
vt 0.8158 0.9328
vt 0.8206 0.9328
vt 0.8155 0.9485
vt 0.8151 0.9584
vt 0.8114 0.9584
vt 0.8109 0.9485
vt 0.8159 0.8747
vt 0.8163 0.8676
vt 0.8200 0.8676
vt 0.8205 0.8747
vt 0.8156 0.8875
vt 0.8109 0.8875
vt 0.8155 0.8747
vt 0.8109 0.8747
vt 0.8206 0.9296
vt 0.8253 0.9296
vt 0.8156 0.9328
vt 0.8109 0.9328
vt 0.8158 0.8875
vt 0.8205 0.8875
vt 0.8248 0.8676
vt 0.8211 0.8676
vt 0.8151 0.8676
vt 0.8114 0.8676
vt 0.7552 0.9074
vt 0.7638 0.9057
vt 0.7638 0.9209
vt 0.7552 0.9235
vt 0.7272 0.9074
vt 0.7412 0.9107
vt 0.7412 0.9209
vt 0.7272 0.9235
vt 0.7551 0.8770
vt 0.7633 0.8784
vt 0.7644 0.8912
vt 0.7585 0.8912
vt 0.8262 0.9806
vt 0.8265 0.9644
vt 0.8315 0.9644
vt 0.8318 0.9806
vt 0.7412 0.8676
vt 0.7539 0.8689
vt 0.7551 0.8770
vt 0.7412 0.8734
vt 0.7616 0.8713
vt 0.7191 0.8784
vt 0.7273 0.8770
vt 0.7238 0.8912
vt 0.7180 0.8912
vt 0.7208 0.8713
vt 0.7284 0.8689
vt 0.7185 0.9057
vt 0.7185 0.9209
vt 0.8262 0.9502
vt 0.8206 0.9502
vt 0.7238 0.9384
vt 0.7180 0.9365
vt 0.7644 0.9365
vt 0.7585 0.9384
vt 0.8372 0.9502
vt 0.8318 0.9502
vt 0.7633 0.9522
vt 0.7551 0.9541
vt 0.8365 0.9218
vt 0.8309 0.9218
vt 0.8309 0.9502
vt 0.8253 0.9502
vt 0.7273 0.9541
vt 0.7191 0.9522
vt 0.7284 0.9649
vt 0.7208 0.9621
vt 0.7616 0.9621
vt 0.7539 0.9649
vt 0.7412 0.9584
vt 0.7412 0.9665
vt 0.8363 0.8699
vt 0.8309 0.8699
vt 0.8263 0.9502
vt 0.8317 0.9502
vt 0.8253 0.9425
vt 0.8248 0.9502
vt 0.8212 0.9502
vt 0.8207 0.9425
vt 0.8205 0.9485
vt 0.8200 0.9584
vt 0.8163 0.9584
vt 0.8159 0.9485
vt 0.8016 0.9074
vt 0.8102 0.9057
vt 0.8102 0.9209
vt 0.8016 0.9235
vt 0.7736 0.9074
vt 0.7876 0.9107
vt 0.7876 0.9209
vt 0.7736 0.9235
vt 0.8015 0.8770
vt 0.8097 0.8784
vt 0.8108 0.8912
vt 0.8050 0.8912
vt 0.8309 0.8676
vt 0.8307 0.8837
vt 0.8256 0.8837
vt 0.8254 0.8676
vt 0.7876 0.8676
vt 0.8003 0.8689
vt 0.8015 0.8770
vt 0.7876 0.8734
vt 0.8080 0.8713
vt 0.7655 0.8784
vt 0.7737 0.8770
vt 0.7702 0.8912
vt 0.7644 0.8912
vt 0.7672 0.8713
vt 0.7748 0.8689
vt 0.7649 0.9057
vt 0.7649 0.9209
vt 0.7702 0.9384
vt 0.7644 0.9365
vt 0.8108 0.9365
vt 0.8050 0.9384
vt 0.8318 0.9783
vt 0.8320 0.9643
vt 0.8370 0.9643
vt 0.8372 0.9783
vt 0.8256 0.9353
vt 0.8255 0.9196
vt 0.8308 0.9196
vt 0.8307 0.9353
vt 0.8097 0.9522
vt 0.8015 0.9541
vt 0.8309 0.9502
vt 0.8312 0.9360
vt 0.8363 0.9360
vt 0.8365 0.9502
vt 0.7737 0.9541
vt 0.7655 0.9522
vt 0.7748 0.9649
vt 0.7672 0.9621
vt 0.8080 0.9621
vt 0.8003 0.9649
vt 0.7876 0.9584
vt 0.7876 0.9665
vt 0.8207 0.9808
vt 0.8209 0.9651
vt 0.8260 0.9651
vt 0.8261 0.9808
vt 0.8309 0.8980
vt 0.8311 0.8839
vt 0.8361 0.8839
vt 0.8363 0.8980
vt 0.8308 0.8980
vt 0.8255 0.8980
vt 0.8153 0.9726
vt 0.8150 0.9584
vt 0.8206 0.9584
vt 0.8204 0.9726
vt 0.8150 0.9868
vt 0.8206 0.9868
vt 0.8253 0.8753
vt 0.8254 0.8882
vt 0.8206 0.8882
vt 0.8207 0.8753
vt 0.8157 0.9020
vt 0.8157 0.9171
vt 0.8108 0.9171
vt 0.8108 0.9020
vt 0.8253 0.9012
vt 0.8248 0.9089
vt 0.8211 0.9089
vt 0.8207 0.9012
vt 0.8157 0.9171
vt 0.8157 0.9020
vt 0.8206 0.9020
vt 0.8206 0.9171
vt 0.8207 0.9166
vt 0.8211 0.9089
vt 0.8248 0.9089
vt 0.8253 0.9166
vt 0.8158 0.9328
vt 0.8206 0.9328
vt 0.8155 0.9485
vt 0.8151 0.9584
vt 0.8114 0.9584
vt 0.8109 0.9485
vt 0.8159 0.8747
vt 0.8163 0.8676
vt 0.8200 0.8676
vt 0.8205 0.8747
vt 0.8156 0.8875
vt 0.8109 0.8875
vt 0.8155 0.8747
vt 0.8109 0.8747
vt 0.8206 0.9296
vt 0.8253 0.9296
vt 0.8156 0.9328
vt 0.8109 0.9328
vt 0.8158 0.8875
vt 0.8205 0.8875
vt 0.8248 0.8676
vt 0.8211 0.8676
vt 0.8151 0.8676
vt 0.8114 0.8676
vt 0.7552 0.9074
vt 0.7638 0.9057
vt 0.7638 0.9209
vt 0.7552 0.9235
vt 0.7272 0.9074
vt 0.7412 0.9107
vt 0.7412 0.9209
vt 0.7272 0.9235
vt 0.7551 0.8770
vt 0.7633 0.8784
vt 0.7644 0.8912
vt 0.7585 0.8912
vt 0.8262 0.9806
vt 0.8265 0.9644
vt 0.8315 0.9644
vt 0.8318 0.9806
vt 0.7412 0.8676
vt 0.7539 0.8689
vt 0.7551 0.8770
vt 0.7412 0.8734
vt 0.7616 0.8713
vt 0.7191 0.8784
vt 0.7273 0.8770
vt 0.7238 0.8912
vt 0.7180 0.8912
vt 0.7208 0.8713
vt 0.7284 0.8689
vt 0.7185 0.9057
vt 0.7185 0.9209
vt 0.8262 0.9502
vt 0.8206 0.9502
vt 0.7238 0.9384
vt 0.7180 0.9365
vt 0.7644 0.9365
vt 0.7585 0.9384
vt 0.8372 0.9502
vt 0.8318 0.9502
vt 0.7633 0.9522
vt 0.7551 0.9541
vt 0.8365 0.9218
vt 0.8309 0.9218
vt 0.8309 0.9502
vt 0.8253 0.9502
vt 0.7273 0.9541
vt 0.7191 0.9522
vt 0.7284 0.9649
vt 0.7208 0.9621
vt 0.7616 0.9621
vt 0.7539 0.9649
vt 0.7412 0.9584
vt 0.7412 0.9665
vt 0.8363 0.8699
vt 0.8309 0.8699
vt 0.8263 0.9502
vt 0.8317 0.9502
vt 0.8253 0.9425
vt 0.8248 0.9502
vt 0.8212 0.9502
vt 0.8207 0.9425
vt 0.8205 0.9485
vt 0.8200 0.9584
vt 0.8163 0.9584
vt 0.8159 0.9485
vt 0.8016 0.9074
vt 0.8102 0.9057
vt 0.8102 0.9209
vt 0.8016 0.9235
vt 0.7736 0.9074
vt 0.7876 0.9107
vt 0.7876 0.9209
vt 0.7736 0.9235
vt 0.8015 0.8770
vt 0.8097 0.8784
vt 0.8108 0.8912
vt 0.8050 0.8912
vt 0.8309 0.8676
vt 0.8307 0.8837
vt 0.8256 0.8837
vt 0.8254 0.8676
vt 0.7876 0.8676
vt 0.8003 0.8689
vt 0.8015 0.8770
vt 0.7876 0.8734
vt 0.8080 0.8713
vt 0.7655 0.8784
vt 0.7737 0.8770
vt 0.7702 0.8912
vt 0.7644 0.8912
vt 0.7672 0.8713
vt 0.7748 0.8689
vt 0.7649 0.9057
vt 0.7649 0.9209
vt 0.7702 0.9384
vt 0.7644 0.9365
vt 0.8108 0.9365
vt 0.8050 0.9384
vt 0.8318 0.9783
vt 0.8320 0.9643
vt 0.8370 0.9643
vt 0.8372 0.9783
vt 0.8256 0.9353
vt 0.8255 0.9196
vt 0.8308 0.9196
vt 0.8307 0.9353
vt 0.8097 0.9522
vt 0.8015 0.9541
vt 0.8309 0.9502
vt 0.8312 0.9360
vt 0.8363 0.9360
vt 0.8365 0.9502
vt 0.7737 0.9541
vt 0.7655 0.9522
vt 0.7748 0.9649
vt 0.7672 0.9621
vt 0.8080 0.9621
vt 0.8003 0.9649
vt 0.7876 0.9584
vt 0.7876 0.9665
vt 0.8207 0.9808
vt 0.8209 0.9651
vt 0.8260 0.9651
vt 0.8261 0.9808
vt 0.8309 0.8980
vt 0.8311 0.8839
vt 0.8361 0.8839
vt 0.8363 0.8980
vt 0.8308 0.8980
vt 0.8255 0.8980
vt 0.8153 0.9726
vt 0.8150 0.9584
vt 0.8206 0.9584
vt 0.8204 0.9726
vt 0.8150 0.9868
vt 0.8206 0.9868
vt 0.8253 0.8753
vt 0.8254 0.8882
vt 0.8206 0.8882
vt 0.8207 0.8753
vt 0.8157 0.9020
vt 0.8157 0.9171
vt 0.8108 0.9171
vt 0.8108 0.9020
vt 0.8253 0.9012
vt 0.8248 0.9089
vt 0.8211 0.9089
vt 0.8207 0.9012
vt 0.8157 0.9171
vt 0.8157 0.9020
vt 0.8206 0.9020
vt 0.8206 0.9171
vt 0.8207 0.9166
vt 0.8211 0.9089
vt 0.8248 0.9089
vt 0.8253 0.9166
vt 0.8158 0.9328
vt 0.8206 0.9328
vt 0.8155 0.9485
vt 0.8151 0.9584
vt 0.8114 0.9584
vt 0.8109 0.9485
vt 0.8159 0.8747
vt 0.8163 0.8676
vt 0.8200 0.8676
vt 0.8205 0.8747
vt 0.8156 0.8875
vt 0.8109 0.8875
vt 0.8155 0.8747
vt 0.8109 0.8747
vt 0.8206 0.9296
vt 0.8253 0.9296
vt 0.8156 0.9328
vt 0.8109 0.9328
vt 0.8158 0.8875
vt 0.8205 0.8875
vt 0.8248 0.8676
vt 0.8211 0.8676
vt 0.8151 0.8676
vt 0.8114 0.8676
vt 0.7552 0.9074
vt 0.7638 0.9057
vt 0.7638 0.9209
vt 0.7552 0.9235
vt 0.7272 0.9074
vt 0.7412 0.9107
vt 0.7412 0.9209
vt 0.7272 0.9235
vt 0.7551 0.8770
vt 0.7633 0.8784
vt 0.7644 0.8912
vt 0.7585 0.8912
vt 0.8262 0.9806
vt 0.8265 0.9644
vt 0.8315 0.9644
vt 0.8318 0.9806
vt 0.7412 0.8676
vt 0.7539 0.8689
vt 0.7551 0.8770
vt 0.7412 0.8734
vt 0.7616 0.8713
vt 0.7191 0.8784
vt 0.7273 0.8770
vt 0.7238 0.8912
vt 0.7180 0.8912
vt 0.7208 0.8713
vt 0.7284 0.8689
vt 0.7185 0.9057
vt 0.7185 0.9209
vt 0.8262 0.9502
vt 0.8206 0.9502
vt 0.7238 0.9384
vt 0.7180 0.9365
vt 0.7644 0.9365
vt 0.7585 0.9384
vt 0.8372 0.9502
vt 0.8318 0.9502
vt 0.7633 0.9522
vt 0.7551 0.9541
vt 0.8365 0.9218
vt 0.8309 0.9218
vt 0.8309 0.9502
vt 0.8253 0.9502
vt 0.7273 0.9541
vt 0.7191 0.9522
vt 0.7284 0.9649
vt 0.7208 0.9621
vt 0.7616 0.9621
vt 0.7539 0.9649
vt 0.7412 0.9584
vt 0.7412 0.9665
vt 0.8363 0.8699
vt 0.8309 0.8699
vt 0.8263 0.9502
vt 0.8317 0.9502
vt 0.8253 0.9425
vt 0.8248 0.9502
vt 0.8212 0.9502
vt 0.8207 0.9425
vt 0.8205 0.9485
vt 0.8200 0.9584
vt 0.8163 0.9584
vt 0.8159 0.9485
vt 0.8016 0.9074
vt 0.8102 0.9057
vt 0.8102 0.9209
vt 0.8016 0.9235
vt 0.7736 0.9074
vt 0.7876 0.9107
vt 0.7876 0.9209
vt 0.7736 0.9235
vt 0.8015 0.8770
vt 0.8097 0.8784
vt 0.8108 0.8912
vt 0.8050 0.8912
vt 0.8309 0.8676
vt 0.8307 0.8837
vt 0.8256 0.8837
vt 0.8254 0.8676
vt 0.7876 0.8676
vt 0.8003 0.8689
vt 0.8015 0.8770
vt 0.7876 0.8734
vt 0.8080 0.8713
vt 0.7655 0.8784
vt 0.7737 0.8770
vt 0.7702 0.8912
vt 0.7644 0.8912
vt 0.7672 0.8713
vt 0.7748 0.8689
vt 0.7649 0.9057
vt 0.7649 0.9209
vt 0.7702 0.9384
vt 0.7644 0.9365
vt 0.8108 0.9365
vt 0.8050 0.9384
vt 0.8318 0.9783
vt 0.8320 0.9643
vt 0.8370 0.9643
vt 0.8372 0.9783
vt 0.8256 0.9353
vt 0.8255 0.9196
vt 0.8308 0.9196
vt 0.8307 0.9353
vt 0.8097 0.9522
vt 0.8015 0.9541
vt 0.8309 0.9502
vt 0.8312 0.9360
vt 0.8363 0.9360
vt 0.8365 0.9502
vt 0.7737 0.9541
vt 0.7655 0.9522
vt 0.7748 0.9649
vt 0.7672 0.9621
vt 0.8080 0.9621
vt 0.8003 0.9649
vt 0.7876 0.9584
vt 0.7876 0.9665
vt 0.8207 0.9808
vt 0.8209 0.9651
vt 0.8260 0.9651
vt 0.8261 0.9808
vt 0.8309 0.8980
vt 0.8311 0.8839
vt 0.8361 0.8839
vt 0.8363 0.8980
vt 0.8308 0.8980
vt 0.8255 0.8980
vt 0.8153 0.9726
vt 0.8150 0.9584
vt 0.8206 0.9584
vt 0.8204 0.9726
vt 0.8150 0.9868
vt 0.8206 0.9868
vt 0.8253 0.8753
vt 0.8254 0.8882
vt 0.8206 0.8882
vt 0.8207 0.8753
vt 0.8157 0.9020
vt 0.8157 0.9171
vt 0.8108 0.9171
vt 0.8108 0.9020
vt 0.8253 0.9012
vt 0.8248 0.9089
vt 0.8211 0.9089
vt 0.8207 0.9012
vt 0.8157 0.9171
vt 0.8157 0.9020
vt 0.8206 0.9020
vt 0.8206 0.9171
vt 0.8207 0.9166
vt 0.8211 0.9089
vt 0.8248 0.9089
vt 0.8253 0.9166
vt 0.8158 0.9328
vt 0.8206 0.9328
vt 0.8155 0.9485
vt 0.8151 0.9584
vt 0.8114 0.9584
vt 0.8109 0.9485
vt 0.8159 0.8747
vt 0.8163 0.8676
vt 0.8200 0.8676
vt 0.8205 0.8747
vt 0.8156 0.8875
vt 0.8109 0.8875
vt 0.8155 0.8747
vt 0.8109 0.8747
vt 0.8206 0.9296
vt 0.8253 0.9296
vt 0.8156 0.9328
vt 0.8109 0.9328
vt 0.8158 0.8875
vt 0.8205 0.8875
vt 0.8248 0.8676
vt 0.8211 0.8676
vt 0.8151 0.8676
vt 0.8114 0.8676
vt 0.7552 0.9074
vt 0.7638 0.9057
vt 0.7638 0.9209
vt 0.7552 0.9235
vt 0.7272 0.9074
vt 0.7412 0.9107
vt 0.7412 0.9209
vt 0.7272 0.9235
vt 0.7551 0.8770
vt 0.7633 0.8784
vt 0.7644 0.8912
vt 0.7585 0.8912
vt 0.8262 0.9806
vt 0.8265 0.9644
vt 0.8315 0.9644
vt 0.8318 0.9806
vt 0.7412 0.8676
vt 0.7539 0.8689
vt 0.7551 0.8770
vt 0.7412 0.8734
vt 0.7616 0.8713
vt 0.7191 0.8784
vt 0.7273 0.8770
vt 0.7238 0.8912
vt 0.7180 0.8912
vt 0.7208 0.8713
vt 0.7284 0.8689
vt 0.7185 0.9057
vt 0.7185 0.9209
vt 0.8262 0.9502
vt 0.8206 0.9502
vt 0.7238 0.9384
vt 0.7180 0.9365
vt 0.7644 0.9365
vt 0.7585 0.9384
vt 0.8372 0.9502
vt 0.8318 0.9502
vt 0.7633 0.9522
vt 0.7551 0.9541
vt 0.8365 0.9218
vt 0.8309 0.9218
vt 0.8309 0.9502
vt 0.8253 0.9502
vt 0.7273 0.9541
vt 0.7191 0.9522
vt 0.7284 0.9649
vt 0.7208 0.9621
vt 0.7616 0.9621
vt 0.7539 0.9649
vt 0.7412 0.9584
vt 0.7412 0.9665
vt 0.8363 0.8699
vt 0.8309 0.8699
vt 0.8263 0.9502
vt 0.8317 0.9502
vt 0.8253 0.9425
vt 0.8248 0.9502
vt 0.8212 0.9502
vt 0.8207 0.9425
vt 0.8205 0.9485
vt 0.8200 0.9584
vt 0.8163 0.9584
vt 0.8159 0.9485
vt 0.8016 0.9074
vt 0.8102 0.9057
vt 0.8102 0.9209
vt 0.8016 0.9235
vt 0.7736 0.9074
vt 0.7876 0.9107
vt 0.7876 0.9209
vt 0.7736 0.9235
vt 0.8015 0.8770
vt 0.8097 0.8784
vt 0.8108 0.8912
vt 0.8050 0.8912
vt 0.8309 0.8676
vt 0.8307 0.8837
vt 0.8256 0.8837
vt 0.8254 0.8676
vt 0.7876 0.8676
vt 0.8003 0.8689
vt 0.8015 0.8770
vt 0.7876 0.8734
vt 0.8080 0.8713
vt 0.7655 0.8784
vt 0.7737 0.8770
vt 0.7702 0.8912
vt 0.7644 0.8912
vt 0.7672 0.8713
vt 0.7748 0.8689
vt 0.7649 0.9057
vt 0.7649 0.9209
vt 0.7702 0.9384
vt 0.7644 0.9365
vt 0.8108 0.9365
vt 0.8050 0.9384
vt 0.8318 0.9783
vt 0.8320 0.9643
vt 0.8370 0.9643
vt 0.8372 0.9783
vt 0.8256 0.9353
vt 0.8255 0.9196
vt 0.8308 0.9196
vt 0.8307 0.9353
vt 0.8097 0.9522
vt 0.8015 0.9541
vt 0.8309 0.9502
vt 0.8312 0.9360
vt 0.8363 0.9360
vt 0.8365 0.9502
vt 0.7737 0.9541
vt 0.7655 0.9522
vt 0.7748 0.9649
vt 0.7672 0.9621
vt 0.8080 0.9621
vt 0.8003 0.9649
vt 0.7876 0.9584
vt 0.7876 0.9665
vt 0.8207 0.9808
vt 0.8209 0.9651
vt 0.8260 0.9651
vt 0.8261 0.9808
vt 0.8309 0.8980
vt 0.8311 0.8839
vt 0.8361 0.8839
vt 0.8363 0.8980
vt 0.8308 0.8980
vt 0.8255 0.8980
vt 0.8153 0.9726
vt 0.8150 0.9584
vt 0.8206 0.9584
vt 0.8204 0.9726
vt 0.8150 0.9868
vt 0.8206 0.9868
vt 0.8253 0.8753
vt 0.8254 0.8882
vt 0.8206 0.8882
vt 0.8207 0.8753
vt 0.8157 0.9020
vt 0.8157 0.9171
vt 0.8108 0.9171
vt 0.8108 0.9020
vt 0.8253 0.9012
vt 0.8248 0.9089
vt 0.8211 0.9089
vt 0.8207 0.9012
vt 0.8157 0.9171
vt 0.8157 0.9020
vt 0.8206 0.9020
vt 0.8206 0.9171
vt 0.8207 0.9166
vt 0.8211 0.9089
vt 0.8248 0.9089
vt 0.8253 0.9166
vt 0.8158 0.9328
vt 0.8206 0.9328
vt 0.8155 0.9485
vt 0.8151 0.9584
vt 0.8114 0.9584
vt 0.8109 0.9485
vt 0.8159 0.8747
vt 0.8163 0.8676
vt 0.8200 0.8676
vt 0.8205 0.8747
vt 0.8156 0.8875
vt 0.8109 0.8875
vt 0.8155 0.8747
vt 0.8109 0.8747
vt 0.8206 0.9296
vt 0.8253 0.9296
vt 0.8156 0.9328
vt 0.8109 0.9328
vt 0.8158 0.8875
vt 0.8205 0.8875
vt 0.8248 0.8676
vt 0.8211 0.8676
vt 0.8151 0.8676
vt 0.8114 0.8676
vt 0.7552 0.9074
vt 0.7638 0.9057
vt 0.7638 0.9209
vt 0.7552 0.9235
vt 0.7272 0.9074
vt 0.7412 0.9107
vt 0.7412 0.9209
vt 0.7272 0.9235
vt 0.7551 0.8770
vt 0.7633 0.8784
vt 0.7644 0.8912
vt 0.7585 0.8912
vt 0.8262 0.9806
vt 0.8265 0.9644
vt 0.8315 0.9644
vt 0.8318 0.9806
vt 0.7412 0.8676
vt 0.7539 0.8689
vt 0.7551 0.8770
vt 0.7412 0.8734
vt 0.7616 0.8713
vt 0.7191 0.8784
vt 0.7273 0.8770
vt 0.7238 0.8912
vt 0.7180 0.8912
vt 0.7208 0.8713
vt 0.7284 0.8689
vt 0.7185 0.9057
vt 0.7185 0.9209
vt 0.8262 0.9502
vt 0.8206 0.9502
vt 0.7238 0.9384
vt 0.7180 0.9365
vt 0.7644 0.9365
vt 0.7585 0.9384
vt 0.8372 0.9502
vt 0.8318 0.9502
vt 0.7633 0.9522
vt 0.7551 0.9541
vt 0.8365 0.9218
vt 0.8309 0.9218
vt 0.8309 0.9502
vt 0.8253 0.9502
vt 0.7273 0.9541
vt 0.7191 0.9522
vt 0.7284 0.9649
vt 0.7208 0.9621
vt 0.7616 0.9621
vt 0.7539 0.9649
vt 0.7412 0.9584
vt 0.7412 0.9665
vt 0.8363 0.8699
vt 0.8309 0.8699
vt 0.8263 0.9502
vt 0.8317 0.9502
vt 0.8253 0.9425
vt 0.8248 0.9502
vt 0.8212 0.9502
vt 0.8207 0.9425
vt 0.8205 0.9485
vt 0.8200 0.9584
vt 0.8163 0.9584
vt 0.8159 0.9485
vt 0.8016 0.9074
vt 0.8102 0.9057
vt 0.8102 0.9209
vt 0.8016 0.9235
vt 0.7736 0.9074
vt 0.7876 0.9107
vt 0.7876 0.9209
vt 0.7736 0.9235
vt 0.8015 0.8770
vt 0.8097 0.8784
vt 0.8108 0.8912
vt 0.8050 0.8912
vt 0.8309 0.8676
vt 0.8307 0.8837
vt 0.8256 0.8837
vt 0.8254 0.8676
vt 0.7876 0.8676
vt 0.8003 0.8689
vt 0.8015 0.8770
vt 0.7876 0.8734
vt 0.8080 0.8713
vt 0.7655 0.8784
vt 0.7737 0.8770
vt 0.7702 0.8912
vt 0.7644 0.8912
vt 0.7672 0.8713
vt 0.7748 0.8689
vt 0.7649 0.9057
vt 0.7649 0.9209
vt 0.7702 0.9384
vt 0.7644 0.9365
vt 0.8108 0.9365
vt 0.8050 0.9384
vt 0.8318 0.9783
vt 0.8320 0.9643
vt 0.8370 0.9643
vt 0.8372 0.9783
vt 0.8256 0.9353
vt 0.8255 0.9196
vt 0.8308 0.9196
vt 0.8307 0.9353
vt 0.8097 0.9522
vt 0.8015 0.9541
vt 0.8309 0.9502
vt 0.8312 0.9360
vt 0.8363 0.9360
vt 0.8365 0.9502
vt 0.7737 0.9541
vt 0.7655 0.9522
vt 0.7748 0.9649
vt 0.7672 0.9621
vt 0.8080 0.9621
vt 0.8003 0.9649
vt 0.7876 0.9584
vt 0.7876 0.9665
vt 0.8207 0.9808
vt 0.8209 0.9651
vt 0.8260 0.9651
vt 0.8261 0.9808
vt 0.8309 0.8980
vt 0.8311 0.8839
vt 0.8361 0.8839
vt 0.8363 0.8980
vt 0.8308 0.8980
vt 0.8255 0.8980
vt 0.8153 0.9726
vt 0.8150 0.9584
vt 0.8206 0.9584
vt 0.8204 0.9726
vt 0.8150 0.9868
vt 0.8206 0.9868
vt 0.8253 0.8753
vt 0.8254 0.8882
vt 0.8206 0.8882
vt 0.8207 0.8753
vt 0.8157 0.9020
vt 0.8157 0.9171
vt 0.8108 0.9171
vt 0.8108 0.9020
vt 0.8253 0.9012
vt 0.8248 0.9089
vt 0.8211 0.9089
vt 0.8207 0.9012
vt 0.8157 0.9171
vt 0.8157 0.9020
vt 0.8206 0.9020
vt 0.8206 0.9171
vt 0.8207 0.9166
vt 0.8211 0.9089
vt 0.8248 0.9089
vt 0.8253 0.9166
vt 0.8158 0.9328
vt 0.8206 0.9328
vt 0.8155 0.9485
vt 0.8151 0.9584
vt 0.8114 0.9584
vt 0.8109 0.9485
vt 0.8159 0.8747
vt 0.8163 0.8676
vt 0.8200 0.8676
vt 0.8205 0.8747
vt 0.8156 0.8875
vt 0.8109 0.8875
vt 0.8155 0.8747
vt 0.8109 0.8747
vt 0.8206 0.9296
vt 0.8253 0.9296
vt 0.8156 0.9328
vt 0.8109 0.9328
vt 0.8158 0.8875
vt 0.8205 0.8875
vt 0.8248 0.8676
vt 0.8211 0.8676
vt 0.8151 0.8676
vt 0.8114 0.8676
vt 0.7552 0.9074
vt 0.7638 0.9057
vt 0.7638 0.9209
vt 0.7552 0.9235
vt 0.7272 0.9074
vt 0.7412 0.9107
vt 0.7412 0.9209
vt 0.7272 0.9235
vt 0.7551 0.8770
vt 0.7633 0.8784
vt 0.7644 0.8912
vt 0.7585 0.8912
vt 0.8262 0.9806
vt 0.8265 0.9644
vt 0.8315 0.9644
vt 0.8318 0.9806
vt 0.7412 0.8676
vt 0.7539 0.8689
vt 0.7551 0.8770
vt 0.7412 0.8734
vt 0.7616 0.8713
vt 0.7191 0.8784
vt 0.7273 0.8770
vt 0.7238 0.8912
vt 0.7180 0.8912
vt 0.7208 0.8713
vt 0.7284 0.8689
vt 0.7185 0.9057
vt 0.7185 0.9209
vt 0.8262 0.9502
vt 0.8206 0.9502
vt 0.7238 0.9384
vt 0.7180 0.9365
vt 0.7644 0.9365
vt 0.7585 0.9384
vt 0.8372 0.9502
vt 0.8318 0.9502
vt 0.7633 0.9522
vt 0.7551 0.9541
vt 0.8365 0.9218
vt 0.8309 0.9218
vt 0.8309 0.9502
vt 0.8253 0.9502
vt 0.7273 0.9541
vt 0.7191 0.9522
vt 0.7284 0.9649
vt 0.7208 0.9621
vt 0.7616 0.9621
vt 0.7539 0.9649
vt 0.7412 0.9584
vt 0.7412 0.9665
vt 0.8363 0.8699
vt 0.8309 0.8699
vt 0.8263 0.9502
vt 0.8317 0.9502
vt 0.8253 0.9425
vt 0.8248 0.9502
vt 0.8212 0.9502
vt 0.8207 0.9425
vt 0.8205 0.9485
vt 0.8200 0.9584
vt 0.8163 0.9584
vt 0.8159 0.9485
vt 0.8016 0.9074
vt 0.8102 0.9057
vt 0.8102 0.9209
vt 0.8016 0.9235
vt 0.7736 0.9074
vt 0.7876 0.9107
vt 0.7876 0.9209
vt 0.7736 0.9235
vt 0.8015 0.8770
vt 0.8097 0.8784
vt 0.8108 0.8912
vt 0.8050 0.8912
vt 0.8309 0.8676
vt 0.8307 0.8837
vt 0.8256 0.8837
vt 0.8254 0.8676
vt 0.7876 0.8676
vt 0.8003 0.8689
vt 0.8015 0.8770
vt 0.7876 0.8734
vt 0.8080 0.8713
vt 0.7655 0.8784
vt 0.7737 0.8770
vt 0.7702 0.8912
vt 0.7644 0.8912
vt 0.7672 0.8713
vt 0.7748 0.8689
vt 0.7649 0.9057
vt 0.7649 0.9209
vt 0.7702 0.9384
vt 0.7644 0.9365
vt 0.8108 0.9365
vt 0.8050 0.9384
vt 0.8318 0.9783
vt 0.8320 0.9643
vt 0.8370 0.9643
vt 0.8372 0.9783
vt 0.8256 0.9353
vt 0.8255 0.9196
vt 0.8308 0.9196
vt 0.8307 0.9353
vt 0.8097 0.9522
vt 0.8015 0.9541
vt 0.8309 0.9502
vt 0.8312 0.9360
vt 0.8363 0.9360
vt 0.8365 0.9502
vt 0.7737 0.9541
vt 0.7655 0.9522
vt 0.7748 0.9649
vt 0.7672 0.9621
vt 0.8080 0.9621
vt 0.8003 0.9649
vt 0.7876 0.9584
vt 0.7876 0.9665
vt 0.8207 0.9808
vt 0.8209 0.9651
vt 0.8260 0.9651
vt 0.8261 0.9808
vt 0.8309 0.8980
vt 0.8311 0.8839
vt 0.8361 0.8839
vt 0.8363 0.8980
vt 0.8308 0.8980
vt 0.8255 0.8980
vt 0.8153 0.9726
vt 0.8150 0.9584
vt 0.8206 0.9584
vt 0.8204 0.9726
vt 0.8150 0.9868
vt 0.8206 0.9868
vt 0.8253 0.8753
vt 0.8254 0.8882
vt 0.8206 0.8882
vt 0.8207 0.8753
vt 0.8157 0.9020
vt 0.8157 0.9171
vt 0.8108 0.9171
vt 0.8108 0.9020
vt 0.8253 0.9012
vt 0.8248 0.9089
vt 0.8211 0.9089
vt 0.8207 0.9012
vt 0.8157 0.9171
vt 0.8157 0.9020
vt 0.8206 0.9020
vt 0.8206 0.9171
vt 0.8207 0.9166
vt 0.8211 0.9089
vt 0.8248 0.9089
vt 0.8253 0.9166
vt 0.8158 0.9328
vt 0.8206 0.9328
vt 0.8155 0.9485
vt 0.8151 0.9584
vt 0.8114 0.9584
vt 0.8109 0.9485
vt 0.8159 0.8747
vt 0.8163 0.8676
vt 0.8200 0.8676
vt 0.8205 0.8747
vt 0.8156 0.8875
vt 0.8109 0.8875
vt 0.8155 0.8747
vt 0.8109 0.8747
vt 0.8206 0.9296
vt 0.8253 0.9296
vt 0.8156 0.9328
vt 0.8109 0.9328
vt 0.8158 0.8875
vt 0.8205 0.8875
vt 0.8248 0.8676
vt 0.8211 0.8676
vt 0.8151 0.8676
vt 0.8114 0.8676
vt 0.7552 0.9074
vt 0.7638 0.9057
vt 0.7638 0.9209
vt 0.7552 0.9235
vt 0.7272 0.9074
vt 0.7412 0.9107
vt 0.7412 0.9209
vt 0.7272 0.9235
vt 0.7551 0.8770
vt 0.7633 0.8784
vt 0.7644 0.8912
vt 0.7585 0.8912
vt 0.8262 0.9806
vt 0.8265 0.9644
vt 0.8315 0.9644
vt 0.8318 0.9806
vt 0.7412 0.8676
vt 0.7539 0.8689
vt 0.7551 0.8770
vt 0.7412 0.8734
vt 0.7616 0.8713
vt 0.7191 0.8784
vt 0.7273 0.8770
vt 0.7238 0.8912
vt 0.7180 0.8912
vt 0.7208 0.8713
vt 0.7284 0.8689
vt 0.7185 0.9057
vt 0.7185 0.9209
vt 0.8262 0.9502
vt 0.8206 0.9502
vt 0.7238 0.9384
vt 0.7180 0.9365
vt 0.7644 0.9365
vt 0.7585 0.9384
vt 0.8372 0.9502
vt 0.8318 0.9502
vt 0.7633 0.9522
vt 0.7551 0.9541
vt 0.8365 0.9218
vt 0.8309 0.9218
vt 0.8309 0.9502
vt 0.8253 0.9502
vt 0.7273 0.9541
vt 0.7191 0.9522
vt 0.7284 0.9649
vt 0.7208 0.9621
vt 0.7616 0.9621
vt 0.7539 0.9649
vt 0.7412 0.9584
vt 0.7412 0.9665
vt 0.8363 0.8699
vt 0.8309 0.8699
vt 0.8263 0.9502
vt 0.8317 0.9502
vt 0.8253 0.9425
vt 0.8248 0.9502
vt 0.8212 0.9502
vt 0.8207 0.9425
vt 0.8205 0.9485
vt 0.8200 0.9584
vt 0.8163 0.9584
vt 0.8159 0.9485
vt 0.6825 0.9666
vt 0.6843 0.9672
vt 0.6835 0.9680
vt 0.6819 0.9680
vt 0.6761 0.9642
vt 0.6790 0.9660
vt 0.6785 0.9671
vt 0.6756 0.9656
vt 0.6785 0.9671
vt 0.6819 0.9680
vt 0.6818 0.9690
vt 0.6781 0.9680
vt 0.6841 0.9626
vt 0.6858 0.9633
vt 0.6853 0.9654
vt 0.6843 0.9649
vt 0.6843 0.9672
vt 0.6853 0.9654
vt 0.6862 0.9657
vt 0.6851 0.9677
vt 0.6814 0.9595
vt 0.6845 0.9610
vt 0.6841 0.9626
vt 0.6811 0.9607
vt 0.6858 0.9621
vt 0.6762 0.9594
vt 0.6779 0.9600
vt 0.6764 0.9619
vt 0.6751 0.9614
vt 0.6770 0.9585
vt 0.6784 0.9586
vt 0.6745 0.9635
vt 0.6745 0.9647
vt 0.6868 0.9634
vt 0.6818 0.9586
vt 0.6851 0.9602
vt 0.6754 0.9587
vt 0.6767 0.9576
vt 0.6749 0.9665
vt 0.6867 0.9617
vt 0.6737 0.9651
vt 0.6735 0.9635
vt 0.6839 0.9688
vt 0.6786 0.9576
vt 0.6742 0.9610
vt 0.6889 0.9852
vt 0.6886 0.9860
vt 0.6882 0.9856
vt 0.6882 0.9848
vt 0.6900 0.9823
vt 0.6892 0.9836
vt 0.6887 0.9833
vt 0.6893 0.9820
vt 0.6887 0.9833
vt 0.6882 0.9848
vt 0.6878 0.9848
vt 0.6883 0.9831
vt 0.6907 0.9859
vt 0.6903 0.9867
vt 0.6894 0.9864
vt 0.6896 0.9860
vt 0.6886 0.9860
vt 0.6894 0.9864
vt 0.6892 0.9868
vt 0.6883 0.9863
vt 0.6921 0.9847
vt 0.6914 0.9861
vt 0.6907 0.9859
vt 0.6916 0.9846
vt 0.6909 0.9867
vt 0.6922 0.9823
vt 0.6919 0.9831
vt 0.6911 0.9824
vt 0.6913 0.9818
vt 0.6926 0.9827
vt 0.6926 0.9833
vt 0.6903 0.9815
vt 0.6898 0.9815
vt 0.6903 0.9871
vt 0.6925 0.9849
vt 0.6917 0.9864
vt 0.6925 0.9820
vt 0.6930 0.9825
vt 0.6890 0.9817
vt 0.6910 0.9871
vt 0.6896 0.9812
vt 0.6903 0.9811
vt 0.6878 0.9858
vt 0.6930 0.9834
vt 0.6915 0.9814
vt 0.9200 0.8307
vt 0.9451 0.8604
vt 0.9239 0.8608
vt 0.9097 0.8539
vt 0.9035 0.8709
vt 0.9210 0.8768
vt 0.9136 0.8914
vt 0.8980 0.8881
vt 0.9417 0.9706
vt 0.9120 0.9957
vt 0.9116 0.9745
vt 0.9185 0.9603
vt 0.9015 0.9541
vt 0.8956 0.9715
vt 0.8811 0.9642
vt 0.8843 0.9486
vt 0.9152 0.9138
vt 0.9445 0.9344
vt 0.9238 0.9437
vt 0.9074 0.9367
vt 0.8889 0.9911
vt 0.8678 0.9807
vt 0.9406 0.8835
vt 0.9301 0.9046
vt 0.8794 0.9123
vt 0.8902 0.9322
vt 0.8931 0.8486
vt 0.8861 0.8650
vt 0.8632 0.8572
vt 0.8838 0.8280
vt 0.8817 0.8822
vt 0.8617 0.8930
vt 0.9185 0.9603
vt 0.8980 0.8881
vt 0.8921 0.9128
vt 0.9097 0.8539
vt 0.8596 0.9427
vt 0.9784 0.9038
vt 0.9834 0.8975
vt 0.9927 0.9004
vt 0.9872 0.9121
vt 0.9673 0.9059
vt 0.9739 0.9162
vt 0.9529 0.8975
vt 0.9578 0.9156
vt 0.9804 0.8899
vt 0.9882 0.8844
vt 0.9734 0.8871
vt 0.9779 0.8797
vt 0.9651 0.8859
vt 0.9695 0.8784
vt 0.9580 0.8845
vt 0.9625 0.8771
vt 0.9440 0.8881
vt 0.9485 0.8806
vt 0.8016 0.9074
vt 0.8102 0.9057
vt 0.8102 0.9209
vt 0.8016 0.9235
vt 0.7736 0.9074
vt 0.7876 0.9107
vt 0.7876 0.9209
vt 0.7736 0.9235
vt 0.8015 0.8770
vt 0.8097 0.8784
vt 0.8108 0.8912
vt 0.8050 0.8912
vt 0.8309 0.8676
vt 0.8307 0.8837
vt 0.8256 0.8837
vt 0.8254 0.8676
vt 0.7876 0.8676
vt 0.8003 0.8689
vt 0.8015 0.8770
vt 0.7876 0.8734
vt 0.8080 0.8713
vt 0.7655 0.8784
vt 0.7737 0.8770
vt 0.7702 0.8912
vt 0.7644 0.8912
vt 0.7672 0.8713
vt 0.7748 0.8689
vt 0.7649 0.9057
vt 0.7649 0.9209
vt 0.7702 0.9384
vt 0.7644 0.9365
vt 0.8108 0.9365
vt 0.8050 0.9384
vt 0.8318 0.9783
vt 0.8320 0.9643
vt 0.8370 0.9643
vt 0.8372 0.9783
vt 0.8256 0.9353
vt 0.8255 0.9196
vt 0.8308 0.9196
vt 0.8307 0.9353
vt 0.8097 0.9522
vt 0.8015 0.9541
vt 0.8309 0.9502
vt 0.8312 0.9360
vt 0.8363 0.9360
vt 0.8365 0.9502
vt 0.7737 0.9541
vt 0.7655 0.9522
vt 0.7748 0.9649
vt 0.7672 0.9621
vt 0.8080 0.9621
vt 0.8003 0.9649
vt 0.7876 0.9584
vt 0.7876 0.9665
vt 0.8207 0.9808
vt 0.8209 0.9651
vt 0.8260 0.9651
vt 0.8261 0.9808
vt 0.8309 0.8980
vt 0.8311 0.8839
vt 0.8361 0.8839
vt 0.8363 0.8980
vt 0.8308 0.8980
vt 0.8255 0.8980
vt 0.8153 0.9726
vt 0.8150 0.9584
vt 0.8206 0.9584
vt 0.8204 0.9726
vt 0.8150 0.9868
vt 0.8206 0.9868
vt 0.8253 0.8753
vt 0.8254 0.8882
vt 0.8206 0.8882
vt 0.8207 0.8753
vt 0.8157 0.9020
vt 0.8157 0.9171
vt 0.8108 0.9171
vt 0.8108 0.9020
vt 0.8253 0.9012
vt 0.8248 0.9089
vt 0.8211 0.9089
vt 0.8207 0.9012
vt 0.8157 0.9171
vt 0.8157 0.9020
vt 0.8206 0.9020
vt 0.8206 0.9171
vt 0.8207 0.9166
vt 0.8211 0.9089
vt 0.8248 0.9089
vt 0.8253 0.9166
vt 0.8158 0.9328
vt 0.8206 0.9328
vt 0.8155 0.9485
vt 0.8151 0.9584
vt 0.8114 0.9584
vt 0.8109 0.9485
vt 0.8159 0.8747
vt 0.8163 0.8676
vt 0.8200 0.8676
vt 0.8205 0.8747
vt 0.8156 0.8875
vt 0.8109 0.8875
vt 0.8155 0.8747
vt 0.8109 0.8747
vt 0.8206 0.9296
vt 0.8253 0.9296
vt 0.8156 0.9328
vt 0.8109 0.9328
vt 0.8158 0.8875
vt 0.8205 0.8875
vt 0.8248 0.8676
vt 0.8211 0.8676
vt 0.8151 0.8676
vt 0.8114 0.8676
vt 0.7552 0.9074
vt 0.7638 0.9057
vt 0.7638 0.9209
vt 0.7552 0.9235
vt 0.7272 0.9074
vt 0.7412 0.9107
vt 0.7412 0.9209
vt 0.7272 0.9235
vt 0.7551 0.8770
vt 0.7633 0.8784
vt 0.7644 0.8912
vt 0.7585 0.8912
vt 0.8262 0.9806
vt 0.8265 0.9644
vt 0.8315 0.9644
vt 0.8318 0.9806
vt 0.7412 0.8676
vt 0.7539 0.8689
vt 0.7551 0.8770
vt 0.7412 0.8734
vt 0.7616 0.8713
vt 0.7191 0.8784
vt 0.7273 0.8770
vt 0.7238 0.8912
vt 0.7180 0.8912
vt 0.7208 0.8713
vt 0.7284 0.8689
vt 0.7185 0.9057
vt 0.7185 0.9209
vt 0.8262 0.9502
vt 0.8206 0.9502
vt 0.7238 0.9384
vt 0.7180 0.9365
vt 0.7644 0.9365
vt 0.7585 0.9384
vt 0.8372 0.9502
vt 0.8318 0.9502
vt 0.7633 0.9522
vt 0.7551 0.9541
vt 0.8365 0.9218
vt 0.8309 0.9218
vt 0.8309 0.9502
vt 0.8253 0.9502
vt 0.7273 0.9541
vt 0.7191 0.9522
vt 0.7284 0.9649
vt 0.7208 0.9621
vt 0.7616 0.9621
vt 0.7539 0.9649
vt 0.7412 0.9584
vt 0.7412 0.9665
vt 0.8363 0.8699
vt 0.8309 0.8699
vt 0.8263 0.9502
vt 0.8317 0.9502
vt 0.8253 0.9425
vt 0.8248 0.9502
vt 0.8212 0.9502
vt 0.8207 0.9425
vt 0.8205 0.9485
vt 0.8200 0.9584
vt 0.8163 0.9584
vt 0.8159 0.9485
vt 0.8016 0.9074
vt 0.8102 0.9057
vt 0.8102 0.9209
vt 0.8016 0.9235
vt 0.7736 0.9074
vt 0.7876 0.9107
vt 0.7876 0.9209
vt 0.7736 0.9235
vt 0.8015 0.8770
vt 0.8097 0.8784
vt 0.8108 0.8912
vt 0.8050 0.8912
vt 0.8309 0.8676
vt 0.8307 0.8837
vt 0.8256 0.8837
vt 0.8254 0.8676
vt 0.7876 0.8676
vt 0.8003 0.8689
vt 0.8015 0.8770
vt 0.7876 0.8734
vt 0.8080 0.8713
vt 0.7655 0.8784
vt 0.7737 0.8770
vt 0.7702 0.8912
vt 0.7644 0.8912
vt 0.7672 0.8713
vt 0.7748 0.8689
vt 0.7649 0.9057
vt 0.7649 0.9209
vt 0.7702 0.9384
vt 0.7644 0.9365
vt 0.8108 0.9365
vt 0.8050 0.9384
vt 0.8318 0.9783
vt 0.8320 0.9643
vt 0.8370 0.9643
vt 0.8372 0.9783
vt 0.8256 0.9353
vt 0.8255 0.9196
vt 0.8308 0.9196
vt 0.8307 0.9353
vt 0.8097 0.9522
vt 0.8015 0.9541
vt 0.8309 0.9502
vt 0.8312 0.9360
vt 0.8363 0.9360
vt 0.8365 0.9502
vt 0.7737 0.9541
vt 0.7655 0.9522
vt 0.7748 0.9649
vt 0.7672 0.9621
vt 0.8080 0.9621
vt 0.8003 0.9649
vt 0.7876 0.9584
vt 0.7876 0.9665
vt 0.8207 0.9808
vt 0.8209 0.9651
vt 0.8260 0.9651
vt 0.8261 0.9808
vt 0.8309 0.8980
vt 0.8311 0.8839
vt 0.8361 0.8839
vt 0.8363 0.8980
vt 0.8308 0.8980
vt 0.8255 0.8980
vt 0.8153 0.9726
vt 0.8150 0.9584
vt 0.8206 0.9584
vt 0.8204 0.9726
vt 0.8150 0.9868
vt 0.8206 0.9868
vt 0.8253 0.8753
vt 0.8254 0.8882
vt 0.8206 0.8882
vt 0.8207 0.8753
vt 0.8157 0.9020
vt 0.8157 0.9171
vt 0.8108 0.9171
vt 0.8108 0.9020
vt 0.8253 0.9012
vt 0.8248 0.9089
vt 0.8211 0.9089
vt 0.8207 0.9012
vt 0.8157 0.9171
vt 0.8157 0.9020
vt 0.8206 0.9020
vt 0.8206 0.9171
vt 0.8207 0.9166
vt 0.8211 0.9089
vt 0.8248 0.9089
vt 0.8253 0.9166
vt 0.8158 0.9328
vt 0.8206 0.9328
vt 0.8155 0.9485
vt 0.8151 0.9584
vt 0.8114 0.9584
vt 0.8109 0.9485
vt 0.8159 0.8747
vt 0.8163 0.8676
vt 0.8200 0.8676
vt 0.8205 0.8747
vt 0.8156 0.8875
vt 0.8109 0.8875
vt 0.8155 0.8747
vt 0.8109 0.8747
vt 0.8206 0.9296
vt 0.8253 0.9296
vt 0.8156 0.9328
vt 0.8109 0.9328
vt 0.8158 0.8875
vt 0.8205 0.8875
vt 0.8248 0.8676
vt 0.8211 0.8676
vt 0.8151 0.8676
vt 0.8114 0.8676
vt 0.7552 0.9074
vt 0.7638 0.9057
vt 0.7638 0.9209
vt 0.7552 0.9235
vt 0.7272 0.9074
vt 0.7412 0.9107
vt 0.7412 0.9209
vt 0.7272 0.9235
vt 0.7551 0.8770
vt 0.7633 0.8784
vt 0.7644 0.8912
vt 0.7585 0.8912
vt 0.8262 0.9806
vt 0.8265 0.9644
vt 0.8315 0.9644
vt 0.8318 0.9806
vt 0.7412 0.8676
vt 0.7539 0.8689
vt 0.7551 0.8770
vt 0.7412 0.8734
vt 0.7616 0.8713
vt 0.7191 0.8784
vt 0.7273 0.8770
vt 0.7238 0.8912
vt 0.7180 0.8912
vt 0.7208 0.8713
vt 0.7284 0.8689
vt 0.7185 0.9057
vt 0.7185 0.9209
vt 0.8262 0.9502
vt 0.8206 0.9502
vt 0.7238 0.9384
vt 0.7180 0.9365
vt 0.7644 0.9365
vt 0.7585 0.9384
vt 0.8372 0.9502
vt 0.8318 0.9502
vt 0.7633 0.9522
vt 0.7551 0.9541
vt 0.8365 0.9218
vt 0.8309 0.9218
vt 0.8309 0.9502
vt 0.8253 0.9502
vt 0.7273 0.9541
vt 0.7191 0.9522
vt 0.7284 0.9649
vt 0.7208 0.9621
vt 0.7616 0.9621
vt 0.7539 0.9649
vt 0.7412 0.9584
vt 0.7412 0.9665
vt 0.8363 0.8699
vt 0.8309 0.8699
vt 0.8263 0.9502
vt 0.8317 0.9502
vt 0.8253 0.9425
vt 0.8248 0.9502
vt 0.8212 0.9502
vt 0.8207 0.9425
vt 0.8205 0.9485
vt 0.8200 0.9584
vt 0.8163 0.9584
vt 0.8159 0.9485
vt 0.8016 0.9074
vt 0.8102 0.9057
vt 0.8102 0.9209
vt 0.8016 0.9235
vt 0.7736 0.9074
vt 0.7876 0.9107
vt 0.7876 0.9209
vt 0.7736 0.9235
vt 0.8015 0.8770
vt 0.8097 0.8784
vt 0.8108 0.8912
vt 0.8050 0.8912
vt 0.8309 0.8676
vt 0.8307 0.8837
vt 0.8256 0.8837
vt 0.8254 0.8676
vt 0.7876 0.8676
vt 0.8003 0.8689
vt 0.8015 0.8770
vt 0.7876 0.8734
vt 0.8080 0.8713
vt 0.7655 0.8784
vt 0.7737 0.8770
vt 0.7702 0.8912
vt 0.7644 0.8912
vt 0.7672 0.8713
vt 0.7748 0.8689
vt 0.7649 0.9057
vt 0.7649 0.9209
vt 0.7702 0.9384
vt 0.7644 0.9365
vt 0.8108 0.9365
vt 0.8050 0.9384
vt 0.8318 0.9783
vt 0.8320 0.9643
vt 0.8370 0.9643
vt 0.8372 0.9783
vt 0.8256 0.9353
vt 0.8255 0.9196
vt 0.8308 0.9196
vt 0.8307 0.9353
vt 0.8097 0.9522
vt 0.8015 0.9541
vt 0.8309 0.9502
vt 0.8312 0.9360
vt 0.8363 0.9360
vt 0.8365 0.9502
vt 0.7737 0.9541
vt 0.7655 0.9522
vt 0.7748 0.9649
vt 0.7672 0.9621
vt 0.8080 0.9621
vt 0.8003 0.9649
vt 0.7876 0.9584
vt 0.7876 0.9665
vt 0.8207 0.9808
vt 0.8209 0.9651
vt 0.8260 0.9651
vt 0.8261 0.9808
vt 0.8309 0.8980
vt 0.8311 0.8839
vt 0.8361 0.8839
vt 0.8363 0.8980
vt 0.8308 0.8980
vt 0.8255 0.8980
vt 0.8153 0.9726
vt 0.8150 0.9584
vt 0.8206 0.9584
vt 0.8204 0.9726
vt 0.8150 0.9868
vt 0.8206 0.9868
vt 0.8253 0.8753
vt 0.8254 0.8882
vt 0.8206 0.8882
vt 0.8207 0.8753
vt 0.8157 0.9020
vt 0.8157 0.9171
vt 0.8108 0.9171
vt 0.8108 0.9020
vt 0.8253 0.9012
vt 0.8248 0.9089
vt 0.8211 0.9089
vt 0.8207 0.9012
vt 0.8157 0.9171
vt 0.8157 0.9020
vt 0.8206 0.9020
vt 0.8206 0.9171
vt 0.8207 0.9166
vt 0.8211 0.9089
vt 0.8248 0.9089
vt 0.8253 0.9166
vt 0.8158 0.9328
vt 0.8206 0.9328
vt 0.8155 0.9485
vt 0.8151 0.9584
vt 0.8114 0.9584
vt 0.8109 0.9485
vt 0.8159 0.8747
vt 0.8163 0.8676
vt 0.8200 0.8676
vt 0.8205 0.8747
vt 0.8156 0.8875
vt 0.8109 0.8875
vt 0.8155 0.8747
vt 0.8109 0.8747
vt 0.8206 0.9296
vt 0.8253 0.9296
vt 0.8156 0.9328
vt 0.8109 0.9328
vt 0.8158 0.8875
vt 0.8205 0.8875
vt 0.8248 0.8676
vt 0.8211 0.8676
vt 0.8151 0.8676
vt 0.8114 0.8676
vt 0.7552 0.9074
vt 0.7638 0.9057
vt 0.7638 0.9209
vt 0.7552 0.9235
vt 0.7272 0.9074
vt 0.7412 0.9107
vt 0.7412 0.9209
vt 0.7272 0.9235
vt 0.7551 0.8770
vt 0.7633 0.8784
vt 0.7644 0.8912
vt 0.7585 0.8912
vt 0.8262 0.9806
vt 0.8265 0.9644
vt 0.8315 0.9644
vt 0.8318 0.9806
vt 0.7412 0.8676
vt 0.7539 0.8689
vt 0.7551 0.8770
vt 0.7412 0.8734
vt 0.7616 0.8713
vt 0.7191 0.8784
vt 0.7273 0.8770
vt 0.7238 0.8912
vt 0.7180 0.8912
vt 0.7208 0.8713
vt 0.7284 0.8689
vt 0.7185 0.9057
vt 0.7185 0.9209
vt 0.8262 0.9502
vt 0.8206 0.9502
vt 0.7238 0.9384
vt 0.7180 0.9365
vt 0.7644 0.9365
vt 0.7585 0.9384
vt 0.8372 0.9502
vt 0.8318 0.9502
vt 0.7633 0.9522
vt 0.7551 0.9541
vt 0.8365 0.9218
vt 0.8309 0.9218
vt 0.8309 0.9502
vt 0.8253 0.9502
vt 0.7273 0.9541
vt 0.7191 0.9522
vt 0.7284 0.9649
vt 0.7208 0.9621
vt 0.7616 0.9621
vt 0.7539 0.9649
vt 0.7412 0.9584
vt 0.7412 0.9665
vt 0.8363 0.8699
vt 0.8309 0.8699
vt 0.8263 0.9502
vt 0.8317 0.9502
vt 0.8253 0.9425
vt 0.8248 0.9502
vt 0.8212 0.9502
vt 0.8207 0.9425
vt 0.8205 0.9485
vt 0.8200 0.9584
vt 0.8163 0.9584
vt 0.8159 0.9485
vt 0.8016 0.9074
vt 0.8102 0.9057
vt 0.8102 0.9209
vt 0.8016 0.9235
vt 0.7736 0.9074
vt 0.7876 0.9107
vt 0.7876 0.9209
vt 0.7736 0.9235
vt 0.8015 0.8770
vt 0.8097 0.8784
vt 0.8108 0.8912
vt 0.8050 0.8912
vt 0.8309 0.8676
vt 0.8307 0.8837
vt 0.8256 0.8837
vt 0.8254 0.8676
vt 0.7876 0.8676
vt 0.8003 0.8689
vt 0.8015 0.8770
vt 0.7876 0.8734
vt 0.8080 0.8713
vt 0.7655 0.8784
vt 0.7737 0.8770
vt 0.7702 0.8912
vt 0.7644 0.8912
vt 0.7672 0.8713
vt 0.7748 0.8689
vt 0.7649 0.9057
vt 0.7649 0.9209
vt 0.7702 0.9384
vt 0.7644 0.9365
vt 0.8108 0.9365
vt 0.8050 0.9384
vt 0.8318 0.9783
vt 0.8320 0.9643
vt 0.8370 0.9643
vt 0.8372 0.9783
vt 0.8256 0.9353
vt 0.8255 0.9196
vt 0.8308 0.9196
vt 0.8307 0.9353
vt 0.8097 0.9522
vt 0.8015 0.9541
vt 0.8309 0.9502
vt 0.8312 0.9360
vt 0.8363 0.9360
vt 0.8365 0.9502
vt 0.7737 0.9541
vt 0.7655 0.9522
vt 0.7748 0.9649
vt 0.7672 0.9621
vt 0.8080 0.9621
vt 0.8003 0.9649
vt 0.7876 0.9584
vt 0.7876 0.9665
vt 0.8207 0.9808
vt 0.8209 0.9651
vt 0.8260 0.9651
vt 0.8261 0.9808
vt 0.8309 0.8980
vt 0.8311 0.8839
vt 0.8361 0.8839
vt 0.8363 0.8980
vt 0.8308 0.8980
vt 0.8255 0.8980
vt 0.8153 0.9726
vt 0.8150 0.9584
vt 0.8206 0.9584
vt 0.8204 0.9726
vt 0.8150 0.9868
vt 0.8206 0.9868
vt 0.8253 0.8753
vt 0.8254 0.8882
vt 0.8206 0.8882
vt 0.8207 0.8753
vt 0.8157 0.9020
vt 0.8157 0.9171
vt 0.8108 0.9171
vt 0.8108 0.9020
vt 0.8253 0.9012
vt 0.8248 0.9089
vt 0.8211 0.9089
vt 0.8207 0.9012
vt 0.8157 0.9171
vt 0.8157 0.9020
vt 0.8206 0.9020
vt 0.8206 0.9171
vt 0.8207 0.9166
vt 0.8211 0.9089
vt 0.8248 0.9089
vt 0.8253 0.9166
vt 0.8158 0.9328
vt 0.8206 0.9328
vt 0.8155 0.9485
vt 0.8151 0.9584
vt 0.8114 0.9584
vt 0.8109 0.9485
vt 0.8159 0.8747
vt 0.8163 0.8676
vt 0.8200 0.8676
vt 0.8205 0.8747
vt 0.8156 0.8875
vt 0.8109 0.8875
vt 0.8155 0.8747
vt 0.8109 0.8747
vt 0.8206 0.9296
vt 0.8253 0.9296
vt 0.8156 0.9328
vt 0.8109 0.9328
vt 0.8158 0.8875
vt 0.8205 0.8875
vt 0.8248 0.8676
vt 0.8211 0.8676
vt 0.8151 0.8676
vt 0.8114 0.8676
vt 0.7552 0.9074
vt 0.7638 0.9057
vt 0.7638 0.9209
vt 0.7552 0.9235
vt 0.7272 0.9074
vt 0.7412 0.9107
vt 0.7412 0.9209
vt 0.7272 0.9235
vt 0.7551 0.8770
vt 0.7633 0.8784
vt 0.7644 0.8912
vt 0.7585 0.8912
vt 0.8262 0.9806
vt 0.8265 0.9644
vt 0.8315 0.9644
vt 0.8318 0.9806
vt 0.7412 0.8676
vt 0.7539 0.8689
vt 0.7551 0.8770
vt 0.7412 0.8734
vt 0.7616 0.8713
vt 0.7191 0.8784
vt 0.7273 0.8770
vt 0.7238 0.8912
vt 0.7180 0.8912
vt 0.7208 0.8713
vt 0.7284 0.8689
vt 0.7185 0.9057
vt 0.7185 0.9209
vt 0.8262 0.9502
vt 0.8206 0.9502
vt 0.7238 0.9384
vt 0.7180 0.9365
vt 0.7644 0.9365
vt 0.7585 0.9384
vt 0.8372 0.9502
vt 0.8318 0.9502
vt 0.7633 0.9522
vt 0.7551 0.9541
vt 0.8365 0.9218
vt 0.8309 0.9218
vt 0.8309 0.9502
vt 0.8253 0.9502
vt 0.7273 0.9541
vt 0.7191 0.9522
vt 0.7284 0.9649
vt 0.7208 0.9621
vt 0.7616 0.9621
vt 0.7539 0.9649
vt 0.7412 0.9584
vt 0.7412 0.9665
vt 0.8363 0.8699
vt 0.8309 0.8699
vt 0.8263 0.9502
vt 0.8317 0.9502
vt 0.8253 0.9425
vt 0.8248 0.9502
vt 0.8212 0.9502
vt 0.8207 0.9425
vt 0.8205 0.9485
vt 0.8200 0.9584
vt 0.8163 0.9584
vt 0.8159 0.9485
vt 0.8016 0.9074
vt 0.8102 0.9057
vt 0.8102 0.9209
vt 0.8016 0.9235
vt 0.7736 0.9074
vt 0.7876 0.9107
vt 0.7876 0.9209
vt 0.7736 0.9235
vt 0.8015 0.8770
vt 0.8097 0.8784
vt 0.8108 0.8912
vt 0.8050 0.8912
vt 0.8309 0.8676
vt 0.8307 0.8837
vt 0.8256 0.8837
vt 0.8254 0.8676
vt 0.7876 0.8676
vt 0.8003 0.8689
vt 0.8015 0.8770
vt 0.7876 0.8734
vt 0.8080 0.8713
vt 0.7655 0.8784
vt 0.7737 0.8770
vt 0.7702 0.8912
vt 0.7644 0.8912
vt 0.7672 0.8713
vt 0.7748 0.8689
vt 0.7649 0.9057
vt 0.7649 0.9209
vt 0.7702 0.9384
vt 0.7644 0.9365
vt 0.8108 0.9365
vt 0.8050 0.9384
vt 0.8318 0.9783
vt 0.8320 0.9643
vt 0.8370 0.9643
vt 0.8372 0.9783
vt 0.8256 0.9353
vt 0.8255 0.9196
vt 0.8308 0.9196
vt 0.8307 0.9353
vt 0.8097 0.9522
vt 0.8015 0.9541
vt 0.8309 0.9502
vt 0.8312 0.9360
vt 0.8363 0.9360
vt 0.8365 0.9502
vt 0.7737 0.9541
vt 0.7655 0.9522
vt 0.7748 0.9649
vt 0.7672 0.9621
vt 0.8080 0.9621
vt 0.8003 0.9649
vt 0.7876 0.9584
vt 0.7876 0.9665
vt 0.8207 0.9808
vt 0.8209 0.9651
vt 0.8260 0.9651
vt 0.8261 0.9808
vt 0.8309 0.8980
vt 0.8311 0.8839
vt 0.8361 0.8839
vt 0.8363 0.8980
vt 0.8308 0.8980
vt 0.8255 0.8980
vt 0.8153 0.9726
vt 0.8150 0.9584
vt 0.8206 0.9584
vt 0.8204 0.9726
vt 0.8150 0.9868
vt 0.8206 0.9868
vt 0.8253 0.8753
vt 0.8254 0.8882
vt 0.8206 0.8882
vt 0.8207 0.8753
vt 0.8157 0.9020
vt 0.8157 0.9171
vt 0.8108 0.9171
vt 0.8108 0.9020
vt 0.8253 0.9012
vt 0.8248 0.9089
vt 0.8211 0.9089
vt 0.8207 0.9012
vt 0.8157 0.9171
vt 0.8157 0.9020
vt 0.8206 0.9020
vt 0.8206 0.9171
vt 0.8207 0.9166
vt 0.8211 0.9089
vt 0.8248 0.9089
vt 0.8253 0.9166
vt 0.8158 0.9328
vt 0.8206 0.9328
vt 0.8155 0.9485
vt 0.8151 0.9584
vt 0.8114 0.9584
vt 0.8109 0.9485
vt 0.8159 0.8747
vt 0.8163 0.8676
vt 0.8200 0.8676
vt 0.8205 0.8747
vt 0.8156 0.8875
vt 0.8109 0.8875
vt 0.8155 0.8747
vt 0.8109 0.8747
vt 0.8206 0.9296
vt 0.8253 0.9296
vt 0.8156 0.9328
vt 0.8109 0.9328
vt 0.8158 0.8875
vt 0.8205 0.8875
vt 0.8248 0.8676
vt 0.8211 0.8676
vt 0.8151 0.8676
vt 0.8114 0.8676
vt 0.7552 0.9074
vt 0.7638 0.9057
vt 0.7638 0.9209
vt 0.7552 0.9235
vt 0.7272 0.9074
vt 0.7412 0.9107
vt 0.7412 0.9209
vt 0.7272 0.9235
vt 0.7551 0.8770
vt 0.7633 0.8784
vt 0.7644 0.8912
vt 0.7585 0.8912
vt 0.8262 0.9806
vt 0.8265 0.9644
vt 0.8315 0.9644
vt 0.8318 0.9806
vt 0.7412 0.8676
vt 0.7539 0.8689
vt 0.7551 0.8770
vt 0.7412 0.8734
vt 0.7616 0.8713
vt 0.7191 0.8784
vt 0.7273 0.8770
vt 0.7238 0.8912
vt 0.7180 0.8912
vt 0.7208 0.8713
vt 0.7284 0.8689
vt 0.7185 0.9057
vt 0.7185 0.9209
vt 0.8262 0.9502
vt 0.8206 0.9502
vt 0.7238 0.9384
vt 0.7180 0.9365
vt 0.7644 0.9365
vt 0.7585 0.9384
vt 0.8372 0.9502
vt 0.8318 0.9502
vt 0.7633 0.9522
vt 0.7551 0.9541
vt 0.8365 0.9218
vt 0.8309 0.9218
vt 0.8309 0.9502
vt 0.8253 0.9502
vt 0.7273 0.9541
vt 0.7191 0.9522
vt 0.7284 0.9649
vt 0.7208 0.9621
vt 0.7616 0.9621
vt 0.7539 0.9649
vt 0.7412 0.9584
vt 0.7412 0.9665
vt 0.8363 0.8699
vt 0.8309 0.8699
vt 0.8263 0.9502
vt 0.8317 0.9502
vt 0.8253 0.9425
vt 0.8248 0.9502
vt 0.8212 0.9502
vt 0.8207 0.9425
vt 0.8205 0.9485
vt 0.8200 0.9584
vt 0.8163 0.9584
vt 0.8159 0.9485
vt 0.8016 0.9074
vt 0.8102 0.9057
vt 0.8102 0.9209
vt 0.8016 0.9235
vt 0.7736 0.9074
vt 0.7876 0.9107
vt 0.7876 0.9209
vt 0.7736 0.9235
vt 0.8015 0.8770
vt 0.8097 0.8784
vt 0.8108 0.8912
vt 0.8050 0.8912
vt 0.8309 0.8676
vt 0.8307 0.8837
vt 0.8256 0.8837
vt 0.8254 0.8676
vt 0.7876 0.8676
vt 0.8003 0.8689
vt 0.8015 0.8770
vt 0.7876 0.8734
vt 0.8080 0.8713
vt 0.7655 0.8784
vt 0.7737 0.8770
vt 0.7702 0.8912
vt 0.7644 0.8912
vt 0.7672 0.8713
vt 0.7748 0.8689
vt 0.7649 0.9057
vt 0.7649 0.9209
vt 0.7702 0.9384
vt 0.7644 0.9365
vt 0.8108 0.9365
vt 0.8050 0.9384
vt 0.8318 0.9783
vt 0.8320 0.9643
vt 0.8370 0.9643
vt 0.8372 0.9783
vt 0.8256 0.9353
vt 0.8255 0.9196
vt 0.8308 0.9196
vt 0.8307 0.9353
vt 0.8097 0.9522
vt 0.8015 0.9541
vt 0.8309 0.9502
vt 0.8312 0.9360
vt 0.8363 0.9360
vt 0.8365 0.9502
vt 0.7737 0.9541
vt 0.7655 0.9522
vt 0.7748 0.9649
vt 0.7672 0.9621
vt 0.8080 0.9621
vt 0.8003 0.9649
vt 0.7876 0.9584
vt 0.7876 0.9665
vt 0.8207 0.9808
vt 0.8209 0.9651
vt 0.8260 0.9651
vt 0.8261 0.9808
vt 0.8309 0.8980
vt 0.8311 0.8839
vt 0.8361 0.8839
vt 0.8363 0.8980
vt 0.8308 0.8980
vt 0.8255 0.8980
vt 0.8153 0.9726
vt 0.8150 0.9584
vt 0.8206 0.9584
vt 0.8204 0.9726
vt 0.8150 0.9868
vt 0.8206 0.9868
vt 0.8253 0.8753
vt 0.8254 0.8882
vt 0.8206 0.8882
vt 0.8207 0.8753
vt 0.8157 0.9020
vt 0.8157 0.9171
vt 0.8108 0.9171
vt 0.8108 0.9020
vt 0.8253 0.9012
vt 0.8248 0.9089
vt 0.8211 0.9089
vt 0.8207 0.9012
vt 0.8157 0.9171
vt 0.8157 0.9020
vt 0.8206 0.9020
vt 0.8206 0.9171
vt 0.8207 0.9166
vt 0.8211 0.9089
vt 0.8248 0.9089
vt 0.8253 0.9166
vt 0.8158 0.9328
vt 0.8206 0.9328
vt 0.8155 0.9485
vt 0.8151 0.9584
vt 0.8114 0.9584
vt 0.8109 0.9485
vt 0.8159 0.8747
vt 0.8163 0.8676
vt 0.8200 0.8676
vt 0.8205 0.8747
vt 0.8156 0.8875
vt 0.8109 0.8875
vt 0.8155 0.8747
vt 0.8109 0.8747
vt 0.8206 0.9296
vt 0.8253 0.9296
vt 0.8156 0.9328
vt 0.8109 0.9328
vt 0.8158 0.8875
vt 0.8205 0.8875
vt 0.8248 0.8676
vt 0.8211 0.8676
vt 0.8151 0.8676
vt 0.8114 0.8676
vt 0.7552 0.9074
vt 0.7638 0.9057
vt 0.7638 0.9209
vt 0.7552 0.9235
vt 0.7272 0.9074
vt 0.7412 0.9107
vt 0.7412 0.9209
vt 0.7272 0.9235
vt 0.7551 0.8770
vt 0.7633 0.8784
vt 0.7644 0.8912
vt 0.7585 0.8912
vt 0.8262 0.9806
vt 0.8265 0.9644
vt 0.8315 0.9644
vt 0.8318 0.9806
vt 0.7412 0.8676
vt 0.7539 0.8689
vt 0.7551 0.8770
vt 0.7412 0.8734
vt 0.7616 0.8713
vt 0.7191 0.8784
vt 0.7273 0.8770
vt 0.7238 0.8912
vt 0.7180 0.8912
vt 0.7208 0.8713
vt 0.7284 0.8689
vt 0.7185 0.9057
vt 0.7185 0.9209
vt 0.8262 0.9502
vt 0.8206 0.9502
vt 0.7238 0.9384
vt 0.7180 0.9365
vt 0.7644 0.9365
vt 0.7585 0.9384
vt 0.8372 0.9502
vt 0.8318 0.9502
vt 0.7633 0.9522
vt 0.7551 0.9541
vt 0.8365 0.9218
vt 0.8309 0.9218
vt 0.8309 0.9502
vt 0.8253 0.9502
vt 0.7273 0.9541
vt 0.7191 0.9522
vt 0.7284 0.9649
vt 0.7208 0.9621
vt 0.7616 0.9621
vt 0.7539 0.9649
vt 0.7412 0.9584
vt 0.7412 0.9665
vt 0.8363 0.8699
vt 0.8309 0.8699
vt 0.8263 0.9502
vt 0.8317 0.9502
vt 0.8253 0.9425
vt 0.8248 0.9502
vt 0.8212 0.9502
vt 0.8207 0.9425
vt 0.8205 0.9485
vt 0.8200 0.9584
vt 0.8163 0.9584
vt 0.8159 0.9485
vt 0.8016 0.9074
vt 0.8102 0.9057
vt 0.8102 0.9209
vt 0.8016 0.9235
vt 0.7736 0.9074
vt 0.7876 0.9107
vt 0.7876 0.9209
vt 0.7736 0.9235
vt 0.8015 0.8770
vt 0.8097 0.8784
vt 0.8108 0.8912
vt 0.8050 0.8912
vt 0.8309 0.8676
vt 0.8307 0.8837
vt 0.8256 0.8837
vt 0.8254 0.8676
vt 0.7876 0.8676
vt 0.8003 0.8689
vt 0.8015 0.8770
vt 0.7876 0.8734
vt 0.8080 0.8713
vt 0.7655 0.8784
vt 0.7737 0.8770
vt 0.7702 0.8912
vt 0.7644 0.8912
vt 0.7672 0.8713
vt 0.7748 0.8689
vt 0.7649 0.9057
vt 0.7649 0.9209
vt 0.7702 0.9384
vt 0.7644 0.9365
vt 0.8108 0.9365
vt 0.8050 0.9384
vt 0.8318 0.9783
vt 0.8320 0.9643
vt 0.8370 0.9643
vt 0.8372 0.9783
vt 0.8256 0.9353
vt 0.8255 0.9196
vt 0.8308 0.9196
vt 0.8307 0.9353
vt 0.8097 0.9522
vt 0.8015 0.9541
vt 0.8309 0.9502
vt 0.8312 0.9360
vt 0.8363 0.9360
vt 0.8365 0.9502
vt 0.7737 0.9541
vt 0.7655 0.9522
vt 0.7748 0.9649
vt 0.7672 0.9621
vt 0.8080 0.9621
vt 0.8003 0.9649
vt 0.7876 0.9584
vt 0.7876 0.9665
vt 0.8207 0.9808
vt 0.8209 0.9651
vt 0.8260 0.9651
vt 0.8261 0.9808
vt 0.8309 0.8980
vt 0.8311 0.8839
vt 0.8361 0.8839
vt 0.8363 0.8980
vt 0.8308 0.8980
vt 0.8255 0.8980
vt 0.8153 0.9726
vt 0.8150 0.9584
vt 0.8206 0.9584
vt 0.8204 0.9726
vt 0.8150 0.9868
vt 0.8206 0.9868
vt 0.8253 0.8753
vt 0.8254 0.8882
vt 0.8206 0.8882
vt 0.8207 0.8753
vt 0.8157 0.9020
vt 0.8157 0.9171
vt 0.8108 0.9171
vt 0.8108 0.9020
vt 0.8253 0.9012
vt 0.8248 0.9089
vt 0.8211 0.9089
vt 0.8207 0.9012
vt 0.8157 0.9171
vt 0.8157 0.9020
vt 0.8206 0.9020
vt 0.8206 0.9171
vt 0.8207 0.9166
vt 0.8211 0.9089
vt 0.8248 0.9089
vt 0.8253 0.9166
vt 0.8158 0.9328
vt 0.8206 0.9328
vt 0.8155 0.9485
vt 0.8151 0.9584
vt 0.8114 0.9584
vt 0.8109 0.9485
vt 0.8159 0.8747
vt 0.8163 0.8676
vt 0.8200 0.8676
vt 0.8205 0.8747
vt 0.8156 0.8875
vt 0.8109 0.8875
vt 0.8155 0.8747
vt 0.8109 0.8747
vt 0.8206 0.9296
vt 0.8253 0.9296
vt 0.8156 0.9328
vt 0.8109 0.9328
vt 0.8158 0.8875
vt 0.8205 0.8875
vt 0.8248 0.8676
vt 0.8211 0.8676
vt 0.8151 0.8676
vt 0.8114 0.8676
vt 0.7552 0.9074
vt 0.7638 0.9057
vt 0.7638 0.9209
vt 0.7552 0.9235
vt 0.7272 0.9074
vt 0.7412 0.9107
vt 0.7412 0.9209
vt 0.7272 0.9235
vt 0.7551 0.8770
vt 0.7633 0.8784
vt 0.7644 0.8912
vt 0.7585 0.8912
vt 0.8262 0.9806
vt 0.8265 0.9644
vt 0.8315 0.9644
vt 0.8318 0.9806
vt 0.7412 0.8676
vt 0.7539 0.8689
vt 0.7551 0.8770
vt 0.7412 0.8734
vt 0.7616 0.8713
vt 0.7191 0.8784
vt 0.7273 0.8770
vt 0.7238 0.8912
vt 0.7180 0.8912
vt 0.7208 0.8713
vt 0.7284 0.8689
vt 0.7185 0.9057
vt 0.7185 0.9209
vt 0.8262 0.9502
vt 0.8206 0.9502
vt 0.7238 0.9384
vt 0.7180 0.9365
vt 0.7644 0.9365
vt 0.7585 0.9384
vt 0.8372 0.9502
vt 0.8318 0.9502
vt 0.7633 0.9522
vt 0.7551 0.9541
vt 0.8365 0.9218
vt 0.8309 0.9218
vt 0.8309 0.9502
vt 0.8253 0.9502
vt 0.7273 0.9541
vt 0.7191 0.9522
vt 0.7284 0.9649
vt 0.7208 0.9621
vt 0.7616 0.9621
vt 0.7539 0.9649
vt 0.7412 0.9584
vt 0.7412 0.9665
vt 0.8363 0.8699
vt 0.8309 0.8699
vt 0.8263 0.9502
vt 0.8317 0.9502
vt 0.8253 0.9425
vt 0.8248 0.9502
vt 0.8212 0.9502
vt 0.8207 0.9425
vt 0.8205 0.9485
vt 0.8200 0.9584
vt 0.8163 0.9584
vt 0.8159 0.9485
vt 0.8016 0.9074
vt 0.8102 0.9057
vt 0.8102 0.9209
vt 0.8016 0.9235
vt 0.7736 0.9074
vt 0.7876 0.9107
vt 0.7876 0.9209
vt 0.7736 0.9235
vt 0.8015 0.8770
vt 0.8097 0.8784
vt 0.8108 0.8912
vt 0.8050 0.8912
vt 0.8309 0.8676
vt 0.8307 0.8837
vt 0.8256 0.8837
vt 0.8254 0.8676
vt 0.7876 0.8676
vt 0.8003 0.8689
vt 0.8015 0.8770
vt 0.7876 0.8734
vt 0.8080 0.8713
vt 0.7655 0.8784
vt 0.7737 0.8770
vt 0.7702 0.8912
vt 0.7644 0.8912
vt 0.7672 0.8713
vt 0.7748 0.8689
vt 0.7649 0.9057
vt 0.7649 0.9209
vt 0.7702 0.9384
vt 0.7644 0.9365
vt 0.8108 0.9365
vt 0.8050 0.9384
vt 0.8318 0.9783
vt 0.8320 0.9643
vt 0.8370 0.9643
vt 0.8372 0.9783
vt 0.8256 0.9353
vt 0.8255 0.9196
vt 0.8308 0.9196
vt 0.8307 0.9353
vt 0.8097 0.9522
vt 0.8015 0.9541
vt 0.8309 0.9502
vt 0.8312 0.9360
vt 0.8363 0.9360
vt 0.8365 0.9502
vt 0.7737 0.9541
vt 0.7655 0.9522
vt 0.7748 0.9649
vt 0.7672 0.9621
vt 0.8080 0.9621
vt 0.8003 0.9649
vt 0.7876 0.9584
vt 0.7876 0.9665
vt 0.8207 0.9808
vt 0.8209 0.9651
vt 0.8260 0.9651
vt 0.8261 0.9808
vt 0.8309 0.8980
vt 0.8311 0.8839
vt 0.8361 0.8839
vt 0.8363 0.8980
vt 0.8308 0.8980
vt 0.8255 0.8980
vt 0.8153 0.9726
vt 0.8150 0.9584
vt 0.8206 0.9584
vt 0.8204 0.9726
vt 0.8150 0.9868
vt 0.8206 0.9868
vt 0.8253 0.8753
vt 0.8254 0.8882
vt 0.8206 0.8882
vt 0.8207 0.8753
vt 0.8157 0.9020
vt 0.8157 0.9171
vt 0.8108 0.9171
vt 0.8108 0.9020
vt 0.8253 0.9012
vt 0.8248 0.9089
vt 0.8211 0.9089
vt 0.8207 0.9012
vt 0.8157 0.9171
vt 0.8157 0.9020
vt 0.8206 0.9020
vt 0.8206 0.9171
vt 0.8207 0.9166
vt 0.8211 0.9089
vt 0.8248 0.9089
vt 0.8253 0.9166
vt 0.8158 0.9328
vt 0.8206 0.9328
vt 0.8155 0.9485
vt 0.8151 0.9584
vt 0.8114 0.9584
vt 0.8109 0.9485
vt 0.8159 0.8747
vt 0.8163 0.8676
vt 0.8200 0.8676
vt 0.8205 0.8747
vt 0.8156 0.8875
vt 0.8109 0.8875
vt 0.8155 0.8747
vt 0.8109 0.8747
vt 0.8206 0.9296
vt 0.8253 0.9296
vt 0.8156 0.9328
vt 0.8109 0.9328
vt 0.8158 0.8875
vt 0.8205 0.8875
vt 0.8248 0.8676
vt 0.8211 0.8676
vt 0.8151 0.8676
vt 0.8114 0.8676
vt 0.7552 0.9074
vt 0.7638 0.9057
vt 0.7638 0.9209
vt 0.7552 0.9235
vt 0.7272 0.9074
vt 0.7412 0.9107
vt 0.7412 0.9209
vt 0.7272 0.9235
vt 0.7551 0.8770
vt 0.7633 0.8784
vt 0.7644 0.8912
vt 0.7585 0.8912
vt 0.8262 0.9806
vt 0.8265 0.9644
vt 0.8315 0.9644
vt 0.8318 0.9806
vt 0.7412 0.8676
vt 0.7539 0.8689
vt 0.7551 0.8770
vt 0.7412 0.8734
vt 0.7616 0.8713
vt 0.7191 0.8784
vt 0.7273 0.8770
vt 0.7238 0.8912
vt 0.7180 0.8912
vt 0.7208 0.8713
vt 0.7284 0.8689
vt 0.7185 0.9057
vt 0.7185 0.9209
vt 0.8262 0.9502
vt 0.8206 0.9502
vt 0.7238 0.9384
vt 0.7180 0.9365
vt 0.7644 0.9365
vt 0.7585 0.9384
vt 0.8372 0.9502
vt 0.8318 0.9502
vt 0.7633 0.9522
vt 0.7551 0.9541
vt 0.8365 0.9218
vt 0.8309 0.9218
vt 0.8309 0.9502
vt 0.8253 0.9502
vt 0.7273 0.9541
vt 0.7191 0.9522
vt 0.7284 0.9649
vt 0.7208 0.9621
vt 0.7616 0.9621
vt 0.7539 0.9649
vt 0.7412 0.9584
vt 0.7412 0.9665
vt 0.8363 0.8699
vt 0.8309 0.8699
vt 0.8263 0.9502
vt 0.8317 0.9502
vt 0.8253 0.9425
vt 0.8248 0.9502
vt 0.8212 0.9502
vt 0.8207 0.9425
vt 0.8205 0.9485
vt 0.8200 0.9584
vt 0.8163 0.9584
vt 0.8159 0.9485
vt 0.8016 0.9074
vt 0.8102 0.9057
vt 0.8102 0.9209
vt 0.8016 0.9235
vt 0.7736 0.9074
vt 0.7876 0.9107
vt 0.7876 0.9209
vt 0.7736 0.9235
vt 0.8015 0.8770
vt 0.8097 0.8784
vt 0.8108 0.8912
vt 0.8050 0.8912
vt 0.8309 0.8676
vt 0.8307 0.8837
vt 0.8256 0.8837
vt 0.8254 0.8676
vt 0.7876 0.8676
vt 0.8003 0.8689
vt 0.8015 0.8770
vt 0.7876 0.8734
vt 0.8080 0.8713
vt 0.7655 0.8784
vt 0.7737 0.8770
vt 0.7702 0.8912
vt 0.7644 0.8912
vt 0.7672 0.8713
vt 0.7748 0.8689
vt 0.7649 0.9057
vt 0.7649 0.9209
vt 0.7702 0.9384
vt 0.7644 0.9365
vt 0.8108 0.9365
vt 0.8050 0.9384
vt 0.8318 0.9783
vt 0.8320 0.9643
vt 0.8370 0.9643
vt 0.8372 0.9783
vt 0.8256 0.9353
vt 0.8255 0.9196
vt 0.8308 0.9196
vt 0.8307 0.9353
vt 0.8097 0.9522
vt 0.8015 0.9541
vt 0.8309 0.9502
vt 0.8312 0.9360
vt 0.8363 0.9360
vt 0.8365 0.9502
vt 0.7737 0.9541
vt 0.7655 0.9522
vt 0.7748 0.9649
vt 0.7672 0.9621
vt 0.8080 0.9621
vt 0.8003 0.9649
vt 0.7876 0.9584
vt 0.7876 0.9665
vt 0.8207 0.9808
vt 0.8209 0.9651
vt 0.8260 0.9651
vt 0.8261 0.9808
vt 0.8309 0.8980
vt 0.8311 0.8839
vt 0.8361 0.8839
vt 0.8363 0.8980
vt 0.8308 0.8980
vt 0.8255 0.8980
vt 0.8153 0.9726
vt 0.8150 0.9584
vt 0.8206 0.9584
vt 0.8204 0.9726
vt 0.8150 0.9868
vt 0.8206 0.9868
vt 0.8253 0.8753
vt 0.8254 0.8882
vt 0.8206 0.8882
vt 0.8207 0.8753
vt 0.8157 0.9020
vt 0.8157 0.9171
vt 0.8108 0.9171
vt 0.8108 0.9020
vt 0.8253 0.9012
vt 0.8248 0.9089
vt 0.8211 0.9089
vt 0.8207 0.9012
vt 0.8157 0.9171
vt 0.8157 0.9020
vt 0.8206 0.9020
vt 0.8206 0.9171
vt 0.8207 0.9166
vt 0.8211 0.9089
vt 0.8248 0.9089
vt 0.8253 0.9166
vt 0.8158 0.9328
vt 0.8206 0.9328
vt 0.8155 0.9485
vt 0.8151 0.9584
vt 0.8114 0.9584
vt 0.8109 0.9485
vt 0.8159 0.8747
vt 0.8163 0.8676
vt 0.8200 0.8676
vt 0.8205 0.8747
vt 0.8156 0.8875
vt 0.8109 0.8875
vt 0.8155 0.8747
vt 0.8109 0.8747
vt 0.8206 0.9296
vt 0.8253 0.9296
vt 0.8156 0.9328
vt 0.8109 0.9328
vt 0.8158 0.8875
vt 0.8205 0.8875
vt 0.8248 0.8676
vt 0.8211 0.8676
vt 0.8151 0.8676
vt 0.8114 0.8676
vt 0.7552 0.9074
vt 0.7638 0.9057
vt 0.7638 0.9209
vt 0.7552 0.9235
vt 0.7272 0.9074
vt 0.7412 0.9107
vt 0.7412 0.9209
vt 0.7272 0.9235
vt 0.7551 0.8770
vt 0.7633 0.8784
vt 0.7644 0.8912
vt 0.7585 0.8912
vt 0.8262 0.9806
vt 0.8265 0.9644
vt 0.8315 0.9644
vt 0.8318 0.9806
vt 0.7412 0.8676
vt 0.7539 0.8689
vt 0.7551 0.8770
vt 0.7412 0.8734
vt 0.7616 0.8713
vt 0.7191 0.8784
vt 0.7273 0.8770
vt 0.7238 0.8912
vt 0.7180 0.8912
vt 0.7208 0.8713
vt 0.7284 0.8689
vt 0.7185 0.9057
vt 0.7185 0.9209
vt 0.8262 0.9502
vt 0.8206 0.9502
vt 0.7238 0.9384
vt 0.7180 0.9365
vt 0.7644 0.9365
vt 0.7585 0.9384
vt 0.8372 0.9502
vt 0.8318 0.9502
vt 0.7633 0.9522
vt 0.7551 0.9541
vt 0.8365 0.9218
vt 0.8309 0.9218
vt 0.8309 0.9502
vt 0.8253 0.9502
vt 0.7273 0.9541
vt 0.7191 0.9522
vt 0.7284 0.9649
vt 0.7208 0.9621
vt 0.7616 0.9621
vt 0.7539 0.9649
vt 0.7412 0.9584
vt 0.7412 0.9665
vt 0.8363 0.8699
vt 0.8309 0.8699
vt 0.8263 0.9502
vt 0.8317 0.9502
vt 0.8253 0.9425
vt 0.8248 0.9502
vt 0.8212 0.9502
vt 0.8207 0.9425
vt 0.8205 0.9485
vt 0.8200 0.9584
vt 0.8163 0.9584
vt 0.8159 0.9485
vt 0.8016 0.9074
vt 0.8102 0.9057
vt 0.8102 0.9209
vt 0.8016 0.9235
vt 0.7736 0.9074
vt 0.7876 0.9107
vt 0.7876 0.9209
vt 0.7736 0.9235
vt 0.8015 0.8770
vt 0.8097 0.8784
vt 0.8108 0.8912
vt 0.8050 0.8912
vt 0.8309 0.8676
vt 0.8307 0.8837
vt 0.8256 0.8837
vt 0.8254 0.8676
vt 0.7876 0.8676
vt 0.8003 0.8689
vt 0.8015 0.8770
vt 0.7876 0.8734
vt 0.8080 0.8713
vt 0.7655 0.8784
vt 0.7737 0.8770
vt 0.7702 0.8912
vt 0.7644 0.8912
vt 0.7672 0.8713
vt 0.7748 0.8689
vt 0.7649 0.9057
vt 0.7649 0.9209
vt 0.7702 0.9384
vt 0.7644 0.9365
vt 0.8108 0.9365
vt 0.8050 0.9384
vt 0.8318 0.9783
vt 0.8320 0.9643
vt 0.8370 0.9643
vt 0.8372 0.9783
vt 0.8256 0.9353
vt 0.8255 0.9196
vt 0.8308 0.9196
vt 0.8307 0.9353
vt 0.8097 0.9522
vt 0.8015 0.9541
vt 0.8309 0.9502
vt 0.8312 0.9360
vt 0.8363 0.9360
vt 0.8365 0.9502
vt 0.7737 0.9541
vt 0.7655 0.9522
vt 0.7748 0.9649
vt 0.7672 0.9621
vt 0.8080 0.9621
vt 0.8003 0.9649
vt 0.7876 0.9584
vt 0.7876 0.9665
vt 0.8207 0.9808
vt 0.8209 0.9651
vt 0.8260 0.9651
vt 0.8261 0.9808
vt 0.8309 0.8980
vt 0.8311 0.8839
vt 0.8361 0.8839
vt 0.8363 0.8980
vt 0.8308 0.8980
vt 0.8255 0.8980
vt 0.8153 0.9726
vt 0.8150 0.9584
vt 0.8206 0.9584
vt 0.8204 0.9726
vt 0.8150 0.9868
vt 0.8206 0.9868
vt 0.8253 0.8753
vt 0.8254 0.8882
vt 0.8206 0.8882
vt 0.8207 0.8753
vt 0.8157 0.9020
vt 0.8157 0.9171
vt 0.8108 0.9171
vt 0.8108 0.9020
vt 0.8253 0.9012
vt 0.8248 0.9089
vt 0.8211 0.9089
vt 0.8207 0.9012
vt 0.8157 0.9171
vt 0.8157 0.9020
vt 0.8206 0.9020
vt 0.8206 0.9171
vt 0.8207 0.9166
vt 0.8211 0.9089
vt 0.8248 0.9089
vt 0.8253 0.9166
vt 0.8158 0.9328
vt 0.8206 0.9328
vt 0.8155 0.9485
vt 0.8151 0.9584
vt 0.8114 0.9584
vt 0.8109 0.9485
vt 0.8159 0.8747
vt 0.8163 0.8676
vt 0.8200 0.8676
vt 0.8205 0.8747
vt 0.8156 0.8875
vt 0.8109 0.8875
vt 0.8155 0.8747
vt 0.8109 0.8747
vt 0.8206 0.9296
vt 0.8253 0.9296
vt 0.8156 0.9328
vt 0.8109 0.9328
vt 0.8158 0.8875
vt 0.8205 0.8875
vt 0.8248 0.8676
vt 0.8211 0.8676
vt 0.8151 0.8676
vt 0.8114 0.8676
vt 0.7552 0.9074
vt 0.7638 0.9057
vt 0.7638 0.9209
vt 0.7552 0.9235
vt 0.7272 0.9074
vt 0.7412 0.9107
vt 0.7412 0.9209
vt 0.7272 0.9235
vt 0.7551 0.8770
vt 0.7633 0.8784
vt 0.7644 0.8912
vt 0.7585 0.8912
vt 0.8262 0.9806
vt 0.8265 0.9644
vt 0.8315 0.9644
vt 0.8318 0.9806
vt 0.7412 0.8676
vt 0.7539 0.8689
vt 0.7551 0.8770
vt 0.7412 0.8734
vt 0.7616 0.8713
vt 0.7191 0.8784
vt 0.7273 0.8770
vt 0.7238 0.8912
vt 0.7180 0.8912
vt 0.7208 0.8713
vt 0.7284 0.8689
vt 0.7185 0.9057
vt 0.7185 0.9209
vt 0.8262 0.9502
vt 0.8206 0.9502
vt 0.7238 0.9384
vt 0.7180 0.9365
vt 0.7644 0.9365
vt 0.7585 0.9384
vt 0.8372 0.9502
vt 0.8318 0.9502
vt 0.7633 0.9522
vt 0.7551 0.9541
vt 0.8365 0.9218
vt 0.8309 0.9218
vt 0.8309 0.9502
vt 0.8253 0.9502
vt 0.7273 0.9541
vt 0.7191 0.9522
vt 0.7284 0.9649
vt 0.7208 0.9621
vt 0.7616 0.9621
vt 0.7539 0.9649
vt 0.7412 0.9584
vt 0.7412 0.9665
vt 0.8363 0.8699
vt 0.8309 0.8699
vt 0.8263 0.9502
vt 0.8317 0.9502
vt 0.8253 0.9425
vt 0.8248 0.9502
vt 0.8212 0.9502
vt 0.8207 0.9425
vt 0.8205 0.9485
vt 0.8200 0.9584
vt 0.8163 0.9584
vt 0.8159 0.9485
vt 0.8016 0.9074
vt 0.8102 0.9057
vt 0.8102 0.9209
vt 0.8016 0.9235
vt 0.7736 0.9074
vt 0.7876 0.9107
vt 0.7876 0.9209
vt 0.7736 0.9235
vt 0.8015 0.8770
vt 0.8097 0.8784
vt 0.8108 0.8912
vt 0.8050 0.8912
vt 0.8309 0.8676
vt 0.8307 0.8837
vt 0.8256 0.8837
vt 0.8254 0.8676
vt 0.7876 0.8676
vt 0.8003 0.8689
vt 0.8015 0.8770
vt 0.7876 0.8734
vt 0.8080 0.8713
vt 0.7655 0.8784
vt 0.7737 0.8770
vt 0.7702 0.8912
vt 0.7644 0.8912
vt 0.7672 0.8713
vt 0.7748 0.8689
vt 0.7649 0.9057
vt 0.7649 0.9209
vt 0.7702 0.9384
vt 0.7644 0.9365
vt 0.8108 0.9365
vt 0.8050 0.9384
vt 0.8318 0.9783
vt 0.8320 0.9643
vt 0.8370 0.9643
vt 0.8372 0.9783
vt 0.8256 0.9353
vt 0.8255 0.9196
vt 0.8308 0.9196
vt 0.8307 0.9353
vt 0.8097 0.9522
vt 0.8015 0.9541
vt 0.8309 0.9502
vt 0.8312 0.9360
vt 0.8363 0.9360
vt 0.8365 0.9502
vt 0.7737 0.9541
vt 0.7655 0.9522
vt 0.7748 0.9649
vt 0.7672 0.9621
vt 0.8080 0.9621
vt 0.8003 0.9649
vt 0.7876 0.9584
vt 0.7876 0.9665
vt 0.8207 0.9808
vt 0.8209 0.9651
vt 0.8260 0.9651
vt 0.8261 0.9808
vt 0.8309 0.8980
vt 0.8311 0.8839
vt 0.8361 0.8839
vt 0.8363 0.8980
vt 0.8308 0.8980
vt 0.8255 0.8980
vt 0.8153 0.9726
vt 0.8150 0.9584
vt 0.8206 0.9584
vt 0.8204 0.9726
vt 0.8150 0.9868
vt 0.8206 0.9868
vt 0.8253 0.8753
vt 0.8254 0.8882
vt 0.8206 0.8882
vt 0.8207 0.8753
vt 0.8157 0.9020
vt 0.8157 0.9171
vt 0.8108 0.9171
vt 0.8108 0.9020
vt 0.8253 0.9012
vt 0.8248 0.9089
vt 0.8211 0.9089
vt 0.8207 0.9012
vt 0.8157 0.9171
vt 0.8157 0.9020
vt 0.8206 0.9020
vt 0.8206 0.9171
vt 0.8207 0.9166
vt 0.8211 0.9089
vt 0.8248 0.9089
vt 0.8253 0.9166
vt 0.8158 0.9328
vt 0.8206 0.9328
vt 0.8155 0.9485
vt 0.8151 0.9584
vt 0.8114 0.9584
vt 0.8109 0.9485
vt 0.8159 0.8747
vt 0.8163 0.8676
vt 0.8200 0.8676
vt 0.8205 0.8747
vt 0.8156 0.8875
vt 0.8109 0.8875
vt 0.8155 0.8747
vt 0.8109 0.8747
vt 0.8206 0.9296
vt 0.8253 0.9296
vt 0.8156 0.9328
vt 0.8109 0.9328
vt 0.8158 0.8875
vt 0.8205 0.8875
vt 0.8248 0.8676
vt 0.8211 0.8676
vt 0.8151 0.8676
vt 0.8114 0.8676
vt 0.7552 0.9074
vt 0.7638 0.9057
vt 0.7638 0.9209
vt 0.7552 0.9235
vt 0.7272 0.9074
vt 0.7412 0.9107
vt 0.7412 0.9209
vt 0.7272 0.9235
vt 0.7551 0.8770
vt 0.7633 0.8784
vt 0.7644 0.8912
vt 0.7585 0.8912
vt 0.8262 0.9806
vt 0.8265 0.9644
vt 0.8315 0.9644
vt 0.8318 0.9806
vt 0.7412 0.8676
vt 0.7539 0.8689
vt 0.7551 0.8770
vt 0.7412 0.8734
vt 0.7616 0.8713
vt 0.7191 0.8784
vt 0.7273 0.8770
vt 0.7238 0.8912
vt 0.7180 0.8912
vt 0.7208 0.8713
vt 0.7284 0.8689
vt 0.7185 0.9057
vt 0.7185 0.9209
vt 0.8262 0.9502
vt 0.8206 0.9502
vt 0.7238 0.9384
vt 0.7180 0.9365
vt 0.7644 0.9365
vt 0.7585 0.9384
vt 0.8372 0.9502
vt 0.8318 0.9502
vt 0.7633 0.9522
vt 0.7551 0.9541
vt 0.8365 0.9218
vt 0.8309 0.9218
vt 0.8309 0.9502
vt 0.8253 0.9502
vt 0.7273 0.9541
vt 0.7191 0.9522
vt 0.7284 0.9649
vt 0.7208 0.9621
vt 0.7616 0.9621
vt 0.7539 0.9649
vt 0.7412 0.9584
vt 0.7412 0.9665
vt 0.8363 0.8699
vt 0.8309 0.8699
vt 0.8263 0.9502
vt 0.8317 0.9502
vt 0.8253 0.9425
vt 0.8248 0.9502
vt 0.8212 0.9502
vt 0.8207 0.9425
vt 0.8205 0.9485
vt 0.8200 0.9584
vt 0.8163 0.9584
vt 0.8159 0.9485
vt 0.8016 0.9074
vt 0.8102 0.9057
vt 0.8102 0.9209
vt 0.8016 0.9235
vt 0.7736 0.9074
vt 0.7876 0.9107
vt 0.7876 0.9209
vt 0.7736 0.9235
vt 0.8015 0.8770
vt 0.8097 0.8784
vt 0.8108 0.8912
vt 0.8050 0.8912
vt 0.8309 0.8676
vt 0.8307 0.8837
vt 0.8256 0.8837
vt 0.8254 0.8676
vt 0.7876 0.8676
vt 0.8003 0.8689
vt 0.8015 0.8770
vt 0.7876 0.8734
vt 0.8080 0.8713
vt 0.7655 0.8784
vt 0.7737 0.8770
vt 0.7702 0.8912
vt 0.7644 0.8912
vt 0.7672 0.8713
vt 0.7748 0.8689
vt 0.7649 0.9057
vt 0.7649 0.9209
vt 0.7702 0.9384
vt 0.7644 0.9365
vt 0.8108 0.9365
vt 0.8050 0.9384
vt 0.8318 0.9783
vt 0.8320 0.9643
vt 0.8370 0.9643
vt 0.8372 0.9783
vt 0.8256 0.9353
vt 0.8255 0.9196
vt 0.8308 0.9196
vt 0.8307 0.9353
vt 0.8097 0.9522
vt 0.8015 0.9541
vt 0.8309 0.9502
vt 0.8312 0.9360
vt 0.8363 0.9360
vt 0.8365 0.9502
vt 0.7737 0.9541
vt 0.7655 0.9522
vt 0.7748 0.9649
vt 0.7672 0.9621
vt 0.8080 0.9621
vt 0.8003 0.9649
vt 0.7876 0.9584
vt 0.7876 0.9665
vt 0.8207 0.9808
vt 0.8209 0.9651
vt 0.8260 0.9651
vt 0.8261 0.9808
vt 0.8309 0.8980
vt 0.8311 0.8839
vt 0.8361 0.8839
vt 0.8363 0.8980
vt 0.8308 0.8980
vt 0.8255 0.8980
vt 0.8153 0.9726
vt 0.8150 0.9584
vt 0.8206 0.9584
vt 0.8204 0.9726
vt 0.8150 0.9868
vt 0.8206 0.9868
vt 0.8253 0.8753
vt 0.8254 0.8882
vt 0.8206 0.8882
vt 0.8207 0.8753
vt 0.8157 0.9020
vt 0.8157 0.9171
vt 0.8108 0.9171
vt 0.8108 0.9020
vt 0.8253 0.9012
vt 0.8248 0.9089
vt 0.8211 0.9089
vt 0.8207 0.9012
vt 0.8157 0.9171
vt 0.8157 0.9020
vt 0.8206 0.9020
vt 0.8206 0.9171
vt 0.8207 0.9166
vt 0.8211 0.9089
vt 0.8248 0.9089
vt 0.8253 0.9166
vt 0.8158 0.9328
vt 0.8206 0.9328
vt 0.8155 0.9485
vt 0.8151 0.9584
vt 0.8114 0.9584
vt 0.8109 0.9485
vt 0.8159 0.8747
vt 0.8163 0.8676
vt 0.8200 0.8676
vt 0.8205 0.8747
vt 0.8156 0.8875
vt 0.8109 0.8875
vt 0.8155 0.8747
vt 0.8109 0.8747
vt 0.8206 0.9296
vt 0.8253 0.9296
vt 0.8156 0.9328
vt 0.8109 0.9328
vt 0.8158 0.8875
vt 0.8205 0.8875
vt 0.8248 0.8676
vt 0.8211 0.8676
vt 0.8151 0.8676
vt 0.8114 0.8676
vt 0.7552 0.9074
vt 0.7638 0.9057
vt 0.7638 0.9209
vt 0.7552 0.9235
vt 0.7272 0.9074
vt 0.7412 0.9107
vt 0.7412 0.9209
vt 0.7272 0.9235
vt 0.7551 0.8770
vt 0.7633 0.8784
vt 0.7644 0.8912
vt 0.7585 0.8912
vt 0.8262 0.9806
vt 0.8265 0.9644
vt 0.8315 0.9644
vt 0.8318 0.9806
vt 0.7412 0.8676
vt 0.7539 0.8689
vt 0.7551 0.8770
vt 0.7412 0.8734
vt 0.7616 0.8713
vt 0.7191 0.8784
vt 0.7273 0.8770
vt 0.7238 0.8912
vt 0.7180 0.8912
vt 0.7208 0.8713
vt 0.7284 0.8689
vt 0.7185 0.9057
vt 0.7185 0.9209
vt 0.8262 0.9502
vt 0.8206 0.9502
vt 0.7238 0.9384
vt 0.7180 0.9365
vt 0.7644 0.9365
vt 0.7585 0.9384
vt 0.8372 0.9502
vt 0.8318 0.9502
vt 0.7633 0.9522
vt 0.7551 0.9541
vt 0.8365 0.9218
vt 0.8309 0.9218
vt 0.8309 0.9502
vt 0.8253 0.9502
vt 0.7273 0.9541
vt 0.7191 0.9522
vt 0.7284 0.9649
vt 0.7208 0.9621
vt 0.7616 0.9621
vt 0.7539 0.9649
vt 0.7412 0.9584
vt 0.7412 0.9665
vt 0.8363 0.8699
vt 0.8309 0.8699
vt 0.8263 0.9502
vt 0.8317 0.9502
vt 0.8253 0.9425
vt 0.8248 0.9502
vt 0.8212 0.9502
vt 0.8207 0.9425
vt 0.8205 0.9485
vt 0.8200 0.9584
vt 0.8163 0.9584
vt 0.8159 0.9485
vt 0.8016 0.9074
vt 0.8102 0.9057
vt 0.8102 0.9209
vt 0.8016 0.9235
vt 0.7736 0.9074
vt 0.7876 0.9107
vt 0.7876 0.9209
vt 0.7736 0.9235
vt 0.8015 0.8770
vt 0.8097 0.8784
vt 0.8108 0.8912
vt 0.8050 0.8912
vt 0.8309 0.8676
vt 0.8307 0.8837
vt 0.8256 0.8837
vt 0.8254 0.8676
vt 0.7876 0.8676
vt 0.8003 0.8689
vt 0.8015 0.8770
vt 0.7876 0.8734
vt 0.8080 0.8713
vt 0.7655 0.8784
vt 0.7737 0.8770
vt 0.7702 0.8912
vt 0.7644 0.8912
vt 0.7672 0.8713
vt 0.7748 0.8689
vt 0.7649 0.9057
vt 0.7649 0.9209
vt 0.7702 0.9384
vt 0.7644 0.9365
vt 0.8108 0.9365
vt 0.8050 0.9384
vt 0.8318 0.9783
vt 0.8320 0.9643
vt 0.8370 0.9643
vt 0.8372 0.9783
vt 0.8256 0.9353
vt 0.8255 0.9196
vt 0.8308 0.9196
vt 0.8307 0.9353
vt 0.8097 0.9522
vt 0.8015 0.9541
vt 0.8309 0.9502
vt 0.8312 0.9360
vt 0.8363 0.9360
vt 0.8365 0.9502
vt 0.7737 0.9541
vt 0.7655 0.9522
vt 0.7748 0.9649
vt 0.7672 0.9621
vt 0.8080 0.9621
vt 0.8003 0.9649
vt 0.7876 0.9584
vt 0.7876 0.9665
vt 0.8207 0.9808
vt 0.8209 0.9651
vt 0.8260 0.9651
vt 0.8261 0.9808
vt 0.8309 0.8980
vt 0.8311 0.8839
vt 0.8361 0.8839
vt 0.8363 0.8980
vt 0.8308 0.8980
vt 0.8255 0.8980
vt 0.8153 0.9726
vt 0.8150 0.9584
vt 0.8206 0.9584
vt 0.8204 0.9726
vt 0.8150 0.9868
vt 0.8206 0.9868
vt 0.8253 0.8753
vt 0.8254 0.8882
vt 0.8206 0.8882
vt 0.8207 0.8753
vt 0.8157 0.9020
vt 0.8157 0.9171
vt 0.8108 0.9171
vt 0.8108 0.9020
vt 0.8253 0.9012
vt 0.8248 0.9089
vt 0.8211 0.9089
vt 0.8207 0.9012
vt 0.8157 0.9171
vt 0.8157 0.9020
vt 0.8206 0.9020
vt 0.8206 0.9171
vt 0.8207 0.9166
vt 0.8211 0.9089
vt 0.8248 0.9089
vt 0.8253 0.9166
vt 0.8158 0.9328
vt 0.8206 0.9328
vt 0.8155 0.9485
vt 0.8151 0.9584
vt 0.8114 0.9584
vt 0.8109 0.9485
vt 0.8159 0.8747
vt 0.8163 0.8676
vt 0.8200 0.8676
vt 0.8205 0.8747
vt 0.8156 0.8875
vt 0.8109 0.8875
vt 0.8155 0.8747
vt 0.8109 0.8747
vt 0.8206 0.9296
vt 0.8253 0.9296
vt 0.8156 0.9328
vt 0.8109 0.9328
vt 0.8158 0.8875
vt 0.8205 0.8875
vt 0.8248 0.8676
vt 0.8211 0.8676
vt 0.8151 0.8676
vt 0.8114 0.8676
vt 0.7552 0.9074
vt 0.7638 0.9057
vt 0.7638 0.9209
vt 0.7552 0.9235
vt 0.7272 0.9074
vt 0.7412 0.9107
vt 0.7412 0.9209
vt 0.7272 0.9235
vt 0.7551 0.8770
vt 0.7633 0.8784
vt 0.7644 0.8912
vt 0.7585 0.8912
vt 0.8262 0.9806
vt 0.8265 0.9644
vt 0.8315 0.9644
vt 0.8318 0.9806
vt 0.7412 0.8676
vt 0.7539 0.8689
vt 0.7551 0.8770
vt 0.7412 0.8734
vt 0.7616 0.8713
vt 0.7191 0.8784
vt 0.7273 0.8770
vt 0.7238 0.8912
vt 0.7180 0.8912
vt 0.7208 0.8713
vt 0.7284 0.8689
vt 0.7185 0.9057
vt 0.7185 0.9209
vt 0.8262 0.9502
vt 0.8206 0.9502
vt 0.7238 0.9384
vt 0.7180 0.9365
vt 0.7644 0.9365
vt 0.7585 0.9384
vt 0.8372 0.9502
vt 0.8318 0.9502
vt 0.7633 0.9522
vt 0.7551 0.9541
vt 0.8365 0.9218
vt 0.8309 0.9218
vt 0.8309 0.9502
vt 0.8253 0.9502
vt 0.7273 0.9541
vt 0.7191 0.9522
vt 0.7284 0.9649
vt 0.7208 0.9621
vt 0.7616 0.9621
vt 0.7539 0.9649
vt 0.7412 0.9584
vt 0.7412 0.9665
vt 0.8363 0.8699
vt 0.8309 0.8699
vt 0.8263 0.9502
vt 0.8317 0.9502
vt 0.8253 0.9425
vt 0.8248 0.9502
vt 0.8212 0.9502
vt 0.8207 0.9425
vt 0.8205 0.9485
vt 0.8200 0.9584
vt 0.8163 0.9584
vt 0.8159 0.9485
vt 0.8016 0.9074
vt 0.8102 0.9057
vt 0.8102 0.9209
vt 0.8016 0.9235
vt 0.7736 0.9074
vt 0.7876 0.9107
vt 0.7876 0.9209
vt 0.7736 0.9235
vt 0.8015 0.8770
vt 0.8097 0.8784
vt 0.8108 0.8912
vt 0.8050 0.8912
vt 0.8309 0.8676
vt 0.8307 0.8837
vt 0.8256 0.8837
vt 0.8254 0.8676
vt 0.7876 0.8676
vt 0.8003 0.8689
vt 0.8015 0.8770
vt 0.7876 0.8734
vt 0.8080 0.8713
vt 0.7655 0.8784
vt 0.7737 0.8770
vt 0.7702 0.8912
vt 0.7644 0.8912
vt 0.7672 0.8713
vt 0.7748 0.8689
vt 0.7649 0.9057
vt 0.7649 0.9209
vt 0.7702 0.9384
vt 0.7644 0.9365
vt 0.8108 0.9365
vt 0.8050 0.9384
vt 0.8318 0.9783
vt 0.8320 0.9643
vt 0.8370 0.9643
vt 0.8372 0.9783
vt 0.8256 0.9353
vt 0.8255 0.9196
vt 0.8308 0.9196
vt 0.8307 0.9353
vt 0.8097 0.9522
vt 0.8015 0.9541
vt 0.8309 0.9502
vt 0.8312 0.9360
vt 0.8363 0.9360
vt 0.8365 0.9502
vt 0.7737 0.9541
vt 0.7655 0.9522
vt 0.7748 0.9649
vt 0.7672 0.9621
vt 0.8080 0.9621
vt 0.8003 0.9649
vt 0.7876 0.9584
vt 0.7876 0.9665
vt 0.8207 0.9808
vt 0.8209 0.9651
vt 0.8260 0.9651
vt 0.8261 0.9808
vt 0.8309 0.8980
vt 0.8311 0.8839
vt 0.8361 0.8839
vt 0.8363 0.8980
vt 0.8308 0.8980
vt 0.8255 0.8980
vt 0.8153 0.9726
vt 0.8150 0.9584
vt 0.8206 0.9584
vt 0.8204 0.9726
vt 0.8150 0.9868
vt 0.8206 0.9868
vt 0.8253 0.8753
vt 0.8254 0.8882
vt 0.8206 0.8882
vt 0.8207 0.8753
vt 0.8157 0.9020
vt 0.8157 0.9171
vt 0.8108 0.9171
vt 0.8108 0.9020
vt 0.8253 0.9012
vt 0.8248 0.9089
vt 0.8211 0.9089
vt 0.8207 0.9012
vt 0.8157 0.9171
vt 0.8157 0.9020
vt 0.8206 0.9020
vt 0.8206 0.9171
vt 0.8207 0.9166
vt 0.8211 0.9089
vt 0.8248 0.9089
vt 0.8253 0.9166
vt 0.8158 0.9328
vt 0.8206 0.9328
vt 0.8155 0.9485
vt 0.8151 0.9584
vt 0.8114 0.9584
vt 0.8109 0.9485
vt 0.8159 0.8747
vt 0.8163 0.8676
vt 0.8200 0.8676
vt 0.8205 0.8747
vt 0.8156 0.8875
vt 0.8109 0.8875
vt 0.8155 0.8747
vt 0.8109 0.8747
vt 0.8206 0.9296
vt 0.8253 0.9296
vt 0.8156 0.9328
vt 0.8109 0.9328
vt 0.8158 0.8875
vt 0.8205 0.8875
vt 0.8248 0.8676
vt 0.8211 0.8676
vt 0.8151 0.8676
vt 0.8114 0.8676
vt 0.7552 0.9074
vt 0.7638 0.9057
vt 0.7638 0.9209
vt 0.7552 0.9235
vt 0.7272 0.9074
vt 0.7412 0.9107
vt 0.7412 0.9209
vt 0.7272 0.9235
vt 0.7551 0.8770
vt 0.7633 0.8784
vt 0.7644 0.8912
vt 0.7585 0.8912
vt 0.8262 0.9806
vt 0.8265 0.9644
vt 0.8315 0.9644
vt 0.8318 0.9806
vt 0.7412 0.8676
vt 0.7539 0.8689
vt 0.7551 0.8770
vt 0.7412 0.8734
vt 0.7616 0.8713
vt 0.7191 0.8784
vt 0.7273 0.8770
vt 0.7238 0.8912
vt 0.7180 0.8912
vt 0.7208 0.8713
vt 0.7284 0.8689
vt 0.7185 0.9057
vt 0.7185 0.9209
vt 0.8262 0.9502
vt 0.8206 0.9502
vt 0.7238 0.9384
vt 0.7180 0.9365
vt 0.7644 0.9365
vt 0.7585 0.9384
vt 0.8372 0.9502
vt 0.8318 0.9502
vt 0.7633 0.9522
vt 0.7551 0.9541
vt 0.8365 0.9218
vt 0.8309 0.9218
vt 0.8309 0.9502
vt 0.8253 0.9502
vt 0.7273 0.9541
vt 0.7191 0.9522
vt 0.7284 0.9649
vt 0.7208 0.9621
vt 0.7616 0.9621
vt 0.7539 0.9649
vt 0.7412 0.9584
vt 0.7412 0.9665
vt 0.8363 0.8699
vt 0.8309 0.8699
vt 0.8263 0.9502
vt 0.8317 0.9502
vt 0.8253 0.9425
vt 0.8248 0.9502
vt 0.8212 0.9502
vt 0.8207 0.9425
vt 0.8205 0.9485
vt 0.8200 0.9584
vt 0.8163 0.9584
vt 0.8159 0.9485
vt 0.8016 0.9074
vt 0.8102 0.9057
vt 0.8102 0.9209
vt 0.8016 0.9235
vt 0.7736 0.9074
vt 0.7876 0.9107
vt 0.7876 0.9209
vt 0.7736 0.9235
vt 0.8015 0.8770
vt 0.8097 0.8784
vt 0.8108 0.8912
vt 0.8050 0.8912
vt 0.8309 0.8676
vt 0.8307 0.8837
vt 0.8256 0.8837
vt 0.8254 0.8676
vt 0.7876 0.8676
vt 0.8003 0.8689
vt 0.8015 0.8770
vt 0.7876 0.8734
vt 0.8080 0.8713
vt 0.7655 0.8784
vt 0.7737 0.8770
vt 0.7702 0.8912
vt 0.7644 0.8912
vt 0.7672 0.8713
vt 0.7748 0.8689
vt 0.7649 0.9057
vt 0.7649 0.9209
vt 0.7702 0.9384
vt 0.7644 0.9365
vt 0.8108 0.9365
vt 0.8050 0.9384
vt 0.8318 0.9783
vt 0.8320 0.9643
vt 0.8370 0.9643
vt 0.8372 0.9783
vt 0.8256 0.9353
vt 0.8255 0.9196
vt 0.8308 0.9196
vt 0.8307 0.9353
vt 0.8097 0.9522
vt 0.8015 0.9541
vt 0.8309 0.9502
vt 0.8312 0.9360
vt 0.8363 0.9360
vt 0.8365 0.9502
vt 0.7737 0.9541
vt 0.7655 0.9522
vt 0.7748 0.9649
vt 0.7672 0.9621
vt 0.8080 0.9621
vt 0.8003 0.9649
vt 0.7876 0.9584
vt 0.7876 0.9665
vt 0.8207 0.9808
vt 0.8209 0.9651
vt 0.8260 0.9651
vt 0.8261 0.9808
vt 0.8309 0.8980
vt 0.8311 0.8839
vt 0.8361 0.8839
vt 0.8363 0.8980
vt 0.8308 0.8980
vt 0.8255 0.8980
vt 0.8153 0.9726
vt 0.8150 0.9584
vt 0.8206 0.9584
vt 0.8204 0.9726
vt 0.8150 0.9868
vt 0.8206 0.9868
vt 0.8253 0.8753
vt 0.8254 0.8882
vt 0.8206 0.8882
vt 0.8207 0.8753
vt 0.8157 0.9020
vt 0.8157 0.9171
vt 0.8108 0.9171
vt 0.8108 0.9020
vt 0.8253 0.9012
vt 0.8248 0.9089
vt 0.8211 0.9089
vt 0.8207 0.9012
vt 0.8157 0.9171
vt 0.8157 0.9020
vt 0.8206 0.9020
vt 0.8206 0.9171
vt 0.8207 0.9166
vt 0.8211 0.9089
vt 0.8248 0.9089
vt 0.8253 0.9166
vt 0.8158 0.9328
vt 0.8206 0.9328
vt 0.8155 0.9485
vt 0.8151 0.9584
vt 0.8114 0.9584
vt 0.8109 0.9485
vt 0.8159 0.8747
vt 0.8163 0.8676
vt 0.8200 0.8676
vt 0.8205 0.8747
vt 0.8156 0.8875
vt 0.8109 0.8875
vt 0.8155 0.8747
vt 0.8109 0.8747
vt 0.8206 0.9296
vt 0.8253 0.9296
vt 0.8156 0.9328
vt 0.8109 0.9328
vt 0.8158 0.8875
vt 0.8205 0.8875
vt 0.8248 0.8676
vt 0.8211 0.8676
vt 0.8151 0.8676
vt 0.8114 0.8676
vt 0.7552 0.9074
vt 0.7638 0.9057
vt 0.7638 0.9209
vt 0.7552 0.9235
vt 0.7272 0.9074
vt 0.7412 0.9107
vt 0.7412 0.9209
vt 0.7272 0.9235
vt 0.7551 0.8770
vt 0.7633 0.8784
vt 0.7644 0.8912
vt 0.7585 0.8912
vt 0.8262 0.9806
vt 0.8265 0.9644
vt 0.8315 0.9644
vt 0.8318 0.9806
vt 0.7412 0.8676
vt 0.7539 0.8689
vt 0.7551 0.8770
vt 0.7412 0.8734
vt 0.7616 0.8713
vt 0.7191 0.8784
vt 0.7273 0.8770
vt 0.7238 0.8912
vt 0.7180 0.8912
vt 0.7208 0.8713
vt 0.7284 0.8689
vt 0.7185 0.9057
vt 0.7185 0.9209
vt 0.8262 0.9502
vt 0.8206 0.9502
vt 0.7238 0.9384
vt 0.7180 0.9365
vt 0.7644 0.9365
vt 0.7585 0.9384
vt 0.8372 0.9502
vt 0.8318 0.9502
vt 0.7633 0.9522
vt 0.7551 0.9541
vt 0.8365 0.9218
vt 0.8309 0.9218
vt 0.8309 0.9502
vt 0.8253 0.9502
vt 0.7273 0.9541
vt 0.7191 0.9522
vt 0.7284 0.9649
vt 0.7208 0.9621
vt 0.7616 0.9621
vt 0.7539 0.9649
vt 0.7412 0.9584
vt 0.7412 0.9665
vt 0.8363 0.8699
vt 0.8309 0.8699
vt 0.8263 0.9502
vt 0.8317 0.9502
vt 0.8253 0.9425
vt 0.8248 0.9502
vt 0.8212 0.9502
vt 0.8207 0.9425
vt 0.8205 0.9485
vt 0.8200 0.9584
vt 0.8163 0.9584
vt 0.8159 0.9485
vt 0.8016 0.9074
vt 0.8102 0.9057
vt 0.8102 0.9209
vt 0.8016 0.9235
vt 0.7736 0.9074
vt 0.7876 0.9107
vt 0.7876 0.9209
vt 0.7736 0.9235
vt 0.8015 0.8770
vt 0.8097 0.8784
vt 0.8108 0.8912
vt 0.8050 0.8912
vt 0.8309 0.8676
vt 0.8307 0.8837
vt 0.8256 0.8837
vt 0.8254 0.8676
vt 0.7876 0.8676
vt 0.8003 0.8689
vt 0.8015 0.8770
vt 0.7876 0.8734
vt 0.8080 0.8713
vt 0.7655 0.8784
vt 0.7737 0.8770
vt 0.7702 0.8912
vt 0.7644 0.8912
vt 0.7672 0.8713
vt 0.7748 0.8689
vt 0.7649 0.9057
vt 0.7649 0.9209
vt 0.7702 0.9384
vt 0.7644 0.9365
vt 0.8108 0.9365
vt 0.8050 0.9384
vt 0.8318 0.9783
vt 0.8320 0.9643
vt 0.8370 0.9643
vt 0.8372 0.9783
vt 0.8256 0.9353
vt 0.8255 0.9196
vt 0.8308 0.9196
vt 0.8307 0.9353
vt 0.8097 0.9522
vt 0.8015 0.9541
vt 0.8309 0.9502
vt 0.8312 0.9360
vt 0.8363 0.9360
vt 0.8365 0.9502
vt 0.7737 0.9541
vt 0.7655 0.9522
vt 0.7748 0.9649
vt 0.7672 0.9621
vt 0.8080 0.9621
vt 0.8003 0.9649
vt 0.7876 0.9584
vt 0.7876 0.9665
vt 0.8207 0.9808
vt 0.8209 0.9651
vt 0.8260 0.9651
vt 0.8261 0.9808
vt 0.8309 0.8980
vt 0.8311 0.8839
vt 0.8361 0.8839
vt 0.8363 0.8980
vt 0.8308 0.8980
vt 0.8255 0.8980
vt 0.8153 0.9726
vt 0.8150 0.9584
vt 0.8206 0.9584
vt 0.8204 0.9726
vt 0.8150 0.9868
vt 0.8206 0.9868
vt 0.8253 0.8753
vt 0.8254 0.8882
vt 0.8206 0.8882
vt 0.8207 0.8753
vt 0.8157 0.9020
vt 0.8157 0.9171
vt 0.8108 0.9171
vt 0.8108 0.9020
vt 0.8253 0.9012
vt 0.8248 0.9089
vt 0.8211 0.9089
vt 0.8207 0.9012
vt 0.8157 0.9171
vt 0.8157 0.9020
vt 0.8206 0.9020
vt 0.8206 0.9171
vt 0.8207 0.9166
vt 0.8211 0.9089
vt 0.8248 0.9089
vt 0.8253 0.9166
vt 0.8158 0.9328
vt 0.8206 0.9328
vt 0.8155 0.9485
vt 0.8151 0.9584
vt 0.8114 0.9584
vt 0.8109 0.9485
vt 0.8159 0.8747
vt 0.8163 0.8676
vt 0.8200 0.8676
vt 0.8205 0.8747
vt 0.8156 0.8875
vt 0.8109 0.8875
vt 0.8155 0.8747
vt 0.8109 0.8747
vt 0.8206 0.9296
vt 0.8253 0.9296
vt 0.8156 0.9328
vt 0.8109 0.9328
vt 0.8158 0.8875
vt 0.8205 0.8875
vt 0.8248 0.8676
vt 0.8211 0.8676
vt 0.8151 0.8676
vt 0.8114 0.8676
vt 0.7552 0.9074
vt 0.7638 0.9057
vt 0.7638 0.9209
vt 0.7552 0.9235
vt 0.7272 0.9074
vt 0.7412 0.9107
vt 0.7412 0.9209
vt 0.7272 0.9235
vt 0.7551 0.8770
vt 0.7633 0.8784
vt 0.7644 0.8912
vt 0.7585 0.8912
vt 0.8262 0.9806
vt 0.8265 0.9644
vt 0.8315 0.9644
vt 0.8318 0.9806
vt 0.7412 0.8676
vt 0.7539 0.8689
vt 0.7551 0.8770
vt 0.7412 0.8734
vt 0.7616 0.8713
vt 0.7191 0.8784
vt 0.7273 0.8770
vt 0.7238 0.8912
vt 0.7180 0.8912
vt 0.7208 0.8713
vt 0.7284 0.8689
vt 0.7185 0.9057
vt 0.7185 0.9209
vt 0.8262 0.9502
vt 0.8206 0.9502
vt 0.7238 0.9384
vt 0.7180 0.9365
vt 0.7644 0.9365
vt 0.7585 0.9384
vt 0.8372 0.9502
vt 0.8318 0.9502
vt 0.7633 0.9522
vt 0.7551 0.9541
vt 0.8365 0.9218
vt 0.8309 0.9218
vt 0.8309 0.9502
vt 0.8253 0.9502
vt 0.7273 0.9541
vt 0.7191 0.9522
vt 0.7284 0.9649
vt 0.7208 0.9621
vt 0.7616 0.9621
vt 0.7539 0.9649
vt 0.7412 0.9584
vt 0.7412 0.9665
vt 0.8363 0.8699
vt 0.8309 0.8699
vt 0.8263 0.9502
vt 0.8317 0.9502
vt 0.8253 0.9425
vt 0.8248 0.9502
vt 0.8212 0.9502
vt 0.8207 0.9425
vt 0.8205 0.9485
vt 0.8200 0.9584
vt 0.8163 0.9584
vt 0.8159 0.9485
vt 0.8016 0.9074
vt 0.8102 0.9057
vt 0.8102 0.9209
vt 0.8016 0.9235
vt 0.7736 0.9074
vt 0.7876 0.9107
vt 0.7876 0.9209
vt 0.7736 0.9235
vt 0.8015 0.8770
vt 0.8097 0.8784
vt 0.8108 0.8912
vt 0.8050 0.8912
vt 0.8309 0.8676
vt 0.8307 0.8837
vt 0.8256 0.8837
vt 0.8254 0.8676
vt 0.7876 0.8676
vt 0.8003 0.8689
vt 0.8015 0.8770
vt 0.7876 0.8734
vt 0.8080 0.8713
vt 0.7655 0.8784
vt 0.7737 0.8770
vt 0.7702 0.8912
vt 0.7644 0.8912
vt 0.7672 0.8713
vt 0.7748 0.8689
vt 0.7649 0.9057
vt 0.7649 0.9209
vt 0.7702 0.9384
vt 0.7644 0.9365
vt 0.8108 0.9365
vt 0.8050 0.9384
vt 0.8318 0.9783
vt 0.8320 0.9643
vt 0.8370 0.9643
vt 0.8372 0.9783
vt 0.8256 0.9353
vt 0.8255 0.9196
vt 0.8308 0.9196
vt 0.8307 0.9353
vt 0.8097 0.9522
vt 0.8015 0.9541
vt 0.8309 0.9502
vt 0.8312 0.9360
vt 0.8363 0.9360
vt 0.8365 0.9502
vt 0.7737 0.9541
vt 0.7655 0.9522
vt 0.7748 0.9649
vt 0.7672 0.9621
vt 0.8080 0.9621
vt 0.8003 0.9649
vt 0.7876 0.9584
vt 0.7876 0.9665
vt 0.8207 0.9808
vt 0.8209 0.9651
vt 0.8260 0.9651
vt 0.8261 0.9808
vt 0.8309 0.8980
vt 0.8311 0.8839
vt 0.8361 0.8839
vt 0.8363 0.8980
vt 0.8308 0.8980
vt 0.8255 0.8980
vt 0.8153 0.9726
vt 0.8150 0.9584
vt 0.8206 0.9584
vt 0.8204 0.9726
vt 0.8150 0.9868
vt 0.8206 0.9868
vt 0.8253 0.8753
vt 0.8254 0.8882
vt 0.8206 0.8882
vt 0.8207 0.8753
vt 0.8157 0.9020
vt 0.8157 0.9171
vt 0.8108 0.9171
vt 0.8108 0.9020
vt 0.8253 0.9012
vt 0.8248 0.9089
vt 0.8211 0.9089
vt 0.8207 0.9012
vt 0.8157 0.9171
vt 0.8157 0.9020
vt 0.8206 0.9020
vt 0.8206 0.9171
vt 0.8207 0.9166
vt 0.8211 0.9089
vt 0.8248 0.9089
vt 0.8253 0.9166
vt 0.8158 0.9328
vt 0.8206 0.9328
vt 0.8155 0.9485
vt 0.8151 0.9584
vt 0.8114 0.9584
vt 0.8109 0.9485
vt 0.8159 0.8747
vt 0.8163 0.8676
vt 0.8200 0.8676
vt 0.8205 0.8747
vt 0.8156 0.8875
vt 0.8109 0.8875
vt 0.8155 0.8747
vt 0.8109 0.8747
vt 0.8206 0.9296
vt 0.8253 0.9296
vt 0.8156 0.9328
vt 0.8109 0.9328
vt 0.8158 0.8875
vt 0.8205 0.8875
vt 0.8248 0.8676
vt 0.8211 0.8676
vt 0.8151 0.8676
vt 0.8114 0.8676
vt 0.7552 0.9074
vt 0.7638 0.9057
vt 0.7638 0.9209
vt 0.7552 0.9235
vt 0.7272 0.9074
vt 0.7412 0.9107
vt 0.7412 0.9209
vt 0.7272 0.9235
vt 0.7551 0.8770
vt 0.7633 0.8784
vt 0.7644 0.8912
vt 0.7585 0.8912
vt 0.8262 0.9806
vt 0.8265 0.9644
vt 0.8315 0.9644
vt 0.8318 0.9806
vt 0.7412 0.8676
vt 0.7539 0.8689
vt 0.7551 0.8770
vt 0.7412 0.8734
vt 0.7616 0.8713
vt 0.7191 0.8784
vt 0.7273 0.8770
vt 0.7238 0.8912
vt 0.7180 0.8912
vt 0.7208 0.8713
vt 0.7284 0.8689
vt 0.7185 0.9057
vt 0.7185 0.9209
vt 0.8262 0.9502
vt 0.8206 0.9502
vt 0.7238 0.9384
vt 0.7180 0.9365
vt 0.7644 0.9365
vt 0.7585 0.9384
vt 0.8372 0.9502
vt 0.8318 0.9502
vt 0.7633 0.9522
vt 0.7551 0.9541
vt 0.8365 0.9218
vt 0.8309 0.9218
vt 0.8309 0.9502
vt 0.8253 0.9502
vt 0.7273 0.9541
vt 0.7191 0.9522
vt 0.7284 0.9649
vt 0.7208 0.9621
vt 0.7616 0.9621
vt 0.7539 0.9649
vt 0.7412 0.9584
vt 0.7412 0.9665
vt 0.8363 0.8699
vt 0.8309 0.8699
vt 0.8263 0.9502
vt 0.8317 0.9502
vt 0.8253 0.9425
vt 0.8248 0.9502
vt 0.8212 0.9502
vt 0.8207 0.9425
vt 0.8205 0.9485
vt 0.8200 0.9584
vt 0.8163 0.9584
vt 0.8159 0.9485
vt 0.8016 0.9074
vt 0.8102 0.9057
vt 0.8102 0.9209
vt 0.8016 0.9235
vt 0.7736 0.9074
vt 0.7876 0.9107
vt 0.7876 0.9209
vt 0.7736 0.9235
vt 0.8015 0.8770
vt 0.8097 0.8784
vt 0.8108 0.8912
vt 0.8050 0.8912
vt 0.8309 0.8676
vt 0.8307 0.8837
vt 0.8256 0.8837
vt 0.8254 0.8676
vt 0.7876 0.8676
vt 0.8003 0.8689
vt 0.8015 0.8770
vt 0.7876 0.8734
vt 0.8080 0.8713
vt 0.7655 0.8784
vt 0.7737 0.8770
vt 0.7702 0.8912
vt 0.7644 0.8912
vt 0.7672 0.8713
vt 0.7748 0.8689
vt 0.7649 0.9057
vt 0.7649 0.9209
vt 0.7702 0.9384
vt 0.7644 0.9365
vt 0.8108 0.9365
vt 0.8050 0.9384
vt 0.8318 0.9783
vt 0.8320 0.9643
vt 0.8370 0.9643
vt 0.8372 0.9783
vt 0.8256 0.9353
vt 0.8255 0.9196
vt 0.8308 0.9196
vt 0.8307 0.9353
vt 0.8097 0.9522
vt 0.8015 0.9541
vt 0.8309 0.9502
vt 0.8312 0.9360
vt 0.8363 0.9360
vt 0.8365 0.9502
vt 0.7737 0.9541
vt 0.7655 0.9522
vt 0.7748 0.9649
vt 0.7672 0.9621
vt 0.8080 0.9621
vt 0.8003 0.9649
vt 0.7876 0.9584
vt 0.7876 0.9665
vt 0.8207 0.9808
vt 0.8209 0.9651
vt 0.8260 0.9651
vt 0.8261 0.9808
vt 0.8309 0.8980
vt 0.8311 0.8839
vt 0.8361 0.8839
vt 0.8363 0.8980
vt 0.8308 0.8980
vt 0.8255 0.8980
vt 0.8153 0.9726
vt 0.8150 0.9584
vt 0.8206 0.9584
vt 0.8204 0.9726
vt 0.8150 0.9868
vt 0.8206 0.9868
vt 0.8253 0.8753
vt 0.8254 0.8882
vt 0.8206 0.8882
vt 0.8207 0.8753
vt 0.8157 0.9020
vt 0.8157 0.9171
vt 0.8108 0.9171
vt 0.8108 0.9020
vt 0.8253 0.9012
vt 0.8248 0.9089
vt 0.8211 0.9089
vt 0.8207 0.9012
vt 0.8157 0.9171
vt 0.8157 0.9020
vt 0.8206 0.9020
vt 0.8206 0.9171
vt 0.8207 0.9166
vt 0.8211 0.9089
vt 0.8248 0.9089
vt 0.8253 0.9166
vt 0.8158 0.9328
vt 0.8206 0.9328
vt 0.8155 0.9485
vt 0.8151 0.9584
vt 0.8114 0.9584
vt 0.8109 0.9485
vt 0.8159 0.8747
vt 0.8163 0.8676
vt 0.8200 0.8676
vt 0.8205 0.8747
vt 0.8156 0.8875
vt 0.8109 0.8875
vt 0.8155 0.8747
vt 0.8109 0.8747
vt 0.8206 0.9296
vt 0.8253 0.9296
vt 0.8156 0.9328
vt 0.8109 0.9328
vt 0.8158 0.8875
vt 0.8205 0.8875
vt 0.8248 0.8676
vt 0.8211 0.8676
vt 0.8151 0.8676
vt 0.8114 0.8676
vt 0.7552 0.9074
vt 0.7638 0.9057
vt 0.7638 0.9209
vt 0.7552 0.9235
vt 0.7272 0.9074
vt 0.7412 0.9107
vt 0.7412 0.9209
vt 0.7272 0.9235
vt 0.7551 0.8770
vt 0.7633 0.8784
vt 0.7644 0.8912
vt 0.7585 0.8912
vt 0.8262 0.9806
vt 0.8265 0.9644
vt 0.8315 0.9644
vt 0.8318 0.9806
vt 0.7412 0.8676
vt 0.7539 0.8689
vt 0.7551 0.8770
vt 0.7412 0.8734
vt 0.7616 0.8713
vt 0.7191 0.8784
vt 0.7273 0.8770
vt 0.7238 0.8912
vt 0.7180 0.8912
vt 0.7208 0.8713
vt 0.7284 0.8689
vt 0.7185 0.9057
vt 0.7185 0.9209
vt 0.8262 0.9502
vt 0.8206 0.9502
vt 0.7238 0.9384
vt 0.7180 0.9365
vt 0.7644 0.9365
vt 0.7585 0.9384
vt 0.8372 0.9502
vt 0.8318 0.9502
vt 0.7633 0.9522
vt 0.7551 0.9541
vt 0.8365 0.9218
vt 0.8309 0.9218
vt 0.8309 0.9502
vt 0.8253 0.9502
vt 0.7273 0.9541
vt 0.7191 0.9522
vt 0.7284 0.9649
vt 0.7208 0.9621
vt 0.7616 0.9621
vt 0.7539 0.9649
vt 0.7412 0.9584
vt 0.7412 0.9665
vt 0.8363 0.8699
vt 0.8309 0.8699
vt 0.8263 0.9502
vt 0.8317 0.9502
vt 0.8253 0.9425
vt 0.8248 0.9502
vt 0.8212 0.9502
vt 0.8207 0.9425
vt 0.8205 0.9485
vt 0.8200 0.9584
vt 0.8163 0.9584
vt 0.8159 0.9485
vt 0.8016 0.9074
vt 0.8102 0.9057
vt 0.8102 0.9209
vt 0.8016 0.9235
vt 0.7736 0.9074
vt 0.7876 0.9107
vt 0.7876 0.9209
vt 0.7736 0.9235
vt 0.8015 0.8770
vt 0.8097 0.8784
vt 0.8108 0.8912
vt 0.8050 0.8912
vt 0.8309 0.8676
vt 0.8307 0.8837
vt 0.8256 0.8837
vt 0.8254 0.8676
vt 0.7876 0.8676
vt 0.8003 0.8689
vt 0.8015 0.8770
vt 0.7876 0.8734
vt 0.8080 0.8713
vt 0.7655 0.8784
vt 0.7737 0.8770
vt 0.7702 0.8912
vt 0.7644 0.8912
vt 0.7672 0.8713
vt 0.7748 0.8689
vt 0.7649 0.9057
vt 0.7649 0.9209
vt 0.7702 0.9384
vt 0.7644 0.9365
vt 0.8108 0.9365
vt 0.8050 0.9384
vt 0.8318 0.9783
vt 0.8320 0.9643
vt 0.8370 0.9643
vt 0.8372 0.9783
vt 0.8256 0.9353
vt 0.8255 0.9196
vt 0.8308 0.9196
vt 0.8307 0.9353
vt 0.8097 0.9522
vt 0.8015 0.9541
vt 0.8309 0.9502
vt 0.8312 0.9360
vt 0.8363 0.9360
vt 0.8365 0.9502
vt 0.7737 0.9541
vt 0.7655 0.9522
vt 0.7748 0.9649
vt 0.7672 0.9621
vt 0.8080 0.9621
vt 0.8003 0.9649
vt 0.7876 0.9584
vt 0.7876 0.9665
vt 0.8207 0.9808
vt 0.8209 0.9651
vt 0.8260 0.9651
vt 0.8261 0.9808
vt 0.8309 0.8980
vt 0.8311 0.8839
vt 0.8361 0.8839
vt 0.8363 0.8980
vt 0.8308 0.8980
vt 0.8255 0.8980
vt 0.8153 0.9726
vt 0.8150 0.9584
vt 0.8206 0.9584
vt 0.8204 0.9726
vt 0.8150 0.9868
vt 0.8206 0.9868
vt 0.8253 0.8753
vt 0.8254 0.8882
vt 0.8206 0.8882
vt 0.8207 0.8753
vt 0.8157 0.9020
vt 0.8157 0.9171
vt 0.8108 0.9171
vt 0.8108 0.9020
vt 0.8253 0.9012
vt 0.8248 0.9089
vt 0.8211 0.9089
vt 0.8207 0.9012
vt 0.8157 0.9171
vt 0.8157 0.9020
vt 0.8206 0.9020
vt 0.8206 0.9171
vt 0.8207 0.9166
vt 0.8211 0.9089
vt 0.8248 0.9089
vt 0.8253 0.9166
vt 0.8158 0.9328
vt 0.8206 0.9328
vt 0.8155 0.9485
vt 0.8151 0.9584
vt 0.8114 0.9584
vt 0.8109 0.9485
vt 0.8159 0.8747
vt 0.8163 0.8676
vt 0.8200 0.8676
vt 0.8205 0.8747
vt 0.8156 0.8875
vt 0.8109 0.8875
vt 0.8155 0.8747
vt 0.8109 0.8747
vt 0.8206 0.9296
vt 0.8253 0.9296
vt 0.8156 0.9328
vt 0.8109 0.9328
vt 0.8158 0.8875
vt 0.8205 0.8875
vt 0.8248 0.8676
vt 0.8211 0.8676
vt 0.8151 0.8676
vt 0.8114 0.8676
vt 0.7552 0.9074
vt 0.7638 0.9057
vt 0.7638 0.9209
vt 0.7552 0.9235
vt 0.7272 0.9074
vt 0.7412 0.9107
vt 0.7412 0.9209
vt 0.7272 0.9235
vt 0.7551 0.8770
vt 0.7633 0.8784
vt 0.7644 0.8912
vt 0.7585 0.8912
vt 0.8262 0.9806
vt 0.8265 0.9644
vt 0.8315 0.9644
vt 0.8318 0.9806
vt 0.7412 0.8676
vt 0.7539 0.8689
vt 0.7551 0.8770
vt 0.7412 0.8734
vt 0.7616 0.8713
vt 0.7191 0.8784
vt 0.7273 0.8770
vt 0.7238 0.8912
vt 0.7180 0.8912
vt 0.7208 0.8713
vt 0.7284 0.8689
vt 0.7185 0.9057
vt 0.7185 0.9209
vt 0.8262 0.9502
vt 0.8206 0.9502
vt 0.7238 0.9384
vt 0.7180 0.9365
vt 0.7644 0.9365
vt 0.7585 0.9384
vt 0.8372 0.9502
vt 0.8318 0.9502
vt 0.7633 0.9522
vt 0.7551 0.9541
vt 0.8365 0.9218
vt 0.8309 0.9218
vt 0.8309 0.9502
vt 0.8253 0.9502
vt 0.7273 0.9541
vt 0.7191 0.9522
vt 0.7284 0.9649
vt 0.7208 0.9621
vt 0.7616 0.9621
vt 0.7539 0.9649
vt 0.7412 0.9584
vt 0.7412 0.9665
vt 0.8363 0.8699
vt 0.8309 0.8699
vt 0.8263 0.9502
vt 0.8317 0.9502
vt 0.8253 0.9425
vt 0.8248 0.9502
vt 0.8212 0.9502
vt 0.8207 0.9425
vt 0.8205 0.9485
vt 0.8200 0.9584
vt 0.8163 0.9584
vt 0.8159 0.9485
vt 0.8016 0.9074
vt 0.8102 0.9057
vt 0.8102 0.9209
vt 0.8016 0.9235
vt 0.7736 0.9074
vt 0.7876 0.9107
vt 0.7876 0.9209
vt 0.7736 0.9235
vt 0.8015 0.8770
vt 0.8097 0.8784
vt 0.8108 0.8912
vt 0.8050 0.8912
vt 0.8309 0.8676
vt 0.8307 0.8837
vt 0.8256 0.8837
vt 0.8254 0.8676
vt 0.7876 0.8676
vt 0.8003 0.8689
vt 0.8015 0.8770
vt 0.7876 0.8734
vt 0.8080 0.8713
vt 0.7655 0.8784
vt 0.7737 0.8770
vt 0.7702 0.8912
vt 0.7644 0.8912
vt 0.7672 0.8713
vt 0.7748 0.8689
vt 0.7649 0.9057
vt 0.7649 0.9209
vt 0.7702 0.9384
vt 0.7644 0.9365
vt 0.8108 0.9365
vt 0.8050 0.9384
vt 0.8318 0.9783
vt 0.8320 0.9643
vt 0.8370 0.9643
vt 0.8372 0.9783
vt 0.8256 0.9353
vt 0.8255 0.9196
vt 0.8308 0.9196
vt 0.8307 0.9353
vt 0.8097 0.9522
vt 0.8015 0.9541
vt 0.8309 0.9502
vt 0.8312 0.9360
vt 0.8363 0.9360
vt 0.8365 0.9502
vt 0.7737 0.9541
vt 0.7655 0.9522
vt 0.7748 0.9649
vt 0.7672 0.9621
vt 0.8080 0.9621
vt 0.8003 0.9649
vt 0.7876 0.9584
vt 0.7876 0.9665
vt 0.8207 0.9808
vt 0.8209 0.9651
vt 0.8260 0.9651
vt 0.8261 0.9808
vt 0.8309 0.8980
vt 0.8311 0.8839
vt 0.8361 0.8839
vt 0.8363 0.8980
vt 0.8308 0.8980
vt 0.8255 0.8980
vt 0.8153 0.9726
vt 0.8150 0.9584
vt 0.8206 0.9584
vt 0.8204 0.9726
vt 0.8150 0.9868
vt 0.8206 0.9868
vt 0.8253 0.8753
vt 0.8254 0.8882
vt 0.8206 0.8882
vt 0.8207 0.8753
vt 0.8157 0.9020
vt 0.8157 0.9171
vt 0.8108 0.9171
vt 0.8108 0.9020
vt 0.8253 0.9012
vt 0.8248 0.9089
vt 0.8211 0.9089
vt 0.8207 0.9012
vt 0.8157 0.9171
vt 0.8157 0.9020
vt 0.8206 0.9020
vt 0.8206 0.9171
vt 0.8207 0.9166
vt 0.8211 0.9089
vt 0.8248 0.9089
vt 0.8253 0.9166
vt 0.8158 0.9328
vt 0.8206 0.9328
vt 0.8155 0.9485
vt 0.8151 0.9584
vt 0.8114 0.9584
vt 0.8109 0.9485
vt 0.8159 0.8747
vt 0.8163 0.8676
vt 0.8200 0.8676
vt 0.8205 0.8747
vt 0.8156 0.8875
vt 0.8109 0.8875
vt 0.8155 0.8747
vt 0.8109 0.8747
vt 0.8206 0.9296
vt 0.8253 0.9296
vt 0.8156 0.9328
vt 0.8109 0.9328
vt 0.8158 0.8875
vt 0.8205 0.8875
vt 0.8248 0.8676
vt 0.8211 0.8676
vt 0.8151 0.8676
vt 0.8114 0.8676
vt 0.7552 0.9074
vt 0.7638 0.9057
vt 0.7638 0.9209
vt 0.7552 0.9235
vt 0.7272 0.9074
vt 0.7412 0.9107
vt 0.7412 0.9209
vt 0.7272 0.9235
vt 0.7551 0.8770
vt 0.7633 0.8784
vt 0.7644 0.8912
vt 0.7585 0.8912
vt 0.8262 0.9806
vt 0.8265 0.9644
vt 0.8315 0.9644
vt 0.8318 0.9806
vt 0.7412 0.8676
vt 0.7539 0.8689
vt 0.7551 0.8770
vt 0.7412 0.8734
vt 0.7616 0.8713
vt 0.7191 0.8784
vt 0.7273 0.8770
vt 0.7238 0.8912
vt 0.7180 0.8912
vt 0.7208 0.8713
vt 0.7284 0.8689
vt 0.7185 0.9057
vt 0.7185 0.9209
vt 0.8262 0.9502
vt 0.8206 0.9502
vt 0.7238 0.9384
vt 0.7180 0.9365
vt 0.7644 0.9365
vt 0.7585 0.9384
vt 0.8372 0.9502
vt 0.8318 0.9502
vt 0.7633 0.9522
vt 0.7551 0.9541
vt 0.8365 0.9218
vt 0.8309 0.9218
vt 0.8309 0.9502
vt 0.8253 0.9502
vt 0.7273 0.9541
vt 0.7191 0.9522
vt 0.7284 0.9649
vt 0.7208 0.9621
vt 0.7616 0.9621
vt 0.7539 0.9649
vt 0.7412 0.9584
vt 0.7412 0.9665
vt 0.8363 0.8699
vt 0.8309 0.8699
vt 0.8263 0.9502
vt 0.8317 0.9502
vt 0.8253 0.9425
vt 0.8248 0.9502
vt 0.8212 0.9502
vt 0.8207 0.9425
vt 0.8205 0.9485
vt 0.8200 0.9584
vt 0.8163 0.9584
vt 0.8159 0.9485
vt 0.8016 0.9074
vt 0.8102 0.9057
vt 0.8102 0.9209
vt 0.8016 0.9235
vt 0.7736 0.9074
vt 0.7876 0.9107
vt 0.7876 0.9209
vt 0.7736 0.9235
vt 0.8015 0.8770
vt 0.8097 0.8784
vt 0.8108 0.8912
vt 0.8050 0.8912
vt 0.8309 0.8676
vt 0.8307 0.8837
vt 0.8256 0.8837
vt 0.8254 0.8676
vt 0.7876 0.8676
vt 0.8003 0.8689
vt 0.8015 0.8770
vt 0.7876 0.8734
vt 0.8080 0.8713
vt 0.7655 0.8784
vt 0.7737 0.8770
vt 0.7702 0.8912
vt 0.7644 0.8912
vt 0.7672 0.8713
vt 0.7748 0.8689
vt 0.7649 0.9057
vt 0.7649 0.9209
vt 0.7702 0.9384
vt 0.7644 0.9365
vt 0.8108 0.9365
vt 0.8050 0.9384
vt 0.8318 0.9783
vt 0.8320 0.9643
vt 0.8370 0.9643
vt 0.8372 0.9783
vt 0.8256 0.9353
vt 0.8255 0.9196
vt 0.8308 0.9196
vt 0.8307 0.9353
vt 0.8097 0.9522
vt 0.8015 0.9541
vt 0.8309 0.9502
vt 0.8312 0.9360
vt 0.8363 0.9360
vt 0.8365 0.9502
vt 0.7737 0.9541
vt 0.7655 0.9522
vt 0.7748 0.9649
vt 0.7672 0.9621
vt 0.8080 0.9621
vt 0.8003 0.9649
vt 0.7876 0.9584
vt 0.7876 0.9665
vt 0.8207 0.9808
vt 0.8209 0.9651
vt 0.8260 0.9651
vt 0.8261 0.9808
vt 0.8309 0.8980
vt 0.8311 0.8839
vt 0.8361 0.8839
vt 0.8363 0.8980
vt 0.8308 0.8980
vt 0.8255 0.8980
vt 0.8153 0.9726
vt 0.8150 0.9584
vt 0.8206 0.9584
vt 0.8204 0.9726
vt 0.8150 0.9868
vt 0.8206 0.9868
vt 0.8253 0.8753
vt 0.8254 0.8882
vt 0.8206 0.8882
vt 0.8207 0.8753
vt 0.8157 0.9020
vt 0.8157 0.9171
vt 0.8108 0.9171
vt 0.8108 0.9020
vt 0.8253 0.9012
vt 0.8248 0.9089
vt 0.8211 0.9089
vt 0.8207 0.9012
vt 0.8157 0.9171
vt 0.8157 0.9020
vt 0.8206 0.9020
vt 0.8206 0.9171
vt 0.8207 0.9166
vt 0.8211 0.9089
vt 0.8248 0.9089
vt 0.8253 0.9166
vt 0.8158 0.9328
vt 0.8206 0.9328
vt 0.8155 0.9485
vt 0.8151 0.9584
vt 0.8114 0.9584
vt 0.8109 0.9485
vt 0.8159 0.8747
vt 0.8163 0.8676
vt 0.8200 0.8676
vt 0.8205 0.8747
vt 0.8156 0.8875
vt 0.8109 0.8875
vt 0.8155 0.8747
vt 0.8109 0.8747
vt 0.8206 0.9296
vt 0.8253 0.9296
vt 0.8156 0.9328
vt 0.8109 0.9328
vt 0.8158 0.8875
vt 0.8205 0.8875
vt 0.8248 0.8676
vt 0.8211 0.8676
vt 0.8151 0.8676
vt 0.8114 0.8676
vt 0.7552 0.9074
vt 0.7638 0.9057
vt 0.7638 0.9209
vt 0.7552 0.9235
vt 0.7272 0.9074
vt 0.7412 0.9107
vt 0.7412 0.9209
vt 0.7272 0.9235
vt 0.7551 0.8770
vt 0.7633 0.8784
vt 0.7644 0.8912
vt 0.7585 0.8912
vt 0.8262 0.9806
vt 0.8265 0.9644
vt 0.8315 0.9644
vt 0.8318 0.9806
vt 0.7412 0.8676
vt 0.7539 0.8689
vt 0.7551 0.8770
vt 0.7412 0.8734
vt 0.7616 0.8713
vt 0.7191 0.8784
vt 0.7273 0.8770
vt 0.7238 0.8912
vt 0.7180 0.8912
vt 0.7208 0.8713
vt 0.7284 0.8689
vt 0.7185 0.9057
vt 0.7185 0.9209
vt 0.8262 0.9502
vt 0.8206 0.9502
vt 0.7238 0.9384
vt 0.7180 0.9365
vt 0.7644 0.9365
vt 0.7585 0.9384
vt 0.8372 0.9502
vt 0.8318 0.9502
vt 0.7633 0.9522
vt 0.7551 0.9541
vt 0.8365 0.9218
vt 0.8309 0.9218
vt 0.8309 0.9502
vt 0.8253 0.9502
vt 0.7273 0.9541
vt 0.7191 0.9522
vt 0.7284 0.9649
vt 0.7208 0.9621
vt 0.7616 0.9621
vt 0.7539 0.9649
vt 0.7412 0.9584
vt 0.7412 0.9665
vt 0.8363 0.8699
vt 0.8309 0.8699
vt 0.8263 0.9502
vt 0.8317 0.9502
vt 0.8253 0.9425
vt 0.8248 0.9502
vt 0.8212 0.9502
vt 0.8207 0.9425
vt 0.8205 0.9485
vt 0.8200 0.9584
vt 0.8163 0.9584
vt 0.8159 0.9485
vt 0.8016 0.9074
vt 0.8102 0.9057
vt 0.8102 0.9209
vt 0.8016 0.9235
vt 0.7736 0.9074
vt 0.7876 0.9107
vt 0.7876 0.9209
vt 0.7736 0.9235
vt 0.8015 0.8770
vt 0.8097 0.8784
vt 0.8108 0.8912
vt 0.8050 0.8912
vt 0.8309 0.8676
vt 0.8307 0.8837
vt 0.8256 0.8837
vt 0.8254 0.8676
vt 0.7876 0.8676
vt 0.8003 0.8689
vt 0.8015 0.8770
vt 0.7876 0.8734
vt 0.8080 0.8713
vt 0.7655 0.8784
vt 0.7737 0.8770
vt 0.7702 0.8912
vt 0.7644 0.8912
vt 0.7672 0.8713
vt 0.7748 0.8689
vt 0.7649 0.9057
vt 0.7649 0.9209
vt 0.7702 0.9384
vt 0.7644 0.9365
vt 0.8108 0.9365
vt 0.8050 0.9384
vt 0.8318 0.9783
vt 0.8320 0.9643
vt 0.8370 0.9643
vt 0.8372 0.9783
vt 0.8256 0.9353
vt 0.8255 0.9196
vt 0.8308 0.9196
vt 0.8307 0.9353
vt 0.8097 0.9522
vt 0.8015 0.9541
vt 0.8309 0.9502
vt 0.8312 0.9360
vt 0.8363 0.9360
vt 0.8365 0.9502
vt 0.7737 0.9541
vt 0.7655 0.9522
vt 0.7748 0.9649
vt 0.7672 0.9621
vt 0.8080 0.9621
vt 0.8003 0.9649
vt 0.7876 0.9584
vt 0.7876 0.9665
vt 0.8207 0.9808
vt 0.8209 0.9651
vt 0.8260 0.9651
vt 0.8261 0.9808
vt 0.8309 0.8980
vt 0.8311 0.8839
vt 0.8361 0.8839
vt 0.8363 0.8980
vt 0.8308 0.8980
vt 0.8255 0.8980
vt 0.8153 0.9726
vt 0.8150 0.9584
vt 0.8206 0.9584
vt 0.8204 0.9726
vt 0.8150 0.9868
vt 0.8206 0.9868
vt 0.8253 0.8753
vt 0.8254 0.8882
vt 0.8206 0.8882
vt 0.8207 0.8753
vt 0.8157 0.9020
vt 0.8157 0.9171
vt 0.8108 0.9171
vt 0.8108 0.9020
vt 0.8253 0.9012
vt 0.8248 0.9089
vt 0.8211 0.9089
vt 0.8207 0.9012
vt 0.8157 0.9171
vt 0.8157 0.9020
vt 0.8206 0.9020
vt 0.8206 0.9171
vt 0.8207 0.9166
vt 0.8211 0.9089
vt 0.8248 0.9089
vt 0.8253 0.9166
vt 0.8158 0.9328
vt 0.8206 0.9328
vt 0.8155 0.9485
vt 0.8151 0.9584
vt 0.8114 0.9584
vt 0.8109 0.9485
vt 0.8159 0.8747
vt 0.8163 0.8676
vt 0.8200 0.8676
vt 0.8205 0.8747
vt 0.8156 0.8875
vt 0.8109 0.8875
vt 0.8155 0.8747
vt 0.8109 0.8747
vt 0.8206 0.9296
vt 0.8253 0.9296
vt 0.8156 0.9328
vt 0.8109 0.9328
vt 0.8158 0.8875
vt 0.8205 0.8875
vt 0.8248 0.8676
vt 0.8211 0.8676
vt 0.8151 0.8676
vt 0.8114 0.8676
vt 0.7552 0.9074
vt 0.7638 0.9057
vt 0.7638 0.9209
vt 0.7552 0.9235
vt 0.7272 0.9074
vt 0.7412 0.9107
vt 0.7412 0.9209
vt 0.7272 0.9235
vt 0.7551 0.8770
vt 0.7633 0.8784
vt 0.7644 0.8912
vt 0.7585 0.8912
vt 0.8262 0.9806
vt 0.8265 0.9644
vt 0.8315 0.9644
vt 0.8318 0.9806
vt 0.7412 0.8676
vt 0.7539 0.8689
vt 0.7551 0.8770
vt 0.7412 0.8734
vt 0.7616 0.8713
vt 0.7191 0.8784
vt 0.7273 0.8770
vt 0.7238 0.8912
vt 0.7180 0.8912
vt 0.7208 0.8713
vt 0.7284 0.8689
vt 0.7185 0.9057
vt 0.7185 0.9209
vt 0.8262 0.9502
vt 0.8206 0.9502
vt 0.7238 0.9384
vt 0.7180 0.9365
vt 0.7644 0.9365
vt 0.7585 0.9384
vt 0.8372 0.9502
vt 0.8318 0.9502
vt 0.7633 0.9522
vt 0.7551 0.9541
vt 0.8365 0.9218
vt 0.8309 0.9218
vt 0.8309 0.9502
vt 0.8253 0.9502
vt 0.7273 0.9541
vt 0.7191 0.9522
vt 0.7284 0.9649
vt 0.7208 0.9621
vt 0.7616 0.9621
vt 0.7539 0.9649
vt 0.7412 0.9584
vt 0.7412 0.9665
vt 0.8363 0.8699
vt 0.8309 0.8699
vt 0.8263 0.9502
vt 0.8317 0.9502
vt 0.8253 0.9425
vt 0.8248 0.9502
vt 0.8212 0.9502
vt 0.8207 0.9425
vt 0.8205 0.9485
vt 0.8200 0.9584
vt 0.8163 0.9584
vt 0.8159 0.9485
vt 0.8016 0.9074
vt 0.8102 0.9057
vt 0.8102 0.9209
vt 0.8016 0.9235
vt 0.7736 0.9074
vt 0.7876 0.9107
vt 0.7876 0.9209
vt 0.7736 0.9235
vt 0.8015 0.8770
vt 0.8097 0.8784
vt 0.8108 0.8912
vt 0.8050 0.8912
vt 0.8309 0.8676
vt 0.8307 0.8837
vt 0.8256 0.8837
vt 0.8254 0.8676
vt 0.7876 0.8676
vt 0.8003 0.8689
vt 0.8015 0.8770
vt 0.7876 0.8734
vt 0.8080 0.8713
vt 0.7655 0.8784
vt 0.7737 0.8770
vt 0.7702 0.8912
vt 0.7644 0.8912
vt 0.7672 0.8713
vt 0.7748 0.8689
vt 0.7649 0.9057
vt 0.7649 0.9209
vt 0.7702 0.9384
vt 0.7644 0.9365
vt 0.8108 0.9365
vt 0.8050 0.9384
vt 0.8318 0.9783
vt 0.8320 0.9643
vt 0.8370 0.9643
vt 0.8372 0.9783
vt 0.8256 0.9353
vt 0.8255 0.9196
vt 0.8308 0.9196
vt 0.8307 0.9353
vt 0.8097 0.9522
vt 0.8015 0.9541
vt 0.8309 0.9502
vt 0.8312 0.9360
vt 0.8363 0.9360
vt 0.8365 0.9502
vt 0.7737 0.9541
vt 0.7655 0.9522
vt 0.7748 0.9649
vt 0.7672 0.9621
vt 0.8080 0.9621
vt 0.8003 0.9649
vt 0.7876 0.9584
vt 0.7876 0.9665
vt 0.8207 0.9808
vt 0.8209 0.9651
vt 0.8260 0.9651
vt 0.8261 0.9808
vt 0.8309 0.8980
vt 0.8311 0.8839
vt 0.8361 0.8839
vt 0.8363 0.8980
vt 0.8308 0.8980
vt 0.8255 0.8980
vt 0.8153 0.9726
vt 0.8150 0.9584
vt 0.8206 0.9584
vt 0.8204 0.9726
vt 0.8150 0.9868
vt 0.8206 0.9868
vt 0.8253 0.8753
vt 0.8254 0.8882
vt 0.8206 0.8882
vt 0.8207 0.8753
vt 0.8157 0.9020
vt 0.8157 0.9171
vt 0.8108 0.9171
vt 0.8108 0.9020
vt 0.8253 0.9012
vt 0.8248 0.9089
vt 0.8211 0.9089
vt 0.8207 0.9012
vt 0.8157 0.9171
vt 0.8157 0.9020
vt 0.8206 0.9020
vt 0.8206 0.9171
vt 0.8207 0.9166
vt 0.8211 0.9089
vt 0.8248 0.9089
vt 0.8253 0.9166
vt 0.8158 0.9328
vt 0.8206 0.9328
vt 0.8155 0.9485
vt 0.8151 0.9584
vt 0.8114 0.9584
vt 0.8109 0.9485
vt 0.8159 0.8747
vt 0.8163 0.8676
vt 0.8200 0.8676
vt 0.8205 0.8747
vt 0.8156 0.8875
vt 0.8109 0.8875
vt 0.8155 0.8747
vt 0.8109 0.8747
vt 0.8206 0.9296
vt 0.8253 0.9296
vt 0.8156 0.9328
vt 0.8109 0.9328
vt 0.8158 0.8875
vt 0.8205 0.8875
vt 0.8248 0.8676
vt 0.8211 0.8676
vt 0.8151 0.8676
vt 0.8114 0.8676
vt 0.7552 0.9074
vt 0.7638 0.9057
vt 0.7638 0.9209
vt 0.7552 0.9235
vt 0.7272 0.9074
vt 0.7412 0.9107
vt 0.7412 0.9209
vt 0.7272 0.9235
vt 0.7551 0.8770
vt 0.7633 0.8784
vt 0.7644 0.8912
vt 0.7585 0.8912
vt 0.8262 0.9806
vt 0.8265 0.9644
vt 0.8315 0.9644
vt 0.8318 0.9806
vt 0.7412 0.8676
vt 0.7539 0.8689
vt 0.7551 0.8770
vt 0.7412 0.8734
vt 0.7616 0.8713
vt 0.7191 0.8784
vt 0.7273 0.8770
vt 0.7238 0.8912
vt 0.7180 0.8912
vt 0.7208 0.8713
vt 0.7284 0.8689
vt 0.7185 0.9057
vt 0.7185 0.9209
vt 0.8262 0.9502
vt 0.8206 0.9502
vt 0.7238 0.9384
vt 0.7180 0.9365
vt 0.7644 0.9365
vt 0.7585 0.9384
vt 0.8372 0.9502
vt 0.8318 0.9502
vt 0.7633 0.9522
vt 0.7551 0.9541
vt 0.8365 0.9218
vt 0.8309 0.9218
vt 0.8309 0.9502
vt 0.8253 0.9502
vt 0.7273 0.9541
vt 0.7191 0.9522
vt 0.7284 0.9649
vt 0.7208 0.9621
vt 0.7616 0.9621
vt 0.7539 0.9649
vt 0.7412 0.9584
vt 0.7412 0.9665
vt 0.8363 0.8699
vt 0.8309 0.8699
vt 0.8263 0.9502
vt 0.8317 0.9502
vt 0.8253 0.9425
vt 0.8248 0.9502
vt 0.8212 0.9502
vt 0.8207 0.9425
vt 0.8205 0.9485
vt 0.8200 0.9584
vt 0.8163 0.9584
vt 0.8159 0.9485
vt 0.8016 0.9074
vt 0.8102 0.9057
vt 0.8102 0.9209
vt 0.8016 0.9235
vt 0.7736 0.9074
vt 0.7876 0.9107
vt 0.7876 0.9209
vt 0.7736 0.9235
vt 0.8015 0.8770
vt 0.8097 0.8784
vt 0.8108 0.8912
vt 0.8050 0.8912
vt 0.8309 0.8676
vt 0.8307 0.8837
vt 0.8256 0.8837
vt 0.8254 0.8676
vt 0.7876 0.8676
vt 0.8003 0.8689
vt 0.8015 0.8770
vt 0.7876 0.8734
vt 0.8080 0.8713
vt 0.7655 0.8784
vt 0.7737 0.8770
vt 0.7702 0.8912
vt 0.7644 0.8912
vt 0.7672 0.8713
vt 0.7748 0.8689
vt 0.7649 0.9057
vt 0.7649 0.9209
vt 0.7702 0.9384
vt 0.7644 0.9365
vt 0.8108 0.9365
vt 0.8050 0.9384
vt 0.8318 0.9783
vt 0.8320 0.9643
vt 0.8370 0.9643
vt 0.8372 0.9783
vt 0.8256 0.9353
vt 0.8255 0.9196
vt 0.8308 0.9196
vt 0.8307 0.9353
vt 0.8097 0.9522
vt 0.8015 0.9541
vt 0.8309 0.9502
vt 0.8312 0.9360
vt 0.8363 0.9360
vt 0.8365 0.9502
vt 0.7737 0.9541
vt 0.7655 0.9522
vt 0.7748 0.9649
vt 0.7672 0.9621
vt 0.8080 0.9621
vt 0.8003 0.9649
vt 0.7876 0.9584
vt 0.7876 0.9665
vt 0.8207 0.9808
vt 0.8209 0.9651
vt 0.8260 0.9651
vt 0.8261 0.9808
vt 0.8309 0.8980
vt 0.8311 0.8839
vt 0.8361 0.8839
vt 0.8363 0.8980
vt 0.8308 0.8980
vt 0.8255 0.8980
vt 0.8153 0.9726
vt 0.8150 0.9584
vt 0.8206 0.9584
vt 0.8204 0.9726
vt 0.8150 0.9868
vt 0.8206 0.9868
vt 0.8253 0.8753
vt 0.8254 0.8882
vt 0.8206 0.8882
vt 0.8207 0.8753
vt 0.8157 0.9020
vt 0.8157 0.9171
vt 0.8108 0.9171
vt 0.8108 0.9020
vt 0.8253 0.9012
vt 0.8248 0.9089
vt 0.8211 0.9089
vt 0.8207 0.9012
vt 0.8157 0.9171
vt 0.8157 0.9020
vt 0.8206 0.9020
vt 0.8206 0.9171
vt 0.8207 0.9166
vt 0.8211 0.9089
vt 0.8248 0.9089
vt 0.8253 0.9166
vt 0.8158 0.9328
vt 0.8206 0.9328
vt 0.8155 0.9485
vt 0.8151 0.9584
vt 0.8114 0.9584
vt 0.8109 0.9485
vt 0.8159 0.8747
vt 0.8163 0.8676
vt 0.8200 0.8676
vt 0.8205 0.8747
vt 0.8156 0.8875
vt 0.8109 0.8875
vt 0.8155 0.8747
vt 0.8109 0.8747
vt 0.8206 0.9296
vt 0.8253 0.9296
vt 0.8156 0.9328
vt 0.8109 0.9328
vt 0.8158 0.8875
vt 0.8205 0.8875
vt 0.8248 0.8676
vt 0.8211 0.8676
vt 0.8151 0.8676
vt 0.8114 0.8676
vt 0.7552 0.9074
vt 0.7638 0.9057
vt 0.7638 0.9209
vt 0.7552 0.9235
vt 0.7272 0.9074
vt 0.7412 0.9107
vt 0.7412 0.9209
vt 0.7272 0.9235
vt 0.7551 0.8770
vt 0.7633 0.8784
vt 0.7644 0.8912
vt 0.7585 0.8912
vt 0.8262 0.9806
vt 0.8265 0.9644
vt 0.8315 0.9644
vt 0.8318 0.9806
vt 0.7412 0.8676
vt 0.7539 0.8689
vt 0.7551 0.8770
vt 0.7412 0.8734
vt 0.7616 0.8713
vt 0.7191 0.8784
vt 0.7273 0.8770
vt 0.7238 0.8912
vt 0.7180 0.8912
vt 0.7208 0.8713
vt 0.7284 0.8689
vt 0.7185 0.9057
vt 0.7185 0.9209
vt 0.8262 0.9502
vt 0.8206 0.9502
vt 0.7238 0.9384
vt 0.7180 0.9365
vt 0.7644 0.9365
vt 0.7585 0.9384
vt 0.8372 0.9502
vt 0.8318 0.9502
vt 0.7633 0.9522
vt 0.7551 0.9541
vt 0.8365 0.9218
vt 0.8309 0.9218
vt 0.8309 0.9502
vt 0.8253 0.9502
vt 0.7273 0.9541
vt 0.7191 0.9522
vt 0.7284 0.9649
vt 0.7208 0.9621
vt 0.7616 0.9621
vt 0.7539 0.9649
vt 0.7412 0.9584
vt 0.7412 0.9665
vt 0.8363 0.8699
vt 0.8309 0.8699
vt 0.8263 0.9502
vt 0.8317 0.9502
vt 0.8253 0.9425
vt 0.8248 0.9502
vt 0.8212 0.9502
vt 0.8207 0.9425
vt 0.8205 0.9485
vt 0.8200 0.9584
vt 0.8163 0.9584
vt 0.8159 0.9485
vt 0.8016 0.9074
vt 0.8102 0.9057
vt 0.8102 0.9209
vt 0.8016 0.9235
vt 0.7736 0.9074
vt 0.7876 0.9107
vt 0.7876 0.9209
vt 0.7736 0.9235
vt 0.8015 0.8770
vt 0.8097 0.8784
vt 0.8108 0.8912
vt 0.8050 0.8912
vt 0.8309 0.8676
vt 0.8307 0.8837
vt 0.8256 0.8837
vt 0.8254 0.8676
vt 0.7876 0.8676
vt 0.8003 0.8689
vt 0.8015 0.8770
vt 0.7876 0.8734
vt 0.8080 0.8713
vt 0.7655 0.8784
vt 0.7737 0.8770
vt 0.7702 0.8912
vt 0.7644 0.8912
vt 0.7672 0.8713
vt 0.7748 0.8689
vt 0.7649 0.9057
vt 0.7649 0.9209
vt 0.7702 0.9384
vt 0.7644 0.9365
vt 0.8108 0.9365
vt 0.8050 0.9384
vt 0.8318 0.9783
vt 0.8320 0.9643
vt 0.8370 0.9643
vt 0.8372 0.9783
vt 0.8256 0.9353
vt 0.8255 0.9196
vt 0.8308 0.9196
vt 0.8307 0.9353
vt 0.8097 0.9522
vt 0.8015 0.9541
vt 0.8309 0.9502
vt 0.8312 0.9360
vt 0.8363 0.9360
vt 0.8365 0.9502
vt 0.7737 0.9541
vt 0.7655 0.9522
vt 0.7748 0.9649
vt 0.7672 0.9621
vt 0.8080 0.9621
vt 0.8003 0.9649
vt 0.7876 0.9584
vt 0.7876 0.9665
vt 0.8207 0.9808
vt 0.8209 0.9651
vt 0.8260 0.9651
vt 0.8261 0.9808
vt 0.8309 0.8980
vt 0.8311 0.8839
vt 0.8361 0.8839
vt 0.8363 0.8980
vt 0.8308 0.8980
vt 0.8255 0.8980
vt 0.8153 0.9726
vt 0.8150 0.9584
vt 0.8206 0.9584
vt 0.8204 0.9726
vt 0.8150 0.9868
vt 0.8206 0.9868
vt 0.8253 0.8753
vt 0.8254 0.8882
vt 0.8206 0.8882
vt 0.8207 0.8753
vt 0.8157 0.9020
vt 0.8157 0.9171
vt 0.8108 0.9171
vt 0.8108 0.9020
vt 0.8253 0.9012
vt 0.8248 0.9089
vt 0.8211 0.9089
vt 0.8207 0.9012
vt 0.8157 0.9171
vt 0.8157 0.9020
vt 0.8206 0.9020
vt 0.8206 0.9171
vt 0.8207 0.9166
vt 0.8211 0.9089
vt 0.8248 0.9089
vt 0.8253 0.9166
vt 0.8158 0.9328
vt 0.8206 0.9328
vt 0.8155 0.9485
vt 0.8151 0.9584
vt 0.8114 0.9584
vt 0.8109 0.9485
vt 0.8159 0.8747
vt 0.8163 0.8676
vt 0.8200 0.8676
vt 0.8205 0.8747
vt 0.8156 0.8875
vt 0.8109 0.8875
vt 0.8155 0.8747
vt 0.8109 0.8747
vt 0.8206 0.9296
vt 0.8253 0.9296
vt 0.8156 0.9328
vt 0.8109 0.9328
vt 0.8158 0.8875
vt 0.8205 0.8875
vt 0.8248 0.8676
vt 0.8211 0.8676
vt 0.8151 0.8676
vt 0.8114 0.8676
vt 0.7552 0.9074
vt 0.7638 0.9057
vt 0.7638 0.9209
vt 0.7552 0.9235
vt 0.7272 0.9074
vt 0.7412 0.9107
vt 0.7412 0.9209
vt 0.7272 0.9235
vt 0.7551 0.8770
vt 0.7633 0.8784
vt 0.7644 0.8912
vt 0.7585 0.8912
vt 0.8262 0.9806
vt 0.8265 0.9644
vt 0.8315 0.9644
vt 0.8318 0.9806
vt 0.7412 0.8676
vt 0.7539 0.8689
vt 0.7551 0.8770
vt 0.7412 0.8734
vt 0.7616 0.8713
vt 0.7191 0.8784
vt 0.7273 0.8770
vt 0.7238 0.8912
vt 0.7180 0.8912
vt 0.7208 0.8713
vt 0.7284 0.8689
vt 0.7185 0.9057
vt 0.7185 0.9209
vt 0.8262 0.9502
vt 0.8206 0.9502
vt 0.7238 0.9384
vt 0.7180 0.9365
vt 0.7644 0.9365
vt 0.7585 0.9384
vt 0.8372 0.9502
vt 0.8318 0.9502
vt 0.7633 0.9522
vt 0.7551 0.9541
vt 0.8365 0.9218
vt 0.8309 0.9218
vt 0.8309 0.9502
vt 0.8253 0.9502
vt 0.7273 0.9541
vt 0.7191 0.9522
vt 0.7284 0.9649
vt 0.7208 0.9621
vt 0.7616 0.9621
vt 0.7539 0.9649
vt 0.7412 0.9584
vt 0.7412 0.9665
vt 0.8363 0.8699
vt 0.8309 0.8699
vt 0.8263 0.9502
vt 0.8317 0.9502
vt 0.8253 0.9425
vt 0.8248 0.9502
vt 0.8212 0.9502
vt 0.8207 0.9425
vt 0.8205 0.9485
vt 0.8200 0.9584
vt 0.8163 0.9584
vt 0.8159 0.9485
vt 0.8016 0.9074
vt 0.8102 0.9057
vt 0.8102 0.9209
vt 0.8016 0.9235
vt 0.7736 0.9074
vt 0.7876 0.9107
vt 0.7876 0.9209
vt 0.7736 0.9235
vt 0.8015 0.8770
vt 0.8097 0.8784
vt 0.8108 0.8912
vt 0.8050 0.8912
vt 0.8309 0.8676
vt 0.8307 0.8837
vt 0.8256 0.8837
vt 0.8254 0.8676
vt 0.7876 0.8676
vt 0.8003 0.8689
vt 0.8015 0.8770
vt 0.7876 0.8734
vt 0.8080 0.8713
vt 0.7655 0.8784
vt 0.7737 0.8770
vt 0.7702 0.8912
vt 0.7644 0.8912
vt 0.7672 0.8713
vt 0.7748 0.8689
vt 0.7649 0.9057
vt 0.7649 0.9209
vt 0.7702 0.9384
vt 0.7644 0.9365
vt 0.8108 0.9365
vt 0.8050 0.9384
vt 0.8318 0.9783
vt 0.8320 0.9643
vt 0.8370 0.9643
vt 0.8372 0.9783
vt 0.8256 0.9353
vt 0.8255 0.9196
vt 0.8308 0.9196
vt 0.8307 0.9353
vt 0.8097 0.9522
vt 0.8015 0.9541
vt 0.8309 0.9502
vt 0.8312 0.9360
vt 0.8363 0.9360
vt 0.8365 0.9502
vt 0.7737 0.9541
vt 0.7655 0.9522
vt 0.7748 0.9649
vt 0.7672 0.9621
vt 0.8080 0.9621
vt 0.8003 0.9649
vt 0.7876 0.9584
vt 0.7876 0.9665
vt 0.8207 0.9808
vt 0.8209 0.9651
vt 0.8260 0.9651
vt 0.8261 0.9808
vt 0.8309 0.8980
vt 0.8311 0.8839
vt 0.8361 0.8839
vt 0.8363 0.8980
vt 0.8308 0.8980
vt 0.8255 0.8980
vt 0.8153 0.9726
vt 0.8150 0.9584
vt 0.8206 0.9584
vt 0.8204 0.9726
vt 0.8150 0.9868
vt 0.8206 0.9868
vt 0.8253 0.8753
vt 0.8254 0.8882
vt 0.8206 0.8882
vt 0.8207 0.8753
vt 0.8157 0.9020
vt 0.8157 0.9171
vt 0.8108 0.9171
vt 0.8108 0.9020
vt 0.8253 0.9012
vt 0.8248 0.9089
vt 0.8211 0.9089
vt 0.8207 0.9012
vt 0.8157 0.9171
vt 0.8157 0.9020
vt 0.8206 0.9020
vt 0.8206 0.9171
vt 0.8207 0.9166
vt 0.8211 0.9089
vt 0.8248 0.9089
vt 0.8253 0.9166
vt 0.8158 0.9328
vt 0.8206 0.9328
vt 0.8155 0.9485
vt 0.8151 0.9584
vt 0.8114 0.9584
vt 0.8109 0.9485
vt 0.8159 0.8747
vt 0.8163 0.8676
vt 0.8200 0.8676
vt 0.8205 0.8747
vt 0.8156 0.8875
vt 0.8109 0.8875
vt 0.8155 0.8747
vt 0.8109 0.8747
vt 0.8206 0.9296
vt 0.8253 0.9296
vt 0.8156 0.9328
vt 0.8109 0.9328
vt 0.8158 0.8875
vt 0.8205 0.8875
vt 0.8248 0.8676
vt 0.8211 0.8676
vt 0.8151 0.8676
vt 0.8114 0.8676
vt 0.7552 0.9074
vt 0.7638 0.9057
vt 0.7638 0.9209
vt 0.7552 0.9235
vt 0.7272 0.9074
vt 0.7412 0.9107
vt 0.7412 0.9209
vt 0.7272 0.9235
vt 0.7551 0.8770
vt 0.7633 0.8784
vt 0.7644 0.8912
vt 0.7585 0.8912
vt 0.8262 0.9806
vt 0.8265 0.9644
vt 0.8315 0.9644
vt 0.8318 0.9806
vt 0.7412 0.8676
vt 0.7539 0.8689
vt 0.7551 0.8770
vt 0.7412 0.8734
vt 0.7616 0.8713
vt 0.7191 0.8784
vt 0.7273 0.8770
vt 0.7238 0.8912
vt 0.7180 0.8912
vt 0.7208 0.8713
vt 0.7284 0.8689
vt 0.7185 0.9057
vt 0.7185 0.9209
vt 0.8262 0.9502
vt 0.8206 0.9502
vt 0.7238 0.9384
vt 0.7180 0.9365
vt 0.7644 0.9365
vt 0.7585 0.9384
vt 0.8372 0.9502
vt 0.8318 0.9502
vt 0.7633 0.9522
vt 0.7551 0.9541
vt 0.8365 0.9218
vt 0.8309 0.9218
vt 0.8309 0.9502
vt 0.8253 0.9502
vt 0.7273 0.9541
vt 0.7191 0.9522
vt 0.7284 0.9649
vt 0.7208 0.9621
vt 0.7616 0.9621
vt 0.7539 0.9649
vt 0.7412 0.9584
vt 0.7412 0.9665
vt 0.8363 0.8699
vt 0.8309 0.8699
vt 0.8263 0.9502
vt 0.8317 0.9502
vt 0.8253 0.9425
vt 0.8248 0.9502
vt 0.8212 0.9502
vt 0.8207 0.9425
vt 0.8205 0.9485
vt 0.8200 0.9584
vt 0.8163 0.9584
vt 0.8159 0.9485
vt 0.8016 0.9074
vt 0.8102 0.9057
vt 0.8102 0.9209
vt 0.8016 0.9235
vt 0.7736 0.9074
vt 0.7876 0.9107
vt 0.7876 0.9209
vt 0.7736 0.9235
vt 0.8015 0.8770
vt 0.8097 0.8784
vt 0.8108 0.8912
vt 0.8050 0.8912
vt 0.8309 0.8676
vt 0.8307 0.8837
vt 0.8256 0.8837
vt 0.8254 0.8676
vt 0.7876 0.8676
vt 0.8003 0.8689
vt 0.8015 0.8770
vt 0.7876 0.8734
vt 0.8080 0.8713
vt 0.7655 0.8784
vt 0.7737 0.8770
vt 0.7702 0.8912
vt 0.7644 0.8912
vt 0.7672 0.8713
vt 0.7748 0.8689
vt 0.7649 0.9057
vt 0.7649 0.9209
vt 0.7702 0.9384
vt 0.7644 0.9365
vt 0.8108 0.9365
vt 0.8050 0.9384
vt 0.8318 0.9783
vt 0.8320 0.9643
vt 0.8370 0.9643
vt 0.8372 0.9783
vt 0.8256 0.9353
vt 0.8255 0.9196
vt 0.8308 0.9196
vt 0.8307 0.9353
vt 0.8097 0.9522
vt 0.8015 0.9541
vt 0.8309 0.9502
vt 0.8312 0.9360
vt 0.8363 0.9360
vt 0.8365 0.9502
vt 0.7737 0.9541
vt 0.7655 0.9522
vt 0.7748 0.9649
vt 0.7672 0.9621
vt 0.8080 0.9621
vt 0.8003 0.9649
vt 0.7876 0.9584
vt 0.7876 0.9665
vt 0.8207 0.9808
vt 0.8209 0.9651
vt 0.8260 0.9651
vt 0.8261 0.9808
vt 0.8309 0.8980
vt 0.8311 0.8839
vt 0.8361 0.8839
vt 0.8363 0.8980
vt 0.8308 0.8980
vt 0.8255 0.8980
vt 0.8153 0.9726
vt 0.8150 0.9584
vt 0.8206 0.9584
vt 0.8204 0.9726
vt 0.8150 0.9868
vt 0.8206 0.9868
vt 0.8253 0.8753
vt 0.8254 0.8882
vt 0.8206 0.8882
vt 0.8207 0.8753
vt 0.8157 0.9020
vt 0.8157 0.9171
vt 0.8108 0.9171
vt 0.8108 0.9020
vt 0.8253 0.9012
vt 0.8248 0.9089
vt 0.8211 0.9089
vt 0.8207 0.9012
vt 0.8157 0.9171
vt 0.8157 0.9020
vt 0.8206 0.9020
vt 0.8206 0.9171
vt 0.8207 0.9166
vt 0.8211 0.9089
vt 0.8248 0.9089
vt 0.8253 0.9166
vt 0.8158 0.9328
vt 0.8206 0.9328
vt 0.8155 0.9485
vt 0.8151 0.9584
vt 0.8114 0.9584
vt 0.8109 0.9485
vt 0.8159 0.8747
vt 0.8163 0.8676
vt 0.8200 0.8676
vt 0.8205 0.8747
vt 0.8156 0.8875
vt 0.8109 0.8875
vt 0.8155 0.8747
vt 0.8109 0.8747
vt 0.8206 0.9296
vt 0.8253 0.9296
vt 0.8156 0.9328
vt 0.8109 0.9328
vt 0.8158 0.8875
vt 0.8205 0.8875
vt 0.8248 0.8676
vt 0.8211 0.8676
vt 0.8151 0.8676
vt 0.8114 0.8676
vt 0.7552 0.9074
vt 0.7638 0.9057
vt 0.7638 0.9209
vt 0.7552 0.9235
vt 0.7272 0.9074
vt 0.7412 0.9107
vt 0.7412 0.9209
vt 0.7272 0.9235
vt 0.7551 0.8770
vt 0.7633 0.8784
vt 0.7644 0.8912
vt 0.7585 0.8912
vt 0.8262 0.9806
vt 0.8265 0.9644
vt 0.8315 0.9644
vt 0.8318 0.9806
vt 0.7412 0.8676
vt 0.7539 0.8689
vt 0.7551 0.8770
vt 0.7412 0.8734
vt 0.7616 0.8713
vt 0.7191 0.8784
vt 0.7273 0.8770
vt 0.7238 0.8912
vt 0.7180 0.8912
vt 0.7208 0.8713
vt 0.7284 0.8689
vt 0.7185 0.9057
vt 0.7185 0.9209
vt 0.8262 0.9502
vt 0.8206 0.9502
vt 0.7238 0.9384
vt 0.7180 0.9365
vt 0.7644 0.9365
vt 0.7585 0.9384
vt 0.8372 0.9502
vt 0.8318 0.9502
vt 0.7633 0.9522
vt 0.7551 0.9541
vt 0.8365 0.9218
vt 0.8309 0.9218
vt 0.8309 0.9502
vt 0.8253 0.9502
vt 0.7273 0.9541
vt 0.7191 0.9522
vt 0.7284 0.9649
vt 0.7208 0.9621
vt 0.7616 0.9621
vt 0.7539 0.9649
vt 0.7412 0.9584
vt 0.7412 0.9665
vt 0.8363 0.8699
vt 0.8309 0.8699
vt 0.8263 0.9502
vt 0.8317 0.9502
vt 0.8253 0.9425
vt 0.8248 0.9502
vt 0.8212 0.9502
vt 0.8207 0.9425
vt 0.8205 0.9485
vt 0.8200 0.9584
vt 0.8163 0.9584
vt 0.8159 0.9485
vt 0.8016 0.9074
vt 0.8102 0.9057
vt 0.8102 0.9209
vt 0.8016 0.9235
vt 0.7736 0.9074
vt 0.7876 0.9107
vt 0.7876 0.9209
vt 0.7736 0.9235
vt 0.8015 0.8770
vt 0.8097 0.8784
vt 0.8108 0.8912
vt 0.8050 0.8912
vt 0.8309 0.8676
vt 0.8307 0.8837
vt 0.8256 0.8837
vt 0.8254 0.8676
vt 0.7876 0.8676
vt 0.8003 0.8689
vt 0.8015 0.8770
vt 0.7876 0.8734
vt 0.8080 0.8713
vt 0.7655 0.8784
vt 0.7737 0.8770
vt 0.7702 0.8912
vt 0.7644 0.8912
vt 0.7672 0.8713
vt 0.7748 0.8689
vt 0.7649 0.9057
vt 0.7649 0.9209
vt 0.7702 0.9384
vt 0.7644 0.9365
vt 0.8108 0.9365
vt 0.8050 0.9384
vt 0.8318 0.9783
vt 0.8320 0.9643
vt 0.8370 0.9643
vt 0.8372 0.9783
vt 0.8256 0.9353
vt 0.8255 0.9196
vt 0.8308 0.9196
vt 0.8307 0.9353
vt 0.8097 0.9522
vt 0.8015 0.9541
vt 0.8309 0.9502
vt 0.8312 0.9360
vt 0.8363 0.9360
vt 0.8365 0.9502
vt 0.7737 0.9541
vt 0.7655 0.9522
vt 0.7748 0.9649
vt 0.7672 0.9621
vt 0.8080 0.9621
vt 0.8003 0.9649
vt 0.7876 0.9584
vt 0.7876 0.9665
vt 0.8207 0.9808
vt 0.8209 0.9651
vt 0.8260 0.9651
vt 0.8261 0.9808
vt 0.8309 0.8980
vt 0.8311 0.8839
vt 0.8361 0.8839
vt 0.8363 0.8980
vt 0.8308 0.8980
vt 0.8255 0.8980
vt 0.8153 0.9726
vt 0.8150 0.9584
vt 0.8206 0.9584
vt 0.8204 0.9726
vt 0.8150 0.9868
vt 0.8206 0.9868
vt 0.8253 0.8753
vt 0.8254 0.8882
vt 0.8206 0.8882
vt 0.8207 0.8753
vt 0.8157 0.9020
vt 0.8157 0.9171
vt 0.8108 0.9171
vt 0.8108 0.9020
vt 0.8253 0.9012
vt 0.8248 0.9089
vt 0.8211 0.9089
vt 0.8207 0.9012
vt 0.8157 0.9171
vt 0.8157 0.9020
vt 0.8206 0.9020
vt 0.8206 0.9171
vt 0.8207 0.9166
vt 0.8211 0.9089
vt 0.8248 0.9089
vt 0.8253 0.9166
vt 0.8158 0.9328
vt 0.8206 0.9328
vt 0.8155 0.9485
vt 0.8151 0.9584
vt 0.8114 0.9584
vt 0.8109 0.9485
vt 0.8159 0.8747
vt 0.8163 0.8676
vt 0.8200 0.8676
vt 0.8205 0.8747
vt 0.8156 0.8875
vt 0.8109 0.8875
vt 0.8155 0.8747
vt 0.8109 0.8747
vt 0.8206 0.9296
vt 0.8253 0.9296
vt 0.8156 0.9328
vt 0.8109 0.9328
vt 0.8158 0.8875
vt 0.8205 0.8875
vt 0.8248 0.8676
vt 0.8211 0.8676
vt 0.8151 0.8676
vt 0.8114 0.8676
vt 0.7552 0.9074
vt 0.7638 0.9057
vt 0.7638 0.9209
vt 0.7552 0.9235
vt 0.7272 0.9074
vt 0.7412 0.9107
vt 0.7412 0.9209
vt 0.7272 0.9235
vt 0.7551 0.8770
vt 0.7633 0.8784
vt 0.7644 0.8912
vt 0.7585 0.8912
vt 0.8262 0.9806
vt 0.8265 0.9644
vt 0.8315 0.9644
vt 0.8318 0.9806
vt 0.7412 0.8676
vt 0.7539 0.8689
vt 0.7551 0.8770
vt 0.7412 0.8734
vt 0.7616 0.8713
vt 0.7191 0.8784
vt 0.7273 0.8770
vt 0.7238 0.8912
vt 0.7180 0.8912
vt 0.7208 0.8713
vt 0.7284 0.8689
vt 0.7185 0.9057
vt 0.7185 0.9209
vt 0.8262 0.9502
vt 0.8206 0.9502
vt 0.7238 0.9384
vt 0.7180 0.9365
vt 0.7644 0.9365
vt 0.7585 0.9384
vt 0.8372 0.9502
vt 0.8318 0.9502
vt 0.7633 0.9522
vt 0.7551 0.9541
vt 0.8365 0.9218
vt 0.8309 0.9218
vt 0.8309 0.9502
vt 0.8253 0.9502
vt 0.7273 0.9541
vt 0.7191 0.9522
vt 0.7284 0.9649
vt 0.7208 0.9621
vt 0.7616 0.9621
vt 0.7539 0.9649
vt 0.7412 0.9584
vt 0.7412 0.9665
vt 0.8363 0.8699
vt 0.8309 0.8699
vt 0.8263 0.9502
vt 0.8317 0.9502
vt 0.8253 0.9425
vt 0.8248 0.9502
vt 0.8212 0.9502
vt 0.8207 0.9425
vt 0.8205 0.9485
vt 0.8200 0.9584
vt 0.8163 0.9584
vt 0.8159 0.9485
vt 0.8016 0.9074
vt 0.8102 0.9057
vt 0.8102 0.9209
vt 0.8016 0.9235
vt 0.7736 0.9074
vt 0.7876 0.9107
vt 0.7876 0.9209
vt 0.7736 0.9235
vt 0.8015 0.8770
vt 0.8097 0.8784
vt 0.8108 0.8912
vt 0.8050 0.8912
vt 0.8309 0.8676
vt 0.8307 0.8837
vt 0.8256 0.8837
vt 0.8254 0.8676
vt 0.7876 0.8676
vt 0.8003 0.8689
vt 0.8015 0.8770
vt 0.7876 0.8734
vt 0.8080 0.8713
vt 0.7655 0.8784
vt 0.7737 0.8770
vt 0.7702 0.8912
vt 0.7644 0.8912
vt 0.7672 0.8713
vt 0.7748 0.8689
vt 0.7649 0.9057
vt 0.7649 0.9209
vt 0.7702 0.9384
vt 0.7644 0.9365
vt 0.8108 0.9365
vt 0.8050 0.9384
vt 0.8318 0.9783
vt 0.8320 0.9643
vt 0.8370 0.9643
vt 0.8372 0.9783
vt 0.8256 0.9353
vt 0.8255 0.9196
vt 0.8308 0.9196
vt 0.8307 0.9353
vt 0.8097 0.9522
vt 0.8015 0.9541
vt 0.8309 0.9502
vt 0.8312 0.9360
vt 0.8363 0.9360
vt 0.8365 0.9502
vt 0.7737 0.9541
vt 0.7655 0.9522
vt 0.7748 0.9649
vt 0.7672 0.9621
vt 0.8080 0.9621
vt 0.8003 0.9649
vt 0.7876 0.9584
vt 0.7876 0.9665
vt 0.8207 0.9808
vt 0.8209 0.9651
vt 0.8260 0.9651
vt 0.8261 0.9808
vt 0.8309 0.8980
vt 0.8311 0.8839
vt 0.8361 0.8839
vt 0.8363 0.8980
vt 0.8308 0.8980
vt 0.8255 0.8980
vt 0.8153 0.9726
vt 0.8150 0.9584
vt 0.8206 0.9584
vt 0.8204 0.9726
vt 0.8150 0.9868
vt 0.8206 0.9868
vt 0.8253 0.8753
vt 0.8254 0.8882
vt 0.8206 0.8882
vt 0.8207 0.8753
vt 0.8157 0.9020
vt 0.8157 0.9171
vt 0.8108 0.9171
vt 0.8108 0.9020
vt 0.8253 0.9012
vt 0.8248 0.9089
vt 0.8211 0.9089
vt 0.8207 0.9012
vt 0.8157 0.9171
vt 0.8157 0.9020
vt 0.8206 0.9020
vt 0.8206 0.9171
vt 0.8207 0.9166
vt 0.8211 0.9089
vt 0.8248 0.9089
vt 0.8253 0.9166
vt 0.8158 0.9328
vt 0.8206 0.9328
vt 0.8155 0.9485
vt 0.8151 0.9584
vt 0.8114 0.9584
vt 0.8109 0.9485
vt 0.8159 0.8747
vt 0.8163 0.8676
vt 0.8200 0.8676
vt 0.8205 0.8747
vt 0.8156 0.8875
vt 0.8109 0.8875
vt 0.8155 0.8747
vt 0.8109 0.8747
vt 0.8206 0.9296
vt 0.8253 0.9296
vt 0.8156 0.9328
vt 0.8109 0.9328
vt 0.8158 0.8875
vt 0.8205 0.8875
vt 0.8248 0.8676
vt 0.8211 0.8676
vt 0.8151 0.8676
vt 0.8114 0.8676
vt 0.7552 0.9074
vt 0.7638 0.9057
vt 0.7638 0.9209
vt 0.7552 0.9235
vt 0.7272 0.9074
vt 0.7412 0.9107
vt 0.7412 0.9209
vt 0.7272 0.9235
vt 0.7551 0.8770
vt 0.7633 0.8784
vt 0.7644 0.8912
vt 0.7585 0.8912
vt 0.8262 0.9806
vt 0.8265 0.9644
vt 0.8315 0.9644
vt 0.8318 0.9806
vt 0.7412 0.8676
vt 0.7539 0.8689
vt 0.7551 0.8770
vt 0.7412 0.8734
vt 0.7616 0.8713
vt 0.7191 0.8784
vt 0.7273 0.8770
vt 0.7238 0.8912
vt 0.7180 0.8912
vt 0.7208 0.8713
vt 0.7284 0.8689
vt 0.7185 0.9057
vt 0.7185 0.9209
vt 0.8262 0.9502
vt 0.8206 0.9502
vt 0.7238 0.9384
vt 0.7180 0.9365
vt 0.7644 0.9365
vt 0.7585 0.9384
vt 0.8372 0.9502
vt 0.8318 0.9502
vt 0.7633 0.9522
vt 0.7551 0.9541
vt 0.8365 0.9218
vt 0.8309 0.9218
vt 0.8309 0.9502
vt 0.8253 0.9502
vt 0.7273 0.9541
vt 0.7191 0.9522
vt 0.7284 0.9649
vt 0.7208 0.9621
vt 0.7616 0.9621
vt 0.7539 0.9649
vt 0.7412 0.9584
vt 0.7412 0.9665
vt 0.8363 0.8699
vt 0.8309 0.8699
vt 0.8263 0.9502
vt 0.8317 0.9502
vt 0.8253 0.9425
vt 0.8248 0.9502
vt 0.8212 0.9502
vt 0.8207 0.9425
vt 0.8205 0.9485
vt 0.8200 0.9584
vt 0.8163 0.9584
vt 0.8159 0.9485
vt 0.8016 0.9074
vt 0.8102 0.9057
vt 0.8102 0.9209
vt 0.8016 0.9235
vt 0.7736 0.9074
vt 0.7876 0.9107
vt 0.7876 0.9209
vt 0.7736 0.9235
vt 0.8015 0.8770
vt 0.8097 0.8784
vt 0.8108 0.8912
vt 0.8050 0.8912
vt 0.8309 0.8676
vt 0.8307 0.8837
vt 0.8256 0.8837
vt 0.8254 0.8676
vt 0.7876 0.8676
vt 0.8003 0.8689
vt 0.8015 0.8770
vt 0.7876 0.8734
vt 0.8080 0.8713
vt 0.7655 0.8784
vt 0.7737 0.8770
vt 0.7702 0.8912
vt 0.7644 0.8912
vt 0.7672 0.8713
vt 0.7748 0.8689
vt 0.7649 0.9057
vt 0.7649 0.9209
vt 0.7702 0.9384
vt 0.7644 0.9365
vt 0.8108 0.9365
vt 0.8050 0.9384
vt 0.8318 0.9783
vt 0.8320 0.9643
vt 0.8370 0.9643
vt 0.8372 0.9783
vt 0.8256 0.9353
vt 0.8255 0.9196
vt 0.8308 0.9196
vt 0.8307 0.9353
vt 0.8097 0.9522
vt 0.8015 0.9541
vt 0.8309 0.9502
vt 0.8312 0.9360
vt 0.8363 0.9360
vt 0.8365 0.9502
vt 0.7737 0.9541
vt 0.7655 0.9522
vt 0.7748 0.9649
vt 0.7672 0.9621
vt 0.8080 0.9621
vt 0.8003 0.9649
vt 0.7876 0.9584
vt 0.7876 0.9665
vt 0.8207 0.9808
vt 0.8209 0.9651
vt 0.8260 0.9651
vt 0.8261 0.9808
vt 0.8309 0.8980
vt 0.8311 0.8839
vt 0.8361 0.8839
vt 0.8363 0.8980
vt 0.8308 0.8980
vt 0.8255 0.8980
vt 0.8153 0.9726
vt 0.8150 0.9584
vt 0.8206 0.9584
vt 0.8204 0.9726
vt 0.8150 0.9868
vt 0.8206 0.9868
vt 0.8253 0.8753
vt 0.8254 0.8882
vt 0.8206 0.8882
vt 0.8207 0.8753
vt 0.8157 0.9020
vt 0.8157 0.9171
vt 0.8108 0.9171
vt 0.8108 0.9020
vt 0.8253 0.9012
vt 0.8248 0.9089
vt 0.8211 0.9089
vt 0.8207 0.9012
vt 0.8157 0.9171
vt 0.8157 0.9020
vt 0.8206 0.9020
vt 0.8206 0.9171
vt 0.8207 0.9166
vt 0.8211 0.9089
vt 0.8248 0.9089
vt 0.8253 0.9166
vt 0.8158 0.9328
vt 0.8206 0.9328
vt 0.8155 0.9485
vt 0.8151 0.9584
vt 0.8114 0.9584
vt 0.8109 0.9485
vt 0.8159 0.8747
vt 0.8163 0.8676
vt 0.8200 0.8676
vt 0.8205 0.8747
vt 0.8156 0.8875
vt 0.8109 0.8875
vt 0.8155 0.8747
vt 0.8109 0.8747
vt 0.8206 0.9296
vt 0.8253 0.9296
vt 0.8156 0.9328
vt 0.8109 0.9328
vt 0.8158 0.8875
vt 0.8205 0.8875
vt 0.8248 0.8676
vt 0.8211 0.8676
vt 0.8151 0.8676
vt 0.8114 0.8676
vt 0.7552 0.9074
vt 0.7638 0.9057
vt 0.7638 0.9209
vt 0.7552 0.9235
vt 0.7272 0.9074
vt 0.7412 0.9107
vt 0.7412 0.9209
vt 0.7272 0.9235
vt 0.7551 0.8770
vt 0.7633 0.8784
vt 0.7644 0.8912
vt 0.7585 0.8912
vt 0.8262 0.9806
vt 0.8265 0.9644
vt 0.8315 0.9644
vt 0.8318 0.9806
vt 0.7412 0.8676
vt 0.7539 0.8689
vt 0.7551 0.8770
vt 0.7412 0.8734
vt 0.7616 0.8713
vt 0.7191 0.8784
vt 0.7273 0.8770
vt 0.7238 0.8912
vt 0.7180 0.8912
vt 0.7208 0.8713
vt 0.7284 0.8689
vt 0.7185 0.9057
vt 0.7185 0.9209
vt 0.8262 0.9502
vt 0.8206 0.9502
vt 0.7238 0.9384
vt 0.7180 0.9365
vt 0.7644 0.9365
vt 0.7585 0.9384
vt 0.8372 0.9502
vt 0.8318 0.9502
vt 0.7633 0.9522
vt 0.7551 0.9541
vt 0.8365 0.9218
vt 0.8309 0.9218
vt 0.8309 0.9502
vt 0.8253 0.9502
vt 0.7273 0.9541
vt 0.7191 0.9522
vt 0.7284 0.9649
vt 0.7208 0.9621
vt 0.7616 0.9621
vt 0.7539 0.9649
vt 0.7412 0.9584
vt 0.7412 0.9665
vt 0.8363 0.8699
vt 0.8309 0.8699
vt 0.8263 0.9502
vt 0.8317 0.9502
vt 0.8253 0.9425
vt 0.8248 0.9502
vt 0.8212 0.9502
vt 0.8207 0.9425
vt 0.8205 0.9485
vt 0.8200 0.9584
vt 0.8163 0.9584
vt 0.8159 0.9485
vt 0.8016 0.9074
vt 0.8102 0.9057
vt 0.8102 0.9209
vt 0.8016 0.9235
vt 0.7736 0.9074
vt 0.7876 0.9107
vt 0.7876 0.9209
vt 0.7736 0.9235
vt 0.8015 0.8770
vt 0.8097 0.8784
vt 0.8108 0.8912
vt 0.8050 0.8912
vt 0.8309 0.8676
vt 0.8307 0.8837
vt 0.8256 0.8837
vt 0.8254 0.8676
vt 0.7876 0.8676
vt 0.8003 0.8689
vt 0.8015 0.8770
vt 0.7876 0.8734
vt 0.8080 0.8713
vt 0.7655 0.8784
vt 0.7737 0.8770
vt 0.7702 0.8912
vt 0.7644 0.8912
vt 0.7672 0.8713
vt 0.7748 0.8689
vt 0.7649 0.9057
vt 0.7649 0.9209
vt 0.7702 0.9384
vt 0.7644 0.9365
vt 0.8108 0.9365
vt 0.8050 0.9384
vt 0.8318 0.9783
vt 0.8320 0.9643
vt 0.8370 0.9643
vt 0.8372 0.9783
vt 0.8256 0.9353
vt 0.8255 0.9196
vt 0.8308 0.9196
vt 0.8307 0.9353
vt 0.8097 0.9522
vt 0.8015 0.9541
vt 0.8309 0.9502
vt 0.8312 0.9360
vt 0.8363 0.9360
vt 0.8365 0.9502
vt 0.7737 0.9541
vt 0.7655 0.9522
vt 0.7748 0.9649
vt 0.7672 0.9621
vt 0.8080 0.9621
vt 0.8003 0.9649
vt 0.7876 0.9584
vt 0.7876 0.9665
vt 0.8207 0.9808
vt 0.8209 0.9651
vt 0.8260 0.9651
vt 0.8261 0.9808
vt 0.8309 0.8980
vt 0.8311 0.8839
vt 0.8361 0.8839
vt 0.8363 0.8980
vt 0.8308 0.8980
vt 0.8255 0.8980
vt 0.8153 0.9726
vt 0.8150 0.9584
vt 0.8206 0.9584
vt 0.8204 0.9726
vt 0.8150 0.9868
vt 0.8206 0.9868
vt 0.8253 0.8753
vt 0.8254 0.8882
vt 0.8206 0.8882
vt 0.8207 0.8753
vt 0.8157 0.9020
vt 0.8157 0.9171
vt 0.8108 0.9171
vt 0.8108 0.9020
vt 0.8253 0.9012
vt 0.8248 0.9089
vt 0.8211 0.9089
vt 0.8207 0.9012
vt 0.8157 0.9171
vt 0.8157 0.9020
vt 0.8206 0.9020
vt 0.8206 0.9171
vt 0.8207 0.9166
vt 0.8211 0.9089
vt 0.8248 0.9089
vt 0.8253 0.9166
vt 0.8158 0.9328
vt 0.8206 0.9328
vt 0.8155 0.9485
vt 0.8151 0.9584
vt 0.8114 0.9584
vt 0.8109 0.9485
vt 0.8159 0.8747
vt 0.8163 0.8676
vt 0.8200 0.8676
vt 0.8205 0.8747
vt 0.8156 0.8875
vt 0.8109 0.8875
vt 0.8155 0.8747
vt 0.8109 0.8747
vt 0.8206 0.9296
vt 0.8253 0.9296
vt 0.8156 0.9328
vt 0.8109 0.9328
vt 0.8158 0.8875
vt 0.8205 0.8875
vt 0.8248 0.8676
vt 0.8211 0.8676
vt 0.8151 0.8676
vt 0.8114 0.8676
vt 0.7552 0.9074
vt 0.7638 0.9057
vt 0.7638 0.9209
vt 0.7552 0.9235
vt 0.7272 0.9074
vt 0.7412 0.9107
vt 0.7412 0.9209
vt 0.7272 0.9235
vt 0.7551 0.8770
vt 0.7633 0.8784
vt 0.7644 0.8912
vt 0.7585 0.8912
vt 0.8262 0.9806
vt 0.8265 0.9644
vt 0.8315 0.9644
vt 0.8318 0.9806
vt 0.7412 0.8676
vt 0.7539 0.8689
vt 0.7551 0.8770
vt 0.7412 0.8734
vt 0.7616 0.8713
vt 0.7191 0.8784
vt 0.7273 0.8770
vt 0.7238 0.8912
vt 0.7180 0.8912
vt 0.7208 0.8713
vt 0.7284 0.8689
vt 0.7185 0.9057
vt 0.7185 0.9209
vt 0.8262 0.9502
vt 0.8206 0.9502
vt 0.7238 0.9384
vt 0.7180 0.9365
vt 0.7644 0.9365
vt 0.7585 0.9384
vt 0.8372 0.9502
vt 0.8318 0.9502
vt 0.7633 0.9522
vt 0.7551 0.9541
vt 0.8365 0.9218
vt 0.8309 0.9218
vt 0.8309 0.9502
vt 0.8253 0.9502
vt 0.7273 0.9541
vt 0.7191 0.9522
vt 0.7284 0.9649
vt 0.7208 0.9621
vt 0.7616 0.9621
vt 0.7539 0.9649
vt 0.7412 0.9584
vt 0.7412 0.9665
vt 0.8363 0.8699
vt 0.8309 0.8699
vt 0.8263 0.9502
vt 0.8317 0.9502
vt 0.8253 0.9425
vt 0.8248 0.9502
vt 0.8212 0.9502
vt 0.8207 0.9425
vt 0.8205 0.9485
vt 0.8200 0.9584
vt 0.8163 0.9584
vt 0.8159 0.9485
vt 0.8016 0.9074
vt 0.8102 0.9057
vt 0.8102 0.9209
vt 0.8016 0.9235
vt 0.7736 0.9074
vt 0.7876 0.9107
vt 0.7876 0.9209
vt 0.7736 0.9235
vt 0.8015 0.8770
vt 0.8097 0.8784
vt 0.8108 0.8912
vt 0.8050 0.8912
vt 0.8309 0.8676
vt 0.8307 0.8837
vt 0.8256 0.8837
vt 0.8254 0.8676
vt 0.7876 0.8676
vt 0.8003 0.8689
vt 0.8015 0.8770
vt 0.7876 0.8734
vt 0.8080 0.8713
vt 0.7655 0.8784
vt 0.7737 0.8770
vt 0.7702 0.8912
vt 0.7644 0.8912
vt 0.7672 0.8713
vt 0.7748 0.8689
vt 0.7649 0.9057
vt 0.7649 0.9209
vt 0.7702 0.9384
vt 0.7644 0.9365
vt 0.8108 0.9365
vt 0.8050 0.9384
vt 0.8318 0.9783
vt 0.8320 0.9643
vt 0.8370 0.9643
vt 0.8372 0.9783
vt 0.8256 0.9353
vt 0.8255 0.9196
vt 0.8308 0.9196
vt 0.8307 0.9353
vt 0.8097 0.9522
vt 0.8015 0.9541
vt 0.8309 0.9502
vt 0.8312 0.9360
vt 0.8363 0.9360
vt 0.8365 0.9502
vt 0.7737 0.9541
vt 0.7655 0.9522
vt 0.7748 0.9649
vt 0.7672 0.9621
vt 0.8080 0.9621
vt 0.8003 0.9649
vt 0.7876 0.9584
vt 0.7876 0.9665
vt 0.8207 0.9808
vt 0.8209 0.9651
vt 0.8260 0.9651
vt 0.8261 0.9808
vt 0.8309 0.8980
vt 0.8311 0.8839
vt 0.8361 0.8839
vt 0.8363 0.8980
vt 0.8308 0.8980
vt 0.8255 0.8980
vt 0.8153 0.9726
vt 0.8150 0.9584
vt 0.8206 0.9584
vt 0.8204 0.9726
vt 0.8150 0.9868
vt 0.8206 0.9868
vt 0.8253 0.8753
vt 0.8254 0.8882
vt 0.8206 0.8882
vt 0.8207 0.8753
vt 0.8157 0.9020
vt 0.8157 0.9171
vt 0.8108 0.9171
vt 0.8108 0.9020
vt 0.8253 0.9012
vt 0.8248 0.9089
vt 0.8211 0.9089
vt 0.8207 0.9012
vt 0.8157 0.9171
vt 0.8157 0.9020
vt 0.8206 0.9020
vt 0.8206 0.9171
vt 0.8207 0.9166
vt 0.8211 0.9089
vt 0.8248 0.9089
vt 0.8253 0.9166
vt 0.8158 0.9328
vt 0.8206 0.9328
vt 0.8155 0.9485
vt 0.8151 0.9584
vt 0.8114 0.9584
vt 0.8109 0.9485
vt 0.8159 0.8747
vt 0.8163 0.8676
vt 0.8200 0.8676
vt 0.8205 0.8747
vt 0.8156 0.8875
vt 0.8109 0.8875
vt 0.8155 0.8747
vt 0.8109 0.8747
vt 0.8206 0.9296
vt 0.8253 0.9296
vt 0.8156 0.9328
vt 0.8109 0.9328
vt 0.8158 0.8875
vt 0.8205 0.8875
vt 0.8248 0.8676
vt 0.8211 0.8676
vt 0.8151 0.8676
vt 0.8114 0.8676
vt 0.7552 0.9074
vt 0.7638 0.9057
vt 0.7638 0.9209
vt 0.7552 0.9235
vt 0.7272 0.9074
vt 0.7412 0.9107
vt 0.7412 0.9209
vt 0.7272 0.9235
vt 0.7551 0.8770
vt 0.7633 0.8784
vt 0.7644 0.8912
vt 0.7585 0.8912
vt 0.8262 0.9806
vt 0.8265 0.9644
vt 0.8315 0.9644
vt 0.8318 0.9806
vt 0.7412 0.8676
vt 0.7539 0.8689
vt 0.7551 0.8770
vt 0.7412 0.8734
vt 0.7616 0.8713
vt 0.7191 0.8784
vt 0.7273 0.8770
vt 0.7238 0.8912
vt 0.7180 0.8912
vt 0.7208 0.8713
vt 0.7284 0.8689
vt 0.7185 0.9057
vt 0.7185 0.9209
vt 0.8262 0.9502
vt 0.8206 0.9502
vt 0.7238 0.9384
vt 0.7180 0.9365
vt 0.7644 0.9365
vt 0.7585 0.9384
vt 0.8372 0.9502
vt 0.8318 0.9502
vt 0.7633 0.9522
vt 0.7551 0.9541
vt 0.8365 0.9218
vt 0.8309 0.9218
vt 0.8309 0.9502
vt 0.8253 0.9502
vt 0.7273 0.9541
vt 0.7191 0.9522
vt 0.7284 0.9649
vt 0.7208 0.9621
vt 0.7616 0.9621
vt 0.7539 0.9649
vt 0.7412 0.9584
vt 0.7412 0.9665
vt 0.8363 0.8699
vt 0.8309 0.8699
vt 0.8263 0.9502
vt 0.8317 0.9502
vt 0.8253 0.9425
vt 0.8248 0.9502
vt 0.8212 0.9502
vt 0.8207 0.9425
vt 0.8205 0.9485
vt 0.8200 0.9584
vt 0.8163 0.9584
vt 0.8159 0.9485
vt 0.8016 0.9074
vt 0.8102 0.9057
vt 0.8102 0.9209
vt 0.8016 0.9235
vt 0.7736 0.9074
vt 0.7876 0.9107
vt 0.7876 0.9209
vt 0.7736 0.9235
vt 0.8015 0.8770
vt 0.8097 0.8784
vt 0.8108 0.8912
vt 0.8050 0.8912
vt 0.8309 0.8676
vt 0.8307 0.8837
vt 0.8256 0.8837
vt 0.8254 0.8676
vt 0.7876 0.8676
vt 0.8003 0.8689
vt 0.8015 0.8770
vt 0.7876 0.8734
vt 0.8080 0.8713
vt 0.7655 0.8784
vt 0.7737 0.8770
vt 0.7702 0.8912
vt 0.7644 0.8912
vt 0.7672 0.8713
vt 0.7748 0.8689
vt 0.7649 0.9057
vt 0.7649 0.9209
vt 0.7702 0.9384
vt 0.7644 0.9365
vt 0.8108 0.9365
vt 0.8050 0.9384
vt 0.8318 0.9783
vt 0.8320 0.9643
vt 0.8370 0.9643
vt 0.8372 0.9783
vt 0.8256 0.9353
vt 0.8255 0.9196
vt 0.8308 0.9196
vt 0.8307 0.9353
vt 0.8097 0.9522
vt 0.8015 0.9541
vt 0.8309 0.9502
vt 0.8312 0.9360
vt 0.8363 0.9360
vt 0.8365 0.9502
vt 0.7737 0.9541
vt 0.7655 0.9522
vt 0.7748 0.9649
vt 0.7672 0.9621
vt 0.8080 0.9621
vt 0.8003 0.9649
vt 0.7876 0.9584
vt 0.7876 0.9665
vt 0.8207 0.9808
vt 0.8209 0.9651
vt 0.8260 0.9651
vt 0.8261 0.9808
vt 0.8309 0.8980
vt 0.8311 0.8839
vt 0.8361 0.8839
vt 0.8363 0.8980
vt 0.8308 0.8980
vt 0.8255 0.8980
vt 0.8153 0.9726
vt 0.8150 0.9584
vt 0.8206 0.9584
vt 0.8204 0.9726
vt 0.8150 0.9868
vt 0.8206 0.9868
vt 0.8253 0.8753
vt 0.8254 0.8882
vt 0.8206 0.8882
vt 0.8207 0.8753
vt 0.8157 0.9020
vt 0.8157 0.9171
vt 0.8108 0.9171
vt 0.8108 0.9020
vt 0.8253 0.9012
vt 0.8248 0.9089
vt 0.8211 0.9089
vt 0.8207 0.9012
vt 0.8157 0.9171
vt 0.8157 0.9020
vt 0.8206 0.9020
vt 0.8206 0.9171
vt 0.8207 0.9166
vt 0.8211 0.9089
vt 0.8248 0.9089
vt 0.8253 0.9166
vt 0.8158 0.9328
vt 0.8206 0.9328
vt 0.8155 0.9485
vt 0.8151 0.9584
vt 0.8114 0.9584
vt 0.8109 0.9485
vt 0.8159 0.8747
vt 0.8163 0.8676
vt 0.8200 0.8676
vt 0.8205 0.8747
vt 0.8156 0.8875
vt 0.8109 0.8875
vt 0.8155 0.8747
vt 0.8109 0.8747
vt 0.8206 0.9296
vt 0.8253 0.9296
vt 0.8156 0.9328
vt 0.8109 0.9328
vt 0.8158 0.8875
vt 0.8205 0.8875
vt 0.8248 0.8676
vt 0.8211 0.8676
vt 0.8151 0.8676
vt 0.8114 0.8676
vt 0.7552 0.9074
vt 0.7638 0.9057
vt 0.7638 0.9209
vt 0.7552 0.9235
vt 0.7272 0.9074
vt 0.7412 0.9107
vt 0.7412 0.9209
vt 0.7272 0.9235
vt 0.7551 0.8770
vt 0.7633 0.8784
vt 0.7644 0.8912
vt 0.7585 0.8912
vt 0.8262 0.9806
vt 0.8265 0.9644
vt 0.8315 0.9644
vt 0.8318 0.9806
vt 0.7412 0.8676
vt 0.7539 0.8689
vt 0.7551 0.8770
vt 0.7412 0.8734
vt 0.7616 0.8713
vt 0.7191 0.8784
vt 0.7273 0.8770
vt 0.7238 0.8912
vt 0.7180 0.8912
vt 0.7208 0.8713
vt 0.7284 0.8689
vt 0.7185 0.9057
vt 0.7185 0.9209
vt 0.8262 0.9502
vt 0.8206 0.9502
vt 0.7238 0.9384
vt 0.7180 0.9365
vt 0.7644 0.9365
vt 0.7585 0.9384
vt 0.8372 0.9502
vt 0.8318 0.9502
vt 0.7633 0.9522
vt 0.7551 0.9541
vt 0.8365 0.9218
vt 0.8309 0.9218
vt 0.8309 0.9502
vt 0.8253 0.9502
vt 0.7273 0.9541
vt 0.7191 0.9522
vt 0.7284 0.9649
vt 0.7208 0.9621
vt 0.7616 0.9621
vt 0.7539 0.9649
vt 0.7412 0.9584
vt 0.7412 0.9665
vt 0.8363 0.8699
vt 0.8309 0.8699
vt 0.8263 0.9502
vt 0.8317 0.9502
vt 0.8253 0.9425
vt 0.8248 0.9502
vt 0.8212 0.9502
vt 0.8207 0.9425
vt 0.8205 0.9485
vt 0.8200 0.9584
vt 0.8163 0.9584
vt 0.8159 0.9485
vt 0.8016 0.9074
vt 0.8102 0.9057
vt 0.8102 0.9209
vt 0.8016 0.9235
vt 0.7736 0.9074
vt 0.7876 0.9107
vt 0.7876 0.9209
vt 0.7736 0.9235
vt 0.8015 0.8770
vt 0.8097 0.8784
vt 0.8108 0.8912
vt 0.8050 0.8912
vt 0.8309 0.8676
vt 0.8307 0.8837
vt 0.8256 0.8837
vt 0.8254 0.8676
vt 0.7876 0.8676
vt 0.8003 0.8689
vt 0.8015 0.8770
vt 0.7876 0.8734
vt 0.8080 0.8713
vt 0.7655 0.8784
vt 0.7737 0.8770
vt 0.7702 0.8912
vt 0.7644 0.8912
vt 0.7672 0.8713
vt 0.7748 0.8689
vt 0.7649 0.9057
vt 0.7649 0.9209
vt 0.7702 0.9384
vt 0.7644 0.9365
vt 0.8108 0.9365
vt 0.8050 0.9384
vt 0.8318 0.9783
vt 0.8320 0.9643
vt 0.8370 0.9643
vt 0.8372 0.9783
vt 0.8256 0.9353
vt 0.8255 0.9196
vt 0.8308 0.9196
vt 0.8307 0.9353
vt 0.8097 0.9522
vt 0.8015 0.9541
vt 0.8309 0.9502
vt 0.8312 0.9360
vt 0.8363 0.9360
vt 0.8365 0.9502
vt 0.7737 0.9541
vt 0.7655 0.9522
vt 0.7748 0.9649
vt 0.7672 0.9621
vt 0.8080 0.9621
vt 0.8003 0.9649
vt 0.7876 0.9584
vt 0.7876 0.9665
vt 0.8207 0.9808
vt 0.8209 0.9651
vt 0.8260 0.9651
vt 0.8261 0.9808
vt 0.8309 0.8980
vt 0.8311 0.8839
vt 0.8361 0.8839
vt 0.8363 0.8980
vt 0.8308 0.8980
vt 0.8255 0.8980
vt 0.8153 0.9726
vt 0.8150 0.9584
vt 0.8206 0.9584
vt 0.8204 0.9726
vt 0.8150 0.9868
vt 0.8206 0.9868
vt 0.8253 0.8753
vt 0.8254 0.8882
vt 0.8206 0.8882
vt 0.8207 0.8753
vt 0.8157 0.9020
vt 0.8157 0.9171
vt 0.8108 0.9171
vt 0.8108 0.9020
vt 0.8253 0.9012
vt 0.8248 0.9089
vt 0.8211 0.9089
vt 0.8207 0.9012
vt 0.8157 0.9171
vt 0.8157 0.9020
vt 0.8206 0.9020
vt 0.8206 0.9171
vt 0.8207 0.9166
vt 0.8211 0.9089
vt 0.8248 0.9089
vt 0.8253 0.9166
vt 0.8158 0.9328
vt 0.8206 0.9328
vt 0.8155 0.9485
vt 0.8151 0.9584
vt 0.8114 0.9584
vt 0.8109 0.9485
vt 0.8159 0.8747
vt 0.8163 0.8676
vt 0.8200 0.8676
vt 0.8205 0.8747
vt 0.8156 0.8875
vt 0.8109 0.8875
vt 0.8155 0.8747
vt 0.8109 0.8747
vt 0.8206 0.9296
vt 0.8253 0.9296
vt 0.8156 0.9328
vt 0.8109 0.9328
vt 0.8158 0.8875
vt 0.8205 0.8875
vt 0.8248 0.8676
vt 0.8211 0.8676
vt 0.8151 0.8676
vt 0.8114 0.8676
vt 0.7552 0.9074
vt 0.7638 0.9057
vt 0.7638 0.9209
vt 0.7552 0.9235
vt 0.7272 0.9074
vt 0.7412 0.9107
vt 0.7412 0.9209
vt 0.7272 0.9235
vt 0.7551 0.8770
vt 0.7633 0.8784
vt 0.7644 0.8912
vt 0.7585 0.8912
vt 0.8262 0.9806
vt 0.8265 0.9644
vt 0.8315 0.9644
vt 0.8318 0.9806
vt 0.7412 0.8676
vt 0.7539 0.8689
vt 0.7551 0.8770
vt 0.7412 0.8734
vt 0.7616 0.8713
vt 0.7191 0.8784
vt 0.7273 0.8770
vt 0.7238 0.8912
vt 0.7180 0.8912
vt 0.7208 0.8713
vt 0.7284 0.8689
vt 0.7185 0.9057
vt 0.7185 0.9209
vt 0.8262 0.9502
vt 0.8206 0.9502
vt 0.7238 0.9384
vt 0.7180 0.9365
vt 0.7644 0.9365
vt 0.7585 0.9384
vt 0.8372 0.9502
vt 0.8318 0.9502
vt 0.7633 0.9522
vt 0.7551 0.9541
vt 0.8365 0.9218
vt 0.8309 0.9218
vt 0.8309 0.9502
vt 0.8253 0.9502
vt 0.7273 0.9541
vt 0.7191 0.9522
vt 0.7284 0.9649
vt 0.7208 0.9621
vt 0.7616 0.9621
vt 0.7539 0.9649
vt 0.7412 0.9584
vt 0.7412 0.9665
vt 0.8363 0.8699
vt 0.8309 0.8699
vt 0.8263 0.9502
vt 0.8317 0.9502
vt 0.8253 0.9425
vt 0.8248 0.9502
vt 0.8212 0.9502
vt 0.8207 0.9425
vt 0.8205 0.9485
vt 0.8200 0.9584
vt 0.8163 0.9584
vt 0.8159 0.9485
vt 0.8016 0.9074
vt 0.8102 0.9057
vt 0.8102 0.9209
vt 0.8016 0.9235
vt 0.7736 0.9074
vt 0.7876 0.9107
vt 0.7876 0.9209
vt 0.7736 0.9235
vt 0.8015 0.8770
vt 0.8097 0.8784
vt 0.8108 0.8912
vt 0.8050 0.8912
vt 0.8309 0.8676
vt 0.8307 0.8837
vt 0.8256 0.8837
vt 0.8254 0.8676
vt 0.7876 0.8676
vt 0.8003 0.8689
vt 0.8015 0.8770
vt 0.7876 0.8734
vt 0.8080 0.8713
vt 0.7655 0.8784
vt 0.7737 0.8770
vt 0.7702 0.8912
vt 0.7644 0.8912
vt 0.7672 0.8713
vt 0.7748 0.8689
vt 0.7649 0.9057
vt 0.7649 0.9209
vt 0.7702 0.9384
vt 0.7644 0.9365
vt 0.8108 0.9365
vt 0.8050 0.9384
vt 0.8318 0.9783
vt 0.8320 0.9643
vt 0.8370 0.9643
vt 0.8372 0.9783
vt 0.8256 0.9353
vt 0.8255 0.9196
vt 0.8308 0.9196
vt 0.8307 0.9353
vt 0.8097 0.9522
vt 0.8015 0.9541
vt 0.8309 0.9502
vt 0.8312 0.9360
vt 0.8363 0.9360
vt 0.8365 0.9502
vt 0.7737 0.9541
vt 0.7655 0.9522
vt 0.7748 0.9649
vt 0.7672 0.9621
vt 0.8080 0.9621
vt 0.8003 0.9649
vt 0.7876 0.9584
vt 0.7876 0.9665
vt 0.8207 0.9808
vt 0.8209 0.9651
vt 0.8260 0.9651
vt 0.8261 0.9808
vt 0.8309 0.8980
vt 0.8311 0.8839
vt 0.8361 0.8839
vt 0.8363 0.8980
vt 0.8308 0.8980
vt 0.8255 0.8980
vt 0.8153 0.9726
vt 0.8150 0.9584
vt 0.8206 0.9584
vt 0.8204 0.9726
vt 0.8150 0.9868
vt 0.8206 0.9868
vt 0.8253 0.8753
vt 0.8254 0.8882
vt 0.8206 0.8882
vt 0.8207 0.8753
vt 0.8157 0.9020
vt 0.8157 0.9171
vt 0.8108 0.9171
vt 0.8108 0.9020
vt 0.8253 0.9012
vt 0.8248 0.9089
vt 0.8211 0.9089
vt 0.8207 0.9012
vt 0.8157 0.9171
vt 0.8157 0.9020
vt 0.8206 0.9020
vt 0.8206 0.9171
vt 0.8207 0.9166
vt 0.8211 0.9089
vt 0.8248 0.9089
vt 0.8253 0.9166
vt 0.8158 0.9328
vt 0.8206 0.9328
vt 0.8155 0.9485
vt 0.8151 0.9584
vt 0.8114 0.9584
vt 0.8109 0.9485
vt 0.8159 0.8747
vt 0.8163 0.8676
vt 0.8200 0.8676
vt 0.8205 0.8747
vt 0.8156 0.8875
vt 0.8109 0.8875
vt 0.8155 0.8747
vt 0.8109 0.8747
vt 0.8206 0.9296
vt 0.8253 0.9296
vt 0.8156 0.9328
vt 0.8109 0.9328
vt 0.8158 0.8875
vt 0.8205 0.8875
vt 0.8248 0.8676
vt 0.8211 0.8676
vt 0.8151 0.8676
vt 0.8114 0.8676
vt 0.7552 0.9074
vt 0.7638 0.9057
vt 0.7638 0.9209
vt 0.7552 0.9235
vt 0.7272 0.9074
vt 0.7412 0.9107
vt 0.7412 0.9209
vt 0.7272 0.9235
vt 0.7551 0.8770
vt 0.7633 0.8784
vt 0.7644 0.8912
vt 0.7585 0.8912
vt 0.8262 0.9806
vt 0.8265 0.9644
vt 0.8315 0.9644
vt 0.8318 0.9806
vt 0.7412 0.8676
vt 0.7539 0.8689
vt 0.7551 0.8770
vt 0.7412 0.8734
vt 0.7616 0.8713
vt 0.7191 0.8784
vt 0.7273 0.8770
vt 0.7238 0.8912
vt 0.7180 0.8912
vt 0.7208 0.8713
vt 0.7284 0.8689
vt 0.7185 0.9057
vt 0.7185 0.9209
vt 0.8262 0.9502
vt 0.8206 0.9502
vt 0.7238 0.9384
vt 0.7180 0.9365
vt 0.7644 0.9365
vt 0.7585 0.9384
vt 0.8372 0.9502
vt 0.8318 0.9502
vt 0.7633 0.9522
vt 0.7551 0.9541
vt 0.8365 0.9218
vt 0.8309 0.9218
vt 0.8309 0.9502
vt 0.8253 0.9502
vt 0.7273 0.9541
vt 0.7191 0.9522
vt 0.7284 0.9649
vt 0.7208 0.9621
vt 0.7616 0.9621
vt 0.7539 0.9649
vt 0.7412 0.9584
vt 0.7412 0.9665
vt 0.8363 0.8699
vt 0.8309 0.8699
vt 0.8263 0.9502
vt 0.8317 0.9502
vt 0.8253 0.9425
vt 0.8248 0.9502
vt 0.8212 0.9502
vt 0.8207 0.9425
vt 0.8205 0.9485
vt 0.8200 0.9584
vt 0.8163 0.9584
vt 0.8159 0.9485
vt 0.8016 0.9074
vt 0.8102 0.9057
vt 0.8102 0.9209
vt 0.8016 0.9235
vt 0.7736 0.9074
vt 0.7876 0.9107
vt 0.7876 0.9209
vt 0.7736 0.9235
vt 0.8015 0.8770
vt 0.8097 0.8784
vt 0.8108 0.8912
vt 0.8050 0.8912
vt 0.8309 0.8676
vt 0.8307 0.8837
vt 0.8256 0.8837
vt 0.8254 0.8676
vt 0.7876 0.8676
vt 0.8003 0.8689
vt 0.8015 0.8770
vt 0.7876 0.8734
vt 0.8080 0.8713
vt 0.7655 0.8784
vt 0.7737 0.8770
vt 0.7702 0.8912
vt 0.7644 0.8912
vt 0.7672 0.8713
vt 0.7748 0.8689
vt 0.7649 0.9057
vt 0.7649 0.9209
vt 0.7702 0.9384
vt 0.7644 0.9365
vt 0.8108 0.9365
vt 0.8050 0.9384
vt 0.8318 0.9783
vt 0.8320 0.9643
vt 0.8370 0.9643
vt 0.8372 0.9783
vt 0.8256 0.9353
vt 0.8255 0.9196
vt 0.8308 0.9196
vt 0.8307 0.9353
vt 0.8097 0.9522
vt 0.8015 0.9541
vt 0.8309 0.9502
vt 0.8312 0.9360
vt 0.8363 0.9360
vt 0.8365 0.9502
vt 0.7737 0.9541
vt 0.7655 0.9522
vt 0.7748 0.9649
vt 0.7672 0.9621
vt 0.8080 0.9621
vt 0.8003 0.9649
vt 0.7876 0.9584
vt 0.7876 0.9665
vt 0.8207 0.9808
vt 0.8209 0.9651
vt 0.8260 0.9651
vt 0.8261 0.9808
vt 0.8309 0.8980
vt 0.8311 0.8839
vt 0.8361 0.8839
vt 0.8363 0.8980
vt 0.8308 0.8980
vt 0.8255 0.8980
vt 0.8153 0.9726
vt 0.8150 0.9584
vt 0.8206 0.9584
vt 0.8204 0.9726
vt 0.8150 0.9868
vt 0.8206 0.9868
vt 0.8253 0.8753
vt 0.8254 0.8882
vt 0.8206 0.8882
vt 0.8207 0.8753
vt 0.8157 0.9020
vt 0.8157 0.9171
vt 0.8108 0.9171
vt 0.8108 0.9020
vt 0.8253 0.9012
vt 0.8248 0.9089
vt 0.8211 0.9089
vt 0.8207 0.9012
vt 0.8157 0.9171
vt 0.8157 0.9020
vt 0.8206 0.9020
vt 0.8206 0.9171
vt 0.8207 0.9166
vt 0.8211 0.9089
vt 0.8248 0.9089
vt 0.8253 0.9166
vt 0.8158 0.9328
vt 0.8206 0.9328
vt 0.8155 0.9485
vt 0.8151 0.9584
vt 0.8114 0.9584
vt 0.8109 0.9485
vt 0.8159 0.8747
vt 0.8163 0.8676
vt 0.8200 0.8676
vt 0.8205 0.8747
vt 0.8156 0.8875
vt 0.8109 0.8875
vt 0.8155 0.8747
vt 0.8109 0.8747
vt 0.8206 0.9296
vt 0.8253 0.9296
vt 0.8156 0.9328
vt 0.8109 0.9328
vt 0.8158 0.8875
vt 0.8205 0.8875
vt 0.8248 0.8676
vt 0.8211 0.8676
vt 0.8151 0.8676
vt 0.8114 0.8676
vt 0.7552 0.9074
vt 0.7638 0.9057
vt 0.7638 0.9209
vt 0.7552 0.9235
vt 0.7272 0.9074
vt 0.7412 0.9107
vt 0.7412 0.9209
vt 0.7272 0.9235
vt 0.7551 0.8770
vt 0.7633 0.8784
vt 0.7644 0.8912
vt 0.7585 0.8912
vt 0.8262 0.9806
vt 0.8265 0.9644
vt 0.8315 0.9644
vt 0.8318 0.9806
vt 0.7412 0.8676
vt 0.7539 0.8689
vt 0.7551 0.8770
vt 0.7412 0.8734
vt 0.7616 0.8713
vt 0.7191 0.8784
vt 0.7273 0.8770
vt 0.7238 0.8912
vt 0.7180 0.8912
vt 0.7208 0.8713
vt 0.7284 0.8689
vt 0.7185 0.9057
vt 0.7185 0.9209
vt 0.8262 0.9502
vt 0.8206 0.9502
vt 0.7238 0.9384
vt 0.7180 0.9365
vt 0.7644 0.9365
vt 0.7585 0.9384
vt 0.8372 0.9502
vt 0.8318 0.9502
vt 0.7633 0.9522
vt 0.7551 0.9541
vt 0.8365 0.9218
vt 0.8309 0.9218
vt 0.8309 0.9502
vt 0.8253 0.9502
vt 0.7273 0.9541
vt 0.7191 0.9522
vt 0.7284 0.9649
vt 0.7208 0.9621
vt 0.7616 0.9621
vt 0.7539 0.9649
vt 0.7412 0.9584
vt 0.7412 0.9665
vt 0.8363 0.8699
vt 0.8309 0.8699
vt 0.8263 0.9502
vt 0.8317 0.9502
vt 0.8253 0.9425
vt 0.8248 0.9502
vt 0.8212 0.9502
vt 0.8207 0.9425
vt 0.8205 0.9485
vt 0.8200 0.9584
vt 0.8163 0.9584
vt 0.8159 0.9485
vt 0.8016 0.9074
vt 0.8102 0.9057
vt 0.8102 0.9209
vt 0.8016 0.9235
vt 0.7736 0.9074
vt 0.7876 0.9107
vt 0.7876 0.9209
vt 0.7736 0.9235
vt 0.8015 0.8770
vt 0.8097 0.8784
vt 0.8108 0.8912
vt 0.8050 0.8912
vt 0.8309 0.8676
vt 0.8307 0.8837
vt 0.8256 0.8837
vt 0.8254 0.8676
vt 0.7876 0.8676
vt 0.8003 0.8689
vt 0.8015 0.8770
vt 0.7876 0.8734
vt 0.8080 0.8713
vt 0.7655 0.8784
vt 0.7737 0.8770
vt 0.7702 0.8912
vt 0.7644 0.8912
vt 0.7672 0.8713
vt 0.7748 0.8689
vt 0.7649 0.9057
vt 0.7649 0.9209
vt 0.7702 0.9384
vt 0.7644 0.9365
vt 0.8108 0.9365
vt 0.8050 0.9384
vt 0.8318 0.9783
vt 0.8320 0.9643
vt 0.8370 0.9643
vt 0.8372 0.9783
vt 0.8256 0.9353
vt 0.8255 0.9196
vt 0.8308 0.9196
vt 0.8307 0.9353
vt 0.8097 0.9522
vt 0.8015 0.9541
vt 0.8309 0.9502
vt 0.8312 0.9360
vt 0.8363 0.9360
vt 0.8365 0.9502
vt 0.7737 0.9541
vt 0.7655 0.9522
vt 0.7748 0.9649
vt 0.7672 0.9621
vt 0.8080 0.9621
vt 0.8003 0.9649
vt 0.7876 0.9584
vt 0.7876 0.9665
vt 0.8207 0.9808
vt 0.8209 0.9651
vt 0.8260 0.9651
vt 0.8261 0.9808
vt 0.8309 0.8980
vt 0.8311 0.8839
vt 0.8361 0.8839
vt 0.8363 0.8980
vt 0.8308 0.8980
vt 0.8255 0.8980
vt 0.8153 0.9726
vt 0.8150 0.9584
vt 0.8206 0.9584
vt 0.8204 0.9726
vt 0.8150 0.9868
vt 0.8206 0.9868
vt 0.8253 0.8753
vt 0.8254 0.8882
vt 0.8206 0.8882
vt 0.8207 0.8753
vt 0.8157 0.9020
vt 0.8157 0.9171
vt 0.8108 0.9171
vt 0.8108 0.9020
vt 0.8253 0.9012
vt 0.8248 0.9089
vt 0.8211 0.9089
vt 0.8207 0.9012
vt 0.8157 0.9171
vt 0.8157 0.9020
vt 0.8206 0.9020
vt 0.8206 0.9171
vt 0.8207 0.9166
vt 0.8211 0.9089
vt 0.8248 0.9089
vt 0.8253 0.9166
vt 0.8158 0.9328
vt 0.8206 0.9328
vt 0.8155 0.9485
vt 0.8151 0.9584
vt 0.8114 0.9584
vt 0.8109 0.9485
vt 0.8159 0.8747
vt 0.8163 0.8676
vt 0.8200 0.8676
vt 0.8205 0.8747
vt 0.8156 0.8875
vt 0.8109 0.8875
vt 0.8155 0.8747
vt 0.8109 0.8747
vt 0.8206 0.9296
vt 0.8253 0.9296
vt 0.8156 0.9328
vt 0.8109 0.9328
vt 0.8158 0.8875
vt 0.8205 0.8875
vt 0.8248 0.8676
vt 0.8211 0.8676
vt 0.8151 0.8676
vt 0.8114 0.8676
vt 0.7552 0.9074
vt 0.7638 0.9057
vt 0.7638 0.9209
vt 0.7552 0.9235
vt 0.7272 0.9074
vt 0.7412 0.9107
vt 0.7412 0.9209
vt 0.7272 0.9235
vt 0.7551 0.8770
vt 0.7633 0.8784
vt 0.7644 0.8912
vt 0.7585 0.8912
vt 0.8262 0.9806
vt 0.8265 0.9644
vt 0.8315 0.9644
vt 0.8318 0.9806
vt 0.7412 0.8676
vt 0.7539 0.8689
vt 0.7551 0.8770
vt 0.7412 0.8734
vt 0.7616 0.8713
vt 0.7191 0.8784
vt 0.7273 0.8770
vt 0.7238 0.8912
vt 0.7180 0.8912
vt 0.7208 0.8713
vt 0.7284 0.8689
vt 0.7185 0.9057
vt 0.7185 0.9209
vt 0.8262 0.9502
vt 0.8206 0.9502
vt 0.7238 0.9384
vt 0.7180 0.9365
vt 0.7644 0.9365
vt 0.7585 0.9384
vt 0.8372 0.9502
vt 0.8318 0.9502
vt 0.7633 0.9522
vt 0.7551 0.9541
vt 0.8365 0.9218
vt 0.8309 0.9218
vt 0.8309 0.9502
vt 0.8253 0.9502
vt 0.7273 0.9541
vt 0.7191 0.9522
vt 0.7284 0.9649
vt 0.7208 0.9621
vt 0.7616 0.9621
vt 0.7539 0.9649
vt 0.7412 0.9584
vt 0.7412 0.9665
vt 0.8363 0.8699
vt 0.8309 0.8699
vt 0.8263 0.9502
vt 0.8317 0.9502
vt 0.8253 0.9425
vt 0.8248 0.9502
vt 0.8212 0.9502
vt 0.8207 0.9425
vt 0.8205 0.9485
vt 0.8200 0.9584
vt 0.8163 0.9584
vt 0.8159 0.9485
vt 0.7280 0.8195
vt 0.7279 0.8209
vt 0.7281 0.8005
vt 0.7292 0.8045
vt 0.7297 0.8093
vt 0.7291 0.8141
vt 0.7276 0.8178
vt 0.7275 0.7976
vt 0.9801 0.9498
vt 0.9799 0.9501
vt 0.9794 0.9499
vt 0.9797 0.9496
vt 0.9794 0.9493
vt 0.9792 0.9497
vt 0.9779 0.9494
vt 0.9782 0.9486
vt 0.9796 0.9504
vt 0.9788 0.9516
vt 0.9782 0.9510
vt 0.9793 0.9502
vt 0.9785 0.9501
vt 0.9780 0.9506
vt 0.9778 0.9502
vt 0.9778 0.9498
vt 0.9799 0.9492
vt 0.9803 0.9495
vt 0.9805 0.9491
vt 0.9801 0.9489
vt 0.9805 0.9476
vt 0.9813 0.9480
vt 0.9788 0.9479
vt 0.9797 0.9490
vt 0.9798 0.9482
vt 0.9792 0.9477
vt 0.9796 0.9475
vt 0.9801 0.9475
vt 0.9807 0.9497
vt 0.9804 0.9500
vt 0.9807 0.9502
vt 0.9809 0.9499
vt 0.9823 0.9502
vt 0.9819 0.9510
vt 0.9819 0.9486
vt 0.9808 0.9494
vt 0.9816 0.9495
vt 0.9821 0.9490
vt 0.9823 0.9493
vt 0.9823 0.9498
vt 0.9802 0.9504
vt 0.9800 0.9506
vt 0.9796 0.9520
vt 0.9813 0.9517
vt 0.9805 0.9505
vt 0.9804 0.9514
vt 0.9809 0.9519
vt 0.9805 0.9520
vt 0.9801 0.9520
vt 0.9795 0.9471
vt 0.9801 0.9471
vt 0.9822 0.9512
vt 0.9815 0.9520
vt 0.9827 0.9493
vt 0.9827 0.9498
vt 0.9791 0.9473
vt 0.9806 0.9524
vt 0.9801 0.9524
vt 0.9795 0.9524
vt 0.9811 0.9522
vt 0.9806 0.9472
vt 0.9823 0.9483
vt 0.9825 0.9488
vt 0.9786 0.9520
vt 0.9815 0.9476
vt 0.9778 0.9512
vt 0.9776 0.9508
vt 0.9774 0.9503
vt 0.9774 0.9498
vt 0.9775 0.9493
vt 0.9827 0.9503
vt 0.9779 0.9483
vt 0.9786 0.9476
vt 0.9860 0.9498
vt 0.9858 0.9501
vt 0.9854 0.9499
vt 0.9857 0.9496
vt 0.9853 0.9493
vt 0.9851 0.9497
vt 0.9838 0.9494
vt 0.9842 0.9486
vt 0.9855 0.9504
vt 0.9848 0.9516
vt 0.9841 0.9510
vt 0.9852 0.9502
vt 0.9844 0.9501
vt 0.9839 0.9506
vt 0.9837 0.9502
vt 0.9838 0.9498
vt 0.9859 0.9492
vt 0.9862 0.9495
vt 0.9864 0.9491
vt 0.9861 0.9489
vt 0.9864 0.9476
vt 0.9872 0.9480
vt 0.9848 0.9479
vt 0.9856 0.9490
vt 0.9857 0.9482
vt 0.9852 0.9477
vt 0.9855 0.9475
vt 0.9860 0.9475
vt 0.9866 0.9497
vt 0.9863 0.9500
vt 0.9866 0.9502
vt 0.9868 0.9499
vt 0.9882 0.9502
vt 0.9878 0.9510
vt 0.9879 0.9486
vt 0.9867 0.9494
vt 0.9876 0.9495
vt 0.9881 0.9490
vt 0.9882 0.9493
vt 0.9882 0.9498
vt 0.9861 0.9504
vt 0.9859 0.9506
vt 0.9856 0.9520
vt 0.9872 0.9517
vt 0.9864 0.9505
vt 0.9863 0.9514
vt 0.9868 0.9519
vt 0.9864 0.9520
vt 0.9860 0.9520
vt 0.9855 0.9471
vt 0.9860 0.9471
vt 0.9882 0.9512
vt 0.9874 0.9520
vt 0.9886 0.9493
vt 0.9886 0.9498
vt 0.9850 0.9473
vt 0.9865 0.9524
vt 0.9860 0.9524
vt 0.9855 0.9524
vt 0.9870 0.9522
vt 0.9865 0.9472
vt 0.9882 0.9483
vt 0.9884 0.9488
vt 0.9845 0.9520
vt 0.9874 0.9476
vt 0.9838 0.9512
vt 0.9835 0.9508
vt 0.9833 0.9503
vt 0.9833 0.9498
vt 0.9834 0.9493
vt 0.9886 0.9503
vt 0.9838 0.9483
vt 0.9845 0.9476
vt 0.9676 0.9836
vt 0.9679 0.9838
vt 0.9677 0.9842
vt 0.9674 0.9839
vt 0.9671 0.9843
vt 0.9675 0.9844
vt 0.9672 0.9858
vt 0.9664 0.9854
vt 0.9683 0.9840
vt 0.9694 0.9848
vt 0.9688 0.9855
vt 0.9680 0.9844
vt 0.9679 0.9852
vt 0.9684 0.9857
vt 0.9680 0.9858
vt 0.9676 0.9858
vt 0.9670 0.9837
vt 0.9673 0.9834
vt 0.9669 0.9832
vt 0.9667 0.9835
vt 0.9654 0.9832
vt 0.9658 0.9824
vt 0.9657 0.9848
vt 0.9668 0.9840
vt 0.9660 0.9839
vt 0.9655 0.9844
vt 0.9653 0.9840
vt 0.9654 0.9836
vt 0.9675 0.9830
vt 0.9678 0.9833
vt 0.9680 0.9829
vt 0.9677 0.9828
vt 0.9680 0.9814
vt 0.9688 0.9818
vt 0.9664 0.9817
vt 0.9672 0.9828
vt 0.9673 0.9820
vt 0.9668 0.9815
vt 0.9672 0.9814
vt 0.9676 0.9814
vt 0.9682 0.9835
vt 0.9684 0.9837
vt 0.9698 0.9840
vt 0.9695 0.9824
vt 0.9683 0.9832
vt 0.9692 0.9833
vt 0.9697 0.9828
vt 0.9698 0.9832
vt 0.9698 0.9836
vt 0.9649 0.9841
vt 0.9649 0.9836
vt 0.9691 0.9814
vt 0.9698 0.9821
vt 0.9671 0.9809
vt 0.9676 0.9809
vt 0.9651 0.9846
vt 0.9703 0.9831
vt 0.9703 0.9836
vt 0.9702 0.9841
vt 0.9701 0.9826
vt 0.9650 0.9831
vt 0.9661 0.9814
vt 0.9666 0.9811
vt 0.9698 0.9851
vt 0.9654 0.9821
vt 0.9690 0.9858
vt 0.9686 0.9861
vt 0.9681 0.9863
vt 0.9676 0.9863
vt 0.9671 0.9862
vt 0.9681 0.9810
vt 0.9661 0.9858
vt 0.9654 0.9851
vt 0.9676 0.9777
vt 0.9678 0.9774
vt 0.9682 0.9776
vt 0.9679 0.9779
vt 0.9683 0.9781
vt 0.9684 0.9778
vt 0.9698 0.9781
vt 0.9694 0.9789
vt 0.9680 0.9770
vt 0.9688 0.9759
vt 0.9695 0.9765
vt 0.9683 0.9773
vt 0.9692 0.9774
vt 0.9697 0.9769
vt 0.9698 0.9772
vt 0.9698 0.9777
vt 0.9677 0.9783
vt 0.9674 0.9780
vt 0.9671 0.9783
vt 0.9675 0.9785
vt 0.9672 0.9799
vt 0.9664 0.9795
vt 0.9688 0.9796
vt 0.9680 0.9784
vt 0.9679 0.9793
vt 0.9684 0.9798
vt 0.9680 0.9799
vt 0.9676 0.9799
vt 0.9670 0.9778
vt 0.9673 0.9775
vt 0.9669 0.9772
vt 0.9667 0.9776
vt 0.9654 0.9773
vt 0.9658 0.9765
vt 0.9657 0.9789
vt 0.9668 0.9781
vt 0.9660 0.9780
vt 0.9655 0.9785
vt 0.9653 0.9781
vt 0.9654 0.9777
vt 0.9675 0.9771
vt 0.9677 0.9768
vt 0.9680 0.9755
vt 0.9664 0.9758
vt 0.9672 0.9769
vt 0.9673 0.9761
vt 0.9668 0.9756
vt 0.9672 0.9754
vt 0.9676 0.9755
vt 0.9681 0.9803
vt 0.9676 0.9803
vt 0.9654 0.9762
vt 0.9661 0.9755
vt 0.9649 0.9782
vt 0.9649 0.9777
vt 0.9686 0.9801
vt 0.9671 0.9750
vt 0.9676 0.9750
vt 0.9681 0.9751
vt 0.9666 0.9752
vt 0.9671 0.9803
vt 0.9654 0.9791
vt 0.9651 0.9787
vt 0.9691 0.9755
vt 0.9661 0.9799
vt 0.9698 0.9762
vt 0.9701 0.9767
vt 0.9703 0.9772
vt 0.9703 0.9777
vt 0.9702 0.9782
vt 0.9650 0.9772
vt 0.9698 0.9792
vt 0.9690 0.9799
f 132/1 127/2 1/3 91/4
f 125/5 104/6 4/7 120/8
f 1579/9 1580/10 10/11 11/12
f 1576/13 1577/14 13/15 14/16
f 1567/17 1568/18 315/19 316/20
f 120/21 4/22 135/23 134/24
f 191/25 3/26 196/27 195/28
f 47/29 177/30 186/31 184/32
f 144/33 21/34 156/35 155/36
f 246/37 206/38 75/39 149/40
f 252/41 208/42 69/43 172/44
f 209/45 205/46 70/47 76/48
f 249/49 211/50 66/51 167/52
f 255/53 213/54 79/55 189/56
f 211/50 214/57 64/58 66/51
f 213/54 215/59 80/60 79/55
f 216/61 217/62 58/63 52/64
f 218/65 219/66 51/67 65/68
f 245/69 216/61 52/64 145/70
f 221/71 222/72 71/73 86/74
f 215/59 223/75 81/76 80/60
f 224/77 225/78 55/79 60/80
f 254/81 210/82 83/83 179/84
f 242/85 227/86 82/87 124/88
f 228/89 229/90 54/91 59/92
f 227/86 226/93 85/94 82/87
f 230/95 231/96 68/97 78/98
f 232/99 220/100 57/101 56/102
f 206/38 233/103 74/104 75/39
f 234/105 235/106 61/107 62/108
f 256/109 218/65 65/68 193/110
f 233/111 236/112 73/113 74/114
f 244/115 237/116 63/117 131/118
f 225/78 232/119 56/120 55/79
f 1698/121 209/45 76/48 1696/122
f 237/116 234/105 62/108 63/117
f 219/66 224/77 60/80 51/67
f 241/123 239/124 72/125 123/126
f 1663/127 228/89 59/92 1661/128
f 243/129 240/130 53/131 130/132
f 239/124 238/133 77/134 72/125
f 247/135 221/71 86/74 162/136
f 240/130 207/137 67/138 53/131
f 236/112 230/95 78/98 73/113
f 231/96 212/139 84/140 68/97
f 176/141 175/142 112/143 6/144
f 169/145 6/146 112/147 174/148
f 222/72 241/123 123/126 71/73
f 223/75 242/85 124/88 81/76
f 229/90 243/129 130/132 54/91
f 214/57 244/115 131/118 64/58
f 127/149 128/150 140/151 136/152
f 134/24 135/23 139/153 138/154
f 137/155 136/156 140/157 141/158
f 36/159 121/160 138/154 139/153
f 121/161 120/162 134/163 138/164
f 18/165 1/166 137/167 141/168
f 128/169 18/170 141/158 140/157
f 4/171 36/172 139/173 135/174
f 1/175 127/176 136/156 137/155
f 2/177 95/178 146/179 142/180
f 220/100 245/69 145/70 57/101
f 5/181 39/182 158/183 154/184
f 5/185 147/186 150/187 109/188
f 205/46 246/37 149/40 70/47
f 1693/189 1578/190 12/191 7484/192
f 153/193 154/194 158/195 157/196
f 152/197 151/198 155/36 156/35
f 39/199 148/200 157/196 158/195
f 2/201 142/202 151/198 152/197
f 147/203 5/204 154/194 153/193
f 21/205 2/206 152/207 156/208
f 148/209 147/210 153/211 157/212
f 253/213 247/135 162/136 180/214
f 226/93 248/215 161/216 85/94
f 251/217 249/49 167/52 173/218
f 207/137 250/219 166/220 67/138
f 6/221 169/222 181/223 182/224
f 210/225 251/217 173/218 83/226
f 250/219 252/41 172/44 166/220
f 208/227 253/213 180/214 69/228
f 248/215 254/81 179/84 161/216
f 185/229 182/230 184/32 186/31
f 182/224 181/223 183/231 184/232
f 169/233 171/234 183/235 181/236
f 171/237 47/238 184/232 183/231
f 176/239 6/240 182/230 185/229
f 177/241 176/242 185/243 186/244
f 7/245 110/246 190/247 187/248
f 212/139 255/53 189/56 84/140
f 187/249 188/250 201/251 197/252
f 3/253 191/254 194/255 97/256
f 235/106 256/109 193/110 61/107
f 1573/257 1569/258 314/259 310/260
f 195/28 196/27 200/261 199/262
f 198/263 197/264 201/265 202/266
f 7/267 187/268 197/269 198/270
f 29/271 192/272 199/262 200/261
f 188/273 48/274 202/275 201/276
f 192/277 191/278 195/279 199/280
f 48/281 7/282 198/283 202/284
f 3/285 29/286 200/287 196/288
f 36/172 4/171 203/289 204/290
f 288/291 308/292 256/109 235/106
f 261/293 307/294 255/53 212/139
f 300/295 306/296 254/81 248/215
f 274/297 305/298 253/213 208/227
f 302/299 304/300 252/41 250/219
f 260/301 303/302 251/217 210/225
f 258/303 302/299 250/219 207/137
f 303/302 301/304 249/49 251/217
f 267/305 300/295 248/215 226/93
f 305/298 299/306 247/135 253/213
f 257/307 298/308 246/37 205/46
f 264/309 297/310 245/69 220/100
f 277/311 296/312 244/115 214/57
f 285/313 295/314 243/129 229/90
f 282/315 294/316 242/85 223/75
f 281/317 293/318 241/123 222/72
f 286/319 261/293 212/139 231/96
f 289/320 269/321 230/95 236/112
f 292/322 258/303 207/137 240/130
f 299/306 265/323 221/71 247/135
f 291/324 272/325 238/133 239/124
f 295/314 292/322 240/130 243/129
f 1664/326 268/327 228/89 1663/127
f 293/318 291/324 239/124 241/123
f 280/328 266/329 224/77 219/66
f 290/330 271/331 234/105 237/116
f 1699/332 259/333 209/45 1698/121
f 283/334 270/335 232/119 225/78
f 296/312 290/330 237/116 244/115
f 287/336 289/320 236/112 233/111
f 308/292 263/337 218/65 256/109
f 271/331 288/291 235/106 234/105
f 273/338 287/339 233/103 206/38
f 270/340 264/309 220/100 232/99
f 269/321 286/319 231/96 230/95
f 284/341 267/305 226/93 227/86
f 268/327 285/313 229/90 228/89
f 294/316 284/341 227/86 242/85
f 306/296 260/342 210/82 254/81
f 266/329 283/334 225/78 224/77
f 278/343 282/315 223/75 215/59
f 265/323 281/317 222/72 221/71
f 297/310 262/344 216/61 245/69
f 263/337 280/328 219/66 218/65
f 262/344 279/345 217/62 216/61
f 276/346 278/343 215/59 213/54
f 275/347 277/311 214/57 211/50
f 307/294 276/346 213/54 255/53
f 301/304 275/347 211/50 249/49
f 259/333 257/307 205/46 209/45
f 304/300 274/348 208/42 252/41
f 298/308 273/338 206/38 246/37
f 148/349 39/350 273/338 298/308
f 170/351 33/352 274/348 304/300
f 40/353 34/354 257/307 259/333
f 165/355 30/356 275/347 301/304
f 188/357 43/358 276/346 307/294
f 30/356 28/359 277/311 275/347
f 43/358 44/360 278/343 276/346
f 16/361 22/362 279/345 262/344
f 29/363 15/364 280/328 263/337
f 144/365 16/361 262/344 297/310
f 50/366 35/367 281/317 265/323
f 44/360 45/368 282/315 278/343
f 24/369 19/370 283/334 266/329
f 177/371 47/372 260/342 306/296
f 122/373 46/374 284/341 294/316
f 23/375 18/376 285/313 268/327
f 46/374 49/377 267/305 284/341
f 42/378 32/379 286/319 269/321
f 20/380 21/381 264/309 270/340
f 39/382 38/383 287/339 273/338
f 26/384 25/385 288/291 271/331
f 192/386 29/387 263/337 308/292
f 38/388 37/389 289/320 287/336
f 129/390 27/391 290/330 296/312
f 19/370 20/392 270/335 283/334
f 1695/393 40/353 259/333 1699/332
f 27/391 26/384 271/331 290/330
f 15/364 24/369 266/329 280/328
f 121/394 36/395 291/324 293/318
f 1660/396 23/375 268/327 1664/326
f 128/397 17/398 292/322 295/314
f 36/399 41/400 272/325 291/324
f 160/401 50/366 265/323 299/306
f 17/398 31/402 258/303 292/322
f 37/389 42/378 269/321 289/320
f 32/379 48/403 261/293 286/319
f 35/367 121/404 293/318 281/317
f 45/368 122/373 294/316 282/315
f 18/405 128/406 295/314 285/313
f 28/359 129/390 296/312 277/311
f 21/407 144/408 297/310 264/309
f 34/354 148/409 298/308 257/307
f 178/410 160/401 299/306 305/298
f 49/377 159/411 300/295 267/305
f 171/412 165/355 301/304 303/302
f 31/402 164/413 302/299 258/303
f 47/414 171/415 303/302 260/301
f 164/413 170/351 304/300 302/299
f 33/416 178/410 305/298 274/297
f 159/411 177/417 306/296 300/295
f 48/418 188/419 307/294 261/293
f 25/385 192/420 308/292 288/291
f 1565/421 1566/422 1659/423 1665/424
f 1574/425 1576/13 14/13 309/426
f 333/427 318/428 319/429 359/430
f 1685/431 1684/432 326/433 336/434
f 336/434 326/433 328/435 338/436
f 322/437 332/438 337/439 327/440
f 318/441 317/442 323/443 334/444
f 332/438 345/445 348/446 337/439
f 1687/447 1685/431 336/434 347/448
f 347/448 336/434 338/436 349/449
f 361/450 340/451 353/452 362/453
f 1497/454 354/455 334/456 1494/457
f 356/458 355/459 331/460 344/461
f 355/459 357/462 330/463 331/460
f 318/428 334/444 354/455 319/429
f 340/451 339/464 350/465 353/452
f 1350/466 1347/467 329/468 343/469
f 352/470 341/471 361/472 362/473
f 352/470 358/474 342/475 341/471
f 337/439 348/446 350/465 339/464
f 1350/476 1348/477 349/449 338/436
f 356/458 344/461 342/475 358/474
f 335/478 320/479 321/480 346/481
f 320/479 335/478 325/482 324/483
f 329/468 325/484 335/485 343/469
f 343/469 335/485 346/486 351/487
f 359/430 321/480 320/479 333/427
f 513/488 368/489 369/490 529/491
f 705/492 689/493 365/494 372/495
f 689/493 673/496 364/497 365/494
f 673/496 657/498 363/499 364/497
f 657/498 641/500 384/501 363/499
f 625/502 609/503 382/504 383/505
f 609/503 593/506 381/507 382/504
f 577/508 561/509 377/510 378/511
f 754/512 380/513 368/489 513/488
f 497/514 481/515 373/516 370/517
f 411/518 414/519 375/520 374/521
f 404/522 409/523 408/524 403/525
f 403/525 408/524 407/526 402/527
f 374/521 375/520 412/528 406/529
f 1428/530 1242/531 1243/532 1427/533
f 1323/534 399/535 405/536 1322/537
f 398/538 404/522 403/525 397/539
f 1420/540 1247/541 1246/542 1417/543
f 1419/544 1248/545 1247/541 1420/540
f 397/539 403/525 402/527 396/546
f 1488/547 396/546 402/527 1487/548
f 1542/549 1523/550 851/551 1416/552
f 392/553 1520/554 389/555 1325/556
f 1517/557 376/558 459/559 1496/560
f 1587/561 379/562 390/563 1596/564
f 1319/565 1320/566 432/567 437/568
f 437/568 432/567 434/569 439/570
f 1678/571 1679/572 433/573 438/574
f 438/574 433/573 430/575 435/576
f 1340/577 435/576 430/575 1341/578
f 1318/579 1319/565 437/568 442/580
f 442/580 437/568 439/570 444/581
f 1677/582 1678/571 438/574 443/583
f 443/583 438/574 435/576 440/584
f 1340/585 420/586 423/587 1343/588
f 374/521 367/589 401/590 411/518
f 367/589 374/521 406/529 400/591
f 174/592 112/593 1240/594 1425/595
f 133/596 108/597 388/598 1324/599
f 116/600 387/601 386/602 117/603
f 117/603 386/602 385/604 118/605
f 194/606 118/605 385/604 1479/607
f 98/608 376/609 460/610 94/611
f 379/562 366/612 394/613 390/563
f 366/612 367/589 400/591 394/613
f 1491/614 1487/548 402/527 407/526
f 1672/615 1675/616 448/617 464/618
f 449/619 429/620 465/621 447/622
f 1339/623 1334/624 466/625 446/626
f 464/618 448/617 446/626 466/625
f 473/627 469/628 468/629 472/630
f 728/631 727/632 469/628 473/627
f 476/633 477/634 408/524 409/523
f 1484/635 1486/636 498/637 482/638
f 370/517 373/516 482/638 498/637
f 1681/639 1673/640 485/641 501/642
f 479/643 495/644 494/645 478/646
f 506/647 490/648 489/649 505/650
f 501/642 485/641 487/651 503/652
f 730/653 729/654 490/648 506/647
f 480/655 496/656 502/657 486/658
f 1335/659 1338/660 503/652 487/651
f 493/661 509/662 495/644 479/643
f 746/663 745/664 521/665 522/666
f 747/667 746/663 522/666 731/668
f 747/669 731/670 523/671 748/672
f 380/513 753/673 514/674 368/489
f 1680/675 1682/676 565/677 581/678
f 559/679 575/680 574/681 558/682
f 586/683 570/684 569/685 585/686
f 581/678 565/677 567/687 583/688
f 735/689 734/690 570/684 586/683
f 560/691 576/692 582/693 566/694
f 1344/695 1342/696 583/688 567/687
f 573/697 589/698 575/680 559/679
f 1490/699 1489/700 578/701 562/702
f 378/511 377/510 562/702 578/701
f 576/692 592/703 598/704 582/693
f 598/704 601/705 585/706 582/693
f 602/707 586/683 585/686 601/705
f 736/708 735/689 586/683 602/707
f 587/709 735/710 736/711 603/712
f 603/712 604/713 588/714 587/709
f 604/713 605/715 589/716 588/714
f 737/717 736/708 602/707 618/718
f 592/703 608/719 614/720 598/704
f 1330/721 1331/722 615/723 599/724
f 605/725 621/726 607/727 591/728
f 1480/729 1481/730 610/731 594/732
f 382/504 381/507 594/732 610/731
f 1668/733 1669/734 597/735 613/736
f 591/728 607/727 606/737 590/738
f 618/718 602/707 601/705 617/739
f 613/736 597/735 599/724 615/723
f 383/505 382/504 610/731 626/740
f 1671/741 1668/733 613/736 629/742
f 607/727 623/743 622/744 606/737
f 634/745 618/718 617/739 633/746
f 629/742 613/736 615/723 631/747
f 738/748 737/717 618/718 634/745
f 608/719 624/749 630/750 614/720
f 1331/722 1333/751 631/747 615/723
f 621/726 637/752 623/743 607/727
f 1481/730 1483/753 626/740 610/731
f 661/754 645/755 647/756 663/757
f 740/758 739/759 650/760 666/761
f 640/762 656/763 662/764 646/765
f 1332/766 1352/767 663/757 647/756
f 653/768 669/769 655/770 639/771
f 1482/772 1500/773 658/774 642/775
f 363/499 384/501 642/775 658/774
f 1666/776 1670/777 645/755 661/754
f 639/771 655/770 654/778 638/779
f 666/761 650/760 649/780 665/781
f 669/769 685/782 671/783 655/770
f 1500/773 1477/784 674/785 658/774
f 364/497 363/499 658/774 674/785
f 1667/786 1666/776 661/754 677/787
f 655/770 671/783 670/788 654/778
f 682/789 666/761 665/781 681/790
f 677/787 661/754 663/757 679/791
f 741/792 740/758 666/761 682/789
f 656/763 672/793 678/794 662/764
f 1352/767 1328/795 679/791 663/757
f 698/796 682/789 681/790 697/797
f 693/798 677/787 679/791 695/799
f 742/800 741/792 682/789 698/796
f 672/793 688/801 694/802 678/794
f 1328/795 1351/803 695/799 679/791
f 685/782 701/804 687/805 671/783
f 1477/784 1499/806 690/807 674/785
f 365/494 364/497 674/785 690/807
f 1689/808 1667/786 677/787 693/798
f 671/783 687/805 686/809 670/788
f 1351/803 1349/810 711/811 695/799
f 701/804 717/812 703/813 687/805
f 1499/806 1498/814 706/815 690/807
f 372/495 365/494 690/807 706/815
f 1688/816 1689/808 693/798 709/817
f 687/805 703/813 702/818 686/809
f 714/819 698/796 697/797 713/820
f 709/817 693/798 695/799 711/811
f 743/821 742/800 698/796 714/819
f 688/801 704/822 710/823 694/802
f 719/824 718/825 702/818 703/813
f 725/826 719/824 703/813 717/812
f 715/827 723/828 724/829 716/830
f 714/819 713/820 721/831 722/832
f 87/833 88/834 461/835 463/836
f 1509/837 1508/838 463/836 461/835
f 694/802 710/823 713/820 697/797
f 416/839 415/840 418/841 419/842
f 419/842 418/841 421/843 422/844
f 699/845 715/827 716/830 700/846
f 697/797 681/790 678/794 694/802
f 700/846 684/847 683/848 699/845
f 667/849 683/848 684/847 668/850
f 662/764 678/794 681/790 665/781
f 646/765 662/764 665/781 649/780
f 651/851 667/849 668/850 652/852
f 1088/853 844/854 845/855 1104/856
f 636/857 620/858 619/859 635/860
f 614/720 630/750 633/746 617/739
f 598/704 614/720 617/739 601/705
f 603/712 619/859 620/858 604/713
f 589/716 605/715 591/728 575/680
f 575/680 591/728 590/738 574/681
f 1489/700 1480/729 594/732 578/701
f 566/694 582/693 585/706 569/685
f 381/507 378/511 578/701 594/732
f 588/714 572/861 571/862 587/709
f 422/844 421/843 424/863 425/864
f 425/864 424/863 427/865 428/866
f 486/658 502/657 505/650 489/649
f 447/622 465/621 472/630 468/629
f 146/867 1336/868 453/869 89/870
f 491/871 507/872 508/873 492/874
f 475/875 471/876 470/877 474/878
f 716/830 724/829 725/826 717/812
f 717/812 701/804 700/846 716/830
f 742/879 743/880 715/827 699/845
f 741/881 742/879 699/845 683/848
f 701/804 685/782 684/847 700/846
f 685/782 669/769 668/850 684/847
f 740/882 741/881 683/848 667/849
f 739/883 740/882 667/849 651/851
f 669/769 653/768 652/852 668/850
f 844/854 1087/884 1103/885 845/855
f 1105/886 1103/885 1087/884 1089/887
f 620/858 636/857 637/752 621/726
f 621/726 605/725 604/713 620/858
f 378/511 381/507 593/506 577/508
f 593/506 595/888 579/889 577/508
f 589/716 573/697 572/861 588/714
f 492/874 508/873 509/662 493/661
f 471/876 475/875 477/634 476/633
f 474/878 470/877 727/890 728/891
f 729/892 730/893 507/872 491/871
f 759/894 758/895 519/896 517/897
f 1690/898 759/894 517/897 1676/899
f 734/900 735/710 587/709 571/862
f 484/901 428/866 427/865 483/902
f 499/903 500/904 484/901 483/902
f 736/711 737/905 619/859 603/712
f 737/905 738/906 635/860 619/859
f 1106/907 1105/886 1089/887 1090/908
f 1090/909 1094/910 1110/911 1106/912
f 1346/913 1344/695 567/687 551/914
f 1676/899 517/897 533/915 1686/916
f 517/897 519/896 535/917 533/915
f 1345/918 535/917 519/896 1337/919
f 368/489 514/674 530/920 369/490
f 1493/921 530/920 514/674 1485/922
f 527/923 526/924 510/925 511/926
f 541/927 527/923 511/926 525/928
f 540/929 541/927 525/928 524/930
f 524/930 523/931 539/932 540/929
f 523/671 731/670 732/933 539/932
f 731/668 522/666 538/934 732/935
f 522/666 521/665 537/936 538/934
f 534/937 537/936 521/665 518/938
f 528/939 534/937 518/938 512/940
f 512/940 518/938 744/941 760/942
f 521/665 745/664 744/941 518/938
f 1372/943 997/944 1013/945 1365/946
f 524/930 749/947 748/672 523/931
f 525/928 750/948 749/947 524/930
f 525/928 511/926 751/949 750/948
f 511/926 510/925 752/950 751/949
f 1485/922 514/674 753/673 1478/951
f 994/952 998/953 1014/954 1010/955
f 707/956 708/957 692/958 691/959
f 1337/919 519/896 758/895 1329/960
f 1010/961 1009/962 993/963 994/964
f 1009/962 1007/965 991/966 993/963
f 676/967 675/968 691/959 692/958
f 675/968 676/967 660/969 659/970
f 644/971 643/972 659/970 660/969
f 1370/973 1093/974 1109/975 1358/976
f 1093/974 1091/977 1107/978 1109/975
f 627/979 628/980 612/981 611/982
f 596/983 595/984 611/982 612/981
f 580/985 579/889 595/888 596/983
f 1585/986 1598/987 417/988 1341/989
f 1512/990 450/991 453/992 1511/993
f 366/612 379/562 391/994 395/995
f 367/589 366/612 395/995 401/590
f 1343/996 1339/623 446/626 440/997
f 448/617 443/583 440/584 446/626
f 766/998 410/999 405/1000 765/1001
f 767/1002 413/1003 410/999 766/998
f 1426/1004 1245/1005 1254/1006 1429/1007
f 769/1008 457/1009 458/1010 768/1011
f 1430/1012 1253/1013 1255/1014 1432/1015
f 1432/1016 1255/1017 1252/1018 1431/1019
f 772/1020 455/1021 456/1022 771/1023
f 773/1024 445/1025 455/1021 772/1020
f 774/1026 441/1027 445/1025 773/1024
f 1692/1028 1674/1029 450/991 1512/990
f 1514/1030 454/1031 451/1032 1513/1033
f 1533/1034 1317/1035 454/1031 1514/1030
f 1518/1036 777/1037 452/1038 1510/1039
f 1325/556 389/555 393/1040 1326/1041
f 762/1042 763/1043 393/1040 389/555
f 1646/1044 1643/1045 399/535 1323/534
f 1649/1046 1423/1047 1241/1048 1641/1049
f 1675/616 1677/582 443/583 448/617
f 447/622 442/580 444/581 449/619
f 1321/1050 409/523 404/522 1322/1051
f 1311/1052 476/633 409/523 1321/1050
f 1313/1053 471/876 476/633 1311/1052
f 1314/1054 470/877 471/876 1313/1053
f 1314/1055 457/1056 726/1057 1327/1058
f 1327/1059 726/1060 456/1061 1316/1062
f 1316/1062 456/1061 455/1021 1315/1063
f 1312/1064 447/622 468/629 1315/1065
f 1312/1064 1318/579 442/580 447/622
f 399/535 764/1066 765/1001 405/536
f 436/1067 775/1068 776/1069 431/1070
f 441/1027 774/1026 775/1068 436/1067
f 1520/554 1516/1071 762/1042 389/555
f 108/597 96/1072 761/1073 388/598
f 1406/1074 766/998 765/1001 1409/1075
f 1408/1076 767/1002 766/998 1406/1074
f 413/1003 767/1002 768/1011 458/1010
f 1412/1077 769/1008 768/1011 1411/1078
f 457/1009 769/1008 770/1079 726/1057
f 726/1060 770/1080 771/1023 456/1061
f 1403/1081 772/1020 771/1023 1413/1082
f 1404/1083 773/1024 772/1020 1403/1081
f 1401/1084 774/1026 773/1024 1404/1083
f 1539/1085 1400/1086 777/1037 1518/1036
f 1398/1087 1405/1088 763/1043 762/1042
f 1643/1089 393/1040 763/1043 1640/1090
f 95/1091 87/1092 463/1093 462/1094
f 1508/1095 1507/1096 462/1094 463/1093
f 417/1097 416/1098 419/1099 420/1100
f 420/1100 419/1099 422/1101 423/587
f 423/587 422/1101 425/1102 426/1103
f 426/1103 425/1102 428/1104 467/1105
f 488/1106 484/1107 500/1108 504/1109
f 830/1110 991/966 1007/965 832/1111
f 992/1112 830/1110 832/1111 1008/1113
f 757/1114 756/1115 516/1116 520/1117
f 520/1117 516/1116 532/1118 536/1119
f 568/1120 564/1121 580/1122 584/1123
f 584/1123 580/1122 596/1124 600/1125
f 1342/696 1330/721 599/724 583/688
f 600/1125 596/1124 612/1126 616/1127
f 616/1127 612/1126 628/1128 632/1129
f 1719/1130 1086/1131 1102/1132 1715/1133
f 1086/1131 1092/1134 1108/1135 1102/1132
f 648/1136 644/1137 660/1138 664/1139
f 643/972 641/500 657/498 659/970
f 1111/1140 1108/1135 1092/1134 1095/1141
f 1095/1141 1096/1142 1112/1143 1111/1140
f 611/982 609/503 625/502 627/979
f 595/984 593/506 609/503 611/982
f 597/735 581/678 583/688 599/724
f 1669/734 1680/675 581/678 597/735
f 577/508 579/889 563/1144 561/509
f 1682/676 1683/1145 549/1146 565/677
f 515/1147 513/488 529/491 531/1148
f 755/1149 754/512 513/488 515/1147
f 1019/1150 1018/1151 1002/1152 1003/1153
f 1003/1153 989/1154 1005/1155 1019/1150
f 483/902 481/515 497/514 499/903
f 424/863 406/529 412/528 427/865
f 421/843 400/591 406/529 424/863
f 418/841 394/613 400/591 421/843
f 415/840 390/563 394/613 418/841
f 1506/1156 1509/837 461/835 460/1157
f 88/834 94/611 460/610 461/835
f 664/1139 660/1138 676/1158 680/1159
f 680/1159 676/1158 692/1160 696/1161
f 708/1162 712/1163 696/1161 692/1160
f 429/620 480/655 486/658 465/621
f 1673/640 1672/615 464/618 485/641
f 485/641 464/618 466/625 487/651
f 1334/624 1335/659 487/651 466/625
f 428/1104 484/1107 488/1106 467/1105
f 579/889 580/985 564/1164 563/1144
f 564/1164 548/1165 547/1166 563/1144
f 412/528 481/515 483/902 427/865
f 375/520 373/516 481/515 412/528
f 373/516 375/520 414/519 482/638
f 1491/1167 1484/635 482/638 414/519
f 408/524 479/643 478/646 407/526
f 477/634 493/661 479/643 408/524
f 475/875 492/874 493/661 477/634
f 492/874 475/875 474/878 491/871
f 491/871 474/878 728/891 729/892
f 729/654 728/631 473/627 490/648
f 490/648 473/627 472/630 489/649
f 489/649 472/630 465/621 486/658
f 565/677 549/1146 551/914 567/687
f 548/1168 564/1121 568/1120 552/1169
f 371/1170 377/510 561/509 545/1171
f 1492/1172 1490/699 562/702 546/1173
f 557/1174 573/697 559/679 543/1175
f 572/861 556/1176 555/1177 571/862
f 734/690 733/1178 554/1179 570/684
f 569/685 553/1180 550/1181 566/694
f 544/1182 560/691 566/694 550/1181
f 570/684 554/1179 553/1180 569/685
f 571/862 555/1177 733/1183 734/900
f 556/1176 572/861 573/697 557/1174
f 543/1175 559/679 558/682 542/1184
f 377/510 371/1170 546/1173 562/702
f 563/1144 547/1166 545/1171 561/509
f 659/970 657/498 673/496 675/968
f 675/968 673/496 689/493 691/959
f 705/492 707/956 691/959 689/493
f 516/1185 515/1147 531/1148 532/1186
f 756/1187 755/1149 515/1147 516/1185
f 989/1154 988/1188 1004/1189 1005/1155
f 1464/1190 992/1112 1008/1113 1465/1191
f 333/427 720/1192 317/442 318/428
f 719/824 331/460 330/463 718/825
f 340/451 722/832 721/831 339/464
f 361/450 360/1193 722/832 340/451
f 725/826 344/461 331/460 719/824
f 1495/1194 1494/457 334/456 323/443
f 342/475 724/829 723/828 341/471
f 339/464 721/831 327/440 337/439
f 344/461 725/826 724/829 342/475
f 360/1195 361/472 341/471 723/828
f 333/427 320/479 324/483 720/1192
f 705/492 372/495 317/442 720/1192
f 372/495 706/815 323/443 317/442
f 1495/1194 323/443 706/815 1498/814
f 743/821 714/819 722/832 360/1193
f 710/823 327/440 721/831 713/820
f 1347/1196 328/1197 711/811 1349/810
f 709/817 711/811 328/1197 326/433
f 1688/816 709/817 326/433 1684/432
f 322/437 327/440 710/823 704/822
f 743/880 360/1195 723/828 715/827
f 708/957 707/956 324/483 325/482
f 712/1163 708/1162 325/484 329/468
f 707/956 705/492 720/1192 324/483
f 794/1198 820/1199 780/1200 779/1201
f 1713/1202 797/1203 787/1204 1710/1205
f 797/1203 799/1206 789/1207 787/1204
f 783/1208 788/1209 798/1210 793/1211
f 779/1212 795/1213 784/1214 778/1215
f 793/1211 798/1210 809/1216 806/1217
f 1716/1218 808/1219 797/1203 1713/1202
f 808/1219 810/1220 799/1206 797/1203
f 822/1221 823/1222 814/1223 801/1224
f 1467/1225 1461/1226 795/1227 815/1228
f 817/1229 805/1230 792/1231 816/1232
f 816/1232 792/1231 791/1233 818/1234
f 779/1212 780/1200 815/1228 795/1213
f 801/1224 814/1223 811/1235 800/1236
f 1368/1237 804/1238 790/1239 1362/1240
f 813/1241 823/1242 822/1243 802/1244
f 813/1241 802/1244 803/1245 819/1246
f 798/1210 800/1236 811/1235 809/1216
f 1368/1247 799/1206 810/1220 1366/1248
f 817/1229 819/1246 803/1245 805/1230
f 796/1249 807/1250 782/1251 781/1252
f 781/1252 785/1253 786/1254 796/1249
f 790/1239 804/1238 796/1255 786/1256
f 804/1238 812/1257 807/1258 796/1255
f 820/1199 794/1198 781/1252 782/1251
f 975/1259 991/966 830/1110 829/1260
f 1167/1261 833/1262 826/1263 1151/1264
f 1151/1264 826/1263 825/1265 1135/1266
f 1135/1266 825/1265 824/1267 1119/1268
f 1119/1268 824/1267 845/855 1103/885
f 1087/884 844/854 843/1269 1071/1270
f 1071/1270 843/1269 842/1271 1055/1272
f 1039/1273 839/1274 838/1275 1023/1276
f 1216/1277 975/1259 829/1260 841/1278
f 959/1279 831/1280 834/1281 943/1282
f 873/1283 835/1284 836/1285 876/1286
f 866/1287 865/1288 870/1289 871/1290
f 865/1288 864/1291 869/1292 870/1289
f 835/1284 868/1293 874/1294 836/1285
f 1438/1295 1437/1296 1243/1297 1242/1298
f 854/1299 1305/1300 867/1301 861/1302
f 860/1303 859/1304 865/1288 866/1287
f 1448/1305 1445/1306 1246/1307 1247/1308
f 1447/1309 1448/1305 1247/1308 1248/1310
f 859/1304 858/1311 864/1291 865/1288
f 1470/1312 1472/1313 864/1291 858/1311
f 1544/1314 1451/1315 851/1316 1523/1317
f 1532/1318 1310/1319 850/1320 1529/1321
f 1519/1322 1521/1323 921/1324 837/1325
f 1588/1326 1607/1327 852/1328 840/1329
f 1302/1330 899/1331 894/1332 1303/1333
f 899/1331 901/1334 896/1335 894/1332
f 1721/1336 900/1337 895/1338 1722/1339
f 900/1337 897/1340 892/1341 895/1338
f 1374/1342 1375/1343 892/1341 897/1340
f 1295/1344 904/1345 899/1331 1302/1330
f 904/1345 906/1346 901/1334 899/1331
f 1701/1347 905/1348 900/1337 1721/1336
f 905/1348 902/1349 897/1340 900/1337
f 1374/1350 1377/1351 885/1352 882/1353
f 835/1284 873/1283 863/1354 828/1355
f 828/1355 862/1356 868/1293 835/1284
f 175/1357 1436/1358 1240/1359 112/1360
f 126/1361 1309/1362 849/1363 119/1364
f 115/1365 113/1366 847/1367 848/1368
f 113/1366 114/1369 846/1370 847/1367
f 190/1371 1474/1372 846/1370 114/1369
f 101/1373 102/1374 922/1375 837/1376
f 840/1329 852/1328 856/1377 827/1378
f 827/1378 856/1377 862/1356 828/1355
f 1469/1379 869/1292 864/1291 1472/1313
f 1700/1380 926/1381 910/1382 1703/1383
f 911/1384 909/1385 927/1386 891/1387
f 1378/1388 908/1389 928/1390 1355/1391
f 926/1381 928/1390 908/1389 910/1382
f 935/1392 934/1393 930/1394 931/1395
f 1190/1396 935/1392 931/1395 1189/1397
f 938/1398 871/1290 870/1289 939/1399
f 1452/1400 944/1401 960/1402 1457/1403
f 831/1280 960/1402 944/1401 834/1281
f 1709/1404 963/1405 947/1406 1704/1407
f 941/1408 940/1409 956/1410 957/1411
f 968/1412 967/1413 951/1414 952/1415
f 963/1405 965/1416 949/1417 947/1406
f 1192/1418 968/1412 952/1415 1191/1419
f 942/1420 948/1421 964/1422 958/1423
f 1360/1424 949/1417 965/1416 1359/1425
f 955/1426 941/1408 957/1411 971/1427
f 1208/1428 984/1429 983/1430 1207/1431
f 1209/1432 1193/1433 984/1429 1208/1428
f 1209/1434 1210/1435 985/1436 1193/1437
f 841/1278 829/1260 976/1438 1215/1439
f 1724/1440 1043/1441 1027/1442 1714/1443
f 1021/1444 1020/1445 1036/1446 1037/1447
f 1048/1448 1047/1449 1031/1450 1032/1451
f 1043/1441 1045/1452 1029/1453 1027/1442
f 1197/1454 1048/1448 1032/1451 1196/1455
f 1022/1456 1028/1457 1044/1458 1038/1459
f 1364/1460 1029/1453 1045/1452 1363/1461
f 1035/1462 1021/1444 1037/1447 1051/1463
f 1462/1464 1024/1465 1040/1466 1473/1467
f 839/1274 1040/1466 1024/1465 838/1275
f 1038/1459 1044/1458 1060/1468 1054/1469
f 1060/1468 1044/1458 1047/1470 1063/1471
f 1064/1472 1063/1471 1047/1470 1048/1448
f 1198/1473 1064/1472 1048/1448 1197/1454
f 1049/1474 1065/1475 1198/1476 1197/1477
f 1065/1475 1049/1474 1050/1478 1066/1479
f 1066/1479 1050/1478 1051/1480 1067/1481
f 1199/1482 1080/1483 1064/1472 1198/1473
f 1054/1469 1060/1468 1076/1484 1070/1485
f 1367/1486 1061/1487 1077/1488 1371/1489
f 1067/1490 1053/1491 1069/1492 1083/1493
f 1458/1494 1056/1495 1072/1496 1460/1497
f 843/1269 1072/1496 1056/1495 842/1271
f 1712/1498 1075/1499 1059/1500 1711/1501
f 1053/1491 1052/1502 1068/1503 1069/1492
f 1080/1483 1079/1504 1063/1471 1064/1472
f 1075/1499 1077/1488 1061/1487 1059/1500
f 844/854 1088/853 1072/1496 843/1269
f 1719/1505 1091/1506 1075/1499 1712/1498
f 1069/1492 1068/1503 1084/1507 1085/1508
f 1096/1142 1095/1141 1079/1504 1080/1483
f 1091/977 1093/974 1077/1488 1075/1499
f 1200/1509 1096/1142 1080/1483 1199/1482
f 1070/1485 1076/1484 1092/1134 1086/1131
f 1371/1489 1077/1488 1093/974 1370/973
f 1083/1493 1069/1492 1085/1508 1099/1510
f 1460/1497 1072/1496 1088/853 1466/1511
f 1123/1512 1125/1513 1109/975 1107/978
f 1202/1514 1128/1515 1112/1516 1201/1517
f 1102/1132 1108/1135 1124/1518 1118/1519
f 1358/976 1109/975 1125/1513 1361/1520
f 1115/1521 1101/1522 1117/1523 1131/1524
f 1463/1525 1104/1526 1120/1527 1455/1528
f 824/1267 1120/1527 1104/1526 845/855
f 1707/1529 1123/1512 1107/978 1715/1530
f 1101/1522 1100/1531 1116/1532 1117/1523
f 1128/1515 1127/1533 1111/1140 1112/1516
f 1131/1524 1117/1523 1133/1534 1147/1535
f 1455/1528 1120/1527 1136/1536 1456/1537
f 825/1265 1136/1536 1120/1527 824/1267
f 1708/1538 1139/1539 1123/1512 1707/1529
f 1117/1523 1116/1532 1132/1540 1133/1534
f 1144/1541 1143/1542 1127/1533 1128/1515
f 1139/1539 1141/1543 1125/1513 1123/1512
f 1203/1544 1144/1541 1128/1515 1202/1514
f 1118/1519 1124/1518 1140/1545 1134/1546
f 1361/1520 1125/1513 1141/1543 1357/1547
f 1160/1548 1159/1549 1143/1542 1144/1541
f 1155/1550 1157/1551 1141/1543 1139/1539
f 1204/1552 1160/1548 1144/1541 1203/1544
f 1134/1546 1140/1545 1156/1553 1150/1554
f 1357/1547 1141/1543 1157/1551 1356/1555
f 1147/1535 1133/1534 1149/1556 1163/1557
f 1456/1537 1136/1536 1152/1558 1453/1559
f 826/1263 1152/1558 1136/1536 825/1265
f 1705/1560 1155/1550 1139/1539 1708/1538
f 1133/1534 1132/1540 1148/1561 1149/1556
f 1356/1555 1157/1551 1173/1562 1373/1563
f 1163/1557 1149/1556 1165/1564 1179/1565
f 1453/1559 1152/1558 1168/1566 1468/1567
f 833/1262 1168/1566 1152/1558 826/1263
f 1720/1568 1171/1569 1155/1550 1705/1560
f 1149/1556 1148/1561 1164/1570 1165/1564
f 1176/1571 1175/1572 1159/1549 1160/1548
f 1171/1569 1173/1562 1157/1551 1155/1550
f 1205/1573 1176/1571 1160/1548 1204/1552
f 1150/1554 1156/1553 1172/1574 1166/1575
f 1181/1576 1165/1564 1164/1570 1180/1577
f 1187/1578 1179/1565 1165/1564 1181/1576
f 1177/1579 1178/1580 1186/1581 1185/1582
f 1176/1571 1184/1583 1183/1584 1175/1572
f 106/1585 925/1586 923/1587 107/1588
f 1528/1589 923/1587 925/1586 1527/1590
f 1156/1553 1159/1549 1175/1572 1172/1574
f 878/1591 881/1592 880/1593 877/1594
f 881/1592 884/1595 883/1596 880/1593
f 1161/1597 1162/1598 1178/1580 1177/1579
f 1159/1549 1156/1553 1140/1545 1143/1542
f 1162/1598 1161/1597 1145/1599 1146/1600
f 1129/1601 1130/1602 1146/1600 1145/1599
f 1124/1518 1127/1533 1143/1542 1140/1545
f 1108/1135 1111/1140 1127/1533 1124/1518
f 1113/1603 1114/1604 1130/1602 1129/1601
f 1098/1605 1097/1606 1081/1607 1082/1608
f 1076/1484 1079/1504 1095/1141 1092/1134
f 1060/1468 1063/1471 1079/1504 1076/1484
f 1065/1475 1066/1479 1082/1608 1081/1607
f 1051/1480 1037/1447 1053/1491 1067/1481
f 1037/1447 1036/1446 1052/1502 1053/1491
f 1473/1467 1040/1466 1056/1495 1458/1494
f 1028/1457 1031/1450 1047/1449 1044/1458
f 842/1271 1056/1495 1040/1466 839/1274
f 1050/1478 1049/1474 1033/1609 1034/1610
f 884/1595 887/1611 886/1612 883/1596
f 887/1611 890/1613 889/1614 886/1612
f 948/1421 951/1414 967/1413 964/1422
f 909/1385 930/1394 934/1393 927/1386
f 150/1615 99/1616 915/1617 1354/1618
f 953/1619 954/1620 970/1621 969/1622
f 937/1623 936/1624 932/1625 933/1626
f 1178/1580 1179/1565 1187/1578 1186/1581
f 1179/1565 1178/1580 1162/1598 1163/1557
f 1204/1627 1161/1597 1177/1579 1205/1628
f 1203/1629 1145/1599 1161/1597 1204/1627
f 1163/1557 1162/1598 1146/1600 1147/1535
f 1147/1535 1146/1600 1130/1602 1131/1524
f 1202/1630 1129/1601 1145/1599 1203/1629
f 1201/1631 1113/1603 1129/1601 1202/1630
f 1131/1524 1130/1602 1114/1604 1115/1521
f 1082/1608 1083/1493 1099/1510 1098/1605
f 1083/1493 1082/1608 1066/1479 1067/1490
f 839/1274 1039/1273 1055/1272 842/1271
f 1055/1272 1039/1273 1041/1632 1057/1633
f 1051/1480 1050/1478 1034/1610 1035/1462
f 954/1620 955/1426 971/1427 970/1621
f 933/1626 938/1398 939/1399 937/1623
f 936/1624 1190/1634 1189/1635 932/1625
f 1191/1636 953/1619 969/1622 1192/1637
f 1221/1638 979/1639 981/1640 1220/1641
f 1723/1642 1706/1643 979/1639 1221/1638
f 1196/1644 1033/1609 1049/1474 1197/1477
f 946/1645 945/1646 889/1614 890/1613
f 961/1647 945/1646 946/1645 962/1648
f 1198/1476 1065/1475 1081/1607 1199/1649
f 1199/1649 1081/1607 1097/1606 1200/1650
f 1365/946 1013/945 1029/1453 1364/1460
f 1706/1643 1717/1651 995/1652 979/1639
f 979/1639 995/1652 997/1653 981/1640
f 1372/943 1369/1654 981/1640 997/944
f 829/1260 830/1110 992/1112 976/1438
f 1464/1190 1454/1655 976/1438 992/1112
f 989/1154 973/1656 972/1657 988/1188
f 1003/1153 987/1658 973/1656 989/1154
f 1002/1152 986/1659 987/1658 1003/1153
f 986/1659 1002/1152 1001/1660 985/1661
f 985/1661 1001/1660 1194/1662 1193/1437
f 1193/1433 1194/1663 1000/1664 984/1429
f 984/1429 1000/1664 999/1665 983/1430
f 996/1666 980/1667 983/1430 999/1665
f 990/1668 974/1669 980/1667 996/1666
f 974/1669 1222/1670 1206/1671 980/1667
f 983/1430 980/1667 1206/1671 1207/1431
f 986/1659 985/1661 1210/1435 1211/1672
f 987/1658 986/1659 1211/1672 1212/1673
f 987/1658 1212/1673 1213/1674 973/1656
f 973/1656 1213/1674 1214/1675 972/1657
f 1454/1655 1471/1676 1215/1439 976/1438
f 1169/1677 1153/1678 1154/1679 1170/1680
f 1369/1654 1376/1681 1220/1641 981/1640
f 1138/1682 1154/1679 1153/1678 1137/1683
f 1137/1683 1121/1684 1122/1685 1138/1682
f 1106/907 1122/1685 1121/1684 1105/886
f 1089/887 1073/1686 1074/1687 1090/908
f 1058/1688 1074/1687 1073/1686 1057/1689
f 1042/1690 1058/1688 1057/1689 1041/1632
f 1614/1691 1375/1692 879/1693 1609/1694
f 1503/1695 1504/1696 915/1697 912/1698
f 827/1378 857/1699 853/1700 840/1329
f 828/1355 863/1354 857/1699 827/1378
f 1377/1701 902/1702 908/1389 1378/1388
f 910/1382 908/1389 902/1702 905/1348
f 1228/1703 1227/1704 867/1705 872/1706
f 1229/1707 1228/1703 872/1706 875/1708
f 1435/1709 1441/1710 1254/1711 1245/1712
f 1231/1713 1230/1714 920/1715 919/1716
f 1440/1717 1442/1718 1255/1719 1253/1720
f 1442/1721 1443/1722 1252/1723 1255/1724
f 1234/1725 1233/1726 918/1727 917/1728
f 1235/1729 1234/1725 917/1728 907/1730
f 1236/1731 1235/1729 907/1730 903/1732
f 1726/1733 1503/1695 912/1698 1702/1734
f 1502/1735 1530/1736 913/1737 916/1738
f 1531/1739 1502/1735 916/1738 1297/1740
f 1525/1741 1505/1742 914/1743 1239/1744
f 1310/1319 1307/1745 855/1746 850/1320
f 1224/1747 850/1320 855/1746 1225/1748
f 1645/1749 854/1299 861/1302 1642/1750
f 1650/1751 1641/1752 1241/1753 1439/1754
f 1703/1383 910/1382 905/1348 1701/1347
f 909/1385 911/1384 906/1346 904/1345
f 1306/1755 1305/1756 866/1287 871/1290
f 1308/1757 1306/1755 871/1290 938/1398
f 1298/1758 1308/1757 938/1398 933/1626
f 1300/1759 1298/1758 933/1626 932/1625
f 1300/1760 1304/1761 1188/1762 919/1763
f 1304/1764 1299/1765 918/1766 1188/1767
f 1299/1765 1301/1768 917/1728 918/1766
f 1296/1769 1301/1770 930/1394 909/1385
f 1296/1769 909/1385 904/1345 1295/1344
f 861/1302 867/1301 1227/1704 1226/1771
f 898/1772 893/1773 1238/1774 1237/1775
f 903/1732 898/1772 1237/1775 1236/1731
f 1529/1321 850/1320 1224/1747 1524/1776
f 119/1364 849/1363 1223/1777 111/1778
f 1380/1779 1383/1780 1227/1704 1228/1703
f 1381/1781 1380/1779 1228/1703 1229/1707
f 875/1708 920/1715 1230/1714 1229/1707
f 1387/1782 1388/1783 1230/1714 1231/1713
f 919/1716 1188/1762 1232/1784 1231/1713
f 1188/1767 918/1766 1233/1726 1232/1785
f 1396/1786 1390/1787 1233/1726 1234/1725
f 1393/1788 1396/1786 1234/1725 1235/1729
f 1394/1789 1393/1788 1235/1729 1236/1731
f 1537/1790 1525/1741 1239/1744 1391/1791
f 1386/1792 1224/1747 1225/1748 1385/1793
f 1642/1794 1644/1795 1225/1748 855/1746
f 109/1796 924/1797 925/1798 106/1799
f 1527/1800 925/1798 924/1797 1526/1801
f 879/1802 882/1803 881/1804 878/1805
f 882/1353 885/1352 884/1806 881/1804
f 885/1352 888/1807 887/1808 884/1806
f 888/1807 929/1809 890/1810 887/1808
f 950/1811 966/1812 962/1813 946/1814
f 1219/1815 982/1816 978/1817 1218/1818
f 982/1816 998/953 994/952 978/1817
f 1030/1819 1046/1820 1042/1821 1026/1822
f 1046/1820 1062/1823 1058/1824 1042/1821
f 1363/1461 1045/1452 1061/1487 1367/1486
f 1062/1823 1078/1825 1074/1826 1058/1824
f 1078/1825 1094/910 1090/909 1074/1826
f 1110/911 1126/1827 1122/1828 1106/912
f 1105/886 1121/1684 1119/1268 1103/885
f 1073/1686 1089/887 1087/884 1071/1270
f 1057/1633 1073/1686 1071/1270 1055/1272
f 1059/1500 1061/1487 1045/1452 1043/1441
f 1711/1501 1059/1500 1043/1441 1724/1440
f 1039/1273 1023/1276 1025/1829 1041/1632
f 1714/1443 1027/1442 1011/1830 1718/1831
f 977/1832 993/963 991/966 975/1259
f 1217/1833 977/1832 975/1259 1216/1277
f 945/1646 961/1647 959/1279 943/1282
f 886/1612 889/1614 874/1294 868/1293
f 883/1596 886/1612 868/1293 862/1356
f 880/1593 883/1596 862/1356 856/1377
f 877/1594 880/1593 856/1377 852/1328
f 1522/1834 922/1835 923/1587 1528/1589
f 107/1588 923/1587 922/1835 102/1374
f 1126/1827 1142/1836 1138/1837 1122/1828
f 1142/1836 1158/1838 1154/1839 1138/1837
f 1170/1840 1154/1839 1158/1838 1174/1841
f 891/1387 927/1386 948/1421 942/1420
f 1704/1407 947/1406 926/1381 1700/1380
f 947/1406 949/1417 928/1390 926/1381
f 1355/1391 928/1390 949/1417 1360/1424
f 890/1810 929/1809 950/1811 946/1814
f 1041/1632 1025/1829 1026/1842 1042/1690
f 1026/1842 1025/1829 1009/962 1010/961
f 874/1294 889/1614 945/1646 943/1282
f 836/1285 874/1294 943/1282 834/1281
f 834/1281 944/1401 876/1286 836/1285
f 1469/1843 876/1286 944/1401 1452/1400
f 870/1289 869/1292 940/1409 941/1408
f 939/1399 870/1289 941/1408 955/1426
f 937/1623 939/1399 955/1426 954/1620
f 954/1620 953/1619 936/1624 937/1623
f 953/1619 1191/1636 1190/1634 936/1624
f 1191/1419 952/1415 935/1392 1190/1396
f 952/1415 951/1414 934/1393 935/1392
f 951/1414 948/1421 927/1386 934/1393
f 1027/1442 1029/1453 1013/945 1011/1830
f 1010/955 1014/954 1030/1819 1026/1822
f 832/1111 1007/965 1023/1276 838/1275
f 1465/1191 1008/1113 1024/1465 1462/1464
f 1019/1150 1005/1155 1021/1444 1035/1462
f 1034/1610 1033/1609 1017/1844 1018/1845
f 1196/1455 1032/1451 1016/1846 1195/1847
f 1031/1450 1028/1457 1012/1848 1015/1849
f 1006/1850 1012/1848 1028/1457 1022/1456
f 1032/1451 1031/1450 1015/1849 1016/1846
f 1033/1609 1196/1644 1195/1851 1017/1844
f 1018/1151 1019/1150 1035/1462 1034/1610
f 1005/1155 1004/1189 1020/1445 1021/1444
f 838/1275 1024/1465 1008/1113 832/1111
f 1025/1829 1023/1276 1007/965 1009/962
f 1121/1684 1137/1683 1135/1266 1119/1268
f 1137/1683 1153/1678 1151/1264 1135/1266
f 1167/1261 1151/1264 1153/1678 1169/1677
f 978/1852 994/964 993/963 977/1832
f 1218/1853 978/1852 977/1832 1217/1833
f 794/1198 779/1201 778/1215 1182/1854
f 1181/1576 1180/1577 791/1233 792/1231
f 801/1224 800/1236 1183/1584 1184/1583
f 822/1221 801/1224 1184/1583 821/1855
f 1187/1578 1181/1576 792/1231 805/1230
f 1459/1856 784/1214 795/1213 1461/1226
f 803/1245 802/1244 1185/1582 1186/1581
f 800/1236 798/1210 788/1209 1183/1584
f 805/1230 803/1245 1186/1581 1187/1578
f 821/1857 1185/1582 802/1244 822/1243
f 794/1198 1182/1854 785/1253 781/1252
f 1167/1261 1182/1854 778/1215 833/1262
f 833/1262 778/1215 784/1214 1168/1566
f 1459/1856 1468/1567 1168/1566 784/1214
f 1205/1573 821/1855 1184/1583 1176/1571
f 1172/1574 1175/1572 1183/1584 788/1209
f 1362/1858 1373/1563 1173/1562 789/1859
f 1171/1569 787/1204 789/1207 1173/1562
f 1720/1568 1710/1205 787/1204 1171/1569
f 783/1208 1166/1575 1172/1574 788/1209
f 1205/1628 1177/1579 1185/1582 821/1857
f 1170/1680 786/1254 785/1253 1169/1677
f 1174/1841 790/1239 786/1256 1170/1840
f 1169/1677 785/1253 1182/1854 1167/1261
f 1466/1511 1088/853 1104/856 1463/1525
f 1101/1522 1085/1508 1084/1507 1100/1531
f 1115/1521 1099/1510 1085/1508 1101/1522
f 1099/1510 1115/1521 1114/1604 1098/1605
f 1113/1603 1097/1606 1098/1605 1114/1604
f 1097/1606 1113/1603 1201/1631 1200/1650
f 1096/1142 1200/1509 1201/1517 1112/1143
f 1333/751 1332/766 647/756 631/747
f 628/1128 644/1137 648/1136 632/1129
f 627/979 643/972 644/971 628/980
f 643/972 627/979 625/502 641/500
f 383/505 384/501 641/500 625/502
f 384/501 383/505 626/740 642/775
f 1483/753 1482/772 642/775 626/740
f 623/743 639/771 638/779 622/744
f 637/752 653/768 639/771 623/743
f 653/768 637/752 636/857 652/852
f 635/860 651/851 652/852 636/857
f 651/851 635/860 738/906 739/883
f 739/759 738/748 634/745 650/760
f 650/760 634/745 633/746 649/780
f 630/750 646/765 649/780 633/746
f 624/749 640/762 646/765 630/750
f 1670/777 1671/741 629/742 645/755
f 645/755 629/742 631/747 647/756
f 997/944 995/1652 1011/1830 1013/945
f 1717/1651 1718/1831 1011/1830 995/1652
f 1006/1850 990/1668 996/1666 1012/1848
f 999/1665 1015/1849 1012/1848 996/1666
f 1000/1664 1016/1846 1015/1849 999/1665
f 1194/1663 1195/1847 1016/1846 1000/1664
f 1001/1660 1017/1844 1195/1851 1194/1662
f 557/1174 541/927 540/929 556/1176
f 750/948 509/662 508/873 749/947
f 509/662 750/948 751/949 495/644
f 541/927 557/1174 543/1175 527/923
f 527/923 543/1175 542/1184 526/924
f 495/644 751/949 752/950 494/645
f 1493/921 1492/1172 546/1173 530/920
f 371/1170 369/490 530/920 546/1173
f 1486/636 1478/951 753/673 498/637
f 380/513 370/517 498/637 753/673
f 370/517 380/513 754/512 497/514
f 497/514 754/512 755/1149 499/903
f 369/490 371/1170 545/1171 529/491
f 547/1166 531/1148 529/491 545/1171
f 548/1165 532/1186 531/1148 547/1166
f 499/903 755/1149 756/1187 500/904
f 500/1108 756/1115 757/1114 504/1109
f 552/1169 536/1119 532/1118 548/1168
f 1338/660 1329/960 758/895 503/652
f 1345/918 1346/913 551/914 535/917
f 549/1146 533/915 535/917 551/914
f 759/894 501/642 503/652 758/895
f 1690/898 1681/639 501/642 759/894
f 496/656 760/942 744/941 502/657
f 502/657 744/941 745/664 505/650
f 746/663 506/647 505/650 745/664
f 747/667 730/653 506/647 746/663
f 748/672 507/872 730/893 747/669
f 507/872 748/672 749/947 508/873
f 556/1176 540/929 539/932 555/1177
f 555/1177 539/932 732/933 733/1183
f 733/1178 732/935 538/934 554/1179
f 554/1179 538/934 537/936 553/1180
f 553/1180 537/936 534/937 550/1181
f 528/939 544/1182 550/1181 534/937
f 1683/1145 1686/916 533/915 549/1146
f 1709/1404 1723/1642 1221/1638 963/1405
f 963/1405 1221/1638 1220/1641 965/1416
f 1376/1681 1359/1425 965/1416 1220/1641
f 1222/1670 958/1423 964/1422 1206/1671
f 1206/1671 964/1422 967/1413 1207/1431
f 968/1412 1208/1428 1207/1431 967/1413
f 1192/1418 1209/1432 1208/1428 968/1412
f 969/1622 1210/1435 1209/1434 1192/1637
f 1210/1435 969/1622 970/1621 1211/1672
f 971/1427 1212/1673 1211/1672 970/1621
f 1212/1673 971/1427 957/1411 1213/1674
f 1213/1674 957/1411 956/1410 1214/1675
f 1471/1676 1457/1403 960/1402 1215/1439
f 831/1280 841/1278 1215/1439 960/1402
f 841/1278 831/1280 959/1279 1216/1277
f 1216/1277 959/1279 961/1647 1217/1833
f 1217/1833 961/1647 962/1648 1218/1853
f 1218/1818 962/1813 966/1812 1219/1815
f 1001/1660 1002/1152 1018/1151 1017/1844
f 359/430 319/429 1256/1860 1272/1861
f 814/1223 823/1222 1291/1862 1284/1863
f 813/1241 819/1246 1289/1864 1283/1865
f 1716/1866 806/1867 1276/1868 1725/1869
f 811/1235 814/1223 1284/1863 1281/1870
f 809/1216 811/1235 1281/1870 1279/1871
f 815/1228 780/1200 1274/1872 1285/1873
f 362/453 353/452 1266/1874 1273/1875
f 351/487 346/486 1259/1876 1264/1877
f 356/458 358/474 1271/1878 1269/1879
f 819/1246 817/1229 1287/1880 1289/1864
f 817/1229 816/1232 1286/1881 1287/1880
f 782/1251 807/1250 1277/1882 1275/1883
f 355/459 356/458 1269/1879 1268/1884
f 358/474 352/470 1265/1885 1271/1878
f 347/448 349/449 1262/1886 1260/1887
f 806/1217 809/1216 1279/1871 1276/1868
f 352/470 362/473 1273/1888 1265/1885
f 1348/1889 351/487 1264/1877 1353/1890
f 1687/447 347/448 1260/1887 1691/1891
f 823/1242 813/1241 1283/1865 1291/1892
f 353/452 350/465 1263/1893 1266/1874
f 1366/1248 810/1220 1280/1894 1379/1895
f 348/446 345/445 1258/1896 1261/1897
f 780/1200 820/1199 1290/1898 1274/1872
f 321/480 359/430 1272/1861 1257/1899
f 357/462 355/459 1268/1884 1270/1900
f 350/465 348/446 1261/1897 1263/1893
f 820/1199 782/1251 1275/1883 1290/1898
f 346/481 321/480 1257/1899 1259/1901
f 1497/1902 357/462 1270/1900 1501/1903
f 319/429 354/455 1267/1904 1256/1860
f 816/1232 818/1234 1288/1905 1286/1881
f 810/1220 808/1219 1278/1906 1280/1894
f 1467/1225 815/1228 1285/1873 1476/1907
f 807/1258 812/1257 1282/1908 1277/1909
f 1269/1879 1271/1878 1571/1910 1582/1911
f 1290/1898 1275/1883 1548/1912 1546/1913
f 1265/1885 1273/1888 1581/1914 1570/1915
f 1262/1916 1353/1917 1572/1918 1584/1919
f 1275/1883 1277/1882 1549/1920 1548/1912
f 1273/1875 1266/1874 1575/1921 1581/1922
f 1285/1873 1274/1872 1545/1923 1547/1924
f 1501/1903 1270/1900 1580/10 1579/9
f 1274/1872 1290/1898 1546/1913 1545/1923
f 1691/1891 1260/1887 1578/190 1693/189
f 1263/1893 1261/1897 1576/13 1574/425
f 1266/1874 1263/1893 1574/425 1575/1921
f 1353/1890 1264/1877 1573/1925 1572/1918
f 1271/1878 1265/1885 1570/1915 1571/1910
f 1259/1901 1257/1899 1565/1926 1569/1927
f 1272/1861 1256/1860 1567/1928 1566/1929
f 914/1743 105/1930 1294/1931 1239/1744
f 1444/1932 1450/1933 1292/1934 1250/1935
f 1297/1740 916/1738 104/1936 125/1937
f 916/1738 913/1737 103/1938 104/1936
f 1702/1734 912/1698 100/1939 1697/1940
f 912/1698 915/1697 99/1616 100/1939
f 837/1325 921/1324 110/1941 101/1373
f 452/1038 777/1037 1293/1942 90/1943
f 1418/1944 1250/1945 1292/1946 1433/1947
f 1317/1035 132/1948 91/1949 454/1031
f 454/1031 91/1949 93/1950 451/1032
f 1674/1029 1662/1951 92/1952 450/991
f 450/991 92/1952 89/870 453/992
f 376/558 98/608 97/1953 459/559
f 914/1743 1297/1740 125/1937 105/1930
f 907/1730 1296/1769 1295/1344 903/1732
f 907/1730 917/1728 1301/1768 1296/1769
f 931/1395 930/1394 1301/1770 1299/1765
f 1189/1397 931/1395 1299/1765 1304/1764
f 932/1625 1189/1635 1304/1761 1300/1759
f 919/1716 920/1715 1298/1758 1300/1760
f 920/1715 875/1708 1308/1757 1298/1758
f 875/1708 872/1706 1306/1755 1308/1757
f 872/1706 867/1705 1305/1300 1306/1755
f 1505/1742 1531/1739 1297/1740 914/1743
f 115/1365 848/1368 1309/1362 126/1361
f 903/1732 1295/1344 1302/1330 898/1772
f 898/1772 1302/1330 1303/1333 893/1773
f 860/1303 866/1287 1305/1756 854/1299
f 452/1038 90/1943 132/1948 1317/1035
f 445/1025 441/1027 1318/579 1312/1064
f 445/1025 1312/1064 1315/1065 455/1021
f 469/628 1316/1062 1315/1063 468/629
f 727/632 1327/1059 1316/1062 469/628
f 470/877 1314/1054 1327/1058 727/890
f 457/1009 1314/1055 1313/1053 458/1010
f 458/1010 1313/1053 1311/1052 413/1003
f 413/1003 1311/1052 1321/1050 410/999
f 410/999 1321/1050 1322/1051 405/1000
f 1496/1954 1632/1955 1635/1956 1597/1957
f 1510/1039 452/1038 1317/1035 1533/1034
f 116/600 133/596 1324/599 387/601
f 441/1027 436/1067 1319/565 1318/579
f 436/1067 431/1070 1320/566 1319/565
f 398/538 1323/534 1322/537 404/522
f 349/449 1348/477 1353/1890 1262/1886
f 536/1119 552/1169 1346/913 1345/918
f 504/1109 757/1114 1329/960 1338/660
f 632/1129 648/1136 1332/766 1333/751
f 329/468 1347/467 1349/810 712/1163
f 467/1105 488/1106 1335/659 1334/624
f 584/1123 600/1125 1330/721 1342/696
f 423/587 426/1103 1339/623 1343/588
f 520/1117 1337/919 1329/960 757/1114
f 536/1119 1345/918 1337/919 520/1117
f 552/1169 568/1120 1344/695 1346/913
f 95/1091 462/1094 1336/868 146/867
f 696/1161 712/1163 1349/810 1351/803
f 680/1159 696/1161 1351/803 1328/795
f 664/1139 680/1159 1328/795 1352/767
f 648/1136 664/1139 1352/767 1332/766
f 616/1127 632/1129 1333/751 1331/722
f 600/1125 616/1127 1331/722 1330/721
f 568/1120 584/1123 1342/696 1344/695
f 488/1106 504/1109 1338/660 1335/659
f 426/1103 467/1105 1334/624 1339/623
f 435/576 1340/577 1343/588 440/584
f 420/1100 1340/585 1341/578 417/1097
f 343/469 351/487 1348/1889 1350/466
f 338/436 328/435 1347/1196 1350/476
f 812/1257 1366/1248 1379/1895 1282/1908
f 1219/1815 966/1812 1359/1425 1376/1681
f 790/1239 1174/1841 1373/1563 1362/1240
f 929/1809 1355/1391 1360/1424 950/1811
f 1046/1820 1363/1461 1367/1486 1062/1823
f 885/1352 1377/1351 1378/1388 888/1807
f 1594/1958 892/1341 1375/1343 1614/1691
f 982/1816 1219/1815 1376/1681 1369/1654
f 998/953 982/1816 1369/1654 1372/943
f 1014/954 1365/946 1364/1460 1030/1819
f 109/1796 150/1615 1354/1618 924/1797
f 1158/1838 1356/1555 1373/1563 1174/1841
f 1142/1836 1357/1547 1356/1555 1158/1838
f 1126/1827 1361/1520 1357/1547 1142/1836
f 1110/911 1358/976 1361/1520 1126/1827
f 1078/1825 1371/1489 1370/973 1094/910
f 1062/1823 1367/1486 1371/1489 1078/1825
f 1030/1819 1364/1460 1363/1461 1046/1820
f 950/1811 1360/1424 1359/1425 966/1812
f 888/1807 1378/1388 1355/1391 929/1809
f 897/1340 902/1349 1377/1701 1374/1342
f 882/1803 879/1802 1375/1692 1374/1350
f 804/1238 1368/1237 1366/1248 812/1257
f 799/1206 1368/1247 1362/1240 789/1207
f 1094/910 1370/973 1358/976 1110/911
f 998/953 1372/943 1365/946 1014/954
f 1239/1744 1294/1931 1397/1959 1391/1791
f 1451/1960 1386/1792 1385/1793 1439/1961
f 1543/1962 1537/1790 1391/1791 1444/1963
f 1447/1964 1446/1965 1393/1788 1394/1789
f 1446/1965 1449/1966 1396/1786 1393/1788
f 1449/1966 1443/1967 1390/1787 1396/1786
f 1440/1968 1441/1969 1388/1783 1387/1782
f 1435/1970 1434/1971 1380/1779 1381/1781
f 1434/1971 1437/1972 1383/1780 1380/1779
f 1644/1795 1647/1973 1385/1793 1225/1748
f 1232/1785 1233/1726 1390/1787 1389/1974
f 1231/1713 1232/1784 1389/1975 1387/1782
f 1229/1707 1230/1714 1388/1783 1381/1781
f 111/1778 1223/1777 1382/1976 163/1977
f 1524/1776 1224/1747 1386/1792 1538/1978
f 1236/1731 1237/1775 1395/1979 1394/1789
f 1237/1775 1238/1774 1392/1980 1395/1979
f 1226/1771 1227/1704 1383/1780 1384/1981
f 777/1037 1400/1086 1415/1982 1293/1942
f 1416/1983 1423/1984 1405/1088 1398/1087
f 1541/1985 1418/1986 1400/1086 1539/1085
f 1419/1987 1401/1084 1404/1083 1422/1988
f 1422/1988 1404/1083 1403/1081 1421/1989
f 1421/1989 1403/1081 1413/1082 1431/1990
f 1430/1991 1412/1077 1411/1078 1429/1992
f 1426/1993 1408/1076 1406/1074 1424/1994
f 1424/1994 1406/1074 1409/1075 1427/1995
f 1640/1090 763/1043 1405/1088 1648/1996
f 770/1080 1414/1997 1413/1082 771/1023
f 769/1008 1412/1077 1414/1998 770/1079
f 767/1002 1408/1076 1411/1078 768/1011
f 96/1072 168/1999 1407/2000 761/1073
f 1516/1071 1540/2001 1398/1087 762/1042
f 774/1026 1401/1084 1402/2002 775/1068
f 775/1068 1402/2002 1399/2003 776/1069
f 764/1066 1410/2004 1409/1075 765/1001
f 1244/2005 1424/1994 1427/1995 1243/532
f 1245/1005 1426/1004 1424/1994 1244/2005
f 1253/1013 1430/1012 1429/1992 1254/1006
f 1251/2006 1421/1989 1431/1990 1252/1018
f 1249/2007 1422/1988 1421/1989 1251/2006
f 1248/545 1419/544 1422/1988 1249/2007
f 1515/2008 1250/1945 1418/1944 1541/1985
f 851/551 1241/1048 1423/1047 1416/552
f 1400/1086 1418/1986 1433/1947 1415/1982
f 1648/1996 1405/1088 1423/1984 1649/1046
f 1414/1997 1432/1016 1431/1019 1413/1082
f 1412/1077 1430/1991 1432/1015 1414/1998
f 1408/1076 1426/1993 1429/1007 1411/1078
f 168/1999 174/592 1425/595 1407/2000
f 1540/2001 1542/549 1416/552 1398/1087
f 1401/1084 1419/1987 1420/540 1402/2002
f 1402/2002 1420/540 1417/543 1399/2003
f 1410/2004 1428/530 1427/533 1409/1075
f 1244/2009 1243/1297 1437/1296 1434/1971
f 1245/1712 1244/2009 1434/1971 1435/1709
f 1253/1720 1254/1711 1441/1710 1440/1717
f 1251/2010 1252/1723 1443/1722 1449/1966
f 1249/2011 1251/2010 1449/1966 1446/1965
f 1248/1310 1249/2011 1446/1965 1447/1309
f 1515/2012 1543/1962 1444/1963 1250/1935
f 851/1316 1451/1315 1439/1961 1241/1753
f 1391/1791 1397/1959 1450/1933 1444/1963
f 1647/1973 1650/1751 1439/1754 1385/1793
f 1389/1974 1390/1787 1443/1967 1442/1721
f 1387/1782 1389/1975 1442/1718 1440/1968
f 1381/1781 1388/1783 1441/1969 1435/1970
f 163/1977 1382/1976 1436/1358 175/1357
f 1538/1978 1386/1792 1451/1960 1544/1314
f 1394/1789 1395/1979 1448/1305 1447/1964
f 1395/1979 1392/1980 1445/1306 1448/1305
f 1384/1981 1383/1780 1437/1972 1438/1295
f 1256/1860 1267/1904 1568/18 1567/1928
f 818/1234 1467/1225 1476/1907 1288/1905
f 1214/1675 956/1410 1457/1403 1471/1676
f 1084/1507 1466/1511 1463/1525 1100/1531
f 1180/1577 1164/1570 1468/1567 1459/1856
f 1180/1577 1459/1856 1461/1226 791/1233
f 1004/1189 1465/1191 1462/1464 1020/1445
f 869/1292 1469/1379 1452/1400 940/1409
f 1630/2013 1475/2014 1534/2015 1633/2016
f 972/1657 1214/1675 1471/1676 1454/1655
f 988/1188 972/1657 1454/1655 1464/1190
f 1036/1446 1473/1467 1458/1494 1052/1502
f 1148/1561 1453/1559 1468/1567 1164/1570
f 1132/1540 1456/1537 1453/1559 1148/1561
f 1116/1532 1455/1528 1456/1537 1132/1540
f 1100/1531 1463/1525 1455/1528 1116/1532
f 1068/1503 1460/1497 1466/1511 1084/1507
f 1052/1502 1458/1494 1460/1497 1068/1503
f 1020/1445 1462/1464 1473/1467 1036/1446
f 940/1409 1452/1400 1457/1403 956/1410
f 876/1286 1469/1843 1472/1313 873/1283
f 110/1941 921/1324 1474/1372 190/1371
f 863/1354 873/1283 1472/1313 1470/1312
f 818/1234 791/1233 1461/1226 1467/1225
f 988/1188 1464/1190 1465/1191 1004/1189
f 354/455 1497/454 1501/1903 1267/1904
f 494/645 752/950 1478/951 1486/636
f 526/924 542/1184 1492/1172 1493/921
f 622/744 638/779 1482/772 1483/753
f 718/825 1495/1194 1498/814 702/818
f 718/825 330/463 1494/457 1495/1194
f 542/1184 558/682 1490/699 1492/1172
f 407/526 478/646 1484/635 1491/614
f 1475/2014 392/553 1325/556 1534/2015
f 510/925 1485/922 1478/951 752/950
f 526/924 1493/921 1485/922 510/925
f 574/681 590/738 1480/729 1489/700
f 686/809 702/818 1498/814 1499/806
f 670/788 686/809 1499/806 1477/784
f 654/778 670/788 1477/784 1500/773
f 638/779 654/778 1500/773 1482/772
f 606/737 622/744 1483/753 1481/730
f 590/738 606/737 1481/730 1480/729
f 558/682 574/681 1489/700 1490/699
f 478/646 494/645 1486/636 1484/635
f 414/519 411/518 1487/548 1491/1167
f 97/1953 194/606 1479/607 459/559
f 401/590 1488/547 1487/548 411/518
f 357/462 1497/1902 1494/457 330/463
f 1382/1976 1538/1978 1544/1314 1436/1358
f 1604/2017 1616/2018 1543/1962 1515/2012
f 1407/2000 1425/595 1542/549 1540/2001
f 1604/2019 1515/2008 1541/1985 1591/2020
f 761/1073 1407/2000 1540/2001 1516/1071
f 1591/2020 1541/1985 1539/1085 1590/2021
f 1223/1777 1524/1776 1538/1978 1382/1976
f 1616/2018 1615/2022 1537/1790 1543/1962
f 915/1697 1504/1696 1536/2023 1354/1618
f 453/992 1336/868 1535/2024 1511/993
f 1601/2025 1510/1039 1533/1034 1589/2026
f 1595/2027 1613/2028 1531/1739 1505/1742
f 1607/2029 1522/1834 1528/1589 1611/2030
f 1610/2031 1527/1800 1526/1801 1609/2032
f 1615/2022 1608/2033 1525/1741 1537/1790
f 849/1363 1529/1321 1524/1776 1223/1777
f 1608/2033 1595/2027 1505/1742 1525/1741
f 1613/2028 1592/2034 1502/1735 1531/1739
f 1592/2034 1612/2035 1530/1736 1502/1735
f 1728/2036 1593/2037 1503/1695 1726/1733
f 1593/2037 1594/2038 1504/1696 1503/1695
f 1354/1618 1536/2023 1526/1801 924/1797
f 1611/2030 1528/1589 1527/1590 1610/2039
f 837/1376 922/1375 1522/1834 1519/1322
f 1588/2040 1606/2041 1521/1323 1519/1322
f 1309/1362 1532/1318 1529/1321 849/1363
f 1436/1358 1544/1314 1523/1317 1240/1359
f 1596/2042 1600/2043 1509/837 1506/1156
f 1599/2044 1598/2045 1507/1096 1508/1095
f 1590/2021 1539/1085 1518/1036 1605/2046
f 388/598 761/1073 1516/1071 1520/554
f 1605/2046 1518/1036 1510/1039 1601/2025
f 1589/2026 1533/1034 1514/1030 1603/2047
f 1603/2047 1514/1030 1513/1033 1602/2048
f 1694/2049 1692/1028 1512/990 1586/2050
f 1336/868 462/1094 1507/1096 1535/2024
f 1600/2043 1599/2051 1508/838 1509/837
f 376/609 1517/557 1506/1156 460/610
f 1587/2052 1517/557 1496/560 1597/1957
f 1324/599 388/598 1520/554 392/553
f 1425/595 1240/594 1523/550 1542/549
f 1582/1911 1571/1910 312/1910 8/1911
f 1571/1910 1570/1915 313/1915 312/1910
f 1570/1915 1581/1914 9/1914 313/1915
f 1584/1919 1572/1918 311/1918 7483/1919
f 1569/1927 1565/1926 1665/1926 314/1927
f 1581/1922 1575/1921 143/1921 9/1922
f 1578/190 1584/1919 7483/1919 12/190
f 1280/1894 1278/1906 1550/2053 1551/2054
f 1268/1884 1269/1879 1582/1911 1583/2055
f 1277/1909 1282/1908 1552/2056 1549/2057
f 1270/1900 1268/1884 1583/2055 1580/10
f 1282/1908 1379/1895 1553/2058 1552/2056
f 1264/1877 1259/1876 1569/258 1573/1925
f 1281/1870 1284/1863 1555/2059 1554/2060
f 1476/1907 1285/1873 1547/1924 1563/2061
f 1261/1897 1258/1896 1577/14 1576/13
f 1279/1871 1281/1870 1554/2060 1556/2062
f 1260/1887 1262/1886 1584/1919 1578/190
f 1725/1869 1276/1868 1557/2063 1727/2064
f 1276/1868 1279/1871 1556/2062 1557/2063
f 1379/1895 1280/1894 1551/2054 1553/2058
f 1286/1881 1288/1905 1559/2065 1558/2066
f 1289/1864 1287/1880 1560/2067 1561/2068
f 1283/1865 1289/1864 1561/2068 1562/2069
f 1288/1905 1476/1907 1563/2061 1559/2065
f 1287/1880 1286/1881 1558/2066 1560/2067
f 1284/1863 1291/1862 1564/2070 1555/2059
f 1267/1904 1501/1903 1579/9 1568/18
f 1291/1892 1283/1865 1562/2069 1564/2071
f 1257/1899 1272/1861 1566/1929 1565/1926
f 1617/2072 1585/986 1341/989 430/575
f 433/573 1586/2073 1617/2072 430/575
f 1585/986 1617/2072 1511/993 1535/2024
f 379/562 1587/561 1597/1957 391/994
f 415/840 416/839 1599/2051 1600/2043
f 1586/2073 1512/990 1511/993 1617/2072
f 1679/572 1694/2049 1586/2050 433/573
f 432/567 1603/2047 1602/2048 434/569
f 1320/566 1589/2026 1603/2047 432/567
f 776/1069 1605/2046 1601/2025 431/1070
f 1399/2003 1590/2021 1605/2046 776/1069
f 416/1098 417/1097 1598/987 1599/2044
f 390/563 415/840 1600/2043 1596/564
f 840/1329 853/1700 1606/2041 1588/1326
f 877/1594 1611/2030 1610/2039 878/1591
f 895/1338 892/1341 1594/1958 1593/2037
f 1722/1339 895/1338 1593/2037 1728/2036
f 894/1332 896/1335 1612/2035 1592/2034
f 1303/1333 894/1332 1592/2034 1613/2028
f 1238/1774 893/1773 1595/2027 1608/2033
f 1392/1980 1238/1774 1608/2033 1615/2022
f 878/1805 1610/2031 1609/2032 879/1802
f 852/1328 1607/1327 1611/2030 877/1594
f 893/1773 1303/1333 1613/2028 1595/2027
f 431/1070 1601/2025 1589/2026 1320/566
f 1445/1306 1392/1980 1615/2022 1616/2018
f 1417/543 1591/2020 1590/2021 1399/2003
f 1246/542 1604/2019 1591/2020 1417/543
f 1246/1307 1445/1306 1616/2018 1604/2017
f 1504/1696 1594/2038 1614/1691 1536/2023
f 1536/2023 1614/1691 1609/1694 1526/1801
f 1519/1322 1522/1834 1607/2029 1588/2040
f 1535/2024 1507/1096 1598/2045 1585/986
f 1517/557 1587/2052 1596/564 1506/1156
f 1474/1372 921/1324 1521/1323 1621/2074
f 848/1368 847/1367 1619/2075 1620/2076
f 846/1370 1474/1372 1621/2074 1618/2077
f 847/1367 846/1370 1618/2077 1619/2075
f 1309/1362 848/1368 1620/2076 1532/1318
f 1619/2075 1618/2077 1622/2078 1623/2079
f 1621/2074 1521/1323 1606/2041 1625/2080
f 1618/2077 1621/2074 1625/2080 1622/2078
f 1620/2076 1619/2075 1623/2079 1624/2081
f 1532/1318 1620/2076 1624/2081 1310/1319
f 1622/2078 1625/2080 1629/2082 1626/2083
f 1623/2079 1622/2078 1626/2083 1627/2084
f 1310/1319 1624/2081 1628/2085 1307/1745
f 1624/2081 1623/2079 1627/2084 1628/2085
f 1625/2080 1606/2041 853/1700 1629/2082
f 1479/607 385/604 1631/2086 1632/2087
f 386/602 387/601 1475/2014 1630/2013
f 387/601 1324/599 392/553 1475/2014
f 459/559 1479/607 1632/2087 1496/560
f 385/604 386/602 1630/2013 1631/2086
f 1631/2086 1630/2013 1633/2016 1634/2088
f 1632/2087 1631/2086 1634/2088 1635/1956
f 1597/1957 1635/1956 1639/2089 391/994
f 1633/2016 1534/2015 1636/2090 1637/2091
f 1534/2015 1325/556 1326/1041 1636/2090
f 1634/2088 1633/2016 1637/2091 1638/2092
f 1635/1956 1634/2088 1638/2092 1639/2089
f 1384/1981 1438/1295 1650/1751 1647/1973
f 1410/2004 1648/1996 1649/1046 1428/530
f 764/1066 1640/1090 1648/1996 1410/2004
f 1226/1771 1384/1981 1647/1973 1644/1795
f 861/1302 1226/1771 1644/1795 1642/1750
f 1438/1295 1242/1298 1641/1752 1650/1751
f 1307/1745 1645/1749 1642/1750 855/1746
f 399/535 1643/1045 1640/1090 764/1066
f 1428/530 1649/1046 1641/1049 1242/531
f 1326/1041 393/1040 1643/1089 1646/1044
f 1629/2082 853/1700 857/1699 1655/2093
f 1626/2083 1629/2082 1655/2093 1651/2094
f 1307/1745 1628/2085 1654/2095 1645/1749
f 1627/2084 1626/2083 1651/2094 1653/2096
f 1628/2085 1627/2084 1653/2096 1654/2095
f 1470/1312 858/1311 1651/2094 1655/2093
f 863/1354 1470/1312 1655/2093 857/1699
f 859/1304 860/1303 1654/2095 1653/2096
f 860/1303 854/1299 1645/1749 1654/2095
f 858/1311 859/1304 1653/2096 1651/2094
f 1488/547 401/590 395/995 1658/2097
f 398/538 397/539 1657/2098 1656/2099
f 396/546 1488/547 1658/2097 1652/2100
f 1323/534 398/538 1656/2099 1646/1044
f 397/539 396/546 1652/2100 1657/2098
f 1652/2100 1658/2097 1639/2089 1638/2092
f 1658/2097 395/995 391/994 1639/2089
f 1657/2098 1652/2100 1638/2092 1637/2091
f 1656/2099 1657/2098 1637/2091 1636/2090
f 1646/1044 1656/2099 1636/2090 1326/1041
f 434/569 1602/2048 1694/2049 1679/572
f 1566/1929 1567/1928 316/1928 1659/1929
f 1602/2048 1513/1033 1692/1028 1694/2049
f 451/1032 93/1950 1662/1951 1674/1029
f 1258/1896 1691/1891 1693/189 1577/14
f 345/445 1687/447 1691/1891 1258/1896
f 544/1182 528/939 1686/916 1683/1145
f 760/942 496/656 1681/639 1690/898
f 640/762 624/749 1671/741 1670/777
f 704/822 1688/816 1684/432 322/437
f 480/655 429/620 1672/615 1673/640
f 560/691 544/1182 1683/1145 1682/676
f 592/703 576/692 1680/675 1669/734
f 449/619 444/581 1677/582 1675/616
f 1513/1033 451/1032 1674/1029 1692/1028
f 512/940 1676/899 1686/916 528/939
f 760/942 1690/898 1676/899 512/940
f 704/822 688/801 1689/808 1688/816
f 688/801 672/793 1667/786 1689/808
f 672/793 656/763 1666/776 1667/786
f 656/763 640/762 1670/777 1666/776
f 624/749 608/719 1668/733 1671/741
f 608/719 592/703 1669/734 1668/733
f 576/692 560/691 1682/676 1680/675
f 496/656 480/655 1673/640 1681/639
f 429/620 449/619 1675/616 1672/615
f 444/581 439/570 1678/571 1677/582
f 439/570 434/569 1679/572 1678/571
f 345/445 332/438 1685/431 1687/447
f 332/438 322/437 1684/432 1685/431
f 22/362 1660/396 1664/326 279/345
f 279/345 1664/326 1663/127 217/62
f 1577/14 1693/189 7484/189 13/14
f 217/62 1663/127 1661/128 58/63
f 896/1335 1722/1339 1728/2036 1612/2035
f 1278/1906 1725/1869 1727/2064 1550/2053
f 1612/2035 1728/2036 1726/1733 1530/1736
f 913/1737 1702/1734 1697/1940 103/1938
f 808/1219 1716/1218 1725/1869 1278/1906
f 958/1423 1222/1670 1723/1642 1709/1404
f 990/1668 1006/1850 1718/1831 1717/1651
f 1166/1575 783/1208 1710/1205 1720/1568
f 942/1420 1704/1407 1700/1380 891/1387
f 1022/1456 1714/1443 1718/1831 1006/1850
f 1054/1469 1711/1501 1724/1440 1038/1459
f 911/1384 1703/1383 1701/1347 906/1346
f 1530/1736 1726/1733 1702/1734 913/1737
f 974/1669 990/1668 1717/1651 1706/1643
f 1222/1670 974/1669 1706/1643 1723/1642
f 1166/1575 1720/1568 1705/1560 1150/1554
f 1150/1554 1705/1560 1708/1538 1134/1546
f 1134/1546 1708/1538 1707/1529 1118/1519
f 1118/1519 1707/1529 1715/1530 1102/1132
f 1086/1131 1719/1130 1712/1498 1070/1485
f 1070/1485 1712/1498 1711/1501 1054/1469
f 1038/1459 1724/1440 1714/1443 1022/1456
f 958/1423 1709/1404 1704/1407 942/1420
f 891/1387 1700/1380 1703/1383 911/1384
f 906/1346 1701/1347 1721/1336 901/1334
f 901/1334 1721/1336 1722/1339 896/1335
f 806/1217 1716/1866 1713/1202 793/1211
f 793/1211 1713/1202 1710/1205 783/1208
f 1091/977 1719/1505 1715/1133 1107/978
f 41/400 1695/393 1699/332 272/325
f 272/325 1699/332 1698/121 238/133
f 238/133 1698/121 1696/122 77/134
f 100/2101 99/2102 34/2103 40/2104
f 1294/2105 105/2106 35/2107 50/2108
f 1433/2109 1292/2110 33/2111 170/2112
f 150/2113 109/2114 39/2115 148/2116
f 90/2117 1293/2118 31/2119 17/2120
f 106/2121 107/2122 37/2123 38/2124
f 102/2125 101/2126 32/2127 42/2128
f 125/2129 104/2130 36/2131 121/2132
f 101/2126 110/2133 48/2134 32/2127
f 1662/2135 93/2136 23/2137 1660/2138
f 112/2139 174/2140 171/2141 47/2142
f 115/2143 126/2144 122/2145 45/2146
f 190/2147 114/2148 43/2149 188/2150
f 114/2148 113/2151 44/2152 43/2149
f 113/2151 115/2143 45/2146 44/2152
f 126/2144 119/2153 46/2154 122/2145
f 110/2133 190/2147 188/2150 48/2134
f 1450/2155 1397/2156 160/2157 178/2158
f 175/2159 112/2139 47/2142 177/2160
f 1397/2156 1294/2105 50/2108 160/2157
f 163/2161 175/2159 177/2160 159/2162
f 1292/2110 1450/2155 178/2158 33/2111
f 94/2163 88/2164 19/2165 24/2166
f 1293/2118 1415/2167 164/2168 31/2119
f 87/2169 95/2170 21/2171 20/2172
f 96/2173 108/2174 28/2175 30/2176
f 95/2170 146/2177 144/2178 21/2171
f 91/2179 132/2180 128/2181 18/2182
f 132/2180 90/2117 17/2120 128/2181
f 93/2136 91/2179 18/2182 23/2137
f 108/2174 133/2183 129/2184 28/2175
f 92/2185 1662/2135 1660/2138 22/2186
f 89/2187 92/2185 22/2186 16/2188
f 118/2189 194/2190 192/2191 25/2192
f 111/2193 163/2161 159/2162 49/2194
f 146/2177 89/2187 16/2188 144/2178
f 1415/2167 1433/2109 170/2112 164/2168
f 88/2164 87/2169 20/2172 19/2165
f 99/2102 150/2113 148/2116 34/2103
f 98/2195 94/2163 24/2166 15/2196
f 97/2197 98/2195 15/2196 29/2198
f 107/2122 102/2125 42/2128 37/2123
f 1697/2199 100/2101 40/2104 1695/2200
f 109/2114 106/2121 38/2124 39/2115
f 117/2201 118/2189 25/2192 26/2202
f 119/2153 111/2193 49/2194 46/2154
f 116/2203 117/2201 26/2202 27/2204
f 105/2106 125/2129 121/2132 35/2107
f 174/2140 168/2205 165/2206 171/2141
f 133/2183 116/2203 27/2204 129/2184
f 104/2130 103/2207 41/2208 36/2131
f 168/2205 96/2173 30/2176 165/2206
f 103/2207 1697/2199 1695/2200 41/2208
f 2959/2209 2957/2210 2958/2211 2960/2212
f 1921/2213 1923/2214 1922/2215 1920/2216
f 2637/2217 2635/2218 2634/2219 2632/2220
f 1798/2221 1746/2222 1803/2223 1800/2224
f 2512/2225 2514/2226 2513/2227 2510/2228
f 1780/2229 1763/2230 1762/2231 1779/2232
f 3043/2233 3107/2234 3036/2235 3041/2236
f 2919/2237 2920/2238 2903/2239 2917/2240
f 2058/2241 2263/2242 2261/2243 2059/2244
f 2913/2245 2915/2246 2914/2247 2912/2248
f 3077/2249 3073/2250 3146/2251 3147/2252
f 3081/2253 3082/2254 3071/2255 3079/2256
f 2845/2257 2847/2258 2830/2259 2834/2260
f 2250/2261 2046/2262 2045/2263 2249/2264
f 2331/2265 2371/2266 2333/2267 2332/2268
f 2439/2269 2634/2270 2636/2271 2438/2272
f 2863/2273 2893/2274 2864/2275 2862/2276
f 2577/2277 2576/2278 2575/2279 2578/2280
f 1799/2281 1797/2282 1795/2283 1798/2284
f 3017/2285 3100/2286 3098/2287 3099/2288
f 1801/2289 1800/2290 1734/2291 1733/2292
f 2368/2293 2369/2294 2366/2295 2365/2296
f 2976/2297 3200/2298 3199/2299 2977/2300
f 3000/2301 3002/2302 2998/2303 2999/2304
f 2975/2305 2976/2306 2957/2210 2959/2209
f 3093/2307 3098/2308 3094/2309 3092/2310
f 3174/2311 3178/2312 3171/2313 3172/2314
f 3014/2315 3113/2316 3018/2317 3015/2318
f 2872/2319 2877/2320 2874/2321 2873/2322
f 2764/2323 2757/2324 2759/2325 2763/2326
f 2861/2327 2863/2273 2862/2276 2860/2328
f 2263/2242 2264/2329 2262/2330 2261/2243
f 2728/2331 2737/2332 2734/2333 2726/2334
f 1990/2335 1985/2336 1989/2337 1991/2338
f 2749/2339 2778/2340 2754/2341 2750/2342
f 1894/2343 1897/2344 1896/2345 1893/2346
f 3094/2347 3101/2348 3106/2349 3042/2350
f 1742/2351 1737/2352 1738/2353 1741/2354
f 2591/2355 2590/2356 2593/2357 2594/2358
f 1897/2359 1903/2360 1900/2361 1899/2362
f 2606/2363 2605/2364 2608/2365 2609/2366
f 2924/2367 2923/2368 2929/2369 2931/2370
f 2426/2371 2460/2372 2432/2373 2429/2374
f 2208/2375 2200/2376 2210/2377 2209/2378
f 2124/2379 2123/2380 2121/2381 2120/2382
f 2942/2383 2944/2384 2978/2385 2979/2386
f 2187/2387 2193/2388 2188/2389 2186/2390
f 1939/2391 1934/2392 1936/2393 1938/2394
f 1863/2395 1860/2396 1862/2397 1864/2398
f 2181/2399 2184/2400 2183/2401 2182/2402
f 2580/2403 2472/2404 2619/2405 2618/2406
f 3126/2407 3183/2408 3127/2409 3056/2410
f 1862/2411 1861/2412 1909/2413 1910/2414
f 1983/2415 1985/2416 1987/2417 1986/2418
f 2213/2419 2175/2420 2170/2421 2212/2422
f 2329/2423 2328/2424 2392/2425 2393/2426
f 3172/2427 3142/2428 3140/2429 3135/2430
f 2118/2431 2117/2432 2116/2433 2119/2434
f 2722/2435 2725/2436 2726/2334 2734/2333
f 2709/2437 2640/2438 2630/2439 2626/2440
f 2340/2441 2343/2442 2342/2443 2341/2444
f 2126/2445 2141/2446 2140/2447 2139/2448
f 1796/2449 1818/2450 1792/2451 1794/2452
f 1875/2453 1874/2454 1870/2455 1869/2456
f 1926/2457 1925/2458 1924/2459 1927/2460
f 1826/2461 1823/2462 1825/2463 1828/2464
f 1904/2465 1912/2466 1905/2467 1902/2468
f 1821/2469 1820/2470 1819/2471 1817/2472
f 1822/2473 1821/2469 1817/2472 1816/2474
f 1915/2475 1877/2476 1876/2477 1914/2478
f 1914/2478 1910/2479 1884/2480 1915/2475
f 2282/2481 2297/2482 2283/2483 2280/2484
f 2191/2485 2188/2389 2193/2388 2192/2486
f 1977/2487 1974/2488 1976/2489 1978/2490
f 1926/2457 1901/2491 1918/2492 1925/2458
f 2986/2493 2984/2494 2988/2495 2989/2496
f 2196/2497 2194/2498 2198/2499 2197/2500
f 1931/2501 1934/2502 1933/2503 1932/2504
f 1917/2505 1919/2506 1918/2507 1916/2508
f 2100/2509 2204/2510 2102/2511 2101/2512
f 2941/2513 2942/2514 2940/2515 2939/2516
f 1797/2282 1796/2449 1794/2452 1795/2283
f 2404/2517 2398/2518 2405/2519 2406/2520
f 3110/2521 3111/2522 3108/2523 3109/2524
f 2426/2371 2425/2525 2458/2526 2460/2372
f 3055/2527 3056/2528 3057/2529 3058/2530
f 2773/2531 2776/2532 2775/2533 2749/2534
f 3174/2311 3172/2314 3173/2535 3179/2536
f 1741/2354 1751/2537 1753/2538 1742/2351
f 2797/2539 2799/2540 2800/2541 2796/2542
f 2343/2442 2340/2441 2693/2543 2367/2544
f 1806/2545 1731/2546 1732/2547 1951/2548
f 2679/2549 2678/2550 2677/2551 2680/2552
f 2815/2553 2836/2554 2817/2555 2816/2556
f 2327/2557 2317/2558 2328/2424 2329/2423
f 2539/2559 2541/2560 2607/2561 2613/2562
f 1873/2563 1874/2564 1877/2565 1878/2566
f 1864/2398 1866/2567 1865/2568 1863/2395
f 2176/2569 2181/2570 2177/2571 2174/2572
f 2520/2573 2518/2574 2548/2575 2546/2576
f 2042/2577 2035/2578 2044/2579 2043/2580
f 2323/2581 2324/2582 2697/2583 2698/2584
f 2172/2585 2167/2586 2168/2587 2171/2588
f 2771/2589 2772/2590 2751/2591 2770/2592
f 1840/2593 1842/2594 1843/2595 1820/2596
f 1819/2597 1793/2598 1790/2599 1792/2600
f 1945/2601 1933/2503 1934/2502 1939/2391
f 1817/2472 1818/2602 1815/2603 1816/2474
f 1875/2604 1867/2605 1866/2606 1876/2607
f 2939/2608 2938/2609 2935/2610 2937/2611
f 2967/2612 3021/2613 2969/2614 2968/2615
f 2288/2616 2694/2617 1984/2618 1982/2619
f 3062/2620 3061/2621 3060/2622 3059/2623
f 3021/2613 2967/2612 3191/2624 3023/2625
f 2477/2626 2482/2627 2479/2628 2478/2629
f 2128/2630 2134/2631 2129/2632 2122/2633
f 2776/2532 2784/2634 2777/2635 2775/2533
f 2886/2636 2884/2637 2885/2638 2868/2639
f 2115/2640 2114/2641 2113/2642 2116/2643
f 1855/2644 1930/2645 1929/2646 1928/2647
f 1857/2648 1919/2506 1917/2505 1856/2649
f 2048/2650 2049/2651 2052/2652 2246/2653
f 3124/2654 3054/2655 3052/2656 3121/2657
f 2512/2658 2507/2659 2557/2660 2515/2661
f 2539/2662 2614/2663 2538/2664 2537/2665
f 3011/2666 3012/2667 3016/2668 3111/2669
f 3054/2670 3126/2407 3056/2410 3055/2527
f 2277/2671 2279/2672 2302/2673 2303/2674
f 2307/2675 2310/2676 2309/2677 2308/2678
f 2208/2375 2202/2679 2199/2680 2200/2376
f 2751/2681 2748/2682 2750/2683 2752/2684
f 3047/2685 3089/2686 3045/2687 3046/2688
f 1815/2689 1810/2690 1811/2691 1814/2692
f 1866/2606 1864/2398 1914/2478 1876/2607
f 2364/2693 2402/2694 2669/2695 2670/2696
f 2704/2697 2707/2698 2706/2699 2705/2700
f 3045/2687 3089/2686 3090/2701 3091/2702
f 3057/2529 3063/2703 3059/2704 3058/2530
f 2178/2705 2173/2706 2174/2572 2177/2571
f 3165/2707 3164/2708 3163/2709 3162/2710
f 2727/2711 2728/2331 2726/2334 2723/2712
f 2957/2210 2955/2713 2956/2714 2958/2211
f 2222/2715 2225/2716 2223/2717 2220/2718
f 1993/2719 1988/2720 1990/2721 1992/2722
f 2280/2484 2283/2483 2279/2723 2278/2724
f 2154/2725 2150/2726 2151/2727 2153/2728
f 2490/2729 2480/2730 2479/2731 2483/2732
f 1874/2454 1873/2563 1871/2733 1870/2455
f 1916/2508 1918/2507 1901/2491 1907/2734
f 3044/2735 3042/2736 3041/2737 3040/2738
f 2537/2665 2538/2664 2536/2739 2535/2740
f 1989/2741 1984/2618 2694/2617 2695/2742
f 1826/2461 1822/2473 1816/2474 1823/2462
f 2014/2743 2013/2744 2016/2745 2038/2746
f 3200/2298 3201/2747 2981/2748 3199/2299
f 2484/2749 2482/2750 2578/2280 2575/2279
f 2748/2751 2844/2752 2774/2753 2773/2754
f 3064/2755 3066/2756 3065/2757 3062/2758
f 2072/2759 2076/2760 2073/2761 2069/2762
f 2824/2763 2829/2764 2828/2765 2827/2766
f 1947/2767 1865/2768 1868/2769 1949/2770
f 1879/2771 1952/2772 1873/2563 1878/2566
f 2517/2773 2556/2774 2554/2775 2553/2776
f 2180/2777 2177/2571 2181/2570 2182/2402
f 1781/2778 1782/2779 1868/2780 1867/2781
f 2897/2782 2900/2783 2898/2784 2899/2785
f 2194/2498 2196/2497 2192/2486 2193/2388
f 2299/2786 2300/2787 2301/2788 2302/2789
f 2629/2790 2632/2791 2633/2792 2628/2793
f 3209/2794 3210/2795 3208/2796 2915/2797
f 1758/2798 1778/2799 1759/2800 1736/2801
f 2372/2802 2369/2294 2368/2293 2370/2803
f 2239/2804 2117/2805 2132/2806 2240/2807
f 2856/2808 2860/2809 2867/2810 2868/2811
f 2467/2812 2628/2813 2466/2814 2465/2815
f 2060/2816 2065/2817 2061/2818 2057/2819
f 3207/2820 3203/2821 2937/2822 2936/2823
f 2386/2824 2387/2825 2389/2826 2388/2827
f 2355/2828 2359/2829 2674/2830 2678/2831
f 3008/2832 2995/2833 2994/2834 2997/2835
f 2066/2836 2071/2837 2067/2838 2063/2839
f 2870/2840 2857/2841 2869/2842 2871/2843
f 2002/2844 2001/2845 1996/2846 1994/2847
f 2915/2797 3208/2796 2916/2848 2914/2247
f 3201/2747 2999/2849 2983/2850 2981/2748
f 1771/2851 1760/2852 1761/2853 1764/2854
f 1942/2855 1943/2856 1941/2857 1835/2858
f 2345/2859 2347/2860 2346/2861 2344/2862
f 2981/2748 2983/2850 2982/2863 2980/2864
f 1861/2412 1862/2411 1860/2396 1859/2865
f 1902/2468 1905/2467 1906/2866 1907/2867
f 3165/2707 3167/2868 3166/2869 3164/2708
f 1868/2769 1865/2768 1866/2567 1867/2781
f 2349/2870 2357/2871 2350/2872 2347/2873
f 1909/2874 1906/2866 1905/2467 1911/2875
f 1768/2876 1770/2877 1766/2878 1767/2879
f 2205/2880 2157/2881 2152/2882 2143/2883
f 2291/2884 2293/2885 2292/2886 2290/2887
f 2912/2248 2914/2247 2905/2888 2906/2889
f 2028/2890 2029/2891 2027/2892 2026/2893
f 1976/2894 1975/2895 2290/2896 2289/2897
f 2851/2898 2852/2899 2849/2900 2850/2901
f 2118/2902 2122/2633 2129/2632 2130/2903
f 3032/2904 3033/2905 3105/2906 3103/2907
f 1862/2397 1910/2414 1914/2478 1864/2398
f 1789/2908 1793/2909 1843/2910 1844/2911
f 2535/2740 2545/2912 2540/2913 2537/2665
f 2938/2609 2991/2914 2934/2915 2935/2610
f 2111/2916 2068/2917 2070/2918 2110/2919
f 1849/2920 1848/2921 1854/2922 1853/2923
f 1803/2223 1739/2924 1802/2925 1800/2224
f 2980/2926 2940/2515 2942/2514 2979/2386
f 1877/2476 1915/2475 1880/2927 1878/2566
f 2196/2497 2197/2500 2216/2928 2219/2929
f 2321/2930 2324/2582 2323/2581 2322/2931
f 1919/2506 1857/2648 1921/2213 1920/2216
f 2347/2860 2345/2859 2348/2932 2349/2870
f 3049/2933 3060/2934 3047/2935 3048/2936
f 1981/2937 1979/2938 1983/2415 1986/2418
f 1941/2857 1943/2856 1944/2939 1940/2940
f 1948/2941 1850/2942 1860/2396 1863/2395
f 2020/2943 2022/2944 2019/2945 2018/2946
f 1920/2216 1925/2458 1918/2492 1919/2506
f 2397/2947 2379/2948 2395/2949 2396/2950
f 2690/2951 2688/2952 2692/2953 2691/2954
f 3088/2955 3090/2701 3089/2686 3061/2956
f 2500/2957 2499/2958 2503/2959 2504/2960
f 2769/2961 2771/2589 2770/2592 2764/2962
f 1867/2605 1875/2604 1869/2456 1781/2778
f 3064/2755 3062/2758 3059/2623 3063/2703
f 3196/2963 3193/2964 3194/2965 3195/2966
f 2038/2746 2016/2745 2017/2967 2032/2968
f 2708/2969 2709/2970 2706/2699 2707/2698
f 2424/2971 2425/2972 2423/2973 2422/2974
f 2937/2822 3203/2821 2941/2513 2939/2608
f 2198/2975 2211/2976 2200/2376 2199/2680
f 2018/2946 2012/2977 2021/2978 2020/2943
f 2756/2979 2758/2980 2757/2981 2753/2982
f 2097/2983 2099/2984 2100/2985 2092/2986
f 2122/2633 2118/2902 2119/2434 2121/2987
f 3019/2988 3018/2989 2969/2990 3020/2991
f 2156/2992 2153/2993 2157/2994 2158/2995
f 2661/2996 2671/2997 2664/2998 2663/2999
f 2544/3000 2540/2913 2545/2912 2521/3001
f 2408/3002 2413/3003 2409/3004 2407/3005
f 2287/3006 2289/3007 2286/3008 2285/3009
f 3128/3010 3127/3011 3132/3012 3129/3013
f 2427/3014 2423/2973 2425/2972 2426/2371
f 3037/3015 3051/3016 3039/3017 3038/3018
f 2286/3008 2295/3019 2282/3020 2285/3009
f 2872/2319 2885/3021 2878/3022 2877/2320
f 1967/3023 1965/3024 1969/3025 1968/3026
f 2908/3027 2906/3028 2907/3029 2909/3030
f 2668/3031 2410/3032 2411/3033 2666/3034
f 1788/3035 1786/3036 1791/3037 1790/3038
f 2171/2588 2174/2572 2173/2706 2172/2585
f 2270/3039 2271/3040 2269/3041 2021/3042
f 2278/2724 2279/2723 2277/2671 2276/3043
f 3007/3044 3011/3045 3010/3046 3009/3047
f 3096/3048 3091/2702 3090/2701 3112/3049
f 2148/3050 2151/2727 2150/2726 2149/3051
f 2118/2431 2130/2903 2132/2806 2117/2432
f 2547/3052 2543/3053 2542/3054 2546/3055
f 2531/3056 2530/3057 2533/3058 2534/3059
f 2662/3060 2653/3061 2684/3062 2676/3063
f 1836/3064 1838/3065 1839/3066 1831/3067
f 2772/2590 2844/2752 2748/2751 2751/2591
f 2190/3068 2191/3069 2223/3070 2224/3071
f 1939/2391 1940/2940 1944/2939 1945/2601
f 2562/3072 2594/3073 2596/3074 2560/3075
f 2381/3076 2384/3077 2382/3078 2380/3079
f 2770/2592 2751/2591 2752/2684 2753/3080
f 2074/3081 2079/3082 2106/3083 2107/3084
f 1936/3085 1935/3086 1937/3087 1841/3088
f 2677/3089 2675/3090 2676/3091 2682/3092
f 2463/3093 2469/3094 2465/3095 2464/3096
f 3133/3097 3138/3098 3129/3013 3132/3012
f 2069/2762 2067/2838 2071/2837 2072/2759
f 2452/3099 2453/3100 2451/3101 2444/3102
f 2445/3103 2450/3104 2448/3105 2447/3106
f 1807/3107 1806/2545 1951/2548 1950/3108
f 2239/3109 2238/3110 2234/3111 2115/3112
f 2064/3113 2063/2839 2067/2838 2068/3114
f 2883/3115 2882/3116 2880/3117 2878/3118
f 2387/3119 2383/3120 2373/3121 2374/3122
f 1801/2289 1799/2281 1798/2284 1800/2290
f 2058/2241 2055/3123 2054/3124 2263/2242
f 3160/3125 3190/3126 3187/3127 3162/3128
f 2015/3129 2011/3130 2013/2744 2014/2743
f 2414/3131 2416/3132 2412/3133 2415/3134
f 2136/3135 2146/3136 2135/3137 2134/3138
f 1773/3139 1871/3140 1872/3141 1772/3142
f 2576/3143 2585/3144 2587/3145 2574/3146
f 2478/2629 2622/3147 2475/3148 2477/2626
f 2320/3149 2325/3150 2324/2582 2321/2930
f 2555/3151 2550/3152 2553/2776 2554/2775
f 3005/3153 2971/3154 2970/3155 3013/3156
f 1956/3157 1961/3158 1960/3159 1959/3160
f 2816/2556 2817/2555 2819/3161 2818/3162
f 3183/2408 3126/2407 3182/3163 3180/3164
f 2206/3165 2158/2995 2157/2994 2205/2880
f 1992/2722 1995/3166 2696/3167 1993/2719
f 2981/2748 2980/2864 2979/2386 3199/2299
f 3016/2668 3012/2667 3014/2315 3015/2318
f 1838/3065 1841/3168 1840/3169 1839/3066
f 3061/2956 3089/2686 3047/2685 3060/2622
f 2836/2554 2815/2553 2838/3170 2837/3171
f 2585/3144 2584/3172 2586/3173 2587/3145
f 1747/3174 1791/3037 1786/3036 1748/3175
f 2753/3080 2752/2684 2755/3176 2756/2979
f 1885/3177 1912/3178 1887/3179 1886/3180
f 2875/3181 3211/3182 2871/3183 2873/3184
f 2251/3185 2250/2261 2249/2264 2245/3186
f 2192/2486 2196/2497 2219/2929 2220/3187
f 2798/3188 2813/3189 2799/2540 2797/2539
f 2474/3190 2476/3191 2477/2626 2475/3148
f 3078/3192 3150/3193 3080/3194 3079/3195
f 2057/2819 2058/2241 2059/2244 2060/2816
f 3022/3196 3025/3197 3104/3198 3020/3199
f 2549/3200 2551/3201 2552/3202 2547/3203
f 2893/2274 2894/3204 2892/3205 2864/2275
f 1859/2865 1860/2396 1850/2942 1851/3206
f 2294/3207 2319/3208 2296/3209 2295/3210
f 2032/2968 2017/2967 2027/3211 2031/3212
f 3018/2317 3019/2988 3017/3213 3015/2318
f 1783/3214 1750/3215 1784/3216 1785/3217
f 1748/3175 1745/3218 1746/3219 1747/3174
f 3151/3220 3150/3221 3149/3222 3158/3223
f 3049/2933 3058/2530 3059/2704 3060/2934
f 2142/3224 2103/3225 2101/2512 2102/2511
f 2652/3226 2687/3227 2683/3228 2684/3229
f 2715/3230 2717/3231 2716/3232 2714/3233
f 2484/3234 2486/3235 2485/3236 2483/3237
f 1751/2537 1750/3238 1752/3239 1753/2538
f 3017/3213 3099/2288 3016/2668 3015/2318
f 2237/3240 2247/3241 2233/3242 2235/3243
f 1832/3244 1830/3245 1829/3246 1827/3247
f 2131/3248 2257/3249 2132/2806 2130/2903
f 2004/3250 2006/3251 2008/3252 2007/3253
f 2430/3254 2433/3255 2650/3256 2651/3257
f 1946/3258 1845/3259 1948/3260 1947/3261
f 2734/2333 2736/3262 2735/3263 2722/2435
f 2940/2515 2980/2926 2982/2863 2992/3264
f 1912/3178 1885/3177 1911/2875 1905/2467
f 2087/3265 2084/3266 2088/3267 2089/3268
f 1897/2359 1899/2362 1898/3269 1896/2345
f 2561/3270 2568/3271 2592/3272 2562/3273
f 1911/2875 1884/2480 1910/2479 1909/2874
f 2472/2404 2580/2403 2473/3274 2471/3275
f 2406/2520 2408/3002 2407/3005 2404/2517
f 2286/3008 2289/3007 2290/2896 2292/2886
f 1998/3276 2696/3167 1995/3166 1997/3277
f 3120/3278 3125/3279 3121/3280 3119/3281
f 2036/3282 2038/2746 2032/2968 2034/3283
f 1757/3284 1755/3285 1756/3286 1758/3287
f 2658/3288 2419/3289 2421/3290 2428/3291
f 1907/2867 1901/2491 1900/3292 1902/2468
f 2879/3293 3204/3294 2874/2321 2877/2320
f 2133/3295 2131/3248 2130/2903 2129/2632
f 3123/3296 3051/3016 3037/3015 3030/3297
f 2545/2912 2535/2740 2530/3298 2524/3299
f 1873/2563 1952/2772 1872/3141 1871/2733
f 2321/2930 2314/3300 2316/3301 2320/3149
f 1821/2469 1839/3066 1840/3169 1820/2470
f 1941/2857 1940/2940 1837/3302 1833/3303
f 3013/3304 3014/2315 3012/2667 3006/3305
f 1847/3306 1844/2911 1843/2910 1842/2594
f 2613/3307 2609/3308 2611/3309 2612/3310
f 1818/2602 1817/2472 1819/2471 1792/2451
f 3151/3311 3157/3312 3153/3313 3152/3314
f 2592/3272 2591/2355 2594/2358 2562/3273
f 1841/3088 1937/3087 1842/2594 1840/3169
f 2159/3315 2162/3316 2161/3317 2160/3318
f 3119/3281 3029/3319 3118/3320 3120/3278
f 2170/2421 2175/2420 2171/2588 2168/2587
f 2946/3321 2945/3322 2947/3323 2948/3324
f 3039/3017 3046/3325 3040/3326 3038/3018
f 1934/2502 1931/2501 1935/3086 1936/2393
f 2671/3327 2672/3328 2358/3329 2667/3330
f 1787/3331 1949/3332 1783/3214 1785/3217
f 2663/2999 2664/2998 2665/3333 2417/3334
f 3121/3280 3052/2656 3122/3335 3119/3281
f 2046/2262 2043/2580 2044/2579 2045/2263
f 3058/2530 3049/2933 3053/3336 3055/2527
f 2520/3337 2544/3000 2521/3001 2519/3338
f 2330/3339 2329/2423 2393/2426 2394/3340
f 2162/3316 2159/3315 2163/3341 2164/3342
f 2041/3343 2040/3344 2039/3345 2042/3346
f 2835/3347 2837/3348 2840/3349 2768/3350
f 2369/2294 2377/3351 2401/3352 2366/2295
f 2169/3353 2210/3354 2212/2422 2170/2421
f 2093/3355 2090/3356 2094/3357 2095/3358
f 2152/2882 2157/2881 2153/2993 2151/2727
f 2110/2919 2070/2918 2108/3359 2109/3360
f 2044/2579 2033/3361 2047/3362 2045/2263
f 2384/3077 2381/3076 2386/3363 2385/3364
f 2680/2552 2677/2551 2682/3092 2681/3365
f 2511/3366 2510/2228 2513/2227 2701/3367
f 2328/2424 2293/2885 2291/2884 2392/2425
f 2977/2300 3199/2299 2979/2386 2978/2385
f 2527/3368 2524/3299 2530/3298 2531/3056
f 2325/3150 2320/3149 2327/3369 2326/3370
f 1981/2937 1980/3371 1977/3372 1979/2938
f 2214/3373 2216/2928 2197/2500 2201/3374
f 2175/2420 2213/2419 2185/3375 2176/3376
f 1754/3377 1777/3378 1756/3286 1755/3285
f 2202/2679 2208/2375 2203/3379 2099/3380
f 1845/3259 1846/3381 1850/2942 1948/3260
f 1994/2847 1991/3382 2003/3383 2002/2844
f 1985/2336 1990/2335 1988/2720 1987/2417
f 2812/3384 2816/2556 2818/3162 2811/3385
f 1956/3157 1959/3160 1955/3386 1953/3387
f 2303/3388 2304/3389 2305/3390 2274/3391
f 2367/2544 2693/2543 2368/2293 2365/2296
f 2351/3392 2346/2861 2347/2860 2350/2872
f 2942/2383 2941/2513 2943/3393 2944/2384
f 2743/3394 2742/3395 2739/3396 2744/3397
f 2126/2445 2139/2448 2127/3398 2125/3399
f 2965/3400 2963/3401 3195/2966 3194/2965
f 3215/3402 2870/3403 3212/3404 3214/3405
f 2450/3104 2445/3103 2444/3102 2451/3101
f 2446/3406 2466/3407 2442/3408 2443/3409
f 2821/3410 2820/3411 2822/3412 2823/3413
f 2865/3414 2867/2810 2860/2809 2862/2276
f 3213/3415 2913/3416 2911/3417 3214/3418
f 2791/3419 2776/2532 2773/2531 2774/2753
f 2443/3409 2444/3102 2445/3103 2446/3406
f 3032/3420 3104/3198 3025/3197 3027/3421
f 2441/3422 2452/3099 2444/3102 2443/3409
f 3076/3423 3074/3424 3137/3425 3145/3426
f 2635/2218 2647/3427 2636/2271 2634/2219
f 1772/3428 1767/2879 1766/2878 1765/3429
f 3130/3430 3131/3431 3128/3010 3129/3013
f 2678/2550 2674/2830 2675/3090 2677/2551
f 2138/3432 2139/2448 2140/2447 2144/3433
f 2004/3250 2007/3253 2002/2844 2003/3383
f 2486/3235 2571/3434 2487/3435 2485/3236
f 3180/3436 3181/3437 3179/2536 3173/2535
f 2336/3438 2697/3439 2335/3440 2334/3441
f 3036/2235 3107/2234 3034/3442 3035/3443
f 3076/3423 3145/3426 3144/3444 3146/3445
f 1806/2545 1807/3107 1804/3446 1805/3447
f 2964/3448 2971/3449 2972/3450 2962/3451
f 3180/3436 3173/2535 3134/3452 3183/2408
f 2518/2574 2517/2773 2553/2776 2548/2575
f 3085/3453 3066/3454 3068/3455 3084/3456
f 2370/2803 2333/2267 2371/2266 2372/2802
f 1749/3457 1784/3216 1750/3215 1751/2537
f 2929/2369 2930/3458 2932/3459 2931/2370
f 3078/3460 3077/2249 3147/2252 3148/3461
f 3200/2298 2976/2297 2975/2305 3202/3462
f 3050/3463 3053/3336 3049/2933 3048/2936
f 2970/3155 3113/2316 3014/2315 3013/3156
f 3108/3464 3099/2288 3098/2287 3093/2307
f 2435/3465 2432/2373 2460/2372 2436/3466
f 3133/3097 3136/3467 3137/3468 3138/3098
f 3189/3469 3186/3470 3187/3127 3190/3126
f 2563/3471 2558/3472 2566/3473 2564/3474
f 2380/3079 2376/3475 2383/3476 2381/3076
f 2626/2440 2630/2439 2627/3477 2625/3478
f 2378/3479 2379/2948 2397/2947 2400/3480
f 2558/3472 2563/3471 2561/3481 2559/3482
f 3075/3483 3072/3484 3070/3485 3130/3486
f 2881/3487 2947/3323 2945/3322 3206/3488
f 2039/3489 1997/3490 1999/3491 2000/3492
f 2274/3391 2305/3390 2273/3493 2272/3494
f 1795/2283 1747/3174 1746/3219 1798/2284
f 2948/3324 2947/3323 2950/3495 2951/3496
f 2091/3497 2086/3498 2087/3499 2090/3500
f 3020/2991 3104/3198 3102/3501 3019/2988
f 2410/3032 2407/3005 2409/3004 2411/3033
f 2712/3502 2732/3503 2731/3504 2713/3505
f 1875/2604 1876/2607 1877/2476 1874/2454
f 2096/3506 2215/3507 2098/3508 2097/3509
f 3054/2655 3055/2527 3053/3336 3052/2656
f 2012/2977 2010/3510 2270/3039 2021/2978
f 2412/3511 2665/3512 2411/3033 2409/3004
f 2378/3479 2376/3475 2380/3079 2379/2948
f 2119/2434 2112/3513 2120/2382 2121/2987
f 2373/3514 2375/3515 2372/2802 2371/2266
f 3192/3516 3114/3517 3023/2625 3191/2624
f 2673/3518 2674/2830 2359/2829 2672/3519
f 2298/3520 2306/3521 2300/2787 2299/2786
f 3161/3522 3160/3125 3162/3128 3163/2709
f 2777/2635 2784/2634 2782/3523 2781/3524
f 2143/2883 2152/2882 2144/3433 2140/2447
f 2191/2485 2192/2486 2220/3187 2223/3070
f 2840/3349 2769/3525 2765/3526 2768/3350
f 2205/2880 2143/2883 2142/3224 2102/2511
f 2668/3527 2362/3528 2670/2696 2669/2695
f 2092/3529 2091/3497 2090/3500 2093/3355
f 2083/3530 2088/3267 2084/3266 2081/3531
f 2201/3374 2098/3508 2215/3507 2214/3373
f 2284/3532 2281/3533 2694/2617 2288/2616
f 1767/2879 1958/3534 1769/3535 1768/2876
f 2831/3536 2828/2765 2829/2764 2830/3537
f 1884/2480 1883/3538 1880/2927 1915/2475
f 2019/2945 2017/2967 2016/2745 2018/2946
f 1773/3139 1775/3539 1870/2455 1871/3140
f 2174/2572 2171/2588 2175/2420 2176/2569
f 2944/2384 2943/3393 2945/3322 2946/3321
f 2478/2629 2481/3540 2623/3541 2622/3147
f 2815/2553 2816/2556 2812/3384 2814/3542
f 3191/2624 3194/2965 3193/2964 3192/3516
f 2334/3441 2335/3440 2332/2268 2333/2267
f 2266/3543 2025/3544 2267/3545 2268/3546
f 2793/3547 2792/3548 2774/2753 2844/2752
f 2836/2554 2833/3549 2820/3550 2817/2555
f 3210/3551 3211/3182 2875/3181 2927/3552
f 2468/3553 2467/2812 2465/2815 2469/3094
f 2201/3374 2199/2680 2202/2679 2098/3508
f 2139/2448 2138/3432 2137/3554 2127/3398
f 2312/3555 2314/3556 2313/3557 2311/3558
f 2124/2379 2120/2382 2109/3559 2107/3560
f 2835/3347 2833/3549 2836/2554 2837/3348
f 2402/3561 2401/3562 2400/3563 2399/3564
f 2825/3565 2824/2763 2827/2766 2826/3566
f 1908/3567 1906/2866 1909/2874 1861/2412
f 2381/3076 2383/3476 2387/3119 2386/3363
f 2912/2248 2906/2889 2908/3027 2910/3568
f 3210/2795 2927/3552 2925/3569 3208/2796
f 1847/3306 1842/2594 1937/3087 1848/3570
f 2661/2996 2673/3518 2672/3519 2671/2997
f 2079/3082 2074/3081 2075/3571 2078/3572
f 2541/2560 2539/2559 2537/2665 2540/2913
f 2035/2578 2042/2577 2039/3345 2000/3492
f 2649/3573 2689/3574 2650/3575 2648/3576
f 1823/2462 1814/3577 1824/3578 1825/2463
f 1970/3579 2291/2884 2290/2887 1975/2895
f 2940/2515 2992/3264 2938/2609 2939/2516
f 2964/3580 2963/3401 2965/3400 2966/3581
f 2928/3582 2927/3552 2875/3181 2876/3583
f 2333/2267 2370/2803 2337/3584 2334/3441
f 2719/3585 2717/3586 2727/2711 2723/2712
f 2626/2440 2624/3587 2706/2699 2709/2437
f 2377/3351 2378/3479 2400/3480 2401/3352
f 2244/3588 2251/3185 2245/3186 2243/3589
f 2318/3590 2315/3591 2319/3208 2294/3207
f 2992/3264 2986/3592 2991/2914 2938/2609
f 2553/2776 2550/3152 2549/3593 2548/2575
f 2495/3594 2489/3595 2488/3596 2497/3597
f 3075/3483 3130/3486 3129/3013 3138/3098
f 2259/3598 2260/3599 2043/2580 2046/2262
f 2460/2372 2458/2526 2456/3600 2436/3466
f 3005/3153 3013/3156 3006/3305 3004/3601
f 1790/3038 1793/2598 1789/2908 1788/3035
f 3087/3602 3112/3049 3090/2701 3088/2955
f 2249/2264 2048/2650 2246/2653 2245/3186
f 1931/2501 1930/3603 1854/3604 1935/3086
f 1969/3025 1971/3605 1972/3606 1968/3026
f 1904/2465 1902/2468 1900/3292 1903/2360
f 2163/3341 2207/3607 2209/3608 2164/3342
f 2074/3081 2108/3609 2073/3610 2075/3571
f 1978/2490 1982/3611 1979/2938 1977/2487
f 2177/2571 2180/2777 2179/3612 2178/2705
f 1809/3613 1811/2691 1810/2690 1808/3614
f 2583/3615 2582/3616 2584/3172 2585/3144
f 2160/3318 2155/3617 2156/3618 2159/3315
f 1833/3619 1830/3245 1832/3244 1834/3620
f 2506/3621 2505/3622 2508/3623 2509/3624
f 3004/3601 3006/3305 3007/3625 2997/3626
f 2137/3627 2136/3135 2134/3138 2128/2630
f 2024/3628 2267/3545 2025/3544 2022/3629
f 3169/3630 3175/3631 3176/3632 3167/3633
f 2560/3634 2555/3151 2554/2775 2559/3635
f 1781/2778 1869/2456 1777/3378 1754/3377
f 2001/2845 2037/3636 1999/3637 1996/2846
f 2211/3638 2195/3639 2213/2419 2212/2422
f 2600/3640 2599/3641 2601/3642 2551/3643
f 2721/3644 2719/3585 2723/2712 2724/3645
f 3080/3194 3155/3646 3081/2253 3079/3195
f 2430/3647 2654/3648 2431/3649 2429/3650
f 2848/3651 2767/3652 2850/2901 2849/2900
f 2620/3653 2475/3148 2622/3147 2621/3654
f 2050/3655 2265/3656 2054/3657 2051/3658
f 3186/3470 3189/3469 3188/3659 3143/3660
f 3169/3661 3168/3662 3170/3663 3171/3664
f 2960/2212 2958/2211 2961/3665 2962/3666
f 2627/3667 2629/2790 2628/2793 2467/2812
f 2996/3668 3004/3601 2997/3626 2994/2834
f 2061/2818 2062/3669 2056/3670 2057/2819
f 2242/3671 2244/3588 2243/3589 2236/3672
f 1856/3673 1852/3674 1853/3675 1855/3676
f 2792/3677 2794/3678 2795/3679 2790/3680
f 2962/3666 2961/3665 2963/3401 2964/3448
f 3171/3664 3178/2312 3175/3631 3169/3661
f 2436/3466 2456/3600 2454/3681 2461/3682
f 2372/2802 2375/3515 2377/3351 2369/2294
f 2718/3683 2716/3232 2717/3231 2719/3585
f 2449/3684 2462/3685 2447/3106 2448/3105
f 2546/3055 2542/3054 2544/3000 2520/2573
f 2464/3096 2447/3106 2462/3685 2463/3093
f 2439/2269 2633/2792 2632/2791 2634/2270
f 1855/3676 1853/3675 1854/2922 1930/2645
f 2540/2913 2544/3000 2542/3054 2541/2560
f 2954/3686 2955/3687 2977/2300 2978/2385
f 2501/3688 2488/3689 2487/3690 2572/3691
f 2199/2680 2201/3374 2197/2500 2198/2975
f 3065/2757 3066/2756 3085/3453 3086/3692
f 2145/3693 2147/3694 2146/3136 2136/3135
f 2715/3695 2713/3505 2731/3504 2729/3696
f 2070/2918 2068/2917 2067/2838 2069/2762
f 2124/2379 2125/3399 2127/3398 2123/2380
f 2552/3697 2602/3698 2603/3699 2604/3700
f 2839/3701 2838/3702 2841/3703 2842/3704
f 2337/3584 2370/2803 2368/2293 2693/2543
f 2876/3583 2875/3181 2873/3184 2874/2321
f 2524/3299 2527/3368 2525/3705 2523/3706
f 2502/3707 2501/3688 2572/3691 2564/3708
f 2598/3709 2597/3710 2599/3641 2600/3640
f 2550/3152 2600/3640 2551/3643 2549/3593
f 2371/2266 2331/2265 2374/3122 2373/3514
f 2654/3648 2655/3711 2656/3712 2431/3649
f 2360/3713 2362/3714 2667/3330 2358/3329
f 2685/3715 2683/3228 2687/3227 2686/3716
f 2113/3717 2111/2916 2110/2919 2112/3718
f 2144/3433 2148/3719 2145/3720 2138/3432
f 1924/2459 1925/2458 1920/2216 1922/2215
f 2438/3721 2434/3722 2435/3723 2437/3724
f 2210/2377 2200/2376 2211/2976 2212/2422
f 2101/2512 2091/3497 2092/3529 2100/2509
f 2354/3725 2355/2828 2678/2831 2679/2549
f 2516/3726 2515/3727 2517/2773 2518/2574
f 1775/3539 1773/3139 1774/3728 1776/3729
f 3003/3730 3005/3153 3004/3601 2996/3668
f 2990/3731 2993/3732 2934/2915 2991/2914
f 2007/3253 2008/3252 2011/3130 2015/3129
f 2289/3007 2287/3006 1978/2490 1976/2894
f 2543/3053 2607/2561 2541/2560 2542/3054
f 2031/3212 2027/3211 2029/2891 2030/3733
f 2660/3734 2673/3518 2661/2996 2659/3735
f 2867/2810 2865/3414 2888/3736 2887/3737
f 2624/3738 2621/3654 2622/3147 2623/3541
f 2786/3739 2782/3523 2784/2634 2785/3740
f 1827/3247 1829/3246 1826/2461 1828/2464
f 2283/2483 2297/2482 2298/3520 2299/2786
f 2853/3741 2854/3742 2852/2899 2851/2898
f 2421/3743 2420/3744 2422/2974 2423/2973
f 2307/2675 2308/2678 2306/3521 2298/3520
f 2865/3414 2866/3745 2889/3746 2888/3736
f 2403/3747 2404/2517 2407/3005 2410/3032
f 1777/3378 1775/3539 1776/3729 1756/3286
f 2700/3748 2526/3749 2525/3750 2529/3751
f 2933/3752 2926/3753 2928/3754 2936/3755
f 1991/2338 1994/2847 1992/2722 1990/2335
f 2376/3475 2378/3479 2377/3351 2375/3515
f 3159/3756 3158/3757 3160/3125 3161/3522
f 2020/2943 2021/2978 2269/3041 2023/3758
f 2647/3427 2649/3573 2648/3576 2636/2271
f 2926/3759 2929/2369 2923/2368 2925/3760
f 2528/3761 2527/3368 2531/3056 2532/3762
f 2862/2276 2864/2275 2866/3745 2865/3414
f 1966/3763 1963/3764 1965/3024 1967/3023
f 2081/3531 2078/3765 2082/3766 2083/3530
f 2417/3334 2658/3767 2657/3768 2663/2999
f 3006/3305 3012/2667 3011/2666 3007/3625
f 2666/3034 2667/3330 2362/3714 2668/3031
f 2814/3769 2798/3770 2843/3771 2841/3772
f 2897/2782 2899/2785 2896/3773 2895/3774
f 3110/2521 3010/3046 3011/3045 3111/2522
f 2954/3775 2946/3321 2948/3324 2949/3776
f 2379/2948 2380/3079 2382/3078 2395/2949
f 2543/3053 2604/3777 2606/3778 2607/2561
f 1881/3779 1956/3157 1953/3387 1879/3780
f 2164/3342 2209/3608 2210/2377 2169/3353
f 1804/3781 1808/3782 1797/2282 1799/2281
f 2005/3783 2004/3250 2003/3383 2695/3784
f 2313/3557 2314/3556 2321/2930 2322/2931
f 2742/3395 2745/3785 2741/3786 2739/3396
f 2986/2493 2992/3264 2982/2863 2984/2494
f 3123/3787 3029/3319 3119/3281 3122/3335
f 2658/3288 2417/3334 2416/3788 2419/3289
f 2471/3275 2473/3274 2474/3789 2470/3790
f 2804/3791 2789/3792 2801/3793 2803/3794
f 2187/3795 2185/3375 2213/2419 2195/3639
f 1884/2480 1911/2875 1885/3177 1883/3538
f 2706/2699 2624/3587 2623/3541 2705/2700
f 3039/3017 3048/2936 3047/2935 3046/3325
f 2570/3796 2592/3272 2568/3271 2569/3797
f 1881/3779 1879/3780 1878/2566 1880/2927
f 2815/2553 2814/3542 2841/3772 2838/3170
f 2566/3798 2557/2660 2507/2659 2567/3799
f 2277/2671 2303/2674 2274/3391 2275/3800
f 2022/2944 2025/3544 2026/3801 2019/2945
f 2511/3366 2509/3624 2508/3623 2510/2228
f 2686/3716 2687/3227 2688/2952 2690/2951
f 2463/3093 2462/3685 2472/2404 2471/3275
f 2086/3498 2085/3802 2084/3266 2087/3499
f 2158/2995 2163/3341 2159/3315 2156/2992
f 1820/2470 1843/2595 1793/2909 1819/2471
f 2965/3400 3194/2965 3191/2624 2967/2612
f 2577/2277 2583/3615 2585/3144 2576/2278
f 2204/2510 2206/3165 2205/2880 2102/2511
f 2557/2660 2566/3798 2558/3472 2556/3803
f 2483/2732 2485/3236 2489/3804 2490/2729
f 1835/2858 1941/2857 1833/3303 1834/3620
f 3157/3312 3151/3311 3158/3223 3159/3756
f 2283/2483 2299/2786 2302/2789 2279/2723
f 2000/3492 2036/3282 2034/3283 2035/2578
f 2033/3361 2031/3212 2030/3733 2047/3362
f 2194/2498 2195/3639 2211/3638 2198/2499
f 3061/2956 3062/2620 3065/2757 3088/2955
f 2216/2928 2214/3373 2217/3805 2218/3806
f 2890/3807 2866/3745 2864/2275 2892/3205
f 1799/2281 1801/2289 1805/3447 1804/3781
f 2878/3022 2885/3021 2884/2637 2883/3115
f 1764/2854 1766/2878 1770/2877 1771/2851
f 2207/3607 2203/3379 2208/2375 2209/3608
f 3182/3163 3184/3808 3181/3437 3180/3164
f 2350/2872 2353/3809 2352/3810 2351/3392
f 2901/3811 2902/3812 2921/3813 2922/3814
f 2008/3252 2009/3815 2010/3816 2011/3130
f 2388/2827 2390/3817 2385/3364 2386/2824
f 2128/2630 2123/2380 2127/3398 2137/3627
f 3148/3461 3147/2252 3188/3659 3189/3469
f 3212/3404 3209/3818 3213/3415 3214/3405
f 3139/3819 3145/3426 3137/3425 3136/3467
f 2834/2260 2835/3347 2768/3350 2845/2257
f 3101/2348 3094/2347 3098/2308 3100/2286
f 2235/3243 2233/3242 2232/3820 2234/3821
f 2453/3100 2452/3099 2454/3822 2455/3823
f 1776/3729 1774/3728 1780/3824 1778/3825
f 2983/2850 2985/3826 2984/2494 2982/2863
f 3029/3319 3123/3787 3030/3297 3028/3827
f 1803/2223 1746/2222 1745/3218 1744/3828
f 2256/3829 2255/3830 2241/3831 2240/3832
f 2955/2713 2954/3686 2949/3776 2956/2714
f 2845/2257 2766/3833 2767/3834 2847/2258
f 1742/2351 1753/2538 1755/3285 1757/3284
f 2447/3106 2464/3096 2446/3406 2445/3103
f 3111/2522 3016/2668 3099/2288 3108/2523
f 2417/3334 2665/3333 2412/3511 2416/3788
f 2252/3835 2258/3836 2250/2261 2251/3185
f 2339/3837 2699/3838 2336/3839 2338/3840
f 2123/2380 2128/2630 2122/2633 2121/2381
f 3068/3455 3069/3841 3083/3842 3084/3456
f 3103/2907 3102/3501 3104/3198 3032/2904
f 2670/2696 2361/3843 2363/3844 2364/2693
f 2295/3019 2296/3209 2297/2482 2282/3020
f 2097/2983 2092/2986 2093/3355 2096/3506
f 2770/2592 2753/3080 2757/2981 2764/2962
f 2316/3845 2315/3591 2318/3590 2317/3846
f 2613/3307 2612/3310 2614/2663 2539/2559
f 2894/3204 2893/2274 2895/3774 2896/3773
f 2571/3434 2565/3847 2572/3691 2487/3435
f 1791/3037 1747/3174 1795/2283 1794/2452
f 2695/2742 2003/3383 1991/3382 1989/2741
f 2204/2510 2203/3379 2207/3607 2206/3165
f 2224/3071 2223/3070 2225/2716 2226/3848
f 2952/3849 2949/3776 2948/3324 2951/3496
f 2331/2265 2330/3339 2394/3340 2374/3122
f 2514/2226 2522/3850 2526/3851 2513/2227
f 2215/3507 2096/3506 2228/3852 2227/3853
f 3167/2868 3176/3632 3177/3854 3166/2869
f 2285/3009 2284/3532 2288/2616 2287/3006
f 2388/2827 2389/2826 2391/3855 1963/3856
f 2574/3146 2587/3145 2589/3857 2570/3858
f 2486/3235 2484/3234 2575/2279 2573/3859
f 2739/3396 2741/3786 2738/3860 2740/3861
f 2732/3503 2712/3502 2733/3862 2730/3863
f 3003/3864 3002/3865 2973/3866 2972/3867
f 2670/2696 2362/3528 2360/3713 2361/3843
f 2704/2697 2705/2700 2702/3868 2703/3869
f 2651/3257 2650/3256 2689/3574 2652/3870
f 2428/3291 2421/3290 2423/2973 2427/3014
f 1783/3214 1949/3332 1868/2769 1782/2779
f 2526/3749 2522/3850 2523/3706 2525/3750
f 2399/3564 2400/3563 2397/2947 2398/3871
f 2497/3597 2488/3596 2501/3688 2499/3872
f 2439/2269 2438/2272 2437/3724 2440/3873
f 2116/2433 2113/2642 2112/3718 2119/2434
f 1957/3874 1769/3535 1958/3534 1954/3875
f 2394/3340 2389/2826 2387/2825 2374/3122
f 2906/3028 2905/2888 2904/3876 2907/3029
f 1892/3877 1890/3878 1888/3879 1891/3880
f 2799/2540 2813/3189 2810/3881 2809/3882
f 2254/3883 2253/3884 2244/3588 2242/3671
f 2869/3885 2868/2639 2885/2638 2872/2319
f 3038/3018 3040/3326 3041/2737 3036/2235
f 1784/3216 1748/3175 1786/3036 1785/3217
f 2625/3478 2627/3477 2467/2812 2468/3553
f 2022/3629 2020/2943 2023/3758 2024/3628
f 3124/2654 3182/3163 3126/2407 3054/2655
f 2573/3859 2569/3886 2571/3434 2486/3235
f 2009/3887 2275/3800 2274/3391 2272/3494
f 2035/2578 2034/3283 2033/3361 2044/2579
f 2357/2871 2349/2870 2361/3843 2360/3713
f 1756/3286 1776/3729 1778/3825 1758/3287
f 3134/3888 3135/3889 3133/3097 3132/3012
f 2900/3890 2904/3891 2903/3892 2902/3893
f 2343/2442 2345/2859 2344/2862 2342/2443
f 1970/3579 1975/2895 1971/3605 1969/3025
f 2037/3894 2014/2743 2038/2746 2036/3282
f 3170/3663 3168/3662 3187/3127 3186/3470
f 2649/3573 2692/2953 2688/2952 2689/3574
f 2257/3249 2256/3829 2240/3832 2132/2806
f 2908/3027 2909/3030 2863/2273 2861/2327
f 1958/3534 1767/2879 1772/3428 1872/3141
f 2722/2435 2735/3263 2720/3895 2721/3896
f 2075/3571 2073/3610 2076/2760 2077/3897
f 1975/2895 1976/2894 1974/2488 1971/3605
f 2810/3881 2813/3189 2812/3384 2811/3385
f 3154/3898 3155/3646 3080/3194 3152/3899
f 2099/3380 2203/3379 2204/2510 2100/2985
f 2660/3900 2662/3060 2676/3063 2675/3090
f 2270/3039 2010/3510 2009/3815 2272/3494
f 2483/3237 2479/2731 2482/2627 2484/3234
f 1948/3260 1863/2395 1865/2568 1947/3261
f 2933/3901 2935/2610 2934/2915 2930/3902
f 2560/3634 2596/3074 2598/3903 2555/3151
f 3066/2756 3064/2755 3067/3904 3068/3455
f 2577/2277 2579/3905 2581/3906 2583/3615
f 2366/2295 2364/2693 2363/3844 2365/2296
f 2705/2700 2623/3541 2481/3540 2702/3868
f 3125/3279 3185/3907 3124/2654 3121/3280
f 1938/2394 1936/2393 1841/3088 1838/3065
f 1927/2460 1898/3269 1899/2362 1926/2457
f 2620/3908 2468/3553 2469/3094 2470/3909
f 2315/3591 2312/3910 2310/3911 2319/3208
f 1801/2289 1733/2292 1730/3912 1805/3447
f 2551/3201 2601/3642 2602/3698 2552/3202
f 3097/3913 3109/2524 3108/2523 3093/2307
f 1782/2779 1752/3239 1750/3238 1783/3214
f 2080/3914 2079/3082 2078/3572 2081/3531
f 2193/2388 2187/2387 2195/3639 2194/2498
f 2533/3058 2530/3057 2535/2740 2536/2739
f 2431/3649 2656/3712 2428/3291 2427/3014
f 3048/2936 3039/3017 3051/3016 3050/3463
f 1752/3239 1782/2779 1781/2778 1754/3377
f 3045/2687 3044/2735 3040/2738 3046/2688
f 1882/3915 1961/3158 1956/3157 1881/3779
f 1789/2908 1946/3916 1787/3917 1788/3035
f 2515/3727 2516/3726 2514/2226 2512/2658
f 1856/3673 1917/2505 1858/3918 1852/3674
f 3067/3904 3070/3919 3069/3841 3068/3455
f 2310/3911 2312/3910 2311/3558 2309/2677
f 1916/2508 1908/3920 1858/3918 1917/2505
f 1940/2940 1939/2391 1938/2394 1837/3302
f 1787/3331 1785/3217 1786/3036 1788/3035
f 2285/3009 2282/3020 2280/2484 2284/3532
f 2051/3658 2054/3657 2055/3123 2053/3921
f 3203/2821 3207/2820 3204/3922 3205/3923
f 2040/3344 1998/3276 1997/3277 2039/3345
f 2785/3740 2788/3924 2787/3925 2786/3739
f 2518/2574 2520/2573 2519/3338 2516/3726
f 2568/3271 2561/3270 2563/3471 2565/3926
f 3064/2755 3063/2703 3131/3927 3067/3904
f 2276/3043 2277/2671 2275/3800 2006/3928
f 2516/3726 2519/3338 2522/3850 2514/2226
f 2557/2660 2556/3803 2517/2773 2515/2661
f 2877/2320 2878/3022 2880/3117 2879/3293
f 2662/3060 2660/3900 2659/3735 2655/3929
f 2168/2587 2165/3930 2169/3353 2170/2421
f 2882/3116 3216/3931 2881/3932 2880/3117
f 2798/3188 2797/2539 2794/3933 2843/3771
f 2278/2724 2276/3043 2005/3934 2281/3935
f 2214/3373 2215/3507 2227/3853 2217/3805
f 2027/3211 2017/2967 2019/2945 2026/2893
f 1965/3024 1964/3936 1970/3579 1969/3025
f 2842/3937 2793/3547 2844/2752 2772/2590
f 3023/2625 3024/3938 3022/3939 3021/2613
f 1999/3491 2037/3636 2036/3282 2000/3492
f 2264/2329 2266/3543 2268/3546 2262/2330
f 2442/3408 2466/3407 2628/2813 2633/2792
f 2785/3740 2791/3940 2790/3941 2788/3924
f 2141/3942 2104/3943 2103/3225 2142/3224
f 3207/2820 2936/2823 2928/3754 2876/3583
f 2106/3944 2105/3945 2126/2445 2125/3399
f 2338/3840 2336/3839 2334/3441 2337/3584
f 2272/3494 2273/3493 2271/3040 2270/3039
f 2356/3946 2359/2829 2355/2828 2353/3947
f 2581/3948 2580/2403 2618/2406 2617/3949
f 2292/2886 2294/3207 2295/3210 2286/3008
f 2754/2341 2755/3176 2752/2684 2750/2342
f 2481/3540 2478/2629 2479/2628 2480/2730
f 3195/2966 3198/3950 3197/3951 3196/2963
f 2723/2712 2726/2334 2725/2436 2724/3645
f 2730/3863 2729/3696 2731/3504 2732/3503
f 2745/3952 2747/3953 2711/3954 2714/3955
f 2746/3956 2747/3953 2745/3952 2742/3395
f 2335/3440 2325/3150 2326/3370 2332/2268
f 2759/2325 2757/2324 2758/2980 2760/3957
f 2695/3784 2694/2617 2281/3533 2005/3783
f 2416/3788 2414/3131 2418/3958 2419/3289
f 2293/2885 2318/3590 2294/3207 2292/2886
f 2702/3868 2481/3540 2480/2730 2491/3959
f 2107/3560 2109/3559 2108/3359 2074/3081
f 2220/2718 2219/2929 2221/3960 2222/2715
f 2508/3623 2507/2659 2512/2658 2510/2228
f 1845/3259 1946/3258 1789/2908 1844/2911
f 1891/3880 1894/2343 1893/2346 1892/3877
f 2738/3860 2741/3786 2716/3232 2718/3683
f 2781/3524 2783/3961 2780/3962 2777/2635
f 2005/3934 2276/3043 2006/3928 2004/3250
f 3215/3402 2858/3963 2857/2841 2870/3403
f 2496/3964 2494/3965 2492/3966 2495/3967
f 2890/3807 2891/3968 2889/3746 2866/3745
f 1963/3764 2391/3855 1964/3936 1965/3024
f 2355/2828 2354/3725 2352/3810 2353/3947
f 2932/3459 2930/3458 2934/2915 2993/3732
f 2900/3890 2902/3893 2901/3811 2898/2784
f 2079/3082 2080/3914 2105/3945 2106/3083
f 2639/3969 2638/3970 2637/3971 2631/3972
f 1904/2465 1903/2360 1895/3973 1913/3974
f 1784/3216 1749/3457 1745/3218 1748/3175
f 2314/3556 2312/3555 2315/3591 2316/3301
f 2955/3687 2957/2210 2976/2306 2977/2300
f 2775/2533 2779/3975 2778/2340 2749/2534
f 2802/3976 2800/3977 2808/3978 2806/3979
f 2926/3753 2933/3752 2930/3902 2929/2369
f 1908/3567 1916/2508 1907/2734 1906/2866
f 3050/3463 3122/3335 3052/2656 3053/3336
f 2345/2859 2343/2442 2367/2544 2348/2932
f 1764/2854 1763/3980 1765/3429 1766/2878
f 1849/2920 1853/2923 1852/3674 1851/3981
f 2953/3982 2956/2714 2949/3776 2952/3849
f 2911/3417 2858/3963 3215/3402 3214/3418
f 3158/3757 3149/3222 3190/3126 3160/3125
f 2462/3685 2449/3684 2619/2405 2472/2404
f 2674/2830 2673/3518 2660/3734 2675/3090
f 2921/3813 2902/3812 2903/3892 2920/2238
f 2095/3358 2228/3852 2096/3506 2093/3355
f 3144/3444 3145/3426 3139/3819 3141/3983
f 2063/2839 2061/2818 2065/2817 2066/2836
f 3152/3314 3080/3194 3150/3193 3151/3311
f 2762/3984 2850/2901 2767/3652 2766/3833
f 2851/2898 2761/3985 2855/3986 2853/3741
f 2833/3549 2835/3347 2834/2260 2832/3987
f 2310/3911 2307/2675 2296/3209 2319/3208
f 1737/2352 1742/2351 1757/3284 1735/3988
f 2218/3806 2221/3960 2219/2929 2216/2928
f 2392/2425 2291/2884 1970/3579 1964/3936
f 3024/3938 3023/2625 3114/3517 3115/3989
f 3105/3990 3107/2234 3043/2233 3106/3991
f 3208/2796 2925/3569 2923/2368 2916/2848
f 2434/3722 2438/3721 2636/2271 2648/3576
f 2765/3526 2769/3525 2764/2962 2763/2326
f 2029/2891 2028/2890 2265/3656 2050/3655
f 2187/3795 2186/2390 2184/3992 2185/3375
f 2293/2885 2328/2424 2317/2558 2318/3590
f 1844/2911 1847/3306 1846/3381 1845/3259
f 2006/3928 2275/3800 2009/3887 2008/3252
f 2653/3061 2662/3060 2655/3929 2654/3648
f 1960/3159 1961/3158 1889/3993 1962/3994
f 2631/3972 2637/3971 2632/2220 2629/2790
f 2499/2958 2501/3688 2502/3707 2503/2959
f 2581/3948 2617/3949 2582/3616 2583/3615
f 2107/3560 2106/3083 2125/3399 2124/2379
f 2860/2809 2856/2808 2859/3995 2861/2327
f 3101/2348 3103/2907 3105/2906 3106/2349
f 2820/3411 2833/3549 2832/3987 2822/3412
f 2493/3996 2703/3869 2702/3868 2491/3959
f 1833/3619 1837/3302 1836/3997 1830/3245
f 1983/2415 1979/2938 1982/3611 1984/2618
f 1913/3974 1887/3179 1912/3178 1904/2465
f 1886/3180 1882/3998 1883/3538 1885/3177
f 2433/3255 2430/3254 2429/3650 2432/2373
f 3025/3197 3022/3196 3024/3938 3026/3999
f 2001/2845 2002/2844 2007/3253 2015/3129
f 2148/3050 2144/3433 2152/2882 2151/2727
f 2793/3547 2843/3771 2794/3933 2792/3548
f 2134/3138 2135/3137 2133/3295 2129/2632
f 2434/3722 2433/3255 2432/2373 2435/3723
f 3069/3841 3071/2255 3082/2254 3083/3842
f 2984/2494 2985/3826 2987/4000 2988/2495
f 2466/3407 2446/3406 2464/3096 2465/2815
f 3198/3950 2956/2714 2953/3982 3197/3951
f 2233/3242 2248/4001 2231/4002 2232/3820
f 2485/3236 2487/3435 2488/3689 2489/3804
f 2473/3274 2579/4003 2476/3191 2474/3789
f 2717/3231 2715/3230 2729/3696 2727/2711
f 2411/3033 2665/3512 2664/2998 2666/3034
f 2567/3799 2502/3707 2564/3708 2566/3798
f 3057/2529 3128/3010 3131/3431 3063/2703
f 2335/3440 2697/3439 2324/2582 2325/3150
f 2664/2998 2671/2997 2667/3330 2666/3034
f 2972/3450 2971/3449 3005/3153 3003/3864
f 2138/3432 2145/3720 2136/3135 2137/3554
f 3167/2868 3165/2707 3168/3662 3169/3630
f 3028/3827 3117/4004 3118/3320 3029/3319
f 2437/3724 2461/4005 2441/4006 2440/3873
f 1765/3429 1763/3980 1780/2229 1774/3728
f 3135/3889 3134/3888 3173/2535 3172/2427
f 3079/3195 3071/2255 3077/2249 3078/3192
f 1849/2920 1851/3981 1850/2942 1846/3381
f 2966/3581 2970/3155 2971/3154 2964/3580
f 2630/2439 2631/3972 2629/2790 2627/3477
f 2805/4007 2802/3976 2806/3979 2807/4008
f 3171/3664 3170/3663 3142/2428 3172/2314
f 2763/2326 2759/2325 2761/4009 2762/4010
f 1849/2920 1846/3381 1847/3306 1848/2921
f 2287/3006 2288/2616 1982/2619 1978/2490
f 2506/3621 2504/2960 2503/2959 2505/3622
f 2496/3964 2495/3967 2497/3597 2498/4011
f 2296/3209 2307/2675 2298/3520 2297/2482
f 2587/3145 2586/3173 2588/4012 2589/3857
f 2302/2789 2301/2788 2304/3389 2303/2674
f 2576/2278 2574/3146 2573/3859 2575/2279
f 2246/2653 2052/2652 2247/3241 2237/3240
f 2748/2682 2773/2754 2749/2534 2750/2683
f 2434/3722 2648/3576 2650/3575 2433/3255
f 2824/2763 2822/3412 2832/3987 2829/2764
f 2796/2542 2795/3679 2794/3678 2797/2539
f 2475/3148 2620/3653 2470/3909 2474/3190
f 2336/3839 2699/3838 2698/2584 2697/3439
f 2165/3930 2168/2587 2167/2586 2166/4013
f 2420/3744 2421/3743 2419/3289 2418/3958
f 2505/3622 2567/3799 2507/2659 2508/3623
f 2721/3644 2724/3645 2725/2436 2722/2435
f 2596/3074 2595/4014 2597/3710 2598/3903
f 1826/2461 1829/3246 1831/4015 1822/2473
f 2580/2403 2581/3948 2579/3905 2473/3274
f 2646/4016 2645/4017 2691/2954 2692/2953
f 2240/2807 2241/3831 2238/3110 2239/2804
f 2461/3682 2454/3681 2452/3099 2441/4006
f 2491/3959 2480/2730 2490/2729 2492/4018
f 2640/4019 2710/4020 2641/4021 2639/4022
f 3001/4023 3202/4024 2974/4025 3000/4026
f 2858/3963 2859/3995 2856/2808 2857/2841
f 1805/3447 1730/3912 1731/2546 1806/2545
f 2998/4027 2996/3668 2994/2834 2985/4028
f 3031/4029 3030/3297 3037/3015 3035/4030
f 2962/3666 2972/3450 2973/3866 2960/2212
f 2710/4020 2640/4019 2709/2437 2708/2969
f 2104/3943 2141/3942 2126/2445 2105/3945
f 1739/4031 1744/4032 1743/4033 1740/4034
f 2519/3338 2521/3001 2523/3706 2522/3850
f 2564/3708 2572/3691 2565/3847 2563/3471
f 1947/2767 1949/2770 1787/3331 1946/3258
f 2842/3704 2841/3703 2843/3771 2793/3547
f 2037/3636 2001/2845 2015/3129 2014/2743
f 2396/2950 2405/2519 2398/2518 2397/2947
f 2030/3733 2029/2891 2050/3655 2049/4035
f 2153/2993 2156/2992 2155/3617 2154/2725
f 1880/2927 1883/3538 1882/3998 1881/3779
f 2966/3581 2965/3400 2967/2612 2968/2615
f 2054/3657 2265/3656 2264/2329 2263/2242
f 2574/3146 2570/3858 2569/3797 2573/3859
f 3205/3923 2943/3393 2941/2513 3203/2821
f 2140/2447 2141/2446 2142/3224 2143/2883
f 3206/3488 2945/3322 2943/3393 3205/3923
f 3128/3010 3057/2529 3056/2528 3127/3011
f 1966/3763 2390/3817 2388/2827 1963/3764
f 2594/2358 2593/2357 2595/4014 2596/3074
f 2785/3740 2784/2634 2776/2532 2791/3940
f 2823/3413 2822/3412 2824/2763 2825/3565
f 3073/2250 3077/2249 3071/2255 3072/4036
f 2802/3976 2801/4037 2796/2542 2800/3977
f 3038/3018 3036/2235 3035/3443 3037/3015
f 2045/2263 2047/3362 2048/2650 2249/2264
f 2503/2959 2502/3707 2567/3799 2505/3622
f 3204/3922 2879/3293 3206/3488 3205/3923
f 2839/3701 2842/3704 2772/2590 2771/2589
f 2547/3052 2546/3055 2548/2575 2549/3200
f 2053/3921 2247/3241 2052/2652 2051/3658
f 3102/3501 3103/2907 3101/2348 3100/2286
f 3072/4036 3075/3483 3074/4038 3073/2250
f 3035/3443 3034/3442 3033/4039 3031/4029
f 2995/2833 2987/4000 2985/3826 2994/2834
f 1901/2491 1926/2457 1899/2362 1900/3292
f 1830/3245 1836/3997 1831/3067 1829/3246
f 1777/3378 1869/2456 1870/2455 1775/3539
f 3153/3313 3156/4040 3154/3898 3152/3314
f 2760/3957 2855/3986 2761/3985 2759/2325
f 2457/4041 2456/3600 2458/2526 2459/4042
f 3135/2430 3140/2429 3136/3467 3133/3097
f 2011/3130 2010/3816 2012/2977 2013/2744
f 2946/3321 2954/3775 2978/2385 2944/2384
f 3216/3931 2950/3495 2947/3323 2881/3932
f 3020/2991 2969/2990 3021/2613 3022/3196
f 2238/3110 2236/4043 2235/3243 2234/3111
f 3069/3841 3070/3919 3072/3484 3071/2255
f 1855/3676 1928/2647 1857/2648 1856/3673
f 3142/2428 3143/4044 3141/4045 3140/2429
f 2915/2797 2913/2245 3213/3415 3209/2794
f 2236/3672 2243/3589 2237/3240 2235/3243
f 2373/3514 2383/3120 2376/3475 2375/3515
f 2402/2694 2399/3564 2403/4046 2669/2695
f 3017/3213 3019/2988 3102/3501 3100/2286
f 2247/3241 2053/3921 2248/4001 2233/3242
f 3149/3222 3148/3461 3189/3469 3190/3126
f 2565/3847 2571/3434 2569/3886 2568/3271
f 2492/3966 2490/2729 2489/3804 2495/3967
f 2164/3342 2169/3353 2165/3930 2162/3316
f 2570/3858 2589/3857 2591/2355 2592/3272
f 2651/3257 2653/3061 2654/3648 2430/3254
f 2846/4047 2831/3536 2830/3537 2847/2258
f 2909/3030 2895/3774 2893/2274 2863/2273
f 2326/3370 2327/3369 2329/2423 2330/3339
f 1891/3880 1888/3879 1887/3179 1913/3974
f 3002/3865 3000/2301 2974/4025 2973/3866
f 2905/2888 2914/2247 2916/2848 2917/4048
f 1882/3915 1886/3180 1889/3993 1961/3158
f 3092/2310 3094/2309 3042/2350 3044/2735
f 2996/3668 2998/4027 3002/2302 3003/3730
f 2729/3696 2730/3863 2728/2331 2727/2711
f 2436/3466 2461/3682 2437/3724 2435/3465
f 2762/4010 2761/4009 2851/2898 2850/2901
f 2243/3589 2245/3186 2246/2653 2237/3240
f 1953/3387 1954/4049 1952/2772 1879/3780
f 3150/3221 3078/3192 3148/3461 3149/3222
f 3146/3445 3073/2250 3074/4038 3076/3423
f 3117/4004 3028/3827 3026/4050 3116/4051
f 2907/3029 2897/2782 2895/3774 2909/3030
f 2616/4052 2615/4053 2610/4054 2608/4055
f 2098/3508 2202/2679 2099/3380 2097/3509
f 2229/4056 2183/2401 2184/2400 2186/2390
f 2846/4047 2847/2258 2767/3834 2848/3651
f 2871/3183 2869/2842 2872/2319 2873/3184
f 2559/3635 2554/2775 2556/2774 2558/3472
f 1955/3386 1957/3874 1954/3875 1953/3387
f 2391/3855 2393/2426 2392/2425 1964/3936
f 2089/3268 2094/3357 2090/3356 2087/3265
f 2711/3954 2747/3953 2712/3502 2713/3505
f 2166/4013 2161/3317 2162/3316 2165/3930
f 2936/3755 2937/2822 2935/2610 2933/3752
f 2398/2518 2404/2517 2403/3747 2399/3564
f 2652/3870 2684/3229 2653/3061 2651/3257
f 1821/2469 1822/2473 1831/4015 1839/3066
f 2589/3857 2588/4012 2590/2356 2591/2355
f 2112/3513 2110/2919 2109/3360 2120/2382
f 2905/2888 2917/4048 2903/2239 2904/3876
f 1903/2360 1897/2359 1894/2343 1895/3973
f 2857/2841 2856/2808 2868/2811 2869/2842
f 2999/2304 3201/2747 3001/4023 3000/2301
f 1763/3980 1764/2854 1761/2853 1762/2231
f 2644/4057 2646/4058 2647/3427 2635/2218
f 1743/4033 1744/4032 1745/3218 1749/3457
f 1888/3879 1889/3993 1886/3180 1887/3179
f 2800/2541 2799/2540 2809/3882 2808/3978
f 2687/3227 2652/3226 2689/3574 2688/2952
f 2073/2761 2108/3609 2070/2918 2069/2762
f 2077/3897 2082/3766 2078/3765 2075/3571
f 2927/3552 2928/3582 2926/3753 2925/3569
f 2839/3701 2771/2589 2769/2961 2840/3349
f 2968/2615 3113/2316 2970/3155 2966/3581
f 1995/3166 1992/2722 1994/2847 1996/2846
f 2779/3975 2775/2533 2777/2635 2780/3962
f 2956/2714 3198/3950 2961/3665 2958/2211
f 2638/3970 2644/4057 2635/2218 2637/3971
f 1743/4033 1749/3457 1751/2537 1741/2354
f 3026/3999 3024/3938 3115/3989 3116/4051
f 2234/3111 2232/3820 2114/2641 2115/3112
f 1773/3139 1772/3142 1765/3429 1774/3728
f 2861/2327 2859/3995 2910/3568 2908/3027
f 2231/4059 2062/4060 2064/4061 2230/4062
f 1931/2501 1932/2504 1929/2646 1930/3603
f 2792/3548 2790/3680 2791/3940 2774/2753
f 2961/3665 3198/3950 3195/2966 2963/3401
f 2907/3029 2904/3876 2900/3890 2897/2782
f 2341/2444 2339/3837 2338/3840 2340/2441
f 1937/3087 1935/3086 1854/3604 1848/3570
f 1859/2865 1858/3918 1908/3920 1861/2412
f 2991/2914 2986/3592 2989/2496 2990/3731
f 2190/3068 2189/4063 2188/2389 2191/3069
f 3122/3335 3050/3463 3051/3016 3123/3787
f 2969/2990 3018/2989 3113/2316 2968/2615
f 3182/3163 3124/2654 3185/3907 3184/3808
f 1852/3674 1858/3918 1859/2865 1851/3981
f 2681/3365 2682/3092 2683/3228 2685/3715
f 2028/2890 2026/2893 2025/3544 2266/3543
f 2253/3884 2252/3835 2251/3185 2244/3588
f 2440/3873 2442/3408 2633/2792 2439/2269
f 2762/3984 2766/3833 2765/3526 2763/2326
f 1890/3878 1962/3994 1889/3993 1888/3879
f 2682/3092 2676/3091 2684/3062 2683/3228
f 2184/3992 2181/2399 2176/2569 2185/3375
f 2469/3094 2463/3093 2471/3275 2470/3909
f 3165/2707 3162/2710 3187/3127 3168/3662
f 2034/3283 2032/2968 2031/3212 2033/3361
f 1980/3371 1973/4064 1974/2488 1977/3372
f 2085/3802 2086/3498 2103/3225 2104/3943
f 1811/2691 1813/4065 1824/3578 1814/2692
f 2281/3935 2284/3532 2280/2484 2278/2724
f 2579/4003 2577/2277 2578/2280 2476/3191
f 3127/3011 3183/2408 3134/3452 3132/3012
f 2604/3777 2603/3699 2605/2364 2606/3778
f 2085/3802 2080/3914 2081/3531 2084/3266
f 2555/3151 2598/3903 2600/3640 2550/3152
f 2232/3820 2231/4002 2230/4062 2114/2641
f 2456/3600 2457/4041 2455/3823 2454/3681
f 2789/4066 2788/3924 2790/3941 2795/3679
f 3042/2736 3106/2349 3043/2233 3041/2737
f 3027/3421 3031/4029 3033/4039 3032/3420
f 2255/3830 2254/3883 2242/3671 2241/3831
f 2631/3972 2630/2439 2640/2438 2639/3969
f 3096/3048 3095/4067 3092/4068 3091/2702
f 2645/4017 2646/4016 2644/4057 2643/4069
f 1758/3287 1736/2801 1735/3988 1757/3284
f 2317/2558 2327/2557 2320/3149 2316/3845
f 2360/3713 2358/3329 2356/4070 2357/2871
f 1811/2691 1809/3613 1812/4071 1813/4065
f 2353/3947 2350/2872 2357/2871 2356/3946
f 2881/3487 3206/3488 2879/3293 2880/3117
f 2260/3599 2041/3343 2042/3346 2043/2580
f 2189/4063 2229/4056 2186/2390 2188/2389
f 2609/3308 2613/3307 2607/2561 2606/2363
f 2997/2835 3007/3625 3009/3047 3008/2832
f 2231/4059 2248/4001 2056/3670 2062/4060
f 3026/3999 3028/3827 3027/3421 3025/3197
f 2440/3873 2441/4006 2443/3409 2442/3408
f 3144/3444 3188/3659 3147/2252 3146/3445
f 2117/2432 2239/2804 2115/3112 2116/2433
f 2493/3996 2491/3959 2492/4018 2494/3965
f 3212/3404 3211/3182 3210/3551 3209/3818
f 2429/2374 2431/3649 2427/3014 2426/2371
f 2047/3362 2030/3733 2049/4035 2048/2650
f 2403/4046 2410/3032 2668/3031 2669/2695
f 2148/3050 2149/3051 2147/3694 2145/3720
f 3105/3990 3033/2905 3034/3442 3107/2234
f 2624/3738 2626/2440 2625/3478 2621/3654
f 2055/3123 2058/2241 2057/2819 2056/3670
f 2656/3712 2657/3768 2658/3767 2428/3291
f 2789/3792 2804/3791 2787/3925 2788/3924
f 2521/3001 2545/2912 2524/3299 2523/3706
f 2655/3929 2659/3735 2657/3768 2656/3712
f 2714/3955 2711/3954 2713/3505 2715/3230
f 2337/3584 2693/2543 2340/2441 2338/3840
f 2886/2636 2868/2639 2867/2810 2887/3737
f 2924/2367 2918/4072 2916/2848 2923/2368
f 2114/2641 2230/4062 2111/2916 2113/2642
f 3044/2735 3045/2687 3091/2702 3092/2310
f 2482/2750 2477/2626 2476/3191 2578/2280
f 3028/3827 3030/3297 3031/4029 3027/3421
f 2798/3770 2814/3769 2812/3384 2813/3189
f 1996/2846 1999/3637 1997/3490 1995/3166
f 2720/3895 2718/3683 2719/3585 2721/3896
f 1954/4049 1958/3534 1872/3141 1952/2772
f 2659/3735 2661/2996 2663/2999 2657/3768
f 3070/3485 3067/3904 3131/3927 3130/3486
f 2837/3348 2838/3170 2839/3701 2840/3349
f 2999/2849 2998/2303 2985/4028 2983/2850
f 1740/4034 1743/4033 1741/2354 1738/2353
f 2911/3417 2913/3416 2912/2248 2910/3568
f 1984/2618 1989/2741 1985/2336 1983/2415
f 2086/3498 2091/3497 2101/2512 2103/3225
f 2425/2525 2424/2971 2459/4042 2458/2526
f 2562/3072 2560/3075 2559/3635 2561/3270
f 2802/3976 2805/4007 2803/3794 2801/4037
f 2701/3367 2513/2227 2526/3851 2700/3748
f 2621/3654 2625/3478 2468/3553 2620/3653
f 1794/2452 1792/2451 1790/2599 1791/3037
f 2819/3161 2817/2555 2820/3550 2821/3410
f 3093/2307 3092/2310 3095/4067 3097/3913
f 2361/3843 2349/2870 2348/2932 2363/3844
f 2230/4062 2064/4061 2068/3114 2111/2916
f 1891/3880 1913/3974 1895/3973 1894/2343
f 2646/4058 2692/2953 2649/3573 2647/3427
f 2917/4048 2916/2848 2918/4072 2919/2237
f 3001/4023 3201/2747 3200/2298 3202/4024
f 2642/4073 2638/3970 2639/3969 2641/4021
f 3143/4044 3142/2428 3170/3663 3186/3470
f 2974/4025 3202/4024 2975/2305 2959/2209
f 2056/3670 2248/4001 2053/3921 2055/3123
f 2960/2212 2973/3866 2974/4025 2959/2209
f 2604/3700 2543/3053 2547/3052 2552/3697
f 2080/3914 2085/3802 2104/3943 2105/3945
f 2207/3607 2163/3341 2158/2995 2206/3165
f 1814/3577 1823/2462 1816/2474 1815/2689
f 1971/3605 1974/2488 1973/4064 1972/3606
f 2258/3836 2259/3598 2046/2262 2250/2261
f 2049/4035 2050/3655 2051/3658 2052/2652
f 2363/3844 2348/2932 2367/2544 2365/2296
f 2064/3113 2062/4060 2061/2818 2063/2839
f 2911/3417 2910/3568 2859/3995 2858/3963
f 2832/3987 2834/2260 2830/2259 2829/2764
f 2500/2957 2498/4011 2497/3597 2499/2958
f 2643/4069 2644/4057 2638/3970 2642/4073
f 2796/2542 2801/4037 2789/3792 2795/3679
f 2241/3831 2242/3671 2236/3672 2238/3110
f 2766/3833 2845/2257 2768/3350 2765/3526
f 1807/3107 1809/3613 1808/3614 1804/3446
f 2529/3751 2525/3750 2527/3368 2528/3761
f 2871/3183 3211/3182 3212/3404 2870/2840
f 2332/2268 2326/3370 2330/3339 2331/2265
f 3207/2820 2876/3583 2874/2321 3204/3922
f 3144/3444 3141/3983 3143/4044 3188/3659
f 3140/2429 3141/4045 3139/3819 3136/3467
f 1778/2799 1780/3824 1779/2232 1759/2800
f 2413/3003 2415/3134 2412/3133 2409/3004
f 2358/3329 2672/3328 2359/2829 2356/4070
f 1837/3302 1938/2394 1838/3065 1836/3997
f 1950/3108 1812/4071 1809/3613 1807/3107
f 2391/3855 2389/2826 2394/3340 2393/2426
f 3074/3424 3075/3483 3138/3098 3137/3425
f 2012/2977 2018/2946 2016/2745 2013/2744
f 1810/2690 1815/2689 1818/2602 1796/2449
f 3087/3602 3088/2955 3065/2757 3086/3692
f 2266/3543 2264/2329 2265/3656 2028/2890
f 2366/2295 2401/3352 2402/3561 2364/2693
f 1796/2449 1797/2282 1808/3782 1810/2690
f 2609/3308 2608/2365 2610/4054 2611/3309
f 2741/3786 2745/3785 2714/3955 2716/3232
f 3241/4074 3228/4075 3220/4076 3233/4077
f 3240/4078 3234/4079 3224/4080 3229/4081
f 3224/4082 3233/4083 3256/4084 3248/4085
f 3238/4086 3232/4087 3223/4088 3237/4089
f 3228/4090 3223/4091 3247/4092 3251/4093
f 3222/4094 3227/4095 3238/4096 3235/4097
f 3227/4095 3218/4098 3232/4087 3238/4096
f 3226/4099 3239/4100 3236/4101 3221/4102
f 3217/4103 3231/4104 3239/4100 3226/4099
f 3231/4104 3222/4094 3235/4097 3239/4100
f 3230/4105 3240/4078 3229/4081 3219/4106
f 3221/4102 3236/4101 3240/4078 3230/4105
f 3223/4088 3232/4087 3255/4107 3247/4092
f 3234/4079 3241/4074 3233/4077 3224/4080
f 3227/4095 3222/4094 3246/4108 3250/4109
f 3237/4089 3223/4088 3228/4090 3241/4074
f 3217/4103 3226/4099 3249/4110 3225/4111
f 3229/4081 3224/4080 3248/4085 3252/4112
f 3218/4098 3227/4095 3250/4109 3242/4113
f 3230/4105 3219/4106 3243/4114 3253/4115
f 3220/4076 3228/4075 3251/4093 3244/4116
f 3231/4104 3217/4103 3225/4111 3254/4117
f 3219/4106 3229/4081 3252/4112 3243/4114
f 3232/4087 3218/4098 3242/4113 3255/4107
f 3221/4102 3230/4105 3253/4115 3245/4118
f 3233/4077 3220/4076 3244/4116 3256/4084
f 3226/4099 3221/4102 3245/4118 3249/4110
f 3222/4094 3231/4104 3254/4117 3246/4108
f 3281/4119 3268/4120 3260/4121 3273/4122
f 3280/4123 3274/4124 3264/4125 3269/4126
f 3264/4127 3273/4128 3296/4129 3288/4130
f 3278/4131 3272/4132 3263/4133 3277/4134
f 3268/4135 3263/4136 3287/4137 3291/4138
f 3262/4139 3267/4140 3278/4141 3275/4142
f 3267/4140 3258/4143 3272/4132 3278/4141
f 3266/4144 3279/4145 3276/4146 3261/4147
f 3257/4148 3271/4149 3279/4145 3266/4144
f 3271/4149 3262/4139 3275/4142 3279/4145
f 3270/4150 3280/4123 3269/4126 3259/4151
f 3261/4147 3276/4146 3280/4123 3270/4150
f 3263/4133 3272/4132 3295/4152 3287/4137
f 3274/4124 3281/4119 3273/4122 3264/4125
f 3267/4140 3262/4139 3286/4153 3290/4154
f 3277/4134 3263/4133 3268/4135 3281/4119
f 3257/4148 3266/4144 3289/4155 3265/4156
f 3269/4126 3264/4125 3288/4130 3292/4157
f 3258/4143 3267/4140 3290/4154 3282/4158
f 3270/4150 3259/4151 3283/4159 3293/4160
f 3260/4121 3268/4120 3291/4138 3284/4161
f 3271/4149 3257/4148 3265/4156 3294/4162
f 3259/4151 3269/4126 3292/4157 3283/4159
f 3272/4132 3258/4143 3282/4158 3295/4152
f 3261/4147 3270/4150 3293/4160 3285/4163
f 3273/4122 3260/4121 3284/4161 3296/4129
f 3266/4144 3261/4147 3285/4163 3289/4155
f 3262/4139 3271/4149 3294/4162 3286/4153
f 3322/4164 3307/4165 3300/4166 3308/4167
f 3321/4168 3310/4169 3304/4170 3311/4171
f 3320/4172 3313/4173 3302/4174 3314/4175
f 3319/4176 3316/4177 3298/4178 3306/4179
f 3318/4180 3312/4181 3301/4182 3315/4183
f 3317/4184 3307/4185 3298/4178 3316/4177
f 3313/4173 3317/4184 3316/4177 3302/4174
f 3304/4170 3310/4169 3317/4186 3313/4187
f 3310/4169 3300/4166 3307/4165 3317/4186
f 3305/4188 3318/4180 3315/4183 3297/4189
f 3299/4190 3309/4191 3318/4192 3305/4193
f 3309/4191 3303/4194 3312/4195 3318/4192
f 3315/4183 3319/4176 3306/4179 3297/4189
f 3301/4182 3314/4196 3319/4176 3315/4183
f 3314/4175 3302/4174 3316/4177 3319/4176
f 3312/4181 3320/4172 3314/4175 3301/4182
f 3303/4194 3311/4197 3320/4198 3312/4195
f 3311/4171 3304/4170 3313/4187 3320/4198
f 3309/4191 3321/4168 3311/4171 3303/4194
f 3299/4190 3308/4199 3321/4168 3309/4191
f 3308/4167 3300/4166 3310/4169 3321/4168
f 3305/4193 3322/4164 3308/4167 3299/4190
f 3297/4189 3306/4179 3322/4200 3305/4188
f 3306/4179 3298/4178 3307/4185 3322/4200
f 3326/4201 3323/4202 3324/4203 3325/4204
f 3327/4205 3326/4201 3325/4204 3328/4206
f 3317/4207 3327/4205 3328/4206 3307/4208
f 3323/4202 3329/4209 3330/4210 3324/4203
f 3329/4209 3331/4211 3332/4212 3330/4210
f 3331/4211 3333/4213 3334/4214 3332/4212
f 3333/4213 3335/4215 3336/4216 3334/4214
f 3335/4215 3337/4217 3338/4218 3336/4216
f 3362/4219 3349/4220 3342/4221 3354/4222
f 3361/4223 3355/4224 3346/4225 3350/4226
f 3359/4227 3353/4228 3345/4229 3358/4230
f 3361/4231 3357/4232 3382/4233 3384/4234
f 3344/4235 3348/4236 3359/4237 3356/4238
f 3348/4236 3340/4239 3353/4228 3359/4237
f 3347/4240 3360/4241 3357/4242 3343/4243
f 3339/4244 3352/4245 3360/4241 3347/4240
f 3352/4245 3344/4235 3356/4238 3360/4241
f 3351/4246 3361/4223 3350/4226 3341/4247
f 3343/4243 3357/4242 3361/4223 3351/4246
f 3355/4224 3362/4219 3354/4222 3346/4225
f 3358/4230 3345/4229 3349/4220 3362/4219
f 3341/4247 3350/4226 3365/4248 3363/4249
f 3354/4222 3342/4221 3364/4250 3366/4251
f 3360/4252 3356/4253 3379/4254 3383/4255
f 3366/4256 3371/4257 3388/4258 3386/4259
f 3366/4251 3364/4250 3368/4260 3371/4261
f 3362/4262 3355/4263 3381/4264 3385/4265
f 3363/4249 3365/4248 3370/4266 3367/4267
f 3367/4267 3370/4266 3375/4268 3372/4269
f 3371/4261 3368/4260 3373/4270 3376/4271
f 3369/4272 3371/4261 3376/4271 3374/4273
f 3370/4266 3369/4272 3374/4273 3375/4268
f 3370/4274 3365/4275 3387/4276 3390/4277
f 3371/4278 3369/4279 3389/4280 3388/4281
f 3357/4232 3360/4282 3383/4283 3382/4233
f 3346/4284 3354/4285 3377/4286 3378/4287
f 3350/4288 3346/4284 3378/4287 3380/4289
f 3375/4290 3374/4291 3408/4292 3409/4293
f 3351/4294 3341/4295 3393/4296 3400/4297
f 3376/4298 3373/4299 3407/4300 3410/4301
f 3342/4302 3349/4303 3399/4304 3394/4305
f 3352/4306 3339/4307 3391/4308 3401/4309
f 3364/4310 3342/4302 3394/4305 3404/4311
f 3367/4312 3372/4313 3406/4314 3405/4315
f 3353/4316 3340/4317 3392/4318 3402/4319
f 3343/4320 3351/4294 3400/4297 3395/4321
f 3347/4322 3343/4320 3395/4321 3398/4323
f 3344/4324 3352/4306 3401/4309 3396/4325
f 3363/4326 3367/4312 3405/4315 3403/4327
f 3345/4328 3353/4316 3402/4319 3397/4329
f 3372/4330 3375/4290 3409/4293 3406/4331
f 3341/4295 3363/4326 3403/4327 3393/4296
f 3374/4291 3376/4298 3410/4301 3408/4292
f 3339/4332 3347/4322 3398/4323 3391/4333
f 3384/4334 3400/4335 3393/4336 3380/4337
f 3385/4338 3381/4339 3378/4340 3377/4341
f 3383/4342 3398/4343 3395/4344 3382/4345
f 3385/4346 3412/4347 3358/4348 3362/4349
f 3396/4350 3401/4351 3383/4352 3379/4353
f 3401/4351 3391/4354 3398/4343 3383/4352
f 3402/4355 3413/4356 3412/4357 3397/4358
f 3392/4359 3411/4360 3413/4356 3402/4355
f 3411/4360 3396/4350 3379/4353 3413/4356
f 3399/4361 3385/4338 3377/4341 3394/4362
f 3397/4358 3412/4357 3385/4338 3399/4361
f 3381/4339 3384/4334 3380/4337 3378/4340
f 3380/4363 3387/4276 3365/4275 3350/4364
f 3382/4345 3395/4344 3400/4335 3384/4334
f 3394/4362 3377/4341 3386/4365 3404/4366
f 3380/4337 3393/4336 3403/4367 3387/4368
f 3413/4369 3379/4254 3356/4253 3359/4370
f 3387/4368 3403/4367 3405/4371 3390/4372
f 3384/4373 3381/4264 3355/4263 3361/4374
f 3386/4259 3377/4375 3354/4376 3366/4256
f 3404/4366 3386/4365 3388/4377 3414/4378
f 3414/4378 3388/4377 3410/4379 3407/4380
f 3390/4372 3405/4371 3406/4381 3409/4382
f 3389/4383 3390/4372 3409/4382 3408/4384
f 3388/4377 3389/4383 3408/4384 3410/4379
f 3390/4385 3389/4280 3369/4279 3370/4386
f 3412/4347 3413/4387 3359/4388 3358/4348
f 3411/4389 3392/4390 3340/4391 3348/4392
f 3414/4393 3407/4394 3373/4395 3368/4396
f 3397/4329 3399/4304 3349/4303 3345/4328
f 3396/4325 3411/4389 3348/4392 3344/4324
f 3404/4311 3414/4393 3368/4396 3364/4310
f 3438/4397 3425/4398 3418/4399 3430/4400
f 3437/4401 3431/4402 3422/4403 3426/4404
f 3435/4405 3429/4406 3421/4407 3434/4408
f 3437/4409 3433/4410 3458/4411 3460/4412
f 3420/4413 3424/4414 3435/4415 3432/4416
f 3424/4414 3416/4417 3429/4406 3435/4415
f 3423/4418 3436/4419 3433/4420 3419/4421
f 3415/4422 3428/4423 3436/4419 3423/4418
f 3428/4423 3420/4413 3432/4416 3436/4419
f 3427/4424 3437/4401 3426/4404 3417/4425
f 3419/4421 3433/4420 3437/4401 3427/4424
f 3431/4402 3438/4397 3430/4400 3422/4403
f 3434/4408 3421/4407 3425/4398 3438/4397
f 3417/4425 3426/4404 3441/4426 3439/4427
f 3430/4400 3418/4399 3440/4428 3442/4429
f 3436/4430 3432/4431 3455/4432 3459/4433
f 3442/4434 3447/4435 3464/4436 3462/4437
f 3442/4429 3440/4428 3444/4438 3447/4439
f 3438/4440 3431/4441 3457/4442 3461/4443
f 3439/4427 3441/4426 3446/4444 3443/4445
f 3443/4445 3446/4444 3451/4446 3448/4447
f 3447/4439 3444/4438 3449/4448 3452/4449
f 3445/4450 3447/4439 3452/4449 3450/4451
f 3446/4444 3445/4450 3450/4451 3451/4446
f 3446/4452 3441/4453 3463/4454 3466/4455
f 3447/4456 3445/4457 3465/4458 3464/4459
f 3433/4410 3436/4460 3459/4461 3458/4411
f 3422/4462 3430/4463 3453/4464 3454/4465
f 3426/4466 3422/4462 3454/4465 3456/4467
f 3451/4468 3450/4469 3484/4470 3485/4471
f 3427/4472 3417/4473 3469/4474 3476/4475
f 3452/4476 3449/4477 3483/4478 3486/4479
f 3418/4480 3425/4481 3475/4482 3470/4483
f 3428/4484 3415/4485 3467/4486 3477/4487
f 3440/4488 3418/4480 3470/4483 3480/4489
f 3443/4490 3448/4491 3482/4492 3481/4493
f 3429/4494 3416/4495 3468/4496 3478/4497
f 3419/4498 3427/4472 3476/4475 3471/4499
f 3423/4500 3419/4498 3471/4499 3474/4501
f 3420/4502 3428/4484 3477/4487 3472/4503
f 3439/4504 3443/4490 3481/4493 3479/4505
f 3421/4506 3429/4494 3478/4497 3473/4507
f 3448/4508 3451/4468 3485/4471 3482/4509
f 3417/4473 3439/4504 3479/4505 3469/4474
f 3450/4469 3452/4476 3486/4479 3484/4470
f 3415/4510 3423/4500 3474/4501 3467/4511
f 3460/4512 3476/4513 3469/4514 3456/4515
f 3461/4516 3457/4517 3454/4518 3453/4519
f 3459/4520 3474/4521 3471/4522 3458/4523
f 3461/4524 3488/4525 3434/4526 3438/4527
f 3472/4528 3477/4529 3459/4530 3455/4531
f 3477/4529 3467/4532 3474/4521 3459/4530
f 3478/4533 3489/4534 3488/4535 3473/4536
f 3468/4537 3487/4538 3489/4534 3478/4533
f 3487/4538 3472/4528 3455/4531 3489/4534
f 3475/4539 3461/4516 3453/4519 3470/4540
f 3473/4536 3488/4535 3461/4516 3475/4539
f 3457/4517 3460/4512 3456/4515 3454/4518
f 3456/4541 3463/4454 3441/4453 3426/4542
f 3458/4523 3471/4522 3476/4513 3460/4512
f 3470/4540 3453/4519 3462/4543 3480/4544
f 3456/4515 3469/4514 3479/4545 3463/4546
f 3489/4547 3455/4432 3432/4431 3435/4548
f 3463/4546 3479/4545 3481/4549 3466/4550
f 3460/4551 3457/4442 3431/4441 3437/4552
f 3462/4437 3453/4553 3430/4554 3442/4434
f 3480/4544 3462/4543 3464/4555 3490/4556
f 3490/4556 3464/4555 3486/4557 3483/4558
f 3466/4550 3481/4549 3482/4559 3485/4560
f 3465/4561 3466/4550 3485/4560 3484/4562
f 3464/4555 3465/4561 3484/4562 3486/4557
f 3466/4563 3465/4458 3445/4457 3446/4564
f 3488/4525 3489/4565 3435/4566 3434/4526
f 3487/4567 3468/4568 3416/4569 3424/4570
f 3490/4571 3483/4572 3449/4573 3444/4574
f 3473/4507 3475/4482 3425/4481 3421/4506
f 3472/4503 3487/4567 3424/4570 3420/4502
f 3480/4489 3490/4571 3444/4574 3440/4488
f 3514/4575 3501/4576 3494/4577 3506/4578
f 3513/4579 3507/4580 3498/4581 3502/4582
f 3511/4583 3505/4584 3497/4585 3510/4586
f 3513/4587 3509/4588 3534/4589 3536/4590
f 3496/4591 3500/4592 3511/4593 3508/4594
f 3500/4592 3492/4595 3505/4584 3511/4593
f 3499/4596 3512/4597 3509/4598 3495/4599
f 3491/4600 3504/4601 3512/4597 3499/4596
f 3504/4601 3496/4591 3508/4594 3512/4597
f 3503/4602 3513/4579 3502/4582 3493/4603
f 3495/4599 3509/4598 3513/4579 3503/4602
f 3507/4580 3514/4575 3506/4578 3498/4581
f 3510/4586 3497/4585 3501/4576 3514/4575
f 3493/4603 3502/4582 3517/4604 3515/4605
f 3506/4578 3494/4577 3516/4606 3518/4607
f 3512/4608 3508/4609 3531/4610 3535/4611
f 3518/4612 3523/4613 3540/4614 3538/4615
f 3518/4607 3516/4606 3520/4616 3523/4617
f 3514/4618 3507/4619 3533/4620 3537/4621
f 3515/4605 3517/4604 3522/4622 3519/4623
f 3519/4623 3522/4622 3527/4624 3524/4625
f 3523/4617 3520/4616 3525/4626 3528/4627
f 3521/4628 3523/4617 3528/4627 3526/4629
f 3522/4622 3521/4628 3526/4629 3527/4624
f 3522/4630 3517/4631 3539/4632 3542/4633
f 3523/4634 3521/4635 3541/4636 3540/4637
f 3509/4588 3512/4638 3535/4639 3534/4589
f 3498/4640 3506/4641 3529/4642 3530/4643
f 3502/4644 3498/4640 3530/4643 3532/4645
f 3527/4646 3526/4647 3560/4648 3561/4649
f 3503/4650 3493/4651 3545/4652 3552/4653
f 3528/4654 3525/4655 3559/4656 3562/4657
f 3494/4658 3501/4659 3551/4660 3546/4661
f 3504/4662 3491/4663 3543/4664 3553/4665
f 3516/4666 3494/4658 3546/4661 3556/4667
f 3519/4668 3524/4669 3558/4670 3557/4671
f 3505/4672 3492/4673 3544/4674 3554/4675
f 3495/4676 3503/4650 3552/4653 3547/4677
f 3499/4678 3495/4676 3547/4677 3550/4679
f 3496/4680 3504/4662 3553/4665 3548/4681
f 3515/4682 3519/4668 3557/4671 3555/4683
f 3497/4684 3505/4672 3554/4675 3549/4685
f 3524/4686 3527/4646 3561/4649 3558/4687
f 3493/4651 3515/4682 3555/4683 3545/4652
f 3526/4647 3528/4654 3562/4657 3560/4648
f 3491/4688 3499/4678 3550/4679 3543/4689
f 3536/4690 3552/4691 3545/4692 3532/4693
f 3537/4694 3533/4695 3530/4696 3529/4697
f 3535/4698 3550/4699 3547/4700 3534/4701
f 3537/4702 3564/4703 3510/4704 3514/4705
f 3548/4706 3553/4707 3535/4708 3531/4709
f 3553/4707 3543/4710 3550/4699 3535/4708
f 3554/4711 3565/4712 3564/4713 3549/4714
f 3544/4715 3563/4716 3565/4712 3554/4711
f 3563/4716 3548/4706 3531/4709 3565/4712
f 3551/4717 3537/4694 3529/4697 3546/4718
f 3549/4714 3564/4713 3537/4694 3551/4717
f 3533/4695 3536/4690 3532/4693 3530/4696
f 3532/4719 3539/4632 3517/4631 3502/4720
f 3534/4701 3547/4700 3552/4691 3536/4690
f 3546/4718 3529/4697 3538/4721 3556/4722
f 3532/4693 3545/4692 3555/4723 3539/4724
f 3565/4725 3531/4610 3508/4609 3511/4726
f 3539/4724 3555/4723 3557/4727 3542/4728
f 3536/4729 3533/4620 3507/4619 3513/4730
f 3538/4615 3529/4731 3506/4732 3518/4612
f 3556/4722 3538/4721 3540/4733 3566/4734
f 3566/4734 3540/4733 3562/4735 3559/4736
f 3542/4728 3557/4727 3558/4737 3561/4738
f 3541/4739 3542/4728 3561/4738 3560/4740
f 3540/4733 3541/4739 3560/4740 3562/4735
f 3542/4741 3541/4636 3521/4635 3522/4742
f 3564/4703 3565/4743 3511/4744 3510/4704
f 3563/4745 3544/4746 3492/4747 3500/4748
f 3566/4749 3559/4750 3525/4751 3520/4752
f 3549/4685 3551/4660 3501/4659 3497/4684
f 3548/4681 3563/4745 3500/4748 3496/4680
f 3556/4667 3566/4749 3520/4752 3516/4666
f 3590/4753 3577/4754 3570/4755 3582/4756
f 3589/4757 3583/4758 3574/4759 3578/4760
f 3587/4761 3581/4762 3573/4763 3586/4764
f 3589/4765 3585/4766 3610/4767 3612/4768
f 3572/4769 3576/4770 3587/4771 3584/4772
f 3576/4770 3568/4773 3581/4762 3587/4771
f 3575/4774 3588/4775 3585/4776 3571/4777
f 3567/4778 3580/4779 3588/4775 3575/4774
f 3580/4779 3572/4769 3584/4772 3588/4775
f 3579/4780 3589/4757 3578/4760 3569/4781
f 3571/4777 3585/4776 3589/4757 3579/4780
f 3583/4758 3590/4753 3582/4756 3574/4759
f 3586/4764 3573/4763 3577/4754 3590/4753
f 3569/4781 3578/4760 3593/4782 3591/4783
f 3582/4756 3570/4755 3592/4784 3594/4785
f 3588/4786 3584/4787 3607/4788 3611/4789
f 3594/4790 3599/4791 3616/4792 3614/4793
f 3594/4785 3592/4784 3596/4794 3599/4795
f 3590/4796 3583/4797 3609/4798 3613/4799
f 3591/4783 3593/4782 3598/4800 3595/4801
f 3595/4801 3598/4800 3603/4802 3600/4803
f 3599/4795 3596/4794 3601/4804 3604/4805
f 3597/4806 3599/4795 3604/4805 3602/4807
f 3598/4800 3597/4806 3602/4807 3603/4802
f 3598/4808 3593/4809 3615/4810 3618/4811
f 3599/4812 3597/4813 3617/4814 3616/4815
f 3585/4766 3588/4816 3611/4817 3610/4767
f 3574/4818 3582/4819 3605/4820 3606/4821
f 3578/4822 3574/4818 3606/4821 3608/4823
f 3603/4824 3602/4825 3636/4826 3637/4827
f 3579/4828 3569/4829 3621/4830 3628/4831
f 3604/4832 3601/4833 3635/4834 3638/4835
f 3570/4836 3577/4837 3627/4838 3622/4839
f 3580/4840 3567/4841 3619/4842 3629/4843
f 3592/4844 3570/4836 3622/4839 3632/4845
f 3595/4846 3600/4847 3634/4848 3633/4849
f 3581/4850 3568/4851 3620/4852 3630/4853
f 3571/4854 3579/4828 3628/4831 3623/4855
f 3575/4856 3571/4854 3623/4855 3626/4857
f 3572/4858 3580/4840 3629/4843 3624/4859
f 3591/4860 3595/4846 3633/4849 3631/4861
f 3573/4862 3581/4850 3630/4853 3625/4863
f 3600/4864 3603/4824 3637/4827 3634/4865
f 3569/4829 3591/4860 3631/4861 3621/4830
f 3602/4825 3604/4832 3638/4835 3636/4826
f 3567/4866 3575/4856 3626/4857 3619/4867
f 3612/4868 3628/4869 3621/4870 3608/4871
f 3613/4872 3609/4873 3606/4874 3605/4875
f 3611/4876 3626/4877 3623/4878 3610/4879
f 3613/4880 3640/4881 3586/4882 3590/4883
f 3624/4884 3629/4885 3611/4886 3607/4887
f 3629/4885 3619/4888 3626/4877 3611/4886
f 3630/4889 3641/4890 3640/4891 3625/4892
f 3620/4893 3639/4894 3641/4890 3630/4889
f 3639/4894 3624/4884 3607/4887 3641/4890
f 3627/4895 3613/4872 3605/4875 3622/4896
f 3625/4892 3640/4891 3613/4872 3627/4895
f 3609/4873 3612/4868 3608/4871 3606/4874
f 3608/4897 3615/4810 3593/4809 3578/4898
f 3610/4879 3623/4878 3628/4869 3612/4868
f 3622/4896 3605/4875 3614/4899 3632/4900
f 3608/4871 3621/4870 3631/4901 3615/4902
f 3641/4903 3607/4788 3584/4787 3587/4904
f 3615/4902 3631/4901 3633/4905 3618/4906
f 3612/4907 3609/4798 3583/4797 3589/4908
f 3614/4793 3605/4909 3582/4910 3594/4790
f 3632/4900 3614/4899 3616/4911 3642/4912
f 3642/4912 3616/4911 3638/4913 3635/4914
f 3618/4906 3633/4905 3634/4915 3637/4916
f 3617/4917 3618/4906 3637/4916 3636/4918
f 3616/4911 3617/4917 3636/4918 3638/4913
f 3618/4919 3617/4814 3597/4813 3598/4920
f 3640/4881 3641/4921 3587/4922 3586/4882
f 3639/4923 3620/4924 3568/4925 3576/4926
f 3642/4927 3635/4928 3601/4929 3596/4930
f 3625/4863 3627/4838 3577/4837 3573/4862
f 3624/4859 3639/4923 3576/4926 3572/4858
f 3632/4845 3642/4927 3596/4930 3592/4844
f 3666/4931 3653/4932 3646/4933 3658/4934
f 3665/4935 3659/4936 3650/4937 3654/4938
f 3663/4939 3657/4940 3649/4941 3662/4942
f 3665/4943 3661/4944 3686/4945 3688/4946
f 3648/4947 3652/4948 3663/4949 3660/4950
f 3652/4948 3644/4951 3657/4940 3663/4949
f 3651/4952 3664/4953 3661/4954 3647/4955
f 3643/4956 3656/4957 3664/4953 3651/4952
f 3656/4957 3648/4947 3660/4950 3664/4953
f 3655/4958 3665/4935 3654/4938 3645/4959
f 3647/4955 3661/4954 3665/4935 3655/4958
f 3659/4936 3666/4931 3658/4934 3650/4937
f 3662/4942 3649/4941 3653/4932 3666/4931
f 3645/4959 3654/4938 3669/4960 3667/4961
f 3658/4934 3646/4933 3668/4962 3670/4963
f 3664/4964 3660/4965 3683/4966 3687/4967
f 3670/4968 3675/4969 3692/4970 3690/4971
f 3670/4963 3668/4962 3672/4972 3675/4973
f 3666/4974 3659/4975 3685/4976 3689/4977
f 3667/4961 3669/4960 3674/4978 3671/4979
f 3671/4979 3674/4978 3679/4980 3676/4981
f 3675/4973 3672/4972 3677/4982 3680/4983
f 3673/4984 3675/4973 3680/4983 3678/4985
f 3674/4978 3673/4984 3678/4985 3679/4980
f 3674/4986 3669/4987 3691/4988 3694/4989
f 3675/4990 3673/4991 3693/4992 3692/4993
f 3661/4944 3664/4994 3687/4995 3686/4945
f 3650/4996 3658/4997 3681/4998 3682/4999
f 3654/5000 3650/4996 3682/4999 3684/5001
f 3679/5002 3678/5003 3712/5004 3713/5005
f 3655/5006 3645/5007 3697/5008 3704/5009
f 3680/5010 3677/5011 3711/5012 3714/5013
f 3646/5014 3653/5015 3703/5016 3698/5017
f 3656/5018 3643/5019 3695/5020 3705/5021
f 3668/5022 3646/5014 3698/5017 3708/5023
f 3671/5024 3676/5025 3710/5026 3709/5027
f 3657/5028 3644/5029 3696/5030 3706/5031
f 3647/5032 3655/5006 3704/5009 3699/5033
f 3651/5034 3647/5032 3699/5033 3702/5035
f 3648/5036 3656/5018 3705/5021 3700/5037
f 3667/5038 3671/5024 3709/5027 3707/5039
f 3649/5040 3657/5028 3706/5031 3701/5041
f 3676/5042 3679/5002 3713/5005 3710/5043
f 3645/5007 3667/5038 3707/5039 3697/5008
f 3678/5003 3680/5010 3714/5013 3712/5004
f 3643/5044 3651/5034 3702/5035 3695/5045
f 3688/5046 3704/5047 3697/5048 3684/5049
f 3689/5050 3685/5051 3682/5052 3681/5053
f 3687/5054 3702/5055 3699/5056 3686/5057
f 3689/5058 3716/5059 3662/5060 3666/5061
f 3700/5062 3705/5063 3687/5064 3683/5065
f 3705/5063 3695/5066 3702/5055 3687/5064
f 3706/5067 3717/5068 3716/5069 3701/5070
f 3696/5071 3715/5072 3717/5068 3706/5067
f 3715/5072 3700/5062 3683/5065 3717/5068
f 3703/5073 3689/5050 3681/5053 3698/5074
f 3701/5070 3716/5069 3689/5050 3703/5073
f 3685/5051 3688/5046 3684/5049 3682/5052
f 3684/5075 3691/4988 3669/4987 3654/5076
f 3686/5057 3699/5056 3704/5047 3688/5046
f 3698/5074 3681/5053 3690/5077 3708/5078
f 3684/5049 3697/5048 3707/5079 3691/5080
f 3717/5081 3683/4966 3660/4965 3663/5082
f 3691/5080 3707/5079 3709/5083 3694/5084
f 3688/5085 3685/4976 3659/4975 3665/5086
f 3690/4971 3681/5087 3658/5088 3670/4968
f 3708/5078 3690/5077 3692/5089 3718/5090
f 3718/5090 3692/5089 3714/5091 3711/5092
f 3694/5084 3709/5083 3710/5093 3713/5094
f 3693/5095 3694/5084 3713/5094 3712/5096
f 3692/5089 3693/5095 3712/5096 3714/5091
f 3694/5097 3693/4992 3673/4991 3674/5098
f 3716/5059 3717/5099 3663/5100 3662/5060
f 3715/5101 3696/5102 3644/5103 3652/5104
f 3718/5105 3711/5106 3677/5107 3672/5108
f 3701/5041 3703/5016 3653/5015 3649/5040
f 3700/5037 3715/5101 3652/5104 3648/5036
f 3708/5023 3718/5105 3672/5108 3668/5022
f 3742/5109 3729/5110 3722/5111 3734/5112
f 3741/5113 3735/5114 3726/5115 3730/5116
f 3739/5117 3733/5118 3725/5119 3738/5120
f 3741/5121 3737/5122 3762/5123 3764/5124
f 3724/5125 3728/5126 3739/5127 3736/5128
f 3728/5126 3720/5129 3733/5118 3739/5127
f 3727/5130 3740/5131 3737/5132 3723/5133
f 3719/5134 3732/5135 3740/5131 3727/5130
f 3732/5135 3724/5125 3736/5128 3740/5131
f 3731/5136 3741/5113 3730/5116 3721/5137
f 3723/5133 3737/5132 3741/5113 3731/5136
f 3735/5114 3742/5109 3734/5112 3726/5115
f 3738/5120 3725/5119 3729/5110 3742/5109
f 3721/5137 3730/5116 3745/5138 3743/5139
f 3734/5112 3722/5111 3744/5140 3746/5141
f 3740/5142 3736/5143 3759/5144 3763/5145
f 3746/5146 3751/5147 3768/5148 3766/5149
f 3746/5141 3744/5140 3748/5150 3751/5151
f 3742/5152 3735/5153 3761/5154 3765/5155
f 3743/5139 3745/5138 3750/5156 3747/5157
f 3747/5157 3750/5156 3755/5158 3752/5159
f 3751/5151 3748/5150 3753/5160 3756/5161
f 3749/5162 3751/5151 3756/5161 3754/5163
f 3750/5156 3749/5162 3754/5163 3755/5158
f 3750/5164 3745/5165 3767/5166 3770/5167
f 3751/5168 3749/5169 3769/5170 3768/5171
f 3737/5122 3740/5172 3763/5173 3762/5123
f 3726/5174 3734/5175 3757/5176 3758/5177
f 3730/5178 3726/5174 3758/5177 3760/5179
f 3755/5180 3754/5181 3788/5182 3789/5183
f 3731/5184 3721/5185 3773/5186 3780/5187
f 3756/5188 3753/5189 3787/5190 3790/5191
f 3722/5192 3729/5193 3779/5194 3774/5195
f 3732/5196 3719/5197 3771/5198 3781/5199
f 3744/5200 3722/5192 3774/5195 3784/5201
f 3747/5202 3752/5203 3786/5204 3785/5205
f 3733/5206 3720/5207 3772/5208 3782/5209
f 3723/5210 3731/5184 3780/5187 3775/5211
f 3727/5212 3723/5210 3775/5211 3778/5213
f 3724/5214 3732/5196 3781/5199 3776/5215
f 3743/5216 3747/5202 3785/5205 3783/5217
f 3725/5218 3733/5206 3782/5209 3777/5219
f 3752/5220 3755/5180 3789/5183 3786/5221
f 3721/5185 3743/5216 3783/5217 3773/5186
f 3754/5181 3756/5188 3790/5191 3788/5182
f 3719/5222 3727/5212 3778/5213 3771/5223
f 3764/5224 3780/5225 3773/5226 3760/5227
f 3765/5228 3761/5229 3758/5230 3757/5231
f 3763/5232 3778/5233 3775/5234 3762/5235
f 3765/5236 3792/5237 3738/5238 3742/5239
f 3776/5240 3781/5241 3763/5242 3759/5243
f 3781/5241 3771/5244 3778/5233 3763/5242
f 3782/5245 3793/5246 3792/5247 3777/5248
f 3772/5249 3791/5250 3793/5246 3782/5245
f 3791/5250 3776/5240 3759/5243 3793/5246
f 3779/5251 3765/5228 3757/5231 3774/5252
f 3777/5248 3792/5247 3765/5228 3779/5251
f 3761/5229 3764/5224 3760/5227 3758/5230
f 3760/5253 3767/5166 3745/5165 3730/5254
f 3762/5235 3775/5234 3780/5225 3764/5224
f 3774/5252 3757/5231 3766/5255 3784/5256
f 3760/5227 3773/5226 3783/5257 3767/5258
f 3793/5259 3759/5144 3736/5143 3739/5260
f 3767/5258 3783/5257 3785/5261 3770/5262
f 3764/5263 3761/5154 3735/5153 3741/5264
f 3766/5149 3757/5265 3734/5266 3746/5146
f 3784/5256 3766/5255 3768/5267 3794/5268
f 3794/5268 3768/5267 3790/5269 3787/5270
f 3770/5262 3785/5261 3786/5271 3789/5272
f 3769/5273 3770/5262 3789/5272 3788/5274
f 3768/5267 3769/5273 3788/5274 3790/5269
f 3770/5275 3769/5170 3749/5169 3750/5276
f 3792/5237 3793/5277 3739/5278 3738/5238
f 3791/5279 3772/5280 3720/5281 3728/5282
f 3794/5283 3787/5284 3753/5285 3748/5286
f 3777/5219 3779/5194 3729/5193 3725/5218
f 3776/5215 3791/5279 3728/5282 3724/5214
f 3784/5201 3794/5283 3748/5286 3744/5200
f 3818/5287 3805/5288 3798/5289 3810/5290
f 3817/5291 3811/5292 3802/5293 3806/5294
f 3815/5295 3809/5296 3801/5297 3814/5298
f 3817/5299 3813/5300 3838/5301 3840/5302
f 3800/5303 3804/5304 3815/5305 3812/5306
f 3804/5304 3796/5307 3809/5296 3815/5305
f 3803/5308 3816/5309 3813/5310 3799/5311
f 3795/5312 3808/5313 3816/5309 3803/5308
f 3808/5313 3800/5303 3812/5306 3816/5309
f 3807/5314 3817/5291 3806/5294 3797/5315
f 3799/5311 3813/5310 3817/5291 3807/5314
f 3811/5292 3818/5287 3810/5290 3802/5293
f 3814/5298 3801/5297 3805/5288 3818/5287
f 3797/5315 3806/5294 3821/5316 3819/5317
f 3810/5290 3798/5289 3820/5318 3822/5319
f 3816/5320 3812/5321 3835/5322 3839/5323
f 3822/5324 3827/5325 3844/5326 3842/5327
f 3822/5319 3820/5318 3824/5328 3827/5329
f 3818/5330 3811/5331 3837/5332 3841/5333
f 3819/5317 3821/5316 3826/5334 3823/5335
f 3823/5335 3826/5334 3831/5336 3828/5337
f 3827/5329 3824/5328 3829/5338 3832/5339
f 3825/5340 3827/5329 3832/5339 3830/5341
f 3826/5334 3825/5340 3830/5341 3831/5336
f 3826/5342 3821/5343 3843/5344 3846/5345
f 3827/5346 3825/5347 3845/5348 3844/5349
f 3813/5300 3816/5350 3839/5351 3838/5301
f 3802/5352 3810/5353 3833/5354 3834/5355
f 3806/5356 3802/5352 3834/5355 3836/5357
f 3831/5358 3830/5359 3864/5360 3865/5361
f 3807/5362 3797/5363 3849/5364 3856/5365
f 3832/5366 3829/5367 3863/5368 3866/5369
f 3798/5370 3805/5371 3855/5372 3850/5373
f 3808/5374 3795/5375 3847/5376 3857/5377
f 3820/5378 3798/5370 3850/5373 3860/5379
f 3823/5380 3828/5381 3862/5382 3861/5383
f 3809/5384 3796/5385 3848/5386 3858/5387
f 3799/5388 3807/5362 3856/5365 3851/5389
f 3803/5390 3799/5388 3851/5389 3854/5391
f 3800/5392 3808/5374 3857/5377 3852/5393
f 3819/5394 3823/5380 3861/5383 3859/5395
f 3801/5396 3809/5384 3858/5387 3853/5397
f 3828/5398 3831/5358 3865/5361 3862/5399
f 3797/5363 3819/5394 3859/5395 3849/5364
f 3830/5359 3832/5366 3866/5369 3864/5360
f 3795/5400 3803/5390 3854/5391 3847/5401
f 3840/5402 3856/5403 3849/5404 3836/5405
f 3841/5406 3837/5407 3834/5408 3833/5409
f 3839/5410 3854/5411 3851/5412 3838/5413
f 3841/5414 3868/5415 3814/5416 3818/5417
f 3852/5418 3857/5419 3839/5420 3835/5421
f 3857/5419 3847/5422 3854/5411 3839/5420
f 3858/5423 3869/5424 3868/5425 3853/5426
f 3848/5427 3867/5428 3869/5424 3858/5423
f 3867/5428 3852/5418 3835/5421 3869/5424
f 3855/5429 3841/5406 3833/5409 3850/5430
f 3853/5426 3868/5425 3841/5406 3855/5429
f 3837/5407 3840/5402 3836/5405 3834/5408
f 3836/5431 3843/5344 3821/5343 3806/5432
f 3838/5413 3851/5412 3856/5403 3840/5402
f 3850/5430 3833/5409 3842/5433 3860/5434
f 3836/5405 3849/5404 3859/5435 3843/5436
f 3869/5437 3835/5322 3812/5321 3815/5438
f 3843/5436 3859/5435 3861/5439 3846/5440
f 3840/5441 3837/5332 3811/5331 3817/5442
f 3842/5327 3833/5443 3810/5444 3822/5324
f 3860/5434 3842/5433 3844/5445 3870/5446
f 3870/5446 3844/5445 3866/5447 3863/5448
f 3846/5440 3861/5439 3862/5449 3865/5450
f 3845/5451 3846/5440 3865/5450 3864/5452
f 3844/5445 3845/5451 3864/5452 3866/5447
f 3846/5453 3845/5348 3825/5347 3826/5454
f 3868/5415 3869/5455 3815/5456 3814/5416
f 3867/5457 3848/5458 3796/5459 3804/5460
f 3870/5461 3863/5462 3829/5463 3824/5464
f 3853/5397 3855/5372 3805/5371 3801/5396
f 3852/5393 3867/5457 3804/5460 3800/5392
f 3860/5379 3870/5461 3824/5464 3820/5378
f 3894/5465 3881/5466 3874/5467 3886/5468
f 3893/5469 3887/5470 3878/5471 3882/5472
f 3891/5473 3885/5474 3877/5475 3890/5476
f 3893/5477 3889/5478 3914/5479 3916/5480
f 3876/5481 3880/5482 3891/5483 3888/5484
f 3880/5482 3872/5485 3885/5474 3891/5483
f 3879/5486 3892/5487 3889/5488 3875/5489
f 3871/5490 3884/5491 3892/5487 3879/5486
f 3884/5491 3876/5481 3888/5484 3892/5487
f 3883/5492 3893/5469 3882/5472 3873/5493
f 3875/5489 3889/5488 3893/5469 3883/5492
f 3887/5470 3894/5465 3886/5468 3878/5471
f 3890/5476 3877/5475 3881/5466 3894/5465
f 3873/5493 3882/5472 3897/5494 3895/5495
f 3886/5468 3874/5467 3896/5496 3898/5497
f 3892/5498 3888/5499 3911/5500 3915/5501
f 3898/5502 3903/5503 3920/5504 3918/5505
f 3898/5497 3896/5496 3900/5506 3903/5507
f 3894/5508 3887/5509 3913/5510 3917/5511
f 3895/5495 3897/5494 3902/5512 3899/5513
f 3899/5513 3902/5512 3907/5514 3904/5515
f 3903/5507 3900/5506 3905/5516 3908/5517
f 3901/5518 3903/5507 3908/5517 3906/5519
f 3902/5512 3901/5518 3906/5519 3907/5514
f 3902/5520 3897/5521 3919/5522 3922/5523
f 3903/5524 3901/5525 3921/5526 3920/5527
f 3889/5478 3892/5528 3915/5529 3914/5479
f 3878/5530 3886/5531 3909/5532 3910/5533
f 3882/5534 3878/5530 3910/5533 3912/5535
f 3907/5536 3906/5537 3940/5538 3941/5539
f 3883/5540 3873/5541 3925/5542 3932/5543
f 3908/5544 3905/5545 3939/5546 3942/5547
f 3874/5548 3881/5549 3931/5550 3926/5551
f 3884/5552 3871/5553 3923/5554 3933/5555
f 3896/5556 3874/5548 3926/5551 3936/5557
f 3899/5558 3904/5559 3938/5560 3937/5561
f 3885/5562 3872/5563 3924/5564 3934/5565
f 3875/5566 3883/5540 3932/5543 3927/5567
f 3879/5568 3875/5566 3927/5567 3930/5569
f 3876/5570 3884/5552 3933/5555 3928/5571
f 3895/5572 3899/5558 3937/5561 3935/5573
f 3877/5574 3885/5562 3934/5565 3929/5575
f 3904/5576 3907/5536 3941/5539 3938/5577
f 3873/5541 3895/5572 3935/5573 3925/5542
f 3906/5537 3908/5544 3942/5547 3940/5538
f 3871/5578 3879/5568 3930/5569 3923/5579
f 3916/5580 3932/5581 3925/5582 3912/5583
f 3917/5584 3913/5585 3910/5586 3909/5587
f 3915/5588 3930/5589 3927/5590 3914/5591
f 3917/5592 3944/5593 3890/5594 3894/5595
f 3928/5596 3933/5597 3915/5598 3911/5599
f 3933/5597 3923/5600 3930/5589 3915/5598
f 3934/5601 3945/5602 3944/5603 3929/5604
f 3924/5605 3943/5606 3945/5602 3934/5601
f 3943/5606 3928/5596 3911/5599 3945/5602
f 3931/5607 3917/5584 3909/5587 3926/5608
f 3929/5604 3944/5603 3917/5584 3931/5607
f 3913/5585 3916/5580 3912/5583 3910/5586
f 3912/5609 3919/5522 3897/5521 3882/5610
f 3914/5591 3927/5590 3932/5581 3916/5580
f 3926/5608 3909/5587 3918/5611 3936/5612
f 3912/5583 3925/5582 3935/5613 3919/5614
f 3945/5615 3911/5500 3888/5499 3891/5616
f 3919/5614 3935/5613 3937/5617 3922/5618
f 3916/5619 3913/5510 3887/5509 3893/5620
f 3918/5505 3909/5621 3886/5622 3898/5502
f 3936/5612 3918/5611 3920/5623 3946/5624
f 3946/5624 3920/5623 3942/5625 3939/5626
f 3922/5618 3937/5617 3938/5627 3941/5628
f 3921/5629 3922/5618 3941/5628 3940/5630
f 3920/5623 3921/5629 3940/5630 3942/5625
f 3922/5631 3921/5526 3901/5525 3902/5632
f 3944/5593 3945/5633 3891/5634 3890/5594
f 3943/5635 3924/5636 3872/5637 3880/5638
f 3946/5639 3939/5640 3905/5641 3900/5642
f 3929/5575 3931/5550 3881/5549 3877/5574
f 3928/5571 3943/5635 3880/5638 3876/5570
f 3936/5557 3946/5639 3900/5642 3896/5556
f 3970/5643 3957/5644 3950/5645 3962/5646
f 3969/5647 3963/5648 3954/5649 3958/5650
f 3967/5651 3961/5652 3953/5653 3966/5654
f 3969/5655 3965/5656 3990/5657 3992/5658
f 3952/5659 3956/5660 3967/5661 3964/5662
f 3956/5660 3948/5663 3961/5652 3967/5661
f 3955/5664 3968/5665 3965/5666 3951/5667
f 3947/5668 3960/5669 3968/5665 3955/5664
f 3960/5669 3952/5659 3964/5662 3968/5665
f 3959/5670 3969/5647 3958/5650 3949/5671
f 3951/5667 3965/5666 3969/5647 3959/5670
f 3963/5648 3970/5643 3962/5646 3954/5649
f 3966/5654 3953/5653 3957/5644 3970/5643
f 3949/5671 3958/5650 3973/5672 3971/5673
f 3962/5646 3950/5645 3972/5674 3974/5675
f 3968/5676 3964/5677 3987/5678 3991/5679
f 3974/5680 3979/5681 3996/5682 3994/5683
f 3974/5675 3972/5674 3976/5684 3979/5685
f 3970/5686 3963/5687 3989/5688 3993/5689
f 3971/5673 3973/5672 3978/5690 3975/5691
f 3975/5691 3978/5690 3983/5692 3980/5693
f 3979/5685 3976/5684 3981/5694 3984/5695
f 3977/5696 3979/5685 3984/5695 3982/5697
f 3978/5690 3977/5696 3982/5697 3983/5692
f 3978/5698 3973/5699 3995/5700 3998/5701
f 3979/5702 3977/5703 3997/5704 3996/5705
f 3965/5656 3968/5706 3991/5707 3990/5657
f 3954/5708 3962/5709 3985/5710 3986/5711
f 3958/5712 3954/5708 3986/5711 3988/5713
f 3983/5714 3982/5715 4016/5716 4017/5717
f 3959/5718 3949/5719 4001/5720 4008/5721
f 3984/5722 3981/5723 4015/5724 4018/5725
f 3950/5726 3957/5727 4007/5728 4002/5729
f 3960/5730 3947/5731 3999/5732 4009/5733
f 3972/5734 3950/5726 4002/5729 4012/5735
f 3975/5736 3980/5737 4014/5738 4013/5739
f 3961/5740 3948/5741 4000/5742 4010/5743
f 3951/5744 3959/5718 4008/5721 4003/5745
f 3955/5746 3951/5744 4003/5745 4006/5747
f 3952/5748 3960/5730 4009/5733 4004/5749
f 3971/5750 3975/5736 4013/5739 4011/5751
f 3953/5752 3961/5740 4010/5743 4005/5753
f 3980/5754 3983/5714 4017/5717 4014/5755
f 3949/5719 3971/5750 4011/5751 4001/5720
f 3982/5715 3984/5722 4018/5725 4016/5716
f 3947/5756 3955/5746 4006/5747 3999/5757
f 3992/5758 4008/5759 4001/5760 3988/5761
f 3993/5762 3989/5763 3986/5764 3985/5765
f 3991/5766 4006/5767 4003/5768 3990/5769
f 3993/5770 4020/5771 3966/5772 3970/5773
f 4004/5774 4009/5775 3991/5776 3987/5777
f 4009/5775 3999/5778 4006/5767 3991/5776
f 4010/5779 4021/5780 4020/5781 4005/5782
f 4000/5783 4019/5784 4021/5780 4010/5779
f 4019/5784 4004/5774 3987/5777 4021/5780
f 4007/5785 3993/5762 3985/5765 4002/5786
f 4005/5782 4020/5781 3993/5762 4007/5785
f 3989/5763 3992/5758 3988/5761 3986/5764
f 3988/5787 3995/5700 3973/5699 3958/5788
f 3990/5769 4003/5768 4008/5759 3992/5758
f 4002/5786 3985/5765 3994/5789 4012/5790
f 3988/5761 4001/5760 4011/5791 3995/5792
f 4021/5793 3987/5678 3964/5677 3967/5794
f 3995/5792 4011/5791 4013/5795 3998/5796
f 3992/5797 3989/5688 3963/5687 3969/5798
f 3994/5683 3985/5799 3962/5800 3974/5680
f 4012/5790 3994/5789 3996/5801 4022/5802
f 4022/5802 3996/5801 4018/5803 4015/5804
f 3998/5796 4013/5795 4014/5805 4017/5806
f 3997/5807 3998/5796 4017/5806 4016/5808
f 3996/5801 3997/5807 4016/5808 4018/5803
f 3998/5809 3997/5704 3977/5703 3978/5810
f 4020/5771 4021/5811 3967/5812 3966/5772
f 4019/5813 4000/5814 3948/5815 3956/5816
f 4022/5817 4015/5818 3981/5819 3976/5820
f 4005/5753 4007/5728 3957/5727 3953/5752
f 4004/5749 4019/5813 3956/5816 3952/5748
f 4012/5735 4022/5817 3976/5820 3972/5734
f 4046/5821 4033/5822 4026/5823 4038/5824
f 4045/5825 4039/5826 4030/5827 4034/5828
f 4043/5829 4037/5830 4029/5831 4042/5832
f 4045/5833 4041/5834 4066/5835 4068/5836
f 4028/5837 4032/5838 4043/5839 4040/5840
f 4032/5838 4024/5841 4037/5830 4043/5839
f 4031/5842 4044/5843 4041/5844 4027/5845
f 4023/5846 4036/5847 4044/5843 4031/5842
f 4036/5847 4028/5837 4040/5840 4044/5843
f 4035/5848 4045/5825 4034/5828 4025/5849
f 4027/5845 4041/5844 4045/5825 4035/5848
f 4039/5826 4046/5821 4038/5824 4030/5827
f 4042/5832 4029/5831 4033/5822 4046/5821
f 4025/5849 4034/5828 4049/5850 4047/5851
f 4038/5824 4026/5823 4048/5852 4050/5853
f 4044/5854 4040/5855 4063/5856 4067/5857
f 4050/5858 4055/5859 4072/5860 4070/5861
f 4050/5853 4048/5852 4052/5862 4055/5863
f 4046/5864 4039/5865 4065/5866 4069/5867
f 4047/5851 4049/5850 4054/5868 4051/5869
f 4051/5869 4054/5868 4059/5870 4056/5871
f 4055/5863 4052/5862 4057/5872 4060/5873
f 4053/5874 4055/5863 4060/5873 4058/5875
f 4054/5868 4053/5874 4058/5875 4059/5870
f 4054/5876 4049/5877 4071/5878 4074/5879
f 4055/5880 4053/5881 4073/5882 4072/5883
f 4041/5834 4044/5884 4067/5885 4066/5835
f 4030/5886 4038/5887 4061/5888 4062/5889
f 4034/5890 4030/5886 4062/5889 4064/5891
f 4059/5892 4058/5893 4092/5894 4093/5895
f 4035/5896 4025/5897 4077/5898 4084/5899
f 4060/5900 4057/5901 4091/5902 4094/5903
f 4026/5904 4033/5905 4083/5906 4078/5907
f 4036/5908 4023/5909 4075/5910 4085/5911
f 4048/5912 4026/5904 4078/5907 4088/5913
f 4051/5914 4056/5915 4090/5916 4089/5917
f 4037/5918 4024/5919 4076/5920 4086/5921
f 4027/5922 4035/5896 4084/5899 4079/5923
f 4031/5924 4027/5922 4079/5923 4082/5925
f 4028/5926 4036/5908 4085/5911 4080/5927
f 4047/5928 4051/5914 4089/5917 4087/5929
f 4029/5930 4037/5918 4086/5921 4081/5931
f 4056/5932 4059/5892 4093/5895 4090/5933
f 4025/5897 4047/5928 4087/5929 4077/5898
f 4058/5893 4060/5900 4094/5903 4092/5894
f 4023/5934 4031/5924 4082/5925 4075/5935
f 4068/5936 4084/5937 4077/5938 4064/5939
f 4069/5940 4065/5941 4062/5942 4061/5943
f 4067/5944 4082/5945 4079/5946 4066/5947
f 4069/5948 4096/5949 4042/5950 4046/5951
f 4080/5952 4085/5953 4067/5954 4063/5955
f 4085/5953 4075/5956 4082/5945 4067/5954
f 4086/5957 4097/5958 4096/5959 4081/5960
f 4076/5961 4095/5962 4097/5958 4086/5957
f 4095/5962 4080/5952 4063/5955 4097/5958
f 4083/5963 4069/5940 4061/5943 4078/5964
f 4081/5960 4096/5959 4069/5940 4083/5963
f 4065/5941 4068/5936 4064/5939 4062/5942
f 4064/5965 4071/5878 4049/5877 4034/5966
f 4066/5947 4079/5946 4084/5937 4068/5936
f 4078/5964 4061/5943 4070/5967 4088/5968
f 4064/5939 4077/5938 4087/5969 4071/5970
f 4097/5971 4063/5856 4040/5855 4043/5972
f 4071/5970 4087/5969 4089/5973 4074/5974
f 4068/5975 4065/5866 4039/5865 4045/5976
f 4070/5861 4061/5977 4038/5978 4050/5858
f 4088/5968 4070/5967 4072/5979 4098/5980
f 4098/5980 4072/5979 4094/5981 4091/5982
f 4074/5974 4089/5973 4090/5983 4093/5984
f 4073/5985 4074/5974 4093/5984 4092/5986
f 4072/5979 4073/5985 4092/5986 4094/5981
f 4074/5987 4073/5882 4053/5881 4054/5988
f 4096/5949 4097/5989 4043/5990 4042/5950
f 4095/5991 4076/5992 4024/5993 4032/5994
f 4098/5995 4091/5996 4057/5997 4052/5998
f 4081/5931 4083/5906 4033/5905 4029/5930
f 4080/5927 4095/5991 4032/5994 4028/5926
f 4088/5913 4098/5995 4052/5998 4048/5912
f 4122/5999 4109/6000 4102/6001 4114/6002
f 4121/6003 4115/6004 4106/6005 4110/6006
f 4119/6007 4113/6008 4105/6009 4118/6010
f 4121/6011 4117/6012 4142/6013 4144/6014
f 4104/6015 4108/6016 4119/6017 4116/6018
f 4108/6016 4100/6019 4113/6008 4119/6017
f 4107/6020 4120/6021 4117/6022 4103/6023
f 4099/6024 4112/6025 4120/6021 4107/6020
f 4112/6025 4104/6015 4116/6018 4120/6021
f 4111/6026 4121/6003 4110/6006 4101/6027
f 4103/6023 4117/6022 4121/6003 4111/6026
f 4115/6004 4122/5999 4114/6002 4106/6005
f 4118/6010 4105/6009 4109/6000 4122/5999
f 4101/6027 4110/6006 4125/6028 4123/6029
f 4114/6002 4102/6001 4124/6030 4126/6031
f 4120/6032 4116/6033 4139/6034 4143/6035
f 4126/6036 4131/6037 4148/6038 4146/6039
f 4126/6031 4124/6030 4128/6040 4131/6041
f 4122/6042 4115/6043 4141/6044 4145/6045
f 4123/6029 4125/6028 4130/6046 4127/6047
f 4127/6047 4130/6046 4135/6048 4132/6049
f 4131/6041 4128/6040 4133/6050 4136/6051
f 4129/6052 4131/6041 4136/6051 4134/6053
f 4130/6046 4129/6052 4134/6053 4135/6048
f 4130/6054 4125/6055 4147/6056 4150/6057
f 4131/6058 4129/6059 4149/6060 4148/6061
f 4117/6012 4120/6062 4143/6063 4142/6013
f 4106/6064 4114/6065 4137/6066 4138/6067
f 4110/6068 4106/6064 4138/6067 4140/6069
f 4135/6070 4134/6071 4168/6072 4169/6073
f 4111/6074 4101/6075 4153/6076 4160/6077
f 4136/6078 4133/6079 4167/6080 4170/6081
f 4102/6082 4109/6083 4159/6084 4154/6085
f 4112/6086 4099/6087 4151/6088 4161/6089
f 4124/6090 4102/6082 4154/6085 4164/6091
f 4127/6092 4132/6093 4166/6094 4165/6095
f 4113/6096 4100/6097 4152/6098 4162/6099
f 4103/6100 4111/6074 4160/6077 4155/6101
f 4107/6102 4103/6100 4155/6101 4158/6103
f 4104/6104 4112/6086 4161/6089 4156/6105
f 4123/6106 4127/6092 4165/6095 4163/6107
f 4105/6108 4113/6096 4162/6099 4157/6109
f 4132/6110 4135/6070 4169/6073 4166/6111
f 4101/6075 4123/6106 4163/6107 4153/6076
f 4134/6071 4136/6078 4170/6081 4168/6072
f 4099/6112 4107/6102 4158/6103 4151/6113
f 4144/6114 4160/6115 4153/6116 4140/6117
f 4145/6118 4141/6119 4138/6120 4137/6121
f 4143/6122 4158/6123 4155/6124 4142/6125
f 4145/6126 4172/6127 4118/6128 4122/6129
f 4156/6130 4161/6131 4143/6132 4139/6133
f 4161/6131 4151/6134 4158/6123 4143/6132
f 4162/6135 4173/6136 4172/6137 4157/6138
f 4152/6139 4171/6140 4173/6136 4162/6135
f 4171/6140 4156/6130 4139/6133 4173/6136
f 4159/6141 4145/6118 4137/6121 4154/6142
f 4157/6138 4172/6137 4145/6118 4159/6141
f 4141/6119 4144/6114 4140/6117 4138/6120
f 4140/6143 4147/6056 4125/6055 4110/6144
f 4142/6125 4155/6124 4160/6115 4144/6114
f 4154/6142 4137/6121 4146/6145 4164/6146
f 4140/6117 4153/6116 4163/6147 4147/6148
f 4173/6149 4139/6034 4116/6033 4119/6150
f 4147/6148 4163/6147 4165/6151 4150/6152
f 4144/6153 4141/6044 4115/6043 4121/6154
f 4146/6039 4137/6155 4114/6156 4126/6036
f 4164/6146 4146/6145 4148/6157 4174/6158
f 4174/6158 4148/6157 4170/6159 4167/6160
f 4150/6152 4165/6151 4166/6161 4169/6162
f 4149/6163 4150/6152 4169/6162 4168/6164
f 4148/6157 4149/6163 4168/6164 4170/6159
f 4150/6165 4149/6060 4129/6059 4130/6166
f 4172/6127 4173/6167 4119/6168 4118/6128
f 4171/6169 4152/6170 4100/6171 4108/6172
f 4174/6173 4167/6174 4133/6175 4128/6176
f 4157/6109 4159/6084 4109/6083 4105/6108
f 4156/6105 4171/6169 4108/6172 4104/6104
f 4164/6091 4174/6173 4128/6176 4124/6090
f 4198/6177 4185/6178 4178/6179 4190/6180
f 4197/6181 4191/6182 4182/6183 4186/6184
f 4195/6185 4189/6186 4181/6187 4194/6188
f 4197/6189 4193/6190 4218/6191 4220/6192
f 4180/6193 4184/6194 4195/6195 4192/6196
f 4184/6194 4176/6197 4189/6186 4195/6195
f 4183/6198 4196/6199 4193/6200 4179/6201
f 4175/6202 4188/6203 4196/6199 4183/6198
f 4188/6203 4180/6193 4192/6196 4196/6199
f 4187/6204 4197/6181 4186/6184 4177/6205
f 4179/6201 4193/6200 4197/6181 4187/6204
f 4191/6182 4198/6177 4190/6180 4182/6183
f 4194/6188 4181/6187 4185/6178 4198/6177
f 4177/6205 4186/6184 4201/6206 4199/6207
f 4190/6180 4178/6179 4200/6208 4202/6209
f 4196/6210 4192/6211 4215/6212 4219/6213
f 4202/6214 4207/6215 4224/6216 4222/6217
f 4202/6209 4200/6208 4204/6218 4207/6219
f 4198/6220 4191/6221 4217/6222 4221/6223
f 4199/6207 4201/6206 4206/6224 4203/6225
f 4203/6225 4206/6224 4211/6226 4208/6227
f 4207/6219 4204/6218 4209/6228 4212/6229
f 4205/6230 4207/6219 4212/6229 4210/6231
f 4206/6224 4205/6230 4210/6231 4211/6226
f 4206/6232 4201/6233 4223/6234 4226/6235
f 4207/6236 4205/6237 4225/6238 4224/6239
f 4193/6190 4196/6240 4219/6241 4218/6191
f 4182/6242 4190/6243 4213/6244 4214/6245
f 4186/6246 4182/6242 4214/6245 4216/6247
f 4211/6248 4210/6249 4244/6250 4245/6251
f 4187/6252 4177/6253 4229/6254 4236/6255
f 4212/6256 4209/6257 4243/6258 4246/6259
f 4178/6260 4185/6261 4235/6262 4230/6263
f 4188/6264 4175/6265 4227/6266 4237/6267
f 4200/6268 4178/6260 4230/6263 4240/6269
f 4203/6270 4208/6271 4242/6272 4241/6273
f 4189/6274 4176/6275 4228/6276 4238/6277
f 4179/6278 4187/6252 4236/6255 4231/6279
f 4183/6280 4179/6278 4231/6279 4234/6281
f 4180/6282 4188/6264 4237/6267 4232/6283
f 4199/6284 4203/6270 4241/6273 4239/6285
f 4181/6286 4189/6274 4238/6277 4233/6287
f 4208/6288 4211/6248 4245/6251 4242/6289
f 4177/6253 4199/6284 4239/6285 4229/6254
f 4210/6249 4212/6256 4246/6259 4244/6250
f 4175/6290 4183/6280 4234/6281 4227/6291
f 4220/6292 4236/6293 4229/6294 4216/6295
f 4221/6296 4217/6297 4214/6298 4213/6299
f 4219/6300 4234/6301 4231/6302 4218/6303
f 4221/6304 4248/6305 4194/6306 4198/6307
f 4232/6308 4237/6309 4219/6310 4215/6311
f 4237/6309 4227/6312 4234/6301 4219/6310
f 4238/6313 4249/6314 4248/6315 4233/6316
f 4228/6317 4247/6318 4249/6314 4238/6313
f 4247/6318 4232/6308 4215/6311 4249/6314
f 4235/6319 4221/6296 4213/6299 4230/6320
f 4233/6316 4248/6315 4221/6296 4235/6319
f 4217/6297 4220/6292 4216/6295 4214/6298
f 4216/6321 4223/6234 4201/6233 4186/6322
f 4218/6303 4231/6302 4236/6293 4220/6292
f 4230/6320 4213/6299 4222/6323 4240/6324
f 4216/6295 4229/6294 4239/6325 4223/6326
f 4249/6327 4215/6212 4192/6211 4195/6328
f 4223/6326 4239/6325 4241/6329 4226/6330
f 4220/6331 4217/6222 4191/6221 4197/6332
f 4222/6217 4213/6333 4190/6334 4202/6214
f 4240/6324 4222/6323 4224/6335 4250/6336
f 4250/6336 4224/6335 4246/6337 4243/6338
f 4226/6330 4241/6329 4242/6339 4245/6340
f 4225/6341 4226/6330 4245/6340 4244/6342
f 4224/6335 4225/6341 4244/6342 4246/6337
f 4226/6343 4225/6238 4205/6237 4206/6344
f 4248/6305 4249/6345 4195/6346 4194/6306
f 4247/6347 4228/6348 4176/6349 4184/6350
f 4250/6351 4243/6352 4209/6353 4204/6354
f 4233/6287 4235/6262 4185/6261 4181/6286
f 4232/6283 4247/6347 4184/6350 4180/6282
f 4240/6269 4250/6351 4204/6354 4200/6268
f 4275/6355 4262/6356 4254/6357 4267/6358
f 4274/6359 4268/6360 4258/6361 4263/6362
f 4258/6363 4267/6364 4290/6365 4282/6366
f 4272/6367 4266/6368 4257/6369 4271/6370
f 4262/6371 4257/6372 4281/6373 4285/6374
f 4256/6375 4261/6376 4272/6377 4269/6378
f 4261/6376 4252/6379 4266/6368 4272/6377
f 4260/6380 4273/6381 4270/6382 4255/6383
f 4251/6384 4265/6385 4273/6381 4260/6380
f 4265/6385 4256/6375 4269/6378 4273/6381
f 4264/6386 4274/6359 4263/6362 4253/6387
f 4255/6383 4270/6382 4274/6359 4264/6386
f 4257/6369 4266/6368 4289/6388 4281/6373
f 4268/6360 4275/6355 4267/6358 4258/6361
f 4261/6376 4256/6375 4280/6389 4284/6390
f 4271/6370 4257/6369 4262/6371 4275/6355
f 4251/6384 4260/6380 4283/6391 4259/6392
f 4263/6362 4258/6361 4282/6366 4286/6393
f 4252/6379 4261/6376 4284/6390 4276/6394
f 4264/6386 4253/6387 4277/6395 4287/6396
f 4254/6357 4262/6356 4285/6374 4278/6397
f 4265/6385 4251/6384 4259/6392 4288/6398
f 4253/6387 4263/6362 4286/6393 4277/6395
f 4266/6368 4252/6379 4276/6394 4289/6388
f 4255/6383 4264/6386 4287/6396 4279/6399
f 4267/6358 4254/6357 4278/6397 4290/6365
f 4260/6380 4255/6383 4279/6399 4283/6391
f 4256/6375 4265/6385 4288/6398 4280/6389
f 4315/6400 4302/6401 4294/6402 4307/6403
f 4314/6404 4308/6405 4298/6406 4303/6407
f 4298/6408 4307/6409 4330/6410 4322/6411
f 4312/6412 4306/6413 4297/6414 4311/6415
f 4302/6416 4297/6417 4321/6418 4325/6419
f 4296/6420 4301/6421 4312/6422 4309/6423
f 4301/6421 4292/6424 4306/6413 4312/6422
f 4300/6425 4313/6426 4310/6427 4295/6428
f 4291/6429 4305/6430 4313/6426 4300/6425
f 4305/6430 4296/6420 4309/6423 4313/6426
f 4304/6431 4314/6404 4303/6407 4293/6432
f 4295/6428 4310/6427 4314/6404 4304/6431
f 4297/6414 4306/6413 4329/6433 4321/6418
f 4308/6405 4315/6400 4307/6403 4298/6406
f 4301/6421 4296/6420 4320/6434 4324/6435
f 4311/6415 4297/6414 4302/6416 4315/6400
f 4291/6429 4300/6425 4323/6436 4299/6437
f 4303/6407 4298/6406 4322/6411 4326/6438
f 4292/6424 4301/6421 4324/6435 4316/6439
f 4304/6431 4293/6432 4317/6440 4327/6441
f 4294/6402 4302/6401 4325/6419 4318/6442
f 4305/6430 4291/6429 4299/6437 4328/6443
f 4293/6432 4303/6407 4326/6438 4317/6440
f 4306/6413 4292/6424 4316/6439 4329/6433
f 4295/6428 4304/6431 4327/6441 4319/6444
f 4307/6403 4294/6402 4318/6442 4330/6410
f 4300/6425 4295/6428 4319/6444 4323/6436
f 4296/6420 4305/6430 4328/6443 4320/6434
f 4356/6445 4341/6446 4334/6447 4342/6448
f 4355/6449 4344/6450 4338/6451 4345/6452
f 4354/6453 4347/6454 4336/6455 4348/6456
f 4353/6457 4350/6458 4332/6459 4340/6460
f 4352/6461 4346/6462 4335/6463 4349/6464
f 4351/6465 4341/6466 4332/6459 4350/6458
f 4347/6454 4351/6465 4350/6458 4336/6455
f 4338/6451 4344/6450 4351/6467 4347/6468
f 4344/6450 4334/6447 4341/6446 4351/6467
f 4339/6469 4352/6461 4349/6464 4331/6470
f 4333/6471 4343/6472 4352/6473 4339/6474
f 4343/6472 4337/6475 4346/6476 4352/6473
f 4349/6464 4353/6457 4340/6460 4331/6470
f 4335/6463 4348/6477 4353/6457 4349/6464
f 4348/6456 4336/6455 4350/6458 4353/6457
f 4346/6462 4354/6453 4348/6456 4335/6463
f 4337/6475 4345/6478 4354/6479 4346/6476
f 4345/6452 4338/6451 4347/6468 4354/6479
f 4343/6472 4355/6449 4345/6452 4337/6475
f 4333/6471 4342/6480 4355/6449 4343/6472
f 4342/6448 4334/6447 4344/6450 4355/6449
f 4339/6474 4356/6445 4342/6448 4333/6471
f 4331/6470 4340/6460 4356/6481 4339/6469
f 4340/6460 4332/6459 4341/6466 4356/6481
f 4360/6482 4357/6483 4358/6484 4359/6485
f 4361/6486 4360/6482 4359/6485 4362/6487
f 4351/6488 4361/6486 4362/6487 4341/6489
f 4357/6483 4363/6490 4364/6491 4358/6484
f 4363/6490 4365/6492 4366/6493 4364/6491
f 4365/6492 4367/6494 4368/6495 4366/6493
f 4367/6494 4369/6496 4370/6497 4368/6495
f 4369/6496 4371/6498 4372/6499 4370/6497
f 4396/6500 4383/6501 4376/6502 4388/6503
f 4395/6504 4389/6505 4380/6506 4384/6507
f 4393/6508 4387/6509 4379/6510 4392/6511
f 4395/6512 4391/6513 4416/6514 4418/6515
f 4378/6516 4382/6517 4393/6518 4390/6519
f 4382/6517 4374/6520 4387/6509 4393/6518
f 4381/6521 4394/6522 4391/6523 4377/6524
f 4373/6525 4386/6526 4394/6522 4381/6521
f 4386/6526 4378/6516 4390/6519 4394/6522
f 4385/6527 4395/6504 4384/6507 4375/6528
f 4377/6524 4391/6523 4395/6504 4385/6527
f 4389/6505 4396/6500 4388/6503 4380/6506
f 4392/6511 4379/6510 4383/6501 4396/6500
f 4375/6528 4384/6507 4399/6529 4397/6530
f 4388/6503 4376/6502 4398/6531 4400/6532
f 4394/6533 4390/6534 4413/6535 4417/6536
f 4400/6537 4405/6538 4422/6539 4420/6540
f 4400/6532 4398/6531 4402/6541 4405/6542
f 4396/6543 4389/6544 4415/6545 4419/6546
f 4397/6530 4399/6529 4404/6547 4401/6548
f 4401/6548 4404/6547 4409/6549 4406/6550
f 4405/6542 4402/6541 4407/6551 4410/6552
f 4403/6553 4405/6542 4410/6552 4408/6554
f 4404/6547 4403/6553 4408/6554 4409/6549
f 4404/6555 4399/6556 4421/6557 4424/6558
f 4405/6559 4403/6560 4423/6561 4422/6562
f 4391/6513 4394/6563 4417/6564 4416/6514
f 4380/6565 4388/6566 4411/6567 4412/6568
f 4384/6569 4380/6565 4412/6568 4414/6570
f 4409/6571 4408/6572 4442/6573 4443/6574
f 4385/6575 4375/6576 4427/6577 4434/6578
f 4410/6579 4407/6580 4441/6581 4444/6582
f 4376/6583 4383/6584 4433/6585 4428/6586
f 4386/6587 4373/6588 4425/6589 4435/6590
f 4398/6591 4376/6583 4428/6586 4438/6592
f 4401/6593 4406/6594 4440/6595 4439/6596
f 4387/6597 4374/6598 4426/6599 4436/6600
f 4377/6601 4385/6575 4434/6578 4429/6602
f 4381/6603 4377/6601 4429/6602 4432/6604
f 4378/6605 4386/6587 4435/6590 4430/6606
f 4397/6607 4401/6593 4439/6596 4437/6608
f 4379/6609 4387/6597 4436/6600 4431/6610
f 4406/6611 4409/6571 4443/6574 4440/6612
f 4375/6576 4397/6607 4437/6608 4427/6577
f 4408/6572 4410/6579 4444/6582 4442/6573
f 4373/6613 4381/6603 4432/6604 4425/6614
f 4418/6615 4434/6616 4427/6617 4414/6618
f 4419/6619 4415/6620 4412/6621 4411/6622
f 4417/6623 4432/6624 4429/6625 4416/6626
f 4419/6627 4446/6628 4392/6629 4396/6630
f 4430/6631 4435/6632 4417/6633 4413/6634
f 4435/6632 4425/6635 4432/6624 4417/6633
f 4436/6636 4447/6637 4446/6638 4431/6639
f 4426/6640 4445/6641 4447/6637 4436/6636
f 4445/6641 4430/6631 4413/6634 4447/6637
f 4433/6642 4419/6619 4411/6622 4428/6643
f 4431/6639 4446/6638 4419/6619 4433/6642
f 4415/6620 4418/6615 4414/6618 4412/6621
f 4414/6644 4421/6557 4399/6556 4384/6645
f 4416/6626 4429/6625 4434/6616 4418/6615
f 4428/6643 4411/6622 4420/6646 4438/6647
f 4414/6618 4427/6617 4437/6648 4421/6649
f 4447/6650 4413/6535 4390/6534 4393/6651
f 4421/6649 4437/6648 4439/6652 4424/6653
f 4418/6654 4415/6545 4389/6544 4395/6655
f 4420/6540 4411/6656 4388/6657 4400/6537
f 4438/6647 4420/6646 4422/6658 4448/6659
f 4448/6659 4422/6658 4444/6660 4441/6661
f 4424/6653 4439/6652 4440/6662 4443/6663
f 4423/6664 4424/6653 4443/6663 4442/6665
f 4422/6658 4423/6664 4442/6665 4444/6660
f 4424/6666 4423/6561 4403/6560 4404/6667
f 4446/6628 4447/6668 4393/6669 4392/6629
f 4445/6670 4426/6671 4374/6672 4382/6673
f 4448/6674 4441/6675 4407/6676 4402/6677
f 4431/6610 4433/6585 4383/6584 4379/6609
f 4430/6606 4445/6670 4382/6673 4378/6605
f 4438/6592 4448/6674 4402/6677 4398/6591
f 4472/6678 4459/6679 4452/6680 4464/6681
f 4471/6682 4465/6683 4456/6684 4460/6685
f 4469/6686 4463/6687 4455/6688 4468/6689
f 4471/6690 4467/6691 4492/6692 4494/6693
f 4454/6694 4458/6695 4469/6696 4466/6697
f 4458/6695 4450/6698 4463/6687 4469/6696
f 4457/6699 4470/6700 4467/6701 4453/6702
f 4449/6703 4462/6704 4470/6700 4457/6699
f 4462/6704 4454/6694 4466/6697 4470/6700
f 4461/6705 4471/6682 4460/6685 4451/6706
f 4453/6702 4467/6701 4471/6682 4461/6705
f 4465/6683 4472/6678 4464/6681 4456/6684
f 4468/6689 4455/6688 4459/6679 4472/6678
f 4451/6706 4460/6685 4475/6707 4473/6708
f 4464/6681 4452/6680 4474/6709 4476/6710
f 4470/6711 4466/6712 4489/6713 4493/6714
f 4476/6715 4481/6716 4498/6717 4496/6718
f 4476/6710 4474/6709 4478/6719 4481/6720
f 4472/6721 4465/6722 4491/6723 4495/6724
f 4473/6708 4475/6707 4480/6725 4477/6726
f 4477/6726 4480/6725 4485/6727 4482/6728
f 4481/6720 4478/6719 4483/6729 4486/6730
f 4479/6731 4481/6720 4486/6730 4484/6732
f 4480/6725 4479/6731 4484/6732 4485/6727
f 4480/6733 4475/6734 4497/6735 4500/6736
f 4481/6737 4479/6738 4499/6739 4498/6740
f 4467/6691 4470/6741 4493/6742 4492/6692
f 4456/6743 4464/6744 4487/6745 4488/6746
f 4460/6747 4456/6743 4488/6746 4490/6748
f 4485/6749 4484/6750 4518/6751 4519/6752
f 4461/6753 4451/6754 4503/6755 4510/6756
f 4486/6757 4483/6758 4517/6759 4520/6760
f 4452/6761 4459/6762 4509/6763 4504/6764
f 4462/6765 4449/6766 4501/6767 4511/6768
f 4474/6769 4452/6761 4504/6764 4514/6770
f 4477/6771 4482/6772 4516/6773 4515/6774
f 4463/6775 4450/6776 4502/6777 4512/6778
f 4453/6779 4461/6753 4510/6756 4505/6780
f 4457/6781 4453/6779 4505/6780 4508/6782
f 4454/6783 4462/6765 4511/6768 4506/6784
f 4473/6785 4477/6771 4515/6774 4513/6786
f 4455/6787 4463/6775 4512/6778 4507/6788
f 4482/6789 4485/6749 4519/6752 4516/6790
f 4451/6754 4473/6785 4513/6786 4503/6755
f 4484/6750 4486/6757 4520/6760 4518/6751
f 4449/6791 4457/6781 4508/6782 4501/6792
f 4494/6793 4510/6794 4503/6795 4490/6796
f 4495/6797 4491/6798 4488/6799 4487/6800
f 4493/6801 4508/6802 4505/6803 4492/6804
f 4495/6805 4522/6806 4468/6807 4472/6808
f 4506/6809 4511/6810 4493/6811 4489/6812
f 4511/6810 4501/6813 4508/6802 4493/6811
f 4512/6814 4523/6815 4522/6816 4507/6817
f 4502/6818 4521/6819 4523/6815 4512/6814
f 4521/6819 4506/6809 4489/6812 4523/6815
f 4509/6820 4495/6797 4487/6800 4504/6821
f 4507/6817 4522/6816 4495/6797 4509/6820
f 4491/6798 4494/6793 4490/6796 4488/6799
f 4490/6822 4497/6735 4475/6734 4460/6823
f 4492/6804 4505/6803 4510/6794 4494/6793
f 4504/6821 4487/6800 4496/6824 4514/6825
f 4490/6796 4503/6795 4513/6826 4497/6827
f 4523/6828 4489/6713 4466/6712 4469/6829
f 4497/6827 4513/6826 4515/6830 4500/6831
f 4494/6832 4491/6723 4465/6722 4471/6833
f 4496/6718 4487/6834 4464/6835 4476/6715
f 4514/6825 4496/6824 4498/6836 4524/6837
f 4524/6837 4498/6836 4520/6838 4517/6839
f 4500/6831 4515/6830 4516/6840 4519/6841
f 4499/6842 4500/6831 4519/6841 4518/6843
f 4498/6836 4499/6842 4518/6843 4520/6838
f 4500/6844 4499/6739 4479/6738 4480/6845
f 4522/6806 4523/6846 4469/6847 4468/6807
f 4521/6848 4502/6849 4450/6850 4458/6851
f 4524/6852 4517/6853 4483/6854 4478/6855
f 4507/6788 4509/6763 4459/6762 4455/6787
f 4506/6784 4521/6848 4458/6851 4454/6783
f 4514/6770 4524/6852 4478/6855 4474/6769
f 4548/6856 4535/6857 4528/6858 4540/6859
f 4547/6860 4541/6861 4532/6862 4536/6863
f 4545/6864 4539/6865 4531/6866 4544/6867
f 4547/6868 4543/6869 4568/6870 4570/6871
f 4530/6872 4534/6873 4545/6874 4542/6875
f 4534/6873 4526/6876 4539/6865 4545/6874
f 4533/6877 4546/6878 4543/6879 4529/6880
f 4525/6881 4538/6882 4546/6878 4533/6877
f 4538/6882 4530/6872 4542/6875 4546/6878
f 4537/6883 4547/6860 4536/6863 4527/6884
f 4529/6880 4543/6879 4547/6860 4537/6883
f 4541/6861 4548/6856 4540/6859 4532/6862
f 4544/6867 4531/6866 4535/6857 4548/6856
f 4527/6884 4536/6863 4551/6885 4549/6886
f 4540/6859 4528/6858 4550/6887 4552/6888
f 4546/6889 4542/6890 4565/6891 4569/6892
f 4552/6893 4557/6894 4574/6895 4572/6896
f 4552/6888 4550/6887 4554/6897 4557/6898
f 4548/6899 4541/6900 4567/6901 4571/6902
f 4549/6886 4551/6885 4556/6903 4553/6904
f 4553/6904 4556/6903 4561/6905 4558/6906
f 4557/6898 4554/6897 4559/6907 4562/6908
f 4555/6909 4557/6898 4562/6908 4560/6910
f 4556/6903 4555/6909 4560/6910 4561/6905
f 4556/6911 4551/6912 4573/6913 4576/6914
f 4557/6915 4555/6916 4575/6917 4574/6918
f 4543/6869 4546/6919 4569/6920 4568/6870
f 4532/6921 4540/6922 4563/6923 4564/6924
f 4536/6925 4532/6921 4564/6924 4566/6926
f 4561/6927 4560/6928 4594/6929 4595/6930
f 4537/6931 4527/6932 4579/6933 4586/6934
f 4562/6935 4559/6936 4593/6937 4596/6938
f 4528/6939 4535/6940 4585/6941 4580/6942
f 4538/6943 4525/6944 4577/6945 4587/6946
f 4550/6947 4528/6939 4580/6942 4590/6948
f 4553/6949 4558/6950 4592/6951 4591/6952
f 4539/6953 4526/6954 4578/6955 4588/6956
f 4529/6957 4537/6931 4586/6934 4581/6958
f 4533/6959 4529/6957 4581/6958 4584/6960
f 4530/6961 4538/6943 4587/6946 4582/6962
f 4549/6963 4553/6949 4591/6952 4589/6964
f 4531/6965 4539/6953 4588/6956 4583/6966
f 4558/6967 4561/6927 4595/6930 4592/6968
f 4527/6932 4549/6963 4589/6964 4579/6933
f 4560/6928 4562/6935 4596/6938 4594/6929
f 4525/6969 4533/6959 4584/6960 4577/6970
f 4570/6971 4586/6972 4579/6973 4566/6974
f 4571/6975 4567/6976 4564/6977 4563/6978
f 4569/6979 4584/6980 4581/6981 4568/6982
f 4571/6983 4598/6984 4544/6985 4548/6986
f 4582/6987 4587/6988 4569/6989 4565/6990
f 4587/6988 4577/6991 4584/6980 4569/6989
f 4588/6992 4599/6993 4598/6994 4583/6995
f 4578/6996 4597/6997 4599/6993 4588/6992
f 4597/6997 4582/6987 4565/6990 4599/6993
f 4585/6998 4571/6975 4563/6978 4580/6999
f 4583/6995 4598/6994 4571/6975 4585/6998
f 4567/6976 4570/6971 4566/6974 4564/6977
f 4566/7000 4573/6913 4551/6912 4536/7001
f 4568/6982 4581/6981 4586/6972 4570/6971
f 4580/6999 4563/6978 4572/7002 4590/7003
f 4566/6974 4579/6973 4589/7004 4573/7005
f 4599/7006 4565/6891 4542/6890 4545/7007
f 4573/7005 4589/7004 4591/7008 4576/7009
f 4570/7010 4567/6901 4541/6900 4547/7011
f 4572/6896 4563/7012 4540/7013 4552/6893
f 4590/7003 4572/7002 4574/7014 4600/7015
f 4600/7015 4574/7014 4596/7016 4593/7017
f 4576/7009 4591/7008 4592/7018 4595/7019
f 4575/7020 4576/7009 4595/7019 4594/7021
f 4574/7014 4575/7020 4594/7021 4596/7016
f 4576/7022 4575/6917 4555/6916 4556/7023
f 4598/6984 4599/7024 4545/7025 4544/6985
f 4597/7026 4578/7027 4526/7028 4534/7029
f 4600/7030 4593/7031 4559/7032 4554/7033
f 4583/6966 4585/6941 4535/6940 4531/6965
f 4582/6962 4597/7026 4534/7029 4530/6961
f 4590/6948 4600/7030 4554/7033 4550/6947
f 4624/7034 4611/7035 4604/7036 4616/7037
f 4623/7038 4617/7039 4608/7040 4612/7041
f 4621/7042 4615/7043 4607/7044 4620/7045
f 4623/7046 4619/7047 4644/7048 4646/7049
f 4606/7050 4610/7051 4621/7052 4618/7053
f 4610/7051 4602/7054 4615/7043 4621/7052
f 4609/7055 4622/7056 4619/7057 4605/7058
f 4601/7059 4614/7060 4622/7056 4609/7055
f 4614/7060 4606/7050 4618/7053 4622/7056
f 4613/7061 4623/7038 4612/7041 4603/7062
f 4605/7058 4619/7057 4623/7038 4613/7061
f 4617/7039 4624/7034 4616/7037 4608/7040
f 4620/7045 4607/7044 4611/7035 4624/7034
f 4603/7062 4612/7041 4627/7063 4625/7064
f 4616/7037 4604/7036 4626/7065 4628/7066
f 4622/7067 4618/7068 4641/7069 4645/7070
f 4628/7071 4633/7072 4650/7073 4648/7074
f 4628/7066 4626/7065 4630/7075 4633/7076
f 4624/7077 4617/7078 4643/7079 4647/7080
f 4625/7064 4627/7063 4632/7081 4629/7082
f 4629/7082 4632/7081 4637/7083 4634/7084
f 4633/7076 4630/7075 4635/7085 4638/7086
f 4631/7087 4633/7076 4638/7086 4636/7088
f 4632/7081 4631/7087 4636/7088 4637/7083
f 4632/7089 4627/7090 4649/7091 4652/7092
f 4633/7093 4631/7094 4651/7095 4650/7096
f 4619/7047 4622/7097 4645/7098 4644/7048
f 4608/7099 4616/7100 4639/7101 4640/7102
f 4612/7103 4608/7099 4640/7102 4642/7104
f 4637/7105 4636/7106 4670/7107 4671/7108
f 4613/7109 4603/7110 4655/7111 4662/7112
f 4638/7113 4635/7114 4669/7115 4672/7116
f 4604/7117 4611/7118 4661/7119 4656/7120
f 4614/7121 4601/7122 4653/7123 4663/7124
f 4626/7125 4604/7117 4656/7120 4666/7126
f 4629/7127 4634/7128 4668/7129 4667/7130
f 4615/7131 4602/7132 4654/7133 4664/7134
f 4605/7135 4613/7109 4662/7112 4657/7136
f 4609/7137 4605/7135 4657/7136 4660/7138
f 4606/7139 4614/7121 4663/7124 4658/7140
f 4625/7141 4629/7127 4667/7130 4665/7142
f 4607/7143 4615/7131 4664/7134 4659/7144
f 4634/7145 4637/7105 4671/7108 4668/7146
f 4603/7110 4625/7141 4665/7142 4655/7111
f 4636/7106 4638/7113 4672/7116 4670/7107
f 4601/7147 4609/7137 4660/7138 4653/7148
f 4646/7149 4662/7150 4655/7151 4642/7152
f 4647/7153 4643/7154 4640/7155 4639/7156
f 4645/7157 4660/7158 4657/7159 4644/7160
f 4647/7161 4674/7162 4620/7163 4624/7164
f 4658/7165 4663/7166 4645/7167 4641/7168
f 4663/7166 4653/7169 4660/7158 4645/7167
f 4664/7170 4675/7171 4674/7172 4659/7173
f 4654/7174 4673/7175 4675/7171 4664/7170
f 4673/7175 4658/7165 4641/7168 4675/7171
f 4661/7176 4647/7153 4639/7156 4656/7177
f 4659/7173 4674/7172 4647/7153 4661/7176
f 4643/7154 4646/7149 4642/7152 4640/7155
f 4642/7178 4649/7091 4627/7090 4612/7179
f 4644/7160 4657/7159 4662/7150 4646/7149
f 4656/7177 4639/7156 4648/7180 4666/7181
f 4642/7152 4655/7151 4665/7182 4649/7183
f 4675/7184 4641/7069 4618/7068 4621/7185
f 4649/7183 4665/7182 4667/7186 4652/7187
f 4646/7188 4643/7079 4617/7078 4623/7189
f 4648/7074 4639/7190 4616/7191 4628/7071
f 4666/7181 4648/7180 4650/7192 4676/7193
f 4676/7193 4650/7192 4672/7194 4669/7195
f 4652/7187 4667/7186 4668/7196 4671/7197
f 4651/7198 4652/7187 4671/7197 4670/7199
f 4650/7192 4651/7198 4670/7199 4672/7194
f 4652/7200 4651/7095 4631/7094 4632/7201
f 4674/7162 4675/7202 4621/7203 4620/7163
f 4673/7204 4654/7205 4602/7206 4610/7207
f 4676/7208 4669/7209 4635/7210 4630/7211
f 4659/7144 4661/7119 4611/7118 4607/7143
f 4658/7140 4673/7204 4610/7207 4606/7139
f 4666/7126 4676/7208 4630/7211 4626/7125
f 4700/7212 4687/7213 4680/7214 4692/7215
f 4699/7216 4693/7217 4684/7218 4688/7219
f 4697/7220 4691/7221 4683/7222 4696/7223
f 4699/7224 4695/7225 4720/7226 4722/7227
f 4682/7228 4686/7229 4697/7230 4694/7231
f 4686/7229 4678/7232 4691/7221 4697/7230
f 4685/7233 4698/7234 4695/7235 4681/7236
f 4677/7237 4690/7238 4698/7234 4685/7233
f 4690/7238 4682/7228 4694/7231 4698/7234
f 4689/7239 4699/7216 4688/7219 4679/7240
f 4681/7236 4695/7235 4699/7216 4689/7239
f 4693/7217 4700/7212 4692/7215 4684/7218
f 4696/7223 4683/7222 4687/7213 4700/7212
f 4679/7240 4688/7219 4703/7241 4701/7242
f 4692/7215 4680/7214 4702/7243 4704/7244
f 4698/7245 4694/7246 4717/7247 4721/7248
f 4704/7249 4709/7250 4726/7251 4724/7252
f 4704/7244 4702/7243 4706/7253 4709/7254
f 4700/7255 4693/7256 4719/7257 4723/7258
f 4701/7242 4703/7241 4708/7259 4705/7260
f 4705/7260 4708/7259 4713/7261 4710/7262
f 4709/7254 4706/7253 4711/7263 4714/7264
f 4707/7265 4709/7254 4714/7264 4712/7266
f 4708/7259 4707/7265 4712/7266 4713/7261
f 4708/7267 4703/7268 4725/7269 4728/7270
f 4709/7271 4707/7272 4727/7273 4726/7274
f 4695/7225 4698/7275 4721/7276 4720/7226
f 4684/7277 4692/7278 4715/7279 4716/7280
f 4688/7281 4684/7277 4716/7280 4718/7282
f 4713/7283 4712/7284 4746/7285 4747/7286
f 4689/7287 4679/7288 4731/7289 4738/7290
f 4714/7291 4711/7292 4745/7293 4748/7294
f 4680/7295 4687/7296 4737/7297 4732/7298
f 4690/7299 4677/7300 4729/7301 4739/7302
f 4702/7303 4680/7295 4732/7298 4742/7304
f 4705/7305 4710/7306 4744/7307 4743/7308
f 4691/7309 4678/7310 4730/7311 4740/7312
f 4681/7313 4689/7287 4738/7290 4733/7314
f 4685/7315 4681/7313 4733/7314 4736/7316
f 4682/7317 4690/7299 4739/7302 4734/7318
f 4701/7319 4705/7305 4743/7308 4741/7320
f 4683/7321 4691/7309 4740/7312 4735/7322
f 4710/7323 4713/7283 4747/7286 4744/7324
f 4679/7288 4701/7319 4741/7320 4731/7289
f 4712/7284 4714/7291 4748/7294 4746/7285
f 4677/7325 4685/7315 4736/7316 4729/7326
f 4722/7327 4738/7328 4731/7329 4718/7330
f 4723/7331 4719/7332 4716/7333 4715/7334
f 4721/7335 4736/7336 4733/7337 4720/7338
f 4723/7339 4750/7340 4696/7341 4700/7342
f 4734/7343 4739/7344 4721/7345 4717/7346
f 4739/7344 4729/7347 4736/7336 4721/7345
f 4740/7348 4751/7349 4750/7350 4735/7351
f 4730/7352 4749/7353 4751/7349 4740/7348
f 4749/7353 4734/7343 4717/7346 4751/7349
f 4737/7354 4723/7331 4715/7334 4732/7355
f 4735/7351 4750/7350 4723/7331 4737/7354
f 4719/7332 4722/7327 4718/7330 4716/7333
f 4718/7356 4725/7269 4703/7268 4688/7357
f 4720/7338 4733/7337 4738/7328 4722/7327
f 4732/7355 4715/7334 4724/7358 4742/7359
f 4718/7330 4731/7329 4741/7360 4725/7361
f 4751/7362 4717/7247 4694/7246 4697/7363
f 4725/7361 4741/7360 4743/7364 4728/7365
f 4722/7366 4719/7257 4693/7256 4699/7367
f 4724/7252 4715/7368 4692/7369 4704/7249
f 4742/7359 4724/7358 4726/7370 4752/7371
f 4752/7371 4726/7370 4748/7372 4745/7373
f 4728/7365 4743/7364 4744/7374 4747/7375
f 4727/7376 4728/7365 4747/7375 4746/7377
f 4726/7370 4727/7376 4746/7377 4748/7372
f 4728/7378 4727/7273 4707/7272 4708/7379
f 4750/7340 4751/7380 4697/7381 4696/7341
f 4749/7382 4730/7383 4678/7384 4686/7385
f 4752/7386 4745/7387 4711/7388 4706/7389
f 4735/7322 4737/7297 4687/7296 4683/7321
f 4734/7318 4749/7382 4686/7385 4682/7317
f 4742/7304 4752/7386 4706/7389 4702/7303
f 4776/7390 4763/7391 4756/7392 4768/7393
f 4775/7394 4769/7395 4760/7396 4764/7397
f 4773/7398 4767/7399 4759/7400 4772/7401
f 4775/7402 4771/7403 4796/7404 4798/7405
f 4758/7406 4762/7407 4773/7408 4770/7409
f 4762/7407 4754/7410 4767/7399 4773/7408
f 4761/7411 4774/7412 4771/7413 4757/7414
f 4753/7415 4766/7416 4774/7412 4761/7411
f 4766/7416 4758/7406 4770/7409 4774/7412
f 4765/7417 4775/7394 4764/7397 4755/7418
f 4757/7414 4771/7413 4775/7394 4765/7417
f 4769/7395 4776/7390 4768/7393 4760/7396
f 4772/7401 4759/7400 4763/7391 4776/7390
f 4755/7418 4764/7397 4779/7419 4777/7420
f 4768/7393 4756/7392 4778/7421 4780/7422
f 4774/7423 4770/7424 4793/7425 4797/7426
f 4780/7427 4785/7428 4802/7429 4800/7430
f 4780/7422 4778/7421 4782/7431 4785/7432
f 4776/7433 4769/7434 4795/7435 4799/7436
f 4777/7420 4779/7419 4784/7437 4781/7438
f 4781/7438 4784/7437 4789/7439 4786/7440
f 4785/7432 4782/7431 4787/7441 4790/7442
f 4783/7443 4785/7432 4790/7442 4788/7444
f 4784/7437 4783/7443 4788/7444 4789/7439
f 4784/7445 4779/7446 4801/7447 4804/7448
f 4785/7449 4783/7450 4803/7451 4802/7452
f 4771/7403 4774/7453 4797/7454 4796/7404
f 4760/7455 4768/7456 4791/7457 4792/7458
f 4764/7459 4760/7455 4792/7458 4794/7460
f 4789/7461 4788/7462 4822/7463 4823/7464
f 4765/7465 4755/7466 4807/7467 4814/7468
f 4790/7469 4787/7470 4821/7471 4824/7472
f 4756/7473 4763/7474 4813/7475 4808/7476
f 4766/7477 4753/7478 4805/7479 4815/7480
f 4778/7481 4756/7473 4808/7476 4818/7482
f 4781/7483 4786/7484 4820/7485 4819/7486
f 4767/7487 4754/7488 4806/7489 4816/7490
f 4757/7491 4765/7465 4814/7468 4809/7492
f 4761/7493 4757/7491 4809/7492 4812/7494
f 4758/7495 4766/7477 4815/7480 4810/7496
f 4777/7497 4781/7483 4819/7486 4817/7498
f 4759/7499 4767/7487 4816/7490 4811/7500
f 4786/7501 4789/7461 4823/7464 4820/7502
f 4755/7466 4777/7497 4817/7498 4807/7467
f 4788/7462 4790/7469 4824/7472 4822/7463
f 4753/7503 4761/7493 4812/7494 4805/7504
f 4798/7505 4814/7506 4807/7507 4794/7508
f 4799/7509 4795/7510 4792/7511 4791/7512
f 4797/7513 4812/7514 4809/7515 4796/7516
f 4799/7517 4826/7518 4772/7519 4776/7520
f 4810/7521 4815/7522 4797/7523 4793/7524
f 4815/7522 4805/7525 4812/7514 4797/7523
f 4816/7526 4827/7527 4826/7528 4811/7529
f 4806/7530 4825/7531 4827/7527 4816/7526
f 4825/7531 4810/7521 4793/7524 4827/7527
f 4813/7532 4799/7509 4791/7512 4808/7533
f 4811/7529 4826/7528 4799/7509 4813/7532
f 4795/7510 4798/7505 4794/7508 4792/7511
f 4794/7534 4801/7447 4779/7446 4764/7535
f 4796/7516 4809/7515 4814/7506 4798/7505
f 4808/7533 4791/7512 4800/7536 4818/7537
f 4794/7508 4807/7507 4817/7538 4801/7539
f 4827/7540 4793/7425 4770/7424 4773/7541
f 4801/7539 4817/7538 4819/7542 4804/7543
f 4798/7544 4795/7435 4769/7434 4775/7545
f 4800/7430 4791/7546 4768/7547 4780/7427
f 4818/7537 4800/7536 4802/7548 4828/7549
f 4828/7549 4802/7548 4824/7550 4821/7551
f 4804/7543 4819/7542 4820/7552 4823/7553
f 4803/7554 4804/7543 4823/7553 4822/7555
f 4802/7548 4803/7554 4822/7555 4824/7550
f 4804/7556 4803/7451 4783/7450 4784/7557
f 4826/7518 4827/7558 4773/7559 4772/7519
f 4825/7560 4806/7561 4754/7562 4762/7563
f 4828/7564 4821/7565 4787/7566 4782/7567
f 4811/7500 4813/7475 4763/7474 4759/7499
f 4810/7496 4825/7560 4762/7563 4758/7495
f 4818/7482 4828/7564 4782/7567 4778/7481
f 4852/7568 4839/7569 4832/7570 4844/7571
f 4851/7572 4845/7573 4836/7574 4840/7575
f 4849/7576 4843/7577 4835/7578 4848/7579
f 4851/7580 4847/7581 4872/7582 4874/7583
f 4834/7584 4838/7585 4849/7586 4846/7587
f 4838/7585 4830/7588 4843/7577 4849/7586
f 4837/7589 4850/7590 4847/7591 4833/7592
f 4829/7593 4842/7594 4850/7590 4837/7589
f 4842/7594 4834/7584 4846/7587 4850/7590
f 4841/7595 4851/7572 4840/7575 4831/7596
f 4833/7592 4847/7591 4851/7572 4841/7595
f 4845/7573 4852/7568 4844/7571 4836/7574
f 4848/7579 4835/7578 4839/7569 4852/7568
f 4831/7596 4840/7575 4855/7597 4853/7598
f 4844/7571 4832/7570 4854/7599 4856/7600
f 4850/7601 4846/7602 4869/7603 4873/7604
f 4856/7605 4861/7606 4878/7607 4876/7608
f 4856/7600 4854/7599 4858/7609 4861/7610
f 4852/7611 4845/7612 4871/7613 4875/7614
f 4853/7598 4855/7597 4860/7615 4857/7616
f 4857/7616 4860/7615 4865/7617 4862/7618
f 4861/7610 4858/7609 4863/7619 4866/7620
f 4859/7621 4861/7610 4866/7620 4864/7622
f 4860/7615 4859/7621 4864/7622 4865/7617
f 4860/7623 4855/7624 4877/7625 4880/7626
f 4861/7627 4859/7628 4879/7629 4878/7630
f 4847/7581 4850/7631 4873/7632 4872/7582
f 4836/7633 4844/7634 4867/7635 4868/7636
f 4840/7637 4836/7633 4868/7636 4870/7638
f 4865/7639 4864/7640 4898/7641 4899/7642
f 4841/7643 4831/7644 4883/7645 4890/7646
f 4866/7647 4863/7648 4897/7649 4900/7650
f 4832/7651 4839/7652 4889/7653 4884/7654
f 4842/7655 4829/7656 4881/7657 4891/7658
f 4854/7659 4832/7651 4884/7654 4894/7660
f 4857/7661 4862/7662 4896/7663 4895/7664
f 4843/7665 4830/7666 4882/7667 4892/7668
f 4833/7669 4841/7643 4890/7646 4885/7670
f 4837/7671 4833/7669 4885/7670 4888/7672
f 4834/7673 4842/7655 4891/7658 4886/7674
f 4853/7675 4857/7661 4895/7664 4893/7676
f 4835/7677 4843/7665 4892/7668 4887/7678
f 4862/7679 4865/7639 4899/7642 4896/7680
f 4831/7644 4853/7675 4893/7676 4883/7645
f 4864/7640 4866/7647 4900/7650 4898/7641
f 4829/7681 4837/7671 4888/7672 4881/7682
f 4874/7683 4890/7684 4883/7685 4870/7686
f 4875/7687 4871/7688 4868/7689 4867/7690
f 4873/7691 4888/7692 4885/7693 4872/7694
f 4875/7695 4902/7696 4848/7697 4852/7698
f 4886/7699 4891/7700 4873/7701 4869/7702
f 4891/7700 4881/7703 4888/7692 4873/7701
f 4892/7704 4903/7705 4902/7706 4887/7707
f 4882/7708 4901/7709 4903/7705 4892/7704
f 4901/7709 4886/7699 4869/7702 4903/7705
f 4889/7710 4875/7687 4867/7690 4884/7711
f 4887/7707 4902/7706 4875/7687 4889/7710
f 4871/7688 4874/7683 4870/7686 4868/7689
f 4870/7712 4877/7625 4855/7624 4840/7713
f 4872/7694 4885/7693 4890/7684 4874/7683
f 4884/7711 4867/7690 4876/7714 4894/7715
f 4870/7686 4883/7685 4893/7716 4877/7717
f 4903/7718 4869/7603 4846/7602 4849/7719
f 4877/7717 4893/7716 4895/7720 4880/7721
f 4874/7722 4871/7613 4845/7612 4851/7723
f 4876/7608 4867/7724 4844/7725 4856/7605
f 4894/7715 4876/7714 4878/7726 4904/7727
f 4904/7727 4878/7726 4900/7728 4897/7729
f 4880/7721 4895/7720 4896/7730 4899/7731
f 4879/7732 4880/7721 4899/7731 4898/7733
f 4878/7726 4879/7732 4898/7733 4900/7728
f 4880/7734 4879/7629 4859/7628 4860/7735
f 4902/7696 4903/7736 4849/7737 4848/7697
f 4901/7738 4882/7739 4830/7740 4838/7741
f 4904/7742 4897/7743 4863/7744 4858/7745
f 4887/7678 4889/7653 4839/7652 4835/7677
f 4886/7674 4901/7738 4838/7741 4834/7673
f 4894/7660 4904/7742 4858/7745 4854/7659
f 4928/7746 4915/7747 4908/7748 4920/7749
f 4927/7750 4921/7751 4912/7752 4916/7753
f 4925/7754 4919/7755 4911/7756 4924/7757
f 4927/7758 4923/7759 4948/7760 4950/7761
f 4910/7762 4914/7763 4925/7764 4922/7765
f 4914/7763 4906/7766 4919/7755 4925/7764
f 4913/7767 4926/7768 4923/7769 4909/7770
f 4905/7771 4918/7772 4926/7768 4913/7767
f 4918/7772 4910/7762 4922/7765 4926/7768
f 4917/7773 4927/7750 4916/7753 4907/7774
f 4909/7770 4923/7769 4927/7750 4917/7773
f 4921/7751 4928/7746 4920/7749 4912/7752
f 4924/7757 4911/7756 4915/7747 4928/7746
f 4907/7774 4916/7753 4931/7775 4929/7776
f 4920/7749 4908/7748 4930/7777 4932/7778
f 4926/7779 4922/7780 4945/7781 4949/7782
f 4932/7783 4937/7784 4954/7785 4952/7786
f 4932/7778 4930/7777 4934/7787 4937/7788
f 4928/7789 4921/7790 4947/7791 4951/7792
f 4929/7776 4931/7775 4936/7793 4933/7794
f 4933/7794 4936/7793 4941/7795 4938/7796
f 4937/7788 4934/7787 4939/7797 4942/7798
f 4935/7799 4937/7788 4942/7798 4940/7800
f 4936/7793 4935/7799 4940/7800 4941/7795
f 4936/7801 4931/7802 4953/7803 4956/7804
f 4937/7805 4935/7806 4955/7807 4954/7808
f 4923/7759 4926/7809 4949/7810 4948/7760
f 4912/7811 4920/7812 4943/7813 4944/7814
f 4916/7815 4912/7811 4944/7814 4946/7816
f 4941/7817 4940/7818 4974/7819 4975/7820
f 4917/7821 4907/7822 4959/7823 4966/7824
f 4942/7825 4939/7826 4973/7827 4976/7828
f 4908/7829 4915/7830 4965/7831 4960/7832
f 4918/7833 4905/7834 4957/7835 4967/7836
f 4930/7837 4908/7829 4960/7832 4970/7838
f 4933/7839 4938/7840 4972/7841 4971/7842
f 4919/7843 4906/7844 4958/7845 4968/7846
f 4909/7847 4917/7821 4966/7824 4961/7848
f 4913/7849 4909/7847 4961/7848 4964/7850
f 4910/7851 4918/7833 4967/7836 4962/7852
f 4929/7853 4933/7839 4971/7842 4969/7854
f 4911/7855 4919/7843 4968/7846 4963/7856
f 4938/7857 4941/7817 4975/7820 4972/7858
f 4907/7822 4929/7853 4969/7854 4959/7823
f 4940/7818 4942/7825 4976/7828 4974/7819
f 4905/7859 4913/7849 4964/7850 4957/7860
f 4950/7861 4966/7862 4959/7863 4946/7864
f 4951/7865 4947/7866 4944/7867 4943/7868
f 4949/7869 4964/7870 4961/7871 4948/7872
f 4951/7873 4978/7874 4924/7875 4928/7876
f 4962/7877 4967/7878 4949/7879 4945/7880
f 4967/7878 4957/7881 4964/7870 4949/7879
f 4968/7882 4979/7883 4978/7884 4963/7885
f 4958/7886 4977/7887 4979/7883 4968/7882
f 4977/7887 4962/7877 4945/7880 4979/7883
f 4965/7888 4951/7865 4943/7868 4960/7889
f 4963/7885 4978/7884 4951/7865 4965/7888
f 4947/7866 4950/7861 4946/7864 4944/7867
f 4946/7890 4953/7803 4931/7802 4916/7891
f 4948/7872 4961/7871 4966/7862 4950/7861
f 4960/7889 4943/7868 4952/7892 4970/7893
f 4946/7864 4959/7863 4969/7894 4953/7895
f 4979/7896 4945/7781 4922/7780 4925/7897
f 4953/7895 4969/7894 4971/7898 4956/7899
f 4950/7900 4947/7791 4921/7790 4927/7901
f 4952/7786 4943/7902 4920/7903 4932/7783
f 4970/7893 4952/7892 4954/7904 4980/7905
f 4980/7905 4954/7904 4976/7906 4973/7907
f 4956/7899 4971/7898 4972/7908 4975/7909
f 4955/7910 4956/7899 4975/7909 4974/7911
f 4954/7904 4955/7910 4974/7911 4976/7906
f 4956/7912 4955/7807 4935/7806 4936/7913
f 4978/7874 4979/7914 4925/7915 4924/7875
f 4977/7916 4958/7917 4906/7918 4914/7919
f 4980/7920 4973/7921 4939/7922 4934/7923
f 4963/7856 4965/7831 4915/7830 4911/7855
f 4962/7852 4977/7916 4914/7919 4910/7851
f 4970/7838 4980/7920 4934/7923 4930/7837
f 5004/7924 4991/7925 4984/7926 4996/7927
f 5003/7928 4997/7929 4988/7930 4992/7931
f 5001/7932 4995/7933 4987/7934 5000/7935
f 5003/7936 4999/7937 5024/7938 5026/7939
f 4986/7940 4990/7941 5001/7942 4998/7943
f 4990/7941 4982/7944 4995/7933 5001/7942
f 4989/7945 5002/7946 4999/7947 4985/7948
f 4981/7949 4994/7950 5002/7946 4989/7945
f 4994/7950 4986/7940 4998/7943 5002/7946
f 4993/7951 5003/7928 4992/7931 4983/7952
f 4985/7948 4999/7947 5003/7928 4993/7951
f 4997/7929 5004/7924 4996/7927 4988/7930
f 5000/7935 4987/7934 4991/7925 5004/7924
f 4983/7952 4992/7931 5007/7953 5005/7954
f 4996/7927 4984/7926 5006/7955 5008/7956
f 5002/7957 4998/7958 5021/7959 5025/7960
f 5008/7961 5013/7962 5030/7963 5028/7964
f 5008/7956 5006/7955 5010/7965 5013/7966
f 5004/7967 4997/7968 5023/7969 5027/7970
f 5005/7954 5007/7953 5012/7971 5009/7972
f 5009/7972 5012/7971 5017/7973 5014/7974
f 5013/7966 5010/7965 5015/7975 5018/7976
f 5011/7977 5013/7966 5018/7976 5016/7978
f 5012/7971 5011/7977 5016/7978 5017/7973
f 5012/7979 5007/7980 5029/7981 5032/7982
f 5013/7983 5011/7984 5031/7985 5030/7986
f 4999/7937 5002/7987 5025/7988 5024/7938
f 4988/7989 4996/7990 5019/7991 5020/7992
f 4992/7993 4988/7989 5020/7992 5022/7994
f 5017/7995 5016/7996 5050/7997 5051/7998
f 4993/7999 4983/8000 5035/8001 5042/8002
f 5018/8003 5015/8004 5049/8005 5052/8006
f 4984/8007 4991/8008 5041/8009 5036/8010
f 4994/8011 4981/8012 5033/8013 5043/8014
f 5006/8015 4984/8007 5036/8010 5046/8016
f 5009/8017 5014/8018 5048/8019 5047/8020
f 4995/8021 4982/8022 5034/8023 5044/8024
f 4985/8025 4993/7999 5042/8002 5037/8026
f 4989/8027 4985/8025 5037/8026 5040/8028
f 4986/8029 4994/8011 5043/8014 5038/8030
f 5005/8031 5009/8017 5047/8020 5045/8032
f 4987/8033 4995/8021 5044/8024 5039/8034
f 5014/8035 5017/7995 5051/7998 5048/8036
f 4983/8000 5005/8031 5045/8032 5035/8001
f 5016/7996 5018/8003 5052/8006 5050/7997
f 4981/8037 4989/8027 5040/8028 5033/8038
f 5026/8039 5042/8040 5035/8041 5022/8042
f 5027/8043 5023/8044 5020/8045 5019/8046
f 5025/8047 5040/8048 5037/8049 5024/8050
f 5027/8051 5054/8052 5000/8053 5004/8054
f 5038/8055 5043/8056 5025/8057 5021/8058
f 5043/8056 5033/8059 5040/8048 5025/8057
f 5044/8060 5055/8061 5054/8062 5039/8063
f 5034/8064 5053/8065 5055/8061 5044/8060
f 5053/8065 5038/8055 5021/8058 5055/8061
f 5041/8066 5027/8043 5019/8046 5036/8067
f 5039/8063 5054/8062 5027/8043 5041/8066
f 5023/8044 5026/8039 5022/8042 5020/8045
f 5022/8068 5029/7981 5007/7980 4992/8069
f 5024/8050 5037/8049 5042/8040 5026/8039
f 5036/8067 5019/8046 5028/8070 5046/8071
f 5022/8042 5035/8041 5045/8072 5029/8073
f 5055/8074 5021/7959 4998/7958 5001/8075
f 5029/8073 5045/8072 5047/8076 5032/8077
f 5026/8078 5023/7969 4997/7968 5003/8079
f 5028/7964 5019/8080 4996/8081 5008/7961
f 5046/8071 5028/8070 5030/8082 5056/8083
f 5056/8083 5030/8082 5052/8084 5049/8085
f 5032/8077 5047/8076 5048/8086 5051/8087
f 5031/8088 5032/8077 5051/8087 5050/8089
f 5030/8082 5031/8088 5050/8089 5052/8084
f 5032/8090 5031/7985 5011/7984 5012/8091
f 5054/8052 5055/8092 5001/8093 5000/8053
f 5053/8094 5034/8095 4982/8096 4990/8097
f 5056/8098 5049/8099 5015/8100 5010/8101
f 5039/8034 5041/8009 4991/8008 4987/8033
f 5038/8030 5053/8094 4990/8097 4986/8029
f 5046/8016 5056/8098 5010/8101 5006/8015
f 5080/8102 5067/8103 5060/8104 5072/8105
f 5079/8106 5073/8107 5064/8108 5068/8109
f 5077/8110 5071/8111 5063/8112 5076/8113
f 5079/8114 5075/8115 5100/8116 5102/8117
f 5062/8118 5066/8119 5077/8120 5074/8121
f 5066/8119 5058/8122 5071/8111 5077/8120
f 5065/8123 5078/8124 5075/8125 5061/8126
f 5057/8127 5070/8128 5078/8124 5065/8123
f 5070/8128 5062/8118 5074/8121 5078/8124
f 5069/8129 5079/8106 5068/8109 5059/8130
f 5061/8126 5075/8125 5079/8106 5069/8129
f 5073/8107 5080/8102 5072/8105 5064/8108
f 5076/8113 5063/8112 5067/8103 5080/8102
f 5059/8130 5068/8109 5083/8131 5081/8132
f 5072/8105 5060/8104 5082/8133 5084/8134
f 5078/8135 5074/8136 5097/8137 5101/8138
f 5084/8139 5089/8140 5106/8141 5104/8142
f 5084/8134 5082/8133 5086/8143 5089/8144
f 5080/8145 5073/8146 5099/8147 5103/8148
f 5081/8132 5083/8131 5088/8149 5085/8150
f 5085/8150 5088/8149 5093/8151 5090/8152
f 5089/8144 5086/8143 5091/8153 5094/8154
f 5087/8155 5089/8144 5094/8154 5092/8156
f 5088/8149 5087/8155 5092/8156 5093/8151
f 5088/8157 5083/8158 5105/8159 5108/8160
f 5089/8161 5087/8162 5107/8163 5106/8164
f 5075/8115 5078/8165 5101/8166 5100/8116
f 5064/8167 5072/8168 5095/8169 5096/8170
f 5068/8171 5064/8167 5096/8170 5098/8172
f 5093/8173 5092/8174 5126/8175 5127/8176
f 5069/8177 5059/8178 5111/8179 5118/8180
f 5094/8181 5091/8182 5125/8183 5128/8184
f 5060/8185 5067/8186 5117/8187 5112/8188
f 5070/8189 5057/8190 5109/8191 5119/8192
f 5082/8193 5060/8185 5112/8188 5122/8194
f 5085/8195 5090/8196 5124/8197 5123/8198
f 5071/8199 5058/8200 5110/8201 5120/8202
f 5061/8203 5069/8177 5118/8180 5113/8204
f 5065/8205 5061/8203 5113/8204 5116/8206
f 5062/8207 5070/8189 5119/8192 5114/8208
f 5081/8209 5085/8195 5123/8198 5121/8210
f 5063/8211 5071/8199 5120/8202 5115/8212
f 5090/8213 5093/8173 5127/8176 5124/8214
f 5059/8178 5081/8209 5121/8210 5111/8179
f 5092/8174 5094/8181 5128/8184 5126/8175
f 5057/8215 5065/8205 5116/8206 5109/8216
f 5102/8217 5118/8218 5111/8219 5098/8220
f 5103/8221 5099/8222 5096/8223 5095/8224
f 5101/8225 5116/8226 5113/8227 5100/8228
f 5103/8229 5130/8230 5076/8231 5080/8232
f 5114/8233 5119/8234 5101/8235 5097/8236
f 5119/8234 5109/8237 5116/8226 5101/8235
f 5120/8238 5131/8239 5130/8240 5115/8241
f 5110/8242 5129/8243 5131/8239 5120/8238
f 5129/8243 5114/8233 5097/8236 5131/8239
f 5117/8244 5103/8221 5095/8224 5112/8245
f 5115/8241 5130/8240 5103/8221 5117/8244
f 5099/8222 5102/8217 5098/8220 5096/8223
f 5098/8246 5105/8159 5083/8158 5068/8247
f 5100/8228 5113/8227 5118/8218 5102/8217
f 5112/8245 5095/8224 5104/8248 5122/8249
f 5098/8220 5111/8219 5121/8250 5105/8251
f 5131/8252 5097/8137 5074/8136 5077/8253
f 5105/8251 5121/8250 5123/8254 5108/8255
f 5102/8256 5099/8147 5073/8146 5079/8257
f 5104/8142 5095/8258 5072/8259 5084/8139
f 5122/8249 5104/8248 5106/8260 5132/8261
f 5132/8261 5106/8260 5128/8262 5125/8263
f 5108/8255 5123/8254 5124/8264 5127/8265
f 5107/8266 5108/8255 5127/8265 5126/8267
f 5106/8260 5107/8266 5126/8267 5128/8262
f 5108/8268 5107/8163 5087/8162 5088/8269
f 5130/8230 5131/8270 5077/8271 5076/8231
f 5129/8272 5110/8273 5058/8274 5066/8275
f 5132/8276 5125/8277 5091/8278 5086/8279
f 5115/8212 5117/8187 5067/8186 5063/8211
f 5114/8208 5129/8272 5066/8275 5062/8207
f 5122/8194 5132/8276 5086/8279 5082/8193
f 5156/8280 5143/8281 5136/8282 5148/8283
f 5155/8284 5149/8285 5140/8286 5144/8287
f 5153/8288 5147/8289 5139/8290 5152/8291
f 5155/8292 5151/8293 5176/8294 5178/8295
f 5138/8296 5142/8297 5153/8298 5150/8299
f 5142/8297 5134/8300 5147/8289 5153/8298
f 5141/8301 5154/8302 5151/8303 5137/8304
f 5133/8305 5146/8306 5154/8302 5141/8301
f 5146/8306 5138/8296 5150/8299 5154/8302
f 5145/8307 5155/8284 5144/8287 5135/8308
f 5137/8304 5151/8303 5155/8284 5145/8307
f 5149/8285 5156/8280 5148/8283 5140/8286
f 5152/8291 5139/8290 5143/8281 5156/8280
f 5135/8308 5144/8287 5159/8309 5157/8310
f 5148/8283 5136/8282 5158/8311 5160/8312
f 5154/8313 5150/8314 5173/8315 5177/8316
f 5160/8317 5165/8318 5182/8319 5180/8320
f 5160/8312 5158/8311 5162/8321 5165/8322
f 5156/8323 5149/8324 5175/8325 5179/8326
f 5157/8310 5159/8309 5164/8327 5161/8328
f 5161/8328 5164/8327 5169/8329 5166/8330
f 5165/8322 5162/8321 5167/8331 5170/8332
f 5163/8333 5165/8322 5170/8332 5168/8334
f 5164/8327 5163/8333 5168/8334 5169/8329
f 5164/8335 5159/8336 5181/8337 5184/8338
f 5165/8339 5163/8340 5183/8341 5182/8342
f 5151/8293 5154/8343 5177/8344 5176/8294
f 5140/8345 5148/8346 5171/8347 5172/8348
f 5144/8349 5140/8345 5172/8348 5174/8350
f 5169/8351 5168/8352 5202/8353 5203/8354
f 5145/8355 5135/8356 5187/8357 5194/8358
f 5170/8359 5167/8360 5201/8361 5204/8362
f 5136/8363 5143/8364 5193/8365 5188/8366
f 5146/8367 5133/8368 5185/8369 5195/8370
f 5158/8371 5136/8363 5188/8366 5198/8372
f 5161/8373 5166/8374 5200/8375 5199/8376
f 5147/8377 5134/8378 5186/8379 5196/8380
f 5137/8381 5145/8355 5194/8358 5189/8382
f 5141/8383 5137/8381 5189/8382 5192/8384
f 5138/8385 5146/8367 5195/8370 5190/8386
f 5157/8387 5161/8373 5199/8376 5197/8388
f 5139/8389 5147/8377 5196/8380 5191/8390
f 5166/8391 5169/8351 5203/8354 5200/8392
f 5135/8356 5157/8387 5197/8388 5187/8357
f 5168/8352 5170/8359 5204/8362 5202/8353
f 5133/8393 5141/8383 5192/8384 5185/8394
f 5178/8395 5194/8396 5187/8397 5174/8398
f 5179/8399 5175/8400 5172/8401 5171/8402
f 5177/8403 5192/8404 5189/8405 5176/8406
f 5179/8407 5206/8408 5152/8409 5156/8410
f 5190/8411 5195/8412 5177/8413 5173/8414
f 5195/8412 5185/8415 5192/8404 5177/8413
f 5196/8416 5207/8417 5206/8418 5191/8419
f 5186/8420 5205/8421 5207/8417 5196/8416
f 5205/8421 5190/8411 5173/8414 5207/8417
f 5193/8422 5179/8399 5171/8402 5188/8423
f 5191/8419 5206/8418 5179/8399 5193/8422
f 5175/8400 5178/8395 5174/8398 5172/8401
f 5174/8424 5181/8337 5159/8336 5144/8425
f 5176/8406 5189/8405 5194/8396 5178/8395
f 5188/8423 5171/8402 5180/8426 5198/8427
f 5174/8398 5187/8397 5197/8428 5181/8429
f 5207/8430 5173/8315 5150/8314 5153/8431
f 5181/8429 5197/8428 5199/8432 5184/8433
f 5178/8434 5175/8325 5149/8324 5155/8435
f 5180/8320 5171/8436 5148/8437 5160/8317
f 5198/8427 5180/8426 5182/8438 5208/8439
f 5208/8439 5182/8438 5204/8440 5201/8441
f 5184/8433 5199/8432 5200/8442 5203/8443
f 5183/8444 5184/8433 5203/8443 5202/8445
f 5182/8438 5183/8444 5202/8445 5204/8440
f 5184/8446 5183/8341 5163/8340 5164/8447
f 5206/8408 5207/8448 5153/8449 5152/8409
f 5205/8450 5186/8451 5134/8452 5142/8453
f 5208/8454 5201/8455 5167/8456 5162/8457
f 5191/8390 5193/8365 5143/8364 5139/8389
f 5190/8386 5205/8450 5142/8453 5138/8385
f 5198/8372 5208/8454 5162/8457 5158/8371
f 5232/8458 5219/8459 5212/8460 5224/8461
f 5231/8462 5225/8463 5216/8464 5220/8465
f 5229/8466 5223/8467 5215/8468 5228/8469
f 5231/8470 5227/8471 5252/8472 5254/8473
f 5214/8474 5218/8475 5229/8476 5226/8477
f 5218/8475 5210/8478 5223/8467 5229/8476
f 5217/8479 5230/8480 5227/8481 5213/8482
f 5209/8483 5222/8484 5230/8480 5217/8479
f 5222/8484 5214/8474 5226/8477 5230/8480
f 5221/8485 5231/8462 5220/8465 5211/8486
f 5213/8482 5227/8481 5231/8462 5221/8485
f 5225/8463 5232/8458 5224/8461 5216/8464
f 5228/8469 5215/8468 5219/8459 5232/8458
f 5211/8486 5220/8465 5235/8487 5233/8488
f 5224/8461 5212/8460 5234/8489 5236/8490
f 5230/8491 5226/8492 5249/8493 5253/8494
f 5236/8495 5241/8496 5258/8497 5256/8498
f 5236/8490 5234/8489 5238/8499 5241/8500
f 5232/8501 5225/8502 5251/8503 5255/8504
f 5233/8488 5235/8487 5240/8505 5237/8506
f 5237/8506 5240/8505 5245/8507 5242/8508
f 5241/8500 5238/8499 5243/8509 5246/8510
f 5239/8511 5241/8500 5246/8510 5244/8512
f 5240/8505 5239/8511 5244/8512 5245/8507
f 5240/8513 5235/8514 5257/8515 5260/8516
f 5241/8517 5239/8518 5259/8519 5258/8520
f 5227/8471 5230/8521 5253/8522 5252/8472
f 5216/8523 5224/8524 5247/8525 5248/8526
f 5220/8527 5216/8523 5248/8526 5250/8528
f 5245/8529 5244/8530 5278/8531 5279/8532
f 5221/8533 5211/8534 5263/8535 5270/8536
f 5246/8537 5243/8538 5277/8539 5280/8540
f 5212/8541 5219/8542 5269/8543 5264/8544
f 5222/8545 5209/8546 5261/8547 5271/8548
f 5234/8549 5212/8541 5264/8544 5274/8550
f 5237/8551 5242/8552 5276/8553 5275/8554
f 5223/8555 5210/8556 5262/8557 5272/8558
f 5213/8559 5221/8533 5270/8536 5265/8560
f 5217/8561 5213/8559 5265/8560 5268/8562
f 5214/8563 5222/8545 5271/8548 5266/8564
f 5233/8565 5237/8551 5275/8554 5273/8566
f 5215/8567 5223/8555 5272/8558 5267/8568
f 5242/8569 5245/8529 5279/8532 5276/8570
f 5211/8534 5233/8565 5273/8566 5263/8535
f 5244/8530 5246/8537 5280/8540 5278/8531
f 5209/8571 5217/8561 5268/8562 5261/8572
f 5254/8573 5270/8574 5263/8575 5250/8576
f 5255/8577 5251/8578 5248/8579 5247/8580
f 5253/8581 5268/8582 5265/8583 5252/8584
f 5255/8585 5282/8586 5228/8587 5232/8588
f 5266/8589 5271/8590 5253/8591 5249/8592
f 5271/8590 5261/8593 5268/8582 5253/8591
f 5272/8594 5283/8595 5282/8596 5267/8597
f 5262/8598 5281/8599 5283/8595 5272/8594
f 5281/8599 5266/8589 5249/8592 5283/8595
f 5269/8600 5255/8577 5247/8580 5264/8601
f 5267/8597 5282/8596 5255/8577 5269/8600
f 5251/8578 5254/8573 5250/8576 5248/8579
f 5250/8602 5257/8515 5235/8514 5220/8603
f 5252/8584 5265/8583 5270/8574 5254/8573
f 5264/8601 5247/8580 5256/8604 5274/8605
f 5250/8576 5263/8575 5273/8606 5257/8607
f 5283/8608 5249/8493 5226/8492 5229/8609
f 5257/8607 5273/8606 5275/8610 5260/8611
f 5254/8612 5251/8503 5225/8502 5231/8613
f 5256/8498 5247/8614 5224/8615 5236/8495
f 5274/8605 5256/8604 5258/8616 5284/8617
f 5284/8617 5258/8616 5280/8618 5277/8619
f 5260/8611 5275/8610 5276/8620 5279/8621
f 5259/8622 5260/8611 5279/8621 5278/8623
f 5258/8616 5259/8622 5278/8623 5280/8618
f 5260/8624 5259/8519 5239/8518 5240/8625
f 5282/8586 5283/8626 5229/8627 5228/8587
f 5281/8628 5262/8629 5210/8630 5218/8631
f 5284/8632 5277/8633 5243/8634 5238/8635
f 5267/8568 5269/8543 5219/8542 5215/8567
f 5266/8564 5281/8628 5218/8631 5214/8563
f 5274/8550 5284/8632 5238/8635 5234/8549
f 5308/8636 5295/8637 5288/8638 5300/8639
f 5307/8640 5301/8641 5292/8642 5296/8643
f 5305/8644 5299/8645 5291/8646 5304/8647
f 5307/8648 5303/8649 5328/8650 5330/8651
f 5290/8652 5294/8653 5305/8654 5302/8655
f 5294/8653 5286/8656 5299/8645 5305/8654
f 5293/8657 5306/8658 5303/8659 5289/8660
f 5285/8661 5298/8662 5306/8658 5293/8657
f 5298/8662 5290/8652 5302/8655 5306/8658
f 5297/8663 5307/8640 5296/8643 5287/8664
f 5289/8660 5303/8659 5307/8640 5297/8663
f 5301/8641 5308/8636 5300/8639 5292/8642
f 5304/8647 5291/8646 5295/8637 5308/8636
f 5287/8664 5296/8643 5311/8665 5309/8666
f 5300/8639 5288/8638 5310/8667 5312/8668
f 5306/8669 5302/8670 5325/8671 5329/8672
f 5312/8673 5317/8674 5334/8675 5332/8676
f 5312/8668 5310/8667 5314/8677 5317/8678
f 5308/8679 5301/8680 5327/8681 5331/8682
f 5309/8666 5311/8665 5316/8683 5313/8684
f 5313/8684 5316/8683 5321/8685 5318/8686
f 5317/8678 5314/8677 5319/8687 5322/8688
f 5315/8689 5317/8678 5322/8688 5320/8690
f 5316/8683 5315/8689 5320/8690 5321/8685
f 5316/8691 5311/8692 5333/8693 5336/8694
f 5317/8695 5315/8696 5335/8697 5334/8698
f 5303/8649 5306/8699 5329/8700 5328/8650
f 5292/8701 5300/8702 5323/8703 5324/8704
f 5296/8705 5292/8701 5324/8704 5326/8706
f 5321/8707 5320/8708 5354/8709 5355/8710
f 5297/8711 5287/8712 5339/8713 5346/8714
f 5322/8715 5319/8716 5353/8717 5356/8718
f 5288/8719 5295/8720 5345/8721 5340/8722
f 5298/8723 5285/8724 5337/8725 5347/8726
f 5310/8727 5288/8719 5340/8722 5350/8728
f 5313/8729 5318/8730 5352/8731 5351/8732
f 5299/8733 5286/8734 5338/8735 5348/8736
f 5289/8737 5297/8711 5346/8714 5341/8738
f 5293/8739 5289/8737 5341/8738 5344/8740
f 5290/8741 5298/8723 5347/8726 5342/8742
f 5309/8743 5313/8729 5351/8732 5349/8744
f 5291/8745 5299/8733 5348/8736 5343/8746
f 5318/8747 5321/8707 5355/8710 5352/8748
f 5287/8712 5309/8743 5349/8744 5339/8713
f 5320/8708 5322/8715 5356/8718 5354/8709
f 5285/8749 5293/8739 5344/8740 5337/8750
f 5330/8751 5346/8752 5339/8753 5326/8754
f 5331/8755 5327/8756 5324/8757 5323/8758
f 5329/8759 5344/8760 5341/8761 5328/8762
f 5331/8763 5358/8764 5304/8765 5308/8766
f 5342/8767 5347/8768 5329/8769 5325/8770
f 5347/8768 5337/8771 5344/8760 5329/8769
f 5348/8772 5359/8773 5358/8774 5343/8775
f 5338/8776 5357/8777 5359/8773 5348/8772
f 5357/8777 5342/8767 5325/8770 5359/8773
f 5345/8778 5331/8755 5323/8758 5340/8779
f 5343/8775 5358/8774 5331/8755 5345/8778
f 5327/8756 5330/8751 5326/8754 5324/8757
f 5326/8780 5333/8693 5311/8692 5296/8781
f 5328/8762 5341/8761 5346/8752 5330/8751
f 5340/8779 5323/8758 5332/8782 5350/8783
f 5326/8754 5339/8753 5349/8784 5333/8785
f 5359/8786 5325/8671 5302/8670 5305/8787
f 5333/8785 5349/8784 5351/8788 5336/8789
f 5330/8790 5327/8681 5301/8680 5307/8791
f 5332/8676 5323/8792 5300/8793 5312/8673
f 5350/8783 5332/8782 5334/8794 5360/8795
f 5360/8795 5334/8794 5356/8796 5353/8797
f 5336/8789 5351/8788 5352/8798 5355/8799
f 5335/8800 5336/8789 5355/8799 5354/8801
f 5334/8794 5335/8800 5354/8801 5356/8796
f 5336/8802 5335/8697 5315/8696 5316/8803
f 5358/8764 5359/8804 5305/8805 5304/8765
f 5357/8806 5338/8807 5286/8808 5294/8809
f 5360/8810 5353/8811 5319/8812 5314/8813
f 5343/8746 5345/8721 5295/8720 5291/8745
f 5342/8742 5357/8806 5294/8809 5290/8741
f 5350/8728 5360/8810 5314/8813 5310/8727
f 5384/8814 5371/8815 5364/8816 5376/8817
f 5383/8818 5377/8819 5368/8820 5372/8821
f 5381/8822 5375/8823 5367/8824 5380/8825
f 5383/8826 5379/8827 5404/8828 5406/8829
f 5366/8830 5370/8831 5381/8832 5378/8833
f 5370/8831 5362/8834 5375/8823 5381/8832
f 5369/8835 5382/8836 5379/8837 5365/8838
f 5361/8839 5374/8840 5382/8836 5369/8835
f 5374/8840 5366/8830 5378/8833 5382/8836
f 5373/8841 5383/8818 5372/8821 5363/8842
f 5365/8838 5379/8837 5383/8818 5373/8841
f 5377/8819 5384/8814 5376/8817 5368/8820
f 5380/8825 5367/8824 5371/8815 5384/8814
f 5363/8842 5372/8821 5387/8843 5385/8844
f 5376/8817 5364/8816 5386/8845 5388/8846
f 5382/8847 5378/8848 5401/8849 5405/8850
f 5388/8851 5393/8852 5410/8853 5408/8854
f 5388/8846 5386/8845 5390/8855 5393/8856
f 5384/8857 5377/8858 5403/8859 5407/8860
f 5385/8844 5387/8843 5392/8861 5389/8862
f 5389/8862 5392/8861 5397/8863 5394/8864
f 5393/8856 5390/8855 5395/8865 5398/8866
f 5391/8867 5393/8856 5398/8866 5396/8868
f 5392/8861 5391/8867 5396/8868 5397/8863
f 5392/8869 5387/8870 5409/8871 5412/8872
f 5393/8873 5391/8874 5411/8875 5410/8876
f 5379/8827 5382/8877 5405/8878 5404/8828
f 5368/8879 5376/8880 5399/8881 5400/8882
f 5372/8883 5368/8879 5400/8882 5402/8884
f 5397/8885 5396/8886 5430/8887 5431/8888
f 5373/8889 5363/8890 5415/8891 5422/8892
f 5398/8893 5395/8894 5429/8895 5432/8896
f 5364/8897 5371/8898 5421/8899 5416/8900
f 5374/8901 5361/8902 5413/8903 5423/8904
f 5386/8905 5364/8897 5416/8900 5426/8906
f 5389/8907 5394/8908 5428/8909 5427/8910
f 5375/8911 5362/8912 5414/8913 5424/8914
f 5365/8915 5373/8889 5422/8892 5417/8916
f 5369/8917 5365/8915 5417/8916 5420/8918
f 5366/8919 5374/8901 5423/8904 5418/8920
f 5385/8921 5389/8907 5427/8910 5425/8922
f 5367/8923 5375/8911 5424/8914 5419/8924
f 5394/8925 5397/8885 5431/8888 5428/8926
f 5363/8890 5385/8921 5425/8922 5415/8891
f 5396/8886 5398/8893 5432/8896 5430/8887
f 5361/8927 5369/8917 5420/8918 5413/8928
f 5406/8929 5422/8930 5415/8931 5402/8932
f 5407/8933 5403/8934 5400/8935 5399/8936
f 5405/8937 5420/8938 5417/8939 5404/8940
f 5407/8941 5434/8942 5380/8943 5384/8944
f 5418/8945 5423/8946 5405/8947 5401/8948
f 5423/8946 5413/8949 5420/8938 5405/8947
f 5424/8950 5435/8951 5434/8952 5419/8953
f 5414/8954 5433/8955 5435/8951 5424/8950
f 5433/8955 5418/8945 5401/8948 5435/8951
f 5421/8956 5407/8933 5399/8936 5416/8957
f 5419/8953 5434/8952 5407/8933 5421/8956
f 5403/8934 5406/8929 5402/8932 5400/8935
f 5402/8958 5409/8871 5387/8870 5372/8959
f 5404/8940 5417/8939 5422/8930 5406/8929
f 5416/8957 5399/8936 5408/8960 5426/8961
f 5402/8932 5415/8931 5425/8962 5409/8963
f 5435/8964 5401/8849 5378/8848 5381/8965
f 5409/8963 5425/8962 5427/8966 5412/8967
f 5406/8968 5403/8859 5377/8858 5383/8969
f 5408/8854 5399/8970 5376/8971 5388/8851
f 5426/8961 5408/8960 5410/8972 5436/8973
f 5436/8973 5410/8972 5432/8974 5429/8975
f 5412/8967 5427/8966 5428/8976 5431/8977
f 5411/8978 5412/8967 5431/8977 5430/8979
f 5410/8972 5411/8978 5430/8979 5432/8974
f 5412/8980 5411/8875 5391/8874 5392/8981
f 5434/8942 5435/8982 5381/8983 5380/8943
f 5433/8984 5414/8985 5362/8986 5370/8987
f 5436/8988 5429/8989 5395/8990 5390/8991
f 5419/8924 5421/8899 5371/8898 5367/8923
f 5418/8920 5433/8984 5370/8987 5366/8919
f 5426/8906 5436/8988 5390/8991 5386/8905
f 5460/8992 5447/8993 5440/8994 5452/8995
f 5459/8996 5453/8997 5444/8998 5448/8999
f 5457/9000 5451/9001 5443/9002 5456/9003
f 5459/9004 5455/9005 5480/9006 5482/9007
f 5442/9008 5446/9009 5457/9010 5454/9011
f 5446/9009 5438/9012 5451/9001 5457/9010
f 5445/9013 5458/9014 5455/9015 5441/9016
f 5437/9017 5450/9018 5458/9014 5445/9013
f 5450/9018 5442/9008 5454/9011 5458/9014
f 5449/9019 5459/8996 5448/8999 5439/9020
f 5441/9016 5455/9015 5459/8996 5449/9019
f 5453/8997 5460/8992 5452/8995 5444/8998
f 5456/9003 5443/9002 5447/8993 5460/8992
f 5439/9020 5448/8999 5463/9021 5461/9022
f 5452/8995 5440/8994 5462/9023 5464/9024
f 5458/9025 5454/9026 5477/9027 5481/9028
f 5464/9029 5469/9030 5486/9031 5484/9032
f 5464/9024 5462/9023 5466/9033 5469/9034
f 5460/9035 5453/9036 5479/9037 5483/9038
f 5461/9022 5463/9021 5468/9039 5465/9040
f 5465/9040 5468/9039 5473/9041 5470/9042
f 5469/9034 5466/9033 5471/9043 5474/9044
f 5467/9045 5469/9034 5474/9044 5472/9046
f 5468/9039 5467/9045 5472/9046 5473/9041
f 5468/9047 5463/9048 5485/9049 5488/9050
f 5469/9051 5467/9052 5487/9053 5486/9054
f 5455/9005 5458/9055 5481/9056 5480/9006
f 5444/9057 5452/9058 5475/9059 5476/9060
f 5448/9061 5444/9057 5476/9060 5478/9062
f 5473/9063 5472/9064 5506/9065 5507/9066
f 5449/9067 5439/9068 5491/9069 5498/9070
f 5474/9071 5471/9072 5505/9073 5508/9074
f 5440/9075 5447/9076 5497/9077 5492/9078
f 5450/9079 5437/9080 5489/9081 5499/9082
f 5462/9083 5440/9075 5492/9078 5502/9084
f 5465/9085 5470/9086 5504/9087 5503/9088
f 5451/9089 5438/9090 5490/9091 5500/9092
f 5441/9093 5449/9067 5498/9070 5493/9094
f 5445/9095 5441/9093 5493/9094 5496/9096
f 5442/9097 5450/9079 5499/9082 5494/9098
f 5461/9099 5465/9085 5503/9088 5501/9100
f 5443/9101 5451/9089 5500/9092 5495/9102
f 5470/9103 5473/9063 5507/9066 5504/9104
f 5439/9068 5461/9099 5501/9100 5491/9069
f 5472/9064 5474/9071 5508/9074 5506/9065
f 5437/9105 5445/9095 5496/9096 5489/9106
f 5482/9107 5498/9108 5491/9109 5478/9110
f 5483/9111 5479/9112 5476/9113 5475/9114
f 5481/9115 5496/9116 5493/9117 5480/9118
f 5483/9119 5510/9120 5456/9121 5460/9122
f 5494/9123 5499/9124 5481/9125 5477/9126
f 5499/9124 5489/9127 5496/9116 5481/9125
f 5500/9128 5511/9129 5510/9130 5495/9131
f 5490/9132 5509/9133 5511/9129 5500/9128
f 5509/9133 5494/9123 5477/9126 5511/9129
f 5497/9134 5483/9111 5475/9114 5492/9135
f 5495/9131 5510/9130 5483/9111 5497/9134
f 5479/9112 5482/9107 5478/9110 5476/9113
f 5478/9136 5485/9049 5463/9048 5448/9137
f 5480/9118 5493/9117 5498/9108 5482/9107
f 5492/9135 5475/9114 5484/9138 5502/9139
f 5478/9110 5491/9109 5501/9140 5485/9141
f 5511/9142 5477/9027 5454/9026 5457/9143
f 5485/9141 5501/9140 5503/9144 5488/9145
f 5482/9146 5479/9037 5453/9036 5459/9147
f 5484/9032 5475/9148 5452/9149 5464/9029
f 5502/9139 5484/9138 5486/9150 5512/9151
f 5512/9151 5486/9150 5508/9152 5505/9153
f 5488/9145 5503/9144 5504/9154 5507/9155
f 5487/9156 5488/9145 5507/9155 5506/9157
f 5486/9150 5487/9156 5506/9157 5508/9152
f 5488/9158 5487/9053 5467/9052 5468/9159
f 5510/9120 5511/9160 5457/9161 5456/9121
f 5509/9162 5490/9163 5438/9164 5446/9165
f 5512/9166 5505/9167 5471/9168 5466/9169
f 5495/9102 5497/9077 5447/9076 5443/9101
f 5494/9098 5509/9162 5446/9165 5442/9097
f 5502/9084 5512/9166 5466/9169 5462/9083
f 5536/9170 5523/9171 5516/9172 5528/9173
f 5535/9174 5529/9175 5520/9176 5524/9177
f 5533/9178 5527/9179 5519/9180 5532/9181
f 5535/9182 5531/9183 5556/9184 5558/9185
f 5518/9186 5522/9187 5533/9188 5530/9189
f 5522/9187 5514/9190 5527/9179 5533/9188
f 5521/9191 5534/9192 5531/9193 5517/9194
f 5513/9195 5526/9196 5534/9192 5521/9191
f 5526/9196 5518/9186 5530/9189 5534/9192
f 5525/9197 5535/9174 5524/9177 5515/9198
f 5517/9194 5531/9193 5535/9174 5525/9197
f 5529/9175 5536/9170 5528/9173 5520/9176
f 5532/9181 5519/9180 5523/9171 5536/9170
f 5515/9198 5524/9177 5539/9199 5537/9200
f 5528/9173 5516/9172 5538/9201 5540/9202
f 5534/9203 5530/9204 5553/9205 5557/9206
f 5540/9207 5545/9208 5562/9209 5560/9210
f 5540/9202 5538/9201 5542/9211 5545/9212
f 5536/9213 5529/9214 5555/9215 5559/9216
f 5537/9200 5539/9199 5544/9217 5541/9218
f 5541/9218 5544/9217 5549/9219 5546/9220
f 5545/9212 5542/9211 5547/9221 5550/9222
f 5543/9223 5545/9212 5550/9222 5548/9224
f 5544/9217 5543/9223 5548/9224 5549/9219
f 5544/9225 5539/9226 5561/9227 5564/9228
f 5545/9229 5543/9230 5563/9231 5562/9232
f 5531/9183 5534/9233 5557/9234 5556/9184
f 5520/9235 5528/9236 5551/9237 5552/9238
f 5524/9239 5520/9235 5552/9238 5554/9240
f 5549/9241 5548/9242 5582/9243 5583/9244
f 5525/9245 5515/9246 5567/9247 5574/9248
f 5550/9249 5547/9250 5581/9251 5584/9252
f 5516/9253 5523/9254 5573/9255 5568/9256
f 5526/9257 5513/9258 5565/9259 5575/9260
f 5538/9261 5516/9253 5568/9256 5578/9262
f 5541/9263 5546/9264 5580/9265 5579/9266
f 5527/9267 5514/9268 5566/9269 5576/9270
f 5517/9271 5525/9245 5574/9248 5569/9272
f 5521/9273 5517/9271 5569/9272 5572/9274
f 5518/9275 5526/9257 5575/9260 5570/9276
f 5537/9277 5541/9263 5579/9266 5577/9278
f 5519/9279 5527/9267 5576/9270 5571/9280
f 5546/9281 5549/9241 5583/9244 5580/9282
f 5515/9246 5537/9277 5577/9278 5567/9247
f 5548/9242 5550/9249 5584/9252 5582/9243
f 5513/9283 5521/9273 5572/9274 5565/9284
f 5558/9285 5574/9286 5567/9287 5554/9288
f 5559/9289 5555/9290 5552/9291 5551/9292
f 5557/9293 5572/9294 5569/9295 5556/9296
f 5559/9297 5586/9298 5532/9299 5536/9300
f 5570/9301 5575/9302 5557/9303 5553/9304
f 5575/9302 5565/9305 5572/9294 5557/9303
f 5576/9306 5587/9307 5586/9308 5571/9309
f 5566/9310 5585/9311 5587/9307 5576/9306
f 5585/9311 5570/9301 5553/9304 5587/9307
f 5573/9312 5559/9289 5551/9292 5568/9313
f 5571/9309 5586/9308 5559/9289 5573/9312
f 5555/9290 5558/9285 5554/9288 5552/9291
f 5554/9314 5561/9227 5539/9226 5524/9315
f 5556/9296 5569/9295 5574/9286 5558/9285
f 5568/9313 5551/9292 5560/9316 5578/9317
f 5554/9288 5567/9287 5577/9318 5561/9319
f 5587/9320 5553/9205 5530/9204 5533/9321
f 5561/9319 5577/9318 5579/9322 5564/9323
f 5558/9324 5555/9215 5529/9214 5535/9325
f 5560/9210 5551/9326 5528/9327 5540/9207
f 5578/9317 5560/9316 5562/9328 5588/9329
f 5588/9329 5562/9328 5584/9330 5581/9331
f 5564/9323 5579/9322 5580/9332 5583/9333
f 5563/9334 5564/9323 5583/9333 5582/9335
f 5562/9328 5563/9334 5582/9335 5584/9330
f 5564/9336 5563/9231 5543/9230 5544/9337
f 5586/9298 5587/9338 5533/9339 5532/9299
f 5585/9340 5566/9341 5514/9342 5522/9343
f 5588/9344 5581/9345 5547/9346 5542/9347
f 5571/9280 5573/9255 5523/9254 5519/9279
f 5570/9276 5585/9340 5522/9343 5518/9275
f 5578/9262 5588/9344 5542/9347 5538/9261
f 5612/9348 5599/9349 5592/9350 5604/9351
f 5611/9352 5605/9353 5596/9354 5600/9355
f 5609/9356 5603/9357 5595/9358 5608/9359
f 5611/9360 5607/9361 5632/9362 5634/9363
f 5594/9364 5598/9365 5609/9366 5606/9367
f 5598/9365 5590/9368 5603/9357 5609/9366
f 5597/9369 5610/9370 5607/9371 5593/9372
f 5589/9373 5602/9374 5610/9370 5597/9369
f 5602/9374 5594/9364 5606/9367 5610/9370
f 5601/9375 5611/9352 5600/9355 5591/9376
f 5593/9372 5607/9371 5611/9352 5601/9375
f 5605/9353 5612/9348 5604/9351 5596/9354
f 5608/9359 5595/9358 5599/9349 5612/9348
f 5591/9376 5600/9355 5615/9377 5613/9378
f 5604/9351 5592/9350 5614/9379 5616/9380
f 5610/9381 5606/9382 5629/9383 5633/9384
f 5616/9385 5621/9386 5638/9387 5636/9388
f 5616/9380 5614/9379 5618/9389 5621/9390
f 5612/9391 5605/9392 5631/9393 5635/9394
f 5613/9378 5615/9377 5620/9395 5617/9396
f 5617/9396 5620/9395 5625/9397 5622/9398
f 5621/9390 5618/9389 5623/9399 5626/9400
f 5619/9401 5621/9390 5626/9400 5624/9402
f 5620/9395 5619/9401 5624/9402 5625/9397
f 5620/9403 5615/9404 5637/9405 5640/9406
f 5621/9407 5619/9408 5639/9409 5638/9410
f 5607/9361 5610/9411 5633/9412 5632/9362
f 5596/9413 5604/9414 5627/9415 5628/9416
f 5600/9417 5596/9413 5628/9416 5630/9418
f 5625/9419 5624/9420 5658/9421 5659/9422
f 5601/9423 5591/9424 5643/9425 5650/9426
f 5626/9427 5623/9428 5657/9429 5660/9430
f 5592/9431 5599/9432 5649/9433 5644/9434
f 5602/9435 5589/9436 5641/9437 5651/9438
f 5614/9439 5592/9431 5644/9434 5654/9440
f 5617/9441 5622/9442 5656/9443 5655/9444
f 5603/9445 5590/9446 5642/9447 5652/9448
f 5593/9449 5601/9423 5650/9426 5645/9450
f 5597/9451 5593/9449 5645/9450 5648/9452
f 5594/9453 5602/9435 5651/9438 5646/9454
f 5613/9455 5617/9441 5655/9444 5653/9456
f 5595/9457 5603/9445 5652/9448 5647/9458
f 5622/9459 5625/9419 5659/9422 5656/9460
f 5591/9424 5613/9455 5653/9456 5643/9425
f 5624/9420 5626/9427 5660/9430 5658/9421
f 5589/9461 5597/9451 5648/9452 5641/9462
f 5634/9463 5650/9464 5643/9465 5630/9466
f 5635/9467 5631/9468 5628/9469 5627/9470
f 5633/9471 5648/9472 5645/9473 5632/9474
f 5635/9475 5662/9476 5608/9477 5612/9478
f 5646/9479 5651/9480 5633/9481 5629/9482
f 5651/9480 5641/9483 5648/9472 5633/9481
f 5652/9484 5663/9485 5662/9486 5647/9487
f 5642/9488 5661/9489 5663/9485 5652/9484
f 5661/9489 5646/9479 5629/9482 5663/9485
f 5649/9490 5635/9467 5627/9470 5644/9491
f 5647/9487 5662/9486 5635/9467 5649/9490
f 5631/9468 5634/9463 5630/9466 5628/9469
f 5630/9492 5637/9405 5615/9404 5600/9493
f 5632/9474 5645/9473 5650/9464 5634/9463
f 5644/9491 5627/9470 5636/9494 5654/9495
f 5630/9466 5643/9465 5653/9496 5637/9497
f 5663/9498 5629/9383 5606/9382 5609/9499
f 5637/9497 5653/9496 5655/9500 5640/9501
f 5634/9502 5631/9393 5605/9392 5611/9503
f 5636/9388 5627/9504 5604/9505 5616/9385
f 5654/9495 5636/9494 5638/9506 5664/9507
f 5664/9507 5638/9506 5660/9508 5657/9509
f 5640/9501 5655/9500 5656/9510 5659/9511
f 5639/9512 5640/9501 5659/9511 5658/9513
f 5638/9506 5639/9512 5658/9513 5660/9508
f 5640/9514 5639/9409 5619/9408 5620/9515
f 5662/9476 5663/9516 5609/9517 5608/9477
f 5661/9518 5642/9519 5590/9520 5598/9521
f 5664/9522 5657/9523 5623/9524 5618/9525
f 5647/9458 5649/9433 5599/9432 5595/9457
f 5646/9454 5661/9518 5598/9521 5594/9453
f 5654/9440 5664/9522 5618/9525 5614/9439
f 5688/9526 5675/9527 5668/9528 5680/9529
f 5687/9530 5681/9531 5672/9532 5676/9533
f 5685/9534 5679/9535 5671/9536 5684/9537
f 5687/9538 5683/9539 5708/9540 5710/9541
f 5670/9542 5674/9543 5685/9544 5682/9545
f 5674/9543 5666/9546 5679/9535 5685/9544
f 5673/9547 5686/9548 5683/9549 5669/9550
f 5665/9551 5678/9552 5686/9548 5673/9547
f 5678/9552 5670/9542 5682/9545 5686/9548
f 5677/9553 5687/9530 5676/9533 5667/9554
f 5669/9550 5683/9549 5687/9530 5677/9553
f 5681/9531 5688/9526 5680/9529 5672/9532
f 5684/9537 5671/9536 5675/9527 5688/9526
f 5667/9554 5676/9533 5691/9555 5689/9556
f 5680/9529 5668/9528 5690/9557 5692/9558
f 5686/9559 5682/9560 5705/9561 5709/9562
f 5692/9563 5697/9564 5714/9565 5712/9566
f 5692/9558 5690/9557 5694/9567 5697/9568
f 5688/9569 5681/9570 5707/9571 5711/9572
f 5689/9556 5691/9555 5696/9573 5693/9574
f 5693/9574 5696/9573 5701/9575 5698/9576
f 5697/9568 5694/9567 5699/9577 5702/9578
f 5695/9579 5697/9568 5702/9578 5700/9580
f 5696/9573 5695/9579 5700/9580 5701/9575
f 5696/9581 5691/9582 5713/9583 5716/9584
f 5697/9585 5695/9586 5715/9587 5714/9588
f 5683/9539 5686/9589 5709/9590 5708/9540
f 5672/9591 5680/9592 5703/9593 5704/9594
f 5676/9595 5672/9591 5704/9594 5706/9596
f 5701/9597 5700/9598 5734/9599 5735/9600
f 5677/9601 5667/9602 5719/9603 5726/9604
f 5702/9605 5699/9606 5733/9607 5736/9608
f 5668/9609 5675/9610 5725/9611 5720/9612
f 5678/9613 5665/9614 5717/9615 5727/9616
f 5690/9617 5668/9609 5720/9612 5730/9618
f 5693/9619 5698/9620 5732/9621 5731/9622
f 5679/9623 5666/9624 5718/9625 5728/9626
f 5669/9627 5677/9601 5726/9604 5721/9628
f 5673/9629 5669/9627 5721/9628 5724/9630
f 5670/9631 5678/9613 5727/9616 5722/9632
f 5689/9633 5693/9619 5731/9622 5729/9634
f 5671/9635 5679/9623 5728/9626 5723/9636
f 5698/9637 5701/9597 5735/9600 5732/9638
f 5667/9602 5689/9633 5729/9634 5719/9603
f 5700/9598 5702/9605 5736/9608 5734/9599
f 5665/9639 5673/9629 5724/9630 5717/9640
f 5710/9641 5726/9642 5719/9643 5706/9644
f 5711/9645 5707/9646 5704/9647 5703/9648
f 5709/9649 5724/9650 5721/9651 5708/9652
f 5711/9653 5738/9654 5684/9655 5688/9656
f 5722/9657 5727/9658 5709/9659 5705/9660
f 5727/9658 5717/9661 5724/9650 5709/9659
f 5728/9662 5739/9663 5738/9664 5723/9665
f 5718/9666 5737/9667 5739/9663 5728/9662
f 5737/9667 5722/9657 5705/9660 5739/9663
f 5725/9668 5711/9645 5703/9648 5720/9669
f 5723/9665 5738/9664 5711/9645 5725/9668
f 5707/9646 5710/9641 5706/9644 5704/9647
f 5706/9670 5713/9583 5691/9582 5676/9671
f 5708/9652 5721/9651 5726/9642 5710/9641
f 5720/9669 5703/9648 5712/9672 5730/9673
f 5706/9644 5719/9643 5729/9674 5713/9675
f 5739/9676 5705/9561 5682/9560 5685/9677
f 5713/9675 5729/9674 5731/9678 5716/9679
f 5710/9680 5707/9571 5681/9570 5687/9681
f 5712/9566 5703/9682 5680/9683 5692/9563
f 5730/9673 5712/9672 5714/9684 5740/9685
f 5740/9685 5714/9684 5736/9686 5733/9687
f 5716/9679 5731/9678 5732/9688 5735/9689
f 5715/9690 5716/9679 5735/9689 5734/9691
f 5714/9684 5715/9690 5734/9691 5736/9686
f 5716/9692 5715/9587 5695/9586 5696/9693
f 5738/9654 5739/9694 5685/9695 5684/9655
f 5737/9696 5718/9697 5666/9698 5674/9699
f 5740/9700 5733/9701 5699/9702 5694/9703
f 5723/9636 5725/9611 5675/9610 5671/9635
f 5722/9632 5737/9696 5674/9699 5670/9631
f 5730/9618 5740/9700 5694/9703 5690/9617
f 5764/9704 5751/9705 5744/9706 5756/9707
f 5763/9708 5757/9709 5748/9710 5752/9711
f 5761/9712 5755/9713 5747/9714 5760/9715
f 5763/9716 5759/9717 5784/9718 5786/9719
f 5746/9720 5750/9721 5761/9722 5758/9723
f 5750/9721 5742/9724 5755/9713 5761/9722
f 5749/9725 5762/9726 5759/9727 5745/9728
f 5741/9729 5754/9730 5762/9726 5749/9725
f 5754/9730 5746/9720 5758/9723 5762/9726
f 5753/9731 5763/9708 5752/9711 5743/9732
f 5745/9728 5759/9727 5763/9708 5753/9731
f 5757/9709 5764/9704 5756/9707 5748/9710
f 5760/9715 5747/9714 5751/9705 5764/9704
f 5743/9732 5752/9711 5767/9733 5765/9734
f 5756/9707 5744/9706 5766/9735 5768/9736
f 5762/9737 5758/9738 5781/9739 5785/9740
f 5768/9741 5773/9742 5790/9743 5788/9744
f 5768/9736 5766/9735 5770/9745 5773/9746
f 5764/9747 5757/9748 5783/9749 5787/9750
f 5765/9734 5767/9733 5772/9751 5769/9752
f 5769/9752 5772/9751 5777/9753 5774/9754
f 5773/9746 5770/9745 5775/9755 5778/9756
f 5771/9757 5773/9746 5778/9756 5776/9758
f 5772/9751 5771/9757 5776/9758 5777/9753
f 5772/9759 5767/9760 5789/9761 5792/9762
f 5773/9763 5771/9764 5791/9765 5790/9766
f 5759/9717 5762/9767 5785/9768 5784/9718
f 5748/9769 5756/9770 5779/9771 5780/9772
f 5752/9773 5748/9769 5780/9772 5782/9774
f 5777/9775 5776/9776 5810/9777 5811/9778
f 5753/9779 5743/9780 5795/9781 5802/9782
f 5778/9783 5775/9784 5809/9785 5812/9786
f 5744/9787 5751/9788 5801/9789 5796/9790
f 5754/9791 5741/9792 5793/9793 5803/9794
f 5766/9795 5744/9787 5796/9790 5806/9796
f 5769/9797 5774/9798 5808/9799 5807/9800
f 5755/9801 5742/9802 5794/9803 5804/9804
f 5745/9805 5753/9779 5802/9782 5797/9806
f 5749/9807 5745/9805 5797/9806 5800/9808
f 5746/9809 5754/9791 5803/9794 5798/9810
f 5765/9811 5769/9797 5807/9800 5805/9812
f 5747/9813 5755/9801 5804/9804 5799/9814
f 5774/9815 5777/9775 5811/9778 5808/9816
f 5743/9780 5765/9811 5805/9812 5795/9781
f 5776/9776 5778/9783 5812/9786 5810/9777
f 5741/9817 5749/9807 5800/9808 5793/9818
f 5786/9819 5802/9820 5795/9821 5782/9822
f 5787/9823 5783/9824 5780/9825 5779/9826
f 5785/9827 5800/9828 5797/9829 5784/9830
f 5787/9831 5814/9832 5760/9833 5764/9834
f 5798/9835 5803/9836 5785/9837 5781/9838
f 5803/9836 5793/9839 5800/9828 5785/9837
f 5804/9840 5815/9841 5814/9842 5799/9843
f 5794/9844 5813/9845 5815/9841 5804/9840
f 5813/9845 5798/9835 5781/9838 5815/9841
f 5801/9846 5787/9823 5779/9826 5796/9847
f 5799/9843 5814/9842 5787/9823 5801/9846
f 5783/9824 5786/9819 5782/9822 5780/9825
f 5782/9848 5789/9761 5767/9760 5752/9849
f 5784/9830 5797/9829 5802/9820 5786/9819
f 5796/9847 5779/9826 5788/9850 5806/9851
f 5782/9822 5795/9821 5805/9852 5789/9853
f 5815/9854 5781/9739 5758/9738 5761/9855
f 5789/9853 5805/9852 5807/9856 5792/9857
f 5786/9858 5783/9749 5757/9748 5763/9859
f 5788/9744 5779/9860 5756/9861 5768/9741
f 5806/9851 5788/9850 5790/9862 5816/9863
f 5816/9863 5790/9862 5812/9864 5809/9865
f 5792/9857 5807/9856 5808/9866 5811/9867
f 5791/9868 5792/9857 5811/9867 5810/9869
f 5790/9862 5791/9868 5810/9869 5812/9864
f 5792/9870 5791/9765 5771/9764 5772/9871
f 5814/9832 5815/9872 5761/9873 5760/9833
f 5813/9874 5794/9875 5742/9876 5750/9877
f 5816/9878 5809/9879 5775/9880 5770/9881
f 5799/9814 5801/9789 5751/9788 5747/9813
f 5798/9810 5813/9874 5750/9877 5746/9809
f 5806/9796 5816/9878 5770/9881 5766/9795
f 5840/9882 5827/9883 5820/9884 5832/9885
f 5839/9886 5833/9887 5824/9888 5828/9889
f 5837/9890 5831/9891 5823/9892 5836/9893
f 5839/9894 5835/9895 5860/9896 5862/9897
f 5822/9898 5826/9899 5837/9900 5834/9901
f 5826/9899 5818/9902 5831/9891 5837/9900
f 5825/9903 5838/9904 5835/9905 5821/9906
f 5817/9907 5830/9908 5838/9904 5825/9903
f 5830/9908 5822/9898 5834/9901 5838/9904
f 5829/9909 5839/9886 5828/9889 5819/9910
f 5821/9906 5835/9905 5839/9886 5829/9909
f 5833/9887 5840/9882 5832/9885 5824/9888
f 5836/9893 5823/9892 5827/9883 5840/9882
f 5819/9910 5828/9889 5843/9911 5841/9912
f 5832/9885 5820/9884 5842/9913 5844/9914
f 5838/9915 5834/9916 5857/9917 5861/9918
f 5844/9919 5849/9920 5866/9921 5864/9922
f 5844/9914 5842/9913 5846/9923 5849/9924
f 5840/9925 5833/9926 5859/9927 5863/9928
f 5841/9912 5843/9911 5848/9929 5845/9930
f 5845/9930 5848/9929 5853/9931 5850/9932
f 5849/9924 5846/9923 5851/9933 5854/9934
f 5847/9935 5849/9924 5854/9934 5852/9936
f 5848/9929 5847/9935 5852/9936 5853/9931
f 5848/9937 5843/9938 5865/9939 5868/9940
f 5849/9941 5847/9942 5867/9943 5866/9944
f 5835/9895 5838/9945 5861/9946 5860/9896
f 5824/9947 5832/9948 5855/9949 5856/9950
f 5828/9951 5824/9947 5856/9950 5858/9952
f 5853/9953 5852/9954 5886/9955 5887/9956
f 5829/9957 5819/9958 5871/9959 5878/9960
f 5854/9961 5851/9962 5885/9963 5888/9964
f 5820/9965 5827/9966 5877/9967 5872/9968
f 5830/9969 5817/9970 5869/9971 5879/9972
f 5842/9973 5820/9965 5872/9968 5882/9974
f 5845/9975 5850/9976 5884/9977 5883/9978
f 5831/9979 5818/9980 5870/9981 5880/9982
f 5821/9983 5829/9957 5878/9960 5873/9984
f 5825/9985 5821/9983 5873/9984 5876/9986
f 5822/9987 5830/9969 5879/9972 5874/9988
f 5841/9989 5845/9975 5883/9978 5881/9990
f 5823/9991 5831/9979 5880/9982 5875/9992
f 5850/9993 5853/9953 5887/9956 5884/9994
f 5819/9958 5841/9989 5881/9990 5871/9959
f 5852/9954 5854/9961 5888/9964 5886/9955
f 5817/9995 5825/9985 5876/9986 5869/9996
f 5862/9997 5878/9998 5871/9999 5858/10000
f 5863/10001 5859/10002 5856/10003 5855/10004
f 5861/10005 5876/10006 5873/10007 5860/10008
f 5863/10009 5890/10010 5836/10011 5840/10012
f 5874/10013 5879/10014 5861/10015 5857/10016
f 5879/10014 5869/10017 5876/10006 5861/10015
f 5880/10018 5891/10019 5890/10020 5875/10021
f 5870/10022 5889/10023 5891/10019 5880/10018
f 5889/10023 5874/10013 5857/10016 5891/10019
f 5877/10024 5863/10001 5855/10004 5872/10025
f 5875/10021 5890/10020 5863/10001 5877/10024
f 5859/10002 5862/9997 5858/10000 5856/10003
f 5858/10026 5865/9939 5843/9938 5828/10027
f 5860/10008 5873/10007 5878/9998 5862/9997
f 5872/10025 5855/10004 5864/10028 5882/10029
f 5858/10000 5871/9999 5881/10030 5865/10031
f 5891/10032 5857/9917 5834/9916 5837/10033
f 5865/10031 5881/10030 5883/10034 5868/10035
f 5862/10036 5859/9927 5833/9926 5839/10037
f 5864/9922 5855/10038 5832/10039 5844/9919
f 5882/10029 5864/10028 5866/10040 5892/10041
f 5892/10041 5866/10040 5888/10042 5885/10043
f 5868/10035 5883/10034 5884/10044 5887/10045
f 5867/10046 5868/10035 5887/10045 5886/10047
f 5866/10040 5867/10046 5886/10047 5888/10042
f 5868/10048 5867/9943 5847/9942 5848/10049
f 5890/10010 5891/10050 5837/10051 5836/10011
f 5889/10052 5870/10053 5818/10054 5826/10055
f 5892/10056 5885/10057 5851/10058 5846/10059
f 5875/9992 5877/9967 5827/9966 5823/9991
f 5874/9988 5889/10052 5826/10055 5822/9987
f 5882/9974 5892/10056 5846/10059 5842/9973
f 5916/10060 5903/10061 5896/10062 5908/10063
f 5915/10064 5909/10065 5900/10066 5904/10067
f 5913/10068 5907/10069 5899/10070 5912/10071
f 5915/10072 5911/10073 5936/10074 5938/10075
f 5898/10076 5902/10077 5913/10078 5910/10079
f 5902/10077 5894/10080 5907/10069 5913/10078
f 5901/10081 5914/10082 5911/10083 5897/10084
f 5893/10085 5906/10086 5914/10082 5901/10081
f 5906/10086 5898/10076 5910/10079 5914/10082
f 5905/10087 5915/10064 5904/10067 5895/10088
f 5897/10084 5911/10083 5915/10064 5905/10087
f 5909/10065 5916/10060 5908/10063 5900/10066
f 5912/10071 5899/10070 5903/10061 5916/10060
f 5895/10088 5904/10067 5919/10089 5917/10090
f 5908/10063 5896/10062 5918/10091 5920/10092
f 5914/10093 5910/10094 5933/10095 5937/10096
f 5920/10097 5925/10098 5942/10099 5940/10100
f 5920/10092 5918/10091 5922/10101 5925/10102
f 5916/10103 5909/10104 5935/10105 5939/10106
f 5917/10090 5919/10089 5924/10107 5921/10108
f 5921/10108 5924/10107 5929/10109 5926/10110
f 5925/10102 5922/10101 5927/10111 5930/10112
f 5923/10113 5925/10102 5930/10112 5928/10114
f 5924/10107 5923/10113 5928/10114 5929/10109
f 5924/10115 5919/10116 5941/10117 5944/10118
f 5925/10119 5923/10120 5943/10121 5942/10122
f 5911/10073 5914/10123 5937/10124 5936/10074
f 5900/10125 5908/10126 5931/10127 5932/10128
f 5904/10129 5900/10125 5932/10128 5934/10130
f 5929/10131 5928/10132 5962/10133 5963/10134
f 5905/10135 5895/10136 5947/10137 5954/10138
f 5930/10139 5927/10140 5961/10141 5964/10142
f 5896/10143 5903/10144 5953/10145 5948/10146
f 5906/10147 5893/10148 5945/10149 5955/10150
f 5918/10151 5896/10143 5948/10146 5958/10152
f 5921/10153 5926/10154 5960/10155 5959/10156
f 5907/10157 5894/10158 5946/10159 5956/10160
f 5897/10161 5905/10135 5954/10138 5949/10162
f 5901/10163 5897/10161 5949/10162 5952/10164
f 5898/10165 5906/10147 5955/10150 5950/10166
f 5917/10167 5921/10153 5959/10156 5957/10168
f 5899/10169 5907/10157 5956/10160 5951/10170
f 5926/10171 5929/10131 5963/10134 5960/10172
f 5895/10136 5917/10167 5957/10168 5947/10137
f 5928/10132 5930/10139 5964/10142 5962/10133
f 5893/10173 5901/10163 5952/10164 5945/10174
f 5938/10175 5954/10176 5947/10177 5934/10178
f 5939/10179 5935/10180 5932/10181 5931/10182
f 5937/10183 5952/10184 5949/10185 5936/10186
f 5939/10187 5966/10188 5912/10189 5916/10190
f 5950/10191 5955/10192 5937/10193 5933/10194
f 5955/10192 5945/10195 5952/10184 5937/10193
f 5956/10196 5967/10197 5966/10198 5951/10199
f 5946/10200 5965/10201 5967/10197 5956/10196
f 5965/10201 5950/10191 5933/10194 5967/10197
f 5953/10202 5939/10179 5931/10182 5948/10203
f 5951/10199 5966/10198 5939/10179 5953/10202
f 5935/10180 5938/10175 5934/10178 5932/10181
f 5934/10204 5941/10117 5919/10116 5904/10205
f 5936/10186 5949/10185 5954/10176 5938/10175
f 5948/10203 5931/10182 5940/10206 5958/10207
f 5934/10178 5947/10177 5957/10208 5941/10209
f 5967/10210 5933/10095 5910/10094 5913/10211
f 5941/10209 5957/10208 5959/10212 5944/10213
f 5938/10214 5935/10105 5909/10104 5915/10215
f 5940/10100 5931/10216 5908/10217 5920/10097
f 5958/10207 5940/10206 5942/10218 5968/10219
f 5968/10219 5942/10218 5964/10220 5961/10221
f 5944/10213 5959/10212 5960/10222 5963/10223
f 5943/10224 5944/10213 5963/10223 5962/10225
f 5942/10218 5943/10224 5962/10225 5964/10220
f 5944/10226 5943/10121 5923/10120 5924/10227
f 5966/10188 5967/10228 5913/10229 5912/10189
f 5965/10230 5946/10231 5894/10232 5902/10233
f 5968/10234 5961/10235 5927/10236 5922/10237
f 5951/10170 5953/10145 5903/10144 5899/10169
f 5950/10166 5965/10230 5902/10233 5898/10165
f 5958/10152 5968/10234 5922/10237 5918/10151
f 5992/10238 5979/10239 5972/10240 5984/10241
f 5991/10242 5985/10243 5976/10244 5980/10245
f 5989/10246 5983/10247 5975/10248 5988/10249
f 5991/10250 5987/10251 6012/10252 6014/10253
f 5974/10254 5978/10255 5989/10256 5986/10257
f 5978/10255 5970/10258 5983/10247 5989/10256
f 5977/10259 5990/10260 5987/10261 5973/10262
f 5969/10263 5982/10264 5990/10260 5977/10259
f 5982/10264 5974/10254 5986/10257 5990/10260
f 5981/10265 5991/10242 5980/10245 5971/10266
f 5973/10262 5987/10261 5991/10242 5981/10265
f 5985/10243 5992/10238 5984/10241 5976/10244
f 5988/10249 5975/10248 5979/10239 5992/10238
f 5971/10266 5980/10245 5995/10267 5993/10268
f 5984/10241 5972/10240 5994/10269 5996/10270
f 5990/10271 5986/10272 6009/10273 6013/10274
f 5996/10275 6001/10276 6018/10277 6016/10278
f 5996/10270 5994/10269 5998/10279 6001/10280
f 5992/10281 5985/10282 6011/10283 6015/10284
f 5993/10268 5995/10267 6000/10285 5997/10286
f 5997/10286 6000/10285 6005/10287 6002/10288
f 6001/10280 5998/10279 6003/10289 6006/10290
f 5999/10291 6001/10280 6006/10290 6004/10292
f 6000/10285 5999/10291 6004/10292 6005/10287
f 6000/10293 5995/10294 6017/10295 6020/10296
f 6001/10297 5999/10298 6019/10299 6018/10300
f 5987/10251 5990/10301 6013/10302 6012/10252
f 5976/10303 5984/10304 6007/10305 6008/10306
f 5980/10307 5976/10303 6008/10306 6010/10308
f 6005/10309 6004/10310 6038/10311 6039/10312
f 5981/10313 5971/10314 6023/10315 6030/10316
f 6006/10317 6003/10318 6037/10319 6040/10320
f 5972/10321 5979/10322 6029/10323 6024/10324
f 5982/10325 5969/10326 6021/10327 6031/10328
f 5994/10329 5972/10321 6024/10324 6034/10330
f 5997/10331 6002/10332 6036/10333 6035/10334
f 5983/10335 5970/10336 6022/10337 6032/10338
f 5973/10339 5981/10313 6030/10316 6025/10340
f 5977/10341 5973/10339 6025/10340 6028/10342
f 5974/10343 5982/10325 6031/10328 6026/10344
f 5993/10345 5997/10331 6035/10334 6033/10346
f 5975/10347 5983/10335 6032/10338 6027/10348
f 6002/10349 6005/10309 6039/10312 6036/10350
f 5971/10314 5993/10345 6033/10346 6023/10315
f 6004/10310 6006/10317 6040/10320 6038/10311
f 5969/10351 5977/10341 6028/10342 6021/10352
f 6014/10353 6030/10354 6023/10355 6010/10356
f 6015/10357 6011/10358 6008/10359 6007/10360
f 6013/10361 6028/10362 6025/10363 6012/10364
f 6015/10365 6042/10366 5988/10367 5992/10368
f 6026/10369 6031/10370 6013/10371 6009/10372
f 6031/10370 6021/10373 6028/10362 6013/10371
f 6032/10374 6043/10375 6042/10376 6027/10377
f 6022/10378 6041/10379 6043/10375 6032/10374
f 6041/10379 6026/10369 6009/10372 6043/10375
f 6029/10380 6015/10357 6007/10360 6024/10381
f 6027/10377 6042/10376 6015/10357 6029/10380
f 6011/10358 6014/10353 6010/10356 6008/10359
f 6010/10382 6017/10295 5995/10294 5980/10383
f 6012/10364 6025/10363 6030/10354 6014/10353
f 6024/10381 6007/10360 6016/10384 6034/10385
f 6010/10356 6023/10355 6033/10386 6017/10387
f 6043/10388 6009/10273 5986/10272 5989/10389
f 6017/10387 6033/10386 6035/10390 6020/10391
f 6014/10392 6011/10283 5985/10282 5991/10393
f 6016/10278 6007/10394 5984/10395 5996/10275
f 6034/10385 6016/10384 6018/10396 6044/10397
f 6044/10397 6018/10396 6040/10398 6037/10399
f 6020/10391 6035/10390 6036/10400 6039/10401
f 6019/10402 6020/10391 6039/10401 6038/10403
f 6018/10396 6019/10402 6038/10403 6040/10398
f 6020/10404 6019/10299 5999/10298 6000/10405
f 6042/10366 6043/10406 5989/10407 5988/10367
f 6041/10408 6022/10409 5970/10410 5978/10411
f 6044/10412 6037/10413 6003/10414 5998/10415
f 6027/10348 6029/10323 5979/10322 5975/10347
f 6026/10344 6041/10408 5978/10411 5974/10343
f 6034/10330 6044/10412 5998/10415 5994/10329
f 6068/10416 6055/10417 6048/10418 6060/10419
f 6067/10420 6061/10421 6052/10422 6056/10423
f 6065/10424 6059/10425 6051/10426 6064/10427
f 6067/10428 6063/10429 6088/10430 6090/10431
f 6050/10432 6054/10433 6065/10434 6062/10435
f 6054/10433 6046/10436 6059/10425 6065/10434
f 6053/10437 6066/10438 6063/10439 6049/10440
f 6045/10441 6058/10442 6066/10438 6053/10437
f 6058/10442 6050/10432 6062/10435 6066/10438
f 6057/10443 6067/10420 6056/10423 6047/10444
f 6049/10440 6063/10439 6067/10420 6057/10443
f 6061/10421 6068/10416 6060/10419 6052/10422
f 6064/10427 6051/10426 6055/10417 6068/10416
f 6047/10444 6056/10423 6071/10445 6069/10446
f 6060/10419 6048/10418 6070/10447 6072/10448
f 6066/10449 6062/10450 6085/10451 6089/10452
f 6072/10453 6077/10454 6094/10455 6092/10456
f 6072/10448 6070/10447 6074/10457 6077/10458
f 6068/10459 6061/10460 6087/10461 6091/10462
f 6069/10446 6071/10445 6076/10463 6073/10464
f 6073/10464 6076/10463 6081/10465 6078/10466
f 6077/10458 6074/10457 6079/10467 6082/10468
f 6075/10469 6077/10458 6082/10468 6080/10470
f 6076/10463 6075/10469 6080/10470 6081/10465
f 6076/10471 6071/10472 6093/10473 6096/10474
f 6077/10475 6075/10476 6095/10477 6094/10478
f 6063/10429 6066/10479 6089/10480 6088/10430
f 6052/10481 6060/10482 6083/10483 6084/10484
f 6056/10485 6052/10481 6084/10484 6086/10486
f 6081/10487 6080/10488 6114/10489 6115/10490
f 6057/10491 6047/10492 6099/10493 6106/10494
f 6082/10495 6079/10496 6113/10497 6116/10498
f 6048/10499 6055/10500 6105/10501 6100/10502
f 6058/10503 6045/10504 6097/10505 6107/10506
f 6070/10507 6048/10499 6100/10502 6110/10508
f 6073/10509 6078/10510 6112/10511 6111/10512
f 6059/10513 6046/10514 6098/10515 6108/10516
f 6049/10517 6057/10491 6106/10494 6101/10518
f 6053/10519 6049/10517 6101/10518 6104/10520
f 6050/10521 6058/10503 6107/10506 6102/10522
f 6069/10523 6073/10509 6111/10512 6109/10524
f 6051/10525 6059/10513 6108/10516 6103/10526
f 6078/10527 6081/10487 6115/10490 6112/10528
f 6047/10492 6069/10523 6109/10524 6099/10493
f 6080/10488 6082/10495 6116/10498 6114/10489
f 6045/10529 6053/10519 6104/10520 6097/10530
f 6090/10531 6106/10532 6099/10533 6086/10534
f 6091/10535 6087/10536 6084/10537 6083/10538
f 6089/10539 6104/10540 6101/10541 6088/10542
f 6091/10543 6118/10544 6064/10545 6068/10546
f 6102/10547 6107/10548 6089/10549 6085/10550
f 6107/10548 6097/10551 6104/10540 6089/10549
f 6108/10552 6119/10553 6118/10554 6103/10555
f 6098/10556 6117/10557 6119/10553 6108/10552
f 6117/10557 6102/10547 6085/10550 6119/10553
f 6105/10558 6091/10535 6083/10538 6100/10559
f 6103/10555 6118/10554 6091/10535 6105/10558
f 6087/10536 6090/10531 6086/10534 6084/10537
f 6086/10560 6093/10473 6071/10472 6056/10561
f 6088/10542 6101/10541 6106/10532 6090/10531
f 6100/10559 6083/10538 6092/10562 6110/10563
f 6086/10534 6099/10533 6109/10564 6093/10565
f 6119/10566 6085/10451 6062/10450 6065/10567
f 6093/10565 6109/10564 6111/10568 6096/10569
f 6090/10570 6087/10461 6061/10460 6067/10571
f 6092/10456 6083/10572 6060/10573 6072/10453
f 6110/10563 6092/10562 6094/10574 6120/10575
f 6120/10575 6094/10574 6116/10576 6113/10577
f 6096/10569 6111/10568 6112/10578 6115/10579
f 6095/10580 6096/10569 6115/10579 6114/10581
f 6094/10574 6095/10580 6114/10581 6116/10576
f 6096/10582 6095/10477 6075/10476 6076/10583
f 6118/10544 6119/10584 6065/10585 6064/10545
f 6117/10586 6098/10587 6046/10588 6054/10589
f 6120/10590 6113/10591 6079/10592 6074/10593
f 6103/10526 6105/10501 6055/10500 6051/10525
f 6102/10522 6117/10586 6054/10589 6050/10521
f 6110/10508 6120/10590 6074/10593 6070/10507
f 6144/10594 6131/10595 6124/10596 6136/10597
f 6143/10598 6137/10599 6128/10600 6132/10601
f 6141/10602 6135/10603 6127/10604 6140/10605
f 6143/10606 6139/10607 6164/10608 6166/10609
f 6126/10610 6130/10611 6141/10612 6138/10613
f 6130/10611 6122/10614 6135/10603 6141/10612
f 6129/10615 6142/10616 6139/10617 6125/10618
f 6121/10619 6134/10620 6142/10616 6129/10615
f 6134/10620 6126/10610 6138/10613 6142/10616
f 6133/10621 6143/10598 6132/10601 6123/10622
f 6125/10618 6139/10617 6143/10598 6133/10621
f 6137/10599 6144/10594 6136/10597 6128/10600
f 6140/10605 6127/10604 6131/10595 6144/10594
f 6123/10622 6132/10601 6147/10623 6145/10624
f 6136/10597 6124/10596 6146/10625 6148/10626
f 6142/10627 6138/10628 6161/10629 6165/10630
f 6148/10631 6153/10632 6170/10633 6168/10634
f 6148/10626 6146/10625 6150/10635 6153/10636
f 6144/10637 6137/10638 6163/10639 6167/10640
f 6145/10624 6147/10623 6152/10641 6149/10642
f 6149/10642 6152/10641 6157/10643 6154/10644
f 6153/10636 6150/10635 6155/10645 6158/10646
f 6151/10647 6153/10636 6158/10646 6156/10648
f 6152/10641 6151/10647 6156/10648 6157/10643
f 6152/10649 6147/10650 6169/10651 6172/10652
f 6153/10653 6151/10654 6171/10655 6170/10656
f 6139/10607 6142/10657 6165/10658 6164/10608
f 6128/10659 6136/10660 6159/10661 6160/10662
f 6132/10663 6128/10659 6160/10662 6162/10664
f 6157/10665 6156/10666 6190/10667 6191/10668
f 6133/10669 6123/10670 6175/10671 6182/10672
f 6158/10673 6155/10674 6189/10675 6192/10676
f 6124/10677 6131/10678 6181/10679 6176/10680
f 6134/10681 6121/10682 6173/10683 6183/10684
f 6146/10685 6124/10677 6176/10680 6186/10686
f 6149/10687 6154/10688 6188/10689 6187/10690
f 6135/10691 6122/10692 6174/10693 6184/10694
f 6125/10695 6133/10669 6182/10672 6177/10696
f 6129/10697 6125/10695 6177/10696 6180/10698
f 6126/10699 6134/10681 6183/10684 6178/10700
f 6145/10701 6149/10687 6187/10690 6185/10702
f 6127/10703 6135/10691 6184/10694 6179/10704
f 6154/10705 6157/10665 6191/10668 6188/10706
f 6123/10670 6145/10701 6185/10702 6175/10671
f 6156/10666 6158/10673 6192/10676 6190/10667
f 6121/10707 6129/10697 6180/10698 6173/10708
f 6166/10709 6182/10710 6175/10711 6162/10712
f 6167/10713 6163/10714 6160/10715 6159/10716
f 6165/10717 6180/10718 6177/10719 6164/10720
f 6167/10721 6194/10722 6140/10723 6144/10724
f 6178/10725 6183/10726 6165/10727 6161/10728
f 6183/10726 6173/10729 6180/10718 6165/10727
f 6184/10730 6195/10731 6194/10732 6179/10733
f 6174/10734 6193/10735 6195/10731 6184/10730
f 6193/10735 6178/10725 6161/10728 6195/10731
f 6181/10736 6167/10713 6159/10716 6176/10737
f 6179/10733 6194/10732 6167/10713 6181/10736
f 6163/10714 6166/10709 6162/10712 6160/10715
f 6162/10738 6169/10651 6147/10650 6132/10739
f 6164/10720 6177/10719 6182/10710 6166/10709
f 6176/10737 6159/10716 6168/10740 6186/10741
f 6162/10712 6175/10711 6185/10742 6169/10743
f 6195/10744 6161/10629 6138/10628 6141/10745
f 6169/10743 6185/10742 6187/10746 6172/10747
f 6166/10748 6163/10639 6137/10638 6143/10749
f 6168/10634 6159/10750 6136/10751 6148/10631
f 6186/10741 6168/10740 6170/10752 6196/10753
f 6196/10753 6170/10752 6192/10754 6189/10755
f 6172/10747 6187/10746 6188/10756 6191/10757
f 6171/10758 6172/10747 6191/10757 6190/10759
f 6170/10752 6171/10758 6190/10759 6192/10754
f 6172/10760 6171/10655 6151/10654 6152/10761
f 6194/10722 6195/10762 6141/10763 6140/10723
f 6193/10764 6174/10765 6122/10766 6130/10767
f 6196/10768 6189/10769 6155/10770 6150/10771
f 6179/10704 6181/10679 6131/10678 6127/10703
f 6178/10700 6193/10764 6130/10767 6126/10699
f 6186/10686 6196/10768 6150/10771 6146/10685
f 6220/10772 6207/10773 6200/10774 6212/10775
f 6219/10776 6213/10777 6204/10778 6208/10779
f 6217/10780 6211/10781 6203/10782 6216/10783
f 6219/10784 6215/10785 6240/10786 6242/10787
f 6202/10788 6206/10789 6217/10790 6214/10791
f 6206/10789 6198/10792 6211/10781 6217/10790
f 6205/10793 6218/10794 6215/10795 6201/10796
f 6197/10797 6210/10798 6218/10794 6205/10793
f 6210/10798 6202/10788 6214/10791 6218/10794
f 6209/10799 6219/10776 6208/10779 6199/10800
f 6201/10796 6215/10795 6219/10776 6209/10799
f 6213/10777 6220/10772 6212/10775 6204/10778
f 6216/10783 6203/10782 6207/10773 6220/10772
f 6199/10800 6208/10779 6223/10801 6221/10802
f 6212/10775 6200/10774 6222/10803 6224/10804
f 6218/10805 6214/10806 6237/10807 6241/10808
f 6224/10809 6229/10810 6246/10811 6244/10812
f 6224/10804 6222/10803 6226/10813 6229/10814
f 6220/10815 6213/10816 6239/10817 6243/10818
f 6221/10802 6223/10801 6228/10819 6225/10820
f 6225/10820 6228/10819 6233/10821 6230/10822
f 6229/10814 6226/10813 6231/10823 6234/10824
f 6227/10825 6229/10814 6234/10824 6232/10826
f 6228/10819 6227/10825 6232/10826 6233/10821
f 6228/10827 6223/10828 6245/10829 6248/10830
f 6229/10831 6227/10832 6247/10833 6246/10834
f 6215/10785 6218/10835 6241/10836 6240/10786
f 6204/10837 6212/10838 6235/10839 6236/10840
f 6208/10841 6204/10837 6236/10840 6238/10842
f 6233/10843 6232/10844 6266/10845 6267/10846
f 6209/10847 6199/10848 6251/10849 6258/10850
f 6234/10851 6231/10852 6265/10853 6268/10854
f 6200/10855 6207/10856 6257/10857 6252/10858
f 6210/10859 6197/10860 6249/10861 6259/10862
f 6222/10863 6200/10855 6252/10858 6262/10864
f 6225/10865 6230/10866 6264/10867 6263/10868
f 6211/10869 6198/10870 6250/10871 6260/10872
f 6201/10873 6209/10847 6258/10850 6253/10874
f 6205/10875 6201/10873 6253/10874 6256/10876
f 6202/10877 6210/10859 6259/10862 6254/10878
f 6221/10879 6225/10865 6263/10868 6261/10880
f 6203/10881 6211/10869 6260/10872 6255/10882
f 6230/10883 6233/10843 6267/10846 6264/10884
f 6199/10848 6221/10879 6261/10880 6251/10849
f 6232/10844 6234/10851 6268/10854 6266/10845
f 6197/10885 6205/10875 6256/10876 6249/10886
f 6242/10887 6258/10888 6251/10889 6238/10890
f 6243/10891 6239/10892 6236/10893 6235/10894
f 6241/10895 6256/10896 6253/10897 6240/10898
f 6243/10899 6270/10900 6216/10901 6220/10902
f 6254/10903 6259/10904 6241/10905 6237/10906
f 6259/10904 6249/10907 6256/10896 6241/10905
f 6260/10908 6271/10909 6270/10910 6255/10911
f 6250/10912 6269/10913 6271/10909 6260/10908
f 6269/10913 6254/10903 6237/10906 6271/10909
f 6257/10914 6243/10891 6235/10894 6252/10915
f 6255/10911 6270/10910 6243/10891 6257/10914
f 6239/10892 6242/10887 6238/10890 6236/10893
f 6238/10916 6245/10829 6223/10828 6208/10917
f 6240/10898 6253/10897 6258/10888 6242/10887
f 6252/10915 6235/10894 6244/10918 6262/10919
f 6238/10890 6251/10889 6261/10920 6245/10921
f 6271/10922 6237/10807 6214/10806 6217/10923
f 6245/10921 6261/10920 6263/10924 6248/10925
f 6242/10926 6239/10817 6213/10816 6219/10927
f 6244/10812 6235/10928 6212/10929 6224/10809
f 6262/10919 6244/10918 6246/10930 6272/10931
f 6272/10931 6246/10930 6268/10932 6265/10933
f 6248/10925 6263/10924 6264/10934 6267/10935
f 6247/10936 6248/10925 6267/10935 6266/10937
f 6246/10930 6247/10936 6266/10937 6268/10932
f 6248/10938 6247/10833 6227/10832 6228/10939
f 6270/10900 6271/10940 6217/10941 6216/10901
f 6269/10942 6250/10943 6198/10944 6206/10945
f 6272/10946 6265/10947 6231/10948 6226/10949
f 6255/10882 6257/10857 6207/10856 6203/10881
f 6254/10878 6269/10942 6206/10945 6202/10877
f 6262/10864 6272/10946 6226/10949 6222/10863
f 6296/10950 6283/10951 6276/10952 6288/10953
f 6295/10954 6289/10955 6280/10956 6284/10957
f 6293/10958 6287/10959 6279/10960 6292/10961
f 6295/10962 6291/10963 6316/10964 6318/10965
f 6278/10966 6282/10967 6293/10968 6290/10969
f 6282/10967 6274/10970 6287/10959 6293/10968
f 6281/10971 6294/10972 6291/10973 6277/10974
f 6273/10975 6286/10976 6294/10972 6281/10971
f 6286/10976 6278/10966 6290/10969 6294/10972
f 6285/10977 6295/10954 6284/10957 6275/10978
f 6277/10974 6291/10973 6295/10954 6285/10977
f 6289/10955 6296/10950 6288/10953 6280/10956
f 6292/10961 6279/10960 6283/10951 6296/10950
f 6275/10978 6284/10957 6299/10979 6297/10980
f 6288/10953 6276/10952 6298/10981 6300/10982
f 6294/10983 6290/10984 6313/10985 6317/10986
f 6300/10987 6305/10988 6322/10989 6320/10990
f 6300/10982 6298/10981 6302/10991 6305/10992
f 6296/10993 6289/10994 6315/10995 6319/10996
f 6297/10980 6299/10979 6304/10997 6301/10998
f 6301/10998 6304/10997 6309/10999 6306/11000
f 6305/10992 6302/10991 6307/11001 6310/11002
f 6303/11003 6305/10992 6310/11002 6308/11004
f 6304/10997 6303/11003 6308/11004 6309/10999
f 6304/11005 6299/11006 6321/11007 6324/11008
f 6305/11009 6303/11010 6323/11011 6322/11012
f 6291/10963 6294/11013 6317/11014 6316/10964
f 6280/11015 6288/11016 6311/11017 6312/11018
f 6284/11019 6280/11015 6312/11018 6314/11020
f 6309/11021 6308/11022 6342/11023 6343/11024
f 6285/11025 6275/11026 6327/11027 6334/11028
f 6310/11029 6307/11030 6341/11031 6344/11032
f 6276/11033 6283/11034 6333/11035 6328/11036
f 6286/11037 6273/11038 6325/11039 6335/11040
f 6298/11041 6276/11033 6328/11036 6338/11042
f 6301/11043 6306/11044 6340/11045 6339/11046
f 6287/11047 6274/11048 6326/11049 6336/11050
f 6277/11051 6285/11025 6334/11028 6329/11052
f 6281/11053 6277/11051 6329/11052 6332/11054
f 6278/11055 6286/11037 6335/11040 6330/11056
f 6297/11057 6301/11043 6339/11046 6337/11058
f 6279/11059 6287/11047 6336/11050 6331/11060
f 6306/11061 6309/11021 6343/11024 6340/11062
f 6275/11026 6297/11057 6337/11058 6327/11027
f 6308/11022 6310/11029 6344/11032 6342/11023
f 6273/11063 6281/11053 6332/11054 6325/11064
f 6318/11065 6334/11066 6327/11067 6314/11068
f 6319/11069 6315/11070 6312/11071 6311/11072
f 6317/11073 6332/11074 6329/11075 6316/11076
f 6319/11077 6346/11078 6292/11079 6296/11080
f 6330/11081 6335/11082 6317/11083 6313/11084
f 6335/11082 6325/11085 6332/11074 6317/11083
f 6336/11086 6347/11087 6346/11088 6331/11089
f 6326/11090 6345/11091 6347/11087 6336/11086
f 6345/11091 6330/11081 6313/11084 6347/11087
f 6333/11092 6319/11069 6311/11072 6328/11093
f 6331/11089 6346/11088 6319/11069 6333/11092
f 6315/11070 6318/11065 6314/11068 6312/11071
f 6314/11094 6321/11007 6299/11006 6284/11095
f 6316/11076 6329/11075 6334/11066 6318/11065
f 6328/11093 6311/11072 6320/11096 6338/11097
f 6314/11068 6327/11067 6337/11098 6321/11099
f 6347/11100 6313/10985 6290/10984 6293/11101
f 6321/11099 6337/11098 6339/11102 6324/11103
f 6318/11104 6315/10995 6289/10994 6295/11105
f 6320/10990 6311/11106 6288/11107 6300/10987
f 6338/11097 6320/11096 6322/11108 6348/11109
f 6348/11109 6322/11108 6344/11110 6341/11111
f 6324/11103 6339/11102 6340/11112 6343/11113
f 6323/11114 6324/11103 6343/11113 6342/11115
f 6322/11108 6323/11114 6342/11115 6344/11110
f 6324/11116 6323/11011 6303/11010 6304/11117
f 6346/11078 6347/11118 6293/11119 6292/11079
f 6345/11120 6326/11121 6274/11122 6282/11123
f 6348/11124 6341/11125 6307/11126 6302/11127
f 6331/11060 6333/11035 6283/11034 6279/11059
f 6330/11056 6345/11120 6282/11123 6278/11055
f 6338/11042 6348/11124 6302/11127 6298/11041
f 6372/11128 6359/11129 6352/11130 6364/11131
f 6371/11132 6365/11133 6356/11134 6360/11135
f 6369/11136 6363/11137 6355/11138 6368/11139
f 6371/11140 6367/11141 6392/11142 6394/11143
f 6354/11144 6358/11145 6369/11146 6366/11147
f 6358/11145 6350/11148 6363/11137 6369/11146
f 6357/11149 6370/11150 6367/11151 6353/11152
f 6349/11153 6362/11154 6370/11150 6357/11149
f 6362/11154 6354/11144 6366/11147 6370/11150
f 6361/11155 6371/11132 6360/11135 6351/11156
f 6353/11152 6367/11151 6371/11132 6361/11155
f 6365/11133 6372/11128 6364/11131 6356/11134
f 6368/11139 6355/11138 6359/11129 6372/11128
f 6351/11156 6360/11135 6375/11157 6373/11158
f 6364/11131 6352/11130 6374/11159 6376/11160
f 6370/11161 6366/11162 6389/11163 6393/11164
f 6376/11165 6381/11166 6398/11167 6396/11168
f 6376/11160 6374/11159 6378/11169 6381/11170
f 6372/11171 6365/11172 6391/11173 6395/11174
f 6373/11158 6375/11157 6380/11175 6377/11176
f 6377/11176 6380/11175 6385/11177 6382/11178
f 6381/11170 6378/11169 6383/11179 6386/11180
f 6379/11181 6381/11170 6386/11180 6384/11182
f 6380/11175 6379/11181 6384/11182 6385/11177
f 6380/11183 6375/11184 6397/11185 6400/11186
f 6381/11187 6379/11188 6399/11189 6398/11190
f 6367/11141 6370/11191 6393/11192 6392/11142
f 6356/11193 6364/11194 6387/11195 6388/11196
f 6360/11197 6356/11193 6388/11196 6390/11198
f 6385/11199 6384/11200 6418/11201 6419/11202
f 6361/11203 6351/11204 6403/11205 6410/11206
f 6386/11207 6383/11208 6417/11209 6420/11210
f 6352/11211 6359/11212 6409/11213 6404/11214
f 6362/11215 6349/11216 6401/11217 6411/11218
f 6374/11219 6352/11211 6404/11214 6414/11220
f 6377/11221 6382/11222 6416/11223 6415/11224
f 6363/11225 6350/11226 6402/11227 6412/11228
f 6353/11229 6361/11203 6410/11206 6405/11230
f 6357/11231 6353/11229 6405/11230 6408/11232
f 6354/11233 6362/11215 6411/11218 6406/11234
f 6373/11235 6377/11221 6415/11224 6413/11236
f 6355/11237 6363/11225 6412/11228 6407/11238
f 6382/11239 6385/11199 6419/11202 6416/11240
f 6351/11204 6373/11235 6413/11236 6403/11205
f 6384/11200 6386/11207 6420/11210 6418/11201
f 6349/11241 6357/11231 6408/11232 6401/11242
f 6394/11243 6410/11244 6403/11245 6390/11246
f 6395/11247 6391/11248 6388/11249 6387/11250
f 6393/11251 6408/11252 6405/11253 6392/11254
f 6395/11255 6422/11256 6368/11257 6372/11258
f 6406/11259 6411/11260 6393/11261 6389/11262
f 6411/11260 6401/11263 6408/11252 6393/11261
f 6412/11264 6423/11265 6422/11266 6407/11267
f 6402/11268 6421/11269 6423/11265 6412/11264
f 6421/11269 6406/11259 6389/11262 6423/11265
f 6409/11270 6395/11247 6387/11250 6404/11271
f 6407/11267 6422/11266 6395/11247 6409/11270
f 6391/11248 6394/11243 6390/11246 6388/11249
f 6390/11272 6397/11185 6375/11184 6360/11273
f 6392/11254 6405/11253 6410/11244 6394/11243
f 6404/11271 6387/11250 6396/11274 6414/11275
f 6390/11246 6403/11245 6413/11276 6397/11277
f 6423/11278 6389/11163 6366/11162 6369/11279
f 6397/11277 6413/11276 6415/11280 6400/11281
f 6394/11282 6391/11173 6365/11172 6371/11283
f 6396/11168 6387/11284 6364/11285 6376/11165
f 6414/11275 6396/11274 6398/11286 6424/11287
f 6424/11287 6398/11286 6420/11288 6417/11289
f 6400/11281 6415/11280 6416/11290 6419/11291
f 6399/11292 6400/11281 6419/11291 6418/11293
f 6398/11286 6399/11292 6418/11293 6420/11288
f 6400/11294 6399/11189 6379/11188 6380/11295
f 6422/11256 6423/11296 6369/11297 6368/11257
f 6421/11298 6402/11299 6350/11300 6358/11301
f 6424/11302 6417/11303 6383/11304 6378/11305
f 6407/11238 6409/11213 6359/11212 6355/11237
f 6406/11234 6421/11298 6358/11301 6354/11233
f 6414/11220 6424/11302 6378/11305 6374/11219
f 6448/11306 6435/11307 6428/11308 6440/11309
f 6447/11310 6441/11311 6432/11312 6436/11313
f 6445/11314 6439/11315 6431/11316 6444/11317
f 6447/11318 6443/11319 6468/11320 6470/11321
f 6430/11322 6434/11323 6445/11324 6442/11325
f 6434/11323 6426/11326 6439/11315 6445/11324
f 6433/11327 6446/11328 6443/11329 6429/11330
f 6425/11331 6438/11332 6446/11328 6433/11327
f 6438/11332 6430/11322 6442/11325 6446/11328
f 6437/11333 6447/11310 6436/11313 6427/11334
f 6429/11330 6443/11329 6447/11310 6437/11333
f 6441/11311 6448/11306 6440/11309 6432/11312
f 6444/11317 6431/11316 6435/11307 6448/11306
f 6427/11334 6436/11313 6451/11335 6449/11336
f 6440/11309 6428/11308 6450/11337 6452/11338
f 6446/11339 6442/11340 6465/11341 6469/11342
f 6452/11343 6457/11344 6474/11345 6472/11346
f 6452/11338 6450/11337 6454/11347 6457/11348
f 6448/11349 6441/11350 6467/11351 6471/11352
f 6449/11336 6451/11335 6456/11353 6453/11354
f 6453/11354 6456/11353 6461/11355 6458/11356
f 6457/11348 6454/11347 6459/11357 6462/11358
f 6455/11359 6457/11348 6462/11358 6460/11360
f 6456/11353 6455/11359 6460/11360 6461/11355
f 6456/11361 6451/11362 6473/11363 6476/11364
f 6457/11365 6455/11366 6475/11367 6474/11368
f 6443/11319 6446/11369 6469/11370 6468/11320
f 6432/11371 6440/11372 6463/11373 6464/11374
f 6436/11375 6432/11371 6464/11374 6466/11376
f 6461/11377 6460/11378 6494/11379 6495/11380
f 6437/11381 6427/11382 6479/11383 6486/11384
f 6462/11385 6459/11386 6493/11387 6496/11388
f 6428/11389 6435/11390 6485/11391 6480/11392
f 6438/11393 6425/11394 6477/11395 6487/11396
f 6450/11397 6428/11389 6480/11392 6490/11398
f 6453/11399 6458/11400 6492/11401 6491/11402
f 6439/11403 6426/11404 6478/11405 6488/11406
f 6429/11407 6437/11381 6486/11384 6481/11408
f 6433/11409 6429/11407 6481/11408 6484/11410
f 6430/11411 6438/11393 6487/11396 6482/11412
f 6449/11413 6453/11399 6491/11402 6489/11414
f 6431/11415 6439/11403 6488/11406 6483/11416
f 6458/11417 6461/11377 6495/11380 6492/11418
f 6427/11382 6449/11413 6489/11414 6479/11383
f 6460/11378 6462/11385 6496/11388 6494/11379
f 6425/11419 6433/11409 6484/11410 6477/11420
f 6470/11421 6486/11422 6479/11423 6466/11424
f 6471/11425 6467/11426 6464/11427 6463/11428
f 6469/11429 6484/11430 6481/11431 6468/11432
f 6471/11433 6498/11434 6444/11435 6448/11436
f 6482/11437 6487/11438 6469/11439 6465/11440
f 6487/11438 6477/11441 6484/11430 6469/11439
f 6488/11442 6499/11443 6498/11444 6483/11445
f 6478/11446 6497/11447 6499/11443 6488/11442
f 6497/11447 6482/11437 6465/11440 6499/11443
f 6485/11448 6471/11425 6463/11428 6480/11449
f 6483/11445 6498/11444 6471/11425 6485/11448
f 6467/11426 6470/11421 6466/11424 6464/11427
f 6466/11450 6473/11363 6451/11362 6436/11451
f 6468/11432 6481/11431 6486/11422 6470/11421
f 6480/11449 6463/11428 6472/11452 6490/11453
f 6466/11424 6479/11423 6489/11454 6473/11455
f 6499/11456 6465/11341 6442/11340 6445/11457
f 6473/11455 6489/11454 6491/11458 6476/11459
f 6470/11460 6467/11351 6441/11350 6447/11461
f 6472/11346 6463/11462 6440/11463 6452/11343
f 6490/11453 6472/11452 6474/11464 6500/11465
f 6500/11465 6474/11464 6496/11466 6493/11467
f 6476/11459 6491/11458 6492/11468 6495/11469
f 6475/11470 6476/11459 6495/11469 6494/11471
f 6474/11464 6475/11470 6494/11471 6496/11466
f 6476/11472 6475/11367 6455/11366 6456/11473
f 6498/11434 6499/11474 6445/11475 6444/11435
f 6497/11476 6478/11477 6426/11478 6434/11479
f 6500/11480 6493/11481 6459/11482 6454/11483
f 6483/11416 6485/11391 6435/11390 6431/11415
f 6482/11412 6497/11476 6434/11479 6430/11411
f 6490/11398 6500/11480 6454/11483 6450/11397
f 6524/11484 6511/11485 6504/11486 6516/11487
f 6523/11488 6517/11489 6508/11490 6512/11491
f 6521/11492 6515/11493 6507/11494 6520/11495
f 6523/11496 6519/11497 6544/11498 6546/11499
f 6506/11500 6510/11501 6521/11502 6518/11503
f 6510/11501 6502/11504 6515/11493 6521/11502
f 6509/11505 6522/11506 6519/11507 6505/11508
f 6501/11509 6514/11510 6522/11506 6509/11505
f 6514/11510 6506/11500 6518/11503 6522/11506
f 6513/11511 6523/11488 6512/11491 6503/11512
f 6505/11508 6519/11507 6523/11488 6513/11511
f 6517/11489 6524/11484 6516/11487 6508/11490
f 6520/11495 6507/11494 6511/11485 6524/11484
f 6503/11512 6512/11491 6527/11513 6525/11514
f 6516/11487 6504/11486 6526/11515 6528/11516
f 6522/11517 6518/11518 6541/11519 6545/11520
f 6528/11521 6533/11522 6550/11523 6548/11524
f 6528/11516 6526/11515 6530/11525 6533/11526
f 6524/11527 6517/11528 6543/11529 6547/11530
f 6525/11514 6527/11513 6532/11531 6529/11532
f 6529/11532 6532/11531 6537/11533 6534/11534
f 6533/11526 6530/11525 6535/11535 6538/11536
f 6531/11537 6533/11526 6538/11536 6536/11538
f 6532/11531 6531/11537 6536/11538 6537/11533
f 6532/11539 6527/11540 6549/11541 6552/11542
f 6533/11543 6531/11544 6551/11545 6550/11546
f 6519/11497 6522/11547 6545/11548 6544/11498
f 6508/11549 6516/11550 6539/11551 6540/11552
f 6512/11553 6508/11549 6540/11552 6542/11554
f 6537/11555 6536/11556 6570/11557 6571/11558
f 6513/11559 6503/11560 6555/11561 6562/11562
f 6538/11563 6535/11564 6569/11565 6572/11566
f 6504/11567 6511/11568 6561/11569 6556/11570
f 6514/11571 6501/11572 6553/11573 6563/11574
f 6526/11575 6504/11567 6556/11570 6566/11576
f 6529/11577 6534/11578 6568/11579 6567/11580
f 6515/11581 6502/11582 6554/11583 6564/11584
f 6505/11585 6513/11559 6562/11562 6557/11586
f 6509/11587 6505/11585 6557/11586 6560/11588
f 6506/11589 6514/11571 6563/11574 6558/11590
f 6525/11591 6529/11577 6567/11580 6565/11592
f 6507/11593 6515/11581 6564/11584 6559/11594
f 6534/11595 6537/11555 6571/11558 6568/11596
f 6503/11560 6525/11591 6565/11592 6555/11561
f 6536/11556 6538/11563 6572/11566 6570/11557
f 6501/11597 6509/11587 6560/11588 6553/11598
f 6546/11599 6562/11600 6555/11601 6542/11602
f 6547/11603 6543/11604 6540/11605 6539/11606
f 6545/11607 6560/11608 6557/11609 6544/11610
f 6547/11611 6574/11612 6520/11613 6524/11614
f 6558/11615 6563/11616 6545/11617 6541/11618
f 6563/11616 6553/11619 6560/11608 6545/11617
f 6564/11620 6575/11621 6574/11622 6559/11623
f 6554/11624 6573/11625 6575/11621 6564/11620
f 6573/11625 6558/11615 6541/11618 6575/11621
f 6561/11626 6547/11603 6539/11606 6556/11627
f 6559/11623 6574/11622 6547/11603 6561/11626
f 6543/11604 6546/11599 6542/11602 6540/11605
f 6542/11628 6549/11541 6527/11540 6512/11629
f 6544/11610 6557/11609 6562/11600 6546/11599
f 6556/11627 6539/11606 6548/11630 6566/11631
f 6542/11602 6555/11601 6565/11632 6549/11633
f 6575/11634 6541/11519 6518/11518 6521/11635
f 6549/11633 6565/11632 6567/11636 6552/11637
f 6546/11638 6543/11529 6517/11528 6523/11639
f 6548/11524 6539/11640 6516/11641 6528/11521
f 6566/11631 6548/11630 6550/11642 6576/11643
f 6576/11643 6550/11642 6572/11644 6569/11645
f 6552/11637 6567/11636 6568/11646 6571/11647
f 6551/11648 6552/11637 6571/11647 6570/11649
f 6550/11642 6551/11648 6570/11649 6572/11644
f 6552/11650 6551/11545 6531/11544 6532/11651
f 6574/11612 6575/11652 6521/11653 6520/11613
f 6573/11654 6554/11655 6502/11656 6510/11657
f 6576/11658 6569/11659 6535/11660 6530/11661
f 6559/11594 6561/11569 6511/11568 6507/11593
f 6558/11590 6573/11654 6510/11657 6506/11589
f 6566/11576 6576/11658 6530/11661 6526/11575
f 6600/11662 6587/11663 6580/11664 6592/11665
f 6599/11666 6593/11667 6584/11668 6588/11669
f 6597/11670 6591/11671 6583/11672 6596/11673
f 6599/11674 6595/11675 6620/11676 6622/11677
f 6582/11678 6586/11679 6597/11680 6594/11681
f 6586/11679 6578/11682 6591/11671 6597/11680
f 6585/11683 6598/11684 6595/11685 6581/11686
f 6577/11687 6590/11688 6598/11684 6585/11683
f 6590/11688 6582/11678 6594/11681 6598/11684
f 6589/11689 6599/11666 6588/11669 6579/11690
f 6581/11686 6595/11685 6599/11666 6589/11689
f 6593/11667 6600/11662 6592/11665 6584/11668
f 6596/11673 6583/11672 6587/11663 6600/11662
f 6579/11690 6588/11669 6603/11691 6601/11692
f 6592/11665 6580/11664 6602/11693 6604/11694
f 6598/11695 6594/11696 6617/11697 6621/11698
f 6604/11699 6609/11700 6626/11701 6624/11702
f 6604/11694 6602/11693 6606/11703 6609/11704
f 6600/11705 6593/11706 6619/11707 6623/11708
f 6601/11692 6603/11691 6608/11709 6605/11710
f 6605/11710 6608/11709 6613/11711 6610/11712
f 6609/11704 6606/11703 6611/11713 6614/11714
f 6607/11715 6609/11704 6614/11714 6612/11716
f 6608/11709 6607/11715 6612/11716 6613/11711
f 6608/11717 6603/11718 6625/11719 6628/11720
f 6609/11721 6607/11722 6627/11723 6626/11724
f 6595/11675 6598/11725 6621/11726 6620/11676
f 6584/11727 6592/11728 6615/11729 6616/11730
f 6588/11731 6584/11727 6616/11730 6618/11732
f 6613/11733 6612/11734 6646/11735 6647/11736
f 6589/11737 6579/11738 6631/11739 6638/11740
f 6614/11741 6611/11742 6645/11743 6648/11744
f 6580/11745 6587/11746 6637/11747 6632/11748
f 6590/11749 6577/11750 6629/11751 6639/11752
f 6602/11753 6580/11745 6632/11748 6642/11754
f 6605/11755 6610/11756 6644/11757 6643/11758
f 6591/11759 6578/11760 6630/11761 6640/11762
f 6581/11763 6589/11737 6638/11740 6633/11764
f 6585/11765 6581/11763 6633/11764 6636/11766
f 6582/11767 6590/11749 6639/11752 6634/11768
f 6601/11769 6605/11755 6643/11758 6641/11770
f 6583/11771 6591/11759 6640/11762 6635/11772
f 6610/11773 6613/11733 6647/11736 6644/11774
f 6579/11738 6601/11769 6641/11770 6631/11739
f 6612/11734 6614/11741 6648/11744 6646/11735
f 6577/11775 6585/11765 6636/11766 6629/11776
f 6622/11777 6638/11778 6631/11779 6618/11780
f 6623/11781 6619/11782 6616/11783 6615/11784
f 6621/11785 6636/11786 6633/11787 6620/11788
f 6623/11789 6650/11790 6596/11791 6600/11792
f 6634/11793 6639/11794 6621/11795 6617/11796
f 6639/11794 6629/11797 6636/11786 6621/11795
f 6640/11798 6651/11799 6650/11800 6635/11801
f 6630/11802 6649/11803 6651/11799 6640/11798
f 6649/11803 6634/11793 6617/11796 6651/11799
f 6637/11804 6623/11781 6615/11784 6632/11805
f 6635/11801 6650/11800 6623/11781 6637/11804
f 6619/11782 6622/11777 6618/11780 6616/11783
f 6618/11806 6625/11719 6603/11718 6588/11807
f 6620/11788 6633/11787 6638/11778 6622/11777
f 6632/11805 6615/11784 6624/11808 6642/11809
f 6618/11780 6631/11779 6641/11810 6625/11811
f 6651/11812 6617/11697 6594/11696 6597/11813
f 6625/11811 6641/11810 6643/11814 6628/11815
f 6622/11816 6619/11707 6593/11706 6599/11817
f 6624/11702 6615/11818 6592/11819 6604/11699
f 6642/11809 6624/11808 6626/11820 6652/11821
f 6652/11821 6626/11820 6648/11822 6645/11823
f 6628/11815 6643/11814 6644/11824 6647/11825
f 6627/11826 6628/11815 6647/11825 6646/11827
f 6626/11820 6627/11826 6646/11827 6648/11822
f 6628/11828 6627/11723 6607/11722 6608/11829
f 6650/11790 6651/11830 6597/11831 6596/11791
f 6649/11832 6630/11833 6578/11834 6586/11835
f 6652/11836 6645/11837 6611/11838 6606/11839
f 6635/11772 6637/11747 6587/11746 6583/11771
f 6634/11768 6649/11832 6586/11835 6582/11767
f 6642/11754 6652/11836 6606/11839 6602/11753
f 6676/11840 6663/11841 6656/11842 6668/11843
f 6675/11844 6669/11845 6660/11846 6664/11847
f 6673/11848 6667/11849 6659/11850 6672/11851
f 6675/11852 6671/11853 6696/11854 6698/11855
f 6658/11856 6662/11857 6673/11858 6670/11859
f 6662/11857 6654/11860 6667/11849 6673/11858
f 6661/11861 6674/11862 6671/11863 6657/11864
f 6653/11865 6666/11866 6674/11862 6661/11861
f 6666/11866 6658/11856 6670/11859 6674/11862
f 6665/11867 6675/11844 6664/11847 6655/11868
f 6657/11864 6671/11863 6675/11844 6665/11867
f 6669/11845 6676/11840 6668/11843 6660/11846
f 6672/11851 6659/11850 6663/11841 6676/11840
f 6655/11868 6664/11847 6679/11869 6677/11870
f 6668/11843 6656/11842 6678/11871 6680/11872
f 6674/11873 6670/11874 6693/11875 6697/11876
f 6680/11877 6685/11878 6702/11879 6700/11880
f 6680/11872 6678/11871 6682/11881 6685/11882
f 6676/11883 6669/11884 6695/11885 6699/11886
f 6677/11870 6679/11869 6684/11887 6681/11888
f 6681/11888 6684/11887 6689/11889 6686/11890
f 6685/11882 6682/11881 6687/11891 6690/11892
f 6683/11893 6685/11882 6690/11892 6688/11894
f 6684/11887 6683/11893 6688/11894 6689/11889
f 6684/11895 6679/11896 6701/11897 6704/11898
f 6685/11899 6683/11900 6703/11901 6702/11902
f 6671/11853 6674/11903 6697/11904 6696/11854
f 6660/11905 6668/11906 6691/11907 6692/11908
f 6664/11909 6660/11905 6692/11908 6694/11910
f 6689/11911 6688/11912 6722/11913 6723/11914
f 6665/11915 6655/11916 6707/11917 6714/11918
f 6690/11919 6687/11920 6721/11921 6724/11922
f 6656/11923 6663/11924 6713/11925 6708/11926
f 6666/11927 6653/11928 6705/11929 6715/11930
f 6678/11931 6656/11923 6708/11926 6718/11932
f 6681/11933 6686/11934 6720/11935 6719/11936
f 6667/11937 6654/11938 6706/11939 6716/11940
f 6657/11941 6665/11915 6714/11918 6709/11942
f 6661/11943 6657/11941 6709/11942 6712/11944
f 6658/11945 6666/11927 6715/11930 6710/11946
f 6677/11947 6681/11933 6719/11936 6717/11948
f 6659/11949 6667/11937 6716/11940 6711/11950
f 6686/11951 6689/11911 6723/11914 6720/11952
f 6655/11916 6677/11947 6717/11948 6707/11917
f 6688/11912 6690/11919 6724/11922 6722/11913
f 6653/11953 6661/11943 6712/11944 6705/11954
f 6698/11955 6714/11956 6707/11957 6694/11958
f 6699/11959 6695/11960 6692/11961 6691/11962
f 6697/11963 6712/11964 6709/11965 6696/11966
f 6699/11967 6726/11968 6672/11969 6676/11970
f 6710/11971 6715/11972 6697/11973 6693/11974
f 6715/11972 6705/11975 6712/11964 6697/11973
f 6716/11976 6727/11977 6726/11978 6711/11979
f 6706/11980 6725/11981 6727/11977 6716/11976
f 6725/11981 6710/11971 6693/11974 6727/11977
f 6713/11982 6699/11959 6691/11962 6708/11983
f 6711/11979 6726/11978 6699/11959 6713/11982
f 6695/11960 6698/11955 6694/11958 6692/11961
f 6694/11984 6701/11897 6679/11896 6664/11985
f 6696/11966 6709/11965 6714/11956 6698/11955
f 6708/11983 6691/11962 6700/11986 6718/11987
f 6694/11958 6707/11957 6717/11988 6701/11989
f 6727/11990 6693/11875 6670/11874 6673/11991
f 6701/11989 6717/11988 6719/11992 6704/11993
f 6698/11994 6695/11885 6669/11884 6675/11995
f 6700/11880 6691/11996 6668/11997 6680/11877
f 6718/11987 6700/11986 6702/11998 6728/11999
f 6728/11999 6702/11998 6724/12000 6721/12001
f 6704/11993 6719/11992 6720/12002 6723/12003
f 6703/12004 6704/11993 6723/12003 6722/12005
f 6702/11998 6703/12004 6722/12005 6724/12000
f 6704/12006 6703/11901 6683/11900 6684/12007
f 6726/11968 6727/12008 6673/12009 6672/11969
f 6725/12010 6706/12011 6654/12012 6662/12013
f 6728/12014 6721/12015 6687/12016 6682/12017
f 6711/11950 6713/11925 6663/11924 6659/11949
f 6710/11946 6725/12010 6662/12013 6658/11945
f 6718/11932 6728/12014 6682/12017 6678/11931
f 6752/12018 6739/12019 6732/12020 6744/12021
f 6751/12022 6745/12023 6736/12024 6740/12025
f 6749/12026 6743/12027 6735/12028 6748/12029
f 6751/12030 6747/12031 6772/12032 6774/12033
f 6734/12034 6738/12035 6749/12036 6746/12037
f 6738/12035 6730/12038 6743/12027 6749/12036
f 6737/12039 6750/12040 6747/12041 6733/12042
f 6729/12043 6742/12044 6750/12040 6737/12039
f 6742/12044 6734/12034 6746/12037 6750/12040
f 6741/12045 6751/12022 6740/12025 6731/12046
f 6733/12042 6747/12041 6751/12022 6741/12045
f 6745/12023 6752/12018 6744/12021 6736/12024
f 6748/12029 6735/12028 6739/12019 6752/12018
f 6731/12046 6740/12025 6755/12047 6753/12048
f 6744/12021 6732/12020 6754/12049 6756/12050
f 6750/12051 6746/12052 6769/12053 6773/12054
f 6756/12055 6761/12056 6778/12057 6776/12058
f 6756/12050 6754/12049 6758/12059 6761/12060
f 6752/12061 6745/12062 6771/12063 6775/12064
f 6753/12048 6755/12047 6760/12065 6757/12066
f 6757/12066 6760/12065 6765/12067 6762/12068
f 6761/12060 6758/12059 6763/12069 6766/12070
f 6759/12071 6761/12060 6766/12070 6764/12072
f 6760/12065 6759/12071 6764/12072 6765/12067
f 6760/12073 6755/12074 6777/12075 6780/12076
f 6761/12077 6759/12078 6779/12079 6778/12080
f 6747/12031 6750/12081 6773/12082 6772/12032
f 6736/12083 6744/12084 6767/12085 6768/12086
f 6740/12087 6736/12083 6768/12086 6770/12088
f 6765/12089 6764/12090 6798/12091 6799/12092
f 6741/12093 6731/12094 6783/12095 6790/12096
f 6766/12097 6763/12098 6797/12099 6800/12100
f 6732/12101 6739/12102 6789/12103 6784/12104
f 6742/12105 6729/12106 6781/12107 6791/12108
f 6754/12109 6732/12101 6784/12104 6794/12110
f 6757/12111 6762/12112 6796/12113 6795/12114
f 6743/12115 6730/12116 6782/12117 6792/12118
f 6733/12119 6741/12093 6790/12096 6785/12120
f 6737/12121 6733/12119 6785/12120 6788/12122
f 6734/12123 6742/12105 6791/12108 6786/12124
f 6753/12125 6757/12111 6795/12114 6793/12126
f 6735/12127 6743/12115 6792/12118 6787/12128
f 6762/12129 6765/12089 6799/12092 6796/12130
f 6731/12094 6753/12125 6793/12126 6783/12095
f 6764/12090 6766/12097 6800/12100 6798/12091
f 6729/12131 6737/12121 6788/12122 6781/12132
f 6774/12133 6790/12134 6783/12135 6770/12136
f 6775/12137 6771/12138 6768/12139 6767/12140
f 6773/12141 6788/12142 6785/12143 6772/12144
f 6775/12145 6802/12146 6748/12147 6752/12148
f 6786/12149 6791/12150 6773/12151 6769/12152
f 6791/12150 6781/12153 6788/12142 6773/12151
f 6792/12154 6803/12155 6802/12156 6787/12157
f 6782/12158 6801/12159 6803/12155 6792/12154
f 6801/12159 6786/12149 6769/12152 6803/12155
f 6789/12160 6775/12137 6767/12140 6784/12161
f 6787/12157 6802/12156 6775/12137 6789/12160
f 6771/12138 6774/12133 6770/12136 6768/12139
f 6770/12162 6777/12075 6755/12074 6740/12163
f 6772/12144 6785/12143 6790/12134 6774/12133
f 6784/12161 6767/12140 6776/12164 6794/12165
f 6770/12136 6783/12135 6793/12166 6777/12167
f 6803/12168 6769/12053 6746/12052 6749/12169
f 6777/12167 6793/12166 6795/12170 6780/12171
f 6774/12172 6771/12063 6745/12062 6751/12173
f 6776/12058 6767/12174 6744/12175 6756/12055
f 6794/12165 6776/12164 6778/12176 6804/12177
f 6804/12177 6778/12176 6800/12178 6797/12179
f 6780/12171 6795/12170 6796/12180 6799/12181
f 6779/12182 6780/12171 6799/12181 6798/12183
f 6778/12176 6779/12182 6798/12183 6800/12178
f 6780/12184 6779/12079 6759/12078 6760/12185
f 6802/12146 6803/12186 6749/12187 6748/12147
f 6801/12188 6782/12189 6730/12190 6738/12191
f 6804/12192 6797/12193 6763/12194 6758/12195
f 6787/12128 6789/12103 6739/12102 6735/12127
f 6786/12124 6801/12188 6738/12191 6734/12123
f 6794/12110 6804/12192 6758/12195 6754/12109
f 6828/12196 6815/12197 6808/12198 6820/12199
f 6827/12200 6821/12201 6812/12202 6816/12203
f 6825/12204 6819/12205 6811/12206 6824/12207
f 6827/12208 6823/12209 6848/12210 6850/12211
f 6810/12212 6814/12213 6825/12214 6822/12215
f 6814/12213 6806/12216 6819/12205 6825/12214
f 6813/12217 6826/12218 6823/12219 6809/12220
f 6805/12221 6818/12222 6826/12218 6813/12217
f 6818/12222 6810/12212 6822/12215 6826/12218
f 6817/12223 6827/12200 6816/12203 6807/12224
f 6809/12220 6823/12219 6827/12200 6817/12223
f 6821/12201 6828/12196 6820/12199 6812/12202
f 6824/12207 6811/12206 6815/12197 6828/12196
f 6807/12224 6816/12203 6831/12225 6829/12226
f 6820/12199 6808/12198 6830/12227 6832/12228
f 6826/12229 6822/12230 6845/12231 6849/12232
f 6832/12233 6837/12234 6854/12235 6852/12236
f 6832/12228 6830/12227 6834/12237 6837/12238
f 6828/12239 6821/12240 6847/12241 6851/12242
f 6829/12226 6831/12225 6836/12243 6833/12244
f 6833/12244 6836/12243 6841/12245 6838/12246
f 6837/12238 6834/12237 6839/12247 6842/12248
f 6835/12249 6837/12238 6842/12248 6840/12250
f 6836/12243 6835/12249 6840/12250 6841/12245
f 6836/12251 6831/12252 6853/12253 6856/12254
f 6837/12255 6835/12256 6855/12257 6854/12258
f 6823/12209 6826/12259 6849/12260 6848/12210
f 6812/12261 6820/12262 6843/12263 6844/12264
f 6816/12265 6812/12261 6844/12264 6846/12266
f 6841/12267 6840/12268 6874/12269 6875/12270
f 6817/12271 6807/12272 6859/12273 6866/12274
f 6842/12275 6839/12276 6873/12277 6876/12278
f 6808/12279 6815/12280 6865/12281 6860/12282
f 6818/12283 6805/12284 6857/12285 6867/12286
f 6830/12287 6808/12279 6860/12282 6870/12288
f 6833/12289 6838/12290 6872/12291 6871/12292
f 6819/12293 6806/12294 6858/12295 6868/12296
f 6809/12297 6817/12271 6866/12274 6861/12298
f 6813/12299 6809/12297 6861/12298 6864/12300
f 6810/12301 6818/12283 6867/12286 6862/12302
f 6829/12303 6833/12289 6871/12292 6869/12304
f 6811/12305 6819/12293 6868/12296 6863/12306
f 6838/12307 6841/12267 6875/12270 6872/12308
f 6807/12272 6829/12303 6869/12304 6859/12273
f 6840/12268 6842/12275 6876/12278 6874/12269
f 6805/12309 6813/12299 6864/12300 6857/12310
f 6850/12311 6866/12312 6859/12313 6846/12314
f 6851/12315 6847/12316 6844/12317 6843/12318
f 6849/12319 6864/12320 6861/12321 6848/12322
f 6851/12323 6878/12324 6824/12325 6828/12326
f 6862/12327 6867/12328 6849/12329 6845/12330
f 6867/12328 6857/12331 6864/12320 6849/12329
f 6868/12332 6879/12333 6878/12334 6863/12335
f 6858/12336 6877/12337 6879/12333 6868/12332
f 6877/12337 6862/12327 6845/12330 6879/12333
f 6865/12338 6851/12315 6843/12318 6860/12339
f 6863/12335 6878/12334 6851/12315 6865/12338
f 6847/12316 6850/12311 6846/12314 6844/12317
f 6846/12340 6853/12253 6831/12252 6816/12341
f 6848/12322 6861/12321 6866/12312 6850/12311
f 6860/12339 6843/12318 6852/12342 6870/12343
f 6846/12314 6859/12313 6869/12344 6853/12345
f 6879/12346 6845/12231 6822/12230 6825/12347
f 6853/12345 6869/12344 6871/12348 6856/12349
f 6850/12350 6847/12241 6821/12240 6827/12351
f 6852/12236 6843/12352 6820/12353 6832/12233
f 6870/12343 6852/12342 6854/12354 6880/12355
f 6880/12355 6854/12354 6876/12356 6873/12357
f 6856/12349 6871/12348 6872/12358 6875/12359
f 6855/12360 6856/12349 6875/12359 6874/12361
f 6854/12354 6855/12360 6874/12361 6876/12356
f 6856/12362 6855/12257 6835/12256 6836/12363
f 6878/12324 6879/12364 6825/12365 6824/12325
f 6877/12366 6858/12367 6806/12368 6814/12369
f 6880/12370 6873/12371 6839/12372 6834/12373
f 6863/12306 6865/12281 6815/12280 6811/12305
f 6862/12302 6877/12366 6814/12369 6810/12301
f 6870/12288 6880/12370 6834/12373 6830/12287
f 6904/12374 6891/12375 6884/12376 6896/12377
f 6903/12378 6897/12379 6888/12380 6892/12381
f 6901/12382 6895/12383 6887/12384 6900/12385
f 6903/12386 6899/12387 6924/12388 6926/12389
f 6886/12390 6890/12391 6901/12392 6898/12393
f 6890/12391 6882/12394 6895/12383 6901/12392
f 6889/12395 6902/12396 6899/12397 6885/12398
f 6881/12399 6894/12400 6902/12396 6889/12395
f 6894/12400 6886/12390 6898/12393 6902/12396
f 6893/12401 6903/12378 6892/12381 6883/12402
f 6885/12398 6899/12397 6903/12378 6893/12401
f 6897/12379 6904/12374 6896/12377 6888/12380
f 6900/12385 6887/12384 6891/12375 6904/12374
f 6883/12402 6892/12381 6907/12403 6905/12404
f 6896/12377 6884/12376 6906/12405 6908/12406
f 6902/12407 6898/12408 6921/12409 6925/12410
f 6908/12411 6913/12412 6930/12413 6928/12414
f 6908/12406 6906/12405 6910/12415 6913/12416
f 6904/12417 6897/12418 6923/12419 6927/12420
f 6905/12404 6907/12403 6912/12421 6909/12422
f 6909/12422 6912/12421 6917/12423 6914/12424
f 6913/12416 6910/12415 6915/12425 6918/12426
f 6911/12427 6913/12416 6918/12426 6916/12428
f 6912/12421 6911/12427 6916/12428 6917/12423
f 6912/12429 6907/12430 6929/12431 6932/12432
f 6913/12433 6911/12434 6931/12435 6930/12436
f 6899/12387 6902/12437 6925/12438 6924/12388
f 6888/12439 6896/12440 6919/12441 6920/12442
f 6892/12443 6888/12439 6920/12442 6922/12444
f 6917/12445 6916/12446 6950/12447 6951/12448
f 6893/12449 6883/12450 6935/12451 6942/12452
f 6918/12453 6915/12454 6949/12455 6952/12456
f 6884/12457 6891/12458 6941/12459 6936/12460
f 6894/12461 6881/12462 6933/12463 6943/12464
f 6906/12465 6884/12457 6936/12460 6946/12466
f 6909/12467 6914/12468 6948/12469 6947/12470
f 6895/12471 6882/12472 6934/12473 6944/12474
f 6885/12475 6893/12449 6942/12452 6937/12476
f 6889/12477 6885/12475 6937/12476 6940/12478
f 6886/12479 6894/12461 6943/12464 6938/12480
f 6905/12481 6909/12467 6947/12470 6945/12482
f 6887/12483 6895/12471 6944/12474 6939/12484
f 6914/12485 6917/12445 6951/12448 6948/12486
f 6883/12450 6905/12481 6945/12482 6935/12451
f 6916/12446 6918/12453 6952/12456 6950/12447
f 6881/12487 6889/12477 6940/12478 6933/12488
f 6926/12489 6942/12490 6935/12491 6922/12492
f 6927/12493 6923/12494 6920/12495 6919/12496
f 6925/12497 6940/12498 6937/12499 6924/12500
f 6927/12501 6954/12502 6900/12503 6904/12504
f 6938/12505 6943/12506 6925/12507 6921/12508
f 6943/12506 6933/12509 6940/12498 6925/12507
f 6944/12510 6955/12511 6954/12512 6939/12513
f 6934/12514 6953/12515 6955/12511 6944/12510
f 6953/12515 6938/12505 6921/12508 6955/12511
f 6941/12516 6927/12493 6919/12496 6936/12517
f 6939/12513 6954/12512 6927/12493 6941/12516
f 6923/12494 6926/12489 6922/12492 6920/12495
f 6922/12518 6929/12431 6907/12430 6892/12519
f 6924/12500 6937/12499 6942/12490 6926/12489
f 6936/12517 6919/12496 6928/12520 6946/12521
f 6922/12492 6935/12491 6945/12522 6929/12523
f 6955/12524 6921/12409 6898/12408 6901/12525
f 6929/12523 6945/12522 6947/12526 6932/12527
f 6926/12528 6923/12419 6897/12418 6903/12529
f 6928/12414 6919/12530 6896/12531 6908/12411
f 6946/12521 6928/12520 6930/12532 6956/12533
f 6956/12533 6930/12532 6952/12534 6949/12535
f 6932/12527 6947/12526 6948/12536 6951/12537
f 6931/12538 6932/12527 6951/12537 6950/12539
f 6930/12532 6931/12538 6950/12539 6952/12534
f 6932/12540 6931/12435 6911/12434 6912/12541
f 6954/12502 6955/12542 6901/12543 6900/12503
f 6953/12544 6934/12545 6882/12546 6890/12547
f 6956/12548 6949/12549 6915/12550 6910/12551
f 6939/12484 6941/12459 6891/12458 6887/12483
f 6938/12480 6953/12544 6890/12547 6886/12479
f 6946/12466 6956/12548 6910/12551 6906/12465
f 6980/12552 6967/12553 6960/12554 6972/12555
f 6979/12556 6973/12557 6964/12558 6968/12559
f 6977/12560 6971/12561 6963/12562 6976/12563
f 6979/12564 6975/12565 7000/12566 7002/12567
f 6962/12568 6966/12569 6977/12570 6974/12571
f 6966/12569 6958/12572 6971/12561 6977/12570
f 6965/12573 6978/12574 6975/12575 6961/12576
f 6957/12577 6970/12578 6978/12574 6965/12573
f 6970/12578 6962/12568 6974/12571 6978/12574
f 6969/12579 6979/12556 6968/12559 6959/12580
f 6961/12576 6975/12575 6979/12556 6969/12579
f 6973/12557 6980/12552 6972/12555 6964/12558
f 6976/12563 6963/12562 6967/12553 6980/12552
f 6959/12580 6968/12559 6983/12581 6981/12582
f 6972/12555 6960/12554 6982/12583 6984/12584
f 6978/12585 6974/12586 6997/12587 7001/12588
f 6984/12589 6989/12590 7006/12591 7004/12592
f 6984/12584 6982/12583 6986/12593 6989/12594
f 6980/12595 6973/12596 6999/12597 7003/12598
f 6981/12582 6983/12581 6988/12599 6985/12600
f 6985/12600 6988/12599 6993/12601 6990/12602
f 6989/12594 6986/12593 6991/12603 6994/12604
f 6987/12605 6989/12594 6994/12604 6992/12606
f 6988/12599 6987/12605 6992/12606 6993/12601
f 6988/12607 6983/12608 7005/12609 7008/12610
f 6989/12611 6987/12612 7007/12613 7006/12614
f 6975/12565 6978/12615 7001/12616 7000/12566
f 6964/12617 6972/12618 6995/12619 6996/12620
f 6968/12621 6964/12617 6996/12620 6998/12622
f 6993/12623 6992/12624 7026/12625 7027/12626
f 6969/12627 6959/12628 7011/12629 7018/12630
f 6994/12631 6991/12632 7025/12633 7028/12634
f 6960/12635 6967/12636 7017/12637 7012/12638
f 6970/12639 6957/12640 7009/12641 7019/12642
f 6982/12643 6960/12635 7012/12638 7022/12644
f 6985/12645 6990/12646 7024/12647 7023/12648
f 6971/12649 6958/12650 7010/12651 7020/12652
f 6961/12653 6969/12627 7018/12630 7013/12654
f 6965/12655 6961/12653 7013/12654 7016/12656
f 6962/12657 6970/12639 7019/12642 7014/12658
f 6981/12659 6985/12645 7023/12648 7021/12660
f 6963/12661 6971/12649 7020/12652 7015/12662
f 6990/12663 6993/12623 7027/12626 7024/12664
f 6959/12628 6981/12659 7021/12660 7011/12629
f 6992/12624 6994/12631 7028/12634 7026/12625
f 6957/12665 6965/12655 7016/12656 7009/12666
f 7002/12667 7018/12668 7011/12669 6998/12670
f 7003/12671 6999/12672 6996/12673 6995/12674
f 7001/12675 7016/12676 7013/12677 7000/12678
f 7003/12679 7030/12680 6976/12681 6980/12682
f 7014/12683 7019/12684 7001/12685 6997/12686
f 7019/12684 7009/12687 7016/12676 7001/12685
f 7020/12688 7031/12689 7030/12690 7015/12691
f 7010/12692 7029/12693 7031/12689 7020/12688
f 7029/12693 7014/12683 6997/12686 7031/12689
f 7017/12694 7003/12671 6995/12674 7012/12695
f 7015/12691 7030/12690 7003/12671 7017/12694
f 6999/12672 7002/12667 6998/12670 6996/12673
f 6998/12696 7005/12609 6983/12608 6968/12697
f 7000/12678 7013/12677 7018/12668 7002/12667
f 7012/12695 6995/12674 7004/12698 7022/12699
f 6998/12670 7011/12669 7021/12700 7005/12701
f 7031/12702 6997/12587 6974/12586 6977/12703
f 7005/12701 7021/12700 7023/12704 7008/12705
f 7002/12706 6999/12597 6973/12596 6979/12707
f 7004/12592 6995/12708 6972/12709 6984/12589
f 7022/12699 7004/12698 7006/12710 7032/12711
f 7032/12711 7006/12710 7028/12712 7025/12713
f 7008/12705 7023/12704 7024/12714 7027/12715
f 7007/12716 7008/12705 7027/12715 7026/12717
f 7006/12710 7007/12716 7026/12717 7028/12712
f 7008/12718 7007/12613 6987/12612 6988/12719
f 7030/12680 7031/12720 6977/12721 6976/12681
f 7029/12722 7010/12723 6958/12724 6966/12725
f 7032/12726 7025/12727 6991/12728 6986/12729
f 7015/12662 7017/12637 6967/12636 6963/12661
f 7014/12658 7029/12722 6966/12725 6962/12657
f 7022/12644 7032/12726 6986/12729 6982/12643
f 7056/12730 7043/12731 7036/12732 7048/12733
f 7055/12734 7049/12735 7040/12736 7044/12737
f 7053/12738 7047/12739 7039/12740 7052/12741
f 7055/12742 7051/12743 7076/12744 7078/12745
f 7038/12746 7042/12747 7053/12748 7050/12749
f 7042/12747 7034/12750 7047/12739 7053/12748
f 7041/12751 7054/12752 7051/12753 7037/12754
f 7033/12755 7046/12756 7054/12752 7041/12751
f 7046/12756 7038/12746 7050/12749 7054/12752
f 7045/12757 7055/12734 7044/12737 7035/12758
f 7037/12754 7051/12753 7055/12734 7045/12757
f 7049/12735 7056/12730 7048/12733 7040/12736
f 7052/12741 7039/12740 7043/12731 7056/12730
f 7035/12758 7044/12737 7059/12759 7057/12760
f 7048/12733 7036/12732 7058/12761 7060/12762
f 7054/12763 7050/12764 7073/12765 7077/12766
f 7060/12767 7065/12768 7082/12769 7080/12770
f 7060/12762 7058/12761 7062/12771 7065/12772
f 7056/12773 7049/12774 7075/12775 7079/12776
f 7057/12760 7059/12759 7064/12777 7061/12778
f 7061/12778 7064/12777 7069/12779 7066/12780
f 7065/12772 7062/12771 7067/12781 7070/12782
f 7063/12783 7065/12772 7070/12782 7068/12784
f 7064/12777 7063/12783 7068/12784 7069/12779
f 7064/12785 7059/12786 7081/12787 7084/12788
f 7065/12789 7063/12790 7083/12791 7082/12792
f 7051/12743 7054/12793 7077/12794 7076/12744
f 7040/12795 7048/12796 7071/12797 7072/12798
f 7044/12799 7040/12795 7072/12798 7074/12800
f 7069/12801 7068/12802 7102/12803 7103/12804
f 7045/12805 7035/12806 7087/12807 7094/12808
f 7070/12809 7067/12810 7101/12811 7104/12812
f 7036/12813 7043/12814 7093/12815 7088/12816
f 7046/12817 7033/12818 7085/12819 7095/12820
f 7058/12821 7036/12813 7088/12816 7098/12822
f 7061/12823 7066/12824 7100/12825 7099/12826
f 7047/12827 7034/12828 7086/12829 7096/12830
f 7037/12831 7045/12805 7094/12808 7089/12832
f 7041/12833 7037/12831 7089/12832 7092/12834
f 7038/12835 7046/12817 7095/12820 7090/12836
f 7057/12837 7061/12823 7099/12826 7097/12838
f 7039/12839 7047/12827 7096/12830 7091/12840
f 7066/12841 7069/12801 7103/12804 7100/12842
f 7035/12806 7057/12837 7097/12838 7087/12807
f 7068/12802 7070/12809 7104/12812 7102/12803
f 7033/12843 7041/12833 7092/12834 7085/12844
f 7078/12845 7094/12846 7087/12847 7074/12848
f 7079/12849 7075/12850 7072/12851 7071/12852
f 7077/12853 7092/12854 7089/12855 7076/12856
f 7079/12857 7106/12858 7052/12859 7056/12860
f 7090/12861 7095/12862 7077/12863 7073/12864
f 7095/12862 7085/12865 7092/12854 7077/12863
f 7096/12866 7107/12867 7106/12868 7091/12869
f 7086/12870 7105/12871 7107/12867 7096/12866
f 7105/12871 7090/12861 7073/12864 7107/12867
f 7093/12872 7079/12849 7071/12852 7088/12873
f 7091/12869 7106/12868 7079/12849 7093/12872
f 7075/12850 7078/12845 7074/12848 7072/12851
f 7074/12874 7081/12787 7059/12786 7044/12875
f 7076/12856 7089/12855 7094/12846 7078/12845
f 7088/12873 7071/12852 7080/12876 7098/12877
f 7074/12848 7087/12847 7097/12878 7081/12879
f 7107/12880 7073/12765 7050/12764 7053/12881
f 7081/12879 7097/12878 7099/12882 7084/12883
f 7078/12884 7075/12775 7049/12774 7055/12885
f 7080/12770 7071/12886 7048/12887 7060/12767
f 7098/12877 7080/12876 7082/12888 7108/12889
f 7108/12889 7082/12888 7104/12890 7101/12891
f 7084/12883 7099/12882 7100/12892 7103/12893
f 7083/12894 7084/12883 7103/12893 7102/12895
f 7082/12888 7083/12894 7102/12895 7104/12890
f 7084/12896 7083/12791 7063/12790 7064/12897
f 7106/12858 7107/12898 7053/12899 7052/12859
f 7105/12900 7086/12901 7034/12902 7042/12903
f 7108/12904 7101/12905 7067/12906 7062/12907
f 7091/12840 7093/12815 7043/12814 7039/12839
f 7090/12836 7105/12900 7042/12903 7038/12835
f 7098/12822 7108/12904 7062/12907 7058/12821
f 7132/12908 7119/12909 7112/12910 7124/12911
f 7131/12912 7125/12913 7116/12914 7120/12915
f 7129/12916 7123/12917 7115/12918 7128/12919
f 7131/12920 7127/12921 7152/12922 7154/12923
f 7114/12924 7118/12925 7129/12926 7126/12927
f 7118/12925 7110/12928 7123/12917 7129/12926
f 7117/12929 7130/12930 7127/12931 7113/12932
f 7109/12933 7122/12934 7130/12930 7117/12929
f 7122/12934 7114/12924 7126/12927 7130/12930
f 7121/12935 7131/12912 7120/12915 7111/12936
f 7113/12932 7127/12931 7131/12912 7121/12935
f 7125/12913 7132/12908 7124/12911 7116/12914
f 7128/12919 7115/12918 7119/12909 7132/12908
f 7111/12936 7120/12915 7135/12937 7133/12938
f 7124/12911 7112/12910 7134/12939 7136/12940
f 7130/12941 7126/12942 7149/12943 7153/12944
f 7136/12945 7141/12946 7158/12947 7156/12948
f 7136/12940 7134/12939 7138/12949 7141/12950
f 7132/12951 7125/12952 7151/12953 7155/12954
f 7133/12938 7135/12937 7140/12955 7137/12956
f 7137/12956 7140/12955 7145/12957 7142/12958
f 7141/12950 7138/12949 7143/12959 7146/12960
f 7139/12961 7141/12950 7146/12960 7144/12962
f 7140/12955 7139/12961 7144/12962 7145/12957
f 7140/12963 7135/12964 7157/12965 7160/12966
f 7141/12967 7139/12968 7159/12969 7158/12970
f 7127/12921 7130/12971 7153/12972 7152/12922
f 7116/12973 7124/12974 7147/12975 7148/12976
f 7120/12977 7116/12973 7148/12976 7150/12978
f 7145/12979 7144/12980 7178/12981 7179/12982
f 7121/12983 7111/12984 7163/12985 7170/12986
f 7146/12987 7143/12988 7177/12989 7180/12990
f 7112/12991 7119/12992 7169/12993 7164/12994
f 7122/12995 7109/12996 7161/12997 7171/12998
f 7134/12999 7112/12991 7164/12994 7174/13000
f 7137/13001 7142/13002 7176/13003 7175/13004
f 7123/13005 7110/13006 7162/13007 7172/13008
f 7113/13009 7121/12983 7170/12986 7165/13010
f 7117/13011 7113/13009 7165/13010 7168/13012
f 7114/13013 7122/12995 7171/12998 7166/13014
f 7133/13015 7137/13001 7175/13004 7173/13016
f 7115/13017 7123/13005 7172/13008 7167/13018
f 7142/13019 7145/12979 7179/12982 7176/13020
f 7111/12984 7133/13015 7173/13016 7163/12985
f 7144/12980 7146/12987 7180/12990 7178/12981
f 7109/13021 7117/13011 7168/13012 7161/13022
f 7154/13023 7170/13024 7163/13025 7150/13026
f 7155/13027 7151/13028 7148/13029 7147/13030
f 7153/13031 7168/13032 7165/13033 7152/13034
f 7155/13035 7182/13036 7128/13037 7132/13038
f 7166/13039 7171/13040 7153/13041 7149/13042
f 7171/13040 7161/13043 7168/13032 7153/13041
f 7172/13044 7183/13045 7182/13046 7167/13047
f 7162/13048 7181/13049 7183/13045 7172/13044
f 7181/13049 7166/13039 7149/13042 7183/13045
f 7169/13050 7155/13027 7147/13030 7164/13051
f 7167/13047 7182/13046 7155/13027 7169/13050
f 7151/13028 7154/13023 7150/13026 7148/13029
f 7150/13052 7157/12965 7135/12964 7120/13053
f 7152/13034 7165/13033 7170/13024 7154/13023
f 7164/13051 7147/13030 7156/13054 7174/13055
f 7150/13026 7163/13025 7173/13056 7157/13057
f 7183/13058 7149/12943 7126/12942 7129/13059
f 7157/13057 7173/13056 7175/13060 7160/13061
f 7154/13062 7151/12953 7125/12952 7131/13063
f 7156/12948 7147/13064 7124/13065 7136/12945
f 7174/13055 7156/13054 7158/13066 7184/13067
f 7184/13067 7158/13066 7180/13068 7177/13069
f 7160/13061 7175/13060 7176/13070 7179/13071
f 7159/13072 7160/13061 7179/13071 7178/13073
f 7158/13066 7159/13072 7178/13073 7180/13068
f 7160/13074 7159/12969 7139/12968 7140/13075
f 7182/13036 7183/13076 7129/13077 7128/13037
f 7181/13078 7162/13079 7110/13080 7118/13081
f 7184/13082 7177/13083 7143/13084 7138/13085
f 7167/13018 7169/12993 7119/12992 7115/13017
f 7166/13014 7181/13078 7118/13081 7114/13013
f 7174/13000 7184/13082 7138/13085 7134/12999
f 1740/4034 1738/2353 7188/13086 1739/13087
f 1759/2800 1779/2232 7190/13088 7189/13089
f 1735/3988 1736/2801 7186/13090 7185/13091
f 1737/2352 1735/3988 7185/13091 7187/13092
f 1736/2801 1759/2800 7189/13089 7186/13090
f 1738/2353 1737/2352 7187/13092 7188/13086
f 1779/2232 1762/2231 1761/13093 7190/13088
f 7191/13094 7195/13095 7196/13096 7192/13097
f 7233/13098 7234/13099 7203/13100 7204/13101
f 7217/13102 7201/13103 7202/13104 7216/13105
f 7238/13106 7236/13107 7212/13108 7219/13109
f 7191/13094 7192/13097 7197/13110 7193/13111
f 7221/13112 7222/13113 7206/13114 7207/13115
f 7233/13098 7204/13101 7205/13116 7235/13117
f 7239/13118 7224/13119 7213/13120 7237/13121
f 7191/13094 7193/13111 7198/13122 7194/13123
f 7226/13124 7227/13125 7209/13126 7210/13127
f 7221/13112 7207/13115 7208/13128 7223/13129
f 7232/13130 7230/13131 7215/13132 7225/13133
f 7191/13094 7194/13123 7199/13134 7195/13095
f 7217/13102 7218/13135 7200/13136 7201/13103
f 7226/13124 7210/13127 7211/13137 7228/13138
f 7231/13139 7220/13140 7214/13141 7229/13142
f 7228/13138 7211/13137 7220/13140 7231/13139
f 7195/13095 7199/13134 7218/13135 7217/13102
f 7234/13099 7238/13106 7219/13109 7203/13100
f 7195/13095 7217/13102 7216/13105 7196/13096
f 7227/13125 7232/13130 7225/13133 7209/13126
f 7193/13111 7221/13112 7223/13129 7198/13122
f 7235/13117 7205/13116 7224/13119 7239/13118
f 7193/13111 7197/13110 7222/13113 7221/13112
f 7198/13122 7223/13129 7232/13130 7227/13125
f 7199/13134 7228/13138 7231/13139 7218/13135
f 7218/13135 7231/13139 7229/13142 7200/13136
f 7194/13123 7226/13124 7228/13138 7199/13134
f 7223/13129 7208/13128 7230/13131 7232/13130
f 7194/13123 7198/13122 7227/13125 7226/13124
f 7197/13110 7235/13117 7239/13118 7222/13113
f 7196/13096 7216/13105 7238/13106 7234/13099
f 7222/13113 7239/13118 7237/13121 7206/13114
f 7192/13097 7233/13098 7235/13117 7197/13110
f 7216/13105 7202/13104 7236/13107 7238/13106
f 7192/13097 7196/13096 7234/13099 7233/13098
f 7237/13121 7213/13120 7253/13143 7263/13144
f 7211/13137 7210/13127 7250/13145 7251/13146
f 7225/13133 7215/13132 7255/13147 7259/13148
f 7213/13120 7224/13119 7258/13149 7253/13143
f 7229/13142 7214/13141 7254/13150 7260/13151
f 7200/13136 7229/13142 7260/13151 7240/13152
f 7214/13141 7220/13140 7257/13153 7254/13150
f 7206/13114 7237/13121 7263/13144 7246/13154
f 7230/13131 7208/13128 7248/13155 7261/13156
f 7201/13103 7200/13136 7240/13152 7241/13157
f 7207/13115 7206/13114 7246/13154 7247/13158
f 7202/13104 7201/13103 7241/13157 7242/13159
f 7208/13128 7207/13115 7247/13158 7248/13155
f 7212/13108 7236/13107 7262/13160 7252/13161
f 7215/13132 7230/13131 7261/13156 7255/13147
f 7203/13100 7219/13109 7256/13162 7243/13163
f 7219/13109 7212/13108 7252/13161 7256/13162
f 7209/13126 7225/13133 7259/13148 7249/13164
f 7204/13101 7203/13100 7243/13163 7244/13165
f 7220/13140 7211/13137 7251/13146 7257/13153
f 7236/13107 7202/13104 7242/13159 7262/13160
f 7210/13127 7209/13126 7249/13164 7250/13145
f 7224/13119 7205/13116 7245/13166 7258/13149
f 7205/13116 7204/13101 7244/13165 7245/13166
f 7264/13167 7268/13168 7269/13169 7265/13170
f 7306/13171 7307/13172 7276/13173 7277/13174
f 7290/13175 7274/13176 7275/13177 7289/13178
f 7311/13179 7309/13180 7285/13181 7292/13182
f 7264/13167 7265/13170 7270/13183 7266/13184
f 7294/13185 7295/13186 7279/13187 7280/13188
f 7306/13171 7277/13174 7278/13189 7308/13190
f 7312/13191 7297/13192 7286/13193 7310/13194
f 7264/13167 7266/13184 7271/13195 7267/13196
f 7299/13197 7300/13198 7282/13199 7283/13200
f 7294/13185 7280/13188 7281/13201 7296/13202
f 7305/13203 7303/13204 7288/13205 7298/13206
f 7264/13167 7267/13196 7272/13207 7268/13168
f 7290/13175 7291/13208 7273/13209 7274/13176
f 7299/13197 7283/13200 7284/13210 7301/13211
f 7304/13212 7293/13213 7287/13214 7302/13215
f 7301/13211 7284/13210 7293/13213 7304/13212
f 7268/13168 7272/13207 7291/13208 7290/13175
f 7307/13172 7311/13179 7292/13182 7276/13173
f 7268/13168 7290/13175 7289/13178 7269/13169
f 7300/13198 7305/13203 7298/13206 7282/13199
f 7266/13184 7294/13185 7296/13202 7271/13195
f 7308/13190 7278/13189 7297/13192 7312/13191
f 7266/13184 7270/13183 7295/13186 7294/13185
f 7271/13195 7296/13202 7305/13203 7300/13198
f 7272/13207 7301/13211 7304/13212 7291/13208
f 7291/13208 7304/13212 7302/13215 7273/13209
f 7267/13196 7299/13197 7301/13211 7272/13207
f 7296/13202 7281/13201 7303/13204 7305/13203
f 7267/13196 7271/13195 7300/13198 7299/13197
f 7270/13183 7308/13190 7312/13191 7295/13186
f 7269/13169 7289/13178 7311/13179 7307/13172
f 7295/13186 7312/13191 7310/13194 7279/13187
f 7265/13170 7306/13171 7308/13190 7270/13183
f 7289/13178 7275/13177 7309/13180 7311/13179
f 7265/13170 7269/13169 7307/13172 7306/13171
f 7310/13194 7286/13193 7326/13216 7336/13217
f 7284/13210 7283/13200 7323/13218 7324/13219
f 7298/13206 7288/13205 7328/13220 7332/13221
f 7286/13193 7297/13192 7331/13222 7326/13216
f 7302/13215 7287/13214 7327/13223 7333/13224
f 7273/13209 7302/13215 7333/13224 7313/13225
f 7287/13214 7293/13213 7330/13226 7327/13223
f 7279/13187 7310/13194 7336/13217 7319/13227
f 7303/13204 7281/13201 7321/13228 7334/13229
f 7274/13176 7273/13209 7313/13225 7314/13230
f 7280/13188 7279/13187 7319/13227 7320/13231
f 7275/13177 7274/13176 7314/13230 7315/13232
f 7281/13201 7280/13188 7320/13231 7321/13228
f 7285/13181 7309/13180 7335/13233 7325/13234
f 7288/13205 7303/13204 7334/13229 7328/13220
f 7276/13173 7292/13182 7329/13235 7316/13236
f 7292/13182 7285/13181 7325/13234 7329/13235
f 7282/13199 7298/13206 7332/13221 7322/13237
f 7277/13174 7276/13173 7316/13236 7317/13238
f 7293/13213 7284/13210 7324/13219 7330/13226
f 7309/13180 7275/13177 7315/13232 7335/13233
f 7283/13200 7282/13199 7322/13237 7323/13218
f 7297/13192 7278/13189 7318/13239 7331/13222
f 7278/13189 7277/13174 7317/13238 7318/13239
f 7337/13240 7341/13241 7342/13242 7338/13243
f 7379/13244 7380/13245 7349/13246 7350/13247
f 7363/13248 7347/13249 7348/13250 7362/13251
f 7384/13252 7382/13253 7358/13254 7365/13255
f 7337/13240 7338/13243 7343/13256 7339/13257
f 7367/13258 7368/13259 7352/13260 7353/13261
f 7379/13244 7350/13247 7351/13262 7381/13263
f 7385/13264 7370/13265 7359/13266 7383/13267
f 7337/13240 7339/13257 7344/13268 7340/13269
f 7372/13270 7373/13271 7355/13272 7356/13273
f 7367/13258 7353/13261 7354/13274 7369/13275
f 7378/13276 7376/13277 7361/13278 7371/13279
f 7337/13240 7340/13269 7345/13280 7341/13241
f 7363/13248 7364/13281 7346/13282 7347/13249
f 7372/13270 7356/13273 7357/13283 7374/13284
f 7377/13285 7366/13286 7360/13287 7375/13288
f 7374/13284 7357/13283 7366/13286 7377/13285
f 7341/13241 7345/13280 7364/13281 7363/13248
f 7380/13245 7384/13252 7365/13255 7349/13246
f 7341/13241 7363/13248 7362/13251 7342/13242
f 7373/13271 7378/13276 7371/13279 7355/13272
f 7339/13257 7367/13258 7369/13275 7344/13268
f 7381/13263 7351/13262 7370/13265 7385/13264
f 7339/13257 7343/13256 7368/13259 7367/13258
f 7344/13268 7369/13275 7378/13276 7373/13271
f 7345/13280 7374/13284 7377/13285 7364/13281
f 7364/13281 7377/13285 7375/13288 7346/13282
f 7340/13269 7372/13270 7374/13284 7345/13280
f 7369/13275 7354/13274 7376/13277 7378/13276
f 7340/13269 7344/13268 7373/13271 7372/13270
f 7343/13256 7381/13263 7385/13264 7368/13259
f 7342/13242 7362/13251 7384/13252 7380/13245
f 7368/13259 7385/13264 7383/13267 7352/13260
f 7338/13243 7379/13244 7381/13263 7343/13256
f 7362/13251 7348/13250 7382/13253 7384/13252
f 7338/13243 7342/13242 7380/13245 7379/13244
f 7383/13267 7359/13266 7399/13289 7409/13290
f 7357/13283 7356/13273 7396/13291 7397/13292
f 7371/13279 7361/13278 7401/13293 7405/13294
f 7359/13266 7370/13265 7404/13295 7399/13289
f 7375/13288 7360/13287 7400/13296 7406/13297
f 7346/13282 7375/13288 7406/13297 7386/13298
f 7360/13287 7366/13286 7403/13299 7400/13296
f 7352/13260 7383/13267 7409/13290 7392/13300
f 7376/13277 7354/13274 7394/13301 7407/13302
f 7347/13249 7346/13282 7386/13298 7387/13303
f 7353/13261 7352/13260 7392/13300 7393/13304
f 7348/13250 7347/13249 7387/13303 7388/13305
f 7354/13274 7353/13261 7393/13304 7394/13301
f 7358/13254 7382/13253 7408/13306 7398/13307
f 7361/13278 7376/13277 7407/13302 7401/13293
f 7349/13246 7365/13255 7402/13308 7389/13309
f 7365/13255 7358/13254 7398/13307 7402/13308
f 7355/13272 7371/13279 7405/13294 7395/13310
f 7350/13247 7349/13246 7389/13309 7390/13311
f 7366/13286 7357/13283 7397/13292 7403/13299
f 7382/13253 7348/13250 7388/13305 7408/13306
f 7356/13273 7355/13272 7395/13310 7396/13291
f 7370/13265 7351/13262 7391/13312 7404/13295
f 7351/13262 7350/13247 7390/13311 7391/13312
f 7410/13313 7414/13314 7415/13315 7411/13316
f 7452/13317 7453/13318 7422/13319 7423/13320
f 7436/13321 7420/13322 7421/13323 7435/13324
f 7457/13325 7455/13326 7431/13327 7438/13328
f 7410/13313 7411/13316 7416/13329 7412/13330
f 7440/13331 7441/13332 7425/13333 7426/13334
f 7452/13317 7423/13320 7424/13335 7454/13336
f 7458/13337 7443/13338 7432/13339 7456/13340
f 7410/13313 7412/13330 7417/13341 7413/13342
f 7445/13343 7446/13344 7428/13345 7429/13346
f 7440/13331 7426/13334 7427/13347 7442/13348
f 7451/13349 7449/13350 7434/13351 7444/13352
f 7410/13313 7413/13342 7418/13353 7414/13314
f 7436/13321 7437/13354 7419/13355 7420/13322
f 7445/13343 7429/13346 7430/13356 7447/13357
f 7450/13358 7439/13359 7433/13360 7448/13361
f 7447/13357 7430/13356 7439/13359 7450/13358
f 7414/13314 7418/13353 7437/13354 7436/13321
f 7453/13318 7457/13325 7438/13328 7422/13319
f 7414/13314 7436/13321 7435/13324 7415/13315
f 7446/13344 7451/13349 7444/13352 7428/13345
f 7412/13330 7440/13331 7442/13348 7417/13341
f 7454/13336 7424/13335 7443/13338 7458/13337
f 7412/13330 7416/13329 7441/13332 7440/13331
f 7417/13341 7442/13348 7451/13349 7446/13344
f 7418/13353 7447/13357 7450/13358 7437/13354
f 7437/13354 7450/13358 7448/13361 7419/13355
f 7413/13342 7445/13343 7447/13357 7418/13353
f 7442/13348 7427/13347 7449/13350 7451/13349
f 7413/13342 7417/13341 7446/13344 7445/13343
f 7416/13329 7454/13336 7458/13337 7441/13332
f 7415/13315 7435/13324 7457/13325 7453/13318
f 7441/13332 7458/13337 7456/13340 7425/13333
f 7411/13316 7452/13317 7454/13336 7416/13329
f 7435/13324 7421/13323 7455/13326 7457/13325
f 7411/13316 7415/13315 7453/13318 7452/13317
f 7456/13340 7432/13339 7472/13362 7482/13363
f 7430/13356 7429/13346 7469/13364 7470/13365
f 7444/13352 7434/13351 7474/13366 7478/13367
f 7432/13339 7443/13338 7477/13368 7472/13362
f 7448/13361 7433/13360 7473/13369 7479/13370
f 7419/13355 7448/13361 7479/13370 7459/13371
f 7433/13360 7439/13359 7476/13372 7473/13369
f 7425/13333 7456/13340 7482/13363 7465/13373
f 7449/13350 7427/13347 7467/13374 7480/13375
f 7420/13322 7419/13355 7459/13371 7460/13376
f 7426/13334 7425/13333 7465/13373 7466/13377
f 7421/13323 7420/13322 7460/13376 7461/13378
f 7427/13347 7426/13334 7466/13377 7467/13374
f 7431/13327 7455/13326 7481/13379 7471/13380
f 7434/13351 7449/13350 7480/13375 7474/13366
f 7422/13319 7438/13328 7475/13381 7462/13382
f 7438/13328 7431/13327 7471/13380 7475/13381
f 7428/13345 7444/13352 7478/13367 7468/13383
f 7423/13320 7422/13319 7462/13382 7463/13384
f 7439/13359 7430/13356 7470/13365 7476/13372
f 7455/13326 7421/13323 7461/13378 7481/13379
f 7429/13346 7428/13345 7468/13383 7469/13364
f 7443/13338 7424/13335 7464/13385 7477/13368
f 7424/13335 7423/13320 7463/13384 7464/13385
f 1572/1918 1573/1925 310/1925 311/1918
f 1583/2055 1582/1911 8/1911 1729/2055
f 1575/1921 1574/425 309/425 143/1921
f 1568/18 1579/9 11/9 315/18
f 1580/10 1583/2055 1729/2055 10/10
f 1557/2063 1556/2062 7496/2062 7497/2063
f 1546/1913 1548/1912 7488/1912 7486/1913
f 1558/2066 1559/2065 7499/2065 7498/2066
f 1551/2054 1550/2053 7490/2053 7491/2054
f 1561/2068 1560/2067 7500/2067 7501/2068
f 1549/2057 1552/2056 7492/2056 7489/2057
f 1562/2069 1561/2068 7501/2068 7502/2069
f 1552/2056 1553/2058 7493/2058 7492/2056
f 1559/2065 1563/2061 7503/2061 7499/2065
f 1554/2060 1555/2059 7495/2059 7494/2060
f 1553/2058 1551/2054 7491/2054 7493/2058
f 1545/1923 1546/1913 7486/1913 7485/1923
f 1560/2067 1558/2066 7498/2066 7500/2067
f 1556/2062 1554/2060 7494/2060 7496/2062
f 1727/2064 1557/2063 7497/2063 7505/2064
f 1563/2061 1547/1924 7487/1924 7503/2061
f 1547/1924 1545/1923 7485/1923 7487/1924
f 1555/2059 1564/2070 7504/2070 7495/2059
f 1550/2053 1727/2064 7505/2064 7490/2053
f 1548/1912 1549/1920 7489/1920 7488/1912
f 1564/2071 1562/2069 7502/2069 7504/2071
f 1752/3377 1754/3378 1755/3286 1753/3285