# 3ds Max Wavefront OBJ Exporter v0.99 - (c)2007 guruware
# File Created: 13.06.2026 17:10:01

mtllib Door.mtl

#
# object Door
#

v  -25.9235 18.6095 -12.8424
v  26.6926 18.6095 25.7403
v  24.0710 18.6095 29.3154
v  -28.5450 18.6095 -9.2673
v  -28.5450 155.6492 -9.2673
v  24.0710 155.6492 29.3154
v  26.6926 155.6492 25.7403
v  -25.9235 155.6492 -12.8424
v  7.2975 40.2429 17.0156
v  7.2975 53.2220 17.0156
v  -11.7715 53.2220 3.0325
v  -11.7715 40.2429 3.0325
v  7.2975 134.0158 17.0156
v  -11.7715 134.0158 3.0325
v  -11.7715 89.4878 3.0325
v  7.2975 89.4878 17.0156
v  17.4264 27.1793 24.4430
v  -21.9005 27.1793 -4.3949
v  24.0710 71.3549 29.3154
v  17.4264 66.2857 24.4430
v  -28.5450 71.3549 -9.2673
v  -21.9005 66.2857 -4.3949
v  17.4264 147.0794 24.4430
v  17.4264 76.4242 24.4430
v  -21.9005 147.0794 -4.3949
v  -21.9005 76.4242 -4.3949
v  17.0242 29.2234 21.6680
v  -19.1329 29.2234 -4.8456
v  17.0242 64.2415 21.6680
v  -19.1329 64.2415 -4.8456
v  17.0242 145.0353 21.6680
v  17.0242 78.4683 21.6680
v  -19.1329 145.0353 -4.8456
v  -19.1329 78.4683 -4.8456
v  14.5783 32.3780 19.8744
v  -16.6869 32.3780 -3.0520
v  14.5783 61.0870 19.8744
v  -16.6869 61.0870 -3.0520
v  14.5783 141.8807 19.8744
v  14.5783 81.6229 19.8744
v  -16.6869 141.8807 -3.0520
v  -16.6869 81.6229 -3.0520
v  11.1962 35.2146 19.8745
v  -15.6703 35.2146 0.1736
v  11.1962 58.2504 19.8745
v  -15.6703 58.2504 0.1736
v  11.1962 139.0442 19.8745
v  11.1962 84.4595 19.8745
v  -15.6703 139.0442 0.1736
v  -15.6703 84.4595 0.1736
v  8.2970 38.9538 17.7485
v  -12.7711 38.9538 2.2996
v  8.2970 54.5112 17.7485
v  -12.7711 54.5112 2.2996
v  8.2970 135.3049 17.7485
v  8.2970 88.1987 17.7485
v  -12.7711 135.3049 2.2996
v  -12.7711 88.1987 2.2996
v  -12.4754 38.9538 1.8963
v  8.5927 38.9538 17.3453
v  7.5931 40.2429 16.6123
v  -11.4758 40.2429 2.6293
v  8.5927 54.5112 17.3453
v  7.5931 53.2220 16.6123
v  -12.4754 54.5112 1.8963
v  -11.4758 53.2220 2.6293
v  8.5927 88.1987 17.3453
v  8.5927 135.3049 17.3453
v  7.5931 134.0158 16.6123
v  7.5931 89.4878 16.6123
v  -12.4754 135.3049 1.8963
v  -11.4758 134.0158 2.6293
v  -12.4754 88.1987 1.8963
v  -11.4758 89.4878 2.6293
v  -25.9235 71.3549 -12.8424
v  26.6926 71.3549 25.7403
v  9.9190 40.2429 13.4405
v  -9.1499 40.2429 -0.5426
v  -9.1499 53.2220 -0.5426
v  9.9190 53.2220 13.4405
v  9.9190 134.0158 13.4405
v  9.9190 89.4878 13.4405
v  -9.1499 89.4878 -0.5426
v  -9.1499 134.0158 -0.5426
v  -19.2789 27.1793 -7.9700
v  20.0480 27.1793 20.8679
v  20.0480 66.2857 20.8679
v  -19.2789 66.2857 -7.9700
v  20.0480 76.4242 20.8679
v  20.0480 147.0794 20.8679
v  -19.2789 147.0794 -7.9700
v  -19.2789 76.4242 -7.9700
v  -18.8767 29.2234 -5.1950
v  17.2804 29.2234 21.3185
v  17.2804 64.2415 21.3185
v  -18.8767 64.2415 -5.1950
v  17.2804 78.4683 21.3185
v  17.2804 145.0353 21.3185
v  -18.8767 145.0353 -5.1950
v  -18.8767 78.4683 -5.1950
v  -16.4307 32.3780 -3.4014
v  14.8345 32.3780 19.5250
v  14.8345 61.0870 19.5250
v  -16.4307 61.0870 -3.4014
v  14.8345 81.6229 19.5250
v  14.8345 141.8807 19.5250
v  -16.4307 141.8807 -3.4014
v  -16.4307 81.6229 -3.4014
v  -13.0487 35.2146 -3.4015
v  13.8178 35.2146 16.2994
v  13.8178 58.2504 16.2994
v  -13.0487 58.2504 -3.4015
v  13.8178 84.4595 16.2994
v  13.8178 139.0442 16.2994
v  -13.0487 139.0442 -3.4015
v  -13.0487 84.4595 -3.4015
v  -10.1495 38.9538 -1.2755
v  10.9186 38.9538 14.1734
v  10.9186 54.5112 14.1734
v  -10.1495 54.5112 -1.2755
v  10.9186 88.1987 14.1734
v  10.9186 135.3049 14.1734
v  -10.1495 135.3049 -1.2755
v  -10.1495 88.1987 -1.2755
v  -10.4452 38.9538 -0.8723
v  -9.4456 40.2429 -0.1394
v  9.6234 40.2429 13.8437
v  10.6229 38.9538 14.5766
v  9.6234 53.2220 13.8437
v  10.6229 54.5112 14.5766
v  -9.4456 53.2220 -0.1394
v  -10.4452 54.5112 -0.8723
v  10.6229 88.1987 14.5766
v  9.6234 89.4878 13.8437
v  9.6234 134.0158 13.8437
v  10.6229 135.3049 14.5766
v  -9.4456 134.0158 -0.1394
v  -10.4452 135.3049 -0.8723
v  -9.4456 89.4878 -0.1394
v  -10.4452 88.1987 -0.8723
v  -24.4317 93.3496 -5.1013
v  -24.6062 94.1570 -5.2292
v  -24.8280 94.1570 -4.9267
v  -24.6535 93.3496 -4.7988
v  -25.0829 94.7481 -5.5787
v  -25.3047 94.7481 -5.2763
v  -25.7340 94.9645 -6.0562
v  -25.9558 94.9645 -5.7538
v  -26.3852 94.7481 -6.5337
v  -26.6070 94.7481 -6.2312
v  -26.8619 94.1570 -6.8833
v  -27.0837 94.1570 -6.5808
v  -27.0364 93.3496 -7.0112
v  -27.2582 93.3496 -6.7087
v  -26.8619 92.5421 -6.8833
v  -27.0837 92.5421 -6.5808
v  -26.3852 91.9510 -6.5337
v  -26.6070 91.9510 -6.2312
v  -25.7340 91.7346 -6.0562
v  -25.9558 91.7346 -5.7538
v  -25.0829 91.9510 -5.5787
v  -25.3047 91.9510 -5.2763
v  -24.6062 92.5421 -5.2292
v  -24.8280 92.5421 -4.9267
v  -25.3913 93.7537 -5.3398
v  -25.3040 93.3496 -5.2757
v  -25.6299 94.0496 -5.5147
v  -25.9558 94.1579 -5.7538
v  -26.2818 94.0496 -5.9928
v  -26.5204 93.7537 -6.1677
v  -26.6077 93.3496 -6.2318
v  -26.5204 92.9454 -6.1677
v  -26.2818 92.6495 -5.9928
v  -25.9558 92.5412 -5.7538
v  -25.6299 92.6495 -5.5147
v  -25.3913 92.9454 -5.3398
v  -25.8205 93.7537 -4.7545
v  -25.7332 93.3496 -4.6904
v  -26.0591 94.0496 -4.9294
v  -26.3850 94.1579 -5.1685
v  -26.7110 94.0496 -5.4075
v  -26.9496 93.7537 -5.5824
v  -27.0369 93.3496 -5.6465
v  -26.9496 92.9454 -5.5824
v  -26.7110 92.6495 -5.4075
v  -26.3850 92.5412 -5.1685
v  -26.0591 92.6495 -4.9294
v  -25.8205 92.9454 -4.7545
v  -24.4906 93.9737 -3.1238
v  -24.6233 94.1801 -3.2211
v  -24.5933 93.9969 -3.1991
v  -25.5588 94.4009 -3.9071
v  -26.3436 94.7121 -4.4826
v  -26.3370 93.9969 -4.4777
v  -25.5530 93.9969 -3.9029
v  -26.8364 94.7121 -4.8439
v  -26.8460 93.9969 -4.8510
v  -27.2777 94.4486 -5.1675
v  -27.3046 93.9969 -5.1873
v  -27.5830 93.9737 -5.3915
v  -25.0508 93.9969 -3.5346
v  -25.0538 94.4247 -3.5368
v  -24.8137 94.3698 -3.3607
v  -24.7956 93.9969 -3.3474
v  -27.5830 92.7895 -5.3915
v  -27.3046 92.7662 -5.1873
v  -27.3046 93.3816 -5.1873
v  -27.6920 93.3816 -5.4714
v  -26.8460 92.7662 -4.8510
v  -26.8460 93.3816 -4.8510
v  -26.3370 92.7662 -4.4777
v  -26.3370 93.3816 -4.4777
v  -25.5530 92.7662 -3.9029
v  -25.5530 93.3816 -3.9029
v  -25.0508 92.7662 -3.5346
v  -25.0508 93.3816 -3.5346
v  -24.7956 92.7662 -3.3474
v  -24.7956 93.3816 -3.3474
v  -24.5933 92.7662 -3.1991
v  -24.5933 93.3816 -3.1991
v  -24.4906 92.7895 -3.1238
v  -24.3816 93.3816 -3.0439
v  -27.2777 92.3146 -5.1675
v  -26.8364 92.0511 -4.8439
v  -26.3436 92.0511 -4.4826
v  -25.5588 92.3623 -3.9071
v  -25.0538 92.3384 -3.5368
v  -24.8137 92.3933 -3.3607
v  -24.6233 92.5831 -3.2211
v  -24.2981 93.3816 -3.0673
v  -24.0294 93.3816 -3.4337
v  -24.1427 93.9969 -3.5168
v  -24.4113 93.9969 -3.1504
v  -25.0104 94.4771 -3.5897
v  -24.7417 94.4771 -3.9560
v  -25.2440 94.4534 -4.3244
v  -25.5126 94.4534 -3.9580
v  -27.5815 93.9969 -5.4751
v  -27.3129 93.9969 -5.8414
v  -27.4261 93.3816 -5.9245
v  -27.6948 93.3816 -5.5581
v  -27.3129 92.7662 -5.8414
v  -27.5815 92.7662 -5.4751
v  -26.2966 91.9989 -4.5328
v  -26.0279 91.9989 -4.8992
v  -25.2440 92.3098 -4.3244
v  -25.5126 92.3098 -3.9580
v  -24.5529 92.5461 -3.2542
v  -24.2843 92.5461 -3.6206
v  -24.1427 92.7662 -3.5168
v  -24.4113 92.7662 -3.1504
v  -26.0279 94.7643 -4.8992
v  -26.2966 94.7643 -4.5328
v  -24.7417 92.2861 -3.9560
v  -25.0104 92.2861 -3.5897
v  -24.7552 94.4188 -3.4025
v  -24.4865 94.4188 -3.7689
v  -24.7552 92.3444 -3.4025
v  -24.4865 92.3444 -3.7689
v  -24.1412 93.9737 -3.6004
v  -24.2439 93.9969 -3.6757
v  -24.2739 94.1801 -3.6977
v  -25.2094 94.4009 -4.3837
v  -25.2036 93.9969 -4.3794
v  -25.9876 93.9969 -4.9543
v  -25.9941 94.7121 -4.9591
v  -24.5529 94.2171 -3.2542
v  -24.2843 94.2171 -3.6206
v  -26.4965 93.9969 -5.3275
v  -26.4869 94.7121 -5.3205
v  -26.9551 93.9969 -5.6638
v  -26.9282 94.4486 -5.6441
v  -27.2336 93.9737 -5.8680
v  -24.7013 93.9969 -4.0111
v  -24.7044 94.4247 -4.0134
v  -24.4642 94.3698 -3.8372
v  -24.4461 93.9969 -3.8240
v  -26.9551 93.3816 -5.6638
v  -26.9551 92.7662 -5.6638
v  -27.2336 92.7895 -5.8680
v  -27.3426 93.3816 -5.9479
v  -26.4965 93.3816 -5.3275
v  -26.4965 92.7662 -5.3275
v  -25.9876 93.3816 -4.9543
v  -25.9876 92.7662 -4.9543
v  -25.2036 93.3816 -4.3794
v  -25.2036 92.7662 -4.3794
v  -24.7013 93.3816 -4.0111
v  -24.7013 92.7662 -4.0111
v  -24.4461 93.3816 -3.8240
v  -24.4461 92.7662 -3.8240
v  -24.2439 93.3816 -3.6757
v  -24.2439 92.7662 -3.6757
v  -24.0322 93.3816 -3.5205
v  -24.1412 92.7895 -3.6004
v  -26.9282 92.3146 -5.6441
v  -26.4869 92.0511 -5.3205
v  -25.9941 92.0511 -4.9591
v  -25.2094 92.3623 -4.3837
v  -24.7044 92.3384 -4.0134
v  -24.4642 92.3933 -3.8372
v  -24.2739 92.5831 -3.6977
v  -26.5369 94.7643 -5.2725
v  -26.8056 94.7643 -4.9061
v  -26.9955 94.4904 -5.6087
v  -27.2642 94.4904 -5.2424
v  -26.9955 92.2728 -5.6087
v  -27.2642 92.2728 -5.2424
v  -26.5369 91.9989 -5.2725
v  -26.8056 91.9989 -4.9061
v  -24.4711 93.9839 -3.1148
v  -24.6077 94.1963 -3.2149
v  -24.4514 93.9911 -3.1162
v  -24.5907 94.2078 -3.2184
v  -25.5538 94.4239 -3.9087
v  -26.3382 94.7349 -4.4839
v  -25.5444 94.4403 -3.9177
v  -26.3285 94.7512 -4.4927
v  -26.8381 94.7349 -4.8505
v  -26.8335 94.7512 -4.8630
v  -27.2869 94.4669 -5.1796
v  -27.2878 94.4799 -5.1961
v  -27.5975 93.9839 -5.4074
v  -27.6021 93.9911 -5.4266
v  -25.0500 94.4477 -3.5393
v  -25.0414 94.4640 -3.5489
v  -24.8032 94.3912 -3.3583
v  -24.7900 94.4065 -3.3645
v  -27.7084 93.3816 -5.4887
v  -27.5975 92.7793 -5.4074
v  -27.7143 93.3816 -5.5089
v  -27.6021 92.7720 -5.4266
v  -24.4711 92.7793 -3.1148
v  -24.3602 93.3816 -3.0335
v  -24.4514 92.7720 -3.1162
v  -24.3392 93.3816 -3.0339
v  -27.2869 92.2963 -5.1796
v  -27.2878 92.2832 -5.1961
v  -26.8381 92.0283 -4.8505
v  -26.8335 92.0119 -4.8630
v  -26.3382 92.0283 -4.4839
v  -26.3285 92.0119 -4.4927
v  -25.5538 92.3393 -3.9087
v  -25.5444 92.3229 -3.9177
v  -25.0500 92.3155 -3.5393
v  -25.0414 92.2992 -3.5489
v  -24.8032 92.3719 -3.3583
v  -24.7900 92.3566 -3.3645
v  -24.6077 92.5669 -3.2149
v  -24.5907 92.5553 -3.2184
v  -24.4314 93.9955 -3.1281
v  -24.3184 93.3816 -3.0452
v  -24.0144 93.3816 -3.4598
v  -24.1274 93.9955 -3.5427
v  -24.0099 93.3816 -3.4829
v  -24.1221 93.9911 -3.5652
v  -25.5307 94.4501 -3.9341
v  -25.0283 94.4738 -3.5657
v  -24.7242 94.4738 -3.9803
v  -25.2267 94.4501 -4.3487
v  -24.7122 94.4640 -3.9979
v  -25.2151 94.4403 -4.3667
v  -27.7098 93.3816 -5.5320
v  -27.5968 93.9955 -5.4492
v  -27.2928 93.9955 -5.8638
v  -27.4058 93.3816 -5.9466
v  -27.2729 93.9911 -5.8756
v  -27.3851 93.3816 -5.9579
v  -27.5968 92.7677 -5.4492
v  -27.2928 92.7677 -5.8638
v  -27.2729 92.7720 -5.8756
v  -25.5307 92.3131 -3.9341
v  -26.3147 92.0022 -4.5090
v  -26.0107 92.0022 -4.9236
v  -25.2267 92.3131 -4.3487
v  -25.9993 92.0119 -4.9417
v  -25.2151 92.3229 -4.3667
v  -24.4314 92.7677 -3.1281
v  -24.5725 92.5484 -3.2315
v  -24.2685 92.5484 -3.6461
v  -24.1274 92.7677 -3.5427
v  -24.2615 92.5553 -3.6674
v  -24.1221 92.7720 -3.5652
v  -26.3147 94.7610 -4.5090
v  -26.0107 94.7610 -4.9236
v  -25.9993 94.7512 -4.9417
v  -25.0283 92.2893 -3.5657
v  -24.7242 92.2893 -3.9803
v  -24.7122 92.2992 -3.9979
v  -24.7740 94.4157 -3.3792
v  -24.4700 94.4157 -3.7938
v  -24.4608 94.4065 -3.8135
v  -24.7740 92.3475 -3.3792
v  -24.4700 92.3475 -3.7938
v  -24.4608 92.3566 -3.8135
v  -24.2633 94.1963 -3.6846
v  -24.1267 93.9839 -3.5844
v  -24.2615 94.2078 -3.6674
v  -25.9938 94.7349 -4.9536
v  -25.2094 94.4239 -4.3784
v  -24.2685 94.2148 -3.6461
v  -24.5725 94.2148 -3.2315
v  -26.4937 94.7349 -5.3201
v  -26.5043 94.7512 -5.3120
v  -26.9425 94.4669 -5.6493
v  -26.9585 94.4799 -5.6451
v  -27.2531 93.9839 -5.8770
v  -24.7056 94.4477 -4.0089
v  -24.4588 94.3912 -3.8280
v  -27.2531 92.7793 -5.8770
v  -27.3640 93.3816 -5.9583
v  -24.0158 93.3816 -3.5032
v  -24.1267 92.7793 -3.5844
v  -26.9425 92.2963 -5.6493
v  -26.9585 92.2832 -5.6451
v  -26.4937 92.0283 -5.3201
v  -26.5043 92.0119 -5.3120
v  -25.9938 92.0283 -4.9536
v  -25.2094 92.3393 -4.3784
v  -24.7056 92.3155 -4.0089
v  -24.4588 92.3719 -3.8280
v  -24.2633 92.5669 -3.6846
v  -26.8227 94.7610 -4.8815
v  -26.5187 94.7610 -5.2961
v  -27.2802 94.4878 -5.2170
v  -26.9762 94.4878 -5.6316
v  -27.2802 92.2754 -5.2170
v  -26.9762 92.2754 -5.6316
v  -26.8227 92.0022 -4.8815
v  -26.5187 92.0022 -5.2961
v  -24.2216 92.6820 -3.5519
v  -24.2216 93.9878 -3.5519
v  -23.3798 93.9878 -2.9346
v  -22.7462 92.6712 -2.4700
v  -24.4781 92.6820 -3.2021
v  -23.0027 92.6712 -2.1202
v  -23.6363 93.9878 -2.5848
v  -24.4781 93.9878 -3.2021
v  -18.7960 93.8217 0.4266
v  -19.0525 93.8217 0.7764
v  -18.8976 93.0780 0.8901
v  -18.6411 93.0780 0.5403
v  -20.1491 94.7126 -0.5656
v  -19.9860 93.0710 -0.4459
v  -20.4056 94.7126 -0.2158
v  -20.2424 93.0710 -0.0961
v  -19.5235 94.6161 -0.1068
v  -19.0887 94.3190 0.2120
v  -19.7800 94.6161 0.2430
v  -19.3452 94.3190 0.5618
v  -19.7218 92.6932 -0.2522
v  -18.9027 92.6975 0.3484
v  -19.1592 92.6975 0.6982
v  -19.9782 92.6932 0.0976
v  -18.9133 92.8822 0.8785
v  -18.6568 92.8822 0.5287
v  -20.2254 92.8754 -0.0836
v  -20.1757 92.7737 -0.0472
v  -20.0933 92.7130 0.0132
v  -19.0442 92.7185 0.7825
v  -18.9623 92.7800 0.8426
v  -19.9689 92.8754 -0.4334
v  -18.7058 92.7800 0.4928
v  -18.7877 92.7185 0.4327
v  -19.8369 92.7130 -0.3366
v  -19.9192 92.7737 -0.3970
v  -22.8256 94.0991 -5.2609
v  -23.3963 94.0991 -4.4825
v  -23.2529 93.0910 -4.3774
v  -22.6822 93.0910 -5.1557
v  -23.2383 94.9857 -5.5635
v  -23.8091 94.9857 -4.7852
v  -23.8707 95.6437 -6.0273
v  -24.4414 95.6437 -5.2489
v  -24.6465 95.9938 -6.5961
v  -25.2172 95.9938 -5.8178
v  -25.4720 95.9938 -7.2015
v  -26.0427 95.9938 -6.4231
v  -26.2477 95.6437 -7.7703
v  -26.8185 95.6437 -6.9920
v  -26.8801 94.9857 -8.2340
v  -27.4508 94.9857 -7.4557
v  -27.2929 94.0991 -8.5367
v  -27.8636 94.0991 -7.7584
v  -27.4362 93.0910 -8.6418
v  -28.0070 93.0910 -7.8635
v  -27.1522 85.8649 -8.4335
v  -27.7229 85.8649 -7.6552
v  -26.7654 84.9784 -8.1499
v  -27.3361 84.9784 -7.3716
v  -26.1729 84.3204 -7.7154
v  -26.7436 84.3204 -6.9371
v  -25.4460 83.9702 -7.1824
v  -26.0167 83.9702 -6.4041
v  -24.6725 83.9702 -6.6152
v  -25.2432 83.9702 -5.8369
v  -23.9456 84.3204 -6.0822
v  -24.5163 84.3204 -5.3038
v  -23.3530 84.9784 -5.6476
v  -23.9238 84.9784 -4.8693
v  -22.9663 85.8649 -5.3640
v  -23.5370 85.8649 -4.5857
v  -23.8942 85.9359 -4.5285
v  -25.7821 85.9359 -5.9129
v  -24.2413 85.1402 -4.7830
v  -23.5599 94.0768 -4.3632
v  -23.4192 93.0869 -4.2600
v  -23.9635 94.9437 -4.6592
v  -24.5819 95.5871 -5.1126
v  -25.3405 95.9295 -5.6689
v  -26.1477 95.9295 -6.2608
v  -26.9062 95.5871 -6.8170
v  -27.5246 94.9437 -7.2705
v  -27.9282 94.0768 -7.5664
v  -28.0690 93.0869 -7.6696
v  -27.7858 85.8827 -7.4620
v  -27.4089 85.0188 -7.1856
v  -26.8301 84.3761 -6.7612
v  -26.1211 84.0346 -6.2413
v  -25.3670 84.0346 -5.6883
v  -24.6580 84.3761 -5.1684
v  -24.0792 85.0188 -4.7440
v  -23.7024 85.8827 -4.4677
v  -23.6135 93.0747 -4.3227
v  -23.7465 94.0097 -4.4202
v  -24.1227 94.8177 -4.6961
v  -24.6990 95.4174 -5.1187
v  -25.4060 95.7364 -5.6371
v  -26.1583 95.7364 -6.1888
v  -26.8653 95.4174 -6.7072
v  -27.4416 94.8177 -7.1298
v  -27.8178 94.0097 -7.4056
v  -27.9507 93.0747 -7.5031
v  -27.6701 85.9359 -7.2973
v  -27.3230 85.1402 -7.0428
v  -26.7854 84.5433 -6.6486
v  -26.1300 84.2276 -6.1680
v  -25.4343 84.2276 -5.6578
v  -24.7788 84.5433 -5.1772
v  -25.7821 93.0747 -5.9129
v  -20.5565 93.3496 -9.9950
v  -20.3347 93.3496 -10.2975
v  -20.5092 94.1570 -10.4255
v  -20.7310 94.1570 -10.1230
v  -20.9859 94.7481 -10.7750
v  -21.2077 94.7481 -10.4725
v  -21.6371 94.9645 -11.2525
v  -21.8589 94.9645 -10.9500
v  -22.2882 94.7481 -11.7300
v  -22.5100 94.7481 -11.4275
v  -22.7649 94.1570 -12.0795
v  -22.9867 94.1570 -11.7771
v  -22.9394 93.3496 -12.2075
v  -23.1612 93.3496 -11.9050
v  -22.7649 92.5421 -12.0795
v  -22.9867 92.5421 -11.7771
v  -22.2882 91.9510 -11.7300
v  -22.5100 91.9510 -11.4275
v  -21.6371 91.7346 -11.2525
v  -21.8589 91.7346 -10.9500
v  -20.9859 91.9510 -10.7750
v  -21.2077 91.9510 -10.4725
v  -20.5092 92.5421 -10.4255
v  -20.7310 92.5421 -10.1230
v  -20.9852 93.3496 -10.7745
v  -21.0725 93.7537 -10.8385
v  -21.3111 94.0496 -11.0135
v  -21.6371 94.1579 -11.2525
v  -21.9630 94.0496 -11.4915
v  -22.2016 93.7537 -11.6665
v  -22.2889 93.3496 -11.7305
v  -22.2016 92.9454 -11.6665
v  -21.9630 92.6495 -11.4915
v  -21.6371 92.5412 -11.2525
v  -21.3111 92.6495 -11.0135
v  -21.0725 92.9454 -10.8385
v  -20.5560 93.3496 -11.3598
v  -20.6433 93.7537 -11.4238
v  -20.8819 94.0496 -11.5988
v  -21.2079 94.1579 -11.8378
v  -21.5338 94.0496 -12.0768
v  -21.7724 93.7537 -12.2518
v  -21.8597 93.3496 -12.3158
v  -21.7724 92.9454 -12.2518
v  -21.5338 92.6495 -12.0768
v  -21.2079 92.5412 -11.8378
v  -20.8819 92.6495 -11.5988
v  -20.6433 92.9454 -11.4238
v  -18.6883 93.9737 -10.6457
v  -18.7910 93.9969 -10.7210
v  -18.8210 94.1801 -10.7430
v  -19.7565 94.4009 -11.4290
v  -19.7507 93.9969 -11.4248
v  -20.5347 93.9969 -11.9996
v  -20.5412 94.7121 -12.0045
v  -21.0341 94.7121 -12.3658
v  -21.0437 93.9969 -12.3729
v  -21.4753 94.4486 -12.6894
v  -21.5022 93.9969 -12.7092
v  -21.7807 93.9737 -12.9134
v  -19.2515 94.4247 -11.0587
v  -19.2484 93.9969 -11.0565
v  -19.0113 94.3698 -10.8826
v  -18.9932 93.9969 -10.8693
v  -21.7807 92.7895 -12.9134
v  -21.8897 93.3816 -12.9933
v  -21.5022 93.3816 -12.7092
v  -21.5022 92.7662 -12.7092
v  -21.0437 93.3816 -12.3729
v  -21.0437 92.7662 -12.3729
v  -20.5347 93.3816 -11.9996
v  -20.5347 92.7662 -11.9996
v  -19.7507 93.3816 -11.4248
v  -19.7507 92.7662 -11.4248
v  -19.2484 93.3816 -11.0565
v  -19.2484 92.7662 -11.0565
v  -18.9932 93.3816 -10.8693
v  -18.9932 92.7662 -10.8693
v  -18.7910 93.3816 -10.7210
v  -18.7910 92.7662 -10.7210
v  -18.5793 93.3816 -10.5658
v  -18.6883 92.7895 -10.6457
v  -21.4753 92.3146 -12.6894
v  -21.0341 92.0511 -12.3658
v  -20.5412 92.0511 -12.0045
v  -19.7565 92.3623 -11.4290
v  -19.2515 92.3384 -11.0587
v  -19.0113 92.3933 -10.8826
v  -18.8210 92.5831 -10.7430
v  -18.5765 93.3816 -10.4790
v  -18.6898 93.9969 -10.5621
v  -18.9585 93.9969 -10.1957
v  -18.8452 93.3816 -10.1127
v  -19.2889 94.4771 -11.0014
v  -19.7911 94.4534 -11.3697
v  -20.0598 94.4534 -11.0033
v  -19.5575 94.4771 -10.6350
v  -21.8600 93.9969 -12.8868
v  -21.9733 93.3816 -12.9698
v  -22.2419 93.3816 -12.6035
v  -22.1287 93.9969 -12.5204
v  -21.8600 92.7662 -12.8868
v  -22.1287 92.7662 -12.5204
v  -20.5751 91.9989 -11.9445
v  -19.7911 92.3098 -11.3697
v  -20.0598 92.3098 -11.0033
v  -20.8437 91.9989 -11.5782
v  -18.8314 92.5461 -10.6659
v  -18.6898 92.7662 -10.5621
v  -18.9585 92.7662 -10.1957
v  -19.1000 92.5461 -10.2996
v  -20.5751 94.7643 -11.9445
v  -20.8437 94.7643 -11.5782
v  -19.2889 92.2861 -11.0014
v  -19.5575 92.2861 -10.6350
v  -19.0336 94.4188 -10.8142
v  -19.3023 94.4188 -10.4479
v  -19.0336 92.3444 -10.8142
v  -19.3023 92.3444 -10.4479
v  -19.0377 93.9737 -10.1692
v  -19.1704 94.1801 -10.2665
v  -19.1404 93.9969 -10.2445
v  -20.1059 94.4009 -10.9525
v  -20.8907 94.7121 -11.5279
v  -20.8841 93.9969 -11.5231
v  -20.1002 93.9969 -10.9482
v  -19.1000 94.2171 -10.2996
v  -18.8314 94.2171 -10.6659
v  -21.3835 94.7121 -11.8893
v  -21.3931 93.9969 -11.8963
v  -21.8248 94.4486 -12.2129
v  -21.8517 93.9969 -12.2326
v  -22.1302 93.9737 -12.4368
v  -19.5979 93.9969 -10.5799
v  -19.6009 94.4247 -10.5822
v  -19.3608 94.3698 -10.4060
v  -19.3427 93.9969 -10.3928
v  -21.8517 93.3816 -12.2326
v  -22.2391 93.3816 -12.5167
v  -22.1302 92.7895 -12.4368
v  -21.8517 92.7662 -12.2326
v  -21.3931 92.7662 -11.8963
v  -21.3931 93.3816 -11.8963
v  -20.8841 92.7662 -11.5231
v  -20.8841 93.3816 -11.5231
v  -20.1002 92.7662 -10.9482
v  -20.1002 93.3816 -10.9482
v  -19.5979 92.7662 -10.5799
v  -19.5979 93.3816 -10.5799
v  -19.3427 92.7662 -10.3928
v  -19.3427 93.3816 -10.3928
v  -19.1404 92.7662 -10.2445
v  -19.1404 93.3816 -10.2445
v  -19.0377 92.7895 -10.1692
v  -18.9287 93.3816 -10.0892
v  -21.8248 92.3146 -12.2129
v  -21.3835 92.0511 -11.8893
v  -20.8907 92.0511 -11.5279
v  -20.1059 92.3623 -10.9525
v  -19.6009 92.3384 -10.5822
v  -19.3608 92.3933 -10.4060
v  -19.1704 92.5831 -10.2665
v  -21.0841 94.7643 -12.3178
v  -21.3527 94.7643 -11.9514
v  -21.5427 94.4904 -12.6541
v  -21.8113 94.4904 -12.2877
v  -21.5427 92.2728 -12.6541
v  -21.8113 92.2728 -12.2877
v  -21.0841 91.9989 -12.3178
v  -21.3527 91.9989 -11.9514
v  -18.8104 94.1963 -10.7300
v  -18.6738 93.9839 -10.6298
v  -18.8086 94.2078 -10.7127
v  -18.6692 93.9911 -10.6105
v  -20.5409 94.7349 -11.9989
v  -19.7565 94.4239 -11.4237
v  -20.5464 94.7512 -11.9871
v  -19.7623 94.4403 -11.4121
v  -21.0408 94.7349 -12.3655
v  -21.0514 94.7512 -12.3573
v  -21.4896 94.4669 -12.6946
v  -21.5056 94.4799 -12.6904
v  -21.8003 93.9839 -12.9224
v  -21.8200 93.9911 -12.9210
v  -19.2527 94.4477 -11.0543
v  -19.2593 94.4640 -11.0433
v  -19.0059 94.3912 -10.8733
v  -19.0079 94.4065 -10.8589
v  -21.8003 92.7793 -12.9224
v  -21.9111 93.3816 -13.0037
v  -21.8200 92.7720 -12.9210
v  -21.9322 93.3816 -13.0032
v  -18.5629 93.3816 -10.5485
v  -18.6738 92.7793 -10.6298
v  -18.5570 93.3816 -10.5283
v  -18.6692 92.7720 -10.6105
v  -21.4896 92.2963 -12.6946
v  -21.5056 92.2832 -12.6904
v  -21.0408 92.0283 -12.3655
v  -21.0514 92.0119 -12.3573
v  -20.5409 92.0283 -11.9989
v  -20.5464 92.0119 -11.9871
v  -19.7565 92.3393 -11.4237
v  -19.7623 92.3229 -11.4121
v  -19.2527 92.3155 -11.0543
v  -19.2593 92.2992 -11.0433
v  -19.0059 92.3719 -10.8733
v  -19.0079 92.3566 -10.8589
v  -18.8104 92.5669 -10.7300
v  -18.8086 92.5553 -10.7127
v  -18.5616 93.3816 -10.5051
v  -18.6745 93.9955 -10.5880
v  -18.9786 93.9955 -10.1734
v  -18.8656 93.3816 -10.0906
v  -18.9985 93.9911 -10.1616
v  -18.8863 93.3816 -10.0793
v  -19.2714 94.4738 -11.0256
v  -19.7738 94.4501 -11.3941
v  -20.0778 94.4501 -10.9795
v  -19.5754 94.4738 -10.6110
v  -20.0915 94.4403 -10.9631
v  -19.5886 94.4640 -10.5943
v  -21.8399 93.9955 -12.9091
v  -21.9529 93.3816 -12.9920
v  -22.2569 93.3816 -12.5774
v  -22.1439 93.9955 -12.4945
v  -22.2614 93.3816 -12.5542
v  -22.1492 93.9911 -12.4720
v  -21.8399 92.7677 -12.9091
v  -22.1439 92.7677 -12.4945
v  -22.1492 92.7720 -12.4720
v  -20.5578 92.0022 -11.9690
v  -19.7738 92.3131 -11.3941
v  -20.0778 92.3131 -10.9795
v  -20.8618 92.0022 -11.5544
v  -20.0915 92.3229 -10.9631
v  -20.8756 92.0119 -11.5381
v  -18.8156 92.5484 -10.6914
v  -18.6745 92.7677 -10.5880
v  -18.9786 92.7677 -10.1734
v  -19.1196 92.5484 -10.2768
v  -18.9985 92.7720 -10.1616
v  -19.1378 92.5553 -10.2638
v  -20.5578 94.7610 -11.9690
v  -20.8618 94.7610 -11.5544
v  -20.8756 94.7512 -11.5381
v  -19.2714 92.2893 -11.0256
v  -19.5754 92.2893 -10.6110
v  -19.5886 92.2992 -10.5943
v  -19.0171 94.4157 -10.8392
v  -19.3211 94.4157 -10.4246
v  -19.3371 94.4065 -10.4099
v  -19.0171 92.3475 -10.8392
v  -19.3211 92.3475 -10.4246
v  -19.3371 92.3566 -10.4099
v  -19.0182 93.9839 -10.1601
v  -19.1548 94.1963 -10.2603
v  -19.1378 94.2078 -10.2638
v  -20.1009 94.4239 -10.9541
v  -20.8853 94.7349 -11.5292
v  -19.1196 94.2148 -10.2768
v  -18.8156 94.2148 -10.6914
v  -21.3852 94.7349 -11.8958
v  -21.3806 94.7512 -11.9083
v  -21.8340 94.4669 -12.2250
v  -21.8349 94.4799 -12.2415
v  -22.1446 93.9839 -12.4527
v  -19.5971 94.4477 -10.5846
v  -19.3503 94.3912 -10.4037
v  -22.2555 93.3816 -12.5340
v  -22.1446 92.7793 -12.4527
v  -19.0182 92.7793 -10.1601
v  -18.9073 93.3816 -10.0788
v  -21.8340 92.2963 -12.2250
v  -21.8349 92.2832 -12.2415
v  -21.3852 92.0283 -11.8958
v  -21.3806 92.0119 -11.9083
v  -20.8853 92.0283 -11.5292
v  -20.1009 92.3393 -10.9541
v  -19.5971 92.3155 -10.5846
v  -19.3503 92.3719 -10.4037
v  -19.1548 92.5669 -10.2603
v  -21.0658 94.7610 -12.3415
v  -21.3698 94.7610 -11.9269
v  -21.5233 94.4878 -12.6769
v  -21.8273 94.4878 -12.2624
v  -21.5233 92.2754 -12.6769
v  -21.8273 92.2754 -12.2624
v  -21.0658 92.0022 -12.3415
v  -21.3698 92.0022 -11.9269
v  -19.0157 92.6820 -10.2605
v  -17.5402 92.6712 -9.1785
v  -18.1739 93.9878 -9.6432
v  -19.0157 93.9878 -10.2605
v  -18.7592 92.6820 -10.6102
v  -18.7592 93.9878 -10.6102
v  -17.9174 93.9878 -9.9930
v  -17.2837 92.6712 -9.5283
v  -13.5901 93.8217 -6.2820
v  -13.4351 93.0780 -6.1683
v  -13.1786 93.0780 -6.5181
v  -13.3336 93.8217 -6.6317
v  -14.7800 93.0710 -7.1545
v  -14.9432 94.7126 -7.2742
v  -14.6867 94.7126 -7.6239
v  -14.5235 93.0710 -7.5043
v  -13.8827 94.3190 -6.4965
v  -14.3176 94.6161 -6.8154
v  -14.0611 94.6161 -7.1652
v  -13.6262 94.3190 -6.8463
v  -14.5158 92.6932 -6.9608
v  -14.2593 92.6932 -7.3106
v  -13.4403 92.6975 -6.7100
v  -13.6968 92.6975 -6.3602
v  -13.4509 92.8822 -6.1799
v  -13.1944 92.8822 -6.5297
v  -13.2434 92.7800 -6.5656
v  -13.3253 92.7185 -6.6257
v  -14.3744 92.7130 -7.3950
v  -14.5064 92.8754 -7.4918
v  -14.4568 92.7737 -7.4554
v  -14.7629 92.8754 -7.1420
v  -14.7133 92.7737 -7.1056
v  -14.6309 92.7130 -7.0452
v  -13.5818 92.7185 -6.2759
v  -13.4998 92.7800 -6.2158
v  -20.2259 94.0991 -8.4152
v  -20.0825 93.0910 -8.3101
v  -19.5118 93.0910 -9.0884
v  -19.6552 94.0991 -9.1935
v  -20.6387 94.9857 -8.7179
v  -20.0679 94.9857 -9.4962
v  -21.2710 95.6437 -9.1816
v  -20.7003 95.6437 -9.9599
v  -22.0468 95.9938 -9.7504
v  -21.4761 95.9938 -10.5288
v  -22.8723 95.9938 -10.3558
v  -22.3016 95.9938 -11.1341
v  -23.6481 95.6437 -10.9246
v  -23.0773 95.6437 -11.7030
v  -24.2804 94.9857 -11.3884
v  -23.7097 94.9857 -12.1667
v  -24.6932 94.0991 -11.6910
v  -24.1225 94.0991 -12.4694
v  -24.8366 93.0910 -11.7962
v  -24.2658 93.0910 -12.5745
v  -24.5525 85.8649 -11.5879
v  -23.9818 85.8649 -12.3662
v  -24.1657 84.9784 -11.3043
v  -23.5950 84.9784 -12.0826
v  -23.5732 84.3204 -10.8697
v  -23.0025 84.3204 -11.6481
v  -22.8463 83.9702 -10.3367
v  -22.2756 83.9702 -11.1150
v  -22.0728 83.9702 -9.7695
v  -21.5021 83.9702 -10.5478
v  -21.3459 84.3204 -9.2365
v  -20.7752 84.3204 -10.0148
v  -20.7534 84.9784 -8.8020
v  -20.1826 84.9784 -9.5803
v  -20.3666 85.8649 -8.5184
v  -19.7959 85.8649 -9.2967
v  -19.8487 85.9359 -9.6546
v  -20.1958 85.1402 -9.9091
v  -21.7366 85.9359 -11.0390
v  -19.4498 93.0869 -9.2823
v  -19.5905 94.0768 -9.3855
v  -19.9942 94.9437 -9.6814
v  -20.6125 95.5871 -10.1349
v  -21.3711 95.9295 -10.6911
v  -22.1783 95.9295 -11.2830
v  -22.9369 95.5871 -11.8393
v  -23.5552 94.9437 -12.2927
v  -23.9588 94.0768 -12.5887
v  -24.0996 93.0869 -12.6919
v  -23.8164 85.8827 -12.4842
v  -23.4396 85.0188 -12.2079
v  -22.8608 84.3761 -11.7835
v  -22.1517 84.0346 -11.2636
v  -21.3977 84.0346 -10.7106
v  -20.6886 84.3761 -10.1907
v  -20.1098 85.0188 -9.7663
v  -19.7330 85.8827 -9.4899
v  -19.5680 93.0747 -9.4488
v  -19.7010 94.0097 -9.5463
v  -20.0772 94.8177 -9.8221
v  -20.6535 95.4174 -10.2447
v  -21.3605 95.7364 -10.7631
v  -22.1128 95.7364 -11.3148
v  -22.8198 95.4174 -11.8332
v  -23.3961 94.8177 -12.2558
v  -23.7723 94.0097 -12.5317
v  -23.9052 93.0747 -12.6292
v  -23.6246 85.9359 -12.4234
v  -23.2775 85.1402 -12.1689
v  -22.7399 84.5433 -11.7747
v  -22.0845 84.2276 -11.2941
v  -21.3888 84.2276 -10.7839
v  -20.7333 84.5433 -10.3033
v  -21.7366 93.0747 -11.0390
# 940 vertices

vn 0.0000 -1.0000 -0.0000
vn 0.0000 1.0000 -0.0000
vn 0.0000 0.0000 1.0000
vn -0.0000 0.0000 1.0000
vn -0.0000 -0.0000 1.0000
vn 0.0000 -0.0000 1.0000
vn -0.0000 0.6994 0.7148
vn 0.0000 0.6994 0.7148
vn -0.7133 -0.0000 0.7009
vn -0.7133 0.0000 0.7009
vn 0.0000 -0.6994 0.7148
vn 0.7133 -0.0000 0.7009
vn 0.7133 0.0000 0.7009
vn -0.0000 -0.6994 0.7148
vn 0.0000 -0.5762 0.8173
vn 0.5914 0.0000 0.8064
vn 0.0000 0.5762 0.8173
vn -0.5914 0.0000 0.8064
vn -1.0000 0.0000 -0.0000
vn 1.0000 0.0000 -0.0000
vn 0.0000 0.0000 -1.0000
vn 0.0000 -0.0000 -1.0000
vn -0.0000 0.0000 -1.0000
vn -0.0000 -0.0000 -1.0000
vn -0.0000 0.6994 -0.7148
vn 0.0000 0.6994 -0.7148
vn -0.7133 0.0000 -0.7009
vn 0.0000 -0.6994 -0.7148
vn 0.7133 -0.0000 -0.7009
vn 0.7133 0.0000 -0.7009
vn -0.7133 -0.0000 -0.7009
vn 0.0000 -0.5762 -0.8173
vn -0.0000 -0.5762 -0.8173
vn 0.5914 0.0000 -0.8064
vn 0.5914 -0.0000 -0.8064
vn 0.0000 0.5762 -0.8173
vn -0.5914 0.0000 -0.8064
vn -0.5914 -0.0000 -0.8064
vn 0.9659 0.2588 -0.0000
vn 0.8660 0.5000 -0.0000
vn 0.5000 0.8660 -0.0000
vn -0.5000 0.8660 -0.0000
vn -0.8660 0.5000 -0.0000
vn -0.8660 -0.5000 -0.0000
vn -0.5000 -0.8660 -0.0000
vn 0.5000 -0.8660 -0.0000
vn 0.7071 -0.7071 -0.0000
vn 0.9659 -0.2588 -0.0000
vn 1.0000 -0.0000 -0.0000
vn 0.7071 0.7071 -0.0000
vn 0.2588 0.9659 -0.0000
vn -0.2588 0.9659 -0.0000
vn -0.7071 0.7071 -0.0000
vn -0.8660 0.5000 0.0000
vn -1.0000 0.0000 0.0000
vn -1.0000 -0.0000 -0.0000
vn -0.9659 -0.2588 -0.0000
vn -0.7071 -0.7071 -0.0000
vn -0.2588 -0.9659 -0.0000
vn 0.2588 -0.9659 -0.0000
vn 0.0927 0.0446 0.9947
vn 0.0696 0.0693 0.9952
vn 0.0110 0.0803 0.9967
vn 0.0154 0.0990 0.9950
vn -0.0229 0.1002 0.9947
vn -0.0641 0.0804 0.9947
vn -0.0927 0.0446 0.9947
vn 0.0071 0.0979 0.9952
vn 0.0432 0.0942 0.9946
vn -0.0927 -0.0446 0.9947
vn -0.1028 -0.0000 0.9947
vn 0.0927 -0.0446 0.9947
vn 0.1028 -0.0000 0.9947
vn -0.0641 -0.0804 0.9947
vn -0.0229 -0.1003 0.9947
vn 0.0154 -0.0990 0.9950
vn 0.0110 -0.0803 0.9967
vn 0.0071 -0.0979 0.9952
vn 0.0432 -0.0942 0.9946
vn 0.0696 -0.0693 0.9952
vn 0.9985 -0.0000 0.0552
vn 0.9985 -0.0000 -0.0553
vn 0.8996 0.4332 -0.0553
vn 0.8996 0.4332 0.0552
vn 0.0720 0.9959 0.0544
vn 0.0720 0.9959 -0.0545
vn 0.1351 0.9893 -0.0555
vn 0.1351 0.9893 0.0554
vn -0.8996 0.4332 0.0552
vn -0.8996 0.4332 -0.0553
vn -0.9985 -0.0000 -0.0553
vn -0.9985 -0.0000 0.0552
vn -0.8996 -0.4332 -0.0553
vn -0.8996 -0.4332 0.0552
vn 0.1539 -0.9866 0.0547
vn 0.1539 -0.9866 -0.0548
vn 0.1351 -0.9893 -0.0555
vn 0.1351 -0.9893 0.0554
vn 0.7075 -0.7046 0.0544
vn 0.7075 -0.7046 -0.0544
vn 0.8996 -0.4332 -0.0553
vn 0.8996 -0.4332 0.0552
vn 0.1539 0.9866 -0.0548
vn 0.1539 0.9866 0.0547
vn 0.0720 -0.9959 -0.0545
vn 0.0720 -0.9959 0.0544
vn 0.4160 0.9077 0.0555
vn 0.4160 0.9077 -0.0556
vn 0.4160 -0.9077 0.0555
vn 0.4160 -0.9077 -0.0556
vn 0.0927 0.0446 -0.9947
vn 0.0696 0.0693 -0.9952
vn 0.0110 0.0803 -0.9967
vn 0.0154 0.0990 -0.9950
vn 0.7075 0.7046 0.0544
vn 0.7075 0.7046 -0.0544
vn -0.0229 0.1002 -0.9947
vn -0.0641 0.0804 -0.9947
vn -0.0927 0.0446 -0.9947
vn 0.0071 0.0979 -0.9952
vn 0.0432 0.0942 -0.9946
vn -0.0927 -0.0446 -0.9947
vn -0.1028 -0.0000 -0.9947
vn 0.1028 0.0000 -0.9947
vn 0.0927 -0.0446 -0.9947
vn -0.0641 -0.0804 -0.9947
vn -0.0229 -0.1002 -0.9947
vn 0.0154 -0.0990 -0.9950
vn 0.0110 -0.0803 -0.9967
vn 0.0071 -0.0979 -0.9952
vn 0.0432 -0.0942 -0.9946
vn 0.0696 -0.0693 -0.9952
vn -0.2222 0.9734 -0.0554
vn -0.2222 0.9734 0.0553
vn -0.6225 0.7806 -0.0553
vn -0.6225 0.7806 0.0553
vn -0.6225 -0.7806 -0.0553
vn -0.6225 -0.7806 0.0552
vn -0.2222 -0.9734 -0.0554
vn -0.2222 -0.9734 0.0553
vn 0.3895 0.1876 0.9017
vn 0.3008 0.2996 0.9054
vn 0.7128 0.3433 0.6116
vn 0.5597 0.5575 0.6131
vn 0.0522 0.3825 0.9225
vn 0.0660 0.4230 0.9037
vn 0.1043 0.7637 0.6371
vn 0.1219 0.7815 0.6119
vn -0.0962 0.4215 0.9017
vn -0.1761 0.7714 0.6116
vn -0.2696 0.3380 0.9017
vn -0.4933 0.6185 0.6116
vn -0.3895 0.1876 0.9017
vn -0.7128 0.3433 0.6116
vn 0.0306 0.4235 0.9054
vn 0.0569 0.7880 0.6131
vn 0.1805 0.3939 0.9013
vn 0.3295 0.7190 0.6119
vn -0.4323 -0.0000 0.9017
vn -0.3895 -0.1876 0.9017
vn -0.7912 -0.0000 0.6116
vn -0.7128 -0.3433 0.6116
vn 0.3895 -0.1876 0.9017
vn 0.4323 -0.0000 0.9017
vn 0.7128 -0.3433 0.6116
vn 0.7912 -0.0000 0.6116
vn -0.2696 -0.3380 0.9017
vn -0.4933 -0.6185 0.6117
vn -0.0962 -0.4215 0.9017
vn -0.1760 -0.7714 0.6116
vn 0.0660 -0.4230 0.9037
vn 0.1219 -0.7815 0.6119
vn 0.0522 -0.3825 0.9225
vn 0.1043 -0.7637 0.6371
vn 0.0306 -0.4235 0.9054
vn 0.0569 -0.7880 0.6131
vn 0.1806 -0.3939 0.9012
vn 0.3296 -0.7191 0.6118
vn 0.3008 -0.2996 0.9054
vn 0.5597 -0.5575 0.6131
vn 0.8684 0.4182 0.2662
vn 0.9639 -0.0000 0.2662
vn 0.9639 -0.0000 -0.2663
vn 0.8684 0.4182 -0.2663
vn 0.7912 -0.0000 -0.6116
vn 0.7128 0.3433 -0.6116
vn 0.1301 0.9527 0.2745
vn 0.0695 0.9618 0.2647
vn 0.0695 0.9618 -0.2647
vn 0.1301 0.9527 -0.2746
vn 0.0569 0.7880 -0.6131
vn 0.1043 0.7637 -0.6371
vn -0.9639 -0.0000 0.2662
vn -0.8684 0.4182 0.2662
vn -0.8684 0.4182 -0.2663
vn -0.9639 -0.0000 -0.2663
vn -0.7128 0.3433 -0.6116
vn -0.7912 -0.0000 -0.6116
vn -0.8684 -0.4182 0.2662
vn -0.8684 -0.4182 -0.2663
vn -0.7128 -0.3433 -0.6116
vn 0.1301 -0.9527 0.2745
vn 0.1486 -0.9527 0.2649
vn 0.1486 -0.9527 -0.2650
vn 0.1301 -0.9527 -0.2746
vn 0.1219 -0.7815 -0.6119
vn 0.1043 -0.7637 -0.6371
vn 0.8684 -0.4182 0.2662
vn 0.6833 -0.6805 0.2647
vn 0.6832 -0.6805 -0.2647
vn 0.8684 -0.4182 -0.2663
vn 0.5597 -0.5575 -0.6131
vn 0.7128 -0.3433 -0.6116
vn 0.1486 0.9528 0.2649
vn 0.1486 0.9527 -0.2650
vn 0.1219 0.7815 -0.6119
vn 0.0695 -0.9618 0.2647
vn 0.0695 -0.9618 -0.2647
vn 0.0569 -0.7880 -0.6131
vn 0.4016 0.8761 0.2669
vn 0.4015 0.8761 -0.2669
vn 0.3295 0.7190 -0.6119
vn 0.4015 -0.8761 0.2669
vn 0.4015 -0.8761 -0.2669
vn 0.3296 -0.7191 -0.6118
vn 0.3008 0.2996 -0.9054
vn 0.3895 0.1876 -0.9017
vn 0.5597 0.5575 -0.6131
vn 0.0660 0.4230 -0.9037
vn 0.0522 0.3825 -0.9225
vn 0.6832 0.6805 -0.2647
vn 0.6833 0.6805 0.2647
vn -0.0962 0.4215 -0.9017
vn -0.1760 0.7714 -0.6116
vn -0.2696 0.3380 -0.9017
vn -0.4933 0.6185 -0.6116
vn -0.3895 0.1876 -0.9017
vn 0.0306 0.4235 -0.9054
vn 0.1805 0.3939 -0.9013
vn -0.3895 -0.1876 -0.9017
vn -0.4323 -0.0000 -0.9017
vn 0.4323 -0.0000 -0.9017
vn 0.3895 -0.1876 -0.9017
vn -0.2696 -0.3380 -0.9017
vn -0.4933 -0.6185 -0.6117
vn -0.0962 -0.4215 -0.9017
vn -0.1761 -0.7714 -0.6116
vn 0.0660 -0.4230 -0.9037
vn 0.0522 -0.3825 -0.9225
vn 0.0306 -0.4235 -0.9054
vn 0.1805 -0.3939 -0.9012
vn 0.3008 -0.2996 -0.9054
vn -0.2145 0.9397 0.2662
vn -0.2145 0.9397 -0.2663
vn -0.6010 0.7536 0.2663
vn -0.6010 0.7536 -0.2664
vn -0.6010 -0.7536 0.2663
vn -0.6010 -0.7536 -0.2663
vn -0.2145 -0.9397 0.2662
vn -0.2145 -0.9397 -0.2663
vn -0.0059 -1.0000 -0.0000
vn 0.0552 -0.9985 -0.0000
vn 0.9041 0.4274 -0.0000
vn 0.9971 0.0766 -0.0000
vn -0.0894 0.9960 -0.0000
vn -0.0276 0.9996 -0.0000
vn 0.1160 -0.9932 -0.0000
vn 0.3085 0.9512 -0.0000
vn -0.0667 -0.9978 -0.0000
vn 0.0751 -0.9972 -0.0000
vn 0.6609 0.7505 -0.0000
vn 0.9499 -0.3126 -0.0000
vn -0.9942 -0.1077 -0.0000
vn -0.9472 -0.3205 -0.0000
vn -0.3306 -0.9438 -0.0000
vn -0.7041 -0.7101 -0.0000
vn 0.3385 -0.9410 -0.0000
vn 0.7101 -0.7041 -0.0000
vn 0.9397 0.3420 -0.0000
vn 0.9276 0.3376 0.1597
vn 0.9853 0.0621 0.1593
vn 0.9980 0.0629 -0.0000
vn 0.7660 0.6428 -0.0000
vn 0.7562 0.6345 0.1597
vn 0.4936 0.8549 0.1597
vn 0.1736 0.9848 -0.0000
vn 0.1714 0.9722 0.1597
vn -0.1736 0.9848 -0.0000
vn -0.1714 0.9722 0.1597
vn -0.4936 0.8549 0.1597
vn -0.7660 0.6428 -0.0000
vn -0.7562 0.6345 0.1597
vn -0.9397 0.3420 -0.0000
vn -0.9276 0.3376 0.1597
vn -0.9980 0.0629 -0.0000
vn -0.9853 0.0621 0.1593
vn -0.9632 -0.2689 -0.0000
vn -0.9507 -0.2655 0.1603
vn -0.7850 -0.6196 -0.0000
vn -0.7749 -0.6116 0.1597
vn -0.5230 -0.8523 -0.0000
vn -0.5163 -0.8414 0.1597
vn -0.1842 -0.9829 -0.0000
vn -0.1818 -0.9703 0.1598
vn 0.1842 -0.9829 -0.0000
vn 0.1818 -0.9703 0.1598
vn 0.5230 -0.8523 -0.0000
vn 0.5163 -0.8414 0.1597
vn 0.7849 -0.6196 -0.0000
vn 0.7749 -0.6116 0.1596
vn 0.9632 -0.2689 -0.0000
vn 0.9507 -0.2655 0.1603
vn 0.1716 -0.0479 0.9840
vn 0.1372 -0.1083 0.9846
vn 0.8901 0.3240 0.3206
vn 0.9462 0.0596 0.3180
vn 0.7256 0.6088 0.3207
vn 0.4736 0.8203 0.3206
vn 0.1645 0.9328 0.3206
vn -0.1645 0.9328 0.3206
vn -0.4736 0.8203 0.3206
vn -0.7256 0.6088 0.3207
vn -0.8901 0.3240 0.3206
vn -0.9462 0.0596 0.3180
vn -0.9114 -0.2545 0.3235
vn -0.7435 -0.5869 0.3205
vn -0.4954 -0.8072 0.3209
vn -0.1744 -0.9308 0.3212
vn 0.1744 -0.9308 0.3212
vn 0.4954 -0.8072 0.3209
vn 0.7435 -0.5869 0.3205
vn 0.9114 -0.2545 0.3235
vn 0.1700 0.0107 0.9854
vn 0.2978 -0.0832 0.9510
vn 0.3139 0.0198 0.9492
vn 0.1644 0.0599 0.9846
vn 0.2932 0.1067 0.9501
vn 0.1341 0.1125 0.9846
vn 0.2390 0.2005 0.9501
vn 0.0875 0.1516 0.9846
vn 0.1560 0.2702 0.9501
vn 0.0304 0.1723 0.9846
vn 0.0542 0.3073 0.9501
vn -0.0304 0.1723 0.9846
vn -0.0542 0.3073 0.9501
vn -0.0875 0.1516 0.9846
vn -0.1560 0.2702 0.9501
vn -0.1341 0.1125 0.9846
vn -0.2390 0.2005 0.9501
vn -0.1644 0.0599 0.9846
vn -0.2932 0.1067 0.9501
vn -0.1700 0.0107 0.9854
vn -0.3139 0.0198 0.9492
vn -0.1715 -0.0479 0.9840
vn -0.2978 -0.0832 0.9510
vn -0.1372 -0.1083 0.9846
vn -0.2450 -0.1934 0.9500
vn -0.0917 -0.1495 0.9845
vn -0.1630 -0.2657 0.9502
vn -0.0324 -0.1727 0.9844
vn -0.0574 -0.3061 0.9503
vn 0.0324 -0.1727 0.9844
vn 0.0574 -0.3061 0.9503
vn 0.0917 -0.1495 0.9845
vn 0.1630 -0.2657 0.9502
vn 0.2450 -0.1934 0.9500
vn -0.0000 1.0000 -0.0000
vn -0.1028 0.0000 -0.9947
vn 0.1028 -0.0000 -0.9947
vn 0.9985 0.0000 -0.0552
vn 0.8996 0.4332 -0.0552
vn 0.8996 0.4332 0.0553
vn 0.9985 0.0000 0.0553
vn 0.0720 0.9959 -0.0544
vn 0.1351 0.9893 -0.0554
vn 0.1351 0.9893 0.0555
vn 0.0720 0.9959 0.0545
vn -0.8996 0.4332 -0.0552
vn -0.9985 0.0000 -0.0552
vn -0.9985 0.0000 0.0553
vn -0.8996 0.4332 0.0553
vn -0.8996 -0.4332 -0.0552
vn -0.8996 -0.4332 0.0553
vn 0.1539 -0.9866 -0.0547
vn 0.1351 -0.9893 -0.0554
vn 0.1351 -0.9893 0.0555
vn 0.1539 -0.9866 0.0548
vn 0.8996 -0.4332 -0.0552
vn 0.8996 -0.4332 0.0553
vn 0.1539 0.9866 -0.0547
vn 0.1539 0.9866 0.0548
vn 0.0720 -0.9959 -0.0544
vn 0.0720 -0.9959 0.0545
vn 0.4160 0.9077 -0.0555
vn 0.4160 0.9077 0.0556
vn 0.4160 -0.9077 -0.0555
vn 0.4160 -0.9077 0.0556
vn -0.1028 0.0000 0.9947
vn 0.1028 0.0000 0.9947
vn -0.0229 -0.1002 0.9947
vn -0.2222 0.9734 -0.0553
vn -0.2222 0.9734 0.0554
vn -0.6225 -0.7806 -0.0552
vn -0.6225 -0.7806 0.0553
vn -0.2222 -0.9734 -0.0553
vn -0.2222 -0.9734 0.0554
vn -0.1761 0.7714 -0.6116
vn 0.1806 0.3939 -0.9012
vn 0.3296 0.7191 -0.6118
vn -0.4323 0.0000 -0.9017
vn -0.7912 0.0000 -0.6116
vn 0.4323 0.0000 -0.9017
vn 0.7912 0.0000 -0.6116
vn -0.1760 -0.7714 -0.6116
vn 0.1805 -0.3939 -0.9013
vn 0.3296 -0.7190 -0.6119
vn 0.9639 0.0000 -0.2662
vn 0.8684 0.4182 -0.2662
vn 0.8684 0.4182 0.2663
vn 0.9639 0.0000 0.2663
vn 0.7912 0.0000 0.6116
vn 0.1301 0.9527 -0.2745
vn 0.1301 0.9527 0.2746
vn -0.9639 0.0000 -0.2662
vn -0.9639 0.0000 0.2663
vn -0.8684 0.4182 0.2663
vn -0.7912 0.0000 0.6116
vn -0.8684 -0.4182 -0.2662
vn -0.8684 -0.4182 0.2663
vn 0.1486 -0.9527 -0.2649
vn 0.1301 -0.9527 -0.2745
vn 0.1301 -0.9527 0.2746
vn 0.1486 -0.9527 0.2650
vn 0.6833 -0.6805 -0.2647
vn 0.8684 -0.4182 -0.2662
vn 0.8684 -0.4182 0.2663
vn 0.6832 -0.6805 0.2647
vn 0.1486 0.9528 -0.2649
vn 0.1486 0.9527 0.2650
vn 0.4016 0.8761 -0.2669
vn 0.4015 0.8761 0.2669
vn 0.3296 0.7191 0.6118
vn 0.3296 -0.7190 0.6119
vn 0.6832 0.6805 0.2647
vn 0.6833 0.6805 -0.2647
vn -0.1760 0.7714 0.6116
vn 0.1806 0.3939 0.9012
vn -0.4323 0.0000 0.9017
vn 0.4323 0.0000 0.9017
vn -0.1761 -0.7714 0.6116
vn 0.1805 -0.3939 0.9013
vn -0.2145 0.9397 -0.2662
vn -0.2145 0.9397 0.2663
vn -0.6010 0.7536 -0.2663
vn -0.6010 0.7536 0.2664
vn -0.2145 -0.9397 -0.2662
vn -0.2145 -0.9397 0.2663
vn 0.9853 0.0621 -0.1593
vn 0.9276 0.3376 -0.1597
vn 0.7562 0.6345 -0.1597
vn 0.4936 0.8549 -0.1597
vn 0.1714 0.9722 -0.1597
vn -0.1714 0.9722 -0.1597
vn -0.4936 0.8549 -0.1597
vn -0.7562 0.6345 -0.1597
vn -0.9276 0.3376 -0.1597
vn -0.9853 0.0621 -0.1593
vn -0.9507 -0.2655 -0.1603
vn -0.7749 -0.6116 -0.1597
vn -0.5163 -0.8414 -0.1597
vn -0.1818 -0.9703 -0.1598
vn 0.1818 -0.9703 -0.1598
vn 0.5163 -0.8414 -0.1597
vn 0.7749 -0.6116 -0.1596
vn 0.9507 -0.2655 -0.1603
vn 0.1716 -0.0479 -0.9840
vn 0.1372 -0.1083 -0.9846
vn 0.9462 0.0596 -0.3180
vn 0.8901 0.3240 -0.3206
vn 0.7256 0.6088 -0.3207
vn 0.4736 0.8203 -0.3206
vn 0.1645 0.9328 -0.3206
vn -0.1645 0.9328 -0.3206
vn -0.4736 0.8203 -0.3206
vn -0.7256 0.6088 -0.3207
vn -0.8901 0.3240 -0.3206
vn -0.9462 0.0596 -0.3180
vn -0.9114 -0.2545 -0.3235
vn -0.7435 -0.5869 -0.3205
vn -0.4954 -0.8072 -0.3209
vn -0.1744 -0.9308 -0.3212
vn 0.1744 -0.9308 -0.3212
vn 0.4954 -0.8072 -0.3209
vn 0.7435 -0.5869 -0.3205
vn 0.9114 -0.2545 -0.3235
vn 0.1700 0.0107 -0.9854
vn 0.3139 0.0198 -0.9492
vn 0.2978 -0.0832 -0.9510
vn 0.1644 0.0599 -0.9846
vn 0.2932 0.1067 -0.9501
vn 0.1341 0.1125 -0.9846
vn 0.2390 0.2005 -0.9501
vn 0.0875 0.1516 -0.9846
vn 0.1560 0.2702 -0.9501
vn 0.0304 0.1723 -0.9846
vn 0.0542 0.3073 -0.9501
vn -0.0304 0.1723 -0.9846
vn -0.0542 0.3073 -0.9501
vn -0.0875 0.1516 -0.9846
vn -0.1560 0.2702 -0.9501
vn -0.1341 0.1125 -0.9846
vn -0.2390 0.2005 -0.9501
vn -0.1644 0.0599 -0.9846
vn -0.2932 0.1067 -0.9501
vn -0.1700 0.0107 -0.9854
vn -0.3139 0.0198 -0.9492
vn -0.1715 -0.0479 -0.9840
vn -0.2978 -0.0832 -0.9510
vn -0.1372 -0.1083 -0.9846
vn -0.2450 -0.1934 -0.9500
vn -0.0917 -0.1495 -0.9845
vn -0.1630 -0.2657 -0.9502
vn -0.0324 -0.1727 -0.9844
vn -0.0574 -0.3061 -0.9503
vn 0.0324 -0.1727 -0.9844
vn 0.0574 -0.3061 -0.9503
vn 0.0917 -0.1495 -0.9845
vn 0.1630 -0.2657 -0.9502
vn 0.2450 -0.1934 -0.9500
# 529 vertex normals

vt 0.2962 0.8275 0.0000
vt 0.5904 0.8275 0.0000
vt 0.5904 0.8476 0.0000
vt 0.2962 0.8476 0.0000
vt 0.0000 0.8271 0.0000
vt 0.2942 0.8271 0.0000
vt 0.2942 0.8472 0.0000
vt 0.0000 0.8472 0.0000
vt 0.1045 0.1837 0.0000
vt 0.1046 0.1229 0.0000
vt 0.2142 0.1231 0.0000
vt 0.2141 0.1840 0.0000
vt 0.6513 0.6456 0.0000
vt 0.7579 0.6447 0.0000
vt 0.7596 0.8522 0.0000
vt 0.6530 0.8531 0.0000
vt 0.6401 0.0206 0.0000
vt 0.6401 0.3223 0.0000
vt 0.6002 0.2840 0.0000
vt 0.6002 0.0590 0.0000
vt 0.3945 0.3223 0.0000
vt 0.4181 0.2840 0.0000
vt 0.3945 0.0206 0.0000
vt 0.4181 0.0590 0.0000
vt 0.0000 0.3223 0.0000
vt 0.0399 0.2840 0.0000
vt 0.3709 0.2840 0.0000
vt 0.0000 0.0206 0.0000
vt 0.0399 0.0590 0.0000
vt 0.3709 0.0590 0.0000
vt 0.5906 0.2748 0.0000
vt 0.5906 0.0682 0.0000
vt 0.8208 0.6360 0.0000
vt 0.8208 0.8455 0.0000
vt 0.8101 0.8346 0.0000
vt 0.8101 0.6470 0.0000
vt 0.4276 0.0682 0.0000
vt 0.4276 0.2748 0.0000
vt 0.7861 0.8460 0.0000
vt 0.7861 0.6365 0.0000
vt 0.7968 0.6475 0.0000
vt 0.7968 0.8351 0.0000
vt 0.0000 0.8629 0.0000
vt 0.3206 0.8629 0.0000
vt 0.3114 0.8755 0.0000
vt 0.0092 0.8755 0.0000
vt 0.0494 0.0682 0.0000
vt 0.0494 0.2748 0.0000
vt 0.6785 0.8623 0.0000
vt 0.9991 0.8623 0.0000
vt 0.9899 0.8750 0.0000
vt 0.6877 0.8750 0.0000
vt 0.3613 0.2748 0.0000
vt 0.3613 0.0682 0.0000
vt 0.5760 0.2607 0.0000
vt 0.5760 0.0823 0.0000
vt 0.4423 0.2607 0.0000
vt 0.4423 0.0823 0.0000
vt 0.0641 0.2607 0.0000
vt 0.3467 0.2607 0.0000
vt 0.0641 0.0823 0.0000
vt 0.3467 0.0823 0.0000
vt 0.5627 0.2480 0.0000
vt 0.5627 0.0950 0.0000
vt 0.4555 0.2480 0.0000
vt 0.4555 0.0950 0.0000
vt 0.0773 0.2480 0.0000
vt 0.3335 0.2480 0.0000
vt 0.0773 0.0950 0.0000
vt 0.3335 0.0950 0.0000
vt 0.5453 0.2312 0.0000
vt 0.5453 0.1117 0.0000
vt 0.4729 0.2312 0.0000
vt 0.4729 0.1117 0.0000
vt 0.0947 0.2312 0.0000
vt 0.3160 0.2312 0.0000
vt 0.0947 0.1117 0.0000
vt 0.3160 0.1117 0.0000
vt 0.2211 0.1920 0.0000
vt 0.0974 0.1918 0.0000
vt 0.1034 0.1856 0.0000
vt 0.2152 0.1858 0.0000
vt 0.0975 0.1148 0.0000
vt 0.1034 0.1210 0.0000
vt 0.2213 0.1151 0.0000
vt 0.2154 0.1212 0.0000
vt 0.6454 0.8602 0.0000
vt 0.6436 0.6386 0.0000
vt 0.6494 0.6445 0.0000
vt 0.6511 0.8542 0.0000
vt 0.7654 0.6376 0.0000
vt 0.7597 0.6436 0.0000
vt 0.7673 0.8592 0.0000
vt 0.7614 0.8533 0.0000
vt 0.2223 0.1938 0.0000
vt 0.0962 0.1936 0.0000
vt 0.0963 0.1130 0.0000
vt 0.2225 0.1133 0.0000
vt 0.2134 0.1840 0.0000
vt 0.6436 0.8613 0.0000
vt 0.6418 0.6375 0.0000
vt 0.7672 0.6365 0.0000
vt 0.7691 0.8603 0.0000
vt 0.3945 0.0000 0.0000
vt 0.6401 0.0000 0.0000
vt 0.3945 0.3236 0.0000
vt 0.3945 0.3443 0.0000
vt 0.0000 0.3443 0.0000
vt 0.0000 0.3236 0.0000
vt 0.8339 0.0099 0.0000
vt 0.9421 0.0123 0.0000
vt 0.9408 0.0724 0.0000
vt 0.8325 0.0700 0.0000
vt 0.6401 0.3443 0.0000
vt 0.6401 0.3236 0.0000
vt 0.6058 0.7633 0.0000
vt 0.3983 0.7638 0.0000
vt 0.3981 0.6572 0.0000
vt 0.6056 0.6567 0.0000
vt 0.0000 0.0000 0.0000
vt 0.6401 0.6459 0.0000
vt 0.6002 0.6076 0.0000
vt 0.6002 0.3826 0.0000
vt 0.4181 0.3826 0.0000
vt 0.4181 0.6076 0.0000
vt 0.3945 0.6459 0.0000
vt 0.3709 0.3826 0.0000
vt 0.0399 0.3826 0.0000
vt 0.0399 0.6076 0.0000
vt 0.0000 0.6459 0.0000
vt 0.3709 0.6076 0.0000
vt 0.5906 0.5984 0.0000
vt 0.5906 0.3918 0.0000
vt 0.7709 0.6365 0.0000
vt 0.7836 0.6457 0.0000
vt 0.7836 0.8041 0.0000
vt 0.7709 0.8134 0.0000
vt 0.4276 0.3918 0.0000
vt 0.4276 0.5984 0.0000
vt 0.6291 0.8241 0.0000
vt 0.6165 0.8149 0.0000
vt 0.6165 0.6565 0.0000
vt 0.6291 0.6472 0.0000
vt 0.6408 0.8524 0.0000
vt 0.6316 0.8650 0.0000
vt 0.3295 0.8650 0.0000
vt 0.3203 0.8524 0.0000
vt 0.0494 0.3918 0.0000
vt 0.0494 0.5984 0.0000
vt 0.3206 0.8489 0.0000
vt 0.3114 0.8616 0.0000
vt 0.0092 0.8616 0.0000
vt 0.0000 0.8489 0.0000
vt 0.3613 0.5984 0.0000
vt 0.3613 0.3918 0.0000
vt 0.5760 0.5843 0.0000
vt 0.5760 0.4059 0.0000
vt 0.4423 0.4059 0.0000
vt 0.4423 0.5843 0.0000
vt 0.3467 0.4059 0.0000
vt 0.0641 0.4059 0.0000
vt 0.0641 0.5843 0.0000
vt 0.3467 0.5843 0.0000
vt 0.5627 0.5716 0.0000
vt 0.5627 0.4186 0.0000
vt 0.4555 0.4186 0.0000
vt 0.4555 0.5716 0.0000
vt 0.3335 0.4186 0.0000
vt 0.0773 0.4186 0.0000
vt 0.0773 0.5716 0.0000
vt 0.3335 0.5716 0.0000
vt 0.5453 0.5549 0.0000
vt 0.5453 0.4353 0.0000
vt 0.4729 0.4353 0.0000
vt 0.4729 0.5549 0.0000
vt 0.3160 0.4353 0.0000
vt 0.0947 0.4353 0.0000
vt 0.0947 0.5549 0.0000
vt 0.3160 0.5549 0.0000
vt 0.9493 0.0046 0.0000
vt 0.9433 0.0105 0.0000
vt 0.8327 0.0080 0.0000
vt 0.8270 0.0018 0.0000
vt 0.8313 0.0718 0.0000
vt 0.8253 0.0778 0.0000
vt 0.9419 0.0743 0.0000
vt 0.9476 0.0805 0.0000
vt 0.3913 0.7714 0.0000
vt 0.3972 0.7656 0.0000
vt 0.6069 0.7651 0.0000
vt 0.6129 0.7709 0.0000
vt 0.6066 0.6548 0.0000
vt 0.6126 0.6491 0.0000
vt 0.3970 0.6553 0.0000
vt 0.3910 0.6496 0.0000
vt 0.9505 0.0028 0.0000
vt 0.8258 0.0000 0.0000
vt 0.8241 0.0795 0.0000
vt 0.9488 0.0823 0.0000
vt 0.3902 0.7732 0.0000
vt 0.6140 0.7727 0.0000
vt 0.6137 0.6472 0.0000
vt 0.3899 0.6478 0.0000
vt 0.9274 0.7929 0.0000
vt 0.9390 0.7930 0.0000
vt 0.9390 0.7982 0.0000
vt 0.9274 0.7981 0.0000
vt 0.9506 0.7930 0.0000
vt 0.9505 0.7982 0.0000
vt 0.9621 0.7931 0.0000
vt 0.9621 0.7983 0.0000
vt 0.9737 0.7931 0.0000
vt 0.9737 0.7983 0.0000
vt 0.8348 0.7925 0.0000
vt 0.8464 0.7925 0.0000
vt 0.8464 0.7977 0.0000
vt 0.8348 0.7977 0.0000
vt 0.8580 0.7926 0.0000
vt 0.8580 0.7978 0.0000
vt 0.8696 0.7926 0.0000
vt 0.8695 0.7978 0.0000
vt 0.8811 0.7927 0.0000
vt 0.8811 0.7979 0.0000
vt 0.8927 0.7928 0.0000
vt 0.8927 0.7979 0.0000
vt 0.9043 0.7928 0.0000
vt 0.9042 0.7980 0.0000
vt 0.9158 0.7929 0.0000
vt 0.9158 0.7981 0.0000
vt 0.8947 0.8084 0.0000
vt 0.9046 0.8143 0.0000
vt 0.8966 0.8221 0.0000
vt 0.8916 0.8191 0.0000
vt 0.9102 0.8245 0.0000
vt 0.8994 0.8272 0.0000
vt 0.9100 0.8360 0.0000
vt 0.8993 0.8330 0.0000
vt 0.9041 0.8460 0.0000
vt 0.8963 0.8379 0.0000
vt 0.8940 0.8516 0.0000
vt 0.8913 0.8407 0.0000
vt 0.8824 0.8514 0.0000
vt 0.8855 0.8406 0.0000
vt 0.8725 0.8454 0.0000
vt 0.8805 0.8377 0.0000
vt 0.8669 0.8353 0.0000
vt 0.8777 0.8326 0.0000
vt 0.8671 0.8237 0.0000
vt 0.8778 0.8268 0.0000
vt 0.8730 0.8138 0.0000
vt 0.8808 0.8218 0.0000
vt 0.8831 0.8082 0.0000
vt 0.8858 0.8190 0.0000
vt 0.1657 0.9713 0.0000
vt 0.1715 0.9714 0.0000
vt 0.1714 0.9814 0.0000
vt 0.1656 0.9814 0.0000
vt 0.1772 0.9714 0.0000
vt 0.1772 0.9815 0.0000
vt 0.1830 0.9715 0.0000
vt 0.1830 0.9815 0.0000
vt 0.1888 0.9715 0.0000
vt 0.1887 0.9816 0.0000
vt 0.1946 0.9716 0.0000
vt 0.1945 0.9816 0.0000
vt 0.2004 0.9716 0.0000
vt 0.2003 0.9817 0.0000
vt 0.2062 0.9717 0.0000
vt 0.2061 0.9817 0.0000
vt 0.2120 0.9717 0.0000
vt 0.2119 0.9818 0.0000
vt 0.2178 0.9718 0.0000
vt 0.2177 0.9818 0.0000
vt 0.2236 0.9718 0.0000
vt 0.2235 0.9818 0.0000
vt 0.1541 0.9712 0.0000
vt 0.1599 0.9713 0.0000
vt 0.1598 0.9813 0.0000
vt 0.1540 0.9813 0.0000
vt 0.5873 0.9703 0.0000
vt 0.5850 0.9732 0.0000
vt 0.5855 0.9707 0.0000
vt 0.5690 0.9763 0.0000
vt 0.5555 0.9806 0.0000
vt 0.5556 0.9707 0.0000
vt 0.5691 0.9707 0.0000
vt 0.5470 0.9806 0.0000
vt 0.5469 0.9707 0.0000
vt 0.5395 0.9770 0.0000
vt 0.5390 0.9707 0.0000
vt 0.5342 0.9704 0.0000
vt 0.5777 0.9707 0.0000
vt 0.5776 0.9766 0.0000
vt 0.5818 0.9758 0.0000
vt 0.5821 0.9707 0.0000
vt 0.5342 0.9540 0.0000
vt 0.5390 0.9537 0.0000
vt 0.5390 0.9622 0.0000
vt 0.5323 0.9622 0.0000
vt 0.5468 0.9537 0.0000
vt 0.5469 0.9622 0.0000
vt 0.5556 0.9537 0.0000
vt 0.5556 0.9622 0.0000
vt 0.5690 0.9537 0.0000
vt 0.5690 0.9622 0.0000
vt 0.5777 0.9536 0.0000
vt 0.5777 0.9622 0.0000
vt 0.5820 0.9536 0.0000
vt 0.5820 0.9622 0.0000
vt 0.5855 0.9536 0.0000
vt 0.5855 0.9621 0.0000
vt 0.5873 0.9540 0.0000
vt 0.5891 0.9621 0.0000
vt 0.5394 0.9475 0.0000
vt 0.5470 0.9438 0.0000
vt 0.5554 0.9438 0.0000
vt 0.5689 0.9481 0.0000
vt 0.5776 0.9477 0.0000
vt 0.5817 0.9485 0.0000
vt 0.5850 0.9511 0.0000
vt 0.9092 0.7779 0.0000
vt 0.9092 0.7716 0.0000
vt 0.9179 0.7716 0.0000
vt 0.9179 0.7779 0.0000
vt 0.9307 0.7780 0.0000
vt 0.9307 0.7717 0.0000
vt 0.9393 0.7717 0.0000
vt 0.9393 0.7780 0.0000
vt 0.2612 0.9036 0.0000
vt 0.2612 0.8973 0.0000
vt 0.2699 0.8973 0.0000
vt 0.2699 0.9036 0.0000
vt 0.2786 0.8972 0.0000
vt 0.2787 0.9035 0.0000
vt 0.8649 0.7777 0.0000
vt 0.8649 0.7714 0.0000
vt 0.8790 0.7714 0.0000
vt 0.8790 0.7777 0.0000
vt 0.8965 0.7778 0.0000
vt 0.8966 0.7715 0.0000
vt 0.9005 0.7716 0.0000
vt 0.9004 0.7778 0.0000
vt 0.9535 0.7718 0.0000
vt 0.9534 0.7781 0.0000
vt 0.8877 0.7715 0.0000
vt 0.8876 0.7778 0.0000
vt 0.9262 0.7780 0.0000
vt 0.9263 0.7717 0.0000
vt 0.8921 0.7778 0.0000
vt 0.8921 0.7715 0.0000
vt 0.5342 0.9295 0.0000
vt 0.5360 0.9298 0.0000
vt 0.5365 0.9323 0.0000
vt 0.5526 0.9354 0.0000
vt 0.5524 0.9298 0.0000
vt 0.5659 0.9297 0.0000
vt 0.5660 0.9396 0.0000
vt 0.9218 0.7779 0.0000
vt 0.9218 0.7716 0.0000
vt 0.5746 0.9297 0.0000
vt 0.5745 0.9396 0.0000
vt 0.5825 0.9297 0.0000
vt 0.5821 0.9359 0.0000
vt 0.5873 0.9294 0.0000
vt 0.5438 0.9298 0.0000
vt 0.5439 0.9357 0.0000
vt 0.5398 0.9349 0.0000
vt 0.5394 0.9298 0.0000
vt 0.5825 0.9212 0.0000
vt 0.5825 0.9127 0.0000
vt 0.5873 0.9130 0.0000
vt 0.5891 0.9212 0.0000
vt 0.5746 0.9212 0.0000
vt 0.5746 0.9127 0.0000
vt 0.5659 0.9212 0.0000
vt 0.5659 0.9127 0.0000
vt 0.5524 0.9212 0.0000
vt 0.5524 0.9127 0.0000
vt 0.5438 0.9213 0.0000
vt 0.5438 0.9127 0.0000
vt 0.5394 0.9213 0.0000
vt 0.5394 0.9127 0.0000
vt 0.5360 0.9213 0.0000
vt 0.5359 0.9128 0.0000
vt 0.5323 0.9213 0.0000
vt 0.5342 0.9131 0.0000
vt 0.5820 0.9064 0.0000
vt 0.5744 0.9028 0.0000
vt 0.5660 0.9028 0.0000
vt 0.5525 0.9071 0.0000
vt 0.5438 0.9068 0.0000
vt 0.5397 0.9076 0.0000
vt 0.5364 0.9102 0.0000
vt 0.2350 0.9038 0.0000
vt 0.2350 0.8975 0.0000
vt 0.2437 0.8974 0.0000
vt 0.2438 0.9037 0.0000
vt 0.2524 0.8974 0.0000
vt 0.2525 0.9037 0.0000
vt 0.2874 0.8972 0.0000
vt 0.2874 0.9035 0.0000
vt 0.8474 0.7776 0.0000
vt 0.8475 0.7713 0.0000
vt 0.8562 0.7713 0.0000
vt 0.8562 0.7776 0.0000
vt 0.5876 0.9705 0.0000
vt 0.5853 0.9734 0.0000
vt 0.5879 0.9706 0.0000
vt 0.5855 0.9736 0.0000
vt 0.5690 0.9766 0.0000
vt 0.5556 0.9809 0.0000
vt 0.5691 0.9769 0.0000
vt 0.5556 0.9812 0.0000
vt 0.5470 0.9809 0.0000
vt 0.5469 0.9812 0.0000
vt 0.5393 0.9772 0.0000
vt 0.5391 0.9775 0.0000
vt 0.5339 0.9706 0.0000
vt 0.5336 0.9707 0.0000
vt 0.5777 0.9769 0.0000
vt 0.5777 0.9772 0.0000
vt 0.5819 0.9761 0.0000
vt 0.5820 0.9764 0.0000
vt 0.5320 0.9622 0.0000
vt 0.5339 0.9539 0.0000
vt 0.5317 0.9622 0.0000
vt 0.5336 0.9538 0.0000
vt 0.5876 0.9538 0.0000
vt 0.5895 0.9621 0.0000
vt 0.5878 0.9537 0.0000
vt 0.5898 0.9621 0.0000
vt 0.5392 0.9472 0.0000
vt 0.5390 0.9470 0.0000
vt 0.5469 0.9435 0.0000
vt 0.5468 0.9432 0.0000
vt 0.5555 0.9435 0.0000
vt 0.5555 0.9432 0.0000
vt 0.5690 0.9477 0.0000
vt 0.5690 0.9474 0.0000
vt 0.5776 0.9474 0.0000
vt 0.5776 0.9471 0.0000
vt 0.5819 0.9482 0.0000
vt 0.5820 0.9479 0.0000
vt 0.5852 0.9509 0.0000
vt 0.5854 0.9507 0.0000
vt 0.9179 0.7783 0.0000
vt 0.9092 0.7783 0.0000
vt 0.9179 0.7787 0.0000
vt 0.9092 0.7786 0.0000
vt 0.9092 0.7712 0.0000
vt 0.9179 0.7712 0.0000
vt 0.9092 0.7709 0.0000
vt 0.9179 0.7709 0.0000
vt 0.9393 0.7784 0.0000
vt 0.9307 0.7784 0.0000
vt 0.9393 0.7788 0.0000
vt 0.9307 0.7787 0.0000
vt 0.9307 0.7713 0.0000
vt 0.9393 0.7713 0.0000
vt 0.9307 0.7710 0.0000
vt 0.9393 0.7710 0.0000
vt 0.2699 0.9040 0.0000
vt 0.2612 0.9040 0.0000
vt 0.2699 0.9043 0.0000
vt 0.2612 0.9044 0.0000
vt 0.2612 0.8969 0.0000
vt 0.2699 0.8969 0.0000
vt 0.2612 0.8966 0.0000
vt 0.2699 0.8965 0.0000
vt 0.2787 0.9039 0.0000
vt 0.2787 0.9043 0.0000
vt 0.2786 0.8968 0.0000
vt 0.2786 0.8965 0.0000
vt 0.8790 0.7782 0.0000
vt 0.8649 0.7781 0.0000
vt 0.8790 0.7785 0.0000
vt 0.8649 0.7784 0.0000
vt 0.8649 0.7710 0.0000
vt 0.8790 0.7710 0.0000
vt 0.8649 0.7706 0.0000
vt 0.8791 0.7707 0.0000
vt 0.9004 0.7783 0.0000
vt 0.8965 0.7782 0.0000
vt 0.9004 0.7786 0.0000
vt 0.8965 0.7786 0.0000
vt 0.8966 0.7711 0.0000
vt 0.9005 0.7711 0.0000
vt 0.8966 0.7708 0.0000
vt 0.9005 0.7708 0.0000
vt 0.9534 0.7785 0.0000
vt 0.9534 0.7788 0.0000
vt 0.9535 0.7714 0.0000
vt 0.9534 0.7711 0.0000
vt 0.8876 0.7782 0.0000
vt 0.8876 0.7785 0.0000
vt 0.8877 0.7711 0.0000
vt 0.8877 0.7708 0.0000
vt 0.9262 0.7784 0.0000
vt 0.9262 0.7787 0.0000
vt 0.9263 0.7713 0.0000
vt 0.9263 0.7709 0.0000
vt 0.8921 0.7782 0.0000
vt 0.8921 0.7785 0.0000
vt 0.8921 0.7711 0.0000
vt 0.8921 0.7708 0.0000
vt 0.5363 0.9326 0.0000
vt 0.5339 0.9296 0.0000
vt 0.5361 0.9328 0.0000
vt 0.5336 0.9297 0.0000
vt 0.5660 0.9399 0.0000
vt 0.5525 0.9357 0.0000
vt 0.5659 0.9402 0.0000
vt 0.5525 0.9360 0.0000
vt 0.9218 0.7712 0.0000
vt 0.9218 0.7709 0.0000
vt 0.9218 0.7784 0.0000
vt 0.9218 0.7787 0.0000
vt 0.5746 0.9399 0.0000
vt 0.5746 0.9402 0.0000
vt 0.5823 0.9362 0.0000
vt 0.5825 0.9364 0.0000
vt 0.5876 0.9295 0.0000
vt 0.5879 0.9296 0.0000
vt 0.5439 0.9360 0.0000
vt 0.5438 0.9363 0.0000
vt 0.5396 0.9352 0.0000
vt 0.5395 0.9355 0.0000
vt 0.5876 0.9128 0.0000
vt 0.5895 0.9212 0.0000
vt 0.5878 0.9127 0.0000
vt 0.5898 0.9212 0.0000
vt 0.5320 0.9213 0.0000
vt 0.5339 0.9129 0.0000
vt 0.5317 0.9213 0.0000
vt 0.5336 0.9128 0.0000
vt 0.5822 0.9061 0.0000
vt 0.5824 0.9059 0.0000
vt 0.5745 0.9025 0.0000
vt 0.5746 0.9022 0.0000
vt 0.5659 0.9025 0.0000
vt 0.5659 0.9022 0.0000
vt 0.5525 0.9068 0.0000
vt 0.5524 0.9065 0.0000
vt 0.5438 0.9065 0.0000
vt 0.5438 0.9062 0.0000
vt 0.5396 0.9073 0.0000
vt 0.5394 0.9070 0.0000
vt 0.5362 0.9100 0.0000
vt 0.5360 0.9098 0.0000
vt 0.2438 0.9041 0.0000
vt 0.2350 0.9042 0.0000
vt 0.2438 0.9045 0.0000
vt 0.2351 0.9045 0.0000
vt 0.2350 0.8970 0.0000
vt 0.2437 0.8970 0.0000
vt 0.2350 0.8967 0.0000
vt 0.2437 0.8967 0.0000
vt 0.2525 0.9041 0.0000
vt 0.2525 0.9044 0.0000
vt 0.2524 0.8970 0.0000
vt 0.2524 0.8966 0.0000
vt 0.2874 0.9039 0.0000
vt 0.2874 0.9042 0.0000
vt 0.2874 0.8968 0.0000
vt 0.2873 0.8964 0.0000
vt 0.8562 0.7780 0.0000
vt 0.8474 0.7780 0.0000
vt 0.8561 0.7784 0.0000
vt 0.8475 0.7783 0.0000
vt 0.8475 0.7709 0.0000
vt 0.8562 0.7709 0.0000
vt 0.8475 0.7705 0.0000
vt 0.8562 0.7706 0.0000
vt 0.2203 0.9381 0.0000
vt 0.2203 0.9561 0.0000
vt 0.2059 0.9561 0.0000
vt 0.1950 0.9379 0.0000
vt 0.3210 0.9668 0.0000
vt 0.2957 0.9670 0.0000
vt 0.3066 0.9488 0.0000
vt 0.3210 0.9488 0.0000
vt 0.0022 0.9678 0.0000
vt 0.0275 0.9681 0.0000
vt 0.0275 0.9741 0.0000
vt 0.0021 0.9738 0.0000
vt 0.1159 0.9692 0.0000
vt 0.1159 0.9752 0.0000
vt 0.1052 0.9751 0.0000
vt 0.1053 0.9690 0.0000
vt 0.1048 0.9414 0.0000
vt 0.1192 0.9414 0.0000
vt 0.1192 0.9474 0.0000
vt 0.1048 0.9474 0.0000
vt 0.1504 0.9662 0.0000
vt 0.1476 0.9434 0.0000
vt 0.0484 0.9474 0.0000
vt 0.0484 0.9414 0.0000
vt 0.2483 0.9615 0.0000
vt 0.2511 0.9387 0.0000
vt 0.0752 0.9687 0.0000
vt 0.0752 0.9747 0.0000
vt 0.1397 0.9648 0.0000
vt 0.1322 0.9607 0.0000
vt 0.1272 0.9538 0.0000
vt 0.1245 0.9435 0.0000
vt 0.0376 0.9474 0.0000
vt 0.0376 0.9414 0.0000
vt 0.2252 0.9614 0.0000
vt 0.2279 0.9511 0.0000
vt 0.2329 0.9442 0.0000
vt 0.2404 0.9401 0.0000
vt 0.0832 0.9688 0.0000
vt 0.0973 0.9690 0.0000
vt 0.0972 0.9750 0.0000
vt 0.0832 0.9748 0.0000
vt 0.1245 0.9693 0.0000
vt 0.1244 0.9753 0.0000
vt 0.0291 0.9474 0.0000
vt 0.0291 0.9414 0.0000
vt 0.1025 0.9750 0.0000
vt 0.1026 0.9690 0.0000
vt 0.2480 0.9642 0.0000
vt 0.2472 0.9656 0.0000
vt 0.2457 0.9664 0.0000
vt 0.2297 0.9666 0.0000
vt 0.2438 0.9667 0.0000
vt 0.2277 0.9663 0.0000
vt 0.2263 0.9655 0.0000
vt 0.2255 0.9641 0.0000
vt 0.0780 0.9687 0.0000
vt 0.0779 0.9747 0.0000
vt 0.1248 0.9408 0.0000
vt 0.1256 0.9394 0.0000
vt 0.1270 0.9386 0.0000
vt 0.1431 0.9382 0.0000
vt 0.1290 0.9383 0.0000
vt 0.1450 0.9385 0.0000
vt 0.1465 0.9393 0.0000
vt 0.1473 0.9407 0.0000
vt 0.0812 0.9748 0.0000
vt 0.0812 0.9688 0.0000
vt 0.0795 0.9747 0.0000
vt 0.0796 0.9687 0.0000
vt 0.0993 0.9690 0.0000
vt 0.0992 0.9750 0.0000
vt 0.1009 0.9690 0.0000
vt 0.1009 0.9750 0.0000
vt 0.9075 0.8793 0.0000
vt 0.9073 0.8926 0.0000
vt 0.8932 0.8925 0.0000
vt 0.8932 0.8791 0.0000
vt 0.9217 0.8795 0.0000
vt 0.9214 0.8929 0.0000
vt 0.9359 0.8800 0.0000
vt 0.9354 0.8933 0.0000
vt 0.9501 0.8805 0.0000
vt 0.9495 0.8939 0.0000
vt 0.9643 0.8812 0.0000
vt 0.9636 0.8946 0.0000
vt 0.9785 0.8821 0.0000
vt 0.9776 0.8954 0.0000
vt 0.9927 0.8831 0.0000
vt 0.9917 0.8965 0.0000
vt 0.3057 0.9038 0.0000
vt 0.3061 0.9172 0.0000
vt 0.2919 0.9177 0.0000
vt 0.2915 0.9043 0.0000
vt 0.3199 0.9035 0.0000
vt 0.3201 0.9169 0.0000
vt 0.4201 0.9020 0.0000
vt 0.4202 0.9153 0.0000
vt 0.4341 0.9020 0.0000
vt 0.4340 0.9154 0.0000
vt 0.4478 0.9022 0.0000
vt 0.4476 0.9155 0.0000
vt 0.4613 0.9024 0.0000
vt 0.4609 0.9158 0.0000
vt 0.4746 0.9029 0.0000
vt 0.4741 0.9162 0.0000
vt 0.4880 0.9034 0.0000
vt 0.4874 0.9168 0.0000
vt 0.5017 0.9041 0.0000
vt 0.5009 0.9175 0.0000
vt 0.5156 0.9050 0.0000
vt 0.5148 0.9184 0.0000
vt 0.7931 0.8924 0.0000
vt 0.7931 0.8790 0.0000
vt 0.7956 0.9718 0.0000
vt 0.7957 0.9394 0.0000
vt 0.8066 0.9659 0.0000
vt 0.9072 0.8954 0.0000
vt 0.8931 0.8953 0.0000
vt 0.9213 0.8957 0.0000
vt 0.9353 0.8961 0.0000
vt 0.9494 0.8967 0.0000
vt 0.9634 0.8974 0.0000
vt 0.9774 0.8982 0.0000
vt 0.9913 0.8993 0.0000
vt 0.3061 0.9200 0.0000
vt 0.2922 0.9205 0.0000
vt 0.3203 0.9197 0.0000
vt 0.4201 0.9182 0.0000
vt 0.4340 0.9182 0.0000
vt 0.4476 0.9183 0.0000
vt 0.4608 0.9186 0.0000
vt 0.4740 0.9190 0.0000
vt 0.4872 0.9196 0.0000
vt 0.5008 0.9203 0.0000
vt 0.5144 0.9212 0.0000
vt 0.7933 0.8952 0.0000
vt 0.6967 0.9763 0.0000
vt 0.7963 0.9746 0.0000
vt 0.6966 0.9792 0.0000
vt 0.6838 0.9740 0.0000
vt 0.6828 0.9767 0.0000
vt 0.6726 0.9675 0.0000
vt 0.6708 0.9697 0.0000
vt 0.6644 0.9576 0.0000
vt 0.6619 0.9590 0.0000
vt 0.6600 0.9455 0.0000
vt 0.6572 0.9459 0.0000
vt 0.6600 0.9325 0.0000
vt 0.6572 0.9320 0.0000
vt 0.6645 0.9204 0.0000
vt 0.6620 0.9190 0.0000
vt 0.6728 0.9106 0.0000
vt 0.6710 0.9084 0.0000
vt 0.6840 0.9041 0.0000
vt 0.6830 0.9014 0.0000
vt 0.6970 0.9019 0.0000
vt 0.6968 0.8991 0.0000
vt 0.7958 0.9070 0.0000
vt 0.7965 0.9042 0.0000
vt 0.8068 0.9130 0.0000
vt 0.8085 0.9108 0.0000
vt 0.8150 0.9223 0.0000
vt 0.8174 0.9208 0.0000
vt 0.8193 0.9335 0.0000
vt 0.8221 0.9330 0.0000
vt 0.8193 0.9455 0.0000
vt 0.8221 0.9460 0.0000
vt 0.8149 0.9567 0.0000
vt 0.8173 0.9582 0.0000
vt 0.8084 0.9682 0.0000
vt 0.6968 0.9391 0.0000
vt 0.2413 0.9236 0.0000
vt 0.2414 0.9288 0.0000
vt 0.2530 0.9286 0.0000
vt 0.2529 0.9234 0.0000
vt 0.2646 0.9283 0.0000
vt 0.2645 0.9231 0.0000
vt 0.2761 0.9280 0.0000
vt 0.2760 0.9229 0.0000
vt 0.2877 0.9278 0.0000
vt 0.2876 0.9226 0.0000
vt 0.1488 0.9257 0.0000
vt 0.1489 0.9309 0.0000
vt 0.1605 0.9306 0.0000
vt 0.1603 0.9254 0.0000
vt 0.1720 0.9304 0.0000
vt 0.1719 0.9252 0.0000
vt 0.1836 0.9301 0.0000
vt 0.1835 0.9249 0.0000
vt 0.1952 0.9298 0.0000
vt 0.1951 0.9246 0.0000
vt 0.2067 0.9296 0.0000
vt 0.2066 0.9244 0.0000
vt 0.2183 0.9293 0.0000
vt 0.2182 0.9241 0.0000
vt 0.2299 0.9291 0.0000
vt 0.2298 0.9239 0.0000
vt 0.0631 0.8900 0.0000
vt 0.0600 0.9007 0.0000
vt 0.0650 0.9037 0.0000
vt 0.0730 0.8960 0.0000
vt 0.0678 0.9088 0.0000
vt 0.0786 0.9061 0.0000
vt 0.0677 0.9146 0.0000
vt 0.0784 0.9176 0.0000
vt 0.0647 0.9195 0.0000
vt 0.0725 0.9276 0.0000
vt 0.0597 0.9223 0.0000
vt 0.0624 0.9332 0.0000
vt 0.0539 0.9222 0.0000
vt 0.0508 0.9330 0.0000
vt 0.0489 0.9193 0.0000
vt 0.0409 0.9270 0.0000
vt 0.0461 0.9142 0.0000
vt 0.0353 0.9169 0.0000
vt 0.0462 0.9084 0.0000
vt 0.0355 0.9053 0.0000
vt 0.0492 0.9034 0.0000
vt 0.0414 0.8954 0.0000
vt 0.0542 0.9006 0.0000
vt 0.0515 0.8898 0.0000
vt 0.4019 0.9302 0.0000
vt 0.4018 0.9402 0.0000
vt 0.4076 0.9403 0.0000
vt 0.4076 0.9302 0.0000
vt 0.4134 0.9403 0.0000
vt 0.4134 0.9303 0.0000
vt 0.4191 0.9404 0.0000
vt 0.4192 0.9303 0.0000
vt 0.4249 0.9404 0.0000
vt 0.4250 0.9304 0.0000
vt 0.4307 0.9405 0.0000
vt 0.4308 0.9304 0.0000
vt 0.4365 0.9405 0.0000
vt 0.4366 0.9305 0.0000
vt 0.4423 0.9406 0.0000
vt 0.4424 0.9305 0.0000
vt 0.4481 0.9406 0.0000
vt 0.4482 0.9306 0.0000
vt 0.4539 0.9407 0.0000
vt 0.4540 0.9306 0.0000
vt 0.4597 0.9407 0.0000
vt 0.4598 0.9307 0.0000
vt 0.3903 0.9301 0.0000
vt 0.3902 0.9401 0.0000
vt 0.3960 0.9402 0.0000
vt 0.3961 0.9301 0.0000
vt 0.6495 0.9688 0.0000
vt 0.6477 0.9692 0.0000
vt 0.6472 0.9717 0.0000
vt 0.6311 0.9748 0.0000
vt 0.6312 0.9692 0.0000
vt 0.6178 0.9692 0.0000
vt 0.6177 0.9791 0.0000
vt 0.6092 0.9791 0.0000
vt 0.6090 0.9692 0.0000
vt 0.6016 0.9755 0.0000
vt 0.6012 0.9692 0.0000
vt 0.5964 0.9689 0.0000
vt 0.6398 0.9751 0.0000
vt 0.6398 0.9692 0.0000
vt 0.6439 0.9743 0.0000
vt 0.6442 0.9692 0.0000
vt 0.5963 0.9525 0.0000
vt 0.5945 0.9607 0.0000
vt 0.6011 0.9607 0.0000
vt 0.6011 0.9522 0.0000
vt 0.6090 0.9607 0.0000
vt 0.6090 0.9522 0.0000
vt 0.6177 0.9607 0.0000
vt 0.6177 0.9522 0.0000
vt 0.6312 0.9607 0.0000
vt 0.6312 0.9522 0.0000
vt 0.6398 0.9607 0.0000
vt 0.6398 0.9521 0.0000
vt 0.6442 0.9607 0.0000
vt 0.6442 0.9521 0.0000
vt 0.6477 0.9606 0.0000
vt 0.6477 0.9521 0.0000
vt 0.6513 0.9606 0.0000
vt 0.6494 0.9525 0.0000
vt 0.6016 0.9460 0.0000
vt 0.6091 0.9423 0.0000
vt 0.6176 0.9423 0.0000
vt 0.6311 0.9466 0.0000
vt 0.6398 0.9462 0.0000
vt 0.6439 0.9470 0.0000
vt 0.6471 0.9496 0.0000
vt 0.2102 0.9168 0.0000
vt 0.2189 0.9167 0.0000
vt 0.2188 0.9104 0.0000
vt 0.2101 0.9105 0.0000
vt 0.2317 0.9166 0.0000
vt 0.2403 0.9165 0.0000
vt 0.2402 0.9102 0.0000
vt 0.2316 0.9103 0.0000
vt 0.2031 0.9036 0.0000
vt 0.2118 0.9036 0.0000
vt 0.2118 0.8973 0.0000
vt 0.2031 0.8973 0.0000
vt 0.2206 0.9035 0.0000
vt 0.2205 0.8972 0.0000
vt 0.1659 0.9173 0.0000
vt 0.1800 0.9171 0.0000
vt 0.1800 0.9108 0.0000
vt 0.1658 0.9110 0.0000
vt 0.1975 0.9169 0.0000
vt 0.2014 0.9169 0.0000
vt 0.2014 0.9106 0.0000
vt 0.1975 0.9106 0.0000
vt 0.2544 0.9163 0.0000
vt 0.2544 0.9100 0.0000
vt 0.1886 0.9170 0.0000
vt 0.1886 0.9107 0.0000
vt 0.2272 0.9166 0.0000
vt 0.2272 0.9103 0.0000
vt 0.1931 0.9170 0.0000
vt 0.1930 0.9107 0.0000
vt 0.5998 0.9302 0.0000
vt 0.6021 0.9331 0.0000
vt 0.6016 0.9305 0.0000
vt 0.6182 0.9361 0.0000
vt 0.6316 0.9404 0.0000
vt 0.6315 0.9305 0.0000
vt 0.6181 0.9305 0.0000
vt 0.2227 0.9104 0.0000
vt 0.2228 0.9167 0.0000
vt 0.6401 0.9403 0.0000
vt 0.6402 0.9304 0.0000
vt 0.6477 0.9367 0.0000
vt 0.6481 0.9304 0.0000
vt 0.6529 0.9301 0.0000
vt 0.6094 0.9305 0.0000
vt 0.6095 0.9364 0.0000
vt 0.6054 0.9357 0.0000
vt 0.6050 0.9305 0.0000
vt 0.6481 0.9219 0.0000
vt 0.6548 0.9219 0.0000
vt 0.6529 0.9137 0.0000
vt 0.6481 0.9134 0.0000
vt 0.6402 0.9134 0.0000
vt 0.6402 0.9219 0.0000
vt 0.6315 0.9134 0.0000
vt 0.6315 0.9220 0.0000
vt 0.6180 0.9135 0.0000
vt 0.6180 0.9220 0.0000
vt 0.6094 0.9135 0.0000
vt 0.6094 0.9220 0.0000
vt 0.6050 0.9135 0.0000
vt 0.6050 0.9220 0.0000
vt 0.6015 0.9135 0.0000
vt 0.6016 0.9220 0.0000
vt 0.5998 0.9138 0.0000
vt 0.5979 0.9220 0.0000
vt 0.6476 0.9071 0.0000
vt 0.6400 0.9035 0.0000
vt 0.6316 0.9035 0.0000
vt 0.6181 0.9079 0.0000
vt 0.6094 0.9076 0.0000
vt 0.6053 0.9083 0.0000
vt 0.6020 0.9110 0.0000
vt 0.1769 0.9038 0.0000
vt 0.1857 0.9037 0.0000
vt 0.1856 0.8974 0.0000
vt 0.1769 0.8975 0.0000
vt 0.1944 0.9037 0.0000
vt 0.1944 0.8974 0.0000
vt 0.2293 0.9035 0.0000
vt 0.2293 0.8972 0.0000
vt 0.1484 0.9175 0.0000
vt 0.1572 0.9174 0.0000
vt 0.1571 0.9111 0.0000
vt 0.1484 0.9112 0.0000
vt 0.6474 0.9719 0.0000
vt 0.6497 0.9690 0.0000
vt 0.6476 0.9721 0.0000
vt 0.6500 0.9691 0.0000
vt 0.6177 0.9794 0.0000
vt 0.6312 0.9751 0.0000
vt 0.6178 0.9797 0.0000
vt 0.6312 0.9754 0.0000
vt 0.6091 0.9794 0.0000
vt 0.6091 0.9797 0.0000
vt 0.6014 0.9757 0.0000
vt 0.6012 0.9760 0.0000
vt 0.5961 0.9691 0.0000
vt 0.5958 0.9692 0.0000
vt 0.6398 0.9754 0.0000
vt 0.6398 0.9757 0.0000
vt 0.6441 0.9746 0.0000
vt 0.6442 0.9749 0.0000
vt 0.5960 0.9524 0.0000
vt 0.5942 0.9607 0.0000
vt 0.5958 0.9523 0.0000
vt 0.5939 0.9607 0.0000
vt 0.6516 0.9606 0.0000
vt 0.6497 0.9523 0.0000
vt 0.6519 0.9606 0.0000
vt 0.6500 0.9522 0.0000
vt 0.6014 0.9457 0.0000
vt 0.6012 0.9455 0.0000
vt 0.6091 0.9420 0.0000
vt 0.6090 0.9417 0.0000
vt 0.6177 0.9420 0.0000
vt 0.6177 0.9417 0.0000
vt 0.6311 0.9462 0.0000
vt 0.6312 0.9459 0.0000
vt 0.6398 0.9459 0.0000
vt 0.6398 0.9456 0.0000
vt 0.6440 0.9467 0.0000
vt 0.6441 0.9464 0.0000
vt 0.6474 0.9494 0.0000
vt 0.6476 0.9492 0.0000
vt 0.2102 0.9172 0.0000
vt 0.2189 0.9171 0.0000
vt 0.2102 0.9175 0.0000
vt 0.2189 0.9174 0.0000
vt 0.2188 0.9100 0.0000
vt 0.2101 0.9101 0.0000
vt 0.2188 0.9097 0.0000
vt 0.2101 0.9098 0.0000
vt 0.2317 0.9170 0.0000
vt 0.2403 0.9169 0.0000
vt 0.2317 0.9173 0.0000
vt 0.2403 0.9172 0.0000
vt 0.2402 0.9098 0.0000
vt 0.2316 0.9099 0.0000
vt 0.2402 0.9094 0.0000
vt 0.2316 0.9095 0.0000
vt 0.2031 0.9040 0.0000
vt 0.2118 0.9040 0.0000
vt 0.2031 0.9044 0.0000
vt 0.2119 0.9043 0.0000
vt 0.2118 0.8969 0.0000
vt 0.2031 0.8969 0.0000
vt 0.2118 0.8965 0.0000
vt 0.2031 0.8966 0.0000
vt 0.2206 0.9039 0.0000
vt 0.2206 0.9043 0.0000
vt 0.2205 0.8968 0.0000
vt 0.2205 0.8965 0.0000
vt 0.1659 0.9177 0.0000
vt 0.1800 0.9176 0.0000
vt 0.1659 0.9180 0.0000
vt 0.1800 0.9179 0.0000
vt 0.1800 0.9104 0.0000
vt 0.1658 0.9106 0.0000
vt 0.1800 0.9101 0.0000
vt 0.1658 0.9102 0.0000
vt 0.1975 0.9174 0.0000
vt 0.2014 0.9173 0.0000
vt 0.1976 0.9177 0.0000
vt 0.2015 0.9176 0.0000
vt 0.2014 0.9102 0.0000
vt 0.1975 0.9102 0.0000
vt 0.2014 0.9099 0.0000
vt 0.1975 0.9099 0.0000
vt 0.2544 0.9167 0.0000
vt 0.2544 0.9171 0.0000
vt 0.2544 0.9096 0.0000
vt 0.2543 0.9093 0.0000
vt 0.1887 0.9174 0.0000
vt 0.1887 0.9178 0.0000
vt 0.1886 0.9103 0.0000
vt 0.1886 0.9100 0.0000
vt 0.2272 0.9170 0.0000
vt 0.2272 0.9174 0.0000
vt 0.2272 0.9099 0.0000
vt 0.2272 0.9096 0.0000
vt 0.1931 0.9174 0.0000
vt 0.1931 0.9177 0.0000
vt 0.1930 0.9103 0.0000
vt 0.1930 0.9100 0.0000
vt 0.5995 0.9304 0.0000
vt 0.6019 0.9333 0.0000
vt 0.5993 0.9305 0.0000
vt 0.6017 0.9335 0.0000
vt 0.6181 0.9364 0.0000
vt 0.6316 0.9407 0.0000
vt 0.6181 0.9367 0.0000
vt 0.6316 0.9410 0.0000
vt 0.2227 0.9100 0.0000
vt 0.2227 0.9096 0.0000
vt 0.2228 0.9171 0.0000
vt 0.2228 0.9174 0.0000
vt 0.6402 0.9407 0.0000
vt 0.6402 0.9410 0.0000
vt 0.6479 0.9369 0.0000
vt 0.6481 0.9372 0.0000
vt 0.6532 0.9302 0.0000
vt 0.6535 0.9304 0.0000
vt 0.6095 0.9368 0.0000
vt 0.6095 0.9370 0.0000
vt 0.6052 0.9360 0.0000
vt 0.6051 0.9362 0.0000
vt 0.6551 0.9219 0.0000
vt 0.6532 0.9136 0.0000
vt 0.6554 0.9219 0.0000
vt 0.6534 0.9134 0.0000
vt 0.5995 0.9137 0.0000
vt 0.5976 0.9220 0.0000
vt 0.5992 0.9136 0.0000
vt 0.5973 0.9220 0.0000
vt 0.6478 0.9069 0.0000
vt 0.6480 0.9067 0.0000
vt 0.6401 0.9032 0.0000
vt 0.6402 0.9029 0.0000
vt 0.6315 0.9032 0.0000
vt 0.6315 0.9029 0.0000
vt 0.6181 0.9075 0.0000
vt 0.6180 0.9073 0.0000
vt 0.6094 0.9072 0.0000
vt 0.6094 0.9070 0.0000
vt 0.6052 0.9080 0.0000
vt 0.6051 0.9078 0.0000
vt 0.6018 0.9107 0.0000
vt 0.6016 0.9105 0.0000
vt 0.1769 0.9042 0.0000
vt 0.1857 0.9041 0.0000
vt 0.1770 0.9045 0.0000
vt 0.1857 0.9045 0.0000
vt 0.1856 0.8970 0.0000
vt 0.1769 0.8970 0.0000
vt 0.1856 0.8967 0.0000
vt 0.1769 0.8967 0.0000
vt 0.1944 0.9041 0.0000
vt 0.1944 0.9044 0.0000
vt 0.1944 0.8970 0.0000
vt 0.1943 0.8966 0.0000
vt 0.2293 0.9039 0.0000
vt 0.2293 0.9042 0.0000
vt 0.2293 0.8968 0.0000
vt 0.2292 0.8964 0.0000
vt 0.1484 0.9179 0.0000
vt 0.1572 0.9178 0.0000
vt 0.1485 0.9182 0.0000
vt 0.1572 0.9181 0.0000
vt 0.1571 0.9107 0.0000
vt 0.1484 0.9108 0.0000
vt 0.1571 0.9103 0.0000
vt 0.1484 0.9104 0.0000
vt 0.5260 0.9547 0.0000
vt 0.5007 0.9545 0.0000
vt 0.5116 0.9727 0.0000
vt 0.5260 0.9727 0.0000
vt 0.4217 0.9691 0.0000
vt 0.4217 0.9510 0.0000
vt 0.4072 0.9510 0.0000
vt 0.3964 0.9693 0.0000
vt 0.0028 0.9559 0.0000
vt 0.0028 0.9619 0.0000
vt 0.0281 0.9622 0.0000
vt 0.0282 0.9562 0.0000
vt 0.1166 0.9573 0.0000
vt 0.1059 0.9572 0.0000
vt 0.1059 0.9632 0.0000
vt 0.1165 0.9633 0.0000
vt 0.1558 0.8964 0.0000
vt 0.1558 0.9024 0.0000
vt 0.1702 0.9024 0.0000
vt 0.1702 0.8964 0.0000
vt 0.4533 0.9600 0.0000
vt 0.4561 0.9828 0.0000
vt 0.0994 0.8964 0.0000
vt 0.0994 0.9024 0.0000
vt 0.3518 0.9410 0.0000
vt 0.3490 0.9637 0.0000
vt 0.0758 0.9628 0.0000
vt 0.0759 0.9568 0.0000
vt 0.4329 0.9704 0.0000
vt 0.4379 0.9773 0.0000
vt 0.4454 0.9814 0.0000
vt 0.4302 0.9601 0.0000
vt 0.0886 0.8964 0.0000
vt 0.0886 0.9024 0.0000
vt 0.3286 0.9533 0.0000
vt 0.3259 0.9636 0.0000
vt 0.3336 0.9465 0.0000
vt 0.3411 0.9423 0.0000
vt 0.0839 0.9569 0.0000
vt 0.0838 0.9629 0.0000
vt 0.0978 0.9631 0.0000
vt 0.0979 0.9571 0.0000
vt 0.1250 0.9634 0.0000
vt 0.1251 0.9574 0.0000
vt 0.0801 0.8964 0.0000
vt 0.0801 0.9024 0.0000
vt 0.1032 0.9572 0.0000
vt 0.1031 0.9632 0.0000
vt 0.3270 0.9678 0.0000
vt 0.3284 0.9686 0.0000
vt 0.3304 0.9689 0.0000
vt 0.3262 0.9663 0.0000
vt 0.3445 0.9690 0.0000
vt 0.3464 0.9687 0.0000
vt 0.3487 0.9664 0.0000
vt 0.3478 0.9678 0.0000
vt 0.0785 0.9629 0.0000
vt 0.0786 0.9569 0.0000
vt 0.4522 0.9559 0.0000
vt 0.4507 0.9551 0.0000
vt 0.4488 0.9548 0.0000
vt 0.4530 0.9573 0.0000
vt 0.4347 0.9549 0.0000
vt 0.4327 0.9552 0.0000
vt 0.4305 0.9574 0.0000
vt 0.4313 0.9560 0.0000
vt 0.0819 0.9569 0.0000
vt 0.0818 0.9629 0.0000
vt 0.0802 0.9569 0.0000
vt 0.0802 0.9629 0.0000
vt 0.0998 0.9631 0.0000
vt 0.0999 0.9571 0.0000
vt 0.1015 0.9631 0.0000
vt 0.1016 0.9571 0.0000
vt 0.7043 0.8782 0.0000
vt 0.6901 0.8780 0.0000
vt 0.6900 0.8914 0.0000
vt 0.7041 0.8915 0.0000
vt 0.7185 0.8784 0.0000
vt 0.7182 0.8918 0.0000
vt 0.7327 0.8788 0.0000
vt 0.7323 0.8922 0.0000
vt 0.7469 0.8794 0.0000
vt 0.7463 0.8928 0.0000
vt 0.7612 0.8801 0.0000
vt 0.7604 0.8935 0.0000
vt 0.7753 0.8810 0.0000
vt 0.7745 0.8943 0.0000
vt 0.7895 0.8820 0.0000
vt 0.7886 0.8954 0.0000
vt 0.3057 0.8806 0.0000
vt 0.2915 0.8811 0.0000
vt 0.2919 0.8944 0.0000
vt 0.3061 0.8939 0.0000
vt 0.3199 0.8803 0.0000
vt 0.3201 0.8936 0.0000
vt 0.4201 0.8788 0.0000
vt 0.4202 0.8921 0.0000
vt 0.4341 0.8788 0.0000
vt 0.4340 0.8922 0.0000
vt 0.4478 0.8789 0.0000
vt 0.4476 0.8923 0.0000
vt 0.4612 0.8792 0.0000
vt 0.4609 0.8926 0.0000
vt 0.4746 0.8796 0.0000
vt 0.4741 0.8930 0.0000
vt 0.4880 0.8802 0.0000
vt 0.4874 0.8935 0.0000
vt 0.5017 0.8809 0.0000
vt 0.5009 0.8942 0.0000
vt 0.5156 0.8818 0.0000
vt 0.5148 0.8951 0.0000
vt 0.5899 0.8779 0.0000
vt 0.5899 0.8913 0.0000
vt 0.9703 0.9743 0.0000
vt 0.9813 0.9682 0.0000
vt 0.9701 0.9443 0.0000
vt 0.6900 0.8942 0.0000
vt 0.7041 0.8943 0.0000
vt 0.7181 0.8946 0.0000
vt 0.7322 0.8950 0.0000
vt 0.7462 0.8956 0.0000
vt 0.7603 0.8963 0.0000
vt 0.7743 0.8971 0.0000
vt 0.7882 0.8982 0.0000
vt 0.2922 0.8973 0.0000
vt 0.3061 0.8967 0.0000
vt 0.3202 0.8964 0.0000
vt 0.4201 0.8949 0.0000
vt 0.4340 0.8950 0.0000
vt 0.4476 0.8951 0.0000
vt 0.4608 0.8954 0.0000
vt 0.4740 0.8958 0.0000
vt 0.4872 0.8963 0.0000
vt 0.5008 0.8970 0.0000
vt 0.5144 0.8980 0.0000
vt 0.5901 0.8941 0.0000
vt 0.8715 0.9798 0.0000
vt 0.8714 0.9826 0.0000
vt 0.9711 0.9770 0.0000
vt 0.8586 0.9776 0.0000
vt 0.8576 0.9803 0.0000
vt 0.8474 0.9712 0.0000
vt 0.8455 0.9734 0.0000
vt 0.8390 0.9614 0.0000
vt 0.8365 0.9629 0.0000
vt 0.8345 0.9493 0.0000
vt 0.8317 0.9498 0.0000
vt 0.8344 0.9364 0.0000
vt 0.8316 0.9359 0.0000
vt 0.8387 0.9242 0.0000
vt 0.8362 0.9228 0.0000
vt 0.8469 0.9143 0.0000
vt 0.8451 0.9121 0.0000
vt 0.8581 0.9077 0.0000
vt 0.8571 0.9051 0.0000
vt 0.8710 0.9078 0.0000
vt 0.8708 0.9025 0.0000
vt 0.9698 0.9119 0.0000
vt 0.9706 0.9067 0.0000
vt 0.9809 0.9153 0.0000
vt 0.9827 0.9131 0.0000
vt 0.9892 0.9245 0.0000
vt 0.9917 0.9230 0.0000
vt 0.9937 0.9357 0.0000
vt 0.9965 0.9352 0.0000
vt 0.9938 0.9477 0.0000
vt 0.9966 0.9482 0.0000
vt 0.9895 0.9589 0.0000
vt 0.9919 0.9604 0.0000
vt 0.9831 0.9705 0.0000
vt 0.8713 0.9450 0.0000
# 1287 texture coords

o Door
g Door
usemtl Door
s off
f 1/1/1 2/2/1 3/3/1 4/4/1 
f 5/5/2 6/6/2 7/7/2 8/8/2 
f 9/9/3 10/10/3 11/11/3 12/12/3 
f 13/13/3 14/14/3 15/15/3 16/16/3 
f 4/17/3 3/18/3 17/19/3 18/20/4 
f 3/18/3 19/21/3 20/22/3 17/19/5 
f 19/21/3 21/23/3 22/24/3 20/22/3 
f 21/23/3 4/17/3 18/20/3 22/24/5 
f 19/21/4 6/25/4 23/26/4 24/27/3 
f 6/25/6 5/28/6 25/29/6 23/26/5 
f 5/28/3 21/23/3 26/30/3 25/29/3 
f 21/23/3 19/21/3 24/27/3 26/30/4 
f 18/20/7 17/19/7 27/31/7 28/32/8 
f 17/33/9 20/34/9 29/35/9 27/36/10 
f 20/22/11 22/24/11 30/37/11 29/38/11 
f 22/39/12 18/40/12 28/41/12 30/42/13 
f 24/43/10 23/44/10 31/45/10 32/46/10 
f 23/26/14 25/29/14 33/47/14 31/48/11 
f 25/49/13 26/50/13 34/51/13 33/52/13 
f 26/30/7 24/27/7 32/53/7 34/54/8 
f 28/32/3 27/31/3 35/55/3 36/56/6 
f 27/31/4 29/38/4 37/57/4 35/55/3 
f 29/38/6 30/37/6 38/58/6 37/57/6 
f 30/37/4 28/32/4 36/56/4 38/58/3 
f 32/53/3 31/48/3 39/59/3 40/60/3 
f 31/48/3 33/47/3 41/61/3 39/59/3 
f 33/47/4 34/54/4 42/62/4 41/61/4 
f 34/54/6 32/53/6 40/60/6 42/62/6 
f 36/56/15 35/55/15 43/63/15 44/64/15 
f 35/55/16 37/57/16 45/65/16 43/63/16 
f 37/57/17 38/58/17 46/66/17 45/65/17 
f 38/58/18 36/56/18 44/64/18 46/66/18 
f 40/60/16 39/59/16 47/67/16 48/68/16 
f 39/59/17 41/61/17 49/69/17 47/67/17 
f 41/61/18 42/62/18 50/70/18 49/69/18 
f 42/62/15 40/60/15 48/68/15 50/70/15 
f 44/64/3 43/63/3 51/71/3 52/72/3 
f 43/63/3 45/65/3 53/73/3 51/71/3 
f 45/65/6 46/66/6 54/74/6 53/73/4 
f 46/66/3 44/64/3 52/72/3 54/74/3 
f 48/68/3 47/67/3 55/75/3 56/76/3 
f 47/67/3 49/69/3 57/77/3 55/75/3 
f 49/69/3 50/70/3 58/78/3 57/77/3 
f 50/70/3 48/68/3 56/76/3 58/78/3 
f 59/79/3 60/80/3 61/81/3 62/82/3 
f 60/80/3 63/83/3 64/84/3 61/81/3 
f 63/83/6 65/85/6 66/86/6 64/84/4 
f 65/85/3 59/79/3 62/82/3 66/86/3 
f 67/87/6 68/88/6 69/89/6 70/90/3 
f 68/88/4 71/91/4 72/92/4 69/89/3 
f 71/91/5 73/93/5 74/94/5 72/92/4 
f 73/93/5 67/87/5 70/90/5 74/94/6 
f 52/95/2 51/96/2 60/80/2 59/79/2 
f 51/96/19 53/97/19 63/83/19 60/80/19 
f 53/97/1 54/98/1 65/85/1 63/83/1 
f 54/98/20 52/95/20 59/79/20 65/85/20 
f 9/9/1 12/12/1 62/99/1 61/81/1 
f 12/12/19 11/11/19 66/86/19 62/82/19 
f 11/11/2 10/10/2 64/84/2 66/86/2 
f 10/10/20 9/9/20 61/81/20 64/84/20 
f 56/100/19 55/101/19 68/88/19 67/87/19 
f 55/101/1 57/102/1 71/91/1 68/88/1 
f 57/102/20 58/103/20 73/93/20 71/91/20 
f 58/103/2 56/100/2 67/87/2 73/93/2 
f 13/13/20 16/16/20 70/90/20 69/89/20 
f 16/16/1 15/15/1 74/94/1 70/90/1 
f 15/15/19 14/14/19 72/92/19 74/94/19 
f 14/14/2 13/13/2 69/89/2 72/92/2 
f 4/17/19 21/23/19 75/104/19 1/105/19 
f 19/106/20 76/107/20 7/108/20 6/109/20 
f 77/110/21 78/111/21 79/112/21 80/113/21 
f 2/114/20 76/107/20 19/106/20 3/115/20 
f 81/116/21 82/117/21 83/118/21 84/119/21 
f 75/104/19 21/23/19 5/28/19 8/120/19 
f 1/121/22 85/122/22 86/123/22 2/114/22 
f 2/114/21 86/123/21 87/124/21 76/107/21 
f 76/107/21 87/124/21 88/125/21 75/126/21 
f 75/126/21 88/125/21 85/122/21 1/121/23 
f 76/107/24 89/127/24 90/128/24 7/108/21 
f 7/108/21 90/128/21 91/129/21 8/130/21 
f 8/130/24 91/129/24 92/131/24 75/126/23 
f 75/126/22 92/131/22 89/127/22 76/107/21 
f 85/122/25 93/132/25 94/133/25 86/123/26 
f 86/134/27 94/135/27 95/136/27 87/137/27 
f 87/124/28 95/138/28 96/139/28 88/125/28 
f 88/140/29 96/141/29 93/142/29 85/143/30 
f 89/144/31 97/145/31 98/146/31 90/147/31 
f 90/128/28 98/148/28 99/149/28 91/129/28 
f 91/150/29 99/151/29 100/152/29 92/153/29 
f 92/131/26 100/154/26 97/155/26 89/127/26 
f 93/132/23 101/156/23 102/157/23 94/133/24 
f 94/133/24 102/157/24 103/158/24 95/138/21 
f 95/138/21 103/158/21 104/159/21 96/139/21 
f 96/139/24 104/159/24 101/156/24 93/132/22 
f 97/155/24 105/160/24 106/161/24 98/148/24 
f 98/148/22 106/161/22 107/162/22 99/149/22 
f 99/149/22 107/162/22 108/163/22 100/154/22 
f 100/154/21 108/163/21 105/160/21 97/155/21 
f 101/156/32 109/164/32 110/165/32 102/157/33 
f 102/157/34 110/165/34 111/166/34 103/158/35 
f 103/158/36 111/166/36 112/167/36 104/159/36 
f 104/159/37 112/167/37 109/164/37 101/156/38 
f 105/160/34 113/168/34 114/169/34 106/161/35 
f 106/161/36 114/169/36 115/170/36 107/162/36 
f 107/162/37 115/170/37 116/171/37 108/163/38 
f 108/163/32 116/171/32 113/168/32 105/160/32 
f 109/164/21 117/172/21 118/173/21 110/165/21 
f 110/165/21 118/173/21 119/174/21 111/166/21 
f 111/166/22 119/174/22 120/175/22 112/167/21 
f 112/167/24 120/175/24 117/172/24 109/164/21 
f 113/168/21 121/176/21 122/177/21 114/169/21 
f 114/169/21 122/177/21 123/178/21 115/170/21 
f 115/170/21 123/178/21 124/179/21 116/171/21 
f 116/171/21 124/179/21 121/176/21 113/168/21 
f 125/180/21 126/181/21 127/182/21 128/183/21 
f 128/183/21 127/182/21 129/184/21 130/185/21 
f 130/185/22 129/184/22 131/186/22 132/187/21 
f 132/187/24 131/186/24 126/181/24 125/180/21 
f 133/188/23 134/189/23 135/190/23 136/191/23 
f 136/191/21 135/190/21 137/192/21 138/193/22 
f 138/193/21 137/192/21 139/194/21 140/195/21 
f 140/195/21 139/194/21 134/189/21 133/188/21 
f 117/196/2 125/180/2 128/183/2 118/197/2 
f 118/197/19 128/183/19 130/185/19 119/198/19 
f 119/198/1 130/185/1 132/187/1 120/199/1 
f 120/199/20 132/187/20 125/180/20 117/196/20 
f 77/110/1 127/182/1 126/181/1 78/111/1 
f 78/111/19 126/181/19 131/186/19 79/112/19 
f 79/112/2 131/186/2 129/184/2 80/113/2 
f 80/113/20 129/184/20 127/182/20 77/110/20 
f 121/200/19 133/188/19 136/191/19 122/201/19 
f 122/201/1 136/191/1 138/193/1 123/202/1 
f 123/202/20 138/193/20 140/195/20 124/203/20 
f 124/203/2 140/195/2 133/188/2 121/200/2 
f 81/116/20 135/190/20 134/189/20 82/117/20 
f 82/117/1 134/189/1 139/194/1 83/118/1 
f 83/118/19 139/194/19 137/192/19 84/119/19 
f 84/119/2 137/192/2 135/190/2 81/116/2 
f 141/204/39 142/205/40 143/206/40 144/207/39 
f 142/205/40 145/208/41 146/209/41 143/206/40 
f 145/208/41 147/210/2 148/211/2 146/209/41 
f 147/210/2 149/212/42 150/213/42 148/211/2 
f 149/214/42 151/215/43 152/216/43 150/217/42 
f 151/215/43 153/218/19 154/219/19 152/216/43 
f 153/218/19 155/220/44 156/221/44 154/219/19 
f 155/220/44 157/222/45 158/223/45 156/221/44 
f 157/222/45 159/224/1 160/225/1 158/223/45 
f 159/224/1 161/226/46 162/227/46 160/225/1 
f 161/226/46 163/228/47 164/229/47 162/227/46 
f 163/228/48 141/204/48 144/207/48 164/229/48 
f 144/230/3 143/231/3 165/232/3 166/233/3 
f 143/231/3 146/234/3 167/235/3 165/232/3 
f 146/234/3 148/236/3 168/237/3 167/235/3 
f 148/236/3 150/238/3 169/239/3 168/237/3 
f 150/238/3 152/240/3 170/241/3 169/239/3 
f 152/240/3 154/242/3 171/243/3 170/241/3 
f 154/242/3 156/244/3 172/245/3 171/243/3 
f 156/244/3 158/246/3 173/247/3 172/245/3 
f 158/246/3 160/248/3 174/249/3 173/247/3 
f 160/248/3 162/250/3 175/251/3 174/249/3 
f 162/250/3 164/252/3 176/253/3 175/251/3 
f 164/252/3 144/230/3 166/233/3 176/253/3 
f 166/254/49 165/255/40 177/256/40 178/257/49 
f 165/255/40 167/258/50 179/259/50 177/256/40 
f 167/258/51 168/260/2 180/261/2 179/259/51 
f 168/260/2 169/262/52 181/263/52 180/261/2 
f 169/262/53 170/264/54 182/265/43 181/263/53 
f 170/264/54 171/266/55 183/267/56 182/265/43 
f 171/266/55 172/268/57 184/269/57 183/267/56 
f 172/268/58 173/270/45 185/271/45 184/269/58 
f 173/270/45 174/272/59 186/273/59 185/271/45 
f 174/272/60 175/274/46 187/275/46 186/273/60 
f 175/276/46 176/277/47 188/278/47 187/279/46 
f 176/277/48 166/254/49 178/257/49 188/278/48 
f 189/280/61 190/281/62 191/282/3 
f 192/283/63 193/284/64 194/285/3 195/286/3 
f 196/287/65 197/288/3 194/285/3 193/284/64 
f 198/289/66 199/290/3 197/288/3 196/287/65 
f 198/289/66 200/291/67 199/290/3 
f 192/283/63 195/286/3 201/292/3 202/293/68 
f 203/294/69 202/293/68 201/292/3 204/295/3 
f 190/281/62 203/294/69 204/295/3 191/282/3 
f 205/296/70 206/297/3 207/298/3 208/299/71 
f 206/297/3 209/300/3 210/301/3 207/298/3 
f 209/300/3 211/302/3 212/303/3 210/301/3 
f 211/302/3 213/304/3 214/305/3 212/303/3 
f 213/304/3 215/306/3 216/307/3 214/305/3 
f 215/306/3 217/308/3 218/309/3 216/307/3 
f 217/308/3 219/310/3 220/311/3 218/309/3 
f 220/311/3 219/310/3 221/312/72 222/313/73 
f 189/280/61 191/282/3 220/311/3 222/313/73 
f 191/282/3 204/295/3 218/309/3 220/311/3 
f 204/295/3 201/292/3 216/307/3 218/309/3 
f 201/292/3 195/286/3 214/305/3 216/307/3 
f 195/286/3 194/285/3 212/303/3 214/305/3 
f 194/285/3 197/288/3 210/301/3 212/303/3 
f 197/288/3 199/290/3 207/298/3 210/301/3 
f 207/298/3 199/290/3 200/291/67 208/299/71 
f 205/296/70 223/314/74 206/297/3 
f 223/314/74 224/315/75 209/300/3 206/297/3 
f 224/315/75 225/316/76 211/302/3 209/300/3 
f 211/302/3 225/316/76 226/317/77 213/304/3 
f 226/317/77 227/318/78 215/306/3 213/304/3 
f 215/306/3 227/318/78 228/319/79 217/308/3 
f 217/308/3 228/319/79 229/320/80 219/310/3 
f 219/310/3 229/320/80 221/312/72 
f 230/321/81 231/322/82 232/323/83 233/324/84 
f 234/325/85 235/326/86 236/327/87 237/328/88 
f 238/329/89 239/330/90 240/331/91 241/332/92 
f 241/332/92 240/331/91 242/333/93 243/334/94 
f 244/335/95 245/336/96 246/337/97 247/338/98 
f 248/339/99 249/340/100 250/341/101 251/342/102 
f 251/342/102 250/341/101 231/322/82 230/321/81 
f 237/328/88 236/327/87 252/343/103 253/344/104 
f 247/338/98 246/337/97 254/345/105 255/346/106 
f 256/347/107 257/348/108 235/326/86 234/325/85 
f 258/349/109 259/350/110 249/340/100 248/339/99 
f 260/351/111 261/352/21 262/353/112 
f 263/354/113 264/355/21 265/356/21 266/357/114 
f 257/348/108 256/347/107 267/358/115 268/359/116 
f 259/350/110 258/349/109 255/346/106 254/345/105 
f 265/356/21 269/360/21 270/361/117 266/357/114 
f 269/360/21 271/362/21 272/363/118 270/361/117 
f 272/363/118 271/362/21 273/364/119 
f 274/365/21 264/355/21 263/354/113 275/366/120 
f 276/367/121 277/368/21 274/365/21 275/366/120 
f 262/353/112 261/352/21 277/368/21 276/367/121 
f 278/369/21 279/370/21 280/371/122 281/372/123 
f 279/370/21 278/369/21 282/373/21 283/374/21 
f 283/374/21 282/373/21 284/375/21 285/376/21 
f 285/376/21 284/375/21 286/377/21 287/378/21 
f 287/378/21 286/377/21 288/379/21 289/380/21 
f 289/380/21 288/379/21 290/381/21 291/382/21 
f 291/382/21 290/381/21 292/383/21 293/384/21 
f 292/383/21 294/385/124 295/386/125 293/384/21 
f 292/383/21 261/352/21 260/351/111 294/385/124 
f 261/352/21 292/383/21 290/381/21 277/368/21 
f 277/368/21 290/381/21 288/379/21 274/365/21 
f 274/365/21 288/379/21 286/377/21 264/355/21 
f 264/355/21 286/377/21 284/375/21 265/356/21 
f 265/356/21 284/375/21 282/373/21 269/360/21 
f 269/360/21 282/373/21 278/369/21 271/362/21 
f 278/369/21 281/372/123 273/364/119 271/362/21 
f 280/371/122 279/370/21 296/387/126 
f 283/374/21 297/388/127 296/387/126 279/370/21 
f 285/376/21 298/389/128 297/388/127 283/374/21 
f 285/376/21 287/378/21 299/390/129 298/389/128 
f 289/380/21 300/391/130 299/390/129 287/378/21 
f 289/380/21 291/382/21 301/392/131 300/391/130 
f 291/382/21 293/384/21 302/393/132 301/392/131 
f 293/384/21 295/386/125 302/393/132 
f 233/324/84 232/323/83 268/359/116 267/358/115 
f 253/394/104 252/395/103 303/396/133 304/397/134 
f 304/397/134 303/396/133 305/398/135 306/399/136 
f 306/399/136 305/398/135 239/330/90 238/329/89 
f 243/334/94 242/333/93 307/400/137 308/401/138 
f 308/402/138 307/403/137 309/404/139 310/405/140 
f 310/405/140 309/404/139 245/336/96 244/335/95 
f 190/281/62 189/280/61 311/406/141 312/407/142 
f 312/407/142 311/406/141 313/408/143 314/409/144 
f 193/284/64 192/283/63 315/410/145 316/411/146 
f 316/411/146 315/410/145 317/412/147 318/413/148 
f 196/287/65 193/284/64 316/411/146 319/414/149 
f 319/414/149 316/411/146 318/413/148 320/415/150 
f 198/289/66 196/287/65 319/414/149 321/416/151 
f 321/416/151 319/414/149 320/415/150 322/417/152 
f 200/291/67 198/289/66 321/416/151 323/418/153 
f 323/418/153 321/416/151 322/417/152 324/419/154 
f 192/283/63 202/293/68 325/420/155 315/410/145 
f 315/410/145 325/420/155 326/421/156 317/412/147 
f 202/293/68 203/294/69 327/422/157 325/420/155 
f 325/420/155 327/422/157 328/423/158 326/421/156 
f 203/294/69 190/281/62 312/407/142 327/422/157 
f 327/422/157 312/407/142 314/409/144 328/423/158 
f 205/296/70 208/299/71 329/424/159 330/425/160 
f 330/425/160 329/424/159 331/426/161 332/427/162 
f 222/313/73 221/312/72 333/428/163 334/429/164 
f 334/429/164 333/428/163 335/430/165 336/431/166 
f 189/280/61 222/313/73 334/429/164 311/406/141 
f 311/406/141 334/429/164 336/431/166 313/408/143 
f 208/299/71 200/291/67 323/418/153 329/424/159 
f 329/424/159 323/418/153 324/419/154 331/426/161 
f 223/314/74 205/296/70 330/425/160 337/432/167 
f 337/432/167 330/425/160 332/427/162 338/433/168 
f 224/315/75 223/314/74 337/432/167 339/434/169 
f 339/434/169 337/432/167 338/433/168 340/435/170 
f 225/316/76 224/315/75 339/434/169 341/436/171 
f 341/436/171 339/434/169 340/435/170 342/437/172 
f 226/317/77 225/316/76 341/436/171 343/438/173 
f 343/438/173 341/436/171 342/437/172 344/439/174 
f 227/318/78 226/317/77 343/438/173 345/440/175 
f 345/440/175 343/438/173 344/439/174 346/441/176 
f 228/319/79 227/318/78 345/440/175 347/442/177 
f 347/442/177 345/440/175 346/441/176 348/443/178 
f 229/320/80 228/319/79 347/442/177 349/444/179 
f 349/444/179 347/442/177 348/443/178 350/445/180 
f 221/312/72 229/320/80 349/444/179 333/428/163 
f 333/428/163 349/444/179 350/445/180 335/430/165 
f 230/321/81 233/324/84 351/446/181 352/447/182 
f 352/447/182 351/446/181 313/448/143 336/449/166 
f 232/323/83 231/322/82 353/450/183 354/451/184 
f 354/451/184 353/450/183 355/452/185 356/453/186 
f 234/325/85 237/328/88 357/454/187 358/455/188 
f 358/455/188 357/454/187 317/456/147 326/457/156 
f 236/327/87 235/326/86 359/458/189 360/459/190 
f 360/459/190 359/458/189 361/460/191 362/461/192 
f 238/329/89 241/332/92 363/462/193 364/463/194 
f 364/463/194 363/462/193 331/464/161 324/465/154 
f 240/331/91 239/330/90 365/466/195 366/467/196 
f 366/467/196 365/466/195 367/468/197 368/469/198 
f 241/332/92 243/334/94 369/470/199 363/462/193 
f 363/462/193 369/470/199 332/471/162 331/464/161 
f 242/333/93 240/331/91 366/467/196 370/472/200 
f 370/472/200 366/467/196 368/469/198 371/473/201 
f 244/335/95 247/338/98 372/474/202 373/475/203 
f 373/475/203 372/474/202 344/476/174 342/477/172 
f 246/337/97 245/336/96 374/478/204 375/479/205 
f 375/479/205 374/478/204 376/480/206 377/481/207 
f 248/339/99 251/342/102 378/482/208 379/483/209 
f 379/483/209 378/482/208 335/484/165 350/485/180 
f 250/341/101 249/340/100 380/486/210 381/487/211 
f 381/487/211 380/486/210 382/488/212 383/489/213 
f 251/342/102 230/321/81 352/447/182 378/482/208 
f 378/482/208 352/447/182 336/449/166 335/484/165 
f 231/322/82 250/341/101 381/487/211 353/450/183 
f 353/450/183 381/487/211 383/489/213 355/452/185 
f 237/328/88 253/344/104 384/490/214 357/454/187 
f 357/454/187 384/490/214 318/491/148 317/456/147 
f 252/343/103 236/327/87 360/459/190 385/492/215 
f 385/492/215 360/459/190 362/461/192 386/493/216 
f 247/338/98 255/346/106 387/494/217 372/474/202 
f 372/474/202 387/494/217 346/495/176 344/476/174 
f 254/345/105 246/337/97 375/479/205 388/496/218 
f 388/496/218 375/479/205 377/481/207 389/497/219 
f 256/347/107 234/325/85 358/455/188 390/498/220 
f 390/498/220 358/455/188 326/457/156 328/499/158 
f 235/326/86 257/348/108 391/500/221 359/458/189 
f 359/458/189 391/500/221 392/501/222 361/460/191 
f 258/349/109 248/339/99 379/483/209 393/502/223 
f 393/502/223 379/483/209 350/485/180 348/503/178 
f 249/340/100 259/350/110 394/504/224 380/486/210 
f 380/486/210 394/504/224 395/505/225 382/488/212 
f 260/351/111 262/353/112 396/506/226 397/507/227 
f 397/507/227 396/506/226 398/508/228 356/509/186 
f 263/354/113 266/357/114 399/510/229 400/511/230 
f 400/511/230 399/510/229 386/512/216 362/513/192 
f 257/348/108 268/359/116 401/514/231 391/500/221 
f 391/500/221 401/514/231 398/515/228 392/501/222 
f 267/358/115 256/347/107 390/498/220 402/516/232 
f 402/516/232 390/498/220 328/499/158 314/517/144 
f 259/350/110 254/345/105 388/496/218 394/504/224 
f 394/504/224 388/496/218 389/497/219 395/505/225 
f 255/346/106 258/349/109 393/502/223 387/494/217 
f 387/494/217 393/502/223 348/503/178 346/495/176 
f 266/357/114 270/361/117 403/518/233 399/510/229 
f 399/510/229 403/518/233 404/519/234 386/512/216 
f 270/361/117 272/363/118 405/520/235 403/518/233 
f 403/518/233 405/520/235 406/521/236 404/519/234 
f 272/363/118 273/364/119 407/522/237 405/520/235 
f 405/520/235 407/522/237 367/523/197 406/521/236 
f 275/366/120 263/354/113 400/511/230 408/524/238 
f 408/524/238 400/511/230 362/513/192 361/525/191 
f 276/367/121 275/366/120 408/524/238 409/526/239 
f 409/526/239 408/524/238 361/525/191 392/527/222 
f 262/353/112 276/367/121 409/526/239 396/506/226 
f 396/506/226 409/526/239 392/527/222 398/508/228 
f 281/372/123 280/371/122 410/528/240 411/529/241 
f 411/529/241 410/528/240 371/530/201 368/531/198 
f 295/386/125 294/385/124 412/532/242 413/533/243 
f 413/533/243 412/532/242 355/534/185 383/535/213 
f 294/385/124 260/351/111 397/507/227 412/532/242 
f 412/532/242 397/507/227 356/509/186 355/534/185 
f 273/364/119 281/372/123 411/529/241 407/522/237 
f 407/522/237 411/529/241 368/531/198 367/523/197 
f 280/371/122 296/387/126 414/536/244 410/528/240 
f 410/528/240 414/536/244 415/537/245 371/530/201 
f 296/387/126 297/388/127 416/538/246 414/536/244 
f 414/536/244 416/538/246 417/539/247 415/537/245 
f 297/388/127 298/389/128 418/540/248 416/538/246 
f 416/538/246 418/540/248 376/541/206 417/539/247 
f 298/389/128 299/390/129 419/542/249 418/540/248 
f 418/540/248 419/542/249 377/543/207 376/541/206 
f 299/390/129 300/391/130 420/544/250 419/542/249 
f 419/542/249 420/544/250 389/545/219 377/543/207 
f 300/391/130 301/392/131 421/546/251 420/544/250 
f 420/544/250 421/546/251 395/547/225 389/545/219 
f 301/392/131 302/393/132 422/548/252 421/546/251 
f 421/546/251 422/548/252 382/549/212 395/547/225 
f 302/393/132 295/386/125 413/533/243 422/548/252 
f 422/548/252 413/533/243 383/535/213 382/549/212 
f 233/324/84 267/358/115 402/516/232 351/446/181 
f 351/446/181 402/516/232 314/517/144 313/448/143 
f 268/359/116 232/323/83 354/451/184 401/514/231 
f 401/514/231 354/451/184 356/453/186 398/515/228 
f 253/394/104 304/397/134 423/550/253 384/551/214 
f 384/551/214 423/550/253 320/552/150 318/553/148 
f 303/396/133 252/395/103 385/554/215 424/555/254 
f 424/555/254 385/554/215 386/556/216 404/557/234 
f 304/397/134 306/399/136 425/558/255 423/550/253 
f 423/550/253 425/558/255 322/559/152 320/552/150 
f 305/398/135 303/396/133 424/555/254 426/560/256 
f 426/560/256 424/555/254 404/557/234 406/561/236 
f 306/399/136 238/329/89 364/463/194 425/558/255 
f 425/558/255 364/463/194 324/465/154 322/559/152 
f 239/330/90 305/398/135 426/560/256 365/466/195 
f 365/466/195 426/560/256 406/561/236 367/468/197 
f 243/334/94 308/401/138 427/562/257 369/470/199 
f 369/470/199 427/562/257 338/563/168 332/471/162 
f 307/400/137 242/333/93 370/472/200 428/564/258 
f 428/564/258 370/472/200 371/473/201 415/565/245 
f 308/402/138 310/405/140 429/566/259 427/567/257 
f 427/567/257 429/566/259 340/568/170 338/569/168 
f 309/404/139 307/403/137 428/570/258 430/571/260 
f 430/571/260 428/570/258 415/572/245 417/573/247 
f 310/405/140 244/335/95 373/475/203 429/566/259 
f 429/566/259 373/475/203 342/477/172 340/568/170 
f 245/336/96 309/404/139 430/571/260 374/478/204 
f 374/478/204 430/571/260 417/573/247 376/480/206 
f 431/574/21 432/575/21 433/576/21 434/577/21 
f 435/578/3 436/579/3 437/580/3 438/581/3 
f 431/582/261 434/583/262 436/584/262 435/585/261 
f 439/586/263 440/587/263 441/588/264 442/589/264 
f 433/590/265 432/591/2 438/592/2 437/593/265 
f 434/577/21 433/576/21 443/594/21 444/595/21 
f 433/590/265 437/593/265 445/596/266 443/597/266 
f 437/580/3 436/579/3 446/598/3 445/599/3 
f 436/584/262 434/583/262 444/600/267 446/601/267 
f 447/602/21 448/603/21 439/604/21 442/605/21 
f 443/594/21 447/602/21 442/605/21 444/595/21 
f 445/596/266 449/606/268 447/607/268 443/597/266 
f 446/598/3 441/608/3 440/609/3 450/610/3 
f 446/598/3 450/610/3 449/611/3 445/599/3 
f 451/612/269 452/613/270 453/614/270 454/615/269 
f 440/587/263 439/586/263 448/616/271 450/617/271 
f 447/607/268 449/606/268 450/618/271 448/619/271 
f 441/588/264 455/620/272 456/621/272 442/589/264 
f 457/622/3 458/623/3 459/624/3 453/625/3 
f 459/624/3 454/626/3 453/625/3 
f 453/625/3 460/627/3 461/628/3 455/629/3 
f 457/622/3 453/625/3 455/629/3 446/598/3 
f 441/608/3 446/598/3 455/629/3 
f 444/600/273 462/630/274 457/631/274 446/601/273 
f 456/632/21 463/633/21 464/634/21 451/635/21 
f 464/634/21 452/636/21 451/635/21 
f 451/635/21 465/637/21 466/638/21 462/639/21 
f 456/632/21 451/635/21 462/639/21 442/605/21 
f 444/595/21 442/605/21 462/639/21 
f 451/612/269 454/615/269 459/640/275 465/641/275 
f 465/641/275 459/640/275 458/642/276 466/643/276 
f 453/614/270 452/613/270 464/644/277 460/645/277 
f 460/645/277 464/644/277 463/646/278 461/647/278 
f 456/621/272 455/620/272 461/647/278 463/646/278 
f 457/631/274 462/630/274 466/643/276 458/642/276 
f 467/648/279 468/649/280 469/650/281 470/651/282 
f 471/652/283 472/653/284 468/649/280 467/648/279 
f 473/654/41 474/655/285 472/653/284 471/652/283 
f 475/656/286 476/657/287 474/655/285 473/654/41 
f 477/658/288 478/659/289 476/657/287 475/656/286 
f 479/660/42 480/661/290 478/659/289 477/658/288 
f 481/662/291 482/663/292 480/661/290 479/660/42 
f 483/664/293 484/665/294 482/666/292 481/667/291 
f 485/668/295 486/669/296 484/665/294 483/664/293 
f 487/670/297 488/671/298 486/669/296 485/668/295 
f 489/672/299 490/673/300 488/671/298 487/670/297 
f 491/674/301 492/675/302 490/673/300 489/672/299 
f 493/676/303 494/677/304 492/675/302 491/674/301 
f 495/678/305 496/679/306 494/677/304 493/676/303 
f 497/680/307 498/681/308 496/679/306 495/678/305 
f 499/682/309 500/683/310 498/681/308 497/680/307 
f 501/684/311 502/685/312 500/683/310 499/682/309 
f 470/651/282 469/650/281 502/686/312 501/687/311 
f 503/688/313 504/689/3 505/690/314 
f 469/650/281 468/649/280 506/691/315 507/692/316 
f 468/649/280 472/653/284 508/693/317 506/691/315 
f 472/653/284 474/655/285 509/694/318 508/693/317 
f 474/655/285 476/657/287 510/695/319 509/694/318 
f 476/657/287 478/659/289 511/696/320 510/695/319 
f 478/659/289 480/661/290 512/697/321 511/696/320 
f 480/661/290 482/663/292 513/698/322 512/697/321 
f 482/666/292 484/665/294 514/699/323 513/700/322 
f 484/665/294 486/669/296 515/701/324 514/699/323 
f 486/669/296 488/671/298 516/702/325 515/701/324 
f 488/671/298 490/673/300 517/703/326 516/702/325 
f 490/673/300 492/675/302 518/704/327 517/703/326 
f 492/675/302 494/677/304 519/705/328 518/704/327 
f 494/677/304 496/679/306 520/706/329 519/705/328 
f 496/679/306 498/681/308 521/707/330 520/706/329 
f 498/681/308 500/683/310 522/708/331 521/707/330 
f 500/683/310 502/685/312 523/709/332 522/708/331 
f 502/686/312 469/650/281 507/692/316 523/710/332 
f 524/711/333 503/688/313 523/712/334 507/713/335 
f 525/714/336 524/711/333 507/713/335 506/715/337 
f 526/716/338 525/714/336 506/715/337 508/717/339 
f 527/718/340 526/716/338 508/717/339 509/719/341 
f 528/720/342 527/718/340 509/719/341 510/721/343 
f 529/722/344 528/720/342 510/721/343 511/723/345 
f 530/724/346 529/722/344 511/723/345 512/725/347 
f 531/726/348 530/724/346 512/725/347 513/727/349 
f 532/728/350 531/726/348 513/727/349 514/729/351 
f 533/730/352 532/728/350 514/729/351 515/731/353 
f 534/732/354 533/730/352 515/731/353 516/733/355 
f 535/734/356 534/732/354 516/733/355 517/735/357 
f 536/736/358 535/734/356 517/735/357 518/737/359 
f 537/738/360 536/736/358 518/737/359 519/739/361 
f 538/740/362 537/738/360 519/739/361 520/741/363 
f 539/742/364 538/740/362 520/741/363 521/743/365 
f 505/690/314 539/742/364 521/743/365 522/744/366 
f 503/688/313 505/690/314 522/744/366 523/712/334 
f 503/688/313 524/711/333 540/745/3 504/689/3 
f 524/711/333 525/714/336 540/745/3 
f 540/745/3 533/730/352 534/732/354 504/689/3 
f 532/728/350 533/730/352 540/745/3 
f 531/726/348 532/728/350 540/745/3 
f 530/724/346 531/726/348 540/745/3 
f 529/722/344 530/724/346 540/745/3 
f 528/720/342 529/722/344 540/745/3 
f 527/718/340 528/720/342 540/745/3 
f 526/716/338 527/718/340 540/745/3 
f 525/714/336 526/716/338 540/745/3 
f 504/689/3 534/732/354 535/734/356 
f 504/689/3 535/734/356 536/736/358 
f 504/689/3 536/736/358 537/738/360 
f 504/689/3 537/738/360 538/740/362 
f 504/689/3 538/740/362 539/742/364 
f 504/689/3 539/742/364 505/690/314 
f 541/746/39 542/747/39 543/748/40 544/749/40 
f 544/749/40 543/748/40 545/750/41 546/751/41 
f 546/751/41 545/750/41 547/752/2 548/753/367 
f 548/753/367 547/752/2 549/754/42 550/755/42 
f 550/756/42 549/757/42 551/758/43 552/759/43 
f 552/759/43 551/758/43 553/760/19 554/761/19 
f 554/761/19 553/760/19 555/762/44 556/763/44 
f 556/763/44 555/762/44 557/764/45 558/765/45 
f 558/765/45 557/764/45 559/766/1 560/767/1 
f 560/767/1 559/766/1 561/768/46 562/769/46 
f 562/769/46 561/768/46 563/770/47 564/771/47 
f 564/771/48 563/770/48 542/747/48 541/746/48 
f 542/772/21 565/773/21 566/774/21 543/775/21 
f 543/775/21 566/774/21 567/776/21 545/777/21 
f 545/777/21 567/776/21 568/778/21 547/779/21 
f 547/779/21 568/778/21 569/780/21 549/781/21 
f 549/781/21 569/780/21 570/782/21 551/783/21 
f 551/783/21 570/782/21 571/784/21 553/785/21 
f 553/785/21 571/784/21 572/786/21 555/787/21 
f 555/787/21 572/786/21 573/788/21 557/789/21 
f 557/789/21 573/788/21 574/790/21 559/791/21 
f 559/791/21 574/790/21 575/792/21 561/793/21 
f 561/793/21 575/792/21 576/794/21 563/795/21 
f 563/795/21 576/794/21 565/773/21 542/772/21 
f 565/796/20 577/797/20 578/798/40 566/799/40 
f 566/799/40 578/798/40 579/800/50 567/801/50 
f 567/801/51 579/800/51 580/802/2 568/803/2 
f 568/803/2 580/802/2 581/804/52 569/805/52 
f 569/805/53 581/804/53 582/806/43 570/807/43 
f 570/807/43 582/806/43 583/808/19 571/809/19 
f 571/809/19 583/808/19 584/810/57 572/811/57 
f 572/811/58 584/810/58 585/812/45 573/813/45 
f 573/813/45 585/812/45 586/814/59 574/815/59 
f 574/815/60 586/814/60 587/816/46 575/817/46 
f 575/818/46 587/819/46 588/820/47 576/821/47 
f 576/821/48 588/820/48 577/797/20 565/796/20 
f 589/822/111 590/823/21 591/824/112 
f 592/825/113 593/826/21 594/827/21 595/828/114 
f 596/829/117 595/828/114 594/827/21 597/830/21 
f 598/831/118 596/829/117 597/830/21 599/832/21 
f 598/831/118 599/832/21 600/833/119 
f 592/825/113 601/834/120 602/835/21 593/826/21 
f 603/836/121 604/837/21 602/835/21 601/834/120 
f 591/824/112 590/823/21 604/837/21 603/836/121 
f 605/838/122 606/839/368 607/840/21 608/841/21 
f 608/841/21 607/840/21 609/842/21 610/843/21 
f 610/843/21 609/842/21 611/844/21 612/845/21 
f 612/845/21 611/844/21 613/846/21 614/847/21 
f 614/847/21 613/846/21 615/848/21 616/849/21 
f 616/849/21 615/848/21 617/850/21 618/851/21 
f 618/851/21 617/850/21 619/852/21 620/853/21 
f 619/852/21 621/854/369 622/855/125 620/853/21 
f 589/822/111 621/854/369 619/852/21 590/823/21 
f 590/823/21 619/852/21 617/850/21 604/837/21 
f 604/837/21 617/850/21 615/848/21 602/835/21 
f 602/835/21 615/848/21 613/846/21 593/826/21 
f 593/826/21 613/846/21 611/844/21 594/827/21 
f 594/827/21 611/844/21 609/842/21 597/830/21 
f 597/830/21 609/842/21 607/840/21 599/832/21 
f 607/840/21 606/839/368 600/833/119 599/832/21 
f 605/838/122 608/841/21 623/856/126 
f 623/856/126 608/841/21 610/843/21 624/857/127 
f 624/857/127 610/843/21 612/845/21 625/858/128 
f 612/845/21 614/847/21 626/859/129 625/858/128 
f 626/859/129 614/847/21 616/849/21 627/860/130 
f 616/849/21 618/851/21 628/861/131 627/860/130 
f 618/851/21 620/853/21 629/862/132 628/861/131 
f 620/853/21 622/855/125 629/862/132 
f 630/863/370 631/864/371 632/865/372 633/866/373 
f 634/867/374 635/868/375 636/869/376 637/870/377 
f 638/871/378 639/872/379 640/873/380 641/874/381 
f 639/872/379 642/875/382 643/876/383 640/873/380 
f 644/877/384 645/878/385 646/879/386 647/880/387 
f 648/881/100 649/882/388 650/883/389 651/884/99 
f 649/882/388 630/863/370 633/866/373 650/883/389 
f 635/868/375 652/885/390 653/886/391 636/869/376 
f 645/878/385 654/887/392 655/888/393 646/879/386 
f 656/889/394 634/867/374 637/870/377 657/890/395 
f 658/891/396 648/881/100 651/884/99 659/892/397 
f 660/893/61 661/894/62 662/895/3 
f 663/896/63 664/897/64 665/898/3 666/899/3 
f 657/890/395 667/900/115 668/901/116 656/889/394 
f 659/892/397 655/888/393 654/887/392 658/891/396 
f 665/898/3 664/897/64 669/902/65 670/903/3 
f 670/903/3 669/902/65 671/904/66 672/905/3 
f 671/904/66 673/906/67 672/905/3 
f 674/907/3 675/908/68 663/896/63 666/899/3 
f 676/909/69 675/908/68 674/907/3 677/910/3 
f 661/894/62 676/909/69 677/910/3 662/895/3 
f 678/911/3 679/912/398 680/913/70 681/914/3 
f 681/914/3 682/915/3 683/916/3 678/911/3 
f 682/915/3 684/917/3 685/918/3 683/916/3 
f 684/917/3 686/919/3 687/920/3 685/918/3 
f 686/919/3 688/921/3 689/922/3 687/920/3 
f 688/921/3 690/923/3 691/924/3 689/922/3 
f 690/923/3 692/925/3 693/926/3 691/924/3 
f 693/926/3 692/925/3 694/927/72 695/928/399 
f 693/926/3 695/928/399 660/893/61 662/895/3 
f 662/895/3 677/910/3 691/924/3 693/926/3 
f 677/910/3 674/907/3 689/922/3 691/924/3 
f 674/907/3 666/899/3 687/920/3 689/922/3 
f 666/899/3 665/898/3 685/918/3 687/920/3 
f 665/898/3 670/903/3 683/916/3 685/918/3 
f 670/903/3 672/905/3 678/911/3 683/916/3 
f 678/911/3 672/905/3 673/906/67 679/912/398 
f 680/913/70 696/929/74 681/914/3 
f 682/915/3 681/914/3 696/929/74 697/930/400 
f 684/917/3 682/915/3 697/930/400 698/931/76 
f 684/917/3 698/931/76 699/932/77 686/919/3 
f 688/921/3 686/919/3 699/932/77 700/933/78 
f 688/921/3 700/933/78 701/934/79 690/923/3 
f 690/923/3 701/934/79 702/935/80 692/925/3 
f 692/925/3 702/935/80 694/927/72 
f 631/864/371 668/901/116 667/900/115 632/865/372 
f 652/936/390 703/937/401 704/938/402 653/939/391 
f 703/937/401 705/940/135 706/941/136 704/938/402 
f 705/940/135 638/871/378 641/874/381 706/941/136 
f 642/875/382 707/942/403 708/943/404 643/876/383 
f 707/944/403 709/945/405 710/946/406 708/947/404 
f 709/945/405 644/877/384 647/880/387 710/946/406 
f 591/824/112 711/948/226 712/949/227 589/822/111 
f 711/948/226 713/950/228 714/951/186 712/949/227 
f 595/828/114 715/952/229 716/953/230 592/825/113 
f 715/952/229 717/954/216 718/955/192 716/953/230 
f 596/829/117 719/956/233 715/952/229 595/828/114 
f 719/956/233 720/957/407 717/954/216 715/952/229 
f 598/831/118 721/958/235 719/956/233 596/829/117 
f 721/958/235 722/959/236 720/957/407 719/956/233 
f 600/833/119 723/960/237 721/958/235 598/831/118 
f 723/960/237 724/961/197 722/959/236 721/958/235 
f 592/825/113 716/953/230 725/962/238 601/834/120 
f 716/953/230 718/955/192 726/963/191 725/962/238 
f 601/834/120 725/962/238 727/964/408 603/836/121 
f 725/962/238 726/963/191 728/965/409 727/964/408 
f 603/836/121 727/964/408 711/948/226 591/824/112 
f 727/964/408 728/965/409 713/950/228 711/948/226 
f 605/838/122 729/966/240 730/967/410 606/839/368 
f 729/966/240 731/968/201 732/969/411 730/967/410 
f 621/854/369 733/970/412 734/971/243 622/855/125 
f 733/970/412 735/972/413 736/973/213 734/971/243 
f 589/822/111 712/949/227 733/970/412 621/854/369 
f 712/949/227 714/951/186 735/972/413 733/970/412 
f 606/839/368 730/967/410 723/960/237 600/833/119 
f 730/967/410 732/969/411 724/961/197 723/960/237 
f 623/856/126 737/974/244 729/966/240 605/838/122 
f 737/974/244 738/975/245 731/968/201 729/966/240 
f 624/857/127 739/976/246 737/974/244 623/856/126 
f 739/976/246 740/977/414 738/975/245 737/974/244 
f 625/858/128 741/978/248 739/976/246 624/857/127 
f 741/978/248 742/979/206 740/977/414 739/976/246 
f 626/859/129 743/980/249 741/978/248 625/858/128 
f 743/980/249 744/981/207 742/979/206 741/978/248 
f 627/860/130 745/982/250 743/980/249 626/859/129 
f 745/982/250 746/983/219 744/981/207 743/980/249 
f 628/861/131 747/984/415 745/982/250 627/860/130 
f 747/984/415 748/985/416 746/983/219 745/982/250 
f 629/862/132 749/986/252 747/984/415 628/861/131 
f 749/986/252 750/987/212 748/985/416 747/984/415 
f 622/855/125 734/971/243 749/986/252 629/862/132 
f 734/971/243 736/973/213 750/987/212 749/986/252 
f 630/863/370 751/988/417 752/989/418 631/864/371 
f 751/988/417 735/990/413 714/991/186 752/989/418 
f 632/865/372 753/992/419 754/993/420 633/866/373 
f 753/992/419 755/994/143 756/995/421 754/993/420 
f 634/867/374 757/996/189 758/997/422 635/868/375 
f 757/996/189 726/998/191 718/999/192 758/997/422 
f 636/869/376 759/1000/423 760/1001/188 637/870/377 
f 759/1000/423 761/1002/147 762/1003/156 760/1001/188 
f 638/871/378 763/1004/195 764/1005/424 639/872/379 
f 763/1004/195 724/1006/197 732/1007/411 764/1005/424 
f 640/873/380 765/1008/425 766/1009/426 641/874/381 
f 765/1008/425 767/1010/427 768/1011/154 766/1009/426 
f 639/872/379 764/1005/424 769/1012/428 642/875/382 
f 764/1005/424 732/1007/411 731/1013/201 769/1012/428 
f 643/876/383 770/1014/429 765/1008/425 640/873/380 
f 770/1014/429 771/1015/162 767/1010/427 765/1008/425 
f 644/877/384 772/1016/430 773/1017/431 645/878/385 
f 772/1016/430 742/1018/206 744/1019/207 773/1017/431 
f 646/879/386 774/1020/432 775/1021/433 647/880/387 
f 774/1020/432 776/1022/174 777/1023/172 775/1021/433 
f 648/881/100 778/1024/434 779/1025/435 649/882/388 
f 778/1024/434 750/1026/212 736/1027/213 779/1025/435 
f 650/883/389 780/1028/436 781/1029/437 651/884/99 
f 780/1028/436 782/1030/165 783/1031/180 781/1029/437 
f 649/882/388 779/1025/435 751/988/417 630/863/370 
f 779/1025/435 736/1027/213 735/990/413 751/988/417 
f 633/866/373 754/993/420 780/1028/436 650/883/389 
f 754/993/420 756/995/421 782/1030/165 780/1028/436 
f 635/868/375 758/997/422 784/1032/438 652/885/390 
f 758/997/422 718/999/192 717/1033/216 784/1032/438 
f 653/886/391 785/1034/439 759/1000/423 636/869/376 
f 785/1034/439 786/1035/148 761/1002/147 759/1000/423 
f 645/878/385 773/1017/431 787/1036/218 654/887/392 
f 773/1017/431 744/1019/207 746/1037/219 787/1036/218 
f 655/888/393 788/1038/217 774/1020/432 646/879/386 
f 788/1038/217 789/1039/176 776/1022/174 774/1020/432 
f 656/889/394 790/1040/440 757/996/189 634/867/374 
f 790/1040/440 728/1041/409 726/998/191 757/996/189 
f 637/870/377 760/1001/188 791/1042/441 657/890/395 
f 760/1001/188 762/1003/156 792/1043/442 791/1042/441 
f 658/891/396 793/1044/224 778/1024/434 648/881/100 
f 793/1044/224 748/1045/416 750/1026/212 778/1024/434 
f 651/884/99 781/1029/437 794/1046/223 659/892/397 
f 781/1029/437 783/1031/180 795/1047/443 794/1046/223 
f 660/893/61 796/1048/141 797/1049/142 661/894/62 
f 796/1048/141 755/1050/143 798/1051/144 797/1049/142 
f 663/896/63 799/1052/145 800/1053/146 664/897/64 
f 799/1052/145 761/1054/147 786/1055/148 800/1053/146 
f 657/890/395 791/1042/441 801/1056/444 667/900/115 
f 791/1042/441 792/1043/442 798/1057/144 801/1056/444 
f 668/901/116 802/1058/445 790/1040/440 656/889/394 
f 802/1058/445 713/1059/228 728/1041/409 790/1040/440 
f 659/892/397 794/1046/223 788/1038/217 655/888/393 
f 794/1046/223 795/1047/443 789/1039/176 788/1038/217 
f 654/887/392 787/1036/218 793/1044/224 658/891/396 
f 787/1036/218 746/1037/219 748/1045/416 793/1044/224 
f 664/897/64 800/1053/146 803/1060/149 669/902/65 
f 800/1053/146 786/1055/148 804/1061/446 803/1060/149 
f 669/902/65 803/1060/149 805/1062/151 671/904/66 
f 803/1060/149 804/1061/446 806/1063/152 805/1062/151 
f 671/904/66 805/1062/151 807/1064/153 673/906/67 
f 805/1062/151 806/1063/152 768/1065/154 807/1064/153 
f 675/908/68 808/1066/155 799/1052/145 663/896/63 
f 808/1066/155 762/1067/156 761/1054/147 799/1052/145 
f 676/909/69 809/1068/447 808/1066/155 675/908/68 
f 809/1068/447 792/1069/442 762/1067/156 808/1066/155 
f 661/894/62 797/1049/142 809/1068/447 676/909/69 
f 797/1049/142 798/1051/144 792/1069/442 809/1068/447 
f 679/912/398 810/1070/448 811/1071/160 680/913/70 
f 810/1070/448 767/1072/427 771/1073/162 811/1071/160 
f 694/927/72 812/1074/163 813/1075/449 695/928/399 
f 812/1074/163 782/1076/165 756/1077/421 813/1075/449 
f 695/928/399 813/1075/449 796/1048/141 660/893/61 
f 813/1075/449 756/1077/421 755/1050/143 796/1048/141 
f 673/906/67 807/1064/153 810/1070/448 679/912/398 
f 807/1064/153 768/1065/154 767/1072/427 810/1070/448 
f 680/913/70 811/1071/160 814/1078/167 696/929/74 
f 811/1071/160 771/1073/162 815/1079/168 814/1078/167 
f 696/929/74 814/1078/167 816/1080/169 697/930/400 
f 814/1078/167 815/1079/168 817/1081/450 816/1080/169 
f 697/930/400 816/1080/169 818/1082/171 698/931/76 
f 816/1080/169 817/1081/450 777/1083/172 818/1082/171 
f 698/931/76 818/1082/171 819/1084/173 699/932/77 
f 818/1082/171 777/1083/172 776/1085/174 819/1084/173 
f 699/932/77 819/1084/173 820/1086/175 700/933/78 
f 819/1084/173 776/1085/174 789/1087/176 820/1086/175 
f 700/933/78 820/1086/175 821/1088/451 701/934/79 
f 820/1086/175 789/1087/176 795/1089/443 821/1088/451 
f 701/934/79 821/1088/451 822/1090/179 702/935/80 
f 821/1088/451 795/1089/443 783/1091/180 822/1090/179 
f 702/935/80 822/1090/179 812/1074/163 694/927/72 
f 822/1090/179 783/1091/180 782/1076/165 812/1074/163 
f 631/864/371 752/989/418 802/1058/445 668/901/116 
f 752/989/418 714/991/186 713/1059/228 802/1058/445 
f 667/900/115 801/1056/444 753/992/419 632/865/372 
f 801/1056/444 798/1057/144 755/994/143 753/992/419 
f 652/936/390 784/1092/438 823/1093/452 703/937/401 
f 784/1092/438 717/1094/216 720/1095/407 823/1093/452 
f 704/938/402 824/1096/453 785/1097/439 653/939/391 
f 824/1096/453 804/1098/446 786/1099/148 785/1097/439 
f 703/937/401 823/1093/452 825/1100/454 705/940/135 
f 823/1093/452 720/1095/407 722/1101/236 825/1100/454 
f 706/941/136 826/1102/455 824/1096/453 704/938/402 
f 826/1102/455 806/1103/152 804/1098/446 824/1096/453 
f 705/940/135 825/1100/454 763/1004/195 638/871/378 
f 825/1100/454 722/1101/236 724/1006/197 763/1004/195 
f 641/874/381 766/1009/426 826/1102/455 706/941/136 
f 766/1009/426 768/1011/154 806/1103/152 826/1102/455 
f 642/875/382 769/1012/428 827/1104/258 707/942/403 
f 769/1012/428 731/1013/201 738/1105/245 827/1104/258 
f 708/943/404 828/1106/257 770/1014/429 643/876/383 
f 828/1106/257 815/1107/168 771/1015/162 770/1014/429 
f 707/944/403 827/1108/258 829/1109/456 709/945/405 
f 827/1108/258 738/1110/245 740/1111/414 829/1109/456 
f 710/946/406 830/1112/457 828/1113/257 708/947/404 
f 830/1112/457 817/1114/450 815/1115/168 828/1113/257 
f 709/945/405 829/1109/456 772/1016/430 644/877/384 
f 829/1109/456 740/1111/414 742/1018/206 772/1016/430 
f 647/880/387 775/1021/433 830/1112/457 710/946/406 
f 775/1021/433 777/1023/172 817/1114/450 830/1112/457 
f 831/1116/3 832/1117/3 833/1118/3 834/1119/3 
f 835/1120/21 836/1121/21 837/1122/21 838/1123/21 
f 831/1124/261 835/1125/261 838/1126/262 832/1127/262 
f 839/1128/263 840/1129/264 841/1130/264 842/1131/263 
f 833/1132/265 837/1133/265 836/1134/2 834/1135/2 
f 832/1117/3 843/1136/3 844/1137/3 833/1118/3 
f 833/1132/265 844/1138/266 845/1139/266 837/1133/265 
f 837/1122/21 845/1140/21 846/1141/21 838/1123/21 
f 838/1126/262 846/1142/267 843/1143/267 832/1127/262 
f 839/1144/3 847/1145/3 848/1146/3 840/1147/3 
f 840/1147/3 848/1146/3 844/1137/3 843/1136/3 
f 845/1139/266 844/1138/266 848/1148/268 849/1149/268 
f 842/1150/21 841/1151/21 846/1141/21 850/1152/21 
f 849/1153/21 850/1152/21 846/1141/21 845/1140/21 
f 851/1154/269 852/1155/269 853/1156/270 854/1157/270 
f 842/1131/263 850/1158/271 847/1159/271 839/1128/263 
f 848/1148/268 847/1160/271 850/1161/271 849/1149/268 
f 841/1130/264 840/1129/264 855/1162/272 856/1163/272 
f 857/1164/21 858/1165/21 853/1166/21 856/1167/21 
f 853/1166/21 852/1168/21 859/1169/21 860/1170/21 
f 859/1169/21 861/1171/21 860/1170/21 
f 856/1167/21 853/1166/21 860/1170/21 846/1141/21 
f 841/1151/21 856/1167/21 846/1141/21 
f 843/1143/273 846/1142/273 860/1172/274 862/1173/274 
f 863/1174/3 864/1175/3 851/1176/3 862/1177/3 
f 851/1176/3 854/1178/3 865/1179/3 855/1180/3 
f 865/1179/3 866/1181/3 855/1180/3 
f 862/1177/3 851/1176/3 855/1180/3 840/1147/3 
f 843/1136/3 862/1177/3 840/1147/3 
f 851/1154/269 864/1182/275 859/1183/275 852/1155/269 
f 864/1182/275 863/1184/276 861/1185/276 859/1183/275 
f 853/1156/270 858/1186/277 865/1187/277 854/1157/270 
f 858/1186/277 857/1188/278 866/1189/278 865/1187/277 
f 855/1162/272 866/1189/278 857/1188/278 856/1163/272 
f 860/1172/274 861/1185/276 863/1184/276 862/1173/274 
f 867/1190/279 868/1191/282 869/1192/458 870/1193/459 
f 871/1194/283 867/1190/279 870/1193/459 872/1195/460 
f 873/1196/41 871/1194/283 872/1195/460 874/1197/461 
f 875/1198/286 873/1196/41 874/1197/461 876/1199/462 
f 877/1200/288 875/1198/286 876/1199/462 878/1201/463 
f 879/1202/42 877/1200/288 878/1201/463 880/1203/464 
f 881/1204/291 879/1202/42 880/1203/464 882/1205/465 
f 883/1206/293 881/1207/291 882/1208/465 884/1209/466 
f 885/1210/295 883/1206/293 884/1209/466 886/1211/467 
f 887/1212/297 885/1210/295 886/1211/467 888/1213/468 
f 889/1214/299 887/1212/297 888/1213/468 890/1215/469 
f 891/1216/301 889/1214/299 890/1215/469 892/1217/470 
f 893/1218/303 891/1216/301 892/1217/470 894/1219/471 
f 895/1220/305 893/1218/303 894/1219/471 896/1221/472 
f 897/1222/307 895/1220/305 896/1221/472 898/1223/473 
f 899/1224/309 897/1222/307 898/1223/473 900/1225/474 
f 901/1226/311 899/1224/309 900/1225/474 902/1227/475 
f 868/1191/282 901/1228/311 902/1229/475 869/1192/458 
f 903/1230/476 904/1231/477 905/1232/21 
f 869/1192/458 906/1233/478 907/1234/479 870/1193/459 
f 870/1193/459 907/1234/479 908/1235/480 872/1195/460 
f 872/1195/460 908/1235/480 909/1236/481 874/1197/461 
f 874/1197/461 909/1236/481 910/1237/482 876/1199/462 
f 876/1199/462 910/1237/482 911/1238/483 878/1201/463 
f 878/1201/463 911/1238/483 912/1239/484 880/1203/464 
f 880/1203/464 912/1239/484 913/1240/485 882/1205/465 
f 882/1208/465 913/1241/485 914/1242/486 884/1209/466 
f 884/1209/466 914/1242/486 915/1243/487 886/1211/467 
f 886/1211/467 915/1243/487 916/1244/488 888/1213/468 
f 888/1213/468 916/1244/488 917/1245/489 890/1215/469 
f 890/1215/469 917/1245/489 918/1246/490 892/1217/470 
f 892/1217/470 918/1246/490 919/1247/491 894/1219/471 
f 894/1219/471 919/1247/491 920/1248/492 896/1221/472 
f 896/1221/472 920/1248/492 921/1249/493 898/1223/473 
f 898/1223/473 921/1249/493 922/1250/494 900/1225/474 
f 900/1225/474 922/1250/494 923/1251/495 902/1227/475 
f 902/1229/475 923/1252/495 906/1233/478 869/1192/458 
f 924/1253/496 906/1254/497 923/1255/498 903/1230/476 
f 925/1256/499 907/1257/500 906/1254/497 924/1253/496 
f 926/1258/501 908/1259/502 907/1257/500 925/1256/499 
f 927/1260/503 909/1261/504 908/1259/502 926/1258/501 
f 928/1262/505 910/1263/506 909/1261/504 927/1260/503 
f 929/1264/507 911/1265/508 910/1263/506 928/1262/505 
f 930/1266/509 912/1267/510 911/1265/508 929/1264/507 
f 931/1268/511 913/1269/512 912/1267/510 930/1266/509 
f 932/1270/513 914/1271/514 913/1269/512 931/1268/511 
f 933/1272/515 915/1273/516 914/1271/514 932/1270/513 
f 934/1274/517 916/1275/518 915/1273/516 933/1272/515 
f 935/1276/519 917/1277/520 916/1275/518 934/1274/517 
f 936/1278/521 918/1279/522 917/1277/520 935/1276/519 
f 937/1280/523 919/1281/524 918/1279/522 936/1278/521 
f 938/1282/525 920/1283/526 919/1281/524 937/1280/523 
f 939/1284/527 921/1285/528 920/1283/526 938/1282/525 
f 904/1231/477 922/1286/529 921/1285/528 939/1284/527 
f 903/1230/476 923/1255/498 922/1286/529 904/1231/477 
f 903/1230/476 905/1232/21 940/1287/21 924/1253/496 
f 924/1253/496 940/1287/21 925/1256/499 
f 940/1287/21 905/1232/21 934/1274/517 933/1272/515 
f 932/1270/513 940/1287/21 933/1272/515 
f 931/1268/511 940/1287/21 932/1270/513 
f 930/1266/509 940/1287/21 931/1268/511 
f 929/1264/507 940/1287/21 930/1266/509 
f 928/1262/505 940/1287/21 929/1264/507 
f 927/1260/503 940/1287/21 928/1262/505 
f 926/1258/501 940/1287/21 927/1260/503 
f 925/1256/499 940/1287/21 926/1258/501 
f 905/1232/21 935/1276/519 934/1274/517 
f 905/1232/21 936/1278/521 935/1276/519 
f 905/1232/21 937/1280/523 936/1278/521 
f 905/1232/21 938/1282/525 937/1280/523 
f 905/1232/21 939/1284/527 938/1282/525 
f 905/1232/21 904/1231/477 939/1284/527 
# 856 polygons - 56 triangles

#
# object Fram
#

v  33.6171 165.5796 21.7672
v  33.6171 156.6787 21.7672
v  -51.0790 156.6787 21.7672
v  -51.0790 165.5795 21.7672
v  -51.0790 156.6787 31.7672
v  33.6171 156.6787 31.7672
v  33.6171 165.5796 31.7672
v  -51.0790 165.5795 31.7672
v  -51.6285 156.6787 22.3167
v  -51.6285 156.6787 31.2176
v  -51.6285 165.5795 31.2176
v  -51.6285 165.5795 22.3167
v  33.6171 156.1291 22.3168
v  33.6171 156.1291 31.2176
v  -51.0790 156.1291 31.2176
v  -51.0790 156.1291 22.3167
v  34.1667 165.5796 22.3168
v  34.1667 165.5796 31.2176
v  34.1667 156.6787 31.2176
v  34.1667 156.6787 22.3168
v  -51.0790 166.1291 22.3167
v  -51.0790 166.1291 31.2176
v  33.6171 166.1291 31.2176
v  33.6171 166.1291 22.3168
v  -51.3194 165.5795 21.8015
v  -51.3022 165.8028 21.8359
v  -51.0790 165.8200 21.8015
v  -51.2679 165.9745 21.9217
v  -51.0790 165.9917 21.9046
v  -51.4911 165.5795 21.9046
v  -51.4739 165.7685 21.9217
v  -51.4224 165.9230 21.9733
v  33.6171 165.8200 21.8015
v  33.8404 165.8028 21.8359
v  33.8575 165.5796 21.8015
v  34.0121 165.7685 21.9218
v  34.0293 165.5796 21.9046
v  33.6171 165.9917 21.9046
v  33.8060 165.9746 21.9218
v  33.9606 165.9230 21.9733
v  33.8575 156.6787 21.8015
v  33.8403 156.4554 21.8359
v  33.6171 156.4383 21.8015
v  33.8060 156.2837 21.9218
v  33.6171 156.2665 21.9046
v  34.0293 156.6787 21.9046
v  34.0121 156.4898 21.9218
v  33.9606 156.3352 21.9733
v  -51.0790 156.4382 21.8015
v  -51.3022 156.4554 21.8359
v  -51.3194 156.6787 21.8015
v  -51.4739 156.4898 21.9217
v  -51.4911 156.6787 21.9046
v  -51.0790 156.2665 21.9046
v  -51.2679 156.2837 21.9217
v  -51.4224 156.3352 21.9733
v  -51.0790 165.8200 31.7328
v  -51.3022 165.8028 31.6985
v  -51.3194 165.5795 31.7328
v  -51.4740 165.7685 31.6126
v  -51.4911 165.5795 31.6298
v  -51.0790 165.9917 31.6298
v  -51.2679 165.9745 31.6126
v  -51.4224 165.9230 31.5611
v  -51.3194 156.6787 31.7328
v  -51.3022 156.4554 31.6985
v  -51.0790 156.4382 31.7328
v  -51.2679 156.2837 31.6126
v  -51.0790 156.2665 31.6298
v  -51.4911 156.6787 31.6298
v  -51.4740 156.4898 31.6126
v  -51.4224 156.3352 31.5611
v  33.6171 156.4383 31.7328
v  33.8403 156.4554 31.6985
v  33.8575 156.6787 31.7328
v  34.0121 156.4898 31.6126
v  34.0293 156.6787 31.6298
v  33.6171 156.2665 31.6298
v  33.8060 156.2837 31.6126
v  33.9606 156.3352 31.5611
v  33.8575 165.5796 31.7328
v  33.8403 165.8028 31.6985
v  33.6171 165.8200 31.7328
v  33.8060 165.9746 31.6126
v  33.6171 165.9917 31.6298
v  34.0293 165.5796 31.6298
v  34.0121 165.7685 31.6126
v  33.9606 165.9230 31.5611
v  -51.5942 165.8200 22.3167
v  -51.5598 165.8028 22.0935
v  -51.5942 165.5795 22.0763
v  -51.4911 165.9917 22.3167
v  -51.4739 165.9745 22.1278
v  -51.5942 156.6787 22.0763
v  -51.5598 156.4554 22.0935
v  -51.5942 156.4382 22.3167
v  -51.4739 156.2837 22.1278
v  -51.4911 156.2665 22.3167
v  -51.5942 156.4382 31.2176
v  -51.5598 156.4554 31.4409
v  -51.5942 156.6787 31.4580
v  -51.4911 156.2665 31.2176
v  -51.4740 156.2837 31.4065
v  -51.5942 165.5795 31.4580
v  -51.5598 165.8028 31.4409
v  -51.5942 165.8200 31.2176
v  -51.4740 165.9745 31.4065
v  -51.4911 165.9917 31.2176
v  -51.3194 156.1635 22.3167
v  -51.3022 156.1978 22.0935
v  -51.0790 156.1635 22.0763
v  33.6171 156.1635 22.0763
v  33.8404 156.1978 22.0935
v  33.8575 156.1635 22.3168
v  34.0121 156.2837 22.1279
v  34.0293 156.2665 22.3168
v  33.8575 156.1635 31.2176
v  33.8403 156.1978 31.4409
v  33.6171 156.1635 31.4581
v  34.0293 156.2665 31.2176
v  34.0121 156.2837 31.4065
v  -51.0790 156.1635 31.4580
v  -51.3022 156.1978 31.4409
v  -51.3194 156.1635 31.2176
v  34.1323 156.4383 22.3168
v  34.0980 156.4554 22.0935
v  34.1323 156.6787 22.0763
v  34.1323 165.5796 22.0763
v  34.0980 165.8028 22.0935
v  34.1323 165.8200 22.3168
v  34.0121 165.9746 22.1279
v  34.0293 165.9917 22.3168
v  34.1323 165.8200 31.2176
v  34.0980 165.8028 31.4409
v  34.1323 165.5796 31.4581
v  34.0293 165.9917 31.2176
v  34.0121 165.9746 31.4065
v  34.1323 156.6787 31.4581
v  34.0980 156.4554 31.4409
v  34.1323 156.4383 31.2176
v  33.8575 166.0948 22.3168
v  33.8403 166.0604 22.0935
v  33.6171 166.0948 22.0763
v  -51.0790 166.0948 22.0763
v  -51.3022 166.0604 22.0935
v  -51.3194 166.0948 22.3167
v  -51.3194 166.0948 31.2176
v  -51.3022 166.0604 31.4409
v  -51.0790 166.0948 31.4580
v  33.6171 166.0948 31.4581
v  33.8403 166.0604 31.4409
v  33.8575 166.0948 31.2176
v  -50.7646 155.4831 21.7672
v  -41.8637 155.4831 21.7672
v  -41.8637 16.1117 21.7672
v  -50.7645 16.1116 21.7672
v  -41.8637 16.1117 31.7672
v  -41.8637 155.4831 31.7672
v  -50.7646 155.4831 31.7672
v  -50.7645 16.1116 31.7672
v  -41.8637 15.5621 22.3167
v  -41.8637 15.5621 31.2176
v  -50.7645 15.5621 31.2176
v  -50.7645 15.5621 22.3167
v  -41.3141 155.4831 22.3167
v  -41.3141 155.4831 31.2176
v  -41.3141 16.1117 31.2176
v  -41.3141 16.1117 22.3167
v  -50.7646 156.0327 22.3167
v  -50.7646 156.0327 31.2176
v  -41.8637 156.0327 31.2176
v  -41.8637 156.0327 22.3167
v  -51.3141 16.1116 22.3167
v  -51.3141 16.1116 31.2176
v  -51.3141 155.4831 31.2176
v  -51.3141 155.4831 22.3167
v  -50.7645 15.8712 21.8015
v  -50.9878 15.8884 21.8359
v  -51.0050 16.1116 21.8015
v  -51.1595 15.9227 21.9217
v  -51.1767 16.1116 21.9045
v  -50.7645 15.6995 21.9045
v  -50.9534 15.7167 21.9217
v  -51.1080 15.7682 21.9732
v  -51.0050 155.4831 21.8015
v  -50.9878 155.7064 21.8359
v  -50.7646 155.7235 21.8015
v  -50.9535 155.8781 21.9217
v  -50.7646 155.8953 21.9046
v  -51.1767 155.4831 21.9046
v  -51.1596 155.6720 21.9217
v  -51.1080 155.8266 21.9733
v  -41.8637 155.7236 21.8015
v  -41.6404 155.7064 21.8359
v  -41.6233 155.4831 21.8015
v  -41.4687 155.6720 21.9217
v  -41.4515 155.4831 21.9046
v  -41.8637 155.8953 21.9046
v  -41.6748 155.8781 21.9217
v  -41.5202 155.8266 21.9733
v  -41.6232 16.1117 21.8015
v  -41.6404 15.8884 21.8359
v  -41.8637 15.8712 21.8015
v  -41.6747 15.7167 21.9217
v  -41.8637 15.6995 21.9046
v  -41.4515 16.1117 21.9046
v  -41.4687 15.9228 21.9217
v  -41.5202 15.7682 21.9732
v  -51.0050 16.1116 31.7328
v  -50.9878 15.8884 31.6985
v  -50.7645 15.8712 31.7328
v  -50.9534 15.7167 31.6126
v  -50.7645 15.6995 31.6298
v  -51.1767 16.1116 31.6298
v  -51.1595 15.9227 31.6126
v  -51.1080 15.7682 31.5611
v  -41.8637 15.8712 31.7328
v  -41.6404 15.8884 31.6985
v  -41.6232 16.1117 31.7328
v  -41.4687 15.9228 31.6126
v  -41.4515 16.1117 31.6298
v  -41.8637 15.6995 31.6298
v  -41.6747 15.7167 31.6126
v  -41.5202 15.7682 31.5611
v  -41.6233 155.4831 31.7328
v  -41.6404 155.7064 31.6985
v  -41.8637 155.7236 31.7328
v  -41.6748 155.8781 31.6126
v  -41.8637 155.8953 31.6298
v  -41.4515 155.4831 31.6298
v  -41.4687 155.6720 31.6126
v  -41.5202 155.8266 31.5611
v  -50.7646 155.7235 31.7328
v  -50.9878 155.7064 31.6985
v  -51.0050 155.4831 31.7328
v  -51.1596 155.6720 31.6126
v  -51.1767 155.4831 31.6298
v  -50.7646 155.8953 31.6298
v  -50.9535 155.8781 31.6126
v  -51.1080 155.8266 31.5611
v  -51.0050 15.5964 22.3167
v  -50.9878 15.6308 22.0935
v  -50.7645 15.5964 22.0763
v  -51.1767 15.6995 22.3167
v  -51.1595 15.7167 22.1278
v  -41.8637 15.5964 22.0763
v  -41.6404 15.6308 22.0935
v  -41.6232 15.5964 22.3167
v  -41.4687 15.7167 22.1278
v  -41.4515 15.6995 22.3167
v  -41.6232 15.5964 31.2176
v  -41.6404 15.6308 31.4409
v  -41.8637 15.5964 31.4580
v  -41.4515 15.6995 31.2176
v  -41.4687 15.7167 31.4065
v  -50.7645 15.5964 31.4580
v  -50.9878 15.6308 31.4409
v  -51.0050 15.5964 31.2176
v  -51.1595 15.7167 31.4065
v  -51.1767 15.6995 31.2176
v  -41.3484 15.8712 22.3167
v  -41.3828 15.8884 22.0935
v  -41.3484 16.1117 22.0763
v  -41.3485 155.4831 22.0763
v  -41.3828 155.7064 22.0935
v  -41.3485 155.7236 22.3167
v  -41.4687 155.8781 22.1278
v  -41.4515 155.8953 22.3167
v  -41.3485 155.7236 31.2176
v  -41.3828 155.7064 31.4409
v  -41.3485 155.4831 31.4581
v  -41.4515 155.8953 31.2176
v  -41.4687 155.8781 31.4065
v  -41.3484 16.1117 31.4580
v  -41.3828 15.8884 31.4409
v  -41.3484 15.8712 31.2176
v  -41.6233 155.9983 22.3167
v  -41.6404 155.9640 22.0935
v  -41.8637 155.9983 22.0763
v  -50.7646 155.9983 22.0763
v  -50.9878 155.9640 22.0935
v  -51.0050 155.9983 22.3167
v  -51.1596 155.8781 22.1278
v  -51.1767 155.8953 22.3167
v  -51.0050 155.9983 31.2176
v  -50.9878 155.9640 31.4409
v  -50.7646 155.9983 31.4580
v  -51.1767 155.8953 31.2176
v  -51.1596 155.8781 31.4065
v  -41.8637 155.9983 31.4580
v  -41.6404 155.9640 31.4409
v  -41.6233 155.9983 31.2176
v  -51.2798 155.7235 22.3167
v  -51.2454 155.7064 22.0935
v  -51.2798 155.4831 22.0763
v  -51.2797 16.1116 22.0763
v  -51.2454 15.8884 22.0935
v  -51.2797 15.8712 22.3167
v  -51.2797 15.8712 31.2176
v  -51.2454 15.8884 31.4409
v  -51.2797 16.1116 31.4580
v  -51.2798 155.4831 31.4580
v  -51.2454 155.7064 31.4409
v  -51.2798 155.7235 31.2176
v  24.8916 155.4831 21.7672
v  33.7924 155.4831 21.7672
v  33.7925 16.1117 21.7672
v  24.8916 16.1117 21.7672
v  33.7925 16.1117 31.7672
v  33.7924 155.4831 31.7672
v  24.8916 155.4831 31.7672
v  24.8916 16.1117 31.7672
v  33.7925 15.5621 22.3167
v  33.7925 15.5621 31.2176
v  24.8916 15.5621 31.2176
v  24.8916 15.5621 22.3167
v  34.3420 155.4831 22.3168
v  34.3420 155.4831 31.2176
v  34.3420 16.1117 31.2176
v  34.3420 16.1117 22.3167
v  24.8916 156.0327 22.3168
v  24.8916 156.0327 31.2176
v  33.7924 156.0327 31.2176
v  33.7924 156.0327 22.3168
v  24.3420 16.1117 22.3167
v  24.3420 16.1117 31.2176
v  24.3420 155.4831 31.2176
v  24.3420 155.4831 22.3168
v  24.8916 15.8712 21.8015
v  24.6683 15.8884 21.8359
v  24.6512 16.1117 21.8015
v  24.4966 15.9228 21.9217
v  24.4794 16.1117 21.9046
v  24.8916 15.6995 21.9046
v  24.7027 15.7167 21.9217
v  24.5481 15.7682 21.9733
v  24.6511 155.4831 21.8015
v  24.6683 155.7064 21.8359
v  24.8916 155.7236 21.8015
v  24.7027 155.8781 21.9218
v  24.8916 155.8953 21.9046
v  24.4794 155.4831 21.9046
v  24.4966 155.6720 21.9218
v  24.5481 155.8266 21.9733
v  33.7924 155.7236 21.8015
v  34.0157 155.7064 21.8359
v  34.0329 155.4831 21.8015
v  34.1874 155.6720 21.9218
v  34.2046 155.4831 21.9046
v  33.7924 155.8953 21.9046
v  33.9813 155.8781 21.9218
v  34.1359 155.8266 21.9733
v  34.0329 16.1117 21.8015
v  34.0157 15.8884 21.8359
v  33.7925 15.8712 21.8015
v  33.9814 15.7167 21.9217
v  33.7925 15.6995 21.9046
v  34.2046 16.1117 21.9046
v  34.1875 15.9228 21.9217
v  34.1359 15.7682 21.9733
v  24.6512 16.1117 31.7328
v  24.6683 15.8884 31.6985
v  24.8916 15.8712 31.7328
v  24.7027 15.7167 31.6126
v  24.8916 15.6995 31.6298
v  24.4794 16.1117 31.6298
v  24.4966 15.9228 31.6126
v  24.5481 15.7682 31.5611
v  33.7925 15.8712 31.7328
v  34.0157 15.8884 31.6985
v  34.0329 16.1117 31.7328
v  34.1875 15.9228 31.6126
v  34.2046 16.1117 31.6298
v  33.7925 15.6995 31.6298
v  33.9814 15.7167 31.6126
v  34.1359 15.7682 31.5611
v  34.0329 155.4831 31.7329
v  34.0157 155.7064 31.6985
v  33.7924 155.7236 31.7329
v  33.9813 155.8781 31.6126
v  33.7924 155.8953 31.6298
v  34.2046 155.4831 31.6298
v  34.1874 155.6720 31.6126
v  34.1359 155.8266 31.5611
v  24.8916 155.7236 31.7329
v  24.6683 155.7064 31.6985
v  24.6511 155.4831 31.7329
v  24.4966 155.6720 31.6126
v  24.4794 155.4831 31.6298
v  24.8916 155.8953 31.6298
v  24.7027 155.8781 31.6126
v  24.5481 155.8266 31.5611
v  24.6512 15.5964 22.3167
v  24.6683 15.6308 22.0935
v  24.8916 15.5964 22.0763
v  24.4794 15.6995 22.3167
v  24.4966 15.7167 22.1278
v  33.7925 15.5964 22.0763
v  34.0157 15.6308 22.0935
v  34.0329 15.5964 22.3167
v  34.1875 15.7167 22.1278
v  34.2046 15.6995 22.3167
v  34.0329 15.5964 31.2176
v  34.0157 15.6308 31.4409
v  33.7925 15.5964 31.4580
v  34.2046 15.6995 31.2176
v  34.1875 15.7167 31.4065
v  24.8916 15.5964 31.4580
v  24.6683 15.6308 31.4409
v  24.6512 15.5964 31.2176
v  24.4966 15.7167 31.4065
v  24.4794 15.6995 31.2176
v  34.3077 15.8712 22.3167
v  34.2733 15.8884 22.0935
v  34.3077 16.1117 22.0763
v  34.3077 155.4831 22.0763
v  34.2733 155.7064 22.0935
v  34.3077 155.7236 22.3168
v  34.1874 155.8781 22.1279
v  34.2046 155.8953 22.3168
v  34.3077 155.7236 31.2176
v  34.2733 155.7064 31.4409
v  34.3077 155.4831 31.4581
v  34.2046 155.8953 31.2176
v  34.1874 155.8781 31.4065
v  34.3077 16.1117 31.4580
v  34.2733 15.8884 31.4409
v  34.3077 15.8712 31.2176
v  34.0329 155.9984 22.3168
v  34.0157 155.9640 22.0935
v  33.7924 155.9984 22.0763
v  24.8916 155.9984 22.0763
v  24.6683 155.9640 22.0935
v  24.6511 155.9984 22.3168
v  24.4966 155.8781 22.1279
v  24.4794 155.8953 22.3168
v  24.6511 155.9984 31.2176
v  24.6683 155.9640 31.4409
v  24.8916 155.9984 31.4581
v  24.4794 155.8953 31.2176
v  24.4966 155.8781 31.4065
v  33.7924 155.9984 31.4581
v  34.0157 155.9640 31.4409
v  34.0329 155.9984 31.2176
v  24.3764 155.7236 22.3168
v  24.4107 155.7064 22.0935
v  24.3764 155.4831 22.0763
v  24.3764 16.1117 22.0763
v  24.4107 15.8884 22.0935
v  24.3764 15.8712 22.3167
v  24.3764 15.8712 31.2176
v  24.4107 15.8884 31.4409
v  24.3764 16.1117 31.4580
v  24.3764 155.4831 31.4581
v  24.4107 155.7064 31.4409
v  24.3764 155.7236 31.2176
# 456 vertices

vn -0.0731 -0.9946 -0.0731
vn 0.0731 -0.9946 -0.0731
vn 0.0731 -0.9946 0.0731
vn -0.0731 -0.9946 0.0731
vn 0.0731 0.9946 0.0731
vn 0.0731 0.9946 -0.0731
vn -0.0731 0.9946 -0.0731
vn -0.0731 0.9946 0.0731
vn 0.0731 -0.0731 0.9946
vn 0.0731 0.0731 0.9946
vn -0.0731 0.0731 0.9946
vn -0.0731 -0.0731 0.9946
vn 0.9946 -0.0731 -0.0731
vn 0.9946 0.0731 -0.0731
vn 0.9946 0.0731 0.0731
vn 0.9946 -0.0731 0.0731
vn -0.0731 -0.0731 -0.9946
vn -0.0731 0.0731 -0.9946
vn 0.0731 0.0731 -0.9946
vn 0.0731 -0.0731 -0.9946
vn -0.9946 -0.0731 0.0731
vn -0.9946 0.0731 0.0731
vn -0.9946 0.0731 -0.0731
vn -0.9946 -0.0731 -0.0731
vn -0.0754 -0.9404 0.3316
vn -0.3154 -0.8950 0.3154
vn -0.3316 -0.9404 0.0754
vn -0.6780 -0.6780 0.2841
vn -0.7051 -0.7051 0.0761
vn -0.0761 -0.7051 0.7051
vn -0.2841 -0.6780 0.6780
vn -0.5773 -0.5774 0.5774
vn -0.3316 -0.9404 -0.0754
vn -0.3154 -0.8950 -0.3154
vn -0.0754 -0.9404 -0.3316
vn -0.2841 -0.6780 -0.6780
vn -0.0761 -0.7051 -0.7051
vn -0.7051 -0.7051 -0.0761
vn -0.6780 -0.6780 -0.2841
vn -0.5774 -0.5773 -0.5774
vn 0.0754 -0.9404 -0.3316
vn 0.3154 -0.8950 -0.3154
vn 0.3316 -0.9404 -0.0754
vn 0.6780 -0.6780 -0.2841
vn 0.7051 -0.7051 -0.0761
vn 0.0761 -0.7051 -0.7051
vn 0.2841 -0.6780 -0.6780
vn 0.5773 -0.5774 -0.5774
vn 0.3316 -0.9404 0.0754
vn 0.3154 -0.8950 0.3154
vn 0.0754 -0.9404 0.3316
vn 0.2841 -0.6780 0.6780
vn 0.0761 -0.7051 0.7051
vn 0.7051 -0.7051 0.0761
vn 0.6780 -0.6780 0.2841
vn 0.5774 -0.5773 0.5774
vn -0.3316 0.9404 0.0754
vn -0.3154 0.8950 0.3154
vn -0.0754 0.9404 0.3316
vn -0.2841 0.6780 0.6780
vn -0.0761 0.7051 0.7051
vn -0.7051 0.7051 0.0761
vn -0.6780 0.6780 0.2841
vn -0.5773 0.5773 0.5774
vn 0.0754 0.9404 0.3316
vn 0.3154 0.8950 0.3154
vn 0.3316 0.9404 0.0754
vn 0.6780 0.6780 0.2841
vn 0.7051 0.7051 0.0761
vn 0.0761 0.7051 0.7051
vn 0.2841 0.6780 0.6780
vn 0.5773 0.5774 0.5774
vn 0.3316 0.9404 -0.0754
vn 0.3154 0.8950 -0.3154
vn 0.0754 0.9404 -0.3316
vn 0.2841 0.6780 -0.6780
vn 0.0761 0.7051 -0.7051
vn 0.7051 0.7051 -0.0761
vn 0.6780 0.6780 -0.2841
vn 0.5774 0.5773 -0.5774
vn -0.0754 0.9404 -0.3316
vn -0.3154 0.8950 -0.3154
vn -0.3316 0.9404 -0.0754
vn -0.6780 0.6780 -0.2841
vn -0.7051 0.7051 -0.0761
vn -0.0761 0.7051 -0.7051
vn -0.2841 0.6780 -0.6780
vn -0.5773 0.5774 -0.5774
vn -0.3316 -0.0754 0.9404
vn -0.3154 -0.3154 0.8950
vn -0.0754 -0.3316 0.9404
vn -0.7051 -0.0761 0.7051
vn -0.6780 -0.2841 0.6780
vn 0.0754 -0.3316 0.9404
vn 0.3154 -0.3154 0.8950
vn 0.3316 -0.0754 0.9404
vn 0.6780 -0.2841 0.6780
vn 0.7051 -0.0761 0.7051
vn 0.3316 0.0754 0.9404
vn 0.3154 0.3154 0.8950
vn 0.0754 0.3316 0.9404
vn 0.7051 0.0761 0.7051
vn 0.6780 0.2841 0.6780
vn -0.0754 0.3316 0.9404
vn -0.3154 0.3154 0.8950
vn -0.3316 0.0754 0.9404
vn -0.6780 0.2841 0.6780
vn -0.7051 0.0761 0.7051
vn 0.9404 -0.0754 0.3316
vn 0.8950 -0.3154 0.3154
vn 0.9404 -0.3316 0.0754
vn 0.9404 -0.3316 -0.0754
vn 0.8950 -0.3154 -0.3154
vn 0.9404 -0.0754 -0.3316
vn 0.6780 -0.2841 -0.6780
vn 0.7051 -0.0761 -0.7051
vn 0.9404 0.0754 -0.3316
vn 0.8950 0.3154 -0.3154
vn 0.9404 0.3316 -0.0754
vn 0.7051 0.0761 -0.7051
vn 0.6780 0.2841 -0.6780
vn 0.9404 0.3316 0.0754
vn 0.8950 0.3154 0.3154
vn 0.9404 0.0754 0.3316
vn 0.3316 -0.0754 -0.9404
vn 0.3154 -0.3154 -0.8950
vn 0.0754 -0.3316 -0.9404
vn -0.0754 -0.3316 -0.9404
vn -0.3154 -0.3154 -0.8950
vn -0.3316 -0.0754 -0.9404
vn -0.6780 -0.2841 -0.6780
vn -0.7051 -0.0761 -0.7051
vn -0.3316 0.0754 -0.9404
vn -0.3154 0.3154 -0.8950
vn -0.0754 0.3316 -0.9404
vn -0.7051 0.0761 -0.7051
vn -0.6780 0.2841 -0.6780
vn 0.0754 0.3316 -0.9404
vn 0.3154 0.3154 -0.8950
vn 0.3316 0.0754 -0.9404
vn -0.9404 -0.0754 -0.3316
vn -0.8950 -0.3154 -0.3154
vn -0.9404 -0.3316 -0.0754
vn -0.9404 -0.3316 0.0754
vn -0.8950 -0.3154 0.3154
vn -0.9404 -0.0754 0.3316
vn -0.9404 0.0754 0.3316
vn -0.8950 0.3154 0.3154
vn -0.9404 0.3316 0.0754
vn -0.9404 0.3316 -0.0754
vn -0.8950 0.3154 -0.3154
vn -0.9404 0.0754 -0.3316
vn 0.7050 -0.7051 0.0761
vn 0.6779 -0.6780 0.2842
vn 0.5774 -0.5774 0.5773
vn -0.5774 -0.5773 0.5774
vn -0.5774 -0.5774 -0.5773
vn 0.6780 -0.6780 -0.2842
vn 0.7050 -0.7051 -0.0761
vn 0.5774 -0.5773 -0.5774
vn 0.6780 0.6780 0.2842
vn 0.7050 0.7051 0.0761
vn 0.5774 0.5773 0.5773
vn 0.7050 0.7051 -0.0761
vn 0.6779 0.6780 -0.2842
vn 0.5774 0.5774 -0.5773
vn -0.5774 0.5773 -0.5774
vn -0.5774 0.5773 0.5773
vn 0.7050 -0.0761 0.7051
vn 0.6780 -0.2842 0.6780
vn 0.6779 -0.2842 -0.6780
vn 0.7050 -0.0761 -0.7051
vn 0.7050 0.0761 -0.7051
vn 0.6780 0.2842 -0.6780
vn 0.6780 0.2842 0.6780
vn 0.7050 0.0761 0.7051
vn -0.5774 0.5774 0.5773
# 177 vertex normals

vt 0.0022 0.7781 0.0000
vt 0.0024 0.7378 0.0000
vt 0.3856 0.7397 0.0000
vt 0.3854 0.7799 0.0000
vt 0.3858 0.6914 0.0000
vt 0.0027 0.6895 0.0000
vt 0.0028 0.6492 0.0000
vt 0.3860 0.6511 0.0000
vt 0.5170 0.1150 0.0000
vt 0.5174 0.1553 0.0000
vt 0.4771 0.1557 0.0000
vt 0.4767 0.1154 0.0000
vt 0.0024 0.7338 0.0000
vt 0.0026 0.6935 0.0000
vt 0.3858 0.6954 0.0000
vt 0.3856 0.7357 0.0000
vt 0.9942 0.0432 0.0000
vt 0.9539 0.0423 0.0000
vt 0.9548 0.0020 0.0000
vt 0.9951 0.0029 0.0000
vt 0.3854 0.7839 0.0000
vt 0.3852 0.8242 0.0000
vt 0.0020 0.8223 0.0000
vt 0.0022 0.7821 0.0000
vt 0.3865 0.7800 0.0000
vt 0.3864 0.7810 0.0000
vt 0.3854 0.7810 0.0000
vt 0.3863 0.7819 0.0000
vt 0.3854 0.7819 0.0000
vt 0.3874 0.7800 0.0000
vt 0.3873 0.7810 0.0000
vt 0.3870 0.7819 0.0000
vt 0.0022 0.7792 0.0000
vt 0.0012 0.7792 0.0000
vt 0.0011 0.7781 0.0000
vt 0.0003 0.7791 0.0000
vt 0.0002 0.7781 0.0000
vt 0.0022 0.7801 0.0000
vt 0.0014 0.7801 0.0000
vt 0.0006 0.7801 0.0000
vt 0.0013 0.7378 0.0000
vt 0.0014 0.7367 0.0000
vt 0.0024 0.7367 0.0000
vt 0.0016 0.7358 0.0000
vt 0.0024 0.7358 0.0000
vt 0.0004 0.7378 0.0000
vt 0.0005 0.7367 0.0000
vt 0.0008 0.7358 0.0000
vt 0.3856 0.7386 0.0000
vt 0.3866 0.7386 0.0000
vt 0.3867 0.7397 0.0000
vt 0.3875 0.7386 0.0000
vt 0.3876 0.7396 0.0000
vt 0.3856 0.7377 0.0000
vt 0.3865 0.7377 0.0000
vt 0.3873 0.7377 0.0000
vt 0.3860 0.6500 0.0000
vt 0.3871 0.6501 0.0000
vt 0.3871 0.6511 0.0000
vt 0.3879 0.6502 0.0000
vt 0.3880 0.6511 0.0000
vt 0.3860 0.6491 0.0000
vt 0.3870 0.6492 0.0000
vt 0.3877 0.6494 0.0000
vt 0.3869 0.6914 0.0000
vt 0.3869 0.6925 0.0000
vt 0.3858 0.6925 0.0000
vt 0.3867 0.6934 0.0000
vt 0.3858 0.6934 0.0000
vt 0.3878 0.6914 0.0000
vt 0.3877 0.6924 0.0000
vt 0.3875 0.6934 0.0000
vt 0.0026 0.6906 0.0000
vt 0.0016 0.6906 0.0000
vt 0.0016 0.6895 0.0000
vt 0.0007 0.6906 0.0000
vt 0.0006 0.6895 0.0000
vt 0.0026 0.6915 0.0000
vt 0.0018 0.6915 0.0000
vt 0.0010 0.6915 0.0000
vt 0.0018 0.6492 0.0000
vt 0.0018 0.6482 0.0000
vt 0.0029 0.6481 0.0000
vt 0.0019 0.6473 0.0000
vt 0.0029 0.6472 0.0000
vt 0.0008 0.6492 0.0000
vt 0.0009 0.6483 0.0000
vt 0.0011 0.6475 0.0000
vt 0.4756 0.1155 0.0000
vt 0.4757 0.1144 0.0000
vt 0.4767 0.1143 0.0000
vt 0.4757 0.1135 0.0000
vt 0.4767 0.1134 0.0000
vt 0.4747 0.1155 0.0000
vt 0.4748 0.1145 0.0000
vt 0.4750 0.1138 0.0000
vt 0.5169 0.1139 0.0000
vt 0.5180 0.1140 0.0000
vt 0.5181 0.1150 0.0000
vt 0.5189 0.1141 0.0000
vt 0.5190 0.1150 0.0000
vt 0.5169 0.1130 0.0000
vt 0.5179 0.1131 0.0000
vt 0.5187 0.1133 0.0000
vt 0.5185 0.1553 0.0000
vt 0.5184 0.1563 0.0000
vt 0.5174 0.1564 0.0000
vt 0.5183 0.1572 0.0000
vt 0.5174 0.1573 0.0000
vt 0.5194 0.1553 0.0000
vt 0.5193 0.1562 0.0000
vt 0.5191 0.1570 0.0000
vt 0.4771 0.1568 0.0000
vt 0.4761 0.1567 0.0000
vt 0.4760 0.1557 0.0000
vt 0.4752 0.1567 0.0000
vt 0.4751 0.1557 0.0000
vt 0.4771 0.1577 0.0000
vt 0.4762 0.1576 0.0000
vt 0.4754 0.1574 0.0000
vt 0.3867 0.7357 0.0000
vt 0.3866 0.7368 0.0000
vt 0.3856 0.7368 0.0000
vt 0.3876 0.7357 0.0000
vt 0.3875 0.7367 0.0000
vt 0.0024 0.7349 0.0000
vt 0.0014 0.7349 0.0000
vt 0.0013 0.7338 0.0000
vt 0.0005 0.7348 0.0000
vt 0.0004 0.7338 0.0000
vt 0.0015 0.6935 0.0000
vt 0.0016 0.6924 0.0000
vt 0.0026 0.6924 0.0000
vt 0.0006 0.6935 0.0000
vt 0.0007 0.6925 0.0000
vt 0.3858 0.6943 0.0000
vt 0.3868 0.6943 0.0000
vt 0.3869 0.6954 0.0000
vt 0.3877 0.6943 0.0000
vt 0.3878 0.6954 0.0000
vt 0.9951 0.0018 0.0000
vt 0.9961 0.0019 0.0000
vt 0.9962 0.0029 0.0000
vt 0.9970 0.0020 0.0000
vt 0.9971 0.0029 0.0000
vt 0.9951 0.0009 0.0000
vt 0.9960 0.0010 0.0000
vt 0.9968 0.0012 0.0000
vt 0.9953 0.0432 0.0000
vt 0.9952 0.0442 0.0000
vt 0.9941 0.0443 0.0000
vt 0.9950 0.0451 0.0000
vt 0.9941 0.0452 0.0000
vt 0.9962 0.0432 0.0000
vt 0.9961 0.0441 0.0000
vt 0.9958 0.0449 0.0000
vt 0.9539 0.0434 0.0000
vt 0.9529 0.0433 0.0000
vt 0.9528 0.0422 0.0000
vt 0.9520 0.0431 0.0000
vt 0.9519 0.0422 0.0000
vt 0.9539 0.0443 0.0000
vt 0.9529 0.0441 0.0000
vt 0.9522 0.0439 0.0000
vt 0.9537 0.0020 0.0000
vt 0.9538 0.0010 0.0000
vt 0.9548 0.0009 0.0000
vt 0.9539 0.0001 0.0000
vt 0.9549 0.0000 0.0000
vt 0.9528 0.0020 0.0000
vt 0.9529 0.0010 0.0000
vt 0.9531 0.0003 0.0000
vt 0.0011 0.7820 0.0000
vt 0.0012 0.7810 0.0000
vt 0.0022 0.7810 0.0000
vt 0.0002 0.7820 0.0000
vt 0.0003 0.7810 0.0000
vt 0.3854 0.7828 0.0000
vt 0.3864 0.7828 0.0000
vt 0.3865 0.7839 0.0000
vt 0.3873 0.7829 0.0000
vt 0.3874 0.7839 0.0000
vt 0.3863 0.8242 0.0000
vt 0.3862 0.8252 0.0000
vt 0.3852 0.8253 0.0000
vt 0.3861 0.8261 0.0000
vt 0.3852 0.8262 0.0000
vt 0.3872 0.8242 0.0000
vt 0.3871 0.8251 0.0000
vt 0.3869 0.8259 0.0000
vt 0.0020 0.8234 0.0000
vt 0.0010 0.8234 0.0000
vt 0.0009 0.8223 0.0000
vt 0.0001 0.8232 0.0000
vt 0.0000 0.8223 0.0000
vt 0.0020 0.8243 0.0000
vt 0.0011 0.8242 0.0000
vt 0.0003 0.8240 0.0000
vt 0.6912 0.0022 0.0000
vt 0.7314 0.0024 0.0000
vt 0.7283 0.6330 0.0000
vt 0.6881 0.6328 0.0000
vt 0.7766 0.6332 0.0000
vt 0.7797 0.0027 0.0000
vt 0.8200 0.0029 0.0000
vt 0.8169 0.6334 0.0000
vt 0.5411 0.1607 0.0000
vt 0.5411 0.2012 0.0000
vt 0.5006 0.2012 0.0000
vt 0.5006 0.1607 0.0000
vt 0.7354 0.0024 0.0000
vt 0.7757 0.0026 0.0000
vt 0.7726 0.6332 0.0000
vt 0.7323 0.6330 0.0000
vt 0.3120 0.1602 0.0000
vt 0.3120 0.2007 0.0000
vt 0.2715 0.2007 0.0000
vt 0.2715 0.1602 0.0000
vt 0.6841 0.6327 0.0000
vt 0.6438 0.6325 0.0000
vt 0.6469 0.0020 0.0000
vt 0.6871 0.0022 0.0000
vt 0.6880 0.6339 0.0000
vt 0.6870 0.6338 0.0000
vt 0.6870 0.6328 0.0000
vt 0.6861 0.6336 0.0000
vt 0.6861 0.6327 0.0000
vt 0.6880 0.6348 0.0000
vt 0.6870 0.6347 0.0000
vt 0.6860 0.6344 0.0000
vt 0.6901 0.0022 0.0000
vt 0.6901 0.0012 0.0000
vt 0.6911 0.0011 0.0000
vt 0.6901 0.0003 0.0000
vt 0.6911 0.0002 0.0000
vt 0.6892 0.0022 0.0000
vt 0.6892 0.0014 0.0000
vt 0.6892 0.0006 0.0000
vt 0.7314 0.0013 0.0000
vt 0.7325 0.0014 0.0000
vt 0.7325 0.0024 0.0000
vt 0.7334 0.0016 0.0000
vt 0.7334 0.0024 0.0000
vt 0.7315 0.0004 0.0000
vt 0.7325 0.0005 0.0000
vt 0.7334 0.0008 0.0000
vt 0.7294 0.6330 0.0000
vt 0.7294 0.6340 0.0000
vt 0.7283 0.6341 0.0000
vt 0.7294 0.6349 0.0000
vt 0.7283 0.6350 0.0000
vt 0.7303 0.6330 0.0000
vt 0.7303 0.6338 0.0000
vt 0.7303 0.6346 0.0000
vt 0.8180 0.6334 0.0000
vt 0.8179 0.6344 0.0000
vt 0.8169 0.6345 0.0000
vt 0.8178 0.6353 0.0000
vt 0.8169 0.6354 0.0000
vt 0.8189 0.6334 0.0000
vt 0.8188 0.6343 0.0000
vt 0.8186 0.6351 0.0000
vt 0.7766 0.6343 0.0000
vt 0.7755 0.6342 0.0000
vt 0.7755 0.6332 0.0000
vt 0.7746 0.6340 0.0000
vt 0.7746 0.6332 0.0000
vt 0.7766 0.6352 0.0000
vt 0.7756 0.6351 0.0000
vt 0.7746 0.6348 0.0000
vt 0.7786 0.0027 0.0000
vt 0.7786 0.0016 0.0000
vt 0.7797 0.0016 0.0000
vt 0.7787 0.0007 0.0000
vt 0.7797 0.0007 0.0000
vt 0.7777 0.0026 0.0000
vt 0.7777 0.0018 0.0000
vt 0.7777 0.0010 0.0000
vt 0.8200 0.0018 0.0000
vt 0.8210 0.0018 0.0000
vt 0.8211 0.0029 0.0000
vt 0.8219 0.0019 0.0000
vt 0.8220 0.0029 0.0000
vt 0.8200 0.0009 0.0000
vt 0.8209 0.0010 0.0000
vt 0.8217 0.0012 0.0000
vt 0.4995 0.1607 0.0000
vt 0.4996 0.1596 0.0000
vt 0.5006 0.1596 0.0000
vt 0.4998 0.1589 0.0000
vt 0.5006 0.1588 0.0000
vt 0.4987 0.1607 0.0000
vt 0.4988 0.1598 0.0000
vt 0.4991 0.1591 0.0000
vt 0.5411 0.1596 0.0000
vt 0.5422 0.1596 0.0000
vt 0.5422 0.1607 0.0000
vt 0.5429 0.1598 0.0000
vt 0.5430 0.1607 0.0000
vt 0.5411 0.1588 0.0000
vt 0.5420 0.1589 0.0000
vt 0.5427 0.1591 0.0000
vt 0.5422 0.2012 0.0000
vt 0.5422 0.2022 0.0000
vt 0.5411 0.2023 0.0000
vt 0.5420 0.2030 0.0000
vt 0.5411 0.2031 0.0000
vt 0.5430 0.2012 0.0000
vt 0.5429 0.2020 0.0000
vt 0.5427 0.2027 0.0000
vt 0.5006 0.2023 0.0000
vt 0.4996 0.2022 0.0000
vt 0.4995 0.2012 0.0000
vt 0.4988 0.2020 0.0000
vt 0.4987 0.2012 0.0000
vt 0.5006 0.2031 0.0000
vt 0.4998 0.2030 0.0000
vt 0.4991 0.2027 0.0000
vt 0.7323 0.6341 0.0000
vt 0.7312 0.6340 0.0000
vt 0.7312 0.6330 0.0000
vt 0.7323 0.6350 0.0000
vt 0.7313 0.6349 0.0000
vt 0.7343 0.0024 0.0000
vt 0.7343 0.0014 0.0000
vt 0.7354 0.0013 0.0000
vt 0.7344 0.0005 0.0000
vt 0.7354 0.0004 0.0000
vt 0.7757 0.0015 0.0000
vt 0.7768 0.0016 0.0000
vt 0.7768 0.0026 0.0000
vt 0.7757 0.0006 0.0000
vt 0.7768 0.0007 0.0000
vt 0.7737 0.6332 0.0000
vt 0.7737 0.6342 0.0000
vt 0.7726 0.6343 0.0000
vt 0.7736 0.6351 0.0000
vt 0.7726 0.6352 0.0000
vt 0.2704 0.1602 0.0000
vt 0.2705 0.1592 0.0000
vt 0.2715 0.1591 0.0000
vt 0.2706 0.1584 0.0000
vt 0.2715 0.1583 0.0000
vt 0.2696 0.1602 0.0000
vt 0.2697 0.1593 0.0000
vt 0.2699 0.1586 0.0000
vt 0.3120 0.1591 0.0000
vt 0.3130 0.1592 0.0000
vt 0.3131 0.1602 0.0000
vt 0.3138 0.1593 0.0000
vt 0.3139 0.1602 0.0000
vt 0.3120 0.1583 0.0000
vt 0.3129 0.1584 0.0000
vt 0.3136 0.1586 0.0000
vt 0.3131 0.2007 0.0000
vt 0.3130 0.2017 0.0000
vt 0.3120 0.2018 0.0000
vt 0.3129 0.2025 0.0000
vt 0.3120 0.2026 0.0000
vt 0.3139 0.2007 0.0000
vt 0.3138 0.2016 0.0000
vt 0.3136 0.2023 0.0000
vt 0.2715 0.2018 0.0000
vt 0.2705 0.2017 0.0000
vt 0.2704 0.2007 0.0000
vt 0.2697 0.2016 0.0000
vt 0.2696 0.2007 0.0000
vt 0.2715 0.2026 0.0000
vt 0.2706 0.2025 0.0000
vt 0.2699 0.2023 0.0000
vt 0.6872 0.0011 0.0000
vt 0.6883 0.0012 0.0000
vt 0.6882 0.0022 0.0000
vt 0.6872 0.0002 0.0000
vt 0.6882 0.0003 0.0000
vt 0.6852 0.6327 0.0000
vt 0.6851 0.6338 0.0000
vt 0.6841 0.6338 0.0000
vt 0.6851 0.6347 0.0000
vt 0.6841 0.6347 0.0000
vt 0.6438 0.6336 0.0000
vt 0.6428 0.6336 0.0000
vt 0.6427 0.6325 0.0000
vt 0.6419 0.6335 0.0000
vt 0.6418 0.6325 0.0000
vt 0.6438 0.6345 0.0000
vt 0.6429 0.6344 0.0000
vt 0.6421 0.6342 0.0000
vt 0.6458 0.0020 0.0000
vt 0.6459 0.0010 0.0000
vt 0.6469 0.0009 0.0000
vt 0.6460 0.0001 0.0000
vt 0.6469 0.0000 0.0000
vt 0.6449 0.0020 0.0000
vt 0.6450 0.0011 0.0000
vt 0.6452 0.0003 0.0000
vt 0.8691 0.0965 0.0000
vt 0.9093 0.0965 0.0000
vt 0.9094 0.7270 0.0000
vt 0.8692 0.7270 0.0000
vt 0.9577 0.7270 0.0000
vt 0.9576 0.0965 0.0000
vt 0.9979 0.0965 0.0000
vt 0.9980 0.7270 0.0000
vt 0.2663 0.1150 0.0000
vt 0.2669 0.1553 0.0000
vt 0.2267 0.1559 0.0000
vt 0.2261 0.1156 0.0000
vt 0.9134 0.0965 0.0000
vt 0.9536 0.0965 0.0000
vt 0.9537 0.7270 0.0000
vt 0.9134 0.7270 0.0000
vt 0.9949 0.0485 0.0000
vt 0.9942 0.0888 0.0000
vt 0.9539 0.0881 0.0000
vt 0.9546 0.0478 0.0000
vt 0.8652 0.7270 0.0000
vt 0.8249 0.7270 0.0000
vt 0.8248 0.0965 0.0000
vt 0.8651 0.0965 0.0000
vt 0.8692 0.7281 0.0000
vt 0.8681 0.7280 0.0000
vt 0.8681 0.7270 0.0000
vt 0.8672 0.7279 0.0000
vt 0.8672 0.7270 0.0000
vt 0.8691 0.7290 0.0000
vt 0.8681 0.7289 0.0000
vt 0.8672 0.7287 0.0000
vt 0.8680 0.0965 0.0000
vt 0.8680 0.0954 0.0000
vt 0.8691 0.0954 0.0000
vt 0.8680 0.0946 0.0000
vt 0.8690 0.0945 0.0000
vt 0.8671 0.0965 0.0000
vt 0.8671 0.0956 0.0000
vt 0.8671 0.0948 0.0000
vt 0.9094 0.0954 0.0000
vt 0.9104 0.0954 0.0000
vt 0.9104 0.0965 0.0000
vt 0.9113 0.0956 0.0000
vt 0.9113 0.0965 0.0000
vt 0.9094 0.0945 0.0000
vt 0.9104 0.0946 0.0000
vt 0.9113 0.0948 0.0000
vt 0.9105 0.7270 0.0000
vt 0.9105 0.7280 0.0000
vt 0.9095 0.7281 0.0000
vt 0.9105 0.7289 0.0000
vt 0.9095 0.7290 0.0000
vt 0.9114 0.7270 0.0000
vt 0.9114 0.7279 0.0000
vt 0.9114 0.7287 0.0000
vt 0.9991 0.7270 0.0000
vt 0.9990 0.7280 0.0000
vt 0.9980 0.7281 0.0000
vt 0.9989 0.7289 0.0000
vt 0.9980 0.7290 0.0000
vt 1.0000 0.7270 0.0000
vt 0.9999 0.7279 0.0000
vt 0.9997 0.7287 0.0000
vt 0.9577 0.7281 0.0000
vt 0.9566 0.7280 0.0000
vt 0.9566 0.7270 0.0000
vt 0.9557 0.7279 0.0000
vt 0.9557 0.7270 0.0000
vt 0.9577 0.7290 0.0000
vt 0.9567 0.7289 0.0000
vt 0.9557 0.7287 0.0000
vt 0.9565 0.0965 0.0000
vt 0.9565 0.0954 0.0000
vt 0.9576 0.0954 0.0000
vt 0.9566 0.0945 0.0000
vt 0.9576 0.0945 0.0000
vt 0.9556 0.0965 0.0000
vt 0.9556 0.0956 0.0000
vt 0.9556 0.0948 0.0000
vt 0.9979 0.0954 0.0000
vt 0.9989 0.0954 0.0000
vt 0.9990 0.0965 0.0000
vt 0.9998 0.0955 0.0000
vt 0.9999 0.0965 0.0000
vt 0.9979 0.0944 0.0000
vt 0.9988 0.0945 0.0000
vt 0.9996 0.0947 0.0000
vt 0.2250 0.1157 0.0000
vt 0.2250 0.1146 0.0000
vt 0.2260 0.1146 0.0000
vt 0.2251 0.1138 0.0000
vt 0.2260 0.1136 0.0000
vt 0.2241 0.1157 0.0000
vt 0.2241 0.1148 0.0000
vt 0.2243 0.1140 0.0000
vt 0.2663 0.1139 0.0000
vt 0.2673 0.1140 0.0000
vt 0.2674 0.1150 0.0000
vt 0.2682 0.1141 0.0000
vt 0.2683 0.1150 0.0000
vt 0.2663 0.1130 0.0000
vt 0.2672 0.1131 0.0000
vt 0.2680 0.1133 0.0000
vt 0.2680 0.1553 0.0000
vt 0.2680 0.1563 0.0000
vt 0.2670 0.1564 0.0000
vt 0.2679 0.1572 0.0000
vt 0.2670 0.1573 0.0000
vt 0.2690 0.1553 0.0000
vt 0.2689 0.1562 0.0000
vt 0.2687 0.1570 0.0000
vt 0.2267 0.1570 0.0000
vt 0.2257 0.1570 0.0000
vt 0.2256 0.1559 0.0000
vt 0.2248 0.1569 0.0000
vt 0.2247 0.1560 0.0000
vt 0.2267 0.1579 0.0000
vt 0.2258 0.1578 0.0000
vt 0.2250 0.1577 0.0000
vt 0.9134 0.7281 0.0000
vt 0.9123 0.7280 0.0000
vt 0.9124 0.7270 0.0000
vt 0.9134 0.7290 0.0000
vt 0.9124 0.7289 0.0000
vt 0.9123 0.0965 0.0000
vt 0.9123 0.0954 0.0000
vt 0.9133 0.0954 0.0000
vt 0.9123 0.0946 0.0000
vt 0.9133 0.0945 0.0000
vt 0.9536 0.0954 0.0000
vt 0.9547 0.0954 0.0000
vt 0.9547 0.0965 0.0000
vt 0.9536 0.0945 0.0000
vt 0.9547 0.0946 0.0000
vt 0.9548 0.7270 0.0000
vt 0.9548 0.7280 0.0000
vt 0.9537 0.7281 0.0000
vt 0.9548 0.7289 0.0000
vt 0.9537 0.7290 0.0000
vt 0.9535 0.0478 0.0000
vt 0.9536 0.0468 0.0000
vt 0.9546 0.0467 0.0000
vt 0.9537 0.0459 0.0000
vt 0.9546 0.0458 0.0000
vt 0.9526 0.0478 0.0000
vt 0.9527 0.0469 0.0000
vt 0.9529 0.0461 0.0000
vt 0.9949 0.0474 0.0000
vt 0.9959 0.0475 0.0000
vt 0.9960 0.0485 0.0000
vt 0.9968 0.0476 0.0000
vt 0.9969 0.0486 0.0000
vt 0.9949 0.0465 0.0000
vt 0.9958 0.0466 0.0000
vt 0.9966 0.0468 0.0000
vt 0.9953 0.0888 0.0000
vt 0.9952 0.0898 0.0000
vt 0.9942 0.0899 0.0000
vt 0.9951 0.0907 0.0000
vt 0.9941 0.0908 0.0000
vt 0.9962 0.0888 0.0000
vt 0.9961 0.0897 0.0000
vt 0.9959 0.0905 0.0000
vt 0.9539 0.0892 0.0000
vt 0.9529 0.0891 0.0000
vt 0.9528 0.0881 0.0000
vt 0.9520 0.0890 0.0000
vt 0.9519 0.0881 0.0000
vt 0.9539 0.0901 0.0000
vt 0.9530 0.0900 0.0000
vt 0.9522 0.0898 0.0000
vt 0.8651 0.0954 0.0000
vt 0.8662 0.0954 0.0000
vt 0.8662 0.0965 0.0000
vt 0.8651 0.0945 0.0000
vt 0.8661 0.0946 0.0000
vt 0.8663 0.7270 0.0000
vt 0.8663 0.7280 0.0000
vt 0.8652 0.7281 0.0000
vt 0.8662 0.7289 0.0000
vt 0.8652 0.7290 0.0000
vt 0.8249 0.7281 0.0000
vt 0.8239 0.7280 0.0000
vt 0.8238 0.7270 0.0000
vt 0.8230 0.7279 0.0000
vt 0.8229 0.7270 0.0000
vt 0.8249 0.7290 0.0000
vt 0.8240 0.7289 0.0000
vt 0.8232 0.7287 0.0000
vt 0.8237 0.0965 0.0000
vt 0.8238 0.0955 0.0000
vt 0.8248 0.0954 0.0000
vt 0.8239 0.0946 0.0000
vt 0.8248 0.0945 0.0000
vt 0.8228 0.0965 0.0000
vt 0.8229 0.0956 0.0000
vt 0.8231 0.0948 0.0000
# 594 texture coords

o Fram
g Fram
usemtl Door
s off
f 941/1288/530 942/1289/531 943/1290/532 944/1291/533 
f 945/1292/534 946/1293/535 947/1294/536 948/1295/537 
f 949/1296/538 950/1297/539 951/1298/540 952/1299/541 
f 953/1300/542 954/1301/543 955/1302/544 956/1303/545 
f 957/1304/546 958/1305/547 959/1306/548 960/1307/549 
f 961/1308/550 962/1309/551 963/1310/552 964/1311/553 
f 944/1291/533 965/1312/554 966/1313/555 967/1314/556 
f 967/1314/556 966/1313/555 968/1315/557 969/1316/558 
f 965/1312/554 970/1317/559 971/1318/560 966/1313/555 
f 966/1313/555 971/1318/560 972/1319/561 968/1315/557 
f 941/1288/530 973/1320/562 974/1321/563 975/1322/564 
f 975/1322/564 974/1321/563 976/1323/565 977/1324/566 
f 973/1320/562 978/1325/567 979/1326/568 974/1321/563 
f 974/1321/563 979/1326/568 980/1327/569 976/1323/565 
f 942/1289/531 981/1328/570 982/1329/571 983/1330/572 
f 983/1330/572 982/1329/571 984/1331/573 985/1332/574 
f 981/1328/570 986/1333/575 987/1334/576 982/1329/571 
f 982/1329/571 987/1334/576 988/1335/577 984/1331/573 
f 943/1290/532 989/1336/578 990/1337/579 991/1338/580 
f 991/1338/580 990/1337/579 992/1339/581 993/1340/582 
f 989/1336/578 994/1341/583 995/1342/584 990/1337/579 
f 990/1337/579 995/1342/584 996/1343/585 992/1339/581 
f 948/1295/537 997/1344/586 998/1345/587 999/1346/588 
f 999/1346/588 998/1345/587 1000/1347/589 1001/1348/590 
f 997/1344/586 1002/1349/591 1003/1350/592 998/1345/587 
f 998/1345/587 1003/1350/592 1004/1351/593 1000/1347/589 
f 945/1292/534 1005/1352/594 1006/1353/595 1007/1354/596 
f 1007/1354/596 1006/1353/595 1008/1355/597 1009/1356/598 
f 1005/1352/594 1010/1357/599 1011/1358/600 1006/1353/595 
f 1006/1353/595 1011/1358/600 1012/1359/601 1008/1355/597 
f 946/1293/535 1013/1360/602 1014/1361/603 1015/1362/604 
f 1015/1362/604 1014/1361/603 1016/1363/605 1017/1364/606 
f 1013/1360/602 1018/1365/607 1019/1366/608 1014/1361/603 
f 1014/1361/603 1019/1366/608 1020/1367/609 1016/1363/605 
f 947/1294/536 1021/1368/610 1022/1369/611 1023/1370/612 
f 1023/1370/612 1022/1369/611 1024/1371/613 1025/1372/614 
f 1021/1368/610 1026/1373/615 1027/1374/616 1022/1369/611 
f 1022/1369/611 1027/1374/616 1028/1375/617 1024/1371/613 
f 952/1299/541 1029/1376/618 1030/1377/619 1031/1378/620 
f 1031/1378/620 1030/1377/619 971/1379/560 970/1380/559 
f 1029/1376/618 1032/1381/621 1033/1382/622 1030/1377/619 
f 1030/1377/619 1033/1382/622 972/1383/561 971/1379/560 
f 949/1296/538 1034/1384/623 1035/1385/624 1036/1386/625 
f 1036/1386/625 1035/1385/624 1037/1387/626 1038/1388/627 
f 1034/1384/623 993/1389/582 992/1390/581 1035/1385/624 
f 1035/1385/624 992/1390/581 996/1391/585 1037/1387/626 
f 950/1297/539 1039/1392/628 1040/1393/629 1041/1394/630 
f 1041/1394/630 1040/1393/629 1011/1395/600 1010/1396/599 
f 1039/1392/628 1042/1397/631 1043/1398/632 1040/1393/629 
f 1040/1393/629 1043/1398/632 1012/1399/601 1011/1395/600 
f 951/1298/540 1044/1400/633 1045/1401/634 1046/1402/635 
f 1046/1402/635 1045/1401/634 1047/1403/636 1048/1404/637 
f 1044/1400/633 1001/1405/590 1000/1406/589 1045/1401/634 
f 1045/1401/634 1000/1406/589 1004/1407/593 1047/1403/636 
f 956/1303/545 1049/1408/638 1050/1409/639 1051/1410/640 
f 1051/1410/640 1050/1409/639 995/1342/584 994/1341/583 
f 1049/1408/638 1038/1411/627 1037/1412/626 1050/1409/639 
f 1050/1409/639 1037/1412/626 996/1343/585 995/1342/584 
f 953/1300/542 1052/1413/641 1053/1414/642 1054/1415/643 
f 1054/1415/643 1053/1414/642 1055/1416/644 1056/1417/645 
f 1052/1413/641 985/1332/574 984/1331/573 1053/1414/642 
f 1053/1414/642 984/1331/573 988/1335/577 1055/1416/644 
f 954/1301/543 1057/1418/646 1058/1419/647 1059/1420/648 
f 1059/1420/648 1058/1419/647 1019/1366/608 1018/1365/607 
f 1057/1418/646 1060/1421/649 1061/1422/650 1058/1419/647 
f 1058/1419/647 1061/1422/650 1020/1367/609 1019/1366/608 
f 955/1302/544 1062/1423/651 1063/1424/652 1064/1425/653 
f 1064/1425/653 1063/1424/652 1043/1426/632 1042/1427/631 
f 1062/1423/651 1009/1356/598 1008/1355/597 1063/1424/652 
f 1063/1424/652 1008/1355/597 1012/1359/601 1043/1426/632 
f 960/1307/549 1065/1428/654 1066/1429/655 1067/1430/656 
f 1067/1430/656 1066/1429/655 987/1431/576 986/1432/575 
f 1065/1428/654 1056/1433/645 1055/1434/644 1066/1429/655 
f 1066/1429/655 1055/1434/644 988/1435/577 987/1431/576 
f 957/1304/546 1068/1436/657 1069/1437/658 1070/1438/659 
f 1070/1438/659 1069/1437/658 1071/1439/660 1072/1440/661 
f 1068/1436/657 977/1441/566 976/1442/565 1069/1437/658 
f 1069/1437/658 976/1442/565 980/1443/569 1071/1439/660 
f 958/1305/547 1073/1444/662 1074/1445/663 1075/1446/664 
f 1075/1446/664 1074/1445/663 1027/1447/616 1026/1448/615 
f 1073/1444/662 1076/1449/665 1077/1450/666 1074/1445/663 
f 1074/1445/663 1077/1450/666 1028/1451/617 1027/1447/616 
f 959/1306/548 1078/1452/667 1079/1453/668 1080/1454/669 
f 1080/1454/669 1079/1453/668 1061/1455/650 1060/1456/649 
f 1078/1452/667 1017/1457/606 1016/1458/605 1079/1453/668 
f 1079/1453/668 1016/1458/605 1020/1459/609 1061/1455/650 
f 964/1311/553 1081/1460/670 1082/1461/671 1083/1462/672 
f 1083/1462/672 1082/1461/671 979/1326/568 978/1325/567 
f 1081/1460/670 1072/1463/661 1071/1464/660 1082/1461/671 
f 1082/1461/671 1071/1464/660 980/1327/569 979/1326/568 
f 961/1308/550 1084/1465/673 1085/1466/674 1086/1467/675 
f 1086/1467/675 1085/1466/674 1033/1468/622 1032/1469/621 
f 1084/1465/673 969/1316/558 968/1315/557 1085/1466/674 
f 1085/1466/674 968/1315/557 972/1319/561 1033/1468/622 
f 962/1309/551 1087/1470/676 1088/1471/677 1089/1472/678 
f 1089/1472/678 1088/1471/677 1003/1473/592 1002/1474/591 
f 1087/1470/676 1048/1475/637 1047/1476/636 1088/1471/677 
f 1088/1471/677 1047/1476/636 1004/1477/593 1003/1473/592 
f 963/1310/552 1090/1478/679 1091/1479/680 1092/1480/681 
f 1092/1480/681 1091/1479/680 1077/1481/666 1076/1482/665 
f 1090/1478/679 1025/1483/614 1024/1484/613 1091/1479/680 
f 1091/1479/680 1024/1484/613 1028/1485/617 1077/1481/666 
f 941/1288/530 944/1291/533 967/1314/556 973/1320/562 
f 973/1320/562 967/1314/556 969/1316/558 978/1325/567 
f 942/1289/531 941/1288/530 975/1322/564 981/1328/570 
f 981/1328/570 975/1322/564 977/1324/566 986/1333/575 
f 943/1290/532 942/1289/531 983/1330/572 989/1336/578 
f 989/1336/578 983/1330/572 985/1332/574 994/1341/583 
f 944/1291/533 943/1290/532 991/1338/580 965/1312/554 
f 965/1312/554 991/1338/580 993/1340/582 970/1317/559 
f 945/1292/534 948/1295/537 999/1346/588 1005/1352/594 
f 1005/1352/594 999/1346/588 1001/1348/590 1010/1357/599 
f 946/1293/535 945/1292/534 1007/1354/596 1013/1360/602 
f 1013/1360/602 1007/1354/596 1009/1356/598 1018/1365/607 
f 947/1294/536 946/1293/535 1015/1362/604 1021/1368/610 
f 1021/1368/610 1015/1362/604 1017/1364/606 1026/1373/615 
f 948/1295/537 947/1294/536 1023/1370/612 997/1344/586 
f 997/1344/586 1023/1370/612 1025/1372/614 1002/1349/591 
f 949/1296/538 952/1299/541 1031/1378/620 1034/1384/623 
f 1034/1384/623 1031/1378/620 970/1380/559 993/1389/582 
f 950/1297/539 949/1296/538 1036/1386/625 1039/1392/628 
f 1039/1392/628 1036/1386/625 1038/1388/627 1042/1397/631 
f 951/1298/540 950/1297/539 1041/1394/630 1044/1400/633 
f 1044/1400/633 1041/1394/630 1010/1396/599 1001/1405/590 
f 952/1299/541 951/1298/540 1046/1402/635 1029/1376/618 
f 1029/1376/618 1046/1402/635 1048/1404/637 1032/1381/621 
f 953/1300/542 956/1303/545 1051/1410/640 1052/1413/641 
f 1052/1413/641 1051/1410/640 994/1341/583 985/1332/574 
f 954/1301/543 953/1300/542 1054/1415/643 1057/1418/646 
f 1057/1418/646 1054/1415/643 1056/1417/645 1060/1421/649 
f 955/1302/544 954/1301/543 1059/1420/648 1062/1423/651 
f 1062/1423/651 1059/1420/648 1018/1365/607 1009/1356/598 
f 956/1303/545 955/1302/544 1064/1425/653 1049/1408/638 
f 1049/1408/638 1064/1425/653 1042/1427/631 1038/1411/627 
f 957/1304/546 960/1307/549 1067/1430/656 1068/1436/657 
f 1068/1436/657 1067/1430/656 986/1432/575 977/1441/566 
f 958/1305/547 957/1304/546 1070/1438/659 1073/1444/662 
f 1073/1444/662 1070/1438/659 1072/1440/661 1076/1449/665 
f 959/1306/548 958/1305/547 1075/1446/664 1078/1452/667 
f 1078/1452/667 1075/1446/664 1026/1448/615 1017/1457/606 
f 960/1307/549 959/1306/548 1080/1454/669 1065/1428/654 
f 1065/1428/654 1080/1454/669 1060/1456/649 1056/1433/645 
f 961/1308/550 964/1311/553 1083/1462/672 1084/1465/673 
f 1084/1465/673 1083/1462/672 978/1325/567 969/1316/558 
f 962/1309/551 961/1308/550 1086/1467/675 1087/1470/676 
f 1087/1470/676 1086/1467/675 1032/1469/621 1048/1475/637 
f 963/1310/552 962/1309/551 1089/1472/678 1090/1478/679 
f 1090/1478/679 1089/1472/678 1002/1474/591 1025/1483/614 
f 964/1311/553 963/1310/552 1092/1480/681 1081/1460/670 
f 1081/1460/670 1092/1480/681 1076/1482/665 1072/1463/661 
f 1093/1486/533 1094/1487/530 1095/1488/531 1096/1489/532 
f 1097/1490/535 1098/1491/536 1099/1492/537 1100/1493/534 
f 1101/1494/542 1102/1495/543 1103/1496/544 1104/1497/545 
f 1105/1498/546 1106/1499/547 1107/1500/548 1108/1501/549 
f 1109/1502/550 1110/1503/551 1111/1504/552 1112/1505/553 
f 1113/1506/538 1114/1507/539 1115/1508/540 1116/1509/541 
f 1096/1489/532 1117/1510/578 1118/1511/579 1119/1512/580 
f 1119/1512/580 1118/1511/579 1120/1513/581 1121/1514/582 
f 1117/1510/578 1122/1515/682 1123/1516/683 1118/1511/579 
f 1118/1511/579 1123/1516/683 1124/1517/684 1120/1513/581 
f 1093/1486/533 1125/1518/554 1126/1519/555 1127/1520/556 
f 1127/1520/556 1126/1519/555 1128/1521/557 1129/1522/558 
f 1125/1518/554 1130/1523/559 1131/1524/560 1126/1519/555 
f 1126/1519/555 1131/1524/560 1132/1525/685 1128/1521/557 
f 1094/1487/530 1133/1526/562 1134/1527/563 1135/1528/564 
f 1135/1528/564 1134/1527/563 1136/1529/565 1137/1530/566 
f 1133/1526/562 1138/1531/567 1139/1532/568 1134/1527/563 
f 1134/1527/563 1139/1532/568 1140/1533/686 1136/1529/565 
f 1095/1488/531 1141/1534/570 1142/1535/571 1143/1536/572 
f 1143/1536/572 1142/1535/571 1144/1537/687 1145/1538/688 
f 1141/1534/570 1146/1539/575 1147/1540/576 1142/1535/571 
f 1142/1535/571 1147/1540/576 1148/1541/689 1144/1537/687 
f 1100/1493/534 1149/1542/594 1150/1543/595 1151/1544/596 
f 1151/1544/596 1150/1543/595 1152/1545/690 1153/1546/691 
f 1149/1542/594 1154/1547/599 1155/1548/600 1150/1543/595 
f 1150/1543/595 1155/1548/600 1156/1549/692 1152/1545/690 
f 1097/1490/535 1157/1550/602 1158/1551/603 1159/1552/604 
f 1159/1552/604 1158/1551/603 1160/1553/605 1161/1554/606 
f 1157/1550/602 1162/1555/693 1163/1556/694 1158/1551/603 
f 1158/1551/603 1163/1556/694 1164/1557/695 1160/1553/605 
f 1098/1491/536 1165/1558/610 1166/1559/611 1167/1560/612 
f 1167/1560/612 1166/1559/611 1168/1561/613 1169/1562/614 
f 1165/1558/610 1170/1563/615 1171/1564/616 1166/1559/611 
f 1166/1559/611 1171/1564/616 1172/1565/696 1168/1561/613 
f 1099/1492/537 1173/1566/586 1174/1567/587 1175/1568/588 
f 1175/1568/588 1174/1567/587 1176/1569/589 1177/1570/590 
f 1173/1566/586 1178/1571/591 1179/1572/592 1174/1567/587 
f 1174/1567/587 1179/1572/592 1180/1573/697 1176/1569/589 
f 1104/1497/545 1181/1574/638 1182/1575/639 1183/1576/640 
f 1183/1576/640 1182/1575/639 1123/1577/683 1122/1578/682 
f 1181/1574/638 1184/1579/698 1185/1580/699 1182/1575/639 
f 1182/1575/639 1185/1580/699 1124/1581/684 1123/1577/683 
f 1101/1494/542 1186/1582/641 1187/1583/642 1188/1584/643 
f 1188/1584/643 1187/1583/642 1189/1585/700 1190/1586/701 
f 1186/1582/641 1145/1587/688 1144/1588/687 1187/1583/642 
f 1187/1583/642 1144/1588/687 1148/1589/689 1189/1585/700 
f 1102/1495/543 1191/1590/646 1192/1591/647 1193/1592/648 
f 1193/1592/648 1192/1591/647 1163/1593/694 1162/1594/693 
f 1191/1590/646 1194/1595/702 1195/1596/703 1192/1591/647 
f 1192/1591/647 1195/1596/703 1164/1597/695 1163/1593/694 
f 1103/1496/544 1196/1598/651 1197/1599/652 1198/1600/653 
f 1198/1600/653 1197/1599/652 1199/1601/704 1200/1602/705 
f 1196/1598/651 1153/1603/691 1152/1604/690 1197/1599/652 
f 1197/1599/652 1152/1604/690 1156/1605/692 1199/1601/704 
f 1108/1501/549 1201/1606/654 1202/1607/655 1203/1608/656 
f 1203/1608/656 1202/1607/655 1147/1540/576 1146/1539/575 
f 1201/1606/654 1190/1609/701 1189/1610/700 1202/1607/655 
f 1202/1607/655 1189/1610/700 1148/1541/689 1147/1540/576 
f 1105/1498/546 1204/1611/657 1205/1612/658 1206/1613/659 
f 1206/1613/659 1205/1612/658 1207/1614/660 1208/1615/661 
f 1204/1611/657 1137/1530/566 1136/1529/565 1205/1612/658 
f 1205/1612/658 1136/1529/565 1140/1533/686 1207/1614/660 
f 1106/1499/547 1209/1616/662 1210/1617/663 1211/1618/664 
f 1211/1618/664 1210/1617/663 1171/1564/616 1170/1563/615 
f 1209/1616/662 1212/1619/665 1213/1620/666 1210/1617/663 
f 1210/1617/663 1213/1620/666 1172/1565/696 1171/1564/616 
f 1107/1500/548 1214/1621/667 1215/1622/668 1216/1623/669 
f 1216/1623/669 1215/1622/668 1195/1624/703 1194/1625/702 
f 1214/1621/667 1161/1554/606 1160/1553/605 1215/1622/668 
f 1215/1622/668 1160/1553/605 1164/1557/695 1195/1624/703 
f 1112/1505/553 1217/1626/670 1218/1627/671 1219/1628/672 
f 1219/1628/672 1218/1627/671 1139/1629/568 1138/1630/567 
f 1217/1626/670 1208/1631/661 1207/1632/660 1218/1627/671 
f 1218/1627/671 1207/1632/660 1140/1633/686 1139/1629/568 
f 1109/1502/550 1220/1634/673 1221/1635/674 1222/1636/675 
f 1222/1636/675 1221/1635/674 1223/1637/622 1224/1638/621 
f 1220/1634/673 1129/1639/558 1128/1640/557 1221/1635/674 
f 1221/1635/674 1128/1640/557 1132/1641/685 1223/1637/622 
f 1110/1503/551 1225/1642/676 1226/1643/677 1227/1644/678 
f 1227/1644/678 1226/1643/677 1179/1645/592 1178/1646/591 
f 1225/1642/676 1228/1647/637 1229/1648/636 1226/1643/677 
f 1226/1643/677 1229/1648/636 1180/1649/697 1179/1645/592 
f 1111/1504/552 1230/1650/679 1231/1651/680 1232/1652/681 
f 1232/1652/681 1231/1651/680 1213/1653/666 1212/1654/665 
f 1230/1650/679 1169/1655/614 1168/1656/613 1231/1651/680 
f 1231/1651/680 1168/1656/613 1172/1657/696 1213/1653/666 
f 1116/1509/541 1233/1658/618 1234/1659/619 1235/1660/620 
f 1235/1660/620 1234/1659/619 1131/1524/560 1130/1523/559 
f 1233/1658/618 1224/1661/621 1223/1662/622 1234/1659/619 
f 1234/1659/619 1223/1662/622 1132/1525/685 1131/1524/560 
f 1113/1506/538 1236/1663/623 1237/1664/624 1238/1665/625 
f 1238/1665/625 1237/1664/624 1185/1666/699 1184/1667/698 
f 1236/1663/623 1121/1514/582 1120/1513/581 1237/1664/624 
f 1237/1664/624 1120/1513/581 1124/1517/684 1185/1666/699 
f 1114/1507/539 1239/1668/628 1240/1669/629 1241/1670/630 
f 1241/1670/630 1240/1669/629 1155/1671/600 1154/1672/599 
f 1239/1668/628 1200/1673/705 1199/1674/704 1240/1669/629 
f 1240/1669/629 1199/1674/704 1156/1675/692 1155/1671/600 
f 1115/1508/540 1242/1676/633 1243/1677/634 1244/1678/635 
f 1244/1678/635 1243/1677/634 1229/1679/636 1228/1680/637 
f 1242/1676/633 1177/1681/590 1176/1682/589 1243/1677/634 
f 1243/1677/634 1176/1682/589 1180/1683/697 1229/1679/636 
f 1093/1486/533 1096/1489/532 1119/1512/580 1125/1518/554 
f 1125/1518/554 1119/1512/580 1121/1514/582 1130/1523/559 
f 1094/1487/530 1093/1486/533 1127/1520/556 1133/1526/562 
f 1133/1526/562 1127/1520/556 1129/1522/558 1138/1531/567 
f 1095/1488/531 1094/1487/530 1135/1528/564 1141/1534/570 
f 1141/1534/570 1135/1528/564 1137/1530/566 1146/1539/575 
f 1096/1489/532 1095/1488/531 1143/1536/572 1117/1510/578 
f 1117/1510/578 1143/1536/572 1145/1538/688 1122/1515/682 
f 1097/1490/535 1100/1493/534 1151/1544/596 1157/1550/602 
f 1157/1550/602 1151/1544/596 1153/1546/691 1162/1555/693 
f 1098/1491/536 1097/1490/535 1159/1552/604 1165/1558/610 
f 1165/1558/610 1159/1552/604 1161/1554/606 1170/1563/615 
f 1099/1492/537 1098/1491/536 1167/1560/612 1173/1566/586 
f 1173/1566/586 1167/1560/612 1169/1562/614 1178/1571/591 
f 1100/1493/534 1099/1492/537 1175/1568/588 1149/1542/594 
f 1149/1542/594 1175/1568/588 1177/1570/590 1154/1547/599 
f 1101/1494/542 1104/1497/545 1183/1576/640 1186/1582/641 
f 1186/1582/641 1183/1576/640 1122/1578/682 1145/1587/688 
f 1102/1495/543 1101/1494/542 1188/1584/643 1191/1590/646 
f 1191/1590/646 1188/1584/643 1190/1586/701 1194/1595/702 
f 1103/1496/544 1102/1495/543 1193/1592/648 1196/1598/651 
f 1196/1598/651 1193/1592/648 1162/1594/693 1153/1603/691 
f 1104/1497/545 1103/1496/544 1198/1600/653 1181/1574/638 
f 1181/1574/638 1198/1600/653 1200/1602/705 1184/1579/698 
f 1105/1498/546 1108/1501/549 1203/1608/656 1204/1611/657 
f 1204/1611/657 1203/1608/656 1146/1539/575 1137/1530/566 
f 1106/1499/547 1105/1498/546 1206/1613/659 1209/1616/662 
f 1209/1616/662 1206/1613/659 1208/1615/661 1212/1619/665 
f 1107/1500/548 1106/1499/547 1211/1618/664 1214/1621/667 
f 1214/1621/667 1211/1618/664 1170/1563/615 1161/1554/606 
f 1108/1501/549 1107/1500/548 1216/1623/669 1201/1606/654 
f 1201/1606/654 1216/1623/669 1194/1625/702 1190/1609/701 
f 1109/1502/550 1112/1505/553 1219/1628/672 1220/1634/673 
f 1220/1634/673 1219/1628/672 1138/1630/567 1129/1639/558 
f 1110/1503/551 1109/1502/550 1222/1636/675 1225/1642/676 
f 1225/1642/676 1222/1636/675 1224/1638/621 1228/1647/637 
f 1111/1504/552 1110/1503/551 1227/1644/678 1230/1650/679 
f 1230/1650/679 1227/1644/678 1178/1646/591 1169/1655/614 
f 1112/1505/553 1111/1504/552 1232/1652/681 1217/1626/670 
f 1217/1626/670 1232/1652/681 1212/1654/665 1208/1631/661 
f 1113/1506/538 1116/1509/541 1235/1660/620 1236/1663/623 
f 1236/1663/623 1235/1660/620 1130/1523/559 1121/1514/582 
f 1114/1507/539 1113/1506/538 1238/1665/625 1239/1668/628 
f 1239/1668/628 1238/1665/625 1184/1667/698 1200/1673/705 
f 1115/1508/540 1114/1507/539 1241/1670/630 1242/1676/633 
f 1242/1676/633 1241/1670/630 1154/1672/599 1177/1681/590 
f 1116/1509/541 1115/1508/540 1244/1678/635 1233/1658/618 
f 1233/1658/618 1244/1678/635 1228/1680/637 1224/1661/621 
f 1245/1684/533 1246/1685/530 1247/1686/531 1248/1687/532 
f 1249/1688/535 1250/1689/536 1251/1690/537 1252/1691/534 
f 1253/1692/542 1254/1693/543 1255/1694/544 1256/1695/545 
f 1257/1696/546 1258/1697/547 1259/1698/548 1260/1699/549 
f 1261/1700/550 1262/1701/551 1263/1702/552 1264/1703/553 
f 1265/1704/538 1266/1705/539 1267/1706/540 1268/1707/541 
f 1248/1687/532 1269/1708/578 1270/1709/579 1271/1710/580 
f 1271/1710/580 1270/1709/579 1272/1711/581 1273/1712/582 
f 1269/1708/578 1274/1713/682 1275/1714/683 1270/1709/579 
f 1270/1709/579 1275/1714/683 1276/1715/684 1272/1711/581 
f 1245/1684/533 1277/1716/554 1278/1717/555 1279/1718/556 
f 1279/1718/556 1278/1717/555 1280/1719/557 1281/1720/558 
f 1277/1716/554 1282/1721/559 1283/1722/560 1278/1717/555 
f 1278/1717/555 1283/1722/560 1284/1723/685 1280/1719/557 
f 1246/1685/530 1285/1724/562 1286/1725/563 1287/1726/564 
f 1287/1726/564 1286/1725/563 1288/1727/565 1289/1728/566 
f 1285/1724/562 1290/1729/567 1291/1730/568 1286/1725/563 
f 1286/1725/563 1291/1730/568 1292/1731/686 1288/1727/565 
f 1247/1686/531 1293/1732/570 1294/1733/571 1295/1734/572 
f 1295/1734/572 1294/1733/571 1296/1735/687 1297/1736/688 
f 1293/1732/570 1298/1737/575 1299/1738/576 1294/1733/571 
f 1294/1733/571 1299/1738/576 1300/1739/689 1296/1735/687 
f 1252/1691/534 1301/1740/594 1302/1741/595 1303/1742/596 
f 1303/1742/596 1302/1741/595 1304/1743/690 1305/1744/691 
f 1301/1740/594 1306/1745/599 1307/1746/600 1302/1741/595 
f 1302/1741/595 1307/1746/600 1308/1747/692 1304/1743/690 
f 1249/1688/535 1309/1748/602 1310/1749/603 1311/1750/604 
f 1311/1750/604 1310/1749/603 1312/1751/605 1313/1752/606 
f 1309/1748/602 1314/1753/693 1315/1754/694 1310/1749/603 
f 1310/1749/603 1315/1754/694 1316/1755/695 1312/1751/605 
f 1250/1689/536 1317/1756/610 1318/1757/611 1319/1758/612 
f 1319/1758/612 1318/1757/611 1320/1759/613 1321/1760/614 
f 1317/1756/610 1322/1761/615 1323/1762/616 1318/1757/611 
f 1318/1757/611 1323/1762/616 1324/1763/696 1320/1759/613 
f 1251/1690/537 1325/1764/586 1326/1765/587 1327/1766/588 
f 1327/1766/588 1326/1765/587 1328/1767/589 1329/1768/590 
f 1325/1764/586 1330/1769/591 1331/1770/592 1326/1765/587 
f 1326/1765/587 1331/1770/592 1332/1771/706 1328/1767/589 
f 1256/1695/545 1333/1772/638 1334/1773/639 1335/1774/640 
f 1335/1774/640 1334/1773/639 1275/1775/683 1274/1776/682 
f 1333/1772/638 1336/1777/698 1337/1778/699 1334/1773/639 
f 1334/1773/639 1337/1778/699 1276/1779/684 1275/1775/683 
f 1253/1692/542 1338/1780/641 1339/1781/642 1340/1782/643 
f 1340/1782/643 1339/1781/642 1341/1783/700 1342/1784/701 
f 1338/1780/641 1297/1785/688 1296/1786/687 1339/1781/642 
f 1339/1781/642 1296/1786/687 1300/1787/689 1341/1783/700 
f 1254/1693/543 1343/1788/646 1344/1789/647 1345/1790/648 
f 1345/1790/648 1344/1789/647 1315/1791/694 1314/1792/693 
f 1343/1788/646 1346/1793/702 1347/1794/703 1344/1789/647 
f 1344/1789/647 1347/1794/703 1316/1795/695 1315/1791/694 
f 1255/1694/544 1348/1796/651 1349/1797/652 1350/1798/653 
f 1350/1798/653 1349/1797/652 1351/1799/704 1352/1800/705 
f 1348/1796/651 1305/1801/691 1304/1802/690 1349/1797/652 
f 1349/1797/652 1304/1802/690 1308/1803/692 1351/1799/704 
f 1260/1699/549 1353/1804/654 1354/1805/655 1355/1806/656 
f 1355/1806/656 1354/1805/655 1299/1738/576 1298/1737/575 
f 1353/1804/654 1342/1807/701 1341/1808/700 1354/1805/655 
f 1354/1805/655 1341/1808/700 1300/1739/689 1299/1738/576 
f 1257/1696/546 1356/1809/657 1357/1810/658 1358/1811/659 
f 1358/1811/659 1357/1810/658 1359/1812/660 1360/1813/661 
f 1356/1809/657 1289/1728/566 1288/1727/565 1357/1810/658 
f 1357/1810/658 1288/1727/565 1292/1731/686 1359/1812/660 
f 1258/1697/547 1361/1814/662 1362/1815/663 1363/1816/664 
f 1363/1816/664 1362/1815/663 1323/1762/616 1322/1761/615 
f 1361/1814/662 1364/1817/665 1365/1818/666 1362/1815/663 
f 1362/1815/663 1365/1818/666 1324/1763/696 1323/1762/616 
f 1259/1698/548 1366/1819/667 1367/1820/668 1368/1821/669 
f 1368/1821/669 1367/1820/668 1347/1822/703 1346/1823/702 
f 1366/1819/667 1313/1752/606 1312/1751/605 1367/1820/668 
f 1367/1820/668 1312/1751/605 1316/1755/695 1347/1822/703 
f 1264/1703/553 1369/1824/670 1370/1825/671 1371/1826/672 
f 1371/1826/672 1370/1825/671 1291/1827/568 1290/1828/567 
f 1369/1824/670 1360/1829/661 1359/1830/660 1370/1825/671 
f 1370/1825/671 1359/1830/660 1292/1831/686 1291/1827/568 
f 1261/1700/550 1372/1832/673 1373/1833/674 1374/1834/675 
f 1374/1834/675 1373/1833/674 1375/1835/622 1376/1836/621 
f 1372/1832/673 1281/1837/558 1280/1838/557 1373/1833/674 
f 1373/1833/674 1280/1838/557 1284/1839/685 1375/1835/622 
f 1262/1701/551 1377/1840/676 1378/1841/677 1379/1842/678 
f 1379/1842/678 1378/1841/677 1331/1843/592 1330/1844/591 
f 1377/1840/676 1380/1845/637 1381/1846/636 1378/1841/677 
f 1378/1841/677 1381/1846/636 1332/1847/706 1331/1843/592 
f 1263/1702/552 1382/1848/679 1383/1849/680 1384/1850/681 
f 1384/1850/681 1383/1849/680 1365/1851/666 1364/1852/665 
f 1382/1848/679 1321/1853/614 1320/1854/613 1383/1849/680 
f 1383/1849/680 1320/1854/613 1324/1855/696 1365/1851/666 
f 1268/1707/541 1385/1856/618 1386/1857/619 1387/1858/620 
f 1387/1858/620 1386/1857/619 1283/1722/560 1282/1721/559 
f 1385/1856/618 1376/1859/621 1375/1860/622 1386/1857/619 
f 1386/1857/619 1375/1860/622 1284/1723/685 1283/1722/560 
f 1265/1704/538 1388/1861/623 1389/1862/624 1390/1863/625 
f 1390/1863/625 1389/1862/624 1337/1864/699 1336/1865/698 
f 1388/1861/623 1273/1712/582 1272/1711/581 1389/1862/624 
f 1389/1862/624 1272/1711/581 1276/1715/684 1337/1864/699 
f 1266/1705/539 1391/1866/628 1392/1867/629 1393/1868/630 
f 1393/1868/630 1392/1867/629 1307/1869/600 1306/1870/599 
f 1391/1866/628 1352/1871/705 1351/1872/704 1392/1867/629 
f 1392/1867/629 1351/1872/704 1308/1873/692 1307/1869/600 
f 1267/1706/540 1394/1874/633 1395/1875/634 1396/1876/635 
f 1396/1876/635 1395/1875/634 1381/1877/636 1380/1878/637 
f 1394/1874/633 1329/1879/590 1328/1880/589 1395/1875/634 
f 1395/1875/634 1328/1880/589 1332/1881/706 1381/1877/636 
f 1245/1684/533 1248/1687/532 1271/1710/580 1277/1716/554 
f 1277/1716/554 1271/1710/580 1273/1712/582 1282/1721/559 
f 1246/1685/530 1245/1684/533 1279/1718/556 1285/1724/562 
f 1285/1724/562 1279/1718/556 1281/1720/558 1290/1729/567 
f 1247/1686/531 1246/1685/530 1287/1726/564 1293/1732/570 
f 1293/1732/570 1287/1726/564 1289/1728/566 1298/1737/575 
f 1248/1687/532 1247/1686/531 1295/1734/572 1269/1708/578 
f 1269/1708/578 1295/1734/572 1297/1736/688 1274/1713/682 
f 1249/1688/535 1252/1691/534 1303/1742/596 1309/1748/602 
f 1309/1748/602 1303/1742/596 1305/1744/691 1314/1753/693 
f 1250/1689/536 1249/1688/535 1311/1750/604 1317/1756/610 
f 1317/1756/610 1311/1750/604 1313/1752/606 1322/1761/615 
f 1251/1690/537 1250/1689/536 1319/1758/612 1325/1764/586 
f 1325/1764/586 1319/1758/612 1321/1760/614 1330/1769/591 
f 1252/1691/534 1251/1690/537 1327/1766/588 1301/1740/594 
f 1301/1740/594 1327/1766/588 1329/1768/590 1306/1745/599 
f 1253/1692/542 1256/1695/545 1335/1774/640 1338/1780/641 
f 1338/1780/641 1335/1774/640 1274/1776/682 1297/1785/688 
f 1254/1693/543 1253/1692/542 1340/1782/643 1343/1788/646 
f 1343/1788/646 1340/1782/643 1342/1784/701 1346/1793/702 
f 1255/1694/544 1254/1693/543 1345/1790/648 1348/1796/651 
f 1348/1796/651 1345/1790/648 1314/1792/693 1305/1801/691 
f 1256/1695/545 1255/1694/544 1350/1798/653 1333/1772/638 
f 1333/1772/638 1350/1798/653 1352/1800/705 1336/1777/698 
f 1257/1696/546 1260/1699/549 1355/1806/656 1356/1809/657 
f 1356/1809/657 1355/1806/656 1298/1737/575 1289/1728/566 
f 1258/1697/547 1257/1696/546 1358/1811/659 1361/1814/662 
f 1361/1814/662 1358/1811/659 1360/1813/661 1364/1817/665 
f 1259/1698/548 1258/1697/547 1363/1816/664 1366/1819/667 
f 1366/1819/667 1363/1816/664 1322/1761/615 1313/1752/606 
f 1260/1699/549 1259/1698/548 1368/1821/669 1353/1804/654 
f 1353/1804/654 1368/1821/669 1346/1823/702 1342/1807/701 
f 1261/1700/550 1264/1703/553 1371/1826/672 1372/1832/673 
f 1372/1832/673 1371/1826/672 1290/1828/567 1281/1837/558 
f 1262/1701/551 1261/1700/550 1374/1834/675 1377/1840/676 
f 1377/1840/676 1374/1834/675 1376/1836/621 1380/1845/637 
f 1263/1702/552 1262/1701/551 1379/1842/678 1382/1848/679 
f 1382/1848/679 1379/1842/678 1330/1844/591 1321/1853/614 
f 1264/1703/553 1263/1702/552 1384/1850/681 1369/1824/670 
f 1369/1824/670 1384/1850/681 1364/1852/665 1360/1829/661 
f 1265/1704/538 1268/1707/541 1387/1858/620 1388/1861/623 
f 1388/1861/623 1387/1858/620 1282/1721/559 1273/1712/582 
f 1266/1705/539 1265/1704/538 1390/1863/625 1391/1866/628 
f 1391/1866/628 1390/1863/625 1336/1865/698 1352/1871/705 
f 1267/1706/540 1266/1705/539 1393/1868/630 1394/1874/633 
f 1394/1874/633 1393/1868/630 1306/1870/599 1329/1879/590 
f 1268/1707/541 1267/1706/540 1396/1876/635 1385/1856/618 
f 1385/1856/618 1396/1876/635 1380/1878/637 1376/1859/621 
# 450 polygons

