# This is a clothes file for MakeHuman Community, exported by MakeClothes 2
#
# author: Elvaerwyn
# license: CC-BY
#
v -1.2067 2.1281 0.5490
v -1.1616 2.1117 0.8050
v -1.0493 2.0828 1.0286
v -0.8876 2.0539 1.2130
v -0.6852 2.0299 1.3360
v -0.4654 2.0108 1.4226
v -0.2337 2.0016 1.4671
v -0.0001 1.9987 1.4719
v 0.2334 2.0007 1.4671
v 0.4647 2.0111 1.4234
v 0.6839 2.0289 1.3374
v 0.8853 2.0533 1.2149
v 1.0467 2.0831 1.0333
v 1.1602 2.1120 0.8122
v 1.2074 2.1265 0.5625
v 1.2193 2.0316 0.5541
v 1.2380 1.9392 0.5468
v 1.2507 1.8475 0.5401
v 1.2291 1.8632 0.6464
v 1.1762 1.8694 0.7984
v 1.0992 1.8488 0.9753
v 0.9616 1.8248 1.1239
v 0.7968 1.7990 1.2465
v 0.6124 1.7772 1.3379
v 0.4172 1.7575 1.4051
v 0.2112 1.7441 1.4312
v 0.0016 1.7320 1.4353
v -0.0213 1.7311 1.4354
v -0.0442 1.7318 1.4354
v -0.2514 1.7434 1.4318
v -0.4546 1.7609 1.3961
v -0.6472 1.7814 1.3236
v -0.8284 1.8050 1.2288
v -0.9846 1.8309 1.0967
v -1.1124 1.8560 0.9409
v -1.1888 1.8756 0.7638
v -1.2362 1.8682 0.6007
v -1.2569 1.8558 0.4908
v -1.2396 1.9453 0.5082
v -1.2186 2.0350 0.5292
v -1.2138 2.0481 0.5969
v -1.2089 2.0560 0.6300
v -1.1998 2.0543 0.6630
v -1.1326 2.0301 0.8779
v -1.0146 2.0021 1.0778
v -0.8463 1.9743 1.2308
v -0.6518 1.9505 1.3407
v -0.4429 1.9343 1.4170
v -0.2249 1.9236 1.4572
v -0.0046 1.9227 1.4632
v 0.2159 1.9230 1.4577
v 0.4339 1.9342 1.4194
v 0.6424 1.9505 1.3449
v 0.8367 1.9732 1.2367
v 1.0073 2.0012 1.0886
v 1.1280 2.0287 0.8937
v 1.1969 2.0515 0.6817
v 1.2063 2.0529 0.6446
v 1.2150 2.0447 0.6090
v 1.1857 2.0934 0.7147
v 1.2121 1.9562 0.6751
v 1.1355 1.9393 0.8878
v 1.0129 1.9102 1.0742
v 0.8453 1.8807 1.2272
v 0.6442 1.8554 1.3339
v 0.4294 1.8350 1.4125
v 0.2029 1.8173 1.4479
v -0.0212 1.8140 1.4472
v -0.2423 1.8187 1.4474
v -0.4654 1.8390 1.4039
v -0.6765 1.8614 1.3194
v -0.8748 1.8877 1.2104
v -1.0335 1.9158 1.0503
v -1.1469 1.9455 0.8578
v -1.2191 1.9615 0.6443
v -1.1876 2.0906 0.6995
v 1.1746 2.1812 0.3147
v 1.0757 2.2022 0.0922
v 0.9213 2.2069 -0.0950
v 0.7137 2.1992 -0.2150
v 0.4788 2.1896 -0.2501
v 0.2443 2.1835 -0.2493
v 0.0108 2.1810 -0.2493
v -0.2227 2.1832 -0.2498
v -0.4575 2.1887 -0.2504
v -0.6917 2.1959 -0.2216
v -0.9045 2.2051 -0.1081
v -1.0648 2.2013 0.0751
v -1.1715 2.1827 0.3020
v -1.2587 1.8620 0.4722
v -1.2486 1.9030 0.3903
v -1.2246 1.9600 0.2186
v -1.1274 1.9779 0.0390
v -0.9698 1.9718 -0.0993
v -0.7801 1.9560 -0.1885
v -0.5699 1.9417 -0.2245
v -0.3558 1.9301 -0.2323
v -0.1743 1.9214 -0.2382
v 0.0098 1.9125 -0.2431
v 0.0327 1.9087 -0.2444
v 0.0559 1.9123 -0.2430
v 0.2658 1.9246 -0.2354
v 0.4722 1.9372 -0.2266
v 0.6776 1.9519 -0.2121
v 0.8721 1.9688 -0.1562
v 1.0429 1.9826 -0.0488
v 1.1669 1.9789 0.1053
v 1.2366 1.9497 0.2812
v 1.2527 1.8942 0.4357
v 1.2526 1.8530 0.5216
v 1.2166 2.0633 0.4937
v 1.2150 2.0805 0.4645
v 1.2142 2.0893 0.4317
v 1.1668 2.1221 0.2183
v 1.0529 2.1351 0.0211
v 0.8866 2.1325 -0.1332
v 0.6799 2.1226 -0.2234
v 0.4571 2.1130 -0.2450
v 0.2359 2.1071 -0.2419
v 0.0152 2.1047 -0.2431
v -0.2056 2.1066 -0.2436
v -0.4268 2.1127 -0.2441
v -0.6491 2.1190 -0.2305
v -0.8591 2.1309 -0.1508
v -1.0342 2.1352 -0.0019
v -1.1533 2.1240 0.1964
v -1.2097 2.0913 0.4116
v -1.2151 2.0821 0.4483
v -1.2168 2.0632 0.4804
v -1.1967 2.1396 0.3914
v -1.2278 2.0002 0.3883
v -1.1737 2.0431 0.1692
v -1.0492 2.0529 -0.0187
v -0.8677 2.0409 -0.1577
v -0.6511 2.0225 -0.2257
v -0.4215 2.0112 -0.2346
v -0.1924 1.9996 -0.2377
v 0.0328 1.9952 -0.2394
v 0.2548 2.0009 -0.2381
v 0.4812 2.0146 -0.2358
v 0.7068 2.0300 -0.2164
v 0.9128 2.0487 -0.1273
v 1.0813 2.0592 0.0198
v 1.1931 2.0451 0.2093
v 1.2342 1.9968 0.4231
v 1.2023 2.1338 0.4071
v 0.0273 1.6687 -0.3182
v 0.0209 1.4252 -0.4022
v 0.0153 1.1859 -0.4958
v 0.0105 0.9499 -0.5958
v 0.0068 0.7144 -0.6942
v 0.0059 0.4708 -0.7718
v 0.0031 0.2171 -0.8071
v 0.0022 -0.0405 -0.7837
v 0.0000 -0.2978 -0.6947
v -0.0005 -0.4926 -0.4878
v -0.0026 -0.6567 -0.2429
v 0.0053 -0.7934 0.0389
v 0.0198 -0.7918 0.3643
v 0.0422 -0.7814 0.7037
v -0.0895 -0.9314 0.7723
v -0.1840 -1.0916 0.8506
v -0.2575 -1.2638 0.9210
v -0.3265 -1.4413 0.9772
v -0.3870 -1.6210 1.0175
v -0.4405 -1.8037 1.0533
v -0.4926 -1.9916 1.0747
v -0.5384 -2.1833 1.0808
v -0.5812 -2.3759 1.0840
v -0.6234 -2.5622 1.0717
v -0.6653 -2.7438 1.0541
v -0.7081 -2.9259 1.0239
v -0.7475 -3.1074 0.9947
v -0.7808 -3.2825 0.9569
v -0.8189 -3.4510 0.9115
v -0.8605 -3.6156 0.8641
v -0.9053 -3.7771 0.8142
v -0.9524 -3.9351 0.7619
v -0.9940 -4.0923 0.7119
v -0.9826 -4.0904 0.6968
v -0.9466 -4.0823 0.6418
v -0.9160 -4.0792 0.5832
v -0.9001 -4.0773 0.5187
v -0.8812 -4.0772 0.4545
v -0.8644 -4.0787 0.3890
v -0.8515 -4.0857 0.3228
v -0.8586 -4.0875 0.2528
v -0.8737 -4.0845 0.1808
v -0.9054 -4.0816 0.1168
v -0.9438 -4.0744 0.0551
v -0.9833 -4.0676 -0.0072
v -1.0285 -4.0634 -0.0654
v -1.0844 -4.0546 -0.1184
v -1.1537 -4.0424 -0.1587
v -1.2289 -4.0375 -0.1778
v -1.3071 -4.0311 -0.1977
v -1.3873 -4.0264 -0.2124
v -1.4673 -4.0212 -0.2165
v -1.5469 -4.0175 -0.2022
v -1.6302 -4.0076 -0.1827
v -1.7109 -4.0014 -0.1549
v -1.7788 -3.9979 -0.1010
v -1.8445 -3.9927 -0.0393
v -1.9092 -3.9932 0.0254
v -1.9188 -3.9919 0.0434
v -1.8579 -3.8168 0.0866
v -1.7920 -3.6413 0.1253
v -1.7310 -3.4612 0.1552
v -1.6842 -3.2740 0.1683
v -1.6799 -3.0804 0.1436
v -1.6756 -2.8854 0.1216
v -1.6743 -2.6903 0.0968
v -1.6824 -2.4934 0.0762
v -1.6940 -2.2948 0.0641
v -1.7098 -2.0936 0.0629
v -1.7287 -1.8926 0.0713
v -1.7567 -1.6913 0.0806
v -1.7851 -1.4893 0.0930
v -1.8113 -1.2848 0.1068
v -1.8361 -1.0800 0.1165
v -1.8637 -0.8723 0.1326
v -1.8719 -0.6599 0.1524
v -1.8723 -0.4447 0.1710
v -1.8468 -0.2301 0.1873
v -1.7980 -0.0183 0.2045
v -1.7366 0.1913 0.2250
v -1.6646 0.3977 0.2521
v -1.6036 0.6070 0.2847
v -1.5587 0.8197 0.3215
v -1.5309 1.0351 0.3604
v -1.4676 1.2449 0.3924
v -1.3916 1.4496 0.4208
v -1.3204 1.6538 0.4516
v 0.0097 1.6682 -0.3181
v 0.0034 1.4251 -0.4019
v -0.0023 1.1862 -0.4955
v -0.0071 0.9508 -0.5956
v -0.0108 0.7160 -0.6949
v -0.0117 0.4728 -0.7730
v -0.0143 0.2191 -0.8086
v -0.0079 -0.0412 -0.7851
v -0.0033 -0.2995 -0.6960
v -0.0046 -0.4933 -0.4886
v -0.0051 -0.6588 -0.2457
v -0.0080 -0.7929 0.0330
v 0.0181 -0.7916 0.3612
v 0.0357 -0.7844 0.6974
v 0.0332 -0.7890 0.6973
v -0.1212 -0.9836 0.7844
v -0.2210 -1.1944 0.8801
v -0.3086 -1.4162 0.9560
v -0.3849 -1.6433 1.0060
v -0.4537 -1.8735 1.0498
v -0.5160 -2.1119 1.0682
v -0.5703 -2.3551 1.0733
v -0.6207 -2.5903 1.0537
v -0.6752 -2.8188 1.0303
v -0.7270 -3.0490 0.9917
v -0.7679 -3.2712 0.9444
v -0.8164 -3.4838 0.8868
v -0.8704 -3.6904 0.8257
v -0.9286 -3.8920 0.7609
v -1.8485 -3.8157 0.0685
v -1.7808 -3.6417 0.1083
v -1.7180 -3.4629 0.1397
v -1.6711 -3.2758 0.1530
v -1.6662 -3.0821 0.1288
v -1.6620 -2.8871 0.1068
v -1.6608 -2.6915 0.0820
v -1.6687 -2.4937 0.0615
v -1.6830 -2.2946 0.0474
v -1.6991 -2.0923 0.0461
v -1.7176 -1.8907 0.0550
v -1.7459 -1.6891 0.0641
v -1.7743 -1.4871 0.0767
v -1.8012 -1.2827 0.0901
v -1.8267 -1.0793 0.0998
v -1.8550 -0.8703 0.1155
v -1.8665 -0.6583 0.1342
v -1.8711 -0.4433 0.1520
v -1.8462 -0.2287 0.1684
v -1.7972 -0.0168 0.1857
v -1.7355 0.1931 0.2063
v -1.6628 0.3998 0.2335
v -1.6022 0.6097 0.2662
v -1.5572 0.8227 0.3031
v -1.5293 1.0379 0.3420
v -1.4693 1.2481 0.3740
v -1.3931 1.4528 0.4025
v -1.3218 1.6574 0.4333
v -0.7738 -3.3946 0.0799
v -0.7453 -3.7057 0.2822
v -1.1064 -3.6961 -0.0480
v -0.5689 1.4577 -0.3208
v -0.3266 1.6623 -0.2938
v -1.2507 1.6133 0.0256
v -0.7147 1.6907 -0.2370
v -1.2164 1.8054 0.0639
v -0.6020 -1.9853 -0.0777
v -0.9224 -0.8848 -0.5425
v -1.0715 0.5367 -0.6686
v -0.5425 -2.7765 0.3185
v -0.6143 -3.1970 0.5204
v -0.7230 -3.6044 0.5960
v -1.3397 1.6060 0.2363
v -1.3130 1.2004 -0.0909
v -1.0120 1.7078 -0.1362
v -0.3039 -1.9162 0.4550
v -1.4937 -0.8103 -0.3425
v -0.2806 -1.1673 -0.0400
v -1.4620 0.0827 -0.4349
v -1.4644 0.5471 -0.2619
v -0.5326 -2.7622 0.7010
v -0.6453 -3.1906 0.7725
v -0.7799 -3.5984 0.7542
v -0.7985 -3.7961 0.6054
v -1.2996 1.7731 0.2780
v -1.3877 1.3891 0.1215
v -1.4643 0.9699 0.0287
v -1.0866 1.8393 -0.0564
v -0.3231 -1.8471 0.7687
v -0.4181 -2.3346 0.5824
v -0.1837 -1.4933 0.3999
v -1.7227 -0.7801 -0.1249
v -1.6004 -0.3656 -0.3424
v -1.5213 -1.1633 -0.2221
v -0.0979 -1.0588 0.3410
v -1.6663 0.0982 -0.1276
v -1.5820 0.5315 0.0054
v -0.5845 -2.7350 0.8978
v -0.5983 -2.9702 0.8092
v -0.4972 -2.5122 0.8186
v -1.4264 1.3764 0.2837
v -1.4587 1.1795 0.1467
v -1.5167 0.9473 0.2039
v -0.3759 -1.7951 0.9312
v -0.4059 -2.0594 0.8489
v -0.2598 -1.6128 0.7649
v -1.8066 -0.7694 0.0266
v -1.7620 -0.5610 -0.0782
v -1.7299 -0.9876 -0.0862
v -0.0674 -0.9649 0.5684
v -0.1269 -1.2174 0.5692
v -0.0573 -0.8846 0.3079
v -1.7499 0.0992 0.0559
v -1.7387 -0.1221 -0.0753
v -0.5568 -2.4922 0.9708
v -0.4690 -2.2842 0.8708
v -0.1526 -1.1352 0.7323
v -0.1995 -1.3937 0.7046
v -0.1802 -0.9982 0.0040
v -0.4570 -2.3981 0.7291
v -0.4758 -2.5775 0.4984
v -0.1538 -1.3691 0.5185
v -0.1660 -1.3081 0.2015
v -0.0915 -0.9886 0.1908
v -1.2533 -3.3517 -0.0593
v -1.4958 -3.7207 -0.0855
v -0.3272 1.2715 -0.4304
v -0.1447 1.7597 -0.2808
v -0.1836 1.5227 -0.3512
v -0.1745 1.3715 -0.4077
v -0.3784 1.5017 -0.3360
v -0.5335 1.6270 -0.2798
v -0.4901 1.7926 -0.2501
v -0.9675 -2.5329 -0.1608
v -1.1879 -1.9531 -0.2311
v -0.6071 -0.4788 -0.8390
v -0.5730 0.8134 -0.6711
v -0.8534 1.8019 -0.1794
v -0.9207 1.4377 -0.2510
v -0.6658 -3.3917 0.6045
v -0.7130 -3.4585 0.7445
v -0.8695 -3.9344 0.5998
v -0.7441 -3.7349 0.4589
v -0.8069 -3.8980 0.2830
v -0.8120 -3.8912 0.4551
v -1.2236 1.4193 -0.0910
v -1.6040 -1.3731 -0.1266
v -1.4776 0.7480 -0.0860
v -1.5572 0.7390 0.1192
v -1.5816 0.3306 -0.1635
v -1.6751 0.3151 0.0466
v -0.6040 -3.0853 0.6661
v -0.5674 -2.9851 0.4303
v -1.4085 1.1069 0.0084
v -0.3462 -2.0183 0.6376
v -0.3957 -2.1782 0.6830
v -0.3866 -2.1642 0.3530
v -0.3467 -2.0505 0.4646
v -0.2561 -1.7543 0.5836
v -0.2803 -1.7254 0.2491
v -0.2110 -1.5910 0.5634
v -0.2677 -1.7894 0.4040
v -1.6294 -0.6575 -0.2527
v -1.6723 -0.4921 -0.2387
v -1.7384 -0.3145 -0.1324
v -1.4175 -0.5943 -0.4919
v -1.8258 -0.3384 0.0351
v -1.5030 -0.6738 -0.3811
v -1.5913 -0.9296 -0.2308
v -1.6000 -0.0653 -0.2984
v -1.6519 -0.2187 -0.2599
v -0.1113 -0.8542 -0.0792
v -0.0353 -0.8395 0.1606
v -0.1608 -1.1059 0.1205
v -0.5203 -0.9609 -0.3490
v -0.4929 -2.6162 0.6636
v -0.5138 -2.7425 0.5115
v -0.1205 -1.2067 0.3597
v -1.5120 -3.3637 -0.0009
v -1.2487 -2.9693 -0.1122
v -1.6909 -3.7227 -0.0196
v -1.5929 -3.5447 -0.0192
v -1.6325 -3.8577 -0.1085
v -1.3921 -3.8580 -0.1409
v -1.3015 -3.7208 -0.0859
v -1.3377 -3.5448 -0.0605
v -0.2588 1.0484 -0.5431
v -1.3600 -2.5653 -0.1391
v -0.5878 -2.4852 0.0916
v -1.4852 -1.9748 -0.1261
v -0.2617 -0.4475 -0.7623
v -0.5475 0.0601 -0.9693
v -0.3425 0.5944 -0.8121
v -0.8859 1.6005 -0.2173
v -1.0729 1.5388 -0.1525
v -0.6911 -3.5333 0.4080
v -0.7452 -3.5555 0.1567
v -0.6504 -3.3645 0.4096
v -0.6413 -3.2050 0.2477
v -0.6387 -3.2642 0.6332
v -0.6876 -3.3198 0.8040
v -0.9150 -3.8237 0.0413
v -1.3322 1.3245 -0.0120
v -1.0977 1.2676 -0.2257
v -1.1958 0.9256 -0.3431
v -1.3360 0.9981 -0.1679
v -1.1750 1.0994 -0.2628
v -0.7623 1.0952 -0.4309
v -0.9879 1.0241 -0.3909
v -1.3511 0.8258 -0.2444
v -1.2216 0.7045 -0.4789
v -0.8775 1.2461 -0.3203
v -0.8294 0.8855 -0.5666
v -0.7484 1.3785 -0.3083
v -1.6000 -1.5787 -0.1011
v -1.7274 -1.3811 -0.0087
v -1.5088 0.6140 -0.1152
v -1.5457 0.4655 -0.1426
v -1.4099 0.3348 -0.4242
v -1.5611 0.1869 -0.2832
v -0.5622 -2.9288 0.6244
v -0.5092 -1.4938 -0.1180
v -0.0869 -0.7655 -0.2312
v -0.3695 -0.7895 -0.4849
v -0.2152 -0.8000 -0.3131
v -0.3152 -0.9084 -0.2570
v -0.2359 -0.6559 -0.5600
v -0.1864 -0.9126 -0.1024
v -0.4646 -0.8708 -0.4334
v -0.6926 -0.8716 -0.5439
v -0.0926 -0.6763 -0.4188
v -0.9417 -0.6035 -0.7390
v -0.8739 -0.7752 -0.6516
v -1.1620 -0.7130 -0.6031
v -1.3131 -0.7893 -0.4782
v -0.6575 -0.6883 -0.7202
v -1.2464 -1.0591 -0.3603
v -0.5870 -0.7989 -0.5843
v -1.4265 -0.9718 -0.3416
v -0.3492 -1.0324 -0.1631
v -1.6329 -3.3654 0.0837
v -1.5109 -3.1794 -0.0019
v -1.7762 -3.8867 -0.0326
v -1.4880 -3.6061 -0.0583
v -1.4407 -3.4607 -0.0435
v -1.0477 -3.4633 -0.0336
v -0.1831 1.1943 -0.4803
v -1.5431 -2.5849 -0.0365
v -1.4586 -2.3638 -0.1201
v -1.4578 -2.7878 -0.0675
v -0.5231 -2.5902 0.2644
v -0.4629 -2.3781 0.3028
v -1.6324 -1.9854 -0.0348
v -0.0941 -0.4328 -0.6898
v -0.2076 -0.1977 -0.8706
v -0.1429 0.5998 -0.7848
v -0.2524 0.3468 -0.9009
v -0.6895 -3.4132 0.2269
v -0.8905 -3.0925 -0.0266
v -0.6510 -2.9886 0.1549
v -0.7153 -2.7600 0.0203
v -0.6151 -2.6342 0.1041
v -0.7711 -2.5968 -0.0627
v -0.9920 -2.8005 -0.1035
v -0.8380 -2.7306 -0.0713
v -0.5966 -3.1247 0.3967
v -0.8166 -3.6980 0.1154
v -0.9516 -3.7091 0.0009
v -0.8150 -3.8141 0.1783
v -0.8972 -3.9387 0.1102
v -0.5066 1.0945 -0.4907
v -0.5826 1.2635 -0.3919
v -0.4394 0.9452 -0.5867
v -0.3379 0.7821 -0.6902
v -0.6403 0.9609 -0.5500
v -0.4438 1.3618 -0.3769
v -1.3619 0.6776 -0.3302
v -1.3156 0.5165 -0.4652
v -0.8148 0.6719 -0.7333
v -1.0496 0.8387 -0.4982
v -1.1424 0.1597 -0.7296
v -1.2333 0.3486 -0.6143
v -1.3256 0.1741 -0.5798
v -0.3299 -1.3641 -0.0265
v -1.0729 -1.5163 -0.2589
v -0.3995 -0.5678 -0.7357
v -1.2391 -0.4446 -0.6698
v -1.2930 -0.1318 -0.6617
v -1.2512 0.0314 -0.6690
v -1.4604 -0.1080 -0.4894
v -1.3939 -0.2936 -0.5794
v -1.3945 -0.4551 -0.5587
v -1.5231 -0.2485 -0.4316
v -0.7819 -0.5419 -0.8072
v -0.9039 -0.1621 -0.8878
v -1.1083 -0.1001 -0.7920
v -0.7942 -0.3504 -0.8809
v -1.1569 -0.2878 -0.7488
v -0.6303 -0.1809 -0.9431
v -0.9762 -0.4145 -0.8104
v -0.4190 -0.1334 -0.9516
v -0.2755 0.0884 -0.9482
v -0.4470 -0.3373 -0.8829
v -0.1609 0.2062 -0.8949
v -1.3702 -3.2541 -0.0697
v -1.3642 -3.1100 -0.0901
v -1.1314 -3.1678 -0.0846
v -1.4578 -2.9690 -0.0518
v -1.2003 -3.4556 -0.0534
v -0.9010 -3.5463 0.0181
v -1.0550 -3.5802 -0.0273
v -1.5979 -2.3870 -0.0185
v -1.5178 -2.1771 -0.1033
v -1.2003 -2.2070 -0.2175
v -1.3732 -2.2449 -0.1671
v -1.3382 -2.0853 -0.1848
v -1.5874 -2.7858 0.0274
v -0.4116 -2.2826 0.4303
v -0.4487 -2.4404 0.4512
v -0.0711 -0.1813 -0.7990
v -0.6031 0.3930 -0.9107
v -0.7704 -3.2098 0.0556
v -0.9109 -3.3356 -0.0076
v -0.7564 -3.0799 0.0516
v -0.7961 -2.9310 0.0047
v -0.9913 -2.9702 -0.0745
v -0.5754 -2.9198 0.2946
v -0.6233 -2.8277 0.1458
v -1.2119 -2.7228 -0.1445
v -0.1988 0.9021 -0.6196
v -0.7405 0.7898 -0.6605
v -0.5816 0.6278 -0.7992
v -0.9972 0.7071 -0.6301
v -0.2381 -1.2766 0.0396
v -0.2441 -1.4812 0.1504
v -0.2307 -1.5909 0.2594
v -0.6856 -1.1912 -0.2698
v -0.5249 -1.0989 -0.2434
v -0.4783 -1.2488 -0.1628
v -0.7525 -1.0313 -0.4048
v -0.6305 -1.3515 -0.2068
v -0.9627 -1.1178 -0.3633
v -0.7837 -1.5183 -0.2220
v -0.8078 -1.1163 -0.3548
v -0.9516 -1.0001 -0.4526
v -1.1190 -0.8801 -0.5026
v -1.1241 -0.9996 -0.4270
v -1.3668 -1.4984 -0.2274
v -1.1238 -0.5888 -0.6862
v -0.1533 -0.0346 -0.8874
v -1.5560 -3.0648 0.0146
v -1.2179 -3.6034 -0.0556
v -1.2255 -2.3979 -0.2025
v -0.9437 -2.3077 -0.1881
v -1.1645 -2.5345 -0.1748
v -1.1079 -2.3044 -0.2039
v -0.7312 -2.3884 -0.0763
v -0.4134 0.4440 -0.8955
v -0.4363 0.2421 -0.9541
v -0.8632 0.4427 -0.8234
v -0.7862 0.2039 -0.9138
v -1.0543 0.3371 -0.7614
v -0.7692 -0.0061 -0.9346
v -0.9617 0.0921 -0.8562
v -1.0703 -3.2938 -0.0548
v -1.1393 -3.0435 -0.0973
v -1.3562 -2.6909 -0.1248
v -1.0373 -2.6720 -0.1444
v -1.1556 -2.8424 -0.1231
v -0.2321 -1.6584 0.4048
v -1.1185 -1.2834 -0.3067
v -0.6125 -1.7319 -0.1244
v -1.2912 -0.9181 -0.4090
v -1.5185 -1.4849 -0.1621
v -1.4291 -1.3294 -0.2394
v -1.3226 -1.2040 -0.2906
v -1.2364 -1.3936 -0.2698
v -1.2176 -1.7182 -0.2348
v -0.9388 -2.0829 -0.2153
v -0.8827 -2.4145 -0.1464
v -0.7192 -2.1816 -0.1130
v -0.8695 -1.2937 -0.2938
v -0.7713 -1.3977 -0.2413
v -0.9785 -1.3994 -0.2746
v -1.1086 -1.1592 -0.3429
v -0.6270 -1.5939 -0.1594
v -1.2201 -1.5823 -0.2488
v -0.9155 -1.7188 -0.2324
v -1.4201 -1.6523 -0.1883
v -1.3875 -1.8265 -0.1848
v -1.5769 -1.8300 -0.0842
v -1.1231 -2.0811 -0.2226
v -1.0522 -2.4238 -0.1913
v -0.8733 -2.1912 -0.1771
v -0.7633 -2.0460 -0.1542
v -0.8995 -1.9012 -0.2079
v -1.0650 -1.8161 -0.2320
v -0.7656 -1.8024 -0.1853
v -0.5033 -2.1503 0.0807
v -0.9165 -1.5902 -0.2455
v -1.6308 -1.7043 -0.0677
v -0.5954 -2.1095 -0.0462
v -0.3940 -1.9346 0.1455
v -0.4637 -2.2549 0.2037
v -0.5806 -2.2986 0.0305
v -0.4970 -1.8454 -0.0096
v -0.4024 -1.6546 0.0191
v -0.4065 -2.0663 0.2195
v -0.3721 -1.7788 0.0951
v -0.3632 -1.5177 0.0082
v -1.7100 -1.1835 -0.0821
v -1.1633 -3.8686 -0.1044
v -1.2893 -3.9270 -0.1506
v -1.0209 -3.9226 -0.0486
v -0.4701 -0.6892 -0.6550
v 1.8898 -3.9506 0.0146
v 1.8339 -3.7776 0.0673
v 1.7764 -3.6041 0.1194
v 1.7235 -3.4251 0.1591
v 1.6889 -3.2368 0.1720
v 1.6934 -3.0441 0.1478
v 1.6934 -2.8483 0.1320
v 1.7020 -2.6520 0.1162
v 1.7130 -2.4540 0.1041
v 1.7260 -2.2547 0.0975
v 1.7436 -2.0547 0.0961
v 1.7590 -1.8529 0.1006
v 1.7825 -1.6499 0.1016
v 1.8029 -1.4455 0.1041
v 1.8215 -1.2410 0.1058
v 1.8368 -1.0362 0.1068
v 1.8575 -0.8295 0.1213
v 1.8691 -0.6191 0.1382
v 1.8643 -0.4059 0.1575
v 1.8325 -0.1932 0.1765
v 1.7810 0.0159 0.1966
v 1.7215 0.2221 0.2200
v 1.6492 0.4248 0.2493
v 1.5943 0.6323 0.2845
v 1.5521 0.8420 0.3260
v 1.5232 1.0535 0.3718
v 1.4593 1.2555 0.4132
v 1.3841 1.4531 0.4522
v 1.3152 1.6511 0.4938
v -0.0163 1.4649 1.4567
v -0.0090 1.1775 1.4777
v -0.0018 0.8865 1.4416
v 0.0072 0.5966 1.3762
v 0.0174 0.3025 1.3101
v 0.0297 0.0011 1.2445
v 0.0450 -0.2877 1.1170
v 0.0652 -0.5849 0.9811
v 0.1432 -0.9303 0.7800
v 0.2066 -1.0932 0.8561
v 0.2618 -1.2626 0.9246
v 0.3280 -1.4341 0.9769
v 0.3877 -1.6081 1.0168
v 0.4372 -1.7897 1.0433
v 0.4854 -1.9719 1.0622
v 0.5320 -2.1541 1.0757
v 0.5771 -2.3354 1.0837
v 0.6179 -2.5143 1.0790
v 0.6605 -2.6934 1.0628
v 0.7037 -2.8706 1.0408
v 0.7447 -3.0461 1.0150
v 0.7808 -3.2205 0.9866
v 0.8209 -3.3886 0.9458
v 0.8637 -3.5539 0.9021
v 0.9094 -3.7157 0.8545
v 0.9589 -3.8726 0.8016
v 1.0053 -4.0265 0.7461
v 1.0221 -4.0305 0.7585
v 1.0677 -4.0611 0.7770
v 1.1144 -4.0895 0.7973
v 1.1629 -4.1118 0.8216
v 1.2200 -4.1251 0.8354
v 1.2791 -4.1296 0.8454
v 1.3417 -4.1323 0.8453
v 1.4039 -4.1346 0.8480
v 1.4678 -4.1346 0.8448
v 1.5307 -4.1352 0.8350
v 1.5929 -4.1309 0.8230
v 1.6565 -4.1220 0.8068
v 1.7152 -4.1157 0.7865
v 1.7705 -4.1051 0.7561
v 1.8162 -4.0926 0.7076
v 1.8606 -4.0798 0.6584
v 1.8920 -4.0649 0.5947
v 1.9177 -4.0528 0.5294
v 1.9395 -4.0419 0.4611
v 1.9563 -4.0255 0.3898
v 1.9702 -4.0126 0.3198
v 1.9819 -3.9976 0.2496
v 1.9656 -3.9827 0.1746
v 1.9327 -3.9678 0.1031
v 1.9007 -3.9537 0.0318
v 1.8451 -3.7795 0.0842
v 1.7883 -3.6056 0.1357
v 1.7361 -3.4258 0.1750
v 1.7021 -3.2371 0.1874
v 1.7069 -3.0451 0.1629
v 1.7055 -2.8500 0.1482
v 1.7120 -2.6544 0.1336
v 1.7221 -2.4574 0.1219
v 1.7348 -2.2591 0.1152
v 1.7531 -2.0601 0.1132
v 1.7688 -1.8590 0.1173
v 1.7924 -1.6566 0.1180
v 1.8125 -1.4526 0.1207
v 1.8307 -1.2485 0.1226
v 1.8453 -1.0421 0.1229
v 1.8465 -1.0340 0.1241
v 1.8660 -0.8254 0.1396
v 1.8745 -0.6152 0.1576
v 1.8651 -0.4025 0.1774
v 1.8322 -0.1904 0.1964
v 1.7807 0.0179 0.2165
v 1.7218 0.2235 0.2399
v 1.6493 0.4250 0.2690
v 1.5947 0.6315 0.3041
v 1.5522 0.8401 0.3453
v 1.5212 1.0506 0.3908
v 1.4569 1.2520 0.4322
v 1.3823 1.4491 0.4712
v 1.3133 1.6463 0.5126
v 1.2485 1.8420 0.5584
v -0.0074 1.4648 1.4568
v -0.0032 1.1776 1.4777
v 0.0034 0.8865 1.4417
v 0.0125 0.5974 1.3738
v 0.0218 0.3021 1.3122
v 0.0321 0.0013 1.2445
v 0.0469 -0.2875 1.1170
v 0.0670 -0.5844 0.9808
v 0.0481 -0.7777 0.7109
v 0.1494 -0.9190 0.7964
v 0.2161 -1.0834 0.8719
v 0.2700 -1.2541 0.9417
v 0.3373 -1.4265 0.9938
v 0.3970 -1.6022 1.0342
v 0.4461 -1.7853 1.0613
v 0.4943 -1.9681 1.0804
v 0.5414 -2.1509 1.0936
v 0.5875 -2.3330 1.1014
v 0.6311 -2.5125 1.0948
v 0.6742 -2.6922 1.0783
v 0.7181 -2.8697 1.0558
v 0.7587 -3.0459 1.0305
v 0.7949 -3.2210 1.0021
v 0.8342 -3.3900 0.9621
v 0.8775 -3.5553 0.9181
v 0.9242 -3.7168 0.8697
v 0.9743 -3.8738 0.8163
v 0.5015 1.2921 1.4321
v 1.1621 1.3671 0.9881
v 0.8640 1.4508 1.2444
v 0.5036 1.5411 1.4035
v 1.1376 1.6192 0.9465
v 0.8706 1.6419 1.2177
v 0.6981 1.5181 1.3261
v 1.0091 1.5738 1.1144
v 1.0138 1.3785 1.1379
v 0.2598 1.3852 1.4734
v 0.3067 1.5819 1.4479
v 0.9442 0.4873 1.1963
v 1.0386 0.9379 1.1647
v 1.0715 1.1678 1.1252
v 0.7412 1.0484 1.3335
v 1.3329 1.0422 0.8254
v 0.9276 1.0511 1.2501
v 0.8670 1.2378 1.2658
v 1.2315 1.1822 0.9404
v 0.7032 1.3151 1.3453
v 1.2035 0.9879 1.0103
v 1.3643 1.2705 0.6926
v 1.1492 0.7220 1.1105
v 1.2695 1.3386 0.8325
v 1.5819 -2.5152 1.0918
v 1.4971 -1.4525 1.2165
v 1.5590 -3.3284 0.9480
v 1.4025 -3.7460 1.0149
v 1.1781 -0.4069 1.2415
v 1.8871 -3.7384 0.4750
v 0.2698 1.0684 1.4586
v 0.0939 1.3287 1.4695
v 0.4729 0.3242 1.2776
v 1.4766 0.8487 0.6755
v 1.4575 1.0908 0.6143
v 1.4306 0.9687 0.7325
v 1.3358 0.7784 0.9113
v 1.5042 0.9702 0.5536
v 1.2895 0.9096 0.9200
v 1.4155 1.3275 0.5429
v 0.9237 0.7065 1.2192
v 0.7894 0.8411 1.2928
v 0.4469 0.7938 1.3832
v 0.6619 0.5780 1.2811
v 0.6290 0.8785 1.3530
v 0.5171 1.0572 1.4144
v 0.5699 0.6950 1.3360
v 0.6560 1.1590 1.3731
v 0.3671 0.9303 1.4342
v 0.2230 0.7218 1.3972
v 1.3080 1.4965 0.6717
v 1.2469 1.6699 0.7091
v 1.1296 -2.6737 1.2820
v 1.7547 -2.7831 0.6981
v 1.7930 -2.1874 0.6772
v 0.9414 -1.6625 1.3977
v 1.8380 -1.5742 0.7262
v 1.7613 -0.9140 0.8468
v 1.1782 -3.4429 1.1671
v 1.8078 -3.3701 0.5898
v 1.1565 -3.8322 0.9878
v 1.5973 -0.0561 0.8351
v 0.6022 -0.3207 1.1871
v 0.6637 -0.8566 1.3197
v 1.8934 -3.7172 0.2533
v 1.8540 -3.5286 0.4118
v 1.9322 -3.8615 0.3401
v 1.9213 -3.8699 0.1789
v 0.3344 1.2369 1.4844
v 0.0999 1.0444 1.4645
v 0.2306 0.2273 1.2967
v 0.3489 -0.0446 1.2111
v 0.3515 0.5012 1.3326
v 0.3548 0.1355 1.2669
v 0.1911 -0.0352 1.2278
v 0.1713 0.5140 1.3496
v 1.5461 0.6658 0.5681
v 1.0226 0.6293 1.1765
v 1.0563 0.8001 1.1622
v 0.7060 0.3692 1.2351
v 0.5591 0.1415 1.2384
v 0.5424 -0.1191 1.1738
v 0.4889 -0.0173 1.2014
v 0.8138 0.5501 1.2324
v 1.2225 1.5066 0.8478
v 1.1867 1.7249 0.8235
v 0.8760 -2.7384 1.2216
v 1.1981 -3.0594 1.2227
v 1.0330 -2.2879 1.3387
v 1.7910 -2.7614 0.4001
v 1.8135 -2.3697 0.4313
v 1.8495 -1.9734 0.4365
v 0.6523 -1.7802 1.2854
v 0.7469 -1.2898 1.3402
v 1.8844 -1.5610 0.4020
v 1.8939 -1.1384 0.5459
v 1.8896 -0.7988 0.5031
v 0.9750 -3.4763 1.0797
v 1.1367 -3.6416 1.0705
v 1.0536 -3.2644 1.1597
v 0.9905 -3.5921 1.0242
v 1.0665 -3.3804 1.1386
v 1.8046 -3.1534 0.4203
v 1.0215 -3.8147 0.9097
v 1.7481 -0.4380 0.7333
v 1.7204 0.0467 0.5290
v 0.2992 -0.4738 1.0249
v 0.3902 -0.8043 1.1100
v 1.7739 -3.5924 0.6696
v 1.8172 -3.5280 0.2499
v 1.8192 -3.3438 0.3526
v 1.7772 -3.2277 0.3118
v 1.8178 -3.2767 0.4731
v 0.2288 -0.3077 1.0953
v 0.1968 -0.4867 1.0010
v 0.5042 0.4922 1.3041
v 1.5692 0.7132 0.4096
v 1.5291 0.8104 0.5232
v 1.4480 0.6512 0.7971
v 1.5430 0.3062 0.7812
v 1.5162 0.4956 0.7247
v 1.6106 0.4120 0.5321
v 1.6491 0.2117 0.6143
v 1.6227 0.5089 0.3864
v 1.5688 0.1222 0.8312
v 1.6463 0.0635 0.6914
v 1.7161 0.1964 0.4416
v 1.1406 0.1208 1.1566
v 1.6721 0.3319 0.4266
v 1.3854 0.1866 1.0195
v 0.8719 0.1883 1.1846
v 1.3467 0.4236 0.9857
v 0.8439 0.3289 1.2010
v 1.4534 0.3878 0.8673
v 1.3230 0.5967 0.9715
v 1.1521 0.4477 1.1251
v 1.2096 0.6002 1.0937
v 1.2112 0.2984 1.1072
v 1.0416 0.2887 1.1501
v 0.7584 -2.7662 1.1218
v 0.9064 -2.9291 1.1893
v 0.8187 -2.5539 1.2341
v 0.7907 -2.1550 1.3049
v 1.7534 -2.7542 0.2393
v 1.7958 -2.5589 0.3404
v 1.7930 -2.3626 0.2425
v 1.8233 -2.1686 0.3432
v 1.8326 -1.9673 0.2441
v 0.5380 -1.8390 1.1570
v 0.6761 -1.9860 1.2615
v 0.5700 -1.6031 1.2292
v 0.4926 -1.1930 1.2180
v 1.8638 -1.5512 0.2250
v 1.8896 -1.3523 0.3464
v 1.8612 -1.7668 0.3397
v 1.8889 -1.1398 0.3120
v 1.9019 -0.9674 0.4023
v 1.8909 -0.8201 0.3225
v 1.8827 -0.5658 0.4326
v 1.2429 -3.7610 1.0759
v 1.3389 -3.5710 1.0964
v 1.5865 -3.5706 0.9261
v 1.3971 -3.3936 1.0964
v 1.4656 -3.6251 1.0131
v 1.5105 -3.4636 0.9963
v 1.4515 -3.1245 1.0893
v 1.2893 -3.2643 1.1621
v 1.4681 -3.2567 1.0508
v 1.3085 -3.1289 1.1707
v 0.9419 -3.1063 1.1614
v 0.9007 -3.2973 1.0725
v 1.7919 -2.9597 0.3586
v 1.8013 -0.1408 0.4673
v 0.2332 -0.7082 0.9194
v 0.2562 -0.8436 0.9608
v 0.4206 -0.5512 1.1268
v 0.4413 -0.4114 1.1190
v 0.3449 -0.7001 1.0536
v 0.7738 -0.5144 1.2900
v 0.6207 -0.4713 1.2140
v 0.5619 -0.6611 1.2462
v 0.4967 -0.8314 1.2494
v 0.3630 -1.0191 1.0948
v 0.7347 -0.6880 1.3124
v 0.9790 -0.5733 1.3111
v 0.2808 -0.9643 0.9927
v 1.4124 -0.7792 1.2106
v 1.2429 -0.6214 1.2700
v 1.8600 -3.6218 0.5378
v 1.7426 -3.8434 0.7588
v 0.3796 -0.2801 1.1086
v 1.2625 -0.1111 1.1448
v 1.4562 -0.0232 1.0027
v 1.4122 -0.2559 1.0981
v 0.6856 0.0624 1.1959
v 0.8617 -0.0740 1.2260
v 0.8697 -0.2864 1.2472
v 1.0203 -2.8060 1.2423
v 1.0933 -2.9435 1.2356
v 1.4279 -2.7979 1.1803
v 1.2780 -2.9097 1.2250
v 1.4398 -2.9622 1.1321
v 1.2681 -2.7565 1.2508
v 1.4321 -2.6305 1.2027
v 1.6461 -2.9663 0.9163
v 1.6049 -3.1457 0.9222
v 1.3723 -2.3511 1.2715
v 1.5984 -2.8236 1.0293
v 1.5390 -3.0103 1.0363
v 1.7132 -3.2538 0.7588
v 1.4540 -2.4719 1.2148
v 1.2514 -2.5122 1.2899
v 1.6937 -2.8177 0.8729
v 1.7294 -2.5471 0.8051
v 1.6729 -2.6760 0.9362
v 1.7337 -2.6784 0.7817
v 1.7863 -2.6263 0.5622
v 1.1744 -2.3784 1.3183
v 0.9774 -2.4481 1.2974
v 0.7923 -2.3462 1.2719
v 0.9890 -2.5933 1.2710
v 1.5661 -2.6725 1.0931
v 1.8092 -2.5024 0.4846
v 0.8997 -2.2329 1.3200
v 1.2216 -1.9187 1.3756
v 1.0035 -2.0466 1.3778
v 0.7002 -2.2652 1.2176
v 1.2115 -2.1240 1.3514
v 1.2789 -2.2463 1.3241
v 1.6257 -2.0415 1.0566
v 1.4515 -2.0805 1.2512
v 1.5920 -2.2734 1.0957
v 1.0121 -1.8544 1.4045
v 0.8425 -2.0015 1.3417
v 1.3373 -2.0062 1.3260
v 1.4876 -1.7391 1.2408
v 0.8236 -1.8186 1.3557
v 1.2605 -1.6446 1.3901
v 1.0911 -1.7089 1.4039
v 1.8371 -2.1127 0.5144
v 1.8193 -2.2548 0.5265
v 1.7711 -2.3707 0.7128
v 1.7125 -2.2714 0.8897
v 1.7776 -2.4922 0.6479
v 1.7348 -2.0779 0.8519
v 1.8153 -1.9862 0.6622
v 1.6451 -2.3829 1.0098
v 1.6618 -2.1619 0.9894
v 1.7137 -2.4277 0.8701
v 0.6628 -2.1196 1.2190
v 0.7575 -1.5995 1.3450
v 1.0134 -1.3859 1.3981
v 0.6896 -1.4607 1.3249
v 0.5367 -1.3711 1.2272
v 0.9177 -1.5253 1.3941
v 1.1331 -1.5149 1.4054
v 1.3335 -1.4756 1.3439
v 1.4207 -1.1268 1.2497
v 1.4206 -1.3064 1.2688
v 1.6760 -1.2102 1.0049
v 1.2273 -1.2444 1.3635
v 1.5471 -1.2003 1.1499
v 1.6400 -1.0212 1.0330
v 0.4282 -1.3305 1.1298
v 1.2077 -0.9902 1.3397
v 0.9958 -1.1695 1.3800
v 1.6295 -0.7835 1.0146
v 1.2800 -1.1051 1.3258
v 1.4040 -0.9555 1.2433
v 1.8833 -1.4249 0.5703
v 1.9016 -1.2837 0.5061
v 1.8212 -1.2791 0.7833
v 1.8392 -1.4260 0.7485
v 1.6876 -1.5526 1.0082
v 1.8696 -1.7090 0.5651
v 1.7698 -1.8070 0.8357
v 1.8553 -1.8601 0.5571
v 1.8305 -1.7090 0.7273
v 1.7169 -1.9457 0.9215
v 1.6404 -1.7937 1.0563
v 1.7312 -1.6857 0.9316
v 1.6057 -1.6662 1.1181
v 1.5193 -1.9069 1.1983
v 1.8827 -0.9540 0.2368
v 1.8845 -0.6787 0.3403
v 1.8767 -0.5281 0.2625
v 1.8027 -0.6878 0.7059
v 1.0762 -3.1472 1.1919
v 1.7735 -3.0693 0.3012
v 1.7868 -2.9003 0.5564
v 1.7332 -2.9454 0.7419
v 1.7764 -3.0884 0.6221
v 1.7065 -3.0941 0.7827
v 1.7857 -3.2228 0.6140
v 1.8018 -3.0445 0.4759
v 1.7891 -0.0047 0.4031
v 1.7058 -0.1273 0.6765
v 1.6077 -0.2739 0.9142
v 1.7597 -0.2722 0.6387
v 1.8449 -0.3898 0.4966
v 1.8156 -0.5327 0.6211
v 0.3698 -1.1659 1.0986
v 0.9874 -0.8325 1.3531
v 0.8945 -0.7265 1.3365
v 1.8081 -3.7358 0.6531
v 1.6823 -3.6862 0.8112
v 1.5814 -3.8195 0.9150
v 1.3800 -3.9470 0.9379
v 1.6306 -3.9673 0.8396
v 1.4928 -4.0178 0.8739
v 1.2675 0.0481 1.1166
v 1.0684 -0.0819 1.2054
v 1.2571 -0.2539 1.1872
v 1.0520 -0.3100 1.2504
v 0.9465 -0.4481 1.2852
v 1.3740 -0.4491 1.1610
v 0.6802 -0.1497 1.2000
v 1.6557 -3.4250 0.8116
v 1.6818 -3.5532 0.7931
v 0.6773 -2.3980 1.1648
v 1.5429 -2.1567 1.1553
v 1.6642 -2.5455 0.9596
v 0.4950 -1.5123 1.1645
v 0.9002 -1.3042 1.3832
v 1.5544 -0.9216 1.1207
v 1.8303 -1.0747 0.7560
v 1.8675 -0.9596 0.5929
v 1.7363 -1.0769 0.9084
v 1.7286 -1.3739 0.9560
v 1.6143 -1.3506 1.0996
v 1.8294 -0.8331 0.6831
v 1.8652 -0.6821 0.5509
v 1.7345 -0.7730 0.8637
v 1.6856 -0.5997 0.8992
v 1.6384 -0.4413 0.9227
v 1.5200 -0.3978 1.0355
v 1.4842 -0.5901 1.1188
v 1.5299 -0.1731 0.9653
v 1.8560 -0.3216 0.3120
v 0.7877 -1.0502 1.3501
v 1.0027 -0.9992 1.3684
v 1.2108 -0.8078 1.3151
v 1.1832 -3.9771 0.9106
v 0.8387 -1.1630 1.3664
v 0.8163 -0.9045 1.3518
v 0.5972 -1.0384 1.3173
v 0.4779 -0.9759 1.2289
v 0.6503 -1.1822 1.3160
v 1.0751 -3.9697 0.8336
v 1.8663 -3.8953 0.5787
v 1.7928 -3.9640 0.7155
v 0.9630 0.0910 1.1988
v 1.3281 -1.7738 1.3470
v 1.4281 -1.6013 1.2932
v -1.0080 -4.0985 0.7267
v -1.0509 -4.1302 0.7553
v -1.1020 -4.1484 0.7780
v -1.1555 -4.1617 0.7954
v -1.2132 -4.1652 0.8093
v -1.2723 -4.1686 0.8226
v -1.3326 -4.1696 0.8336
v -1.3948 -4.1710 0.8393
v -1.4568 -4.1691 0.8386
v -1.5182 -4.1643 0.8348
v -1.5819 -4.1547 0.8232
v -1.6463 -4.1446 0.8105
v -1.7075 -4.1348 0.7889
v -1.7662 -4.1296 0.7615
v -1.8122 -4.1184 0.7110
v -1.8585 -4.1104 0.6620
v -1.8916 -4.0991 0.6015
v -1.9155 -4.0880 0.5361
v -1.9388 -4.0778 0.4701
v -1.9588 -4.0671 0.4005
v -1.9746 -4.0540 0.3303
v -1.9851 -4.0412 0.2593
v -1.9811 -4.0250 0.1859
v -1.9543 -4.0098 0.1244
v -1.9272 -3.9944 0.0621
v -1.8666 -3.8187 0.1049
v -1.8018 -3.6424 0.1431
v -1.7429 -3.4613 0.1717
v -1.6969 -3.2738 0.1841
v -1.6931 -3.0806 0.1590
v -1.6889 -2.8861 0.1370
v -1.6860 -2.6916 0.1135
v -1.6927 -2.4959 0.0935
v -1.7037 -2.2985 0.0816
v -1.7194 -2.0986 0.0800
v -1.7383 -1.8987 0.0880
v -1.7662 -1.6981 0.0971
v -1.7949 -1.4968 0.1090
v -1.8204 -1.2924 0.1231
v -1.8442 -1.0858 0.1327
v -1.8454 -1.0786 0.1338
v -1.8721 -0.8689 0.1508
v -1.8769 -0.6567 0.1717
v -1.8728 -0.4418 0.1907
v -1.8466 -0.2276 0.2071
v -1.7977 -0.0165 0.2242
v -1.7370 0.1924 0.2446
v -1.6650 0.3978 0.2716
v -1.6037 0.6061 0.3041
v -1.5584 0.8179 0.3407
v -1.5284 1.0327 0.3793
v -1.4648 1.2420 0.4111
v -1.3894 1.4463 0.4397
v -1.3182 1.6497 0.4703
v -1.2547 1.8507 0.5090
v -0.0252 1.4644 1.4570
v -0.0147 1.1774 1.4777
v -0.0070 0.8863 1.4416
v 0.0018 0.5970 1.3738
v 0.0130 0.3018 1.3121
v 0.0271 0.0011 1.2445
v 0.0429 -0.2878 1.1173
v 0.0632 -0.5852 0.9817
v 0.0385 -0.7792 0.7129
v -0.0942 -0.9201 0.7886
v -0.1914 -1.0812 0.8664
v -0.2654 -1.2548 0.9375
v -0.3357 -1.4336 0.9939
v -0.3961 -1.6147 1.0348
v -0.4495 -1.7984 1.0709
v -0.5038 -1.9874 1.0910
v -0.5504 -2.1801 1.0968
v -0.5928 -2.3737 1.1008
v -0.6369 -2.5606 1.0873
v -0.6793 -2.7429 1.0694
v -0.7210 -2.9261 1.0403
v -0.7599 -3.1086 1.0116
v -0.7936 -3.2846 0.9736
v -0.8320 -3.4533 0.9282
v -0.8738 -3.6179 0.8806
v -0.9197 -3.7788 0.8299
v -0.9664 -3.9374 0.7779
v -1.1713 1.3501 0.9776
v -0.5206 1.2996 1.4248
v -1.0338 1.5620 1.0910
v -0.3323 1.4841 1.4591
v -0.7147 1.5365 1.3162
v -1.5610 -3.1073 0.9789
v -1.6820 -3.5897 0.7879
v -1.5591 -2.1052 1.1255
v -1.8887 -3.7844 0.4642
v -1.7700 -3.0208 0.5772
v -1.8279 -3.4071 0.5025
v -1.7759 -2.2466 0.6411
v -1.7406 -1.4375 0.9116
v -1.9040 -3.7544 0.2616
v -1.9503 -3.9018 0.2656
v -1.8522 -3.5874 0.3916
v -1.7778 -3.0017 0.3374
v -1.7647 -2.6363 0.5758
v -1.7966 -3.3839 0.3093
v -1.7953 -3.2080 0.4055
v -1.8321 -1.8335 0.5895
v -1.8012 -2.2164 0.3389
v -1.8859 -1.4095 0.5128
v -1.8184 -3.5634 0.2415
v -1.7734 -2.6082 0.3160
v -1.7899 -3.0959 0.4644
v -1.7598 -3.1111 0.2947
v -1.8389 -1.8141 0.3171
v -1.7594 -2.2029 0.1730
v -1.8702 -1.4005 0.2884
v -1.7771 -2.8162 0.4396
v -1.8586 -1.6079 0.3234
v -1.8970 -1.1689 0.4047
v -1.7806 -2.9367 0.4507
v -1.7462 -2.8015 0.2534
v -1.8691 -1.1895 0.2381
v -1.2078 -0.5138 1.2590
v -1.2951 -3.8585 1.0134
v -1.2981 1.4754 0.7169
v -1.2327 1.6713 0.7448
v -1.2893 1.6083 0.6283
v -1.2097 1.5167 0.8719
v -1.3307 0.9785 0.8533
v -0.4481 0.8295 1.3915
v -0.2827 1.0688 1.4636
v -0.1718 1.3355 1.4816
v -0.1871 1.5706 1.4494
v -0.5279 1.4919 1.4015
v -0.8523 1.2336 1.2693
v -1.1710 -3.3003 1.1948
v -1.2907 -2.6766 1.2601
v -1.0620 -2.1021 1.3764
v -1.1066 -1.3826 1.4011
v -1.9164 -3.9321 0.4583
v -1.8118 -3.6524 0.6151
v -1.7534 -3.8779 0.7405
v -1.8524 -3.8724 0.5951
v -1.7735 -3.5066 0.6483
v -1.6397 -3.3192 0.8312
v -1.7527 -3.2069 0.6620
v -1.6791 -3.4419 0.7709
v -1.7263 -3.7323 0.7553
v -1.5491 -3.8431 0.9293
v -1.6699 -3.1419 0.8186
v -1.7056 -2.8760 0.7912
v -1.6645 -3.0151 0.8597
v -1.7926 -2.4152 0.4942
v -1.7809 -2.4053 0.2613
v -1.8272 -2.0451 0.4922
v -1.8131 -2.0122 0.2612
v -1.7806 -2.6929 0.4514
v -1.8639 -1.7166 0.4608
v -1.8177 -1.6268 0.7414
v -1.8838 -1.0103 0.3039
v -1.7285 -0.8661 0.8947
v -1.8564 -0.9752 0.6268
v -1.8994 -1.0368 0.4830
v -1.8971 -0.8141 0.4024
v -1.6674 -0.2825 0.8230
v -0.6326 -0.8673 1.3144
v -0.7535 -0.0511 1.2162
v -1.0876 -3.8723 0.9249
v -1.1256 -3.6549 1.0615
v -1.2051 -4.0150 0.9166
v -1.1500 -3.7862 1.0261
v -1.0071 -3.7291 0.9590
v -1.3978 -3.9596 0.9305
v -1.5867 -3.9912 0.8556
v -1.0880 -3.9723 0.8471
v -1.7363 -4.0021 0.7805
v -1.3799 1.2797 0.6566
v -1.4593 1.0745 0.6261
v -1.4463 0.5548 0.8325
v -0.2054 0.7770 1.4140
v -0.3335 0.9171 1.4353
v -0.3055 0.4888 1.3344
v -0.1742 0.5815 1.3640
v -0.1111 1.0440 1.4629
v -0.3355 1.2632 1.4847
v -0.7170 1.3395 1.3360
v -0.8772 1.4786 1.2331
v -0.6217 1.0760 1.3724
v -0.8968 1.6625 1.1996
v -0.9469 -3.3558 1.1063
v -1.0338 -3.1037 1.1881
v -1.0946 -3.4773 1.1079
v -1.0474 -3.2339 1.1665
v -0.8944 -3.2022 1.1013
v -1.4147 -3.4292 1.0781
v -1.5480 -3.4707 0.9415
v -0.9816 -3.5871 1.0238
v -1.2615 -3.4157 1.1538
v -1.3955 -3.2412 1.1017
v -1.2857 -3.5651 1.1183
v -0.9416 -3.4721 1.0461
v -1.2879 -3.0879 1.1794
v -1.5290 -3.2724 0.9742
v -1.4411 -3.0904 1.0974
v -1.4651 -2.8364 1.1469
v -1.4100 -2.9741 1.1418
v -1.2044 -2.9038 1.2363
v -1.5931 -2.9088 0.9989
v -1.2923 -3.2048 1.1653
v -1.6652 -2.5867 0.9234
v -1.6781 -2.7511 0.8882
v -1.5926 -2.7231 1.0445
v -1.4675 -2.6740 1.1729
v -1.4666 -2.3940 1.2080
v -1.4221 -2.5485 1.2189
v -1.5927 -2.4778 1.0635
v -1.7256 -2.6161 0.7549
v -1.7339 -2.4261 0.7589
v -1.7338 -2.7398 0.7156
v -1.6109 -2.2763 1.0448
v -1.7596 -2.5015 0.6404
v -1.7259 -2.0588 0.8357
v -1.7076 -2.2844 0.8522
v -1.6498 -2.1326 0.9821
v -1.6752 -2.4229 0.9153
v -0.9619 -2.7822 1.2347
v -0.8844 -2.3895 1.2889
v -0.7774 -1.9818 1.3301
v -0.7041 -1.5447 1.3327
v -1.8013 -3.2820 0.5517
v -1.7549 -2.8876 0.6209
v -1.8028 -2.2863 0.4929
v -1.7871 -2.5322 0.4402
v -1.8408 -1.9095 0.4473
v -1.5999 -1.7561 1.0996
v -1.8335 -1.4512 0.7176
v -1.8550 -1.2138 0.6856
v -1.8655 -1.5714 0.5505
v -1.8338 -0.7598 0.6501
v -1.7967 -0.1870 0.5215
v -0.3875 -1.0274 1.1275
v -0.4285 -0.5268 1.1337
v -0.3326 -0.2200 1.1434
v -1.3534 1.4118 0.5991
v -1.2769 1.3071 0.8230
v -1.3241 1.1491 0.8035
v -1.4678 0.8134 0.7160
v -1.5538 0.6465 0.5696
v -1.5845 0.1492 0.7986
v -0.1867 0.2190 1.2953
v -0.6385 0.3063 1.2353
v -0.4280 0.3274 1.2805
v -0.6164 0.6327 1.3080
v -0.4119 0.0534 1.2391
v -0.6023 0.4583 1.2690
v -1.0540 0.6784 1.1579
v -0.8238 0.6120 1.2366
v -0.4688 0.5008 1.3113
v -0.1768 -0.0320 1.2293
v -0.8532 0.9203 1.2720
v -0.9272 0.4083 1.1860
v -0.3116 0.1455 1.2655
v -0.2750 -0.1124 1.1925
v -0.1170 -0.3421 1.0892
v -0.7804 0.7480 1.2834
v -0.6508 0.8589 1.3396
v -0.9362 0.5506 1.2023
v -0.2227 -0.5038 1.0197
v -0.4650 1.1157 1.4299
v -0.8881 -2.9980 1.1622
v -0.8423 -2.8785 1.1566
v -1.0446 -2.9738 1.2173
v -1.5357 -3.6613 0.9606
v -1.6245 -3.7321 0.8796
v -1.4344 -3.7761 0.9882
v -1.3859 -3.6547 1.0465
v -1.4447 -3.5368 1.0349
v -1.1802 -3.0325 1.2271
v -1.3417 -2.7931 1.2198
v -1.7818 -2.1029 0.6705
v -1.7914 -1.9601 0.6964
v -1.7126 -1.8580 0.9071
v -0.8396 -2.6152 1.2368
v -1.1370 -2.7896 1.2647
v -0.7183 -2.4393 1.1898
v -0.7486 -2.2210 1.2747
v -0.6236 -2.0463 1.2038
v -0.6391 -1.8091 1.2719
v -0.5337 -1.6396 1.1926
v -0.5367 -1.3855 1.2304
v -0.5788 -1.5038 1.2569
v -1.7120 -1.6267 0.9494
v -1.7544 -1.7272 0.8524
v -1.8869 -1.2654 0.5328
v -1.7564 -1.0831 0.8653
v -1.8084 -0.8956 0.7475
v -1.7124 -0.5699 0.8431
v -1.8884 -0.6001 0.4211
v -1.8290 -0.1428 0.3356
v -1.7461 0.0323 0.4933
v -0.2805 -1.1132 0.9941
v -0.2958 -0.8680 1.0087
v -1.4349 0.9476 0.7374
v -1.5250 0.8823 0.5167
v -1.5778 0.6904 0.4091
v -1.6087 0.4413 0.5292
v -1.4893 0.6761 0.7141
v -0.6390 0.0875 1.2080
v -0.7818 0.2523 1.1990
v -0.5429 -0.1164 1.1784
v -0.6218 -0.2935 1.1923
v -1.2955 0.7171 0.9746
v -0.7874 1.0588 1.3090
v -0.1743 -0.7164 0.9015
v -0.2914 -0.5871 1.0210
v -0.0601 -0.6225 0.9301
v -1.6016 -1.9306 1.0836
v -1.3676 -1.9937 1.3038
v -1.4962 -2.0054 1.2016
v -0.8168 -2.7408 1.1778
v -0.7211 -2.6379 1.1346
v -1.1497 -2.4797 1.3066
v -1.1202 -2.6396 1.2874
v -0.6316 -2.2570 1.1637
v -0.8836 -2.0862 1.3431
v -0.9207 -2.2331 1.3271
v -1.1443 -2.2778 1.3377
v -1.3776 -2.1970 1.2780
v -1.0369 -2.4089 1.3189
v -1.2308 -2.1215 1.3493
v -1.4981 -2.2480 1.1875
v -0.5327 -1.8648 1.1511
v -0.9836 -1.6887 1.4116
v -1.0474 -1.8848 1.3989
v -0.8879 -1.8393 1.3771
v -1.3537 -1.6654 1.3353
v -1.2033 -1.9572 1.3740
v -1.2225 -1.7989 1.3903
v -1.5616 -1.5121 1.1555
v -0.4290 -1.4764 1.1094
v -0.4239 -1.2417 1.1474
v -1.8405 -1.0881 0.7335
v -1.7581 -1.2610 0.8724
v -1.5440 -1.2109 1.1496
v -1.6695 -1.1883 1.0026
v -1.6163 -1.3487 1.0868
v -1.6078 -1.0117 1.0652
v -1.2783 -1.0428 1.3187
v -1.5388 -0.7546 1.1110
v -1.4525 -1.0775 1.2170
v -1.3401 -1.2870 1.3087
v -1.4258 -0.9075 1.2194
v -1.4640 -1.3890 1.2371
v -1.1612 -0.7959 1.3320
v -1.3653 -0.7507 1.2398
v -1.2706 -0.8943 1.3026
v -1.2513 -0.6521 1.2733
v -1.5043 -0.4789 1.0742
v -1.4715 -0.6292 1.1372
v -1.6170 -0.8600 1.0390
v -1.1909 -1.2101 1.3776
v -0.8384 -1.2400 1.3685
v -1.0054 -1.0228 1.3704
v -1.0087 -1.2682 1.3892
v -0.8927 -1.4390 1.3881
v -1.0225 -1.5339 1.4102
v -1.2592 -1.5202 1.3900
v -1.7575 -0.7108 0.8035
v -1.8187 -0.5602 0.6297
v -1.7642 -0.3969 0.6916
v -1.8674 -0.3794 0.4402
v -1.7024 -0.1097 0.6839
v -1.5141 -0.1124 0.9660
v -1.6604 0.0492 0.6818
v -1.6643 0.2472 0.5529
v -1.6192 -0.1575 0.8504
v -1.5119 -0.2947 1.0218
v -1.3680 -0.4015 1.1540
v -1.0736 -0.1987 1.2226
v -1.1849 -0.3313 1.2254
v -1.3678 -0.2215 1.1172
v -0.8106 -0.5401 1.2993
v -1.0230 -0.4707 1.2914
v -0.9448 -0.6975 1.3333
v -0.1945 -0.9547 0.8888
v -0.4496 -0.8413 1.1930
v -0.3936 -0.7059 1.1107
v -0.5854 -0.5862 1.2306
v -0.7244 -0.4008 1.2477
v -0.6739 -0.6980 1.2997
v -0.8530 -0.2036 1.2371
v -1.5349 0.4947 0.6921
v -1.5694 0.3232 0.7241
v -0.4193 -0.3708 1.1137
v -1.1960 0.8672 1.0451
v -1.0225 0.8636 1.1783
v -1.1502 1.1020 1.0647
v -0.9864 1.1106 1.2045
v -1.2309 1.0165 0.9727
v -1.0269 1.3084 1.1406
v -1.1595 0.5229 1.1146
v -1.3194 0.5547 0.9843
v -1.3228 0.2284 1.0440
v -1.3784 0.4033 0.9675
v -1.4772 0.2381 0.9051
v -1.3408 0.0013 1.0831
v -1.0417 0.2053 1.1609
v -1.0693 0.3650 1.1380
v -1.2417 0.4094 1.0759
v -1.0472 -0.0005 1.2032
v -0.9216 0.0624 1.2036
v -1.1710 0.1412 1.1443
v -1.1778 -0.0557 1.1697
v -1.3211 -2.3635 1.2952
v -1.5046 -1.6695 1.2178
v -1.4705 -1.8387 1.2414
v -0.5309 -1.0729 1.2832
v -0.7738 -0.9972 1.3446
v -0.8192 -0.8392 1.3488
v -0.6750 -1.1699 1.3249
v -1.1684 -1.6665 1.4015
v -1.7138 0.2761 0.3727
v -1.4923 0.0382 0.9510
v -0.9828 -0.8797 1.3583
v -0.5379 -1.2518 1.2518
v -1.1419 1.6850 0.9191
v -0.7911 -1.6798 1.3575
v -1.6470 -0.4436 0.9132
v -0.9299 -0.3548 1.2620
v 0.9929 -4.0259 0.7320
v 0.9511 -4.0233 0.6816
v 0.9235 -4.0201 0.6227
v 0.8998 -4.0240 0.5614
v 0.8773 -4.0257 0.4976
v 0.8650 -4.0354 0.4304
v 0.8516 -4.0382 0.3643
v 0.8478 -4.0489 0.2963
v 0.8577 -4.0544 0.2276
v 0.8836 -4.0555 0.1603
v 0.9216 -4.0500 0.0983
v 0.9588 -4.0435 0.0355
v 0.9990 -4.0378 -0.0279
v 1.0506 -4.0303 -0.0826
v 1.1063 -4.0213 -0.1314
v 1.1809 -4.0120 -0.1554
v 1.2591 -4.0029 -0.1741
v 1.3394 -3.9951 -0.1883
v 1.4222 -3.9861 -0.1998
v 1.5025 -3.9786 -0.1906
v 1.5816 -3.9713 -0.1792
v 1.6641 -3.9574 -0.1534
v 1.7397 -3.9590 -0.1084
v 1.8090 -3.9573 -0.0557
v 1.8752 -3.9529 0.0004
v 0.0448 1.6675 -0.3182
v 0.0383 1.4244 -0.4020
v 0.0328 1.1858 -0.4956
v 0.0282 0.9506 -0.5959
v 0.0244 0.7158 -0.6948
v 0.0191 0.4710 -0.7733
v 0.0204 0.2192 -0.8094
v 0.0125 -0.0406 -0.7849
v 0.0039 -0.2989 -0.6965
v 0.0047 -0.4907 -0.4876
v -0.0017 -0.6547 -0.2436
v 0.0055 -0.7927 0.0360
v 0.0207 -0.7929 0.3599
v 0.0549 -0.7851 0.6908
v 0.0548 -0.7915 0.6918
v 0.1662 -0.9857 0.7870
v 0.2259 -1.1965 0.8856
v 0.3096 -1.4115 0.9545
v 0.3851 -1.6301 1.0050
v 0.4473 -1.8588 1.0356
v 0.5079 -2.0885 1.0555
v 0.5644 -2.3171 1.0677
v 0.6155 -2.5425 1.0618
v 0.6683 -2.7678 1.0398
v 0.7217 -2.9899 1.0089
v 0.7677 -3.2101 0.9739
v 0.8188 -3.4219 0.9221
v 0.8731 -3.6298 0.8660
v 0.9335 -3.8306 0.8022
v 1.8197 -3.7780 0.0528
v 1.7630 -3.6045 0.1042
v 1.7105 -3.4260 0.1437
v 1.6755 -3.2382 0.1571
v 1.6793 -3.0453 0.1335
v 1.6797 -2.8491 0.1173
v 1.6893 -2.6523 0.1007
v 1.7027 -2.4542 0.0870
v 1.7160 -2.2543 0.0803
v 1.7329 -2.0536 0.0795
v 1.7481 -1.8515 0.0842
v 1.7718 -1.6485 0.0851
v 1.7925 -1.4443 0.0874
v 1.8110 -1.2399 0.0892
v 1.8270 -1.0356 0.0902
v 1.8485 -0.8275 0.1042
v 1.8622 -0.6175 0.1204
v 1.8629 -0.4044 0.1385
v 1.8318 -0.1916 0.1575
v 1.7804 0.0177 0.1776
v 1.7203 0.2241 0.2011
v 1.6474 0.4272 0.2305
v 1.5924 0.6353 0.2659
v 1.5505 0.8455 0.3076
v 1.5215 1.0570 0.3533
v 1.4607 1.2597 0.3948
v 1.3853 1.4573 0.4338
v 1.3165 1.6556 0.4754
v 0.8353 -3.2951 0.0403
v 1.2156 -3.6180 -0.0489
v 0.7743 -3.6730 0.1723
v 1.2783 1.6270 0.0613
v 0.6559 1.4310 -0.3176
v 0.9845 1.6656 -0.1629
v 1.2410 1.8053 0.1257
v 0.4165 1.6502 -0.2882
v 0.9666 1.8303 -0.1305
v 1.3239 1.6830 0.2641
v 1.1452 1.7245 -0.0423
v 1.0021 -0.6837 -0.6847
v 1.0695 0.5517 -0.6678
v 1.3902 1.4112 0.1683
v 1.4451 -0.1328 -0.5120
v 1.4831 -0.7842 -0.3646
v 1.4556 0.5673 -0.2607
v 1.4299 1.3847 0.3260
v 1.4523 1.1990 0.1485
v 1.6730 -0.0957 -0.1819
v 1.6993 -0.5357 -0.1966
v 1.6484 -0.9565 -0.1789
v 1.5718 0.5541 0.0035
v 1.1415 1.2836 -0.2027
v 1.7711 -0.0862 0.0101
v 1.7492 -0.3076 -0.1028
v 1.6778 0.1267 -0.0730
v 1.7965 -0.5181 -0.0121
v 1.7365 -0.7347 -0.1050
v 1.7683 -0.9410 -0.0290
v 1.6988 -1.1482 -0.1124
v 1.3218 1.3058 -0.0312
v 1.1875 1.4833 -0.1030
v 1.3016 1.4808 0.0304
v 0.9576 1.4450 -0.2375
v 0.6631 -2.3121 -0.0235
v 0.7598 -3.7336 0.5143
v 0.6036 -3.1207 0.4975
v 1.1513 -2.9270 -0.0988
v 1.3518 -3.3345 -0.0462
v 1.5339 -3.6984 -0.0705
v 0.5243 1.0364 -0.5239
v 0.2392 1.5237 -0.3479
v 0.4481 1.4707 -0.3395
v 0.5191 1.2518 -0.4128
v 0.8672 1.1213 -0.3914
v 0.2952 1.1558 -0.4889
v 0.3065 1.3394 -0.4079
v 0.6714 1.1344 -0.4393
v 0.7684 1.2778 -0.3471
v 0.9641 1.2566 -0.2970
v 0.2969 0.9356 -0.6027
v 0.1560 1.0605 -0.5442
v 0.6424 0.6995 -0.7539
v 0.1587 0.8310 -0.6596
v 0.3918 0.7474 -0.7205
v 0.5641 0.8630 -0.6359
v 0.7803 0.9481 -0.5313
v 0.4036 0.4046 -0.9089
v 1.1957 0.8646 -0.3777
v 1.1127 1.0738 -0.3129
v 0.4692 0.5883 -0.8256
v 0.2375 0.5414 -0.8216
v 0.9983 0.9434 -0.4532
v 1.3572 1.0439 -0.1021
v 0.1828 0.3442 -0.8837
v 0.3730 0.0032 -0.9655
v 0.1936 0.1221 -0.9152
v 0.2194 0.7008 -0.7539
v 1.0579 0.7542 -0.5545
v 1.2569 0.9851 -0.2552
v 1.4251 0.8023 -0.1456
v 1.2756 1.1821 -0.1423
v 1.4932 0.9926 0.1132
v 0.3829 0.2099 -0.9618
v 0.8080 0.2840 -0.8954
v 0.6171 0.1105 -0.9740
v 0.6472 0.4507 -0.8899
v 1.2792 0.6526 -0.4440
v 0.8796 0.6787 -0.7032
v 1.5361 0.7646 0.0745
v 1.4338 0.9233 -0.0377
v 1.0245 -0.1389 -0.8480
v 0.5627 0.2844 -0.9418
v 1.3228 0.7677 -0.3062
v 0.8803 0.4818 -0.8001
v 0.7621 0.8078 -0.6453
v 0.8652 0.0387 -0.9100
v 0.9178 0.8458 -0.5658
v 1.1374 0.2298 -0.7200
v 0.9898 0.3321 -0.8017
v 0.5982 -0.3450 -0.9016
v 1.0666 0.0506 -0.8098
v 1.2989 0.0473 -0.6282
v 1.3399 0.3830 -0.4936
v 0.5635 -0.1249 -0.9661
v 0.7913 -0.1871 -0.9262
v 1.3572 0.5213 -0.4095
v 0.9129 -0.4492 -0.8263
v 0.9124 -0.2900 -0.8659
v 0.4818 -1.3427 -0.1424
v 0.3887 -0.8313 -0.4415
v 1.3691 1.5312 0.2663
v 1.5589 -0.3668 -0.3901
v 1.5354 0.0732 -0.3403
v 1.5711 0.3465 -0.1675
v 1.6581 0.3408 0.0409
v 1.6060 -0.8222 -0.2347
v 1.6103 -0.6759 -0.2699
v 1.4695 -0.5865 -0.4485
v 0.7941 1.5793 -0.2507
v 0.6020 1.5893 -0.2803
v 0.5943 1.7760 -0.2386
v 0.7820 1.8199 -0.1957
v 0.4674 -2.5033 0.4817
v 0.3135 -1.9057 0.3429
v 1.1299 -1.9386 -0.2186
v 0.8174 -3.7290 0.7012
v 0.7142 -3.5086 0.6644
v 0.8298 -3.8709 0.5681
v 0.7807 -3.6006 0.7483
v 0.6312 -3.1135 0.7724
v 1.4538 -2.9407 -0.0517
v 1.2516 -2.5369 -0.1650
v 1.5562 -3.3348 0.0316
v 1.4980 -3.5086 -0.0322
v 1.4440 -3.1532 -0.0388
v 1.6191 -3.4477 0.0237
v 1.5696 -3.2104 0.0396
v 1.6951 -3.6918 0.0001
v 1.6486 -3.8247 -0.0936
v 1.4194 -3.8248 -0.1309
v 1.3635 -3.7010 -0.0844
v 0.1436 1.2959 -0.4425
v 0.1900 -0.1904 -0.8655
v 0.3793 -0.2865 -0.8936
v 0.3475 -0.6119 -0.6849
v 0.4257 -0.4587 -0.8224
v 0.6303 -0.6008 -0.7741
v 0.1797 -0.4791 -0.7031
v 0.1299 -0.3439 -0.7658
v 1.4955 0.6630 -0.1073
v 1.2434 -0.1801 -0.6993
v 1.3697 -0.3587 -0.5947
v 1.4564 -0.4594 -0.5080
v 1.2502 -0.6141 -0.5980
v 1.1541 -0.3986 -0.7373
v 1.0841 -0.9408 -0.4680
v 1.1371 -0.5545 -0.6977
v 1.1161 -0.7941 -0.5783
v 1.2866 -0.8296 -0.4710
v 1.3225 -1.0828 -0.3278
v 1.4664 -0.9449 -0.3265
v 1.3368 -0.6935 -0.5055
v 1.2489 -0.9749 -0.4060
v 1.1848 0.4056 -0.6406
v 1.3015 0.2235 -0.5882
v 1.4505 0.2387 -0.4021
v 0.1328 -1.2820 0.3081
v 0.1618 -0.7816 -0.2919
v 1.6512 -0.2483 -0.2608
v 1.6724 -0.3995 -0.2479
v 1.6352 0.0362 -0.2023
v 1.5605 -0.0864 -0.3502
v 1.4275 0.0226 -0.4918
v 1.5366 0.4820 -0.1441
v 1.5871 0.1988 -0.2229
v 0.4893 -2.4695 0.7965
v 0.3696 -2.0548 0.6831
v 0.2356 -1.6375 0.6099
v 1.4806 -1.9485 -0.1273
v 1.3582 -1.5428 -0.2189
v 0.6868 -3.3241 0.7782
v 0.6546 -3.3567 0.4972
v 0.6760 -3.3916 0.6341
v 0.8998 -3.9028 0.6832
v 0.6962 -3.1077 0.9133
v 0.5943 -2.8991 0.8348
v 1.5950 -2.9464 0.0460
v 1.5085 -2.7437 -0.0435
v 1.4640 -2.3479 -0.1131
v 1.2834 -3.4746 -0.0430
v 1.3865 -3.5833 -0.0603
v 1.0237 -3.4596 -0.0203
v 1.1806 -3.1513 -0.0749
v 1.3101 -3.0314 -0.0928
v 0.7256 -0.4501 -0.8621
v 0.8269 -0.6350 -0.7571
v 0.6962 -0.8872 -0.5286
v 0.6288 -0.7689 -0.6418
v 0.8138 -0.7820 -0.6590
v 0.9056 -0.9014 -0.5328
v 0.7679 -1.1366 -0.3241
v 1.0303 -1.1165 -0.3609
v 0.8933 -1.0292 -0.4374
v 0.6616 -1.0216 -0.3777
v 0.5222 -1.1599 -0.2081
v 0.4721 -0.9427 -0.3336
v 0.2722 -1.2456 -0.0064
v 0.5376 -0.8591 -0.4875
v 0.4891 -1.0490 -0.2542
v 0.4038 -1.2541 -0.1266
v 0.1093 -0.6338 -0.5013
v 1.5152 -1.1290 -0.2381
v 1.5365 -1.3474 -0.1726
v 1.5785 -1.2215 -0.1720
v 0.1337 -1.1892 0.5956
v 0.0977 -0.9965 0.1900
v 0.2648 -1.0168 -0.0889
v 0.3034 -0.9134 -0.2404
v 0.2462 -0.8360 -0.2952
v 0.1312 -0.9030 -0.0294
v 0.0599 -0.8721 0.2359
v 0.0821 -0.9239 0.4593
v 0.0608 -0.8393 0.0233
v 0.1021 -1.0980 0.3826
v 0.1170 -1.0290 0.5832
v 0.1675 -1.1254 0.1173
v 0.0570 -0.7507 -0.1861
v 0.5467 -2.4461 0.9601
v 0.4526 -2.2439 0.8456
v 0.4180 -2.0103 0.8928
v 0.3183 -1.8209 0.7626
v 0.2764 -1.5777 0.8293
v 0.1981 -1.3940 0.6842
v 1.6462 -1.9521 -0.0256
v 1.5829 -1.7504 -0.0897
v 0.6322 -3.2210 0.6182
v 0.6604 -3.2745 0.2562
v 0.7047 -3.5679 0.4179
v 0.5872 -2.9958 0.6536
v 0.5186 -2.7409 0.6027
v 0.5590 -2.8545 0.6841
v 0.5509 -2.6751 0.8509
v 0.5036 -2.6079 0.7043
v 1.3029 -2.7900 -0.1270
v 0.9922 -2.6847 -0.1146
v 1.3634 -2.6551 -0.1190
v 1.1791 -2.6796 -0.1357
v 1.6174 -2.3535 -0.0079
v 1.5449 -2.1496 -0.0837
v 0.9720 -3.6533 0.0093
v 1.1603 -3.8045 -0.0762
v 1.3230 -3.2113 -0.0671
v 1.1304 -3.3223 -0.0511
v 0.9798 -3.3350 -0.0234
v 0.8684 -3.0344 -0.0045
v 0.4612 -0.7150 -0.6212
v 0.2849 -0.7351 -0.5011
v 1.1436 -1.3471 -0.2885
v 1.3333 -1.2388 -0.2762
v 1.3261 -1.3927 -0.2467
v 1.1644 -1.2008 -0.3291
v 1.7050 -1.3044 -0.0658
v 0.3350 -1.1184 -0.1080
v 0.4087 -2.2783 0.5543
v 0.2714 -1.8137 0.5416
v 0.3236 -1.9732 0.5213
v 0.3724 -1.7749 0.9266
v 0.1469 -1.3388 0.4947
v 1.3315 -1.7879 -0.1990
v 1.6106 -1.5376 -0.0990
v 0.6315 -3.2499 0.4183
v 0.7668 -3.4720 0.1221
v 0.7165 -3.6091 0.5453
v 0.7518 -3.7251 0.3314
v 0.8580 -3.8611 0.1421
v 0.8002 -3.8781 0.3696
v 1.5408 -2.5491 -0.0455
v 1.2250 -2.1787 -0.2069
v 1.0677 -3.5766 -0.0210
v 1.2758 -3.8845 -0.1304
v 1.0437 -3.0387 -0.0644
v 1.0047 -3.1862 -0.0389
v 0.6969 -3.1032 0.1416
v 0.8621 -1.3129 -0.2801
v 0.4492 -2.4061 0.6386
v 0.4067 -2.1907 0.6993
v 0.4864 -2.3507 0.2428
v 0.4080 -2.1263 0.2850
v 1.3149 -1.9253 -0.1973
v 1.4524 -1.6638 -0.1717
v 1.5002 -1.4736 -0.1739
v 1.7045 -1.4317 -0.0465
v 1.7306 -1.5500 0.0078
v 0.7408 -3.3419 0.1282
v 0.8731 -3.4266 0.0312
v 0.8325 -3.6010 0.0772
v 0.7144 -3.5322 0.2591
v 0.8936 -3.7590 0.0608
v 0.8277 -3.9397 0.2319
v 1.4064 -2.4745 -0.1232
v 1.2260 -2.3642 -0.1944
v 0.9631 -2.4672 -0.1553
v 1.3821 -2.0824 -0.1616
v 1.3962 -2.2212 -0.1514
v 0.8287 -3.1582 0.0344
v 0.6159 -3.1135 0.3099
v 0.5595 -2.9109 0.4267
v 0.8837 -1.1959 -0.3207
v 0.8724 -1.6529 -0.2193
v 0.6779 -1.2714 -0.2324
v 0.4453 -2.3766 0.4149
v 0.3740 -2.1312 0.4885
v 0.5160 -2.2219 0.1125
v 0.7065 -1.9941 -0.1271
v 0.6357 -2.1423 -0.0469
v 0.4742 -1.9568 0.0703
v 0.9166 -2.1658 -0.1817
v 0.4677 -2.0870 0.1228
v 1.0632 -2.2718 -0.1905
v 0.8582 -2.3232 -0.1338
v 0.7692 -2.2166 -0.1181
v 0.6672 -3.3930 0.3278
v 0.6900 -2.5817 0.0209
v 0.7530 -2.4482 -0.0600
v 0.5965 -2.4381 0.0858
v 0.5408 -2.5810 0.2401
v 0.6495 -2.8333 0.1324
v 0.9386 -1.4701 -0.2576
v 1.1493 -1.5109 -0.2561
v 1.1923 -1.6686 -0.2371
v 0.6366 -1.5226 -0.1694
v 0.7071 -1.3955 -0.2188
v 0.7957 -1.5469 -0.2144
v 0.5904 -1.7611 -0.0974
v 0.9184 -1.9992 -0.1956
v 0.8224 -1.8338 -0.1863
v 1.0817 -2.0816 -0.2102
v 1.0143 -1.7617 -0.2262
v 1.1653 -1.8148 -0.2251
v 0.8535 -2.5779 -0.0906
v 0.5294 -2.7328 0.3651
v 0.4971 -2.6385 0.4968
v 0.5860 -2.7133 0.2019
v 0.5781 -2.8506 0.2824
v 0.6139 -2.9905 0.2450
v 0.7188 -2.9747 0.0880
v 0.5778 -1.9024 -0.0655
v 0.3461 -1.7326 0.1226
v 0.2461 -1.6931 0.3580
v 0.1990 -1.4991 0.2677
v 0.3680 -1.8641 0.1754
v 0.3898 -1.5326 -0.0053
v 0.1903 -1.5031 0.4910
v 0.2169 -1.3713 0.1328
v 0.5023 -1.4623 -0.1183
v 0.5101 -1.6320 -0.0836
v 0.2869 -1.5972 0.1551
v 0.3415 -1.4015 -0.0154
v 0.2286 1.7503 -0.2799
v 0.9269 -2.8567 -0.0575
v 0.7863 -2.7220 -0.0233
v 1.0028 -3.8817 -0.0208
v -0.8721 -4.2391 0.7616
v -0.8386 -4.4240 0.8163
v -0.8261 -4.6080 0.8786
v -0.7486 -4.7815 0.9199
v -0.6675 -4.9529 0.9598
v -0.6259 -5.1397 0.9892
v -0.5875 -5.3277 1.0147
v -0.5529 -5.5167 1.0372
v -0.5210 -5.7065 1.0568
v -0.4888 -5.8965 1.0756
v -0.4640 -6.0879 1.0919
v -0.4379 -6.2795 1.1077
v -0.4154 -6.4721 1.1214
v -0.3953 -6.6650 1.1366
v -0.3743 -6.8579 1.1511
v -0.3551 -7.0512 1.1646
v -0.3418 -7.2445 1.1826
v -0.3292 -7.4377 1.2014
v -0.3218 -7.6305 1.2254
v -0.4621 -7.6533 1.0865
v -0.6203 -7.6730 0.9675
v -0.7720 -7.6904 0.8401
v -0.8437 -7.7028 0.6553
v -0.8005 -7.7066 0.4617
v -0.6625 -7.7018 0.3188
v -0.5010 -7.6924 0.2030
v -0.3967 -7.6787 0.0346
v -0.3774 -7.6625 -0.1623
v -0.4245 -7.6467 -0.3546
v -0.5196 -7.6316 -0.5282
v -0.6503 -7.6171 -0.6768
v -0.8166 -7.6051 -0.7846
v -0.9971 -7.5938 -0.8668
v -1.1856 -7.5825 -0.9280
v -1.3812 -7.5712 -0.9603
v -1.5792 -7.5607 -0.9501
v -1.7677 -7.5512 -0.8884
v -1.9526 -7.5415 -0.8158
v -2.1333 -7.5309 -0.7331
v -2.3114 -7.5190 -0.6446
v -2.4893 -7.5055 -0.5560
v -2.6640 -7.4910 -0.4617
v -2.8247 -7.4773 -0.3456
v -2.8974 -7.4763 -0.1610
v -2.7907 -7.5095 0.0030
v -2.6122 -7.5474 0.0817
v -2.4325 -7.5822 0.1589
v -2.2882 -7.6077 0.2929
v -2.2692 -7.6200 0.4901
v -2.3684 -7.6233 0.6622
v -2.4836 -7.6238 0.8243
v -2.5763 -7.6231 1.0001
v -2.5614 -7.6262 1.1980
v -2.3900 -7.6572 1.2930
v -2.2021 -7.6984 1.2439
v -2.0194 -7.7324 1.1742
v -1.8479 -7.7191 1.2729
v -1.6710 -7.7144 1.3634
v -1.4829 -7.7286 1.4264
v -1.2858 -7.7404 1.4036
v -1.1240 -7.7480 1.2883
v -0.9503 -7.7451 1.1919
v -0.7592 -7.7168 1.2375
v -0.6278 -7.6761 1.3811
v -0.4605 -7.6313 1.4782
v -0.2744 -7.6015 1.4162
v -2.5564 -5.6442 -0.2474
v -2.3671 -4.7370 -0.1523
v -2.1786 -4.3272 -0.0447
v -2.1291 -4.1022 0.0033
v -0.3886 -7.5464 1.1375
v -0.7361 -7.1894 0.8804
v -0.6790 -5.8291 -0.2427
v -1.0337 -4.9071 0.4623
v -0.7601 -4.5174 0.5096
v -0.9822 -4.2410 0.6368
v -2.3045 -5.8007 1.1030
v -1.1453 -6.6783 1.0664
v -0.4152 -7.3266 1.4510
v -0.2865 -7.5209 1.3038
v -0.3101 -7.3700 1.3423
v -0.3535 -7.4712 1.4545
v -1.2510 -5.3388 1.1043
v -1.0593 -4.7685 0.8545
v -0.9776 -4.3008 1.0006
v -2.7517 -6.5610 -0.1972
v -1.6104 -6.2028 -0.9395
v -1.8419 -4.6709 -0.3494
v -2.1310 -4.8926 0.3405
v -1.9313 -4.2310 -0.2293
v -1.9455 -4.1423 -0.0013
v -2.0587 -4.2650 0.0553
v -2.0769 -4.0426 0.1443
v -2.1797 -4.1905 0.1504
v -2.0547 -4.0944 0.0276
v -2.2242 -4.2105 0.0202
v -2.2509 -4.5724 0.0774
v -2.2309 -4.3853 0.1228
v -2.0234 -4.1989 0.1415
v -1.9716 -4.1907 0.0247
v -0.6507 -6.8028 0.8885
v -0.5122 -7.1752 1.0073
v -0.4595 -7.3691 1.0571
v -0.7171 -7.4456 0.8946
v -0.8758 -7.3127 0.5397
v -0.4683 -6.7212 -0.3700
v -1.1136 -5.0507 -0.3947
v -0.8498 -4.9743 0.0458
v -0.8115 -4.5223 0.2844
v -0.7198 -5.0925 0.5891
v -0.7794 -4.5304 0.6719
v -0.9899 -4.3572 0.6048
v -2.3083 -6.6054 0.5912
v -2.1272 -6.7351 1.2038
v -1.7333 -5.0959 0.9256
v -1.2127 -7.1895 1.2974
v -0.7396 -6.8152 1.2800
v -0.9131 -6.0827 1.0669
v -0.5880 -7.4621 1.4206
v -0.3767 -7.1374 1.3578
v -1.2972 -4.7043 1.0986
v -0.9466 -4.6765 1.1209
v -1.0433 -4.4425 0.7298
v -0.9966 -5.3091 1.0476
v -0.8621 -4.2956 0.9017
v -1.0120 -4.2348 0.8510
v -0.8601 -4.4802 1.0308
v -1.0565 -4.2200 0.9073
v -1.1516 -4.4110 0.9406
v -1.0997 -4.3088 0.9987
v -1.0310 -4.4630 1.0564
v -1.1207 -4.6066 0.9517
v -0.9470 -4.5509 1.0930
v -2.1881 -6.7283 -0.7262
v -2.6991 -7.0083 -0.3879
v -2.6060 -6.9958 0.0694
v -1.2466 -6.8475 -0.9307
v -1.7891 -4.3288 -0.2219
v -1.5005 -4.4569 -0.5985
v -2.1521 -4.7641 0.8837
v -2.2003 -4.4635 0.5555
v -1.9214 -4.0651 -0.1785
v -1.7771 -4.1540 -0.3155
v -1.9158 -4.1735 -0.1201
v -2.0141 -4.3150 -0.1011
v -1.8874 -4.1283 -0.2767
v -2.0802 -4.2319 -0.0079
v -2.0462 -4.5249 -0.3705
v -2.0163 -4.3840 -0.2649
v -1.8614 -4.3906 -0.4148
v -2.1716 -4.5475 -0.1544
v -1.9456 -4.2981 -0.3511
v -2.1036 -4.4283 -0.1111
v -2.0893 -4.4953 -0.2471
v -2.0180 -4.0449 -0.0559
v -1.9239 -4.0310 0.0272
v -2.3297 -4.4727 -0.0238
v -2.1058 -4.4649 -0.0569
v -2.0109 -4.2131 0.3421
v -2.0531 -4.1439 0.2591
v -2.1727 -4.4159 0.1936
v -2.0519 -4.3246 0.2328
v -2.0523 -4.3972 0.0787
v -2.0560 -4.3531 -0.0364
v -0.6503 -6.4176 0.8418
v -0.4782 -6.7836 0.9939
v -0.4015 -7.1602 1.0902
v -0.3727 -7.3497 1.1357
v -0.5459 -7.5172 1.0097
v -0.6520 -7.5492 0.9408
v -0.5974 -7.3684 0.9717
v -0.7005 -7.3146 0.9074
v -0.8504 -7.3464 0.7531
v -0.8536 -7.5224 0.5484
v -0.5903 -7.3132 0.2772
v -0.4558 -7.1853 -0.4118
v -1.1489 -4.5404 -0.2226
v -0.7922 -4.5309 -0.1271
v -0.7246 -4.4981 0.0300
v -0.7341 -4.2862 0.3897
v -0.6062 -4.8749 0.7166
v -0.5832 -5.2597 0.7554
v -0.8719 -4.5482 0.7681
v -0.7453 -4.7189 0.7292
v -0.9500 -4.1995 0.5427
v -0.8610 -4.2869 0.4911
v -0.8890 -4.2799 0.4176
v -0.8900 -4.2732 0.6126
v -0.8422 -4.4213 0.6021
v -0.8000 -4.1976 0.6444
v -0.9227 -4.1821 0.5015
v -0.9831 -4.6684 0.6156
v -0.8505 -4.3684 0.6348
v -0.8490 -4.1747 0.5446
v -0.8684 -4.5685 0.6028
v -1.0200 -4.5169 0.5508
v -0.7053 -4.4149 0.6146
v -0.9654 -4.6655 0.3841
v -0.9585 -4.4032 0.4626
v -0.9645 -4.5326 0.4236
v -0.8242 -4.4221 0.3997
v -0.7581 -4.3822 0.2729
v -0.8414 -4.2384 0.2725
v -0.7631 -4.3683 0.5095
v -0.7635 -4.1395 0.3654
v -0.7957 -4.2712 0.2009
v -2.2938 -7.1193 0.5964
v -2.5313 -7.0704 1.1171
v -2.0424 -7.2298 1.1381
v -1.8141 -4.6045 0.8483
v -1.2074 -7.4758 1.3258
v -0.4919 -6.7576 1.3783
v -0.6823 -6.2024 1.3101
v -0.7519 -5.8236 1.2583
v -0.7088 -7.5273 1.2750
v -0.5661 -7.5832 1.4355
v -0.6779 -7.1421 1.3511
v -0.3231 -7.2452 1.3105
v -0.3344 -7.1398 1.2443
v -0.3863 -6.9438 1.3263
v -1.3231 -4.3863 1.0411
v -0.7854 -4.6586 1.0463
v -0.8111 -4.8844 1.1491
v -0.7484 -4.7952 1.0593
v -1.0866 -4.2613 0.7000
v -1.2782 -4.4026 0.7779
v -1.1332 -4.3383 0.8127
v -1.1553 -4.3795 0.7295
v -1.2019 -4.2176 0.8850
v -0.7837 -5.2372 1.2101
v -0.9436 -4.1544 0.8166
v -0.8144 -4.4923 0.9174
v -1.0951 -4.5103 0.8463
v -1.0712 -4.7560 1.0273
v -1.0561 -5.0420 0.9492
v -0.9740 -4.8476 1.1302
v -1.0780 -4.8889 0.9459
v -0.9398 -5.0749 1.1552
v -0.9156 -4.9511 1.1692
v -2.2054 -7.1330 -0.7086
v -2.7262 -7.2560 -0.4018
v -2.8065 -7.1996 -0.0489
v -2.4631 -7.2724 0.1161
v -1.2643 -7.2191 -0.9417
v -1.7713 -4.1507 -0.1878
v -1.4346 -4.3019 -0.3431
v -1.3552 -4.2869 -0.3924
v -2.0099 -4.4193 0.7558
v -2.0516 -4.2891 0.4383
v -2.2249 -4.2555 0.3615
v -2.1341 -4.1112 0.3606
v -2.1369 -4.1983 0.4389
v -2.1914 -4.3268 0.4892
v -2.1996 -4.4774 0.3459
v -1.7323 -4.0629 -0.2174
v -1.7832 -4.2885 -0.3563
v -2.3107 -4.4664 0.0923
v -2.2925 -4.3490 0.0137
v -2.3142 -4.5943 -0.1180
v -2.4053 -4.6855 0.0349
v -2.1758 -4.4784 0.0472
v -0.6584 -6.0338 0.7976
v -0.4874 -6.3980 0.9511
v -0.4068 -6.7694 1.0845
v -0.4601 -6.9755 1.0202
v -0.5611 -6.6045 0.9047
v -0.8277 -7.5279 0.7736
v -0.7496 -7.5690 0.8637
v -0.8539 -7.4501 0.6641
v -0.8946 -7.0881 0.6885
v -0.8424 -7.6414 0.5528
v -0.7510 -7.5330 0.3782
v -0.4329 -7.4571 0.1466
v -0.4608 -7.4232 -0.4291
v -0.7180 -7.2218 -0.7095
v -1.1127 -4.2765 -0.1655
v -0.8327 -4.2713 -0.0402
v -0.9086 -4.3424 0.1363
v -0.6954 -4.8881 0.8323
v -0.5778 -5.0583 0.8055
v -0.5652 -5.2408 0.9004
v -0.5415 -5.4400 0.8462
v -0.6949 -4.7220 0.5793
v -0.8509 -4.7134 0.5282
v -0.7810 -4.9053 0.5338
v -0.9443 -4.8506 0.6182
v -0.9632 -5.0900 0.6062
v -1.0093 -4.9661 0.5817
v -0.9361 -4.3627 0.7415
v -0.8027 -4.2007 0.3604
v -0.8742 -4.1769 0.2258
v -0.6476 -4.4335 0.2363
v -0.6871 -4.4826 0.4084
v -0.5857 -4.8527 0.2487
v -0.6146 -4.6453 0.2858
v -0.6327 -4.5285 0.3110
v -0.7891 -4.1759 0.0394
v -0.7107 -4.3315 0.0668
v -0.8599 -4.2065 0.1599
v -0.8315 -4.3953 0.0265
v -0.9831 -4.6460 0.0262
v -0.9398 -4.5017 0.0959
v -0.8454 -4.5871 0.0146
v -0.6601 -4.7295 0.0581
v -0.9657 -4.4965 -0.0874
v -0.8462 -4.4153 -0.0629
v -2.2994 -7.3810 0.5907
v -2.5678 -7.3559 1.1081
v -2.2369 -7.4065 1.2726
v -1.8850 -7.4762 1.1191
v -1.8021 -4.3443 0.8137
v -1.4417 -4.5144 0.8616
v -1.1985 -7.6275 1.3471
v -1.0600 -7.5603 1.1946
v -1.3819 -7.5443 1.4264
v -0.3904 -6.7524 1.2628
v -0.4666 -6.5544 1.3109
v -0.5092 -6.1765 1.2583
v -0.5785 -5.7959 1.2181
v -0.5858 -7.2818 1.4170
v -0.4743 -7.1944 1.4479
v -0.7268 -7.3252 1.2775
v -0.6485 -7.3728 1.3602
v -0.5702 -6.9593 1.4012
v -0.4679 -7.0541 1.4266
v -1.3342 -4.2245 0.9844
v -1.5349 -4.3392 0.9592
v -1.1989 -4.3332 0.9273
v -1.4222 -4.3110 1.0107
v -1.2004 -4.5739 0.9230
v -1.2065 -4.2861 0.8107
v -1.2448 -4.2809 0.7811
v -1.1797 -4.4551 0.8591
v -1.1860 -4.6175 0.7048
v -0.7201 -5.0376 1.1074
v -0.6786 -5.1817 1.1211
v -0.6601 -5.4147 1.1943
v -2.2148 -7.3416 -0.6991
v -1.8465 -7.1624 -0.8751
v -2.7404 -7.3913 -0.4086
v -2.8551 -7.2995 -0.2492
v -2.5630 -7.3197 -0.5088
v -2.8399 -7.3620 -0.0556
v -2.6669 -7.3170 0.0637
v -2.4938 -7.4354 0.1125
v -2.3032 -7.3876 0.2312
v -2.3961 -7.3700 0.1516
v -1.2741 -7.4117 -0.9454
v -1.8146 -4.2250 -0.2330
v -1.4263 -4.1433 -0.2685
v -1.4769 -4.1177 -0.4505
v -1.6171 -4.1992 -0.3161
v -1.4869 -4.0678 -0.3399
v -1.5419 -4.1012 -0.2950
v -1.3706 -4.1660 -0.2674
v -1.1847 -4.1945 -0.3435
v -1.4174 -4.0766 -0.3374
v -1.2551 -4.1231 -0.2684
v -1.9080 -4.2527 0.7133
v -1.8630 -4.4278 0.9192
v -1.9855 -4.1701 0.4024
v -1.9294 -4.2530 0.5929
v -2.2421 -4.3657 0.2919
v -2.2406 -4.7040 0.1543
v -2.2416 -4.6797 0.4381
v -2.4735 -5.2164 0.0561
v -0.5343 -5.8285 0.8476
v -0.5016 -6.0138 0.9112
v -0.5614 -6.2180 0.8568
v -0.6261 -7.0330 0.9300
v -0.5558 -6.8971 0.9448
v -0.5595 -6.7265 0.9218
v -0.7820 -6.6175 0.8082
v -0.5574 -6.4817 0.8910
v -0.4609 -6.5378 0.9942
v -0.8840 -7.2335 0.6636
v -0.8358 -7.1758 0.7821
v -0.7973 -6.9825 0.8325
v -0.8176 -7.4172 0.4480
v -0.7079 -7.3893 0.3430
v -0.5767 -7.5033 0.2640
v -0.4351 -7.5936 0.1344
v -0.3791 -7.4923 -0.0481
v -0.4633 -7.5540 -0.4389
v -0.5758 -7.4482 -0.5938
v -0.8952 -7.3669 -0.8185
v -1.1106 -4.1304 -0.1504
v -1.0805 -4.1686 -0.2829
v -0.8704 -4.3328 -0.2838
v -0.8110 -4.3266 -0.1617
v -0.9395 -4.1698 -0.0036
v -1.0076 -4.2423 -0.0286
v -0.9095 -4.1405 -0.1894
v -0.9686 -4.3558 -0.0799
v -0.9761 -4.3914 0.0427
v -0.6180 -5.0500 0.9155
v -0.6197 -5.1356 0.6870
v -0.6396 -4.9997 0.6590
v -0.5512 -5.4275 0.9629
v -0.5245 -5.6300 0.8794
v -0.6675 -4.6180 0.6748
v -0.6290 -4.7538 0.6834
v -0.8430 -5.0335 0.5510
v -0.9089 -5.5349 0.6602
v -0.6932 -4.3181 0.2718
v -0.7906 -4.8215 0.4393
v -0.7786 -4.6402 0.4219
v -0.8534 -4.6508 0.3073
v -0.6771 -4.7411 0.3838
v -0.6437 -4.5642 0.1521
v -0.5960 -4.7317 0.1807
v -2.3061 -7.5222 0.5850
v -2.4223 -7.4418 0.7463
v -2.5839 -7.5086 1.1021
v -2.4454 -7.4520 1.2554
v -2.5358 -7.4302 0.9180
v -2.2673 -7.5603 1.2800
v -2.0878 -7.5211 1.1714
v -1.9040 -7.6272 1.1586
v -1.7023 -7.5589 1.2109
v -1.7653 -4.2083 0.8069
v -1.6714 -4.2826 0.8944
v -1.6193 -4.3285 0.8806
v -1.0507 -7.6803 1.2171
v -0.8666 -7.5696 1.1620
v -1.1077 -7.3443 1.1759
v -1.3777 -7.6664 1.4358
v -1.3538 -7.3256 1.4030
v -0.4101 -6.5625 1.2028
v -0.4735 -6.3681 1.2708
v -0.6835 -6.4529 1.3381
v -0.5483 -6.4511 1.3478
v -0.5900 -6.3115 1.3379
v -0.6222 -5.9932 1.2963
v -0.4715 -6.8812 1.3945
v -0.6272 -6.8220 1.3783
v -0.6333 -6.6327 1.3692
v -0.5169 -6.6434 1.3676
v -0.7866 -6.6073 1.2128
v -0.7193 -6.5683 1.3090
v -0.7137 -6.9801 1.3124
v -0.9491 -6.9793 1.0529
v -0.7958 -6.9378 1.1507
v -0.8131 -6.7622 1.1275
v -0.8352 -7.1718 1.1321
v -0.9293 -6.5647 0.9984
v -0.7519 -7.0979 1.2303
v -0.8527 -7.0459 1.1072
v -0.8452 -6.6317 1.0876
v -0.9743 -6.7640 1.0100
v -1.4929 -4.2400 0.8810
v -1.4137 -4.3040 0.8996
v -1.4348 -4.2887 0.8544
v -1.4319 -4.4879 0.9931
v -1.2179 -4.8755 0.8429
v -1.0727 -4.9800 0.7328
v -0.5973 -5.4177 1.0918
v -0.8890 -5.4566 1.1943
v -0.6929 -5.6178 1.2506
v -2.2200 -7.4601 -0.6931
v -2.0379 -7.3645 -0.7873
v -1.6640 -7.3254 -0.9287
v -2.8703 -7.4155 -0.2572
v -2.8058 -7.1267 -0.2942
v -2.8456 -7.1843 -0.1779
v -2.7964 -6.9101 -0.1082
v -2.8264 -7.0371 -0.1782
v -2.7817 -6.9052 -0.2783
v -2.7802 -6.7439 -0.1884
v -2.5736 -6.6958 -0.4488
v -2.6630 -6.7339 0.0391
v -2.6682 -6.8339 -0.3930
v -2.7050 -6.6689 -0.3315
v -2.7508 -6.6493 -0.0641
v -2.7583 -6.7895 -0.0467
v -2.3294 -6.0993 0.0499
v -2.7208 -6.9178 0.0180
v -2.6223 -6.3157 0.0337
v -2.7343 -7.0771 0.0227
v -2.7166 -6.4636 -0.0389
v -2.6011 -7.1635 0.0787
v -2.4287 -6.9565 -0.5647
v -2.5125 -6.5383 0.0711
v -2.7143 -7.2019 0.0379
v -2.5347 -6.8525 -0.4895
v -2.6135 -6.4507 0.0472
v -2.6601 -6.5879 0.0311
v -2.3830 -6.7014 -0.5915
v -2.5637 -7.0182 -0.4869
v -2.4273 -6.8231 -0.5620
v -2.2763 -6.8907 -0.6656
v -2.4392 -7.1646 -0.5695
v -2.6463 -7.1372 -0.4475
v -2.5728 -7.4364 -0.5106
v -2.6898 -7.4454 0.0555
v -2.3352 -7.5138 0.2145
v -2.2440 -7.4560 0.3979
v -2.2261 -7.2123 0.3836
v -2.2451 -7.3364 0.3392
v -2.2476 -7.3147 0.4779
v -1.4501 -4.2823 -0.5454
v -1.5504 -4.3804 -0.4531
v -1.5039 -4.2443 -0.4346
v -1.5593 -4.6934 -0.4389
v -1.6113 -4.4638 -0.3273
v -1.5884 -4.5381 -0.4875
v -1.4903 -4.4188 -0.3409
v -1.5471 -4.5822 -0.3614
v -1.6836 -4.6642 -0.3472
v -1.7134 -4.2371 -0.2469
v -1.6705 -4.0989 -0.2557
v -1.2097 -4.3746 -0.2896
v -1.2586 -4.5911 -0.4990
v -1.2173 -4.3043 -0.4111
v -1.2183 -4.4616 -0.4212
v -1.2293 -4.6002 -0.3434
v -1.3329 -4.4365 -0.5547
v -1.0280 -4.7822 -0.3258
v -1.2458 -4.8360 -0.4327
v -1.1255 -4.6828 -0.2671
v -1.2577 -4.7030 -0.4231
v -0.9541 -4.5432 -0.3598
v -1.1639 -4.7979 -0.3296
v -1.0204 -4.6532 -0.3378
v -1.0798 -4.9175 -0.3450
v -0.7012 -5.0291 -0.3410
v -0.7728 -4.7601 -0.3928
v -0.9130 -4.7299 -0.3939
v -0.8753 -5.0131 -0.4609
v -0.9922 -5.0000 -0.4001
v -0.9161 -4.8757 -0.4222
v -1.8586 -4.1467 0.6895
v -1.8869 -4.2914 0.6704
v -2.0093 -4.4332 0.5741
v -2.1192 -4.2545 0.7040
v -2.2494 -4.5523 0.2105
v -2.1214 -4.5886 0.0849
v -2.1442 -4.6668 0.2954
v -2.1759 -4.6349 -0.0816
v -2.1415 -4.7965 0.2223
v -2.1338 -5.1444 0.0175
v -2.1281 -4.9931 0.1589
v -2.1665 -4.7697 0.3773
v -2.1580 -4.5892 0.3967
v -2.4637 -4.9456 -0.0060
v -0.4964 -5.8111 0.9750
v -0.5674 -5.9492 0.8258
v -0.5589 -6.3398 0.8710
v -0.7855 -6.2343 0.7779
v -0.5638 -6.0964 0.8427
v -0.4806 -6.1492 0.9590
v -0.5267 -7.0629 0.9821
v -0.6260 -7.1626 0.9448
v -0.6703 -6.5510 0.8467
v -0.4464 -6.6621 1.0198
v -0.7308 -7.0692 0.8834
v -0.9350 -6.7993 0.6475
v -0.6920 -6.9276 0.8881
v -0.5144 -7.3998 0.2247
v -0.6585 -7.5798 0.3131
v -0.3779 -7.6092 -0.0579
v -0.3946 -7.4830 -0.2461
v -0.3817 -7.0734 -0.0145
v -0.4306 -7.1963 0.1668
v -0.5785 -7.5642 -0.6023
v -0.7244 -7.4392 -0.7252
v -0.5272 -7.2946 -0.5271
v -0.6234 -7.3140 -0.6397
v -0.5763 -7.0591 -0.5882
v -0.5816 -7.1934 -0.5974
v -0.9013 -7.5043 -0.8245
v -1.0879 -7.3263 -0.8950
v -1.0255 -7.4536 -0.8746
v -1.1314 -4.1018 -0.1950
v -1.0627 -4.3550 -0.3193
v -0.9892 -4.1236 -0.0245
v -0.9487 -4.2002 0.0728
v -0.9493 -4.2214 -0.2823
v -0.6884 -5.4498 0.6627
v -0.7224 -5.2750 0.6182
v -0.6454 -5.3384 0.6858
v -0.8365 -5.3917 0.6337
v -0.8454 -5.1878 0.5843
v -1.0391 -5.3527 0.4860
v -0.9956 -5.2508 0.6095
v -0.9917 -5.4096 0.6231
v -2.4260 -7.5597 0.7434
v -2.3889 -7.2510 0.7086
v -2.3907 -7.2175 1.2494
v -2.4708 -7.5717 1.2595
v -2.5288 -7.2103 0.9459
v -2.5365 -7.5523 0.9086
v -2.0149 -7.3858 1.1304
v -2.1290 -7.3292 1.2063
v -2.1975 -7.1297 1.2487
v -2.1053 -7.6433 1.1880
v -1.7370 -7.6627 1.2705
v -1.5399 -7.5803 1.3149
v -1.7107 -4.4555 0.9252
v -1.6616 -4.4891 0.8142
v -0.7949 -7.4321 1.1854
v -0.8018 -7.2980 1.1682
v -0.9601 -7.4250 1.1279
v -0.9817 -7.2561 1.0982
v -1.1253 -7.1744 1.1489
v -1.0119 -7.1120 1.0768
v -1.2025 -6.9068 1.2335
v -1.1379 -7.0106 1.1189
v -1.1920 -7.0524 1.2491
v -1.1413 -6.8447 1.0907
v -1.1927 -7.3341 1.2943
v -1.1322 -7.4598 1.2240
v -1.3072 -7.4448 1.3990
v -1.6400 -7.1364 1.1797
v -1.4490 -7.0325 1.3798
v -1.3050 -7.0777 1.3499
v -1.4089 -7.1811 1.3974
v -1.5496 -7.1483 1.3176
v -1.6308 -7.3489 1.2536
v -1.5127 -7.3056 1.3616
v -1.6134 -7.2289 1.2536
v -1.5504 -7.4391 1.3281
v -0.6446 -5.8742 1.2829
v -0.8246 -6.0224 1.2470
v -0.5999 -6.1124 1.3091
v -0.5140 -6.0409 1.2167
v -0.8517 -6.3463 1.1501
v -0.8528 -6.4843 1.0965
v -1.0359 -6.6455 0.9977
v -1.1835 -6.2169 1.0709
v -1.1550 -6.4464 1.0379
v -0.8890 -6.8564 1.0636
v -1.5158 -4.4006 0.8186
v -1.3507 -4.3820 0.9053
v -1.4101 -4.9024 1.0084
v -1.4819 -4.5102 1.0900
v -1.1704 -4.7163 0.8370
v -1.2309 -4.7064 0.9696
v -1.1309 -4.8198 0.6984
v -1.0443 -4.8629 0.7722
v -0.7856 -5.3728 1.2199
v -0.6707 -5.7349 1.2656
v -0.5801 -5.6612 1.1773
v -0.8974 -5.6738 1.1978
v -2.1167 -7.2434 -0.7530
v -2.0241 -7.0472 -0.8069
v -1.9782 -7.2248 -0.8206
v -1.8452 -7.3554 -0.8684
v -1.6702 -7.4621 -0.9243
v -1.4561 -7.3050 -0.9573
v -1.5351 -7.4244 -0.9536
v -2.2905 -6.7630 -0.6571
v -2.3169 -7.0423 -0.6398
v -2.3147 -7.2297 -0.6451
v -2.5483 -7.1925 -0.5094
v -1.9160 -4.3823 0.6548
v -1.8796 -4.5760 0.7615
v -1.8271 -4.3985 0.7754
v -1.8452 -4.2502 0.8706
v -2.2614 -4.6202 0.6684
v -2.0170 -4.2940 0.7614
v -2.0167 -4.1666 0.6541
v -2.0423 -4.3201 0.6232
v -2.1806 -4.4479 0.6674
v -2.1972 -4.9014 -0.0855
v -2.2234 -4.8638 0.0839
v -2.1648 -4.7393 0.0295
v -2.4476 -4.8029 -0.0471
v -2.3037 -4.8606 0.0810
v -2.2291 -4.7268 0.0352
v -0.6739 -6.1659 0.8081
v -0.4710 -6.2742 0.9840
v -0.8952 -6.9337 0.7196
v -0.8394 -6.7840 0.7952
v -0.7374 -6.7288 0.8395
v -0.4138 -7.3146 -0.2977
v -0.4049 -7.1199 -0.2186
v -0.3845 -7.3171 0.0268
v -0.7847 -7.3260 -0.7578
v -1.2015 -7.3194 -0.9288
v -1.0513 -7.0460 -0.8734
v -0.8877 -7.1533 -0.8059
v -1.1512 -7.4546 -0.9178
v -1.1219 -4.2637 -0.2797
v -0.9513 -4.4148 -0.3416
v -1.1082 -4.4100 -0.1956
v -0.6032 -5.5632 0.7489
v -0.7550 -5.6091 0.6784
v -0.7262 -5.8240 0.7294
v -0.6579 -5.6966 0.7367
v -2.3032 -7.2504 0.6085
v -2.3671 -7.3619 0.6828
v -2.4825 -7.3144 0.8216
v -2.4832 -7.3204 1.2167
v -2.5444 -7.2145 1.1370
v -2.5483 -7.3267 0.9879
v -2.4688 -6.8634 0.8127
v -2.2538 -7.2619 1.2702
v -2.0362 -6.9676 1.1198
v -2.3710 -7.0017 1.2442
v -1.8217 -4.4704 0.8534
v -1.6993 -4.3758 0.8444
v -1.7732 -4.3389 0.9751
v -1.6938 -4.3796 0.8044
v -1.0281 -6.8780 1.0394
v -1.7705 -7.2904 1.0953
v -1.9169 -7.2851 1.0856
v -1.8325 -7.0617 1.0499
v -1.9470 -7.1453 1.0727
v -1.4403 -7.4268 1.4018
v -0.5323 -5.9149 1.1951
v -0.7923 -6.4566 1.2330
v -0.7507 -6.3310 1.2963
v -0.8540 -6.1808 1.1894
v -0.7783 -6.1332 1.2755
v -1.3895 -4.7042 0.9789
v -1.5444 -4.4513 0.9939
v -1.3223 -4.5434 1.0818
v -1.0479 -4.6821 0.7236
v -0.8181 -5.5661 1.2333
v -0.9725 -5.5598 0.9828
v -0.9138 -5.8767 1.1234
v -2.1574 -6.9783 -0.7391
v -2.0178 -6.8297 -0.8163
v -1.7676 -7.2587 -0.8987
v -1.8586 -7.4761 -0.8582
v -1.3376 -7.3115 -0.9538
v -1.4674 -7.0213 -0.9557
v -1.6231 -7.1361 -0.9421
v -1.4032 -7.4399 -0.9603
v -2.3919 -7.3749 -0.6035
v -2.0742 -4.6083 0.7861
v -1.8556 -4.7719 1.0879
v -1.8023 -4.1543 0.8089
v -1.9935 -4.1574 0.6100
v -2.0908 -4.5663 0.6151
v -2.2293 -4.6163 0.5768
v -2.1431 -4.3776 0.7831
v -2.1398 -4.9968 0.0127
v -2.3250 -5.0665 0.0592
v -2.2396 -5.0725 -0.0596
v -2.3035 -5.2798 -0.0113
v -2.2573 -4.9623 0.0116
v -2.2106 -4.7686 -0.0925
v -0.4562 -6.9547 -0.3762
v -0.4268 -7.3263 0.1501
v -0.3880 -7.3513 -0.1368
v -0.3971 -7.2425 -0.1971
v -0.3840 -7.1883 0.0458
v -1.1229 -7.1776 -0.9024
v -1.2393 -7.0343 -0.9329
v -0.9980 -7.2247 -0.8570
v -1.3565 -7.1110 -0.9557
v -1.3483 -6.9441 -0.9516
v -1.6357 -6.6300 -0.9432
v -1.4414 -6.7396 -0.9573
v -1.1401 -6.9379 -0.9008
v -0.8458 -6.4085 -0.7283
v -0.8545 -6.7636 -0.7740
v -0.9781 -6.8827 -0.8378
v -1.0943 -6.6149 -0.8481
v -1.1055 -6.7770 -0.8810
v -0.8046 -6.9666 -0.7544
v -0.9852 -6.7128 -0.8227
v -0.9489 -6.5461 -0.7734
v -0.9243 -7.0131 -0.8173
v -0.7596 -6.5918 -0.7200
v -0.5610 -5.7196 0.8051
v -2.5195 -7.0145 0.9284
v -2.4232 -7.0508 0.7410
v -2.4782 -7.1668 0.8140
v -2.0841 -7.0949 1.1669
v -2.4453 -7.1047 1.2099
v -2.3206 -7.1149 1.2627
v -2.1857 -6.9321 1.2446
v -1.7460 -7.4285 1.1498
v -1.7342 -7.1563 1.0789
v -1.3668 -4.5789 0.9481
v -1.5843 -4.7501 0.8134
v -1.5170 -4.6167 0.9915
v -1.4608 -4.6768 1.1539
v -1.3792 -4.9653 1.2199
v -1.3701 -4.8082 1.1880
v -1.5074 -4.8269 1.1112
v -1.2752 -4.9382 1.0384
v -1.5081 -4.7381 1.0222
v -0.9558 -5.5665 1.1249
v -0.9772 -5.4353 1.0934
v -0.8928 -5.9937 1.1503
v -0.8492 -5.8998 1.2282
v -0.9496 -5.7285 1.0332
v -1.2067 -5.7392 0.9713
v -1.0355 -5.7088 0.8432
v -0.9700 -5.6685 0.9344
v -2.1352 -6.8476 -0.7553
v -1.8474 -6.9452 -0.8825
v -1.5675 -7.2481 -0.9500
v -2.4609 -7.2836 -0.5625
v -1.9914 -4.5385 0.7405
v -2.2260 -4.5381 0.8114
v -2.2873 -4.6954 0.8155
v -2.3616 -4.8986 0.5887
v -2.2968 -4.8400 0.4625
v -2.3426 -4.7621 0.6762
v -2.2054 -4.7430 0.6406
v -2.3444 -4.9929 0.8681
v -2.2603 -4.8323 0.5788
v -2.2858 -4.8448 0.8739
v -2.3638 -4.9018 0.7439
v -1.7404 -4.6195 1.0234
v -1.8733 -4.6221 0.9552
v -2.3761 -4.9578 0.0768
v -2.4635 -5.0753 0.0507
v -2.3511 -5.1905 0.0667
v -2.4661 -5.6078 0.0806
v -2.1417 -5.6603 0.3549
v -0.4384 -7.0789 -0.3383
v -0.4905 -7.0571 -0.4717
v -0.4059 -6.8985 -0.1598
v -1.9530 -6.4598 -0.8451
v -1.3973 -6.4307 -0.9472
v -1.1499 -6.2715 -0.7845
v -1.0185 -6.3853 -0.7537
v -1.1689 -6.4461 -0.8414
v -1.2751 -6.5900 -0.9297
v -1.2760 -6.3198 -0.8931
v -1.2201 -6.7146 -0.9203
v -1.4373 -6.2534 -0.9399
v -1.3474 -5.5667 -0.8032
v -1.4299 -5.8984 -0.9024
v -1.4800 -6.0741 -0.9268
v -1.2620 -6.0605 -0.8310
v -1.2452 -6.1954 -0.8455
v -1.3673 -6.0149 -0.8952
v -0.7768 -7.1013 -0.7417
v -0.6826 -7.0044 -0.6776
v -0.5679 -6.8118 -0.5731
v -0.5097 -6.9200 -0.5023
v -0.5999 -6.9327 -0.6081
v -0.7025 -6.8110 -0.6917
v -0.6600 -7.1243 -0.6621
v -0.7589 -6.7114 -0.7245
v -0.8673 -6.6396 -0.7635
v -0.5396 -6.3473 -0.4956
v -2.5360 -7.1059 1.0034
v -2.4959 -6.7488 1.0997
v -2.3696 -7.1381 0.6838
v -2.4783 -6.9819 0.8215
v -2.3138 -6.8602 0.6114
v -2.0968 -6.8619 1.1745
v -1.6732 -4.6345 0.8093
v -1.5300 -4.6162 0.8165
v -1.2592 -4.8349 0.9627
v -1.2831 -5.1295 1.1192
v -1.1438 -5.4134 0.8140
v -1.0854 -5.9903 0.8889
v -0.9453 -5.8885 0.9446
v -1.0605 -5.8497 0.8653
v -0.9557 -6.0330 0.9382
v -1.0779 -6.1795 0.9164
v -0.9514 -6.3525 0.9564
v -0.9022 -6.2389 1.0528
v -1.7459 -7.0536 -0.9105
v -1.6521 -6.8527 -0.9382
v -1.9082 -7.0538 -0.8571
v -1.9650 -6.9410 -0.8390
v -1.8358 -6.7204 -0.8925
v -1.7301 -4.5691 0.9197
v -1.7962 -4.4859 1.0342
v -1.7195 -4.8485 0.9404
v -1.7477 -4.7805 0.7932
v -1.7137 -4.9702 0.7883
v -1.8810 -4.5356 0.8734
v -1.9415 -4.7708 0.8398
v -1.8424 -4.6567 1.0630
v -2.4148 -5.4107 0.0967
v -2.0999 -5.4338 0.1407
v -0.3927 -7.0239 -0.1331
v -2.0386 -6.6343 -0.8126
v -1.4786 -6.5762 -0.9572
v -1.6195 -6.4167 -0.9463
v -1.5479 -6.3126 -0.9457
v -1.2761 -6.4610 -0.9122
v -1.3561 -6.1500 -0.9078
v -0.6622 -6.4265 -0.6416
v -2.5185 -6.8530 0.9713
v -2.5082 -6.9094 1.1232
v -2.3430 -6.7935 1.2367
v -2.3983 -6.9183 0.7057
v -1.3028 -5.0076 1.1324
v -1.1697 -5.5844 0.8787
v -1.0220 -5.5514 0.8332
v -0.9788 -5.4105 0.9152
v -1.2165 -5.4428 0.9678
v -0.9890 -5.2172 0.8732
v -1.2521 -5.5841 1.1752
v -1.2208 -5.5941 1.0242
v -1.2346 -5.4747 1.0982
v -1.2319 -5.2195 0.9093
v -1.2360 -5.3199 0.9818
v -1.1705 -6.0718 1.0010
v -1.1915 -5.9053 0.9917
v -1.2321 -5.7976 1.1742
v -1.2491 -6.0372 1.2375
v -1.1989 -6.0969 1.1284
v -1.1210 -6.3147 0.9708
v -1.0324 -6.4705 0.9674
v -0.9487 -6.1662 0.9515
v -1.5732 -6.7466 -0.9507
v -1.5003 -6.8761 -0.9567
v -1.6088 -6.9913 -0.9443
v -1.7109 -6.7366 -0.9269
v -1.9007 -6.8296 -0.8689
v -1.7955 -6.5362 -0.9121
v -1.9113 -6.6051 -0.8666
v -1.6803 -6.5196 -0.9371
v -1.7323 -4.7553 1.0403
v -1.7215 -4.9721 0.9125
v -1.8010 -4.9969 1.1248
v -1.4854 -5.3071 0.8828
v -1.8650 -4.6723 0.8411
v -2.0534 -4.7225 0.8240
v -2.0399 -5.0735 0.9228
v -2.1432 -4.9332 0.9211
v -1.9828 -4.9244 0.8844
v -1.9603 -4.9816 1.0510
v -1.8951 -4.8378 0.9631
v -1.8826 -4.8967 1.1039
v -2.5631 -5.4033 -0.1173
v -2.4402 -5.1441 -0.2431
v -2.5051 -5.1499 -0.0918
v -2.4569 -5.0086 -0.1546
v -2.5009 -5.2764 -0.1848
v -2.5387 -5.2811 -0.0503
v -2.4711 -5.4539 -0.3056
v -2.1428 -5.3129 0.0272
v -2.2459 -5.4936 0.0022
v -2.1520 -5.2193 0.3904
v -2.2933 -5.0634 0.4664
v -2.3995 -5.1430 0.6718
v -2.3849 -5.0333 0.7475
v -2.1211 -5.2234 0.1976
v -2.3379 -4.9518 0.4823
v -2.0861 -6.7388 -0.7848
v -1.8046 -6.3041 -0.9008
v -1.8448 -6.4230 -0.8958
v -0.7497 -6.4741 -0.7058
v -0.5378 -6.5714 -0.5229
v -0.6321 -6.6536 -0.6327
v -0.6147 -6.5347 -0.6097
v -2.4143 -6.8911 1.2034
v -2.3014 -6.9049 1.2511
v -2.2180 -6.8090 1.2521
v -1.0214 -5.1696 1.0108
v -1.0206 -5.0886 0.8127
v -1.1928 -5.1078 0.7786
v -1.1939 -4.9809 0.7744
v -1.2456 -5.0381 0.9140
v -1.1425 -5.2581 0.7826
v -1.2610 -5.1307 0.9954
v -1.0364 -5.3339 0.8247
v -1.2002 -5.9396 1.1364
v -1.7820 -4.7232 0.9152
v -1.6275 -5.1715 0.7922
v -1.5127 -5.7631 1.0546
v -1.4819 -5.2884 1.1931
v -1.3464 -5.4236 1.2578
v -2.5296 -5.4785 0.0164
v -2.5946 -5.5663 -0.1072
v -2.5440 -5.4982 -0.2067
v -2.6394 -5.9380 -0.0302
v -2.6319 -5.7588 -0.1093
v -2.6393 -6.2032 -0.3056
v -2.5983 -6.4430 -0.3966
v -2.7192 -6.3625 -0.2125
v -2.6229 -6.5787 -0.3944
v -2.4712 -6.5400 -0.5146
v -2.7119 -6.3252 -0.0758
v -2.6725 -6.1347 -0.0344
v -2.3256 -5.3986 0.0122
v -2.3536 -5.5320 0.0749
v -2.2490 -5.8120 0.0367
v -2.2617 -5.6528 0.0176
v -2.3763 -5.7337 0.0766
v -2.5488 -5.7618 0.0481
v -2.3983 -5.9224 0.0718
v -2.1105 -5.7083 0.1531
v -2.5669 -5.6381 0.0011
v -2.1200 -5.0660 0.3149
v -2.1872 -5.1008 0.4133
v -2.3177 -5.2722 0.5196
v -2.1201 -5.3612 0.2958
v -2.1170 -5.5218 0.2753
v -2.2004 -5.3724 0.4455
v -2.1036 -5.5711 0.1474
v -2.1812 -5.5233 0.4158
v -2.4172 -5.7970 0.6952
v -2.2848 -5.6923 0.5366
v -2.3394 -5.4825 0.5712
v -2.1204 -5.1146 0.1384
v -1.6826 -6.3076 -0.9330
v -2.0946 -5.8667 -0.5686
v -0.5181 -6.4915 -0.2963
v -0.5155 -6.7071 -0.4993
v -1.7166 -5.0894 0.8057
v -1.4553 -5.0895 0.8925
v -1.4371 -5.7087 1.2649
v -1.3220 -5.2481 1.2315
v -1.3623 -5.1086 1.2362
v -1.4995 -5.0675 1.0906
v -2.6097 -5.9533 -0.2707
v -2.6492 -6.3380 -0.3259
v -2.6954 -6.4756 -0.2975
v -2.4765 -6.6642 -0.5185
v -2.2250 -6.4029 -0.6744
v -2.5105 -6.1622 0.0672
v -2.7016 -6.2029 -0.1672
v -2.6759 -6.0476 -0.1646
v -2.2496 -5.9663 0.0558
v -2.1679 -6.2113 0.3976
v -2.1461 -6.1295 0.1841
v -2.5354 -5.9016 0.0560
v -2.5693 -6.0370 0.0411
v -2.3593 -5.1476 0.5446
v -2.2613 -5.5676 0.5082
v -2.4002 -5.6247 0.6559
v -2.4285 -5.6481 0.9185
v -2.4417 -5.6819 0.7793
v -2.4252 -5.3973 0.8082
v -2.3930 -5.1995 0.8744
v -2.4355 -5.5373 0.7674
v -2.3482 -5.6919 -0.4849
v -1.8238 -5.9415 -0.7865
v -1.6487 -5.9293 -0.9142
v -1.5319 -5.9629 -0.9200
v -0.4928 -6.5869 -0.3932
v -1.5089 -5.1919 0.8340
v -1.4760 -4.9086 0.8253
v -1.3007 -5.6948 1.2415
v -1.3806 -5.5695 1.2706
v -1.4905 -4.9512 1.1509
v -1.4228 -5.0278 0.9989
v -1.4425 -5.2050 1.0116
v -1.4994 -5.1885 1.1213
v -2.6476 -5.8873 -0.1569
v -2.5799 -5.7987 -0.2663
v -2.4770 -5.7210 -0.3776
v -2.4750 -5.5874 -0.3421
v -2.1009 -6.4826 -0.7617
v -2.2301 -6.5683 -0.7000
v -2.3504 -6.4908 -0.6151
v -2.4138 -6.1857 -0.5312
v -2.5268 -6.2878 -0.4429
v -2.3508 -6.3252 -0.5986
v -2.4085 -5.9366 -0.4905
v -2.5138 -5.8892 -0.3805
v -2.5147 -6.0732 -0.4202
v -2.4992 -6.4137 -0.4800
v -2.1592 -6.1301 -0.6080
v -2.4146 -5.8056 -0.4608
v -2.2638 -5.8339 -0.5432
v -2.4214 -6.0620 -0.5040
v -2.2713 -6.0082 -0.5639
v -2.2853 -6.1974 -0.5943
v -2.0070 -6.2744 -0.7119
v -2.1357 -5.9972 -0.5809
v -1.9433 -5.9815 -0.6316
v -2.0166 -6.3897 -0.7619
v -2.4200 -6.3513 0.0636
v -2.1271 -5.9088 0.3080
v -2.1328 -5.8797 0.1410
v -2.1519 -6.0091 0.1323
v -2.4438 -6.0421 0.0687
v -2.4068 -5.3155 0.6589
v -2.4177 -5.2760 0.7774
v -2.2305 -5.4358 1.0331
v -1.9472 -5.3077 1.1716
v -1.9179 -5.1326 1.1401
v -2.0257 -5.2276 1.0233
v -1.7714 -5.2640 1.0577
v -2.2102 -5.1800 0.9717
v -2.0705 -5.3850 1.0761
v -1.7871 -5.1340 1.1055
v -1.8541 -5.2372 1.1416
v -2.0965 -5.1697 0.9512
v -2.1670 -5.0593 0.9468
v -2.1409 -5.2997 0.9921
v -2.1099 -5.6299 1.1724
v -1.9742 -5.4957 1.1947
v -2.1331 -5.5071 1.1081
v -2.2923 -5.6109 1.0789
v -1.8225 -5.9112 0.9714
v -1.8227 -5.4326 1.1119
v -1.8965 -5.7343 1.1424
v -1.7222 -5.4606 0.8350
v -1.9744 -5.6337 1.1956
v -1.8487 -5.5877 1.1166
v -1.7963 -5.7180 0.9762
v -1.7702 -5.5303 0.9800
v -1.7514 -5.3829 0.9629
v -1.7233 -5.2979 0.8289
v -1.5988 -5.3794 0.8173
v -1.5318 -5.6053 0.8783
v -1.4965 -5.4582 0.8960
v -1.7763 -6.1067 -0.8875
v -1.7019 -5.5427 -0.7711
v -1.3937 -4.8201 0.8986
v -1.6115 -4.8838 0.8039
v -1.5669 -5.0303 0.7882
v -2.5600 -6.1819 -0.3935
v -2.6027 -6.0762 -0.3218
v -2.3887 -6.2204 0.0516
v -2.2194 -6.3282 0.1370
v -2.5145 -6.2802 0.0642
v -2.1188 -5.7734 0.2763
v -2.4129 -5.4466 0.6754
v -2.3646 -5.3475 0.9637
v -2.4054 -5.4940 0.9277
v -2.3041 -5.1113 0.9116
v -2.2182 -5.7047 1.1421
v -2.0801 -5.9617 1.2174
v -2.0446 -5.7921 1.2098
v -2.1839 -5.8538 1.1830
v -2.3721 -5.7086 1.0278
v -2.4558 -5.9688 0.9247
v -2.4110 -5.8529 1.0104
v -2.4544 -5.8267 0.8486
v -2.3311 -6.1185 1.1544
v -2.2292 -6.0039 1.1907
v -2.3920 -6.0005 1.0668
v -1.8481 -5.8090 1.0475
v -1.9159 -5.9656 1.1245
v -1.9428 -5.8485 1.1636
v -2.0140 -6.3542 1.1500
v -2.1045 -6.1742 1.2231
v -1.8375 -6.2075 0.9645
v -1.9991 -6.0808 1.1717
v -1.8927 -6.1055 1.0655
v -1.9653 -6.2176 1.1251
v -1.7453 -5.2254 0.9377
v -1.6376 -5.8257 0.8570
v -1.4594 -5.3727 1.0428
v -1.5018 -5.4713 1.1834
v -1.4818 -5.5558 1.0348
v -1.4945 -5.6667 0.9798
v -1.5204 -5.6243 1.1667
v -1.8903 -6.1976 -0.8040
v -1.9149 -6.3289 -0.8261
v -1.9592 -6.1288 -0.6818
v -1.8723 -6.0674 -0.7672
v -1.7533 -5.9852 -0.8784
v -1.6483 -6.0691 -0.9254
v -1.5703 -5.6925 -0.8931
v -1.8338 -5.7239 -0.6074
v -2.1338 -6.2695 0.2554
v -2.1609 -6.5823 0.3149
v -2.1669 -6.4040 0.3891
v -2.2378 -6.1938 0.0994
v -2.3006 -6.5247 0.1073
v -2.3321 -5.5038 1.0275
v -2.3495 -6.4559 1.1931
v -2.3084 -5.9258 1.1282
v -1.7658 -5.8211 0.8942
v -1.7394 -5.7714 -0.8382
v -1.8526 -5.8643 -0.6599
v -1.9613 -5.7986 -0.5788
v -2.1308 -5.6312 -0.5586
v -2.1623 -5.7565 -0.5598
v -2.1566 -6.4427 0.2325
v -2.2121 -6.5437 0.4695
v -2.2113 -6.7678 0.4344
v -2.2341 -6.6642 0.5057
v -2.3373 -6.3163 0.6069
v -2.2527 -6.4038 0.5148
v -2.2486 -6.2586 0.5082
v -2.3674 -6.0521 0.6303
v -2.3268 -6.1792 0.5912
v -2.4436 -5.9694 0.7569
v -2.4691 -6.2362 0.8373
v -2.4219 -6.1689 0.7098
v -2.4498 -6.1752 1.0166
v -2.4635 -6.0890 0.8390
v -2.4825 -6.4142 0.9999
v -2.3880 -6.2882 1.1408
v -2.4773 -6.2898 0.9568
v -2.4900 -6.6277 0.8780
v -2.2235 -6.3195 1.2266
v -2.4269 -6.4033 1.1108
v -2.4767 -6.5724 1.0811
v -2.4964 -6.7580 0.8846
v -2.2351 -6.1887 1.2111
v -2.1566 -6.5244 1.2303
v -2.2631 -6.6490 1.2537
v -2.1010 -6.2990 1.2202
v -2.4947 -6.5343 0.9626
v -2.4553 -6.4428 0.7708
v -2.5057 -6.6684 0.9993
v -2.2394 -6.4381 1.2363
v -2.3985 -6.6603 1.1808
v -2.3086 -6.4014 0.0892
v -2.3907 -6.7958 0.1010
v -1.6350 -5.8025 -0.9020
v -1.6894 -5.6479 -0.8537
v -1.7438 -5.6758 -0.7168
v -1.9744 -6.5889 1.0758
v -1.9505 -6.7938 1.0427
v -2.4266 -6.3122 0.7190
v -2.4212 -6.6052 0.7216
v -2.4006 -6.7604 0.6982
v -2.3990 -6.6421 0.0873
v -2.5360 -6.6791 0.0712
v -2.2346 -6.7025 0.1776
v -2.0692 -6.6144 1.1720
v -1.9140 -6.9379 1.0412
v -1.5988 -6.7350 1.1137
v -1.7480 -6.8177 0.9999
v -2.2059 -6.5718 0.1892
v -2.2286 -6.9749 0.2373
v -2.1744 -6.7241 0.3044
v -2.2138 -6.8345 0.2242
v -1.6333 -6.9383 1.1205
v -1.5682 -6.9877 1.2687
v -1.4313 -6.7288 1.3522
v -1.4838 -6.8796 1.3497
v -1.3162 -6.8544 1.3481
v -1.5542 -6.7689 1.2613
v -1.2234 -6.7078 1.2480
v -1.2654 -6.9642 1.3218
v -1.5870 -6.8784 1.2171
v -1.7251 -6.5284 0.9530
v -1.7398 -6.9562 1.0296
v -1.6492 -6.8330 1.0657
v -1.1882 -6.5457 1.1815
v -1.2022 -6.3538 1.2028
v -1.2409 -6.2002 1.2456
v -1.3312 -6.5503 1.3290
v -1.5467 -6.5150 1.2356
v -1.5675 -6.6456 1.2098
v -1.5857 -6.5457 1.0634
v -1.3773 -6.3424 1.3218
v -1.5914 -6.2766 0.9726
v -1.6172 -6.4252 0.9791
v -1.5658 -6.3477 1.1475
v -1.7375 -6.3302 0.9174
v -1.8959 -6.3808 1.0053
v -1.9065 -6.2674 1.0359
v -1.9632 -6.4581 1.0857
v -1.8026 -6.4324 0.9422
v -1.8414 -6.6639 0.9807
v -1.8845 -6.5327 0.9890
v -1.6822 -6.6737 0.9960
v -1.1767 -6.3364 1.0855
v -1.3150 -6.6783 1.3329
v -1.2581 -6.4614 1.2601
v -1.4687 -6.5915 1.3285
v -1.4558 -6.4549 1.3186
v -1.5543 -6.0410 1.1708
v -1.4221 -6.1245 1.2986
v -1.5708 -6.1911 1.1100
v -1.5233 -6.2367 1.2518
v -1.5220 -6.3622 1.2643
v -1.5724 -6.0340 0.9372
v -1.7104 -5.9758 0.8669
v -1.5566 -6.0823 1.0515
v -1.5298 -5.9233 1.0642
v -1.8102 -6.0602 0.9435
v -1.6912 -6.1683 0.8923
v -1.5105 -5.8762 1.2407
v -1.5314 -5.8502 0.9452
v -1.5244 -5.7614 1.1837
v -1.4741 -6.0023 1.2732
v -1.3396 -5.8900 1.2741
v -1.3472 -6.2232 1.3045
v -1.8079 -4.5051 -0.2741
v -1.7218 -4.4140 -0.2884
v -1.7021 -4.5462 -0.3234
v -1.9047 -4.5536 -0.4653
v -2.0569 -5.0183 -0.5131
v -1.7368 -5.0079 -0.4151
v -1.7485 -4.8327 -0.3619
v -2.2639 -4.9544 -0.3429
v -2.0533 -4.7654 -0.4615
v -1.5997 -4.8807 -0.4814
v -2.3732 -5.0183 -0.2724
v -2.3906 -4.8799 -0.2058
v -2.0136 -4.6344 -0.4451
v -1.8901 -4.7390 -0.4955
v -1.5216 -4.7378 -0.6758
v -1.8316 -4.8936 -0.4874
v -1.6062 -4.6597 -0.5773
v -1.6253 -4.8032 -0.6019
v -1.4844 -5.1560 -0.7976
v -1.5413 -4.9478 -0.7444
v -1.8724 -5.0780 -0.5351
v -1.6363 -4.7902 -0.4051
v -1.3228 -4.8798 -0.6616
v -1.2919 -4.7302 -0.5881
v -1.3906 -4.7608 -0.6695
v -1.4354 -4.6018 -0.6497
v -1.3358 -4.5568 -0.5925
v -1.6264 -5.1780 -0.6208
v -1.9374 -4.9635 -0.5216
v -1.9628 -4.8410 -0.5048
v -2.0532 -5.3296 -0.5523
v -1.3875 -5.0299 -0.7246
v -1.2468 -5.0669 -0.5628
v -1.2984 -4.9989 -0.6497
v -1.6215 -5.0370 -0.5331
v -1.6368 -5.0411 -0.6800
v -1.7332 -5.1778 -0.4750
v -1.7183 -5.4048 -0.5575
v -1.7352 -5.5535 -0.6140
v -1.9079 -5.4736 -0.5402
v -1.8755 -5.2661 -0.5648
v -1.6708 -5.2790 -0.5417
v -1.2221 -4.9762 -0.4547
v -1.0962 -5.4352 -0.5159
v -1.8574 -5.5947 -0.5741
v -1.9975 -5.5830 -0.5500
v -2.1132 -5.4748 -0.5520
v -2.2673 -5.5379 -0.5024
v -2.3763 -5.4998 -0.4097
v -2.3520 -5.2894 -0.3739
v -2.2860 -5.1252 -0.3827
v -2.2244 -5.3421 -0.4926
v -2.1846 -5.0319 -0.4396
v -2.1493 -4.8820 -0.4197
v -2.1258 -5.1781 -0.5108
v -2.2313 -4.7730 -0.2849
v -2.1574 -4.6325 -0.2860
v -2.2447 -4.6769 -0.1948
v -2.1346 -4.7331 -0.3650
v -2.3185 -5.3930 -0.4319
v -2.0600 -4.9034 -0.4905
v -1.8346 -5.3772 -0.5343
v -1.1548 -5.2376 -0.4809
v -0.9692 -5.1921 -0.4583
v -2.4482 -5.3252 -0.2938
v -1.9849 -5.1697 -0.5484
v -2.2338 -5.2193 -0.4532
v -2.2987 -4.8668 -0.2751
v -1.1878 -5.1190 -0.4658
v -1.2752 -5.3550 -0.6753
v -1.3337 -5.1968 -0.7215
v -1.2512 -5.2279 -0.5976
v -1.2007 -5.3518 -0.5566
v -1.0808 -5.1627 -0.4234
v -0.7359 -5.2112 -0.5026
v -1.0370 -5.3163 -0.4659
v -0.8251 -5.4729 -0.5700
v -0.9509 -5.4240 -0.5137
v -0.8386 -5.3213 -0.5388
v -0.8506 -5.1413 -0.4955
v -1.0153 -4.7583 0.4938
v -0.9321 -5.2311 1.1676
v -0.6350 -4.9471 0.0593
v -0.7562 -4.8512 0.0424
v -0.9305 -4.8161 0.0381
v -0.7960 -4.7177 0.0281
v -0.8309 -4.9329 -0.1557
v -0.8837 -4.7216 -0.1441
v -0.9238 -4.9178 -0.0553
v -0.9025 -4.5975 -0.1258
v -0.5610 -5.3702 0.3521
v -0.7329 -4.7893 -0.2159
v -0.7198 -4.9288 -0.2424
v -0.7553 -4.6181 -0.2805
v -0.8161 -4.4766 -0.3050
v -0.7754 -4.6541 -0.1586
v -0.5471 -5.1175 0.2516
v -0.8448 -4.6171 -0.3781
v -0.7869 -4.4360 -0.1996
v -0.5659 -4.9851 0.1859
v -0.7010 -5.2587 0.0173
v -0.6033 -5.1222 0.0779
v -0.5494 -5.3100 0.1580
v -0.7650 -5.1132 0.0560
v -0.5544 -5.1920 0.1597
v -0.8312 -5.2365 -0.1720
v -0.7675 -5.0844 -0.1970
v -0.8988 -5.0906 -0.0791
v -0.8498 -5.2255 -0.0162
v -0.5116 -5.7659 0.1244
v -0.6583 -5.5408 0.0236
v -0.8164 -5.4388 -0.0776
v -0.6288 -5.3911 0.0511
v -0.7536 -5.3772 0.0189
v -0.5093 -5.5295 0.1972
v -0.7588 -5.6557 -0.1131
v -0.6712 -5.4228 -0.3268
v -0.6783 -5.3934 -0.5044
v -0.6179 -5.6638 -0.4601
v -0.6892 -5.5482 -0.5434
v -0.6374 -5.5308 -0.4130
v -0.8983 -5.9305 -0.6381
v -0.6970 -5.5791 -0.2565
v -1.0028 -5.6875 -0.5672
v -0.7541 -5.7549 -0.6184
v -1.0135 -5.5501 -0.5321
v -0.8076 -5.6175 -0.5987
v -1.2006 -5.6108 -0.6389
v -1.2239 -5.4740 -0.6201
v -0.9093 -6.1715 -0.6947
v -0.7616 -5.4548 -0.2144
v -0.7085 -5.7039 -0.2244
v -0.9227 -6.3013 -0.7173
v -0.5132 -5.4058 0.2371
v -0.7784 -5.5550 -0.0290
v -1.1565 -5.8660 -0.6860
v -0.6738 -6.1719 -0.6225
v -0.7689 -6.2743 -0.6958
v -1.1266 -5.7360 -0.6270
v -1.0121 -5.8345 -0.6061
v -0.8928 -5.7622 -0.6087
v -1.2671 -5.7346 -0.7651
v -1.2819 -5.8940 -0.8163
v -1.4025 -5.7161 -0.8689
v -0.6260 -6.3003 -0.5936
v -0.8087 -5.0985 1.1957
v -0.9342 -4.8299 0.3413
v -2.2960 -7.1876 0.1944
v -2.4316 -7.0726 0.1151
v -2.2313 -7.1062 0.2901
v -2.2112 -6.9704 0.4389
v -2.3944 -7.1807 0.1335
v -2.3075 -7.0569 0.1646
v -2.3216 -6.9146 0.1454
v -2.4721 -6.9258 0.0952
v -2.5568 -6.8166 0.0772
v -2.1934 -6.8707 0.3510
v -2.2392 -6.8677 0.5085
v -0.7572 -4.9131 -0.4338
v -0.8381 -6.4283 0.7684
v -0.7469 -6.3497 0.8026
v -0.9446 -6.5883 0.6787
v -0.8828 -6.6718 0.7526
v -0.8648 -6.5455 0.7585
v -0.5393 -6.5725 0.3165
v -0.8342 -6.6422 0.4011
v -0.9263 -6.6745 0.5364
v -1.0167 -5.1344 0.4107
v -1.0394 -5.1610 0.5323
v -0.8762 -5.0009 0.4200
v -1.0015 -5.0079 0.3867
v -0.7811 -5.2454 0.4248
v -0.6621 -4.9982 0.4027
v -1.0474 -5.0454 0.4935
v -0.8742 -5.1421 0.3996
v -0.9303 -5.2905 0.3881
v -0.7417 -5.1105 0.4347
v -0.8241 -5.6995 0.3892
v -0.6200 -5.2153 0.3853
v -0.7952 -5.4727 0.3986
v -1.0065 -5.5870 0.4742
v -0.9465 -5.4434 0.3994
v -1.0349 -5.4732 0.5223
v -0.5361 -5.2526 0.2830
v -0.6069 -5.0969 0.3562
v -0.6442 -4.8697 0.3679
v -0.7670 -4.9439 0.4398
v -0.9060 -6.0133 0.7184
v -0.9895 -6.2636 0.5788
v -0.9429 -6.4625 0.5018
v -0.9096 -6.5749 0.4690
v -0.9127 -6.3016 0.7116
v -0.9425 -6.1562 0.6778
v -0.9461 -5.9858 0.4351
v -0.9945 -6.1078 0.5319
v -0.7569 -6.2366 0.3854
v -0.7767 -6.4433 0.3776
v -0.9997 -5.9484 0.5925
v -0.8865 -6.1374 0.4097
v -0.9826 -5.7872 0.4682
v -0.9084 -5.8306 0.7017
v -0.9032 -6.3031 0.4382
v -0.6375 -5.9477 0.3894
v -1.0051 -5.8093 0.6040
v -0.9422 -5.6845 0.6711
v -1.0231 -5.6831 0.5650
v -0.8161 -5.7299 0.6941
v -0.7898 -6.0068 0.3947
v -0.6653 -6.1055 0.3892
v -0.7633 -5.8479 0.3926
v -0.5182 -6.3106 0.3194
v -0.5564 -5.7082 0.3621
v -0.6208 -6.2340 0.3690
v -0.6417 -6.3814 0.3635
v -0.6336 -5.8139 0.3932
v -0.4775 -5.8823 0.2857
v -0.4741 -6.0977 0.2928
v -0.9620 -6.4363 0.6533
v -0.6927 -6.5778 0.3620
v -0.6299 -6.9371 0.3301
v -0.7472 -7.1491 0.3667
v -0.6925 -7.2614 0.3359
v -0.5672 -7.1180 0.2853
v -0.8087 -7.2676 0.4207
v -0.8825 -7.1059 0.4970
v -0.9125 -6.9405 0.5461
v -0.6118 -6.7477 0.3372
v -0.8040 -6.9680 0.3950
v -0.8693 -6.8086 0.4406
v -0.4139 -6.8581 0.1701
v -0.7071 -7.0324 0.3516
v -0.7355 -6.8332 0.3685
v -0.5185 -6.8504 0.2780
v -0.4712 -6.9988 0.2292
v -0.4448 -6.6970 0.2355
v -0.3933 -6.9893 0.1058
v -0.3836 -6.8556 0.0031
v -0.4739 -6.6622 -0.1230
v -0.4904 -6.6347 -0.2604
v -0.4482 -6.7704 -0.2209
v -0.4272 -6.7798 -0.0931
v -0.3979 -6.6589 0.0535
v -0.4463 -6.8388 -0.3268
v -0.9457 -5.6800 0.4144
v -0.8920 -5.5626 0.3871
v -1.0159 -5.5647 0.6039
v -0.8956 -5.8658 0.4035
v -0.4846 -5.7505 0.2560
v -0.5321 -5.9896 0.3302
v -0.5201 -6.3044 0.0097
v -0.5204 -7.2207 0.2432
v -0.4346 -6.2433 0.1717
v -0.4796 -6.4948 -0.0196
v -0.4623 -6.2143 0.2819
v -0.4228 -6.4512 0.1962
v -0.4413 -6.5698 0.2369
v -0.5618 -6.0298 0.0456
v -0.5241 -6.5282 -0.1548
v -0.5768 -6.3310 -0.1805
v -0.4373 -6.3407 0.2386
v -0.5015 -6.4436 0.3047
v -0.4103 -6.5302 0.0885
v -0.4381 -6.3582 0.1014
v -0.4860 -5.9214 0.1319
v -0.4579 -6.0677 0.1469
v -0.5152 -6.1667 0.0561
v -0.6335 -6.1434 -0.1131
v -0.5446 -6.3981 -0.0752
v -0.5455 -6.3401 -0.3364
v -0.5924 -6.2568 -0.0806
v -0.6805 -5.9533 -0.0902
v -0.6189 -5.8680 0.0427
v -0.7165 -5.8004 -0.0630
v -0.7018 -5.6797 0.0197
v -0.6310 -6.0482 -0.0461
v -2.1474 -6.2742 -0.6547
v -2.1348 -6.0680 0.3327
v -2.2373 -6.0452 0.4917
v -2.3106 -5.8850 0.5640
v -2.3897 -5.9154 0.6571
v -2.3464 -5.7739 0.6000
v -2.2029 -5.8967 0.4476
v -1.7066 -5.6422 0.8389
v -1.6010 -5.7064 0.8525
v -1.5343 -5.4760 -0.8654
v -1.4620 -5.5925 -0.8695
v -1.4218 -5.3351 -0.8118
v -1.4143 -5.4614 -0.8299
v -1.6635 -5.3279 -0.7741
v -1.5463 -5.2778 -0.8258
v -1.6275 -5.1671 -0.7679
v -1.6491 -5.4420 -0.8278
v -1.6985 -5.4317 -0.6909
v -2.3637 -6.4671 0.6447
v -0.6965 -5.2293 -0.3205
v -0.6605 -5.3207 -0.4013
v -0.6926 -5.1375 -0.4082
v -0.7509 -5.0385 -0.4669
v -0.7645 -5.3247 -0.2514
v -0.5573 -5.6271 0.0922
v -1.0996 -6.0860 -0.7017
v -1.0358 -5.9696 -0.6475
v -1.0413 -6.2132 -0.7169
v -1.1864 -5.9876 -0.7423
v -0.7874 -6.0551 -0.6721
v -0.7453 -5.9092 -0.6381
v -2.2286 -7.1051 0.4735
v -0.6962 -5.3634 0.4099
v -0.7722 -5.9609 0.7458
v -0.8031 -6.0960 0.7652
v -0.5510 -5.5390 0.3603
v -0.6839 -5.6212 0.4009
v -0.5001 -5.6256 0.2807
v -0.6655 -5.4907 0.4014
v -2.1985 -5.7553 0.4428
v -0.5737 -6.0591 -0.3780
v -0.5980 -6.1911 -0.2743
v -0.5627 -6.1799 -0.4949
v -0.5536 -6.2277 -0.3827
v -0.6469 -5.9896 -0.2476
v -0.6150 -6.0095 -0.5518
v -0.5926 -5.8671 -0.4161
v -0.6483 -5.8365 -0.5512
v -0.6378 -5.7516 -0.3517
v 0.9018 -4.1754 0.8286
v 0.8432 -4.3618 0.8407
v 0.7848 -4.5489 0.8546
v 0.7295 -4.7362 0.8696
v 0.6783 -4.9252 0.8755
v 0.6313 -5.1152 0.8767
v 0.5915 -5.3066 0.8661
v 0.5528 -5.4981 0.8568
v 0.5190 -5.6902 0.8436
v 0.4910 -5.8832 0.8307
v 0.4649 -6.0769 0.8170
v 0.4406 -6.2703 0.8044
v 0.4182 -6.4639 0.7933
v 0.3977 -6.6575 0.7836
v 0.3782 -6.8511 0.7756
v 0.3593 -7.0448 0.7676
v 0.3450 -7.2387 0.7617
v 0.3292 -7.4324 0.7553
v 0.3086 -7.6255 0.7474
v 0.3776 -7.6379 0.9329
v 0.5419 -7.6617 1.0426
v 0.7101 -7.6788 1.1474
v 0.8154 -7.6718 1.3157
v 0.8824 -7.6535 1.5018
v 0.9780 -7.6366 1.6750
v 1.1651 -7.6371 1.7410
v 1.3390 -7.6619 1.6484
v 1.4864 -7.6882 1.5175
v 1.6453 -7.7054 1.3991
v 1.8283 -7.7073 1.3212
v 2.0224 -7.6961 1.2786
v 2.1981 -7.6830 1.1864
v 2.3159 -7.6714 1.0269
v 2.3617 -7.6637 0.8335
v 2.4004 -7.6531 0.6388
v 2.5085 -7.6263 0.4744
v 2.6650 -7.5875 0.3581
v 2.8099 -7.5467 0.2284
v 2.8871 -7.5108 0.0491
v 2.7853 -7.5067 -0.1212
v 2.6280 -7.5113 -0.2424
v 2.4642 -7.5161 -0.3549
v 2.3075 -7.5178 -0.4773
v 2.1791 -7.5111 -0.6288
v 2.0739 -7.4986 -0.7972
v 1.9711 -7.4841 -0.9668
v 1.8411 -7.4723 -1.1166
v 1.6495 -7.4775 -1.1683
v 1.5126 -7.5138 -1.0293
v 1.4389 -7.5529 -0.8489
v 1.3495 -7.5890 -0.6753
v 1.1890 -7.6131 -0.5609
v 0.9902 -7.6155 -0.5617
v 0.7960 -7.6069 -0.6041
v 0.5981 -7.5966 -0.6187
v 0.4073 -7.5883 -0.5643
v 0.3062 -7.5980 -0.3938
v 0.3179 -7.6180 -0.1968
v 0.4190 -7.6381 -0.0271
v 0.5726 -7.6531 0.0981
v 0.7417 -7.6638 0.2023
v 0.9061 -7.6703 0.3139
v 1.0059 -7.6691 0.4856
v 0.8523 -7.6650 0.6113
v 0.6546 -7.6500 0.6197
v 0.4567 -7.6326 0.6157
v 2.0809 -5.6969 -0.2424
v 2.0534 -4.7785 -0.1383
v 2.0916 -4.3184 -0.0902
v 2.0749 -4.1041 0.0174
v 0.3331 -7.5351 0.8497
v 0.7308 -7.1952 1.0064
v 1.5972 -5.9164 0.9373
v 1.0530 -4.8885 0.9942
v 1.1457 -4.5534 0.6871
v 1.0750 -4.1833 0.8404
v 1.0558 -5.7954 -0.2682
v 0.8668 -6.5791 0.2753
v 0.5805 -7.3470 0.6173
v 0.3789 -7.5319 0.6721
v 0.4305 -7.3853 0.6447
v 0.5357 -7.4973 0.6099
v 0.9206 -5.0534 0.2843
v 1.0237 -4.5127 0.7397
v 0.8375 -4.2944 0.6008
v 0.8713 -4.1257 0.6705
v 2.2604 -6.2522 0.4175
v 2.4441 -6.5753 -0.1831
v 1.6730 -6.3661 -0.9845
v 2.3582 -4.6598 0.3539
v 1.5210 -4.7057 -0.6713
v 1.7872 -4.4159 -0.3090
v 1.9289 -4.0926 -0.0969
v 1.9487 -4.1039 0.0229
v 0.6888 -6.8073 0.9396
v 0.4822 -7.1651 0.9460
v 0.4041 -7.3556 0.9249
v 0.6788 -7.4436 1.0491
v 0.9119 -7.2760 1.3486
v 1.4486 -5.0194 0.9419
v 1.4140 -6.7292 1.4127
v 1.1490 -4.4499 1.1386
v 1.0216 -5.1134 0.7194
v 1.0249 -4.5147 0.8903
v 1.2809 -4.4233 0.9174
v 1.0804 -6.7109 -0.3992
v 0.7121 -4.9282 -0.3301
v 0.6654 -7.1020 0.1895
v 0.8902 -6.7912 0.6475
v 1.0475 -6.0230 0.5892
v 0.7696 -7.4611 0.6306
v 0.4939 -7.1504 0.6416
v 0.9907 -5.2373 0.6971
v 0.8563 -4.5175 0.2412
v 0.9322 -4.2983 0.6217
v 0.8493 -4.8354 0.6817
v 0.7962 -4.2496 0.7429
v 0.7055 -4.4458 0.6837
v 0.8675 -4.1551 0.6343
v 0.9915 -4.2847 0.7710
v 0.9336 -4.2597 0.6598
v 2.4216 -6.9336 0.4142
v 2.4934 -7.0504 -0.2398
v 1.9927 -6.8687 -0.8150
v 1.5304 -6.9314 -1.0073
v 2.2880 -4.2583 0.2137
v 2.0599 -4.3154 0.1849
v 2.0054 -4.2392 0.0599
v 2.0996 -4.0912 0.1800
v 2.1381 -4.3055 0.0551
v 2.1231 -4.6243 0.1354
v 2.1350 -4.4861 -0.0029
v 2.0807 -4.4687 0.1480
v 2.1047 -4.6530 -0.0324
v 2.2204 -4.3723 0.1016
v 2.0396 -4.5253 -0.2876
v 2.3481 -4.4682 0.2316
v 2.0691 -4.4642 -0.1451
v 2.0509 -4.6293 -0.1743
v 2.3224 -4.3646 0.1658
v 2.1356 -4.4613 0.3882
v 1.0986 -4.7389 -0.2238
v 1.5820 -4.3782 -0.3895
v 1.7702 -4.1817 -0.1899
v 1.8527 -4.0171 -0.0511
v 1.9987 -4.0126 -0.0202
v 2.0594 -4.1692 -0.1227
v 1.9921 -4.3016 -0.2949
v 1.8081 -4.0460 -0.2402
v 0.7452 -6.4258 0.9112
v 0.4900 -6.7729 0.9200
v 0.3726 -7.1470 0.8622
v 0.3401 -7.3386 0.8265
v 0.4770 -7.5038 0.9917
v 0.5924 -7.5413 1.0396
v 0.5562 -7.3633 0.9804
v 0.6769 -7.3167 1.0104
v 0.8389 -7.3390 1.1537
v 0.8812 -7.4821 1.3796
v 1.0849 -7.2537 1.6778
v 1.8949 -4.7998 1.0130
v 1.5989 -4.5854 0.8160
v 1.5203 -7.2186 1.3318
v 1.2943 -4.3728 0.9188
v 0.9366 -4.8940 0.8619
v 0.8285 -5.2649 0.8384
v 0.8957 -4.4769 0.8868
v 0.9215 -4.6873 0.9052
v 1.2166 -4.2682 0.8438
v 1.2113 -4.3055 0.7645
v 1.1508 -4.2589 0.9094
v 1.2431 -4.3269 0.8462
v 1.2664 -4.4672 0.7619
v 1.0543 -4.2305 0.7120
v 1.2770 -4.2491 0.8394
v 1.1277 -4.6872 0.8158
v 1.0858 -4.3577 0.8264
v 1.1509 -4.1994 0.7654
v 1.2481 -4.6137 0.7737
v 1.1739 -4.5590 0.9232
v 1.0409 -4.4750 0.7529
v 1.0364 -4.6480 1.0359
v 1.1247 -4.4071 0.9100
v 1.0454 -4.5146 0.9734
v 1.1052 -4.3412 1.0403
v 1.2496 -4.3638 1.0631
v 1.2965 -4.2175 0.9848
v 1.1526 -4.4162 0.7156
v 1.3247 -4.2501 0.8371
v 1.4335 -4.2424 1.0103
v 1.0545 -4.3492 0.7122
v 1.0866 -7.1703 -0.4728
v 0.4081 -6.8008 -0.4068
v 0.8452 -4.4625 -0.1848
v 0.6589 -7.3895 0.1726
v 0.6013 -6.7686 0.6409
v 0.7357 -6.1935 0.6506
v 0.7656 -5.8048 0.6574
v 0.9592 -7.4986 0.5794
v 0.7596 -7.5846 0.6272
v 0.8400 -7.1286 0.6436
v 0.4229 -7.2567 0.6602
v 0.3891 -7.1430 0.7022
v 0.4849 -6.9545 0.6476
v 0.7130 -5.2132 0.6600
v 0.8985 -4.2470 0.2775
v 0.5905 -4.3464 0.2960
v 0.9035 -4.1355 0.6170
v 0.8190 -4.2317 0.4662
v 1.0230 -4.1838 0.6679
v 0.9919 -4.1200 0.6882
v 0.6550 -4.8236 0.7094
v 0.7626 -4.4440 0.7933
v 0.6642 -4.6271 0.7285
v 0.8613 -4.5834 0.6984
v 2.5036 -7.2777 0.4138
v 2.2258 -6.8836 1.1391
v 2.5191 -7.2929 -0.2684
v 2.1909 -7.1304 -0.4908
v 2.8072 -7.1193 -0.0061
v 2.0095 -7.1879 -0.8497
v 1.7286 -7.1634 -1.1162
v 1.4581 -7.2266 -0.8810
v 2.1270 -4.1861 0.3889
v 1.9992 -4.0154 0.1900
v 2.1244 -4.0720 0.2075
v 2.0686 -4.0833 0.3195
v 2.2212 -4.1367 0.1700
v 2.2256 -4.1740 0.3005
v 2.1721 -4.4047 0.3724
v 2.1590 -4.2507 0.1206
v 2.3822 -4.7187 0.0789
v 2.0050 -4.2531 0.4116
v 1.9379 -4.3942 0.6311
v 1.0812 -4.3502 -0.2064
v 1.5730 -4.1712 -0.2591
v 1.7679 -4.0507 -0.1369
v 1.6477 -4.0675 -0.3030
v 1.9347 -4.1542 -0.2481
v 1.8357 -4.2519 -0.3520
v 1.7741 -4.3008 -0.2462
v 0.8085 -6.0456 0.8722
v 0.5505 -6.3891 0.9240
v 0.4062 -6.7591 0.8406
v 0.4479 -6.9634 0.9199
v 0.6204 -6.6007 0.9394
v 0.7930 -7.5164 1.1733
v 0.6998 -7.5622 1.1017
v 0.8528 -7.4270 1.2577
v 0.9114 -7.0786 1.1651
v 0.8626 -7.5987 1.3976
v 0.9307 -7.4732 1.5723
v 1.2708 -7.4208 1.6730
v 1.7899 -4.4382 0.8836
v 1.6104 -4.3439 0.8114
v 1.5394 -7.4696 1.3914
v 1.8863 -7.3138 1.2371
v 0.8033 -4.8560 0.9116
v 0.8227 -5.0634 0.8915
v 0.7082 -5.2340 0.9174
v 0.7382 -5.4397 0.9002
v 1.0634 -4.7510 0.7574
v 1.2107 -4.7508 0.6950
v 1.1225 -4.9372 0.6910
v 0.9676 -4.2932 0.8796
v 1.2040 -4.2069 0.8087
v 1.1866 -4.1487 0.9508
v 1.3959 -4.1743 0.9105
v 1.5063 -4.6503 1.1685
v 1.5748 -4.2798 0.8999
v 1.5626 -4.4576 1.0262
v 1.5463 -4.3217 1.0255
v 1.0876 -7.4044 -0.5100
v 0.7153 -7.2127 -0.6184
v 0.3218 -7.1931 -0.2542
v 0.8607 -4.2141 -0.0918
v 0.6545 -7.5428 0.1660
v 0.8409 -7.4743 0.2517
v 0.4862 -7.4539 0.0628
v 0.4528 -6.7575 0.6794
v 0.5406 -6.5616 0.6532
v 0.5449 -6.1776 0.6690
v 0.5791 -5.7894 0.6852
v 0.7472 -7.2828 0.6391
v 0.6241 -7.2094 0.6209
v 0.9461 -7.2972 0.6020
v 0.8422 -7.3608 0.6242
v 0.7003 -6.9620 0.6369
v 0.6083 -7.0688 0.6248
v 0.5995 -5.2038 0.7577
v 0.6506 -5.0167 0.7053
v 0.6352 -5.4057 0.6970
v 0.8622 -4.1070 0.2975
v 0.7641 -4.1814 0.4334
v 0.8146 -4.2873 0.2098
v 0.8563 -4.3997 0.3887
v 0.8562 -4.1125 0.4261
v 0.7579 -4.7273 0.6916
v 0.8667 -4.4110 0.7412
v 0.9797 -4.4059 0.7802
v 1.0552 -4.3905 0.6432
v 0.9200 -4.4672 0.5462
v 0.8665 -4.3474 0.5154
v 1.0037 -4.7163 0.7489
v 0.8840 -4.7089 0.7045
v 2.5476 -7.4568 0.4143
v 2.7261 -7.3167 0.2976
v 2.3660 -7.4062 0.5836
v 2.6126 -7.3458 0.3678
v 2.4450 -7.5001 0.5066
v 2.4404 -7.3710 0.4812
v 2.5344 -7.4252 -0.2853
v 2.3595 -7.3435 -0.3849
v 2.6933 -7.3318 -0.1701
v 2.0177 -7.3556 -0.8681
v 1.9022 -7.2577 -1.0247
v 2.1156 -7.2881 -0.6658
v 1.9530 -7.3607 -0.9746
v 2.0795 -7.3755 -0.7553
v 1.7400 -7.3343 -1.1370
v 1.5520 -7.2724 -1.0703
v 1.8514 -7.3526 -1.0856
v 1.6165 -7.3606 -1.1331
v 1.4663 -7.3955 -0.9136
v 1.3873 -7.3543 -0.6920
v 1.5167 -7.3873 -1.0292
v 1.4325 -7.3297 -0.8093
v 2.2751 -4.5232 0.3612
v 2.1426 -4.5472 0.2093
v 2.2966 -4.5450 0.0685
v 2.3834 -4.6049 0.1768
v 2.2400 -4.6812 0.0678
v 2.2170 -5.0639 0.0227
v 2.2682 -4.8742 0.0351
v 2.1064 -4.8297 0.0359
v 2.2032 -4.7925 0.0933
v 2.1607 -4.9483 0.0522
v 1.9639 -4.1287 0.4462
v 2.0312 -4.1859 0.5926
v 2.0194 -4.1566 0.2370
v 2.0178 -4.2205 0.7386
v 1.1144 -4.1517 -0.1744
v 0.9874 -4.3302 -0.2091
v 1.5335 -4.0449 -0.2306
v 1.3750 -4.1579 -0.2641
v 1.6019 -4.0072 -0.2136
v 1.4635 -4.0537 -0.3395
v 1.7853 -4.1448 -0.3047
v 0.7032 -5.8260 0.9053
v 0.6193 -6.0070 0.9243
v 0.6837 -6.2163 0.9223
v 0.6270 -7.0329 0.9626
v 0.5704 -6.8912 0.9488
v 0.5999 -6.7221 0.9415
v 0.8565 -6.6343 0.9385
v 0.6362 -6.4781 0.9359
v 0.4943 -6.5271 0.9057
v 0.8950 -7.2167 1.2149
v 0.8408 -7.1763 1.0918
v 0.8197 -6.9931 1.0050
v 0.9185 -7.3664 1.4679
v 0.9671 -7.3269 1.6091
v 1.0840 -7.4431 1.7060
v 1.2639 -7.5561 1.6926
v 1.4256 -7.4976 1.5622
v 1.8539 -4.2521 0.8326
v 1.5907 -4.2142 0.8094
v 1.7953 -4.2827 0.7926
v 1.5518 -7.6047 1.4261
v 1.7126 -7.5368 1.3007
v 2.0984 -7.4548 1.2428
v 0.7103 -5.0336 0.9087
v 0.9026 -5.1458 0.7982
v 0.9520 -5.0151 0.7921
v 0.6234 -5.4147 0.9012
v 0.6866 -5.6263 0.9187
v 1.0467 -4.6496 0.8548
v 0.9981 -4.7822 0.8629
v 1.1581 -5.0776 0.8805
v 1.3881 -4.4155 1.0802
v 1.2663 -4.5434 1.0310
v 1.4803 -4.5138 1.1290
v 1.0889 -7.5335 -0.5329
v 0.9000 -7.4353 -0.5802
v 0.5129 -7.3599 -0.5868
v 0.3136 -7.4125 -0.2756
v 0.8749 -4.0781 -0.0450
v 0.9937 -4.1883 -0.1676
v 0.9009 -4.2342 0.0964
v 0.8318 -7.5964 0.2511
v 0.9847 -7.5031 0.3825
v 0.8232 -7.2527 0.2362
v 0.4907 -7.5756 0.0497
v 0.5067 -7.2373 0.1118
v 0.3584 -7.4604 -0.0863
v 0.4389 -6.5612 0.7208
v 0.5233 -6.3719 0.6653
v 0.7615 -6.4444 0.6558
v 0.6269 -6.4573 0.6416
v 0.6547 -6.3142 0.6421
v 0.6542 -5.9913 0.6445
v 0.5941 -6.8941 0.6327
v 0.7427 -6.8183 0.6458
v 0.7284 -6.6300 0.6474
v 0.6138 -6.6522 0.6403
v 0.9433 -6.5731 0.6357
v 0.8234 -6.5516 0.6560
v 0.8703 -6.9608 0.6472
v 1.0003 -6.8987 0.3691
v 1.0169 -6.8923 0.5548
v 1.0253 -6.7137 0.5617
v 1.0138 -7.1140 0.4682
v 1.0534 -6.4867 0.4295
v 0.9665 -7.0640 0.6001
v 1.0206 -6.9846 0.4633
v 1.0424 -6.5762 0.5366
v 1.0141 -6.6780 0.3658
v 0.6326 -4.9204 0.7693
v 0.7434 -4.9218 0.6637
v 0.9169 -5.0354 0.7169
v 0.5632 -5.3985 0.7923
v 0.8387 -5.3920 0.6735
v 0.6841 -5.6083 0.6536
v 0.8299 -4.1076 0.3638
v 0.6849 -4.1453 0.2619
v 0.7866 -4.3784 0.3927
v 0.8847 -4.1673 0.2108
v 0.8672 -4.3800 0.2521
v 0.9560 -4.6073 0.7645
v 1.0583 -4.6448 0.5665
v 1.0622 -4.5207 0.6132
v 2.7233 -7.4624 0.3099
v 2.8388 -7.3757 0.1648
v 2.8344 -7.3360 -0.0300
v 2.8076 -7.1824 0.1795
v 2.3491 -7.5066 0.7377
v 2.2972 -7.1386 0.8570
v 2.3162 -7.3089 0.7520
v 2.3753 -7.4578 -0.4035
v 2.3921 -7.1760 -0.3231
v 2.2816 -7.2196 -0.4132
v 2.1968 -7.2834 -0.5304
v 2.1702 -7.3857 -0.6031
v 2.2834 -6.9453 -0.3397
v 2.2917 -7.0851 -0.3667
v 2.7045 -7.4476 -0.1811
v 2.6222 -7.1664 -0.1883
v 2.6830 -6.9271 -0.1193
v 2.7437 -7.2041 -0.1112
v 2.7041 -7.0680 -0.1253
v 1.8883 -7.0066 -0.9988
v 1.5138 -7.1101 -1.0052
v 1.6324 -7.0313 -1.0892
v 1.6030 -7.1563 -1.0918
v 1.7399 -6.7951 -1.0482
v 1.7739 -7.0340 -1.0783
v 1.8603 -7.1308 -1.0422
v 1.6468 -6.8946 -1.0719
v 1.4005 -7.4810 -0.7400
v 1.2795 -7.4492 -0.5720
v 1.2869 -7.2290 -0.5356
v 1.3222 -7.3346 -0.5891
v 2.0660 -4.3776 0.2271
v 2.0730 -4.3110 0.3504
v 2.0504 -4.3617 0.3577
v 2.1075 -4.3559 0.5429
v 1.9864 -4.3164 0.5088
v 1.9264 -4.2392 0.6145
v 1.9846 -4.1362 0.6579
v 2.0285 -5.1583 0.5855
v 2.0244 -4.1223 0.3582
v 1.0660 -4.2908 -0.1116
v 1.4516 -4.2696 -0.3691
v 1.3149 -4.5667 -0.4062
v 1.2256 -4.2612 -0.3535
v 1.4223 -4.4354 -0.4032
v 1.3395 -4.2180 -0.3612
v 1.5305 -4.6177 -0.4783
v 1.2655 -4.4154 -0.3876
v 1.1424 -4.5595 -0.3121
v 1.1518 -4.3798 -0.3212
v 1.5394 -4.5127 -0.3832
v 1.5828 -4.2625 -0.4927
v 1.6938 -4.3133 -0.3877
v 1.4728 -4.4342 -0.5668
v 1.6427 -4.1823 -0.3882
v 1.6964 -4.5384 -0.5226
v 1.6540 -4.3950 -0.5075
v 1.7251 -4.4620 -0.4173
v 1.9008 -4.5635 -0.4696
v 2.0451 -4.7621 -0.3990
v 2.0484 -4.6605 -0.3073
v 0.5720 -5.8006 0.8985
v 0.7297 -5.9500 0.8995
v 0.6619 -6.3370 0.9301
v 0.9131 -6.2591 0.8839
v 0.7054 -6.0955 0.9161
v 0.5587 -6.1400 0.9099
v 0.5129 -7.0536 0.9545
v 0.6090 -7.1611 0.9753
v 0.7463 -6.5609 0.9120
v 0.4614 -6.6506 0.8940
v 0.7371 -7.0777 0.9812
v 0.9616 -6.7885 1.1577
v 0.7143 -6.9355 0.9525
v 1.1678 -7.3489 1.6931
v 1.3640 -7.1460 1.5831
v 1.2383 -7.2067 1.6631
v 1.1499 -6.8279 1.6349
v 1.2350 -7.0082 1.6475
v 0.9930 -7.5155 1.6682
v 1.4202 -7.6134 1.5792
v 1.4502 -7.3213 1.4824
v 1.9097 -4.3541 0.7330
v 1.7486 -4.4661 0.7890
v 1.6237 -4.4648 0.8160
v 1.3996 -4.4244 0.8654
v 1.4587 -4.2600 0.8264
v 1.6620 -4.7088 0.9702
v 1.6738 -4.3650 0.9667
v 1.4774 -4.2410 0.8494
v 1.7538 -4.6182 0.8644
v 1.7482 -4.3719 0.8686
v 1.6118 -4.8515 0.8048
v 1.6702 -4.5366 0.9913
v 1.6524 -4.7144 0.8119
v 1.8111 -4.6374 1.0649
v 1.7687 -4.4459 1.0180
v 1.7264 -7.6490 1.3348
v 1.9067 -7.5364 1.2577
v 1.6425 -7.3575 1.2708
v 2.1104 -7.5932 1.2451
v 2.2586 -7.4973 1.1209
v 2.3315 -7.4953 0.9357
v 1.1375 -5.0551 0.7513
v 1.1087 -5.5664 0.9193
v 0.8959 -7.5512 -0.5844
v 0.7057 -7.4299 -0.6209
v 0.9662 -7.2815 -0.5325
v 0.8332 -7.3027 -0.5971
v 0.8884 -7.0487 -0.5554
v 0.8842 -7.1819 -0.5692
v 0.5056 -7.4972 -0.5953
v 0.3059 -7.5352 -0.2876
v 0.3655 -7.2876 -0.4478
v 0.3798 -7.4368 -0.5115
v 0.3321 -7.4002 -0.4002
v 0.8804 -4.2902 -0.2821
v 0.9213 -4.3941 -0.0169
v 0.9998 -7.3825 0.4821
v 1.0073 -7.2473 0.4924
v 0.9464 -7.3444 0.3199
v 0.9515 -7.1721 0.3185
v 0.8301 -7.0798 0.2375
v 0.9478 -7.0242 0.3087
v 0.7073 -6.8162 0.2234
v 0.8421 -6.9134 0.2429
v 0.7071 -6.9629 0.2125
v 0.8560 -6.7463 0.2586
v 0.6849 -7.2468 0.1895
v 0.7772 -7.3699 0.2161
v 0.5452 -7.3587 0.1234
v 0.4044 -7.3159 -0.0032
v 0.3722 -7.0434 -0.0294
v 0.4977 -6.9643 0.1358
v 0.3351 -7.3134 -0.1481
v 0.4130 -7.1732 0.0216
v 0.4857 -7.1004 0.1136
v 0.3457 -7.1652 -0.1104
v 0.6634 -5.8695 0.6457
v 0.8634 -5.9920 0.6685
v 0.6445 -6.1130 0.6435
v 0.5314 -6.0380 0.6983
v 0.9950 -6.3007 0.6261
v 1.0347 -6.4305 0.5653
v 0.9832 -6.5517 0.3349
v 0.8266 -6.1171 0.3109
v 0.8792 -6.3453 0.2911
v 1.0260 -6.7877 0.4460
v 0.8552 -5.1707 0.6873
v 0.7772 -5.0578 0.6632
v 1.0034 -4.8879 0.7308
v 1.0955 -4.7940 0.6313
v 0.9979 -4.8228 0.3855
v 1.1050 -5.0582 0.5424
v 1.0445 -4.7679 0.5044
v 0.9342 -4.6271 0.4014
v 1.0571 -4.9213 0.4906
v 0.9932 -4.9649 0.3697
v 1.0586 -5.0181 0.6789
v 0.8911 -4.5126 0.4299
v 1.1016 -4.9213 0.6099
v 0.7287 -5.3376 0.6507
v 1.1009 -5.6020 0.4857
v 0.6744 -5.7277 0.6497
v 0.5662 -5.6511 0.7172
v 0.7383 -5.4819 0.6463
v 0.9507 -5.6253 0.6790
v 0.8194 -5.5915 0.6611
v 0.6797 -4.2698 0.2193
v 0.6579 -4.2477 0.3709
v 0.8327 -4.2718 0.3739
v 1.0672 -4.6234 0.6912
v 2.8313 -7.2709 0.0845
v 2.6455 -7.0814 0.3407
v 2.2965 -7.0922 0.5916
v 2.3514 -7.2438 0.5445
v 2.4030 -7.1036 0.4530
v 2.3034 -7.2057 0.6653
v 2.5162 -7.0398 0.3894
v 2.2680 -7.3870 -0.4768
v 1.1661 -7.2873 -0.4883
v 1.2761 -6.9313 -0.4647
v 1.4044 -7.1400 -0.6920
v 1.4483 -7.0130 -0.8424
v 1.9558 -4.1699 0.4888
v 2.0967 -4.8207 0.4267
v 2.0286 -4.6213 0.5328
v 2.1168 -4.5021 0.5258
v 1.9993 -4.4468 0.5252
v 2.1776 -4.6508 0.4282
v 2.1088 -4.7266 0.5214
v 2.1515 -4.8185 0.7673
v 1.9791 -4.7544 0.6792
v 2.1625 -4.7808 0.2326
v 2.1842 -4.7557 0.3570
v 1.0492 -4.2519 -0.1390
v 0.9901 -4.4942 -0.0562
v 1.0268 -4.1749 -0.1185
v 1.1045 -4.1425 -0.1431
v 1.1866 -4.2628 -0.2222
v 1.2182 -4.0983 -0.2789
v 1.2182 -4.7138 -0.3573
v 1.4113 -4.7532 -0.3820
v 1.2574 -5.2890 -0.2850
v 1.1910 -5.0035 -0.3057
v 1.1670 -4.8509 -0.3014
v 1.3145 -4.9030 -0.3961
v 1.2998 -4.7853 -0.4016
v 1.4368 -4.9611 -0.5364
v 1.3686 -5.1166 -0.3670
v 1.4751 -4.8986 -0.3954
v 1.4318 -4.7749 -0.5261
v 1.4773 -5.0398 -0.4205
v 1.2942 -5.0207 -0.3686
v 1.5126 -4.7326 -0.4440
v 1.4440 -4.6512 -0.5759
v 1.4607 -4.2227 -0.3779
v 1.5331 -4.1320 -0.4111
v 1.4687 -4.3375 -0.4621
v 0.8057 -6.1789 0.8825
v 0.5259 -6.2645 0.9003
v 0.9220 -6.9325 1.1078
v 0.8887 -6.7982 0.9973
v 0.7947 -6.7423 0.9386
v 1.3893 -6.9343 1.5056
v 0.9971 -7.0305 1.5797
v 0.9844 -7.1787 1.5972
v 0.9317 -7.1183 1.4355
v 0.9434 -6.9268 1.3275
v 0.9221 -7.1105 1.2986
v 0.9350 -7.2378 1.4904
v 0.9478 -6.9795 1.4579
v 1.0109 -6.8690 1.5608
v 1.0070 -6.3492 1.4543
v 1.0373 -6.6030 1.5392
v 1.0566 -6.7365 1.5812
v 0.9570 -6.7342 1.4011
v 0.9567 -6.8527 1.4472
v 1.5204 -7.3417 1.3747
v 1.4443 -7.1711 1.4556
v 1.3578 -7.3030 1.6109
v 1.8075 -4.3554 0.7944
v 2.0352 -4.5659 0.8835
v 1.8856 -4.2023 0.7572
v 1.7976 -4.3176 0.9397
v 1.6789 -4.1994 0.9049
v 1.9696 -7.4178 1.2500
v 1.8025 -7.4338 1.2471
v 1.7153 -7.1067 1.1864
v 2.2633 -7.6149 1.1158
v 2.2306 -7.1921 1.1475
v 2.0696 -7.2523 1.2362
v 2.3330 -7.4138 0.8313
v 2.3084 -7.3061 1.0002
v 0.9476 -5.4768 0.7635
v 0.9952 -5.2981 0.7355
v 0.8957 -5.3609 0.7850
v 1.1033 -5.4083 0.8303
v 1.1213 -5.2132 0.7961
v 1.0196 -5.2790 1.1803
v 1.0946 -5.2489 0.9879
v 1.1082 -5.4156 0.9967
v 1.0479 -5.3299 1.0686
v 0.6347 -7.3177 -0.6162
v 0.3915 -7.0444 -0.4366
v 0.5189 -7.1435 -0.5749
v 0.8515 -4.3314 -0.1579
v 0.8866 -4.2002 -0.2052
v 1.0104 -4.2316 -0.3044
v 0.9136 -4.2761 -0.0079
v 0.6631 -4.7226 -0.0197
v 0.7236 -4.2905 0.0042
v 0.7575 -4.1535 0.1041
v 0.8154 -4.2052 0.0071
v 0.9629 -6.7868 0.3176
v 0.3636 -6.6521 -0.0518
v 0.5382 -5.9089 0.7129
v 0.9120 -6.4250 0.6542
v 0.8208 -6.3114 0.6639
v 0.9471 -6.1402 0.6594
v 0.8268 -6.1104 0.6620
v 0.8503 -4.7342 0.2561
v 0.8852 -4.8941 0.2676
v 0.5214 -4.8598 0.2995
v 0.7000 -5.0070 0.3888
v 0.8082 -4.9894 0.3147
v 0.9588 -4.5843 0.5187
v 0.5755 -5.5190 0.7287
v 1.0319 -5.4374 0.6572
v 0.9927 -5.8291 0.6492
v 2.7255 -7.1796 0.2890
v 2.7756 -6.9045 0.1713
v 2.7545 -7.0363 0.2452
v 2.6284 -6.8314 0.3455
v 2.7992 -7.0323 0.1085
v 2.6779 -6.9531 0.3174
v 2.7768 -6.9793 -0.0235
v 1.2299 -7.0897 -0.4688
v 1.3525 -7.0373 -0.5702
v 1.4368 -7.1303 -0.8094
v 1.4269 -6.5975 -0.7738
v 1.3878 -6.8010 -0.6365
v 1.3618 -6.9060 -0.5613
v 1.4094 -6.9402 -0.7080
v 1.4399 -6.7855 -0.8238
v 1.5468 -6.7116 -1.0009
v 2.1377 -4.5728 0.3338
v 1.9860 -4.5647 0.7096
v 2.0215 -4.9587 0.6762
v 0.9506 -4.3813 -0.0894
v 1.0957 -4.5922 -0.1514
v 1.0850 -4.4657 -0.1398
v 0.9562 -4.2608 -0.1143
v 1.0574 -4.0936 -0.1954
v 1.2053 -4.1003 -0.2171
v 1.4426 -4.6179 -0.3668
v 1.3440 -7.0209 1.5849
v 1.2947 -6.8721 1.6094
v 1.3689 -6.7989 1.5207
v 1.2959 -6.5303 1.5734
v 1.1789 -6.6349 1.6084
v 1.3560 -6.6539 1.5231
v 1.1031 -6.9606 1.6396
v 1.0977 -7.1072 1.6602
v 0.9741 -6.5324 1.3594
v 0.9582 -6.8024 1.2882
v 0.9715 -6.6466 1.2406
v 1.0059 -6.3882 1.1097
v 0.9753 -6.6404 1.0664
v 0.9795 -6.4970 1.2117
v 0.9737 -6.3271 1.2780
v 0.9618 -6.4904 0.9671
v 0.9793 -6.4136 1.3581
v 1.0712 -5.7873 1.4216
v 1.0024 -5.5740 1.2281
v 1.0102 -5.4325 1.1722
v 1.0614 -5.5596 1.0765
v 0.9909 -6.5159 1.0873
v 0.9960 -6.3458 0.9695
v 1.0509 -5.9668 1.0914
v 1.0441 -6.1482 0.9949
v 1.0113 -6.0687 1.3997
v 1.0376 -5.7597 1.1297
v 1.0192 -6.2184 1.1514
v 0.9854 -6.2178 1.3829
v 0.9838 -6.1279 1.2655
v 1.0258 -6.0846 1.1475
v 1.9111 -4.5027 0.8018
v 1.8323 -4.5916 0.9106
v 2.0749 -4.3965 0.7818
v 1.8464 -4.2206 0.7018
v 1.6295 -7.2156 1.2345
v 1.7507 -7.2840 1.2216
v 2.2065 -7.3521 1.1749
v 2.0944 -7.0386 1.2160
v 2.3017 -7.4247 1.0318
v 2.3141 -7.2667 0.8758
v 2.2981 -7.1503 1.0129
v 2.2935 -6.9482 0.9496
v 2.2532 -7.0382 1.1151
v 0.8228 -5.5724 0.8298
v 0.9922 -5.6646 0.7948
v 0.8981 -5.8473 0.8287
v 1.1463 -5.2998 0.8829
v 1.0232 -5.0733 1.1033
v 0.3535 -7.1661 -0.3851
v 0.4480 -7.2518 -0.5454
v 0.5394 -6.9155 -0.5551
v 0.8268 -4.5771 -0.0486
v 0.3884 -6.8445 0.0133
v 0.9520 -4.7244 0.3253
v 0.6851 -4.6065 0.4043
v 0.9187 -5.4965 0.6907
v 0.9518 -5.3531 0.6967
v 1.1072 -5.2810 0.5242
v 1.0636 -5.5702 0.6179
v 1.0806 -5.7217 0.5816
v 0.9853 -5.8500 0.3359
v 1.0820 -5.7514 0.4223
v 1.0890 -5.9229 0.4540
v 1.0811 -5.8488 0.5595
v 0.9938 -6.0371 0.3370
v 0.9718 -6.2060 0.3244
v 1.0705 -6.3050 0.4396
v 0.9997 -6.3868 0.3488
v 0.9754 -5.9493 0.6534
v 0.8747 -5.8664 0.6701
v 1.4111 -6.7132 -0.7246
v 1.4706 -6.8927 -0.8956
v 1.4715 -6.6637 -0.8908
v 1.4901 -6.4522 -0.9176
v 1.7192 -6.5788 -1.0142
v 2.1079 -4.6697 0.7190
v 2.1192 -4.5276 0.7408
v 2.1246 -4.7036 0.8787
v 1.9838 -4.6997 0.9385
v 2.0996 -4.9458 0.9765
v 2.0680 -4.8097 0.9559
v 2.0395 -4.8486 0.7289
v 2.0463 -4.9955 0.4880
v 2.0089 -4.8528 0.5566
v 1.2770 -6.7339 1.6034
v 0.9760 -6.6215 1.4382
v 1.0061 -6.4830 1.4823
v 1.1559 -6.3956 1.5688
v 1.1432 -6.1832 1.5267
v 1.1269 -6.5207 1.5795
v 0.9553 -6.1059 0.8705
v 0.9209 -5.9797 0.8382
v 1.0504 -5.9904 0.9326
v 0.9905 -5.8929 1.2694
v 1.0019 -5.7277 1.2864
v 1.9881 -4.3205 0.8155
v 2.0402 -4.3257 0.6713
v 2.1338 -7.1530 1.2082
v 1.8417 -6.6487 1.1303
v 1.9259 -7.1274 1.2311
v 1.8143 -7.1779 1.2101
v 2.2695 -6.9702 0.7503
v 2.2598 -6.4185 0.8813
v 1.0434 -5.5468 0.8110
v 1.0838 -5.7632 0.9391
v 1.0779 -5.8791 0.9993
v 0.8610 -5.7097 0.8276
v 1.0681 -5.0292 0.9791
v 1.0266 -5.1998 1.0832
v 1.3602 -5.0799 1.3276
v 1.2257 -5.4001 1.4083
v 1.0623 -5.3652 1.3345
v 1.0987 -5.5532 1.3947
v 1.1884 -5.1968 1.3626
v 1.0544 -5.6696 1.3832
v 1.1571 -5.3099 1.3758
v 1.0649 -5.2261 1.3028
v 1.1398 -4.8331 1.2555
v 1.1014 -5.0275 1.2935
v 1.2098 -4.6396 1.2006
v 1.2268 -4.5384 1.1419
v 0.4792 -7.0281 -0.5307
v 0.6628 -7.0371 -0.6137
v 0.7772 -7.0990 -0.6013
v 0.9175 -4.4981 -0.0877
v 0.8199 -4.7041 -0.2608
v 0.6323 -4.4973 0.0249
v 0.7036 -4.4510 0.1876
v 0.6686 -4.3846 0.0806
v 0.5107 -4.6238 0.2007
v 0.6238 -4.5578 0.1501
v 0.5482 -4.6511 0.0531
v 0.5464 -4.4894 0.2630
v 0.5054 -4.8990 0.0655
v 0.5681 -4.6164 0.3290
v 0.6424 -4.4693 0.3667
v 0.4847 -4.7664 0.1437
v 0.5550 -4.7804 0.0308
v 0.7715 -4.4284 -0.0547
v 0.4130 -6.9589 0.0484
v 0.5094 -6.7491 0.1644
v 0.3534 -6.8154 -0.1975
v 0.3318 -7.0053 -0.2160
v 0.7818 -4.6195 0.3018
v 1.0663 -5.3185 0.6359
v 1.0881 -5.1749 0.6186
v 1.0337 -5.1614 0.3960
v 1.1078 -5.4428 0.5158
v 1.0603 -6.1789 0.5430
v 1.0804 -6.0694 0.4494
v 1.0614 -6.1856 0.4079
v 1.3746 -6.1238 -0.4868
v 1.4579 -5.5536 -0.7552
v 1.4004 -5.3152 -0.5581
v 1.4710 -5.1990 -0.4659
v 1.4110 -5.1274 -0.6521
v 1.4202 -5.3650 -0.3671
v 1.6662 -6.6919 -1.0384
v 1.5691 -6.5595 -0.9936
v 2.0011 -6.4238 -0.7182
v 1.9085 -6.6836 -0.9315
v 2.1896 -5.1367 0.8085
v 2.4799 -5.3514 0.3426
v 2.1486 -4.9933 0.2738
v 1.1757 -5.9660 1.5027
v 1.0981 -6.2982 1.5196
v 1.0267 -5.8726 1.1600
v 1.0321 -5.9255 1.4019
v 2.0085 -6.8083 1.2109
v 2.2922 -7.0201 0.8551
v 2.2843 -7.0980 0.7351
v 2.2700 -6.8831 0.5569
v 2.2774 -6.6764 0.9686
v 1.0764 -5.6819 1.0388
v 1.0156 -5.7885 0.8300
v 0.7610 -5.7200 0.8957
v 1.0361 -5.4864 1.3114
v 1.3717 -5.2735 1.3637
v 1.0309 -4.9115 1.1572
v 1.0441 -4.7499 1.1579
v 1.2247 -5.0671 1.3376
v 1.0495 -5.1245 1.2204
v 1.0891 -4.5824 1.1503
v 1.3529 -4.8219 1.2076
v 1.3036 -4.9350 1.3047
v 1.3492 -4.6731 1.1044
v 0.8789 -4.6018 -0.1800
v 0.9494 -4.5627 -0.3779
v 0.9622 -4.7276 -0.1909
v 0.9816 -4.6338 -0.0839
v 1.0209 -4.5835 -0.2341
v 1.0225 -4.4509 -0.3016
v 0.8154 -4.7426 -0.0933
v 0.7847 -4.8496 -0.2101
v 0.6861 -4.9332 -0.0391
v 0.7333 -4.8196 -0.0431
v 0.6965 -4.5949 -0.0373
v 0.4092 -6.7139 0.0688
v 0.5050 -6.3618 0.2043
v 0.4120 -6.5070 0.0886
v 0.4571 -6.8494 0.1153
v 0.5832 -6.8659 0.1848
v 0.6555 -6.6054 0.2344
v 0.7418 -6.6969 0.2404
v 0.3548 -6.7722 -0.0816
v 0.3836 -6.5897 -0.2871
v 0.3484 -6.9212 -0.1009
v 0.3605 -6.9014 -0.3134
v 1.0437 -5.0495 0.4392
v 1.3999 -6.3320 -0.6778
v 1.3555 -6.5504 -0.4879
v 1.3970 -6.5999 -0.6251
v 1.3916 -6.4551 -0.5952
v 1.3311 -6.3360 -0.4067
v 1.4915 -5.3217 -0.7506
v 1.4507 -5.0906 -0.5366
v 1.5285 -4.9347 -0.7123
v 1.4406 -4.8612 -0.6348
v 1.3663 -5.2464 -0.3462
v 1.3852 -5.5725 -0.5182
v 1.2556 -5.5846 -0.2369
v 1.8775 -6.4413 -0.9149
v 1.7989 -6.6843 -1.0055
v 2.0830 -5.0921 0.7118
v 2.1711 -4.9784 0.7818
v 2.1644 -4.8908 0.8765
v 2.1751 -5.0398 0.9082
v 1.8510 -5.4379 1.1108
v 2.0202 -5.2053 1.0904
v 2.0930 -5.0906 1.0249
v 1.8907 -5.0058 1.1181
v 2.0065 -4.9960 1.0561
v 1.9865 -4.8812 1.0159
v 2.4966 -5.0866 0.1327
v 2.0915 -4.9416 0.3788
v 2.0919 -5.1763 0.3784
v 1.1020 -6.0689 1.4880
v 1.4470 -6.1842 1.2661
v 1.4263 -6.4540 1.3412
v 1.3849 -6.5269 1.4588
v 1.3472 -6.2975 1.4988
v 1.3926 -5.7135 1.3986
v 1.2219 -5.6764 1.4673
v 1.2975 -5.8388 1.4791
v 1.3337 -5.5443 1.4211
v 1.1705 -5.8393 1.4820
v 1.3653 -6.0621 1.4454
v 1.2125 -5.5221 1.4315
v 1.3628 -5.4117 1.3870
v 1.4888 -5.4091 1.0193
v 1.5028 -5.3809 1.2278
v 1.3015 -5.9646 1.4965
v 1.4325 -5.9038 1.3484
v 1.4727 -5.5744 1.2753
v 2.1079 -6.9020 1.2062
v 1.8456 -6.9401 1.1755
v 1.9785 -6.9584 1.2200
v 2.2649 -6.9806 0.6293
v 2.3347 -6.9931 0.5034
v 2.3728 -6.5855 0.4074
v 2.2743 -6.8169 1.0162
v 2.2753 -6.8024 0.8313
v 2.2437 -6.8389 0.6935
v 2.2318 -6.6597 0.5568
v 2.2420 -6.6021 0.7771
v 2.2714 -6.6867 0.8519
v 1.3037 -5.1772 1.3617
v 1.2453 -4.7585 1.2432
v 1.1832 -4.9389 1.3003
v 0.8588 -4.4374 -0.3399
v 0.8034 -4.5805 -0.3476
v 0.8928 -4.8042 -0.4307
v 0.7906 -4.7140 -0.3966
v 0.7494 -4.8090 -0.3229
v 0.4176 -5.6513 -0.0525
v 0.6220 -6.7243 0.2134
v 0.7414 -6.4536 0.2662
v 0.7023 -6.2640 0.2866
v 0.5999 -6.4697 0.2338
v 0.5078 -6.5869 0.1841
v 0.3717 -6.7256 -0.2991
v 0.3733 -6.4361 -0.1204
v 1.4287 -6.4440 -0.7777
v 1.4974 -6.1725 -0.8840
v 1.4566 -6.3170 -0.8566
v 1.5658 -6.2837 -0.9408
v 1.4109 -5.2568 -0.6739
v 1.4291 -4.9974 -0.6586
v 1.3963 -5.4363 -0.4859
v 1.3885 -5.4505 -0.6490
v 1.3875 -5.5418 -0.3447
v 1.3703 -5.8421 -0.3776
v 1.3021 -5.4376 -0.2665
v 1.3901 -5.6875 -0.4078
v 1.3018 -5.7324 -0.2814
v 1.2200 -5.9209 -0.2612
v 1.1670 -5.7055 -0.2164
v 0.9537 -5.3253 -0.4402
v 1.0000 -5.5468 -0.3173
v 1.0461 -5.6603 -0.2586
v 1.0937 -5.3877 -0.1670
v 1.2137 -5.3747 -0.2028
v 1.7694 -6.4576 -0.9901
v 2.3889 -5.0071 0.0103
v 2.4133 -4.8671 0.0639
v 2.4436 -4.8048 0.2485
v 2.0527 -5.1155 0.4755
v 2.0953 -5.7217 0.5395
v 2.3061 -5.1848 0.3076
v 1.2295 -6.2819 1.5624
v 1.2860 -6.1483 1.5336
v 1.5491 -5.1820 1.0954
v 1.4387 -6.0482 1.3209
v 1.4642 -6.0340 1.0888
v 1.4514 -5.4557 1.3113
v 1.4691 -5.7612 1.2311
v 1.5049 -5.5123 1.1357
v 1.5222 -5.6580 0.9193
v 1.4849 -5.5490 1.0011
v 1.4709 -5.6660 1.1063
v 1.4631 -5.8489 1.0650
v 1.4534 -5.9079 1.2008
v 1.5083 -5.9500 1.0129
v 1.4814 -5.7404 1.0047
v 1.8683 -6.7927 1.1607
v 1.5647 -6.7739 1.1476
v 1.7201 -6.7523 1.1146
v 1.6689 -6.9209 1.1498
v 1.5373 -7.0355 1.2483
v 1.5397 -6.9016 1.2032
v 1.4713 -6.7776 1.2740
v 1.4824 -6.5874 1.1919
v 1.4375 -6.8724 1.3813
v 1.4547 -7.0268 1.3973
v 1.6553 -6.5465 1.0621
v 1.6216 -6.6688 1.0943
v 2.3479 -6.7654 0.4377
v 2.4859 -6.7993 0.3852
v 2.2946 -6.6606 0.4559
v 2.2646 -6.7692 0.5224
v 2.2746 -6.5544 0.9032
v 2.1179 -6.4350 1.1753
v 2.2423 -6.5358 1.0837
v 2.2120 -6.7039 1.1409
v 2.2464 -6.3388 1.0600
v 2.1804 -6.3881 0.6247
v 2.2336 -6.4879 0.4786
v 2.3705 -6.4001 0.3873
v 2.1992 -6.3530 0.4915
v 2.6750 -6.4969 0.2820
v 2.5905 -6.6491 0.3502
v 2.6216 -6.0628 0.2853
v 2.7297 -6.7069 0.2136
v 2.5213 -6.4878 0.3673
v 2.4675 -6.6710 0.3849
v 2.4696 -6.2012 0.3652
v 2.6852 -6.6178 0.2822
v 2.3745 -6.2776 0.3803
v 2.6099 -6.3233 0.3272
v 2.6503 -6.2878 -0.0256
v 2.5967 -6.1891 0.3256
v 2.6978 -6.2485 0.1643
v 2.6865 -6.3721 0.2248
v 0.5112 -5.2799 -0.0072
v 0.8208 -6.2382 0.2980
v 0.4845 -5.9241 0.2273
v 0.3705 -6.5264 -0.0305
v 0.3931 -6.3022 0.0423
v 1.3405 -6.0145 -0.3515
v 1.2999 -6.1800 -0.3447
v 1.0138 -6.3481 -0.4095
v 1.1706 -6.3141 -0.3082
v 1.2316 -6.4918 -0.3531
v 1.0286 -6.0821 -0.3496
v 1.1071 -6.4307 -0.3489
v 1.1138 -6.5738 -0.3683
v 1.2590 -6.6782 -0.4020
v 1.3412 -6.7697 -0.4940
v 1.1542 -6.1566 -0.2865
v 1.0506 -6.2218 -0.3577
v 1.1248 -6.0213 -0.2706
v 1.1916 -6.8168 -0.4059
v 1.0041 -6.8986 -0.4620
v 1.1331 -6.9760 -0.4340
v 0.7809 -6.7759 -0.5934
v 0.9073 -6.5633 -0.5225
v 1.0033 -6.4934 -0.4343
v 0.6780 -6.8863 -0.6078
v 0.8208 -6.9192 -0.5838
v 2.3298 -4.8595 0.2964
v 2.4750 -4.9415 0.1830
v 2.4815 -5.0814 0.3374
v 2.0620 -5.4374 0.5029
v 2.1809 -5.1303 0.2790
v 1.5307 -5.3166 1.1127
v 1.4914 -5.1846 1.2643
v 1.5357 -4.9470 1.1905
v 1.4349 -4.9071 1.2737
v 1.5171 -4.7973 1.2072
v 1.5266 -4.8535 1.0211
v 1.4335 -4.7274 0.8653
v 1.4801 -5.0466 1.2687
v 1.6329 -7.0255 1.1842
v 1.4320 -6.6043 1.3323
v 1.4793 -6.3697 1.1429
v 1.8632 -6.3735 1.1182
v 2.2639 -6.4467 1.0010
v 2.2095 -6.0102 0.8147
v 2.1463 -6.1428 0.6143
v 2.2221 -6.4601 0.7452
v 2.2009 -6.5321 0.6204
v 2.7145 -6.8276 0.2522
v 2.7489 -6.7622 0.0085
v 2.3394 -5.8597 0.3697
v 0.5597 -5.0836 0.0054
v 0.6229 -6.0683 0.2928
v 0.4228 -6.3899 0.1198
v 0.4623 -6.0292 -0.3114
v 1.3225 -6.4551 -0.4221
v 1.0126 -7.0447 -0.4793
v 0.9389 -6.7379 -0.5040
v 0.9089 -6.8549 -0.5272
v 2.3932 -4.7734 0.3483
v 2.2815 -4.7374 0.2734
v 2.2287 -4.8970 0.2158
v 2.3216 -5.0241 0.2644
v 2.4335 -5.2161 0.3607
v 2.5431 -5.2344 0.2232
v 2.5750 -5.6737 0.0188
v 2.5728 -5.4711 0.1596
v 2.5578 -5.3658 0.2384
v 2.4535 -4.9312 0.3363
v 2.0472 -5.2818 0.4860
v 1.5018 -4.9814 1.0625
v 1.4428 -4.8749 0.8980
v 1.5458 -4.6761 0.9955
v 1.5319 -4.7512 1.0930
v 1.4280 -4.5734 0.9380
v 1.4749 -4.6148 0.8248
v 1.4433 -6.3279 1.2761
v 1.4132 -6.2451 1.3873
v 1.4558 -6.4665 1.2193
v 1.5351 -6.4922 1.1057
v 1.4804 -6.2042 1.1001
v 1.7973 -6.5083 1.0981
v 1.9577 -6.5187 1.1797
v 1.9747 -6.6654 1.1930
v 2.0960 -6.7113 1.1995
v 2.1427 -6.5767 1.1779
v 2.0472 -6.1397 1.1594
v 2.2526 -6.2043 0.8943
v 2.2103 -6.2942 0.7599
v 2.1653 -6.2638 0.6461
v 2.2030 -6.1491 0.7701
v 2.7706 -6.7877 0.1280
v 2.5989 -6.7250 -0.1412
v 2.7330 -6.5312 0.0555
v 2.3212 -6.0629 0.3725
v 0.5789 -4.9663 0.0013
v 0.6759 -5.1196 -0.1913
v 0.7313 -4.9846 -0.1963
v 0.4696 -5.1655 0.2507
v 0.7122 -6.1465 0.3018
v 0.7668 -5.9013 0.3337
v 0.8681 -5.9900 0.3249
v 0.4518 -6.1360 0.1755
v 0.3977 -6.2073 -0.1713
v 2.2383 -4.6123 0.2671
v 2.1813 -4.8752 0.3263
v 1.4986 -4.4916 0.8168
v 2.1323 -6.2757 1.1527
v 2.2287 -6.1140 1.0745
v 1.9775 -6.2799 1.1718
v 1.7794 -6.0912 1.0760
v 1.8974 -6.1550 1.1443
v 1.9991 -6.4016 1.1813
v 2.2639 -6.3142 0.9434
v 2.6882 -6.8021 -0.0957
v 2.5297 -6.8806 -0.1969
v 2.4079 -6.9329 -0.2617
v 2.3088 -6.7320 -0.2720
v 2.4538 -6.7408 -0.2059
v 2.7541 -6.6580 0.0921
v 2.6928 -6.6326 -0.0568
v 2.6359 -6.4616 -0.0807
v 2.4825 -6.0377 0.3669
v 2.1489 -5.9327 0.4542
v 2.1791 -6.1074 0.4524
v 2.1703 -6.2250 0.5125
v 0.6098 -5.1943 -0.0800
v 0.6000 -5.4755 -0.3810
v 0.5599 -5.3716 -0.1980
v 0.6647 -5.0602 -0.0724
v 0.4471 -5.0476 0.1284
v 0.4329 -5.2014 0.1029
v 0.4150 -5.4618 0.1330
v 0.4440 -5.3214 0.2111
v 0.4914 -5.0118 0.2734
v 0.5853 -5.1180 0.3558
v 0.5839 -4.9632 0.3509
v 0.6981 -4.8066 0.3994
v 0.4682 -4.9111 0.1914
v 0.4206 -5.3375 0.0771
v 0.6515 -5.5637 0.3505
v 0.7904 -4.8262 0.3156
v 0.5032 -5.4741 0.2925
v 0.9015 -5.6101 0.3204
v 0.4465 -5.6894 0.1967
v 0.6707 -5.3343 0.3623
v 0.7884 -5.1802 0.3479
v 0.9835 -5.7153 0.3377
v 0.8258 -5.7512 0.3377
v 1.0302 -5.4949 0.3631
v 0.4461 -5.5596 0.2112
v 0.5468 -5.2597 0.3338
v 0.6105 -5.4439 0.3504
v 0.7700 -5.6284 0.3422
v 0.8111 -5.4501 0.3280
v 1.0459 -5.6162 0.3764
v 0.8028 -5.3150 0.3391
v 0.9307 -5.2315 0.2974
v 0.6152 -5.9139 0.3088
v 0.6577 -5.7530 0.3388
v 0.5459 -5.6588 0.3047
v 0.5116 -5.7911 0.2677
v 0.5109 -6.0463 0.2415
v 0.4404 -6.2626 0.1550
v 0.5640 -6.2053 0.2538
v 0.3808 -6.3082 -0.0888
v 0.3835 -6.1158 -0.0024
v 2.2512 -6.0663 0.9404
v 2.1876 -5.6525 1.0362
v 2.2051 -5.8805 1.0758
v 1.9454 -5.8874 1.1549
v 1.8808 -6.0142 1.1402
v 1.7861 -5.8732 1.0195
v 2.1007 -6.7427 -0.5272
v 2.1385 -6.3722 -0.3404
v 2.5779 -6.5832 -0.1329
v 2.2511 -5.9545 0.3779
v 0.6424 -5.2532 -0.3718
v 0.4943 -5.5650 -0.2251
v 0.5820 -4.7513 0.3556
v 0.6698 -5.2090 0.3732
v 0.4101 -5.9985 0.1054
v 0.4104 -5.8307 0.1109
v 0.4065 -5.7041 0.0693
v 0.4077 -6.0394 -0.1512
v 0.3941 -5.9122 -0.0387
v 2.1258 -6.0073 1.1262
v 1.7082 -5.9948 0.9926
v 1.6302 -6.1740 0.9799
v 1.6115 -6.3510 1.0198
v 1.7379 -6.3892 1.0614
v 1.7931 -6.2450 1.0721
v 1.8671 -5.6728 1.1134
v 1.6819 -5.7512 0.9282
v 1.5633 -5.7947 0.9251
v 1.7693 -5.7358 1.0355
v 1.7211 -5.5298 0.9588
v 1.5734 -5.4613 0.8486
v 1.6499 -5.6254 0.8971
v 2.1964 -6.8002 -0.3905
v 2.1672 -6.9550 -0.4737
v 2.1521 -6.5864 -0.3826
v 2.0747 -7.0380 -0.6731
v 2.1450 -6.6982 -0.4253
v 2.1335 -7.0412 -0.5606
v 2.0864 -6.8885 -0.6037
v 2.0425 -6.9246 -0.7148
v 2.0034 -7.0285 -0.8304
v 2.0328 -6.7419 -0.6941
v 1.9768 -6.7310 -0.8205
v 2.0038 -6.5869 -0.7445
v 2.0649 -6.5326 -0.5583
v 1.9569 -6.4910 -0.8222
v 2.0569 -6.6514 -0.6064
v 0.5860 -5.3594 -0.3243
v 0.6248 -5.2486 -0.2290
v 0.6776 -5.0904 -0.3562
v 0.8517 -5.0226 -0.4773
v 0.7622 -5.3865 -0.4965
v 0.4498 -5.4627 -0.0669
v 0.5407 -5.4644 -0.2752
v 0.5864 -5.7758 -0.4198
v 1.8567 -5.8044 1.1076
v 1.5128 -5.2343 0.8659
v 2.2707 -6.4927 -0.2462
v 2.0549 -6.3141 -0.5354
v 2.1049 -6.4667 -0.4401
v 0.7997 -4.9040 -0.4310
v 0.9553 -4.9775 -0.2747
v 1.0877 -4.9274 -0.1089
v 0.7822 -5.1986 -0.4827
v 0.9373 -5.1627 -0.4541
v 0.8491 -5.3006 -0.4963
v 0.9667 -5.0367 -0.4010
v 0.9823 -5.2232 -0.2518
v 0.9176 -5.5173 -0.5012
v 0.9598 -5.7206 -0.4457
v 0.4123 -5.5443 0.0277
v 0.5162 -5.3669 -0.0876
v 0.4604 -5.7908 -0.2297
v 0.4409 -5.9267 -0.2220
v 0.5106 -5.8903 -0.3527
v 0.7517 -6.0798 -0.5570
v 0.5834 -6.0336 -0.4669
v 0.9245 -6.1612 -0.5080
v 0.5555 -5.6299 -0.3593
v 0.7187 -5.6107 -0.5048
v 1.5056 -5.3604 0.9002
v 2.1782 -6.4846 -0.3227
v 2.3517 -6.1507 -0.1613
v 2.4733 -6.3311 -0.1436
v 2.5135 -6.4625 -0.1435
v 2.3828 -6.4319 -0.1852
v 2.5810 -6.3560 -0.0975
v 2.3285 -6.6087 -0.2333
v 2.0410 -6.4185 -0.6009
v 1.8909 -5.9639 -0.8202
v 1.7638 -6.1423 -0.9322
v 1.6238 -6.1539 -0.9434
v 1.5365 -5.8486 -0.8690
v 1.5461 -6.0130 -0.8990
v 1.3867 -5.8125 -0.6500
v 1.3790 -5.7865 -0.5097
v 1.3720 -5.9585 -0.5495
v 1.7198 -5.9167 -0.9007
v 1.4226 -5.9608 -0.7641
v 1.4402 -5.8242 -0.7752
v 1.4145 -5.6900 -0.7249
v 1.3963 -6.0918 -0.6544
v 1.4306 -6.0979 -0.7884
v 1.3883 -6.2197 -0.5912
v 1.4177 -6.2297 -0.7631
v 2.0863 -6.0297 -0.3399
v 0.9779 -4.8704 -0.1818
v 0.9963 -4.8420 -0.3292
v 1.0517 -4.7835 -0.0894
v 0.9833 -4.7049 -0.3749
v 0.9867 -5.3817 -0.2901
v 1.0221 -5.0852 -0.1507
v 1.1501 -5.2125 -0.1644
v 1.1503 -5.0353 -0.1740
v 1.0504 -5.2751 -0.1675
v 1.2049 -5.1507 -0.2889
v 0.9700 -5.5995 -0.4245
v 0.9822 -5.9059 -0.4049
v 1.0467 -5.9212 -0.2941
v 0.9558 -6.0329 -0.4593
v 0.8227 -5.8657 -0.5465
v 0.9283 -5.8328 -0.4902
v 0.4546 -5.6754 -0.1736
v 0.5764 -6.3918 -0.5125
v 0.6869 -5.4893 -0.4744
v 0.8583 -5.6516 -0.5293
v 2.5315 -6.1525 -0.0935
v 1.9815 -6.1764 -0.7286
v 1.7336 -5.6102 -0.8436
v 1.8017 -6.0202 -0.8987
v 1.8958 -6.1352 -0.8514
v 1.9332 -6.3014 -0.8343
v 1.8136 -6.2957 -0.9416
v 1.7022 -6.2476 -0.9631
v 1.3788 -5.6821 -0.5956
v 1.3881 -5.5742 -0.6564
v 1.3754 -6.3387 -0.5324
v 2.0890 -6.2046 -0.3932
v 2.0397 -6.1290 -0.5571
v 2.1765 -6.1565 -0.2320
v 1.9964 -6.0032 -0.6793
v 2.2264 -5.9022 -0.1564
v 2.2734 -6.2993 -0.2100
v 1.9667 -5.7042 -0.6884
v 2.0451 -5.9472 -0.5051
v 2.2522 -6.0453 -0.1727
v 2.1436 -5.9847 -0.2254
v 2.4450 -5.9414 -0.1041
v 2.0720 -5.8550 -0.3206
v 2.1690 -6.2742 -0.2705
v 1.9577 -5.8575 -0.7249
v 1.8480 -5.7480 -0.8171
v 2.0226 -5.8127 -0.5867
v 2.0409 -5.5771 -0.4721
v 2.0239 -5.6765 -0.5662
v 2.0506 -5.7275 -0.4159
v 2.0614 -6.0598 -0.4572
v 2.1277 -5.8187 -0.2007
v 2.3064 -5.6068 -0.0897
v 2.2444 -5.7492 -0.1202
v 2.4289 -5.7497 -0.0772
v 1.7046 -5.7616 -0.8768
v 1.5641 -5.6575 -0.8508
v 2.3788 -5.3126 -0.0346
v 2.4538 -5.5987 -0.0419
v 2.3713 -5.4675 -0.0584
v 2.5556 -5.5320 0.0319
v 2.0662 -5.3505 -0.1600
v 2.5218 -5.3640 0.0383
v 2.2107 -5.3828 -0.0532
v 2.3379 -5.1573 -0.0226
v 2.4788 -5.2104 0.0338
v 2.1209 -5.5374 -0.1339
v 2.1278 -5.2150 -0.0448
v 2.0507 -5.0676 -0.3047
v 2.2529 -5.2575 -0.0433
v 2.0475 -5.1876 -0.1878
v 2.0457 -5.3129 -0.4248
v 2.0558 -4.9992 -0.1139
v 2.0496 -5.2080 -0.3285
v 2.1056 -5.0890 -0.0359
v 2.0652 -4.8833 -0.0683
v 0.8601 -5.9973 -0.5494
v 0.6895 -5.9410 -0.5302
v 0.7060 -5.7669 -0.5188
v 0.4956 -6.2226 -0.4046
v 0.7671 -6.3017 -0.5790
v 2.4451 -6.2172 -0.1404
v 2.0133 -6.2961 -0.6663
v 2.2180 -6.3900 -0.2576
v 2.4428 -6.0676 -0.1262
v 1.8240 -5.8646 -0.8565
v 2.3448 -5.8510 -0.1133
v 2.0515 -5.5295 -0.2992
v 2.0467 -5.4513 -0.4137
v 2.0481 -5.3725 -0.2975
v 2.2309 -5.5057 -0.0783
v 2.1514 -5.6626 -0.1401
v 2.0481 -4.9016 -0.2582
v 2.0480 -4.7770 -0.2627
v 0.5105 -6.1016 -0.3967
v 0.6233 -6.1964 -0.5226
v 0.6522 -6.3084 -0.5509
v 0.4432 -6.4138 -0.3661
v 0.4376 -6.1636 -0.2951
v 0.4118 -6.3046 -0.2772
v 0.8179 -6.1863 -0.5697
v 0.9113 -6.3160 -0.5225
v 0.8342 -6.4384 -0.5697
v 0.7446 -6.5960 -0.5991
v 0.5787 -6.7121 -0.5571
v 0.6884 -6.4599 -0.5805
v 0.5653 -6.5527 -0.5308
v 0.6893 -6.7013 -0.5974
v 0.4643 -6.6565 -0.4570
v 0.4714 -6.5230 -0.4395
v 0.5007 -6.3375 -0.4381
v 0.3894 -6.4599 -0.2518
v 0.4953 -6.8012 -0.5058
v 1.0681 -4.7538 0.9327
v 1.1791 -4.8542 0.8359
v 1.5714 -4.5530 -0.6263
v 1.9222 -4.4038 -0.4121
v 1.9927 -4.5105 -0.4039
v 0.8818 -6.3949 0.9023
v 1.9085 -6.8478 -0.9560
v 1.5833 -5.1318 -0.7668
v 1.8589 -4.9662 -0.6236
v 2.0174 -5.1011 -0.5333
v 1.7432 -5.3471 -0.7893
v 1.9592 -5.4060 -0.6550
v 2.0211 -5.3921 -0.5340
v 2.0027 -5.5376 -0.6078
v 1.9816 -5.2477 -0.6063
v 1.8845 -5.5481 -0.7526
v 1.8682 -5.2889 -0.7107
v 1.8508 -5.4173 -0.7487
v 1.7451 -5.1801 -0.7543
v 1.8832 -5.1269 -0.6669
v 1.7082 -4.9952 -0.7312
v 1.6995 -4.8021 -0.6057
v 1.7474 -4.9122 -0.6455
v 1.6514 -4.6711 -0.6320
v 1.6195 -5.2714 -0.7951
v 1.5973 -5.4546 -0.8259
v 1.7283 -5.4779 -0.8184
v 1.7566 -4.8585 1.0702
v 1.8733 -4.8803 1.1080
v 1.8186 -4.7557 1.0928
v 1.6603 -4.8909 0.9144
v 1.7258 -4.7854 0.8841
v 1.6279 -5.0591 0.7988
v 1.6821 -4.9500 0.8077
v 1.5098 -5.0996 0.8505
v 1.6900 -5.2607 0.9460
v 1.7019 -5.0611 1.0269
v 1.6928 -4.9430 1.0136
v 1.6463 -5.1991 0.8256
v 1.6398 -5.3380 0.8396
v 1.8224 -5.2220 1.0911
v 1.7215 -5.1816 1.0358
v 1.7481 -5.3478 1.0511
v 1.9296 -5.3139 1.1288
v 2.0654 -5.4890 1.1184
v 1.9148 -5.1351 1.1247
v 1.7079 -5.4001 0.9342
v 1.9374 -5.5492 1.1278
v 2.0493 -5.6979 1.1378
v 2.1137 -5.5992 1.1137
v 2.1585 -5.7609 1.1042
v 2.2161 -5.4009 0.9093
v 2.1673 -5.2526 1.0001
v 2.0818 -5.3428 1.0846
v 2.1689 -5.4427 1.0350
v 2.2022 -5.2670 0.8646
v 2.1169 -5.4037 0.7137
v 2.0646 -5.2931 0.6326
v 2.1419 -5.2502 0.7409
v 2.1798 -5.6311 0.8029
v 2.0908 -5.5636 0.6305
v 2.1407 -5.5258 0.7425
v 2.1247 -5.6976 0.6824
v 2.1951 -5.8207 0.8069
v 2.2349 -5.7182 0.9101
v 2.2426 -5.8617 0.9370
v 2.1363 -5.9290 0.6484
v 2.1434 -5.8170 0.6972
v 2.1636 -6.0450 0.6986
v 2.1324 -6.0242 0.5517
v 2.1089 -5.8512 0.5483
v 2.2266 -6.7034 0.6857
v 1.1148 -5.5407 -0.1876
v 2.2363 -5.4410 0.3272
v 2.3331 -5.3297 0.3584
v 2.1827 -5.2904 0.3059
v 2.0959 -5.3680 0.3859
v 2.4856 -5.6257 0.3572
v 2.5466 -5.5013 0.3019
v 2.6042 -5.6632 0.2094
v 2.5769 -5.8522 0.3082
v 2.6410 -5.9225 0.0686
v 2.5567 -5.8270 -0.0263
v 2.5553 -5.7243 0.3117
v 2.4665 -5.9032 0.3675
v 2.6296 -5.7778 0.1136
v 2.6347 -5.9404 0.2105
v 2.6752 -6.0829 0.1218
v 2.6125 -6.0500 -0.0130
v 2.6575 -6.1666 0.0231
v 2.5528 -5.9488 -0.0473
v 2.7120 -6.3816 0.0758
v 2.1782 -5.7638 0.3758
v 2.3312 -5.6910 0.3830
v 2.1099 -5.5911 0.4053
v 2.4418 -5.7685 0.3733
v 2.3576 -5.5317 0.3800
v 2.2376 -5.5953 0.3508
v 0.9450 -5.3817 0.3104
v 1.0566 -5.3538 0.4038
v 1.7900 -5.5618 1.0761
v 2.0678 -7.1691 -0.7233
v 2.0088 -4.9091 -0.5188
v 2.0463 -4.9537 -0.3897
v 1.9616 -5.0049 -0.5776
v 1.8746 -4.7959 -0.5648
v 1.7604 -4.6932 -0.4914
v 1.7793 -4.5843 -0.4166
v 1.6066 -4.8134 -0.7124
v 2.2257 -5.5532 0.9268
v 1.9615 -4.6956 -0.5014
v 2.0175 -4.6286 -0.4192
vt 0.9413 0.2806
vt 0.9193 0.2868
vt 0.9193 0.2720
vt 0.9192 0.2572
vt 0.9192 0.2423
vt 0.9412 0.2479
vt 0.9412 0.2643
vt 0.9193 0.2720
vt 0.9192 0.2572
vt 0.9413 0.2933
vt 0.9193 0.2995
vt 0.9647 0.2584
vt 0.9412 0.2643
vt 0.9412 0.2479
vt 0.9647 0.2428
vt 0.9412 0.2479
vt 0.9411 0.2316
vt 0.9647 0.2740
vt 0.9192 0.2275
vt 0.9411 0.1989
vt 0.9191 0.2127
vt 0.9191 0.1979
vt 0.9190 0.1682
vt 0.9190 0.1662
vt 0.9410 0.1662
vt 0.9191 0.1830
vt 0.9190 0.1682
vt 0.9410 0.1825
vt 0.9191 0.1979
vt 0.9411 0.2152
vt 0.9191 0.2127
vt 0.9410 0.1825
vt 0.9410 0.1662
vt 0.9648 0.1804
vt 0.9648 0.2116
vt 0.9648 0.2272
vt 0.9190 0.1641
vt 0.9648 0.1960
vt 0.9640 0.2869
vt 0.9647 0.2805
vt 0.9647 0.2772
vt 0.9867 0.2805
vt 0.9647 0.2805
vt 0.9760 0.2708
vt 0.9647 0.2740
vt 0.9760 0.2708
vt 0.9647 0.2584
vt 0.9867 0.2639
vt 0.9867 0.2474
vt 0.9867 0.2308
vt 0.9647 0.2428
vt 0.9648 0.2272
vt 0.9648 0.1960
vt 0.9648 0.1804
vt 0.9867 0.1811
vt 0.9867 0.2142
vt 0.9867 0.1977
vt 0.9867 0.2474
vt 0.9867 0.1645
vt 0.9648 0.1648
vt 0.9190 0.1491
vt 0.9189 0.1342
vt 0.9409 0.1496
vt 0.9189 0.1192
vt 0.9189 0.1042
vt 0.9409 0.1164
vt 0.9189 0.1342
vt 0.9189 0.1192
vt 0.9409 0.1330
vt 0.9409 0.1496
vt 0.9190 0.1641
vt 0.9648 0.1025
vt 0.9409 0.1164
vt 0.9408 0.0999
vt 0.9648 0.1337
vt 0.9648 0.1181
vt 0.9188 0.0892
vt 0.9408 0.0833
vt 0.9188 0.0892
vt 0.9188 0.0742
vt 0.9407 0.0501
vt 0.9188 0.0592
vt 0.9187 0.0450
vt 0.9188 0.0742
vt 0.9188 0.0592
vt 0.9407 0.0667
vt 0.9187 0.0450
vt 0.9187 0.0328
vt 0.9407 0.0379
vt 0.9649 0.0713
vt 0.9408 0.0833
vt 0.9407 0.0667
vt 0.9407 0.0501
vt 0.9407 0.0379
vt 0.9638 0.0432
vt 0.9649 0.0557
vt 0.9408 0.0999
vt 0.9408 0.0833
vt 0.9648 0.0869
vt 0.9649 0.0485
vt 0.9648 0.1648
vt 0.9648 0.1493
vt 0.9867 0.1645
vt 0.9648 0.1337
vt 0.9648 0.1181
vt 0.9868 0.1314
vt 0.9867 0.1480
vt 0.9868 0.1148
vt 0.9868 0.1148
vt 0.9648 0.1025
vt 0.9868 0.0983
vt 0.9868 0.0817
vt 0.9648 0.0869
vt 0.9649 0.0713
vt 0.9649 0.0521
vt 0.9778 0.0587
vt 0.9649 0.0713
vt 0.9869 0.0486
vt 0.9868 0.0983
vt 0.9868 0.0651
vt 0.9778 0.0587
vt 0.9869 0.0486
vt 0.9868 0.0651
vt 0.8415 0.2666
vt 0.8635 0.2744
vt 0.8416 0.2799
vt 0.8415 0.2532
vt 0.8415 0.2399
vt 0.8634 0.2449
vt 0.8635 0.2596
vt 0.8415 0.2666
vt 0.8415 0.2532
vt 0.8635 0.2858
vt 0.8416 0.2914
vt 0.8416 0.2894
vt 0.8416 0.2799
vt 0.8870 0.2403
vt 0.8634 0.2449
vt 0.8634 0.2302
vt 0.8870 0.2543
vt 0.8414 0.2266
vt 0.8414 0.2132
vt 0.8413 0.1999
vt 0.8633 0.2007
vt 0.8413 0.1732
vt 0.8413 0.1713
vt 0.8632 0.1712
vt 0.8413 0.1999
vt 0.8413 0.1865
vt 0.8633 0.1860
vt 0.8413 0.1732
vt 0.8634 0.2154
vt 0.8414 0.2132
vt 0.8633 0.1860
vt 0.8632 0.1712
vt 0.8870 0.1841
vt 0.8870 0.2122
vt 0.8870 0.2263
vt 0.8413 0.1694
vt 0.8870 0.1982
vt 0.8863 0.2800
vt 0.8635 0.2858
vt 0.8635 0.2744
vt 0.8635 0.2744
vt 0.8870 0.2713
vt 0.8870 0.2743
vt 0.8870 0.2684
vt 0.9090 0.2743
vt 0.8983 0.2655
vt 0.8983 0.2655
vt 0.8870 0.2543
vt 0.9090 0.2593
vt 0.9090 0.2444
vt 0.9090 0.2295
vt 0.8870 0.2403
vt 0.8870 0.2263
vt 0.8870 0.1982
vt 0.8870 0.1841
vt 0.9090 0.1847
vt 0.9090 0.2146
vt 0.9090 0.1996
vt 0.9090 0.2444
vt 0.9090 0.1698
vt 0.8870 0.1701
vt 0.8412 0.1576
vt 0.8412 0.1459
vt 0.8632 0.1563
vt 0.8412 0.1459
vt 0.8412 0.1319
vt 0.8632 0.1414
vt 0.8631 0.1264
vt 0.8412 0.1319
vt 0.8411 0.1180
vt 0.8632 0.1563
vt 0.8413 0.1694
vt 0.8871 0.1139
vt 0.8631 0.1264
vt 0.8631 0.1115
vt 0.8870 0.1420
vt 0.8870 0.1279
vt 0.8411 0.1040
vt 0.8630 0.0816
vt 0.8410 0.0901
vt 0.8410 0.0761
vt 0.8629 0.0557
vt 0.8410 0.0621
vt 0.8409 0.0531
vt 0.8410 0.0761
vt 0.8410 0.0621
vt 0.8630 0.0667
vt 0.8409 0.0511
vt 0.8630 0.0966
vt 0.8410 0.0901
vt 0.8630 0.0667
vt 0.8629 0.0557
vt 0.8860 0.0605
vt 0.8871 0.0858
vt 0.8871 0.0998
vt 0.8871 0.0717
vt 0.9090 0.1698
vt 0.8870 0.1701
vt 0.8870 0.1560
vt 0.8870 0.1560
vt 0.9090 0.1399
vt 0.8870 0.1420
vt 0.8870 0.1279
vt 0.9090 0.1549
vt 0.9090 0.1250
vt 0.9090 0.1101
vt 0.8871 0.0998
vt 0.9091 0.0952
vt 0.8871 0.0998
vt 0.8871 0.0858
vt 0.8872 0.0685
vt 0.8872 0.0653
vt 0.9000 0.0744
vt 0.9091 0.0802
vt 0.9091 0.0653
vt 0.9091 0.0653
vt 0.8872 0.0653
vt 0.8860 0.0605
vt 0.0244 0.4542
vt 0.0218 0.4660
vt 0.0223 0.4486
vt 0.0785 0.3895
vt 0.0748 0.3670
vt 0.0868 0.3765
vt 0.0214 0.4834
vt 0.0218 0.4660
vt 0.0239 0.4762
vt 0.1333 0.9349
vt 0.1340 0.9513
vt 0.1189 0.9406
vt 0.0305 0.7184
vt 0.0249 0.6965
vt 0.0403 0.6985
vt 0.0255 0.4103
vt 0.0231 0.4138
vt 0.0235 0.3964
vt 0.1575 0.3443
vt 0.1477 0.3657
vt 0.1506 0.3443
vt 0.0234 0.4982
vt 0.0231 0.4138
vt 0.0250 0.4323
vt 0.0227 0.4312
vt 0.0374 0.4875
vt 0.0239 0.4762
vt 0.0439 0.4661
vt 0.0223 0.4486
vt 0.0235 0.3964
vt 0.0239 0.3790
vt 0.0260 0.3883
vt 0.2074 0.6224
vt 0.2284 0.6309
vt 0.2204 0.6431
vt 0.1622 0.9456
vt 0.1497 0.9558
vt 0.1463 0.9256
vt 0.0210 0.5008
vt 0.0202 0.5355
vt 0.0206 0.5181
vt 0.0229 0.5202
vt 0.1038 0.9440
vt 0.0920 0.9587
vt 0.0864 0.9369
vt 0.0213 0.5861
vt 0.0189 0.5877
vt 0.0194 0.5703
vt 0.1839 0.4705
vt 0.1921 0.4587
vt 0.2087 0.4767
vt 0.1159 0.8711
vt 0.1094 0.8867
vt 0.0969 0.8723
vt 0.0198 0.5529
vt 0.0218 0.5642
vt 0.0194 0.5703
vt 0.0198 0.5529
vt 0.0202 0.5355
vt 0.0223 0.5422
vt 0.1988 0.9645
vt 0.1840 0.9675
vt 0.1988 0.9459
vt 0.0229 0.5202
vt 0.0409 0.5316
vt 0.0229 0.5202
vt 0.0318 0.5094
vt 0.0318 0.5094
vt 0.0374 0.4875
vt 0.0457 0.5108
vt 0.1808 0.3795
vt 0.1974 0.3886
vt 0.1793 0.4020
vt 0.0185 0.6051
vt 0.2145 0.7294
vt 0.2246 0.7075
vt 0.2340 0.7184
vt 0.0247 0.3443
vt 0.0271 0.3443
vt 0.0243 0.3617
vt 0.0448 0.5757
vt 0.0580 0.5624
vt 0.0706 0.5763
vt 0.0427 0.3612
vt 0.0339 0.3443
vt 0.0408 0.3443
vt 0.0405 0.5976
vt 0.0306 0.5754
vt 0.0448 0.5757
vt 0.0415 0.5536
vt 0.0306 0.5754
vt 0.0218 0.5642
vt 0.0427 0.3612
vt 0.0476 0.3443
vt 0.0545 0.3443
vt 0.0339 0.3443
vt 0.0265 0.3663
vt 0.0271 0.3443
vt 0.0748 0.3670
vt 0.0583 0.3665
vt 0.0682 0.3443
vt 0.2163 0.9045
vt 0.2241 0.8826
vt 0.2340 0.8936
vt 0.0463 0.3778
vt 0.0583 0.3665
vt 0.0617 0.3856
vt 0.1997 0.9170
vt 0.2163 0.9045
vt 0.2112 0.9247
vt 0.2252 0.9264
vt 0.0919 0.3607
vt 0.0957 0.3443
vt 0.1026 0.3443
vt 0.2050 0.8960
vt 0.0751 0.3443
vt 0.2206 0.8607
vt 0.2094 0.8826
vt 0.2034 0.8597
vt 0.0545 0.3443
vt 0.0614 0.3443
vt 0.0583 0.3665
vt 0.0265 0.3663
vt 0.0463 0.3778
vt 0.0413 0.4155
vt 0.0255 0.4103
vt 0.0366 0.3995
vt 0.0888 0.3443
vt 0.0919 0.3607
vt 0.0820 0.3443
vt 0.0243 0.3617
vt 0.0955 0.3897
vt 0.1109 0.3869
vt 0.1131 0.4072
vt 0.0409 0.5316
vt 0.0535 0.5236
vt 0.0562 0.5459
vt 0.1107 0.3604
vt 0.1231 0.3443
vt 0.1260 0.3658
vt 0.1163 0.3443
vt 0.0551 0.4880
vt 0.0708 0.4087
vt 0.0617 0.3856
vt 0.0785 0.3895
vt 0.0733 0.5085
vt 0.0589 0.5029
vt 0.0716 0.4916
vt 0.1107 0.3604
vt 0.1026 0.3443
vt 0.1094 0.3443
vt 0.0443 0.4437
vt 0.2180 0.9483
vt 0.2252 0.9264
vt 0.2340 0.9373
vt 0.0574 0.5896
vt 0.0510 0.6284
vt 0.0389 0.6195
vt 0.0548 0.6060
vt 0.0213 0.5861
vt 0.0177 0.6399
vt 0.0181 0.6225
vt 0.0203 0.6301
vt 0.2340 0.9154
vt 0.0192 0.6741
vt 0.0169 0.6746
vt 0.0173 0.6573
vt 0.2340 0.7403
vt 0.2340 0.7622
vt 0.2244 0.7513
vt 0.0173 0.6573
vt 0.0177 0.6399
vt 0.0197 0.6521
vt 0.0249 0.6965
vt 0.0192 0.6747
vt 0.0414 0.6830
vt 0.0208 0.6081
vt 0.0208 0.6081
vt 0.0331 0.6634
vt 0.0192 0.6741
vt 0.0197 0.6521
vt 0.0414 0.6830
vt 0.0648 0.6974
vt 0.0403 0.6985
vt 0.0424 0.6407
vt 0.0285 0.6413
vt 0.0389 0.6195
vt 0.1060 0.9662
vt 0.1183 0.9561
vt 0.1251 0.9811
vt 0.0192 0.6747
vt 0.0225 0.6965
vt 0.0281 0.7184
vt 0.0337 0.7403
vt 0.2340 0.8279
vt 0.2340 0.8498
vt 0.2145 0.8388
vt 0.0337 0.7403
vt 0.0361 0.7402
vt 0.0393 0.7622
vt 0.0393 0.7622
vt 0.0417 0.7621
vt 0.0449 0.7841
vt 0.0473 0.7839
vt 0.1687 0.4389
vt 0.1487 0.4494
vt 0.1546 0.4277
vt 0.2340 0.6965
vt 0.0816 0.7235
vt 0.0679 0.7427
vt 0.0650 0.7192
vt 0.0439 0.4661
vt 0.0473 0.7839
vt 0.0528 0.8058
vt 0.0505 0.8060
vt 0.0489 0.7253
vt 0.0561 0.8279
vt 0.0584 0.8276
vt 0.0617 0.8498
vt 0.1735 0.9115
vt 0.1938 0.9045
vt 0.1893 0.9261
vt 0.0572 0.7930
vt 0.0617 0.8498
vt 0.0640 0.8495
vt 0.0673 0.8717
vt 0.0729 0.8936
vt 0.0673 0.8717
vt 0.0696 0.8713
vt 0.0775 0.8577
vt 0.0752 0.8932
vt 0.1401 0.8979
vt 0.1386 0.8749
vt 0.1572 0.8884
vt 0.1627 0.9656
vt 0.1743 0.9811
vt 0.1579 0.9811
vt 0.0560 0.7700
vt 0.0703 0.7897
vt 0.0572 0.7930
vt 0.0723 0.5621
vt 0.0785 0.9154
vt 0.0808 0.9150
vt 0.0842 0.9373
vt 0.0864 0.9369
vt 0.0898 0.9592
vt 0.2101 0.7075
vt 0.1038 0.9440
vt 0.0605 0.4716
vt 0.0439 0.4661
vt 0.0553 0.4551
vt 0.0898 0.9592
vt 0.0920 0.9587
vt 0.0954 0.9811
vt 0.0413 0.4155
vt 0.0520 0.3999
vt 0.0560 0.4232
vt 0.0976 0.9811
vt 0.1060 0.9662
vt 0.0427 0.3612
vt 0.1183 0.9561
vt 0.2060 0.6449
vt 0.2204 0.6431
vt 0.2145 0.6650
vt 0.0808 0.9150
vt 0.0956 0.9136
vt 0.0994 0.9302
vt 0.0366 0.3995
vt 0.0560 0.7700
vt 0.0815 0.6513
vt 0.0928 0.6440
vt 0.1045 0.6584
vt 0.0811 0.8335
vt 0.0927 0.8538
vt 0.0775 0.8577
vt 0.1019 0.3740
vt 0.2145 0.6856
vt 0.1369 0.3577
vt 0.1300 0.3443
vt 0.1369 0.3443
vt 0.1369 0.3577
vt 0.1437 0.3443
vt 0.1506 0.3443
vt 0.2145 0.8388
vt 0.2034 0.8463
vt 0.2034 0.8314
vt 0.1369 0.3577
vt 0.1693 0.3637
vt 0.2086 0.7950
vt 0.1948 0.7798
vt 0.2142 0.7732
vt 0.1643 0.3443
vt 0.1712 0.3443
vt 0.1693 0.3637
vt 0.0506 0.6638
vt 0.0541 0.6773
vt 0.0414 0.6830
vt 0.0285 0.6413
vt 0.1827 0.3585
vt 0.1780 0.3443
vt 0.1849 0.3443
vt 0.2206 0.8169
vt 0.2340 0.8498
vt 0.2340 0.8717
vt 0.2206 0.8607
vt 0.0900 0.4225
vt 0.0934 0.4066
vt 0.1060 0.4255
vt 0.1918 0.3443
vt 0.1668 0.6979
vt 0.1804 0.6911
vt 0.1839 0.7075
vt 0.1918 0.3443
vt 0.1941 0.3443
vt 0.1946 0.3666
vt 0.2340 0.7841
vt 0.2237 0.7950
vt 0.2142 0.7732
vt 0.1969 0.3663
vt 0.1013 0.7584
vt 0.1065 0.7361
vt 0.1156 0.7500
vt 0.1946 0.3666
vt 0.1997 0.3883
vt 0.1872 0.8665
vt 0.1974 0.3886
vt 0.2025 0.4103
vt 0.2002 0.4106
vt 0.2030 0.4327
vt 0.1411 0.3981
vt 0.1441 0.3834
vt 0.1549 0.4042
vt 0.1797 0.8187
vt 0.1809 0.7950
vt 0.1948 0.8040
vt 0.1970 0.6935
vt 0.1808 0.3795
vt 0.1693 0.3637
vt 0.1827 0.3585
vt 0.0994 0.6960
vt 0.0855 0.6833
vt 0.1040 0.6769
vt 0.1932 0.4227
vt 0.2030 0.4327
vt 0.2053 0.4324
vt 0.2059 0.4547
vt 0.2059 0.4547
vt 0.2081 0.4544
vt 0.2087 0.4767
vt 0.2110 0.4764
vt 0.2087 0.4767
vt 0.2115 0.4987
vt 0.2016 0.4888
vt 0.2180 0.9483
vt 0.1794 0.4245
vt 0.1851 0.4461
vt 0.1687 0.4389
vt 0.2138 0.4984
vt 0.2199 0.5648
vt 0.2228 0.5868
vt 0.2121 0.5770
vt 0.2115 0.4987
vt 0.2166 0.5205
vt 0.2143 0.5208
vt 0.2171 0.5428
vt 0.1992 0.5115
vt 0.1934 0.5356
vt 0.1817 0.5137
vt 0.2112 0.9247
vt 0.1988 0.9459
vt 0.1775 0.9383
vt 0.1893 0.9261
vt 0.1992 0.5115
vt 0.2171 0.5428
vt 0.2194 0.5425
vt 0.2199 0.5648
vt 0.2250 0.5865
vt 0.2222 0.5645
vt 0.2312 0.6529
vt 0.0708 0.4087
vt 0.0744 0.4271
vt 0.0560 0.4232
vt 0.1934 0.5356
vt 0.1865 0.5492
vt 0.1724 0.5328
vt 0.2250 0.5865
vt 0.2279 0.6086
vt 0.2256 0.6089
vt 0.0520 0.3999
vt 0.2284 0.6309
vt 0.2307 0.6306
vt 0.2335 0.6526
vt 0.2145 0.6650
vt 0.2340 0.6746
vt 0.2145 0.6856
vt 0.1970 0.7215
vt 0.1840 0.9675
vt 0.2241 0.8826
vt 0.2001 0.5562
vt 0.1934 0.5356
vt 0.2072 0.5329
vt 0.2340 0.7403
vt 0.2340 0.6965
vt 0.1251 0.9811
vt 0.1333 0.9673
vt 0.1415 0.9811
vt 0.2363 0.9154
vt 0.2340 0.9154
vt 0.2340 0.8936
vt 0.1986 0.7648
vt 0.2340 0.8279
vt 0.2340 0.8060
vt 0.2363 0.8060
vt 0.2340 0.8060
vt 0.2340 0.8717
vt 0.2363 0.8279
vt 0.2206 0.8169
vt 0.1948 0.7798
vt 0.2340 0.6746
vt 0.2363 0.8936
vt 0.2070 0.9811
vt 0.2182 0.9651
vt 0.2234 0.9811
vt 0.1114 0.9811
vt 0.1415 0.9811
vt 0.1497 0.9558
vt 0.1627 0.9656
vt 0.1333 0.9673
vt 0.2182 0.9651
vt 0.2340 0.9592
vt 0.2340 0.9373
vt 0.2363 0.9373
vt 0.2340 0.9592
vt 0.2340 0.9811
vt 0.1907 0.9811
vt 0.2340 0.9592
vt 0.2363 0.9592
vt 0.2340 0.9811
vt 0.1907 0.9811
vt 0.1904 0.8838
vt 0.1938 0.9045
vt 0.1759 0.8940
vt 0.2363 0.8717
vt 0.1728 0.6232
vt 0.1907 0.6150
vt 0.1847 0.6322
vt 0.2340 0.7622
vt 0.2363 0.6746
vt 0.2363 0.7622
vt 0.2363 0.7403
vt 0.1825 0.7220
vt 0.1839 0.7075
vt 0.1970 0.7215
vt 0.2363 0.6965
vt 0.2363 0.7184
vt 0.0394 0.4300
vt 0.0673 0.8039
vt 0.2363 0.7841
vt 0.0896 0.4742
vt 0.0788 0.4523
vt 0.1026 0.4676
vt 0.2363 0.9811
vt 0.0331 0.6634
vt 0.0424 0.6407
vt 0.0506 0.6638
vt 0.1622 0.9456
vt 0.1752 0.9552
vt 0.1627 0.9656
vt 0.2363 0.7841
vt 0.2363 0.8498
vt 0.0605 0.4716
vt 0.0771 0.4667
vt 0.0716 0.4916
vt 0.0816 0.6279
vt 0.0884 0.4888
vt 0.1044 0.4841
vt 0.1092 0.5051
vt 0.0937 0.5085
vt 0.0733 0.5085
vt 0.0884 0.4888
vt 0.0548 0.6060
vt 0.0574 0.5896
vt 0.0682 0.6037
vt 0.1752 0.9552
vt 0.0555 0.6490
vt 0.1943 0.6687
vt 0.0389 0.6195
vt 0.0510 0.6284
vt 0.0702 0.6439
vt 0.0555 0.6490
vt 0.0541 0.6773
vt 0.0671 0.6666
vt 0.0667 0.6833
vt 0.1910 0.7513
vt 0.2003 0.7376
vt 0.2101 0.7543
vt 0.1040 0.6769
vt 0.0836 0.6646
vt 0.1045 0.6584
vt 0.0538 0.7062
vt 0.0650 0.7192
vt 0.0489 0.7253
vt 0.0589 0.5029
vt 0.0656 0.5322
vt 0.0535 0.5236
vt 0.0733 0.5085
vt 0.0771 0.5229
vt 0.0635 0.6201
vt 0.0970 0.6270
vt 0.0815 0.6513
vt 0.0671 0.6666
vt 0.0702 0.6439
vt 0.0648 0.6974
vt 0.1932 0.4227
vt 0.1308 0.4157
vt 0.1411 0.3981
vt 0.1456 0.4159
vt 0.1793 0.4020
vt 0.0978 0.8990
vt 0.0969 0.8723
vt 0.0927 0.8538
vt 0.1116 0.8526
vt 0.0994 0.9302
vt 0.1209 0.9268
vt 0.1189 0.9406
vt 0.0994 0.9302
vt 0.1092 0.9194
vt 0.1497 0.9558
vt 0.1307 0.5564
vt 0.1191 0.5638
vt 0.1143 0.5423
vt 0.0896 0.4742
vt 0.0884 0.4888
vt 0.0716 0.4916
vt 0.1574 0.5298
vt 0.1654 0.5176
vt 0.1724 0.5328
vt 0.1065 0.7361
vt 0.1255 0.7233
vt 0.1290 0.7403
vt 0.1664 0.8047
vt 0.1797 0.8187
vt 0.1603 0.8211
vt 0.1904 0.8838
vt 0.0956 0.9136
vt 0.0978 0.8990
vt 0.1092 0.9194
vt 0.1333 0.9349
vt 0.1298 0.9162
vt 0.1463 0.9256
vt 0.1997 0.9170
vt 0.0553 0.4551
vt 0.0557 0.4366
vt 0.0668 0.4443
vt 0.0557 0.4366
vt 0.0394 0.4300
vt 0.0560 0.4232
vt 0.0820 0.3443
vt 0.1880 0.6509
vt 0.1847 0.6322
vt 0.1986 0.6331
vt 0.2074 0.6224
vt 0.1986 0.6331
vt 0.1907 0.6150
vt 0.2050 0.8960
vt 0.1922 0.8388
vt 0.2034 0.8463
vt 0.2034 0.8314
vt 0.1797 0.8187
vt 0.2034 0.8180
vt 0.2034 0.8180
vt 0.0788 0.4523
vt 0.0788 0.4523
vt 0.0744 0.4271
vt 0.0911 0.4448
vt 0.0562 0.5459
vt 0.0780 0.5392
vt 0.0723 0.5621
vt 0.0562 0.5459
vt 0.0896 0.5308
vt 0.0771 0.5229
vt 0.0937 0.5085
vt 0.0970 0.5450
vt 0.0925 0.5651
vt 0.0829 0.5526
vt 0.0723 0.5621
vt 0.0716 0.5905
vt 0.1101 0.5920
vt 0.0964 0.5978
vt 0.0962 0.5805
vt 0.0962 0.5805
vt 0.0818 0.6006
vt 0.0767 0.6142
vt 0.0682 0.6037
vt 0.2003 0.7376
vt 0.2003 0.7376
vt 0.1719 0.7319
vt 0.1825 0.7220
vt 0.2142 0.7732
vt 0.2101 0.7543
vt 0.2244 0.7513
vt 0.1770 0.7775
vt 0.1651 0.7129
vt 0.1492 0.7245
vt 0.1573 0.7927
vt 0.1986 0.7648
vt 0.1826 0.7637
vt 0.0855 0.6833
vt 0.0836 0.6646
vt 0.1019 0.7220
vt 0.0921 0.7108
vt 0.1126 0.7116
vt 0.0783 0.7019
vt 0.1851 0.4461
vt 0.1680 0.4133
vt 0.1793 0.4020
vt 0.1794 0.4245
vt 0.1992 0.5115
vt 0.1875 0.4897
vt 0.2016 0.4888
vt 0.0937 0.5085
vt 0.1092 0.5051
vt 0.1100 0.5209
vt 0.1621 0.3819
vt 0.1546 0.4277
vt 0.1456 0.4159
vt 0.1680 0.4133
vt 0.1664 0.3957
vt 0.1712 0.3443
vt 0.1441 0.3834
vt 0.1260 0.3658
vt 0.1266 0.3874
vt 0.1664 0.3957
vt 0.1549 0.4042
vt 0.0696 0.8713
vt 0.0969 0.8723
vt 0.0892 0.8859
vt 0.1258 0.8855
vt 0.2072 0.5329
vt 0.1519 0.5029
vt 0.1662 0.4972
vt 0.1654 0.5176
vt 0.1293 0.5104
vt 0.1486 0.5180
vt 0.1429 0.5307
vt 0.0780 0.5392
vt 0.2065 0.5946
vt 0.1907 0.6150
vt 0.1885 0.5958
vt 0.0520 0.7409
vt 0.0878 0.7923
vt 0.0703 0.7897
vt 0.0887 0.7737
vt 0.1590 0.7778
vt 0.1424 0.7834
vt 0.1459 0.7663
vt 0.1468 0.8549
vt 0.1675 0.8536
vt 0.1560 0.8683
vt 0.0811 0.8335
vt 0.1306 0.8530
vt 0.1116 0.8526
vt 0.1292 0.8322
vt 0.1618 0.9295
vt 0.0934 0.4066
vt 0.0744 0.4271
vt 0.0955 0.3897
vt 0.1308 0.4157
vt 0.1226 0.4314
vt 0.1131 0.4072
vt 0.0900 0.4225
vt 0.0911 0.4448
vt 0.1060 0.4255
vt 0.1116 0.4452
vt 0.0771 0.4667
vt 0.0919 0.3607
vt 0.1539 0.9116
vt 0.1728 0.8766
vt 0.1759 0.8940
vt 0.1572 0.8884
vt 0.1728 0.8766
vt 0.1830 0.8515
vt 0.1728 0.8766
vt 0.1539 0.9116
vt 0.1539 0.9116
vt 0.1190 0.9005
vt 0.1190 0.9005
vt 0.1258 0.8855
vt 0.1401 0.8979
vt 0.1560 0.8683
vt 0.1797 0.8187
vt 0.1922 0.8388
vt 0.1730 0.8359
vt 0.1386 0.8749
vt 0.1258 0.8855
vt 0.1284 0.8662
vt 0.1490 0.8388
vt 0.1468 0.8549
vt 0.1306 0.8530
vt 0.1298 0.9162
vt 0.2060 0.6449
vt 0.2111 0.6083
vt 0.1484 0.6080
vt 0.1738 0.6083
vt 0.1728 0.6232
vt 0.0648 0.6974
vt 0.0921 0.7108
vt 0.1013 0.7584
vt 0.0887 0.7737
vt 0.0840 0.7519
vt 0.0816 0.7235
vt 0.1019 0.7220
vt 0.0904 0.7371
vt 0.0783 0.7019
vt 0.0994 0.6960
vt 0.0560 0.7700
vt 0.0520 0.7409
vt 0.0679 0.7427
vt 0.1126 0.7116
vt 0.0994 0.6960
vt 0.1224 0.6884
vt 0.1255 0.7233
vt 0.1126 0.7116
vt 0.1326 0.7075
vt 0.1019 0.7220
vt 0.0718 0.7660
vt 0.1255 0.7233
vt 0.1492 0.7245
vt 0.1440 0.7386
vt 0.1679 0.7465
vt 0.1440 0.7386
vt 0.1719 0.7319
vt 0.1497 0.7051
vt 0.0904 0.7371
vt 0.1296 0.6771
vt 0.1385 0.6920
vt 0.1224 0.6884
vt 0.1395 0.6557
vt 0.1602 0.6567
vt 0.1567 0.6709
vt 0.1804 0.6911
vt 0.1663 0.6820
vt 0.1765 0.6650
vt 0.1839 0.4705
vt 0.1875 0.4897
vt 0.1644 0.4712
vt 0.1393 0.4352
vt 0.1131 0.4072
vt 0.1794 0.5004
vt 0.2001 0.5562
vt 0.1842 0.5670
vt 0.1662 0.4972
vt 0.1875 0.4897
vt 0.1794 0.5004
vt 0.1712 0.4557
vt 0.1291 0.5332
vt 0.0970 0.5450
vt 0.2065 0.5946
vt 0.2001 0.5562
vt 0.2121 0.5770
vt 0.1978 0.5788
vt 0.1038 0.7845
vt 0.0998 0.8054
vt 0.0794 0.8120
vt 0.0878 0.7923
vt 0.0716 0.8234
vt 0.0584 0.8276
vt 0.0673 0.8039
vt 0.0938 0.8216
vt 0.1084 0.8314
vt 0.0952 0.8389
vt 0.1226 0.4314
vt 0.1519 0.5029
vt 0.1293 0.5104
vt 0.1326 0.4965
vt 0.1026 0.4676
vt 0.1225 0.4749
vt 0.1026 0.4676
vt 0.1139 0.4591
vt 0.1225 0.4749
vt 0.1407 0.4712
vt 0.1450 0.4892
vt 0.1293 0.5104
vt 0.1188 0.4925
vt 0.1291 0.5332
vt 0.1326 0.4965
vt 0.1589 0.4847
vt 0.1019 0.3740
vt 0.1265 0.4019
vt 0.1094 0.8867
vt 0.0892 0.8859
vt 0.1490 0.8388
vt 0.1489 0.8052
vt 0.0952 0.8389
vt 0.1468 0.8549
vt 0.1161 0.7672
vt 0.1429 0.8215
vt 0.1770 0.7775
vt 0.1590 0.7778
vt 0.1678 0.7617
vt 0.0816 0.6279
vt 0.1200 0.6483
vt 0.1045 0.6584
vt 0.1117 0.6318
vt 0.1721 0.6441
vt 0.1765 0.6650
vt 0.1602 0.6567
vt 0.1504 0.6438
vt 0.1599 0.6306
vt 0.1721 0.6441
vt 0.0840 0.7519
vt 0.1910 0.7513
vt 0.1826 0.7637
vt 0.1679 0.7465
vt 0.1533 0.7505
vt 0.1678 0.7617
vt 0.1459 0.7663
vt 0.1322 0.8018
vt 0.1424 0.7834
vt 0.1489 0.8052
vt 0.1679 0.7465
vt 0.1307 0.7581
vt 0.1429 0.8215
vt 0.1161 0.7672
vt 0.1249 0.7820
vt 0.1038 0.7845
vt 0.1307 0.7581
vt 0.1159 0.7966
vt 0.0938 0.8216
vt 0.0794 0.8120
vt 0.0811 0.8335
vt 0.0716 0.8234
vt 0.0673 0.8039
vt 0.1712 0.4557
vt 0.1393 0.4352
vt 0.1279 0.4577
vt 0.1226 0.4314
vt 0.1921 0.4587
vt 0.1526 0.4632
vt 0.1407 0.4712
vt 0.1487 0.4494
vt 0.1526 0.4632
vt 0.1265 0.4019
vt 0.1266 0.3874
vt 0.1720 0.5539
vt 0.1634 0.5431
vt 0.1720 0.5539
vt 0.1446 0.5557
vt 0.1718 0.5822
vt 0.1663 0.5680
vt 0.1195 0.8133
vt 0.1292 0.8322
vt 0.1084 0.8314
vt 0.1284 0.8662
vt 0.1139 0.4591
vt 0.1116 0.4452
vt 0.1279 0.4577
vt 0.1044 0.4841
vt 0.1589 0.4847
vt 0.0767 0.6142
vt 0.1007 0.6120
vt 0.0970 0.6270
vt 0.0767 0.6142
vt 0.1209 0.6668
vt 0.1209 0.6668
vt 0.1330 0.6435
vt 0.1117 0.6318
vt 0.1358 0.6300
vt 0.1504 0.6438
vt 0.1395 0.6557
vt 0.1230 0.6211
vt 0.1476 0.5878
vt 0.1612 0.5974
vt 0.1484 0.6080
vt 0.1430 0.6762
vt 0.1536 0.6904
vt 0.1430 0.6762
vt 0.1567 0.6709
vt 0.1668 0.6979
vt 0.1497 0.7051
vt 0.1536 0.6904
vt 0.1880 0.6509
vt 0.2060 0.6449
vt 0.1943 0.6687
vt 0.1721 0.6441
vt 0.1511 0.5679
vt 0.1720 0.5539
vt 0.1663 0.5680
vt 0.1486 0.5180
vt 0.1429 0.5307
vt 0.1574 0.5298
vt 0.1497 0.5428
vt 0.1497 0.5428
vt 0.1195 0.8133
vt 0.1195 0.8133
vt 0.1663 0.6820
vt 0.0964 0.5978
vt 0.1359 0.5984
vt 0.1208 0.5775
vt 0.1356 0.5716
vt 0.1765 0.6650
vt 0.1480 0.6224
vt 0.1885 0.5958
vt 0.1446 0.5557
vt 0.1356 0.5716
vt 0.1307 0.5564
vt 0.1330 0.6435
vt 0.1007 0.6120
vt 0.1230 0.6211
vt 0.1219 0.6056
vt 0.1359 0.5984
vt 0.1484 0.6080
vt 0.1480 0.6224
vt 0.1230 0.6211
vt 0.1476 0.5878
vt 0.2111 0.6083
vt 0.1101 0.5920
vt 0.1191 0.5638
vt 0.0962 0.5805
vt 0.1065 0.5579
vt 0.1065 0.5579
vt 0.1007 0.6120
vt 0.7896 0.5003
vt 0.7919 0.5006
vt 0.7859 0.5229
vt 0.7955 0.4780
vt 0.7859 0.5229
vt 0.7882 0.5233
vt 0.7846 0.5459
vt 0.7991 0.4554
vt 0.8126 0.4460
vt 0.8169 0.4699
vt 0.8292 0.9071
vt 0.8119 0.9110
vt 0.8164 0.8908
vt 0.7968 0.4551
vt 0.8005 0.4324
vt 0.7991 0.4554
vt 0.8586 0.9559
vt 0.8406 0.9355
vt 0.8586 0.9313
vt 0.7968 0.4551
vt 0.7955 0.4780
vt 0.7932 0.4777
vt 0.8309 0.4359
vt 0.8221 0.4243
vt 0.8429 0.4277
vt 0.8028 0.4328
vt 0.7779 0.8240
vt 0.7815 0.7989
vt 0.7910 0.8198
vt 0.8406 0.9355
vt 0.8247 0.9450
vt 0.8243 0.9255
vt 0.8126 0.4460
vt 0.7714 0.6133
vt 0.7750 0.5907
vt 0.7737 0.6137
vt 0.7907 0.9370
vt 0.8085 0.9540
vt 0.7907 0.9588
vt 0.7700 0.6363
vt 0.7678 0.6359
vt 0.7773 0.5911
vt 0.9209 0.8562
vt 0.9100 0.8674
vt 0.9080 0.8527
vt 0.7823 0.5455
vt 0.7846 0.5459
vt 0.7810 0.5685
vt 0.7810 0.5685
vt 0.7787 0.5681
vt 0.8048 0.5622
vt 0.8060 0.5377
vt 0.8209 0.5474
vt 0.7911 0.5585
vt 0.7907 0.9588
vt 0.7737 0.9643
vt 0.7702 0.9479
vt 0.8090 0.9356
vt 0.8060 0.5377
vt 0.7970 0.5131
vt 0.9128 0.9127
vt 0.9068 0.9346
vt 0.9023 0.9216
vt 0.8150 0.3420
vt 0.8173 0.3420
vt 0.8137 0.3650
vt 0.8290 0.8745
vt 0.8164 0.8908
vt 0.8056 0.8694
vt 0.8248 0.3561
vt 0.8289 0.3420
vt 0.8348 0.3420
vt 0.7483 0.9098
vt 0.7483 0.8867
vt 0.7666 0.8932
vt 0.7620 0.8770
vt 0.7669 0.8522
vt 0.7779 0.8715
vt 0.8231 0.3420
vt 0.8248 0.3561
vt 0.8173 0.3420
vt 0.8381 0.3611
vt 0.8406 0.3420
vt 0.8464 0.3420
vt 0.7919 0.9164
vt 0.7860 0.8947
vt 0.8019 0.8982
vt 0.8580 0.3420
vt 0.8669 0.3562
vt 0.8522 0.3420
vt 0.8404 0.8934
vt 0.8991 0.8972
vt 0.9023 0.9216
vt 0.8892 0.9173
vt 0.8639 0.3420
vt 0.8522 0.3420
vt 0.8565 0.3665
vt 0.8381 0.3611
vt 0.7914 0.8664
vt 0.8100 0.8484
vt 0.8056 0.8694
vt 0.8381 0.3611
vt 0.8077 0.3872
vt 0.8100 0.3876
vt 0.8041 0.4098
vt 0.8114 0.3646
vt 0.8064 0.4102
vt 0.8041 0.4098
vt 0.8221 0.4243
vt 0.8064 0.4102
vt 0.8215 0.4092
vt 0.8697 0.3420
vt 0.8019 0.8982
vt 0.8755 0.3420
vt 0.8813 0.3420
vt 0.8806 0.3609
vt 0.8896 0.8861
vt 0.8701 0.8839
vt 0.8735 0.8698
vt 0.8114 0.3646
vt 0.8871 0.3420
vt 0.8506 0.8696
vt 0.8701 0.8839
vt 0.8595 0.8939
vt 0.8669 0.3562
vt 0.8405 0.9540
vt 0.8880 0.9411
vt 0.8405 0.9540
vt 0.8247 0.9630
vt 0.8247 0.9450
vt 0.7969 0.8829
vt 0.8336 0.5189
vt 0.8462 0.5067
vt 0.8446 0.5344
vt 0.9057 0.8841
vt 0.9248 0.8690
vt 0.9188 0.8909
vt 0.7763 0.9348
vt 0.7919 0.9164
vt 0.7907 0.9370
vt 0.7483 0.8637
vt 0.7460 0.8637
vt 0.7460 0.8407
vt 0.7482 0.7720
vt 0.7460 0.7946
vt 0.7460 0.7716
vt 0.7789 0.9083
vt 0.7919 0.9164
vt 0.7709 0.9213
vt 0.7460 0.7946
vt 0.7483 0.8177
vt 0.7460 0.8177
vt 0.7483 0.7946
vt 0.7483 0.8407
vt 0.7483 0.8407
vt 0.8453 0.9144
vt 0.8658 0.9120
vt 0.8748 0.9263
vt 0.8586 0.9313
vt 0.7496 0.7490
vt 0.7483 0.8867
vt 0.7460 0.9098
vt 0.7460 0.8867
vt 0.7483 0.9098
vt 0.7460 0.9788
vt 0.7460 0.9558
vt 0.7483 0.9788
vt 0.7483 0.9558
vt 0.7460 0.9558
vt 0.7460 0.9328
vt 0.8709 0.9436
vt 0.7460 0.9098
vt 0.7483 0.9328
vt 0.7460 0.9328
vt 0.8595 0.8939
vt 0.8453 0.9144
vt 0.8404 0.8934
vt 0.7992 0.9788
vt 0.7483 0.9788
vt 0.7483 0.9558
vt 0.7653 0.9788
vt 0.7763 0.9348
vt 0.7565 0.9443
vt 0.7566 0.9213
vt 0.7566 0.9213
vt 0.8786 0.8958
vt 0.7669 0.8522
vt 0.7860 0.8947
vt 0.7666 0.8932
vt 0.7779 0.8715
vt 0.7569 0.7038
vt 0.7591 0.7042
vt 0.7555 0.7268
vt 0.7605 0.6812
vt 0.7532 0.7264
vt 0.7555 0.7268
vt 0.7519 0.7494
vt 0.7749 0.7833
vt 0.7676 0.7635
vt 0.7893 0.7667
vt 0.9008 0.9564
vt 0.7678 0.6359
vt 0.7664 0.6589
vt 0.7641 0.6586
vt 0.7641 0.6586
vt 0.7628 0.6815
vt 0.7605 0.6812
vt 0.8934 0.6811
vt 0.8935 0.7053
vt 0.8832 0.6933
vt 0.8066 0.7662
vt 0.8038 0.7832
vt 0.7893 0.7667
vt 0.8085 0.9540
vt 0.8042 0.9226
vt 0.7882 0.6508
vt 0.7747 0.7064
vt 0.7874 0.6971
vt 0.7907 0.7194
vt 0.7496 0.7490
vt 0.7822 0.9788
vt 0.7483 0.9558
vt 0.8501 0.9788
vt 0.7749 0.7833
vt 0.7628 0.7918
vt 0.7482 0.7720
vt 0.7681 0.7333
vt 0.7678 0.7475
vt 0.7519 0.7494
vt 0.7653 0.9788
vt 0.9521 0.6802
vt 0.9417 0.6975
vt 0.9353 0.6819
vt 0.8162 0.9788
vt 0.8332 0.9788
vt 0.9521 0.6802
vt 0.9408 0.6634
vt 0.9611 0.6620
vt 0.8689 0.9651
vt 0.9701 0.5399
vt 0.9715 0.5619
vt 0.9502 0.5523
vt 0.8100 0.8484
vt 0.8311 0.8524
vt 0.8193 0.8625
vt 0.8243 0.9255
vt 0.7811 0.6265
vt 0.9308 0.8472
vt 0.9248 0.8690
vt 0.9209 0.8562
vt 0.9419 0.4866
vt 0.9482 0.5083
vt 0.9283 0.5039
vt 0.8871 0.3420
vt 0.8930 0.3420
vt 0.8985 0.3572
vt 0.8042 0.9226
vt 0.7919 0.9164
vt 0.8119 0.9110
vt 0.8985 0.3572
vt 0.9046 0.3420
vt 0.9104 0.3420
vt 0.9057 0.8841
vt 0.8962 0.8729
vt 0.9100 0.8674
vt 0.9129 0.3618
vt 0.8958 0.3721
vt 0.8985 0.3572
vt 0.8693 0.8523
vt 0.8551 0.8556
vt 0.8502 0.8418
vt 0.9080 0.7900
vt 0.8942 0.7981
vt 0.8972 0.7793
vt 0.9442 0.3761
vt 0.9240 0.3922
vt 0.9256 0.3773
vt 0.8786 0.8958
vt 0.9338 0.3606
vt 0.9221 0.3420
vt 0.9279 0.3420
vt 0.8962 0.8729
vt 0.9337 0.3420
vt 0.8896 0.8861
vt 0.9129 0.3618
vt 0.9162 0.3420
vt 0.9338 0.3606
vt 0.9470 0.3559
vt 0.9442 0.3761
vt 0.8380 0.8642
vt 0.9570 0.3420
vt 0.9470 0.3559
vt 0.9511 0.3420
vt 0.7565 0.9443
vt 0.7669 0.8522
vt 0.7630 0.8321
vt 0.7779 0.8402
vt 0.9395 0.3420
vt 0.9570 0.3420
vt 0.9593 0.3420
vt 0.9584 0.3641
vt 0.9584 0.3641
vt 0.9607 0.3640
vt 0.9599 0.3861
vt 0.9622 0.3860
vt 0.9442 0.3761
vt 0.7666 0.8932
vt 0.9453 0.3420
vt 0.9364 0.4004
vt 0.9622 0.3860
vt 0.9637 0.4081
vt 0.9613 0.4081
vt 0.9440 0.4203
vt 0.9364 0.4004
vt 0.9509 0.3977
vt 0.9628 0.4300
vt 0.9651 0.4301
vt 0.9642 0.4520
vt 0.9651 0.4301
vt 0.9666 0.4521
vt 0.9657 0.4740
vt 0.9666 0.4521
vt 0.9680 0.4741
vt 0.9672 0.4960
vt 0.9572 0.5297
vt 0.9686 0.5179
vt 0.9701 0.5399
vt 0.8416 0.8798
vt 0.9453 0.4643
vt 0.9342 0.4558
vt 0.9502 0.4512
vt 0.9672 0.4960
vt 0.9695 0.4962
vt 0.9686 0.5179
vt 0.9709 0.5182
vt 0.9724 0.5402
vt 0.9188 0.8909
vt 0.9601 0.5737
vt 0.9715 0.5619
vt 0.9724 0.5402
vt 0.9739 0.5622
vt 0.9730 0.5839
vt 0.9739 0.5622
vt 0.9753 0.5843
vt 0.8748 0.9263
vt 0.8880 0.9411
vt 0.8709 0.9436
vt 0.9744 0.6058
vt 0.8658 0.9120
vt 0.9744 0.6058
vt 0.9759 0.6278
vt 0.9650 0.6175
vt 0.8416 0.8798
vt 0.8290 0.8745
vt 0.8380 0.8642
vt 0.9240 0.3922
vt 0.9223 0.4217
vt 0.9105 0.3985
vt 0.9567 0.4856
vt 0.9094 0.3818
vt 0.9650 0.6175
vt 0.9569 0.6401
vt 0.9501 0.6185
vt 0.9271 0.8694
vt 0.9211 0.8913
vt 0.9331 0.8475
vt 0.9427 0.8035
vt 0.9451 0.8037
vt 0.9391 0.8256
vt 0.9487 0.7817
vt 0.9331 0.8475
vt 0.9368 0.8254
vt 0.9391 0.8256
vt 0.8090 0.9356
vt 0.8942 0.7981
vt 0.8950 0.8171
vt 0.8728 0.8085
vt 0.9008 0.9564
vt 0.9030 0.9570
vt 0.8970 0.9788
vt 0.8832 0.9788
vt 0.8948 0.9782
vt 0.8970 0.9788
vt 0.8816 0.9595
vt 0.8462 0.5067
vt 0.8238 0.5054
vt 0.8310 0.4888
vt 0.8560 0.4111
vt 0.8429 0.4277
vt 0.8359 0.4044
vt 0.8689 0.9651
vt 0.9150 0.9132
vt 0.8332 0.9788
vt 0.9090 0.9351
vt 0.7914 0.8664
vt 0.7969 0.8829
vt 0.7779 0.8715
vt 0.8816 0.9595
vt 0.8872 0.8542
vt 0.9768 0.6063
vt 0.9782 0.6283
vt 0.9773 0.6498
vt 0.9759 0.6278
vt 0.9571 0.6950
vt 0.9667 0.7162
vt 0.9529 0.7097
vt 0.9789 0.6718
vt 0.9773 0.6498
vt 0.9797 0.6503
vt 0.9787 0.6725
vt 0.9789 0.6718
vt 0.9811 0.6724
vt 0.9727 0.6943
vt 0.9668 0.6809
vt 0.9787 0.6725
vt 0.9751 0.6943
vt 0.7889 0.8522
vt 0.9611 0.6620
vt 0.9547 0.7598
vt 0.9607 0.7380
vt 0.9571 0.7599
vt 0.9427 0.8035
vt 0.9273 0.8012
vt 0.9349 0.7793
vt 0.9547 0.7598
vt 0.9511 0.7818
vt 0.9487 0.7817
vt 0.9631 0.7380
vt 0.9374 0.6343
vt 0.9219 0.6359
vt 0.9227 0.6203
vt 0.9727 0.6943
vt 0.9751 0.6943
vt 0.9691 0.7161
vt 0.9631 0.7380
vt 0.9667 0.7162
vt 0.9691 0.7161
vt 0.9325 0.7655
vt 0.9487 0.7817
vt 0.9349 0.7793
vt 0.9350 0.7399
vt 0.9484 0.7464
vt 0.9325 0.7655
vt 0.7955 0.7328
vt 0.7830 0.7428
vt 0.7767 0.7221
vt 0.8787 0.7278
vt 0.8935 0.7053
vt 0.9026 0.7224
vt 0.8984 0.4883
vt 0.8934 0.5051
vt 0.8820 0.4917
vt 0.8213 0.3778
vt 0.8988 0.3420
vt 0.9440 0.4203
vt 0.9492 0.4331
vt 0.9337 0.4297
vt 0.7566 0.9213
vt 0.8671 0.9788
vt 0.8709 0.9436
vt 0.8133 0.4925
vt 0.8103 0.5152
vt 0.7970 0.5131
vt 0.7955 0.6056
vt 0.7922 0.5910
vt 0.8109 0.5996
vt 0.8617 0.4986
vt 0.8617 0.5176
vt 0.8462 0.5067
vt 0.9205 0.4531
vt 0.9043 0.4558
vt 0.9057 0.4381
vt 0.9539 0.5962
vt 0.8751 0.5670
vt 0.8480 0.5636
vt 0.8559 0.5498
vt 0.7950 0.5734
vt 0.8356 0.7424
vt 0.8563 0.7303
vt 0.8522 0.7539
vt 0.8537 0.5886
vt 0.8729 0.5946
vt 0.8536 0.6126
vt 0.9361 0.5604
vt 0.9338 0.5449
vt 0.9502 0.5523
vt 0.9417 0.6975
vt 0.8522 0.7539
vt 0.8418 0.7676
vt 0.8335 0.7563
vt 0.8359 0.4044
vt 0.8238 0.5054
vt 0.9642 0.4520
vt 0.9502 0.4512
vt 0.9492 0.4331
vt 0.8970 0.4205
vt 0.8752 0.4204
vt 0.8829 0.4068
vt 0.8213 0.3778
vt 0.8456 0.3923
vt 0.9260 0.8341
vt 0.9258 0.8157
vt 0.9368 0.8254
vt 0.9080 0.8527
vt 0.8964 0.8367
vt 0.9150 0.8255
vt 0.8789 0.7860
vt 0.7806 0.6639
vt 0.8019 0.6615
vt 0.7884 0.6768
vt 0.7806 0.6639
vt 0.9509 0.3977
vt 0.9440 0.4203
vt 0.7779 0.8240
vt 0.7662 0.8062
vt 0.8558 0.8255
vt 0.8502 0.8418
vt 0.8405 0.8294
vt 0.7971 0.8321
vt 0.9080 0.8527
vt 0.9260 0.8341
vt 0.8311 0.8524
vt 0.8506 0.8696
vt 0.8100 0.8484
vt 0.8089 0.8193
vt 0.7964 0.8071
vt 0.8093 0.7980
vt 0.8336 0.8116
vt 0.8089 0.8193
vt 0.8251 0.7986
vt 0.7910 0.8198
vt 0.8133 0.4925
vt 0.8213 0.5305
vt 0.8383 0.5509
vt 0.8209 0.5474
vt 0.8630 0.4301
vt 0.8507 0.4470
vt 0.8429 0.4277
vt 0.8286 0.4502
vt 0.8507 0.4470
vt 0.8520 0.4626
vt 0.8637 0.5345
vt 0.8446 0.5344
vt 0.8617 0.5176
vt 0.8106 0.6198
vt 0.9482 0.5083
vt 0.9098 0.4713
vt 0.9276 0.4730
vt 0.9151 0.4884
vt 0.9164 0.5345
vt 0.9015 0.5311
vt 0.9066 0.5167
vt 0.9567 0.4856
vt 0.9012 0.5844
vt 0.9244 0.5759
vt 0.9107 0.5976
vt 0.7955 0.6056
vt 0.8066 0.6448
vt 0.7882 0.6508
vt 0.7956 0.6288
vt 0.8211 0.6478
vt 0.8220 0.6331
vt 0.8388 0.6435
vt 0.7770 0.6864
vt 0.9569 0.6401
vt 0.9354 0.6045
vt 0.9539 0.5962
vt 0.9501 0.6185
vt 0.8809 0.6655
vt 0.8972 0.6616
vt 0.8934 0.6811
vt 0.9374 0.6343
vt 0.9565 0.7251
vt 0.9220 0.6716
vt 0.9353 0.6819
vt 0.9260 0.6957
vt 0.8215 0.4092
vt 0.8705 0.4440
vt 0.8360 0.3802
vt 0.8169 0.4699
vt 0.8302 0.4645
vt 0.8310 0.4888
vt 0.8286 0.4502
vt 0.9453 0.4643
vt 0.9419 0.4866
vt 0.9276 0.4730
vt 0.9453 0.4643
vt 0.8868 0.7691
vt 0.8789 0.7860
vt 0.8735 0.7634
vt 0.9260 0.6957
vt 0.9356 0.7100
vt 0.9218 0.7109
vt 0.9258 0.8157
vt 0.9121 0.8046
vt 0.9273 0.8012
vt 0.9136 0.7693
vt 0.7676 0.7635
vt 0.7893 0.7813
vt 0.7964 0.8071
vt 0.7815 0.7989
vt 0.8418 0.7676
vt 0.8590 0.7673
vt 0.8598 0.7822
vt 0.8828 0.4341
vt 0.8970 0.4205
vt 0.9057 0.4381
vt 0.9223 0.4217
vt 0.9391 0.4426
vt 0.9391 0.4426
vt 0.9205 0.4531
vt 0.9209 0.4380
vt 0.7628 0.7918
vt 0.8693 0.8523
vt 0.8707 0.8343
vt 0.8872 0.8542
vt 0.9136 0.7693
vt 0.8843 0.8277
vt 0.8950 0.8171
vt 0.9121 0.8046
vt 0.9227 0.7863
vt 0.8843 0.8277
vt 0.8789 0.7860
vt 0.8728 0.8085
vt 0.8605 0.7983
vt 0.9080 0.7900
vt 0.8226 0.8398
vt 0.8093 0.7980
vt 0.8268 0.7761
vt 0.8251 0.7986
vt 0.8491 0.8095
vt 0.8089 0.8193
vt 0.8226 0.8398
vt 0.7971 0.8321
vt 0.8728 0.8085
vt 0.8707 0.8343
vt 0.8558 0.8255
vt 0.8226 0.8398
vt 0.8254 0.8248
vt 0.8405 0.8294
vt 0.8551 0.8556
vt 0.8491 0.8095
vt 0.8336 0.8116
vt 0.8336 0.5189
vt 0.8213 0.5305
vt 0.8266 0.5642
vt 0.8148 0.5729
vt 0.8250 0.5910
vt 0.8054 0.5840
vt 0.7955 0.6056
vt 0.7956 0.6288
vt 0.7811 0.6265
vt 0.9283 0.5039
vt 0.9360 0.5167
vt 0.9213 0.5202
vt 0.9409 0.5308
vt 0.9438 0.5748
vt 0.8109 0.5996
vt 0.8106 0.6198
vt 0.8088 0.6773
vt 0.8002 0.7086
vt 0.8022 0.6917
vt 0.8154 0.7005
vt 0.8085 0.7237
vt 0.8158 0.7386
vt 0.7955 0.7328
vt 0.9438 0.6483
vt 0.9571 0.6950
vt 0.9521 0.6802
vt 0.9668 0.6809
vt 0.9202 0.7535
vt 0.9085 0.7040
vt 0.8565 0.3665
vt 0.8609 0.3906
vt 0.8685 0.4033
vt 0.8752 0.4204
vt 0.8933 0.3912
vt 0.8829 0.4068
vt 0.8773 0.3794
vt 0.9223 0.4217
vt 0.8828 0.4341
vt 0.8773 0.3794
vt 0.8752 0.4204
vt 0.9080 0.5017
vt 0.8984 0.4883
vt 0.9151 0.4884
vt 0.8820 0.4917
vt 0.8617 0.4986
vt 0.8647 0.4791
vt 0.8674 0.4596
vt 0.8881 0.4533
vt 0.8478 0.4892
vt 0.8411 0.4738
vt 0.8647 0.4791
vt 0.8520 0.4626
vt 0.8411 0.4738
vt 0.8302 0.4645
vt 0.8286 0.4502
vt 0.9150 0.7372
vt 0.7893 0.7813
vt 0.7797 0.7564
vt 0.7678 0.7475
vt 0.7830 0.7428
vt 0.7797 0.7564
vt 0.8066 0.7662
vt 0.8018 0.7475
vt 0.8196 0.7548
vt 0.8018 0.7475
vt 0.8158 0.7386
vt 0.8268 0.7761
vt 0.7907 0.7194
vt 0.7767 0.7221
vt 0.7747 0.7064
vt 0.8196 0.7144
vt 0.8278 0.7296
vt 0.8085 0.7237
vt 0.8356 0.7424
vt 0.8215 0.6710
vt 0.8307 0.6819
vt 0.8181 0.6872
vt 0.8699 0.7106
vt 0.8673 0.6933
vt 0.8832 0.6933
vt 0.8278 0.7296
vt 0.8388 0.6435
vt 0.8485 0.6684
vt 0.8300 0.6596
vt 0.9085 0.7040
vt 0.8933 0.3912
vt 0.8958 0.3721
vt 0.8427 0.7910
vt 0.8598 0.7822
vt 0.8691 0.7446
vt 0.8949 0.7570
vt 0.8427 0.7910
vt 0.8335 0.7563
vt 0.8418 0.7676
vt 0.8427 0.7910
vt 0.8268 0.7761
vt 0.8478 0.4892
vt 0.8647 0.4791
vt 0.8771 0.4708
vt 0.8766 0.5091
vt 0.8786 0.5262
vt 0.8919 0.4728
vt 0.8771 0.4708
vt 0.8881 0.4533
vt 0.9062 0.5689
vt 0.8923 0.5625
vt 0.9010 0.5486
vt 0.8424 0.5786
vt 0.8480 0.5636
vt 0.8647 0.5782
vt 0.8919 0.4728
vt 0.8919 0.5199
vt 0.9209 0.4380
vt 0.9205 0.4531
vt 0.9342 0.4558
vt 0.9276 0.4730
vt 0.8751 0.5670
vt 0.8868 0.5768
vt 0.8647 0.5782
vt 0.8559 0.5498
vt 0.8383 0.5509
vt 0.9098 0.4713
vt 0.9080 0.5017
vt 0.9409 0.5308
vt 0.9338 0.5449
vt 0.9164 0.5345
vt 0.8919 0.5199
vt 0.8766 0.5091
vt 0.9066 0.5167
vt 0.8148 0.5729
vt 0.7950 0.5734
vt 0.7911 0.5585
vt 0.9213 0.5202
vt 0.8424 0.5786
vt 0.8250 0.5910
vt 0.8266 0.5642
vt 0.8438 0.5999
vt 0.8438 0.5999
vt 0.8536 0.6126
vt 0.8337 0.6247
vt 0.8264 0.6122
vt 0.7922 0.5910
vt 0.8806 0.5527
vt 0.8868 0.5768
vt 0.8963 0.6267
vt 0.8264 0.6122
vt 0.8337 0.6247
vt 0.8220 0.6331
vt 0.8537 0.5886
vt 0.8884 0.5388
vt 0.9010 0.5486
vt 0.8884 0.5388
vt 0.9015 0.5311
vt 0.8479 0.6276
vt 0.8220 0.6331
vt 0.8893 0.6028
vt 0.8729 0.5946
vt 0.8868 0.5768
vt 0.8843 0.6172
vt 0.8893 0.6028
vt 0.9028 0.6118
vt 0.8641 0.6279
vt 0.8211 0.6478
vt 0.8215 0.6710
vt 0.8019 0.6615
vt 0.8388 0.6435
vt 0.9244 0.5759
vt 0.9211 0.5542
vt 0.9010 0.5486
vt 0.8806 0.5527
vt 0.9348 0.5883
vt 0.9348 0.5883
vt 0.8561 0.6428
vt 0.8022 0.6917
vt 0.7874 0.6971
vt 0.7770 0.6864
vt 0.7884 0.6768
vt 0.7806 0.6639
vt 0.8300 0.6596
vt 0.8661 0.6578
vt 0.8561 0.6428
vt 0.8733 0.6413
vt 0.8661 0.6578
vt 0.8809 0.6655
vt 0.8677 0.6758
vt 0.8485 0.6684
vt 0.8677 0.6758
vt 0.8547 0.6812
vt 0.8874 0.6489
vt 0.9025 0.6440
vt 0.9219 0.6359
vt 0.9194 0.6512
vt 0.9194 0.6512
vt 0.9220 0.6716
vt 0.9067 0.6736
vt 0.8673 0.6933
vt 0.8496 0.6944
vt 0.8547 0.6812
vt 0.8307 0.6819
vt 0.9067 0.6736
vt 0.9116 0.6893
vt 0.8518 0.7124
vt 0.8563 0.7303
vt 0.8339 0.7159
vt 0.8331 0.6988
vt 0.8154 0.7005
vt 0.8181 0.6872
vt 0.8307 0.6819
vt 0.8496 0.6944
vt 0.8331 0.6988
vt 0.9150 0.7372
vt 0.8974 0.7394
vt 0.9026 0.7224
vt 0.8518 0.7124
vt 0.9438 0.6483
vt 0.9194 0.6512
vt 0.9025 0.6440
vt 0.8874 0.6489
vt 0.8963 0.6267
vt 0.8972 0.6616
vt 0.8843 0.6172
vt 0.8733 0.6413
vt 0.8641 0.6279
vt 0.9012 0.5844
vt 0.9216 0.6064
vt 0.9028 0.6118
vt 0.8697 0.6127
vt 0.9529 0.7097
vt 0.9433 0.7215
vt 0.9356 0.7100
vt 0.9484 0.7464
vt 0.9267 0.7262
vt 0.9433 0.7215
vt 0.9350 0.7399
vt 0.9043 0.4558
vt 0.8868 0.7691
vt 0.9202 0.7535
vt 0.8735 0.7634
vt 0.8974 0.7394
vt 0.9267 0.7262
vt 0.8002 0.7086
vt 0.8088 0.6773
vt 0.8976 0.4057
vt 0.9094 0.3818
vt 0.8565 0.3665
vt 0.8773 0.3794
vt 0.8787 0.7278
vt 0.8563 0.7303
vt 0.8699 0.7106
vt 0.8841 0.7465
vt 0.8976 0.4057
vt 0.8841 0.7465
vt 0.8787 0.7278
vt 0.8196 0.7144
vt 0.8339 0.7159
vt 0.2651 0.4500
vt 0.2657 0.4279
vt 0.2674 0.4498
vt 0.3131 0.3918
vt 0.2920 0.3955
vt 0.3016 0.3737
vt 0.2645 0.4720
vt 0.2651 0.4500
vt 0.2668 0.4718
vt 0.2857 0.3565
vt 0.2697 0.3619
vt 0.2762 0.3398
vt 0.2657 0.4279
vt 0.2662 0.4059
vt 0.2680 0.4278
vt 0.3004 0.5703
vt 0.3138 0.5500
vt 0.3158 0.5660
vt 0.2686 0.4058
vt 0.2662 0.4059
vt 0.2668 0.3839
vt 0.4392 0.5573
vt 0.4345 0.5817
vt 0.4229 0.5605
vt 0.2826 0.4172
vt 0.2680 0.4278
vt 0.2686 0.4058
vt 0.2836 0.3733
vt 0.2668 0.3839
vt 0.2674 0.3619
vt 0.2692 0.3839
vt 0.4837 0.9191
vt 0.4646 0.9058
vt 0.4749 0.8961
vt 0.2662 0.4938
vt 0.2644 0.5597
vt 0.2621 0.5601
vt 0.2627 0.5381
vt 0.3028 0.3567
vt 0.3111 0.3398
vt 0.3169 0.3398
vt 0.2621 0.5601
vt 0.2638 0.5817
vt 0.2615 0.5821
vt 0.2627 0.5381
vt 0.2633 0.5160
vt 0.2650 0.5377
vt 0.2826 0.4172
vt 0.2920 0.3955
vt 0.3007 0.4177
vt 0.2639 0.4940
vt 0.2662 0.4938
vt 0.2656 0.5157
vt 0.2656 0.5157
vt 0.3208 0.4970
vt 0.3367 0.5001
vt 0.3244 0.5117
vt 0.2738 0.5490
vt 0.3285 0.6080
vt 0.3065 0.5938
vt 0.3348 0.5952
vt 0.3828 0.9279
vt 0.3885 0.9048
vt 0.4012 0.9270
vt 0.2964 0.4697
vt 0.2858 0.4613
vt 0.2969 0.4520
vt 0.2792 0.4831
vt 0.3008 0.6210
vt 0.3175 0.6172
vt 0.3142 0.6349
vt 0.2680 0.3398
vt 0.2703 0.3398
vt 0.2697 0.3619
vt 0.4525 0.8277
vt 0.4323 0.8219
vt 0.4393 0.8051
vt 0.2820 0.3398
vt 0.4766 0.8802
vt 0.4920 0.8616
vt 0.4920 0.8846
vt 0.4500 0.9521
vt 0.4323 0.9357
vt 0.4500 0.9353
vt 0.2857 0.3565
vt 0.3841 0.9598
vt 0.3748 0.9427
vt 0.3996 0.9501
vt 0.2936 0.3398
vt 0.3028 0.3567
vt 0.2857 0.3565
vt 0.3533 0.9505
vt 0.3660 0.9572
vt 0.3576 0.9767
vt 0.3588 0.9372
vt 0.3147 0.3661
vt 0.3227 0.3398
vt 0.3350 0.3546
vt 0.3828 0.9279
vt 0.2994 0.3398
vt 0.3053 0.3398
vt 0.3028 0.3567
vt 0.3155 0.8669
vt 0.3095 0.8450
vt 0.3194 0.8540
vt 0.2878 0.3398
vt 0.3169 0.3398
vt 0.3455 0.9761
vt 0.2697 0.3619
vt 0.2836 0.3733
vt 0.3350 0.3546
vt 0.3285 0.3398
vt 0.3344 0.3398
vt 0.3147 0.3661
vt 0.3497 0.9162
vt 0.3335 0.9324
vt 0.3275 0.9105
vt 0.3635 0.3398
vt 0.3491 0.3589
vt 0.3576 0.3398
vt 0.3983 0.3777
vt 0.4059 0.3966
vt 0.3898 0.3914
vt 0.4766 0.8037
vt 0.4666 0.7813
vt 0.4818 0.7812
vt 0.3668 0.3667
vt 0.3291 0.3856
vt 0.3297 0.3685
vt 0.3431 0.3888
vt 0.3518 0.3398
vt 0.3748 0.9427
vt 0.3460 0.3398
vt 0.3350 0.3546
vt 0.3402 0.3398
vt 0.3665 0.9214
vt 0.4541 0.9205
vt 0.4646 0.9058
vt 0.4695 0.9191
vt 0.2806 0.5711
vt 0.2880 0.5493
vt 0.3004 0.5703
vt 0.2597 0.6482
vt 0.2603 0.6262
vt 0.2620 0.6476
vt 0.2806 0.5711
vt 0.2836 0.5932
vt 0.2638 0.5817
vt 0.2614 0.6696
vt 0.2591 0.6702
vt 0.2597 0.6482
vt 0.4920 0.9767
vt 0.4793 0.9621
vt 0.4920 0.9537
vt 0.2626 0.6256
vt 0.2603 0.6262
vt 0.2609 0.6041
vt 0.4500 0.9521
vt 0.4658 0.9344
vt 0.4668 0.9534
vt 0.2632 0.6037
vt 0.2951 0.7198
vt 0.2898 0.6979
vt 0.3114 0.7046
vt 0.2775 0.6370
vt 0.2717 0.6589
vt 0.2775 0.6370
vt 0.2862 0.6617
vt 0.2823 0.6154
vt 0.2615 0.5821
vt 0.2615 0.6702
vt 0.2615 0.6702
vt 0.2675 0.6921
vt 0.2651 0.6921
vt 0.2779 0.6775
vt 0.2711 0.7140
vt 0.2735 0.7139
vt 0.2772 0.7359
vt 0.2911 0.4388
vt 0.2717 0.6589
vt 0.2772 0.7359
vt 0.2795 0.7358
vt 0.2832 0.7578
vt 0.2832 0.7578
vt 0.2855 0.7576
vt 0.2892 0.7797
vt 0.2915 0.7795
vt 0.3154 0.4088
vt 0.2898 0.6979
vt 0.2632 0.6037
vt 0.2778 0.3951
vt 0.2969 0.5151
vt 0.2818 0.5272
vt 0.2858 0.5053
vt 0.2915 0.7795
vt 0.2975 0.8013
vt 0.2952 0.8016
vt 0.2971 0.7662
vt 0.4793 0.9621
vt 0.4668 0.9534
vt 0.4795 0.9422
vt 0.3012 0.8235
vt 0.3035 0.8232
vt 0.3035 0.8232
vt 0.3095 0.8450
vt 0.3072 0.8453
vt 0.3404 0.8360
vt 0.3323 0.8505
vt 0.3254 0.8289
vt 0.3132 0.8672
vt 0.3192 0.8891
vt 0.3431 0.8945
vt 0.3275 0.9105
vt 0.3215 0.8887
vt 0.3805 0.8355
vt 0.3712 0.8476
vt 0.3660 0.8310
vt 0.3137 0.7851
vt 0.3491 0.4861
vt 0.3367 0.5001
vt 0.3279 0.4835
vt 0.3192 0.8891
vt 0.3215 0.8887
vt 0.3252 0.9110
vt 0.3252 0.9110
vt 0.3275 0.9105
vt 0.3312 0.9329
vt 0.4920 0.9076
vt 0.4920 0.9306
vt 0.4837 0.9191
vt 0.3471 0.9298
vt 0.4541 0.9205
vt 0.3335 0.9324
vt 0.3395 0.9542
vt 0.3372 0.9548
vt 0.3987 0.8672
vt 0.3841 0.8816
vt 0.3731 0.8642
vt 0.3433 0.9767
vt 0.3455 0.9761
vt 0.2717 0.6589
vt 0.3471 0.9298
vt 0.3533 0.9505
vt 0.3395 0.9542
vt 0.3137 0.7851
vt 0.3304 0.7888
vt 0.3236 0.8083
vt 0.2811 0.4483
vt 0.3497 0.9162
vt 0.2823 0.6154
vt 0.3011 0.5434
vt 0.3693 0.3398
vt 0.3751 0.3398
vt 0.3668 0.3667
vt 0.3769 0.3818
vt 0.3668 0.3667
vt 0.3841 0.3613
vt 0.3751 0.3398
vt 0.3809 0.3398
vt 0.3841 0.3613
vt 0.2792 0.4831
vt 0.2960 0.4833
vt 0.2974 0.4973
vt 0.3984 0.3398
vt 0.3992 0.3625
vt 0.3926 0.3398
vt 0.4143 0.3629
vt 0.3983 0.3777
vt 0.3992 0.3625
vt 0.2931 0.6754
vt 0.2974 0.6521
vt 0.4042 0.3398
vt 0.3120 0.4781
vt 0.2964 0.4697
vt 0.3074 0.4619
vt 0.2668 0.4718
vt 0.3867 0.3398
vt 0.4100 0.3398
vt 0.4123 0.3398
vt 0.4143 0.3629
vt 0.2836 0.5932
vt 0.2953 0.5842
vt 0.2948 0.6050
vt 0.4143 0.3629
vt 0.4166 0.3625
vt 0.4209 0.3851
vt 0.2792 0.4831
vt 0.2858 0.5053
vt 0.2662 0.4938
vt 0.4187 0.3855
vt 0.4209 0.3851
vt 0.4230 0.4081
vt 0.4273 0.4307
vt 0.4230 0.4081
vt 0.4296 0.4303
vt 0.4252 0.4077
vt 0.3769 0.3818
vt 0.4489 0.6743
vt 0.4632 0.6699
vt 0.4584 0.6943
vt 0.3315 0.4027
vt 0.3528 0.3995
vt 0.3480 0.4205
vt 0.2811 0.4483
vt 0.2858 0.4613
vt 0.2674 0.4498
vt 0.2963 0.6375
vt 0.4316 0.4533
vt 0.4110 0.4455
vt 0.4273 0.4307
vt 0.4296 0.4303
vt 0.4339 0.4529
vt 0.4316 0.4533
vt 0.2778 0.3951
vt 0.4392 0.5573
vt 0.4489 0.5438
vt 0.4532 0.5664
vt 0.4359 0.4759
vt 0.4382 0.4755
vt 0.4382 0.4755
vt 0.4425 0.4981
vt 0.4402 0.4986
vt 0.4055 0.4904
vt 0.3916 0.4961
vt 0.3926 0.4817
vt 0.4446 0.5212
vt 0.4468 0.5207
vt 0.4489 0.5438
vt 0.4532 0.5664
vt 0.4575 0.5890
vt 0.4480 0.5791
vt 0.4292 0.5213
vt 0.4263 0.5047
vt 0.4446 0.5212
vt 0.4511 0.5433
vt 0.4555 0.5660
vt 0.4598 0.5886
vt 0.3791 0.5689
vt 0.3848 0.5532
vt 0.4000 0.5666
vt 0.3779 0.8948
vt 0.3623 0.9051
vt 0.3647 0.8886
vt 0.4345 0.5817
vt 0.4223 0.5924
vt 0.4192 0.5762
vt 0.4598 0.5886
vt 0.4641 0.6112
vt 0.4618 0.6116
vt 0.2969 0.4520
vt 0.3154 0.4427
vt 0.3074 0.4619
vt 0.4661 0.6342
vt 0.4684 0.6338
vt 0.4705 0.6568
vt 0.4535 0.6484
vt 0.3367 0.6197
vt 0.3319 0.6385
vt 0.3175 0.6172
vt 0.3894 0.4497
vt 0.4110 0.4455
vt 0.4025 0.4594
vt 0.3993 0.5452
vt 0.4010 0.5281
vt 0.4260 0.5364
vt 0.3509 0.4441
vt 0.3315 0.4542
vt 0.3344 0.4346
vt 0.4705 0.6568
vt 0.4727 0.6564
vt 0.4748 0.6795
vt 0.4748 0.6795
vt 0.4770 0.6790
vt 0.4791 0.7021
vt 0.2818 0.5272
vt 0.3569 0.6349
vt 0.3367 0.6197
vt 0.3527 0.6089
vt 0.4791 0.7021
vt 0.4814 0.7016
vt 0.4834 0.7247
vt 0.4877 0.7473
vt 0.4834 0.7247
vt 0.4857 0.7242
vt 0.4900 0.7469
vt 0.4171 0.9454
vt 0.4192 0.9236
vt 0.4323 0.9357
vt 0.4575 0.8040
vt 0.4724 0.7151
vt 0.3744 0.9767
vt 0.3912 0.9767
vt 0.2969 0.5151
vt 0.2974 0.4973
vt 0.3085 0.5059
vt 0.4080 0.9767
vt 0.4164 0.9622
vt 0.3996 0.9501
vt 0.4171 0.9454
vt 0.4920 0.8155
vt 0.4733 0.8292
vt 0.4766 0.8037
vt 0.4332 0.9534
vt 0.4500 0.9521
vt 0.4416 0.9767
vt 0.4584 0.9767
vt 0.3046 0.4322
vt 0.3285 0.4190
vt 0.3154 0.4427
vt 0.3154 0.4088
vt 0.3855 0.7612
vt 0.3846 0.7422
vt 0.3989 0.7510
vt 0.4646 0.8695
vt 0.4738 0.8501
vt 0.4920 0.8616
vt 0.4731 0.7618
vt 0.4920 0.7699
vt 0.4818 0.7812
vt 0.4920 0.7699
vt 0.4203 0.6791
vt 0.4349 0.6519
vt 0.4462 0.6604
vt 0.4920 0.8385
vt 0.4920 0.8155
vt 0.4943 0.8155
vt 0.4943 0.7925
vt 0.4920 0.7925
vt 0.4920 0.7699
vt 0.3841 0.9598
vt 0.4943 0.8385
vt 0.4920 0.8616
vt 0.4920 0.8385
vt 0.4920 0.8155
vt 0.4749 0.8961
vt 0.4943 0.8616
vt 0.3085 0.5059
vt 0.3244 0.5117
vt 0.3142 0.5221
vt 0.4943 0.7695
vt 0.4837 0.9191
vt 0.4795 0.9422
vt 0.4658 0.9344
vt 0.4943 0.9076
vt 0.4752 0.9767
vt 0.4943 0.9537
vt 0.4920 0.9537
vt 0.4920 0.9306
vt 0.4668 0.9534
vt 0.4752 0.9767
vt 0.4584 0.9767
vt 0.4920 0.9076
vt 0.4920 0.8846
vt 0.4943 0.8846
vt 0.4164 0.9622
vt 0.4248 0.9767
vt 0.4080 0.9767
vt 0.4943 0.9767
vt 0.4248 0.9767
vt 0.4943 0.9306
vt 0.3315 0.4542
vt 0.3349 0.4695
vt 0.3074 0.4619
vt 0.2738 0.5490
vt 0.2974 0.6521
vt 0.4077 0.4158
vt 0.4121 0.4304
vt 0.3967 0.4289
vt 0.2795 0.7358
vt 0.2951 0.7198
vt 0.3004 0.7421
vt 0.3647 0.8886
vt 0.4401 0.9141
vt 0.4188 0.4646
vt 0.3680 0.4523
vt 0.3509 0.4441
vt 0.3654 0.4296
vt 0.3534 0.5337
vt 0.3398 0.5186
vt 0.3522 0.5070
vt 0.3894 0.4497
vt 0.3797 0.4592
vt 0.3680 0.4523
vt 0.4479 0.6026
vt 0.4479 0.6026
vt 0.4431 0.6269
vt 0.4315 0.6057
vt 0.4535 0.6484
vt 0.3324 0.6960
vt 0.3277 0.6737
vt 0.3487 0.6839
vt 0.3315 0.4027
vt 0.3491 0.3589
vt 0.3291 0.3856
vt 0.3147 0.3661
vt 0.3967 0.4289
vt 0.3784 0.4176
vt 0.3929 0.4073
vt 0.3154 0.4427
vt 0.3046 0.4322
vt 0.3480 0.4205
vt 0.3525 0.3779
vt 0.3686 0.4043
vt 0.3614 0.4162
vt 0.3528 0.3995
vt 0.3492 0.4630
vt 0.3492 0.4630
vt 0.3680 0.4523
vt 0.3650 0.4688
vt 0.3650 0.4688
vt 0.3702 0.4832
vt 0.3491 0.4861
vt 0.3349 0.4695
vt 0.3279 0.4835
vt 0.3120 0.4781
vt 0.3011 0.5434
vt 0.3015 0.5291
vt 0.3245 0.5324
vt 0.2818 0.5272
vt 0.3301 0.5732
vt 0.3158 0.5660
vt 0.3327 0.5494
vt 0.3065 0.5938
vt 0.2953 0.5842
vt 0.3208 0.4970
vt 0.3175 0.6172
vt 0.3008 0.6210
vt 0.3168 0.5818
vt 0.3183 0.6915
vt 0.3144 0.6716
vt 0.3277 0.6737
vt 0.3411 0.6651
vt 0.3323 0.7259
vt 0.3561 0.7110
vt 0.3619 0.7249
vt 0.3142 0.6349
vt 0.3105 0.6587
vt 0.2974 0.6521
vt 0.3066 0.6825
vt 0.3183 0.6915
vt 0.3134 0.7249
vt 0.3714 0.7914
vt 0.3539 0.7759
vt 0.3695 0.7681
vt 0.4657 0.7398
vt 0.4580 0.7178
vt 0.4724 0.7151
vt 0.3682 0.6982
vt 0.3732 0.7150
vt 0.3561 0.7110
vt 0.3516 0.8829
vt 0.3647 0.8886
vt 0.3431 0.8945
vt 0.3929 0.4073
vt 0.4121 0.4304
vt 0.3967 0.4289
vt 0.3894 0.4497
vt 0.3811 0.4351
vt 0.3633 0.3886
vt 0.3926 0.3398
vt 0.3686 0.4043
vt 0.4077 0.4158
vt 0.3525 0.3779
vt 0.3312 0.8743
vt 0.3194 0.8540
vt 0.4336 0.8429
vt 0.4192 0.8668
vt 0.4088 0.8579
vt 0.4543 0.8961
vt 0.4646 0.8695
vt 0.4766 0.8802
vt 0.4543 0.8961
vt 0.4379 0.8584
vt 0.4336 0.8429
vt 0.4527 0.8520
vt 0.4527 0.8520
vt 0.4525 0.8277
vt 0.4621 0.8398
vt 0.4012 0.9270
vt 0.4192 0.8668
vt 0.4379 0.8584
vt 0.4382 0.8746
vt 0.4055 0.4754
vt 0.4205 0.4906
vt 0.3811 0.4351
vt 0.3926 0.4817
vt 0.3480 0.4205
vt 0.4025 0.4594
vt 0.3813 0.4726
vt 0.3797 0.4592
vt 0.3614 0.4162
vt 0.3667 0.4981
vt 0.3702 0.4832
vt 0.3916 0.4961
vt 0.3813 0.4726
vt 0.3926 0.4817
vt 0.3534 0.5337
vt 0.3678 0.5163
vt 0.3736 0.5308
vt 0.3799 0.5063
vt 0.3916 0.4961
vt 0.3990 0.5110
vt 0.3522 0.5070
vt 0.3522 0.5070
vt 0.3667 0.4981
vt 0.3678 0.5163
vt 0.3142 0.5221
vt 0.3398 0.5186
vt 0.3799 0.5063
vt 0.3855 0.5207
vt 0.3855 0.5207
vt 0.3990 0.5110
vt 0.4010 0.5281
vt 0.3510 0.5541
vt 0.3534 0.5337
vt 0.3698 0.5459
vt 0.3993 0.5452
vt 0.3665 0.5606
vt 0.3327 0.5494
vt 0.3388 0.5359
vt 0.3510 0.5541
vt 0.3245 0.5324
vt 0.3388 0.5359
vt 0.3138 0.5500
vt 0.3443 0.5677
vt 0.3510 0.5541
vt 0.3584 0.5732
vt 0.3327 0.5494
vt 0.2969 0.5151
vt 0.3348 0.5952
vt 0.3301 0.5732
vt 0.3525 0.5906
vt 0.3168 0.5818
vt 0.3525 0.5906
vt 0.4395 0.5339
vt 0.4093 0.5556
vt 0.4000 0.5666
vt 0.3993 0.5452
vt 0.4292 0.5213
vt 0.4260 0.5364
vt 0.4151 0.5151
vt 0.4566 0.6243
vt 0.4431 0.6269
vt 0.4284 0.6359
vt 0.4210 0.6172
vt 0.4632 0.6699
vt 0.4349 0.6519
vt 0.3661 0.5855
vt 0.3926 0.6145
vt 0.3691 0.6036
vt 0.3946 0.5983
vt 0.3144 0.6716
vt 0.2963 0.6375
vt 0.3280 0.6559
vt 0.3262 0.7110
vt 0.3270 0.7720
vt 0.3137 0.7851
vt 0.3110 0.7624
vt 0.4788 0.7373
vt 0.3907 0.7149
vt 0.3822 0.7028
vt 0.4045 0.6961
vt 0.4608 0.7685
vt 0.4492 0.7844
vt 0.4469 0.7668
vt 0.4476 0.7338
vt 0.4738 0.8501
vt 0.4315 0.7836
vt 0.4492 0.7844
vt 0.4393 0.8051
vt 0.3623 0.9051
vt 0.3885 0.9048
vt 0.3312 0.8743
vt 0.3312 0.8743
vt 0.3323 0.8505
vt 0.3457 0.8551
vt 0.3254 0.8289
vt 0.3412 0.7690
vt 0.3360 0.7555
vt 0.3556 0.7575
vt 0.4733 0.8292
vt 0.4503 0.8664
vt 0.3958 0.8357
vt 0.4206 0.8332
vt 0.4086 0.8442
vt 0.4503 0.8664
vt 0.4543 0.8961
vt 0.4382 0.8746
vt 0.4365 0.8943
vt 0.4401 0.9141
vt 0.4253 0.9093
vt 0.4637 0.8177
vt 0.4245 0.8811
vt 0.4365 0.8943
vt 0.3987 0.8672
vt 0.4525 0.8277
vt 0.4066 0.9095
vt 0.4025 0.8857
vt 0.3879 0.8489
vt 0.4076 0.8095
vt 0.4323 0.8219
vt 0.4206 0.8332
vt 0.4575 0.8040
vt 0.4187 0.8952
vt 0.4086 0.8442
vt 0.4731 0.7618
vt 0.4608 0.7685
vt 0.4521 0.7504
vt 0.4263 0.5047
vt 0.4151 0.5151
vt 0.3990 0.5110
vt 0.4055 0.4904
vt 0.4151 0.5151
vt 0.4055 0.4904
vt 0.3633 0.3886
vt 0.3528 0.3995
vt 0.3431 0.3888
vt 0.3285 0.6080
vt 0.4260 0.5364
vt 0.4395 0.5339
vt 0.4392 0.5573
vt 0.4229 0.5605
vt 0.4093 0.5556
vt 0.4260 0.5364
vt 0.4345 0.5817
vt 0.4480 0.5791
vt 0.4479 0.6026
vt 0.4315 0.6057
vt 0.4431 0.6269
vt 0.4566 0.6243
vt 0.4535 0.6484
vt 0.4080 0.6452
vt 0.4284 0.6359
vt 0.4178 0.6576
vt 0.4632 0.6699
vt 0.4584 0.6943
vt 0.4580 0.7178
vt 0.4423 0.7058
vt 0.4584 0.6943
vt 0.4489 0.6743
vt 0.3646 0.6203
vt 0.3280 0.6559
vt 0.3569 0.6349
vt 0.3494 0.6502
vt 0.3319 0.6385
vt 0.3472 0.6989
vt 0.3323 0.7259
vt 0.3220 0.7422
vt 0.3134 0.7249
vt 0.3004 0.7421
vt 0.3360 0.7555
vt 0.3428 0.8006
vt 0.4321 0.7227
vt 0.3478 0.8691
vt 0.3092 0.8099
vt 0.3549 0.8443
vt 0.3731 0.8642
vt 0.4211 0.8040
vt 0.3879 0.8489
vt 0.4125 0.7843
vt 0.3945 0.7780
vt 0.4056 0.7660
vt 0.4056 0.7660
vt 0.4025 0.8857
vt 0.4666 0.7813
vt 0.4788 0.7373
vt 0.4731 0.7618
vt 0.4657 0.7398
vt 0.3925 0.5806
vt 0.4071 0.5869
vt 0.4223 0.5924
vt 0.4079 0.6087
vt 0.3691 0.6036
vt 0.3791 0.5689
vt 0.3799 0.5902
vt 0.4192 0.5762
vt 0.3848 0.5532
vt 0.4079 0.6087
vt 0.4315 0.6057
vt 0.4210 0.6172
vt 0.3665 0.5606
vt 0.3946 0.5983
vt 0.3803 0.6252
vt 0.3926 0.6145
vt 0.4079 0.6087
vt 0.3967 0.6293
vt 0.4121 0.6300
vt 0.3967 0.6293
vt 0.4080 0.6452
vt 0.3889 0.6426
vt 0.3646 0.6203
vt 0.3671 0.6494
vt 0.3889 0.6426
vt 0.3786 0.6629
vt 0.3671 0.6494
vt 0.3663 0.6807
vt 0.3487 0.6839
vt 0.3571 0.6654
vt 0.3494 0.6502
vt 0.3786 0.6629
vt 0.3826 0.6881
vt 0.3663 0.6807
vt 0.3682 0.6982
vt 0.3918 0.6737
vt 0.3472 0.6989
vt 0.3561 0.7110
vt 0.3262 0.7110
vt 0.3822 0.7028
vt 0.3846 0.7422
vt 0.3702 0.7499
vt 0.3820 0.7273
vt 0.3997 0.6586
vt 0.3803 0.6252
vt 0.3918 0.6737
vt 0.4069 0.6720
vt 0.4045 0.6961
vt 0.3989 0.7510
vt 0.4063 0.7303
vt 0.4157 0.7503
vt 0.3907 0.7149
vt 0.3820 0.7273
vt 0.3732 0.7150
vt 0.3820 0.7273
vt 0.3577 0.7393
vt 0.3619 0.7249
vt 0.4063 0.7303
vt 0.3304 0.7888
vt 0.3539 0.7759
vt 0.3556 0.7915
vt 0.3577 0.7393
vt 0.3556 0.7575
vt 0.3412 0.7399
vt 0.4178 0.6576
vt 0.4203 0.6791
vt 0.4069 0.6720
vt 0.4461 0.6879
vt 0.4423 0.7058
vt 0.4326 0.6913
vt 0.4051 0.7110
vt 0.4326 0.6913
vt 0.4223 0.7053
vt 0.4203 0.6791
vt 0.4121 0.6300
vt 0.3412 0.7399
vt 0.3220 0.7422
vt 0.3110 0.7624
vt 0.3004 0.7421
vt 0.3304 0.7888
vt 0.3702 0.7499
vt 0.3397 0.8182
vt 0.3092 0.8099
vt 0.4219 0.7678
vt 0.4157 0.7503
vt 0.4339 0.7536
vt 0.3695 0.7681
vt 0.3805 0.8355
vt 0.3723 0.8148
vt 0.3867 0.8101
vt 0.3555 0.8119
vt 0.3714 0.7914
vt 0.3723 0.8148
vt 0.3945 0.7780
vt 0.4272 0.7385
vt 0.4476 0.7338
vt 0.4339 0.7536
vt 0.4469 0.7668
vt 0.4056 0.7660
vt 0.4051 0.7110
vt 0.4223 0.7053
vt 0.4172 0.7197
vt 0.4063 0.7303
vt 0.4172 0.7197
vt 0.4272 0.7385
vt 0.4521 0.7504
vt 0.4125 0.7843
vt 0.4125 0.7843
vt 0.4076 0.8095
vt 0.3972 0.7991
vt 0.3397 0.8182
vt 0.3660 0.8310
vt 0.3555 0.8119
vt 0.4025 0.8857
vt 0.4066 0.9095
vt 0.3712 0.8476
vt 0.3549 0.8443
vt 0.3556 0.7915
vt 0.3978 0.8204
vt 0.3958 0.8357
vt 0.3805 0.8355
vt 0.3859 0.7898
vt 0.3867 0.8101
vt 0.3978 0.8204
vt 0.3867 0.8101
vt 0.4223 0.7053
vt 0.4461 0.6879
vt 0.5266 0.5173
vt 0.5263 0.4951
vt 0.5286 0.4953
vt 0.5710 0.9778
vt 0.5554 0.9778
vt 0.5623 0.9521
vt 0.5243 0.5171
vt 0.5266 0.5173
vt 0.5247 0.5394
vt 0.5282 0.4731
vt 0.5683 0.8313
vt 0.5436 0.8138
vt 0.5739 0.8182
vt 0.5302 0.4510
vt 0.5321 0.4290
vt 0.5325 0.4513
vt 0.6611 0.7994
vt 0.6580 0.8157
vt 0.6414 0.8041
vt 0.5305 0.4733
vt 0.5325 0.4513
vt 0.5417 0.4632
vt 0.5305 0.4733
vt 0.5493 0.4860
vt 0.5344 0.4292
vt 0.5928 0.8751
vt 0.5935 0.8550
vt 0.6031 0.8654
vt 0.5165 0.6052
vt 0.5184 0.5832
vt 0.5188 0.6054
vt 0.5129 0.6713
vt 0.5254 0.6822
vt 0.5129 0.6932
vt 0.5165 0.6052
vt 0.5168 0.6274
vt 0.5145 0.6272
vt 0.5825 0.6863
vt 0.5982 0.6925
vt 0.5828 0.7032
vt 0.5126 0.6493
vt 0.5207 0.5834
vt 0.5280 0.9371
vt 0.5129 0.9559
vt 0.5129 0.9340
vt 0.5223 0.5391
vt 0.5247 0.5394
vt 0.5227 0.5614
vt 0.5204 0.5612
vt 0.5227 0.5614
vt 0.5207 0.5834
vt 0.5334 0.5734
vt 0.5453 0.5079
vt 0.5789 0.9472
vt 0.5964 0.9404
vt 0.5946 0.9640
vt 0.5334 0.7479
vt 0.5129 0.7589
vt 0.5129 0.7370
vt 0.5363 0.5293
vt 0.5483 0.4338
vt 0.6039 0.9116
vt 0.6251 0.9119
vt 0.6102 0.9277
vt 0.5399 0.3409
vt 0.5422 0.3409
vt 0.5403 0.3632
vt 0.6548 0.9204
vt 0.6661 0.9117
vt 0.6605 0.9335
vt 0.5559 0.3409
vt 0.5602 0.3592
vt 0.5491 0.3409
vt 0.6113 0.8782
vt 0.6171 0.8635
vt 0.6313 0.8724
vt 0.5765 0.8657
vt 0.5747 0.8440
vt 0.5935 0.8550
vt 0.5602 0.3592
vt 0.5628 0.3409
vt 0.5697 0.3409
vt 0.6456 0.9054
vt 0.6299 0.8908
vt 0.6507 0.8842
vt 0.5491 0.3409
vt 0.5807 0.3615
vt 0.6039 0.9116
vt 0.5991 0.8950
vt 0.6153 0.8986
vt 0.5666 0.3766
vt 0.6265 0.9336
vt 0.6423 0.9405
vt 0.6258 0.9509
vt 0.6265 0.9336
vt 0.6043 0.3668
vt 0.6177 0.3870
vt 0.6061 0.3946
vt 0.6406 0.9226
vt 0.6605 0.9335
vt 0.6423 0.9405
vt 0.5903 0.3409
vt 0.5945 0.3556
vt 0.5834 0.3409
vt 0.6251 0.9119
vt 0.5765 0.3409
vt 0.5364 0.4072
vt 0.5360 0.3850
vt 0.5383 0.3852
vt 0.5665 0.8776
vt 0.5502 0.8595
vt 0.5649 0.8557
vt 0.5341 0.4070
vt 0.5364 0.4072
vt 0.5344 0.4292
vt 0.5825 0.3772
vt 0.5770 0.3913
vt 0.5666 0.3766
vt 0.5380 0.3630
vt 0.5320 0.9012
vt 0.5315 0.8801
vt 0.5522 0.8838
vt 0.6177 0.3409
vt 0.6246 0.3409
vt 0.6212 0.3592
vt 0.6507 0.8842
vt 0.6313 0.8724
vt 0.6477 0.8639
vt 0.5834 0.3409
vt 0.5403 0.3632
vt 0.6296 0.3758
vt 0.6212 0.3592
vt 0.6406 0.3637
vt 0.5945 0.3556
vt 0.6040 0.3409
vt 0.6108 0.3409
vt 0.6108 0.3409
vt 0.5524 0.4197
vt 0.6119 0.9434
vt 0.6406 0.9226
vt 0.6456 0.9054
vt 0.5420 0.6822
vt 0.5337 0.6615
vt 0.5537 0.6655
vt 0.5263 0.8136
vt 0.5129 0.8245
vt 0.5129 0.8026
vt 0.5106 0.6932
vt 0.5106 0.6713
vt 0.5129 0.6932
vt 0.5665 0.8776
vt 0.5765 0.8657
vt 0.5786 0.8874
vt 0.5106 0.7370
vt 0.5106 0.7151
vt 0.5129 0.7151
vt 0.5106 0.6932
vt 0.5547 0.8355
vt 0.5747 0.8440
vt 0.5649 0.8557
vt 0.5129 0.6713
vt 0.5126 0.6493
vt 0.5149 0.6495
vt 0.5106 0.7589
vt 0.5106 0.7370
vt 0.5129 0.7370
vt 0.5411 0.7698
vt 0.5334 0.7479
vt 0.5474 0.7553
vt 0.5106 0.7808
vt 0.5106 0.7589
vt 0.5129 0.7808
vt 0.5254 0.6822
vt 0.5847 0.9258
vt 0.6383 0.3409
vt 0.6406 0.3637
vt 0.6314 0.3409
vt 0.5129 0.8026
vt 0.5106 0.8026
vt 0.5106 0.7808
vt 0.7049 0.4405
vt 0.7125 0.4290
vt 0.7139 0.4510
vt 0.5129 0.8464
vt 0.5106 0.8464
vt 0.5106 0.8245
vt 0.5129 0.8683
vt 0.5106 0.8683
vt 0.5106 0.8464
vt 0.6726 0.3409
vt 0.6640 0.3604
vt 0.6658 0.3409
vt 0.5106 0.8245
vt 0.5106 0.8026
vt 0.5129 0.8245
vt 0.5208 0.9231
vt 0.5320 0.9012
vt 0.5342 0.9231
vt 0.5505 0.9104
vt 0.5626 0.9279
vt 0.5479 0.9283
vt 0.5129 0.8902
vt 0.5106 0.9121
vt 0.5106 0.8902
vt 0.5510 0.7130
vt 0.5337 0.7041
vt 0.5489 0.6974
vt 0.5129 0.9559
vt 0.5106 0.9559
vt 0.5106 0.9340
vt 0.5129 0.9778
vt 0.5106 0.9778
vt 0.5106 0.9559
vt 0.5921 0.7691
vt 0.5841 0.7883
vt 0.5714 0.7698
vt 0.5106 0.9340
vt 0.5106 0.9121
vt 0.5129 0.9121
vt 0.5476 0.9429
vt 0.5476 0.9612
vt 0.5313 0.9521
vt 0.5106 0.8902
vt 0.5249 0.7698
vt 0.5411 0.7698
vt 0.5436 0.7830
vt 0.5249 0.7698
vt 0.5254 0.7260
vt 0.5129 0.7808
vt 0.5249 0.7698
vt 0.5334 0.7917
vt 0.5129 0.8245
vt 0.5324 0.8355
vt 0.5129 0.8464
vt 0.5324 0.8355
vt 0.5436 0.8458
vt 0.5300 0.8574
vt 0.5476 0.9429
vt 0.6391 0.9616
vt 0.6423 0.9405
vt 0.6549 0.9554
vt 0.5476 0.9612
vt 0.5337 0.7041
vt 0.5811 0.7505
vt 0.5313 0.9521
vt 0.5334 0.7479
vt 0.5420 0.7260
vt 0.5462 0.7403
vt 0.5241 0.9778
vt 0.5129 0.9778
vt 0.5129 0.9559
vt 0.5436 0.7830
vt 0.5563 0.7721
vt 0.5563 0.7874
vt 0.5397 0.9778
vt 0.5420 0.7260
vt 0.5254 0.7260
vt 0.5337 0.7041
vt 0.5789 0.9635
vt 0.5867 0.9778
vt 0.5208 0.9231
vt 0.5129 0.9340
vt 0.5129 0.9121
vt 0.6102 0.9615
vt 0.5436 0.8275
vt 0.5547 0.8355
vt 0.5436 0.8458
vt 0.7263 0.6488
vt 0.7058 0.6390
vt 0.7249 0.6268
vt 0.6043 0.3668
vt 0.6113 0.8782
vt 0.6177 0.3870
vt 0.6296 0.3758
vt 0.6298 0.3948
vt 0.6513 0.3548
vt 0.6589 0.3409
vt 0.6640 0.3604
vt 0.5727 0.4215
vt 0.5644 0.3998
vt 0.5832 0.4051
vt 0.5691 0.4807
vt 0.5713 0.4553
vt 0.5841 0.4669
vt 0.6513 0.3548
vt 0.6452 0.3409
vt 0.6520 0.3409
vt 0.6061 0.3946
vt 0.6298 0.3948
vt 0.6206 0.4131
vt 0.6431 0.4586
vt 0.6330 0.4472
vt 0.6498 0.4449
vt 0.6726 0.3409
vt 0.6795 0.3409
vt 0.6838 0.3594
vt 0.7049 0.4405
vt 0.6953 0.4632
vt 0.6912 0.4414
vt 0.6755 0.3762
vt 0.6765 0.3899
vt 0.6578 0.3789
vt 0.6863 0.3409
vt 0.6967 0.4857
vt 0.6930 0.5074
vt 0.6843 0.4947
vt 0.5626 0.4960
vt 0.6940 0.3750
vt 0.6838 0.3594
vt 0.6970 0.3547
vt 0.5495 0.5748
vt 0.5437 0.5521
vt 0.5583 0.5605
vt 0.7069 0.3409
vt 0.7083 0.3631
vt 0.6970 0.3547
vt 0.5964 0.9404
vt 0.7103 0.3583
vt 0.7001 0.3409
vt 0.6802 0.5168
vt 0.6991 0.5291
vt 0.6878 0.5377
vt 0.7097 0.3850
vt 0.6940 0.3750
vt 0.7083 0.3631
vt 0.7114 0.3757
vt 0.5483 0.6411
vt 0.5455 0.6545
vt 0.5314 0.6444
vt 0.7111 0.4070
vt 0.7097 0.3850
vt 0.7125 0.3931
vt 0.7111 0.4070
vt 0.6940 0.4191
vt 0.6863 0.3997
vt 0.5280 0.9371
vt 0.7092 0.3409
vt 0.5928 0.8751
vt 0.6932 0.3409
vt 0.6960 0.3892
vt 0.6640 0.3957
vt 0.6863 0.3997
vt 0.6817 0.4127
vt 0.7136 0.4105
vt 0.7125 0.4290
vt 0.7111 0.4070
vt 0.7158 0.4453
vt 0.7147 0.4279
vt 0.7076 0.5065
vt 0.7166 0.4949
vt 0.7180 0.5169
vt 0.7169 0.4626
vt 0.7152 0.4729
vt 0.7139 0.4510
vt 0.5507 0.3752
vt 0.7152 0.4729
vt 0.7180 0.4800
vt 0.7166 0.4949
vt 0.7191 0.4974
vt 0.5954 0.4552
vt 0.6033 0.4748
vt 0.5841 0.4669
vt 0.5320 0.9012
vt 0.6689 0.4178
vt 0.6606 0.4297
vt 0.6539 0.4154
vt 0.7191 0.4974
vt 0.7202 0.5148
vt 0.7180 0.5169
vt 0.7180 0.5169
vt 0.7213 0.5322
vt 0.7194 0.5389
vt 0.7208 0.5608
vt 0.7194 0.5389
vt 0.7224 0.5496
vt 0.7236 0.6048
vt 0.7045 0.6166
vt 0.7091 0.5947
vt 0.6988 0.5733
vt 0.6914 0.5958
vt 0.6823 0.5803
vt 0.7235 0.5670
vt 0.6641 0.8762
vt 0.7222 0.5828
vt 0.7235 0.5670
vt 0.7246 0.5844
vt 0.5505 0.9104
vt 0.7257 0.6017
vt 0.7063 0.5507
vt 0.6988 0.5733
vt 0.6886 0.5518
vt 0.7063 0.5507
vt 0.6775 0.5643
vt 0.6773 0.8680
vt 0.6829 0.8462
vt 0.6796 0.8683
vt 0.6661 0.9117
vt 0.6590 0.8982
vt 0.6717 0.8898
vt 0.6740 0.8902
vt 0.6717 0.8898
vt 0.6852 0.8464
vt 0.6941 0.8025
vt 0.6964 0.8026
vt 0.6908 0.8245
vt 0.6997 0.7806
vt 0.6852 0.8464
vt 0.6885 0.8243
vt 0.6908 0.8245
vt 0.5420 0.6822
vt 0.6742 0.8125
vt 0.6789 0.7869
vt 0.6941 0.8025
vt 0.6507 0.8842
vt 0.5789 0.9472
vt 0.6549 0.9554
vt 0.6572 0.9559
vt 0.6516 0.9778
vt 0.6337 0.9778
vt 0.6391 0.9616
vt 0.6493 0.9778
vt 0.6493 0.9778
vt 0.5402 0.5962
vt 0.5474 0.7553
vt 0.5600 0.7457
vt 0.5563 0.7721
vt 0.6180 0.9778
vt 0.6024 0.9778
vt 0.6102 0.9615
vt 0.6684 0.9121
vt 0.5946 0.9640
vt 0.6628 0.9340
vt 0.5623 0.9521
vt 0.5263 0.8136
vt 0.5334 0.7917
vt 0.5466 0.7991
vt 0.6180 0.9778
vt 0.6641 0.8473
vt 0.6453 0.8468
vt 0.6536 0.8317
vt 0.7236 0.6048
vt 0.7257 0.6017
vt 0.7268 0.6191
vt 0.7279 0.6365
vt 0.7249 0.6268
vt 0.6896 0.7199
vt 0.6897 0.6936
vt 0.7039 0.7033
vt 0.5954 0.4552
vt 0.5713 0.4553
vt 0.5851 0.4426
vt 0.7058 0.6862
vt 0.7100 0.6689
vt 0.7278 0.6714
vt 0.7290 0.6539
vt 0.7277 0.6707
vt 0.7263 0.6488
vt 0.7277 0.6707
vt 0.7301 0.6713
vt 0.7278 0.6714
vt 0.7245 0.6932
vt 0.7221 0.6933
vt 0.5847 0.9258
vt 0.5626 0.9279
vt 0.5710 0.9083
vt 0.6765 0.3899
vt 0.6528 0.6938
vt 0.6700 0.6969
vt 0.6633 0.7131
vt 0.7053 0.7588
vt 0.7109 0.7369
vt 0.7076 0.7589
vt 0.7053 0.7588
vt 0.7020 0.7808
vt 0.6997 0.7806
vt 0.7133 0.7370
vt 0.7221 0.6933
vt 0.7245 0.6932
vt 0.7189 0.7151
vt 0.7133 0.7370
vt 0.7165 0.7151
vt 0.7189 0.7151
vt 0.6606 0.7588
vt 0.6636 0.7750
vt 0.6461 0.7665
vt 0.6830 0.7605
vt 0.6929 0.7440
vt 0.7053 0.7588
vt 0.7041 0.7236
vt 0.6716 0.8308
vt 0.5257 0.6171
vt 0.5402 0.5962
vt 0.5390 0.6196
vt 0.5710 0.9083
vt 0.5596 0.8976
vt 0.5786 0.8874
vt 0.5508 0.4052
vt 0.5507 0.3752
vt 0.5644 0.3998
vt 0.5770 0.3913
vt 0.5877 0.9073
vt 0.5877 0.9073
vt 0.6299 0.8908
vt 0.6641 0.8762
vt 0.6716 0.8308
vt 0.6829 0.8462
vt 0.6641 0.8473
vt 0.6621 0.8618
vt 0.6453 0.8468
vt 0.6477 0.8639
vt 0.6297 0.8540
vt 0.5991 0.8950
vt 0.6114 0.8488
vt 0.6171 0.8635
vt 0.6031 0.8654
vt 0.6156 0.8311
vt 0.6346 0.8311
vt 0.6297 0.8540
vt 0.6433 0.8189
vt 0.6536 0.8317
vt 0.6346 0.8311
vt 0.5596 0.8976
vt 0.6245 0.8151
vt 0.6414 0.8041
vt 0.6433 0.8189
vt 0.6621 0.8618
vt 0.5300 0.8574
vt 0.6580 0.8157
vt 0.6475 0.7858
vt 0.6611 0.7994
vt 0.5935 0.8550
vt 0.5979 0.8355
vt 0.6114 0.8488
vt 0.5522 0.8838
vt 0.5436 0.8723
vt 0.5665 0.8776
vt 0.6114 0.7766
vt 0.6229 0.7942
vt 0.6062 0.7926
vt 0.6229 0.7942
vt 0.6089 0.8169
vt 0.6475 0.7858
vt 0.6229 0.7942
vt 0.6303 0.7768
vt 0.6114 0.8488
vt 0.5683 0.8313
vt 0.5300 0.8574
vt 0.6011 0.7512
vt 0.6212 0.7514
vt 0.6210 0.7658
vt 0.6210 0.7658
vt 0.6303 0.7768
vt 0.6114 0.7766
vt 0.5436 0.8458
vt 0.5979 0.8355
vt 0.5899 0.8213
vt 0.6089 0.8169
vt 0.5899 0.8213
vt 0.6062 0.7926
vt 0.6089 0.8169
vt 0.5969 0.8067
vt 0.6062 0.7926
vt 0.6678 0.7440
vt 0.6606 0.7588
vt 0.6435 0.7414
vt 0.6865 0.7746
vt 0.6636 0.7750
vt 0.6830 0.7605
vt 0.5899 0.8213
vt 0.5739 0.8182
vt 0.5812 0.8040
vt 0.5633 0.8038
vt 0.5563 0.7874
vt 0.5703 0.7842
vt 0.5812 0.8040
vt 0.6475 0.7858
vt 0.6271 0.7347
vt 0.6259 0.7186
vt 0.6418 0.7221
vt 0.6361 0.7549
vt 0.6011 0.7512
vt 0.5997 0.7114
vt 0.6116 0.7260
vt 0.5904 0.7277
vt 0.6802 0.5168
vt 0.6750 0.5318
vt 0.6622 0.5237
vt 0.6435 0.7414
vt 0.6487 0.7085
vt 0.5692 0.7256
vt 0.5420 0.7260
vt 0.5510 0.7130
vt 0.5692 0.7256
vt 0.5600 0.7457
vt 0.5462 0.7403
vt 0.5703 0.7842
vt 0.5812 0.8040
vt 0.5263 0.8136
vt 0.5436 0.8138
vt 0.5436 0.8275
vt 0.5628 0.6867
vt 0.5641 0.7041
vt 0.5628 0.6867
vt 0.6018 0.7367
vt 0.6119 0.9434
vt 0.6318 0.5216
vt 0.6220 0.5369
vt 0.6139 0.5214
vt 0.6797 0.4548
vt 0.6242 0.6520
vt 0.6188 0.6379
vt 0.6392 0.6432
vt 0.6387 0.5452
vt 0.6073 0.6477
vt 0.6083 0.6614
vt 0.5844 0.6602
vt 0.6960 0.3892
vt 0.6755 0.3762
vt 0.6863 0.3409
vt 0.6953 0.4632
vt 0.6782 0.4313
vt 0.5691 0.4807
vt 0.5493 0.4860
vt 0.5567 0.4645
vt 0.5626 0.4960
vt 0.5786 0.4938
vt 0.5712 0.5102
vt 0.6231 0.5554
vt 0.6148 0.5720
vt 0.6109 0.5478
vt 0.5607 0.4415
vt 0.5524 0.4197
vt 0.5727 0.4215
vt 0.5508 0.4052
vt 0.5732 0.4354
vt 0.5607 0.4415
vt 0.5567 0.4645
vt 0.5417 0.4632
vt 0.5666 0.3766
vt 0.5971 0.3409
vt 0.5937 0.3885
vt 0.6043 0.3668
vt 0.6361 0.7549
vt 0.6865 0.7746
vt 0.6896 0.7199
vt 0.6929 0.7440
vt 0.6747 0.7283
vt 0.6830 0.7605
vt 0.6678 0.7440
vt 0.6576 0.7297
vt 0.5600 0.7457
vt 0.5725 0.7393
vt 0.5904 0.7277
vt 0.5641 0.7041
vt 0.5828 0.7032
vt 0.5807 0.7173
vt 0.6018 0.7367
vt 0.5825 0.6863
vt 0.6528 0.6938
vt 0.6337 0.7046
vt 0.6329 0.6844
vt 0.6271 0.7347
vt 0.5807 0.7173
vt 0.6152 0.7006
vt 0.5997 0.7114
vt 0.5982 0.6925
vt 0.5530 0.6067
vt 0.6127 0.6840
vt 0.5979 0.6704
vt 0.6199 0.6689
vt 0.5729 0.6725
vt 0.5979 0.6704
vt 0.5466 0.7991
vt 0.7119 0.6537
vt 0.6513 0.5975
vt 0.6253 0.5967
vt 0.6266 0.5816
vt 0.6707 0.6794
vt 0.6991 0.5291
vt 0.6782 0.4313
vt 0.6797 0.4548
vt 0.6666 0.4429
vt 0.6558 0.5525
vt 0.6480 0.5291
vt 0.6622 0.5237
vt 0.6991 0.5291
vt 0.6930 0.5074
vt 0.7076 0.5065
vt 0.7045 0.6166
vt 0.6392 0.6432
vt 0.6356 0.6296
vt 0.6518 0.6348
vt 0.5437 0.5521
vt 0.5629 0.5934
vt 0.5402 0.5962
vt 0.5495 0.5748
vt 0.5981 0.6294
vt 0.6073 0.6477
vt 0.5831 0.6433
vt 0.6462 0.4284
vt 0.6640 0.3957
vt 0.6689 0.4178
vt 0.6967 0.4857
vt 0.6663 0.5091
vt 0.6666 0.4945
vt 0.6843 0.4947
vt 0.5583 0.5605
vt 0.5834 0.5617
vt 0.5642 0.5783
vt 0.6061 0.3946
vt 0.5832 0.4051
vt 0.6069 0.4085
vt 0.5931 0.4237
vt 0.5931 0.4237
vt 0.6075 0.4229
vt 0.6020 0.4392
vt 0.5851 0.4426
vt 0.5732 0.4354
vt 0.5931 0.4237
vt 0.6020 0.4392
vt 0.6152 0.7006
vt 0.6329 0.6844
vt 0.6152 0.7006
vt 0.6127 0.6840
vt 0.6487 0.7085
vt 0.6337 0.7046
vt 0.5685 0.6546
vt 0.5844 0.6602
vt 0.6408 0.6645
vt 0.6199 0.6689
vt 0.6242 0.6520
vt 0.6392 0.6432
vt 0.6483 0.6532
vt 0.6408 0.6645
vt 0.6831 0.6404
vt 0.6967 0.6555
vt 0.6785 0.6614
vt 0.6478 0.6788
vt 0.6465 0.6207
vt 0.6595 0.6680
vt 0.6785 0.6614
vt 0.6707 0.6794
vt 0.6595 0.6680
vt 0.6618 0.6522
vt 0.7041 0.7236
vt 0.5455 0.6545
vt 0.5483 0.6411
vt 0.5505 0.6274
vt 0.5667 0.6373
vt 0.5314 0.6444
vt 0.5667 0.6373
vt 0.5624 0.6204
vt 0.5803 0.6248
vt 0.5685 0.6546
vt 0.6938 0.6285
vt 0.6781 0.7099
vt 0.6700 0.6969
vt 0.6897 0.6936
vt 0.6707 0.6794
vt 0.6929 0.6740
vt 0.7058 0.6862
vt 0.7039 0.7033
vt 0.6967 0.6555
vt 0.7058 0.6390
vt 0.6618 0.6522
vt 0.7128 0.5724
vt 0.6878 0.5377
vt 0.6988 0.5733
vt 0.7128 0.5724
vt 0.7091 0.5947
vt 0.5642 0.5783
vt 0.5505 0.6274
vt 0.6606 0.4297
vt 0.6330 0.4472
vt 0.6264 0.4616
vt 0.6187 0.4425
vt 0.6539 0.4154
vt 0.6338 0.4223
vt 0.6343 0.4086
vt 0.6487 0.4012
vt 0.6417 0.3866
vt 0.6819 0.4694
vt 0.6593 0.4658
vt 0.6967 0.4857
vt 0.6117 0.4558
vt 0.6750 0.4825
vt 0.6802 0.5168
vt 0.5786 0.4938
vt 0.5841 0.4669
vt 0.5948 0.4937
vt 0.5691 0.4807
vt 0.5712 0.5102
vt 0.5947 0.5187
vt 0.5725 0.5302
vt 0.5576 0.5168
vt 0.5947 0.5187
vt 0.5516 0.5306
vt 0.5573 0.5450
vt 0.5945 0.3556
vt 0.6206 0.4131
vt 0.6187 0.4425
vt 0.6020 0.4392
vt 0.6211 0.4276
vt 0.6211 0.4276
vt 0.6338 0.4223
vt 0.6330 0.4472
vt 0.6448 0.5036
vt 0.6663 0.5091
vt 0.6622 0.5237
vt 0.5752 0.6071
vt 0.6083 0.6614
vt 0.5831 0.6433
vt 0.5667 0.6373
vt 0.5304 0.6305
vt 0.6886 0.5518
vt 0.6775 0.5643
vt 0.6721 0.5483
vt 0.6035 0.5355
vt 0.6714 0.5971
vt 0.6650 0.5754
vt 0.6558 0.5525
vt 0.6876 0.6125
vt 0.6876 0.6125
vt 0.6049 0.5895
vt 0.6017 0.6093
vt 0.5893 0.5971
vt 0.5530 0.6067
vt 0.5629 0.5934
vt 0.5752 0.6071
vt 0.5257 0.6171
vt 0.6498 0.4449
vt 0.6206 0.4131
vt 0.6298 0.3948
vt 0.6406 0.3637
vt 0.6578 0.3789
vt 0.6383 0.3409
vt 0.5725 0.5302
vt 0.5516 0.5306
vt 0.5576 0.5168
vt 0.5725 0.5302
vt 0.5718 0.5503
vt 0.5573 0.5450
vt 0.6117 0.4558
vt 0.6462 0.4284
vt 0.6593 0.4658
vt 0.5803 0.6248
vt 0.6721 0.5483
vt 0.6266 0.5816
vt 0.6231 0.5554
vt 0.6399 0.5742
vt 0.6387 0.5452
vt 0.5767 0.5912
vt 0.5642 0.5783
vt 0.5794 0.5775
vt 0.5624 0.6204
vt 0.6417 0.3866
vt 0.5975 0.5530
vt 0.5834 0.5617
vt 0.5858 0.5407
vt 0.6059 0.5062
vt 0.6035 0.5355
vt 0.5718 0.5503
vt 0.6666 0.4945
vt 0.6448 0.5036
vt 0.6548 0.4857
vt 0.6593 0.4658
vt 0.6468 0.4734
vt 0.6431 0.4586
vt 0.6242 0.6520
vt 0.6231 0.5554
vt 0.6188 0.6379
vt 0.5981 0.6294
vt 0.6092 0.6210
vt 0.6427 0.5596
vt 0.5966 0.5712
vt 0.6427 0.5596
vt 0.6650 0.5754
vt 0.6520 0.5827
vt 0.5966 0.5712
vt 0.5975 0.5530
vt 0.6334 0.6109
vt 0.6513 0.5975
vt 0.6465 0.6207
vt 0.5858 0.5407
vt 0.6139 0.5214
vt 0.6318 0.5216
vt 0.6227 0.5063
vt 0.6143 0.4897
vt 0.6548 0.4857
vt 0.6401 0.4892
vt 0.6468 0.4734
vt 0.6548 0.4857
vt 0.6401 0.4892
vt 0.6227 0.5063
vt 0.6143 0.4897
vt 0.6017 0.6093
vt 0.6253 0.5967
vt 0.6188 0.6379
vt 0.6230 0.6235
vt 0.6356 0.6296
vt 0.5794 0.5775
vt 0.6323 0.4762
vt 0.6323 0.4762
vt 0.6264 0.4616
vt 0.6431 0.4586
vt 0.6033 0.4748
vt 0.6513 0.5975
vt 0.6520 0.5827
vt 0.6714 0.5971
vt 0.6723 0.6201
vt 0.6723 0.6201
vt 0.6668 0.6361
vt 0.6592 0.6113
vt 0.6592 0.6113
vt 0.6518 0.6348
vt 0.0169 0.0090
vt 0.0253 0.0172
vt 0.0169 0.0255
vt 0.6401 0.1539
vt 0.6214 0.1589
vt 0.6283 0.1480
vt 0.0506 0.0090
vt 0.0638 0.0190
vt 0.0531 0.0197
vt 0.2256 0.1843
vt 0.2366 0.1782
vt 0.2374 0.1907
vt 0.0454 0.2385
vt 0.0325 0.2319
vt 0.0438 0.2267
vt 0.0464 0.0346
vt 0.0327 0.0332
vt 0.0422 0.0215
vt 0.1012 0.0090
vt 0.0928 0.0146
vt 0.0843 0.0090
vt 0.0590 0.0291
vt 0.0735 0.0233
vt 0.0747 0.0389
vt 0.0928 0.0247
vt 0.1096 0.0236
vt 0.1019 0.0337
vt 0.0169 0.2071
vt 0.0262 0.2153
vt 0.0169 0.2236
vt 0.6620 0.1246
vt 0.6634 0.1374
vt 0.6503 0.1323
vt 0.1274 0.0254
vt 0.1434 0.0286
vt 0.1340 0.0339
vt 0.3990 0.0497
vt 0.4117 0.0645
vt 0.3976 0.0639
vt 0.0827 0.0305
vt 0.0735 0.0233
vt 0.0928 0.0247
vt 0.7203 0.0684
vt 0.7313 0.0589
vt 0.7319 0.0730
vt 0.0327 0.0332
vt 0.0226 0.0337
vt 0.0253 0.0172
vt 0.7313 0.0442
vt 0.7440 0.0514
vt 0.7313 0.0589
vt 0.0253 0.0502
vt 0.0169 0.0585
vt 0.0169 0.0420
vt 0.0253 0.0502
vt 0.0327 0.0332
vt 0.0372 0.0502
vt 0.7000 0.0150
vt 0.7168 0.0189
vt 0.6997 0.0254
vt 0.8121 0.1658
vt 0.8265 0.1576
vt 0.8265 0.1741
vt 0.0322 0.0833
vt 0.0223 0.0833
vt 0.0312 0.0667
vt 0.8012 0.0341
vt 0.7985 0.0461
vt 0.7874 0.0407
vt 0.0408 0.0996
vt 0.0276 0.0931
vt 0.0408 0.0891
vt 0.0169 0.1245
vt 0.0169 0.1080
vt 0.0318 0.1163
vt 0.7313 0.0442
vt 0.7168 0.0564
vt 0.7189 0.0442
vt 0.0289 0.1039
vt 0.7337 0.1016
vt 0.7447 0.1044
vt 0.7344 0.1215
vt 0.0408 0.0745
vt 0.8139 0.0299
vt 0.8155 0.0408
vt 0.8012 0.0341
vt 0.1441 0.0396
vt 0.1552 0.0396
vt 0.1545 0.0506
vt 0.6992 0.2712
vt 0.6992 0.2860
vt 0.6875 0.2803
vt 0.0672 0.0862
vt 0.0763 0.0743
vt 0.0822 0.0862
vt 0.2108 0.0141
vt 0.2277 0.0236
vt 0.2108 0.0239
vt 0.1855 0.0090
vt 0.2024 0.0090
vt 0.1940 0.0162
vt 0.1280 0.2833
vt 0.1368 0.2784
vt 0.1429 0.2865
vt 0.5999 0.0461
vt 0.6121 0.0444
vt 0.6044 0.0557
vt 0.1602 0.0142
vt 0.1771 0.0236
vt 0.1602 0.0242
vt 0.0934 0.1154
vt 0.0804 0.1170
vt 0.0790 0.1039
vt 0.1970 0.2836
vt 0.1816 0.2862
vt 0.1858 0.2728
vt 0.3281 0.0252
vt 0.3458 0.0236
vt 0.3407 0.0357
vt 0.3916 0.2944
vt 0.3988 0.3021
vt 0.3848 0.3021
vt 0.4554 0.0090
vt 0.4470 0.0202
vt 0.4385 0.0090
vt 0.2699 0.0090
vt 0.2867 0.0090
vt 0.2783 0.0230
vt 0.3348 0.0506
vt 0.3404 0.0599
vt 0.3298 0.0600
vt 0.2341 0.0328
vt 0.2172 0.0349
vt 0.2277 0.0236
vt 0.3205 0.0090
vt 0.3120 0.0169
vt 0.3036 0.0090
vt 0.3998 0.3227
vt 0.3834 0.3227
vt 0.3916 0.3097
vt 0.3542 0.0090
vt 0.3626 0.0145
vt 0.3458 0.0236
vt 0.3373 0.0090
vt 0.4862 0.2317
vt 0.5016 0.2403
vt 0.4919 0.2484
vt 0.3289 0.0149
vt 0.3711 0.0090
vt 0.4182 0.3117
vt 0.4363 0.3111
vt 0.4282 0.3227
vt 0.4132 0.0169
vt 0.3964 0.0242
vt 0.3964 0.0142
vt 0.0169 0.0750
vt 0.0223 0.0833
vt 0.0169 0.0915
vt 0.1970 0.2836
vt 0.1984 0.2955
vt 0.1877 0.2949
vt 0.4048 0.0090
vt 0.4217 0.0090
vt 0.4132 0.0169
vt 0.0337 0.0090
vt 0.3879 0.0090
vt 0.4048 0.0090
vt 0.3964 0.0142
vt 0.4382 0.2967
vt 0.4400 0.2800
vt 0.4527 0.2951
vt 0.2562 0.0207
vt 0.2674 0.0200
vt 0.2623 0.0312
vt 0.2496 0.2339
vt 0.2603 0.2304
vt 0.2569 0.2424
vt 0.0318 0.1493
vt 0.0169 0.1410
vt 0.0287 0.1372
vt 0.4117 0.0645
vt 0.4132 0.0496
vt 0.4251 0.0579
vt 0.4537 0.0461
vt 0.4671 0.0412
vt 0.4638 0.0550
vt 0.8100 0.0502
vt 0.8007 0.0579
vt 0.7985 0.0461
vt 0.0169 0.1576
vt 0.7158 0.2330
vt 0.7194 0.2153
vt 0.7297 0.2183
vt 0.0361 0.1658
vt 0.0247 0.1658
vt 0.0318 0.1493
vt 0.0798 0.3110
vt 0.0908 0.3120
vt 0.0880 0.3227
vt 0.6954 0.3037
vt 0.6976 0.3148
vt 0.6813 0.3097
vt 0.7931 0.2515
vt 0.8061 0.2453
vt 0.7984 0.2649
vt 0.0318 0.2649
vt 0.0421 0.2710
vt 0.0363 0.2814
vt 0.7807 0.2770
vt 0.7984 0.2649
vt 0.8003 0.2754
vt 0.0169 0.2731
vt 0.0248 0.2814
vt 0.0169 0.2896
vt 0.0169 0.2401
vt 0.0169 0.2236
vt 0.0225 0.2319
vt 0.7629 0.3095
vt 0.7484 0.3125
vt 0.7545 0.3018
vt 0.0262 0.2484
vt 0.0325 0.2319
vt 0.0387 0.2484
vt 0.8265 0.2731
vt 0.8265 0.2896
vt 0.8201 0.2814
vt 0.7780 0.1387
vt 0.7767 0.1553
vt 0.7682 0.1493
vt 0.0169 0.3227
vt 0.0169 0.3062
vt 0.0224 0.3227
vt 0.3308 0.2855
vt 0.3259 0.2957
vt 0.3199 0.2827
vt 0.0306 0.3107
vt 0.0252 0.2979
vt 0.0248 0.2814
vt 0.0368 0.2967
vt 0.0318 0.2649
vt 0.0169 0.2731
vt 0.0169 0.2566
vt 0.0477 0.0633
vt 0.0408 0.0745
vt 0.0384 0.0600
vt 0.0388 0.3227
vt 0.4853 0.3088
vt 0.4697 0.3046
vt 0.4803 0.2963
vt 0.0798 0.2967
vt 0.0798 0.3110
vt 0.0720 0.3039
vt 0.0720 0.3039
vt 0.0716 0.3227
vt 0.0614 0.3039
vt 0.4290 0.2788
vt 0.4277 0.2914
vt 0.4189 0.2835
vt 0.0463 0.3087
vt 0.0563 0.0400
vt 0.0747 0.0389
vt 0.0590 0.0509
vt 0.0716 0.3227
vt 0.0464 0.0346
vt 0.0563 0.0400
vt 0.0480 0.0523
vt 0.0262 0.2153
vt 0.0325 0.1988
vt 0.0387 0.2153
vt 0.7760 0.2279
vt 0.7897 0.2188
vt 0.7916 0.2318
vt 0.4508 0.3095
vt 0.4527 0.2951
vt 0.4593 0.3032
vt 0.1176 0.2946
vt 0.1291 0.3002
vt 0.1177 0.3088
vt 0.4290 0.2788
vt 0.4271 0.2678
vt 0.4368 0.2705
vt 0.0805 0.2431
vt 0.0908 0.2484
vt 0.0758 0.2536
vt 0.1177 0.3088
vt 0.1208 0.3227
vt 0.1067 0.3115
vt 0.4363 0.3111
vt 0.4382 0.2967
vt 0.4508 0.3095
vt 0.4347 0.2502
vt 0.4189 0.2443
vt 0.4300 0.2386
vt 0.2569 0.2424
vt 0.2734 0.2476
vt 0.2632 0.2531
vt 0.4132 0.0284
vt 0.4301 0.0242
vt 0.4249 0.0390
vt 0.1739 0.3111
vt 0.1865 0.3227
vt 0.1701 0.3227
vt 0.2111 0.3131
vt 0.2193 0.3227
vt 0.2029 0.3227
vt 0.8265 0.2236
vt 0.8135 0.2319
vt 0.8145 0.2192
vt 0.1701 0.3227
vt 0.1537 0.3227
vt 0.1619 0.3093
vt 0.2129 0.0455
vt 0.2219 0.0507
vt 0.2128 0.0569
vt 0.1296 0.3127
vt 0.3916 0.2944
vt 0.3934 0.2794
vt 0.4052 0.2888
vt 0.8265 0.0420
vt 0.3259 0.2957
vt 0.3095 0.3030
vt 0.3153 0.2940
vt 0.5709 0.0903
vt 0.5613 0.0826
vt 0.5690 0.0746
vt 0.4189 0.1658
vt 0.4311 0.1726
vt 0.4216 0.1783
vt 0.2685 0.3227
vt 0.2521 0.3227
vt 0.2603 0.3131
vt 0.8139 0.0299
vt 0.8180 0.0172
vt 0.8265 0.0255
vt 0.2588 0.2887
vt 0.2708 0.2887
vt 0.2603 0.3005
vt 0.3341 0.3227
vt 0.3177 0.3227
vt 0.3259 0.3104
vt 0.4080 0.3072
vt 0.4155 0.2951
vt 0.4182 0.3117
vt 0.3588 0.3086
vt 0.3670 0.3227
vt 0.3506 0.3227
vt 0.0337 0.0090
vt 0.0506 0.0090
vt 0.0422 0.0215
vt 0.3095 0.3030
vt 0.2931 0.2957
vt 0.3065 0.2879
vt 0.6325 0.0153
vt 0.6494 0.0193
vt 0.6325 0.0259
vt 0.4052 0.2888
vt 0.4189 0.2835
vt 0.4155 0.2951
vt 0.7221 0.3227
vt 0.7058 0.3227
vt 0.7139 0.3109
vt 0.2439 0.3169
vt 0.2270 0.3078
vt 0.2437 0.3068
vt 0.4488 0.2738
vt 0.4368 0.2705
vt 0.4444 0.2639
vt 0.3988 0.3021
vt 0.8162 0.2979
vt 0.8192 0.3128
vt 0.8097 0.3101
vt 0.4080 0.3171
vt 0.4162 0.3227
vt 0.3998 0.3227
vt 0.8120 0.0667
vt 0.8265 0.0585
vt 0.8265 0.0750
vt 0.4891 0.0090
vt 0.4807 0.0202
vt 0.4723 0.0090
vt 0.0834 0.2828
vt 0.0798 0.2967
vt 0.0674 0.2909
vt 0.4990 0.0273
vt 0.4976 0.0162
vt 0.5144 0.0227
vt 0.8149 0.1445
vt 0.8121 0.1328
vt 0.8265 0.1410
vt 0.0468 0.2887
vt 0.0567 0.2938
vt 0.0463 0.3087
vt 0.4537 0.0461
vt 0.4470 0.0343
vt 0.4576 0.0360
vt 0.5650 0.0150
vt 0.5819 0.0189
vt 0.5656 0.0254
vt 0.6241 0.0090
vt 0.6156 0.0193
vt 0.6072 0.0090
vt 0.7548 0.3227
vt 0.7629 0.3095
vt 0.7711 0.3227
vt 0.7927 0.0090
vt 0.8096 0.0090
vt 0.8039 0.0210
vt 0.5819 0.0189
vt 0.5735 0.0090
vt 0.5903 0.0090
vt 0.7759 0.0090
vt 0.7674 0.0237
vt 0.7590 0.0090
vt 0.5229 0.0090
vt 0.5397 0.0090
vt 0.5313 0.0175
vt 0.5261 0.3227
vt 0.5343 0.3076
vt 0.5425 0.3227
vt 0.4291 0.1864
vt 0.4336 0.1974
vt 0.4217 0.1974
vt 0.6373 0.0385
vt 0.6325 0.0259
vt 0.6494 0.0326
vt 0.3746 0.3021
vt 0.3647 0.3004
vt 0.3706 0.2908
vt 0.3158 0.1572
vt 0.2979 0.1501
vt 0.3064 0.1441
vt 0.5932 0.0361
vt 0.5819 0.0319
vt 0.5989 0.0254
vt 0.6494 0.0326
vt 0.6612 0.0374
vt 0.6572 0.0494
vt 0.4249 0.3028
vt 0.7084 0.0090
vt 0.7253 0.0090
vt 0.7168 0.0189
vt 0.4155 0.2951
vt 0.4277 0.2914
vt 0.4249 0.3028
vt 0.4593 0.2766
vt 0.4730 0.2694
vt 0.4697 0.2865
vt 0.7506 0.0234
vt 0.7340 0.0254
vt 0.7337 0.0150
vt 0.4277 0.2914
vt 0.6915 0.0090
vt 0.7084 0.0090
vt 0.7000 0.0150
vt 0.6747 0.0434
vt 0.7923 0.2996
vt 0.8031 0.2979
vt 0.7950 0.3101
vt 0.4541 0.1002
vt 0.4522 0.0880
vt 0.4641 0.0947
vt 0.7843 0.0152
vt 0.4608 0.3227
vt 0.4593 0.3032
vt 0.4697 0.3046
vt 0.7843 0.0152
vt 0.8039 0.0210
vt 0.7843 0.0258
vt 0.0169 0.0420
vt 0.0169 0.0255
vt 0.0226 0.0337
vt 0.7927 0.0090
vt 0.8039 0.0210
vt 0.0805 0.2431
vt 0.0767 0.2322
vt 0.0885 0.2365
vt 0.8265 0.0090
vt 0.8180 0.0172
vt 0.8096 0.0090
vt 0.4996 0.2256
vt 0.4346 0.0469
vt 0.4251 0.0579
vt 0.4249 0.0390
vt 0.0708 0.0531
vt 0.0747 0.0389
vt 0.0820 0.0491
vt 0.1044 0.3227
vt 0.8203 0.0502
vt 0.8265 0.0420
vt 0.8265 0.0585
vt 0.8202 0.0998
vt 0.8126 0.1163
vt 0.8098 0.1004
vt 0.8098 0.1004
vt 0.8029 0.0932
vt 0.8163 0.0833
vt 0.8097 0.2807
vt 0.7954 0.2850
vt 0.8003 0.2754
vt 0.8265 0.0915
vt 0.8163 0.0833
vt 0.8265 0.0750
vt 0.8038 0.1596
vt 0.8038 0.1493
vt 0.8157 0.1555
vt 0.7729 0.2867
vt 0.7807 0.2770
vt 0.7832 0.2936
vt 0.8265 0.1906
vt 0.8265 0.2071
vt 0.8204 0.1988
vt 0.7954 0.2850
vt 0.7923 0.2996
vt 0.8145 0.2192
vt 0.8102 0.1988
vt 0.8204 0.1988
vt 0.8137 0.2649
vt 0.0697 0.2784
vt 0.7807 0.2770
vt 0.7692 0.2649
vt 0.7838 0.2626
vt 0.8265 0.1245
vt 0.7275 0.0340
vt 0.7168 0.0189
vt 0.7340 0.0254
vt 0.4488 0.2738
vt 0.4593 0.2870
vt 0.4400 0.2800
vt 0.7883 0.1404
vt 0.8038 0.1390
vt 0.8038 0.1493
vt 0.0928 0.0146
vt 0.4162 0.3227
vt 0.4182 0.3117
vt 0.4217 0.3227
vt 0.0784 0.2693
vt 0.0650 0.2652
vt 0.0758 0.2536
vt 0.4445 0.3227
vt 0.1940 0.0274
vt 0.2108 0.0239
vt 0.2048 0.0375
vt 0.0252 0.2979
vt 0.0169 0.3062
vt 0.0169 0.2896
vt 0.8100 0.0502
vt 0.8203 0.0502
vt 0.8120 0.0667
vt 0.4935 0.3227
vt 0.4771 0.3227
vt 0.4853 0.3088
vt 0.4759 0.3126
vt 0.5411 0.0502
vt 0.5313 0.0517
vt 0.5327 0.0406
vt 0.0169 0.2566
vt 0.0169 0.2401
vt 0.0262 0.2484
vt 0.5180 0.3141
vt 0.5261 0.3227
vt 0.5098 0.3227
vt 0.7629 0.2940
vt 0.7733 0.3018
vt 0.7629 0.3095
vt 0.5588 0.3227
vt 0.5670 0.3171
vt 0.5751 0.3227
vt 0.7139 0.3109
vt 0.7061 0.3037
vt 0.7139 0.2965
vt 0.3259 0.3104
vt 0.5833 0.3085
vt 0.6005 0.3065
vt 0.5996 0.3166
vt 0.4080 0.3072
vt 0.4080 0.3171
vt 0.3916 0.3097
vt 0.6404 0.3227
vt 0.6241 0.3227
vt 0.6323 0.3140
vt 0.6486 0.3075
vt 0.4759 0.3126
vt 0.5915 0.3227
vt 0.5751 0.3227
vt 0.5833 0.3085
vt 0.6133 0.2410
vt 0.6323 0.2363
vt 0.6319 0.2470
vt 0.4470 0.0202
vt 0.4638 0.0273
vt 0.4576 0.0360
vt 0.4853 0.3088
vt 0.4997 0.2957
vt 0.4994 0.3098
vt 0.7238 0.1506
vt 0.7347 0.1539
vt 0.7220 0.1639
vt 0.8031 0.2979
vt 0.8151 0.2530
vt 0.8265 0.2401
vt 0.8265 0.2566
vt 0.8061 0.2453
vt 0.8135 0.2319
vt 0.8265 0.2401
vt 0.7598 0.2744
vt 0.6486 0.3075
vt 0.6650 0.3085
vt 0.6568 0.3227
vt 0.8137 0.2649
vt 0.7822 0.3109
vt 0.8162 0.2979
vt 0.8097 0.2807
vt 0.8201 0.2814
vt 0.8265 0.3062
vt 0.8265 0.2896
vt 0.8265 0.2731
vt 0.7822 0.3109
vt 0.7950 0.3101
vt 0.7874 0.3227
vt 0.8097 0.3101
vt 0.8201 0.3227
vt 0.8038 0.3227
vt 0.4347 0.2502
vt 0.7934 0.0958
vt 0.7858 0.1031
vt 0.7786 0.0833
vt 0.4593 0.2870
vt 0.7276 0.3037
vt 0.7486 0.2818
vt 0.7430 0.3018
vt 0.7342 0.2939
vt 0.8097 0.3101
vt 0.1455 0.3161
vt 0.8038 0.3227
vt 0.8201 0.3227
vt 0.8192 0.3128
vt 0.8265 0.3227
vt 0.0368 0.2967
vt 0.1518 0.0090
vt 0.1434 0.0169
vt 0.1349 0.0090
vt 0.0403 0.1328
vt 0.0276 0.1264
vt 0.0403 0.1223
vt 0.3119 0.1055
vt 0.3167 0.0966
vt 0.3315 0.1043
vt 0.3829 0.0777
vt 0.3729 0.0731
vt 0.3868 0.0671
vt 0.4885 0.0273
vt 0.4807 0.0343
vt 0.4807 0.0202
vt 0.4301 0.0876
vt 0.4319 0.0720
vt 0.4420 0.0811
vt 0.2422 0.1105
vt 0.2513 0.0985
vt 0.2571 0.1124
vt 0.2129 0.0455
vt 0.1940 0.0476
vt 0.2048 0.0375
vt 0.3365 0.3122
vt 0.3729 0.2647
vt 0.3736 0.2793
vt 0.3581 0.2765
vt 0.2931 0.3104
vt 0.3013 0.3227
vt 0.2849 0.3227
vt 0.3588 0.2608
vt 0.5405 0.2521
vt 0.5459 0.2400
vt 0.5583 0.2459
vt 0.5987 0.2742
vt 0.6095 0.2842
vt 0.5936 0.2829
vt 0.5180 0.2802
vt 0.5004 0.2769
vt 0.5059 0.2673
vt 0.5611 0.2985
vt 0.5551 0.2873
vt 0.5670 0.2898
vt 0.3752 0.3140
vt 0.3834 0.3227
vt 0.3670 0.3227
vt 0.3916 0.3097
vt 0.3752 0.3140
vt 0.3752 0.3140
vt 0.3588 0.3086
vt 0.3647 0.3004
vt 0.3835 0.2858
vt 0.4086 0.2771
vt 0.3934 0.2794
vt 0.3983 0.2692
vt 0.3835 0.2858
vt 0.3848 0.3021
vt 0.3746 0.3021
vt 0.3729 0.2647
vt 0.3807 0.2562
vt 0.3876 0.2654
vt 0.4086 0.2771
vt 0.3876 0.2654
vt 0.3706 0.2908
vt 0.3807 0.2562
vt 0.3814 0.2447
vt 0.3922 0.2470
vt 0.4347 0.2502
vt 0.4271 0.2678
vt 0.4194 0.2573
vt 0.3736 0.2793
vt 0.4271 0.2678
vt 0.4086 0.2771
vt 0.4088 0.2649
vt 0.3990 0.2558
vt 0.4026 0.2429
vt 0.4095 0.2518
vt 0.4597 0.2610
vt 0.4711 0.2552
vt 0.4730 0.2694
vt 0.5114 0.2910
vt 0.4697 0.2865
vt 0.4838 0.2834
vt 0.4803 0.2963
vt 0.5053 0.2508
vt 0.4982 0.2595
vt 0.4919 0.2484
vt 0.5180 0.3022
vt 0.5074 0.3030
vt 0.5114 0.2910
vt 0.4697 0.2865
vt 0.4994 0.3098
vt 0.5074 0.3030
vt 0.5180 0.3141
vt 0.0477 0.0633
vt 0.0480 0.0523
vt 0.0576 0.0611
vt 0.1690 0.2530
vt 0.1599 0.2435
vt 0.1783 0.2437
vt 0.0169 0.0750
vt 0.0169 0.0585
vt 0.0312 0.0667
vt 0.0408 0.0891
vt 0.0384 0.0600
vt 0.0675 0.0090
vt 0.0590 0.0291
vt 0.0928 0.0427
vt 0.1096 0.0236
vt 0.1012 0.0090
vt 0.1181 0.0090
vt 0.0827 0.0305
vt 0.1265 0.0416
vt 0.1148 0.0357
vt 0.1274 0.0254
vt 0.0403 0.1101
vt 0.0510 0.1050
vt 0.0489 0.1163
vt 0.1940 0.0162
vt 0.1441 0.0396
vt 0.1334 0.0492
vt 0.1340 0.0339
vt 0.2505 0.2996
vt 0.2603 0.3131
vt 0.2437 0.3068
vt 0.2800 0.2790
vt 0.2842 0.2663
vt 0.2950 0.2769
vt 0.2516 0.2537
vt 0.2396 0.2555
vt 0.2412 0.2431
vt 0.2505 0.2996
vt 0.2349 0.2997
vt 0.2470 0.2903
vt 0.1296 0.3127
vt 0.1466 0.3056
vt 0.1455 0.3161
vt 0.1429 0.2865
vt 0.1503 0.2754
vt 0.1619 0.2819
vt 0.1571 0.2956
vt 0.1373 0.3227
vt 0.0697 0.2784
vt 0.0248 0.2814
vt 0.0169 0.1906
vt 0.0225 0.1988
vt 0.0169 0.2071
vt 0.0169 0.1741
vt 0.0169 0.1576
vt 0.0247 0.1658
vt 0.0410 0.2590
vt 0.0716 0.3227
vt 0.0552 0.3227
vt 0.0558 0.3125
vt 0.0798 0.2967
vt 0.0983 0.3039
vt 0.0908 0.3120
vt 0.0552 0.3227
vt 0.0674 0.2909
vt 0.0921 0.2925
vt 0.1049 0.2929
vt 0.0567 0.2938
vt 0.0574 0.2814
vt 0.0558 0.3125
vt 0.0463 0.3087
vt 0.0614 0.3039
vt 0.1067 0.3115
vt 0.0574 0.2814
vt 0.0468 0.2887
vt 0.0421 0.2710
vt 0.0951 0.2811
vt 0.0650 0.2652
vt 0.0574 0.2814
vt 0.0511 0.2632
vt 0.0951 0.2811
vt 0.0784 0.2693
vt 0.0980 0.2697
vt 0.0884 0.2611
vt 0.1293 0.2603
vt 0.1389 0.2685
vt 0.1208 0.2697
vt 0.1049 0.2929
vt 0.1094 0.2717
vt 0.1126 0.2827
vt 0.1280 0.2833
vt 0.1044 0.3227
vt 0.1397 0.2971
vt 0.1373 0.3227
vt 0.1619 0.3093
vt 0.1571 0.2956
vt 0.1688 0.2920
vt 0.5313 0.0175
vt 0.5482 0.0244
vt 0.5410 0.0312
vt 0.5332 0.0737
vt 0.5313 0.0953
vt 0.5217 0.0902
vt 0.5560 0.0635
vt 0.5690 0.0746
vt 0.5548 0.0736
vt 0.5438 0.0406
vt 0.5327 0.0406
vt 0.5410 0.0312
vt 0.6578 0.0090
vt 0.6494 0.0193
vt 0.6409 0.0090
vt 0.6249 0.0411
vt 0.6226 0.3003
vt 0.6323 0.3140
vt 0.6160 0.3075
vt 0.6569 0.2804
vt 0.6762 0.2738
vt 0.6746 0.2845
vt 0.7337 0.0150
vt 0.6831 0.0231
vt 0.6949 0.0357
vt 0.6836 0.0352
vt 0.8202 0.0998
vt 0.7936 0.0675
vt 0.7909 0.0800
vt 0.7792 0.0688
vt 0.7544 0.1102
vt 0.7488 0.0938
vt 0.7634 0.1024
vt 0.8031 0.1098
vt 0.7934 0.0958
vt 0.8029 0.0932
vt 0.8102 0.1988
vt 0.8038 0.1819
vt 0.8150 0.1774
vt 0.8038 0.1717
vt 0.7853 0.1813
vt 0.7956 0.1658
vt 0.7168 0.0319
vt 0.7792 0.0688
vt 0.7786 0.0833
vt 0.7648 0.0755
vt 0.7788 0.0347
vt 0.8155 0.0408
vt 0.8007 0.0579
vt 0.8030 0.0726
vt 0.7936 0.0675
vt 0.6976 0.3148
vt 0.7276 0.3037
vt 0.8151 0.2530
vt 0.7962 0.2414
vt 0.7384 0.3227
vt 0.7364 0.3113
vt 0.7484 0.3125
vt 0.7729 0.2867
vt 0.7364 0.3113
vt 0.7298 0.2829
vt 0.7342 0.2939
vt 0.7139 0.2965
vt 0.7545 0.3018
vt 0.8001 0.2042
vt 0.8102 0.1988
vt 0.8024 0.2153
vt 0.7629 0.2940
vt 0.7486 0.2818
vt 0.7598 0.2744
vt 0.7748 0.2530
vt 0.7378 0.2575
vt 0.7514 0.2639
vt 0.7386 0.2717
vt 0.7454 0.2384
vt 0.7481 0.2251
vt 0.7604 0.2379
vt 0.8026 0.2272
vt 0.7486 0.2818
vt 0.7728 0.2401
vt 0.7728 0.2401
vt 0.7916 0.2318
vt 0.7962 0.2414
vt 0.7760 0.2279
vt 0.7728 0.2401
vt 0.7636 0.2258
vt 0.3964 0.0142
vt 0.3868 0.0279
vt 0.3795 0.0207
vt 0.2714 0.1060
vt 0.4301 0.0142
vt 0.4217 0.0090
vt 0.4385 0.0090
vt 0.4354 0.0344
vt 0.4132 0.0169
vt 0.4976 0.0162
vt 0.4885 0.0273
vt 0.4950 0.0441
vt 0.4852 0.0431
vt 0.3005 0.0207
vt 0.2783 0.0709
vt 0.2660 0.0777
vt 0.2685 0.0638
vt 0.3506 0.3227
vt 0.3522 0.3004
vt 0.3588 0.2923
vt 0.2775 0.3030
vt 0.2819 0.2922
vt 0.5506 0.2985
vt 0.5611 0.2985
vt 0.5547 0.3106
vt 0.6226 0.2816
vt 0.6323 0.2799
vt 0.6307 0.2910
vt 0.5306 0.2912
vt 0.5343 0.3076
vt 0.5180 0.3022
vt 0.4944 0.2861
vt 0.5114 0.2910
vt 0.4997 0.2957
vt 0.4944 0.2861
vt 0.5098 0.3227
vt 0.5306 0.2912
vt 0.4884 0.2706
vt 0.5059 0.2673
vt 0.4884 0.2706
vt 0.4982 0.2595
vt 0.3588 0.2923
vt 0.4088 0.2649
vt 0.4291 0.1864
vt 0.4311 0.1726
vt 0.4415 0.1819
vt 0.4472 0.2383
vt 0.4597 0.2610
vt 0.0660 0.1165
vt 0.0474 0.2098
vt 0.0325 0.1988
vt 0.0524 0.2008
vt 0.0276 0.0931
vt 0.0289 0.1039
vt 0.0169 0.0915
vt 0.0318 0.1163
vt 0.0403 0.1101
vt 0.0403 0.1223
vt 0.0276 0.0931
vt 0.0510 0.1050
vt 0.0408 0.0996
vt 0.0575 0.0902
vt 0.0675 0.0090
vt 0.0843 0.0090
vt 0.0735 0.0233
vt 0.1167 0.0465
vt 0.0640 0.0690
vt 0.1349 0.0090
vt 0.1274 0.0254
vt 0.1191 0.0193
vt 0.1687 0.0090
vt 0.1602 0.0142
vt 0.1518 0.0090
vt 0.1602 0.0242
vt 0.1434 0.0286
vt 0.1434 0.0169
vt 0.2108 0.0141
vt 0.2024 0.0090
vt 0.2193 0.0090
vt 0.1828 0.0375
vt 0.1688 0.0355
vt 0.1771 0.0236
vt 0.2446 0.0170
vt 0.2361 0.0090
vt 0.2530 0.0090
vt 0.2546 0.0403
vt 0.2660 0.0436
vt 0.2601 0.0551
vt 0.2439 0.3169
vt 0.2775 0.3030
vt 0.1877 0.2949
vt 0.1783 0.2998
vt 0.1816 0.2862
vt 0.2270 0.3078
vt 0.1688 0.2920
vt 0.1946 0.3068
vt 0.2111 0.3005
vt 0.2111 0.3131
vt 0.0325 0.2319
vt 0.0225 0.2319
vt 0.0262 0.2153
vt 0.0387 0.2153
vt 0.0312 0.1823
vt 0.0169 0.1906
vt 0.0169 0.1741
vt 0.0434 0.1897
vt 0.0387 0.2484
vt 0.0454 0.2385
vt 0.0603 0.2485
vt 0.0511 0.2632
vt 0.0410 0.2590
vt 0.0603 0.2485
vt 0.0658 0.2377
vt 0.0884 0.2611
vt 0.0658 0.2377
vt 0.0603 0.2485
vt 0.0552 0.2319
vt 0.0474 0.2098
vt 0.0555 0.2162
vt 0.0552 0.2319
vt 0.0438 0.2267
vt 0.0858 0.2265
vt 0.1397 0.2971
vt 0.1368 0.2784
vt 0.1619 0.2819
vt 0.1593 0.2619
vt 0.1709 0.2647
vt 0.1208 0.2697
vt 0.1094 0.2717
vt 0.1180 0.2546
vt 0.0788 0.2184
vt 0.0767 0.2322
vt 0.0661 0.2242
vt 0.1208 0.2697
vt 0.1478 0.2609
vt 0.1503 0.2754
vt 0.1783 0.2998
vt 0.1739 0.3111
vt 0.1619 0.3093
vt 0.1848 0.3118
vt 0.1734 0.2763
vt 0.1709 0.2647
vt 0.2008 0.2734
vt 0.1858 0.2728
vt 0.2004 0.2626
vt 0.1593 0.2619
vt 0.1478 0.2609
vt 0.1599 0.2435
vt 0.2111 0.2768
vt 0.2082 0.2886
vt 0.1970 0.2836
vt 0.2190 0.2922
vt 0.2082 0.2886
vt 0.2193 0.2823
vt 0.1984 0.2955
vt 0.5482 0.0144
vt 0.5397 0.0090
vt 0.5566 0.0090
vt 0.5090 0.0326
vt 0.5932 0.0361
vt 0.6156 0.0326
vt 0.5999 0.0461
vt 0.5839 0.0441
vt 0.5819 0.0189
vt 0.6662 0.0154
vt 0.6662 0.0154
vt 0.6831 0.0231
vt 0.6668 0.0259
vt 0.6160 0.3075
vt 0.6241 0.3227
vt 0.6078 0.3227
vt 0.6573 0.2990
vt 0.6419 0.3003
vt 0.6451 0.2910
vt 0.6423 0.2492
vt 0.6510 0.2572
vt 0.6394 0.2652
vt 0.6924 0.2938
vt 0.6954 0.3037
vt 0.6822 0.2922
vt 0.7421 0.0090
vt 0.7062 0.0340
vt 0.7506 0.0234
vt 0.7421 0.0090
vt 0.7590 0.0090
vt 0.7189 0.0442
vt 0.7024 0.0442
vt 0.7062 0.0340
vt 0.6668 0.0259
vt 0.6494 0.0326
vt 0.6494 0.0193
vt 0.8265 0.1080
vt 0.8163 0.0833
vt 0.8033 0.0833
vt 0.8030 0.0726
vt 0.8126 0.1163
vt 0.8265 0.1080
vt 0.8265 0.1245
vt 0.8031 0.1098
vt 0.8157 0.1555
vt 0.8031 0.1098
vt 0.8017 0.1220
vt 0.7917 0.1118
vt 0.8150 0.1774
vt 0.8038 0.1717
vt 0.8038 0.1596
vt 0.8121 0.1658
vt 0.7874 0.0407
vt 0.7806 0.0544
vt 0.7702 0.0407
vt 0.8120 0.0667
vt 0.7806 0.0544
vt 0.7506 0.0234
vt 0.7674 0.0237
vt 0.7588 0.0338
vt 0.6976 0.3148
vt 0.7058 0.3227
vt 0.6894 0.3227
vt 0.6813 0.3097
vt 0.6894 0.3227
vt 0.6731 0.3227
vt 0.7126 0.2829
vt 0.7061 0.3037
vt 0.7298 0.2829
vt 0.7268 0.2598
vt 0.7386 0.2717
vt 0.7262 0.2710
vt 0.8026 0.2272
vt 0.8265 0.2071
vt 0.7897 0.2188
vt 0.7897 0.1993
vt 0.8001 0.2042
vt 0.3728 0.0335
vt 0.3537 0.0335
vt 0.3458 0.0236
vt 0.3626 0.0246
vt 0.3456 0.0506
vt 0.3348 0.0506
vt 0.3407 0.0357
vt 0.3040 0.0355
vt 0.2867 0.0481
vt 0.2943 0.0312
vt 0.4301 0.0242
vt 0.4301 0.0142
vt 0.4470 0.0202
vt 0.4249 0.0390
vt 0.4132 0.0496
vt 0.4061 0.0390
vt 0.3711 0.0090
vt 0.3879 0.0090
vt 0.3795 0.0207
vt 0.4638 0.0162
vt 0.4554 0.0090
vt 0.4723 0.0090
vt 0.4470 0.0202
vt 0.4470 0.0343
vt 0.4354 0.0344
vt 0.4638 0.0273
vt 0.4638 0.0162
vt 0.4807 0.0202
vt 0.4976 0.0162
vt 0.4891 0.0090
vt 0.5060 0.0090
vt 0.5144 0.0227
vt 0.5060 0.0090
vt 0.5229 0.0090
vt 0.5207 0.0350
vt 0.4990 0.0273
vt 0.2892 0.0200
vt 0.2842 0.0312
vt 0.2724 0.0312
vt 0.2783 0.0230
vt 0.3013 0.3227
vt 0.3038 0.3122
vt 0.3153 0.3122
vt 0.3420 0.3030
vt 0.3153 0.3122
vt 0.2931 0.3104
vt 0.3095 0.3030
vt 0.3038 0.3122
vt 0.3483 0.3119
vt 0.3483 0.3119
vt 0.2827 0.3123
vt 0.2775 0.3030
vt 0.2827 0.3123
vt 0.5440 0.3121
vt 0.5758 0.2985
vt 0.5833 0.3085
vt 0.5670 0.3073
vt 0.5836 0.2818
vt 0.5936 0.2829
vt 0.5884 0.2969
vt 0.6307 0.2910
vt 0.6226 0.3003
vt 0.6195 0.2910
vt 0.5670 0.3171
vt 0.5547 0.3106
vt 0.5670 0.3073
vt 0.4730 0.2694
vt 0.5546 0.2721
vt 0.5531 0.2582
vt 0.5670 0.2560
vt 0.5441 0.2821
vt 0.5414 0.2661
vt 0.5546 0.2721
vt 0.4430 0.0971
vt 0.0489 0.1787
vt 0.0579 0.1871
vt 0.0434 0.1897
vt 0.0312 0.1823
vt 0.0325 0.1988
vt 0.0225 0.1988
vt 0.0276 0.1264
vt 0.0318 0.1493
vt 0.0403 0.1432
vt 0.0403 0.1559
vt 0.0505 0.1380
vt 0.0403 0.1328
vt 0.0573 0.1227
vt 0.0488 0.1493
vt 0.0708 0.0531
vt 0.0640 0.0690
vt 0.0576 0.0611
vt 0.0495 0.0833
vt 0.0535 0.0728
vt 0.0575 0.0902
vt 0.0958 0.0603
vt 0.0977 0.1562
vt 0.0888 0.1457
vt 0.1026 0.1430
vt 0.1044 0.0464
vt 0.0795 0.0613
vt 0.1148 0.0357
vt 0.1044 0.0464
vt 0.1191 0.0193
vt 0.1117 0.0562
vt 0.1167 0.0465
vt 0.1285 0.0582
vt 0.1771 0.0236
vt 0.1687 0.0090
vt 0.1855 0.0090
vt 0.1940 0.0274
vt 0.2277 0.0236
vt 0.2193 0.0090
vt 0.2361 0.0090
vt 0.2674 0.0200
vt 0.2660 0.0436
vt 0.2623 0.0312
vt 0.2724 0.0312
vt 0.2357 0.3227
vt 0.2357 0.3227
vt 0.2111 0.3005
vt 0.2389 0.2308
vt 0.2412 0.2431
vt 0.2281 0.2385
vt 0.2588 0.2887
vt 0.2190 0.2922
vt 0.2349 0.2997
vt 0.2270 0.3078
vt 0.1947 0.3168
vt 0.2029 0.3227
vt 0.1865 0.3227
vt 0.1848 0.3118
vt 0.2302 0.2895
vt 0.1946 0.3068
vt 0.0661 0.2242
vt 0.0505 0.1380
vt 0.1599 0.2435
vt 0.1428 0.2504
vt 0.1482 0.2391
vt 0.1034 0.2560
vt 0.1180 0.2546
vt 0.1191 0.2441
vt 0.1316 0.2493
vt 0.1428 0.2504
vt 0.5144 0.0227
vt 0.5313 0.0175
vt 0.5313 0.0295
vt 0.5650 0.0150
vt 0.5566 0.0090
vt 0.5735 0.0090
vt 0.5657 0.0608
vt 0.5560 0.0635
vt 0.5555 0.0478
vt 0.5988 0.0150
vt 0.5903 0.0090
vt 0.6072 0.0090
vt 0.5989 0.0254
vt 0.5988 0.0150
vt 0.6156 0.0193
vt 0.5839 0.0441
vt 0.5676 0.0441
vt 0.5715 0.0343
vt 0.5482 0.0144
vt 0.5650 0.0150
vt 0.5482 0.0244
vt 0.6241 0.0090
vt 0.6409 0.0090
vt 0.6325 0.0153
vt 0.6156 0.0326
vt 0.6325 0.0259
vt 0.6747 0.0090
vt 0.6831 0.0231
vt 0.6747 0.0090
vt 0.6915 0.0090
vt 0.6323 0.3140
vt 0.6323 0.3021
vt 0.6419 0.3003
vt 0.5884 0.2969
vt 0.6307 0.2910
vt 0.6650 0.3085
vt 0.7442 0.0368
vt 0.7696 0.0606
vt 0.7648 0.0755
vt 0.7572 0.0676
vt 0.6831 0.0231
vt 0.7203 0.0684
vt 0.7075 0.0656
vt 0.7168 0.0564
vt 0.6845 0.0599
vt 0.6764 0.0536
vt 0.6885 0.0463
vt 0.8121 0.1328
vt 0.8038 0.1390
vt 0.8017 0.1220
vt 0.7780 0.1387
vt 0.7875 0.1234
vt 0.7883 0.1404
vt 0.7909 0.0800
vt 0.8017 0.1220
vt 0.7956 0.1328
vt 0.7875 0.1234
vt 0.7860 0.1507
vt 0.7662 0.1146
vt 0.7654 0.0906
vt 0.7791 0.1143
vt 0.7753 0.1020
vt 0.7654 0.0906
vt 0.7696 0.0606
vt 0.7428 0.0639
vt 0.7490 0.0749
vt 0.7556 0.0844
vt 0.7442 0.0368
vt 0.7275 0.0340
vt 0.7542 0.1287
vt 0.7696 0.0606
vt 0.7577 0.0566
vt 0.7596 0.0453
vt 0.7428 0.0639
vt 0.7662 0.1146
vt 0.7447 0.1044
vt 0.7329 0.0873
vt 0.7201 0.0809
vt 0.7319 0.0730
vt 0.7556 0.0844
vt 0.7488 0.0938
vt 0.7434 0.0843
vt 0.6737 0.3005
vt 0.6573 0.2990
vt 0.6649 0.2896
vt 0.6746 0.2845
vt 0.6737 0.3005
vt 0.6822 0.2922
vt 0.6992 0.2860
vt 0.7051 0.2591
vt 0.7210 0.2502
vt 0.7139 0.2692
vt 0.7556 0.2494
vt 0.7607 0.2587
vt 0.7326 0.2430
vt 0.7210 0.2502
vt 0.7264 0.2343
vt 0.7853 0.1813
vt 0.7943 0.1886
vt 0.7798 0.1922
vt 0.8038 0.1819
vt 0.8150 0.1774
vt 0.7943 0.1886
vt 0.3626 0.0423
vt 0.3289 0.0416
vt 0.2769 0.0551
vt 0.2867 0.0481
vt 0.2867 0.0622
vt 0.2783 0.0394
vt 0.4346 0.0469
vt 0.4521 0.0595
vt 0.4397 0.0584
vt 0.4537 0.0461
vt 0.4444 0.0694
vt 0.4397 0.0584
vt 0.4319 0.0720
vt 0.4181 0.0783
vt 0.4521 0.0595
vt 0.4544 0.0758
vt 0.4444 0.0694
vt 0.4181 0.0783
vt 0.4277 0.1044
vt 0.3868 0.0671
vt 0.3709 0.0624
vt 0.3861 0.0558
vt 0.4974 0.0749
vt 0.5084 0.0725
vt 0.5040 0.0848
vt 0.4508 0.1112
vt 0.4594 0.1162
vt 0.4577 0.1261
vt 0.4031 0.0768
vt 0.4277 0.1044
vt 0.4164 0.1066
vt 0.4203 0.0947
vt 0.4508 0.1112
vt 0.4430 0.0971
vt 0.4541 0.1002
vt 0.5500 0.1738
vt 0.5487 0.1860
vt 0.5388 0.1787
vt 0.4616 0.2046
vt 0.4522 0.2100
vt 0.4518 0.1903
vt 0.4521 0.0595
vt 0.4638 0.0550
vt 0.4651 0.0708
vt 0.4611 0.1643
vt 0.4628 0.1482
vt 0.4736 0.1602
vt 0.4390 0.1085
vt 0.4522 0.0880
vt 0.4176 0.1180
vt 0.4277 0.1044
vt 0.4305 0.1181
vt 0.4671 0.0412
vt 0.4671 0.0412
vt 0.4852 0.0431
vt 0.4801 0.0515
vt 0.3976 0.0639
vt 0.3959 0.0350
vt 0.3855 0.0381
vt 0.3868 0.0279
vt 0.4741 0.0631
vt 0.5104 0.1285
vt 0.5040 0.1405
vt 0.4981 0.1233
vt 0.3931 0.0802
vt 0.4685 0.1120
vt 0.4645 0.0826
vt 0.4098 0.0864
vt 0.3829 0.0777
vt 0.3931 0.0802
vt 0.3935 0.0907
vt 0.3855 0.0381
vt 0.3458 0.0691
vt 0.3404 0.0599
vt 0.3569 0.0669
vt 0.3742 0.0493
vt 0.3709 0.0624
vt 0.3586 0.0557
vt 0.3742 0.0493
vt 0.3728 0.0335
vt 0.5195 0.0528
vt 0.5207 0.0350
vt 0.5327 0.0406
vt 0.5224 0.0730
vt 0.5122 0.0434
vt 0.2931 0.2957
vt 0.3065 0.2879
vt 0.3095 0.2727
vt 0.3199 0.2827
vt 0.3228 0.2693
vt 0.3510 0.2847
vt 0.3522 0.3004
vt 0.3420 0.3030
vt 0.3199 0.2569
vt 0.3220 0.2449
vt 0.3324 0.2594
vt 0.2582 0.2204
vt 0.2487 0.2167
vt 0.2553 0.2067
vt 0.3308 0.2855
vt 0.3228 0.2693
vt 0.3345 0.2709
vt 0.3454 0.2630
vt 0.3482 0.2731
vt 0.3345 0.2709
vt 0.3037 0.2604
vt 0.3199 0.2569
vt 0.3095 0.2727
vt 0.3324 0.2594
vt 0.3410 0.2807
vt 0.3339 0.2426
vt 0.3498 0.2480
vt 0.3397 0.2516
vt 0.3482 0.2731
vt 0.2800 0.2790
vt 0.2708 0.2887
vt 0.2711 0.2690
vt 0.2758 0.2587
vt 0.2603 0.2769
vt 0.2889 0.2526
vt 0.3037 0.2604
vt 0.2948 0.2662
vt 0.2592 0.2641
vt 0.2758 0.2587
vt 0.2592 0.2641
vt 0.2632 0.2531
vt 0.2950 0.2769
vt 0.2603 0.2769
vt 0.2406 0.2721
vt 0.2482 0.2641
vt 0.2214 0.2656
vt 0.2106 0.2660
vt 0.2126 0.2532
vt 0.2785 0.2255
vt 0.2682 0.2234
vt 0.2782 0.2116
vt 0.2948 0.2662
vt 0.2470 0.2903
vt 0.2389 0.2829
vt 0.2603 0.2769
vt 0.2516 0.2537
vt 0.2889 0.2526
vt 0.2734 0.2476
vt 0.2921 0.2385
vt 0.2193 0.2823
vt 0.2214 0.2656
vt 0.2276 0.2769
vt 0.2482 0.2641
vt 0.2396 0.2555
vt 0.2482 0.2641
vt 0.2326 0.2643
vt 0.2714 0.2355
vt 0.1887 0.2329
vt 0.1891 0.2479
vt 0.1783 0.2437
vt 0.2608 0.1959
vt 0.2721 0.1791
vt 0.2742 0.1908
vt 0.2111 0.2768
vt 0.2008 0.2734
vt 0.2280 0.2518
vt 0.2412 0.2431
vt 0.2376 0.2195
vt 0.2377 0.2038
vt 0.2487 0.2167
vt 0.2496 0.2339
vt 0.2389 0.2308
vt 0.2487 0.2167
vt 0.5611 0.2985
vt 0.5996 0.2910
vt 0.5313 0.2777
vt 0.5441 0.2821
vt 0.5306 0.2912
vt 0.5395 0.2978
vt 0.4834 0.2580
vt 0.5130 0.2590
vt 0.4500 0.2516
vt 0.4849 0.2212
vt 0.4738 0.2305
vt 0.4748 0.2181
vt 0.4777 0.2444
vt 0.4777 0.2444
vt 0.4711 0.2552
vt 0.4612 0.2495
vt 0.4616 0.2046
vt 0.4748 0.2181
vt 0.4636 0.2234
vt 0.4758 0.2039
vt 0.4902 0.2121
vt 0.5313 0.2598
vt 0.5283 0.2499
vt 0.5405 0.2521
vt 0.5225 0.2679
vt 0.4291 0.2084
vt 0.4558 0.2314
vt 0.4514 0.2208
vt 0.4636 0.2234
vt 0.0391 0.1757
vt 0.0590 0.1564
vt 0.0573 0.1227
vt 0.0287 0.1372
vt 0.0731 0.1279
vt 0.0573 0.1227
vt 0.0660 0.1165
vt 0.0551 0.1681
vt 0.0169 0.1245
vt 0.0613 0.1000
vt 0.0535 0.0728
vt 0.1179 0.1046
vt 0.1246 0.0899
vt 0.1315 0.1044
vt 0.0822 0.0862
vt 0.0913 0.0971
vt 0.0790 0.1039
vt 0.1552 0.0396
vt 0.1747 0.0443
vt 0.1552 0.0396
vt 0.1688 0.0355
vt 0.1775 0.0545
vt 0.1709 0.0633
vt 0.1605 0.0599
vt 0.1227 0.0739
vt 0.1335 0.0807
vt 0.1246 0.0899
vt 0.2446 0.0287
vt 0.2172 0.0349
vt 0.2277 0.0421
vt 0.2446 0.0469
vt 0.2340 0.0519
vt 0.2277 0.0421
vt 0.2044 0.0693
vt 0.1926 0.0674
vt 0.2006 0.0580
vt 0.2006 0.0580
vt 0.2562 0.0207
vt 0.2769 0.0551
vt 0.2530 0.0090
vt 0.2302 0.2895
vt 0.0651 0.2062
vt 0.0555 0.2162
vt 0.0524 0.2008
vt 0.0710 0.1937
vt 0.0783 0.2048
vt 0.0788 0.2184
vt 0.1099 0.1801
vt 0.1143 0.1671
vt 0.1255 0.1693
vt 0.1200 0.2298
vt 0.1303 0.2198
vt 0.1334 0.2297
vt 0.0858 0.2265
vt 0.0903 0.2106
vt 0.0962 0.2294
vt 0.1135 0.1993
vt 0.1008 0.2026
vt 0.1048 0.1922
vt 0.0903 0.2106
vt 0.5656 0.0254
vt 0.5563 0.0353
vt 0.5482 0.0244
vt 0.5715 0.0343
vt 0.6121 0.0444
vt 0.6249 0.0411
vt 0.6150 0.0564
vt 0.5723 0.0531
vt 0.5563 0.0353
vt 0.6447 0.0486
vt 0.6325 0.0512
vt 0.6261 0.0616
vt 0.5984 0.0644
vt 0.5820 0.0702
vt 0.5929 0.0548
vt 0.6885 0.0463
vt 0.6096 0.2975
vt 0.6074 0.2695
vt 0.6451 0.2910
vt 0.6323 0.2799
vt 0.6448 0.2783
vt 0.6569 0.2804
vt 0.7596 0.0453
vt 0.7440 0.0514
vt 0.7329 0.0873
vt 0.7337 0.1016
vt 0.7171 0.0977
vt 0.6799 0.1036
vt 0.6832 0.0926
vt 0.6934 0.1070
vt 0.5984 0.0644
vt 0.6044 0.0557
vt 0.6128 0.0731
vt 0.7490 0.0749
vt 0.7168 0.0564
vt 0.6981 0.0565
vt 0.7024 0.0442
vt 0.7488 0.0938
vt 0.7189 0.0442
vt 0.6949 0.0357
vt 0.6920 0.0824
vt 0.6832 0.0926
vt 0.6778 0.0837
vt 0.7112 0.0754
vt 0.7062 0.0846
vt 0.6950 0.0693
vt 0.7225 0.1119
vt 0.7051 0.1103
vt 0.7171 0.0977
vt 0.7112 0.0754
vt 0.6950 0.0693
vt 0.6845 0.0599
vt 0.6885 0.0463
vt 0.6814 0.0740
vt 0.6707 0.0622
vt 0.6764 0.0536
vt 0.6747 0.0434
vt 0.8149 0.1445
vt 0.7857 0.1614
vt 0.7853 0.1813
vt 0.7759 0.1657
vt 0.7860 0.1507
vt 0.8265 0.1576
vt 0.7791 0.1143
vt 0.7875 0.1234
vt 0.7725 0.1254
vt 0.7454 0.1450
vt 0.7568 0.1443
vt 0.7576 0.1557
vt 0.7650 0.1363
vt 0.7725 0.1254
vt 0.7780 0.1387
vt 0.7568 0.1443
vt 0.7542 0.1287
vt 0.7650 0.1363
vt 0.7494 0.1732
vt 0.7605 0.1677
vt 0.7524 0.1852
vt 0.7220 0.1639
vt 0.7340 0.1682
vt 0.7174 0.1757
vt 0.7464 0.1193
vt 0.7225 0.1119
vt 0.7193 0.1281
vt 0.7131 0.1185
vt 0.6573 0.2990
vt 0.6626 0.2552
vt 0.6549 0.2447
vt 0.6679 0.2396
vt 0.6992 0.2712
vt 0.6924 0.2938
vt 0.7126 0.2829
vt 0.7448 0.2492
vt 0.7268 0.2598
vt 0.7556 0.2494
vt 0.7607 0.2587
vt 0.7514 0.2639
vt 0.7789 0.2038
vt 0.7679 0.1951
vt 0.7798 0.1922
vt 0.7857 0.1614
vt 0.3456 0.0506
vt 0.3215 0.0338
vt 0.3586 0.0557
vt 0.3586 0.0557
vt 0.3120 0.0169
vt 0.3281 0.0252
vt 0.3120 0.0286
vt 0.3289 0.0149
vt 0.3205 0.0090
vt 0.3373 0.0090
vt 0.3120 0.0286
vt 0.3040 0.0355
vt 0.3005 0.0207
vt 0.2892 0.0200
vt 0.3092 0.0448
vt 0.3120 0.0286
vt 0.3215 0.0338
vt 0.2842 0.0312
vt 0.2892 0.0200
vt 0.2943 0.0312
vt 0.3676 0.0901
vt 0.3626 0.0768
vt 0.3742 0.0493
vt 0.3959 0.0350
vt 0.5735 0.2820
vt 0.6096 0.2975
vt 0.5735 0.2820
vt 0.5690 0.2729
vt 0.5836 0.2818
vt 0.6181 0.2629
vt 0.6161 0.2742
vt 0.6074 0.2695
vt 0.5996 0.3166
vt 0.5915 0.3227
vt 0.5225 0.2679
vt 0.5313 0.2777
vt 0.5180 0.2802
vt 0.5189 0.2456
vt 0.5425 0.3227
vt 0.5395 0.2978
vt 0.5690 0.2729
vt 0.4500 0.2516
vt 0.4446 0.2284
vt 0.4777 0.2444
vt 0.4643 0.2385
vt 0.4738 0.2305
vt 0.4612 0.2495
vt 0.4161 0.2316
vt 0.4344 0.2269
vt 0.4446 0.2284
vt 0.4403 0.2166
vt 0.4514 0.2208
vt 0.4472 0.2383
vt 0.0505 0.1380
vt 0.0606 0.1328
vt 0.0617 0.1447
vt 0.0911 0.0743
vt 0.0795 0.0613
vt 0.0958 0.0603
vt 0.0714 0.0962
vt 0.0613 0.1000
vt 0.0575 0.0902
vt 0.0672 0.0862
vt 0.1775 0.0545
vt 0.1545 0.0506
vt 0.1747 0.0443
vt 0.1605 0.0599
vt 0.1883 0.0571
vt 0.1742 0.0737
vt 0.1709 0.0633
vt 0.1883 0.0571
vt 0.1509 0.0678
vt 0.2546 0.0403
vt 0.2685 0.0638
vt 0.2540 0.0694
vt 0.2276 0.2769
vt 0.0629 0.1767
vt 0.0489 0.1787
vt 0.0551 0.1681
vt 0.0760 0.1406
vt 0.0391 0.1757
vt 0.5555 0.0478
vt 0.5563 0.0353
vt 0.5676 0.0441
vt 0.5929 0.0548
vt 0.5839 0.0441
vt 0.5819 0.0564
vt 0.5723 0.0531
vt 0.5820 0.0702
vt 0.5690 0.0746
vt 0.5657 0.0608
vt 0.5440 0.0689
vt 0.5477 0.0576
vt 0.5560 0.0635
vt 0.6589 0.0612
vt 0.6447 0.0486
vt 0.6408 0.0601
vt 0.6325 0.0512
vt 0.6128 0.0731
vt 0.6027 0.0736
vt 0.6323 0.3021
vt 0.6095 0.2842
vt 0.6365 0.0897
vt 0.6413 0.0780
vt 0.6542 0.0902
vt 0.6211 0.0808
vt 0.6296 0.0733
vt 0.6365 0.0897
vt 0.6413 0.0780
vt 0.6408 0.0601
vt 0.6495 0.0685
vt 0.6261 0.0616
vt 0.6408 0.0601
vt 0.6296 0.0733
vt 0.7321 0.2080
vt 0.7213 0.2039
vt 0.7286 0.1945
vt 0.7624 0.1866
vt 0.7700 0.1799
vt 0.7679 0.1951
vt 0.7700 0.1799
vt 0.3569 0.0669
vt 0.3066 0.0779
vt 0.3185 0.0782
vt 0.3124 0.0875
vt 0.2783 0.0709
vt 0.2867 0.0622
vt 0.2954 0.0790
vt 0.2965 0.0551
vt 0.3204 0.0512
vt 0.3204 0.0512
vt 0.5690 0.2729
vt 0.5740 0.2637
vt 0.5883 0.2723
vt 0.5670 0.2560
vt 0.5725 0.2424
vt 0.5852 0.2484
vt 0.5283 0.2499
vt 0.5313 0.2598
vt 0.4643 0.2385
vt 0.4522 0.2100
vt 0.4415 0.1819
vt 0.4514 0.1730
vt 0.4518 0.1903
vt 0.4758 0.2039
vt 0.4694 0.1871
vt 0.4860 0.1939
vt 0.2161 0.0674
vt 0.2044 0.0693
vt 0.2128 0.0569
vt 0.1891 0.0775
vt 0.1435 0.0507
vt 0.2446 0.0469
vt 0.3092 0.0448
vt 0.3086 0.0571
vt 0.2965 0.0551
vt 0.3204 0.0512
vt 0.3129 0.0686
vt 0.3086 0.0571
vt 0.3485 0.0856
vt 0.3458 0.0691
vt 0.3526 0.0764
vt 0.2999 0.0673
vt 0.3119 0.1055
vt 0.2930 0.1053
vt 0.2993 0.0927
vt 0.2540 0.0694
vt 0.2660 0.0777
vt 0.2550 0.0839
vt 0.2373 0.0632
vt 0.2485 0.0586
vt 0.2540 0.0694
vt 0.2441 0.0907
vt 0.2550 0.0839
vt 0.2513 0.0985
vt 0.2345 0.0951
vt 0.2211 0.0907
vt 0.2340 0.0850
vt 0.2441 0.0907
vt 0.2765 0.0823
vt 0.2429 0.0801
vt 0.2818 0.0926
vt 0.2765 0.0823
vt 0.2954 0.0790
vt 0.2954 0.0790
vt 0.3066 0.0779
vt 0.2993 0.0927
vt 0.2648 0.0917
vt 0.2280 0.0769
vt 0.2219 0.0507
vt 0.2340 0.0519
vt 0.2249 0.0607
vt 0.2690 0.1215
vt 0.2337 0.1052
vt 0.2340 0.0519
vt 0.2345 0.0951
vt 0.2249 0.0607
vt 0.5797 0.0838
vt 0.5435 0.0823
vt 0.5332 0.0737
vt 0.5440 0.0689
vt 0.5555 0.0478
vt 0.5477 0.0576
vt 0.5411 0.0502
vt 0.5922 0.0731
vt 0.6682 0.0796
vt 0.6875 0.2803
vt 0.6448 0.2783
vt 0.6394 0.2652
vt 0.6531 0.2688
vt 0.6531 0.2688
vt 0.6626 0.2552
vt 0.6712 0.2632
vt 0.6916 0.2600
vt 0.6862 0.2695
vt 0.6791 0.2546
vt 0.6862 0.2695
vt 0.6925 0.2489
vt 0.7051 0.2591
vt 0.6916 0.2600
vt 0.6872 0.2392
vt 0.6879 0.2286
vt 0.7037 0.2337
vt 0.7033 0.2458
vt 0.7133 0.2431
vt 0.7051 0.2591
vt 0.6776 0.2440
vt 0.6925 0.2489
vt 0.6791 0.2546
vt 0.7264 0.2343
vt 0.7133 0.2431
vt 0.7158 0.2330
vt 0.7326 0.2430
vt 0.7454 0.2384
vt 0.7448 0.2492
vt 0.6712 0.2632
vt 0.7789 0.2038
vt 0.7770 0.2153
vt 0.7645 0.2088
vt 0.7605 0.1677
vt 0.7767 0.1553
vt 0.7759 0.1657
vt 0.7415 0.1966
vt 0.7342 0.1826
vt 0.7524 0.1852
vt 0.7286 0.1945
vt 0.7576 0.1557
vt 0.7549 0.1984
vt 0.7465 0.1612
vt 0.7549 0.1984
vt 0.7624 0.1866
vt 0.3526 0.0764
vt 0.3349 0.0696
vt 0.5414 0.2661
vt 0.5583 0.2459
vt 0.5099 0.2229
vt 0.5327 0.2406
vt 0.5233 0.2363
vt 0.5327 0.2406
vt 0.6133 0.2410
vt 0.5983 0.2410
vt 0.6057 0.2277
vt 0.5742 0.2314
vt 0.5568 0.2326
vt 0.5637 0.2239
vt 0.5286 0.2195
vt 0.5568 0.2326
vt 0.6161 0.2742
vt 0.6226 0.2816
vt 0.6095 0.2842
vt 0.6279 0.2568
vt 0.5883 0.2723
vt 0.6071 0.2596
vt 0.4291 0.2084
vt 0.4403 0.2166
vt 0.4225 0.2203
vt 0.4426 0.2050
vt 0.4472 0.1585
vt 0.4413 0.1680
vt 0.4323 0.1562
vt 0.4593 0.1815
vt 0.4704 0.1735
vt 0.4694 0.1871
vt 0.5285 0.1565
vt 0.5150 0.1553
vt 0.5201 0.1427
vt 0.5390 0.2049
vt 0.5400 0.2195
vt 0.5286 0.2195
vt 0.1926 0.0674
vt 0.1975 0.0983
vt 0.1940 0.0871
vt 0.2057 0.0873
vt 0.1414 0.0933
vt 0.3804 0.0958
vt 0.3918 0.1633
vt 0.4058 0.1598
vt 0.4085 0.1711
vt 0.2825 0.1156
vt 0.2818 0.0926
vt 0.2930 0.1053
vt 0.2821 0.1036
vt 0.3015 0.1350
vt 0.2919 0.1407
vt 0.2904 0.1294
vt 0.2543 0.1858
vt 0.2634 0.1383
vt 0.2690 0.1215
vt 0.2793 0.1267
vt 0.2818 0.0926
vt 0.2821 0.1036
vt 0.3063 0.1146
vt 0.2971 0.1201
vt 0.2825 0.1156
vt 0.2930 0.1053
vt 0.2971 0.1201
vt 0.3120 0.1236
vt 0.3015 0.1350
vt 0.2811 0.1382
vt 0.3501 0.1071
vt 0.3415 0.1008
vt 0.3559 0.0981
vt 0.3220 0.2449
vt 0.3111 0.2301
vt 0.3220 0.2240
vt 0.3178 0.1145
vt 0.3120 0.1236
vt 0.3063 0.1146
vt 0.3271 0.1313
vt 0.3257 0.1417
vt 0.3158 0.1347
vt 0.3064 0.1441
vt 0.2817 0.1663
vt 0.2721 0.1791
vt 0.2652 0.1688
vt 0.2608 0.1959
vt 0.2484 0.1964
vt 0.2543 0.1858
vt 0.2904 0.1294
vt 0.2811 0.1382
vt 0.2979 0.1501
vt 0.2963 0.1658
vt 0.2835 0.1522
vt 0.2280 0.0769
vt 0.1940 0.0871
vt 0.2280 0.0769
vt 0.2090 0.1175
vt 0.2193 0.1009
vt 0.2247 0.1097
vt 0.2044 0.0693
vt 0.2128 0.0779
vt 0.2057 0.0873
vt 0.2193 0.1009
vt 0.2486 0.1198
vt 0.1858 0.0959
vt 0.5966 0.1343
vt 0.5998 0.1236
vt 0.6097 0.1274
vt 0.5819 0.1658
vt 0.5725 0.1726
vt 0.5705 0.1600
vt 0.5180 0.1004
vt 0.6301 0.1062
vt 0.6192 0.1019
vt 0.6365 0.0897
vt 0.6083 0.0829
vt 0.6211 0.0808
vt 0.6156 0.0908
vt 0.6323 0.2799
vt 0.6282 0.2689
vt 0.6394 0.2652
vt 0.7033 0.2458
vt 0.7321 0.2080
vt 0.7645 0.2088
vt 0.7636 0.2258
vt 0.7296 0.1408
vt 0.7454 0.1450
vt 0.7347 0.1539
vt 0.7465 0.1612
vt 0.7340 0.1682
vt 0.7401 0.1331
vt 0.7296 0.1408
vt 0.7294 0.1305
vt 0.7542 0.1287
vt 0.7401 0.1331
vt 0.7464 0.1193
vt 0.3185 0.0782
vt 0.3129 0.0686
vt 0.2999 0.0673
vt 0.3349 0.0696
vt 0.3485 0.0856
vt 0.3369 0.0886
vt 0.3296 0.0791
vt 0.3369 0.0886
vt 0.3267 0.0948
vt 0.6282 0.2689
vt 0.6279 0.2568
vt 0.6424 0.2388
vt 0.6549 0.2447
vt 0.5951 0.2561
vt 0.4336 0.1974
vt 0.4704 0.1735
vt 0.4879 0.1707
vt 0.4870 0.1823
vt 0.4616 0.1941
vt 0.5233 0.2363
vt 0.5016 0.2403
vt 0.5198 0.2266
vt 0.1606 0.0784
vt 0.3676 0.0901
vt 0.3691 0.1042
vt 0.3559 0.0981
vt 0.3415 0.1008
vt 0.2993 0.0927
vt 0.3124 0.0875
vt 0.3167 0.0966
vt 0.3267 0.0948
vt 0.2354 0.1220
vt 0.2093 0.0985
vt 0.5779 0.0988
vt 0.5676 0.1016
vt 0.5709 0.0903
vt 0.6083 0.0829
vt 0.5975 0.0823
vt 0.6027 0.0736
vt 0.5998 0.1236
vt 0.5909 0.1103
vt 0.6006 0.1134
vt 0.5548 0.0736
vt 0.5613 0.0826
vt 0.5435 0.0823
vt 0.7321 0.2080
vt 0.7415 0.1966
vt 0.7464 0.2117
vt 0.7565 0.2169
vt 0.7297 0.2183
vt 0.7464 0.2117
vt 0.7348 0.2277
vt 0.7604 0.2379
vt 0.7066 0.2219
vt 0.7052 0.1672
vt 0.6971 0.1827
vt 0.6904 0.1686
vt 0.7174 0.1757
vt 0.7286 0.1945
vt 0.7154 0.1938
vt 0.7045 0.2069
vt 0.7348 0.2277
vt 0.7264 0.2343
vt 0.6896 0.2037
vt 0.7045 0.2069
vt 0.6924 0.2190
vt 0.7089 0.1840
vt 0.6393 0.1410
vt 0.6524 0.1466
vt 0.6401 0.1539
vt 0.7238 0.1506
vt 0.7132 0.1547
vt 0.7140 0.1408
vt 0.7344 0.1215
vt 0.3315 0.1043
vt 0.6058 0.2488
vt 0.6181 0.2629
vt 0.5740 0.2637
vt 0.5852 0.2484
vt 0.5843 0.2624
vt 0.5951 0.2561
vt 0.5983 0.2410
vt 0.6058 0.2488
vt 0.6170 0.2300
vt 0.7045 0.2069
vt 0.5843 0.2624
vt 0.5568 0.2326
vt 0.5463 0.2288
vt 0.5573 0.2148
vt 0.5918 0.2202
vt 0.5849 0.2344
vt 0.5983 0.2410
vt 0.6056 0.2125
vt 0.4151 0.2089
vt 0.3888 0.2339
vt 0.3998 0.2268
vt 0.4026 0.2429
vt 0.3498 0.2480
vt 0.3599 0.2384
vt 0.3679 0.2497
vt 0.3896 0.2045
vt 0.3887 0.2208
vt 0.3798 0.2092
vt 0.4151 0.2089
vt 0.4010 0.1974
vt 0.4114 0.1935
vt 0.4114 0.1935
vt 0.3708 0.1976
vt 0.3569 0.2059
vt 0.3518 0.1969
vt 0.3257 0.1417
vt 0.3261 0.1601
vt 0.3164 0.1465
vt 0.4860 0.1939
vt 0.4990 0.2005
vt 0.4902 0.2121
vt 0.4593 0.1815
vt 0.4611 0.1643
vt 0.5068 0.2127
vt 0.5249 0.2088
vt 0.5463 0.2288
vt 0.5327 0.2406
vt 0.5400 0.2195
vt 0.5198 0.2266
vt 0.5099 0.2229
vt 0.5249 0.2088
vt 0.5297 0.1908
vt 0.5406 0.1938
vt 0.5390 0.2049
vt 0.5491 0.2081
vt 0.4996 0.2256
vt 0.3691 0.1042
vt 0.3649 0.1163
vt 0.3501 0.1071
vt 0.3399 0.1124
vt 0.3285 0.1144
vt 0.3178 0.1145
vt 0.3315 0.1043
vt 0.1975 0.0983
vt 0.2090 0.1175
vt 0.1905 0.1078
vt 0.2093 0.0985
vt 0.2211 0.0907
vt 0.5975 0.0823
vt 0.6156 0.0908
vt 0.6192 0.1019
vt 0.6022 0.0955
vt 0.7052 0.1672
vt 0.6505 0.2324
vt 0.6542 0.2149
vt 0.6613 0.2310
vt 0.6429 0.2207
vt 0.6327 0.2252
vt 0.6325 0.2115
vt 0.6429 0.2207
vt 0.7037 0.2337
vt 0.6542 0.2149
vt 0.6651 0.2081
vt 0.6653 0.2210
vt 0.6867 0.1908
vt 0.7018 0.1945
vt 0.6896 0.2037
vt 0.4323 0.1562
vt 0.4413 0.1680
vt 0.4216 0.1783
vt 0.4113 0.1824
vt 0.4085 0.1711
vt 0.4203 0.0947
vt 0.4503 0.1354
vt 0.4611 0.1373
vt 0.4509 0.1472
vt 0.4297 0.1314
vt 0.4472 0.1585
vt 0.4611 0.1643
vt 0.4514 0.1730
vt 0.4292 0.1450
vt 0.4404 0.1418
vt 0.4323 0.1562
vt 0.4183 0.1526
vt 0.4070 0.1453
vt 0.4191 0.1394
vt 0.3691 0.1042
vt 0.3804 0.0958
vt 0.3821 0.1098
vt 0.3935 0.0907
vt 0.4087 0.0980
vt 0.3978 0.1012
vt 0.4413 0.1251
vt 0.4297 0.1314
vt 0.4868 0.1449
vt 0.5015 0.1540
vt 0.4873 0.1560
vt 0.4717 0.1347
vt 0.4760 0.1472
vt 0.4628 0.1482
vt 0.4503 0.1354
vt 0.4509 0.1472
vt 0.5051 0.1752
vt 0.4978 0.1868
vt 0.4870 0.1823
vt 0.5134 0.1999
vt 0.5214 0.1834
vt 0.5134 0.1999
vt 0.5109 0.1870
vt 0.4978 0.1868
vt 0.5142 0.1673
vt 0.5214 0.1834
vt 0.5051 0.1752
vt 0.5297 0.1908
vt 0.4868 0.1449
vt 0.4717 0.1347
vt 0.4817 0.1282
vt 0.5838 0.1237
vt 0.5665 0.1224
vt 0.5809 0.1136
vt 0.4873 0.1560
vt 0.5388 0.1787
vt 0.5249 0.1728
vt 0.5326 0.1659
vt 0.5388 0.1787
vt 0.3271 0.1313
vt 0.3473 0.2325
vt 0.3454 0.2173
vt 0.3600 0.2218
vt 0.1729 0.1184
vt 0.1655 0.1264
vt 0.1662 0.1097
vt 0.1638 0.2055
vt 0.1693 0.2175
vt 0.1522 0.2116
vt 0.6327 0.2252
vt 0.6549 0.2447
vt 0.6424 0.2388
vt 0.6505 0.2324
vt 0.6773 0.2287
vt 0.6872 0.2392
vt 0.6776 0.2440
vt 0.6776 0.2440
vt 0.7018 0.1945
vt 0.6904 0.1686
vt 0.6867 0.1790
vt 0.6749 0.1666
vt 0.6925 0.2489
vt 0.6613 0.2310
vt 0.6773 0.2287
vt 0.6679 0.2396
vt 0.4183 0.1526
vt 0.4076 0.1203
vt 0.4022 0.1116
vt 0.4164 0.1066
vt 0.4087 0.0980
vt 0.3521 0.1439
vt 0.3399 0.1354
vt 0.3505 0.1308
vt 0.4594 0.1162
vt 0.4611 0.1373
vt 0.4297 0.1314
vt 0.4191 0.1394
vt 0.4149 0.1290
vt 0.4863 0.1171
vt 0.4981 0.1233
vt 0.4817 0.1282
vt 0.5221 0.1246
vt 0.5101 0.1121
vt 0.5230 0.1123
vt 0.5015 0.1540
vt 0.5142 0.1673
vt 0.4985 0.1654
vt 0.4689 0.1235
vt 0.4985 0.1654
vt 0.4577 0.1261
vt 0.5500 0.1738
vt 0.5562 0.1616
vt 0.5618 0.1769
vt 0.5427 0.1640
vt 0.5491 0.2081
vt 0.5658 0.2028
vt 0.5573 0.2148
vt 0.5406 0.1938
vt 0.5618 0.1769
vt 0.5624 0.1901
vt 0.5487 0.1860
vt 0.5725 0.1726
vt 0.5886 0.1751
vt 0.5794 0.1819
vt 0.5798 0.1983
vt 0.5730 0.1903
vt 0.5794 0.1819
vt 0.5518 0.1979
vt 0.3976 0.2120
vt 0.3783 0.1214
vt 0.3800 0.1376
vt 0.3685 0.1287
vt 0.3449 0.1545
vt 0.3353 0.1461
vt 0.3521 0.1439
vt 0.3158 0.1347
vt 0.3215 0.1704
vt 0.3158 0.1572
vt 0.3261 0.1601
vt 0.3164 0.1465
vt 0.1905 0.1078
vt 0.1782 0.1065
vt 0.1858 0.0959
vt 0.6653 0.2210
vt 0.6791 0.2546
vt 0.6510 0.2572
vt 0.7089 0.1840
vt 0.6786 0.2141
vt 0.6786 0.2141
vt 0.6879 0.2286
vt 0.6773 0.2287
vt 0.6786 0.2141
vt 0.4058 0.1598
vt 0.3966 0.1531
vt 0.4070 0.1453
vt 0.4058 0.1598
vt 0.3991 0.1794
vt 0.3520 0.1176
vt 0.4070 0.1453
vt 0.4037 0.1298
vt 0.4149 0.1290
vt 0.3821 0.1098
vt 0.3905 0.1211
vt 0.3783 0.1214
vt 0.4022 0.1116
vt 0.3932 0.1314
vt 0.3818 0.1524
vt 0.3938 0.1421
vt 0.3932 0.1314
vt 0.4076 0.1203
vt 0.3687 0.1404
vt 0.3505 0.1308
vt 0.3685 0.1287
vt 0.3649 0.1163
vt 0.3731 0.1712
vt 0.3742 0.1603
vt 0.3918 0.1633
vt 0.3818 0.1524
vt 0.3687 0.1404
vt 0.3800 0.1376
vt 0.3905 0.1211
vt 0.3670 0.1519
vt 0.3567 0.1595
vt 0.3271 0.1313
vt 0.3392 0.1239
vt 0.3399 0.1354
vt 0.3520 0.1176
vt 0.3392 0.1239
vt 0.3399 0.1124
vt 0.5101 0.1121
vt 0.4689 0.1235
vt 0.4916 0.1349
vt 0.5201 0.1427
vt 0.5221 0.1246
vt 0.5317 0.1315
vt 0.4868 0.1449
vt 0.5909 0.1936
vt 0.6060 0.1964
vt 0.5927 0.2055
vt 0.5918 0.2202
vt 0.5829 0.2123
vt 0.5927 0.2055
vt 0.5798 0.1983
vt 0.6324 0.1987
vt 0.6325 0.2115
vt 0.6193 0.2047
vt 0.6126 0.2201
vt 0.5830 0.2246
vt 0.6056 0.2125
vt 0.5742 0.2314
vt 0.5741 0.2203
vt 0.5794 0.1819
vt 0.5968 0.1830
vt 0.5909 0.1936
vt 0.6229 0.2200
vt 0.6193 0.2047
vt 0.5741 0.2203
vt 0.6158 0.1679
vt 0.6278 0.1736
vt 0.6179 0.1783
vt 0.6060 0.1964
vt 0.5968 0.1830
vt 0.6083 0.1849
vt 0.5730 0.1903
vt 0.5658 0.2028
vt 0.5624 0.1901
vt 0.6083 0.1849
vt 0.6055 0.1705
vt 0.6179 0.1783
vt 0.6542 0.0902
vt 0.6585 0.1028
vt 0.6449 0.1024
vt 0.6199 0.1915
vt 0.6426 0.1751
vt 0.6340 0.1826
vt 0.6278 0.1736
vt 0.5947 0.1631
vt 0.5886 0.1751
vt 0.5819 0.1658
vt 0.6340 0.1826
vt 0.6199 0.1915
vt 0.6179 0.1783
vt 0.6618 0.1957
vt 0.6214 0.1589
vt 0.6158 0.1679
vt 0.6056 0.1558
vt 0.6539 0.1763
vt 0.6562 0.1867
vt 0.6468 0.1915
vt 0.6444 0.2069
vt 0.6468 0.1915
vt 0.6468 0.1915
vt 0.6760 0.1985
vt 0.3308 0.1913
vt 0.3400 0.1826
vt 0.3414 0.1961
vt 0.3339 0.2426
vt 0.4685 0.1120
vt 0.4789 0.1096
vt 0.4689 0.1235
vt 0.4789 0.1096
vt 0.4641 0.0947
vt 0.4818 0.0994
vt 0.4969 0.1084
vt 0.5150 0.1553
vt 0.5618 0.1769
vt 0.6055 0.1705
vt 0.5843 0.1552
vt 0.5705 0.1600
vt 0.5763 0.1478
vt 0.6357 0.1661
vt 0.6278 0.1736
vt 0.6214 0.1589
vt 0.5863 0.1387
vt 0.6056 0.1558
vt 0.5705 0.1600
vt 0.5937 0.1498
vt 0.5630 0.1497
vt 0.5427 0.1640
vt 0.5389 0.1540
vt 0.5487 0.1494
vt 0.5487 0.1494
vt 0.5560 0.1393
vt 0.5630 0.1497
vt 0.5894 0.0926
vt 0.5779 0.0988
vt 0.5797 0.0838
vt 0.5843 0.1552
vt 0.5838 0.1237
vt 0.5714 0.1325
vt 0.5937 0.1498
vt 0.6072 0.1377
vt 0.6154 0.1476
vt 0.5966 0.1343
vt 0.6222 0.1370
vt 0.6318 0.1344
vt 0.6283 0.1480
vt 0.6282 0.1172
vt 0.6090 0.1078
vt 0.6192 0.1019
vt 0.6620 0.1246
vt 0.6534 0.1152
vt 0.6685 0.1136
vt 0.6072 0.1377
vt 0.6097 0.1274
vt 0.6222 0.1370
vt 0.6154 0.1476
vt 0.6199 0.1247
vt 0.6359 0.1253
vt 0.6318 0.1344
vt 0.6495 0.1629
vt 0.6656 0.1741
vt 0.6704 0.1895
vt 0.6562 0.1867
vt 0.6760 0.1985
vt 0.6704 0.1895
vt 0.6757 0.1804
vt 0.6867 0.1790
vt 0.6867 0.1908
vt 0.6704 0.1895
vt 0.3505 0.1308
vt 0.3108 0.1667
vt 0.3215 0.1704
vt 0.3087 0.1851
vt 0.2963 0.1658
vt 0.2911 0.1794
vt 0.2817 0.1663
vt 0.3670 0.1519
vt 0.3742 0.1603
vt 0.3567 0.1595
vt 0.3731 0.1712
vt 0.3626 0.1772
vt 0.3567 0.1595
vt 0.4969 0.1084
vt 0.4754 0.0880
vt 0.5043 0.0969
vt 0.5180 0.1004
vt 0.5101 0.1121
vt 0.4788 0.0753
vt 0.4754 0.0880
vt 0.4645 0.0826
vt 0.4929 0.0969
vt 0.6495 0.1629
vt 0.6426 0.1751
vt 0.3342 0.1704
vt 0.3465 0.1672
vt 0.3731 0.1712
vt 0.3867 0.1772
vt 0.3738 0.1846
vt 0.4102 0.2201
vt 0.5040 0.0848
vt 0.5217 0.0902
vt 0.5043 0.0969
vt 0.5313 0.0953
vt 0.5376 0.1071
vt 0.5230 0.1123
vt 0.4920 0.0856
vt 0.5039 0.0520
vt 0.5161 0.0642
vt 0.4990 0.0630
vt 0.5155 0.0813
vt 0.5335 0.1199
vt 0.5201 0.1427
vt 0.5362 0.1423
vt 0.5446 0.1324
vt 0.5487 0.1494
vt 0.5362 0.1423
vt 0.5457 0.1203
vt 0.5446 0.1324
vt 0.5335 0.1199
vt 0.5509 0.1093
vt 0.5376 0.1071
vt 0.5460 0.0955
vt 0.5446 0.1324
vt 0.5563 0.1268
vt 0.5560 0.1393
vt 0.5665 0.1224
vt 0.5714 0.1325
vt 0.5563 0.1268
vt 0.5605 0.0936
vt 0.5676 0.1016
vt 0.5509 0.1093
vt 0.5809 0.1136
vt 0.5779 0.0988
vt 0.5909 0.1103
vt 0.5838 0.1237
vt 0.5509 0.1093
vt 0.5704 0.1119
vt 0.5704 0.1119
vt 0.5460 0.0955
vt 0.6199 0.1247
vt 0.5894 0.0926
vt 0.5605 0.0936
vt 0.6090 0.1078
vt 0.6006 0.1134
vt 0.5457 0.1203
vt 0.5040 0.0848
vt 0.4929 0.0969
vt 0.4920 0.0856
vt 0.3108 0.1667
vt 0.3215 0.1704
vt 0.3266 0.1805
vt 0.3189 0.1880
vt 0.3342 0.1704
vt 0.6814 0.0740
vt 0.6778 0.0837
vt 0.6682 0.0796
vt 0.6461 0.1227
vt 0.6563 0.0784
vt 0.4651 0.0708
vt 0.4788 0.0753
vt 0.4872 0.0664
vt 0.4974 0.0749
vt 0.6643 0.0890
vt 0.6449 0.1024
vt 0.6563 0.0784
vt 0.6643 0.0890
vt 0.4741 0.0631
vt 0.4801 0.0515
vt 0.4872 0.0664
vt 0.5161 0.0642
vt 0.5224 0.0730
vt 0.5084 0.0725
vt 0.6920 0.0824
vt 0.7062 0.0846
vt 0.6964 0.0952
vt 0.7062 0.0846
vt 0.6964 0.0952
vt 0.7064 0.0995
vt 0.6934 0.1070
vt 0.6705 0.0970
vt 0.7064 0.0995
vt 0.7051 0.1103
vt 0.6393 0.1410
vt 0.6359 0.1253
vt 0.6503 0.1323
vt 0.7294 0.1305
vt 0.7193 0.1281
vt 0.7344 0.1215
vt 0.7193 0.1281
vt 0.6628 0.1583
vt 0.6749 0.1666
vt 0.6656 0.1741
vt 0.7037 0.1382
vt 0.6685 0.1136
vt 0.7013 0.1280
vt 0.7051 0.1103
vt 0.7131 0.1185
vt 0.6776 0.1295
vt 0.6759 0.1431
vt 0.6634 0.1374
vt 0.6837 0.1144
vt 0.6585 0.1028
vt 0.6880 0.1270
vt 0.7013 0.1280
vt 0.6881 0.1377
vt 0.6826 0.1551
vt 0.6721 0.1531
vt 0.6759 0.1431
vt 0.6524 0.1466
vt 0.6880 0.1270
vt 0.6837 0.1144
vt 0.6945 0.1185
vt 0.6978 0.1469
vt 0.6282 0.1172
vt 0.6449 0.1024
vt 0.6534 0.1152
vt 0.6397 0.1129
vt 0.6397 0.1129
vt 0.6945 0.1185
vt 0.6881 0.1377
vt 0.6978 0.1469
vt 0.6826 0.1551
vt 0.6721 0.1531
vt 0.6495 0.1629
vt 0.6757 0.1804
vt 0.6938 0.1577
vt 0.3510 0.2847
vt 0.3679 0.2497
vt 0.3498 0.2480
vt 0.3949 0.1889
vt 0.3473 0.2325
vt 0.3765 0.2235
vt 0.3675 0.2302
vt 0.3600 0.2218
vt 0.3397 0.2516
vt 0.3719 0.2399
vt 0.3599 0.2384
vt 0.3675 0.2302
vt 0.4102 0.2201
vt 0.4161 0.2316
vt 0.4065 0.2339
vt 0.3922 0.2470
vt 0.3887 0.2208
vt 0.3888 0.2339
vt 0.3790 0.2330
vt 0.3337 0.2284
vt 0.4102 0.2201
vt 0.3998 0.2268
vt 0.3976 0.2120
vt 0.4189 0.2443
vt 0.4026 0.2429
vt 0.4065 0.2339
vt 0.3990 0.2558
vt 0.3057 0.2125
vt 0.3111 0.2301
vt 0.2973 0.2247
vt 0.3719 0.2399
vt 0.3103 0.2485
vt 0.3337 0.2284
vt 0.2990 0.2476
vt 0.3020 0.1757
vt 0.3182 0.2117
vt 0.3518 0.1969
vt 0.3400 0.1826
vt 0.3566 0.1877
vt 0.2921 0.2385
vt 0.2990 0.2476
vt 0.3037 0.2604
vt 0.3057 0.2125
vt 0.2994 0.1980
vt 0.3104 0.2019
vt 0.3394 0.2075
vt 0.3454 0.2173
vt 0.3303 0.2146
vt 0.3790 0.2330
vt 0.3566 0.1877
vt 0.3738 0.1846
vt 0.3708 0.1976
vt 0.3569 0.2059
vt 0.3677 0.2121
vt 0.3600 0.2218
vt 0.2714 0.2355
vt 0.2881 0.2291
vt 0.2921 0.2385
vt 0.2655 0.2133
vt 0.2553 0.2067
vt 0.2709 0.2022
vt 0.2655 0.2133
vt 0.2910 0.2114
vt 0.2881 0.2291
vt 0.2785 0.2255
vt 0.3308 0.1913
vt 0.3394 0.2075
vt 0.3216 0.1983
vt 0.3400 0.1826
vt 0.3798 0.2092
vt 0.3677 0.2121
vt 0.3708 0.1976
vt 0.3505 0.1780
vt 0.3394 0.2075
vt 0.2682 0.2234
vt 0.3867 0.1772
vt 0.4114 0.1935
vt 0.3859 0.1942
vt 0.3887 0.2208
vt 0.3859 0.1942
vt 0.3896 0.2045
vt 0.3765 0.2235
vt 0.4095 0.2518
vt 0.3859 0.1942
vt 0.2742 0.1908
vt 0.2824 0.1994
vt 0.2709 0.2022
vt 0.2285 0.2277
vt 0.2608 0.1959
vt 0.2582 0.2204
vt 0.2982 0.1873
vt 0.2910 0.2114
vt 0.3189 0.1880
vt 0.3104 0.2019
vt 0.3087 0.1851
vt 0.2824 0.1994
vt 0.2910 0.2114
vt 0.2782 0.2116
vt 0.2033 0.2299
vt 0.2174 0.2306
vt 0.2118 0.2412
vt 0.2205 0.2204
vt 0.2164 0.2053
vt 0.2283 0.2129
vt 0.1849 0.1831
vt 0.1993 0.1866
vt 0.1962 0.1986
vt 0.2238 0.1976
vt 0.2327 0.1663
vt 0.2374 0.1907
vt 0.2484 0.1964
vt 0.2377 0.2038
vt 0.2283 0.2129
vt 0.1093 0.2401
vt 0.1180 0.2546
vt 0.1034 0.2560
vt 0.1589 0.2284
vt 0.1833 0.2579
vt 0.1833 0.2579
vt 0.1819 0.2215
vt 0.1725 0.2310
vt 0.1693 0.2175
vt 0.2118 0.2412
vt 0.2280 0.2518
vt 0.2126 0.2532
vt 0.2126 0.2532
vt 0.2004 0.2626
vt 0.2001 0.2440
vt 0.1887 0.2329
vt 0.2033 0.2299
vt 0.2001 0.2440
vt 0.2106 0.2660
vt 0.0879 0.2001
vt 0.1725 0.2310
vt 0.2033 0.2299
vt 0.1949 0.2185
vt 0.2114 0.2147
vt 0.2281 0.2385
vt 0.2326 0.2643
vt 0.1693 0.2175
vt 0.1589 0.2284
vt 0.1516 0.2216
vt 0.1281 0.2386
vt 0.1516 0.2216
vt 0.1413 0.2160
vt 0.1522 0.2116
vt 0.1435 0.2275
vt 0.1962 0.1986
vt 0.2014 0.2090
vt 0.1844 0.2027
vt 0.1487 0.1926
vt 0.1680 0.1930
vt 0.1638 0.2055
vt 0.1454 0.2030
vt 0.1887 0.2329
vt 0.1435 0.2275
vt 0.1303 0.2198
vt 0.1413 0.2160
vt 0.1746 0.2078
vt 0.1746 0.2078
vt 0.1160 0.2186
vt 0.1028 0.2156
vt 0.1135 0.1993
vt 0.1644 0.1503
vt 0.1540 0.1589
vt 0.1523 0.1463
vt 0.1540 0.1589
vt 0.1672 0.1647
vt 0.1550 0.1723
vt 0.1844 0.2027
vt 0.1792 0.1927
vt 0.1844 0.2027
vt 0.1746 0.2078
vt 0.2114 0.2147
vt 0.1222 0.1860
vt 0.1487 0.1926
vt 0.1419 0.1841
vt 0.1585 0.1845
vt 0.1726 0.1814
vt 0.1672 0.1647
vt 0.1792 0.1709
vt 0.2140 0.1872
vt 0.1993 0.1866
vt 0.2156 0.1753
vt 0.2140 0.1872
vt 0.2050 0.1700
vt 0.1993 0.1866
vt 0.1940 0.1768
vt 0.1922 0.1342
vt 0.1826 0.1233
vt 0.1958 0.1202
vt 0.2086 0.1980
vt 0.2156 0.1753
vt 0.2092 0.1589
vt 0.2033 0.1433
vt 0.2189 0.1454
vt 0.2472 0.1309
vt 0.2586 0.1273
vt 0.2634 0.1383
vt 0.2574 0.1489
vt 0.2092 0.1589
vt 0.1940 0.1658
vt 0.1923 0.1519
vt 0.2456 0.1519
vt 0.2550 0.1608
vt 0.2446 0.1664
vt 0.2538 0.1737
vt 0.2446 0.1664
vt 0.2911 0.1794
vt 0.2586 0.1273
vt 0.2204 0.1207
vt 0.2164 0.2053
vt 0.2014 0.2090
vt 0.2086 0.1980
vt 0.1792 0.1709
vt 0.1940 0.1658
vt 0.2472 0.1309
vt 0.2365 0.1407
vt 0.2354 0.1220
vt 0.1344 0.1920
vt 0.1454 0.2030
vt 0.1349 0.2062
vt 0.1726 0.1814
vt 0.2652 0.1688
vt 0.2550 0.1608
vt 0.2687 0.1569
vt 0.2835 0.1522
vt 0.2456 0.1519
vt 0.2325 0.1532
vt 0.2354 0.1220
vt 0.2257 0.1312
vt 0.2204 0.1207
vt 0.2574 0.1489
vt 0.2325 0.1532
vt 0.2687 0.1569
vt 0.2723 0.1458
vt 0.2835 0.1522
vt 0.3020 0.1757
vt 0.2257 0.1312
vt 0.2189 0.1454
vt 0.2113 0.1316
vt 0.5039 0.0520
vt 0.4910 0.0548
vt 0.4910 0.0548
vt 0.2285 0.2277
vt 0.2174 0.2306
vt 0.2205 0.2204
vt 0.0714 0.0962
vt 0.0691 0.1067
vt 0.1384 0.0678
vt 0.1462 0.0793
vt 0.1335 0.0807
vt 0.0970 0.1057
vt 0.0691 0.1067
vt 0.1404 0.1343
vt 0.1499 0.1313
vt 0.1523 0.1463
vt 0.1114 0.1537
vt 0.0911 0.0743
vt 0.0731 0.1279
vt 0.0804 0.1170
vt 0.0858 0.1322
vt 0.0903 0.2106
vt 0.1008 0.2026
vt 0.1028 0.2156
vt 0.0982 0.2402
vt 0.0962 0.2294
vt 0.0982 0.2402
vt 0.0885 0.2365
vt 0.1093 0.2401
vt 0.0982 0.2402
vt 0.1083 0.2280
vt 0.1316 0.2493
vt 0.1028 0.2156
vt 0.1160 0.2186
vt 0.1200 0.2298
vt 0.1334 0.2297
vt 0.1225 0.2079
vt 0.1200 0.2298
vt 0.1281 0.2386
vt 0.1191 0.2441
vt 0.0708 0.1681
vt 0.0731 0.1279
vt 0.1349 0.2062
vt 0.1222 0.1860
vt 0.1244 0.1969
vt 0.0814 0.1918
vt 0.0708 0.1681
vt 0.0708 0.1525
vt 0.0836 0.1592
vt 0.1048 0.1922
vt 0.0925 0.1905
vt 0.0994 0.1823
vt 0.0925 0.1905
vt 0.0888 0.1457
vt 0.0970 0.1057
vt 0.1111 0.1163
vt 0.0934 0.1154
vt 0.0760 0.1406
vt 0.1053 0.0996
vt 0.1133 0.1339
vt 0.0998 0.1289
vt 0.1111 0.1163
vt 0.0858 0.1322
vt 0.0998 0.1289
vt 0.1026 0.1430
vt 0.0994 0.1823
vt 0.0939 0.1731
vt 0.1030 0.1663
vt 0.1216 0.1447
vt 0.1250 0.1336
vt 0.1397 0.1442
vt 0.1114 0.1537
vt 0.1143 0.1671
vt 0.1030 0.1663
vt 0.1179 0.1046
vt 0.1250 0.1336
vt 0.1228 0.1211
vt 0.1342 0.1265
vt 0.0939 0.1731
vt 0.0823 0.1709
vt 0.1216 0.1447
vt 0.0851 0.1819
vt 0.0738 0.1809
vt 0.0823 0.1709
vt 0.0738 0.1809
vt 0.0934 0.1154
vt 0.1245 0.1580
vt 0.1436 0.1735
vt 0.1550 0.1723
vt 0.1419 0.1841
vt 0.0851 0.1819
vt 0.0814 0.1918
vt 0.1133 0.1339
vt 0.1099 0.1801
vt 0.1553 0.1065
vt 0.1422 0.1040
vt 0.1576 0.0954
vt 0.1411 0.1623
vt 0.1255 0.1693
vt 0.1411 0.1623
vt 0.1330 0.1778
vt 0.1404 0.1343
vt 0.1354 0.1152
vt 0.1228 0.1211
vt 0.1315 0.1044
vt 0.1345 0.1537
vt 0.1345 0.1537
vt 0.1438 0.1233
vt 0.1411 0.1623
vt 0.1053 0.0996
vt 0.1007 0.0856
vt 0.1135 0.0830
vt 0.1007 0.0856
vt 0.1157 0.0660
vt 0.1285 0.0582
vt 0.1227 0.0739
vt 0.1334 0.0492
vt 0.1435 0.0507
vt 0.1509 0.0678
vt 0.1384 0.0678
vt 0.1069 0.0718
vt 0.1117 0.0562
vt 0.1157 0.0660
vt 0.1069 0.0718
vt 0.1135 0.0830
vt 0.1069 0.0718
vt 0.1606 0.0784
vt 0.1742 0.0737
vt 0.1808 0.0844
vt 0.1698 0.0845
vt 0.1462 0.0793
vt 0.1576 0.0954
vt 0.1858 0.0959
vt 0.1738 0.0948
vt 0.1808 0.0844
vt 0.1662 0.1097
vt 0.1576 0.0954
vt 0.1738 0.0948
vt 0.1698 0.0845
vt 0.1729 0.1184
vt 0.1782 0.1065
vt 0.1826 0.1233
vt 0.1905 0.1078
vt 0.1354 0.1152
vt 0.1467 0.1138
vt 0.1438 0.1233
vt 0.1617 0.1382
vt 0.1782 0.1065
vt 0.1553 0.1213
vt 0.1655 0.1264
vt 0.1499 0.1313
vt 0.1422 0.1040
vt 0.1553 0.1213
vt 0.1422 0.1040
vt 0.1751 0.1308
vt 0.1617 0.1382
vt 0.1655 0.1264
vt 0.1795 0.1574
vt 0.1791 0.1406
vt 0.1741 0.1491
vt 0.1617 0.1382
vt 0.1553 0.1213
vt 0.1644 0.1503
vt 0.1741 0.1491
vt 0.1672 0.1647
vt 0.2012 0.1291
vt 0.2090 0.1175
vt 0.2113 0.1316
vt 0.1922 0.1342
vt 0.1923 0.1519
vt 0.1791 0.1406
vt 0.1795 0.1574
vt 0.1585 0.1845
vt 0.5326 0.1659
vt 0.5285 0.1565
vt 0.5389 0.1540
vt 0.5142 0.1673
vt 0.3216 0.1983
vt 0.2994 0.1980
vt 0.3182 0.2117
vt 0.2014 0.2090
vt 0.2723 0.1458
vt 0.2156 0.1753
vt 0.2092 0.1589
vt 0.2218 0.1599
vt 0.2189 0.1454
vt 0.1244 0.1969
vt 0.1344 0.1920
vt 0.2012 0.1291
vt 0.2033 0.1433
vt 0.2218 0.1599
vt 0.2050 0.1700
vt 0.0159 0.0260
vt 0.0159 0.0095
vt 0.0243 0.0178
vt 0.4700 0.2251
vt 0.4663 0.2400
vt 0.4546 0.2301
vt 0.0521 0.0203
vt 0.0496 0.0095
vt 0.0628 0.0196
vt 0.7911 0.2206
vt 0.7864 0.2326
vt 0.7791 0.2159
vt 0.8152 0.2985
vt 0.8118 0.3113
vt 0.8021 0.2985
vt 0.0412 0.0220
vt 0.0454 0.0351
vt 0.0317 0.0338
vt 0.0918 0.0152
vt 0.0834 0.0095
vt 0.1002 0.0095
vt 0.7917 0.0095
vt 0.8086 0.0095
vt 0.8029 0.0216
vt 0.1138 0.0362
vt 0.1265 0.0260
vt 0.1255 0.0422
vt 0.1424 0.0291
vt 0.1330 0.0345
vt 0.1265 0.0260
vt 0.8255 0.0260
vt 0.8255 0.0426
vt 0.8129 0.0305
vt 0.7833 0.0263
vt 0.8029 0.0216
vt 0.8002 0.0347
vt 0.7924 0.0964
vt 0.7848 0.1037
vt 0.7777 0.0838
vt 0.0817 0.0311
vt 0.0726 0.0239
vt 0.0918 0.0253
vt 0.4234 0.2841
vt 0.4137 0.2713
vt 0.4271 0.2712
vt 0.0317 0.0338
vt 0.0217 0.0343
vt 0.0243 0.0178
vt 0.4284 0.2962
vt 0.4344 0.3078
vt 0.4242 0.3123
vt 0.0244 0.0508
vt 0.0159 0.0591
vt 0.0159 0.0426
vt 0.0244 0.0508
vt 0.0317 0.0338
vt 0.0362 0.0508
vt 0.5030 0.2717
vt 0.5175 0.2613
vt 0.5208 0.2728
vt 0.3815 0.3233
vt 0.3897 0.3166
vt 0.3979 0.3233
vt 0.0312 0.0838
vt 0.0213 0.0838
vt 0.0302 0.0673
vt 0.0553 0.0406
vt 0.0737 0.0395
vt 0.0581 0.0515
vt 0.0399 0.1002
vt 0.0266 0.0937
vt 0.0399 0.0897
vt 0.0159 0.1251
vt 0.0159 0.1086
vt 0.0308 0.1169
vt 0.0267 0.1270
vt 0.0393 0.1229
vt 0.0393 0.1334
vt 0.0279 0.1045
vt 0.3884 0.3061
vt 0.3897 0.3166
vt 0.3734 0.3100
vt 0.0399 0.0751
vt 0.4568 0.3002
vt 0.4434 0.2972
vt 0.4560 0.2896
vt 0.1846 0.0095
vt 0.1761 0.0179
vt 0.1677 0.0095
vt 0.5698 0.2164
vt 0.5786 0.2114
vt 0.5802 0.2275
vt 0.8090 0.0508
vt 0.8193 0.0508
vt 0.8110 0.0673
vt 0.8170 0.0178
vt 0.1611 0.3097
vt 0.1529 0.3233
vt 0.1448 0.3169
vt 0.8139 0.1451
vt 0.8111 0.1334
vt 0.8255 0.1416
vt 0.3763 0.1925
vt 0.3645 0.1843
vt 0.3748 0.1782
vt 0.0277 0.1378
vt 0.0308 0.1499
vt 0.0159 0.1416
vt 0.3244 0.3151
vt 0.3326 0.3233
vt 0.3162 0.3233
vt 0.4150 0.2567
vt 0.4234 0.2448
vt 0.4280 0.2570
vt 0.2858 0.0095
vt 0.2773 0.0227
vt 0.2689 0.0095
vt 0.2909 0.0306
vt 0.8191 0.2820
vt 0.8255 0.2737
vt 0.8255 0.2902
vt 0.7953 0.3113
vt 0.8118 0.3113
vt 0.8035 0.3233
vt 0.3756 0.2784
vt 0.3857 0.2793
vt 0.3734 0.2883
vt 0.1761 0.0298
vt 0.1930 0.0249
vt 0.1884 0.0408
vt 0.3111 0.0227
vt 0.2989 0.0212
vt 0.3026 0.0095
vt 0.3195 0.0095
vt 0.3454 0.0394
vt 0.3340 0.0419
vt 0.3312 0.0306
vt 0.3701 0.0095
vt 0.3785 0.0147
vt 0.3616 0.0242
vt 0.4544 0.0095
vt 0.4713 0.0095
vt 0.4628 0.0211
vt 0.2858 0.0095
vt 0.3870 0.0095
vt 0.4426 0.3233
vt 0.4262 0.3233
vt 0.4344 0.3177
vt 0.3954 0.0172
vt 0.3870 0.0095
vt 0.4038 0.0095
vt 0.4142 0.3233
vt 0.4060 0.3117
vt 0.4242 0.3123
vt 0.4817 0.2406
vt 0.4932 0.2372
vt 0.4885 0.2504
vt 0.4291 0.0429
vt 0.4309 0.0296
vt 0.4442 0.0283
vt 0.5449 0.1725
vt 0.5474 0.1858
vt 0.5337 0.1800
vt 0.3954 0.0172
vt 0.3785 0.0247
vt 0.3785 0.0147
vt 0.5050 0.0095
vt 0.4966 0.0215
vt 0.4881 0.0095
vt 0.1255 0.0422
vt 0.1330 0.0345
vt 0.1383 0.0472
vt 0.3979 0.3233
vt 0.0467 0.0639
vt 0.0471 0.0529
vt 0.0566 0.0616
vt 0.4004 0.2750
vt 0.3857 0.2793
vt 0.3841 0.2633
vt 0.4518 0.0203
vt 0.4375 0.0095
vt 0.4544 0.0095
vt 0.0467 0.0639
vt 0.0399 0.0751
vt 0.0374 0.0606
vt 0.0159 0.1581
vt 0.0351 0.1664
vt 0.0237 0.1664
vt 0.0308 0.1499
vt 0.0795 0.3114
vt 0.0906 0.3125
vt 0.0876 0.3233
vt 0.0328 0.0095
vt 0.0454 0.0351
vt 0.0553 0.0406
vt 0.0471 0.0529
vt 0.0309 0.2655
vt 0.0411 0.2716
vt 0.0353 0.2820
vt 0.0698 0.0537
vt 0.0737 0.0395
vt 0.0810 0.0496
vt 0.0159 0.2737
vt 0.0238 0.2820
vt 0.0159 0.2902
vt 0.0159 0.2407
vt 0.0159 0.2242
vt 0.0215 0.2324
vt 0.1424 0.0291
vt 0.1424 0.0175
vt 0.1593 0.0248
vt 0.0252 0.2490
vt 0.0315 0.2324
vt 0.0377 0.2490
vt 0.0581 0.0297
vt 0.0726 0.0239
vt 0.0737 0.0395
vt 0.0934 0.2215
vt 0.0863 0.2375
vt 0.0829 0.2191
vt 0.0159 0.3233
vt 0.0159 0.3067
vt 0.0223 0.3233
vt 0.1087 0.0242
vt 0.1009 0.0343
vt 0.0918 0.0253
vt 0.0305 0.3106
vt 0.0238 0.2820
vt 0.0353 0.2820
vt 0.0251 0.2985
vt 0.0656 0.2247
vt 0.0725 0.2165
vt 0.0745 0.2352
vt 0.1550 0.3000
vt 0.1611 0.3097
vt 0.1456 0.3066
vt 0.0386 0.3233
vt 0.0444 0.2391
vt 0.0315 0.2324
vt 0.0428 0.2273
vt 0.0795 0.2970
vt 0.0795 0.3114
vt 0.0715 0.3042
vt 0.0557 0.3130
vt 0.0608 0.3042
vt 0.0664 0.3136
vt 0.0309 0.2655
vt 0.0159 0.2737
vt 0.0159 0.2572
vt 0.0461 0.3095
vt 0.0159 0.2077
vt 0.0252 0.2159
vt 0.0159 0.2242
vt 0.0713 0.3233
vt 0.1032 0.2443
vt 0.0898 0.2490
vt 0.0863 0.2375
vt 0.0315 0.1994
vt 0.0377 0.2159
vt 0.0252 0.2159
vt 0.1366 0.3233
vt 0.0826 0.2826
vt 0.0669 0.2911
vt 0.0685 0.2786
vt 0.1172 0.2948
vt 0.1284 0.3007
vt 0.1168 0.3092
vt 0.5978 0.0147
vt 0.6146 0.0241
vt 0.5978 0.0245
vt 0.0732 0.2546
vt 0.0745 0.2352
vt 0.0863 0.2375
vt 0.1168 0.3092
vt 0.1203 0.3233
vt 0.1060 0.3122
vt 0.1039 0.3233
vt 0.6576 0.0843
vt 0.6484 0.0773
vt 0.6577 0.0693
vt 0.1693 0.3233
vt 0.5917 0.0381
vt 0.5999 0.0461
vt 0.5809 0.0482
vt 0.1938 0.3152
vt 0.2101 0.3084
vt 0.2019 0.3233
vt 0.2183 0.3233
vt 0.6990 0.0156
vt 0.7158 0.0195
vt 0.6987 0.0260
vt 0.1856 0.3233
vt 0.7323 0.2460
vt 0.7447 0.2398
vt 0.7463 0.2518
vt 0.1287 0.3134
vt 0.4966 0.1048
vt 0.4889 0.0965
vt 0.5065 0.0891
vt 0.8129 0.0305
vt 0.8146 0.0413
vt 0.8002 0.0347
vt 0.2811 0.2942
vt 0.2889 0.3038
vt 0.2754 0.3039
vt 0.7524 0.1731
vt 0.7552 0.1586
vt 0.7641 0.1647
vt 0.3244 0.2823
vt 0.3284 0.2724
vt 0.3392 0.2731
vt 0.3244 0.3036
vt 0.3122 0.2928
vt 0.3283 0.2930
vt 0.8196 0.1994
vt 0.8255 0.1912
vt 0.8255 0.2077
vt 0.7303 0.0448
vt 0.7158 0.0570
vt 0.7179 0.0448
vt 0.4004 0.2750
vt 0.4108 0.2871
vt 0.3979 0.2886
vt 0.8090 0.0508
vt 0.7997 0.0584
vt 0.7975 0.0466
vt 0.3734 0.3100
vt 0.3626 0.3125
vt 0.3673 0.2979
vt 0.3326 0.3233
vt 0.3407 0.3083
vt 0.3489 0.3233
vt 0.7757 0.1556
vt 0.7749 0.1658
vt 0.7641 0.1647
vt 0.3244 0.3036
vt 0.3244 0.3151
vt 0.3081 0.3083
vt 0.8110 0.0673
vt 0.8255 0.0591
vt 0.8255 0.0756
vt 0.3571 0.2564
vt 0.3696 0.2701
vt 0.3562 0.2697
vt 0.8002 0.0347
vt 0.7975 0.0466
vt 0.7864 0.0413
vt 0.2509 0.3233
vt 0.2346 0.3233
vt 0.2427 0.3080
vt 0.7303 0.0448
vt 0.7430 0.0520
vt 0.7303 0.0594
vt 0.3884 0.3061
vt 0.4054 0.2989
vt 0.4060 0.3117
vt 0.0458 0.2882
vt 0.0558 0.2939
vt 0.0472 0.2994
vt 0.3511 0.3123
vt 0.3626 0.3125
vt 0.3489 0.3233
vt 0.0159 0.0426
vt 0.0159 0.0260
vt 0.0217 0.0343
vt 0.5303 0.0215
vt 0.5303 0.0361
vt 0.5197 0.0200
vt 0.4174 0.3033
vt 0.4628 0.0355
vt 0.4799 0.0283
vt 0.4838 0.0390
vt 0.0496 0.0095
vt 0.3954 0.0495
vt 0.4067 0.0390
vt 0.4157 0.0471
vt 0.5038 0.0481
vt 0.5073 0.0378
vt 0.5171 0.0435
vt 0.0159 0.0756
vt 0.0213 0.0838
vt 0.0159 0.0921
vt 0.5281 0.0739
vt 0.5234 0.0636
vt 0.5406 0.0630
vt 0.2161 0.0337
vt 0.2259 0.0469
vt 0.2099 0.0433
vt 0.2161 0.0337
vt 0.2018 0.0337
vt 0.2099 0.0242
vt 0.5492 0.0288
vt 0.5472 0.0174
vt 0.5640 0.0230
vt 0.0918 0.0152
vt 0.4769 0.0635
vt 0.4933 0.0677
vt 0.4873 0.0772
vt 0.5246 0.3233
vt 0.5328 0.3085
vt 0.5410 0.3233
vt 0.3244 0.2567
vt 0.3348 0.2537
vt 0.3284 0.2724
vt 0.6042 0.0355
vt 0.6146 0.0241
vt 0.6210 0.0334
vt 0.0795 0.2970
vt 0.0159 0.2572
vt 0.0159 0.2407
vt 0.0252 0.2490
vt 0.5917 0.0381
vt 0.5809 0.0279
vt 0.5978 0.0245
vt 0.6537 0.0463
vt 0.6478 0.0564
vt 0.6382 0.0384
vt 0.0472 0.2994
vt 0.0461 0.3095
vt 0.0374 0.2970
vt 0.7074 0.0095
vt 0.7243 0.0095
vt 0.7158 0.0195
vt 0.6545 0.0263
vt 0.6568 0.0095
vt 0.6652 0.0158
vt 0.5892 0.1057
vt 0.5880 0.1182
vt 0.5782 0.1118
vt 0.7496 0.0239
vt 0.7330 0.0260
vt 0.7327 0.0156
vt 0.5725 0.0095
vt 0.5893 0.0095
vt 0.5809 0.0168
vt 0.6905 0.0095
vt 0.7074 0.0095
vt 0.6990 0.0156
vt 0.0251 0.2985
vt 0.0159 0.3067
vt 0.0159 0.2902
vt 0.6737 0.0095
vt 0.0635 0.2660
vt 0.0594 0.2491
vt 0.0732 0.2546
vt 0.3961 0.0761
vt 0.3954 0.0902
vt 0.3833 0.0888
vt 0.7664 0.0243
vt 0.7749 0.0095
vt 0.7833 0.0158
vt 0.8255 0.0095
vt 0.7833 0.0158
vt 0.7133 0.3176
vt 0.6969 0.3090
vt 0.7132 0.3076
vt 0.7917 0.0095
vt 0.8029 0.0216
vt 0.7871 0.3233
vt 0.8086 0.0095
vt 0.5134 0.0288
vt 0.5303 0.0361
vt 0.5171 0.0435
vt 0.5455 0.2110
vt 0.5317 0.2131
vt 0.5423 0.2003
vt 0.7625 0.3120
vt 0.7707 0.3233
vt 0.7543 0.3233
vt 0.8153 0.0838
vt 0.8088 0.1010
vt 0.8020 0.0938
vt 0.8193 0.0508
vt 0.8255 0.0426
vt 0.8255 0.0591
vt 0.8255 0.1251
vt 0.8255 0.1581
vt 0.8255 0.1746
vt 0.8111 0.1664
vt 0.3310 0.0728
vt 0.3111 0.0685
vt 0.3172 0.0578
vt 0.8255 0.0921
vt 0.8153 0.0838
vt 0.8255 0.0756
vt 0.8088 0.1010
vt 0.8192 0.1003
vt 0.8116 0.1169
vt 0.4271 0.2712
vt 0.3169 0.1529
vt 0.3205 0.1425
vt 0.3261 0.1589
vt 0.1993 0.0931
vt 0.1940 0.0788
vt 0.2089 0.0757
vt 0.4012 0.2612
vt 0.4150 0.2567
vt 0.4137 0.2713
vt 0.8028 0.1602
vt 0.8028 0.1499
vt 0.8147 0.1560
vt 0.3866 0.2908
vt 0.8196 0.1994
vt 0.8158 0.2159
vt 0.8094 0.1991
vt 0.4004 0.2750
vt 0.7265 0.0346
vt 0.7158 0.0195
vt 0.7330 0.0260
vt 0.7580 0.0095
vt 0.8255 0.2077
vt 0.8255 0.2242
vt 0.8158 0.2159
vt 0.7132 0.3076
vt 0.7196 0.2994
vt 0.7297 0.3139
vt 0.7467 0.3050
vt 0.7461 0.3160
vt 0.7297 0.3139
vt 0.4434 0.2972
vt 0.4284 0.2962
vt 0.4427 0.2833
vt 0.4344 0.3177
vt 0.7850 0.2693
vt 0.7737 0.2679
vt 0.7811 0.2601
vt 0.7920 0.2600
vt 0.7943 0.2490
vt 0.8026 0.2576
vt 0.4672 0.3145
vt 0.4754 0.3233
vt 0.4590 0.3233
vt 0.8255 0.3067
vt 0.5050 0.2952
vt 0.5000 0.3090
vt 0.4956 0.2996
vt 0.4836 0.3178
vt 0.4672 0.3145
vt 0.4836 0.3080
vt 0.7989 0.2295
vt 0.8104 0.2320
vt 0.8026 0.2407
vt 0.4508 0.3090
vt 0.7556 0.2842
vt 0.7707 0.2877
vt 0.7625 0.2981
vt 0.8087 0.2813
vt 0.7941 0.2856
vt 0.7950 0.2705
vt 0.5246 0.3233
vt 0.5082 0.3233
vt 0.5164 0.3156
vt 0.7732 0.3050
vt 0.7833 0.3118
vt 0.7707 0.3233
vt 0.5571 0.3132
vt 0.5739 0.3233
vt 0.5574 0.3233
vt 0.8117 0.2655
vt 0.7920 0.3014
vt 0.7953 0.3113
vt 0.7833 0.3118
vt 0.5903 0.3233
vt 0.5821 0.3128
vt 0.5961 0.3078
vt 0.6395 0.3233
vt 0.6231 0.3233
vt 0.6313 0.3146
vt 0.6477 0.3081
vt 0.7941 0.2856
vt 0.7920 0.3014
vt 0.7827 0.2965
vt 0.5739 0.3233
vt 0.7839 0.2863
vt 0.7827 0.2965
vt 0.7707 0.2877
vt 0.5821 0.3128
vt 0.5656 0.3081
vt 0.5715 0.2994
vt 0.4754 0.3233
vt 0.4836 0.3178
vt 0.4918 0.3233
vt 0.8087 0.2813
vt 0.8104 0.2320
vt 0.8117 0.2655
vt 0.8255 0.2572
vt 0.8110 0.2490
vt 0.8255 0.2407
vt 0.3884 0.3061
vt 0.3786 0.2992
vt 0.3866 0.2908
vt 0.7839 0.2863
vt 0.7850 0.2693
vt 0.7941 0.2856
vt 0.8117 0.2655
vt 0.8026 0.2576
vt 0.8110 0.2490
vt 0.4054 0.2989
vt 0.8255 0.2902
vt 0.3727 0.2579
vt 0.3841 0.2633
vt 0.3696 0.2701
vt 0.7625 0.3120
vt 0.7625 0.2981
vt 0.7732 0.3050
vt 0.8191 0.2820
vt 0.3734 0.3100
vt 0.3815 0.3233
vt 0.3652 0.3233
vt 0.8200 0.3233
vt 0.1884 0.0408
vt 0.1885 0.0532
vt 0.1761 0.0517
vt 0.7327 0.1021
vt 0.7437 0.1050
vt 0.7334 0.1221
vt 0.3407 0.0529
vt 0.3278 0.0518
vt 0.3340 0.0419
vt 0.7215 0.3233
vt 0.7297 0.3139
vt 0.7379 0.3233
vt 0.6723 0.3233
vt 0.6805 0.3150
vt 0.6887 0.3233
vt 0.4122 0.0247
vt 0.3954 0.0286
vt 0.3954 0.0172
vt 0.4067 0.0390
vt 0.7411 0.2897
vt 0.7297 0.3014
vt 0.7294 0.2897
vt 0.5384 0.0288
vt 0.8255 0.3233
vt 0.4012 0.2612
vt 0.3841 0.2633
vt 0.3915 0.2533
vt 0.5387 0.0095
vt 0.5303 0.0215
vt 0.5219 0.0095
vt 0.4769 0.0635
vt 0.4761 0.0775
vt 0.4647 0.0744
vt 0.6670 0.3098
vt 0.6805 0.3034
vt 0.6805 0.3150
vt 0.7297 0.3014
vt 0.3312 0.0306
vt 0.3279 0.0186
vt 0.3448 0.0227
vt 0.4284 0.2962
vt 0.4207 0.3233
vt 0.3978 0.2453
vt 0.8028 0.1499
vt 0.7873 0.1410
vt 0.8028 0.1396
vt 0.4570 0.2484
vt 0.3673 0.2979
vt 0.3536 0.2828
vt 0.3734 0.2883
vt 0.3803 0.2477
vt 0.4427 0.2833
vt 0.4271 0.2712
vt 0.4386 0.2645
vt 0.4388 0.2529
vt 0.4280 0.2570
vt 0.4339 0.2437
vt 0.2533 0.3122
vt 0.3012 0.2982
vt 0.2889 0.3038
vt 0.2917 0.2906
vt 0.5504 0.2578
vt 0.5577 0.2470
vt 0.5656 0.2573
vt 0.6313 0.2805
vt 0.6221 0.2661
vt 0.6372 0.2699
vt 0.5402 0.2691
vt 0.5568 0.2716
vt 0.5438 0.2822
vt 0.5469 0.2953
vt 0.5370 0.2989
vt 0.5438 0.2822
vt 0.4590 0.3233
vt 0.5164 0.3044
vt 0.4427 0.2833
vt 0.4493 0.2646
vt 0.4540 0.2742
vt 0.4434 0.2972
vt 0.4508 0.3090
vt 0.4568 0.3002
vt 0.4672 0.3145
vt 0.0753 0.0748
vt 0.0662 0.0868
vt 0.0630 0.0696
vt 0.0542 0.2324
vt 0.0428 0.2273
vt 0.0546 0.2165
vt 0.0159 0.0756
vt 0.0159 0.0591
vt 0.0302 0.0673
vt 0.0399 0.0897
vt 0.0374 0.0606
vt 0.0665 0.0095
vt 0.0581 0.0297
vt 0.0918 0.0432
vt 0.1087 0.0242
vt 0.1002 0.0095
vt 0.1171 0.0095
vt 0.0817 0.0311
vt 0.1424 0.0175
vt 0.1340 0.0095
vt 0.1508 0.0095
vt 0.1369 0.0640
vt 0.1255 0.0673
vt 0.1258 0.0548
vt 0.1784 0.1964
vt 0.1922 0.2059
vt 0.1755 0.2080
vt 0.3004 0.1319
vt 0.2889 0.1291
vt 0.3017 0.1207
vt 0.2173 0.2680
vt 0.2334 0.2704
vt 0.2218 0.2817
vt 0.2244 0.2959
vt 0.2144 0.2988
vt 0.2218 0.2817
vt 0.1761 0.0179
vt 0.1930 0.0249
vt 0.1930 0.0149
vt 0.2099 0.0242
vt 0.1494 0.2563
vt 0.1659 0.2561
vt 0.1578 0.2628
vt 0.1456 0.3066
vt 0.1448 0.3169
vt 0.1287 0.3134
vt 0.0767 0.2691
vt 0.0685 0.2786
vt 0.0635 0.2660
vt 0.0159 0.1912
vt 0.0215 0.1994
vt 0.0159 0.2077
vt 0.0159 0.1746
vt 0.0159 0.1581
vt 0.0237 0.1664
vt 0.0374 0.2970
vt 0.0400 0.2596
vt 0.0550 0.3233
vt 0.0795 0.2970
vt 0.0981 0.3042
vt 0.0906 0.3125
vt 0.0550 0.3233
vt 0.0715 0.3042
vt 0.0608 0.3042
vt 0.0669 0.2911
vt 0.0920 0.2922
vt 0.1046 0.2933
vt 0.0664 0.3136
vt 0.0558 0.2939
vt 0.0564 0.2820
vt 0.0461 0.3095
vt 0.1060 0.3122
vt 0.0564 0.2820
vt 0.0458 0.2882
vt 0.0411 0.2716
vt 0.0947 0.2802
vt 0.0767 0.2691
vt 0.0972 0.2681
vt 0.0458 0.2882
vt 0.0635 0.2660
vt 0.0564 0.2820
vt 0.0501 0.2638
vt 0.0866 0.2612
vt 0.0967 0.2316
vt 0.0947 0.2802
vt 0.1046 0.2933
vt 0.1088 0.2716
vt 0.1121 0.2832
vt 0.1278 0.2833
vt 0.1039 0.3233
vt 0.1366 0.3233
vt 0.1573 0.2887
vt 0.1550 0.3000
vt 0.1414 0.2911
vt 0.1489 0.2690
vt 0.5809 0.0168
vt 0.5349 0.0454
vt 0.5384 0.0288
vt 0.5452 0.0466
vt 0.7193 0.0690
vt 0.7303 0.0594
vt 0.7309 0.0736
vt 0.6901 0.0676
vt 0.6760 0.0693
vt 0.6834 0.0597
vt 0.6216 0.3009
vt 0.6313 0.3146
vt 0.6149 0.3081
vt 0.6555 0.2847
vt 0.6701 0.2880
vt 0.6627 0.2961
vt 0.7327 0.0156
vt 0.7052 0.0346
vt 0.8192 0.1003
vt 0.7926 0.0681
vt 0.7900 0.0806
vt 0.7782 0.0694
vt 0.7534 0.1108
vt 0.7478 0.0944
vt 0.7624 0.1029
vt 0.8021 0.1103
vt 0.7924 0.0964
vt 0.8020 0.0938
vt 0.8255 0.1912
vt 0.8145 0.1892
vt 0.8140 0.1780
vt 0.8028 0.1722
vt 0.7915 0.1848
vt 0.7946 0.1664
vt 0.7158 0.0325
vt 0.7782 0.0694
vt 0.7777 0.0838
vt 0.7639 0.0761
vt 0.7778 0.0353
vt 0.8146 0.0413
vt 0.7997 0.0584
vt 0.8021 0.0731
vt 0.7926 0.0681
vt 0.8157 0.2403
vt 0.8010 0.2055
vt 0.7133 0.3176
vt 0.7467 0.3050
vt 0.6911 0.2993
vt 0.7043 0.2993
vt 0.6969 0.3090
vt 0.6419 0.2811
vt 0.6440 0.2916
vt 0.6297 0.2916
vt 0.7543 0.3233
vt 0.7379 0.3233
vt 0.7461 0.3160
vt 0.7467 0.3050
vt 0.8255 0.2572
vt 0.7989 0.2295
vt 0.7920 0.2600
vt 0.3111 0.0227
vt 0.3279 0.0186
vt 0.3196 0.0306
vt 0.2323 0.0549
vt 0.2259 0.0469
vt 0.2418 0.0509
vt 0.2604 0.0708
vt 0.2436 0.0770
vt 0.2457 0.0638
vt 0.2227 0.1101
vt 0.2227 0.0976
vt 0.2378 0.1034
vt 0.4122 0.0147
vt 0.4038 0.0095
vt 0.4207 0.0095
vt 0.3841 0.0390
vt 0.3785 0.0247
vt 0.3954 0.0286
vt 0.4096 0.0775
vt 0.4148 0.0592
vt 0.4233 0.0715
vt 0.3617 0.0429
vt 0.3719 0.0355
vt 0.3751 0.0471
vt 0.3111 0.0384
vt 0.4966 0.0361
vt 0.4918 0.0472
vt 0.4838 0.0390
vt 0.4298 0.0579
vt 0.4432 0.0627
vt 0.4377 0.0757
vt 0.4626 0.0491
vt 0.4800 0.0498
vt 0.4769 0.0635
vt 0.4628 0.0355
vt 0.4628 0.0211
vt 0.4734 0.0199
vt 0.5472 0.0174
vt 0.5686 0.0547
vt 0.5629 0.0420
vt 0.5743 0.0381
vt 0.3786 0.2992
vt 0.3571 0.3029
vt 0.3496 0.2938
vt 0.3407 0.3083
vt 0.3389 0.2891
vt 0.3496 0.2938
vt 0.3536 0.2828
vt 0.3392 0.2731
vt 0.3562 0.2697
vt 0.3371 0.2158
vt 0.3475 0.2096
vt 0.3540 0.2198
vt 0.4076 0.2426
vt 0.3081 0.3083
vt 0.3162 0.3233
vt 0.2999 0.3233
vt 0.3389 0.2891
vt 0.2672 0.3233
vt 0.2645 0.3107
vt 0.2822 0.3124
vt 0.3151 0.2511
vt 0.3244 0.2567
vt 0.3094 0.2610
vt 0.5476 0.3100
vt 0.6215 0.2544
vt 0.6325 0.2587
vt 0.6221 0.2661
vt 0.5000 0.3090
vt 0.5277 0.2941
vt 0.5328 0.3085
vt 0.5164 0.3044
vt 0.4672 0.3024
vt 0.4796 0.2858
vt 0.4858 0.2961
vt 0.4670 0.2913
vt 0.5082 0.3233
vt 0.4672 0.2801
vt 0.4670 0.2913
vt 0.4560 0.2896
vt 0.4672 0.3024
vt 0.0604 0.1006
vt 0.0752 0.1003
vt 0.0680 0.1138
vt 0.0315 0.1994
vt 0.0428 0.1903
vt 0.0464 0.2094
vt 0.0266 0.0937
vt 0.0279 0.1045
vt 0.0159 0.0921
vt 0.0308 0.1169
vt 0.0393 0.1107
vt 0.0393 0.1229
vt 0.0266 0.0937
vt 0.0500 0.1056
vt 0.0399 0.1002
vt 0.0565 0.0908
vt 0.0479 0.1169
vt 0.0665 0.0095
vt 0.0834 0.0095
vt 0.0726 0.0239
vt 0.1151 0.0616
vt 0.0500 0.1056
vt 0.1340 0.0095
vt 0.1265 0.0260
vt 0.1181 0.0199
vt 0.1593 0.0148
vt 0.1508 0.0095
vt 0.1677 0.0095
vt 0.1502 0.0402
vt 0.2257 0.3106
vt 0.2582 0.2994
vt 0.2481 0.2994
vt 0.2556 0.2859
vt 0.1707 0.3131
vt 0.1755 0.2963
vt 0.1804 0.3098
vt 0.2056 0.2931
vt 0.2101 0.3084
vt 0.1938 0.3037
vt 0.1930 0.0149
vt 0.1846 0.0095
vt 0.2014 0.0095
vt 0.1637 0.0408
vt 0.1593 0.0248
vt 0.1761 0.0298
vt 0.2267 0.0178
vt 0.2183 0.0095
vt 0.2352 0.0095
vt 0.2148 0.0587
vt 0.0315 0.2324
vt 0.0215 0.2324
vt 0.0252 0.2159
vt 0.0377 0.2159
vt 0.0302 0.1829
vt 0.0159 0.1912
vt 0.0159 0.1746
vt 0.0530 0.2007
vt 0.0377 0.2490
vt 0.0444 0.2391
vt 0.0594 0.2491
vt 0.0501 0.2638
vt 0.0400 0.2596
vt 0.0594 0.2491
vt 0.0637 0.2386
vt 0.0594 0.2491
vt 0.0542 0.2324
vt 0.0732 0.2546
vt 0.1414 0.2911
vt 0.1284 0.3007
vt 0.1278 0.2833
vt 0.1200 0.2771
vt 0.1938 0.3037
vt 0.1640 0.2713
vt 0.1659 0.2561
vt 0.1792 0.2698
vt 0.1845 0.2905
vt 0.1833 0.2798
vt 0.1938 0.2825
vt 0.1755 0.2963
vt 0.5978 0.0147
vt 0.5893 0.0095
vt 0.6062 0.0095
vt 0.5591 0.0322
vt 0.6315 0.0176
vt 0.6231 0.0095
vt 0.6399 0.0095
vt 0.5997 0.0575
vt 0.6066 0.0680
vt 0.5981 0.0742
vt 0.6821 0.0239
vt 0.6889 0.0370
vt 0.6773 0.0486
vt 0.6753 0.0358
vt 0.6149 0.3081
vt 0.6231 0.3233
vt 0.6067 0.3233
vt 0.6440 0.2916
vt 0.6477 0.3081
vt 0.6409 0.3009
vt 0.7411 0.0095
vt 0.7496 0.0239
vt 0.7411 0.0095
vt 0.7580 0.0095
vt 0.7179 0.0448
vt 0.7014 0.0448
vt 0.7052 0.0346
vt 0.6652 0.0263
vt 0.6821 0.0239
vt 0.6753 0.0358
vt 0.8255 0.1086
vt 0.8153 0.0838
vt 0.8023 0.0838
vt 0.8021 0.0731
vt 0.8116 0.1169
vt 0.8255 0.1086
vt 0.8255 0.1251
vt 0.8021 0.1103
vt 0.8147 0.1560
vt 0.8021 0.1103
vt 0.8007 0.1226
vt 0.7907 0.1123
vt 0.8028 0.1824
vt 0.8028 0.1722
vt 0.8028 0.1602
vt 0.8111 0.1664
vt 0.7864 0.0413
vt 0.7797 0.0550
vt 0.7692 0.0413
vt 0.8110 0.0673
vt 0.7797 0.0550
vt 0.7496 0.0239
vt 0.7664 0.0243
vt 0.7578 0.0344
vt 0.8255 0.2242
vt 0.8030 0.2159
vt 0.8026 0.2407
vt 0.7911 0.2206
vt 0.7911 0.2018
vt 0.8010 0.2055
vt 0.7051 0.3233
vt 0.6969 0.3090
vt 0.7051 0.3233
vt 0.6887 0.3233
vt 0.7297 0.2781
vt 0.6577 0.3052
vt 0.6559 0.3233
vt 0.7677 0.2769
vt 0.7556 0.2842
vt 0.7550 0.2735
vt 0.7411 0.2897
vt 0.7556 0.2842
vt 0.7516 0.2948
vt 0.7789 0.2773
vt 0.7452 0.2695
vt 0.7457 0.2801
vt 0.7297 0.2781
vt 0.7447 0.2398
vt 0.7517 0.2325
vt 0.7563 0.2433
vt 0.7677 0.2769
vt 0.7740 0.2347
vt 0.7864 0.2326
vt 0.7802 0.2457
vt 0.3279 0.0186
vt 0.3195 0.0095
vt 0.3364 0.0095
vt 0.3019 0.0320
vt 0.3448 0.0227
vt 0.3364 0.0095
vt 0.3532 0.0095
vt 0.2907 0.0578
vt 0.2948 0.0442
vt 0.3052 0.0548
vt 0.2267 0.0178
vt 0.2436 0.0249
vt 0.2267 0.0296
vt 0.3196 0.0306
vt 0.3052 0.0548
vt 0.3111 0.0685
vt 0.2998 0.0652
vt 0.4368 0.0204
vt 0.3616 0.0242
vt 0.4881 0.0095
vt 0.4862 0.0199
vt 0.4734 0.0199
vt 0.4512 0.0380
vt 0.4518 0.0203
vt 0.4628 0.0355
vt 0.4966 0.0361
vt 0.4862 0.0199
vt 0.4966 0.0215
vt 0.4442 0.0283
vt 0.4189 0.0355
vt 0.5072 0.0200
vt 0.5050 0.0095
vt 0.5197 0.0200
vt 0.4799 0.0283
vt 0.5072 0.0200
vt 0.5219 0.0095
vt 0.5072 0.0200
vt 0.5134 0.0288
vt 0.5073 0.0378
vt 0.5472 0.0174
vt 0.5387 0.0095
vt 0.5556 0.0095
vt 0.5640 0.0230
vt 0.5556 0.0095
vt 0.5725 0.0095
vt 0.5743 0.0381
vt 0.5492 0.0288
vt 0.2921 0.2589
vt 0.3094 0.2610
vt 0.3043 0.2713
vt 0.3463 0.2645
vt 0.3648 0.2415
vt 0.3928 0.2365
vt 0.3562 0.2465
vt 0.3997 0.2038
vt 0.4098 0.2088
vt 0.4002 0.2215
vt 0.3648 0.2415
vt 0.3802 0.2351
vt 0.3803 0.2477
vt 0.4165 0.2368
vt 0.4032 0.2323
vt 0.4194 0.2265
vt 0.4076 0.2426
vt 0.3978 0.2453
vt 0.4032 0.2323
vt 0.4002 0.2215
vt 0.4109 0.2196
vt 0.2822 0.3124
vt 0.2971 0.3120
vt 0.2836 0.3233
vt 0.3244 0.2823
vt 0.3283 0.2930
vt 0.3571 0.3029
vt 0.3511 0.3123
vt 0.3407 0.3083
vt 0.2533 0.3122
vt 0.2582 0.2994
vt 0.2645 0.3107
vt 0.2723 0.2874
vt 0.2681 0.2967
vt 0.2556 0.2859
vt 0.5370 0.2989
vt 0.5578 0.2994
vt 0.5918 0.2989
vt 0.5872 0.2894
vt 0.5985 0.2915
vt 0.6297 0.2916
vt 0.6216 0.3009
vt 0.6185 0.2916
vt 0.5164 0.2838
vt 0.5574 0.3233
vt 0.4858 0.2961
vt 0.4956 0.2996
vt 0.4836 0.3080
vt 0.0731 0.1931
vt 0.0625 0.1953
vt 0.0586 0.1851
vt 0.0302 0.1829
vt 0.0315 0.1994
vt 0.0215 0.1994
vt 0.0267 0.1270
vt 0.0308 0.1499
vt 0.0393 0.1438
vt 0.0393 0.1565
vt 0.0479 0.1169
vt 0.0589 0.1215
vt 0.0495 0.1386
vt 0.0479 0.1499
vt 0.0698 0.0537
vt 0.0630 0.0696
vt 0.0566 0.0616
vt 0.0485 0.0838
vt 0.0525 0.0734
vt 0.0565 0.0908
vt 0.0812 0.0868
vt 0.0495 0.1386
vt 0.0894 0.0578
vt 0.0918 0.0432
vt 0.1009 0.0556
vt 0.0785 0.0619
vt 0.1138 0.0362
vt 0.1138 0.0362
vt 0.1147 0.0489
vt 0.1043 0.0449
vt 0.1181 0.0199
vt 0.1593 0.0248
vt 0.1593 0.0148
vt 0.1761 0.0179
vt 0.1747 0.0408
vt 0.2144 0.2988
vt 0.2427 0.3080
vt 0.2353 0.2994
vt 0.2481 0.2994
vt 0.1804 0.3098
vt 0.1950 0.2931
vt 0.2346 0.3233
vt 0.2099 0.0242
vt 0.2014 0.0095
vt 0.2183 0.0095
vt 0.1747 0.0408
vt 0.2520 0.0095
vt 0.2436 0.0149
vt 0.2352 0.0095
vt 0.2436 0.0249
vt 0.2436 0.0149
vt 0.2605 0.0242
vt 0.0546 0.2165
vt 0.0377 0.2159
vt 0.0464 0.2094
vt 0.0586 0.1851
vt 0.0596 0.1334
vt 0.0739 0.1430
vt 0.0610 0.1468
vt 0.1640 0.2713
vt 0.1480 0.2810
vt 0.1489 0.2690
vt 0.1055 0.2575
vt 0.1200 0.2671
vt 0.1088 0.2716
vt 0.1278 0.2833
vt 0.1343 0.2702
vt 0.1480 0.2810
vt 0.1480 0.2810
vt 0.5640 0.0230
vt 0.6146 0.0241
vt 0.6062 0.0095
vt 0.6231 0.0095
vt 0.5743 0.0381
vt 0.6652 0.0263
vt 0.6652 0.0450
vt 0.6545 0.0263
vt 0.6652 0.0450
vt 0.6537 0.0463
vt 0.6491 0.0356
vt 0.6737 0.0095
vt 0.6313 0.3146
vt 0.6313 0.3027
vt 0.6409 0.3009
vt 0.6054 0.3128
vt 0.6313 0.2805
vt 0.6627 0.2961
vt 0.7432 0.0374
vt 0.7686 0.0612
vt 0.7639 0.0761
vt 0.7562 0.0682
vt 0.7004 0.0680
vt 0.7158 0.0570
vt 0.7193 0.0690
vt 0.6889 0.0370
vt 0.6652 0.0158
vt 0.8111 0.1334
vt 0.8028 0.1396
vt 0.8007 0.1226
vt 0.7770 0.1393
vt 0.7865 0.1240
vt 0.7873 0.1410
vt 0.7900 0.0806
vt 0.8007 0.1226
vt 0.7946 0.1334
vt 0.7865 0.1240
vt 0.7850 0.1513
vt 0.7652 0.1152
vt 0.7644 0.0912
vt 0.7781 0.1149
vt 0.7744 0.1026
vt 0.7644 0.0912
vt 0.7686 0.0612
vt 0.7418 0.0645
vt 0.7480 0.0755
vt 0.7546 0.0850
vt 0.7432 0.0374
vt 0.7265 0.0346
vt 0.7544 0.1262
vt 0.7515 0.1363
vt 0.7412 0.1343
vt 0.7686 0.0612
vt 0.7567 0.0572
vt 0.7586 0.0459
vt 0.7418 0.0645
vt 0.7652 0.1152
vt 0.7437 0.1050
vt 0.7319 0.0879
vt 0.7191 0.0815
vt 0.7309 0.0736
vt 0.7546 0.0850
vt 0.7478 0.0944
vt 0.7425 0.0849
vt 0.7864 0.2326
vt 0.7802 0.2457
vt 0.8145 0.1892
vt 0.7694 0.1881
vt 0.7834 0.1936
vt 0.7737 0.1992
vt 0.7915 0.1848
vt 0.8028 0.1824
vt 0.7992 0.1935
vt 0.8140 0.1780
vt 0.6805 0.3034
vt 0.7159 0.2897
vt 0.7196 0.2994
vt 0.7043 0.2993
vt 0.6796 0.2751
vt 0.6924 0.2773
vt 0.6811 0.2867
vt 0.7159 0.2897
vt 0.7401 0.2603
vt 0.7571 0.2564
vt 0.7452 0.2695
vt 0.7563 0.2433
vt 0.7671 0.2430
vt 0.7686 0.2536
vt 0.7737 0.2679
vt 0.7677 0.2769
vt 0.7631 0.2666
vt 0.3526 0.0308
vt 0.3719 0.0355
vt 0.3616 0.0242
vt 0.3785 0.0247
vt 0.3617 0.0429
vt 0.3488 0.0629
vt 0.3528 0.0513
vt 0.3646 0.0547
vt 0.3278 0.0518
vt 0.2765 0.0398
vt 0.2605 0.0242
vt 0.2841 0.0484
vt 0.2909 0.0306
vt 0.2948 0.0442
vt 0.2684 0.0646
vt 0.2784 0.0579
vt 0.2775 0.0688
vt 0.2554 0.0406
vt 0.2547 0.0538
vt 0.2418 0.0509
vt 0.4232 0.0209
vt 0.4189 0.0355
vt 0.4291 0.0429
vt 0.4298 0.0579
vt 0.4157 0.0471
vt 0.4232 0.0209
vt 0.4372 0.0500
vt 0.3961 0.0761
vt 0.3825 0.0767
vt 0.3904 0.0638
vt 0.4157 0.0471
vt 0.4148 0.0592
vt 0.4023 0.0599
vt 0.3751 0.0471
vt 0.3954 0.0495
vt 0.3760 0.0592
vt 0.3841 0.0390
vt 0.3742 0.0698
vt 0.3111 0.1280
vt 0.3017 0.1207
vt 0.3177 0.1136
vt 0.3646 0.0547
vt 0.4966 0.0361
vt 0.4918 0.0472
vt 0.4933 0.0677
vt 0.4800 0.0498
vt 0.5134 0.0583
vt 0.5018 0.0597
vt 0.5097 0.0765
vt 0.5018 0.0597
vt 0.4989 0.0769
vt 0.4933 0.0677
vt 0.5234 0.0636
vt 0.5874 0.0587
vt 0.5881 0.0712
vt 0.5767 0.0649
vt 0.5629 0.0420
vt 0.3012 0.2982
vt 0.3043 0.2713
vt 0.3195 0.2664
vt 0.3123 0.2806
vt 0.2971 0.3120
vt 0.3025 0.2866
vt 0.2889 0.3038
vt 0.2914 0.2406
vt 0.2760 0.2377
vt 0.2862 0.2288
vt 0.3849 0.2233
vt 0.5872 0.2894
vt 0.5819 0.2994
vt 0.5716 0.2815
vt 0.5918 0.2989
vt 0.5304 0.2798
vt 0.5656 0.2908
vt 0.5208 0.2728
vt 0.5293 0.2639
vt 0.5332 0.2525
vt 0.5402 0.2691
vt 0.5304 0.2798
vt 0.5568 0.2716
vt 0.5293 0.2639
vt 0.5547 0.2865
vt 0.5710 0.2705
vt 0.5568 0.2716
vt 0.5716 0.2815
vt 0.5547 0.2865
vt 0.5547 0.2865
vt 0.5050 0.2952
vt 0.4932 0.2866
vt 0.5046 0.2834
vt 0.4796 0.2858
vt 0.4760 0.2732
vt 0.4870 0.2756
vt 0.4932 0.2866
vt 0.4870 0.2756
vt 0.5030 0.2717
vt 0.4932 0.2866
vt 0.5156 0.2454
vt 0.5087 0.2543
vt 0.5000 0.2471
vt 0.4540 0.2742
vt 0.4703 0.2634
vt 0.4672 0.2801
vt 0.4703 0.2634
vt 0.4735 0.2525
vt 0.4823 0.2639
vt 0.4870 0.2756
vt 0.4823 0.2639
vt 0.4955 0.2601
vt 0.4592 0.2607
vt 0.4570 0.2484
vt 0.4489 0.2545
vt 0.4454 0.2435
vt 0.4109 0.2196
vt 0.4238 0.2099
vt 0.4194 0.2265
vt 0.4868 0.1691
vt 0.4720 0.1746
vt 0.4770 0.1574
vt 0.4493 0.2646
vt 0.4386 0.2645
vt 0.4489 0.2545
vt 0.0381 0.1762
vt 0.0480 0.1793
vt 0.0277 0.1378
vt 0.0812 0.0868
vt 0.0921 0.0840
vt 0.0898 0.0978
vt 0.0899 0.2109
vt 0.0977 0.2006
vt 0.1003 0.2133
vt 0.0393 0.1334
vt 0.0159 0.1251
vt 0.0500 0.1056
vt 0.0525 0.0734
vt 0.1043 0.0449
vt 0.1044 0.0671
vt 0.1049 0.0779
vt 0.0940 0.0730
vt 0.1502 0.0402
vt 0.1967 0.0625
vt 0.1901 0.0698
vt 0.1885 0.0532
vt 0.1503 0.0538
vt 0.1369 0.0640
vt 0.1383 0.0472
vt 0.1369 0.0640
vt 0.1477 0.0642
vt 0.1416 0.0761
vt 0.1303 0.0953
vt 0.1169 0.0981
vt 0.1198 0.0865
vt 0.0940 0.0730
vt 0.1288 0.0787
vt 0.1633 0.0537
vt 0.1637 0.0408
vt 0.1761 0.0517
vt 0.1503 0.0538
vt 0.2556 0.2859
vt 0.2427 0.2907
vt 0.2451 0.2773
vt 0.2681 0.2967
vt 0.2056 0.2931
vt 0.1938 0.2825
vt 0.2077 0.2788
vt 0.2427 0.2907
vt 0.1845 0.2905
vt 0.1693 0.3233
vt 0.1707 0.3131
vt 0.1856 0.3233
vt 0.1982 0.2711
vt 0.2260 0.2217
vt 0.2355 0.2273
vt 0.2170 0.2372
vt 0.1787 0.2570
vt 0.1659 0.2561
vt 0.1774 0.2443
vt 0.2077 0.2788
vt 0.2170 0.2372
vt 0.2176 0.2473
vt 0.2003 0.2504
vt 0.2070 0.2645
vt 0.2259 0.2530
vt 0.2330 0.2602
vt 0.2173 0.2680
vt 0.2319 0.2872
vt 0.2003 0.2504
vt 0.2070 0.2645
vt 0.1951 0.2593
vt 0.2427 0.2572
vt 0.2538 0.2640
vt 0.2451 0.2773
vt 0.2334 0.2704
vt 0.2451 0.2773
vt 0.2319 0.2872
vt 0.2319 0.2872
vt 0.2267 0.0296
vt 0.2018 0.0337
vt 0.1986 0.0470
vt 0.2520 0.0095
vt 0.2380 0.0376
vt 0.2695 0.0309
vt 0.2661 0.0436
vt 0.0656 0.2247
vt 0.0637 0.2386
vt 0.0662 0.0868
vt 0.1281 0.2011
vt 0.1217 0.2087
vt 0.1128 0.2042
vt 0.6315 0.0293
vt 0.6042 0.0355
vt 0.6146 0.0427
vt 0.6097 0.0526
vt 0.5999 0.0461
vt 0.6197 0.0573
vt 0.6320 0.0478
vt 0.6369 0.0576
vt 0.5767 0.0649
vt 0.5717 0.0786
vt 0.5641 0.0679
vt 0.5999 0.0461
vt 0.5997 0.0575
vt 0.5874 0.0587
vt 0.6444 0.0226
vt 0.6669 0.0612
vt 0.6652 0.0450
vt 0.6773 0.0486
vt 0.6568 0.0095
vt 0.6444 0.0226
vt 0.6491 0.0356
vt 0.6382 0.0384
vt 0.6085 0.2980
vt 0.6039 0.2799
vt 0.6596 0.2698
vt 0.6470 0.2588
vt 0.6614 0.2587
vt 0.6627 0.2961
vt 0.7586 0.0459
vt 0.7430 0.0520
vt 0.7327 0.1021
vt 0.7145 0.0993
vt 0.7220 0.0917
vt 0.7183 0.1286
vt 0.7218 0.1125
vt 0.7334 0.1221
vt 0.6669 0.0612
vt 0.7480 0.0755
vt 0.6993 0.0563
vt 0.6834 0.0597
vt 0.6899 0.0492
vt 0.7478 0.0944
vt 0.7327 0.1021
vt 0.7319 0.0879
vt 0.7179 0.0448
vt 0.6899 0.0492
vt 0.6993 0.0563
vt 0.6855 0.0769
vt 0.7083 0.0768
vt 0.6960 0.0774
vt 0.6901 0.0676
vt 0.6669 0.0612
vt 0.8139 0.1451
vt 0.7849 0.1620
vt 0.7800 0.1828
vt 0.7749 0.1658
vt 0.7757 0.1556
vt 0.7770 0.1393
vt 0.7850 0.1513
vt 0.8255 0.1581
vt 0.7781 0.1149
vt 0.7865 0.1240
vt 0.7715 0.1260
vt 0.7412 0.1343
vt 0.7428 0.1487
vt 0.7287 0.1414
vt 0.7412 0.1343
vt 0.7334 0.1221
vt 0.7449 0.1190
vt 0.7515 0.1363
vt 0.7630 0.1368
vt 0.7550 0.1462
vt 0.7250 0.2375
vt 0.7350 0.2324
vt 0.7323 0.2460
vt 0.7112 0.1450
vt 0.7006 0.1462
vt 0.7060 0.1330
vt 0.7449 0.1190
vt 0.7012 0.1002
vt 0.6894 0.0884
vt 0.7014 0.0864
vt 0.7816 0.2059
vt 0.7686 0.2536
vt 0.7571 0.2564
vt 0.7686 0.2536
vt 0.7631 0.2666
vt 0.7296 0.2597
vt 0.7401 0.2603
vt 0.7297 0.2781
vt 0.7463 0.2518
vt 0.7350 0.2324
vt 0.7229 0.2211
vt 0.7359 0.2173
vt 0.7550 0.2735
vt 0.7457 0.2801
vt 0.7619 0.2315
vt 0.7740 0.2347
vt 0.7671 0.2430
vt 0.7350 0.2324
vt 0.7481 0.2230
vt 0.7517 0.2325
vt 0.7686 0.2216
vt 0.7992 0.1935
vt 0.7816 0.2059
vt 0.7707 0.2094
vt 0.7737 0.1992
vt 0.7140 0.2353
vt 0.7127 0.2181
vt 0.7229 0.2211
vt 0.7834 0.1936
vt 0.7659 0.1754
vt 0.7800 0.1828
vt 0.6969 0.2895
vt 0.3528 0.0513
vt 0.3407 0.0529
vt 0.3454 0.0394
vt 0.3111 0.0384
vt 0.3172 0.0578
vt 0.3052 0.0548
vt 0.2878 0.0677
vt 0.2765 0.0398
vt 0.2841 0.0484
vt 0.2680 0.0545
vt 0.2907 0.0578
vt 0.3334 0.0617
vt 0.4938 0.0863
vt 0.4989 0.0769
vt 0.5065 0.0891
vt 0.5546 0.0573
vt 0.5301 0.0546
vt 0.5546 0.0573
vt 0.5529 0.0684
vt 0.5406 0.0630
vt 0.3123 0.2806
vt 0.3263 0.2464
vt 0.3025 0.2866
vt 0.2811 0.2942
vt 0.2885 0.2747
vt 0.2885 0.2747
vt 0.3017 0.2494
vt 0.2576 0.2528
vt 0.2676 0.2448
vt 0.2664 0.2608
vt 0.2798 0.2644
vt 0.2868 0.2499
vt 0.2921 0.2589
vt 0.3073 0.2367
vt 0.3348 0.2537
vt 0.3462 0.2532
vt 0.3463 0.2645
vt 0.3177 0.2404
vt 0.5716 0.2815
vt 0.5819 0.2994
vt 0.5959 0.2699
vt 0.5824 0.2672
vt 0.5896 0.2577
vt 0.6085 0.2980
vt 0.6054 0.3128
vt 0.5156 0.2454
vt 0.5198 0.2303
vt 0.5300 0.2393
vt 0.5431 0.2509
vt 0.6027 0.2287
vt 0.6123 0.2470
vt 0.5996 0.2461
vt 0.5435 0.2409
vt 0.5573 0.2339
vt 0.5577 0.2470
vt 0.5435 0.2409
vt 0.5332 0.2525
vt 0.5300 0.2393
vt 0.5473 0.2312
vt 0.5426 0.2219
vt 0.5584 0.2214
vt 0.5431 0.2509
vt 0.5745 0.1887
vt 0.5708 0.1744
vt 0.5818 0.1778
vt 0.5647 0.2021
vt 0.5698 0.2164
vt 0.5566 0.2090
vt 0.4932 0.2372
vt 0.5092 0.2355
vt 0.5000 0.2471
vt 0.5473 0.2312
vt 0.5119 0.1768
vt 0.5207 0.1875
vt 0.5066 0.1957
vt 0.4477 0.1025
vt 0.4546 0.1123
vt 0.4429 0.1119
vt 0.5316 0.2272
vt 0.5426 0.2219
vt 0.5316 0.2272
vt 0.5317 0.2131
vt 0.5229 0.2526
vt 0.5229 0.2526
vt 0.5317 0.2131
vt 0.5142 0.2137
vt 0.5256 0.2005
vt 0.5455 0.2110
vt 0.5175 0.2613
vt 0.4955 0.2601
vt 0.0495 0.1386
vt 0.0894 0.0578
vt 0.0565 0.0908
vt 0.1024 0.0884
vt 0.1049 0.0779
vt 0.1198 0.0865
vt 0.1258 0.0548
vt 0.1147 0.0489
vt 0.1151 0.0616
vt 0.1009 0.0556
vt 0.0921 0.0840
vt 0.1044 0.0671
vt 0.1154 0.0754
vt 0.1154 0.0754
vt 0.1288 0.0787
vt 0.1198 0.0865
vt 0.1169 0.0981
vt 0.1253 0.1050
vt 0.1123 0.1087
vt 0.0865 0.1351
vt 0.0965 0.1242
vt 0.0976 0.1411
vt 0.1272 0.1157
vt 0.1253 0.1050
vt 0.1397 0.1051
vt 0.1067 0.0975
vt 0.1397 0.1051
vt 0.1392 0.0877
vt 0.1478 0.0958
vt 0.1067 0.0975
vt 0.1123 0.1087
vt 0.1011 0.1059
vt 0.0921 0.0840
vt 0.1660 0.0667
vt 0.1761 0.0517
vt 0.1804 0.0683
vt 0.1633 0.0537
vt 0.1660 0.0667
vt 0.1477 0.0642
vt 0.2765 0.2513
vt 0.2798 0.2644
vt 0.2664 0.2608
vt 0.2672 0.3233
vt 0.2267 0.0296
vt 0.2380 0.0376
vt 0.2259 0.0469
vt 0.1986 0.0470
vt 0.2297 0.0649
vt 0.2205 0.0726
vt 0.2148 0.0587
vt 0.2523 0.0306
vt 0.2297 0.0649
vt 0.2323 0.0549
vt 0.2457 0.0638
vt 0.2661 0.0436
vt 0.2695 0.0309
vt 0.2554 0.0406
vt 0.2523 0.0306
vt 0.0670 0.2073
vt 0.0546 0.2165
vt 0.0530 0.2007
vt 0.0625 0.1953
vt 0.0810 0.2050
vt 0.0829 0.2191
vt 0.0725 0.2165
vt 0.0725 0.2165
vt 0.0731 0.1931
vt 0.0810 0.2050
vt 0.0670 0.2073
vt 0.0897 0.1740
vt 0.1006 0.1880
vt 0.0870 0.1916
vt 0.0899 0.2109
vt 0.0699 0.1262
vt 0.1175 0.1879
vt 0.6382 0.0384
vt 0.6320 0.0478
vt 0.6210 0.0334
vt 0.6478 0.0564
vt 0.6372 0.0770
vt 0.6369 0.0576
vt 0.6484 0.0773
vt 0.6313 0.3027
vt 0.5985 0.2915
vt 0.7231 0.2513
vt 0.6681 0.2772
vt 0.6559 0.3233
vt 0.6764 0.0821
vt 0.6894 0.0884
vt 0.6779 0.0925
vt 0.7145 0.0993
vt 0.7095 0.1107
vt 0.7012 0.1002
vt 0.7630 0.1368
vt 0.7770 0.1393
vt 0.7672 0.1499
vt 0.7221 0.2689
vt 0.7159 0.2897
vt 0.7102 0.2690
vt 0.6969 0.2895
vt 0.7221 0.2689
vt 0.6984 0.2669
vt 0.7016 0.2559
vt 0.7102 0.2690
vt 0.6398 0.2474
vt 0.6568 0.2413
vt 0.6542 0.2513
vt 0.6935 0.2330
vt 0.7048 0.2251
vt 0.7033 0.2380
vt 0.6736 0.2634
vt 0.6820 0.2533
vt 0.6865 0.2657
vt 0.7552 0.1586
vt 0.7417 0.1645
vt 0.7428 0.1487
vt 0.7296 0.2597
vt 0.7048 0.2251
vt 0.7707 0.2094
vt 0.7686 0.2216
vt 0.7606 0.2127
vt 0.7601 0.1991
vt 0.7694 0.1881
vt 0.3621 0.0934
vt 0.3495 0.1089
vt 0.3429 0.0993
vt 0.3488 0.0629
vt 0.3416 0.0709
vt 0.3334 0.0617
vt 0.3416 0.0891
vt 0.3429 0.0993
vt 0.3313 0.0886
vt 0.2900 0.1061
vt 0.2793 0.1122
vt 0.2761 0.1002
vt 0.3742 0.0698
vt 0.5809 0.0482
vt 0.5641 0.0679
vt 0.5301 0.0546
vt 0.5420 0.0927
vt 0.5422 0.1053
vt 0.5265 0.1030
vt 0.5601 0.1324
vt 0.5567 0.1184
vt 0.5724 0.1220
vt 0.5657 0.0901
vt 0.5809 0.0877
vt 0.5779 0.0996
vt 0.5446 0.0758
vt 0.5565 0.0809
vt 0.5355 0.0816
vt 0.5200 0.0828
vt 0.5139 0.0998
vt 0.5065 0.0891
vt 0.5200 0.0828
vt 0.2811 0.2942
vt 0.2765 0.2761
vt 0.2885 0.2747
vt 0.2654 0.2323
vt 0.2760 0.2377
vt 0.2676 0.2448
vt 0.2914 0.2406
vt 0.2979 0.2234
vt 0.3073 0.2367
vt 0.5959 0.2699
vt 0.5872 0.2894
vt 0.5823 0.2791
vt 0.5824 0.2672
vt 0.5710 0.2705
vt 0.5777 0.2541
vt 0.5823 0.2791
vt 0.1542 0.0727
vt 0.1504 0.0838
vt 0.1542 0.0727
vt 0.1644 0.0799
vt 0.1504 0.0838
vt 0.1593 0.0914
vt 0.1478 0.0958
vt 0.1613 0.1155
vt 0.1643 0.1031
vt 0.1720 0.1164
vt 0.1098 0.1445
vt 0.1065 0.1321
vt 0.1206 0.1438
vt 0.1392 0.0877
vt 0.1211 0.1242
vt 0.1328 0.1257
vt 0.1248 0.1339
vt 0.1303 0.0953
vt 0.0898 0.0978
vt 0.1011 0.1059
vt 0.0890 0.1107
vt 0.1023 0.1159
vt 0.0814 0.1212
vt 0.0890 0.1107
vt 0.0965 0.1242
vt 0.0783 0.1106
vt 0.0783 0.1106
vt 0.0814 0.1212
vt 0.0965 0.1242
vt 0.1114 0.1202
vt 0.1065 0.1321
vt 0.0699 0.1262
vt 0.0589 0.1215
vt 0.1023 0.1159
vt 0.1248 0.1339
vt 0.1511 0.2233
vt 0.1333 0.2209
vt 0.1397 0.2133
vt 0.0870 0.1916
vt 0.0977 0.2006
vt 0.1091 0.1943
vt 0.0768 0.1658
vt 0.0620 0.1745
vt 0.0702 0.1569
vt 0.0865 0.1351
vt 0.1160 0.1680
vt 0.1135 0.1782
vt 0.1036 0.1744
vt 0.0730 0.1763
vt 0.0565 0.1573
vt 0.1272 0.1157
vt 0.1114 0.1202
vt 0.1123 0.1087
vt 0.1005 0.1608
vt 0.0823 0.1818
vt 0.0911 0.1640
vt 0.0876 0.1464
vt 0.1211 0.1242
vt 0.1005 0.1608
vt 0.0876 0.1464
vt 0.0838 0.1571
vt 0.2623 0.2739
vt 0.2664 0.2608
vt 0.2765 0.2761
vt 0.2623 0.2739
vt 0.1940 0.0788
vt 0.2099 0.0433
vt 0.2148 0.0587
vt 0.2047 0.0555
vt 0.2320 0.0763
vt 0.2684 0.0646
vt 0.2547 0.0538
vt 0.2708 0.0831
vt 0.2594 0.0940
vt 0.2550 0.0822
vt 0.2708 0.0831
vt 0.0529 0.1682
vt 0.0381 0.1762
vt 0.0529 0.1682
vt 0.0480 0.1793
vt 0.0768 0.1658
vt 0.0565 0.1573
vt 0.1003 0.2133
vt 0.1128 0.2042
vt 0.1119 0.2161
vt 0.1055 0.2575
vt 0.6423 0.1008
vt 0.6485 0.1104
vt 0.6404 0.1166
vt 0.6489 0.2731
vt 0.6419 0.2811
vt 0.6372 0.2699
vt 0.6489 0.2731
vt 0.6960 0.0774
vt 0.7083 0.0768
vt 0.7014 0.0864
vt 0.6855 0.0769
vt 0.7044 0.2798
vt 0.6957 0.2460
vt 0.7033 0.2380
vt 0.7125 0.2522
vt 0.7481 0.2230
vt 0.7606 0.2127
vt 0.7619 0.2315
vt 0.7577 0.1857
vt 0.7524 0.1731
vt 0.7247 0.2097
vt 0.7134 0.2075
vt 0.7260 0.1982
vt 0.6935 0.2330
vt 0.6858 0.2410
vt 0.6809 0.2292
vt 0.7233 0.1597
vt 0.7417 0.1645
vt 0.7280 0.1726
vt 0.7320 0.1524
vt 0.7672 0.1499
vt 0.7283 0.1311
vt 0.7550 0.1462
vt 0.7544 0.1262
vt 0.7630 0.1368
vt 0.5420 0.0927
vt 0.5446 0.0758
vt 0.5565 0.0809
vt 0.5294 0.0904
vt 0.5577 0.1083
vt 0.5456 0.1160
vt 0.5422 0.1053
vt 0.5265 0.1030
vt 0.2538 0.2640
vt 0.2427 0.2572
vt 0.2482 0.2483
vt 0.2576 0.2528
vt 0.1660 0.2267
vt 0.1862 0.2252
vt 0.1861 0.2367
vt 0.2573 0.2410
vt 0.2760 0.2377
vt 0.3017 0.2494
vt 0.2868 0.2499
vt 0.2914 0.2406
vt 0.3273 0.2351
vt 0.3177 0.2404
vt 0.3160 0.2206
vt 0.1294 0.1773
vt 0.1381 0.1897
vt 0.1276 0.1906
vt 0.1519 0.1075
vt 0.1443 0.1258
vt 0.1397 0.1051
vt 0.1268 0.1526
vt 0.1258 0.1634
vt 0.1120 0.1565
vt 0.0702 0.1569
vt 0.0897 0.1740
vt 0.1120 0.1565
vt 0.1036 0.1744
vt 0.2550 0.0822
vt 0.1786 0.1402
vt 0.1769 0.1546
vt 0.1641 0.1393
vt 0.2047 0.0555
vt 0.2089 0.0757
vt 0.2943 0.0756
vt 0.2878 0.0677
vt 0.2998 0.0652
vt 0.2839 0.0916
vt 0.2828 0.0800
vt 0.2977 0.0851
vt 0.3111 0.1280
vt 0.3205 0.1237
vt 0.3205 0.1425
vt 0.2436 0.0922
vt 0.0620 0.1745
vt 0.0911 0.1640
vt 0.0620 0.1745
vt 0.1061 0.2256
vt 0.1494 0.2563
vt 0.1353 0.2548
vt 0.1426 0.2456
vt 0.1294 0.1773
vt 0.1175 0.1879
vt 0.1135 0.1782
vt 0.1397 0.2133
vt 0.1399 0.2015
vt 0.1503 0.1997
vt 0.1091 0.1943
vt 0.1397 0.2133
vt 0.1236 0.2185
vt 0.1217 0.2087
vt 0.1294 0.1773
vt 0.1160 0.1680
vt 0.1258 0.1634
vt 0.1258 0.2298
vt 0.1315 0.2420
vt 0.1213 0.2406
vt 0.1147 0.2328
vt 0.0967 0.2316
vt 0.1061 0.2256
vt 0.1147 0.2328
vt 0.1353 0.2548
vt 0.1258 0.2298
vt 0.1147 0.2328
vt 0.1164 0.2496
vt 0.1032 0.2443
vt 0.1200 0.2771
vt 0.1200 0.2671
vt 0.1164 0.2496
vt 0.1245 0.2571
vt 0.1343 0.2702
vt 0.6316 0.0673
vt 0.6191 0.0701
vt 0.6066 0.0680
vt 0.6555 0.2847
vt 0.6182 0.2783
vt 0.6398 0.2474
vt 0.6470 0.2588
vt 0.6325 0.2587
vt 0.6708 0.2527
vt 0.6701 0.2880
vt 0.6736 0.2634
vt 0.7044 0.2798
vt 0.6596 0.2698
vt 0.6865 0.2657
vt 0.6614 0.2587
vt 0.6984 0.2669
vt 0.6809 0.2292
vt 0.6661 0.2372
vt 0.6666 0.2272
vt 0.6748 0.2423
vt 0.7016 0.2559
vt 0.7125 0.2522
vt 0.6858 0.2410
vt 0.6820 0.2533
vt 0.6748 0.2423
vt 0.6957 0.2460
vt 0.6542 0.2513
vt 0.7220 0.0917
vt 0.7218 0.1125
vt 0.6576 0.0843
vt 0.6779 0.0925
vt 0.6575 0.0959
vt 0.6577 0.0693
vt 0.6670 0.0775
vt 0.7601 0.1991
vt 0.7359 0.2173
vt 0.7372 0.2045
vt 0.7496 0.2066
vt 0.5566 0.2090
vt 0.5174 0.1121
vt 0.5149 0.2028
vt 0.5054 0.1130
vt 0.5231 0.2199
vt 0.5423 0.2003
vt 0.5256 0.2005
vt 0.5339 0.1919
vt 0.5231 0.2199
vt 0.5092 0.2355
vt 0.4968 0.2104
vt 0.5142 0.2137
vt 0.5108 0.2241
vt 0.5207 0.1875
vt 0.5337 0.1800
vt 0.5339 0.1919
vt 0.5745 0.1887
vt 0.5647 0.2021
vt 0.5622 0.1840
vt 0.4874 0.1235
vt 0.4743 0.1244
vt 0.4839 0.1104
vt 0.4107 0.0981
vt 0.4062 0.0880
vt 0.4258 0.0899
vt 0.4873 0.0772
vt 0.4889 0.0965
vt 0.4761 0.0775
vt 0.4428 0.0932
vt 0.4589 0.0871
vt 0.4581 0.1011
vt 0.2742 0.2243
vt 0.2622 0.1246
vt 0.2521 0.1228
vt 0.2571 0.1135
vt 0.3248 0.2097
vt 0.3371 0.2158
vt 0.3277 0.2232
vt 0.3429 0.0993
vt 0.3396 0.1151
vt 0.3285 0.1033
vt 0.3076 0.2265
vt 0.3413 0.2293
vt 0.3540 0.2198
vt 0.3559 0.2324
vt 0.1456 0.1464
vt 0.1374 0.1534
vt 0.1368 0.1375
vt 0.1453 0.1764
vt 0.1294 0.1773
vt 0.1366 0.1641
vt 0.2943 0.0756
vt 0.3111 0.0685
vt 0.3077 0.0838
vt 0.2693 0.0930
vt 0.2496 0.1062
vt 0.2594 0.0940
vt 0.2651 0.1042
vt 0.1281 0.2011
vt 0.1511 0.2233
vt 0.1572 0.2077
vt 0.1662 0.2150
vt 0.1055 0.2575
vt 0.1333 0.2209
vt 0.1374 0.2300
vt 0.1245 0.2571
vt 0.1511 0.2233
vt 0.1481 0.2346
vt 0.1374 0.2300
vt 0.1426 0.2456
vt 0.1353 0.2548
vt 0.6372 0.2699
vt 0.6039 0.2799
vt 0.5755 0.2416
vt 0.6398 0.2474
vt 0.6293 0.2473
vt 0.6313 0.2369
vt 0.6052 0.2569
vt 0.6095 0.2683
vt 0.6182 0.2783
vt 0.6293 0.2473
vt 0.6708 0.2527
vt 0.6568 0.2413
vt 0.6661 0.2372
vt 0.6435 0.2356
vt 0.6313 0.2369
vt 0.6326 0.2229
vt 0.6831 0.1228
vt 0.6720 0.1212
vt 0.6704 0.1102
vt 0.7117 0.0891
vt 0.6919 0.2200
vt 0.7022 0.2129
vt 0.7048 0.2251
vt 0.6892 0.1060
vt 0.6787 0.1032
vt 0.6787 0.1032
vt 0.7117 0.0891
vt 0.7006 0.1193
vt 0.6760 0.0693
vt 0.6764 0.0821
vt 0.6670 0.0775
vt 0.5732 0.1355
vt 0.5751 0.1471
vt 0.5555 0.1461
vt 0.5420 0.0927
vt 0.5555 0.1461
vt 0.5501 0.1601
vt 0.5379 0.1474
vt 0.5387 0.1249
vt 0.5456 0.1160
vt 0.5458 0.1347
vt 0.5532 0.0992
vt 0.5333 0.1141
vt 0.5677 0.1064
vt 0.5732 0.1355
vt 0.4380 0.1623
vt 0.4234 0.1664
vt 0.4287 0.1524
vt 0.4793 0.2302
vt 0.4700 0.2251
vt 0.4855 0.2216
vt 0.4696 0.2109
vt 0.5108 0.2241
vt 0.5092 0.2355
vt 0.5005 0.2276
vt 0.5382 0.1624
vt 0.5501 0.1601
vt 0.5449 0.1725
vt 0.5622 0.1840
vt 0.5474 0.1858
vt 0.5584 0.1709
vt 0.5474 0.1858
vt 0.5561 0.1958
vt 0.5423 0.2003
vt 0.4994 0.1233
vt 0.4934 0.1148
vt 0.5054 0.1130
vt 0.4672 0.0946
vt 0.4778 0.0982
vt 0.4703 0.1105
vt 0.2815 0.2150
vt 0.2849 0.2021
vt 0.2929 0.2118
vt 0.2531 0.2289
vt 0.2579 0.2145
vt 0.2466 0.2379
vt 0.2355 0.2273
vt 0.2531 0.2289
vt 0.2399 0.1288
vt 0.2521 0.1228
vt 0.2512 0.1418
vt 0.2215 0.1537
vt 0.2105 0.1488
vt 0.2212 0.1417
vt 0.2358 0.2491
vt 0.2466 0.2379
vt 0.2482 0.2483
vt 0.2439 0.2201
vt 0.2330 0.2602
vt 0.2354 0.2384
vt 0.2358 0.2491
vt 0.2259 0.2530
vt 0.2354 0.2384
vt 0.3802 0.2351
vt 0.3540 0.2198
vt 0.3617 0.2048
vt 0.3711 0.2165
vt 0.3361 0.2424
vt 0.3263 0.2464
vt 0.3273 0.2351
vt 0.3076 0.2265
vt 0.3055 0.2125
vt 0.3160 0.2206
vt 0.3034 0.1994
vt 0.3142 0.2044
vt 0.3055 0.2125
vt 0.1368 0.1375
vt 0.1328 0.1257
vt 0.1643 0.1031
vt 0.1519 0.1075
vt 0.1593 0.0914
vt 0.1766 0.1067
vt 0.1643 0.1031
vt 0.1725 0.0896
vt 0.1613 0.1155
vt 0.1544 0.1323
vt 0.1613 0.1155
vt 0.1652 0.1271
vt 0.1544 0.1323
vt 0.1532 0.1615
vt 0.1665 0.1981
vt 0.1268 0.1526
vt 0.1374 0.1534
vt 0.1366 0.1641
vt 0.1456 0.1464
vt 0.1575 0.1498
vt 0.1532 0.1615
vt 0.1555 0.1904
vt 0.1755 0.2080
vt 0.1555 0.1904
vt 0.1665 0.1981
vt 0.1503 0.1997
vt 0.1848 0.2142
vt 0.1575 0.1498
vt 0.1769 0.1546
vt 0.1658 0.1634
vt 0.1614 0.1754
vt 0.2325 0.0925
vt 0.2243 0.0851
vt 0.2119 0.0881
vt 0.2205 0.0726
vt 0.2089 0.0757
vt 0.2828 0.0800
vt 0.3077 0.0838
vt 0.3194 0.0783
vt 0.3203 0.0893
vt 0.3139 0.0982
vt 0.3203 0.0893
vt 0.3285 0.1033
vt 0.2977 0.0851
vt 0.3077 0.0838
vt 0.3050 0.0935
vt 0.2902 0.1184
vt 0.2900 0.1061
vt 0.3026 0.1089
vt 0.2651 0.1042
vt 0.2839 0.0916
vt 0.3026 0.1089
vt 0.2950 0.0948
vt 0.3050 0.0935
vt 0.2693 0.0930
vt 0.6052 0.2569
vt 0.6215 0.2544
vt 0.6095 0.2683
vt 0.5996 0.2461
vt 0.6027 0.2041
vt 0.6061 0.2174
vt 0.5881 0.2148
vt 0.6199 0.2384
vt 0.6123 0.2470
vt 0.6676 0.2100
vt 0.6666 0.2272
vt 0.6579 0.2181
vt 0.6579 0.2181
vt 0.6517 0.2007
vt 0.6617 0.2019
vt 0.7283 0.1311
vt 0.7095 0.1107
vt 0.7190 0.1387
vt 0.6909 0.1161
vt 0.6418 0.0894
vt 0.5671 0.1557
vt 0.5751 0.1471
vt 0.5820 0.1555
vt 0.5333 0.1141
vt 0.5244 0.1211
vt 0.5174 0.1121
vt 0.5313 0.1345
vt 0.5458 0.1347
vt 0.5379 0.1474
vt 0.4286 0.1375
vt 0.4384 0.1340
vt 0.4436 0.1431
vt 0.5114 0.1235
vt 0.4994 0.1233
vt 0.5052 0.1361
vt 0.4899 0.1430
vt 0.5149 0.2028
vt 0.5223 0.1772
vt 0.5197 0.1433
vt 0.5159 0.1543
vt 0.5051 0.1502
vt 0.5671 0.1557
vt 0.5809 0.1664
vt 0.5708 0.1744
vt 0.5293 0.1695
vt 0.5223 0.1772
vt 0.5183 0.1663
vt 0.5671 0.1557
vt 0.5555 0.1461
vt 0.5458 0.1347
vt 0.5601 0.1324
vt 0.6130 0.2050
vt 0.6062 0.1872
vt 0.6200 0.1975
vt 0.6145 0.2283
vt 0.6500 0.1433
vt 0.6644 0.1435
vt 0.6571 0.1525
vt 0.5985 0.1707
vt 0.5892 0.2011
vt 0.5745 0.1887
vt 0.5890 0.1868
vt 0.5892 0.2011
vt 0.6130 0.2050
vt 0.5754 0.2018
vt 0.4839 0.1104
vt 0.4778 0.0982
vt 0.3989 0.1735
vt 0.4056 0.1619
vt 0.4131 0.1698
vt 0.3687 0.2292
vt 0.3462 0.2532
vt 0.3475 0.2420
vt 0.3562 0.2465
vt 0.3711 0.2165
vt 0.2547 0.1986
vt 0.2579 0.2145
vt 0.2471 0.2078
vt 0.3277 0.2232
vt 0.1443 0.1258
vt 0.1773 0.1257
vt 0.1786 0.1402
vt 0.1652 0.1271
vt 0.1708 0.1852
vt 0.1765 0.1704
vt 0.1614 0.1754
vt 0.1658 0.1634
vt 0.1708 0.1852
vt 0.1872 0.1884
vt 0.1784 0.1964
vt 0.1803 0.1803
vt 0.2006 0.1802
vt 0.1930 0.1664
vt 0.2108 0.1681
vt 0.1982 0.1912
vt 0.1872 0.1884
vt 0.2006 0.1802
vt 0.1922 0.2059
vt 0.1769 0.1546
vt 0.1833 0.1627
vt 0.1765 0.1704
vt 0.1904 0.1768
vt 0.1803 0.1803
vt 0.1765 0.1704
vt 0.1946 0.1441
vt 0.1904 0.1768
vt 0.1833 0.1627
vt 0.1930 0.1664
vt 0.2227 0.0976
vt 0.2105 0.1008
vt 0.1725 0.0896
vt 0.1644 0.0799
vt 0.1821 0.0802
vt 0.2105 0.1008
vt 0.1949 0.1116
vt 0.1915 0.1011
vt 0.1857 0.0916
vt 0.1901 0.0698
vt 0.1821 0.0802
vt 0.1804 0.0683
vt 0.1821 0.0802
vt 0.1660 0.0667
vt 0.1593 0.0914
vt 0.1915 0.1011
vt 0.2150 0.1238
vt 0.2077 0.1133
vt 0.2227 0.1101
vt 0.1839 0.1159
vt 0.3313 0.0886
vt 0.3139 0.0982
vt 0.2496 0.1062
vt 0.2370 0.1156
vt 0.2077 0.1133
vt 0.2571 0.1135
vt 0.2651 0.1042
vt 0.2673 0.1157
vt 0.2325 0.0925
vt 0.2378 0.1034
vt 0.2785 0.1264
vt 0.2665 0.1339
vt 0.2622 0.1246
vt 0.2267 0.1301
vt 0.2273 0.1196
vt 0.2399 0.1288
vt 0.2848 0.1476
vt 0.2976 0.1493
vt 0.2896 0.1575
vt 0.3177 0.1136
vt 0.3313 0.0886
vt 0.2779 0.1387
vt 0.3469 0.0804
vt 0.3416 0.0891
vt 0.3310 0.0728
vt 0.3412 0.1263
vt 0.3562 0.1184
vt 0.3472 0.1360
vt 0.3416 0.0709
vt 0.3495 0.1089
vt 0.3620 0.1062
vt 0.3562 0.1184
vt 0.3486 0.1976
vt 0.3591 0.1940
vt 0.3617 0.2048
vt 0.3536 0.0723
vt 0.3646 0.0547
vt 0.3641 0.0735
vt 0.3536 0.0723
vt 0.3396 0.1151
vt 0.3300 0.1280
vt 0.3205 0.1237
vt 0.3343 0.1412
vt 0.3205 0.1425
vt 0.3300 0.1280
vt 0.3579 0.0829
vt 0.3343 0.1412
vt 0.3908 0.1108
vt 0.3997 0.1028
vt 0.4085 0.1147
vt 0.3838 0.1256
vt 0.3724 0.1138
vt 0.3809 0.1081
vt 0.3412 0.1263
vt 0.3740 0.1342
vt 0.3613 0.1320
vt 0.3692 0.1243
vt 0.6558 0.2301
vt 0.6676 0.2100
vt 0.6777 0.2045
vt 0.6793 0.2161
vt 0.7190 0.1387
vt 0.7233 0.1597
vt 0.7112 0.1450
vt 0.6777 0.1381
vt 0.6641 0.1291
vt 0.6720 0.1212
vt 0.7060 0.1330
vt 0.6859 0.1489
vt 0.6848 0.1630
vt 0.6729 0.1550
vt 0.5782 0.1118
vt 0.5809 0.0877
vt 0.5957 0.0843
vt 0.5998 0.0989
vt 0.6426 0.1264
vt 0.6559 0.1201
vt 0.6529 0.1320
vt 0.5577 0.1083
vt 0.5836 0.1294
vt 0.5677 0.1064
vt 0.6559 0.1201
vt 0.5930 0.1556
vt 0.5892 0.1057
vt 0.5532 0.0992
vt 0.5881 0.0712
vt 0.5657 0.0901
vt 0.5853 0.1413
vt 0.6082 0.1463
vt 0.6021 0.1608
vt 0.5969 0.1443
vt 0.5853 0.1413
vt 0.5930 0.1556
vt 0.5820 0.1555
vt 0.6148 0.0950
vt 0.6108 0.0799
vt 0.6190 0.0858
vt 0.6148 0.0950
vt 0.6312 0.0981
vt 0.6202 0.1063
vt 0.6420 0.1368
vt 0.6500 0.1433
vt 0.6334 0.1423
vt 0.6079 0.1089
vt 0.6289 0.0846
vt 0.6108 0.0799
vt 0.6108 0.0799
vt 0.5957 0.0843
vt 0.5981 0.0742
vt 0.3361 0.2424
vt 0.3413 0.2293
vt 0.3559 0.2324
vt 0.2815 0.2150
vt 0.2742 0.2243
vt 0.2698 0.2132
vt 0.2996 0.1750
vt 0.2985 0.1641
vt 0.3148 0.1701
vt 0.3248 0.2097
vt 0.3259 0.1961
vt 0.3368 0.2026
vt 0.3413 0.2293
vt 0.1660 0.2267
vt 0.1660 0.2267
vt 0.1542 0.2445
vt 0.1481 0.2346
vt 0.1774 0.2443
vt 0.1658 0.2445
vt 0.1660 0.2267
vt 0.1542 0.2445
vt 0.1658 0.2445
vt 0.1951 0.2593
vt 0.1982 0.2711
vt 0.1792 0.2698
vt 0.1728 0.2824
vt 0.1728 0.2824
vt 0.1573 0.2887
vt 0.1640 0.2713
vt 0.1839 0.1159
vt 0.1773 0.1257
vt 0.1720 0.1164
vt 0.2095 0.1357
vt 0.1925 0.1288
vt 0.2033 0.1242
vt 0.2027 0.1586
vt 0.1930 0.1664
vt 0.1946 0.1441
vt 0.3114 0.1857
vt 0.2924 0.1886
vt 0.2996 0.1750
vt 0.2108 0.1681
vt 0.3062 0.1415
vt 0.3004 0.1319
vt 0.3111 0.1280
vt 0.2839 0.0916
vt 0.2793 0.1122
vt 0.2902 0.1184
vt 0.2785 0.1264
vt 0.3724 0.1138
vt 0.3620 0.1062
vt 0.3765 0.0989
vt 0.3748 0.1782
vt 0.3583 0.1686
vt 0.3745 0.1662
vt 0.3486 0.1976
vt 0.3475 0.2096
vt 0.3368 0.2026
vt 0.6793 0.2161
vt 0.7320 0.1524
vt 0.7103 0.1581
vt 0.6930 0.1271
vt 0.6662 0.1929
vt 0.6517 0.2007
vt 0.6470 0.1916
vt 0.6444 0.1549
vt 0.3520 0.1837
vt 0.3583 0.1686
vt 0.3645 0.1843
vt 0.3838 0.1256
vt 0.3895 0.1604
vt 0.3591 0.1940
vt 0.3857 0.1731
vt 0.3745 0.1662
vt 0.3895 0.1604
vt 0.3486 0.1976
vt 0.3345 0.1854
vt 0.3520 0.1837
vt 0.2929 0.2118
vt 0.3142 0.2044
vt 0.3248 0.2097
vt 0.3160 0.2206
vt 0.1951 0.2593
vt 0.1925 0.1288
vt 0.1925 0.1288
vt 0.2105 0.1488
vt 0.2033 0.1242
vt 0.2227 0.1101
vt 0.2370 0.1156
vt 0.2273 0.1196
vt 0.2629 0.1456
vt 0.2512 0.1615
vt 0.2512 0.1418
vt 0.2095 0.1357
vt 0.2267 0.1301
vt 0.2212 0.1417
vt 0.2341 0.1411
vt 0.2889 0.1291
vt 0.2779 0.1387
vt 0.2742 0.1504
vt 0.2629 0.1456
vt 0.2779 0.1387
vt 0.2889 0.1291
vt 0.2920 0.1393
vt 0.2848 0.1476
vt 0.3904 0.0638
vt 0.3765 0.0989
vt 0.3621 0.0934
vt 0.3717 0.0843
vt 0.3717 0.0843
vt 0.3065 0.1565
vt 0.3169 0.1529
vt 0.3148 0.1701
vt 0.6462 0.2116
vt 0.6326 0.2229
vt 0.6344 0.2090
vt 0.6368 0.1900
vt 0.6470 0.1916
vt 0.6408 0.2001
vt 0.6558 0.2301
vt 0.6435 0.2356
vt 0.6466 0.2237
vt 0.6891 0.2066
vt 0.6919 0.2200
vt 0.7413 0.1760
vt 0.6644 0.1435
vt 0.6777 0.1381
vt 0.6278 0.1285
vt 0.6334 0.1423
vt 0.6170 0.1388
vt 0.2665 0.1339
vt 0.2634 0.1629
vt 0.2423 0.1516
vt 0.2215 0.1537
vt 0.2341 0.1411
vt 0.4023 0.0599
vt 0.4096 0.0775
vt 0.3961 0.0761
vt 0.4023 0.0599
vt 0.4298 0.0579
vt 0.4286 0.0802
vt 0.4062 0.0880
vt 0.3908 0.1108
vt 0.3924 0.1206
vt 0.3838 0.1256
vt 0.3471 0.1542
vt 0.3357 0.1526
vt 0.2873 0.1772
vt 0.2855 0.1670
vt 0.2996 0.1750
vt 0.2920 0.1393
vt 0.2976 0.1493
vt 0.3062 0.1415
vt 0.3065 0.1565
vt 0.6408 0.2001
vt 0.6062 0.1872
vt 0.5890 0.1868
vt 0.5977 0.1811
vt 0.6662 0.1929
vt 0.6530 0.1832
vt 0.6695 0.1770
vt 0.6462 0.2116
vt 0.6579 0.2181
vt 0.6466 0.2237
vt 0.6919 0.2200
vt 0.6662 0.1929
vt 0.6832 0.1943
vt 0.6777 0.2045
vt 0.6973 0.1563
vt 0.6973 0.1563
vt 0.6987 0.1945
vt 0.6911 0.1866
vt 0.7034 0.1793
vt 0.7413 0.1760
vt 0.7474 0.1845
vt 0.7342 0.1849
vt 0.6957 0.2460
vt 0.7127 0.2181
vt 0.7022 0.2129
vt 0.7134 0.2075
vt 0.6987 0.1945
vt 0.6891 0.2066
vt 0.6832 0.1943
vt 0.7140 0.2353
vt 0.7231 0.2513
vt 0.6617 0.2019
vt 0.7022 0.2129
vt 0.6987 0.1945
vt 0.7088 0.1978
vt 0.7127 0.1879
vt 0.7456 0.1947
vt 0.6753 0.1865
vt 0.7137 0.1719
vt 0.7034 0.1793
vt 0.7002 0.1678
vt 0.7127 0.1879
vt 0.7229 0.1829
vt 0.7260 0.1982
vt 0.7088 0.1978
vt 0.7229 0.1829
vt 0.7137 0.1719
vt 0.7496 0.2066
vt 0.7247 0.2097
vt 0.6802 0.1733
vt 0.6912 0.1756
vt 0.7137 0.1719
vt 0.7456 0.1947
vt 0.7372 0.2045
vt 0.7342 0.1849
vt 0.7481 0.2230
vt 0.6848 0.1630
vt 0.6939 0.1379
vt 0.7060 0.1330
vt 0.6939 0.1379
vt 0.2634 0.1629
vt 0.2752 0.1665
vt 0.2657 0.1750
vt 0.2471 0.2078
vt 0.2342 0.2123
vt 0.2431 0.1958
vt 0.2315 0.1925
vt 0.2389 0.1785
vt 0.2457 0.1860
vt 0.2634 0.1629
vt 0.2479 0.1721
vt 0.2512 0.1615
vt 0.2282 0.1638
vt 0.2211 0.1724
vt 0.4530 0.0744
vt 0.4245 0.1084
vt 0.4209 0.0989
vt 0.4327 0.0997
vt 0.4429 0.1119
vt 0.3882 0.0994
vt 0.6200 0.1975
vt 0.6344 0.2090
vt 0.6192 0.2132
vt 0.6410 0.1770
vt 0.6590 0.1741
vt 0.6529 0.1320
vt 0.6802 0.1733
vt 0.6571 0.1525
vt 0.6729 0.1550
vt 0.6551 0.1640
vt 0.6729 0.1550
vt 0.6802 0.1733
vt 0.6695 0.1770
vt 0.6551 0.1640
vt 0.6590 0.1741
vt 0.6410 0.1770
vt 0.2282 0.1638
vt 0.2479 0.1721
vt 0.1982 0.1912
vt 0.2125 0.1798
vt 0.2071 0.1983
vt 0.2125 0.1798
vt 0.2182 0.1938
vt 0.2125 0.1798
vt 0.2238 0.1832
vt 0.2315 0.1925
vt 0.2101 0.2539
vt 0.2176 0.2473
vt 0.2259 0.2530
vt 0.1968 0.2406
vt 0.1861 0.2367
vt 0.1980 0.2284
vt 0.4377 0.0757
vt 0.4460 0.0828
vt 0.4209 0.0989
vt 0.4512 0.0380
vt 0.4530 0.0588
vt 0.4479 0.0495
vt 0.4626 0.0491
vt 0.4258 0.0899
vt 0.4479 0.0495
vt 0.4512 0.0380
vt 0.4628 0.0628
vt 0.4647 0.0744
vt 0.4460 0.0828
vt 0.4589 0.0871
vt 0.4477 0.1025
vt 0.4428 0.0932
vt 0.4672 0.0946
vt 0.6517 0.2007
vt 0.6199 0.2384
vt 0.6192 0.2132
vt 0.5869 0.2458
vt 0.6753 0.1865
vt 0.6062 0.1872
vt 0.6224 0.1782
vt 0.6260 0.1885
vt 0.6120 0.1572
vt 0.6082 0.1463
vt 0.6231 0.1503
vt 0.2389 0.1785
vt 0.2171 0.2125
vt 0.2080 0.2215
vt 0.2061 0.2096
vt 0.1774 0.2443
vt 0.4001 0.1269
vt 0.4085 0.1147
vt 0.4162 0.1273
vt 0.3997 0.1028
vt 0.4703 0.1105
vt 0.4465 0.1273
vt 0.4314 0.1223
vt 0.4429 0.1119
vt 0.4327 0.0997
vt 0.5777 0.2541
vt 0.5755 0.2416
vt 0.5869 0.2458
vt 0.5881 0.2148
vt 0.5929 0.2352
vt 0.5802 0.2275
vt 0.5690 0.2316
vt 0.5929 0.2352
vt 0.6061 0.2174
vt 0.6027 0.2287
vt 0.5786 0.2114
vt 0.6027 0.2287
vt 0.5977 0.1811
vt 0.6260 0.1885
vt 0.6021 0.1608
vt 0.6444 0.1549
vt 0.6357 0.1644
vt 0.6226 0.1650
vt 0.6357 0.1644
vt 0.6224 0.1782
vt 0.6006 0.1330
vt 0.6244 0.1190
vt 0.6404 0.1166
vt 0.6278 0.1285
vt 0.6231 0.1503
vt 0.6420 0.1368
vt 0.6278 0.1285
vt 0.6426 0.1264
vt 0.6012 0.1198
vt 0.6102 0.1754
vt 0.2061 0.2096
vt 0.4148 0.1071
vt 0.4314 0.1223
vt 0.4162 0.1273
vt 0.4187 0.1171
vt 0.4079 0.1365
vt 0.3997 0.1028
vt 0.3882 0.0994
vt 0.3908 0.1108
vt 0.3809 0.1081
vt 0.4148 0.1071
vt 0.5114 0.1235
vt 0.4902 0.1562
vt 0.4743 0.1244
vt 0.4834 0.1339
vt 0.4735 0.1391
vt 0.5313 0.1345
vt 0.5244 0.1211
vt 0.5387 0.1249
vt 0.4934 0.1148
vt 0.4975 0.1829
vt 0.5066 0.1957
vt 0.4946 0.1983
vt 0.4834 0.1339
vt 0.5197 0.1433
vt 0.5051 0.1502
vt 0.5293 0.1695
vt 0.5270 0.1577
vt 0.5270 0.1577
vt 0.5015 0.1661
vt 0.4802 0.1473
vt 0.5199 0.1316
vt 0.5183 0.1663
vt 0.5015 0.1661
vt 0.5119 0.1768
vt 0.5199 0.1316
vt 0.4180 0.1420
vt 0.5754 0.2018
vt 0.5690 0.2316
vt 0.5690 0.2316
vt 0.5584 0.2214
vt 0.5698 0.2164
vt 0.5969 0.1443
vt 0.6082 0.1463
vt 0.6006 0.1330
vt 0.6108 0.1301
vt 0.6231 0.1503
vt 0.6120 0.1572
vt 0.6226 0.1650
vt 0.6102 0.1754
vt 0.6170 0.1388
vt 0.6148 0.0950
vt 0.4079 0.1365
vt 0.3900 0.1440
vt 0.3914 0.1333
vt 0.3797 0.1429
vt 0.3900 0.1440
vt 0.3782 0.1532
vt 0.4614 0.1219
vt 0.4584 0.1369
vt 0.4465 0.1273
vt 0.4696 0.2109
vt 0.4538 0.2140
vt 0.4593 0.2010
vt 0.4735 0.1391
vt 0.4644 0.1488
vt 0.4584 0.1369
vt 0.4874 0.1235
vt 0.4614 0.1219
vt 0.4546 0.1123
vt 0.4286 0.1375
vt 0.4384 0.1340
vt 0.4177 0.1563
vt 0.4180 0.1420
vt 0.4287 0.1524
vt 0.3924 0.1206
vt 0.4624 0.1620
vt 0.4644 0.1488
vt 0.4770 0.1574
vt 0.4436 0.1431
vt 0.4088 0.1489
vt 0.4177 0.1563
vt 0.4056 0.1619
vt 0.3914 0.1333
vt 0.4187 0.1171
vt 0.4968 0.2104
vt 0.4518 0.1537
vt 0.4518 0.1537
vt 0.4513 0.1653
vt 0.4380 0.1623
vt 0.4088 0.1489
vt 0.3978 0.1525
vt 0.4079 0.1365
vt 0.3978 0.1525
vt 0.3649 0.1577
vt 0.4802 0.1473
vt 0.4865 0.1804
vt 0.4441 0.1745
vt 0.4300 0.1801
vt 0.3920 0.1848
vt 0.4046 0.1937
vt 0.3896 0.1978
vt 0.3912 0.2113
vt 0.3782 0.1532
vt 0.3900 0.1440
vt 0.4902 0.1562
vt 0.4975 0.1829
vt 0.3788 0.2056
vt 0.3617 0.2048
vt 0.3763 0.1925
vt 0.3788 0.2056
vt 0.3920 0.1848
vt 0.3763 0.1925
vt 0.4148 0.1806
vt 0.4234 0.2448
vt 0.4165 0.2368
vt 0.4323 0.2333
vt 0.4043 0.1829
vt 0.4098 0.2088
vt 0.4046 0.1937
vt 0.4199 0.1964
vt 0.3997 0.2038
vt 0.4148 0.1806
vt 0.4043 0.1829
vt 0.4238 0.2099
vt 0.4354 0.2068
vt 0.4238 0.2099
vt 0.4313 0.1933
vt 0.4347 0.2188
vt 0.4403 0.1856
vt 0.4313 0.1933
vt 0.4300 0.1801
vt 0.4746 0.1857
vt 0.4323 0.2333
vt 0.4538 0.2140
vt 0.4604 0.2217
vt 0.4546 0.2301
vt 0.6559 0.1201
vt 0.6144 0.1200
vt 0.6108 0.1301
vt 0.6012 0.1198
vt 0.4425 0.1971
vt 0.4425 0.1971
vt 0.4429 0.2276
vt 0.4454 0.2435
vt 0.6144 0.1200
vt 0.6202 0.1063
vt 0.6314 0.1118
vt 0.6314 0.1118
vt 0.6594 0.1071
vt 0.6485 0.1104
vt 0.6575 0.0959
vt 0.6190 0.0858
vt 0.6372 0.0770
vt 0.6418 0.0894
vt 0.6312 0.0981
vt 0.6289 0.0846
vt 0.6423 0.1008
vt 0.4932 0.2372
vt 0.4429 0.2276
vt 0.4538 0.2140
vt 0.4512 0.1895
vt 0.4844 0.1915
vt 0.4833 0.2058
vt 0.4721 0.1968
vt 0.4563 0.1766
vt 0.4512 0.1895
vt 0.4441 0.1745
vt 0.4625 0.1873
vt 0.4625 0.1873
vt 0.4721 0.1968
vt 0.4946 0.1983
vt 0.4604 0.2217
vt 0.4746 0.1857
vt 0.4855 0.2216
vt 0.4833 0.2058
vt 0.4968 0.2104
vt 0.4885 0.2504
vt 0.4817 0.2406
vt 0.4735 0.2525
vt 0.4663 0.2400
vt 0.4793 0.2302
vt 0.4865 0.1804
vt 0.2101 0.2539
vt 0.2173 0.2680
vt 0.2070 0.2645
vt 0.2170 0.2372
vt 0.2003 0.2504
vt 0.1972 0.2166
vt 0.2171 0.2125
vt 0.2071 0.1983
vt 0.2182 0.1938
vt 0.2342 0.2123
vt 0.2260 0.2217
vt 0.2171 0.2125
vt 0.2169 0.2268
vt 0.1980 0.2284
vt 0.2080 0.2215
vt 0.2169 0.2268
vt 0.1972 0.2166
vt 0.2258 0.2031
vt 0.2439 0.2201
vt 0.2315 0.1925
vt 0.2662 0.2018
vt 0.2545 0.1809
vt 0.2647 0.1889
vt 0.2547 0.1986
vt 0.2545 0.1809
vt 0.2819 0.1917
vt 0.2662 0.2018
vt 0.2647 0.1889
vt 0.2698 0.2132
vt 0.2849 0.2021
vt 0.2759 0.1826
vt 0.2819 0.1917
vt 0.2924 0.1886
vt 0.2752 0.1665
vt 0.2896 0.1575
vt 0.2752 0.1665
vt 0.2742 0.1504
vt 0.2985 0.1641
vt 0.3289 0.1730
vt 0.3345 0.1854
vt 0.3114 0.1857
vt 0.3431 0.1749
vt 0.3364 0.1642
vt 0.3357 0.1526
vt 0.3471 0.1542
vt 0.3552 0.1452
vt 0.3649 0.1577
vt 0.3471 0.1542
vt 0.3480 0.1651
vt 0.3613 0.1320
vt 0.3673 0.1452
vt 0.3740 0.1342
vt 0.3797 0.1429
vt 0.3431 0.1749
vt 0.3289 0.1730
vt 0.3364 0.1642
vt 0.3480 0.1651
vt 0.3673 0.1452
vt 0.3692 0.1243
vt 0.3562 0.1184
vt 0.3724 0.1138
vt 0.3345 0.1854
vt 0.3229 0.1831
vt 0.4592 0.2607
f 75/1 37/2 36/3
f 35/4 34/5 73/6
f 74/7 36/8 35/9
f 39/10 37/2 75/1
f 39/10 38/11 37/2
f 44/12 74/13 73/14
f 75/1 36/3 74/7
f 74/7 35/9 73/14
f 45/15 73/16 72/17
f 34/5 72/17 73/6
f 75/1 74/7 43/18
f 34/5 33/19 72/17
f 70/20 32/21 31/22
f 29/23 28/24 68/25
f 30/26 29/27 69/28
f 69/28 31/29 30/26
f 33/19 71/30 72/17
f 33/19 32/31 71/30
f 70/20 71/30 32/21
f 31/29 69/28 70/20
f 69/32 68/33 49/34
f 71/30 70/20 47/35
f 29/23 68/25 69/28
f 71/30 46/36 72/17
f 28/24 27/37 68/25
f 69/28 48/38 70/20
f 39/10 75/1 40/39
f 41/40 42/41 1/42
f 40/39 75/1 41/43
f 42/41 41/40 75/1
f 40/39 41/43 1/42
f 42/41 76/44 1/42
f 76/44 42/41 43/45
f 76/46 44/47 2/48
f 44/47 76/46 43/45
f 2/48 44/47 3/49
f 76/44 2/48 1/42
f 75/1 43/18 42/41
f 44/12 43/45 74/13
f 4/50 45/51 46/52
f 44/12 73/14 45/15
f 47/35 46/36 71/30
f 70/20 48/38 47/35
f 48/53 49/54 7/55
f 46/36 47/35 5/56
f 72/17 46/36 45/15
f 48/38 6/57 47/35
f 4/50 3/58 45/51
f 46/36 5/56 4/50
f 47/35 6/57 5/56
f 48/53 7/55 6/57
f 7/55 49/54 8/59
f 45/51 3/58 44/12
f 69/28 49/34 48/38
f 49/34 68/33 50/60
f 26/61 25/62 67/63
f 24/64 23/65 65/66
f 25/67 24/68 66/69
f 67/70 50/60 68/33
f 27/71 26/61 67/63
f 66/69 67/63 25/67
f 24/68 65/66 66/69
f 54/72 65/73 64/74
f 52/75 67/63 66/69
f 23/65 64/74 65/66
f 65/66 53/76 66/69
f 23/65 22/77 64/74
f 63/78 22/79 21/80
f 61/81 20/82 19/83
f 21/84 20/85 62/86
f 19/87 18/88 17/89
f 56/90 63/91 62/92
f 62/86 63/91 21/84
f 61/93 17/94 16/95
f 61/81 62/86 20/82
f 62/86 61/81 57/96
f 19/83 17/89 61/81
f 64/97 63/98 55/99
f 22/79 63/78 64/74
f 61/93 16/95 59/100
f 50/101 51/102 8/103
f 50/101 67/70 51/102
f 52/104 53/105 10/106
f 51/102 67/70 52/75
f 66/69 53/76 52/75
f 51/102 52/75 9/107
f 8/103 51/102 9/107
f 53/105 11/108 10/106
f 10/106 9/107 52/104
f 11/109 54/110 12/111
f 11/108 53/105 54/110
f 53/76 65/66 54/110
f 50/101 8/103 49/34
f 13/112 55/113 56/114
f 55/99 54/72 64/97
f 61/81 58/115 57/96
f 58/115 61/81 59/100
f 60/116 57/96 58/115
f 56/117 57/96 60/116
f 56/90 62/92 57/96
f 59/100 15/118 58/115
f 12/119 55/113 13/112
f 14/120 60/121 15/122
f 14/123 13/112 56/114
f 15/122 60/121 58/115
f 60/121 14/120 56/117
f 59/100 16/95 15/118
f 55/113 12/119 54/72
f 63/98 56/90 55/99
f 67/63 68/33 27/71
f 108/124 145/125 109/126
f 107/127 106/128 143/129
f 144/130 108/131 107/132
f 17/133 18/134 110/135
f 110/135 109/136 17/133
f 107/132 143/129 144/130
f 115/137 143/138 142/139
f 114/140 144/130 143/129
f 106/128 142/139 143/129
f 108/124 144/130 145/125
f 106/128 105/141 142/139
f 104/142 103/143 140/144
f 101/145 100/146 138/147
f 103/148 102/149 139/150
f 139/150 102/149 101/151
f 105/141 141/152 142/139
f 105/141 104/153 141/152
f 140/144 141/152 104/142
f 103/143 139/150 140/144
f 139/154 138/155 119/156
f 141/152 140/144 117/157
f 101/151 138/147 139/150
f 141/152 116/158 142/139
f 100/146 99/159 138/147
f 139/150 118/160 140/144
f 16/161 17/162 145/163
f 145/164 112/165 111/166
f 112/165 145/164 113/167
f 111/166 112/165 15/168
f 145/164 111/166 16/161
f 17/133 109/136 145/163
f 16/161 111/166 15/168
f 112/165 146/169 15/168
f 146/169 112/165 113/167
f 146/170 114/171 77/172
f 114/171 146/170 113/167
f 77/172 114/171 78/173
f 146/170 77/172 15/168
f 145/164 144/130 113/167
f 114/140 113/167 144/130
f 79/174 115/175 116/176
f 114/140 143/129 115/137
f 117/157 116/158 141/152
f 140/144 118/160 117/157
f 118/177 119/178 82/179
f 116/158 117/157 80/180
f 142/139 116/158 115/137
f 118/160 81/181 117/157
f 79/174 78/182 115/175
f 80/180 79/174 116/158
f 80/180 117/157 81/181
f 118/160 82/179 81/181
f 82/179 119/178 83/183
f 115/137 78/182 114/140
f 139/150 119/156 118/160
f 119/156 138/155 120/184
f 98/185 97/186 137/187
f 97/188 96/189 136/190
f 135/191 96/192 95/193
f 137/194 120/184 138/155
f 99/195 98/185 137/187
f 136/190 137/187 97/188
f 96/192 135/191 136/190
f 124/196 135/197 134/198
f 137/187 136/190 122/199
f 95/193 134/198 135/191
f 135/191 123/200 136/190
f 95/193 94/201 134/198
f 132/202 93/203 92/204
f 39/205 91/206 90/207
f 92/208 91/209 131/210
f 90/207 38/211 39/205
f 94/201 133/212 134/198
f 94/201 93/213 133/212
f 132/202 133/212 93/203
f 92/208 131/210 132/202
f 131/214 39/215 40/216
f 133/212 132/202 126/217
f 91/206 39/205 131/210
f 133/212 125/218 134/198
f 131/210 127/219 132/202
f 83/220 120/221 121/222
f 121/223 137/187 122/199
f 85/224 122/225 123/226
f 123/200 122/225 136/190
f 123/200 135/191 124/196
f 121/223 122/199 84/227
f 121/223 120/221 137/187
f 123/200 124/196 86/228
f 84/227 83/220 121/223
f 86/228 85/224 123/200
f 87/229 86/228 124/196
f 84/227 122/199 85/224
f 124/196 125/230 87/229
f 120/184 83/220 119/156
f 88/231 125/232 126/233
f 125/232 133/212 126/233
f 131/210 128/234 127/219
f 127/219 126/217 132/202
f 131/210 129/235 128/234
f 126/217 127/219 130/236
f 124/196 134/198 125/230
f 128/234 130/236 127/219
f 88/231 126/233 89/237
f 128/234 1/238 130/236
f 89/237 126/233 130/236
f 1/239 129/240 40/241
f 130/236 1/238 89/237
f 129/240 1/239 128/234
f 125/232 88/231 87/229
f 129/240 131/210 40/241
f 137/187 138/155 99/195
f 258/242 172/243 173/244
f 292/245 376/246 501/247
f 171/248 172/249 257/250
f 294/251 364/252 363/253
f 172/249 258/242 257/250
f 245/254 246/255 405/256
f 260/257 175/258 176/259
f 199/260 416/261 198/262
f 257/250 256/263 171/248
f 175/264 259/265 174/266
f 330/267 257/268 331/269
f 174/266 259/265 173/270
f 176/271 177/272 261/273
f 447/274 275/275 448/276
f 426/277 297/278 446/279
f 171/248 256/263 170/280
f 168/281 169/282 255/283
f 361/284 234/285 235/286
f 252/287 165/288 166/289
f 540/290 583/291 268/292
f 369/293 505/294 506/295
f 167/296 253/297 166/298
f 167/299 168/300 254/301
f 298/302 320/303 296/304
f 255/283 254/301 168/281
f 255/305 170/280 256/263
f 348/306 255/307 347/308
f 252/287 166/289 253/297
f 253/297 167/296 254/301
f 347/308 255/307 256/263
f 347/309 330/310 332/311
f 170/280 255/305 169/282
f 413/312 264/313 414/314
f 165/288 252/287 164/315
f 257/268 330/267 256/263
f 340/316 339/317 279/318
f 179/319 180/320 178/321
f 321/322 387/323 308/324
f 374/325 181/326 182/327
f 338/328 336/329 321/330
f 337/331 336/332 253/333
f 374/334 183/335 184/336
f 348/306 254/301 255/307
f 181/337 262/338 180/339
f 376/340 377/341 186/342
f 334/343 335/344 287/345
f 316/346 377/347 375/348
f 435/349 334/350 318/351
f 334/350 333/352 318/351
f 502/353 190/354 191/355
f 334/350 435/349 386/356
f 187/357 376/340 186/342
f 381/358 319/359 380/360
f 184/361 185/362 377/363
f 261/273 260/257 176/271
f 177/272 262/364 261/273
f 259/265 258/242 173/270
f 175/264 260/257 259/265
f 261/273 262/364 316/365
f 373/366 260/367 315/368
f 189/369 502/370 188/371
f 262/364 177/272 178/372
f 499/373 500/374 542/375
f 348/376 352/377 388/378
f 646/379 194/380 644/381
f 646/379 193/382 194/380
f 313/383 330/267 331/269
f 428/384 375/385 292/386
f 353/387 408/388 409/389
f 180/339 262/338 178/321
f 646/390 191/391 192/392
f 314/393 258/242 259/265
f 305/394 333/395 289/396
f 391/397 321/322 308/324
f 354/398 350/399 393/400
f 336/329 338/328 252/401
f 162/402 163/403 250/404
f 289/396 333/395 288/405
f 248/406 160/407 161/408
f 280/409 281/410 399/411
f 161/412 162/413 249/414
f 246/415 247/416 344/417
f 251/418 250/404 163/403
f 251/419 164/315 252/287
f 342/420 248/421 249/422
f 248/421 161/408 249/422
f 249/414 162/413 250/404
f 344/423 460/424 405/425
f 343/426 349/427 350/428
f 164/315 251/419 163/403
f 360/429 295/430 97/431
f 160/407 248/406 247/432
f 247/416 246/415 159/433
f 342/420 247/432 248/421
f 246/415 158/434 159/433
f 158/434 246/415 245/254
f 158/434 245/254 157/435
f 284/436 285/437 329/438
f 342/420 344/417 247/432
f 247/432 159/433 160/407
f 157/439 244/440 156/441
f 244/440 157/439 245/254
f 156/442 243/443 155/444
f 243/443 156/442 244/440
f 242/445 155/444 243/443
f 537/446 539/447 357/448
f 339/317 278/449 279/318
f 337/331 321/330 336/332
f 251/419 252/287 338/328
f 387/323 321/322 337/331
f 456/450 459/451 457/452
f 258/242 314/393 331/453
f 242/454 241/455 154/456
f 455/457 244/440 245/254
f 241/455 153/458 154/456
f 153/458 241/455 240/459
f 153/458 240/459 152/460
f 436/461 306/462 378/463
f 552/464 241/455 242/454
f 242/445 154/456 155/444
f 152/465 239/466 151/467
f 239/466 152/465 240/459
f 150/468 151/469 238/470
f 238/470 151/469 239/466
f 239/466 488/471 238/470
f 150/468 238/470 237/472
f 440/473 445/474 441/475
f 370/476 94/477 95/478
f 486/479 487/480 552/481
f 387/323 390/482 308/324
f 237/472 149/483 150/468
f 237/472 236/484 149/483
f 236/484 148/485 149/483
f 148/485 236/484 235/486
f 148/485 235/486 147/487
f 340/316 324/488 339/317
f 361/489 295/430 360/429
f 453/490 331/491 384/492
f 147/493 234/494 100/495
f 234/285 147/493 235/286
f 373/496 304/497 372/498
f 99/499 100/495 234/494
f 99/499 234/494 360/500
f 316/365 262/364 374/501
f 363/253 364/252 295/502
f 379/503 448/504 643/505
f 236/506 479/507 362/508
f 316/365 315/509 261/273
f 486/510 242/445 243/443
f 566/511 516/512 571/513
f 489/514 425/515 488/516
f 260/367 373/366 259/265
f 646/379 644/381 434/517
f 341/518 339/317 324/488
f 645/519 195/520 196/521
f 330/267 313/383 332/311
f 645/522 197/523 198/524
f 329/525 449/526 450/527
f 257/268 258/242 331/269
f 644/381 194/380 645/528
f 199/260 415/529 416/261
f 328/530 402/531 346/532
f 200/533 201/534 415/535
f 327/536 356/537 344/538
f 342/420 249/422 349/539
f 475/540 202/541 203/542
f 450/527 383/543 329/525
f 200/533 415/535 199/260
f 285/544 286/545 381/546
f 490/547 429/548 291/549
f 204/550 475/540 203/542
f 605/551 471/552 309/553
f 204/554 205/555 263/556
f 282/557 345/558 346/559
f 263/556 205/555 206/560
f 263/556 475/540 204/554
f 368/561 468/562 526/563
f 264/313 413/312 263/564
f 207/565 264/313 263/564
f 442/566 380/360 319/359
f 264/567 208/568 265/569
f 208/568 264/567 207/565
f 265/569 208/568 266/570
f 584/571 417/572 418/573
f 451/574 311/575 452/576
f 207/565 263/564 206/560
f 401/577 341/518 324/488
f 413/578 415/579 475/580
f 407/581 472/582 570/583
f 265/569 266/570 473/584
f 266/585 209/586 267/587
f 209/586 266/585 208/568
f 267/588 210/589 268/590
f 210/589 267/588 209/586
f 268/590 210/589 211/591
f 268/592 269/593 549/594
f 298/302 296/304 305/595
f 411/596 474/597 537/598
f 212/599 269/593 268/592
f 272/600 273/601 485/602
f 269/603 213/604 270/605
f 213/604 269/603 212/599
f 270/605 213/604 271/606
f 480/607 481/608 420/609
f 305/595 296/304 318/610
f 212/599 268/592 211/591
f 296/611 427/612 378/613
f 480/614 269/603 270/605
f 271/615 214/616 272/617
f 214/616 271/615 213/604
f 273/601 272/600 216/618
f 215/619 272/617 214/616
f 216/618 272/600 215/619
f 276/620 448/276 275/275
f 428/621 430/622 372/623
f 481/624 547/625 585/626
f 216/627 217/628 274/629
f 315/509 316/365 304/630
f 217/628 275/631 274/629
f 275/631 217/628 218/632
f 275/631 218/632 219/633
f 643/634 277/635 341/636
f 340/316 395/637 324/488
f 216/618 274/629 273/601
f 94/477 370/476 320/638
f 336/329 252/401 253/333
f 335/639 319/359 381/358
f 545/640 481/641 544/642
f 340/316 279/318 280/643
f 277/635 278/644 341/636
f 333/395 334/350 288/405
f 219/633 276/620 275/631
f 97/645 365/646 96/647
f 231/648 288/649 287/650
f 402/531 403/651 346/532
f 305/394 318/610 333/395
f 284/652 283/653 226/654
f 283/655 345/558 282/557
f 334/343 319/359 335/344
f 286/656 287/345 335/344
f 227/657 285/437 284/436
f 289/396 288/405 231/648
f 284/652 383/658 283/653
f 402/659 452/576 311/575
f 276/620 219/633 277/660
f 287/345 286/656 230/661
f 92/662 317/663 91/664
f 97/431 98/665 360/429
f 378/613 318/610 296/611
f 96/666 297/667 370/668
f 96/666 370/668 95/478
f 288/405 334/350 287/650
f 365/669 295/502 364/252
f 298/302 305/595 317/670
f 290/671 289/672 232/673
f 290/674 317/670 305/595
f 285/544 381/546 329/438
f 298/302 317/670 92/662
f 91/664 317/663 90/675
f 94/477 320/638 93/676
f 290/677 233/678 90/679
f 92/662 93/680 298/302
f 305/595 289/396 290/674
f 438/681 306/682 439/683
f 286/545 285/544 229/684
f 619/685 621/686 580/687
f 281/688 282/557 346/559
f 278/644 277/635 220/689
f 282/557 281/688 224/690
f 223/691 280/643 279/318
f 223/691 281/410 280/643
f 400/692 309/693 395/694
f 279/318 278/449 221/695
f 278/449 339/317 341/636
f 90/675 317/663 290/677
f 220/689 221/695 278/644
f 298/302 93/680 320/303
f 223/691 279/318 222/696
f 259/265 433/697 314/393
f 223/691 224/690 281/410
f 582/698 241/455 552/464
f 222/696 279/318 221/695
f 277/660 219/633 220/689
f 282/557 224/690 225/699
f 559/700 498/701 492/702
f 229/684 230/661 286/545
f 233/678 38/703 90/679
f 232/673 233/678 290/671
f 342/704 343/705 327/706
f 337/331 253/333 254/301
f 287/345 230/661 231/648
f 289/672 231/648 232/673
f 426/707 307/708 370/709
f 226/654 283/653 225/710
f 229/684 285/544 228/711
f 453/712 385/713 409/714
f 566/511 567/715 516/512
f 304/497 428/621 372/498
f 302/716 560/717 494/718
f 285/437 227/657 228/711
f 227/657 284/436 226/654
f 391/397 338/328 321/322
f 483/719 353/720 302/721
f 282/557 225/699 283/655
f 393/722 391/723 602/724
f 296/304 320/303 307/725
f 343/705 410/726 327/706
f 260/367 261/273 315/368
f 384/492 331/491 314/393
f 185/362 186/342 377/363
f 324/488 395/637 309/693
f 401/577 324/488 309/693
f 643/634 341/636 326/727
f 349/539 249/422 250/404
f 327/536 344/538 342/704
f 250/404 251/418 350/728
f 354/729 355/730 410/731
f 356/732 406/733 351/734
f 246/255 344/417 405/256
f 345/558 283/655 383/658
f 346/532 345/558 328/530
f 328/530 452/576 402/531
f 325/735 396/736 397/737
f 330/267 347/309 256/263
f 348/306 347/308 332/311
f 352/377 348/376 332/311
f 337/331 254/301 348/306
f 350/428 349/427 250/404
f 342/420 349/539 343/705
f 251/418 338/328 350/728
f 350/399 338/328 393/400
f 570/738 310/739 571/740
f 404/741 457/742 455/743
f 408/744 332/311 313/383
f 388/378 352/377 322/745
f 352/746 353/747 551/748
f 352/377 332/311 408/744
f 354/729 323/749 355/730
f 343/426 350/428 354/398
f 516/512 567/715 642/750
f 566/751 406/752 355/753
f 406/733 356/732 327/536
f 356/732 351/734 460/754
f 474/597 411/596 473/755
f 478/756 584/757 541/758
f 473/584 414/759 265/569
f 416/261 645/522 198/262
f 237/472 419/760 236/484
f 506/761 425/762 564/763
f 99/499 360/500 98/665
f 361/489 360/429 234/285
f 235/286 362/764 361/284
f 508/765 363/766 362/767
f 236/484 362/508 235/486
f 362/767 359/768 508/765
f 295/430 361/489 363/253
f 363/766 361/489 362/767
f 294/251 297/769 364/252
f 365/646 297/667 96/647
f 295/502 365/669 97/431
f 297/769 365/646 364/252
f 613/770 634/771 637/772
f 559/773 302/774 409/775
f 274/629 275/631 447/274
f 625/776 587/777 585/778
f 468/779 465/780 464/781
f 515/782 451/783 514/784
f 319/359 438/785 442/566
f 479/786 419/787 359/788
f 426/707 370/709 297/278
f 370/709 307/708 320/638
f 294/789 504/790 446/791
f 378/463 306/462 435/792
f 304/497 375/385 428/621
f 384/793 432/794 303/795
f 304/497 373/496 315/509
f 432/796 433/797 372/798
f 181/326 374/325 262/338
f 183/335 374/334 182/327
f 304/497 316/365 375/385
f 374/501 377/347 316/365
f 188/799 376/340 187/357
f 292/245 375/385 376/246
f 377/363 374/501 184/361
f 375/348 377/347 376/246
f 427/612 296/611 307/725
f 378/463 427/612 436/461
f 607/800 580/801 606/802
f 447/803 606/804 621/805
f 319/359 386/806 438/785
f 450/527 449/526 312/807
f 335/639 381/358 286/656
f 381/358 380/360 449/808
f 450/809 451/810 382/811
f 328/530 345/558 383/658
f 329/438 383/543 284/436
f 383/658 382/812 328/530
f 432/794 384/793 314/393
f 303/795 498/813 384/793
f 498/814 430/815 431/816
f 559/773 409/775 385/713
f 436/461 439/683 306/462
f 319/359 334/343 386/806
f 337/331 388/817 387/323
f 550/818 390/819 388/820
f 348/376 388/378 337/331
f 388/820 322/745 550/818
f 484/821 551/822 483/823
f 636/824 640/825 389/826
f 388/817 390/819 387/323
f 390/827 389/826 640/825
f 394/828 391/397 308/324
f 394/828 602/724 391/397
f 640/825 308/324 390/827
f 638/829 641/830 635/831
f 393/400 323/749 354/398
f 338/328 391/397 393/400
f 635/832 394/828 308/324
f 392/833 568/834 602/835
f 340/316 396/836 395/637
f 396/837 398/838 400/839
f 399/411 340/316 280/409
f 398/838 396/837 325/735
f 397/737 396/736 340/316
f 346/840 397/841 399/842
f 522/843 402/659 311/575
f 467/844 400/839 398/838
f 346/840 399/842 281/688
f 340/316 399/411 397/737
f 396/836 400/839 395/637
f 467/844 398/838 466/845
f 471/552 401/577 309/553
f 326/727 341/636 401/577
f 521/846 522/843 311/575
f 397/737 403/847 325/735
f 346/532 403/651 397/841
f 525/848 402/659 522/843
f 406/733 472/849 351/734
f 245/254 404/741 455/457
f 460/424 344/423 356/732
f 245/254 405/256 404/741
f 406/733 327/536 410/726
f 472/849 406/733 310/850
f 470/851 461/852 462/853
f 458/854 456/450 457/452
f 409/389 408/388 313/383
f 352/377 408/744 353/747
f 409/714 313/383 453/712
f 353/720 409/389 302/721
f 354/729 410/731 343/426
f 406/752 410/726 355/753
f 474/855 266/585 267/587
f 477/856 414/857 411/858
f 480/859 482/860 549/861
f 483/862 494/863 421/864
f 264/313 265/569 414/314
f 415/579 413/578 358/865
f 357/866 541/867 477/868
f 413/312 414/314 476/869
f 416/261 415/529 358/865
f 475/540 201/870 202/541
f 358/865 417/871 416/261
f 644/872 416/261 417/871
f 418/573 417/572 358/865
f 644/872 417/871 293/873
f 476/874 418/573 358/865
f 477/868 541/867 418/875
f 238/876 506/877 562/878
f 507/879 505/294 369/293
f 544/880 480/614 270/605
f 600/881 561/882 587/883
f 495/884 366/885 612/886
f 551/822 484/821 550/887
f 623/888 621/889 622/890
f 481/641 545/640 547/625
f 463/891 244/440 455/457
f 533/892 487/893 535/894
f 520/895 528/896 530/897
f 565/898 443/899 512/900
f 489/901 239/466 240/459
f 511/902 564/903 592/904
f 446/279 297/278 294/789
f 371/905 436/461 427/612
f 307/725 426/707 427/612
f 371/905 427/612 426/707
f 429/906 428/384 292/386
f 430/907 303/795 432/794
f 499/908 429/906 292/386
f 478/909 555/910 542/911
f 490/547 428/384 429/548
f 430/815 490/912 431/816
f 431/913 291/914 554/915
f 384/793 498/813 385/916
f 433/797 432/796 314/393
f 430/622 432/794 372/623
f 259/265 373/366 433/697
f 372/798 433/797 373/496
f 376/246 502/917 501/247
f 191/355 646/390 502/353
f 435/349 306/462 386/356
f 318/351 378/613 435/349
f 504/790 444/918 446/791
f 437/919 512/900 443/899
f 439/920 441/921 437/922
f 312/807 449/526 509/923
f 306/462 438/681 386/356
f 438/785 437/924 442/566
f 441/921 439/920 444/925
f 437/924 438/785 439/920
f 444/926 436/461 371/905
f 419/787 503/927 359/788
f 444/925 439/920 436/461
f 503/928 507/929 440/930
f 443/899 442/566 437/919
f 509/923 449/526 380/360
f 512/931 441/475 445/474
f 451/932 312/933 510/934
f 446/791 444/918 371/905
f 441/921 444/925 440/473
f 445/935 507/936 563/937
f 301/938 565/939 511/940
f 426/707 446/279 371/905
f 359/788 503/927 504/941
f 447/803 379/942 606/804
f 623/888 633/943 621/889
f 643/505 448/504 276/620
f 447/274 448/276 379/942
f 381/358 449/808 329/438
f 509/923 380/360 442/566
f 451/810 450/809 312/933
f 383/658 450/527 382/812
f 312/933 509/923 510/934
f 510/934 514/784 451/932
f 328/530 382/812 452/576
f 451/574 452/576 382/811
f 331/491 453/490 313/383
f 384/793 385/916 453/490
f 620/944 610/945 619/946
f 471/552 326/727 401/577
f 460/947 457/742 404/741
f 243/443 244/440 463/891
f 456/450 458/854 461/948
f 368/949 535/950 518/951
f 457/742 460/947 458/854
f 456/952 470/953 647/954
f 472/849 458/955 351/734
f 461/948 458/854 407/956
f 486/957 463/958 459/959
f 457/452 459/451 463/958
f 460/424 404/741 405/425
f 351/734 458/955 460/754
f 462/960 407/961 572/962
f 461/852 407/956 462/853
f 465/963 462/964 300/965
f 465/780 468/779 470/966
f 457/452 463/958 455/743
f 459/959 423/967 486/957
f 465/968 466/969 581/970
f 465/780 581/970 464/781
f 466/969 465/968 300/965
f 464/781 526/563 468/779
f 400/839 467/844 309/693
f 524/971 581/972 398/973
f 300/965 578/974 466/969
f 578/974 467/844 466/969
f 368/949 518/951 647/975
f 470/953 456/952 461/852
f 576/976 577/977 572/978
f 614/979 603/980 617/981
f 465/780 470/966 462/964
f 470/966 468/779 647/954
f 605/551 309/553 467/844
f 471/982 469/983 608/984
f 571/513 310/739 566/511
f 458/955 472/849 407/956
f 474/597 473/755 266/585
f 414/759 473/584 411/858
f 540/985 482/986 412/987
f 411/596 537/598 357/448
f 413/578 475/580 263/564
f 475/540 415/579 201/870
f 413/578 476/869 358/865
f 477/856 476/869 414/857
f 357/866 477/868 411/596
f 476/869 477/856 418/573
f 357/448 539/447 597/988
f 291/549 429/548 542/989
f 362/508 479/507 359/768
f 236/506 419/760 479/507
f 544/880 270/605 271/606
f 420/609 599/990 480/607
f 545/991 271/615 272/617
f 545/640 548/992 547/625
f 561/993 482/994 599/995
f 412/987 538/996 540/985
f 302/716 559/773 560/717
f 483/862 421/864 484/821
f 589/997 613/770 637/772
f 484/821 636/998 550/887
f 623/999 485/602 273/601
f 545/1000 485/1001 422/1002
f 463/891 486/957 243/443
f 487/480 486/479 423/967
f 533/892 535/894 531/1003
f 424/1004 534/1005 533/1006
f 489/514 488/516 239/466
f 506/761 488/516 425/762
f 536/1007 240/1008 582/1009
f 591/1010 553/1011 590/1012
f 431/816 490/912 291/914
f 428/384 490/547 430/622
f 291/914 555/1013 554/915
f 600/1014 495/1015 497/1016
f 554/915 492/1017 431/913
f 557/1018 492/1019 556/1020
f 557/1021 558/1022 496/1023
f 494/863 495/1024 421/864
f 302/721 494/718 483/719
f 495/1024 494/863 493/1025
f 497/1016 495/1015 493/1025
f 612/886 589/1026 495/884
f 497/1027 557/1021 496/1023
f 561/993 601/1028 482/994
f 557/1021 497/1027 493/1025
f 497/1027 496/1023 600/1014
f 430/815 498/814 303/795
f 492/702 498/701 431/913
f 501/247 499/908 292/245
f 500/374 499/373 434/1029
f 644/381 500/374 434/517
f 543/1030 542/375 500/374
f 376/340 188/799 502/917
f 499/908 501/247 434/1029
f 190/354 502/353 189/369
f 434/1029 501/247 502/917
f 505/1031 503/927 419/787
f 440/473 444/925 504/790
f 294/251 363/253 508/765
f 440/473 504/790 503/928
f 237/472 562/1032 419/760
f 369/293 563/937 507/879
f 505/1031 419/787 562/1032
f 488/516 506/761 238/470
f 440/930 507/929 445/474
f 503/928 505/1031 507/929
f 359/788 504/941 508/765
f 294/789 508/765 504/790
f 442/566 443/899 509/923
f 509/923 443/899 510/934
f 443/899 301/1033 510/934
f 514/784 513/1034 515/782
f 564/763 369/293 506/761
f 590/1035 425/515 489/514
f 441/475 512/931 437/922
f 445/935 563/937 565/1036
f 592/904 301/938 511/902
f 529/1037 368/561 526/563
f 510/934 301/1033 514/784
f 594/1038 301/938 592/904
f 522/1039 520/1040 523/1041
f 451/783 515/782 311/575
f 567/1042 355/730 323/749
f 573/1043 571/1044 454/1045
f 609/1046 608/1047 603/1048
f 616/1049 517/1050 609/1051
f 423/967 459/959 518/1052
f 459/451 456/450 647/954
f 325/1053 525/1054 524/1055
f 515/782 521/846 311/575
f 515/782 513/1034 521/846
f 519/1056 523/1057 530/1058
f 596/1059 528/1060 513/1061
f 521/846 520/1040 522/843
f 520/895 530/897 523/1041
f 525/848 403/651 402/659
f 524/1062 523/1057 519/1056
f 525/1054 523/1057 524/1055
f 524/971 519/1056 581/972
f 325/735 524/1055 398/838
f 403/847 525/848 325/735
f 522/843 523/1041 525/848
f 519/1056 530/1058 532/1063
f 520/895 521/846 528/896
f 513/1061 594/1064 596/1059
f 529/1065 527/1066 531/1067
f 513/1034 528/1060 521/846
f 529/1065 532/1068 527/1066
f 530/1058 527/1066 532/1063
f 527/1066 595/1069 531/1067
f 527/1066 530/1058 528/896
f 529/1065 526/563 532/1068
f 533/892 531/1003 424/1004
f 368/561 529/1037 531/1067
f 526/563 464/781 532/1068
f 532/1068 464/781 581/970
f 424/1004 591/1070 534/1005
f 535/894 487/893 423/967
f 534/1071 489/1072 536/1073
f 533/1006 534/1005 582/1074
f 518/951 535/950 423/967
f 368/561 531/1067 535/950
f 489/901 240/459 536/1073
f 582/698 240/1008 241/455
f 474/597 538/1075 537/598
f 597/1076 491/1077 555/1078
f 474/855 267/587 583/1079
f 598/1080 558/1081 539/1082
f 537/598 538/1075 539/447
f 598/1083 538/996 412/987
f 538/1075 474/597 583/1079
f 549/594 540/290 268/592
f 541/867 357/866 597/988
f 584/757 478/756 543/1084
f 499/908 542/375 429/906
f 543/1030 500/374 293/1085
f 293/873 417/871 584/571
f 478/909 542/911 543/1084
f 545/991 544/642 271/615
f 480/607 544/880 481/608
f 485/1001 545/1000 272/600
f 547/625 548/992 546/1086
f 588/1087 546/1088 626/1089
f 481/608 585/626 420/609
f 548/992 545/640 422/1002
f 585/626 547/625 546/1086
f 422/1002 367/1090 548/992
f 624/1091 548/992 367/1090
f 480/859 549/861 269/603
f 540/290 549/594 482/986
f 550/818 389/826 390/819
f 551/822 550/887 322/745
f 352/377 551/748 322/745
f 483/719 551/822 353/720
f 486/510 552/481 242/445
f 582/698 552/464 487/480
f 593/1092 592/1093 553/1094
f 564/903 511/902 563/1095
f 291/549 542/989 555/1013
f 556/1096 554/1097 491/1098
f 541/867 597/988 478/756
f 491/1098 554/1097 555/1078
f 557/1018 556/1020 491/1098
f 492/1017 554/915 556/1020
f 557/1021 491/1098 558/1022
f 557/1021 493/1025 560/1099
f 539/1082 558/1081 491/1098
f 558/1081 598/1080 601/1100
f 498/813 559/700 385/916
f 560/717 559/773 492/702
f 557/1021 560/1099 492/1019
f 494/863 560/717 493/1025
f 599/995 587/883 561/993
f 561/993 600/881 601/1028
f 238/470 562/878 237/472
f 505/294 562/1032 506/295
f 564/903 563/1095 369/293
f 565/939 563/937 511/940
f 590/1035 564/763 425/515
f 592/904 564/903 553/1094
f 443/899 565/898 301/1033
f 445/474 565/1036 512/931
f 406/752 566/751 310/850
f 567/715 566/511 355/730
f 323/749 568/1101 567/1042
f 639/1102 642/1103 568/1104
f 602/724 323/749 393/722
f 639/1102 568/1104 392/833
f 571/1044 573/1043 569/1105
f 570/583 572/962 407/581
f 310/739 570/738 472/849
f 572/962 570/583 569/1106
f 454/1045 571/1044 516/512
f 569/1106 570/583 571/1044
f 576/976 572/978 569/1106
f 572/962 300/965 462/960
f 615/1107 454/1108 575/1109
f 616/1110 615/1107 575/1109
f 569/1105 573/1043 614/1111
f 572/962 577/977 300/965
f 454/1108 618/1112 575/1109
f 628/1113 629/1114 620/1115
f 614/1111 576/976 569/1105
f 577/977 576/976 574/1116
f 579/1117 574/1118 617/1119
f 605/1120 578/1121 579/1122
f 300/965 577/977 578/974
f 579/1122 578/1121 577/977
f 574/1118 579/1117 577/977
f 469/983 471/982 605/551
f 607/1123 379/1124 326/1125
f 580/687 609/1126 619/685
f 581/972 466/969 398/973
f 532/1068 581/970 519/1056
f 533/1006 582/1074 487/893
f 536/1007 582/1009 534/1071
f 268/590 583/291 267/588
f 538/996 583/1079 540/985
f 541/867 584/757 418/875
f 293/1085 584/571 543/1030
f 588/1087 585/626 546/1088
f 588/1087 625/776 585/626
f 611/1127 546/1128 624/1129
f 495/1024 589/1026 421/864
f 587/883 366/1130 600/881
f 420/609 585/626 587/777
f 626/1089 546/1088 611/1127
f 612/1131 625/1132 586/1133
f 586/1134 613/770 589/997
f 421/864 589/1026 637/772
f 489/1072 534/1071 591/1070
f 564/903 590/1035 553/1094
f 591/1070 424/1004 593/1135
f 489/1072 591/1070 590/1035
f 553/1011 591/1010 593/1092
f 514/784 594/1064 513/1034
f 424/1004 531/1003 595/1069
f 593/1136 596/1059 594/1064
f 301/938 594/1038 514/784
f 593/1136 594/1064 592/1093
f 527/1066 528/896 596/1059
f 424/1004 595/1069 593/1135
f 593/1135 595/1069 596/1059
f 596/1059 595/1069 527/1066
f 491/1077 597/1076 539/1082
f 597/1076 555/1078 478/756
f 538/1075 598/1083 539/447
f 601/1100 598/1080 412/987
f 480/859 599/990 482/860
f 587/777 599/995 420/609
f 600/881 366/1130 495/1015
f 601/1028 600/881 496/1023
f 558/1081 601/1100 496/1023
f 482/986 601/1028 412/987
f 392/833 602/835 394/828
f 323/749 602/724 568/1101
f 607/800 609/1126 580/801
f 579/1117 617/1119 469/1137
f 641/1138 639/1102 392/833
f 630/1139 299/1140 627/1141
f 578/974 605/1120 467/844
f 469/1137 605/551 579/1117
f 607/800 606/802 379/1124
f 621/805 606/804 580/687
f 608/1142 607/1123 326/1125
f 607/1123 608/1142 609/1126
f 471/552 608/984 326/727
f 617/1119 608/984 469/1137
f 616/1049 609/1051 603/1048
f 619/685 609/1126 517/1050
f 616/1049 632/1143 517/1050
f 367/1090 422/1002 622/1144
f 620/944 629/1114 610/945
f 626/1145 627/1146 613/1147
f 366/1130 587/883 625/776
f 586/1134 589/997 612/1131
f 626/1145 613/1147 586/1134
f 613/1147 627/1146 634/771
f 614/1111 574/1116 576/976
f 615/1148 614/1111 573/1043
f 454/1045 615/1107 573/1043
f 575/1109 632/1143 616/1110
f 603/1048 614/979 616/1049
f 615/1107 616/1110 614/1111
f 614/979 617/981 574/1116
f 608/984 617/1119 603/1048
f 639/1149 618/1112 454/1108
f 618/1150 604/1151 630/1152
f 619/685 517/1050 632/1143
f 621/686 619/685 610/945
f 620/1153 632/1154 618/1155
f 628/1156 630/1139 627/1141
f 610/945 622/890 621/686
f 422/1002 623/888 622/1144
f 367/1090 622/1144 610/945
f 422/1002 485/1001 623/888
f 274/629 633/1157 273/601
f 447/274 633/1157 274/629
f 548/992 624/1091 546/1086
f 367/1090 611/1127 624/1091
f 586/1133 625/1132 588/1087
f 366/885 625/776 612/886
f 588/1087 626/1089 586/1133
f 627/1146 626/1145 611/1127
f 628/1156 627/1141 611/1127
f 634/771 627/1146 299/1140
f 367/1090 628/1156 611/1127
f 630/1139 628/1156 620/1115
f 628/1113 367/1090 629/1114
f 367/1090 610/945 629/1114
f 618/1150 630/1152 620/1153
f 630/1152 604/1151 638/1158
f 634/1159 635/1160 631/1161
f 636/998 389/826 550/887
f 618/1155 632/1154 575/1109
f 619/685 632/1143 620/944
f 621/889 633/943 447/803
f 273/601 633/1157 623/999
f 635/1160 634/1159 299/1140
f 637/772 634/771 631/1161
f 638/829 635/831 299/1140
f 635/832 392/833 394/828
f 421/864 636/998 484/821
f 640/825 636/824 631/1162
f 631/1161 636/824 637/772
f 421/864 637/772 636/998
f 630/1139 638/1158 299/1140
f 638/1158 604/1151 639/1163
f 618/1112 639/1149 604/1151
f 642/1103 639/1102 454/1108
f 631/1162 635/1160 640/825
f 640/825 635/1160 308/324
f 635/831 641/830 392/833
f 638/829 639/1163 641/830
f 516/512 642/750 454/1045
f 568/1104 642/1103 567/1042
f 379/503 643/505 326/1125
f 277/660 643/634 276/620
f 644/872 293/873 500/374
f 645/519 194/380 195/520
f 197/523 645/522 196/521
f 416/261 644/872 645/522
f 502/353 646/390 434/1029
f 193/382 646/379 192/392
f 368/561 647/975 468/562
f 459/959 647/954 518/1052
f 696/1164 779/1165 695/1166
f 779/1165 696/1164 780/1167
f 695/1168 778/1169 777/1170
f 778/1169 695/1168 779/1165
f 781/1171 956/1172 955/1173
f 802/1174 800/1175 827/1176
f 698/1177 699/1178 781/1179
f 790/1180 794/1181 787/1182
f 698/1183 780/1184 697/1185
f 780/1184 698/1183 781/1179
f 887/1186 883/1187 844/1188
f 697/1185 780/1184 696/1164
f 699/1178 782/1189 781/1179
f 857/1190 976/1191 868/1192
f 794/1193 788/1194 803/1195
f 883/1187 887/1186 956/1196
f 691/1197 692/1198 774/1199
f 786/1200 792/1201 789/1202
f 774/1199 773/1203 691/1197
f 691/1197 773/1203 690/1204
f 692/1198 775/1205 774/1199
f 902/1206 903/1207 862/1208
f 694/1209 777/1210 776/1211
f 777/1170 694/1209 695/1168
f 692/1198 776/1212 775/1205
f 776/1212 692/1198 693/1213
f 776/1211 693/1213 694/1209
f 1005/1214 927/1215 1004/1216
f 1005/1214 1105/1217 927/1215
f 789/1218 796/1219 795/1220
f 805/1221 803/1195 788/1194
f 778/1169 927/1222 777/1170
f 925/1223 927/1222 778/1169
f 755/1224 756/1225 825/1226
f 703/1227 704/1228 785/1229
f 826/1230 827/1231 829/1232
f 1134/1233 706/1234 707/1235
f 761/1236 762/1237 835/1238
f 861/1239 856/1240 858/1241
f 705/1242 1134/1243 704/1244
f 1128/1245 708/1246 709/1247
f 831/1248 828/1249 830/1250
f 711/1251 1095/1252 710/1253
f 827/1176 798/1254 802/1174
f 820/1255 825/1256 807/1257
f 712/1258 1095/1252 711/1251
f 798/1254 827/1176 826/1230
f 710/1259 1093/1260 1128/1261
f 901/1262 865/1263 829/1264
f 1128/1265 1134/1233 707/1235
f 701/1266 784/1267 700/1268
f 784/1267 701/1266 702/1269
f 699/1178 783/1270 782/1189
f 783/1270 699/1178 700/1271
f 783/1270 700/1271 784/1267
f 883/1272 783/1273 886/1274
f 713/1275 1095/1252 712/1258
f 830/1276 827/1176 800/1175
f 714/1277 715/1278 1094/1279
f 821/1280 824/1281 822/1282
f 785/1229 702/1283 703/1227
f 716/1284 1094/1279 715/1278
f 709/1247 710/1259 1128/1245
f 702/1283 785/1229 784/1267
f 808/1285 824/1286 806/1287
f 1095/1288 714/1277 1094/1279
f 790/1180 793/1289 794/1181
f 883/1272 782/1189 783/1273
f 836/1290 825/1226 756/1225
f 793/1291 791/1292 788/1293
f 827/1176 830/1276 832/1294
f 838/1295 988/1296 997/1297
f 823/1298 753/1299 754/1300
f 854/1301 831/1302 786/1303
f 807/1257 825/1256 836/1290
f 763/1304 681/1305 682/1306
f 767/1307 684/1308 160/1309
f 834/1310 831/1311 816/1312
f 684/1313 765/1314 683/1315
f 766/1316 765/1314 684/1313
f 764/1317 763/1304 682/1306
f 764/1318 683/1315 765/1314
f 787/1182 794/1181 799/1319
f 804/1320 809/1321 787/1322
f 684/1308 767/1307 766/1316
f 764/1317 682/1306 683/1315
f 160/1309 685/1323 767/1307
f 681/1305 763/1304 762/1324
f 808/1285 822/1282 824/1286
f 679/1325 680/1326 761/1327
f 28/1328 677/1329 27/1330
f 793/1289 788/1293 794/1181
f 759/1331 677/1332 678/1333
f 870/1334 790/1180 787/1182
f 679/1335 760/1336 678/1337
f 806/1338 799/1339 798/1340
f 679/1325 761/1327 760/1336
f 789/1202 792/1201 24/1341
f 27/1342 759/1343 26/1344
f 27/1330 677/1329 759/1343
f 759/1331 678/1333 760/1336
f 854/1345 817/1346 855/1347
f 855/1348 760/1336 761/1327
f 761/1327 680/1326 762/1237
f 680/1326 681/1305 762/1237
f 820/1255 807/1257 801/1349
f 763/1304 764/1317 856/1350
f 828/1351 835/1352 858/1353
f 687/1354 770/1355 769/1356
f 770/1355 687/1354 688/1357
f 686/1358 769/1359 768/1360
f 769/1359 686/1358 687/1354
f 892/1361 959/1362 961/1363
f 756/1225 757/1364 836/1290
f 690/1365 772/1366 689/1367
f 772/1366 690/1365 773/1203
f 689/1368 771/1369 688/1370
f 771/1369 689/1368 772/1366
f 1048/1371 1052/1372 1110/1373
f 688/1370 771/1369 770/1355
f 965/1374 848/1375 961/1376
f 788/1293 791/1292 792/1377
f 805/1221 833/1378 803/1195
f 773/1203 936/1379 772/1366
f 1087/1380 937/1381 1132/1382
f 768/1360 685/1383 686/1358
f 25/1384 796/1219 789/1218
f 796/1219 759/1385 795/1220
f 21/1386 793/1289 790/1180
f 892/1387 900/1388 767/1389
f 971/1390 960/1391 768/1392
f 768/1360 767/1307 685/1383
f 796/1219 25/1384 26/1393
f 25/1384 789/1218 24/1341
f 942/1394 882/1395 1112/1396
f 792/1377 791/1292 23/1397
f 22/1398 23/1397 791/1292
f 942/1399 881/1400 941/1401
f 21/1386 790/1180 871/1402
f 737/1403 738/1404 932/1405
f 865/1406 797/1407 869/1408
f 802/1174 803/1409 800/1175
f 773/1203 934/1410 936/1379
f 752/1411 753/1412 902/1413
f 832/1294 830/1276 828/1249
f 875/1414 930/1415 1002/1416
f 716/1417 717/1418 1136/1419
f 833/1420 831/1421 800/1422
f 1136/1423 719/1424 720/1425
f 823/1426 819/1427 903/1428
f 1135/1429 975/1430 1136/1431
f 920/1432 922/1433 921/1434
f 911/1435 910/1436 847/1437
f 1135/1429 1136/1431 720/1425
f 850/1438 974/1439 815/1440
f 801/1441 806/1287 824/1286
f 852/1442 722/1443 723/1444
f 820/1255 755/1224 825/1256
f 822/1282 819/1445 821/1280
f 723/1444 724/1446 852/1442
f 821/1447 820/1255 801/1349
f 1135/1448 722/1443 852/1442
f 823/1426 821/1280 819/1427
f 1135/1448 721/1449 722/1443
f 852/1450 853/1451 850/1452
f 863/1453 869/1408 797/1407
f 728/1454 853/1455 727/1456
f 795/1220 759/1385 817/1457
f 856/1458 860/1459 859/1460
f 853/1451 852/1450 725/1461
f 728/1462 648/1463 729/1464
f 831/1421 830/1250 800/1422
f 729/1465 649/1466 730/1467
f 649/1466 729/1465 648/1463
f 730/1467 649/1466 650/1468
f 850/1469 729/1465 730/1467
f 835/1470 834/1310 816/1312
f 729/1464 853/1455 728/1462
f 817/1346 760/1336 855/1347
f 726/1471 853/1451 725/1461
f 824/1286 821/1280 801/1441
f 850/1438 851/1472 974/1439
f 650/1473 651/1474 731/1475
f 803/1195 799/1319 794/1193
f 896/1476 851/1477 895/1478
f 732/1479 731/1475 651/1474
f 651/1474 652/1480 732/1479
f 650/1468 731/1475 730/1467
f 733/1481 652/1482 653/1483
f 652/1480 733/1481 732/1479
f 734/1484 653/1485 654/1486
f 653/1483 734/1484 733/1481
f 23/1397 24/1341 792/1377
f 734/1484 654/1486 735/1487
f 759/1343 796/1219 26/1344
f 931/1488 736/1489 737/1490
f 798/1340 864/1491 806/1338
f 957/1492 1080/1493 1074/1494
f 735/1495 655/1496 736/1497
f 655/1496 735/1495 654/1486
f 736/1489 656/1498 737/1490
f 656/1498 736/1489 655/1496
f 737/1490 656/1498 657/1499
f 779/1165 925/1223 778/1169
f 754/1500 755/1224 820/1255
f 932/1405 738/1404 933/1501
f 738/1502 657/1503 658/1504
f 657/1503 738/1502 737/1490
f 739/1505 658/1506 659/1507
f 658/1506 739/1505 738/1502
f 809/1508 836/1509 870/1510
f 739/1505 659/1507 740/1511
f 804/1512 806/1287 801/1441
f 740/1513 741/1514 938/1515
f 864/1516 826/1517 863/1518
f 738/1502 739/1505 933/1501
f 974/1519 845/1520 894/1521
f 734/1484 735/1487 929/1522
f 974/1439 1090/1523 815/1440
f 938/1524 939/1525 880/1526
f 753/1412 752/1411 672/1527
f 823/1426 820/1255 821/1280
f 673/1528 753/1412 672/1527
f 753/1299 673/1528 754/1300
f 752/1411 671/1529 672/1527
f 799/1319 804/1320 787/1182
f 750/1530 669/1531 670/1532
f 669/1531 750/1530 749/1533
f 671/1534 751/1535 670/1536
f 751/1535 671/1534 752/1411
f 670/1536 751/1535 750/1530
f 802/1174 798/1254 799/1339
f 786/1200 805/1537 792/1201
f 910/1538 905/1539 915/1540
f 801/1441 807/1257 804/1512
f 807/1257 809/1321 804/1512
f 757/1541 676/1542 18/1543
f 676/1542 757/1541 756/1225
f 19/1544 758/1545 18/1546
f 19/1544 837/1547 758/1545
f 18/1543 758/1545 757/1541
f 988/1548 983/1549 984/1550
f 946/1551 844/1552 884/1553
f 837/1547 19/1544 871/1554
f 754/1500 674/1555 755/1224
f 21/1386 22/1556 793/1289
f 755/1224 675/1557 756/1225
f 675/1557 755/1224 674/1555
f 803/1409 802/1174 799/1319
f 756/1225 675/1557 676/1542
f 901/1558 832/1559 858/1560
f 837/1561 836/1290 757/1364
f 673/1528 674/1555 754/1300
f 804/1512 799/1319 806/1287
f 792/1201 805/1537 788/1293
f 819/1445 822/1282 904/1562
f 740/1513 660/1563 741/1514
f 660/1563 740/1513 659/1507
f 773/1203 774/1199 934/1410
f 661/1564 742/1565 741/1566
f 741/1566 660/1563 661/1564
f 943/1567 746/1568 1070/1569
f 743/1570 742/1571 662/1572
f 786/1200 789/1202 795/1220
f 744/1573 743/1574 663/1575
f 745/1576 1069/1577 744/1578
f 663/1575 743/1574 662/1572
f 744/1573 663/1575 664/1579
f 856/1240 818/1580 858/1241
f 662/1572 742/1571 661/1564
f 786/1303 831/1302 833/1420
f 742/1571 743/1570 941/1581
f 748/1582 747/1583 667/1584
f 750/1585 912/1586 1081/1587
f 748/1588 668/1589 749/1590
f 668/1589 748/1588 667/1584
f 826/1517 869/1408 863/1518
f 749/1533 668/1589 669/1531
f 747/1583 666/1591 667/1584
f 1055/1592 1058/1593 842/1594
f 745/1595 664/1596 665/1597
f 664/1579 745/1595 744/1573
f 666/1598 746/1599 665/1600
f 746/1599 666/1598 747/1583
f 665/1597 746/1599 745/1595
f 22/1556 791/1292 793/1289
f 760/1336 817/1346 759/1331
f 958/1601 749/1602 1081/1603
f 1085/1604 1124/1605 958/1606
f 786/1200 795/1220 854/1301
f 967/1607 893/1608 968/1609
f 1122/1610 1052/1611 1119/1612
f 998/1613 1000/1614 993/1615
f 889/1616 784/1267 785/1229
f 749/1590 958/1601 748/1588
f 718/1617 1136/1419 717/1418
f 754/1500 820/1255 823/1298
f 896/1618 897/1619 898/1620
f 827/1176 832/1294 829/1232
f 803/1409 833/1378 800/1175
f 786/1303 833/1420 805/1537
f 816/1312 855/1621 835/1470
f 828/1249 831/1248 834/1310
f 835/1352 861/1239 858/1353
f 828/1351 834/1310 835/1352
f 758/1545 837/1547 757/1541
f 807/1257 836/1290 809/1321
f 871/1554 19/1544 20/1622
f 837/1547 871/1554 870/1623
f 926/1624 872/1625 925/1626
f 935/1627 1035/1628 1019/1629
f 985/1630 989/1631 988/1632
f 1077/1633 1078/1634 995/1635
f 940/1636 739/1505 740/1511
f 1106/1637 1014/1638 992/1639
f 776/1212 1012/1640 775/1205
f 970/1641 973/1642 814/1643
f 1020/1644 1068/1645 1138/1646
f 1025/1647 1026/1648 932/1649
f 882/1650 943/1567 1070/1569
f 814/1651 1099/1652 1100/1653
f 884/1654 784/1267 889/1616
f 983/1655 872/1625 926/1624
f 733/1656 1074/1657 897/1658
f 1103/1659 950/1660 947/1661
f 889/1662 1134/1233 1128/1265
f 946/1551 884/1553 945/1663
f 909/1664 914/1665 751/1666
f 862/1667 906/1668 907/1669
f 910/1436 978/1670 847/1437
f 859/1460 818/1580 856/1458
f 1108/1671 772/1366 936/1379
f 1038/1672 1039/1673 1108/1674
f 895/1675 730/1467 731/1475
f 850/1438 815/1440 852/1450
f 895/1675 850/1469 730/1467
f 896/1676 731/1475 732/1479
f 1135/1448 852/1442 815/1440
f 725/1461 852/1450 724/1446
f 727/1456 853/1455 726/1471
f 850/1452 853/1451 729/1465
f 817/1346 854/1345 795/1220
f 831/1311 854/1301 816/1312
f 835/1238 855/1621 761/1236
f 855/1621 816/1312 854/1345
f 859/1460 860/1459 857/1677
f 901/1558 858/1560 818/1580
f 899/1678 765/1314 766/1316
f 923/1679 921/1680 924/1681
f 828/1249 858/1353 832/1294
f 835/1238 762/1237 861/1239
f 860/1459 856/1458 764/1317
f 859/1460 857/1677 866/1682
f 764/1317 765/1314 860/1459
f 899/1678 860/1459 765/1314
f 762/1237 763/1304 861/1239
f 856/1350 861/1239 763/1304
f 904/1562 862/1683 819/1445
f 907/1669 909/1684 862/1667
f 797/1685 921/1434 922/1433
f 864/1516 863/1518 808/1686
f 806/1338 864/1491 808/1285
f 798/1340 826/1230 864/1491
f 866/1682 818/1580 859/1460
f 818/1580 866/1682 865/1687
f 857/1190 868/1192 866/1682
f 980/1688 867/1689 1102/1690
f 860/1459 899/1678 857/1677
f 1137/1691 980/1692 981/1693
f 976/1191 857/1190 899/1678
f 980/1688 868/1694 867/1689
f 826/1230 829/1232 869/1408
f 865/1406 869/1408 829/1264
f 809/1508 870/1510 787/1322
f 837/1561 870/1623 836/1290
f 21/1386 871/1402 20/1622
f 870/1334 871/1554 790/1180
f 926/1695 779/1165 780/1167
f 1006/1696 1003/1697 1004/1698
f 948/1699 952/1700 844/1701
f 885/1702 952/1703 954/1704
f 996/1705 997/1706 989/1707
f 1022/1708 935/1627 1019/1629
f 930/1709 735/1495 736/1497
f 1076/1710 1075/1711 839/1712
f 1027/1713 1034/1714 999/1715
f 930/1415 875/1414 929/1716
f 740/1511 938/1515 940/1636
f 1064/1717 1031/1718 1061/1719
f 935/1720 774/1199 775/1205
f 1036/1721 936/1722 878/1723
f 1040/1724 841/1725 1041/1726
f 1049/1727 770/1355 771/1369
f 939/1728 741/1566 742/1565
f 1060/1729 940/1730 880/1731
f 1047/1732 1045/1733 1048/1734
f 1055/1735 880/1526 939/1525
f 1071/1736 746/1599 747/1583
f 1111/1737 1112/1738 1116/1739
f 784/1267 884/1654 886/1740
f 948/1699 953/1741 952/1700
f 945/1663 884/1553 846/1742
f 844/1188 883/1187 884/1553
f 955/1743 1073/1744 984/1745
f 782/1189 956/1172 781/1179
f 784/1267 886/1740 783/1270
f 884/1654 883/1187 886/1740
f 952/1700 887/1186 844/1701
f 887/1186 885/1746 956/1196
f 957/1747 733/1481 734/1484
f 875/1748 1075/1749 957/1750
f 889/1662 785/1229 1134/1233
f 884/1654 889/1616 846/1742
f 1123/1751 978/1752 979/1753
f 1116/1754 1117/1755 1072/1756
f 914/1757 908/1758 912/1759
f 1082/1760 958/1601 1081/1603
f 959/1761 767/1307 768/1360
f 962/1762 867/1763 976/1764
f 1099/1765 1098/1766 977/1767
f 767/1389 959/1761 892/1387
f 812/1768 1103/1769 995/1770
f 1136/1419 1094/1279 716/1417
f 896/1476 895/1478 731/1475
f 850/1438 895/1675 851/1472
f 897/1619 896/1618 732/1479
f 845/1771 851/1477 896/1476
f 733/1481 897/1658 732/1479
f 898/1620 897/1619 888/1772
f 888/1773 1077/1774 1079/1775
f 845/1771 896/1476 898/1620
f 766/1316 900/1776 899/1678
f 899/1678 900/1776 976/1191
f 767/1389 900/1388 766/1316
f 976/1191 900/1776 892/1387
f 865/1687 901/1262 818/1580
f 832/1294 901/1558 829/1232
f 903/1207 902/1206 753/1412
f 909/1684 902/1206 862/1667
f 823/1298 903/1428 753/1299
f 819/1427 862/1683 903/1428
f 920/1777 917/1778 904/1779
f 1082/1780 911/1435 847/1437
f 862/1667 904/1562 906/1668
f 921/1434 917/1778 920/1432
f 915/1540 905/1539 919/1781
f 907/1669 906/1668 905/1782
f 908/1783 907/1669 905/1782
f 907/1669 914/1665 909/1684
f 908/1783 905/1782 910/1538
f 912/1759 908/1758 891/1784
f 751/1535 752/1411 909/1664
f 909/1684 752/1411 902/1206
f 917/1778 919/1785 904/1779
f 978/1786 915/1787 1096/1788
f 891/1784 908/1758 911/1789
f 910/1538 911/1435 908/1783
f 912/1586 891/1784 1081/1587
f 914/1665 750/1530 751/1666
f 865/1406 918/1790 797/1407
f 1102/1791 982/1792 981/1793
f 908/1758 914/1757 907/1669
f 750/1585 914/1665 912/1586
f 919/1781 905/1539 906/1668
f 915/1787 913/1794 1096/1788
f 980/1795 918/1796 866/1797
f 980/1688 866/1797 868/1694
f 822/1282 920/1777 904/1562
f 915/1798 917/1799 923/1800
f 866/1682 918/1796 865/1687
f 918/1801 916/1802 924/1803
f 904/1562 919/1785 906/1668
f 915/1798 919/1781 917/1799
f 808/1285 922/1804 822/1282
f 797/1407 922/1433 863/1453
f 924/1803 797/1407 918/1801
f 924/1681 913/1805 923/1679
f 822/1282 922/1804 920/1777
f 863/1518 922/1433 808/1686
f 915/1798 923/1800 913/1794
f 917/1799 921/1434 923/1800
f 924/1803 921/1680 797/1407
f 924/1803 916/1802 1137/1806
f 926/1695 925/1626 779/1165
f 927/1222 925/1223 872/1625
f 955/1173 780/1184 781/1171
f 872/1625 983/1655 838/1807
f 1006/1808 872/1625 838/1807
f 1005/1214 1004/1216 874/1809
f 1009/1810 1011/1811 928/1812
f 935/1813 878/1814 934/1815
f 930/1709 929/1716 735/1495
f 957/1750 929/1716 875/1748
f 931/1488 930/1709 736/1489
f 1002/1816 1008/1817 1029/1818
f 932/1405 931/1488 737/1403
f 930/1709 931/1488 876/1819
f 1025/1647 932/1649 877/1820
f 931/1488 932/1405 876/1819
f 940/1636 933/1501 739/1505
f 932/1649 933/1501 877/1820
f 935/1720 934/1815 774/1199
f 936/1722 934/1410 878/1723
f 775/1205 1035/1628 935/1720
f 1011/1811 1019/1821 928/1812
f 878/1723 1022/1822 1036/1721
f 1039/1673 1038/1672 879/1823
f 1131/1824 1133/1825 1125/1826
f 849/1827 969/1828 967/1829
f 939/1728 938/1524 741/1566
f 940/1730 938/1515 880/1731
f 941/1581 939/1728 742/1571
f 880/1526 1055/1735 842/1594
f 1060/1729 880/1731 842/1594
f 933/1501 940/1636 877/1820
f 744/1573 941/1581 743/1574
f 941/1401 881/1400 1056/1830
f 1069/1577 941/1581 744/1578
f 943/1831 942/1832 1069/1833
f 746/1599 943/1567 745/1595
f 882/1650 942/1394 943/1567
f 1085/1604 958/1606 1084/1834
f 1072/1756 1118/1835 1116/1754
f 1093/1836 945/1663 846/1742
f 946/1551 945/1663 813/1837
f 949/1838 946/1551 813/1837
f 949/1838 950/1839 946/1551
f 1091/1840 947/1841 1092/1842
f 1103/1769 845/1843 995/1770
f 948/1699 812/1844 953/1741
f 844/1552 946/1551 948/1699
f 949/1838 813/1837 1092/1845
f 949/1838 947/1661 950/1839
f 812/1844 948/1699 950/1846
f 950/1846 948/1699 946/1551
f 1001/1847 998/1848 839/1849
f 993/1850 985/1851 987/1852
f 954/1704 952/1703 951/1853
f 887/1186 952/1700 885/1746
f 953/1741 812/1844 991/1854
f 952/1703 953/1741 951/1853
f 986/1855 873/1856 987/1857
f 954/1858 873/1859 1073/1860
f 1073/1744 955/1743 885/1861
f 926/1695 780/1167 955/1173
f 956/1196 782/1189 883/1187
f 955/1173 956/1172 885/1861
f 929/1522 957/1750 734/1484
f 1075/1711 875/1748 839/1712
f 891/1784 911/1789 1082/1780
f 890/1862 1085/1604 1084/1834
f 768/1392 960/1391 959/1761
f 962/1863 961/1376 848/1375
f 971/1390 768/1392 769/1359
f 963/1864 960/1865 893/1866
f 959/1362 963/1867 961/1363
f 965/1868 966/1869 964/1870
f 867/1763 962/1762 848/1375
f 892/1361 961/1363 962/1863
f 960/1865 963/1864 959/1761
f 966/1871 963/1864 893/1866
f 961/1376 966/1869 965/1374
f 969/1872 964/1870 966/1869
f 961/1376 963/1867 966/1869
f 965/1868 964/1870 982/1873
f 967/1607 966/1871 893/1608
f 966/1871 967/1607 969/1872
f 960/1391 971/1390 893/1866
f 967/1607 968/1609 1132/1874
f 769/1356 770/1355 968/1875
f 1087/1876 968/1875 770/1355
f 1130/1877 1089/1878 849/1879
f 964/1870 969/1872 970/1880
f 1109/1881 1051/1882 1129/1883
f 972/1884 1054/1885 1110/1886
f 769/1356 968/1875 971/1390
f 893/1866 971/1390 968/1609
f 1089/1887 973/1642 970/1641
f 1041/1888 1046/1889 1037/1890
f 970/1880 969/1872 1089/1887
f 1119/1612 1052/1611 1118/1891
f 845/1520 974/1519 851/1477
f 1090/1523 974/1439 894/1521
f 1090/1523 894/1521 1091/1892
f 1092/1842 975/1893 1091/1840
f 962/1762 976/1764 892/1361
f 868/1192 976/1191 867/1689
f 1097/1894 1096/1788 913/1794
f 979/1753 978/1752 977/1895
f 915/1540 978/1786 910/1538
f 979/1753 977/1895 1098/1766
f 1101/1896 814/1643 973/1642
f 847/1437 1083/1897 1082/1780
f 1102/1690 867/1689 848/1375
f 918/1801 980/1795 916/1802
f 965/1868 982/1873 848/1375
f 1137/1691 981/1693 1097/1898
f 964/1870 970/1880 1100/1899
f 1099/1900 1097/1901 982/1902
f 926/1624 984/1550 983/1655
f 984/1550 986/1903 988/1548
f 955/1743 984/1745 926/1695
f 873/1856 986/1855 984/1550
f 954/1704 951/1853 987/1904
f 985/1851 986/1855 987/1852
f 987/1904 873/1856 954/1704
f 988/1548 986/1903 985/1630
f 994/1905 987/1904 951/1853
f 994/1905 993/1850 987/1904
f 1000/1614 1007/1906 993/1615
f 983/1655 988/1548 838/1807
f 989/1707 810/1907 996/1705
f 988/1296 989/1631 997/1297
f 991/1854 951/1853 953/1741
f 990/1908 994/1909 991/1910
f 950/1660 1103/1659 812/1844
f 991/1854 812/1844 995/1770
f 1030/1911 1033/1912 1028/1913
f 1013/1914 1014/1915 1016/1916
f 998/1613 993/1615 990/1917
f 1007/1906 1000/1614 1107/1918
f 991/1910 994/1909 951/1853
f 993/1615 994/1905 990/1917
f 1079/1919 845/1771 898/1620
f 1077/1920 1080/1921 1075/1922
f 1106/1923 1015/1924 1016/1925
f 996/1705 992/1926 997/1706
f 992/1926 1003/1927 997/1706
f 1003/1927 1006/1696 997/1706
f 1076/1928 998/1613 990/1917
f 1001/1847 1000/1614 998/1848
f 1002/1816 1029/1818 1001/1929
f 876/1930 1026/1931 1027/1932
f 1107/1933 999/1715 1034/1714
f 1007/1934 810/1907 989/1707
f 1002/1816 1001/1929 839/1849
f 999/1935 1000/1614 1001/1847
f 875/1414 1002/1416 839/1712
f 1002/1816 930/1415 1008/1817
f 1014/1638 1003/1927 992/1639
f 1004/1216 1003/1697 874/1809
f 1005/1214 874/1809 1009/1936
f 1006/1696 1004/1698 927/1215
f 1012/1937 1005/1214 1009/1936
f 777/1210 1105/1938 776/1211
f 872/1625 1006/1808 927/1222
f 997/1706 1006/1696 838/1295
f 989/1707 985/1630 1007/1934
f 993/1850 1007/1906 985/1851
f 930/1709 876/1819 1008/1817
f 876/1930 1027/1932 1029/1939
f 1013/1940 1011/1941 874/1942
f 1012/1937 1009/1936 928/1812
f 1010/1943 1011/1941 1013/1940
f 1010/1944 1138/1945 1024/1946
f 874/1809 1011/1941 1009/1936
f 1011/1941 1010/1943 1018/1947
f 1012/1937 928/1812 1035/1948
f 1105/1938 1012/1640 776/1211
f 1014/1638 874/1809 1003/1927
f 1017/1949 1106/1637 992/1639
f 1017/1949 992/1639 996/1705
f 874/1809 1014/1638 1013/1940
f 1033/1912 1030/1911 1015/1950
f 842/1594 1058/1593 1059/1951
f 1018/1952 1024/1953 841/1954
f 1010/1943 1013/1940 1020/1955
f 810/1907 1032/1956 996/1705
f 1028/1957 1032/1958 1034/1959
f 1138/1945 1023/1960 1024/1946
f 1036/1721 1022/1822 841/1961
f 1011/1811 1018/1947 1019/1821
f 1022/1822 1018/1952 841/1961
f 1013/1914 1016/1916 1020/1955
f 1065/1962 1068/1963 1015/1964
f 1068/1645 1020/1644 1016/1916
f 1067/1965 1065/1966 1066/1967
f 935/1813 1022/1708 878/1814
f 1019/1821 1018/1947 1022/1708
f 1139/1968 1023/1960 1138/1945
f 1040/1969 1109/1970 1038/1971
f 1010/1943 1024/1946 1018/1947
f 1024/1946 1023/1960 1041/1972
f 1025/1647 877/1820 1031/1973
f 1026/1648 1025/1647 840/1974
f 1027/1932 1026/1931 840/1974
f 932/1405 1026/1648 876/1819
f 1028/1975 1027/1932 840/1974
f 1027/1713 999/1715 1029/1939
f 1028/1975 840/1974 1030/1911
f 1032/1958 1028/1957 1017/1976
f 1029/1939 999/1715 1001/1929
f 876/1930 1029/1939 1008/1817
f 1031/1973 840/1974 1025/1647
f 840/1974 1031/1973 1030/1911
f 1062/1977 940/1730 1060/1729
f 1062/1978 1061/1719 1031/1718
f 996/1705 1032/1956 1017/1949
f 1107/1933 1034/1714 1032/1958
f 1106/1923 1033/1912 1015/1924
f 1028/1913 1033/1912 1017/1976
f 1028/1975 1034/1959 1027/1932
f 1107/1933 1032/1958 810/1907
f 1012/1937 1035/1948 775/1205
f 1019/1821 1035/1628 928/1812
f 1040/1724 1036/1721 841/1725
f 1036/1721 1040/1724 1038/1971
f 1042/1979 1041/1972 1023/1960
f 1042/1979 1046/1889 1041/1972
f 879/1823 1133/1980 1039/1673
f 936/1722 1036/1721 1038/1971
f 937/1981 1049/1982 1039/1983
f 771/1369 1108/1984 1049/1727
f 841/1725 1024/1953 1041/1726
f 1040/1969 1037/1985 1109/1970
f 1023/1960 1139/1968 1042/1979
f 1037/1985 1040/1969 1041/1888
f 1044/1986 1042/1987 811/1988
f 1042/1987 1044/1986 1046/1889
f 1044/1989 1047/1990 1043/1991
f 1046/1992 1043/1993 1053/1994
f 1047/1990 1044/1989 1115/1995
f 1044/1986 1043/1991 1046/1889
f 1114/1996 1058/1997 1057/1998
f 1057/1999 1111/2000 1113/2001
f 1054/2002 1050/2003 1053/2004
f 1037/1890 1046/1889 1051/2005
f 1115/1995 1044/1989 811/1988
f 1045/1733 1113/2006 1048/1734
f 1048/1371 843/2007 1052/1372
f 1043/1991 1047/1990 1048/1734
f 1049/1982 937/1981 1087/1380
f 1108/1984 771/1369 772/1366
f 1127/2008 973/2009 1088/2010
f 1126/2011 1125/2012 1129/2013
f 1053/1994 1051/2005 1046/1992
f 1051/2014 1050/2015 1126/2016
f 1118/1891 1052/1611 843/2007
f 890/2017 1120/2018 1119/2019
f 1054/2002 1053/2004 1043/1993
f 1051/2014 1053/1994 1050/2015
f 1110/1373 1043/1991 1048/1371
f 1054/1885 972/1884 1127/2020
f 939/1525 1056/2021 1055/1735
f 1056/1830 881/1400 1057/2022
f 941/1401 1056/1830 939/1728
f 881/1400 1111/2000 1057/2022
f 1114/2023 1115/2024 1059/2025
f 1055/1735 1056/2021 1057/2022
f 1055/1592 1057/2022 1058/1593
f 1057/1998 1045/2026 1114/1996
f 1067/2027 811/2028 1139/2029
f 1015/1964 1064/2030 1065/1962
f 1063/2031 1060/1729 842/1594
f 877/1820 1062/1978 1031/1973
f 842/1594 1066/2032 1063/2031
f 1030/1911 1064/2030 1015/1950
f 940/1730 1062/1977 877/1820
f 1062/1977 1060/1729 1063/2031
f 1066/2032 842/1594 1059/1951
f 1062/1978 1063/2031 1061/1719
f 1031/1718 1064/1717 1030/1911
f 1065/1962 1064/2030 1061/1719
f 1066/1967 1065/1966 1061/1719
f 1065/1962 1021/2033 1068/1963
f 1063/2031 1066/2032 1061/1719
f 1067/1965 1066/1967 1059/1951
f 811/2028 1067/2027 1059/1951
f 1021/2033 1065/1962 1067/1965
f 1068/1963 1021/2033 1138/1646
f 1015/1924 1068/1963 1016/1925
f 943/1831 1069/1833 745/1595
f 941/1581 1069/1577 942/1399
f 1071/1736 1070/1569 746/1599
f 1070/2034 944/2035 1117/2036
f 1071/1736 747/1583 1124/2037
f 1070/2034 1071/1736 944/2035
f 1086/2038 944/2039 1085/2040
f 1119/1612 1118/1891 1072/1756
f 954/1858 1073/1860 885/1702
f 984/1550 1073/1744 873/1856
f 897/1658 1074/1657 888/1772
f 733/1481 957/1747 1074/1657
f 839/1849 998/1848 1076/1710
f 1075/1711 1076/1710 1077/1920
f 1078/2041 990/1908 991/1910
f 1076/1710 1078/1634 1077/1920
f 1079/1775 1077/1774 995/1635
f 1080/1921 1077/1920 888/1773
f 990/1917 1078/2041 1076/1928
f 995/1770 1078/1634 991/1854
f 845/1843 1079/1919 995/1770
f 888/1773 1079/1775 898/1620
f 1074/1657 1080/1493 888/1772
f 1075/1749 1080/1921 957/1750
f 1081/1587 749/1602 750/1585
f 1082/1780 1081/1603 891/1784
f 1083/1897 847/1437 1123/2042
f 1084/2043 1082/1780 1083/1897
f 1101/1896 979/2044 814/1643
f 1083/1897 1120/2045 1084/2043
f 890/1862 1086/2038 1085/1604
f 958/1601 1082/1760 1084/1834
f 1124/2037 944/2035 1071/1736
f 748/1582 1124/2037 747/1583
f 1119/2019 1086/2038 890/2017
f 1086/2046 1072/1756 1117/1755
f 1049/1982 1087/1380 770/1355
f 1132/1382 937/1381 1131/2047
f 879/2048 1109/1881 1129/1883
f 1127/2020 1050/2003 1054/1885
f 849/1827 1089/1878 969/1828
f 973/1642 1089/1887 1088/2010
f 894/1521 1104/2049 1091/1892
f 1135/1429 1090/2050 975/1430
f 947/1661 949/1838 1092/1842
f 975/1430 1090/2050 1091/1840
f 813/1837 1093/2051 1092/1845
f 1094/1279 1092/2052 1095/1288
f 945/1663 1093/1836 813/1837
f 1128/1261 1093/1260 846/1742
f 975/1893 1092/1842 1094/1279
f 1092/1845 1093/2051 1095/1288
f 1093/1260 710/1259 1095/1288
f 714/1277 1095/1288 713/1275
f 913/1794 1137/1691 1097/1894
f 978/1752 1096/1788 977/1895
f 982/1792 1097/1901 981/1793
f 977/1895 1096/1788 1097/1894
f 977/1767 1097/1894 1099/1765
f 814/1643 979/2044 1098/1766
f 1100/1899 982/1873 964/1870
f 814/1651 1098/1766 1099/1652
f 814/1651 1100/1653 970/1641
f 982/1873 1100/1899 1099/1900
f 1122/2053 973/2054 972/2055
f 979/2044 1101/1896 1121/2056
f 982/1873 1102/1791 848/1375
f 980/1692 1102/1690 981/1693
f 947/1661 1104/2057 1103/1659
f 1103/1659 1104/2057 845/1843
f 1091/1892 1104/2049 947/1841
f 845/1843 1104/2057 894/1521
f 927/1215 1105/1217 777/1170
f 1012/1640 1105/1938 1005/1214
f 1106/1923 1016/1925 1014/1638
f 1033/1912 1106/1923 1017/1976
f 1007/1934 1107/1918 810/1907
f 999/1935 1107/1933 1000/1614
f 1038/1672 1108/1674 936/1722
f 1049/1727 1108/1984 1039/1983
f 1038/1971 1109/1970 879/1823
f 1037/1985 1051/2005 1109/1970
f 972/1884 1110/1886 1052/1372
f 1043/1991 1110/1373 1054/2002
f 881/1400 942/1399 1112/1396
f 843/2007 1048/1371 1113/2006
f 1112/1396 882/1395 1116/1739
f 881/1400 1112/1396 1111/2000
f 1057/1999 1113/2001 1045/2026
f 843/2007 1113/2006 1111/2000
f 1115/2024 1114/2023 1045/2026
f 1058/1997 1114/1996 1059/1951
f 1047/1990 1115/1995 1045/1733
f 1059/2025 1115/2024 811/2028
f 1116/1739 843/2007 1111/1737
f 1117/1755 1116/1754 882/1395
f 1070/2034 1117/2036 882/1650
f 1086/2038 1117/1755 944/2039
f 1116/1739 1118/1835 843/2007
f 1072/1756 1086/2046 1119/1612
f 890/1862 1084/1834 1120/2018
f 1120/2018 1122/1610 1119/2019
f 1083/1897 1121/2058 1120/2045
f 1121/2056 1101/1896 1122/2059
f 979/2044 1121/2056 1083/1897
f 1101/1896 973/1642 1122/2059
f 1122/1610 972/2055 1052/1611
f 1120/2018 1121/2058 1122/1610
f 978/1670 1123/1751 847/1437
f 979/2044 1083/1897 1123/1751
f 958/1601 1124/1605 748/1588
f 1124/2037 1085/1604 944/2035
f 1130/2060 1125/2012 1126/2011
f 1125/1826 1130/2060 1131/1824
f 1127/2020 1126/2016 1050/2003
f 1126/2011 1088/2061 1130/2060
f 973/2054 1127/2008 972/2055
f 1126/2016 1127/2020 1088/2061
f 1128/1265 846/1742 889/1662
f 707/1235 708/1246 1128/1265
f 1126/2016 1129/2013 1051/2014
f 1133/1825 1129/2013 1125/1826
f 1089/1887 1130/1877 1088/2010
f 1131/1824 1130/2060 849/1879
f 849/1827 967/1829 1132/1874
f 1133/1825 1131/1824 937/1381
f 1087/1876 1132/1382 968/1875
f 849/1879 1132/1874 1131/1824
f 1039/1673 1133/1980 937/1981
f 1129/1883 1133/1825 879/2048
f 704/1228 1134/1243 785/1229
f 706/1234 1134/1233 705/1242
f 721/1449 1135/1448 720/1425
f 1090/1523 1135/1429 815/1440
f 1136/1419 975/1430 1094/1279
f 719/1424 1136/1423 718/1617
f 924/1803 1137/1806 913/1805
f 980/1692 1137/1691 916/1802
f 1020/1644 1138/1646 1010/1943
f 1139/1968 1138/1945 1021/2033
f 1067/1965 1139/2029 1021/2033
f 1042/1979 1139/1968 811/1988
f 210/2062 209/2063 1169/2064
f 1276/2065 1237/2066 1230/2067
f 211/2068 210/2069 1170/2070
f 1236/2071 1165/2072 1163/2073
f 209/2074 208/2075 1168/2076
f 1290/2077 1233/2078 1415/2079
f 1167/2080 208/2081 207/2082
f 1420/2083 1421/2084 1362/2085
f 1240/2086 1168/2087 1167/2088
f 1170/2070 210/2069 1169/2064
f 1169/2064 209/2063 1168/2076
f 1235/2089 1230/2067 1237/2066
f 207/2090 206/2091 1166/2092
f 1168/2087 208/2075 1167/2088
f 1319/2093 1316/2094 1315/2095
f 211/2068 1170/2070 1171/2096
f 1174/2097 215/2098 214/2099
f 1275/2100 1157/2101 1156/2102
f 215/2103 1175/2104 216/2105
f 1174/2097 1175/2104 215/2098
f 214/2106 213/2107 1173/2108
f 1240/2109 1237/2110 1232/2111
f 212/2112 1171/2113 1172/2114
f 1171/2113 212/2112 211/2068
f 1173/2108 1174/2097 214/2106
f 213/2107 1172/2115 1173/2108
f 1354/2116 1346/2117 1352/2118
f 1250/2119 1174/2097 1173/2108
f 1428/2120 1242/2121 1417/2122
f 213/2107 212/2112 1172/2115
f 1222/2123 1532/2124 1535/2125
f 1255/2126 1238/2127 1247/2128
f 1255/2126 1256/2129 1238/2127
f 1373/2130 1294/2131 1371/2132
f 205/2133 1164/2134 1165/2135
f 1389/2136 1443/2137 1445/2138
f 1162/2139 1236/2071 1163/2073
f 1318/2140 1199/2141 1198/2142
f 1269/2143 1321/2144 1223/2145
f 1164/2134 1163/2073 1165/2135
f 1235/2089 1236/2146 1230/2067
f 1561/2147 1263/2148 1224/2149
f 1160/2150 1275/2151 1236/2152
f 1262/2153 1261/2154 37/2155
f 1260/2156 1261/2154 1262/2153
f 1278/2157 1155/2158 1311/2159
f 1222/2160 1224/2149 1263/2148
f 1159/2161 1158/2162 1275/2163
f 1189/2164 1188/2165 1440/2166
f 1161/2167 1236/2071 1162/2139
f 1155/2158 1278/2157 1156/2168
f 37/2155 1194/2169 1262/2153
f 1166/2092 1167/2080 207/2090
f 206/2091 1165/2170 1166/2092
f 1159/2161 1275/2163 1160/2150
f 1235/2171 1166/2092 1165/2170
f 1311/2172 1154/2173 1153/2174
f 1154/2173 1311/2172 1155/2158
f 1230/2067 1278/2175 1276/2065
f 1312/2176 1192/2177 1191/2178
f 1148/2179 1309/2180 1149/2181
f 1303/2182 1307/2183 1306/2184
f 1399/2185 1403/2186 1451/2187
f 1148/2179 1308/2188 1309/2180
f 1283/2189 1277/2190 1409/2191
f 1149/2181 1309/2180 1150/2192
f 1263/2193 1261/2154 1260/2156
f 1151/2194 1311/2195 1152/2196
f 1380/2197 1263/2193 1260/2156
f 206/2091 205/2133 1165/2170
f 1404/2198 1316/2199 1266/2200
f 1291/2201 1243/2202 1290/2203
f 219/2204 218/2205 1178/2206
f 1291/2207 1249/2208 1175/2209
f 1179/2210 220/2211 219/2212
f 29/2213 1268/2214 1195/2215
f 1177/2216 218/2217 217/2218
f 1269/2219 1320/2220 1225/2221
f 1176/2222 1177/2216 217/2218
f 1433/2223 1299/2224 1374/2225
f 1178/2206 1179/2210 219/2204
f 218/2217 1177/2216 1178/2206
f 1177/2216 1251/2226 1178/2206
f 1257/2227 1251/2228 1254/2229
f 1253/2230 1251/2226 1177/2216
f 216/2231 1176/2222 217/2218
f 1160/2150 1236/2152 1161/2167
f 220/2211 1179/2210 1180/2232
f 1180/2233 1181/2234 221/2235
f 1295/2236 1181/2234 1180/2233
f 1181/2234 222/2237 221/2235
f 222/2237 1181/2234 1182/2238
f 222/2237 1182/2238 223/2239
f 1241/2240 1168/2087 1240/2086
f 1257/2241 1179/2210 1178/2206
f 1180/2233 221/2235 220/2211
f 223/2242 1183/2243 224/2244
f 1183/2243 223/2242 1182/2238
f 224/2245 1184/2246 225/2247
f 1184/2246 224/2245 1183/2243
f 1185/2248 225/2247 1184/2246
f 1237/2066 1276/2065 1279/2249
f 1295/2236 1299/2250 1181/2234
f 1320/2220 1269/2219 1223/2145
f 1175/2209 1249/2208 1176/2251
f 1166/2092 1245/2252 1167/2080
f 1176/2251 216/2231 1175/2209
f 1368/2253 1289/2254 1246/2255
f 1185/2256 1186/2257 226/2258
f 1184/2246 1434/2259 1185/2248
f 1268/2260 1225/2261 1267/2262
f 227/2263 226/2258 1186/2257
f 1186/2257 1187/2264 227/2263
f 1185/2256 226/2258 225/2247
f 1187/2265 1188/2266 228/2267
f 1527/2268 1383/2269 1441/2270
f 1188/2266 229/2271 228/2267
f 229/2271 1188/2266 1189/2164
f 229/2271 1189/2164 230/2272
f 1313/2273 1191/2274 1190/2275
f 1544/2276 1537/2277 1539/2278
f 1187/2265 228/2267 227/2263
f 1185/2248 1434/2259 1435/2279
f 1343/2280 1346/2281 1286/2282
f 230/2283 1190/2284 231/2285
f 1190/2284 230/2283 1189/2164
f 231/2286 1191/2287 232/2288
f 1191/2287 231/2286 1190/2275
f 232/2288 1191/2287 1192/2177
f 1197/2289 1196/2290 1319/2291
f 1260/2156 1379/2292 1380/2197
f 1404/2293 1320/2220 1223/2145
f 1192/2294 1193/2295 233/2296
f 1391/2297 1530/2298 1447/2299
f 1193/2295 38/2300 233/2296
f 38/2300 1193/2295 1194/2301
f 38/2300 1194/2301 37/2155
f 1180/2233 1257/2302 1295/2236
f 1379/2303 1262/2304 1193/2305
f 1192/2177 233/2296 232/2288
f 1435/2306 1509/2307 1510/2308
f 1168/2087 1241/2240 1248/2309
f 1380/2197 1379/2292 1312/2310
f 1176/2251 1249/2208 1253/2311
f 1194/2169 1193/2295 1262/2153
f 1243/2202 1367/2312 1290/2203
f 1147/2313 1146/2314 1308/2315
f 1268/2214 1267/2262 1195/2215
f 1259/2316 1308/2317 1305/2318
f 1257/2302 1254/2229 1295/2236
f 1146/2319 1145/2320 1305/2321
f 1256/2322 1252/2323 1292/2324
f 1251/2228 1257/2227 1178/2206
f 1146/2314 1305/2321 1308/2315
f 1142/2325 1310/2326 1143/2327
f 1256/2129 1255/2126 1252/2323
f 1221/2328 1303/2329 1310/2330
f 1298/2331 1295/2236 1254/2229
f 1254/2229 1429/2332 1298/2331
f 1141/2333 1221/2328 1310/2330
f 1366/2334 1255/2335 1231/2336
f 1310/2326 1142/2325 1141/2333
f 1238/2127 1256/2129 1170/2337
f 1305/2321 1145/2320 1144/2338
f 1140/2339 179/2340 1221/2341
f 1249/2342 1369/2343 1293/2344
f 1221/2345 178/2346 177/2347
f 178/2346 1221/2345 179/2340
f 1256/2348 1246/2349 1171/2350
f 1140/2339 1221/2341 1141/2333
f 1220/2351 177/2352 1219/2353
f 177/2347 1220/2351 1221/2345
f 1218/2354 1219/2355 175/2356
f 176/2357 1219/2353 177/2352
f 175/2356 1219/2355 176/2357
f 1259/2358 1303/2182 1306/2184
f 1425/2359 1475/2360 1476/2361
f 1228/2362 1408/2363 1331/2364
f 1248/2365 1238/2366 1169/2367
f 1220/2351 1303/2329 1221/2345
f 1244/2368 1251/2226 1253/2230
f 1217/2369 1325/2370 1218/2371
f 175/2372 174/2373 1217/2374
f 1237/2066 1245/2375 1235/2089
f 1420/2376 1213/2377 1212/2378
f 1216/2379 1217/2374 174/2373
f 174/2373 173/2380 1216/2379
f 175/2372 1217/2374 1218/2354
f 173/2381 172/2382 1215/2383
f 1407/2384 1342/2385 1413/2386
f 172/2382 1214/2387 1215/2383
f 1214/2387 172/2382 171/2388
f 1214/2387 171/2388 1213/2389
f 1212/2390 1211/2391 1459/2392
f 1172/2114 1171/2113 1246/2349
f 173/2380 1215/2383 1216/2379
f 1236/2146 1235/2089 1165/2072
f 1455/2393 1406/2394 1214/2395
f 1213/2377 170/2396 1212/2378
f 170/2396 1213/2377 171/2388
f 1212/2390 169/2397 1211/2391
f 169/2397 1212/2390 170/2396
f 1211/2391 169/2397 168/2398
f 1463/2399 1549/2400 1462/2401
f 1534/2402 1381/2403 1264/2404
f 1421/2405 1460/2406 1461/2407
f 168/2408 167/2409 1210/2410
f 1247/2411 1281/2412 1231/2413
f 167/2409 1209/2414 1210/2410
f 1209/2414 167/2409 166/2415
f 1209/2414 166/2415 1208/2416
f 1424/2417 1209/2414 1208/2416
f 1427/2418 1234/2419 1294/2420
f 168/2408 1210/2410 1211/2391
f 1271/2421 1325/2422 1328/2423
f 1457/2424 1458/2425 1418/2426
f 1338/2427 1285/2428 1280/2429
f 1238/2127 1170/2337 1169/2367
f 1255/2126 1366/2334 1252/2323
f 1179/2210 1257/2241 1180/2232
f 1208/2430 165/2431 1207/2432
f 165/2431 1208/2430 166/2415
f 1207/2433 164/2434 1206/2435
f 164/2434 1207/2433 165/2431
f 1289/2436 1173/2108 1172/2115
f 1474/2437 1427/2438 1370/2439
f 1206/2440 163/2441 1205/2442
f 163/2441 1206/2440 164/2434
f 1204/2443 1205/2444 162/2445
f 162/2445 1205/2444 163/2441
f 1241/2240 1240/2086 1232/2111
f 1204/2443 162/2445 161/2446
f 1322/2447 1270/2448 1321/2449
f 1403/2186 1399/2185 1378/2450
f 1177/2216 1176/2222 1253/2230
f 1205/2442 1436/2451 1206/2440
f 36/2452 37/2155 1261/2154
f 1192/2294 1379/2303 1193/2295
f 1171/2096 1170/2070 1256/2348
f 1561/2147 1224/2149 35/2453
f 1368/2454 1292/2455 1239/2456
f 1292/2455 1368/2454 1246/2255
f 1224/2149 34/2457 35/2453
f 1240/2109 1245/2375 1237/2110
f 1324/2458 1224/2459 1322/2460
f 1201/2461 1394/2462 1399/2463
f 1226/2464 1269/2465 32/2466
f 31/2467 32/2466 1269/2465
f 1365/2468 1282/2469 1281/2470
f 1282/2469 1365/2468 1279/2471
f 1515/2472 1258/2473 1518/2474
f 1317/2475 1385/2476 1199/2477
f 1449/2478 1203/2479 1451/2480
f 1248/2365 1247/2128 1238/2366
f 1204/2443 161/2446 1203/2481
f 1497/2482 1364/2483 1426/2484
f 1200/2485 1201/2486 683/2487
f 684/2488 1202/2489 1203/2490
f 1261/2154 1561/2491 36/2452
f 682/2492 1199/2493 1200/2494
f 1201/2495 1202/2489 684/2488
f 1198/2142 1315/2496 1318/2140
f 684/2488 683/2487 1201/2495
f 1289/2436 1250/2119 1173/2108
f 682/2492 681/2497 1199/2493
f 1240/2109 1167/2088 1245/2375
f 1239/2498 1352/2499 1356/2500
f 682/2492 1200/2494 683/2487
f 1249/2208 1293/2344 1253/2311
f 684/2488 1203/2490 160/2501
f 1203/2481 161/2446 160/2501
f 1199/2493 681/2497 1198/2142
f 1319/2502 1267/2503 1320/2504
f 679/2505 1196/2290 1197/2289
f 29/2213 30/2506 1268/2214
f 677/2507 1195/2508 1196/2509
f 29/2213 1195/2215 677/2507
f 1225/2510 30/2511 31/2512
f 1197/2513 1198/2514 680/2515
f 1195/2215 1267/2262 1196/2509
f 680/2515 679/2505 1197/2513
f 1324/2516 33/2517 34/2518
f 677/2507 28/2519 29/2213
f 1226/2464 32/2466 33/2520
f 1247/2128 1248/2365 1241/2240
f 677/2507 1196/2509 678/2521
f 1255/2126 1247/2128 1231/2336
f 679/2505 678/2521 1196/2290
f 1198/2142 681/2497 680/2515
f 1285/2522 1287/2523 1231/2524
f 1175/2104 1174/2097 1291/2207
f 1198/2142 1197/2513 1315/2496
f 1291/2201 1250/2525 1243/2202
f 1168/2076 1248/2309 1169/2064
f 1244/2368 1429/2526 1251/2226
f 1332/2527 1336/2528 1327/2529
f 1183/2530 1433/2531 1506/2532
f 1235/2089 1245/2375 1166/2092
f 30/2511 1225/2510 1268/2214
f 1269/2219 1225/2221 31/2467
f 1321/2144 1269/2143 1226/2464
f 1264/2533 1447/2299 1530/2298
f 1321/2144 1323/2534 1223/2145
f 1325/2422 1329/2535 1328/2423
f 1334/2536 1338/2537 1330/2538
f 1351/2539 1345/2540 1347/2541
f 1271/2542 1344/2543 1334/2544
f 1210/2410 1422/2545 1211/2391
f 1422/2546 1423/2547 1363/2548
f 1426/2484 1364/2483 1424/2549
f 1296/2550 1430/2551 1482/2552
f 1157/2101 1275/2100 1158/2162
f 1230/2067 1236/2146 1275/2151
f 1275/2151 1278/2175 1230/2067
f 1279/2249 1276/2065 1228/2553
f 1311/2195 1151/2194 1309/2554
f 1228/2553 1276/2065 1283/2555
f 1156/2102 1278/2157 1275/2100
f 1278/2556 1277/2190 1283/2189
f 1279/2249 1228/2553 1282/2469
f 1237/2066 1279/2249 1232/2111
f 1327/2557 1335/2558 1304/2559
f 1280/2429 1285/2428 1281/2560
f 1241/2240 1365/2561 1247/2128
f 1232/2111 1365/2561 1241/2240
f 1331/2562 1330/2538 1338/2537
f 1281/2470 1282/2469 1280/2429
f 1278/2175 1283/2189 1276/2065
f 1409/2191 1277/2190 1284/2563
f 1151/2194 1150/2192 1309/2554
f 1411/2564 1412/2565 1408/2566
f 1287/2523 1285/2522 1227/2567
f 1231/2524 1281/2412 1285/2522
f 1227/2568 1334/2569 1339/2570
f 1366/2334 1292/2324 1252/2323
f 1339/2571 1341/2572 1343/2573
f 1287/2574 1286/2575 1366/2576
f 1367/2577 1288/2578 1353/2579
f 1250/2119 1289/2436 1243/2202
f 1246/2255 1289/2254 1172/2114
f 1289/2580 1288/2578 1367/2577
f 1357/2581 1415/2582 1358/2583
f 1369/2343 1242/2584 1293/2344
f 1291/2201 1174/2097 1250/2525
f 1291/2201 1290/2203 1369/2585
f 1256/2322 1292/2324 1246/2349
f 1366/2334 1354/2586 1292/2324
f 1294/2587 1293/2344 1242/2584
f 1253/2311 1293/2344 1373/2588
f 1416/2589 1417/2122 1242/2121
f 1371/2132 1294/2131 1234/2419
f 1431/2590 1477/2591 1430/2592
f 1298/2331 1299/2250 1295/2236
f 1482/2552 1430/2551 1480/2593
f 1432/2594 1484/2595 1494/2596
f 1371/2597 1372/2598 1429/2599
f 1374/2225 1299/2224 1297/2600
f 1429/2332 1372/2598 1298/2331
f 1298/2331 1297/2600 1299/2250
f 1374/2225 1297/2600 1431/2601
f 1181/2234 1299/2250 1182/2238
f 1374/2225 1504/2602 1433/2223
f 1541/2603 1508/2604 1516/2605
f 1437/2606 1376/2607 1436/2608
f 1487/2609 1490/2610 1484/2611
f 1200/2494 1199/2493 1385/2476
f 1438/2612 1264/2613 1313/2614
f 1306/2184 1307/2183 1304/2615
f 1303/2182 1259/2358 1305/2318
f 1218/2371 1325/2370 1336/2616
f 1327/2617 1271/2618 1333/2619
f 1259/2316 1410/2620 1308/2317
f 1143/2621 1305/2321 1144/2338
f 1307/2183 1303/2182 1220/2351
f 1411/2622 1304/2559 1335/2558
f 1220/2351 1219/2353 1307/2183
f 1332/2623 1307/2183 1219/2353
f 1284/2624 1309/2180 1308/2188
f 1147/2313 1308/2315 1148/2179
f 1284/2563 1277/2190 1309/2180
f 1309/2554 1277/2190 1311/2195
f 1303/2329 1305/2318 1310/2330
f 1310/2330 1305/2318 1143/2327
f 1277/2190 1278/2556 1311/2195
f 1152/2196 1311/2195 1153/2174
f 1313/2273 1312/2176 1191/2274
f 1380/2197 1222/2160 1263/2193
f 1439/2625 1190/2284 1189/2164
f 1313/2614 1264/2613 1381/2403
f 1441/2270 1383/2269 1440/2626
f 1386/2627 1392/2628 1402/2629
f 1315/2496 1197/2513 1319/2093
f 1265/2630 1317/2631 1318/2632
f 1266/2200 1320/2220 1404/2198
f 1265/2633 1315/2095 1316/2094
f 1390/2634 1386/2635 1387/2636
f 1387/2637 1389/2638 1397/2639
f 1265/2630 1318/2632 1315/2095
f 1199/2141 1318/2140 1317/2475
f 1267/2262 1319/2502 1196/2509
f 1319/2093 1266/2200 1316/2094
f 1319/2502 1320/2504 1266/2200
f 1225/2221 1320/2220 1267/2262
f 1322/2447 1321/2449 1226/2464
f 1323/2534 1321/2144 1270/2448
f 1226/2464 33/2520 1324/2516
f 1322/2460 1224/2459 1535/2640
f 1392/2641 1390/2642 1388/2643
f 1265/2633 1316/2094 1404/2198
f 1224/2459 1324/2458 34/2457
f 1226/2464 1324/2516 1322/2447
f 1328/2423 1329/2535 1326/2644
f 1327/2617 1325/2422 1271/2618
f 1405/2645 1216/2379 1215/2383
f 1339/2570 1334/2569 1344/2543
f 1330/2538 1333/2646 1334/2536
f 1327/2557 1304/2559 1332/2527
f 1329/2535 1325/2422 1217/2369
f 1328/2423 1326/2644 1413/2647
f 1217/2374 1216/2379 1329/2535
f 1405/2645 1329/2535 1216/2379
f 1280/2429 1282/2469 1331/2648
f 1333/2619 1335/2558 1327/2617
f 1282/2469 1228/2553 1331/2648
f 1283/2555 1409/2191 1228/2553
f 1307/2183 1332/2623 1304/2615
f 1336/2616 1219/2355 1218/2371
f 1334/2544 1333/2646 1271/2542
f 1333/2646 1330/2538 1335/2558
f 1328/2649 1337/2650 1344/2651
f 1334/2536 1227/2568 1338/2537
f 1412/2652 1330/2538 1331/2562
f 1306/2184 1304/2615 1411/2622
f 1327/2617 1336/2528 1325/2422
f 1219/2353 1336/2616 1332/2623
f 1340/2653 1341/2654 1342/2655
f 1337/2656 1341/2572 1339/2571
f 1285/2428 1338/2427 1227/2567
f 1338/2427 1280/2429 1331/2562
f 1337/2656 1413/2657 1341/2572
f 1339/2571 1343/2573 1227/2568
f 1351/2658 1348/2659 1350/2660
f 1287/2523 1227/2567 1343/2573
f 1337/2650 1328/2649 1413/2657
f 1340/2653 1343/2573 1341/2654
f 1329/2535 1405/2645 1326/2644
f 1414/2661 1342/2662 1419/2663
f 1347/2664 1346/2281 1343/2280
f 1287/2523 1343/2573 1286/2575
f 1328/2423 1344/2651 1271/2421
f 1339/2570 1344/2543 1337/2656
f 1347/2665 1340/2666 1348/2667
f 1353/2579 1288/2578 1356/2668
f 1347/2665 1343/2280 1340/2666
f 1352/2118 1346/2117 1345/2669
f 1340/2666 1414/2670 1348/2667
f 1345/2669 1346/2117 1347/2541
f 1350/2660 1348/2659 1272/2671
f 1347/2541 1348/2667 1351/2539
f 1272/2672 1419/2673 1458/2674
f 1355/2675 1351/2676 1349/2677
f 1457/2678 1350/2660 1272/2671
f 1350/2660 1349/2677 1351/2658
f 1349/2677 1466/2679 1355/2675
f 1358/2680 1360/2681 1355/2682
f 1352/2118 1345/2669 1353/2683
f 1354/2116 1352/2118 1239/2498
f 1360/2684 1345/2540 1351/2539
f 1353/2579 1233/2685 1367/2577
f 1292/2324 1354/2586 1239/2456
f 1346/2281 1354/2116 1286/2282
f 1359/2686 1355/2687 1229/2688
f 1353/2579 1358/2689 1233/2685
f 1356/2668 1288/2578 1368/2690
f 1352/2499 1353/2683 1356/2500
f 1417/2691 1357/2692 1452/2693
f 1415/2079 1416/2694 1290/2077
f 1360/2681 1358/2680 1353/2579
f 1358/2680 1355/2682 1359/2686
f 1359/2686 1229/2688 1452/2695
f 1358/2583 1359/2686 1357/2581
f 1345/2540 1360/2684 1353/2683
f 1355/2682 1360/2681 1351/2676
f 1456/2696 1214/2387 1213/2389
f 1419/2673 1272/2672 1414/2661
f 1464/2697 1462/2698 1457/2699
f 1455/2700 1418/2701 1361/2702
f 1467/2703 1210/2410 1209/2414
f 1423/2704 1562/2705 1470/2706
f 1424/2549 1475/2707 1426/2484
f 1562/2705 1423/2704 1364/2708
f 1365/2468 1232/2111 1279/2471
f 1247/2411 1365/2561 1281/2412
f 1287/2574 1366/2576 1231/2524
f 1354/2116 1366/2334 1286/2282
f 1290/2203 1367/2312 1233/2078
f 1289/2580 1367/2577 1243/2202
f 1356/2668 1368/2690 1239/2498
f 1289/2254 1368/2253 1288/2578
f 1291/2201 1369/2585 1249/2208
f 1416/2694 1369/2585 1290/2077
f 1454/2709 1452/2695 1229/2688
f 1473/2710 1551/2711 1472/2712
f 1372/2598 1477/2713 1298/2331
f 1373/2130 1371/2132 1244/2714
f 1234/2419 1478/2715 1371/2132
f 1430/2551 1296/2550 1431/2590
f 1253/2230 1373/2588 1244/2368
f 1293/2344 1294/2587 1373/2588
f 1374/2225 1431/2601 1503/2716
f 1182/2238 1433/2531 1183/2243
f 1506/2532 1433/2531 1504/2602
f 1507/2717 1435/2718 1375/2719
f 1520/2720 1205/2444 1204/2443
f 1489/2721 1491/2722 1498/2723
f 1450/2724 1529/2725 1377/2726
f 1521/2727 1376/2607 1437/2606
f 1387/2637 1397/2639 1385/2728
f 1446/2729 1529/2730 1445/2731
f 1262/2304 1379/2303 1260/2156
f 1192/2294 1312/2176 1379/2303
f 1312/2310 1381/2732 1380/2197
f 1380/2197 1381/2732 1532/2733
f 1313/2614 1381/2403 1312/2176
f 1264/2404 1530/2298 1534/2402
f 1313/2614 1439/2734 1438/2612
f 1439/2735 1383/2736 1442/2737
f 1441/2738 1188/2266 1187/2265
f 1383/2269 1527/2268 1442/2737
f 1435/2279 1186/2257 1185/2248
f 1511/2739 1300/2740 1512/2741
f 1385/2476 1317/2475 1387/2637
f 1394/2742 1200/2494 1385/2476
f 1317/2475 1393/2743 1387/2637
f 1543/2744 1444/2745 1396/2746
f 1393/2747 1265/2748 1388/2749
f 1389/2638 1387/2637 1386/2635
f 1401/2750 1323/2751 1448/2752
f 1448/2752 1323/2751 1270/2448
f 1443/2137 1389/2136 1386/2635
f 1394/2462 1398/2753 1399/2463
f 1393/2743 1390/2634 1387/2637
f 1400/2754 1392/2641 1388/2643
f 1438/2612 1447/2299 1264/2613
f 1390/2642 1392/2641 1386/2635
f 1400/2754 1388/2643 1401/2755
f 1392/2628 1391/2756 1402/2629
f 1265/2748 1393/2747 1317/2631
f 1390/2642 1393/2743 1388/2643
f 1398/2753 1394/2462 1389/2757
f 1201/2486 1200/2485 1394/2462
f 1532/2124 1533/2758 1535/2125
f 1400/2754 1531/2759 1392/2641
f 1391/2297 1447/2299 1536/2760
f 1546/2761 1443/2762 1444/2763
f 1389/2757 1394/2462 1397/2639
f 1385/2728 1397/2639 1394/2742
f 1389/2757 1378/2764 1398/2753
f 1398/2753 1378/2764 1399/2463
f 1377/2726 1529/2725 1446/2729
f 1201/2495 1399/2463 1202/2489
f 1401/2755 1388/2643 1265/2748
f 1400/2754 1395/2765 1531/2759
f 1323/2751 1401/2750 1265/2748
f 1395/2765 1400/2754 1401/2755
f 1536/2760 1402/2629 1391/2297
f 1386/2627 1402/2629 1396/2766
f 1449/2767 1450/2768 1522/2769
f 1202/2489 1451/2480 1203/2490
f 1223/2145 1323/2534 1404/2293
f 1404/2293 1323/2534 1265/2633
f 1215/2383 1406/2770 1405/2645
f 1361/2771 1419/2772 1407/2773
f 1214/2387 1406/2394 1215/2383
f 1361/2774 1405/2645 1406/2770
f 1326/2644 1405/2645 1407/2775
f 1361/2771 1407/2773 1405/2645
f 1410/2776 1408/2777 1409/2778
f 1330/2538 1412/2652 1335/2558
f 1410/2776 1409/2778 1284/2563
f 1228/2553 1409/2191 1408/2363
f 1308/2317 1410/2620 1284/2624
f 1259/2358 1306/2184 1411/2622
f 1408/2566 1410/2776 1411/2564
f 1411/2564 1410/2776 1259/2358
f 1408/2566 1412/2565 1331/2364
f 1335/2558 1412/2652 1411/2622
f 1407/2384 1413/2386 1326/2644
f 1341/2654 1413/2657 1342/2655
f 1348/2659 1414/2670 1272/2671
f 1340/2653 1342/2655 1414/2670
f 1358/2583 1415/2582 1233/2685
f 1416/2694 1415/2079 1357/2581
f 1416/2589 1357/2581 1417/2122
f 1416/2694 1242/2121 1369/2585
f 1357/2692 1359/2686 1452/2693
f 1370/2439 1427/2438 1428/2779
f 1418/2780 1456/2781 1420/2782
f 1362/2783 1464/2784 1418/2785
f 1407/2773 1419/2772 1342/2385
f 1272/2672 1458/2674 1457/2678
f 1420/2376 1212/2378 1459/2392
f 1418/2780 1420/2782 1362/2783
f 1421/2786 1459/2787 1422/2788
f 1460/2406 1421/2405 1363/2789
f 1422/2545 1210/2410 1467/2703
f 1421/2786 1422/2788 1363/2789
f 1423/2790 1467/2791 1424/2792
f 1501/2793 1562/2794 1500/2795
f 1475/2796 1208/2430 1207/2432
f 1423/2790 1424/2792 1364/2708
f 1476/2797 1207/2433 1206/2435
f 1376/2798 1552/2799 1476/2800
f 1475/2707 1424/2549 1208/2430
f 1497/2482 1426/2484 1425/2801
f 1428/2779 1427/2438 1294/2420
f 1474/2437 1370/2439 1550/2802
f 1242/2584 1428/2120 1294/2587
f 1370/2439 1428/2779 1417/2122
f 1251/2228 1429/2526 1254/2229
f 1371/2597 1429/2599 1244/2714
f 1478/2803 1430/2592 1477/2591
f 1474/2804 1481/2805 1234/2806
f 1431/2601 1297/2600 1477/2591
f 1503/2716 1431/2601 1296/2550
f 1296/2550 1482/2552 1495/2807
f 1432/2808 1505/2809 1504/2810
f 1299/2224 1433/2223 1182/2238
f 1374/2225 1503/2716 1504/2602
f 1506/2811 1434/2259 1184/2246
f 1435/2279 1434/2259 1375/2719
f 1507/2717 1375/2719 1300/2812
f 1509/2307 1384/2813 1510/2308
f 1436/2451 1205/2442 1520/2720
f 1476/2800 1436/2608 1376/2798
f 1449/2478 1204/2443 1203/2479
f 1376/2607 1521/2727 1301/2814
f 1439/2734 1313/2614 1190/2284
f 1447/2299 1438/2612 1382/2815
f 1439/2625 1189/2164 1440/2166
f 1438/2612 1439/2734 1382/2815
f 1441/2738 1440/2626 1188/2266
f 1439/2625 1440/2166 1383/2736
f 1510/2308 1557/2816 1435/2306
f 1527/2268 1314/2817 1442/2737
f 1447/2818 1442/2737 1314/2817
f 1439/2735 1442/2737 1382/2815
f 1444/2763 1443/2762 1386/2635
f 1445/2138 1443/2137 1302/2819
f 1386/2635 1396/2766 1444/2763
f 1536/2820 1543/2744 1396/2746
f 1445/2138 1302/2819 1446/2729
f 1389/2136 1445/2138 1378/2764
f 1526/2821 1514/2822 1564/2823
f 1518/2474 1564/2824 1515/2472
f 1442/2737 1447/2818 1382/2815
f 1536/2760 1396/2746 1402/2629
f 1533/2758 1532/2124 1531/2825
f 1401/2755 1448/2752 1395/2765
f 1450/2768 1449/2767 1403/2826
f 1520/2827 1449/2828 1437/2829
f 1529/2725 1450/2724 1403/2826
f 1450/2724 1377/2726 1522/2769
f 1399/2185 1451/2187 1202/2489
f 1449/2767 1451/2480 1403/2826
f 1463/2399 1462/2401 1465/2830
f 1370/2439 1417/2122 1452/2693
f 1273/2831 1460/2832 1469/2833
f 1454/2709 1551/2834 1452/2695
f 1454/2709 1229/2688 1463/2835
f 1454/2709 1453/2836 1551/2834
f 1406/2770 1455/2393 1361/2774
f 1456/2696 1455/2393 1214/2387
f 1420/2782 1456/2781 1213/2377
f 1455/2393 1456/2696 1418/2701
f 1461/2837 1462/2698 1464/2697
f 1457/2678 1549/2838 1350/2660
f 1419/2772 1361/2771 1458/2674
f 1418/2701 1458/2425 1361/2702
f 1422/2788 1459/2787 1211/2391
f 1420/2083 1459/2392 1421/2084
f 1469/2839 1363/2840 1470/2841
f 1461/2407 1460/2406 1273/2831
f 1461/2837 1273/2831 1462/2698
f 1362/2085 1421/2084 1461/2407
f 1273/2831 1465/2830 1462/2698
f 1454/2709 1463/2835 1453/2836
f 1229/2688 1466/2842 1463/2835
f 1463/2835 1466/2842 1549/2400
f 1418/2785 1464/2784 1457/2424
f 1461/2837 1464/2697 1362/2085
f 1472/2843 1465/2830 1273/2831
f 1463/2835 1465/2830 1453/2836
f 1355/2675 1466/2679 1229/2688
f 1549/2400 1466/2842 1349/2677
f 1424/2792 1467/2791 1209/2414
f 1422/2546 1467/2703 1423/2547
f 1551/2711 1473/2710 1471/2844
f 1469/2833 1460/2832 1363/2840
f 1473/2845 1469/2846 1556/2847
f 1465/2830 1472/2843 1453/2836
f 1423/2547 1470/2706 1363/2548
f 1468/2848 1469/2839 1470/2841
f 1556/2849 1501/2850 1502/2851
f 1427/2418 1474/2437 1234/2419
f 1273/2831 1469/2833 1472/2843
f 1473/2845 1472/2712 1469/2846
f 1556/2847 1469/2846 1468/2848
f 1471/2844 1550/2852 1551/2711
f 1488/2853 1502/2854 1486/2855
f 1478/2803 1480/2593 1430/2592
f 1476/2361 1475/2360 1207/2433
f 1426/2484 1475/2707 1425/2801
f 1436/2451 1476/2800 1206/2440
f 1552/2799 1376/2798 1301/2814
f 1298/2331 1477/2713 1297/2600
f 1478/2803 1477/2591 1372/2598
f 1371/2132 1478/2715 1372/2598
f 1474/2804 1488/2856 1481/2805
f 1473/2710 1556/2847 1471/2844
f 1485/2857 1482/2858 1479/2859
f 1481/2805 1478/2715 1234/2806
f 1480/2593 1479/2859 1482/2552
f 1479/2859 1480/2593 1481/2860
f 1481/2805 1480/2593 1478/2715
f 1486/2861 1483/2862 1485/2863
f 1482/2858 1485/2857 1487/2864
f 1486/2861 1496/2865 1483/2862
f 1495/2866 1484/2867 1503/2868
f 1491/2869 1490/2610 1487/2609
f 1258/2870 1513/2871 1492/2872
f 1486/2861 1485/2863 1479/2859
f 1487/2864 1485/2857 1483/2862
f 1479/2859 1481/2860 1488/2856
f 1486/2861 1274/2873 1496/2865
f 1487/2864 1483/2862 1491/2869
f 1487/2609 1484/2611 1495/2866
f 1471/2874 1488/2856 1474/2804
f 1479/2859 1488/2856 1486/2861
f 1496/2875 1499/2876 1498/2877
f 1518/2878 1519/2879 1517/2880
f 1489/2881 1492/2882 1490/2883
f 1492/2884 1493/2885 1494/2886
f 1483/2862 1496/2865 1498/2877
f 1490/2883 1491/2869 1489/2881
f 1492/2882 1489/2881 1519/2887
f 1509/2888 1508/2889 1558/2890
f 1493/2891 1512/2892 1563/2893
f 1490/2610 1494/2596 1484/2611
f 1492/2884 1494/2886 1490/2883
f 1494/2886 1493/2885 1563/2893
f 1487/2864 1495/2866 1482/2858
f 1503/2868 1484/2867 1432/2594
f 1500/2894 1497/2895 1499/2896
f 1496/2875 1274/2873 1499/2876
f 1560/2897 1552/2898 1555/2899
f 1559/2900 1489/2721 1498/2723
f 1483/2862 1498/2877 1491/2869
f 1555/2901 1553/2902 1497/2903
f 1500/2894 1499/2896 1274/2873
f 1498/2877 1499/2876 1497/2895
f 1501/2793 1500/2795 1274/2873
f 1497/2895 1500/2894 1364/2483
f 1501/2850 1274/2873 1502/2851
f 1501/2793 1468/2904 1562/2794
f 1486/2855 1502/2854 1274/2873
f 1488/2856 1471/2874 1502/2854
f 1495/2866 1503/2868 1296/2550
f 1503/2716 1432/2594 1504/2602
f 1432/2808 1563/2905 1505/2809
f 1505/2906 1375/2907 1506/2908
f 1300/2812 1375/2719 1505/2906
f 1375/2907 1434/2259 1506/2908
f 1183/2243 1506/2532 1184/2246
f 1504/2602 1505/2809 1506/2532
f 1511/2739 1507/2717 1300/2740
f 1507/2717 1511/2739 1509/2909
f 1513/2910 1512/2892 1493/2891
f 1513/2871 1258/2870 1515/2472
f 1384/2813 1528/2911 1510/2308
f 1435/2718 1507/2717 1509/2307
f 1187/2265 1557/2912 1441/2738
f 1186/2257 1557/2912 1187/2264
f 1300/2740 1563/2893 1512/2741
f 1509/2909 1511/2739 1508/2889
f 1493/2891 1492/2884 1513/2910
f 1508/2889 1511/2739 1512/2741
f 1524/2913 1517/2914 1523/2915
f 1513/2871 1515/2472 1516/2916
f 1544/2917 1538/2918 1547/2919
f 1516/2605 1508/2604 1512/2741
f 1519/2879 1518/2878 1258/2473
f 1540/2920 1541/2921 1538/2922
f 1513/2871 1516/2916 1512/2892
f 1514/2923 1516/2916 1515/2472
f 1525/2924 1521/2925 1523/2926
f 1377/2927 1524/2913 1523/2915
f 1258/2473 1492/2872 1519/2879
f 1517/2914 1524/2913 1564/2928
f 1559/2929 1553/2930 1554/2931
f 1519/2932 1554/2933 1525/2934
f 1449/2828 1520/2827 1204/2443
f 1436/2608 1520/2720 1437/2606
f 1437/2606 1522/2935 1521/2727
f 1522/2935 1523/2926 1521/2727
f 1522/2935 1437/2606 1449/2767
f 1523/2915 1522/2935 1377/2927
f 1524/2913 1377/2927 1446/2729
f 1523/2915 1517/2914 1525/2924
f 1526/2936 1524/2913 1446/2729
f 1564/2824 1514/2822 1515/2472
f 1519/2879 1525/2934 1517/2880
f 1521/2727 1525/2924 1301/2814
f 1446/2729 1302/2819 1526/2936
f 1526/2937 1546/2938 1545/2939
f 1441/2270 1528/2940 1527/2268
f 1527/2268 1528/2940 1539/2941
f 1510/2308 1528/2911 1441/2270
f 1384/2813 1540/2942 1528/2911
f 1403/2186 1378/2450 1529/2725
f 1445/2138 1529/2730 1378/2764
f 1391/2297 1531/2943 1530/2298
f 1222/2123 1380/2197 1532/2124
f 1531/2759 1391/2297 1392/2641
f 1533/2944 1395/2765 1448/2752
f 1530/2298 1531/2943 1532/2124
f 1531/2759 1395/2765 1533/2758
f 1448/2752 1270/2448 1533/2944
f 1533/2944 1270/2448 1535/2125
f 1530/2298 1532/2124 1534/2402
f 1381/2732 1534/2402 1532/2733
f 1322/2460 1535/2640 1270/2448
f 1224/2149 1222/2160 1535/2640
f 1447/2299 1537/2945 1536/2760
f 1537/2277 1314/2946 1539/2278
f 1447/2818 1314/2817 1537/2945
f 1540/2942 1539/2941 1528/2911
f 1558/2947 1540/2942 1384/2813
f 1526/2821 1545/2939 1514/2822
f 1539/2278 1314/2946 1527/2268
f 1542/2948 1543/2949 1544/2950
f 1384/2813 1509/2307 1558/2947
f 1539/2941 1540/2942 1538/2922
f 1514/2923 1548/2951 1516/2916
f 1516/2605 1548/2951 1541/2603
f 1548/2951 1547/2952 1541/2603
f 1444/2763 1542/2953 1546/2761
f 1536/2760 1537/2945 1544/2276
f 1444/2745 1543/2744 1542/2953
f 1538/2922 1544/2917 1539/2941
f 1536/2820 1544/2276 1543/2744
f 1546/2938 1526/2937 1302/2819
f 1546/2938 1547/2954 1545/2939
f 1546/2938 1302/2819 1443/2762
f 1547/2954 1546/2938 1542/2953
f 1544/2917 1547/2919 1542/2948
f 1541/2603 1547/2952 1538/2922
f 1514/2822 1545/2939 1548/2951
f 1547/2954 1548/2951 1545/2939
f 1350/2660 1549/2838 1349/2677
f 1462/2698 1549/2400 1457/2699
f 1551/2711 1550/2852 1370/2439
f 1471/2874 1474/2804 1550/2852
f 1551/2834 1370/2439 1452/2695
f 1551/2834 1453/2836 1472/2712
f 1553/2955 1552/2799 1301/2814
f 1552/2799 1553/2955 1555/2899
f 1554/2931 1553/2930 1301/2814
f 1497/2895 1553/2902 1498/2877
f 1525/2924 1554/2933 1301/2814
f 1559/2900 1519/2887 1489/2721
f 1497/2903 1425/2801 1555/2901
f 1476/2361 1560/2956 1425/2359
f 1501/2793 1556/2849 1468/2904
f 1471/2874 1556/2847 1502/2854
f 1435/2279 1557/2816 1186/2257
f 1441/2738 1557/2912 1510/2308
f 1508/2889 1541/2603 1558/2890
f 1540/2942 1558/2947 1541/2921
f 1553/2902 1559/2929 1498/2877
f 1519/2932 1559/2900 1554/2933
f 1552/2799 1560/2897 1476/2800
f 1555/2901 1425/2801 1560/2897
f 36/2452 1561/2491 35/2453
f 1263/2193 1561/2147 1261/2154
f 1562/2794 1364/2708 1500/2795
f 1470/2841 1562/2705 1468/2848
f 1505/2906 1563/2905 1300/2812
f 1494/2886 1563/2893 1432/2594
f 1517/2880 1564/2928 1518/2878
f 1526/2936 1564/2823 1524/2913
f 1626/2957 655/2958 1625/2959
f 106/2960 107/2961 1657/2962
f 656/2963 1626/2964 1627/2965
f 1626/2964 656/2963 655/2958
f 655/2958 654/2966 1625/2959
f 1744/2967 1752/2968 1741/2969
f 653/2970 652/2971 1623/2972
f 1713/2973 1721/2974 1723/2975
f 1624/2976 1623/2977 1825/2978
f 1625/2959 654/2966 1624/2979
f 1623/2972 1624/2976 653/2970
f 1826/2980 1624/2976 1825/2978
f 652/2971 1622/2981 1623/2972
f 1624/2976 654/2966 653/2970
f 1710/2982 1716/2983 1735/2984
f 1624/2976 1826/2980 1625/2959
f 660/2985 659/2986 1630/2987
f 1633/2988 1676/2989 1634/2990
f 660/2991 1631/2992 661/2993
f 1631/2992 660/2991 1630/2987
f 1801/2994 1794/2995 1797/2996
f 661/2993 1631/2992 662/2997
f 659/2986 1629/2998 1630/2987
f 1749/2999 1646/3000 1645/3001
f 657/3002 1627/3003 1628/3004
f 1627/3003 657/3002 656/2963
f 658/3005 1628/3006 1629/3007
f 1628/3004 658/3005 657/3002
f 1628/3006 1872/3008 1629/3007
f 658/3005 1629/3007 659/2986
f 1625/2959 1826/2980 1915/3009
f 1652/3010 1757/3011 1760/3012
f 1672/3013 1637/3014 1636/3015
f 1886/3016 1627/2965 1626/2964
f 1623/2972 1622/2981 1775/3017
f 1696/3018 1691/3019 1651/3020
f 648/3021 1589/3022 1619/3023
f 1780/3024 1592/3025 1591/3026
f 1587/3027 1777/3028 1588/3029
f 1704/3030 1733/3031 1703/3032
f 1706/3033 1725/3034 1716/3035
f 1777/3036 1586/3037 1585/3038
f 1693/3039 1688/3040 1698/3041
f 1589/3022 1588/3042 1619/3023
f 1777/3036 1585/3038 1778/3043
f 1696/3044 1692/3045 1695/3046
f 1777/3036 1778/3043 1687/3047
f 1651/3020 1691/3019 1690/3048
f 1689/3049 1654/3050 1690/3051
f 1889/3052 1888/3053 1917/3054
f 1694/3055 1591/3056 1689/3057
f 1582/3058 1918/3059 1583/3060
f 1693/3039 1691/3061 1688/3040
f 1585/3038 1584/3062 1778/3043
f 1621/3063 650/3064 1620/3065
f 1717/3066 1718/3067 1731/3068
f 651/3069 1621/3070 1622/3071
f 1621/3063 651/3069 650/3064
f 1779/3072 1829/3073 1687/3074
f 651/3069 1622/3071 652/2971
f 650/3064 649/3075 1620/3065
f 1665/3076 1720/3077 1711/3078
f 1578/3079 1577/3080 2000/3081
f 1698/3082 1703/3083 1702/3084
f 1584/3062 1583/3085 1778/3043
f 1619/3086 1620/3065 649/3075
f 1936/3087 2000/3088 1913/3089
f 1918/3090 1580/3091 1579/3092
f 1696/3044 1695/3046 1691/3019
f 1619/3086 649/3075 648/3021
f 1578/3079 2000/3081 1579/3093
f 1622/3071 1621/3070 1771/3094
f 1690/3051 1654/3050 1758/3095
f 1691/3019 1694/3096 1690/3048
f 1693/3097 1592/3025 1780/3024
f 1668/3098 1677/3099 1850/3100
f 1753/3101 1640/3102 1639/3103
f 664/3104 663/3105 1634/3106
f 1717/3107 1706/3108 1707/3109
f 666/3110 665/3111 1635/3112
f 664/3113 1635/3112 665/3111
f 1663/3114 1725/3115 1731/3116
f 1634/3106 663/3105 1633/2988
f 1633/3117 662/3118 1632/3119
f 667/3120 666/3121 1636/3122
f 664/3113 1634/3106 1635/3112
f 1666/3123 1672/3124 1807/3125
f 668/3126 667/3127 1638/3128
f 1676/3129 1677/3099 1668/3098
f 1633/3117 663/3105 662/3118
f 1651/3020 1681/3130 1696/3018
f 1691/3061 1695/3046 1688/3040
f 1575/3131 1913/3132 1576/3133
f 1639/3134 669/3135 668/3136
f 1823/3137 1615/3138 1614/3139
f 1641/3140 671/3141 670/3142
f 1642/3143 672/3144 671/3145
f 1570/3146 1914/3147 1571/3148
f 670/3149 669/3150 1640/3151
f 1664/3152 1665/3153 1660/3154
f 1678/3155 1679/3156 1680/3157
f 1643/3158 674/3159 673/3160
f 1755/3161 1675/3162 1754/3163
f 1646/3164 676/3165 675/3166
f 110/3167 18/3168 676/3169
f 1789/3170 1740/3171 1661/3172
f 675/3173 674/3174 1644/3175
f 1650/3176 1653/3177 1656/3178
f 673/3179 672/3144 1642/3143
f 1671/3180 1666/3181 1809/3182
f 1636/3122 666/3121 1635/3112
f 1672/3013 1671/3183 1637/3014
f 1636/3122 1637/3014 667/3120
f 1674/3184 1636/3122 1635/3112
f 1638/3128 1639/3134 668/3126
f 1638/3185 1671/3186 1673/3187
f 1640/3188 1669/3189 1641/3190
f 1639/3134 1640/3102 669/3135
f 1637/3014 1671/3183 1638/3185
f 1637/3014 1638/3185 667/3120
f 1669/3191 1788/3192 1727/3193
f 1679/3156 1650/3194 1680/3157
f 1642/3143 1643/3158 673/3179
f 1997/3195 1689/3196 1590/3197
f 1653/3198 1657/2962 107/2961
f 1643/3158 1644/3175 674/3159
f 1634/2990 1676/2989 1675/3199
f 1641/3140 1642/3143 671/3141
f 1661/3172 1790/3200 1789/3170
f 1640/3188 1641/3190 670/3149
f 1645/3001 1646/3000 675/3166
f 1646/3000 1749/2999 1656/3201
f 1672/3202 1667/3203 1808/3204
f 109/3205 110/3206 1646/3207
f 1646/3000 1656/3201 109/3205
f 1809/3208 1810/3209 1751/3210
f 1653/3177 108/3211 1656/3178
f 1646/3164 110/3206 676/3165
f 1635/3112 1634/3106 1675/3199
f 108/3211 1653/3177 107/2961
f 1667/3212 1674/3213 1675/3214
f 1655/3215 106/2960 1657/2962
f 1655/3215 105/3216 106/2960
f 1675/3214 1674/3213 1635/3112
f 1664/3217 1645/3218 1644/3219
f 1672/3202 1674/3213 1667/3203
f 1760/3012 1757/3011 1759/3220
f 1812/3221 1663/3222 1788/3223
f 1605/3224 1853/3225 1606/3226
f 1644/3219 1645/3218 675/3173
f 662/3118 1631/2992 1632/3119
f 1674/3213 1672/3202 1636/3122
f 2000/3088 1936/3087 1889/3227
f 1695/3046 1692/3045 1704/3228
f 1888/3229 1936/3230 1934/3231
f 1777/3036 1587/3027 1586/3037
f 1937/3232 1572/3233 1914/3234
f 1686/3235 1772/3236 1828/3237
f 1882/3238 1832/3239 1685/3240
f 1937/3241 1574/3242 1573/3243
f 1917/3244 1934/3245 1933/3246
f 1983/3247 1921/3248 1944/3249
f 1570/3250 1569/3251 1766/3252
f 1823/3253 1824/3254 1768/3255
f 1683/3256 1911/3257 1912/3258
f 1766/3252 1569/3251 1568/3259
f 1880/3260 1814/3261 1881/3262
f 1570/3146 1766/3252 1914/3147
f 1826/2980 1884/3263 1915/3009
f 1572/3233 1571/3148 1914/3234
f 1764/3264 1766/3265 1822/3266
f 1817/3267 1887/3268 1941/3269
f 1565/3270 1618/3271 1822/3272
f 1757/3273 1681/3130 1651/3020
f 1618/3271 1565/3270 702/3274
f 1822/3272 1566/3275 1565/3270
f 1923/3276 1867/3277 1924/3278
f 1617/3279 1764/3280 1618/3281
f 701/3282 1618/3271 702/3274
f 1851/3283 1852/3284 1900/3285
f 1616/3286 1617/3287 700/3288
f 1617/3279 1618/3281 701/3282
f 700/3288 1617/3287 701/3282
f 1616/3289 1819/3290 1765/3291
f 1749/3292 1664/3152 1660/3154
f 702/3274 1565/3270 703/3293
f 1707/3109 1706/3108 1710/3294
f 1822/3272 1567/3295 1566/3275
f 1617/3279 1767/3296 1764/3280
f 1876/3297 1765/3298 1821/3299
f 699/3300 1615/3301 1616/3302
f 1691/3061 1693/3039 1694/3096
f 1614/3139 1615/3138 697/3303
f 698/3304 1615/3301 699/3300
f 697/3303 1615/3138 698/3304
f 1866/3305 1612/3306 1611/3307
f 1997/3195 1654/3050 1689/3196
f 699/3300 1616/3302 700/3288
f 696/3308 1613/3309 1614/3310
f 1620/3065 1619/3086 1776/3311
f 1613/3312 695/3313 1612/3314
f 695/3313 1613/3312 696/3308
f 1612/3314 695/3313 694/3315
f 1919/3316 1998/3317 1685/3318
f 1656/3178 1749/2999 1650/3176
f 696/3308 1614/3310 697/3303
f 1643/3158 1665/3319 1644/3175
f 1820/3320 1909/3321 1960/3322
f 694/3323 693/3324 1611/3325
f 1673/3187 1639/3134 1638/3185
f 1611/3326 692/3327 1610/3328
f 1609/3329 1610/3330 691/3331
f 1607/3332 1871/3333 1870/3334
f 1869/3335 1816/3336 1903/3337
f 692/3327 1611/3326 693/3324
f 694/3315 1611/3325 1612/3314
f 690/3338 1609/3329 691/3331
f 1698/3082 1702/3084 1701/3339
f 1608/3340 690/3341 689/3342
f 1608/3340 1609/3329 690/3341
f 1660/3154 1665/3153 1678/3343
f 1608/3340 689/3342 688/3344
f 1590/3197 1689/3196 1591/3056
f 691/3331 1610/3330 692/3327
f 1665/3319 1664/3152 1644/3175
f 1868/3345 1869/3346 1815/3347
f 1676/3129 1633/2988 1677/3099
f 1610/3330 1609/3329 1868/3348
f 1678/3155 1680/3157 1660/3154
f 1903/3337 1904/3349 1869/3335
f 1594/3350 1595/3351 151/3352
f 1592/3353 1699/3354 1593/3355
f 150/3356 1594/3350 151/3352
f 1594/3350 150/3356 1593/3357
f 1595/3351 152/3358 151/3352
f 1689/3057 1690/3051 1694/3055
f 1597/3359 154/3360 153/3361
f 154/3360 1597/3359 1598/3362
f 152/3363 1596/3364 153/3365
f 1596/3364 152/3363 1595/3351
f 153/3365 1596/3364 1597/3359
f 1681/3130 1757/3273 1652/3010
f 1675/3162 1668/3366 1754/3163
f 1714/3367 1781/3368 1597/3369
f 1699/3354 1698/3370 1593/3355
f 1655/3215 1657/2962 1652/3371
f 1590/3372 147/3373 100/3374
f 147/3373 1590/3372 1591/3056
f 1675/3199 1676/2989 1668/3366
f 102/3375 1997/3376 101/3377
f 100/3374 101/3378 1590/3372
f 1630/2987 1629/2998 1873/3379
f 1807/3380 1750/3381 1810/3382
f 103/3383 104/3384 1759/3385
f 1593/3355 149/3386 1592/3353
f 105/3216 1655/3215 1760/3387
f 1592/3025 148/3388 1591/3026
f 148/3388 1592/3025 149/3386
f 1679/3156 1657/3389 1650/3194
f 1591/3056 148/3388 147/3373
f 1753/3390 1673/3391 1813/3392
f 1997/3195 103/3393 1654/3050
f 150/3356 149/3386 1593/3357
f 1872/3008 1873/3379 1629/3007
f 1672/3013 1666/3123 1671/3183
f 1709/3394 1708/3395 1705/3396
f 1607/3397 688/3398 687/3399
f 688/3398 1607/3397 1608/3340
f 1605/3224 1606/3226 686/3400
f 687/3399 1606/3401 1607/3397
f 686/3400 1606/3226 687/3399
f 1806/3402 1858/3403 1861/3404
f 1919/3405 1832/3406 1831/3407
f 1859/3408 1860/3409 1603/3410
f 685/3411 1604/3412 1605/3413
f 1657/2962 1679/3156 1652/3371
f 1604/3414 160/3415 1603/3416
f 160/3415 1604/3414 685/3411
f 1603/3416 160/3415 159/3417
f 1859/3408 1603/3410 1602/3418
f 1681/3419 1679/3420 1670/3421
f 685/3411 1605/3413 686/3400
f 1911/3422 1764/3280 1767/3296
f 1844/3423 1856/3424 1748/3425
f 1599/3426 1600/3427 156/3428
f 1598/3362 1597/3359 1781/3368
f 1599/3429 155/3430 1598/3431
f 155/3430 1599/3429 156/3428
f 108/3211 109/3205 1656/3178
f 1598/3431 155/3430 154/3360
f 1600/3427 157/3432 156/3428
f 1714/3367 1597/3369 1596/3364
f 1602/3433 159/3434 158/3435
f 159/3434 1602/3433 1603/3416
f 157/3436 1601/3437 158/3438
f 1601/3437 157/3436 1600/3427
f 158/3435 1601/3437 1602/3433
f 1657/3389 1653/3198 1650/3194
f 1784/3439 1782/3440 1738/3441
f 1786/3442 1849/3443 1599/3444
f 1865/3445 1601/3437 1600/3427
f 1679/3420 1681/3419 1652/3371
f 1678/3155 1670/3421 1679/3156
f 1596/3364 1712/3446 1714/3367
f 1931/3447 1873/3448 1908/3449
f 1670/3450 1719/3451 1707/3452
f 1749/2999 1680/3157 1650/3176
f 1774/3453 1776/3454 1772/3455
f 1828/3237 1772/3236 1829/3456
f 1677/3099 1633/2988 1632/3119
f 1697/3457 1681/3419 1670/3421
f 1692/3045 1696/3044 1697/3458
f 1681/3130 1697/3457 1696/3018
f 1688/3459 1704/3030 1703/3032
f 1594/3350 1593/3357 1701/3460
f 1592/3353 1693/3097 1699/3354
f 1698/3041 1699/3354 1693/3039
f 1712/3461 1595/3462 1709/3463
f 1715/3464 1701/3339 1702/3084
f 1593/3355 1698/3370 1701/3460
f 1688/3040 1703/3032 1698/3041
f 1708/3465 1702/3466 1700/3467
f 1594/3350 1701/3460 1715/3464
f 1688/3040 1695/3046 1704/3030
f 1700/3467 1702/3466 1703/3083
f 1692/3468 1707/3109 1710/3294
f 1726/3469 1733/3470 1735/3471
f 1732/3472 1724/3473 1700/3474
f 1730/3475 1705/3476 1724/3477
f 1707/3109 1692/3468 1697/3458
f 1711/3078 1719/3478 1665/3076
f 1697/3457 1670/3421 1707/3109
f 1719/3451 1670/3450 1678/3155
f 1722/3479 1723/3480 1730/3481
f 1705/3396 1712/3461 1709/3394
f 1594/3350 1709/3463 1595/3351
f 1708/3395 1709/3394 1715/3482
f 1716/2983 1710/2982 1706/3033
f 1692/3045 1710/3294 1704/3228
f 1720/3077 1665/3076 1643/3158
f 1641/3140 1727/3483 1642/3143
f 1721/3484 1714/3367 1712/3446
f 1595/3351 1712/3461 1596/3364
f 1730/3481 1723/3480 1721/2974
f 1742/3485 1713/2973 1723/2975
f 1721/3484 1712/3446 1705/3396
f 1714/3367 1713/3486 1781/3368
f 1708/3465 1715/3482 1702/3466
f 1594/3350 1715/3464 1709/3463
f 1706/3033 1731/3116 1725/3034
f 1716/3487 1659/3488 1726/3489
f 1719/3451 1717/3107 1707/3452
f 1711/3490 1728/3491 1717/3492
f 1717/3492 1728/3491 1718/3067
f 1812/3221 1788/3223 1669/3191
f 1665/3153 1719/3478 1678/3343
f 1719/3478 1711/3078 1717/3107
f 1643/3158 1642/3143 1720/3077
f 1720/3077 1642/3143 1727/3483
f 1724/3477 1705/3476 1708/3395
f 1713/2973 1714/3367 1721/2974
f 1729/3493 1734/3494 1739/3495
f 1722/3479 1734/3496 1723/3480
f 1722/3479 1737/3497 1734/3496
f 1742/3498 1734/3499 1743/3500
f 1708/3395 1700/3467 1724/3477
f 1700/3474 1726/3501 1732/3472
f 1725/3115 1663/3114 1744/3502
f 1659/3488 1716/3487 1725/3034
f 1726/3501 1659/3488 1732/3472
f 1733/3470 1726/3469 1700/3474
f 1669/3189 1727/3193 1641/3190
f 1727/3503 1718/3067 1728/3491
f 1711/3078 1720/3077 1728/3491
f 1727/3483 1728/3491 1720/3077
f 1793/3504 1745/3505 1746/3506
f 1746/3507 1743/3508 1729/3509
f 1705/3396 1730/3475 1721/3484
f 1722/3479 1730/3481 1724/3477
f 1717/3066 1731/3068 1706/3108
f 1731/3068 1718/3067 1788/3510
f 1659/3511 1802/3512 1737/3513
f 1724/3477 1732/3472 1722/3479
f 1703/3083 1733/3031 1700/3467
f 1704/3228 1710/3294 1735/2984
f 1722/3479 1732/3472 1737/3497
f 1734/3494 1729/3493 1743/3500
f 1726/3489 1735/3471 1716/3487
f 1704/3228 1735/2984 1733/3031
f 1744/3502 1802/3514 1725/3115
f 1740/3171 1789/3170 1739/3515
f 1659/3488 1737/3513 1732/3472
f 1737/3516 1736/3517 1739/3518
f 1783/3519 1784/3520 1785/3521
f 1787/3522 1782/3523 1786/3524
f 1737/3497 1739/3518 1734/3496
f 1739/3518 1736/3517 1740/3171
f 1802/3525 1741/3526 1803/3527
f 1809/3182 1673/3187 1671/3180
f 1804/3528 1751/3529 1811/3530
f 1740/3171 1736/3517 1803/3531
f 1734/3496 1742/3498 1723/3480
f 1742/3532 1738/3441 1782/3440
f 1789/3170 1729/3493 1739/3515
f 1742/3498 1743/3500 1738/3441
f 1752/2968 1744/2967 1663/3114
f 1744/2967 1741/2969 1802/3514
f 1834/3533 1837/3534 1836/3535
f 1746/3507 1833/3536 1743/3508
f 1793/3537 1729/3493 1789/3170
f 1746/3507 1745/3505 1833/3536
f 1796/3538 1658/3539 1792/3540
f 1923/3541 1902/3542 1949/3543
f 1834/3533 1836/3535 1785/3544
f 1844/3423 1748/3425 1846/3545
f 1664/3217 1749/3292 1645/3218
f 1749/3292 1660/3154 1680/3157
f 1756/3546 1667/3547 1755/3548
f 1756/3549 1750/3550 1808/3551
f 1661/3172 1740/3171 1811/3552
f 1803/3553 1804/3528 1811/3530
f 1669/3189 1640/3188 1753/3101
f 1813/3392 1673/3391 1809/3182
f 1673/3187 1753/3390 1639/3134
f 1753/3554 1752/3555 1812/3556
f 1668/3098 1850/3100 1799/3557
f 1755/3161 1754/3163 1662/3558
f 1755/3548 1662/3558 1756/3546
f 1675/3214 1755/3161 1667/3212
f 1662/3558 1754/3163 1799/3559
f 1658/3539 1795/3560 1792/3540
f 1651/3020 1758/3561 1757/3273
f 1758/3561 1759/3220 1757/3273
f 1690/3048 1758/3095 1651/3020
f 1654/3050 103/3393 1759/3385
f 1759/3220 104/3384 1760/3012
f 1654/3050 1759/3385 1758/3095
f 105/3216 1760/3387 104/3384
f 1760/3012 1655/3215 1652/3010
f 1963/3562 1682/3563 1962/3564
f 1768/3255 1824/3254 1877/3565
f 1870/3334 1608/3340 1607/3332
f 1948/3566 1970/3567 1747/3568
f 1951/3569 1682/3563 1963/3562
f 1922/3570 1946/3571 1899/3572
f 1767/3573 1616/3289 1765/3291
f 1766/3265 1764/3264 1683/3574
f 1819/3290 1616/3289 1615/3301
f 1765/3298 1819/3290 1821/3299
f 1914/3147 1766/3252 1683/3574
f 1822/3272 1568/3575 1567/3295
f 1616/3289 1767/3573 1617/3287
f 1767/3296 1765/3291 1911/3422
f 1824/3576 1614/3310 1613/3309
f 1874/3577 1821/3299 1819/3290
f 1622/2981 1771/3094 1775/3017
f 1882/3578 1826/3579 1769/3580
f 1884/3581 1885/3582 1770/3583
f 1953/3584 1952/3585 1959/3586
f 1776/3311 1774/3453 1620/3065
f 1773/3587 1771/3588 1686/3589
f 1686/3589 1771/3588 1772/3236
f 1774/3590 1771/3094 1621/3070
f 1773/3587 1686/3589 1890/3591
f 1773/3592 1769/3593 1825/3594
f 1620/3065 1774/3453 1621/3063
f 1772/3455 1771/3588 1774/3453
f 1771/3094 1773/3587 1775/3017
f 1623/2972 1775/3017 1773/3587
f 1619/3023 1588/3042 1777/3028
f 1772/3455 1776/3454 1687/3595
f 1687/3595 1776/3454 1777/3036
f 1777/3028 1776/3454 1619/3023
f 1918/3059 1582/3058 1581/3596
f 1648/3597 1828/3237 1829/3456
f 1687/3047 1778/3043 1779/3072
f 1779/3072 1778/3043 1889/3598
f 1591/3026 1694/3055 1780/3024
f 1693/3097 1780/3024 1694/3096
f 1782/3440 1713/2973 1742/3532
f 1713/2973 1782/3440 1781/3368
f 1738/3441 1833/3599 1784/3439
f 1787/3600 1598/3362 1781/3368
f 1806/3601 1849/3602 1895/3603
f 1784/3520 1783/3519 1786/3604
f 1784/3439 1833/3599 1785/3521
f 1783/3605 1895/3603 1849/3602
f 1785/3544 1833/3599 1834/3533
f 1785/3544 1836/3535 1894/3606
f 1787/3600 1599/3429 1598/3362
f 1782/3440 1784/3439 1786/3524
f 1782/3440 1787/3522 1781/3368
f 1599/3444 1787/3600 1786/3442
f 1731/3068 1788/3510 1663/3114
f 1727/3503 1788/3192 1718/3067
f 1750/3607 1790/3200 1661/3172
f 1793/3504 1746/3506 1729/3493
f 1750/3607 1791/3608 1790/3200
f 1791/3608 1792/3609 1790/3200
f 1750/3607 1756/3549 1791/3608
f 1792/3609 1791/3608 1756/3549
f 1662/3610 1797/3611 1800/3612
f 1745/3505 1793/3504 1795/3613
f 1789/3170 1790/3200 1793/3537
f 1795/3560 1790/3200 1792/3540
f 1801/3614 1662/3558 1799/3559
f 1844/3615 1835/3616 1842/3617
f 1795/3560 1658/3539 1834/3618
f 1790/3200 1795/3560 1793/3537
f 1792/3609 1756/3549 1800/3619
f 1838/3620 1796/3621 1794/3622
f 1794/3622 1796/3621 1797/2996
f 1796/3538 1792/3540 1800/3619
f 1908/3449 1873/3448 1928/3623
f 1841/3624 1840/3625 1839/3626
f 1668/3366 1799/3557 1754/3163
f 1799/3559 1798/3627 1801/3614
f 1662/3558 1800/3612 1756/3546
f 1796/3538 1800/3619 1797/2996
f 1801/2994 1797/2996 1662/3558
f 1801/3614 1798/3627 1840/3628
f 1737/3513 1802/3512 1736/3517
f 1802/3514 1659/3511 1725/3115
f 1802/3512 1803/3527 1736/3517
f 1803/3527 1741/3526 1804/3528
f 1741/3526 1752/2968 1804/3528
f 1813/3629 1804/3528 1752/2968
f 1605/3413 1604/3412 1863/3630
f 1986/3631 1972/3632 1985/3633
f 1600/3427 1599/3426 1849/3443
f 1855/3634 1856/3424 1844/3423
f 1808/3204 1807/3125 1672/3202
f 1810/3382 1750/3381 1661/3172
f 1756/3549 1808/3551 1667/3547
f 1807/3380 1808/3204 1750/3381
f 1810/3209 1809/3208 1666/3181
f 1813/3392 1809/3182 1751/3210
f 1807/3380 1810/3382 1666/3123
f 1811/3552 1810/3382 1661/3172
f 1811/3552 1740/3171 1803/3553
f 1810/3209 1811/3552 1751/3210
f 1753/3554 1812/3556 1669/3189
f 1752/3555 1663/3114 1812/3556
f 1804/3528 1813/3629 1751/3529
f 1753/3390 1813/3392 1752/3555
f 1867/3635 1611/3326 1610/3328
f 1874/3636 1877/3637 1684/3638
f 1926/3639 1925/3640 1949/3641
f 1867/3642 1814/3643 1866/3644
f 1871/3645 1606/3226 1853/3225
f 1747/3646 1993/3647 1996/3648
f 1627/2965 1886/3016 1887/3649
f 1907/3650 1873/3651 1817/3652
f 1966/3653 1922/3654 1896/3655
f 1798/3627 1799/3559 1850/3100
f 1823/3137 1819/3290 1615/3138
f 1768/3255 1877/3565 1874/3636
f 1960/3322 1909/3321 1875/3656
f 1876/3657 1912/3258 1911/3257
f 1874/3636 1819/3290 1768/3255
f 1876/3297 1821/3299 1820/3658
f 1764/3264 1822/3266 1618/3281
f 1822/3272 1766/3265 1568/3575
f 1824/3576 1823/3253 1614/3310
f 1819/3290 1823/3137 1768/3255
f 1613/3312 1612/3314 1880/3659
f 1761/3660 1980/3661 1881/3662
f 1773/3587 1825/3594 1623/2972
f 1826/2980 1825/2978 1769/3580
f 1769/3580 1832/3239 1882/3578
f 1626/2957 1625/2959 1915/3009
f 1941/3663 1975/3664 1927/3665
f 1627/2965 1887/3649 1628/3004
f 1917/3666 1828/3237 1648/3597
f 1828/3667 1830/3668 1891/3669
f 1687/3074 1829/3073 1772/3455
f 1648/3597 1829/3456 1779/3072
f 1828/3237 1917/3666 1830/3668
f 1891/3670 1892/3671 1920/3672
f 1831/3673 1890/3674 1891/3675
f 1920/3676 1919/3405 1831/3407
f 1769/3593 1773/3592 1832/3239
f 1832/3239 1773/3592 1890/3591
f 1833/3599 1738/3441 1743/3508
f 1834/3533 1833/3599 1745/3505
f 1795/3613 1834/3618 1745/3505
f 1834/3533 1658/3539 1837/3534
f 1658/3539 1838/3677 1837/3534
f 1842/3678 1838/3679 1841/3680
f 1846/3545 1835/3616 1844/3423
f 1836/3535 1846/3681 1894/3606
f 1838/3620 1658/3539 1796/3621
f 1836/3535 1837/3534 1835/3682
f 1841/3680 1838/3679 1794/3622
f 1837/3534 1838/3677 1835/3682
f 1794/2995 1801/2994 1840/3628
f 1842/3678 1835/3616 1838/3679
f 1798/3627 1850/3100 1897/3683
f 1897/3683 1899/3684 1798/3627
f 1840/3625 1841/3624 1794/2995
f 1841/3624 1839/3626 1842/3678
f 1843/3685 1839/3686 1948/3687
f 1839/3626 1843/3685 1842/3678
f 1747/3688 1848/3689 1843/3690
f 1805/3691 1862/3692 1864/3693
f 1843/3685 1847/3694 1842/3678
f 1842/3617 1847/3694 1844/3615
f 1993/3647 1990/3695 1996/3648
f 1863/3630 1853/3225 1605/3413
f 1894/3606 1846/3681 1748/3425
f 1835/3616 1846/3545 1836/3535
f 1901/3696 1843/3690 1848/3689
f 1864/3697 1855/3698 1901/3699
f 1848/3689 1747/3688 1996/3648
f 1848/3689 1845/3700 1901/3696
f 1783/3605 1849/3602 1786/3604
f 1865/3701 1849/3602 1806/3601
f 1677/3099 1852/3702 1850/3100
f 1851/3703 1929/3704 1898/3705
f 1677/3099 1632/3119 1900/3706
f 1898/3707 1818/3708 1967/3709
f 1900/3706 1852/3284 1677/3099
f 1897/3710 1852/3284 1851/3283
f 1604/3414 1603/3416 1860/3409
f 1853/3225 1906/3711 1871/3645
f 1858/3403 1806/3402 1857/3712
f 1847/3694 1855/3634 1844/3615
f 1901/3699 1855/3698 1847/3694
f 1856/3713 1858/3403 1857/3712
f 1858/3714 1855/3715 1854/3716
f 1857/3712 1806/3402 1895/3603
f 1748/3425 1856/3424 1857/3712
f 1856/3424 1855/3634 1858/3403
f 1854/3716 1859/3717 1858/3714
f 1602/3418 1861/3718 1859/3408
f 1854/3716 1860/3409 1859/3717
f 1861/3718 1602/3418 1601/3437
f 1860/3409 1854/3716 1862/3719
f 1604/3414 1860/3409 1863/3630
f 1861/3718 1601/3437 1865/3445
f 1858/3403 1859/3717 1861/3404
f 1864/3693 1862/3692 1854/3716
f 1805/3691 1853/3720 1862/3692
f 1860/3409 1862/3719 1863/3630
f 1853/3225 1863/3630 1862/3692
f 1855/3715 1864/3697 1854/3716
f 1805/3691 1864/3693 1845/3721
f 1849/3443 1865/3701 1600/3427
f 1861/3404 1865/3445 1806/3402
f 1867/3642 1866/3644 1611/3326
f 1880/3260 1866/3644 1814/3261
f 1868/3348 1867/3635 1610/3330
f 1924/3278 1902/3542 1923/3276
f 1905/3722 1609/3329 1608/3340
f 1868/3345 1815/3347 1924/3723
f 1905/3722 1868/3348 1609/3329
f 1869/3724 1905/3725 1870/3726
f 1607/3332 1606/3401 1871/3333
f 1869/3335 1870/3726 1816/3336
f 1906/3711 1853/3225 1805/3691
f 1816/3336 1870/3726 1871/3333
f 1887/3649 1872/3008 1628/3004
f 1873/3651 1872/3008 1817/3652
f 1907/3650 1817/3652 1927/3727
f 1929/3728 1908/3449 1928/3623
f 1909/3729 1874/3636 1684/3638
f 1821/3299 1874/3577 1820/3658
f 1921/3730 1984/3731 1943/3732
f 1960/3733 1932/3734 1910/3735
f 1960/3733 1910/3735 1935/3736
f 1912/3258 1876/3657 1649/3737
f 1824/3254 1879/3738 1877/3565
f 1945/3739 1877/3565 1879/3738
f 1880/3740 1879/3738 1824/3254
f 1943/3732 1984/3731 1893/3741
f 1824/3576 1613/3309 1880/3740
f 1879/3738 1878/3742 1945/3739
f 1880/3260 1612/3314 1866/3644
f 1878/3742 1879/3738 1880/3740
f 1881/3262 1814/3261 1923/3743
f 1878/3742 1880/3740 1881/3262
f 1885/3744 1685/3745 1883/3746
f 1884/3581 1882/3747 1885/3582
f 1685/3318 1832/3239 1919/3316
f 1770/3748 1940/3749 1939/3750
f 1884/3263 1938/3751 1915/3009
f 1826/2980 1882/3578 1884/3263
f 1685/3240 1885/3744 1882/3238
f 1885/3744 1883/3746 1940/3752
f 1915/3009 1886/3016 1626/2957
f 1887/3649 1886/3016 1827/3753
f 1887/3649 1827/3753 1942/3754
f 1872/3008 1887/3649 1817/3652
f 1889/3598 1648/3597 1779/3072
f 1576/3133 1913/3132 2000/3088
f 1918/3755 1889/3598 1778/3043
f 1889/3598 1918/3755 1579/3092
f 1891/3675 1890/3674 1686/3589
f 1832/3406 1890/3591 1831/3407
f 1828/3667 1891/3669 1686/3235
f 1892/3671 1891/3670 1830/3668
f 1933/3756 1892/3671 1830/3668
f 1943/3757 1920/3758 1647/3759
f 1647/3760 1932/3761 1921/3762
f 1964/3763 1761/3764 1949/3765
f 1748/3425 1857/3712 1895/3603
f 1785/3544 1894/3606 1783/3519
f 1783/3605 1894/3606 1895/3603
f 1895/3603 1894/3606 1748/3425
f 1968/3766 1967/3709 1818/3708
f 1840/3625 1946/3767 1839/3626
f 1897/3710 1850/3100 1852/3284
f 1899/3684 1897/3683 1896/3768
f 1896/3768 1897/3683 1898/3769
f 1851/3703 1898/3705 1897/3710
f 1922/3570 1899/3572 1896/3655
f 1798/3627 1899/3684 1840/3628
f 1632/3119 1631/2992 1900/3706
f 1930/3770 1900/3706 1631/2992
f 1901/3699 1847/3694 1843/3690
f 1864/3693 1901/3699 1845/3721
f 1815/3771 1904/3772 1950/3773
f 1958/3774 1962/3564 1682/3563
f 1903/3337 1816/3336 1987/3775
f 1904/3349 1903/3337 1762/3776
f 1762/3776 1926/3777 1904/3349
f 1869/3346 1904/3349 1815/3347
f 1870/3334 1905/3725 1608/3340
f 1868/3345 1905/3722 1869/3346
f 1987/3775 1816/3336 1991/3778
f 1871/3645 1906/3711 1991/3779
f 1974/3780 1947/3781 1976/3782
f 1928/3783 1907/3784 1968/3785
f 1930/3770 1851/3283 1900/3706
f 1630/2987 1931/3786 1631/2992
f 1874/3577 1909/3729 1820/3658
f 1944/3787 1909/3729 1684/3638
f 1932/3734 1933/3788 1910/3735
f 1910/3735 1934/3789 1935/3736
f 1911/3257 1683/3256 1764/3280
f 1765/3291 1876/3297 1911/3422
f 1912/3258 1649/3737 1913/3790
f 1914/3234 1912/3791 1937/3232
f 1913/3790 1649/3737 1936/3087
f 1937/3241 1575/3792 1574/3242
f 1683/3256 1912/3258 1914/3147
f 1912/3258 1913/3790 1937/3232
f 1938/3751 1884/3263 1770/3583
f 1886/3016 1915/3009 1827/3753
f 1939/3793 1827/3794 1938/3795
f 1939/3796 1916/3797 1942/3798
f 1889/3598 1917/3054 1648/3597
f 1917/3244 1888/3053 1934/3245
f 1918/3755 1778/3043 1583/3060
f 1580/3091 1918/3090 1581/3596
f 1831/3673 1891/3675 1920/3676
f 1998/3317 1919/3316 1893/3799
f 1647/3759 1920/3758 1892/3671
f 1893/3799 1919/3316 1920/3676
f 1875/3800 1944/3249 1921/3248
f 1945/3801 1944/3787 1684/3638
f 1966/3653 1896/3655 1967/3802
f 1843/3690 1948/3687 1747/3688
f 1881/3262 1923/3743 1761/3660
f 1867/3642 1923/3276 1814/3643
f 1868/3345 1924/3723 1867/3635
f 1950/3773 1924/3723 1815/3771
f 1923/3541 1949/3543 1761/3660
f 1950/3803 1926/3639 1949/3641
f 1985/3804 1953/3805 1954/3806
f 1925/3640 1926/3639 1951/3807
f 1927/3665 1817/3652 1941/3663
f 1977/3808 1927/3809 1763/3810
f 1928/3623 1818/3811 1929/3728
f 1873/3448 1907/3650 1928/3623
f 1898/3705 1929/3704 1818/3708
f 1930/3770 1929/3704 1851/3283
f 1931/3786 1930/3770 1631/2992
f 1930/3770 1908/3449 1929/3704
f 1873/3448 1931/3447 1630/2987
f 1930/3770 1931/3786 1908/3449
f 1921/3762 1932/3761 1875/3800
f 1933/3788 1932/3734 1647/3760
f 1892/3671 1933/3756 1647/3759
f 1933/3246 1830/3668 1917/3244
f 1935/3736 1934/3789 1649/3812
f 1933/3246 1934/3245 1910/3735
f 1649/3737 1876/3657 1935/3736
f 1960/3322 1876/3297 1820/3320
f 1934/3231 1936/3230 1649/3812
f 1889/3227 1936/3087 1888/3053
f 1937/3241 1913/3790 1575/3792
f 1572/3233 1937/3232 1573/3243
f 1938/3795 1770/3583 1939/3793
f 1827/3794 1915/3009 1938/3795
f 1770/3583 1885/3582 1940/3749
f 1955/3813 1975/3814 1957/3815
f 1978/3816 1940/3752 1883/3746
f 1955/3813 1957/3815 1958/3817
f 1942/3754 1941/3269 1887/3649
f 1916/3818 1975/3664 1941/3663
f 1939/3793 1942/3798 1827/3794
f 1941/3269 1942/3754 1916/3818
f 1920/3676 1943/3757 1893/3799
f 1647/3760 1921/3762 1943/3757
f 1909/3729 1944/3787 1875/3656
f 1684/3638 1877/3637 1945/3801
f 1980/3819 1964/3820 1979/3821
f 1945/3822 1982/3823 1983/3824
f 1899/3572 1946/3571 1840/3628
f 1948/3825 1946/3571 1922/3570
f 1682/3563 1951/3569 1953/3826
f 1970/3827 1966/3828 1971/3829
f 1946/3571 1948/3825 1839/3626
f 1970/3567 1948/3566 1922/3570
f 1949/3641 1902/3542 1950/3803
f 1964/3763 1949/3765 1925/3640
f 1950/3773 1902/3542 1924/3723
f 1904/3349 1926/3777 1950/3773
f 1951/3569 1956/3830 1953/3826
f 1955/3813 1973/3831 1975/3814
f 1956/3832 1762/3833 1989/3834
f 1974/3780 1976/3782 1973/3835
f 1956/3830 1951/3569 1926/3639
f 1959/3586 1952/3585 1955/3836
f 1994/3837 1986/3838 1990/3839
f 1953/3584 1985/3804 1952/3585
f 1973/3831 1955/3813 1952/3585
f 1939/3796 1957/3840 1916/3797
f 1762/3833 1956/3832 1926/3777
f 1953/3826 1956/3830 1954/3806
f 1939/3796 1940/3749 1957/3840
f 1682/3563 1953/3826 1959/3586
f 1957/3840 1940/3749 1958/3817
f 1940/3752 1978/3816 1962/3841
f 1955/3813 1958/3817 1959/3586
f 1682/3563 1959/3586 1958/3774
f 1960/3733 1875/3656 1932/3734
f 1876/3297 1960/3322 1935/3736
f 1685/3745 1998/3317 1883/3746
f 1963/3842 1964/3763 1925/3640
f 1940/3749 1962/3841 1958/3817
f 1963/3562 1962/3564 1961/3843
f 1963/3562 1961/3843 1964/3763
f 1963/3562 1925/3640 1951/3569
f 1978/3816 1883/3746 1999/3844
f 1878/3742 1979/3845 1945/3739
f 1981/3846 1982/3847 1979/3848
f 1981/3849 1961/3850 1999/3851
f 1896/3768 1898/3769 1967/3802
f 1966/3828 1947/3852 1971/3829
f 1818/3708 1928/3623 1968/3766
f 1947/3852 1966/3828 1967/3802
f 1907/3650 1927/3727 1977/3808
f 1947/3852 1967/3802 1968/3766
f 1972/3853 1947/3781 1974/3780
f 1762/3776 1903/3337 1987/3775
f 1966/3653 1970/3827 1922/3654
f 1970/3854 1969/3855 1993/3856
f 1972/3853 1971/3829 1947/3781
f 1970/3827 1971/3829 1969/3855
f 1954/3806 1956/3830 1989/3834
f 1971/3829 1972/3853 1969/3855
f 1974/3780 1973/3835 1952/3585
f 1975/3814 1973/3831 1763/3857
f 1974/3780 1952/3585 1985/3804
f 1947/3781 1968/3766 1976/3782
f 1975/3664 1763/3857 1927/3665
f 1975/3664 1916/3818 1957/3815
f 1977/3808 1968/3785 1907/3650
f 1973/3831 1976/3782 1763/3857
f 1763/3810 1976/3782 1977/3808
f 1968/3785 1977/3808 1976/3782
f 1999/3844 1883/3746 1998/3317
f 1962/3564 1978/3816 1961/3843
f 1980/3819 1979/3821 1878/3742
f 1981/3846 1979/3848 1964/3820
f 1881/3662 1980/3661 1878/3742
f 1964/3763 1980/3819 1761/3764
f 1961/3843 1981/3849 1964/3763
f 1982/3847 1981/3846 1965/3858
f 1965/3859 1984/3860 1983/3861
f 1945/3739 1979/3845 1982/3823
f 1945/3801 1983/3824 1944/3787
f 1965/3859 1983/3861 1982/3847
f 1983/3861 1984/3860 1921/3248
f 1998/3862 1984/3860 1965/3859
f 1985/3804 1954/3806 1989/3834
f 1974/3780 1985/3804 1972/3853
f 1986/3863 1989/3864 1987/3865
f 1993/3647 1994/3837 1990/3695
f 1988/3866 1987/3775 1991/3778
f 1988/3867 1906/3711 1805/3691
f 1992/3868 1805/3691 1845/3721
f 1987/3775 1988/3866 1995/3869
f 1987/3865 1989/3864 1762/3776
f 1985/3804 1989/3834 1986/3631
f 1986/3838 1995/3870 1990/3839
f 1992/3868 1988/3867 1805/3691
f 1871/3645 1991/3779 1816/3336
f 1906/3711 1988/3867 1991/3779
f 1845/3700 1848/3689 1996/3648
f 1996/3871 1995/3869 1988/3866
f 1970/3854 1993/3856 1747/3568
f 1994/3837 1993/3647 1969/3855
f 1969/3855 1972/3853 1994/3837
f 1986/3631 1994/3837 1972/3632
f 1987/3865 1995/3869 1986/3863
f 1996/3871 1988/3866 1992/3868
f 1995/3870 1996/3871 1990/3839
f 1996/3648 1992/3868 1845/3700
f 101/3377 1997/3376 1590/3372
f 103/3393 1997/3195 102/3375
f 1984/3860 1998/3862 1893/3741
f 1978/3816 1999/3844 1961/3843
f 1998/3862 1965/3859 1999/3844
f 1981/3849 1999/3851 1965/3858
f 2000/3081 1889/3227 1579/3093
f 2000/3081 1577/3080 1576/3133
f 2019/3872 2071/3873 2018/3874
f 3266/3875 3132/3876 3138/3877
f 2021/3878 2268/3879 2170/3880
f 3393/3881 3400/3882 3350/3883
f 2398/3884 2280/3885 2397/3886
f 2171/3887 2103/3888 2169/3889
f 2024/3890 2271/3891 2023/3892
f 2104/3893 2267/3894 2173/3895
f 2174/3896 2272/3897 2379/3898
f 2007/3899 2281/3900 2006/3901
f 3242/3902 3241/3903 3244/3904
f 2381/3905 2273/3906 2559/3907
f 2489/3908 2472/3909 2485/3910
f 2269/3911 2267/3912 2174/3913
f 2609/3914 2605/3915 2608/3916
f 2103/3917 2168/3918 2071/3919
f 2426/3920 2604/3921 2605/3922
f 2167/3923 2016/3924 2017/3925
f 2167/3926 2103/3927 2102/3928
f 2427/3929 2313/3930 2315/3931
f 2319/3932 2010/3933 2009/3934
f 2166/3935 2264/3936 2265/3937
f 2079/3938 2321/3939 2320/3940
f 2266/3941 2555/3942 2372/3943
f 2012/3944 2013/3945 2263/3946
f 2426/3947 2116/3948 2611/3949
f 2263/3946 2013/3945 2375/3950
f 2078/3951 2629/3952 2631/3953
f 2371/3954 2166/3935 2265/3937
f 2081/3955 2218/3956 2079/3957
f 2746/3958 2678/3959 2749/3960
f 2781/3961 2636/3962 2780/3963
f 2674/3964 2673/3965 2557/3966
f 2565/3967 2566/3968 2385/3969
f 2029/3970 2030/3971 2384/3972
f 2293/3973 2296/3974 2292/3975
f 2589/3976 2698/3977 2774/3978
f 2561/3979 2562/3980 2383/3981
f 3463/3982 3491/3983 3435/3984
f 2305/3985 2302/3986 2301/3987
f 2648/3988 2461/3989 2647/3990
f 2090/3991 2144/3992 2146/3993
f 2045/3994 2343/3995 2044/3996
f 2034/3997 2035/3998 2348/3999
f 2865/4000 2866/4001 2796/4002
f 2679/4003 2568/4004 2566/4005
f 2037/4006 2649/4007 2036/4008
f 203/4009 202/4010 2142/4011
f 2039/4012 2460/4013 2461/4014
f 2461/4014 2038/4015 2039/4012
f 2542/4016 2089/4017 2540/4018
f 2648/3988 2726/4019 2461/3989
f 2039/4012 2040/4020 2460/4013
f 2155/4021 2093/4022 1164/4023
f 2340/4024 2342/4025 2494/4026
f 2015/4027 2264/4028 2014/4029
f 2305/4030 2394/4031 2395/4032
f 2042/4033 2043/4034 2340/4035
f 2019/3872 2020/4036 2071/3873
f 2041/4037 2042/4038 2494/4039
f 2094/4040 2098/4041 2092/4042
f 2573/4043 2683/4044 2572/4045
f 2530/4046 2107/4047 2525/4048
f 2368/4049 2011/4050 2551/4051
f 2472/4052 2135/4053 2468/4054
f 2479/4055 2481/4056 2136/4057
f 2120/4058 2325/4059 2321/4060
f 2011/4050 2368/4049 2010/4061
f 2854/4062 2083/4063 2900/4064
f 2367/4065 2546/4066 2368/4067
f 2185/4068 2191/4069 184/4070
f 2327/4071 2451/4072 2452/4073
f 2236/4074 2223/4075 2122/4076
f 2184/4077 2401/4078 2111/4079
f 2132/4080 2122/4081 2133/4082
f 2003/4083 2183/4084 2002/4085
f 2005/4086 2006/4087 2396/4088
f 2225/4089 2332/4090 2228/4091
f 2279/4092 2280/4093 2181/4094
f 2003/4095 2002/4096 2232/4097
f 2714/4098 2789/4099 2118/4100
f 179/4101 2001/4102 180/4103
f 2507/4104 2246/4105 2502/4106
f 180/4103 2001/4102 2076/4107
f 2289/4108 2183/4109 2193/4110
f 2184/4111 2003/4112 2004/4113
f 2370/4114 2371/4115 2552/4116
f 181/4117 180/4103 2076/4107
f 2159/4118 2099/4119 2162/4120
f 2112/4121 2185/4122 2188/4123
f 2188/4124 183/4125 2186/4126
f 2258/4127 2096/4128 2069/4129
f 2190/4130 181/4117 2076/4107
f 2172/4131 2173/4132 2072/4133
f 184/4070 183/4134 2185/4068
f 2171/4135 2172/4136 2553/4137
f 2281/4138 2282/4139 2182/4140
f 2954/4141 3355/4142 2238/4143
f 2095/4144 2092/4145 2100/4146
f 2202/4147 2180/4148 2203/4149
f 2258/4150 2157/4151 2257/4152
f 2288/4153 2074/4154 2286/4155
f 2203/4156 186/4157 2290/4158
f 2093/4159 2094/4160 2095/4161
f 2260/4162 2068/4163 2668/4164
f 2525/4165 2519/4166 2523/4167
f 2241/4168 2341/4169 2464/4170
f 2299/4171 190/4172 189/4173
f 2391/4174 192/4175 191/4176
f 2006/4177 2335/4178 2336/4179
f 189/4180 188/4181 2297/4182
f 2570/4183 2841/4184 2569/4185
f 2205/4186 186/4157 2203/4156
f 2090/4187 2149/4188 2145/4189
f 2218/3956 2081/3955 2017/4190
f 2246/4191 2351/4192 2503/4193
f 3197/4194 3190/4195 2886/4196
f 2067/4197 2969/4198 2970/4199
f 195/4200 194/4201 2387/4202
f 2081/4203 2080/4204 2018/4205
f 2686/4206 2512/4207 2276/4208
f 199/4209 198/4210 2350/4211
f 2092/4145 2095/4144 2094/4040
f 2091/4212 2147/4213 2155/4214
f 2245/4215 201/4216 200/4217
f 2020/4218 2021/4219 2169/4220
f 2351/4221 2247/4222 2501/4223
f 2596/4224 2419/4225 2418/4226
f 2145/4227 2069/4228 2147/4229
f 1146/4230 1147/4231 2326/4232
f 2574/4233 2393/4234 2388/4235
f 2261/4236 2257/4237 2097/4238
f 2091/4212 2144/4239 2147/4213
f 2125/4240 2231/4241 2126/4242
f 2156/4243 204/4244 203/4245
f 2220/4246 2016/4247 2015/4248
f 2047/4249 2345/4250 2046/4251
f 2196/4252 2112/4253 2189/4254
f 2346/4255 2496/4256 2497/4257
f 2626/4258 2318/4259 2011/4260
f 2197/4261 2204/4262 2190/4263
f 2479/4264 2242/4265 2484/4266
f 2592/4267 2414/4268 2416/4269
f 2018/4205 2017/4190 2081/4203
f 2055/4270 2417/4271 2054/4272
f 1144/4273 2225/4274 1143/4275
f 2065/4276 2066/4277 2082/4278
f 2414/4279 2052/4280 2053/4281
f 2064/4282 2215/4283 2063/4284
f 2049/4285 2050/4286 2412/4287
f 1158/4288 2362/4289 1157/4290
f 2929/4291 2934/4292 2933/4293
f 2593/4294 2418/4295 2310/4296
f 2143/4297 2349/4298 2256/4299
f 3202/4300 2830/4301 3035/4302
f 2694/4303 2308/4304 2415/4305
f 2310/4306 2776/4307 2706/4308
f 2094/4160 2093/4159 2070/4309
f 2060/4310 2061/4311 2313/4312
f 2147/4313 2096/4314 2070/4315
f 2158/4316 2537/4317 2163/4318
f 2425/4319 2314/4320 2424/4321
f 2094/4040 2096/4322 2098/4041
f 2059/4323 2060/4324 2427/4325
f 2145/4227 2147/4229 2144/4239
f 2619/4326 2706/4308 2776/4307
f 2130/4327 2085/4328 2128/4329
f 2486/4330 2487/4331 2483/4332
f 2215/4283 2064/4282 2216/4333
f 1162/4334 2100/4335 2099/4336
f 2216/4337 2082/4338 2119/4339
f 2169/3889 2103/3888 2071/3919
f 2017/4340 2018/4341 2168/4342
f 2064/4282 2065/4343 2216/4333
f 2081/4203 2082/4344 2080/4204
f 2288/4345 2287/4346 3447/4347
f 2019/4348 2080/4349 2066/4350
f 2989/4351 2089/4017 2542/4016
f 2467/4352 2468/4353 2464/4354
f 2066/4350 2080/4349 2082/4278
f 2377/4355 2173/4356 2376/4357
f 2081/4203 2079/3957 2082/4344
f 185/4358 184/4070 2191/4069
f 2219/4359 2017/4360 2016/4361
f 2429/4362 2430/4363 2317/4364
f 2317/4365 2438/4366 2316/4367
f 2127/4368 2131/4369 2133/4370
f 2014/4371 2316/4372 2015/4373
f 2623/4374 2434/4375 2711/4376
f 2233/4377 2132/4378 2129/4379
f 2008/4380 2007/4381 2457/4382
f 2132/4378 2131/4383 2129/4379
f 2130/4384 2129/4379 2131/4383
f 2336/4385 2337/4386 2457/4387
f 2222/4388 2133/4082 2122/4081
f 2196/4252 2189/4254 2195/4389
f 2132/4390 2084/4391 2234/4392
f 2011/4260 2318/4259 2012/4393
f 2132/4378 2133/4082 2131/4383
f 2612/4394 2313/4395 2314/4396
f 2261/4397 2164/4398 2098/4399
f 2715/4400 2625/4401 2434/4402
f 2174/3896 2271/4403 2272/3897
f 204/4404 2155/4405 205/4406
f 2192/4407 2284/4408 2286/4409
f 1163/4410 1164/4023 2093/4022
f 1164/4023 205/4406 2155/4021
f 2274/4411 2385/4412 2567/4413
f 2289/4414 2001/4415 2002/4416
f 2100/4146 1162/4334 2095/4144
f 2120/4417 2219/4418 2220/4419
f 1160/4420 1161/4421 2159/4422
f 2160/4423 1162/4334 2099/4336
f 2847/4424 2207/4425 2691/4426
f 2093/4159 2095/4161 1163/4410
f 2004/4427 2005/4428 2279/4429
f 2119/4339 2082/4338 2079/3957
f 2361/4430 1158/4431 1159/4432
f 2123/4433 2227/4434 2225/4435
f 1156/4436 2532/4437 1155/4438
f 1158/4431 2361/4430 2362/4289
f 2326/4439 2329/4440 2221/4441
f 2246/4191 2350/4442 2351/4192
f 2533/4443 2659/4444 2734/4445
f 2091/4446 2156/4447 2142/4448
f 1151/4449 1152/4450 2421/4451
f 2421/4451 2423/4452 1151/4449
f 2159/4422 1161/4421 2160/4453
f 1154/4454 1155/4455 2533/4456
f 2919/4457 2115/4458 2918/4459
f 2533/4456 1155/4455 2532/4437
f 2343/4460 2344/4461 2484/4462
f 2159/4463 2250/4464 2251/4465
f 2019/4348 2018/4205 2080/4349
f 2905/4466 2901/4467 2962/4468
f 2131/4369 2127/4368 2085/4469
f 2224/4470 2005/4471 2004/4472
f 2223/4473 2335/4474 2005/4475
f 2719/4476 2132/4378 2233/4377
f 2423/4477 2453/4478 1150/4479
f 2222/4480 2224/4470 2004/4472
f 1143/4275 2225/4274 2229/4481
f 2125/4482 2127/4483 2232/4484
f 2085/4469 2130/4327 2131/4369
f 2125/4240 2001/4485 2231/4241
f 2001/4485 2125/4240 2002/4486
f 2127/4368 2133/4370 2222/4388
f 2003/4487 2222/4480 2004/4472
f 2229/4488 2128/4489 1142/4490
f 2126/4491 1140/4492 1141/4493
f 2257/4237 2260/4494 2097/4238
f 2437/4495 2440/4496 2117/4497
f 2100/4146 2092/4145 2164/4498
f 1146/4230 2326/4232 2328/4499
f 2334/4500 2226/4501 2333/4502
f 2257/4237 2261/4236 2098/4399
f 2169/4220 2071/3919 2020/4218
f 2128/4329 2085/4328 2126/4503
f 2291/4504 2297/4182 188/4181
f 1141/4505 1142/4490 2128/4489
f 1140/4506 2231/4507 179/4508
f 2190/4263 2193/4509 2197/4261
f 2128/4489 2126/4503 1141/4505
f 2027/4510 2382/4511 2026/4512
f 2225/4435 2228/4091 2123/4433
f 2369/4513 2672/4514 2548/4515
f 2085/4328 2125/4240 2126/4503
f 1162/4334 1163/4410 2095/4144
f 1151/4449 2423/4452 1150/4479
f 2070/4309 2096/4314 2094/4160
f 2130/4327 2128/4329 2229/4488
f 2881/4516 2916/4517 2946/4518
f 2488/4519 2652/4520 2490/4521
f 2125/4240 2085/4328 2127/4483
f 2347/4522 2243/4523 2345/4524
f 2086/4525 2469/4526 2474/4527
f 2758/4528 2765/4529 2823/4530
f 2570/4531 2176/4532 2567/4533
f 2350/4211 2354/4534 199/4209
f 3277/4535 2150/4536 3274/4537
f 2355/4538 197/4539 196/4540
f 3277/4535 3274/4537 2088/4541
f 2804/4542 2809/4543 2808/4544
f 2811/4545 2869/4546 2873/4547
f 2141/4548 2254/4549 2544/4550
f 2661/4551 2738/4552 2248/4553
f 2255/4554 202/4555 201/4556
f 2142/4557 2146/3993 2144/3992
f 2142/4557 2255/4558 2146/3993
f 2255/4559 2245/4560 2349/4561
f 2144/4239 2090/3991 2145/4227
f 2091/4212 2142/4448 2144/4239
f 2149/4188 2090/4187 2152/4562
f 2153/4563 2149/4564 2154/4565
f 2255/4554 2142/4557 202/4555
f 2152/4566 2146/4567 2143/4568
f 2096/4314 2147/4313 2069/4129
f 2147/4213 2070/4315 2155/4214
f 3277/4569 3286/4570 2148/4571
f 2153/4572 2069/4228 2145/4227
f 2256/4299 2152/4566 2143/4297
f 2149/4564 2148/4573 2154/4565
f 2256/4574 3274/4537 2150/4536
f 2149/4188 2152/4562 2148/4573
f 3286/4575 3282/4576 3332/4577
f 2260/4578 2157/4579 2259/4580
f 2152/4566 2090/4187 2146/4567
f 2148/4573 2152/4562 2150/4581
f 2149/4188 2153/4563 2145/4189
f 2157/4582 2153/4583 2151/4584
f 3330/4585 3329/4586 3331/4587
f 2153/4583 2154/4565 2151/4584
f 2070/4315 2093/4159 2155/4214
f 2156/4243 2155/4405 204/4244
f 2142/4011 2156/4447 203/4009
f 2155/4405 2156/4243 2091/4212
f 2153/4583 2157/4582 2069/4228
f 2259/4580 2157/4579 2151/4584
f 2539/4588 2667/4589 2537/4590
f 2254/4549 2141/4548 2253/4591
f 2163/4592 2161/4593 2162/4594
f 2159/4118 2162/4120 2250/4464
f 1162/4334 2160/4423 1161/4421
f 2099/4336 2159/4118 2160/4423
f 2543/4595 2538/4596 2540/4597
f 2249/4598 2252/4599 2253/4600
f 2100/4335 2163/4601 2099/4336
f 2251/4602 2252/4603 2361/4604
f 2099/4119 2163/4601 2162/4120
f 2164/4498 2163/4601 2100/4146
f 2098/4041 2164/4398 2092/4042
f 2158/4316 2163/4318 2164/4498
f 2370/4605 2553/4606 2556/4607
f 3357/4608 3356/4609 2108/4610
f 2015/4611 2016/4612 2265/4613
f 2166/3935 2371/3954 2372/4614
f 2167/3923 2017/3925 2168/4342
f 2167/3926 2102/3928 2552/4615
f 2071/3919 2168/3918 2018/3874
f 2167/3923 2168/4342 2103/3927
f 2021/3878 2170/3880 2169/4220
f 2169/3889 2170/3880 2171/3887
f 2268/3879 2021/3878 2022/4616
f 2171/3887 2170/3880 2104/4617
f 2172/4136 2171/4135 2104/4617
f 2102/3928 2103/3927 2171/3887
f 2173/3895 2172/4131 2104/3893
f 2172/4131 2072/4133 2553/4137
f 2268/3879 2104/4617 2170/3880
f 2173/4356 2105/4618 2376/4357
f 2272/4619 2024/4620 2025/4621
f 2269/4622 2105/4618 2173/4356
f 2175/4623 2380/4624 2381/4625
f 2374/4626 2554/4627 2165/4628
f 2385/4412 2274/4411 2384/4629
f 2746/4630 3524/4631 2559/4632
f 2684/4633 2387/4634 2388/4635
f 2515/4636 2513/4637 2517/4638
f 2518/4639 2528/4640 2531/4641
f 2684/4642 2578/4643 2575/4644
f 2205/4645 2206/4646 2291/4647
f 2292/4648 2410/4649 2179/4650
f 2298/4651 2292/4648 2179/4650
f 2291/4504 188/4181 187/4652
f 2192/4407 2195/4653 2284/4408
f 2184/4077 2111/4079 2183/4654
f 2008/4655 2399/4656 2007/4657
f 2009/4658 2010/4659 2546/4660
f 2184/4077 2183/4654 2003/4112
f 2193/4110 2183/4109 2111/4079
f 2279/4429 2184/4111 2004/4427
f 2279/4429 2402/4661 2184/4111
f 183/4662 182/4663 2194/4664
f 2112/4665 2187/4666 2191/4667
f 182/4668 181/4117 2190/4130
f 2188/4124 2186/4126 2189/4669
f 2199/4670 2112/4253 2196/4252
f 2202/4147 2203/4149 2201/4671
f 183/4134 2188/4124 2185/4068
f 2186/4126 2204/4672 2189/4669
f 2195/4389 2189/4254 2075/4673
f 2112/4253 2188/4123 2189/4254
f 2193/4509 2190/4263 2076/4107
f 2194/4674 2190/4675 2186/4676
f 2112/4665 2191/4667 2185/4122
f 2191/4667 2187/4666 2290/4677
f 2075/4678 2197/4679 2401/4680
f 2199/4670 2196/4252 2200/4681
f 2076/4107 2001/4102 2289/4414
f 2197/4261 2193/4509 2111/4079
f 183/4125 2194/4664 2186/4126
f 182/4663 2190/4130 2194/4664
f 2284/4682 2075/4683 2283/4684
f 2195/4389 2192/4407 2196/4252
f 2200/4685 2192/4686 2198/4687
f 2112/4253 2199/4670 2187/4666
f 2401/4680 2197/4679 2111/4079
f 2075/4673 2189/4254 2204/4672
f 2192/4686 3354/4688 2198/4687
f 2409/4689 2295/4690 2407/4691
f 2196/4252 2192/4407 2200/4681
f 2201/4692 2199/4670 2200/4681
f 2408/4693 2200/4685 2198/4687
f 2201/4692 2200/4681 2109/4694
f 2202/4147 2201/4671 2109/4694
f 2187/4666 2199/4670 2201/4692
f 2202/4147 2109/4694 2293/4695
f 2205/4186 2203/4156 2180/4148
f 2290/4158 186/4157 185/4696
f 2203/4149 2290/4158 2201/4671
f 2190/4675 2204/4262 2186/4676
f 2075/4673 2204/4672 2197/4679
f 2180/4148 2405/4697 2205/4186
f 186/4157 2205/4186 187/4698
f 2206/4646 2205/4645 2405/4697
f 2297/4699 2298/4700 2300/4701
f 2412/4702 2413/4703 2692/4704
f 2849/4705 2113/4706 3172/4707
f 2848/4708 2886/4709 2697/4710
f 2588/4711 2691/4712 2692/4713
f 2057/4714 2419/4715 2056/4716
f 2418/4295 2593/4294 2594/4717
f 2702/4718 2421/4719 2422/4720
f 2852/4721 2716/4722 2778/4723
f 2424/4724 2313/4312 2061/4311
f 2598/4725 2710/4726 2622/4727
f 2429/4728 2316/4372 2014/4371
f 2324/4729 2436/4730 2441/4731
f 2446/4732 2450/4733 2449/4734
f 2432/4735 2437/4736 2438/4737
f 2337/4738 2459/4739 2643/4740
f 2642/4741 2644/4742 2214/4743
f 2320/3940 2119/4339 2079/3938
f 2211/4744 2313/4395 2612/4394
f 2082/4278 2216/4337 2065/4276
f 2215/4283 2216/4333 2119/4339
f 2441/4745 2117/4746 2443/4747
f 2320/3940 2323/4748 2119/4339
f 2219/4359 2218/3956 2017/4360
f 2218/4749 2120/4058 2321/4060
f 2220/4246 2219/4418 2016/4247
f 2218/4749 2219/4359 2120/4058
f 2316/4372 2220/4246 2015/4373
f 2325/4750 2435/4751 2324/4752
f 2326/4439 2451/4753 2329/4440
f 2226/4501 2328/4754 2333/4502
f 2222/4480 2003/4487 2232/4097
f 2122/4076 2223/4075 2224/4755
f 2234/4392 2122/4081 2132/4390
f 2223/4075 2236/4074 2239/4756
f 2122/4081 2224/4755 2222/4388
f 2005/4475 2224/4470 2223/4473
f 1145/4757 2331/4758 2332/4759
f 2123/4433 2233/4760 2227/4434
f 2331/4761 1146/4230 2328/4499
f 2330/4762 2333/4763 2221/4764
f 2129/4379 2130/4384 2229/4488
f 2225/4435 2227/4434 2229/4481
f 2332/4090 2225/4089 1144/4273
f 2334/4500 2228/4765 2226/4501
f 1143/4275 2229/4481 1142/4490
f 2229/4488 2227/4434 2129/4379
f 2335/4474 2006/4177 2005/4475
f 2641/4766 2337/4767 2230/4768
f 179/4508 2231/4507 2001/4485
f 1140/4492 2126/4491 2231/4507
f 2125/4482 2232/4484 2002/4486
f 2222/4388 2232/4097 2127/4368
f 2227/4434 2233/4760 2129/4379
f 2123/4769 2334/4770 2719/4771
f 2234/4392 2084/4391 2237/4772
f 2122/4076 2234/4392 2236/4074
f 2455/4773 2639/4774 2637/4775
f 2956/4776 2959/4777 2955/4778
f 2237/4772 2236/4074 2234/4392
f 3355/4142 3419/4779 2238/4143
f 2637/4775 2639/4774 2334/4780
f 2236/4074 2237/4772 2235/4781
f 2235/4782 2238/4783 2239/4784
f 2954/4785 2235/4786 2895/4787
f 2235/4782 2239/4784 2236/4074
f 2239/4784 2238/4783 3419/4779
f 2494/4788 2798/4789 2731/4790
f 2765/4529 2824/4791 2823/4530
f 2463/4792 2043/4793 2044/4794
f 2135/4053 2472/4052 2489/3908
f 2467/4352 2464/4354 2465/4795
f 2341/4169 2241/4168 2340/4796
f 2345/4524 2496/4797 2347/4522
f 2347/4798 3421/4799 3425/4800
f 2649/4007 2651/4801 2036/4008
f 2137/4802 2762/4803 2757/4804
f 200/4805 199/4209 2354/4534
f 2245/4560 2510/4806 2349/4561
f 2503/4193 2502/4106 2246/4191
f 2138/4807 2349/4561 2510/4806
f 2387/4202 2356/4808 195/4200
f 2517/4638 2514/4809 2515/4636
f 2535/4810 2661/4811 2662/4812
f 2868/4813 2210/4814 2701/4815
f 1160/4420 2159/4422 2251/4465
f 2534/4816 2362/4817 2249/4818
f 2161/4593 2363/4819 2162/4594
f 2253/4820 2250/4821 2363/4822
f 2252/4603 2251/4602 2250/4464
f 1159/4823 1160/4420 2251/4465
f 2253/4600 2252/4599 2250/4821
f 2252/4603 2249/4598 2361/4604
f 2253/4820 2363/4822 2254/4549
f 2253/4591 2141/4548 2534/4824
f 2254/4549 2363/4822 2536/4825
f 2544/4826 2536/4827 2538/4828
f 2245/4560 2255/4559 201/4216
f 2146/3993 2255/4558 2143/4568
f 3274/4537 2256/4574 2138/4829
f 2152/4562 2256/4299 2150/4581
f 2258/4150 2257/4152 2098/4399
f 2260/4494 2257/4237 2157/4579
f 2096/4128 2258/4127 2098/4041
f 2069/4228 2157/4582 2258/4127
f 2151/4830 3330/4585 3331/4587
f 2259/4580 2068/4163 2260/4578
f 2929/4831 2969/4832 2968/4833
f 2668/4164 2669/4834 2260/4162
f 2539/4835 2261/4236 2097/4238
f 2164/4498 2261/4397 2158/4316
f 2165/4628 2554/4627 3433/4836
f 2581/4837 2282/4838 2579/4839
f 2555/4840 2375/4841 2014/4842
f 2263/4843 2374/4844 2548/4845
f 2265/3937 2264/3936 2015/4611
f 2555/4846 2264/3936 2166/3935
f 2167/3923 2265/4613 2016/3924
f 2553/4606 2370/4605 2552/4116
f 2554/4847 2266/4848 2675/4849
f 2374/4844 2165/4628 2548/4845
f 2022/4850 2023/4851 2267/4852
f 2267/4852 2023/4851 2271/3891
f 2022/4850 2267/4852 2268/3879
f 2104/4617 2268/3879 2267/3894
f 2105/4618 2269/4622 2174/3913
f 2173/3895 2267/3894 2269/4622
f 2175/4623 3495/4853 2380/4624
f 2674/3964 2378/4854 2673/3965
f 2272/4619 2271/4403 2024/4620
f 2267/4852 2271/3891 2174/3913
f 2026/4855 2381/4856 2560/4857
f 2174/3913 2379/3898 2105/4618
f 2028/4858 2561/4859 2027/4860
f 2383/4861 2273/4862 2382/4863
f 2565/4864 2030/4865 2031/4866
f 2676/4867 2747/4868 2562/4869
f 2571/4870 2032/4871 2033/4872
f 2752/4873 2750/4874 2681/4875
f 2574/4876 2387/4202 194/4201
f 2276/4208 2512/4207 2356/4877
f 2395/4878 2278/4879 2302/4880
f 2391/4174 2393/4881 192/4175
f 2300/4882 2302/4880 2278/4879
f 2392/4883 2277/4884 2391/4885
f 2279/4429 2005/4428 2396/4088
f 2279/4092 2181/4094 2402/4661
f 2280/4886 2396/4887 2281/4888
f 2397/3886 2280/3885 2182/4889
f 2281/3900 2007/3899 2399/4656
f 2280/4886 2281/4888 2182/4889
f 2400/4890 2008/4891 2009/4892
f 2579/4839 2282/4838 2687/4893
f 2181/4894 2398/4895 2285/4896
f 2284/4408 2195/4653 2075/4683
f 2283/4897 2402/4898 2285/4899
f 2284/4682 2283/4684 2285/4899
f 2286/4155 2403/4900 2288/4153
f 2286/4155 2074/4154 3354/4901
f 2284/4408 2285/4899 2286/4409
f 2403/4902 2285/4903 2110/4904
f 2182/4889 2581/4905 2397/3886
f 2580/4906 2110/4907 2397/4908
f 2403/4900 2286/4155 2285/4903
f 2287/4346 3442/4909 3447/4347
f 2183/4084 2289/4108 2002/4085
f 2076/4107 2289/4414 2193/4509
f 2191/4069 2290/4677 185/4358
f 2201/4671 2290/4158 2187/4666
f 2205/4186 2291/4647 187/4698
f 2297/4182 2291/4504 2206/4646
f 2293/4695 2180/4148 2202/4147
f 2292/3975 2405/4910 2293/3973
f 2407/4691 2295/4690 2296/4911
f 2179/4912 2304/4913 3359/4914
f 2407/4915 2408/4916 2406/4917
f 2585/4918 2287/4919 2583/4920
f 2407/4921 2293/4695 2109/4694
f 2409/4689 2411/4922 2295/4690
f 2407/4691 2296/4911 2293/4695
f 2410/4923 2296/4911 2295/4690
f 2298/4700 2297/4699 2206/4646
f 2278/4924 2299/4925 2297/4926
f 2298/4700 2206/4646 2405/4697
f 2300/4701 2298/4700 2179/4650
f 2395/4878 2577/4927 2278/4879
f 189/4180 2297/4182 2299/4171
f 2302/4880 2300/4882 2303/4928
f 2297/4699 2300/4701 2278/4924
f 2303/4928 2301/3987 2302/4880
f 2303/4928 3359/4929 2301/3987
f 2303/4928 2300/4882 2179/4650
f 3363/4930 2301/4931 3361/4932
f 2410/4649 2304/4913 2179/4650
f 2179/4912 3359/4914 2303/4928
f 2304/4933 2411/4934 3356/4935
f 2304/4933 3356/4935 3357/4608
f 2178/4936 2306/4937 2305/4938
f 2306/4937 2394/4031 2305/4938
f 2390/4939 2306/4940 3372/4941
f 2394/4942 2277/4884 2392/4883
f 2587/4943 2050/4944 2051/4945
f 2499/4946 2346/4255 2497/4257
f 2694/4947 2309/4948 2589/4949
f 2847/4424 2691/4426 2588/4711
f 2695/4950 2694/4947 2589/4949
f 2415/4305 2308/4304 2414/4951
f 2057/4714 2597/4952 2419/4715
f 2597/4953 2598/4954 2420/4955
f 2422/4956 1152/4957 1153/4958
f 2633/4959 2704/4960 2600/4961
f 2872/4962 3108/4963 2871/4964
f 2717/4965 2327/4966 2454/4967
f 2424/4724 2061/4311 2062/4968
f 2211/4744 2613/4969 2313/4395
f 2425/4970 2062/4971 2063/4972
f 2323/4748 2215/4283 2119/4339
f 2611/4973 2428/4974 2613/4975
f 2420/4976 2310/4977 2419/4978
f 2429/4728 2014/4371 2013/4979
f 2316/4980 2212/4981 2435/4982
f 2430/4983 2013/4984 2012/4985
f 2317/4364 2430/4363 2432/4986
f 2010/3933 2319/3932 2711/4987
f 2432/4988 2433/4989 2431/4990
f 2457/4382 2643/4991 2008/4380
f 2642/4992 2623/4993 2319/4994
f 2079/3957 2218/3956 2321/3939
f 2320/4995 2217/4996 2322/4997
f 2220/4998 2435/4751 2325/4750
f 2217/4996 2320/4995 2321/3939
f 2324/4729 2441/4731 2217/4999
f 2425/5000 2215/5001 2601/5002
f 2320/4995 2322/4997 2323/4748
f 2215/4283 2323/4748 2322/4997
f 2324/4729 2435/4751 2436/4730
f 2325/4059 2217/4996 2321/4060
f 2220/4998 2325/4750 2120/4417
f 2217/4996 2325/4059 2324/4729
f 2451/5003 1147/5004 1148/5005
f 2328/4499 2326/4232 2221/4441
f 2452/5006 1148/5007 1149/5008
f 2327/4071 2452/4073 2454/4967
f 2221/4764 2718/5009 2330/4762
f 2328/4754 2226/4501 2331/4761
f 2451/4753 2326/4439 1147/5004
f 2329/5010 2327/4966 2717/4965
f 2330/5011 2637/4775 2334/4780
f 2123/4433 2228/4091 2334/4770
f 2332/4759 2331/4758 2226/4501
f 1146/4230 2331/4761 1145/4757
f 2228/4091 2332/4090 2226/4501
f 1145/4757 2332/4759 1144/4273
f 2221/4764 2333/4763 2328/4499
f 2333/4502 2330/4762 2334/4500
f 2853/5012 2637/5013 2638/5014
f 2334/4780 2639/4774 2719/4771
f 2223/4075 2239/4756 3419/4779
f 2335/4178 3419/5015 2336/4179
f 2337/4386 2336/4385 2230/4768
f 2007/5016 2006/4177 2336/4179
f 3355/5017 2458/5018 2641/5019
f 2642/4992 2214/4743 2623/4993
f 2798/4789 2654/5020 2731/4790
f 2645/5021 2461/5022 2338/5023
f 2646/5024 2865/5025 2647/5026
f 2797/5027 2753/5028 2650/5029
f 2340/4035 2043/4034 2463/4792
f 2342/4025 2340/4024 2241/4168
f 2341/5030 2463/5031 2343/5032
f 2464/5033 2135/5034 2493/5035
f 2493/5035 2135/5034 2489/3908
f 2040/5036 2041/5037 2731/5038
f 2495/5039 2045/5040 2046/5041
f 2343/5042 2242/5043 2465/5044
f 2495/5039 2343/3995 2045/5040
f 2344/5045 2495/5046 2345/5047
f 2496/5048 2047/5049 2048/5050
f 2344/5045 2345/5047 2243/4523
f 2497/5051 2048/5052 2049/5053
f 2499/4946 2497/4257 2500/5054
f 2496/5048 2345/4524 2047/5049
f 3421/4799 2347/4798 2346/5055
f 2036/4008 2651/4801 2730/5056
f 2727/5057 2680/5058 2348/5059
f 2256/4574 2349/4298 2138/4829
f 2255/4558 2349/4561 2143/4568
f 197/5060 2357/5061 2353/5062
f 2352/5063 2350/4442 2246/4191
f 198/4210 2353/5064 2350/4211
f 2355/5065 2351/5066 2357/5067
f 2246/4191 2507/4104 2352/5063
f 2511/5068 2245/4215 200/4217
f 197/5060 2353/5062 198/4210
f 2351/4192 2350/4442 2353/5064
f 2350/4211 2352/5063 2354/4534
f 2354/4534 2352/5063 2511/5069
f 195/4200 2356/4808 2358/5070
f 2351/4221 2355/5065 2247/4222
f 2247/4222 2355/5065 2356/5071
f 2358/5072 2355/4538 196/4540
f 2353/5062 2357/5061 2351/4192
f 197/5060 2355/4538 2357/5061
f 195/4200 2358/5070 196/4540
f 2356/4808 2355/5065 2358/5070
f 2735/5073 2535/4810 2662/4812
f 2656/5074 2533/5075 2359/5076
f 2657/5077 2873/5078 2658/5079
f 2701/5080 2702/5081 2599/5082
f 2361/4604 1159/4432 2251/4602
f 2362/4817 2361/4430 2249/4818
f 2249/4818 2253/4600 2534/4816
f 2532/5083 2662/5084 2359/5085
f 2162/4120 2363/4819 2250/4464
f 2536/4825 2363/4822 2161/4593
f 2536/4825 2161/4593 2537/5086
f 2158/4316 2539/4588 2537/4317
f 2800/5087 2801/5088 2140/5089
f 2664/5090 2660/5091 2800/5092
f 2474/4527 2480/5093 2086/4525
f 2089/4017 2543/4595 2540/4018
f 2690/5094 2688/5095 2687/5096
f 2400/5097 2282/5098 2399/5099
f 2263/3946 2672/5100 2012/3944
f 2368/5101 2550/5102 2547/5103
f 2671/5104 2369/5105 3434/5106
f 2550/5102 2262/5107 2547/5103
f 2377/5108 2378/5109 2556/5110
f 2371/3954 2101/5111 2372/4614
f 2552/4116 2371/4115 2265/3937
f 2558/5112 2371/4115 2370/4114
f 2372/4614 2101/5111 2675/5113
f 2555/3942 2266/3941 2375/4841
f 2376/4357 2105/4618 3498/5114
f 3467/5115 3468/5116 3472/5117
f 2375/3950 2374/4844 2263/3946
f 2554/4847 2374/4626 2266/4848
f 2014/4842 2375/4841 2013/3945
f 2374/4844 2375/3950 2266/4848
f 3498/5114 2105/4618 3497/5118
f 2377/4355 2376/4357 2270/5119
f 2377/5108 2270/5119 2378/5109
f 2173/4132 2377/4355 2072/4133
f 2378/4854 2270/5119 2673/3965
f 2371/3954 2558/5112 2101/5111
f 2272/3897 2380/5120 2379/3898
f 3495/4853 3497/5121 2380/4624
f 2025/4621 2560/5122 2272/4619
f 3494/5123 3495/5124 3496/5125
f 2380/5120 2272/3897 2560/5122
f 2382/4511 2381/4856 2026/4512
f 2382/4511 2027/4510 2561/4859
f 2381/4856 2382/4511 2273/3906
f 2562/5126 2028/5127 2029/5128
f 2274/5129 2676/4867 2562/4869
f 2384/3972 2030/3971 2565/4864
f 2562/4869 2384/4629 2274/5129
f 2566/5130 2031/5131 2032/5132
f 2274/4411 2567/4413 2176/4532
f 2348/3999 2683/5133 2034/3997
f 2750/5134 2572/5135 2680/5136
f 2574/4876 194/4201 193/5137
f 2356/4808 2387/4202 2276/4208
f 2393/4881 193/5138 192/4175
f 2306/4940 2390/4939 2277/5139
f 2529/5140 2531/5141 3432/5142
f 2575/4644 2686/5143 2684/4642
f 3372/4941 2306/4940 2178/4936
f 2390/5144 2578/5145 2393/5146
f 2576/5147 191/5148 190/5149
f 2393/5146 2277/5139 2390/5144
f 2576/5147 2391/4174 191/5148
f 2299/4171 2577/5150 190/4172
f 2277/5139 2393/5146 2391/4885
f 2578/5145 2390/5144 2389/5151
f 2277/5139 2394/4942 2306/4940
f 2577/4927 2395/4878 2392/5152
f 2305/4030 2395/4032 2302/3986
f 2392/4883 2395/4878 2394/4942
f 2281/3900 2396/4887 2006/3901
f 2279/4092 2396/4088 2280/4093
f 2397/4908 2581/4905 2580/4906
f 2398/3884 2397/3886 2110/4907
f 2285/4903 2398/4895 2110/4904
f 2280/4093 2398/3884 2181/4094
f 2400/5097 2399/5099 2008/4891
f 2281/4138 2399/4656 2282/4139
f 2546/4660 2400/4890 2009/4658
f 2579/4839 2687/4893 2688/5095
f 2402/4661 2401/4078 2184/4111
f 2075/4678 2401/4680 2283/4684
f 2285/4896 2402/4898 2181/4894
f 2401/4078 2402/4661 2283/4684
f 2583/5153 2403/4902 2110/4904
f 2288/4153 2403/4900 2287/4346
f 2550/5102 2671/5154 2262/5107
f 3356/5155 2294/5156 3373/5157
f 2293/3973 2405/4910 2180/4148
f 2298/4700 2405/4697 2292/4648
f 3354/4688 3420/5158 2198/4687
f 2287/4346 2585/4918 3442/4909
f 2408/4916 2407/4915 2109/4694
f 2407/4915 2406/4917 2409/4689
f 2200/4685 2408/4693 2109/4694
f 2408/4693 2198/4687 3420/5158
f 2406/5159 3460/5160 3459/5161
f 2411/4922 2409/4689 2294/5162
f 2296/4911 2410/4923 2292/3975
f 2410/4923 2295/4690 2411/4922
f 3356/5155 2411/4934 2294/5156
f 2410/4649 2411/4922 2304/4913
f 2412/4287 2050/4286 2587/4943
f 2497/5163 2412/5164 2307/5165
f 2592/5166 2051/5167 2052/5168
f 2769/5169 2848/5170 2771/5171
f 2590/5172 2053/5173 2054/5174
f 2416/4269 2414/4268 2308/4304
f 2590/5172 2414/4279 2053/5173
f 2415/5175 2590/5176 2417/5177
f 2695/5178 2591/5179 2696/5180
f 2587/5181 2592/5182 2413/5183
f 2055/5184 2056/5185 2596/5186
f 2415/5175 2417/5177 2309/5187
f 2309/5187 2417/5177 2418/5188
f 2417/4271 2055/4270 2596/5186
f 2597/4952 2057/4714 2058/5189
f 2418/4295 2419/4225 2310/4296
f 2598/5190 2058/5191 2059/5192
f 2315/3931 2313/3930 2613/4969
f 2422/4956 2421/4719 1152/4957
f 2421/5193 2311/5194 2704/5195
f 2659/4444 2533/4443 2658/5196
f 2599/5082 2868/4813 2701/5080
f 2701/5197 2600/4961 2704/4960
f 2453/5198 2452/5006 1149/5008
f 2425/4319 2424/4321 2062/4971
f 2313/4312 2424/4724 2314/4396
f 2063/4284 2215/4283 2425/4970
f 2601/5002 2215/5001 2322/4997
f 2603/5199 2314/4320 2425/4319
f 2447/5200 2443/5201 2448/5202
f 2313/3930 2427/3929 2060/4310
f 2598/5203 2427/3929 2315/3931
f 2609/5204 2616/5205 2116/5206
f 2618/5207 2621/5208 2620/5209
f 2430/4363 2429/4362 2013/4984
f 2316/4372 2429/4728 2317/4365
f 2012/4393 2318/4259 2430/4983
f 2318/5210 2625/5211 2433/5212
f 2714/5213 2713/5214 2715/5215
f 2117/4497 2436/5216 2437/4495
f 2433/4989 2432/4988 2430/4363
f 2437/4736 2432/4735 2431/4990
f 2318/4259 2433/5212 2430/4983
f 2433/5217 2213/5218 2713/5219
f 2434/4375 2623/4374 2624/5220
f 2625/5211 2213/5218 2433/5212
f 2316/4372 2435/4982 2220/4246
f 2436/4730 2435/4751 2212/4981
f 2437/4495 2436/5216 2212/4981
f 2441/4731 2436/4730 2117/4746
f 2438/4737 2437/4736 2212/4981
f 2437/4495 2431/4990 2440/4496
f 2316/4980 2438/4366 2212/4981
f 2432/4986 2438/4737 2317/4364
f 2628/5221 2446/4732 2449/4734
f 2449/4734 2450/4733 2444/5222
f 2712/5223 2440/4496 2431/4990
f 2117/4497 2440/4496 2439/5224
f 2444/5225 2443/4747 2117/4746
f 2441/4731 2447/5226 2217/4999
f 2606/5227 2608/3916 2605/3915
f 2322/4997 2217/4996 2447/5226
f 2444/5225 2117/4746 2439/5224
f 2442/5228 2448/5202 2443/5201
f 2444/5222 2439/5224 2449/4734
f 2443/4747 2444/5225 2632/5229
f 2426/3920 2603/5230 2604/3921
f 2612/5231 2603/5230 2426/3920
f 2439/5224 2440/4496 2712/5223
f 2628/5221 2861/5232 2446/4732
f 2443/5201 2447/5200 2441/4745
f 2447/5233 2445/5234 2602/5235
f 2448/5202 2442/5228 2606/5236
f 2447/5233 2448/5202 2445/5234
f 2439/5224 2712/5223 2628/5237
f 2450/4733 2446/4732 2629/5238
f 2610/5239 2607/5240 2608/5241
f 2632/5242 2450/5243 2705/5244
f 2452/4073 2451/4072 1148/5007
f 2329/4440 2451/4753 2327/4966
f 1149/5008 1150/4479 2453/5198
f 2452/5006 2453/5198 2634/5245
f 2423/4477 2633/5246 2453/4478
f 2312/5247 2778/5248 2634/5249
f 2454/5250 2634/5249 2778/5248
f 2636/5251 2221/4441 2329/4440
f 2783/5252 2785/5253 2121/5254
f 2237/4772 2456/5255 2235/4781
f 2640/5256 2237/4772 2084/4391
f 2958/5257 2785/5258 2960/5259
f 2336/4179 2457/4387 2007/5016
f 2643/4740 2457/4382 2337/4738
f 2644/5260 2720/5261 2787/5262
f 2720/5261 2644/5260 2459/5263
f 2643/5264 2319/3932 2009/3934
f 2337/4767 2641/4766 2720/5265
f 2731/5038 2460/4013 2040/5036
f 2461/5022 2460/4013 2338/5023
f 2645/5021 2338/5023 2240/5266
f 2648/3988 2647/3990 2339/5267
f 2751/5268 2753/5269 2754/5270
f 2727/5057 2244/5271 2680/5058
f 2343/5032 2463/5031 2044/3996
f 2340/4796 2463/4792 2341/4169
f 2341/4169 2465/4795 2464/4170
f 2242/4265 2479/4264 2467/5272
f 2343/5032 2465/5044 2341/5030
f 2477/5273 2466/5274 2479/5275
f 2474/4527 2469/4526 2475/5276
f 2468/4054 2135/4053 2464/4354
f 2242/5043 2467/5272 2465/5044
f 2467/4352 2466/5277 2468/4353
f 2466/5277 2469/5278 2468/4353
f 2472/4052 2468/4054 2473/5279
f 2477/5280 2471/5281 2475/5282
f 2473/5283 2469/4526 2086/4525
f 2480/5093 2975/5284 2086/4525
f 2490/5285 2491/5286 2482/5287
f 3220/5288 3430/5289 3219/5290
f 2478/5291 3114/5292 3016/5293
f 2473/5279 2468/4054 2469/4526
f 2485/3910 2472/3909 2470/5294
f 2975/5295 3012/5296 3013/5297
f 2472/4052 2473/5279 2470/5294
f 2475/5276 2469/4526 2466/5277
f 2478/5298 2480/5299 2486/5300
f 2477/5273 2475/5282 2466/5274
f 2471/5281 2474/4527 2475/5282
f 3028/5301 3031/5302 3026/5303
f 2742/5304 2814/5305 2876/5306
f 2466/5277 2467/4352 2479/5275
f 2477/5307 2136/5308 3429/5309
f 2984/5310 2986/5311 2982/5312
f 2480/5093 2978/5313 2975/5284
f 2242/5043 2343/5042 2484/4266
f 2136/4057 2477/5307 2479/4055
f 2487/5314 2474/4527 2471/5281
f 2973/5315 2975/5316 3017/5317
f 2344/5045 2243/4523 2481/5318
f 2481/5319 3425/5320 3422/5321
f 2485/5322 2490/5285 2482/5287
f 2655/5323 2492/5324 2798/5325
f 3428/5326 3429/5309 2136/5308
f 3020/5327 3550/5328 3155/5329
f 2344/4461 2481/5318 2484/4462
f 2479/4055 2484/4266 2481/4056
f 2490/5285 2485/5322 3014/5330
f 2485/5322 2482/5287 2489/3908
f 2480/5093 2474/4527 2487/5314
f 3069/5331 2486/4330 2483/4332
f 2487/5314 2471/5281 3211/5332
f 2480/5093 2487/5314 2486/5300
f 2976/5333 2470/5294 2473/5279
f 2488/5334 3014/5335 2977/5336
f 2492/5337 2489/3908 2482/5287
f 2493/5035 2241/4168 2464/5033
f 3014/5330 2485/5322 2470/5294
f 2490/4521 2652/4520 2491/5286
f 2724/5338 2866/5339 2795/5340
f 2653/5341 2491/5342 2723/5343
f 2653/5344 2492/5337 2482/5287
f 2338/5023 2654/5345 2240/5266
f 2655/5323 2489/3908 2492/5324
f 2342/4025 2241/4168 2493/5035
f 2340/4024 2494/4026 2042/4033
f 2494/4788 2342/4025 2798/4789
f 2345/4250 2495/5046 2046/4251
f 2343/4460 2495/5039 2344/4461
f 2497/5051 2496/4256 2048/5052
f 2347/4798 2496/4797 2346/5055
f 2412/5164 2497/5163 2049/4285
f 3580/5346 2500/5347 2691/5348
f 3431/5349 2849/4705 3172/4707
f 2499/4946 3421/4799 2346/4255
f 2500/5054 2497/4257 2307/5165
f 3421/4799 2499/4946 2498/5350
f 2500/5054 2307/5165 2691/5348
f 2498/5350 2499/4946 2500/5054
f 2514/4809 2517/4638 2247/5351
f 2501/5352 2139/5353 2502/5354
f 2506/5355 2502/5354 2139/5353
f 3275/5356 2510/5357 2352/5358
f 2351/4221 2501/4223 2503/4193
f 2502/5354 2503/4193 2501/5352
f 3290/5359 3291/5360 2504/5361
f 3347/5362 3337/5363 3349/5364
f 2507/5365 2506/5366 2508/5367
f 2509/5368 3276/5369 2508/5370
f 3299/5371 3290/5372 2139/5373
f 2508/5367 2506/5366 2504/5374
f 2506/5366 2507/5365 2502/5354
f 2352/5063 2507/4104 2505/5375
f 2509/5368 2508/5370 2504/5374
f 2507/5365 2508/5367 2505/5375
f 3283/5376 3280/5377 3295/5378
f 2088/4541 3274/4537 3276/5379
f 2511/5068 2510/4806 2245/4215
f 3275/5356 2352/5358 2505/5375
f 2354/4534 2511/5069 200/4805
f 2510/4806 2511/5068 2352/5358
f 2515/5380 2512/5381 2516/5382
f 2247/4222 2356/5071 2514/4809
f 2516/5382 2513/4637 2515/5380
f 2513/4637 2516/5382 2521/5383
f 2356/5071 2512/4207 2514/4809
f 2515/5380 2514/4809 2512/5381
f 2516/5382 2512/5381 2177/5384
f 3297/5385 3299/5386 3300/5387
f 2520/5388 2516/5382 2177/5384
f 2521/5389 2520/5390 2523/5391
f 2139/5353 2501/5352 2517/5392
f 2247/5351 2517/4638 2501/4223
f 2177/5393 2522/5394 2524/5395
f 3367/5396 3369/5397 3365/5398
f 3306/5399 3342/5400 3345/5401
f 2517/4638 2513/4637 3300/5402
f 2575/5403 2685/5404 2177/5405
f 2523/5391 2520/5390 2518/5406
f 2520/5390 2521/5389 2516/5382
f 3297/5407 2519/5408 3296/5409
f 3372/5410 3367/5411 3368/5412
f 2518/5406 2520/5390 2524/5413
f 2525/4165 2523/4167 2518/5406
f 2521/5389 2523/5391 2519/4166
f 2177/5393 2524/5395 2520/5388
f 2528/5414 2524/5415 3371/5416
f 2518/4639 2524/5413 2528/4640
f 2525/4048 2107/4047 3316/5417
f 3381/5418 3362/5419 2108/5420
f 3317/5421 3401/5422 3402/5423
f 3369/5397 3367/5396 2178/5424
f 3363/5425 2178/4936 2305/4938
f 3371/5416 2524/5415 2522/5394
f 3432/5142 2531/5141 2527/5426
f 2531/5427 2530/4046 2525/4048
f 3353/5428 3352/5429 3337/5430
f 2525/4165 2518/5406 2531/5427
f 2530/5431 2529/5432 3337/5433
f 2527/5426 2531/5141 2528/4640
f 2529/5140 2530/5431 2531/5141
f 2662/5084 2532/5083 1156/4436
f 2533/5075 2532/4437 2359/5076
f 2359/5076 2661/5434 2656/5074
f 2360/5435 2659/4444 2658/5196
f 2736/5436 2664/5437 2534/5438
f 2661/4551 2248/4553 2656/5074
f 2362/4817 2534/4816 2663/5439
f 2663/5439 2534/4816 2664/5437
f 2161/4593 2163/4592 2537/5086
f 2538/4828 2536/4827 2364/5440
f 2158/4316 2261/4397 2539/4588
f 2364/5440 2536/4827 2537/5086
f 2538/4828 2364/5440 2540/4597
f 2544/4826 2538/4828 2365/5441
f 2669/4834 2670/5442 2260/4162
f 3000/5443 2739/5444 2541/5445
f 2540/4018 2666/5446 2542/4016
f 2666/5447 2667/5448 2744/5449
f 2742/5450 2541/5451 2741/5452
f 2541/5451 2742/5450 2936/5453
f 2666/5446 2540/4018 2364/5440
f 2936/5453 2942/5454 2541/5451
f 2805/5455 2807/5456 2804/5457
f 2365/5441 2538/4828 2543/4595
f 2544/4826 2365/5441 2737/5458
f 2536/4825 2544/4826 2254/4549
f 2934/4292 2931/5459 2933/4293
f 2743/5460 2740/5461 2741/5462
f 2368/4049 2546/4066 2010/4061
f 2546/4066 2367/4065 2768/5463
f 2262/5107 3582/5464 2547/5103
f 2367/4065 2368/4067 2547/5103
f 2548/4845 2165/4628 3434/5465
f 2672/4514 2369/4513 2551/5466
f 3465/5467 3434/5468 3433/5469
f 2689/5470 2547/5103 3582/5464
f 2551/4051 2550/5102 2368/4049
f 2671/5154 2550/5102 2369/5105
f 2012/5471 2551/4051 2011/4050
f 2550/5102 2551/4051 2369/5105
f 2167/3926 2552/4615 2265/4613
f 2553/4606 2552/4116 2102/3928
f 2553/4137 2102/3928 2171/4135
f 2556/4607 2553/4606 2072/4133
f 2266/4848 2372/3943 2675/4849
f 3433/4836 2554/4627 2373/5472
f 2264/3936 2555/4846 2014/4029
f 2372/3943 2555/3942 2166/3935
f 2377/5108 2556/5110 2072/4133
f 2558/5473 2556/5110 2378/5109
f 3492/5474 3500/5475 3438/5476
f 2557/5477 3440/5478 3435/5479
f 2556/4607 2558/5473 2370/4605
f 2674/3964 2558/5473 2378/4854
f 2383/4861 2678/5480 2273/4862
f 2175/4623 2381/4625 2559/3907
f 2026/4855 2560/4857 2025/4621
f 2380/5120 2560/5122 2381/4625
f 2562/5126 2561/3979 2028/5127
f 2382/4511 2561/4859 2383/4861
f 2384/3972 2562/4869 2029/3970
f 2676/4867 2274/5129 2176/4532
f 2748/5481 2678/5482 2747/5483
f 2677/5484 2878/5485 2563/5486
f 2746/4630 2559/4632 2273/3906
f 3493/5487 3506/5488 3500/5489
f 2566/5130 2565/3967 2031/5131
f 2384/3972 2565/4864 2385/4412
f 2571/4870 2566/5130 2032/4871
f 2679/4003 2566/4005 2386/5490
f 2385/4412 2568/5491 2567/4413
f 2567/4533 2568/5491 2570/4531
f 2566/3968 2568/4004 2385/3969
f 2275/5492 2841/4184 2570/4183
f 2682/5493 2835/5494 2275/5495
f 2838/5496 2745/5497 2818/5498
f 2275/5492 2570/4183 2568/5491
f 2570/4183 2569/4185 2818/5499
f 2573/5500 2571/4870 2033/4872
f 2566/4005 2571/4870 2386/5490
f 2751/5501 2681/4875 2750/4874
f 2386/5490 2571/4870 2573/5500
f 2683/5133 2033/5502 2034/3997
f 2386/5490 2573/5500 2572/4045
f 2393/4234 2574/4233 193/5138
f 2387/4202 2574/4876 2388/4635
f 2685/5404 2575/5403 2389/5503
f 2177/5405 2686/5143 2575/5403
f 2577/5150 2576/5147 190/4172
f 2391/4174 2576/5147 2392/4883
f 2278/4924 2577/4927 2299/4925
f 2576/5147 2577/5150 2392/4883
f 2575/5403 2578/4643 2389/5503
f 2388/4235 2393/4234 2578/5145
f 2687/4893 2282/4838 2400/5097
f 2582/5504 2580/5505 2579/5506
f 2582/5504 2579/5506 2404/5507
f 2403/4900 2583/5153 2287/4346
f 2282/4838 2581/4837 2182/4140
f 2579/5506 2580/5505 2581/4837
f 2586/5508 2582/5504 2404/5507
f 2585/5509 2582/5504 2586/5508
f 2110/4907 2580/4906 2583/5153
f 2582/5504 2583/5153 2580/5505
f 3451/5510 3483/5511 3488/5512
f 3450/5513 3452/5514 3458/5515
f 2582/5504 2585/5509 2583/5153
f 3442/5516 2584/5517 3441/5518
f 3453/5519 3455/5520 3518/5521
f 2585/5509 2586/5508 2584/5522
f 2587/5181 2051/4945 2592/5182
f 2412/4287 2587/4943 2413/4703
f 2416/5523 2693/5524 2413/5525
f 2696/5526 2416/4269 2308/4304
f 2698/5527 2594/5528 2595/5529
f 2595/5529 2774/3978 2698/5527
f 2417/4271 2590/5176 2054/4272
f 2414/4279 2590/5172 2415/4305
f 2845/5530 2769/5169 2771/5171
f 2693/5531 2588/4711 2692/4713
f 2414/4279 2592/4267 2052/4280
f 2592/4267 2416/4269 2413/5183
f 2707/5532 2310/4306 2706/4308
f 2594/4717 2593/4294 2209/5533
f 2594/5528 2209/5533 2595/5529
f 2418/5188 2594/4717 2309/5187
f 2772/5534 2595/5529 2209/5533
f 2700/5535 2887/5536 2773/5537
f 2419/4715 2596/4224 2056/4716
f 2417/5177 2596/5186 2418/5188
f 2598/4954 2597/4953 2058/5191
f 2419/4715 2597/4952 2420/4976
f 2427/4325 2598/5203 2059/4323
f 2710/4726 2620/5538 2622/4727
f 2703/5539 2599/5082 2702/5081
f 2875/5540 2869/4546 2811/4545
f 2600/5541 2210/5542 2851/5543
f 2600/4961 2852/5544 2633/4959
f 2322/4997 2602/5545 2601/5002
f 2604/5546 2602/5235 2445/5234
f 2447/5226 2602/5235 2322/4997
f 2604/5546 2603/5230 2602/5235
f 2425/4319 2601/5002 2603/5199
f 2602/5545 2603/5230 2601/5002
f 2606/5236 2445/5234 2448/5202
f 2426/3947 2605/3922 2116/3948
f 2604/3921 2606/5227 2605/3922
f 2610/5547 2078/5548 3227/5549
f 2606/5227 2604/3921 2445/5234
f 2608/5241 2607/5240 2609/3914
f 3238/5550 3226/5551 3255/5552
f 2700/5553 2774/5554 2775/5555
f 2606/5227 2442/5228 2608/3916
f 2442/5556 2632/5242 2705/5244
f 2116/5557 2617/5558 2428/5559
f 2605/3922 2609/3914 2116/3948
f 2705/5244 2608/3916 2442/5556
f 2450/5560 2078/5548 2610/5547
f 2428/4974 2611/4973 2116/5557
f 2612/4394 2611/5561 2211/4744
f 2603/5230 2612/5231 2314/4320
f 2611/5561 2612/4394 2426/3947
f 2611/4973 2613/4975 2211/4744
f 2710/5562 2613/4975 2428/4974
f 2616/5205 2617/5558 2116/5206
f 3224/5563 3226/5564 3229/5565
f 3228/5566 3225/5567 2615/5568
f 3233/5569 3236/5570 3227/5571
f 3228/5572 2609/3914 2607/5240
f 2616/5205 2615/5573 2617/5558
f 2615/5573 2618/5574 2617/5558
f 2428/5559 2617/5558 2620/5575
f 3222/5576 2618/5574 2615/5573
f 2618/5207 2614/5577 2621/5208
f 2621/5578 2706/4308 2619/4326
f 2622/4727 2420/4955 2598/4725
f 2618/5574 2620/5209 2617/5558
f 2622/4727 2620/5538 2619/5579
f 2706/4308 2621/5578 2614/5577
f 2620/5538 2621/5208 2619/5579
f 2420/4955 2622/4727 2619/5579
f 2710/4726 2598/4725 2315/3931
f 2624/5220 2623/4374 2214/4743
f 2711/4376 2434/4375 2626/5580
f 2790/5581 2644/5582 2722/5583
f 2789/4099 2714/4098 2624/5584
f 2626/4258 2625/5211 2318/4259
f 2715/4400 2434/4402 2624/5220
f 2010/5585 2626/4258 2011/4260
f 2625/5211 2626/4258 2434/4402
f 2712/5586 2713/5587 2627/5588
f 2860/5589 2908/5590 2859/5591
f 2439/5224 2628/5237 2449/4734
f 2862/5592 2627/5593 2714/5594
f 2908/5595 2861/5596 2862/5597
f 2078/5548 2450/5560 2629/3952
f 2858/5598 2857/5599 2793/5600
f 2962/5601 2902/5602 2903/5603
f 2907/5604 2629/5238 2446/4732
f 3233/5605 3234/5606 3254/5607
f 2443/5201 2632/5229 2442/5228
f 2444/5222 2450/4733 2632/5229
f 2633/5246 2423/4477 2704/4960
f 2634/5249 2633/5608 2312/5247
f 2634/5249 2453/5198 2633/5608
f 2454/4967 2452/4073 2634/5249
f 3038/5609 3109/5610 3006/5611
f 2121/5254 2781/5612 2783/5252
f 2717/5613 2780/3963 2636/3962
f 2718/5614 2636/3962 2781/3961
f 2638/5014 2637/5013 2330/5011
f 2455/4773 2957/5615 2639/4774
f 2718/5009 2638/5014 2330/4762
f 2121/5254 2785/5253 2853/5616
f 2456/5617 2640/5618 2639/5619
f 2640/5618 2719/4771 2639/5619
f 2237/4772 2640/5256 2456/5255
f 2719/4771 2640/5618 2084/4391
f 3355/5017 2641/5019 2230/4768
f 2641/5019 2458/5018 2720/5265
f 2643/5264 2642/4992 2319/3932
f 2644/5260 2642/4741 2459/5263
f 2008/4380 2643/4991 2009/3934
f 2642/4741 2643/5264 2459/5263
f 2788/5620 2721/5621 2787/5622
f 2790/5623 2624/5220 2214/4743
f 2646/5624 2645/5021 2240/5266
f 2648/3988 2339/5267 2725/5625
f 2723/5626 2646/5624 2240/5266
f 2795/5340 2866/5339 2723/5627
f 2461/5022 2645/5021 2647/3990
f 2646/5624 2647/5026 2645/5021
f 2649/5628 2648/5629 2462/5630
f 2726/5631 2037/5632 2038/5633
f 2649/4007 2037/4006 2726/5631
f 2462/5634 2797/5635 2651/5636
f 2348/3999 2035/3998 2730/5637
f 2729/5638 2462/5639 2725/5640
f 2462/5634 2651/5636 2649/5628
f 2727/5641 2730/5642 2650/5643
f 3050/5644 2652/4520 2488/4519
f 2134/5645 2491/5286 2652/4520
f 2653/5646 2240/5266 2654/5345
f 2482/5287 2491/5286 2653/5344
f 2338/5023 2460/4013 2731/5038
f 2653/5344 2654/5345 2492/5337
f 2342/4025 2493/5035 2655/5647
f 2489/3908 2655/5323 2493/5035
f 2656/5074 2248/4553 2799/5648
f 2360/5435 2703/5649 2659/4444
f 2799/5650 2732/5651 2657/5652
f 2917/5653 2810/5654 2875/5655
f 2533/4443 2656/5074 2658/5196
f 2657/5077 2658/5079 2656/5074
f 1153/4958 2734/5656 2422/4956
f 1154/5657 2734/5656 1153/4958
f 2737/5658 2736/5659 2141/5660
f 2803/5661 2365/5441 2543/4595
f 2662/5084 2661/4811 2359/5085
f 2738/4552 2661/4551 2535/4810
f 1156/4436 1157/5662 2662/5084
f 2735/5073 2662/4812 1157/5662
f 2141/4548 2736/5659 2534/4824
f 2735/5073 2663/5663 2535/4810
f 2140/5089 2732/5664 2800/5087
f 2535/4810 2663/5663 2664/5437
f 2539/4835 2097/4238 2670/5665
f 2812/5666 2669/4834 2668/4164
f 2667/5448 2666/5447 2364/5440
f 2666/5667 2665/5668 2739/5669
f 2537/5086 2667/4589 2364/5440
f 2539/4835 2670/5665 2744/5670
f 2668/4164 2068/4163 3285/5671
f 2668/4164 2545/5672 2812/5666
f 2812/5673 2813/5674 2740/5675
f 2744/5449 2665/5668 2666/5447
f 2260/4494 2670/5442 2097/4238
f 2744/5449 2669/5676 2665/5668
f 2369/5105 2548/4515 3434/5106
f 2671/5677 2549/5678 3583/5679
f 2548/4515 2672/4514 2263/4843
f 2551/5466 2012/5471 2672/4514
f 3499/5680 2270/5681 3498/5682
f 3435/5479 3436/5683 2557/5477
f 2373/5684 2675/5685 2674/5686
f 2675/5685 2558/5473 2674/5686
f 2554/4847 2675/4849 2373/5472
f 2558/5473 2675/5685 2101/5111
f 2677/5687 2676/4867 2176/4532
f 2749/5688 2748/5689 2563/5690
f 2176/4532 2817/5691 2677/5687
f 2819/5692 2878/5693 2817/5694
f 2678/5482 2383/4861 2747/5483
f 3509/5695 2749/5688 2563/5690
f 2572/4045 2752/5696 2386/5490
f 2568/4004 2679/4003 2275/5492
f 2750/5134 2680/5136 2244/5271
f 2683/4044 2680/5136 2572/4045
f 2751/5501 2757/5697 2681/4875
f 2682/5493 2275/5495 2679/4003
f 2386/5490 2682/5493 2679/4003
f 2757/5697 2760/5698 2681/4875
f 2683/4044 2348/3999 2680/5136
f 2033/5502 2683/5133 2573/5500
f 2387/4634 2684/4633 2276/4208
f 2578/5145 2684/4642 2388/4235
f 3368/5699 2685/5404 2389/5503
f 2177/5405 2685/5404 2522/5394
f 2512/5381 2686/4206 2177/5384
f 2684/4633 2686/5143 2276/4208
f 2768/5463 2400/4890 2546/4066
f 2579/4839 2688/5095 2404/5507
f 3480/5700 2690/5701 2689/5702
f 2367/4065 2547/5103 2689/5470
f 2549/5678 3466/5703 3583/5679
f 2690/5094 3480/5700 2688/5095
f 2768/5463 2687/4893 2400/4890
f 2689/5702 2690/5701 2768/5704
f 2691/4426 2207/4425 3580/5346
f 2692/4713 2691/4712 2307/5165
f 2412/4702 2692/4704 2307/5165
f 2693/5531 2692/4713 2413/5525
f 2696/5526 2693/5524 2416/4269
f 2771/5705 2693/5706 2591/5707
f 2309/4948 2694/4947 2415/5175
f 2589/4949 2773/5708 2695/4950
f 2695/5709 2208/5710 2845/5711
f 2308/4304 2694/4303 2695/4950
f 2695/5178 2696/5180 2308/4304
f 2693/5524 2696/5526 2591/5707
f 2887/5712 2886/5713 2769/5714
f 2889/5715 2770/5716 2848/5717
f 2589/4949 2309/4948 2698/3977
f 2594/4717 2698/5527 2309/5187
f 2777/5718 2707/5532 2706/4308
f 2707/5719 2709/5720 2209/5721
f 2595/5529 2772/5534 2775/5722
f 2952/5723 2700/5553 2775/5555
f 2600/5541 2701/5197 2210/5542
f 2702/5081 2701/5080 2311/5724
f 2421/5193 2702/4718 2311/5194
f 2703/5539 2702/5081 2422/4720
f 2659/4444 2703/5649 2422/4720
f 2869/5725 2703/5649 2360/5435
f 2421/4451 2704/5195 2423/4452
f 2701/5197 2704/4960 2311/5724
f 2450/5243 2610/5547 2705/5244
f 2608/5241 2705/5244 2610/5239
f 2706/4308 2614/5577 2777/5718
f 2593/4294 2707/5719 2209/5533
f 2310/4306 2707/5532 2593/4294
f 2709/5720 2707/5719 2777/5718
f 3206/5726 3214/5727 3216/5728
f 2850/5729 2699/5730 3206/5731
f 3214/5732 2709/5733 2708/5734
f 2772/5735 2709/5736 2699/5737
f 2613/4969 2710/5562 2315/3931
f 2620/5538 2710/4726 2428/5559
f 2623/4993 2711/4376 2319/4994
f 2626/4258 2010/5585 2711/4376
f 2713/5587 2712/5586 2431/4990
f 2628/5237 2712/5223 2627/5588
f 2433/5217 2713/5219 2431/4990
f 2213/5218 2715/5215 2713/5219
f 2627/5593 2862/5592 2861/5596
f 2714/5594 2627/5593 2713/5214
f 2625/5211 2715/4400 2213/5218
f 2624/5220 2714/4098 2715/4400
f 2851/5543 2852/5544 2600/5541
f 2718/5614 2781/3961 2121/5254
f 2780/3963 2717/5613 2454/4967
f 2329/5010 2717/4965 2636/5251
f 2718/5614 2121/5254 2638/5014
f 2221/4441 2636/5251 2718/5009
f 2132/4390 2719/4476 2084/4391
f 2123/4769 2719/4771 2233/4760
f 2720/5265 2459/5263 2337/4767
f 2787/5262 2720/5261 2458/5018
f 2894/5738 2898/5739 2897/5740
f 2794/5741 2791/5742 2721/5743
f 2791/5744 2644/5260 2787/5262
f 2722/5583 2644/5582 2791/5744
f 2653/5341 2723/5343 2240/5266
f 2795/5745 2491/5286 2134/5645
f 2909/5746 2912/5747 2755/5748
f 2137/5749 2754/5750 2756/5751
f 2797/5027 2728/5752 2753/5028
f 2462/5630 2648/5629 2725/5640
f 2461/4014 2726/4019 2038/4015
f 2649/4007 2726/5631 2648/5629
f 2730/5637 2727/5641 2348/3999
f 2753/5028 2727/5641 2650/5029
f 2651/5636 2797/5635 2650/5029
f 2863/5753 2729/5638 2725/5640
f 2339/5267 2863/5753 2725/5625
f 2865/4000 2796/4002 2863/5754
f 2036/4008 2730/5056 2035/3998
f 2650/5643 2730/5642 2651/5636
f 2731/5038 2041/5037 2494/4788
f 2338/5023 2731/5038 2654/5345
f 2732/5755 2248/4553 2738/4552
f 2732/5664 2140/5089 2922/5756
f 2873/4547 2921/5757 2811/4545
f 2140/5758 2924/5759 2925/5760
f 2533/4443 2734/4445 1154/4454
f 2422/4720 2734/5656 2659/4444
f 1157/5662 2362/4289 2735/5073
f 2735/5073 2362/4289 2663/5663
f 2141/4548 2544/4550 2737/5658
f 2660/5091 2664/5090 2736/5436
f 2803/5661 2807/5761 2365/5441
f 2736/5659 2737/5658 2805/5762
f 2535/4810 2664/5437 2738/4552
f 2738/4552 2664/5437 2800/5092
f 2666/5446 2739/5669 2542/4016
f 2665/5763 2743/5460 2741/5462
f 2814/5764 2741/5462 2740/5461
f 2741/5452 2541/5451 2739/5444
f 2665/5763 2741/5462 2739/5669
f 2740/5461 2813/5674 2814/5764
f 2968/5765 2815/5766 2876/5767
f 2936/5768 2937/5769 2877/5770
f 2665/5668 2669/5676 2743/5460
f 2743/5460 2669/5676 2812/5666
f 2539/4588 2744/5670 2667/4589
f 2669/4834 2744/5449 2670/5442
f 2839/5771 2838/5772 2569/5773
f 3516/5774 2745/5497 2838/5496
f 2564/5775 3524/4631 2746/4630
f 2273/4862 2678/5480 2746/4630
f 2562/4869 2747/4868 2383/3981
f 2748/5481 2747/5483 2676/4867
f 2676/4867 2677/5687 2748/5481
f 2563/5690 2748/5689 2677/5484
f 2746/4630 2749/3960 2564/5775
f 2748/5481 2749/5688 2678/5482
f 2751/5501 2750/4874 2244/5271
f 2752/4873 2681/4875 2682/5776
f 2753/5269 2751/5268 2244/5271
f 2751/5501 2137/4802 2757/5697
f 2386/5490 2752/5696 2682/5493
f 2572/5135 2750/5134 2752/5696
f 2753/5269 2244/5271 2727/5641
f 2754/5270 2753/5269 2728/5752
f 2729/5777 2911/5778 2728/5779
f 2137/5749 2751/5501 2754/5750
f 2863/5780 2864/5781 2911/5782
f 2879/5783 2724/5784 2944/5785
f 2910/5786 2754/5270 2728/5752
f 2881/5787 2821/5788 2880/5789
f 2760/5790 2762/5791 2764/5792
f 2763/5793 2766/5794 2760/5795
f 2843/5796 2764/5797 2765/5798
f 2767/5799 2949/5800 2842/5801
f 2843/5802 2767/5799 2842/5801
f 2760/5698 2766/5794 2681/4875
f 2137/4802 2827/5803 2762/4803
f 2760/5795 2759/5804 2763/5793
f 2825/5805 2827/5806 2756/5807
f 2756/5808 2909/5809 2880/5810
f 2764/5792 2762/5791 2761/5811
f 2760/5790 2757/5697 2762/5791
f 2840/5812 2842/5801 2949/5800
f 2841/5813 2835/5814 2836/5815
f 2765/5798 2764/5797 2761/5811
f 2760/5790 2764/5792 2759/5804
f 2823/4530 2824/4791 2822/5816
f 2758/4528 2947/5817 2765/4529
f 2835/5818 2766/5794 2763/5793
f 2682/5776 2681/4875 2766/5794
f 2767/5819 2765/4529 2947/5817
f 2839/5771 2569/5773 2836/5820
f 2689/5702 2768/5704 2367/4065
f 2687/4893 2768/5463 2690/5094
f 2886/5713 2887/5712 2846/5821
f 2886/5713 2848/4708 2769/5714
f 2693/5706 2771/5705 2588/4711
f 3209/5822 2849/5823 2889/5824
f 2771/5171 2591/5707 2845/5530
f 2771/5825 2770/5826 2847/5827
f 2709/5720 2772/5735 2209/5721
f 2775/5722 2772/5534 2699/5737
f 2695/4950 2773/5708 2208/5710
f 2774/3978 2773/5708 2589/3976
f 2775/5555 2774/5554 2595/5529
f 2773/5537 2774/3978 2700/5535
f 2699/5737 2850/5729 2775/5722
f 2846/5821 2887/5712 2951/5828
f 2310/4977 2420/4976 2776/4307
f 2619/4326 2776/4307 2420/4955
f 3221/5829 2777/5718 2614/5577
f 2709/5733 2777/5718 2708/5734
f 2852/4721 2778/4723 2312/5247
f 2780/5830 2778/4723 2716/4722
f 2851/5831 2871/5832 2779/5833
f 2779/5834 3038/5835 3107/5836
f 2778/4723 2780/5830 2454/5250
f 2784/5837 2786/5838 2635/5839
f 2786/5840 2780/5830 2716/4722
f 3041/5841 2783/5842 2784/5843
f 3010/5844 3044/5845 3009/5846
f 2637/5013 2853/5012 2455/4773
f 2784/5843 2783/5842 2781/5612
f 2782/5847 2890/5848 2783/5849
f 2781/3961 2780/3963 2786/5840
f 3042/5850 3041/5851 2635/5852
f 2960/5853 2890/5854 2854/5855
f 2958/5856 2956/5857 2957/5858
f 2786/5840 2716/4722 3107/5859
f 2781/5612 2786/5840 2784/5843
f 2788/5620 2787/5622 2458/5018
f 2791/5742 2787/5262 2721/5743
f 3355/5017 2788/5620 2458/5018
f 2788/5860 2124/5861 2893/5862
f 2790/5623 2789/4099 2624/5220
f 2857/5863 2789/5864 2722/5865
f 2644/5582 2790/5581 2214/4743
f 2789/5864 2790/5623 2722/5865
f 2891/5866 2792/5867 2793/5868
f 2791/5744 2857/5863 2722/5583
f 2891/5866 2897/5869 2792/5867
f 2857/5863 2859/5870 2789/5864
f 2892/5871 2891/5866 2793/5868
f 2858/5598 2856/5872 2857/5599
f 2892/5873 2794/5741 2721/5743
f 2857/5599 2794/5874 2793/5600
f 2491/5286 2795/5745 2723/5343
f 2944/5875 2795/5745 2134/5645
f 2796/4002 2866/4001 2913/5876
f 2864/5781 2863/5780 2796/4002
f 2462/5634 2729/5638 2797/5635
f 2797/5635 2729/5638 2728/5752
f 2655/5323 2798/5325 2342/4025
f 2654/5020 2798/4789 2492/5337
f 2656/5074 2799/5648 2657/5077
f 2248/4553 2732/5755 2799/5648
f 2800/5092 2660/5091 2801/5088
f 2738/4552 2800/5092 2732/5755
f 2804/5457 2660/5877 2805/5455
f 2660/5091 2804/5457 2801/5088
f 2739/5669 3000/5443 2542/4016
f 2808/5878 2140/5089 2801/5088
f 2543/4595 2089/4017 2803/5661
f 2989/4351 2990/5879 2089/4017
f 2660/5091 2736/5436 2805/5455
f 2804/4542 2802/5880 2809/4543
f 2365/5441 2805/5762 2737/5458
f 2807/5761 2803/5661 2943/5881
f 2807/5761 2943/5881 2802/5882
f 2919/5883 2926/5884 3078/5885
f 2804/4542 2807/5456 2802/5880
f 2365/5441 2807/5761 2805/5762
f 2804/4542 2808/4544 2801/5088
f 3086/5886 2806/5887 3119/5888
f 2943/5881 3024/5889 2802/5882
f 2808/4544 2809/4543 2806/5890
f 2810/5891 2868/5892 2869/5893
f 2918/4459 2870/5894 2919/4457
f 2922/5756 2921/5895 2732/5664
f 2875/5540 2811/4545 2733/5896
f 2813/5674 2812/5673 2545/5672
f 2743/5460 2812/5666 2740/5461
f 2931/5897 2813/5898 2932/5899
f 2814/5764 2813/5674 2366/5900
f 2876/5306 2814/5305 2366/5900
f 2741/5462 2814/5764 2742/5450
f 2985/5901 2988/5902 2972/5903
f 2981/5904 2983/5905 2937/5906
f 3552/5907 3555/5908 3551/5909
f 3074/5910 2940/5911 3024/5912
f 2176/4532 2570/4531 2818/5499
f 2819/5692 2817/5694 2745/5913
f 2745/5497 2817/5694 2818/5498
f 2176/4532 2818/5499 2817/5691
f 3036/5914 2106/5915 3004/5916
f 3506/5488 3508/5917 3500/5489
f 2488/4519 3051/5918 3050/5644
f 3032/5919 3047/5920 3048/5921
f 2826/5922 2822/5816 2824/4791
f 2825/5923 2821/5924 2883/5925
f 2831/5926 2834/5927 2884/5928
f 3350/3883 3400/3882 3399/5929
f 2824/4791 2765/4529 2761/5811
f 3574/5930 2822/5931 2833/5932
f 2825/5933 2824/4791 2761/5811
f 2824/4791 2883/5934 2826/5922
f 2761/5811 2762/5791 2827/5803
f 2880/5810 2825/5805 2756/5808
f 2821/5788 2881/5787 2882/5935
f 2828/5936 2826/5937 2821/5938
f 2756/5807 2827/5806 2137/5749
f 2761/5811 2827/5803 2825/5933
f 2828/5939 2087/5940 2831/5941
f 2834/5927 2832/5942 2884/5928
f 3068/5943 2820/5944 3049/5945
f 3291/5946 3293/5947 3309/5948
f 3001/5949 2087/5950 2882/5951
f 2833/5932 2822/5931 2826/5922
f 3105/5952 3151/5953 3152/5954
f 2834/5927 2831/5926 3035/5955
f 3415/5956 3401/5957 3412/5958
f 3317/5959 3351/5960 3399/5961
f 2884/5962 2826/5937 2828/5936
f 3574/5930 2833/5932 2832/5963
f 2830/5964 3417/5965 3416/5966
f 2884/5928 2832/5942 2833/5932
f 2766/5794 2835/5818 2682/5776
f 2835/5818 2763/5793 2836/5815
f 2763/5793 2759/5804 2840/5967
f 3516/5774 2838/5496 2106/5968
f 2836/5820 2840/5969 2839/5771
f 2844/5970 2950/5971 2885/5972
f 2569/4185 2838/5772 2818/5499
f 2838/5973 2837/5974 3004/5975
f 2836/5815 2763/5793 2840/5969
f 2838/5973 2839/5771 2837/5974
f 2842/5801 2840/5812 2759/5804
f 2837/5974 2839/5771 2840/5969
f 2835/5494 2841/5813 2275/5495
f 2569/5773 2841/4184 2836/5820
f 2843/5802 2842/5801 2759/5804
f 2767/5819 2947/5817 2950/5976
f 2764/5797 2843/5796 2759/5804
f 2765/5798 2767/5819 2843/5796
f 3406/5977 2758/4528 2823/4530
f 3512/5978 2106/5915 3036/5914
f 2695/5709 2845/5711 2591/5179
f 2208/5710 2769/5169 2845/5711
f 3191/5979 3187/5980 3194/5981
f 2077/5982 3124/5983 3126/5984
f 2771/5825 2847/5827 2588/4711
f 2770/5826 2207/4425 2847/5827
f 2889/5715 2848/5717 2697/4710
f 2771/5171 2848/5170 2770/5826
f 3172/4707 2113/4706 3170/5985
f 2770/5716 2889/5715 2207/4425
f 3205/5986 3213/5987 3206/5988
f 2953/5989 2850/5990 2114/5991
f 2210/5992 2963/5993 2871/5994
f 2852/5544 2851/5543 2779/5833
f 2852/5544 2779/5833 3107/5836
f 2852/5544 2312/5247 2633/4959
f 2121/5254 2853/5616 2638/5014
f 2958/5257 2853/5616 2785/5258
f 3009/5846 2782/5995 3010/5844
f 2894/5996 2900/4064 2083/4063
f 2893/5997 2892/5873 2721/5743
f 2124/5861 2895/5998 2893/5862
f 2630/5999 2860/6000 2901/6001
f 2856/6002 2860/5589 2859/5591
f 2857/5599 2791/5744 2794/5874
f 2859/5591 2857/5863 2856/6002
f 2793/5868 2792/5867 2858/5598
f 2902/6003 2858/5598 2792/5867
f 2856/6002 2901/6001 2860/5589
f 2789/4099 2859/5870 2118/4100
f 2906/6004 2630/6005 3252/6006
f 2861/6007 2906/6008 2907/6009
f 2627/5588 2861/5596 2628/5237
f 2906/6004 2860/6000 2630/6005
f 2714/5594 2118/4100 2862/5592
f 2118/4100 2859/5870 2908/5590
f 2865/4000 2863/5754 2339/5267
f 2913/5876 2912/6010 2796/4002
f 2909/5746 2864/6011 2912/5747
f 2909/5746 2910/6012 2864/6011
f 2647/5026 2865/5025 2339/5267
f 2866/4001 2865/4000 2646/5024
f 2723/5627 2866/5339 2646/5624
f 2913/5876 2866/4001 2724/5338
f 2913/6013 2879/6014 2915/6015
f 2867/6016 2915/6017 2914/6018
f 2869/5893 2868/5892 2599/5082
f 2963/6019 2868/5892 2810/5891
f 2703/5539 2869/5725 2599/5082
f 2869/4546 2360/5435 2873/4547
f 2872/4962 2871/4964 2870/6020
f 2917/5653 2963/6019 2810/5654
f 2210/5542 2871/5994 2851/5543
f 2872/4962 2870/6020 2918/4459
f 2872/4962 2918/4459 3005/6021
f 3108/4963 2872/4962 3109/6022
f 2658/5196 2873/5078 2360/5435
f 2921/5757 2873/4547 2657/5077
f 2140/5089 2808/5878 2924/5759
f 2921/5757 2927/6023 2811/4545
f 2917/5653 2875/5655 2733/5896
f 2869/4546 2875/5540 2810/5891
f 2366/5900 2934/6024 2876/5306
f 2983/6025 2987/6026 2995/6027
f 2980/6028 2936/5453 2742/5450
f 2943/6029 2089/6030 2939/6031
f 2817/5691 2878/5693 2677/5687
f 3510/6032 2878/5693 2819/5692
f 3050/6033 3015/6034 3049/6035
f 2820/6036 2914/6018 2915/6017
f 2880/6037 2755/6038 2916/6039
f 2825/5805 2880/5810 2821/5924
f 2755/5748 2912/5747 2914/6040
f 2882/5951 2087/5950 2828/5939
f 2821/5788 2882/5935 2828/5936
f 3001/5949 2882/5951 2881/5787
f 2826/5922 2883/5934 2821/5938
f 2824/4791 2825/5933 2883/5934
f 2826/5937 2884/5962 2833/5932
f 2831/5926 2884/5928 2828/5939
f 3406/5977 3411/6041 2758/4528
f 2844/5970 2948/6042 2950/5971
f 2887/5712 2769/5714 2208/5710
f 3189/6043 3195/6044 3197/6045
f 2773/5537 2887/5536 2208/5710
f 2951/5828 2887/5712 2700/5535
f 2953/6046 2888/6047 2952/6048
f 3187/6049 3161/6050 3198/6051
f 2697/6052 3190/6053 3209/6054
f 2207/4425 2889/5715 2849/5823
f 2783/5252 2890/5848 2785/5253
f 3009/5846 2890/5848 2782/5995
f 2793/5600 2794/5874 2892/5871
f 2894/6055 2891/6056 2855/6057
f 2721/5621 2788/5620 2893/5997
f 2855/6057 2891/6056 2892/5871
f 2124/5861 2954/4785 2895/5998
f 2892/5873 2893/5997 2961/6058
f 2900/6059 2855/6060 2899/6061
f 2894/5996 2083/4063 2898/5739
f 2955/6062 2895/4787 2235/4786
f 2892/5871 2961/6058 2855/6057
f 2854/4062 3008/6063 2083/4063
f 3272/6064 3007/6065 3268/6066
f 2894/6055 2897/5740 2891/6056
f 2903/6067 2897/6068 2896/6069
f 2083/4063 3008/6063 2967/6070
f 2897/5740 2898/5739 2896/6069
f 2899/6071 2959/4777 2956/4776
f 2958/5856 2957/5858 2455/4773
f 2855/6057 2900/6059 2894/6055
f 2900/6059 2899/6061 2960/6072
f 2902/6003 2856/5872 2858/5598
f 2901/6001 2856/6002 2902/6003
f 2903/6067 2792/5867 2897/6068
f 2792/5867 2903/6067 2902/6003
f 3143/6073 2967/6074 2966/6075
f 2630/5999 2901/6001 2905/4466
f 3039/6076 2903/6067 2896/6069
f 3136/6077 3267/6078 3266/6079
f 2962/5601 2901/4467 2902/5602
f 2905/6080 2904/6081 3235/6082
f 2907/6009 2906/6008 2631/6083
f 2861/6007 2860/6000 2906/6008
f 2629/5238 2907/5604 2631/3953
f 2446/4732 2861/5232 2907/5604
f 2861/6007 2908/5595 2860/6000
f 2118/4100 2908/5590 2862/5592
f 2880/6037 2909/5809 2755/6038
f 2910/6012 2909/5746 2756/5808
f 2754/5750 2910/5786 2756/5751
f 2910/5786 2728/5752 2911/5778
f 2863/5753 2911/5782 2729/5638
f 2910/5786 2911/5778 2864/6011
f 2796/4002 2912/6010 2864/5781
f 2914/6040 2912/5747 2867/6016
f 2879/5783 2913/6013 2724/5784
f 2912/6010 2913/5876 2867/6016
f 2946/6084 2914/6018 2820/6036
f 2880/5789 2916/6039 2881/5787
f 2913/6013 2915/6015 2867/6016
f 2820/6036 2915/6017 2879/6014
f 2755/6038 2914/6040 2916/6039
f 2916/6039 2914/6040 2946/4518
f 2917/5653 2733/5896 2928/6085
f 2870/6020 2871/4964 2963/5993
f 2870/5894 2917/6086 2919/4457
f 3005/6021 2918/4459 2115/4458
f 2922/6087 2925/6088 2874/6089
f 2927/6090 2926/6091 2928/6092
f 3078/5885 3083/6093 2919/5883
f 2896/6069 2898/5739 2967/6094
f 2732/5651 2921/5895 2657/5652
f 2927/6023 2921/5757 2874/6095
f 2925/6088 2922/6087 2140/5758
f 2921/5895 2922/5756 2874/6095
f 2806/6096 2941/6097 3030/6098
f 3079/6099 3078/5885 2926/5884
f 2806/5890 2924/5759 2808/4544
f 2924/5759 2923/6100 2925/5760
f 2926/6101 2925/5760 2923/6100
f 2811/4545 2927/6023 2733/5896
f 3078/5885 3079/6099 3077/6102
f 2928/6092 2926/6091 2919/5883
f 2874/6095 2925/6088 2927/6023
f 2926/6101 2927/6090 2925/5760
f 2917/6086 2928/6085 2919/4457
f 2927/6090 2928/6092 2733/5896
f 2931/5897 2366/5900 2813/5898
f 2931/5897 2932/5899 2930/6103
f 3327/6104 3281/6105 3329/6106
f 3280/6107 3289/6108 3287/6109
f 2932/5899 2813/5898 2545/5672
f 2931/5459 2930/6103 2933/4293
f 3285/5671 2545/5672 2668/4164
f 3340/6110 3326/6111 3328/6112
f 2930/6113 3323/6114 3338/6115
f 2933/4293 3338/6116 2929/4291
f 2934/4292 2929/4291 2968/4833
f 2931/5459 2934/4292 2366/5900
f 3304/6117 3314/6118 3335/6119
f 3151/6120 3164/6121 3034/6122
f 2980/6028 2742/5450 2876/5306
f 2877/6123 2992/6124 2942/6125
f 2876/5767 2815/5766 2981/6126
f 2984/6127 2983/5905 2981/5904
f 2992/6124 2938/6128 2942/6125
f 2941/6097 2806/6096 2809/4543
f 2991/6129 3074/5910 3024/5912
f 2941/6130 2802/6131 2940/6132
f 2939/6133 2990/6134 2991/6135
f 2999/6136 3116/6137 3074/6138
f 2802/6131 2941/6130 2809/4543
f 3074/5910 3075/6139 2940/5911
f 2877/5770 2942/6125 2936/5768
f 2942/6125 2938/6128 2989/6140
f 2089/6030 2943/6029 2803/5661
f 2943/5881 2939/6031 3024/5889
f 2795/5745 2944/5875 2724/5338
f 2134/5645 2879/5783 2944/5875
f 3049/5945 2820/5944 2879/6014
f 3015/6141 3549/6142 3068/6143
f 3148/6144 2820/5944 3068/5943
f 2945/6145 3001/6146 2946/6147
f 3411/6041 2947/5817 2758/4528
f 2947/5817 2885/5972 2950/5976
f 3036/6148 2844/6149 3003/6150
f 2948/6151 3036/5914 3004/5916
f 3004/5916 2949/6152 2948/6151
f 2840/5969 2949/5800 2837/5974
f 2948/6151 2949/6152 2950/5971
f 2950/5971 2949/6152 2767/5819
f 2952/5723 2951/5828 2700/5553
f 2846/5821 2951/5828 2888/6153
f 2953/6046 2952/6048 2775/5555
f 2951/5828 2952/5723 2888/6153
f 2850/5990 2953/5989 2775/5722
f 2114/6154 3213/6155 3193/6156
f 3355/4142 2954/4141 2124/5861
f 2238/4143 2235/4782 2954/4141
f 2235/4786 2456/5255 2955/6062
f 2956/4776 2955/4778 2456/5255
f 2957/5858 2956/5857 2456/5255
f 2899/6061 2855/6060 2959/4777
f 2639/5619 2957/5615 2456/5617
f 2455/4773 2853/5012 2958/5856
f 2785/5258 2890/5848 2960/5259
f 2899/6071 2956/4776 2958/5856
f 2961/6058 2959/4777 2855/6057
f 2955/4778 2959/4777 2895/4787
f 2900/6059 2960/6072 2854/4062
f 2899/6061 2958/5856 2960/6072
f 2893/5997 2895/5998 2961/6058
f 2959/4777 2961/6058 2895/4787
f 3272/6157 2962/5601 2903/5603
f 2905/4466 2962/4468 2904/6081
f 2963/6019 2210/5992 2868/5892
f 2870/5894 2963/5993 2917/6086
f 3083/6093 2115/4458 2919/5883
f 2964/6158 3102/6159 3037/6160
f 3101/6161 3140/6162 3100/6163
f 2964/6158 3101/6164 3102/6159
f 3008/6063 2854/4062 3009/6165
f 3102/6166 3104/6167 2920/6168
f 2083/4063 2967/6070 2898/5739
f 3146/6169 3040/6170 3143/6171
f 2934/4292 2968/4833 2876/5306
f 2929/4831 2970/4199 2969/4832
f 2969/4198 2067/4197 2972/6172
f 2968/4833 2969/4832 2988/6173
f 3338/6116 2970/4199 2929/4291
f 2970/6174 2935/6175 3048/6176
f 2473/5279 3013/6177 2976/5333
f 3023/6178 3073/6179 3022/6180
f 3017/5317 3018/6181 2973/5315
f 2985/6182 2984/6183 2815/6184
f 3045/6185 2971/6186 2972/6187
f 3046/6188 3056/6189 3011/6190
f 3015/6191 3051/6192 3054/6193
f 2976/5333 2977/6194 2470/5294
f 2978/5313 2480/5093 2478/5298
f 3012/5296 2975/5295 2973/5315
f 3013/6177 2473/5279 2086/4525
f 2976/5333 2974/6195 2977/6194
f 3058/6196 2977/6194 2974/6195
f 3049/5945 2879/6014 3050/6033
f 2979/6197 2978/5313 2478/5298
f 2975/5284 2978/5313 3017/5317
f 3016/5293 2979/6197 2478/5291
f 3045/6185 3018/6198 2971/6186
f 2981/6126 2980/6028 2876/5767
f 2936/5768 2980/6028 2937/5769
f 2984/6127 2982/5312 2983/5905
f 2980/6028 2981/6126 2937/5769
f 3072/6199 3070/6200 3071/6201
f 2983/6025 2995/6027 2937/5906
f 2984/6183 2981/5904 2815/6184
f 2983/6025 2982/5312 2987/6026
f 2815/6184 2988/5902 2985/6182
f 2476/6202 3019/6203 2986/6204
f 2972/6187 2971/6186 2985/5901
f 3016/5293 3023/6205 2979/6197
f 2984/5310 2985/6182 2986/5311
f 2971/6186 3022/6206 2985/5901
f 3019/6203 2982/5312 2986/6204
f 2816/6207 2993/6208 2995/6209
f 2968/5765 2988/6173 2815/5766
f 2972/6172 2988/5902 2969/4198
f 2989/4351 2542/4016 3000/5443
f 2990/5879 2989/4351 2938/6128
f 2991/6135 2990/6134 2938/6128
f 2089/6030 2990/5879 2939/6031
f 2994/6210 2938/6128 2992/6124
f 3025/6211 2994/6212 2996/6213
f 2877/6123 2993/6214 2992/6124
f 2994/6210 2991/6135 2938/6128
f 2995/6209 2993/6208 2877/6123
f 2996/6213 2994/6212 2992/6124
f 2993/6214 2996/6213 2992/6124
f 2996/6213 2993/6214 2816/6207
f 2937/5906 2995/6027 2877/5770
f 2816/6207 2995/6209 2987/6026
f 3588/6215 3025/6216 2816/6217
f 3025/6211 2999/6218 2994/6212
f 3072/6219 2476/6220 3158/6221
f 3184/6222 3185/6223 3188/6224
f 3071/6225 2987/6026 2982/5312
f 2994/6212 2999/6218 2991/6135
f 3026/6226 2998/6227 3554/6228
f 3026/6229 2999/6218 3025/6211
f 2541/5445 2942/5454 3000/5443
f 2989/6140 3000/5443 2942/6125
f 2946/4518 3001/6146 2881/4516
f 3105/6230 3001/6146 2945/6145
f 3279/6231 3310/6232 3294/6233
f 3105/6230 2087/5950 3001/6146
f 3541/6234 3523/6235 3526/6236
f 3386/6237 3374/6238 3376/6239
f 2838/5496 3004/5975 2106/5968
f 2949/6152 3004/5916 2837/5974
f 3005/6021 2115/4458 3140/6240
f 3109/6241 3005/6242 2964/6243
f 3043/6244 3010/6245 3042/6246
f 3042/6247 3038/5609 3006/5611
f 3039/6076 2896/6069 3040/6248
f 3268/6249 3270/6250 3265/6251
f 2854/5855 2890/5854 3009/6165
f 2967/6074 3008/6063 2966/6075
f 3041/6252 3010/5844 2782/5995
f 2966/6075 3008/6063 3009/6165
f 3042/6246 3010/6245 3041/5851
f 3037/6253 3043/6254 3006/6255
f 3045/6185 2972/6187 3046/6256
f 3045/6185 3046/6256 3011/6190
f 3110/6257 3053/6258 3012/6259
f 3013/5297 3012/5296 2974/6260
f 2976/5333 3013/6177 2974/6195
f 2086/4525 2975/5284 3013/6177
f 2490/4521 3014/5330 2488/4519
f 2470/5294 2977/6194 3014/5330
f 3053/6258 2974/6260 3012/6259
f 3067/6261 3150/6262 3149/6263
f 2486/4330 3069/5331 3114/6264
f 3073/6265 2476/6202 2986/6204
f 2978/5313 2979/6197 3017/5317
f 3018/6181 3017/5317 2979/6197
f 2971/6186 3018/6198 2979/6197
f 3018/6266 3011/6267 3111/6268
f 3113/6269 3155/6270 3158/6271
f 2982/5312 3019/6203 3071/6225
f 3175/6272 3157/6273 3174/6274
f 3070/6275 3588/6276 3115/6277
f 2476/6202 3073/6265 3112/6278
f 3115/6279 2816/6207 2987/6026
f 3023/6178 3022/6180 2971/6186
f 2986/5311 2985/6182 3022/6206
f 2979/6197 3023/6205 2971/6186
f 3112/6278 3073/6265 3016/6280
f 3024/5912 2940/5911 2802/5882
f 2939/6133 2991/6135 3024/5889
f 2816/6217 3025/6216 2996/6213
f 3026/6229 3025/6211 2998/6227
f 3028/6281 3127/6282 3027/6283
f 3026/5303 2997/6284 3028/5301
f 3075/6285 3117/6286 3030/6287
f 3026/5303 3031/5302 3116/6288
f 3127/6282 3028/6281 2997/6284
f 3027/6289 3118/6290 3031/6291
f 3124/6292 3120/6293 3091/6294
f 3030/6098 2941/6097 2940/6132
f 3076/6295 3160/6296 3091/6297
f 2806/6096 3030/6098 3119/5888
f 3027/6289 3031/6291 3028/6281
f 3029/6298 3074/6138 3116/6137
f 3324/6299 3323/6114 2930/6113
f 3064/6300 3063/6301 3059/6302
f 3165/6303 3033/6304 3067/6305
f 3035/5955 2830/4301 2834/5927
f 2831/5926 3152/6306 3035/5955
f 3203/6307 3202/6308 3164/6309
f 3152/6306 2831/5926 2087/5940
f 3035/4302 3034/6310 3202/4300
f 2844/5970 3036/6148 2948/6042
f 3003/6311 3531/6312 3512/6313
f 3043/6254 3037/6253 2920/6314
f 3109/5610 3037/6253 3006/5611
f 3107/5836 3038/5835 2635/6315
f 3108/6316 3038/5835 2779/5834
f 3040/6248 2896/6069 2967/6094
f 3272/6064 3039/6317 3007/6065
f 3143/6073 2966/6075 3142/6318
f 3007/6065 3039/6317 3040/6248
f 2783/5842 3041/5841 2782/5847
f 2635/5852 3041/5851 2784/5837
f 3038/5835 3042/6247 2635/6315
f 3043/6254 3042/6246 3006/6255
f 3142/6319 2920/6168 3104/6167
f 3044/6320 3043/6321 3142/6322
f 3009/5846 3044/5845 2966/6075
f 3010/6245 3043/6244 3044/5845
f 3046/6256 2972/6187 2067/4197
f 3018/6198 3045/6185 3011/6267
f 2067/4197 3047/6323 3046/6256
f 3060/6324 3056/6325 3047/6326
f 3048/5921 3047/5920 2067/4197
f 3047/5920 3032/5919 3060/6324
f 2970/4199 3048/6176 2067/4197
f 3048/6176 2935/6175 3322/6327
f 3050/6033 2879/6014 2134/5645
f 3068/6143 3549/6142 3065/6328
f 2652/4520 3050/5644 2134/5645
f 3051/5918 2488/4519 2977/5336
f 2974/6260 3053/6258 3058/6196
f 3015/6191 3050/6033 3051/6192
f 3056/6329 3057/6330 3111/6331
f 3054/6332 3052/6333 3064/6334
f 3110/6257 3012/6259 2973/5315
f 3052/6333 3054/6332 3053/6335
f 3051/5918 2977/5336 3058/6196
f 3064/6300 3062/6336 3063/6301
f 3060/6324 3032/5919 3061/6337
f 3057/6330 3056/6329 3055/6338
f 3047/6326 3056/6325 3046/6256
f 3055/6338 3062/6339 3057/6330
f 3110/6257 3052/6333 3053/6258
f 3057/6330 3110/6340 3111/6331
f 3053/6258 3054/6332 3058/6196
f 3051/5918 3058/6196 3054/6193
f 3066/6341 3149/6342 3059/6343
f 3064/6334 3549/6344 3054/6332
f 3167/6345 3168/6346 3032/6347
f 3056/6325 3060/6324 3055/6338
f 3061/6348 3066/6349 3063/6350
f 3055/6338 3060/6324 3061/6337
f 3062/6339 3055/6338 3063/6301
f 3052/6351 3057/6330 3062/6339
f 3055/6338 3061/6337 3063/6301
f 3066/6349 3061/6348 3002/6352
f 3064/6334 3052/6333 3062/6336
f 3064/6334 3059/6302 3549/6344
f 3066/6341 3067/6261 3149/6342
f 2946/6084 2820/6036 3148/6144
f 3067/6261 3066/6341 3002/6352
f 3059/6302 3063/6301 3066/6341
f 3166/6353 3165/6303 3067/6305
f 3105/6354 3147/6355 3150/6356
f 3015/6034 3068/6143 3049/6035
f 3065/6357 3147/6358 3148/6359
f 3155/5329 3157/6360 3020/5327
f 3113/6269 3158/6271 3112/6361
f 3155/5329 3550/5328 3021/6362
f 3551/6363 3175/6364 3177/6365
f 3072/6199 3071/6201 3019/6203
f 3071/6201 3070/6200 3115/6277
f 2476/6220 3072/6219 3019/6203
f 3072/6366 3021/6362 3550/5328
f 3022/6180 3073/6179 2986/5311
f 3016/6280 3073/6265 3023/6205
f 2999/6136 3074/6138 2991/6135
f 3075/6139 3074/5910 3029/6298
f 3117/6286 3075/6285 3029/6298
f 2940/6132 3075/6139 3030/6098
f 3090/6367 3089/6368 3082/6369
f 3079/6370 3087/6371 3082/6372
f 3076/6373 3090/6367 3082/6369
f 3099/6374 3100/6375 3093/6376
f 3079/6099 2926/5884 2923/6100
f 3078/5885 3077/6102 3084/6377
f 3085/6378 3079/6099 2923/6100
f 3085/6378 3087/6371 3079/6099
f 3077/6379 3082/6369 3089/6368
f 3083/6093 3140/6240 2115/4458
f 3086/6380 2923/6100 2924/5759
f 3081/6381 3030/6287 3117/6286
f 3091/6382 3088/6383 3090/6384
f 3077/6379 3079/6099 3082/6369
f 3084/6377 3083/6093 3078/5885
f 3083/6093 3080/6385 3140/6240
f 3093/6386 3084/6377 3077/6102
f 3083/6093 3084/6377 3080/6385
f 3086/6380 3085/6378 2923/6100
f 3087/6371 3085/6378 3081/6387
f 2806/5890 3086/5886 2924/5759
f 3085/6378 3086/6380 3081/6387
f 3117/6286 3087/6371 3081/6381
f 3076/6373 3082/6369 3087/6371
f 3133/6388 3131/6389 3094/6390
f 3084/6377 3093/6386 3080/6385
f 3089/6391 3088/6392 3096/6393
f 3077/6379 3089/6368 3093/6386
f 3090/6384 3076/6373 3091/6382
f 3089/6368 3090/6367 3088/6392
f 3160/6394 3117/6395 3118/6396
f 3124/6292 3091/6294 3160/6296
f 3096/6397 3122/6398 3094/6399
f 3216/6400 3251/6401 3249/6402
f 3089/6391 3096/6393 3097/6403
f 3163/6404 3098/6405 3131/6406
f 3123/6407 3120/6408 2077/6409
f 3098/6410 3097/6411 3094/6412
f 3089/6368 3097/6403 3093/6386
f 3103/6413 3104/6167 3102/6166
f 3132/6414 3133/6415 3121/6416
f 3096/6393 3094/6399 3097/6403
f 3098/6410 3094/6412 3131/6406
f 3093/6376 3097/6403 3099/6374
f 3141/6417 3557/6418 3556/6419
f 3099/6374 3095/6420 3100/6375
f 3097/6411 3098/6410 3099/6374
f 3556/6421 3099/6374 3098/6410
f 3100/6163 3095/6420 3101/6161
f 3093/6376 3100/6375 3080/6385
f 3102/6159 3101/6164 3095/6420
f 3101/6164 2964/6158 3005/6242
f 3103/6413 3102/6166 3095/6420
f 3102/6166 2920/6168 3037/6160
f 3556/6422 3103/6413 3095/6420
f 3143/6073 3040/6170 2967/6074
f 3142/6318 3144/6423 3143/6073
f 3142/6318 2966/6075 3044/6320
f 3147/6355 3105/6354 2945/6145
f 3105/5952 3150/6356 3151/5953
f 3566/6424 3312/6425 3311/6426
f 2504/5361 3291/5360 3283/6427
f 2786/5838 3107/5859 2635/5839
f 3107/5859 2716/4722 2852/5544
f 2871/5832 3108/4963 2779/5833
f 2872/4962 3005/6021 3109/6022
f 3109/6241 2964/6243 3037/6253
f 3038/5835 3108/6316 3109/5610
f 3111/6331 3110/6340 2973/5315
f 3052/6351 3110/6257 3057/6330
f 3018/6266 3111/6268 2973/5315
f 3056/6189 3111/6331 3011/6190
f 3114/5292 3112/6278 3016/5293
f 3069/6428 3200/6429 3112/6430
f 3200/6431 2483/6432 3159/6433
f 3155/6270 3113/6269 3169/6434
f 2486/4330 3114/6264 2478/5298
f 3112/6278 3114/5292 3069/6428
f 3071/6225 3115/6277 2987/6026
f 3588/6276 3070/6275 3555/6435
f 3026/6229 3116/6288 2999/6218
f 3029/6298 3116/6137 3031/5302
f 3118/6396 3117/6395 3029/6298
f 3117/6286 3076/6373 3087/6371
f 3031/5302 3118/6290 3029/6298
f 3027/6436 3124/6292 3160/6296
f 3030/6287 3081/6381 3119/5888
f 3086/5886 3119/5888 3081/6387
f 3123/6407 3122/6437 3120/6408
f 3088/6383 3091/6382 3120/6293
f 3162/6438 3126/6439 3130/6440
f 3092/6441 3131/6442 3132/6443
f 3096/6397 3088/6392 3122/6398
f 3120/6408 3122/6437 3088/6383
f 3162/6438 3130/6440 3128/6444
f 3121/6445 3122/6437 3123/6407
f 3126/6446 3027/6283 3127/6282
f 3120/6293 3124/6292 2077/6409
f 3157/6360 3175/6272 3020/5327
f 3123/6407 3129/6447 3121/6445
f 3027/6283 3126/6446 3124/6292
f 3126/6439 3125/6448 3130/6440
f 2997/6449 3553/6450 3178/6451
f 3126/6439 3127/6282 3125/6448
f 3178/6452 3182/6453 3125/6454
f 3199/6455 3189/6456 2846/6457
f 3162/6458 3123/6407 2077/6409
f 3191/5979 3184/6459 3187/5980
f 3125/6454 3182/6453 3181/6460
f 3162/6438 3128/6444 3129/6461
f 3094/6399 3122/6398 3133/6388
f 3163/6404 3131/6406 3092/6441
f 3121/6445 3129/6447 3135/6462
f 3121/6445 3135/6462 3137/6463
f 3121/6445 3133/6415 3122/6437
f 3131/6442 3133/6388 3132/6443
f 2850/5729 3206/5731 2114/5991
f 3137/6463 3132/6414 3121/6445
f 3191/6464 3129/6461 3128/6444
f 3139/6465 3246/6466 3138/6467
f 3247/6468 3192/6469 3213/6470
f 3242/6471 3230/6472 3239/6473
f 3135/6474 3194/6475 3139/6476
f 3138/6467 3137/6477 3139/6465
f 3138/3877 3136/6077 3266/3875
f 3132/3876 3137/6463 3138/3877
f 3135/6474 3139/6476 3137/6463
f 3134/6478 3245/6479 3246/6480
f 3100/6163 3140/6162 3080/6385
f 3005/6021 3140/6240 3101/6164
f 3267/6078 3263/6481 3266/6079
f 3269/6482 3145/6483 3557/6484
f 2920/6314 3142/6319 3043/6254
f 3144/6485 3104/6167 3103/6413
f 3142/6319 3104/6167 3144/6423
f 3146/6169 3007/6065 3040/6170
f 3103/6413 3145/6486 3144/6485
f 2965/6487 3270/6488 3146/6489
f 3145/6486 3103/6413 3557/6484
f 3146/6489 3145/6490 2965/6487
f 3143/6073 3144/6423 3146/6169
f 3146/6489 3144/6423 3145/6490
f 3148/6359 3147/6358 2945/6145
f 3149/6491 3147/6358 3065/6357
f 2946/6147 3148/6144 2945/6145
f 3065/6357 3148/6359 3068/6143
f 3059/6343 3149/6342 3065/6357
f 3150/6262 3067/6261 3033/6304
f 3150/6356 3033/6304 3151/5953
f 3147/6355 3149/6491 3150/6356
f 3164/6121 3151/6120 3033/6304
f 3152/5954 3151/5953 3034/6122
f 3035/4302 3152/6306 3034/6310
f 2087/5950 3105/6230 3152/6306
f 3153/6492 3203/6493 3558/6494
f 3417/6495 2829/6496 3415/6497
f 3002/6498 3168/6499 3166/6500
f 3167/6501 3319/6502 3166/6503
f 3158/6271 3155/6270 3021/6362
f 3169/6434 3157/6360 3155/6270
f 3159/6433 3169/6504 3200/6431
f 2483/6432 3210/6505 3159/6433
f 3156/6506 3170/6507 3157/6508
f 3157/6273 3170/6507 3174/6274
f 3072/6366 3158/6221 3021/6362
f 3112/6361 3158/6271 2476/6202
f 3201/6509 3210/6510 3211/6511
f 3159/6433 3217/6512 3169/6504
f 3117/6395 3160/6394 3076/6373
f 3027/6289 3160/6296 3118/6290
f 3193/6156 2953/5989 2114/6154
f 3181/6460 3130/6440 3125/6454
f 3123/6407 3162/6458 3129/6447
f 3126/6439 3162/6438 2077/5982
f 3263/6513 3163/6404 3092/6441
f 3556/6419 3163/6514 3141/6417
f 3164/6121 3033/6304 3165/6303
f 3165/6303 3204/6515 3164/6121
f 3166/6500 3067/6305 3002/6498
f 3165/6303 3154/6516 3204/6515
f 3002/6498 3061/6348 3168/6499
f 3154/6516 3165/6303 3166/6353
f 3167/6517 3321/6518 3320/6519
f 2930/6103 2932/5899 3284/6520
f 3032/5919 3168/6346 3061/6337
f 3166/6500 3168/6499 3167/6501
f 3169/6504 3113/6269 3200/6431
f 3156/6506 3157/6508 3169/6434
f 3219/6521 3172/6522 3156/6523
f 2113/6524 3567/6525 3174/6526
f 3210/6505 3212/6527 3159/6433
f 3423/6528 3424/6529 3218/6530
f 3156/6506 3172/6522 3170/6507
f 3172/4707 3171/6531 3431/5349
f 3190/6053 2697/6052 2886/4196
f 3125/6448 3127/6282 3178/6452
f 2113/4706 3174/6526 3170/5985
f 3174/6274 3173/6532 3175/6272
f 3173/6532 3177/6365 3175/6272
f 3020/5327 3551/6533 3550/5328
f 3176/6534 3180/6535 3178/6536
f 3552/5907 3551/5909 3176/6537
f 3207/6538 3180/6539 3173/6540
f 3176/6537 3551/5909 3177/6365
f 2997/6284 3178/6451 3127/6282
f 3176/6537 3177/6365 3180/6535
f 3196/6541 3567/6542 3208/6543
f 3130/6440 3181/6460 3128/6444
f 3173/6540 3180/6539 3177/6365
f 3180/6544 3179/6545 3182/6546
f 3185/6547 3181/6548 3179/6549
f 3184/6459 3161/6050 3187/5980
f 3180/6544 3182/6546 3178/6536
f 3181/6460 3182/6453 3179/6549
f 3186/6550 3195/6551 3196/6552
f 3188/6553 3189/6554 3161/6555
f 3128/6444 3181/6460 3184/6556
f 3184/6556 3181/6460 3185/6223
f 3196/6557 3185/6547 3179/6549
f 3185/6223 3183/6558 3188/6224
f 3196/6552 3195/6551 3183/6559
f 3208/6560 3209/6054 3190/6053
f 2888/6047 2953/6046 3193/6156
f 3139/6476 3194/6475 3134/6561
f 3189/6554 3188/6553 3183/6558
f 3161/6050 3184/6459 3188/6553
f 3195/6551 3189/6043 3183/6559
f 2888/6047 3193/6156 3199/6562
f 3197/4194 2886/4196 2846/5821
f 3208/6560 3190/6053 3186/6563
f 3129/6447 3191/6464 3135/6462
f 3184/6459 3191/5979 3128/6444
f 3192/6469 3193/6156 3213/6470
f 3194/6475 3192/6564 3134/6561
f 3198/6565 3193/6156 3192/6469
f 3199/6455 3161/6555 3189/6456
f 3191/5979 3194/5981 3135/6462
f 3194/5981 3187/5980 3198/6051
f 3183/6559 3185/6223 3196/6552
f 3197/6045 3195/6044 3186/6550
f 3207/6538 3179/6545 3180/6539
f 3196/6541 3207/6566 3567/6542
f 3190/6053 3197/4194 3186/6563
f 2846/6457 3189/6456 3197/4194
f 3193/6156 3198/6565 3161/6050
f 3194/6475 3198/6051 3192/6564
f 2888/6153 3199/6562 2846/5821
f 3161/6050 3199/6455 3193/6156
f 3112/6361 3200/6429 3113/6269
f 2483/4332 3200/6431 3069/5331
f 2243/4523 3425/5320 2481/5318
f 3219/6567 3217/6568 3212/6569
f 3202/4300 3153/6570 2830/4301
f 3034/6310 3164/6121 3202/4300
f 3203/6571 3106/6572 3565/6573
f 3202/4300 3203/6307 3153/6570
f 3106/6572 3203/6571 3204/6574
f 3164/6309 3204/6515 3203/6307
f 3222/6575 3229/6576 3221/6577
f 3242/6471 3248/6578 3230/6472
f 2699/5730 3214/5727 3206/5731
f 3221/5829 3231/6579 2777/5718
f 3567/6542 3207/6566 3173/6540
f 3179/6545 3207/6538 3196/6557
f 2113/4706 2849/4705 3209/5822
f 3186/6550 3196/6552 3208/6560
f 2697/6052 3209/6054 2889/5715
f 2113/4706 3209/5822 3208/6560
f 3211/6511 3210/6510 2483/6432
f 3210/6510 3201/6509 3212/6527
f 2487/5314 3211/5332 2483/4332
f 3211/5332 2471/5281 3429/6580
f 3201/6581 3427/6582 3220/6583
f 3172/4707 3219/6521 3171/6531
f 3206/5988 3213/5987 2114/5991
f 3213/6470 3205/5986 3247/6468
f 2709/5736 3214/5732 2699/5737
f 3221/5829 3232/6584 3231/6579
f 2610/5239 3227/5549 2607/5240
f 3249/6585 3205/5986 3206/5988
f 3231/6586 3214/5732 2708/5734
f 3232/6587 3251/6401 3216/6400
f 3169/6434 3217/6512 3156/6506
f 3159/6433 3212/6527 3217/6512
f 3428/6588 3422/6589 3427/6590
f 3424/6591 3431/6592 3430/6593
f 3217/6512 3219/6567 3156/6506
f 3220/5288 3219/5290 3212/6569
f 3201/6509 3220/6583 3212/6527
f 3218/6530 3424/6529 3430/6593
f 2614/5577 2618/5207 3222/5576
f 3232/6584 3221/5829 3229/6576
f 3222/5576 2615/5573 3224/6594
f 2614/5577 3222/5576 3221/5829
f 3227/5549 3225/6595 2607/5240
f 2078/5548 3233/5569 3227/5549
f 2616/5205 3228/5566 2615/5573
f 3226/5564 3224/5563 3223/6596
f 3223/6596 3224/5563 3225/6597
f 3225/5567 3224/5563 2615/5568
f 3223/6598 3253/6599 3255/6600
f 3232/6584 3229/6576 3215/6601
f 3233/5569 2078/5548 2631/3953
f 3225/6595 3227/5549 3253/6602
f 2609/5204 3228/5572 2616/5205
f 2607/5240 3225/6595 3228/5572
f 3224/5563 3229/5565 3222/5576
f 3215/6601 3229/6576 3226/5564
f 3255/6600 3253/6599 3236/6603
f 3136/6604 3245/6605 3244/6606
f 3214/5732 3231/6586 3216/5728
f 2777/5718 3231/6579 2708/5734
f 3251/6401 3232/6587 3215/6601
f 3231/6579 3232/6584 3216/5728
f 3252/6607 3234/6608 2631/6609
f 2631/3953 3234/6608 3233/5569
f 3235/6082 2630/5999 2905/6080
f 3235/6082 3234/6610 2630/5999
f 3262/6611 3265/6612 3269/6613
f 3215/6601 3226/5564 3238/5550
f 3273/6614 3234/6610 3235/6082
f 3215/6601 3238/5550 3239/6615
f 3240/6616 3236/6617 3254/6618
f 3243/6619 3259/6620 3241/6621
f 3255/6600 3226/5551 3223/6598
f 3239/6615 3238/5550 3237/6622
f 3241/6621 3242/3902 3243/6619
f 3239/6473 3230/6472 3251/6623
f 3039/6076 3272/6064 2903/6067
f 3261/6624 3240/6625 3260/6626
f 3243/6619 3242/3902 3239/6473
f 3257/6627 3264/6628 3259/6629
f 3243/6619 3239/6473 3237/6622
f 3241/3903 3267/6630 3244/3904
f 3261/6631 3237/6632 3256/6633
f 3235/6082 2904/6081 3258/6634
f 3136/6604 3246/6480 3245/6605
f 3242/3902 3244/3904 3248/6578
f 3134/6478 3247/6635 3245/6479
f 3249/6636 3230/6637 3250/6638
f 3138/6467 3246/6466 3136/6077
f 3134/6478 3246/6480 3139/6476
f 3247/6468 3134/6478 3192/6469
f 3247/6468 3205/5986 3250/6639
f 3244/3904 3245/6605 3248/6578
f 3245/6479 3247/6635 3250/6639
f 3216/5728 3249/6402 3206/5726
f 3250/6638 3230/6637 3248/6578
f 3250/6638 3248/6578 3245/6479
f 3205/5986 3249/6585 3250/6639
f 3239/6615 3251/6623 3215/6601
f 3249/6402 3251/6401 3230/6637
f 2906/6008 3252/6006 2631/6083
f 2630/6005 3234/6610 3252/6006
f 3225/6597 3253/6602 3223/6596
f 3227/5571 3236/5570 3253/6602
f 3240/6616 3254/6618 3234/5606
f 3236/5570 3233/5569 3254/6618
f 3256/6640 3236/6617 3240/6616
f 3238/5550 3255/5552 3237/6622
f 3237/6632 3255/5552 3256/6633
f 3236/6617 3256/6640 3255/6600
f 3260/6641 3258/6642 3257/6643
f 3007/6065 3270/6250 3268/6066
f 3257/6643 3259/6629 3260/6641
f 3234/6610 3273/6614 3240/6616
f 3259/6629 3243/6619 3260/6641
f 3262/6611 3264/6644 3265/6612
f 3261/6624 3260/6626 3243/6619
f 3273/6614 3260/6626 3240/6616
f 3237/6622 3261/6631 3243/6619
f 3240/6616 3261/6624 3256/6640
f 3163/6514 3263/6513 3141/6417
f 3259/6629 3264/6628 3241/6621
f 3266/6079 3263/6481 3092/6441
f 3263/6645 3262/6611 3269/6613
f 3265/6612 3264/6644 3257/6627
f 3241/6621 3264/6628 3262/6611
f 3265/6612 3257/6627 3268/6249
f 3265/6612 2965/6646 3269/6613
f 3266/3875 3092/6441 3132/3876
f 3244/6606 3267/6630 3136/6604
f 3241/6621 3262/6611 3267/6630
f 3263/6645 3267/6078 3262/6611
f 3257/6627 3271/6647 3268/6249
f 2962/5601 3272/6157 2904/6081
f 3145/6490 3269/6482 2965/6487
f 3269/6613 3141/6417 3263/6645
f 3146/6169 3270/6488 3007/6065
f 3265/6251 3270/6250 2965/6646
f 3257/6643 3258/6642 3271/6647
f 2904/6081 3271/6647 3258/6634
f 3268/6066 3271/6647 3272/6064
f 2904/6081 3272/6157 3271/6647
f 3235/6082 3258/6634 3273/6614
f 3260/6641 3273/6614 3258/6642
f 2138/4829 3275/6648 3274/4537
f 3274/4537 3275/6648 3276/5379
f 2510/5357 3275/5356 2138/4807
f 3276/5379 3275/6648 2505/5375
f 2508/5370 3276/5369 2505/5375
f 2088/4541 3276/5379 2509/5368
f 3282/4576 3286/4575 3287/6649
f 2148/4573 2150/4581 3277/4569
f 2509/5368 3280/6650 2088/4541
f 3322/6327 2935/6175 3333/6651
f 3279/6652 3280/5377 3283/5376
f 3278/6653 3302/6654 3294/6655
f 3295/6656 2509/5368 2504/5374
f 3303/6657 3289/6658 3302/6659
f 3284/6660 3285/6661 3341/6662
f 3327/6104 3329/6106 3332/6663
f 3277/4569 3287/6649 3286/4570
f 3326/6664 3327/6665 3334/6666
f 2504/5374 2506/5366 3290/5359
f 3308/6667 3279/6652 3283/5376
f 3285/6661 3284/6660 2932/5899
f 3284/6668 3281/6669 3324/6670
f 3285/6661 2932/5899 2545/5672
f 2068/6671 3329/6672 3341/6673
f 3287/6649 3277/4569 2088/4541
f 3286/4575 3332/4577 3330/6674
f 2088/4541 3280/6650 3287/6649
f 3289/6108 3280/6107 3279/6652
f 2521/5389 2519/4166 3297/5407
f 3292/6675 3293/6676 3305/6677
f 3294/6233 3289/6108 3279/6231
f 3303/6678 3282/4576 3287/6649
f 2139/5373 3290/5372 2506/5355
f 3290/5359 3288/6679 3291/5360
f 3293/5947 3291/5946 3288/6679
f 3309/5948 3308/6680 3291/5946
f 3298/6681 3293/5947 3288/6679
f 2829/6496 3417/6495 3559/6682
f 2513/4637 2521/5383 3297/5407
f 3293/5947 3564/6683 3309/5948
f 3279/6652 3308/6667 3310/6232
f 3335/6684 3312/6685 3313/6686
f 2509/5368 3295/6656 3280/6650
f 2504/5374 3283/6427 3295/6656
f 2519/4166 2525/4165 3316/5417
f 3293/6676 3296/6687 3305/6677
f 3296/5409 3298/6688 3297/5407
f 3298/6681 3288/6679 3299/6689
f 3293/6676 3298/6681 3296/6687
f 3288/6679 3290/5359 3299/6689
f 3300/5402 2139/5353 2517/4638
f 3297/5385 3298/6688 3299/5386
f 3297/5385 3300/5387 2513/4637
f 2139/5373 3300/5402 3299/5371
f 3292/6690 3560/6691 3563/6692
f 3315/6693 3310/6694 3301/6695
f 3334/6696 3303/6657 3302/6659
f 3289/6108 3294/6233 3302/6659
f 3289/6108 3303/6657 3287/6109
f 3334/6696 3302/6659 3278/6653
f 3313/6697 3320/6698 3304/6699
f 3314/6700 3339/6701 3294/6702
f 3316/6703 3307/6704 3296/6705
f 3305/6677 3296/6687 3307/6704
f 3345/5401 3342/5400 3336/6706
f 3349/6707 3346/6708 3336/6709
f 3316/5417 3296/6705 2519/4166
f 3344/6710 3307/6711 3306/6712
f 3308/6667 3283/5376 3291/5946
f 3310/6694 3308/6667 3301/6695
f 3564/6683 3293/5947 3292/6675
f 3301/6695 3308/6667 3309/5948
f 3566/6713 3315/6714 3562/6715
f 3294/6233 3310/6232 3314/6700
f 3106/6572 3204/6574 3312/6716
f 3328/6717 3339/6718 3304/6719
f 3204/6515 3154/6516 3312/6716
f 3319/6502 3167/6501 3320/6519
f 3154/6516 3318/6720 3312/6716
f 3313/6697 3319/6502 3320/6698
f 3315/6693 3314/6700 3310/6694
f 3335/6684 3311/6426 3312/6685
f 3562/6715 3315/6714 3301/6695
f 3315/6721 3311/6426 3335/6684
f 3342/6722 3316/5417 2107/4047
f 3307/6704 3316/6703 3306/6712
f 2529/5432 3353/5428 3337/5433
f 2829/6496 3401/5957 3415/6497
f 3154/6516 3166/6353 3319/6502
f 3313/6686 3312/6685 3318/6720
f 3313/6697 3318/6720 3319/6502
f 3319/6502 3318/6720 3154/6516
f 3321/6518 3167/6517 3032/6347
f 3333/6651 3321/6723 3322/6327
f 3322/6327 3032/5919 3048/6176
f 2935/6175 3338/6724 3333/6651
f 3338/6724 3323/6114 3333/6651
f 3032/6347 3322/6327 3321/6518
f 2930/6103 3284/6520 3324/6299
f 3325/6725 3304/6699 3320/6698
f 3281/6669 3326/6726 3324/6670
f 3325/6727 3340/6110 3328/6112
f 3321/6518 3325/6725 3320/6519
f 3340/6728 3323/6114 3324/6299
f 3327/6104 3326/6664 3281/6105
f 3326/6111 3278/6729 3328/6112
f 3281/6105 3341/6673 3329/6106
f 3282/4576 3303/6678 3334/6696
f 3278/6653 3294/6655 3339/6701
f 3325/6725 3328/6112 3304/6699
f 3331/6730 2068/4163 2259/4580
f 2154/4565 3330/4585 2151/4584
f 2154/4565 2148/4573 3330/4585
f 3286/4570 3330/6674 2148/4571
f 2068/6671 3331/6730 3329/6672
f 2151/4584 3331/4587 2259/4580
f 3327/6104 3332/6663 3282/4576
f 3329/4586 3330/4585 3332/6663
f 3323/6114 3325/6731 3333/6651
f 3321/6518 3333/6651 3325/6725
f 3326/6111 3334/6666 3278/6729
f 3282/4576 3334/6696 3327/6104
f 3304/6117 3335/6119 3313/6697
f 3315/6693 3335/6684 3314/6700
f 2530/5431 3337/5433 3347/5362
f 3402/6732 3343/6733 3346/6734
f 3353/5428 2529/5432 3571/6735
f 3346/6708 3349/6707 3317/6736
f 3338/6116 2935/6175 2970/4199
f 2930/6103 3338/6115 2933/4293
f 3304/6719 3339/6718 3314/6118
f 3278/6729 3339/6701 3328/6112
f 3323/6114 3340/6728 3325/6731
f 3326/6111 3340/6110 3324/6670
f 3284/6668 3341/6662 3281/6669
f 2068/6671 3341/6673 3285/5671
f 3316/6703 3342/6722 3306/6712
f 3347/6737 3342/6722 2107/4047
f 2829/6496 3559/6682 3561/6738
f 3344/6739 3292/6675 3305/6677
f 3344/6739 3305/6677 3307/6711
f 3565/6740 3563/6741 3558/6742
f 3343/6743 3344/6744 3345/6745
f 3306/5399 3345/5401 3344/6710
f 3343/6743 3345/6745 3346/6734
f 3336/6706 3346/6708 3345/5401
f 3342/6722 3347/6737 3336/6706
f 2530/4046 3347/5362 2107/4047
f 3380/6746 2526/6747 3366/6748
f 3349/6707 3351/5960 3317/6736
f 3347/5362 3349/5364 3336/6706
f 3570/6749 3569/6750 3348/6751
f 3389/6752 3396/6753 3404/6754
f 3391/6755 3393/3881 3350/3883
f 3352/5429 3349/5364 3337/5430
f 3398/6756 3400/3882 3393/3881
f 3350/6757 3351/6758 3352/6759
f 3352/6759 3351/6758 3349/5364
f 2529/5432 3432/5142 3571/6735
f 3352/5429 3353/5428 3348/6760
f 2286/4155 3354/4901 2192/4407
f 3420/5158 3354/4688 2074/4154
f 3355/4142 2124/5861 2788/5620
f 3419/4779 3355/4142 2230/4768
f 3443/6761 2406/6762 3420/6763
f 3375/6764 3356/5155 3373/5157
f 3358/6765 3357/4608 2108/4610
f 2301/3987 3359/4929 3358/6766
f 3358/6765 2108/4610 3362/5419
f 2301/4931 3358/6766 3361/4932
f 2304/4913 3357/4608 3359/4914
f 3358/6765 3359/4929 3357/4608
f 3382/6767 3377/6768 3374/6769
f 3366/6770 2527/6771 3365/6772
f 3362/5419 3361/4932 3358/6765
f 3365/6773 3361/6774 3360/6775
f 3381/6776 3380/6777 3360/6778
f 3361/6774 3362/5419 3360/6775
f 2301/4931 3363/4930 2305/3985
f 3369/6779 3363/4930 3361/4932
f 3456/6780 2584/5522 2586/5508
f 3356/5155 3375/6764 3377/6781
f 3366/6770 3365/6772 3360/6775
f 3365/5398 2527/6771 3367/5396
f 3380/6782 3379/6783 3568/6784
f 3366/6748 2526/6747 3432/6785
f 3371/5416 2527/5426 2528/5414
f 2522/5394 2685/5404 3368/5699
f 2389/5151 2390/5144 3372/4941
f 3368/5412 3367/5411 3371/6786
f 3363/4930 3369/6779 2178/4936
f 3365/5398 3369/5397 3361/6774
f 3460/5160 2406/5159 3443/6761
f 3374/6787 3375/6788 3378/6789
f 3368/5412 3371/6786 2522/5394
f 2527/6771 3371/5416 3367/5396
f 3367/5411 3372/5410 2178/5424
f 2389/5151 3372/4941 3368/5699
f 3446/6790 3373/5157 2294/5156
f 3378/6791 3457/6792 3376/6793
f 3370/6794 3378/6789 3375/6788
f 3404/6795 3572/6796 3385/6797
f 3370/6794 3375/6788 3373/5157
f 3377/6781 3375/6764 3374/6769
f 3388/6798 3384/6799 3386/6800
f 3376/6793 3457/6792 3407/6801
f 3381/6802 3377/6768 3382/6767
f 3356/5155 3377/6781 2108/4610
f 3370/6803 3452/6804 3457/6805
f 3374/6787 3378/6789 3376/6239
f 3382/6767 3374/6769 3387/6806
f 3380/6782 3568/6784 2526/6747
f 3366/6770 3360/6775 3380/6746
f 3381/5418 3360/6778 3362/5419
f 3377/6781 3381/6802 2108/4610
f 3379/6783 3380/6782 3381/6776
f 3386/6800 3384/6799 3387/6807
f 3379/6783 3381/6776 3382/6767
f 3445/6808 3449/6809 3453/6810
f 3530/6811 3537/6812 3538/6813
f 3537/6814 3545/6815 3383/6816
f 3382/6767 3385/6817 3379/6783
f 3408/6818 3385/6819 3387/6820
f 3569/6750 3570/6749 3568/6821
f 3386/6237 3376/6239 3407/6801
f 3384/6799 3408/6818 3387/6807
f 3382/6767 3387/6806 3385/6817
f 3374/6238 3386/6237 3387/6806
f 3453/5519 3518/5521 3585/6822
f 3388/6823 3586/6824 3573/6825
f 3547/6826 3545/6827 3546/6828
f 3394/6829 3393/3881 3391/6755
f 3396/6830 3392/6831 3394/6832
f 3352/6759 3391/6755 3350/6757
f 3348/6760 3391/6755 3352/5429
f 3597/6833 3396/6834 3405/6835
f 3590/6836 3532/6837 3542/6838
f 2947/5817 3411/6041 2885/5972
f 3394/6829 3391/6755 3390/6839
f 3393/3881 3392/6840 3398/6756
f 3396/6830 3394/6832 3390/6839
f 3392/6831 3393/3881 3394/6832
f 3595/6841 3589/6842 3594/6843
f 3403/6844 3576/6845 3574/6846
f 3404/6754 3396/6753 3390/6839
f 3405/6835 3396/6834 3389/6752
f 3574/6846 3575/6847 3403/6844
f 3399/5961 3401/5422 3317/5959
f 3595/6848 2073/6849 3593/6850
f 3395/6851 3413/6852 3414/6853
f 3350/6757 3399/5929 3351/6758
f 3401/5422 3399/5961 3397/6854
f 3414/6855 3400/3882 3398/6756
f 3399/5961 3400/3882 3397/6854
f 3412/5958 3401/5957 3397/6854
f 2829/6856 3343/6733 3402/6732
f 3317/5421 3402/5423 3346/6708
f 2829/6496 3402/6732 3401/5957
f 2823/4530 3576/6857 3406/5977
f 3418/6858 2844/5970 2885/5972
f 3569/6859 3572/6860 3390/6861
f 3404/6795 3385/6797 3408/6818
f 3546/6862 3405/6835 3389/6752
f 3405/6835 2073/6863 3597/6833
f 3576/6857 2823/4530 2822/5816
f 3403/6864 3578/6865 3411/6866
f 3584/6867 3407/6868 3364/6869
f 3386/6237 3407/6801 3388/6798
f 3547/6870 3408/6818 3384/6799
f 3404/6795 3408/6818 3389/6752
f 3412/6871 3413/6872 3409/6873
f 2832/5942 2834/5927 3416/6874
f 3403/6864 3395/6875 3578/6865
f 3578/6865 3395/6875 3579/6876
f 3403/6864 3411/6866 3406/5977
f 3411/6877 3410/6878 3418/6879
f 3413/6872 3412/6871 3397/6854
f 3415/5956 3412/5958 3409/6873
f 3414/6853 3413/6852 3397/6854
f 3413/6852 3395/6851 3575/6880
f 3400/3882 3414/6855 3397/6854
f 3414/6855 3398/6756 3579/6881
f 3409/6882 3577/6883 3416/6884
f 3153/6492 3558/6494 3559/6885
f 2830/5964 3416/5966 2834/5927
f 3409/6873 3416/6884 3415/5956
f 3416/5966 3417/5965 3415/5956
f 2830/4301 3153/6570 3417/5965
f 3411/6877 3418/6879 2885/5972
f 3410/6886 3594/6887 3591/6888
f 2336/4179 3419/5015 2230/4768
f 3419/4779 2335/4178 2223/4075
f 2288/4345 3447/4347 2074/4154
f 2408/4916 3420/5158 2406/4917
f 2498/5350 3423/6889 3421/4799
f 2481/5319 3422/5321 2136/4057
f 3426/6890 3422/5321 3425/5320
f 3426/6890 3427/6590 3422/5321
f 2498/5350 2500/5054 3580/5346
f 3426/6891 3423/6528 3218/6530
f 3580/5346 3423/6889 2498/5350
f 3431/5349 2207/4425 2849/4705
f 2347/4522 3425/4800 2243/4523
f 3426/6890 3425/5320 3421/4799
f 3423/6889 3426/6891 3421/4799
f 3427/6590 3426/6890 3218/6530
f 3220/6583 3427/6582 3218/6530
f 3427/6582 3201/6581 3428/6588
f 3201/6509 3211/6511 3429/6580
f 2136/4057 3422/5321 3428/5326
f 3429/5309 2471/5281 2477/5307
f 3201/6581 3429/6580 3428/6588
f 3219/5290 3430/5289 3171/6531
f 3218/6530 3430/6593 3220/6583
f 3430/6593 3431/6592 3171/6531
f 2207/4425 3431/5349 3424/6591
f 3366/6748 3432/6785 2527/6771
f 3571/6892 2526/6893 3570/6894
f 3436/6895 2373/5684 2674/5686
f 3433/4836 2373/5472 3437/6896
f 2671/5677 3434/5106 2549/5678
f 2165/4628 3433/4836 3434/5465
f 3507/6897 3503/6898 3506/6899
f 3435/5479 3440/5478 3464/6900
f 2557/3966 3436/5683 2674/3964
f 3437/6901 3436/5683 3435/5479
f 3436/6895 3437/6901 2373/5684
f 3491/3983 3437/6901 3435/3984
f 3500/5475 3508/5917 3438/5476
f 3527/6902 3525/6903 3538/6904
f 3498/5682 2270/5681 2376/4357
f 3472/5117 3481/6905 3467/5115
f 3499/6906 2557/3966 2673/3965
f 3465/6907 3491/6908 3462/6909
f 2584/6910 3455/6911 3449/6912
f 3420/5158 2074/4154 3444/6913
f 2584/5517 3442/5516 2585/5509
f 3441/6914 3444/6915 3447/6916
f 3443/6917 3444/6918 3448/6919
f 3459/6920 2294/5162 2409/4689
f 3448/6919 3444/6918 3441/6914
f 3420/6763 3444/6913 3443/6761
f 3448/6919 3441/6914 3449/6921
f 3445/6922 3452/5514 3450/5513
f 3443/6917 3448/6919 3450/6923
f 3446/6790 3458/6924 3373/5157
f 3441/6914 3447/6916 3442/5516
f 2074/4154 3447/4347 3444/6913
f 3449/6921 3441/6914 2584/6910
f 3450/6923 3448/6919 3445/6922
f 3453/6810 3449/6809 3455/5520
f 3445/6922 3448/6919 3449/6809
f 3581/6925 3452/5514 3445/6922
f 3450/6926 3446/6927 3460/6928
f 2689/5470 3582/5464 3474/6929
f 2549/5678 3465/6930 3466/5703
f 3457/6805 3452/6804 3364/6931
f 3458/5515 3452/5514 3370/6803
f 3488/5512 3585/6932 3451/5510
f 3585/6822 3587/6933 3453/5519
f 3456/6780 2586/5508 3519/6934
f 3474/6935 3461/6936 3471/6937
f 3456/6780 3455/6911 2584/5522
f 3518/6938 3454/6939 3517/6940
f 3519/6934 2586/5508 2404/5507
f 3455/6911 3456/6780 3454/6941
f 3457/6792 3364/6931 3407/6801
f 3370/6794 3457/6805 3378/6789
f 3373/5157 3458/6924 3370/6794
f 3450/5513 3458/5515 3446/6927
f 2406/5159 3459/5161 2409/4689
f 3446/6790 2294/5156 3459/6920
f 3450/6923 3460/6928 3443/6917
f 3459/6920 3460/5160 3446/6790
f 3465/5467 2549/5678 3434/5468
f 3468/6942 3471/6937 3461/6936
f 3464/6943 3470/6944 3463/6945
f 3468/6942 3461/6936 3466/6946
f 3440/5478 3439/6947 3464/6900
f 3469/6948 3475/6949 3470/6950
f 3464/6943 3439/6947 3470/6944
f 3435/5479 3464/6900 3463/3982
f 3437/6896 3491/3983 3433/4836
f 3466/5703 3465/6930 3462/6909
f 3468/6942 3466/6946 3462/6909
f 3466/6946 3461/6936 3583/5679
f 3462/6951 3475/6952 3472/6953
f 3517/6954 3473/6955 3520/6956
f 3472/6953 3475/6952 3469/6948
f 3468/5116 3467/5115 3471/6937
f 3482/6957 3486/6958 3490/6959
f 3481/6960 3483/6961 3520/6962
f 3439/6947 3492/6963 3470/6944
f 3486/6964 3487/6965 3484/6966
f 3467/5115 3473/6967 3471/6937
f 3474/6935 3471/6937 3477/6968
f 3462/6951 3472/6953 3468/6942
f 3481/6905 3472/5117 3482/6969
f 3473/6967 3467/5115 3520/6956
f 3479/6970 3478/6971 3477/6972
f 3477/6968 3471/6937 3473/6967
f 3478/6973 2688/5095 3480/5700
f 3462/6951 3463/6974 3475/6952
f 3470/6944 3475/6949 3463/6945
f 3476/6975 3481/6905 3482/6969
f 3521/6976 3383/6977 3586/6978
f 3479/6979 3473/6955 3517/6954
f 3519/6980 3478/6971 3479/6970
f 2688/5095 3478/6973 2404/5507
f 3474/6935 3477/6968 3478/6971
f 3473/6955 3479/6979 3477/6968
f 3454/6941 3456/6780 3519/6934
f 2689/5470 3474/6929 3480/5700
f 3478/6971 3480/5700 3474/6935
f 3482/6969 3472/5117 3469/6948
f 3483/6961 3481/6960 3476/6975
f 3487/6965 3486/6964 3469/6981
f 3482/6969 3469/6948 3486/6958
f 3488/5512 3483/5511 3476/6975
f 3517/6954 3520/6956 3451/6982
f 3535/6983 3529/6984 3515/6985
f 3383/6977 3521/6976 3489/6986
f 3488/6987 3489/6988 3485/6989
f 3407/6801 3584/6867 3388/6798
f 3487/6965 3469/6981 3470/6950
f 3484/6966 3527/6990 3486/6964
f 3492/6963 3487/6965 3470/6944
f 3534/6991 3487/6992 3438/6993
f 3488/6987 3476/6975 3489/6988
f 3488/5512 3485/6989 3585/6932
f 3522/6994 3482/6957 3490/6959
f 3476/6975 3522/6995 3489/6988
f 3533/6996 3525/6903 3527/6902
f 3537/6812 3489/6997 3538/6813
f 3462/6909 3491/6908 3463/6974
f 3433/4836 3491/3983 3465/5467
f 3439/6998 3502/6999 3505/7000
f 3487/6992 3492/6963 3438/6993
f 2557/5477 3502/7001 3440/5478
f 3504/7002 3496/7003 3493/7004
f 3439/6947 3440/5478 3502/6999
f 2379/3898 2380/5120 3497/5121
f 2175/4623 3524/7005 3495/4853
f 3495/4853 3494/5123 3497/5121
f 3524/7005 3496/5125 3495/4853
f 2564/7006 3509/7007 3507/7008
f 3497/5118 3494/5123 3498/5114
f 2379/3898 3497/5121 2105/4618
f 3501/7009 3494/7010 3504/7011
f 3499/6906 2673/3965 2270/5681
f 3499/5680 3498/5682 3501/7012
f 2557/5477 3499/6906 3502/7001
f 3439/6947 3500/5475 3492/6963
f 3506/6899 3493/5487 3507/6897
f 3494/7010 3501/7009 3498/5114
f 3493/5487 3500/5489 3505/7013
f 3499/6906 3501/7012 3502/7001
f 3505/7013 3501/7014 3493/5487
f 3509/5695 2563/5690 3510/7015
f 2819/7016 3513/7017 3514/7018
f 3496/5125 3504/7002 3494/5123
f 3493/5487 3501/7014 3504/7002
f 3439/6947 3505/7000 3500/5475
f 3502/6999 3501/7012 3505/7000
f 3507/6897 3493/5487 3496/7003
f 3506/6899 3503/6898 3508/5917
f 3496/7003 2564/7006 3507/6897
f 2564/7006 2749/3960 3509/7007
f 3510/7015 3503/7019 3509/5695
f 3508/5917 3503/6898 3515/7020
f 2563/5690 2878/5485 3510/7015
f 3503/6898 3507/6897 3509/5695
f 3512/7021 3511/7022 3513/7023
f 3503/6898 3510/7015 3515/7020
f 3526/7024 3515/7025 3511/7026
f 3514/7027 3515/7020 3510/7015
f 3003/6311 3512/6313 3036/6148
f 3511/7022 3514/7018 3513/7023
f 3516/5774 2819/5692 2745/5497
f 2106/5915 3512/5978 3513/7023
f 3514/7018 3511/7022 3515/7020
f 2819/7016 3514/7018 3510/6032
f 3541/7028 3531/7029 3532/7030
f 3535/6983 3515/6985 3526/7024
f 2106/5915 3513/7023 3516/5774
f 2819/5692 3516/5774 3513/7017
f 3451/5510 3585/6932 3518/5521
f 3479/6979 3517/6954 3454/6939
f 3454/6939 3518/6938 3455/6911
f 3451/5510 3518/5521 3517/6954
f 3478/6973 3519/6980 2404/5507
f 3454/6941 3519/6934 3479/6979
f 3481/6905 3520/6962 3467/5115
f 3451/6982 3520/6956 3483/5511
f 3383/6977 3573/6825 3586/6978
f 3485/6989 3489/6988 3521/6976
f 3482/6969 3522/6994 3476/6975
f 3490/6959 3489/6988 3522/6994
f 3532/6837 3003/7031 3542/6838
f 3383/6816 3489/6986 3537/6814
f 3524/4631 2175/4623 2559/4632
f 2564/7006 3496/7003 3524/4631
f 3534/7032 3528/7033 3533/7034
f 3539/7035 3538/6904 3525/6903
f 3531/7036 3526/7024 3511/7026
f 3536/7037 3523/7038 3525/7039
f 3486/6958 3527/6990 3490/6959
f 3533/6996 3527/6902 3484/6966
f 3529/7040 3438/5476 3508/5917
f 3526/7024 3536/7041 3535/6983
f 3515/7020 3529/6984 3508/5917
f 3534/7032 3529/7042 3528/7033
f 3543/7043 3539/7044 3523/7045
f 3389/6752 3547/6826 3546/6862
f 3512/6313 3531/6312 3511/7022
f 3531/7029 3003/6311 3532/7030
f 3544/7046 3593/6850 2073/6849
f 3540/7047 3548/7048 3539/7049
f 3534/7032 3533/7034 3484/6966
f 3536/7050 3533/7034 3528/7033
f 3487/6965 3534/6991 3484/6966
f 3529/7040 3534/7032 3438/5476
f 3536/7037 3526/7024 3523/7038
f 3529/6984 3535/6983 3528/7033
f 3533/7034 3536/7050 3525/6903
f 3535/6983 3536/7041 3528/7033
f 3538/6813 3489/6997 3490/6959
f 3530/7051 3548/7052 3545/7053
f 3527/6902 3538/6904 3490/6959
f 3539/7044 3525/6903 3523/7045
f 3523/7045 3541/6234 3543/7043
f 3530/6811 3538/6813 3539/7035
f 3592/7054 2844/7055 3591/7056
f 3590/7057 3593/7058 3540/7059
f 3531/7029 3541/7028 3526/7024
f 3543/7043 3541/6234 3532/7030
f 3003/7031 2844/6149 3542/6838
f 3418/6858 3591/7056 2844/5970
f 3590/6836 3543/7043 3532/6837
f 3539/7044 3543/7043 3540/7047
f 2073/6863 3405/6835 3546/6862
f 3548/7052 3544/7060 3545/7053
f 3530/6811 3545/7053 3537/6812
f 3546/6828 3545/6827 3544/7060
f 2073/6849 3546/6862 3544/7046
f 3389/6752 3408/6818 3547/6826
f 3573/7061 3547/6870 3384/6799
f 3545/6827 3547/6826 3383/6816
f 3539/7035 3548/7048 3530/6811
f 3540/7047 3544/7060 3548/7048
f 3549/6344 3015/6141 3054/6332
f 3059/6302 3065/6357 3549/6344
f 3175/6364 3551/6363 3020/5327
f 3072/6366 3550/5328 3070/6200
f 3553/6450 3176/6534 3178/6451
f 3550/5328 3551/6533 3555/5908
f 3554/7062 3552/7063 3553/7064
f 3555/6435 3070/6275 3550/5328
f 3554/7062 3553/7064 2997/6449
f 3176/6534 3553/6450 3552/5907
f 3026/6226 3554/6228 2997/6284
f 2998/6227 3552/7063 3554/6228
f 2998/6227 3588/7065 3552/7063
f 3588/7065 2998/6227 3025/6216
f 3099/6374 3556/6421 3095/6420
f 3556/6419 3098/6410 3163/6514
f 3557/6484 3141/6417 3269/6482
f 3103/6413 3556/6422 3557/6484
f 3563/6741 3565/6740 3562/7066
f 3292/6690 3344/6739 3560/6691
f 3153/6492 3559/6885 3417/5965
f 3561/6738 3559/6682 3558/6494
f 3344/6744 3343/6743 3560/6691
f 3561/6738 3343/6733 2829/6496
f 3558/6494 3560/7067 3561/6738
f 3343/6743 3561/6738 3560/6691
f 3562/6715 3565/6740 3566/6713
f 3562/7066 3564/7068 3563/6741
f 3558/6742 3563/6741 3560/7067
f 3564/7068 3562/7066 3301/6695
f 3309/5948 3564/6683 3301/6695
f 3292/6690 3563/6692 3564/6683
f 3203/6571 3565/6573 3558/6494
f 3566/6713 3565/6740 3106/6572
f 3312/6716 3566/6424 3106/6572
f 3315/6714 3566/6713 3311/6426
f 3174/6274 3567/6525 3173/6532
f 3208/6543 3567/6542 2113/4706
f 3572/7069 3568/6784 3379/6783
f 3391/6755 3569/6859 3390/6839
f 3348/6751 3569/6750 3391/6755
f 3572/6860 3569/6859 3568/6784
f 3571/6735 3348/6760 3353/5428
f 2526/6747 3568/6784 3570/6894
f 2526/6893 3571/6892 3432/6785
f 3571/6735 3570/6894 3348/6760
f 3385/6797 3572/6796 3379/6783
f 3390/6861 3572/6860 3404/6754
f 3547/6870 3573/7061 3383/6816
f 3384/6799 3388/6798 3573/7061
f 2832/5963 3577/7070 3574/5930
f 3409/6873 3413/6872 3575/6880
f 3403/6864 3575/6847 3395/6875
f 3575/6847 3574/6846 3577/7070
f 3406/5977 3576/6857 3403/6864
f 2822/5816 3574/5930 3576/6857
f 3416/6884 3577/6883 2832/5942
f 3575/6880 3577/7070 3409/6873
f 3395/6875 3414/6853 3579/6876
f 3411/6866 3578/6865 3410/6878
f 3392/7071 3595/7072 3596/7073
f 3578/6865 3579/6876 3594/7074
f 2207/4425 3424/6591 3580/5346
f 3423/6889 3580/5346 3424/6529
f 3452/6804 3581/6925 3364/6931
f 3445/6808 3453/6810 3581/6925
f 2262/5107 2671/5154 3583/5679
f 3474/6935 3582/5464 3461/6936
f 3461/6936 3582/5464 3583/5679
f 3583/5679 3582/5464 2262/5107
f 3364/6931 3581/6925 3587/7075
f 3586/6978 3485/6989 3521/6976
f 3485/6989 3584/7076 3585/6932
f 3585/6822 3584/7076 3587/6933
f 3388/6823 3584/6867 3586/6824
f 3485/6989 3586/6978 3584/7076
f 3364/6869 3587/7075 3584/6867
f 3453/6810 3587/6933 3581/6925
f 3115/6277 3588/6276 2816/6207
f 3552/5907 3588/7065 3555/5908
f 3542/6838 3592/7077 3590/6836
f 3594/6887 3410/6886 3578/6865
f 3593/7058 3590/7057 3589/7078
f 3543/7043 3590/6836 3540/7047
f 3410/6886 3591/6888 3418/6879
f 3592/7077 3589/7078 3590/6836
f 2844/7055 3592/7054 3542/6838
f 3589/7078 3592/7077 3591/7056
f 3540/7047 3593/7058 3544/7060
f 3595/6848 3593/6850 3589/6842
f 3579/6881 3398/6756 3596/7079
f 3591/6888 3594/6887 3589/7078
f 3594/7074 3579/6876 3596/7079
f 3392/7071 3597/7080 3595/7072
f 3392/6840 3596/7073 3398/6756
f 3594/7074 3596/7079 3595/6841
f 3597/6833 3392/7071 3396/6834
f 2073/6849 3595/6848 3597/6833
f 3615/7081 3616/7082 3668/7083
f 5103/7084 5200/7085 5197/7086
f 3752/7087 3618/7088 3845/7089
f 4177/7090 4017/7091 3710/7092
f 3714/7093 3683/7094 3682/7095
f 3751/7096 3753/7097 3694/7098
f 3848/7099 3620/7100 3621/7101
f 3662/7102 3663/7103 3679/7104
f 3959/7105 3960/7106 3757/7107
f 3850/7108 4103/7109 3960/7110
f 3615/7111 3614/7112 3678/7113
f 3708/7114 3679/7115 3676/7116
f 4001/7117 4004/7118 3706/7119
f 3846/7120 3844/7121 3756/7122
f 3666/7123 3729/7124 3735/7125
f 3694/7126 3750/7127 3668/7128
f 3744/7129 3690/7130 3743/7131
f 3749/7132 3613/7133 3614/7134
f 3749/7135 3694/7136 3693/7137
f 4082/7138 4075/7139 4079/7140
f 726/7141 3822/7142 727/7143
f 3748/7144 3841/7145 3842/7146
f 3754/7147 3755/7148 3669/7149
f 3843/7150 4099/7151 3951/7152
f 3609/7153 3610/7154 3840/7155
f 4249/7156 4092/7157 3948/7158
f 3840/7155 3610/7154 3954/7159
f 3726/7160 3822/7161 3823/7162
f 3950/7163 3748/7144 3842/7146
f 3945/7164 3836/7165 3837/7166
f 3626/7167 3966/7168 3625/7169
f 4988/7170 4990/7171 4987/7172
f 3709/7173 3800/7174 3801/7175
f 3678/7113 3677/7176 3615/7111
f 3867/7177 712/7178 3865/7179
f 4170/7180 3879/7181 3608/7182
f 5044/7183 4775/7184 5042/7185
f 4095/7186 3947/7187 3608/7188
f 3935/7189 723/7190 722/7191
f 3731/7192 3665/7193 3736/7194
f 3632/7195 4033/7196 3631/7197
f 3905/7198 4033/7196 3632/7195
f 3810/7199 3600/7200 3599/7201
f 3716/7202 3683/7203 1566/7204
f 3737/7205 3732/7206 3723/7207
f 3853/7208 3967/7209 4128/7210
f 3903/7211 3907/7212 3633/7213
f 3633/7213 3634/7214 3903/7211
f 4032/7215 4319/7216 3904/7217
f 3637/7218 4043/7219 4031/7220
f 3642/7221 3643/7222 3912/7223
f 3632/7224 3633/7213 3907/7212
f 3637/7218 3638/7225 4043/7219
f 1588/7226 1589/7227 3742/7228
f 3909/7229 3638/7230 3639/7231
f 728/7232 3691/7233 3743/7234
f 5116/7235 5203/7236 5118/7237
f 3816/7238 4039/7239 3914/7240
f 4639/7241 4636/7242 4565/7243
f 3909/7244 3911/7245 4043/7246
f 3645/7247 3917/7248 3644/7249
f 3757/7250 4103/7251 4105/7252
f 727/7253 3691/7233 728/7232
f 3949/7254 4097/7255 4100/7256
f 3730/7257 3732/7258 3927/7259
f 3916/7260 3641/7261 3642/7262
f 3949/7263 3950/7264 4096/7265
f 3608/7188 3947/7187 3607/7266
f 3751/7096 3694/7098 3668/7128
f 3946/7267 4090/7268 3947/7269
f 3766/7270 3772/7271 708/7272
f 3751/7096 3668/7128 3617/7273
f 3753/7274 3754/7275 4097/7276
f 3765/7277 3974/7278 3701/7279
f 3956/7280 3755/7281 3955/7282
f 3600/7283 3764/7284 3599/7285
f 3602/7286 3603/7287 3969/7288
f 3850/7289 3961/7290 3962/7291
f 3855/7292 3856/7293 3762/7294
f 3695/7295 3844/7296 3755/7297
f 4454/7298 4453/7299 4289/7300
f 703/7301 3598/7302 704/7303
f 3849/7304 3958/7305 3756/7306
f 704/7303 3598/7302 3673/7307
f 3764/7308 3701/7309 3862/7310
f 4287/7311 4392/7312 3976/7313
f 3869/7314 3867/7315 3787/7316
f 705/7317 704/7303 3673/7307
f 3971/7318 3856/7319 3970/7320
f 3702/7321 3766/7322 3769/7323
f 3775/7324 3767/7325 3863/7326
f 3765/7327 3600/7328 3601/7329
f 3771/7330 705/7317 3673/7307
f 3604/7331 3857/7332 3603/7333
f 708/7272 707/7334 3766/7270
f 4524/7335 3671/7336 4453/7337
f 3858/7338 3763/7339 3857/7340
f 3865/7179 712/7178 711/7341
f 3777/7342 3770/7343 3776/7344
f 3783/7345 3761/7346 3784/7347
f 4134/7348 4135/7349 3981/7350
f 5096/7351 3976/7352 4453/7353
f 3784/7354 710/7355 3864/7356
f 709/7357 708/7272 3772/7271
f 4626/7358 3790/7359 4553/7360
f 713/7361 712/7178 3867/7177
f 4136/7362 4139/7363 3789/7364
f 3964/7365 3965/7366 715/7367
f 715/7367 3965/7366 716/7368
f 3990/7369 3874/7370 3876/7371
f 3964/7365 715/7367 714/7372
f 4311/7373 4186/7374 4181/7375
f 3784/7354 3786/7376 710/7355
f 3686/7377 4648/7378 4504/7379
f 3678/7380 3799/7381 3676/7382
f 4442/7383 4065/7384 3938/7385
f 4407/7386 4408/7387 4409/7388
f 3738/7389 4335/7390 3926/7391
f 3830/7392 4063/7393 4062/7394
f 4018/7395 3605/7396 3604/7397
f 3989/7398 3705/7399 4157/7400
f 3730/7401 3727/7402 3724/7403
f 3709/7404 3886/7405 3882/7406
f 3823/7407 3824/7408 3826/7409
f 723/7410 3937/7411 724/7412
f 4414/7413 4318/7414 4409/7415
f 3830/7416 3935/7417 3936/7418
f 3801/7419 3613/7420 3612/7421
f 3687/7422 3734/7423 3925/7424
f 3676/7425 3882/7426 3881/7427
f 718/7428 717/7429 3963/7430
f 3989/7431 4150/7432 4151/7433
f 3726/7434 3725/7435 3691/7436
f 3778/7437 3785/7438 3788/7439
f 4068/7440 3824/7441 724/7442
f 3614/7443 3615/7444 3750/7445
f 3921/7446 3820/7447 3923/7448
f 3743/7234 3691/7233 3667/7449
f 3818/7450 3913/7451 4054/7452
f 3616/7082 3617/7273 3668/7083
f 3617/7273 3618/7453 3751/7096
f 3720/7454 4037/7455 4042/7456
f 4050/7457 4051/7458 4049/7459
f 3612/7460 3841/7461 3611/7462
f 4333/7463 4417/7464 4332/7465
f 4275/7466 4280/7467 3854/7468
f 4275/7469 4276/7470 4127/7471
f 3922/7472 4056/7473 4057/7474
f 3756/7306 3848/7475 3849/7304
f 5101/7476 4052/7477 4568/7478
f 1583/7479 3942/7480 1582/7481
f 4223/7482 4222/7483 4335/7484
f 4137/7485 4135/7486 4292/7487
f 3777/7342 3702/7488 3770/7343
f 3601/7489 3602/7490 3855/7491
f 4136/7492 3870/7493 3981/7494
f 4394/7495 4293/7496 4395/7497
f 3788/7498 3771/7499 3774/7500
f 3657/7501 3658/7502 3874/7503
f 4144/7504 3654/7505 4141/7506
f 4732/7507 4716/7508 4720/7509
f 3988/7510 3875/7511 3987/7512
f 3649/7513 3650/7514 3980/7515
f 3656/7516 3657/7517 3990/7518
f 3862/7519 3598/7520 3599/7521
f 3654/7505 3655/7522 4141/7506
f 3860/7523 3861/7524 5096/7525
f 4827/7526 3685/7527 4884/7528
f 3796/7529 3661/7530 3797/7531
f 3616/7532 3615/7111 3677/7176
f 3797/7533 3679/7115 3708/7114
f 4021/7534 4022/7535 3891/7536
f 3799/7381 3678/7380 3614/7112
f 3661/7530 3662/7537 3797/7531
f 3678/7113 3679/7538 3677/7176
f 1567/7539 3716/7202 1566/7204
f 3616/7532 3677/7176 3663/7540
f 3918/7541 3820/7542 4049/7543
f 4564/7544 4500/7545 4502/7546
f 3663/7103 3677/7176 3679/7104
f 3805/7547 1568/7548 1569/7549
f 3678/7380 3676/7382 3679/7538
f 3877/7550 3878/7551 4002/7552
f 3800/7553 3614/7554 3613/7555
f 3609/7556 3608/7182 3879/7181
f 3607/7557 3606/7558 3880/7559
f 4322/7560 3719/7561 4207/7562
f 3611/7563 3877/7564 3612/7565
f 3878/7566 3993/7567 3994/7568
f 3736/7194 3735/7569 3731/7192
f 4885/7570 4803/7571 4759/7572
f 3927/7259 3732/7258 3737/7205
f 3730/7257 3724/7403 3732/7258
f 4672/7573 4673/7574 4601/7575
f 3728/7576 3731/7577 3729/7578
f 4167/7579 3998/7580 4305/7581
f 3724/7403 3828/7582 3732/7258
f 4018/7583 3887/7584 3889/7585
f 3728/7576 3729/7578 3730/7586
f 4158/7587 3874/7588 3875/7589
f 3661/7530 3796/7529 3660/7590
f 3604/7591 3603/7592 3887/7593
f 3891/7594 4199/7595 3890/7596
f 3725/7435 3667/7449 3691/7436
f 3806/7597 3894/7598 3890/7599
f 3836/7600 3744/7601 3745/7602
f 3743/7131 3690/7130 3742/7603
f 4026/7604 4200/7605 3901/7606
f 3902/7607 3713/7608 3895/7609
f 3834/7610 1586/7611 1587/7612
f 3683/7094 3714/7093 3598/7613
f 4245/7614 3944/7615 4246/7616
f 3943/7617 3834/7618 3835/7619
f 4178/7620 3888/7621 4016/7622
f 3746/7623 1588/7226 3742/7228
f 3899/7624 3898/7625 3712/7626
f 3715/7627 3896/7628 3812/7629
f 1583/7630 1584/7631 3941/7632
f 3807/7633 3808/7634 1568/7635
f 4343/7636 1580/7637 1581/7638
f 1583/7479 3941/7632 3942/7480
f 3715/7627 3812/7629 3811/7639
f 3718/7640 3716/7641 3808/7642
f 1579/7643 4227/7644 4226/7645
f 3808/7642 3716/7641 1567/7539
f 1576/7646 1577/7647 3984/7648
f 3984/7648 3986/7649 1576/7646
f 3896/7650 3718/7651 3717/7652
f 1580/7653 4227/7644 1579/7643
f 3897/7654 3717/7655 3898/7656
f 4227/7657 3939/7658 4224/7659
f 3683/7203 3716/7202 3682/7095
f 1586/7660 3943/7661 1585/7662
f 3714/7093 3682/7095 3715/7663
f 3888/7664 3887/7593 3603/7592
f 3730/7586 3729/7578 3727/7402
f 3810/7199 3811/7665 3600/7200
f 3601/7666 3809/7667 3602/7668
f 3726/7669 3825/7670 3828/7671
f 3897/7672 4026/7673 3896/7674
f 3811/7675 3895/7676 3809/7677
f 3727/7402 3725/7678 3724/7403
f 3714/7093 3599/7679 3598/7613
f 3725/7678 3727/7402 3667/7449
f 3928/7680 3927/7681 3734/7682
f 3805/7683 3712/7684 3807/7685
f 727/7253 3822/7142 3691/7233
f 3714/7093 3715/7663 3810/7686
f 3823/7687 726/7688 725/7689
f 3598/7613 1565/7690 3683/7094
f 4128/7691 4380/7692 3760/7693
f 3675/7694 4173/7695 4175/7696
f 4321/7697 4202/7698 4319/7699
f 1571/7700 3890/7701 1570/7702
f 1574/7703 4024/7704 1573/7705
f 3910/7706 3815/7707 3909/7708
f 3910/7706 4037/7709 3815/7707
f 3893/7710 3803/7711 4025/7712
f 3820/7447 3921/7446 3924/7713
f 1566/7204 3683/7203 1565/7690
f 703/7714 1565/7690 3598/7613
f 3727/7402 3729/7578 3666/7123
f 3728/7715 3927/7716 3929/7717
f 3647/7718 3921/7719 3646/7720
f 3718/7640 3682/7095 3716/7641
f 5101/7721 4506/7722 4918/7723
f 3726/7434 3724/7403 3725/7435
f 4301/7724 3892/7725 4024/7726
f 3890/7596 4199/7595 3803/7727
f 3904/7728 4029/7729 4030/7730
f 3727/7402 3666/7123 3744/7731
f 648/7732 728/7232 3743/7234
f 3728/7715 3929/7717 3933/7733
f 3998/7734 4309/7735 4169/7736
f 5200/7085 5205/7737 5197/7086
f 3666/7123 3745/7602 3744/7731
f 3826/7738 3827/7739 3723/7740
f 3928/7680 3829/7741 3927/7681
f 3731/7577 3735/7569 3729/7578
f 3745/7742 3735/7743 3733/7744
f 4089/7745 3736/7746 5075/7747
f 3735/7569 3736/7194 3733/7744
f 3827/7739 3737/7205 3723/7740
f 3927/7681 3737/7205 3734/7682
f 4379/7748 718/7428 3963/7430
f 4064/7749 4065/7750 3831/7751
f 4230/7752 4234/7753 3739/7754
f 3791/7755 4616/7756 4532/7757
f 4071/7758 4077/7759 4076/7760
f 4072/7761 4074/7762 4076/7763
f 3746/7623 1587/7764 1588/7226
f 3944/7615 4245/7614 3833/7765
f 3743/7131 3742/7603 1589/7227
f 3746/7623 3742/7228 3690/7130
f 648/7732 3743/7234 1589/7227
f 3744/7129 3743/7131 3667/7449
f 3727/7402 3744/7731 3667/7449
f 3735/7125 3745/7742 3666/7123
f 3745/7766 5099/7767 5098/7768
f 3745/7602 3837/7166 3836/7600
f 3836/7769 3746/7623 3690/7130
f 3746/7770 3945/7771 3834/7772
f 4250/7773 4251/7774 3957/7775
f 3700/7776 3970/7777 4284/7778
f 3612/7779 3613/7780 3842/7781
f 3748/7144 3950/7163 3951/7782
f 3749/7132 3614/7134 3750/7445
f 3749/7135 3693/7137 4096/7783
f 3668/7128 3750/7127 3615/7081
f 3749/7135 3750/7445 3694/7136
f 3618/7088 3752/7087 3751/7096
f 3751/7096 3752/7087 3753/7097
f 3845/7089 3618/7088 3619/7784
f 3753/7097 3752/7087 3695/7785
f 3754/7275 3753/7274 3695/7785
f 3693/7137 3694/7136 3753/7097
f 3755/7297 3754/7147 3695/7295
f 3754/7147 3669/7149 4097/7276
f 3845/7089 3695/7785 3752/7087
f 3755/7281 3696/7786 3955/7282
f 3849/7787 3621/7788 3622/7789
f 3846/7790 3696/7786 3755/7281
f 3961/7791 3623/7792 3624/7793
f 4107/7794 4351/7795 4352/7796
f 4664/7797 4906/7798 4595/7799
f 4834/7800 4798/7801 4694/7802
f 4116/7803 4124/7804 4122/7805
f 4117/7806 4120/7807 4122/7808
f 3966/7809 3967/7209 3853/7208
f 3967/7810 4126/7811 4127/7812
f 4744/7813 4745/7814 4782/7815
f 3787/7816 3865/7817 3786/7818
f 3773/7819 3776/7820 3860/7821
f 3765/7277 3701/7279 3764/7308
f 3605/7822 3972/7823 3604/7824
f 3606/7825 3607/7826 4090/7827
f 3765/7327 3764/7308 3600/7328
f 3862/7310 3701/7309 3774/7828
f 3855/7491 3765/7327 3601/7489
f 3855/7491 3975/7829 3765/7327
f 706/7830 3775/7324 3863/7326
f 3702/7831 3768/7832 3772/7833
f 706/7834 705/7317 3771/7330
f 3769/7835 3767/7836 3770/7837
f 3780/7838 3702/7488 3777/7342
f 3783/7345 3784/7347 3782/7839
f 3863/7840 3766/7270 707/7334
f 3767/7836 3785/7841 3770/7837
f 3776/7344 3770/7343 3672/7842
f 3702/7488 3769/7323 3770/7343
f 3774/7500 3771/7499 3673/7307
f 3775/7324 3771/7843 3767/7325
f 3702/7831 3772/7833 3766/7322
f 3772/7833 3768/7832 3864/7844
f 3672/7845 3778/7846 3974/7847
f 3781/7848 3773/7849 3779/7850
f 3673/7307 3598/7302 3862/7519
f 3778/7851 3774/7828 3701/7309
f 3767/7325 3769/7835 3863/7326
f 706/7830 3771/7330 3775/7324
f 3860/7852 3672/7853 3859/7854
f 3776/7820 3773/7819 3777/7342
f 3779/7850 3773/7849 5095/7855
f 3702/7488 3780/7838 3768/7832
f 3974/7278 3778/7846 3701/7279
f 3672/7842 3770/7343 3785/7841
f 4524/7335 4453/7337 4393/7856
f 3777/7342 3781/7857 3780/7838
f 3777/7342 3773/7819 3781/7857
f 3782/7858 3780/7838 3781/7857
f 4528/7859 3781/7848 3779/7850
f 3782/7858 3781/7857 3699/7860
f 3783/7345 3782/7839 3699/7860
f 3768/7832 3780/7838 3782/7858
f 3783/7345 3699/7860 3978/7861
f 3786/7376 3784/7354 3761/7346
f 3864/7356 710/7355 709/7862
f 3784/7347 3864/7356 3782/7839
f 3788/7498 3767/7325 3771/7499
f 3672/7845 3785/7841 3778/7846
f 3786/7818 3761/7346 3787/7816
f 710/7355 3786/7376 711/7863
f 3868/7864 3869/7865 3977/7866
f 4782/7815 3866/7867 4744/7813
f 3778/7851 3788/7439 3774/7828
f 3767/7836 3788/7498 3785/7841
f 3981/7494 3870/7493 3980/7868
f 4328/7869 3924/7870 4211/7871
f 4155/7872 4151/7873 4154/7874
f 4485/7875 4552/7876 4161/7877
f 4296/7878 3984/7879 3985/7880
f 4484/7881 4474/7882 4300/7883
f 3987/7884 3874/7503 3658/7502
f 3874/7370 4159/7885 3876/7371
f 3993/7886 3877/7564 3611/7563
f 3885/7887 4000/7888 4005/7889
f 4010/7890 4014/7891 4013/7892
f 3996/7893 4001/7894 4002/7895
f 3605/7896 4316/7897 4193/7898
f 4192/7899 4196/7900 3795/7901
f 3881/7427 3708/7114 3676/7425
f 3792/7902 3874/7588 4158/7587
f 3679/7115 3797/7533 3662/7102
f 3796/7529 3797/7531 3708/7114
f 4005/7903 3706/7904 4007/7905
f 3881/7427 3884/7906 3708/7114
f 3800/7553 3799/7381 3614/7554
f 3799/7907 3709/7404 3882/7406
f 3801/7175 3800/7174 3613/7420
f 3799/7907 3800/7553 3709/7404
f 3877/7564 3801/7419 3612/7565
f 3886/7908 3999/7909 3885/7910
f 3602/7668 3809/7667 4015/7911
f 3889/7585 3887/7584 4190/7912
f 4021/7913 3890/7701 1571/7700
f 3803/7711 3893/7710 3806/7914
f 4197/7915 4198/7916 4022/7917
f 4470/7918 4146/7919 4295/7920
f 1569/7921 1570/7922 3894/7923
f 3712/7684 3898/7625 3807/7685
f 3712/7684 3805/7683 3806/7924
f 3805/7547 1569/7549 3894/7923
f 3717/7652 3718/7651 3808/7642
f 1568/7635 3805/7547 3807/7633
f 1568/7635 3808/7634 1567/7539
f 3808/7642 3807/7633 3717/7652
f 3811/7665 3601/7925 3600/7200
f 4178/7926 4017/7091 4177/7090
f 3714/7093 3810/7686 3599/7679
f 3811/7639 3810/7199 3715/7627
f 3715/7663 3682/7095 3896/7628
f 3809/7677 3601/7666 3811/7675
f 3902/7927 4026/7604 3901/7606
f 3809/7677 3895/7676 3713/7608
f 3903/7928 4029/7929 3906/7930
f 4443/7931 4280/7932 4279/7933
f 4387/7934 3814/7935 4388/7936
f 4791/7937 4792/7938 4794/7939
f 4036/7940 3639/7941 3640/7942
f 4044/7943 3911/7944 3815/7945
f 3642/7221 3912/7223 3916/7260
f 4826/7946 4041/7947 4908/7948
f 3817/7949 4046/7950 4047/7951
f 3906/7930 3813/7952 3903/7928
f 3819/7953 4053/7954 4054/7955
f 4909/7956 4914/7957 4882/7958
f 4916/7959 4048/7960 5101/7961
f 3818/7962 3912/7963 3915/7964
f 3921/7446 4056/7965 3924/7713
f 4326/7966 4058/7967 4209/7968
f 723/7190 3935/7189 3937/7411
f 3734/7682 3737/7205 3827/7739
f 3823/7162 3822/7161 726/7688
f 3691/7233 3822/7142 3726/7434
f 725/7689 3824/7408 3823/7687
f 3823/7407 3826/7409 3825/7969
f 724/7442 3824/7441 725/7689
f 3826/7409 3824/7408 3821/7970
f 3723/7207 3732/7206 3828/7582
f 3726/7669 3823/7162 3825/7670
f 3821/7970 4061/7971 3826/7409
f 3723/7740 3825/7969 3826/7738
f 3937/7972 4060/7973 4061/7974
f 3827/7975 3926/7976 3925/7977
f 3726/7434 3828/7671 3724/7403
f 3723/7740 3828/7582 3825/7969
f 4654/7978 4772/7979 4737/7980
f 3932/7981 3665/7193 3731/7192
f 3936/7982 722/7983 721/7984
f 3926/7391 4060/7985 3738/7389
f 719/7986 4272/7987 4066/7988
f 4214/7989 4223/7990 4219/7991
f 3942/7480 4229/7992 1582/7481
f 4618/7993 4471/7994 4616/7995
f 1585/7662 3943/7661 3944/7996
f 4070/7997 3942/7998 3833/7999
f 3746/7770 3834/7772 1587/7764
f 3835/7619 3834/7618 3741/8000
f 4081/8001 4083/8002 3838/8003
f 1585/7662 3944/7996 1584/8004
f 3744/7601 3836/7600 3690/7130
f 5098/7768 3837/7166 3745/7766
f 3689/8005 3838/8006 3837/8007
f 3837/7166 3838/8006 3945/7164
f 3838/8006 3689/8005 4081/8001
f 3945/7164 3838/8006 3741/8008
f 3952/8009 4357/8010 4360/8011
f 3858/8012 4389/8013 4285/8014
f 4099/8015 3954/8016 3611/8017
f 3840/8018 3953/8019 4092/8020
f 3842/7781 3841/7145 3612/7779
f 4099/8021 3841/7145 3748/7144
f 3749/7132 3842/7781 3613/7133
f 4097/7255 3949/7254 4096/7265
f 4098/8022 3843/8023 4252/8024
f 3953/8019 3747/8025 4092/8020
f 3619/8026 3620/8027 3844/8028
f 3844/8028 3620/8027 3848/7099
f 3619/7784 3844/8028 3845/7089
f 3695/7785 3845/7089 3844/7296
f 3696/7786 3846/7790 3756/7122
f 3755/7297 3844/7296 3846/7790
f 4254/8029 4352/7796 4351/7795
f 3747/8025 3953/8019 4098/8030
f 3849/7304 3848/7475 3621/7788
f 3844/7121 3848/7099 3756/7122
f 3623/8031 3960/8032 4108/8033
f 3756/7306 3958/7305 3696/7786
f 4109/8034 3624/8035 3625/8036
f 4103/7251 4269/8037 4105/7252
f 3965/7366 4274/8038 716/7368
f 4111/8039 4270/8040 4376/8041
f 4118/8042 4114/8043 4115/8044
f 4112/8045 3965/8046 3852/8047
f 4126/8048 3626/8049 3627/8050
f 4110/8051 3962/8052 3853/8053
f 4129/8054 3628/8055 3629/8056
f 4280/7932 4443/7931 4445/8057
f 3855/7491 3602/7490 3969/7288
f 3855/7292 3762/7294 3975/7829
f 3856/8058 3969/8059 3857/8060
f 3970/7320 3856/7319 3763/8061
f 3857/7332 3604/7331 3972/7823
f 3856/7319 3857/8060 3763/8061
f 3973/8062 3605/8063 3606/8064
f 4285/8014 4389/8013 4283/8065
f 3762/8066 3971/8067 3861/8068
f 3860/7821 3776/7820 3672/7853
f 3859/8069 3975/8070 3861/8071
f 3860/7523 3859/7854 3861/7524
f 4132/8072 3861/8073 3700/8074
f 5096/8075 5095/7855 3773/7849
f 3764/7308 3862/7310 3599/7285
f 3673/7307 3862/7519 3774/7500
f 3766/7270 3863/7840 3769/7323
f 706/7830 3863/7326 707/7334
f 3772/7833 3864/7844 709/7357
f 3782/7839 3864/7356 3768/7832
f 3786/7818 3865/7817 711/7863
f 3867/7177 3865/7179 3787/7316
f 3977/8076 3761/8077 3978/8078
f 4466/8079 3978/7861 3699/7860
f 3977/8076 3787/7816 3761/8077
f 4115/8044 4114/8043 3852/8080
f 4781/8081 4745/8082 4746/8083
f 4815/8084 4784/8085 3759/8086
f 3977/7866 3869/7865 3787/7816
f 4114/8087 3869/7865 3868/7864
f 4134/8088 3650/8089 3651/8090
f 4059/8091 3922/7472 4057/7474
f 4140/8092 3652/8093 3653/8094
f 4138/8095 4734/8096 4767/8097
f 3990/7518 3992/8098 3656/7516
f 4160/8099 4166/8100 4163/8101
f 3985/8102 1577/8103 1578/8104
f 4146/8105 3986/8106 4298/8107
f 3987/7884 3658/7502 3659/8108
f 3792/7902 4159/7885 3874/7588
f 3988/8109 3659/8110 3660/8111
f 3884/7906 3796/7529 3708/7114
f 4157/8112 3991/8113 4159/8114
f 3983/8115 3992/8116 4163/8117
f 3993/7886 3611/7563 3610/8118
f 3877/8119 3793/8120 3999/8121
f 3994/8122 3610/8123 3609/8124
f 3878/7566 3994/7568 3996/8125
f 3607/7557 3880/7559 4305/8126
f 3996/8127 3997/8128 3995/8129
f 4316/7897 4020/8130 4193/7898
f 4192/8131 4167/8132 3880/8133
f 3676/7382 3799/7381 3882/7426
f 3881/8134 3798/8135 3883/8136
f 3801/8137 3999/7909 3886/7908
f 3798/8135 3881/8134 3882/7426
f 3885/7887 4005/7889 3798/8138
f 3988/8139 3796/8140 4147/8141
f 3881/7427 3883/8136 3884/7906
f 3796/7529 3884/7906 3883/8136
f 3885/7910 3999/7909 4000/7888
f 3886/7405 3798/8135 3882/7406
f 3801/7175 3886/7908 3709/7173
f 3798/8138 3886/7405 3885/7887
f 3602/7668 4015/7911 3603/8142
f 3802/8143 4190/7912 3887/7584
f 3713/7608 4016/8144 3809/7677
f 3802/8143 3887/7584 3888/7664
f 4177/8145 4019/8146 4190/8147
f 4192/8131 3795/7901 4167/8132
f 4021/7913 1571/7700 1572/8148
f 3806/7914 3890/7599 3803/7711
f 4022/8149 1572/8150 1573/8151
f 4025/7712 3711/8152 3893/7710
f 4302/8153 3986/8106 4146/8105
f 1575/8154 1576/7646 3986/7649
f 4028/8155 3899/8156 4315/8157
f 3893/8158 3899/8159 3900/8160
f 3890/7599 3894/7598 1570/7702
f 3805/7683 3894/7923 3806/7924
f 3811/7639 3812/7629 3895/7676
f 3902/7607 3895/7609 3812/7629
f 3718/7640 3896/7650 3682/7095
f 3897/7672 3896/7674 3717/7655
f 3717/7652 3807/7633 3898/7656
f 4026/7673 3897/7672 3681/8161
f 3712/7626 3900/8160 3899/7624
f 3681/8161 3897/7672 3898/7656
f 4184/8162 4188/8163 3711/8164
f 4186/8165 4554/8166 4185/8167
f 3712/7684 3806/7924 3900/8160
f 3893/8158 3900/8160 3806/7914
f 3681/8161 3898/7656 4028/8168
f 4187/8169 4017/8170 4179/8171
f 4026/7604 3902/7927 3812/7629
f 3713/7608 3902/7607 3901/7606
f 4029/8172 3634/8173 3635/8174
f 3908/8175 3907/7212 3903/7211
f 4030/8176 3635/8177 3636/8178
f 3904/7217 4030/7730 4032/7215
f 4203/8179 4204/8180 4205/8181
f 4129/8182 4130/8183 3968/8184
f 4029/7929 3903/7928 3634/8173
f 3906/8185 3904/7217 4319/7216
f 3908/8175 3903/7211 3813/7952
f 3632/7224 3907/7212 3905/7198
f 4205/8186 3719/8187 4604/8188
f 3905/7198 3907/7212 3908/8175
f 3909/7229 3639/7231 4036/7940
f 3911/7944 3909/7244 3815/7945
f 3641/7261 3916/7260 4040/8189
f 3815/7707 4037/7709 3720/7454
f 4044/7943 3815/7945 3720/7454
f 4031/8190 4030/8176 3636/8178
f 3644/8191 3919/8192 3915/8193
f 5196/8194 3916/8195 3818/8196
f 3643/7222 3915/7964 3912/7223
f 3819/8197 3919/8198 3917/8199
f 3914/8200 3916/8195 5196/8194
f 3816/7238 4038/8201 4039/7239
f 3644/8191 3915/8193 3643/7222
f 3818/7450 3915/7964 3913/7451
f 3818/7962 3916/8195 3912/7963
f 3916/7260 3914/8200 4040/8189
f 3920/8202 3645/8203 3923/8204
f 3919/8198 3819/8197 3913/8205
f 3917/8199 3920/8206 3819/8197
f 3920/8202 3917/8199 3645/8203
f 3915/7964 3919/8192 3913/7451
f 3644/8191 3917/7248 3919/8192
f 3923/8204 3645/8203 3646/8207
f 3920/8208 3918/8209 4051/8210
f 4056/8211 3647/8212 3648/8213
f 3923/7448 3820/7447 3918/7541
f 4057/8214 3648/8215 3649/8216
f 4057/7474 4209/8217 4059/8091
f 3920/8208 3923/8204 3918/8209
f 3646/8207 3921/7719 3923/8204
f 4056/7965 3921/7446 3647/8212
f 4211/7871 3924/7870 3922/8218
f 3734/7423 3827/7739 3925/7424
f 3827/7975 4060/7985 3926/7976
f 4221/8219 4219/8220 4215/8221
f 3925/7977 3926/7976 4813/8222
f 3929/7717 3927/7716 3829/7741
f 3730/7257 3927/7259 3728/7576
f 3734/7423 3687/7422 3928/7680
f 4651/8223 3928/7680 3687/7422
f 3931/8224 3929/7717 3829/7741
f 3931/8224 3933/7733 3929/7717
f 4651/8223 3687/7422 4768/8225
f 5051/8226 5049/8227 3930/8228
f 4651/8229 4650/8230 3829/8231
f 5057/8232 3934/8233 5054/8234
f 3932/7981 3731/7192 3728/7576
f 3932/8235 3933/8236 3934/8237
f 3934/8237 3933/8236 3931/8224
f 3728/7576 3933/7733 3932/7981
f 3931/8224 3930/8238 3934/8237
f 3930/8228 5049/8227 5056/8239
f 3936/7982 3935/7417 722/7983
f 3937/7411 3935/7189 3830/7416
f 4066/8240 4213/8241 720/8242
f 4062/7394 4063/7393 3738/8243
f 4062/8244 4060/7973 3937/7972
f 3821/8245 4068/8246 3937/8247
f 4379/8248 4111/8249 4272/8250
f 4378/8251 4441/8252 4376/8253
f 3942/7480 4074/8254 4229/7992
f 4228/8255 4224/7659 3939/7658
f 4341/8256 4338/8257 3940/8258
f 4295/8259 4296/8260 4145/8261
f 3944/7996 3941/7632 1584/8004
f 3942/7998 3941/7632 3833/7999
f 4070/7997 3833/7999 3740/8262
f 1582/7481 4229/7992 1581/8263
f 3834/7610 3943/7617 1586/7611
f 3944/7996 3943/7661 3835/7619
f 4083/8264 4246/8265 3835/8266
f 3941/7632 3944/7996 3833/7999
f 3834/7618 3945/7771 3741/8000
f 3836/7769 3945/7164 3746/7623
f 4133/8267 4449/8268 4390/8269
f 3973/8270 3858/8271 3972/8272
f 3840/7155 4249/8273 3609/7153
f 3947/8274 4094/8275 4091/8276
f 3747/8277 5100/8278 4248/8279
f 4094/8275 3839/8280 4091/8276
f 3956/8281 3957/8282 4100/8283
f 3950/7163 3692/8284 3951/7782
f 4096/7265 3950/7264 3842/7146
f 4102/8285 3950/7264 3949/7263
f 3951/7782 3692/8284 4252/8286
f 4099/8015 3843/7150 3954/8016
f 4250/7773 4101/8287 4251/7774
f 3839/8280 4094/8275 4248/8288
f 3954/7159 3953/8019 3840/7155
f 4098/8030 3953/8019 3843/8023
f 3611/8017 3954/8016 3610/7154
f 3953/8019 3954/7159 3843/8023
f 4258/8289 3696/8290 4256/8291
f 3956/7280 3955/7282 3847/8292
f 3956/7280 3847/8292 3957/8282
f 3755/7148 3956/7280 3669/7149
f 3957/7775 3847/8292 4250/7773
f 3950/7163 4102/8285 3692/8284
f 3849/7304 3959/8293 3958/7305
f 3959/8294 4255/8295 4259/8296
f 3622/7789 4108/8297 3849/7787
f 3959/7105 3757/7107 4255/8295
f 3959/8293 3849/7304 4108/8297
f 3961/7791 3960/8032 3623/7792
f 3961/7791 3624/7793 4109/8034
f 3960/7110 3961/7791 3850/7108
f 3962/8298 4109/8299 3966/8300
f 4110/8051 3853/8053 4267/8301
f 3965/7366 4120/8302 4274/8038
f 3963/8303 4273/8304 4270/8305
f 3964/7365 714/7372 4115/8306
f 3965/7366 3964/7365 3852/8047
f 4112/8045 3852/8047 4113/8307
f 716/7368 4274/8038 717/8308
f 3966/7168 3626/7167 4126/8048
f 3962/8298 3966/8300 3853/8053
f 4127/8309 3627/8310 3628/8311
f 4128/7691 3760/7693 4267/8312
f 3630/8313 4278/8314 3629/8315
f 4130/8316 4278/8317 4131/8318
f 3857/8060 3969/8059 3603/7333
f 3855/7491 3969/7288 3856/7293
f 4284/8319 3763/8320 4285/8321
f 3971/7318 3970/7320 3700/7776
f 3861/8068 3971/8067 3700/8074
f 3856/7293 3971/7318 3762/7294
f 3973/8270 3972/8272 3605/8063
f 3857/7332 3972/7823 3858/7338
f 4090/7827 3973/8062 3606/7825
f 4390/8322 4283/8065 4389/8013
f 3975/7829 3974/7278 3765/7327
f 3672/7845 3974/7847 3859/7854
f 3861/8068 3975/8070 3762/8066
f 3974/7278 3975/7829 3859/7854
f 3970/7777 3763/8061 4284/7778
f 4093/8323 4369/8324 4436/8325
f 3761/7346 3783/7345 3978/8078
f 4781/8326 3979/8327 3866/8328
f 4525/8329 4465/8330 4528/8331
f 3978/8332 4531/8333 3979/8334
f 3868/7864 3977/7866 3979/8335
f 3978/8078 3979/8334 3977/8076
f 3980/7515 3650/7514 4134/8088
f 4057/8336 3980/7868 3870/7493
f 4135/8337 3651/8338 3652/8339
f 4136/7362 3789/7364 4209/8340
f 3983/8341 3872/8342 4144/8343
f 3872/8344 4394/8345 4142/8346
f 3992/8098 3655/8347 3656/7516
f 4144/8343 3872/8342 4142/8346
f 3985/7880 3984/7879 1577/8103
f 3984/8348 3873/8349 4298/8350
f 4342/8351 1579/7643 4226/7645
f 4295/8259 4145/8261 3791/8352
f 4295/7920 4146/7919 4298/8107
f 4301/7724 4300/8353 3892/7725
f 3988/8109 3987/7512 3659/8110
f 3874/7588 3987/7884 3875/7589
f 3660/8111 3796/7529 3988/8109
f 4147/8141 3796/8140 3883/8136
f 4149/8354 3875/7511 3988/7510
f 4011/8355 4007/8356 4012/8357
f 3874/7370 3990/7369 3657/7501
f 3992/8098 3990/7518 3876/7371
f 4162/8358 3705/8359 4155/8360
f 3876/7371 4160/8361 3992/8098
f 4159/7885 4160/8361 3876/7371
f 4141/8362 3992/8116 3983/8115
f 3994/7568 3993/7567 3610/8123
f 3877/7550 3993/7886 3878/7551
f 3609/7556 3879/7181 3994/8122
f 3879/8363 4169/8364 3997/8365
f 4308/8366 4307/8367 4309/8368
f 3706/7119 4000/8369 4001/7117
f 3997/8128 3996/8127 3994/7568
f 4001/7894 3996/7893 3995/8129
f 3879/7181 3997/8365 3994/8122
f 3997/8370 3794/8371 4307/8372
f 3998/7580 4167/7579 4168/8373
f 4169/8364 3794/8371 3997/8365
f 3877/7564 3999/8121 3801/7419
f 4000/7888 3999/7909 3793/8120
f 4001/7117 4000/8369 3793/8120
f 4005/7903 4000/7888 3706/7904
f 4002/7895 4001/7894 3793/8120
f 4001/7894 3995/8129 4004/7118
f 3877/8119 4002/7552 3793/8120
f 3996/7893 4002/7895 3878/7566
f 4172/8374 4010/7890 4013/7892
f 4013/7892 4014/7891 4008/8375
f 4306/8376 4004/7118 3995/8129
f 3706/7119 4004/7118 4003/8377
f 4008/8378 4007/7905 3706/7904
f 4005/7889 4011/8379 3798/8138
f 4152/8380 4154/7874 4151/7873
f 3883/8136 3798/8135 4011/8379
f 4008/8378 3706/7904 4003/8377
f 4006/8381 4012/8357 4007/8356
f 4008/8375 4003/8377 4013/7892
f 4007/7905 4008/8378 4176/8382
f 3989/7431 4149/8383 4150/7432
f 4158/8384 4149/8383 3989/7431
f 4003/8377 4004/7118 4306/8376
f 4412/8385 4496/8386 4411/8387
f 4007/8356 4011/8355 4005/7903
f 4011/8388 4009/8389 4148/8390
f 4012/8357 4006/8381 4152/8391
f 4011/8388 4012/8357 4009/8389
f 4003/8377 4306/8376 4172/8392
f 4014/7891 4010/7890 4173/8393
f 4156/8394 4153/8395 4154/8396
f 4176/8397 4014/8398 4303/8399
f 4016/8144 4015/7911 3809/7677
f 3603/7592 4015/7911 3888/7664
f 3713/7608 4017/8400 4016/8144
f 4015/7911 4016/8144 3888/7664
f 3901/7606 4179/8401 3713/7608
f 3713/7608 4179/8401 4017/8400
f 3887/7593 4018/7583 3604/7591
f 4316/8402 4018/7583 3889/7585
f 4404/8403 4401/8404 4317/8405
f 4196/8406 4020/8407 4194/8408
f 3606/7558 4193/8409 3880/7559
f 4020/8407 4316/7897 4194/8408
f 4022/8149 4021/7534 1572/8150
f 3890/7596 4021/7913 3891/7594
f 4024/7704 4022/8149 1573/7705
f 4197/7915 4022/7917 3892/8410
f 4023/8411 4199/8412 4198/8413
f 4476/8414 4478/8415 4473/8416
f 4024/7704 1574/7703 4301/7724
f 4022/8149 4024/7704 3892/8410
f 4199/7595 4025/7712 3803/7727
f 4023/8417 3711/8152 4025/7712
f 3896/7628 4026/7673 3812/7629
f 4200/7605 4026/7604 3681/8161
f 4399/8418 4183/8419 4184/8420
f 4185/8421 4189/8422 4180/8423
f 3899/7624 4028/8155 3898/7625
f 4200/8424 4028/8425 4027/8426
f 4030/7730 4029/7729 3635/8177
f 3906/8185 4029/7929 3904/7217
f 3636/8178 3637/7218 4031/8190
f 4030/7730 4201/8427 4032/7215
f 4046/8428 4031/8429 3911/8430
f 4201/8427 3817/8431 4032/7215
f 4320/8432 4323/8433 4325/8434
f 4202/8435 3813/7952 3906/7930
f 3905/7198 4035/8436 4033/7196
f 4033/7196 4131/8437 3631/7197
f 4206/8438 3905/8439 4204/8440
f 4515/8441 4516/8442 4447/8443
f 3908/8175 4204/8440 3905/7198
f 4282/8444 4386/8445 4279/8446
f 4208/8447 4036/7940 3640/7942
f 3909/7229 4036/7940 3910/7706
f 3910/7706 4038/8448 4037/7709
f 4037/7709 4038/8448 4042/7456
f 4036/7940 4208/8447 3910/7706
f 3816/8449 4909/8450 4042/8451
f 4208/8447 4038/8448 3910/7706
f 4208/8452 3641/7261 4040/8189
f 3914/8200 4039/7239 4040/8189
f 4040/8189 4039/7239 4208/8452
f 4909/7956 4913/8453 4914/7957
f 4827/8454 4801/8455 4824/8456
f 3816/8449 4042/8451 4038/8201
f 4042/8457 4041/8458 4825/8459
f 3909/7229 4043/7246 3638/7230
f 4031/8429 4043/7219 3911/8430
f 4047/8460 3720/8461 4045/8462
f 4046/7950 4044/8463 4047/7951
f 4824/8456 4801/8455 4823/8464
f 3684/8465 4694/8466 4693/8467
f 4031/8429 4046/8428 3817/7949
f 3911/8430 4044/7943 4046/8428
f 3720/8461 4047/8460 4044/7943
f 4047/8460 4045/8462 4325/8468
f 4050/7457 3819/8469 4051/7458
f 4053/8470 4052/8471 4048/8472
f 3820/7447 3924/7713 4328/7869
f 4049/7459 3722/8473 4050/7457
f 4055/8474 4050/7457 3722/8473
f 4054/7955 4053/7954 4048/8472
f 3920/8208 4051/8210 3819/8197
f 4049/7459 4051/7458 3918/7541
f 4334/8475 4055/8474 3722/8473
f 4055/8476 4503/8477 4052/8478
f 3819/8469 4050/7457 4053/7954
f 4053/7954 4050/7457 4055/8474
f 3818/7450 4054/7452 4048/8472
f 3819/7953 4054/7955 3913/8205
f 3722/8473 4417/8479 4334/8475
f 4053/7954 4055/8474 4052/8471
f 4057/7474 4056/7473 3648/8215
f 3924/7713 4056/7965 3922/8218
f 3980/7868 4057/8336 3649/7513
f 3870/7493 4136/7492 4209/8340
f 4765/8480 4728/8481 4729/8482
f 4059/8091 4211/7871 3922/7472
f 4209/8340 4057/7474 3870/7493
f 4211/7871 4059/8091 4058/8483
f 4061/7974 4060/7973 3827/7975
f 4062/7394 3937/7972 3830/7392
f 3826/7738 4061/7971 3827/7739
f 3937/7972 4061/7974 3821/8245
f 4063/7393 3830/7392 3936/7418
f 3738/8243 4060/7985 4062/7394
f 3936/7418 4064/8484 4063/7393
f 4215/8485 4218/8486 4216/8487
f 721/7984 4213/8488 3936/7982
f 4217/8489 4064/7749 3831/7751
f 4064/8484 3936/7418 4213/8488
f 4065/8490 4213/8241 4066/8240
f 719/7986 4066/7988 720/8242
f 3938/7385 4065/7384 4066/8240
f 4337/8491 4570/8492 4569/8493
f 3931/8224 4649/8494 3930/8238
f 3824/7441 4068/7440 3821/7970
f 724/7412 3937/7411 4068/7440
f 4338/8495 4069/8496 4340/8497
f 4341/8498 4226/7645 4227/7644
f 4070/7997 3740/8262 4073/8499
f 4228/8255 3832/8500 4224/7659
f 4079/8501 4073/8499 3740/8262
f 4344/8502 4231/8503 4071/8504
f 3942/7998 4070/7997 4074/8254
f 4076/7763 4074/7762 4070/7997
f 4079/7140 3740/8262 4082/7138
f 4073/8505 4071/7758 4076/7760
f 4076/7763 4070/7997 4073/8505
f 4229/7992 4074/8254 4072/7761
f 4230/7752 3739/7754 4077/8506
f 4079/8501 4344/8507 4073/8499
f 4071/7758 4230/7752 4077/7759
f 4228/8255 4078/8508 3832/8500
f 4339/8509 4077/8506 3739/7754
f 4077/8510 4340/8511 4078/8512
f 4072/7761 4076/7763 4078/8513
f 4077/7759 4078/8512 4076/7760
f 4245/8514 4080/8515 4247/8516
f 4079/8501 4075/7139 4344/8507
f 3838/8006 4083/8002 3741/8008
f 4081/8517 4086/8518 4085/8519
f 4080/8520 4085/8521 4082/8522
f 4083/8002 4081/8001 4080/8523
f 4085/8521 4080/8520 4081/8517
f 4240/8524 4244/8525 3688/8526
f 4080/8515 4245/8514 4246/7616
f 3741/8000 4083/8002 3835/7619
f 5098/8527 5202/8528 3689/8529
f 5202/8530 5201/8531 4084/8532
f 4086/8518 4081/8517 3689/8005
f 4085/8533 4084/8534 5097/8535
f 5098/8527 4087/8536 5202/8528
f 4084/8534 4085/8533 4086/8518
f 4089/7745 3733/7744 3736/7746
f 5205/8537 5206/8538 4088/8539
f 5056/8540 5052/8541 5054/8542
f 5004/8543 5110/8544 5027/8545
f 5075/7747 3736/7746 3665/7193
f 5099/8546 3733/8547 5206/8548
f 3947/7269 4090/7268 3607/7266
f 4090/7268 3946/7267 4521/8549
f 4452/8550 4390/8322 4389/8013
f 3946/7267 3947/7269 4091/8276
f 4248/8279 4092/8020 3747/8277
f 4249/7156 3948/7158 4095/8551
f 4101/8552 4354/8553 4355/8554
f 4291/8555 4364/8556 4288/8557
f 4095/7186 4094/8275 3947/7187
f 4248/8288 4094/8275 3948/8558
f 3609/8559 4095/7186 3608/7188
f 4094/8275 4095/7186 3948/8558
f 3749/7132 4096/7783 3842/7781
f 4097/7255 4096/7265 3693/7137
f 4097/7276 3693/7137 3753/7274
f 4100/7256 4097/7255 3669/7149
f 3843/8023 3951/7152 4252/8024
f 4360/8011 4098/8560 3952/8009
f 3841/7461 4099/8021 3611/7462
f 3951/7782 4099/7151 3748/7144
f 3956/8281 4100/8283 3669/7149
f 4102/8561 4100/8283 3957/8282
f 3696/7786 3958/7305 4259/8562
f 4260/8563 4266/8564 4257/8565
f 4100/7256 4102/8561 3949/7254
f 4251/7774 4102/8561 3957/7775
f 4110/8051 4269/8566 3962/8052
f 3757/7107 3960/7106 4103/7251
f 4277/8567 4748/8568 4380/8569
f 4104/8570 4107/8571 4105/8572
f 4269/8037 4103/7251 3850/7108
f 4107/8573 4345/8574 4346/8575
f 4349/8576 4263/8577 4264/8578
f 4250/7773 3847/8292 4257/8579
f 4345/8574 4107/8573 4104/8570
f 4107/7794 4106/8580 4351/7795
f 3623/8031 4108/8033 3622/7789
f 3959/7105 4108/8297 3960/7106
f 3966/7168 4109/8299 3625/7169
f 3961/7290 4109/8034 3962/7291
f 4268/8581 4110/8582 3760/8583
f 4269/8566 4110/8051 4104/8584
f 4376/8585 3851/8586 4377/8587
f 4111/8249 4441/8588 4272/8250
f 4112/8589 3759/8590 4119/8591
f 4273/8304 3851/8592 4270/8305
f 3852/8080 4114/8043 4815/8593
f 3759/8590 4112/8589 4113/8307
f 3852/8080 3964/7365 4115/8044
f 3869/7314 4114/8087 3867/7315
f 713/8594 4118/8595 714/8596
f 3867/7177 4118/8595 713/7361
f 4123/8597 4119/8591 3759/8590
f 5135/8598 5140/8599 5131/8600
f 3965/7366 4112/8045 4120/8302
f 4122/7808 4120/7807 4112/8045
f 4114/8043 4118/8042 3867/7315
f 714/7372 4118/8595 4115/8306
f 4780/8601 4745/8602 3697/8603
f 4119/8604 4116/7803 4122/7805
f 4122/7805 4112/8045 4119/8604
f 4274/8038 4120/8302 4117/7806
f 5131/8605 5132/8606 5128/8607
f 4123/8597 5126/8608 4119/8591
f 5122/8609 5124/8610 4116/8611
f 4273/8304 4125/8612 3851/8592
f 3759/8590 4784/8085 4123/8597
f 5128/8613 5126/8614 4121/8615
f 3758/8616 4424/8617 4377/8618
f 4124/8619 4377/8620 4125/8621
f 4117/7806 4122/7808 4125/8622
f 4124/7804 4125/8621 4122/7805
f 4127/7812 4126/7811 3627/8310
f 3966/7809 4126/8048 3967/7209
f 4129/8054 4127/8309 3628/8055
f 4275/7469 4127/7471 3968/8623
f 4276/8624 4128/7210 3967/7209
f 4381/8625 4277/8567 4380/8569
f 4129/8054 3629/8056 4278/8314
f 4127/8309 4129/8054 3968/8623
f 3630/8626 3631/7197 4131/8437
f 4382/8627 4282/8444 4279/8446
f 4033/7196 4281/8628 4131/8437
f 4282/8444 4385/8629 4386/8445
f 4287/8630 4132/8072 3700/8074
f 5096/7351 4132/8631 3976/7352
f 4357/8010 3952/8009 4251/8632
f 4456/8633 4461/8634 4457/8635
f 4135/8337 4134/7348 3651/8338
f 3980/7515 4134/8088 3981/7494
f 4140/8092 4135/8337 3652/8093
f 4292/7487 4135/7486 3982/8636
f 3981/7494 4137/8637 4136/7492
f 4136/7362 4137/8637 4139/7363
f 4135/7349 4137/7485 3981/7350
f 3871/8638 4469/8639 4139/8640
f 4468/8641 4294/8642 4467/8643
f 4729/8644 4727/8645 4210/8646
f 3871/8638 4139/8640 4137/8637
f 4139/8647 4138/8648 4765/8649
f 4143/8650 4140/8092 3653/8094
f 4135/7486 4140/8092 3982/8636
f 3992/8098 4141/8362 3655/8347
f 4141/8362 3983/8115 4144/7504
f 4488/8651 3872/8652 4166/8653
f 3982/8636 4140/8092 4143/8650
f 3654/8654 4143/8650 3653/8094
f 4143/8655 4142/8656 4395/8657
f 4142/8346 4143/8655 4144/8343
f 4144/7504 4143/8655 3654/7505
f 4297/8658 4145/8261 4296/8260
f 4537/8659 4145/8261 4297/8658
f 4542/8660 4538/8661 4299/8662
f 4146/8105 4300/8663 4302/8153
f 3883/8136 4148/8664 4147/8141
f 4150/8665 4148/8390 4009/8389
f 4011/8388 4148/8390 3883/8136
f 4150/8665 4149/8383 4148/8390
f 3988/7510 4147/8141 4149/8354
f 4148/8664 4149/8383 4147/8141
f 4152/8391 4009/8389 4012/8357
f 3989/7431 4151/7433 3705/7399
f 4150/7432 4152/8380 4151/7433
f 3675/8666 4548/8667 4549/8668
f 4152/8380 4150/7432 4009/8389
f 4154/8396 4153/8395 4155/7872
f 4623/8669 4622/8670 4175/8671
f 4293/7496 4394/7495 4488/8672
f 4152/8380 4006/8381 4154/7874
f 4006/8673 4176/8397 4303/8399
f 4165/8674 4161/8675 4164/8676
f 4151/7873 4155/7872 3705/7399
f 4303/8399 4154/7874 4006/8673
f 4014/8677 3675/8678 4156/8679
f 3991/8113 4157/8112 3705/7399
f 4158/7587 4157/8680 3792/7902
f 4149/8354 4158/8384 3875/7511
f 4157/7400 4158/7587 3989/7398
f 4157/8112 4159/8114 3792/7902
f 4160/8361 4159/7885 3991/8113
f 4164/8681 4160/8361 3991/8113
f 4164/8681 4166/8100 4160/8361
f 3705/8359 4162/8358 4165/8682
f 4485/7875 4398/8683 4552/7876
f 4153/8395 4547/8684 4155/7872
f 4485/7875 4546/8685 4398/8683
f 3983/8115 4163/8117 3872/8342
f 3992/8116 4160/8361 4163/8117
f 4165/8674 4164/8676 3991/8113
f 4164/8676 4161/8675 4166/8100
f 3705/7399 4165/8682 3991/8113
f 4165/8682 4162/8358 4485/8686
f 4161/7877 4552/7876 4488/8687
f 4163/8117 4166/8100 3872/8342
f 4168/8373 4167/7579 3795/7901
f 4305/7581 3998/7580 4170/8688
f 4415/8689 4195/8690 4318/8691
f 4414/8692 4308/8693 4168/8694
f 4170/7180 4169/8364 3879/7181
f 4309/7735 3998/7734 4168/8373
f 3607/8695 4170/7180 3608/7182
f 4169/7736 4170/7180 3998/7734
f 4306/8696 4307/8697 4171/8698
f 4411/8699 4410/8700 4174/8701
f 4003/8377 4172/8392 4013/7892
f 4411/8702 4175/8703 4413/8704
f 4496/8705 4494/8706 4495/8707
f 3675/7694 4014/8677 4173/7695
f 4314/8708 3680/8709 4311/8710
f 4761/8711 4871/8712 4873/8713
f 4413/8714 4173/8393 4010/7890
f 4625/8715 4543/8716 4486/8717
f 4007/8356 4176/8382 4006/8381
f 4008/8375 4014/7891 4176/8382
f 4177/7090 3710/7092 4402/8718
f 4178/7620 3802/8143 3888/7621
f 4017/7091 4178/7926 4016/8144
f 3802/8143 4178/7620 4177/7090
f 4180/8719 3901/7606 4200/7605
f 4179/8401 3901/7606 4180/8719
f 4183/8720 4180/8721 4027/8722
f 3710/7092 4017/7091 4187/8169
f 4310/8723 4399/8724 3711/8725
f 4183/8419 4399/8418 4181/8726
f 4180/8721 4183/8720 4185/8421
f 3680/8727 4855/8728 4866/8729
f 4183/8419 4315/8730 4184/8420
f 4185/8421 4183/8720 4181/8726
f 4315/8730 4183/8419 4027/8722
f 3893/8158 4188/8731 3899/8159
f 4186/8165 4185/8167 4181/7375
f 4182/8732 4187/8733 4189/8734
f 4181/7375 4399/8418 4311/7373
f 3680/8735 4492/8736 4554/8737
f 4189/8422 4179/8401 4180/8423
f 4187/8733 4182/8732 4491/8738
f 3711/8164 4188/8163 3893/7710
f 4315/8730 4188/8163 4184/8420
f 4182/8732 4189/8734 4185/8421
f 4179/8171 4189/8422 4187/8169
f 4177/7090 4190/8147 3802/8143
f 4194/8739 4190/8147 4019/8146
f 4402/8740 4490/8741 4317/8742
f 4313/8743 4889/8744 4855/8745
f 4193/8409 4192/8131 3880/7559
f 4196/8406 4192/7899 4020/8407
f 3605/7896 4193/7898 3606/7558
f 4192/7899 4193/8409 4020/8407
f 4190/8147 4194/8739 3889/7585
f 4196/8406 4194/8408 4401/8746
f 4401/8404 4402/8740 4317/8405
f 4405/8747 4318/8691 4195/8690
f 4401/8746 4194/8408 4019/8146
f 3795/7901 4196/7900 4195/8748
f 4300/8353 4474/7882 3892/7725
f 4198/7916 4197/7915 3804/8749
f 4023/8411 4198/8413 3804/8749
f 3891/7536 4022/7535 4198/7916
f 4198/7916 4199/8412 3891/7536
f 4025/7712 4199/7595 4023/8417
f 4028/8168 4200/8424 3681/8161
f 4180/8721 4200/7605 4027/8722
f 4030/7730 4031/8190 4201/8427
f 3817/8431 4201/8427 4031/8429
f 4323/8750 4321/8751 4032/8752
f 3813/8753 4207/8754 4205/8755
f 4603/8756 4447/8443 4516/8442
f 4035/8757 4206/8758 4034/8759
f 3813/7952 4204/8440 3908/8175
f 4206/8438 4204/8440 4203/8179
f 4204/8180 3813/7952 4205/8181
f 4207/8754 3813/8753 4202/8435
f 4603/8756 4516/8442 4203/8760
f 3905/8439 4206/8438 4035/8436
f 4202/7698 4321/7697 4324/8761
f 3719/8187 4205/8186 4207/7562
f 4208/8452 3640/7942 3641/7261
f 4038/8201 4208/8447 4039/7239
f 4326/7966 4209/7968 3789/7364
f 4059/8091 4209/8217 4058/8483
f 4420/8762 4503/8763 4504/8764
f 4328/7869 4049/7543 3820/7447
f 4327/8765 4058/7967 4326/7966
f 4049/7459 4212/8766 3722/8473
f 4327/8765 4211/7871 4058/7967
f 4327/8767 4331/8768 4332/8769
f 4213/8241 721/7984 720/8242
f 4064/7749 4213/8488 4065/7750
f 3738/8243 4063/7393 4216/8770
f 4214/7989 4814/8771 4223/7990
f 4215/8485 4216/8487 4217/8772
f 4441/8252 4378/8251 4442/8773
f 4217/8772 4216/8487 4063/7393
f 4215/8221 4219/8220 4218/8486
f 4064/8484 4217/8489 4063/7393
f 4217/8489 3831/7751 4336/8774
f 4219/8220 4223/7990 4218/8486
f 3738/8243 4216/8770 4218/8486
f 4221/8219 4215/8221 4336/8775
f 4221/8219 4429/8776 4219/8220
f 4426/8777 4571/8778 4423/8779
f 4214/7989 4219/7991 4429/8776
f 4215/8485 4217/8772 4336/8775
f 4421/8780 4427/8781 4221/8782
f 4214/7989 4429/8776 4428/8783
f 4222/8784 4769/8785 4813/8786
f 4214/7989 4580/8787 4814/8771
f 4335/7484 4222/7483 3926/7391
f 4224/7659 3832/8500 4340/8788
f 4227/7657 4224/7659 4069/8789
f 4340/8511 4077/8510 4339/8509
f 4536/8790 4535/8791 4534/8792
f 4226/7645 4341/8498 4297/8793
f 1578/8104 4342/8794 3985/8102
f 3939/7658 4227/7657 1580/7653
f 4227/7657 4069/8789 4341/8498
f 3939/7658 1580/7653 4343/7636
f 4078/8513 4228/8255 4072/7761
f 4072/7761 4228/8255 4229/7992
f 4228/8255 3939/7658 4343/7636
f 4240/8795 4237/8796 4239/8797
f 4231/8503 4236/8798 4071/8504
f 4942/8799 4617/8800 4983/8801
f 4235/8802 4233/8803 4234/8804
f 4235/8805 4231/8806 4239/8807
f 4242/8808 4238/8809 4991/8810
f 4236/8811 4234/7753 4230/7752
f 5167/8812 4642/8813 4645/8814
f 4230/7752 4071/7758 4236/8811
f 4647/8815 4988/8816 4232/8817
f 5203/8818 4563/8819 3688/8820
f 4233/8803 4235/8802 4242/8821
f 4231/8806 4235/8805 4236/8798
f 4234/7753 4236/8811 4235/8802
f 4498/8822 4635/8823 4560/8824
f 4964/8825 5064/8826 4934/8827
f 4241/8828 4235/8805 4239/8807
f 4238/8829 4241/8830 4500/8831
f 4231/8503 4344/8502 4243/8832
f 4241/8828 4239/8807 4237/8796
f 4243/8832 4239/8807 4231/8503
f 4240/8524 4243/8833 4244/8525
f 4500/8834 4501/8835 4499/8836
f 4241/8830 4238/8829 4242/8808
f 4241/8828 4242/8808 4235/8805
f 4238/8809 4564/8837 4991/8810
f 4244/8525 4243/8833 4075/8838
f 4239/8797 4243/8832 4240/8795
f 4075/7139 4082/7138 4244/8525
f 5097/8839 4244/8525 4082/7138
f 4247/8516 4080/8515 4082/8522
f 3740/8262 3833/7999 4245/7614
f 3835/8266 4246/8265 3944/7996
f 4080/8523 4246/7616 4083/8002
f 4082/8522 3740/8262 4247/8516
f 3740/8262 4245/7614 4247/8516
f 4248/8288 3948/8558 4092/8020
f 4436/8325 4248/8840 4093/8323
f 4092/8020 4249/7156 3840/8018
f 4095/8551 3609/8559 4249/7156
f 3847/8292 4258/8841 4257/8579
f 4101/8287 4357/8010 4251/7774
f 3952/8009 4252/8842 4251/8632
f 4252/8842 4102/8561 4251/8632
f 4098/8022 4252/8024 3952/8009
f 4102/8561 4252/8842 3692/8284
f 4268/8581 4104/8584 4110/8582
f 4107/7794 4346/8575 4106/8580
f 4265/8843 4266/8844 4264/8845
f 3959/8294 4259/8296 3958/7305
f 4255/8295 3757/7107 4352/8846
f 4255/8847 4254/8848 4256/8849
f 4257/8579 4354/8850 4250/7773
f 3955/7282 4258/8841 3847/8292
f 4256/8849 4254/8848 4260/8851
f 4260/8851 4254/8848 4261/8852
f 3696/8290 4258/8289 3955/7282
f 4258/8289 4256/8291 4260/8851
f 4255/8847 4256/8849 4259/8296
f 3696/8290 4259/8562 4256/8291
f 4254/8848 4351/7795 4261/8852
f 4258/8289 4260/8851 4257/8579
f 4261/8853 4106/8854 4264/8855
f 4260/8851 4261/8852 4266/8564
f 4263/8856 4435/8857 4432/8858
f 4372/8859 4359/8860 4374/8861
f 4433/8862 4435/8863 4348/8864
f 4431/8865 4265/8843 4264/8845
f 4348/8866 4430/8867 4350/8868
f 4263/8577 4431/8865 4264/8578
f 4431/8869 4432/8870 4353/8871
f 4250/7773 4354/8850 4101/8287
f 4264/8855 4266/8844 4261/8853
f 4266/8844 4265/8843 4354/8872
f 4128/7210 4267/8312 3853/7208
f 3760/8583 4110/8582 4267/8312
f 4679/8873 3760/8874 4674/8875
f 4268/8876 4679/8877 4345/8878
f 4105/7252 4269/8037 4104/8570
f 3962/8052 4269/8566 3850/7289
f 4376/8041 4270/8040 3851/8586
f 4379/8248 4270/8040 4111/8249
f 4220/8879 4421/8880 4423/8881
f 4221/8219 4336/8775 4421/8780
f 4066/7988 4272/7987 3938/7385
f 4379/7748 719/8882 718/7428
f 4274/8038 3963/7430 717/8308
f 4125/8622 4273/8304 4117/7806
f 4117/7806 4273/8304 4274/8038
f 4274/8038 4273/8304 3963/7430
f 3968/8883 4382/8884 4280/8885
f 4276/7470 4275/7469 3854/7468
f 4276/7470 3854/7468 4381/8886
f 3967/7209 4127/7812 4276/8624
f 4383/8887 4602/8888 4445/8889
f 3760/7693 4380/7692 4674/8875
f 4131/8437 4278/8317 3630/8626
f 4129/8182 4278/8314 4130/8183
f 3968/8184 4130/8183 4382/8884
f 4130/8316 4131/8318 4384/8890
f 3968/8883 4280/8885 4275/7469
f 4383/8891 4443/8892 4388/8893
f 4033/7196 4035/8436 4281/8628
f 4385/8894 4035/8757 4034/8759
f 4281/8895 4282/8896 4384/8897
f 4281/8628 4035/8436 4385/8894
f 4389/8013 3858/8012 3973/8270
f 4286/8898 4284/8899 4283/8900
f 4283/8900 4449/8901 4286/8898
f 3700/8074 4284/7778 4287/8630
f 3858/7338 4285/8014 3763/7339
f 4283/8900 4284/8899 4285/8014
f 4290/8902 4289/8903 4392/8904
f 4287/7311 3976/7313 4132/8072
f 4286/8898 4392/8905 4284/8899
f 4133/8906 4290/8907 4286/8908
f 4371/8909 4363/8910 4365/8911
f 3866/8328 3979/8327 4531/8333
f 4392/8905 4287/7311 4284/8899
f 4291/8912 4454/7298 4289/7300
f 4369/8324 4093/8323 4367/8913
f 4454/7298 4291/8912 4288/8557
f 4289/8903 4290/8902 4291/8912
f 4456/8633 4457/8635 4458/8914
f 4395/8915 4294/8916 4292/8917
f 4137/8637 4292/7487 3871/8638
f 4293/8918 4467/8643 4294/8642
f 4294/8916 3871/8638 4292/8917
f 4395/8915 4292/8917 3982/8636
f 5094/8919 4467/8920 3790/8921
f 4295/8259 3791/8352 4470/7918
f 4296/8260 4295/8259 3873/8922
f 3984/8348 4296/7878 3873/8349
f 4297/8658 4296/8260 3985/7880
f 4297/8658 3985/7880 4342/8794
f 4537/8659 4297/8658 3940/8923
f 3984/7648 4298/8350 3986/7649
f 4295/7920 4298/8107 3873/8922
f 4850/8924 4314/8708 4311/8710
f 4311/7373 3680/8709 4186/7374
f 4484/7881 4300/7883 4146/8105
f 4472/8925 4474/7882 4484/7881
f 1574/7703 1575/8926 4301/7724
f 4302/8153 1575/8154 3986/8106
f 4300/8353 4301/7724 4302/8153
f 1575/8926 4302/8153 4301/7724
f 4014/8677 4156/8679 4303/8399
f 4154/8396 4303/8399 4156/8394
f 4550/8927 4543/8928 4304/8929
f 4548/8930 4624/8931 4625/8932
f 4167/7579 4305/7581 3880/8133
f 4170/8688 3607/8695 4305/7581
f 4307/8697 4306/8696 3995/8129
f 4172/8392 4306/8376 4171/8698
f 3997/8128 4307/8372 3995/8129
f 3794/8371 4309/8368 4307/8372
f 4494/8933 4308/8934 3707/8935
f 4308/8366 4171/8698 4307/8367
f 4169/7736 4309/7735 3794/8371
f 4168/8694 4308/8693 4309/7735
f 4489/8936 4023/8937 4400/8938
f 4478/8415 3804/8939 4473/8416
f 3711/8725 4489/8940 4310/8723
f 4480/8941 4888/8942 4400/8943
f 4539/8944 4540/8945 4541/8946
f 4843/8947 4844/8948 4845/8949
f 4477/8950 4482/8951 4475/8952
f 4408/8953 4406/8954 4410/8955
f 4850/8924 4311/8710 4310/8956
f 4844/8957 4889/8744 4313/8743
f 4028/8155 4315/8157 4027/8426
f 4188/8731 4315/8730 3899/8159
f 4018/7583 4316/8402 3605/7396
f 4316/8402 3889/7585 4194/8408
f 4490/8958 4491/8959 4403/8960
f 4404/8403 4317/8405 4493/8961
f 4318/7414 4414/7413 4415/8689
f 4195/8690 4404/8962 4405/8747
f 3817/8431 4323/8750 4032/7215
f 3906/7930 4319/7216 4202/8435
f 4802/8963 4708/8964 4695/8965
f 4207/8754 4202/8435 4324/8761
f 4032/8752 4321/8751 4319/7216
f 4320/8966 4757/8967 4324/8968
f 4702/8969 4695/8970 4696/8971
f 4756/8972 4755/8973 4610/8974
f 4325/8434 4323/8433 3817/8431
f 4320/8432 4321/8751 4323/8433
f 4320/8432 4324/8968 4321/8751
f 4207/8754 4324/8761 4322/7560
f 4047/8460 4325/8468 3817/7949
f 4045/8462 4823/8975 4325/8468
f 4765/8480 4729/8482 3789/8976
f 4326/7966 4210/8977 4327/8765
f 4331/8768 4327/8767 4210/8977
f 4211/7871 4327/8765 4332/8769
f 4211/7871 4212/8978 4328/7869
f 4049/7543 4328/7869 4212/8766
f 4557/8979 4558/8980 4628/8981
f 4715/8982 4559/8983 4717/8984
f 4722/8985 3703/8986 4721/8987
f 4333/7463 4332/7465 4330/8988
f 4210/8646 4727/8645 4723/8989
f 4332/8769 4331/8768 4330/8988
f 4333/7463 4330/8988 4416/8990
f 4332/8769 4212/8978 4211/7871
f 4334/8475 4503/8477 4055/8474
f 4212/8766 4417/8479 3722/8473
f 4416/8990 4418/8991 4333/7463
f 4419/8992 4504/8993 4418/8994
f 3738/8243 4218/8486 4335/7390
f 4223/7990 4335/7484 4218/8486
f 4442/8995 4422/8996 4336/8997
f 4421/8780 4220/8879 4427/8781
f 4572/8998 4570/8999 4571/9000
f 4337/9001 4067/9002 4428/9003
f 4069/8496 4224/7659 4340/8497
f 4536/9004 4338/9005 4225/9006
f 4535/9007 4339/9008 4984/9009
f 4340/8511 4339/8509 4225/9010
f 4338/9005 4340/8497 4225/9006
f 4340/8788 3832/8500 4078/8512
f 4338/8495 4341/8256 4069/8496
f 4297/8793 4341/8498 3940/8923
f 1579/7643 4342/8351 1578/8104
f 4297/8658 4342/8794 4226/7645
f 1581/8263 4229/7992 4343/7636
f 4228/8255 4343/7636 4229/7992
f 4344/8507 4071/8504 4073/8499
f 4243/8833 4344/8502 4075/8838
f 4268/8876 4345/8878 4104/8584
f 4346/8575 4345/8574 4253/9011
f 4347/9012 4253/9013 4678/9014
f 4347/9012 4346/8575 4253/9013
f 4347/9015 3698/9016 4350/9017
f 4350/8868 4430/8867 4347/9015
f 4584/9018 4749/9019 4787/9020
f 4370/9021 4373/9022 4582/9023
f 4264/8578 4106/8854 4349/8576
f 4106/8580 4346/8575 4430/9024
f 4511/9025 4655/9026 4434/9027
f 4430/8867 4348/8866 4349/9028
f 4261/8853 4351/7795 4106/8854
f 4254/8848 4255/8847 4352/7796
f 3757/7250 4105/7252 4352/8846
f 4107/8571 4352/7796 4105/8572
f 4093/8323 4248/8840 5100/8278
f 4355/8554 4354/8553 4265/8843
f 4266/8844 4354/8872 4257/8565
f 4265/8843 4431/8865 4355/8554
f 4355/9029 4353/9030 4358/9031
f 4101/8552 4355/8554 4357/8010
f 4353/9030 4361/9032 4358/9031
f 4356/9033 4358/9034 4359/9035
f 4366/9036 4355/9029 4358/9031
f 4357/8010 4366/9037 4360/8011
f 4353/8871 4432/8870 4361/9032
f 4356/9038 4360/8011 4366/9037
f 4359/9039 4262/9040 4373/9041
f 4356/9033 4359/9035 4372/8859
f 4367/9042 4360/8011 4356/9038
f 4360/8011 5100/9043 4098/8560
f 4262/9040 4359/9039 4361/9044
f 4358/9031 4361/9032 4359/9035
f 4582/9023 4373/9022 4434/9045
f 4741/9046 4612/9047 4523/9048
f 4365/9049 4290/8907 4133/8906
f 4364/9050 4290/8907 4365/9049
f 4290/8902 4364/9050 4291/8912
f 4458/8914 4457/8635 4522/9051
f 4451/9052 4520/9053 4438/9054
f 4363/8910 4364/9050 4365/8911
f 4355/8554 4366/9036 4357/8010
f 4356/9033 4366/9037 4358/9034
f 4372/9055 4369/8324 4367/8913
f 5100/8278 4367/8913 4093/8323
f 4362/9056 4460/9057 4440/9058
f 4390/8269 4450/9059 4133/8267
f 4372/9055 4367/8913 4356/9033
f 4438/9054 4520/9053 4437/9060
f 4433/9061 4262/9062 4432/9063
f 4362/9056 4440/9058 4439/9064
f 4519/9065 4133/8267 4450/9059
f 4512/9066 4439/9064 4440/9058
f 4359/9039 4373/9041 4374/8861
f 4369/8324 4372/9055 4375/9067
f 4511/9068 4262/9062 4433/9061
f 4373/9022 4370/9021 4374/8861
f 4439/9069 4374/8861 4370/9021
f 4375/9070 4374/8861 4439/9069
f 4369/8324 4375/9067 4368/9071
f 4372/8859 4374/8861 4375/9067
f 3851/8592 4125/8612 4377/8587
f 4376/8253 4271/9072 4378/8251
f 3758/8616 4377/8618 4124/8619
f 4271/9072 4376/8253 4377/8587
f 4423/9073 4422/9074 4271/9075
f 4442/8773 4378/8251 4422/8996
f 4379/8248 3963/7430 4270/8040
f 719/8882 4379/7748 4272/7987
f 4381/8625 4380/8569 4128/7691
f 4748/8568 4277/8567 4673/9076
f 4276/7470 4381/8886 4128/7210
f 3854/9077 4445/9078 4446/9079
f 4382/8884 4130/8183 4384/8890
f 4280/8885 4382/8884 4279/7933
f 4383/8891 4388/8893 4600/9080
f 4280/7932 4445/8057 3854/7468
f 4281/8895 4384/8897 4131/8437
f 4382/8884 4384/8890 4282/8444
f 4386/8445 4385/8629 4034/8759
f 4281/8628 4385/8894 4282/8896
f 4386/8445 4034/8759 4515/9081
f 4388/7936 4386/9082 4387/7934
f 4515/8441 4447/8443 4607/9083
f 4518/9084 4606/9085 4607/9086
f 4388/8893 3814/7935 4600/9080
f 4279/8446 4386/8445 4388/7936
f 4521/8549 3973/8062 4090/7268
f 4391/9087 3946/7267 4091/8276
f 4521/9088 4391/9089 4452/9090
f 4451/9091 4519/9065 4450/9059
f 3839/8280 4437/9092 4091/8276
f 4248/8288 4436/8325 3839/8280
f 4290/8902 4392/8904 4286/8908
f 3976/7313 4392/7312 4289/8903
f 4288/9093 4457/9094 4462/9095
f 3671/7336 4524/7335 4525/9096
f 4488/8672 4394/7495 3872/8652
f 4395/7497 4293/7496 4294/8916
f 4143/8650 4395/8657 3982/8636
f 4394/8345 4395/7497 4142/8346
f 5091/9097 5079/9098 5092/9099
f 4294/8916 4468/8641 3871/8638
f 4397/9100 4470/9101 4532/9102
f 4538/8661 4542/8660 4397/9103
f 4546/9104 4547/9105 4486/9106
f 4398/9107 4543/8928 4550/8927
f 3711/8164 4399/8724 4184/8162
f 4311/8710 4399/8418 4310/8956
f 4478/8415 4481/9108 3804/8939
f 4312/9109 4845/9110 4846/9111
f 4196/7900 4401/8746 4195/8748
f 4402/8740 4401/8404 4019/8146
f 4177/8145 4402/8718 4019/8146
f 4490/8741 4402/8740 3710/7092
f 4492/9112 4403/9113 4182/9114
f 4404/8403 4493/8961 4191/9115
f 4404/8962 4191/9115 4405/8747
f 4401/8404 4404/8403 4195/8748
f 4405/8747 4191/9115 4407/9116
f 4318/8691 4405/8747 4409/7415
f 4865/9117 4854/9118 4863/9119
f 4843/9120 4847/9121 4839/9122
f 4809/9123 4406/9124 4857/9125
f 4408/7387 4407/7386 4406/8954
f 4809/9123 4810/9126 4406/9124
f 4414/7413 4409/7415 3707/9127
f 4407/7386 4409/7388 4405/8747
f 3707/9127 4409/7415 4408/7387
f 4174/8701 4710/9128 4411/8699
f 4408/8953 4410/8955 4495/9129
f 4412/8385 4411/8387 4413/8704
f 4010/7890 4172/8374 4412/9130
f 4172/8374 4171/8698 4412/9130
f 4494/9131 4412/9130 4171/8698
f 4173/8393 4413/8714 4175/7696
f 4010/7890 4412/9130 4413/8714
f 4308/8934 4414/8692 3707/8935
f 4415/8689 4414/7413 4168/8694
f 4168/8694 3795/7901 4415/8689
f 4195/8748 4415/8689 3795/7901
f 4557/9132 4330/9133 4723/9134
f 4418/8991 4416/8990 4329/9135
f 4332/7465 4417/7464 4212/8978
f 4334/8475 4417/8479 4333/7463
f 4418/8994 4329/9135 4419/8992
f 4334/8475 4333/7463 4418/8991
f 4764/9136 5012/9137 4558/9138
f 4628/9139 4419/8992 4329/9135
f 4420/8762 4504/8764 4648/7378
f 4503/8477 4568/7478 4052/8478
f 4422/8996 4421/8780 4336/8997
f 4421/8780 4422/8996 4423/8881
f 4442/8995 4336/8997 3831/7751
f 4271/9075 4422/9074 4378/8251
f 4271/9075 4424/9140 4423/9073
f 4423/8779 4424/9140 4426/8777
f 4377/8587 4424/8617 4271/9072
f 3758/9141 4578/9142 4426/9143
f 4657/9144 4932/9145 5129/9146
f 4067/9002 4337/9001 4569/8493
f 3758/9141 4426/9143 4424/8617
f 4426/8777 4425/9147 4571/8778
f 4570/9148 4427/8781 4220/8879
f 4429/9149 4427/9150 4337/9151
f 4509/9152 4580/9153 4581/9154
f 4214/7989 4428/8783 4580/8787
f 4427/8781 4429/9149 4221/8782
f 4428/9003 4429/8776 4337/9001
f 4106/8580 4430/9024 4349/8576
f 4347/9015 4430/8867 4346/8575
f 4432/8870 4431/8869 4263/8856
f 4355/8554 4431/8865 4353/9030
f 4263/8577 4349/8576 4435/8857
f 4361/9032 4432/8870 4262/9040
f 4588/9155 4590/9156 4593/9157
f 4373/9041 4262/9040 4511/9068
f 4585/9158 4586/9159 4348/9160
f 4510/9161 4591/9162 4513/9163
f 4348/8864 4435/8863 4349/9028
f 4432/9063 4435/8857 4433/9061
f 4438/9164 4369/8324 4368/9071
f 4091/8276 4437/9092 4391/9087
f 3839/8280 4436/8325 4437/9092
f 4438/9054 4437/9060 4436/8325
f 4369/8324 4438/9164 4436/8325
f 4519/9065 4451/9091 4371/9165
f 4439/9069 4368/9071 4375/9070
f 4370/9021 4513/9166 4439/9069
f 4363/8910 4371/8909 4440/9167
f 4440/9058 4371/8909 4512/9066
f 4272/7987 4441/8588 3938/7385
f 4376/8253 4441/8252 4111/8039
f 4065/7384 4442/7383 3831/7751
f 4441/8252 4442/8773 3938/7385
f 4388/7936 4443/8892 4279/8446
f 4445/8057 4443/7931 4383/8887
f 4606/9168 3814/7935 4387/7934
f 4789/9169 4659/9170 4583/9171
f 4600/9080 4602/8888 4383/8891
f 4381/8625 4446/9172 4277/8567
f 3854/9077 4446/9079 4381/8886
f 4601/9173 4446/9079 4445/9078
f 4517/9174 4603/9175 4604/9176
f 5166/9177 4608/9178 4685/9179
f 3684/9180 4703/9181 4803/9182
f 4606/9168 4689/9183 3814/7935
f 4286/8898 4449/8901 4133/8906
f 4283/8900 4390/8322 4449/8901
f 4520/9184 4450/9059 4390/8269
f 4368/9071 4451/9052 4438/9164
f 4451/9052 4368/9071 4512/9185
f 4520/9184 4451/9052 4450/9059
f 4389/8013 3973/8270 4521/8549
f 4520/9186 4452/9090 4391/9089
f 5096/7351 4453/7353 3671/7336
f 4289/8903 4453/7299 3976/7313
f 4527/9187 4288/9093 4462/9095
f 4453/7299 4454/7298 4393/7856
f 4364/8556 4457/9094 4288/8557
f 4744/9188 4529/9189 4743/9190
f 4588/9191 4458/9192 4460/9193
f 4523/9194 4594/9195 4660/9196
f 4522/9197 4364/9050 4363/8910
f 4523/9198 4459/9199 4461/9200
f 4460/9057 4363/8910 4440/9058
f 4588/9201 4362/9202 4591/9203
f 4526/9204 4530/9205 4614/9206
f 4461/8634 4462/9095 4457/8635
f 4591/9162 4362/9202 4513/9163
f 4460/9193 4458/9192 4522/9051
f 4523/9198 4461/9200 4456/8633
f 4462/9095 4461/8634 4459/9199
f 4464/9207 4462/9095 4459/9199
f 4527/9187 4454/7298 4288/9093
f 4393/9208 4527/9209 4464/9210
f 3866/8328 4531/8333 4529/9211
f 4526/9212 4464/9207 4459/9199
f 4464/9213 4463/9214 4524/9215
f 4465/8330 4466/9216 4528/8331
f 4465/9217 4463/9218 4613/9219
f 4528/8331 4466/9216 3699/7860
f 4531/9220 4466/9216 4465/8330
f 3790/8921 4467/8920 4293/8918
f 4468/8641 4467/8643 4396/9221
f 4468/8641 4396/9221 4733/9222
f 4468/8641 4733/9222 4734/9223
f 4139/8640 4469/8639 4138/8648
f 3871/8638 4468/8641 4469/8639
f 4532/7757 4470/9101 3791/7755
f 4484/9224 4470/9101 4397/9100
f 4145/8261 4615/9225 3791/8352
f 4539/9226 4538/9227 4471/9228
f 4477/8950 4483/9229 4482/8951
f 4473/8416 3804/8939 4197/7915
f 3892/8410 4473/8416 4197/7915
f 4474/9230 4476/8414 4473/8416
f 4476/8414 4474/9230 4472/8925
f 3892/7725 4474/7882 4473/8416
f 4476/8414 4472/8925 4477/9231
f 4480/8941 4400/8943 4481/9232
f 4472/8925 4542/9233 4477/9231
f 4476/8414 4475/9234 4478/8415
f 4477/8950 4299/9235 4483/9229
f 4475/8952 4476/8414 4477/8950
f 4480/9236 4478/8415 4475/9234
f 4478/8415 4480/9236 4481/9108
f 4839/9237 4804/9238 4760/9239
f 4839/9237 4479/9240 4804/9238
f 4888/9241 4475/8952 4482/8951
f 4400/8943 4888/8942 4846/9242
f 4400/8938 4023/8937 4481/9232
f 4023/8411 3804/8749 4481/9232
f 4847/9243 4482/9244 4479/9245
f 4888/9241 4482/8951 4312/9246
f 4299/8662 4538/8661 4541/9247
f 4482/9244 4483/9229 4479/9245
f 4470/9101 4484/9224 4146/7919
f 4484/9224 4397/9100 4542/8660
f 4165/8674 4485/8686 4161/8675
f 4546/8685 4485/7875 4162/8358
f 4549/9248 4153/8395 4156/8394
f 3675/8666 4622/9249 4548/8667
f 4626/9250 4304/9251 4551/9252
f 4293/7496 4488/8672 4553/9253
f 4161/8675 4488/8687 4166/8100
f 4488/8672 4487/9254 4553/9253
f 4023/8937 4489/8936 3711/8152
f 4846/9242 4489/8936 4400/8943
f 4491/8959 4490/8958 3710/7092
f 4493/9255 4490/8958 4403/8960
f 4187/8169 4491/8738 3710/7092
f 4182/9114 4403/9113 4491/8738
f 4554/8737 4492/8736 4182/9114
f 4313/8743 4845/8949 4844/8957
f 4490/8958 4493/9255 4317/8742
f 4866/9256 5193/9257 5194/9258
f 4308/8934 4494/8933 4171/8698
f 3707/9127 4408/7387 4495/9129
f 4496/8386 4410/8700 4411/8387
f 3707/9127 4495/9129 4494/8933
f 4494/8706 4496/8705 4412/9130
f 4410/8700 4496/8386 4495/9129
f 4564/7544 4502/7546 4232/9259
f 4630/9260 4419/8992 4628/9139
f 4632/9261 4499/8836 4501/8835
f 4419/8992 4630/9260 4631/9262
f 4500/8834 4561/9263 4501/8835
f 4502/9264 4499/9265 4634/9266
f 4561/9267 4241/8828 4237/8796
f 4500/8834 4499/8836 4502/7546
f 4563/9268 4237/8796 4240/8795
f 5102/9269 4501/9270 4633/9271
f 4635/9272 4565/9273 4634/9274
f 5167/9275 4647/9276 4566/9277
f 4504/8764 4503/8763 4334/8475
f 4568/7478 4503/8477 4420/8762
f 4418/8991 4504/8993 4334/8475
f 3686/7377 4504/7379 4419/8992
f 4966/9278 5006/9279 5008/9280
f 4933/9281 4963/9282 4910/9283
f 4568/9284 4648/9285 4506/9286
f 4920/9287 4919/9288 4505/9289
f 4572/8998 4507/9290 4570/8999
f 4822/9291 4690/9292 4752/9293
f 5170/9294 4654/9295 4739/9296
f 4695/9297 4704/9298 4699/9299
f 4652/9300 4428/9003 4067/9002
f 4771/9301 4737/9302 4777/9303
f 4592/9304 4597/9305 4656/9306
f 4587/9307 4588/9308 4589/9309
f 4655/9026 4511/9025 4433/9061
f 4373/9022 4511/9068 4434/9045
f 4451/9052 4512/9185 4371/9165
f 4368/9071 4439/9069 4512/9185
f 4513/9166 4370/9021 4582/9023
f 4362/9056 4439/9064 4513/9163
f 4689/9183 4606/9168 4518/9084
f 4277/8567 4446/9172 4601/9173
f 4386/9082 4515/9081 4387/7934
f 4516/8442 4515/8441 4034/8759
f 4034/8759 4206/8758 4516/8442
f 4203/8760 4516/8442 4206/8438
f 4517/9310 3719/9311 4682/9312
f 4611/9313 4518/9084 4607/9086
f 4387/7934 4607/9086 4606/9168
f 4688/9314 4518/9315 4686/9316
f 4371/8909 4365/8911 4519/9065
f 4133/8906 4519/9065 4365/9049
f 4452/9090 4520/9186 4390/8322
f 4520/9053 4391/9089 4437/9060
f 4391/9089 4521/9088 3946/7267
f 4389/8013 4521/8549 4452/8550
f 4364/8556 4522/9197 4457/9094
f 4460/9057 4522/9051 4363/8910
f 4593/9157 4590/9156 4456/9317
f 4741/9318 4596/9319 4740/9320
f 4464/9210 4524/9215 4393/9208
f 4525/9096 4524/7335 4463/9214
f 4465/8330 4525/8329 4463/9218
f 4525/9321 3779/7850 5095/7855
f 4612/9322 4526/9212 4459/9199
f 4526/9204 4455/9323 4530/9205
f 4454/7298 4527/9187 4393/7856
f 4462/9095 4464/9207 4527/9187
f 3781/7857 4528/7859 3699/7860
f 4525/8329 4528/8331 3779/7850
f 4614/9206 4530/9205 4613/9324
f 4741/9325 4747/9326 4455/9327
f 4455/9327 4747/9326 4743/9328
f 4530/9205 4529/9329 4613/9324
f 4466/9216 4531/9220 3978/7861
f 4531/9220 4465/8330 4613/9219
f 4616/7756 3791/7755 4615/9225
f 4538/9227 4532/9330 4471/9228
f 4537/9331 4338/9005 4536/9004
f 4339/9008 4535/9007 4225/9010
f 3739/7754 4234/7753 4938/9332
f 4539/9333 4619/9334 3704/9335
f 4984/9009 4339/9008 3739/7754
f 4534/8792 4985/9336 4536/8790
f 4537/9331 4536/9004 4533/9337
f 4225/9010 4535/9007 4536/9004
f 4537/9331 4533/9337 4615/9338
f 4338/8257 4537/9331 3940/8258
f 4532/9102 4538/9227 4397/9100
f 4618/7993 4619/9339 4471/7994
f 4483/9340 4540/9341 4804/9342
f 4299/8662 4541/9247 4483/9229
f 4806/9343 3704/9344 4925/9345
f 4713/9346 4874/9347 4627/9348
f 4539/8944 4541/8946 4538/9227
f 4483/9340 4541/9247 4540/9341
f 4477/9231 4542/9233 4299/9235
f 4484/7881 4542/8660 4472/8925
f 4546/8685 4543/8928 4398/8683
f 4548/8930 4625/8932 4621/9349
f 4807/9350 4860/9351 4844/9352
f 4304/8929 4543/8928 4545/9353
f 4551/9252 4304/9251 4712/9354
f 4713/9346 4627/9348 4712/9355
f 4547/9105 4546/9104 4162/8358
f 4543/8928 4546/8685 4486/8717
f 4155/8360 4547/8684 4162/8358
f 4621/9356 4547/8684 4153/8395
f 4622/8670 3675/8666 4175/8671
f 4544/9357 4625/8932 4624/8931
f 3675/8666 4549/8668 4156/8679
f 4621/9349 4549/8668 4548/8930
f 4626/9250 4550/8927 4304/9251
f 4552/9358 4550/9359 4487/9360
f 4712/9354 4304/9251 4545/9353
f 4724/9361 4726/9362 4714/9363
f 4550/9359 4552/9358 4398/9107
f 4488/8672 4552/7876 4487/9254
f 4626/7358 4553/7360 4487/9254
f 4293/7496 4553/9253 3790/8921
f 4185/8421 4554/8166 4182/8732
f 3680/8735 4554/8737 4186/7374
f 4416/8990 4557/9364 4329/9135
f 4714/9365 4637/9366 4972/9367
f 4330/8988 4331/8768 4723/9134
f 4979/9368 5012/9369 4497/9370
f 4330/9133 4557/9132 4416/8990
f 4558/8980 4557/8979 4556/9371
f 4556/9371 4764/9136 4558/8980
f 4558/8980 4555/9372 4628/8981
f 4717/8984 4559/8983 4718/9373
f 4715/8982 4717/8984 4724/9374
f 4561/9263 4633/9271 4501/8835
f 5031/9375 3664/9376 5024/9377
f 4241/8830 4561/9267 4500/8831
f 4633/9271 4561/9263 4237/8796
f 5117/9378 5103/9379 5115/9380
f 5103/9379 5114/9381 5115/9380
f 3688/8526 4563/8819 4240/8524
f 4633/9382 4563/9383 4562/9384
f 4991/8810 4564/8837 4232/9259
f 4500/8831 4564/7544 4238/8829
f 4971/9385 4637/9386 4639/9387
f 4566/9388 4636/9389 4640/9390
f 4636/9391 4638/9392 4502/9393
f 4502/9393 4634/9266 4636/9391
f 4967/9394 5009/9395 4631/9396
f 4921/9397 4567/9398 5007/9399
f 4568/7478 4420/8762 4648/9285
f 5101/7476 4568/7478 4506/7722
f 4337/8491 4427/9150 4570/8492
f 5153/9400 5151/9401 5152/9402
f 4571/9000 4570/8999 4220/8879
f 4507/9290 4569/8493 4570/8999
f 4571/9000 4220/8879 4423/8779
f 4572/8998 4571/9000 4425/9147
f 4425/9147 4575/9403 4572/8998
f 5147/9404 4572/8998 4575/9403
f 4577/9405 5140/9406 4575/9407
f 4816/9408 4690/9409 4817/9410
f 4425/9147 4577/9405 4575/9403
f 4880/9411 4819/9412 4820/9413
f 5123/9414 4577/9415 4578/9416
f 4575/9403 4574/9417 5147/9404
f 5124/9418 3758/8616 4124/8619
f 4576/9419 5123/9420 5122/9421
f 4425/9147 4426/8777 4578/9142
f 4577/9405 4576/9422 5140/9406
f 4578/9416 3758/9141 5123/9414
f 4425/9147 4578/9142 4577/9405
f 4649/8494 3931/8224 4650/9423
f 4737/9424 4773/9425 4579/9426
f 4580/8787 4428/8783 4652/9300
f 4770/9427 4814/9428 4509/9429
f 4652/9430 4778/9431 4581/9432
f 4738/9433 5171/9434 4778/9435
f 4656/9436 4582/9023 4434/9045
f 4513/9166 4582/9023 4510/9161
f 4586/9159 4655/9437 4348/9160
f 4348/9160 4350/8868 4585/9158
f 4749/9438 4585/9439 3698/9440
f 4677/9441 4749/9442 4676/9443
f 3698/9440 4585/9439 4350/9017
f 4585/9158 4584/9444 4586/9159
f 4786/9445 4584/9446 4785/9447
f 4592/9304 4656/9306 4786/9448
f 4587/9307 4589/9309 4598/9449
f 4740/9320 4596/9319 4662/9450
f 4362/9056 4588/9201 4460/9057
f 4588/9155 4587/9307 4590/9156
f 4510/9451 4597/9452 4589/9453
f 4597/9452 4598/9449 4589/9453
f 4523/9198 4456/8633 4594/9195
f 4456/8633 4590/9156 4594/9195
f 4510/9161 4589/9453 4591/9162
f 4588/9308 4591/9203 4589/9309
f 4656/9306 4597/9305 4510/9451
f 4592/9454 4658/9455 4598/9456
f 4456/9317 4458/8914 4593/9157
f 4588/9155 4593/9157 4458/9192
f 4599/9457 4590/9156 4587/9307
f 4740/9320 4662/9450 4595/9458
f 4599/9459 4662/9460 4660/9461
f 4595/9458 4662/9450 4664/7797
f 4590/9156 4599/9457 4660/9461
f 4956/9462 4595/7799 4906/7798
f 4510/9451 4582/9023 4656/9306
f 4598/9456 4597/9452 4592/9454
f 4658/9463 4659/9464 4667/9465
f 4661/9466 4599/9457 4587/9307
f 4587/9307 4598/9449 4661/9466
f 4660/9461 4662/9460 4596/9319
f 4793/9467 3814/7935 4689/9183
f 4514/9468 4670/9469 4602/9470
f 4670/9469 4601/9471 4602/9470
f 4672/7573 4601/7575 4670/9469
f 4514/9468 4602/9470 4600/9080
f 4445/9078 4602/8888 4601/9173
f 4604/9176 4603/9175 4203/8760
f 4608/9472 4603/9175 4517/9174
f 4205/8186 4604/8188 4203/8179
f 3719/9311 4517/9310 4604/8188
f 4682/9473 4683/9474 4700/9475
f 4605/9476 4700/9477 4699/9478
f 4387/7934 4515/9081 4607/9086
f 4689/9183 4518/9084 4688/9314
f 4608/9472 4447/8443 4603/9175
f 4447/8443 4608/9472 4607/9083
f 4685/9479 4682/9480 4684/9481
f 4517/9174 4685/9179 4608/9472
f 4691/9482 4756/9483 4692/9484
f 4755/8973 4686/9485 4610/8974
f 4607/9086 5166/9486 4611/9313
f 4692/9487 4609/9488 4684/9489
f 5166/9486 4607/9086 4608/9178
f 4686/9485 4611/9490 4610/8974
f 4526/9204 4612/9322 4455/9323
f 4459/9199 4523/9198 4612/9322
f 4613/9324 4463/9218 4614/9206
f 4531/9220 4613/9219 4529/9211
f 4463/9214 4464/9213 4614/9206
f 4526/9212 4614/9206 4464/9207
f 4537/9331 4615/9338 4145/8261
f 4616/7756 4615/9225 4533/9337
f 4985/9491 4618/9492 4533/9493
f 4532/9330 4616/7756 4471/9228
f 4983/9494 4985/9336 4534/8792
f 4643/9495 4940/9496 4943/9497
f 4533/9337 4618/9492 4616/7756
f 4936/9498 4619/9339 4618/7993
f 4471/9228 4619/9339 4539/9226
f 4936/9498 4618/7993 4617/9499
f 4709/9500 4760/9501 4835/9502
f 4835/9503 4837/9504 4947/9505
f 4547/8684 4621/9356 4486/9106
f 4549/8668 4621/9349 4153/8395
f 4623/8669 4175/8671 4710/9506
f 4624/9507 4622/8670 4623/8669
f 4623/8669 4710/9506 4808/9508
f 4624/8931 4623/8669 4544/9357
f 4544/9357 4762/9509 4625/8932
f 4548/8667 4622/9249 4624/8931
f 4543/8928 4625/8715 4545/9353
f 4621/9349 4625/8932 4486/9106
f 4626/9250 4487/9254 4550/8927
f 5090/9510 4626/9250 4551/9252
f 4545/9353 4625/8715 4762/9509
f 4641/9511 4726/9512 4994/9513
f 4628/8981 4329/9135 4557/8979
f 4555/9514 4980/9515 4630/9516
f 4977/9517 4497/9518 4972/9519
f 4981/9520 5032/9521 5020/9522
f 4555/9372 4630/9516 4628/8981
f 4631/9262 4630/9260 4629/9523
f 4967/9524 4969/9525 4973/9526
f 4419/8992 4631/9262 3686/7377
f 5102/9269 4632/9261 4501/9270
f 4635/8823 4632/9527 4560/8824
f 4563/9383 4633/9382 4237/8796
f 5102/9269 4633/9271 4562/9384
f 4635/9272 4634/9274 4499/9265
f 4636/9391 4634/9266 4565/7243
f 4635/8823 4499/9265 4632/9527
f 4635/8823 4498/8822 5011/9528
f 4974/9529 4975/9530 4968/9531
f 4636/9391 4566/9388 4638/9392
f 4641/9532 3674/9533 4642/9534
f 4639/7241 4640/9390 4636/7242
f 5167/8812 4566/9277 4642/8813
f 4502/9393 4638/9392 4232/9259
f 5010/9535 5011/9536 4976/9537
f 4639/7241 4637/9386 4640/9390
f 4641/9538 4640/9390 4637/9386
f 4642/9534 4640/9390 4641/9532
f 4637/9366 4714/9365 4641/9538
f 4714/9539 4497/9540 4715/9541
f 4642/8813 3674/9533 4645/8814
f 4566/9388 4640/9390 4642/8813
f 4941/9542 4944/9543 4927/9544
f 4925/9345 3704/9344 4926/9545
f 4763/9546 4893/9547 4949/9548
f 4232/9259 4638/9392 4647/8815
f 4645/8814 3674/9533 4945/9549
f 4986/9550 5167/9551 4644/9552
f 4643/9495 4943/9497 4986/9553
f 4643/9495 4941/9554 4940/9496
f 4566/9277 4647/9276 4638/9392
f 4646/9555 4990/7171 4988/7170
f 5008/9556 4648/7378 3686/7377
f 4648/9285 4567/9557 4506/9286
f 4650/9423 3931/8224 3829/8231
f 5034/9558 5035/9559 5073/9560
f 3829/7741 3928/7680 4651/8229
f 4649/8494 4650/9423 4736/9561
f 4769/9562 4735/9563 4768/9564
f 4649/8494 4736/9561 4579/9565
f 4778/9431 4652/9430 4067/9002
f 4580/8787 4652/9300 4581/9154
f 4507/9290 4572/8998 5147/9404
f 5149/9566 5147/9567 5148/9568
f 4773/9425 4737/9424 4772/7979
f 4509/9152 4581/9154 4739/9569
f 4348/8864 4655/9437 4433/8862
f 4586/9570 4786/9448 4656/9306
f 4434/9027 4655/9026 4656/9436
f 4586/9570 4656/9306 4655/9437
f 4529/9189 4530/9205 4743/9190
f 4741/9046 4455/9327 4612/9047
f 4786/9448 4658/9455 4592/9304
f 4659/9464 4658/9463 4583/9171
f 4750/9571 4789/9572 4785/9573
f 4662/9450 4665/9574 4664/7797
f 4523/9194 4660/9196 4596/9319
f 4590/9156 4660/9461 4594/9195
f 4666/9575 4661/9576 4667/9577
f 4661/9576 4666/9575 4665/9578
f 4661/9576 4665/9578 4599/9457
f 4663/9579 4664/9580 4669/9581
f 4902/9582 3670/9583 4881/9584
f 4907/9585 4663/9586 4902/9587
f 4662/9450 4599/9459 4665/9574
f 4663/9586 4907/9585 4906/9588
f 4667/9577 4661/9576 4598/9449
f 4664/9580 4665/9574 4669/9581
f 4659/9589 4668/9590 4666/9591
f 4903/9592 4669/9593 4666/9594
f 4658/9463 4667/9465 4598/9456
f 4659/9589 4666/9591 4667/9465
f 4659/9170 4789/9169 4897/9595
f 4903/9596 4668/9597 3670/9598
f 4665/9578 4666/9575 4669/9581
f 4666/9594 4668/9590 4903/9592
f 4792/9599 4670/9469 4514/9468
f 4672/7573 4670/9469 4444/9600
f 4787/9020 4749/9019 4677/9441
f 4676/9601 4678/9602 4675/9603
f 4444/9604 4680/9605 4681/9606
f 4672/7573 4671/9607 4673/7574
f 4748/9608 4675/9609 4674/9610
f 4277/8567 4601/9173 4673/9076
f 4675/9611 4673/7574 4671/9607
f 4678/9014 4253/9013 4679/9612
f 4671/9607 4676/9601 4675/9611
f 3698/9613 4678/9602 4676/9601
f 4676/9443 4671/9607 4677/9441
f 3698/9016 4347/9015 4678/9602
f 4681/9614 4671/9607 4672/7573
f 4677/9441 4671/9607 4681/9614
f 4253/9011 4345/8574 4679/9612
f 4675/9603 4678/9602 4674/9610
f 3760/8874 4679/8873 4268/8581
f 4674/9610 4678/9602 4679/8873
f 4751/9615 4790/9616 4791/9617
f 4583/9171 4785/9573 4789/9169
f 4444/9600 4681/9606 4672/7573
f 4681/9606 4680/9605 4788/9618
f 4683/9474 4682/9473 3719/9311
f 4682/9480 4700/9475 4684/9481
f 3719/9311 4322/7560 4683/9474
f 4683/9474 4322/7560 4696/9619
f 4684/9489 4605/9620 4692/9487
f 4685/9479 4684/9481 4609/9488
f 4685/9479 4609/9488 5166/9177
f 4517/9310 4682/9312 4685/9179
f 4690/9292 4688/9621 4752/9293
f 4611/9490 4686/9485 4518/9084
f 4687/9622 4688/9621 4690/9292
f 4444/9604 4790/9623 4680/9605
f 4752/9624 4686/9625 4448/9626
f 4793/9627 4794/7939 4792/7938
f 4794/9628 4688/9621 4687/9622
f 4793/9467 4600/9080 3814/7935
f 4797/9629 4796/9630 4822/9631
f 4818/9632 4821/9633 4816/9634
f 5163/9635 5164/9636 5161/9637
f 4686/9485 4755/8973 4448/9626
f 4693/9638 4692/9487 4605/9620
f 4694/8466 4692/9487 4693/8467
f 4696/9639 4699/9478 4700/9477
f 3684/9180 4693/8467 4703/9181
f 4797/9629 4799/9640 4796/9630
f 4691/9482 4692/9484 4694/8466
f 4698/9641 4702/9642 4322/9643
f 4706/9644 4707/9645 4697/9646
f 4698/9641 4322/9643 4757/9647
f 4696/9639 4695/8970 4699/9478
f 4708/9648 5186/9649 4707/9650
f 4508/9651 4776/9652 4773/9653
f 4800/9654 4325/9655 4758/9656
f 4757/9647 4800/9657 4698/9641
f 4704/9658 4701/9659 4703/9660
f 4605/9476 4699/9478 4693/9638
f 4700/9477 4605/9476 4684/9481
f 4683/9474 4696/9619 4700/9475
f 4693/8467 4704/9658 4703/9181
f 4831/9661 4803/9662 4701/9663
f 4322/9643 4702/9642 4696/9619
f 4702/9642 4698/9641 4828/9664
f 4704/9298 4693/8467 4699/9299
f 4803/9662 4703/9181 4701/9663
f 4698/9641 4800/9657 4828/9664
f 4831/9665 4706/9644 4697/9646
f 4959/9666 4961/9667 5018/9668
f 5002/9669 4705/9670 4962/9671
f 4701/9659 4704/9658 4706/9672
f 4707/9645 4706/9644 4704/9658
f 4695/8965 4708/8964 4704/9298
f 5183/9673 5182/9674 5184/9675
f 4702/8969 4802/8963 4695/8970
f 4707/9650 4704/9658 4708/9648
f 4838/9676 4760/9239 4804/9238
f 4709/9677 4848/9678 4840/9679
f 4411/8699 4710/9128 4175/8703
f 4808/9508 4710/9506 4174/8701
f 4808/9680 4809/9681 4761/9682
f 4875/9683 4812/9684 4874/9685
f 4712/9354 4545/9353 4762/9509
f 4551/9252 4712/9354 4627/9348
f 4808/9508 4873/9686 4623/8669
f 4890/9687 4891/9688 4894/9689
f 4972/9367 4637/9366 4971/9385
f 4715/9541 4497/9540 4559/8983
f 4720/9690 4717/8984 4718/9373
f 4714/9539 4715/9541 4724/9361
f 3703/9691 4766/9692 4731/9693
f 5061/9694 5081/9695 5080/9696
f 4559/8983 4764/9697 4718/9373
f 4725/9698 4724/9374 4717/8984
f 4718/9699 4722/8985 4721/8987
f 4717/8984 4720/9690 4716/7508
f 5081/9700 4627/9348 4874/9347
f 4993/9701 4945/9549 3674/9533
f 4718/9699 4721/8987 4720/9690
f 3703/8986 4732/9702 4721/8987
f 4722/8985 4718/9699 4556/9703
f 4766/9692 3703/9691 4728/9704
f 4556/9371 4557/8979 4723/9134
f 4727/8645 4722/9705 4723/8989
f 4210/8646 4723/8989 4331/8768
f 4723/8989 4722/9705 4556/9371
f 4725/9698 4717/8984 4716/7508
f 4726/9362 4724/9361 4719/9706
f 5058/9707 4997/9708 4995/9709
f 4719/9706 4724/9361 4725/9698
f 4719/9710 4993/9711 4994/9712
f 4714/9363 4726/9362 4641/9538
f 4326/7966 4729/8644 4210/8977
f 3703/8986 4722/8985 4727/8645
f 4469/8639 4468/8641 4734/9223
f 3703/9691 4727/8645 4728/9704
f 3789/7364 4729/8482 4326/7966
f 4727/8645 4729/8644 4728/9704
f 5085/9713 4730/9714 5089/9715
f 4732/9702 3703/8986 4731/9693
f 5085/9716 5088/9717 5087/9718
f 5076/9719 4763/9720 4952/9721
f 4721/8987 4732/9702 4720/9690
f 4732/9702 4731/9693 5084/9722
f 4733/9222 4396/9221 5086/9723
f 4734/9223 4733/9222 4730/9724
f 4730/9725 4766/9726 4767/9727
f 4469/8639 4734/9223 4138/8648
f 4770/9728 4735/9563 4769/9562
f 4509/9429 4771/9729 4770/9427
f 4650/8230 4651/8229 4736/9561
f 4651/8223 4768/8225 4777/9730
f 4579/9565 4736/9561 4737/9424
f 4736/9561 4651/8229 4777/9730
f 5153/9731 4507/9732 5150/9733
f 4653/9734 5165/9735 5187/9736
f 5170/9737 5168/9738 5169/9739
f 4739/9296 4654/9295 4771/9740
f 4740/9320 4595/9458 4956/9462
f 4741/9318 4740/9320 4657/9741
f 4596/9319 4741/9318 4523/9194
f 4657/9742 4742/9743 4747/9744
f 3697/9745 4779/9746 4657/9747
f 4745/7814 4744/7813 4742/9748
f 4455/9323 4743/9328 4530/9205
f 4744/9188 4743/9190 4742/9748
f 4745/7814 4742/9748 4779/9749
f 4529/9189 4744/9188 3866/8328
f 4746/8083 4745/8082 4780/8601
f 4121/9750 4123/9751 4746/9752
f 4784/8085 4815/8084 4783/9753
f 4783/9754 3868/9755 4781/9756
f 4657/9741 4747/9744 4741/9318
f 4743/9328 4747/9326 4742/9748
f 4675/9611 4748/9608 4673/7574
f 4380/8569 4748/8568 4674/8875
f 4585/9439 4749/9438 4584/9444
f 4676/9443 4749/9442 3698/9613
f 4788/9757 4750/9758 4787/9759
f 4900/9760 4898/9761 4899/9762
f 4816/9408 4687/9622 4690/9409
f 4896/9763 3670/9764 4897/9765
f 4686/9316 4752/9624 4688/9314
f 4822/9291 4752/9293 4448/9626
f 5189/9766 5155/9767 4653/9768
f 4880/9411 4881/9769 4819/9412
f 4833/9770 4834/9771 3684/9772
f 4803/9182 4833/9770 3684/9180
f 4610/8974 5166/9773 4756/8972
f 4755/9774 4691/9775 4797/9776
f 4692/9487 4756/9483 4609/9488
f 4691/9482 4755/9774 4756/9483
f 4324/8968 4757/8967 4322/7560
f 4800/9657 4757/9647 4320/8966
f 4823/8975 4758/9656 4325/8468
f 4705/9777 5186/9778 4830/9779
f 5042/9780 5174/9781 4774/9782
f 4508/9783 4772/9784 5169/9785
f 4539/9333 3704/9335 4806/9343
f 4840/9786 4839/9237 4760/9239
f 4174/8701 4410/8700 4810/9787
f 4867/9788 4871/8712 4761/8711
f 4872/9789 4762/9509 4544/9357
f 4712/9354 4762/9509 4713/9346
f 4928/9790 4837/9791 4929/9792
f 4763/9720 4950/9793 4952/9721
f 4764/9697 4559/8983 5012/9137
f 4556/9371 4718/9699 4764/9136
f 4139/7363 4765/8649 3789/7364
f 4728/8481 4765/8480 4138/8648
f 4767/9727 4766/9726 4728/9704
f 5085/9713 4766/9726 4730/9714
f 4138/8648 4767/8097 4728/8481
f 4730/9724 4767/9727 4734/9223
f 4769/9562 4768/9564 3687/7422
f 4777/9730 4768/8225 4735/9563
f 3687/7422 3925/7424 4813/8222
f 4770/9728 4769/9562 4222/8784
f 4222/7483 4223/7482 4814/8771
f 4509/9152 4739/9569 4771/9729
f 4737/9302 4771/9301 4654/7978
f 4735/9563 4770/9728 4771/9729
f 4654/9295 5170/9294 5169/9739
f 4772/9784 4508/9783 4773/9425
f 5173/9794 5174/9795 4775/9796
f 4775/9796 5174/9795 5042/7185
f 5002/9797 5183/9673 5184/9675
f 5036/9798 5035/9559 5034/9558
f 4775/9796 4776/9799 5173/9794
f 5040/9800 4774/9801 5036/9802
f 4508/9803 5191/9804 5173/9805
f 5044/7183 4776/9799 4775/7184
f 4771/9729 4777/9303 4735/9563
f 4736/9561 4777/9730 4737/9424
f 5152/9806 4778/9431 4067/9002
f 5171/9807 5170/9808 4581/9809
f 4657/9747 4779/9746 4742/9743
f 3697/9745 4745/8602 4779/9746
f 3697/8603 4121/9810 4780/8601
f 4121/9750 4746/9752 4780/8601
f 4783/9754 4781/9756 4746/8083
f 3979/8327 4781/8326 3868/7864
f 4745/8082 4781/8081 4782/7815
f 3866/8328 4782/7815 4781/8326
f 4784/8085 4783/9753 4746/8083
f 3868/7864 4783/9754 4114/8087
f 4123/9751 4784/8085 4746/9752
f 3759/8590 4113/8307 4815/8084
f 4786/9445 4785/9447 4583/9171
f 4787/9020 4785/9447 4584/9018
f 4786/9445 4583/9171 4658/9455
f 4584/9446 4786/9445 4586/9159
f 4788/9757 4787/9759 4677/9441
f 4785/9573 4787/9020 4750/9571
f 4681/9606 4788/9618 4677/9441
f 4897/9595 4789/9169 4898/9811
f 4788/9757 4898/9812 4750/9758
f 4897/9765 4819/9813 4896/9763
f 4791/9617 4790/9616 4444/9604
f 4899/9814 4790/9616 4751/9615
f 4792/7938 4791/7937 4444/9604
f 4791/9815 4687/9816 4821/9817
f 4670/9469 4792/9599 4444/9600
f 4793/9627 4792/7938 4514/9468
f 4600/9080 4793/9467 4514/9468
f 4689/9183 4688/9314 4794/9628
f 4791/7937 4794/7939 4687/9816
f 4689/9183 4794/9628 4793/9467
f 4876/9818 4878/9819 4817/9820
f 4900/9821 4818/9822 4820/9823
f 4755/9774 4797/9776 4448/9626
f 4816/9408 4817/9410 4795/9824
f 4691/9775 4798/9825 4797/9776
f 4799/9826 4753/9827 4876/9828
f 4694/8466 4798/7801 4691/9482
f 4799/9829 4798/9830 4754/9831
f 4798/9830 4799/9829 4797/9776
f 5163/9832 4799/9829 4754/9831
f 4325/9655 4800/9654 4320/8432
f 4828/9664 4800/9657 4758/9656
f 4824/9833 4045/8462 3720/8461
f 4830/9834 4802/9835 4829/9836
f 4829/9837 4758/9656 4823/8975
f 5186/9778 4802/9835 4830/9779
f 4701/9659 4706/9672 4831/9661
f 4832/9838 4885/9839 5187/9840
f 4483/9229 4804/9342 4479/9245
f 4838/9676 4804/9238 4540/9341
f 4924/9841 4925/9842 4886/9843
f 4836/9844 4929/9845 4923/9846
f 4838/9847 4806/9848 4805/9849
f 4540/8945 4539/8944 4806/9343
f 4842/9850 4840/9679 4848/9678
f 4842/9850 4807/9851 4840/9679
f 4809/9681 4808/9680 4174/8701
f 4873/9686 4808/9508 4761/8711
f 4406/8954 4407/7386 4856/9852
f 4761/8711 4809/9681 4867/9788
f 4406/8954 4810/9126 4410/8955
f 4809/9681 4174/8701 4810/9126
f 4893/9853 4812/9684 4875/9683
f 4872/9789 4713/9346 4762/9509
f 4713/9346 4872/9789 4875/9854
f 5077/9855 4952/9856 4951/9857
f 4222/8784 4813/8786 3926/7391
f 3687/7422 4813/8222 4769/9562
f 4509/9152 4814/9428 4580/9153
f 4222/7483 4814/8771 4770/9728
f 3852/8080 4815/8593 4113/8307
f 4783/9754 4815/8084 4114/8087
f 4690/9292 4822/9291 4817/9410
f 4818/9632 4816/9634 4795/9824
f 4796/9858 4876/9818 4817/9820
f 4876/9828 4753/9827 5160/9859
f 4820/9823 4818/9822 4795/9824
f 4751/9615 4791/9617 4821/9817
f 4895/9860 4880/9861 4795/9862
f 4668/9590 4659/9589 4897/9595
f 4795/9824 4817/9410 4895/9860
f 4820/9823 4819/9412 4900/9821
f 4816/9634 4821/9633 4687/9622
f 4751/9615 4821/9817 4818/9632
f 4797/9629 4822/9631 4448/9626
f 4817/9820 4822/9291 4796/9858
f 4824/9833 4823/8464 4045/8462
f 4829/9837 4823/8975 4801/8455
f 3720/8461 4825/9863 4824/9833
f 4826/9864 4827/9865 4825/9866
f 4042/8457 4825/8459 3720/7454
f 4825/8459 4041/8458 4826/9864
f 4909/9867 4908/7948 4041/7947
f 4826/7946 4908/7948 4912/9868
f 4825/9866 4827/9865 4824/9833
f 4827/9865 4826/9864 4963/9869
f 4829/9837 4828/9664 4758/9656
f 4702/8969 4828/9664 4802/8963
f 4801/8455 4827/8454 4884/7528
f 4828/9664 4829/9837 4802/8963
f 4884/7528 4829/9837 4801/8455
f 4959/9870 5063/9871 5002/9872
f 4831/9665 4697/9646 5175/9873
f 4803/9662 4831/9661 5179/9874
f 5157/9875 5162/9876 4653/9877
f 4833/9770 4754/9878 4834/9771
f 4885/7570 4833/9770 4803/7571
f 5164/9879 4833/9880 4832/9881
f 4798/7801 4834/7800 4754/9831
f 3684/9772 4834/9771 4694/8466
f 4838/9676 4835/9502 4760/9239
f 4923/9882 4924/9841 4886/9843
f 4944/9883 4644/9884 4992/9885
f 4928/9886 4887/9887 4620/9888
f 4924/9889 4835/9890 4805/9891
f 4929/9792 4887/9887 4928/9790
f 4806/9343 4838/9847 4540/8945
f 4835/9890 4838/9676 4805/9891
f 4840/9786 4760/9239 4709/9677
f 4843/9120 4839/9122 4807/9892
f 4928/9893 4841/9894 4848/9895
f 4807/9892 4839/9122 4840/9679
f 4891/9688 4890/9687 4711/9896
f 4871/8712 4867/9788 4711/9897
f 4851/9898 4859/9899 4869/9900
f 4856/9901 4864/9902 4852/9903
f 4843/8947 4807/9892 4844/8948
f 4847/9121 4843/9120 4312/9904
f 4889/9905 4860/9906 4854/9907
f 4851/9908 4842/9909 4841/9910
f 4845/9110 4313/8743 4846/9111
f 4312/9109 4843/9120 4845/9110
f 4850/8924 4313/9911 4314/8708
f 4846/9242 4850/9912 4489/8936
f 4482/8951 4847/9243 4312/9246
f 4839/9122 4847/9121 4479/9240
f 4947/9913 4928/9893 4848/9895
f 4841/9894 4842/9909 4848/9895
f 4856/9852 4857/9125 4406/8954
f 4860/9914 4851/9915 4861/9916
f 4489/8936 4850/9912 4310/8723
f 4850/9912 4846/9242 4313/9911
f 4859/9899 4851/9898 4841/9910
f 4851/9915 4849/9917 4861/9916
f 4856/9852 4407/7386 4864/9902
f 4858/9918 4191/9115 4493/8961
f 4946/9919 4859/9899 4841/9910
f 4868/9920 4869/9921 4870/9922
f 4849/9923 4862/9924 4863/9925
f 4855/8728 3680/8727 4314/8708
f 4313/9911 4855/8745 4314/8708
f 4854/9118 4861/9926 4863/9119
f 4864/9902 4407/7386 4191/9115
f 4856/9901 4852/9903 4857/9125
f 4852/9903 4862/9927 4857/9125
f 4862/9927 4868/9928 4857/9125
f 5194/9929 4493/9255 4403/8960
f 4855/8745 4889/8744 4865/9930
f 4946/9919 4892/9931 4859/9899
f 4859/9899 4853/9932 4869/9900
f 4807/9350 4842/9850 4860/9351
f 4851/9908 4860/9914 4842/9909
f 4863/9119 4861/9926 4849/9923
f 4860/9906 4861/9916 4854/9907
f 4862/9924 4852/9903 4863/9925
f 4867/9788 4809/9681 4868/9933
f 4858/9934 5193/9935 4852/9936
f 4866/9256 5194/9258 4492/9937
f 4191/9115 4858/9918 4864/9902
f 4852/9936 4864/9902 4858/9934
f 4863/9925 4852/9903 5193/9935
f 3680/8727 4866/8729 4492/8736
f 4855/8728 4865/9930 4866/8729
f 4865/9117 4863/9119 5193/9935
f 4809/9123 4857/9125 4868/9933
f 4868/9920 4870/9922 4867/9788
f 4862/9927 4849/9923 4868/9928
f 4869/9921 4868/9920 4849/9923
f 4869/9921 4849/9923 4851/9898
f 4870/9922 4869/9921 4853/9932
f 4891/9938 4870/9922 4853/9932
f 4867/9788 4870/9922 4711/9897
f 4890/9687 4871/8712 4711/9896
f 4873/8713 4871/8712 4811/9939
f 4873/9940 4872/9789 4544/9357
f 4875/9854 4872/9789 4811/9941
f 4872/9789 4873/9940 4811/9941
f 4544/9357 4623/8669 4873/9940
f 4875/9683 4874/9685 4713/9346
f 5081/9700 4874/9347 4812/9684
f 4890/9687 4811/9939 4871/8712
f 4811/9941 4890/9687 4875/9854
f 4799/9640 4876/9828 4796/9630
f 5160/9942 5158/9943 5159/9944
f 5157/9875 4653/9877 5155/9767
f 5148/9945 5138/9946 5139/9947
f 5142/9948 5143/9949 5144/9950
f 4817/9820 4878/9819 4895/9860
f 5160/9951 5145/9952 4878/9953
f 4881/9584 3670/9583 4896/9763
f 4795/9824 4880/9861 4820/9823
f 4880/9411 4879/9954 4881/9769
f 4879/9954 4931/9955 4881/9769
f 4669/9581 4903/9592 4663/9579
f 4917/9956 4882/7958 4914/7957
f 4883/9957 4957/9958 4935/9959
f 4883/9957 4935/9959 4934/9960
f 4830/9779 4962/9671 4705/9777
f 4960/9961 4884/7528 3685/7527
f 4829/9837 4884/7528 4830/9834
f 5187/9840 4885/9839 4759/7572
f 4833/9880 4885/7570 4832/9881
f 4805/9849 4806/9848 4925/9345
f 4927/9962 4886/9963 4939/9964
f 4887/9887 4929/9792 4954/9965
f 4998/9966 4620/9888 4887/9887
f 4475/9234 4888/9241 4480/9236
f 4312/9246 4846/9111 4888/9241
f 4860/9906 4889/9905 4844/9352
f 4865/9930 4889/8744 4854/9118
f 4711/9897 4870/9922 4891/9688
f 5080/9967 4893/9547 4763/9546
f 4853/9932 4892/9968 4891/9938
f 4949/9969 4894/9970 4948/9971
f 4859/9899 4892/9931 4853/9932
f 4894/9972 4892/9973 4620/9974
f 4894/9689 4875/9854 4890/9687
f 4875/9854 4894/9689 4893/9853
f 4892/9973 4894/9972 4891/9938
f 4948/9975 4998/9976 4954/9977
f 4878/9819 4879/9978 4895/9860
f 4880/9861 4895/9860 4879/9954
f 4897/9595 3670/9764 4668/9590
f 4819/9412 4881/9769 4896/9763
f 4750/9758 4898/9812 4789/9572
f 4898/9761 4900/9760 4897/9595
f 4788/9618 4680/9605 4898/9812
f 4680/9605 4790/9623 4899/9814
f 4899/9814 4751/9615 4900/9760
f 4680/9605 4899/9814 4898/9812
f 4900/9760 4751/9615 4818/9822
f 4897/9595 4900/9760 4819/9813
f 5145/9979 5144/9950 5143/9949
f 4907/9980 4904/9981 4905/9982
f 4881/9584 4904/9983 4902/9582
f 5195/9984 4904/9985 4901/9986
f 3670/9598 4902/9582 4903/9596
f 4663/9579 4903/9592 4902/9587
f 4931/9955 4904/9983 4881/9769
f 4901/9986 5142/9987 5195/9984
f 5125/9988 5132/9989 5122/9990
f 4906/7798 4664/7797 4663/9586
f 5127/9991 5129/9992 5133/9993
f 4657/9741 4740/9320 4932/9145
f 4904/9983 4907/9980 4902/9582
f 4906/9588 4907/9585 4905/9982
f 4041/8458 4042/8457 4909/9867
f 4912/9868 4908/7948 4882/9994
f 4909/7956 3816/8449 4913/8453
f 4882/7958 4908/7948 4909/7956
f 4917/9956 4922/9995 4882/7958
f 4910/9283 4957/9996 4933/9281
f 3816/8449 5196/9997 4913/8453
f 4915/9998 4911/9999 4916/10000
f 4912/9868 4882/9994 4922/9995
f 4826/7946 4912/9868 4910/10001
f 5196/8194 3816/8449 3914/8200
f 4913/8453 4911/10002 4914/7957
f 4911/10002 4915/9998 4914/7957
f 4914/7957 4915/9998 4917/9956
f 4911/9999 5196/10003 4916/10000
f 4917/9956 4915/9998 3721/10004
f 4048/8472 4916/7959 3818/7450
f 3721/10004 4915/9998 4916/10000
f 4918/10005 4917/9956 3721/10004
f 4919/9288 4920/9287 4922/10006
f 5101/7721 4918/7723 3721/10004
f 4567/9398 4921/9397 4506/9286
f 4917/9956 4918/10005 4919/10007
f 4919/10007 4918/10005 4506/7722
f 4920/9287 4505/9289 4964/10008
f 4920/10009 4910/10001 4912/9868
f 4505/9289 4919/9288 4921/10010
f 4506/9286 4921/9397 4919/10007
f 4919/9288 4922/10006 4917/9956
f 4912/9868 4922/9995 4920/10009
f 4924/9841 4923/9882 4837/10011
f 4927/9962 4923/9882 4886/9963
f 4835/9890 4924/9889 4837/9504
f 4925/9842 4924/9841 4805/9849
f 4926/9545 3704/9344 4936/10012
f 4925/9345 4926/9545 4939/10013
f 4534/8792 4982/10014 4983/9494
f 4944/9543 4941/9542 4643/9495
f 4643/9495 4986/9553 4944/9543
f 4923/9882 4927/9962 4836/9844
f 4946/10015 4928/9886 4620/9888
f 4848/9895 4709/9677 4947/9913
f 4923/9846 4929/9845 4837/10011
f 4954/9965 4929/9792 4836/9844
f 4944/10016 4955/10017 5000/10018
f 4996/10019 5058/10020 5059/10021
f 5143/10022 4931/9955 4879/9954
f 4904/9983 4931/9955 4901/9986
f 5137/10023 5130/10024 5141/10025
f 3697/10026 5129/9992 5127/9991
f 4958/10027 5018/10028 5015/10029
f 4933/9281 4961/10030 4963/9282
f 5008/9280 5006/9279 5007/10031
f 5014/10032 5013/10033 4934/10034
f 4910/10001 4920/10009 4935/10035
f 4935/10035 4920/10009 4964/10008
f 4619/9334 4936/9498 3704/9335
f 4617/9499 4926/9545 4936/9498
f 4984/10036 4938/10037 4982/10038
f 4943/10039 4937/10040 4987/10041
f 4989/10042 4234/8804 4233/8803
f 4982/10038 4938/10037 4937/10043
f 4925/9842 4939/10013 4886/9843
f 4939/10013 4926/9545 4940/10044
f 4926/9545 4942/10045 4940/10044
f 4990/10046 4986/9553 4943/9497
f 4927/9544 4939/9964 4941/9542
f 4940/9496 4941/9554 4939/10013
f 4617/9499 4942/8799 4926/9545
f 4943/10039 4942/10047 4937/10040
f 4942/10045 4943/10039 4940/10044
f 4987/10041 4937/10040 4938/10037
f 4645/8814 4945/9549 4992/10048
f 4954/9965 4836/9844 5000/10049
f 3674/9533 4994/9712 4993/9701
f 4993/9701 4997/10050 4945/9549
f 4892/9973 4946/9919 4620/9974
f 4841/9894 4928/9893 4946/9919
f 4835/9503 4947/9505 4709/9500
f 4837/9504 4928/9790 4947/9505
f 4948/9971 4950/10051 4949/9969
f 4620/9974 4998/9966 4894/9972
f 4894/9689 4949/9969 4893/9853
f 4950/10051 4948/9971 4930/10052
f 5060/10053 4930/10054 4955/10055
f 4763/9546 4949/9548 4950/9793
f 4953/10056 4719/9706 4725/9698
f 5078/10057 5092/10058 5077/10059
f 5059/10060 4950/10051 4930/10052
f 5076/10061 5077/10062 5061/10063
f 4725/9698 4716/7508 4953/10056
f 5084/9722 5083/10064 4732/9702
f 4836/9844 4927/9962 5000/10049
f 4948/9971 4954/9977 4930/10052
f 5001/10065 4944/9883 4992/9885
f 4930/10052 4954/9977 4955/10055
f 4905/9982 5141/10066 4906/9588
f 4740/9320 4956/9462 4932/9145
f 4935/10035 4957/9958 4910/10001
f 5065/10067 4957/9958 4883/9957
f 5013/10068 5015/10069 5025/10070
f 4958/10027 5015/10029 5021/10071
f 4960/9961 4830/9834 4884/7528
f 4960/9961 3685/7527 4961/10072
f 3685/7527 4963/9282 4961/10072
f 4960/10073 4959/10074 4962/10075
f 5065/10076 5018/9668 4961/9667
f 4959/10074 4960/10073 4961/9667
f 4960/9961 4962/10075 4830/9834
f 5002/9669 4962/9671 4959/9870
f 4827/7526 4963/9869 3685/7527
f 4910/9283 4963/9282 4826/7946
f 5064/8826 4964/8825 4505/9289
f 4935/9959 4964/10008 4934/9960
f 4969/9525 4967/9524 4629/10077
f 5037/10078 5004/8543 5027/8545
f 4629/9523 4967/9524 4631/9262
f 5006/10079 5005/10080 4965/10081
f 4977/10082 4980/10083 4979/10084
f 4966/9278 5008/9280 5009/10085
f 5120/10086 4560/10087 5119/10088
f 4967/9524 4973/9526 5005/10089
f 4972/9519 4974/10090 4977/9517
f 4969/9525 4968/10091 4973/9526
f 4639/9387 5010/10092 4971/9385
f 4968/10091 4969/9525 4974/9529
f 5010/10092 4639/9387 4565/7243
f 4972/9367 4971/9385 4970/10093
f 4975/9530 4974/9529 4970/10094
f 4714/9539 4972/9367 4497/9540
f 5038/10095 5004/8543 5037/10078
f 4973/9526 5067/10096 5005/10089
f 4978/10097 4969/9525 4629/10077
f 4972/9519 4970/10093 4974/10090
f 4970/10094 4976/10098 4975/9530
f 4975/9530 4976/10098 5038/10099
f 4970/10093 4971/9385 5010/10092
f 4976/10098 4498/10100 5038/10099
f 4978/10101 4977/9517 4974/10090
f 4977/10082 4978/10101 4980/10083
f 4969/9525 4978/10097 4974/9529
f 4629/9523 4630/9260 4980/9515
f 4555/9372 4558/8980 5012/9137
f 4497/9518 4977/9517 4979/9368
f 4979/10084 4980/10083 4555/9514
f 4629/10077 4980/9515 4978/10097
f 5015/10029 5022/10102 5021/10071
f 4883/9957 4934/9960 5013/10033
f 4983/9494 4982/10014 4937/10043
f 4984/10036 4982/10038 4534/8792
f 4942/10047 4983/8801 4937/10040
f 4983/9494 4617/8800 4985/9336
f 4535/9007 4984/9009 4534/8792
f 4938/10037 4984/10036 3739/7754
f 4618/9492 4985/9491 4617/9499
f 4985/9336 4533/9493 4536/8790
f 5167/9551 4986/9550 4646/10103
f 4944/9883 4986/9553 4644/9884
f 4938/10037 4989/10104 4987/10041
f 4989/10105 4991/10106 4988/10107
f 4646/9555 4988/7170 4647/8815
f 4988/7170 4987/7172 4989/10105
f 4234/7753 4989/10042 4938/9332
f 4989/10105 4233/8803 4991/10106
f 4986/9553 4990/10046 4646/10103
f 4987/7172 4990/7171 4943/10039
f 4242/8808 4991/8810 4233/8803
f 4232/8817 4988/8816 4991/8810
f 4645/8814 4992/10048 4644/9884
f 5001/10065 4992/9885 4945/9549
f 4953/10056 4995/10108 4719/9706
f 4993/9711 4719/9710 4995/10108
f 4641/9511 4994/9513 3674/9533
f 4719/9710 4994/9712 4726/9362
f 5058/10109 4953/10110 5082/10111
f 4997/9708 5058/9707 4996/10019
f 4951/9857 4952/9856 5059/10112
f 4996/10113 5060/10114 5001/10115
f 4995/9709 4997/9708 4993/9711
f 5001/10115 4997/9708 4996/10113
f 4954/9965 4998/9976 4887/9887
f 4894/9972 4998/9966 4948/9971
f 4951/10116 5058/10109 5082/10111
f 5084/9722 4731/9693 5085/10117
f 4944/9543 5000/10018 4927/9544
f 4954/9965 5000/10049 4955/10055
f 5001/10115 4945/9549 4997/9708
f 4955/10017 4944/10016 5001/10065
f 5021/10118 5023/10119 5066/10120
f 5185/10121 5023/10122 5177/10123
f 4921/10010 5007/9399 4505/9289
f 5003/10124 5016/10125 5014/10126
f 5114/10127 5104/10128 5109/10129
f 4965/10130 5026/10131 5016/10132
f 4965/10081 5016/10132 5006/10079
f 4967/9524 5005/10089 4966/10133
f 5007/10031 5006/9279 5003/10134
f 4966/10133 5005/10089 5006/9279
f 5007/10031 5003/10134 5064/10135
f 5007/10031 4567/9398 5008/9280
f 4648/7378 5008/9556 4567/9557
f 5009/10085 5008/9280 3686/7377
f 4631/9396 5009/9395 3686/7377
f 4966/9278 5009/10085 4967/9524
f 4565/9273 4635/9272 5011/9528
f 4970/10093 5010/10092 4976/10098
f 4976/10098 5011/9536 4498/10100
f 4565/7243 5011/9528 5010/10092
f 4497/9370 5012/9369 4559/8983
f 4555/9372 5012/9137 4979/10084
f 4934/10034 5064/8826 5014/10032
f 5015/10069 5013/10068 4981/10136
f 5003/10134 5006/9279 5016/10125
f 5013/10033 5014/10032 5032/10137
f 5033/10138 5022/10139 5024/10140
f 5018/10028 4958/10027 5063/10141
f 5019/10142 5026/10143 5027/10144
f 5014/10126 5016/10125 5020/10145
f 5017/10146 5033/10147 5035/10148
f 5002/9872 5063/9871 5066/10149
f 5065/10076 4961/9667 4933/9281
f 5025/10150 5018/9668 5065/10076
f 4560/10087 5102/10151 5119/10088
f 5033/10138 5024/10140 3664/9376
f 5028/10152 5016/10132 5026/10131
f 5028/10153 5030/10154 5031/10155
f 5022/10102 5015/10029 4981/10136
f 5017/10156 5068/10157 5021/10158
f 5022/10102 4981/10136 5024/10140
f 5017/10156 5021/10158 5022/10102
f 5035/9559 5036/9798 5068/10159
f 4774/9782 5174/9781 5180/10160
f 4981/9520 5020/9522 5024/10140
f 5020/10145 5016/10125 5028/10152
f 5013/10033 5025/10070 4883/9957
f 5015/10029 5018/10028 5025/10070
f 5005/10080 5067/10096 4965/10081
f 5026/10143 5019/10142 5028/10152
f 5067/10096 5026/10131 4965/10081
f 5027/8545 5067/10161 5037/10078
f 5028/10152 5019/10142 5030/10154
f 5020/10145 5028/10152 5031/10155
f 5004/8543 5121/10162 5110/8544
f 5056/8239 3934/8237 3930/8228
f 5110/8544 5019/10142 5027/8545
f 5031/10155 5030/10154 5029/10163
f 5031/10155 5029/10163 5069/10164
f 5031/9375 5024/9377 5020/10145
f 5013/10068 5032/10137 4981/10136
f 5014/10126 5020/10145 5032/10137
f 5035/9559 5033/10147 5073/9560
f 5022/10102 5033/10138 5017/10156
f 5041/10165 5045/10166 5039/10167
f 4649/8494 5046/10168 3930/8238
f 5073/9560 5033/10147 3664/9376
f 5040/9800 5036/9802 5034/9558
f 5177/10169 5036/9802 4774/9801
f 5068/10159 5036/9798 5023/10170
f 4973/9526 4968/10091 5037/10171
f 5038/10099 4498/10100 5120/10172
f 5037/10171 4968/10091 5038/10095
f 5038/10095 4968/10091 4975/9530
f 5046/10168 4649/8494 5047/10173
f 4773/10174 5044/10175 5047/10176
f 5034/9558 5041/10177 5040/9800
f 5044/10178 5041/10165 5039/10167
f 5069/10164 3664/9376 5031/10155
f 5044/10178 5042/7185 5041/10165
f 4774/9782 5040/9800 5042/9780
f 5041/10177 5042/7185 5040/9800
f 5069/10164 5048/10179 3664/9376
f 3665/10180 5057/10181 5074/10182
f 5047/10176 5044/10175 5039/10167
f 4776/9652 5044/7183 4773/9653
f 5072/10183 5041/10177 5034/9558
f 5049/10184 5045/10185 5043/10186
f 5047/10173 4649/8494 4579/9565
f 5051/10187 5039/10167 5045/10166
f 5046/10168 5047/10173 5039/10167
f 4773/9425 5047/10176 4579/9426
f 5043/10186 5045/10185 5048/10188
f 5072/10189 5048/10188 5045/10185
f 5043/10186 5052/10190 5049/10184
f 5051/8226 3930/8228 5046/10168
f 5055/10191 5052/10192 5071/10193
f 5052/10192 5055/10191 5050/10194
f 5039/10167 5051/10187 5046/10168
f 5045/10185 5049/10184 5051/10187
f 5070/10195 5071/10196 5069/10197
f 5052/8541 5050/10194 5054/8542
f 5112/10198 5110/8544 5121/10162
f 4560/10087 4632/9527 5102/10151
f 5074/10199 5054/8542 5050/10194
f 3932/7981 5057/10181 3665/7193
f 5071/10193 5052/10192 5043/10186
f 5104/10200 5199/10201 5197/10202
f 5052/8541 5056/8540 5049/10184
f 3934/8237 5056/8239 5054/8234
f 3934/8233 5057/8232 3932/8235
f 5074/10199 5057/10181 5054/8542
f 4953/10110 5058/10109 4995/10108
f 5059/10112 5058/10020 4951/9857
f 4950/10051 5059/10060 4952/9721
f 5060/10053 5059/10060 4930/10054
f 5001/10115 5060/10114 4955/10017
f 5059/10021 5060/10053 4996/10019
f 5081/10203 5092/9099 5079/9098
f 4893/9853 5080/9967 4812/9684
f 5062/10204 5082/10205 5083/10206
f 5084/9722 5062/10204 5083/10064
f 5018/9668 5063/10141 4959/9666
f 5066/10149 5063/9871 4958/10027
f 5007/9399 5064/10135 4505/9289
f 5014/10126 5064/8826 5003/10124
f 4957/9958 5065/10067 4933/9281
f 5025/10070 5065/10076 4883/9957
f 5021/10071 5066/10120 4958/10027
f 5066/10120 5023/10119 5185/10121
f 5037/10171 5067/10161 4973/9526
f 5026/10143 5067/10096 5027/10144
f 5021/10118 5068/10157 5023/10119
f 5035/10148 5068/10159 5017/10146
f 5070/10195 5069/10197 5029/10163
f 5043/10186 5048/10188 5069/10164
f 5104/10128 5053/10207 5109/10129
f 5071/10196 5070/10195 5053/10208
f 5055/10191 5071/10193 5053/10208
f 5069/10164 5071/10196 5043/10186
f 5041/10177 5072/10183 5045/10166
f 5073/9560 5072/10183 5034/9558
f 3664/9376 5048/10179 5073/9560
f 5073/9560 5048/10179 5072/10183
f 5198/10209 5074/10199 5050/10194
f 5075/7747 4088/10210 4089/7745
f 3665/10180 5074/10182 5075/7747
f 4088/10210 5075/7747 5074/10182
f 5077/10062 5076/10061 4952/9856
f 5080/9696 5076/10061 5061/9694
f 5082/10111 5077/9855 4951/10116
f 5078/10057 5077/10059 5062/10211
f 5087/10212 5062/10204 5084/9722
f 5092/10058 5078/10057 4999/10213
f 5088/9717 4999/10214 5087/9718
f 5093/10215 5079/10216 4551/10217
f 5076/10061 5080/9696 4763/9720
f 5061/9694 5092/9099 5081/9695
f 5081/10203 5079/9098 5093/10215
f 4812/9684 5080/9967 5081/9700
f 5083/10206 5082/10205 4953/10110
f 5077/9855 5082/10111 5062/10211
f 4953/10110 4716/7508 5083/10206
f 5083/10206 4716/7508 4732/9702
f 4731/9693 4766/9692 5085/10117
f 5087/10212 5078/10057 5062/10204
f 5086/9723 5089/10218 4733/9222
f 5089/9715 5088/9717 5085/9713
f 4396/9221 5094/10219 5086/9723
f 5090/10220 5088/10221 5086/10222
f 5078/10057 5087/10212 4999/10213
f 5084/9722 5085/10117 5087/10212
f 5094/10219 5090/10220 5086/9723
f 4999/10214 5088/9717 5091/10223
f 4733/9222 5089/10218 4730/9724
f 5088/10221 5089/9715 5086/10222
f 4626/7358 5090/9510 3790/7359
f 5091/9097 4551/10217 5079/9098
f 5088/10221 5090/10220 5091/10223
f 4551/10217 5091/9097 5090/9510
f 5077/10059 5092/10058 5061/10063
f 5091/9097 5092/9099 4999/10214
f 4551/10217 4627/9348 5093/10215
f 5081/9700 5093/10215 4627/9348
f 4467/8920 5094/8919 4396/9221
f 5090/10220 5094/10219 3790/7359
f 3773/7819 3860/7821 5096/8075
f 4525/9321 5095/7855 3671/7336
f 5096/7351 3861/7524 4132/8631
f 3671/7336 5095/7855 5096/7351
f 4244/8525 5097/8839 3688/8526
f 4085/8533 5097/8535 4082/8522
f 3837/7166 5098/7768 3689/8005
f 5099/8546 3745/7766 3733/8547
f 5206/8548 3733/8547 4089/7745
f 4087/8536 5098/8527 5099/7767
f 4098/8030 5100/9043 3747/8025
f 4367/8913 5100/8278 4360/8011
f 4916/10000 5101/7961 3721/10004
f 4052/8471 5101/7476 4048/8472
f 5203/10224 5117/9378 5115/9380
f 4560/10087 5120/10086 4498/8822
f 5197/10202 5198/10225 5104/10200
f 5050/10194 5055/10191 5104/10226
f 5055/10191 5053/10208 5104/10226
f 5070/10195 5107/10227 5053/10208
f 5105/10228 5113/10229 5111/10230
f 5053/10207 5107/10227 5109/10129
f 5108/10231 5107/10232 5029/10233
f 5108/10231 5029/10233 5030/10154
f 5029/10233 5107/10232 5070/10195
f 5107/10227 5106/10234 5109/10129
f 5019/10142 5108/10231 5030/10154
f 5107/10232 5108/10231 5106/10234
f 5106/10235 5110/8544 5112/10198
f 5109/10129 5106/10234 5111/10236
f 5106/10234 5108/10231 5110/8544
f 5019/10142 5110/8544 5108/10231
f 5105/10228 5119/10237 5113/10229
f 5114/9381 5103/9379 5199/10238
f 5105/10228 5111/10230 5112/10239
f 5106/10235 5112/10198 5111/10236
f 5115/10240 5113/10241 5102/10242
f 5113/10241 5115/10240 5114/9381
f 5109/10129 5111/10236 5114/10127
f 5113/10229 5114/9381 5111/10230
f 5102/10242 4562/9384 5115/10240
f 4562/9384 4563/9383 5203/8818
f 5118/10243 3688/8526 5097/8839
f 5116/10244 5201/10245 5200/10246
f 5203/10224 5115/9380 4562/9384
f 5200/10246 5117/10247 5116/10244
f 5097/8535 4084/8534 5118/10243
f 5201/8531 5118/10243 4084/8532
f 5113/10241 5119/10237 5102/10242
f 5119/10237 5105/10228 5120/10086
f 5105/10228 5121/10248 5120/10086
f 5038/10099 5120/10172 5004/8543
f 5112/10239 5121/10162 5105/10228
f 5004/8543 5120/10172 5121/10162
f 5125/10249 4116/10250 5126/10251
f 5122/9990 4116/8611 5125/9988
f 5123/9420 4576/9419 4577/9415
f 5124/9418 5123/9414 3758/8616
f 4116/7803 5124/8610 4124/7804
f 5123/9420 5124/9418 5122/9421
f 5128/8613 5125/10249 5126/8614
f 5131/10252 5127/9991 5133/9993
f 4119/8604 5126/8608 4116/7803
f 4121/9750 5126/8614 4123/9751
f 5127/9991 5128/10253 3697/10026
f 5134/10254 4956/9462 4906/7798
f 3697/10026 5128/10253 4121/9810
f 5131/10252 5128/8607 5127/9991
f 4657/9144 5129/9146 3697/9745
f 5133/9993 5129/9992 4932/9145
f 5137/10255 4905/10256 5195/10257
f 5138/10258 5135/10259 5137/10260
f 5135/8598 5131/8600 5136/10261
f 5122/9421 5132/9989 4576/9419
f 5128/8607 5132/8606 5125/10249
f 4576/9419 5132/9989 5131/8605
f 5134/10254 4932/9145 4956/9462
f 5133/10262 5130/10263 5136/10264
f 5130/10263 5133/10262 5134/10265
f 5134/10254 5133/10262 4932/9145
f 5135/8598 5136/10261 5137/10260
f 5135/10259 5138/10258 5140/8599
f 5133/10262 5136/10264 5131/10252
f 5137/10260 5136/10261 5130/10024
f 5130/10024 5134/10265 5141/10025
f 5138/10258 5137/10260 4573/10266
f 5139/9947 5138/9946 4573/10266
f 5140/8599 5138/10258 4574/10267
f 5142/10268 5139/9947 4573/10266
f 5149/9566 5146/10269 5147/9567
f 5140/9406 4574/10267 4575/9407
f 5131/8605 5140/8599 4576/9419
f 4906/7798 5141/10066 5134/10254
f 4905/10256 5137/10255 5141/10066
f 5195/9984 5142/9987 4573/10266
f 5142/9987 4901/9986 5143/9949
f 4931/9955 5143/10022 4901/9986
f 5145/9952 4879/9978 4878/9953
f 4877/10270 5204/10271 5149/10272
f 5142/10268 5144/9950 5139/9947
f 5144/9950 5145/9979 4877/10273
f 4879/9954 5145/9952 5143/10022
f 5156/10274 5146/10275 5204/10276
f 5153/9731 4569/8493 4507/9732
f 5148/9568 5147/9567 4574/9417
f 5150/10277 5147/9567 5146/10269
f 5138/10258 5148/9945 4574/10267
f 5148/9568 5139/9947 5149/9566
f 5139/9947 5144/9950 5149/9566
f 4877/10273 5149/10272 5144/9950
f 5151/10278 5150/10277 5146/10269
f 4507/9290 5147/9404 5150/9733
f 5204/10276 5154/10279 5156/10274
f 4738/9433 4778/9435 5152/9806
f 4569/8493 5152/9806 4067/9002
f 4738/9433 5152/9806 5151/9401
f 5151/9401 5153/9400 5150/10277
f 4569/8493 5153/9731 5152/9806
f 5159/9944 5145/9952 5160/9942
f 5157/9875 5155/9767 5156/10280
f 4738/9433 5151/9401 5155/10281
f 5156/10280 5155/9767 5151/9401
f 5146/10275 5156/10274 5151/10278
f 5157/9875 5156/10280 5154/10279
f 5154/10279 5158/10282 5157/9875
f 5158/10282 5162/9876 5157/9875
f 5158/10282 5154/10279 5159/9944
f 5161/10283 5158/10284 4753/10285
f 5204/10276 5159/9944 5154/10279
f 5159/9944 4877/10273 5145/9952
f 4876/9828 5160/9859 4878/9819
f 4753/9827 5158/10284 5160/9859
f 5163/9635 5161/9637 4753/10285
f 5164/9636 5165/10286 5161/9637
f 5158/10282 5161/10283 5162/9876
f 5162/9876 5161/10283 5165/10286
f 4799/9829 5163/9832 4753/9827
f 5164/9636 5163/9635 4754/9831
f 4833/9880 5164/9879 4754/9878
f 5165/10286 5164/9636 4832/9881
f 5187/9736 5165/9735 4832/9838
f 5162/9876 5165/10286 4653/9877
f 4756/8972 5166/9773 4609/9488
f 4611/9313 5166/9486 4610/8974
f 4644/9884 5167/9551 4645/8814
f 4647/8815 5167/9275 4646/9555
f 5189/9766 4653/9768 5187/9736
f 5187/9840 4759/7572 5188/10287
f 4654/9295 5169/9739 4772/7979
f 5191/10288 5169/9739 5168/9738
f 4739/9569 4581/9154 5170/9294
f 5171/9434 4581/9809 4778/9435
f 5189/10289 5171/9434 4738/9433
f 5168/9738 5170/9737 5171/9807
f 4508/9783 5169/9785 5191/9804
f 5179/9874 4759/7572 4803/9662
f 4508/9803 5173/9805 4776/9652
f 5173/9794 5172/10290 5174/9795
f 5190/10291 5179/10292 5175/10293
f 5181/10294 5180/10295 5175/10296
f 5175/10296 4697/9646 5181/10294
f 5172/10290 5178/10297 5174/9795
f 4697/9646 5182/10298 5181/10294
f 5177/10123 5023/10122 5036/9802
f 5180/10160 5177/10169 4774/9782
f 5176/10299 5183/10300 5185/10301
f 5172/10302 5188/10303 5190/10304
f 5180/10295 5178/10305 5175/10296
f 4831/9665 5175/9873 5179/9874
f 5190/10291 5175/10293 5178/10305
f 5180/10295 5174/9781 5178/10305
f 5177/10169 5180/10160 5176/10306
f 5182/10298 4697/9646 4707/9645
f 5180/10295 5181/10294 5176/10306
f 5184/10307 4707/10308 4705/10309
f 5176/10306 5181/10294 5182/10298
f 5183/9673 5002/9797 5066/10149
f 5176/10299 5182/10298 5183/10300
f 4707/10308 5184/10307 5182/10298
f 5002/9797 5184/9675 4705/9670
f 5176/10299 5185/10301 5177/10169
f 5066/10149 5185/10121 5183/9673
f 4707/10308 5186/9649 4705/10309
f 4708/8964 4802/8963 5186/9649
f 4759/7572 5190/10304 5188/10287
f 5189/10289 4738/9433 5155/9767
f 5172/10302 5191/10310 5188/10303
f 5192/10311 5189/9766 5187/9736
f 5192/10311 5187/9736 5188/10287
f 5171/9807 5189/10289 5168/9738
f 5179/9874 5190/10291 4759/7572
f 5172/10290 5190/10304 5178/10297
f 5191/10310 5172/10302 5173/9805
f 5192/10311 5168/9738 5189/9766
f 5188/10303 5191/10310 5192/10311
f 5168/9738 5192/10311 5191/10288
f 5194/9258 5193/9257 4858/9934
f 4865/9117 5193/9935 4866/8729
f 4493/8961 5194/9929 4858/9918
f 4492/9937 5194/9258 4403/9113
f 5137/10260 5195/10257 4573/10266
f 4904/9985 5195/9984 4905/9982
f 4916/10000 5196/10003 3818/7450
f 4913/8453 5196/9997 4911/10002
f 5103/9379 5117/9378 5200/7085
f 4088/10210 5074/10182 5198/10209
f 5104/10226 5198/10225 5050/10194
f 4088/10210 5198/10209 5197/10202
f 5114/10127 5199/10238 5104/10128
f 5103/9379 5197/7086 5199/10238
f 5116/10244 5118/7237 5201/10245
f 5200/10246 5201/10245 5205/7737
f 5202/8530 4084/8532 4086/8518
f 5205/7737 5201/10245 4087/10312
f 3689/8005 5202/8528 4086/8518
f 4087/8536 5201/10245 5202/8528
f 5118/10243 5203/7236 3688/8526
f 5117/9378 5203/10224 5116/10244
f 5149/10272 5204/10271 5146/10269
f 5159/9944 5204/10276 4877/10273
f 5206/8548 4087/8536 5099/8546
f 5197/7086 5205/7737 4088/10210
f 4088/8539 5206/8538 4089/7745
f 4087/8536 5206/8548 5205/7737
