# Exported from MakeClothes (TM)
# author DredNicolson
# license CCBY
# homepage http://www.makehumancommunity.org/contributions.html
v -1.3040 3.5709 -0.2953
v -1.0044 1.5987 -0.2833
v -1.0132 1.5729 -0.2903
v -1.0226 1.4758 -0.2807
v -1.0352 1.4391 -0.2900
v -0.8835 2.0463 -0.1831
v -1.1386 3.0961 -0.2132
v -0.9197 2.5668 -0.1497
v -0.8718 2.2257 -0.1678
v -1.0896 2.9884 -0.1947
v -0.9671 2.7207 -0.1620
v -1.2660 3.4492 -0.2747
v -0.9161 1.8694 -0.2118
v -0.8899 2.4033 -0.1505
v -1.1773 3.1983 -0.2309
v -1.0311 2.8611 -0.1864
v -1.0060 1.5834 -0.2803
v -1.2226 3.3289 -0.2549
v -0.9635 1.7105 -0.2539
v -1.0515 1.4537 -0.3232
v -0.9255 3.6237 -0.5393
v -1.1481 3.6023 -0.4274
v -0.1273 3.6454 -0.5832
v -0.3850 3.6408 -0.6071
v -0.6551 3.6356 -0.6031
v -1.4171 1.6899 0.2548
v -1.4239 1.6886 0.2868
v -0.2104 1.3106 1.5460
v -0.7399 1.3474 1.3647
v -0.9542 1.3729 1.2640
v -0.3674 1.3220 1.5301
v -1.3585 1.5376 0.8565
v -0.3803 1.5301 -0.4351
v -0.1207 1.5347 -0.4381
v -1.4232 1.6387 0.5558
v -0.5454 1.3362 1.4646
v -0.5336 1.5338 -0.4162
v -1.4152 1.6901 0.2738
v -0.0649 1.2746 1.5387
v -0.8556 1.5408 -0.3706
v -1.3328 1.6479 0.0017
v -1.1892 1.6128 -0.1635
v -0.3694 1.2863 1.5266
v -0.9572 1.3408 1.2636
v -1.4336 1.6653 0.2698
v -0.7439 1.3138 1.3625
v -1.1767 1.4048 1.1257
v -1.3654 1.5100 0.8595
v -0.5485 1.3015 1.4613
v -0.3849 1.5055 -0.4477
v -0.2113 1.2740 1.5427
v -0.6837 1.5197 -0.4076
v -0.1225 1.5091 -0.4527
v -0.5403 1.5085 -0.4267
v -1.4328 1.6125 0.5568
v -1.6045 3.7953 0.2168
v -0.0642 1.3117 1.5398
v -0.8470 1.5670 -0.3617
v -1.4140 1.6742 0.2574
v -1.6173 3.8176 0.2204
v -1.5530 3.6719 0.1987
v -1.3140 1.9469 0.2548
v -1.4083 3.1737 0.2766
v -1.3728 3.0702 0.2889
v -1.2566 2.1106 0.2566
v -1.2115 2.2769 0.2670
v -1.4393 3.2649 0.2475
v -1.5331 3.5937 0.1940
v -1.3740 1.8008 0.2527
v -1.5152 3.5240 0.2003
v -1.2943 2.8058 0.3061
v -1.3360 2.9436 0.2989
v -1.2220 2.4528 0.2792
v -1.4682 3.3602 0.2156
v -1.4933 3.4486 0.1956
v -1.2498 2.6305 0.2926
v -1.3209 1.6723 0.0022
v -1.5741 3.7395 0.2068
v -1.6048 3.7930 0.2391
v -1.1794 1.6378 -0.1588
v -0.6764 1.5461 -0.3975
v -1.1737 1.4342 1.1226
v -1.2216 2.2779 0.2950
v -1.5341 3.5914 0.2184
v -1.5176 3.5229 0.2261
v -1.2615 2.6342 0.3267
v -1.4201 1.6729 0.2862
v -1.3029 2.8099 0.3342
v -1.4966 3.4480 0.2224
v -1.3421 2.9478 0.3289
v -1.5528 3.6685 0.2214
v -1.3824 1.8002 0.2852
v -1.4722 3.3606 0.2435
v -1.6177 3.8150 0.2427
v -1.3216 1.9461 0.2844
v -1.4440 3.2670 0.2760
v -1.4131 3.1765 0.3058
v -1.2655 2.1105 0.2857
v -1.3781 3.0741 0.3186
v -1.5730 3.7366 0.2289
v -1.2340 2.4551 0.3125
v -0.8115 5.3521 0.1547
v -0.1356 4.9837 -0.5741
v -0.4063 5.1340 0.7367
v -0.2593 5.1159 0.7991
v -0.0741 5.0975 0.8063
v -0.3441 5.0503 -0.6081
v -0.8195 5.4163 -0.1998
v -0.6828 5.2373 0.4613
v -0.7710 5.2983 0.3121
v -0.6297 5.2314 -0.5063
v -0.4953 5.1570 0.6649
v -0.5761 5.1886 0.5930
v -0.4973 5.1359 -0.5684
v -0.8316 5.3932 0.0070
v -0.7385 5.3520 -0.3902
v -0.8399 5.3418 0.1439
v -0.8353 5.3338 0.1677
v -0.7617 5.3409 -0.3994
v -0.8426 5.4067 -0.2050
v -0.0767 5.0732 0.8232
v -0.5943 5.1715 0.6007
v -0.8379 5.3327 0.1543
v -0.7953 5.2838 0.3135
v -0.4248 5.1137 0.7534
v -0.1389 4.9509 -0.5837
v -0.3702 5.0166 -0.6220
v -0.8552 5.3810 0.0059
v -0.7029 5.2215 0.4655
v -0.5141 5.1383 0.6776
v -0.5258 5.1118 -0.5763
v -0.6563 5.2143 -0.5062
v -0.2704 5.0930 0.8172
v -1.4845 5.2010 0.1877
v -1.4984 5.1893 0.1847
v -1.0203 5.2933 0.1752
v -0.8220 5.3411 0.1383
v -1.3745 5.2426 0.2049
v -1.2105 5.2650 0.2018
v -0.9022 5.3211 0.1549
v -1.4833 5.1935 0.2213
v -0.7473 5.3459 0.1441
v -0.7161 5.3709 0.1442
v -1.4979 5.1827 0.2175
v -1.0142 5.2835 0.2012
v -0.7397 5.4003 0.1579
v -1.3704 5.2331 0.2365
v -1.2044 5.2543 0.2313
v -0.8973 5.3127 0.1795
v -0.8170 5.3331 0.1627
v -1.5688 4.1244 0.8354
v -1.5422 4.2167 -0.4669
v -1.6400 3.7817 0.2308
v -1.6387 3.7861 0.0400
v -1.5033 5.0628 -0.3898
v -1.6322 3.8282 -0.1370
v -1.4920 4.9385 0.6337
v -1.4874 4.7546 -0.5510
v -1.5158 5.1727 -0.1171
v -1.4917 4.7633 0.7691
v -1.5182 5.1903 0.2011
v -1.5542 4.2356 0.8922
v -1.4934 4.5904 -0.5459
v -1.6264 3.8538 0.6301
v -1.5947 4.0185 0.7696
v -1.5887 4.0369 -0.3918
v -1.4871 4.8906 -0.5177
v -1.6380 3.7799 0.4273
v -1.6096 3.9350 0.7103
v -1.5086 4.4028 -0.5284
v -1.5090 5.1159 0.4385
v -1.5098 5.1177 -0.2739
v -1.5217 4.3948 0.9070
v -1.4950 4.9881 -0.4537
v -1.6245 3.9101 -0.3196
v -1.4992 4.5409 0.8766
v -1.4910 4.6519 0.8295
v -1.5198 5.2032 -0.0014
v -1.4821 5.1943 0.2027
v -1.4875 5.2166 0.0030
v -1.5930 3.8537 -0.1348
v -1.4794 5.1304 -0.2824
v -1.4855 5.1888 -0.1182
v -1.4913 4.4093 0.9154
v -1.6019 3.8143 0.0387
v -1.6079 3.7740 0.4268
v -1.5434 4.1225 0.8493
v -1.4588 4.7756 0.7697
v -1.5982 3.7976 0.2297
v -1.5652 4.0060 0.7796
v -1.4754 4.4082 -0.5353
v -1.5800 3.9184 0.7137
v -1.5252 4.2377 0.9073
v -1.5486 4.0489 -0.3998
v -1.4709 5.0716 -0.3992
v -1.4671 4.5555 0.8792
v -1.4626 4.9920 -0.4670
v -1.4744 5.1229 0.4380
v -1.4594 4.5941 -0.5533
v -1.5093 4.2241 -0.4747
v -1.5965 3.8447 0.6304
v -1.4590 4.6668 0.8297
v -1.5798 3.9124 -0.3341
v -1.4584 4.9486 0.6309
v -1.4533 4.7563 -0.5600
v -1.4537 4.8923 -0.5290
v -1.1920 1.5162 -0.1535
v -1.1563 1.3041 1.1110
v -0.3628 1.1605 1.4758
v -0.5429 1.1798 1.4132
v -1.4270 1.5632 0.2781
v -1.4272 1.5104 0.5565
v -1.3488 1.4140 0.8541
v -0.9458 1.2307 1.2299
v -0.7416 1.1976 1.3203
v -1.3303 1.5505 0.0109
v -0.7083 1.4217 -0.4008
v -0.5653 1.4159 -0.4204
v -0.3954 1.4121 -0.4478
v -0.8708 1.4425 -0.3622
v -0.1289 1.4126 -0.4670
v -0.2070 1.1438 1.4905
v -0.0695 1.1385 1.4939
v -2.9646 3.5392 0.4901
v -2.7900 3.4068 0.6683
v -2.4215 3.1523 0.5339
v -2.6576 3.4033 -0.2459
v -2.8254 3.4936 -0.1675
v -2.9644 3.5701 0.0308
v -3.0004 3.5763 0.2501
v -2.4818 3.2970 -0.2601
v -2.2432 3.0859 0.0645
v -2.2799 3.0932 0.2219
v -2.5520 3.2351 0.6526
v -2.3227 3.1826 -0.1992
v -0.3244 5.0907 -0.5469
v -0.5775 5.2440 -0.4700
v -0.7787 5.3853 -0.1735
v -0.7027 5.3442 -0.3505
v -0.1367 5.0222 -0.5227
v -0.3689 5.1326 0.6859
v -0.6374 5.2330 0.4380
v -0.5398 5.1857 0.5537
v -0.2356 5.1205 0.7421
v -0.7074 5.2966 0.2944
v -0.7744 5.3805 0.0024
v -2.2691 3.1376 -0.0818
v -2.3350 3.1056 0.3827
v -0.4604 5.1510 0.6236
v -0.4619 5.1624 -0.5155
v -0.0742 5.1155 0.7488
v -1.2064 1.4795 -0.1602
v -1.1694 1.2665 1.1071
v -0.3663 1.1208 1.4723
v -0.5458 1.1400 1.4104
v -1.4414 1.5262 0.2728
v -1.4415 1.4738 0.5491
v -1.3634 1.3773 0.8477
v -0.9547 1.1917 1.2277
v -0.7459 1.1579 1.3185
v -1.3451 1.5136 0.0060
v -0.7140 1.3847 -0.4152
v -0.5686 1.3795 -0.4365
v -0.3976 1.3765 -0.4659
v -0.8810 1.4056 -0.3741
v -0.1294 1.3777 -0.4867
v -0.2096 1.1039 1.4874
v -0.0702 1.0986 1.4916
v -2.9938 3.5052 0.4907
v -2.8171 3.3717 0.6688
v -2.4476 3.1171 0.5269
v -2.6780 3.3684 -0.2463
v -2.8467 3.4586 -0.1694
v -2.9891 3.5358 0.0280
v -3.0280 3.5429 0.2482
v -2.5041 3.2637 -0.2586
v -2.2844 3.0605 0.0619
v -2.3051 3.0523 0.2170
v -2.5770 3.2005 0.6491
v -2.3581 3.1616 -0.1749
v -0.3087 5.1251 -0.5332
v -0.5505 5.2721 -0.4608
v -0.7469 5.4095 -0.1697
v -0.6728 5.3696 -0.3428
v -0.1307 5.0601 -0.5098
v -0.3522 5.1608 0.6626
v -0.6093 5.2611 0.4314
v -0.5146 5.2140 0.5407
v -0.2274 5.1509 0.7168
v -0.6770 5.3227 0.2932
v -0.7425 5.4047 0.0024
v -2.2955 3.1045 -0.0818
v -2.3558 3.0620 0.3785
v -0.4381 5.1788 0.6050
v -0.4396 5.1935 -0.5035
v -0.0729 5.1476 0.7249
v -1.7442 5.0602 0.4412
v -1.7460 4.8879 0.6644
v -1.3489 4.2099 1.0559
v -1.3134 4.0422 1.1607
v -1.2751 5.0193 0.6111
v -1.4898 5.1138 0.4346
v -1.1848 4.6743 0.9091
v -1.1384 4.1930 1.2558
v -1.0766 5.0691 0.5554
v -1.1543 5.1671 0.3928
v -0.8736 4.5623 1.0696
v -0.8845 4.3004 1.2702
v -0.8914 5.1293 0.5062
v -0.9721 5.2103 0.3507
v -0.6269 4.6201 1.0803
v -0.6341 4.3564 1.2644
v -1.4572 3.6568 -0.1530
v -1.1162 3.4640 -0.3989
v -0.9057 3.4768 -0.5032
v -0.6482 3.4866 -0.5614
v -2.5767 4.1263 0.4425
v -1.9449 3.6796 0.5836
v -2.0882 4.8724 0.2905
v -1.9071 4.6367 0.7161
v -1.5340 4.2419 0.8889
v -1.4783 3.9379 0.8299
v -1.4305 3.7992 0.9102
v -2.5212 4.2413 0.3811
v -2.3493 4.1394 0.6634
v -1.5572 3.7312 0.4002
v -1.5422 3.6602 0.4211
v -0.3866 3.4934 -0.5652
v -1.0098 5.2845 -0.3646
v -1.0493 5.3337 -0.1874
v -1.0500 5.3287 0.0044
v -1.0174 5.2842 0.1876
v -0.5296 3.4124 1.6623
v -1.1602 5.1393 -0.4671
v -1.2144 5.2426 -0.3305
v -1.2315 5.2945 0.0187
v -1.2072 5.2564 0.2163
v -0.6764 4.4772 -0.7405
v -1.2148 3.8886 -0.4885
v -0.9601 4.1043 -0.6474
v -0.9452 3.9278 -0.6133
v -0.6591 4.1283 -0.7091
v -0.6545 3.9460 -0.6775
v -0.3806 4.1363 -0.7018
v -0.3778 3.9535 -0.6760
v -1.4997 5.2024 0.0003
v -1.4983 5.1883 0.2004
v -1.6985 4.8965 -0.4330
v -1.7364 5.1265 -0.0134
v -1.7646 5.1209 0.1907
v -0.3713 3.2213 -0.4741
v -1.4739 4.5940 -0.5407
v -1.6146 3.8379 0.0393
v -1.5460 3.7078 0.0272
v -2.0617 4.8664 -0.1293
v -2.1158 4.8839 0.1157
v -1.6294 5.0377 -0.3730
v -1.8111 3.5596 0.0495
v -1.6176 3.8162 0.2330
v -1.5460 3.6713 0.2110
v -2.3167 4.3204 -0.2679
v -2.5363 4.2063 -0.0601
v -2.5770 4.2225 0.1614
v -1.8220 3.5733 0.2300
v -2.3063 3.8895 -0.3092
v -2.4619 4.0722 -0.2250
v -2.7068 4.0223 0.2024
v -2.6443 4.1142 0.1825
v -2.0777 4.2924 -0.3992
v -2.1230 4.2425 0.7199
v -1.4876 3.6974 0.6273
v -1.5501 4.1354 0.8337
v -0.3965 4.4785 -0.7207
v -0.3815 3.3508 -0.5194
v -0.6316 3.3412 -0.5165
v -0.8743 3.3343 -0.4666
v -1.0765 3.3298 -0.3721
v -1.4124 3.3550 0.0369
v -1.4651 3.3630 0.2293
v -1.4752 3.3604 0.5345
v -1.3827 3.4323 1.0677
v -1.3939 3.3703 0.7765
v -0.8892 4.1664 1.3607
v -0.6388 4.2243 1.3450
v -0.4691 3.2436 1.6272
v -0.6821 3.1944 1.6182
v -0.8802 3.1293 1.5539
v -1.0546 3.0548 1.3534
v -1.1660 3.0035 1.1367
v -1.3089 3.2068 1.1417
v -1.4184 3.7394 0.9439
v -1.3140 3.9070 1.2210
v -1.1305 4.0627 1.3445
v -0.8531 5.2532 0.3256
v -0.4781 5.0522 0.7903
v -0.7649 5.1859 0.4782
v -0.6449 4.0930 1.4198
v -0.8990 4.0307 1.4414
v -1.2307 1.4943 -0.1879
v -1.1361 3.9325 1.4116
v -1.3264 3.7818 1.2524
v -1.4412 3.5514 0.7075
v -1.4035 3.6330 0.9877
v -1.2191 3.0091 -0.0501
v -1.5106 3.5198 0.4626
v -1.2939 3.2202 -0.0794
v -1.0471 2.5831 -0.0332
v -1.5107 3.5250 0.2143
v -1.0062 2.2416 -0.0623
v -0.8041 5.0606 0.6446
v -0.9998 4.9755 0.6933
v -1.2274 4.8939 0.7537
v -1.2434 4.2522 -0.5796
v -0.9554 4.2882 -0.6818
v -0.6661 4.3085 -0.7283
v -0.3887 4.3144 -0.7150
v -1.0365 2.0702 -0.0857
v -1.3709 3.6994 -0.3295
v -1.2620 3.1185 -0.0605
v -1.2890 4.0444 -0.5001
v -1.1664 2.8792 -0.0520
v -1.0819 1.9000 -0.1113
v -1.1803 1.6231 -0.1558
v -1.6010 3.9231 -0.3249
v -1.4163 3.8269 -0.3510
v -1.3324 3.3370 -0.1060
v -0.4125 4.6297 -0.7097
v -0.6983 4.6288 -0.7269
v -0.9759 4.6149 -0.6962
v -1.4896 4.4091 -0.5212
v -1.8825 3.6676 -0.2468
v -1.5255 3.5873 0.4369
v -1.1806 3.7429 -0.4596
v -0.9363 3.7705 -0.5759
v -0.6545 3.7841 -0.6411
v -0.3801 3.7898 -0.6436
v -1.5128 3.6231 0.0102
v -1.5272 3.5934 0.2074
v -1.4187 3.1937 0.6179
v -0.7977 3.0875 -0.3952
v -0.5837 3.0922 -0.4332
v -0.3561 3.1030 -0.4339
v -1.3446 3.1466 0.0942
v -1.4058 3.1782 0.2903
v -0.9864 3.0884 -0.3186
v -1.3645 2.9845 0.6288
v -0.7128 2.8452 -0.3409
v -0.5237 2.8452 -0.3735
v -0.3191 2.8517 -0.3655
v -1.2658 2.9082 0.0970
v -1.3338 2.9479 0.3144
v -0.8844 2.8501 -0.2741
v -1.3147 2.6590 0.6194
v -0.6349 2.5455 -0.2917
v -0.4673 2.5419 -0.3154
v -0.2862 2.5435 -0.3013
v -1.1553 2.6040 0.1074
v -1.2559 2.6328 0.3095
v -0.7872 2.5538 -0.2340
v -1.2822 2.2713 0.5699
v -0.5955 2.2012 -0.2701
v -0.4440 2.1939 -0.2843
v -0.2812 2.1939 -0.2686
v -1.1139 2.2580 0.0680
v -1.2114 2.2770 0.2822
v -0.7427 2.2125 -0.2299
v -1.2969 2.0809 0.5393
v -0.5979 2.0166 -0.2757
v -0.4495 2.0070 -0.2889
v -0.2884 2.0064 -0.2801
v -1.1574 2.0930 0.0418
v -1.2571 2.1096 0.2726
v -0.7459 2.0306 -0.2413
v -1.3292 1.9020 0.5330
v -0.5104 1.6923 1.5014
v -1.3144 1.9458 0.2720
v -0.7693 1.8541 -0.2691
v -0.3348 1.6876 1.5630
v -1.4660 3.6239 0.6574
v -1.3269 3.1918 0.8624
v -1.2725 2.6846 0.8975
v -1.2906 3.0049 0.8968
v -0.7854 2.8147 1.4578
v -0.9681 2.7734 1.3225
v -1.1405 1.7574 1.0886
v -0.3149 1.9213 1.5883
v -0.7370 2.1688 1.4853
v -0.9525 2.1924 1.3403
v -1.1344 1.9822 1.0996
v -0.5053 1.9238 1.5343
v -0.7101 1.9367 1.4420
v -0.9265 1.9550 1.3172
v -1.1343 2.2114 1.1287
v -0.5897 2.8448 1.5472
v -0.3119 2.1625 1.6199
v -0.7043 1.7012 1.4021
v -0.9284 1.7197 1.2804
v -1.1433 2.7224 1.1364
v -0.5221 2.1592 1.5720
v -0.3797 2.8538 1.6005
v -1.2535 2.2463 0.8607
v -1.2587 2.0349 0.8294
v -1.2817 1.8323 0.8152
v -1.2147 1.9277 0.0238
v -1.4207 1.6240 0.5554
v -1.4203 1.6755 0.2731
v -0.5441 1.3200 1.4560
v -0.3670 1.3056 1.5210
v -1.1699 1.4184 1.1187
v -0.7385 1.3311 1.3566
v -0.9520 1.3567 1.2570
v -1.3556 1.5217 0.8551
v -0.6186 1.8376 -0.3027
v -0.4698 1.8255 -0.3181
v -0.3049 1.8229 -0.3181
v -1.1941 1.2723 1.1390
v -0.3752 1.1177 1.5115
v -0.5614 1.1384 1.4473
v -1.4791 1.5409 0.2695
v -1.4788 1.4867 0.5574
v -1.3971 1.3872 0.8683
v -0.9725 1.1939 1.2635
v -0.7628 1.1580 1.3548
v -1.3209 1.6579 0.0042
v -1.3769 1.5287 -0.0134
v -0.6788 1.5302 -0.3958
v -0.5359 1.5180 -0.4148
v -0.3826 1.5144 -0.4351
v -0.7195 1.3998 -0.4518
v -0.5732 1.3957 -0.4728
v -0.4012 1.3947 -0.5013
v -0.8497 1.5514 -0.3591
v -0.8911 1.4203 -0.4101
v -0.6650 5.1309 0.6125
v -0.4640 4.9271 -0.6382
v -0.7446 5.1906 -0.5056
v -0.8998 5.3122 0.1662
v -0.9216 5.3577 -0.0025
v -0.9101 5.3710 -0.2053
v -0.8451 5.3136 -0.3894
v -1.3082 3.0397 0.1009
v -0.5546 2.9759 -0.4011
v -0.3384 2.9847 -0.3985
v -0.9373 2.9766 -0.2945
v -1.3935 3.1063 0.6313
v -0.6191 3.7331 1.6175
v -0.8705 3.7053 1.6465
v -0.7644 3.3707 1.6940
v -0.9777 3.2990 1.6637
v -0.7560 2.9735 -0.3657
v -1.4482 3.2820 0.5792
v -1.4368 3.2688 0.2610
v -1.2474 3.1090 1.1365
v -1.2795 3.4665 1.4198
v -1.0955 3.6326 1.6122
v -1.3584 3.2903 0.8213
v -1.3521 3.3301 1.1205
v -1.3756 3.2459 0.0689
v -1.0319 3.2010 -0.3443
v -0.8374 3.2031 -0.4292
v -0.6100 3.2096 -0.4718
v -1.1538 3.1673 1.4034
v -1.2986 3.1210 0.8936
v -1.3702 3.0747 0.3032
v -1.3062 3.5814 1.3801
v -1.1189 3.7385 1.5492
v -0.8907 3.8148 1.5793
v -0.6390 3.8566 1.5546
v -0.5819 3.5843 1.6642
v -0.8287 3.5596 1.7078
v -1.0586 3.4764 1.6519
v -1.2347 3.3258 1.4341
v -0.3761 4.6481 1.1004
v -0.3837 4.3883 1.2610
v -0.3930 4.1287 1.3991
v -0.2717 3.2781 1.6261
v -0.3881 4.2588 1.3311
v -0.2968 5.0312 0.8555
v -0.1890 1.6844 1.5786
v -0.1752 1.9225 1.6014
v -0.2061 2.8695 1.6210
v -0.1625 2.1701 1.6264
v -0.2109 1.2937 1.5369
v -0.3122 3.4435 1.6370
v -0.3765 3.7545 1.5850
v -0.1433 4.7535 -0.6417
v -0.3911 3.8821 1.5258
v -0.3488 3.6080 1.6303
v -0.1393 4.6176 -0.6606
v -0.1301 4.3130 -0.6775
v -0.1266 4.1375 -0.6675
v -0.1251 3.9564 -0.6458
v -0.1255 3.7935 -0.6171
v -0.1281 3.5008 -0.5434
v -0.1266 3.3624 -0.4991
v -0.1230 3.2356 -0.4534
v -0.1177 3.1173 -0.4101
v -0.1117 2.9974 -0.3693
v -0.1057 2.8618 -0.3301
v -0.0960 2.5477 -0.2693
v -0.0959 2.2003 -0.2335
v -0.0987 2.0142 -0.2555
v -0.1045 1.8299 -0.3060
v -0.1215 1.5180 -0.4385
v -0.1304 1.3979 -0.5212
v -0.2116 1.1009 1.5273
v -1.4977 3.4439 0.4939
v -1.4894 3.4503 0.2092
v -1.4430 3.4466 0.0178
v -0.6463 3.9717 1.4885
v -0.9002 3.9161 1.5108
v -1.1330 3.8311 1.4803
v -1.3212 3.6836 1.3176
v -1.4218 3.4614 0.7362
v -1.3922 3.5328 1.0181
v -1.3747 3.4439 -0.1249
v -0.3952 4.0037 1.4637
v -0.1337 4.0123 1.4452
v -0.1251 4.6558 1.1142
v -0.0650 2.8779 1.6250
v -0.0513 2.1728 1.6242
v -0.0701 1.0965 1.5315
v -0.0621 1.6824 1.5681
v -2.9451 3.6092 0.4974
v -2.7534 3.4756 0.6898
v -2.3571 3.1851 0.5677
v -2.6386 3.4410 -0.2786
v -2.8155 3.5403 -0.1904
v -2.9529 3.6235 0.0029
v -2.9957 3.6457 0.2385
v -2.4496 3.3321 -0.2895
v -2.2011 3.1017 0.0623
v -2.2170 3.0962 0.2306
v -2.4934 3.2837 0.6791
v -2.2879 3.2137 -0.2077
v -3.0264 3.5333 0.5187
v -2.8290 3.3811 0.7176
v -2.4246 3.0938 0.5570
v -2.6859 3.3734 -0.2866
v -2.8684 3.4731 -0.2042
v -3.0235 3.5613 0.0107
v -3.0647 3.5727 0.2504
v -2.5007 3.2599 -0.2991
v -2.2541 3.0292 0.0590
v -2.2770 3.0222 0.2260
v -2.5661 3.1879 0.6936
v -2.3396 3.1450 -0.2093
v -0.3044 5.1392 -0.5708
v -0.5590 5.2910 -0.4955
v -0.7707 5.4432 -0.1754
v -0.6903 5.3974 -0.3674
v -0.1256 5.0718 -0.5480
v -0.3624 5.1896 0.6884
v -0.6296 5.2859 0.4554
v -0.5304 5.2398 0.5672
v -0.2314 5.1777 0.7469
v -0.6998 5.3497 0.3125
v -0.7665 5.4363 0.0094
v -0.7791 5.2844 0.3085
v -0.6880 5.2243 0.4580
v -0.4114 5.1198 0.7395
v -0.1389 4.9679 -0.5712
v -0.2632 5.1013 0.8018
v -0.8231 5.3381 0.1514
v -0.8386 5.3798 0.0052
v -0.5807 5.1753 0.5925
v -0.7444 5.3393 -0.3889
v -0.8245 5.4052 -0.2021
v -0.6396 5.2184 -0.5015
v -0.3513 5.0339 -0.6070
v -1.2711 4.8773 -0.5796
v -1.3719 5.2351 0.2190
v -1.6620 4.2035 0.8707
v -1.3750 5.1920 -0.3214
v -1.5153 3.7758 0.6119
v -1.3815 5.2594 0.0226
v -1.3285 5.1411 0.4290
v -1.4807 3.8941 -0.3262
v -2.4929 4.3515 0.1449
v -2.3810 4.5202 0.1231
v -1.7673 4.5495 -0.5110
v -1.8273 4.3795 0.7991
v -1.7232 3.7481 0.4024
v -1.6194 3.7920 0.4265
v -1.8559 4.8744 -0.3189
v -1.7023 4.4467 0.8669
v -1.8791 3.9633 0.7260
v -1.7142 3.7288 -0.1298
v -1.9786 4.9519 0.3610
v -1.5666 3.7404 0.2189
v -2.4357 4.3722 0.3708
v -2.3356 4.5281 0.3519
v -2.1988 4.5271 -0.2796
v -2.4539 4.3369 -0.0830
v -2.3359 4.5275 -0.1086
v -2.3689 3.9722 0.6855
v -1.5760 3.7781 0.0390
v -1.7590 3.8426 0.6048
v -1.6622 4.0305 0.7576
v -1.9772 4.9881 0.1530
v -1.7093 3.6765 0.0464
v -1.6168 4.0993 0.8217
v -2.2679 3.0795 -0.0979
v -1.4807 4.5461 0.8706
v -1.7679 4.1514 -0.4576
v -2.2528 4.0590 -0.3207
v -1.7555 3.8076 -0.2738
v -1.4770 3.5365 0.0102
v -1.5235 4.2240 -0.4606
v -1.7048 3.6972 0.2346
v -2.6051 4.0959 -0.0439
v -2.5042 3.9379 -0.2309
v -1.5740 4.0188 0.7668
v -2.0783 4.6026 0.6115
v -1.6067 3.8611 0.6293
v -1.2314 4.5989 -0.6256
v -2.4030 4.1836 -0.2346
v -2.2182 4.5181 0.5185
v -2.2288 4.7365 0.1221
v -1.9663 4.8206 0.5474
v -1.0817 4.4631 1.1003
v -1.7193 4.7562 -0.4821
v -1.4726 4.7637 0.7633
v -0.3442 4.9217 0.9310
v -0.0568 1.9247 1.6031
v -2.1609 4.7382 -0.1343
v -1.9287 4.7503 -0.3636
v -1.4730 4.9371 0.6261
v -1.4663 4.8879 -0.5140
v -2.1545 4.7317 0.4181
v -0.1479 4.8759 -0.6146
v -0.7246 4.7600 -0.6974
v -1.0348 4.8799 -0.6276
v -0.6107 4.9239 0.8534
v -1.4679 4.7555 -0.5486
v -1.2465 4.7470 -0.6141
v -0.7665 4.8963 -0.6478
v -0.9986 4.7471 -0.6735
v -0.4313 4.7715 -0.6836
v -1.9517 4.3261 0.7654
v -0.8990 4.7961 0.8714
v -1.9290 4.9913 -0.0656
v -1.7191 4.7060 0.7647
v -2.2168 3.1440 -0.0904
v -2.0794 3.7698 0.7080
v -1.7482 4.1302 0.8021
v -1.8036 4.0702 0.7519
v -1.4406 4.0185 0.9473
v -1.3905 3.9039 1.0409
v -1.3925 3.7699 1.0626
v -1.5046 3.7578 -0.1435
v -1.6098 3.8673 -0.1371
v -1.8288 3.6003 -0.1172
v -1.5446 3.8345 -0.1215
v -2.6409 4.0208 0.4749
v -2.6640 4.0062 -0.0273
v -1.4335 3.6691 0.8460
v -1.4541 3.7517 0.7852
v -1.5004 3.8521 0.7323
v -1.6949 3.9643 0.7074
v -1.5898 3.9334 0.7054
v -2.3303 3.0312 0.3931
v -2.2685 3.1183 0.4054
v -1.8721 3.6147 0.4092
v -1.1943 4.7886 0.8354
v -2.3921 4.2695 0.5380
v -0.5002 5.1437 0.6656
v -0.5807 5.0864 0.7069
v -0.4500 5.2066 0.6312
v -0.7228 4.9951 0.7456
v -1.7022 4.5546 0.8392
v -0.9421 4.8867 0.7858
v -1.4729 4.6562 0.8222
v -1.8618 4.4832 0.7771
v -1.9986 4.4356 0.7375
v -2.2341 4.4044 0.6036
v -2.2446 4.1725 -0.3182
v -1.5701 4.0501 -0.3894
v -1.7708 3.9852 -0.3984
v -2.0551 3.8461 -0.3363
v -0.1350 4.4717 -0.6709
v -1.2260 4.4305 -0.6199
v -0.9589 4.4593 -0.7029
v -1.7682 4.3363 -0.5021
v -2.0383 4.0893 -0.3797
v -1.4826 5.0610 -0.3879
v -2.0043 4.5338 -0.4083
v -1.7834 4.9700 -0.2872
v -0.8441 5.0335 -0.5873
v -0.6286 5.0677 -0.5837
v -0.4419 5.2091 -0.5403
v -0.5055 5.1214 -0.5660
v -1.6825 4.3023 0.8880
v -2.0154 4.1085 0.7759
v -1.7849 4.2348 0.8097
v -1.8776 4.1753 0.7758
v -1.5035 4.4027 0.9019
v -1.0933 5.0124 -0.5637
v -0.9282 5.1663 -0.5033
v -1.4751 4.9852 -0.4538
v -1.6623 4.9762 -0.3989
v -1.3510 5.1064 -0.4430
v -1.3146 4.9982 -0.5283
v -1.6855 5.0787 -0.2649
v -1.4888 5.1155 -0.2721
v -1.2360 5.2897 -0.1548
v -1.3863 5.2455 -0.1437
v -1.7115 5.1027 -0.1483
v -2.0587 4.7413 -0.2579
v -1.9642 4.8730 -0.2284
v -1.4957 5.1723 -0.1124
v -1.8627 4.9823 -0.1810
v -1.4124 3.5454 -0.1392
v -0.1035 3.4561 1.6161
v -0.1287 4.3981 1.2584
v -0.0890 3.2921 1.6194
v -0.1326 3.8870 1.5035
v -0.1306 4.2699 1.3216
v -0.0646 1.2949 1.5320
v -0.1169 3.6157 1.6043
v -0.0922 5.0170 0.8709
v -0.1273 3.7586 1.5594
v -0.1069 4.9161 0.9594
v -0.0728 5.1706 0.7576
v -0.0745 5.0814 0.8080
v -0.1326 4.1397 1.3844
v -1.1356 4.3259 1.1626
v -0.1272 4.5250 1.1907
v -0.6312 4.4871 1.1761
v -0.3806 4.5164 1.1850
v -0.8827 4.4307 1.1706
v -0.8974 4.6765 0.9683
v -0.3668 4.7835 1.0116
v -0.6252 4.7569 0.9770
v -1.2183 4.4953 1.0105
v -0.1200 4.7889 1.0331
v -0.7993 3.0123 1.4701
v -1.2892 2.8583 0.8981
v -1.2043 2.7634 0.1117
v -1.0999 2.7380 -0.0320
v -0.9755 2.9694 1.3233
v -1.2934 2.8100 0.3204
v -0.3003 2.7023 -0.3333
v -0.6705 2.7009 -0.3169
v -0.4930 2.6985 -0.3464
v -0.2366 3.1001 1.6152
v -0.8317 2.7081 -0.2518
v -1.3476 2.8386 0.6358
v -0.0999 2.7092 -0.2940
v -1.1504 2.9063 1.1442
v -0.4174 3.0734 1.5919
v -0.6139 3.0511 1.5255
v -0.0763 3.1116 1.6206
v -0.7583 2.3894 -0.2264
v -0.1738 2.5449 1.6303
v -1.2914 2.4673 0.5991
v -0.0944 2.3789 -0.2473
v -0.3386 2.5284 1.6216
v -1.2586 2.4815 0.8869
v -0.5580 2.5155 1.5745
v -0.2792 2.3748 -0.2786
v -1.0174 2.4176 -0.0401
v -0.9596 2.5056 1.3354
v -0.6102 2.3794 -0.2757
v -0.4509 2.3742 -0.2941
v -0.7658 2.5088 1.4787
v -1.1372 2.4937 1.1352
v -1.1260 2.4338 0.0968
v -1.2282 2.4544 0.2958
v -0.0536 2.5510 1.6252
v -0.2032 1.4685 1.5606
v -1.3278 1.6636 0.8379
v -0.3309 1.6623 -0.3741
v -0.1128 1.6668 -0.3720
v -1.3827 1.7490 0.5474
v -0.5304 1.4856 1.4805
v -0.4994 1.6664 -0.3657
v -1.3755 1.8003 0.2718
v -1.1343 1.7446 -0.1363
v -0.8064 1.6975 -0.3114
v -0.6496 1.6795 -0.3470
v -1.2698 1.7751 0.0175
v -0.7227 1.4953 1.3768
v -0.9420 1.5155 1.2675
v -0.3550 1.4765 1.5466
v -1.1641 1.5670 1.1076
v -0.0630 1.4683 1.5430
v -2.2211 3.6066 0.6823
v -2.3615 3.4400 0.6820
v -2.6099 3.8008 -0.2069
v -2.7203 3.6611 -0.1982
v -2.0256 3.5195 -0.2119
v -2.1647 3.3687 -0.2011
v -1.9445 3.4107 0.0552
v -2.0745 3.2551 0.0591
v -2.1962 3.6587 -0.3119
v -2.3286 3.4897 -0.3002
v -1.9618 3.4484 -0.1060
v -2.0914 3.2946 -0.0975
v -2.0885 3.5143 0.5751
v -2.2251 3.3463 0.5722
v -2.7562 3.8670 -0.0155
v -2.8628 3.7341 -0.0066
v -2.0068 3.4494 0.4084
v -2.1392 3.2814 0.4079
v -2.4891 3.7884 0.6844
v -2.6315 3.6241 0.6877
v -2.4169 3.7353 -0.2945
v -2.5343 3.5804 -0.2860
v -2.7283 3.8727 0.4827
v -2.8454 3.7299 0.4917
v -1.9574 3.4153 0.2303
v -2.0883 3.2542 0.2306
v -2.8003 3.8881 0.2176
v -2.9068 3.7556 0.2276
v -2.4859 3.2960 0.6725
v -2.8049 3.5465 -0.1852
v -2.2851 3.2307 -0.1967
v -2.1973 3.1179 0.0627
v -2.4412 3.3450 -0.2829
v -2.2124 3.1597 -0.0876
v -2.3514 3.2000 0.5628
v -2.9415 3.6270 0.0052
v -2.2642 3.1346 0.4023
v -2.7435 3.4834 0.6831
v -2.6293 3.4505 -0.2719
v -2.9344 3.6128 0.4933
v -2.2131 3.1125 0.2292
v -2.9845 3.6483 0.2375
v -2.4726 3.3081 0.6799
v -2.8001 3.5598 -0.1918
v -2.2713 3.2467 -0.1982
v -2.1800 3.1273 0.0617
v -2.4293 3.3584 -0.2913
v -2.1958 3.1692 -0.0916
v -2.3357 3.2111 0.5685
v -2.9391 3.6406 0.0011
v -2.2473 3.1451 0.4058
v -2.7347 3.4974 0.6901
v -2.6213 3.4641 -0.2798
v -2.9313 3.6266 0.4964
v -2.1957 3.1224 0.2306
v -2.9831 3.6619 0.2367
v -1.6137 3.9191 -0.3372
v -1.5956 3.9369 -0.3385
v -1.7490 3.8133 -0.2980
v -1.8882 3.6714 -0.2675
v -2.0333 3.5225 -0.2347
v -2.1721 3.3717 -0.2248
v -2.2976 3.2399 -0.2107
v -2.2826 3.2507 -0.2180
v -1.6197 3.8904 -0.3029
v -1.6013 3.9107 -0.3037
v -1.7416 3.7845 -0.2626
v -1.8663 3.6470 -0.2373
v -2.0068 3.4977 -0.2057
v -2.1441 3.3477 -0.1959
v -2.2690 3.2157 -0.1819
v -2.2540 3.2266 -0.1892
v 1.3040 3.5709 -0.2953
v 1.0044 1.5987 -0.2833
v 1.0132 1.5729 -0.2903
v 1.0226 1.4758 -0.2807
v 1.0352 1.4391 -0.2900
v 0.8835 2.0463 -0.1831
v 1.1386 3.0961 -0.2132
v 0.9197 2.5668 -0.1497
v 0.8718 2.2257 -0.1678
v 1.0896 2.9884 -0.1947
v 0.9671 2.7207 -0.1620
v 1.2660 3.4492 -0.2747
v 0.9161 1.8694 -0.2118
v 0.8899 2.4033 -0.1505
v 1.1773 3.1983 -0.2309
v 1.0311 2.8611 -0.1864
v 1.0060 1.5834 -0.2803
v 1.2226 3.3289 -0.2549
v 0.9635 1.7105 -0.2539
v 1.0515 1.4537 -0.3232
v 0.9255 3.6237 -0.5393
v 1.1481 3.6023 -0.4274
v 0.1273 3.6454 -0.5832
v 0.3850 3.6408 -0.6071
v 0.6551 3.6356 -0.6031
v 1.4171 1.6899 0.2548
v 1.4239 1.6886 0.2868
v 0.2104 1.3106 1.5460
v 0.7399 1.3474 1.3647
v 0.9542 1.3729 1.2640
v 0.3674 1.3220 1.5301
v 1.3585 1.5376 0.8565
v 0.3803 1.5301 -0.4351
v 0.1207 1.5347 -0.4381
v 1.4232 1.6387 0.5558
v 0.5454 1.3362 1.4646
v 0.5336 1.5338 -0.4162
v 1.4152 1.6901 0.2738
v 0.0649 1.2746 1.5387
v 0.8556 1.5408 -0.3706
v 1.3328 1.6479 0.0017
v 1.1892 1.6128 -0.1635
v 0.3694 1.2863 1.5266
v 0.9572 1.3408 1.2636
v 1.4336 1.6653 0.2698
v 0.7439 1.3138 1.3625
v 1.1767 1.4048 1.1257
v 1.3654 1.5100 0.8595
v 0.5485 1.3015 1.4613
v 0.3849 1.5055 -0.4477
v 0.2113 1.2740 1.5427
v 0.6837 1.5197 -0.4076
v 0.1225 1.5091 -0.4527
v 0.5403 1.5085 -0.4267
v 1.4328 1.6125 0.5568
v 1.6045 3.7953 0.2168
v 0.0642 1.3117 1.5398
v 0.8470 1.5670 -0.3617
v 1.4140 1.6742 0.2574
v 1.6173 3.8176 0.2204
v 1.5530 3.6719 0.1987
v 1.3140 1.9469 0.2548
v 1.4083 3.1737 0.2766
v 1.3728 3.0702 0.2889
v 1.2566 2.1106 0.2566
v 1.2115 2.2769 0.2670
v 1.4393 3.2649 0.2475
v 1.5331 3.5937 0.1940
v 1.3740 1.8008 0.2527
v 1.5152 3.5240 0.2003
v 1.2943 2.8058 0.3061
v 1.3360 2.9436 0.2989
v 1.2220 2.4528 0.2792
v 1.4682 3.3602 0.2156
v 1.4933 3.4486 0.1956
v 1.2498 2.6305 0.2926
v 1.3209 1.6723 0.0022
v 1.5741 3.7395 0.2068
v 1.6048 3.7930 0.2391
v 1.1794 1.6378 -0.1588
v 0.6764 1.5461 -0.3975
v 1.1737 1.4342 1.1226
v 1.2216 2.2779 0.2950
v 1.5341 3.5914 0.2184
v 1.5176 3.5229 0.2261
v 1.2615 2.6342 0.3267
v 1.4201 1.6729 0.2862
v 1.3029 2.8099 0.3342
v 1.4966 3.4480 0.2224
v 1.3421 2.9478 0.3289
v 1.5528 3.6685 0.2214
v 1.3824 1.8002 0.2852
v 1.4722 3.3606 0.2435
v 1.6177 3.8150 0.2427
v 1.3216 1.9461 0.2844
v 1.4440 3.2670 0.2760
v 1.4131 3.1765 0.3058
v 1.2655 2.1105 0.2857
v 1.3781 3.0741 0.3186
v 1.5730 3.7366 0.2289
v 1.2340 2.4551 0.3125
v 0.8115 5.3521 0.1547
v 0.1356 4.9837 -0.5741
v 0.4063 5.1340 0.7367
v 0.2593 5.1159 0.7991
v 0.0741 5.0975 0.8063
v 0.3441 5.0503 -0.6081
v 0.8195 5.4163 -0.1998
v 0.6828 5.2373 0.4613
v 0.7710 5.2983 0.3121
v 0.6297 5.2314 -0.5063
v 0.4953 5.1570 0.6649
v 0.5761 5.1886 0.5930
v 0.4973 5.1359 -0.5684
v 0.8316 5.3932 0.0070
v 0.7385 5.3520 -0.3902
v 0.8399 5.3418 0.1439
v 0.8353 5.3338 0.1677
v 0.7617 5.3409 -0.3994
v 0.8426 5.4067 -0.2050
v 0.0767 5.0732 0.8232
v 0.5943 5.1715 0.6007
v 0.8379 5.3327 0.1543
v 0.7953 5.2838 0.3135
v 0.4248 5.1137 0.7534
v 0.1389 4.9509 -0.5837
v 0.3702 5.0166 -0.6220
v 0.8552 5.3810 0.0059
v 0.7029 5.2215 0.4655
v 0.5141 5.1383 0.6776
v 0.5258 5.1118 -0.5763
v 0.6563 5.2143 -0.5062
v 0.2704 5.0930 0.8172
v 1.4845 5.2010 0.1877
v 1.4984 5.1893 0.1847
v 1.0203 5.2933 0.1752
v 0.8220 5.3411 0.1383
v 1.3745 5.2426 0.2049
v 1.2105 5.2650 0.2018
v 0.9022 5.3211 0.1549
v 1.4833 5.1935 0.2213
v 0.7473 5.3459 0.1441
v 0.7161 5.3709 0.1442
v 1.4979 5.1827 0.2175
v 1.0142 5.2835 0.2012
v 0.7397 5.4003 0.1579
v 1.3704 5.2331 0.2365
v 1.2044 5.2543 0.2313
v 0.8973 5.3127 0.1795
v 0.8170 5.3331 0.1627
v 1.5688 4.1244 0.8354
v 1.5422 4.2167 -0.4669
v 1.6400 3.7817 0.2308
v 1.6387 3.7861 0.0400
v 1.5033 5.0628 -0.3898
v 1.6322 3.8282 -0.1370
v 1.4920 4.9385 0.6337
v 1.4874 4.7546 -0.5510
v 1.5158 5.1727 -0.1171
v 1.4917 4.7633 0.7691
v 1.5182 5.1903 0.2011
v 1.5542 4.2356 0.8922
v 1.4934 4.5904 -0.5459
v 1.6264 3.8538 0.6301
v 1.5947 4.0185 0.7696
v 1.5887 4.0369 -0.3918
v 1.4871 4.8906 -0.5177
v 1.6380 3.7799 0.4273
v 1.6096 3.9350 0.7103
v 1.5086 4.4028 -0.5284
v 1.5090 5.1159 0.4385
v 1.5098 5.1177 -0.2739
v 1.5217 4.3948 0.9070
v 1.4950 4.9881 -0.4537
v 1.6245 3.9101 -0.3196
v 1.4992 4.5409 0.8766
v 1.4910 4.6519 0.8295
v 1.5198 5.2032 -0.0014
v 1.4821 5.1943 0.2027
v 1.4875 5.2166 0.0030
v 1.5930 3.8537 -0.1348
v 1.4794 5.1304 -0.2824
v 1.4855 5.1888 -0.1182
v 1.4913 4.4093 0.9154
v 1.6019 3.8143 0.0387
v 1.6079 3.7740 0.4268
v 1.5434 4.1225 0.8493
v 1.4588 4.7756 0.7697
v 1.5982 3.7976 0.2297
v 1.5652 4.0060 0.7796
v 1.4754 4.4082 -0.5353
v 1.5800 3.9184 0.7137
v 1.5252 4.2377 0.9073
v 1.5486 4.0489 -0.3998
v 1.4709 5.0716 -0.3992
v 1.4671 4.5555 0.8792
v 1.4626 4.9920 -0.4670
v 1.4744 5.1229 0.4380
v 1.4594 4.5941 -0.5533
v 1.5093 4.2241 -0.4747
v 1.5965 3.8447 0.6304
v 1.4590 4.6668 0.8297
v 1.5798 3.9124 -0.3341
v 1.4584 4.9486 0.6309
v 1.4533 4.7563 -0.5600
v 1.4537 4.8923 -0.5290
v 1.1920 1.5162 -0.1535
v 1.1563 1.3041 1.1110
v 0.3628 1.1605 1.4758
v 0.5429 1.1798 1.4132
v 1.4270 1.5632 0.2781
v 1.4272 1.5104 0.5565
v 1.3488 1.4140 0.8541
v 0.9458 1.2307 1.2299
v 0.7416 1.1976 1.3203
v 1.3303 1.5505 0.0109
v 0.7083 1.4217 -0.4008
v 0.5653 1.4159 -0.4204
v 0.3954 1.4121 -0.4478
v 0.8708 1.4425 -0.3622
v 0.1289 1.4126 -0.4670
v 0.2070 1.1438 1.4905
v 0.0695 1.1385 1.4939
v 2.9646 3.5392 0.4901
v 2.7900 3.4068 0.6683
v 2.4215 3.1523 0.5339
v 2.6576 3.4033 -0.2459
v 2.8254 3.4936 -0.1675
v 2.9644 3.5701 0.0308
v 3.0004 3.5763 0.2501
v 2.4818 3.2970 -0.2601
v 2.2432 3.0859 0.0645
v 2.2799 3.0932 0.2219
v 2.5520 3.2351 0.6526
v 2.3227 3.1826 -0.1992
v 0.3244 5.0907 -0.5469
v 0.5775 5.2440 -0.4700
v 0.7787 5.3853 -0.1735
v 0.7027 5.3442 -0.3505
v 0.1367 5.0222 -0.5227
v 0.3689 5.1326 0.6859
v 0.6374 5.2330 0.4380
v 0.5398 5.1857 0.5537
v 0.2356 5.1205 0.7421
v 0.7074 5.2966 0.2944
v 0.7744 5.3805 0.0024
v 2.2691 3.1376 -0.0818
v 2.3350 3.1056 0.3827
v 0.4604 5.1510 0.6236
v 0.4619 5.1624 -0.5155
v 0.0742 5.1155 0.7488
v 1.2064 1.4795 -0.1602
v 1.1694 1.2665 1.1071
v 0.3663 1.1208 1.4723
v 0.5458 1.1400 1.4104
v 1.4414 1.5262 0.2728
v 1.4415 1.4738 0.5491
v 1.3634 1.3773 0.8477
v 0.9547 1.1917 1.2277
v 0.7459 1.1579 1.3185
v 1.3451 1.5136 0.0060
v 0.7140 1.3847 -0.4152
v 0.5686 1.3795 -0.4365
v 0.3976 1.3765 -0.4659
v 0.8810 1.4056 -0.3741
v 0.1294 1.3777 -0.4867
v 0.2096 1.1039 1.4874
v 0.0702 1.0986 1.4916
v 2.9938 3.5052 0.4907
v 2.8171 3.3717 0.6688
v 2.4476 3.1171 0.5269
v 2.6780 3.3684 -0.2463
v 2.8467 3.4586 -0.1694
v 2.9891 3.5358 0.0280
v 3.0280 3.5429 0.2482
v 2.5041 3.2637 -0.2586
v 2.2844 3.0605 0.0619
v 2.3051 3.0523 0.2170
v 2.5770 3.2005 0.6491
v 2.3581 3.1616 -0.1749
v 0.3087 5.1251 -0.5332
v 0.5505 5.2721 -0.4608
v 0.7469 5.4095 -0.1697
v 0.6728 5.3696 -0.3428
v 0.1307 5.0601 -0.5098
v 0.3522 5.1608 0.6626
v 0.6093 5.2611 0.4314
v 0.5146 5.2140 0.5407
v 0.2274 5.1509 0.7168
v 0.6770 5.3227 0.2932
v 0.7425 5.4047 0.0024
v 2.2955 3.1045 -0.0818
v 2.3558 3.0620 0.3785
v 0.4381 5.1788 0.6050
v 0.4396 5.1935 -0.5035
v 0.0729 5.1476 0.7249
v 1.7442 5.0602 0.4412
v 1.7460 4.8879 0.6644
v 1.3489 4.2099 1.0559
v 1.3134 4.0422 1.1607
v 1.2751 5.0193 0.6111
v 1.4898 5.1138 0.4346
v 1.1848 4.6743 0.9091
v 1.1384 4.1930 1.2558
v 1.0766 5.0691 0.5554
v 1.1543 5.1671 0.3928
v 0.8736 4.5623 1.0696
v 0.8845 4.3004 1.2702
v 0.8914 5.1293 0.5062
v 0.9721 5.2103 0.3507
v 0.6269 4.6201 1.0803
v 0.6341 4.3564 1.2644
v 1.4572 3.6568 -0.1530
v 1.1162 3.4640 -0.3989
v 0.9057 3.4768 -0.5032
v 0.6482 3.4866 -0.5614
v 2.5767 4.1263 0.4425
v 1.9449 3.6796 0.5836
v 2.0882 4.8724 0.2905
v 1.9071 4.6367 0.7161
v 1.5340 4.2419 0.8889
v 1.4783 3.9379 0.8299
v 1.4305 3.7992 0.9102
v 2.5212 4.2413 0.3811
v 2.3493 4.1394 0.6634
v 1.5572 3.7312 0.4002
v 1.5422 3.6602 0.4211
v 0.3866 3.4934 -0.5652
v 1.0098 5.2845 -0.3646
v 1.0493 5.3337 -0.1874
v 1.0500 5.3287 0.0044
v 1.0174 5.2842 0.1876
v 0.5296 3.4124 1.6623
v 1.1602 5.1393 -0.4671
v 1.2144 5.2426 -0.3305
v 1.2315 5.2945 0.0187
v 1.2072 5.2564 0.2163
v 0.6764 4.4772 -0.7405
v 1.2148 3.8886 -0.4885
v 0.9601 4.1043 -0.6474
v 0.9452 3.9278 -0.6133
v 0.6591 4.1283 -0.7091
v 0.6545 3.9460 -0.6775
v 0.3806 4.1363 -0.7018
v 0.3778 3.9535 -0.6760
v 1.4997 5.2024 0.0003
v 1.4983 5.1883 0.2004
v 1.6985 4.8965 -0.4330
v 1.7364 5.1265 -0.0134
v 1.7646 5.1209 0.1907
v 0.3713 3.2213 -0.4741
v 1.4739 4.5940 -0.5407
v 1.6146 3.8379 0.0393
v 1.5460 3.7078 0.0272
v 2.0617 4.8664 -0.1293
v 2.1158 4.8839 0.1157
v 1.6294 5.0377 -0.3730
v 1.8111 3.5596 0.0495
v 1.6176 3.8162 0.2330
v 1.5460 3.6713 0.2110
v 2.3167 4.3204 -0.2679
v 2.5363 4.2063 -0.0601
v 2.5770 4.2225 0.1614
v 1.8220 3.5733 0.2300
v 2.3063 3.8895 -0.3092
v 2.4619 4.0722 -0.2250
v 2.7068 4.0223 0.2024
v 2.6443 4.1142 0.1825
v 2.0777 4.2924 -0.3992
v 2.1230 4.2425 0.7199
v 1.4876 3.6974 0.6273
v 1.5501 4.1354 0.8337
v 0.3965 4.4785 -0.7207
v 0.3815 3.3508 -0.5194
v 0.6316 3.3412 -0.5165
v 0.8743 3.3343 -0.4666
v 1.0765 3.3298 -0.3721
v 1.4124 3.3550 0.0369
v 1.4651 3.3630 0.2293
v 1.4752 3.3604 0.5345
v 1.3827 3.4323 1.0677
v 1.3939 3.3703 0.7765
v 0.8892 4.1664 1.3607
v 0.6388 4.2243 1.3450
v 0.4691 3.2436 1.6272
v 0.6821 3.1944 1.6182
v 0.8802 3.1293 1.5539
v 1.0546 3.0548 1.3534
v 1.1660 3.0035 1.1367
v 1.3089 3.2068 1.1417
v 1.4184 3.7394 0.9439
v 1.3140 3.9070 1.2210
v 1.1305 4.0627 1.3445
v 0.8531 5.2532 0.3256
v 0.4781 5.0522 0.7903
v 0.7649 5.1859 0.4782
v 0.6449 4.0930 1.4198
v 0.8990 4.0307 1.4414
v 1.2307 1.4943 -0.1879
v 1.1361 3.9325 1.4116
v 1.3264 3.7818 1.2524
v 1.4412 3.5514 0.7075
v 1.4035 3.6330 0.9877
v 1.2191 3.0091 -0.0501
v 1.5106 3.5198 0.4626
v 1.2939 3.2202 -0.0794
v 1.0471 2.5831 -0.0332
v 1.5107 3.5250 0.2143
v 1.0062 2.2416 -0.0623
v 0.8041 5.0606 0.6446
v 0.9998 4.9755 0.6933
v 1.2274 4.8939 0.7537
v 1.2434 4.2522 -0.5796
v 0.9554 4.2882 -0.6818
v 0.6661 4.3085 -0.7283
v 0.3887 4.3144 -0.7150
v 1.0365 2.0702 -0.0857
v 1.3709 3.6994 -0.3295
v 1.2620 3.1185 -0.0605
v 1.2890 4.0444 -0.5001
v 1.1664 2.8792 -0.0520
v 1.0819 1.9000 -0.1113
v 1.1803 1.6231 -0.1558
v 1.6010 3.9231 -0.3249
v 1.4163 3.8269 -0.3510
v 1.3324 3.3370 -0.1060
v 0.4125 4.6297 -0.7097
v 0.6983 4.6288 -0.7269
v 0.9759 4.6149 -0.6962
v 1.4896 4.4091 -0.5212
v 1.8825 3.6676 -0.2468
v 1.5255 3.5873 0.4369
v 1.1806 3.7429 -0.4596
v 0.9363 3.7705 -0.5759
v 0.6545 3.7841 -0.6411
v 0.3801 3.7898 -0.6436
v 1.5128 3.6231 0.0102
v 1.5272 3.5934 0.2074
v 1.4187 3.1937 0.6179
v 0.7977 3.0875 -0.3952
v 0.5837 3.0922 -0.4332
v 0.3561 3.1030 -0.4339
v 1.3446 3.1466 0.0942
v 1.4058 3.1782 0.2903
v 0.9864 3.0884 -0.3186
v 1.3645 2.9845 0.6288
v 0.7128 2.8452 -0.3409
v 0.5237 2.8452 -0.3735
v 0.3191 2.8517 -0.3655
v 1.2658 2.9082 0.0970
v 1.3338 2.9479 0.3144
v 0.8844 2.8501 -0.2741
v 1.3147 2.6590 0.6194
v 0.6349 2.5455 -0.2917
v 0.4673 2.5419 -0.3154
v 0.2862 2.5435 -0.3013
v 1.1553 2.6040 0.1074
v 1.2559 2.6328 0.3095
v 0.7872 2.5538 -0.2340
v 1.2822 2.2713 0.5699
v 0.5955 2.2012 -0.2701
v 0.4440 2.1939 -0.2843
v 0.2812 2.1939 -0.2686
v 1.1139 2.2580 0.0680
v 1.2114 2.2770 0.2822
v 0.7427 2.2125 -0.2299
v 1.2969 2.0809 0.5393
v 0.5979 2.0166 -0.2757
v 0.4495 2.0070 -0.2889
v 0.2884 2.0064 -0.2801
v 1.1574 2.0930 0.0418
v 1.2571 2.1096 0.2726
v 0.7459 2.0306 -0.2413
v 1.3292 1.9020 0.5330
v 0.5104 1.6923 1.5014
v 1.3144 1.9458 0.2720
v 0.7693 1.8541 -0.2691
v 0.3348 1.6876 1.5630
v 1.4660 3.6239 0.6574
v 1.3269 3.1918 0.8624
v 1.2725 2.6846 0.8975
v 1.2906 3.0049 0.8968
v 0.7854 2.8147 1.4578
v 0.9681 2.7734 1.3225
v 1.1405 1.7574 1.0886
v 0.3149 1.9213 1.5883
v 0.7370 2.1688 1.4853
v 0.9525 2.1924 1.3403
v 1.1344 1.9822 1.0996
v 0.5053 1.9238 1.5343
v 0.7101 1.9367 1.4420
v 0.9265 1.9550 1.3172
v 1.1343 2.2114 1.1287
v 0.5897 2.8448 1.5472
v 0.3119 2.1625 1.6199
v 0.7043 1.7012 1.4021
v 0.9284 1.7197 1.2804
v 1.1433 2.7224 1.1364
v 0.5221 2.1592 1.5720
v 0.3797 2.8538 1.6005
v 1.2535 2.2463 0.8607
v 1.2587 2.0349 0.8294
v 1.2817 1.8323 0.8152
v 1.2147 1.9277 0.0238
v 1.4207 1.6240 0.5554
v 1.4203 1.6755 0.2731
v 0.5441 1.3200 1.4560
v 0.3670 1.3056 1.5210
v 1.1699 1.4184 1.1187
v 0.7385 1.3311 1.3566
v 0.9520 1.3567 1.2570
v 1.3556 1.5217 0.8551
v 0.6186 1.8376 -0.3027
v 0.4698 1.8255 -0.3181
v 0.3049 1.8229 -0.3181
v 1.1941 1.2723 1.1390
v 0.3752 1.1177 1.5115
v 0.5614 1.1384 1.4473
v 1.4791 1.5409 0.2695
v 1.4788 1.4867 0.5574
v 1.3971 1.3872 0.8683
v 0.9725 1.1939 1.2635
v 0.7628 1.1580 1.3548
v 1.3209 1.6579 0.0042
v 1.3769 1.5287 -0.0134
v 0.6788 1.5302 -0.3958
v 0.5359 1.5180 -0.4148
v 0.3826 1.5144 -0.4351
v 0.7195 1.3998 -0.4518
v 0.5732 1.3957 -0.4728
v 0.4012 1.3947 -0.5013
v 0.8497 1.5514 -0.3591
v 0.8911 1.4203 -0.4101
v 0.6650 5.1309 0.6125
v 0.4640 4.9271 -0.6382
v 0.7446 5.1906 -0.5056
v 0.8998 5.3122 0.1662
v 0.9216 5.3577 -0.0025
v 0.9101 5.3710 -0.2053
v 0.8451 5.3136 -0.3894
v 1.3082 3.0397 0.1009
v 0.5546 2.9759 -0.4011
v 0.3384 2.9847 -0.3985
v 0.9373 2.9766 -0.2945
v 1.3935 3.1063 0.6313
v 0.6191 3.7331 1.6175
v 0.8705 3.7053 1.6465
v 0.7644 3.3707 1.6940
v 0.9777 3.2990 1.6637
v 0.7560 2.9735 -0.3657
v 1.4482 3.2820 0.5792
v 1.4368 3.2688 0.2610
v 1.2474 3.1090 1.1365
v 1.2795 3.4665 1.4198
v 1.0955 3.6326 1.6122
v 1.3584 3.2903 0.8213
v 1.3521 3.3301 1.1205
v 1.3756 3.2459 0.0689
v 1.0319 3.2010 -0.3443
v 0.8374 3.2031 -0.4292
v 0.6100 3.2096 -0.4718
v 1.1538 3.1673 1.4034
v 1.2986 3.1210 0.8936
v 1.3702 3.0747 0.3032
v 1.3062 3.5814 1.3801
v 1.1189 3.7385 1.5492
v 0.8907 3.8148 1.5793
v 0.6390 3.8566 1.5546
v 0.5819 3.5843 1.6642
v 0.8287 3.5596 1.7078
v 1.0586 3.4764 1.6519
v 1.2347 3.3258 1.4341
v 0.3761 4.6481 1.1004
v 0.3837 4.3883 1.2610
v 0.3930 4.1287 1.3991
v 0.2717 3.2781 1.6261
v 0.3881 4.2588 1.3311
v 0.2968 5.0312 0.8555
v 0.1890 1.6844 1.5786
v 0.1752 1.9225 1.6014
v 0.2061 2.8695 1.6210
v 0.1625 2.1701 1.6264
v 0.2109 1.2937 1.5369
v 0.3122 3.4435 1.6370
v 0.3765 3.7545 1.5850
v 0.1433 4.7535 -0.6417
v 0.3911 3.8821 1.5258
v 0.3488 3.6080 1.6303
v 0.1393 4.6176 -0.6606
v 0.1301 4.3130 -0.6775
v 0.1266 4.1375 -0.6675
v 0.1251 3.9564 -0.6458
v 0.1255 3.7935 -0.6171
v 0.1281 3.5008 -0.5434
v 0.1266 3.3624 -0.4991
v 0.1230 3.2356 -0.4534
v 0.1177 3.1173 -0.4101
v 0.1117 2.9974 -0.3693
v 0.1057 2.8618 -0.3301
v 0.0960 2.5477 -0.2693
v 0.0959 2.2003 -0.2335
v 0.0987 2.0142 -0.2555
v 0.1045 1.8299 -0.3060
v 0.1215 1.5180 -0.4385
v 0.1304 1.3979 -0.5212
v 0.2116 1.1009 1.5273
v 1.4977 3.4439 0.4939
v 1.4894 3.4503 0.2092
v 1.4430 3.4466 0.0178
v 0.6463 3.9717 1.4885
v 0.9002 3.9161 1.5108
v 1.1330 3.8311 1.4803
v 1.3212 3.6836 1.3176
v 1.4218 3.4614 0.7362
v 1.3922 3.5328 1.0181
v 1.3747 3.4439 -0.1249
v 0.3952 4.0037 1.4637
v 0.1337 4.0123 1.4452
v 0.1251 4.6558 1.1142
v 0.0650 2.8779 1.6250
v 0.0513 2.1728 1.6242
v 0.0701 1.0965 1.5315
v 0.0621 1.6824 1.5681
v 2.9451 3.6092 0.4974
v 2.7534 3.4756 0.6898
v 2.3571 3.1851 0.5677
v 2.6386 3.4410 -0.2786
v 2.8155 3.5403 -0.1904
v 2.9529 3.6235 0.0029
v 2.9957 3.6457 0.2385
v 2.4496 3.3321 -0.2895
v 2.2011 3.1017 0.0623
v 2.2170 3.0962 0.2306
v 2.4934 3.2837 0.6791
v 2.2879 3.2137 -0.2077
v 3.0264 3.5333 0.5187
v 2.8290 3.3811 0.7176
v 2.4246 3.0938 0.5570
v 2.6859 3.3734 -0.2866
v 2.8684 3.4731 -0.2042
v 3.0235 3.5613 0.0107
v 3.0647 3.5727 0.2504
v 2.5007 3.2599 -0.2991
v 2.2541 3.0292 0.0590
v 2.2770 3.0222 0.2260
v 2.5661 3.1879 0.6936
v 2.3396 3.1450 -0.2093
v 0.3044 5.1392 -0.5708
v 0.5590 5.2910 -0.4955
v 0.7707 5.4432 -0.1754
v 0.6903 5.3974 -0.3674
v 0.1256 5.0718 -0.5480
v 0.3624 5.1896 0.6884
v 0.6296 5.2859 0.4554
v 0.5304 5.2398 0.5672
v 0.2314 5.1777 0.7469
v 0.6998 5.3497 0.3125
v 0.7665 5.4363 0.0094
v 0.7791 5.2844 0.3085
v 0.6880 5.2243 0.4580
v 0.4114 5.1198 0.7395
v 0.1389 4.9679 -0.5712
v 0.2632 5.1013 0.8018
v 0.8231 5.3381 0.1514
v 0.8386 5.3798 0.0052
v 0.5807 5.1753 0.5925
v 0.7444 5.3393 -0.3889
v 0.8245 5.4052 -0.2021
v 0.6396 5.2184 -0.5015
v 0.3513 5.0339 -0.6070
v 1.2711 4.8773 -0.5796
v 1.3719 5.2351 0.2190
v 1.6620 4.2035 0.8707
v 1.3750 5.1920 -0.3214
v 1.5153 3.7758 0.6119
v 1.3815 5.2594 0.0226
v 1.3285 5.1411 0.4290
v 1.4807 3.8941 -0.3262
v 2.4929 4.3515 0.1449
v 2.3810 4.5202 0.1231
v 1.7673 4.5495 -0.5110
v 1.8273 4.3795 0.7991
v 1.7232 3.7481 0.4024
v 1.6194 3.7920 0.4265
v 1.8559 4.8744 -0.3189
v 1.7023 4.4467 0.8669
v 1.8791 3.9633 0.7260
v 1.7142 3.7288 -0.1298
v 1.9786 4.9519 0.3610
v 1.5666 3.7404 0.2189
v 2.4357 4.3722 0.3708
v 2.3356 4.5281 0.3519
v 2.1988 4.5271 -0.2796
v 2.4539 4.3369 -0.0830
v 2.3359 4.5275 -0.1086
v 2.3689 3.9722 0.6855
v 1.5760 3.7781 0.0390
v 1.7590 3.8426 0.6048
v 1.6622 4.0305 0.7576
v 1.9772 4.9881 0.1530
v 1.7093 3.6765 0.0464
v 1.6168 4.0993 0.8217
v 2.2679 3.0795 -0.0979
v 1.4807 4.5461 0.8706
v 1.7679 4.1514 -0.4576
v 2.2528 4.0590 -0.3207
v 1.7555 3.8076 -0.2738
v 1.4770 3.5365 0.0102
v 1.5235 4.2240 -0.4606
v 1.7048 3.6972 0.2346
v 2.6051 4.0959 -0.0439
v 2.5042 3.9379 -0.2309
v 1.5740 4.0188 0.7668
v 2.0783 4.6026 0.6115
v 1.6067 3.8611 0.6293
v 1.2314 4.5989 -0.6256
v 2.4030 4.1836 -0.2346
v 2.2182 4.5181 0.5185
v 2.2288 4.7365 0.1221
v 1.9663 4.8206 0.5474
v 1.0817 4.4631 1.1003
v 1.7193 4.7562 -0.4821
v 1.4726 4.7637 0.7633
v 0.3442 4.9217 0.9310
v 0.0568 1.9247 1.6031
v 2.1609 4.7382 -0.1343
v 1.9287 4.7503 -0.3636
v 1.4730 4.9371 0.6261
v 1.4663 4.8879 -0.5140
v 2.1545 4.7317 0.4181
v 0.1479 4.8759 -0.6146
v 0.7246 4.7600 -0.6974
v 1.0348 4.8799 -0.6276
v 0.6107 4.9239 0.8534
v 1.4679 4.7555 -0.5486
v 1.2465 4.7470 -0.6141
v 0.7665 4.8963 -0.6478
v 0.9986 4.7471 -0.6735
v 0.4313 4.7715 -0.6836
v 1.9517 4.3261 0.7654
v 0.8990 4.7961 0.8714
v 1.9290 4.9913 -0.0656
v 1.7191 4.7060 0.7647
v 2.2168 3.1440 -0.0904
v 2.0794 3.7698 0.7080
v 1.7482 4.1302 0.8021
v 1.8036 4.0702 0.7519
v 1.4406 4.0185 0.9473
v 1.3905 3.9039 1.0409
v 1.3925 3.7699 1.0626
v 1.5046 3.7578 -0.1435
v 1.6098 3.8673 -0.1371
v 1.8288 3.6003 -0.1172
v 1.5446 3.8345 -0.1215
v 2.6409 4.0208 0.4749
v 2.6640 4.0062 -0.0273
v 1.4335 3.6691 0.8460
v 1.4541 3.7517 0.7852
v 1.5004 3.8521 0.7323
v 1.6949 3.9643 0.7074
v 1.5898 3.9334 0.7054
v 2.3303 3.0312 0.3931
v 2.2685 3.1183 0.4054
v 1.8721 3.6147 0.4092
v 1.1943 4.7886 0.8354
v 2.3921 4.2695 0.5380
v 0.5002 5.1437 0.6656
v 0.5807 5.0864 0.7069
v 0.4500 5.2066 0.6312
v 0.7228 4.9951 0.7456
v 1.7022 4.5546 0.8392
v 0.9421 4.8867 0.7858
v 1.4729 4.6562 0.8222
v 1.8618 4.4832 0.7771
v 1.9986 4.4356 0.7375
v 2.2341 4.4044 0.6036
v 2.2446 4.1725 -0.3182
v 1.5701 4.0501 -0.3894
v 1.7708 3.9852 -0.3984
v 2.0551 3.8461 -0.3363
v 0.1350 4.4717 -0.6709
v 1.2260 4.4305 -0.6199
v 0.9589 4.4593 -0.7029
v 1.7682 4.3363 -0.5021
v 2.0383 4.0893 -0.3797
v 1.4826 5.0610 -0.3879
v 2.0043 4.5338 -0.4083
v 1.7834 4.9700 -0.2872
v 0.8441 5.0335 -0.5873
v 0.6286 5.0677 -0.5837
v 0.4419 5.2091 -0.5403
v 0.5055 5.1214 -0.5660
v 1.6825 4.3023 0.8880
v 2.0154 4.1085 0.7759
v 1.7849 4.2348 0.8097
v 1.8776 4.1753 0.7758
v 1.5035 4.4027 0.9019
v 1.0933 5.0124 -0.5637
v 0.9282 5.1663 -0.5033
v 1.4751 4.9852 -0.4538
v 1.6623 4.9762 -0.3989
v 1.3510 5.1064 -0.4430
v 1.3146 4.9982 -0.5283
v 1.6855 5.0787 -0.2649
v 1.4888 5.1155 -0.2721
v 1.2360 5.2897 -0.1548
v 1.3863 5.2455 -0.1437
v 1.7115 5.1027 -0.1483
v 2.0587 4.7413 -0.2579
v 1.9642 4.8730 -0.2284
v 1.4957 5.1723 -0.1124
v 1.8627 4.9823 -0.1810
v 1.4124 3.5454 -0.1392
v 0.1035 3.4561 1.6161
v 0.1287 4.3981 1.2584
v 0.0890 3.2921 1.6194
v 0.1326 3.8870 1.5035
v 0.1306 4.2699 1.3216
v 0.0646 1.2949 1.5320
v 0.1169 3.6157 1.6043
v 0.0922 5.0170 0.8709
v 0.1273 3.7586 1.5594
v 0.1069 4.9161 0.9594
v 0.0728 5.1706 0.7576
v 0.0745 5.0814 0.8080
v 0.1326 4.1397 1.3844
v 1.1356 4.3259 1.1626
v 0.1272 4.5250 1.1907
v 0.6312 4.4871 1.1761
v 0.3806 4.5164 1.1850
v 0.8827 4.4307 1.1706
v 0.8974 4.6765 0.9683
v 0.3668 4.7835 1.0116
v 0.6252 4.7569 0.9770
v 1.2183 4.4953 1.0105
v 0.1200 4.7889 1.0331
v 0.7993 3.0123 1.4701
v 1.2892 2.8583 0.8981
v 1.2043 2.7634 0.1117
v 1.0999 2.7380 -0.0320
v 0.9755 2.9694 1.3233
v 1.2934 2.8100 0.3204
v 0.3003 2.7023 -0.3333
v 0.6705 2.7009 -0.3169
v 0.4930 2.6985 -0.3464
v 0.2366 3.1001 1.6152
v 0.8317 2.7081 -0.2518
v 1.3476 2.8386 0.6358
v 0.0999 2.7092 -0.2940
v 1.1504 2.9063 1.1442
v 0.4174 3.0734 1.5919
v 0.6139 3.0511 1.5255
v 0.0763 3.1116 1.6206
v 0.7583 2.3894 -0.2264
v 0.1738 2.5449 1.6303
v 1.2914 2.4673 0.5991
v 0.0944 2.3789 -0.2473
v 0.3386 2.5284 1.6216
v 1.2586 2.4815 0.8869
v 0.5580 2.5155 1.5745
v 0.2792 2.3748 -0.2786
v 1.0174 2.4176 -0.0401
v 0.9596 2.5056 1.3354
v 0.6102 2.3794 -0.2757
v 0.4509 2.3742 -0.2941
v 0.7658 2.5088 1.4787
v 1.1372 2.4937 1.1352
v 1.1260 2.4338 0.0968
v 1.2282 2.4544 0.2958
v 0.0536 2.5510 1.6252
v 0.2032 1.4685 1.5606
v 1.3278 1.6636 0.8379
v 0.3309 1.6623 -0.3741
v 0.1128 1.6668 -0.3720
v 1.3827 1.7490 0.5474
v 0.5304 1.4856 1.4805
v 0.4994 1.6664 -0.3657
v 1.3755 1.8003 0.2718
v 1.1343 1.7446 -0.1363
v 0.8064 1.6975 -0.3114
v 0.6496 1.6795 -0.3470
v 1.2698 1.7751 0.0175
v 0.7227 1.4953 1.3768
v 0.9420 1.5155 1.2675
v 0.3550 1.4765 1.5466
v 1.1641 1.5670 1.1076
v 0.0630 1.4683 1.5430
v 2.2211 3.6066 0.6823
v 2.3615 3.4400 0.6820
v 2.6099 3.8008 -0.2069
v 2.7203 3.6611 -0.1982
v 2.0256 3.5195 -0.2119
v 2.1647 3.3687 -0.2011
v 1.9445 3.4107 0.0552
v 2.0745 3.2551 0.0591
v 2.1962 3.6587 -0.3119
v 2.3286 3.4897 -0.3002
v 1.9618 3.4484 -0.1060
v 2.0914 3.2946 -0.0975
v 2.0885 3.5143 0.5751
v 2.2251 3.3463 0.5722
v 2.7562 3.8670 -0.0155
v 2.8628 3.7341 -0.0066
v 2.0068 3.4494 0.4084
v 2.1392 3.2814 0.4079
v 2.4891 3.7884 0.6844
v 2.6315 3.6241 0.6877
v 2.4169 3.7353 -0.2945
v 2.5343 3.5804 -0.2860
v 2.7283 3.8727 0.4827
v 2.8454 3.7299 0.4917
v 1.9574 3.4153 0.2303
v 2.0883 3.2542 0.2306
v 2.8003 3.8881 0.2176
v 2.9068 3.7556 0.2276
v 2.4859 3.2960 0.6725
v 2.8049 3.5465 -0.1852
v 2.2851 3.2307 -0.1967
v 2.1973 3.1179 0.0627
v 2.4412 3.3450 -0.2829
v 2.2124 3.1597 -0.0876
v 2.3514 3.2000 0.5628
v 2.9415 3.6270 0.0052
v 2.2642 3.1346 0.4023
v 2.7435 3.4834 0.6831
v 2.6293 3.4505 -0.2719
v 2.9344 3.6128 0.4933
v 2.2131 3.1125 0.2292
v 2.9845 3.6483 0.2375
v 2.4726 3.3081 0.6799
v 2.8001 3.5598 -0.1918
v 2.2713 3.2467 -0.1982
v 2.1800 3.1273 0.0617
v 2.4293 3.3584 -0.2913
v 2.1958 3.1692 -0.0916
v 2.3357 3.2111 0.5685
v 2.9391 3.6406 0.0011
v 2.2473 3.1451 0.4058
v 2.7347 3.4974 0.6901
v 2.6213 3.4641 -0.2798
v 2.9313 3.6266 0.4964
v 2.1957 3.1224 0.2306
v 2.9831 3.6619 0.2367
v 1.6137 3.9191 -0.3372
v 1.5956 3.9369 -0.3385
v 1.7490 3.8133 -0.2980
v 1.8882 3.6714 -0.2675
v 2.0333 3.5225 -0.2347
v 2.1721 3.3717 -0.2248
v 2.2976 3.2399 -0.2107
v 2.2826 3.2507 -0.2180
v 1.6197 3.8904 -0.3029
v 1.6013 3.9107 -0.3037
v 1.7416 3.7845 -0.2626
v 1.8663 3.6470 -0.2373
v 2.0068 3.4977 -0.2057
v 2.1441 3.3477 -0.1959
v 2.2690 3.2157 -0.1819
v 2.2540 3.2266 -0.1892
vt 0.1446 0.7353
vt 0.1630 0.7340
vt 0.1630 0.7561
vt 0.1446 0.7564
vt 0.1928 0.6424
vt 0.1776 0.6474
vt 0.1761 0.6256
vt 0.1908 0.6203
vt 0.7624 0.1791
vt 0.7578 0.1798
vt 0.7549 0.1553
vt 0.7607 0.1532
vt 0.8560 0.2313
vt 0.8634 0.2493
vt 0.8465 0.2507
vt 0.8379 0.2365
vt 0.1861 0.4131
vt 0.2010 0.4166
vt 0.2025 0.4442
vt 0.1885 0.4441
vt 0.2601 0.5502
vt 0.2540 0.5552
vt 0.2518 0.5516
vt 0.2581 0.5471
vt 0.8105 0.1518
vt 0.8305 0.1479
vt 0.8273 0.1647
vt 0.8108 0.1716
vt 0.3337 0.4471
vt 0.3377 0.4517
vt 0.3262 0.4622
vt 0.3223 0.4582
vt 0.3869 0.6413
vt 0.4014 0.6399
vt 0.3991 0.6631
vt 0.3847 0.6665
vt 0.7691 0.2059
vt 0.7791 0.2270
vt 0.7746 0.2296
vt 0.7645 0.2072
vt 0.5080 0.6583
vt 0.5108 0.6584
vt 0.5109 0.6601
vt 0.5096 0.6608
vt 0.6527 0.7145
vt 0.6149 0.6980
vt 0.6172 0.6951
vt 0.6562 0.7104
vt 0.5881 0.6364
vt 0.5774 0.6155
vt 0.5837 0.6127
vt 0.5940 0.6325
vt 0.8321 0.2244
vt 0.8379 0.2365
vt 0.8180 0.2417
vt 0.8105 0.2317
vt 0.2693 0.3735
vt 0.2821 0.3770
vt 0.2687 0.4013
vt 0.2558 0.3975
vt 0.2274 0.3422
vt 0.2468 0.3454
vt 0.2402 0.3672
vt 0.2228 0.3628
vt 0.1615 0.6715
vt 0.1435 0.6753
vt 0.1429 0.6559
vt 0.1607 0.6517
vt 0.9053 0.0798
vt 0.9152 0.1055
vt 0.9011 0.1058
vt 0.8924 0.0860
vt 0.2096 0.3889
vt 0.2273 0.3913
vt 0.2149 0.4182
vt 0.2010 0.4166
vt 0.2141 0.5938
vt 0.2107 0.5708
vt 0.2217 0.5697
vt 0.2268 0.5922
vt 0.2393 0.6530
vt 0.2553 0.6497
vt 0.2580 0.6735
vt 0.2415 0.6761
vt 0.2318 0.5675
vt 0.2304 0.5628
vt 0.2375 0.5587
vt 0.2395 0.5633
vt 0.0695 0.4486
vt 0.0767 0.4813
vt 0.0589 0.4803
vt 0.0505 0.4474
vt 0.4517 0.3948
vt 0.4338 0.3842
vt 0.4450 0.3646
vt 0.4615 0.3769
vt 0.7891 0.0548
vt 0.8033 0.0434
vt 0.8070 0.0471
vt 0.7929 0.0581
vt 0.8775 0.3501
vt 0.8772 0.3488
vt 0.8856 0.3472
vt 0.8778 0.3513
vt 0.5608 0.5505
vt 0.5570 0.5147
vt 0.5640 0.5144
vt 0.5676 0.5503
vt 0.3105 0.4470
vt 0.3223 0.4582
vt 0.3131 0.4676
vt 0.3005 0.4613
vt 0.3248 0.7537
vt 0.3249 0.7271
vt 0.3422 0.7264
vt 0.3423 0.7534
vt 0.4880 0.3756
vt 0.5063 0.3806
vt 0.5003 0.3931
vt 0.4803 0.3881
vt 0.9275 0.1954
vt 0.9135 0.2298
vt 0.8996 0.2184
vt 0.9151 0.1906
vt 0.2021 0.5955
vt 0.2002 0.5719
vt 0.3196 0.4317
vt 0.4719 0.4052
vt 0.4918 0.4133
vt 0.8278 0.5048
vt 0.8265 0.5236
vt 0.8190 0.5224
vt 0.8199 0.5046
vt 0.4623 0.4366
vt 0.4652 0.4216
vt 0.4863 0.4312
vt 0.4850 0.4440
vt 0.3483 0.4431
vt 0.3458 0.4375
vt 0.3642 0.4302
vt 0.3652 0.4359
vt 0.4006 0.6889
vt 0.3863 0.6935
vt 0.7785 0.4299
vt 0.7873 0.4458
vt 0.7809 0.4485
vt 0.7727 0.4336
vt 0.1964 0.2760
vt 0.1947 0.2940
vt 0.1708 0.2919
vt 0.1722 0.2751
vt 0.7021 0.3802
vt 0.7244 0.3889
vt 0.7210 0.3949
vt 0.6999 0.3862
vt 0.2264 0.7030
vt 0.2113 0.7051
vt 0.2105 0.6818
vt 0.2256 0.6789
vt 0.6310 0.8142
vt 0.6629 0.8149
vt 0.6599 0.8222
vt 0.6323 0.8221
vt 0.8255 0.6063
vt 0.8105 0.5986
vt 0.8231 0.5719
vt 0.8393 0.5772
vt 0.5822 0.6401
vt 0.5712 0.6180
vt 0.2100 0.5663
vt 0.1996 0.5676
vt 0.4051 0.7173
vt 0.4022 0.7506
vt 0.3887 0.7517
vt 0.3893 0.7219
vt 0.7947 0.4676
vt 0.7975 0.4921
vt 0.7908 0.4924
vt 0.7879 0.4688
vt 0.0854 0.5983
vt 0.0858 0.6227
vt 0.0672 0.6210
vt 0.0668 0.5959
vt 0.5770 0.4808
vt 0.5793 0.4455
vt 0.5834 0.4465
vt 0.5812 0.4812
vt 0.0462 0.6616
vt 0.0650 0.6629
vt 0.0650 0.6812
vt 0.0463 0.6797
vt 0.1786 0.6675
vt 0.1776 0.6474
vt 0.1340 0.3840
vt 0.1585 0.3841
vt 0.1547 0.4132
vt 0.1329 0.4136
vt 0.2422 0.7271
vt 0.2266 0.7280
vt 0.2264 0.7030
vt 0.2423 0.7013
vt 0.6949 0.9119
vt 0.6743 0.9360
vt 0.6697 0.9298
vt 0.6880 0.9084
vt 0.3069 0.7538
vt 0.3073 0.7274
vt 0.5031 0.6192
vt 0.5078 0.6388
vt 0.5042 0.6393
vt 0.4997 0.6204
vt 0.2393 0.6530
vt 0.2236 0.6564
vt 0.2199 0.6358
vt 0.2355 0.6327
vt 0.1943 0.6633
vt 0.0845 0.2904
vt 0.0601 0.2914
vt 0.0598 0.2751
vt 0.0846 0.2747
vt 0.7136 0.9252
vt 0.6842 0.9562
vt 0.6826 0.9532
vt 0.7110 0.9235
vt 0.2661 0.5413
vt 0.2667 0.5425
vt 0.2649 0.5454
vt 0.2637 0.5428
vt 0.0147 0.3299
vt 0.0195 0.3300
vt 0.0194 0.3547
vt 0.0147 0.3548
vt 0.8525 0.2804
vt 0.8519 0.2637
vt 0.8665 0.2660
vt 0.8644 0.2862
vt 0.7858 0.1557
vt 0.7850 0.1782
vt 0.2072 0.3387
vt 0.2018 0.3605
vt 0.1837 0.3574
vt 0.1876 0.3357
vt 0.7859 0.1090
vt 0.7662 0.1020
vt 0.7707 0.0887
vt 0.7843 0.0948
vt 0.4935 0.6051
vt 0.4997 0.6204
vt 0.4827 0.6267
vt 0.4779 0.6131
vt 0.5674 0.8863
vt 0.5746 0.8646
vt 0.5810 0.8690
vt 0.5751 0.8883
vt 0.4706 0.3631
vt 0.4555 0.3496
vt 0.4631 0.3397
vt 0.4773 0.3544
vt 0.1252 0.7163
vt 0.1050 0.7175
vt 0.1050 0.6993
vt 0.1250 0.6973
vt 0.8308 0.5464
vt 0.8231 0.5719
vt 0.8161 0.5691
vt 0.8237 0.5447
vt 0.2584 0.7266
vt 0.2589 0.6999
vt 0.2910 0.6992
vt 0.2752 0.6993
vt 0.2744 0.6715
vt 0.2903 0.6702
vt 0.4906 0.5928
vt 0.4965 0.6035
vt 0.4935 0.6051
vt 0.4884 0.5950
vt 0.8421 0.2883
vt 0.8295 0.2802
vt 0.8386 0.2767
vt 0.8525 0.2804
vt 0.2415 0.6761
vt 0.2546 0.2788
vt 0.2530 0.3014
vt 0.2342 0.2990
vt 0.2361 0.2779
vt 0.0237 0.7110
vt 0.0281 0.7112
vt 0.0280 0.7275
vt 0.0240 0.7270
vt 0.4901 0.6542
vt 0.5064 0.6514
vt 0.5080 0.6583
vt 0.4942 0.6617
vt 0.8355 0.5050
vt 0.8339 0.5244
vt 0.0506 0.5884
vt 0.0503 0.5931
vt 0.0391 0.5897
vt 0.0384 0.5865
vt 0.3581 0.6141
vt 0.3549 0.6404
vt 0.3378 0.6367
vt 0.3387 0.6073
vt 0.4827 0.6267
vt 0.4868 0.6421
vt 0.4680 0.6493
vt 0.4660 0.6333
vt 0.8039 0.5952
vt 0.3709 0.6684
vt 0.3715 0.6415
vt 0.2110 0.3169
vt 0.2305 0.3203
vt 0.2274 0.3422
vt 0.2072 0.3387
vt 0.5987 0.8142
vt 0.6049 0.8259
vt 0.5844 0.8417
vt 0.5748 0.8343
vt 0.5964 0.8108
vt 0.5715 0.8318
vt 0.1892 0.5752
vt 0.1884 0.5708
vt 0.5099 0.3814
vt 0.5040 0.3942
vt 0.8721 0.1498
vt 0.8493 0.1502
vt 0.8478 0.1249
vt 0.8701 0.1263
vt 0.8241 0.1128
vt 0.8068 0.1192
vt 0.8027 0.1051
vt 0.8165 0.0991
vt 0.7626 0.4197
vt 0.7727 0.4336
vt 0.7668 0.4372
vt 0.7581 0.4245
vt 0.2589 0.6999
vt 0.2580 0.6735
vt 0.3574 0.6978
vt 0.3411 0.6983
vt 0.3395 0.6683
vt 0.3556 0.6691
vt 0.6551 0.3706
vt 0.6814 0.3692
vt 0.6808 0.3754
vt 0.6561 0.3764
vt 0.2208 0.5650
vt 0.6653 0.7973
vt 0.6645 0.8012
vt 0.6295 0.8014
vt 0.6286 0.7974
vt 0.2583 0.5220
vt 0.2670 0.5215
vt 0.2671 0.5261
vt 0.2582 0.5263
vt 0.8333 0.2636
vt 0.0962 0.4816
vt 0.1162 0.4795
vt 0.1196 0.5118
vt 0.0993 0.5113
vt 0.7430 0.6925
vt 0.6997 0.7105
vt 0.7006 0.6959
vt 0.7408 0.6795
vt 0.6568 0.8303
vt 0.6340 0.8301
vt 0.3005 0.4613
vt 0.2928 0.4772
vt 0.2816 0.4745
vt 0.2865 0.4549
vt 0.3940 0.6193
vt 0.3949 0.6146
vt 0.4088 0.6149
vt 0.4083 0.6200
vt 0.0489 0.5102
vt 0.0480 0.5136
vt 0.0463 0.5135
vt 0.0459 0.5120
vt 0.2258 0.4519
vt 0.2302 0.4811
vt 0.2181 0.4772
vt 0.2130 0.4477
vt 0.1444 0.7147
vt 0.1628 0.7126
vt 0.1340 0.3840
vt 0.1068 0.3838
vt 0.1067 0.3560
vt 0.1352 0.3575
vt 0.0481 0.6400
vt 0.0341 0.6381
vt 0.0369 0.6159
vt 0.0502 0.6181
vt 0.0249 0.6778
vt 0.0290 0.6783
vt 0.0284 0.6960
vt 0.0241 0.6959
vt 0.2775 0.5915
vt 0.2678 0.5995
vt 0.2568 0.5810
vt 0.2640 0.5736
vt 0.2633 0.3489
vt 0.2562 0.3699
vt 0.1930 0.3865
vt 0.9204 0.1601
vt 0.9325 0.1633
vt 0.2850 0.4219
vt 0.3031 0.4232
vt 0.2926 0.4397
vt 0.2820 0.4361
vt 0.8263 0.2539
vt 0.8465 0.2507
vt 0.1337 0.4446
vt 0.1541 0.4441
vt 0.1115 0.4462
vt 0.1076 0.4136
vt 0.4354 0.6851
vt 0.4407 0.6943
vt 0.4278 0.7088
vt 0.4198 0.6990
vt 0.2735 0.4489
vt 0.2709 0.4704
vt 0.2603 0.4641
vt 0.2665 0.4323
vt 0.1244 0.6594
vt 0.1048 0.6630
vt 0.1046 0.6428
vt 0.1239 0.6392
vt 0.0833 0.3553
vt 0.0838 0.3826
vt 0.0842 0.7178
vt 0.0846 0.7000
vt 0.7276 0.3829
vt 0.7312 0.3726
vt 0.7550 0.3897
vt 0.7499 0.3977
vt 0.0646 0.6991
vt 0.0458 0.6974
vt 0.8379 0.2924
vt 0.8254 0.2835
vt 0.8813 0.3722
vt 0.8902 0.3692
vt 0.8417 0.1988
vt 0.8410 0.1774
vt 0.8675 0.1722
vt 0.8597 0.1909
vt 0.8725 0.0756
vt 0.8513 0.0828
vt 0.8328 0.0639
vt 0.8494 0.0530
vt 0.8031 0.0833
vt 0.7934 0.0901
vt 0.7760 0.0788
vt 0.7827 0.0686
vt 0.2435 0.6087
vt 0.2307 0.6122
vt 0.2268 0.5922
vt 0.2377 0.5897
vt 0.6816 0.3567
vt 0.6817 0.3601
vt 0.6511 0.3644
vt 0.6499 0.3619
vt 0.2675 0.3260
vt 0.2835 0.3285
vt 0.2777 0.3517
vt 0.2633 0.3489
vt 0.1046 0.5987
vt 0.0854 0.5983
vt 0.0855 0.5939
vt 0.1044 0.5942
vt 0.4601 0.6067
vt 0.4622 0.6194
vt 0.4455 0.6260
vt 0.4439 0.6121
vt 0.3816 0.4273
vt 0.3815 0.4327
vt 0.1254 0.7360
vt 0.1052 0.7363
vt 0.2992 0.5235
vt 0.2919 0.5237
vt 0.2896 0.5024
vt 0.2985 0.5023
vt 0.2372 0.4567
vt 0.2411 0.4858
vt 0.0391 0.5897
vt 0.0369 0.6159
vt 0.0334 0.6155
vt 0.0366 0.5881
vt 0.6992 0.6891
vt 0.6619 0.6912
vt 0.6629 0.6843
vt 0.6977 0.6821
vt 0.8418 0.0231
vt 0.8627 0.0160
vt 0.8656 0.0202
vt 0.8446 0.0273
vt 0.4306 0.6119
vt 0.4314 0.6166
vt 0.4205 0.6184
vt 0.4204 0.6134
vt 0.6911 0.8452
vt 0.6839 0.8503
vt 0.1892 0.5752
vt 0.1897 0.5990
vt 0.1755 0.6041
vt 0.1759 0.5794
vt 0.2468 0.5602
vt 0.2540 0.5552
vt 0.4150 0.3078
vt 0.4299 0.3021
vt 0.4339 0.3240
vt 0.4181 0.3385
vt 0.7897 0.6209
vt 0.7703 0.6472
vt 0.7656 0.6425
vt 0.7838 0.6170
vt 0.8190 0.2711
vt 0.4746 0.6701
vt 0.4942 0.6617
vt 0.4958 0.6646
vt 0.4763 0.6733
vt 0.8764 0.0110
vt 0.8785 0.0099
vt 0.8815 0.0109
vt 0.8794 0.0149
vt 0.4709 0.6622
vt 0.2150 0.2963
vt 0.2342 0.2990
vt 0.0303 0.6375
vt 0.0341 0.6381
vt 0.0312 0.6601
vt 0.0272 0.6597
vt 0.4561 0.6818
vt 0.4586 0.6850
vt 0.1046 0.6225
vt 0.8592 0.5051
vt 0.8567 0.5276
vt 0.8518 0.5269
vt 0.8541 0.5050
vt 0.0178 0.2910
vt 0.0128 0.2910
vt 0.0125 0.2744
vt 0.0177 0.2745
vt 0.3593 0.6090
vt 0.3398 0.6022
vt 0.5873 0.4188
vt 0.5908 0.4203
vt 0.3056 0.5842
vt 0.3046 0.5912
vt 0.2883 0.5761
vt 0.2912 0.5724
vt 0.2900 0.7538
vt 0.2905 0.7272
vt 0.4434 0.3379
vt 0.4539 0.3290
vt 0.0596 0.3552
vt 0.0604 0.3830
vt 0.5544 0.8565
vt 0.5581 0.8579
vt 0.5497 0.8843
vt 0.5457 0.8841
vt 0.3724 0.6961
vt 0.3742 0.7241
vt 0.3586 0.7258
vt 0.3574 0.6978
vt 0.7107 0.8315
vt 0.6978 0.8403
vt 0.6629 0.8149
vt 0.6645 0.8012
vt 0.1657 0.3344
vt 0.1370 0.3327
vt 0.1395 0.3088
vt 0.1681 0.3114
vt 0.3741 0.7525
vt 0.3586 0.7530
vt 0.2709 0.3033
vt 0.2872 0.3049
vt 0.3192 0.6303
vt 0.3196 0.5998
vt 0.7743 0.4509
vt 0.3639 0.3355
vt 0.3572 0.3618
vt 0.3404 0.3601
vt 0.3472 0.3343
vt 0.4411 0.2985
vt 0.4460 0.3169
vt 0.4707 0.5992
vt 0.4724 0.6025
vt 0.4601 0.6067
vt 0.4593 0.6025
vt 0.7963 0.4399
vt 0.8045 0.4636
vt 0.7947 0.4676
vt 0.7873 0.4458
vt 0.7456 0.4031
vt 0.7414 0.4087
vt 0.3063 0.4797
vt 0.7030 0.8799
vt 0.6953 0.8805
vt 0.8239 0.2093
vt 0.8024 0.2172
vt 0.3031 0.3060
vt 0.2988 0.3304
vt 0.2118 0.7293
vt 0.2266 0.7280
vt 0.2269 0.7540
vt 0.2121 0.7545
vt 0.3293 0.3859
vt 0.3124 0.3815
vt 0.3236 0.3580
vt 0.3404 0.3601
vt 0.8871 0.4099
vt 0.8905 0.3905
vt 0.9047 0.3845
vt 0.9035 0.4022
vt 0.5686 0.8609
vt 0.5844 0.8417
vt 0.5894 0.8475
vt 0.5746 0.8646
vt 0.6271 0.6781
vt 0.6051 0.6592
vt 0.6103 0.6544
vt 0.6305 0.6721
vt 0.2486 0.5192
vt 0.2377 0.5151
vt 0.2491 0.4609
vt 0.2518 0.4901
vt 0.1441 0.6949
vt 0.1250 0.6973
vt 0.1247 0.6783
vt 0.1435 0.6753
vt 0.3204 0.2808
vt 0.3362 0.2810
vt 0.3348 0.3075
vt 0.3188 0.3068
vt 0.7603 0.1321
vt 0.7846 0.1371
vt 0.7858 0.1557
vt 0.7607 0.1532
vt 0.4941 0.3678
vt 0.5103 0.3740
vt 0.1441 0.6949
vt 0.1623 0.6919
vt 0.2583 0.5220
vt 0.7815 0.2416
vt 0.7861 0.2392
vt 0.7940 0.2499
vt 0.7897 0.2523
vt 0.7940 0.1999
vt 0.7850 0.1782
vt 0.8832 0.4121
vt 0.8833 0.3926
vt 0.8772 0.2258
vt 0.8824 0.2457
vt 0.0848 0.6818
vt 0.1049 0.6809
vt 0.0853 0.6431
vt 0.0849 0.6637
vt 0.5633 0.5959
vt 0.5700 0.5940
vt 0.2687 0.4013
vt 0.2821 0.4039
vt 0.2665 0.4323
vt 0.2542 0.4306
vt 0.2170 0.2769
vt 0.2150 0.2963
vt 0.8415 0.1076
vt 0.8315 0.0919
vt 0.2530 0.3014
vt 0.2497 0.3234
vt 0.7020 0.9154
vt 0.6788 0.9420
vt 0.0616 0.5101
vt 0.0613 0.5143
vt 0.2937 0.6140
vt 0.2800 0.6190
vt 0.2926 0.4397
vt 0.5132 0.3746
vt 0.4615 0.4405
vt 0.4856 0.4473
vt 0.2722 0.2796
vt 0.7110 0.9235
vt 0.7020 0.9154
vt 0.7109 0.8791
vt 0.7234 0.8810
vt 0.3063 0.6690
vt 0.3073 0.6991
vt 0.6049 0.8259
vt 0.6088 0.8321
vt 0.4169 0.7258
vt 0.4225 0.7284
vt 0.4177 0.7519
vt 0.4129 0.7516
vt 0.7613 0.0999
vt 0.7664 0.0864
vt 0.7851 0.1226
vt 0.7859 0.1090
vt 0.5100 0.6515
vt 0.7879 0.4688
vt 0.7807 0.4703
vt 0.5582 0.6232
vt 0.5707 0.6478
vt 0.3046 0.2805
vt 0.2887 0.2801
vt 0.9105 0.3131
vt 0.9158 0.3357
vt 0.8983 0.3413
vt 0.8898 0.3214
vt 0.2090 0.6597
vt 0.2067 0.6388
vt 0.0849 0.6637
vt 0.0848 0.6818
vt 0.1196 0.5169
vt 0.1196 0.5118
vt 0.1401 0.5094
vt 0.1404 0.5147
vt 0.2816 0.4745
vt 0.2803 0.4990
vt 0.2708 0.4966
vt 0.2709 0.4704
vt 0.8524 0.5516
vt 0.8477 0.5505
vt 0.1796 0.6885
vt 0.1623 0.6919
vt 0.3556 0.6691
vt 0.3549 0.6404
vt 0.3774 0.6171
vt 0.3783 0.6123
vt 0.6420 0.9561
vt 0.6408 0.9491
vt 0.6803 0.3818
vt 0.6574 0.3826
vt 0.5497 0.8843
vt 0.5604 0.8848
vt 0.5612 0.9086
vt 0.5520 0.9111
vt 0.5792 0.9364
vt 0.5612 0.9086
vt 0.5676 0.9064
vt 0.5839 0.9309
vt 0.4399 0.2765
vt 0.4287 0.2785
vt 0.2018 0.3605
vt 0.2228 0.3628
vt 0.0371 0.2917
vt 0.0369 0.2749
vt 0.6003 0.6640
vt 0.6051 0.6592
vt 0.4524 0.6728
vt 0.4561 0.6818
vt 0.5403 0.5764
vt 0.5443 0.5759
vt 0.5492 0.5977
vt 0.5453 0.5985
vt 0.0481 0.6400
vt 0.0661 0.6419
vt 0.3463 0.3895
vt 0.9021 0.1808
vt 0.8852 0.1775
vt 0.8908 0.1534
vt 0.9067 0.1563
vt 0.2715 0.6463
vt 0.2648 0.6249
vt 0.2800 0.6190
vt 0.2875 0.6428
vt 0.1074 0.3308
vt 0.1087 0.3074
vt 0.5955 0.4495
vt 0.5936 0.4821
vt 0.5042 0.6393
vt 0.2715 0.6463
vt 0.0502 0.6181
vt 0.0503 0.5931
vt 0.1724 0.4443
vt 0.1755 0.4749
vt 0.1565 0.4759
vt 0.1541 0.4441
vt 0.4773 0.3544
vt 0.4802 0.3510
vt 0.4965 0.3645
vt 0.4941 0.3678
vt 0.2064 0.4759
vt 0.2138 0.5097
vt 0.1987 0.5081
vt 0.1921 0.4758
vt 0.0845 0.7362
vt 0.7443 0.6958
vt 0.7430 0.6925
vt 0.7810 0.6638
vt 0.7831 0.6669
vt 0.8717 0.3277
vt 0.8769 0.3251
vt 0.3029 0.5248
vt 0.3028 0.5034
vt 0.5492 0.5977
vt 0.1432 0.5907
vt 0.1423 0.5860
vt 0.1605 0.5794
vt 0.1611 0.5836
vt 0.9035 0.4022
vt 0.9238 0.3940
vt 0.9249 0.3996
vt 0.9041 0.4078
vt 0.2839 0.5234
vt 0.2752 0.5228
vt 0.1416 0.2897
vt 0.1708 0.2919
vt 0.1819 0.5074
vt 0.1755 0.4749
vt 0.1401 0.5094
vt 0.1364 0.4772
vt 0.1565 0.4759
vt 0.1611 0.5079
vt 0.4278 0.7088
vt 0.4320 0.7121
vt 0.2445 0.5559
vt 0.2468 0.5602
vt 0.5546 0.6247
vt 0.7041 0.3740
vt 0.7276 0.3829
vt 0.5955 0.4495
vt 0.6012 0.4249
vt 0.6077 0.4269
vt 0.6026 0.4504
vt 0.1724 0.4443
vt 0.1734 0.4122
vt 0.8294 0.6084
vt 0.8437 0.5787
vt 0.0453 0.7145
vt 0.0640 0.7167
vt 0.0640 0.7353
vt 0.0448 0.7331
vt 0.6421 0.9668
vt 0.6826 0.9532
vt 0.1963 0.7075
vt 0.1956 0.6850
vt 0.3348 0.3075
vt 0.3507 0.3081
vt 0.3472 0.3343
vt 0.3308 0.3331
vt 0.0993 0.5113
vt 0.0992 0.5163
vt 0.0793 0.5152
vt 0.0794 0.5106
vt 0.5674 0.6499
vt 0.5707 0.6478
vt 0.5912 0.6740
vt 0.5886 0.6767
vt 0.6145 0.4284
vt 0.6102 0.4505
vt 0.1060 0.7567
vt 0.0858 0.7565
vt 0.5894 0.8475
vt 0.6088 0.8321
vt 0.6132 0.8392
vt 0.5952 0.8541
vt 0.8501 0.2176
vt 0.3906 0.3673
vt 0.3748 0.3625
vt 0.3812 0.3365
vt 0.3986 0.3380
vt 0.8119 0.4922
vt 0.8082 0.4922
vt 0.8045 0.4636
vt 0.8080 0.4625
vt 0.2821 0.4039
vt 0.2960 0.3796
vt 0.3124 0.3815
vt 0.2990 0.4036
vt 0.4428 0.6077
vt 0.4439 0.6121
vt 0.1244 0.6594
vt 0.6014 0.4820
vt 0.2040 0.6167
vt 0.2168 0.6145
vt 0.2420 0.4266
vt 0.4957 0.4148
vt 0.4907 0.4329
vt 0.2064 0.4759
vt 0.2025 0.4442
vt 0.3665 0.3088
vt 0.4881 0.5918
vt 0.4884 0.5950
vt 0.0368 0.5863
vt 0.6290 0.3825
vt 0.6323 0.3870
vt 0.7375 0.6741
vt 0.7342 0.6685
vt 0.0672 0.5913
vt 0.8627 0.3050
vt 0.8569 0.3076
vt 0.4059 0.3999
vt 0.4213 0.4057
vt 0.4102 0.4283
vt 0.3958 0.4270
vt 0.0292 0.7542
vt 0.0251 0.7541
vt 0.6097 0.4038
vt 0.6153 0.4069
vt 0.6408 0.9491
vt 0.6107 0.9461
vt 0.6129 0.9391
vt 0.6394 0.9421
vt 0.3828 0.3094
vt 0.3665 0.3088
vt 0.3669 0.2814
vt 0.3825 0.2815
vt 0.5651 0.5742
vt 0.5723 0.5732
vt 0.0904 0.4480
vt 0.0962 0.4816
vt 0.2295 0.4216
vt 0.2420 0.4266
vt 0.6085 0.9529
vt 0.9204 0.1323
vt 0.9062 0.1305
vt 0.3389 0.4144
vt 0.3196 0.4317
vt 0.3031 0.4232
vt 0.3173 0.4067
vt 0.9298 0.1029
vt 0.9325 0.1345
vt 0.3036 0.6388
vt 0.1788 0.3830
vt 0.6153 0.4069
vt 0.6210 0.4102
vt 0.3178 0.4709
vt 0.6091 0.4816
vt 0.0505 0.4474
vt 0.0352 0.4469
vt 0.0264 0.4108
vt 0.0424 0.4126
vt 0.9128 0.0511
vt 0.8891 0.0613
vt 0.8659 0.0439
vt 0.8835 0.0355
vt 0.8263 0.2539
vt 0.8054 0.2609
vt 0.3389 0.4144
vt 0.3694 0.4017
vt 0.6232 0.3775
vt 0.6511 0.3644
vt 0.8521 0.2957
vt 0.0589 0.4803
vt 0.0446 0.4814
vt 0.1750 0.5749
vt 0.0460 0.7554
vt 0.0448 0.7331
vt 0.3986 0.3380
vt 0.3991 0.3096
vt 0.3516 0.2812
vt 0.6358 0.3914
vt 0.8172 0.1892
vt 0.8410 0.1774
vt 0.5750 0.9041
vt 0.5889 0.9251
vt 0.2136 0.5147
vt 0.2138 0.5097
vt 0.2264 0.5113
vt 0.2260 0.5165
vt 0.7268 0.8811
vt 0.7234 0.8810
vt 0.7107 0.8315
vt 0.7139 0.8291
vt 0.7620 0.1188
vt 0.7851 0.1226
vt 0.9231 0.0772
vt 0.9053 0.0798
vt 0.1806 0.7325
vt 0.1807 0.7556
vt 0.3243 0.6987
vt 0.3230 0.6670
vt 0.0794 0.5106
vt 0.2149 0.4182
vt 0.8339 0.5244
vt 0.8308 0.5464
vt 0.2738 0.7536
vt 0.2746 0.7268
vt 0.0140 0.3087
vt 0.0190 0.3087
vt 0.4660 0.6333
vt 0.4486 0.6410
vt 0.2421 0.7536
vt 0.5368 0.5531
vt 0.5406 0.5525
vt 0.8634 0.1037
vt 0.8513 0.0828
vt 0.7749 0.4096
vt 0.7674 0.4152
vt 0.9067 0.1563
vt 0.2746 0.7268
vt 0.6817 0.3601
vt 0.7057 0.3641
vt 0.4880 0.4459
vt 0.4875 0.4478
vt 0.2615 0.4935
vt 0.8070 0.0471
vt 0.8248 0.0365
vt 0.1242 0.5959
vt 0.1235 0.6183
vt 0.2562 0.3699
vt 0.2425 0.3941
vt 0.7973 0.5919
vt 0.8092 0.5661
vt 0.3188 0.3068
vt 0.3145 0.3320
vt 0.5700 0.5940
vt 0.5768 0.5918
vt 0.0194 0.3547
vt 0.0375 0.3552
vt 0.0387 0.3822
vt 0.0212 0.3815
vt 0.8150 0.0731
vt 0.0312 0.6601
vt 0.0290 0.6783
vt 0.2999 0.5264
vt 0.2923 0.5271
vt 0.5582 0.5755
vt 0.1423 0.2743
vt 0.8239 0.2093
vt 0.8816 0.2965
vt 0.8307 0.1260
vt 0.8103 0.1327
vt 0.2040 0.6167
vt 0.1908 0.6203
vt 0.1593 0.6084
vt 0.2702 0.5663
vt 0.7571 0.3870
vt 0.7776 0.4076
vt 0.2477 0.5859
vt 0.2558 0.6050
vt 0.6611 0.6978
vt 0.6239 0.6839
vt 0.3173 0.4067
vt 0.1625 0.3584
vt 0.1657 0.3344
vt 0.1096 0.2891
vt 0.1100 0.2742
vt 0.8237 0.5447
vt 0.8162 0.5425
vt 0.7547 0.1533
vt 0.7547 0.1515
vt 0.4615 0.3769
vt 0.7043 0.3590
vt 0.7065 0.3592
vt 0.7087 0.3600
vt 0.7057 0.3641
vt 0.9084 0.2645
vt 0.8827 0.2703
vt 0.2501 0.6290
vt 0.2648 0.6249
vt 0.1049 0.6809
vt 0.4062 0.3685
vt 0.4135 0.2802
vt 0.3063 0.4797
vt 0.3111 0.4808
vt 0.8902 0.1280
vt 0.8836 0.1033
vt 0.2501 0.6290
vt 0.7750 0.6517
vt 0.7408 0.6795
vt 0.4196 0.3756
vt 0.4338 0.3842
vt 0.3828 0.3094
vt 0.3192 0.6303
vt 0.3003 0.6044
vt 0.3904 0.3977
vt 0.3816 0.4273
vt 0.5540 0.5511
vt 0.2377 0.5151
vt 0.2369 0.5200
vt 0.4306 0.6316
vt 0.4312 0.6493
vt 0.4145 0.6569
vt 0.4160 0.6361
vt 0.8725 0.0756
vt 0.9016 0.0158
vt 0.8989 0.0209
vt 0.0352 0.4469
vt 0.0446 0.4814
vt 0.0410 0.4820
vt 0.0313 0.4474
vt 0.5540 0.5511
vt 0.5406 0.5525
vt 0.5360 0.5149
vt 0.5501 0.5149
vt 0.0836 0.3304
vt 0.1074 0.3308
vt 0.0845 0.2904
vt 0.1096 0.2891
vt 0.1087 0.3074
vt 0.0843 0.3081
vt 0.8474 0.3000
vt 0.8521 0.2957
vt 0.4154 0.6793
vt 0.4198 0.6990
vt 0.3067 0.3564
vt 0.2917 0.3543
vt 0.1625 0.3584
vt 0.3003 0.6044
vt 0.2833 0.5821
vt 0.1422 0.6352
vt 0.1239 0.6392
vt 0.1235 0.6183
vt 0.1420 0.6140
vt 0.5128 0.3720
vt 0.4415 0.4132
vt 0.4062 0.3685
vt 0.8153 0.2749
vt 0.8015 0.2637
vt 0.0904 0.4480
vt 0.0850 0.4150
vt 0.5674 0.8863
vt 0.3212 0.5933
vt 0.1242 0.5959
vt 0.1236 0.5912
vt 0.2841 0.5273
vt 0.2750 0.5271
vt 0.4461 0.2972
vt 0.4516 0.3145
vt 0.3950 0.4323
vt 0.7552 0.1312
vt 0.7109 0.8791
vt 0.4311 0.3531
vt 0.4499 0.6583
vt 0.3411 0.6983
vt 0.2749 0.5619
vt 0.2780 0.5584
vt 0.9046 0.3628
vt 0.4432 0.6974
vt 0.2273 0.3913
vt 0.1910 0.3138
vt 0.3078 0.5856
vt 0.3094 0.5870
vt 0.0387 0.3822
vt 0.0604 0.3830
vt 0.0628 0.4144
vt 0.0424 0.4126
vt 0.0378 0.3310
vt 0.0600 0.3309
vt 0.0596 0.3552
vt 0.0375 0.3552
vt 0.2480 0.5238
vt 0.0223 0.4110
vt 0.5686 0.8609
vt 0.7862 0.4241
vt 0.1956 0.6850
vt 0.2307 0.6122
vt 0.9209 0.3571
vt 0.9225 0.3776
vt 0.4145 0.6569
vt 0.7954 0.6247
vt 0.8061 0.6353
vt 0.4205 0.6184
vt 0.4160 0.6361
vt 0.8827 0.2703
vt 0.8816 0.2965
vt 0.0653 0.7562
vt 0.1595 0.6299
vt 0.0850 0.4150
vt 0.3694 0.4017
vt 0.0604 0.3095
vt 0.0843 0.3081
vt 0.5674 0.9466
vt 0.5704 0.9438
vt 0.6041 0.9625
vt 0.6027 0.9660
vt 0.4896 0.5912
vt 0.8675 0.1722
vt 0.8721 0.1498
vt 0.8915 0.1996
vt 0.9021 0.1808
vt 0.5320 0.5151
vt 0.4306 0.6316
vt 0.6992 0.6891
vt 0.7929 0.0581
vt 0.3982 0.2814
vt 0.4311 0.3531
vt 0.4588 0.3257
vt 0.4663 0.3362
vt 0.7841 0.4930
vt 0.5140 0.3730
vt 0.6041 0.9625
vt 0.3636 0.3846
vt 0.1802 0.7100
vt 0.6421 0.9703
vt 0.9066 0.2896
vt 0.8215 0.0324
vt 0.2670 0.5215
vt 0.4316 0.6690
vt 0.4343 0.4311
vt 0.4415 0.4132
vt 0.2777 0.3517
vt 0.7786 0.0657
vt 0.2579 0.7535
vt 0.0167 0.3818
vt 0.4332 0.4354
vt 0.4088 0.4330
vt 0.4102 0.4283
vt 0.4343 0.4311
vt 0.8709 0.2041
vt 0.8501 0.2176
vt 0.7328 0.3691
vt 0.7001 0.7144
vt 0.6573 0.7155
vt 0.6562 0.7104
vt 0.6997 0.7105
vt 0.1970 0.7550
vt 0.1968 0.7309
vt 0.8093 0.6380
vt 0.9215 0.0278
vt 0.8989 0.0209
vt 0.1256 0.7567
vt 0.6022 0.3968
vt 0.1420 0.6140
vt 0.7569 0.1184
vt 0.7716 0.0763
vt 0.0378 0.3098
vt 0.7995 0.4381
vt 0.4446 0.2760
vt 0.1986 0.5131
vt 0.5994 0.3944
vt 0.6214 0.3752
vt 0.7891 0.4221
vt 0.3029 0.5258
vt 0.1821 0.5124
vt 0.1612 0.5132
vt 0.6552 0.7152
vt 0.1802 0.7100
vt 0.9297 0.2869
vt 0.9329 0.3094
vt 0.9526 0.2854
vt 0.9553 0.3073
vt 0.9428 0.0818
vt 0.9465 0.1081
vt 0.9621 0.0872
vt 0.9637 0.1123
vt 0.9341 0.2311
vt 0.9303 0.2637
vt 0.9549 0.2296
vt 0.9525 0.2626
vt 0.9482 0.1371
vt 0.9642 0.1400
vt 0.9381 0.0563
vt 0.9608 0.0627
vt 0.9215 0.0278
vt 0.9232 0.0226
vt 0.9471 0.0290
vt 0.9455 0.0344
vt 0.9701 0.0366
vt 0.9679 0.0416
vt 0.9364 0.3309
vt 0.9403 0.3514
vt 0.9578 0.3280
vt 0.9608 0.3472
vt 0.9476 0.1658
vt 0.9434 0.1974
vt 0.9636 0.1672
vt 0.9606 0.1972
vt 0.9460 0.3858
vt 0.9476 0.3916
vt 0.9680 0.3797
vt 0.9703 0.3849
vt 0.9429 0.3710
vt 0.9631 0.3653
vt 0.9753 0.3068
vt 0.9726 0.2852
vt 0.9777 0.2849
vt 0.9804 0.3064
vt 0.9780 0.1153
vt 0.9782 0.0911
vt 0.9825 0.0916
vt 0.9819 0.1157
vt 0.9715 0.2628
vt 0.9721 0.2283
vt 0.9763 0.2282
vt 0.9763 0.2629
vt 0.9810 0.1426
vt 0.9775 0.1423
vt 0.9794 0.0669
vt 0.9840 0.0676
vt 0.9850 0.0467
vt 0.9875 0.0432
vt 0.9898 0.0441
vt 0.9891 0.0465
vt 0.9773 0.3269
vt 0.9823 0.3265
vt 0.9844 0.3449
vt 0.9796 0.3454
vt 0.9751 0.1963
vt 0.9769 0.1681
vt 0.9803 0.1683
vt 0.9786 0.1965
vt 0.9850 0.3755
vt 0.9890 0.3754
vt 0.9898 0.3783
vt 0.9876 0.3793
vt 0.9859 0.3621
vt 0.9813 0.3625
vt 0.5492 0.9159
vt 0.5468 0.9075
vt 0.8825 0.4148
vt 0.8856 0.4142
vt 0.5471 0.9125
vt 0.1445 0.7987
vt 0.1445 0.7775
vt 0.1629 0.7778
vt 0.1630 0.7999
vt 0.1928 0.8915
vt 0.1908 0.9136
vt 0.1761 0.9083
vt 0.1776 0.8865
vt 0.7601 0.8206
vt 0.7585 0.8465
vt 0.7527 0.8444
vt 0.7556 0.8199
vt 0.8538 0.7684
vt 0.8357 0.7632
vt 0.8443 0.7490
vt 0.8612 0.7504
vt 0.1864 0.1215
vt 0.1890 0.0905
vt 0.2030 0.0904
vt 0.2014 0.1180
vt 0.2603 0.9836
vt 0.2582 0.9867
vt 0.2520 0.9822
vt 0.2541 0.9786
vt 0.8083 0.8479
vt 0.8086 0.8281
vt 0.8251 0.8350
vt 0.8283 0.8518
vt 0.3342 0.0880
vt 0.3228 0.0769
vt 0.3267 0.0728
vt 0.3382 0.0834
vt 0.3869 0.8925
vt 0.3848 0.8672
vt 0.3991 0.8707
vt 0.4015 0.8939
vt 0.7669 0.7938
vt 0.7623 0.7925
vt 0.7724 0.7701
vt 0.7769 0.7728
vt 0.5080 0.8754
vt 0.5096 0.8729
vt 0.5109 0.8736
vt 0.5108 0.8753
vt 0.6499 0.2862
vt 0.6533 0.2903
vt 0.6155 0.3034
vt 0.6133 0.3005
vt 0.5847 0.3578
vt 0.5902 0.3619
vt 0.5794 0.3801
vt 0.5734 0.3774
vt 0.8299 0.7753
vt 0.8083 0.7680
vt 0.8158 0.7580
vt 0.8357 0.7632
vt 0.2695 0.1612
vt 0.2561 0.1372
vt 0.2690 0.1335
vt 0.2823 0.1579
vt 0.2275 0.1924
vt 0.2230 0.1719
vt 0.2405 0.1675
vt 0.2470 0.1893
vt 0.1615 0.8624
vt 0.1607 0.8822
vt 0.1429 0.8780
vt 0.1435 0.8586
vt 0.9031 0.9199
vt 0.8902 0.9137
vt 0.8989 0.8940
vt 0.9130 0.8942
vt 0.2099 0.1457
vt 0.2014 0.1180
vt 0.2153 0.1164
vt 0.2276 0.1433
vt 0.2142 0.9400
vt 0.2269 0.9416
vt 0.2218 0.9641
vt 0.2109 0.9630
vt 0.2393 0.8808
vt 0.2415 0.8577
vt 0.2580 0.8603
vt 0.2553 0.8841
vt 0.2319 0.9663
vt 0.2396 0.9705
vt 0.2377 0.9751
vt 0.2305 0.9711
vt 0.0700 0.0856
vt 0.0510 0.0868
vt 0.0595 0.0539
vt 0.0773 0.0529
vt 0.4518 0.1406
vt 0.4615 0.1585
vt 0.4450 0.1707
vt 0.4339 0.1511
vt 0.7869 0.9449
vt 0.7907 0.9416
vt 0.8048 0.9526
vt 0.8011 0.9563
vt 0.8753 0.6496
vt 0.8756 0.6484
vt 0.8834 0.6525
vt 0.8750 0.6509
vt 0.5597 0.4424
vt 0.5666 0.4423
vt 0.5639 0.4792
vt 0.5568 0.4790
vt 0.3109 0.0879
vt 0.3010 0.0737
vt 0.3137 0.0674
vt 0.3228 0.0769
vt 0.3247 0.7801
vt 0.3422 0.7803
vt 0.3421 0.8074
vt 0.3249 0.8067
vt 0.4880 0.1598
vt 0.4804 0.1473
vt 0.5004 0.1424
vt 0.5063 0.1549
vt 0.9253 0.8043
vt 0.9129 0.8091
vt 0.8974 0.7814
vt 0.9113 0.7699
vt 0.2004 0.9620
vt 0.2022 0.9384
vt 0.3200 0.1033
vt 0.4721 0.1302
vt 0.4919 0.1222
vt 0.8277 0.4862
vt 0.8197 0.4865
vt 0.8185 0.4689
vt 0.8258 0.4675
vt 0.4625 0.0988
vt 0.4853 0.0915
vt 0.4866 0.1043
vt 0.4655 0.1138
vt 0.3487 0.0920
vt 0.3656 0.0992
vt 0.3646 0.1049
vt 0.3462 0.0975
vt 0.3863 0.8403
vt 0.4006 0.8449
vt 0.7758 0.5749
vt 0.7703 0.5711
vt 0.7790 0.5571
vt 0.7851 0.5599
vt 0.1965 0.2586
vt 0.1722 0.2594
vt 0.1709 0.2426
vt 0.1948 0.2406
vt 0.7022 0.6220
vt 0.6999 0.6164
vt 0.7198 0.6078
vt 0.7232 0.6134
vt 0.2263 0.8309
vt 0.2255 0.8550
vt 0.2105 0.8520
vt 0.2113 0.8288
vt 0.5608 0.0956
vt 0.5683 0.0981
vt 0.5641 0.1254
vt 0.5564 0.1271
vt 0.8227 0.3852
vt 0.8372 0.4138
vt 0.8212 0.4194
vt 0.8081 0.3933
vt 0.5790 0.3540
vt 0.5675 0.3750
vt 0.2102 0.9675
vt 0.1997 0.9663
vt 0.4051 0.8165
vt 0.3893 0.8119
vt 0.3888 0.7821
vt 0.4025 0.7833
vt 0.7934 0.5391
vt 0.7867 0.5376
vt 0.7904 0.5144
vt 0.7971 0.5149
vt 0.0854 0.9357
vt 0.0668 0.9381
vt 0.0671 0.9130
vt 0.0858 0.9113
vt 0.5775 0.5263
vt 0.5816 0.5258
vt 0.5847 0.5604
vt 0.5808 0.5615
vt 0.0461 0.8724
vt 0.0461 0.8542
vt 0.0649 0.8527
vt 0.0649 0.8710
vt 0.1786 0.8664
vt 0.1776 0.8865
vt 0.1343 0.1504
vt 0.1333 0.1208
vt 0.1551 0.1213
vt 0.1589 0.1504
vt 0.2422 0.8068
vt 0.2423 0.8326
vt 0.2263 0.8309
vt 0.2266 0.8059
vt 0.6471 0.1741
vt 0.6448 0.1667
vt 0.6687 0.1520
vt 0.6741 0.1575
vt 0.3072 0.8064
vt 0.3068 0.7800
vt 0.5031 0.9145
vt 0.4997 0.9133
vt 0.5042 0.8944
vt 0.5078 0.8949
vt 0.2393 0.8808
vt 0.2355 0.9011
vt 0.2200 0.8980
vt 0.2236 0.8775
vt 0.1943 0.8706
vt 0.0846 0.2438
vt 0.0846 0.2595
vt 0.0597 0.2591
vt 0.0601 0.2428
vt 0.6573 0.1946
vt 0.6560 0.1917
vt 0.6898 0.1684
vt 0.6925 0.1705
vt 0.2662 0.9925
vt 0.2638 0.9909
vt 0.2650 0.9884
vt 0.2669 0.9913
vt 0.0149 0.2041
vt 0.0149 0.1793
vt 0.0196 0.1794
vt 0.0197 0.2041
vt 0.8503 0.7193
vt 0.8622 0.7135
vt 0.8643 0.7337
vt 0.8497 0.7360
vt 0.7835 0.8440
vt 0.7828 0.8215
vt 0.2073 0.1960
vt 0.1878 0.1988
vt 0.1840 0.1771
vt 0.2021 0.1741
vt 0.7837 0.8907
vt 0.7821 0.9049
vt 0.7685 0.9110
vt 0.7640 0.8977
vt 0.4936 0.9286
vt 0.4779 0.9206
vt 0.4827 0.9070
vt 0.4997 0.9133
vt 0.6419 0.0441
vt 0.6427 0.0521
vt 0.6228 0.0549
vt 0.6194 0.0478
vt 0.4706 0.1722
vt 0.4773 0.1810
vt 0.4631 0.1956
vt 0.4556 0.1856
vt 0.1251 0.8176
vt 0.1249 0.8367
vt 0.1049 0.8346
vt 0.1049 0.8164
vt 0.8296 0.4446
vt 0.8225 0.4465
vt 0.8144 0.4224
vt 0.8212 0.4194
vt 0.2584 0.8072
vt 0.2588 0.8339
vt 0.2910 0.8346
vt 0.2904 0.8636
vt 0.2745 0.8623
vt 0.2752 0.8346
vt 0.4906 0.9409
vt 0.4884 0.9388
vt 0.4936 0.9286
vt 0.4965 0.9302
vt 0.8398 0.7114
vt 0.8503 0.7193
vt 0.8364 0.7230
vt 0.8273 0.7195
vt 0.2415 0.8577
vt 0.2546 0.2559
vt 0.2361 0.2568
vt 0.2342 0.2357
vt 0.2531 0.2334
vt 0.0236 0.8229
vt 0.0239 0.8068
vt 0.0279 0.8063
vt 0.0280 0.8226
vt 0.4901 0.8795
vt 0.4942 0.8721
vt 0.5080 0.8754
vt 0.5064 0.8823
vt 0.8353 0.4858
vt 0.8332 0.4665
vt 0.0506 0.9456
vt 0.0384 0.9475
vt 0.0391 0.9443
vt 0.0503 0.9409
vt 0.3582 0.9197
vt 0.3388 0.9264
vt 0.3378 0.8970
vt 0.3549 0.8933
vt 0.4827 0.9070
vt 0.4660 0.9004
vt 0.4680 0.8844
vt 0.4868 0.8917
vt 0.8017 0.3968
vt 0.3716 0.8923
vt 0.3709 0.8654
vt 0.2111 0.2177
vt 0.2073 0.1960
vt 0.2275 0.1924
vt 0.2306 0.2144
vt 0.5659 0.0636
vt 0.5894 0.0432
vt 0.5952 0.0538
vt 0.5764 0.0716
vt 0.5628 0.0608
vt 0.5874 0.0396
vt 0.1893 0.9586
vt 0.1885 0.9630
vt 0.5041 0.1412
vt 0.5099 0.1540
vt 0.8700 0.8500
vt 0.8679 0.8735
vt 0.8456 0.8749
vt 0.8471 0.8495
vt 0.8219 0.8869
vt 0.8143 0.9006
vt 0.8005 0.8946
vt 0.8046 0.8805
vt 0.7600 0.5841
vt 0.7558 0.5794
vt 0.7648 0.5674
vt 0.7703 0.5711
vt 0.2580 0.8603
vt 0.2588 0.8339
vt 0.3574 0.8360
vt 0.3556 0.8647
vt 0.3396 0.8655
vt 0.3411 0.8355
vt 0.6590 0.6332
vt 0.6600 0.6278
vt 0.6827 0.6276
vt 0.6835 0.6333
vt 0.2210 0.9689
vt 0.5386 0.1267
vt 0.5445 0.0905
vt 0.5483 0.0921
vt 0.5426 0.1266
vt 0.2591 0.0128
vt 0.2590 0.0085
vt 0.2678 0.0088
vt 0.2678 0.0133
vt 0.8311 0.7361
vt 0.0969 0.0527
vt 0.1000 0.0229
vt 0.1203 0.0225
vt 0.1168 0.0549
vt 0.7379 0.3047
vt 0.7363 0.3174
vt 0.6965 0.3031
vt 0.6951 0.2891
vt 0.5759 0.1010
vt 0.5726 0.1236
vt 0.3010 0.0737
vt 0.2870 0.0800
vt 0.2821 0.0603
vt 0.2934 0.0578
vt 0.3941 0.9144
vt 0.4084 0.9137
vt 0.4089 0.9188
vt 0.3949 0.9191
vt 0.0496 0.0239
vt 0.0466 0.0221
vt 0.0470 0.0206
vt 0.0488 0.0205
vt 0.2263 0.0828
vt 0.2135 0.0869
vt 0.2187 0.0575
vt 0.2308 0.0536
vt 0.1627 0.8214
vt 0.1444 0.8192
vt 0.1343 0.1504
vt 0.1355 0.1769
vt 0.1069 0.1783
vt 0.1072 0.1505
vt 0.0480 0.8939
vt 0.0502 0.9158
vt 0.0368 0.9181
vt 0.0340 0.8959
vt 0.0248 0.8561
vt 0.0239 0.8380
vt 0.0283 0.8378
vt 0.0289 0.8556
vt 0.2776 0.9423
vt 0.2641 0.9603
vt 0.2569 0.9528
vt 0.2679 0.9343
vt 0.2564 0.1648
vt 0.2634 0.1859
vt 0.1933 0.1481
vt 0.9182 0.8396
vt 0.9303 0.8364
vt 0.2853 0.1130
vt 0.2824 0.0988
vt 0.2930 0.0951
vt 0.3035 0.1118
vt 0.8443 0.7490
vt 0.8241 0.7458
vt 0.1342 0.0898
vt 0.1545 0.0904
vt 0.1120 0.0882
vt 0.1080 0.1207
vt 0.4354 0.8487
vt 0.4199 0.8348
vt 0.4278 0.8249
vt 0.4407 0.8394
vt 0.2739 0.0859
vt 0.2669 0.1025
vt 0.2608 0.0707
vt 0.2715 0.0645
vt 0.1244 0.8745
vt 0.1239 0.8948
vt 0.1046 0.8911
vt 0.1048 0.8710
vt 0.0836 0.1790
vt 0.0841 0.1516
vt 0.0845 0.8339
vt 0.0841 0.8161
vt 0.7263 0.6190
vt 0.7473 0.6048
vt 0.7521 0.6125
vt 0.7297 0.6285
vt 0.0457 0.8365
vt 0.0644 0.8348
vt 0.8357 0.7073
vt 0.8232 0.7163
vt 0.8791 0.6275
vt 0.8880 0.6305
vt 0.8395 0.8009
vt 0.8575 0.8088
vt 0.8652 0.8275
vt 0.8388 0.8223
vt 0.8703 0.9241
vt 0.8472 0.9467
vt 0.8305 0.9358
vt 0.8491 0.9169
vt 0.8009 0.9164
vt 0.7805 0.9311
vt 0.7738 0.9209
vt 0.7912 0.9096
vt 0.2436 0.9252
vt 0.2378 0.9441
vt 0.2269 0.9416
vt 0.2307 0.9217
vt 0.6842 0.6449
vt 0.6544 0.6416
vt 0.6553 0.6392
vt 0.6841 0.6418
vt 0.2676 0.2088
vt 0.2634 0.1859
vt 0.2779 0.1831
vt 0.2836 0.2063
vt 0.1046 0.9353
vt 0.1044 0.9397
vt 0.0856 0.9400
vt 0.0854 0.9357
vt 0.4602 0.9270
vt 0.4440 0.9217
vt 0.4455 0.9077
vt 0.4622 0.9143
vt 0.3819 0.1079
vt 0.3819 0.1025
vt 0.1253 0.7979
vt 0.1051 0.7976
vt 0.3000 0.0114
vt 0.2992 0.0327
vt 0.2903 0.0325
vt 0.2927 0.0113
vt 0.2417 0.0490
vt 0.2378 0.0781
vt 0.0391 0.9443
vt 0.0366 0.9459
vt 0.0333 0.9185
vt 0.0368 0.9181
vt 0.6954 0.3098
vt 0.6942 0.3165
vt 0.6595 0.3160
vt 0.6586 0.3092
vt 0.8396 0.9767
vt 0.8424 0.9724
vt 0.8634 0.9795
vt 0.8605 0.9838
vt 0.4306 0.9219
vt 0.4205 0.9204
vt 0.4205 0.9154
vt 0.4314 0.9171
vt 0.5880 0.1535
vt 0.5819 0.1598
vt 0.1893 0.9586
vt 0.1760 0.9545
vt 0.1756 0.9297
vt 0.1898 0.9349
vt 0.2541 0.9786
vt 0.2469 0.9736
vt 0.4150 0.2274
vt 0.4181 0.1967
vt 0.4339 0.2112
vt 0.4299 0.2331
vt 0.7869 0.3720
vt 0.7813 0.3760
vt 0.7626 0.3520
vt 0.7669 0.3472
vt 0.8168 0.7286
vt 0.4746 0.8637
vt 0.4763 0.8605
vt 0.4958 0.8691
vt 0.4942 0.8721
vt 0.8742 0.9887
vt 0.8772 0.9848
vt 0.8792 0.9888
vt 0.8763 0.9898
vt 0.4709 0.8716
vt 0.2151 0.2383
vt 0.2342 0.2357
vt 0.0302 0.8965
vt 0.0271 0.8742
vt 0.0311 0.8738
vt 0.0340 0.8959
vt 0.4562 0.8520
vt 0.4586 0.8488
vt 0.1046 0.9115
vt 0.8588 0.4851
vt 0.8537 0.4853
vt 0.8509 0.4635
vt 0.8558 0.4627
vt 0.0179 0.2432
vt 0.0177 0.2596
vt 0.0125 0.2597
vt 0.0128 0.2431
vt 0.3593 0.9247
vt 0.3399 0.9316
vt 0.5936 0.5860
vt 0.5902 0.5877
vt 0.3056 0.9495
vt 0.2913 0.9614
vt 0.2884 0.9577
vt 0.3047 0.9426
vt 0.2905 0.8066
vt 0.2899 0.7800
vt 0.4539 0.2063
vt 0.4434 0.1973
vt 0.0598 0.1790
vt 0.0607 0.1512
vt 0.6146 0.0266
vt 0.6432 0.0224
vt 0.6427 0.0264
vt 0.6154 0.0304
vt 0.3724 0.8377
vt 0.3574 0.8360
vt 0.3586 0.8080
vt 0.3742 0.8096
vt 0.5652 0.1770
vt 0.5426 0.1266
vt 0.5564 0.1271
vt 0.5759 0.1656
vt 0.1659 0.2001
vt 0.1682 0.2230
vt 0.1396 0.2257
vt 0.1372 0.2017
vt 0.3585 0.7808
vt 0.3740 0.7813
vt 0.2709 0.2315
vt 0.2873 0.2299
vt 0.3197 0.9340
vt 0.3193 0.9035
vt 0.7726 0.5545
vt 0.3639 0.1996
vt 0.3473 0.2007
vt 0.3406 0.1749
vt 0.3573 0.1733
vt 0.4460 0.2183
vt 0.4411 0.2367
vt 0.4707 0.9345
vt 0.4593 0.9312
vt 0.4602 0.9270
vt 0.4724 0.9312
vt 0.7935 0.5661
vt 0.7851 0.5599
vt 0.7934 0.5391
vt 0.8028 0.5435
vt 0.7433 0.5996
vt 0.7393 0.5942
vt 0.3069 0.0553
vt 0.6161 0.1695
vt 0.6143 0.1770
vt 0.8217 0.7904
vt 0.8002 0.7825
vt 0.2989 0.2045
vt 0.3031 0.2289
vt 0.2117 0.8046
vt 0.2121 0.7794
vt 0.2269 0.7799
vt 0.2266 0.8059
vt 0.3295 0.1491
vt 0.3406 0.1749
vt 0.3237 0.1769
vt 0.3126 0.1535
vt 0.8849 0.5898
vt 0.9013 0.5976
vt 0.9025 0.6152
vt 0.8883 0.6092
vt 0.6167 0.0413
vt 0.6194 0.0478
vt 0.6001 0.0597
vt 0.5952 0.0538
vt 0.6241 0.3201
vt 0.6270 0.3261
vt 0.6067 0.3417
vt 0.6020 0.3369
vt 0.2493 0.0156
vt 0.2385 0.0197
vt 0.2496 0.0739
vt 0.2525 0.0447
vt 0.1440 0.8391
vt 0.1435 0.8586
vt 0.1247 0.8556
vt 0.1249 0.8367
vt 0.3204 0.2542
vt 0.3189 0.2281
vt 0.3348 0.2275
vt 0.3361 0.2541
vt 0.7581 0.8676
vt 0.7585 0.8465
vt 0.7835 0.8440
vt 0.7825 0.8626
vt 0.5103 0.1615
vt 0.4941 0.1676
vt 0.1623 0.8420
vt 0.1440 0.8391
vt 0.2591 0.0128
vt 0.7793 0.7581
vt 0.7875 0.7474
vt 0.7918 0.7498
vt 0.7839 0.7605
vt 0.7917 0.7998
vt 0.7828 0.8215
vt 0.8809 0.5876
vt 0.8811 0.6071
vt 0.8750 0.7739
vt 0.8802 0.7540
vt 0.0847 0.8521
vt 0.1049 0.8531
vt 0.0852 0.8909
vt 0.0848 0.8703
vt 0.5668 0.3984
vt 0.5601 0.3967
vt 0.2690 0.1335
vt 0.2546 0.1042
vt 0.2669 0.1025
vt 0.2824 0.1310
vt 0.2170 0.2578
vt 0.2151 0.2383
vt 0.8393 0.8921
vt 0.8293 0.9078
vt 0.2531 0.2334
vt 0.2498 0.2114
vt 0.6494 0.1816
vt 0.6794 0.1629
vt 0.0623 0.0241
vt 0.0620 0.0198
vt 0.2937 0.9198
vt 0.2800 0.9148
vt 0.2930 0.0951
vt 0.5132 0.1608
vt 0.4618 0.0949
vt 0.4859 0.0882
vt 0.2722 0.2552
vt 0.6560 0.1917
vt 0.6121 0.1973
vt 0.6123 0.1847
vt 0.6494 0.1816
vt 0.3073 0.8347
vt 0.3063 0.8648
vt 0.5764 0.0716
vt 0.5819 0.0764
vt 0.4169 0.8079
vt 0.4130 0.7822
vt 0.4177 0.7819
vt 0.4225 0.8053
vt 0.7642 0.9133
vt 0.7591 0.8998
vt 0.7837 0.8907
vt 0.7829 0.8771
vt 0.5100 0.8822
vt 0.7798 0.5359
vt 0.7867 0.5376
vt 0.5551 0.3698
vt 0.5682 0.3462
vt 0.3046 0.2544
vt 0.2887 0.2547
vt 0.9083 0.6866
vt 0.8876 0.6783
vt 0.8961 0.6584
vt 0.9136 0.6640
vt 0.2090 0.8742
vt 0.2067 0.8951
vt 0.0847 0.8521
vt 0.0848 0.8703
vt 0.1204 0.0174
vt 0.1412 0.0197
vt 0.1408 0.0251
vt 0.1203 0.0225
vt 0.2821 0.0603
vt 0.2715 0.0645
vt 0.2715 0.0383
vt 0.2810 0.0359
vt 0.8463 0.4402
vt 0.8509 0.4390
vt 0.1796 0.8454
vt 0.1623 0.8420
vt 0.3549 0.8933
vt 0.3556 0.8647
vt 0.3783 0.9214
vt 0.3774 0.9167
vt 0.6924 0.1266
vt 0.6991 0.1288
vt 0.6613 0.6220
vt 0.6817 0.6218
vt 0.6427 0.0264
vt 0.6689 0.0329
vt 0.6649 0.0415
vt 0.6416 0.0370
vt 0.6895 0.0637
vt 0.6834 0.0674
vt 0.6618 0.0475
vt 0.6649 0.0415
vt 0.4399 0.2586
vt 0.4286 0.2566
vt 0.2021 0.1741
vt 0.2230 0.1719
vt 0.0372 0.2424
vt 0.0368 0.2593
vt 0.5976 0.3320
vt 0.6020 0.3369
vt 0.4562 0.8520
vt 0.4524 0.8609
vt 0.5381 0.4168
vt 0.5425 0.3945
vt 0.5463 0.3952
vt 0.5421 0.4172
vt 0.0480 0.8939
vt 0.0660 0.8921
vt 0.3465 0.1456
vt 0.8999 0.8189
vt 0.9045 0.8435
vt 0.8886 0.8463
vt 0.8830 0.8222
vt 0.2715 0.8876
vt 0.2876 0.8910
vt 0.2800 0.9148
vt 0.2648 0.9089
vt 0.1088 0.2269
vt 0.1076 0.2035
vt 0.5939 0.5248
vt 0.5964 0.5570
vt 0.5042 0.8944
vt 0.2715 0.8876
vt 0.0503 0.9409
vt 0.0502 0.9158
vt 0.1729 0.0903
vt 0.1545 0.0904
vt 0.1570 0.0585
vt 0.1761 0.0597
vt 0.4773 0.1810
vt 0.4941 0.1676
vt 0.4965 0.1709
vt 0.4803 0.1843
vt 0.2070 0.0587
vt 0.1927 0.0588
vt 0.1994 0.0265
vt 0.2145 0.0250
vt 0.0844 0.7977
vt 0.7390 0.3014
vt 0.7783 0.3274
vt 0.7764 0.3305
vt 0.7379 0.3047
vt 0.8746 0.6746
vt 0.8695 0.6720
vt 0.3036 0.0102
vt 0.3035 0.0315
vt 0.5463 0.3952
vt 0.1432 0.9432
vt 0.1612 0.9504
vt 0.1606 0.9545
vt 0.1424 0.9479
vt 0.9013 0.5976
vt 0.9019 0.5919
vt 0.9227 0.6001
vt 0.9216 0.6057
vt 0.2847 0.0115
vt 0.2760 0.0121
vt 0.1709 0.2426
vt 0.1417 0.2447
vt 0.1826 0.0272
vt 0.1761 0.0597
vt 0.1408 0.0251
vt 0.1618 0.0266
vt 0.1570 0.0585
vt 0.1370 0.0572
vt 0.4320 0.8217
vt 0.4278 0.8249
vt 0.2446 0.9779
vt 0.2469 0.9736
vt 0.5515 0.3682
vt 0.7044 0.6277
vt 0.7263 0.6190
vt 0.5964 0.5570
vt 0.6034 0.5559
vt 0.6099 0.5785
vt 0.6036 0.5809
vt 0.1729 0.0903
vt 0.1738 0.1223
vt 0.8265 0.3829
vt 0.8416 0.4121
vt 0.0452 0.8194
vt 0.0446 0.8007
vt 0.0638 0.7986
vt 0.0639 0.8172
vt 0.7097 0.1306
vt 0.6898 0.1684
vt 0.1956 0.8489
vt 0.1963 0.8264
vt 0.3348 0.2275
vt 0.3309 0.2019
vt 0.3473 0.2007
vt 0.3507 0.2269
vt 0.1000 0.0229
vt 0.0801 0.0236
vt 0.0800 0.0191
vt 0.1000 0.0180
vt 0.5652 0.3439
vt 0.5871 0.3192
vt 0.5895 0.3220
vt 0.5682 0.3462
vt 0.6107 0.5554
vt 0.6165 0.5764
vt 0.1059 0.7773
vt 0.0856 0.7773
vt 0.6001 0.0597
vt 0.6057 0.0664
vt 0.5882 0.0819
vt 0.5819 0.0764
vt 0.8479 0.7821
vt 0.3907 0.1679
vt 0.3986 0.1972
vt 0.3812 0.1986
vt 0.3750 0.1726
vt 0.8114 0.5157
vt 0.8060 0.5449
vt 0.8028 0.5435
vt 0.8077 0.5154
vt 0.2824 0.1310
vt 0.2993 0.1313
vt 0.3126 0.1535
vt 0.2962 0.1552
vt 0.4429 0.9260
vt 0.4440 0.9217
vt 0.1244 0.8745
vt 0.6016 0.5249
vt 0.2168 0.9194
vt 0.2041 0.9172
vt 0.2424 0.1081
vt 0.4909 0.1026
vt 0.4958 0.1207
vt 0.2070 0.0587
vt 0.2030 0.0904
vt 0.3665 0.2263
vt 0.4881 0.9419
vt 0.4884 0.9388
vt 0.0368 0.9477
vt 0.6336 0.6214
vt 0.6369 0.6169
vt 0.7304 0.3286
vt 0.7334 0.3229
vt 0.0672 0.9427
vt 0.8605 0.6947
vt 0.8547 0.6921
vt 0.4061 0.1354
vt 0.3961 0.1083
vt 0.4106 0.1070
vt 0.4215 0.1296
vt 0.0292 0.7796
vt 0.0251 0.7796
vt 0.6136 0.6011
vt 0.6189 0.5976
vt 0.6924 0.1266
vt 0.6857 0.1240
vt 0.6869 0.0974
vt 0.6941 0.0963
vt 0.3827 0.2257
vt 0.3823 0.2536
vt 0.3668 0.2537
vt 0.3665 0.2263
vt 0.5633 0.4184
vt 0.5707 0.4190
vt 0.0909 0.0863
vt 0.0969 0.0527
vt 0.2299 0.1131
vt 0.2424 0.1081
vt 0.7013 0.0952
vt 0.9182 0.8674
vt 0.9041 0.8692
vt 0.3392 0.1206
vt 0.3176 0.1282
vt 0.3035 0.1118
vt 0.3200 0.1033
vt 0.9276 0.8968
vt 0.9302 0.8652
vt 0.3036 0.8950
vt 0.1791 0.1515
vt 0.6245 0.5940
vt 0.6189 0.5976
vt 0.3184 0.0641
vt 0.6094 0.5254
vt 0.0510 0.0868
vt 0.0428 0.1215
vt 0.0268 0.1233
vt 0.0357 0.0872
vt 0.9105 0.9486
vt 0.8813 0.9642
vt 0.8637 0.9558
vt 0.8869 0.9384
vt 0.8032 0.7388
vt 0.8241 0.7458
vt 0.3696 0.1334
vt 0.3392 0.1206
vt 0.6281 0.6267
vt 0.6553 0.6392
vt 0.8499 0.7040
vt 0.0595 0.0539
vt 0.0452 0.0528
vt 0.1752 0.9590
vt 0.0458 0.7784
vt 0.0446 0.8007
vt 0.3991 0.2256
vt 0.3986 0.1972
vt 0.3515 0.2539
vt 0.6404 0.6126
vt 0.8150 0.8105
vt 0.8388 0.8223
vt 0.6769 0.0715
vt 0.6583 0.0544
vt 0.2143 0.0199
vt 0.2268 0.0182
vt 0.2272 0.0234
vt 0.2145 0.0250
vt 0.6116 0.2007
vt 0.5623 0.1797
vt 0.5652 0.1770
vt 0.6121 0.1973
vt 0.7829 0.8771
vt 0.7598 0.8809
vt 0.9209 0.9225
vt 0.9031 0.9199
vt 0.1806 0.7783
vt 0.1805 0.8015
vt 0.3243 0.8351
vt 0.3230 0.8668
vt 0.0801 0.0236
vt 0.2153 0.1164
vt 0.8332 0.4665
vt 0.8296 0.4446
vt 0.2739 0.7802
vt 0.2745 0.8071
vt 0.0141 0.2254
vt 0.0191 0.2254
vt 0.4486 0.8927
vt 0.4660 0.9004
vt 0.2422 0.7802
vt 0.5353 0.4405
vt 0.5392 0.4410
vt 0.8612 0.8960
vt 0.8491 0.9169
vt 0.7645 0.5886
vt 0.7715 0.5942
vt 0.9045 0.8435
vt 0.2745 0.8071
vt 0.6841 0.6418
vt 0.7062 0.6370
vt 0.4878 0.0877
vt 0.4882 0.0896
vt 0.2622 0.0413
vt 0.8225 0.9632
vt 0.8048 0.9526
vt 0.1235 0.9156
vt 0.1242 0.9381
vt 0.2564 0.1648
vt 0.2428 0.1406
vt 0.8075 0.4255
vt 0.7952 0.4002
vt 0.3146 0.2030
vt 0.3189 0.2281
vt 0.5668 0.3984
vt 0.5737 0.3999
vt 0.0196 0.1794
vt 0.0215 0.1526
vt 0.0390 0.1519
vt 0.0377 0.1789
vt 0.8128 0.9266
vt 0.0311 0.8738
vt 0.0289 0.8556
vt 0.3007 0.0086
vt 0.2931 0.0079
vt 0.5562 0.4174
vt 0.1424 0.2601
vt 0.8217 0.7904
vt 0.8794 0.7032
vt 0.8285 0.8737
vt 0.8081 0.8670
vt 0.2041 0.9172
vt 0.1908 0.9136
vt 0.1594 0.9255
vt 0.2704 0.9675
vt 0.7540 0.6151
vt 0.7740 0.5963
vt 0.2478 0.9479
vt 0.2558 0.9288
vt 0.6579 0.3028
vt 0.6214 0.3144
vt 0.3176 0.1282
vt 0.1659 0.2001
vt 0.1628 0.1761
vt 0.1101 0.2601
vt 0.1097 0.2452
vt 0.8151 0.4490
vt 0.8225 0.4465
vt 0.7524 0.8482
vt 0.7525 0.8464
vt 0.4615 0.1585
vt 0.7051 0.6418
vt 0.7062 0.6370
vt 0.7091 0.6408
vt 0.7071 0.6416
vt 0.8805 0.7294
vt 0.9062 0.7352
vt 0.2502 0.9049
vt 0.2648 0.9089
vt 0.1049 0.8531
vt 0.4063 0.1667
vt 0.4133 0.2549
vt 0.3117 0.0542
vt 0.3069 0.0553
vt 0.8814 0.8964
vt 0.8880 0.8717
vt 0.2502 0.9049
vt 0.7712 0.3426
vt 0.7363 0.3174
vt 0.4339 0.1511
vt 0.4197 0.1597
vt 0.3827 0.2257
vt 0.3193 0.9035
vt 0.3004 0.9294
vt 0.3906 0.1375
vt 0.3819 0.1079
vt 0.5528 0.4420
vt 0.2376 0.0148
vt 0.2385 0.0197
vt 0.4306 0.9021
vt 0.4160 0.8976
vt 0.4145 0.8769
vt 0.4313 0.8845
vt 0.8703 0.9241
vt 0.8967 0.9788
vt 0.8993 0.9839
vt 0.0357 0.0872
vt 0.0318 0.0867
vt 0.0416 0.0521
vt 0.0452 0.0528
vt 0.5528 0.4420
vt 0.5498 0.4788
vt 0.5355 0.4793
vt 0.5392 0.4410
vt 0.1076 0.2035
vt 0.0838 0.2038
vt 0.0846 0.2438
vt 0.0844 0.2262
vt 0.1088 0.2269
vt 0.1097 0.2452
vt 0.8499 0.7040
vt 0.8452 0.6997
vt 0.4199 0.8348
vt 0.4155 0.8544
vt 0.2918 0.1805
vt 0.3068 0.1785
vt 0.1628 0.1761
vt 0.2834 0.9517
vt 0.3004 0.9294
vt 0.1422 0.8987
vt 0.1420 0.9200
vt 0.1235 0.9156
vt 0.1239 0.8948
vt 0.5128 0.1635
vt 0.4417 0.1221
vt 0.4063 0.1667
vt 0.7993 0.7360
vt 0.8130 0.7248
vt 0.0854 0.1193
vt 0.0909 0.0863
vt 0.6419 0.0441
vt 0.3213 0.9404
vt 0.1242 0.9381
vt 0.1236 0.9428
vt 0.2849 0.0076
vt 0.2758 0.0077
vt 0.4515 0.2207
vt 0.4460 0.2379
vt 0.3954 0.1029
vt 0.7530 0.8685
vt 0.6123 0.1847
vt 0.4311 0.1822
vt 0.4499 0.8754
vt 0.3411 0.8355
vt 0.2781 0.9753
vt 0.2750 0.9719
vt 0.9024 0.6369
vt 0.4432 0.8363
vt 0.2276 0.1433
vt 0.1911 0.2208
vt 0.3095 0.9468
vt 0.3079 0.9481
vt 0.0390 0.1519
vt 0.0428 0.1215
vt 0.0631 0.1198
vt 0.0607 0.1512
vt 0.0380 0.2032
vt 0.0377 0.1789
vt 0.0598 0.1790
vt 0.0602 0.2033
vt 0.2488 0.0110
vt 0.0227 0.1230
vt 0.6167 0.0413
vt 0.7829 0.5808
vt 0.1956 0.8489
vt 0.2307 0.9217
vt 0.9203 0.6221
vt 0.9187 0.6426
vt 0.4145 0.8769
vt 0.8025 0.3572
vt 0.7924 0.3680
vt 0.4205 0.9154
vt 0.4160 0.8976
vt 0.8794 0.7032
vt 0.8805 0.7294
vt 0.0651 0.7777
vt 0.1595 0.9040
vt 0.0854 0.1193
vt 0.3696 0.1334
vt 0.0604 0.2247
vt 0.0844 0.2262
vt 0.7015 0.0537
vt 0.7150 0.0916
vt 0.7114 0.0924
vt 0.6982 0.0562
vt 0.4896 0.9425
vt 0.8700 0.8500
vt 0.8652 0.8275
vt 0.8999 0.8189
vt 0.8893 0.8001
vt 0.5314 0.4793
vt 0.4306 0.9021
vt 0.6954 0.3098
vt 0.7907 0.9416
vt 0.3980 0.2538
vt 0.4311 0.1822
vt 0.4663 0.1991
vt 0.4588 0.2095
vt 0.7837 0.5137
vt 0.5140 0.1625
vt 0.7114 0.0924
vt 0.3638 0.1505
vt 0.1802 0.8239
vt 0.7131 0.1312
vt 0.9044 0.7101
vt 0.8193 0.9673
vt 0.2678 0.0133
vt 0.4316 0.8648
vt 0.4417 0.1221
vt 0.4346 0.1042
vt 0.2779 0.1831
vt 0.7764 0.9340
vt 0.2579 0.7804
vt 0.0170 0.1523
vt 0.4335 0.1000
vt 0.4346 0.1042
vt 0.4106 0.1070
vt 0.4091 0.1023
vt 0.8479 0.7821
vt 0.8687 0.7956
vt 0.7312 0.6318
vt 0.6954 0.2853
vt 0.6951 0.2891
vt 0.6533 0.2903
vt 0.6543 0.2853
vt 0.1970 0.7789
vt 0.1967 0.8031
vt 0.8055 0.3543
vt 0.9193 0.9719
vt 0.8967 0.9788
vt 0.1255 0.7773
vt 0.6064 0.6085
vt 0.1420 0.9200
vt 0.7546 0.8813
vt 0.7694 0.9234
vt 0.0379 0.2244
vt 0.7964 0.5681
vt 0.4446 0.2591
vt 0.1993 0.0215
vt 0.6038 0.6110
vt 0.6264 0.6289
vt 0.7856 0.5830
vt 0.3037 0.0091
vt 0.1828 0.0222
vt 0.1619 0.0213
vt 0.6524 0.2857
vt 0.1802 0.8239
vt 0.9307 0.6903
vt 0.9275 0.7128
vt 0.9531 0.6924
vt 0.9504 0.7143
vt 0.9443 0.8917
vt 0.9406 0.9179
vt 0.9615 0.8874
vt 0.9599 0.9125
vt 0.9281 0.7360
vt 0.9319 0.7686
vt 0.9503 0.7371
vt 0.9527 0.7701
vt 0.9460 0.8626
vt 0.9620 0.8597
vt 0.9359 0.9434
vt 0.9586 0.9370
vt 0.9193 0.9719
vt 0.9432 0.9653
vt 0.9449 0.9707
vt 0.9210 0.9771
vt 0.9657 0.9581
vt 0.9679 0.9631
vt 0.9381 0.6483
vt 0.9342 0.6688
vt 0.9586 0.6525
vt 0.9556 0.6717
vt 0.9412 0.8023
vt 0.9454 0.8339
vt 0.9584 0.8025
vt 0.9614 0.8325
vt 0.9454 0.6081
vt 0.9438 0.6139
vt 0.9681 0.6148
vt 0.9658 0.6200
vt 0.9407 0.6287
vt 0.9610 0.6344
vt 0.9731 0.6929
vt 0.9782 0.6933
vt 0.9755 0.7148
vt 0.9704 0.7145
vt 0.9758 0.8844
vt 0.9797 0.8840
vt 0.9803 0.9081
vt 0.9760 0.9086
vt 0.9693 0.7369
vt 0.9741 0.7368
vt 0.9741 0.7715
vt 0.9699 0.7714
vt 0.9753 0.8574
vt 0.9788 0.8571
vt 0.9772 0.9328
vt 0.9818 0.9321
vt 0.9827 0.9530
vt 0.9869 0.9532
vt 0.9876 0.9556
vt 0.9853 0.9565
vt 0.9751 0.6728
vt 0.9774 0.6543
vt 0.9822 0.6548
vt 0.9801 0.6732
vt 0.9729 0.8034
vt 0.9764 0.8032
vt 0.9781 0.8314
vt 0.9747 0.8316
vt 0.9828 0.6242
vt 0.9854 0.6204
vt 0.9876 0.6214
vt 0.9868 0.6243
vt 0.9790 0.6372
vt 0.9837 0.6376
vt 0.6741 0.0308
vt 0.6661 0.0272
vt 0.8803 0.5849
vt 0.8834 0.5855
vt 0.6711 0.0282
f 456/1 843/2 849/3 600/4
f 10/5 16/6 421/7 404/8
f 171/9 302/10 144/11 161/12
f 740/13 796/14 795/15 682/16
f 389/17 553/18 563/19 482/20
f 78/21 61/22 360/23 690/24
f 700/25 356/26 319/27 689/28
f 187/29 372/30 713/31 190/32
f 736/33 671/34 733/35 738/36
f 157/37 160/38 723/39 728/40
f 117/41 123/42 664/43 137/44
f 59/45 524/46 41/47 45/48
f 5/49 265/50 220/51 4/52
f 774/53 682/54 686/55 771/56
f 566/57 612/58 613/59 565/60
f 548/61 570/62 571/63 549/64
f 847/65 459/66 8/67 11/68
f 706/69 366/70 717/71 777/72
f 562/73 572/74 390/75 553/76
f 558/77 67/78 74/79 378/80
f 377/81 314/82 315/83 376/84
f 75/85 608/86 408/87 70/88
f 503/89 474/90 875/91 872/92
f 305/93 411/94 410/95 309/96
f 735/97 352/98 163/99 158/100
f 359/101 94/102 153/103 60/104
f 264/105 266/106 221/107 219/108
f 322/109 190/110 192/111 759/112
f 591/113 344/114 416/115 590/116
f 394/117 149/118 145/119 310/120
f 755/121 696/122 325/123 317/124
f 67/78 558/77 443/125 63/126
f 748/127 187/29 190/32 322/109
f 306/128 310/120 145/119 148/129
f 268/130 267/131 222/132 223/133
f 198/134 677/135 147/136 141/137
f 321/138 193/139 184/140 797/141
f 738/36 733/35 737/142 732/143
f 769/144 653/145 286/146 294/147
f 853/148 846/149 581/150 620/151
f 143/152 290/153 245/154 142/155
f 561/156 441/157 440/158 560/159
f 638/160 646/161 279/162 271/163
f 46/164 523/165 518/166 49/167
f 20/168 533/169 265/50 5/49
f 552/170 67/78 63/126 444/171
f 535/172 731/173 586/174 739/175
f 656/176 824/177 296/178 289/179
f 65/180 471/181 504/182 62/183
f 662/184 670/185 107/186 103/187
f 19/188 13/189 477/190 880/191
f 452/192 847/65 11/68 16/193
f 863/194 484/195 498/196 867/197
f 374/198 351/199 561/200 375/201
f 275/202 274/203 229/204 230/205
f 344/114 591/113 592/206 345/207
f 337/208 332/209 136/210 139/211
f 377/212 559/213 15/214 18/215
f 544/216 452/192 16/193 10/5
f 580/217 579/218 623/219 725/220
f 929/221 923/222 629/223 630/224
f 359/225 60/226 56/227 189/228
f 507/229 36/230 29/231 510/232
f 699/233 746/234 747/235 760/236
f 350/237 700/25 689/28 297/238
f 386/239 387/240 837/241 852/242
f 804/243 172/244 155/245 357/246
f 138/247 139/248 336/249 676/250
f 292/251 277/252 232/253 247/254
f 396/255 534/256 122/257 129/258
f 865/259 462/260 461/261 864/262
f 517/263 518/264 255/265 254/266
f 328/267 374/198 375/201 316/268
f 435/269 25/270 21/271 434/272
f 179/273 672/274 138/275 134/276
f 165/277 151/278 702/279 699/280
f 375/201 561/200 560/159 376/281
f 820/282 588/283 584/284 814/285
f 527/286 37/287 33/288 528/289
f 538/290 140/291 117/292 128/293
f 622/294 606/295 267/131 268/130
f 878/296 69/297 26/298 38/299
f 191/300 782/301 413/302 200/303
f 336/304 331/305 330/306 806/307
f 189/228 56/227 78/21 690/24
f 518/264 523/165 260/308 255/265
f 738/36 429/309 716/310 736/33
f 385/311 333/312 548/313 386/314
f 763/315 762/316 645/317 633/318
f 924/319 763/315 633/318 928/320
f 64/321 564/322 444/171 63/126
f 149/118 537/323 332/324 145/119
f 680/325 719/326 726/327 695/328
f 810/329 812/330 788/331 685/332
f 288/333 294/334 249/335 243/336
f 25/270 316/337 315/338 21/271
f 338/339 415/340 414/341 783/342
f 650/343 658/344 291/345 283/346
f 67/78 552/170 379/347 74/79
f 916/348 634/349 626/350 922/351
f 89/352 85/353 408/354 608/355
f 699/280 702/279 673/356 746/234
f 467/357 460/358 83/359 98/360
f 48/361 55/362 520/363 521/364
f 271/163 279/162 234/365 226/366
f 759/367 675/368 371/369 758/370
f 205/371 735/372 729/373 206/374
f 27/375 38/376 506/377 87/378
f 556/379 551/380 439/381 480/382
f 843/2 456/1 455/383 845/384
f 863/385 488/386 487/387 866/388
f 879/389 80/390 77/391 882/392
f 532/393 58/394 81/395 526/396
f 751/397 313/398 437/399 354/400
f 570/62 547/401 555/402 571/63
f 388/403 562/73 553/76 389/17
f 368/404 367/405 755/121 317/124
f 750/406 749/407 323/408 391/409
f 746/234 673/356 793/410 795/411
f 859/412 867/197 498/196 481/413
f 501/414 493/415 867/197 859/412
f 536/416 132/417 131/418 790/419
f 677/135 306/128 148/129 147/136
f 757/420 479/421 402/422 403/423
f 14/424 9/425 409/426 862/427
f 491/428 487/387 488/386 492/429
f 462/260 469/430 468/431 461/261
f 657/432 110/433 109/434 654/435
f 880/191 477/190 513/436 881/437
f 713/438 372/439 151/278 165/277
f 353/440 60/104 153/103 154/441
f 714/442 730/443 692/444 718/445
f 369/446 787/447 681/448 784/449
f 348/450 801/451 174/452 167/453
f 616/454 426/455 378/456 609/457
f 665/458 115/459 108/460 668/461
f 546/462 568/463 567/464 547/465
f 66/466 65/467 472/468 465/469
f 183/470 807/471 674/472 182/473
f 196/474 704/475 797/141 184/140
f 861/476 463/477 462/260 865/259
f 79/478 100/479 326/480 186/481
f 551/380 556/379 382/482 380/483
f 26/484 77/485 524/486 59/487
f 257/488 256/489 211/490 212/491
f 736/33 205/371 206/374 671/34
f 709/492 778/493 166/494 152/495
f 786/496 195/497 197/498 800/499
f 279/162 270/500 225/501 234/365
f 64/502 541/503 450/504 72/505
f 354/400 437/399 68/506 61/507
f 724/508 578/509 395/510 734/511
f 259/512 253/513 208/514 214/515
f 673/356 702/279 151/278 162/516
f 120/517 128/518 665/519 668/520
f 945/521 424/522 175/523 944/524
f 539/525 538/290 128/293 120/517
f 576/526 584/527 333/312 385/311
f 423/528 80/529 2/530 17/531
f 119/532 120/517 668/520 667/533
f 464/534 471/181 65/180 66/466
f 819/535 583/536 51/537 39/538
f 28/539 583/540 819/541 57/542
f 430/543 191/300 200/303 709/544
f 670/185 792/545 114/546 107/186
f 737/142 535/172 739/175 732/143
f 403/423 750/406 391/409 757/420
f 953/547 203/548 181/549 752/550
f 345/207 592/206 593/551 436/552
f 534/256 768/553 130/554 122/257
f 496/555 491/428 492/429 497/556
f 919/557 632/558 744/559 921/560
f 428/561 427/562 373/563 338/564
f 625/565 637/566 646/567 634/568
f 494/569 860/570 858/571 500/572
f 427/562 589/573 781/574 373/563
f 585/575 587/576 568/463 546/462
f 413/302 420/577 194/578 200/303
f 294/334 286/146 241/579 249/335
f 80/390 423/528 524/486 77/391
f 829/580 831/581 308/582 312/583
f 395/510 578/509 133/584 125/585
f 346/586 180/587 183/588 811/589
f 104/590 105/591 656/592 653/593
f 287/594 288/333 243/336 242/595
f 157/37 728/40 302/10 171/9
f 538/290 539/525 330/306 331/305
f 290/153 287/594 242/595 245/154
f 759/367 192/111 201/596 675/368
f 270/500 269/597 224/598 225/501
f 320/599 774/53 771/56 743/600
f 587/576 617/601 610/602 568/463
f 442/603 351/604 596/605 597/606
f 304/607 393/608 383/609 308/610
f 952/611 156/612 688/613 954/614
f 644/615 645/616 278/617 277/618
f 261/619 252/620 207/621 216/622
f 93/623 96/624 551/380 380/483
f 456/1 861/476 865/259 455/383
f 614/625 607/626 380/483 382/482
f 454/627 864/628 854/629 459/630
f 826/631 818/632 577/633 575/634
f 178/635 349/636 350/637 161/638
f 149/118 394/117 124/639 118/640
f 845/384 455/383 454/641 844/642
f 634/349 646/567 638/160 626/350
f 607/626 89/643 93/623 380/483
f 773/644 177/645 176/646 704/647
f 298/648 157/37 171/9 297/649
f 953/650 752/651 156/612 952/611
f 370/652 325/123 696/122 794/653
f 473/654 466/655 461/261 468/431
f 177/645 771/56 686/55 176/646
f 417/656 409/426 9/425 6/657
f 533/169 529/658 262/659 265/50
f 613/660 401/661 403/662 615/663
f 816/664 576/665 846/149 853/148
f 809/666 810/329 685/332 727/667
f 588/668 585/575 546/462 569/669
f 642/670 641/671 274/203 275/202
f 92/672 878/673 38/376 27/375
f 425/674 418/675 313/398 751/397
f 758/370 323/676 322/109 759/367
f 537/323 149/118 118/640 123/677
f 353/440 154/441 156/612 752/651
f 302/678 198/134 141/137 144/679
f 585/575 588/668 820/282 822/680
f 630/681 642/682 636/683 624/684
f 608/86 75/85 74/79 379/347
f 434/272 341/685 343/686 435/269
f 762/687 638/160 271/163 293/688
f 127/689 670/690 662/691 126/692
f 172/244 805/693 786/694 155/245
f 812/330 808/695 804/696 788/331
f 140/291 537/697 123/42 117/292
f 286/146 289/698 244/699 241/579
f 40/700 533/169 20/168 3/701
f 618/702 617/601 587/576 817/703
f 764/704 364/705 710/706 683/707
f 445/708 544/216 10/5 7/709
f 13/189 6/710 473/711 477/190
f 455/383 865/259 864/262 454/641
f 465/712 83/713 101/714 869/715
f 371/716 327/717 432/718 479/719
f 51/537 583/536 508/720 43/721
f 447/722 844/723 847/65 452/192
f 429/309 783/724 782/725 716/310
f 205/371 199/726 352/727 735/372
f 641/671 640/728 273/729 274/203
f 283/346 291/345 246/730 238/731
f 744/732 703/733 647/734 635/735
f 643/736 647/737 280/738 276/739
f 121/740 133/584 578/509 821/741
f 387/742 549/743 562/73 388/403
f 871/744 28/539 57/542 887/745
f 399/746 20/168 5/49 252/747
f 559/213 445/708 7/709 15/214
f 536/416 540/748 119/749 132/417
f 527/750 54/751 52/752 526/753
f 879/754 422/755 13/189 19/188
f 304/607 308/610 831/581 827/756
f 324/757 691/758 679/759 363/760
f 22/761 1/762 418/763 433/764
f 860/570 499/765 495/766 858/571
f 103/187 107/186 648/767 652/768
f 140/291 538/290 331/305 136/769
f 21/271 315/338 314/82 22/770
f 62/183 504/182 882/771 69/772
f 838/773 848/774 453/775 481/776
f 129/777 660/778 659/779 124/780
f 545/781 99/782 90/783 446/784
f 463/477 470/785 469/430 462/260
f 512/786 48/787 47/788 509/789
f 153/103 94/102 684/790 168/791
f 94/792 79/478 186/481 684/793
f 653/593 656/592 289/179 286/146
f 52/794 529/658 533/169 40/700
f 76/795 458/796 842/797 71/798
f 954/799 955/800 431/801 707/802
f 91/803 84/804 432/718 327/717
f 500/572 858/571 855/805 581/806
f 88/807 848/808 446/784 90/783
f 101/809 856/810 453/811 86/812
f 127/689 131/813 792/814 670/690
f 438/815 68/816 70/88 408/87
f 526/753 52/752 40/700 532/817
f 348/450 685/332 788/331 801/451
f 146/818 657/819 290/153 143/152
f 648/820 791/821 295/822 281/823
f 801/451 357/246 155/245 174/452
f 838/824 850/825 389/17 482/20
f 510/826 46/164 49/167 507/827
f 877/828 514/829 515/830 873/831
f 256/489 261/619 216/622 211/490
f 445/708 559/213 560/159 440/158
f 628/832 640/728 641/671 629/833
f 441/157 542/834 550/835 440/158
f 577/836 574/837 312/838 384/839
f 98/840 472/841 476/842 95/843
f 17/844 3/845 42/846 423/847
f 281/823 295/822 250/848 236/849
f 601/850 602/851 470/785 463/477
f 278/852 293/853 248/854 233/855
f 75/85 609/457 378/456 74/79
f 535/172 127/689 126/692 731/173
f 775/856 740/13 682/16 774/53
f 269/597 275/202 230/205 224/598
f 832/857 307/858 311/859 834/860
f 825/861 106/862 105/863 663/864
f 401/865 400/866 393/867 392/868
f 805/869 182/870 195/497 786/496
f 459/66 854/629 14/871 8/67
f 584/527 588/283 569/669 333/312
f 652/768 648/767 281/823 285/872
f 15/214 7/709 419/873 406/874
f 565/60 613/59 615/663 381/875
f 147/136 148/129 337/876 672/877
f 545/878 563/879 480/382 439/381
f 830/880 829/580 312/583 574/837
f 135/881 134/882 180/587 346/586
f 658/344 146/818 143/152 291/345
f 38/299 26/298 59/487 506/883
f 651/884 650/343 283/346 284/885
f 253/513 258/886 213/887 208/514
f 472/468 65/467 62/183 476/888
f 164/889 168/791 684/790 715/890
f 326/480 100/479 91/803 327/717
f 672/274 337/208 139/211 138/275
f 765/891 412/892 188/893 202/894
f 34/895 604/896 528/289 33/288
f 649/897 651/884 284/885 282/898
f 563/19 545/878 446/784 482/20
f 273/899 272/900 227/901 228/902
f 396/255 129/258 124/780 394/117
f 573/903 830/904 828/905 619/906
f 263/907 264/105 219/108 218/908
f 502/909 467/910 474/90 503/89
f 557/911 381/912 382/482 556/379
f 640/728 639/913 272/900 273/729
f 711/914 362/915 717/71 366/70
f 299/916 748/917 749/918 300/919
f 712/920 756/921 711/914 366/70
f 339/922 433/764 418/763 425/674
f 388/403 389/17 850/825 841/923
f 295/822 282/924 237/925 250/848
f 190/110 713/31 761/926 192/111
f 285/872 281/823 236/849 240/927
f 872/928 32/929 82/930 886/931
f 3/845 20/168 399/746 42/846
f 780/932 785/933 705/934 779/935
f 881/437 513/436 514/829 877/828
f 686/55 793/936 173/937 176/646
f 193/139 299/938 835/939 184/140
f 116/940 108/941 650/343 651/884
f 760/236 169/942 165/277 699/233
f 367/405 368/404 711/914 756/921
f 875/943 92/672 27/375 35/944
f 564/322 64/321 72/505 451/945
f 381/912 615/663 614/625 382/482
f 791/821 649/897 282/898 295/822
f 874/946 34/895 33/288 873/947
f 541/503 64/502 63/126 443/125
f 187/29 193/139 321/138 372/30
f 748/127 299/916 193/139 187/29
f 734/511 834/948 833/949 724/508
f 574/837 577/836 818/632 815/950
f 284/885 283/346 238/731 239/951
f 720/952 689/28 319/27 730/953
f 276/739 280/738 235/954 231/955
f 564/956 99/957 97/958 444/959
f 927/960 624/961 625/962 925/963
f 646/567 637/566 270/500 279/162
f 710/706 153/103 168/791 683/707
f 349/636 178/635 159/964 808/965
f 365/966 706/967 785/933 780/932
f 843/2 449/968 599/969 849/3
f 342/970 343/686 341/685 340/971
f 474/90 95/972 92/672 875/91
f 390/973 557/911 556/379 480/382
f 106/862 824/177 656/176 105/863
f 606/974 51/537 43/721 517/975
f 71/798 842/797 451/945 72/505
f 23/976 24/977 436/552 593/551
f 508/978 31/979 36/230 507/229
f 807/471 806/980 335/981 674/472
f 507/827 49/167 43/721 508/720
f 795/411 793/410 686/55 682/16
f 927/960 929/221 630/224 624/961
f 293/853 271/163 226/366 248/854
f 675/368 326/480 327/717 371/369
f 596/605 351/604 374/198 595/982
f 528/983 50/984 54/751 527/750
f 693/985 809/666 727/667 787/986
f 109/434 113/987 655/988 654/435
f 368/404 363/989 362/915 711/914
f 350/637 297/238 171/9 161/638
f 328/267 316/268 25/270 24/990
f 526/396 81/395 37/287 527/286
f 115/991 102/992 146/818 658/344
f 144/679 141/137 179/993 347/994
f 432/718 405/995 402/422 479/719
f 645/616 762/316 293/688 278/617
f 681/448 163/996 170/997 784/449
f 464/534 66/466 73/998 868/999
f 555/1000 566/57 565/60 554/1001
f 793/410 673/356 162/516 173/937
f 255/265 260/308 215/1002 210/1003
f 134/276 138/275 676/250 180/587
f 98/360 83/359 465/712 472/841
f 617/601 575/1004 397/1005 610/602
f 262/1006 263/907 218/908 217/1007
f 29/1008 883/1009 884/1010 30/1011
f 722/1012 727/667 685/332 348/450
f 2/1013 19/188 880/191 58/1014
f 189/1015 690/1016 100/479 79/478
f 529/658 530/1017 263/907 262/659
f 620/151 581/150 855/805 870/1018
f 320/1019 720/952 730/953 714/442
f 698/1020 683/707 168/791 164/889
f 355/1021 742/1022 812/330 810/329
f 419/1023 404/1024 541/503 443/125
f 657/432 654/435 287/594 290/153
f 839/1025 71/798 72/505 450/504
f 697/1026 354/400 61/507 78/21
f 660/1027 666/1028 113/987 109/434
f 291/345 143/152 142/155 246/730
f 708/1029 813/1030 616/454 609/457
f 826/631 575/634 617/601 618/702
f 519/1031 525/1032 261/619 256/489
f 300/1033 392/868 393/867 304/607
f 274/203 273/729 228/902 229/204
f 654/435 655/988 288/333 287/594
f 852/242 837/241 483/1034 494/1035
f 870/1018 855/805 582/1036 621/1037
f 267/131 254/1038 209/1039 222/132
f 161/12 144/11 347/1040 135/1041
f 310/120 309/1042 396/255 394/117
f 137/1043 664/1044 150/1045 102/1046
f 794/653 696/122 745/1047 687/1048
f 12/1049 616/454 813/1030 1/1050
f 854/629 466/1051 9/425 14/871
f 741/1052 832/857 834/860 734/511
f 578/509 724/508 823/1053 821/741
f 684/793 186/481 201/1054 715/1055
f 695/328 726/327 809/666 693/985
f 717/71 362/915 694/1056 361/1057
f 69/297 882/771 77/391 26/298
f 366/70 706/69 365/966 712/920
f 314/82 377/81 18/215 12/1058
f 583/540 28/539 31/979 508/978
f 516/1059 521/1060 258/886 253/513
f 152/495 166/494 779/935 705/934
f 437/399 313/398 813/1030 708/1029
f 412/892 765/891 772/1061 411/1062
f 473/711 468/431 513/436 477/190
f 488/386 863/385 867/197 493/415
f 81/395 881/437 877/828 37/287
f 834/948 311/859 573/1063 833/949
f 723/39 160/38 177/645 773/644
f 420/1064 339/922 425/674 678/1065
f 139/248 136/210 331/305 336/249
f 115/991 658/344 650/343 108/460
f 272/900 276/739 231/955 227/901
f 303/1066 765/891 202/894 196/1067
f 525/1032 399/746 252/747 261/619
f 695/328 693/985 361/1057 694/1056
f 676/250 336/249 806/307 807/471
f 340/971 341/685 339/922 420/1064
f 95/972 476/842 878/673 92/672
f 530/1017 531/1068 264/105 263/907
f 428/561 732/143 739/175 427/562
f 97/958 96/1069 552/1070 444/959
f 802/1071 334/1072 798/1073 803/1074
f 777/72 369/1075 785/933 706/69
f 944/524 175/523 707/1076 946/1077
f 569/669 546/462 547/465 570/62
f 629/223 641/671 642/670 630/224
f 45/48 41/47 525/1032 519/1031
f 32/1078 35/1079 505/1080 512/1081
f 586/174 589/573 427/562 739/175
f 531/1082 50/1083 53/1084 605/1085
f 639/913 643/736 276/739 272/900
f 487/387 491/428 490/1086 499/1087
f 626/350 638/160 762/687 763/315
f 580/1088 582/1089 495/1090 486/1091
f 392/868 300/1033 749/918 750/406
f 434/272 21/271 22/770 433/764
f 164/889 715/890 761/1092 169/1093
f 737/142 789/1094 790/1095 535/172
f 61/507 68/506 438/815 360/23
f 610/602 397/1005 398/1096 611/1097
f 351/199 442/603 441/157 561/200
f 402/422 405/995 607/626 614/625
f 866/388 487/387 499/1087 860/570
f 484/195 863/194 866/388 483/1098
f 203/548 678/1099 754/1100 181/549
f 407/1101 862/1102 868/1103 457/1104
f 1/1050 813/1030 313/398 418/763
f 483/1098 866/388 860/570 494/1035
f 371/369 479/719 757/420 758/370
f 118/640 124/639 659/779 150/1105
f 342/970 344/114 345/207 343/686
f 388/403 841/923 837/241 387/742
f 411/94 305/93 301/1106 412/892
f 765/891 303/1066 741/1107 772/1061
f 784/449 705/934 785/933 369/446
f 693/985 787/986 369/446 361/1057
f 173/937 162/516 321/1108 797/1109
f 783/342 414/341 413/302 782/725
f 501/414 502/1110 489/1111 493/415
f 58/1014 880/191 881/437 81/395
f 647/734 703/733 292/1112 280/738
f 200/303 194/578 778/1113 709/544
f 73/1114 869/1115 458/796 76/795
f 311/859 307/858 831/581 829/580
f 24/990 25/270 435/269 436/552
f 360/1116 438/1117 84/804 91/803
f 396/255 309/1042 410/95 534/256
f 125/585 133/584 663/1118 661/1119
f 196/1067 202/894 773/1120 704/475
f 612/58 400/866 401/865 613/59
f 254/266 255/265 210/1003 209/1039
f 277/252 278/617 233/855 232/253
f 611/1097 398/1096 400/866 612/58
f 161/12 135/1041 346/1121 178/635
f 637/566 636/1122 269/597 270/500
f 410/95 770/1123 768/553 534/256
f 352/727 199/726 191/300 430/543
f 928/320 633/318 632/558 919/557
f 742/1022 349/636 808/965 812/330
f 335/981 806/980 330/306 329/1124
f 342/970 415/1125 416/115 344/114
f 752/550 181/549 185/1126 353/1127
f 796/14 747/235 746/234 795/15
f 154/441 701/1128 688/613 156/612
f 132/417 119/749 667/533 669/1129
f 6/710 9/425 466/1051 473/711
f 433/764 339/922 341/685 434/272
f 141/137 147/136 672/877 179/993
f 571/63 555/402 554/1001 572/1130
f 8/67 14/871 862/427 407/1101
f 386/239 852/242 851/1131 385/311
f 17/531 2/530 58/1014 532/393
f 409/426 417/656 471/181 464/534
f 130/554 768/553 395/510 125/585
f 203/548 953/547 424/1132 945/1133
f 884/1134 497/1135 485/1136 886/1137
f 298/648 297/649 689/28 720/952
f 876/1138 475/1139 496/1140 883/1141
f 89/352 608/355 379/1142 93/623
f 36/230 876/1138 883/1141 29/231
f 50/984 531/1082 530/1017 54/751
f 68/816 437/399 708/1029 70/88
f 107/186 114/546 791/821 648/767
f 579/218 871/744 887/745 623/219
f 32/1078 512/1081 509/1143 82/930
f 99/957 545/781 439/381 97/958
f 632/558 644/1144 703/733 744/559
f 48/787 521/364 516/1059 47/788
f 743/600 298/648 720/952 320/599
f 112/1145 104/590 653/593 769/144
f 550/1146 447/722 452/192 544/216
f 18/215 15/214 406/874 426/1147
f 357/246 801/451 788/331 804/243
f 701/1128 358/1148 753/1149 688/613
f 722/1012 681/448 787/447 727/667
f 798/1150 789/1094 737/142 733/35
f 47/788 516/1059 522/1151 44/1152
f 197/1153 803/1154 671/34 206/374
f 37/287 877/828 873/831 33/288
f 749/407 748/917 322/109 323/408
f 49/167 518/166 517/263 43/721
f 100/479 690/1016 360/1116 91/803
f 671/34 803/1154 798/1073 733/35
f 844/642 454/641 459/630 847/65
f 760/236 747/235 687/1155 698/1156
f 841/923 484/195 483/1098 837/241
f 603/1157 874/946 873/947 515/830
f 883/1141 496/1140 497/556 884/1010
f 11/68 8/67 407/1101 840/1158
f 475/1139 490/1086 491/428 496/1140
f 497/1135 492/429 489/1159 485/1136
f 54/751 530/1017 529/658 52/752
f 303/1066 835/1160 832/857 741/1107
f 397/1005 575/1004 577/633 384/839
f 478/1161 486/1162 490/1086 475/1139
f 579/218 580/217 486/1091 478/1161
f 920/1163 631/1164 627/1165 926/1166
f 703/733 644/1144 277/618 292/1112
f 347/1167 179/273 134/276 135/881
f 540/748 539/525 120/517 119/749
f 691/758 692/1168 680/1169 679/759
f 476/888 62/183 69/772 878/296
f 176/646 173/937 797/1109 704/647
f 317/124 325/123 766/1170 324/1171
f 406/874 419/873 443/125 558/77
f 422/755 879/754 882/392 504/182
f 531/1068 605/1085 266/106 264/105
f 39/538 51/537 606/974 622/294
f 698/1020 164/889 169/1093 760/236
f 50/984 528/983 604/1172 53/1084
f 182/870 674/472 802/1173 195/497
f 113/987 112/1145 769/144 655/988
f 186/481 326/480 675/368 201/1054
f 521/1060 520/363 257/1174 258/886
f 440/158 550/835 544/216 445/708
f 44/1152 522/1151 523/165 46/164
f 373/563 781/574 590/116 416/115
f 148/129 145/119 332/324 337/876
f 535/172 790/1095 131/418 127/689
f 636/683 642/682 275/202 269/597
f 481/776 453/775 856/810 859/412
f 633/318 645/317 644/615 632/558
f 722/1012 348/450 167/453 158/1175
f 784/449 170/997 152/495 705/934
f 298/648 743/600 160/38 157/37
f 308/582 383/609 384/839 312/583
f 808/695 159/964 172/244 804/696
f 800/499 197/498 206/374 729/373
f 823/1053 724/508 833/949 836/1176
f 587/576 585/575 822/680 817/703
f 572/1130 554/1001 557/911 390/75
f 736/33 716/310 199/726 205/371
f 537/697 140/291 136/769 332/209
f 522/1151 516/1059 253/513 259/512
f 655/988 769/144 294/147 288/333
f 734/511 770/1177 772/1061 741/1052
f 122/257 130/554 767/1178 666/1179
f 289/179 296/178 251/1180 244/699
f 265/50 262/659 217/1007 220/51
f 316/268 375/201 376/281 315/338
f 317/124 324/1171 363/760 368/404
f 502/909 503/89 485/1136 489/1111
f 258/886 257/1174 212/491 213/887
f 303/1066 196/1067 184/140 835/1160
f 732/143 428/561 429/309 738/36
f 403/662 401/661 392/868 750/406
f 128/293 117/292 137/44 665/519
f 123/677 118/640 150/1105 664/1181
f 678/1065 203/548 194/578 420/1064
f 280/738 292/1112 247/254 235/954
f 751/397 754/1100 678/1099 425/674
f 627/1182 639/913 640/728 628/832
f 835/1160 721/1183 307/858 832/857
f 726/327 355/1021 810/329 809/666
f 449/968 843/2 845/384 448/1184
f 917/1185 628/832 629/833 923/222
f 318/1186 698/1156 687/1155 745/1047
f 356/26 700/25 742/1022 355/1021
f 615/663 403/662 402/422 614/625
f 163/996 352/98 430/1187 170/997
f 398/1096 397/1005 384/839 383/609
f 180/587 676/250 807/471 183/588
f 852/242 494/1035 500/572 851/1131
f 492/429 488/386 493/415 489/1159
f 85/1188 405/995 432/718 84/804
f 573/1063 311/859 829/580 830/904
f 827/756 831/581 307/858 721/1183
f 789/1094 799/1189 536/416 790/1095
f 334/1072 799/1189 789/1094 798/1073
f 677/135 198/134 204/1190 301/1191
f 417/656 422/755 504/182 471/181
f 567/1192 611/1097 612/58 566/57
f 553/76 390/75 480/382 563/19
f 158/100 167/453 729/1193 735/97
f 858/571 495/766 582/1089 855/805
f 60/226 353/1127 185/1126 56/227
f 354/400 697/1026 754/1100 751/397
f 374/198 328/267 594/1194 595/982
f 470/785 515/830 514/829 469/430
f 385/311 851/1131 846/149 576/526
f 467/357 98/360 95/843 474/90
f 282/924 284/885 239/951 237/925
f 510/232 29/231 30/1011 511/1195
f 481/776 498/196 850/825 838/773
f 482/20 446/784 848/808 838/824
f 86/812 453/811 848/774 88/807
f 523/165 522/1151 259/512 260/308
f 728/1196 723/1197 188/1198 204/1199
f 827/756 299/916 300/919 304/607
f 35/944 27/375 87/378 505/1080
f 334/1072 335/981 329/1124 799/1189
f 162/516 151/278 372/439 321/1108
f 203/548 945/1133 778/1113 194/578
f 631/1164 643/736 639/913 627/1165
f 714/442 718/445 776/1200 775/1201
f 606/295 517/975 254/266 267/131
f 811/589 183/588 182/473 805/869
f 916/348 925/963 625/962 634/349
f 110/433 659/1202 660/1027 109/434
f 195/497 802/1173 803/1074 197/498
f 486/1091 495/1090 499/765 490/1086
f 16/6 11/68 840/1158 421/7
f 505/1203 87/1204 45/1205 55/1206
f 549/743 571/63 572/1130 562/73
f 598/1207 543/1208 442/603 597/606
f 469/430 514/829 513/436 468/431
f 204/1199 188/1198 412/892 301/1191
f 539/525 540/748 329/1124 330/306
f 511/1209 44/1152 46/164 510/826
f 719/326 356/26 355/1021 726/327
f 400/866 398/1096 383/609 393/867
f 814/285 584/284 576/526 816/664
f 947/1210 780/932 779/935 946/1211
f 601/850 463/477 861/476 857/1212
f 83/713 460/358 856/810 101/714
f 7/709 10/5 404/8 419/873
f 154/441 153/103 710/706 701/1128
f 111/1213 116/940 651/884 649/897
f 335/981 334/1072 802/1071 674/472
f 635/735 647/734 643/736 631/1164
f 457/1214 76/795 71/798 839/1025
f 192/111 761/926 715/1055 201/596
f 794/653 796/14 740/13 370/652
f 775/856 776/1200 370/652 740/13
f 568/463 610/602 611/1097 567/464
f 426/455 406/874 558/77 378/456
f 159/964 811/1215 805/693 172/244
f 624/684 636/683 637/566 625/962
f 167/453 174/452 800/1216 729/1193
f 559/213 377/212 376/84 560/159
f 609/457 75/85 70/88 708/1029
f 12/1049 18/215 426/1147 616/454
f 31/979 885/1217 876/1138 36/230
f 859/412 856/810 460/358 501/414
f 442/603 543/1208 542/834 441/157
f 202/894 188/893 723/1197 773/1120
f 766/1170 325/123 370/652 776/1200
f 661/1218 663/864 105/863 104/590
f 66/466 465/469 869/1115 73/998
f 677/135 301/1191 305/93 306/128
f 178/635 346/1121 811/1215 159/964
f 679/759 680/1169 695/328 694/1056
f 710/706 364/705 358/1148 701/1128
f 413/302 414/341 340/971 420/577
f 827/756 721/1183 835/1160 299/916
f 714/442 775/1201 774/53 320/1019
f 338/564 373/563 416/115 415/340
f 199/726 716/310 782/725 191/300
f 28/539 871/744 885/1217 31/979
f 170/997 430/1187 709/492 152/495
f 114/546 111/1213 649/897 791/821
f 460/358 467/357 502/909 501/414
f 692/1168 730/443 719/326 680/1169
f 687/1048 747/235 796/14 794/653
f 160/38 743/600 771/56 177/645
f 830/904 574/837 815/950 828/905
f 777/72 717/71 361/1057 369/1075
f 540/748 536/416 799/1189 329/1124
f 851/1131 500/572 581/806 846/149
f 386/239 548/313 549/64 387/240
f 599/969 449/968 543/1208 598/1207
f 158/1175 163/99 681/448 722/1012
f 825/1219 663/1118 133/584 121/740
f 758/370 757/420 391/409 323/676
f 181/549 754/1100 697/1026 185/1126
f 99/782 564/956 451/1220 90/783
f 836/1176 833/949 573/1063 619/906
f 415/1125 342/970 340/971 414/341
f 857/1212 861/476 456/1 600/4
f 885/1217 478/1161 475/1139 876/1138
f 363/760 679/759 694/1056 362/915
f 532/817 40/700 3/701 17/844
f 683/707 698/1020 318/1186 764/704
f 102/992 110/433 657/432 146/818
f 841/923 850/825 498/196 484/195
f 423/847 42/846 41/47 524/46
f 871/744 579/218 478/1161 885/1217
f 252/747 5/49 4/52 207/621
f 512/786 505/1203 55/1206 48/787
f 56/227 185/1126 697/1026 78/21
f 333/312 569/669 570/62 548/313
f 864/262 461/261 466/655 854/629
f 742/1022 700/25 350/237 349/636
f 132/417 669/1129 792/814 131/418
f 792/545 669/1221 111/1213 114/546
f 150/1045 659/1202 110/433 102/1046
f 503/89 872/92 886/931 485/1136
f 917/1185 926/1166 627/1165 628/832
f 594/1194 328/267 24/990 23/976
f 314/82 12/1058 1/1050 22/770
f 767/1178 130/554 125/585 661/1119
f 667/1222 668/461 108/460 116/940
f 767/1223 661/1218 104/590 112/1145
f 359/1224 189/1015 79/478 94/792
f 665/458 137/1043 102/1046 115/459
f 842/1225 88/807 90/783 451/1220
f 408/354 85/353 84/804 438/1117
f 666/1028 767/1223 112/1145 113/987
f 607/626 405/995 85/1188 89/643
f 55/1206 45/1205 519/1031 520/363
f 511/1195 30/1011 82/930 509/1143
f 868/1103 73/998 76/795 457/1104
f 520/363 519/1031 256/489 257/1174
f 669/1221 667/1222 116/940 111/1213
f 869/715 101/714 86/812 458/1226
f 439/381 551/380 96/624 97/958
f 458/1226 86/812 88/807 842/1225
f 379/1142 552/1070 96/1069 93/623
f 692/1168 691/758 776/1200 718/445
f 428/561 338/564 783/342 429/309
f 730/443 319/27 356/26 719/326
f 421/7 840/1158 839/1025 450/504
f 129/258 122/257 666/1179 660/778
f 30/1011 884/1010 886/1137 82/930
f 306/128 305/93 309/96 310/120
f 174/452 155/245 786/694 800/1216
f 924/319 922/351 626/350 763/315
f 506/1227 59/45 45/48 87/1204
f 260/308 259/512 214/515 215/1002
f 621/1037 582/1036 580/1088 725/220
f 515/830 470/785 602/851 603/1157
f 547/401 567/464 566/57 555/402
f 554/1001 565/60 381/875 557/911
f 840/1158 407/1101 457/1104 839/1025
f 542/834 448/1228 447/722 550/835
f 169/942 761/1092 713/438 165/277
f 198/134 302/678 728/1196 204/1190
f 862/427 409/426 464/534 868/1103
f 404/1024 421/7 450/504 541/503
f 509/789 47/788 44/1152 511/1209
f 872/928 875/91 35/944 32/929
f 422/755 417/656 6/657 13/189
f 80/390 879/389 19/188 2/530
f 770/1177 734/511 395/510 768/553
f 345/207 436/552 435/269 343/686
f 448/1228 845/384 844/642 447/722
f 543/1208 449/968 448/1184 542/834
f 770/1123 410/95 411/94 772/1061
f 691/758 324/757 766/1170 776/1200
f 42/846 399/746 525/1032 41/47
f 764/704 318/1186 900/1229 904/1230
f 904/1230 900/1229 901/1231 905/1232
f 712/920 365/966 908/1233 890/1234
f 890/1234 908/1233 909/1235 891/1236
f 745/1047 696/122 906/1237 888/1238
f 888/1238 906/1237 907/1239 889/1240
f 712/920 890/1234 902/1241 756/921
f 890/1234 891/1236 903/1242 902/1241
f 780/932 896/1243 908/1233 365/966
f 896/1243 897/1244 909/1235 908/1233
f 947/1245 431/1246 892/1247 948/1248
f 948/1248 892/1247 893/1249 949/1250
f 364/705 912/1251 894/1252 358/1148
f 912/1251 913/1253 895/1254 894/1252
f 755/121 367/405 914/1255 910/1256
f 910/1256 914/1255 915/1257 911/1258
f 755/121 910/1256 906/1237 696/122
f 910/1256 911/1258 907/1239 906/1237
f 955/800 956/1259 892/1260 431/801
f 956/1259 957/1261 893/1262 892/1260
f 358/1148 894/1252 898/1263 753/1149
f 894/1252 895/1254 899/1264 898/1263
f 745/1047 888/1238 900/1229 318/1186
f 888/1238 889/1240 901/1231 900/1229
f 764/704 904/1230 912/1251 364/705
f 904/1230 905/1232 913/1253 912/1251
f 367/405 756/921 902/1241 914/1255
f 914/1255 902/1241 903/1242 915/1257
f 938/1265 936/1266 922/1267 924/1268
f 931/1269 940/1270 926/1271 917/1272
f 930/1273 939/1274 925/1275 916/1276
f 931/1269 917/1272 923/1277 937/1278
f 934/1279 920/1280 926/1271 940/1270
f 951/1281 932/1282 918/1283 950/1284
f 942/1285 928/1286 919/1287 933/1288
f 941/1289 943/1290 929/1291 927/1292
f 941/1289 927/1292 925/1275 939/1274
f 959/1293 958/1294 918/1295 932/1296
f 933/1288 919/1287 921/1297 935/1298
f 930/1273 916/1276 922/1267 936/1266
f 938/1265 924/1268 928/1286 942/1285
f 943/1290 937/1278 923/1277 929/1291
f 915/1257 903/1242 937/1278 943/1290
f 905/1232 938/1265 942/1285 913/1253
f 889/1240 930/1273 936/1266 901/1231
f 895/1254 933/1288 935/1298 899/1264
f 957/1261 959/1293 932/1296 893/1262
f 911/1258 941/1289 939/1274 907/1239
f 911/1258 915/1257 943/1290 941/1289
f 913/1253 942/1285 933/1288 895/1254
f 949/1250 893/1249 932/1282 951/1281
f 897/1244 934/1279 940/1270 909/1235
f 891/1236 931/1269 937/1278 903/1242
f 889/1240 907/1239 939/1274 930/1273
f 891/1236 909/1235 940/1270 931/1269
f 905/1232 901/1231 936/1266 938/1265
f 897/1244 949/1250 951/1281 934/1279
f 934/1279 951/1281 950/1284 920/1280
f 896/1243 948/1248 949/1250 897/1244
f 780/932 947/1210 948/1248 896/1243
f 431/1246 947/1245 946/1211 707/1076
f 920/1163 950/1299 635/735 631/1164
f 166/494 944/524 946/1077 779/935
f 778/493 945/521 944/524 166/494
f 899/1264 935/1298 959/1293 957/1261
f 935/1298 921/1297 958/1294 959/1293
f 898/1263 899/1264 957/1261 956/1259
f 753/1149 898/1263 956/1259 955/800
f 688/613 753/1149 955/800 954/614
f 921/560 744/559 635/735 958/1300
f 424/1301 953/650 952/611 175/1302
f 175/1302 952/611 954/614 707/802
f 958/1300 635/735 950/1299 918/1303
f 1415/1304 1559/1305 1808/1306 1802/1307
f 969/1308 1363/1309 1380/1310 975/1311
f 1130/1312 1120/1313 1103/1314 1261/1315
f 1699/1316 1641/1317 1754/1318 1755/1319
f 1348/1320 1441/1321 1522/1322 1512/1323
f 1037/1324 1649/1325 1319/1326 1020/1327
f 1659/1328 1648/1329 1278/1330 1315/1331
f 1146/1332 1149/1333 1672/1334 1331/1335
f 1695/1336 1697/1337 1692/1338 1630/1339
f 1116/1340 1687/1341 1682/1342 1119/1343
f 1076/1344 1096/1345 1623/1346 1082/1347
f 1018/1348 1004/1349 1000/1350 1483/1351
f 964/1352 963/1353 1179/1354 1224/1355
f 1733/1356 1730/1357 1645/1358 1641/1359
f 1525/1360 1524/1361 1572/1362 1571/1363
f 1507/1364 1508/1365 1530/1366 1529/1367
f 1806/1368 970/1369 967/1370 1418/1371
f 1665/1372 1736/1373 1676/1374 1325/1375
f 1521/1376 1512/1377 1349/1378 1531/1379
f 1517/1380 1337/1381 1033/1382 1026/1383
f 1336/1384 1335/1385 1274/1386 1273/1387
f 1034/1388 1029/1389 1367/1390 1567/1391
f 1462/1392 1831/1393 1834/1394 1433/1395
f 1264/1396 1268/1397 1369/1398 1370/1399
f 1694/1400 1117/1401 1122/1402 1311/1403
f 1318/1404 1019/1405 1112/1406 1053/1407
f 1223/1408 1178/1409 1180/1410 1225/1411
f 1281/1412 1718/1413 1151/1414 1149/1415
f 1550/1416 1549/1417 1375/1418 1303/1419
f 1353/1420 1269/1421 1104/1422 1108/1423
f 1714/1424 1276/1425 1284/1426 1655/1427
f 1026/1383 1022/1428 1402/1429 1517/1380
f 1707/1430 1281/1412 1149/1415 1146/1332
f 1265/1431 1107/1432 1104/1422 1269/1421
f 1227/1433 1182/1434 1181/1435 1226/1436
f 1157/1437 1100/1438 1106/1439 1636/1440
f 1280/1441 1756/1442 1143/1443 1152/1444
f 1697/1337 1691/1445 1696/1446 1692/1338
f 1728/1447 1253/1448 1245/1449 1612/1450
f 1812/1451 1579/1452 1540/1453 1805/1454
f 1102/1455 1101/1456 1204/1457 1249/1458
f 1520/1459 1519/1460 1399/1461 1400/1462
f 1597/1463 1230/1464 1238/1465 1605/1466
f 1005/1467 1008/1468 1477/1469 1482/1470
f 979/1471 964/1352 1224/1355 1492/1472
f 1511/1473 1403/1474 1022/1428 1026/1383
f 1494/1475 1698/1476 1545/1477 1690/1478
f 1615/1479 1248/1480 1255/1481 1783/1482
f 1024/1483 1021/1484 1463/1485 1430/1486
f 1621/1487 1062/1488 1066/1489 1629/1490
f 978/1491 1839/1492 1436/1493 972/1494
f 1411/1495 975/1496 970/1369 1806/1368
f 1822/1497 1826/1498 1457/1499 1443/1500
f 1333/1501 1334/1502 1520/1503 1310/1504
f 1234/1505 1189/1506 1188/1507 1233/1508
f 1303/1419 1304/1509 1551/1510 1550/1416
f 1296/1511 1098/1512 1095/1513 1291/1514
f 1336/1515 977/1516 974/1517 1518/1518
f 1503/1519 969/1308 975/1311 1411/1495
f 1539/1520 1684/1521 1582/1522 1538/1523
f 1888/1524 1589/1525 1588/1526 1882/1527
f 1318/1528 1148/1529 1015/1530 1019/1531
f 1466/1532 1469/1533 988/1534 995/1535
f 1658/1536 1719/1537 1706/1538 1705/1539
f 1309/1540 1256/1541 1648/1329 1659/1328
f 1345/1542 1811/1543 1796/1544 1346/1545
f 1763/1546 1316/1547 1114/1548 1131/1549
f 1097/1550 1635/1551 1295/1552 1098/1553
f 1251/1554 1206/1555 1191/1556 1236/1557
f 1355/1558 1088/1559 1081/1560 1493/1561
f 1824/1562 1823/1563 1420/1564 1421/1565
f 1476/1566 1213/1567 1214/1568 1477/1569
f 1287/1570 1275/1571 1334/1502 1333/1501
f 1394/1572 1393/1573 980/1574 984/1575
f 1138/1576 1093/1577 1097/1578 1631/1579
f 1124/1580 1658/1581 1661/1582 1110/1583
f 1334/1502 1335/1584 1519/1460 1520/1503
f 1779/1585 1773/1586 1543/1587 1547/1588
f 1486/1589 1487/1590 992/1591 996/1592
f 1497/1593 1087/1594 1076/1595 1099/1596
f 1581/1597 1227/1433 1226/1436 1565/1598
f 1837/1599 997/1600 985/1601 1028/1602
f 1150/1603 1159/1604 1372/1605 1741/1606
f 1295/1607 1765/1608 1289/1609 1290/1610
f 1148/1529 1649/1325 1037/1324 1015/1530
f 1477/1569 1214/1568 1219/1611 1482/1470
f 1697/1337 1695/1336 1675/1612 1388/1613
f 1344/1614 1345/1615 1507/1616 1292/1617
f 1722/1618 1592/1619 1604/1620 1721/1621
f 1883/1622 1887/1623 1592/1619 1722/1618
f 1023/1624 1022/1428 1403/1474 1523/1625
f 1108/1423 1104/1422 1291/1626 1496/1627
f 1639/1628 1654/1629 1685/1630 1678/1631
f 1769/1632 1644/1633 1747/1634 1771/1635
f 1247/1636 1202/1637 1208/1638 1253/1639
f 984/1575 980/1574 1274/1640 1275/1641
f 1297/1642 1742/1643 1373/1644 1374/1645
f 1609/1646 1242/1647 1250/1648 1617/1649
f 1026/1383 1033/1382 1338/1650 1511/1473
f 1875/1651 1881/1652 1585/1653 1593/1654
f 1048/1655 1567/1656 1367/1657 1044/1658
f 1658/1581 1705/1539 1632/1659 1661/1582
f 1426/1660 1057/1661 1042/1662 1419/1663
f 1007/1664 1480/1665 1479/1666 1014/1667
f 1230/1464 1185/1668 1193/1669 1238/1465
f 1718/1670 1717/1671 1330/1672 1634/1673
f 1164/1674 1165/1675 1688/1676 1694/1677
f 986/1678 1046/1679 1465/1680 997/1681
f 1515/1682 1439/1683 1398/1684 1510/1685
f 1802/1307 1804/1686 1414/1687 1415/1304
f 1822/1688 1825/1689 1446/1690 1447/1691
f 1838/1692 1841/1693 1036/1694 1039/1695
f 1491/1696 1485/1697 1040/1698 1017/1699
f 1710/1700 1313/1701 1396/1702 1272/1703
f 1529/1367 1530/1366 1514/1704 1506/1705
f 1347/1706 1348/1320 1512/1323 1521/1376
f 1327/1707 1276/1425 1714/1424 1326/1708
f 1709/1709 1350/1710 1282/1711 1708/1712
f 1705/1539 1754/1713 1752/1714 1632/1659
f 1818/1715 1440/1716 1457/1499 1826/1498
f 1460/1717 1818/1715 1826/1498 1452/1718
f 1495/1719 1749/1720 1090/1721 1091/1722
f 1636/1440 1106/1439 1107/1432 1265/1431
f 1716/1723 1362/1724 1361/1725 1438/1726
f 973/1727 1821/1728 1368/1729 968/1730
f 1450/1731 1451/1732 1447/1691 1446/1690
f 1421/1565 1420/1564 1427/1733 1428/1734
f 1616/1735 1613/1736 1068/1737 1069/1738
f 1839/1492 1840/1739 1472/1740 1436/1493
f 1672/1741 1124/1580 1110/1583 1331/1742
f 1312/1743 1113/1744 1112/1406 1019/1405
f 1673/1745 1677/1746 1651/1747 1689/1748
f 1328/1749 1743/1750 1640/1751 1746/1752
f 1307/1753 1126/1754 1133/1755 1760/1756
f 1575/1757 1568/1758 1337/1759 1385/1760
f 1624/1761 1627/1762 1067/1763 1074/1764
f 1505/1765 1506/1766 1526/1767 1527/1768
f 1025/1769 1424/1770 1431/1771 1024/1772
f 1142/1773 1141/1774 1633/1775 1766/1776
f 1155/1777 1143/1443 1756/1442 1663/1778
f 1820/1779 1824/1562 1421/1565 1422/1780
f 1038/1781 1145/1782 1285/1783 1059/1784
f 1510/1685 1339/1785 1341/1786 1515/1682
f 985/1787 1018/1788 1483/1789 1036/1790
f 1216/1791 1171/1792 1170/1793 1215/1794
f 1695/1336 1630/1339 1165/1675 1164/1674
f 1668/1795 1111/1796 1125/1797 1737/1798
f 1745/1799 1759/1800 1156/1801 1154/1802
f 1238/1465 1193/1669 1184/1803 1229/1804
f 1023/1805 1031/1806 1409/1807 1500/1808
f 1313/1701 1020/1809 1027/1810 1396/1702
f 1683/1811 1693/1812 1354/1813 1537/1814
f 1218/1815 1173/1816 1167/1817 1212/1818
f 1632/1659 1121/1819 1110/1583 1661/1582
f 1079/1820 1627/1821 1624/1822 1087/1823
f 1904/1824 1903/1825 1134/1826 1383/1827
f 1498/1828 1079/1820 1087/1823 1497/1593
f 1535/1829 1344/1614 1292/1617 1543/1830
f 1382/1831 976/1832 961/1833 1039/1834
f 1078/1835 1626/1836 1627/1821 1079/1820
f 1423/1837 1025/1769 1024/1772 1430/1486
f 1778/1838 998/1839 1010/1840 1542/1841
f 987/1842 1016/1843 1778/1844 1542/1845
f 1389/1846 1668/1847 1159/1604 1150/1603
f 1629/1490 1066/1489 1073/1848 1751/1849
f 1696/1446 1691/1445 1698/1476 1494/1475
f 1362/1724 1716/1723 1350/1710 1709/1709
f 1912/1850 1711/1851 1140/1852 1162/1853
f 1304/1509 1395/1854 1552/1855 1551/1510
f 1493/1561 1081/1560 1089/1856 1727/1857
f 1455/1858 1456/1859 1451/1732 1450/1731
f 1878/1860 1880/1861 1703/1862 1591/1863
f 1387/1864 1297/1865 1332/1866 1386/1867
f 1584/1868 1593/1869 1605/1870 1596/1871
f 1453/1872 1459/1873 1817/1874 1819/1875
f 1386/1867 1332/1866 1740/1876 1548/1877
f 1544/1878 1505/1765 1527/1768 1546/1879
f 1372/1605 1159/1604 1153/1880 1379/1881
f 1253/1639 1208/1638 1200/1882 1245/1449
f 1039/1695 1036/1694 1483/1789 1382/1831
f 1788/1883 1271/1884 1267/1885 1790/1886
f 1354/1813 1084/1887 1092/1888 1537/1814
f 1305/1889 1770/1890 1142/1891 1139/1892
f 1063/1893 1612/1894 1615/1895 1064/1896
f 1246/1897 1201/1898 1202/1637 1247/1636
f 1116/1340 1130/1312 1261/1315 1687/1341
f 1497/1593 1290/1610 1289/1609 1498/1828
f 1249/1458 1204/1457 1201/1898 1246/1897
f 1718/1670 1634/1673 1160/1899 1151/1414
f 1229/1804 1184/1803 1183/1900 1228/1901
f 1279/1902 1702/1903 1730/1357 1733/1356
f 1546/1879 1527/1768 1569/1904 1576/1905
f 1401/1906 1556/1907 1555/1908 1310/1909
f 1263/1910 1267/1911 1342/1912 1352/1913
f 1911/1914 1913/1915 1647/1916 1115/1917
f 1603/1918 1236/1919 1237/1920 1604/1921
f 1220/1922 1175/1923 1166/1924 1211/1925
f 1052/1926 1339/1785 1510/1685 1055/1927
f 1415/1304 1414/1687 1824/1562 1820/1779
f 1573/1928 1341/1786 1339/1785 1566/1929
f 1413/1930 1418/1931 1813/1932 1823/1933
f 1785/1934 1534/1935 1536/1936 1777/1937
f 1137/1938 1120/1939 1309/1940 1308/1941
f 1108/1423 1077/1942 1083/1943 1353/1420
f 1804/1686 1803/1944 1413/1945 1414/1687
f 1593/1654 1585/1653 1597/1463 1605/1870
f 1566/1929 1339/1785 1052/1926 1048/1946
f 1732/1947 1663/1948 1135/1949 1136/1950
f 1257/1951 1256/1952 1130/1312 1116/1340
f 1912/1953 1911/1914 1115/1917 1711/1954
f 1329/1955 1753/1956 1655/1427 1284/1426
f 1432/1957 1427/1733 1420/1564 1425/1958
f 1136/1950 1135/1949 1645/1358 1730/1357
f 1376/1959 965/1960 968/1730 1368/1729
f 1492/1472 1224/1355 1221/1961 1488/1962
f 1572/1963 1574/1964 1362/1965 1360/1966
f 1775/1967 1812/1451 1805/1454 1535/1968
f 1768/1969 1686/1970 1644/1633 1769/1632
f 1547/1971 1528/1972 1505/1765 1544/1878
f 1601/1973 1234/1505 1233/1508 1600/1974
f 1051/1975 986/1678 997/1681 1837/1976
f 1384/1977 1710/1700 1272/1703 1377/1978
f 1717/1671 1718/1670 1281/1412 1282/1979
f 1496/1627 1082/1980 1077/1942 1108/1423
f 1312/1743 1711/1954 1115/1917 1113/1744
f 1261/1981 1103/1982 1100/1438 1157/1437
f 1544/1878 1781/1983 1779/1585 1547/1971
f 1589/1984 1583/1985 1595/1986 1601/1987
f 1567/1391 1338/1650 1033/1382 1034/1388
f 1393/1573 1394/1572 1302/1988 1300/1989
f 1721/1990 1252/1991 1230/1464 1597/1463
f 1086/1992 1085/1993 1621/1994 1629/1995
f 1131/1549 1114/1548 1745/1996 1764/1997
f 1771/1635 1747/1634 1763/1998 1767/1999
f 1099/1596 1076/1595 1082/1347 1496/2000
f 1245/1449 1200/1882 1203/2001 1248/2002
f 999/2003 962/2004 979/1471 1492/1472
f 1577/2005 1776/2006 1546/1879 1576/1905
f 1723/2007 1642/2008 1669/2009 1323/2010
f 1404/2011 966/2012 969/1308 1503/1519
f 972/1494 1436/1493 1432/2013 965/2014
f 1414/1687 1413/1945 1823/1933 1824/1562
f 1424/2015 1828/2016 1060/2017 1042/2018
f 1330/2019 1438/2020 1391/2021 1286/2022
f 1010/1840 1002/2023 1467/2024 1542/1841
f 1406/2025 1411/1495 1806/1368 1803/2026
f 1388/1613 1675/1612 1741/2027 1742/2028
f 1164/1674 1694/1677 1311/2029 1158/2030
f 1600/1974 1233/1508 1232/2031 1599/2032
f 1242/1647 1197/2033 1205/2034 1250/1648
f 1703/2035 1594/2036 1606/2037 1662/2038
f 1602/2039 1235/2040 1239/2041 1606/2042
f 1080/2043 1780/2044 1537/1814 1092/1888
f 1346/2045 1347/1706 1521/1376 1508/2046
f 1830/2047 1846/2048 1016/1843 987/1842
f 1358/2049 1211/2050 964/1352 979/1471
f 1518/1518 974/1517 966/2012 1404/2011
f 1495/1719 1091/1722 1078/2051 1499/2052
f 1486/2053 1485/2054 1011/2055 1013/2056
f 1838/2057 978/1491 972/1494 1381/2058
f 1263/1910 1786/2059 1790/1886 1267/1911
f 1283/2060 1322/2061 1638/2062 1650/2063
f 981/2064 1392/2065 1377/2066 960/2067
f 1819/1875 1817/1874 1454/2068 1458/2069
f 1062/1488 1611/2070 1607/2071 1066/1489
f 1099/1596 1095/2072 1290/1610 1497/1593
f 980/1574 981/2073 1273/1387 1274/1640
f 1021/1484 1028/2074 1841/2075 1463/1485
f 1797/2076 1440/2077 1412/2078 1807/2079
f 1088/2080 1083/2081 1618/2082 1619/2083
f 1504/2084 1405/2085 1049/2086 1058/2087
f 1422/1780 1421/1565 1428/1734 1429/2088
f 1471/2089 1468/2090 1006/2091 1007/2092
f 1112/1406 1127/2093 1643/2094 1053/1407
f 1053/2095 1643/2096 1145/1782 1038/1781
f 1612/1894 1245/1449 1248/2002 1615/1895
f 1011/2097 999/2003 1492/1472 1488/1962
f 1035/2098 1030/2099 1801/2100 1417/2101
f 1913/2102 1666/2103 1390/2104 1914/2105
f 1050/2106 1286/2022 1391/2021 1043/2107
f 1459/1873 1540/2108 1814/2109 1817/1874
f 1047/2110 1049/2086 1405/2085 1807/2111
f 1060/2112 1045/2113 1412/2114 1815/2115
f 1086/1992 1629/1995 1751/2116 1090/2117
f 1397/2118 1367/1390 1029/1389 1027/2119
f 1485/2054 1491/2120 999/2003 1011/2055
f 1307/1753 1760/1756 1747/1634 1644/1633
f 1105/2121 1102/1455 1249/1458 1616/2122
f 1607/2123 1240/2124 1254/2125 1750/2126
f 1760/1756 1133/1755 1114/1548 1316/1547
f 1797/2127 1441/1321 1348/1320 1809/2128
f 1469/2129 1466/2130 1008/1468 1005/1467
f 1836/2131 1832/2132 1474/2133 1473/2134
f 1215/1794 1170/1793 1175/1923 1220/1922
f 1404/2011 1399/1461 1519/1460 1518/1518
f 1587/2135 1588/2136 1600/1974 1599/2032
f 1400/1462 1399/1461 1509/2137 1501/2138
f 1536/2139 1343/2140 1271/2141 1533/2142
f 1057/2143 1054/2144 1435/2145 1431/2146
f 976/2147 1382/2148 1001/2149 962/2150
f 1240/2124 1195/2151 1209/2152 1254/2125
f 1560/2153 1422/1780 1429/2088 1561/2154
f 1237/2155 1192/2156 1207/2157 1252/2158
f 1034/1388 1033/1382 1337/1381 1568/1758
f 1494/1475 1690/1478 1085/1993 1086/1992
f 1734/2159 1733/1356 1641/1359 1699/1316
f 1228/1901 1183/1900 1189/1506 1234/1505
f 1791/2160 1793/2161 1270/2162 1266/2163
f 1784/2164 1622/2165 1064/2166 1065/2167
f 1360/2168 1351/2169 1352/2170 1359/2171
f 1764/2172 1745/1799 1154/1802 1141/2173
f 1418/1371 967/1370 973/2174 1813/1932
f 1543/1830 1292/1617 1528/1972 1547/1588
f 1611/2070 1244/2175 1240/2124 1607/2071
f 974/1517 1365/2176 1378/2177 966/2012
f 1524/1361 1340/2178 1574/1964 1572/1362
f 1106/1439 1631/2179 1296/2180 1107/1432
f 1504/2181 1398/1684 1439/1683 1522/2182
f 1789/2183 1533/2142 1271/2141 1788/1883
f 1094/2184 1305/1889 1139/1892 1093/2185
f 1617/1649 1250/1648 1102/1455 1105/2121
f 997/1600 1465/2186 1018/1788 985/1601
f 1610/2187 1243/2188 1242/1647 1609/1646
f 1212/1818 1167/1817 1172/2189 1217/2190
f 1431/1771 1435/2191 1021/1484 1024/1772
f 1123/2192 1674/2193 1643/2094 1127/2093
f 1285/1783 1286/2022 1050/2106 1059/1784
f 1631/1579 1097/1578 1098/1553 1296/1511
f 1724/2194 1161/2195 1147/2196 1371/2197
f 993/2198 992/1591 1487/1590 1563/2199
f 1608/2200 1241/2201 1243/2188 1610/2187
f 1522/1322 1441/1321 1405/2085 1504/2181
f 1232/2202 1187/2203 1186/2204 1231/2205
f 1355/1558 1353/1420 1083/1943 1088/1559
f 1532/2206 1578/2207 1787/2208 1789/2209
f 1222/2210 1177/2211 1178/1409 1223/1408
f 1461/2212 1462/1392 1433/1395 1426/2213
f 1516/2214 1515/1682 1341/1786 1340/2215
f 1599/2032 1232/2031 1231/2205 1598/2216
f 1670/2217 1325/1375 1676/1374 1321/2218
f 1258/2219 1259/2220 1708/2221 1707/2222
f 1671/2223 1325/1375 1670/2217 1715/2224
f 1298/2225 1384/1977 1377/1978 1392/2065
f 1347/1706 1800/2226 1809/2128 1348/1320
f 1254/2125 1209/2152 1196/2227 1241/2228
f 1149/1415 1151/1414 1720/2229 1672/1334
f 1244/2175 1199/2230 1195/2151 1240/2124
f 1831/2231 1845/2232 1041/2233 991/2234
f 962/2150 1001/2149 1358/2049 979/1471
f 1739/2235 1738/2236 1664/2237 1744/2238
f 1840/1739 1836/2131 1473/2134 1472/1740
f 1645/1358 1135/1949 1132/2239 1752/2240
f 1152/1444 1143/1443 1794/2241 1258/2242
f 1075/2243 1610/2187 1609/1646 1067/2244
f 1719/1537 1658/1536 1124/1580 1128/2245
f 1326/1708 1715/2224 1670/2217 1327/1707
f 1834/2246 994/2247 986/1678 1051/1975
f 1523/1625 1410/2248 1031/1806 1023/1624
f 1340/2215 1341/1786 1573/1928 1574/1964
f 1750/2126 1254/2125 1241/2228 1608/2200
f 1833/2249 1832/2250 992/1591 993/2198
f 1500/1808 1402/1429 1022/1428 1023/1805
f 1146/1332 1331/1335 1280/1441 1152/1444
f 1707/1430 1146/1332 1152/1444 1258/2219
f 1693/1812 1683/1811 1792/2251 1793/2252
f 1533/2142 1774/2253 1777/1937 1536/2139
f 1243/2188 1198/2254 1197/2033 1242/1647
f 1679/2255 1689/2256 1278/1330 1648/1329
f 1235/2040 1190/2257 1194/2258 1239/2041
f 1523/2259 1403/2260 1056/2261 1058/2262
f 1886/2263 1884/2264 1584/2265 1583/2266
f 1605/1870 1238/1465 1229/1804 1596/1871
f 1669/2009 1642/2008 1127/2093 1112/1406
f 1308/1941 1767/2267 1118/2268 1137/1938
f 1324/2269 1739/2235 1744/2238 1665/2270
f 1802/1307 1808/1306 1558/2271 1408/2272
f 1301/2273 1299/2274 1300/1989 1302/1988
f 1433/1395 1834/1394 1051/1975 1054/2275
f 1349/2276 1439/1683 1515/1682 1516/2214
f 1065/2167 1064/2166 1615/1895 1783/1482
f 1565/2277 1476/2278 1002/2023 1010/1840
f 1030/2099 1031/1806 1410/2248 1801/2100
f 982/2279 1552/1855 1395/1854 983/2280
f 1467/2281 1466/1532 995/1535 990/2282
f 1766/1776 1633/1775 1294/2283 1765/2284
f 1466/2130 1467/2024 1002/2023 1008/1468
f 1754/1713 1641/1317 1645/1358 1752/1714
f 1886/2263 1583/2266 1589/1984 1888/1524
f 1252/2158 1207/2157 1185/1668 1230/1464
f 1634/1673 1330/1672 1286/2022 1285/1783
f 1555/1908 1554/2285 1333/1501 1310/1909
f 1487/2286 1486/2053 1013/2056 1009/2287
f 1652/2288 1746/2289 1686/1970 1768/1969
f 1068/1737 1613/1736 1614/2290 1072/2291
f 1327/1707 1670/2217 1321/2218 1322/2292
f 1309/1940 1120/1939 1130/1312 1256/1541
f 1287/1570 983/2293 984/1575 1275/1571
f 1485/1697 1486/1589 996/1592 1040/1698
f 1074/2294 1617/1649 1105/2121 1061/2295
f 1103/1982 1306/2296 1138/2297 1100/1438
f 1391/2021 1438/2020 1361/1725 1364/2298
f 1604/1921 1237/1920 1252/2158 1721/1621
f 1640/1751 1743/1750 1129/2299 1122/2300
f 1423/1837 1827/2301 1032/2302 1025/1769
f 1514/2303 1513/2304 1524/1361 1525/1360
f 1752/1714 1132/2239 1121/1819 1632/1659
f 1214/1568 1169/2305 1174/2306 1219/1611
f 1093/1577 1139/1892 1635/1551 1097/1578
f 1057/1661 1431/2146 1424/2015 1042/1662
f 1576/1905 1569/1904 1356/2307 1534/2308
f 1221/2309 1176/2310 1177/2211 1222/2210
f 988/2311 989/2312 1843/2313 1842/2314
f 1681/2315 1307/1753 1644/1633 1686/1970
f 961/2316 1017/2317 1839/1492 978/1491
f 1148/2318 1038/1781 1059/1784 1649/2319
f 1488/1962 1221/1961 1222/2210 1489/2320
f 1579/1452 1829/2321 1814/2109 1540/1453
f 1279/2322 1673/1745 1689/1748 1679/2255
f 1657/2323 1123/2192 1127/2093 1642/2008
f 1314/2324 1769/1632 1771/1635 1701/2325
f 1378/2326 1402/1429 1500/1808 1363/2327
f 1616/1735 1249/1458 1246/1897 1613/1736
f 1798/2328 1409/1807 1031/1806 1030/2099
f 1656/2329 1037/1324 1020/1327 1313/1701
f 1619/2330 1068/1737 1072/2291 1625/2331
f 1250/1648 1205/2034 1101/1456 1102/1455
f 1667/2332 1568/1758 1575/1757 1772/2333
f 1785/1934 1577/2005 1576/1905 1534/1935
f 1478/2334 1215/1794 1220/1922 1484/2335
f 1259/2336 1263/1910 1352/1913 1351/2169
f 1233/1508 1188/1507 1187/2203 1232/2031
f 1613/1736 1246/1897 1247/1636 1614/2290
f 1811/1543 1453/2337 1442/2338 1796/1544
f 1829/2321 1580/2339 1541/2340 1814/2109
f 1226/1436 1181/1435 1168/2341 1213/2342
f 1120/1313 1094/2343 1306/2344 1103/1314
f 1269/1421 1353/1420 1355/1558 1268/2345
f 1096/2346 1061/2347 1109/2348 1623/2349
f 1753/1956 1646/2350 1704/2351 1655/1427
f 971/2352 960/2353 1772/2333 1575/1757
f 1813/1932 973/2174 968/1730 1425/2354
f 1700/2355 1693/1812 1793/2252 1791/2160
f 1537/1814 1780/2044 1782/2356 1683/1811
f 1643/2096 1674/2357 1160/2358 1145/1782
f 1654/1629 1652/2288 1768/1969 1685/1630
f 1676/1374 1320/2359 1653/2360 1321/2218
f 1028/1602 985/1601 1036/1790 1841/2075
f 1325/1375 1671/2223 1324/2269 1665/1372
f 1273/1387 971/2361 977/1516 1336/1384
f 1542/1845 1467/2281 990/2282 987/1842
f 1475/2362 1212/1818 1217/2190 1480/2363
f 1111/1796 1664/2237 1738/2236 1125/1797
f 1396/1702 1667/2332 1772/2333 1272/1703
f 1371/2197 1370/2364 1731/2365 1724/2194
f 1432/2013 1436/1493 1472/1740 1427/1733
f 1447/1691 1452/1718 1826/1498 1822/1688
f 1040/1698 996/1592 1836/2131 1840/1739
f 1793/2252 1792/2251 1532/2366 1270/2162
f 1682/1342 1732/1947 1136/1950 1119/1343
f 1379/2367 1637/2368 1384/1977 1298/2225
f 1098/1553 1295/1552 1290/1610 1095/1513
f 1074/2294 1067/1763 1609/1646 1617/1649
f 1231/2205 1186/2204 1190/2257 1235/2040
f 1262/2369 1155/2370 1161/2195 1724/2194
f 1484/2335 1220/1922 1211/1925 1358/2049
f 1654/1629 1653/2360 1320/2359 1652/2288
f 1635/1551 1766/1776 1765/2284 1295/1552
f 1299/2274 1379/2367 1298/2225 1300/1989
f 1054/2275 1051/1975 1837/1976 1435/2145
f 1489/2320 1222/2210 1223/1408 1490/2371
f 1387/1864 1386/1867 1698/1476 1691/1445
f 1056/2261 1403/2260 1511/2372 1055/2373
f 1761/2374 1762/2375 1757/2376 1293/2377
f 1736/1373 1665/1372 1744/2238 1328/2378
f 1903/1825 1905/2379 1666/2380 1134/1826
f 1528/1972 1529/1367 1506/1705 1505/1765
f 1588/1526 1589/1525 1601/1987 1600/1974
f 1004/1349 1478/2334 1484/2335 1000/1350
f 991/2381 1471/2382 1464/2383 994/2384
f 1545/1477 1698/1476 1386/1867 1548/1877
f 1490/2385 1564/2386 1012/2387 1009/2388
f 1598/2216 1231/2205 1235/2040 1602/2039
f 1446/1690 1458/2389 1449/2390 1450/1731
f 1585/1653 1722/1618 1721/1621 1597/1463
f 1539/2391 1445/2392 1454/2393 1541/2394
f 1351/2169 1709/1709 1708/1712 1259/2336
f 1393/1573 1392/2065 981/2064 980/1574
f 1123/2192 1128/2395 1720/2396 1674/2193
f 1696/1446 1494/1475 1749/2397 1748/2398
f 1020/1809 1319/1326 1397/2118 1027/1810
f 1569/1904 1570/2399 1357/2400 1356/2307
f 1310/1504 1520/1503 1400/1462 1401/1906
f 1361/1725 1573/1928 1566/1929 1364/2298
f 1825/1689 1819/1875 1458/2069 1446/1690
f 1443/1500 1442/2401 1825/1689 1822/1497
f 1162/1853 1140/1852 1713/2402 1637/2403
f 1366/2404 1416/2405 1827/2406 1821/2407
f 960/2353 1377/2066 1272/1703 1772/2333
f 1442/2401 1453/2337 1819/1875 1825/1689
f 1330/1672 1717/1671 1716/1723 1438/2020
f 1077/1942 1109/2408 1618/2082 1083/1943
f 1301/2273 1302/1988 1304/1509 1303/1419
f 1347/1706 1346/2045 1796/1544 1800/2226
f 1370/1399 1371/2197 1260/2409 1264/1396
f 1724/2194 1731/2365 1700/2410 1262/2369
f 1743/1750 1328/1749 1744/2238 1664/2237
f 1652/2288 1320/2359 1328/1749 1746/2289
f 1132/2239 1756/2411 1280/2412 1121/1819
f 1742/1643 1741/2027 1372/1605 1373/1644
f 1460/1717 1452/1718 1448/2413 1461/2414
f 1017/2317 1040/1698 1840/1739 1839/1492
f 1606/2037 1239/2041 1251/2415 1662/2038
f 1159/1604 1668/1847 1737/2416 1153/1880
f 1032/2417 1035/2098 1417/2101 1828/2418
f 1270/2162 1788/1883 1790/1886 1266/2163
f 983/2293 1395/1854 1394/1572 984/1575
f 1319/2419 1050/2106 1043/2107 1397/2420
f 1355/1558 1493/1561 1369/1398 1268/2345
f 1084/1887 1620/2421 1622/2422 1092/1888
f 1155/2370 1663/1778 1732/2423 1161/2195
f 1571/1363 1572/1362 1360/1966 1359/2171
f 1213/1567 1168/2341 1169/2305 1214/1568
f 1236/1557 1191/1556 1192/2156 1237/1920
f 1570/2399 1571/1363 1359/2171 1357/2400
f 1120/1313 1137/1938 1305/2424 1094/2343
f 1596/1871 1229/1804 1228/1901 1595/2425
f 1369/1398 1493/1561 1727/1857 1729/2426
f 1311/2029 1389/1846 1150/1603 1158/2030
f 1887/1623 1878/1860 1591/1863 1592/1619
f 1701/2325 1771/1635 1767/1999 1308/1941
f 1294/2283 1288/2427 1289/1609 1765/2284
f 1301/2273 1303/1419 1375/1418 1374/2428
f 1711/1851 1312/2429 1144/2430 1140/1852
f 1755/1319 1754/1318 1705/1539 1706/1538
f 1113/1744 1115/1917 1647/1916 1660/2431
f 1091/1722 1628/2432 1626/1836 1078/2051
f 965/2014 1432/2013 1425/1958 968/1730
f 1392/2065 1393/1573 1300/1989 1298/2225
f 1100/1438 1138/2297 1631/2179 1106/1439
f 1530/1366 1531/2433 1513/2304 1514/1704
f 967/1370 1366/2404 1821/2407 973/2174
f 1345/1542 1344/1614 1810/2434 1811/1543
f 976/1832 1491/1696 1017/1699 961/1833
f 1368/1729 1423/1837 1430/1486 1376/1959
f 1089/1856 1084/1887 1354/1813 1727/1857
f 1162/1853 1904/2435 1383/2436 1912/1850
f 1843/2437 1845/2438 1444/2439 1456/2440
f 1257/1951 1679/2255 1648/1329 1256/1952
f 1835/2441 1842/2442 1455/2443 1434/2444
f 1048/1655 1052/1926 1338/2445 1567/1656
f 995/1535 988/1534 1842/2314 1835/2441
f 1009/2287 1013/2056 1489/2320 1490/2385
f 1027/2119 1029/1389 1667/2332 1396/1702
f 1066/1489 1607/2071 1750/2126 1073/1848
f 1538/1523 1582/1522 1846/2048 1830/2047
f 991/2381 1041/2233 1468/2446 1471/2382
f 1058/2262 1056/2261 1398/1684 1504/2084
f 1591/1863 1703/1862 1662/2038 1603/2447
f 1007/2092 1006/2091 1475/2362 1480/1665
f 1702/1903 1279/1902 1679/2255 1257/1951
f 1071/2448 1728/1447 1612/1450 1063/1893
f 1509/2449 1503/1519 1411/1495 1406/2025
f 977/1516 1385/2450 1365/2176 974/1517
f 1316/1547 1763/1546 1747/1634 1760/1756
f 1660/2431 1647/1916 1712/2451 1317/2452
f 1681/2315 1686/1970 1746/2289 1640/1751
f 1757/2453 1692/1338 1696/1446 1748/2398
f 1006/2091 1003/2454 1481/2455 1475/2362
f 1156/2456 1165/1675 1630/1339 1762/2457
f 996/1592 992/1591 1832/2250 1836/2131
f 1708/1712 1282/1711 1281/1412 1707/2222
f 1008/1468 1002/2023 1476/2278 1477/1469
f 1059/1784 1050/2106 1319/2419 1649/2319
f 1630/1339 1692/1338 1757/2453 1762/2457
f 1803/1944 1806/1368 1418/1371 1413/1945
f 1719/1537 1657/2458 1646/2459 1706/1538
f 1800/2226 1796/1544 1442/2338 1443/1500
f 1562/2460 1474/2133 1832/2132 1833/2249
f 1842/2442 1843/2313 1456/2440 1455/2443
f 970/1369 1799/2461 1366/2404 967/1370
f 1434/2444 1455/2443 1450/1731 1449/2390
f 1456/2440 1444/2439 1448/2462 1451/1732
f 1013/2056 1011/2055 1488/1962 1489/2320
f 1262/2369 1700/2410 1791/2160 1794/2463
f 1356/2307 1343/2140 1536/2139 1534/2308
f 1437/2464 1434/2444 1449/2390 1445/2465
f 1538/1523 1437/2464 1445/2465 1539/1520
f 1879/2466 1885/2467 1586/2468 1590/2469
f 1662/2038 1251/2415 1236/1557 1603/2447
f 1306/2470 1094/2184 1093/2185 1138/1576
f 1499/2052 1078/2051 1079/1820 1498/1828
f 1650/2063 1638/2062 1639/2471 1651/2472
f 1435/2191 1837/1599 1028/1602 1021/1484
f 1135/1949 1663/1948 1756/2411 1132/2239
f 1276/1425 1283/2473 1725/2474 1284/1426
f 1365/2176 1517/1380 1402/1429 1378/2177
f 1381/2058 1463/1485 1841/2075 1838/2057
f 1490/2371 1223/1408 1225/1411 1564/2386
f 998/1839 1581/1597 1565/1598 1010/1840
f 1657/2323 1719/1537 1128/2245 1123/2192
f 1009/2287 1012/2387 1563/2475 1487/2286
f 1141/2173 1154/1802 1761/2476 1633/1775
f 1072/2291 1614/2290 1728/1447 1071/2448
f 1145/1782 1160/2358 1634/1673 1285/1783
f 1480/2363 1217/2190 1216/2477 1479/1666
f 1399/1461 1404/2011 1503/1519 1509/2137
f 1003/2454 1005/1467 1482/1470 1481/2455
f 1332/1866 1375/1418 1549/1417 1740/1876
f 1107/1432 1296/2180 1291/1626 1104/1422
f 1494/1475 1086/1992 1090/2117 1749/2397
f 1595/1986 1228/1901 1234/1505 1601/1987
f 1440/2077 1818/1715 1815/2115 1412/2078
f 1592/1619 1591/1863 1603/2447 1604/1620
f 1681/2315 1117/2478 1126/1754 1307/1753
f 1743/1750 1664/2237 1111/1796 1129/2299
f 1257/1951 1116/1340 1119/1343 1702/1903
f 1267/1885 1271/1884 1343/2140 1342/1912
f 1767/1999 1763/1998 1131/1549 1118/2268
f 1759/1800 1688/1676 1165/1675 1156/1801
f 1782/2356 1795/2479 1792/2251 1683/1811
f 1546/1879 1776/2006 1781/1983 1544/1878
f 1531/2433 1349/1378 1516/2214 1513/2304
f 1695/1336 1164/1674 1158/2030 1675/1612
f 1496/2000 1291/1514 1095/1513 1099/1596
f 1481/2455 1218/1815 1212/1818 1475/2362
f 1614/2290 1247/1636 1253/1639 1728/1447
f 1693/1812 1700/2355 1731/2365 1729/2480
f 1081/1560 1625/2481 1726/2482 1089/1856
f 1248/1480 1203/2001 1210/2483 1255/1481
f 1224/1355 1179/1354 1176/2310 1221/1961
f 1275/1571 1274/1640 1335/1385 1334/1502
f 1276/1425 1327/1707 1322/2292 1283/2473
f 1461/2212 1448/2413 1444/2439 1462/1392
f 1217/2190 1172/2189 1171/1792 1216/2477
f 1262/2369 1794/2463 1143/1443 1155/2370
f 1691/1445 1697/1337 1388/1613 1387/1864
f 1362/1965 1709/1709 1351/2169 1360/1966
f 1087/1594 1624/1822 1096/1345 1076/1595
f 1082/1980 1623/2484 1109/2408 1077/1942
f 1637/2368 1379/2367 1153/1880 1162/1853
f 1239/2041 1194/2258 1206/1555 1251/2415
f 1710/1700 1384/1977 1637/2368 1713/2402
f 1586/2485 1587/2135 1599/2032 1598/2216
f 1794/2463 1791/2160 1266/2163 1680/2486
f 1685/1630 1768/1969 1769/1632 1314/2324
f 1408/2272 1407/2487 1804/1686 1802/1307
f 1876/2488 1882/1527 1588/1526 1587/2135
f 1277/2489 1704/2351 1646/2350 1657/2458
f 1315/1331 1314/2324 1701/2325 1659/1328
f 1574/1964 1573/1928 1361/1725 1362/1965
f 1122/2300 1129/2299 1389/2490 1311/1403
f 1357/2400 1342/1912 1343/2140 1356/2307
f 1139/1892 1142/1891 1766/1776 1635/1551
f 1811/1543 1810/2434 1459/1873 1453/2337
f 1451/1732 1448/2462 1452/1718 1447/1691
f 1044/2491 1043/2107 1391/2021 1364/2298
f 1532/2366 1789/2209 1788/1883 1270/2162
f 1786/2059 1680/2486 1266/2163 1790/1886
f 1748/2398 1749/2397 1495/1719 1758/2492
f 1293/2377 1757/2376 1748/2398 1758/2492
f 1636/1440 1260/2493 1163/2494 1157/1437
f 1376/1959 1430/1486 1463/1485 1381/2058
f 1526/2495 1525/1360 1571/1363 1570/2399
f 1512/1377 1522/1322 1439/1683 1349/1378
f 1117/1401 1694/1400 1688/2496 1126/1754
f 1817/1874 1814/2109 1541/2340 1454/2068
f 1019/1531 1015/1530 1144/2430 1312/2429
f 1313/1701 1710/1700 1713/2402 1656/2329
f 1333/1501 1554/2285 1553/2497 1287/1570
f 1429/2088 1428/1734 1473/2134 1474/2133
f 1344/1614 1535/1829 1805/1454 1810/2434
f 1426/1660 1433/1395 1054/2275 1057/1661
f 1241/2228 1196/2227 1198/2254 1243/2188
f 1469/1533 1470/2498 989/2312 988/1534
f 1440/2077 1797/2076 1809/2128 1457/1499
f 1441/1321 1797/2127 1807/2079 1405/2085
f 1045/2113 1047/2110 1807/2111 1412/2114
f 1482/1470 1219/1611 1218/1815 1481/2455
f 1687/2499 1163/2500 1147/2501 1682/2502
f 1786/2059 1263/1910 1259/2336 1258/2219
f 994/2247 1464/2383 1046/1679 986/1678
f 1293/2377 1758/2492 1288/2427 1294/2283
f 1121/1819 1280/2412 1331/1742 1110/1583
f 1162/1853 1153/1880 1737/2416 1904/2435
f 1590/2469 1586/2468 1598/2216 1602/2039
f 1673/1745 1734/2503 1735/2504 1677/1746
f 1565/1598 1226/1436 1213/2342 1476/2278
f 1770/1890 1764/2172 1141/2173 1142/1891
f 1875/1651 1593/1654 1584/1868 1884/2264
f 1069/1738 1068/1737 1619/2330 1618/2505
f 1154/1802 1156/1801 1762/2457 1761/2476
f 1445/2392 1449/2390 1458/2389 1454/2393
f 975/1311 1380/1310 1799/2461 970/1369
f 1464/2506 1014/2507 1004/2508 1046/2509
f 1508/2046 1521/1376 1531/1379 1530/1366
f 1557/2510 1556/1907 1401/1906 1502/2511
f 1428/1734 1427/1733 1472/1740 1473/2134
f 1163/2500 1260/2493 1371/2197 1147/2501
f 1498/1828 1289/1609 1288/2427 1499/2052
f 1470/2512 1469/2129 1005/1467 1003/2454
f 1678/1631 1685/1630 1314/2324 1315/1331
f 1359/2171 1352/2170 1342/1912 1357/2400
f 1773/1586 1775/1967 1535/1968 1543/1587
f 1906/2513 1905/2514 1738/2236 1739/2235
f 1560/2153 1816/2515 1820/1779 1422/1780
f 1042/2018 1060/2017 1815/2115 1419/1663
f 966/2012 1378/2177 1363/2327 969/1308
f 1113/1744 1660/2431 1669/2009 1112/1406
f 1070/2516 1608/2200 1610/2187 1075/2243
f 1294/2283 1633/1775 1761/2476 1293/2377
f 1594/2036 1590/2469 1602/2039 1606/2037
f 1416/2517 1798/2328 1030/2099 1035/2098
f 1151/1414 1160/1899 1674/2357 1720/2229
f 1753/1956 1329/1955 1699/1316 1755/1319
f 1734/2159 1699/1316 1329/1955 1735/2504
f 1527/1768 1526/1767 1570/2399 1569/1904
f 1385/1760 1337/1759 1517/1380 1365/2176
f 1118/2268 1131/1549 1764/1997 1770/2518
f 1583/1985 1584/2265 1596/1871 1595/1986
f 1126/1754 1688/2496 1759/2519 1133/1755
f 1518/1518 1519/1460 1335/1584 1336/1515
f 1568/1758 1667/2332 1029/1389 1034/1388
f 971/2352 1575/1757 1385/1760 977/1516
f 990/2282 995/1535 1835/2441 1844/2520
f 1818/1715 1460/1717 1419/1663 1815/2115
f 1401/1906 1400/1462 1501/2138 1502/2511
f 1161/2195 1732/2423 1682/2502 1147/2196
f 1725/2474 1735/2504 1329/1955 1284/1426
f 1620/2521 1063/1893 1064/1896 1622/2165
f 1025/1769 1032/2302 1828/2418 1424/1770
f 1636/1440 1265/1431 1264/1396 1260/2493
f 1137/1938 1118/2268 1770/2518 1305/2424
f 1638/2062 1653/2360 1654/1629 1639/2471
f 1669/2009 1660/2431 1317/2452 1323/2010
f 1372/1605 1379/1881 1299/2274 1373/1644
f 1786/2059 1258/2219 1794/2241 1680/2486
f 1673/1745 1279/2322 1733/1356 1734/2503
f 1297/1865 1374/1645 1375/1418 1332/1866
f 1158/2030 1150/1603 1741/1606 1675/1612
f 987/1842 990/2282 1844/2520 1830/2047
f 1129/2299 1111/1796 1668/1795 1389/2490
f 1073/1848 1750/2126 1608/2200 1070/2516
f 1419/1663 1460/1717 1461/2414 1426/1660
f 1651/2472 1639/2471 1678/1631 1689/1748
f 1646/2350 1753/1956 1755/1319 1706/1538
f 1119/1343 1136/1950 1730/1357 1702/1903
f 1789/2209 1787/2208 1774/2253 1533/2142
f 1736/1373 1328/2378 1320/2359 1676/1374
f 1499/2052 1288/2427 1758/2492 1495/1719
f 1810/2434 1805/1454 1540/1453 1459/1873
f 1345/1542 1346/1545 1508/2046 1507/1616
f 1558/2271 1557/2510 1502/2511 1408/2272
f 1117/2478 1681/2315 1640/1751 1122/1402
f 1784/2522 1080/2043 1092/1888 1622/2422
f 1717/1671 1282/1979 1350/1710 1716/1723
f 1140/1852 1144/2430 1656/2329 1713/2402
f 1058/2087 1049/2086 1410/2523 1523/2259
f 1795/2479 1578/2207 1532/2206 1792/2251
f 1374/2428 1373/1644 1299/2274 1301/2273
f 1816/2515 1559/1305 1415/1304 1820/1779
f 1844/2520 1835/2441 1434/2444 1437/2464
f 1322/2061 1321/2218 1653/2360 1638/2062
f 1491/2120 976/2147 962/2150 999/2003
f 1642/2008 1723/2007 1277/2489 1657/2323
f 1061/2295 1105/2121 1616/2122 1069/1738
f 1800/2226 1443/1500 1457/1499 1809/2128
f 1382/2148 1483/1351 1000/1350 1001/2149
f 1830/2047 1844/2520 1437/2464 1538/1523
f 1211/2050 1166/1924 963/1353 964/1352
f 1471/2089 1007/2092 1014/1667 1464/2506
f 1015/1530 1037/1324 1656/2329 1144/2430
f 1292/1617 1507/1616 1529/1367 1528/1972
f 1823/1563 1813/1932 1425/2354 1420/1564
f 1701/2325 1308/1941 1309/1940 1659/1328
f 1091/1722 1090/1721 1751/2116 1628/2432
f 1751/1849 1073/1848 1070/2516 1628/2524
f 1109/2348 1061/2347 1069/1738 1618/2505
f 1462/1392 1444/2439 1845/2438 1831/1393
f 1876/2488 1587/2135 1586/2485 1885/2467
f 1553/2497 982/2279 983/2280 1287/1570
f 1273/1387 981/2073 960/2067 971/2361
f 1726/2482 1620/2421 1084/1887 1089/1856
f 1626/2525 1075/2243 1067/2244 1627/1762
f 1726/2526 1071/2448 1063/1893 1620/2521
f 1318/2527 1053/2095 1038/1781 1148/2318
f 1624/1761 1074/1764 1061/2295 1096/2346
f 1801/2528 1410/2523 1049/2086 1047/2110
f 1367/1657 1397/2420 1043/2107 1044/1658
f 1625/2331 1072/2291 1071/2448 1726/2526
f 1566/1929 1048/1946 1044/1658 1364/2298
f 1014/2507 1479/1666 1478/2334 1004/2508
f 1470/2498 1468/2446 1041/2233 989/2312
f 1827/2406 1416/2405 1035/2098 1032/2302
f 1479/1666 1216/2477 1215/1794 1478/2334
f 1628/2524 1070/2516 1075/2243 1626/2525
f 1828/2016 1417/2529 1045/2113 1060/2017
f 1398/1684 1056/2261 1055/2373 1510/1685
f 1417/2529 1801/2528 1047/2110 1045/2113
f 1338/2445 1052/1926 1055/1927 1511/2372
f 1651/2472 1677/1746 1735/2504 1650/2063
f 1387/1864 1388/1613 1742/2028 1297/1865
f 1689/1748 1678/1631 1315/1331 1278/1330
f 1380/1310 1409/1807 1798/2328 1799/2461
f 1088/1559 1619/2083 1625/2481 1081/1560
f 989/2312 1041/2233 1845/2232 1843/2313
f 1265/1431 1269/1421 1268/2345 1264/1396
f 1133/1755 1759/2519 1745/1996 1114/1548
f 1883/1622 1722/1618 1585/1653 1881/1652
f 1465/2530 1046/2509 1004/2508 1018/1348
f 1219/1611 1174/2306 1173/1816 1218/1815
f 1580/2339 1684/1521 1539/1520 1541/2340
f 1474/2133 1562/2460 1561/2154 1429/2088
f 1506/1705 1514/1704 1525/1360 1526/1767
f 1513/2304 1516/2214 1340/2215 1524/1361
f 1799/2461 1798/2328 1416/2517 1366/2404
f 1501/2138 1509/2137 1406/2025 1407/2531
f 1128/2245 1124/1580 1672/1741 1720/2396
f 1157/1437 1163/2494 1687/2499 1261/1981
f 1821/1728 1827/2406 1423/1837 1368/1729
f 1363/2327 1500/1808 1409/1807 1380/1310
f 1468/2090 1470/2512 1003/2454 1006/2091
f 1831/2231 991/2234 994/2384 1834/1394
f 1381/2058 972/1494 965/2014 1376/1959
f 1039/1695 961/1833 978/1491 1838/1692
f 1729/2480 1727/1857 1354/1813 1693/1812
f 1304/1509 1302/1988 1394/1572 1395/1854
f 1407/2531 1406/2025 1803/2026 1804/1686
f 1502/2511 1501/2138 1407/2531 1408/2272
f 1729/2426 1731/2365 1370/2364 1369/1398
f 1650/2063 1735/2504 1725/2474 1283/2060
f 1001/2149 1000/1350 1484/2335 1358/2049
f 1723/2007 1863/2532 1859/2533 1277/2489
f 1863/2532 1864/2534 1860/2535 1859/2533
f 1671/2223 1849/2536 1867/2537 1324/2269
f 1849/2536 1850/2538 1868/2539 1867/2537
f 1704/2351 1847/2540 1865/2541 1655/1427
f 1847/2540 1848/2542 1866/2543 1865/2541
f 1671/2223 1715/2224 1861/2544 1849/2536
f 1849/2536 1861/2544 1862/2545 1850/2538
f 1739/2235 1324/2269 1867/2537 1855/2546
f 1855/2546 1867/2537 1868/2539 1856/2547
f 1906/2548 1907/2549 1851/2550 1390/2551
f 1907/2549 1908/2552 1852/2553 1851/2550
f 1323/2010 1317/2452 1853/2554 1871/2555
f 1871/2555 1853/2554 1854/2556 1872/2557
f 1714/1424 1869/2558 1873/2559 1326/1708
f 1869/2558 1870/2560 1874/2561 1873/2559
f 1714/1424 1655/1427 1865/2541 1869/2558
f 1869/2558 1865/2541 1866/2543 1870/2560
f 1914/2105 1390/2104 1851/2562 1915/2563
f 1915/2563 1851/2562 1852/2564 1916/2565
f 1317/2452 1712/2451 1857/2566 1853/2554
f 1853/2554 1857/2566 1858/2567 1854/2556
f 1704/2351 1277/2489 1859/2533 1847/2540
f 1847/2540 1859/2533 1860/2535 1848/2542
f 1723/2007 1323/2010 1871/2555 1863/2532
f 1863/2532 1871/2555 1872/2557 1864/2534
f 1326/1708 1873/2559 1861/2544 1715/2224
f 1873/2559 1874/2561 1862/2545 1861/2544
f 1897/2568 1883/2569 1881/2570 1895/2571
f 1890/2572 1876/2573 1885/2574 1899/2575
f 1889/2576 1875/2577 1884/2578 1898/2579
f 1890/2572 1896/2580 1882/2581 1876/2573
f 1893/2582 1899/2575 1885/2574 1879/2583
f 1910/2584 1909/2585 1877/2586 1891/2587
f 1901/2588 1892/2589 1878/2590 1887/2591
f 1900/2592 1886/2593 1888/2594 1902/2595
f 1900/2592 1898/2579 1884/2578 1886/2593
f 1918/2596 1891/2597 1877/2598 1917/2599
f 1892/2589 1894/2600 1880/2601 1878/2590
f 1889/2576 1895/2571 1881/2570 1875/2577
f 1897/2568 1901/2588 1887/2591 1883/2569
f 1902/2595 1888/2594 1882/2581 1896/2580
f 1874/2561 1902/2595 1896/2580 1862/2545
f 1864/2534 1872/2557 1901/2588 1897/2568
f 1848/2542 1860/2535 1895/2571 1889/2576
f 1854/2556 1858/2567 1894/2600 1892/2589
f 1916/2565 1852/2564 1891/2597 1918/2596
f 1870/2560 1866/2543 1898/2579 1900/2592
f 1870/2560 1900/2592 1902/2595 1874/2561
f 1872/2557 1854/2556 1892/2589 1901/2588
f 1908/2552 1910/2584 1891/2587 1852/2553
f 1856/2547 1868/2539 1899/2575 1893/2582
f 1850/2538 1862/2545 1896/2580 1890/2572
f 1848/2542 1889/2576 1898/2579 1866/2543
f 1850/2538 1890/2572 1899/2575 1868/2539
f 1864/2534 1897/2568 1895/2571 1860/2535
f 1856/2547 1893/2582 1910/2584 1908/2552
f 1893/2582 1879/2583 1909/2585 1910/2584
f 1855/2546 1856/2547 1908/2552 1907/2549
f 1739/2235 1855/2546 1907/2549 1906/2513
f 1390/2551 1666/2380 1905/2379 1906/2548
f 1879/2466 1590/2469 1594/2036 1909/2602
f 1125/1797 1738/2236 1905/2514 1903/1825
f 1737/1798 1125/1797 1903/1825 1904/1824
f 1858/2567 1916/2565 1918/2596 1894/2600
f 1894/2600 1918/2596 1917/2599 1880/2601
f 1857/2566 1915/2563 1916/2565 1858/2567
f 1712/2451 1914/2105 1915/2563 1857/2566
f 1647/1916 1913/1915 1914/2105 1712/2451
f 1880/1861 1917/2603 1594/2036 1703/1862
f 1383/2604 1134/2605 1911/1914 1912/1953
f 1134/2605 1666/2103 1913/2102 1911/1914
f 1917/2603 1877/2606 1909/2602 1594/2036
f 223/133 1182/1434 1227/1433 268/130
f 268/130 1227/1433 1581/1597 622/294
f 622/294 1581/1597 998/1839 39/538
f 39/538 998/1839 1778/1838 819/535
f 819/541 1778/1844 1016/1843 57/542
f 57/542 1016/1843 1846/2048 887/745
f 887/745 1846/2048 1582/1522 623/219
f 623/219 1582/1522 1684/1521 725/220
f 725/220 1684/1521 1580/2339 621/1037
f 621/1037 1580/2339 1829/2321 870/1018
f 870/1018 1829/2321 1579/1452 620/151
f 620/151 1579/1452 1812/1451 853/148
f 853/148 1812/1451 1775/1967 816/664
f 816/664 1775/1967 1773/1586 814/285
f 814/285 1773/1586 1779/1585 820/282
f 820/282 1779/1585 1781/1983 822/680
f 822/680 1781/1983 1776/2006 817/703
f 817/703 1776/2006 1577/2005 618/702
f 618/702 1577/2005 1785/1934 826/631
f 826/631 1785/1934 1777/1937 818/632
f 818/632 1777/1937 1774/2253 815/950
f 815/950 1774/2253 1787/2208 828/905
f 828/905 1787/2208 1578/2207 619/906
f 619/906 1578/2207 1795/2479 836/1176
f 836/1176 1795/2479 1782/2356 823/1053
f 823/1053 1782/2356 1780/2044 821/741
f 821/741 1780/2044 1080/2043 121/740
f 121/740 1080/2043 1784/2522 825/1219
f 825/861 1784/2164 1065/2167 106/862
f 106/862 1065/2167 1783/1482 824/177
f 824/177 1783/1482 1255/1481 296/178
f 296/178 1255/1481 1210/2483 251/1180
f 240/927 1199/2230 1244/2175 285/872
f 285/872 1244/2175 1611/2070 652/768
f 652/768 1611/2070 1062/1488 103/187
f 103/187 1062/1488 1621/1487 662/184
f 662/691 1621/1994 1085/1993 126/692
f 126/692 1085/1993 1690/1478 731/173
f 731/173 1690/1478 1545/1477 586/174
f 586/174 1545/1477 1548/1877 589/573
f 589/573 1548/1877 1740/1876 781/574
f 781/574 1740/1876 1549/1417 590/116
f 590/116 1549/1417 1550/1416 591/113
f 591/113 1550/1416 1551/1510 592/206
f 592/206 1551/1510 1552/1855 593/551
f 593/551 1552/1855 982/2279 23/976
f 23/976 982/2279 1553/2497 594/1194
f 594/1194 1553/2497 1554/2285 595/982
f 595/982 1554/2285 1555/1908 596/605
f 596/605 1555/1908 1556/1907 597/606
f 597/606 1556/1907 1557/2510 598/1207
f 598/1207 1557/2510 1558/2271 599/969
f 599/969 1558/2271 1808/1306 849/3
f 849/3 1808/1306 1559/1305 600/4
f 600/4 1559/1305 1816/2515 857/1212
f 857/1212 1816/2515 1560/2153 601/850
f 601/850 1560/2153 1561/2154 602/851
f 602/851 1561/2154 1562/2460 603/1157
f 603/1157 1562/2460 1833/2249 874/946
f 874/946 1833/2249 993/2198 34/895
f 34/895 993/2198 1563/2199 604/896
f 604/1172 1563/2475 1012/2387 53/1084
f 53/1084 1012/2387 1564/2386 605/1085
f 605/1085 1564/2386 1225/1411 266/106
f 266/106 1225/1411 1180/1410 221/107