# This is a clothes file for MakeHuman Community, exported by MakeClothes 2
#
# author: Elvaerwyn
# license: CC-BY
#
v 0.5736 5.5587 0.0779
v 0.6426 5.4687 0.0801
v 0.7279 5.3945 0.0812
v 0.7285 5.3315 0.2116
v 0.7155 5.2615 0.3353
v 0.7058 5.2317 0.3778
v 0.6952 5.2027 0.4206
v 0.6835 5.1744 0.4636
v 0.6705 5.1463 0.5063
v 0.6559 5.1185 0.5487
v 0.6398 5.0912 0.5908
v 0.6224 5.0649 0.6329
v 0.6026 5.0383 0.6741
v 0.5791 5.0104 0.7133
v 0.5538 4.9840 0.7520
v 0.5263 4.9586 0.7896
v 0.4957 4.9338 0.8246
v 0.4616 4.9100 0.8564
v 0.4252 4.8878 0.8862
v 0.3871 4.8679 0.9146
v 0.3435 4.8537 0.9339
v 0.2962 4.8441 0.9470
v 0.2485 4.8364 0.9596
v 0.1990 4.8308 0.9695
v 0.1487 4.8273 0.9776
v 0.0997 4.8263 0.9845
v 0.0509 4.8271 0.9877
v -0.0118 4.8266 0.9852
v -0.0694 4.8284 0.9856
v -0.1226 4.8286 0.9801
v -0.1703 4.8315 0.9730
v -0.2186 4.8364 0.9645
v -0.2667 4.8435 0.9530
v -0.3139 4.8513 0.9406
v -0.3594 4.8623 0.9256
v -0.4019 4.8770 0.9053
v -0.4398 4.8963 0.8766
v -0.4756 4.9183 0.8462
v -0.5091 4.9417 0.8141
v -0.5394 4.9658 0.7792
v -0.5663 4.9905 0.7419
v -0.5909 5.0162 0.7035
v -0.6138 5.0434 0.6646
v -0.6329 5.0692 0.6240
v -0.6495 5.0949 0.5825
v -0.6646 5.1215 0.5411
v -0.6782 5.1489 0.4995
v -0.6902 5.1765 0.4578
v -0.7009 5.2045 0.4159
v -0.7104 5.2332 0.3742
v -0.7187 5.2626 0.3327
v -0.7286 5.3318 0.2132
v -0.7251 5.3945 0.0875
v -0.6376 5.4761 0.0813
v -0.5648 5.5700 0.0680
v -0.5564 5.4945 0.2751
v -0.5119 5.3825 0.4552
v -0.4236 5.2489 0.5970
v -0.3237 5.1303 0.7297
v -0.1830 5.0431 0.8208
v 0.0009 5.0069 0.8500
v 0.1824 5.0398 0.8233
v 0.3225 5.1211 0.7369
v 0.4230 5.2381 0.6074
v 0.5107 5.3668 0.4629
v 0.5614 5.4801 0.2829
v -0.1206 4.9415 0.8993
v -0.4700 5.1096 0.6817
v -0.5476 5.1892 0.5625
v -0.3890 5.0214 0.7828
v -0.6082 5.3523 0.3337
v 0.1179 4.9383 0.9011
v 0.3181 4.9938 0.8199
v 0.4632 5.1012 0.6917
v 0.5538 5.2247 0.5251
v 0.6089 5.3479 0.3539
v -0.6397 5.4125 0.2112
v -0.5985 5.2606 0.4476
v 0.6406 5.4128 0.2218
v -0.2752 4.9648 0.8541
v 0.4942 5.5798 -0.1113
v 0.3471 5.5329 -0.2112
v 0.1848 5.4829 -0.2449
v 0.0104 5.4633 -0.2576
v -0.1665 5.4790 -0.2478
v -0.3311 5.5308 -0.2136
v -0.4787 5.5899 -0.1165
v -0.6861 5.4502 -0.0982
v -0.5679 5.4173 -0.2607
v -0.3920 5.3305 -0.3373
v -0.2021 5.2813 -0.3582
v 0.0067 5.2656 -0.3646
v 0.2091 5.2801 -0.3579
v 0.3900 5.3155 -0.3411
v 0.5538 5.3913 -0.2774
v 0.6893 5.4462 -0.1135
v -0.4633 5.4862 -0.2255
v -0.5867 5.5208 -0.0623
v -0.2891 5.4120 -0.2833
v -0.0924 5.3661 -0.3071
v 0.3052 5.4128 -0.2784
v 0.4761 5.4842 -0.2256
v 0.5988 5.5149 -0.0628
v 0.1144 5.3725 -0.3030
v -0.8765 5.2077 0.3669
v -1.0076 5.1361 0.4528
v -1.1361 5.0628 0.5344
v -1.2570 4.9788 0.6244
v -1.3667 4.8792 0.7070
v -1.4637 4.7524 0.7675
v -1.5469 4.6084 0.7992
v -1.6119 4.4511 0.8072
v -1.6550 4.2880 0.7971
v -1.6652 4.1289 0.7418
v -1.6448 3.9841 0.6636
v -1.6026 3.8449 0.5775
v -1.5557 3.7069 0.5023
v -1.5049 3.5673 0.4368
v -1.4507 3.4258 0.3785
v -1.3979 3.2842 0.3231
v -1.3467 3.1410 0.2699
v -1.2982 2.9978 0.2166
v -1.2524 2.8540 0.1635
v -1.2079 2.7097 0.1101
v -1.1643 2.5650 0.0563
v -1.1216 2.4189 0.0029
v -1.0802 2.2728 -0.0509
v -1.0395 2.1246 -0.1044
v -1.0010 1.9745 -0.1583
v -0.9643 1.8242 -0.2118
v -0.9312 1.6705 -0.2655
v -0.9028 1.5153 -0.3193
v -0.9065 1.4328 -0.3576
v -0.9111 1.3474 -0.3876
v -1.0742 1.3625 -0.3803
v -1.1973 1.3049 -0.2750
v -1.3209 1.2501 -0.1697
v -1.4219 1.1886 -0.0457
v -1.5171 1.1286 0.0840
v -1.5531 1.0598 0.2385
v -1.5786 0.9943 0.3953
v -1.5557 0.9287 0.5515
v -1.5249 0.8658 0.7059
v -1.4944 0.8049 0.8602
v -1.4662 0.7456 1.0136
v -1.4371 0.6894 1.1653
v -1.4221 0.6387 1.3169
v -1.4381 0.5911 1.4660
v -1.4644 0.5426 1.6114
v -1.4864 0.4947 1.7575
v -1.4817 0.4459 1.9044
v -1.4510 0.3985 2.0479
v -1.3454 0.3499 2.1415
v -1.2102 0.3039 2.1634
v -1.1092 0.2478 2.0802
v -1.0368 0.1881 1.9670
v -0.9815 0.1226 1.8415
v -0.9107 0.0600 1.7207
v -0.7772 0.0223 1.6639
v -0.6289 0.0149 1.7019
v -0.4896 0.0182 1.7737
v -0.3659 0.0264 1.8724
v -0.2294 0.0372 1.9539
v -0.0826 0.0433 2.0148
v 0.0712 0.0441 2.0541
v 0.2290 0.0440 2.0649
v 0.3818 0.0459 2.0274
v 0.4968 0.0589 1.9238
v 0.5353 0.0862 1.7768
v 0.5699 0.1116 1.6299
v 0.6554 0.1344 1.5086
v 0.8027 0.1590 1.4971
v 0.9372 0.1944 1.5534
v 1.0401 0.2377 1.6565
v 1.1348 0.2826 1.7661
v 1.2510 0.3276 1.8480
v 1.3854 0.3732 1.8014
v 1.4748 0.4242 1.6865
v 1.4945 0.4764 1.5391
v 1.4803 0.5291 1.3900
v 1.4557 0.5824 1.2408
v 1.4549 0.6404 1.0887
v 1.4742 0.7011 0.9371
v 1.5065 0.7637 0.7869
v 1.5434 0.8290 0.6381
v 1.5750 0.8952 0.4880
v 1.5863 0.9634 0.3359
v 1.5557 1.0313 0.1855
v 1.5114 1.1018 0.0399
v 1.4172 1.1651 -0.0847
v 1.3145 1.2286 -0.2023
v 1.1862 1.2829 -0.2973
v 1.0613 1.3408 -0.3943
v 0.9002 1.3306 -0.4037
v 0.8967 1.4140 -0.3690
v 0.8932 1.5003 -0.3407
v 0.9255 1.6556 -0.2870
v 0.9616 1.8093 -0.2346
v 1.0014 1.9600 -0.1820
v 1.0430 2.1099 -0.1283
v 1.0860 2.2564 -0.0739
v 1.1297 2.4023 -0.0195
v 1.1746 2.5481 0.0351
v 1.2207 2.6923 0.0896
v 1.2685 2.8365 0.1432
v 1.3175 2.9796 0.1963
v 1.3692 3.1227 0.2477
v 1.4215 3.2648 0.3012
v 1.4755 3.4065 0.3554
v 1.5304 3.5481 0.4126
v 1.5823 3.6876 0.4770
v 1.6328 3.8272 0.5489
v 1.6700 3.9646 0.6315
v 1.7076 4.1068 0.7173
v 1.7057 4.2700 0.7689
v 1.6671 4.4381 0.7883
v 1.5995 4.5961 0.7845
v 1.5100 4.7431 0.7576
v 1.4054 4.8704 0.7053
v 1.2861 4.9754 0.6267
v 1.1574 5.0568 0.5413
v 1.0174 5.1338 0.4556
v 0.8725 5.1964 0.3868
v -1.1343 1.5313 -0.2102
v -1.4827 1.9540 0.7494
v -0.2357 2.4426 1.6548
v -1.0479 3.9603 1.5354
v -0.9873 4.7480 1.1068
v -0.8705 4.9377 0.7065
v -0.7779 5.2020 0.4049
v 0.7820 2.4694 1.6232
v 1.4511 2.0055 0.9087
v 1.2828 1.6105 -0.0710
v 0.8556 3.9727 1.5558
v 0.8999 4.8207 0.8109
v 0.8648 5.0717 0.5492
v 0.7774 5.2690 0.4273
v 0.8142 5.1545 0.4402
v 0.8742 5.2054 0.5234
v -1.0160 1.5794 -0.2535
v -1.0639 1.4752 -0.3164
v -1.1323 1.7302 -0.1335
v -1.1620 1.4187 -0.2483
v -1.0372 1.6902 -0.2050
v -1.3854 1.5068 0.0274
v -1.2783 1.4704 -0.1163
v -1.3368 2.8354 1.0288
v -1.5198 2.4283 0.4605
v -1.4919 1.4329 0.6849
v -1.3503 1.6078 1.7849
v -0.1106 3.7749 1.5506
v -0.5665 1.1665 1.4929
v -1.2099 4.0243 1.2230
v -0.6130 4.2992 1.2900
v -1.1524 4.7298 1.0063
v -0.9453 4.7070 1.0403
v -0.7439 5.0011 0.9176
v -0.7801 5.0680 0.5791
v -0.9675 5.1055 0.6705
v -0.8822 5.2082 0.5499
v 1.0910 1.4312 1.8252
v 1.2972 3.1613 1.3188
v 1.5548 1.4635 0.6645
v 1.5236 2.1099 0.3340
v 1.3783 1.3940 -0.0440
v 1.1271 1.5024 -0.2323
v 1.1702 1.8201 -0.0931
v 0.8004 4.5245 1.0918
v 0.4220 4.0738 1.6301
v 1.2627 4.0317 1.2217
v 1.1090 4.7985 0.8289
v 0.8181 5.0699 0.7784
v 0.9841 5.0740 0.6242
v 0.7671 5.1805 0.6006
v -1.0882 1.8691 -0.1248
v -1.4769 1.3301 0.0937
v -1.3791 1.3488 -0.0510
v -1.5172 3.1613 0.7326
v -1.3768 2.5410 0.2471
v -1.5413 1.2782 0.4291
v -1.4931 1.1503 0.7344
v -1.3952 1.1675 1.4507
v -1.1719 1.0211 2.0995
v -0.1349 4.4116 1.3651
v -0.8925 0.6689 1.6046
v -0.3213 0.7403 1.9272
v -1.3388 4.2917 1.0254
v -1.3427 3.7137 0.9526
v -0.4689 4.6052 1.0918
v -1.1488 4.8741 0.7999
v -1.3110 4.6129 0.8731
v -0.8072 4.8793 0.8207
v -0.6840 5.1181 0.7456
v -0.7456 5.1317 0.4879
v -0.8407 5.1738 0.4422
v -0.6636 5.0765 0.6074
v -1.0168 5.0998 0.5615
v -1.0982 5.0040 0.6822
v -0.9169 5.1834 0.4591
v 1.3312 0.9401 1.7768
v 0.5035 0.9872 1.6959
v 1.5380 2.7559 0.7930
v 1.4726 3.3897 0.8841
v 1.5713 1.1914 0.5339
v 1.4273 1.1695 1.0423
v 1.3251 2.2276 0.1277
v 1.3725 1.2828 -0.1016
v 1.2607 1.3973 -0.1801
v 1.4815 1.2748 0.0472
v 1.1218 1.3927 -0.2944
v 1.0168 1.4444 -0.3497
v 1.0096 1.5631 -0.2722
v 1.1253 1.6658 -0.1706
v 1.0264 1.6691 -0.2304
v 1.0648 1.8598 -0.1578
v 1.1550 1.9952 -0.0622
v 0.6939 4.7595 0.9085
v 0.6139 4.5840 1.2728
v 0.3905 4.4150 1.2254
v 1.4079 4.1210 0.9195
v 1.2231 4.8746 0.7284
v 1.3003 4.5718 0.9015
v 0.7579 5.1684 0.6497
v 0.6709 4.9029 0.8353
v 1.0444 5.0859 0.5428
v 0.9050 5.1353 0.5976
v 0.8007 5.1289 0.5401
v 0.7186 5.2032 0.5102
v 0.6619 5.0800 0.6033
v -1.0455 1.7859 -0.1741
v -1.3958 1.8861 0.1465
v -1.4752 1.2296 0.0465
v -1.5272 1.2230 0.2212
v -1.3742 1.2639 -0.0884
v -1.5346 3.2639 0.5225
v -1.2749 2.5941 0.1572
v -1.3253 2.2442 0.1493
v -1.4706 2.8144 0.3824
v -1.5634 1.1426 0.3663
v -1.5186 1.0130 0.6757
v -1.4428 1.0607 1.0551
v -1.4146 0.9085 1.3431
v -1.4257 0.8877 1.8345
v -1.2183 0.6848 2.1324
v -0.1221 4.6474 1.1886
v -0.0065 4.2532 1.3410
v -0.9489 0.4186 1.7556
v -0.4799 0.4385 1.7341
v -0.1795 0.4260 2.0089
v -1.4756 4.3387 0.8892
v -1.4279 4.0034 0.8837
v -1.5333 3.6674 0.7565
v -0.4371 4.7832 0.9666
v -0.3171 4.6411 1.2161
v -1.2295 4.8981 0.7048
v -1.2758 4.7601 0.7945
v -1.4189 4.6564 0.8225
v -1.4394 4.5025 0.8780
v -0.6839 4.9753 0.7986
v -0.6650 4.8609 0.9878
v -0.6603 5.1576 0.6380
v -0.5931 5.0354 0.7396
v -0.7977 5.2249 0.5080
v -0.8803 5.0704 0.5478
v -0.6545 5.1257 0.5233
v -0.7949 5.1388 0.6067
v -1.1544 5.0072 0.6057
v 1.4290 0.6923 1.7014
v 1.0146 0.7031 1.7203
v 0.5559 0.5882 1.5765
v 1.5428 2.9132 0.4761
v 1.6015 3.5095 0.6783
v 1.5756 1.0504 0.4674
v 1.4588 0.9445 0.9480
v 1.2097 2.2838 0.0337
v 1.4001 2.5114 0.2511
v 1.2556 1.3092 -0.2252
v 1.4726 1.1879 -0.0003
v 1.5423 1.1865 0.1692
v 1.0730 2.0169 -0.1203
v 1.1613 2.1425 -0.0295
v 0.6440 4.9045 0.8043
v 0.5844 4.7487 0.9613
v 0.4624 4.8215 1.1814
v 0.3121 4.6423 1.0869
v 0.1020 4.6071 1.3599
v 1.5683 4.1703 0.8337
v 1.3020 4.9103 0.6919
v 1.1186 4.9852 0.6625
v 1.3408 4.7666 0.7817
v 1.4809 4.4798 0.8692
v 0.7025 5.1640 0.5692
v 0.6538 5.0823 0.7119
v 0.7098 5.0909 0.7139
v 0.8226 4.9392 0.7181
v 0.7499 5.0033 0.7439
v 0.8123 5.0413 0.6272
v -1.2538 1.8445 -0.0021
v -1.5369 1.1394 0.1806
v -1.4779 3.3162 0.4239
v -1.4649 3.1387 0.4055
v -1.5508 3.4415 0.5414
v -1.2867 2.4168 0.1407
v -1.2012 2.1423 0.0199
v -1.3690 2.8755 0.2773
v -1.5334 1.1452 0.5510
v -1.5485 1.2400 0.3271
v -1.4791 1.0176 0.8679
v -1.4208 0.7748 1.2874
v -1.4580 0.6967 1.7567
v -1.4094 0.6045 2.0431
v -1.1709 0.5030 2.1393
v -0.1337 4.7521 1.0447
v -0.2295 4.7246 1.2510
v -0.0696 4.5508 1.1851
v -0.9752 0.2844 1.8361
v -0.7554 0.2968 1.6094
v -0.5035 0.2280 1.7202
v -0.3037 0.2542 1.9415
v -0.0261 0.2623 2.0627
v -1.5688 4.3621 0.8371
v -1.5323 4.1936 0.8275
v -1.5651 3.8493 0.7498
v -1.5987 3.7273 0.6447
v -0.4321 4.8797 0.8989
v -0.5785 4.8378 0.8807
v -0.5510 4.8774 0.9880
v -0.3087 4.7308 1.0298
v -1.3614 4.7980 0.7597
v -1.5299 4.5218 0.8386
v -0.6247 5.0716 0.6582
v -0.8224 5.0252 0.6600
v -0.8171 4.9777 0.7079
v -0.7075 5.0095 0.6792
v 1.4700 0.5614 1.6559
v 1.4469 0.8385 1.4263
v 1.0976 0.5021 1.7743
v 0.6352 0.3681 1.5213
v 0.4899 0.4620 1.9636
v 1.4413 2.9875 0.3410
v 1.5868 3.5704 0.5499
v 1.5579 3.7762 0.8371
v 1.5704 3.2168 0.5656
v 1.5332 1.0367 0.6859
v 1.4763 0.8259 0.8995
v 1.5070 0.9137 0.7746
v 1.4427 0.8201 1.0837
v 1.4599 0.7828 0.9910
v 1.3060 2.4003 0.1399
v 1.2928 2.5709 0.1498
v 1.5620 1.5126 0.3063
v 1.5803 1.1887 0.3500
v 1.2475 2.1786 0.0485
v 1.3856 1.9642 0.1336
v 1.3335 2.0896 0.1093
v 0.6157 4.9827 0.7443
v 0.5348 4.9740 0.8805
v 0.7401 4.9793 0.7014
v 0.4649 4.8256 0.9295
v 0.4603 4.8447 1.0264
v 0.2795 4.7479 1.0224
v 0.2459 4.6573 1.1455
v 0.0612 4.7207 1.1764
v 1.6495 4.1911 0.7728
v 1.5669 4.3360 0.8402
v 1.6100 4.0204 0.7804
v 1.1040 4.8808 0.7342
v 0.9945 4.9437 0.8465
v 1.0344 4.8623 0.8044
v 0.9871 4.9371 0.6887
v 1.2187 4.7710 0.7974
v 1.1924 4.7041 0.9689
v 1.2844 4.6778 0.8438
v 1.4257 4.6197 0.8339
v 1.5714 4.5073 0.8200
v 0.7284 5.1208 0.7750
v 0.7300 5.0042 0.7885
v 0.6275 5.0076 0.7512
v -1.1721 1.8193 -0.0768
v -1.4111 3.1886 0.3405
v -1.4024 3.0237 0.3240
v -1.5069 3.4713 0.4574
v -1.5718 3.5869 0.5718
v -1.3107 2.5078 0.1770
v -1.2051 2.4641 0.0777
v -1.2062 2.3013 0.0522
v -1.1180 2.1768 -0.0385
v -1.3229 2.7344 0.2183
v -1.5480 1.1849 0.4572
v -1.5526 1.0386 0.5055
v -1.5161 1.1057 0.6445
v -1.4948 1.0558 0.7700
v -1.4972 0.9137 0.8147
v -1.4641 0.9055 0.9900
v -1.4232 0.7798 1.4903
v -1.4717 0.5938 1.7144
v -1.4467 0.6885 1.6048
v -1.4583 0.6002 1.8835
v -1.4516 0.5010 2.0070
v -1.3345 0.5008 2.1272
v -1.2330 0.4036 2.1600
v -1.0926 0.4007 2.0769
v -0.1862 4.8131 0.9879
v -0.2887 4.7304 1.0328
v -0.2417 4.7724 1.0563
v -0.0896 4.7225 1.1259
v -0.0426 4.6755 1.0768
v -0.9968 0.2045 1.8787
v -0.9217 0.2026 1.7238
v -0.5292 0.1091 1.7202
v -0.4039 0.1795 1.8270
v -0.6603 0.1662 1.6528
v -0.3025 0.1334 1.9333
v -0.1672 0.2008 2.0089
v -0.0155 0.1440 2.0543
v 0.1432 0.2013 2.0893
v 0.0818 0.1369 2.0735
v -1.6157 4.2051 0.7886
v -1.5544 4.0378 0.7891
v -1.6205 3.8891 0.6766
v -1.5658 3.7540 0.7325
v -1.4466 3.7794 0.8451
v -0.5529 4.9138 0.8313
v -0.5938 4.9837 0.8966
v -0.5070 4.8976 0.9030
v -0.4392 4.8876 1.0048
v -0.3492 4.8592 1.0526
v -0.8129 5.0652 0.6550
v -0.8498 5.0619 0.8186
v 1.3394 0.5610 1.8070
v 1.4720 0.6849 1.5235
v 1.1488 0.3922 1.7963
v 1.2501 0.4666 1.8476
v 1.0258 0.3993 1.6742
v 0.6868 0.2465 1.4986
v 0.4146 0.2741 2.0365
v 0.5212 0.3208 1.7762
v 1.3825 3.0262 0.2691
v 1.4678 3.1421 0.3746
v 1.3780 2.8576 0.2620
v 1.6122 3.6889 0.6904
v 1.5735 3.3927 0.5396
v 1.5532 0.9480 0.6004
v 1.5590 1.0851 0.5795
v 1.4880 1.0516 0.8373
v 1.4409 0.7318 1.2129
v 1.2821 2.3098 0.1021
v 1.2189 2.3981 0.0585
v 1.3324 2.4897 0.1787
v 1.5343 1.3639 0.2022
v 1.5801 1.1466 0.4435
v 1.5814 1.0752 0.3517
v 1.4281 2.1583 0.2199
v 1.2750 1.9725 0.0279
v 1.2314 2.0716 0.0144
v 0.6375 4.8902 0.9328
v 0.7513 4.8633 0.8034
v 0.4713 4.9095 0.8659
v 0.4531 4.8528 0.9128
v 0.3911 4.8504 1.0126
v 0.5164 4.9095 0.9567
v 0.2562 4.7373 1.0311
v 0.3327 4.7967 1.1482
v 0.0805 4.8034 1.0706
v 1.6484 4.3530 0.8034
v 1.6538 4.0378 0.7031
v 0.8854 5.0030 0.6593
v 0.8799 5.1178 0.6790
v 0.9193 5.0351 0.7860
v 1.3948 4.5367 0.8814
v 1.2988 4.3439 1.0309
v 1.3871 4.4122 0.9460
v 1.5047 4.6573 0.7952
v 0.6947 5.0398 0.6612
v -1.4416 2.9237 0.3613
v -1.5444 2.9464 0.5938
v -1.5074 2.9062 0.4728
v -1.5321 2.6683 0.6072
v -1.5192 3.0484 0.4982
v -1.5397 2.8051 0.5665
v -1.4679 3.0181 0.4079
v -1.5459 3.4869 0.7168
v -1.5832 3.6280 0.6716
v -1.2792 2.3217 0.1186
v -1.3455 2.6358 0.2277
v -1.4607 2.6496 0.3525
v -1.3999 2.7707 0.2997
v -1.4749 0.8195 0.9549
v -1.4394 0.8441 1.1408
v -1.4174 0.8150 1.3898
v -1.4239 0.6890 1.4224
v -1.4354 0.8324 1.6786
v -1.4490 0.6107 1.5572
v -1.4781 0.5165 1.8499
v -1.3806 0.4189 2.1118
v -1.1326 0.3214 2.1097
v -1.0257 0.3310 1.9741
v -0.2148 4.7122 1.1336
v -0.3234 4.7185 1.1338
v -0.2027 4.7213 1.1525
v -0.2454 4.6397 1.2260
v -0.2374 4.7456 1.1616
v -0.0983 4.7601 1.0258
v -0.0320 4.8361 1.1416
v -0.0163 4.7639 1.0235
v -0.9278 0.3146 1.7250
v -0.8630 0.2671 1.6493
v -0.7884 0.1788 1.6374
v -0.8426 0.4223 1.6105
v -0.9028 0.3872 1.6781
v -0.4163 0.0833 1.8217
v -0.6831 0.0743 1.6686
v -0.1611 0.1049 1.9987
v 0.2904 0.1650 2.0751
v -1.4827 4.0953 0.8520
v -1.3674 4.1372 0.9643
v -0.5710 4.8985 0.9627
v -0.5720 4.7474 1.0607
v -0.4944 4.7932 1.2037
v -0.4674 4.7884 1.0014
v -0.9305 4.8564 0.8866
v -0.7500 5.0763 0.8191
v -0.7914 5.1270 0.7234
v 1.4077 0.4726 1.7707
v 1.4102 0.5987 1.7400
v 1.4673 0.6509 1.6175
v 1.4839 0.5772 1.4936
v 1.4577 0.6813 1.3649
v 1.0650 0.3141 1.6997
v 0.9501 0.3306 1.5738
v 0.4315 0.1535 2.0079
v 0.5090 0.2315 1.9023
v 0.4953 0.1521 1.9342
v 0.5334 0.2014 1.7355
v 0.5593 0.2840 1.6131
v 0.5230 0.1729 1.8230
v 1.5181 3.0428 0.4472
v 1.4679 2.8585 0.3687
v 1.3868 2.6845 0.2593
v 1.6085 3.6000 0.6439
v 1.6148 3.7263 0.5857
v 1.6272 3.8466 0.7089
v 1.5901 3.4816 0.5836
v 1.5348 3.4460 0.4507
v 1.5231 1.2400 0.7420
v 1.5402 1.1494 0.6738
v 1.4505 1.0702 0.9629
v 1.4747 1.1924 0.8797
v 1.4212 1.0041 1.1551
v 1.4369 0.9962 1.0442
v 1.4463 0.7305 1.1157
v 1.2401 2.4963 0.0909
v 1.5220 1.2821 0.1435
v 1.5642 1.1155 0.2501
v 1.4187 2.3261 0.2412
v 1.4645 2.0285 0.2338
v 1.3411 1.7797 0.0424
v 1.2106 1.9094 -0.0396
v 0.5337 4.8662 0.9382
v 0.6426 4.8025 1.1043
v 0.5954 4.8589 1.0242
v 0.8364 4.8216 0.9455
v 0.7429 4.9746 0.8004
v 0.8071 4.8991 0.8660
v 0.3759 4.8470 1.1234
v 0.4685 4.7066 1.0959
v 0.5178 4.8964 1.0883
v 0.6026 4.7311 1.1409
v 0.5587 4.8223 1.1525
v 0.5723 4.7873 1.0202
v 0.2809 4.7378 1.1064
v 0.3360 4.8237 1.0456
v 0.1244 4.6784 1.0751
v 0.1711 4.8005 1.1566
v 0.9250 4.9187 0.7381
v 1.2955 4.4911 1.0209
v 1.3956 4.2646 0.9539
v 1.4705 4.3679 0.8890
v -1.5472 3.0777 0.6286
v -1.5213 3.1572 0.4992
v -1.4614 2.8105 0.8085
v -1.5741 3.5030 0.6221
v -1.5178 2.7021 0.4716
v -1.4249 0.8669 1.2451
v -1.4197 1.0353 1.2294
v -1.4422 0.9534 1.1003
v -1.4463 0.7435 1.6801
v -0.9947 0.5148 1.9302
v -0.1808 4.8083 1.0919
v -0.0209 4.7118 1.2735
v -0.8735 0.1405 1.6793
v 0.2439 0.3305 2.0954
v -0.5022 4.8751 1.1075
v -0.5340 4.7449 1.0686
v -0.3684 4.7823 1.1194
v -0.8722 4.9675 0.9380
v 1.4424 0.7884 1.3181
v 1.4259 0.9470 1.3087
v 1.4582 0.7419 1.4437
v 0.8543 0.5824 1.5409
v 0.8020 0.3322 1.5049
v 0.5861 0.1875 1.5830
v 1.5333 3.1561 0.4712
v 1.5865 3.0347 0.6320
v 1.5626 3.0818 0.5397
v 1.5642 2.6050 0.5102
v 1.3616 2.5941 0.2218
v 1.3051 2.6861 0.1728
v 1.4237 2.7769 0.3079
v 1.5175 2.7226 0.4202
v 1.6352 3.9444 0.7182
v 1.6024 3.7645 0.7523
v 1.4739 1.4160 0.8770
v 1.3926 2.2423 0.1981
v 1.4931 2.2407 0.3159
v 1.5823 1.8106 0.4462
v 1.3350 1.8880 0.0641
v 0.6127 4.8760 0.8397
v 0.4323 4.7520 0.9908
v 0.4869 4.6444 1.0592
v 0.4769 4.7454 0.9854
v 0.2473 4.8253 1.0635
v 0.1310 4.7824 1.0724
v 0.2201 4.8139 1.0657
v 0.1336 4.8432 1.0761
v 1.2486 4.6015 1.0053
v 0.9094 4.5423 1.0873
v 1.0720 4.5584 0.9857
v 1.4791 4.2147 0.8923
v -1.5521 3.1995 0.6227
v -1.5283 3.3246 0.7288
v -1.5129 2.7700 0.6918
v -1.5094 2.9051 0.7208
v -1.5137 2.5654 0.4482
v -1.4279 0.9471 1.1969
v -1.0266 0.4311 1.9885
v -0.9836 0.3979 1.8761
v -1.0615 0.5334 2.0502
v -0.0492 4.7898 1.2110
v -0.0789 4.7027 1.1627
v 0.2280 0.2443 2.0933
v -0.5260 4.7926 0.9855
v -0.4436 4.6929 1.0303
v -0.5569 4.6628 1.1909
v -0.3937 4.8327 1.0426
v -0.8868 4.9433 0.8095
v -0.7888 4.8873 0.7734
v -0.9124 4.8586 1.0440
v 1.4315 0.8616 1.2094
v 1.4244 1.0878 1.5569
v 0.9328 0.4666 1.5788
v 0.8466 0.2386 1.5120
v 1.5080 3.2885 0.4233
v 1.3272 2.7837 0.2030
v 1.5763 2.7748 0.5924
v 1.4944 2.5735 0.3689
v 1.4888 1.3038 0.8400
v 1.5292 1.3631 0.7345
v 1.4350 1.3147 0.9910
v 1.5574 1.2940 0.6197
v 1.5733 2.2612 0.6758
v 1.4992 1.8183 0.2423
v 1.4205 1.8268 0.1375
v 1.4706 1.6298 0.1592
v 1.4153 1.7158 0.1053
v 1.3886 1.5853 0.0369
v 1.5515 1.9472 0.3543
v 0.4461 4.7958 1.0491
v 0.3589 4.6893 1.0475
v 1.1267 4.3711 1.0995
v 1.1773 4.4946 1.0648
v -1.3880 3.0233 0.8909
v -1.5060 3.0331 0.7423
v -1.4518 2.9557 0.8143
v -1.4435 3.1114 0.8206
v -1.3823 2.8887 0.9106
v -1.3301 3.3491 1.1035
v -1.3389 3.2038 0.9650
v -1.3776 3.1282 0.9018
v -1.4205 3.2752 0.8412
v -1.4610 2.5260 0.3391
v -1.5297 2.5124 0.5976
v -1.4625 2.5814 0.8111
v -1.4814 2.6951 0.7805
v -1.3825 2.6905 0.9329
v -0.9878 0.8149 1.9281
v -1.1173 0.6203 2.1083
v -0.5107 4.4657 1.2308
v -0.4508 4.6491 1.3048
v -0.9800 4.7830 0.9792
v -1.0223 4.7917 0.8399
v -1.0029 4.5969 0.9777
v -0.9085 4.7453 0.8790
v -0.9154 4.8437 0.7859
v -0.9679 4.6842 1.0252
v -1.0199 4.6908 0.8981
v -1.0225 4.9459 0.7316
v -0.8386 4.8339 0.8413
v -1.0586 4.7878 0.9576
v -1.0645 4.6802 1.0021
v -1.1451 4.4466 1.1573
v -1.1235 4.5315 1.0299
v -1.0640 4.8979 0.8832
v -1.1588 4.8128 0.9073
v -1.2231 4.7026 0.9049
v -1.2340 4.5612 1.0325
v -1.2450 4.6139 0.9464
v -1.3118 4.4884 0.9402
v -0.7096 4.6304 1.2088
v 1.4351 0.9823 1.4537
v 1.0028 0.5266 1.6739
v 0.7950 0.4688 1.5140
v 1.5624 2.7078 0.5124
v 1.5577 2.3940 0.4627
v 1.4596 2.6696 0.3397
v 1.4451 1.2250 0.9661
v 1.3647 1.6977 1.2237
v 1.3887 1.3527 1.3399
v 1.4606 1.9179 0.2073
v 1.3357 1.6756 0.0059
v 1.2427 1.7265 -0.0626
v 1.4713 1.4806 0.1190
v 1.3389 1.5075 -0.0451
v 1.4110 1.4671 0.0276
v 1.2395 4.4023 1.1060
v 1.2319 4.2166 1.1710
v 1.2030 4.3046 1.1234
v -1.5289 2.5930 0.5431
v -1.5150 2.2341 0.6797
v -1.5145 2.5867 0.6973
v -1.3717 2.7919 0.9416
v -1.0014 0.6653 1.9634
v -1.0752 0.7708 2.0700
v -0.4783 4.5744 1.2026
v -0.5642 4.5655 1.3237
v -0.5116 4.7139 1.2560
v -1.0656 4.4934 1.2801
v -1.0584 4.6056 1.1470
v -1.1718 4.5418 1.1119
v -1.4006 4.4164 0.9365
v -1.2775 4.4207 1.0707
v -0.8398 4.7372 1.1529
v 1.4351 0.9198 1.6262
v 1.4583 0.8104 1.5567
v 1.4471 0.9071 1.5237
v 1.4289 0.8089 1.6765
v 1.0475 0.5999 1.7408
v 1.1785 0.6958 1.8396
v 1.0921 0.6714 1.7884
v 0.8682 0.3922 1.5348
v 0.6960 0.5957 1.5046
v 0.7196 0.4115 1.5008
v 0.6079 0.4827 1.5414
v 0.5214 0.4820 1.7090
v 0.5529 0.4243 1.6085
v 0.5380 0.5163 1.6220
v 0.5282 0.3848 1.6989
v 1.4974 2.3701 0.3437
v 1.4386 2.4224 0.2780
v 1.5177 2.4695 0.3937
v 1.5698 2.2159 0.4803
v 1.5429 2.2918 0.4053
v 1.4021 1.5259 1.0724
v 1.4097 1.1596 1.3714
v 1.3976 1.2936 1.1690
v 1.2637 1.8227 -0.0180
v 1.5148 1.5399 0.2059
v 1.3217 4.1648 1.0632
v -1.5312 2.3613 0.5988
v -1.4932 2.4331 0.7459
v -1.0129 0.5826 1.9819
v -1.1251 0.7027 2.1104
v -0.5848 4.4168 1.3800
v -1.0258 4.5354 1.0694
v -1.3254 4.3855 0.9924
v -1.2477 4.2447 1.2052
v -0.9122 4.7948 1.1204
v 1.2185 0.5824 1.8441
v 0.7806 0.5503 1.5105
v 1.5412 2.1927 0.3865
v 1.4305 1.4351 0.9936
v 1.3990 1.4086 1.1177
v 1.3724 1.5250 1.2524
v 1.4227 1.0875 1.4492
v 1.4135 1.0723 1.2706
v 1.4108 1.1245 1.1582
v 1.4221 1.0315 1.3642
v 1.4154 1.2616 1.0742
v 1.3621 4.1803 0.9809
v -1.5236 2.4382 0.6546
v -1.5105 2.3372 0.7026
v -0.5746 4.4767 1.3042
v -1.2544 4.3064 1.1022
v -1.2851 4.1557 1.0923
v -1.2056 4.3533 1.1883
v -1.1725 4.2837 1.2725
v -1.0764 4.3273 1.1819
v -1.3302 4.1987 1.0248
v -1.2931 4.1225 1.2149
v -1.2996 3.9156 1.0818
v -1.2877 4.0350 1.1216
v -1.3331 4.0109 0.9961
v -1.3362 3.9407 1.2281
v -1.1374 4.2259 1.1765
v -1.1897 4.1281 1.1857
v -1.1403 4.4011 1.2547
v -1.1126 4.4860 1.1587
v -1.3607 3.8743 0.9293
v -1.3459 3.7120 1.1785
v -1.0946 4.4337 1.0722
v -1.4484 3.8932 0.8596
v -1.3732 3.7856 0.9016
v -1.3416 3.8344 1.1631
v -1.3176 3.7950 1.0458
v -1.2604 1.3624 -0.1770
v -1.2767 1.6447 -0.0444
v -1.4224 1.4058 0.0323
v -1.3495 1.4437 -0.0437
v 1.2354 1.5196 -0.1541
v -0.6446 4.8770 0.8271
v -0.6605 4.9839 0.8052
v -0.6116 5.0196 0.8729
v -0.7671 5.0511 0.8109
v -0.7259 5.0704 0.6909
v -0.9327 5.0064 0.6348
v -1.5051 1.2799 0.6378
v -1.5244 1.3922 0.5329
v -1.5272 1.2921 0.5338
v -1.5367 1.7132 0.5266
v -1.5255 1.4924 0.2893
v -1.4680 1.4825 0.1504
v -1.5250 1.3583 0.2509
v -1.5224 1.5540 0.5699
v -1.5378 1.4060 0.3939
v -1.5385 1.5400 0.4256
v -1.4706 1.6925 0.2175
v -1.4942 1.3929 0.1635
v -1.5145 1.4647 0.5947
v -1.5374 1.6187 0.4914
v -1.5304 1.7124 0.3651
v -1.4216 1.6059 0.1186
v -1.4856 1.5777 0.2186
v -1.5317 2.0005 0.4482
v -1.4850 1.8421 0.2795
v -1.3878 1.7458 0.1050
v -1.3536 1.6100 0.0289
v -1.5365 1.8465 0.4465
v -1.5294 2.1984 0.4761
v -1.4400 1.7908 0.1922
v -1.3356 1.8317 0.0704
v -1.5223 1.8525 0.6181
v -1.5159 1.9228 0.3603
v -1.4533 2.1149 0.2729
v -1.4977 2.0332 0.3400
v -1.5229 2.1040 0.4215
v -1.4355 1.9908 0.2243
v -1.3561 2.0969 0.1504
v -1.2969 1.9774 0.0673
v -1.5229 1.8048 0.3595
v -1.5337 2.2562 0.5717
v -1.5369 1.8057 0.5339
v -1.5373 1.9241 0.5312
v -1.5322 2.0784 0.6079
v -1.3948 2.1850 0.2112
v -1.4205 2.3600 0.2657
v -1.2844 2.1551 0.0944
v -1.3685 1.9962 0.1433
v -1.1780 1.9696 -0.0362
v -1.1211 2.0635 -0.0585
v -1.2309 2.0441 0.0240
v -1.0893 1.9703 -0.1010
v -1.4520 1.1929 0.9224
v -1.4646 1.3170 0.8075
v -1.4853 1.3425 0.7122
v 1.5155 4.0437 0.8809
v 1.3420 3.8610 0.9775
v 1.5565 3.9150 0.8493
v 1.3893 3.9785 0.9096
v 1.4409 3.8390 0.8806
v 1.3370 4.0578 0.9945
v 1.3423 4.0550 1.1247
v 1.3115 4.1493 1.1619
v 1.3524 3.8709 1.1667
v 1.3297 3.9560 1.0520
v 1.3333 3.9711 1.1783
v 1.3537 3.6076 0.9446
v 1.4496 3.6956 0.8852
v 1.3494 3.7356 0.9522
v 1.3476 3.7770 1.0756
v 1.2540 3.5503 1.3750
v 1.3288 3.6905 1.2523
v 1.3540 3.7649 1.1800
v 1.4798 3.5441 0.8823
v 1.5637 3.4615 0.8042
v 1.5732 3.2605 0.7635
v 1.5832 3.5966 0.7858
v 1.5951 3.3776 0.7016
v 1.5896 3.2764 0.6573
v 1.5862 3.1519 0.6914
v 1.3980 3.0308 0.9157
v 1.5414 3.0220 0.8070
v 1.5437 3.1477 0.8091
v 1.4908 3.2566 0.8697
v 1.4778 3.0860 0.8680
v 1.5484 3.3539 0.8149
v 1.5420 3.6733 0.8443
v 1.3378 3.2788 1.0707
v 1.3704 3.3019 0.9332
v 1.3838 3.1663 0.9247
v 1.3516 3.4536 0.9538
v 1.3470 3.5406 1.1287
v 1.3541 3.6620 1.1151
v 1.3460 3.5350 1.0226
v 1.3391 3.4137 1.0831
v 1.3229 3.4169 1.2671
v 1.3393 3.4514 1.1748
v 1.3267 3.5541 1.2613
v 1.0493 4.7304 0.8670
v -1.4612 1.0027 0.9707
v -1.4089 0.7604 1.9616
v -1.2378 0.5781 2.1373
v -1.3207 0.6305 2.1127
v -1.3223 0.7717 2.0878
v -1.3911 0.7024 2.0422
v -1.1881 0.8105 2.1245
v -1.3601 0.9396 2.0176
v -1.0739 0.9141 2.0715
v -1.3734 0.8374 2.0288
v -1.2704 0.8918 2.0954
v -0.4020 0.3491 1.8421
v -0.5873 0.3142 1.6383
v -0.1424 0.3172 2.0252
v -0.2483 0.3473 1.9760
v -0.3335 0.3409 1.9165
v -0.3540 0.5484 1.9061
v -0.2990 0.4523 1.9451
v -0.3896 0.4551 1.8678
v -0.4356 0.4129 1.8028
v -1.4213 3.6273 0.8530
v -1.4962 3.5629 0.7908
v -1.3849 3.4503 0.8808
v -1.3373 3.5669 0.9561
v -1.3267 3.4396 1.0027
v -1.3190 3.6448 1.0642
v -1.3433 3.5160 1.2112
v -1.3418 3.6079 1.1594
v -1.3254 3.5302 1.0749
v -1.3550 3.3365 0.9322
v -1.3335 3.4474 1.1345
v -1.3285 3.2904 1.0194
v 1.5819 1.3567 0.3718
v 1.5836 1.3100 0.4931
v 1.5872 1.4783 0.4931
v 1.5623 1.2634 0.2575
v 0.3345 4.6020 1.2605
v -1.4438 0.7980 1.7793
v -1.4070 1.0725 1.6801
v -0.1628 4.5724 1.3255
v -0.9149 0.5397 1.6690
v -1.4148 4.2470 0.9404
v -0.7284 4.5937 1.0802
v -0.5417 4.7566 0.9618
v 0.5085 0.3549 1.9083
v 0.5184 0.4289 1.8161
v 0.4471 0.3752 2.0137
v 0.3483 0.3626 2.0689
v 0.1129 0.6979 2.0614
v 0.2070 0.5248 2.0897
v 0.2562 0.4305 2.0958
v 0.3805 0.4888 2.0603
v 0.0445 0.4272 2.0745
v 0.1548 0.3983 2.0901
v 0.0742 0.3213 2.0851
v 0.4766 0.2980 1.9693
v 0.4886 0.7781 1.9784
v -0.0679 0.3943 2.0504
v 0.4655 0.6211 2.0010
v 0.5185 0.5803 1.8432
v 0.5098 0.6201 1.7053
v 0.5208 0.5101 1.7980
v 0.4540 0.5347 2.0149
v 0.5245 0.7995 1.5985
v 0.5203 0.7286 1.8201
v 0.5221 0.6933 1.6198
v 0.5174 0.6523 1.7919
v 0.5043 0.6624 1.9037
v 0.6152 0.7162 1.5230
v 0.5049 0.7658 1.7042
v 0.5017 0.8758 1.6864
v 0.6062 0.6369 1.5335
v 0.5294 0.9147 1.8752
v 0.5168 0.9247 1.7700
v 0.5237 0.8291 1.8155
v 0.5134 0.8384 1.9127
v 0.4878 4.5376 1.1415
v 0.0453 4.5871 1.1267
v 0.1510 4.5471 1.2462
v 0.0333 4.5688 1.2451
v 0.0112 4.4113 1.2294
v 0.1077 4.6670 1.2517
v 0.0161 4.4972 1.1704
v 0.0287 4.5832 1.2679
v 0.1127 4.7158 1.2649
v 0.1829 4.6028 1.2473
v 0.1818 4.7078 1.1944
v 0.2459 4.5494 1.3978
v 0.2560 4.6844 1.2603
v -1.4059 1.0461 1.3749
v -1.4111 0.9459 1.5161
v -1.4089 0.9644 1.4222
v -1.4019 1.0593 1.4943
v -0.1736 4.7664 1.1823
v -0.1460 4.6653 1.2501
v -0.0947 4.4910 1.4646
v -0.0895 4.5879 1.3543
v 0.0196 4.5369 1.3227
v -0.2709 4.5754 1.4065
v -0.0025 4.6303 1.3261
v -0.0269 4.5419 1.4105
v 0.0068 4.3919 1.4079
v -0.1642 4.5691 1.4332
v -0.1987 4.6637 1.3627
v -0.2647 4.6233 1.3053
v -0.0145 4.3531 1.3136
v -0.3879 4.7395 1.2229
v -0.3678 4.6500 1.0994
v -0.1309 4.5560 1.1428
v -0.2555 4.5908 1.1681
v -0.4105 4.7107 1.0246
v -0.2607 4.5820 1.1281
v -0.1845 4.4991 1.2250
v -0.0475 4.4437 1.2373
v -0.2602 4.4309 1.2765
v -0.2196 4.4862 1.1834
v -0.1525 4.4263 1.2430
v -0.1829 4.0529 1.3639
v -0.0466 4.2255 1.3000
v -0.0732 4.3319 1.2502
v -0.0652 4.3214 1.3670
v -0.2329 4.0570 1.4449
v -0.1268 4.1826 1.4372
v -0.0983 4.4957 1.3076
v -0.4114 4.4471 1.3626
v -0.1622 4.1417 1.6069
v -0.4596 4.5542 1.3595
v -0.5027 4.4737 1.4163
v -0.4415 4.1573 1.5155
v -0.4381 4.3155 1.4574
v -0.0350 4.2529 1.5218
v 0.0004 4.2932 1.4352
v -0.0751 4.3714 1.5019
v 0.5120 4.6500 1.2028
v 0.5163 4.3913 1.2385
v 0.5961 4.6240 1.2033
v 0.4480 4.5290 1.2919
v 0.5405 4.5878 1.1242
v 0.5955 4.6929 1.0846
v 0.5163 4.5952 1.2859
v -1.5612 3.3464 0.6133
v 1.5579 3.2969 0.5107
v 1.5804 2.9059 0.6026
v 1.5665 2.9836 0.5459
v 1.5698 2.9515 0.7137
v 1.5230 2.8885 0.8234
v 1.4718 2.9710 0.8678
v 1.5793 2.6317 0.6801
v 1.5537 1.8384 0.3405
v 1.5686 1.6736 0.3478
v -1.4895 3.2471 0.7756
v -1.3068 2.3398 1.5974
v -1.0272 5.0473 0.7318
v -0.9655 0.7041 1.7791
v -1.0146 0.7487 1.9935
v -0.9385 4.6345 1.2236
v -0.6612 4.8199 1.0728
v -0.7700 4.8977 1.0176
v -0.7642 4.8011 1.0991
v -0.6841 4.7245 1.1411
v -0.8446 4.6656 1.1483
v 1.3894 1.0405 1.6904
v 1.3469 1.3460 1.7090
v 1.2143 1.1600 1.8284
v 1.3855 1.1978 1.6664
v 1.3044 1.0692 1.7911
v 1.3173 1.1881 1.7682
v 1.4088 1.2398 1.5118
v 1.4009 1.2640 1.4036
v 1.3968 1.2417 1.2817
v 1.3879 1.2994 1.6101
v 1.3687 1.5732 1.5381
v 1.3742 1.4433 1.6032
v 1.3939 1.3723 1.4871
v 1.2733 1.6058 1.7721
v 1.3784 1.4879 1.3975
v 1.3242 1.4826 1.7297
v 1.3645 1.6314 1.3602
v 1.3817 1.4758 1.5028
v 1.3422 1.5925 1.6637
v 1.2905 2.2917 1.6006
v 1.3023 1.9426 1.6628
v 1.3090 1.7659 1.6943
v 1.2141 1.4876 1.8100
v 1.3718 1.5752 1.4397
v 1.3433 1.8887 1.4083
v 1.2113 1.3237 1.8203
v 1.3537 1.7666 1.3452
v 1.2819 1.3950 1.7784
v 1.3527 1.7555 1.5230
v 1.3525 1.6679 1.5863
v 1.3609 1.7081 1.4305
v 0.6937 0.5067 1.5018
v 1.5814 2.3175 0.5612
v 1.5808 2.4764 0.6087
v 1.5828 2.0067 0.5933
v 1.3120 4.2652 1.1136
v -0.5337 4.3730 1.2893
v -0.6827 4.5099 1.2602
v -0.6358 4.4145 1.3088
v -0.6162 4.5543 1.1278
v -1.0510 4.2432 1.2258
v -0.8281 4.2774 1.3094
v -0.7212 4.3318 1.3362
v -0.6091 4.4749 1.1995
v -0.5669 4.6367 1.0872
v -0.6785 4.7209 1.1113
v -0.6922 4.6102 1.1915
v -0.6445 4.8019 1.0673
v 1.1264 0.5822 1.8037
v 1.3797 1.5995 1.1625
v 1.4285 1.7552 0.9576
v 1.3890 1.7125 1.0855
v 1.4541 1.5879 0.9111
v 1.3761 1.9163 1.0804
v 1.4187 1.6538 0.9945
v 1.3935 1.8136 1.0469
v 1.4327 1.8830 0.9426
v 1.5448 1.7861 0.7200
v 1.5083 1.9024 0.8113
v 1.3492 1.8929 1.2430
v 1.4893 1.7787 0.8413
v 1.4657 1.6872 0.8840
v 1.5238 1.5940 0.7590
v 1.5196 1.6988 0.7745
v 1.5608 1.9129 0.6853
v 1.5807 1.8144 0.5876
v 1.5364 2.0810 0.7622
v 1.5373 1.9814 0.7584
v 1.5718 1.6624 0.6221
v 1.5873 1.9108 0.5164
v 1.5584 1.5670 0.6607
v 1.3824 1.4103 1.2371
v -1.5255 3.9362 0.8017
v -1.1874 1.6213 -0.1353
v -0.7242 4.8905 0.7848
v -0.7451 4.7397 0.9164
v -0.7001 4.6814 1.0057
v -0.8368 4.6473 0.9819
v -0.6715 4.9223 0.9084
v -0.6825 4.9797 0.7152
v -0.6078 5.0842 0.7960
v -0.7855 4.9678 0.7803
v -0.6805 4.9977 0.8070
v -1.5284 1.6040 0.3272
v -1.4509 1.6736 0.8268
v -1.5212 1.9708 0.6388
v -1.4822 2.1063 0.7576
v -1.3436 2.0209 1.2297
v -1.3916 2.0239 0.9797
v -1.4400 2.0270 0.8534
v -1.4246 1.8468 0.8980
v -1.4446 1.9282 0.8427
v -1.4752 2.4151 0.3537
v -1.4881 2.2728 0.3577
v -1.5241 2.3130 0.4645
v -1.4350 2.2611 0.2693
v -1.4933 2.1720 0.3509
v -1.4698 1.2152 0.8171
v 1.2276 3.3312 1.4673
v 1.1095 4.7715 0.9424
v 1.1011 4.6541 0.9221
v -1.4425 0.7047 1.8684
v -1.0276 0.8467 2.0189
v -0.9946 1.3087 1.7062
v -1.1685 0.9249 2.1120
v -0.4314 0.2630 1.7969
v -0.6784 0.2521 1.6310
v -0.5795 0.2337 1.6621
v -0.4960 0.3347 1.7152
v -0.6489 0.4529 1.5852
v -1.4783 3.4190 0.7999
v 1.5634 1.4139 0.2881
v 1.5729 1.3961 0.5720
v 1.5839 1.4559 0.3905
v 1.5844 1.5742 0.4170
v 1.5846 1.5850 0.5352
v 1.5873 1.7029 0.5040
v 0.3614 4.6778 1.1756
v 0.3588 4.5353 1.1512
v -1.4209 0.9519 1.7235
v -1.4131 0.9818 1.6201
v -0.1781 4.6413 1.2739
v -0.7740 0.5665 1.5619
v -0.9685 0.5316 1.7961
v -0.9565 0.6119 1.7344
v -0.9751 0.6264 1.8541
v 0.3206 0.6217 2.0799
v 0.4278 4.6081 1.0966
v 0.4182 4.5070 1.3935
v 0.3104 4.4550 1.3128
v 0.3198 4.4804 1.2206
v 0.3124 4.5475 1.3332
v 0.1172 4.0786 1.6577
v 0.3082 4.1402 1.3561
v 0.3118 4.2872 1.2969
v 0.3126 4.3743 1.2617
v -1.4234 0.8547 1.5719
v -0.2805 4.4873 1.2796
v -0.0384 4.0881 1.3630
v -0.0637 3.8984 1.4035
v -0.1076 4.0591 1.4640
v -0.0353 3.9981 1.4185
v -0.1779 3.9205 1.5178
v -0.5947 4.2528 1.4664
v -0.7087 4.1113 1.3891
v -0.6835 4.2155 1.3350
v -0.6099 4.1622 1.4023
v -0.3224 4.1826 1.3801
v -0.2120 4.2553 1.2856
v 0.6208 4.2737 1.4951
v 0.5160 4.5161 1.1674
v 0.6745 4.4670 1.2147
v 0.5783 4.4711 1.2248
v 1.5768 2.7383 0.6932
v 1.5762 2.8459 0.6910
v 1.4143 2.4563 0.9467
v 1.3500 2.7485 1.0385
v 1.4078 2.8352 0.9186
v 1.3383 2.9311 1.0580
v 1.4323 2.6518 0.9017
v 1.3562 2.8452 1.0063
v 1.3381 3.0830 1.0441
v 1.3919 2.7373 0.9445
v 1.3558 3.0027 0.9966
v 1.3445 3.1865 1.0200
v 1.3176 3.0198 1.2115
v 1.3273 3.0120 1.1136
v 1.5159 1.7033 0.2435
v -1.3117 2.5530 1.2828
v -0.9788 0.7281 1.8855
v -1.0102 4.6814 1.1754
v -1.0218 4.5833 1.2450
v -0.8238 4.6291 1.2256
v -0.8388 4.3244 1.3086
v -0.8777 4.4591 1.3439
v -0.7496 4.4953 1.2908
v -0.8792 4.5556 1.2807
v -1.0184 4.3049 1.4260
v -1.0685 4.3897 1.3487
v -0.9616 4.3943 1.3787
v -0.8585 4.2630 1.4532
v -0.7837 4.4132 1.3533
v -0.8200 4.5488 1.2014
v -0.8551 4.4298 1.2460
v -0.9972 4.3565 1.3265
v -0.7909 4.9133 0.9657
v -0.6336 4.9285 0.9815
v -0.7149 4.8538 0.9995
v -0.8372 4.8058 1.0466
v -0.6982 4.9588 0.9276
v -0.8946 4.7926 0.9162
v -0.8631 4.8959 0.9031
v -0.8126 4.7858 0.8616
v 1.2970 1.2875 1.7786
v 1.3388 1.8878 1.5447
v 1.3231 2.1039 1.4778
v 1.3215 1.8480 1.6364
v 1.3252 2.0102 1.5597
v 1.3335 1.9953 1.4464
v 1.3027 2.1442 1.6202
v 1.0104 2.2239 1.7985
v 1.1992 2.2274 1.7634
v 1.2620 2.2227 1.6783
v 1.5650 2.4966 0.5018
v 1.5781 2.5724 0.6006
v 1.5740 2.0504 0.4553
v 1.5828 2.1233 0.5585
v 1.5703 2.0910 0.6601
v 1.4913 1.5157 0.8319
v -0.6591 4.8059 0.8984
v -1.5016 1.7171 0.6827
v -1.4733 1.8178 0.7700
v -1.5186 1.6489 0.6054
v -1.4399 1.4932 0.8657
v 1.2617 3.4211 1.3801
v 1.2842 3.2911 1.3525
v 1.3303 3.2631 1.2165
v 1.3294 3.1604 1.1430
v 1.3188 3.1174 1.2327
v -0.9810 1.1370 1.9342
v -0.9833 0.9798 1.9412
v -0.7461 0.3909 1.5877
v -0.7452 0.4826 1.5729
v -0.8660 0.5866 1.5963
v -0.5898 0.8519 1.5171
v 0.3048 0.5427 2.0870
v 0.4008 0.7151 2.0593
v 0.3999 0.6436 2.0525
v 0.4709 0.7011 1.9974
v 0.2541 0.7300 2.0719
v 0.2130 0.6527 2.0790
v -0.0139 1.2064 1.8410
v 0.0818 0.9566 1.9482
v 0.3644 0.9777 2.0675
v 0.4577 0.8872 2.0308
v 0.1262 0.8324 2.0372
v 0.4989 1.0290 1.9869
v 0.3057 0.8537 2.0691
v 0.4171 0.8047 2.0535
v 0.3292 0.7771 2.0702
v 0.1607 0.7608 2.0631
v 0.4582 0.9689 2.0393
v 0.3761 0.9013 2.0680
v 0.3689 4.6519 1.2521
v 0.3662 4.7625 1.2077
v 0.4139 4.4730 1.2598
v 0.0495 4.3235 1.4733
v 0.0586 4.4253 1.3426
v 0.2389 4.3547 1.4940
v 0.2779 4.4431 1.4242
v 0.1293 4.4654 1.4757
v 0.2852 4.3362 1.3935
v 0.1351 4.3679 1.5250
v 0.0986 4.2208 1.5855
v 0.1489 4.5514 1.4223
v 0.0581 4.4121 1.4352
v 0.3828 4.2920 1.3869
v -0.2028 4.5375 1.2510
v -0.2050 4.4807 1.3468
v -0.3222 4.2855 1.4235
v -0.2603 4.3531 1.3179
v -0.2418 4.4093 1.5090
v -0.2206 4.2337 1.3576
v -0.3065 4.1582 1.4120
v -0.3284 4.0525 1.5724
v -0.2945 4.2092 1.5569
v -0.3289 4.0788 1.4730
v -0.3113 3.9418 1.4899
v -0.1694 4.2798 1.5584
v -0.3062 4.4442 1.3990
v -0.2584 4.1212 1.5929
v -0.2823 4.3099 1.5187
v -0.0193 3.2186 1.5452
v -0.1565 3.6387 1.7067
v -0.2784 3.8434 1.6855
v -0.1876 3.9829 1.6607
v -0.3324 3.9317 1.6121
v -0.3032 3.7603 1.5351
v -0.3439 3.8261 1.6071
v -0.3352 3.6472 1.6958
v -0.2560 3.8488 1.4961
v -0.0827 3.8716 1.5061
v -0.4991 4.2514 1.5101
v -0.5430 4.3497 1.4656
v -0.6131 4.3221 1.3902
v -0.3888 4.2178 1.4529
v -0.3440 4.0073 1.4409
v -0.3430 4.3206 1.3625
v -0.3535 4.3943 1.2894
v -0.3585 4.5217 1.2464
v -0.2158 4.1608 1.3489
v -0.1147 4.1502 1.3252
v 0.4836 4.3807 1.3922
v 0.6783 4.6227 1.1325
v 0.5847 4.5912 1.1237
v 0.7059 4.1815 1.4170
v 1.4428 2.2324 0.9130
v 1.5287 2.4877 0.7937
v 1.3570 2.5861 1.0307
v 1.2230 2.7849 1.6400
v 1.3113 2.8178 1.2240
v -1.3265 2.6632 1.1206
v -0.9957 4.0392 1.5849
v -1.2250 3.8112 1.5081
v -1.2225 3.8902 1.3428
v -1.3267 3.7914 1.3039
v -1.2401 3.9338 1.2541
v -1.3392 3.6346 1.3143
v -1.2435 3.7795 1.3917
v -1.1665 3.0719 1.8018
v -1.2553 3.3363 1.5322
v -1.3042 3.4605 1.3916
v -1.3364 3.3516 1.2691
v -1.2620 3.6214 1.4909
v -1.2531 3.7204 1.4715
v -1.3374 3.5279 1.3171
v -1.0863 4.1410 1.4132
v -1.0077 4.4685 1.1143
v -0.9420 4.5683 1.1737
v -0.9892 4.4558 1.2375
v -0.9837 4.5851 1.0663
v -1.0350 4.3577 1.1732
v -0.8562 4.4993 1.1003
v -0.9316 4.2979 1.2302
v -0.8112 4.4208 1.2336
v -0.8190 4.5746 1.0468
v -0.7541 4.5075 1.1634
v -0.9104 4.4028 1.1603
v -0.7769 4.7390 1.0977
v 1.3350 2.1692 1.2014
v 1.3310 2.0869 1.3274
v 1.3451 2.0270 1.1949
v 1.3794 2.0702 1.0419
v 1.4034 1.9770 0.9990
v 1.4285 2.1187 0.9427
v 1.4878 2.1469 0.8469
v 1.5397 2.1927 0.7579
v 1.5206 2.3377 0.7995
v 1.5717 2.3861 0.6947
v 1.4767 2.4199 0.8613
v 1.4985 2.2483 0.8317
v 0.9898 1.8376 1.7775
v -1.4779 1.5608 0.7427
v -1.4626 1.4189 0.7905
v -1.4249 1.3604 0.9911
v -1.0449 1.0610 2.0402
v -1.1863 1.4048 2.0636
v -1.0872 0.9949 2.0824
v -1.1515 1.2077 2.0849
v -1.1189 1.1104 2.0913
v -1.0369 1.1873 2.0339
v -0.9771 1.3315 1.9112
v -1.0716 1.3181 2.0570
v -0.9860 1.2370 1.9559
v -0.9799 1.2086 1.8105
v -0.9824 1.3087 1.8101
v -0.8787 1.0304 1.5331
v -0.9688 1.1437 1.6387
v -0.9898 1.2107 1.7095
v -0.7218 0.7209 1.5222
v -0.1200 0.8398 1.9648
v 0.2146 0.9547 2.0459
v 0.2263 1.1805 2.0048
v 0.1393 0.9080 2.0210
v 0.1570 1.0663 1.9608
v 0.1498 0.9962 1.9845
v 0.2619 1.0456 2.0566
v 0.4606 4.6436 1.1892
v 0.4757 4.4573 1.1960
v 0.3749 4.5592 1.3121
v 0.5115 4.6632 1.3570
v 0.5530 4.7412 1.2576
v 0.4457 4.7276 1.2812
v 0.6232 4.6781 1.2306
v 0.1882 4.2730 1.3227
v 0.0952 4.3235 1.2560
v 0.1804 4.4003 1.3059
v 0.1328 4.3456 1.3878
v 0.2509 4.1454 1.5386
v 0.2664 4.2418 1.4666
v 0.2024 4.2643 1.5580
v 0.2777 4.2322 1.3698
v 0.3814 4.4041 1.3462
v 0.4405 4.3119 1.2751
v 0.3933 4.2056 1.3109
v -0.1014 3.8114 1.6480
v -0.2118 3.9230 1.4377
v -0.1397 3.9637 1.3832
v -0.2570 4.0021 1.3999
v -0.7327 3.2518 1.6301
v -0.1615 3.7163 1.4447
v -0.0580 3.7737 1.4490
v -0.1532 3.8267 1.4465
v -0.3605 3.7901 1.5559
v -0.2699 3.7820 1.4678
v -0.3439 3.8863 1.4791
v -0.5132 3.9609 1.5946
v -0.6374 4.0351 1.5199
v -0.5677 4.1448 1.5492
v -0.4152 3.8984 1.5677
v -0.5624 4.0495 1.5817
v 0.4268 4.4176 1.2972
v 0.5706 4.4543 1.3075
v 0.6147 4.3858 1.4180
v 0.5902 4.5444 1.4366
v 0.7036 4.5240 1.1291
v 0.6285 4.5441 1.1832
v 0.7870 4.6909 1.0367
v 0.8766 4.3251 1.2488
v 0.6475 4.3265 1.3315
v 1.5720 2.5285 0.7049
v 1.5261 2.6225 0.8052
v 1.4114 2.5600 0.9443
v 1.4746 2.5513 0.8600
v 1.2645 2.9443 1.4461
v 1.3179 2.6598 1.1753
v -1.3416 2.7260 1.0307
v -1.3666 2.4632 0.9965
v -1.4232 2.3082 0.8833
v -1.4264 2.1663 0.8816
v -1.4665 2.2379 0.7930
v -1.3484 2.2380 1.1145
v -1.3831 2.2372 0.9857
v -1.3885 2.1306 0.9794
v -1.3575 2.0789 1.1051
v -1.3559 2.3471 1.0482
v -1.3231 2.3798 1.2290
v -1.3355 2.4500 1.1222
v -1.3413 2.5565 1.0688
v -1.3230 2.5426 1.1754
v -1.3775 2.5737 0.9537
v -0.9659 4.1786 1.5181
v -0.9458 4.2596 1.4676
v -1.1469 4.1404 1.4387
v -1.1985 4.1163 1.3188
v -0.8840 4.0345 1.4715
v -1.0680 4.1244 1.5281
v -1.0740 4.2156 1.4572
v -1.1443 4.2353 1.3720
v -1.1644 3.9777 1.5198
v -0.9250 4.0860 1.5405
v -1.1973 4.0320 1.4108
v -1.2983 3.3209 1.3997
v -1.3147 3.0411 1.2614
v -1.3283 3.1817 1.1571
v -1.2723 3.1031 1.4861
v -1.3203 3.2080 1.3035
v -1.2731 3.2269 1.4747
v -1.2330 3.1801 1.6560
v -1.2571 3.1724 1.5584
v -1.3222 3.1347 1.2406
v -0.9479 4.2281 1.3846
v -1.0536 4.2473 1.3593
v -0.8453 4.2336 1.3630
v -0.8455 4.1416 1.4334
v -0.9748 4.1136 1.4504
v -1.0805 4.0547 1.4885
v -0.9365 3.6906 1.6149
v -1.0079 3.9414 1.4621
v -1.1232 3.9920 1.3809
v -1.1446 3.7830 1.4743
v -1.1625 3.9335 1.4906
v -1.0863 3.8733 1.4504
v -1.0316 3.7772 1.5458
v -0.9881 4.1020 1.3565
v -1.0933 4.1359 1.3010
v -0.9281 4.2012 1.3135
v -0.8523 4.1007 1.4090
v -1.0334 4.0207 1.3914
v -0.7925 4.1922 1.3792
v -0.7570 3.9754 1.4568
v -0.6840 4.0324 1.4369
v -0.8899 3.9815 1.4638
v -0.8916 3.8332 1.5452
v -0.8207 3.9012 1.5017
v -0.6576 3.7319 1.6536
v -0.7587 3.7893 1.5697
v -0.5051 3.7775 1.6228
v -0.8493 3.7426 1.5909
v -0.6443 3.8829 1.6112
v -0.7110 3.8930 1.5203
v -0.5969 3.8007 1.6325
v 1.3302 2.3929 1.1518
v 1.3392 1.9722 1.3286
v 1.3658 2.2275 1.0550
v 1.3565 2.1440 1.1060
v 1.3949 2.3337 0.9853
v 1.3596 2.4276 1.0448
v 1.3527 2.3251 1.0784
v 1.1591 1.7595 1.8145
v 1.0925 1.6015 1.8268
v -1.4443 1.2930 0.9106
v -1.4218 1.2260 1.0995
v -1.3748 1.6506 1.1872
v -0.9792 1.0425 1.7779
v -0.9773 1.1192 1.8362
v -0.8114 1.2738 1.4617
v 0.0127 0.8690 1.9551
v -0.0153 0.7596 2.0088
v -0.1750 0.7179 1.9949
v -0.1100 0.7697 1.9952
v 0.1182 1.1659 1.8883
v -0.0115 1.0670 1.8729
v 0.0831 1.0922 1.8896
v -0.0970 0.9610 1.9144
v -0.0061 0.9372 1.9205
v 0.4082 1.1464 2.0751
v 0.4225 1.0529 2.0668
v 0.1760 4.0299 1.4842
v 0.1239 4.4320 1.2187
v 0.1751 4.1569 1.6109
v -0.1789 3.8777 1.6789
v 0.0504 4.0005 1.5183
v -0.4217 4.0278 1.5395
v 0.5916 4.6138 1.3628
v 0.4958 4.5732 1.4153
v 0.7188 4.7673 1.0304
v 0.7354 4.5923 1.0481
v 0.8324 4.6818 1.0882
v 0.7841 4.7341 0.9255
v 0.7944 4.4100 1.1817
v 0.7123 4.3746 1.2520
v 0.8138 4.5186 1.2081
v 0.8758 4.4730 1.1359
v 0.4849 4.2146 1.3136
v 0.7705 4.2834 1.3352
v 0.8717 4.1760 1.4419
v 0.8742 4.2269 1.3310
v 0.7998 4.1376 1.3727
v 0.9030 4.4426 1.4308
v 0.6961 3.9674 1.4649
v 0.8443 4.0317 1.4397
v 0.8128 4.3538 1.3705
v 0.7225 4.0708 1.4235
v 0.8677 4.2970 1.4965
v 0.8174 4.4999 1.3418
v 0.8242 4.2664 1.4214
v 0.8662 4.1445 1.5783
v 1.0093 4.2158 1.3494
v 1.0687 4.2566 1.2097
v 0.8256 4.4233 1.2673
v 0.9552 4.5850 1.2751
v 0.8356 4.2052 1.5163
v 1.0098 4.3295 1.4397
v 0.9061 4.5364 1.3656
v 0.8291 4.6731 1.2703
v 0.7994 4.5748 1.2805
v 1.2913 3.0279 1.3431
v 1.2959 2.8968 1.3278
v 1.2749 2.7461 1.4548
v 1.3119 2.9195 1.2302
v 1.2770 2.8444 1.4166
v 1.2483 2.8581 1.5386
v 1.1682 3.1122 1.6667
v 1.1911 2.9464 1.6642
v 1.2360 3.1238 1.4930
v 1.2608 3.0450 1.4369
v 1.2256 3.0096 1.5559
v 1.2601 3.2016 1.4153
v 1.3361 2.6646 1.0814
v 1.3227 2.7580 1.1394
v -1.4284 2.4619 0.8689
v -1.3260 2.2012 1.3120
v -1.3388 2.1541 1.1999
v -1.3079 2.4178 1.4205
v -0.9143 3.8988 1.5606
v -1.2155 3.9090 1.4516
v -1.3261 3.0141 1.0781
v -1.3339 3.0968 1.0010
v -1.3466 2.9692 0.9789
v -1.3316 3.2839 1.1868
v -1.2989 3.1048 1.3660
v -0.9833 3.8564 1.5237
v -0.4946 3.4563 1.6373
v 1.3248 2.5276 1.1489
v 1.2993 2.5545 1.3621
v 1.3109 2.5760 1.2512
v 1.2983 2.6900 1.3305
v 1.3124 2.4413 1.2824
v 1.3091 2.7252 1.2433
v 1.2987 2.4026 1.4586
v 1.3214 2.2999 1.2610
v 1.3035 2.4586 1.3787
v 1.3356 2.2651 1.1622
v 1.3178 2.2223 1.3883
v 1.3113 2.3332 1.3698
v 1.3101 2.2187 1.5083
v 1.2528 1.7149 1.7778
v 1.2437 1.8657 1.7682
v 1.2062 2.0436 1.7770
v 1.1137 1.8965 1.8221
v 1.2529 1.9630 1.7461
v 0.9887 2.0316 1.7765
v 1.0240 1.9359 1.7942
v 1.0968 2.0273 1.8173
v 1.0446 2.1211 1.8069
v 1.0342 1.7172 1.8060
v 0.5523 1.5117 1.5326
v 0.8156 1.6482 1.5922
v 0.9154 1.7149 1.6996
v -1.4396 1.1562 1.0217
v -1.4235 1.1252 1.1559
v -1.3990 1.2591 1.2885
v -1.4068 1.1387 1.2962
v -1.3964 1.7043 1.0084
v -1.4004 1.5299 1.0483
v -0.9730 0.8996 1.8009
v -0.9715 0.8005 1.8108
v -0.9331 0.8293 1.6244
v -0.9647 0.8394 1.7219
v -0.9612 0.9558 1.6588
v -0.9750 0.9636 1.7500
v -0.8853 0.9187 1.5607
v -0.8167 0.8101 1.5350
v -0.7146 0.9577 1.4766
v -0.8148 0.9643 1.5056
v -0.9738 1.0506 1.6711
v -0.8870 0.7563 1.5860
v -0.9505 0.7470 1.6802
v -0.7022 0.8160 1.5005
v -0.9442 1.2726 1.5550
v -0.2400 0.8005 1.9705
v -0.4763 1.0195 1.8256
v -0.3866 0.8907 1.8927
v -0.3296 0.8249 1.9230
v -0.2461 0.9181 1.9533
v -0.1531 0.9044 1.9426
v -0.2662 0.6329 1.9588
v -0.2562 0.7024 1.9641
v -0.3710 0.6515 1.8949
v -0.2190 0.5329 1.9870
v -0.0684 0.5252 2.0424
v -0.4493 0.7671 1.8118
v -0.3919 0.7772 1.8815
v -0.4509 0.5780 1.7865
v -0.4136 0.5283 1.8419
v -0.0227 0.6396 2.0477
v -0.1470 0.6178 2.0109
v 0.3026 1.1255 2.0668
v 0.0409 4.0868 1.5306
v 0.0509 4.1977 1.4740
v -0.0247 4.1141 1.5652
v -0.1027 4.0442 1.6126
v -0.0010 4.1038 1.4035
v -0.0259 4.1638 1.4793
v 0.8732 4.7114 0.9846
v 0.8543 4.6017 1.0203
v 0.5891 4.2186 1.3867
v 0.4384 3.9869 1.4621
v 0.5762 4.0697 1.4900
v 0.5148 4.1050 1.3808
v 0.4651 4.1988 1.4911
v 0.4545 4.1771 1.3982
v 0.5554 4.3005 1.2823
v 1.0912 3.8408 1.5919
v 1.1216 4.1125 1.2811
v 0.9608 4.3857 1.1538
v 0.9627 4.2312 1.5310
v 1.0151 4.0340 1.5860
v 0.9648 4.1273 1.5841
v 0.9066 4.0171 1.6636
v 1.0630 4.1390 1.4747
v 0.9868 3.9030 1.6543
v 1.0454 4.2367 1.4407
v 1.0780 3.9635 1.4558
v 1.0444 4.1037 1.3670
v 0.8789 3.4382 1.7640
v 1.0756 4.0442 1.5104
v 0.9750 3.6656 1.7267
v 1.0116 3.7795 1.6709
v 1.0003 4.4433 1.3194
v 1.0097 4.3287 1.3221
v 0.9545 4.4922 1.2034
v 0.7792 4.6330 1.1789
v 0.9107 4.7116 1.1230
v 0.7890 4.8626 1.1071
v 0.7468 4.7447 1.1421
v 0.7434 4.9872 0.9672
v 0.7299 4.8108 1.0232
v 0.7667 5.0546 0.8600
v 0.7419 4.9085 1.0372
v 0.7229 4.8378 0.9161
v 0.8063 2.9330 1.6813
v 1.1898 3.2355 1.5787
v 1.1179 3.4748 1.6479
v 1.1944 3.4811 1.5099
v 1.1143 3.6569 1.6042
v 1.0675 3.2797 1.7380
v 1.1692 3.3693 1.5860
v 1.1134 3.3662 1.6795
v 1.0173 3.4415 1.7448
v 1.1510 3.5568 1.5755
v 1.1915 3.6705 1.4641
v 1.1396 3.2216 1.6791
v 1.0467 3.5663 1.6981
v 0.9456 3.5458 1.7563
v 0.6707 3.6369 1.6440
v 0.7955 3.5872 1.6905
v 0.8740 3.6277 1.7648
v 0.8614 3.8060 1.7404
v 0.9437 3.3178 1.7740
v 0.8942 3.9102 1.7047
v 0.7061 3.2191 1.5847
v 0.9403 3.0915 1.7741
v 1.0705 3.1269 1.7567
v 0.8029 3.3009 1.6943
v 0.9792 3.2065 1.7762
v 0.8532 3.1825 1.7322
v 1.0415 2.9290 1.7762
v 0.7794 3.1986 1.6583
v 0.7171 3.0474 1.5951
v 0.8344 3.0555 1.7137
v 1.1202 3.0188 1.7363
v 1.0212 3.0319 1.7736
v 0.9072 2.9586 1.7637
v 0.8863 2.6881 1.7442
v 0.8678 2.8252 1.7359
v 0.6930 2.7149 1.5605
v 0.9962 2.7833 1.7872
v 0.7958 2.7354 1.6523
v 1.1048 2.5104 1.7892
v 1.1351 2.8215 1.7507
v 0.7362 2.8454 1.5951
v 0.7618 2.6062 1.6089
v 1.0151 2.6306 1.7906
v 1.1668 2.6593 1.7375
v 0.7422 2.9483 1.6042
v 0.8474 2.5612 1.7024
v 1.0844 2.7213 1.7776
v 1.1027 2.6053 1.7830
v 0.9037 2.3769 1.7423
v 0.8515 2.4553 1.6987
v 0.9530 2.5035 1.7788
v -1.3296 2.2692 1.2231
v -1.3123 2.4489 1.3149
v -0.9518 3.9663 1.5104
v -1.0629 3.8473 1.6707
v -1.1067 3.7382 1.6224
v -1.1479 3.8437 1.5721
v -1.0293 3.8361 1.5800
v -0.9383 3.8068 1.6575
v -1.0325 3.4596 1.8005
v -1.0208 3.6601 1.7548
v -1.0087 3.7638 1.7214
v -0.9902 3.6726 1.6319
v -0.9807 3.5294 1.6851
v -1.0120 3.5584 1.7739
v -1.1794 3.5799 1.6703
v -1.1316 3.7196 1.6668
v -1.2165 3.6907 1.5849
v -1.1413 3.0389 1.5345
v -1.1597 3.8269 1.6070
v -1.0848 3.2711 1.6831
v -0.9972 3.3850 1.6858
v -1.0318 3.2361 1.8329
v -0.9992 3.3418 1.7901
v -0.9837 3.2361 1.7298
v -1.0802 3.0943 1.6857
v -1.3174 2.8860 1.1912
v -1.3219 2.7810 1.1356
v -1.3012 2.7458 1.3317
v -1.3118 2.7936 1.2394
v -1.2958 2.9087 1.3568
v -1.2856 3.0044 1.4236
v -1.2606 2.9255 1.6480
v -1.2558 3.0554 1.6203
v -1.2800 2.8748 1.5054
v -1.2273 3.0067 1.7270
v -1.0360 2.5360 1.9263
v -1.1093 2.8076 1.8862
v -1.1649 2.9308 1.8315
v -1.2711 2.9844 1.5339
v -1.2911 2.8163 1.4141
v -1.2926 2.6184 1.5112
v -1.2847 2.7468 1.5223
v -1.2941 2.6908 1.4275
v -1.2488 2.6516 1.7589
v -1.2817 2.6706 1.6318
v -1.2938 2.5028 1.6339
v -1.2563 2.7900 1.7066
v -1.2742 2.8216 1.6021
v -0.9785 2.9531 1.8097
v -1.2056 2.7538 1.8227
v -1.1716 2.6105 1.8899
v -1.2209 2.8566 1.7815
v -1.0762 3.0070 1.8668
v -1.0411 2.8954 1.8802
v -0.9929 3.0976 1.8094
v -0.9823 2.6962 1.7909
v -0.9787 2.8248 1.7974
v -1.0090 2.7585 1.8784
v -1.0941 2.6908 1.9082
v -1.1057 2.7738 1.5759
v -1.0736 2.8983 1.6858
v -1.2479 2.4737 1.8073
v -1.0912 3.1403 1.8453
v -1.1700 3.2591 1.7700
v -1.1186 3.3711 1.7898
v -1.1308 3.4831 1.7360
v -1.2075 3.3731 1.6696
v -1.0075 3.0215 1.7275
v -0.9977 2.6342 1.8826
v -1.2300 2.5714 1.8212
v -1.1587 2.4627 1.9236
v -1.1986 3.1615 1.7518
v -1.2350 3.2830 1.6223
v -1.2379 3.4863 1.5670
v -0.9966 1.9339 1.7526
v -0.9871 1.6219 1.7999
v -0.9809 1.4654 1.8317
v -1.1985 3.4774 1.6613
v -1.2713 3.5179 1.4739
v -0.9779 2.2228 1.8818
v -0.9973 1.5017 1.6309
v -1.0428 1.5980 2.0195
v -1.0233 2.3709 1.9388
v -1.2482 2.1024 1.8915
v -1.0002 1.5260 1.7401
v -0.9977 1.4148 1.7354
v -1.0622 1.4590 2.0424
v -0.9764 1.5673 1.9157
v -1.2259 2.2925 1.8794
v -1.0164 1.3760 1.9947
v -0.9829 1.4594 1.9372
v -1.2151 2.3964 1.8733
v -1.1378 2.3328 1.9535
v -0.3993 3.6138 1.6045
v -0.2920 3.6190 1.4820
v 1.2718 2.5739 1.5597
v 1.1514 2.1334 1.7979
v 0.7694 1.9574 1.5727
v 0.9270 1.4921 1.6995
v 0.9790 1.6023 1.7589
v 1.0081 1.4923 1.7786
v -1.3730 1.4617 1.5210
v -1.3993 1.3838 1.1696
v -1.4224 1.7423 0.9081
v -1.4189 1.6022 0.9311
v -1.3632 1.8409 1.1531
v -1.3604 1.9583 1.1210
v -1.3849 1.8706 1.0251
v -1.4196 1.4604 0.9676
v -1.3877 1.6286 1.0810
v -0.9780 0.8983 1.9010
v -0.8933 1.1537 1.5266
v -0.7432 1.1034 1.4616
v -0.8320 1.0949 1.4947
v -0.2827 1.1372 1.9318
v -0.2151 1.0326 1.9339
v -0.1108 1.0392 1.8949
v -0.3664 1.0311 1.9099
v -0.2956 0.9828 1.9315
v 0.0670 0.5354 2.0713
v 0.1174 0.6111 2.0726
v 0.1369 0.4774 2.0845
v -0.4384 0.6727 1.8127
v -0.5283 0.6997 1.6230
v -0.4859 0.7120 1.7253
v -0.5255 0.8744 1.6965
v -0.5055 0.6037 1.6781
v -0.5154 0.7835 1.6763
v -0.5445 0.8343 1.6042
v -0.5885 0.7456 1.5379
v -0.5997 0.5836 1.5654
v -0.4914 0.5249 1.7142
v -0.5521 0.5202 1.6232
v -0.5579 0.4199 1.6361
v -0.5877 0.6666 1.5572
v -0.0396 3.9222 1.5913
v 0.1539 3.6591 1.4763
v 0.0675 3.8190 1.4726
v 0.0317 3.8477 1.6034
v 0.0263 3.9013 1.5156
v 0.0268 3.9828 1.6139
v 0.1266 3.9243 1.5477
v 0.1737 3.8998 1.4102
v 0.1356 3.7879 1.5355
v 0.0984 4.0096 1.3719
v 0.1646 3.8001 1.4393
v 0.1878 4.1302 1.3733
v 0.1312 4.1257 1.4635
v 0.1267 4.2174 1.3979
v 0.0952 4.1895 1.3270
v 0.5106 4.3038 1.4785
v 0.6462 4.0269 1.6551
v 1.1919 4.1178 1.1952
v 1.0486 4.1823 1.2676
v 1.0498 4.3366 1.1543
v 1.0353 4.4590 1.0710
v 1.1717 3.9588 1.3217
v 1.2548 3.8273 1.2843
v 1.2392 3.9271 1.2407
v 1.1649 3.8310 1.4175
v 1.2511 3.7173 1.3563
v 1.2004 3.8734 1.3446
v 0.9730 4.3047 1.2251
v 0.9207 4.6801 1.2332
v 0.9199 4.6810 0.9709
v 1.0045 4.6312 0.9512
v 0.8537 4.7853 1.1865
v 0.8922 4.9294 0.9501
v 0.8027 4.9448 0.8434
v 0.8968 4.8451 1.0637
v 0.8420 5.0140 0.9120
v 0.8738 4.8116 0.9435
v 0.8738 4.7401 1.0254
v 1.1231 3.7483 1.5233
v 1.2071 3.5701 1.4613
v 0.7896 3.4401 1.6500
v 0.6669 3.4977 1.7183
v 0.7349 3.3371 1.6064
v 0.7047 3.5944 1.7212
v 0.7694 3.7126 1.7251
v 0.8001 3.8026 1.5789
v 0.4821 3.5854 1.7097
v 0.7473 3.7134 1.6234
v 0.5590 3.8008 1.5550
v 0.6369 3.7491 1.6247
v 0.6831 3.8598 1.5512
v 0.4627 3.6180 1.5997
v 0.5183 3.7182 1.6344
v 0.4347 3.3439 1.5799
v 0.4060 3.8312 1.6406
v 0.5850 3.3097 1.5775
v 0.4103 3.7287 1.5653
v 0.4234 3.7074 1.6973
v 0.7874 3.8930 1.5039
v 0.5568 3.5782 1.6908
v 0.6414 3.3958 1.6494
v 0.4469 3.0548 1.5617
v 0.5698 2.9095 1.5208
v 0.6105 3.8190 1.6769
v 0.3711 3.6009 1.6681
v 0.4069 3.4371 1.6923
v 0.4466 3.4767 1.6577
v 0.5676 3.1565 1.5378
v 0.6377 2.8155 1.5381
v 0.4000 2.2522 2.1135
v 0.5493 2.4836 1.7715
v 0.4648 2.6221 1.5690
v 0.5660 2.6974 1.5121
v 0.5581 3.6944 1.6821
v 0.5002 3.7946 1.6895
v 0.5090 3.9510 1.6471
v 0.3882 3.4218 1.6042
v 0.5273 3.4008 1.6275
v 0.4895 3.2430 1.5527
v 0.5620 3.0328 1.5273
v 0.6615 3.1261 1.5624
v 0.4496 2.7982 1.5959
v 0.6096 2.4944 1.5203
v 0.3383 3.5010 1.7743
v 0.5747 3.4783 1.6800
v 0.4749 2.7186 1.5452
v 0.5341 2.8073 1.5195
v 0.7068 2.5204 1.5638
v 0.6404 2.6091 1.5291
v 0.5419 2.5735 1.5182
v 0.4610 2.4329 1.6184
v 0.5397 3.6714 1.8763
v 0.6485 3.7239 1.7905
v 0.5507 3.9042 1.7963
v 0.6518 3.4884 1.8163
v 0.6336 3.8355 1.7805
v 0.6538 3.9209 1.7015
v 0.5360 3.7882 1.8368
v 0.3804 3.8058 1.6292
v 0.4053 3.6872 1.7632
v 0.4350 3.8351 1.7546
v 0.6096 3.5820 1.7278
v 0.5525 3.4461 1.7200
v 0.6360 3.6077 1.8437
v 0.4595 3.9695 1.7155
v 0.6443 3.0403 1.9033
v 0.4959 3.1944 1.7329
v 0.3934 3.2290 1.6475
v 0.5664 4.0225 1.7488
v 0.5828 4.2003 1.6675
v 0.6066 4.1052 1.6968
v 0.3684 3.9443 1.6141
v 0.4870 3.3297 1.7223
v 0.4260 3.1030 1.6779
v 0.5500 3.0337 1.7751
v 0.4465 2.9379 1.6883
v 0.4312 3.1581 1.5807
v 0.3697 4.0386 1.4743
v 0.4209 4.1667 1.4420
v 0.2372 3.9319 1.5702
v 0.2269 4.0457 1.6129
v 0.1498 3.9166 1.7334
v 0.1719 4.0054 1.6903
v 0.0609 3.9106 1.6807
v 0.6472 3.2804 1.8325
v 0.3967 4.1218 1.5372
v 0.3226 3.8616 1.5483
v 0.3032 3.9480 1.4795
v 0.2206 3.7857 1.6595
v 0.2560 4.0424 1.5049
v 0.5739 3.2687 1.7533
v 0.6261 3.1469 1.8017
v 0.6335 3.3843 1.7777
v 0.7785 3.1001 1.6512
v -0.9907 3.9265 1.6327
v -1.0842 3.9770 1.5962
v -1.1512 3.1728 1.5984
v -0.9747 3.2045 1.5171
v -1.0928 3.1553 1.4714
v -1.1558 3.4322 1.5044
v -1.1688 3.3190 1.5852
v -1.1030 3.6017 1.6144
v -1.0804 3.3013 1.4800
v -1.1353 3.4749 1.6584
v -1.1066 3.6076 1.6561
v -1.0355 3.6766 1.6031
v -0.9387 3.4154 1.6297
v -0.9618 3.5536 1.6517
v -1.1010 3.3762 1.6744
v -1.2096 3.6485 1.5471
v -1.2005 3.7510 1.5269
v -1.0425 3.3953 1.5579
v -0.9551 3.3078 1.5760
v -1.0949 3.4955 1.5731
v -1.1930 3.5397 1.5307
v -0.8574 3.2036 1.5915
v -0.8391 3.3296 1.6290
v -0.6823 3.4352 1.6495
v -0.7412 3.3530 1.6407
v -1.0154 3.4778 1.6271
v -0.8599 2.8580 1.4961
v -0.8179 3.5047 1.6600
v -0.8306 3.6320 1.6588
v -0.8894 3.0382 1.5234
v -0.7591 3.7086 1.6409
v -0.6788 3.5840 1.6621
v -0.9059 3.1352 1.5424
v -1.0184 3.0133 1.4498
v -0.5954 3.5077 1.6495
v -0.9977 3.1104 1.4806
v -1.0991 2.8926 1.4835
v -0.9302 2.9466 1.4791
v -1.1216 2.9371 1.5894
v -0.9890 2.7039 1.4343
v -0.9713 2.8318 1.4437
v -1.0756 2.7764 1.4687
v -1.3206 2.9864 1.1760
v -1.3242 2.9135 1.0930
v -1.3106 2.9446 1.2681
v -1.3000 2.4968 1.5131
v -1.3012 2.5564 1.4059
v -0.9957 3.1352 1.7207
v -1.0506 2.7628 1.6970
v -1.2844 2.3949 1.7122
v -0.9809 1.3787 1.6075
v -0.8681 1.4896 1.4568
v -0.9455 1.4613 1.5356
v -0.8836 1.3697 1.4794
v -1.0461 2.4201 1.6684
v -0.9948 2.5396 1.7579
v -0.9801 2.3925 1.8007
v -1.0752 2.5919 1.6065
v -1.0836 2.6468 1.4924
v -0.9878 2.4894 1.8470
v -0.9814 2.3215 1.8663
v -1.0171 2.2338 1.7021
v -1.0801 2.6926 1.6296
v -1.0504 2.5233 1.6760
v -1.0145 2.3367 1.7212
v -1.0321 2.6349 1.7113
v -0.4173 3.7197 1.6007
v -0.2986 3.4294 1.5728
v 1.2377 2.6614 1.6379
v 1.2270 2.5157 1.6968
v 1.2664 2.6786 1.5372
v 1.2842 2.6364 1.4363
v 1.1789 2.3808 1.7622
v 1.2766 2.4360 1.5935
v 1.0373 2.3740 1.8019
v 1.2514 2.3632 1.6785
v 1.1084 2.2863 1.7942
v 0.8226 1.8095 1.6108
v 0.8928 1.6014 1.6675
v -1.3854 1.3249 1.4381
v -1.3936 1.2409 1.3868
v -1.3889 1.2624 1.6281
v -1.3961 1.1536 1.5730
v -1.3785 1.4747 1.3350
v -1.3810 1.3508 1.5535
v -1.3887 1.2490 1.5214
v -1.3761 1.4245 1.7324
v -1.3876 1.3634 1.3309
v -1.3782 1.4247 1.4245
v -1.4142 1.3233 1.0868
v -1.4064 1.2846 1.1869
v -1.3857 1.5167 1.1885
v -1.4060 1.4296 1.0729
v -1.3745 1.7365 1.1178
v -1.4401 1.3911 0.8908
v -0.6192 1.0523 1.4728
v -0.5904 0.9545 1.4989
v -0.5529 0.9471 1.6152
v -0.5233 0.9813 1.7249
v -0.5181 1.0748 1.5774
v -0.5476 1.0005 1.5572
v -0.5224 1.0238 1.6477
v -0.4217 0.9665 1.8723
v -0.4730 0.8840 1.8054
v -0.4927 0.9525 1.7896
v -0.4880 0.8160 1.7558
v -0.6954 0.6365 1.5376
v 0.6037 4.1308 1.5360
v 0.5586 4.2048 1.4854
v 0.6191 4.2140 1.5763
v 0.5539 4.0400 1.5881
v 0.4374 4.0129 1.5756
v 0.3899 3.9060 1.5420
v 0.4207 4.0940 1.4974
v 0.5207 3.9267 1.5471
v 0.6123 3.9139 1.4997
v 1.1751 4.0321 1.2621
v 1.0925 4.0110 1.3668
v 1.0977 3.8639 1.4895
v 0.8834 4.6395 1.0655
v 0.9487 4.7426 0.8729
v 1.0117 4.8271 0.8165
v 0.8486 3.8872 1.6197
v 0.3606 3.5083 1.6401
v 0.5024 2.6806 1.7564
v 0.4564 3.5664 1.8207
v 0.5458 3.4979 1.9350
v 0.6172 3.3836 1.9138
v 0.3625 3.2540 1.9437
v 0.5443 3.1926 1.9807
v 0.4745 3.3584 1.9656
v 0.6352 3.1591 1.9179
v 0.6124 3.2729 1.9356
v 0.4411 3.4463 1.8740
v 0.4584 3.2513 1.9940
v 0.3047 3.3705 1.8550
v 0.3936 3.3450 1.9031
v 0.0393 3.5252 1.7581
v 0.0747 3.7262 1.7597
v 0.1825 3.5038 1.8649
v 0.0474 3.6796 1.6160
v 0.2694 3.4630 1.8361
v 0.4930 4.3615 1.5462
v 0.4215 4.2498 1.5422
v 0.5030 4.4698 1.4847
v 0.4155 4.3831 1.4588
v 0.5079 4.2648 1.6113
v 0.5939 4.4166 1.5265
v 0.4827 4.1635 1.6519
v 0.5952 4.3228 1.5847
v 0.4532 2.9237 1.5645
v 0.4600 3.0247 1.7333
v 0.1954 3.8835 1.6498
v 0.3183 3.6945 1.6611
v 0.2248 3.6909 1.7907
v 0.3513 3.5987 1.7160
v 0.2947 4.0562 1.4112
v -0.6029 2.9675 1.6126
v -0.7339 3.0810 1.6028
v -0.5353 3.6374 1.6382
v -0.4739 3.5553 1.6317
v -0.9894 2.0950 1.7818
v -0.7992 2.2522 1.4354
v -0.9328 2.4626 1.4216
v -0.9950 2.5757 1.4341
v -1.0688 2.4499 1.5102
v -0.3335 3.5367 1.5477
v -0.3881 3.4758 1.6199
v -0.0746 3.4781 1.5523
v 0.8548 1.7240 1.6310
v 0.9044 1.8363 1.6943
v 0.5861 1.7768 1.5132
v -1.3555 1.7103 1.4489
v -0.4732 1.4335 1.8068
v -0.4917 1.2115 1.7530
v -0.4987 1.1263 1.6761
v -0.5001 1.1117 1.7898
v -0.4704 1.2601 1.5978
v -0.4259 1.2153 1.8977
v -0.4903 1.1655 1.5906
v -0.4794 1.1846 1.8335
v -0.4286 1.1099 1.8827
v 0.4534 3.8199 1.5258
v 1.0477 4.8432 0.9052
v 0.4748 2.8099 1.7255
v 0.5351 2.9084 1.7720
v 0.1711 3.8027 1.7683
v 0.0774 3.1485 1.8095
v 0.1700 3.2573 1.9315
v 0.2686 3.2856 1.9071
v 0.1842 3.3813 1.9025
v 0.0306 3.7681 1.6746
v 0.0841 3.8301 1.7338
v 0.1428 3.4735 1.5804
v 0.0294 3.6294 1.7136
v 0.0713 3.5633 1.6232
v 0.1498 3.5805 1.5502
v -0.0314 3.5412 1.5393
v 0.0630 3.5737 1.4714
v -0.0060 3.6937 1.5304
v 0.0727 3.7176 1.4644
v -0.0773 3.6295 1.6115
v -0.0617 3.7285 1.6060
v 0.1197 3.6160 1.8116
v 0.2605 3.5811 1.8159
v -0.5583 3.1584 1.6359
v -0.7770 2.9521 1.5594
v -0.6966 2.9899 1.5967
v -0.9895 2.1963 1.7887
v -1.0529 1.9988 1.9854
v -1.0606 2.2980 1.5615
v -0.1531 3.5765 1.4810
v -0.2376 3.4885 1.4869
v -0.0558 3.6600 1.5138
v 0.7204 1.7400 1.5412
v 0.7400 1.8509 1.5495
v 0.6247 1.6366 1.5063
v 0.7359 1.4790 1.5351
v 0.8411 1.4998 1.6055
v 0.8573 1.0656 1.5879
v 0.8814 1.2760 1.6341
v 0.8838 1.3949 1.6435
v 0.7864 1.3432 1.5497
v 0.9831 1.3256 1.7535
v 0.6518 1.5346 1.5068
v 0.6756 0.9249 1.4916
v 0.6193 1.3525 1.5047
v 0.7919 1.1916 1.5397
v 0.6085 0.8325 1.5185
v 0.7091 1.3879 1.5144
v 0.8738 1.1673 1.6163
v 1.0162 1.0505 1.7681
v 0.9354 1.0855 1.6817
v 1.1617 0.9674 1.8364
v 1.0740 0.8338 1.7943
v 0.9937 1.1846 1.7569
v 1.2562 0.9882 1.8203
v 0.9531 0.9139 1.6785
v 0.9649 0.9997 1.7055
v 1.0373 0.9399 1.7779
v 0.7038 1.2663 1.5050
v 0.5118 1.1630 1.5752
v 0.6454 1.1168 1.4925
v 0.5768 1.2367 1.5170
v 0.4902 1.3617 1.6742
v 0.5007 1.2737 1.5952
v 0.5164 1.3858 1.5670
v 0.7993 0.7603 1.5293
v 0.5346 0.9569 1.5602
v 1.0904 1.1343 1.8179
v 1.0994 1.0395 1.8177
v 0.9432 1.2493 1.7050
v 0.7599 1.0875 1.5211
v 0.6840 1.0212 1.4902
v 0.7191 0.8314 1.4984
v 0.8482 0.8879 1.5619
v 0.7916 0.9825 1.5353
v 0.7318 0.6868 1.5001
v 0.5087 0.9343 1.6331
v 0.5374 0.8736 1.5678
v -1.3662 1.5723 1.4374
v -1.3609 1.6126 1.6104
v -1.3654 1.6489 1.3260
v -1.3528 1.8113 1.3189
v -1.3657 1.5561 1.5329
v -1.3751 1.5587 1.2826
v -0.4637 1.3263 1.7139
v -0.4795 1.3122 1.8486
v -0.2087 1.4512 1.9195
v -0.3969 1.4357 1.9448
v -0.4620 1.3982 1.8865
v -0.3997 1.3208 1.9280
v -0.3091 1.2430 1.9341
v -0.2966 1.3765 1.9314
v -0.1445 1.3061 1.8568
v -0.2384 1.3045 1.9103
v -0.5860 1.4065 1.4725
v -0.4368 1.4393 1.5829
v -0.4474 1.3534 1.6234
v -0.4534 1.4496 1.6960
v -0.5002 1.3331 1.5209
v -0.4525 1.9860 1.8698
v -0.3721 1.7519 1.6573
v -0.4050 1.5888 1.6484
v -0.6098 1.2773 1.4673
v -0.5156 1.2415 1.5230
v -0.7103 1.3587 1.4425
v -0.6688 1.1854 1.4568
v -0.7023 1.5325 1.4393
v -0.7134 1.2646 1.4481
v -0.6666 3.1631 1.6258
v -0.9711 1.9932 1.8768
v -0.9773 2.1077 1.8903
v -1.0861 2.1756 1.9815
v -0.9936 1.7926 1.9484
v -0.9939 1.6758 1.9555
v -0.9978 1.9076 1.9435
v -0.9742 1.8445 1.8388
v -0.9748 1.7264 1.8550
v -1.0182 1.7603 1.6767
v -1.0141 1.6292 1.6620
v -1.0001 1.8329 1.7443
v -0.9496 1.6287 1.5104
v -1.0711 2.3913 1.5827
v -1.0270 2.0484 1.5379
v -0.9999 2.3413 1.4449
v -1.0046 2.1853 1.4679
v -0.8811 2.3473 1.4235
v -0.9130 2.2340 1.4219
v -1.0483 2.1693 1.5861
v -1.0290 2.0684 1.6637
v -0.2186 3.5912 1.5993
v -0.1461 3.6734 1.5770
v 1.0853 1.3026 1.8209
v 1.2385 0.8293 1.8377
v 1.3457 0.7708 1.7751
v 1.3719 0.8569 1.7434
v 0.9923 0.8118 1.7103
v 0.9215 0.7412 1.6109
v 0.8675 0.8035 1.5675
v 0.9291 0.8359 1.6360
v 0.8636 0.6780 1.5551
v 0.9416 0.6090 1.6150
v 0.5552 1.0604 1.5396
v 0.4954 1.0742 1.6319
v 0.5194 1.2055 1.7614
v 0.4959 1.1621 1.6690
v 0.5198 1.0853 1.7668
v 0.4966 1.2667 1.6899
v 0.5399 1.1542 1.9181
v 0.5328 1.1485 1.8250
v 1.1932 1.0632 1.8344
v 0.8891 0.9689 1.6086
v -1.3668 1.5348 1.6968
v -1.3334 1.8960 1.7013
v -1.3493 1.9073 1.2528
v -1.3352 1.9878 1.4813
v -1.3386 1.9868 1.3534
v -1.3280 2.1104 1.4176
v -1.3331 2.0947 1.3096
v -1.3188 2.1358 1.6220
v -1.2963 2.2468 1.7144
v -1.3167 2.2625 1.4600
v -1.3274 2.0874 1.5250
v -1.3314 1.9903 1.6115
v -1.3099 2.0418 1.7603
v -1.2727 2.3180 1.7870
v -1.3166 2.2337 1.5676
v -1.3095 2.3548 1.4984
v -1.3167 2.3175 1.3498
v -1.2903 2.1541 1.7912
v 0.1883 1.5453 1.9161
v 0.1319 1.3473 1.8695
v 0.0896 1.2539 1.8556
v 0.1951 1.2742 1.9440
v -0.0071 1.3373 1.8263
v 0.2439 1.4228 2.0072
v 0.1995 1.3567 1.9454
v -0.0593 1.2724 1.8334
v -0.1588 1.1887 1.8665
v 0.0613 1.4677 1.8300
v -0.1066 1.4068 1.8429
v -0.1816 1.1096 1.8986
v -0.0736 1.1347 1.8543
v -0.4563 1.7038 1.9269
v -0.5065 1.5902 1.5015
v -0.7689 1.4495 1.4410
v -1.0405 2.2658 1.9531
v -1.1629 2.0727 1.9870
v -1.2624 1.8569 1.9330
v -1.1249 1.8532 2.0262
v -1.2347 1.9816 1.9396
v -1.0848 1.7251 2.0316
v -1.2965 1.9395 1.8389
v -1.2281 1.5961 2.0142
v -1.1373 1.6358 2.0429
v -1.2160 1.7443 2.0019
v -1.1595 1.5143 2.0569
v -1.3094 1.7196 1.8820
v -1.3226 1.8212 1.8045
v -1.3483 1.7478 1.6766
v -1.3444 1.8447 1.5500
v -1.3124 1.5880 1.9114
v -1.3546 1.4907 1.8401
v -1.2838 1.4723 1.9870
v -1.2638 1.6715 1.9574
v -1.3536 1.7183 1.5652
v -1.3557 1.6531 1.6987
v -1.3384 1.7190 1.7800
v -1.3440 1.8753 1.4283
v -1.0328 2.0926 1.9641
v -0.8229 1.6382 1.4338
v -0.8905 1.5815 1.4565
v -0.7967 1.5455 1.4361
v -0.6450 1.7228 1.4462
v -0.8006 1.9660 1.4210
v -0.8298 2.1109 1.4201
v -0.7146 1.6410 1.4344
v -0.6116 1.5972 1.4600
v -0.9219 1.8150 1.4465
v -0.9495 2.0655 1.4373
v -0.9757 1.9384 1.4753
v -1.0287 1.9172 1.6092
v -0.8867 1.9117 1.4303
v -0.7730 1.8067 1.4238
v -0.9080 1.7059 1.4492
v 1.1493 0.8757 1.8313
v 0.5365 1.0537 1.8813
v 0.5251 1.0041 1.8000
v 0.5522 1.4148 1.9474
v 0.5406 1.3329 1.8189
v 0.5456 1.2803 1.9440
v 0.5409 1.2480 1.8490
v 0.4297 1.3658 2.0890
v 0.3070 1.2831 2.0743
v 0.4994 1.2065 2.0251
v 0.5229 1.3529 2.0302
v 0.3181 1.3826 2.0875
v 0.4871 1.1141 2.0209
v 0.4220 1.2607 2.0795
v 0.1539 1.4451 1.8864
v -0.0716 1.9438 1.8299
v -0.4605 1.5501 1.9087
v -0.3146 1.5804 1.9572
v -0.4572 1.6228 1.7902
v -0.4642 1.5199 1.7736
v -0.4086 1.6257 1.9624
v -0.3933 1.5261 1.9559
v -0.4442 1.7852 1.8006
v -0.4127 1.6782 1.7167
v -0.4594 1.7068 1.8392
v -0.4362 1.5395 1.5590
v -0.4159 1.6715 1.5593
v -0.5080 1.4791 1.5024
v -0.4719 1.9313 1.5053
v -0.5161 1.7228 1.4911
v -0.4081 1.8106 1.5406
v -0.5783 1.8456 1.4632
v -0.6002 2.1254 1.4808
v -0.3369 1.9803 1.6819
v -0.6914 1.9006 1.4388
v -0.6910 2.0339 1.4483
v -0.5697 2.0038 1.4721
v -0.7186 2.1561 1.4530
v -0.3611 1.9256 1.5696
v -0.3514 1.8661 1.6678
v -0.3594 2.1745 1.5401
v -0.4243 1.9233 1.7613
v -0.4653 2.0938 1.4941
v -0.3336 2.0531 1.5751
v -0.4151 2.0131 1.5271
v -1.1496 1.9606 2.0050
v -0.9976 1.7976 1.5519
v 0.0353 1.7112 1.8312
v -0.1082 1.5875 1.8564
v -0.1376 1.4971 1.8665
v -0.1989 1.5824 1.9317
v -0.1706 1.7928 1.9315
v -0.3243 1.7688 1.9941
v -0.1595 1.6805 1.9146
v -0.0744 1.6874 1.8411
v -0.0485 1.8129 1.8284
v -0.4532 1.8525 1.9325
v -0.4087 1.7785 1.9626
v -0.9958 1.6940 1.5809
v 0.0886 1.5939 1.8481
v -0.0084 1.5448 1.8238
v -0.2760 2.0087 1.9988
v -0.3919 1.9578 1.9769
v -0.2976 1.8884 2.0054
v -0.2603 1.6770 1.9681
v -1.3950 1.0781 1.8811
v -1.4105 1.0406 1.7819
v -1.3677 1.2863 1.8908
v -1.3960 1.1918 1.7752
v -1.3685 1.3811 1.8334
v -1.2908 1.3286 2.0043
v -1.3838 1.1827 1.8786
v -1.3092 1.1244 2.0380
v -1.3976 1.1735 1.6757
v -1.3279 1.3955 1.9298
v -1.2089 1.2983 2.0697
v -1.3314 1.2227 1.9814
v -1.3869 1.3056 1.7397
v -1.3619 1.0421 1.9823
v -1.4004 0.9706 1.9048
v -1.2866 1.0168 2.0695
v -0.2251 4.6629 1.0794
v 1.3653 1.8014 1.1657
v -0.2446 3.7276 1.7256
v -0.3328 3.7497 1.6756
v -0.2663 3.2896 1.8124
v -1.3121 2.6658 1.2417
v 0.8394 2.1571 1.6648
v 0.4710 2.5484 1.6831
v 0.5874 2.1888 1.5097
v 0.5225 2.6676 2.0532
v -0.7573 2.6191 1.5043
v -0.8795 2.6286 1.4568
v -0.7778 2.4610 1.4697
v -0.8199 2.7336 1.4930
v -0.6258 2.3263 1.5122
v -0.6360 2.7668 1.5752
v -0.6990 2.2595 1.4740
v -0.7480 2.8206 1.5445
v -0.7204 2.7148 1.5358
v -0.6623 2.8769 1.5866
v -0.5058 2.2367 1.5068
v -0.6055 2.2254 1.4964
v -0.4240 2.4690 1.5383
v -0.5022 2.3655 1.5244
v -0.3478 2.3306 1.5378
v -0.6022 2.5212 1.5452
v -0.6196 2.6437 1.5609
v -0.5231 2.4606 1.5417
v -0.4099 2.2553 1.5229
v -0.2858 2.2560 1.6866
v -0.2882 2.1495 1.6332
v -0.4270 2.1502 1.7672
v -0.4143 2.0377 1.7455
v -0.4033 2.1528 1.9533
v -0.4255 2.0512 1.9435
v -0.3023 2.4457 1.5506
v -0.2046 2.8507 1.5557
v -0.4043 2.7298 1.5928
v -0.5252 2.7148 1.5871
v -0.4830 2.5867 1.5684
v -0.5297 2.8500 1.6068
v -0.2198 2.6345 1.5736
v -0.3407 2.5740 1.5558
v -0.2360 2.5263 1.5837
v -0.2946 2.2501 1.5818
v -0.3176 2.6720 1.5821
v -0.3049 2.7879 1.5637
v -0.8583 2.5259 1.4485
v -0.7038 2.5247 1.5117
v 0.8743 1.9896 1.6816
v 0.9389 1.9281 1.7351
v 0.9096 2.0914 1.7233
v 0.8062 2.0557 1.6204
v 0.7316 2.1748 1.5587
v 0.8363 1.9091 1.6305
v 0.7967 2.3077 1.6265
v 0.6892 2.3700 1.5451
v 0.6531 2.0436 1.5115
v 0.5382 2.3529 1.5158
v 0.6690 2.2610 1.5320
v 0.7354 2.0749 1.5559
v 0.4979 1.9840 1.7404
v 0.5109 2.4550 1.5269
v 0.4931 2.0498 1.5794
v 0.5662 2.0907 1.5211
v 0.4718 2.2325 1.6609
v 0.4663 2.3248 1.5966
v 0.4948 2.2284 1.5539
v 0.8717 2.2660 1.7060
v 0.6257 1.9086 1.5060
v 0.4823 1.8818 1.6011
v 0.4766 2.1048 1.6934
v 0.6063 2.2293 1.9134
v 0.5432 2.1965 1.7865
v 0.5149 2.3403 1.7496
v 0.5856 2.0425 1.8915
v 0.4927 2.4314 1.7116
v 0.6023 2.3733 1.8627
v 0.5862 2.1433 1.8638
v 0.5353 2.0797 1.7870
v 0.5807 2.2808 1.8277
v 0.6274 2.5601 1.9325
v 0.5546 2.3614 2.0441
v 0.6094 2.4832 1.8607
v 0.5959 2.6077 1.8137
v 0.6148 2.4449 1.9749
v 0.6202 2.7728 1.8276
v 0.5567 2.5392 2.0442
v 0.2828 2.5112 2.0618
v 0.4194 2.5617 2.0931
v 0.6126 2.3256 1.9618
v 0.3890 2.4077 2.1039
v 0.4686 2.3374 2.1060
v 0.4950 2.4493 2.0876
v 0.9301 2.1918 1.7434
v 0.5370 1.9589 1.5427
v 0.4707 1.9719 1.6451
v 0.5432 1.6870 1.8292
v 0.5357 1.5038 1.8058
v 0.5499 1.4234 1.8518
v 0.5366 2.1028 2.0726
v 0.5757 2.2224 2.0360
v 0.6009 2.1268 1.9774
v 0.4933 2.1967 2.1064
v 0.6433 2.9076 1.8594
v 0.6245 2.9970 1.8237
v 0.5233 2.8923 2.0315
v 0.3877 3.0489 2.0267
v 0.4503 3.1418 2.0141
v 0.5187 3.0285 2.0198
v 0.6171 2.8012 1.9700
v 0.6091 2.9393 1.9630
v 0.2722 2.7865 2.0289
v 0.5306 2.7801 2.0384
v 0.4029 2.8230 2.0573
v 0.6291 2.6872 1.9241
v 0.5923 2.6266 1.9995
v 0.3139 2.6521 2.0594
v 0.4203 2.9388 2.0444
v 0.5005 1.8200 1.7515
v 0.5646 1.5887 1.9630
v 0.5016 1.5104 2.0827
v 0.3369 1.5479 2.1164
v 0.4833 1.6029 1.6716
v 0.4845 1.4761 1.6462
v 0.5179 1.6253 1.5653
v 0.4833 1.7370 1.6426
v 0.5003 1.7139 1.7401
v 0.5098 1.7950 1.5715
v 0.5629 1.9080 1.8453
v 0.5671 1.9036 2.0425
v 0.5927 2.0121 2.0022
v 0.5533 1.7973 1.8436
v 0.5828 1.8465 1.9443
v 0.5487 1.7321 2.0656
v 0.5551 1.5930 1.8632
v 0.5528 1.5012 2.0024
v 0.2573 1.5325 2.0149
v 0.2671 1.8859 2.0847
v 0.3675 2.0470 2.1373
v 0.2870 1.7073 2.0755
v 0.1596 1.9311 1.8772
v 0.0469 1.8971 1.8282
v 0.1261 1.8042 1.8611
v 0.2120 1.8491 1.9617
v 0.1929 1.6933 1.9199
v 0.2442 1.7882 2.0329
v 0.4064 1.4666 2.0996
v 0.5755 1.7123 1.9473
v 0.4475 1.6457 2.1184
v 0.5365 1.6133 2.0659
v 0.4187 1.8257 2.1440
v 0.3471 1.6510 2.1329
v 0.4706 1.7436 2.1217
v 0.2345 1.6320 1.9918
v 0.3154 1.8051 2.1249
v 0.3616 1.9282 2.1452
v 0.4826 1.9307 2.1254
v 0.5158 1.8354 2.1031
v 0.4711 2.0361 2.1265
v 0.0613 3.3186 1.6871
v 0.0739 3.3106 1.8328
v 0.0478 3.4061 1.7700
v 0.0626 3.4496 1.6635
v 0.1160 3.4274 1.8428
v 0.0674 3.2378 1.7538
v 0.1214 3.1779 1.6013
v 0.0961 3.2221 1.8752
v 0.1785 3.0355 1.9632
v 0.2838 2.9546 2.0155
v 0.3214 2.8687 2.0371
v 0.1261 3.3214 1.5478
v 0.0336 3.4192 1.4959
v 0.0763 3.2363 1.5422
v -0.0971 3.3754 1.6368
v -0.0962 3.5057 1.6472
v -0.1977 3.4347 1.7600
v -0.0546 3.4358 1.5577
v -0.0559 3.3240 1.5459
v -0.1655 3.5321 1.7265
v -0.2962 3.5350 1.7692
v -0.2489 3.6257 1.7496
v -0.3530 3.5054 1.6233
v -0.3199 3.4076 1.7861
v -0.2140 3.1656 1.7046
v -0.3794 3.2538 1.6987
v -0.3551 3.3143 1.7740
v -0.3637 3.3787 1.6587
v -0.2443 3.3060 1.6881
v -0.1075 3.2622 1.5436
v -0.1963 3.3616 1.5161
v -0.3403 3.2044 1.5741
v -0.3899 3.3311 1.6244
v -0.0889 3.3712 1.5395
v -0.1446 3.3208 1.6310
v -0.2266 3.2549 1.5731
v -0.3668 2.9937 1.5641
v -0.2093 3.4502 1.6534
v -0.3063 2.8985 1.5555
v -0.4184 2.8913 1.5960
v -0.2165 3.0848 1.5319
v -0.2151 2.9682 1.5505
v -0.4811 3.0014 1.6193
v -0.1667 3.1780 1.5276
v -0.1322 3.0929 1.6329
v -0.4115 3.1046 1.6043
v -0.1285 3.2038 1.6410
v -0.2882 2.9082 1.7323
v -0.3201 3.0887 1.5535
v -0.2147 3.0264 1.7272
v -0.1651 2.9224 1.6622
v -0.4518 3.2227 1.6281
v -0.5789 3.3157 1.6426
v -0.2932 3.3291 1.5927
v -0.1467 3.5222 1.6081
v -0.4040 3.0658 1.7734
v -0.3531 3.1840 1.8181
v -0.3055 3.0973 1.7221
v -0.1431 2.8434 1.7211
v -0.1657 3.0804 1.7519
v -0.2296 3.1691 1.8132
v -0.2797 3.0088 1.8616
v -0.1262 3.2307 1.7045
v -0.3391 3.0877 1.8435
v -0.3315 3.6137 1.5851
v -0.4870 3.3548 1.6371
v -0.0159 2.9800 1.5634
v -0.4118 2.9117 1.8413
v -0.1875 2.9521 1.7835
v -0.1139 2.9700 1.6652
v -0.2611 2.7816 1.8819
v -0.2036 2.8464 1.8130
v -0.0838 3.1010 1.6067
v 0.0306 3.1007 1.5475
v -0.0910 3.2011 1.6147
v -0.1548 3.3377 1.7226
v -0.3650 2.9687 1.7664
v -0.3849 2.6430 1.7620
v -0.2419 2.5962 1.7217
v -0.2070 2.7628 1.7038
v -0.2085 2.6713 1.6644
v -0.2844 2.6954 1.7541
v -0.3928 2.7854 1.7776
v -0.3862 2.6897 1.9091
v -0.3764 2.8092 1.8963
v -0.2964 2.8941 1.8837
v -0.4007 2.4212 1.9116
v -0.4171 2.5584 1.8736
v -0.2016 2.5173 1.8469
v -0.3742 2.4383 1.7570
v -0.2530 2.6393 1.8988
v -0.1671 2.6959 1.7775
v -0.3968 2.5385 1.7737
v -0.3044 2.5160 1.9468
v -0.1945 2.6133 1.8247
v -0.1180 3.1356 1.6896
v -0.2019 2.8590 1.7291
v -0.2892 2.8012 1.7587
v -0.2834 2.4959 1.7357
v -0.2932 2.3661 1.7214
v -0.4159 2.2969 1.7725
v -0.3653 2.2222 1.7355
v -0.4350 2.2178 1.8598
v -0.3777 2.2900 1.9587
v -0.4339 2.3834 1.8239
v -0.2381 2.3579 1.9104
v -0.2449 2.4538 1.9047
v -0.3231 2.3781 1.9650
v 0.0950 2.3134 1.7511
v -0.0210 2.5270 1.6732
v -0.1240 2.5898 1.7192
v 0.0621 2.1056 1.7877
v 0.0028 2.7370 1.6196
v 0.0207 2.0026 1.8076
v -0.1006 2.7021 1.6755
v -0.0231 2.6331 1.6447
v 0.1321 2.6236 1.8515
v 0.1096 2.6734 1.7090
v 0.1895 2.6054 1.9881
v 0.1200 2.5198 1.7367
v 0.1027 2.8523 1.8507
v 0.1735 2.3975 1.9223
v 0.0572 2.5881 1.6933
v 0.0442 2.4223 1.7072
v -0.1203 2.4087 1.7492
v 0.1079 2.7363 1.8125
v 0.1537 2.7561 1.9491
v 0.1044 2.8424 1.6871
v 0.1194 3.0148 1.6736
v 0.1696 2.8955 1.9636
v 0.1971 2.4889 1.9896
v 0.1558 2.5092 1.8811
v 0.2512 2.3499 2.0522
v 0.1513 2.4129 1.8014
v 0.2215 2.7018 2.0023
v 0.0860 2.7524 1.6618
v 0.3014 2.4220 2.0813
v 0.3309 2.3235 2.1051
v 0.2485 2.1619 2.0573
v -0.1525 2.5025 1.7615
v 0.0232 2.8619 1.5925
v 0.0902 2.9265 1.6336
v -0.0755 2.8179 1.6332
v 0.0844 2.9379 1.7641
v 0.1066 2.9755 1.8808
v 0.0832 3.0463 1.7711
v 0.1073 3.1318 1.7019
v 0.1092 3.0856 1.8931
v 0.3383 2.1556 2.1222
v 0.1995 2.2538 1.9530
v 0.1690 2.2996 1.8459
v 0.1242 2.2059 1.7929
v 0.1860 2.0894 1.8847
v 0.2250 1.9998 2.0004
v 0.2116 2.1506 1.9630
v 0.2768 1.9977 2.0965
v 0.1196 2.0210 1.8400
v 0.1833 2.1918 1.8741
v -1.1959 2.1922 1.9426
v 1.3008 0.6742 1.8213
v -0.1776 1.9331 1.9240
v -0.1211 1.8574 1.8854
v 0.4166 2.7071 2.0733
v 0.2774 3.1401 1.9880
v 0.3665 3.1710 1.9892
v 0.1753 3.1493 1.9503
v -0.2437 2.1791 1.9416
v -0.1213 2.1209 1.8173
v -0.3282 2.2070 1.9825
v -0.1958 2.0611 1.9083
v -0.1283 2.0248 1.8452
v -0.0261 2.2247 1.7607
v -0.1605 2.2682 1.8169
v -0.2119 2.2634 1.9002
v -0.0863 2.3099 1.7554
v -0.1848 2.3693 1.8220
v 0.7026 1.3241 -0.4280
v 0.5028 1.3257 -0.4597
v 0.2999 1.3274 -0.4812
v 0.0951 1.3297 -0.4913
v -0.1101 1.3336 -0.4884
v -0.3142 1.3350 -0.4707
v -0.5160 1.3374 -0.4462
v -0.7145 1.3387 -0.4144
v -0.7061 1.5180 -0.3554
v -0.5083 1.5168 -0.3884
v -0.3074 1.5097 -0.3997
v -0.1049 1.5032 -0.4054
v 0.0972 1.5078 -0.4286
v 0.2987 1.5133 -0.4488
v 0.4990 1.5099 -0.4186
v 0.6953 1.5037 -0.3706
v 0.4001 1.4184 -0.4509
v 0.1976 1.4209 -0.4696
v 0.5998 1.4149 -0.4173
v 0.7717 1.4099 -0.3767
v -0.0058 1.4187 -0.4556
v -0.2093 1.4200 -0.4418
v -0.6122 1.4292 -0.4067
v -0.4121 1.4268 -0.4334
v -0.7822 1.4248 -0.3605
vt 0.1624 0.7132
vt 0.1429 0.7323
vt 0.1345 0.6994
vt 0.1727 0.7384
vt 0.1417 0.6941
vt 0.1493 0.6893
vt 0.1624 0.7132
vt 0.1276 0.7051
vt 0.1149 0.7175
vt 0.1211 0.7111
vt 0.1429 0.7323
vt 0.1735 0.6781
vt 0.1858 0.7014
vt 0.1652 0.6813
vt 0.1995 0.6718
vt 0.2084 0.6709
vt 0.2153 0.6976
vt 0.2173 0.6704
vt 0.2706 0.6723
vt 0.2568 0.6979
vt 0.2618 0.6712
vt 0.3125 0.6865
vt 0.2952 0.7103
vt 0.3046 0.6825
vt 0.2263 0.6705
vt 0.1624 0.7132
vt 0.1858 0.7014
vt 0.1907 0.6734
vt 0.1820 0.6754
vt 0.2352 0.6710
vt 0.0799 0.7691
vt 0.0841 0.7612
vt 0.1071 0.7702
vt 0.0996 0.7937
vt 0.1071 0.7702
vt 0.0885 0.7535
vt 0.0932 0.7459
vt 0.0662 0.7990
vt 0.0856 0.8134
vt 0.0576 0.8213
vt 0.0775 0.8362
vt 0.0996 0.7937
vt 0.0662 0.7990
vt 0.0760 0.7772
vt 0.2686 0.7225
vt 0.2359 0.7155
vt 0.2568 0.6979
vt 0.1228 0.7512
vt 0.1090 0.7243
vt 0.1429 0.7323
vt 0.1228 0.7512
vt 0.1482 0.7622
vt 0.0775 0.8362
vt 0.1116 0.8199
vt 0.0975 0.8511
vt 0.1228 0.7512
vt 0.0982 0.7385
vt 0.1034 0.7312
vt 0.1116 0.8199
vt 0.0996 0.7937
vt 0.1282 0.7900
vt 0.1571 0.6850
vt 0.2024 0.7216
vt 0.3216 0.7627
vt 0.2975 0.7395
vt 0.3265 0.7335
vt 0.2568 0.6979
vt 0.2440 0.6706
vt 0.2529 0.6706
vt 0.2568 0.6979
vt 0.2568 0.6979
vt 0.2793 0.6740
vt 0.2879 0.6763
vt 0.2952 0.7103
vt 0.2963 0.6791
vt 0.3202 0.6910
vt 0.3276 0.6959
vt 0.3276 0.6959
vt 0.3347 0.7013
vt 0.3265 0.7335
vt 0.3414 0.7070
vt 0.3479 0.7131
vt 0.3540 0.7196
vt 0.3598 0.7263
vt 0.3265 0.7335
vt 0.1282 0.7900
vt 0.1228 0.7512
vt 0.1482 0.7622
vt 0.2686 0.7225
vt 0.2952 0.7103
vt 0.2975 0.7395
vt 0.3598 0.7263
vt 0.3654 0.7332
vt 0.3505 0.7620
vt 0.3804 0.7552
vt 0.3505 0.7620
vt 0.3757 0.7477
vt 0.3707 0.7404
vt 0.3418 0.7896
vt 0.3694 0.7928
vt 0.3589 0.8185
vt 0.3828 0.8133
vt 0.3694 0.7928
vt 0.3849 0.7629
vt 0.3892 0.7707
vt 0.3505 0.7620
vt 0.3933 0.7786
vt 0.3418 0.7896
vt 0.3216 0.7627
vt 0.3505 0.7620
vt 0.3737 0.8487
vt 0.4128 0.8223
vt 0.3932 0.8355
vt 0.3828 0.8133
vt 0.4036 0.8002
vt 0.4036 0.8002
vt 0.0910 0.8912
vt 0.1078 0.8760
vt 0.1157 0.9005
vt 0.1480 0.9129
vt 0.1696 0.8970
vt 0.1818 0.9217
vt 0.1480 0.9129
vt 0.1157 0.9005
vt 0.1382 0.8880
vt 0.1157 0.9005
vt 0.1341 0.9358
vt 0.1032 0.9230
vt 0.1818 0.9217
vt 0.2017 0.9026
vt 0.2166 0.9266
vt 0.1663 0.9445
vt 0.0742 0.9063
vt 0.2657 0.9493
vt 0.2861 0.9213
vt 0.2982 0.9454
vt 0.2329 0.9497
vt 0.1995 0.9491
vt 0.2166 0.9266
vt 0.1995 0.9491
vt 0.3197 0.9133
vt 0.3301 0.9377
vt 0.2982 0.9454
vt 0.3197 0.9133
vt 0.3297 0.8887
vt 0.3509 0.9024
vt 0.2666 0.9027
vt 0.2985 0.8973
vt 0.2861 0.9213
vt 0.2517 0.9257
vt 0.2166 0.9266
vt 0.2343 0.9045
vt 0.3197 0.9133
vt 0.3598 0.8771
vt 0.3745 0.8933
vt 0.3509 0.9024
vt 0.3606 0.9257
vt 0.2666 0.9027
vt 0.2517 0.9257
vt 0.3891 0.9096
vt 0.0397 0.1388
vt 0.0280 0.1444
vt 0.0241 0.1311
vt 0.9245 0.2573
vt 0.9087 0.2513
vt 0.9280 0.2476
vt 0.0081 0.1364
vt 0.0241 0.1311
vt 0.0111 0.1452
vt 0.4318 0.4748
vt 0.4243 0.4904
vt 0.4146 0.4850
vt 0.3919 0.0456
vt 0.3872 0.0582
vt 0.3761 0.0506
vt 0.0723 0.1155
vt 0.0658 0.1231
vt 0.0562 0.1207
vt 0.9244 0.2148
vt 0.9331 0.2018
vt 0.9383 0.2122
vt 0.1212 0.1307
vt 0.1302 0.1439
vt 0.1162 0.1437
vt 0.8934 0.1042
vt 0.8970 0.1203
vt 0.8877 0.1139
vt 0.1312 0.1063
vt 0.1205 0.1001
vt 0.1366 0.0951
vt 0.1018 0.4175
vt 0.0967 0.4020
vt 0.1059 0.4076
vt 0.8148 0.1344
vt 0.8292 0.1412
vt 0.8132 0.1441
vt 0.0828 0.1208
vt 0.0723 0.1155
vt 0.0883 0.1103
vt 0.0569 0.1451
vt 0.0609 0.1645
vt 0.0482 0.1616
vt 0.8136 0.1181
vt 0.8265 0.1146
vt 0.8236 0.1300
vt 0.7418 0.0797
vt 0.7498 0.0961
vt 0.7369 0.0975
vt 0.1348 0.1181
vt 0.1446 0.1150
vt 0.1421 0.1333
vt 0.2603 0.0685
vt 0.2498 0.0619
vt 0.2662 0.0577
vt 0.0402 0.1259
vt 0.0244 0.1851
vt 0.0192 0.1696
vt 0.0316 0.1699
vt 0.0335 0.1801
vt 0.0395 0.1887
vt 0.0244 0.1851
vt 0.1527 0.3057
vt 0.1571 0.2958
vt 0.1664 0.3013
vt 0.1527 0.0901
vt 0.1486 0.1055
vt 0.1366 0.0951
vt 0.0274 0.1583
vt 0.0192 0.1696
vt 0.0140 0.1541
vt 0.3844 0.6017
vt 0.3763 0.5874
vt 0.3925 0.5899
vt 0.0516 0.1331
vt 0.0569 0.1451
vt 0.0397 0.1388
vt 0.0562 0.2347
vt 0.0666 0.2195
vt 0.0662 0.2372
vt 0.0398 0.1517
vt 0.0274 0.1583
vt 0.0280 0.1444
vt 0.0674 0.2006
vt 0.0514 0.1993
vt 0.0605 0.1861
vt 0.0750 0.2710
vt 0.0704 0.2572
vt 0.0800 0.2613
vt 0.8588 0.5682
vt 0.8635 0.5778
vt 0.8494 0.5734
vt 0.0560 0.2520
vt 0.0562 0.2347
vt 0.0672 0.2474
vt 0.0516 0.1331
vt 0.0402 0.1259
vt 0.0562 0.1207
vt 0.0295 0.2006
vt 0.0672 0.1429
vt 0.0746 0.1503
vt 0.0569 0.1451
vt 0.1450 0.1499
vt 0.1354 0.1523
vt 0.1302 0.1439
vt 0.1402 0.2961
vt 0.1275 0.2905
vt 0.1381 0.2836
vt 0.2189 0.1153
vt 0.2247 0.1070
vt 0.2311 0.1177
vt 0.1620 0.5679
vt 0.1732 0.5722
vt 0.1638 0.5797
vt 0.1450 0.1499
vt 0.1421 0.1333
vt 0.1489 0.1407
vt 0.1361 0.5749
vt 0.1276 0.5588
vt 0.1402 0.5573
vt 0.1276 0.5588
vt 0.1172 0.5515
vt 0.1219 0.5425
vt 0.4011 0.0403
vt 0.4149 0.0279
vt 0.4100 0.0458
vt 0.4316 0.0259
vt 0.4240 0.0333
vt 0.4149 0.0279
vt 0.1883 0.6017
vt 0.1965 0.5877
vt 0.2047 0.6017
vt 0.4746 0.0478
vt 0.4741 0.0339
vt 0.4908 0.0402
vt 0.2345 0.5767
vt 0.2226 0.5790
vt 0.2259 0.5696
vt 0.4316 0.0259
vt 0.4484 0.0245
vt 0.4410 0.0356
vt 0.1393 0.6017
vt 0.1479 0.5868
vt 0.1557 0.6017
vt 0.1638 0.5922
vt 0.1638 0.5797
vt 0.1804 0.5860
vt 0.4581 0.0409
vt 0.4534 0.0513
vt 0.4421 0.0491
vt 0.5074 0.0470
vt 0.4948 0.0540
vt 0.4908 0.0402
vt 0.1638 0.5922
vt 0.1380 0.5849
vt 0.1509 0.5721
vt 0.1479 0.5868
vt 0.3743 0.0403
vt 0.3649 0.0356
vt 0.3815 0.0326
vt 0.2825 0.0535
vt 0.2989 0.0495
vt 0.2929 0.0607
vt 0.5188 0.0544
vt 0.5281 0.0643
vt 0.5165 0.0677
vt 0.2472 0.0782
vt 0.2431 0.0692
vt 0.2603 0.0685
vt 0.8833 0.3886
vt 0.8950 0.3915
vt 0.8844 0.4052
vt 0.8900 0.2391
vt 0.8997 0.2327
vt 0.8990 0.2465
vt 0.2011 0.0757
vt 0.2173 0.0709
vt 0.2128 0.0857
vt 0.0772 0.2966
vt 0.0657 0.3091
vt 0.0605 0.2936
vt 0.8343 0.2932
vt 0.8566 0.2926
vt 0.8387 0.3031
vt 0.3084 0.0529
vt 0.2989 0.0495
vt 0.3153 0.0457
vt 0.1276 0.5588
vt 0.1259 0.5760
vt 0.1192 0.5683
vt 0.1511 0.5274
vt 0.1385 0.5236
vt 0.1470 0.5140
vt 0.3592 0.0511
vt 0.3433 0.0558
vt 0.3412 0.0459
vt 0.3255 0.0530
vt 0.3107 0.0627
vt 0.3084 0.0529
vt 0.6800 0.1735
vt 0.6895 0.1819
vt 0.6763 0.1856
vt 0.7540 0.0705
vt 0.7686 0.0807
vt 0.7520 0.0824
vt 0.3107 0.0627
vt 0.3181 0.0729
vt 0.3070 0.0775
vt 0.2782 0.0707
vt 0.2752 0.0823
vt 0.2634 0.0803
vt 0.1259 0.5760
vt 0.1361 0.5749
vt 0.1380 0.5849
vt 0.7002 0.1914
vt 0.7140 0.1880
vt 0.7103 0.2015
vt 0.0553 0.2781
vt 0.0502 0.2626
vt 0.0653 0.2662
vt 0.1812 0.0971
vt 0.1783 0.0877
vt 0.1971 0.0919
vt 0.1320 0.5413
vt 0.1219 0.5425
vt 0.1249 0.5252
vt 0.8786 0.3196
vt 0.8744 0.3326
vt 0.8595 0.3206
vt 0.4708 0.0587
vt 0.4633 0.0741
vt 0.4594 0.0610
vt 0.8376 0.5678
vt 0.8434 0.5820
vt 0.8330 0.5838
vt 0.0714 0.2813
vt 0.0809 0.3126
vt 0.0897 0.3255
vt 0.0800 0.3301
vt 0.0888 0.3444
vt 0.0897 0.3255
vt 0.1017 0.3401
vt 0.1153 0.5348
vt 0.1134 0.5180
vt 0.1249 0.5252
vt 0.8961 0.3746
vt 0.9111 0.3710
vt 0.9059 0.3865
vt 0.0714 0.2813
vt 0.9359 0.1627
vt 0.9444 0.1523
vt 0.9548 0.1685
vt 0.1577 0.1109
vt 0.1716 0.1269
vt 0.1609 0.1283
vt 0.2079 0.3981
vt 0.1894 0.3881
vt 0.2100 0.3877
vt 0.2751 0.3293
vt 0.2680 0.3197
vt 0.2811 0.3175
vt 0.2047 0.4952
vt 0.2108 0.5045
vt 0.2010 0.5069
vt 0.1986 0.5167
vt 0.1901 0.5269
vt 0.1870 0.5156
vt 0.0689 0.1325
vt 0.0903 0.3611
vt 0.0863 0.3710
vt 0.0812 0.3555
vt 0.1059 0.4076
vt 0.1065 0.3902
vt 0.1159 0.3940
vt 0.0760 0.3401
vt 0.0888 0.3444
vt 0.0812 0.3555
vt 0.1385 0.5236
vt 0.1249 0.5252
vt 0.1298 0.5076
vt 0.9369 0.2936
vt 0.9318 0.3091
vt 0.9205 0.2967
vt 0.1076 0.4678
vt 0.1057 0.4510
vt 0.1148 0.4585
vt 0.6784 0.6017
vt 0.6621 0.6017
vt 0.6702 0.5875
vt 0.1640 0.5296
vt 0.1683 0.5429
vt 0.1514 0.5446
vt 0.1451 0.4909
vt 0.1426 0.5011
vt 0.1346 0.4901
vt 0.8519 0.5881
vt 0.8336 0.5946
vt 0.8434 0.5820
vt 0.2061 0.5232
vt 0.8581 0.6017
vt 0.8418 0.6017
vt 0.8519 0.5881
vt 0.0398 0.1517
vt 0.1211 0.5850
vt 0.0316 0.1699
vt 0.1095 0.4845
vt 0.1211 0.4917
vt 0.1115 0.5013
vt 0.1230 0.6017
vt 0.1211 0.5850
vt 0.1312 0.5923
vt 0.1393 0.6017
vt 0.1410 0.4764
vt 0.1260 0.4747
vt 0.1345 0.4662
vt 0.0140 0.1541
vt 0.1148 0.4585
vt 0.1200 0.4409
vt 0.1265 0.4571
vt 0.1426 0.3999
vt 0.1325 0.4103
vt 0.1329 0.3983
vt 0.8663 0.5923
vt 0.2924 0.5394
vt 0.3049 0.5386
vt 0.3011 0.5521
vt 0.1720 0.6017
vt 0.2547 0.5609
vt 0.2455 0.5780
vt 0.2446 0.5564
vt 0.1965 0.5877
vt 0.1896 0.5765
vt 0.2006 0.5774
vt 0.1802 0.5960
vt 0.1883 0.6017
vt 0.1720 0.6017
vt 0.1802 0.5960
vt 0.2151 0.5438
vt 0.2023 0.5324
vt 0.2203 0.5326
vt 0.1153 0.5348
vt 0.2292 0.5865
vt 0.2292 0.5963
vt 0.2128 0.5929
vt 0.1638 0.5797
vt 0.2537 0.6017
vt 0.2619 0.5866
vt 0.2700 0.6017
vt 0.2715 0.5912
vt 0.2677 0.5780
vt 0.2780 0.5780
vt 0.2292 0.5963
vt 0.2373 0.6017
vt 0.2210 0.6017
vt 0.1522 0.5599
vt 0.1620 0.5679
vt 0.1509 0.5721
vt 0.2128 0.5929
vt 0.2210 0.6017
vt 0.2047 0.6017
vt 0.7266 0.0756
vt 0.7215 0.0621
vt 0.7367 0.0703
vt 0.1434 0.4376
vt 0.1500 0.4449
vt 0.1365 0.4487
vt 0.7921 0.3698
vt 0.7947 0.3558
vt 0.8056 0.3681
vt 0.3354 0.6017
vt 0.3190 0.6017
vt 0.3272 0.5922
vt 0.3437 0.5860
vt 0.3435 0.5960
vt 0.3272 0.5922
vt 0.8970 0.1203
vt 0.9094 0.1095
vt 0.9154 0.1182
vt 0.2945 0.5877
vt 0.2864 0.6017
vt 0.2821 0.5899
vt 0.8937 0.4343
vt 0.8895 0.4253
vt 0.8956 0.4175
vt 0.8305 0.2157
vt 0.8249 0.2033
vt 0.8406 0.2037
vt 0.4007 0.6017
vt 0.3435 0.5960
vt 0.3599 0.5877
vt 0.3517 0.6017
vt 0.9383 0.2122
vt 0.9485 0.2039
vt 0.9475 0.2196
vt 0.9115 0.1280
vt 0.9154 0.1182
vt 0.9302 0.1272
vt 0.4415 0.5874
vt 0.4497 0.6017
vt 0.4334 0.6017
vt 0.4472 0.5764
vt 0.4579 0.5881
vt 0.4415 0.5874
vt 0.9578 0.1506
vt 0.9621 0.1380
vt 0.9735 0.1439
vt 0.4170 0.6017
vt 0.4252 0.5954
vt 0.4334 0.6017
vt 0.8655 0.1375
vt 0.8678 0.1552
vt 0.8586 0.1476
vt 0.3354 0.6017
vt 0.7637 0.1245
vt 0.7526 0.1255
vt 0.7622 0.1134
vt 0.3272 0.5922
vt 0.3107 0.5860
vt 0.3272 0.5797
vt 0.4691 0.1002
vt 0.4772 0.1122
vt 0.4676 0.1181
vt 0.2011 0.5484
vt 0.2151 0.5438
vt 0.2128 0.5584
vt 0.5729 0.0440
vt 0.5885 0.0531
vt 0.5747 0.0587
vt 0.3860 0.5312
vt 0.3746 0.5394
vt 0.3763 0.5255
vt 0.5674 0.0352
vt 0.5559 0.0498
vt 0.5570 0.0356
vt 0.3311 0.5212
vt 0.3202 0.5326
vt 0.3192 0.5191
vt 0.3858 0.1050
vt 0.3732 0.0930
vt 0.3912 0.0953
vt 0.1410 0.4764
vt 0.1550 0.4689
vt 0.1536 0.4848
vt 0.1260 0.4747
vt 0.1152 0.4754
vt 0.1148 0.4585
vt 0.5074 0.0332
vt 0.5178 0.0325
vt 0.5074 0.0470
vt 0.2455 0.5913
vt 0.2292 0.5865
vt 0.2345 0.5767
vt 0.4982 0.1910
vt 0.5074 0.1869
vt 0.5129 0.1954
vt 0.6230 0.0438
vt 0.6165 0.0310
vt 0.6332 0.0337
vt 0.1724 0.5198
vt 0.1595 0.5173
vt 0.1666 0.5084
vt 0.6732 0.0481
vt 0.6663 0.0401
vt 0.6828 0.0436
vt 0.3109 0.5960
vt 0.2945 0.5877
vt 0.3107 0.5860
vt 0.1495 0.3308
vt 0.1401 0.3455
vt 0.1387 0.3279
vt 0.6702 0.0583
vt 0.6574 0.0677
vt 0.6553 0.0520
vt 0.4016 0.5497
vt 0.3911 0.5427
vt 0.3980 0.5327
vt 0.6071 0.0369
vt 0.6230 0.0438
vt 0.6056 0.0479
vt 0.1411 0.5468
vt 0.1276 0.5588
vt 0.1320 0.5413
vt 0.6702 0.0583
vt 0.6732 0.0481
vt 0.6886 0.0557
vt 0.7215 0.0621
vt 0.7156 0.0514
vt 0.7319 0.0556
vt 0.1470 0.5140
vt 0.1558 0.5047
vt 0.1595 0.5173
vt 0.7482 0.0600
vt 0.7367 0.0703
vt 0.7319 0.0556
vt 0.5662 0.0523
vt 0.5901 0.0389
vt 0.5831 0.0266
vt 0.5998 0.0285
vt 0.7016 0.0897
vt 0.6920 0.0775
vt 0.7027 0.0764
vt 0.1666 0.5084
vt 0.1719 0.4930
vt 0.1779 0.5081
vt 0.7328 0.0853
vt 0.7367 0.0703
vt 0.7418 0.0797
vt 0.8179 0.0915
vt 0.8081 0.0880
vt 0.8130 0.0788
vt 0.3576 0.1124
vt 0.3649 0.1207
vt 0.3545 0.1246
vt 0.7526 0.1255
vt 0.7436 0.1085
vt 0.7542 0.1060
vt 0.3763 0.5874
vt 0.3680 0.6017
vt 0.3599 0.5877
vt 0.3371 0.1282
vt 0.3217 0.1333
vt 0.3182 0.1240
vt 0.8291 0.0837
vt 0.5963 0.5470
vt 0.5822 0.5478
vt 0.5885 0.5401
vt 0.7968 0.0739
vt 0.3181 0.0729
vt 0.3297 0.0800
vt 0.3160 0.0854
vt 0.6992 0.0474
vt 0.6886 0.0557
vt 0.6828 0.0436
vt 0.1065 0.3902
vt 0.0967 0.4020
vt 0.0915 0.3865
vt 0.8613 0.0938
vt 0.8502 0.1008
vt 0.8452 0.0887
vt 0.8539 0.1150
vt 0.8502 0.1008
vt 0.8649 0.1099
vt 0.1577 0.1109
vt 0.1532 0.1206
vt 0.1446 0.1150
vt 0.9254 0.1148
vt 0.1812 0.0971
vt 0.1679 0.1078
vt 0.1634 0.0963
vt 0.1783 0.1072
vt 0.1716 0.1269
vt 0.1679 0.1078
vt 0.8613 0.0938
vt 0.8773 0.0990
vt 0.8649 0.1099
vt 0.1487 0.1914
vt 0.1619 0.1958
vt 0.1551 0.2038
vt 0.8784 0.1229
vt 0.8888 0.1296
vt 0.8784 0.1408
vt 0.9440 0.1388
vt 0.9578 0.1506
vt 0.9444 0.1523
vt 0.1200 0.4409
vt 0.1100 0.4420
vt 0.1173 0.4242
vt 0.9621 0.1380
vt 0.9574 0.1256
vt 0.9733 0.1310
vt 0.1138 0.2927
vt 0.1144 0.3078
vt 0.1018 0.3020
vt 0.0672 0.2474
vt 0.0662 0.2372
vt 0.0867 0.2424
vt 0.9302 0.1272
vt 0.9440 0.1388
vt 0.9260 0.1398
vt 0.1315 0.1334
vt 0.9302 0.1272
vt 0.9254 0.1148
vt 0.9414 0.1202
vt 0.1010 0.1224
vt 0.0864 0.1320
vt 0.0828 0.1208
vt 0.9293 0.1519
vt 0.0718 0.1613
vt 0.9307 0.2656
vt 0.9473 0.2626
vt 0.9421 0.2781
vt 0.9224 0.3145
vt 0.9360 0.2237
vt 0.9313 0.2378
vt 0.9253 0.2294
vt 0.0867 0.2424
vt 0.0930 0.2606
vt 0.0800 0.2613
vt 0.9412 0.2347
vt 0.9576 0.2316
vt 0.9524 0.2471
vt 0.9735 0.1439
vt 0.9893 0.1364
vt 0.9864 0.1452
vt 0.4652 0.0232
vt 0.4821 0.0225
vt 0.4741 0.0339
vt 0.1675 0.2898
vt 0.1348 0.1181
vt 0.1315 0.1334
vt 0.1250 0.1212
vt 0.9485 0.2039
vt 0.9419 0.1949
vt 0.9604 0.1895
vt 0.9665 0.1694
vt 0.9698 0.1582
vt 0.9782 0.1696
vt 0.1008 0.3286
vt 0.1159 0.3220
vt 0.1134 0.3347
vt 0.1960 0.4176
vt 0.1869 0.4230
vt 0.1868 0.4046
vt 0.9731 0.1851
vt 0.9679 0.2006
vt 0.9604 0.1895
vt 0.9604 0.1895
vt 0.9548 0.1685
vt 0.9665 0.1694
vt 0.5639 0.4879
vt 0.5487 0.4934
vt 0.5523 0.4796
vt 0.0903 0.3611
vt 0.0888 0.3444
vt 0.1008 0.3590
vt 0.8317 0.0994
vt 0.8265 0.1146
vt 0.8139 0.1046
vt 0.2847 0.0897
vt 0.2945 0.0842
vt 0.2913 0.0993
vt 0.9253 0.2294
vt 0.9155 0.2316
vt 0.9104 0.2230
vt 0.9589 0.2062
vt 0.5929 0.5678
vt 0.6049 0.5720
vt 0.5991 0.5800
vt 0.7029 0.5885
vt 0.7129 0.5766
vt 0.7193 0.5871
vt 0.5722 0.5749
vt 0.5559 0.5823
vt 0.5617 0.5733
vt 0.7018 0.4669
vt 0.6938 0.4516
vt 0.7047 0.4501
vt 0.8297 0.4844
vt 0.8311 0.4720
vt 0.8430 0.4790
vt 0.5069 0.5937
vt 0.5150 0.6017
vt 0.4987 0.6017
vt 0.9589 0.2062
vt 0.4917 0.4960
vt 0.4972 0.5048
vt 0.4890 0.5113
vt 0.5396 0.5896
vt 0.5314 0.6017
vt 0.5292 0.5914
vt 0.8417 0.3847
vt 0.8558 0.3765
vt 0.8546 0.3927
vt 0.6049 0.5880
vt 0.6131 0.6017
vt 0.5967 0.6017
vt 0.7029 0.5885
vt 0.6907 0.5710
vt 0.7029 0.5695
vt 0.8593 0.5013
vt 0.8427 0.5043
vt 0.8545 0.4892
vt 0.6364 0.5532
vt 0.6484 0.5542
vt 0.6419 0.5643
vt 0.8252 0.3658
vt 0.8158 0.3707
vt 0.8096 0.3514
vt 0.7016 0.5410
vt 0.7022 0.5261
vt 0.7092 0.5338
vt 0.5396 0.5749
vt 0.5559 0.5823
vt 0.5396 0.5896
vt 0.8009 0.5960
vt 0.7846 0.5875
vt 0.8009 0.5860
vt 0.6049 0.5880
vt 0.5991 0.5800
vt 0.6130 0.5800
vt 0.8479 0.5598
vt 0.8376 0.5678
vt 0.8349 0.5536
vt 0.7356 0.5834
vt 0.7193 0.5871
vt 0.7247 0.5734
vt 0.7274 0.6017
vt 0.7356 0.5944
vt 0.7438 0.6017
vt 0.8671 0.5245
vt 0.8666 0.5415
vt 0.8570 0.5327
vt 0.7519 0.5871
vt 0.7581 0.5767
vt 0.7671 0.5853
vt 0.8102 0.5771
vt 0.8009 0.5682
vt 0.8117 0.5663
vt 0.7438 0.6017
vt 0.7519 0.5871
vt 0.7601 0.6017
vt 0.7919 0.5771
vt 0.0718 0.1613
vt 0.0787 0.1763
vt 0.0609 0.1645
vt 0.1044 0.1052
vt 0.0980 0.1128
vt 0.0883 0.1103
vt 0.8494 0.5734
vt 0.8336 0.5946
vt 0.8173 0.5878
vt 0.8330 0.5838
vt 0.1165 0.1155
vt 0.1044 0.1052
vt 0.1205 0.1001
vt 0.8091 0.6017
vt 0.7928 0.6017
vt 0.8009 0.5960
vt 0.0514 0.1993
vt 0.0447 0.2093
vt 0.0403 0.1994
vt 0.7551 0.5325
vt 0.7609 0.5214
vt 0.7677 0.5319
vt 0.8173 0.5878
vt 0.8254 0.6017
vt 0.8091 0.6017
vt 0.6445 0.5764
vt 0.6539 0.5855
vt 0.6376 0.5875
vt 0.8705 0.5080
vt 0.8841 0.5180
vt 0.8773 0.5257
vt 0.8895 0.4253
vt 0.8854 0.4418
vt 0.8797 0.4242
vt 0.8705 0.5080
vt 0.8593 0.5013
vt 0.8705 0.4899
vt 0.7247 0.5734
vt 0.7163 0.5656
vt 0.7356 0.5634
vt 0.2230 0.0907
vt 0.2172 0.1004
vt 0.2128 0.0857
vt 0.4215 0.4697
vt 0.4131 0.4608
vt 0.4252 0.4588
vt 0.8918 0.4510
vt 0.8854 0.4418
vt 0.8937 0.4343
vt 0.8189 0.4749
vt 0.9053 0.3605
vt 0.8961 0.3746
vt 0.8909 0.3657
vt 0.9266 0.3246
vt 0.8869 0.3131
vt 0.8993 0.3181
vt 0.8893 0.3233
vt 0.5263 0.1047
vt 0.5366 0.0986
vt 0.5320 0.1137
vt 0.1828 0.5651
vt 0.1887 0.5533
vt 0.1982 0.5636
vt 0.8999 0.1876
vt 0.8975 0.1756
vt 0.9149 0.1754
vt 0.8814 0.3698
vt 0.8909 0.3657
vt 0.8866 0.3787
vt 0.8983 0.3302
vt 0.9102 0.3277
vt 0.9063 0.3436
vt 0.8635 0.5778
vt 0.8336 0.5946
vt 0.8418 0.6017
vt 0.8254 0.6017
vt 0.8764 0.5850
vt 0.8744 0.6017
vt 0.8663 0.5923
vt 0.0482 0.1616
vt 0.0779 0.1394
vt 0.0689 0.1325
vt 0.0864 0.1320
vt 0.0434 0.1736
vt 0.0495 0.1833
vt 0.0395 0.1887
vt 0.3401 0.4751
vt 0.3490 0.4861
vt 0.3341 0.4926
vt 0.8821 0.5348
vt 0.8860 0.5013
vt 0.7503 0.2472
vt 0.7359 0.2307
vt 0.7565 0.2378
vt 0.8588 0.5682
vt 0.8724 0.5591
vt 0.8783 0.5683
vt 0.8802 0.5515
vt 0.7241 0.1733
vt 0.7201 0.1565
vt 0.7299 0.1620
vt 0.8570 0.5327
vt 0.8462 0.5329
vt 0.8490 0.5225
vt 0.8773 0.5257
vt 0.8649 0.4627
vt 0.8759 0.4577
vt 0.8694 0.4739
vt 0.8783 0.5683
vt 0.8807 0.4922
vt 0.0689 0.1325
vt 0.0658 0.1231
vt 0.0828 0.1208
vt 0.1438 0.3644
vt 0.1372 0.3825
vt 0.1275 0.3748
vt 0.4742 0.5940
vt 0.4824 0.6017
vt 0.4660 0.6017
vt 0.9834 0.1541
vt 0.9474 0.1288
vt 0.9414 0.1202
vt 0.9574 0.1256
vt 0.9440 0.1388
vt 0.9474 0.1288
vt 0.9621 0.1380
vt 0.9079 0.1508
vt 0.9115 0.1280
vt 0.9188 0.1483
vt 0.9834 0.1541
vt 0.9548 0.1685
vt 0.9477 0.1852
vt 0.9393 0.1753
vt 0.9731 0.1851
vt 0.9628 0.2161
vt 0.9475 0.2196
vt 0.9628 0.2161
vt 0.9576 0.2316
vt 0.9244 0.2148
vt 0.7356 0.5944
vt 0.7672 0.5465
vt 0.6539 0.5957
vt 0.6621 0.6017
vt 0.6457 0.6017
vt 0.6879 0.5145
vt 0.6996 0.5115
vt 0.7022 0.5261
vt 0.5501 0.5913
vt 0.5616 0.5913
vt 0.5641 0.6017
vt 0.5641 0.6017
vt 0.5722 0.5896
vt 0.5804 0.6017
vt 0.8898 0.4678
vt 0.8879 0.4845
vt 0.8809 0.4752
vt 0.8510 0.4232
vt 0.8555 0.4079
vt 0.8690 0.4143
vt 0.8821 0.5348
vt 0.8802 0.5515
vt 0.8666 0.5415
vt 0.8591 0.5143
vt 0.8705 0.5080
vt 0.8671 0.5245
vt 0.8393 0.5157
vt 0.8490 0.5225
vt 0.8377 0.5263
vt 0.8632 0.4468
vt 0.7846 0.5875
vt 0.7928 0.6017
vt 0.7764 0.6017
vt 0.8009 0.5860
vt 0.8102 0.5771
vt 0.8173 0.5878
vt 0.7550 0.5654
vt 0.7683 0.5701
vt 0.7581 0.5767
vt 0.8666 0.5415
vt 0.8724 0.5591
vt 0.8615 0.5578
vt 0.8479 0.5598
vt 0.8251 0.5717
vt 0.1116 0.1254
vt 0.1025 0.1370
vt 0.1010 0.1224
vt 0.1091 0.1756
vt 0.1251 0.1776
vt 0.1153 0.1906
vt 0.1010 0.1224
vt 0.0980 0.1128
vt 0.1165 0.1155
vt 0.1116 0.1254
vt 0.0800 0.3301
vt 0.1497 0.3930
vt 0.1426 0.3999
vt 0.1372 0.3825
vt 0.0560 0.2520
vt 0.0502 0.2626
vt 0.0450 0.2471
vt 0.0825 0.2858
vt 0.0446 0.2214
vt 0.0398 0.2316
vt 0.0347 0.2161
vt 0.0886 0.2033
vt 0.0977 0.1882
vt 0.1054 0.1976
vt 0.0932 0.2913
vt 0.0921 0.3129
vt 0.1446 0.1150
vt 0.1312 0.1063
vt 0.1486 0.1055
vt 0.1165 0.1155
vt 0.1250 0.1212
vt 0.1116 0.1254
vt 0.1634 0.0963
vt 0.1527 0.0901
vt 0.1688 0.0852
vt 0.1971 0.0919
vt 0.1609 0.1283
vt 0.2278 0.0771
vt 0.1783 0.1072
vt 0.1919 0.1031
vt 0.1863 0.1141
vt 0.2897 0.1318
vt 0.3041 0.1452
vt 0.2954 0.1527
vt 0.2565 0.1083
vt 0.2452 0.1106
vt 0.2532 0.0948
vt 0.3318 0.0421
vt 0.3255 0.0530
vt 0.3153 0.0457
vt 0.3255 0.0530
vt 0.3433 0.0558
vt 0.3282 0.0653
vt 0.4089 0.5874
vt 0.4252 0.5851
vt 0.4252 0.5954
vt 0.5106 0.5405
vt 0.5122 0.5514
vt 0.4958 0.5482
vt 0.4831 0.5233
vt 0.4890 0.5113
vt 0.4960 0.5195
vt 0.4960 0.5195
vt 0.5069 0.5198
vt 0.5055 0.5307
vt 0.3743 0.0403
vt 0.3420 0.0718
vt 0.3478 0.1737
vt 0.3374 0.1696
vt 0.3511 0.1633
vt 0.3794 0.0691
vt 0.3872 0.0582
vt 0.3899 0.0683
vt 0.5158 0.0222
vt 0.5074 0.0332
vt 0.4989 0.0221
vt 0.4824 0.0585
vt 0.1100 0.4420
vt 0.1057 0.4510
vt 0.1038 0.4343
vt 0.1451 0.4909
vt 0.1769 0.4195
vt 0.1726 0.4387
vt 0.1637 0.4289
vt 0.1268 0.4313
vt 0.1016 0.3746
vt 0.1275 0.3748
vt 0.1112 0.3801
vt 0.1190 0.3659
vt 0.3109 0.5960
vt 0.3680 0.5819
vt 0.3425 0.5537
vt 0.3526 0.5540
vt 0.3542 0.5640
vt 0.4086 0.5628
vt 0.4145 0.5512
vt 0.4252 0.5666
vt 0.1191 0.5089
vt 0.1134 0.5180
vt 0.1115 0.5013
vt 0.1298 0.5076
vt 0.1191 0.5089
vt 0.1211 0.4917
vt 0.1095 0.4845
vt 0.1076 0.4678
vt 0.1152 0.4754
vt 0.1346 0.4901
vt 0.1260 0.4747
vt 0.2455 0.5913
vt 0.2537 0.6017
vt 0.2373 0.6017
vt 0.2560 0.5780
vt 0.2677 0.5780
vt 0.2619 0.5866
vt 0.2761 0.5424
vt 0.2888 0.5512
vt 0.2784 0.5577
vt 0.3111 0.5638
vt 0.3160 0.5750
vt 0.3018 0.5789
vt 0.2128 0.5929
vt 0.2128 0.5809
vt 0.2226 0.5790
vt 0.2086 0.5696
vt 0.2619 0.5694
vt 0.7498 0.0961
vt 0.7520 0.0824
vt 0.7609 0.0878
vt 0.6815 0.0807
vt 0.6902 0.0882
vt 0.6799 0.0933
vt 0.7252 0.1139
vt 0.7377 0.1225
vt 0.7247 0.1280
vt 0.6312 0.0746
vt 0.6313 0.0631
vt 0.6411 0.0695
vt 0.6553 0.0520
vt 0.5114 0.0967
vt 0.4972 0.0938
vt 0.5052 0.0809
vt 0.9102 0.3277
vt 0.9121 0.3111
vt 0.9224 0.3145
vt 0.9104 0.2230
vt 0.8997 0.2327
vt 0.8946 0.2192
vt 0.8714 0.3803
vt 0.8650 0.3892
vt 0.8558 0.3765
vt 0.8611 0.3337
vt 0.8744 0.3326
vt 0.8683 0.3449
vt 0.8877 0.1139
vt 0.8784 0.1229
vt 0.8769 0.1110
vt 0.8685 0.1197
vt 0.8317 0.0994
vt 0.8045 0.1111
vt 0.7989 0.0929
vt 0.8139 0.1046
vt 0.9377 0.2574
vt 0.9412 0.2347
vt 0.9360 0.2237
vt 0.9475 0.2196
vt 0.9274 0.2884
vt 0.8857 0.2839
vt 0.8843 0.2731
vt 0.8966 0.2843
vt 0.9011 0.1301
vt 0.8598 0.1256
vt 0.7193 0.5871
vt 0.7274 0.6017
vt 0.7111 0.6017
vt 0.7356 0.5834
vt 0.7464 0.5734
vt 0.7519 0.5871
vt 0.6866 0.5939
vt 0.6947 0.6017
vt 0.6784 0.6017
vt 0.6926 0.5470
vt 0.7016 0.5410
vt 0.7035 0.5550
vt 0.6539 0.5957
vt 0.6264 0.5599
vt 0.6250 0.5718
vt 0.6149 0.5675
vt 0.5937 0.5906
vt 0.5829 0.5912
vt 0.5892 0.5800
vt 0.6419 0.5643
vt 0.5477 0.6017
vt 0.5612 0.5327
vt 0.5621 0.5434
vt 0.5449 0.5368
vt 0.8857 0.4588
vt 0.8918 0.4510
vt 0.8898 0.4678
vt 0.8653 0.4284
vt 0.8797 0.4242
vt 0.8742 0.4405
vt 0.8628 0.4824
vt 0.8549 0.4693
vt 0.8694 0.4739
vt 0.8759 0.4577
vt 0.8742 0.4405
vt 0.8854 0.4418
vt 0.7601 0.6017
vt 0.7671 0.5853
vt 0.7752 0.5916
vt 0.8067 0.5540
vt 0.8192 0.5585
vt 0.8117 0.5663
vt 0.8251 0.5717
vt 0.8179 0.5259
vt 0.8285 0.5317
vt 0.8173 0.5378
vt 0.7897 0.5658
vt 0.7949 0.5552
vt 0.8009 0.5682
vt 0.8519 0.5466
vt 0.0434 0.1736
vt 0.0779 0.2031
vt 0.0886 0.2033
vt 0.0765 0.2137
vt 0.0708 0.3246
vt 0.0809 0.3126
vt 0.0708 0.3246
vt 0.0657 0.3091
vt 0.0921 0.3129
vt 0.1018 0.3020
vt 0.1024 0.3172
vt 0.1101 0.3499
vt 0.1159 0.3940
vt 0.1112 0.3801
vt 0.1211 0.3853
vt 0.0653 0.2662
vt 0.0560 0.2520
vt 0.0704 0.2572
vt 0.0562 0.2347
vt 0.0450 0.2471
vt 0.0398 0.2316
vt 0.0403 0.1994
vt 0.0810 0.1915
vt 0.0674 0.2006
vt 0.0717 0.1852
vt 0.0772 0.2966
vt 0.0881 0.3025
vt 0.0809 0.3126
vt 0.1312 0.1063
vt 0.1634 0.0963
vt 0.1783 0.0877
vt 0.1688 0.0852
vt 0.1850 0.0804
vt 0.2278 0.0771
vt 0.2173 0.0709
vt 0.2336 0.0664
vt 0.1919 0.1031
vt 0.2757 0.0609
vt 0.2662 0.0577
vt 0.2825 0.0535
vt 0.2172 0.1004
vt 0.2691 0.1024
vt 0.2644 0.0919
vt 0.2847 0.0897
vt 0.2603 0.0685
vt 0.3412 0.0459
vt 0.3318 0.0421
vt 0.3483 0.0386
vt 0.3537 0.0620
vt 0.4089 0.5874
vt 0.4170 0.6017
vt 0.4007 0.6017
vt 0.4348 0.5759
vt 0.4415 0.5874
vt 0.4252 0.5851
vt 0.4472 0.5764
vt 0.4426 0.5582
vt 0.4579 0.5699
vt 0.4795 0.5524
vt 0.4871 0.5667
vt 0.4723 0.5669
vt 0.4905 0.5870
vt 0.5396 0.5749
vt 0.5323 0.5639
vt 0.5429 0.5556
vt 0.3919 0.0456
vt 0.3815 0.0326
vt 0.3982 0.0302
vt 0.4410 0.0356
vt 0.4243 0.0439
vt 0.4240 0.0333
vt 0.3980 0.0750
vt 0.3993 0.0555
vt 0.4095 0.0721
vt 0.4534 0.0513
vt 0.4746 0.0478
vt 0.4708 0.0587
vt 0.4203 0.0543
vt 0.4289 0.0615
vt 0.4108 0.0602
vt 0.4824 0.0585
vt 0.4769 0.0724
vt 0.4708 0.0587
vt 0.4410 0.0356
vt 0.5327 0.0227
vt 0.5495 0.0235
vt 0.5404 0.0365
vt 0.1173 0.4242
vt 0.1038 0.4343
vt 0.1018 0.4175
vt 0.1200 0.4409
vt 0.1329 0.3983
vt 0.1218 0.4139
vt 0.1173 0.4242
vt 0.1059 0.4076
vt 0.0915 0.3865
vt 0.3027 0.6017
vt 0.3371 0.5786
vt 0.3027 0.6017
vt 0.3160 0.5750
vt 0.3529 0.5768
vt 0.3390 0.5688
vt 0.3542 0.5640
vt 0.3968 0.5644
vt 0.3819 0.5662
vt 0.3894 0.5551
vt 0.4156 0.5759
vt 0.1763 0.5544
vt 0.1732 0.5722
vt 0.1638 0.5562
vt 0.1982 0.5636
vt 0.1982 0.5636
vt 0.2086 0.5696
vt 0.2006 0.5774
vt 0.1732 0.5722
vt 0.1828 0.5651
vt 0.1896 0.5765
vt 0.7540 0.0705
vt 0.7482 0.0600
vt 0.7645 0.0645
vt 0.7968 0.0739
vt 0.7948 0.0837
vt 0.7849 0.0848
vt 0.7637 0.0979
vt 0.7745 0.0917
vt 0.7770 0.1084
vt 0.7028 0.0630
vt 0.6471 0.0598
vt 0.6401 0.0425
vt 0.6332 0.0337
vt 0.6497 0.0368
vt 0.5982 0.0602
vt 0.6056 0.0479
vt 0.6094 0.0646
vt 0.5790 0.0984
vt 0.5851 0.0866
vt 0.5916 0.0953
vt 0.5188 0.0544
vt 0.5344 0.0456
vt 0.5369 0.0562
vt 0.9102 0.3277
vt 0.9266 0.3246
vt 0.9214 0.3400
vt 0.9061 0.2979
vt 0.9205 0.2967
vt 0.9121 0.3111
vt 0.8950 0.3915
vt 0.9059 0.3865
vt 0.9008 0.4020
vt 0.8669 0.3664
vt 0.8636 0.3554
vt 0.8768 0.3563
vt 0.8419 0.4328
vt 0.8510 0.4232
vt 0.8539 0.4382
vt 0.8680 0.3997
vt 0.8546 0.3927
vt 0.8650 0.3892
vt 0.8814 0.3698
vt 0.8993 0.3181
vt 0.8265 0.1146
vt 0.8423 0.1112
vt 0.8449 0.1229
vt 0.8179 0.0915
vt 0.8081 0.0880
vt 0.8136 0.1181
vt 0.7807 0.0691
vt 0.7948 0.0837
vt 0.9402 0.2469
vt 0.9377 0.2574
vt 0.9274 0.2884
vt 0.9175 0.2785
vt 0.9298 0.2779
vt 0.9307 0.2656
vt 0.9208 0.2687
vt 0.9245 0.2573
vt 0.9205 0.1610
vt 0.9359 0.1627
vt 0.9273 0.1703
vt 0.9273 0.1703
vt 0.9393 0.1753
vt 0.9253 0.1816
vt 0.8769 0.1110
vt 0.9053 0.2095
vt 0.9244 0.2148
vt 0.9104 0.2230
vt 0.9175 0.2018
vt 0.9356 0.1857
vt 0.7111 0.6017
vt 0.6947 0.6017
vt 0.7029 0.5885
vt 0.7683 0.5701
vt 0.7793 0.5761
vt 0.7671 0.5853
vt 0.6633 0.5764
vt 0.6539 0.5673
vt 0.6650 0.5652
vt 0.6376 0.5875
vt 0.6457 0.6017
vt 0.6294 0.6017
vt 0.6539 0.5855
vt 0.6633 0.5764
vt 0.6702 0.5875
vt 0.5829 0.5912
vt 0.6130 0.5800
vt 0.6250 0.5718
vt 0.6294 0.5812
vt 0.6009 0.5564
vt 0.6148 0.5565
vt 0.6149 0.5675
vt 0.5240 0.5823
vt 0.5200 0.5593
vt 0.5323 0.5639
vt 0.5155 0.5717
vt 0.8759 0.4577
vt 0.8857 0.4588
vt 0.8809 0.4752
vt 0.8632 0.4468
vt 0.8690 0.4143
vt 0.8844 0.4052
vt 0.8854 0.4155
vt 0.8519 0.5466
vt 0.8519 0.5466
vt 0.8377 0.5395
vt 0.8349 0.5536
vt 0.8245 0.5476
vt 0.8377 0.5395
vt 0.8285 0.5317
vt 0.8377 0.5263
vt 0.8377 0.5395
vt 0.8427 0.5043
vt 0.8628 0.4824
vt 0.8420 0.4917
vt 0.8303 0.5081
vt 0.8420 0.4917
vt 0.8427 0.5043
vt 0.8809 0.4752
vt 0.8705 0.4899
vt 0.8694 0.4739
vt 0.8860 0.5013
vt 0.8807 0.4922
vt 0.8879 0.4845
vt 0.7793 0.5761
vt 0.7793 0.5761
vt 0.7826 0.5569
vt 0.7897 0.5658
vt 0.7752 0.5916
vt 0.7656 0.5584
vt 0.0495 0.1833
vt 0.1084 0.3664
vt 0.0704 0.2572
vt 0.0553 0.2178
vt 0.0447 0.2093
vt 0.0925 0.2737
vt 0.0825 0.2858
vt 0.0750 0.2710
vt 0.1850 0.0804
vt 0.2431 0.0692
vt 0.2336 0.0664
vt 0.2498 0.0619
vt 0.2472 0.0782
vt 0.2634 0.0803
vt 0.2545 0.0849
vt 0.2545 0.0849
vt 0.2644 0.0919
vt 0.2532 0.0948
vt 0.2339 0.0875
vt 0.2278 0.0771
vt 0.2472 0.0782
vt 0.2782 0.0707
vt 0.2757 0.0609
vt 0.2929 0.0607
vt 0.2959 0.0730
vt 0.2945 0.0842
vt 0.2782 0.0707
vt 0.3282 0.0653
vt 0.3107 0.0627
vt 0.3592 0.0511
vt 0.3483 0.0386
vt 0.3649 0.0356
vt 0.3572 0.0737
vt 0.3537 0.0620
vt 0.3675 0.0621
vt 0.4252 0.5666
vt 0.4660 0.6017
vt 0.5069 0.5612
vt 0.5155 0.5717
vt 0.4966 0.5750
vt 0.4843 0.5776
vt 0.4966 0.5750
vt 0.4905 0.5870
vt 0.4987 0.6017
vt 0.5240 0.5823
vt 0.3592 0.0511
vt 0.4243 0.0439
vt 0.4203 0.0543
vt 0.4100 0.0458
vt 0.4573 0.0303
vt 0.4484 0.0245
vt 0.4652 0.0232
vt 0.4318 0.0513
vt 0.4581 0.0409
vt 0.4573 0.0303
vt 0.4741 0.0339
vt 0.4318 0.0513
vt 0.4108 0.0602
vt 0.3993 0.0555
vt 0.4100 0.0458
vt 0.4821 0.0225
vt 0.4989 0.0221
vt 0.4907 0.0293
vt 0.4908 0.0402
vt 0.4907 0.0293
vt 0.5074 0.0332
vt 0.5178 0.0325
vt 0.5327 0.0227
vt 0.5250 0.0401
vt 0.5663 0.0249
vt 0.5570 0.0356
vt 0.5495 0.0235
vt 0.5404 0.0365
vt 0.5344 0.0456
vt 0.5250 0.0401
vt 0.1345 0.4223
vt 0.1268 0.4313
vt 0.1173 0.4242
vt 0.1161 0.4042
vt 0.1372 0.3825
vt 0.1611 0.4159
vt 0.1499 0.4248
vt 0.1445 0.4096
vt 0.2780 0.5780
vt 0.2886 0.5789
vt 0.2821 0.5899
vt 0.3018 0.5789
vt 0.2945 0.5877
vt 0.2886 0.5789
vt 0.3529 0.5768
vt 0.3815 0.5774
vt 0.3691 0.5720
vt 0.3819 0.5662
vt 0.3925 0.5899
vt 0.3925 0.5755
vt 0.4040 0.5769
vt 0.7229 0.0955
vt 0.7328 0.0853
vt 0.7369 0.0975
vt 0.6856 0.0687
vt 0.6886 0.0557
vt 0.7028 0.0630
vt 0.7540 0.0705
vt 0.7686 0.0807
vt 0.7645 0.0645
vt 0.7807 0.0691
vt 0.7156 0.0727
vt 0.7027 0.0764
vt 0.7028 0.0630
vt 0.6641 0.0840
vt 0.6574 0.0677
vt 0.6713 0.0732
vt 0.6497 0.0368
vt 0.6401 0.0425
vt 0.6553 0.0520
vt 0.6378 0.0534
vt 0.6095 0.0759
vt 0.6205 0.0717
vt 0.6165 0.0848
vt 0.5369 0.0562
vt 0.5391 0.0689
vt 0.5281 0.0643
vt 0.6071 0.0369
vt 0.6094 0.0646
vt 0.6208 0.0579
vt 0.6205 0.0717
vt 0.9214 0.3400
vt 0.9163 0.3555
vt 0.9063 0.3436
vt 0.8933 0.3048
vt 0.9298 0.2779
vt 0.8950 0.3915
vt 0.8844 0.4052
vt 0.9008 0.4020
vt 0.8956 0.4175
vt 0.8959 0.3454
vt 0.9111 0.3710
vt 0.9053 0.3605
vt 0.9163 0.3555
vt 0.8598 0.1256
vt 0.8523 0.1374
vt 0.8449 0.1229
vt 0.8389 0.1333
vt 0.7932 0.1130
vt 0.7770 0.1084
vt 0.7864 0.0985
vt 0.7745 0.0917
vt 0.7609 0.0878
vt 0.7686 0.0807
vt 0.9116 0.2408
vt 0.9313 0.2378
vt 0.9280 0.2476
vt 0.9473 0.2626
vt 0.9147 0.2603
vt 0.8877 0.1458
vt 0.8655 0.1375
vt 0.8685 0.1197
vt 0.8784 0.1229
vt 0.8934 0.1042
vt 0.9155 0.2316
vt 0.9253 0.1932
vt 0.7356 0.5634
vt 0.7428 0.5541
vt 0.7550 0.5654
vt 0.7464 0.5734
vt 0.7029 0.5885
vt 0.6866 0.5939
vt 0.6866 0.5825
vt 0.6213 0.5877
vt 0.6539 0.5673
vt 0.5501 0.5913
vt 0.5722 0.5749
vt 0.5937 0.5906
vt 0.5779 0.5644
vt 0.5292 0.5914
vt 0.5529 0.5672
vt 0.8854 0.4155
vt 0.8349 0.5536
vt 0.8430 0.4790
vt 0.8549 0.4693
vt 0.8545 0.4892
vt 0.8406 0.4638
vt 0.8406 0.4638
vt 0.8319 0.4557
vt 0.8466 0.4455
vt 0.8527 0.4538
vt 0.1018 0.3020
vt 0.0932 0.2913
vt 0.0925 0.2737
vt 0.1053 0.2807
vt 0.1159 0.3220
vt 0.1144 0.3078
vt 0.1291 0.3187
vt 0.1053 0.2807
vt 0.1199 0.2788
vt 0.1138 0.2927
vt 0.1144 0.2701
vt 0.1211 0.2623
vt 0.1304 0.2713
vt 0.1287 0.3050
vt 0.1138 0.2927
vt 0.1275 0.2905
vt 0.1008 0.3286
vt 0.1101 0.3499
vt 0.1134 0.3347
vt 0.1230 0.3491
vt 0.1190 0.3659
vt 0.1084 0.3664
vt 0.1101 0.3499
vt 0.0726 0.2293
vt 0.1049 0.2661
vt 0.0925 0.2737
vt 0.0930 0.2606
vt 0.1144 0.2701
vt 0.1053 0.2807
vt 0.1049 0.2661
vt 0.2075 0.0952
vt 0.2018 0.1033
vt 0.2347 0.1058
vt 0.2230 0.0907
vt 0.2339 0.0875
vt 0.2691 0.1024
vt 0.2416 0.0964
vt 0.3675 0.0621
vt 0.4040 0.5769
vt 0.3968 0.5644
vt 0.4086 0.5628
vt 0.4319 0.5582
vt 0.4348 0.5759
vt 0.4272 0.5486
vt 0.4372 0.5496
vt 0.4319 0.5582
vt 0.4958 0.5482
vt 0.4945 0.5303
vt 0.5055 0.5307
vt 0.4639 0.5790
vt 0.4742 0.5827
vt 0.5069 0.5937
vt 0.4905 0.5870
vt 0.5069 0.5823
vt 0.3993 0.0555
vt 0.3899 0.0683
vt 0.4011 0.0403
vt 0.4289 0.0615
vt 0.4185 0.0798
vt 0.4095 0.0721
vt 0.3980 0.0750
vt 0.4022 0.0942
vt 0.3912 0.0953
vt 0.3840 0.0868
vt 0.5559 0.0498
vt 0.1345 0.4223
vt 0.1602 0.4577
vt 0.1592 0.4414
vt 0.1714 0.4523
vt 0.3018 0.5789
vt 0.2945 0.5701
vt 0.3011 0.5623
vt 0.2834 0.5680
vt 0.2945 0.5701
vt 0.2886 0.5789
vt 0.3164 0.5541
vt 0.3272 0.5680
vt 0.3111 0.5638
vt 0.3371 0.5786
vt 0.3691 0.5720
vt 0.3680 0.5819
vt 0.3529 0.5768
vt 0.3815 0.5774
vt 0.1763 0.5544
vt 0.1638 0.5562
vt 0.7141 0.0857
vt 0.6230 0.0438
vt 0.6378 0.0534
vt 0.6208 0.0579
vt 0.5831 0.0266
vt 0.5801 0.0365
vt 0.5674 0.0352
vt 0.5885 0.0531
vt 0.5801 0.0365
vt 0.5901 0.0389
vt 0.5729 0.0440
vt 0.6165 0.0310
vt 0.6056 0.0479
vt 0.8785 0.2919
vt 0.8857 0.2839
vt 0.8933 0.3048
vt 0.9126 0.2887
vt 0.8966 0.2843
vt 0.9061 0.2778
vt 0.9126 0.2887
vt 0.8714 0.3803
vt 0.8866 0.3787
vt 0.8833 0.3886
vt 0.8680 0.3997
vt 0.8780 0.3973
vt 0.8844 0.4052
vt 0.8942 0.3558
vt 0.9063 0.3436
vt 0.8412 0.1461
vt 0.8389 0.1333
vt 0.8523 0.1374
vt 0.8292 0.1412
vt 0.7940 0.1258
vt 0.8045 0.1111
vt 0.8063 0.1294
vt 0.8412 0.1461
vt 0.8265 0.1535
vt 0.8292 0.1412
vt 0.8148 0.1344
vt 0.8040 0.1394
vt 0.7932 0.1130
vt 0.8888 0.1296
vt 0.9011 0.1301
vt 0.8962 0.1394
vt 0.9061 0.2778
vt 0.9000 0.2681
vt 0.9147 0.2603
vt 0.8892 0.2024
vt 0.8999 0.1876
vt 0.9063 0.1977
vt 0.8892 0.2024
vt 0.9063 0.1977
vt 0.9149 0.1754
vt 0.9253 0.1816
vt 0.9132 0.1874
vt 0.9356 0.1857
vt 0.7029 0.5695
vt 0.7035 0.5550
vt 0.7163 0.5656
vt 0.6902 0.5576
vt 0.7309 0.5344
vt 0.7291 0.5530
vt 0.7197 0.5348
vt 0.7163 0.5656
vt 0.7169 0.5541
vt 0.7291 0.5530
vt 0.7428 0.5541
vt 0.7291 0.5530
vt 0.7371 0.5438
vt 0.7491 0.5430
vt 0.7546 0.5537
vt 0.7428 0.5541
vt 0.7546 0.5537
vt 0.6213 0.5877
vt 0.6294 0.5812
vt 0.6264 0.5599
vt 0.6223 0.5408
vt 0.6364 0.5532
vt 0.6603 0.5529
vt 0.6728 0.5572
vt 0.6650 0.5652
vt 0.6785 0.5705
vt 0.6818 0.5453
vt 0.6902 0.5576
vt 0.6728 0.5572
vt 0.6539 0.5673
vt 0.5892 0.5800
vt 0.5967 0.6017
vt 0.5240 0.5823
vt 0.5722 0.5896
vt 0.8245 0.5476
vt 0.8364 0.4447
vt 0.8527 0.4538
vt 0.8539 0.4382
vt 0.8632 0.4468
vt 0.1260 0.3320
vt 0.1199 0.2788
vt 0.1304 0.2713
vt 0.1381 0.2836
vt 0.1491 0.3196
vt 0.1387 0.3279
vt 0.1395 0.3115
vt 0.2172 0.1004
vt 0.2042 0.1129
vt 0.2018 0.1033
vt 0.1891 0.1320
vt 0.1868 0.1422
vt 0.1694 0.1375
vt 0.2042 0.1129
vt 0.3703 0.0809
vt 0.3794 0.0691
vt 0.3840 0.0868
vt 0.3255 0.0893
vt 0.4723 0.5669
vt 0.4742 0.5827
vt 0.4639 0.5790
vt 0.4843 0.5776
vt 0.5616 0.0621
vt 0.5489 0.0604
vt 0.3272 0.5680
vt 0.3390 0.5688
vt 0.3371 0.5786
vt 0.3272 0.5562
vt 0.3659 0.5602
vt 0.2023 0.5324
vt 0.1881 0.5401
vt 0.1901 0.5269
vt 0.2011 0.5484
vt 0.7864 0.0985
vt 0.7826 0.1393
vt 0.7821 0.1213
vt 0.7940 0.1258
vt 0.7622 0.1134
vt 0.7542 0.1060
vt 0.6403 0.0964
vt 0.6431 0.1142
vt 0.6284 0.1008
vt 0.6312 0.0746
vt 0.6574 0.0677
vt 0.8887 0.3377
vt 0.8744 0.3326
vt 0.8893 0.3233
vt 0.8768 0.3563
vt 0.8798 0.3452
vt 0.8942 0.3558
vt 0.8795 0.3057
vt 0.8786 0.3196
vt 0.8686 0.3119
vt 0.8869 0.3131
vt 0.8615 0.2527
vt 0.8519 0.2646
vt 0.8487 0.2491
vt 0.8857 0.2505
vt 0.8741 0.2438
vt 0.8900 0.2391
vt 0.9208 0.2687
vt 0.9175 0.2785
vt 0.9061 0.2778
vt 0.9369 0.2936
vt 0.9126 0.2887
vt 0.9000 0.2681
vt 0.8417 0.1707
vt 0.8290 0.1821
vt 0.8247 0.1720
vt 0.8265 0.1535
vt 0.8142 0.1568
vt 0.8132 0.1441
vt 0.9087 0.2513
vt 0.8950 0.2575
vt 0.8990 0.2465
vt 0.8657 0.2118
vt 0.8546 0.2031
vt 0.8719 0.2008
vt 0.8804 0.2145
vt 0.8774 0.1894
vt 0.8632 0.1916
vt 0.8699 0.1788
vt 0.9132 0.1874
vt 0.9253 0.1816
vt 0.6131 0.6017
vt 0.6694 0.5468
vt 0.8188 0.5100
vt 0.8229 0.4990
vt 0.8303 0.5081
vt 0.7677 0.5319
vt 0.7711 0.5141
vt 0.7799 0.5243
vt 0.7356 0.5242
vt 0.7246 0.5248
vt 0.7320 0.5096
vt 0.7564 0.4722
vt 0.7734 0.4693
vt 0.7662 0.4850
vt 0.8140 0.4881
vt 0.8024 0.5001
vt 0.8016 0.4816
vt 0.1311 0.3599
vt 0.1401 0.3455
vt 0.1438 0.3644
vt 0.1527 0.3057
vt 0.1049 0.2661
vt 0.1082 0.2518
vt 0.1211 0.2623
vt 0.3487 0.0799
vt 0.3297 0.0800
vt 0.3333 0.5454
vt 0.3762 0.5533
vt 0.3659 0.5602
vt 0.3593 0.5464
vt 0.1786 0.5443
vt 0.2296 0.5409
vt 0.2270 0.5552
vt 0.2151 0.5438
vt 0.7422 0.1387
vt 0.7588 0.1412
vt 0.7492 0.1487
vt 0.7436 0.1085
vt 0.6512 0.0824
vt 0.8795 0.3057
vt 0.8671 0.2781
vt 0.8785 0.2919
vt 0.8674 0.2894
vt 0.8950 0.2575
vt 0.9000 0.2681
vt 0.8833 0.2617
vt 0.8412 0.1461
vt 0.8500 0.1558
vt 0.8326 0.1634
vt 0.7984 0.1760
vt 0.8075 0.1871
vt 0.7931 0.1869
vt 0.8063 0.1294
vt 0.8586 0.1476
vt 0.8857 0.2839
vt 0.8671 0.2781
vt 0.8743 0.2709
vt 0.8853 0.1738
vt 0.8975 0.1756
vt 0.8888 0.1909
vt 0.9062 0.1669
vt 0.8962 0.1394
vt 0.9079 0.1508
vt 0.8988 0.1580
vt 0.9149 0.1754
vt 0.9079 0.1508
vt 0.8711 0.2235
vt 0.8804 0.2145
vt 0.8807 0.2321
vt 0.8888 0.1909
vt 0.8892 0.2024
vt 0.8774 0.1894
vt 0.6149 0.5675
vt 0.7823 0.4828
vt 0.7734 0.4693
vt 0.7856 0.4710
vt 0.8319 0.4557
vt 0.8311 0.4720
vt 0.8228 0.4646
vt 0.8229 0.4990
vt 0.8140 0.4881
vt 0.1830 0.3081
vt 0.1806 0.3186
vt 0.1725 0.3101
vt 0.1387 0.3279
vt 0.1395 0.3115
vt 0.1725 0.3101
vt 0.1598 0.3149
vt 0.1664 0.3013
vt 0.1304 0.3415
vt 0.1571 0.2958
vt 0.1402 0.2961
vt 0.1569 0.2850
vt 0.2191 0.2959
vt 0.2165 0.3092
vt 0.2072 0.3024
vt 0.1851 0.4334
vt 0.1770 0.3390
vt 0.1806 0.3186
vt 0.1862 0.3348
vt 0.1304 0.3415
vt 0.1491 0.3196
vt 0.1598 0.3149
vt 0.1612 0.3286
vt 0.1565 0.3395
vt 0.1614 0.3492
vt 0.1582 0.3647
vt 0.1513 0.3531
vt 0.1519 0.3776
vt 0.0994 0.2343
vt 0.1103 0.2398
vt 0.0966 0.2491
vt 0.1233 0.2465
vt 0.1794 0.2615
vt 0.1660 0.2618
vt 0.1726 0.2500
vt 0.1433 0.2721
vt 0.1604 0.2730
vt 0.1729 0.2723
vt 0.1675 0.2898
vt 0.1842 0.2718
vt 0.1729 0.2723
vt 0.1794 0.2615
vt 0.3412 0.1590
vt 0.3610 0.1589
vt 0.3745 0.1646
vt 0.3651 0.1758
vt 0.3405 0.0992
vt 0.3255 0.0893
vt 0.3474 0.0903
vt 0.2975 0.5276
vt 0.4198 0.5402
vt 0.4097 0.5356
vt 0.4252 0.5305
vt 0.3466 0.5369
vt 0.3466 0.5369
vt 0.3593 0.5464
vt 0.3526 0.5540
vt 0.1774 0.5317
vt 0.1870 0.5156
vt 0.1774 0.5317
vt 0.1724 0.5198
vt 0.1786 0.5443
vt 0.1558 0.5047
vt 0.1536 0.4848
vt 0.1645 0.4850
vt 0.1791 0.4846
vt 0.1839 0.4693
vt 0.1900 0.4857
vt 0.1640 0.5296
vt 0.1522 0.5599
vt 0.2061 0.5232
vt 0.2108 0.5045
vt 0.2158 0.5210
vt 0.1779 0.5081
vt 0.1411 0.5468
vt 0.1511 0.5274
vt 0.1558 0.5047
vt 0.1602 0.4577
vt 0.1550 0.4689
vt 0.1481 0.4546
vt 0.2638 0.5020
vt 0.2493 0.4979
vt 0.2638 0.4881
vt 0.1943 0.4993
vt 0.1827 0.4975
vt 0.1900 0.4857
vt 0.1715 0.4766
vt 0.1791 0.4846
vt 0.1645 0.4850
vt 0.1451 0.4649
vt 0.1870 0.5156
vt 0.1943 0.4993
vt 0.2010 0.5069
vt 0.2446 0.5564
vt 0.2362 0.5495
vt 0.2490 0.5427
vt 0.7932 0.1130
vt 0.6815 0.0807
vt 0.6799 0.0933
vt 0.6655 0.0999
vt 0.6641 0.0840
vt 0.6418 0.0793
vt 0.6313 0.0631
vt 0.8719 0.2610
vt 0.8903 0.2285
vt 0.7617 0.2230
vt 0.7711 0.2321
vt 0.7565 0.2378
vt 0.7389 0.1552
vt 0.7380 0.1699
vt 0.7299 0.1620
vt 0.8010 0.1554
vt 0.7888 0.1568
vt 0.7946 0.1438
vt 0.7884 0.1690
vt 0.7785 0.1812
vt 0.7732 0.1664
vt 0.9293 0.1519
vt 0.8047 0.4633
vt 0.8228 0.4646
vt 0.8083 0.4733
vt 0.8466 0.4455
vt 0.7972 0.4557
vt 0.8047 0.4633
vt 0.7968 0.4714
vt 0.8202 0.4539
vt 0.1550 0.2442
vt 0.1660 0.2618
vt 0.1516 0.2602
vt 0.1279 0.2552
vt 0.3531 0.1007
vt 0.3233 0.1154
vt 0.3182 0.1240
vt 0.3121 0.1137
vt 0.3160 0.0854
vt 0.3144 0.1003
vt 0.3011 0.0932
vt 0.3166 0.5431
vt 0.3313 0.5331
vt 0.3428 0.5192
vt 0.3404 0.5289
vt 0.3311 0.5212
vt 0.3404 0.5289
vt 0.1831 0.4567
vt 0.1703 0.4645
vt 0.1714 0.4523
vt 0.1839 0.4693
vt 0.1715 0.4766
vt 0.1703 0.4645
vt 0.1827 0.4975
vt 0.1365 0.4487
vt 0.1500 0.4449
vt 0.2203 0.5326
vt 0.2158 0.5210
vt 0.2319 0.5290
vt 0.7436 0.1085
vt 0.7288 0.1041
vt 0.7288 0.1041
vt 0.7113 0.1038
vt 0.7229 0.0955
vt 0.7123 0.1300
vt 0.7017 0.1295
vt 0.7068 0.1203
vt 0.6920 0.0775
vt 0.7113 0.1038
vt 0.7031 0.1104
vt 0.7016 0.0897
vt 0.6471 0.0598
vt 0.6942 0.1629
vt 0.7101 0.1706
vt 0.7014 0.1792
vt 0.6031 0.1089
vt 0.6069 0.1232
vt 0.5915 0.1194
vt 0.6010 0.0898
vt 0.5860 0.0667
vt 0.5988 0.0722
vt 0.6010 0.0898
vt 0.5860 0.0667
vt 0.8857 0.2505
vt 0.8807 0.2321
vt 0.8657 0.2118
vt 0.8903 0.2285
vt 0.8075 0.1871
vt 0.8216 0.1901
vt 0.8127 0.1973
vt 0.8069 0.1673
vt 0.7884 0.1690
vt 0.8010 0.1554
vt 0.7725 0.1314
vt 0.7720 0.1178
vt 0.7821 0.1213
vt 0.8010 0.1554
vt 0.7777 0.1516
vt 0.7703 0.1428
vt 0.7826 0.1393
vt 0.8988 0.1580
vt 0.8873 0.1564
vt 0.8877 0.1458
vt 0.8280 0.4336
vt 0.8255 0.4442
vt 0.8141 0.4336
vt 0.8343 0.4225
vt 0.8419 0.4328
vt 0.8280 0.4336
vt 0.1090 0.2174
vt 0.1281 0.2169
vt 0.1132 0.2279
vt 0.1378 0.2557
vt 0.1220 0.2351
vt 0.1343 0.2452
vt 0.1233 0.2465
vt 0.1436 0.2215
vt 0.1565 0.2292
vt 0.1458 0.2358
vt 0.3605 0.0898
vt 0.3474 0.0903
vt 0.3144 0.1003
vt 0.3255 0.0893
vt 0.3293 0.0989
vt 0.3687 0.4999
vt 0.3613 0.5083
vt 0.3550 0.4990
vt 0.4097 0.5356
vt 0.1451 0.4649
vt 0.1831 0.4567
vt 0.1826 0.4449
vt 0.1965 0.4419
vt 0.1703 0.4645
vt 0.7141 0.0857
vt 0.6902 0.0882
vt 0.6403 0.0964
vt 0.6340 0.0855
vt 0.8247 0.1720
vt 0.7984 0.1760
vt 0.8040 0.1394
vt 0.7515 0.1638
vt 0.7389 0.1552
vt 0.7492 0.1487
vt 0.7888 0.1568
vt 0.7720 0.1178
vt 0.7588 0.1412
vt 0.7637 0.1245
vt 0.7725 0.1314
vt 0.7946 0.1438
vt 0.8419 0.4328
vt 0.1334 0.2341
vt 0.1281 0.2169
vt 0.1436 0.2215
vt 0.3535 0.5241
vt 0.1637 0.4289
vt 0.1826 0.4449
vt 0.2234 0.4436
vt 0.2310 0.4539
vt 0.2172 0.4535
vt 0.2367 0.4693
vt 0.2252 0.4883
vt 0.2201 0.4771
vt 0.1952 0.4604
vt 0.1962 0.4734
vt 0.1839 0.4693
vt 0.1726 0.4387
vt 0.1589 0.4027
vt 0.1625 0.3870
vt 0.1742 0.3950
vt 0.1325 0.4103
vt 0.1713 0.4077
vt 0.1713 0.4077
vt 0.2088 0.4725
vt 0.1952 0.4604
vt 0.2054 0.4544
vt 0.2038 0.4840
vt 0.2047 0.4952
vt 0.1589 0.4027
vt 0.1732 0.3839
vt 0.2392 0.4475
vt 0.1868 0.4046
vt 0.0746 0.1503
vt 0.0897 0.1489
vt 0.0832 0.1617
vt 0.0929 0.1395
vt 0.0897 0.1489
vt 0.0779 0.1394
vt 0.0779 0.1394
vt 0.2685 0.5612
vt 0.2700 0.6017
vt 0.2715 0.5912
vt 0.2270 0.5552
vt 0.2270 0.5552
vt 0.2362 0.5495
vt 0.2353 0.5631
vt 0.2455 0.5913
vt 0.2455 0.5780
vt 0.2560 0.5780
vt 0.1588 0.1390
vt 0.1492 0.1640
vt 0.1450 0.1499
vt 0.1559 0.1496
vt 0.1132 0.2068
vt 0.1226 0.1998
vt 0.1281 0.2169
vt 0.0955 0.1597
vt 0.1175 0.1582
vt 0.0787 0.1763
vt 0.0832 0.1617
vt 0.0933 0.1718
vt 0.1046 0.1516
vt 0.1245 0.1874
vt 0.1409 0.1798
vt 0.1324 0.1933
vt 0.1046 0.1516
vt 0.1317 0.1614
vt 0.1229 0.1673
vt 0.1175 0.1582
vt 0.1068 0.1637
vt 0.0933 0.1718
vt 0.0955 0.1597
vt 0.1068 0.1637
vt 0.1091 0.1756
vt 0.1339 0.1718
vt 0.1153 0.1906
vt 0.1091 0.1756
vt 0.1071 0.1852
vt 0.0933 0.1718
vt 0.0884 0.1819
vt 0.1334 0.2341
vt 0.0810 0.1915
vt 0.0977 0.1882
vt 0.1245 0.1874
vt 0.1054 0.1976
vt 0.1103 0.2398
vt 0.0827 0.2236
vt 0.0726 0.2293
vt 0.0765 0.2137
vt 0.0810 0.1915
vt 0.1492 0.1640
vt 0.1409 0.1798
vt 0.1339 0.1718
vt 0.1014 0.2090
vt 0.1090 0.2174
vt 0.1004 0.2236
vt 0.1014 0.2090
vt 0.0922 0.2168
vt 0.1132 0.2279
vt 0.0994 0.2343
vt 0.1004 0.2236
vt 0.0666 0.2195
vt 0.0588 0.2074
vt 0.1226 0.1998
vt 0.1328 0.2060
vt 0.1324 0.1933
vt 0.1447 0.2054
vt 0.1328 0.2060
vt 0.0966 0.2491
vt 0.0891 0.2321
vt 0.0891 0.2321
vt 0.0922 0.2168
vt 0.1004 0.2236
vt 0.0674 0.2006
vt 0.0588 0.2074
vt 0.0347 0.2161
vt 0.1958 0.1218
vt 0.1686 0.2153
vt 0.1749 0.1995
vt 0.1838 0.2096
vt 0.1565 0.1768
vt 0.1492 0.1640
vt 0.1627 0.1582
vt 0.8343 0.4225
vt 0.8411 0.4116
vt 0.8510 0.4232
vt 0.8555 0.4079
vt 0.8423 0.3982
vt 0.8211 0.4254
vt 0.8255 0.4442
vt 0.8202 0.4539
vt 0.8118 0.4453
vt 0.7999 0.4455
vt 0.8040 0.4360
vt 0.8118 0.4453
vt 0.8297 0.3413
vt 0.8252 0.3515
vt 0.8164 0.3398
vt 0.8297 0.4039
vt 0.8343 0.4225
vt 0.8211 0.4146
vt 0.8141 0.4336
vt 0.8040 0.4360
vt 0.8082 0.4235
vt 0.8297 0.4039
vt 0.8423 0.3982
vt 0.8411 0.4116
vt 0.8297 0.4039
vt 0.8185 0.4037
vt 0.8243 0.3922
vt 0.8392 0.3687
vt 0.8185 0.4037
vt 0.8042 0.4126
vt 0.8097 0.3967
vt 0.7167 0.4230
vt 0.7078 0.4157
vt 0.7241 0.4141
vt 0.7974 0.4280
vt 0.8216 0.3796
vt 0.8082 0.4235
vt 0.8097 0.3967
vt 0.8075 0.3824
vt 0.8243 0.3922
vt 0.8532 0.3604
vt 0.8669 0.3664
vt 0.8558 0.3765
vt 0.8714 0.3803
vt 0.8510 0.3283
vt 0.8541 0.3461
vt 0.8404 0.3380
vt 0.8798 0.3452
vt 0.8683 0.3449
vt 0.8959 0.3454
vt 0.8541 0.3461
vt 0.8229 0.2783
vt 0.8317 0.2636
vt 0.8332 0.2744
vt 0.8693 0.3006
vt 0.8566 0.2926
vt 0.8674 0.2894
vt 0.8693 0.3006
vt 0.8636 0.3554
vt 0.8491 0.3163
vt 0.8510 0.3283
vt 0.8406 0.3237
vt 0.8541 0.3461
vt 0.8532 0.3604
vt 0.8403 0.3524
vt 0.8510 0.3283
vt 0.8392 0.3687
vt 0.8327 0.3779
vt 0.8403 0.3524
vt 0.8261 0.3307
vt 0.8181 0.3239
vt 0.8307 0.3217
vt 0.8252 0.3658
vt 0.8075 0.3824
vt 0.7932 0.3834
vt 0.8056 0.3681
vt 0.8243 0.3922
vt 0.8216 0.3796
vt 0.8327 0.3779
vt 0.8158 0.3707
vt 0.8096 0.3514
vt 0.8049 0.5320
vt 0.7980 0.5438
vt 0.7912 0.5320
vt 0.1819 0.1239
vt 0.2945 0.0842
vt 0.3070 0.0775
vt 0.3011 0.0932
vt 0.2752 0.0823
vt 0.3233 0.1154
vt 0.2913 0.0993
vt 0.3025 0.1077
vt 0.2888 0.1107
vt 0.2616 0.1185
vt 0.2504 0.1209
vt 0.2565 0.1083
vt 0.3335 0.1098
vt 0.3916 0.1250
vt 0.4039 0.1277
vt 0.3994 0.1456
vt 0.2757 0.1125
vt 0.3025 0.1077
vt 0.3121 0.1137
vt 0.2961 0.1210
vt 0.4534 0.0513
vt 0.4594 0.0610
vt 0.4417 0.0618
vt 0.4417 0.0618
vt 0.4291 0.0872
vt 0.4185 0.0798
vt 0.4302 0.0743
vt 0.5074 0.0470
vt 0.5188 0.0544
vt 0.5040 0.0635
vt 0.4915 0.0680
vt 0.4831 0.0966
vt 0.4972 0.0938
vt 0.4853 0.1063
vt 0.4703 0.0859
vt 0.4633 0.0741
vt 0.4769 0.0724
vt 0.4703 0.0859
vt 0.4831 0.0966
vt 0.4691 0.1002
vt 0.4879 0.0825
vt 0.4598 0.0842
vt 0.4538 0.0697
vt 0.4538 0.0697
vt 0.4444 0.0743
vt 0.4417 0.0618
vt 0.1311 0.3599
vt 0.1230 0.3491
vt 0.1438 0.3644
vt 0.1582 0.3647
vt 0.1720 0.3668
vt 0.1649 0.3750
vt 0.1649 0.3750
vt 0.1795 0.3747
vt 0.1732 0.3839
vt 0.2108 0.3460
vt 0.1922 0.3430
vt 0.1999 0.3325
vt 0.1960 0.4176
vt 0.1998 0.4052
vt 0.2077 0.4186
vt 0.1894 0.3881
vt 0.1697 0.3561
vt 0.1872 0.3579
vt 0.1612 0.3286
vt 0.8500 0.1558
vt 0.8655 0.1375
vt 0.8778 0.1515
vt 0.8873 0.1564
vt 0.8768 0.1642
vt 0.8778 0.1515
vt 0.5662 0.5620
vt 0.5727 0.5449
vt 0.5822 0.5478
vt 0.5779 0.5644
vt 0.2835 0.1215
vt 0.2341 0.1490
vt 0.2296 0.1604
vt 0.2200 0.1557
vt 0.4426 0.5410
vt 0.4594 0.5445
vt 0.4537 0.5548
vt 0.3730 0.1114
vt 0.2592 0.5152
vt 0.2488 0.5246
vt 0.2458 0.5109
vt 0.3049 0.5386
vt 0.3202 0.5326
vt 0.3166 0.5431
vt 0.5747 0.0587
vt 0.5699 0.0728
vt 0.5616 0.0621
vt 0.5892 0.0769
vt 0.5538 0.0768
vt 0.5454 0.0839
vt 0.5391 0.0689
vt 0.5538 0.0768
vt 0.5639 0.0828
vt 0.5417 0.1094
vt 0.4951 0.1081
vt 0.5269 0.0745
vt 0.5851 0.0866
vt 0.5667 0.0942
vt 0.5639 0.0828
vt 0.5479 0.0947
vt 0.5454 0.0839
vt 0.5639 0.0828
vt 0.5114 0.0967
vt 0.5200 0.0822
vt 0.5261 0.0926
vt 0.5040 0.0635
vt 0.5348 0.0811
vt 0.5807 0.1224
vt 0.5895 0.1060
vt 0.5915 0.1194
vt 0.5366 0.0986
vt 0.5052 0.0809
vt 0.5574 0.0977
vt 0.5576 0.1077
vt 0.5479 0.0947
vt 0.5892 0.0769
vt 0.6123 0.0985
vt 0.5790 0.0984
vt 0.5719 0.1153
vt 0.5682 0.1051
vt 0.5574 0.0977
vt 0.6250 0.0909
vt 0.6167 0.1121
vt 0.6123 0.0985
vt 0.6284 0.1008
vt 0.6031 0.1089
vt 0.5983 0.1312
vt 0.6031 0.1089
vt 0.5895 0.1060
vt 0.6553 0.0936
vt 0.6413 0.1261
vt 0.6311 0.1154
vt 0.6431 0.1142
vt 0.6167 0.1121
vt 0.6311 0.1154
vt 0.6221 0.1213
vt 0.6080 0.1379
vt 0.6403 0.0964
vt 0.6250 0.0909
vt 0.6340 0.0855
vt 0.5233 0.1422
vt 0.5310 0.1345
vt 0.5319 0.1472
vt 0.5154 0.1297
vt 0.5127 0.1136
vt 0.5289 0.1238
vt 0.5966 0.1422
vt 0.6080 0.1379
vt 0.6022 0.1519
vt 0.5865 0.1321
vt 0.5669 0.1421
vt 0.5865 0.1321
vt 0.5755 0.1491
vt 0.6009 0.5564
vt 0.6137 0.5464
vt 0.6223 0.5408
vt 0.6148 0.5565
vt 0.5122 0.5514
vt 0.5226 0.5416
vt 0.5200 0.5593
vt 0.5604 0.5045
vt 0.5473 0.5065
vt 0.5487 0.4934
vt 0.5303 0.5509
vt 0.4892 0.5564
vt 0.5191 0.5298
vt 0.5292 0.5208
vt 0.5318 0.5339
vt 0.5612 0.5327
vt 0.5516 0.5292
vt 0.5628 0.5213
vt 0.5559 0.5522
vt 0.5662 0.5620
vt 0.5621 0.5434
vt 0.5662 0.5620
vt 0.5709 0.5104
vt 0.5801 0.5000
vt 0.5828 0.5125
vt 0.6009 0.5564
vt 0.5963 0.5470
vt 0.6049 0.5411
vt 0.5779 0.5644
vt 0.5869 0.5565
vt 0.5929 0.5678
vt 0.2247 0.1070
vt 0.2181 0.1359
vt 0.2099 0.1244
vt 0.2254 0.1288
vt 0.2416 0.0964
vt 0.2254 0.1288
vt 0.2452 0.1106
vt 0.2383 0.1284
vt 0.2428 0.1404
vt 0.2318 0.1380
vt 0.4372 0.5496
vt 0.4537 0.5548
vt 0.4426 0.5582
vt 0.4795 0.5524
vt 0.4653 0.5560
vt 0.4710 0.5444
vt 0.4794 0.5362
vt 0.4861 0.5442
vt 0.4710 0.5444
vt 0.4252 0.5305
vt 0.4360 0.5130
vt 0.4400 0.5264
vt 0.4594 0.5445
vt 0.4861 0.5442
vt 0.4254 0.5038
vt 0.4447 0.5027
vt 0.4360 0.5130
vt 0.4426 0.5410
vt 0.4400 0.5264
vt 0.4528 0.5317
vt 0.4650 0.5250
vt 0.5069 0.5198
vt 0.5183 0.5138
vt 0.5191 0.5298
vt 0.3925 0.5755
vt 0.3651 0.5255
vt 0.3746 0.5394
vt 0.3581 0.5348
vt 0.4145 0.5512
vt 0.4016 0.5497
vt 0.3746 0.5394
vt 0.3911 0.5427
vt 0.3762 0.5533
vt 0.4145 0.5512
vt 0.3894 0.5551
vt 0.4065 0.5235
vt 0.3581 0.5348
vt 0.4185 0.5200
vt 0.3860 0.5312
vt 0.4065 0.5235
vt 0.3920 0.5134
vt 0.4095 0.5113
vt 0.3798 0.5007
vt 0.3919 0.5013
vt 0.3920 0.5134
vt 0.3746 0.5144
vt 0.3550 0.4990
vt 0.3497 0.5097
vt 0.3438 0.4996
vt 0.4377 0.4911
vt 0.4254 0.5038
vt 0.4243 0.4904
vt 0.3920 0.5134
vt 0.4095 0.5113
vt 0.4119 0.4957
vt 0.4254 0.5038
vt 0.4794 0.5362
vt 0.4650 0.5250
vt 0.4831 0.5233
vt 0.4030 0.5023
vt 0.4320 0.5389
vt 0.4320 0.5389
vt 0.3535 0.5241
vt 0.3535 0.5241
vt 0.3613 0.5083
vt 0.3651 0.5255
vt 0.4671 0.4293
vt 0.4712 0.4395
vt 0.4605 0.4423
vt 0.6370 0.5314
vt 0.6336 0.5422
vt 0.6249 0.5287
vt 0.3382 0.5092
vt 0.3144 0.5069
vt 0.3272 0.5100
vt 0.3192 0.5191
vt 0.4022 0.4652
vt 0.4027 0.4813
vt 0.3947 0.4742
vt 0.3497 0.5097
vt 0.3797 0.4808
vt 0.3798 0.5007
vt 0.3687 0.4999
vt 0.4932 0.4753
vt 0.4838 0.4868
vt 0.4750 0.4785
vt 0.4739 0.5113
vt 0.6818 0.5453
vt 0.6702 0.5359
vt 0.6807 0.5348
vt 0.6926 0.5470
vt 0.6879 0.5145
vt 0.6733 0.5211
vt 0.6785 0.5069
vt 0.7197 0.5348
vt 0.7092 0.5338
vt 0.7145 0.5253
vt 0.6874 0.5266
vt 0.6721 0.4964
vt 0.6644 0.5098
vt 0.6598 0.4962
vt 0.7169 0.5541
vt 0.6733 0.5211
vt 0.8551 0.3069
vt 0.8551 0.3069
vt 0.8491 0.3163
vt 0.8387 0.3031
vt 0.8282 0.3053
vt 0.8387 0.3031
vt 0.8307 0.3217
vt 0.8519 0.2646
vt 0.8628 0.2677
vt 0.8529 0.2789
vt 0.8615 0.2527
vt 0.8573 0.1761
vt 0.8853 0.1738
vt 0.3295 0.1843
vt 0.3173 0.1910
vt 0.3190 0.1795
vt 0.2404 0.4270
vt 0.2511 0.4330
vt 0.2348 0.4379
vt 0.3451 0.1094
vt 0.3335 0.1098
vt 0.2331 0.5170
vt 0.2158 0.5210
vt 0.2224 0.5100
vt 0.2296 0.5409
vt 0.2622 0.5528
vt 0.2488 0.5246
vt 0.2422 0.5337
vt 0.2224 0.5100
vt 0.2207 0.4987
vt 0.2361 0.5007
vt 0.2975 0.5276
vt 0.2991 0.5145
vt 0.3104 0.5274
vt 0.7422 0.1387
vt 0.7294 0.1399
vt 0.7732 0.1664
vt 0.7622 0.1661
vt 0.7627 0.1550
vt 0.6895 0.1819
vt 0.7172 0.1207
vt 0.7166 0.1396
vt 0.7031 0.1399
vt 0.7389 0.1552
vt 0.7291 0.1506
vt 0.7422 0.1387
vt 0.7703 0.1428
vt 0.7627 0.1550
vt 0.7627 0.1550
vt 0.7777 0.1516
vt 0.7448 0.1992
vt 0.7335 0.1840
vt 0.7465 0.1804
vt 0.7465 0.1804
vt 0.7519 0.2070
vt 0.7630 0.1958
vt 0.7620 0.2100
vt 0.7363 0.2114
vt 0.7242 0.2027
vt 0.7336 0.1957
vt 0.7931 0.1869
vt 0.7515 0.1638
vt 0.7622 0.1661
vt 0.7596 0.1767
vt 0.7241 0.1733
vt 0.7380 0.1699
vt 0.7335 0.1840
vt 0.7814 0.1953
vt 0.7697 0.1760
vt 0.7720 0.1899
vt 0.7762 0.2087
vt 0.7630 0.1958
vt 0.8400 0.2297
vt 0.8280 0.2281
vt 0.8305 0.2157
vt 0.8229 0.2783
vt 0.8343 0.2932
vt 0.8181 0.2871
vt 0.7720 0.1899
vt 0.7697 0.1760
vt 0.7785 0.1812
vt 0.7599 0.2531
vt 0.7555 0.1873
vt 0.7363 0.2114
vt 0.7499 0.2174
vt 0.7401 0.2211
vt 0.7335 0.1840
vt 0.7336 0.1957
vt 0.7140 0.1880
vt 0.7101 0.1706
vt 0.8002 0.1973
vt 0.7932 0.2077
vt 0.7814 0.1953
vt 0.7620 0.2100
vt 0.7617 0.2230
vt 0.7499 0.2174
vt 0.7066 0.1575
vt 0.8002 0.1973
vt 0.7291 0.1506
vt 0.7720 0.1899
vt 0.7630 0.1958
vt 0.8833 0.2617
vt 0.8711 0.2235
vt 0.8741 0.2438
vt 0.8614 0.2394
vt 0.8743 0.2709
vt 0.8628 0.2677
vt 0.8479 0.2113
vt 0.8249 0.2033
vt 0.8216 0.1901
vt 0.8352 0.1911
vt 0.3272 0.5100
vt 0.2682 0.5247
vt 0.2924 0.5394
vt 0.2761 0.5424
vt 0.2831 0.5346
vt 0.3164 0.5541
vt 0.3011 0.5521
vt 0.3144 0.5069
vt 0.2991 0.5145
vt 0.3046 0.4982
vt 0.2331 0.5170
vt 0.2361 0.5007
vt 0.2458 0.5109
vt 0.2849 0.4567
vt 0.2936 0.4631
vt 0.2821 0.4735
vt 0.3625 0.4907
vt 0.3192 0.5191
vt 0.3234 0.4979
vt 0.3144 0.5069
vt 0.3133 0.4897
vt 0.3011 0.5623
vt 0.2888 0.5512
vt 0.8164 0.1799
vt 0.8069 0.1673
vt 0.8247 0.1720
vt 0.8164 0.1799
vt 0.8249 0.2033
vt 0.8102 0.2085
vt 0.8127 0.1973
vt 0.8417 0.1707
vt 0.8488 0.1903
vt 0.8280 0.2281
vt 0.8164 0.2409
vt 0.8161 0.2242
vt 0.8102 0.2085
vt 0.8197 0.2139
vt 0.8415 0.1819
vt 0.8632 0.1916
vt 0.8488 0.1903
vt 0.8546 0.2031
vt 0.8406 0.2037
vt 0.8161 0.2242
vt 0.7995 0.2213
vt 0.8102 0.2085
vt 0.8290 0.1821
vt 0.8651 0.1669
vt 0.8519 0.1666
vt 0.8500 0.1558
vt 0.8415 0.1819
vt 0.8573 0.1761
vt 0.8602 0.2215
vt 0.8479 0.2113
vt 0.8657 0.2118
vt 0.8490 0.2217
vt 0.8487 0.2491
vt 0.8513 0.2333
vt 0.8614 0.2394
vt 0.8519 0.1666
vt 0.8853 0.1738
vt 0.8699 0.1788
vt 0.8768 0.1642
vt 0.2547 0.5609
vt 0.2622 0.5528
vt 0.2685 0.5612
vt 0.2888 0.5512
vt 0.2622 0.5528
vt 0.2619 0.5361
vt 0.1694 0.1375
vt 0.2012 0.2368
vt 0.2019 0.2255
vt 0.2129 0.2280
vt 0.1550 0.2143
vt 0.1674 0.2265
vt 0.1805 0.2391
vt 0.1670 0.2378
vt 0.1857 0.1862
vt 0.1749 0.1995
vt 0.1749 0.1818
vt 0.1682 0.1704
vt 0.1734 0.1557
vt 0.1808 0.1638
vt 0.1551 0.2038
vt 0.1670 0.2378
vt 0.1726 0.2500
vt 0.1550 0.2442
vt 0.1487 0.1914
vt 0.1550 0.2442
vt 0.1831 0.1745
vt 0.1686 0.2153
vt 0.0891 0.2321
vt 0.7655 0.3973
vt 0.7538 0.4126
vt 0.7457 0.4021
vt 0.7710 0.3121
vt 0.7816 0.3202
vt 0.7699 0.3283
vt 0.8281 0.5196
vt 0.8281 0.5196
vt 0.8179 0.5259
vt 0.8188 0.5100
vt 0.3315 0.1462
vt 0.3651 0.1758
vt 0.3082 0.1244
vt 0.3182 0.1240
vt 0.3104 0.1356
vt 0.3082 0.1244
vt 0.4302 0.0743
vt 0.4419 0.0859
vt 0.4444 0.0743
vt 0.4598 0.0842
vt 0.4074 0.0836
vt 0.5869 0.5565
vt 0.6137 0.5464
vt 0.2691 0.1024
vt 0.2757 0.1125
vt 0.2616 0.1185
vt 0.2383 0.1284
vt 0.4089 0.1041
vt 0.3732 0.0930
vt 0.3732 0.0930
vt 0.3649 0.1022
vt 0.3605 0.0898
vt 0.3531 0.1007
vt 0.5682 0.1051
vt 0.6112 0.5290
vt 0.6249 0.5287
vt 0.6223 0.5408
vt 0.6190 0.5177
vt 0.6137 0.5038
vt 0.6275 0.5021
vt 0.5885 0.5401
vt 0.5779 0.5337
vt 0.5858 0.5249
vt 0.5970 0.5351
vt 0.5779 0.5337
vt 0.4761 0.4962
vt 0.4838 0.4868
vt 0.4917 0.4960
vt 0.4750 0.4785
vt 0.4658 0.4937
vt 0.4578 0.4868
vt 0.5967 0.4837
vt 0.5970 0.4719
vt 0.6091 0.4736
vt 0.5612 0.5327
vt 0.5743 0.5220
vt 0.5779 0.5337
vt 0.5926 0.5161
vt 0.6068 0.5170
vt 0.5977 0.5252
vt 0.6112 0.5290
vt 0.5970 0.5351
vt 0.5977 0.5252
vt 0.4146 0.4850
vt 0.4119 0.4957
vt 0.4027 0.4813
vt 0.3897 0.4832
vt 0.3897 0.4832
vt 0.4215 0.4697
vt 0.3971 0.4904
vt 0.4111 0.4746
vt 0.4612 0.5032
vt 0.4485 0.4924
vt 0.4377 0.4911
vt 0.4461 0.4780
vt 0.3341 0.4926
vt 0.2821 0.4735
vt 0.2813 0.4878
vt 0.2695 0.4771
vt 0.4022 0.4652
vt 0.3904 0.4581
vt 0.4034 0.4535
vt 0.3247 0.4853
vt 0.3302 0.4768
vt 0.3341 0.4926
vt 0.3438 0.4996
vt 0.3382 0.5092
vt 0.4030 0.5023
vt 0.3920 0.5134
vt 0.3763 0.5255
vt 0.3746 0.5144
vt 0.7500 0.4560
vt 0.7308 0.4597
vt 0.7356 0.4462
vt 0.7254 0.4902
vt 0.7366 0.4832
vt 0.7387 0.4962
vt 0.7081 0.5175
vt 0.7184 0.5157
vt 0.7246 0.5248
vt 0.7145 0.5253
vt 0.7184 0.5157
vt 0.7081 0.5175
vt 0.7126 0.4973
vt 0.7320 0.5096
vt 0.7216 0.5046
vt 0.7387 0.4962
vt 0.8529 0.2789
vt 0.8054 0.2460
vt 0.8101 0.2327
vt 0.8164 0.2409
vt 0.8237 0.2954
vt 0.8343 0.2932
vt 0.8282 0.3053
vt 0.8233 0.3148
vt 0.8129 0.2975
vt 0.8282 0.3053
vt 0.8261 0.3307
vt 0.8233 0.3148
vt 0.8393 0.2835
vt 0.8440 0.2723
vt 0.8045 0.3047
vt 0.8297 0.3413
vt 0.8096 0.3514
vt 0.8064 0.3363
vt 0.7936 0.3280
vt 0.8078 0.3258
vt 0.8048 0.3155
vt 0.8078 0.3258
vt 0.1516 0.2602
vt 0.1906 0.3769
vt 0.3576 0.1124
vt 0.2047 0.4952
vt 0.2252 0.4883
vt 0.2207 0.4987
vt 0.2038 0.4840
vt 0.2088 0.4725
vt 0.2201 0.4771
vt 0.2578 0.4728
vt 0.2638 0.4881
vt 0.2466 0.4848
vt 0.2252 0.4883
vt 0.2364 0.4895
vt 0.2361 0.5007
vt 0.2348 0.4379
vt 0.2367 0.4693
vt 0.2466 0.4848
vt 0.2364 0.4895
vt 0.2189 0.4650
vt 0.2287 0.4635
vt 0.2310 0.4539
vt 0.2367 0.4693
vt 0.2287 0.4635
vt 0.2461 0.4616
vt 0.2597 0.4591
vt 0.2578 0.4728
vt 0.2493 0.4979
vt 0.2767 0.5000
vt 0.2638 0.4881
vt 0.2813 0.4878
vt 0.2722 0.4649
vt 0.2695 0.4771
vt 0.2578 0.4728
vt 0.2353 0.5631
vt 0.2619 0.5361
vt 0.2834 0.5680
vt 0.7733 0.2203
vt 0.7995 0.2213
vt 0.7865 0.2289
vt 0.7852 0.2168
vt 0.8003 0.2363
vt 0.7690 0.2445
vt 0.7852 0.2168
vt 0.7292 0.3118
vt 0.7149 0.3053
vt 0.7280 0.2957
vt 0.7667 0.2824
vt 0.7508 0.2783
vt 0.7619 0.2683
vt 0.7225 0.2179
vt 0.7074 0.2151
vt 0.7103 0.2015
vt 0.7517 0.2619
vt 0.7393 0.2496
vt 0.8602 0.2215
vt 0.1565 0.1768
vt 0.1642 0.1849
vt 0.1487 0.1914
vt 0.1664 0.1477
vt 0.1642 0.1849
vt 0.7771 0.3774
vt 0.7603 0.3788
vt 0.7678 0.3666
vt 0.7815 0.3612
vt 0.7815 0.3612
vt 0.7683 0.3524
vt 0.7868 0.3469
vt 0.7974 0.3418
vt 0.7974 0.3418
vt 0.3371 0.1282
vt 0.2521 0.1586
vt 0.2629 0.1669
vt 0.2472 0.1698
vt 0.3445 0.1203
vt 0.3545 0.1246
vt 0.3570 0.1342
vt 0.3371 0.1282
vt 0.4205 0.0969
vt 0.4376 0.0969
vt 0.4522 0.0917
vt 0.4565 0.1042
vt 0.4772 0.1122
vt 0.4884 0.1203
vt 0.4770 0.1243
vt 0.5664 0.1310
vt 0.5602 0.1200
vt 0.5397 0.1410
vt 0.5310 0.1345
vt 0.5482 0.1269
vt 0.5261 0.0926
vt 0.5559 0.1439
vt 0.5563 0.1334
vt 0.5669 0.1421
vt 0.4245 0.1616
vt 0.4369 0.1678
vt 0.4264 0.1733
vt 0.5154 0.1297
vt 0.5133 0.1397
vt 0.4978 0.1348
vt 0.5397 0.1410
vt 0.5559 0.1439
vt 0.5459 0.1533
vt 0.5664 0.1310
vt 0.5501 0.1162
vt 0.5310 0.1345
vt 0.5631 0.1537
vt 0.5563 0.1334
vt 0.5320 0.1137
vt 0.5482 0.1269
vt 0.5289 0.1238
vt 0.5482 0.1269
vt 0.5755 0.1491
vt 0.5733 0.1606
vt 0.5631 0.1537
vt 0.6479 0.5322
vt 0.6484 0.5542
vt 0.6525 0.5422
vt 0.6603 0.5529
vt 0.6190 0.5177
vt 0.5449 0.5368
vt 0.5191 0.5298
vt 0.5226 0.5416
vt 0.5604 0.5045
vt 0.5709 0.5104
vt 0.5628 0.5213
vt 0.5828 0.5125
vt 0.5926 0.5161
vt 0.5858 0.5249
vt 0.5515 0.5190
vt 0.5380 0.5002
vt 0.5604 0.5045
vt 0.5639 0.4879
vt 0.5692 0.4977
vt 0.5449 0.5368
vt 0.5318 0.5339
vt 0.5403 0.5254
vt 0.5988 0.5077
vt 0.6137 0.5038
vt 0.6068 0.5170
vt 0.6171 0.4929
vt 0.4650 0.5250
vt 0.4528 0.5317
vt 0.4498 0.5151
vt 0.4498 0.5151
vt 0.4650 0.5250
vt 0.4611 0.5145
vt 0.4739 0.5113
vt 0.4612 0.5032
vt 0.4578 0.4868
vt 0.4586 0.4735
vt 0.4761 0.4962
vt 0.4457 0.4575
vt 0.4409 0.4679
vt 0.4252 0.4588
vt 0.4671 0.4293
vt 0.4783 0.4201
vt 0.4815 0.4310
vt 0.4612 0.5032
vt 0.4496 0.2053
vt 0.4597 0.2010
vt 0.4596 0.2182
vt 0.7234 0.3322
vt 0.7157 0.3198
vt 0.7292 0.3118
vt 0.4665 0.4629
vt 0.4586 0.4735
vt 0.4554 0.4629
vt 0.5040 0.4751
vt 0.5230 0.4782
vt 0.5035 0.4859
vt 0.4554 0.4629
vt 0.4461 0.4780
vt 0.4409 0.4679
vt 0.4768 0.4674
vt 0.4710 0.4504
vt 0.4866 0.4620
vt 0.4665 0.4629
vt 0.4768 0.4674
vt 0.4750 0.4785
vt 0.3991 0.4279
vt 0.4067 0.4385
vt 0.3915 0.4406
vt 0.4710 0.4504
vt 0.4665 0.4629
vt 0.4605 0.4532
vt 0.4483 0.4411
vt 0.4605 0.4532
vt 0.4457 0.4575
vt 0.4252 0.4588
vt 0.4171 0.4476
vt 0.4288 0.4477
vt 0.4501 0.4289
vt 0.4111 0.4746
vt 0.3771 0.4546
vt 0.3808 0.4675
vt 0.3689 0.4640
vt 0.3443 0.4568
vt 0.3327 0.4596
vt 0.3314 0.4465
vt 0.6853 0.4630
vt 0.6796 0.4513
vt 0.6938 0.4516
vt 0.7246 0.5248
vt 0.7013 0.5000
vt 0.7169 0.4784
vt 0.7126 0.4973
vt 0.7050 0.4857
vt 0.8513 0.2333
vt 0.8434 0.2401
vt 0.8400 0.2297
vt 0.7865 0.2289
vt 0.8434 0.2401
vt 0.8421 0.2585
vt 0.8330 0.2396
vt 0.8129 0.2975
vt 0.8081 0.2876
vt 0.8181 0.2871
vt 0.7815 0.2437
vt 0.8003 0.2363
vt 0.7955 0.2506
vt 0.7834 0.3307
vt 0.7404 0.2659
vt 0.7249 0.2688
vt 0.7305 0.2580
vt 0.7936 0.3280
vt 0.7942 0.3140
vt 0.8048 0.3155
vt 0.8096 0.2735
vt 0.7993 0.2796
vt 0.7947 0.2657
vt 0.1660 0.2618
vt 0.2018 0.3555
vt 0.2108 0.3460
vt 0.2164 0.3579
vt 0.1869 0.4230
vt 0.1894 0.3881
vt 0.2129 0.3331
vt 0.1999 0.3325
vt 0.2069 0.3223
vt 0.2511 0.4330
vt 0.2625 0.4267
vt 0.2559 0.4420
vt 0.2234 0.4436
vt 0.2168 0.4261
vt 0.2285 0.4279
vt 0.2050 0.4320
vt 0.1997 0.3702
vt 0.2125 0.4078
vt 0.2690 0.3429
vt 0.2600 0.3546
vt 0.2570 0.3429
vt 0.2952 0.3625
vt 0.2928 0.3775
vt 0.2811 0.3677
vt 0.1872 0.3579
vt 0.1997 0.3702
vt 0.1906 0.3769
vt 0.2507 0.4187
vt 0.2079 0.3981
vt 0.1770 0.3390
vt 0.1791 0.3500
vt 0.1614 0.3492
vt 0.2194 0.3738
vt 0.2087 0.3767
vt 0.2164 0.3579
vt 0.2265 0.3530
vt 0.2438 0.3526
vt 0.2316 0.3630
vt 0.2206 0.3953
vt 0.2313 0.3848
vt 0.2327 0.4003
vt 0.2087 0.3767
vt 0.2597 0.4591
vt 0.2703 0.4527
vt 0.2722 0.4649
vt 0.2862 0.5110
vt 0.2991 0.5145
vt 0.2850 0.5243
vt 0.2831 0.5346
vt 0.2682 0.5247
vt 0.2850 0.5243
vt 0.2730 0.5125
vt 0.2638 0.5020
vt 0.2906 0.4983
vt 0.2862 0.5110
vt 0.2975 0.4869
vt 0.2813 0.4878
vt 0.2952 0.4737
vt 0.2906 0.4983
vt 0.2975 0.5276
vt 0.8256 0.2512
vt 0.8197 0.2618
vt 0.8149 0.2514
vt 0.8079 0.2593
vt 0.8054 0.2460
vt 0.8197 0.2139
vt 0.8101 0.2327
vt 0.8330 0.2396
vt 0.8421 0.2585
vt 0.8421 0.2585
vt 0.8317 0.2636
vt 0.8256 0.2512
vt 0.7135 0.2243
vt 0.6022 0.1519
vt 0.6174 0.1478
vt 0.6154 0.1594
vt 0.1716 0.1269
vt 0.1819 0.1239
vt 0.1891 0.1320
vt 0.2110 0.1484
vt 0.2181 0.1359
vt 0.2224 0.1452
vt 0.3177 0.1474
vt 0.3041 0.1452
vt 0.3104 0.1356
vt 0.3254 0.1562
vt 0.3177 0.1474
vt 0.3315 0.1462
vt 0.3110 0.2477
vt 0.3052 0.2339
vt 0.3201 0.2332
vt 0.2839 0.1531
vt 0.2802 0.1679
vt 0.2740 0.1585
vt 0.3412 0.1590
vt 0.3263 0.1679
vt 0.3254 0.1562
vt 0.3087 0.1595
vt 0.3295 0.1843
vt 0.3263 0.1679
vt 0.3374 0.1696
vt 0.3087 0.1595
vt 0.2944 0.1642
vt 0.2954 0.1527
vt 0.3152 0.1686
vt 0.3190 0.1795
vt 0.3055 0.1741
vt 0.3152 0.1686
vt 0.3510 0.1421
vt 0.3421 0.1483
vt 0.3371 0.1282
vt 0.3665 0.1370
vt 0.3570 0.1342
vt 0.3649 0.1207
vt 0.3552 0.1845
vt 0.3613 0.1473
vt 0.3511 0.1633
vt 0.3510 0.1421
vt 0.3883 0.1445
vt 0.3791 0.1507
vt 0.3805 0.1367
vt 0.3421 0.1483
vt 0.3818 0.1808
vt 0.3745 0.1646
vt 0.3834 0.1598
vt 0.3665 0.1370
vt 0.5229 0.1619
vt 0.5326 0.1572
vt 0.5319 0.1472
vt 0.5459 0.1533
vt 0.5512 0.1638
vt 0.5426 0.1718
vt 0.5459 0.1533
vt 0.6918 0.2695
vt 0.6938 0.2865
vt 0.6791 0.2791
vt 0.5426 0.1718
vt 0.5268 0.1719
vt 0.5326 0.1572
vt 0.5229 0.1619
vt 0.6112 0.5290
vt 0.6733 0.5211
vt 0.6564 0.5252
vt 0.6644 0.5098
vt 0.6694 0.5468
vt 0.6525 0.5422
vt 0.6599 0.5350
vt 0.5403 0.5254
vt 0.5371 0.5121
vt 0.6018 0.4607
vt 0.5988 0.5077
vt 0.6318 0.5179
vt 0.5970 0.4972
vt 0.5265 0.4135
vt 0.5072 0.4132
vt 0.5218 0.4043
vt 0.3327 0.4596
vt 0.3401 0.4751
vt 0.3302 0.4768
vt 0.3797 0.4808
vt 0.3808 0.4675
vt 0.3947 0.4742
vt 0.2915 0.4023
vt 0.2734 0.4023
vt 0.2804 0.3899
vt 0.3915 0.4406
vt 0.3904 0.4581
vt 0.4171 0.4476
vt 0.4131 0.4608
vt 0.4034 0.4535
vt 0.4067 0.4385
vt 0.3664 0.4775
vt 0.3564 0.4186
vt 0.3600 0.4334
vt 0.3460 0.4246
vt 0.3771 0.4546
vt 0.3712 0.4451
vt 0.3915 0.4406
vt 0.3664 0.4775
vt 0.3490 0.4861
vt 0.3506 0.4758
vt 0.2703 0.4527
vt 0.2661 0.4411
vt 0.2797 0.4428
vt 0.3247 0.4853
vt 0.3106 0.4778
vt 0.3246 0.4684
vt 0.3443 0.4568
vt 0.3505 0.4489
vt 0.3570 0.4675
vt 0.3443 0.4568
vt 0.3506 0.4758
vt 0.3570 0.4675
vt 0.3664 0.4775
vt 0.6928 0.4921
vt 0.6702 0.5359
vt 0.6599 0.5350
vt 0.6564 0.5252
vt 0.6449 0.5198
vt 0.6521 0.5099
vt 0.6564 0.5252
vt 0.6479 0.5322
vt 0.7356 0.5242
vt 0.7421 0.5149
vt 0.7435 0.5328
vt 0.7284 0.4739
vt 0.7551 0.5325
vt 0.7013 0.5000
vt 0.7254 0.4902
vt 0.8440 0.2723
vt 0.8393 0.2835
vt 0.8332 0.2744
vt 0.7776 0.3396
vt 0.7841 0.3094
vt 0.7942 0.3140
vt 0.7816 0.3202
vt 0.7920 0.2923
vt 0.8079 0.2593
vt 0.1781 0.2966
vt 0.1675 0.2898
vt 0.1775 0.2840
vt 0.1550 0.2442
vt 0.1458 0.2358
vt 0.1674 0.2265
vt 0.1810 0.2222
vt 0.1805 0.2391
vt 0.1914 0.2433
vt 0.1911 0.2550
vt 0.1911 0.2550
vt 0.1838 0.2096
vt 0.1882 0.1975
vt 0.1977 0.2053
vt 0.1943 0.2171
vt 0.2019 0.2255
vt 0.1901 0.2309
vt 0.1901 0.2309
vt 0.2041 0.2493
vt 0.2012 0.2368
vt 0.2160 0.2444
vt 0.1842 0.2718
vt 0.1911 0.2550
vt 0.1995 0.2630
vt 0.1775 0.2840
vt 0.1842 0.2718
vt 0.1953 0.2737
vt 0.1901 0.2853
vt 0.1965 0.4419
vt 0.2511 0.4330
vt 0.2494 0.4499
vt 0.2392 0.4475
vt 0.2172 0.4535
vt 0.2050 0.4320
vt 0.2168 0.4261
vt 0.2107 0.4438
vt 0.2107 0.4438
vt 0.2559 0.4420
vt 0.2461 0.4616
vt 0.2250 0.4104
vt 0.2168 0.4261
vt 0.2125 0.4078
vt 0.1791 0.3500
vt 0.1922 0.3430
vt 0.1907 0.3149
vt 0.1781 0.2966
vt 0.1888 0.2987
vt 0.1830 0.3081
vt 0.2005 0.3117
vt 0.1907 0.3149
vt 0.1888 0.2987
vt 0.2108 0.3460
vt 0.2129 0.3331
vt 0.2202 0.3409
vt 0.1922 0.3430
vt 0.2276 0.3291
vt 0.2308 0.3426
vt 0.2202 0.3409
vt 0.2889 0.4327
vt 0.2797 0.4428
vt 0.2752 0.4293
vt 0.2265 0.3530
vt 0.2188 0.3209
vt 0.1701 0.3206
vt 0.1892 0.3250
vt 0.2468 0.4738
vt 0.2849 0.4567
vt 0.2797 0.4428
vt 0.2920 0.4448
vt 0.2849 0.4567
vt 0.3031 0.4356
vt 0.3058 0.4457
vt 0.2920 0.4448
vt 0.3606 0.4485
vt 0.3246 0.4684
vt 0.3111 0.4634
vt 0.3210 0.4574
vt 0.3106 0.4778
vt 0.3133 0.4897
vt 0.2975 0.4869
vt 0.2661 0.4411
vt 0.3000 0.4544
vt 0.2752 0.4293
vt 0.2797 0.3788
vt 0.2687 0.3765
vt 0.2811 0.3677
vt 0.2840 0.4233
vt 0.3162 0.4295
vt 0.3163 0.4469
vt 0.3031 0.4356
vt 0.2975 0.4869
vt 0.3111 0.4634
vt 0.2952 0.4737
vt 0.2936 0.4631
vt 0.3246 0.4684
vt 0.3058 0.4457
vt 0.3163 0.4469
vt 0.3236 0.4382
vt 0.3292 0.4260
vt 0.3348 0.4357
vt 0.3314 0.4465
vt 0.3230 0.4007
vt 0.3334 0.4132
vt 0.3173 0.4146
vt 0.3452 0.4403
vt 0.3236 0.4382
vt 0.3452 0.4403
vt 0.3570 0.4675
vt 0.3353 0.3943
vt 0.3292 0.4260
vt 0.8096 0.2735
vt 0.8081 0.2876
vt 0.8256 0.2512
vt 0.8149 0.2514
vt 0.8079 0.2593
vt 0.7242 0.2027
vt 0.1768 0.1453
vt 0.1734 0.1557
vt 0.1664 0.1477
vt 0.2099 0.1244
vt 0.1958 0.1218
vt 0.2078 0.1370
vt 0.1973 0.1389
vt 0.1973 0.1389
vt 0.1945 0.1493
vt 0.1868 0.1422
vt 0.1882 0.1975
vt 0.1857 0.1862
vt 0.2054 0.1957
vt 0.3445 0.1203
vt 0.4162 0.1825
vt 0.4030 0.1853
vt 0.4110 0.1729
vt 0.2836 0.2675
vt 0.2779 0.2836
vt 0.2672 0.2722
vt 0.5133 0.1397
vt 0.5126 0.1585
vt 0.5036 0.1431
vt 0.5014 0.1254
vt 0.5025 0.1152
vt 0.4884 0.1203
vt 0.4951 0.1081
vt 0.5025 0.1152
vt 0.5052 0.0809
vt 0.5114 0.0967
vt 0.5234 0.1841
vt 0.5375 0.1850
vt 0.5283 0.1958
vt 0.5060 0.1682
vt 0.5229 0.1619
vt 0.5123 0.1780
vt 0.4820 0.1464
vt 0.4699 0.1341
vt 0.4879 0.1371
vt 0.5126 0.1585
vt 0.5020 0.1543
vt 0.5060 0.1682
vt 0.4943 0.1642
vt 0.4853 0.1063
vt 0.6145 0.1300
vt 0.6174 0.1478
vt 0.6080 0.1379
vt 0.5684 0.1922
vt 0.5787 0.2072
vt 0.5674 0.2039
vt 0.5631 0.1537
vt 0.5628 0.1659
vt 0.5512 0.1638
vt 0.5183 0.5138
vt 0.5075 0.5026
vt 0.5278 0.5050
vt 0.5048 0.4526
vt 0.5054 0.4363
vt 0.5169 0.4416
vt 0.5864 0.4779
vt 0.5967 0.4837
vt 0.5880 0.4915
vt 0.4932 0.4753
vt 0.4932 0.4753
vt 0.7494 0.5006
vt 0.7421 0.5149
vt 0.7387 0.4962
vt 0.7512 0.4875
vt 0.7711 0.5141
vt 0.7626 0.5088
vt 0.7712 0.4950
vt 0.7530 0.5116
vt 0.6932 0.4780
vt 0.6928 0.4921
vt 0.6854 0.4848
vt 0.7403 0.4705
vt 0.7512 0.4875
vt 0.7512 0.4875
vt 0.7608 0.4989
vt 0.7494 0.5006
vt 0.7476 0.4778
vt 0.7188 0.4666
vt 0.7308 0.4597
vt 0.7489 0.4658
vt 0.7530 0.5116
vt 0.6653 0.4875
vt 0.6591 0.4794
vt 0.6751 0.4845
vt 0.7188 0.4666
vt 0.7018 0.4669
vt 0.7144 0.4555
vt 0.7232 0.4450
vt 0.7308 0.4597
vt 0.7144 0.4555
vt 0.7476 0.4778
vt 0.7018 0.4669
vt 0.7489 0.4658
vt 0.7712 0.4950
vt 0.7626 0.5088
vt 0.7593 0.4493
vt 0.7485 0.4397
vt 0.7629 0.4383
vt 0.7752 0.4483
vt 0.7631 0.4602
vt 0.7593 0.4493
vt 0.7631 0.4602
vt 0.8118 0.4453
vt 0.8083 0.4733
vt 0.7818 0.5103
vt 0.7711 0.5141
vt 0.7816 0.4990
vt 0.7631 0.4602
vt 0.8005 0.5110
vt 0.7609 0.5214
vt 0.7578 0.3406
vt 0.7573 0.3231
vt 0.7699 0.3283
vt 0.7710 0.3121
vt 0.7792 0.2994
vt 0.7841 0.3094
vt 0.8045 0.3047
vt 0.7759 0.2633
vt 0.7848 0.2684
vt 0.7667 0.2824
vt 0.7920 0.2923
vt 0.7792 0.2994
vt 0.7803 0.2877
vt 0.7710 0.3121
vt 0.7592 0.3057
vt 0.7699 0.2932
vt 0.7663 0.4166
vt 0.7573 0.3231
vt 0.7477 0.3325
vt 0.7440 0.3449
vt 0.7368 0.3366
vt 0.7578 0.3406
vt 0.7868 0.3469
vt 0.7834 0.3307
vt 0.7974 0.3418
vt 0.7776 0.3396
vt 0.8016 0.2952
vt 0.2073 0.2145
vt 0.1977 0.2053
vt 0.2160 0.2033
vt 0.2193 0.2544
vt 0.1914 0.2433
vt 0.1901 0.2309
vt 0.2012 0.2368
vt 0.2276 0.3291
vt 0.2397 0.3253
vt 0.2417 0.3419
vt 0.2285 0.4279
vt 0.2368 0.4152
vt 0.2404 0.4270
vt 0.2206 0.3953
vt 0.2069 0.3223
vt 0.3625 0.3993
vt 0.3491 0.4091
vt 0.3449 0.3992
vt 0.7920 0.2923
vt 0.7875 0.2784
vt 0.7993 0.2796
vt 0.7592 0.3057
vt 0.7457 0.2946
vt 0.7586 0.2926
vt 0.8016 0.2952
vt 0.7848 0.2684
vt 0.7690 0.2445
vt 0.7815 0.2437
vt 0.7845 0.2552
vt 0.7845 0.2552
vt 0.7690 0.2445
vt 0.7759 0.2633
vt 0.7599 0.2531
vt 0.7401 0.2211
vt 0.7315 0.2413
vt 0.7190 0.2541
vt 0.7202 0.2427
vt 0.7235 0.2317
vt 0.7081 0.2533
vt 0.6868 0.2434
vt 0.6950 0.2344
vt 0.7029 0.2436
vt 0.6674 0.2136
vt 0.6840 0.2081
vt 0.6820 0.2178
vt 0.7116 0.2351
vt 0.6950 0.2344
vt 0.7025 0.2261
vt 0.7315 0.2413
vt 0.7116 0.2351
vt 0.7202 0.2427
vt 0.6934 0.2051
vt 0.7002 0.1914
vt 0.6934 0.2051
vt 0.6869 0.1943
vt 0.6947 0.2526
vt 0.7081 0.2533
vt 0.7024 0.2626
vt 0.6877 0.3143
vt 0.6836 0.3261
vt 0.6732 0.3159
vt 0.6948 0.2179
vt 0.7014 0.1792
vt 0.6948 0.2179
vt 0.7025 0.2261
vt 0.6867 0.2276
vt 0.6840 0.2081
vt 0.2254 0.1288
vt 0.1843 0.1533
vt 0.1950 0.1635
vt 0.1808 0.1638
vt 0.1682 0.1704
vt 0.1831 0.1745
vt 0.1843 0.1533
vt 0.3730 0.1114
vt 0.3844 0.1162
vt 0.3844 0.1162
vt 0.4041 0.1150
vt 0.3916 0.1250
vt 0.3613 0.1473
vt 0.3756 0.1235
vt 0.3791 0.1507
vt 0.3916 0.1250
vt 0.3883 0.1445
vt 0.3988 0.1738
vt 0.4072 0.1584
vt 0.4110 0.1729
vt 0.3791 0.1507
vt 0.3929 0.1630
vt 0.4181 0.1184
vt 0.4039 0.1277
vt 0.4156 0.1326
vt 0.4131 0.1460
vt 0.3339 0.3095
vt 0.3447 0.3184
vt 0.3314 0.3226
vt 0.4879 0.1371
vt 0.4884 0.1203
vt 0.4978 0.1348
vt 0.4908 0.1532
vt 0.5036 0.1431
vt 0.4213 0.1519
vt 0.4072 0.1584
vt 0.4131 0.1460
vt 0.4374 0.1214
vt 0.4276 0.1292
vt 0.4307 0.1106
vt 0.4699 0.1341
vt 0.4546 0.1342
vt 0.4676 0.1181
vt 0.4943 0.1642
vt 0.4969 0.1755
vt 0.4833 0.1678
vt 0.4691 0.1002
vt 0.4522 0.0917
vt 0.4598 0.0842
vt 0.5114 0.0967
vt 0.4516 0.1439
vt 0.4654 0.1451
vt 0.4565 0.1529
vt 0.4444 0.1108
vt 0.4565 0.1042
vt 0.4564 0.1175
vt 0.4676 0.1181
vt 0.5200 0.0822
vt 0.5541 0.1838
vt 0.5385 0.4770
vt 0.5475 0.4662
vt 0.5523 0.4796
vt 0.5371 0.5121
vt 0.5278 0.5050
vt 0.5380 0.5002
vt 0.4917 0.4960
vt 0.5035 0.4859
vt 0.5075 0.5026
vt 0.5183 0.4923
vt 0.5183 0.4923
vt 0.7491 0.5430
vt 0.6932 0.4780
vt 0.7162 0.3445
vt 0.7093 0.3330
vt 0.7234 0.3322
vt 0.6721 0.4964
vt 0.6853 0.4630
vt 0.6427 0.4746
vt 0.6357 0.4666
vt 0.6489 0.4660
vt 0.6784 0.4729
vt 0.6751 0.4845
vt 0.7543 0.4258
vt 0.7663 0.4166
vt 0.7629 0.4383
vt 0.7743 0.4066
vt 0.7763 0.4590
vt 0.7752 0.4483
vt 0.7871 0.4588
vt 0.7894 0.4355
vt 0.7999 0.4455
vt 0.7875 0.4464
vt 0.7823 0.4828
vt 0.7924 0.4914
vt 0.7816 0.4990
vt 0.7733 0.4380
vt 0.7752 0.4483
vt 0.7629 0.4383
vt 0.7433 0.4294
vt 0.7485 0.4397
vt 0.7339 0.4352
vt 0.7733 0.4380
vt 0.7663 0.4166
vt 0.7799 0.4299
vt 0.7875 0.4464
vt 0.7305 0.3821
vt 0.7336 0.4015
vt 0.7216 0.4006
vt 0.7856 0.4710
vt 0.7771 0.4191
vt 0.7743 0.4066
vt 0.7871 0.4143
vt 0.7972 0.4557
vt 0.6941 0.3988
vt 0.6804 0.4015
vt 0.6868 0.3908
vt 0.7345 0.3679
vt 0.7359 0.3556
vt 0.7473 0.3604
vt 0.7216 0.4006
vt 0.7241 0.4141
vt 0.7127 0.4064
vt 0.7563 0.3525
vt 0.7366 0.4199
vt 0.7523 0.3900
vt 0.8024 0.5001
vt 0.7871 0.4588
vt 0.7968 0.4714
vt 0.8016 0.4816
vt 0.8002 0.5224
vt 0.8005 0.5110
vt 0.8096 0.5172
vt 0.8067 0.5540
vt 0.8173 0.5378
vt 0.7788 0.5377
vt 0.7774 0.5479
vt 0.7980 0.5438
vt 0.7949 0.5552
vt 0.7774 0.5479
vt 0.7826 0.5569
vt 0.7396 0.3910
vt 0.6992 0.3369
vt 0.7093 0.3330
vt 0.7083 0.3512
vt 0.7815 0.3612
vt 0.7563 0.3525
vt 0.7678 0.3666
vt 0.7562 0.3679
vt 0.7396 0.3910
vt 0.7451 0.3782
vt 0.7523 0.3900
vt 0.7827 0.3970
vt 0.7655 0.3973
vt 0.7693 0.3862
vt 0.7693 0.3862
vt 0.7829 0.3863
vt 0.7473 0.3604
vt 0.7562 0.3679
vt 0.7451 0.3782
vt 0.7305 0.3821
vt 0.7963 0.4009
vt 0.7961 0.4182
vt 0.7963 0.4009
vt 0.8042 0.4126
vt 0.7440 0.3449
vt 0.7366 0.4199
vt 0.7241 0.4141
vt 0.7336 0.4015
vt 0.6489 0.4660
vt 0.6610 0.4674
vt 0.6591 0.4794
vt 0.7173 0.3707
vt 0.7305 0.3821
vt 0.7153 0.3862
vt 0.7153 0.3862
vt 0.7216 0.4006
vt 0.7049 0.3992
vt 0.7231 0.4326
vt 0.7215 0.3568
vt 0.7005 0.3659
vt 0.7109 0.3612
vt 0.7064 0.3772
vt 0.6877 0.3143
vt 0.7024 0.3132
vt 0.6960 0.3265
vt 0.7234 0.3322
vt 0.7368 0.3366
vt 0.7296 0.3449
vt 0.7296 0.3449
vt 0.7173 0.3707
vt 0.7477 0.3325
vt 0.7449 0.3121
vt 0.7573 0.3231
vt 0.7005 0.3659
vt 0.6936 0.3574
vt 0.7083 0.3512
vt 0.7083 0.3512
vt 0.7162 0.3445
vt 0.7215 0.3568
vt 0.6899 0.3785
vt 0.7024 0.3132
vt 0.6941 0.3011
vt 0.7064 0.2936
vt 0.7368 0.3255
vt 0.7024 0.3132
vt 0.7149 0.3053
vt 0.7157 0.3198
vt 0.7280 0.2957
vt 0.7188 0.2844
vt 0.7347 0.2811
vt 0.6841 0.3629
vt 0.6545 0.2054
vt 0.6766 0.2016
vt 0.6674 0.2136
vt 0.7188 0.2844
vt 0.7064 0.2936
vt 0.7043 0.2826
vt 0.7517 0.2619
vt 0.7372 0.3031
vt 0.7449 0.3121
vt 0.7292 0.3118
vt 0.6986 0.3477
vt 0.6785 0.3375
vt 0.6992 0.3369
vt 0.6679 0.3038
vt 0.6732 0.3159
vt 0.6595 0.3111
vt 0.6938 0.2865
vt 0.7366 0.2908
vt 0.7586 0.2926
vt 0.6808 0.3504
vt 0.6986 0.3477
vt 0.6936 0.3574
vt 0.7508 0.2783
vt 0.6742 0.2684
vt 0.7347 0.2811
vt 0.7098 0.2729
vt 0.7249 0.2688
vt 0.2041 0.2493
vt 0.2081 0.2750
vt 0.1995 0.2630
vt 0.2107 0.2604
vt 0.2474 0.3655
vt 0.2507 0.4187
vt 0.2458 0.4086
vt 0.2598 0.4063
vt 0.2368 0.4152
vt 0.2630 0.3905
vt 0.2840 0.4233
vt 0.2699 0.4161
vt 0.2852 0.4127
vt 0.2699 0.4161
vt 0.2485 0.3977
vt 0.2313 0.3848
vt 0.2526 0.3879
vt 0.2417 0.3419
vt 0.2570 0.3429
vt 0.2438 0.3526
vt 0.2711 0.3603
vt 0.2327 0.4003
vt 0.2485 0.3977
vt 0.2630 0.3905
vt 0.2687 0.3765
vt 0.2630 0.3905
vt 0.2536 0.3773
vt 0.3102 0.3653
vt 0.3219 0.3751
vt 0.3077 0.3802
vt 0.2316 0.3630
vt 0.2409 0.3764
vt 0.2250 0.4104
vt 0.2194 0.3738
vt 0.2534 0.3196
vt 0.2618 0.3299
vt 0.2490 0.3338
vt 0.3481 0.3890
vt 0.3353 0.3943
vt 0.3359 0.3803
vt 0.2607 0.3670
vt 0.2865 0.3502
vt 0.2308 0.3426
vt 0.2928 0.3775
vt 0.2804 0.3899
vt 0.2797 0.3788
vt 0.3048 0.3510
vt 0.2474 0.3655
vt 0.2600 0.3546
vt 0.2618 0.3299
vt 0.2759 0.3509
vt 0.2759 0.3509
vt 0.2397 0.3253
vt 0.1901 0.2853
vt 0.2198 0.2695
vt 0.1892 0.3250
vt 0.1990 0.2944
vt 0.2165 0.3092
vt 0.2313 0.3157
vt 0.2276 0.3291
vt 0.2188 0.3209
vt 0.2072 0.3024
vt 0.1990 0.2944
vt 0.2095 0.2893
vt 0.2312 0.2888
vt 0.2385 0.3022
vt 0.2271 0.3044
vt 0.2634 0.3086
vt 0.2466 0.3103
vt 0.2523 0.3004
vt 0.2617 0.2868
vt 0.3818 0.1808
vt 0.3719 0.1891
vt 0.3651 0.1758
vt 0.2313 0.3157
vt 0.2165 0.3092
vt 0.2271 0.3044
vt 0.2751 0.3073
vt 0.2680 0.3197
vt 0.2634 0.3086
vt 0.2466 0.3103
vt 0.2680 0.3197
vt 0.2081 0.2750
vt 0.2095 0.2893
vt 0.1953 0.2737
vt 0.2326 0.2711
vt 0.2198 0.2695
vt 0.2299 0.2536
vt 0.2418 0.2608
vt 0.2191 0.2959
vt 0.2188 0.2822
vt 0.2312 0.2888
vt 0.1901 0.2853
vt 0.2326 0.2711
vt 0.2617 0.2868
vt 0.2680 0.2973
vt 0.2523 0.3004
vt 0.2452 0.2884
vt 0.2528 0.2810
vt 0.2617 0.2868
vt 0.2452 0.2884
vt 0.2523 0.3004
vt 0.2385 0.3022
vt 0.2957 0.3167
vt 0.2811 0.3175
vt 0.2868 0.3054
vt 0.2534 0.3196
vt 0.2528 0.2810
vt 0.2326 0.2711
vt 0.2517 0.2704
vt 0.2800 0.2954
vt 0.2680 0.2973
vt 0.2779 0.2836
vt 0.2751 0.3293
vt 0.2751 0.3073
vt 0.2806 0.3399
vt 0.2868 0.3054
vt 0.2800 0.2954
vt 0.2962 0.2917
vt 0.3023 0.3388
vt 0.2865 0.3502
vt 0.2927 0.3308
vt 0.2927 0.3308
vt 0.2891 0.2831
vt 0.2975 0.2757
vt 0.2962 0.2917
vt 0.3683 0.3837
vt 0.3569 0.3814
vt 0.3678 0.3628
vt 0.3086 0.3231
vt 0.3147 0.3381
vt 0.3023 0.3388
vt 0.2806 0.3399
vt 0.2730 0.2596
vt 0.2409 0.3764
vt 0.2303 0.3739
vt 0.2313 0.3848
vt 0.2836 0.2675
vt 0.2430 0.2452
vt 0.3055 0.1741
vt 0.3295 0.1843
vt 0.3366 0.1939
vt 0.3270 0.2009
vt 0.3146 0.2210
vt 0.3248 0.2237
vt 0.3201 0.2332
vt 0.3484 0.1957
vt 0.3366 0.1939
vt 0.3411 0.1832
vt 0.2995 0.2444
vt 0.3411 0.1832
vt 0.2603 0.2637
vt 0.3212 0.3135
vt 0.3484 0.1957
vt 0.3552 0.1845
vt 0.3607 0.1956
vt 0.3406 0.2071
vt 0.3012 0.2226
vt 0.3146 0.2210
vt 0.3052 0.2339
vt 0.3035 0.1889
vt 0.2951 0.1998
vt 0.2924 0.1890
vt 0.3110 0.2843
vt 0.1943 0.2171
vt 0.2876 0.2114
vt 0.3052 0.2114
vt 0.3012 0.2226
vt 0.2938 0.1760
vt 0.3174 0.2089
vt 0.3089 0.1998
vt 0.3173 0.1910
vt 0.3035 0.1889
vt 0.2701 0.2436
vt 0.2777 0.2325
vt 0.2825 0.2455
vt 0.2504 0.2536
vt 0.2616 0.2528
vt 0.2616 0.2528
vt 0.2519 0.2364
vt 0.2701 0.2436
vt 0.2730 0.2596
vt 0.2825 0.2455
vt 0.2848 0.2564
vt 0.3682 0.4265
vt 0.3681 0.4158
vt 0.3789 0.4205
vt 0.3915 0.4406
vt 0.3751 0.4346
vt 0.3862 0.4297
vt 0.7305 0.2580
vt 0.6790 0.3049
vt 0.6547 0.1943
vt 0.6869 0.1943
vt 0.2296 0.1604
vt 0.2299 0.1705
vt 0.2198 0.1714
vt 0.2110 0.1484
vt 0.2078 0.1370
vt 0.2077 0.1786
vt 0.2041 0.1687
vt 0.2198 0.1714
vt 0.1838 0.2096
vt 0.1935 0.1777
vt 0.3834 0.1598
vt 0.4072 0.1584
vt 0.4560 0.1908
vt 0.4331 0.1545
vt 0.5020 0.1543
vt 0.4908 0.1532
vt 0.4833 0.1678
vt 0.4736 0.1536
vt 0.4833 0.1678
vt 0.4661 0.1785
vt 0.4654 0.1647
vt 0.4736 0.1536
vt 0.4444 0.1108
vt 0.4181 0.1184
vt 0.4276 0.1292
vt 0.4156 0.1326
vt 0.4202 0.1077
vt 0.4181 0.1184
vt 0.4089 0.1041
vt 0.4481 0.1250
vt 0.4282 0.1444
vt 0.4205 0.0969
vt 0.4419 0.0859
vt 0.4393 0.1339
vt 0.4282 0.1444
vt 0.4205 0.0969
vt 0.5044 0.4247
vt 0.4930 0.4303
vt 0.4959 0.4169
vt 0.6436 0.4180
vt 0.6366 0.4337
vt 0.6309 0.4219
vt 0.4943 0.4547
vt 0.5332 0.4634
vt 0.5245 0.4517
vt 0.5434 0.4490
vt 0.5826 0.4195
vt 0.5862 0.4095
vt 0.5915 0.4253
vt 0.5841 0.4597
vt 0.5118 0.4675
vt 0.5330 0.4900
vt 0.5579 0.4700
vt 0.5230 0.4782
vt 0.5228 0.4672
vt 0.5228 0.4672
vt 0.5332 0.4634
vt 0.5149 0.4569
vt 0.5292 0.5208
vt 0.6653 0.4875
vt 0.6657 0.4278
vt 0.6515 0.4292
vt 0.6571 0.4161
vt 0.6800 0.4308
vt 0.6657 0.4278
vt 0.6697 0.4159
vt 0.8082 0.4235
vt 0.7799 0.4299
vt 0.7871 0.4143
vt 0.7961 0.4182
vt 0.7963 0.4009
vt 0.7871 0.4143
vt 0.7827 0.3970
vt 0.7911 0.5168
vt 0.8096 0.5172
vt 0.7911 0.5168
vt 0.8049 0.5320
vt 0.7052 0.4281
vt 0.7078 0.4157
vt 0.6945 0.4095
vt 0.7049 0.3992
vt 0.6989 0.3878
vt 0.6899 0.3785
vt 0.6989 0.3878
vt 0.6868 0.3908
vt 0.7113 0.4412
vt 0.7231 0.4326
vt 0.7232 0.4450
vt 0.7144 0.4555
vt 0.7047 0.4501
vt 0.7113 0.4412
vt 0.6599 0.4384
vt 0.6836 0.3261
vt 0.7113 0.4412
vt 0.6972 0.4379
vt 0.7052 0.4281
vt 0.6923 0.4258
vt 0.6800 0.4308
vt 0.6822 0.4176
vt 0.6923 0.4258
vt 0.6857 0.4411
vt 0.7339 0.4352
vt 0.6726 0.4622
vt 0.6945 0.4095
vt 0.6407 0.3217
vt 0.6276 0.3336
vt 0.6281 0.3159
vt 0.6621 0.4552
vt 0.6489 0.4660
vt 0.6450 0.4546
vt 0.6716 0.4411
vt 0.6783 0.3740
vt 0.6621 0.4552
vt 0.6489 0.4432
vt 0.6599 0.4384
vt 0.6804 0.4015
vt 0.6941 0.3988
vt 0.6711 0.4057
vt 0.6724 0.3956
vt 0.6804 0.4015
vt 0.5387 0.1953
vt 0.5465 0.2020
vt 0.5315 0.2074
vt 0.6478 0.4028
vt 0.6571 0.4161
vt 0.6436 0.4180
vt 0.6248 0.4431
vt 0.6366 0.4337
vt 0.6373 0.4454
vt 0.6213 0.4308
vt 0.6248 0.4431
vt 0.6057 0.4419
vt 0.6711 0.4057
vt 0.6571 0.4161
vt 0.6632 0.3992
vt 0.6528 0.3894
vt 0.6641 0.3769
vt 0.6632 0.3992
vt 0.6753 0.3861
vt 0.6841 0.3629
vt 0.6690 0.3560
vt 0.6808 0.3504
vt 0.6639 0.3206
vt 0.6580 0.3644
vt 0.6504 0.3571
vt 0.6690 0.3560
vt 0.4663 0.2616
vt 0.4529 0.2645
vt 0.4589 0.2500
vt 0.6535 0.3470
vt 0.6604 0.3305
vt 0.6661 0.3426
vt 0.6105 0.2007
vt 0.6209 0.1826
vt 0.6277 0.1943
vt 0.6724 0.3280
vt 0.6849 0.2940
vt 0.6724 0.3280
vt 0.6604 0.3305
vt 0.6639 0.3206
vt 0.6515 0.4292
vt 0.6489 0.4432
vt 0.6366 0.4337
vt 0.6621 0.4552
vt 0.6784 0.4729
vt 0.6724 0.3956
vt 0.6753 0.3861
vt 0.6641 0.3769
vt 0.6695 0.3671
vt 0.6661 0.3426
vt 0.6407 0.3217
vt 0.6595 0.3111
vt 0.6509 0.2927
vt 0.6621 0.2924
vt 0.5524 0.4409
vt 0.5522 0.4560
vt 0.5434 0.4490
vt 0.6127 0.3389
vt 0.6276 0.3336
vt 0.6254 0.3483
vt 0.6661 0.3426
vt 0.6849 0.2940
vt 0.6732 0.2939
vt 0.6791 0.2791
vt 0.6790 0.3049
vt 0.6462 0.3061
vt 0.6429 0.2348
vt 0.6608 0.2335
vt 0.6524 0.2411
vt 0.6627 0.2812
vt 0.6066 0.4268
vt 0.6450 0.4546
vt 0.6301 0.4547
vt 0.6373 0.4454
vt 0.6226 0.4674
vt 0.6357 0.4666
vt 0.6212 0.4822
vt 0.6248 0.4431
vt 0.6301 0.4547
vt 0.6153 0.4545
vt 0.6468 0.3345
vt 0.6091 0.4736
vt 0.6153 0.4545
vt 0.6226 0.4674
vt 0.5864 0.4779
vt 0.5771 0.4872
vt 0.5700 0.4793
vt 0.5936 0.4492
vt 0.5945 0.4371
vt 0.6332 0.4090
vt 0.6528 0.3894
vt 0.6422 0.3844
vt 0.6496 0.3754
vt 0.6164 0.4125
vt 0.6308 0.3870
vt 0.6369 0.3975
vt 0.6222 0.3990
vt 0.6220 0.3628
vt 0.6335 0.3726
vt 0.6212 0.3755
vt 0.6369 0.3975
vt 0.6641 0.3769
vt 0.6496 0.3754
vt 0.6580 0.3644
vt 0.6432 0.4852
vt 0.6427 0.4746
vt 0.6591 0.4794
vt 0.6532 0.4880
vt 0.6598 0.4962
vt 0.6489 0.4991
vt 0.6318 0.4865
vt 0.6058 0.4912
vt 0.5771 0.4872
vt 0.5880 0.4915
vt 0.5801 0.5000
vt 0.6369 0.3975
vt 0.6335 0.3726
vt 0.6496 0.3754
vt 0.6402 0.3595
vt 0.6504 0.3571
vt 0.6166 0.3262
vt 0.6535 0.3470
vt 0.6462 0.3061
vt 0.5970 0.4972
vt 0.6058 0.4912
vt 0.6318 0.4865
vt 0.5700 0.4793
vt 0.5796 0.4695
vt 0.5717 0.4564
vt 0.5841 0.4597
vt 0.5970 0.4719
vt 0.5864 0.4779
vt 0.5796 0.4695
vt 0.5700 0.4793
vt 0.5689 0.4689
vt 0.5796 0.4695
vt 0.6164 0.4125
vt 0.6380 0.4961
vt 0.5717 0.4564
vt 0.5689 0.4689
vt 0.5619 0.4603
vt 0.6308 0.3870
vt 0.6308 0.3870
vt 0.6192 0.3878
vt 0.6212 0.3755
vt 0.6304 0.3572
vt 0.6222 0.3990
vt 0.3102 0.3653
vt 0.3058 0.4243
vt 0.3489 0.3313
vt 0.3300 0.3362
vt 0.3314 0.3226
vt 0.3173 0.4146
vt 0.3351 0.3610
vt 0.3315 0.3708
vt 0.3212 0.3641
vt 0.2928 0.3775
vt 0.3009 0.4137
vt 0.2852 0.4127
vt 0.2915 0.4023
vt 0.2734 0.4023
vt 0.2978 0.3919
vt 0.3058 0.4243
vt 0.2978 0.3919
vt 0.3077 0.3802
vt 0.3115 0.3934
vt 0.3231 0.3879
vt 0.3036 0.4022
vt 0.2978 0.3919
vt 0.3136 0.4049
vt 0.3230 0.4007
vt 0.3449 0.3992
vt 0.3009 0.4137
vt 0.3136 0.4049
vt 0.3359 0.3803
vt 0.3209 0.3531
vt 0.3315 0.3708
vt 0.3625 0.3993
vt 0.3481 0.3890
vt 0.3569 0.3814
vt 0.3712 0.4451
vt 0.3600 0.4334
vt 0.3751 0.4346
vt 0.3300 0.3362
vt 0.3419 0.3429
vt 0.3322 0.3496
vt 0.3516 0.3711
vt 0.3460 0.4246
vt 0.3460 0.4246
vt 0.3348 0.4357
vt 0.3495 0.3560
vt 0.3516 0.3711
vt 0.3351 0.3610
vt 0.3147 0.3381
vt 0.3495 0.3560
vt 0.3682 0.4265
vt 0.3201 0.3272
vt 0.3322 0.3496
vt 0.3300 0.3362
vt 0.2985 0.3034
vt 0.3385 0.2852
vt 0.3261 0.2936
vt 0.3210 0.2850
vt 0.3086 0.3231
vt 0.3057 0.3128
vt 0.3212 0.3135
vt 0.2193 0.2544
vt 0.2985 0.3034
vt 0.3066 0.2942
vt 0.3114 0.3038
vt 0.2275 0.2422
vt 0.3905 0.1924
vt 0.4264 0.1733
vt 0.3419 0.3429
vt 0.3489 0.3313
vt 0.3553 0.3431
vt 0.3573 0.2129
vt 0.3712 0.2020
vt 0.3607 0.1956
vt 0.3719 0.1891
vt 0.3082 0.2737
vt 0.2891 0.2831
vt 0.3066 0.2942
vt 0.2938 0.2660
vt 0.3065 0.2572
vt 0.3082 0.2737
vt 0.2938 0.2660
vt 0.3262 0.2765
vt 0.3261 0.2936
vt 0.2848 0.2564
vt 0.2960 0.2559
vt 0.3065 0.2572
vt 0.3110 0.2477
vt 0.3141 0.2645
vt 0.3408 0.2689
vt 0.3114 0.3038
vt 0.3210 0.2850
vt 0.3262 0.2765
vt 0.3082 0.2737
vt 0.3141 0.2645
vt 0.5072 0.4132
vt 0.5160 0.4249
vt 0.5044 0.4247
vt 0.7190 0.2541
vt 0.6948 0.2179
vt 0.6722 0.2245
vt 0.6763 0.1856
vt 0.6766 0.2016
vt 0.6626 0.1864
vt 0.2224 0.1452
vt 0.2633 0.1552
vt 0.2521 0.1586
vt 0.2488 0.1315
vt 0.2103 0.1602
vt 0.2200 0.1557
vt 0.2198 0.1714
vt 0.2428 0.1404
vt 0.2591 0.1345
vt 0.2616 0.1185
vt 0.2718 0.1238
vt 0.2802 0.1679
vt 0.2836 0.1822
vt 0.2700 0.1785
vt 0.2103 0.1602
vt 0.1768 0.1453
vt 0.1950 0.1635
vt 0.2041 0.1687
vt 0.4424 0.1483
vt 0.4245 0.1616
vt 0.4393 0.1339
vt 0.4546 0.1342
vt 0.4516 0.1439
vt 0.4458 0.1784
vt 0.4506 0.1654
vt 0.4560 0.1748
vt 0.4331 0.1545
vt 0.4424 0.1483
vt 0.4565 0.1529
vt 0.4506 0.1654
vt 0.6532 0.4880
vt 0.6521 0.5099
vt 0.6400 0.5081
vt 0.6489 0.4991
vt 0.6857 0.4411
vt 0.6401 0.3461
vt 0.6276 0.3336
vt 0.6468 0.3345
vt 0.6058 0.3999
vt 0.6024 0.4135
vt 0.5954 0.4034
vt 0.6024 0.4135
vt 0.5862 0.4095
vt 0.6016 0.3892
vt 0.5954 0.4034
vt 0.5908 0.3934
vt 0.5812 0.3993
vt 0.6192 0.3878
vt 0.6058 0.3999
vt 0.6016 0.3892
vt 0.5854 0.3181
vt 0.5756 0.3297
vt 0.5697 0.3157
vt 0.6038 0.3646
vt 0.6212 0.3755
vt 0.6098 0.3810
vt 0.5915 0.4253
vt 0.5986 0.3779
vt 0.6016 0.3892
vt 0.5902 0.3834
vt 0.5774 0.4441
vt 0.5543 0.4291
vt 0.5426 0.4241
vt 0.5530 0.4167
vt 0.5524 0.4409
vt 0.5407 0.4369
vt 0.5543 0.4291
vt 0.5474 0.3998
vt 0.5599 0.3948
vt 0.5574 0.4050
vt 0.5522 0.4560
vt 0.5774 0.4441
vt 0.5612 0.4491
vt 0.5661 0.4362
vt 0.5810 0.4321
vt 0.5945 0.4371
vt 0.5774 0.4441
vt 0.5703 0.3962
vt 0.5724 0.4095
vt 0.5574 0.4050
vt 0.5434 0.4490
vt 0.5295 0.4410
vt 0.5407 0.4369
vt 0.5661 0.4362
vt 0.5810 0.4321
vt 0.5724 0.4095
vt 0.5826 0.4195
vt 0.5725 0.4229
vt 0.6521 0.5099
vt 0.6449 0.5198
vt 0.6275 0.5021
vt 0.6400 0.5081
vt 0.6318 0.5179
vt 0.6401 0.3461
vt 0.3635 0.3517
vt 0.3685 0.3409
vt 0.3779 0.3525
vt 0.3912 0.3934
vt 0.4015 0.4017
vt 0.3925 0.4076
vt 0.2907 0.2392
vt 0.2960 0.2559
vt 0.2825 0.2455
vt 0.3284 0.2630
vt 0.3244 0.2500
vt 0.3377 0.2528
vt 0.3408 0.2689
vt 0.3876 0.2107
vt 0.3776 0.2097
vt 0.3825 0.2005
vt 0.3261 0.2936
vt 0.3723 0.2858
vt 0.3594 0.3043
vt 0.3616 0.2820
vt 0.3492 0.3084
vt 0.3428 0.2995
vt 0.3862 0.4297
vt 0.3904 0.4183
vt 0.3991 0.4279
vt 0.3789 0.4205
vt 0.4144 0.4050
vt 0.4040 0.4147
vt 0.4015 0.4017
vt 0.7025 0.2261
vt 0.6792 0.2579
vt 0.6772 0.2476
vt 0.6868 0.2434
vt 0.6270 0.2720
vt 0.6168 0.2682
vt 0.6254 0.2597
vt 0.2560 0.2014
vt 0.2543 0.1903
vt 0.2654 0.1919
vt 0.2077 0.1786
vt 0.4597 0.2010
vt 0.4697 0.1917
vt 0.4696 0.2054
vt 0.4288 0.2233
vt 0.4187 0.2173
vt 0.4234 0.2066
vt 0.4506 0.1654
vt 0.4458 0.1784
vt 0.4269 0.1851
vt 0.4264 0.1733
vt 0.4403 0.1929
vt 0.3923 0.1821
vt 0.5234 0.1841
vt 0.4560 0.1908
vt 0.4560 0.1748
vt 0.4661 0.1785
vt 0.4560 0.1908
vt 0.6254 0.3483
vt 0.6401 0.3461
vt 0.6304 0.3572
vt 0.6140 0.3533
vt 0.4423 0.3134
vt 0.4319 0.3070
vt 0.4445 0.2979
vt 0.6124 0.2782
vt 0.6226 0.2819
vt 0.6086 0.2892
vt 0.5724 0.4095
vt 0.5918 0.3575
vt 0.5777 0.3620
vt 0.5802 0.3522
vt 0.5803 0.3817
vt 0.5812 0.3993
vt 0.5703 0.3962
vt 0.5639 0.4163
vt 0.5295 0.4410
vt 0.5245 0.4517
vt 0.5169 0.4416
vt 0.5293 0.3974
vt 0.5474 0.3998
vt 0.5425 0.4100
vt 0.5407 0.4369
vt 0.5309 0.4292
vt 0.5426 0.4241
vt 0.5149 0.4569
vt 0.4783 0.4201
vt 0.5160 0.4249
vt 0.4943 0.4547
vt 0.4817 0.4425
vt 0.4948 0.4440
vt 0.4948 0.4440
vt 0.5725 0.4229
vt 0.3779 0.3525
vt 0.3887 0.3591
vt 0.3798 0.3693
vt 0.3851 0.3815
vt 0.3779 0.3929
vt 0.3683 0.3837
vt 0.3604 0.3328
vt 0.3489 0.3313
vt 0.3583 0.3216
vt 0.3575 0.3626
vt 0.3575 0.3626
vt 0.3495 0.3560
vt 0.3553 0.3431
vt 0.3635 0.3517
vt 0.2995 0.2444
vt 0.2543 0.1903
vt 0.2431 0.1921
vt 0.2463 0.1823
vt 0.2910 0.2289
vt 0.3141 0.2645
vt 0.4040 0.4147
vt 0.4180 0.4280
vt 0.4283 0.4314
vt 0.6867 0.2276
vt 0.6541 0.2207
vt 0.6608 0.2335
vt 0.6785 0.2346
vt 0.6667 0.2466
vt 0.6418 0.2074
vt 0.6289 0.2078
vt 0.6277 0.1943
vt 0.6436 0.1947
vt 0.6435 0.1494
vt 0.6549 0.1438
vt 0.6612 0.1548
vt 0.6648 0.1711
vt 0.6766 0.1612
vt 0.6800 0.1735
vt 0.6570 0.1778
vt 0.6648 0.1711
vt 0.6626 0.1864
vt 0.6598 0.1187
vt 0.6431 0.1142
vt 0.6596 0.1084
vt 0.6800 0.1389
vt 0.6860 0.1564
vt 0.6723 0.1498
vt 0.6860 0.1564
vt 0.6547 0.1943
vt 0.6469 0.1764
vt 0.6570 0.1778
vt 0.6612 0.1548
vt 0.6723 0.1498
vt 0.7031 0.1399
vt 0.7066 0.1575
vt 0.6922 0.1479
vt 0.6666 0.1390
vt 0.6145 0.1300
vt 0.6069 0.1232
vt 0.6221 0.1213
vt 0.6246 0.1318
vt 0.6306 0.1443
vt 0.6174 0.1478
vt 0.6533 0.1651
vt 0.6533 0.1651
vt 0.6246 0.1318
vt 0.6922 0.1479
vt 0.6800 0.1389
vt 0.6683 0.1272
vt 0.6820 0.1285
vt 0.6931 0.1071
vt 0.6915 0.1198
vt 0.6820 0.1285
vt 0.6770 0.1191
vt 0.6917 0.1327
vt 0.7068 0.1203
vt 0.6915 0.1198
vt 0.6942 0.1629
vt 0.7123 0.1300
vt 0.7172 0.1207
vt 0.6800 0.1063
vt 0.6800 0.1063
vt 0.6915 0.1198
vt 0.6931 0.1071
vt 0.7031 0.1104
vt 0.6392 0.1646
vt 0.6275 0.1710
vt 0.6392 0.1646
vt 0.6347 0.1827
vt 0.6270 0.1576
vt 0.6306 0.1443
vt 0.6435 0.1494
vt 0.6270 0.1576
vt 0.6209 0.1826
vt 0.6357 0.2208
vt 0.5755 0.1491
vt 0.5889 0.1503
vt 0.5875 0.1636
vt 0.6161 0.1722
vt 0.6436 0.1947
vt 0.6641 0.0840
vt 0.6502 0.1044
vt 0.6447 0.1375
vt 0.6447 0.1375
vt 0.6558 0.1310
vt 0.6558 0.1310
vt 0.6702 0.1108
vt 0.6683 0.1272
vt 0.6598 0.1187
vt 0.6702 0.1108
vt 0.2472 0.1698
vt 0.2197 0.1860
vt 0.2706 0.2210
vt 0.2777 0.2325
vt 0.2639 0.2327
vt 0.2431 0.1921
vt 0.2443 0.2080
vt 0.2289 0.2011
vt 0.2299 0.1705
vt 0.2374 0.1772
vt 0.2317 0.1879
vt 0.4293 0.1965
vt 0.4403 0.1929
vt 0.4366 0.2075
vt 0.4801 0.1818
vt 0.4697 0.1917
vt 0.4661 0.1785
vt 0.5234 0.1841
vt 0.5014 0.3334
vt 0.4919 0.3432
vt 0.4877 0.3337
vt 0.3779 0.2626
vt 0.3617 0.2667
vt 0.3680 0.2526
vt 0.4806 0.1986
vt 0.4969 0.1755
vt 0.4895 0.2080
vt 0.4873 0.1900
vt 0.4801 0.1818
vt 0.4969 0.1755
vt 0.4873 0.1900
vt 0.4982 0.1910
vt 0.4153 0.1935
vt 0.4293 0.1965
vt 0.4234 0.2066
vt 0.4100 0.2094
vt 0.4276 0.2409
vt 0.4288 0.2233
vt 0.4356 0.2326
vt 0.4446 0.2152
vt 0.4153 0.1935
vt 0.4027 0.2001
vt 0.4030 0.1853
vt 0.4986 0.2143
vt 0.4895 0.2080
vt 0.5024 0.2039
vt 0.4596 0.2182
vt 0.4672 0.2263
vt 0.4595 0.2344
vt 0.4135 0.2459
vt 0.4167 0.2589
vt 0.4034 0.2570
vt 0.3669 0.2108
vt 0.3729 0.2185
vt 0.3625 0.2231
vt 0.4446 0.2152
vt 0.4596 0.2182
vt 0.4451 0.2262
vt 0.4027 0.2001
vt 0.4100 0.2094
vt 0.3957 0.2194
vt 0.3905 0.1924
vt 0.3923 0.1821
vt 0.3876 0.2107
vt 0.3825 0.2005
vt 0.3729 0.2185
vt 0.3776 0.2097
vt 0.3840 0.2215
vt 0.2821 0.2216
vt 0.2876 0.2114
vt 0.2910 0.2289
vt 0.2907 0.2392
vt 0.2951 0.1998
vt 0.2821 0.2216
vt 0.3174 0.2089
vt 0.3174 0.2089
vt 0.3344 0.2194
vt 0.3248 0.2237
vt 0.3669 0.2108
vt 0.3467 0.2166
vt 0.3353 0.2373
vt 0.3680 0.2526
vt 0.3602 0.2448
vt 0.3743 0.2371
vt 0.3492 0.2445
vt 0.3377 0.2528
vt 0.3353 0.2373
vt 0.3625 0.2231
vt 0.3458 0.2278
vt 0.3467 0.2166
vt 0.3503 0.2769
vt 0.3957 0.2194
vt 0.4033 0.2345
vt 0.3894 0.2316
vt 0.3508 0.2893
vt 0.3583 0.3216
vt 0.3503 0.2587
vt 0.3617 0.2667
vt 0.3503 0.2769
vt 0.3616 0.2820
vt 0.3353 0.2373
vt 0.4612 0.4060
vt 0.4507 0.4151
vt 0.4517 0.4012
vt 0.4483 0.4411
vt 0.4362 0.4387
vt 0.4501 0.4289
vt 0.4362 0.4387
vt 0.6655 0.0999
vt 0.6596 0.1084
vt 0.6553 0.0936
vt 0.6154 0.1594
vt 0.5684 0.1922
vt 0.5541 0.1838
vt 0.5660 0.1799
vt 0.6061 0.1665
vt 0.5974 0.1610
vt 0.5889 0.1503
vt 0.6028 0.1933
vt 0.6068 0.2110
vt 0.5960 0.2126
vt 0.6036 0.1826
vt 0.5875 0.1636
vt 0.5758 0.1721
vt 0.5733 0.1606
vt 0.5977 0.1735
vt 0.2463 0.1823
vt 0.2472 0.1698
vt 0.2558 0.1786
vt 0.2504 0.2536
vt 0.2289 0.2011
vt 0.2160 0.2033
vt 0.2197 0.1860
vt 0.2275 0.2422
vt 0.2160 0.2444
vt 0.2242 0.2264
vt 0.2073 0.2145
vt 0.2205 0.2155
vt 0.2242 0.2264
vt 0.2340 0.2324
vt 0.2242 0.2264
vt 0.2341 0.2170
vt 0.2494 0.2241
vt 0.2519 0.2364
vt 0.2430 0.2452
vt 0.2289 0.2011
vt 0.2443 0.2080
vt 0.2706 0.2210
vt 0.2588 0.2145
vt 0.2704 0.2075
vt 0.2639 0.2327
vt 0.5541 0.1838
vt 0.5375 0.1850
vt 0.5426 0.1718
vt 0.4672 0.2263
vt 0.4754 0.2420
vt 0.4654 0.2424
vt 0.5202 0.2114
vt 0.5129 0.1954
vt 0.5283 0.1958
vt 0.5758 0.1721
vt 0.5660 0.1799
vt 0.5628 0.1659
vt 0.5387 0.1953
vt 0.5315 0.2074
vt 0.5024 0.2039
vt 0.5977 0.1735
vt 0.5484 0.2146
vt 0.5202 0.2114
vt 0.5363 0.2184
vt 0.5237 0.2254
vt 0.5180 0.2387
vt 0.5130 0.2206
vt 0.5237 0.2254
vt 0.4695 0.2157
vt 0.4447 0.2435
vt 0.4171 0.2314
vt 0.3807 0.2488
vt 0.2777 0.2325
vt 0.2938 0.1760
vt 0.2704 0.2075
vt 0.2808 0.1975
vt 0.2754 0.1886
vt 0.2836 0.1822
vt 0.2808 0.1975
vt 0.2560 0.2014
vt 0.2808 0.1975
vt 0.2836 0.1822
vt 0.2654 0.1919
vt 0.2654 0.1919
vt 0.2558 0.1786
vt 0.2700 0.1785
vt 0.2317 0.1879
vt 0.2541 0.1461
vt 0.3840 0.2215
vt 0.3743 0.2371
vt 0.4075 0.2210
vt 0.3503 0.2587
vt 0.3807 0.2488
vt 0.3937 0.2458
vt 0.3913 0.2624
vt 0.4075 0.2210
vt 0.3602 0.2448
vt 0.3503 0.2587
vt 0.3492 0.2445
vt 0.3458 0.2278
vt 0.3586 0.2339
vt 0.3625 0.2231
vt 0.3937 0.2458
vt 0.6357 0.2208
vt 0.6259 0.2317
vt 0.6245 0.2206
vt 0.5922 0.1942
vt 0.5890 0.2045
vt 0.5806 0.1891
vt 0.6036 0.1826
vt 0.5922 0.1942
vt 0.5884 0.1792
vt 0.5890 0.2045
vt 0.5568 0.1956
vt 0.5787 0.2072
vt 0.5806 0.1891
vt 0.5282 0.2480
vt 0.5196 0.2588
vt 0.5094 0.2499
vt 0.5854 0.3181
vt 0.5915 0.3050
vt 0.6004 0.3132
vt 0.4695 0.2157
vt 0.4895 0.2080
vt 0.4776 0.2220
vt 0.5130 0.2206
vt 0.4944 0.2341
vt 0.4827 0.2327
vt 0.4899 0.2230
vt 0.4496 0.2350
vt 0.4827 0.2327
vt 0.4447 0.2435
vt 0.4496 0.2350
vt 0.4589 0.2500
vt 0.4404 0.2584
vt 0.4284 0.2654
vt 0.4276 0.2532
vt 0.4135 0.2459
vt 0.4276 0.2532
vt 0.3723 0.2744
vt 0.4529 0.2645
vt 0.4431 0.2823
vt 0.4395 0.2706
vt 0.4078 0.2668
vt 0.4167 0.2589
vt 0.4167 0.2727
vt 0.4000 0.2741
vt 0.3909 0.3018
vt 0.3789 0.2950
vt 0.3931 0.2882
vt 0.4163 0.2941
vt 0.4232 0.3157
vt 0.4078 0.3014
vt 0.3855 0.2744
vt 0.3913 0.2624
vt 0.4000 0.2741
vt 0.3855 0.2744
vt 0.3723 0.2858
vt 0.3723 0.2744
vt 0.3830 0.2848
vt 0.4284 0.2654
vt 0.4167 0.2727
vt 0.4227 0.2839
vt 0.4100 0.2847
vt 0.3789 0.2950
vt 0.3773 0.3161
vt 0.3662 0.3134
vt 0.4078 0.2668
vt 0.3789 0.2950
vt 0.4227 0.2839
vt 0.4275 0.2956
vt 0.4163 0.2941
vt 0.5484 0.2146
vt 0.5636 0.2245
vt 0.5456 0.2261
vt 0.5021 0.2249
vt 0.5094 0.2499
vt 0.4926 0.2459
vt 0.5062 0.2361
vt 0.4899 0.2230
vt 0.4944 0.2341
vt 0.4996 0.2536
vt 0.4922 0.2610
vt 0.4926 0.2459
vt 0.4663 0.2616
vt 0.4773 0.2547
vt 0.4786 0.2676
vt 0.4926 0.2459
vt 0.5130 0.2206
vt 0.5180 0.2387
vt 0.5329 0.2610
vt 0.5070 0.2638
vt 0.4654 0.2424
vt 0.4773 0.2547
vt 0.5456 0.2261
vt 0.5503 0.2420
vt 0.5371 0.2345
vt 0.4955 0.3597
vt 0.4839 0.3580
vt 0.4919 0.3432
vt 0.4535 0.2892
vt 0.4661 0.2966
vt 0.4511 0.3067
vt 0.4786 0.2676
vt 0.4638 0.2821
vt 0.4614 0.2714
vt 0.2835 0.1215
vt 0.2961 0.1210
vt 0.2897 0.1318
vt 0.2703 0.1348
vt 0.2839 0.1531
vt 0.2705 0.1460
vt 0.2817 0.1411
vt 0.2740 0.1585
vt 0.2705 0.1460
vt 0.2633 0.1552
vt 0.2541 0.1461
vt 0.2488 0.1315
vt 0.2591 0.1345
vt 0.2541 0.1461
vt 0.2703 0.1348
vt 0.2897 0.1318
vt 0.2817 0.1411
vt 0.2835 0.1215
vt 0.2705 0.1460
vt 0.4605 0.4423
vt 0.4715 0.4035
vt 0.4653 0.4157
vt 0.4612 0.4060
vt 0.4997 0.3739
vt 0.5143 0.3768
vt 0.5043 0.3887
vt 0.7098 0.2729
vt 0.6918 0.2695
vt 0.7024 0.2626
vt 0.6405 0.2946
vt 0.6462 0.3061
vt 0.6327 0.3017
vt 0.6375 0.2600
vt 0.6429 0.2727
vt 0.6270 0.2720
vt 0.6785 0.2346
vt 0.5986 0.3779
vt 0.5875 0.3334
vt 0.5982 0.3272
vt 0.6009 0.3387
vt 0.3594 0.3043
vt 0.3931 0.2882
vt 0.4028 0.2922
vt 0.3867 0.3115
vt 0.4157 0.3245
vt 0.4101 0.3144
vt 0.4232 0.3157
vt 0.3583 0.3216
vt 0.3662 0.3134
vt 0.3729 0.3285
vt 0.3812 0.3384
vt 0.4028 0.2922
vt 0.3909 0.3018
vt 0.4078 0.3014
vt 0.3969 0.3143
vt 0.3729 0.3285
vt 0.4028 0.2922
vt 0.4030 0.3506
vt 0.4123 0.3589
vt 0.4010 0.3622
vt 0.3594 0.3043
vt 0.3867 0.3115
vt 0.3883 0.3258
vt 0.3773 0.3161
vt 0.4284 0.2654
vt 0.4395 0.2706
vt 0.4227 0.2839
vt 0.4227 0.2839
vt 0.4431 0.2823
vt 0.4368 0.2908
vt 0.4614 0.2714
vt 0.4871 0.3233
vt 0.4721 0.3208
vt 0.4807 0.3155
vt 0.4632 0.3918
vt 0.4535 0.2892
vt 0.4034 0.3271
vt 0.4036 0.3382
vt 0.3883 0.3258
vt 0.4435 0.3847
vt 0.4339 0.3923
vt 0.4336 0.3775
vt 0.4102 0.3945
vt 0.3934 0.3426
vt 0.3812 0.3384
vt 0.3883 0.3258
vt 0.4034 0.3271
vt 0.3729 0.3285
vt 0.3887 0.3591
vt 0.4517 0.4012
vt 0.4036 0.3382
vt 0.4146 0.3361
vt 0.4030 0.3506
vt 0.4335 0.3207
vt 0.4305 0.3318
vt 0.4232 0.3157
vt 0.4214 0.3858
vt 0.4339 0.3923
vt 0.4233 0.3974
vt 0.6947 0.2526
vt 0.6918 0.2695
vt 0.6792 0.2579
vt 0.6637 0.2632
vt 0.6667 0.2466
vt 0.6621 0.2924
vt 0.6742 0.2684
vt 0.6590 0.2538
vt 0.6608 0.2335
vt 0.6511 0.2810
vt 0.6627 0.2812
vt 0.6590 0.2538
vt 0.6542 0.2699
vt 0.6486 0.2519
vt 0.6300 0.2485
vt 0.6375 0.2600
vt 0.6254 0.2597
vt 0.6542 0.2699
vt 0.6449 0.2249
vt 0.6524 0.2411
vt 0.6511 0.2810
vt 0.6405 0.2946
vt 0.6344 0.2860
vt 0.6402 0.2452
vt 0.6429 0.2727
vt 0.6402 0.2452
vt 0.6259 0.2317
vt 0.6344 0.2860
vt 0.6198 0.2924
vt 0.6226 0.2819
vt 0.6168 0.2682
vt 0.5990 0.2797
vt 0.6344 0.2860
vt 0.6327 0.3017
vt 0.6044 0.2686
vt 0.6125 0.2582
vt 0.6168 0.2682
vt 0.6157 0.2432
vt 0.6125 0.2582
vt 0.6003 0.2571
vt 0.6213 0.3038
vt 0.5784 0.2863
vt 0.5873 0.2788
vt 0.5869 0.2938
vt 0.6044 0.2686
vt 0.6254 0.2597
vt 0.6281 0.3159
vt 0.5797 0.3027
vt 0.6088 0.3018
vt 0.6088 0.3018
vt 0.6145 0.3132
vt 0.6004 0.3132
vt 0.6166 0.3262
vt 0.6071 0.3214
vt 0.6145 0.3132
vt 0.6088 0.3018
vt 0.5983 0.2946
vt 0.6086 0.2892
vt 0.5982 0.3272
vt 0.4955 0.3597
vt 0.5045 0.3459
vt 0.5075 0.3587
vt 0.5063 0.3036
vt 0.5204 0.3160
vt 0.5025 0.3140
vt 0.5880 0.3457
vt 0.5921 0.2681
vt 0.5575 0.3161
vt 0.5628 0.2999
vt 0.5705 0.3060
vt 0.5797 0.3027
vt 0.5723 0.2950
vt 0.5869 0.2938
vt 0.5990 0.2797
vt 0.6157 0.2432
vt 0.6028 0.1933
vt 0.6028 0.1933
vt 0.5070 0.2638
vt 0.5611 0.2138
vt 0.6003 0.2571
vt 0.5921 0.2681
vt 0.5824 0.2625
vt 0.5693 0.2532
vt 0.5717 0.2655
vt 0.5603 0.2625
vt 0.6220 0.3628
vt 0.5904 0.3697
vt 0.5692 0.3847
vt 0.5586 0.3804
vt 0.5692 0.3847
vt 0.5599 0.3948
vt 0.5918 0.3575
vt 0.6140 0.3533
vt 0.6038 0.3646
vt 0.6020 0.3505
vt 0.6020 0.3505
vt 0.6009 0.3387
vt 0.6127 0.3389
vt 0.6071 0.3214
vt 0.5803 0.3817
vt 0.5674 0.3728
vt 0.5777 0.3620
vt 0.5043 0.3887
vt 0.5179 0.3900
vt 0.5118 0.4022
vt 0.5918 0.3575
vt 0.5756 0.3297
vt 0.5875 0.3334
vt 0.5734 0.3447
vt 0.5422 0.3463
vt 0.5578 0.3449
vt 0.5486 0.3575
vt 0.5904 0.3697
vt 0.6068 0.2110
vt 0.6289 0.2078
vt 0.6133 0.2199
vt 0.6142 0.2315
vt 0.6133 0.2199
vt 0.6245 0.2206
vt 0.5744 0.2223
vt 0.5787 0.2072
vt 0.5850 0.2172
vt 0.6010 0.2249
vt 0.5824 0.2625
vt 0.5693 0.2532
vt 0.5821 0.2513
vt 0.5611 0.2138
vt 0.6010 0.2249
vt 0.6142 0.2315
vt 0.6040 0.2387
vt 0.6003 0.2571
vt 0.5942 0.2465
vt 0.6040 0.2387
vt 0.5884 0.2292
vt 0.5850 0.2172
vt 0.6010 0.2249
vt 0.5884 0.2292
vt 0.5503 0.2420
vt 0.5623 0.2413
vt 0.5569 0.2512
vt 0.5850 0.2172
vt 0.5736 0.2415
vt 0.5623 0.2413
vt 0.5636 0.2245
vt 0.5873 0.2788
vt 0.5717 0.2655
vt 0.5824 0.2625
vt 0.5371 0.2345
vt 0.5704 0.2774
vt 0.5596 0.3282
vt 0.5575 0.3161
vt 0.5697 0.3157
vt 0.5611 0.2138
vt 0.5488 0.2652
vt 0.5425 0.2502
vt 0.5569 0.2512
vt 0.5488 0.2652
vt 0.5603 0.2625
vt 0.5589 0.2805
vt 0.5589 0.2805
vt 0.5704 0.2774
vt 0.5723 0.2950
vt 0.5558 0.2322
vt 0.5425 0.2502
vt 0.5783 0.2321
vt 0.5558 0.2322
vt 0.5736 0.2415
vt 0.5849 0.2408
vt 0.5821 0.2513
vt 0.5849 0.2408
vt 0.5821 0.2513
vt 0.5425 0.4100
vt 0.5265 0.4135
vt 0.5639 0.4163
vt 0.5265 0.4135
vt 0.5509 0.3891
vt 0.4632 0.3918
vt 0.4764 0.3912
vt 0.4715 0.4035
vt 0.5389 0.3900
vt 0.5313 0.3599
vt 0.5265 0.3511
vt 0.5422 0.3463
vt 0.5674 0.3728
vt 0.5545 0.3694
vt 0.5633 0.3587
vt 0.5880 0.3457
vt 0.5802 0.3522
vt 0.5734 0.3447
vt 0.5633 0.3587
vt 0.5160 0.4249
vt 0.5218 0.4043
vt 0.4930 0.4303
vt 0.4909 0.4004
vt 0.4858 0.4110
vt 0.4815 0.4310
vt 0.4712 0.4395
vt 0.5016 0.3990
vt 0.4959 0.4169
vt 0.4909 0.4004
vt 0.4653 0.4157
vt 0.4347 0.4228
vt 0.4180 0.4280
vt 0.4156 0.4166
vt 0.4376 0.4071
vt 0.4256 0.4097
vt 0.4233 0.3974
vt 0.4376 0.4071
vt 0.4146 0.3361
vt 0.4305 0.3318
vt 0.4242 0.3403
vt 0.4548 0.3801
vt 0.4347 0.4228
vt 0.4256 0.4097
vt 0.4156 0.4166
vt 0.3904 0.4183
vt 0.3819 0.4056
vt 0.3925 0.4076
vt 0.4102 0.3945
vt 0.3912 0.3934
vt 0.4074 0.3836
vt 0.3712 0.4056
vt 0.3963 0.3818
vt 0.3912 0.3934
vt 0.3851 0.3815
vt 0.3851 0.3815
vt 0.3798 0.3693
vt 0.3932 0.3710
vt 0.4283 0.4314
vt 0.4097 0.3712
vt 0.3932 0.3710
vt 0.4102 0.3945
vt 0.4234 0.3677
vt 0.4097 0.3712
vt 0.4074 0.3836
vt 0.3963 0.3818
vt 0.4234 0.3677
vt 0.4855 0.3696
vt 0.4497 0.3703
vt 0.4308 0.3602
vt 0.3819 0.4056
vt 0.4709 0.3611
vt 0.4764 0.3912
vt 0.4719 0.3734
vt 0.4872 0.3836
vt 0.4652 0.3815
vt 0.4404 0.3644
vt 0.4579 0.3629
vt 0.4719 0.3734
vt 0.4652 0.3815
vt 0.4757 0.3497
vt 0.4629 0.3389
vt 0.4774 0.3348
vt 0.4997 0.3739
vt 0.4944 0.3908
vt 0.4579 0.3629
vt 0.4548 0.3801
vt 0.4497 0.3703
vt 0.4944 0.3908
vt 0.5045 0.3459
vt 0.5332 0.3788
vt 0.5179 0.3900
vt 0.5143 0.3768
vt 0.4308 0.3602
vt 0.4123 0.3589
vt 0.4282 0.3500
vt 0.4632 0.3515
vt 0.4855 0.3696
vt 0.4579 0.3629
vt 0.4632 0.3515
vt 0.4709 0.3611
vt 0.4404 0.3644
vt 0.4308 0.3602
vt 0.4393 0.3528
vt 0.4757 0.3497
vt 0.5016 0.3990
vt 0.5184 0.3640
vt 0.5273 0.3699
vt 0.5143 0.3768
vt 0.4368 0.2908
vt 0.4319 0.3070
vt 0.4275 0.2956
vt 0.4501 0.3497
vt 0.4393 0.3528
vt 0.4370 0.3418
vt 0.4501 0.3497
vt 0.4466 0.3348
vt 0.4370 0.3418
vt 0.4305 0.3318
vt 0.4501 0.3497
vt 0.4578 0.3249
vt 0.4578 0.3249
vt 0.4614 0.3105
vt 0.4721 0.3208
vt 0.4467 0.3236
vt 0.4722 0.2882
vt 0.4824 0.3055
vt 0.4714 0.3062
vt 0.4467 0.3236
vt 0.4721 0.3208
vt 0.4614 0.3105
vt 0.4930 0.3085
vt 0.4865 0.2959
vt 0.4967 0.2981
vt 0.4335 0.3207
vt 0.4511 0.3067
vt 0.4774 0.3348
vt 0.4871 0.3233
vt 0.4877 0.3337
vt 0.4977 0.3235
vt 0.5302 0.3417
vt 0.5444 0.3336
vt 0.5422 0.3463
vt 0.4423 0.3134
vt 0.4714 0.3062
vt 0.5140 0.3279
vt 0.4535 0.2892
vt 0.4445 0.2979
vt 0.4431 0.2823
vt 0.4786 0.2676
vt 0.4825 0.2863
vt 0.4722 0.2882
vt 0.4714 0.3062
vt 0.4722 0.2882
vt 0.5169 0.2703
vt 0.4807 0.3155
vt 0.4824 0.3055
vt 0.4930 0.3085
vt 0.5589 0.2805
vt 0.5488 0.2927
vt 0.5479 0.2817
vt 0.5457 0.3209
vt 0.5140 0.3394
vt 0.5282 0.2713
vt 0.5125 0.2945
vt 0.5017 0.2827
vt 0.5214 0.2813
vt 0.5140 0.3394
vt 0.5302 0.3417
vt 0.5165 0.3506
vt 0.5265 0.3511
vt 0.4904 0.2747
vt 0.5140 0.3279
vt 0.5165 0.3506
vt 0.5303 0.3252
vt 0.5302 0.3417
vt 0.5233 0.3334
vt 0.5233 0.3334
vt 0.5654 0.3373
vt 0.5480 0.3084
vt 0.5303 0.3252
vt 0.5353 0.3126
vt 0.5586 0.3804
vt 0.5447 0.3795
vt 0.5545 0.3694
vt 0.5378 0.2772
vt 0.5287 0.2915
vt 0.5214 0.2813
vt 0.5705 0.3060
vt 0.5353 0.3126
vt 0.5204 0.3160
vt 0.5255 0.3036
vt 0.5017 0.2827
vt 0.5578 0.3449
vt 0.5444 0.3336
vt 0.5596 0.3282
vt 0.5654 0.3373
vt 0.5413 0.3685
vt 0.5332 0.3788
vt 0.5273 0.3699
vt 0.5313 0.3599
vt 0.5413 0.3685
vt 0.5332 0.3788
vt 0.5447 0.3795
vt 0.5389 0.3900
vt 0.5633 0.3587
vt 0.5380 0.2998
vt 0.5628 0.2999
vt 0.5723 0.2950
vt 0.5329 0.2610
vt 0.5488 0.2652
vt 0.5378 0.2772
vt 0.5545 0.3694
vt 0.5509 0.3891
vt 0.5287 0.2915
vt 0.5390 0.2880
vt 0.5380 0.2998
vt 0.5125 0.2945
vt 0.5214 0.2813
vt 0.5390 0.2880
vt 0.5378 0.2772
vt 0.5479 0.2817
vt 0.5007 0.2722
vt 0.5017 0.2827
vt 0.4865 0.2959
vt 0.5017 0.2827
vt 0.5063 0.3036
vt 0.4942 0.8467
vt 0.4728 0.8745
vt 0.4378 0.8467
vt 0.5505 0.8467
vt 0.5786 0.8745
vt 0.5505 0.9022
vt 0.6068 0.8467
vt 0.6631 0.8467
vt 0.6349 0.8745
vt 0.5223 0.8745
vt 0.4728 0.8745
vt 0.4378 0.9022
vt 0.4378 0.8745
vt 0.4942 0.9022
vt 0.6631 0.9022
vt 0.6068 0.9022
vt 0.5786 0.8745
vt 0.6068 0.8467
vt 0.4942 0.9022
vt 0.4942 0.8467
vt 0.6912 0.8745
vt 0.7194 0.8467
vt 0.7757 0.8467
vt 0.7475 0.8745
vt 0.9446 0.8467
vt 0.9096 0.8745
vt 0.8883 0.8467
vt 0.8320 0.8467
vt 0.8883 0.8467
vt 0.8601 0.8745
vt 0.8320 0.8467
vt 0.8320 0.9022
vt 0.8038 0.8745
vt 0.9446 0.8745
vt 0.7757 0.9022
vt 0.7757 0.8467
vt 0.7194 0.9022
vt 0.7194 0.8467
vt 0.9096 0.8745
vt 0.9446 0.9022
vt 0.8883 0.9022
vt 0.7194 0.9022
f 70/1 68/2 40/3
f 70/1 59/4 68/2
f 39/5 38/6 70/7
f 41/8 40/3 68/2
f 70/1 40/3 39/5
f 43/9 42/10 68/11
f 35/12 80/13 36/14
f 32/15 31/16 67/17
f 67/17 31/16 30/18
f 24/19 72/20 25/21
f 19/22 73/23 20/24
f 29/25 67/17 30/18
f 80/13 70/26 36/14
f 32/15 67/17 80/27
f 33/28 32/15 80/27
f 34/29 80/13 35/12
f 67/17 29/25 28/30
f 50/31 49/32 78/33
f 78/33 71/34 50/31
f 78/35 48/36 47/37
f 52/38 77/39 53/40
f 54/41 53/40 77/39
f 71/42 52/43 51/44
f 62/45 61/46 72/47
f 69/48 78/35 47/37
f 44/49 68/50 69/51
f 41/8 68/2 42/10
f 58/52 68/2 59/4
f 59/4 70/1 80/13
f 43/9 68/11 44/49
f 54/53 56/54 55/55
f 69/56 46/57 45/58
f 47/37 46/57 69/48
f 56/59 71/60 57/61
f 78/33 57/61 71/34
f 36/14 70/26 37/62
f 69/51 45/58 44/49
f 50/31 71/34 51/44
f 67/17 60/63 80/27
f 64/64 63/65 74/66
f 72/67 67/17 28/30
f 27/68 26/69 72/70
f 25/21 72/20 26/69
f 72/47 61/46 67/17
f 72/71 23/72 22/73
f 23/72 72/71 24/19
f 22/73 73/74 72/71
f 73/74 22/73 21/75
f 72/70 28/30 27/68
f 19/22 18/76 73/23
f 17/77 73/23 18/76
f 17/78 16/79 74/80
f 74/80 16/79 15/81
f 74/80 15/81 14/82
f 17/77 74/80 73/23
f 73/23 21/75 20/24
f 13/83 12/84 74/85
f 57/86 69/87 58/88
f 62/89 73/90 63/91
f 13/83 74/85 14/82
f 80/27 34/29 33/28
f 12/92 11/93 75/94
f 75/94 74/85 12/92
f 56/54 54/53 77/39
f 8/95 75/96 9/97
f 9/97 75/96 10/98
f 65/99 76/100 66/101
f 11/93 10/98 75/94
f 38/6 37/62 70/7
f 76/100 79/102 66/101
f 62/89 72/47 73/90
f 76/103 7/104 6/105
f 57/86 78/33 69/87
f 75/106 7/104 76/103
f 56/54 77/39 71/60
f 48/36 78/35 49/32
f 5/107 76/103 6/105
f 65/108 64/109 75/110
f 66/101 79/102 1/111
f 3/112 2/113 79/114
f 4/115 76/103 5/107
f 76/100 65/99 75/106
f 79/114 4/116 3/112
f 76/103 4/115 79/102
f 64/109 74/66 75/110
f 52/43 71/42 77/39
f 75/96 8/95 7/104
f 1/111 79/102 2/113
f 68/2 58/52 69/51
f 59/4 80/13 60/63
f 61/46 60/63 67/17
f 63/91 73/90 74/66
f 54/117 55/118 98/119
f 97/120 86/121 99/122
f 97/123 98/124 87/125
f 98/126 89/127 88/128
f 54/117 98/119 88/128
f 99/129 85/130 100/131
f 97/120 99/122 90/132
f 98/124 97/123 89/127
f 88/128 53/133 54/117
f 93/134 101/135 94/136
f 92/137 91/138 100/139
f 89/127 97/123 90/132
f 90/132 99/122 91/140
f 102/141 95/142 94/143
f 102/144 81/145 103/146
f 100/131 91/138 99/129
f 83/147 82/148 101/149
f 104/150 100/151 84/152
f 82/148 102/153 101/149
f 55/118 87/125 98/119
f 1/154 2/155 103/156
f 86/121 85/130 99/122
f 82/148 81/145 102/153
f 87/125 86/121 97/123
f 2/155 96/157 103/156
f 83/158 104/150 84/152
f 93/134 104/159 101/135
f 1/154 103/156 81/145
f 92/137 100/139 104/150
f 101/149 102/153 94/136
f 95/142 102/141 103/146
f 92/137 104/150 93/134
f 2/155 3/160 96/157
f 101/135 104/159 83/147
f 84/152 100/151 85/130
f 103/156 96/157 95/142
f 243/161 241/162 135/163
f 549/164 859/165 449/166
f 134/167 135/168 133/169
f 1322/170 1320/171 1321/172
f 135/168 241/162 133/169
f 509/173 606/174 416/175
f 138/176 334/177 137/178
f 455/179 554/180 555/181
f 280/182 927/183 934/184
f 188/185 379/186 654/187
f 490/188 141/189 142/190
f 115/191 116/192 520/193
f 816/194 757/195 759/196
f 332/197 138/198 139/199
f 246/200 916/201 1253/202
f 647/203 545/204 648/205
f 626/206 844/207 846/208
f 406/209 491/210 926/211
f 496/212 149/213 150/214
f 135/163 136/215 243/161
f 130/216 131/217 244/218
f 330/219 275/220 130/221
f 776/222 831/223 247/224
f 143/225 340/226 142/227
f 240/228 131/229 132/230
f 35/231 620/232 527/233
f 915/234 246/235 243/236
f 486/237 966/238 584/239
f 224/240 240/241 241/242
f 958/243 968/244 398/245
f 585/246 484/247 279/248
f 326/249 239/250 236/251
f 485/252 486/253 403/254
f 915/255 136/256 137/257
f 130/221 275/220 129/258
f 918/259 245/260 246/261
f 249/262 938/263 927/264
f 681/265 732/266 784/267
f 1108/268 1110/269 1111/270
f 432/271 434/272 258/273
f 249/274 926/275 974/276
f 260/277 297/278 259/279
f 297/280 107/281 367/282
f 691/283 159/284 608/285
f 160/286 612/287 159/288
f 47/289 366/290 46/291
f 419/292 513/293 514/294
f 1262/295 1260/296 922/297
f 160/298 161/299 510/300
f 50/301 295/302 49/303
f 294/304 258/305 296/306
f 511/307 1285/308 418/309
f 420/310 1032/311 514/312
f 295/302 294/313 49/303
f 363/314 364/315 295/316
f 508/317 156/318 157/319
f 151/320 152/321 499/322
f 1073/323 1072/324 1071/325
f 497/326 593/327 496/328
f 541/329 641/330 642/331
f 862/332 715/333 858/334
f 146/335 147/336 409/337
f 405/338 122/339 123/340
f 1342/341 302/342 1337/343
f 595/344 152/345 153/346
f 297/347 299/348 106/349
f 803/350 290/351 804/352
f 597/353 502/354 596/355
f 501/356 500/357 595/358
f 2403/359 2011/360 2400/361
f 627/362 628/363 531/364
f 500/365 1021/366 1022/367
f 498/368 1281/369 410/370
f 299/371 260/372 363/373
f 2012/374 1670/375 1776/376
f 124/377 125/378 336/379
f 494/380 588/381 589/382
f 298/383 367/384 355/385
f 704/386 999/387 1001/388
f 1034/389 1037/390 1030/391
f 568/392 327/393 274/394
f 405/338 123/340 488/395
f 481/396 401/397 480/398
f 400/399 401/400 335/401
f 108/402 109/403 355/404
f 441/405 210/406 211/407
f 124/377 336/379 488/408
f 233/409 919/410 313/411
f 492/412 972/413 1277/414
f 1494/415 1487/416 1493/417
f 1961/418 1966/419 1969/420
f 1351/421 1174/422 1350/423
f 228/424 790/425 795/426
f 246/235 915/234 277/427
f 482/428 118/429 119/430
f 520/431 424/432 521/433
f 120/434 400/435 119/436
f 290/437 355/438 356/439
f 205/440 206/441 540/442
f 112/443 113/444 421/445
f 17/446 18/447 561/448
f 791/449 794/450 797/451
f 807/452 805/453 291/454
f 238/455 328/456 327/457
f 790/425 228/424 877/458
f 6/459 7/460 238/461
f 243/236 246/235 224/462
f 295/316 50/301 363/314
f 105/463 299/371 363/373
f 224/240 244/464 240/241
f 111/465 357/466 110/467
f 51/468 105/469 230/470
f 51/468 230/470 50/471
f 808/472 358/473 840/474
f 106/349 107/281 297/347
f 132/475 133/169 241/162
f 421/476 422/477 350/478
f 297/278 260/277 299/348
f 912/479 911/480 522/481
f 238/461 237/482 6/459
f 1061/483 1226/484 1225/485
f 294/313 48/486 49/303
f 1371/487 923/488 1365/489
f 366/490 528/491 623/492
f 365/493 47/494 48/495
f 363/314 50/301 230/470
f 294/304 296/306 365/496
f 1176/497 748/498 1177/499
f 367/282 107/281 108/500
f 362/501 431/502 361/503
f 258/504 295/316 364/315
f 43/505 359/506 42/507
f 1259/508 1254/509 920/510
f 258/305 294/304 295/316
f 431/511 44/512 45/513
f 925/514 432/515 364/516
f 361/517 45/518 46/519
f 258/305 434/272 296/306
f 625/520 624/521 435/522
f 616/523 898/524 1060/525
f 1394/526 1395/527 1015/528
f 38/529 39/530 425/531
f 427/532 525/533 425/534
f 379/535 189/536 378/537
f 524/538 41/539 921/540
f 214/541 566/542 213/543
f 232/544 1236/545 1238/546
f 35/231 527/233 34/547
f 525/548 526/549 37/550
f 555/551 316/552 381/553
f 309/554 378/555 307/556
f 505/557 31/558 32/559
f 602/560 689/561 505/562
f 266/563 310/564 311/565
f 33/566 503/567 32/568
f 1052/569 1053/570 1292/571
f 37/550 38/572 525/548
f 884/573 750/574 810/575
f 425/576 426/577 353/578
f 1809/579 286/580 1813/581
f 31/558 505/557 689/561
f 696/582 1176/583 257/584
f 632/585 537/586 1063/587
f 1133/588 1469/589 1468/590
f 633/591 536/592 631/593
f 1216/594 1223/595 1218/596
f 285/597 1304/598 1403/599
f 808/600 841/601 806/602
f 358/603 430/604 421/605
f 515/606 517/607 420/608
f 924/609 362/610 1262/611
f 2456/612 2540/613 2537/614
f 535/615 171/616 172/617
f 796/618 799/619 800/620
f 629/621 174/622 175/623
f 523/624 524/625 426/626
f 779/627 780/628 775/629
f 534/630 751/631 630/632
f 1127/633 1134/634 1135/635
f 702/636 535/637 635/638
f 1171/639 297/640 298/641
f 534/642 629/643 532/644
f 624/645 177/646 178/647
f 804/648 255/649 799/650
f 179/651 435/652 178/653
f 633/591 1074/654 536/592
f 634/655 169/656 170/657
f 848/658 1228/659 878/660
f 800/661 802/662 792/663
f 368/664 435/665 626/666
f 445/667 448/668 183/669
f 1787/670 1789/671 1786/672
f 750/673 843/674 845/675
f 620/676 36/677 526/678
f 1400/679 1525/680 1527/681
f 184/682 445/667 183/669
f 1310/683 1311/684 1309/685
f 183/669 448/668 182/686
f 1021/687 787/688 344/689
f 176/690 532/691 175/692
f 424/693 116/694 117/695
f 186/696 543/697 185/698
f 544/699 543/700 373/701
f 492/702 281/703 491/704
f 378/537 189/536 190/705
f 494/706 408/707 493/708
f 1019/709 972/710 408/711
f 186/712 187/713 373/714
f 1391/715 1270/716 1271/717
f 452/718 1054/719 1051/720
f 308/721 266/722 919/723
f 422/724 518/725 519/726
f 310/727 192/728 193/729
f 580/730 576/731 577/732
f 403/733 584/734 965/735
f 307/736 308/737 265/738
f 928/739 927/183 280/182
f 307/740 190/741 191/742
f 333/743 276/744 332/745
f 308/721 919/723 823/746
f 245/260 946/747 246/261
f 450/748 203/749 204/750
f 241/242 240/241 132/475
f 540/442 206/441 538/751
f 453/752 547/753 306/754
f 224/240 241/242 243/236
f 965/755 781/756 279/757
f 375/758 201/759 202/760
f 311/565 310/564 193/729
f 311/761 194/762 195/763
f 162/764 163/765 513/766
f 1596/767 247/224 831/223
f 406/768 928/769 489/770
f 316/771 658/772 315/773
f 314/774 312/775 197/776
f 680/777 679/778 730/779
f 1484/780 1486/781 1485/782
f 198/783 199/784 315/785
f 315/786 313/787 314/788
f 1312/789 1819/790 2053/791
f 482/792 400/793 402/794
f 446/795 545/796 374/797
f 1020/798 1024/799 1028/800
f 306/801 714/802 553/803
f 199/784 380/804 315/785
f 1297/805 385/806 671/807
f 718/808 659/809 457/810
f 462/811 674/812 1105/813
f 1829/814 2296/815 2297/816
f 771/817 825/818 676/819
f 605/820 27/821 28/822
f 380/823 381/553 316/552
f 1821/824 1824/825 1149/826
f 564/827 26/828 723/829
f 986/830 993/831 987/832
f 461/833 21/834 22/835
f 718/836 721/837 383/838
f 473/839 472/840 322/841
f 1423/842 1552/843 1424/844
f 1014/845 1016/846 1396/847
f 1154/848 1330/849 1474/850
f 463/851 674/852 564/853
f 392/854 393/855 323/856
f 461/857 671/858 769/859
f 567/860 568/861 569/862
f 382/863 457/864 556/865
f 14/866 456/867 13/868
f 321/869 389/870 467/871
f 383/838 659/809 718/836
f 458/872 663/873 478/874
f 394/875 272/876 396/877
f 13/878 458/879 12/880
f 476/881 323/856 393/855
f 946/882 945/883 916/884
f 140/885 399/886 139/887
f 327/457 236/888 238/455
f 328/889 329/890 274/891
f 339/892 140/893 141/894
f 9/895 10/896 392/897
f 968/898 969/899 971/900
f 1698/901 1853/902 1856/903
f 329/904 8/905 9/906
f 665/907 460/908 560/909
f 390/910 219/911 388/912
f 505/557 32/559 503/567
f 566/913 464/914 466/915
f 240/241 244/464 131/229
f 390/916 473/917 474/918
f 556/919 661/920 317/921
f 590/922 342/923 409/924
f 1461/925 1571/926 251/927
f 215/928 464/929 214/930
f 825/818 771/817 770/931
f 644/932 441/933 643/934
f 538/751 206/441 207/935
f 1162/936 637/937 705/938
f 1067/939 1410/940 1420/941
f 433/942 746/943 529/944
f 762/945 1347/946 765/947
f 372/948 643/949 640/950
f 703/951 539/952 753/953
f 237/482 238/461 239/954
f 328/955 7/956 8/957
f 223/958 5/959 237/960
f 237/960 5/959 6/459
f 239/954 238/461 236/251
f 1253/961 244/464 224/240
f 917/962 277/963 276/964
f 242/965 479/966 275/967
f 237/960 239/954 223/958
f 1577/968 1578/969 1326/970
f 220/971 388/912 219/911
f 219/911 390/910 218/972
f 106/349 299/348 105/463
f 1382/973 1769/974 1379/975
f 326/976 325/977 222/978
f 325/977 221/979 222/978
f 1202/980 1205/981 1207/982
f 467/983 469/984 271/985
f 389/870 321/869 388/986
f 678/987 465/988 391/989
f 222/990 223/958 239/954
f 242/965 275/967 330/219
f 573/991 390/916 474/918
f 643/934 441/933 640/950
f 277/992 334/993 332/994
f 1041/995 1039/996 1040/997
f 603/998 29/999 30/1000
f 47/289 365/493 366/290
f 197/776 312/775 196/1001
f 377/1002 191/1003 192/1004
f 307/736 265/738 309/554
f 377/1002 307/740 191/1003
f 308/1005 377/1006 310/1007
f 822/1008 309/1009 824/1010
f 189/536 379/535 188/185
f 194/762 311/761 193/729
f 308/721 310/1007 266/722
f 195/763 196/1011 311/761
f 311/761 196/1011 312/775
f 314/788 313/787 312/775
f 311/565 312/775 266/563
f 313/1012 267/1013 821/1014
f 266/563 312/775 313/787
f 197/776 198/1015 314/774
f 314/774 198/1015 315/786
f 380/804 199/784 200/1016
f 315/786 267/1013 313/787
f 381/1017 200/1018 201/1019
f 306/754 455/1020 453/752
f 457/864 382/863 456/1021
f 1858/1022 1698/901 1856/903
f 559/1023 18/1024 19/1025
f 1581/1026 1153/1027 1330/1028
f 725/1029 724/1030 24/1031
f 24/1032 562/1033 23/1034
f 216/1035 217/1036 475/1037
f 978/1038 979/1039 977/1040
f 220/1041 221/1042 389/1043
f 471/1044 390/1045 321/1046
f 1279/1047 271/1048 2365/1049
f 729/1050 465/988 678/987
f 393/1051 10/1052 11/1053
f 323/1054 394/1055 329/1056
f 13/868 456/867 458/879
f 664/1057 324/1058 663/1059
f 326/249 222/978 239/250
f 389/1060 325/1061 273/1062
f 567/1063 326/249 236/251
f 325/1061 326/976 273/1062
f 328/955 238/455 7/956
f 568/392 274/394 397/1064
f 329/890 328/889 8/905
f 327/393 328/456 274/394
f 392/897 329/904 9/895
f 394/875 323/1054 272/876
f 130/221 244/218 330/219
f 242/965 330/219 244/218
f 407/1065 932/1066 333/1067
f 940/1068 929/1069 947/1070
f 332/197 139/199 399/886
f 277/963 332/994 276/964
f 333/1071 399/1072 339/1073
f 934/184 407/1074 280/182
f 332/197 334/993 138/198
f 915/234 334/993 277/427
f 480/1075 400/435 120/434
f 288/1076 912/1077 1039/1078
f 485/1079 125/1080 126/1081
f 405/338 488/395 587/1082
f 487/1083 127/1084 128/1085
f 956/1086 944/1087 952/1088
f 587/1082 338/1089 405/338
f 581/1090 401/397 481/396
f 491/1091 490/1092 340/1093
f 339/1094 489/1095 407/1096
f 493/1097 143/1098 144/1099
f 492/702 491/704 340/1093
f 409/337 589/1100 146/335
f 974/276 926/275 1277/1101
f 409/924 591/1102 590/922
f 1019/1103 686/1104 341/1105
f 2660/1106 1528/1107 2663/1108
f 1299/1109 1300/1110 592/1111
f 154/1112 501/1113 153/1114
f 501/1115 502/1116 412/1117
f 504/1118 413/1119 503/1120
f 1099/1121 1101/1122 1116/1123
f 1151/1124 1149/1125 1150/1126
f 1150/1127 346/1128 1124/1129
f 509/173 416/175 508/1130
f 502/1116 738/1131 412/1117
f 1283/1132 1535/1133 1538/1134
f 347/1135 606/1136 610/1137
f 165/1138 515/1139 164/1140
f 1033/1141 514/312 1032/311
f 518/1142 113/1143 114/1144
f 806/602 807/1145 808/600
f 903/1146 899/1147 901/1148
f 1060/525 615/1149 616/523
f 118/429 482/428 483/1150
f 1040/1151 583/1152 582/1153
f 523/1154 425/531 39/530
f 620/676 526/678 745/1155
f 744/1156 836/1157 619/1158
f 1128/1159 1131/1160 345/1161
f 429/1162 109/1163 110/1164
f 298/383 355/385 290/437
f 429/1162 355/404 109/1163
f 356/1165 429/1166 357/1167
f 111/1168 112/1169 430/1170
f 356/1165 357/1167 291/1171
f 291/1171 357/1167 358/1172
f 357/466 111/465 430/1170
f 924/1173 43/1174 44/1175
f 1261/1176 1254/1177 359/1178
f 1257/1179 1256/1180 1255/1181
f 618/1182 1062/1183 617/1184
f 366/290 361/517 46/291
f 361/1185 293/1186 1260/1187
f 622/1188 922/297 1260/296
f 1261/1176 292/1189 1254/1177
f 363/373 230/470 105/463
f 364/315 363/314 260/372
f 260/372 259/279 364/315
f 925/514 364/516 259/279
f 294/304 365/496 48/486
f 366/290 365/493 296/306
f 366/490 296/306 528/491
f 361/1185 366/290 293/1186
f 355/404 367/384 108/402
f 297/280 367/282 298/641
f 844/1190 531/1191 699/1192
f 847/1193 849/1194 369/1195
f 300/1196 1180/1197 1184/1198
f 1211/1199 852/1200 812/1201
f 174/622 629/621 630/1202
f 1816/1203 1817/1204 1811/1205
f 539/1206 440/1207 538/1208
f 553/1209 715/1210 264/1211
f 996/1212 1006/1213 993/1214
f 1002/1215 999/1216 995/1217
f 654/1218 452/1219 552/1220
f 551/1221 544/699 373/701
f 185/698 543/697 446/1222
f 650/1223 447/1224 374/1225
f 203/749 450/748 652/1226
f 375/1227 453/1228 381/1229
f 205/440 540/442 754/1230
f 813/1231 706/1232 710/1233
f 310/1007 377/1006 192/728
f 307/740 377/1002 308/737
f 307/556 378/555 190/741
f 379/535 378/537 309/554
f 379/535 309/554 653/1234
f 551/1221 304/1235 544/699
f 381/1017 380/823 200/1018
f 315/785 380/804 316/771
f 201/1019 375/758 381/1017
f 375/1227 547/753 453/1228
f 457/1236 14/1237 15/1238
f 382/1239 557/1240 458/1241
f 558/1242 16/1243 17/1244
f 1156/1245 1154/1246 1157/1247
f 560/909 460/908 559/1248
f 1547/1249 666/1250 1307/1251
f 672/1252 722/1253 563/1254
f 666/1250 1547/1249 1424/1255
f 564/827 25/1256 26/828
f 1430/1257 1434/1258 1427/1259
f 565/1260 215/1261 216/1262
f 975/1263 466/1264 387/1265
f 389/1043 388/986 220/1041
f 390/910 388/912 321/1046
f 325/977 389/1060 221/979
f 321/869 467/871 271/985
f 471/1044 321/1046 271/985
f 474/918 473/917 322/841
f 570/1266 572/1267 391/1268
f 465/1269 387/1270 464/1271
f 393/855 392/854 10/1052
f 329/1056 392/897 323/1054
f 12/1272 478/1273 574/1274
f 323/1054 476/881 272/876
f 2081/1275 395/1276 396/1277
f 329/1056 394/1055 397/1278
f 2302/1279 2303/1280 235/1281
f 396/877 397/1278 394/875
f 1859/1282 2083/1283 272/1284
f 397/1278 396/877 395/1276
f 470/1285 567/860 569/862
f 397/1064 274/394 329/1056
f 242/1286 1253/202 916/201
f 967/1287 956/1288 957/1289
f 339/1073 399/1072 140/893
f 332/197 399/886 333/743
f 480/1075 120/434 121/1290
f 400/399 335/401 402/794
f 481/1291 121/1292 122/1293
f 581/1294 577/1295 579/1296
f 402/794 335/401 1159/1297
f 521/1298 583/1299 352/1300
f 336/1301 485/1302 484/1303
f 486/1304 126/1305 127/1306
f 275/220 971/1307 129/258
f 331/1308 958/1309 950/1310
f 123/340 124/377 488/395
f 405/1311 575/1312 481/1313
f 407/1074 489/1095 280/182
f 490/1314 489/1095 339/1094
f 932/1066 407/1065 934/184
f 333/1067 339/1073 407/1065
f 340/1093 493/1315 492/702
f 588/1316 144/1317 145/1318
f 591/1319 147/1320 148/1321
f 494/380 589/382 686/1322
f 594/1323 150/1324 151/1325
f 1110/269 1108/268 342/1326
f 343/1327 1056/1328 1020/1329
f 498/368 410/370 496/1330
f 596/1331 154/1332 155/1333
f 736/1334 738/1131 502/1116
f 504/1335 33/1336 34/1337
f 600/1338 505/1339 413/1340
f 602/1341 601/1342 414/1343
f 1115/1344 690/1345 1113/1346
f 603/998 604/1347 29/999
f 463/1348 1100/1349 1102/1350
f 509/1351 157/1352 158/1353
f 502/1116 597/353 736/1334
f 510/1354 512/1355 612/1356
f 609/1357 607/1358 1401/1359
f 1285/1360 419/1361 1034/1362
f 1286/1363 1031/1364 417/1365
f 1033/1366 1036/1367 1034/1368
f 511/307 418/309 510/1369
f 515/1139 165/1138 517/607
f 166/1370 167/1371 614/1372
f 421/445 113/444 518/1142
f 358/603 421/605 350/478
f 519/1373 114/1374 115/1375
f 615/1149 1060/525 422/1376
f 521/1298 352/1300 522/1377
f 1252/1378 519/1379 520/1380
f 483/1150 117/1381 118/429
f 424/432 583/1299 521/433
f 523/1154 39/530 40/1382
f 353/578 742/1383 425/576
f 524/538 40/1384 41/539
f 353/578 426/577 1062/1385
f 693/1386 694/1387 619/1388
f 37/550 526/549 36/677
f 2669/1389 1126/1390 1130/1391
f 598/1392 413/1119 504/1118
f 357/466 429/1166 110/467
f 355/438 429/1162 356/439
f 421/605 430/604 112/443
f 357/1167 430/1170 358/1172
f 361/517 431/502 45/518
f 924/609 431/502 362/610
f 747/1393 434/1394 229/1395
f 258/273 364/315 432/271
f 696/582 257/584 529/1396
f 529/1397 622/1398 623/1399
f 229/1395 434/1394 432/271
f 434/1400 433/1401 528/1402
f 627/1403 179/1404 180/1405
f 435/522 368/664 625/520
f 182/1406 651/1407 546/1408
f 436/1409 697/1410 698/1411
f 177/646 624/645 533/1412
f 812/1201 852/1200 850/1413
f 752/1414 172/1415 173/1416
f 857/1417 635/1418 855/1419
f 1086/1420 1078/1421 1085/1422
f 1073/1423 741/1424 692/1425
f 539/1426 207/1427 208/1428
f 638/1429 540/1430 440/1431
f 641/1432 211/1433 212/1434
f 994/1435 1005/1436 997/1437
f 980/1438 978/1439 320/1440
f 442/1441 987/1442 1006/1443
f 997/1437 372/1444 994/1435
f 637/1445 440/1207 539/1206
f 545/1446 444/1447 646/1448
f 374/797 445/1449 446/795
f 446/795 445/1449 184/682
f 374/1225 447/1224 448/1450
f 185/698 446/1222 184/682
f 446/795 444/1447 545/796
f 374/1225 647/1451 650/1223
f 182/1406 546/1408 181/1452
f 374/1225 448/1450 445/1449
f 448/1450 447/1224 651/1453
f 202/760 548/1454 375/758
f 549/164 449/166 652/1455
f 754/1456 639/1457 708/1458
f 450/1459 707/1460 549/1461
f 766/1462 233/1463 820/1464
f 820/1465 821/1466 657/1467
f 187/713 552/1468 373/714
f 654/1218 1054/719 452/1219
f 656/1469 455/1470 553/1471
f 381/553 453/1228 555/551
f 455/1470 656/1469 454/1472
f 267/1013 866/1473 821/1014
f 553/1471 455/1470 306/801
f 455/179 454/1472 554/180
f 457/1236 456/1021 14/1237
f 458/879 456/867 382/1239
f 15/1474 16/1475 718/1476
f 382/863 556/865 317/921
f 557/1240 382/1239 317/921
f 324/1477 477/1478 478/1479
f 18/447 559/1023 561/448
f 667/1480 384/1481 669/1482
f 560/1483 19/1484 20/1485
f 460/1486 667/1487 561/1488
f 23/1034 562/1033 722/1489
f 769/1490 666/1491 768/1492
f 1298/1493 1095/1494 1307/1495
f 671/807 385/806 769/859
f 605/820 673/1496 27/821
f 1098/1497 1100/1498 1096/1499
f 464/929 215/928 565/1260
f 466/1264 464/914 387/1265
f 465/1500 565/1501 475/1502
f 572/1267 678/987 391/1268
f 387/1265 729/1503 975/1263
f 977/1504 642/1505 711/1506
f 273/1062 470/1507 389/1060
f 273/1062 567/860 470/1507
f 469/984 467/983 470/1508
f 468/1509 569/1510 675/1511
f 467/871 389/870 470/1508
f 468/1512 2303/1513 2365/1514
f 273/1062 326/976 567/860
f 468/1515 469/984 470/1508
f 472/1516 471/1044 271/985
f 474/918 322/841 570/1517
f 726/1518 771/817 676/819
f 1280/1519 726/1520 472/1521
f 390/1045 471/1044 473/917
f 472/1516 473/839 471/1044
f 475/1522 474/1523 391/1524
f 218/1525 573/1526 217/1527
f 475/1037 217/1036 573/1526
f 465/988 475/1502 391/989
f 393/855 477/1528 476/881
f 477/1529 1857/1530 1859/1531
f 11/1053 574/1532 393/1051
f 324/1058 664/1057 1861/1533
f 477/1528 393/855 574/1532
f 12/880 458/879 478/1273
f 916/201 479/966 242/1286
f 968/244 479/1534 398/245
f 481/396 480/398 121/1292
f 400/399 480/1075 401/400
f 122/1293 405/338 481/1291
f 575/1312 405/1311 338/1089
f 400/435 482/792 119/436
f 483/1150 482/428 402/794
f 483/1150 402/794 682/1535
f 424/693 117/695 483/1150
f 485/1079 336/1301 125/1080
f 965/735 484/1536 403/733
f 486/253 485/252 126/1305
f 484/1303 485/1302 403/733
f 487/1083 486/1304 127/1084
f 486/237 404/1537 966/238
f 969/1538 487/1083 128/1085
f 486/1304 487/1083 404/1537
f 484/247 585/246 336/1301
f 586/1539 587/1540 585/1541
f 490/188 339/1094 141/189
f 928/769 406/768 926/211
f 340/226 490/1092 142/227
f 489/1095 490/1314 406/768
f 926/211 491/210 281/703
f 490/1092 491/1091 406/768
f 493/1315 340/1093 143/1098
f 972/710 492/412 408/711
f 493/1097 144/1099 588/1316
f 492/702 493/1315 408/711
f 145/1542 146/335 589/1100
f 1019/1103 494/380 686/1104
f 593/1543 148/1544 149/1545
f 497/1546 410/1547 687/1548
f 496/212 150/214 594/1323
f 497/326 496/328 410/1547
f 687/1549 1056/1550 592/1551
f 495/1552 591/1553 497/1554
f 498/1555 594/1556 499/1557
f 411/1558 1024/1559 498/1560
f 499/322 152/321 595/344
f 498/1555 499/1557 411/1558
f 1021/366 500/365 412/1561
f 499/1557 500/1562 411/1558
f 501/1113 154/1112 596/1331
f 500/357 501/356 412/1561
f 597/1563 155/1564 156/1565
f 688/1566 736/1567 737/1568
f 504/1118 503/1120 33/1336
f 505/557 503/567 413/1340
f 527/233 504/1335 34/547
f 413/1119 598/1392 345/1569
f 600/1338 413/1340 345/1569
f 30/1570 31/558 689/561
f 415/1571 1096/1572 740/1573
f 739/1574 740/1575 604/1576
f 604/1347 28/1577 29/999
f 1100/1498 673/1578 1096/1499
f 509/1351 508/1130 157/1352
f 597/1579 508/1130 416/175
f 512/1580 1286/1581 608/1582
f 416/175 606/174 347/1135
f 611/1583 161/1584 162/1585
f 418/309 1287/1586 510/1369
f 611/1583 510/300 161/1584
f 511/1587 611/1588 513/1589
f 1286/1363 1287/1590 1031/1364
f 417/1591 607/1592 608/1593
f 163/1594 164/1595 613/1596
f 511/1587 513/1589 419/292
f 613/1596 513/766 163/1594
f 514/1597 613/1598 515/1599
f 517/1600 166/1601 516/1602
f 514/312 515/1599 420/310
f 168/1603 631/1604 167/1605
f 614/1606 741/1607 516/1608
f 166/1601 517/1600 165/1138
f 420/608 517/607 516/1602
f 519/1373 518/725 114/1374
f 421/445 518/1142 422/477
f 519/1373 115/1375 520/1380
f 351/1609 615/1610 519/1611
f 424/432 520/431 116/694
f 520/1380 423/1612 1252/1378
f 352/1300 1039/1613 522/1377
f 520/1380 521/433 423/1612
f 900/1614 902/1615 908/1616
f 423/1612 521/433 522/1377
f 524/538 523/624 40/1384
f 425/531 523/1154 426/577
f 920/1617 1258/1618 921/1619
f 617/1620 524/1621 1258/1622
f 425/534 525/533 38/529
f 526/549 525/548 427/532
f 693/1623 526/549 427/532
f 1129/1624 695/1625 1126/1626
f 35/231 36/677 620/232
f 527/1627 428/1628 599/1629
f 434/1400 528/1402 296/306
f 528/1402 433/1401 529/944
f 746/943 696/582 529/944
f 622/1398 529/1397 257/584
f 2497/1630 368/1631 846/1632
f 437/1633 532/1634 533/1635
f 435/665 627/1636 626/666
f 628/1637 180/1638 181/1639
f 533/1635 532/1634 176/690
f 532/644 437/1633 534/642
f 177/646 533/1412 176/690
f 530/1640 878/1641 533/1642
f 2504/1643 751/1644 811/1645
f 174/622 630/1202 173/1646
f 752/1647 630/1648 701/1649
f 856/1650 853/1651 370/1652
f 692/1653 1069/1654 1072/1655
f 166/1370 614/1372 516/1602
f 702/1656 634/655 170/657
f 855/1657 438/1658 853/1659
f 539/1426 538/1208 207/1427
f 540/442 538/751 440/1431
f 208/1660 209/1661 753/1662
f 440/1207 637/1445 371/1663
f 638/1429 440/1431 371/1663
f 708/1664 450/748 204/750
f 441/933 641/1665 640/950
f 642/1666 212/1667 213/1668
f 703/951 753/953 1160/1669
f 210/1670 644/1671 209/1672
f 373/714 543/700 186/712
f 446/1222 543/697 444/1447
f 304/1673 760/1674 646/1675
f 543/697 544/699 444/1447
f 544/699 646/1448 444/1447
f 545/204 645/1676 648/205
f 649/1677 698/1678 749/1679
f 697/1680 699/1681 628/1682
f 548/1454 547/753 375/758
f 655/1683 547/1684 449/1685
f 203/1686 548/1454 202/760
f 547/1684 548/1454 449/1685
f 549/164 376/1687 859/165
f 652/1455 449/166 548/1454
f 309/554 265/738 824/1010
f 1291/1688 1051/720 1054/719
f 552/1468 551/1221 373/714
f 1052/1689 551/1690 452/1691
f 188/1692 552/1468 187/713
f 551/1690 552/1468 452/1691
f 655/1683 714/1693 547/1684
f 553/1209 264/1211 656/1469
f 554/180 454/1472 717/1694
f 315/773 658/772 267/1013
f 455/179 555/181 453/752
f 316/552 555/551 554/180
f 457/864 659/809 556/865
f 556/919 659/809 661/920
f 317/1695 1699/1696 664/1697
f 663/1059 557/1698 664/1057
f 561/448 558/1242 17/446
f 718/1699 558/1700 459/1701
f 560/1483 559/1248 19/1484
f 561/1488 559/1023 460/1486
f 769/1490 768/1492 719/1702
f 384/1703 460/908 665/907
f 667/1480 460/1486 384/1481
f 558/1700 561/448 459/1701
f 25/1256 564/827 725/1704
f 462/1705 563/1254 722/1253
f 461/833 22/835 672/1706
f 462/1705 1107/1707 563/1254
f 27/821 673/1496 723/1708
f 463/1348 1102/1350 1103/1709
f 475/1502 565/1501 216/1035
f 464/929 565/1260 465/1269
f 464/914 566/913 214/930
f 711/1710 566/913 466/915
f 236/251 568/861 567/1063
f 468/1509 470/1508 569/1510
f 327/393 568/392 236/888
f 569/1711 397/1278 395/1276
f 397/1064 569/1711 568/392
f 675/1511 569/1510 395/1276
f 676/1712 572/1713 322/1714
f 391/1268 474/1523 570/1266
f 571/1715 572/1713 676/1712
f 571/1716 1215/1717 889/1718
f 322/1714 572/1713 570/1517
f 572/1713 571/1715 677/1719
f 390/916 573/991 218/972
f 475/1522 573/1526 474/1523
f 12/1272 574/1274 11/1053
f 477/1478 574/1532 478/1479
f 575/1312 338/1089 577/1720
f 481/1313 575/1312 581/1090
f 338/1721 586/1722 683/1723
f 679/1724 576/1725 773/1726
f 683/1727 578/1728 580/1729
f 577/732 576/731 579/1296
f 828/1730 782/1731 830/1732
f 733/1733 580/1734 732/1735
f 679/1724 579/1296 576/1725
f 335/401 401/400 680/1736
f 338/1089 580/730 577/1720
f 732/1735 580/1734 578/1728
f 577/1295 581/1294 575/1312
f 401/397 581/1090 579/1296
f 1159/1737 730/1738 731/1739
f 582/1740 682/1741 1159/1742
f 424/693 483/1150 583/1299
f 583/1299 483/1150 682/1535
f 965/735 584/734 337/1743
f 403/733 486/253 584/734
f 585/246 279/248 586/1539
f 488/408 336/379 585/246
f 734/1744 586/1745 781/1746
f 828/1747 683/1748 734/1749
f 585/1541 587/1540 488/408
f 586/1539 338/1721 587/1540
f 589/382 588/381 145/1542
f 493/708 588/1316 494/706
f 409/924 342/923 684/1750
f 686/1322 589/382 735/1751
f 591/1102 409/924 147/1320
f 1109/1752 590/1753 495/1754
f 591/1319 148/1321 593/1543
f 590/922 591/1102 495/1754
f 592/1111 343/1755 1299/1109
f 687/1548 1316/1756 497/1546
f 496/328 593/327 149/213
f 591/1319 593/1543 497/1554
f 499/1557 594/1556 151/320
f 496/1330 594/1323 498/368
f 501/356 595/358 153/1114
f 499/1557 595/344 500/1562
f 597/353 596/355 155/1564
f 501/1115 596/1331 502/1116
f 508/1130 597/1579 156/318
f 737/1757 416/175 347/1135
f 504/1118 599/1758 598/1392
f 2669/1759 599/1629 428/1628
f 527/1627 599/1629 504/1335
f 2669/1759 1128/1760 599/1629
f 600/1338 345/1569 1301/1761
f 602/1341 600/1762 601/1342
f 1058/1763 1437/1764 1301/1765
f 1116/1766 1120/1767 1124/1768
f 602/560 1112/1769 689/561
f 505/562 600/1338 602/560
f 689/561 603/998 30/1570
f 604/1347 603/998 506/1770
f 604/1576 506/1770 739/1574
f 605/1771 604/1772 507/1773
f 604/1772 605/1771 28/1577
f 673/1496 605/820 507/1773
f 509/173 607/1774 606/174
f 607/1358 609/1357 610/1775
f 509/1351 158/1353 691/1776
f 417/1591 1401/1359 607/1592
f 607/1774 509/173 691/1776
f 612/287 608/285 159/288
f 1031/1777 1289/1778 1401/1779
f 609/1780 1302/1781 1403/1782
f 607/1358 610/1775 606/174
f 1059/1783 610/1775 609/1357
f 513/766 611/1588 162/764
f 510/300 611/1583 511/307
f 510/300 612/1356 160/298
f 608/285 612/287 512/1580
f 515/1139 613/1598 164/1140
f 513/766 613/1596 514/294
f 631/1604 614/1372 167/1605
f 741/1424 536/1784 692/1425
f 615/1149 351/1609 616/523
f 422/1376 519/726 615/1149
f 351/1785 908/1616 902/1615
f 893/1786 894/1787 876/1788
f 617/1789 360/1790 1227/1791
f 426/626 524/625 617/1620
f 1389/1792 360/1793 1258/1794
f 1224/1795 743/1796 618/1797
f 742/1798 693/1623 427/532
f 619/1158 694/1387 744/1156
f 695/1799 745/1800 693/1801
f 527/233 620/232 1129/1802
f 747/1803 746/943 433/942
f 797/451 794/450 229/1804
f 922/297 622/1188 257/584
f 293/1186 366/290 623/492
f 529/944 623/1399 528/1402
f 293/1186 623/492 622/1398
f 435/522 624/521 178/653
f 533/1642 624/645 530/1640
f 2988/1805 368/1631 2497/1630
f 624/521 625/520 530/1640
f 627/1636 435/665 179/1404
f 844/1190 626/206 531/1191
f 628/363 627/362 180/1638
f 626/666 627/1636 531/1191
f 181/1639 546/1408 628/1637
f 628/1637 546/1408 697/1680
f 532/644 629/643 175/692
f 630/1202 629/621 534/630
f 534/630 811/1645 751/631
f 535/1806 701/1807 438/1808
f 169/1809 636/1810 633/1811
f 614/1372 631/1604 536/592
f 168/1603 633/591 631/1604
f 537/1812 636/1813 634/1814
f 169/1809 633/1811 168/1603
f 633/591 632/1815 1074/654
f 170/657 171/1816 702/1656
f 636/1813 537/1812 632/585
f 438/1808 635/638 535/1806
f 537/1812 634/1814 635/1817
f 633/1811 636/1810 632/1815
f 169/656 634/655 636/1810
f 539/1206 703/951 637/1445
f 637/937 703/951 705/938
f 755/1818 813/1819 371/1820
f 707/1460 376/1687 549/1461
f 540/1430 638/1429 709/1821
f 710/1822 815/1823 709/1824
f 641/1665 441/933 211/1433
f 996/1825 640/1826 541/1827
f 642/1666 641/330 212/1667
f 640/1826 641/1665 541/1827
f 711/1506 642/1505 213/1668
f 442/1828 712/1829 642/1830
f 997/1437 643/949 372/1444
f 643/934 542/1831 644/932
f 644/932 210/1670 441/933
f 753/1832 644/932 542/1831
f 758/1833 645/1834 760/1835
f 757/1836 648/205 645/1676
f 304/1673 646/1675 544/699
f 545/1446 646/1448 645/1676
f 886/1837 650/1838 305/1839
f 374/1225 545/796 647/1451
f 758/1840 713/1841 757/1842
f 647/203 648/205 816/1843
f 759/196 888/1844 816/194
f 436/1409 699/1681 697/1410
f 305/1839 650/1838 647/1451
f 447/1224 650/1223 649/1845
f 448/668 651/1453 182/686
f 447/1224 546/1408 651/1453
f 549/1461 652/1455 450/1459
f 548/1454 203/1686 652/1455
f 822/1008 653/1234 309/1009
f 1054/1846 653/1847 550/1848
f 654/187 379/186 1054/719
f 552/1220 188/1692 654/1218
f 815/1849 756/1850 376/1851
f 714/802 715/1210 553/803
f 767/1852 656/1469 264/1211
f 762/1853 819/1854 767/1855
f 819/1856 454/1472 656/1469
f 765/1857 657/1858 763/1859
f 316/771 554/180 658/772
f 554/180 717/1694 866/1860
f 15/1238 718/1476 457/1236
f 383/1861 1157/1862 661/1863
f 721/837 720/1864 383/838
f 1697/1865 1696/1866 1473/1867
f 383/1861 661/1863 659/809
f 661/1868 660/1869 1696/1870
f 1699/1871 1696/1872 1587/1873
f 1825/1874 662/1875 1699/1876
f 478/874 663/873 324/1477
f 458/872 557/1240 663/873
f 317/1695 664/1697 557/1240
f 664/1057 662/1877 1861/1533
f 719/1878 560/1483 20/1485
f 560/909 768/1879 665/907
f 1095/1494 1547/1249 1307/1495
f 1547/1880 1425/1881 1423/1882
f 1551/1883 668/1884 669/1885
f 561/1488 667/1487 670/1886
f 1152/1887 720/1888 668/1889
f 669/1482 670/1886 667/1480
f 1424/844 1552/843 384/1890
f 670/1886 669/1482 668/1884
f 670/1886 668/1884 720/1888
f 670/1886 459/1701 561/1488
f 672/1706 671/858 461/833
f 1297/805 671/807 563/1891
f 722/1489 22/1892 23/1034
f 671/858 672/1706 563/1891
f 1096/1499 673/1578 507/1773
f 463/851 564/853 673/1893
f 462/811 562/1894 674/812
f 24/1031 724/1030 562/1033
f 2081/1275 675/1511 395/1276
f 675/1895 235/1281 2303/1280
f 472/1521 726/1520 322/841
f 676/1712 322/1714 726/1518
f 889/1718 1215/1717 868/1896
f 677/1897 320/1898 729/1899
f 572/1267 677/1719 678/987
f 678/987 677/1719 729/1050
f 576/731 580/730 733/1733
f 730/779 679/778 278/1900
f 401/397 579/1296 680/1736
f 679/1724 680/777 579/1296
f 578/1901 830/1902 784/1903
f 772/1904 775/1905 774/1906
f 682/1741 402/794 1159/1742
f 583/1299 682/1535 582/1153
f 338/1089 683/1723 580/730
f 734/1749 683/1748 586/1745
f 342/1907 685/1908 735/1909
f 589/1100 409/337 684/1750
f 342/1326 1108/268 685/1908
f 1672/1910 2271/1911 1671/1912
f 735/1751 589/382 684/1750
f 685/1913 341/1105 686/1104
f 1056/1550 687/1549 410/1547
f 687/1548 592/1551 1316/1756
f 1303/1914 347/1915 1059/1916
f 872/1917 344/689 787/688
f 1112/1769 602/560 414/1343
f 603/998 689/561 506/1770
f 1113/1918 506/1919 1112/1920
f 690/1345 739/1921 1113/1346
f 159/284 691/283 158/1353
f 607/1592 691/1776 608/1593
f 1065/1922 536/592 1074/654
f 1066/1923 1069/1654 692/1653
f 427/532 425/534 742/1798
f 693/1801 619/1388 695/1799
f 743/1924 694/1925 742/1926
f 744/1156 694/1387 289/1927
f 619/1388 1125/1928 695/1799
f 695/1625 1125/1928 1126/1626
f 748/1929 621/1930 790/1931
f 748/1929 696/1932 621/1930
f 749/1933 546/1408 447/1224
f 697/1410 749/1679 698/1411
f 1188/1934 885/1935 886/1936
f 436/1409 698/1411 810/1937
f 810/1937 845/1938 436/1409
f 531/1191 628/363 699/1192
f 2439/1939 2436/1940 1087/1941
f 370/1652 853/1651 1211/1942
f 752/1414 535/615 172/1415
f 751/1943 812/1201 850/1413
f 535/637 702/636 171/616
f 634/655 702/1656 635/1817
f 208/1428 753/1662 539/1426
f 443/1944 999/1945 705/1946
f 997/1947 998/1948 542/1949
f 1161/1950 704/1951 1163/1952
f 443/1944 705/1946 703/951
f 704/1951 1161/1950 1162/1953
f 1518/1954 1477/1955 1517/1956
f 814/1957 1212/1958 862/1959
f 708/1664 707/1460 450/748
f 707/1960 639/1961 815/1962
f 205/1963 708/1664 204/750
f 707/1960 708/1664 639/1961
f 710/1822 709/1824 638/1429
f 754/1456 709/1964 639/1457
f 371/1663 710/1822 638/1429
f 710/1233 706/1232 756/1965
f 566/542 711/1710 213/543
f 711/1506 466/915 977/1504
f 712/1829 442/1828 1006/1443
f 541/329 642/331 712/1829
f 1242/1966 1241/1967 1232/1968
f 713/1969 881/1970 759/1971
f 547/1684 714/1693 306/754
f 715/1210 714/802 655/1683
f 859/1972 860/1973 858/1974
f 1214/1975 1244/1976 1249/1977
f 767/1852 264/1211 1385/1978
f 716/1979 1245/1980 1296/1981
f 454/1472 819/1856 763/1982
f 717/1694 657/1983 866/1860
f 558/1242 718/1699 16/1243
f 718/836 459/1701 721/837
f 20/1485 21/1984 719/1878
f 461/833 719/1878 21/834
f 668/1889 1553/1985 1152/1887
f 383/838 720/1864 1157/1862
f 459/1701 670/1886 721/837
f 720/1864 721/837 670/1886
f 722/1253 562/1033 462/1705
f 22/1892 722/1489 672/1706
f 27/821 723/1708 26/828
f 673/1496 564/853 723/1708
f 725/1704 24/1031 25/1256
f 674/812 562/1894 724/1030
f 564/827 674/852 725/1704
f 724/1030 725/1029 674/812
f 2078/1986 728/1987 1280/1988
f 1856/1989 1725/1990 2079/1991
f 268/1992 1585/1993 1700/1994
f 1714/1995 1723/1996 1709/1997
f 1279/1047 472/1516 271/1048
f 2068/1998 727/1999 1836/2000
f 975/1263 729/1503 320/1898
f 729/1503 387/1265 465/988
f 730/1738 278/1900 731/1739
f 680/777 730/779 335/401
f 278/1900 679/778 773/1726
f 1290/2001 780/2002 1041/2003
f 578/1901 828/1730 830/1902
f 732/1735 681/265 733/1733
f 772/1904 774/1906 776/2004
f 576/731 733/1733 773/1726
f 781/756 586/1745 279/757
f 734/2005 248/2006 782/2007
f 342/923 735/1909 684/1750
f 685/1908 686/1104 735/1909
f 737/1568 736/1567 597/353
f 736/1334 688/1566 738/1131
f 416/175 737/1757 597/1579
f 737/1757 347/1135 1303/1914
f 871/2008 738/1131 688/1566
f 412/1117 738/1131 787/2009
f 1113/1918 739/1921 506/1919
f 740/1575 739/1574 690/1345
f 415/1571 740/1573 690/1345
f 604/1576 740/1575 507/1773
f 536/592 741/1424 614/1372
f 1073/323 692/1425 1072/324
f 743/1924 742/1926 353/578
f 693/1623 742/1798 694/1387
f 743/1924 353/578 1062/1385
f 289/1927 694/1387 743/1924
f 289/1927 834/2010 744/1156
f 354/2011 1125/2012 789/2013
f 693/1801 745/1800 526/549
f 1129/1624 745/1800 695/1625
f 433/942 434/1400 747/1803
f 621/1930 696/1932 746/943
f 794/450 747/1393 229/1804
f 746/943 747/1803 798/2014
f 790/1931 877/458 748/1929
f 1175/2015 1366/2016 1176/2017
f 546/1408 749/1933 697/1680
f 649/1677 749/1679 447/1224
f 1183/2018 1186/2019 1189/2020
f 300/1196 843/2021 1180/1197
f 811/1645 534/630 437/1633
f 751/1943 700/2022 812/1201
f 630/1648 752/1647 173/1646
f 535/1806 752/1414 701/1807
f 644/932 753/1832 209/1672
f 1160/1669 753/953 542/1831
f 754/1230 540/442 709/1964
f 708/1664 205/1963 754/1456
f 1161/2023 755/1818 371/1820
f 1166/2024 755/2025 1333/2026
f 860/2027 756/2028 1383/2029
f 376/1687 707/1460 815/1849
f 758/1840 757/1842 645/1834
f 757/195 713/1841 759/196
f 645/1834 646/1448 760/1835
f 758/2030 263/2031 1388/2032
f 1229/2033 1231/2034 817/2035
f 816/194 888/1844 305/2036
f 452/718 1051/720 1052/1689
f 758/1833 760/1835 1292/2037
f 715/1210 655/1683 858/334
f 813/2038 1166/2039 1384/2040
f 1168/2041 1347/2042 1167/2043
f 717/1694 763/1859 657/1983
f 454/1472 763/1982 717/1694
f 1347/946 764/2044 765/947
f 550/2045 822/2046 867/2047
f 766/1462 820/1464 765/2048
f 762/945 765/947 763/1859
f 765/947 764/2044 766/1462
f 822/2049 766/1462 764/2044
f 766/1462 822/2049 824/1010
f 1386/2050 1385/2051 861/2052
f 1167/2053 767/2054 716/2055
f 665/907 768/1879 666/1491
f 560/909 719/1878 768/1879
f 769/859 385/806 1307/2056
f 719/1878 461/833 769/1490
f 1850/2057 1723/2058 1851/2059
f 1215/2060 825/2061 827/2062
f 726/1518 728/2063 771/817
f 2068/2064 771/817 728/2063
f 1938/2065 2224/2066 2225/2067
f 278/1900 773/1726 775/2068
f 774/2069 773/1726 733/1733
f 773/1726 774/2069 775/2068
f 733/1733 681/265 774/2069
f 2225/2070 1749/2071 247/2072
f 775/629 772/1904 779/627
f 775/629 780/628 1169/2073
f 774/2069 681/265 776/2004
f 831/2074 681/2075 785/2076
f 1954/2077 1946/2078 1952/2079
f 253/2080 899/1147 903/1146
f 1624/2081 2224/2082 1630/2083
f 731/1739 278/1900 1169/2084
f 772/2085 1749/2086 1748/2087
f 779/627 778/2088 780/628
f 1050/2089 1043/2090 1048/2091
f 1039/996 1041/995 1042/2092
f 484/247 965/735 279/248
f 248/2006 734/2005 781/1746
f 1273/2093 1274/2094 1272/2095
f 681/2075 784/267 785/2076
f 248/2006 869/2096 782/2007
f 1607/2097 1597/2098 1605/2099
f 578/1728 784/1903 732/1735
f 784/267 783/2100 785/2076
f 1610/2101 1608/2102 1596/2103
f 1609/2104 1608/2105 1607/2106
f 1534/2107 1538/1134 1535/1133
f 1537/2108 2024/2109 1800/2110
f 787/2009 738/1131 871/2008
f 1173/2111 872/2112 832/2113
f 1061/483 1506/2114 1226/484
f 1142/2115 1132/2116 284/2117
f 835/2118 744/1156 834/2010
f 835/2119 789/2120 836/2121
f 793/2122 790/1931 621/1930
f 795/2123 793/2124 796/2125
f 793/2122 621/1930 798/2126
f 799/650 255/649 800/620
f 255/2127 806/2128 839/2129
f 910/2130 897/2131 907/2132
f 621/1930 746/943 798/2126
f 796/2125 793/2124 791/2133
f 229/1804 925/2134 797/451
f 793/2124 794/450 791/2133
f 793/2122 795/2123 790/1931
f 877/2135 1174/2136 842/2137
f 796/2125 791/2133 799/619
f 795/2123 796/2125 792/2138
f 1171/2139 797/451 925/2134
f 298/383 290/437 803/350
f 747/1393 794/450 798/2014
f 793/2124 798/2126 794/450
f 803/2140 799/619 791/2133
f 799/619 803/2140 804/648
f 255/2141 805/453 807/452
f 796/2125 800/620 792/2138
f 893/2142 841/2143 287/2144
f 1499/2145 1363/2146 1364/2147
f 255/649 802/662 800/620
f 838/2148 874/2149 907/2150
f 791/449 797/451 803/2140
f 803/2140 797/451 1171/2139
f 290/437 356/439 804/352
f 805/453 356/1165 291/454
f 255/2141 804/648 805/453
f 356/439 805/453 804/352
f 808/600 807/1145 291/454
f 801/2151 910/2152 839/2153
f 808/600 291/454 358/473
f 255/2127 807/452 806/2128
f 840/474 358/473 350/478
f 840/474 875/2154 808/472
f 795/2155 838/2156 1350/2157
f 1365/2158 1367/2159 1368/2160
f 885/1935 649/2161 886/1936
f 750/673 1180/1197 843/674
f 437/1633 847/2162 811/1645
f 369/2163 2500/2164 2504/2165
f 812/1201 700/2022 879/2166
f 438/1808 701/1807 852/2167
f 371/1663 813/1819 710/1822
f 1166/2024 813/2038 755/2025
f 814/1957 1213/2168 1212/1958
f 715/1210 880/2169 264/1211
f 709/1824 815/1823 639/1457
f 710/1822 756/1965 815/1823
f 647/1451 816/1843 305/1839
f 757/195 816/194 648/205
f 1377/2170 1375/2171 1379/2172
f 1181/2173 1195/2174 1207/2175
f 882/2176 1251/2177 865/2178
f 883/2179 1196/2180 1194/2181
f 767/1855 819/1854 656/1469
f 763/1982 819/1856 762/945
f 821/1466 820/1465 233/1463
f 765/2048 820/1464 657/1858
f 313/1012 821/1014 233/409
f 267/1013 658/772 866/1473
f 867/2047 822/2046 764/2044
f 550/1848 653/1847 822/2046
f 308/737 823/746 265/738
f 233/1463 766/1462 823/2182
f 265/738 823/746 824/1010
f 766/1462 824/1010 823/2182
f 827/2062 825/2061 770/931
f 676/1712 825/818 571/1715
f 1719/2183 827/2184 2067/2185
f 889/2186 320/1898 677/1897
f 2066/2187 1719/2188 2075/2189
f 827/2062 826/2190 1215/2060
f 683/1748 828/1747 578/1728
f 734/2005 782/2007 828/1747
f 1598/2191 1597/2192 1741/2193
f 782/1731 890/2194 830/1732
f 890/2194 782/1731 869/2096
f 784/1903 830/1902 783/2100
f 681/265 831/2074 776/2004
f 1596/767 831/223 785/2076
f 1303/1914 688/1566 737/1757
f 1349/2195 1173/2111 832/2113
f 1027/2196 1527/2197 1284/2198
f 344/2199 1025/2200 1023/2201
f 834/2010 289/1927 1219/2202
f 834/2010 788/2203 835/2118
f 873/2204 892/2205 1216/2206
f 835/2118 788/2203 892/2207
f 835/2119 836/2121 744/1156
f 1125/2012 836/2121 789/2013
f 904/2208 895/2209 876/2210
f 897/2211 801/2212 895/2213
f 795/2123 792/2138 838/2156
f 802/662 874/2214 792/663
f 255/649 839/2129 802/662
f 841/601 839/2129 806/602
f 1060/2215 840/474 350/478
f 840/474 1060/2215 875/2154
f 287/2144 898/2216 893/2142
f 839/2129 841/601 801/2151
f 877/2135 1350/423 1174/2136
f 1177/2217 842/2218 1178/2219
f 846/208 368/1631 626/206
f 750/673 845/675 810/575
f 436/1409 844/1190 699/1681
f 844/207 843/2220 846/208
f 843/2220 844/207 845/675
f 436/1409 845/1938 844/1190
f 300/1196 2498/2221 843/2021
f 2498/2222 2496/2223 2497/2224
f 878/660 1228/659 533/1642
f 2504/2165 847/1193 369/2163
f 368/1631 2988/1805 625/520
f 2513/2225 2432/2226 2415/2227
f 1228/2228 847/2162 437/1633
f 2496/2229 2588/2230 848/2231
f 701/1649 630/1648 850/2232
f 751/631 850/1413 630/632
f 2405/2233 261/2234 2013/2235
f 1088/2236 1089/2237 1093/2238
f 850/1413 852/1200 701/1649
f 812/1201 879/2166 1211/1199
f 855/1657 853/1659 856/1650
f 438/1658 852/2167 853/1659
f 1085/1422 1078/1421 1079/2239
f 1064/2240 1063/587 537/586
f 857/1417 855/1419 854/2241
f 635/638 438/1808 855/1419
f 856/1650 370/1652 1079/2242
f 854/2241 855/1419 856/1650
f 857/1417 854/2241 1064/2243
f 635/1817 857/1417 537/1812
f 655/1683 859/1972 858/334
f 859/1972 756/2028 860/1973
f 859/1972 655/1683 449/166
f 756/1850 859/1972 376/1851
f 1383/2029 756/2028 706/1232
f 814/2244 858/1974 860/1973
f 1212/1958 861/2245 862/1959
f 1214/2246 1385/2051 1386/2050
f 814/1957 862/1959 858/1974
f 880/2247 862/1959 861/2245
f 1231/2248 1230/2249 1235/2250
f 863/2251 883/2252 882/2253
f 864/2254 887/2255 885/2256
f 649/1677 885/1935 698/1678
f 759/1971 881/1970 882/2257
f 818/2258 1187/2259 1188/2260
f 866/1860 658/772 554/180
f 657/1467 821/1466 866/1860
f 867/2047 764/2044 1347/946
f 867/2261 451/2262 1291/2263
f 981/2264 982/2265 270/2266
f 984/2267 980/2268 981/2269
f 955/2270 963/2271 948/2272
f 830/1902 870/2273 783/2100
f 960/2274 891/2275 869/2276
f 1266/2277 1599/2278 1600/2279
f 1305/2280 688/1566 1303/1914
f 787/2009 871/2008 832/2281
f 832/2281 872/2112 787/2009
f 1025/2282 872/2283 833/2284
f 1465/2285 1148/2286 1462/2287
f 1132/2288 1127/633 1135/635
f 802/662 839/2129 910/2152
f 838/2148 792/2138 874/2149
f 287/2144 841/2143 875/2289
f 808/472 875/2154 841/601
f 904/2290 905/2291 1614/2292
f 893/2142 895/2293 841/2143
f 877/458 228/424 1350/423
f 1177/2217 877/2135 842/2218
f 2988/2294 878/1641 530/1640
f 848/658 849/2295 1228/659
f 2439/2296 879/2166 700/2022
f 1211/1199 879/2166 851/2297
f 862/1959 880/2247 715/333
f 1385/2051 880/2247 861/2052
f 881/1970 713/1969 1232/2298
f 882/2253 881/1970 863/2251
f 863/2251 1229/2299 883/2252
f 882/2176 865/2178 888/2300
f 1191/2301 1181/2302 1189/2303
f 1251/2304 883/2179 1194/2181
f 887/2305 810/1937 698/1411
f 1186/2306 884/2307 864/2308
f 650/1223 886/1837 649/1845
f 887/2255 864/2254 884/2307
f 888/1844 886/1837 305/2036
f 886/1936 865/2309 1188/1934
f 810/1937 887/2305 884/573
f 698/1411 885/1935 887/2305
f 882/2176 888/2300 759/1971
f 886/1936 888/1844 865/2309
f 571/1715 889/1718 677/1719
f 980/2310 889/1718 868/1896
f 891/2275 890/2194 869/2276
f 830/1732 890/2194 870/2273
f 829/2311 963/2312 1266/2313
f 890/2194 891/2275 870/2273
f 1216/2206 892/2205 788/2203
f 892/2205 873/2204 1146/2314
f 893/1786 898/2216 894/1787
f 895/2209 893/2142 876/2210
f 902/1615 900/1614 901/2315
f 905/2316 899/1147 253/2080
f 904/2208 897/2211 895/2209
f 841/2143 895/2293 801/2151
f 1616/2317 1611/2318 1617/2319
f 1360/2320 1354/2321 1359/2322
f 896/2323 906/2324 897/2325
f 906/2324 907/2132 897/2325
f 1060/525 898/524 287/2144
f 616/523 894/1787 898/524
f 876/1788 894/1787 899/2326
f 901/1148 899/1147 894/1787
f 902/1615 901/2315 894/1787
f 914/2327 1044/2328 909/2329
f 902/1615 894/1787 616/523
f 901/2315 900/1614 903/1146
f 616/523 351/1609 902/1615
f 351/1785 911/2330 908/1616
f 914/2327 909/2329 913/2331
f 900/1614 913/2332 903/1146
f 876/1788 899/2326 905/2316
f 896/2323 897/2325 904/2208
f 905/2316 253/2080 1614/2292
f 876/1788 905/2316 904/2208
f 1358/2333 896/2334 1618/2335
f 907/2132 906/2324 837/2336
f 907/2132 837/2336 1351/2337
f 802/662 910/2152 874/2214
f 912/479 908/1616 911/480
f 912/479 914/2338 908/1616
f 1046/2339 909/2329 1044/2328
f 1616/2317 1620/2340 1611/2318
f 897/2211 910/2130 801/2212
f 874/2214 910/2152 907/2150
f 1252/1378 351/1609 519/1379
f 423/1612 522/1377 911/480
f 1039/1613 912/1077 522/1377
f 914/2338 912/479 288/1076
f 914/2327 913/2331 900/1614
f 913/2331 909/2329 1485/2341
f 908/1616 914/2338 900/1614
f 914/2338 288/1076 1044/2328
f 136/256 915/255 243/161
f 915/234 137/257 334/993
f 245/2342 931/2343 941/2344
f 479/966 916/201 398/245
f 937/2345 931/2346 917/2347
f 918/259 917/2348 245/260
f 246/261 277/427 918/259
f 917/2348 918/259 277/963
f 313/411 919/410 266/563
f 823/2182 919/723 233/1463
f 1254/509 1372/2349 920/510
f 1258/1794 360/1793 617/1620
f 41/539 42/2350 921/540
f 1259/2351 921/540 42/2350
f 922/297 257/584 1366/2352
f 1366/2353 1367/2354 1369/2355
f 359/506 43/505 924/1173
f 1262/611 362/610 1260/296
f 924/609 44/1175 431/502
f 924/2356 923/2357 1261/2358
f 925/2134 259/279 1171/2139
f 432/515 925/514 229/1395
f 974/276 1277/1101 973/2359
f 926/275 249/274 927/264
f 1522/2360 249/2361 1523/2362
f 245/260 917/2348 931/2343
f 489/770 928/769 280/182
f 926/211 927/264 928/769
f 943/2363 962/2364 963/2365
f 942/2366 941/2344 931/2343
f 927/183 935/2367 934/184
f 945/2368 941/2369 936/2370
f 937/2345 917/2347 276/964
f 931/2343 930/2371 942/2366
f 937/2345 930/2371 931/2346
f 276/744 333/743 932/1066
f 961/2372 1390/2373 951/2374
f 934/184 935/2367 930/2375
f 927/183 938/263 935/2367
f 932/1066 934/184 930/2375
f 933/2376 939/2377 935/2378
f 1263/2379 936/2380 942/2381
f 1263/2382 935/2378 939/2377
f 939/2377 940/2383 1263/2382
f 276/964 932/1066 937/2345
f 930/2371 937/2345 932/1066
f 1522/2360 938/263 249/2361
f 935/2367 938/263 933/2376
f 1392/2384 939/2377 933/2376
f 939/2377 929/1069 940/2383
f 943/2363 947/2385 962/2364
f 940/2386 959/2387 936/2388
f 936/2370 949/2389 945/2368
f 246/200 946/747 916/201
f 930/2375 935/2367 1263/2382
f 941/2369 942/2366 936/2370
f 960/2274 829/2390 891/2275
f 331/2391 945/2368 949/2389
f 944/2392 936/2388 959/2387
f 944/2392 959/2387 952/1088
f 331/1308 950/1310 945/2368
f 945/883 950/1310 916/884
f 245/2342 941/2344 946/747
f 945/2368 946/882 941/2369
f 961/2393 947/1070 929/1069
f 947/2385 943/2363 952/2394
f 960/2274 869/2276 1274/2395
f 964/2396 337/2397 957/2398
f 936/2388 944/2392 949/2389
f 331/2391 949/2389 944/2392
f 956/1288 967/1287 331/2399
f 916/201 950/1310 398/245
f 1522/2400 1390/2401 1392/2402
f 963/2312 829/2311 960/2274
f 954/2403 952/2394 943/2363
f 952/2394 954/2403 956/1086
f 955/2404 1276/2405 954/2406
f 957/1289 956/1288 953/2407
f 955/2404 954/2406 943/2363
f 956/1288 954/2403 953/2407
f 963/2271 955/2270 943/2363
f 948/2408 1273/2409 1276/2410
f 953/2407 964/2396 957/1289
f 944/2392 956/1086 331/2391
f 337/2397 966/2411 957/2398
f 958/1309 398/245 950/1310
f 970/2412 957/2398 966/2411
f 968/244 275/967 479/1534
f 940/2386 947/1070 959/2387
f 952/2394 959/2387 947/2385
f 1274/2395 869/2276 248/2006
f 963/2271 960/2274 948/2272
f 1390/2373 961/2372 929/1069
f 962/2413 961/2372 951/2374
f 961/2393 962/2413 947/1070
f 1265/2414 951/2415 225/2416
f 962/2364 1265/2417 963/2365
f 963/2365 1265/2417 1266/2313
f 948/2408 1274/2094 1273/2409
f 1272/2418 248/2006 781/1746
f 964/2396 1275/2419 337/2397
f 1275/2420 953/2421 1276/2422
f 966/238 337/2397 584/239
f 966/2411 404/1537 970/2412
f 957/1289 958/2423 967/1287
f 331/1308 967/1287 958/1309
f 958/243 970/2424 968/244
f 404/1537 487/1083 969/1538
f 971/1307 128/2425 129/258
f 969/899 968/898 970/2424
f 970/2424 958/243 957/2398
f 969/899 970/2424 404/1537
f 968/244 971/900 275/967
f 128/1085 971/1307 969/1538
f 341/1105 685/1913 1781/2426
f 1268/2427 2020/2428 2019/2429
f 1264/2430 1522/2431 1393/2432
f 1523/2362 249/2361 974/276
f 1277/1101 926/275 281/703
f 1523/2362 974/276 973/2359
f 978/1439 975/1263 320/1440
f 977/1504 442/1828 642/1505
f 984/2433 976/2434 978/2435
f 979/2436 987/1442 442/1441
f 466/915 975/1263 977/1504
f 977/1504 975/1263 978/1038
f 320/1440 889/2186 980/1438
f 978/2435 976/2434 979/1039
f 988/2437 987/1442 979/2436
f 442/1441 977/1504 979/2436
f 981/2269 980/2268 868/1896
f 978/1439 980/1438 984/2433
f 982/2265 981/2264 868/1896
f 981/2264 270/2266 985/2438
f 1215/1717 982/2265 868/1896
f 982/2439 826/2440 2065/2441
f 1835/2442 2298/2443 2065/2444
f 1344/2445 1007/2446 1397/2447
f 985/2438 984/2267 981/2264
f 989/2448 984/2449 983/2450
f 270/2451 2298/2452 2071/2453
f 984/2449 985/2438 983/2450
f 989/2454 988/2455 976/2456
f 989/2457 992/2458 1012/2459
f 988/2437 979/2436 976/2456
f 986/830 1010/2460 993/831
f 976/2456 984/2433 989/2454
f 986/830 987/832 988/2437
f 989/2457 983/2450 992/2458
f 988/2455 989/2454 1012/2459
f 992/2461 2070/2462 991/2463
f 2095/2464 1876/2465 2092/2466
f 2071/2453 2298/2452 2069/2467
f 1011/2468 1016/846 1014/845
f 985/2438 2071/2469 983/2450
f 991/2470 1017/2471 1012/2472
f 303/2473 994/2474 993/2475
f 994/1435 372/1444 996/2476
f 994/2474 303/2473 1005/1436
f 372/948 640/950 996/2476
f 1004/2477 1003/2478 1009/2479
f 998/2480 999/1945 443/1944
f 996/1825 541/1827 712/1829
f 993/1214 994/2474 996/1212
f 998/1948 997/1947 995/2481
f 643/934 997/1437 542/1831
f 999/1216 998/2480 995/1217
f 998/2480 443/1944 1160/2482
f 1002/1215 1001/388 999/1216
f 999/1945 704/386 705/1946
f 1002/1215 995/1217 1003/2483
f 1478/2484 1335/2485 1592/2486
f 1334/2487 302/2488 1333/2489
f 1334/2490 1161/1950 1163/1952
f 995/1217 1005/2491 1003/2483
f 1165/2492 1004/2493 1000/2494
f 1003/2495 303/2496 1008/2497
f 1008/2497 1009/2479 1003/2495
f 1001/388 1002/1215 1004/2498
f 1003/2478 1004/2477 1002/1215
f 1003/2495 1005/2491 303/2496
f 997/1947 1005/1436 995/2481
f 993/1214 1006/1213 987/832
f 712/1829 1006/1443 996/1825
f 1010/2499 1008/2497 303/2496
f 986/830 1013/2500 1010/2460
f 303/2473 993/2475 1010/2499
f 1004/2477 1009/2479 1000/2494
f 1007/2446 1344/2445 1008/2501
f 1341/2502 1346/2503 1343/2504
f 1012/2459 986/830 988/2455
f 1008/2497 1010/2499 1014/2505
f 1017/2506 990/2507 1015/2508
f 1013/2500 1014/2505 1010/2460
f 991/2470 1012/2472 992/2461
f 1012/2509 1011/2510 1013/2511
f 1012/2459 1013/2511 986/830
f 1014/2505 1013/2500 1011/2468
f 1015/2508 1016/2512 1017/2506
f 1014/2505 1007/2446 1008/2497
f 1394/526 1015/528 990/2507
f 1395/527 1396/2513 1015/528
f 1016/846 1011/2468 1017/2506
f 1016/846 1015/2508 1396/847
f 1012/2509 1017/2471 1011/2510
f 991/2470 990/2507 1017/2471
f 2084/2514 2080/2515 2082/2516
f 1279/1047 1280/1519 472/1516
f 1019/1103 341/1105 1780/2517
f 408/711 494/706 1019/709
f 1024/2518 1022/2519 1023/2520
f 1023/2520 1028/800 1024/2518
f 787/2009 1021/687 412/1117
f 1022/367 1021/366 344/689
f 1022/2519 344/689 1023/2520
f 500/1562 1022/367 411/1558
f 344/2199 872/1917 1025/2200
f 1028/800 343/1327 1020/798
f 1024/799 1020/798 1281/2521
f 1022/367 1024/2518 411/1558
f 1027/2522 1025/2282 833/2284
f 1028/2523 1029/2524 1026/2525
f 1023/2520 1029/2524 1028/800
f 2654/2526 1057/2527 1299/2528
f 833/2284 1282/2529 1027/2522
f 1793/2530 1799/2531 1794/2532
f 1029/2524 1023/2520 1025/2200
f 1028/2523 1026/2525 2667/2533
f 1284/2198 1025/2282 1027/2196
f 1029/2534 1284/2535 2668/2536
f 419/292 514/294 1033/1141
f 1285/2537 1030/2538 1288/2539
f 1288/2540 1031/1364 1287/1590
f 2045/2541 1289/2542 2046/2543
f 420/2544 1073/2545 1076/2546
f 1032/311 349/2547 1033/1141
f 1807/2548 1817/2549 1808/2550
f 1034/389 1030/391 1285/1360
f 419/292 1033/1141 1034/1362
f 1035/2551 1037/2552 1036/2553
f 1035/2554 1807/2555 1809/2556
f 1036/1367 1037/2552 1034/1368
f 1033/1141 349/2547 1036/1367
f 1036/1367 349/2547 1810/2557
f 1815/2558 1037/2552 1035/2551
f 1037/2552 1815/2558 1038/2559
f 1038/2560 348/2561 1288/2562
f 1030/391 1037/390 1038/2559
f 352/1300 1040/997 1039/1613
f 1040/1151 582/1153 1290/2563
f 583/1152 1040/1151 352/1300
f 582/1153 731/2564 1290/2563
f 1041/2565 1048/2091 1043/2090
f 1039/1078 1042/2092 288/1076
f 1041/995 1043/2090 1042/2092
f 1043/2566 1049/2567 1047/2568
f 1041/2565 780/2002 1048/2091
f 1047/2569 1045/2570 1046/2571
f 288/1076 1042/2092 1044/2328
f 1047/2568 1042/2092 1043/2566
f 1627/2572 1626/2573 1751/2574
f 1484/2575 1488/2576 1746/2577
f 1047/2569 1046/2571 1044/2328
f 1487/2578 1046/2571 1045/2570
f 1042/2092 1047/2568 1044/2328
f 1043/2566 777/2579 1049/2567
f 780/2002 778/2088 1048/2091
f 1050/2089 1048/2091 778/2088
f 1049/2567 777/2579 1492/2580
f 1045/2570 1047/2569 1049/2567
f 778/2088 779/627 1748/2581
f 1043/2090 1050/2089 777/2579
f 1053/570 263/2582 1292/571
f 304/1673 1052/2583 760/1674
f 1052/2583 304/1673 551/1690
f 1051/720 1293/2584 1052/1689
f 1293/2584 1053/570 1052/1689
f 451/2585 1294/2586 1293/2587
f 653/1234 1054/1846 379/535
f 1054/1846 550/1848 1291/1688
f 1104/2588 462/811 1105/813
f 1106/2589 1311/2590 1107/2591
f 1056/1550 410/1547 1281/369
f 343/1755 592/1111 1056/1328
f 1026/2525 2666/2592 2667/2533
f 2266/2593 2014/2594 2270/2595
f 599/1629 1128/1760 598/1392
f 1317/2596 1117/2597 1123/2598
f 1304/598 285/597 1798/2599
f 610/1775 1059/1783 347/1135
f 1060/525 287/2144 875/2154
f 422/477 1060/525 350/478
f 1498/2600 1179/2601 1362/2602
f 1226/2603 1223/2604 1219/2605
f 617/1620 1062/1183 426/626
f 743/1796 1062/1385 618/1797
f 537/586 857/1417 1064/2240
f 1063/2606 439/2607 1065/2608
f 1064/2243 854/2241 1080/2609
f 439/2607 1063/2606 1064/2240
f 692/1425 536/1784 1066/1923
f 536/592 1065/1922 1066/1923
f 1070/2610 1065/2608 439/2607
f 1405/2611 1069/2612 1070/2613
f 1081/2614 1070/2610 439/2607
f 1409/2615 1420/941 1410/940
f 1070/2613 1069/2612 1066/1923
f 1817/2549 1679/2616 1808/2550
f 1066/1923 1065/1922 1070/2613
f 1072/1655 1069/1654 2034/2617
f 1078/2618 1077/2619 1081/2620
f 1306/2621 1405/2622 1081/2623
f 1816/2624 2032/2625 2033/2626
f 1032/311 1076/2627 349/2547
f 2034/2617 1069/1654 1068/2628
f 1076/2546 1073/2545 1071/325
f 420/608 516/1602 1073/2545
f 741/1424 1073/1423 516/1608
f 632/585 1063/587 1074/654
f 1065/2608 1074/654 1063/2606
f 1094/2629 1083/2630 1093/2631
f 1410/2632 1405/2622 1306/2621
f 420/310 1076/2546 1032/311
f 1076/2546 1071/325 1811/2633
f 1064/2243 1080/2609 439/2607
f 1407/2634 1406/2635 1306/2636
f 1079/2242 854/2241 856/1650
f 1078/1421 1080/2637 1079/2239
f 1084/2638 1079/2242 370/1652
f 1086/2639 1075/2640 1408/2641
f 1079/2239 1080/2637 854/2241
f 439/2607 1080/2609 1078/1421
f 1078/2618 1081/2620 439/2607
f 1081/2620 1077/2619 1407/2642
f 370/1652 1090/2643 1084/2638
f 1082/2644 1084/2645 1087/2646
f 1079/2239 1088/2647 1085/1422
f 1092/2648 1093/2238 1089/2237
f 370/1652 1211/1942 1090/2643
f 1088/2649 1084/2645 1082/2644
f 1088/2649 1079/2239 1084/2645
f 1086/1420 1085/1422 1083/2650
f 1075/2640 1086/2639 1083/2650
f 1078/1421 1086/1420 1077/2619
f 2439/2296 700/2022 2503/2651
f 2407/2652 2410/2653 2436/2654
f 1089/2237 1088/2236 1082/2644
f 1085/1422 1088/2647 1083/2650
f 1082/2655 2410/2656 2441/2657
f 301/2658 1092/2648 1089/2237
f 2439/2659 1090/2660 851/2661
f 1084/2638 1090/2643 1087/2646
f 1412/2662 1543/2663 1545/2664
f 1677/2665 1678/2666 1415/2667
f 2590/2668 301/2669 2509/2670
f 1093/2238 1092/2648 1091/2671
f 1094/2629 1093/2631 1091/2671
f 1088/2647 1093/2238 1083/2650
f 1421/2672 1091/2673 1416/2674
f 1083/2650 1094/2629 1075/2640
f 385/806 1297/805 1298/2675
f 1548/2676 1425/2677 1095/2678
f 740/1575 1096/1572 507/1773
f 415/1571 1098/1497 1096/1572
f 1101/2679 1689/2680 1098/2681
f 1433/2682 1820/2683 1819/2684
f 1101/2679 1098/2681 415/1571
f 1100/1498 1098/1497 1097/2685
f 690/1345 1115/1344 1118/2686
f 1555/2687 1554/2688 1556/2689
f 1102/1350 1100/1349 1097/2685
f 1100/1349 463/1348 673/1578
f 690/1345 1118/2686 415/1571
f 1101/1122 1099/1121 1689/2680
f 1430/2690 1435/2691 1432/2692
f 1102/1350 386/2693 1103/1709
f 1103/1709 386/2693 1104/2694
f 463/1348 1103/1709 674/852
f 1104/2694 386/2693 1434/2695
f 1107/2591 1104/2696 1106/2589
f 674/812 1103/1709 1105/813
f 1104/2694 1105/813 1103/1709
f 1560/2697 1558/2698 1559/2699
f 1298/2700 1310/2701 319/2702
f 1107/2703 1055/2704 1297/2705
f 462/811 1104/2588 1107/1707
f 1109/1752 1110/2706 590/1753
f 2262/2707 1783/2708 282/2709
f 1316/2710 1109/1752 495/1754
f 1108/268 1111/270 282/2711
f 590/922 1110/2706 342/923
f 1111/270 1110/269 1109/1752
f 1300/2712 1111/270 1109/1752
f 2264/2713 2263/2714 2267/2715
f 1112/1920 414/1343 1113/1918
f 506/1770 689/561 1112/1920
f 1437/2716 1123/2717 601/2718
f 1115/2719 1122/2720 1121/2721
f 1114/2722 1119/2723 1121/2724
f 284/2725 1442/2726 1440/2727
f 1122/2720 1117/2728 1121/2721
f 1119/2729 1120/1767 1116/1766
f 415/1571 1116/1123 1101/2679
f 1119/2723 1115/2719 1121/2724
f 1123/2717 1437/2716 1317/2596
f 1141/2730 1443/2731 1442/2732
f 1119/2723 1118/2686 1115/2719
f 415/1571 1118/2686 1116/1123
f 1120/1767 1119/2729 1114/2722
f 1118/2686 1119/2723 1116/1123
f 1317/2733 1440/2734 1449/2735
f 1150/1127 1124/1129 1120/1767
f 1122/2720 1115/2719 1113/1346
f 1441/2736 1121/2721 1117/2728
f 1113/1346 414/1343 1122/2720
f 1123/2717 414/1343 601/2718
f 1117/2597 1122/2720 1123/2598
f 414/1343 1123/2717 1122/2720
f 346/2737 2062/2738 1555/2739
f 1116/1123 1124/1768 1099/1121
f 1125/1928 619/1388 836/2121
f 1126/1626 1125/1928 354/2011
f 354/2011 1130/1391 1126/1626
f 1129/1624 1126/1626 428/2740
f 1143/2741 1469/2742 1145/2743
f 1132/2116 1142/2115 1131/2744
f 1131/1160 1128/1159 1127/2745
f 345/1161 598/1392 1128/1159
f 527/1627 1129/1802 428/1628
f 1129/1624 620/232 745/1800
f 1469/2746 1134/2747 354/2748
f 2669/1759 1127/2745 1128/1760
f 1131/1160 1127/2745 1132/2116
f 1131/2749 1058/1763 1301/1765
f 1127/633 1130/2750 1134/634
f 1135/635 1138/2751 1132/2288
f 1145/2752 789/2120 835/2119
f 1132/2116 1139/2753 284/2117
f 354/2748 1134/2747 1130/1391
f 1134/634 1133/2754 1135/635
f 1138/2755 1328/2756 1137/2757
f 1327/2758 1470/2759 1328/2760
f 1148/2286 1465/2285 1467/2761
f 1462/2762 1463/2763 1323/2764
f 1140/2765 1141/2766 1320/2767
f 1138/2751 1139/2753 1132/2288
f 1328/2768 1135/635 1133/2754
f 1138/2751 1137/2757 1139/2753
f 1137/2769 1318/2770 1141/2771
f 1139/2753 1137/2757 1141/2771
f 1320/171 1322/170 1140/2765
f 1114/2772 1441/2773 1151/2774
f 1137/2769 1471/2775 1318/2770
f 1317/2733 1438/2776 1440/2734
f 1438/2777 1142/2115 284/2117
f 1131/2749 1142/2115 1058/1763
f 1145/2752 835/2119 1146/2778
f 1146/2779 1148/2780 1143/2781
f 2849/2782 2850/2783 1459/2784
f 1308/2785 1549/2786 1562/2787
f 835/2118 892/2207 1146/2778
f 1468/590 1469/589 1143/2741
f 873/2204 1216/2206 1464/2788
f 1143/2781 1145/2743 1146/2779
f 1222/2789 254/2790 1218/2791
f 1572/2792 1567/2793 1566/2794
f 1463/2795 1146/2314 873/2204
f 1466/2796 1327/2797 1465/2798
f 1151/2774 1120/1767 1114/2772
f 2048/2799 1822/2800 1455/2801
f 1151/2774 1150/1126 1120/1767
f 1150/1126 1149/1125 1824/825
f 1449/2735 1117/2597 1317/2733
f 1149/1125 1151/1124 1448/2802
f 1152/2803 318/2804 1158/2805
f 720/1888 1152/1887 1156/2806
f 1581/2807 1582/2808 1472/2809
f 1473/2810 1474/2811 1586/2812
f 1154/1246 1156/1245 1155/2813
f 1154/848 1155/2813 1330/849
f 2063/2814 1583/2815 1329/2816
f 1581/1026 1330/1028 1155/2813
f 1156/2806 1152/1887 1158/2805
f 1157/1247 1154/1246 660/2817
f 1157/1862 660/2817 661/1863
f 720/1888 1156/2806 1157/1862
f 1582/2818 1158/2805 318/2804
f 1156/2806 1158/2805 1155/2813
f 730/1738 1159/1737 335/401
f 1159/1737 731/1739 582/1740
f 998/2480 1160/2482 542/1949
f 703/951 1160/1669 443/1944
f 1162/1953 1161/1950 371/1820
f 1163/1952 704/1951 1001/388
f 637/1445 1162/936 371/1663
f 704/386 1162/1953 705/1946
f 1164/2819 1163/1952 1001/388
f 1334/2487 1164/2820 302/2488
f 1001/388 1165/2821 1164/2819
f 1164/2819 1165/2821 1337/2822
f 1004/2493 1165/2492 1001/388
f 1340/2823 1337/2824 1343/2825
f 1477/2826 1590/2827 1591/2828
f 1212/1958 1213/2168 1518/2829
f 1168/2041 1167/2043 716/2055
f 762/1853 767/1855 1167/2053
f 1245/1980 1248/2830 1296/1981
f 451/2262 867/2261 1168/2831
f 775/629 1169/2073 278/1900
f 1290/2001 1169/2073 780/2002
f 1989/2832 2000/2833 2003/2834
f 2182/2835 1745/2836 1482/2837
f 297/278 1171/639 259/279
f 803/2140 1171/2139 298/383
f 1173/2111 1349/2195 786/2838
f 1305/2280 871/2008 688/1566
f 1282/2839 1173/2111 786/2838
f 872/2112 1173/2111 833/2284
f 809/2840 842/2841 1352/2842
f 842/2841 1174/2136 1352/2842
f 1178/2219 1175/2843 1177/2217
f 1365/2158 1368/2160 1370/2844
f 696/1932 748/1929 1176/583
f 748/498 877/458 1177/499
f 1178/2219 842/2218 809/2840
f 1175/2015 1176/2017 1177/2217
f 1179/2845 1178/2219 809/2840
f 1179/2845 1508/2846 1178/2219
f 1352/2847 1356/2848 1355/2849
f 1506/2850 1504/2851 1217/2852
f 1183/2853 1180/1197 750/673
f 1180/1197 1185/2854 1184/1198
f 750/673 1186/2019 1183/2853
f 1194/2855 1197/2856 1192/2857
f 2011/2858 2405/2233 2013/2235
f 2418/2859 300/1196 1184/1198
f 750/673 884/573 1186/2019
f 1184/1198 1185/2854 1182/2860
f 1185/2854 1180/1197 1183/2853
f 2432/2226 2513/2225 2431/2861
f 1181/2862 1373/2863 1183/2864
f 1185/2854 1183/2853 1373/2863
f 864/2308 1187/2865 1186/2306
f 1183/2018 1189/2020 1181/2862
f 1188/2260 1187/2259 864/2308
f 1191/2301 1189/2303 1192/2866
f 1188/2260 864/2308 885/1935
f 1188/1934 865/2309 1251/2177
f 1186/2306 1187/2865 1192/2867
f 818/2868 1194/2855 1192/2857
f 1201/2869 1193/2870 1198/2871
f 1191/2301 1195/2174 1181/2302
f 1186/2019 1192/2867 1189/2020
f 1198/2872 1195/2174 1191/2301
f 1187/2259 818/2258 1192/2867
f 1251/2304 1194/2181 818/2868
f 1376/2873 1208/2874 1374/2875
f 1768/2876 1669/2877 1767/2878
f 1196/2180 883/2179 817/2879
f 1191/2880 1197/2881 1190/2882
f 1198/2872 1191/2301 1190/2882
f 1202/2883 1195/2884 1193/2885
f 1206/2886 1196/2180 817/2879
f 1197/2881 1203/2887 1190/2882
f 1192/2866 1197/2856 1191/2301
f 1203/2887 1197/2881 1194/2855
f 1210/2888 1204/2889 1208/2890
f 1193/2885 1195/2884 1198/2871
f 1515/2891 1514/2892 232/2893
f 1478/2894 1342/2895 1739/2896
f 1210/2897 1203/2898 1196/2899
f 1199/2900 1382/973 1379/975
f 1209/2901 1198/2872 1190/2882
f 1768/2902 1200/2903 1771/2904
f 1193/2905 1767/2906 1670/2907
f 1202/980 261/2908 1205/981
f 1194/2181 1196/2180 1203/2887
f 1210/2897 1196/2899 1206/2886
f 2670/2909 1239/2910 1206/2911
f 1374/2912 1377/2913 1200/2914
f 2495/2915 261/2234 2405/2233
f 1182/2860 1185/2854 1373/2863
f 1231/2248 1235/2250 2670/2916
f 1374/2875 1208/2874 1204/2889
f 1202/980 1207/982 1195/2884
f 1373/2917 1207/982 1205/981
f 1209/2901 1201/2869 1198/2872
f 1190/2882 1210/2918 1209/2901
f 1210/2897 1190/2882 1203/2898
f 1201/2869 1209/2901 1208/2919
f 1204/2889 1210/2888 1206/2886
f 1210/2918 1208/2890 1209/2901
f 1211/1199 851/2297 1090/2643
f 852/1200 1211/1199 853/1659
f 814/1957 1383/2920 1213/2168
f 1386/2921 1212/2922 761/2923
f 1384/2924 1213/2168 1383/2920
f 1384/2924 1590/2925 1213/2168
f 1247/2926 232/544 1238/546
f 1236/2927 1230/2928 1240/2929
f 1215/2060 571/1716 825/2061
f 982/2439 1215/1717 826/2440
f 1219/2202 788/2203 834/2010
f 1464/2788 1216/2206 254/2930
f 1179/2601 1498/2600 1500/2931
f 254/2930 1216/2206 1218/2791
f 1223/595 1216/594 788/2203
f 1061/2932 1257/2933 1505/2934
f 289/1927 1224/2935 1219/2202
f 1224/2935 1225/2936 1219/2202
f 1222/2937 1504/2938 1221/2939
f 809/2940 1355/2941 1362/2942
f 1639/2943 1648/2944 1645/2945
f 1462/2287 1147/2946 1465/2285
f 1504/2851 1218/2947 1217/2852
f 1325/2948 1222/2949 1649/2950
f 1218/596 1223/595 1217/2852
f 788/2203 1219/2202 1223/595
f 743/1924 1224/1795 289/1927
f 1224/2935 618/1797 1225/2936
f 618/1797 1227/2951 1225/2936
f 360/1790 1256/2952 1227/1791
f 1223/2604 1226/2603 1217/2852
f 1225/2936 1226/484 1219/2202
f 617/1184 1227/1791 618/1182
f 360/1793 1389/1792 1256/2952
f 847/1193 1228/2228 849/1194
f 533/1642 1228/659 437/1633
f 1234/2953 863/2954 1232/2955
f 817/2879 883/2179 1229/2033
f 1232/2298 863/2954 881/1970
f 1234/2956 1230/2249 1231/2248
f 1234/2953 1229/2299 863/2954
f 1236/2957 1233/2958 1235/2959
f 1242/2960 1388/2032 263/2031
f 1237/2961 1248/2830 1245/1980
f 1514/2962 1664/2963 1512/2964
f 1206/2886 1239/2910 1204/2889
f 1234/2953 1231/2248 1229/2299
f 1241/1967 1234/2953 1232/1968
f 1236/2957 1235/2959 1230/2928
f 1233/2965 1239/2910 2670/2909
f 1240/2929 1238/546 1236/2927
f 1236/545 232/544 1513/2966
f 1242/1966 1243/2967 1241/1967
f 1245/2968 1249/1977 1244/1976
f 1237/2969 1244/2970 1238/2971
f 1238/2971 1244/2970 1247/2926
f 2670/2909 1206/2911 817/2879
f 1512/2972 1511/2973 1233/2974
f 1241/2975 1240/2929 1230/2928
f 1237/2969 1238/2971 1240/2929
f 1234/2956 1241/1967 1230/2249
f 1388/2032 1242/2960 1232/1968
f 1295/2976 1250/2977 263/2978
f 1240/2929 1243/2979 1237/2969
f 1241/1967 1243/2967 1240/2929
f 1248/2980 1243/2967 1242/1966
f 1245/2968 1244/1976 1237/2961
f 1387/2981 1247/2982 1214/2983
f 1243/2967 1248/2980 1237/2969
f 1245/1980 716/1979 1249/1977
f 1246/2984 1247/2982 1387/2981
f 1517/2985 1516/2986 761/2987
f 1214/2983 1247/2982 1244/1976
f 232/544 1247/2926 1246/2984
f 1250/2988 1248/2980 1242/1966
f 1168/2989 1296/2990 1294/2991
f 716/1979 767/2054 1249/1977
f 1385/1978 1249/1977 767/1852
f 1242/2960 263/2031 1250/2988
f 1295/2976 263/2978 1053/570
f 1251/2304 818/2868 1188/1934
f 882/2253 883/2252 1251/2177
f 423/1612 911/480 1252/1378
f 351/1785 1252/1378 911/2330
f 244/218 1253/961 242/965
f 246/235 1253/202 224/462
f 1372/2349 1254/509 292/1189
f 1259/508 920/510 921/540
f 1371/2992 1370/2993 1372/2994
f 1225/485 1256/2995 1061/483
f 1227/1791 1256/2952 1225/2936
f 1255/1181 1370/2996 1257/1179
f 256/2997 1179/2601 1500/2931
f 1061/2932 1256/2995 1257/2933
f 921/1619 1258/1618 524/538
f 1389/1792 1258/1794 920/1617
f 42/507 359/506 1259/2351
f 1254/509 1259/508 359/1178
f 361/503 1260/1187 362/501
f 622/1398 1260/296 293/1186
f 924/2356 1261/2358 359/506
f 1371/487 1261/2358 923/488
f 1369/2355 922/297 1366/2353
f 924/609 1262/611 923/2357
f 936/2380 1263/2379 940/2386
f 930/2375 1263/2382 942/2366
f 1671/2998 973/2359 1277/1101
f 1742/2999 2521/3000 2520/3001
f 951/2374 1265/2414 962/2413
f 1266/2313 1265/2417 225/2416
f 1269/3002 1266/2313 225/2416
f 1603/3003 1601/3004 1602/3005
f 2275/3006 2020/3007 1784/3008
f 2017/3009 2021/3010 1785/3011
f 1269/3002 225/2416 1271/3012
f 1602/3013 1605/3014 1598/3015
f 1390/2373 1391/3016 951/2374
f 1599/2278 1598/3017 1600/2279
f 2017/3009 1785/3011 2022/3018
f 1269/3002 1271/3012 1268/3019
f 225/2416 951/2415 1391/3016
f 1268/3019 1271/3012 1270/716
f 781/756 965/755 1272/2418
f 1272/2095 965/755 1273/2093
f 1275/3020 1273/2093 965/755
f 1276/2405 953/2421 954/2406
f 960/2274 1274/2395 948/2272
f 1272/2418 1274/2094 248/2006
f 337/1743 1275/2419 965/735
f 953/2407 1275/2420 964/2396
f 948/2272 1276/2410 955/2270
f 1275/3020 1276/2422 1273/2093
f 492/412 1277/414 281/703
f 1671/2998 1277/1101 972/413
f 1866/3021 1849/3022 1848/3023
f 1732/3024 1594/3025 1737/3026
f 2365/1049 271/1048 469/984
f 1280/1519 1279/1047 1018/3027
f 1018/3028 2302/3029 2078/3030
f 1280/1988 728/1987 726/1520
f 1024/1559 1281/2521 498/1560
f 1056/1550 1281/369 1020/1329
f 1173/2111 1282/2839 833/2284
f 1400/679 1399/3031 1525/680
f 1800/3032 1283/1132 1538/1134
f 283/3033 1527/3034 1529/3035
f 2668/2536 1284/2535 283/3036
f 1025/2200 1284/2198 1029/2524
f 1285/1360 511/307 419/1361
f 1288/2562 1030/2538 1038/2560
f 608/1593 1286/1581 417/1591
f 1287/1590 1286/1363 512/1580
f 510/1369 1287/1586 512/1355
f 1288/2540 1287/1590 418/309
f 1288/2540 418/309 1285/2537
f 2046/3037 1288/2562 348/2561
f 2044/3038 348/3039 1815/3040
f 1402/3041 609/1357 1401/1359
f 1290/2001 731/2564 1169/2073
f 1040/997 1290/2563 1041/995
f 867/2047 1291/2263 550/2045
f 1293/2587 1291/2263 451/2585
f 758/2030 1292/2037 263/2031
f 1052/569 1292/571 760/1674
f 1291/1688 1293/2587 1051/720
f 1294/2991 451/2585 1168/2989
f 716/2055 1296/1981 1168/2041
f 1053/570 1293/2584 1294/2586
f 1250/2977 1295/2976 1248/2980
f 1053/570 1294/2586 1295/2976
f 1248/2830 1295/2976 1296/1981
f 1296/1981 1295/2976 1294/2991
f 1107/2703 1297/2705 563/1254
f 1297/805 1055/2704 1298/2675
f 1055/3042 1311/684 1310/683
f 1548/3043 1298/2700 319/2702
f 343/3044 2667/3045 2654/3046
f 1300/1110 1299/1109 1057/2527
f 1300/1110 1057/2527 2264/3047
f 1300/2712 1109/1752 1316/2710
f 600/1762 1301/1761 601/1342
f 1131/2749 1301/1765 345/1161
f 1815/3040 348/3039 1038/2559
f 2288/3048 285/597 1403/599
f 1059/1916 1304/3049 1303/1914
f 1304/3050 1172/3051 1305/3052
f 1304/3049 1059/1916 1403/599
f 1172/3051 1349/3053 1305/3052
f 871/2008 1305/2280 832/2281
f 1303/1914 1304/3049 1305/2280
f 1407/2634 1408/3054 1406/2635
f 1410/2632 1306/2621 1409/2615
f 769/1490 1307/2056 666/1491
f 1298/1493 1307/1495 385/806
f 1563/3055 1562/3056 1425/3057
f 1436/3058 2166/3059 2325/3060
f 1309/3061 1429/3062 1431/3063
f 1310/2701 1315/3064 319/2702
f 1055/3042 1310/683 1298/2675
f 1315/3064 1310/2701 1309/685
f 1107/2591 1311/2590 1055/2704
f 1429/3065 1311/2590 1106/2589
f 1144/3066 1822/3067 1821/3068
f 1455/3069 1450/3070 1444/3071
f 1311/2590 1429/3065 1309/685
f 2175/3072 2174/3073 2159/3074
f 1430/3075 1428/3076 1429/3077
f 1561/3078 1564/3079 1314/3080
f 1431/3063 1315/3064 1309/3061
f 1563/3081 1315/3082 1314/3083
f 1316/2710 495/1754 497/1546
f 1300/2712 1316/2710 592/1111
f 1438/2776 1317/2733 1437/2716
f 1442/2732 1139/2753 1141/2730
f 1321/3084 1318/3085 1567/3086
f 1141/2771 1318/2770 1320/2767
f 1568/3087 1327/2797 1466/2796
f 1568/3088 1566/2794 1567/2793
f 1318/3085 1321/3084 1320/2767
f 1321/172 1461/3089 1322/170
f 1567/3086 1318/3085 1136/3090
f 1321/172 1319/3091 1461/3089
f 1444/3071 1450/3070 1445/3092
f 1446/3093 1140/3094 1447/3095
f 1325/2948 254/2790 1222/2949
f 1326/3096 254/2790 1325/2948
f 1645/3097 1220/3098 1632/3099
f 1572/3100 1574/3101 1570/3102
f 1649/2950 1222/2949 1221/2939
f 1326/3096 1325/2948 1324/3103
f 1651/3104 1326/3096 1324/3103
f 1326/3105 1323/3106 1464/3107
f 1471/3108 1328/2760 1470/2759
f 1467/2761 1143/2781 1148/2286
f 1135/635 1328/2768 1138/2751
f 1328/3109 1468/3110 1467/3111
f 1717/3112 1711/3113 234/3114
f 1705/3115 1707/3116 1588/3117
f 1332/3118 1330/1028 1153/1027
f 1331/3119 1585/3120 1586/3121
f 1331/3122 1332/3123 1589/3124
f 1700/3125 1701/3126 1588/3127
f 1589/3124 1332/3123 1153/1027
f 1474/850 1330/849 1586/2812
f 755/1818 1161/2023 1334/2490
f 1591/3128 1333/2489 302/2488
f 1164/2820 1334/2487 1163/1952
f 755/1818 1334/2490 1333/2026
f 1337/2822 302/342 1164/2819
f 1763/3129 1665/3130 1664/3131
f 1336/3132 1342/3133 1340/3134
f 1338/3135 1740/3136 1340/3137
f 1000/2494 1337/2822 1165/2492
f 1340/2823 1342/3133 1337/2824
f 1000/2494 1009/2479 1341/3138
f 1338/3139 1343/2504 1346/2503
f 1339/3140 1342/2895 1478/2894
f 1477/2826 1591/2828 1593/3141
f 1343/2825 1337/2824 1000/2494
f 1740/3136 1338/3135 1480/3142
f 1009/2479 1344/3143 1341/3138
f 1397/2447 1341/3138 1344/2445
f 1342/3133 1336/3132 1739/2896
f 302/342 1342/341 1339/3140
f 1340/3137 1343/2825 1338/3135
f 1000/2494 1341/3138 1343/2825
f 1008/2497 1344/2445 1009/2479
f 1397/2447 1007/2446 1396/3144
f 1398/3145 1727/3146 1345/3147
f 1730/3148 1338/3139 1346/2503
f 1397/2447 1346/2503 1341/3138
f 1346/2503 1345/3149 1730/3148
f 1167/2043 1347/2042 762/1853
f 867/2261 1347/946 1168/2831
f 783/2100 870/2273 1741/3150
f 1495/3151 1487/2578 1045/2570
f 1305/3052 1349/3053 832/2281
f 1787/3152 1349/3053 1172/3051
f 795/426 1350/2157 228/424
f 1351/421 1350/423 838/2156
f 907/2132 1351/2337 838/2148
f 1352/2847 1355/2849 809/2840
f 1351/3153 1354/3154 1356/3155
f 1352/2847 1174/2136 1356/2848
f 837/3156 1358/3157 1359/3158
f 1631/3159 1364/3160 1353/3161
f 1351/3153 837/2336 1354/3154
f 837/3156 906/2324 1358/3157
f 1354/3162 1361/3163 1355/3164
f 809/2840 1362/2942 1179/2845
f 1351/3153 1356/3155 1174/422
f 1355/2849 1356/2848 1354/3162
f 1616/2317 1482/3165 1620/2340
f 1360/3166 1353/3167 1361/3168
f 896/2334 1358/2333 906/2324
f 1359/3158 1358/3157 1357/3169
f 1357/3169 1612/3170 1359/3158
f 837/3156 1359/3158 1354/3154
f 1611/3171 1360/3172 1612/3173
f 1634/3174 1635/3175 1631/3176
f 1360/2320 1361/3168 1354/2321
f 1363/3177 1361/3168 1353/3167
f 1363/3177 1355/3164 1361/3168
f 1362/2942 1355/2941 1363/3177
f 1353/3161 1364/3160 1363/3177
f 1501/3178 1364/3179 1220/3180
f 1496/3181 1632/3182 1631/3183
f 1499/2145 1364/2147 1501/3178
f 923/2357 1262/611 1369/3184
f 1368/2160 256/3185 1370/2844
f 1176/2017 1366/2016 257/584
f 1367/2354 1366/2353 1175/2015
f 1178/2219 1508/2846 1175/2843
f 1369/2355 1367/2354 1365/2158
f 1367/2354 1175/2015 1508/2846
f 1179/2601 256/2997 1368/2160
f 923/488 1369/3184 1365/489
f 1262/295 922/297 1369/3184
f 1257/1179 1370/2996 256/3185
f 1255/1181 1372/2994 1370/2996
f 1371/487 292/1189 1261/2358
f 1365/2158 1370/2844 1371/487
f 1372/2994 1255/1181 1389/3186
f 1371/487 1372/2994 292/1189
f 1207/982 1373/2917 1181/2173
f 1182/2860 1373/2863 1205/981
f 1378/3187 1377/2913 1374/2912
f 1376/2873 1374/2875 1200/2914
f 1511/3188 1510/3189 1663/3190
f 1511/3188 1509/3191 1510/3189
f 1768/2902 1376/2873 1200/2903
f 1208/2919 1376/2873 1201/2869
f 1378/3187 1374/2912 1204/2889
f 1375/2171 1766/3192 1379/2172
f 1663/3193 1204/2889 1239/2910
f 1375/2171 1377/2170 1378/3187
f 1898/3194 1895/3195 1904/3196
f 1200/2914 1377/2913 1379/2172
f 1202/2883 1193/2885 1670/2907
f 1767/2906 1193/2905 1201/2869
f 2008/3197 2251/3198 2255/3199
f 1770/3200 1521/3201 1776/3202
f 1382/973 1199/2900 2257/3203
f 1769/974 1382/973 1381/3204
f 860/1973 1383/2029 814/2244
f 1384/2924 1383/2920 706/1232
f 813/1231 1384/2040 706/1232
f 1590/2925 1384/2924 1166/2039
f 1385/1978 264/1211 880/2247
f 1249/1977 1385/1978 1214/1975
f 1212/2922 1386/2921 861/2245
f 761/2987 1516/2986 1387/3205
f 1214/2983 1386/2050 1387/2981
f 761/2987 1387/3205 1386/2921
f 1232/2298 713/1969 1388/2032
f 1388/2032 713/1969 758/2030
f 1372/2994 1389/3186 920/510
f 1256/2952 1389/1792 1255/1181
f 1392/2402 1390/2401 929/1069
f 1264/3206 2016/3207 1391/3208
f 225/2416 1391/3016 1271/3012
f 1264/3206 1391/3208 1390/2373
f 939/2377 1392/2384 929/1069
f 938/263 1522/2360 933/2376
f 2276/3209 1523/2362 973/2359
f 1784/3008 2020/3007 2016/3210
f 1865/3211 1864/3212 1868/3213
f 1395/527 1394/526 1278/3214
f 1278/3215 1863/3216 1738/3217
f 1395/527 262/3218 1396/2513
f 262/3219 1727/3146 1398/3145
f 1007/2446 1014/2505 1396/3144
f 1398/3145 1396/2513 262/3219
f 1346/2503 1397/2447 1345/3149
f 1345/3149 1397/2447 1398/3145
f 1396/2513 1398/3145 1397/2447
f 1027/2522 1282/2529 1400/3220
f 2268/3221 2565/3222 2515/3223
f 786/2838 2023/3224 1282/2839
f 1786/3225 1791/3226 1400/3227
f 1031/1364 1401/1779 417/1365
f 1402/3041 1401/1359 1289/1778
f 2043/3228 1402/3041 1289/1778
f 609/1357 1402/3041 1302/1781
f 609/1780 1403/1782 1059/1783
f 1403/1782 1302/1781 2288/3048
f 2039/3229 1814/3230 2035/3231
f 286/3232 1801/3233 1804/3234
f 1069/2612 1405/2611 1068/2628
f 1081/2623 1405/2622 1070/2610
f 1414/3235 1075/2640 1094/2629
f 1306/2636 1406/2635 1409/2615
f 1081/2620 1407/2642 1306/2621
f 1408/3054 1407/2634 1077/2619
f 1086/1420 1408/2641 1077/2619
f 1075/2640 1406/2635 1408/2641
f 1075/2640 1414/3235 1418/3236
f 1541/3237 1543/3238 1417/3239
f 2033/3240 1410/940 1067/939
f 1405/2611 1410/2632 1068/2628
f 1413/3241 1422/3242 1421/3243
f 2281/3244 2357/3245 2361/3246
f 1406/2635 1075/2640 1418/3236
f 1677/3247 1685/3248 1806/3249
f 2590/2668 1092/2648 301/2669
f 1541/3250 1413/3251 1546/3252
f 1091/2671 1414/3235 1094/2629
f 1422/3242 1414/3253 1421/3243
f 1418/3236 1419/3254 1406/2635
f 1415/2667 1543/3255 1677/2665
f 261/2908 2495/2915 1205/981
f 1413/3251 1687/3256 1546/3252
f 1417/3239 1422/3257 1541/3237
f 1420/3258 1417/3259 1415/3260
f 1422/3242 1418/3236 1414/3253
f 1419/3254 1418/3236 1417/3261
f 1420/3258 1419/3254 1417/3259
f 1406/2635 1419/3254 1409/2615
f 1420/3258 1409/2615 1419/3254
f 1678/2666 1420/3258 1415/2667
f 1091/2673 1421/2672 1414/3235
f 1416/3262 2600/3263 1687/3264
f 1541/3237 1422/3257 1413/3251
f 1418/3236 1422/3242 1417/3261
f 1308/2785 1695/3265 1549/2786
f 665/907 1424/844 384/1703
f 666/1250 1424/1255 665/907
f 1552/3266 1550/3267 1551/3268
f 1562/3056 1563/3055 1436/3269
f 1425/3057 1562/3056 1549/2786
f 1427/3270 386/2693 1102/1350
f 1555/3271 1099/1121 1124/1768
f 1102/1350 1097/2685 1427/3270
f 1555/2687 1556/2689 1689/3272
f 1433/3273 1560/3274 1432/3275
f 1559/3276 1561/3277 1431/3278
f 1429/3065 1106/2589 1430/3075
f 1431/3063 1429/3062 1428/3076
f 1434/1258 1430/1257 1106/2589
f 1427/1259 1435/2691 1430/1257
f 1431/3063 1428/3076 1559/3276
f 1431/3063 1314/3083 1315/3064
f 1433/3273 1432/3275 1426/3279
f 1428/3076 1430/3075 1432/2692
f 1819/2684 1820/2683 2060/3280
f 1433/3281 1312/3282 1690/3283
f 1104/2694 1434/2695 1106/2589
f 1427/1259 1434/1258 386/2693
f 1427/3284 1556/3285 1557/3286
f 1432/3275 1435/2691 1426/3279
f 1313/3287 2166/3288 1564/3289
f 2325/3060 2166/3059 2173/3290
f 1301/1761 1437/1764 601/1342
f 1438/2776 1437/2716 1058/1763
f 1142/2115 1438/2777 1058/1763
f 1441/3291 1449/3292 1439/3293
f 1443/2731 1439/3294 1442/2732
f 1441/3295 1451/3296 1448/3297
f 1438/2776 284/2117 1440/2734
f 1442/2726 284/2725 1139/2753
f 1441/2736 1114/2772 1121/2721
f 1441/3295 1439/3293 1451/3296
f 1443/2731 1141/2730 1140/2765
f 1439/3294 1440/2727 1442/2732
f 1446/3093 1443/2731 1140/3094
f 1443/2731 1446/3093 1445/3298
f 1447/3095 1444/3299 1446/3093
f 1447/3095 1456/3300 1444/3299
f 1149/1125 1448/2802 1144/3301
f 1439/3294 1443/2731 1445/3298
f 1447/3095 1140/3094 1322/170
f 1445/3298 1446/3093 1444/3071
f 1457/3302 1460/3303 251/3304
f 2849/3305 2845/3306 2848/3307
f 1441/3295 1448/3297 1151/2774
f 1144/3301 1448/2802 1445/3308
f 1439/3293 1449/3292 1440/2727
f 1117/2597 1449/2735 1441/2736
f 1444/3299 1456/3300 1455/3069
f 1144/3301 1445/3308 1450/3070
f 1439/3293 1445/3298 1451/3296
f 1448/3297 1451/3296 1445/3308
f 2355/3309 2452/3310 2604/3311
f 1894/3312 1896/3313 1898/3314
f 1454/3315 1456/3316 1458/3317
f 2052/3318 2055/3319 1692/3320
f 1458/3321 1447/3322 1460/3323
f 1450/3070 1455/3069 1144/3301
f 1691/3324 2671/3325 1565/3326
f 1454/3327 1691/3328 1455/3329
f 1447/3095 1322/170 1460/3323
f 1455/3329 1456/3300 1454/3327
f 2394/3330 2393/3331 2007/3332
f 2671/3333 1454/3334 2672/3335
f 1447/3095 1458/3321 1456/3300
f 2893/3336 2672/3337 1457/3338
f 251/3339 2395/3340 2494/3341
f 1459/2784 2851/3342 2849/2782
f 251/3304 1460/3303 1322/170
f 1458/3321 1460/3323 1457/3302
f 1572/2792 1319/3343 1567/2793
f 251/3304 1322/170 1461/925
f 1463/2763 1462/2762 1148/2286
f 1323/3106 1326/3105 1578/969
f 1146/2314 1463/2795 1148/2780
f 1464/2788 1463/2795 873/2204
f 1326/3096 1464/3107 254/2790
f 1463/2795 1464/2788 1323/2764
f 1466/2796 1465/2798 1147/2946
f 1467/2761 1465/2285 1327/2797
f 1573/3344 1575/3345 1579/3346
f 1659/3347 1660/3348 1656/3349
f 1327/2797 1328/2760 1467/2761
f 1468/3110 1328/3109 1133/588
f 1134/634 1469/2746 1133/2754
f 1143/2741 1467/2761 1468/590
f 354/2011 789/2013 1469/2746
f 1145/2752 1469/2742 789/2120
f 1568/3087 1470/2759 1327/2797
f 1136/3090 1318/3085 1471/2775
f 1328/2756 1471/3108 1137/2757
f 1136/3090 1471/2775 1470/2759
f 1155/2813 1158/2805 1582/2818
f 1828/3350 2294/3351 2296/3352
f 1585/3353 1697/1865 1473/1867
f 1154/848 1474/850 660/2817
f 1586/2812 1330/849 1332/3118
f 660/2817 1474/850 1473/2810
f 1589/3124 1153/1027 1833/3354
f 1475/3355 1589/3356 1827/3357
f 1516/3358 1520/3359 1515/3360
f 1378/3187 1510/3361 1375/2171
f 1333/2489 1591/3128 1166/2024
f 1520/3362 1519/3363 1476/3364
f 1740/3365 1595/3366 1739/3367
f 1764/3368 1509/3369 1761/3370
f 1737/3026 1594/3025 1736/3371
f 2254/3372 2256/3373 2258/3374
f 1727/3375 1728/3376 1730/3377
f 1754/3378 1756/3379 1758/3380
f 1608/2102 1610/2101 1597/3381
f 1622/3382 1627/3383 1490/3384
f 1486/3385 253/2080 903/1146
f 909/2329 1487/3386 1485/2341
f 1625/3387 1751/3388 1943/3389
f 1745/3390 1919/3391 1915/3392
f 903/1146 913/2332 1485/2341
f 1616/3393 1619/3394 2183/3395
f 909/2329 1046/2339 1487/3386
f 1484/780 1485/782 1488/2576
f 1485/2341 1486/781 903/1146
f 1486/781 1484/780 1621/3396
f 1491/3397 1622/3382 1490/3384
f 1488/2576 1483/3398 1746/2577
f 1485/2341 1487/3386 1488/2576
f 1487/2578 1495/3151 1493/417
f 1967/3399 1934/3400 1975/3401
f 2184/3402 2188/3403 1932/3404
f 1492/3405 1491/3406 1495/3407
f 1745/3390 1920/3408 1919/3391
f 1045/2570 1049/2567 1492/2580
f 1488/2576 1494/3409 1483/3398
f 1624/3410 1750/3411 1050/3412
f 1491/3397 1492/3405 1622/3382
f 1986/3413 1991/3414 1490/3415
f 1985/3416 1976/3417 1979/3418
f 1487/3386 1494/415 1488/2576
f 1929/3419 1927/3420 1928/3421
f 1492/2580 1495/3407 1045/2570
f 1495/3407 1491/3406 1991/3422
f 1635/3423 1636/3424 1496/3425
f 1364/3160 1631/3159 1632/3182
f 1507/3426 1504/3427 1502/3428
f 1505/3429 1500/3430 1502/3431
f 1363/3177 1498/2600 1362/2942
f 1498/2600 1497/3432 1500/2931
f 1497/3432 1498/2600 1499/3433
f 1363/3177 1499/2145 1498/2600
f 1500/3430 1497/3432 1502/3431
f 1257/1179 256/3185 1500/2931
f 1503/3434 1501/3178 1220/3180
f 1497/3432 1499/3433 1501/3178
f 1501/3178 1503/3434 1507/3435
f 1226/2603 1506/2114 1217/2852
f 1646/3436 1220/3437 1644/3438
f 1503/3439 1221/2939 1504/2938
f 1504/2851 1222/2937 1218/2947
f 1502/3428 1497/3432 1507/3426
f 1500/3430 1505/3429 1257/1179
f 1506/3440 1505/3429 1502/3431
f 1505/2934 1506/3440 1061/2932
f 1504/3427 1506/2850 1502/3428
f 1501/3178 1507/3435 1497/3432
f 1503/3434 1504/2938 1507/3435
f 1179/2845 1368/2160 1508/2846
f 1508/2846 1368/2160 1367/2354
f 1666/3441 1667/3442 1668/3443
f 1667/3442 1662/3444 1668/3443
f 1378/3187 1204/2889 1663/3193
f 1763/3445 1761/3370 1509/3369
f 1239/2910 1233/2965 1511/2973
f 1512/2972 1233/2974 1513/3446
f 1512/2964 1513/3446 1514/2962
f 1511/2973 1512/2972 1665/3447
f 1236/2957 1513/2966 1233/2958
f 1514/2962 1513/3446 232/2893
f 1515/2891 232/2893 1246/2984
f 1664/2963 1514/2962 1476/3448
f 1516/3358 1515/3360 1246/2984
f 1476/3448 1514/2962 1515/2891
f 1387/3205 1516/2986 1246/2984
f 1518/1954 1517/1956 761/2987
f 1519/3449 1517/1956 1477/1955
f 1520/3362 1517/1956 1519/3363
f 1212/2922 1518/2829 761/2923
f 1518/2829 1213/2168 1590/2925
f 1519/3449 1477/1955 1593/3141
f 1519/3450 1335/3451 1666/3452
f 1515/2891 1520/3359 1476/3448
f 1516/2986 1517/2985 1520/3359
f 1773/3453 1521/3201 1770/3200
f 2509/3454 2506/3455 2508/3456
f 1390/2401 1522/2400 1264/3206
f 933/2376 1522/2360 1392/2384
f 973/2359 1671/2998 2276/3209
f 1522/2431 1523/2362 1393/2432
f 972/3457 1780/3458 1672/3459
f 2269/3460 2262/3461 2261/3462
f 1530/3463 1528/3464 1529/3465
f 1525/680 1529/3035 1527/681
f 1533/3466 1530/3467 1399/3468
f 2343/3469 2473/3470 1987/3471
f 1284/2535 1527/2197 283/3036
f 1400/679 1527/681 1027/2522
f 1525/680 1530/3463 1529/3035
f 2658/3472 2566/3473 2662/3474
f 1530/3467 1525/680 1399/3468
f 2660/1106 1529/3465 1528/1107
f 1534/3475 1531/3476 1533/3477
f 1528/3464 1530/3463 1532/3478
f 1989/3479 1531/3480 1535/3481
f 1532/3482 1526/3483 2663/3484
f 1533/3466 1532/3478 1530/3467
f 2002/3485 2003/3486 1999/3487
f 1533/3466 1399/3468 1534/3475
f 1533/3477 1531/3476 2002/3488
f 1674/3489 1675/3490 1400/3491
f 1790/3492 1791/3493 1789/3494
f 1800/3032 2232/3495 1283/1132
f 1531/3480 1534/3475 1535/3481
f 1796/3496 1538/3497 1674/3498
f 1795/3499 1536/3500 1792/3501
f 1534/3475 1399/3468 1675/3502
f 1676/3503 2024/3504 2026/3505
f 1538/1134 1534/2107 1675/3502
f 1800/3032 1538/1134 1537/2108
f 1289/2542 2045/2541 2043/3228
f 1792/3501 1536/3500 1790/3506
f 1683/3507 1412/2662 1545/2664
f 1067/939 1420/941 1678/2666
f 1544/3508 1545/3509 1546/3510
f 1541/3237 1545/2664 1543/3238
f 1818/3511 1542/3512 1546/3513
f 2724/3514 231/3515 2725/3516
f 1677/2665 1543/3255 1412/2662
f 1417/3259 1543/3238 1415/3260
f 1542/3517 1681/3518 1544/3519
f 1544/3519 1681/3518 1683/3520
f 1546/3510 1545/3509 1541/3250
f 1683/3507 1545/2664 1544/3519
f 1413/3251 1421/3243 1687/3256
f 1542/3512 1544/3519 1546/3513
f 1425/1881 1547/1880 1095/2678
f 1424/1255 1547/1249 1423/842
f 1298/2700 1548/3043 1095/1494
f 1563/3521 1548/3043 319/2702
f 1582/3522 1584/3523 1583/3524
f 1423/1882 1425/1881 1549/2786
f 1553/3525 1551/3268 1550/3267
f 1423/1882 1549/2786 1550/3526
f 384/1481 1551/1883 669/1482
f 1550/3267 1694/3527 1553/3525
f 1550/3526 1552/3266 1423/1882
f 384/1481 1552/843 1551/1883
f 1152/2803 1553/1985 318/2804
f 668/1889 1551/1883 1553/1985
f 1149/1125 1144/3301 1821/824
f 1557/3528 1426/3279 1435/2691
f 346/1128 1555/2739 1124/1129
f 1557/3286 1556/3285 1554/2688
f 1427/3284 1097/2685 1556/3285
f 1689/3272 1556/2689 1097/2685
f 1554/2688 2061/3529 1557/3286
f 1427/3284 1557/3286 1435/2691
f 2174/3073 2146/3530 2159/3074
f 1561/3277 1559/3276 1313/3531
f 1560/2697 1559/2699 1428/3076
f 1313/3531 1559/3276 1558/2698
f 1432/2692 1560/3274 1428/3076
f 1560/3274 1433/3273 1690/3283
f 1564/3289 1561/3078 1313/3287
f 1431/3278 1561/3277 1314/3083
f 1425/2677 1548/2676 1563/3055
f 2327/3532 1562/3056 1436/3269
f 1315/3082 1563/3081 319/2702
f 1564/3079 1563/3081 1314/3080
f 1313/3287 2338/3533 2166/3288
f 1563/3055 1564/3079 1436/3269
f 2840/3534 2847/3535 2842/3536
f 1819/790 1312/789 1433/2682
f 1660/3537 1577/3538 1651/3539
f 1466/3540 1575/3541 1566/3542
f 1321/172 1567/3086 1319/3091
f 1568/3088 1567/2793 1136/3090
f 1568/3087 1136/3090 1470/2759
f 1466/2796 1566/3542 1568/3087
f 2202/3543 2192/3544 2191/3545
f 1574/3101 2007/3546 1570/3102
f 1566/3542 1575/3541 1574/3547
f 2395/3548 1571/3549 1570/3550
f 1319/3091 1571/926 1461/3089
f 2395/3548 1570/3550 2393/3551
f 1570/3102 1571/3549 1572/3100
f 1319/3343 1572/2792 1571/926
f 1693/3552 1579/3346 1575/3345
f 2216/3553 2341/3554 2213/3555
f 1566/3542 1574/3547 1572/2792
f 1573/3556 2248/3557 2007/3558
f 1693/3559 1466/2796 1147/2946
f 1573/3344 1574/3547 1575/3345
f 1462/2287 1578/3560 1147/2946
f 1147/2946 1578/3560 1580/3561
f 1636/3562 227/3563 1641/3564
f 1324/3565 1647/3566 1650/3567
f 1323/3106 1578/969 1462/2762
f 1580/3561 1578/3560 1577/968
f 1693/3552 1575/3345 1466/2796
f 1659/3568 1661/3569 1576/3570
f 1659/3571 1580/3561 1577/968
f 1580/3572 1576/3573 1693/3574
f 1582/2818 1581/2807 1155/2813
f 1704/3575 1581/2807 1472/2809
f 318/3576 1694/3577 1584/3578
f 1472/2809 1582/2808 1583/3524
f 1582/3522 318/2804 1584/3523
f 2326/3579 2329/3580 1584/3581
f 1695/3582 1584/3578 1694/3577
f 1695/3582 2326/3579 1584/3578
f 1700/1994 1585/1993 1331/3119
f 1697/1865 1585/3353 268/1992
f 1331/3122 1586/3121 1332/3123
f 1473/1867 1586/2812 1585/3353
f 268/3583 1703/3584 1826/3585
f 1699/1876 1587/1873 1825/1874
f 1705/3115 1708/3586 1707/3116
f 1826/3585 1703/3584 1698/3587
f 1581/2807 1704/3575 1833/3588
f 1705/3589 1589/3356 1475/3355
f 1591/2828 1590/2827 1166/2024
f 1518/2829 1590/2925 1477/1955
f 302/2488 1339/3140 1591/3128
f 1593/3590 1339/3591 1592/3592
f 1335/3451 1519/3450 1593/3141
f 1339/3140 1478/2894 1592/3592
f 1339/3140 1593/3590 1591/3128
f 1593/3141 1592/3592 1335/3451
f 1863/3216 1735/3593 1738/3217
f 1731/3594 1728/3595 1594/3596
f 1731/3594 1757/3597 1728/3595
f 1662/3598 1754/3378 1758/3380
f 1596/2103 785/2076 1610/2101
f 1939/3599 1596/3600 1481/3601
f 870/2273 891/2275 1598/3602
f 1599/2278 1602/3013 1598/3017
f 1600/3603 891/2275 829/2390
f 1266/2277 1269/3002 1599/2278
f 1268/3019 1603/3604 1269/3002
f 1268/3019 1604/3605 1603/3604
f 891/2275 1600/3603 1598/3602
f 1266/2277 1600/2279 829/2311
f 1601/3606 1913/3607 1606/3608
f 1606/3609 1607/2097 1605/2099
f 1603/3003 1602/3005 1599/2278
f 1605/3014 1602/3013 1601/3004
f 1269/3002 1603/3604 1599/2278
f 2019/3610 2018/3611 2517/3612
f 1267/3613 2521/3614 1743/3615
f 1601/3004 1603/3003 1604/3605
f 1605/3014 1601/3004 1606/3609
f 1598/2191 1605/3014 1597/2192
f 1601/3004 1604/3605 1743/3616
f 2531/3617 1742/3618 2524/3619
f 1609/3620 1606/3621 1914/3622
f 1609/2104 1481/3623 1608/2105
f 1608/2105 1481/3623 1596/2103
f 1597/2098 1607/2097 1608/2102
f 1606/3621 1609/3620 1607/2097
f 1609/3624 1348/3625 2674/3626
f 785/2076 783/2100 1610/2101
f 1741/3150 1610/2101 783/2100
f 896/2334 1614/3627 1618/2335
f 1745/3628 1615/3629 1620/3630
f 1359/3158 1612/3170 1360/2320
f 1617/3631 1612/3170 1357/3169
f 896/2334 904/2208 1614/3627
f 1621/3632 1619/3633 1613/3634
f 253/2080 1486/3385 1621/3396
f 1614/3627 1613/3635 1618/2335
f 1636/3424 1635/3423 1915/3636
f 1620/2340 1634/3637 1611/2318
f 1611/2318 1612/3173 1617/2319
f 1619/3394 1616/3393 1613/3634
f 1357/3169 1358/3157 1618/2335
f 1613/3634 1616/3393 1617/2319
f 1613/3635 1617/2319 1618/2335
f 1618/2335 1617/2319 1357/3169
f 1613/3635 1614/3627 1621/3632
f 1931/3638 1619/3639 1483/3640
f 1745/3628 1620/3630 1482/2837
f 1620/3630 1615/3629 1634/3637
f 1621/3396 1614/3627 253/2080
f 1746/2577 1621/3396 1484/2575
f 1750/3641 1492/2580 777/2579
f 1626/3642 1492/2580 1750/3641
f 2226/3643 2224/2066 1938/2065
f 1939/3644 1941/3645 1938/3646
f 778/2088 1624/3410 1050/2089
f 1626/3642 1622/3382 1492/2580
f 1942/3647 2226/3648 1941/3649
f 1627/3650 1625/3651 1629/3652
f 1624/2081 1630/2083 1626/3653
f 1626/3653 1630/2083 1751/2574
f 1626/2573 1627/2572 1622/3382
f 1945/3654 1628/3655 1629/3656
f 1640/3657 1641/3658 1918/3659
f 1629/3652 1985/3660 1627/3650
f 1943/3389 1951/3661 1625/3387
f 1629/3656 1628/3655 1985/3660
f 2224/2082 1624/2081 1747/3662
f 1751/2574 1630/2083 1623/3663
f 1353/3161 1633/3664 1631/3159
f 1633/3664 1634/3174 1631/3159
f 1645/3097 1632/3099 1496/3181
f 1220/3180 1364/3179 1632/3099
f 1353/3161 1360/3166 1633/3664
f 1634/3174 1633/3664 1360/3166
f 1634/3174 1360/3166 1611/2318
f 1634/3174 1615/3629 1635/3175
f 1635/3423 1615/3629 1915/3636
f 1631/3176 1635/3175 1496/3181
f 1639/3665 1641/3666 1642/3667
f 1639/3668 1496/3425 1636/3424
f 1643/3669 1752/3670 1642/3671
f 1573/3344 1579/3346 1657/3672
f 1650/3673 1652/3674 1654/3675
f 1647/3676 1649/3677 1646/3678
f 1915/3392 1919/3391 227/3679
f 1639/2943 1638/3680 1648/2944
f 1919/3391 1918/3681 227/3679
f 2196/3682 1933/3683 1932/3684
f 1642/3667 1641/3666 1640/3657
f 1639/3668 1636/3424 1641/3666
f 1643/3669 1642/3671 1640/3657
f 1639/3665 1642/3667 1638/3680
f 2198/3685 1640/3657 1918/3659
f 1637/3686 1653/3687 1643/3688
f 1647/3676 1324/3565 1649/3677
f 1503/3439 1646/3689 1221/2939
f 1639/2943 1645/2945 1496/3425
f 1220/3098 1645/3097 1644/3438
f 1220/3180 1646/3436 1503/3434
f 1646/3436 1644/3438 1647/3676
f 1652/3690 1644/3691 1648/3692
f 1650/3693 1660/3537 1651/3539
f 1648/3692 1638/3680 1652/3690
f 1645/2945 1648/2944 1644/3438
f 1325/2948 1649/2950 1324/3103
f 1646/3689 1649/3677 1221/2939
f 1647/3566 1652/3674 1650/3567
f 1752/3694 1652/3690 1638/3680
f 1326/3096 1651/3104 1577/968
f 1324/3103 1650/3567 1651/3104
f 1652/3674 1647/3566 1644/3691
f 1752/3694 1653/3695 1652/3690
f 1658/3696 2210/3697 2212/3698
f 1652/3674 1653/3695 1654/3675
f 1656/3699 1654/3675 1653/3695
f 1654/3675 1660/3537 1650/3673
f 2194/3700 2209/3701 2195/3702
f 1655/3703 2213/3555 2341/3554
f 1658/3704 1656/3699 1653/3695
f 1656/3349 1655/3705 1659/3347
f 1576/3706 1657/3672 1579/3346
f 2209/3701 2194/3700 2204/3707
f 1653/3687 1637/3686 1658/3704
f 2195/3702 2209/3701 2210/3708
f 1661/3569 1659/3568 1655/3705
f 1659/3568 1576/3570 1580/3561
f 1656/3699 1660/3348 1654/3675
f 1577/3538 1660/3537 1659/3571
f 2341/3554 1661/3569 1655/3703
f 1576/3570 1661/3569 1657/3672
f 1739/2896 1754/3709 1478/2894
f 1756/3379 1754/3378 1595/3710
f 1511/3188 1663/3190 1239/2910
f 1378/3187 1663/3193 1510/3361
f 1666/3711 1664/2963 1476/3448
f 1664/3131 1668/3712 1763/3129
f 1511/2973 1665/3447 1509/3191
f 1512/2972 1664/2963 1665/3447
f 1519/3363 1666/3452 1476/3364
f 1666/3452 1335/3451 1667/3442
f 1335/2485 1478/2484 1667/3442
f 1754/3709 1667/3442 1478/2894
f 1662/3713 1761/3370 1763/3445
f 1664/2963 1666/3711 1668/3712
f 1201/2869 1376/2873 1768/2902
f 1202/980 1670/2907 261/2908
f 1776/3202 1669/3714 1770/3200
f 1776/376 1670/375 1669/3714
f 1672/1910 1671/1912 972/3457
f 1524/3715 2021/3716 2276/3717
f 1783/3718 1781/2426 685/1913
f 1781/3719 1782/3720 2272/3721
f 2272/3722 2015/3723 2271/3724
f 2018/3725 2275/3726 2445/3727
f 1400/3227 2023/3728 1786/3225
f 1538/1134 1796/3496 1537/2108
f 1400/3491 1675/3490 1399/3031
f 1538/3497 1675/3502 1674/3498
f 2467/3729 2466/3730 252/3731
f 1995/3732 1948/3733 1983/3734
f 1685/3735 1682/3736 1684/3737
f 1677/2665 1540/3738 1678/2666
f 1680/3739 1801/3740 1679/3741
f 1678/2666 1540/3738 1680/3742
f 1809/2556 1807/2555 1808/2550
f 1811/3743 1810/2557 349/2547
f 1801/3740 1680/3739 1540/3738
f 1816/3744 1680/3739 1679/3741
f 2535/3745 2536/3746 2534/3747
f 2545/3748 1683/3749 1411/3750
f 2031/3751 1803/3752 1805/3753
f 1685/3248 1677/3247 1412/2662
f 1411/3750 1683/3749 1681/3518
f 1412/2662 1683/3507 1682/3754
f 2029/3755 2545/3756 2544/3757
f 1801/3233 286/3232 1808/3758
f 1682/3736 1685/3735 1412/2662
f 1685/3735 1684/3737 1806/3249
f 2440/3759 2506/3760 301/3761
f 2595/3762 2790/3763 2816/3764
f 1416/3262 1687/3264 1421/2672
f 1687/3765 1686/3766 1818/3767
f 2062/3768 1823/3769 2059/3770
f 2381/3771 2379/3772 2380/3773
f 1689/3272 1097/2685 1098/2681
f 1555/2687 1689/3272 1099/1121
f 2167/3774 2175/3775 2177/3776
f 1560/3274 1690/3283 1558/2698
f 2671/3333 1691/3324 1454/3334
f 1691/3324 1565/3326 2048/3777
f 1692/3320 2048/3778 2052/3318
f 1150/1127 1824/825 346/1128
f 1580/3572 1693/3574 1147/2946
f 1579/3346 1693/3552 1576/3706
f 1553/3525 1694/3527 318/2804
f 1695/3582 1694/3577 1550/3267
f 1549/2786 1695/3265 1550/3526
f 1562/3056 2327/3532 1308/2785
f 661/1868 1696/1870 317/921
f 1473/2810 1696/1866 660/2817
f 1826/3585 1697/1865 268/3583
f 1696/1866 1697/1865 1587/1873
f 268/3583 1700/1994 1703/3584
f 1853/902 1698/901 1703/3584
f 664/1697 1699/1696 662/1877
f 1696/1872 1699/1871 317/921
f 1701/3126 1700/3125 1331/3119
f 1720/3779 1703/3780 1588/3781
f 1331/3122 1589/3124 1701/3126
f 1701/3126 1589/3124 1705/3589
f 1588/3117 1707/3116 1712/3782
f 1725/3783 1726/3784 1724/3785
f 1588/3781 1703/3780 1700/3125
f 1703/3584 1702/3786 1853/902
f 2063/2814 1472/2809 1583/2815
f 1830/3787 1704/3788 1832/3789
f 1707/3116 1708/3586 1706/3790
f 1701/3126 1705/3589 1588/3127
f 1712/3791 1714/1995 1709/1997
f 1712/3792 1715/3793 1720/3794
f 1708/3586 1705/3115 1475/3355
f 1714/1995 1712/3791 1716/3795
f 1713/3796 1708/3586 1475/3355
f 1706/3790 1708/3586 1711/3797
f 1717/3112 1722/3798 1711/3113
f 1720/3794 1715/3793 1702/3799
f 2290/3800 2289/3801 1831/3802
f 1713/3803 1829/3804 1710/3805
f 1713/3796 1711/3797 1708/3586
f 2106/3806 1711/3807 1710/3808
f 1716/3809 1707/3116 1706/3790
f 1712/3792 1709/1997 1715/3793
f 1829/3810 1475/3355 1827/3357
f 1711/3797 1713/3796 1710/3808
f 1714/1995 1716/3795 1722/3811
f 827/2184 1719/2183 826/2190
f 1709/1997 1724/3812 1715/3793
f 1702/3799 1715/3793 1726/3813
f 1707/3116 1716/3809 1712/3782
f 1722/3811 1716/3795 1706/3790
f 1839/3814 1840/3815 1838/3816
f 1841/3817 1837/3818 1839/3819
f 1723/1996 1714/1995 1837/3820
f 2065/3821 1719/2188 2066/2187
f 770/931 2067/2185 827/2062
f 2068/1998 1836/2000 2067/3822
f 1703/3584 1720/3779 1702/3786
f 1712/3792 1720/3794 1588/3117
f 1709/1997 1723/1996 1850/2057
f 2076/3823 1725/3824 1721/3825
f 1711/3113 1722/3798 1706/3790
f 1837/3826 1722/3798 1717/3112
f 1714/1995 1722/3811 1837/3820
f 2067/2185 2075/2189 1719/2183
f 1850/2057 1724/3812 1709/1997
f 1725/3824 1724/3785 1721/3825
f 2301/3827 2076/3823 1721/3825
f 1857/1530 477/1529 324/1477
f 1724/3812 1726/3784 1715/3793
f 1853/3828 1726/3784 1725/3783
f 1733/3829 1734/3830 1737/3831
f 1728/3595 1727/3375 1594/3596
f 1732/3832 1729/3833 1731/3834
f 1730/3377 1728/3376 1480/3835
f 1760/3836 1762/3837 2008/3838
f 1757/3839 1729/3840 2253/3841
f 1730/3148 1480/3835 1338/3139
f 1727/3146 1730/3377 1345/3147
f 1732/3024 1731/3834 1594/3025
f 1731/3594 1729/3833 1757/3597
f 1736/3371 1594/3025 1727/3375
f 1732/3842 1479/3843 2252/3844
f 1849/3022 1866/3021 1834/3845
f 1479/3843 1732/3842 1734/3846
f 1892/3847 1884/3848 1893/3849
f 1892/3847 1733/3850 1884/3848
f 1738/3851 1736/3852 262/3853
f 1738/3851 262/3853 1395/527
f 262/3853 1736/3852 1727/3146
f 1737/3026 1736/3371 1735/3854
f 1733/3829 1737/3831 1735/3854
f 1737/3026 1734/3830 1732/3024
f 1278/3215 1738/3217 1395/527
f 1736/3371 1738/3851 1735/3854
f 1740/3365 1739/3367 1336/3132
f 1754/3378 1739/2896 1595/3710
f 1340/3134 1740/3136 1336/3132
f 1759/3855 1740/3136 1480/3142
f 1598/2191 1741/2193 870/2273
f 1610/2101 1741/3150 1597/3381
f 2519/3856 2517/3857 2571/3858
f 2530/3859 2531/3617 2524/3619
f 1267/3613 1743/3615 1604/3605
f 1913/3860 1743/3861 1742/3862
f 1945/3863 1947/3864 1984/3865
f 1609/3624 1914/3622 1348/3625
f 2183/3866 1916/3867 2182/3868
f 1494/415 1493/417 1929/3869
f 1483/3398 1619/3639 1746/2577
f 1621/3396 1746/2577 1619/3633
f 1748/2581 1624/3410 778/2088
f 776/2004 1749/2086 772/1904
f 772/2085 1748/2087 779/627
f 1624/2081 1748/2581 1747/3662
f 247/224 1749/2071 776/222
f 1748/2087 1749/2086 1747/3662
f 1050/3412 1750/3411 777/2579
f 1626/3653 1750/3641 1624/2081
f 1942/3647 1943/3870 2226/3648
f 1627/3650 1751/2574 1625/3651
f 1642/3671 1752/3670 1638/3680
f 1643/3669 1653/3687 1752/3670
f 2881/3871 2205/3872 2206/3873
f 1573/3344 1657/3672 2248/3557
f 1757/3874 1755/3875 1756/3876
f 1667/3442 1754/3709 1662/3444
f 1479/3877 1905/3878 2250/3879
f 1509/3191 1764/3368 1510/3189
f 1759/3880 1757/3874 1756/3876
f 1756/3379 1755/3875 1758/3380
f 1759/3880 1756/3876 1595/3710
f 1757/3597 1480/3835 1728/3595
f 1762/3881 1758/3380 1755/3875
f 1662/3713 1758/3380 1761/3370
f 1740/3365 1759/3855 1595/3366
f 1480/3835 1757/3597 1759/3855
f 2253/3841 1755/3875 1757/3839
f 1766/3882 1764/3883 1765/3884
f 1765/3885 1758/3380 1762/3881
f 1764/3368 1375/2171 1510/3189
f 2008/3838 1762/3837 1755/3875
f 1762/3881 1760/3836 1765/3885
f 1763/3129 1509/3369 1665/3130
f 1662/3713 1763/3445 1668/3443
f 1761/3370 1765/3884 1764/3368
f 1766/3886 1760/3887 1199/3888
f 1765/3884 1761/3370 1758/3380
f 1766/3882 1765/3884 1760/3887
f 1379/975 1766/3192 1199/2900
f 1375/2171 1764/3368 1766/3192
f 1768/2902 1767/2878 1201/2869
f 1670/2907 1767/2906 1669/3714
f 1379/975 1769/974 1771/3889
f 1669/3714 1768/2876 1770/3200
f 2009/3890 1380/3891 1775/3892
f 1770/3200 1774/3893 1773/3453
f 1771/2904 1770/3200 1768/2902
f 2763/3894 1775/3892 1380/3891
f 1379/2172 1771/3889 1200/2914
f 1770/3200 1771/2904 1769/974
f 2721/3895 2718/3896 2720/3897
f 2396/3898 2351/3899 2259/3900
f 1774/3893 1770/3200 1769/974
f 1772/3901 2718/3902 2719/3903
f 1769/974 1381/3204 2009/3904
f 1772/3905 1773/3453 1774/3893
f 1772/3905 1774/3893 1775/3906
f 1774/3893 1769/974 2009/3904
f 1776/3202 1521/3201 1779/3907
f 2012/3908 1779/3909 2260/3910
f 2675/3911 2763/3912 2737/3913
f 1897/3914 2116/3915 2120/3916
f 2352/3917 2259/3900 2351/3899
f 1670/375 2012/374 2013/3918
f 2352/3919 2719/3920 2723/3921
f 2260/3910 1779/3909 2351/3922
f 1019/1103 1780/2517 972/710
f 1781/2426 1780/2517 341/1105
f 685/1913 1108/268 1783/3718
f 1780/2517 1781/2426 1672/3459
f 2264/2713 2267/2715 282/3923
f 2274/3924 2273/3925 1785/3926
f 282/2709 1783/2708 1108/268
f 1781/2426 1783/3718 1782/3720
f 1784/3008 2016/3210 2017/3927
f 1784/3008 2022/3928 2275/3006
f 2274/3929 2271/3724 2015/3723
f 1785/3011 2273/3925 2022/3018
f 1787/3152 786/2838 1349/3053
f 1798/3930 1789/671 1787/670
f 285/597 1797/3931 1798/2599
f 1787/670 1786/672 2023/3728
f 1797/3932 1539/3933 1793/3934
f 1796/3935 1791/3493 1790/3492
f 1798/3930 1787/670 1172/3051
f 1789/3494 1788/3936 1790/3492
f 1792/3501 1790/3506 1788/3936
f 1796/3496 1536/3937 1537/2108
f 1400/3491 1791/3226 1674/3489
f 1789/3494 1791/3493 1786/672
f 1793/3938 1792/3501 1788/3936
f 1793/2530 1794/2532 1795/3939
f 1797/3932 1793/3934 1788/3936
f 1799/2531 1793/2530 1539/3933
f 2469/3940 2277/3941 252/3942
f 1536/3943 2026/3505 2024/3504
f 1793/2530 1795/3939 1792/3501
f 2025/3944 1795/3939 1794/2532
f 1791/3493 1796/3935 1674/3489
f 1536/3937 1796/3496 1790/3506
f 1798/2599 1797/3931 1788/3936
f 1539/3933 1797/3932 285/597
f 1789/671 1798/3930 1788/3936
f 1798/3930 1172/3051 1304/598
f 2042/3945 1799/2531 1539/3933
f 1799/3946 1404/3947 2278/3948
f 2024/3504 1537/2108 1536/3943
f 2346/3949 2680/3950 2221/3951
f 1805/3952 1801/3953 1806/3954
f 2028/3955 2031/3751 1805/3753
f 2028/3955 1805/3753 1684/3956
f 2282/3957 2277/3958 2278/3959
f 1804/3234 1801/3233 1805/3952
f 2040/3960 2041/3961 2036/3962
f 1540/3738 1806/3954 1801/3740
f 1803/3963 2285/3964 1813/3965
f 2544/3966 2541/3967 2027/3968
f 1803/3752 1804/3234 1805/3753
f 1806/3249 1540/3738 1677/3247
f 1684/3956 1805/3753 1806/3249
f 1810/2557 1035/2551 1036/1367
f 1807/2555 1035/2554 1810/2557
f 1801/3233 1808/3758 1679/3741
f 1809/2556 1808/2550 286/580
f 1804/3234 1813/581 286/3232
f 1809/3969 1814/3970 1815/3971
f 349/2547 1076/2627 1811/3743
f 1817/2549 1816/1203 1679/2616
f 1072/1655 2034/2617 1071/325
f 1816/3972 1067/939 1678/2666
f 2286/3973 2284/3974 1802/3975
f 2037/3976 2035/3977 1812/3978
f 1803/3963 1813/3965 1804/3234
f 1813/3979 1812/3978 2035/3977
f 1809/3969 2035/3231 1814/3970
f 2035/3231 2037/3976 2039/3229
f 1809/3969 1815/3971 1035/2554
f 1814/3970 2044/3038 1815/3971
f 1816/3744 1678/2666 1680/3739
f 2032/3980 1811/2633 1071/325
f 1807/2548 1810/2557 1817/2549
f 1811/1205 1817/1204 1810/2557
f 1687/3256 1818/3767 1546/3252
f 2596/3981 1818/3767 1686/3766
f 1820/2683 1433/2682 1426/3279
f 2054/3982 2051/3983 2053/3984
f 2061/3529 1426/3279 1557/3286
f 2061/3985 2059/3986 2060/3987
f 1822/2800 1144/3066 1455/2801
f 1821/3988 1692/3989 1823/3990
f 1455/2801 1691/3328 2048/2799
f 1692/3989 1821/3988 1822/3067
f 2057/3991 1692/3320 2055/3319
f 2057/3992 2059/3770 1823/3769
f 1821/3988 1823/3990 1824/825
f 1824/825 1823/3990 346/1128
f 1587/1873 1697/1865 1826/3585
f 1858/1022 1825/3993 1698/901
f 1698/901 1825/3993 1826/3585
f 1587/1873 1826/3585 1825/1874
f 1833/3354 1827/3357 1589/3124
f 1830/3994 1829/3810 1827/3357
f 1891/3995 1862/3996 1894/3997
f 1863/3216 1733/3829 1735/3593
f 1475/3355 1829/3810 1713/3796
f 1830/3994 1827/3357 1704/3788
f 1832/3789 1704/3788 2063/3998
f 1828/3999 1829/3810 1830/3994
f 2158/4000 2156/4001 2064/4002
f 1832/3789 2295/4003 1830/3787
f 2063/3998 1704/3788 1472/2809
f 1832/3789 1831/4004 2295/4003
f 1581/1026 1833/3588 1153/1027
f 1827/3357 1833/3354 1704/3788
f 1842/4005 1834/4006 1838/4007
f 2086/4008 1834/3845 1866/3021
f 1843/4009 1841/4010 1718/4011
f 2299/4012 1835/4013 1845/4014
f 1850/4015 1852/4016 1721/4017
f 1721/3825 1724/3785 1850/4015
f 1839/3819 1837/3818 1717/3112
f 1837/3818 1841/3817 1843/4009
f 1717/3112 1840/3815 1839/3819
f 1847/4018 1841/4019 1838/4020
f 1840/3815 1717/3112 234/3114
f 1839/3819 1838/3816 1841/3817
f 1881/4021 1840/4022 2304/4023
f 1838/4007 1840/3815 1842/4005
f 1847/4024 1834/4025 1844/4026
f 1718/4011 1841/4010 1845/4027
f 1846/4028 1878/4029 1877/4030
f 1834/3845 1842/4005 1849/3022
f 1851/4031 1843/4009 1718/4011
f 1837/3820 1843/4009 1723/1996
f 2300/4032 2086/4033 2072/4034
f 1845/4014 1835/4013 2066/4035
f 1847/4018 1845/4027 1841/4019
f 1845/4014 1847/4018 2299/4012
f 2132/4036 2114/4037 2125/4038
f 1880/4039 1886/4040 1867/4041
f 1834/4025 1847/4024 1838/4007
f 1847/4018 1844/4026 2299/4012
f 1877/4042 2092/4043 2091/4044
f 1863/3216 1873/4045 1733/3829
f 1849/3022 1842/4005 1879/4046
f 1848/3023 1874/4047 1866/3021
f 1723/2058 1843/4009 1851/2059
f 1721/4017 1852/4016 727/4048
f 1718/4049 2066/2187 2075/2189
f 1850/2057 1851/2059 2075/4050
f 1850/4015 1836/4051 1852/4016
f 1836/4051 727/1999 1852/4016
f 1726/3784 1853/3828 1702/3799
f 1725/1990 2076/3823 2079/1991
f 2085/4052 2301/4053 2077/4054
f 2081/4055 272/1284 2083/1283
f 2084/2514 235/4056 2080/2515
f 662/1875 1825/1874 1858/1022
f 1725/1990 1856/1989 1853/3828
f 1856/903 1855/4057 1858/1022
f 1860/4058 2080/4059 2083/4060
f 476/881 1859/1282 272/876
f 1855/4057 1860/4061 1858/1022
f 1861/1533 1857/1530 324/1058
f 477/1528 1859/1531 476/881
f 1857/4062 1860/4058 2083/4060
f 2080/4059 1860/4058 1855/4057
f 1861/1533 1860/4058 1857/1530
f 662/1877 1858/1022 1861/1533
f 1861/1533 1858/1022 1860/4058
f 1878/4029 1846/4028 1875/4063
f 1906/4064 1862/4065 2181/4066
f 1278/4067 1865/3211 1868/3213
f 1873/4068 1868/4069 1869/4070
f 1278/4067 1394/526 1865/3211
f 1875/4071 1870/4072 1874/4073
f 1394/526 990/2507 1865/3211
f 1872/4074 1866/4075 1871/4076
f 1864/3212 1865/3211 1871/4077
f 2087/4078 1871/4077 1865/3211
f 1867/4079 1869/4080 1870/4081
f 1867/4041 1870/4081 1880/4039
f 1869/4070 1868/4069 1864/3212
f 1278/3215 1868/3213 1863/3216
f 1870/4081 1869/4080 1864/3212
f 1869/4070 1867/4079 1873/4068
f 1874/4073 1870/4072 1864/3212
f 1870/4081 1846/4082 1880/4039
f 2087/4078 1865/3211 990/2507
f 1874/4047 1871/4076 1866/3021
f 991/2470 2073/4083 990/2507
f 2074/4084 2073/4085 2070/4086
f 1873/4068 1863/3216 1868/4069
f 1867/4041 1886/4040 1884/4087
f 1874/4047 1864/3212 1871/4076
f 1875/4071 1874/4073 1848/3023
f 1879/4088 2092/4089 1878/4090
f 1870/4081 1875/4071 1846/4082
f 2064/4091 2292/4092 2289/4093
f 1885/4094 1846/4095 2088/4096
f 1878/4029 1875/4063 1848/3023
f 2088/4097 1877/4098 2089/4099
f 1879/4046 1848/3023 1849/3022
f 1879/4046 1878/4090 1848/3023
f 1840/4022 1881/4021 1842/4005
f 2093/4100 2092/4089 1879/4088
f 1885/4094 1880/4039 1846/4095
f 1880/4039 1887/4101 1886/4040
f 2304/4023 1840/4022 234/3114
f 1879/4046 1842/4005 1881/4021
f 1882/4102 1889/4103 2090/4104
f 1897/4105 1899/4106 1902/4107
f 1894/4108 1893/4109 1883/4110
f 1873/4045 1884/3848 1733/3829
f 1867/4079 1884/4087 1873/4068
f 1884/3848 1883/4110 1893/3849
f 2088/4097 1846/4095 1877/4098
f 1886/4040 1887/4101 1883/4111
f 1887/4101 1880/4039 1885/4094
f 1884/3848 1886/4040 1883/4110
f 1889/4103 1885/4112 2090/4104
f 1887/4101 1885/4094 1889/4103
f 1862/3996 1896/3313 1894/3997
f 1892/4113 1901/4114 1734/4115
f 1882/4116 2128/4117 2181/4118
f 2181/4119 1891/4120 1887/4121
f 2090/4104 2103/4122 1882/4102
f 1899/4123 1903/4124 1907/4125
f 1883/4111 1887/4101 1891/4120
f 1887/4121 1889/4103 2181/4119
f 1901/4114 1892/4113 1888/4126
f 1734/3830 1733/3829 1892/4113
f 1883/4110 1891/4120 1894/4108
f 1892/3847 1893/3849 1888/4126
f 1899/4127 1895/4128 1896/4129
f 1888/4126 1893/3849 1894/4108
f 1904/4130 1912/4131 1900/4132
f 1894/3312 1898/3314 1888/4126
f 1899/4127 1896/4129 1902/4107
f 1896/3313 1895/4128 1898/3314
f 1882/4102 2103/4122 2115/4133
f 2398/4134 1778/4135 2396/4136
f 1912/4137 1907/4138 1911/4139
f 1734/3846 1901/4114 1479/3843
f 1902/4107 1896/4129 1862/3996
f 1903/4124 1899/4123 1897/4105
f 2255/3199 2251/3198 2257/4140
f 1908/4141 1901/4142 1898/4143
f 1888/4126 1898/3314 1901/4114
f 1898/4143 1904/3196 1908/4141
f 1862/4065 1906/4064 1902/4107
f 1890/4144 2110/4145 1906/4146
f 2137/4147 2120/4148 2119/4149
f 1903/4124 231/4150 1907/4125
f 1895/4128 1899/4127 1907/4125
f 1904/4130 1900/4132 1909/4151
f 2251/3198 2008/3197 2250/4152
f 1479/3843 1901/4114 1905/3878
f 2181/4119 1862/4065 1891/4120
f 2127/4153 1890/4154 2128/4155
f 1907/4138 231/4150 1911/4139
f 1895/4128 1907/4125 1912/4137
f 1909/4151 1908/4141 1904/4130
f 1905/3878 1901/4114 1908/4141
f 2251/4156 1909/4151 1900/4132
f 1908/4141 1909/4151 1905/3878
f 2728/4157 2724/3514 2725/3516
f 2256/3373 2254/3372 1900/4158
f 2724/3514 1911/4139 231/3515
f 1912/4137 1911/4139 1910/4159
f 1912/4137 1910/4159 2256/4160
f 1912/4131 1904/4130 1895/4128
f 1743/3616 1913/3860 1601/3004
f 2531/3617 1913/3860 1742/3618
f 2531/4161 1914/3622 1606/3621
f 2228/4162 1914/4163 1744/4164
f 1915/3636 227/3679 1636/3424
f 1615/3629 1745/3628 1915/3636
f 1977/4165 1979/3418 1976/3417
f 1920/4166 1923/4167 1924/4168
f 1916/4169 1923/4167 1920/4166
f 2191/3545 2192/3544 1925/4170
f 227/3679 1918/3681 1641/3564
f 2198/4171 1917/4172 2197/4173
f 1745/3390 2182/2835 1920/3408
f 1917/4174 1918/3681 1919/3391
f 1922/4175 1927/4176 1926/4177
f 1917/4174 1919/3391 1920/3408
f 1984/4178 1975/4179 1976/4180
f 1933/3683 1936/4181 1932/3684
f 1927/3420 1922/4175 1928/3421
f 1924/4168 1917/4174 1920/4166
f 1923/4167 1916/4169 1928/4182
f 1923/4167 1922/4183 1924/4168
f 1926/4177 1925/4184 1922/4175
f 1924/4168 1922/4183 1925/4184
f 1933/4185 1925/4186 1921/4187
f 2186/4188 2185/4189 2190/4190
f 1922/4175 1923/4167 1928/3421
f 1921/4187 1925/4186 1926/4177
f 1979/4191 1986/3413 1490/3415
f 1926/4177 1927/4176 1978/4192
f 1916/4169 1931/4193 1928/4182
f 1929/3869 1483/3398 1494/415
f 1929/3869 1493/417 1986/4194
f 1929/3419 1928/3421 1931/4193
f 1950/4195 1965/4196 1489/4197
f 1569/4198 2204/4199 2203/4200
f 1931/4193 1916/4169 2183/3866
f 1929/3419 1931/4193 1483/3398
f 1933/4185 1921/4187 1935/4201
f 1937/4202 2184/3402 1932/3404
f 1984/4178 1976/4180 1628/4203
f 2188/4204 2191/4205 2196/4206
f 1930/4207 2184/3402 1937/4202
f 1935/4201 1936/4181 1933/4185
f 1935/4201 1921/4187 1977/4208
f 1935/4201 1934/4209 1936/4181
f 1967/3399 1975/3401 1965/4210
f 1936/4181 2229/4211 1932/3684
f 2229/4212 1934/3400 1967/3399
f 1489/4197 1947/4213 1950/4195
f 1939/3599 247/224 1596/3600
f 1939/3644 2674/4214 1941/3645
f 1481/3623 1609/2104 2674/3626
f 1939/3644 1938/3646 2225/2067
f 1744/4164 2227/4215 2228/4162
f 1623/4216 2226/3648 1943/3870
f 2674/3626 1939/3644 1481/3623
f 1941/3649 1940/4217 1942/3647
f 1943/3870 1942/3647 1946/4218
f 1623/4216 1943/3870 1751/2574
f 1944/4219 1945/4220 1951/4221
f 1945/4220 1625/3387 1951/4221
f 1952/4222 1940/4223 1955/4224
f 1957/4225 1959/4226 1960/4227
f 1625/3387 1945/4220 1629/3652
f 1947/3864 1945/3863 1944/4219
f 1942/3647 1952/2079 1946/4218
f 1954/2077 1952/2079 1955/4224
f 1949/4228 1964/4229 1962/4230
f 1947/4213 1489/4197 1984/3865
f 1948/3733 1963/4231 1983/3734
f 1676/4232 2235/4233 1800/4234
f 1944/4235 1946/4236 1960/4237
f 1970/4238 1966/4239 1949/4240
f 1964/4241 1947/3864 1944/4219
f 1966/4242 1965/4196 1950/4195
f 1943/3389 1946/4218 1951/3661
f 1944/4219 1951/4221 1946/4236
f 1942/3647 1940/4217 1952/2079
f 2228/4243 1955/4244 1348/4245
f 1958/4246 2227/4247 1170/4248
f 1958/4246 1170/4248 2231/4249
f 1954/4250 1953/4251 1957/4252
f 1946/4236 1954/2077 1960/4237
f 1955/4224 1940/4223 2674/4253
f 1953/4251 1954/4250 1955/4224
f 1957/4252 1953/4251 1958/4254
f 1963/4255 1971/4256 1962/4257
f 1953/4251 2227/4247 1958/4254
f 1957/4225 1956/4258 1959/4226
f 1982/4259 1963/4260 1956/4261
f 1956/4258 1957/4225 1958/4254
f 1962/4262 1959/4226 1956/4258
f 1944/4219 1959/4263 1964/4241
f 1957/4252 1960/4227 1954/4250
f 1944/4219 1960/4237 1959/4263
f 1969/420 1966/419 1970/4238
f 2230/4264 1969/4265 1968/4266
f 1963/4255 1962/4257 1956/4261
f 1964/4229 1949/4228 1950/4267
f 1982/4268 1958/4269 1974/4270
f 1981/4271 1971/4272 1948/4273
f 1964/4229 1950/4267 1947/3864
f 1959/4226 1962/4262 1964/4241
f 1966/4242 1950/4195 1949/4240
f 1965/4210 1961/4274 1967/3399
f 1981/4271 1970/4275 1971/4272
f 1961/418 1965/4210 1966/419
f 1961/4274 1980/4276 1967/3399
f 2229/4211 1937/4202 1932/3684
f 1968/4277 1981/4278 2237/4279
f 2220/4280 1937/4281 1973/4282
f 1969/4265 2230/4264 1973/4283
f 1973/4283 1961/418 1969/4265
f 1970/4238 1949/4240 1971/4272
f 1968/4266 1969/4265 1970/4238
f 1962/4230 1971/4256 1949/4228
f 1948/4273 1971/4272 1963/4231
f 2241/4284 2238/4285 2237/4286
f 2387/4287 2472/4288 2339/4289
f 1972/4290 2218/4291 2220/4292
f 1980/4293 1973/4282 1937/4281
f 1995/3732 1983/3734 2005/4294
f 1982/4259 1983/3734 1963/4260
f 1975/3401 1934/3400 1976/4180
f 1965/4196 1975/3401 1489/4197
f 1977/4208 1934/4209 1935/4201
f 1977/4208 1976/3417 1934/4209
f 1921/4187 1978/4295 1977/4208
f 1490/3415 1985/3416 1979/4191
f 1926/4177 1978/4192 1921/4187
f 1986/3413 1979/4191 1990/4296
f 1977/4165 1978/4295 1979/3418
f 1990/4296 1927/4297 1986/3413
f 1973/4282 1980/4293 1961/418
f 2229/4211 1980/4293 1937/4202
f 2238/4285 2241/4284 1995/4298
f 1970/4275 1981/4271 1968/4266
f 1958/4254 1982/4268 1956/4258
f 1983/3734 1982/4259 1974/4270
f 2231/4249 1170/4248 2523/4299
f 1532/3482 1999/4300 1526/3483
f 1984/4178 1628/4203 1945/3863
f 1975/4179 1984/4178 1489/4197
f 1985/3416 1490/3415 1627/3650
f 1976/4180 1985/3416 1628/4203
f 1929/3419 1986/4194 1927/3420
f 1991/3414 1986/3413 1493/417
f 1989/4301 1997/4302 1988/4303
f 2479/4304 2483/4305 1987/4306
f 1993/4307 1997/4308 1998/4309
f 2473/3470 2343/3469 2474/4310
f 1998/4311 1535/1133 1283/1132
f 1989/4301 1988/4303 2000/2833
f 1979/4191 1978/4295 1990/4296
f 1927/4176 1990/4296 1978/4192
f 1495/3407 1991/3422 1493/417
f 1490/3415 1991/3414 1491/3397
f 1974/4270 2004/4312 1983/3734
f 2346/3949 2221/3951 2240/4313
f 1993/4314 2232/4315 2234/4316
f 2482/4317 1988/4303 1997/4302
f 2478/4318 2479/4319 2473/4320
f 1994/4321 2554/4322 2557/4323
f 2004/4312 2005/4294 1983/3734
f 2238/4285 2236/4324 2237/4286
f 2519/3856 1267/4325 2517/3857
f 2552/4326 2476/4327 2478/4328
f 1998/4309 1997/4308 1989/4301
f 2482/4317 1997/4302 1993/4307
f 1535/1133 1998/4311 1989/3479
f 1998/4311 1283/1132 2232/3495
f 2002/3485 1999/3487 1532/3482
f 1994/4321 2557/4323 2559/4329
f 2480/4330 2477/4331 2000/4332
f 2003/3486 1994/4333 1999/3487
f 2231/4249 1974/4270 1958/4246
f 2987/4334 2550/4335 2475/4336
f 1533/3477 2002/3488 1532/3478
f 1531/3480 1989/3479 2003/2834
f 2003/3486 2000/2833 1994/4333
f 1531/3480 2003/2834 2002/3488
f 2528/4337 1974/4270 2231/4249
f 2004/4312 2001/4338 2005/4294
f 2001/4339 2532/4340 2987/4341
f 2005/4342 2475/4343 2549/4344
f 2342/4345 1753/4346 2349/4347
f 2007/3546 1574/3101 1573/3556
f 2007/4348 2006/4349 2348/4350
f 1570/3102 2007/3546 2393/3551
f 2252/3844 1479/3843 2250/3879
f 2251/3198 2250/4152 1905/3878
f 2009/3904 1381/3204 2258/4351
f 1774/3893 2009/3904 1775/3906
f 1897/3914 2120/3916 2136/4352
f 2396/4136 1778/4135 2351/3899
f 1778/4135 2398/4134 2406/4353
f 2011/360 2260/4354 2400/361
f 1779/3909 2012/3908 1776/3202
f 2013/3918 2012/374 2011/2858
f 2011/360 2403/359 2405/2233
f 1670/375 2013/3918 261/2908
f 2014/4355 2446/4356 2442/4357
f 2272/3722 2269/4358 2015/3723
f 2269/3460 1782/4359 2262/3461
f 2021/3010 2274/3924 1785/3011
f 1391/3208 2016/3207 1270/716
f 2017/3927 2016/3210 1264/3206
f 1264/3206 1393/2432 2017/3927
f 2017/3927 1393/2432 2021/3010
f 2444/4360 2447/4361 2442/4362
f 1267/3613 1604/3605 2019/4363
f 1604/3605 1268/3019 2019/4363
f 2020/2428 1268/2427 1270/716
f 2020/2428 1270/716 2016/3210
f 2018/3611 2019/3610 2020/2428
f 2276/3209 1393/2432 1523/2362
f 2274/3924 2021/3010 1524/3715
f 2275/3006 2022/3928 1673/4364
f 2017/3927 2022/3018 1784/3008
f 1282/2839 2023/3224 1400/3220
f 1787/670 2023/3728 786/2838
f 2025/3944 2026/4365 1795/3939
f 1676/4232 1800/4234 2024/3504
f 2277/4366 2025/3944 1794/2532
f 2277/4366 2469/3940 2025/3944
f 1795/3939 2026/4365 1536/3500
f 1676/3503 2026/3505 2025/3944
f 2452/3310 2355/3309 2449/4367
f 2283/4368 2357/3245 2281/3244
f 2029/4369 2028/3955 1684/3956
f 2028/4370 2027/4371 2030/4372
f 1684/3737 1682/3736 2029/4369
f 1683/3507 2545/3748 1682/3754
f 2027/4373 2360/4374 2363/4375
f 2284/3974 2030/4376 1802/3975
f 2028/4370 2030/4372 2031/3751
f 2031/3751 2030/4372 2284/3974
f 1068/2628 1410/2632 2033/3240
f 1816/1203 1811/1205 2032/2625
f 1816/3972 2033/2626 1067/939
f 1068/2628 2033/3240 2032/2625
f 1068/2628 2032/2625 2034/2617
f 1071/325 2034/2617 2032/3980
f 1813/581 2035/3977 1809/579
f 2036/3962 2037/4377 2040/3960
f 2042/4378 2041/4379 1404/4380
f 2047/4381 2042/4382 2288/4383
f 2040/3960 2037/4377 2287/4384
f 2037/3976 2036/3962 2039/3229
f 1812/3978 1813/3979 2285/3964
f 2282/3957 2278/3959 2279/4385
f 2043/4386 2039/3229 2036/3962
f 2046/2543 2044/4387 2045/2541
f 2287/4384 2037/4377 1812/3978
f 2041/3961 2040/3960 2038/4388
f 2041/3961 2038/4388 2279/4389
f 1799/3946 2042/3945 1404/3947
f 2288/4383 2043/4390 2047/4381
f 2036/3962 2041/3961 2042/4378
f 2042/4382 2047/4381 2036/3962
f 1402/3041 2043/3228 1302/1781
f 1814/3230 2039/3229 2044/3038
f 2045/2541 2044/4387 2039/3229
f 2043/3228 2045/2541 2039/3229
f 1289/2542 1031/1777 2046/2543
f 1288/2562 2046/3037 1031/1364
f 2044/4387 2046/2543 348/3039
f 2288/4383 2042/4382 1539/3933
f 2043/4390 2036/3962 2047/4381
f 2846/4391 2844/4392 2843/4393
f 1692/3989 1822/3067 2048/3778
f 2149/4394 2140/4395 2151/4396
f 2054/3982 2053/3984 1819/790
f 2384/4397 2052/3318 2048/3778
f 2056/4398 2049/4399 2322/4400
f 2323/4401 2317/4402 2131/4403
f 2146/3530 2174/3073 2176/4404
f 2384/4397 2048/3778 1565/3326
f 2055/3319 2052/3318 2050/4405
f 2054/3982 1819/790 1688/4406
f 2053/3984 2051/3983 2171/4407
f 1688/4406 2055/4408 2054/3982
f 2050/4405 2058/4409 2055/3319
f 2055/3319 1688/4406 2057/3991
f 2058/4410 2049/4399 2056/4398
f 2051/3983 2054/3982 2056/4411
f 2058/4409 2054/3982 2055/3319
f 2059/3770 2057/3992 1688/4406
f 1692/3989 2057/3991 1823/3990
f 2058/4409 2050/4405 2382/4412
f 2054/3982 2058/4409 2056/4411
f 2060/3987 2059/3986 1688/4406
f 2059/3770 1554/4413 2062/3768
f 1819/790 2060/3280 1688/4406
f 2061/3985 2060/3987 1820/2683
f 2061/3529 1820/2683 1426/3279
f 1554/2688 2059/3770 2061/3529
f 1555/2739 2062/2738 1554/2688
f 1823/3769 2062/3768 346/1128
f 2290/4414 2063/2814 1329/2816
f 1832/3789 2063/3998 1831/4004
f 2105/4415 2121/4416 2094/4417
f 2104/4418 2105/4419 2112/4420
f 982/2439 2065/2441 270/2266
f 1719/2183 2065/3821 826/2190
f 1845/4027 2066/4035 1718/4011
f 2065/3821 2066/2187 1835/2442
f 2068/1998 2067/3822 770/931
f 2075/2189 2067/2185 1836/2000
f 771/817 2068/2064 770/931
f 727/1999 2068/1998 728/2063
f 2070/4086 2071/4421 2074/4084
f 985/2438 270/2266 2071/2469
f 983/2450 2070/2462 992/2458
f 1844/4422 2072/4423 2074/4424
f 2074/4084 2071/4421 2069/2467
f 2071/2469 2070/4086 983/2450
f 2300/4032 2072/4034 1844/4422
f 2073/4425 2072/4426 1872/4427
f 990/2507 2073/4083 1872/4427
f 991/2470 2070/2462 2073/4083
f 1844/4422 2074/4424 2069/2467
f 2073/4085 2074/4084 2072/4426
f 1850/4015 2075/4050 1836/4051
f 1718/4011 2075/2189 1851/4031
f 2301/3827 1721/3825 727/4048
f 2079/1991 2076/3823 1854/4428
f 2078/1986 727/1999 728/1987
f 2077/4429 2078/3030 2302/3029
f 1018/3027 2078/3030 1280/1519
f 2078/3030 2077/4429 2301/4053
f 1855/4057 2082/2516 2080/4059
f 1856/903 2079/1991 1855/4057
f 1855/4057 2079/1991 2082/2516
f 675/1511 2081/1275 235/1281
f 272/876 2081/4055 396/877
f 235/1281 2081/1275 2080/2515
f 2079/1991 1854/4428 2082/2516
f 1854/4430 2301/4053 2085/4052
f 1857/1530 2083/4060 1859/1531
f 2080/4059 2081/1275 2083/4060
f 2085/4052 2082/2516 1854/4430
f 2302/3029 2084/4431 2077/4429
f 2077/4429 2084/4431 2085/4052
f 2082/2516 2085/4052 2084/2514
f 1866/3021 1872/4074 2086/4008
f 2072/4034 2086/4033 1872/4427
f 990/2507 1872/4427 2087/4078
f 1871/4077 2087/4078 1872/4074
f 2089/4099 1877/4098 2091/4044
f 1885/4112 2088/4096 2090/4104
f 2095/2464 2097/4432 1876/2465
f 1876/4433 2107/4434 2089/4435
f 2089/4099 2108/4436 2088/4097
f 2103/4437 2108/4438 2125/4439
f 1877/4042 1878/4029 2092/4043
f 1876/4433 2089/4435 2091/4044
f 1881/4021 2304/4023 1879/4046
f 1876/4433 2091/4044 2092/2466
f 2098/4440 2093/4441 2106/4442
f 1710/4443 2297/4444 2098/4445
f 2121/4416 2105/4415 2122/4446
f 2110/4145 2116/4447 1906/4146
f 2092/2466 2093/4100 2095/2464
f 2098/4448 2096/4449 2097/4450
f 2100/4451 2104/4452 2099/4453
f 2097/4450 2096/4449 2100/4454
f 2093/4100 2097/4432 2095/2464
f 2104/4452 2100/4451 2364/4455
f 2097/4450 2093/4100 2098/4448
f 2093/4441 2304/4456 2106/4442
f 2099/4453 2104/4452 2112/4420
f 2097/4432 2100/4454 1876/2465
f 2294/3351 1828/3350 2293/4457
f 2100/4451 2099/4453 2107/4458
f 2306/4459 2755/4460 2753/4461
f 2128/4117 1890/4154 2181/4118
f 2123/4462 2064/4463 2144/4464
f 2102/4465 2122/4446 2105/4415
f 2108/4438 2103/4437 2090/4104
f 2126/4466 2115/4133 2103/4122
f 2364/4455 2100/4451 2096/4449
f 2105/4419 2104/4418 2102/4465
f 2123/4467 2111/4468 2122/4469
f 2105/4419 2094/4417 2112/4420
f 1711/3113 2106/3806 234/3114
f 1710/4443 2098/4445 2106/3806
f 2100/4454 2107/4458 1876/2465
f 2114/4470 2107/4458 2099/4453
f 2088/4096 2108/4436 2090/4104
f 2132/4471 2089/4435 2107/4434
f 2305/4472 2124/4473 2114/4474
f 2539/4475 2538/4476 2602/4477
f 2150/4478 2094/4479 2149/4480
f 1897/3914 1902/4107 2116/3915
f 2145/4481 2140/4482 2143/4483
f 2139/4484 2145/4485 2147/4486
f 2305/4487 2094/4488 2113/4489
f 2305/4472 2114/4474 2099/4453
f 2094/4417 2121/4416 2149/4480
f 2160/4490 2155/4491 2113/4492
f 2099/4453 2112/4420 2305/4472
f 2114/4474 2124/4473 2125/4038
f 2126/4466 2103/4122 2101/4493
f 2115/4494 2109/4495 2127/4496
f 1906/4146 2116/4447 1902/4107
f 2133/4497 2119/4149 2120/4148
f 2161/4498 2333/4499 2109/4500
f 2650/4501 2463/4502 2644/4503
f 2163/4504 2129/4505 2332/4506
f 2767/4507 2426/4508 2793/4509
f 2134/4510 2116/4447 2110/4145
f 2135/4511 231/4150 1903/4124
f 2134/4512 2129/4513 2133/4514
f 2136/4352 2120/3916 2137/4147
f 2139/4484 2140/4482 2145/4485
f 2121/4515 2111/4516 2140/4517
f 2122/4446 2102/4465 2123/4467
f 2121/4515 2122/4446 2111/4516
f 2123/4518 2294/3351 2293/4457
f 2295/4519 2289/4093 2292/4092
f 2155/4491 2124/4520 2113/4492
f 2125/4038 2124/4473 2101/4521
f 2103/4437 2125/4439 2101/4493
f 2108/4436 2089/4099 2132/4471
f 2155/4522 2126/4466 2101/4493
f 2115/4133 2126/4466 2164/4523
f 2332/4524 2127/4496 2109/4495
f 1890/4144 2127/4153 2110/4145
f 1882/4102 2115/4133 2128/4117
f 2127/4496 2128/4155 2115/4494
f 2109/4495 2115/4494 2164/4523
f 2133/4497 2306/4525 2119/4149
f 2119/4526 2138/4527 2731/4528
f 2119/4526 2731/4528 2137/4147
f 2376/4529 2373/4530 2322/4531
f 2779/4532 2755/4533 2773/4534
f 2114/4470 2132/4036 2107/4458
f 2108/4436 2132/4471 2125/4439
f 2134/4510 2120/3916 2116/4447
f 2306/4525 2133/4497 2129/4513
f 2134/4510 2110/4145 2332/4535
f 2120/4148 2134/4510 2133/4497
f 2136/4352 1903/4124 1897/3914
f 2135/4536 2130/4537 2725/4538
f 2130/4537 2135/4536 2136/4539
f 2136/4352 2135/4536 1903/4124
f 2138/4527 2119/4526 2676/4540
f 2130/4537 2136/4539 2137/4147
f 2739/4541 2738/4542 2764/4543
f 2727/4544 2725/4538 2130/4537
f 2143/4483 2140/4482 2111/4516
f 2307/4545 2139/4484 2147/4486
f 2144/4546 2141/4547 2143/4548
f 2140/4395 2139/4484 2151/4396
f 2152/4549 2156/4550 269/4551
f 2145/4552 2141/4553 2148/4554
f 2366/4555 2129/4505 2163/4504
f 2094/4479 2150/4478 2113/4489
f 2144/4546 2143/4548 2111/4516
f 2143/4548 2141/4547 2145/4481
f 2123/4467 2144/4464 2111/4468
f 2144/4464 2064/4463 2156/4001
f 2159/4556 2148/4557 2152/4558
f 2148/4554 2147/4486 2145/4552
f 2159/4556 2146/3530 2148/4557
f 2167/4559 2168/4560 2170/4561
f 2335/4562 2146/3530 2176/4404
f 2147/4486 2337/4563 2307/4545
f 2152/4558 2148/4557 2141/4553
f 2147/4486 2148/4554 2146/3530
f 2140/4517 2149/4394 2121/4515
f 2149/4480 2142/4564 2150/4478
f 2160/4565 2178/4566 2154/4567
f 2113/4489 2150/4478 2160/4490
f 2308/4568 2139/4484 2307/4545
f 2149/4394 2151/4396 2142/4564
f 2156/4550 2152/4549 2141/4553
f 2152/4549 269/4551 2159/4556
f 2172/4569 2180/4570 2309/4571
f 2153/4572 2179/4573 2313/4574
f 2160/4565 2180/4575 2178/4566
f 2164/4523 2161/4498 2109/4495
f 2155/4522 2101/4493 2124/4520
f 2155/4576 2154/4577 2161/4578
f 2144/4464 2156/4001 2141/4547
f 2157/4579 2158/4580 2289/4581
f 2291/4582 1329/4583 2331/4584
f 2158/4000 2330/4585 2156/4001
f 2289/4581 2158/4580 2064/4091
f 2158/4580 2157/4579 2330/4585
f 269/4551 2165/4586 2159/4556
f 2168/4587 2177/4588 1558/4589
f 2180/4590 2150/4478 2142/4564
f 2155/4576 2160/4490 2154/4577
f 2178/4566 2179/4591 2154/4567
f 2154/4592 2162/4593 2333/4594
f 2784/4595 2753/4461 2755/4460
f 2134/4510 2332/4535 2129/4513
f 2333/4499 2163/4596 2109/4500
f 2676/4597 2306/4459 2753/4461
f 2126/4466 2155/4522 2164/4523
f 2161/4498 2164/4523 2155/4576
f 1564/3079 2166/3288 1436/3269
f 1558/4589 2177/4588 2338/4598
f 2165/4599 2173/3290 2166/3059
f 2330/4600 2325/3060 2173/3290
f 2168/4587 1558/4589 1690/3283
f 2171/4407 2170/4601 2053/3984
f 1690/3283 1312/3282 2168/4587
f 2170/4561 2168/4560 1312/3282
f 2334/4602 2368/4603 2176/4604
f 2174/4605 2167/4606 2334/4607
f 2053/791 2170/4601 1312/789
f 2170/4608 2169/4609 2334/4610
f 2322/4400 2051/3983 2056/4398
f 2170/4608 2171/4407 2169/4609
f 2142/4564 2151/4396 2308/4611
f 2179/4591 2162/4593 2154/4567
f 2165/4586 269/4551 2173/3290
f 2328/4612 2325/3060 2330/4600
f 2175/3072 2159/3074 2165/4586
f 2174/3073 2334/4607 2176/4404
f 2338/4598 2177/4588 2175/3775
f 2167/3774 2174/4605 2175/3775
f 2368/4613 2169/4614 2374/4615
f 2146/3530 2335/4562 2147/4486
f 2167/3774 2177/3776 2168/4560
f 2175/3072 2165/4586 2338/4598
f 2180/4575 2160/4565 2150/4478
f 2178/4566 2172/4616 2179/4591
f 2172/4617 2314/4618 2313/4619
f 2774/4620 2179/4573 2153/4572
f 2309/4621 2142/4564 2308/4611
f 2178/4566 2180/4575 2172/4616
f 2181/4119 1889/4103 1882/4116
f 1906/4064 2181/4066 1890/4144
f 2183/3866 2182/3868 1482/2837
f 1920/4166 2182/2835 1916/4169
f 1616/3393 2183/3395 1482/3165
f 2183/3866 1619/3394 1931/4193
f 1930/4207 2186/4622 2184/3402
f 2193/4623 1637/3686 1643/3688
f 2682/4624 2222/4625 2221/4626
f 1637/3686 2193/4623 2195/4627
f 2211/4628 2214/4629 2217/4630
f 2190/4190 2188/4631 2186/4188
f 2189/4632 2197/4633 2202/4634
f 1917/4174 1924/4168 2192/4635
f 2186/4188 2188/4631 2184/3402
f 2188/4204 2187/4636 2191/4205
f 2193/4637 1640/3657 2198/3685
f 2187/4638 2190/4639 2199/4640
f 2199/4640 2190/4639 2200/4641
f 2187/4638 2188/4204 2190/4639
f 2201/4642 2189/4632 2202/4634
f 1933/4185 2191/3545 1925/4186
f 1925/4184 2192/3544 1924/4168
f 2187/4643 2201/4642 2202/4634
f 1640/3657 2193/4637 1643/3669
f 2207/4644 2189/4632 2201/4642
f 2200/4641 2194/4645 2199/4640
f 2204/4199 1569/4198 2206/4646
f 2189/4647 2195/4627 2193/4623
f 2206/4646 2209/3701 2204/4199
f 2188/4204 2196/4206 1932/3404
f 2191/3545 1933/4185 2196/4206
f 2189/4647 2193/4623 2198/3685
f 1917/4174 2192/4635 2197/4173
f 1917/4172 2198/4171 1918/3681
f 2189/4647 2198/3685 2197/4633
f 2200/4641 2190/4639 2185/4189
f 2194/3700 2195/3702 2207/4648
f 2203/4649 2200/4641 2185/4189
f 2204/4199 2200/4641 2203/4200
f 2187/4638 2199/4640 2201/4642
f 2199/4640 2194/4645 2207/4648
f 2192/4635 2202/3543 2197/4173
f 2191/4205 2187/4636 2202/3543
f 2215/4650 2186/4622 1930/4207
f 2185/4189 2214/4651 2203/4649
f 2881/4652 1569/4653 2472/4654
f 2194/3700 2200/4641 2204/3707
f 2248/4655 2341/4656 2006/4657
f 1658/3704 1637/3686 2210/3697
f 2881/3871 2206/3873 1569/4653
f 2206/3873 2205/3872 2209/3701
f 2189/4632 2207/4644 2195/4627
f 2199/4640 2207/4648 2201/4642
f 2222/4658 2208/4659 2219/4660
f 1569/4198 2203/4200 2340/4661
f 2212/3698 2210/3697 2213/4662
f 2210/3697 1637/3686 2195/3702
f 2209/3701 2205/3872 2213/4663
f 1656/3349 2212/4664 1655/3705
f 2217/4630 2214/4629 2185/4189
f 2388/4665 2340/4666 2211/4667
f 1658/3704 2212/3698 1656/3699
f 2210/3697 2209/3701 2213/4662
f 2216/3553 2213/3555 2205/3872
f 1655/3703 2212/4664 2213/3555
f 2217/4630 2185/4189 2186/4188
f 2340/4666 2214/4629 2211/4667
f 2218/4668 2215/4650 1930/4207
f 2388/4669 2219/4660 2208/4659
f 2881/3871 2216/3553 2205/3872
f 2216/3553 2342/4670 2341/3554
f 2186/4188 2215/4650 2217/4630
f 2217/4630 2215/4650 2211/4628
f 2220/4292 2218/4291 1930/4207
f 2218/4291 1972/4290 2223/4671
f 2211/4628 2215/4650 2219/4672
f 2222/4673 2215/4650 2218/4668
f 1937/4202 2220/4280 1930/4207
f 1972/4290 2220/4292 1973/4282
f 2237/4279 2247/4674 1968/4277
f 2487/4675 2347/4676 2485/4677
f 2215/4650 2222/4673 2219/4672
f 2223/4671 2222/4673 2218/4291
f 1972/4678 2244/4679 2240/4680
f 2222/4673 2223/4671 2221/4626
f 1630/2083 2224/2082 1623/3663
f 2225/2067 2224/2066 1747/3662
f 1749/2071 2225/2070 1747/3662
f 1939/3644 2225/2067 247/224
f 2224/2082 2226/3643 1623/3663
f 1941/3645 2226/3648 1938/3646
f 2228/4162 2227/4215 1953/4251
f 2227/4215 1744/4164 2530/4681
f 1955/4224 2228/4243 1953/4251
f 2228/4162 1348/4245 1914/4163
f 1934/4209 2229/4212 1936/4181
f 1980/4293 2229/4211 1967/3399
f 2247/4682 2245/4683 2239/4684
f 1972/4290 1973/4282 2230/4264
f 1170/4248 2529/4685 2523/4299
f 2528/4337 2004/4312 1974/4270
f 1676/4232 2468/4686 2235/4233
f 1998/4311 2232/3495 1993/4307
f 2361/4687 2467/3729 252/3731
f 2208/4688 2682/4689 2686/4690
f 2235/4233 2232/3495 1800/4234
f 2482/4317 1993/4307 2484/4691
f 2233/4692 2234/4693 2235/4694
f 2235/4694 2234/4693 2232/3495
f 2236/4324 2238/4285 2246/4695
f 2244/4679 1972/4678 2230/4264
f 2241/4696 1981/4271 1948/4273
f 2236/4324 2245/4697 2237/4286
f 1995/4298 2242/4698 2238/4285
f 2390/4699 2246/4700 2242/4701
f 2392/4702 2487/4675 2485/4677
f 2223/4671 2240/4313 2221/4626
f 1972/4290 2240/4680 2223/4671
f 2347/4703 2346/3949 2240/4313
f 1981/4278 2241/4696 2237/4279
f 1995/4298 2241/4284 1948/3733
f 2549/4704 2242/4698 1995/4298
f 2242/4701 1992/4705 2390/4699
f 2390/4706 2343/4707 2243/4708
f 2392/4702 2488/4709 2487/4675
f 2247/4674 2230/4264 1968/4277
f 2240/4680 2244/4679 2239/4710
f 2245/4697 2236/4324 2485/4711
f 2247/4682 2239/4684 2244/4679
f 2242/4701 2246/4700 2238/4285
f 2392/4712 2246/4713 2243/4714
f 2245/4683 2247/4682 2237/4286
f 2230/4264 2247/4674 2244/4679
f 2341/4656 2248/4655 1657/3672
f 2007/3558 2248/3557 2006/4349
f 1569/4653 2340/4661 2472/4654
f 2847/4715 2841/4716 2846/4717
f 1905/3878 1909/4151 2251/3198
f 2252/3844 2250/3879 2008/3197
f 2254/3372 2251/4156 1900/4158
f 2008/3197 2255/3199 1760/3836
f 2253/3841 2008/3838 1755/3875
f 2252/3844 1729/3833 1732/3842
f 1729/3833 2252/3844 2253/3841
f 2008/3197 2253/3841 2252/3844
f 1912/4137 2256/4160 1900/4132
f 1381/3204 1382/973 2257/3203
f 2257/4140 2251/3198 2254/3372
f 1199/3888 1760/3887 2255/3199
f 1910/4159 1380/4718 2256/4160
f 2258/3374 2256/3373 1380/4718
f 2257/4140 2254/3372 1381/3204
f 1199/3888 2255/3199 2257/3203
f 2009/3904 2258/4351 1380/3891
f 2254/3372 2258/3374 1381/3204
f 2352/4719 1779/3907 1521/3201
f 2397/4720 2396/3898 2259/3900
f 2400/4721 1778/4722 2399/4723
f 2012/374 2260/3910 2011/2858
f 1111/270 2264/2713 282/2711
f 2266/2593 2270/2595 2261/4724
f 1783/3718 2262/2707 1782/3720
f 2267/2715 2262/2707 282/3923
f 2657/4725 2565/3222 2268/3221
f 2266/2593 2268/4726 2014/2594
f 1300/2712 2264/3047 1111/270
f 2661/4727 2264/3047 1057/2527
f 2265/4728 2270/4729 2442/4730
f 2273/3925 1673/4364 2022/3018
f 2261/3462 2262/3461 2267/2715
f 2266/2593 2263/4731 2268/4726
f 2263/4731 2266/2593 2267/2715
f 2261/4724 2267/2715 2266/2593
f 2656/4732 2654/4733 2653/4734
f 2566/4735 2556/4736 2564/4737
f 2270/2595 2269/3460 2261/4724
f 2015/3723 2269/4358 2265/4738
f 2442/4730 2270/4729 2014/4355
f 2269/4358 2270/2595 2265/4738
f 1671/1912 2271/1911 1524/4739
f 2272/3722 2271/3724 1672/1910
f 1781/3719 2272/3721 1672/3459
f 2269/3460 2272/3722 1782/4359
f 2015/3723 2265/4738 2273/4740
f 2447/4741 2273/4740 2265/4738
f 2271/1911 2274/3929 1524/4739
f 2273/3925 2274/3924 2015/3723
f 2445/3727 2275/3726 1673/4364
f 2020/3007 2275/3006 2018/3611
f 1524/3715 2276/3717 1671/1912
f 1393/2432 2276/3209 2021/3010
f 2278/3948 1794/2532 1799/3946
f 2277/3958 1794/2532 2278/3959
f 2279/4389 1404/4380 2041/3961
f 1404/3947 2279/4389 2278/3948
f 2038/4388 2280/4742 2279/4389
f 2281/4743 252/3942 2277/3941
f 2038/4744 2285/4745 2286/4746
f 2356/4747 2358/4748 2362/4749
f 2279/4389 2280/4742 2283/4750
f 2361/4687 252/3731 2281/3244
f 2283/4750 2282/3957 2279/4389
f 2277/3958 2282/3957 2281/4743
f 2280/4751 1802/4752 2358/4753
f 2282/3957 2283/4750 2281/4743
f 1802/4752 2280/4751 2286/3973
f 2031/3751 2284/3974 1803/3752
f 2038/4388 2040/3960 2287/4384
f 1803/3963 2284/3974 2285/3964
f 2038/4744 2286/4746 2280/4742
f 2284/3974 2286/3973 2285/3964
f 1812/3978 2285/3964 2287/4384
f 2038/4744 2287/4384 2285/4745
f 2288/4383 1539/3933 285/597
f 2043/4390 2288/4383 1302/1781
f 2289/3801 2290/3800 2291/4754
f 2292/4092 2064/4091 2123/4462
f 2063/3998 2290/4414 1831/4004
f 2291/4582 2290/3800 1329/4583
f 2329/4755 2324/4756 2331/4757
f 2157/4579 2289/4581 2291/4754
f 2123/4518 2293/4457 2292/4092
f 2293/4457 2295/4519 2292/4092
f 2294/3351 2123/4518 2102/4465
f 2295/4519 2293/4457 1828/3350
f 2364/4455 2102/4465 2104/4452
f 2294/3351 2364/4758 2296/3352
f 2295/4003 1828/3350 1830/3787
f 2295/4519 1831/4004 2289/4093
f 2096/4449 2098/4448 2297/4444
f 1829/3810 1828/3999 2296/815
f 1829/814 2297/816 1710/3805
f 2096/4449 2297/4444 2296/815
f 2065/2444 2298/2443 270/2266
f 2299/4012 2298/2443 1835/4013
f 1844/4026 2069/2467 2299/4012
f 2299/4012 2069/2467 2298/2443
f 1844/4422 1834/4025 2300/4032
f 2086/4033 2300/4032 1834/3845
f 2076/3823 2301/3827 1854/4428
f 2078/1986 2301/4053 727/1999
f 2303/1280 2302/1279 1018/3028
f 2084/4431 2302/3029 235/4056
f 1018/3027 1279/1047 2365/1049
f 2303/1513 468/1512 675/1895
f 2106/4442 2304/4456 234/3114
f 1879/4088 2304/4023 2093/4100
f 2094/4488 2305/4487 2112/4420
f 2124/4520 2305/4472 2113/4492
f 2366/4555 2306/4525 2129/4505
f 2367/4759 2755/4760 2366/4761
f 2308/4611 2312/4762 2309/4621
f 2308/4611 2151/4396 2139/4484
f 2308/4611 2315/4763 2312/4762
f 2309/4621 2180/4570 2142/4564
f 2318/4764 2315/4765 2317/4766
f 2172/4617 2309/4571 2314/4618
f 2316/4767 2318/4768 2310/4769
f 2310/4769 2318/4768 2371/4770
f 2314/4771 2312/4772 2316/4773
f 2758/4774 2786/4775 2757/4776
f 2308/4611 2307/4545 2315/4763
f 2312/4772 2318/4768 2316/4773
f 2172/4617 2313/4619 2179/4591
f 2778/4777 2313/4778 2311/4779
f 2312/4772 2314/4771 2309/4621
f 2313/4619 2314/4618 2311/4779
f 2307/4545 2131/4780 2315/4763
f 2315/4765 2131/4780 2317/4766
f 2777/4781 2316/4782 2993/4783
f 2314/4618 2316/4773 2311/4779
f 2176/4404 2336/4784 2335/4562
f 2319/4785 2832/4786 2831/4787
f 2315/4763 2318/4764 2312/4762
f 2371/4770 2318/4768 2317/4766
f 2376/4788 2377/4789 2319/4790
f 2834/4791 2836/4792 2830/4793
f 2373/4794 2171/4407 2051/3983
f 2336/4795 2320/4796 2385/4797
f 2386/4798 2337/4799 2336/4800
f 2370/4801 2372/4802 2830/4803
f 2322/4804 2378/4805 2377/4806
f 2385/4807 2376/4788 2319/4790
f 2386/4808 2323/4401 2131/4403
f 2372/4809 2323/4810 2321/4811
f 1329/2816 1583/2815 2329/4812
f 1308/2785 2327/3532 2326/4813
f 269/4551 2330/4600 2173/3290
f 2325/4814 2324/4815 2327/4816
f 1308/2785 2326/4813 1695/3265
f 2329/4755 2326/3579 2324/4756
f 2325/3060 2327/4816 1436/3058
f 2326/3579 2327/3532 2324/4756
f 2331/4584 2157/4579 2291/4582
f 2324/4815 2325/4814 2328/4612
f 2324/4815 2328/4612 2331/4757
f 1584/3581 2329/3580 1583/3524
f 2330/4585 269/4551 2156/4001
f 2157/4579 2328/4612 2330/4585
f 2331/4757 2328/4612 2157/4579
f 1329/2816 2329/4812 2331/4584
f 2127/4496 2332/4524 2110/4145
f 2109/4500 2163/4596 2332/4524
f 2154/4577 2333/4594 2161/4578
f 2367/4817 2333/4594 2162/4593
f 2170/4561 2334/4610 2167/4559
f 2368/4613 2334/4602 2169/4614
f 2368/4603 2336/4784 2176/4604
f 2307/4545 2337/4563 2131/4780
f 2320/4796 2376/4788 2385/4797
f 2386/4808 2321/4811 2323/4401
f 2147/4486 2335/4562 2337/4563
f 2336/4800 2337/4799 2335/4562
f 2166/3059 2338/3533 2165/4599
f 1558/2698 2338/4598 1313/3531
f 2682/4624 2221/4626 2680/3950
f 2688/4818 2684/4819 2709/4820
f 2214/4651 2340/4666 2203/4649
f 2211/4628 2219/4672 2388/4665
f 2341/3554 1657/3672 1661/3569
f 2342/4345 2216/3553 1753/4346
f 2860/4821 2864/4822 2882/4823
f 2006/4657 2341/4656 2342/4670
f 2572/4824 1992/4825 2475/4826
f 2491/4827 2492/4828 2486/4829
f 2486/4829 2488/4830 2491/4827
f 2470/4831 2575/4832 2548/4833
f 2347/4834 2239/4684 2245/4683
f 2685/4835 2681/4836 2344/4837
f 2347/4834 2240/4313 2239/4684
f 2716/4838 2680/3950 2346/3949
f 2246/4713 2392/4712 2485/4677
f 2345/4839 2346/3949 2347/4703
f 2349/4347 2006/4657 2342/4345
f 2348/4840 2249/4841 2394/4842
f 2249/4841 2348/4840 2349/4843
f 2349/4347 2348/4840 2006/4657
f 2858/4844 2859/4845 2864/4846
f 1457/3302 251/3304 2494/3341
f 2260/3910 2351/3922 1778/4135
f 2352/3917 2351/3899 1779/3907
f 2719/4847 1521/3201 1773/3453
f 2719/3903 2718/3902 2723/3921
f 2722/4848 2729/4849 2721/4850
f 2742/4851 2747/4852 2748/4853
f 2561/4854 2570/4855 2560/4856
f 2444/4857 2445/3727 1673/4364
f 2452/4858 2453/4859 2451/4860
f 2465/4861 2613/4862 2459/4863
f 2357/3245 2283/4368 2358/4864
f 2363/4375 2030/4372 2027/4373
f 2283/4750 2280/4742 2358/4864
f 2356/4865 2359/4866 2361/4867
f 2030/4372 2363/4375 1802/3975
f 2356/4747 2357/3245 2358/4748
f 2356/4865 2448/4868 2359/4866
f 2468/4686 1676/4232 2471/4869
f 1411/3750 1681/3518 2535/4870
f 2449/4871 2448/4868 2356/4865
f 2356/4865 2361/4867 2357/3245
f 2361/4867 2359/4866 2467/3729
f 2358/4753 1802/4752 2363/4375
f 2362/4872 2360/4873 2449/4874
f 2360/4374 2362/4872 2363/4375
f 2363/4375 2362/4872 2358/4753
f 2296/815 2364/4758 2096/4449
f 2102/4465 2364/4455 2294/3351
f 468/1512 2365/1514 469/984
f 1018/3028 2365/1049 2303/1280
f 2367/4817 2163/4596 2333/4594
f 2366/4761 2163/4504 2367/4759
f 2773/4875 2367/4876 2774/4877
f 2780/4878 2779/4532 2773/4534
f 2374/4615 2169/4614 2171/4407
f 2336/4795 2368/4603 2320/4796
f 2918/4879 2928/4880 2929/4881
f 2741/4882 2749/4883 2759/4884
f 2371/4770 2317/4766 2372/4885
f 2787/4886 2838/4887 2839/4888
f 2317/4766 2323/4401 2372/4885
f 2992/4889 2371/4890 2370/4891
f 2319/4785 2831/4787 2833/4892
f 2370/4801 2371/4890 2372/4802
f 2320/4796 2368/4603 2374/4615
f 2051/3983 2322/4400 2373/4794
f 2171/4407 2373/4794 2374/4615
f 2320/4796 2374/4615 2373/4794
f 2378/4893 2049/4894 2380/4895
f 2835/4896 2834/4897 2829/4898
f 2373/4794 2376/4529 2320/4796
f 2377/4806 2376/4788 2322/4804
f 2378/4805 2322/4804 2049/4894
f 2377/4899 2375/4900 2832/4901
f 2049/4894 2382/4902 2380/4895
f 2375/4900 2377/4899 2378/4805
f 2843/4393 2844/4392 2845/4903
f 2378/4805 2380/4895 2375/4900
f 2380/3773 2382/4902 2381/3771
f 2380/3773 2379/3772 2841/4904
f 2384/4397 2050/4405 2052/3318
f 2384/4905 1453/4906 2383/4907
f 2058/4410 2382/4412 2049/4399
f 2050/4405 2381/3771 2382/4412
f 2379/3772 2381/3771 2383/4908
f 2384/4905 2383/4907 2381/3771
f 2384/4397 2381/3771 2050/4405
f 1453/4906 2384/4905 1565/3326
f 2319/4790 2321/4909 2385/4807
f 2386/4808 2385/4807 2321/4811
f 2337/4799 2386/4798 2131/4780
f 2385/4807 2386/4808 2336/4795
f 2709/4910 2868/4911 2871/4912
f 2874/4913 2880/4914 2387/4915
f 2687/4916 2682/4917 2679/4918
f 2472/4288 2389/4919 2339/4289
f 2340/4666 2388/4665 2389/4920
f 2388/4921 2686/4922 2688/4923
f 2390/4706 2243/4708 2246/4700
f 2474/4924 2390/4699 1992/4705
f 2570/4925 2562/4926 2569/4927
f 2391/4928 2478/4318 2473/4320
f 2491/4827 2243/4929 2492/4828
f 2347/4676 2487/4675 2345/4839
f 2007/4348 2348/4350 2394/3330
f 1571/926 2395/3548 251/927
f 2859/4930 2394/4842 2249/4841
f 2350/4931 2393/3331 2394/3330
f 2393/3331 2350/4931 2395/3548
f 2494/3341 2395/3340 2883/4932
f 2259/3900 2723/4933 2397/4720
f 2398/4134 2396/4136 2353/4934
f 2738/4935 2010/4936 2726/4937
f 2353/4934 2396/4136 2397/4720
f 2794/4938 2792/4939 2793/4940
f 2398/4134 1777/4941 2406/4353
f 2424/4942 2434/4943 2409/4944
f 1082/2644 1087/2646 2410/2656
f 1778/4722 2400/4721 2260/3910
f 2404/4945 2402/4946 2403/4947
f 2411/4948 2404/4949 2399/4950
f 2437/4951 2436/4952 2501/4953
f 2400/361 2404/4945 2403/359
f 2414/4954 2433/4955 2412/4956
f 2404/4949 2400/361 2399/4950
f 2433/4957 2403/4947 2402/4946
f 2406/4958 2408/4959 2411/4960
f 2402/4946 2404/4945 2409/4961
f 2412/4962 2402/4946 2409/4961
f 2431/4963 2495/4964 2417/4965
f 2408/4959 2406/4958 1777/4941
f 1778/4722 2406/4353 2399/4723
f 2412/4962 2409/4961 2401/4966
f 2440/4967 1089/4968 2441/4969
f 2430/4970 2505/4971 2506/4972
f 2409/4944 2422/4973 2424/4942
f 2422/4974 2404/4949 2411/4948
f 2409/4961 2404/4945 2422/4973
f 1090/2643 2439/2659 1087/2646
f 2410/2653 2407/2652 2430/4975
f 2406/4958 2411/4960 2399/4723
f 2422/4974 2411/4948 2408/4959
f 2412/4962 2401/4966 2414/4954
f 2414/4954 2417/4976 2433/4955
f 2414/4977 2514/4978 2420/4979
f 848/658 2416/4980 849/2295
f 2421/4981 2420/4982 2419/4983
f 2417/4976 2414/4954 2413/4984
f 849/2295 2416/4980 369/1195
f 2496/2229 2415/4985 2588/2230
f 2421/4986 2415/2227 2432/2226
f 2420/4979 2413/4984 2414/4977
f 2431/4963 2417/4965 2413/4984
f 2433/4955 2417/4976 2405/4987
f 2513/4988 1184/1198 1182/2860
f 2496/2229 2418/4989 2415/4985
f 2437/4951 2407/2652 2436/4952
f 369/1195 2416/4980 2499/4990
f 2514/4978 2414/4977 2401/4966
f 2419/4983 2499/4991 2421/4981
f 2421/4992 2416/4993 2588/4994
f 2413/4984 2420/4979 2421/4981
f 2422/4974 2408/4959 2425/4995
f 2425/4995 2424/4942 2422/4974
f 2427/4996 2425/4997 2428/4998
f 2425/4997 2427/4996 2423/4999
f 2505/5000 2424/5001 2423/5002
f 2409/4961 2434/4943 2401/4966
f 2427/4996 2428/4998 2426/5003
f 2424/4942 2425/4995 2423/5002
f 2792/4939 2794/4938 2795/5004
f 1416/5005 2589/5006 2511/5007
f 2428/4998 2425/4997 2408/4959
f 2427/4996 2426/5003 2510/5008
f 2408/4959 1777/4941 2428/4998
f 1777/5009 2794/4938 2793/4940
f 2504/5010 2503/2651 700/2022
f 2501/4953 2436/4952 2429/5011
f 2407/2652 2435/5012 2430/4975
f 1089/4968 2440/4967 301/2658
f 2432/2226 2431/2861 2413/4984
f 2495/2915 1182/2860 1205/981
f 2421/4981 2432/2226 2413/4984
f 2415/2227 2418/4989 2513/2225
f 2403/359 2433/4957 2405/2233
f 2412/4962 2433/4955 2402/4946
f 2424/4942 2435/5013 2434/4943
f 2434/4943 2435/5013 2438/5014
f 2435/5013 2424/4942 2505/5000
f 2407/2652 2437/4951 2438/5015
f 1087/2646 2436/1940 2410/2656
f 2502/5016 2499/4991 2419/4983
f 2514/5017 2437/5018 2502/5019
f 2434/4943 2438/5014 2401/4966
f 2407/2652 2438/5015 2435/5012
f 2438/5015 2437/4951 2514/5017
f 2439/2659 851/2661 879/2166
f 2436/1940 2439/1939 2429/5011
f 2441/4969 1089/4968 1082/2655
f 2506/3760 2440/3759 2430/4970
f 2410/2656 2430/4975 2441/2657
f 2440/4967 2441/4969 2430/4970
f 2446/4356 2014/4355 2515/5020
f 2444/4360 2442/4362 2354/5021
f 2553/5022 2550/5023 1996/5024
f 2442/4362 2446/4356 2354/5021
f 2444/4360 2354/5021 2445/3727
f 1673/4364 2273/3925 2447/4741
f 2562/5025 2516/5026 2563/5027
f 2019/3610 2517/3612 1267/3613
f 2515/5020 2014/4355 2268/3221
f 2446/5028 2443/5029 2568/5030
f 2442/4362 2447/4361 2265/4728
f 1673/4364 2447/4741 2444/4857
f 2356/4747 2362/4749 2449/4871
f 2460/5031 2448/5032 2461/5033
f 2454/5034 2453/5035 2360/5036
f 2355/3309 2448/4868 2449/4367
f 2535/5037 2537/614 2540/613
f 2939/5038 2920/5039 2923/5040
f 2449/4367 2453/4859 2452/3310
f 2623/5041 2578/5042 2577/5043
f 2453/4859 2449/4367 2360/5036
f 2604/3311 2452/3310 2451/4860
f 2454/5034 2360/5036 2027/4373
f 2451/4860 2453/4859 2455/5044
f 2541/5045 2540/613 2456/612
f 2451/4860 2455/5044 2450/5046
f 2453/5035 2454/5034 2455/5044
f 2457/5047 2454/5048 2541/5049
f 2455/5044 2457/5050 2450/5046
f 2454/5048 2457/5047 2455/5044
f 2541/3967 2454/5048 2027/3968
f 2450/5046 2457/5050 2456/5051
f 2460/5031 2359/4866 2448/5032
f 2462/5052 2460/5053 2459/5054
f 2461/5033 2459/5054 2460/5031
f 2461/5033 2465/4861 2459/5054
f 2461/5033 2448/5032 2355/3309
f 2459/5054 2615/5055 2462/5052
f 2464/5056 2465/5057 2611/5058
f 2461/5033 2355/3309 2607/5059
f 2462/5060 2458/5061 2466/5062
f 2359/4866 2460/5031 2462/5052
f 2637/5063 2450/5064 2543/5065
f 2604/5066 2608/5067 2546/5068
f 2618/5069 2626/5070 2616/5071
f 2574/5072 2573/5073 2587/5074
f 2607/5075 2604/5076 2606/5077
f 2458/5078 2615/5079 2580/5080
f 2468/5081 2466/5062 2458/5061
f 2471/5082 2025/3944 2469/3940
f 2359/4866 2462/5052 2467/3729
f 2466/5062 2467/3729 2462/5060
f 2470/5083 2468/5081 2458/5061
f 2468/4686 2548/5084 2235/4233
f 252/3942 2466/3730 2469/3940
f 2466/5062 2468/5081 2471/4869
f 2613/4862 2615/5055 2459/4863
f 2573/5085 2575/5086 2579/5087
f 2025/3944 2471/5082 1676/3503
f 2466/5062 2471/4869 2469/3940
f 2472/4288 2340/4661 2389/4919
f 2881/4652 2472/4654 2387/4287
f 2343/4707 2390/4706 2474/4310
f 2633/5088 2552/5089 2391/5090
f 2242/4701 2549/4704 1992/4705
f 2473/3470 2474/4310 2572/5091
f 2005/4294 2001/4338 2987/4341
f 2473/3470 2572/5091 2391/4928
f 2000/4332 2477/4331 1994/4333
f 2479/4304 1987/4306 2473/4320
f 2480/4330 2000/4332 1988/4303
f 2554/5092 2476/4327 2552/4326
f 2553/5022 2633/5093 2550/5023
f 2478/4318 2476/4327 2479/4319
f 2476/4327 2480/5094 2479/4319
f 2480/5095 2481/5096 2483/5097
f 2477/4331 2480/4330 2476/4327
f 2481/5096 2480/5095 1988/4303
f 2233/4692 2574/5098 2234/4693
f 2484/4691 2646/5099 2482/4317
f 2484/4691 1993/4307 2234/4316
f 1988/4303 2482/4317 2481/5096
f 2480/5094 2483/5097 2479/4319
f 2584/5100 2483/5097 2481/5096
f 2573/5073 2574/5072 2575/5086
f 2577/5101 2585/5102 2586/5103
f 2245/4697 2485/4711 2347/4834
f 2246/4713 2485/4677 2236/4324
f 2583/5104 2486/5105 2584/5106
f 2587/5107 2634/5108 2646/5109
f 2392/4702 2491/4827 2488/4709
f 2487/4675 2488/4709 2490/5110
f 2580/5111 2617/5112 2576/5113
f 2487/4675 2490/5110 2489/5114
f 2679/5115 2680/3950 2716/4838
f 2345/4839 2487/4675 2489/5114
f 2582/5116 2578/5117 2490/5118
f 2344/5119 2489/5114 2490/5110
f 2392/4702 2243/4714 2491/4827
f 2492/4828 2243/4929 2343/4707
f 2343/3469 1987/3471 2492/4828
f 2584/5120 2492/4828 1987/3471
f 2855/5121 2856/5122 2854/5123
f 2893/5124 2493/5125 2851/5126
f 2883/4932 2395/3340 2350/4931
f 1457/3302 2494/3341 2493/5127
f 2417/4976 2495/4964 2405/4987
f 1182/2860 2495/2915 2431/4963
f 878/1641 2988/2294 848/658
f 2418/4989 2496/2229 300/1196
f 2498/2222 2497/2224 846/1632
f 2988/2294 2496/2229 848/658
f 843/2220 2498/2221 846/208
f 2496/2229 2498/2222 300/1196
f 2421/4981 2499/4991 2416/4993
f 2437/4951 2501/4953 2502/5019
f 2500/5128 2501/5129 2503/5130
f 369/1195 2499/4990 2500/2164
f 2503/5130 2501/5129 2429/5011
f 2500/2164 2499/4990 2502/5016
f 2502/5016 2419/4983 2514/5017
f 2500/5128 2502/5016 2501/5129
f 2439/2296 2503/2651 2429/5011
f 700/2022 751/1943 2504/5010
f 2504/1643 811/1645 847/1193
f 2500/5128 2503/5130 2504/2165
f 2505/4971 2423/5002 2506/4972
f 2435/5013 2505/5000 2430/4975
f 2427/4996 2510/5008 2508/5131
f 2423/5002 2508/3456 2506/4972
f 2595/5132 2596/5133 2601/5134
f 2509/3454 301/2669 2506/3455
f 2427/4996 2508/5131 2423/4999
f 2508/3456 2507/5135 2509/3454
f 2512/5136 2509/3454 2507/5135
f 2512/5136 2589/5137 2509/3454
f 2768/5138 2804/5139 2789/5140
f 2508/5131 2510/5008 2507/5135
f 2507/5135 2510/5008 2592/5141
f 2511/5142 2597/5143 2600/5144
f 2594/5145 2507/5135 2592/5141
f 2589/5006 2512/5136 2511/5007
f 1184/1198 2513/4988 2418/2859
f 2431/2861 2513/2225 1182/2860
f 2420/4982 2514/4978 2419/4983
f 2438/5014 2514/5017 2401/4966
f 2569/5146 2515/5147 250/5148
f 2446/5028 2515/5020 2443/5029
f 2532/4340 2001/4339 2528/5149
f 2568/5030 2354/5021 2446/5028
f 2018/3725 2445/3727 2517/3612
f 2563/5150 2571/5151 2354/5152
f 2529/5153 2524/5154 2525/5155
f 2520/3001 2521/3000 2519/5156
f 2571/3858 2517/3857 2445/3727
f 2519/5156 2518/5157 2520/3001
f 2525/5158 2520/3001 2518/5157
f 2520/3001 2525/5158 2524/5154
f 1743/3861 2521/3614 1742/3862
f 2519/3856 2521/3000 1267/4325
f 2522/5159 2525/5160 2526/5161
f 2526/5161 2527/5162 2522/5159
f 2522/5159 2527/5162 2532/5163
f 2528/5149 2523/5164 2532/4340
f 2524/3619 2529/5153 2530/3859
f 1742/2999 2520/3001 2524/3619
f 2526/5161 2525/5160 2518/5157
f 2525/5160 2522/5159 2529/5153
f 2526/5161 2518/5157 2563/5165
f 2526/5161 2516/5166 2527/5162
f 2553/5167 2555/5168 2551/5169
f 2527/5162 1996/5170 2532/5163
f 2004/4312 2528/4337 2001/4338
f 2231/4249 2523/4299 2528/4337
f 2523/4299 2529/4685 2522/5159
f 2530/3859 2529/5153 1170/4248
f 2227/4247 2530/4681 1170/4248
f 2531/3617 2530/3859 1744/4164
f 1914/3622 2531/4161 1744/4164
f 1913/3860 2531/3617 1606/3608
f 2532/5163 1996/5170 2987/4341
f 2522/5159 2532/5163 2523/4299
f 2596/5171 2536/5172 1542/5173
f 2608/5174 2640/5175 2645/5176
f 1681/3518 2536/3746 2535/4870
f 2542/5177 2537/5178 2534/5179
f 2536/5172 1681/3518 1542/5173
f 2535/3745 2534/3747 2537/614
f 2597/5180 2601/5181 1686/5182
f 2534/3747 2536/3746 2539/5183
f 2542/5177 2534/5179 2602/5184
f 2456/612 2537/614 2543/5185
f 2511/5007 2512/5136 2594/5186
f 2507/5135 2594/5145 2512/5136
f 2596/5171 2539/5183 2536/5172
f 2538/4476 2806/5187 2602/4477
f 2456/5051 2457/5050 2541/5045
f 2535/4870 2540/613 1411/3750
f 2027/3968 2028/4370 2544/3966
f 1411/3750 2540/613 2541/5045
f 2542/5188 2533/5189 2647/5190
f 2456/5051 2543/5185 2450/5046
f 2537/614 2542/5177 2543/5185
f 2635/5191 2648/5192 2647/5193
f 2028/4370 2029/4369 2544/3966
f 2545/3756 2029/3755 1682/3754
f 1411/3750 2541/5045 2545/3748
f 2544/3757 2545/3756 2541/3967
f 2451/4860 2609/5194 2604/3311
f 2610/5195 2464/5056 2611/5058
f 2613/4862 2465/4861 2614/5196
f 2622/5197 2577/5101 2586/5103
f 2235/4233 2548/5084 2233/4692
f 2468/4686 2470/5083 2548/5084
f 2005/4342 2549/4344 1995/3732
f 2475/4343 1992/4825 2549/4344
f 2553/5167 1996/5024 2555/5168
f 2572/5091 2550/5198 2391/4928
f 1526/3483 1999/4300 2559/5199
f 2476/4327 2554/5092 2477/4331
f 2391/4928 2552/5089 2478/4318
f 2477/4331 2554/5092 1994/4333
f 2555/5168 1996/5024 2527/5162
f 2633/5088 2551/5200 2552/5089
f 2551/5200 2558/5201 2552/5089
f 2567/5202 2556/5203 2558/5204
f 2527/5162 2516/5166 2555/5168
f 2561/5205 2555/5168 2516/5166
f 2557/4323 2554/4322 2558/5206
f 2567/5202 2564/4737 2556/5203
f 2554/5092 2552/4326 2558/5206
f 2557/4323 2556/5207 2559/4329
f 2560/5208 2558/5201 2551/5200
f 2556/5203 2557/4323 2558/5204
f 2559/5199 1999/4300 1994/4321
f 2566/4735 2559/4329 2556/4736
f 2551/5169 2555/5168 2561/5205
f 2560/5209 250/5210 2564/5211
f 2561/5205 2516/5166 2562/5025
f 2551/5169 2561/5205 2560/5208
f 2526/5161 2563/5165 2516/5166
f 2562/4926 2568/5212 2569/4927
f 2571/5151 2563/5150 2518/5157
f 2568/5030 2563/5150 2354/5021
f 2565/3222 250/5148 2515/3223
f 2564/5211 250/5210 2565/3222
f 1057/2527 2654/2526 2656/4732
f 2566/4735 1526/3483 2559/4329
f 2564/4737 2565/3222 2566/4735
f 2665/5213 2268/4726 2263/4731
f 2558/5201 2560/5208 2567/5202
f 2564/4737 2567/5202 2560/5209
f 2569/4927 2568/5212 2443/5029
f 2563/5150 2568/5030 2562/5025
f 2515/5147 2569/5146 2443/5029
f 2570/4855 250/5210 2560/4856
f 2562/5025 2570/4925 2561/5205
f 250/5210 2570/4855 2569/5146
f 2519/3856 2571/3858 2518/5157
f 2354/5152 2571/5151 2445/3727
f 1992/4705 2572/4824 2474/4924
f 2550/5198 2572/5091 2475/4336
f 2576/5113 2579/5214 2580/5111
f 2573/5085 2579/5087 2586/5215
f 2234/4693 2574/5098 2484/4691
f 2575/5086 2574/5072 2233/4692
f 2548/4833 2575/4832 2233/4692
f 2579/5087 2575/5086 2470/4831
f 2614/5196 2547/5216 2613/4862
f 2344/5119 2490/5110 2578/5117
f 2488/4830 2486/4829 2582/5217
f 2484/4691 2574/5098 2587/5074
f 2582/5116 2490/5118 2488/4830
f 2622/5218 2619/5219 2624/5220
f 2580/5111 2579/5214 2470/4831
f 2586/5215 2579/5087 2576/5113
f 2458/5061 2580/5080 2470/5083
f 2580/5111 2547/5221 2617/5112
f 2585/5222 2582/5223 2583/5224
f 2584/5106 2634/5225 2583/5104
f 2583/5224 2582/5223 2486/5105
f 2577/5043 2578/5042 2582/5116
f 2492/4828 2584/5120 2486/4829
f 2585/5222 2583/5224 2581/5226
f 2483/4305 2584/5100 1987/4306
f 2634/5225 2584/5106 2481/5096
f 2586/5103 2585/5102 2581/5226
f 2582/5116 2585/5222 2577/5043
f 2586/5103 2581/5226 2587/5227
f 2576/5113 2617/5112 2619/5228
f 2586/5215 2587/5227 2573/5085
f 2634/5108 2587/5107 2581/5226
f 2421/4986 2588/4994 2415/2227
f 848/658 2588/2230 2416/4980
f 1416/5005 1091/2673 2589/5006
f 2590/2668 1091/2671 1092/2648
f 2509/2670 2589/5137 2590/2668
f 1091/2671 2590/2668 2589/5006
f 2795/5229 2788/5230 2796/5231
f 2591/5232 2805/5233 2598/5234
f 2426/5003 2592/5141 2510/5008
f 2592/5235 2591/5236 2593/5237
f 2598/5234 2593/5237 2591/5232
f 2600/5144 2597/5143 1686/5182
f 2592/5141 2593/5237 2594/5145
f 2594/5186 2593/5237 2511/5007
f 2768/5138 2789/5140 2805/5238
f 2596/5171 2599/5239 2539/5183
f 2596/3981 1542/5173 1818/3767
f 2599/5239 2596/5171 2595/5132
f 2511/5007 2593/5237 2597/5143
f 2597/5143 2593/5237 2598/5234
f 2598/5234 2805/5233 2790/5240
f 2598/5241 2595/5132 2601/5134
f 2598/5234 2790/5240 2595/5132
f 2539/4475 2599/5239 2538/4476
f 1687/3264 2600/3263 1686/3766
f 2511/5142 2600/5144 1416/5005
f 1686/5182 2601/5181 2596/3981
f 2598/5234 2601/5134 2597/5143
f 2539/4475 2602/4477 2534/3747
f 2533/5189 2542/5188 2602/5184
f 2812/5242 2811/5243 2643/5244
f 2758/5245 2762/5246 2756/5247
f 2609/5248 2450/5249 2605/5250
f 2606/5077 2604/5076 2546/5068
f 2543/5065 2648/5251 2637/5063
f 2641/5252 2652/5253 2638/5254
f 2606/5077 2546/5068 2612/5255
f 2607/5059 2465/4861 2461/5033
f 2604/3311 2607/5075 2355/3309
f 2465/4861 2607/5059 2606/5077
f 2609/5194 2608/5067 2604/3311
f 2640/5175 2608/5174 2652/5256
f 2450/5046 2609/5248 2451/4860
f 2608/5067 2609/5194 2605/5250
f 2610/5257 2612/5258 2644/5259
f 2629/5260 2621/5261 2627/5262
f 2465/4861 2606/5077 2611/5058
f 2611/5058 2606/5077 2612/5255
f 2644/5259 2612/5258 2546/5068
f 2611/5058 2612/5255 2610/5195
f 2614/5196 2465/4861 2464/5056
f 2615/5055 2613/4862 2547/5216
f 2618/5263 2614/5196 2464/5056
f 2547/5216 2614/5196 2617/5112
f 2580/5080 2615/5079 2547/5221
f 2615/5079 2458/5078 2462/5052
f 2626/5070 2618/5069 2627/5264
f 2623/5041 2625/5265 2578/5042
f 2618/5263 2617/5112 2614/5196
f 2617/5112 2618/5263 2619/5228
f 2463/5266 2700/5267 2701/5268
f 2618/5263 2616/5071 2619/5228
f 2632/5269 2626/5270 2631/5271
f 2576/5113 2619/5228 2622/5218
f 2630/5272 2632/5269 2631/5271
f 2692/5273 2683/5274 2689/5275
f 2713/5276 226/5277 2693/5278
f 2620/5279 2624/5280 2630/5281
f 2576/5113 2622/5218 2586/5215
f 2616/5071 2624/5220 2619/5228
f 2623/5041 2620/5282 2625/5265
f 2577/5101 2622/5197 2623/5041
f 2620/5279 2623/5041 2624/5280
f 2624/5280 2623/5041 2622/5218
f 2685/5283 2625/5284 2690/5285
f 2578/5042 2625/5265 2344/5119
f 2627/5264 2618/5069 2464/5056
f 2626/5270 2621/5286 2631/5271
f 2610/5195 2627/5264 2464/5056
f 2621/5261 2626/5270 2627/5262
f 2631/5287 2699/5288 2628/5289
f 2683/5290 2694/5291 2717/5292
f 2627/5262 2610/5195 2629/5260
f 2644/5259 2629/5260 2610/5257
f 2632/5293 2624/5220 2616/5071
f 2683/5294 2685/5283 2690/5285
f 2699/5295 2698/5296 2713/5297
f 2630/5272 2631/5271 2628/5289
f 2624/5220 2632/5293 2630/5281
f 2626/5270 2632/5269 2616/5071
f 2550/5023 2633/5093 2391/4928
f 2551/5169 2633/5088 2553/5167
f 2481/5096 2482/4317 2646/5099
f 2583/5104 2634/5225 2581/5226
f 2806/5298 2821/5299 2823/5300
f 2638/5254 2636/5301 2641/5252
f 2643/5302 2639/5303 2642/5304
f 2637/5063 2638/5305 2450/5064
f 2648/5251 2543/5065 2542/5177
f 2638/5305 2637/5063 2636/5301
f 2639/5303 2641/5306 2642/5304
f 2450/5064 2638/5305 2605/5250
f 2990/5307 2989/5308 2639/5309
f 2608/5174 2605/5250 2652/5256
f 2650/5310 2651/5311 2649/5312
f 2644/4503 2463/4502 2629/5260
f 2642/5304 2641/5306 2636/5301
f 2652/5256 2639/5313 2640/5175
f 2642/5304 2636/5301 2648/5314
f 2642/5304 2635/5315 2643/5302
f 2812/5242 2810/5316 2811/5243
f 2603/5317 2989/5308 2990/5307
f 2546/5068 2645/5318 2644/5259
f 2650/4501 2644/4503 2651/5311
f 2608/5174 2645/5176 2546/5068
f 2645/5176 2640/5175 2651/5319
f 2587/5107 2646/5109 2484/4691
f 2481/5096 2646/5099 2634/5225
f 2823/5320 2815/5321 2814/5322
f 2635/5315 2642/5304 2648/5192
f 2637/5063 2648/5251 2636/5301
f 2542/5188 2647/5190 2648/5251
f 2887/5323 2900/5324 2920/5325
f 2931/5326 2932/5327 2933/5328
f 2644/5259 2645/5318 2651/5311
f 2649/5329 2702/5330 2703/5331
f 2640/5175 2639/5313 2651/5319
f 2989/5308 2651/5319 2639/5309
f 2638/5305 2652/5253 2605/5250
f 2639/5303 2652/5256 2641/5306
f 2666/5332 2668/5333 2660/5334
f 1526/3483 2566/4735 2658/3472
f 343/3044 2654/3046 1299/1109
f 2656/4732 2653/4734 2659/5335
f 2658/5336 2655/5337 2664/5338
f 2657/4725 2662/5339 2565/3222
f 2655/5340 2657/5341 2665/5342
f 2661/5343 2656/5344 2665/5345
f 2657/5341 2268/3221 2665/5342
f 2655/5337 2658/5336 2662/3474
f 2659/5346 2660/5347 2664/5348
f 1532/3482 2663/3484 1528/3464
f 2666/5349 2659/5335 2653/4734
f 2655/5350 2656/4732 2659/5335
f 2660/5334 2659/5346 2666/5332
f 1529/3465 2660/1106 283/3033
f 2264/2713 2661/4727 2263/2714
f 1057/2527 2656/4732 2661/4727
f 2565/3222 2662/5339 2566/4735
f 2655/5337 2662/3474 2657/5341
f 1526/3483 2658/3472 2663/3484
f 2663/3484 2658/3472 2664/5338
f 2659/5335 2664/5348 2655/5350
f 2663/1108 2664/5338 2660/1106
f 2661/5343 2665/5345 2263/2714
f 2665/5342 2656/5344 2655/5340
f 2667/2533 2666/2592 2653/4734
f 2668/5333 2666/5332 1026/2525
f 2654/3046 2667/3045 2653/4734
f 2667/3045 343/3044 1028/2523
f 1029/2534 2668/2536 1026/2525
f 283/3036 2660/1106 2668/2536
f 1126/1626 2669/1389 428/2740
f 1127/633 2669/1759 1130/2750
f 1231/2248 2670/2916 817/2035
f 1233/2965 2670/2909 1235/2959
f 1565/3326 2671/3325 1453/4906
f 2672/3335 1454/3334 1458/3317
f 1457/3302 2672/3337 1458/3321
f 1459/5351 2671/3333 2672/3335
f 2673/5352 2852/5353 2855/5354
f 2898/5355 2895/5356 2901/5357
f 1955/4224 2674/4253 1348/4245
f 1941/3649 2674/4214 1940/4217
f 1910/5358 2724/5359 2737/5360
f 1910/4159 1911/4139 2724/5359
f 2306/4459 2676/4597 2119/4149
f 2745/5361 2676/5362 2118/5363
f 2740/5364 2734/5365 2742/5366
f 2729/4849 2010/5367 2721/4850
f 2311/4779 2777/5368 2778/4777
f 2991/5369 2678/5370 2782/5371
f 2345/4839 2489/5114 2681/5372
f 2388/4921 2688/4923 2389/4920
f 2716/4838 2346/3949 2345/4839
f 2682/4917 2680/3950 2679/4918
f 2489/5114 2344/5119 2681/5372
f 2344/4837 2625/5265 2685/4835
f 2686/4690 2682/4689 2687/4916
f 2682/4689 2208/4688 2222/4625
f 2689/5373 2620/5279 2630/5281
f 2697/5374 2692/5273 2689/5275
f 2692/5273 2696/5375 2683/5274
f 2712/5376 2704/5377 226/5378
f 2690/5285 2625/5284 2620/5282
f 2681/4836 2685/4835 2683/5294
f 2686/4922 2684/4819 2688/4923
f 2388/4669 2208/4659 2686/4922
f 2679/5379 2717/5380 2695/5381
f 2684/4819 2686/4922 2687/4916
f 2709/4820 2684/4819 2707/5382
f 2389/4920 2688/4923 2339/4289
f 2628/5289 2697/5383 2630/5272
f 2692/5384 2693/5385 2691/5386
f 2620/5282 2689/5373 2690/5285
f 2683/5294 2690/5285 2689/5275
f 2707/5382 2684/4819 2695/5387
f 2684/4819 2687/4916 2695/5387
f 2689/5275 2630/5281 2697/5374
f 2696/5375 2692/5273 2691/5386
f 2693/5278 2697/5388 2713/5276
f 226/5277 2704/5377 2693/5278
f 2715/5389 2705/5390 2867/5391
f 2717/5380 2679/5379 2681/5392
f 2679/5379 2695/5381 2687/4916
f 2696/5393 2708/5394 2694/5395
f 2708/5394 2696/5393 2691/5386
f 2683/5274 2696/5375 2694/5291
f 2713/5276 2697/5388 2628/5289
f 2692/5273 2697/5374 2693/5385
f 2621/5396 2701/5397 2699/5398
f 2699/5399 2700/5400 2930/5401
f 2631/5271 2621/5286 2699/5288
f 2621/5261 2629/5260 2701/5397
f 2703/5402 2463/4502 2650/4501
f 2700/5267 2463/5266 2703/5402
f 2463/5266 2701/5268 2629/5260
f 2699/5399 2701/5397 2700/5400
f 2917/5403 2922/5404 2935/5405
f 2854/5123 2885/5406 2855/5121
f 2649/5329 2703/5331 2650/5310
f 2703/5331 2702/5330 2931/5407
f 2711/5408 2714/5409 2708/5410
f 2691/5386 2693/5385 2704/5377
f 2886/5411 2853/5412 2878/5413
f 2872/5414 2858/4844 2864/4846
f 2706/5415 2707/5416 2708/5417
f 2704/5377 2711/5418 2691/5386
f 2695/5419 2694/5395 2708/5394
f 2688/4923 2709/4820 2339/4289
f 2712/5376 2711/5418 2704/5377
f 2708/5417 2707/5416 2695/5419
f 2707/5382 2706/5415 2709/4820
f 2715/5389 2867/5391 2868/5420
f 2853/5412 2886/5411 2854/5421
f 2714/5422 2710/5423 2715/5424
f 2714/5422 2711/5408 2710/5423
f 2708/5410 2691/5386 2711/5408
f 2927/5425 2907/5426 226/5427
f 2711/5408 2712/5376 2710/5423
f 2699/5295 2713/5297 2628/5289
f 226/5277 2713/5276 2698/5296
f 2715/5389 2710/5423 2705/5390
f 2708/5410 2714/5409 2706/5415
f 2873/5428 2853/5429 2875/5430
f 2706/5415 2714/5409 2715/5424
f 2345/4839 2681/5372 2716/4838
f 2679/5379 2716/4838 2681/5392
f 2683/5294 2717/5292 2681/4836
f 2695/5381 2717/5380 2694/5395
f 2720/3897 2718/3896 1772/3901
f 2718/3902 2721/3895 2723/3921
f 1521/3201 2719/4847 2352/4719
f 1772/3905 2719/3903 1773/3453
f 2720/3897 1772/3901 1775/3906
f 2721/3895 2720/3897 2675/5431
f 2722/4848 2721/4850 2675/5431
f 2723/3921 2721/3895 2010/5367
f 2724/5432 2722/4848 2675/5431
f 2722/5433 2677/5434 2726/5435
f 2397/4720 2723/4933 2010/5367
f 2352/3917 2723/3921 2259/3900
f 2724/5359 2675/5431 2737/5360
f 231/3515 2135/4511 2725/3516
f 2727/4544 2130/4537 2731/5436
f 2722/5433 2728/5437 2677/5434
f 2733/5438 2726/5435 2677/5434
f 2397/4720 2738/5439 2353/4934
f 2731/5436 2735/5440 2727/4544
f 2728/5437 2727/5441 2677/5434
f 2724/3514 2728/4157 2722/4848
f 2727/4544 2728/5437 2725/4538
f 2722/4848 2726/5435 2729/4849
f 2010/5367 2729/4849 2726/4937
f 2733/5442 2736/5443 2732/5444
f 2730/5445 2740/5446 2748/5447
f 2137/4147 2731/4528 2130/4537
f 2735/5440 2731/5436 2138/4527
f 2735/5440 2736/5448 2727/4544
f 2739/4541 2797/5449 2738/4542
f 2736/5443 2733/5442 2677/5434
f 2733/5442 2732/5444 2764/5450
f 2735/5451 2745/5452 2743/5453
f 2765/5454 2740/5446 2730/5445
f 2735/5440 2138/4527 2745/5452
f 2736/5448 2735/5440 2734/5455
f 2736/5448 2734/5455 2740/5364
f 2727/5441 2736/5448 2677/5434
f 2763/3912 2675/3911 2720/3897
f 1380/4718 1910/4159 2737/5360
f 2010/4936 2738/4935 2397/4720
f 2726/5435 2733/5438 2764/5450
f 2765/5456 2739/4541 2764/4543
f 2765/5456 2788/5457 2739/4541
f 2736/5448 2740/5364 2732/5444
f 2743/5458 2746/5459 2749/5460
f 2749/4883 2741/4882 2747/5461
f 2759/4884 2770/5462 2741/4882
f 2743/5463 2742/5366 2734/5365
f 2749/4883 2747/5461 2742/4851
f 2743/5463 2734/5365 2735/5451
f 2743/5458 2118/5464 2746/5459
f 2771/5465 2744/5466 2747/5467
f 2798/5468 2744/5469 2800/5470
f 2676/5362 2745/5361 2138/4527
f 2118/5464 2743/5458 2745/5361
f 2118/5464 2752/5471 2746/5459
f 2117/5472 2772/5473 2761/5474
f 2741/4882 2770/5462 2771/5475
f 2744/5469 2798/5468 2748/5476
f 2742/4851 2748/4853 2740/5364
f 2744/5469 2748/5476 2747/5467
f 2743/5458 2749/5460 2742/5366
f 2759/4884 2749/4883 2746/5459
f 2752/5471 2118/5464 2753/5477
f 2758/5245 2760/5478 2762/5246
f 2754/5479 2746/5459 2752/5471
f 2754/5480 2750/5481 2756/5482
f 2118/5464 2676/5362 2753/5477
f 2754/5480 2752/5471 2750/5481
f 2306/4459 2366/4555 2755/4460
f 2750/5481 2752/5471 2753/5477
f 2784/5483 2785/5484 2750/5485
f 2754/5486 2751/5487 2759/5488
f 2773/4534 2755/4533 2367/4876
f 2784/5483 2750/5485 2753/4461
f 2756/5247 2678/5489 2758/5245
f 2754/5480 2756/5482 2762/5246
f 2887/5490 2943/5491 2971/5492
f 3003/5493 2952/5494 2953/5495
f 2783/5496 2991/5369 2782/5371
f 2758/5245 2757/4776 2760/5478
f 2754/5479 2759/5488 2746/5459
f 2770/5462 2769/5497 2771/5475
f 2959/5498 2961/5499 2965/5500
f 2760/5501 2966/5502 2761/5503
f 2761/5474 2772/5473 2770/5504
f 2751/5487 2754/5486 2762/5246
f 2760/5501 2761/5503 2762/5246
f 2751/5487 2762/5246 2761/5503
f 1775/3906 2763/3894 2720/3897
f 1380/3891 2737/5360 2763/3894
f 2764/4543 2738/4542 2726/5435
f 2765/5456 2764/4543 2732/5444
f 2740/5446 2765/5454 2732/5444
f 2788/5457 2765/5456 2730/5445
f 2788/5457 2730/5445 2798/5505
f 2591/5236 2592/5235 2768/5506
f 2426/4508 2767/4507 2768/5507
f 2426/5003 2428/4998 2793/4509
f 2426/4508 2768/5507 2592/5141
f 2768/5507 2767/4507 2804/5139
f 2643/5244 2811/5243 2603/5508
f 2599/5239 2791/5509 2538/4476
f 2759/4884 2751/5487 2770/5462
f 2761/5474 2770/5504 2751/5487
f 2800/5510 2769/5511 2828/5512
f 2741/4882 2771/5475 2747/5461
f 2825/5513 2808/5514 2984/5515
f 2769/5497 2770/5462 2772/5473
f 2774/4877 2367/4876 2162/4593
f 2773/4534 2153/5516 2780/4878
f 2179/4591 2774/4620 2162/4593
f 2153/4572 2773/4534 2774/4620
f 2777/5368 2311/4779 2316/4782
f 2778/4777 2777/5368 2776/5517
f 2992/4889 2370/4891 2994/5518
f 2976/5519 2994/5520 2836/5521
f 2993/4783 2316/4782 2310/4769
f 2776/5517 2787/5522 2778/4777
f 2780/5523 2778/5524 2775/5525
f 2778/4777 2153/4572 2313/4778
f 2775/5526 2782/5527 2779/5528
f 2678/5489 2756/5247 2785/5529
f 2778/5524 2780/5523 2153/4572
f 2779/4532 2780/4878 2775/5526
f 2992/5530 2837/5531 2838/5532
f 2901/5533 2902/5534 1452/5535
f 2783/5496 2782/5371 2775/5526
f 2678/5370 2779/5528 2782/5371
f 2787/5536 2783/5496 2775/5526
f 2786/5537 2991/5538 2781/5539
f 2755/4460 2779/4532 2784/4595
f 2785/5529 2779/5528 2678/5489
f 2750/5481 2785/5484 2756/5482
f 2779/4532 2785/5529 2784/4595
f 2758/5245 2678/5489 2991/5369
f 2954/5540 2955/5541 2949/5542
f 2778/5524 2787/5522 2775/5525
f 2992/5530 2838/5532 2776/5543
f 2730/5445 2748/5447 2798/5505
f 2804/5544 2792/5545 2766/5546
f 2801/5547 2766/5548 2796/5549
f 2533/5189 2602/5184 2806/5187
f 2818/5550 2790/5551 2819/5552
f 2816/3764 2599/5239 2595/3762
f 2817/5553 2789/5140 2804/5139
f 2828/5554 2825/5555 2826/5556
f 1777/4941 2398/4134 2794/4938
f 2792/4939 2795/5004 2796/5231
f 1777/5009 2793/4940 2428/4998
f 2767/4507 2793/4509 2792/4939
f 2398/4134 2353/4934 2794/4938
f 2353/4934 2738/5439 2797/5449
f 2797/5449 2794/4938 2353/4934
f 2739/4541 2788/5457 2795/5229
f 2801/5547 2796/5549 2788/5230
f 2792/4939 2796/5231 2766/5546
f 2739/4541 2795/5229 2797/5449
f 2794/4938 2797/5449 2795/5004
f 2771/5465 2800/5470 2744/5466
f 2788/5230 2798/5505 2801/5547
f 2821/5299 2806/5298 2791/5557
f 2817/5558 2801/5559 2802/5560
f 2769/5497 2800/5510 2771/5475
f 2800/5561 2799/5562 2802/5563
f 2802/5563 2798/5468 2800/5561
f 2801/5547 2798/5505 2802/5560
f 2803/5564 2802/5563 2799/5562
f 2819/5565 2817/5566 2803/5567
f 2815/5568 2824/5569 2807/5570
f 2803/5567 2818/5550 2819/5565
f 2792/5545 2804/5544 2767/4507
f 2817/5553 2804/5139 2766/5546
f 2768/5138 2805/5238 2591/5236
f 2819/5571 2805/5238 2789/5140
f 2538/4476 2791/5509 2806/5187
f 2820/5572 2824/5573 2821/5574
f 2772/5575 2808/5576 2828/5577
f 2814/5578 2647/5190 2533/5189
f 2117/5472 2977/5579 2772/5473
f 2947/5580 2959/5581 2757/5582
f 2818/5550 2791/5583 2790/5551
f 2982/5584 2813/5585 2807/5586
f 2982/5587 2984/5588 2967/5589
f 2967/5590 2977/5591 2966/5592
f 2812/5242 2643/5244 2635/5315
f 2967/5589 2984/5588 2977/5591
f 2814/5578 2635/5191 2647/5190
f 2809/5593 2824/5569 2815/5568
f 2810/5316 2812/5242 2813/5594
f 2635/5191 2814/5578 2812/5242
f 2533/5189 2806/5187 2823/5300
f 2813/5594 2812/5242 2814/5578
f 2807/5570 2813/5585 2815/5568
f 2814/5578 2815/5321 2813/5594
f 2790/3763 2791/5583 2816/3764
f 2599/5239 2816/3764 2791/5509
f 2801/5559 2817/5558 2766/5548
f 2802/5560 2803/5564 2817/5558
f 2818/5550 2803/5567 2822/5595
f 2821/5299 2809/5596 2823/5300
f 2805/5238 2819/5571 2790/5240
f 2819/5571 2789/5140 2817/5566
f 2820/5597 2827/5598 2826/5599
f 2826/5556 2825/5555 2820/5597
f 2791/5557 2818/5550 2821/5299
f 2821/5299 2818/5550 2822/5595
f 2827/5600 2803/5564 2799/5562
f 2821/5299 2822/5595 2820/5572
f 2815/5568 2823/5320 2809/5593
f 2533/5189 2823/5300 2814/5578
f 2821/5574 2824/5573 2809/5596
f 2825/5555 2824/5573 2820/5597
f 2824/5573 2825/5555 2807/5570
f 2822/5595 2827/5598 2820/5572
f 2800/5561 2826/5601 2799/5562
f 2826/5601 2800/5561 2828/5554
f 2803/5564 2827/5600 2822/5595
f 2799/5562 2826/5601 2827/5600
f 2772/5473 2828/5577 2769/5497
f 2825/5555 2828/5554 2808/5514
f 2829/5602 2831/4787 2832/4786
f 2829/4898 2840/5603 2835/4896
f 2372/4809 2321/4811 2833/5604
f 2834/4897 2830/4793 2829/4898
f 2829/4898 2830/4793 2831/4787
f 2830/4803 2372/4802 2833/5604
f 2377/4789 2832/4901 2319/4790
f 2832/4901 2375/4900 2840/5605
f 2319/4790 2833/4892 2321/4909
f 2830/4803 2833/5604 2831/4787
f 2840/5605 2829/4898 2832/4901
f 2836/4792 2834/4791 2369/5606
f 2885/5607 2889/5608 2673/5609
f 2834/4897 2835/4896 2975/5610
f 2369/5606 2976/5519 2836/4792
f 2370/4801 2830/4803 2836/4792
f 2956/5611 2964/5612 2954/5613
f 2776/5517 2838/5532 2787/5522
f 2837/5614 2973/5615 2958/5616
f 2783/5617 2839/5618 2781/5619
f 2787/5536 2839/4888 2783/5496
f 2958/5620 2839/4888 2838/4887
f 2841/5621 2840/5605 2375/4900
f 2902/5534 2842/5622 1452/5535
f 2380/4895 2841/4904 2375/4900
f 2841/4716 2379/3772 2846/4717
f 2835/4896 2840/5603 2842/3536
f 2847/3535 2840/3534 2841/4716
f 2379/3772 2383/4908 2844/5623
f 2673/5609 2889/5608 2891/5624
f 2383/4907 1453/4906 2844/5623
f 2673/5609 2891/5624 2904/5625
f 2844/5623 1453/4906 2848/5626
f 2850/5627 2848/5626 1453/4906
f 2844/5623 2846/4391 2379/3772
f 2847/4715 2846/4717 2843/4393
f 2903/5628 2843/5629 2891/5630
f 2847/3535 1452/5535 2842/3536
f 1453/4906 2671/3325 2850/5627
f 2845/4903 2844/4392 2848/3307
f 1459/2784 2893/5124 2851/3342
f 2845/3306 2849/3305 2852/5631
f 1459/5351 2850/2783 2671/3333
f 2848/5626 2850/5627 2849/3305
f 2866/5632 2350/5633 2862/5634
f 2845/3306 2852/5631 2673/5352
f 2849/3305 2851/3342 2852/5631
f 2857/5635 2854/5123 2856/5122
f 2863/5636 2875/5637 2857/5638
f 2710/5639 2907/5640 2909/5641
f 2852/5353 2856/5122 2855/5354
f 2873/5428 2878/5413 2853/5429
f 2856/5122 2852/5353 2851/3342
f 2885/5406 2854/5123 2884/5642
f 2851/5126 2493/5125 2866/5643
f 2854/5421 2857/5635 2853/5412
f 2856/5122 2851/3342 2866/5643
f 2862/5634 2863/5644 2866/5632
f 2862/5645 2394/4842 2859/4930
f 2249/5646 2861/5647 2882/5648
f 2861/5647 2249/5646 2349/4843
f 2862/5645 2859/4930 2858/4844
f 2709/4910 2871/4912 2339/4289
f 2872/5649 2860/5650 2869/5651
f 1753/4346 2894/5652 2349/4347
f 2881/3871 1753/4346 2216/3553
f 2863/5644 2862/5634 2858/4844
f 2394/3330 2862/5645 2350/4931
f 2863/5636 2858/4844 2875/5637
f 2863/5644 2857/5638 2866/5632
f 2859/4930 2249/4841 2882/5648
f 2877/5653 2860/5654 2874/5655
f 2874/5656 2871/5657 2865/5658
f 2706/5415 2715/5424 2868/5420
f 2866/5643 2857/5638 2856/5122
f 2883/5659 2866/5643 2493/5125
f 2870/5660 2867/5391 2705/5390
f 2868/5420 2867/5391 2865/5661
f 2868/5420 2865/5661 2871/4912
f 2706/5415 2868/5420 2709/4820
f 2865/5661 2867/5391 2870/5660
f 2875/5430 2872/5662 2873/5428
f 2705/5390 2879/5663 2870/5660
f 2870/5664 2869/5665 2877/5666
f 2865/5658 2877/5653 2874/5656
f 2387/4287 2339/4289 2871/4912
f 2860/5650 2872/5649 2864/4822
f 2872/5662 2869/5651 2873/5428
f 2869/5665 2870/5664 2873/5428
f 2879/5667 2878/5413 2873/5428
f 2880/4914 2874/4913 2860/5654
f 2387/4915 2871/4912 2874/4913
f 2875/5430 2853/5429 2857/5638
f 2872/5662 2875/5430 2858/4844
f 2907/5640 2710/5639 2712/5376
f 2900/5324 2887/5323 2897/5668
f 2870/5664 2877/5666 2865/5661
f 2860/5654 2877/5653 2869/5651
f 2879/5663 2873/5428 2870/5660
f 2886/5411 2878/5413 2905/5669
f 2710/5423 2909/5641 2705/5390
f 2878/5413 2879/5667 2925/5670
f 2860/5654 2861/5671 2880/4914
f 2861/5647 2349/4843 2894/5652
f 2387/4287 2880/4914 2881/4652
f 2880/4914 2861/5671 2894/5652
f 2860/4821 2882/4823 2861/5671
f 2859/4930 2882/5648 2864/4846
f 2494/3341 2883/4932 2493/5127
f 2350/4931 2866/5632 2883/4932
f 2897/5668 2914/5672 2900/5324
f 2673/5609 2855/5354 2885/5607
f 2889/5673 2890/5674 2888/5675
f 2892/5676 2889/5608 2885/5607
f 2905/5669 2878/5413 2876/5677
f 2854/5421 2886/5411 2884/5642
f 2896/5678 2890/5679 2892/5680
f 2899/5681 2912/5682 2919/5683
f 2897/5668 2887/5323 2898/5684
f 2843/4393 2903/5628 2847/4715
f 2892/5676 2885/5607 2884/5642
f 2889/5673 2888/5675 2924/5685
f 2896/5686 2884/5687 2905/5688
f 2971/5492 2898/5684 2887/5490
f 2898/5355 2901/5357 2924/5689
f 2891/5624 2843/5629 2904/5625
f 2896/5686 2892/5680 2884/5687
f 2889/5608 2892/5676 2890/5674
f 2672/3335 2893/3336 1459/5351
f 1457/3302 2493/5127 2893/3336
f 1753/4346 2881/3871 2894/5652
f 2880/4914 2894/5652 2881/4652
f 2943/5690 2920/5039 2939/5038
f 2957/5691 2902/5692 2895/5693
f 2925/5694 2705/5695 2908/5696
f 2899/5681 2913/5697 2912/5682
f 2888/5675 2890/5674 2897/5698
f 2896/5699 2913/5700 2914/5701
f 2895/5693 2902/5692 2901/5357
f 2888/5675 2897/5698 2898/5684
f 2876/5702 2925/5703 2926/5704
f 2920/5325 2900/5324 2899/5705
f 2914/5672 2897/5668 2890/5674
f 2920/5325 2899/5705 2919/5683
f 1452/5535 2903/5706 2901/5533
f 2924/5685 2891/5624 2889/5673
f 2969/5707 2970/5708 2895/5709
f 2902/5534 2835/4896 2842/5622
f 2847/3535 2903/5628 1452/5535
f 2924/5685 2903/5628 2891/5624
f 2843/4393 2845/4903 2904/5625
f 2673/5609 2904/5625 2845/3306
f 2886/5411 2905/5669 2884/5642
f 2876/5677 2896/5686 2905/5669
f 2930/5710 2928/5711 2698/5712
f 2912/5682 2913/5697 2911/5713
f 226/5378 2907/5426 2712/5376
f 2926/5714 2910/5715 2911/5716
f 2906/5717 2910/5718 2907/5719
f 2878/5413 2925/5670 2876/5677
f 2910/5718 2909/5641 2907/5719
f 2705/5695 2909/5641 2908/5696
f 2910/5718 2906/5717 2911/5716
f 2909/5641 2910/5718 2908/5696
f 2911/5716 2906/5717 2912/5682
f 2876/5677 2911/5720 2896/5686
f 2906/5717 2916/5721 2912/5682
f 2916/5722 2915/5723 2922/5724
f 2914/5701 2913/5700 2899/5681
f 2911/5713 2913/5697 2896/5686
f 2900/5324 2914/5672 2899/5705
f 2896/5678 2914/5701 2890/5679
f 2916/5721 2906/5717 2921/5725
f 2997/5726 2934/5727 2936/5728
f 2927/5425 2921/5729 2907/5426
f 2922/5730 2919/5683 2912/5682
f 2932/5327 2915/5731 2933/5328
f 3004/5732 3002/5733 3001/5734
f 2918/4879 2927/5735 2928/4880
f 2921/5725 2933/5736 2916/5721
f 2922/5730 2912/5682 2916/5722
f 2919/5737 2917/5738 2923/5739
f 2923/5040 2968/5740 2939/5038
f 2946/5741 2945/5742 2954/5743
f 2907/5719 2921/5729 2906/5717
f 2921/5725 2918/5744 2933/5736
f 2936/5745 2915/5731 2932/5327
f 2917/5738 2919/5737 2922/5404
f 2952/5494 2938/5746 2953/5495
f 2920/5039 2919/5683 2923/5040
f 2898/5684 2924/5689 2888/5675
f 2903/5628 2924/5685 2901/5533
f 2705/5390 2925/5694 2879/5663
f 2908/5696 2910/5718 2926/5714
f 2876/5677 2926/5704 2911/5720
f 2908/5696 2926/5714 2925/5694
f 2928/4880 2927/5735 226/5427
f 2921/5725 2927/5425 2918/5744
f 226/5427 2698/5296 2928/4880
f 2928/5711 2930/5710 2929/4881
f 2931/5747 2929/5748 2700/5749
f 2933/5328 2915/5731 2916/5721
f 2699/5295 2930/5401 2698/5296
f 2700/5749 2929/5748 2930/5401
f 2703/5402 2931/5407 2700/5267
f 2931/5326 2702/5330 2932/5327
f 2649/5750 2995/5751 2997/5752
f 2936/5753 2935/5405 2922/5404
f 2918/4879 2929/4881 2933/5736
f 2933/5736 2929/4881 2931/5326
f 2932/5327 2702/5330 2997/5754
f 2603/5508 2811/5243 2942/5755
f 2936/5753 2922/5404 2915/5731
f 2935/5756 2934/5757 3004/5758
f 2997/5754 2936/5728 2932/5327
f 2935/5405 2936/5753 2934/5757
f 2967/5759 2978/5760 2983/5761
f 2958/5616 2838/4887 2837/5614
f 2960/5762 2959/5581 2947/5580
f 2920/5039 2943/5690 2887/5323
f 2968/5740 2923/5040 2917/5738
f 2944/5763 2943/5690 2939/5038
f 2811/5243 2985/5764 2942/5755
f 3000/5765 2996/5766 2940/5767
f 2944/5768 2946/5769 2941/5770
f 2946/5769 2964/5771 2941/5770
f 2985/5764 2811/5243 2810/5316
f 2649/5750 2998/5772 2995/5751
f 2944/5763 2939/5038 2938/5773
f 2943/5491 2941/5774 2971/5492
f 2948/5775 2946/5776 2951/5777
f 2941/5770 2943/5491 2944/5768
f 2945/5742 2946/5741 2948/5775
f 2786/4775 2947/5580 2757/4776
f 2951/5778 2944/5763 2938/5773
f 2958/5620 2781/5619 2839/4888
f 2963/5779 2786/5537 2781/5539
f 2960/5762 2950/5780 2959/5581
f 2938/5746 2952/5494 2948/5781
f 2950/5780 2960/5762 2962/5782
f 2976/5783 2974/5784 2973/5785
f 2835/4896 2902/5534 2957/5691
f 2981/5786 2980/5787 2940/5788
f 2965/5789 2760/5478 2757/4776
f 2944/5763 2951/5778 2946/5769
f 2938/5773 2948/5781 2951/5778
f 2968/5740 2938/5773 2939/5038
f 2962/5790 2952/5791 2937/5792
f 3004/5758 2917/5403 2935/5756
f 3001/5734 3002/5733 2996/5793
f 2955/5794 2945/5795 2947/5796
f 2954/5613 2949/5542 2956/5611
f 2945/5742 2955/5794 2954/5743
f 2947/5796 2963/5797 2955/5794
f 2972/5798 2957/5799 2970/5800
f 2969/5707 2956/5801 2970/5708
f 2972/5802 2956/5611 2949/5542
f 2957/5803 2974/5804 2975/5805
f 2949/5542 2955/5541 2958/5806
f 2781/5619 2958/5620 2955/5541
f 2960/5762 2947/5580 2945/5795
f 2959/5498 2950/5780 2961/5499
f 2945/5795 2948/5775 2960/5762
f 2962/5790 2937/5792 2979/5807
f 2961/5808 2978/5760 2967/5759
f 2761/5474 2966/5502 2117/5472
f 2960/5762 2948/5775 2962/5782
f 2952/5494 2962/5790 2948/5781
f 2786/5537 2963/5779 2947/5580
f 2781/5619 2955/5541 2963/5779
f 2954/5613 2964/5612 2946/5741
f 2969/5707 2964/5612 2956/5801
f 2959/5498 2965/5500 2757/5582
f 2966/5809 2965/5500 2961/5499
f 2965/5500 2966/5809 2760/5478
f 2966/5592 2961/5499 2967/5590
f 2961/5808 2950/5780 2978/5760
f 2810/5810 2982/5811 2981/5812
f 3004/5758 2968/5740 2917/5403
f 2938/5746 2968/5740 2953/5495
f 2895/5356 2898/5355 2971/5492
f 2964/5612 2969/5707 2941/5770
f 2972/5798 2970/5800 2956/5611
f 2895/5709 2970/5708 2957/5691
f 2941/5770 2969/5707 2971/5492
f 2971/5492 2969/5707 2895/5356
f 2973/5813 2972/5802 2949/5542
f 2975/5805 2974/5804 2369/5814
f 2958/5616 2973/5615 2949/5542
f 2976/5783 2973/5785 2837/5614
f 2957/5803 2972/5798 2974/5804
f 2973/5813 2974/5784 2972/5802
f 2834/4897 2975/5610 2369/5606
f 2957/5803 2975/5805 2835/4896
f 2992/5530 2994/5518 2837/5531
f 2974/5804 2976/5783 2369/5814
f 2772/5473 2977/5579 2808/5576
f 2966/5592 2977/5591 2117/5472
f 2979/5807 2950/5780 2962/5790
f 2980/5815 2986/5816 2979/5817
f 2980/5815 2979/5817 2937/5792
f 2950/5780 2979/5807 2978/5760
f 3000/5818 2980/5815 2937/5792
f 2985/5764 2940/5819 2942/5755
f 2813/5585 2982/5584 2810/5316
f 2986/5820 2981/5821 2983/5822
f 2984/5588 2982/5587 2807/5586
f 2983/5761 2982/5587 2967/5759
f 2986/5820 2983/5822 2978/5760
f 2982/5811 2983/5761 2981/5812
f 2825/5513 2984/5515 2807/5570
f 2984/5515 2808/5514 2977/5591
f 2810/5810 2981/5812 2985/5764
f 2940/5788 2985/5764 2981/5786
f 2979/5807 2986/5816 2978/5760
f 2980/5787 2981/5786 2986/5816
f 2550/4335 2987/4334 1996/5024
f 2005/4294 2987/4341 2475/4343
f 625/520 2988/1805 530/1640
f 2496/2229 2988/2294 2497/2224
f 2942/5755 2999/5823 2603/5508
f 2651/5311 2989/5308 2649/5312
f 2639/5303 2643/5302 2990/5307
f 2603/5508 2990/5307 2643/5244
f 2781/5619 2991/5538 2783/5617
f 2758/5245 2991/5369 2786/4775
f 2993/4783 2776/5517 2777/4781
f 2992/4889 2310/4769 2371/4890
f 2310/4769 2992/4889 2993/4783
f 2776/5543 2993/4783 2992/5530
f 2836/5521 2994/5520 2370/4801
f 2837/5614 2994/5518 2976/5783
f 2998/5772 2649/5750 2989/5308
f 2942/5755 2996/5824 2999/5823
f 2942/5755 2940/5819 2996/5824
f 2980/5787 3000/5818 2940/5788
f 2649/5329 2997/5752 2702/5330
f 2997/5752 2995/5751 3002/5825
f 2999/5823 2989/5308 2603/5508
f 2995/5751 2998/5772 2996/5826
f 2996/5826 2998/5772 2999/5823
f 2989/5308 2999/5823 2998/5772
f 3003/5493 2937/5792 2952/5494
f 3003/5827 3004/5732 3001/5734
f 2996/5793 3000/5765 3001/5734
f 3003/5827 3001/5734 3000/5765
f 2997/5726 3002/5825 2934/5727
f 2996/5826 3002/5733 2995/5751
f 3003/5827 3000/5765 2937/5792
f 3004/5732 3003/5827 2953/5495
f 2953/5495 2968/5740 3004/5732
f 3002/5733 3004/5732 2934/5727
f 3005/5828 3024/5829 194/5830
f 3006/5831 3021/5832 3019/5833
f 3007/5834 3008/5835 3022/5836
f 3006/5831 3019/5833 3023/5837
f 3024/5838 196/5839 195/5840
f 3024/5838 3020/5841 196/5839
f 3008/5835 3017/5842 3022/5836
f 3018/5843 3021/5844 3007/5845
f 3019/5833 3020/5846 3023/5837
f 3005/5847 3006/5831 3023/5837
f 3021/5844 3018/5843 3019/5833
f 3024/5838 3023/5837 3020/5841
f 3022/5836 3018/5843 3007/5834
f 3018/5843 3022/5836 3017/5842
f 3008/5835 3025/5848 3017/5842
f 3006/5831 3007/5845 3021/5832
f 3009/5849 3010/5850 3026/5851
f 134/5852 3029/5853 3012/5854
f 3011/5855 3012/5856 3027/5857
f 3011/5858 3014/5859 3028/5860
f 3029/5853 3027/5857 3012/5854
f 134/5852 133/5861 3029/5853
f 3015/5862 3028/5860 3014/5859
f 3010/5863 3011/5858 3028/5860
f 3023/5837 3024/5838 3005/5847
f 3016/5864 3009/5849 3026/5851
f 3010/5863 3028/5860 3015/5862
f 3009/5865 3025/5848 3008/5835
f 3029/5866 132/5867 3013/5868
f 3027/5857 3014/5859 3011/5855
f 3010/5863 3015/5862 3026/5851
f 3015/5862 3016/5864 3026/5851
f 3027/5857 3029/5853 3013/5868
f 3016/5869 3017/5842 3025/5848
f 3013/5868 3014/5859 3027/5857
f 3016/5869 3025/5848 3009/5849
f 132/5867 3029/5866 133/5861
f 194/5830 3024/5829 195/5840
