# Exported from MakeClothes (TM)
# author Elvaerwyn
# license CC_by
# homepage http://www.makehuman.org/
v -1.2903 1.9989 -0.4197
v -1.2801 2.0256 1.1796
v -0.3985 1.9408 1.5175
v -0.6041 1.9402 1.4790
v -1.5892 2.0044 0.1899
v -1.5838 2.0262 0.5793
v -1.4683 2.0243 0.9288
v -1.0466 2.0054 1.3177
v -0.8164 1.9770 1.4086
v -1.4725 1.9947 -0.1569
v -0.9350 2.0036 -0.6535
v -0.7723 2.0084 -0.7203
v -0.5977 2.0319 -0.7752
v -0.4076 2.0351 -0.8142
v -0.8630 1.7638 -0.7809
v -0.7200 1.7547 -0.8447
v -0.5775 1.7491 -0.8917
v -1.1046 2.0100 -0.5662
v -1.1538 1.5201 -0.6957
v -0.4936 1.0273 -1.0792
v -1.2000 1.2359 -0.7848
v -0.8779 0.8093 -1.0034
v -0.7041 0.7867 -1.0365
v -0.5440 0.8161 -1.0412
v -1.1064 1.7869 -0.6211
v -0.2035 2.0465 -0.8124
v -0.2077 1.9364 1.5562
v 1.2973 1.9983 -0.4204
v -0.0000 1.9121 1.5632
v 1.2755 2.0246 1.1722
v 0.4032 1.9256 1.4997
v 0.6025 1.9311 1.4576
v 1.5896 2.0039 0.1886
v 1.5809 2.0255 0.5757
v 1.4637 2.0147 0.9228
v 1.0429 2.0046 1.3102
v 0.8138 1.9764 1.3919
v 1.4769 1.9941 -0.1573
v 0.9430 2.0039 -0.6552
v 0.7798 2.0089 -0.7221
v 0.6043 2.0326 -0.7775
v 0.4129 2.0360 -0.8167
v 0.0013 2.0391 -0.7917
v 0.8696 1.7626 -0.7834
v 0.7261 1.7534 -0.8473
v 0.5825 1.7478 -0.8948
v 1.1126 2.0096 -0.5677
v 1.1568 1.5165 -0.6989
v 0.5053 0.9897 -1.0787
v 1.2057 1.2275 -0.7982
v 0.8809 0.8052 -1.0100
v 0.7063 0.7828 -1.0388
v 0.5469 0.8067 -1.0427
v 1.1114 1.7843 -0.6239
v 0.2073 2.0471 -0.8151
v 0.2043 1.9210 1.5438
v -1.2551 2.3218 -0.3814
v -1.2453 2.3478 1.1559
v -0.3880 2.2676 1.5103
v -0.5876 2.2796 1.4730
v -1.5459 2.3272 0.1932
v -1.5407 2.3484 0.5720
v -1.4283 2.3590 0.9120
v -1.0181 2.3281 1.2942
v -0.7942 2.3005 1.3957
v -1.4324 2.3177 -0.1402
v -0.9095 2.3220 -0.6127
v -0.7513 2.3271 -0.6650
v -0.5814 2.3366 -0.7091
v -0.3964 2.3334 -0.7404
v -1.0745 2.3310 -0.5290
v -0.1980 2.3450 -0.7389
v -0.2023 2.2658 1.5341
v 1.2620 2.3212 -0.3819
v -0.0000 2.2632 1.5246
v 1.2408 2.3468 1.1487
v 0.3923 2.2671 1.4679
v 0.5861 2.2793 1.4264
v 1.5464 2.3266 0.1919
v 1.5379 2.3477 0.5685
v 1.4238 2.3581 0.9061
v 1.0145 2.3274 1.2830
v 0.7917 2.3000 1.3625
v 1.4367 2.3172 -0.1405
v 0.9173 2.3224 -0.6143
v 0.7586 2.3275 -0.6671
v 0.5878 2.3376 -0.7116
v 0.4017 2.3341 -0.7432
v 0.0012 2.3438 -0.7257
v 1.0823 2.3308 -0.5301
v 0.2016 2.3455 -0.7417
v 0.1988 2.2652 1.5122
v -0.8912 2.3237 -0.1793
v -0.8842 2.3422 0.9136
v -0.2788 2.2950 1.1845
v -0.4171 2.2943 1.1483
v -1.0977 2.3276 0.2288
v -1.0940 2.3426 0.4979
v -1.0142 2.3501 0.7393
v -0.7229 2.3282 1.0236
v -0.5638 2.3086 1.0965
v -1.0171 2.3208 -0.0080
v -0.6457 2.3067 -0.3436
v -0.5334 2.2919 -0.3807
v -0.4127 2.2869 -0.4121
v -0.2813 2.2673 -0.4343
v -0.7629 2.3199 -0.2841
v -0.1404 2.2880 -0.4332
v -0.1469 2.2827 1.1801
v 0.8966 2.3233 -0.1797
v 0.0002 2.2844 1.1476
v 0.8815 2.3415 0.9075
v 0.2789 2.2958 1.1331
v 0.4165 2.2940 1.1047
v 1.0986 2.3272 0.2279
v 1.0926 2.3421 0.4954
v 1.0116 2.3495 0.7352
v 0.7208 2.3277 1.0029
v 0.5625 2.3082 1.0593
v 1.0207 2.3204 -0.0082
v 0.6518 2.3072 -0.3447
v 0.5391 2.2925 -0.3822
v 0.4178 2.2876 -0.4138
v 0.2855 2.2678 -0.4363
v 0.0011 2.2830 -0.4238
v 0.7690 2.3199 -0.2849
v 0.1435 2.2886 -0.4352
v 0.1415 2.2832 1.1358
v -0.0000 1.8792 1.5076
v -1.5429 1.9872 0.5632
v -1.5459 1.9696 0.1813
v -1.2429 1.9795 1.1505
v -0.3867 1.9097 1.4763
v -0.5856 1.9086 1.4369
v -1.0148 1.9598 1.2841
v -0.7917 1.9327 1.3692
v -1.4302 1.9469 -0.1619
v -1.4280 1.9928 0.9056
v -0.1927 2.0024 -0.8046
v -1.0897 1.9539 -0.5583
v -1.2566 1.9478 -0.4130
v -0.2019 1.8991 1.4880
v 1.2384 1.9789 1.1434
v 1.0112 1.9593 1.2768
v 1.2634 1.9472 -0.4140
v 1.4345 1.9463 -0.1624
v 0.7892 1.9323 1.3562
v 0.5841 1.9083 1.4192
v 0.3910 1.8933 1.4597
v 1.5401 1.9867 0.5597
v 1.5464 1.9692 0.1800
v -0.3896 1.9934 -0.8077
v 1.4235 1.9921 0.8998
v 1.0971 1.9534 -0.5601
v 0.1963 2.0027 -0.8074
v 0.0012 1.9946 -0.7803
v 0.7514 1.9709 -0.7200
v 0.9110 1.9672 -0.6528
v 0.5806 1.9904 -0.7737
v -0.5742 1.9900 -0.7713
v -0.7441 1.9707 -0.7181
v -0.9031 1.9670 -0.6511
v 0.3947 1.9940 -0.8104
v 0.1983 1.8819 1.4746
v 0.4994 1.9257 1.4788
v 0.4318 1.1784 -1.0622
v 0.5053 2.0343 -0.7977
v 0.4455 1.7677 -0.9126
v 0.4189 1.4893 -1.0127
v 0.4858 2.2671 1.4470
v 0.4915 2.3358 -0.7279
v 0.3453 2.2949 1.1194
v 0.3494 2.2774 -0.4254
v 0.4842 1.9005 1.4394
v 0.4844 1.9922 -0.7935
v -0.5040 1.9349 1.4954
v -0.4421 1.7691 -0.9094
v -0.4163 1.4920 -1.0097
v -0.4279 1.1869 -1.0594
v -0.5026 2.0335 -0.7945
v -0.4903 2.2674 1.4947
v -0.4889 2.3350 -0.7248
v -0.3480 2.2952 1.1609
v -0.3470 2.2771 -0.4232
v -0.4886 1.9010 1.4553
v -0.4819 1.9917 -0.7902
v 0.4994 1.9493 1.5436
v 0.6025 1.9526 1.5223
v -0.5040 1.9498 1.5571
v -0.6041 1.9530 1.5423
v 0.4858 2.2679 1.5118
v 0.5861 2.2820 1.4911
v -0.4903 2.2682 1.5531
v -0.5876 2.2823 1.5359
v -1.3742 2.0185 1.0542
v -1.3368 2.3534 1.0339
v -0.9492 2.3462 0.8260
v -1.3354 1.9862 1.0281
v 1.3696 2.0089 1.0475
v 1.3323 2.3525 1.0274
v 0.9466 2.3455 0.8214
v 1.3310 1.9855 1.0216
v -1.4197 2.0239 1.0898
v -1.5181 2.0299 0.9587
v 1.4089 2.0229 1.0700
v 1.5073 2.0289 0.9396
v -1.3806 2.3606 1.0687
v -1.4763 2.3665 0.9411
v 1.3699 2.3596 1.0490
v 1.4656 2.3655 0.9222
v 0.1043 2.0431 -0.8045
v 0.1022 1.9156 1.5512
v 0.1014 2.3446 -0.7337
v 0.0994 2.2642 1.5193
v 0.0723 2.2858 -0.4295
v 0.0708 2.2838 1.1394
v 0.0992 1.8777 1.4817
v 0.0988 1.9988 -0.7930
v -0.1023 1.9158 1.5621
v -0.1011 2.0428 -0.8032
v -0.0995 2.2645 1.5313
v -0.0984 2.3444 -0.7323
v -0.0704 2.2838 1.1590
v -0.0696 2.2855 -0.4285
v -0.0993 1.8850 1.5032
v -0.0958 1.9987 -0.7918
v -0.0530 1.9138 1.5659
v -0.0499 2.0409 -0.7973
v -0.0498 2.2638 1.5279
v -0.0486 2.3441 -0.7290
v -0.0351 2.2841 1.1544
v -0.0342 2.2842 -0.4262
v -0.0499 1.8841 1.5111
v -0.0473 1.9967 -0.7860
v 0.0499 1.8804 1.4973
v 0.0500 1.9968 -0.7865
v 0.0528 2.0411 -0.7978
v 0.0529 1.9137 1.5587
v 0.0513 2.3442 -0.7297
v 0.0497 2.2637 1.5223
v 0.0367 2.2844 -0.4267
v 0.0355 2.2841 1.1430
v -0.0499 2.0409 -0.8298
v 0.0013 2.0391 -0.8256
v -0.0486 2.3441 -0.7717
v 0.0012 2.3438 -0.7684
v 0.0528 2.0411 -0.8304
v 0.0513 2.3442 -0.7724
v 1.0639 0.8370 -0.8831
v 0.9891 1.7984 -0.7044
v 1.0278 2.0068 -0.6095
v 1.1288 1.0268 -0.8331
v 0.9998 2.3266 -0.5722
v 0.7104 2.3136 -0.3148
v 0.9968 1.9507 -0.6210
v -0.9841 1.8006 -0.7013
v -1.1011 0.8320 -0.9354
v -1.0216 2.0068 -0.6070
v -1.1681 1.0509 -0.8826
v -0.9937 2.3266 -0.5699
v -0.7056 2.3134 -0.3132
v -0.9901 1.9509 -0.6186
v -1.0495 2.0024 -0.6666
v -1.1348 2.0057 -0.6246
v 1.0557 2.0024 -0.6691
v 1.1428 2.0053 -0.6260
v -1.0209 2.3309 -0.6334
v -1.1039 2.3354 -0.5913
v 1.0269 2.3309 -0.6357
v 1.1117 2.3352 -0.5925
v -0.0674 1.9725 1.6560
v -0.0000 1.9724 1.6539
v 0.1494 1.9756 1.6279
v 0.2334 2.0016 1.5830
v -0.0663 2.2358 1.6528
v -0.0000 2.2334 1.6509
v 0.1471 2.2412 1.6248
v 0.2304 2.2278 1.5803
v -0.2336 2.0004 1.6038
v -0.2306 2.2265 1.6028
v 0.0673 1.9729 1.6488
v 0.0662 2.2362 1.6457
v -0.1495 1.9748 1.6427
v -0.1472 2.2403 1.6400
v 0.3684 1.9695 1.5276
v 0.2168 1.9659 1.5402
v 0.5776 1.9900 1.4955
v 0.7387 2.0082 1.4454
v 0.3601 2.2298 1.5033
v 0.2126 2.2284 1.5161
v 0.5651 2.2391 1.4717
v 0.7218 2.2549 1.4230
v 0.4990 1.9859 1.5117
v 0.4887 2.2298 1.4874
v 0.9040 2.2385 1.3775
v 0.9179 2.0357 1.3959
v 0.8566 2.2213 1.4166
v 0.8687 2.0440 1.4327
v 1.0612 2.3442 1.0281
v 1.2177 2.3538 0.8207
v -0.1746 2.2743 1.3571
v 0.0001 2.2738 1.3361
v 0.8676 2.3275 1.1430
v 0.0012 2.3134 -0.5747
v -0.1692 2.3165 -0.5860
v 0.9256 2.3253 -0.4075
v 0.7845 2.3148 -0.4795
v -0.3389 2.3003 -0.5873
v 0.6489 2.3100 -0.5246
v -1.0647 2.3450 1.0347
v -0.8705 2.3282 1.1589
v -0.9187 2.3254 -0.4065
v -1.0731 2.3228 -0.2803
v -1.2213 2.3546 0.8256
v 0.1701 2.2742 1.3240
v 0.3356 2.2814 1.3005
v 0.5028 2.3126 -0.5627
v -1.2248 2.3193 -0.0741
v -1.3218 2.3274 0.2110
v 0.1726 2.3171 -0.5884
v 0.3436 2.3010 -0.5897
v -0.6790 2.3046 1.2461
v -0.5024 2.2870 1.3106
v 1.2287 2.3188 -0.0743
v 1.0793 2.3223 -0.2808
v -1.3174 2.3455 0.5349
v 1.3152 2.3449 0.5319
v -0.6423 2.3095 -0.5228
v -0.7776 2.3144 -0.4781
v 1.3225 2.3269 0.2099
v -0.4970 2.3117 -0.5606
v 0.6771 2.3041 1.2109
v 0.5013 2.2866 1.2655
v -0.3334 2.2813 1.3474
v 0.4156 2.2810 1.2832
v 0.4205 2.3066 -0.5767
v -0.4191 2.2813 1.3278
v -0.4179 2.3060 -0.5740
v -1.1430 2.3498 0.9300
v 1.1394 2.3490 0.9244
v 0.0851 2.2740 1.3293
v 0.0869 2.3152 -0.5816
v -0.0840 2.3149 -0.5804
v -0.0850 2.2741 1.3451
v -0.0414 2.3142 -0.5776
v -0.0424 2.2740 1.3411
v 0.0426 2.2739 1.3327
v 0.0440 2.3143 -0.5782
v 0.8551 2.3201 -0.4435
v -0.8496 2.3200 -0.4416
v 1.1984 2.3468 1.1197
v -0.1963 2.2682 1.4916
v 0.9799 2.3280 1.2494
v 0.0012 2.3292 -0.6906
v 1.0454 2.3286 -0.5018
v -1.2027 2.3477 1.1269
v -1.0377 2.3288 -0.5007
v -1.3795 2.3585 0.8910
v 0.1920 2.2679 1.4630
v -1.3834 2.3187 -0.1252
v 0.1948 2.3320 -0.7061
v -0.7670 2.3021 1.3618
v 1.3876 2.3181 -0.1255
v -1.4880 2.3483 0.5627
v -0.7256 2.3184 -0.6320
v 0.7646 2.3015 1.3261
v 1.3752 2.3576 0.8854
v 0.0000 2.2666 1.4758
v -0.1912 2.3314 -0.7034
v 0.8860 2.3188 -0.5831
v -0.3828 2.3169 -0.7049
v 0.7327 2.3189 -0.6341
v -0.9833 2.3287 1.2635
v -1.2122 2.3226 -0.3581
v 0.3789 2.2726 1.4277
v 0.5678 2.3255 -0.6771
v -1.4930 2.3278 0.1968
v 0.3880 2.3177 -0.7076
v -0.5675 2.2820 1.4356
v 1.2189 2.3220 -0.3586
v 1.4854 2.3476 0.5593
v -0.8784 2.3183 -0.5815
v 1.4936 2.3273 0.1956
v -0.5615 2.3245 -0.6746
v 0.5661 2.2817 1.3878
v -0.3756 2.2728 1.4742
v 0.4693 2.2724 1.4078
v 0.4748 2.3214 -0.6928
v -0.4735 2.2727 1.4558
v -0.4722 2.3207 -0.6898
v -1.2911 2.3531 1.0088
v 1.2868 2.3522 1.0026
v 0.0960 2.2672 1.4695
v 0.0980 2.3306 -0.6984
v -0.0950 2.3303 -0.6970
v -0.0961 2.2674 1.4839
v -0.0469 2.3297 -0.6938
v -0.0480 2.2670 1.4801
v 0.0480 2.2669 1.4728
v 0.0496 2.3299 -0.6945
v 0.9657 2.3237 -0.5424
v -0.9597 2.3237 -0.5402
v -0.9838 1.7953 -0.7405
v -1.0904 1.7833 -0.6730
v -1.1226 1.5353 -0.7528
v -0.8864 0.9057 -1.0360
v -0.7578 0.8845 -1.0776
v -0.6189 0.8940 -1.0809
v -0.8655 1.7889 -0.8105
v -0.8794 1.4814 -0.9208
v -0.7219 1.7795 -0.8745
v -0.7309 1.4697 -0.9830
v -0.5788 1.7737 -0.9217
v -0.5813 1.4744 -1.0224
v 0.7191 1.1033 -1.0643
v 0.5455 1.0940 -1.0958
v 0.7590 0.8796 -1.0798
v 0.6210 0.8841 -1.0824
v -0.5380 1.1229 -1.0955
v 0.8893 0.9006 -1.0424
v -0.7161 1.1163 -1.0626
v -0.9208 1.1342 -0.9960
v -1.0237 1.5041 -0.8400
v 1.1255 1.5305 -0.7561
v 1.0985 1.7805 -0.6759
v -1.1703 1.3045 -0.8242
v 0.9922 1.7927 -0.7436
v -1.1320 1.1319 -0.9119
v 0.8841 1.4767 -0.9240
v 0.9237 1.1210 -1.0000
v 0.8720 1.7876 -0.8130
v 0.7279 1.7782 -0.8771
v 0.7359 1.4652 -0.9858
v 0.5837 1.7723 -0.9248
v 0.5872 1.4644 -1.0248
v 1.1746 1.2955 -0.8365
v 1.0943 1.1183 -0.8588
v 1.0271 1.4933 -0.8436
v 0.4780 1.2502 -1.0876
v 0.4773 1.7553 -0.9504
v 0.4750 1.4996 -1.0335
v -0.4705 1.7572 -0.9473
v -0.4721 1.5034 -1.0304
v -0.4745 1.2594 -1.0847
v 1.0375 0.9097 -0.9236
v -1.0749 0.9049 -0.9770
v -1.1355 1.6597 -0.6521
v 1.1394 1.6565 -0.6551
v 0.4200 1.6330 -0.9678
v -0.4169 1.6351 -0.9647
v -1.1015 1.6788 -0.7070
v -0.8598 1.6472 -0.8723
v -0.7168 1.6350 -0.9325
v -0.5808 1.6344 -0.9738
v 1.1082 1.6754 -0.7101
v 0.5885 1.6311 -0.9767
v 0.8686 1.6446 -0.8753
v 0.7253 1.6325 -0.9354
v 0.4733 1.6484 -0.9886
v -0.4674 1.6508 -0.9855
v 0.9975 1.6550 -0.8021
v -0.9903 1.6593 -0.7987
v -0.9742 1.7887 -0.7631
v -1.0756 1.7856 -0.6948
v -1.0792 1.7047 -0.7238
v 1.1069 1.7018 -0.7265
v 1.1033 1.7828 -0.6976
v 1.0029 1.7858 -0.7662
v -0.7089 1.7695 -0.8937
v -0.5695 1.7641 -0.9392
v -0.8499 1.7792 -0.8319
v 0.8799 1.7774 -0.8346
v 0.7386 1.7680 -0.8964
v 0.5979 1.7622 -0.9420
v 0.4959 1.7562 -0.9666
v 0.4949 1.6747 -0.9961
v -0.4698 1.7584 -0.9637
v 1.0038 1.6945 -0.8034
v -0.8480 1.6869 -0.8718
v -0.7056 1.6753 -0.9326
v -0.5697 1.6736 -0.9751
v 0.5971 1.6699 -0.9773
v 0.8776 1.6843 -0.8748
v 0.7347 1.6726 -0.9353
v -0.4684 1.6771 -0.9931
v -0.9755 1.6980 -0.8001
v -1.0652 1.7420 -0.7434
v -1.0643 1.7336 -0.7444
v -1.0704 1.7400 -0.7369
v -1.0634 1.7490 -0.7388
v -1.0572 1.7426 -0.7462
v -1.0557 1.7341 -0.7455
v -1.0681 1.7316 -0.7368
v -1.0673 1.7460 -0.7316
v -1.0549 1.7485 -0.7403
v -1.0338 1.7542 -0.7456
v -1.0328 1.7430 -0.7509
v -1.0350 1.7312 -0.7539
v -1.0491 1.7131 -0.7502
v -1.0591 1.7092 -0.7440
v -1.0689 1.7092 -0.7363
v -1.0813 1.7219 -0.7215
v -1.0824 1.7331 -0.7162
v -1.0801 1.7450 -0.7131
v -1.0660 1.7630 -0.7168
v -1.0560 1.7669 -0.7231
v -1.0462 1.7669 -0.7307
v -1.0405 1.7206 -0.7539
v -1.0769 1.7133 -0.7284
v -1.0382 1.7628 -0.7386
v -1.0746 1.7556 -0.7131
v -1.0513 1.7356 -0.7439
v -1.0513 1.7412 -0.7432
v -1.0508 1.7460 -0.7402
v -1.0448 1.7168 -0.7521
v -1.0422 1.7649 -0.7347
v -1.0692 1.7377 -0.7307
v -1.0684 1.7322 -0.7320
v -1.0678 1.7426 -0.7282
v -1.0729 1.7112 -0.7324
v -1.0703 1.7593 -0.7150
v -1.0597 1.7498 -0.7332
v -1.0635 1.7481 -0.7294
v -1.0546 1.7499 -0.7356
v -1.0360 1.7585 -0.7421
v -1.0774 1.7503 -0.7131
v -1.0456 1.7565 -0.7393
v -1.0714 1.7513 -0.7213
v -1.0608 1.7291 -0.7407
v -1.0556 1.7301 -0.7428
v -1.0646 1.7283 -0.7366
v -1.0378 1.7258 -0.7539
v -1.0791 1.7176 -0.7250
v -1.0472 1.7266 -0.7502
v -1.0730 1.7214 -0.7321
v -1.0286 1.7545 -0.7434
v -1.0274 1.7421 -0.7493
v -1.0299 1.7290 -0.7527
v -1.0455 1.7091 -0.7486
v -1.0566 1.7048 -0.7416
v -1.0675 1.7047 -0.7332
v -1.0812 1.7188 -0.7168
v -1.0823 1.7312 -0.7109
v -1.0798 1.7443 -0.7075
v -1.0643 1.7642 -0.7116
v -1.0532 1.7685 -0.7185
v -1.0423 1.7686 -0.7270
v -1.0360 1.7173 -0.7527
v -1.0763 1.7093 -0.7245
v -1.0335 1.7641 -0.7357
v -1.0737 1.7560 -0.7075
v -1.0408 1.7132 -0.7506
v -1.0379 1.7663 -0.7314
v -1.0719 1.7070 -0.7288
v -1.0690 1.7601 -0.7096
v -1.0310 1.7593 -0.7396
v -1.0768 1.7502 -0.7075
v -1.0330 1.7232 -0.7527
v -1.0787 1.7140 -0.7206
v -0.5342 1.7257 -0.9830
v -0.5329 1.7173 -0.9839
v -0.5416 1.7235 -0.9794
v -0.5344 1.7324 -0.9777
v -0.5257 1.7263 -0.9822
v -0.5246 1.7177 -0.9814
v -0.5395 1.7151 -0.9787
v -0.5409 1.7292 -0.9729
v -0.5260 1.7318 -0.9756
v -0.5046 1.7373 -0.9715
v -0.5015 1.7264 -0.9765
v -0.5023 1.7147 -0.9807
v -0.5167 1.6968 -0.9840
v -0.5284 1.6929 -0.9826
v -0.5405 1.6927 -0.9797
v -0.5579 1.7050 -0.9707
v -0.5610 1.7159 -0.9657
v -0.5602 1.7276 -0.9614
v -0.5458 1.7455 -0.9581
v -0.5341 1.7494 -0.9595
v -0.5220 1.7496 -0.9624
v -0.5073 1.7042 -0.9835
v -0.5510 1.6966 -0.9756
v -0.5115 1.7457 -0.9666
v -0.5552 1.7381 -0.9586
v -0.5213 1.7190 -0.9781
v -0.5216 1.7246 -0.9772
v -0.5223 1.7292 -0.9739
v -0.5120 1.7005 -0.9838
v -0.5168 1.7477 -0.9645
v -0.5430 1.7209 -0.9733
v -0.5417 1.7155 -0.9744
v -0.5428 1.7256 -0.9702
v -0.5457 1.6946 -0.9776
v -0.5505 1.7418 -0.9584
v -0.5333 1.7329 -0.9711
v -0.5384 1.7311 -0.9692
v -0.5277 1.7330 -0.9712
v -0.5081 1.7415 -0.9690
v -0.5577 1.7328 -0.9600
v -0.5180 1.7396 -0.9706
v -0.5488 1.7341 -0.9650
v -0.5312 1.7126 -0.9794
v -0.5257 1.7136 -0.9791
v -0.5364 1.7117 -0.9772
v -0.5048 1.7095 -0.9821
v -0.5544 1.7008 -0.9731
v -0.5150 1.7102 -0.9825
v -0.5459 1.7048 -0.9769
v -0.5008 1.7375 -0.9674
v -0.4973 1.7253 -0.9729
v -0.4982 1.7124 -0.9776
v -0.5141 1.6927 -0.9812
v -0.5270 1.6883 -0.9797
v -0.5404 1.6880 -0.9764
v -0.5597 1.7016 -0.9664
v -0.5631 1.7138 -0.9609
v -0.5622 1.7267 -0.9562
v -0.5463 1.7464 -0.9526
v -0.5334 1.7508 -0.9541
v -0.5200 1.7511 -0.9574
v -0.5037 1.7008 -0.9807
v -0.5520 1.6924 -0.9719
v -0.5084 1.7467 -0.9619
v -0.5567 1.7383 -0.9531
v -0.5089 1.6968 -0.9809
v -0.5142 1.7489 -0.9596
v -0.5462 1.6902 -0.9742
v -0.5515 1.7424 -0.9529
v -0.5046 1.7421 -0.9646
v -0.5594 1.7325 -0.9547
v -0.5010 1.7066 -0.9791
v -0.5558 1.6970 -0.9692
v 1.0652 1.7420 -0.7604
v 1.0643 1.7336 -0.7614
v 1.0704 1.7400 -0.7540
v 1.0634 1.7490 -0.7558
v 1.0572 1.7426 -0.7632
v 1.0557 1.7341 -0.7625
v 1.0681 1.7316 -0.7538
v 1.0673 1.7460 -0.7486
v 1.0549 1.7485 -0.7573
v 1.0338 1.7542 -0.7626
v 1.0328 1.7430 -0.7680
v 1.0350 1.7312 -0.7710
v 1.0491 1.7131 -0.7673
v 1.0591 1.7092 -0.7610
v 1.0689 1.7092 -0.7534
v 1.0813 1.7219 -0.7385
v 1.0824 1.7331 -0.7332
v 1.0801 1.7450 -0.7302
v 1.0660 1.7630 -0.7339
v 1.0560 1.7669 -0.7402
v 1.0462 1.7669 -0.7478
v 1.0405 1.7206 -0.7710
v 1.0769 1.7133 -0.7455
v 1.0382 1.7628 -0.7557
v 1.0746 1.7556 -0.7302
v 1.0513 1.7356 -0.7610
v 1.0513 1.7412 -0.7603
v 1.0508 1.7460 -0.7572
v 1.0448 1.7168 -0.7691
v 1.0422 1.7649 -0.7517
v 1.0692 1.7377 -0.7478
v 1.0684 1.7322 -0.7490
v 1.0678 1.7426 -0.7453
v 1.0729 1.7112 -0.7494
v 1.0703 1.7593 -0.7320
v 1.0597 1.7498 -0.7503
v 1.0635 1.7481 -0.7464
v 1.0546 1.7499 -0.7527
v 1.0360 1.7585 -0.7592
v 1.0774 1.7503 -0.7302
v 1.0456 1.7565 -0.7564
v 1.0714 1.7513 -0.7384
v 1.0608 1.7291 -0.7578
v 1.0556 1.7301 -0.7599
v 1.0646 1.7283 -0.7536
v 1.0378 1.7258 -0.7710
v 1.0791 1.7176 -0.7420
v 1.0472 1.7266 -0.7672
v 1.0730 1.7214 -0.7492
v 1.0286 1.7545 -0.7605
v 1.0274 1.7421 -0.7664
v 1.0299 1.7290 -0.7697
v 1.0455 1.7091 -0.7656
v 1.0566 1.7048 -0.7587
v 1.0675 1.7047 -0.7502
v 1.0812 1.7188 -0.7338
v 1.0823 1.7312 -0.7279
v 1.0798 1.7443 -0.7246
v 1.0643 1.7642 -0.7287
v 1.0532 1.7685 -0.7356
v 1.0423 1.7686 -0.7441
v 1.0360 1.7173 -0.7697
v 1.0763 1.7093 -0.7415
v 1.0335 1.7641 -0.7528
v 1.0737 1.7560 -0.7246
v 1.0408 1.7132 -0.7677
v 1.0379 1.7663 -0.7484
v 1.0719 1.7070 -0.7459
v 1.0690 1.7601 -0.7266
v 1.0310 1.7593 -0.7566
v 1.0768 1.7502 -0.7246
v 1.0330 1.7232 -0.7697
v 1.0787 1.7140 -0.7377
v 0.5342 1.7257 -0.9830
v 0.5329 1.7173 -0.9839
v 0.5416 1.7235 -0.9794
v 0.5344 1.7324 -0.9777
v 0.5257 1.7263 -0.9822
v 0.5246 1.7177 -0.9814
v 0.5395 1.7151 -0.9787
v 0.5409 1.7292 -0.9729
v 0.5260 1.7318 -0.9756
v 0.5046 1.7373 -0.9715
v 0.5015 1.7264 -0.9765
v 0.5023 1.7147 -0.9807
v 0.5167 1.6968 -0.9840
v 0.5284 1.6929 -0.9826
v 0.5405 1.6927 -0.9797
v 0.5579 1.7050 -0.9707
v 0.5610 1.7159 -0.9657
v 0.5602 1.7276 -0.9614
v 0.5458 1.7455 -0.9581
v 0.5341 1.7494 -0.9595
v 0.5220 1.7496 -0.9624
v 0.5073 1.7042 -0.9835
v 0.5510 1.6966 -0.9756
v 0.5115 1.7457 -0.9666
v 0.5552 1.7381 -0.9586
v 0.5213 1.7190 -0.9781
v 0.5216 1.7246 -0.9772
v 0.5223 1.7292 -0.9739
v 0.5120 1.7005 -0.9838
v 0.5168 1.7477 -0.9645
v 0.5430 1.7209 -0.9733
v 0.5417 1.7155 -0.9744
v 0.5428 1.7256 -0.9702
v 0.5457 1.6946 -0.9776
v 0.5505 1.7418 -0.9584
v 0.5333 1.7329 -0.9711
v 0.5384 1.7311 -0.9692
v 0.5277 1.7330 -0.9712
v 0.5081 1.7415 -0.9690
v 0.5577 1.7328 -0.9600
v 0.5180 1.7396 -0.9706
v 0.5488 1.7341 -0.9650
v 0.5312 1.7126 -0.9794
v 0.5257 1.7135 -0.9791
v 0.5364 1.7117 -0.9772
v 0.5048 1.7095 -0.9821
v 0.5544 1.7008 -0.9731
v 0.5150 1.7102 -0.9825
v 0.5459 1.7048 -0.9769
v 0.5008 1.7375 -0.9674
v 0.4973 1.7253 -0.9729
v 0.4982 1.7124 -0.9776
v 0.5141 1.6927 -0.9812
v 0.5270 1.6883 -0.9797
v 0.5404 1.6880 -0.9764
v 0.5597 1.7016 -0.9664
v 0.5631 1.7138 -0.9609
v 0.5622 1.7267 -0.9562
v 0.5463 1.7464 -0.9526
v 0.5334 1.7508 -0.9541
v 0.5200 1.7511 -0.9574
v 0.5037 1.7008 -0.9807
v 0.5520 1.6924 -0.9719
v 0.5084 1.7467 -0.9619
v 0.5567 1.7383 -0.9531
v 0.5089 1.6968 -0.9809
v 0.5142 1.7489 -0.9596
v 0.5462 1.6902 -0.9742
v 0.5515 1.7424 -0.9529
v 0.5046 1.7421 -0.9646
v 0.5594 1.7325 -0.9547
v 0.5010 1.7066 -0.9791
v 0.5558 1.6970 -0.9692
v -0.6205 1.8524 1.4639
v -0.6223 1.8442 1.4622
v -0.6124 1.8503 1.4624
v -0.6184 1.8600 1.4609
v -0.6283 1.8540 1.4607
v -0.6293 1.8460 1.4573
v -0.6144 1.8425 1.4589
v -0.6108 1.8574 1.4577
v -0.6256 1.8609 1.4561
v -0.6443 1.8694 1.4470
v -0.6492 1.8580 1.4477
v -0.6501 1.8457 1.4489
v -0.6381 1.8261 1.4520
v -0.6267 1.8213 1.4534
v -0.6144 1.8205 1.4545
v -0.5946 1.8326 1.4549
v -0.5898 1.8440 1.4541
v -0.5888 1.8564 1.4529
v -0.6008 1.8760 1.4499
v -0.6122 1.8807 1.4484
v -0.6246 1.8816 1.4473
v -0.6466 1.8344 1.4504
v -0.6030 1.8241 1.4551
v -0.6360 1.8779 1.4468
v -0.5924 1.8677 1.4514
v -0.6313 1.8484 1.4536
v -0.6305 1.8540 1.4543
v -0.6287 1.8591 1.4527
v -0.6424 1.8302 1.4512
v -0.6303 1.8797 1.4470
v -0.6092 1.8490 1.4566
v -0.6108 1.8436 1.4558
v -0.6082 1.8543 1.4549
v -0.6087 1.8223 1.4548
v -0.5966 1.8718 1.4506
v -0.6172 1.8622 1.4545
v -0.6119 1.8603 1.4540
v -0.6226 1.8628 1.4529
v -0.6401 1.8737 1.4469
v -0.5906 1.8620 1.4522
v -0.6314 1.8704 1.4509
v -0.6005 1.8631 1.4542
v -0.6225 1.8408 1.4563
v -0.6276 1.8424 1.4546
v -0.6169 1.8399 1.4557
v -0.6484 1.8400 1.4497
v -0.5988 1.8284 1.4550
v -0.6389 1.8395 1.4535
v -0.6081 1.8323 1.4568
v -0.6466 1.8709 1.4420
v -0.6520 1.8583 1.4429
v -0.6530 1.8446 1.4442
v -0.6397 1.8230 1.4475
v -0.6271 1.8177 1.4491
v -0.6134 1.8168 1.4504
v -0.5916 1.8302 1.4508
v -0.5862 1.8428 1.4499
v -0.5852 1.8565 1.4486
v -0.5985 1.8781 1.4452
v -0.6111 1.8834 1.4436
v -0.6248 1.8843 1.4424
v -0.6491 1.8321 1.4458
v -0.6009 1.8208 1.4510
v -0.6373 1.8803 1.4418
v -0.5891 1.8690 1.4469
v -0.6444 1.8275 1.4467
v -0.6310 1.8823 1.4421
v -0.6072 1.8188 1.4507
v -0.5938 1.8736 1.4461
v -0.6419 1.8756 1.4419
v -0.5872 1.8627 1.4477
v -0.6510 1.8384 1.4450
v -0.5963 1.8255 1.4509
v -1.7156 1.0437 0.5577
v -1.7145 1.0363 0.5536
v -1.7115 1.0399 0.5641
v -1.7121 1.0509 0.5605
v -1.7150 1.0472 0.5500
v -1.7122 1.0400 0.5461
v -1.7088 1.0331 0.5594
v -1.7066 1.0468 0.5659
v -1.7099 1.0537 0.5526
v -1.7074 1.0670 0.5346
v -1.7096 1.0570 0.5277
v -1.7110 1.0451 0.5242
v -1.7099 1.0231 0.5315
v -1.7075 1.0158 0.5412
v -1.7045 1.0121 0.5527
v -1.6985 1.0194 0.5739
v -1.6963 1.0294 0.5809
v -1.6949 1.0413 0.5843
v -1.6960 1.0633 0.5771
v -1.6984 1.0706 0.5673
v -1.7014 1.0743 0.5558
v -1.7112 1.0332 0.5252
v -1.7014 1.0130 0.5642
v -1.7045 1.0734 0.5443
v -1.6947 1.0532 0.5833
v -1.7093 1.0431 0.5437
v -1.7097 1.0483 0.5459
v -1.7077 1.0530 0.5483
v -1.7105 1.0281 0.5283
v -1.7029 1.0738 0.5501
v -1.7049 1.0384 0.5650
v -1.7048 1.0337 0.5620
v -1.7031 1.0435 0.5666
v -1.7030 1.0125 0.5585
v -1.6954 1.0582 0.5802
v -1.7057 1.0532 0.5601
v -1.7035 1.0503 0.5644
v -1.7059 1.0552 0.5548
v -1.7059 1.0702 0.5395
v -1.6948 1.0473 0.5838
v -1.7069 1.0646 0.5480
v -1.7000 1.0504 0.5756
v -1.7090 1.0335 0.5508
v -1.7090 1.0364 0.5459
v -1.7066 1.0314 0.5555
v -1.7111 1.0391 0.5247
v -1.7000 1.0162 0.5690
v -1.7116 1.0362 0.5345
v -1.7047 1.0219 0.5621
v -1.7034 1.0694 0.5314
v -1.7059 1.0582 0.5236
v -1.7074 1.0451 0.5198
v -1.7062 1.0208 0.5278
v -1.7036 1.0127 0.5386
v -1.7003 1.0086 0.5514
v -1.6937 1.0167 0.5748
v -1.6912 1.0278 0.5825
v -1.6896 1.0409 0.5863
v -1.6909 1.0652 0.5783
v -1.6935 1.0733 0.5675
v -1.6968 1.0774 0.5548
v -1.7076 1.0320 0.5209
v -1.6968 1.0096 0.5641
v -1.7002 1.0764 0.5421
v -1.6894 1.0541 0.5852
v -1.7069 1.0264 0.5244
v -1.6985 1.0769 0.5484
v -1.6985 1.0091 0.5577
v -1.6902 1.0597 0.5818
v -1.7018 1.0729 0.5367
v -1.6895 1.0475 0.5858
v -1.7075 1.0385 0.5204
v -1.6952 1.0131 0.5694
v 0.6205 1.8524 1.4639
v 0.6223 1.8442 1.4622
v 0.6124 1.8503 1.4624
v 0.6184 1.8600 1.4609
v 0.6283 1.8540 1.4607
v 0.6293 1.8460 1.4573
v 0.6144 1.8425 1.4589
v 0.6108 1.8574 1.4577
v 0.6256 1.8609 1.4561
v 0.6443 1.8694 1.4470
v 0.6492 1.8580 1.4477
v 0.6501 1.8457 1.4489
v 0.6381 1.8261 1.4520
v 0.6267 1.8213 1.4534
v 0.6144 1.8205 1.4545
v 0.5946 1.8326 1.4549
v 0.5898 1.8440 1.4541
v 0.5888 1.8564 1.4529
v 0.6008 1.8760 1.4499
v 0.6122 1.8807 1.4484
v 0.6246 1.8816 1.4473
v 0.6466 1.8344 1.4504
v 0.6030 1.8241 1.4551
v 0.6360 1.8779 1.4468
v 0.5924 1.8677 1.4514
v 0.6313 1.8484 1.4536
v 0.6305 1.8540 1.4543
v 0.6287 1.8591 1.4527
v 0.6424 1.8302 1.4512
v 0.6303 1.8797 1.4470
v 0.6092 1.8490 1.4566
v 0.6108 1.8436 1.4558
v 0.6082 1.8543 1.4549
v 0.6087 1.8223 1.4548
v 0.5966 1.8718 1.4506
v 0.6172 1.8622 1.4545
v 0.6119 1.8603 1.4540
v 0.6226 1.8628 1.4529
v 0.6401 1.8737 1.4469
v 0.5906 1.8620 1.4522
v 0.6314 1.8704 1.4509
v 0.6005 1.8631 1.4542
v 0.6225 1.8408 1.4563
v 0.6276 1.8424 1.4546
v 0.6169 1.8399 1.4557
v 0.6484 1.8400 1.4497
v 0.5988 1.8284 1.4550
v 0.6389 1.8395 1.4535
v 0.6081 1.8323 1.4568
v 0.6466 1.8709 1.4420
v 0.6520 1.8583 1.4429
v 0.6530 1.8446 1.4442
v 0.6397 1.8230 1.4475
v 0.6271 1.8177 1.4491
v 0.6134 1.8168 1.4504
v 0.5916 1.8302 1.4508
v 0.5862 1.8428 1.4499
v 0.5852 1.8565 1.4486
v 0.5985 1.8781 1.4452
v 0.6111 1.8834 1.4436
v 0.6248 1.8843 1.4424
v 0.6491 1.8321 1.4458
v 0.6009 1.8208 1.4510
v 0.6373 1.8803 1.4418
v 0.5891 1.8690 1.4469
v 0.6444 1.8275 1.4467
v 0.6310 1.8823 1.4421
v 0.6072 1.8188 1.4507
v 0.5938 1.8736 1.4461
v 0.6419 1.8756 1.4419
v 0.5872 1.8627 1.4477
v 0.6510 1.8384 1.4450
v 0.5963 1.8255 1.4509
v 1.7156 1.0437 0.5577
v 1.7145 1.0363 0.5536
v 1.7115 1.0399 0.5641
v 1.7121 1.0509 0.5605
v 1.7150 1.0472 0.5500
v 1.7122 1.0400 0.5461
v 1.7088 1.0331 0.5594
v 1.7066 1.0468 0.5659
v 1.7099 1.0537 0.5526
v 1.7074 1.0670 0.5346
v 1.7096 1.0570 0.5277
v 1.7110 1.0451 0.5242
v 1.7099 1.0231 0.5315
v 1.7075 1.0158 0.5412
v 1.7045 1.0121 0.5527
v 1.6985 1.0194 0.5739
v 1.6963 1.0294 0.5809
v 1.6949 1.0413 0.5843
v 1.6960 1.0633 0.5771
v 1.6984 1.0706 0.5673
v 1.7014 1.0743 0.5558
v 1.7112 1.0332 0.5252
v 1.7014 1.0130 0.5642
v 1.7045 1.0734 0.5443
v 1.6947 1.0532 0.5833
v 1.7093 1.0431 0.5437
v 1.7097 1.0483 0.5459
v 1.7077 1.0530 0.5483
v 1.7105 1.0281 0.5283
v 1.7029 1.0738 0.5501
v 1.7049 1.0384 0.5650
v 1.7048 1.0337 0.5620
v 1.7031 1.0435 0.5666
v 1.7030 1.0125 0.5585
v 1.6954 1.0582 0.5802
v 1.7057 1.0532 0.5601
v 1.7035 1.0503 0.5644
v 1.7059 1.0552 0.5548
v 1.7059 1.0702 0.5395
v 1.6948 1.0473 0.5838
v 1.7069 1.0646 0.5480
v 1.7000 1.0504 0.5756
v 1.7090 1.0335 0.5508
v 1.7090 1.0364 0.5459
v 1.7066 1.0314 0.5555
v 1.7111 1.0391 0.5247
v 1.7000 1.0162 0.5690
v 1.7116 1.0362 0.5345
v 1.7047 1.0219 0.5621
v 1.7034 1.0694 0.5314
v 1.7059 1.0582 0.5236
v 1.7074 1.0451 0.5198
v 1.7062 1.0208 0.5278
v 1.7036 1.0127 0.5386
v 1.7003 1.0086 0.5514
v 1.6937 1.0167 0.5748
v 1.6912 1.0278 0.5825
v 1.6896 1.0409 0.5863
v 1.6909 1.0652 0.5783
v 1.6935 1.0733 0.5675
v 1.6968 1.0774 0.5548
v 1.7076 1.0320 0.5209
v 1.6968 1.0096 0.5641
v 1.7002 1.0764 0.5421
v 1.6894 1.0541 0.5852
v 1.7069 1.0264 0.5244
v 1.6985 1.0769 0.5484
v 1.6985 1.0091 0.5577
v 1.6902 1.0597 0.5818
v 1.7018 1.0729 0.5367
v 1.6895 1.0475 0.5858
v 1.7075 1.0385 0.5204
v 1.6952 1.0131 0.5694
v -1.2233 1.3066 1.2174
v -1.3925 1.2327 1.0996
v -0.9067 1.5097 1.3636
v -0.7836 1.6572 1.4071
v -1.0369 1.4031 1.3137
v -1.2210 1.2943 1.1755
v -1.3776 1.2316 1.0636
v -0.8839 1.4992 1.3145
v -0.7372 1.6599 1.3728
v -1.0299 1.3877 1.2665
v -1.2129 1.2478 1.1693
v -1.0438 1.4190 1.2863
v -1.4590 1.1805 0.9813
v -1.5324 1.0932 0.8904
v -0.7780 1.6878 1.3857
v -1.2293 1.3240 1.1926
v -1.3712 1.1854 1.0612
v -1.5507 1.1086 0.9151
v -0.9095 1.5307 1.3350
v -1.2096 1.2621 1.2160
v -1.3895 1.2558 1.0793
v -0.6548 1.7667 1.4246
v -0.5940 1.8788 1.4413
v -0.6695 1.8146 1.4366
v -0.6596 1.8442 1.4267
v -0.6120 1.8200 1.4207
v -1.6813 0.9890 0.5276
v -1.4730 1.2043 0.9936
v -1.4829 1.1852 1.0098
v -1.4543 1.1368 0.9813
v -1.6180 1.1179 0.8201
v -1.5614 1.1505 0.9194
v -1.5506 1.1651 0.9036
v -1.5363 1.1368 0.8908
v -1.6439 1.1009 0.6995
v -1.6077 1.1315 0.8043
v -1.5966 1.1022 0.7916
v -1.0164 1.3398 1.2577
v -0.5950 1.7703 1.4155
v -1.6311 1.0715 0.6867
v -1.3764 1.1883 1.1015
v -1.6528 1.0873 0.7153
v -1.6848 1.0312 0.5223
v -1.6855 1.0569 0.5945
v -1.6732 1.0705 0.5834
v -1.6572 1.0411 0.5766
v -0.7436 1.5923 1.3613
v -1.0170 1.3268 1.2738
v -0.8744 1.4375 1.3153
v -1.3679 1.1652 1.0787
v -0.6279 1.7466 1.4095
v -1.2076 1.2329 1.1853
v -1.5365 1.0797 0.8988
v -1.4584 1.1185 0.9946
v -1.5988 1.0464 0.8040
v -1.6648 0.9859 0.5922
v -1.6356 1.0160 0.7059
v -1.6110 1.0761 0.8191
v -1.6812 1.0154 0.6002
v -0.8899 1.4653 1.3542
v -1.4716 1.1431 1.0109
v -1.6530 0.9981 0.5796
v -0.8656 1.4505 1.3045
v -1.6274 1.0283 0.6886
v -1.5933 1.0588 0.7923
v -1.6483 1.0457 0.7199
v -0.7675 1.6114 1.3933
v -0.5784 1.8322 1.4363
v -1.0237 1.3588 1.3105
v -0.7189 1.6102 1.3623
v 1.2233 1.3034 1.1970
v 1.3952 1.2295 1.0977
v 0.9067 1.5097 1.3538
v 0.7806 1.6511 1.4043
v 1.0369 1.4031 1.2884
v 1.2210 1.2943 1.1588
v 1.3845 1.2316 1.0629
v 0.8839 1.4992 1.2971
v 0.7372 1.6599 1.3572
v 1.0299 1.3877 1.2461
v 1.2128 1.2478 1.1499
v 1.0438 1.4190 1.2618
v 1.4731 1.1805 0.9813
v 1.5433 1.0932 0.8836
v 0.7750 1.6817 1.3831
v 1.2293 1.3208 1.1730
v 1.3759 1.1854 1.0497
v 1.5592 1.1086 0.9096
v 0.9095 1.5307 1.3255
v 1.2167 1.2621 1.1886
v 1.3939 1.2526 1.0776
v 0.6409 1.7641 1.4221
v 0.5910 1.8757 1.4279
v 0.6634 1.8054 1.4314
v 0.6535 1.8351 1.4182
v 0.6120 1.8200 1.4072
v 1.6834 0.9890 0.5199
v 1.4854 1.2043 0.9936
v 1.4936 1.1852 1.0098
v 1.4666 1.1368 0.9696
v 1.6223 1.1179 0.8201
v 1.5674 1.1505 0.9194
v 1.5584 1.1651 0.9036
v 1.5471 1.1368 0.8908
v 1.6480 1.1009 0.6995
v 1.6124 1.1315 0.8043
v 1.6011 1.1022 0.7916
v 1.0210 1.3398 1.2439
v 0.5950 1.7677 1.4045
v 1.6353 1.0715 0.6867
v 1.3876 1.1883 1.0910
v 1.6579 1.0873 0.7153
v 1.6880 1.0312 0.5145
v 1.6898 1.0569 0.5906
v 1.6767 1.0705 0.5795
v 1.6609 1.0411 0.5727
v 0.7354 1.5867 1.3518
v 1.0266 1.3268 1.2443
v 0.8782 1.4371 1.2954
v 1.3778 1.1652 1.0577
v 0.6140 1.7414 1.4062
v 1.2146 1.2329 1.1556
v 1.5464 1.0797 0.8865
v 1.4714 1.1185 0.9734
v 1.5992 1.0464 0.7991
v 1.6612 0.9859 0.5854
v 1.6292 1.0160 0.7002
v 1.6134 1.0761 0.8163
v 1.6819 1.0154 0.5949
v 0.8890 1.4675 1.3306
v 1.4861 1.1431 1.0013
v 1.6532 0.9981 0.5743
v 0.8703 1.4479 1.2902
v 1.6266 1.0283 0.6858
v 1.5968 1.0588 0.7902
v 1.6479 1.0457 0.7170
v 0.7573 1.6110 1.3816
v 0.5711 1.8322 1.4287
v 1.0286 1.3588 1.2731
v 0.7209 1.6050 1.3486
v -0.7904 1.6785 1.3997
v -0.9141 1.5270 1.3529
v -0.8481 1.5749 1.3856
v -1.4429 1.2071 1.0537
v -1.3222 1.2649 1.1534
v -1.3934 1.2499 1.0915
v -1.1208 1.3539 1.2746
v -1.2284 1.3222 1.2068
v -0.7214 1.7419 1.4248
v -0.7714 1.6321 1.4058
v -1.0285 1.3811 1.3172
v -1.3856 1.2103 1.1031
v -1.2163 1.2842 1.2216
v -1.0438 1.4179 1.3027
v -0.8958 1.4866 1.3647
v -0.9671 1.4547 1.3407
v -0.7568 1.6825 1.3738
v -0.8978 1.5213 1.3189
v -0.8130 1.5679 1.3423
v -1.4207 1.2069 1.0236
v -1.3171 1.2592 1.1112
v -1.3834 1.2499 1.0681
v -1.1165 1.3371 1.2333
v -1.2266 1.3140 1.1804
v -0.6667 1.7518 1.4005
v -0.7232 1.6319 1.3724
v -1.0213 1.3630 1.2631
v -1.3735 1.2077 1.0624
v -1.2154 1.2704 1.1728
v -1.0387 1.4083 1.2722
v -0.8718 1.4728 1.3125
v -0.9546 1.4429 1.2896
v -1.6900 1.0000 0.5483
v -1.6655 0.9870 0.5382
v -1.1274 1.3679 1.2493
v -0.9730 1.4743 1.3124
v -1.4930 1.1124 0.9364
v -1.4348 1.2290 1.0363
v -1.4151 1.1625 1.0235
v -1.1063 1.2913 1.2266
v -0.8467 1.5985 1.3589
v -0.7125 1.7770 1.4096
v -1.3256 1.2868 1.1294
v -0.9380 1.3930 1.2794
v -0.6272 1.8640 1.4422
v -0.5842 1.8628 1.4341
v -0.5807 1.8562 1.4406
v -0.6198 1.8810 1.4372
v -0.5977 1.7936 1.4220
v -0.6570 1.7896 1.4329
v -0.6757 1.8350 1.4348
v -0.6340 1.8400 1.4195
v -1.5231 1.1665 0.9654
v -1.4982 1.1560 0.9368
v -0.6492 1.7003 1.3910
v -1.5126 1.1827 0.9494
v -1.4565 1.1585 0.9815
v -1.4638 1.1976 0.9842
v -1.4811 1.2003 1.0039
v -1.4780 1.1643 1.0119
v -1.5942 1.1351 0.8712
v -1.5711 1.1198 0.8426
v -0.5676 1.8157 1.4319
v -1.5835 1.1489 0.8554
v -1.5569 1.1297 0.9198
v -1.5349 1.1147 0.8908
v -1.5591 1.1645 0.9140
v -1.5411 1.1550 0.8939
v -1.6362 1.1013 0.7677
v -1.6151 1.0855 0.7391
v -1.3063 1.2194 1.1532
v -1.6270 1.1149 0.7519
v -1.6161 1.1317 0.8147
v -1.6150 1.0972 0.8213
v -1.5996 1.1207 0.7947
v -1.5955 1.0802 0.7918
v -1.6691 1.0734 0.6590
v -1.6453 1.0576 0.6330
v -1.4292 1.1643 1.0567
v -1.6594 1.0870 0.6443
v -1.6350 1.0900 0.6899
v -1.6518 1.1010 0.7099
v -1.6295 1.0496 0.6873
v -1.6505 1.0666 0.7179
v -1.6935 1.0416 0.5422
v -1.6694 1.0298 0.5341
v -1.6833 1.0099 0.5250
v -1.6826 1.0518 0.5362
v -1.6834 1.0362 0.5977
v -1.6552 1.0192 0.5777
v -1.6834 1.0706 0.5899
v -1.6621 1.0596 0.5779
v -0.7617 1.5974 1.3763
v -1.0205 1.3395 1.2946
v -1.3690 1.1717 1.0938
v -1.2058 1.2438 1.2029
v -0.8843 1.4482 1.3365
v -0.7253 1.5965 1.3546
v -1.0151 1.3253 1.2585
v -1.3698 1.1695 1.0650
v -1.2112 1.2331 1.1716
v -0.8661 1.4371 1.3015
v -0.6800 1.6776 1.3870
v -0.8110 1.5069 1.3359
v -1.4172 1.1418 1.0391
v -0.9408 1.3792 1.2960
v -1.1052 1.2786 1.2405
v -1.3025 1.1937 1.1241
v -0.5924 1.7984 1.4266
v -0.6048 1.7534 1.4088
v -0.6495 1.7507 1.4155
v -1.4978 1.0971 0.9471
v -1.4544 1.1215 0.9845
v -1.4647 1.1262 1.0055
v -1.5715 1.0636 0.8508
v -1.5438 1.0907 0.9074
v -1.5320 1.0792 0.8922
v -1.6192 1.0299 0.7563
v -1.6060 1.0581 0.8133
v -1.5933 1.0452 0.7955
v -1.6504 1.0023 0.6516
v -1.6283 1.0148 0.6938
v -1.6440 1.0278 0.7172
v -1.6761 0.9779 0.5451
v -1.6760 0.9976 0.5993
v -1.6548 0.9846 0.5839
v -0.7062 1.6941 1.4117
v -0.6125 1.8168 1.4327
v -1.1089 1.3105 1.2723
v -1.5847 1.0932 0.8666
v -1.5121 1.1245 0.9634
v -1.3097 1.2117 1.1060
v -1.5675 1.0764 0.8426
v -1.6316 1.0596 0.7707
v -1.6642 1.0318 0.6639
v -0.9515 1.4095 1.3354
v -0.8312 1.5310 1.3727
v -1.6412 1.0145 0.6354
v -0.7942 1.5202 1.3322
v -1.6118 1.0422 0.7406
v 0.7859 1.6694 1.3973
v 0.9141 1.5270 1.3435
v 0.8473 1.5734 1.3811
v 1.4498 1.2063 1.0536
v 1.3222 1.2602 1.1446
v 1.3970 1.2451 1.0896
v 1.1208 1.3531 1.2474
v 1.2284 1.3174 1.1864
v 0.7161 1.7321 1.4217
v 0.7681 1.6305 1.4004
v 1.0297 1.3811 1.2892
v 1.3912 1.2095 1.0991
v 1.2180 1.2834 1.1995
v 1.0438 1.4179 1.2771
v 0.8956 1.4872 1.3513
v 0.9671 1.4547 1.3229
v 0.7560 1.6810 1.3677
v 0.8978 1.5213 1.3075
v 0.8130 1.5679 1.3229
v 1.4317 1.2069 1.0236
v 1.3185 1.2592 1.1058
v 1.3889 1.2491 1.0669
v 1.1165 1.3371 1.2096
v 1.2266 1.3132 1.1620
v 0.6667 1.7518 1.3890
v 0.7237 1.6306 1.3510
v 1.0225 1.3630 1.2464
v 1.3803 1.2077 1.0593
v 1.2154 1.2704 1.1569
v 1.0387 1.4083 1.2492
v 0.8730 1.4722 1.2921
v 0.9546 1.4429 1.2735
v 1.6919 1.0000 0.5411
v 1.6670 0.9870 0.5310
v 1.1274 1.3671 1.2225
v 0.9730 1.4743 1.2948
v 1.5051 1.1124 0.9256
v 1.4435 1.2282 1.0362
v 1.4246 1.1625 1.0122
v 1.1094 1.2913 1.2059
v 0.8459 1.5970 1.3547
v 0.7073 1.7671 1.4059
v 1.3260 1.2820 1.1218
v 0.9430 1.3923 1.2699
v 0.6219 1.8578 1.4334
v 0.5834 1.8621 1.4181
v 0.5781 1.8555 1.4294
v 0.6145 1.8749 1.4242
v 0.5977 1.7930 1.4064
v 0.6521 1.7866 1.4302
v 0.6666 1.8213 1.4269
v 0.6325 1.8377 1.4101
v 1.5312 1.1665 0.9654
v 1.5108 1.1560 0.9368
v 0.6497 1.6957 1.3831
v 1.5226 1.1827 0.9494
v 1.4707 1.1585 0.9786
v 1.4770 1.1976 0.9842
v 1.4927 1.2003 1.0039
v 1.4905 1.1643 1.0095
v 1.5989 1.1351 0.8712
v 1.5783 1.1198 0.8426
v 0.5658 1.8151 1.4179
v 1.5894 1.1489 0.8554
v 1.5645 1.1297 0.9184
v 1.5459 1.1147 0.8891
v 1.5660 1.1645 0.9140
v 1.5501 1.1550 0.8939
v 1.6408 1.1013 0.7677
v 1.6189 1.0855 0.7391
v 1.3150 1.2194 1.1374
v 1.6308 1.1149 0.7519
v 1.6205 1.1317 0.8147
v 1.6193 1.0972 0.8206
v 1.6039 1.1207 0.7947
v 1.6001 1.0802 0.7913
v 1.6741 1.0734 0.6580
v 1.6495 1.0576 0.6321
v 1.4422 1.1643 1.0465
v 1.6634 1.0870 0.6434
v 1.6388 1.0900 0.6899
v 1.6564 1.1010 0.7099
v 1.6327 1.0496 0.6866
v 1.6544 1.0666 0.7172
v 1.6971 1.0416 0.5354
v 1.6726 1.0298 0.5273
v 1.6865 1.0099 0.5173
v 1.6856 1.0518 0.5294
v 1.6871 1.0362 0.5934
v 1.6583 1.0192 0.5735
v 1.6872 1.0706 0.5860
v 1.6655 1.0596 0.5740
v 0.7469 1.5955 1.3611
v 1.0290 1.3395 1.2536
v 1.3835 1.1717 1.0762
v 1.2165 1.2438 1.1715
v 0.8841 1.4508 1.3069
v 0.7258 1.5886 1.3491
v 1.0232 1.3253 1.2420
v 1.3741 1.1695 1.0455
v 1.2128 1.2331 1.1465
v 0.8730 1.4337 1.2914
v 0.6679 1.6697 1.3823
v 0.8082 1.5050 1.3208
v 1.4288 1.1418 1.0177
v 0.9495 1.3791 1.2713
v 1.1135 1.2786 1.2078
v 1.3094 1.1937 1.1011
v 0.5798 1.7971 1.4221
v 0.6013 1.7489 1.4037
v 0.6287 1.7462 1.4123
v 1.5094 1.0971 0.9284
v 1.4653 1.1215 0.9645
v 1.4800 1.1262 0.9882
v 1.5778 1.0636 0.8444
v 1.5528 1.0907 0.8975
v 1.5424 1.0792 0.8806
v 1.6149 1.0299 0.7508
v 1.6061 1.0581 0.8085
v 1.5953 1.0452 0.7916
v 1.6440 1.0023 0.6456
v 1.6233 1.0148 0.6888
v 1.6392 1.0278 0.7122
v 1.6759 0.9779 0.5375
v 1.6735 0.9976 0.5929
v 1.6521 0.9846 0.5775
v 0.6937 1.6908 1.4040
v 0.5998 1.8161 1.4317
v 1.1141 1.3105 1.2365
v 1.5900 1.0932 0.8632
v 1.5237 1.1245 0.9556
v 1.3091 1.2117 1.0923
v 1.5757 1.0764 0.8397
v 1.6318 1.0596 0.7678
v 1.6638 1.0318 0.6605
v 0.9552 1.4101 1.3030
v 0.8247 1.5336 1.3566
v 1.6403 1.0145 0.6319
v 0.7979 1.5157 1.3135
v 1.6120 1.0422 0.7379
v -1.1268 1.3680 1.2635
v -1.3258 1.2823 1.1436
v -1.4421 1.2232 1.0470
v -0.8553 1.5934 1.3760
v -0.7278 1.7648 1.4201
v -0.8363 1.5514 1.3854
v -1.4370 1.1858 1.0567
v -1.3154 1.2417 1.1572
v -1.1134 1.3325 1.2788
v -0.7090 1.7158 1.4224
v -0.9744 1.4712 1.3298
v -0.9574 1.4319 1.3432
v -1.1235 1.3566 1.2374
v -1.3224 1.2789 1.1168
v -1.4261 1.2239 1.0267
v -0.8300 1.5900 1.3444
v -0.6881 1.7741 1.4006
v -0.7997 1.5415 1.3418
v -1.4171 1.1843 1.0237
v -1.3121 1.2345 1.1085
v -1.1097 1.3138 1.2310
v -0.6524 1.7230 1.4003
v -0.9656 1.4647 1.2960
v -0.9441 1.4165 1.2859
v -0.6146 1.8406 1.4386
v -0.6409 1.8647 1.4391
v -0.5701 1.8395 1.4360
v -0.6096 1.8658 1.4305
v -1.5184 1.1457 0.9665
v -1.5209 1.1809 0.9598
v -1.4952 1.1340 0.9368
v -1.5032 1.1738 0.9399
v -1.5902 1.1143 0.8715
v -1.5920 1.1489 0.8658
v -1.5700 1.0978 0.8427
v -1.5739 1.1382 0.8458
v -1.6341 1.0805 0.7699
v -1.6348 1.1150 0.7623
v -1.6138 1.0635 0.7395
v -1.6185 1.1040 0.7422
v -1.6666 1.0527 0.6617
v -1.6680 1.0871 0.6538
v -1.6435 1.0357 0.6338
v -1.6497 1.0761 0.6357
v -1.6920 1.0208 0.5455
v -1.6883 1.0553 0.5525
v -1.6676 1.0080 0.5359
v -1.6712 1.0469 0.5456
v -0.7007 1.6802 1.3981
v -0.8252 1.5156 1.3541
v -0.9468 1.3909 1.3191
v -1.1064 1.2914 1.2583
v -1.3003 1.2021 1.1416
v -1.4219 1.1479 1.0514
v -0.6581 1.6848 1.3831
v -0.7976 1.5075 1.3260
v -0.9367 1.3785 1.2794
v -1.1052 1.2770 1.2275
v -1.3075 1.1963 1.1096
v -1.4148 1.1465 1.0272
v -0.6174 1.7909 1.4254
v -0.5842 1.7912 1.4231
v -1.5050 1.1069 0.9568
v -1.4929 1.0979 0.9388
v -1.5783 1.0752 0.8589
v -1.5670 1.0626 0.8446
v -1.6272 1.0416 0.7671
v -1.6124 1.0287 0.7452
v -1.6597 1.0140 0.6618
v -1.6423 1.0010 0.6404
v -1.6823 0.9902 0.5612
v -1.6651 0.9805 0.5521
v 1.1268 1.3668 1.2363
v 1.3259 1.2751 1.1351
v 1.4498 1.2220 1.0470
v 0.8542 1.5911 1.3720
v 0.7198 1.7500 1.4165
v 0.8345 1.5517 1.3774
v 1.4463 1.1856 1.0542
v 1.3176 1.2405 1.1467
v 1.1147 1.3323 1.2496
v 0.7045 1.7125 1.4185
v 0.9744 1.4712 1.3118
v 0.9583 1.4320 1.3219
v 1.1235 1.3564 1.2118
v 1.3233 1.2777 1.1102
v 1.4359 1.2237 1.0267
v 0.8299 1.5896 1.3360
v 0.6867 1.7716 1.3949
v 0.8007 1.5404 1.3154
v 1.4287 1.1843 1.0208
v 1.3133 1.2345 1.1020
v 1.1104 1.3138 1.2098
v 0.6525 1.7218 1.3857
v 0.9656 1.4647 1.2794
v 0.9453 1.4163 1.2721
v 0.6101 1.8389 1.4343
v 0.6338 1.8555 1.4289
v 0.5695 1.8392 1.4190
v 0.6072 1.8631 1.4174
v 1.5283 1.1457 0.9645
v 1.5301 1.1809 0.9598
v 1.5088 1.1340 0.9341
v 1.5144 1.1738 0.9399
v 1.5959 1.1143 0.8707
v 1.5973 1.1489 0.8658
v 1.5777 1.0978 0.8420
v 1.5811 1.1382 0.8458
v 1.6378 1.0805 0.7692
v 1.6391 1.1150 0.7623
v 1.6170 1.0635 0.7388
v 1.6221 1.1040 0.7422
v 1.6705 1.0527 0.6601
v 1.6725 1.0871 0.6528
v 1.6466 1.0357 0.6322
v 1.6536 1.0761 0.6348
v 1.6955 1.0208 0.5386
v 1.6916 1.0553 0.5465
v 1.6706 1.0080 0.5290
v 1.6744 1.0469 0.5395
v 0.6820 1.6741 1.3885
v 0.8165 1.5184 1.3329
v 0.9536 1.3915 1.2811
v 1.1151 1.2914 1.2189
v 1.3127 1.2021 1.1209
v 1.4366 1.1479 1.0334
v 0.6557 1.6772 1.3817
v 0.8015 1.5014 1.3157
v 0.9452 1.3777 1.2691
v 1.1111 1.2770 1.2034
v 1.3074 1.1963 1.0882
v 1.4233 1.1465 1.0078
v 0.6008 1.7889 1.4231
v 0.5786 1.7892 1.4151
v 1.5174 1.1069 0.9424
v 1.5039 1.0979 0.9206
v 1.5833 1.0752 0.8530
v 1.5749 1.0626 0.8394
v 1.6239 1.0416 0.7622
v 1.6095 1.0287 0.7405
v 1.6548 1.0140 0.6565
v 1.6373 1.0010 0.6351
v 1.6821 0.9902 0.5540
v 1.6647 0.9805 0.5450
v -2.1414 -6.7697 -0.3213
v -2.1567 -7.0008 -0.3235
v -2.1635 -7.2006 -0.2994
v -2.4117 -6.8650 0.2192
v -2.4345 -7.0803 0.2109
v -1.8479 -6.5970 0.7743
v -1.9159 -6.8240 -0.4944
v -2.3905 -6.6469 0.2153
v -2.3725 -6.6059 0.4822
v -1.9771 -6.5800 0.8143
v -1.7233 -6.6248 0.6968
v -2.1080 -6.5699 0.8041
v -2.2746 -6.5830 0.7030
v -1.7671 -7.0280 -0.4265
v -1.6290 -6.9991 -0.2564
v -1.8549 -6.7960 0.7586
v -2.3351 -6.9303 -0.0488
v -1.9408 -7.0417 -0.4868
v -2.3939 -6.8247 0.4826
v -1.9833 -6.7875 0.7956
v -1.7301 -6.8198 0.6863
v -2.1147 -6.7865 0.7823
v -1.5932 -6.8632 0.5886
v -1.4557 -6.9160 0.4547
v -1.3676 -6.9945 0.1638
v -1.4187 -7.0053 0.0340
v -2.2870 -6.7947 0.6824
v -1.5186 -6.9970 -0.0966
v -1.8700 -6.9987 0.7639
v -2.4212 -7.0462 0.4627
v -1.9978 -6.9972 0.7906
v -1.7452 -7.0188 0.6990
v -2.1311 -7.0088 0.7678
v -1.5989 -7.0306 0.6098
v -2.3085 -7.0180 0.6591
v -1.3644 -7.1533 0.1674
v -1.4434 -7.0931 0.4584
v -1.9687 -7.2266 -0.4424
v -1.6696 -7.1451 -0.2697
v -1.5553 -7.1329 -0.1073
v -1.8027 -7.1900 -0.4132
v -1.4430 -7.1392 0.0327
v -2.3444 -7.1353 -0.0558
v -1.3820 -6.7862 0.2982
v -1.3732 -6.9663 0.3053
v -1.3669 -7.1306 0.3070
v -2.1438 -4.7503 -0.5258
v -2.1203 -5.3125 -0.4732
v -2.1088 -5.9592 -0.4454
v -1.3175 1.2430 -0.6058
v -1.3441 0.9339 -0.6531
v -1.6998 -1.0387 -0.3917
v -1.7716 -1.4929 -0.3291
v -1.4885 -0.2570 -0.5290
v -1.8153 -1.9926 -0.2512
v -2.1225 -6.4881 -0.3395
v -1.4141 0.0437 -0.5614
v -1.3375 0.6259 -0.6568
v -1.3582 0.3343 -0.6160
v -1.2634 1.7826 -0.4671
v -1.8671 -2.4369 -0.2224
v -1.9288 -2.7852 -0.2563
v -1.2800 1.5090 -0.5416
v -1.6032 -0.6350 -0.4543
v -1.9790 -3.0497 -0.3430
v -2.0008 -3.3243 -0.4481
v -2.0234 -3.6733 -0.5554
v -2.0896 -4.1553 -0.6061
v -0.8630 1.7638 -0.7809
v -0.7200 1.7547 -0.8447
v -0.5775 1.7491 -0.8917
v -0.3462 1.7752 -0.9152
v -0.3355 1.4946 -1.0058
v -1.4218 1.5004 -0.3014
v -1.1538 1.5201 -0.6957
v -0.4936 1.0273 -1.0792
v -0.3293 1.2044 -1.0348
v -1.4511 1.2366 -0.3612
v -1.2000 1.2359 -0.7848
v -0.8779 0.8093 -1.0034
v -0.7041 0.7867 -1.0365
v -0.5440 0.8161 -1.0412
v -0.2915 0.8461 -0.9764
v -1.4909 0.9464 -0.4108
v -1.2107 0.9120 -0.8211
v -0.8109 0.5011 -0.9041
v -0.6070 0.4861 -0.8985
v -0.4475 0.5219 -0.8904
v -0.2160 0.5724 -0.8329
v -1.5368 0.6554 -0.4150
v -0.7624 0.2073 -0.7667
v -0.5101 0.1802 -0.6853
v -0.3412 0.3079 -0.6919
v -0.1537 0.4039 -0.6437
v -1.1816 0.5774 -0.7987
v -1.5845 0.3742 -0.3844
v -0.1028 0.3065 -0.4362
v -1.1550 0.2849 -0.7386
v -1.5556 1.4826 0.0688
v -1.6243 1.4780 0.4807
v -1.5197 1.4468 0.8558
v -1.5840 1.2134 0.0232
v -1.6724 1.1798 0.4447
v -1.5787 1.1304 0.8287
v -1.6426 0.9343 -0.0069
v -1.7360 0.9029 0.4256
v -1.6690 0.8555 0.8050
v -1.7059 0.6644 -0.0175
v -1.8056 0.6527 0.4052
v -1.7429 0.6084 0.7818
v -1.7678 0.4037 -0.0095
v -1.8702 0.4128 0.3969
v -0.9432 0.1541 1.2267
v -1.3110 1.3063 1.0948
v -0.3913 1.3048 1.4133
v -0.6001 1.3100 1.3750
v -1.0726 1.3431 1.2394
v -0.8155 1.3112 1.3407
v -1.3601 1.0847 1.0826
v -0.3817 0.9686 1.3527
v -0.5988 0.9915 1.3204
v -1.1018 1.0629 1.2207
v -0.8322 1.0268 1.3013
v -1.4402 0.8020 1.0695
v -0.3578 0.6566 1.2432
v -0.5883 0.6646 1.2401
v -1.1614 0.7632 1.1953
v -0.8590 0.7148 1.2505
v -0.3024 0.4289 1.0478
v -1.5252 0.5417 1.0523
v -0.5341 0.3388 1.1038
v -1.2215 0.4875 1.1814
v -0.8813 0.4183 1.2137
v -1.0297 1.7291 1.2792
v -0.8009 1.7005 1.3911
v -0.3957 1.6484 1.4736
v -1.2784 1.7524 1.1455
v -0.5915 1.6719 1.4425
v -0.1971 0.2954 0.8115
v -0.1059 0.2183 0.5258
v -0.0457 0.2010 0.0195
v -0.0614 0.2393 -0.2163
v -1.1064 1.7869 -0.6211
v -1.4412 1.7929 -0.2249
v -1.5642 1.7925 0.1312
v -1.4644 1.7703 0.8924
v -1.5940 1.7880 0.5296
v -1.2859 0.2392 1.1908
v -0.6043 0.0609 1.0964
v -1.6121 0.3049 1.0436
v -1.7977 0.3755 0.7708
v -0.2853 0.1845 0.8424
v -0.1511 0.1109 0.5459
v -0.0955 0.0486 0.0001
v -0.1362 0.0885 -0.2525
v -0.3499 -0.0243 0.8512
v -0.1981 -0.0757 0.5566
v -0.1183 -0.1014 -0.0036
v -0.1856 -0.0571 -0.2640
v -0.2329 0.1711 -0.4765
v -0.3306 0.0174 -0.4616
v -0.8307 -0.0919 -0.6561
v -0.6144 -0.1484 -0.5605
v -1.0028 -0.0911 1.2454
v -1.6459 0.0989 -0.3449
v -1.1901 -0.0092 -0.6665
v -1.8522 0.1507 0.0023
v -1.9315 0.1644 0.3990
v -1.3416 0.0048 1.2089
v -0.6641 -0.1965 1.1038
v -1.6522 0.0787 1.0546
v -1.8634 0.1381 0.7726
v -0.3959 -0.2759 0.8519
v -0.2370 -0.3233 0.5691
v -0.1813 -0.3396 0.0324
v -0.2683 -0.2951 -0.2122
v -0.4256 -0.2352 -0.3974
v -0.9647 -0.3973 -0.5843
v -0.7126 -0.4595 -0.4839
v -1.0676 -0.3654 1.2666
v -1.7283 -0.1972 -0.3054
v -1.2373 -0.3260 -0.6176
v -1.9185 -0.1489 0.0280
v -1.9933 -0.1291 0.4088
v -1.4054 -0.2622 1.2313
v -0.7338 -0.4705 1.1205
v -1.7136 -0.1862 1.0691
v -1.9282 -0.1420 0.7818
v -0.4604 -0.5488 0.8747
v -0.2916 -0.6012 0.5936
v -0.2461 -0.6185 0.0775
v -0.3448 -0.5796 -0.1445
v -0.5040 -0.5218 -0.3380
v -1.1822 -1.1536 -0.5145
v -0.9163 -1.1995 -0.4214
v -1.2320 -1.0479 1.2600
v -1.9020 -0.9848 -0.1954
v -1.4635 -1.0967 -0.5037
v -2.0403 -0.9394 0.0905
v -2.0926 -0.9095 0.4278
v -1.5446 -0.9675 1.2249
v -0.9216 -1.1308 1.1580
v -1.8260 -0.9143 1.0629
v -2.0246 -0.8983 0.7774
v -0.6578 -1.2023 0.9512
v -0.4830 -1.2641 0.6900
v -0.4092 -1.3139 0.1889
v -0.4971 -1.2891 -0.0435
v -0.6735 -1.2448 -0.2540
v -1.2794 -1.5876 -0.4707
v -1.0209 -1.6231 -0.3813
v -1.3468 -1.4976 1.2177
v -1.9492 -1.4552 -0.1459
v -1.5499 -1.5408 -0.4475
v -2.0656 -1.4273 0.1151
v -2.1180 -1.4093 0.4190
v -1.6271 -1.4437 1.1707
v -1.0494 -1.5604 1.1502
v -1.8801 -1.4085 1.0171
v -2.0633 -1.3998 0.7437
v -0.7922 -1.6214 0.9483
v -0.6241 -1.6804 0.6897
v -0.5400 -1.7350 0.2056
v -0.6129 -1.7110 -0.0253
v -0.7839 -1.6657 -0.2309
v -1.3788 -2.0465 -0.4082
v -1.1318 -2.0834 -0.3399
v -1.4775 -2.0145 1.1223
v -1.9731 -1.9785 -0.0890
v -1.6172 -2.0165 -0.3705
v -2.0747 -1.9710 0.1350
v -2.0937 -1.9667 0.4011
v -1.7156 -1.9829 1.0535
v -1.2050 -2.0638 1.0776
v -1.9067 -1.9674 0.9051
v -2.0430 -1.9652 0.6796
v -0.9737 -2.1152 0.8977
v -0.8105 -2.1739 0.6620
v -0.6750 -2.2251 0.1969
v -0.7365 -2.1923 -0.0281
v -0.9021 -2.1365 -0.2138
v -1.4646 -2.4535 -0.3811
v -1.2276 -2.4957 -0.3280
v -1.5922 -2.4906 1.0524
v -2.0109 -2.4432 -0.0653
v -1.6791 -2.4372 -0.3392
v -2.0865 -2.4463 0.1387
v -2.0606 -2.4479 0.3723
v -1.7818 -2.4713 0.9677
v -1.3484 -2.5279 1.0154
v -1.9105 -2.4611 0.8121
v -2.0014 -2.4534 0.6107
v -1.1281 -2.5760 0.8537
v -0.9641 -2.6270 0.6300
v -0.7774 -2.6762 0.1735
v -0.8396 -2.6324 -0.0423
v -1.0080 -2.5608 -0.2099
v -1.5267 -2.7940 -0.4014
v -1.3062 -2.8472 -0.3419
v -1.6512 -2.9120 1.0058
v -2.0544 -2.8025 -0.0823
v -1.7419 -2.7758 -0.3671
v -2.1059 -2.8160 0.1415
v -2.0646 -2.8291 0.3673
v -1.8108 -2.8908 0.9321
v -1.4359 -2.9438 0.9677
v -1.9200 -2.8699 0.7839
v -1.9994 -2.8486 0.5897
v -1.2222 -2.9856 0.8348
v -1.0403 -3.0226 0.6340
v -0.8719 -3.0461 0.1690
v -0.9495 -2.9939 -0.0569
v -1.1073 -2.9186 -0.2183
v -1.5701 -3.0903 -0.4951
v -1.3436 -3.1652 -0.4224
v -1.6764 -3.2774 0.9412
v -2.1012 -3.0719 -0.1433
v -1.7865 -3.0526 -0.4620
v -2.1437 -3.0970 0.1079
v -2.1114 -3.1264 0.3639
v -1.8348 -3.2431 0.8906
v -1.4772 -3.3112 0.8949
v -1.9532 -3.2067 0.7767
v -2.0432 -3.1665 0.5884
v -1.2869 -3.3471 0.7773
v -1.1158 -3.3784 0.6078
v -0.9394 -3.3879 0.1498
v -0.9993 -3.3286 -0.0958
v -1.1476 -3.2508 -0.2794
v -1.5863 -3.4074 -0.5912
v -1.3607 -3.4907 -0.5019
v -1.6575 -3.6087 0.9210
v -2.1413 -3.3330 -0.2366
v -1.8039 -3.3472 -0.5669
v -2.2008 -3.3564 0.0415
v -2.1800 -3.3947 0.3314
v -1.8273 -3.5659 0.8980
v -1.4872 -3.6423 0.8564
v -1.9767 -3.5151 0.7932
v -2.0957 -3.4518 0.5982
v -1.3259 -3.6670 0.7335
v -1.1673 -3.6863 0.5844
v -0.9692 -3.6952 0.1318
v -1.0169 -3.6484 -0.1312
v -1.1598 -3.5778 -0.3320
v -1.5891 -3.7914 -0.6626
v -1.3671 -3.8766 -0.5525
v -1.6718 -3.9777 0.9057
v -2.1826 -3.6610 -0.3367
v -1.8165 -3.7184 -0.6649
v -2.2679 -3.6763 -0.0340
v -2.2527 -3.7181 0.2937
v -1.8332 -3.9263 0.8991
v -1.5136 -4.0123 0.8408
v -1.9928 -3.8611 0.8079
v -2.1449 -3.7834 0.5946
v -1.3535 -4.0315 0.7272
v -1.1908 -4.0416 0.5653
v -0.9954 -4.0455 0.1290
v -1.0428 -4.0146 -0.1440
v -1.1812 -3.9570 -0.3522
v -1.6178 -4.2882 -0.6813
v -1.3934 -4.3732 -0.5442
v -1.6764 -4.4451 0.8894
v -2.2656 -4.1325 -0.3968
v -1.8612 -4.2094 -0.7118
v -2.3665 -4.1410 -0.0841
v -2.3338 -4.1777 0.2832
v -1.8358 -4.3914 0.9021
v -1.5309 -4.4785 0.8278
v -2.0176 -4.3213 0.8195
v -2.2009 -4.2415 0.6072
v -1.3820 -4.4969 0.7127
v -1.2361 -4.5081 0.5763
v -1.0465 -4.5121 0.1528
v -1.0862 -4.4904 -0.1261
v -1.2194 -4.4456 -0.3339
v -1.6643 -4.8733 -0.5663
v -1.4322 -4.9485 -0.4314
v -1.6891 -4.9374 0.8772
v -2.3324 -4.7223 -0.3237
v -1.9103 -4.8014 -0.6268
v -2.4271 -4.7187 -0.0291
v -2.3982 -4.7384 0.3171
v -1.8512 -4.8946 0.8925
v -1.5480 -4.9718 0.8188
v -2.0443 -4.8413 0.8330
v -2.2494 -4.7821 0.6226
v -1.4185 -4.9995 0.7204
v -1.2977 -5.0199 0.5964
v -1.1304 -5.0445 0.1778
v -1.1579 -5.0409 -0.0656
v -1.2596 -5.0075 -0.2523
v -1.6362 -5.3943 -0.5017
v -1.4448 -5.4526 -0.3881
v -1.7237 -5.4107 0.8950
v -2.3296 -5.2900 -0.2558
v -1.8676 -5.3487 -0.5539
v -2.4245 -5.2848 0.0460
v -2.3934 -5.2917 0.3797
v -1.8772 -5.3818 0.9084
v -1.5894 -5.4403 0.8343
v -2.0403 -5.3551 0.8594
v -2.2527 -5.3108 0.6815
v -1.4536 -5.4517 0.7551
v -1.3477 -5.4703 0.6186
v -1.2194 -5.5083 0.1912
v -1.2355 -5.5279 -0.0344
v -1.3132 -5.5077 -0.2228
v -1.6667 -6.0424 -0.5014
v -1.5280 -6.0946 -0.3828
v -1.7813 -5.9110 0.8778
v -2.3215 -5.9414 -0.2239
v -1.8656 -5.9926 -0.5346
v -2.4100 -5.9246 0.0902
v -2.3787 -5.9053 0.4372
v -1.9201 -5.8915 0.8988
v -1.6624 -5.9436 0.8089
v -2.0693 -5.8789 0.8616
v -2.2716 -5.9074 0.7147
v -1.5546 -6.0065 0.7146
v -1.4402 -6.0399 0.5663
v -1.3233 -6.1101 0.1542
v -1.3682 -6.1383 -0.0478
v -1.4332 -6.1337 -0.2236
v -1.7111 -6.5616 -0.4153
v -1.5764 -6.5734 -0.2685
v -1.8371 -6.3190 0.8232
v -2.3161 -6.4345 -0.1023
v -1.8914 -6.5357 -0.4795
v -2.3878 -6.3890 0.1664
v -2.3754 -6.3498 0.4626
v -1.9666 -6.3005 0.8545
v -1.7153 -6.3527 0.7493
v -2.1016 -6.2899 0.8335
v -2.2842 -6.3208 0.7111
v -1.6069 -6.4305 0.6470
v -1.4759 -6.4775 0.4984
v -1.3525 -6.5580 0.1613
v -1.3945 -6.5783 0.0126
v -1.4692 -6.5820 -0.1225
v -1.7366 -6.8381 -0.4275
v -1.5933 -6.8297 -0.2497
v -2.3211 -6.7037 -0.0440
v -1.5950 -6.6759 0.5867
v -1.4615 -6.7312 0.4505
v -1.3717 -6.8178 0.1580
v -1.4156 -6.8290 0.0314
v -1.4849 -6.8329 -0.0910
v -0.0610 0.1948 0.2573
v -0.1035 0.0510 0.2505
v -0.1177 -0.1049 0.2582
v -0.1667 -0.3489 0.2897
v -0.2244 -0.6272 0.3252
v -0.4042 -1.3052 0.4373
v -0.5436 -1.7239 0.4434
v -0.7039 -2.2185 0.4280
v -0.8269 -2.6708 0.4090
v -0.9066 -3.0505 0.4043
v -0.9778 -3.3961 0.3919
v -1.0330 -3.6961 0.3679
v -1.0591 -4.0459 0.3705
v -1.1059 -4.5119 0.3889
v -1.1878 -5.0339 0.4095
v -1.2615 -5.4843 0.4239
v -1.3509 -6.0667 0.3791
v -1.3760 -6.5250 0.3266
v -0.8221 -0.7816 1.1462
v -0.5550 -0.8573 0.9246
v -0.3759 -0.9163 0.6523
v -0.3012 -0.9497 0.3923
v -0.3175 -0.9497 0.1453
v -0.4170 -0.9193 -0.0771
v -0.5888 -0.8716 -0.2766
v -0.8195 -0.8201 -0.4439
v -1.0851 -0.7645 -0.5420
v -1.3625 -0.6995 -0.5521
v -1.8292 -0.5713 -0.2514
v -1.9940 -0.5196 0.0588
v -2.0532 -0.4905 0.4220
v -1.9814 -0.4902 0.7870
v -1.7710 -0.5187 1.0745
v -1.4720 -0.5843 1.2410
v -1.1438 -0.6818 1.2770
v -0.2166 1.7897 -0.9195
v -0.2203 1.5077 -1.0125
v -0.2115 1.2063 -1.0455
v -0.1754 0.8211 -0.9735
v -0.1219 0.5469 -0.8124
v -0.0814 0.4087 -0.6139
v -0.0533 0.3329 -0.4098
v -0.0324 0.2789 -0.1965
v -0.0240 0.2403 0.0306
v -0.0351 0.2290 0.2605
v -0.0599 0.2469 0.5205
v -0.1056 0.3189 0.8151
v -0.1610 0.4518 1.1203
v -0.1889 0.6528 1.3385
v -0.1915 0.9662 1.4554
v -0.1996 1.3032 1.4931
v -0.2015 1.6448 1.5074
v 2.1460 -6.8169 -0.2941
v 2.1719 -7.0259 -0.3040
v 2.1752 -7.1867 -0.3491
v 2.3773 -6.9197 0.1742
v 2.4237 -7.1031 0.1581
v 1.8143 -6.6351 0.7775
v 1.8953 -6.8899 -0.4571
v 2.3730 -6.6785 0.1882
v 2.3778 -6.6164 0.4775
v 1.9489 -6.5991 0.8365
v 1.6973 -6.6757 0.6922
v 2.1075 -6.5810 0.8132
v 2.2773 -6.5751 0.7042
v 1.6705 -7.1182 -0.4272
v 1.4923 -7.0953 -0.3039
v 1.8319 -6.8579 0.7895
v 2.3155 -6.9823 -0.0946
v 1.9138 -7.0917 -0.4446
v 2.3933 -6.8698 0.4445
v 1.9687 -6.8363 0.8431
v 1.7122 -6.8913 0.6890
v 2.1284 -6.8236 0.8104
v 1.5947 -6.9292 0.5561
v 1.4835 -6.9656 0.4078
v 1.3578 -7.0235 0.0949
v 1.3580 -7.0509 -0.0364
v 2.2922 -6.8392 0.6589
v 1.3951 -7.0705 -0.1608
v 1.8643 -7.0225 0.8191
v 2.4340 -7.0635 0.4241
v 2.0047 -7.0110 0.8590
v 1.7400 -7.0446 0.7245
v 2.1702 -7.0170 0.8035
v 1.6124 -7.0720 0.5806
v 2.3397 -7.0404 0.6448
v 1.3685 -7.1597 0.0991
v 1.4980 -7.1015 0.4160
v 1.9458 -7.2403 -0.4661
v 1.5117 -7.2424 -0.3128
v 1.4065 -7.2071 -0.1739
v 1.7018 -7.2655 -0.4309
v 1.3652 -7.1816 -0.0398
v 2.3413 -7.1529 -0.1202
v 1.3834 -6.8295 0.2411
v 1.3998 -6.9969 0.2435
v 1.4130 -7.1290 0.2557
v 2.1024 -4.7258 -0.5135
v 2.0950 -5.3067 -0.4742
v 2.1259 -5.9936 -0.3790
v 1.3206 1.2407 -0.6098
v 1.3472 0.9316 -0.6553
v 1.6998 -1.0387 -0.3917
v 1.7709 -1.4929 -0.3290
v 1.4886 -0.2572 -0.5291
v 1.8105 -1.9926 -0.2512
v 2.1324 -6.4606 -0.3135
v 1.4148 0.0430 -0.5618
v 1.3404 0.6239 -0.6576
v 1.3601 0.3328 -0.6167
v 1.2692 1.7813 -0.4686
v 1.8569 -2.4369 -0.2224
v 1.9142 -2.7852 -0.2545
v 1.2834 1.5066 -0.5440
v 1.6032 -0.6350 -0.4543
v 1.9615 -3.0490 -0.3368
v 1.9917 -3.3128 -0.4451
v 2.0360 -3.6581 -0.5683
v 2.0772 -4.2022 -0.6028
v 0.8696 1.7626 -0.7834
v 0.7261 1.7534 -0.8473
v 0.5825 1.7478 -0.8948
v 0.3499 1.7743 -0.9181
v 0.3382 1.4924 -1.0088
v 0.0009 1.5271 -1.0041
v 1.4257 1.4997 -0.3024
v 1.1568 1.5165 -0.6989
v 0.5053 0.9897 -1.0787
v 0.3313 1.2018 -1.0381
v 1.4530 1.2358 -0.3632
v 1.2057 1.2275 -0.7982
v 0.8809 0.8052 -1.0100
v 0.7063 0.7828 -1.0388
v 0.5469 0.8067 -1.0427
v 0.2923 0.8434 -0.9778
v 1.4935 0.9460 -0.4114
v 1.2161 0.9084 -0.8331
v 0.8126 0.4978 -0.9059
v 0.6082 0.4833 -0.8993
v 0.4483 0.5194 -0.8911
v 0.2164 0.5705 -0.8337
v 1.5385 0.6551 -0.4154
v 0.7632 0.2051 -0.7677
v 0.5106 0.1788 -0.6858
v 0.3415 0.3067 -0.6926
v 0.1538 0.4030 -0.6443
v 1.1847 0.5741 -0.8000
v 1.5853 0.3744 -0.3848
v 0.1027 0.3063 -0.4363
v 1.1568 0.2823 -0.7396
v 1.5572 1.4828 0.0678
v 1.6206 1.4796 0.4775
v 1.5224 1.4490 0.8501
v 1.5861 1.2136 0.0227
v 1.6727 1.1806 0.4438
v 1.5907 1.1339 0.8234
v 1.6438 0.9347 -0.0073
v 1.7354 0.9042 0.4247
v 1.6679 0.8572 0.8033
v 1.7064 0.6650 -0.0179
v 1.8043 0.6543 0.4044
v 1.7413 0.6102 0.7805
v 1.7677 0.4045 -0.0098
v 1.8687 0.4144 0.3963
v 0.9431 0.1542 1.2266
v 1.3373 1.4146 1.1199
v 0.3910 1.3048 1.3982
v 0.5838 1.3309 1.3620
v 1.0542 1.3908 1.2487
v 0.7998 1.3575 1.3146
v 1.4162 1.0907 1.0801
v 0.3816 0.9686 1.3389
v 0.5827 0.9858 1.3189
v 1.0922 1.0643 1.2276
v 0.8162 1.0288 1.2905
v 1.4908 0.7996 1.0672
v 0.3578 0.6565 1.2299
v 0.5727 0.6570 1.2441
v 1.1590 0.7621 1.2099
v 0.8478 0.7105 1.2640
v 0.3024 0.4288 1.0457
v 1.5525 0.5445 1.0475
v 0.5178 0.3375 1.1094
v 1.2204 0.4889 1.1892
v 0.8791 0.4154 1.2285
v 1.0262 1.7287 1.2748
v 0.7984 1.7011 1.3555
v 0.3951 1.6485 1.4520
v 1.2739 1.7530 1.1417
v 0.5901 1.6723 1.4161
v 0.1971 0.2953 0.8115
v 0.1059 0.2183 0.5258
v 0.0456 0.2015 0.0196
v 0.0612 0.2396 -0.2162
v 1.1114 1.7843 -0.6239
v 1.4458 1.7924 -0.2255
v 1.5649 1.7925 0.1299
v 1.4597 1.7708 0.8866
v 1.5909 1.7883 0.5263
v 1.2854 0.2399 1.1903
v 0.6042 0.0610 1.0964
v 1.6111 0.3060 1.0428
v 1.7963 0.3770 0.7699
v 0.2853 0.1844 0.8424
v 0.1511 0.1109 0.5461
v 0.0954 0.0490 0.0001
v 0.1360 0.0888 -0.2524
v 0.3500 -0.0243 0.8512
v 0.1982 -0.0757 0.5566
v 0.1183 -0.1014 -0.0035
v 0.1856 -0.0571 -0.2639
v 0.2329 0.1709 -0.4767
v 0.3308 0.0170 -0.4618
v 0.8308 -0.0930 -0.6564
v 0.6146 -0.1490 -0.5607
v 1.0027 -0.0911 1.2454
v 1.6460 0.0993 -0.3451
v 1.1906 -0.0105 -0.6669
v 1.8520 0.1513 0.0020
v 1.9303 0.1657 0.3986
v 1.3415 0.0050 1.2088
v 0.6642 -0.1965 1.1038
v 1.6519 0.0790 1.0545
v 1.8627 0.1388 0.7723
v 0.3959 -0.2759 0.8519
v 0.2370 -0.3233 0.5691
v 0.1813 -0.3396 0.0324
v 0.2683 -0.2951 -0.2122
v 0.4257 -0.2354 -0.3974
v 0.9647 -0.3973 -0.5844
v 0.7126 -0.4595 -0.4839
v 1.0676 -0.3654 1.2666
v 1.7281 -0.1969 -0.3055
v 1.2374 -0.3261 -0.6177
v 1.9184 -0.1488 0.0279
v 1.9931 -0.1288 0.4088
v 1.4054 -0.2622 1.2313
v 0.7338 -0.4705 1.1205
v 1.7136 -0.1861 1.0691
v 1.9280 -0.1418 0.7818
v 0.4604 -0.5488 0.8747
v 0.2916 -0.6012 0.5936
v 0.2461 -0.6185 0.0775
v 0.3448 -0.5796 -0.1446
v 0.5040 -0.5218 -0.3380
v 1.1822 -1.1536 -0.5145
v 0.9163 -1.1995 -0.4214
v 1.2320 -1.0479 1.2600
v 1.9020 -0.9848 -0.1954
v 1.4635 -1.0967 -0.5037
v 2.0403 -0.9394 0.0905
v 2.0926 -0.9095 0.4278
v 1.5446 -0.9675 1.2249
v 0.9216 -1.1308 1.1580
v 1.8260 -0.9143 1.0629
v 2.0246 -0.8983 0.7774
v 0.6578 -1.2023 0.9512
v 0.4830 -1.2641 0.6900
v 0.4092 -1.3139 0.1889
v 0.4971 -1.2891 -0.0435
v 0.6735 -1.2448 -0.2540
v 1.2790 -1.5876 -0.4707
v 1.0207 -1.6231 -0.3814
v 1.3468 -1.4976 1.2177
v 1.9484 -1.4552 -0.1459
v 1.5493 -1.5408 -0.4475
v 2.0647 -1.4273 0.1152
v 2.1175 -1.4093 0.4190
v 1.6271 -1.4437 1.1707
v 1.0494 -1.5604 1.1502
v 1.8801 -1.4085 1.0171
v 2.0631 -1.3998 0.7437
v 0.7922 -1.6214 0.9483
v 0.6241 -1.6804 0.6897
v 0.5400 -1.7350 0.2056
v 0.6129 -1.7110 -0.0254
v 0.7838 -1.6657 -0.2310
v 1.3751 -2.0465 -0.4083
v 1.1288 -2.0834 -0.3400
v 1.4763 -2.0145 1.1223
v 1.9678 -1.9785 -0.0889
v 1.6129 -2.0165 -0.3705
v 2.0691 -1.9710 0.1351
v 2.0887 -1.9667 0.4012
v 1.7137 -1.9829 1.0535
v 1.2047 -2.0638 1.0776
v 1.9038 -1.9674 0.9051
v 2.0390 -1.9652 0.6796
v 0.9737 -2.1152 0.8977
v 0.8105 -2.1739 0.6619
v 0.6750 -2.2251 0.1967
v 0.7363 -2.1923 -0.0283
v 0.9007 -2.1365 -0.2140
v 1.4563 -2.4535 -0.3811
v 1.2217 -2.4957 -0.3281
v 1.5879 -2.4906 1.0527
v 2.0000 -2.4432 -0.0653
v 1.6698 -2.4372 -0.3392
v 2.0751 -2.4463 0.1388
v 2.0500 -2.4479 0.3730
v 1.7754 -2.4713 0.9699
v 1.3458 -2.5279 1.0156
v 1.9029 -2.4611 0.8143
v 1.9922 -2.4534 0.6123
v 1.1246 -2.5760 0.8538
v 0.9581 -2.6270 0.6294
v 0.7704 -2.6762 0.1723
v 0.8330 -2.6324 -0.0429
v 1.0039 -2.5608 -0.2101
v 1.5158 -2.7940 -0.4014
v 1.2973 -2.8472 -0.3420
v 1.6434 -2.9120 1.0070
v 2.0391 -2.8025 -0.0709
v 1.7284 -2.7758 -0.3671
v 2.0901 -2.8160 0.1473
v 2.0498 -2.8291 0.3739
v 1.8008 -2.8908 0.9397
v 1.4280 -2.9438 0.9681
v 1.9078 -2.8699 0.7919
v 1.9860 -2.8486 0.5972
v 1.2098 -2.9856 0.8353
v 1.0210 -3.0226 0.6325
v 0.8528 -3.0461 0.1510
v 0.9378 -2.9939 -0.0669
v 1.0971 -2.9186 -0.2194
v 1.5577 -3.0902 -0.4951
v 1.3388 -3.1652 -0.4229
v 1.6620 -3.2766 0.9433
v 2.0838 -3.0703 -0.1275
v 1.7713 -3.0525 -0.4619
v 2.1257 -3.0948 0.1320
v 2.0949 -3.1243 0.3740
v 1.8214 -3.2418 0.9026
v 1.4598 -3.3108 0.8956
v 1.9390 -3.2051 0.7884
v 2.0269 -3.1648 0.5995
v 1.2650 -3.3469 0.7780
v 1.0918 -3.3780 0.6059
v 0.9355 -3.3874 0.1252
v 1.0043 -3.3285 -0.1136
v 1.1481 -3.2508 -0.2890
v 1.5783 -3.3972 -0.5995
v 1.3666 -3.4825 -0.5128
v 1.6406 -3.5988 0.9329
v 2.1364 -3.3201 -0.2208
v 1.7929 -3.3376 -0.5733
v 2.1957 -3.3432 0.0678
v 2.1761 -3.3816 0.3660
v 1.8141 -3.5551 0.9205
v 1.4651 -3.6339 0.8653
v 1.9676 -3.5029 0.8148
v 2.0893 -3.4395 0.6163
v 1.2994 -3.6592 0.7407
v 1.1377 -3.6785 0.5564
v 0.9735 -3.6873 0.1035
v 1.0335 -3.6409 -0.1567
v 1.1789 -3.5703 -0.3516
v 1.5955 -3.7820 -0.6929
v 1.3817 -3.8696 -0.5871
v 1.6581 -3.9801 0.9221
v 2.2041 -3.6461 -0.3290
v 1.8194 -3.7039 -0.6931
v 2.3010 -3.6630 -0.0070
v 2.2772 -3.7074 0.3329
v 1.8238 -3.9274 0.9258
v 1.4965 -4.0150 0.8546
v 1.9919 -3.8594 0.8341
v 2.1595 -3.7760 0.6406
v 1.3299 -4.0327 0.7078
v 1.1628 -4.0419 0.5422
v 0.9865 -4.0448 0.0987
v 1.0494 -4.0118 -0.1770
v 1.1946 -3.9532 -0.3858
v 1.6277 -4.3314 -0.7045
v 1.4073 -4.4140 -0.5682
v 1.6658 -4.4792 0.8710
v 2.2566 -4.1814 -0.3842
v 1.8589 -4.2548 -0.7162
v 2.3632 -4.1904 -0.0553
v 2.3454 -4.2273 0.3158
v 1.8281 -4.4300 0.8894
v 1.5165 -4.5103 0.7922
v 2.0111 -4.3654 0.8252
v 2.2047 -4.2885 0.6269
v 1.3684 -4.5286 0.6767
v 1.2295 -4.5394 0.5421
v 1.0673 -4.5451 0.1281
v 1.1151 -4.5264 -0.1465
v 1.2412 -4.4830 -0.3544
v 1.6485 -4.8473 -0.6012
v 1.4361 -4.9210 -0.4610
v 1.6836 -4.9282 0.8415
v 2.2821 -4.7033 -0.3081
v 1.8806 -4.7764 -0.6196
v 2.3845 -4.7041 -0.0086
v 2.3714 -4.7284 0.3398
v 1.8357 -4.8893 0.8694
v 1.5510 -4.9570 0.7792
v 2.0235 -4.8375 0.8232
v 2.2322 -4.7754 0.6329
v 1.4251 -4.9787 0.6787
v 1.3008 -4.9964 0.5549
v 1.1515 -5.0114 0.1529
v 1.1850 -5.0090 -0.0848
v 1.2794 -4.9782 -0.2725
v 1.6171 -5.3955 -0.5210
v 1.4387 -5.4544 -0.3988
v 1.7124 -5.4168 0.8846
v 2.3001 -5.2924 -0.2292
v 1.8402 -5.3433 -0.5719
v 2.4016 -5.2980 0.0924
v 2.3719 -5.3138 0.4284
v 1.8516 -5.3902 0.9196
v 1.5964 -5.4372 0.8181
v 2.0300 -5.3619 0.8843
v 2.2321 -5.3338 0.7130
v 1.4873 -5.4550 0.7191
v 1.3784 -5.4770 0.5836
v 1.2334 -5.5190 0.1581
v 1.2461 -5.5301 -0.0582
v 1.3148 -5.5080 -0.2388
v 1.6768 -6.0808 -0.4532
v 1.5130 -6.1240 -0.3688
v 1.7811 -5.9366 0.8778
v 2.2938 -5.9542 -0.1614
v 1.8903 -6.0368 -0.4711
v 2.3745 -5.9200 0.1460
v 2.3641 -5.9092 0.4667
v 1.9000 -5.9170 0.9166
v 1.6771 -5.9595 0.8031
v 2.0568 -5.9094 0.8917
v 2.2386 -5.9024 0.7393
v 1.5656 -5.9984 0.6884
v 1.4507 -6.0445 0.5357
v 1.2998 -6.1437 0.1166
v 1.3159 -6.1707 -0.0728
v 1.3929 -6.1638 -0.2324
v 1.6740 -6.5576 -0.4390
v 1.5040 -6.5776 -0.3149
v 1.8260 -6.3158 0.8350
v 2.2965 -6.3964 -0.0905
v 1.8960 -6.5190 -0.4622
v 2.3687 -6.3425 0.1879
v 2.3584 -6.2881 0.4952
v 1.9471 -6.2898 0.8787
v 1.7146 -6.3507 0.7612
v 2.0917 -6.2771 0.8558
v 2.2502 -6.2722 0.7342
v 1.5944 -6.3995 0.6355
v 1.4668 -6.4727 0.4636
v 1.3300 -6.5690 0.1130
v 1.3474 -6.5898 -0.0303
v 1.3985 -6.5931 -0.1667
v 1.6530 -6.9123 -0.4381
v 1.4807 -6.9049 -0.3039
v 2.3065 -6.7451 -0.0783
v 1.5835 -6.7329 0.5629
v 1.4699 -6.7865 0.4047
v 1.3445 -6.8585 0.0923
v 1.3485 -6.8802 -0.0352
v 1.3869 -6.8937 -0.1604
v 0.0608 0.1951 0.2573
v 0.1033 0.0514 0.2505
v 0.1177 -0.1049 0.2583
v 0.1667 -0.3489 0.2897
v 0.2244 -0.6272 0.3252
v 0.4042 -1.3052 0.4373
v 0.5436 -1.7239 0.4434
v 0.7039 -2.2185 0.4279
v 0.8186 -2.6708 0.4080
v 0.8853 -3.0505 0.4015
v 0.9656 -3.3956 0.3632
v 1.0169 -3.6882 0.3392
v 1.0334 -4.0460 0.3437
v 1.1115 -4.5435 0.3582
v 1.1926 -5.0032 0.3743
v 1.2830 -5.4945 0.3941
v 1.3463 -6.1001 0.3327
v 1.3721 -6.5290 0.2818
v 0.8221 -0.7816 1.1462
v 0.5550 -0.8573 0.9246
v 0.3759 -0.9163 0.6523
v 0.3012 -0.9497 0.3923
v 0.3175 -0.9497 0.1453
v 0.4170 -0.9193 -0.0771
v 0.5888 -0.8716 -0.2766
v 0.8195 -0.8201 -0.4439
v 1.0851 -0.7645 -0.5420
v 1.3625 -0.6995 -0.5521
v 1.8292 -0.5713 -0.2514
v 1.9940 -0.5196 0.0589
v 2.0532 -0.4904 0.4220
v 1.9814 -0.4902 0.7870
v 1.7710 -0.5186 1.0745
v 1.4720 -0.5843 1.2410
v 1.1438 -0.6818 1.2770
v 0.2197 1.7889 -0.9221
v 0.2228 1.5060 -1.0151
v 0.2132 1.2039 -1.0486
v 0.1760 0.8187 -0.9746
v 0.1221 0.5453 -0.8130
v 0.0814 0.4080 -0.6142
v 0.0533 0.3328 -0.4098
v 0.0324 0.2790 -0.1964
v 0.0240 0.2404 0.0306
v 0.0350 0.2291 0.2605
v 0.0599 0.2469 0.5205
v 0.1056 0.3188 0.8151
v 0.1610 0.4517 1.1123
v 0.1889 0.6525 1.3253
v 0.1915 0.9660 1.4405
v 0.1995 1.3029 1.4771
v 0.2014 1.6444 1.4906
v 0.0011 1.7814 -0.9178
v 0.0005 1.1804 -1.0211
v 0.0002 0.8000 -0.9252
v 0.0000 0.5410 -0.7496
v -0.0000 0.4193 -0.5579
v -0.0000 0.3575 -0.3722
v -0.0000 1.2769 1.4966
v 0.0000 0.9797 1.4522
v 0.0000 0.6247 1.3568
v 0.0000 0.4573 1.1485
v -0.0000 1.6612 1.5128
v 0.0000 0.3241 0.8329
v 0.0000 0.2403 0.5198
v 0.0000 0.2654 0.0421
v -0.0000 0.3079 -0.1727
v 0.0000 0.2439 0.2639
v -2.1768 -7.4900 -0.2769
v -2.4621 -7.3813 0.1932
v -1.8702 -7.2733 0.7819
v -2.4559 -7.3568 0.4364
v -2.0062 -7.2653 0.8002
v -1.7436 -7.3060 0.7191
v -2.1623 -7.2890 0.7614
v -1.5941 -7.3547 0.6025
v -2.3299 -7.3265 0.6387
v -1.4092 -7.4601 0.1432
v -1.4661 -7.4135 0.4505
v -1.9843 -7.5146 -0.3900
v -1.6578 -7.4428 -0.2725
v -1.5317 -7.4414 -0.1320
v -1.8152 -7.4734 -0.3834
v -1.4521 -7.4502 0.0072
v -2.3516 -7.4292 -0.0703
v -1.4064 -7.4530 0.2947
v 2.1931 -7.4673 -0.3987
v 2.4234 -7.4247 0.1515
v 1.8738 -7.2523 0.8048
v 2.4460 -7.3828 0.3932
v 2.0203 -7.2534 0.8325
v 1.7502 -7.2848 0.7147
v 2.1924 -7.2902 0.7665
v 1.6292 -7.3457 0.5672
v 2.3544 -7.3456 0.6061
v 1.4034 -7.4640 0.0939
v 1.5283 -7.3924 0.4062
v 1.9945 -7.5069 -0.5019
v 1.5525 -7.5526 -0.3172
v 1.4296 -7.5289 -0.1786
v 1.7627 -7.5455 -0.4571
v 1.3900 -7.4935 -0.0433
v 2.3305 -7.4625 -0.1288
v 1.4494 -7.4363 0.2483
v -0.0000 1.8821 1.5076
v -1.5429 1.9872 0.5632
v -1.5459 1.9696 0.1813
v -1.2429 1.9795 1.1505
v -0.3867 1.9097 1.4763
v -0.5856 1.9086 1.4369
v -1.0148 1.9598 1.2841
v -0.7917 1.9327 1.3692
v -1.4302 1.9469 -0.1619
v -1.4280 1.9928 0.9056
v -0.1927 2.0024 -0.8046
v -1.0897 1.9539 -0.5583
v -1.2566 1.9478 -0.4130
v -0.2019 1.9003 1.4880
v 1.2384 1.9789 1.1434
v 1.0112 1.9593 1.2768
v 1.2634 1.9472 -0.4140
v 1.4345 1.9463 -0.1624
v 0.7892 1.9323 1.3562
v 0.5841 1.9083 1.4192
v 0.3910 1.8933 1.4597
v 1.5401 1.9867 0.5597
v 1.5464 1.9692 0.1800
v -0.3896 1.9934 -0.8077
v 1.4235 1.9921 0.8998
v 1.0971 1.9534 -0.5601
v 0.1963 2.0027 -0.8074
v 0.0012 1.9946 -0.7803
v 0.7514 1.9709 -0.7200
v 0.9110 1.9672 -0.6528
v 0.5806 1.9904 -0.7737
v -0.5742 1.9900 -0.7713
v -0.7441 1.9707 -0.7181
v -0.9031 1.9670 -0.6511
v 0.3947 1.9940 -0.8104
v 0.1983 1.8832 1.4746
v 0.4615 0.6568 1.2356
v 0.4064 0.3847 1.0765
v 0.4892 1.6600 1.4340
v 0.0913 0.1781 -0.2369
v 0.1277 0.1665 0.5335
v 0.0657 0.1407 0.0091
v 0.2397 0.2417 0.8266
v 0.4787 0.9769 1.3285
v 0.4841 1.3174 1.3801
v 0.0796 0.1381 0.2520
v 0.3204 0.5546 -0.8673
v 0.2349 0.3692 -0.6749
v 0.4318 1.1784 -1.0622
v 0.4133 0.8396 -1.0076
v 0.1590 0.2548 -0.4634
v 0.4455 1.7677 -0.9126
v 0.4189 1.4893 -1.0127
v 0.4842 1.9005 1.4394
v 0.4844 1.9922 -0.7935
v -0.1591 0.2550 -0.4633
v -0.3959 0.3995 1.0672
v -0.0917 0.1774 -0.2370
v -0.0661 0.1399 0.0090
v -0.2412 0.2399 0.8271
v -0.1285 0.1646 0.5337
v -0.4936 1.6601 1.4592
v -0.4605 0.6626 1.2339
v -0.4810 0.9795 1.3310
v -0.4877 1.2963 1.3873
v -0.2348 0.3702 -0.6743
v -0.3199 0.5568 -0.8665
v -0.4122 0.8427 -1.0059
v -0.4421 1.7691 -0.9094
v -0.4163 1.4920 -1.0097
v -0.4279 1.1869 -1.0594
v -0.0800 0.1371 0.2520
v -0.4886 1.9010 1.4553
v -0.4819 1.9917 -0.7902
v -2.1544 -5.3369 0.7718
v -1.8762 -0.5044 0.9307
v -1.9982 -3.1866 0.6826
v -2.0362 -3.4834 0.6958
v -2.1090 -4.2816 0.7135
v -2.0687 -3.8224 0.7011
v -1.7120 0.3393 0.9054
v -1.7566 0.1088 0.9136
v -1.3760 1.7629 1.0188
v -1.9253 -0.9063 0.9201
v -1.8209 -0.1641 0.9255
v -1.6557 0.5757 0.9134
v -1.4681 1.1102 0.9487
v -1.4181 1.4304 0.9716
v -1.9597 -2.8593 0.6868
v -1.5934 0.8254 0.9356
v -1.9559 -2.4573 0.7114
v -1.9717 -1.4041 0.8804
v -1.9749 -1.9663 0.7924
v -2.2014 -6.5691 0.7566
v -2.2268 -7.0219 0.7164
v -2.1990 -6.2884 0.7759
v -2.2100 -6.7910 0.7351
v -2.1780 -5.8749 0.7885
v -2.1434 -4.8123 0.7279
v -2.2494 -7.3133 0.7032
v -1.3354 1.9862 1.0281
v 1.3715 1.7635 1.0132
v 1.7108 0.3406 0.9045
v 2.1471 -5.9062 0.8161
v 2.1288 -5.3480 0.7993
v 2.1066 -4.3274 0.7259
v 1.8208 -0.1639 0.9254
v 1.7561 0.1093 0.9134
v 2.1265 -4.8064 0.7284
v 2.1925 -6.5783 0.7592
v 1.9469 -2.8593 0.6945
v 1.9475 -2.4573 0.7133
v 1.9714 -1.9663 0.7924
v 2.2552 -7.0318 0.7229
v 1.9830 -3.1849 0.6939
v 2.2120 -6.8308 0.7317
v 1.9253 -0.9063 0.9201
v 2.0753 -3.8175 0.7377
v 2.0307 -3.4712 0.7155
v 1.9716 -1.4041 0.8804
v 2.1709 -6.2746 0.7952
v 1.5161 1.1138 0.9557
v 1.4359 1.4326 0.9832
v 1.8762 -0.5044 0.9307
v 1.5904 0.8284 0.9320
v 1.6543 0.5774 0.9119
v 2.2750 -7.3178 0.6864
v 1.3310 1.9855 1.0216
v 0.0385 0.4176 -0.5830
v 0.0253 0.3503 -0.3882
v 0.1184 1.7827 -0.9276
v 0.0582 0.5453 -0.7775
v 0.0870 0.8119 -0.9452
v 0.1108 1.1967 -1.0311
v 0.1202 1.5328 -1.0096
v 0.0108 0.2584 0.0377
v 0.0151 0.2993 -0.1824
v 0.0174 0.2409 0.2627
v 0.0299 0.2436 0.5199
v 0.1067 1.6574 1.4963
v 0.1055 1.2849 1.4822
v 0.0821 0.4570 1.1344
v 0.0981 0.6343 1.3457
v 0.1013 0.9746 1.4415
v 0.0579 0.3261 0.8272
v 0.0992 1.8803 1.4817
v 0.0988 1.9988 -0.7930
v -0.1181 1.5342 -1.0077
v -0.1056 1.2851 1.5019
v -0.1068 1.6576 1.5164
v -0.0981 0.6344 1.3596
v -0.1013 0.9748 1.4604
v -0.0579 0.3261 0.8291
v -0.0821 0.4571 1.1430
v -0.1094 1.1984 -1.0289
v -0.0385 0.4180 -0.5828
v -0.1157 1.7834 -0.9259
v -0.0253 0.3504 -0.3882
v -0.0581 0.5463 -0.7771
v -0.0865 0.8135 -0.9447
v -0.0151 0.2993 -0.1824
v -0.0108 0.2584 0.0377
v -0.0299 0.2436 0.5199
v -0.0174 0.2408 0.2627
v -0.0993 1.8877 1.5032
v -0.0958 1.9987 -0.7918
v -0.0488 1.5300 -1.0051
v -0.0495 1.2780 1.5005
v -0.0502 1.6598 1.5170
v -0.0444 0.6271 1.3599
v -0.0475 0.9778 1.4563
v -0.0265 0.3249 0.8328
v -0.0366 0.4574 1.1495
v -0.0425 1.1863 -1.0225
v -0.0145 0.4195 -0.5645
v -0.0502 1.7828 -0.9207
v -0.0099 0.3562 -0.3764
v -0.0212 0.5428 -0.7566
v -0.0320 0.8044 -0.9300
v -0.0059 0.3063 -0.1751
v -0.0042 0.2641 0.0410
v -0.0150 0.2420 0.5198
v -0.0077 0.2437 0.2636
v -0.0499 1.8871 1.5111
v -0.0473 1.9967 -0.7860
v 0.0145 0.4194 -0.5645
v 0.0099 0.3561 -0.3764
v 0.0525 1.7824 -0.9215
v 0.0213 0.5424 -0.7568
v 0.0323 0.8036 -0.9300
v 0.0436 1.1855 -1.0239
v 0.0042 0.2641 0.0410
v 0.0059 0.3063 -0.1751
v 0.0077 0.2437 0.2636
v 0.0150 0.2420 0.5198
v 0.0502 1.6597 1.5030
v 0.0495 1.2779 1.4866
v 0.0366 0.4573 1.1439
v 0.0444 0.6270 1.3505
v 0.0475 0.9777 1.4430
v 0.0265 0.3249 0.8316
v 0.0499 1.8833 1.4973
v 0.0500 1.9968 -0.7865
v 0.0507 1.5293 -1.0060
v 1.0100 -0.0517 -0.6868
v 1.7850 -6.0592 -0.4621
v 1.3228 -1.1252 -0.5091
v 1.7649 -4.8116 -0.6132
v 1.7272 -5.3714 -0.5510
v 1.1010 -0.3617 -0.6009
v 1.6645 -3.0713 -0.4785
v 1.7724 -6.9028 -0.4572
v 1.6847 -3.3674 -0.5865
v 1.7909 -7.1079 -0.4399
v 1.5630 -2.4453 -0.3602
v 1.7433 -4.2944 -0.7136
v 1.4141 -1.5642 -0.4591
v 1.4940 -2.0315 -0.3894
v 1.7068 -3.7430 -0.6999
v 1.8302 -7.2532 -0.4515
v 1.7877 -6.5391 -0.4596
v 0.9656 0.2402 -0.7835
v 1.0639 0.8370 -0.8831
v 1.2238 -0.7320 -0.5471
v 1.0126 0.5299 -0.8768
v 1.6221 -2.7849 -0.3842
v 0.9891 1.7984 -0.7044
v 1.1288 1.0268 -0.8331
v 1.8850 -7.5219 -0.4842
v 0.9968 1.9507 -0.6210
v -1.7538 -5.3710 -0.5304
v -1.2267 -0.7313 -0.5472
v -0.9841 1.8006 -0.7013
v -1.6807 -3.0711 -0.4782
v -1.6988 -3.3768 -0.5788
v -1.7413 -4.2480 -0.6982
v -1.7057 -3.7545 -0.6679
v -1.0103 -0.0501 -0.6865
v -1.3258 -1.1246 -0.5090
v -1.1039 -0.3609 -0.6011
v -1.0098 0.5337 -0.8754
v -1.1011 0.8320 -0.9354
v -1.6366 -2.7847 -0.3838
v -1.5741 -2.4452 -0.3597
v -0.9643 0.2430 -0.7824
v -1.5005 -2.0312 -0.3890
v -1.4175 -1.5637 -0.4589
v -1.8543 -7.0342 -0.4697
v -1.8256 -6.8306 -0.4713
v -1.1681 1.0509 -0.8826
v -1.8864 -7.2072 -0.4400
v -1.8039 -6.5488 -0.4615
v -1.7686 -6.0178 -0.5191
v -1.7907 -4.8384 -0.5976
v -1.9006 -7.4935 -0.3863
v -0.9901 1.9509 -0.6186
v 0.5869 1.5016 1.3890
v 1.0402 1.5597 1.2618
v 1.3056 1.5838 1.1308
v 0.3930 1.4767 1.4251
v -1.4313 1.6533 -0.2644
v -1.1355 1.6597 -0.6521
v -1.4960 1.6086 0.8741
v -1.6091 1.6330 0.5051
v -1.5607 1.6442 0.0994
v -0.3935 1.4766 1.4413
v -1.3103 1.5829 1.1143
v -1.0480 1.5679 1.2595
v -0.8051 1.5286 1.3721
v -0.6027 1.5028 1.4060
v -0.0000 1.4805 1.5103
v -0.2202 1.6555 -0.9717
v -1.2681 1.6507 -0.5039
v -0.2006 1.4734 1.5003
v 1.2720 1.6484 -0.5061
v -0.3394 1.6416 -0.9668
v 1.1394 1.6565 -0.6551
v 1.4359 1.6528 -0.2650
v 0.0010 1.6574 -0.9603
v 0.2230 1.6542 -0.9744
v 0.2004 1.4731 1.4838
v 1.4911 1.6099 0.8684
v 1.6058 1.6340 0.5019
v 1.5619 1.6443 0.0983
v 0.3425 1.6397 -0.9699
v 0.7991 1.5293 1.3372
v 0.4866 1.4887 1.4070
v 0.4200 1.6330 -0.9678
v -0.4909 1.4888 1.4220
v -0.4169 1.6351 -0.9647
v -1.4085 1.5967 0.9962
v 1.4037 1.5981 0.9982
v 0.1065 1.4782 1.4933
v 0.1193 1.6608 -0.9679
v -0.1065 1.4783 1.5133
v -0.1170 1.6619 -0.9661
v -0.0501 1.4792 1.5137
v -0.0495 1.6596 -0.9622
v 0.0501 1.4791 1.4997
v 0.0516 1.6590 -0.9631
v 2.1975 -7.4825 -0.4180
v 2.3436 -7.4727 -0.1420
v 1.9908 -7.5309 -0.5169
v 2.4423 -7.4321 0.1501
v 2.4650 -7.3884 0.4032
v 2.0273 -7.2599 0.8563
v 2.2010 -7.2927 0.7869
v 2.3680 -7.3502 0.6225
v 2.2866 -7.3219 0.7059
v 1.6242 -7.3468 0.5891
v 1.5172 -7.3962 0.4187
v 1.7514 -7.2850 0.7413
v 1.8783 -7.2547 0.8311
v 1.5426 -7.5791 -0.3323
v 1.7571 -7.5725 -0.4712
v 1.4154 -7.5544 -0.1922
v 1.3745 -7.5158 -0.0527
v 1.3868 -7.4804 0.0900
v 1.8809 -7.5467 -0.4998
v 1.4340 -7.4463 0.2517
v -2.4908 -7.3837 0.1899
v -2.3748 -7.4355 -0.0894
v -2.1921 -7.5025 -0.3094
v -1.9880 -7.5316 -0.4296
v -2.4836 -7.3562 0.4473
v -1.3962 -7.4631 0.1366
v -1.4372 -7.4525 -0.0074
v -2.2659 -7.3091 0.7267
v -2.3507 -7.3231 0.6590
v -1.5920 -7.3503 0.6213
v -1.4585 -7.4128 0.4607
v -1.7452 -7.2987 0.7436
v -1.8759 -7.2661 0.8088
v -2.0154 -7.2601 0.8272
v -1.8986 -7.5108 -0.4246
v -1.8072 -7.4909 -0.4210
v -1.3947 -7.4554 0.2963
v -1.5171 -7.4443 -0.1563
v -1.6452 -7.4516 -0.3066
v -2.1756 -7.2852 0.7871
v 2.1743 -7.6364 -0.3302
v 2.3168 -7.6257 -0.0500
v 1.9730 -7.6826 -0.4346
v 2.4256 -7.5746 0.2390
v 2.4501 -7.5327 0.4870
v 2.0310 -7.3975 0.8973
v 2.1968 -7.4303 0.8384
v 2.3556 -7.4905 0.6818
v 2.2771 -7.4621 0.7575
v 1.6451 -7.4864 0.6562
v 1.5391 -7.5468 0.5006
v 1.7608 -7.4264 0.7924
v 1.8850 -7.3952 0.8756
v 1.5413 -7.7353 -0.2584
v 1.7472 -7.7265 -0.3920
v 1.4206 -7.7226 -0.1156
v 1.3862 -7.6904 0.0264
v 1.4015 -7.6546 0.1734
v 1.8616 -7.7026 -0.4168
v 1.4553 -7.6062 0.3358
v -2.4981 -7.5417 0.2748
v -2.3807 -7.5934 -0.0120
v -2.1975 -7.6633 -0.2412
v -1.9887 -7.7025 -0.3733
v -2.4876 -7.5105 0.5337
v -1.4045 -7.6361 0.2004
v -1.4296 -7.6207 0.0507
v -2.2749 -7.4602 0.7920
v -2.3601 -7.4774 0.7299
v -1.6288 -7.5120 0.7024
v -1.5071 -7.5809 0.5365
v -1.7685 -7.4550 0.8291
v -1.8968 -7.4231 0.8934
v -2.0315 -7.4186 0.9058
v -1.8939 -7.6869 -0.3723
v -1.7962 -7.6712 -0.3716
v -1.4322 -7.6303 0.3633
v -1.5052 -7.6093 -0.1059
v -1.6347 -7.6239 -0.2606
v -2.1872 -7.4409 0.8546
v -1.3080 1.4029 1.1246
v -1.1187 1.3992 1.2577
v -1.4392 1.4190 1.0115
v -1.4254 1.5768 1.0420
v -1.3223 1.5702 1.1511
v -1.1286 1.5517 1.2664
v -1.3422 1.1941 1.0872
v -1.1268 1.2852 1.2097
v -1.4634 1.1557 0.9601
v -1.4642 1.1968 0.9982
v -1.3609 1.1993 1.0937
v -1.1578 1.2770 1.2247
v -1.2740 1.5799 -0.5227
v 1.2777 1.5775 -0.5251
v -0.4893 1.3925 1.4047
v -1.4208 1.5135 0.9861
v -0.1061 1.3817 1.5076
v -0.0498 1.3786 1.5071
v 0.5854 1.4163 1.3755
v 1.0472 1.4752 1.2553
v 1.3214 1.4992 1.1253
v 0.3920 1.3908 1.4117
v -1.4265 1.5769 -0.2829
v -1.1446 1.5899 -0.6739
v -1.5079 1.5277 0.8650
v -1.6167 1.5555 0.4929
v -1.5582 1.5634 0.0841
v -0.3924 1.3907 1.4273
v -1.0567 1.4691 1.2557
v -0.8069 1.4329 1.3644
v -0.6014 1.4064 1.3905
v -0.0000 1.3787 1.5034
v -0.2001 1.3883 1.4967
v 1.1481 1.5865 -0.6770
v 1.4308 1.5763 -0.2837
v 0.2000 1.3880 1.4805
v 1.5067 1.5294 0.8592
v 1.6132 1.5568 0.4897
v 1.5596 1.5636 0.0830
v 0.7994 1.4434 1.3259
v 0.4854 1.4031 1.3936
v 1.4198 1.5153 0.9907
v 0.1060 1.3816 1.4878
v 0.0498 1.3785 1.4932
v -1.4208 1.5025 1.0206
v -1.3093 1.4915 1.1305
v -1.1166 1.4725 1.2585
v -1.4080 1.5226 1.0738
v -1.4085 1.5162 1.0682
v -1.4009 1.5188 1.0765
v -1.4041 1.5298 1.0761
v -1.4118 1.5273 1.0678
v -1.4107 1.5213 1.0616
v -1.4005 1.5133 1.0697
v -1.3964 1.5261 1.0771
v -1.4066 1.5341 1.0689
v -1.4147 1.5501 1.0553
v -1.4193 1.5409 1.0483
v -1.4213 1.5296 1.0435
v -1.4148 1.5074 1.0444
v -1.4071 1.4993 1.0500
v -1.3984 1.4946 1.0575
v -1.3831 1.4997 1.0741
v -1.3785 1.5089 1.0811
v -1.3765 1.5202 1.0859
v -1.3830 1.5424 1.0850
v -1.3906 1.5505 1.0795
v -1.3994 1.5552 1.0719
v -1.4199 1.5179 1.0419
v -1.3900 1.4944 1.0659
v -1.4078 1.5554 1.0635
v -1.3779 1.5320 1.0875
v -1.4098 1.5252 1.0588
v -1.4094 1.5299 1.0620
v -1.4068 1.5344 1.0641
v -1.4173 1.5126 1.0431
v -1.4036 1.5553 1.0677
v -1.3947 1.5183 1.0738
v -1.3957 1.5142 1.0701
v -1.3928 1.5234 1.0754
v -1.3942 1.4945 1.0617
v -1.3804 1.5372 1.0863
v -1.3991 1.5333 1.0732
v -1.3947 1.5302 1.0751
v -1.4021 1.5360 1.0692
v -1.4112 1.5528 1.0594
v -1.3772 1.5261 1.0867
v -1.4073 1.5460 1.0659
v -1.3861 1.5294 1.0829
v -1.4050 1.5149 1.0626
v -1.4078 1.5184 1.0591
v -1.4004 1.5126 1.0650
v -1.4206 1.5237 1.0427
v -1.3865 1.4970 1.0700
v -1.4158 1.5194 1.0506
v -1.3946 1.5028 1.0676
v -1.4131 1.5536 1.0511
v -1.4183 1.5434 1.0434
v -1.4204 1.5309 1.0381
v -1.4133 1.5063 1.0390
v -1.4048 1.4974 1.0452
v -1.3952 1.4922 1.0535
v -1.3783 1.4978 1.0719
v -1.3731 1.5080 1.0796
v -1.3710 1.5205 1.0850
v -1.3781 1.5451 1.0840
v -1.3866 1.5541 1.0778
v -1.3962 1.5593 1.0695
v -1.4190 1.5179 1.0363
v -1.3858 1.4919 1.0628
v -1.4056 1.5595 1.0602
v -1.3724 1.5335 1.0868
v -1.4161 1.5121 1.0377
v -1.4009 1.5594 1.0648
v -1.3905 1.4921 1.0582
v -1.3753 1.5393 1.0854
v -1.4094 1.5565 1.0557
v -1.3717 1.5270 1.0859
v -1.4197 1.5244 1.0372
v -1.3820 1.4949 1.0674
vt 0.9156 0.7265
vt 0.9218 0.7428
vt 0.9181 0.7485
vt 0.9123 0.7321
vt 0.9898 0.7533
vt 0.9889 0.7759
vt 0.9845 0.7759
vt 0.9854 0.7580
vt 0.9565 0.7250
vt 0.9698 0.7230
vt 0.9663 0.7309
vt 0.9569 0.7324
vt 0.5895 0.9461
vt 0.5892 0.9422
vt 0.6037 0.9459
vt 0.6030 0.9496
vt 0.4196 0.9462
vt 0.4186 0.9502
vt 0.4015 0.9496
vt 0.4029 0.9457
vt 0.4347 0.9445
vt 0.4342 0.9486
vt 0.9129 0.8009
vt 0.9026 0.7999
vt 0.9022 0.7973
vt 0.9115 0.7985
vt 0.8844 0.7230
vt 0.8981 0.7243
vt 0.8981 0.7321
vt 0.8883 0.7310
vt 0.9520 0.8009
vt 0.9413 0.8014
vt 0.9427 0.7991
vt 0.9525 0.7981
vt 0.9846 0.7389
vt 0.9813 0.7466
vt 0.9231 0.8009
vt 0.9199 0.7986
vt 0.8650 0.7546
vt 0.8693 0.7422
vt 0.8731 0.7491
vt 0.8696 0.7592
vt 0.4483 0.9425
vt 0.4483 0.9460
vt 0.2538 0.9424
vt 0.2531 0.9462
vt 0.2459 0.9462
vt 0.2468 0.9424
vt 0.5391 0.9261
vt 0.5397 0.9292
vt 0.5356 0.9295
vt 0.5352 0.9262
vt 0.5387 0.9046
vt 0.5392 0.9163
vt 0.5343 0.9163
vt 0.5354 0.9041
vt 0.8916 0.7989
vt 0.8812 0.7981
vt 0.8812 0.7956
vt 0.8913 0.7962
vt 0.8722 0.7258
vt 0.8783 0.7320
vt 0.8667 0.7768
vt 0.8711 0.7767
vt 0.5449 0.8462
vt 0.5416 0.8327
vt 0.5452 0.8321
vt 0.5488 0.8466
vt 0.5103 0.9233
vt 0.5103 0.9400
vt 0.5063 0.9413
vt 0.5063 0.9241
vt 0.5127 0.9085
vt 0.5089 0.9089
vt 0.8718 0.7966
vt 0.8739 0.7942
vt 0.9282 0.7794
vt 0.9282 0.7575
vt 0.9324 0.7618
vt 0.9332 0.7792
vt 0.9398 0.7274
vt 0.9433 0.7329
vt 0.9818 0.7249
vt 0.9762 0.7312
vt 0.9289 0.7904
vt 0.9337 0.7904
vt 0.5155 0.8952
vt 0.5125 0.8951
vt 0.2475 0.9523
vt 0.2548 0.9524
vt 0.2556 0.9557
vt 0.2481 0.9557
vt 0.6074 0.9420
vt 0.6076 0.9464
vt 0.6043 0.9466
vt 0.6043 0.9425
vt 0.6290 0.9404
vt 0.6299 0.9436
vt 0.6172 0.9458
vt 0.6168 0.9408
vt 0.5199 0.8503
vt 0.5189 0.8361
vt 0.5403 0.8371
vt 0.5404 0.8511
vt 0.4171 0.9405
vt 0.4042 0.9391
vt 0.4048 0.9197
vt 0.4173 0.9211
vt 0.7041 0.9523
vt 0.6913 0.9535
vt 0.6913 0.9341
vt 0.7038 0.9329
vt 0.4748 0.9155
vt 0.4600 0.9175
vt 0.4585 0.8969
vt 0.4731 0.8951
vt 0.7106 0.9521
vt 0.7101 0.9326
vt 0.6728 0.8857
vt 0.6722 0.9012
vt 0.6517 0.9015
vt 0.6523 0.8865
vt 0.5204 0.8832
vt 0.5203 0.8660
vt 0.5408 0.8667
vt 0.5408 0.8835
vt 0.6113 0.8790
vt 0.6314 0.8801
vt 0.6298 0.9006
vt 0.6110 0.8996
vt 0.6718 0.9183
vt 0.6513 0.9182
vt 0.2283 0.7879
vt 0.2319 0.7881
vt 0.2340 0.7955
vt 0.2280 0.7956
vt 0.7356 0.9375
vt 0.7462 0.9438
vt 0.7352 0.9615
vt 0.7252 0.9553
vt 0.4168 0.9180
vt 0.3923 0.9156
vt 0.3936 0.8951
vt 0.4174 0.8975
vt 0.4410 0.9419
vt 0.4294 0.9407
vt 0.4292 0.9210
vt 0.4404 0.9215
vt 0.6874 0.9286
vt 0.6874 0.9054
vt 0.7087 0.9058
vt 0.7079 0.9284
vt 0.2319 0.8924
vt 0.2394 0.8923
vt 0.2386 0.8971
vt 0.2311 0.8972
vt 0.4399 0.9186
vt 0.4397 0.8980
vt 0.4582 0.9414
vt 0.4522 0.9418
vt 0.4509 0.9216
vt 0.4568 0.9210
vt 0.6674 0.9545
vt 0.6563 0.9543
vt 0.6579 0.9340
vt 0.6684 0.9341
vt 0.6461 0.8821
vt 0.6444 0.9025
vt 0.5197 0.8931
vt 0.5410 0.8932
vt 0.5883 0.8796
vt 0.5890 0.9001
vt 0.3001 0.8883
vt 0.3067 0.8883
vt 0.3067 0.8930
vt 0.3000 0.8930
vt 0.6790 0.9535
vt 0.6795 0.9338
vt 0.6851 0.9535
vt 0.6854 0.9339
vt 0.2784 0.9392
vt 0.2748 0.9392
vt 0.2746 0.9361
vt 0.2782 0.9362
vt 0.2246 0.7874
vt 0.2232 0.7950
vt 0.3623 0.9330
vt 0.3759 0.9334
vt 0.3729 0.9366
vt 0.3632 0.9360
vt 0.4230 0.9406
vt 0.4231 0.9210
vt 0.7124 0.9017
vt 0.7355 0.9028
vt 0.7348 0.9233
vt 0.7123 0.9236
vt 0.7301 0.9336
vt 0.7197 0.9518
vt 0.2418 0.9682
vt 0.2309 0.9683
vt 0.2305 0.9643
vt 0.2418 0.9642
vt 0.4852 0.9470
vt 0.4836 0.9334
vt 0.4866 0.9307
vt 0.4878 0.9411
vt 0.5585 0.8848
vt 0.5828 0.8824
vt 0.5834 0.9029
vt 0.5597 0.9053
vt 0.1022 0.9530
vt 0.1108 0.9565
vt 0.1013 0.9692
vt 0.0942 0.9663
vt 0.1199 0.9683
vt 0.1223 0.9702
vt 0.1152 0.9816
vt 0.1133 0.9798
vt 0.0776 0.9495
vt 0.0937 0.9495
vt 0.0870 0.9634
vt 0.0737 0.9634
vt 0.1292 0.8882
vt 0.1248 0.8923
vt 0.1194 0.8824
vt 0.1230 0.8790
vt 0.0642 0.9154
vt 0.0587 0.9141
vt 0.0576 0.9006
vt 0.0622 0.9017
vt 0.1153 0.8999
vt 0.1114 0.8887
vt 0.0492 0.9103
vt 0.0497 0.8974
vt 0.0465 0.9483
vt 0.0629 0.9481
vt 0.0667 0.9618
vt 0.0528 0.9624
vt 0.0753 0.9167
vt 0.0612 0.9169
vt 0.0664 0.9031
vt 0.0782 0.9029
vt 0.0378 0.9517
vt 0.0456 0.9652
vt 0.0282 0.9637
vt 0.0391 0.9591
vt 0.0418 0.9715
vt 0.0333 0.9763
vt 0.0395 0.9057
vt 0.0417 0.8936
vt 0.0434 0.9127
vt 0.0251 0.9016
vt 0.0365 0.8904
vt 0.0517 0.8995
vt 0.0134 0.8858
vt 0.0112 0.8837
vt 0.0181 0.8752
vt 0.0199 0.8770
vt 0.0343 0.9027
vt 0.0295 0.8998
vt 0.0335 0.8885
vt 0.0374 0.8910
vt 0.0778 0.9500
vt 0.0910 0.9528
vt 0.0900 0.9658
vt 0.0791 0.9634
vt 0.0200 0.8921
vt 0.0254 0.8823
vt 0.1014 0.9124
vt 0.0838 0.9168
vt 0.0785 0.9029
vt 0.0932 0.8993
vt 0.0124 0.9690
vt 0.0291 0.9550
vt 0.0384 0.9680
vt 0.0245 0.9796
vt 0.1272 0.9706
vt 0.1149 0.9809
vt 0.0958 0.9103
vt 0.0863 0.9141
vt 0.0873 0.9007
vt 0.0952 0.8975
vt 0.0807 0.9154
vt 0.0827 0.9018
vt 0.1340 0.8834
vt 0.1196 0.9013
vt 0.1082 0.8900
vt 0.1202 0.8752
vt 0.1104 0.9028
vt 0.1054 0.9058
vt 0.1032 0.8937
vt 0.1073 0.8912
vt 0.0104 0.8838
vt 0.0243 0.8755
vt 0.0634 0.9522
vt 0.0619 0.9656
vt 0.0447 0.9573
vt 0.0506 0.9552
vt 0.0513 0.9682
vt 0.0464 0.9699
vt 0.0967 0.9549
vt 0.1026 0.9569
vt 0.0997 0.9688
vt 0.0946 0.9676
vt 0.0228 0.9665
vt 0.0288 0.9786
vt 0.1126 0.9623
vt 0.1076 0.9741
vt 0.0697 0.9166
vt 0.0668 0.9028
vt 0.5509 0.8895
vt 0.5477 0.8880
vt 0.5474 0.8653
vt 0.5512 0.8665
vt 0.6254 0.9253
vt 0.6260 0.9221
vt 0.6487 0.9221
vt 0.6485 0.9258
vt 0.5156 0.9206
vt 0.5129 0.9197
vt 0.5125 0.9071
vt 0.5154 0.9076
vt 0.5100 0.9504
vt 0.5131 0.9492
vt 0.5447 0.9132
vt 0.5416 0.9112
vt 0.5196 0.9590
vt 0.5161 0.9568
vt 0.5171 0.9511
vt 0.5196 0.9529
vt 0.5200 0.9418
vt 0.5175 0.9401
vt 0.5214 0.9302
vt 0.5186 0.9288
vt 0.5213 0.9238
vt 0.5185 0.9227
vt 0.5184 0.9169
vt 0.5212 0.9178
vt 0.3134 0.9549
vt 0.3102 0.9544
vt 0.3102 0.9509
vt 0.3134 0.9512
vt 0.5461 0.9395
vt 0.5692 0.9395
vt 0.5705 0.9434
vt 0.5476 0.9428
vt 0.6254 0.9178
vt 0.6486 0.9178
vt 0.6488 0.9215
vt 0.6260 0.9213
vt 0.4334 0.9512
vt 0.4463 0.9515
vt 0.4468 0.9544
vt 0.4343 0.9539
vt 0.3923 0.9458
vt 0.3938 0.9425
vt 0.5222 0.9454
vt 0.5242 0.9486
vt 0.3923 0.9522
vt 0.3985 0.9523
vt 0.4003 0.9548
vt 0.3945 0.9557
vt 0.4096 0.9520
vt 0.4112 0.9545
vt 0.4212 0.9508
vt 0.4225 0.9536
vt 0.4273 0.9510
vt 0.4284 0.9537
vt 0.1900 0.8837
vt 0.1937 0.8837
vt 0.1939 0.8869
vt 0.1904 0.8869
vt 0.3761 0.9564
vt 0.3623 0.9564
vt 0.3632 0.9538
vt 0.3730 0.9533
vt 0.9311 0.8001
vt 0.9343 0.7981
vt 0.6350 0.9395
vt 0.6360 0.9425
vt 0.9747 0.7987
vt 0.9636 0.7999
vt 0.9639 0.7970
vt 0.9746 0.7960
vt 0.3163 0.9280
vt 0.3045 0.9485
vt 0.3009 0.9465
vt 0.3119 0.9267
vt 0.5363 0.8973
vt 0.5397 0.8981
vt 0.9876 0.7870
vt 0.9845 0.7972
vt 0.9819 0.7947
vt 0.9834 0.7871
vt 0.2390 0.9207
vt 0.2316 0.9200
vt 0.2406 0.8969
vt 0.2478 0.8970
vt 0.2475 0.9197
vt 0.2405 0.9203
vt 0.2394 0.9253
vt 0.2321 0.9246
vt 0.1717 0.9515
vt 0.1712 0.9293
vt 0.1755 0.9304
vt 0.1759 0.9511
vt 0.2189 0.8933
vt 0.1947 0.8921
vt 0.1958 0.8877
vt 0.2192 0.8889
vt 0.2472 0.9239
vt 0.2401 0.9248
vt 0.2851 0.9029
vt 0.2850 0.9278
vt 0.2804 0.9275
vt 0.2804 0.9040
vt 0.2401 0.8923
vt 0.2473 0.8926
vt 0.2038 0.9632
vt 0.2033 0.9671
vt 0.1924 0.9671
vt 0.1927 0.9631
vt 0.3246 0.9490
vt 0.3244 0.9737
vt 0.3212 0.9738
vt 0.3212 0.9496
vt 0.2037 0.9715
vt 0.1926 0.9715
vt 0.1924 0.9678
vt 0.2033 0.9679
vt 0.6728 0.9281
vt 0.6510 0.9278
vt 0.2621 0.9150
vt 0.2737 0.9150
vt 0.2738 0.9392
vt 0.2625 0.9392
vt 0.2305 0.9401
vt 0.2422 0.9401
vt 0.2320 0.8875
vt 0.2561 0.8876
vt 0.2561 0.8916
vt 0.2319 0.8917
vt 0.2729 0.9423
vt 0.2621 0.9423
vt 0.2309 0.9360
vt 0.2421 0.9359
vt 0.2617 0.9117
vt 0.2728 0.9117
vt 0.2703 0.9661
vt 0.2463 0.9657
vt 0.2462 0.9616
vt 0.2704 0.9621
vt 0.2553 0.9784
vt 0.2799 0.9788
vt 0.2793 0.9821
vt 0.2551 0.9815
vt 0.5117 0.9010
vt 0.5146 0.9011
vt 0.0200 0.9678
vt 0.0265 0.9797
vt 0.0156 0.8879
vt 0.0218 0.8787
vt 0.3976 0.9389
vt 0.3984 0.9194
vt 0.2352 0.7808
vt 0.2281 0.7808
vt 0.2311 0.7729
vt 0.2374 0.7753
vt 0.6107 0.9461
vt 0.6106 0.9411
vt 0.4527 0.9524
vt 0.4529 0.9553
vt 0.1314 0.8861
vt 0.1249 0.8773
vt 0.1175 0.9664
vt 0.1114 0.9782
vt 0.3378 0.7954
vt 0.3414 0.7951
vt 0.3412 0.8028
vt 0.3353 0.8028
vt 0.7138 0.9521
vt 0.7132 0.9325
vt 0.5393 0.9229
vt 0.5351 0.9230
vt 0.3074 0.8883
vt 0.3111 0.8885
vt 0.3112 0.8908
vt 0.3076 0.8907
vt 0.1336 0.8840
vt 0.1267 0.8755
vt 0.4560 0.9528
vt 0.4559 0.9557
vt 0.2614 0.7962
vt 0.2738 0.7762
vt 0.2751 0.7820
vt 0.2674 0.7962
vt 0.3370 0.7922
vt 0.3298 0.7908
vt 0.3285 0.7850
vt 0.3350 0.7838
vt 0.0173 0.9692
vt 0.0242 0.9807
vt 0.5113 0.8979
vt 0.5142 0.8979
vt 0.3944 0.9387
vt 0.3953 0.9192
vt 0.2745 0.9142
vt 0.2782 0.9141
vt 0.3111 0.9128
vt 0.3076 0.9128
vt 0.2979 0.9488
vt 0.2972 0.9267
vt 0.3002 0.9273
vt 0.3002 0.9492
vt 0.3110 0.9158
vt 0.3074 0.9158
vt 0.2747 0.9119
vt 0.2784 0.9117
vt 0.1853 0.9117
vt 0.1843 0.9338
vt 0.1820 0.9342
vt 0.1824 0.9122
vt 0.2303 0.9034
vt 0.2264 0.9049
vt 0.2221 0.8978
vt 0.2267 0.8978
vt 0.2564 0.9367
vt 0.2547 0.9138
vt 0.2596 0.9138
vt 0.2610 0.9374
vt 0.9340 0.7418
vt 0.9375 0.7486
vt 0.2108 0.9437
vt 0.2109 0.9371
vt 0.2149 0.9347
vt 0.2149 0.9430
vt 0.6502 0.9537
vt 0.6519 0.9334
vt 0.3066 0.9167
vt 0.3000 0.9166
vt 0.2027 0.9069
vt 0.2096 0.9070
vt 0.2095 0.9305
vt 0.2027 0.9306
vt 0.2373 0.9780
vt 0.2306 0.9780
vt 0.2305 0.9733
vt 0.2374 0.9733
vt 0.3067 0.9216
vt 0.3002 0.9215
vt 0.1927 0.9722
vt 0.1993 0.9722
vt 0.1991 0.9771
vt 0.1924 0.9771
vt 0.2281 0.9277
vt 0.2261 0.9506
vt 0.2214 0.9512
vt 0.2232 0.9277
vt 0.1977 0.9624
vt 0.1997 0.9394
vt 0.2043 0.9388
vt 0.2026 0.9624
vt 0.2751 0.9076
vt 0.2732 0.8846
vt 0.2781 0.8846
vt 0.2797 0.9082
vt 0.3211 0.7840
vt 0.3278 0.7859
vt 0.3277 0.8020
vt 0.3210 0.8029
vt 0.3054 0.7838
vt 0.3102 0.7838
vt 0.3103 0.8024
vt 0.3056 0.8025
vt 0.3150 0.7838
vt 0.3150 0.8025
vt 0.2929 0.7859
vt 0.2995 0.7840
vt 0.2997 0.8029
vt 0.2932 0.8020
vt 0.3303 0.7967
vt 0.3285 0.8024
vt 0.2391 0.7892
vt 0.2410 0.7956
vt 0.3451 0.7944
vt 0.3460 0.8021
vt 0.2246 0.7808
vt 0.2252 0.7717
vt 0.3405 0.7930
vt 0.3408 0.7838
vt 0.2211 0.7808
vt 0.2205 0.7716
vt 0.2533 0.7708
vt 0.2533 0.7972
vt 0.2479 0.7939
vt 0.2491 0.7767
vt 0.3439 0.7938
vt 0.3454 0.7846
vt 0.4868 0.9149
vt 0.4974 0.9160
vt 0.4970 0.9316
vt 0.3729 0.9367
vt 0.3729 0.9531
vt 0.3808 0.9385
vt 0.3810 0.9516
vt 0.3832 0.9545
vt 0.4837 0.9114
vt 0.6565 0.8795
vt 0.6693 0.8790
vt 0.3827 0.9348
vt 0.2543 0.7742
vt 0.2543 0.7943
vt 0.4913 0.8993
vt 0.4917 0.9054
vt 0.3914 0.9330
vt 0.3914 0.9459
vt 0.3875 0.9448
vt 0.3875 0.9335
vt 0.5057 0.9179
vt 0.5054 0.9292
vt 0.4923 0.9486
vt 0.4911 0.9525
vt 0.4976 0.8951
vt 0.4973 0.8990
vt 0.0856 0.9244
vt 0.0793 0.9258
vt 0.0718 0.9273
vt 0.0656 0.9258
vt 0.0109 0.8949
vt 0.0084 0.8925
vt 0.0122 0.9606
vt 0.0153 0.9591
vt 0.1221 0.9576
vt 0.1248 0.9597
vt 0.1389 0.8904
vt 0.1364 0.8928
vt 0.1163 0.9534
vt 0.1339 0.8951
vt 0.0159 0.8997
vt 0.0183 0.9575
vt 0.0987 0.9389
vt 0.1084 0.9428
vt 0.0220 0.9451
vt 0.0318 0.9413
vt 0.1183 0.9084
vt 0.1127 0.9117
vt 0.0918 0.9428
vt 0.0983 0.9451
vt 0.0378 0.9150
vt 0.0320 0.9115
vt 0.0371 0.9498
vt 0.0434 0.9477
vt 0.0878 0.9274
vt 0.1282 0.9099
vt 0.1077 0.9225
vt 0.1049 0.9477
vt 0.0244 0.9544
vt 0.0501 0.9454
vt 0.0645 0.9420
vt 0.0600 0.9375
vt 0.0769 0.9397
vt 0.0572 0.9275
vt 0.0372 0.9227
vt 0.1071 0.9150
vt 0.0962 0.9201
vt 0.0806 0.9389
vt 0.0164 0.9102
vt -0.0001 0.8901
vt 0.1445 0.8897
vt 0.0732 0.9273
vt 0.1181 0.9468
vt 0.1366 0.9627
vt 0.0031 0.9609
vt 0.0266 0.9084
vt 0.0060 0.8901
vt 0.0487 0.9201
vt 0.0416 0.9375
vt 0.0594 0.9244
vt 0.1289 0.8998
vt 0.1276 0.9617
vt 0.5362 0.9452
vt 0.5458 0.9452
vt 0.5450 0.9484
vt 0.5357 0.9484
vt 0.5837 0.9197
vt 0.5869 0.9198
vt 0.5870 0.9229
vt 0.5839 0.9227
vt 0.3965 0.9503
vt 0.4131 0.9511
vt 0.4116 0.9540
vt 0.3956 0.9533
vt 0.6666 0.9559
vt 0.6604 0.9573
vt 0.6605 0.9548
vt 0.6664 0.9535
vt 0.7116 0.9227
vt 0.7060 0.9244
vt 0.7044 0.9221
vt 0.7098 0.9204
vt 0.6480 0.9591
vt 0.6485 0.9565
vt 0.6956 0.9259
vt 0.6943 0.9235
vt 0.6791 0.9531
vt 0.6960 0.9528
vt 0.6969 0.9556
vt 0.6805 0.9560
vt 0.4437 0.9385
vt 0.4307 0.9454
vt 0.4304 0.9423
vt 0.4429 0.9357
vt 0.6703 0.9567
vt 0.6719 0.9596
vt 0.5789 0.9558
vt 0.5913 0.9568
vt 0.5909 0.9594
vt 0.5789 0.9589
vt 0.6845 0.9269
vt 0.6836 0.9245
vt 0.4123 0.9498
vt 0.3901 0.9481
vt 0.3912 0.9450
vt 0.4126 0.9465
vt 0.7309 0.9446
vt 0.7278 0.9446
vt 0.7276 0.9422
vt 0.7306 0.9422
vt 0.6783 0.9268
vt 0.6726 0.9268
vt 0.6721 0.9242
vt 0.6776 0.9243
vt 0.7115 0.9545
vt 0.7252 0.9569
vt 0.7251 0.9596
vt 0.7119 0.9572
vt 0.6600 0.9250
vt 0.6600 0.9226
vt 0.6946 0.9057
vt 0.7129 0.9101
vt 0.7125 0.9132
vt 0.6949 0.9090
vt 0.6102 0.9229
vt 0.5876 0.9229
vt 0.5879 0.9196
vt 0.6097 0.9196
vt 0.7328 0.9578
vt 0.7553 0.9578
vt 0.7548 0.9611
vt 0.7331 0.9611
vt 0.6252 0.9583
vt 0.6147 0.9568
vt 0.6163 0.9545
vt 0.6264 0.9559
vt 0.6076 0.9141
vt 0.6052 0.9090
vt 0.6081 0.9090
vt 0.6105 0.9140
vt 0.6508 0.9170
vt 0.6726 0.9074
vt 0.6736 0.9106
vt 0.6526 0.9198
vt 0.6421 0.9591
vt 0.6362 0.9592
vt 0.6371 0.9568
vt 0.6428 0.9566
vt 0.3682 0.9385
vt 0.3701 0.9357
vt 0.3816 0.9525
vt 0.3812 0.9554
vt 0.6876 0.8839
vt 0.6941 0.8839
vt 0.6933 0.8866
vt 0.6871 0.8866
vt 0.5505 0.9253
vt 0.5569 0.9242
vt 0.5578 0.9265
vt 0.5516 0.9278
vt 0.3682 0.9551
vt 0.3683 0.9578
vt 0.5726 0.9562
vt 0.5728 0.9594
vt 0.5686 0.9224
vt 0.5690 0.9250
vt 0.7258 0.9170
vt 0.7251 0.9198
vt 0.5974 0.9572
vt 0.5967 0.9598
vt 0.7022 0.8839
vt 0.7085 0.8839
vt 0.7090 0.8865
vt 0.7029 0.8865
vt 0.5134 0.8847
vt 0.5038 0.8847
vt 0.5033 0.8814
vt 0.5126 0.8814
vt 0.4218 0.9551
vt 0.4200 0.9578
vt 0.5695 0.9565
vt 0.5698 0.9596
vt 0.6539 0.9235
vt 0.6540 0.9212
vt 0.6697 0.9552
vt 0.6694 0.9528
vt 0.5741 0.9196
vt 0.5806 0.9196
vt 0.5809 0.9226
vt 0.5746 0.9223
vt 0.7167 0.8863
vt 0.7136 0.8863
vt 0.7139 0.8839
vt 0.7169 0.8839
vt 0.5663 0.9568
vt 0.5668 0.9598
vt 0.6508 0.9228
vt 0.6510 0.9204
vt 0.7016 0.8865
vt 0.6957 0.8865
vt 0.6947 0.8839
vt 0.7003 0.8839
vt 0.6090 0.9551
vt 0.6108 0.9528
vt 0.8801 0.7852
vt 0.8787 0.7739
vt 0.8895 0.7732
vt 0.8898 0.7852
vt 0.9008 0.7741
vt 0.9006 0.7863
vt 0.9110 0.7879
vt 0.9126 0.7763
vt 0.9016 0.7487
vt 0.9181 0.7485
vt 0.8862 0.7478
vt 0.9753 0.7850
vt 0.9652 0.7851
vt 0.9656 0.7727
vt 0.9765 0.7729
vt 0.9542 0.7862
vt 0.9542 0.7737
vt 0.9436 0.7874
vt 0.9425 0.7754
vt 0.9375 0.7486
vt 0.9534 0.7479
vt 0.9687 0.7468
vt 0.9834 0.7871
vt 0.8722 0.7876
vt 0.9220 0.7798
vt 0.9230 0.7618
vt 0.9210 0.7910
vt 0.9261 0.7912
vt 0.9210 0.7910
vt 0.8685 0.7876
vt 0.9276 0.7576
vt 0.9270 0.7799
vt 0.8997 0.7891
vt 0.8891 0.7879
vt 0.9103 0.7973
vt 0.9183 0.7979
vt 0.9186 0.7924
vt 0.9098 0.7906
vt 0.8900 0.7950
vt 0.9006 0.7961
vt 0.9746 0.7877
vt 0.9646 0.7880
vt 0.8804 0.7945
vt 0.9537 0.7891
vt 0.8746 0.7932
vt 0.9343 0.7981
vt 0.9337 0.7904
vt 0.9352 0.7920
vt 0.9356 0.7970
vt 0.9436 0.7903
vt 0.9428 0.7972
vt 0.8734 0.7892
vt 0.8796 0.7878
vt 0.9739 0.7945
vt 0.9746 0.7877
vt 0.9814 0.7886
vt 0.9804 0.7937
vt 0.9537 0.7891
vt 0.9526 0.7963
vt 0.9636 0.7953
vt 0.9006 0.7961
vt 0.8135 0.7892
vt 0.8133 0.7895
vt 0.8128 0.7893
vt 0.8132 0.7890
vt 0.8128 0.7887
vt 0.8126 0.7891
vt 0.8112 0.7887
vt 0.8116 0.7879
vt 0.8130 0.7898
vt 0.8122 0.7910
vt 0.8116 0.7904
vt 0.8127 0.7896
vt 0.8119 0.7895
vt 0.8114 0.7900
vt 0.8112 0.7896
vt 0.8112 0.7892
vt 0.8134 0.7885
vt 0.8137 0.7888
vt 0.8139 0.7885
vt 0.8136 0.7883
vt 0.8139 0.7869
vt 0.8147 0.7873
vt 0.8122 0.7873
vt 0.8131 0.7884
vt 0.8132 0.7876
vt 0.8126 0.7871
vt 0.8130 0.7869
vt 0.8135 0.7869
vt 0.8141 0.7890
vt 0.8138 0.7894
vt 0.8141 0.7896
vt 0.8143 0.7893
vt 0.8157 0.7896
vt 0.8153 0.7904
vt 0.8154 0.7879
vt 0.8142 0.7888
vt 0.8151 0.7889
vt 0.8156 0.7883
vt 0.8158 0.7887
vt 0.8157 0.7892
vt 0.8136 0.7898
vt 0.8134 0.7900
vt 0.8130 0.7914
vt 0.8147 0.7911
vt 0.8139 0.7899
vt 0.8138 0.7908
vt 0.8143 0.7913
vt 0.8139 0.7915
vt 0.8135 0.7914
vt 0.8129 0.7865
vt 0.8135 0.7865
vt 0.8157 0.7907
vt 0.8150 0.7914
vt 0.8162 0.7886
vt 0.8162 0.7892
vt 0.8125 0.7867
vt 0.8140 0.7919
vt 0.8135 0.7919
vt 0.8130 0.7918
vt 0.8145 0.7917
vt 0.8140 0.7865
vt 0.8157 0.7877
vt 0.8160 0.7882
vt 0.8120 0.7914
vt 0.8150 0.7870
vt 0.8112 0.7906
vt 0.8110 0.7902
vt 0.8108 0.7897
vt 0.8108 0.7892
vt 0.8108 0.7886
vt 0.8161 0.7897
vt 0.8113 0.7877
vt 0.8120 0.7869
vt 0.8135 0.7953
vt 0.8138 0.7955
vt 0.8136 0.7959
vt 0.8133 0.7956
vt 0.8130 0.7959
vt 0.8134 0.7961
vt 0.8130 0.7975
vt 0.8122 0.7971
vt 0.8141 0.7957
vt 0.8153 0.7965
vt 0.8147 0.7972
vt 0.8139 0.7960
vt 0.8138 0.7969
vt 0.8143 0.7974
vt 0.8139 0.7975
vt 0.8135 0.7975
vt 0.8128 0.7954
vt 0.8132 0.7950
vt 0.8128 0.7948
vt 0.8126 0.7952
vt 0.8112 0.7948
vt 0.8116 0.7940
vt 0.8116 0.7965
vt 0.8127 0.7957
vt 0.8119 0.7956
vt 0.8114 0.7961
vt 0.8112 0.7957
vt 0.8112 0.7953
vt 0.8134 0.7946
vt 0.8137 0.7949
vt 0.8139 0.7946
vt 0.8136 0.7944
vt 0.8139 0.7930
vt 0.8147 0.7934
vt 0.8122 0.7933
vt 0.8131 0.7945
vt 0.8132 0.7937
vt 0.8126 0.7931
vt 0.8130 0.7930
vt 0.8135 0.7930
vt 0.8141 0.7951
vt 0.8143 0.7953
vt 0.8157 0.7957
vt 0.8154 0.7940
vt 0.8142 0.7949
vt 0.8151 0.7949
vt 0.8156 0.7944
vt 0.8158 0.7948
vt 0.8157 0.7953
vt 0.8108 0.7958
vt 0.8108 0.7953
vt 0.8150 0.7930
vt 0.8157 0.7938
vt 0.8129 0.7925
vt 0.8135 0.7925
vt 0.8110 0.7963
vt 0.8162 0.7947
vt 0.8162 0.7953
vt 0.8161 0.7958
vt 0.8160 0.7942
vt 0.8108 0.7947
vt 0.8120 0.7930
vt 0.8125 0.7927
vt 0.8157 0.7968
vt 0.8113 0.7938
vt 0.8150 0.7975
vt 0.8145 0.7978
vt 0.8140 0.7980
vt 0.8135 0.7980
vt 0.8130 0.7979
vt 0.8140 0.7926
vt 0.8120 0.7975
vt 0.8112 0.7967
vt 0.8211 0.7838
vt 0.8213 0.7835
vt 0.8217 0.7837
vt 0.8214 0.7840
vt 0.8215 0.7831
vt 0.8223 0.7820
vt 0.8230 0.7826
vt 0.8218 0.7834
vt 0.8217 0.7843
vt 0.8219 0.7839
vt 0.8233 0.7842
vt 0.8229 0.7851
vt 0.8227 0.7835
vt 0.8232 0.7830
vt 0.8234 0.7834
vt 0.8233 0.7838
vt 0.8207 0.7836
vt 0.8209 0.7832
vt 0.8204 0.7834
vt 0.8192 0.7826
vt 0.8198 0.7819
vt 0.8207 0.7830
vt 0.8212 0.7829
vt 0.8215 0.7816
vt 0.8208 0.7822
vt 0.8202 0.7817
vt 0.8206 0.7815
vt 0.8211 0.7815
vt 0.8209 0.7841
vt 0.8204 0.7839
vt 0.8206 0.7845
vt 0.8198 0.7857
vt 0.8192 0.7850
vt 0.8203 0.7842
vt 0.8202 0.7837
vt 0.8188 0.7834
vt 0.8195 0.7841
vt 0.8190 0.7846
vt 0.8188 0.7842
vt 0.8188 0.7838
vt 0.8212 0.7844
vt 0.8223 0.7857
vt 0.8215 0.7846
vt 0.8210 0.7847
vt 0.8206 0.7860
vt 0.8214 0.7854
vt 0.8219 0.7859
vt 0.8215 0.7861
vt 0.8211 0.7861
vt 0.8201 0.7813
vt 0.8205 0.7811
vt 0.8205 0.7865
vt 0.8196 0.7860
vt 0.8186 0.7848
vt 0.8184 0.7843
vt 0.8211 0.7811
vt 0.8221 0.7863
vt 0.8216 0.7865
vt 0.8225 0.7861
vt 0.8211 0.7865
vt 0.8196 0.7815
vt 0.8184 0.7838
vt 0.8184 0.7833
vt 0.8233 0.7853
vt 0.8189 0.7823
vt 0.8237 0.7843
vt 0.8238 0.7833
vt 0.8238 0.7838
vt 0.8233 0.7823
vt 0.8236 0.7828
vt 0.8188 0.7853
vt 0.8226 0.7816
vt 0.8216 0.7811
vt 0.8032 0.7965
vt 0.8030 0.7968
vt 0.8026 0.7966
vt 0.8029 0.7963
vt 0.8028 0.7972
vt 0.8020 0.7984
vt 0.8013 0.7978
vt 0.8024 0.7969
vt 0.8025 0.7961
vt 0.8023 0.7964
vt 0.8010 0.7961
vt 0.8014 0.7953
vt 0.8016 0.7968
vt 0.8011 0.7974
vt 0.8009 0.7970
vt 0.8009 0.7965
vt 0.8035 0.7967
vt 0.8033 0.7972
vt 0.8039 0.7970
vt 0.8051 0.7978
vt 0.8044 0.7984
vt 0.8036 0.7973
vt 0.8031 0.7974
vt 0.8028 0.7988
vt 0.8035 0.7981
vt 0.8040 0.7986
vt 0.8036 0.7988
vt 0.8032 0.7988
vt 0.8034 0.7962
vt 0.8038 0.7964
vt 0.8037 0.7958
vt 0.8045 0.7947
vt 0.8051 0.7953
vt 0.8040 0.7961
vt 0.8041 0.7966
vt 0.8054 0.7969
vt 0.8048 0.7962
vt 0.8053 0.7957
vt 0.8055 0.7961
vt 0.8055 0.7965
vt 0.8031 0.7959
vt 0.8020 0.7946
vt 0.8028 0.7958
vt 0.8033 0.7957
vt 0.8036 0.7943
vt 0.8029 0.7949
vt 0.8024 0.7944
vt 0.8028 0.7942
vt 0.8032 0.7942
vt 0.8042 0.7990
vt 0.8037 0.7992
vt 0.8037 0.7939
vt 0.8047 0.7943
vt 0.8057 0.7955
vt 0.8059 0.7960
vt 0.8032 0.7992
vt 0.8022 0.7940
vt 0.8027 0.7938
vt 0.8017 0.7943
vt 0.8032 0.7938
vt 0.8047 0.7988
vt 0.8059 0.7965
vt 0.8059 0.7970
vt 0.8010 0.7950
vt 0.8054 0.7980
vt 0.8005 0.7960
vt 0.8005 0.7970
vt 0.8005 0.7965
vt 0.8009 0.7980
vt 0.8007 0.7975
vt 0.8055 0.7950
vt 0.8017 0.7987
vt 0.8027 0.7992
vt 0.8393 0.7963
vt 0.8391 0.7966
vt 0.8387 0.7964
vt 0.8390 0.7960
vt 0.8386 0.7958
vt 0.8384 0.7962
vt 0.8371 0.7958
vt 0.8374 0.7950
vt 0.8388 0.7969
vt 0.8380 0.7981
vt 0.8374 0.7975
vt 0.8385 0.7967
vt 0.8377 0.7966
vt 0.8372 0.7971
vt 0.8370 0.7967
vt 0.8370 0.7963
vt 0.8392 0.7956
vt 0.8395 0.7959
vt 0.8398 0.7956
vt 0.8394 0.7954
vt 0.8397 0.7940
vt 0.8405 0.7944
vt 0.8381 0.7943
vt 0.8389 0.7955
vt 0.8390 0.7947
vt 0.8385 0.7942
vt 0.8389 0.7940
vt 0.8393 0.7940
vt 0.8399 0.7961
vt 0.8396 0.7965
vt 0.8400 0.7967
vt 0.8402 0.7963
vt 0.8415 0.7967
vt 0.8412 0.7975
vt 0.8412 0.7950
vt 0.8401 0.7959
vt 0.8409 0.7959
vt 0.8414 0.7954
vt 0.8416 0.7958
vt 0.8416 0.7963
vt 0.8394 0.7969
vt 0.8392 0.7971
vt 0.8389 0.7985
vt 0.8405 0.7982
vt 0.8397 0.7970
vt 0.8396 0.7979
vt 0.8401 0.7984
vt 0.8397 0.7985
vt 0.8393 0.7985
vt 0.8388 0.7935
vt 0.8393 0.7935
vt 0.8415 0.7978
vt 0.8408 0.7985
vt 0.8420 0.7957
vt 0.8420 0.7963
vt 0.8383 0.7937
vt 0.8398 0.7990
vt 0.8393 0.7990
vt 0.8388 0.7989
vt 0.8403 0.7988
vt 0.8398 0.7936
vt 0.8416 0.7948
vt 0.8418 0.7952
vt 0.8378 0.7985
vt 0.8408 0.7940
vt 0.8370 0.7977
vt 0.8368 0.7973
vt 0.8366 0.7968
vt 0.8366 0.7963
vt 0.8366 0.7957
vt 0.8420 0.7968
vt 0.8371 0.7948
vt 0.8378 0.7940
vt 0.8319 0.7808
vt 0.8316 0.7812
vt 0.8312 0.7810
vt 0.8315 0.7806
vt 0.8312 0.7804
vt 0.8310 0.7807
vt 0.8296 0.7804
vt 0.8300 0.7796
vt 0.8314 0.7815
vt 0.8306 0.7827
vt 0.8299 0.7821
vt 0.8311 0.7812
vt 0.8303 0.7811
vt 0.8297 0.7817
vt 0.8296 0.7813
vt 0.8296 0.7808
vt 0.8317 0.7802
vt 0.8321 0.7805
vt 0.8323 0.7802
vt 0.8319 0.7800
vt 0.8323 0.7786
vt 0.8331 0.7790
vt 0.8306 0.7789
vt 0.8314 0.7801
vt 0.8315 0.7792
vt 0.8310 0.7787
vt 0.8314 0.7785
vt 0.8318 0.7786
vt 0.8325 0.7807
vt 0.8322 0.7810
vt 0.8325 0.7813
vt 0.8327 0.7809
vt 0.8341 0.7813
vt 0.8337 0.7821
vt 0.8338 0.7796
vt 0.8326 0.7804
vt 0.8335 0.7805
vt 0.8340 0.7800
vt 0.8341 0.7804
vt 0.8341 0.7808
vt 0.8320 0.7815
vt 0.8318 0.7817
vt 0.8314 0.7831
vt 0.8331 0.7827
vt 0.8323 0.7816
vt 0.8322 0.7824
vt 0.8327 0.7829
vt 0.8323 0.7831
vt 0.8319 0.7831
vt 0.8313 0.7781
vt 0.8319 0.7781
vt 0.8341 0.7823
vt 0.8333 0.7831
vt 0.8346 0.7803
vt 0.8346 0.7808
vt 0.8308 0.7783
vt 0.8324 0.7835
vt 0.8318 0.7835
vt 0.8313 0.7835
vt 0.8329 0.7833
vt 0.8324 0.7782
vt 0.8341 0.7794
vt 0.8344 0.7798
vt 0.8304 0.7830
vt 0.8333 0.7786
vt 0.8296 0.7823
vt 0.8293 0.7818
vt 0.8291 0.7814
vt 0.8291 0.7808
vt 0.8292 0.7803
vt 0.8345 0.7814
vt 0.8296 0.7793
vt 0.8304 0.7786
vt 0.8032 0.7904
vt 0.8034 0.7901
vt 0.8038 0.7903
vt 0.8035 0.7906
vt 0.8037 0.7898
vt 0.8045 0.7886
vt 0.8051 0.7892
vt 0.8040 0.7900
vt 0.8039 0.7909
vt 0.8041 0.7905
vt 0.8054 0.7909
vt 0.8051 0.7917
vt 0.8048 0.7901
vt 0.8053 0.7896
vt 0.8055 0.7900
vt 0.8055 0.7904
vt 0.8029 0.7902
vt 0.8031 0.7898
vt 0.8025 0.7900
vt 0.8014 0.7892
vt 0.8020 0.7885
vt 0.8028 0.7897
vt 0.8033 0.7896
vt 0.8036 0.7882
vt 0.8029 0.7888
vt 0.8024 0.7883
vt 0.8028 0.7881
vt 0.8032 0.7882
vt 0.8030 0.7907
vt 0.8026 0.7906
vt 0.8028 0.7911
vt 0.8020 0.7923
vt 0.8013 0.7917
vt 0.8024 0.7908
vt 0.8023 0.7903
vt 0.8010 0.7900
vt 0.8016 0.7907
vt 0.8011 0.7913
vt 0.8009 0.7909
vt 0.8009 0.7904
vt 0.8033 0.7911
vt 0.8044 0.7923
vt 0.8036 0.7912
vt 0.8031 0.7913
vt 0.8028 0.7927
vt 0.8035 0.7920
vt 0.8040 0.7925
vt 0.8036 0.7927
vt 0.8032 0.7927
vt 0.8022 0.7879
vt 0.8027 0.7877
vt 0.8027 0.7931
vt 0.8017 0.7926
vt 0.8007 0.7914
vt 0.8005 0.7910
vt 0.8032 0.7877
vt 0.8042 0.7929
vt 0.8037 0.7931
vt 0.8047 0.7927
vt 0.8032 0.7931
vt 0.8017 0.7882
vt 0.8005 0.7904
vt 0.8005 0.7899
vt 0.8054 0.7919
vt 0.8010 0.7889
vt 0.8059 0.7910
vt 0.8059 0.7899
vt 0.8059 0.7904
vt 0.8055 0.7890
vt 0.8057 0.7894
vt 0.8009 0.7919
vt 0.8047 0.7882
vt 0.8037 0.7878
vt 0.8211 0.7899
vt 0.8213 0.7896
vt 0.8217 0.7898
vt 0.8214 0.7901
vt 0.8215 0.7892
vt 0.8223 0.7880
vt 0.8230 0.7887
vt 0.8218 0.7895
vt 0.8217 0.7903
vt 0.8219 0.7900
vt 0.8233 0.7903
vt 0.8229 0.7911
vt 0.8227 0.7896
vt 0.8232 0.7890
vt 0.8234 0.7894
vt 0.8233 0.7899
vt 0.8207 0.7897
vt 0.8209 0.7893
vt 0.8204 0.7894
vt 0.8192 0.7886
vt 0.8198 0.7880
vt 0.8207 0.7891
vt 0.8212 0.7890
vt 0.8215 0.7877
vt 0.8208 0.7883
vt 0.8202 0.7878
vt 0.8206 0.7876
vt 0.8211 0.7876
vt 0.8209 0.7902
vt 0.8204 0.7900
vt 0.8206 0.7906
vt 0.8198 0.7917
vt 0.8192 0.7911
vt 0.8203 0.7903
vt 0.8202 0.7898
vt 0.8188 0.7895
vt 0.8195 0.7902
vt 0.8190 0.7907
vt 0.8188 0.7903
vt 0.8188 0.7899
vt 0.8212 0.7905
vt 0.8223 0.7918
vt 0.8215 0.7907
vt 0.8210 0.7908
vt 0.8206 0.7921
vt 0.8214 0.7915
vt 0.8219 0.7920
vt 0.8215 0.7922
vt 0.8211 0.7922
vt 0.8201 0.7874
vt 0.8205 0.7872
vt 0.8205 0.7925
vt 0.8196 0.7921
vt 0.8186 0.7909
vt 0.8184 0.7904
vt 0.8211 0.7872
vt 0.8221 0.7924
vt 0.8216 0.7926
vt 0.8225 0.7922
vt 0.8211 0.7926
vt 0.8196 0.7876
vt 0.8184 0.7899
vt 0.8184 0.7894
vt 0.8233 0.7914
vt 0.8189 0.7884
vt 0.8237 0.7904
vt 0.8238 0.7894
vt 0.8238 0.7899
vt 0.8233 0.7884
vt 0.8236 0.7889
vt 0.8188 0.7914
vt 0.8226 0.7877
vt 0.8216 0.7872
vt 0.8959 0.9213
vt 0.8846 0.9246
vt 0.8843 0.9209
vt 0.8957 0.9177
vt 0.9075 0.9150
vt 0.9077 0.9185
vt 0.9075 0.9222
vt 0.8960 0.9250
vt 0.8849 0.9283
vt 0.8759 0.9270
vt 0.8691 0.9287
vt 0.8686 0.9255
vt 0.8756 0.9235
vt 0.8763 0.9305
vt 0.8695 0.9319
vt 0.9341 0.9204
vt 0.9263 0.9183
vt 0.9261 0.9145
vt 0.9340 0.9164
vt 0.9420 0.9198
vt 0.9421 0.9240
vt 0.9418 0.9286
vt 0.9339 0.9248
vt 0.9261 0.9225
vt 0.9512 0.9294
vt 0.9510 0.9250
vt 0.9598 0.9309
vt 0.9600 0.9355
vt 0.9599 0.9406
vt 0.9509 0.9344
vt 0.9176 0.9176
vt 0.9175 0.9140
vt 0.9174 0.9215
vt 0.9095 0.8830
vt 0.9106 0.8795
vt 0.9211 0.8846
vt 0.9199 0.8881
vt 0.9188 0.8919
vt 0.9086 0.8867
vt 0.8976 0.8821
vt 0.8983 0.8783
vt 0.8992 0.8748
vt 0.9274 0.8913
vt 0.9285 0.8880
vt 0.9344 0.8901
vt 0.9332 0.8932
vt 0.9321 0.8963
vt 0.9262 0.8948
vt 0.8705 0.8774
vt 0.8714 0.8730
vt 0.8803 0.8726
vt 0.8794 0.8768
vt 0.8786 0.8814
vt 0.8699 0.8824
vt 0.8606 0.8849
vt 0.8610 0.8796
vt 0.8617 0.8750
vt 0.8497 0.8844
vt 0.8504 0.8794
vt 0.8492 0.8901
vt 0.8384 0.8955
vt 0.8388 0.8897
vt 0.8395 0.8846
vt 0.8885 0.8767
vt 0.8894 0.8729
vt 0.8877 0.8808
vt 0.9118 0.8764
vt 0.9223 0.8816
vt 0.9005 0.8718
vt 0.9019 0.8690
vt 0.9131 0.8737
vt 0.9236 0.8787
vt 0.9278 0.8437
vt 0.9290 0.8413
vt 0.9372 0.8446
vt 0.9361 0.8475
vt 0.9350 0.8504
vt 0.9267 0.8460
vt 0.9173 0.8415
vt 0.9185 0.8395
vt 0.9196 0.8375
vt 0.9389 0.8944
vt 0.9378 0.8975
vt 0.9401 0.8914
vt 0.9455 0.8927
vt 0.9444 0.8957
vt 0.9432 0.8987
vt 0.9517 0.8916
vt 0.9564 0.8934
vt 0.9553 0.8963
vt 0.9506 0.8945
vt 0.9455 0.8927
vt 0.9467 0.8898
vt 0.9478 0.8869
vt 0.9528 0.8887
vt 0.9574 0.8905
vt 0.9608 0.8586
vt 0.9605 0.8543
vt 0.9687 0.8583
vt 0.9696 0.8625
vt 0.9705 0.8668
vt 0.9611 0.8629
vt 0.9512 0.8587
vt 0.9516 0.8546
vt 0.9520 0.8505
vt 0.9075 0.8347
vt 0.9086 0.8329
vt 0.9064 0.8366
vt 0.8961 0.8326
vt 0.8970 0.8307
vt 0.8979 0.8288
vt 0.9297 0.8850
vt 0.9356 0.8872
vt 0.9310 0.8821
vt 0.9368 0.8843
vt 0.8514 0.9270
vt 0.8566 0.9253
vt 0.8573 0.9284
vt 0.8522 0.9300
vt 0.8474 0.9313
vt 0.8466 0.9283
vt 0.8458 0.9253
vt 0.8506 0.9239
vt 0.8559 0.9222
vt 0.9437 0.8510
vt 0.9446 0.8475
vt 0.9428 0.8546
vt 0.8951 0.9143
vt 0.9067 0.9119
vt 0.8839 0.9173
vt 0.8836 0.9138
vt 0.8944 0.9111
vt 0.9055 0.9090
vt 0.8890 0.8287
vt 0.8896 0.8265
vt 0.8885 0.8308
vt 0.8823 0.8305
vt 0.8825 0.8281
vt 0.8828 0.8256
vt 0.9662 0.9331
vt 0.9717 0.9366
vt 0.9726 0.9400
vt 0.9672 0.9365
vt 0.9598 0.9309
vt 0.9589 0.9274
vt 0.9565 0.9227
vt 0.9658 0.9303
vt 0.9701 0.9334
vt 0.9758 0.9434
vt 0.9728 0.9440
vt 0.9726 0.9400
vt 0.9759 0.9394
vt 0.9780 0.9368
vt 0.9777 0.9409
vt 0.9768 0.9455
vt 0.9753 0.9478
vt 0.9725 0.9484
vt 0.9674 0.9409
vt 0.9672 0.9457
vt 0.9764 0.8660
vt 0.9774 0.8702
vt 0.9754 0.8618
vt 0.9814 0.8652
vt 0.9822 0.8693
vt 0.9830 0.8733
vt 0.8306 0.8934
vt 0.8311 0.8887
vt 0.8305 0.8988
vt 0.8241 0.9010
vt 0.8237 0.8964
vt 0.8239 0.8922
vt 0.9797 0.9006
vt 0.9802 0.9030
vt 0.9792 0.9059
vt 0.9787 0.9036
vt 0.9774 0.9017
vt 0.9784 0.8988
vt 0.9794 0.8958
vt 0.9807 0.8977
vt 0.9811 0.9001
vt 0.8765 0.8285
vt 0.8767 0.8259
vt 0.8762 0.8310
vt 0.8703 0.8321
vt 0.8707 0.8295
vt 0.8711 0.8269
vt 0.8632 0.9301
vt 0.8627 0.9270
vt 0.8637 0.9331
vt 0.8585 0.9344
vt 0.8579 0.9314
vt 0.8573 0.9284
vt 0.9413 0.8885
vt 0.9424 0.8857
vt 0.8436 0.9348
vt 0.8430 0.9318
vt 0.8474 0.9313
vt 0.8480 0.9343
vt 0.8486 0.9372
vt 0.8442 0.9377
vt 0.8402 0.9379
vt 0.8396 0.9350
vt 0.8389 0.9320
vt 0.8528 0.9330
vt 0.8534 0.9360
vt 0.8651 0.8309
vt 0.8656 0.8283
vt 0.8647 0.8336
vt 0.8593 0.8358
vt 0.8598 0.8332
vt 0.8602 0.8305
vt 0.9494 0.8975
vt 0.9482 0.9004
vt 0.9541 0.8992
vt 0.9528 0.9022
vt 0.8448 0.8447
vt 0.8453 0.8420
vt 0.8501 0.8379
vt 0.8496 0.8406
vt 0.8492 0.8433
vt 0.8444 0.8474
vt 0.8396 0.8520
vt 0.8399 0.8493
vt 0.8402 0.8466
vt 0.8546 0.8366
vt 0.8551 0.8339
vt 0.8541 0.8392
vt 0.9583 0.9003
vt 0.9571 0.9032
vt 0.9595 0.8974
vt 0.9635 0.8982
vt 0.9623 0.9012
vt 0.9611 0.9041
vt 0.8907 0.8698
vt 0.8816 0.8694
vt 0.8831 0.8667
vt 0.8921 0.8670
vt 0.8324 0.8852
vt 0.8408 0.8810
vt 0.8251 0.8889
vt 0.8268 0.8860
vt 0.8341 0.8823
vt 0.8425 0.8782
vt 0.9660 0.9023
vt 0.9648 0.9053
vt 0.9671 0.8993
vt 0.9708 0.9003
vt 0.9696 0.9033
vt 0.9685 0.9063
vt 0.8752 0.9200
vt 0.8682 0.9222
vt 0.8678 0.9188
vt 0.8749 0.9164
vt 0.8357 0.9355
vt 0.8351 0.9325
vt 0.8362 0.9385
vt 0.8322 0.9390
vt 0.8317 0.9360
vt 0.8311 0.9330
vt 0.9777 0.9065
vt 0.9782 0.9088
vt 0.9772 0.9117
vt 0.9766 0.9095
vt 0.9752 0.9078
vt 0.9763 0.9047
vt 0.8272 0.9364
vt 0.8266 0.9334
vt 0.8278 0.9394
vt 0.8232 0.9396
vt 0.8226 0.9367
vt 0.8219 0.9338
vt 0.8346 0.8547
vt 0.8346 0.8523
vt 0.8347 0.8571
vt 0.8297 0.8626
vt 0.8292 0.8605
vt 0.8287 0.8585
vt 0.9734 0.9039
vt 0.9722 0.9069
vt 0.9745 0.9009
vt 0.8439 0.9725
vt 0.8449 0.9684
vt 0.8539 0.9654
vt 0.8537 0.9693
vt 0.8534 0.9733
vt 0.8429 0.9765
vt 0.8317 0.9799
vt 0.8336 0.9758
vt 0.8354 0.9716
vt 0.8793 0.9604
vt 0.8781 0.9575
vt 0.8878 0.9547
vt 0.8890 0.9571
vt 0.8902 0.9594
vt 0.8804 0.9634
vt 0.8715 0.9673
vt 0.8706 0.9637
vt 0.8696 0.9602
vt 0.8623 0.9666
vt 0.8618 0.9627
vt 0.8627 0.9704
vt 0.9196 0.9501
vt 0.9184 0.9483
vt 0.9256 0.9476
vt 0.9262 0.9498
vt 0.9268 0.9520
vt 0.9207 0.9520
vt 0.9129 0.9533
vt 0.9113 0.9516
vt 0.9098 0.9500
vt 0.9670 0.9281
vt 0.9604 0.9232
vt 0.9624 0.9218
vt 0.9692 0.9261
vt 0.9745 0.9301
vt 0.9724 0.9325
vt 0.9004 0.9540
vt 0.8990 0.9522
vt 0.9019 0.9559
vt 0.9435 0.9551
vt 0.9437 0.9570
vt 0.9384 0.9549
vt 0.9381 0.9528
vt 0.9378 0.9507
vt 0.9433 0.9533
vt 0.9483 0.9563
vt 0.9485 0.9581
vt 0.9488 0.9598
vt 0.9323 0.9508
vt 0.9327 0.9531
vt 0.9320 0.9486
vt 0.9531 0.9617
vt 0.9534 0.9639
vt 0.9528 0.9594
vt 0.9569 0.9631
vt 0.9573 0.9658
vt 0.9576 0.9686
vt 0.9699 0.9814
vt 0.9698 0.9841
vt 0.9657 0.9785
vt 0.9655 0.9756
vt 0.9653 0.9727
vt 0.9701 0.9787
vt 0.9752 0.9852
vt 0.9745 0.9875
vt 0.9739 0.9899
vt 0.9613 0.9704
vt 0.9617 0.9734
vt 0.9610 0.9675
vt 0.8423 0.9288
vt 0.8383 0.9290
vt 0.8376 0.9260
vt 0.8415 0.9258
vt 0.8260 0.9304
vt 0.8305 0.9300
vt 0.8213 0.9308
vt 0.8207 0.9278
vt 0.8254 0.9274
vt 0.8299 0.9270
vt 0.9331 0.9132
vt 0.9411 0.9165
vt 0.9252 0.9114
vt 0.9239 0.9086
vt 0.9317 0.9104
vt 0.9397 0.9137
vt 0.8621 0.9239
vt 0.8615 0.9206
vt 0.9755 0.8979
vt 0.9718 0.8973
vt 0.9728 0.8944
vt 0.9765 0.8950
vt 0.8727 0.8697
vt 0.8629 0.8716
vt 0.8645 0.8689
vt 0.8742 0.8670
vt 0.9682 0.8964
vt 0.9645 0.8953
vt 0.9655 0.8924
vt 0.9692 0.8934
vt 0.9606 0.8945
vt 0.9616 0.8915
vt 0.8345 0.9295
vt 0.8338 0.9265
vt 0.9501 0.9216
vt 0.9488 0.9187
vt 0.9750 0.9360
vt 0.9772 0.9334
vt 0.9165 0.9109
vt 0.9153 0.9082
vt 0.8517 0.8759
vt 0.8533 0.8731
vt 0.9089 0.8899
vt 0.9097 0.8868
vt 0.9205 0.8916
vt 0.9197 0.8946
vt 0.9192 0.8976
vt 0.9085 0.8932
vt 0.8972 0.8893
vt 0.8975 0.8857
vt 0.8953 0.8802
vt 0.9279 0.8983
vt 0.9288 0.8954
vt 0.9353 0.8983
vt 0.9343 0.9012
vt 0.9334 0.9042
vt 0.9271 0.9013
vt 0.8705 0.8838
vt 0.8709 0.8793
vt 0.8792 0.8788
vt 0.8788 0.8829
vt 0.8784 0.8871
vt 0.8701 0.8882
vt 0.8614 0.8903
vt 0.8618 0.8858
vt 0.8622 0.8814
vt 0.8519 0.8890
vt 0.8522 0.8850
vt 0.8516 0.8931
vt 0.8418 0.8965
vt 0.8421 0.8930
vt 0.8446 0.8874
vt 0.8877 0.8835
vt 0.8881 0.8796
vt 0.8873 0.8874
vt 0.8924 0.9254
vt 0.8815 0.9292
vt 0.8808 0.9255
vt 0.8918 0.9217
vt 0.9037 0.9184
vt 0.9041 0.9221
vt 0.9044 0.9260
vt 0.8928 0.9293
vt 0.8821 0.9332
vt 0.8737 0.9314
vt 0.8676 0.9324
vt 0.8669 0.9292
vt 0.8729 0.9279
vt 0.8744 0.9351
vt 0.8684 0.9358
vt 0.9323 0.9243
vt 0.9235 0.9226
vt 0.9231 0.9182
vt 0.9320 0.9198
vt 0.9415 0.9229
vt 0.9418 0.9276
vt 0.9417 0.9329
vt 0.9324 0.9293
vt 0.9237 0.9275
vt 0.9528 0.9336
vt 0.9526 0.9285
vt 0.9631 0.9348
vt 0.9632 0.9401
vt 0.9629 0.9461
vt 0.9526 0.9394
vt 0.9143 0.9215
vt 0.9139 0.9175
vt 0.9145 0.9259
vt 0.8910 0.9184
vt 0.8799 0.9222
vt 0.8790 0.9192
vt 0.8901 0.9154
vt 0.9019 0.9121
vt 0.9029 0.9151
vt 0.8875 0.8404
vt 0.8784 0.8431
vt 0.8778 0.8400
vt 0.8867 0.8379
vt 0.8967 0.8354
vt 0.8975 0.8375
vt 0.8984 0.8396
vt 0.8883 0.8430
vt 0.8791 0.8462
vt 0.8619 0.9328
vt 0.8627 0.9360
vt 0.8573 0.9364
vt 0.8564 0.9332
vt 0.8556 0.9301
vt 0.8611 0.9297
vt 0.8497 0.9281
vt 0.8504 0.9312
vt 0.8457 0.9322
vt 0.8449 0.9291
vt 0.8442 0.9261
vt 0.8489 0.9251
vt 0.8541 0.9240
vt 0.8548 0.9270
vt 0.8556 0.9301
vt 0.8506 0.8514
vt 0.8407 0.8553
vt 0.8424 0.8516
vt 0.8516 0.8473
vt 0.8611 0.8437
vt 0.8610 0.8479
vt 0.8608 0.8521
vt 0.8496 0.8555
vt 0.8390 0.8591
vt 0.9090 0.8343
vt 0.9084 0.8322
vt 0.9195 0.8296
vt 0.9199 0.8318
vt 0.9203 0.8340
vt 0.9097 0.8363
vt 0.8721 0.9247
vt 0.8661 0.9261
vt 0.8652 0.9230
vt 0.8713 0.9217
vt 0.9518 0.9016
vt 0.9507 0.9045
vt 0.9459 0.9023
vt 0.9471 0.8995
vt 0.9483 0.8966
vt 0.9530 0.8987
vt 0.9575 0.9005
vt 0.9563 0.9034
vt 0.9552 0.9063
vt 0.8699 0.8453
vt 0.8696 0.8415
vt 0.8703 0.8491
vt 0.9110 0.8839
vt 0.8991 0.8786
vt 0.9010 0.8761
vt 0.9126 0.8813
vt 0.9231 0.8859
vt 0.9217 0.8887
vt 0.9279 0.8311
vt 0.9279 0.8288
vt 0.9345 0.8293
vt 0.9344 0.8318
vt 0.9342 0.8343
vt 0.9280 0.8335
vt 0.8351 0.8899
vt 0.8342 0.8937
vt 0.8281 0.8964
vt 0.8289 0.8925
vt 0.8309 0.8893
vt 0.8356 0.8866
vt 0.8465 0.8821
vt 0.8429 0.8857
vt 0.8446 0.8874
vt 0.8248 0.8993
vt 0.8251 0.8955
vt 0.8281 0.8964
vt 0.8277 0.8999
vt 0.8276 0.9033
vt 0.8247 0.9033
vt 0.8234 0.9018
vt 0.8233 0.8971
vt 0.8237 0.8929
vt 0.8338 0.8972
vt 0.8336 0.9005
vt 0.8331 0.8592
vt 0.8314 0.8627
vt 0.8254 0.8662
vt 0.8266 0.8631
vt 0.8278 0.8599
vt 0.8347 0.8558
vt 0.9709 0.9448
vt 0.9710 0.9400
vt 0.9775 0.9445
vt 0.9772 0.9487
vt 0.9764 0.9533
vt 0.9703 0.9503
vt 0.8226 0.9312
vt 0.8232 0.9342
vt 0.8223 0.9367
vt 0.8217 0.9337
vt 0.8211 0.9306
vt 0.8219 0.9281
vt 0.8234 0.9264
vt 0.8241 0.9294
vt 0.8247 0.9325
vt 0.9403 0.8333
vt 0.9404 0.8307
vt 0.9458 0.8329
vt 0.9458 0.8355
vt 0.9459 0.8381
vt 0.9402 0.8359
vt 0.9398 0.9033
vt 0.9409 0.9004
vt 0.9459 0.9023
vt 0.9448 0.9052
vt 0.9437 0.9081
vt 0.9388 0.9063
vt 0.8603 0.9266
vt 0.8595 0.9236
vt 0.9582 0.9099
vt 0.9541 0.9091
vt 0.9552 0.9063
vt 0.9594 0.9071
vt 0.9632 0.9075
vt 0.9621 0.9104
vt 0.9610 0.9132
vt 0.9572 0.9127
vt 0.9530 0.9119
vt 0.9496 0.9073
vt 0.9485 0.9102
vt 0.9512 0.8381
vt 0.9511 0.8355
vt 0.9561 0.8388
vt 0.9562 0.8414
vt 0.9563 0.8441
vt 0.9513 0.8407
vt 0.8513 0.9343
vt 0.8522 0.9374
vt 0.8475 0.9383
vt 0.8466 0.9352
vt 0.9693 0.8561
vt 0.9652 0.8509
vt 0.9651 0.8482
vt 0.9692 0.8533
vt 0.9735 0.8591
vt 0.9734 0.8617
vt 0.9734 0.8643
vt 0.9694 0.8588
vt 0.9653 0.8536
vt 0.9608 0.8459
vt 0.9607 0.8432
vt 0.9609 0.8485
vt 0.8424 0.9355
vt 0.8433 0.9386
vt 0.8395 0.9386
vt 0.8386 0.9355
vt 0.8377 0.9324
vt 0.8415 0.9324
vt 0.9131 0.9142
vt 0.9120 0.9112
vt 0.9212 0.9118
vt 0.9223 0.9148
vt 0.9701 0.9363
vt 0.9622 0.9311
vt 0.9608 0.9280
vt 0.9687 0.9333
vt 0.9753 0.9379
vt 0.9767 0.9411
vt 0.8350 0.9358
vt 0.8359 0.9389
vt 0.8324 0.9391
vt 0.8316 0.9359
vt 0.8308 0.9328
vt 0.8342 0.9327
vt 0.9299 0.8925
vt 0.9312 0.8897
vt 0.9377 0.8926
vt 0.9364 0.8954
vt 0.9657 0.9110
vt 0.9668 0.9081
vt 0.9704 0.9088
vt 0.9694 0.9116
vt 0.9683 0.9145
vt 0.9646 0.9139
vt 0.8239 0.9373
vt 0.8247 0.9403
vt 0.8237 0.9426
vt 0.8230 0.9397
vt 0.8255 0.9357
vt 0.8262 0.9388
vt 0.9734 0.9120
vt 0.9745 0.9092
vt 0.9787 0.9095
vt 0.9776 0.9123
vt 0.9765 0.9150
vt 0.9723 0.9148
vt 0.9778 0.8683
vt 0.9781 0.8661
vt 0.9830 0.8737
vt 0.9823 0.8754
vt 0.9816 0.8772
vt 0.9775 0.8706
vt 0.8282 0.9356
vt 0.8290 0.9387
vt 0.8275 0.9324
vt 0.8542 0.8772
vt 0.8650 0.8742
vt 0.8646 0.8765
vt 0.8545 0.8790
vt 0.8465 0.8821
vt 0.8437 0.8809
vt 0.8426 0.8798
vt 0.8538 0.8755
vt 0.8654 0.8719
vt 0.8928 0.8733
vt 0.9017 0.8747
vt 0.9010 0.8761
vt 0.8923 0.8747
vt 0.8834 0.8741
vt 0.8838 0.8724
vt 0.8841 0.8708
vt 0.8933 0.8718
vt 0.9025 0.8732
vt 0.8747 0.8727
vt 0.8742 0.8747
vt 0.8752 0.8706
vt 0.9468 0.9574
vt 0.9404 0.9548
vt 0.9413 0.9521
vt 0.9482 0.9549
vt 0.9561 0.9600
vt 0.9544 0.9623
vt 0.9528 0.9645
vt 0.9455 0.9600
vt 0.9396 0.9575
vt 0.8351 0.8847
vt 0.8290 0.8883
vt 0.8282 0.8867
vt 0.8341 0.8835
vt 0.9641 0.9702
vt 0.9655 0.9685
vt 0.9756 0.9787
vt 0.9748 0.9797
vt 0.9740 0.9806
vt 0.9627 0.9719
vt 0.9228 0.9525
vt 0.9285 0.9529
vt 0.9276 0.9557
vt 0.9218 0.9553
vt 0.9161 0.9558
vt 0.9171 0.9530
vt 0.9182 0.9502
vt 0.9237 0.9498
vt 0.9294 0.9501
vt 0.9344 0.9535
vt 0.9335 0.9562
vt 0.9352 0.9507
vt 0.9117 0.9548
vt 0.9106 0.9577
vt 0.9054 0.9604
vt 0.9064 0.9575
vt 0.9074 0.9546
vt 0.9127 0.9520
vt 0.8903 0.9673
vt 0.8960 0.9634
vt 0.8952 0.9664
vt 0.8899 0.9702
vt 0.8846 0.9743
vt 0.8845 0.9714
vt 0.8843 0.9685
vt 0.8908 0.9643
vt 0.8968 0.9605
vt 0.9012 0.9603
vt 0.9003 0.9632
vt 0.9022 0.9573
vt 0.9605 0.9042
vt 0.9617 0.9013
vt 0.9655 0.9018
vt 0.9643 0.9046
vt 0.9755 0.9063
vt 0.9715 0.9059
vt 0.9726 0.9030
vt 0.9766 0.9034
vt 0.9809 0.9038
vt 0.9798 0.9067
vt 0.9484 0.9832
vt 0.9466 0.9875
vt 0.9388 0.9873
vt 0.9401 0.9829
vt 0.9414 0.9785
vt 0.9501 0.9789
vt 0.9586 0.9800
vt 0.9565 0.9839
vt 0.9544 0.9878
vt 0.9420 0.8976
vt 0.9433 0.8947
vt 0.8268 0.9293
vt 0.8262 0.9263
vt 0.8295 0.9267
vt 0.8301 0.9297
vt 0.9311 0.9162
vt 0.9300 0.9132
vt 0.9395 0.9163
vt 0.9406 0.9193
vt 0.8335 0.9296
vt 0.8328 0.9266
vt 0.8363 0.9263
vt 0.8370 0.9294
vt 0.8407 0.9294
vt 0.8400 0.9263
vt 0.9679 0.9053
vt 0.9690 0.9024
vt 0.9314 0.9824
vt 0.9303 0.9866
vt 0.9214 0.9858
vt 0.9224 0.9819
vt 0.9233 0.9780
vt 0.9324 0.9782
vt 0.8261 0.8919
vt 0.8250 0.8897
vt 0.9650 0.9853
vt 0.9630 0.9887
vt 0.9670 0.9819
vt 0.9752 0.9843
vt 0.9735 0.9870
vt 0.9719 0.9898
vt 0.9517 0.9248
vt 0.9504 0.9218
vt 0.4631 0.0730
vt 0.4323 0.0655
vt 0.4338 0.0494
vt 0.4659 0.0566
vt 0.8692 0.0653
vt 0.8690 0.0812
vt 0.8554 0.0822
vt 0.8555 0.0659
vt 0.8405 0.0832
vt 0.8401 0.0655
vt 0.8829 0.0646
vt 0.8832 0.0797
vt 0.4323 0.0655
vt 0.4302 0.0858
vt 0.4032 0.0800
vt 0.4042 0.0610
vt 0.8681 0.0509
vt 0.8819 0.0510
vt 0.8545 0.0505
vt 0.8388 0.0495
vt 0.9383 0.0628
vt 0.9183 0.0632
vt 0.9180 0.0515
vt 0.9376 0.0520
vt 0.3952 0.0472
vt 0.4059 0.0459
vt 0.4042 0.0610
vt 0.3932 0.0615
vt 0.3406 0.0570
vt 0.3615 0.0525
vt 0.3603 0.0653
vt 0.3416 0.0687
vt 0.3842 0.0487
vt 0.3818 0.0623
vt 0.8990 0.0638
vt 0.8987 0.0511
vt 0.8300 0.0648
vt 0.8303 0.0827
vt 0.8200 0.0825
vt 0.8199 0.0644
vt 0.3020 0.0672
vt 0.3061 0.0775
vt 0.2863 0.0834
vt 0.2826 0.0730
vt 0.3211 0.0619
vt 0.3240 0.0727
vt 0.8300 0.0648
vt 0.8287 0.0486
vt 0.5287 0.0863
vt 0.4971 0.0806
vt 0.4999 0.0645
vt 0.5294 0.0704
vt 0.5249 0.1047
vt 0.4924 0.0993
vt 0.7910 0.0815
vt 0.7935 0.0629
vt 0.7931 0.0470
vt 0.8185 0.0482
vt 0.4530 0.5022
vt 0.4324 0.5019
vt 0.4339 0.4682
vt 0.4526 0.4681
vt 0.4546 0.1192
vt 0.4502 0.1528
vt 0.4241 0.1500
vt 0.4268 0.1135
vt 0.4503 0.1937
vt 0.4273 0.1922
vt 0.4489 0.2348
vt 0.4293 0.2334
vt 0.4451 0.2720
vt 0.4277 0.2710
vt 0.4456 0.3037
vt 0.4486 0.3260
vt 0.4313 0.3256
vt 0.4285 0.3025
vt 0.4518 0.3450
vt 0.4347 0.3454
vt 0.4531 0.3658
vt 0.4525 0.3937
vt 0.4358 0.3951
vt 0.4363 0.3668
vt 0.4519 0.5324
vt 0.4295 0.5323
vt 0.4500 0.5604
vt 0.4490 0.5828
vt 0.4254 0.5847
vt 0.4257 0.5616
vt 0.4142 0.6289
vt 0.4081 0.6084
vt 0.4258 0.6068
vt 0.4290 0.6276
vt 0.3624 0.6397
vt 0.3471 0.6225
vt 0.3575 0.6100
vt 0.3726 0.6341
vt 0.3779 0.6095
vt 0.3868 0.6315
vt 0.4491 0.6033
vt 0.4506 0.6235
vt 0.3411 0.6690
vt 0.3388 0.6695
vt 0.3292 0.6491
vt 0.3308 0.6487
vt 0.3676 0.6629
vt 0.3596 0.6655
vt 0.3464 0.6469
vt 0.3539 0.6442
vt 0.3761 0.6587
vt 0.3853 0.6536
vt 0.9316 0.6518
vt 0.9347 0.6532
vt 0.9264 0.6732
vt 0.9230 0.6720
vt 0.9423 0.6279
vt 0.9454 0.6290
vt 0.3964 0.6513
vt 0.4106 0.6482
vt 0.4008 0.6299
vt 0.3659 0.7245
vt 0.3626 0.7258
vt 0.3588 0.7170
vt 0.3621 0.7159
vt 0.3880 0.7128
vt 0.3834 0.7152
vt 0.3791 0.7059
vt 0.3840 0.7036
vt 0.4515 0.6941
vt 0.4552 0.7027
vt 0.4406 0.7065
vt 0.4385 0.6976
vt 0.4498 0.6894
vt 0.4480 0.6847
vt 0.4666 0.6805
vt 0.4688 0.6854
vt 0.9003 0.6369
vt 0.8915 0.6601
vt 0.8831 0.6582
vt 0.8912 0.6346
vt 0.8673 0.6530
vt 0.8728 0.6314
vt 0.8451 0.6482
vt 0.8512 0.6270
vt 0.8302 0.6374
vt 0.8304 0.6219
vt 0.8181 0.6212
vt 0.8168 0.6470
vt 0.9113 0.6119
vt 0.9009 0.6087
vt 0.8780 0.6066
vt 0.8534 0.6035
vt 0.8303 0.6003
vt 0.8181 0.6212
vt 0.8056 0.6204
vt 0.8043 0.5991
vt 0.8154 0.5987
vt 0.4355 0.6475
vt 0.4217 0.6500
vt 0.4542 0.6436
vt 0.3766 0.7485
vt 0.3736 0.7500
vt 0.3664 0.7341
vt 0.3696 0.7326
vt 0.4037 0.7351
vt 0.3977 0.7376
vt 0.3879 0.7238
vt 0.3937 0.7209
vt 0.4097 0.7326
vt 0.4017 0.7162
vt 0.4112 0.7132
vt 0.4209 0.7273
vt 0.4213 0.7106
vt 0.4321 0.7232
vt 0.4377 0.7200
vt 0.4314 0.7101
vt 0.4602 0.7137
vt 0.4552 0.7027
vt 0.4755 0.6993
vt 0.4809 0.7094
vt 0.4420 0.6672
vt 0.4603 0.6629
vt 0.3933 0.6092
vt 0.8812 0.5603
vt 0.8823 0.5822
vt 0.8543 0.5816
vt 0.8537 0.5618
vt 0.9114 0.5565
vt 0.9147 0.5808
vt 0.8146 0.5800
vt 0.8142 0.5624
vt 0.8267 0.5616
vt 0.8289 0.5800
vt 0.9657 0.5397
vt 0.9719 0.5540
vt 0.9465 0.5665
vt 0.9404 0.5488
vt 0.9871 0.5302
vt 0.9917 0.5406
vt 0.3305 0.6088
vt 0.3364 0.5958
vt 0.3922 0.5856
vt 0.3947 0.5600
vt 0.4052 0.5610
vt 0.4064 0.5856
vt 0.8768 0.5202
vt 0.8793 0.5408
vt 0.8532 0.5439
vt 0.8522 0.5242
vt 0.3593 0.5817
vt 0.3623 0.5559
vt 0.3836 0.5589
vt 0.3779 0.5846
vt 0.9530 0.5020
vt 0.9596 0.5214
vt 0.9360 0.5287
vt 0.9301 0.5085
vt 0.8276 0.5451
vt 0.8276 0.5260
vt 0.9716 0.4964
vt 0.9792 0.5146
vt 0.9035 0.5147
vt 0.9079 0.5356
vt 0.8150 0.5457
vt 0.8152 0.5263
vt 0.3401 0.5745
vt 0.3427 0.5514
vt 0.9438 0.4808
vt 0.9218 0.4869
vt 0.9146 0.4634
vt 0.9353 0.4574
vt 0.9617 0.4754
vt 0.9526 0.4516
vt 0.2914 0.5114
vt 0.2938 0.4855
vt 0.3112 0.4883
vt 0.3085 0.5152
vt 0.4098 0.5313
vt 0.4129 0.5009
vt 0.8529 0.3423
vt 0.8544 0.3726
vt 0.8396 0.3722
vt 0.8403 0.3422
vt 0.3808 0.3970
vt 0.3826 0.3683
vt 0.4014 0.3694
vt 0.4005 0.3976
vt 0.9027 0.3348
vt 0.9093 0.3623
vt 0.8906 0.3675
vt 0.8849 0.3383
vt 0.8253 0.3711
vt 0.8271 0.3419
vt 0.9205 0.3315
vt 0.9264 0.3575
vt 0.8680 0.3412
vt 0.8719 0.3712
vt 0.8176 0.3702
vt 0.8195 0.3418
vt 0.3610 0.3946
vt 0.3640 0.3658
vt 0.4095 0.3971
vt 0.4104 0.3691
vt 0.4190 0.3687
vt 0.4181 0.3966
vt 0.8527 0.3151
vt 0.8673 0.3137
vt 0.8830 0.3116
vt 0.8849 0.3383
vt 0.8994 0.3094
vt 0.9163 0.3076
vt 0.3290 0.3596
vt 0.3119 0.3582
vt 0.3125 0.3327
vt 0.3303 0.3334
vt 0.3492 0.3362
vt 0.3467 0.3625
vt 0.3665 0.3394
vt 0.3640 0.3658
vt 0.9155 0.2873
vt 0.8984 0.2878
vt 0.8562 0.2911
vt 0.8693 0.2895
vt 0.8206 0.3183
vt 0.8218 0.2975
vt 0.8303 0.2957
vt 0.8283 0.3175
vt 0.3665 0.3394
vt 0.3672 0.3156
vt 0.3845 0.3189
vt 0.3842 0.3425
vt 0.4100 0.3454
vt 0.4082 0.3234
vt 0.4156 0.3245
vt 0.4181 0.3458
vt 0.8405 0.3162
vt 0.8438 0.2931
vt 0.4006 0.3220
vt 0.4017 0.3449
vt 0.8836 0.2885
vt 0.4136 0.3002
vt 0.8582 0.2642
vt 0.8461 0.2671
vt 0.3834 0.2932
vt 0.3991 0.2969
vt 0.8996 0.2627
vt 0.8842 0.2623
vt 0.8321 0.2710
vt 0.9157 0.2635
vt 0.8707 0.2626
vt 0.8223 0.2736
vt 0.3661 0.2896
vt 0.4065 0.2986
vt 0.8496 0.1970
vt 0.8485 0.2327
vt 0.8328 0.2371
vt 0.8328 0.2007
vt 0.9201 0.1957
vt 0.9175 0.2308
vt 0.9015 0.2292
vt 0.9035 0.1940
vt 0.8613 0.2298
vt 0.8634 0.1948
vt 0.8763 0.1936
vt 0.8735 0.2284
vt 0.8221 0.2400
vt 0.8213 0.2035
vt 0.3630 0.2556
vt 0.3569 0.2172
vt 0.3748 0.2210
vt 0.3809 0.2597
vt 0.4052 0.2663
vt 0.4025 0.2283
vt 0.4111 0.2306
vt 0.4125 0.2683
vt 0.3934 0.2260
vt 0.3975 0.2644
vt 0.8872 0.2285
vt 0.8897 0.1934
vt 0.3543 0.1791
vt 0.3715 0.1822
vt 0.3979 0.1880
vt 0.4068 0.1897
vt 0.8646 0.1613
vt 0.8511 0.1622
vt 0.3887 0.1861
vt 0.9055 0.1613
vt 0.8910 0.1604
vt 0.8343 0.1643
vt 0.9230 0.1630
vt 0.8774 0.1605
vt 0.8228 0.1662
vt 0.9117 0.1276
vt 0.8943 0.1282
vt 0.8541 0.1297
vt 0.8381 0.1305
vt 0.9309 0.1282
vt 0.8665 0.1296
vt 0.8791 0.1289
vt 0.8268 0.1317
vt 0.3525 0.1383
vt 0.3686 0.1399
vt 0.3935 0.1446
vt 0.4022 0.1464
vt 0.3845 0.1428
vt 0.8296 0.1043
vt 0.8401 0.1036
vt 0.3482 0.1052
vt 0.3649 0.1051
vt 0.3929 0.1073
vt 0.4025 0.1085
vt 0.8671 0.1027
vt 0.8547 0.1030
vt 0.3829 0.1060
vt 0.9166 0.0982
vt 0.8965 0.0997
vt 0.9387 0.0970
vt 0.8805 0.1015
vt 0.3613 0.0807
vt 0.3814 0.0793
vt 0.3439 0.0827
vt 0.3155 0.1109
vt 0.3113 0.0897
vt 0.3281 0.0854
vt 0.3326 0.1069
vt 0.8990 0.0784
vt 0.9188 0.0767
vt 0.5323 0.7044
vt 0.5059 0.7067
vt 0.5009 0.6949
vt 0.5282 0.6906
vt 0.4971 0.6852
vt 0.5249 0.6801
vt 0.5217 0.6696
vt 0.4932 0.6745
vt 0.4875 0.6563
vt 0.5167 0.6492
vt 0.4832 0.6368
vt 0.5132 0.6298
vt 0.3176 0.1437
vt 0.3361 0.1395
vt 0.3373 0.1789
vt 0.3185 0.1819
vt 0.3218 0.2166
vt 0.3407 0.2157
vt 0.3257 0.2528
vt 0.3462 0.2532
vt 0.1263 0.3020
vt 0.1111 0.3042
vt 0.1119 0.2726
vt 0.1275 0.2700
vt 0.3493 0.2871
vt 0.3500 0.3128
vt 0.3304 0.3111
vt 0.3292 0.2862
vt 0.3432 0.3910
vt 0.3270 0.3878
vt 0.4802 0.6177
vt 0.5099 0.6120
vt 0.4785 0.5989
vt 0.5077 0.5948
vt 0.8109 0.6876
vt 0.8131 0.6720
vt 0.8237 0.6745
vt 0.8213 0.6900
vt 0.3043 0.5605
vt 0.3072 0.5399
vt 0.3243 0.5456
vt 0.3221 0.5682
vt 0.3186 0.5873
vt 0.3136 0.5979
vt 0.2964 0.5885
vt 0.3006 0.5782
vt 0.2969 0.1493
vt 0.2958 0.1168
vt 0.2990 0.1853
vt 0.3033 0.2184
vt 0.3078 0.2538
vt 0.0934 0.3053
vt 0.0941 0.2734
vt 0.0721 0.2729
vt 0.0722 0.3055
vt 0.4704 0.3453
vt 0.4704 0.3660
vt 0.2798 0.5814
vt 0.2834 0.5711
vt 0.2872 0.5543
vt 0.2904 0.5349
vt 0.8510 0.5017
vt 0.8277 0.5032
vt 0.8276 0.4767
vt 0.8492 0.4759
vt 0.8739 0.4978
vt 0.8704 0.4728
vt 0.3101 0.3858
vt 0.5061 0.5769
vt 0.4779 0.5801
vt 0.4775 0.5584
vt 0.5047 0.5560
vt 0.3130 0.3115
vt 0.3112 0.2870
vt 0.0464 0.2718
vt 0.0485 0.3051
vt 0.7210 0.2785
vt 0.6980 0.2757
vt 0.6963 0.2425
vt 0.7215 0.2460
vt 0.8169 0.4047
vt 0.8258 0.4060
vt 0.8466 0.4442
vt 0.8654 0.4426
vt 0.8272 0.4440
vt 0.8164 0.4428
vt 0.8161 0.4759
vt 0.4152 0.4675
vt 0.4051 0.4670
vt 0.4025 0.5003
vt 0.3742 0.4657
vt 0.3947 0.4666
vt 0.3917 0.4996
vt 0.3706 0.4981
vt 0.3531 0.4637
vt 0.3487 0.4956
vt 0.3334 0.4603
vt 0.3287 0.4919
vt 0.3112 0.4883
vt 0.3160 0.4571
vt 0.2992 0.4549
vt 0.9271 0.4290
vt 0.9438 0.4228
vt 0.9071 0.4351
vt 0.8856 0.4396
vt 0.8923 0.4684
vt 0.8979 0.4923
vt 0.7121 0.4409
vt 0.7016 0.4431
vt 0.6993 0.4053
vt 0.7079 0.4032
vt 0.3257 0.5195
vt 0.3451 0.5239
vt 0.3667 0.5272
vt 0.3884 0.5296
vt 0.3994 0.5305
vt 0.7439 0.4330
vt 0.7227 0.4387
vt 0.7166 0.4012
vt 0.7351 0.3962
vt 0.4857 0.1238
vt 0.5195 0.1284
vt 0.5119 0.1586
vt 0.4796 0.1555
vt 0.8157 0.5029
vt 0.0484 0.4275
vt 0.0675 0.4291
vt 0.0637 0.4681
vt 0.0418 0.4663
vt 0.0856 0.4305
vt 0.0841 0.4692
vt 0.5029 0.1945
vt 0.4756 0.1943
vt 0.4966 0.2338
vt 0.4712 0.2347
vt 0.4921 0.2710
vt 0.4666 0.2719
vt 0.6888 0.2740
vt 0.6796 0.2723
vt 0.6750 0.2386
vt 0.6857 0.2405
vt 0.6654 0.2696
vt 0.6598 0.2357
vt 0.4663 0.3043
vt 0.4896 0.3043
vt 0.4890 0.3271
vt 0.4683 0.3267
vt 0.4889 0.3459
vt 0.4704 0.3453
vt 0.4869 0.3668
vt 0.8152 0.6536
vt 0.8041 0.6515
vt 0.8045 0.6456
vt 0.8168 0.6470
vt 0.8436 0.6663
vt 0.8424 0.6780
vt 0.8237 0.6745
vt 0.8244 0.6633
vt 0.4350 0.6883
vt 0.4283 0.6697
vt 0.8154 0.5987
vt 0.8303 0.6003
vt 0.3276 0.6335
vt 0.3335 0.6319
vt 0.3464 0.6469
vt 0.3391 0.6477
vt 0.3155 0.6216
vt 0.3199 0.6195
vt 0.3112 0.6230
vt 0.3105 0.6234
vt 0.2992 0.6130
vt 0.2996 0.6127
vt 0.2881 0.6015
vt 0.2902 0.5988
vt 0.3055 0.6084
vt 0.3024 0.6110
vt 0.2864 0.6032
vt 0.2861 0.6034
vt 0.2720 0.5958
vt 0.2723 0.5953
vt 0.9993 0.5556
vt 0.9997 0.5561
vt 0.9842 0.5687
vt 0.9833 0.5678
vt 0.9608 0.5816
vt 0.9548 0.5761
vt 0.9776 0.5619
vt 0.9807 0.5652
vt 0.9428 0.6033
vt 0.9343 0.5924
vt 0.9320 0.6242
vt 0.9195 0.6149
vt 0.8636 0.6693
vt 0.8605 0.6813
vt 0.8786 0.6721
vt 0.8757 0.6843
vt 0.8867 0.6738
vt 0.8827 0.6859
vt 0.9076 0.6809
vt 0.9031 0.6924
vt 0.8897 0.6876
vt 0.8939 0.6756
vt 0.3711 0.6878
vt 0.3770 0.6841
vt 0.3722 0.7097
vt 0.3638 0.6909
vt 0.3523 0.6941
vt 0.3494 0.6949
vt 0.3398 0.6286
vt 0.3539 0.6442
vt 0.3250 0.6157
vt 0.3092 0.6044
vt 0.2929 0.5948
vt 0.2929 0.5948
vt 0.2902 0.5988
vt 0.2750 0.5907
vt 0.2771 0.5870
vt 0.9946 0.5466
vt 0.9964 0.5508
vt 0.9776 0.5619
vt 0.9748 0.5579
vt 0.9506 0.5714
vt 0.9265 0.5881
vt 0.9506 0.5714
vt 0.3515 0.6669
vt 0.9079 0.6393
vt 0.9222 0.6470
vt 0.9123 0.6695
vt 0.8982 0.6635
vt 0.3764 0.7193
vt 0.3857 0.7440
vt 0.3802 0.7283
vt 0.3235 0.6342
vt 0.3339 0.6484
vt 0.3127 0.6227
vt 0.2869 0.6027
vt 0.3005 0.6122
vt 0.2735 0.5934
vt 0.9980 0.5536
vt 0.9632 0.5850
vt 0.9825 0.5669
vt 0.9477 0.6077
vt 0.9386 0.6267
vt 0.9138 0.6838
vt 0.9091 0.6957
vt 0.3665 0.7142
vt 0.3570 0.6931
vt 0.8005 0.6851
vt 0.7758 0.6791
vt 0.7757 0.6645
vt 0.8026 0.6694
vt 0.7760 0.6533
vt 0.8035 0.6576
vt 0.8045 0.6456
vt 0.7764 0.6421
vt 0.7764 0.6202
vt 0.8056 0.6204
vt 0.7764 0.6000
vt 0.7757 0.5816
vt 0.8030 0.5805
vt 0.7757 0.5643
vt 0.8026 0.5634
vt 0.8024 0.5461
vt 0.7761 0.5466
vt 0.7770 0.5260
vt 0.8029 0.5263
vt 0.1028 0.4696
vt 0.1027 0.4316
vt 0.1215 0.4691
vt 0.1206 0.4322
vt 0.8037 0.5026
vt 0.7784 0.5009
vt 0.7806 0.4720
vt 0.8046 0.4751
vt 0.7837 0.4379
vt 0.8056 0.4416
vt 0.8099 0.3694
vt 0.7930 0.3674
vt 0.7959 0.3414
vt 0.8121 0.3417
vt 0.7966 0.3210
vt 0.8130 0.3191
vt 0.7938 0.3028
vt 0.8135 0.2993
vt 0.7897 0.2809
vt 0.8126 0.2761
vt 0.6533 0.2678
vt 0.6471 0.2340
vt 0.6410 0.2674
vt 0.6342 0.2339
vt 0.8115 0.2428
vt 0.7863 0.2486
vt 0.7849 0.2118
vt 0.8098 0.2062
vt 0.6206 0.2352
vt 0.6261 0.2685
vt 0.6109 0.2702
vt 0.6065 0.2372
vt 0.4689 0.3933
vt 0.8595 0.4068
vt 0.8424 0.4071
vt 0.4758 0.5019
vt 0.4731 0.4673
vt 0.4771 0.5317
vt 0.1797 0.4300
vt 0.1984 0.4269
vt 0.2034 0.4632
vt 0.1836 0.4662
vt 0.1626 0.4680
vt 0.1595 0.4320
vt 0.4710 0.6904
vt 0.4755 0.6993
vt 0.7851 0.1726
vt 0.8113 0.1680
vt 0.7872 0.1362
vt 0.8154 0.1328
vt 0.7888 0.1056
vt 0.8188 0.1050
vt 0.4857 0.3934
vt 0.4892 0.4271
vt 0.4701 0.4282
vt 0.3933 0.6092
vt 0.7890 0.4002
vt 0.8080 0.4035
vt 0.4348 0.4301
vt 0.4520 0.4293
vt 0.4075 0.4305
vt 0.4168 0.4305
vt 0.3577 0.4276
vt 0.3778 0.4298
vt 0.3390 0.4242
vt 0.3221 0.4209
vt 0.9343 0.3887
vt 0.9175 0.3945
vt 0.8985 0.4005
vt 0.8786 0.4046
vt 0.3056 0.4188
vt 0.3979 0.4306
vt 0.4999 0.5009
vt 0.4950 0.4660
vt 0.5029 0.5303
vt 0.1420 0.4685
vt 0.1395 0.4325
vt 0.1318 0.4688
vt 0.1301 0.4323
vt 0.4597 0.0930
vt 0.9407 0.0759
vt 0.3926 0.0796
vt 0.2921 0.0955
vt 0.8303 0.0827
vt 0.8405 0.0832
vt 0.0786 0.0745
vt 0.0776 0.0586
vt 0.1088 0.0514
vt 0.1086 0.0670
vt 0.6329 0.0685
vt 0.6480 0.0685
vt 0.6482 0.0855
vt 0.6335 0.0850
vt 0.6650 0.0676
vt 0.6642 0.0847
vt 0.6185 0.0848
vt 0.6176 0.0683
vt 0.1086 0.0670
vt 0.1365 0.0616
vt 0.1372 0.0798
vt 0.1094 0.0862
vt 0.6180 0.0542
vt 0.6333 0.0534
vt 0.6487 0.0526
vt 0.6665 0.0508
vt 0.5534 0.0718
vt 0.5544 0.0602
vt 0.5770 0.0576
vt 0.5771 0.0698
vt 0.1469 0.0475
vt 0.1478 0.0612
vt 0.1365 0.0616
vt 0.1362 0.0473
vt 0.1992 0.0550
vt 0.1977 0.0666
vt 0.1803 0.0633
vt 0.1797 0.0509
vt 0.1593 0.0610
vt 0.1580 0.0478
vt 0.5991 0.0556
vt 0.5992 0.0687
vt 0.6755 0.0661
vt 0.6862 0.0650
vt 0.6850 0.0836
vt 0.6746 0.0841
vt 0.2367 0.0657
vt 0.2587 0.0726
vt 0.2532 0.0830
vt 0.2321 0.0761
vt 0.2141 0.0708
vt 0.2174 0.0598
vt 0.6755 0.0661
vt 0.6770 0.0493
vt 0.0112 0.0877
vt 0.0110 0.0717
vt 0.0428 0.0661
vt 0.0441 0.0819
vt 0.0472 0.1003
vt 0.0130 0.1067
vt 0.7122 0.0624
vt 0.7130 0.0810
vt 0.6878 0.0483
vt 0.7124 0.0465
vt 0.0832 0.5033
vt 0.1038 0.5033
vt 0.0834 0.1189
vt 0.1124 0.1128
vt 0.1149 0.1493
vt 0.0869 0.1529
vt 0.1111 0.1933
vt 0.0873 0.1944
vt 0.1095 0.2351
vt 0.0898 0.2359
vt 0.1081 0.3273
vt 0.0902 0.3276
vt 0.1045 0.3471
vt 0.0867 0.3464
vt 0.0852 0.3671
vt 0.1025 0.3684
vt 0.1025 0.3966
vt 0.0859 0.3950
vt 0.0837 0.5335
vt 0.1062 0.5338
vt 0.0852 0.5616
vt 0.1095 0.5631
vt 0.1094 0.5862
vt 0.0858 0.5840
vt 0.1201 0.6306
vt 0.1050 0.6291
vt 0.1087 0.6084
vt 0.1265 0.6102
vt 0.1721 0.6420
vt 0.1618 0.6363
vt 0.1772 0.6125
vt 0.1875 0.6250
vt 0.1476 0.6336
vt 0.1568 0.6117
vt 0.0835 0.6248
vt 0.0854 0.6046
vt 0.1931 0.6715
vt 0.2035 0.6514
vt 0.2051 0.6518
vt 0.1953 0.6721
vt 0.1666 0.6650
vt 0.1805 0.6466
vt 0.1880 0.6494
vt 0.1746 0.6678
vt 0.1582 0.6604
vt 0.1489 0.6557
vt 0.6173 0.6583
vt 0.6280 0.6775
vt 0.6248 0.6793
vt 0.6144 0.6602
vt 0.6038 0.6354
vt 0.6010 0.6371
vt 0.1378 0.6534
vt 0.1237 0.6506
vt 0.1334 0.6318
vt 0.1678 0.7268
vt 0.1716 0.7182
vt 0.1749 0.7194
vt 0.1710 0.7282
vt 0.1455 0.7147
vt 0.1498 0.7055
vt 0.1547 0.7080
vt 0.1502 0.7172
vt 0.0815 0.6952
vt 0.0946 0.6988
vt 0.0923 0.7077
vt 0.0776 0.7039
vt 0.0833 0.6905
vt 0.0641 0.6864
vt 0.0665 0.6815
vt 0.0852 0.6859
vt 0.6468 0.6404
vt 0.6544 0.6374
vt 0.6657 0.6616
vt 0.6584 0.6641
vt 0.6725 0.6330
vt 0.6814 0.6564
vt 0.6935 0.6270
vt 0.7002 0.6508
vt 0.7191 0.6190
vt 0.7218 0.6435
vt 0.7307 0.6168
vt 0.7337 0.6406
vt 0.6337 0.6163
vt 0.6423 0.6127
vt 0.6652 0.6088
vt 0.6899 0.6037
vt 0.7164 0.5970
vt 0.7307 0.6168
vt 0.7287 0.5954
vt 0.7397 0.5943
vt 0.7417 0.6149
vt 0.1124 0.6517
vt 0.0982 0.6489
vt 0.0795 0.6448
vt 0.1568 0.7510
vt 0.1639 0.7350
vt 0.1672 0.7365
vt 0.1598 0.7526
vt 0.1295 0.7373
vt 0.1397 0.7229
vt 0.1455 0.7259
vt 0.1353 0.7398
vt 0.1232 0.7346
vt 0.1118 0.7291
vt 0.1219 0.7149
vt 0.1316 0.7180
vt 0.1005 0.7248
vt 0.1116 0.7120
vt 0.0950 0.7215
vt 0.1016 0.7115
vt 0.0723 0.7148
vt 0.0516 0.7102
vt 0.0573 0.7002
vt 0.0776 0.7039
vt 0.0731 0.6640
vt 0.0914 0.6685
vt 0.1413 0.6111
vt 0.6587 0.5634
vt 0.6863 0.5625
vt 0.6874 0.5822
vt 0.6595 0.5852
vt 0.6263 0.5869
vt 0.6283 0.5624
vt 0.7273 0.5766
vt 0.7147 0.5776
vt 0.7132 0.5596
vt 0.7257 0.5592
vt 0.5731 0.5505
vt 0.5989 0.5572
vt 0.5944 0.5753
vt 0.5682 0.5652
vt 0.5510 0.5431
vt 0.5474 0.5538
vt 0.2043 0.6116
vt 0.1986 0.5985
vt 0.1428 0.5876
vt 0.1286 0.5874
vt 0.1301 0.5629
vt 0.1409 0.5620
vt 0.6594 0.5232
vt 0.6843 0.5249
vt 0.6852 0.5445
vt 0.6589 0.5439
vt 0.1758 0.5842
vt 0.1572 0.5868
vt 0.1517 0.5610
vt 0.1731 0.5583
vt 0.5822 0.5121
vt 0.6055 0.5164
vt 0.6014 0.5370
vt 0.5774 0.5319
vt 0.7089 0.5243
vt 0.7107 0.5432
vt 0.5633 0.5082
vt 0.5574 0.5269
vt 0.6299 0.5413
vt 0.6324 0.5201
vt 0.7233 0.5426
vt 0.7212 0.5233
vt 0.1951 0.5772
vt 0.1928 0.5541
vt 0.5894 0.4903
vt 0.5957 0.4663
vt 0.6167 0.4703
vt 0.6117 0.4943
vt 0.5712 0.4865
vt 0.5780 0.4621
vt 0.2445 0.5149
vt 0.2275 0.5184
vt 0.2252 0.4915
vt 0.2426 0.4889
vt 0.1233 0.5026
vt 0.1260 0.5331
vt 0.6663 0.3447
vt 0.6784 0.3435
vt 0.6823 0.3731
vt 0.6678 0.3748
vt 0.1572 0.3991
vt 0.1377 0.3995
vt 0.1372 0.3712
vt 0.1559 0.3704
vt 0.6164 0.3418
vt 0.6344 0.3436
vt 0.6316 0.3730
vt 0.6126 0.3697
vt 0.6914 0.3421
vt 0.6962 0.3707
vt 0.5985 0.3401
vt 0.5951 0.3665
vt 0.6504 0.3750
vt 0.6513 0.3449
vt 0.7038 0.3691
vt 0.6988 0.3413
vt 0.1769 0.3970
vt 0.1744 0.3681
vt 0.1290 0.3989
vt 0.1202 0.3983
vt 0.1199 0.3703
vt 0.1285 0.3709
vt 0.6492 0.3176
vt 0.6636 0.3177
vt 0.6344 0.3436
vt 0.6336 0.3170
vt 0.6171 0.3164
vt 0.5987 0.3160
vt 0.2083 0.3624
vt 0.2072 0.3361
vt 0.2246 0.3357
vt 0.2267 0.3612
vt 0.1911 0.3650
vt 0.1887 0.3386
vt 0.1744 0.3681
vt 0.1719 0.3416
vt 0.5976 0.2959
vt 0.6143 0.2949
vt 0.6449 0.2939
vt 0.6579 0.2942
vt 0.6954 0.3181
vt 0.6877 0.3180
vt 0.6836 0.2966
vt 0.6921 0.2976
vt 0.1719 0.3416
vt 0.1547 0.3446
vt 0.1546 0.3208
vt 0.1713 0.3177
vt 0.1293 0.3472
vt 0.1212 0.3475
vt 0.1240 0.3262
vt 0.1314 0.3252
vt 0.6701 0.2952
vt 0.6755 0.3178
vt 0.1374 0.3467
vt 0.1388 0.3239
vt 0.6308 0.2942
vt 0.1406 0.2987
vt 0.1559 0.2951
vt 0.5951 0.2724
vt 0.1727 0.2918
vt 0.1335 0.3004
vt 0.6547 0.1997
vt 0.6713 0.2016
vt 0.5849 0.2057
vt 0.6012 0.2025
vt 0.6065 0.2372
vt 0.5908 0.2402
vt 0.6288 0.1994
vt 0.6413 0.1990
vt 0.6830 0.2036
vt 0.1760 0.2580
vt 0.1586 0.2618
vt 0.1649 0.2232
vt 0.1827 0.2197
vt 0.1349 0.2681
vt 0.1275 0.2700
vt 0.1283 0.2324
vt 0.1372 0.2302
vt 0.1425 0.2662
vt 0.1462 0.2280
vt 0.6154 0.2006
vt 0.1687 0.1840
vt 0.1853 0.1813
vt 0.1328 0.1909
vt 0.1421 0.1893
vt 0.6377 0.1658
vt 0.6508 0.1653
vt 0.1513 0.1876
vt 0.5971 0.1703
vt 0.6123 0.1685
vt 0.6671 0.1655
vt 0.5793 0.1730
vt 0.6255 0.1669
vt 0.6785 0.1666
vt 0.5893 0.1373
vt 0.6079 0.1366
vt 0.6482 0.1335
vt 0.6631 0.1324
vt 0.5672 0.1382
vt 0.6234 0.1358
vt 0.6361 0.1346
vt 0.6742 0.1328
vt 0.1716 0.1400
vt 0.1866 0.1384
vt 0.1384 0.1459
vt 0.1476 0.1444
vt 0.1566 0.1427
vt 0.6631 0.1057
vt 0.6736 0.1055
vt 0.1753 0.1034
vt 0.1905 0.1036
vt 0.1381 0.1076
vt 0.1484 0.1060
vt 0.6357 0.1073
vt 0.6486 0.1069
vt 0.1586 0.1045
vt 0.5810 0.1067
vt 0.6042 0.1073
vt 0.5567 0.1073
vt 0.6221 0.1073
vt 0.1794 0.0786
vt 0.1598 0.0775
vt 0.1952 0.0807
vt 0.2220 0.1106
vt 0.2051 0.1057
vt 0.2099 0.0838
vt 0.2266 0.0887
vt 0.5767 0.0844
vt 0.6001 0.0840
vt 0.0003 0.7045
vt 0.0048 0.6908
vt 0.0319 0.6955
vt 0.0267 0.7072
vt 0.0358 0.6858
vt 0.0082 0.6803
vt 0.0115 0.6699
vt 0.0168 0.6494
vt 0.0459 0.6569
vt 0.0399 0.6751
vt 0.0207 0.6300
vt 0.0506 0.6375
vt 0.2198 0.1444
vt 0.2019 0.1397
vt 0.2194 0.1841
vt 0.2013 0.1813
vt 0.2167 0.2198
vt 0.1985 0.2185
vt 0.2127 0.2559
vt 0.1924 0.2559
vt 0.1890 0.2895
vt 0.2087 0.2890
vt 0.2072 0.3138
vt 0.1880 0.3152
vt 0.2109 0.3906
vt 0.1947 0.3936
vt 0.0243 0.6123
vt 0.0540 0.6184
vt 0.0268 0.5951
vt 0.0560 0.5997
vt 0.7412 0.6798
vt 0.7310 0.6832
vt 0.7268 0.6677
vt 0.7377 0.6644
vt 0.2311 0.5637
vt 0.2131 0.5711
vt 0.2113 0.5486
vt 0.2284 0.5430
vt 0.2164 0.5903
vt 0.2345 0.5814
vt 0.2386 0.5918
vt 0.2214 0.6010
vt 0.2408 0.1509
vt 0.2427 0.1178
vt 0.2395 0.1883
vt 0.2349 0.2218
vt 0.2306 0.2571
vt 0.0683 0.3669
vt 0.0675 0.3464
vt 0.2517 0.5746
vt 0.2553 0.5849
vt 0.2482 0.5578
vt 0.2453 0.5383
vt 0.6834 0.5024
vt 0.6827 0.4766
vt 0.7041 0.4755
vt 0.7066 0.5017
vt 0.6603 0.5006
vt 0.6614 0.4755
vt 0.2280 0.3890
vt 0.0287 0.5772
vt 0.0569 0.5808
vt 0.0577 0.5591
vt 0.0305 0.5562
vt 0.2243 0.3146
vt 0.2265 0.2902
vt 0.6636 0.4451
vt 0.6824 0.4450
vt 0.7016 0.4431
vt 0.7154 0.4736
vt 0.1339 0.5021
vt 0.1656 0.5004
vt 0.1445 0.5016
vt 0.1876 0.4982
vt 0.2076 0.4948
vt 0.2208 0.4602
vt 0.2252 0.4915
vt 0.2377 0.4583
vt 0.5841 0.4328
vt 0.6012 0.4373
vt 0.6216 0.4416
vt 0.6433 0.4441
vt 0.6393 0.4732
vt 0.6359 0.4975
vt 0.2102 0.5224
vt 0.1908 0.5265
vt 0.1691 0.5296
vt 0.1474 0.5316
vt 0.1366 0.5324
vt 0.0516 0.1248
vt 0.0563 0.1569
vt 0.0248 0.1604
vt 0.0167 0.1313
vt 0.7184 0.5003
vt 0.0343 0.1958
vt 0.0621 0.1950
vt 0.0674 0.2356
vt 0.0419 0.2345
vt 0.0698 0.3278
vt 0.0488 0.3278
vt 0.0500 0.3464
vt 0.0675 0.3464
vt 0.0517 0.3672
vt 0.7347 0.6466
vt 0.7337 0.6406
vt 0.7448 0.6380
vt 0.7456 0.6438
vt 0.7040 0.6626
vt 0.7243 0.6557
vt 0.7268 0.6677
vt 0.7078 0.6742
vt 0.1053 0.6708
vt 0.0982 0.6895
vt 0.7287 0.5954
vt 0.7164 0.5970
vt 0.2069 0.6363
vt 0.1952 0.6503
vt 0.1880 0.6494
vt 0.2010 0.6346
vt 0.2191 0.6245
vt 0.2148 0.6224
vt 0.2234 0.6260
vt 0.2351 0.6158
vt 0.2355 0.6161
vt 0.2241 0.6264
vt 0.2468 0.6048
vt 0.2323 0.6141
vt 0.2293 0.6116
vt 0.2446 0.6021
vt 0.2484 0.6065
vt 0.2626 0.5988
vt 0.2629 0.5993
vt 0.2486 0.6068
vt 0.5413 0.5693
vt 0.5582 0.5799
vt 0.5574 0.5808
vt 0.5410 0.5698
vt 0.5817 0.5914
vt 0.5605 0.5771
vt 0.5633 0.5735
vt 0.5870 0.5855
vt 0.6013 0.6108
vt 0.6089 0.5995
vt 0.6139 0.6305
vt 0.6257 0.6200
vt 0.6864 0.6682
vt 0.6913 0.6797
vt 0.6711 0.6732
vt 0.6764 0.6846
vt 0.6640 0.6756
vt 0.6694 0.6870
vt 0.6443 0.6847
vt 0.6574 0.6780
vt 0.6629 0.6894
vt 0.6501 0.6956
vt 0.1569 0.6858
vt 0.1628 0.6899
vt 0.1615 0.7119
vt 0.1701 0.6931
vt 0.1844 0.6974
vt 0.1815 0.6965
vt 0.1948 0.6312
vt 0.1805 0.6466
vt 0.2097 0.6185
vt 0.2256 0.6075
vt 0.2420 0.5981
vt 0.2420 0.5981
vt 0.2579 0.5906
vt 0.2600 0.5942
vt 0.2446 0.6021
vt 0.5451 0.5600
vt 0.5656 0.5695
vt 0.5633 0.5735
vt 0.5437 0.5643
vt 0.5906 0.5806
vt 0.6173 0.5934
vt 0.5906 0.5806
vt 0.1827 0.6693
vt 0.6397 0.6433
vt 0.6517 0.6665
vt 0.6384 0.6739
vt 0.6262 0.6524
vt 0.1572 0.7214
vt 0.1533 0.7305
vt 0.1476 0.7464
vt 0.2109 0.6370
vt 0.2004 0.6511
vt 0.2219 0.6256
vt 0.2479 0.6061
vt 0.2342 0.6154
vt 0.2614 0.5969
vt 0.5424 0.5672
vt 0.5795 0.5949
vt 0.5589 0.5789
vt 0.5967 0.6156
vt 0.6075 0.6337
vt 0.6384 0.6883
vt 0.6445 0.6996
vt 0.1672 0.7164
vt 0.1769 0.6954
vt 0.7513 0.6765
vt 0.7481 0.6611
vt 0.7740 0.6543
vt 0.7750 0.6686
vt 0.7727 0.6434
vt 0.7464 0.6496
vt 0.7448 0.6380
vt 0.7417 0.6149
vt 0.7692 0.6115
vt 0.7715 0.6325
vt 0.7668 0.5920
vt 0.7388 0.5759
vt 0.7656 0.5741
vt 0.7374 0.5590
vt 0.7639 0.5571
vt 0.7357 0.5418
vt 0.7334 0.5222
vt 0.7589 0.5195
vt 0.7618 0.5397
vt 0.7302 0.4988
vt 0.7268 0.4717
vt 0.7502 0.4664
vt 0.7551 0.4948
vt 0.7114 0.3677
vt 0.7062 0.3405
vt 0.7222 0.3387
vt 0.7280 0.3640
vt 0.7029 0.3183
vt 0.7194 0.3186
vt 0.7006 0.2986
vt 0.7191 0.3005
vt 0.6945 0.2054
vt 0.7197 0.2093
vt 0.0695 0.3942
vt 0.6830 0.4079
vt 0.6661 0.4091
vt 0.0604 0.5026
vt 0.0586 0.5324
vt 0.0618 0.6913
vt 0.0573 0.7002
vt 0.6899 0.1676
vt 0.7165 0.1708
vt 0.6855 0.1330
vt 0.7145 0.1351
vt 0.7133 0.1055
vt 0.6842 0.1051
vt 0.0527 0.3939
vt 0.1413 0.6111
vt 0.2154 0.4239
vt 0.1984 0.4269
vt 0.6075 0.4023
vt 0.5903 0.3981
vt 0.6470 0.4088
vt 0.6269 0.4065
vt 0.2319 0.4221
vt 0.0363 0.5011
vt 0.0327 0.5305
vt 0.0800 0.0936
vt 0.5525 0.0856
vt 0.1485 0.0786
vt 0.2470 0.0957
vt 0.6746 0.0841
vt 0.6642 0.0847
vt 0.4339 0.0242
vt 0.4671 0.0314
vt 0.5453 0.0384
vt 0.5678 0.0344
vt 0.2202 0.0341
vt 0.2397 0.0405
vt 0.6279 0.0251
vt 0.6458 0.0234
vt 0.5903 0.0308
vt 0.6107 0.0274
vt 0.1093 0.0264
vt 0.1367 0.0224
vt 0.9251 0.0275
vt 0.9451 0.0295
vt 0.7886 0.0234
vt 0.8150 0.0212
vt 0.3197 0.0362
vt 0.3392 0.0312
vt 0.2011 0.0291
vt 0.1809 0.0256
vt 0.0119 0.0478
vt 0.0423 0.0408
vt 0.3607 0.0270
vt 0.3009 0.0420
vt 0.8372 0.0212
vt 0.8553 0.0214
vt 0.2815 0.0490
vt 0.8287 0.0486
vt 0.8257 0.0216
vt 0.8710 0.0224
vt 0.2610 0.0488
vt 0.9051 0.0257
vt 0.6667 0.0225
vt 0.6789 0.0222
vt 0.8868 0.0239
vt 0.0771 0.0334
vt 0.5012 0.0389
vt 0.3837 0.0233
vt 0.5294 0.0468
vt 0.3952 0.0472
vt 0.3954 0.0223
vt 0.4060 0.0207
vt 0.1589 0.0230
vt 0.1476 0.0230
vt 0.6903 0.0211
vt 0.7164 0.0230
vt 0.3203 0.0333
vt 0.3399 0.0279
vt 0.0411 0.0375
vt 0.0770 0.0296
vt 0.2811 0.0470
vt 0.3012 0.0396
vt 0.8372 0.0212
vt 0.8257 0.0216
vt 0.8260 0.0182
vt 0.8373 0.0174
vt 0.0091 0.0445
vt 0.9250 0.0254
vt 0.9458 0.0275
vt 0.1101 0.0221
vt 0.1379 0.0177
vt 0.3835 0.0194
vt 0.3947 0.0185
vt 0.8549 0.0178
vt 0.8701 0.0191
vt 0.8856 0.0211
vt 0.9043 0.0233
vt 0.8153 0.0180
vt 0.5020 0.0362
vt 0.5312 0.0441
vt 0.4334 0.0209
vt 0.4673 0.0283
vt 0.6704 0.7052
vt 0.6579 0.7108
vt 0.6410 0.7017
vt 0.6484 0.7158
vt 0.6452 0.7174
vt 0.6378 0.7035
vt 0.6834 0.6999
vt 0.6767 0.7026
vt 0.6978 0.6948
vt 0.7136 0.6895
vt 0.0871 0.7191
vt 0.8963 0.7094
vt 0.8838 0.7053
vt 0.9128 0.6974
vt 0.9161 0.6988
vt 0.9103 0.7134
vt 0.9069 0.7125
vt 0.8771 0.7022
vt 0.8703 0.7003
vt 0.8554 0.6969
vt 0.8389 0.6937
vt 0.4455 0.7178
vt 0.1566 0.6723
vt 0.1582 0.6604
vt 0.3778 0.6726
vt 0.3761 0.6587
vt 0.8197 0.6484
vt 0.8168 0.6470
vt 0.8263 0.6439
vt 0.8263 0.6444
vt 0.7230 0.6496
vt 0.6516 0.7139
vt 0.1716 0.7182
vt 0.1815 0.6965
vt 0.6349 0.6903
vt 0.6410 0.7017
vt 0.6038 0.6354
vt 0.5940 0.6181
vt 0.5778 0.5968
vt 0.5582 0.5799
vt 0.2484 0.6065
vt 0.2351 0.6158
vt 0.2234 0.6260
vt 0.2132 0.6372
vt 0.2035 0.6514
vt 0.1891 0.6708
vt 0.5417 0.5686
vt 0.2622 0.5982
vt 0.1598 0.7329
vt 0.1537 0.7495
vt 0.1635 0.7249
vt 0.6206 0.6561
vt 0.6318 0.6760
vt 0.9035 0.7112
vt 0.3621 0.7159
vt 0.3523 0.6941
vt 0.9175 0.6854
vt 0.9128 0.6974
vt 0.9423 0.6279
vt 0.9508 0.6097
vt 0.9651 0.5867
vt 0.9833 0.5678
vt 0.2864 0.6032
vt 0.2996 0.6127
vt 0.3112 0.6230
vt 0.3212 0.6344
vt 0.3308 0.6487
vt 0.3451 0.6683
vt 0.9989 0.5550
vt 0.2727 0.5947
vt 0.3797 0.7470
vt 0.3737 0.7306
vt 0.3701 0.7226
vt 0.9280 0.6501
vt 0.9191 0.6709
vt 0.3201 0.6347
vt 0.9668 0.5879
vt 0.9533 0.6109
vt 0.9208 0.6868
vt 0.2144 0.6375
vt 0.5763 0.5983
vt 0.5917 0.6198
vt 0.6317 0.6921
vt 0.4051 0.0171
vt 0.1237 0.6506
vt 0.1149 0.6607
vt 0.4194 0.6597
vt 0.4106 0.6482
vt 0.6283 0.6857
vt 0.6315 0.6839
vt 0.9236 0.6800
vt 0.9203 0.6787
vt 0.9164 0.6774
vt 0.6351 0.6821
vt 0.7356 0.6525
vt 0.8146 0.6599
vt 0.8960 0.6695
vt 0.8891 0.6670
vt 0.6546 0.6722
vt 0.6612 0.6699
vt 0.0641 0.6864
vt 0.0379 0.6805
vt 0.7721 0.6379
vt 0.7456 0.6438
vt 0.6414 0.6793
vt 0.6684 0.6674
vt 0.6839 0.6623
vt 0.7021 0.6567
vt 0.7230 0.6496
vt 0.0099 0.6751
vt 0.0833 0.6905
vt 0.0964 0.6941
vt 0.4688 0.6854
vt 0.4951 0.6798
vt 0.7762 0.6477
vt 0.8041 0.6515
vt 0.9099 0.6752
vt 0.8808 0.6652
vt 0.8655 0.6624
vt 0.8452 0.6588
vt 0.8177 0.6536
vt 0.5233 0.6749
vt 0.4498 0.6894
vt 0.4367 0.6930
vt 0.8179 0.0015
vt 0.8282 0.0011
vt 0.6293 0.0205
vt 0.6123 0.0237
vt 0.6107 0.0067
vt 0.6271 0.0035
vt 0.9030 0.0069
vt 0.9232 0.0092
vt 0.1804 0.0207
vt 0.1594 0.0179
vt 0.1615 0.0008
vt 0.1867 0.0047
vt 0.8851 0.0043
vt 0.2191 0.0301
vt 0.2002 0.0246
vt 0.2087 0.0099
vt 0.2288 0.0159
vt 0.8557 0.0007
vt 0.8703 0.0021
vt 0.2390 0.0371
vt 0.2492 0.0234
vt 0.0692 0.0144
vt 0.1045 0.0060
vt 0.3813 0.0022
vt 0.3947 0.0006
vt 0.1486 0.0180
vt 0.1379 0.0177
vt 0.1354 0.0011
vt 0.1485 0.0003
vt 0.9439 0.0114
vt 0.0005 0.0307
vt 0.0324 0.0237
vt 0.2720 0.0333
vt 0.2919 0.0258
vt 0.5678 0.0317
vt 0.5439 0.0359
vt 0.5447 0.0194
vt 0.5681 0.0151
vt 0.3112 0.0190
vt 0.3317 0.0129
vt 0.2614 0.0460
vt 0.2713 0.0324
vt 0.6664 0.0171
vt 0.6463 0.0184
vt 0.6435 0.0015
vt 0.6629 0.0003
vt 0.3612 0.0233
vt 0.3551 0.0071
vt 0.5020 0.0362
vt 0.4673 0.0283
vt 0.4753 0.0132
vt 0.5109 0.0227
vt 0.7166 0.0190
vt 0.6896 0.0165
vt 0.6856 0.0003
vt 0.7116 0.0023
vt 0.4078 0.0003
vt 0.4394 0.0048
vt 0.6783 0.0173
vt 0.6745 0.0004
vt 0.7881 0.0205
vt 0.7919 0.0039
vt 0.5914 0.0277
vt 0.5908 0.0108
vt 0.5403 0.0306
vt 0.8373 0.0174
vt 0.8389 0.0003
vt 0.8271 0.6562
vt 0.8284 0.6519
vt 0.8410 0.6582
vt 0.8392 0.6627
vt 0.8259 0.6610
vt 0.8271 0.6562
vt 0.8292 0.6440
vt 0.8177 0.6583
vt 0.8288 0.6444
vt 0.8387 0.6461
vt 0.8375 0.6470
vt 0.8416 0.6536
vt 0.8284 0.6519
vt 0.8451 0.6482
vt 0.8393 0.7902
vt 0.8391 0.7905
vt 0.8387 0.7903
vt 0.8390 0.7900
vt 0.8386 0.7897
vt 0.8384 0.7901
vt 0.8371 0.7897
vt 0.8374 0.7889
vt 0.8388 0.7908
vt 0.8380 0.7920
vt 0.8374 0.7914
vt 0.8385 0.7906
vt 0.8377 0.7905
vt 0.8372 0.7910
vt 0.8370 0.7906
vt 0.8370 0.7902
vt 0.8392 0.7895
vt 0.8395 0.7899
vt 0.8398 0.7895
vt 0.8394 0.7893
vt 0.8397 0.7879
vt 0.8405 0.7883
vt 0.8381 0.7883
vt 0.8389 0.7894
vt 0.8390 0.7886
vt 0.8385 0.7881
vt 0.8389 0.7879
vt 0.8393 0.7879
vt 0.8399 0.7900
vt 0.8396 0.7904
vt 0.8400 0.7906
vt 0.8402 0.7903
vt 0.8415 0.7906
vt 0.8412 0.7914
vt 0.8412 0.7889
vt 0.8401 0.7898
vt 0.8409 0.7899
vt 0.8414 0.7893
vt 0.8416 0.7897
vt 0.8416 0.7902
vt 0.8394 0.7908
vt 0.8392 0.7910
vt 0.8389 0.7924
vt 0.8405 0.7921
vt 0.8397 0.7909
vt 0.8396 0.7918
vt 0.8401 0.7923
vt 0.8397 0.7925
vt 0.8393 0.7924
vt 0.8388 0.7875
vt 0.8393 0.7875
vt 0.8415 0.7917
vt 0.8408 0.7924
vt 0.8420 0.7896
vt 0.8420 0.7902
vt 0.8383 0.7877
vt 0.8398 0.7929
vt 0.8393 0.7929
vt 0.8388 0.7928
vt 0.8403 0.7927
vt 0.8398 0.7875
vt 0.8416 0.7887
vt 0.8418 0.7892
vt 0.8378 0.7924
vt 0.8408 0.7880
vt 0.8370 0.7916
vt 0.8368 0.7912
vt 0.8366 0.7907
vt 0.8366 0.7902
vt 0.8366 0.7896
vt 0.8420 0.7907
vt 0.8371 0.7887
vt 0.8378 0.7879
f 257/1 259/2 428/3 446/4
f 166/5 169/6 441/7 439/8
f 51/9 52/10 417/11 420/12
f 141/13 1/14 18/15 140/16
f 135/17 8/18 2/19 132/20
f 136/21 9/22 8/18 135/17
f 256/23 15/24 409/25 403/26
f 23/27 22/28 406/29 407/30
f 44/31 250/32 427/33 431/34
f 49/35 166/5 439/8 416/36
f 25/37 256/23 403/26 404/38
f 179/39 20/40 419/41 444/42
f 134/43 4/44 9/22 136/21
f 185/45 176/46 4/47 134/48
f 233/49 129/50 29/51 227/52
f 133/53 142/54 27/55 3/56
f 16/57 17/58 413/59 411/60
f 24/61 23/27 407/30 408/62
f 178/63 179/39 444/42 443/64
f 145/65 154/66 47/67 28/68
f 144/69 143/70 30/71 36/72
f 147/73 144/69 36/72 37/74
f 17/58 177/75 442/76 413/59
f 22/28 257/1 446/4 406/29
f 48/77 50/78 436/79 424/80
f 249/81 51/9 420/12 445/82
f 52/10 53/83 418/84 417/11
f 448/85 48/77 424/80 455/86
f 148/87 147/73 37/74 32/88
f 174/89 148/90 32/91 165/92
f 235/93 238/94 29/95 129/96
f 149/97 31/98 56/99 164/100
f 9/101 4/102 60/103 65/104
f 42/105 55/106 91/107 88/108
f 26/109 14/110 70/111 72/112
f 18/113 1/114 57/115 71/116
f 220/117 26/109 72/112 222/118
f 37/119 36/120 82/121 83/122
f 2/123 8/124 64/125 58/126
f 38/127 28/128 74/129 84/130
f 36/120 30/131 76/132 82/121
f 238/133 212/134 273/135 281/136
f 3/137 27/138 73/139 59/140
f 5/141 6/142 62/143 61/144
f 40/145 41/146 87/147 86/148
f 6/149 7/150 63/151 62/152
f 165/153 32/154 188/155 187/156
f 1/114 10/157 66/158 57/115
f 251/159 39/160 85/161 253/162
f 12/163 11/164 67/165 68/166
f 28/128 47/167 90/168 74/129
f 195/169 2/123 58/126 196/170
f 33/171 38/127 84/130 79/172
f 258/173 18/174 264/175 263/176
f 39/160 40/145 86/148 85/161
f 13/177 12/163 68/166 69/178
f 180/179 13/177 69/178 182/180
f 89/181 239/182 248/183 246/184
f 8/124 9/101 65/104 64/125
f 29/185 238/133 281/136 272/186
f 56/187 31/188 285/189 286/190
f 167/191 42/105 88/108 171/192
f 35/193 34/194 80/195 81/196
f 176/197 3/137 59/140 181/198
f 196/199 63/200 208/201 207/202
f 10/157 5/141 61/144 66/158
f 83/203 78/204 291/205 292/206
f 34/207 33/208 79/209 80/210
f 340/211 300/212 117/213 201/214
f 346/215 302/216 111/217 231/218
f 303/219 299/220 112/221 118/222
f 343/223 305/224 108/225 224/226
f 349/227 307/228 121/229 254/230
f 305/224 308/231 106/232 108/225
f 307/228 309/233 122/234 121/229
f 310/235 311/236 100/237 94/238
f 312/239 313/240 93/241 107/242
f 339/243 310/235 94/238 197/244
f 315/245 316/246 113/247 128/248
f 309/233 317/249 123/250 122/234
f 318/251 319/252 97/253 102/254
f 348/255 304/256 125/257 241/258
f 336/259 321/260 124/261 173/262
f 322/263 323/264 96/265 101/266
f 321/260 320/267 127/268 124/261
f 324/269 325/270 110/271 120/272
f 326/273 314/274 99/275 98/276
f 300/212 327/277 116/278 117/213
f 328/279 329/280 103/281 104/282
f 350/283 312/239 107/242 261/284
f 327/285 330/286 115/287 116/288
f 338/289 331/290 105/291 184/292
f 319/252 326/293 98/294 97/253
f 332/295 303/219 118/222 119/296
f 331/290 328/279 104/282 105/291
f 313/240 318/251 102/254 93/241
f 335/297 333/298 114/299 172/300
f 311/236 322/263 101/266 100/237
f 337/301 334/302 95/303 183/304
f 333/298 332/295 119/296 114/299
f 341/305 315/245 128/248 216/306
f 334/302 301/307 109/308 95/303
f 330/286 324/269 120/272 115/287
f 325/270 306/309 126/310 110/271
f 33/311 151/312 146/313 38/314
f 35/315 153/316 150/317 34/318
f 42/319 163/320 155/321 55/322
f 199/323 30/71 143/70 202/324
f 34/325 150/326 151/312 33/311
f 28/68 38/314 146/313 145/65
f 251/327 255/328 158/329 39/330
f 40/331 39/330 158/329 157/332
f 41/333 40/331 157/332 159/334
f 167/335 175/336 163/337 42/338
f 237/339 236/340 156/341 43/342
f 5/343 10/344 137/345 131/346
f 7/347 6/348 130/349 138/350
f 14/351 26/352 139/353 152/354
f 195/355 198/356 132/20 2/19
f 6/357 5/343 131/346 130/358
f 1/14 141/13 137/345 10/344
f 258/359 11/360 162/361 262/362
f 12/363 161/364 162/361 11/360
f 13/365 160/366 161/364 12/363
f 180/367 14/351 152/354 186/368
f 228/369 43/370 156/371 234/372
f 41/333 159/334 175/336 167/335
f 316/246 335/297 172/300 113/247
f 317/249 336/259 173/262 123/250
f 41/146 167/191 171/192 87/147
f 77/373 92/374 290/375 289/376
f 250/32 54/377 425/378 427/33
f 149/97 174/379 165/380 31/98
f 46/381 45/382 432/383 434/384
f 13/365 180/367 186/368 160/366
f 323/264 337/301 183/304 96/265
f 308/231 338/289 184/292 106/232
f 176/385 181/386 193/387 189/388
f 14/110 180/179 182/180 70/111
f 15/24 16/57 411/60 409/25
f 133/53 3/56 176/389 185/390
f 449/391 168/392 440/393 459/394
f 187/156 188/155 192/395 191/396
f 190/397 189/398 193/399 194/400
f 78/401 170/402 191/396 192/395
f 170/403 165/404 187/405 191/406
f 60/407 4/408 190/409 194/410
f 181/411 60/412 194/400 193/399
f 32/413 78/414 192/415 188/416
f 4/417 176/418 189/398 190/397
f 7/419 138/420 198/421 195/422
f 314/274 339/243 197/244 99/275
f 35/423 81/424 210/425 206/426
f 35/427 199/428 202/429 153/430
f 299/220 340/211 201/214 112/221
f 30/131 199/431 200/432 76/132
f 205/433 206/434 210/435 209/436
f 204/437 203/438 207/202 208/201
f 195/439 196/440 207/441 203/442
f 81/443 200/444 209/436 210/435
f 7/445 195/446 203/438 204/437
f 199/447 35/448 206/434 205/433
f 63/449 7/450 204/451 208/452
f 200/453 199/454 205/455 209/456
f 55/322 155/321 218/457 211/458
f 347/459 341/305 216/306 242/460
f 320/267 342/461 215/462 127/268
f 55/106 211/463 213/464 91/107
f 92/465 214/466 277/467 278/468
f 164/100 56/99 212/469 217/470
f 26/352 220/471 226/472 139/353
f 345/473 343/223 224/226 232/474
f 301/307 344/475 223/476 109/308
f 219/477 227/478 271/479 283/480
f 228/481 220/117 222/118 230/482
f 142/54 225/483 219/484 27/55
f 43/485 228/486 243/487 244/488
f 304/489 345/473 232/474 125/490
f 220/471 228/491 234/492 226/472
f 344/475 346/215 231/218 223/476
f 73/493 27/494 279/495 280/496
f 225/483 233/49 227/52 219/484
f 221/497 73/498 280/499 284/500
f 302/501 347/459 242/460 111/502
f 211/458 218/457 236/503 237/504
f 342/461 348/255 241/258 215/462
f 211/463 237/505 239/506 213/464
f 217/470 212/469 238/94 235/93
f 247/507 244/508 246/184 248/183
f 244/488 243/487 245/509 246/510
f 228/511 230/512 245/513 243/514
f 230/515 89/516 246/510 245/509
f 237/517 43/518 244/508 247/507
f 239/519 237/520 247/521 248/522
f 47/523 154/524 255/525 251/526
f 306/309 349/227 254/230 126/310
f 251/527 253/528 269/529 265/530
f 20/40 24/61 408/62 419/41
f 252/531 249/81 445/82 437/532
f 18/533 258/534 262/535 140/536
f 329/280 350/283 261/284 103/281
f 11/164 258/537 260/538 67/165
f 53/83 49/35 416/36 418/84
f 50/78 252/531 437/532 436/79
f 263/176 264/175 268/539 267/540
f 266/541 265/542 269/543 270/544
f 47/545 251/546 265/547 266/548
f 71/549 260/550 267/540 268/539
f 253/551 90/552 270/553 269/554
f 260/555 258/556 263/557 267/558
f 90/559 47/560 266/561 270/562
f 18/563 71/564 268/565 264/566
f 273/567 274/568 278/569 277/570
f 271/571 272/572 276/573 275/574
f 281/575 273/567 277/570 282/576
f 279/577 283/578 284/579 280/580
f 283/578 271/571 275/574 284/579
f 272/572 281/575 282/576 276/573
f 27/581 219/477 283/480 279/582
f 212/134 56/583 274/584 273/135
f 227/478 29/585 272/586 271/479
f 214/466 240/587 282/588 277/467
f 229/589 221/497 284/500 275/590
f 240/587 75/591 276/592 282/588
f 56/593 92/594 278/595 274/596
f 75/597 229/589 275/590 276/598
f 287/599 288/600 292/601 291/205
f 286/190 285/602 289/603 290/375
f 285/602 293/604 294/605 289/603
f 170/606 77/373 289/376 294/605
f 78/204 32/607 287/599 291/205
f 37/119 83/122 295/608 296/609
f 165/610 170/606 294/605 293/604
f 31/188 165/610 293/604 285/189
f 92/594 56/593 286/611 290/612
f 32/607 37/613 288/614 287/599
f 296/615 295/616 297/617 298/618
f 292/601 288/600 298/619 297/620
f 83/203 292/206 297/621 295/622
f 288/614 37/613 296/623 298/624
f 382/625 402/626 350/283 329/280
f 355/627 401/628 349/227 306/309
f 394/629 400/630 348/255 342/461
f 368/631 399/632 347/459 302/501
f 396/633 398/634 346/215 344/475
f 354/635 397/636 345/473 304/489
f 352/637 396/633 344/475 301/307
f 397/636 395/638 343/223 345/473
f 361/639 394/629 342/461 320/267
f 399/632 393/640 341/305 347/459
f 351/641 392/642 340/211 299/220
f 358/643 391/644 339/243 314/274
f 371/645 390/646 338/289 308/231
f 379/647 389/648 337/301 323/264
f 376/649 388/650 336/259 317/249
f 375/651 387/652 335/297 316/246
f 380/653 355/627 306/309 325/270
f 383/654 363/655 324/269 330/286
f 386/656 352/637 301/307 334/302
f 393/640 359/657 315/245 341/305
f 385/658 366/659 332/295 333/298
f 389/648 386/656 334/302 337/301
f 373/660 362/661 322/263 311/236
f 387/652 385/658 333/298 335/297
f 374/662 360/663 318/251 313/240
f 384/664 365/665 328/279 331/290
f 366/659 353/666 303/219 332/295
f 377/667 364/668 326/293 319/252
f 390/646 384/664 331/290 338/289
f 381/669 383/654 330/286 327/285
f 402/626 357/670 312/239 350/283
f 365/665 382/625 329/280 328/279
f 367/671 381/672 327/277 300/212
f 364/673 358/643 314/274 326/273
f 363/655 380/653 325/270 324/269
f 378/674 361/639 320/267 321/260
f 362/661 379/647 323/264 322/263
f 388/650 378/674 321/260 336/259
f 400/630 354/675 304/256 348/255
f 360/663 377/667 319/252 318/251
f 372/676 376/649 317/249 309/233
f 359/657 375/651 316/246 315/245
f 391/644 356/677 310/235 339/243
f 357/670 374/662 313/240 312/239
f 356/677 373/660 311/236 310/235
f 370/678 372/676 309/233 307/228
f 369/679 371/645 308/231 305/224
f 401/628 370/678 307/228 349/227
f 395/638 369/679 305/224 343/223
f 353/666 351/641 299/220 303/219
f 398/634 368/680 302/216 346/215
f 392/642 367/671 300/212 340/211
f 200/681 81/682 367/683 392/684
f 229/685 75/686 368/687 398/688
f 82/689 76/690 351/691 353/692
f 222/693 72/694 369/695 395/696
f 253/697 85/698 370/699 401/700
f 72/694 70/701 371/702 369/695
f 85/698 86/703 372/704 370/699
f 58/705 64/706 373/707 356/708
f 71/709 57/710 374/711 357/712
f 196/713 58/705 356/708 391/714
f 92/715 77/716 375/717 359/718
f 86/703 87/719 376/720 372/704
f 66/721 61/722 377/723 360/724
f 239/725 89/726 354/727 400/728
f 171/729 88/730 378/731 388/732
f 65/733 60/734 379/735 362/736
f 88/730 91/737 361/738 378/731
f 84/739 74/740 380/741 363/742
f 62/743 63/744 358/745 364/746
f 81/747 80/748 381/749 367/750
f 68/751 67/752 382/753 365/754
f 260/755 71/756 357/757 402/758
f 80/759 79/760 383/761 381/762
f 182/763 69/764 384/765 390/766
f 61/722 62/767 364/768 377/723
f 83/769 82/689 353/692 366/770
f 69/764 68/751 365/754 384/765
f 57/710 66/721 360/724 374/711
f 170/771 78/772 385/773 387/774
f 64/706 65/733 362/736 373/707
f 181/775 59/776 386/777 389/778
f 78/779 83/769 366/770 385/780
f 214/781 92/715 359/718 393/782
f 59/776 73/783 352/784 386/777
f 79/760 84/739 363/742 383/761
f 74/740 90/785 355/786 380/741
f 77/716 170/787 387/788 375/717
f 87/719 171/729 388/732 376/720
f 60/789 181/790 389/791 379/792
f 70/701 182/763 390/766 371/702
f 63/793 196/794 391/795 358/796
f 76/690 200/797 392/798 351/691
f 240/799 214/781 393/782 399/800
f 91/737 213/801 394/802 361/738
f 230/803 222/693 395/696 397/804
f 73/805 221/806 396/807 352/808
f 89/809 230/810 397/811 354/812
f 221/806 229/685 398/688 396/807
f 75/813 240/799 399/800 368/814
f 213/801 239/815 400/816 394/802
f 90/817 253/818 401/819 355/820
f 67/752 260/821 402/822 382/753
f 454/823 414/824 412/825 453/826
f 453/826 412/825 410/827 452/828
f 462/829 452/828 410/827 423/830
f 423/830 410/827 422/831 428/832
f 428/832 422/831 406/29 446/4
f 421/833 407/30 406/29 422/831
f 419/41 408/62 407/30 421/833
f 412/825 421/833 422/831 410/827
f 414/824 419/41 421/833 412/825
f 456/834 458/835 433/836 435/837
f 458/835 457/838 429/839 433/836
f 461/840 438/841 429/839 457/838
f 438/841 437/842 430/843 429/839
f 437/842 445/82 420/12 430/843
f 415/844 430/843 420/12 417/11
f 416/36 415/844 417/11 418/84
f 433/836 429/839 430/843 415/844
f 435/837 433/836 415/844 416/36
f 435/837 416/36 439/8 441/7
f 456/834 435/837 441/7 459/845
f 414/824 443/64 444/42 419/41
f 454/823 460/846 443/64 414/824
f 424/80 436/79 437/532 438/841
f 455/86 424/80 438/841 461/840
f 405/847 423/830 428/832 426/848
f 451/849 462/829 423/830 405/847
f 447/850 25/37 404/38 451/851
f 45/382 44/31 431/34 432/383
f 450/852 178/63 443/64 460/846
f 259/2 21/853 426/848 428/3
f 21/853 19/854 405/847 426/848
f 168/392 46/381 434/384 440/393
f 177/75 450/852 460/846 442/76
f 19/854 447/850 451/851 405/847
f 453/826 452/828 479/855 480/856
f 404/38 403/26 463/857 464/858
f 462/829 451/849 465/859 486/860
f 452/828 462/829 486/860 479/855
f 409/25 411/60 469/861 471/862
f 458/835 456/834 482/863 484/864
f 411/60 413/59 470/865 469/861
f 457/838 458/835 484/864 483/866
f 413/59 442/76 477/867 470/865
f 425/868 455/869 466/870 467/871
f 169/6 449/391 459/394 441/7
f 54/377 448/85 455/86 425/378
f 464/858 463/857 486/860 465/859
f 467/871 466/870 478/872 468/873
f 470/865 477/867 485/874 481/875
f 474/876 482/877 476/878 475/879
f 468/873 478/872 483/880 472/881
f 473/882 472/881 483/880 484/864
f 474/876 473/882 484/864 482/877
f 463/857 471/883 479/855 486/860
f 469/861 480/856 479/855 471/862
f 470/865 481/875 480/856 469/861
f 432/383 431/34 472/881 473/882
f 440/393 434/384 474/876 475/879
f 455/869 461/840 478/872 466/870
f 427/33 425/378 467/871 468/873
f 451/851 404/38 464/858 465/859
f 454/823 453/826 480/856 481/875
f 460/846 454/823 481/875 485/874
f 403/26 409/25 471/862 463/857
f 442/76 460/846 485/874 477/867
f 456/834 459/845 476/878 482/863
f 431/34 427/33 468/873 472/881
f 434/384 432/383 473/882 474/876
f 459/394 440/393 475/879 476/878
f 461/840 457/838 483/866 478/872
f 487/884 491/885 492/886 488/887
f 529/888 530/889 499/890 500/891
f 513/892 497/893 498/894 512/895
f 534/896 532/897 508/898 515/899
f 487/884 488/887 493/900 489/901
f 517/902 518/903 502/904 503/905
f 529/888 500/891 501/906 531/907
f 535/908 520/909 509/910 533/911
f 487/884 489/901 494/912 490/913
f 522/914 523/915 505/916 506/917
f 517/902 503/905 504/918 519/919
f 528/920 526/921 511/922 521/923
f 487/884 490/913 495/924 491/885
f 513/892 514/925 496/926 497/893
f 522/914 506/917 507/927 524/928
f 527/929 516/930 510/931 525/932
f 524/928 507/927 516/930 527/929
f 491/885 495/924 514/925 513/892
f 530/889 534/896 515/899 499/890
f 491/885 513/892 512/895 492/886
f 523/915 528/920 521/923 505/916
f 489/901 517/902 519/919 494/912
f 531/907 501/906 520/909 535/908
f 489/901 493/900 518/903 517/902
f 494/912 519/919 528/920 523/915
f 495/924 524/928 527/929 514/925
f 514/925 527/929 525/932 496/926
f 490/913 522/914 524/928 495/924
f 519/919 504/918 526/921 528/920
f 490/913 494/912 523/915 522/914
f 493/900 531/907 535/908 518/903
f 492/886 512/895 534/896 530/889
f 518/903 535/908 533/911 502/904
f 488/887 529/888 531/907 493/900
f 512/895 498/894 532/897 534/896
f 488/887 492/886 530/889 529/888
f 533/911 509/910 549/933 559/934
f 507/927 506/917 546/935 547/936
f 521/923 511/922 551/937 555/938
f 509/910 520/909 554/939 549/933
f 525/932 510/931 550/940 556/941
f 496/926 525/932 556/941 536/942
f 510/931 516/930 553/943 550/940
f 502/904 533/911 559/934 542/944
f 526/921 504/918 544/945 557/946
f 497/893 496/926 536/942 537/947
f 503/905 502/904 542/944 543/948
f 498/894 497/893 537/947 538/949
f 504/918 503/905 543/948 544/945
f 508/898 532/897 558/950 548/951
f 511/922 526/921 557/946 551/937
f 499/890 515/899 552/952 539/953
f 515/899 508/898 548/951 552/952
f 505/916 521/923 555/938 545/954
f 500/891 499/890 539/953 540/955
f 516/930 507/927 547/936 553/943
f 532/897 498/894 538/949 558/950
f 506/917 505/916 545/954 546/935
f 520/909 501/906 541/956 554/939
f 501/906 500/891 540/955 541/956
f 560/957 564/958 565/959 561/960
f 602/961 603/962 572/963 573/964
f 586/965 570/966 571/967 585/968
f 607/969 605/970 581/971 588/972
f 560/957 561/960 566/973 562/974
f 590/975 591/976 575/977 576/978
f 602/961 573/964 574/979 604/980
f 608/981 593/982 582/983 606/984
f 560/957 562/974 567/985 563/986
f 595/987 596/988 578/989 579/990
f 590/975 576/978 577/991 592/992
f 601/993 599/994 584/995 594/996
f 560/957 563/986 568/997 564/958
f 586/965 587/998 569/999 570/966
f 595/987 579/990 580/1000 597/1001
f 600/1002 589/1003 583/1004 598/1005
f 597/1001 580/1000 589/1003 600/1002
f 564/958 568/997 587/998 586/965
f 603/962 607/969 588/972 572/963
f 564/958 586/965 585/968 565/959
f 596/988 601/993 594/996 578/989
f 562/974 590/975 592/992 567/985
f 604/980 574/979 593/982 608/981
f 562/974 566/973 591/976 590/975
f 567/985 592/992 601/993 596/988
f 568/997 597/1001 600/1002 587/998
f 587/998 600/1002 598/1005 569/999
f 563/986 595/987 597/1001 568/997
f 592/992 577/991 599/994 601/993
f 563/986 567/985 596/988 595/987
f 566/973 604/980 608/981 591/976
f 565/959 585/968 607/969 603/962
f 591/976 608/981 606/984 575/977
f 561/960 602/961 604/980 566/973
f 585/968 571/967 605/970 607/969
f 561/960 565/959 603/962 602/961
f 606/984 582/983 622/1006 632/1007
f 580/1000 579/990 619/1008 620/1009
f 594/996 584/995 624/1010 628/1011
f 582/983 593/982 627/1012 622/1006
f 598/1005 583/1004 623/1013 629/1014
f 569/999 598/1005 629/1014 609/1015
f 583/1004 589/1003 626/1016 623/1013
f 575/977 606/984 632/1007 615/1017
f 599/994 577/991 617/1018 630/1019
f 570/966 569/999 609/1015 610/1020
f 576/978 575/977 615/1017 616/1021
f 571/967 570/966 610/1020 611/1022
f 577/991 576/978 616/1021 617/1018
f 581/971 605/970 631/1023 621/1024
f 584/995 599/994 630/1019 624/1010
f 572/963 588/972 625/1025 612/1026
f 588/972 581/971 621/1024 625/1025
f 578/989 594/996 628/1011 618/1027
f 573/964 572/963 612/1026 613/1028
f 589/1003 580/1000 620/1009 626/1016
f 605/970 571/967 611/1022 631/1023
f 579/990 578/989 618/1027 619/1008
f 593/982 574/979 614/1029 627/1012
f 574/979 573/964 613/1028 614/1029
f 633/1030 634/1031 638/1032 637/1033
f 675/1034 646/1035 645/1036 676/1037
f 659/1038 658/1039 644/1040 643/1041
f 680/1042 661/1043 654/1044 678/1045
f 633/1030 635/1046 639/1047 634/1031
f 663/1048 649/1049 648/1050 664/1051
f 675/1034 677/1052 647/1053 646/1035
f 681/1054 679/1055 655/1056 666/1057
f 633/1030 636/1058 640/1059 635/1046
f 668/1060 652/1061 651/1062 669/1063
f 663/1048 665/1064 650/1065 649/1049
f 674/1066 667/1067 657/1068 672/1069
f 633/1030 637/1033 641/1070 636/1058
f 659/1038 643/1041 642/1071 660/1072
f 668/1060 670/1073 653/1074 652/1061
f 673/1075 671/1076 656/1077 662/1078
f 670/1073 673/1075 662/1078 653/1074
f 637/1033 659/1038 660/1072 641/1070
f 676/1037 645/1036 661/1043 680/1042
f 637/1033 638/1032 658/1039 659/1038
f 669/1063 651/1062 667/1067 674/1066
f 635/1046 640/1059 665/1064 663/1048
f 677/1052 681/1054 666/1057 647/1053
f 635/1046 663/1048 664/1051 639/1047
f 640/1059 669/1063 674/1066 665/1064
f 641/1070 660/1072 673/1075 670/1073
f 660/1072 642/1071 671/1076 673/1075
f 636/1058 641/1070 670/1073 668/1060
f 665/1064 674/1066 672/1069 650/1065
f 636/1058 668/1060 669/1063 640/1059
f 639/1047 664/1051 681/1054 677/1052
f 638/1032 676/1037 680/1042 658/1039
f 664/1051 648/1050 679/1055 681/1054
f 634/1031 639/1047 677/1052 675/1034
f 658/1039 680/1042 678/1045 644/1040
f 634/1031 675/1034 676/1037 638/1032
f 679/1055 705/1079 695/1080 655/1056
f 653/1074 693/1081 692/1082 652/1061
f 667/1067 701/1083 697/1084 657/1068
f 655/1056 695/1080 700/1085 666/1057
f 671/1076 702/1086 696/1087 656/1077
f 642/1071 682/1088 702/1086 671/1076
f 656/1077 696/1087 699/1089 662/1078
f 648/1050 688/1090 705/1079 679/1055
f 672/1069 703/1091 690/1092 650/1065
f 643/1041 683/1093 682/1088 642/1071
f 649/1049 689/1094 688/1090 648/1050
f 644/1040 684/1095 683/1093 643/1041
f 650/1065 690/1092 689/1094 649/1049
f 654/1044 694/1096 704/1097 678/1045
f 657/1068 697/1084 703/1091 672/1069
f 645/1036 685/1098 698/1099 661/1043
f 661/1043 698/1099 694/1096 654/1044
f 651/1062 691/1100 701/1083 667/1067
f 646/1035 686/1101 685/1098 645/1036
f 662/1078 699/1089 693/1081 653/1074
f 678/1045 704/1097 684/1095 644/1040
f 652/1061 692/1082 691/1100 651/1062
f 666/1057 700/1085 687/1102 647/1053
f 647/1053 687/1102 686/1101 646/1035
f 706/1103 707/1104 711/1105 710/1106
f 748/1107 719/1108 718/1109 749/1110
f 732/1111 731/1112 717/1113 716/1114
f 753/1115 734/1116 727/1117 751/1118
f 706/1103 708/1119 712/1120 707/1104
f 736/1121 722/1122 721/1123 737/1124
f 748/1107 750/1125 720/1126 719/1108
f 754/1127 752/1128 728/1129 739/1130
f 706/1103 709/1131 713/1132 708/1119
f 741/1133 725/1134 724/1135 742/1136
f 736/1121 738/1137 723/1138 722/1122
f 747/1139 740/1140 730/1141 745/1142
f 706/1103 710/1106 714/1143 709/1131
f 732/1111 716/1114 715/1144 733/1145
f 741/1133 743/1146 726/1147 725/1134
f 746/1148 744/1149 729/1150 735/1151
f 743/1146 746/1148 735/1151 726/1147
f 710/1106 732/1111 733/1145 714/1143
f 749/1110 718/1109 734/1116 753/1115
f 710/1106 711/1105 731/1112 732/1111
f 742/1136 724/1135 740/1140 747/1139
f 708/1119 713/1132 738/1137 736/1121
f 750/1125 754/1127 739/1130 720/1126
f 708/1119 736/1121 737/1124 712/1120
f 713/1132 742/1136 747/1139 738/1137
f 714/1143 733/1145 746/1148 743/1146
f 733/1145 715/1144 744/1149 746/1148
f 709/1131 714/1143 743/1146 741/1133
f 738/1137 747/1139 745/1142 723/1138
f 709/1131 741/1133 742/1136 713/1132
f 712/1120 737/1124 754/1127 750/1125
f 711/1105 749/1110 753/1115 731/1112
f 737/1124 721/1123 752/1128 754/1127
f 707/1104 712/1120 750/1125 748/1107
f 731/1112 753/1115 751/1118 717/1113
f 707/1104 748/1107 749/1110 711/1105
f 752/1128 778/1152 768/1153 728/1129
f 726/1147 766/1154 765/1155 725/1134
f 740/1140 774/1156 770/1157 730/1141
f 728/1129 768/1153 773/1158 739/1130
f 744/1149 775/1159 769/1160 729/1150
f 715/1144 755/1161 775/1159 744/1149
f 729/1150 769/1160 772/1162 735/1151
f 721/1123 761/1163 778/1152 752/1128
f 745/1142 776/1164 763/1165 723/1138
f 716/1114 756/1166 755/1161 715/1144
f 722/1122 762/1167 761/1163 721/1123
f 717/1113 757/1168 756/1166 716/1114
f 723/1138 763/1165 762/1167 722/1122
f 727/1117 767/1169 777/1170 751/1118
f 730/1141 770/1157 776/1164 745/1142
f 718/1109 758/1171 771/1172 734/1116
f 734/1116 771/1172 767/1169 727/1117
f 724/1135 764/1173 774/1156 740/1140
f 719/1108 759/1174 758/1171 718/1109
f 735/1151 772/1162 766/1154 726/1147
f 751/1118 777/1170 757/1168 717/1113
f 725/1134 765/1155 764/1173 724/1135
f 739/1130 773/1158 760/1175 720/1126
f 720/1126 760/1175 759/1174 719/1108
f 779/1176 783/1177 784/1178 780/1179
f 821/1180 822/1181 791/1182 792/1183
f 805/1184 789/1185 790/1186 804/1187
f 826/1188 824/1189 800/1190 807/1191
f 779/1176 780/1179 785/1192 781/1193
f 809/1194 810/1195 794/1196 795/1197
f 821/1180 792/1183 793/1198 823/1199
f 827/1200 812/1201 801/1202 825/1203
f 779/1176 781/1193 786/1204 782/1205
f 814/1206 815/1207 797/1208 798/1209
f 809/1194 795/1197 796/1210 811/1211
f 820/1212 818/1213 803/1214 813/1215
f 779/1176 782/1205 787/1216 783/1177
f 805/1184 806/1217 788/1218 789/1185
f 814/1206 798/1209 799/1219 816/1220
f 819/1221 808/1222 802/1223 817/1224
f 816/1220 799/1219 808/1222 819/1221
f 783/1177 787/1216 806/1217 805/1184
f 822/1181 826/1188 807/1191 791/1182
f 783/1177 805/1184 804/1187 784/1178
f 815/1207 820/1212 813/1215 797/1208
f 781/1193 809/1194 811/1211 786/1204
f 823/1199 793/1198 812/1201 827/1200
f 781/1193 785/1192 810/1195 809/1194
f 786/1204 811/1211 820/1212 815/1207
f 787/1216 816/1220 819/1221 806/1217
f 806/1217 819/1221 817/1224 788/1218
f 782/1205 814/1206 816/1220 787/1216
f 811/1211 796/1210 818/1213 820/1212
f 782/1205 786/1204 815/1207 814/1206
f 785/1192 823/1199 827/1200 810/1195
f 784/1178 804/1187 826/1188 822/1181
f 810/1195 827/1200 825/1203 794/1196
f 780/1179 821/1180 823/1199 785/1192
f 804/1187 790/1186 824/1189 826/1188
f 780/1179 784/1178 822/1181 821/1180
f 825/1203 801/1202 841/1225 851/1226
f 799/1219 798/1209 838/1227 839/1228
f 813/1215 803/1214 843/1229 847/1230
f 801/1202 812/1201 846/1231 841/1225
f 817/1224 802/1223 842/1232 848/1233
f 788/1218 817/1224 848/1233 828/1234
f 802/1223 808/1222 845/1235 842/1232
f 794/1196 825/1203 851/1226 834/1236
f 818/1213 796/1210 836/1237 849/1238
f 789/1185 788/1218 828/1234 829/1239
f 795/1197 794/1196 834/1236 835/1240
f 790/1186 789/1185 829/1239 830/1241
f 796/1210 795/1197 835/1240 836/1237
f 800/1190 824/1189 850/1242 840/1243
f 803/1214 818/1213 849/1238 843/1229
f 791/1182 807/1191 844/1244 831/1245
f 807/1191 800/1190 840/1243 844/1244
f 797/1208 813/1215 847/1230 837/1246
f 792/1183 791/1182 831/1245 832/1247
f 808/1222 799/1219 839/1228 845/1235
f 824/1189 790/1186 830/1241 850/1242
f 798/1209 797/1208 837/1246 838/1227
f 812/1201 793/1198 833/1248 846/1231
f 793/1198 792/1183 832/1247 833/1248
f 852/1249 856/1250 857/1251 853/1252
f 894/1253 895/1254 864/1255 865/1256
f 878/1257 862/1258 863/1259 877/1260
f 899/1261 897/1262 873/1263 880/1264
f 852/1249 853/1252 858/1265 854/1266
f 882/1267 883/1268 867/1269 868/1270
f 894/1253 865/1256 866/1271 896/1272
f 900/1273 885/1274 874/1275 898/1276
f 852/1249 854/1266 859/1277 855/1278
f 887/1279 888/1280 870/1281 871/1282
f 882/1267 868/1270 869/1283 884/1284
f 893/1285 891/1286 876/1287 886/1288
f 852/1249 855/1278 860/1289 856/1250
f 878/1257 879/1290 861/1291 862/1258
f 887/1279 871/1282 872/1292 889/1293
f 892/1294 881/1295 875/1296 890/1297
f 889/1293 872/1292 881/1295 892/1294
f 856/1250 860/1289 879/1290 878/1257
f 895/1254 899/1261 880/1264 864/1255
f 856/1250 878/1257 877/1260 857/1251
f 888/1280 893/1285 886/1288 870/1281
f 854/1266 882/1267 884/1284 859/1277
f 896/1272 866/1271 885/1274 900/1273
f 854/1266 858/1265 883/1268 882/1267
f 859/1277 884/1284 893/1285 888/1280
f 860/1289 889/1293 892/1294 879/1290
f 879/1290 892/1294 890/1297 861/1291
f 855/1278 887/1279 889/1293 860/1289
f 884/1284 869/1283 891/1286 893/1285
f 855/1278 859/1277 888/1280 887/1279
f 858/1265 896/1272 900/1273 883/1268
f 857/1251 877/1260 899/1261 895/1254
f 883/1268 900/1273 898/1276 867/1269
f 853/1252 894/1253 896/1272 858/1265
f 877/1260 863/1259 897/1262 899/1261
f 853/1252 857/1251 895/1254 894/1253
f 898/1276 874/1275 914/1298 924/1299
f 872/1292 871/1282 911/1300 912/1301
f 886/1288 876/1287 916/1302 920/1303
f 874/1275 885/1274 919/1304 914/1298
f 890/1297 875/1296 915/1305 921/1306
f 861/1291 890/1297 921/1306 901/1307
f 875/1296 881/1295 918/1308 915/1305
f 867/1269 898/1276 924/1299 907/1309
f 891/1286 869/1283 909/1310 922/1311
f 862/1258 861/1291 901/1307 902/1312
f 868/1270 867/1269 907/1309 908/1313
f 863/1259 862/1258 902/1312 903/1314
f 869/1283 868/1270 908/1313 909/1310
f 873/1263 897/1262 923/1315 913/1316
f 876/1287 891/1286 922/1311 916/1302
f 864/1255 880/1264 917/1317 904/1318
f 880/1264 873/1263 913/1316 917/1317
f 870/1281 886/1288 920/1303 910/1319
f 865/1256 864/1255 904/1318 905/1320
f 881/1295 872/1292 912/1301 918/1308
f 897/1262 863/1259 903/1314 923/1315
f 871/1282 870/1281 910/1319 911/1300
f 885/1274 866/1271 906/1321 919/1304
f 866/1271 865/1256 905/1320 906/1321
f 925/1322 926/1323 930/1324 929/1325
f 967/1326 938/1327 937/1328 968/1329
f 951/1330 950/1331 936/1332 935/1333
f 972/1334 953/1335 946/1336 970/1337
f 925/1322 927/1338 931/1339 926/1323
f 955/1340 941/1341 940/1342 956/1343
f 967/1326 969/1344 939/1345 938/1327
f 973/1346 971/1347 947/1348 958/1349
f 925/1322 928/1350 932/1351 927/1338
f 960/1352 944/1353 943/1354 961/1355
f 955/1340 957/1356 942/1357 941/1341
f 966/1358 959/1359 949/1360 964/1361
f 925/1322 929/1325 933/1362 928/1350
f 951/1330 935/1333 934/1363 952/1364
f 960/1352 962/1365 945/1366 944/1353
f 965/1367 963/1368 948/1369 954/1370
f 962/1365 965/1367 954/1370 945/1366
f 929/1325 951/1330 952/1364 933/1362
f 968/1329 937/1328 953/1335 972/1334
f 929/1325 930/1324 950/1331 951/1330
f 961/1355 943/1354 959/1359 966/1358
f 927/1338 932/1351 957/1356 955/1340
f 969/1344 973/1346 958/1349 939/1345
f 927/1338 955/1340 956/1343 931/1339
f 932/1351 961/1355 966/1358 957/1356
f 933/1362 952/1364 965/1367 962/1365
f 952/1364 934/1363 963/1368 965/1367
f 928/1350 933/1362 962/1365 960/1352
f 957/1356 966/1358 964/1361 942/1357
f 928/1350 960/1352 961/1355 932/1351
f 931/1339 956/1343 973/1346 969/1344
f 930/1324 968/1329 972/1334 950/1331
f 956/1343 940/1342 971/1347 973/1346
f 926/1323 931/1339 969/1344 967/1326
f 950/1331 972/1334 970/1337 936/1332
f 926/1323 967/1326 968/1329 930/1324
f 971/1347 997/1371 987/1372 947/1348
f 945/1366 985/1373 984/1374 944/1353
f 959/1359 993/1375 989/1376 949/1360
f 947/1348 987/1372 992/1377 958/1349
f 963/1368 994/1378 988/1379 948/1369
f 934/1363 974/1380 994/1378 963/1368
f 948/1369 988/1379 991/1381 954/1370
f 940/1342 980/1382 997/1371 971/1347
f 964/1361 995/1383 982/1384 942/1357
f 935/1333 975/1385 974/1380 934/1363
f 941/1341 981/1386 980/1382 940/1342
f 936/1332 976/1387 975/1385 935/1333
f 942/1357 982/1384 981/1386 941/1341
f 946/1336 986/1388 996/1389 970/1337
f 949/1360 989/1376 995/1383 964/1361
f 937/1328 977/1390 990/1391 953/1335
f 953/1335 990/1391 986/1388 946/1336
f 943/1354 983/1392 993/1375 959/1359
f 938/1327 978/1393 977/1390 937/1328
f 954/1370 991/1381 985/1373 945/1366
f 970/1337 996/1389 976/1387 936/1332
f 944/1353 984/1374 983/1392 943/1354
f 958/1349 992/1377 979/1394 939/1345
f 939/1345 979/1394 978/1393 938/1327
f 998/1395 999/1396 1003/1397 1002/1398
f 1040/1399 1011/1400 1010/1401 1041/1402
f 1024/1403 1023/1404 1009/1405 1008/1406
f 1045/1407 1026/1408 1019/1409 1043/1410
f 998/1395 1000/1411 1004/1412 999/1396
f 1028/1413 1014/1414 1013/1415 1029/1416
f 1040/1399 1042/1417 1012/1418 1011/1400
f 1046/1419 1044/1420 1020/1421 1031/1422
f 998/1395 1001/1423 1005/1424 1000/1411
f 1033/1425 1017/1426 1016/1427 1034/1428
f 1028/1413 1030/1429 1015/1430 1014/1414
f 1039/1431 1032/1432 1022/1433 1037/1434
f 998/1395 1002/1398 1006/1435 1001/1423
f 1024/1403 1008/1406 1007/1436 1025/1437
f 1033/1425 1035/1438 1018/1439 1017/1426
f 1038/1440 1036/1441 1021/1442 1027/1443
f 1035/1438 1038/1440 1027/1443 1018/1439
f 1002/1398 1024/1403 1025/1437 1006/1435
f 1041/1402 1010/1401 1026/1408 1045/1407
f 1002/1398 1003/1397 1023/1404 1024/1403
f 1034/1428 1016/1427 1032/1432 1039/1431
f 1000/1411 1005/1424 1030/1429 1028/1413
f 1042/1417 1046/1419 1031/1422 1012/1418
f 1000/1411 1028/1413 1029/1416 1004/1412
f 1005/1424 1034/1428 1039/1431 1030/1429
f 1006/1435 1025/1437 1038/1440 1035/1438
f 1025/1437 1007/1436 1036/1441 1038/1440
f 1001/1423 1006/1435 1035/1438 1033/1425
f 1030/1429 1039/1431 1037/1434 1015/1430
f 1001/1423 1033/1425 1034/1428 1005/1424
f 1004/1412 1029/1416 1046/1419 1042/1417
f 1003/1397 1041/1402 1045/1407 1023/1404
f 1029/1416 1013/1415 1044/1420 1046/1419
f 999/1396 1004/1412 1042/1417 1040/1399
f 1023/1404 1045/1407 1043/1410 1009/1405
f 999/1396 1040/1399 1041/1402 1003/1397
f 1044/1420 1070/1444 1060/1445 1020/1421
f 1018/1439 1058/1446 1057/1447 1017/1426
f 1032/1432 1066/1448 1062/1449 1022/1433
f 1020/1421 1060/1445 1065/1450 1031/1422
f 1036/1441 1067/1451 1061/1452 1021/1442
f 1007/1436 1047/1453 1067/1451 1036/1441
f 1021/1442 1061/1452 1064/1454 1027/1443
f 1013/1415 1053/1455 1070/1444 1044/1420
f 1037/1434 1068/1456 1055/1457 1015/1430
f 1008/1406 1048/1458 1047/1453 1007/1436
f 1014/1414 1054/1459 1053/1455 1013/1415
f 1009/1405 1049/1460 1048/1458 1008/1406
f 1015/1430 1055/1457 1054/1459 1014/1414
f 1019/1409 1059/1461 1069/1462 1043/1410
f 1022/1433 1062/1449 1068/1456 1037/1434
f 1010/1401 1050/1463 1063/1464 1026/1408
f 1026/1408 1063/1464 1059/1461 1019/1409
f 1016/1427 1056/1465 1066/1448 1032/1432
f 1011/1400 1051/1466 1050/1463 1010/1401
f 1027/1443 1064/1454 1058/1446 1018/1439
f 1043/1410 1069/1462 1049/1460 1009/1405
f 1017/1426 1057/1447 1056/1465 1016/1427
f 1031/1422 1065/1450 1052/1467 1012/1418
f 1012/1418 1052/1467 1051/1466 1011/1400
f 1071/1468 1215/1469 1498/1470 1223/1471
f 1071/1468 1223/1471 1499/1472 1217/1473
f 1071/1468 1217/1473 1491/1474 1218/1475
f 1071/1468 1218/1475 1492/1476 1215/1469
f 1072/1477 1214/1478 1497/1479 1222/1480
f 1072/1477 1222/1480 1498/1470 1215/1469
f 1072/1477 1215/1469 1492/1476 1216/1481
f 1072/1477 1216/1481 1493/1482 1214/1478
f 1073/1483 1226/1484 1502/1485 1225/1486
f 1073/1483 1225/1486 1496/1487 1213/1488
f 1073/1483 1213/1488 1494/1489 1212/1490
f 1073/1483 1212/1490 1501/1491 1226/1484
f 1074/1492 1213/1488 1496/1487 1220/1493
f 1074/1492 1220/1493 1500/1494 1219/1495
f 1074/1492 1219/1495 1495/1496 1211/1497
f 1074/1492 1211/1497 1494/1489 1213/1488
f 1075/1498 1217/1473 1499/1472 1221/1499
f 1075/1498 1221/1499 1502/1485 1226/1484
f 1075/1498 1226/1484 1501/1491 1224/1500
f 1075/1498 1224/1500 1491/1474 1217/1473
f 1076/1501 1239/1502 1510/1503 1231/1504
f 1076/1501 1231/1504 1504/1505 1234/1506
f 1076/1501 1234/1506 1503/1507 1233/1508
f 1076/1501 1233/1508 1511/1509 1239/1502
f 1077/1510 1238/1511 1509/1512 1230/1513
f 1077/1510 1230/1513 1505/1514 1232/1515
f 1077/1510 1232/1515 1504/1505 1231/1504
f 1077/1510 1231/1504 1510/1503 1238/1511
f 1078/1516 1241/1517 1514/1518 1242/1519
f 1078/1516 1242/1519 1513/1520 1228/1521
f 1078/1516 1228/1521 1506/1522 1229/1523
f 1078/1516 1229/1523 1508/1524 1241/1517
f 1079/1525 1236/1526 1508/1524 1229/1523
f 1079/1525 1229/1523 1506/1522 1227/1527
f 1079/1525 1227/1527 1507/1528 1235/1529
f 1079/1525 1235/1529 1512/1530 1236/1526
f 1080/1531 1237/1532 1511/1509 1233/1508
f 1080/1531 1233/1508 1503/1507 1240/1533
f 1080/1531 1240/1533 1513/1520 1242/1519
f 1080/1531 1242/1519 1514/1518 1237/1532
f 1081/1534 1342/1535 1510/1503 1239/1502
f 1081/1534 1239/1502 1511/1509 1250/1536
f 1081/1534 1250/1536 1548/1537 1311/1538
f 1081/1534 1311/1538 1549/1539 1342/1535
f 1082/1540 1224/1541 1501/1542 1246/1543
f 1082/1540 1246/1543 1513/1544 1240/1545
f 1082/1540 1240/1545 1503/1546 1245/1547
f 1082/1540 1245/1547 1491/1548 1224/1541
f 1083/1549 1268/1550 1505/1514 1230/1513
f 1083/1549 1230/1513 1509/1512 1267/1551
f 1083/1549 1267/1551 1521/1552 1264/1553
f 1083/1549 1264/1553 1522/1554 1268/1550
f 1084/1555 1343/1556 1525/1557 1276/1558
f 1084/1555 1276/1558 1521/1559 1247/1560
f 1084/1555 1247/1560 1554/1561 1327/1562
f 1084/1555 1327/1562 1556/1563 1343/1556
f 1085/1564 1211/1565 1495/1566 1252/1567
f 1085/1564 1252/1567 1507/1568 1227/1569
f 1085/1564 1227/1569 1506/1570 1251/1571
f 1085/1564 1251/1571 1494/1572 1211/1565
f 1086/1573 1218/1574 1491/1548 1245/1547
f 1086/1573 1245/1547 1503/1546 1234/1575
f 1086/1573 1234/1575 1504/1576 1253/1577
f 1086/1573 1253/1577 1492/1578 1218/1574
f 1087/1579 1249/1580 1509/1512 1238/1511
f 1087/1579 1238/1511 1510/1503 1342/1535
f 1087/1579 1342/1535 1549/1539 1310/1581
f 1087/1579 1310/1581 1550/1582 1249/1580
f 1088/1583 1341/1584 1519/1585 1275/1586
f 1088/1583 1275/1586 1523/1587 1340/1588
f 1088/1583 1340/1588 1555/1589 1326/1590
f 1088/1583 1326/1590 1553/1591 1341/1584
f 1089/1592 1212/1593 1494/1572 1251/1571
f 1089/1592 1251/1571 1506/1570 1228/1594
f 1089/1592 1228/1594 1513/1544 1246/1543
f 1089/1592 1246/1543 1501/1542 1212/1593
f 1090/1595 1339/1596 1499/1472 1223/1471
f 1090/1595 1223/1471 1498/1470 1281/1597
f 1090/1595 1281/1597 1543/1598 1306/1599
f 1090/1595 1306/1599 1542/1600 1339/1596
f 1091/1601 1216/1602 1492/1578 1253/1577
f 1091/1601 1253/1577 1504/1576 1232/1603
f 1091/1601 1232/1603 1505/1604 1248/1605
f 1091/1601 1248/1605 1493/1606 1216/1602
f 1092/1607 1338/1608 1515/1609 1260/1610
f 1092/1607 1260/1610 1500/1611 1337/1612
f 1092/1607 1337/1612 1539/1613 1321/1614
f 1092/1607 1321/1614 1551/1615 1338/1608
f 1093/1616 1255/1617 1515/1618 1257/1619
f 1093/1616 1257/1619 1517/1620 1256/1621
f 1093/1616 1256/1621 1518/1622 1258/1623
f 1093/1616 1258/1623 1516/1624 1255/1617
f 1094/1625 1261/1626 1495/1496 1219/1495
f 1094/1625 1219/1495 1500/1494 1260/1610
f 1094/1625 1260/1610 1515/1609 1255/1617
f 1094/1625 1255/1617 1516/1624 1261/1626
f 1095/1627 1262/1628 1507/1568 1252/1567
f 1095/1627 1252/1567 1495/1566 1261/1629
f 1095/1627 1261/1629 1516/1630 1258/1631
f 1095/1627 1258/1631 1518/1632 1262/1628
f 1096/1633 1259/1634 1512/1530 1235/1529
f 1096/1633 1235/1529 1507/1528 1262/1635
f 1096/1633 1262/1635 1518/1636 1256/1637
f 1096/1633 1256/1637 1517/1638 1259/1634
f 1097/1639 1243/1640 1535/1641 1297/1642
f 1097/1639 1297/1642 1537/1643 1244/1644
f 1097/1639 1244/1644 1562/1645 1334/1646
f 1097/1639 1334/1646 1561/1647 1243/1640
f 1098/1648 1269/1649 1493/1606 1248/1605
f 1098/1648 1248/1605 1505/1604 1268/1650
f 1098/1648 1268/1650 1522/1651 1266/1652
f 1098/1648 1266/1652 1520/1653 1269/1649
f 1099/1654 1270/1655 1497/1479 1214/1478
f 1099/1654 1214/1478 1493/1482 1269/1656
f 1099/1654 1269/1656 1520/1657 1263/1658
f 1099/1654 1263/1658 1519/1659 1270/1655
f 1100/1660 1247/1560 1521/1559 1267/1551
f 1100/1660 1267/1551 1509/1512 1249/1580
f 1100/1660 1249/1580 1550/1582 1323/1661
f 1100/1660 1323/1661 1554/1561 1247/1560
f 1101/1662 1284/1663 1523/1664 1271/1665
f 1101/1662 1271/1665 1524/1666 1283/1667
f 1101/1662 1283/1667 1528/1668 1279/1669
f 1101/1662 1279/1669 1527/1670 1284/1663
f 1102/1671 1275/1586 1519/1585 1263/1658
f 1102/1671 1263/1658 1520/1657 1277/1672
f 1102/1671 1277/1672 1524/1666 1271/1665
f 1102/1671 1271/1665 1523/1664 1275/1586
f 1103/1673 1277/1674 1520/1653 1266/1652
f 1103/1673 1266/1652 1522/1651 1278/1675
f 1103/1673 1278/1675 1526/1676 1274/1677
f 1103/1673 1274/1677 1524/1678 1277/1674
f 1104/1679 1278/1680 1522/1554 1264/1553
f 1104/1679 1264/1553 1521/1552 1276/1558
f 1104/1679 1276/1558 1525/1557 1272/1681
f 1104/1679 1272/1681 1526/1682 1278/1680
f 1105/1683 1292/1684 1528/1685 1282/1686
f 1105/1683 1282/1686 1530/1687 1291/1688
f 1105/1683 1291/1688 1534/1689 1290/1690
f 1105/1683 1290/1690 1532/1691 1292/1684
f 1106/1692 1283/1693 1524/1678 1274/1677
f 1106/1692 1274/1677 1526/1676 1285/1694
f 1106/1692 1285/1694 1530/1687 1282/1686
f 1106/1692 1282/1686 1528/1685 1283/1693
f 1107/1695 1285/1696 1526/1682 1272/1681
f 1107/1695 1272/1681 1525/1557 1286/1697
f 1107/1695 1286/1697 1529/1698 1280/1699
f 1107/1695 1280/1699 1530/1700 1285/1696
f 1108/1701 1250/1536 1511/1509 1237/1532
f 1108/1701 1237/1532 1514/1518 1254/1702
f 1108/1701 1254/1702 1547/1703 1309/1704
f 1108/1701 1309/1704 1548/1537 1250/1536
f 1109/1705 1265/1706 1512/1530 1259/1634
f 1109/1705 1259/1634 1517/1638 1273/1707
f 1109/1705 1273/1707 1552/1708 1320/1709
f 1109/1705 1320/1709 1545/1710 1265/1706
f 1110/1711 1291/1712 1530/1700 1280/1699
f 1110/1711 1280/1699 1529/1698 1293/1713
f 1110/1711 1293/1713 1533/1714 1288/1715
f 1110/1711 1288/1715 1534/1716 1291/1712
f 1111/1717 1281/1597 1498/1470 1222/1480
f 1111/1717 1222/1480 1497/1479 1289/1718
f 1111/1717 1289/1718 1544/1719 1305/1720
f 1111/1717 1305/1720 1543/1598 1281/1597
f 1112/1721 1294/1722 1527/1670 1279/1669
f 1112/1721 1279/1669 1528/1668 1292/1723
f 1112/1721 1292/1723 1532/1724 1287/1725
f 1112/1721 1287/1725 1531/1726 1294/1722
f 1113/1727 1295/1728 1536/1729 1298/1730
f 1113/1727 1298/1730 1538/1731 1296/1732
f 1113/1727 1296/1732 1537/1643 1297/1642
f 1113/1727 1297/1642 1535/1641 1295/1728
f 1114/1733 1299/1734 1531/1726 1287/1725
f 1114/1733 1287/1725 1532/1724 1301/1735
f 1114/1733 1301/1735 1536/1736 1295/1737
f 1114/1733 1295/1737 1535/1738 1299/1734
f 1115/1739 1301/1740 1532/1691 1290/1690
f 1115/1739 1290/1690 1534/1689 1302/1741
f 1115/1739 1302/1741 1538/1742 1298/1743
f 1115/1739 1298/1743 1536/1744 1301/1740
f 1116/1745 1302/1746 1534/1716 1288/1715
f 1116/1745 1288/1715 1533/1714 1300/1747
f 1116/1745 1300/1747 1537/1643 1296/1732
f 1116/1745 1296/1732 1538/1731 1302/1746
f 1117/1748 1303/1749 1540/1750 1314/1751
f 1117/1748 1314/1751 1546/1752 1308/1753
f 1117/1748 1308/1753 1545/1754 1313/1755
f 1117/1748 1313/1755 1539/1756 1303/1749
f 1118/1757 1304/1758 1542/1759 1317/1760
f 1118/1757 1317/1760 1548/1761 1309/1762
f 1118/1757 1309/1762 1547/1763 1316/1764
f 1118/1757 1316/1764 1541/1765 1304/1758
f 1119/1766 1307/1767 1541/1765 1316/1764
f 1119/1766 1316/1764 1547/1763 1312/1768
f 1119/1766 1312/1768 1546/1752 1314/1751
f 1119/1766 1314/1751 1540/1750 1307/1767
f 1120/1769 1305/1770 1544/1771 1315/1772
f 1120/1769 1315/1772 1550/1773 1310/1774
f 1120/1769 1310/1774 1549/1775 1318/1776
f 1120/1769 1318/1776 1543/1777 1305/1770
f 1121/1778 1321/1614 1539/1613 1313/1779
f 1121/1778 1313/1779 1545/1780 1320/1781
f 1121/1778 1320/1781 1552/1782 1319/1783
f 1121/1778 1319/1783 1551/1615 1321/1614
f 1122/1784 1306/1785 1543/1777 1318/1776
f 1122/1784 1318/1776 1549/1775 1311/1786
f 1122/1784 1311/1786 1548/1761 1317/1760
f 1122/1784 1317/1760 1542/1759 1306/1785
f 1123/1787 1327/1788 1554/1789 1322/1790
f 1123/1787 1322/1790 1553/1791 1326/1792
f 1123/1787 1326/1792 1555/1793 1325/1794
f 1123/1787 1325/1794 1556/1795 1327/1788
f 1124/1796 1323/1797 1550/1773 1315/1772
f 1124/1796 1315/1772 1544/1771 1324/1798
f 1124/1796 1324/1798 1553/1791 1322/1790
f 1124/1796 1322/1790 1554/1789 1323/1797
f 1125/1799 1330/1800 1556/1795 1325/1794
f 1125/1799 1325/1794 1555/1793 1329/1801
f 1125/1799 1329/1801 1557/1802 1328/1803
f 1125/1799 1328/1803 1558/1804 1330/1800
f 1126/1805 1336/1806 1560/1807 1331/1808
f 1126/1805 1331/1808 1559/1809 1335/1810
f 1126/1805 1335/1810 1561/1811 1334/1812
f 1126/1805 1334/1812 1562/1813 1336/1806
f 1127/1814 1332/1815 1558/1804 1328/1803
f 1127/1814 1328/1803 1557/1802 1333/1816
f 1127/1814 1333/1816 1559/1809 1331/1808
f 1127/1814 1331/1808 1560/1807 1332/1815
f 1128/1817 1340/1588 1523/1587 1284/1663
f 1128/1817 1284/1663 1527/1670 1344/1818
f 1128/1817 1344/1818 1557/1819 1329/1820
f 1128/1817 1329/1820 1555/1589 1340/1588
f 1129/1821 1345/1822 1531/1726 1299/1734
f 1129/1821 1299/1734 1535/1738 1243/1823
f 1129/1821 1243/1823 1561/1824 1335/1825
f 1129/1821 1335/1825 1559/1826 1345/1822
f 1130/1827 1347/1828 1496/1487 1225/1486
f 1130/1827 1225/1486 1502/1485 1346/1829
f 1130/1827 1346/1829 1541/1830 1307/1831
f 1130/1827 1307/1831 1540/1832 1347/1828
f 1131/1833 1289/1718 1497/1479 1270/1655
f 1131/1833 1270/1655 1519/1659 1341/1584
f 1131/1833 1341/1584 1553/1591 1324/1834
f 1131/1833 1324/1834 1544/1719 1289/1718
f 1132/1835 1244/1644 1537/1643 1300/1747
f 1132/1835 1300/1747 1533/1714 1348/1836
f 1132/1835 1348/1836 1560/1837 1336/1838
f 1132/1835 1336/1838 1562/1645 1244/1644
f 1133/1839 1254/1702 1514/1518 1241/1517
f 1133/1839 1241/1517 1508/1524 1349/1840
f 1133/1839 1349/1840 1546/1841 1312/1842
f 1133/1839 1312/1842 1547/1703 1254/1702
f 1134/1843 1348/1836 1533/1714 1293/1713
f 1134/1843 1293/1713 1529/1698 1350/1844
f 1134/1843 1350/1844 1558/1845 1332/1846
f 1134/1843 1332/1846 1560/1837 1348/1836
f 1135/1847 1350/1844 1529/1698 1286/1697
f 1135/1847 1286/1697 1525/1557 1343/1556
f 1135/1847 1343/1556 1556/1563 1330/1848
f 1135/1847 1330/1848 1558/1845 1350/1844
f 1136/1849 1344/1818 1527/1670 1294/1722
f 1136/1849 1294/1722 1531/1726 1345/1822
f 1136/1849 1345/1822 1559/1826 1333/1850
f 1136/1849 1333/1850 1557/1819 1344/1818
f 1137/1851 1337/1612 1500/1611 1220/1493
f 1137/1851 1220/1493 1496/1487 1347/1828
f 1137/1851 1347/1828 1540/1832 1303/1852
f 1137/1851 1303/1852 1539/1613 1337/1612
f 1138/1853 1273/1854 1517/1620 1257/1619
f 1138/1853 1257/1619 1515/1618 1338/1608
f 1138/1853 1338/1608 1551/1615 1319/1783
f 1138/1853 1319/1783 1552/1782 1273/1854
f 1139/1855 1346/1829 1502/1485 1221/1499
f 1139/1855 1221/1499 1499/1472 1339/1596
f 1139/1855 1339/1596 1542/1600 1304/1856
f 1139/1855 1304/1856 1541/1830 1346/1829
f 1140/1857 1349/1840 1508/1524 1236/1526
f 1140/1857 1236/1526 1512/1530 1265/1706
f 1140/1857 1265/1706 1545/1710 1308/1858
f 1140/1857 1308/1858 1546/1841 1349/1840
f 1141/1859 1363/1860 1570/1861 1355/1862
f 1141/1859 1355/1862 1564/1863 1358/1864
f 1141/1859 1358/1864 1563/1865 1357/1866
f 1141/1859 1357/1866 1571/1867 1363/1860
f 1142/1868 1362/1869 1569/1870 1354/1871
f 1142/1868 1354/1871 1565/1872 1356/1873
f 1142/1868 1356/1873 1564/1863 1355/1862
f 1142/1868 1355/1862 1570/1861 1362/1869
f 1143/1874 1365/1875 1574/1876 1366/1877
f 1143/1874 1366/1877 1573/1878 1352/1879
f 1143/1874 1352/1879 1566/1880 1353/1881
f 1143/1874 1353/1881 1568/1882 1365/1875
f 1144/1883 1360/1884 1568/1882 1353/1881
f 1144/1883 1353/1881 1566/1880 1351/1885
f 1144/1883 1351/1885 1567/1886 1359/1887
f 1144/1883 1359/1887 1572/1888 1360/1884
f 1145/1889 1361/1890 1571/1867 1357/1866
f 1145/1889 1357/1866 1563/1865 1364/1891
f 1145/1889 1364/1891 1573/1878 1366/1877
f 1145/1889 1366/1877 1574/1876 1361/1890
f 1146/1892 1371/1893 1582/1894 1379/1895
f 1146/1892 1379/1895 1583/1896 1373/1897
f 1146/1892 1373/1897 1575/1898 1374/1899
f 1146/1892 1374/1899 1576/1900 1371/1893
f 1147/1901 1370/1902 1581/1903 1378/1904
f 1147/1901 1378/1904 1582/1894 1371/1893
f 1147/1901 1371/1893 1576/1900 1372/1905
f 1147/1901 1372/1905 1577/1906 1370/1902
f 1148/1907 1382/1908 1586/1909 1381/1910
f 1148/1907 1381/1910 1580/1911 1369/1912
f 1148/1907 1369/1912 1578/1913 1368/1914
f 1148/1907 1368/1914 1585/1915 1382/1908
f 1149/1916 1369/1912 1580/1911 1376/1917
f 1149/1916 1376/1917 1584/1918 1375/1919
f 1149/1916 1375/1919 1579/1920 1367/1921
f 1149/1916 1367/1921 1578/1913 1369/1912
f 1150/1922 1373/1897 1583/1896 1377/1923
f 1150/1922 1377/1923 1586/1909 1382/1908
f 1150/1922 1382/1908 1585/1915 1380/1924
f 1150/1922 1380/1924 1575/1898 1373/1897
f 1151/1925 1379/1895 1582/1894 1482/1926
f 1151/1925 1482/1926 1621/1927 1451/1928
f 1151/1925 1451/1928 1620/1929 1390/1930
f 1151/1925 1390/1930 1583/1896 1379/1895
f 1152/1931 1386/1932 1573/1933 1364/1934
f 1152/1931 1364/1934 1563/1935 1385/1936
f 1152/1931 1385/1936 1575/1937 1380/1938
f 1152/1931 1380/1938 1585/1939 1386/1932
f 1153/1940 1370/1902 1577/1906 1408/1941
f 1153/1940 1408/1941 1594/1942 1404/1943
f 1153/1940 1404/1943 1593/1944 1407/1945
f 1153/1940 1407/1945 1581/1903 1370/1902
f 1154/1946 1416/1947 1597/1948 1483/1949
f 1154/1946 1483/1949 1628/1950 1467/1951
f 1154/1946 1467/1951 1626/1952 1387/1953
f 1154/1946 1387/1953 1593/1954 1416/1947
f 1155/1955 1392/1956 1567/1957 1351/1958
f 1155/1955 1351/1958 1566/1959 1391/1960
f 1155/1955 1391/1960 1578/1961 1367/1962
f 1155/1955 1367/1962 1579/1963 1392/1956
f 1156/1964 1385/1936 1563/1935 1358/1965
f 1156/1964 1358/1965 1564/1966 1393/1967
f 1156/1964 1393/1967 1576/1968 1374/1969
f 1156/1964 1374/1969 1575/1937 1385/1936
f 1157/1970 1378/1904 1581/1903 1389/1971
f 1157/1970 1389/1971 1622/1972 1450/1973
f 1157/1970 1450/1973 1621/1927 1482/1926
f 1157/1970 1482/1926 1582/1894 1378/1904
f 1158/1974 1415/1975 1591/1976 1481/1977
f 1158/1974 1481/1977 1625/1978 1466/1979
f 1158/1974 1466/1979 1627/1980 1480/1981
f 1158/1974 1480/1981 1595/1982 1415/1975
f 1159/1983 1391/1960 1566/1959 1352/1984
f 1159/1983 1352/1984 1573/1933 1386/1932
f 1159/1983 1386/1932 1585/1939 1368/1985
f 1159/1983 1368/1985 1578/1961 1391/1960
f 1160/1986 1363/1860 1571/1867 1479/1987
f 1160/1986 1479/1987 1614/1988 1446/1989
f 1160/1986 1446/1989 1615/1990 1421/1991
f 1160/1986 1421/1991 1570/1861 1363/1860
f 1161/1992 1393/1967 1564/1966 1356/1993
f 1161/1992 1356/1993 1565/1994 1388/1995
f 1161/1992 1388/1995 1577/1996 1372/1997
f 1161/1992 1372/1997 1576/1968 1393/1967
f 1162/1998 1400/1999 1587/2000 1478/2001
f 1162/1998 1478/2001 1623/2002 1461/2003
f 1162/1998 1461/2003 1611/2004 1477/2005
f 1162/1998 1477/2005 1572/2006 1400/1999
f 1163/2007 1397/2008 1587/2009 1395/2010
f 1163/2007 1395/2010 1588/2011 1398/2012
f 1163/2007 1398/2012 1590/2013 1396/2014
f 1163/2007 1396/2014 1589/2015 1397/2008
f 1164/2016 1359/1887 1567/1886 1401/2017
f 1164/2016 1401/2017 1588/2011 1395/2010
f 1164/2016 1395/2010 1587/2009 1400/1999
f 1164/2016 1400/1999 1572/2006 1359/1887
f 1165/2018 1392/1956 1579/1963 1402/2019
f 1165/2018 1402/2019 1590/2020 1398/2021
f 1165/2018 1398/2021 1588/2022 1401/2023
f 1165/2018 1401/2023 1567/1957 1392/1956
f 1166/2024 1375/1919 1584/1918 1399/2025
f 1166/2024 1399/2025 1589/2026 1396/2027
f 1166/2024 1396/2027 1590/2028 1402/2029
f 1166/2024 1402/2029 1579/1920 1375/1919
f 1167/2030 1437/2031 1607/2032 1383/2033
f 1167/2030 1383/2033 1633/2034 1474/2035
f 1167/2030 1474/2035 1634/2036 1384/2037
f 1167/2030 1384/2037 1609/2038 1437/2031
f 1168/2039 1388/1995 1565/1994 1409/2040
f 1168/2039 1409/2040 1592/2041 1406/2042
f 1168/2039 1406/2042 1594/2043 1408/2044
f 1168/2039 1408/2044 1577/1996 1388/1995
f 1169/2045 1354/1871 1569/1870 1410/2046
f 1169/2045 1410/2046 1591/2047 1403/2048
f 1169/2045 1403/2048 1592/2049 1409/2050
f 1169/2045 1409/2050 1565/1872 1354/1871
f 1170/2051 1407/1945 1593/1944 1387/1953
f 1170/2051 1387/1953 1626/1952 1463/2052
f 1170/2051 1463/2052 1622/1972 1389/1971
f 1170/2051 1389/1971 1581/1903 1407/1945
f 1171/2053 1411/2054 1595/2055 1424/2056
f 1171/2053 1424/2056 1599/2057 1419/2058
f 1171/2053 1419/2058 1600/2059 1423/2060
f 1171/2053 1423/2060 1596/2061 1411/2054
f 1172/2062 1403/2048 1591/2047 1415/1975
f 1172/2062 1415/1975 1595/1982 1411/2054
f 1172/2062 1411/2054 1596/2061 1417/2063
f 1172/2062 1417/2063 1592/2049 1403/2048
f 1173/2064 1406/2042 1592/2041 1417/2065
f 1173/2064 1417/2065 1596/2066 1414/2067
f 1173/2064 1414/2067 1598/2068 1418/2069
f 1173/2064 1418/2069 1594/2043 1406/2042
f 1174/2070 1404/1943 1594/1942 1418/2071
f 1174/2070 1418/2071 1598/2072 1412/2073
f 1174/2070 1412/2073 1597/1948 1416/1947
f 1174/2070 1416/1947 1593/1954 1404/1943
f 1175/2074 1422/2075 1600/2076 1432/2077
f 1175/2074 1432/2077 1604/2078 1430/2079
f 1175/2074 1430/2079 1606/2080 1431/2081
f 1175/2074 1431/2081 1602/2082 1422/2075
f 1176/2083 1414/2067 1596/2066 1423/2084
f 1176/2083 1423/2084 1600/2076 1422/2075
f 1176/2083 1422/2075 1602/2082 1425/2085
f 1176/2083 1425/2085 1598/2068 1414/2067
f 1177/2086 1412/2073 1598/2072 1425/2087
f 1177/2086 1425/2087 1602/2088 1420/2089
f 1177/2086 1420/2089 1601/2090 1426/2091
f 1177/2086 1426/2091 1597/1948 1412/2073
f 1178/2092 1377/1923 1583/1896 1390/1930
f 1178/2092 1390/1930 1620/1929 1449/2093
f 1178/2092 1449/2093 1619/2094 1394/2095
f 1178/2092 1394/2095 1586/1909 1377/1923
f 1179/2096 1399/2025 1584/1918 1405/2097
f 1179/2096 1405/2097 1617/2098 1460/2099
f 1179/2096 1460/2099 1624/2100 1413/2101
f 1179/2096 1413/2101 1589/2026 1399/2025
f 1180/2102 1420/2089 1602/2088 1431/2103
f 1180/2102 1431/2103 1606/2104 1428/2105
f 1180/2102 1428/2105 1605/2106 1433/2107
f 1180/2102 1433/2107 1601/2090 1420/2089
f 1181/2108 1362/1869 1570/1861 1421/1991
f 1181/2108 1421/1991 1615/1990 1445/2109
f 1181/2108 1445/2109 1616/2110 1429/2111
f 1181/2108 1429/2111 1569/1870 1362/1869
f 1182/2112 1419/2058 1599/2057 1434/2113
f 1182/2112 1434/2113 1603/2114 1427/2115
f 1182/2112 1427/2115 1604/2116 1432/2117
f 1182/2112 1432/2117 1600/2059 1419/2058
f 1183/2118 1438/2119 1608/2120 1435/2121
f 1183/2118 1435/2121 1607/2032 1437/2031
f 1183/2118 1437/2031 1609/2038 1436/2122
f 1183/2118 1436/2122 1610/2123 1438/2119
f 1184/2124 1427/2115 1603/2114 1439/2125
f 1184/2124 1439/2125 1607/2126 1435/2127
f 1184/2124 1435/2127 1608/2128 1441/2129
f 1184/2124 1441/2129 1604/2116 1427/2115
f 1185/2130 1430/2079 1604/2078 1441/2131
f 1185/2130 1441/2131 1608/2132 1438/2133
f 1185/2130 1438/2133 1610/2134 1442/2135
f 1185/2130 1442/2135 1606/2080 1430/2079
f 1186/2136 1428/2105 1606/2104 1442/2137
f 1186/2136 1442/2137 1610/2123 1436/2122
f 1186/2136 1436/2122 1609/2038 1440/2138
f 1186/2136 1440/2138 1605/2106 1428/2105
f 1187/2139 1454/2140 1612/2141 1443/2142
f 1187/2139 1443/2142 1611/2143 1453/2144
f 1187/2139 1453/2144 1617/2145 1448/2146
f 1187/2139 1448/2146 1618/2147 1454/2140
f 1188/2148 1457/2149 1614/2150 1444/2151
f 1188/2148 1444/2151 1613/2152 1456/2153
f 1188/2148 1456/2153 1619/2154 1449/2155
f 1188/2148 1449/2155 1620/2156 1457/2149
f 1189/2157 1456/2153 1613/2152 1447/2158
f 1189/2157 1447/2158 1612/2141 1454/2140
f 1189/2157 1454/2140 1618/2147 1452/2159
f 1189/2157 1452/2159 1619/2154 1456/2153
f 1190/2160 1455/2161 1616/2162 1445/2163
f 1190/2160 1445/2163 1615/2164 1458/2165
f 1190/2160 1458/2165 1621/2166 1450/2167
f 1190/2160 1450/2167 1622/2168 1455/2161
f 1191/2169 1453/2144 1611/2143 1461/2003
f 1191/2169 1461/2003 1623/2002 1459/2170
f 1191/2169 1459/2170 1624/2171 1460/2172
f 1191/2169 1460/2172 1617/2145 1453/2144
f 1192/2173 1458/2165 1615/2164 1446/2174
f 1192/2173 1446/2174 1614/2175 1457/2176
f 1192/2173 1457/2176 1620/2177 1451/2178
f 1192/2173 1451/2178 1621/2166 1458/2165
f 1193/2179 1462/2180 1626/2181 1467/2182
f 1193/2179 1467/2182 1628/2183 1465/2184
f 1193/2179 1465/2184 1627/2185 1466/2186
f 1193/2179 1466/2186 1625/2187 1462/2180
f 1194/2188 1455/2161 1622/2168 1463/2189
f 1194/2188 1463/2189 1626/2181 1462/2180
f 1194/2188 1462/2180 1625/2187 1464/2190
f 1194/2188 1464/2190 1616/2162 1455/2161
f 1195/2191 1465/2184 1628/2183 1470/2192
f 1195/2191 1470/2192 1630/2193 1468/2194
f 1195/2191 1468/2194 1629/2195 1469/2196
f 1195/2191 1469/2196 1627/2185 1465/2184
f 1196/2197 1471/2198 1632/2199 1476/2200
f 1196/2197 1476/2200 1634/2201 1474/2202
f 1196/2197 1474/2202 1633/2203 1475/2204
f 1196/2197 1475/2204 1631/2205 1471/2198
f 1197/2206 1468/2194 1630/2193 1472/2207
f 1197/2206 1472/2207 1632/2199 1471/2198
f 1197/2206 1471/2198 1631/2205 1473/2208
f 1197/2206 1473/2208 1629/2195 1468/2194
f 1198/2209 1424/2056 1595/2055 1480/1981
f 1198/2209 1480/1981 1627/1980 1469/2210
f 1198/2209 1469/2210 1629/2211 1484/2212
f 1198/2209 1484/2212 1599/2057 1424/2056
f 1199/2213 1439/2125 1603/2114 1485/2214
f 1199/2213 1485/2214 1631/2215 1475/2216
f 1199/2213 1475/2216 1633/2217 1383/2218
f 1199/2213 1383/2218 1607/2126 1439/2125
f 1200/2219 1365/2220 1568/2221 1487/2222
f 1200/2219 1487/2222 1612/2223 1447/2224
f 1200/2219 1447/2224 1613/2225 1486/2226
f 1200/2219 1486/2226 1574/2227 1365/2220
f 1201/2228 1410/2046 1569/1870 1429/2111
f 1201/2228 1429/2111 1616/2110 1464/2229
f 1201/2228 1464/2229 1625/1978 1481/1977
f 1201/2228 1481/1977 1591/1976 1410/2046
f 1202/2230 1440/2138 1609/2038 1384/2037
f 1202/2230 1384/2037 1634/2036 1476/2231
f 1202/2230 1476/2231 1632/2232 1488/2233
f 1202/2230 1488/2233 1605/2106 1440/2138
f 1203/2234 1381/1910 1586/1909 1394/2095
f 1203/2234 1394/2095 1619/2094 1452/2235
f 1203/2234 1452/2235 1618/2236 1489/2237
f 1203/2234 1489/2237 1580/1911 1381/1910
f 1204/2238 1433/2107 1605/2106 1488/2233
f 1204/2238 1488/2233 1632/2232 1472/2239
f 1204/2238 1472/2239 1630/2240 1490/2241
f 1204/2238 1490/2241 1601/2090 1433/2107
f 1205/2242 1426/2091 1601/2090 1490/2241
f 1205/2242 1490/2241 1630/2240 1470/2243
f 1205/2242 1470/2243 1628/1950 1483/1949
f 1205/2242 1483/1949 1597/1948 1426/2091
f 1206/2244 1434/2113 1599/2057 1484/2212
f 1206/2244 1484/2212 1629/2211 1473/2245
f 1206/2244 1473/2245 1631/2215 1485/2214
f 1206/2244 1485/2214 1603/2114 1434/2113
f 1207/2246 1360/2247 1572/2248 1477/2249
f 1207/2246 1477/2249 1611/2250 1443/2251
f 1207/2246 1443/2251 1612/2223 1487/2222
f 1207/2246 1487/2222 1568/2221 1360/2247
f 1208/2252 1397/2008 1589/2015 1413/2253
f 1208/2252 1413/2253 1624/2171 1459/2170
f 1208/2252 1459/2170 1623/2002 1478/2001
f 1208/2252 1478/2001 1587/2000 1397/2008
f 1209/2254 1361/2255 1574/2227 1486/2226
f 1209/2254 1486/2226 1613/2225 1444/2256
f 1209/2254 1444/2256 1614/2257 1479/2258
f 1209/2254 1479/2258 1571/2259 1361/2255
f 1210/2260 1376/1917 1580/1911 1489/2237
f 1210/2260 1489/2237 1618/2236 1448/2261
f 1210/2260 1448/2261 1617/2098 1405/2097
f 1210/2260 1405/2097 1584/1918 1376/1917
f 1651/2262 1636/2263 1637/2264 1677/2265
f 1650/2266 1640/2267 1644/2268 1654/2269
f 1654/2269 1644/2268 1646/2270 1656/2271
f 1640/2267 1650/2266 1655/2272 1645/2273
f 1636/2274 1635/2275 1641/2276 1652/2277
f 1650/2266 1663/2278 1666/2279 1655/2272
f 1663/2278 1650/2266 1654/2269 1665/2280
f 1665/2280 1654/2269 1656/2271 1667/2281
f 1679/2282 1658/2283 1671/2284 1680/2285
f 2860/2286 1672/2287 1652/2288 2857/2289
f 1674/2290 1673/2291 1649/2292 1662/2293
f 1673/2291 1675/2294 1648/2295 1649/2292
f 1636/2263 1652/2277 1672/2287 1637/2264
f 1658/2283 1657/2296 1668/2297 1671/2284
f 2706/2298 2703/2299 1647/2300 1661/2301
f 1670/2302 1659/2303 1679/2304 1680/2305
f 1670/2302 1676/2306 1660/2307 1659/2303
f 1655/2272 1666/2279 1668/2297 1657/2296
f 2706/2308 2704/2309 1667/2281 1656/2271
f 1674/2290 1662/2293 1660/2307 1676/2306
f 1653/2310 1638/2311 1639/2312 1664/2313
f 1638/2311 1653/2310 1643/2314 1642/2315
f 1647/2300 1643/2316 1653/2317 1661/2301
f 1661/2301 1653/2317 1664/2318 1669/2319
f 1677/2265 1639/2312 1638/2311 1651/2262
f 1831/2320 1686/2321 1687/2322 1847/2323
f 2023/2324 2007/2325 1683/2326 1690/2327
f 2007/2325 1991/2328 1682/2329 1683/2326
f 1991/2328 1975/2330 1681/2331 1682/2329
f 1975/2330 1959/2332 1702/2333 1681/2331
f 1943/2334 1927/2335 1700/2336 1701/2337
f 1927/2335 1911/2338 1699/2339 1700/2336
f 1895/2340 1879/2341 1695/2342 1696/2343
f 2072/2344 1698/2345 1686/2321 1831/2320
f 1815/2346 1799/2347 1691/2348 1688/2349
f 1729/2350 1732/2351 1693/2352 1692/2353
f 1722/2354 1727/2355 1726/2356 1721/2357
f 1721/2357 1726/2356 1725/2358 1720/2359
f 1692/2353 1693/2352 1730/2360 1724/2361
f 2788/2362 2560/2363 2561/2364 2787/2365
f 2677/2366 1717/2367 1723/2368 2676/2369
f 1716/2370 1722/2354 1721/2357 1715/2371
f 2780/2372 2565/2373 2564/2374 2777/2375
f 2779/2376 2566/2377 2565/2373 2780/2372
f 1715/2371 1721/2357 1720/2359 1714/2378
f 2851/2379 1714/2378 1720/2359 2850/2380
f 2907/2381 2888/2382 2169/2383 2776/2384
f 2899/2385 2885/2386 1707/2387 2679/2388
f 2882/2389 1694/2390 1777/2391 2871/2392
f 3002/2393 1697/2394 1708/2395 3012/2396
f 2673/2397 2674/2398 1750/2399 1755/2400
f 1755/2400 1750/2399 1752/2401 1757/2402
f 1757/2402 1752/2401 1751/2403 1756/2404
f 1756/2404 1751/2403 1748/2405 1753/2406
f 2696/2407 1753/2406 1748/2405 2697/2408
f 2672/2409 2673/2397 1755/2400 1760/2410
f 1760/2410 1755/2400 1757/2402 1762/2411
f 1762/2411 1757/2402 1756/2404 1761/2412
f 1761/2412 1756/2404 1753/2406 1758/2413
f 2696/2414 1738/2415 1741/2416 2699/2417
f 1692/2353 1685/2418 1719/2419 1729/2350
f 1685/2418 1692/2353 1724/2361 1718/2420
f 2794/2421 2637/2422 2558/2423 2785/2424
f 2683/2425 2633/2426 1706/2427 2678/2428
f 2641/2429 1705/2430 1704/2431 2642/2432
f 2642/2432 1704/2431 1703/2433 2643/2434
f 2865/2435 2643/2434 1703/2433 2842/2436
f 2622/2437 1694/2438 1778/2439 2618/2440
f 1697/2394 1684/2441 1712/2442 1708/2395
f 1684/2441 1685/2418 1718/2420 1712/2442
f 2854/2443 2850/2380 1720/2359 1725/2358
f 1747/2444 1767/2445 1766/2446 1782/2447
f 1767/2445 1747/2444 1783/2448 1765/2449
f 2695/2450 2690/2451 1784/2452 1764/2453
f 1782/2447 1766/2446 1764/2453 1784/2452
f 1791/2454 1787/2455 1786/2456 1790/2457
f 2046/2458 2045/2459 1787/2455 1791/2454
f 1794/2460 1795/2461 1726/2356 1727/2355
f 2847/2462 2849/2463 1816/2464 1800/2465
f 1688/2349 1691/2348 1800/2465 1816/2464
f 1814/2466 1798/2467 1803/2468 1819/2469
f 1797/2470 1813/2471 1812/2472 1796/2473
f 1824/2474 1808/2475 1807/2476 1823/2477
f 1819/2469 1803/2468 1805/2478 1821/2479
f 2048/2480 2047/2481 1808/2475 1824/2474
f 1798/2467 1814/2466 1820/2482 1804/2483
f 2691/2484 2694/2485 1821/2479 1805/2478
f 1811/2486 1827/2487 1813/2471 1797/2470
f 2064/2488 2063/2489 1839/2490 1840/2491
f 2065/2492 2064/2488 1840/2491 2049/2493
f 2065/2494 2049/2495 1841/2496 2066/2497
f 1698/2345 2071/2498 1832/2499 1686/2321
f 1894/2500 1878/2501 1883/2502 1899/2503
f 1877/2504 1893/2505 1892/2506 1876/2507
f 1904/2508 1888/2509 1887/2510 1903/2511
f 1899/2503 1883/2502 1885/2512 1901/2513
f 2053/2514 2052/2515 1888/2509 1904/2508
f 1878/2501 1894/2500 1900/2516 1884/2517
f 2700/2518 2698/2519 1901/2513 1885/2512
f 1891/2520 1907/2521 1893/2505 1877/2504
f 2853/2522 2852/2523 1896/2524 1880/2525
f 1696/2343 1695/2342 1880/2525 1896/2524
f 1894/2500 1910/2526 1916/2527 1900/2516
f 1916/2527 1919/2528 1903/2529 1900/2516
f 1920/2530 1904/2508 1903/2511 1919/2528
f 2054/2531 2053/2514 1904/2508 1920/2530
f 1905/2532 2053/2533 2054/2534 1921/2535
f 1921/2535 1922/2536 1906/2537 1905/2532
f 1922/2536 1923/2538 1907/2539 1906/2537
f 2055/2540 2054/2531 1920/2530 1936/2541
f 1910/2526 1926/2542 1932/2543 1916/2527
f 2686/2544 2687/2545 1933/2546 1917/2547
f 1923/2548 1939/2549 1925/2550 1909/2551
f 2843/2552 2844/2553 1928/2554 1912/2555
f 1700/2336 1699/2339 1912/2555 1928/2554
f 1926/2542 1910/2526 1915/2556 1931/2557
f 1909/2551 1925/2550 1924/2558 1908/2559
f 1936/2541 1920/2530 1919/2528 1935/2560
f 1931/2557 1915/2556 1917/2547 1933/2546
f 1701/2337 1700/2336 1928/2554 1944/2561
f 1942/2562 1926/2542 1931/2557 1947/2563
f 1925/2550 1941/2564 1940/2565 1924/2558
f 1952/2566 1936/2541 1935/2560 1951/2567
f 1947/2563 1931/2557 1933/2546 1949/2568
f 2056/2569 2055/2540 1936/2541 1952/2566
f 1926/2542 1942/2562 1948/2570 1932/2543
f 2687/2545 2689/2571 1949/2568 1933/2546
f 1939/2549 1955/2572 1941/2564 1925/2550
f 2844/2553 2846/2573 1944/2561 1928/2554
f 1979/2574 1963/2575 1965/2576 1981/2577
f 2058/2578 2057/2579 1968/2580 1984/2581
f 1958/2582 1974/2583 1980/2584 1964/2585
f 2688/2586 2708/2587 1981/2577 1965/2576
f 1971/2588 1987/2589 1973/2590 1957/2591
f 2845/2592 2863/2593 1976/2594 1960/2595
f 1681/2331 1702/2333 1960/2595 1976/2594
f 1974/2583 1958/2582 1963/2575 1979/2574
f 1957/2591 1973/2590 1972/2596 1956/2597
f 1984/2581 1968/2580 1967/2598 1983/2599
f 1987/2589 2003/2600 1989/2601 1973/2590
f 2863/2593 2840/2602 1992/2603 1976/2594
f 1682/2329 1681/2331 1976/2594 1992/2603
f 1990/2604 1974/2583 1979/2574 1995/2605
f 1973/2590 1989/2601 1988/2606 1972/2596
f 2000/2607 1984/2581 1983/2599 1999/2608
f 1995/2605 1979/2574 1981/2577 1997/2609
f 2059/2610 2058/2578 1984/2581 2000/2607
f 1974/2583 1990/2604 1996/2611 1980/2584
f 2708/2587 2684/2612 1997/2609 1981/2577
f 2016/2613 2000/2607 1999/2608 2015/2614
f 2011/2615 1995/2605 1997/2609 2013/2616
f 2060/2617 2059/2610 2000/2607 2016/2613
f 1990/2604 2006/2618 2012/2619 1996/2611
f 2684/2612 2707/2620 2013/2616 1997/2609
f 2003/2600 2019/2621 2005/2622 1989/2601
f 2840/2602 2862/2623 2008/2624 1992/2603
f 1683/2326 1682/2329 1992/2603 2008/2624
f 2006/2618 1990/2604 1995/2605 2011/2615
f 1989/2601 2005/2622 2004/2625 1988/2606
f 2707/2620 2705/2626 2029/2627 2013/2616
f 2019/2621 2035/2628 2021/2629 2005/2622
f 2862/2623 2861/2630 2024/2631 2008/2624
f 1690/2327 1683/2326 2008/2624 2024/2631
f 2022/2632 2006/2618 2011/2615 2027/2633
f 2005/2622 2021/2629 2020/2634 2004/2625
f 2032/2635 2016/2613 2015/2614 2031/2636
f 2027/2633 2011/2615 2013/2616 2029/2627
f 2061/2637 2060/2617 2016/2613 2032/2635
f 2006/2618 2022/2632 2028/2638 2012/2619
f 2037/2639 2036/2640 2020/2634 2021/2629
f 2043/2641 2037/2639 2021/2629 2035/2628
f 2033/2642 2041/2643 2042/2644 2034/2645
f 2032/2635 2031/2636 2039/2646 2040/2647
f 2611/2648 2612/2649 1779/2650 1781/2651
f 2874/2652 2873/2653 1781/2651 1779/2650
f 2012/2619 2028/2638 2031/2636 2015/2614
f 1734/2654 1733/2655 1736/2656 1737/2657
f 1737/2657 1736/2656 1739/2658 1740/2659
f 2017/2660 2033/2642 2034/2645 2018/2661
f 2015/2614 1999/2608 1996/2611 2012/2619
f 2018/2661 2002/2662 2001/2663 2017/2660
f 1985/2664 2001/2663 2002/2662 1986/2665
f 1980/2584 1996/2611 1999/2608 1983/2599
f 1964/2585 1980/2584 1983/2599 1967/2598
f 1969/2666 1985/2664 1986/2665 1970/2667
f 2406/2668 2162/2669 2163/2670 2422/2671
f 1954/2672 1938/2673 1937/2674 1953/2675
f 1932/2543 1948/2570 1951/2567 1935/2560
f 1916/2527 1932/2543 1935/2560 1919/2528
f 1921/2535 1937/2674 1938/2673 1922/2536
f 1907/2539 1923/2538 1909/2551 1893/2505
f 1893/2505 1909/2551 1908/2559 1892/2506
f 2852/2523 2843/2552 1912/2555 1896/2524
f 1884/2517 1900/2516 1903/2529 1887/2510
f 1699/2339 1696/2343 1896/2524 1912/2555
f 1906/2537 1890/2676 1889/2677 1905/2532
f 1740/2659 1739/2658 1742/2678 1743/2679
f 1743/2679 1742/2678 1745/2680 1746/2681
f 1804/2483 1820/2482 1823/2477 1807/2476
f 1765/2449 1783/2448 1790/2457 1786/2456
f 2710/2682 2692/2683 1771/2684 2613/2685
f 1809/2686 1825/2687 1826/2688 1810/2689
f 1793/2690 1789/2691 1788/2692 1792/2693
f 2034/2645 2042/2644 2043/2641 2035/2628
f 2035/2628 2019/2621 2018/2661 2034/2645
f 2060/2694 2061/2695 2033/2642 2017/2660
f 2059/2696 2060/2694 2017/2660 2001/2663
f 2019/2621 2003/2600 2002/2662 2018/2661
f 2003/2600 1987/2589 1986/2665 2002/2662
f 2058/2697 2059/2696 2001/2663 1985/2664
f 2057/2698 2058/2697 1985/2664 1969/2666
f 1987/2589 1971/2588 1970/2667 1986/2665
f 2162/2669 2405/2699 2421/2700 2163/2670
f 2423/2701 2421/2700 2405/2699 2407/2702
f 1938/2673 1954/2672 1955/2572 1939/2549
f 1939/2549 1923/2548 1922/2536 1938/2673
f 1696/2343 1699/2339 1911/2338 1895/2340
f 1911/2338 1913/2703 1897/2704 1895/2340
f 1907/2539 1891/2520 1890/2676 1906/2537
f 1810/2689 1826/2688 1827/2487 1811/2486
f 1789/2691 1793/2690 1795/2461 1794/2460
f 1792/2693 1788/2692 2045/2705 2046/2706
f 2047/2707 2048/2708 1825/2687 1809/2686
f 2077/2709 2076/2710 1837/2711 1835/2712
f 2078/2713 2077/2709 1835/2712 1830/2714
f 2052/2715 2053/2533 1905/2532 1889/2677
f 1802/2716 1746/2681 1745/2680 1801/2717
f 1817/2718 1818/2719 1802/2716 1801/2717
f 2054/2534 2055/2720 1937/2674 1921/2535
f 2055/2720 2056/2721 1953/2675 1937/2674
f 2424/2722 2423/2701 2407/2702 2408/2723
f 2408/2724 2412/2725 2428/2726 2424/2727
f 2702/2728 2700/2518 1885/2512 1869/2729
f 1830/2714 1835/2712 1851/2730 1846/2731
f 1835/2712 1837/2711 1853/2732 1851/2730
f 2701/2733 1853/2732 1837/2711 2693/2734
f 1686/2321 1832/2499 1848/2735 1687/2322
f 2856/2736 1848/2735 1832/2499 2848/2737
f 1845/2738 1844/2739 1828/2740 1829/2741
f 1859/2742 1845/2738 1829/2741 1843/2743
f 1858/2744 1859/2742 1843/2743 1842/2745
f 1842/2745 1841/2746 1857/2747 1858/2744
f 1841/2496 2049/2495 2050/2748 1857/2747
f 2049/2493 1840/2491 1856/2749 2050/2750
f 1840/2491 1839/2490 1855/2751 1856/2749
f 1852/2752 1855/2751 1839/2490 1836/2753
f 1846/2731 1852/2752 1836/2753 1830/2714
f 1830/2714 1836/2753 2062/2754 2078/2713
f 1839/2490 2063/2489 2062/2754 1836/2753
f 2729/2755 2315/2756 2331/2757 2722/2758
f 1842/2745 2067/2759 2066/2497 1841/2746
f 1843/2743 2068/2760 2067/2759 1842/2745
f 1843/2743 1829/2741 2069/2761 2068/2760
f 1829/2741 1828/2740 2070/2762 2069/2761
f 2848/2737 1832/2499 2071/2498 2841/2763
f 2312/2764 2316/2765 2332/2766 2328/2767
f 2025/2768 2026/2769 2010/2770 2009/2771
f 2693/2734 1837/2711 2076/2710 2685/2772
f 2328/2773 2327/2774 2311/2775 2312/2776
f 2327/2774 2325/2777 2309/2778 2311/2775
f 1994/2779 1993/2780 2009/2771 2010/2770
f 1993/2780 1994/2779 1978/2781 1977/2782
f 1962/2783 1961/2784 1977/2782 1978/2781
f 2727/2785 2411/2786 2427/2787 2715/2788
f 2411/2786 2409/2789 2425/2790 2427/2787
f 1945/2791 1946/2792 1930/2793 1929/2794
f 1914/2795 1913/2796 1929/2794 1930/2793
f 1898/2797 1897/2704 1913/2703 1914/2795
f 3005/2798 3014/2799 1735/2800 2697/2801
f 2877/2802 1768/2803 1771/2804 2876/2805
f 1684/2441 1697/2394 1709/2806 1713/2807
f 1685/2418 1684/2441 1713/2807 1719/2419
f 2699/2808 2695/2450 1764/2453 1758/2809
f 1766/2446 1761/2412 1758/2413 1764/2453
f 2084/2810 1728/2811 1723/2812 2083/2813
f 2085/2814 1731/2815 1728/2811 2084/2810
f 2786/2816 2563/2817 2572/2818 2789/2819
f 2087/2820 1775/2821 1776/2822 2086/2823
f 2790/2824 2571/2825 2573/2826 2792/2827
f 2792/2828 2573/2829 2570/2830 2791/2831
f 2090/2832 1773/2833 1774/2834 2089/2835
f 2091/2836 1763/2837 1773/2833 2090/2832
f 2092/2838 1759/2839 1763/2837 2091/2836
f 2878/2840 1769/2841 1768/2803 2877/2802
f 2879/2842 1772/2843 1769/2841 2878/2840
f 2898/2844 2671/2845 1772/2843 2879/2842
f 2883/2846 2095/2847 1770/2848 2875/2849
f 2679/2388 1707/2387 1711/2850 2680/2851
f 2080/2852 2081/2853 1711/2850 1707/2387
f 2680/2851 1711/2850 1717/2367 2677/2366
f 2788/2362 2783/2854 2559/2855 2560/2363
f 1767/2445 1762/2411 1761/2412 1766/2446
f 1765/2449 1760/2410 1762/2411 1767/2445
f 2675/2856 1727/2355 1722/2354 2676/2857
f 2665/2858 1794/2460 1727/2355 2675/2856
f 2667/2859 1789/2691 1794/2460 2665/2858
f 2668/2860 1788/2692 1789/2691 2667/2859
f 2668/2861 1775/2862 2044/2863 2681/2864
f 2681/2865 2044/2866 1774/2867 2670/2868
f 2670/2868 1774/2867 1773/2833 2669/2869
f 2666/2870 1765/2449 1786/2456 2669/2871
f 2666/2870 2672/2409 1760/2410 1765/2449
f 1717/2367 2082/2872 2083/2813 1723/2368
f 1754/2873 2093/2874 2094/2875 1749/2876
f 1759/2839 2092/2838 2093/2874 1754/2873
f 2885/2386 2881/2877 2080/2852 1707/2387
f 2633/2426 2620/2878 2079/2879 1706/2427
f 2765/2880 2084/2810 2083/2813 2768/2881
f 2767/2882 2085/2814 2084/2810 2765/2880
f 1731/2815 2085/2814 2086/2823 1776/2822
f 2771/2883 2087/2820 2086/2823 2770/2884
f 1775/2821 2087/2820 2088/2885 2044/2863
f 2044/2866 2088/2886 2089/2835 1774/2867
f 2762/2887 2090/2832 2089/2835 2772/2888
f 2763/2889 2091/2836 2090/2832 2762/2887
f 2760/2890 2092/2838 2091/2836 2763/2889
f 2904/2891 2759/2892 2095/2847 2883/2846
f 2757/2893 2764/2894 2081/2853 2080/2852
f 1717/2367 1711/2850 2081/2853 2082/2872
f 2619/2895 2611/2896 1781/2897 1780/2898
f 2873/2899 2872/2900 1780/2898 1781/2897
f 1735/2901 1734/2902 1737/2903 1738/2904
f 1738/2904 1737/2903 1740/2905 1741/2416
f 1741/2416 1740/2905 1743/2906 1744/2907
f 1744/2907 1743/2906 1746/2908 1785/2909
f 1806/2910 1802/2911 1818/2912 1822/2913
f 2148/2914 2309/2778 2325/2777 2150/2915
f 2310/2916 2148/2914 2150/2915 2326/2917
f 2075/2918 2074/2919 1834/2920 1838/2921
f 1838/2921 1834/2920 1850/2922 1854/2923
f 1886/2924 1882/2925 1898/2926 1902/2927
f 1902/2927 1898/2926 1914/2928 1918/2929
f 2698/2519 2686/2544 1917/2547 1901/2513
f 1918/2929 1914/2928 1930/2930 1934/2931
f 1934/2931 1930/2930 1946/2932 1950/2933
f 2409/2789 2404/2934 2420/2935 2425/2790
f 2404/2934 2410/2936 2426/2937 2420/2935
f 1966/2938 1962/2939 1978/2940 1982/2941
f 1961/2784 1959/2332 1975/2330 1977/2782
f 2429/2942 2426/2937 2410/2936 2413/2943
f 2413/2943 2414/2944 2430/2945 2429/2942
f 1929/2794 1927/2335 1943/2334 1945/2791
f 1913/2796 1911/2338 1927/2335 1929/2794
f 1915/2556 1899/2503 1901/2513 1917/2547
f 1910/2526 1894/2500 1899/2503 1915/2556
f 1895/2340 1897/2704 1881/2946 1879/2341
f 1878/2501 1862/2947 1867/2948 1883/2502
f 1833/2949 1831/2320 1847/2323 1849/2950
f 2073/2951 2072/2344 1831/2320 1833/2949
f 2337/2952 2336/2953 2320/2954 2321/2955
f 2321/2955 2307/2956 2323/2957 2337/2952
f 1801/2717 1799/2347 1815/2346 1817/2718
f 1742/2678 1724/2361 1730/2360 1745/2680
f 1739/2658 1718/2420 1724/2361 1742/2678
f 1736/2656 1712/2442 1718/2420 1739/2658
f 1733/2655 1708/2395 1712/2442 1736/2656
f 2870/2958 2874/2652 1779/2650 1778/2959
f 2612/2649 2618/2440 1778/2439 1779/2650
f 1982/2941 1978/2940 1994/2960 1998/2961
f 1998/2961 1994/2960 2010/2962 2014/2963
f 2026/2964 2030/2965 2014/2963 2010/2962
f 1747/2444 1798/2467 1804/2483 1783/2448
f 1798/2467 1747/2444 1782/2447 1803/2468
f 1803/2468 1782/2447 1784/2452 1805/2478
f 2690/2451 2691/2484 1805/2478 1784/2452
f 1746/2908 1802/2911 1806/2910 1785/2909
f 1897/2704 1898/2797 1882/2966 1881/2946
f 1882/2966 1866/2967 1865/2968 1881/2946
f 1730/2360 1799/2347 1801/2717 1745/2680
f 1693/2352 1691/2348 1799/2347 1730/2360
f 1691/2348 1693/2352 1732/2351 1800/2465
f 2854/2969 2847/2462 1800/2465 1732/2351
f 1726/2356 1797/2470 1796/2473 1725/2358
f 1795/2461 1811/2486 1797/2470 1726/2356
f 1793/2690 1810/2689 1811/2486 1795/2461
f 1810/2689 1793/2690 1792/2693 1809/2686
f 1809/2686 1792/2693 2046/2706 2047/2707
f 2047/2481 2046/2458 1791/2454 1808/2475
f 1808/2475 1791/2454 1790/2457 1807/2476
f 1807/2476 1790/2457 1783/2448 1804/2483
f 1883/2502 1867/2948 1869/2729 1885/2512
f 1866/2970 1882/2925 1886/2924 1870/2971
f 1689/2972 1695/2342 1879/2341 1863/2973
f 2855/2974 2853/2522 1880/2525 1864/2975
f 1875/2976 1891/2520 1877/2504 1861/2977
f 1890/2676 1874/2978 1873/2979 1889/2677
f 2052/2515 2051/2980 1872/2981 1888/2509
f 1887/2510 1871/2982 1868/2983 1884/2517
f 1862/2947 1878/2501 1884/2517 1868/2983
f 1888/2509 1872/2981 1871/2982 1887/2510
f 1889/2677 1873/2979 2051/2984 2052/2715
f 1874/2978 1890/2676 1891/2520 1875/2976
f 1861/2977 1877/2504 1876/2507 1860/2985
f 1695/2342 1689/2972 1864/2975 1880/2525
f 1881/2946 1865/2968 1863/2973 1879/2341
f 1977/2782 1975/2330 1991/2328 1993/2780
f 1993/2780 1991/2328 2007/2325 2009/2771
f 2023/2324 2025/2768 2009/2771 2007/2325
f 1834/2986 1833/2949 1849/2950 1850/2987
f 2074/2988 2073/2951 1833/2949 1834/2986
f 2307/2956 2306/2989 2322/2990 2323/2957
f 2826/2991 2310/2916 2326/2917 2827/2992
f 1651/2262 2038/2993 1635/2275 1636/2263
f 2037/2639 1649/2292 1648/2295 2036/2640
f 1658/2283 2040/2647 2039/2646 1657/2296
f 1679/2282 1678/2994 2040/2647 1658/2283
f 2043/2641 1662/2293 1649/2292 2037/2639
f 2858/2995 2857/2289 1652/2288 1641/2276
f 1660/2307 2042/2644 2041/2643 1659/2303
f 1657/2296 2039/2646 1645/2273 1655/2272
f 1662/2293 2043/2641 2042/2644 1660/2307
f 1678/2996 1679/2304 1659/2303 2041/2643
f 1651/2262 1638/2311 1642/2315 2038/2993
f 2023/2324 1690/2327 1635/2275 2038/2993
f 1690/2327 2024/2631 1641/2276 1635/2275
f 2858/2995 1641/2276 2024/2631 2861/2630
f 2061/2637 2032/2635 2040/2647 1678/2994
f 2028/2638 1645/2273 2039/2646 2031/2636
f 2703/2997 1646/2998 2029/2627 2705/2626
f 2027/2633 2029/2627 1646/2998 1644/2268
f 2022/2632 2027/2633 1644/2268 1640/2267
f 1640/2267 1645/2273 2028/2638 2022/2632
f 2061/2695 1678/2996 2041/2643 2033/2642
f 2026/2769 2025/2768 1642/2315 1643/2314
f 2030/2965 2026/2964 1643/2316 1647/2300
f 2025/2768 2023/2324 2038/2993 1642/2315
f 2112/2999 2138/3000 2098/3001 2097/3002
f 2111/3003 2115/3004 2105/3005 2101/3006
f 2115/3004 2117/3007 2107/3008 2105/3005
f 2101/3006 2106/3009 2116/3010 2111/3003
f 2097/3011 2113/3012 2102/3013 2096/3014
f 2111/3003 2116/3010 2127/3015 2124/3016
f 2124/3016 2126/3017 2115/3004 2111/3003
f 2126/3017 2128/3018 2117/3007 2115/3004
f 2140/3019 2141/3020 2132/3021 2119/3022
f 2829/3023 2823/3024 2113/3025 2133/3026
f 2135/3027 2123/3028 2110/3029 2134/3030
f 2134/3030 2110/3029 2109/3031 2136/3032
f 2097/3011 2098/3001 2133/3026 2113/3012
f 2119/3022 2132/3021 2129/3033 2118/3034
f 2725/3035 2122/3036 2108/3037 2719/3038
f 2131/3039 2141/3040 2140/3041 2120/3042
f 2131/3039 2120/3042 2121/3043 2137/3044
f 2116/3010 2118/3034 2129/3033 2127/3015
f 2725/3045 2117/3007 2128/3018 2723/3046
f 2135/3027 2137/3044 2121/3043 2123/3028
f 2114/3047 2125/3048 2100/3049 2099/3050
f 2099/3050 2103/3051 2104/3052 2114/3047
f 2108/3037 2122/3036 2114/3053 2104/3054
f 2122/3036 2130/3055 2125/3056 2114/3053
f 2138/3000 2112/2999 2099/3050 2100/3049
f 2293/3057 2309/2778 2148/2914 2147/3058
f 2485/3059 2151/3060 2144/3061 2469/3062
f 2469/3062 2144/3061 2143/3063 2453/3064
f 2453/3064 2143/3063 2142/3065 2437/3066
f 2437/3066 2142/3065 2163/2670 2421/2700
f 2405/2699 2162/2669 2161/3067 2389/3068
f 2389/3068 2161/3067 2160/3069 2373/3070
f 2357/3071 2157/3072 2156/3073 2341/3074
f 2534/3075 2293/3057 2147/3058 2159/3076
f 2277/3077 2149/3078 2152/3079 2261/3080
f 2191/3081 2153/3082 2154/3083 2194/3084
f 2184/3085 2183/3086 2188/3087 2189/3088
f 2183/3086 2182/3089 2187/3090 2188/3087
f 2153/3082 2186/3091 2192/3092 2154/3083
f 2799/3093 2798/3094 2561/3095 2560/3096
f 2659/3097 2656/3098 2185/3099 2179/3100
f 2178/3101 2177/3102 2183/3086 2184/3085
f 2809/3103 2806/3104 2564/3105 2565/3106
f 2808/3107 2809/3103 2565/3106 2566/3108
f 2177/3102 2176/3109 2182/3089 2183/3086
f 2832/3110 2834/3111 2182/3089 2176/3109
f 2909/3112 2813/3113 2169/3114 2888/3115
f 2897/3116 2662/3117 2168/3118 2894/3119
f 2884/3120 2886/3121 2239/3122 2155/3123
f 3003/3124 3024/3125 2170/3126 2158/3127
f 2653/3128 2217/3129 2212/3130 2654/3131
f 2217/3129 2219/3132 2214/3133 2212/3130
f 2219/3132 2218/3134 2213/3135 2214/3133
f 2218/3134 2215/3136 2210/3137 2213/3135
f 2731/3138 2732/3139 2210/3137 2215/3136
f 2646/3140 2222/3141 2217/3129 2653/3128
f 2222/3141 2224/3142 2219/3132 2217/3129
f 2224/3142 2223/3143 2218/3134 2219/3132
f 2223/3143 2220/3144 2215/3136 2218/3134
f 2731/3145 2734/3146 2203/3147 2200/3148
f 2153/3082 2191/3081 2181/3149 2146/3150
f 2146/3150 2180/3151 2186/3091 2153/3082
f 2812/3152 2797/3153 2558/3154 2637/3155
f 2664/3156 2661/3157 2167/3158 2644/3159
f 2640/3160 2638/3161 2165/3162 2166/3163
f 2638/3161 2639/3164 2164/3165 2165/3162
f 2839/3166 2836/3167 2164/3165 2639/3164
f 2626/3168 2627/3169 2240/3170 2155/3171
f 2158/3127 2170/3126 2174/3172 2145/3173
f 2145/3173 2174/3172 2180/3151 2146/3150
f 2831/3174 2187/3090 2182/3089 2834/3111
f 2209/3175 2244/3176 2228/3177 2229/3178
f 2229/3178 2227/3179 2245/3180 2209/3175
f 2735/3181 2226/3182 2246/3183 2712/3184
f 2244/3176 2246/3183 2226/3182 2228/3177
f 2253/3185 2252/3186 2248/3187 2249/3188
f 2508/3189 2253/3185 2249/3188 2507/3190
f 2256/3191 2189/3088 2188/3087 2257/3192
f 2814/3193 2262/3194 2278/3195 2819/3196
f 2149/3078 2278/3195 2262/3194 2152/3079
f 2276/3197 2281/3198 2265/3199 2260/3200
f 2259/3201 2258/3202 2274/3203 2275/3204
f 2286/3205 2285/3206 2269/3207 2270/3208
f 2281/3198 2283/3209 2267/3210 2265/3199
f 2510/3211 2286/3205 2270/3208 2509/3212
f 2260/3200 2266/3213 2282/3214 2276/3197
f 2717/3215 2267/3210 2283/3209 2716/3216
f 2273/3217 2259/3201 2275/3204 2289/3218
f 2526/3219 2302/3220 2301/3221 2525/3222
f 2527/3223 2511/3224 2302/3220 2526/3219
f 2527/3225 2528/3226 2303/3227 2511/3228
f 2159/3076 2147/3058 2294/3229 2533/3230
f 2356/3231 2361/3232 2345/3233 2340/3234
f 2339/3235 2338/3236 2354/3237 2355/3238
f 2366/3239 2365/3240 2349/3241 2350/3242
f 2361/3232 2363/3243 2347/3244 2345/3233
f 2515/3245 2366/3239 2350/3242 2514/3246
f 2340/3234 2346/3247 2362/3248 2356/3231
f 2721/3249 2347/3244 2363/3243 2720/3250
f 2353/3251 2339/3235 2355/3238 2369/3252
f 2824/3253 2342/3254 2358/3255 2835/3256
f 2157/3072 2358/3255 2342/3254 2156/3073
f 2356/3231 2362/3248 2378/3257 2372/3258
f 2378/3257 2362/3248 2365/3259 2381/3260
f 2382/3261 2381/3260 2365/3259 2366/3239
f 2516/3262 2382/3261 2366/3239 2515/3245
f 2367/3263 2383/3264 2516/3265 2515/3266
f 2383/3264 2367/3263 2368/3267 2384/3268
f 2384/3268 2368/3267 2369/3269 2385/3270
f 2517/3271 2398/3272 2382/3261 2516/3262
f 2372/3258 2378/3257 2394/3273 2388/3274
f 2724/3275 2379/3276 2395/3277 2728/3278
f 2385/3279 2371/3280 2387/3281 2401/3282
f 2820/3283 2374/3284 2390/3285 2822/3286
f 2161/3067 2390/3285 2374/3284 2160/3069
f 2388/3274 2393/3287 2377/3288 2372/3258
f 2371/3280 2370/3289 2386/3290 2387/3281
f 2398/3272 2397/3291 2381/3260 2382/3261
f 2393/3287 2395/3277 2379/3276 2377/3288
f 2162/2669 2406/2668 2390/3285 2161/3067
f 2404/2934 2409/2789 2393/3287 2388/3274
f 2387/3281 2386/3290 2402/3292 2403/3293
f 2414/2944 2413/2943 2397/3291 2398/3272
f 2409/2789 2411/2786 2395/3277 2393/3287
f 2518/3294 2414/2944 2398/3272 2517/3271
f 2388/3274 2394/3273 2410/2936 2404/2934
f 2728/3278 2395/3277 2411/2786 2727/2785
f 2401/3282 2387/3281 2403/3293 2417/3295
f 2822/3286 2390/3285 2406/2668 2828/3296
f 2441/3297 2443/3298 2427/2787 2425/2790
f 2520/3299 2446/3300 2430/3301 2519/3302
f 2420/2935 2426/2937 2442/3303 2436/3304
f 2715/2788 2427/2787 2443/3298 2718/3305
f 2433/3306 2419/3307 2435/3308 2449/3309
f 2825/3310 2422/3311 2438/3312 2817/3313
f 2142/3065 2438/3312 2422/3311 2163/2670
f 2436/3304 2441/3297 2425/2790 2420/2935
f 2419/3307 2418/3314 2434/3315 2435/3308
f 2446/3300 2445/3316 2429/2942 2430/3301
f 2449/3309 2435/3308 2451/3317 2465/3318
f 2817/3313 2438/3312 2454/3319 2818/3320
f 2143/3063 2454/3319 2438/3312 2142/3065
f 2452/3321 2457/3322 2441/3297 2436/3304
f 2435/3308 2434/3315 2450/3323 2451/3317
f 2462/3324 2461/3325 2445/3316 2446/3300
f 2457/3322 2459/3326 2443/3298 2441/3297
f 2521/3327 2462/3324 2446/3300 2520/3299
f 2436/3304 2442/3303 2458/3328 2452/3321
f 2718/3305 2443/3298 2459/3326 2714/3329
f 2478/3330 2477/3331 2461/3325 2462/3324
f 2473/3332 2475/3333 2459/3326 2457/3322
f 2522/3334 2478/3330 2462/3324 2521/3327
f 2452/3321 2458/3328 2474/3335 2468/3336
f 2714/3329 2459/3326 2475/3333 2713/3337
f 2465/3318 2451/3317 2467/3338 2481/3339
f 2818/3320 2454/3319 2470/3340 2815/3341
f 2144/3061 2470/3340 2454/3319 2143/3063
f 2468/3336 2473/3332 2457/3322 2452/3321
f 2451/3317 2450/3323 2466/3342 2467/3338
f 2713/3337 2475/3333 2491/3343 2730/3344
f 2481/3339 2467/3338 2483/3345 2497/3346
f 2815/3341 2470/3340 2486/3347 2830/3348
f 2151/3060 2486/3347 2470/3340 2144/3061
f 2484/3349 2489/3350 2473/3332 2468/3336
f 2467/3338 2466/3342 2482/3351 2483/3345
f 2494/3352 2493/3353 2477/3331 2478/3330
f 2489/3350 2491/3343 2475/3333 2473/3332
f 2523/3354 2494/3352 2478/3330 2522/3334
f 2468/3336 2474/3335 2490/3355 2484/3349
f 2499/3356 2483/3345 2482/3351 2498/3357
f 2505/3358 2497/3346 2483/3345 2499/3356
f 2495/3359 2496/3360 2504/3361 2503/3362
f 2494/3352 2502/3363 2501/3364 2493/3353
f 2631/3365 2243/3366 2241/3367 2632/3368
f 2893/3369 2241/3367 2243/3366 2892/3370
f 2474/3335 2477/3331 2493/3353 2490/3355
f 2196/3371 2199/3372 2198/3373 2195/3374
f 2199/3372 2202/3375 2201/3376 2198/3373
f 2479/3377 2480/3378 2496/3360 2495/3359
f 2477/3331 2474/3335 2458/3328 2461/3325
f 2480/3378 2479/3377 2463/3379 2464/3380
f 2447/3381 2448/3382 2464/3380 2463/3379
f 2442/3303 2445/3316 2461/3325 2458/3328
f 2426/2937 2429/2942 2445/3316 2442/3303
f 2431/3383 2432/3384 2448/3382 2447/3381
f 2416/3385 2415/3386 2399/3387 2400/3388
f 2394/3273 2397/3291 2413/2943 2410/2936
f 2378/3257 2381/3260 2397/3291 2394/3273
f 2383/3264 2384/3268 2400/3388 2399/3387
f 2369/3269 2355/3238 2371/3280 2385/3270
f 2355/3238 2354/3237 2370/3289 2371/3280
f 2835/3256 2358/3255 2374/3284 2820/3283
f 2346/3247 2349/3241 2365/3240 2362/3248
f 2160/3069 2374/3284 2358/3255 2157/3072
f 2368/3267 2367/3263 2351/3389 2352/3390
f 2202/3375 2205/3391 2204/3392 2201/3376
f 2205/3391 2208/3393 2207/3394 2204/3392
f 2266/3213 2269/3207 2285/3206 2282/3214
f 2227/3179 2248/3187 2252/3186 2245/3180
f 2737/3395 2624/3396 2233/3397 2711/3398
f 2271/3399 2272/3400 2288/3401 2287/3402
f 2255/3403 2254/3404 2250/3405 2251/3406
f 2496/3360 2497/3346 2505/3358 2504/3361
f 2497/3346 2496/3360 2480/3378 2481/3339
f 2522/3407 2479/3377 2495/3359 2523/3408
f 2521/3409 2463/3379 2479/3377 2522/3407
f 2481/3339 2480/3378 2464/3380 2465/3318
f 2465/3318 2464/3380 2448/3382 2449/3309
f 2520/3410 2447/3381 2463/3379 2521/3409
f 2519/3411 2431/3383 2447/3381 2520/3410
f 2449/3309 2448/3382 2432/3384 2433/3306
f 2400/3388 2401/3282 2417/3295 2416/3385
f 2401/3282 2400/3388 2384/3268 2385/3279
f 2157/3072 2357/3071 2373/3070 2160/3069
f 2373/3070 2357/3071 2359/3412 2375/3413
f 2369/3269 2368/3267 2352/3390 2353/3251
f 2272/3400 2273/3217 2289/3218 2288/3401
f 2251/3406 2256/3191 2257/3192 2255/3403
f 2254/3404 2508/3414 2507/3415 2250/3405
f 2509/3416 2271/3399 2287/3402 2510/3417
f 2539/3418 2297/3419 2299/3420 2538/3421
f 2540/3422 2292/3423 2297/3419 2539/3418
f 2514/3424 2351/3389 2367/3263 2515/3266
f 2264/3425 2263/3426 2207/3394 2208/3393
f 2279/3427 2263/3426 2264/3425 2280/3428
f 2516/3265 2383/3264 2399/3387 2517/3429
f 2517/3429 2399/3387 2415/3386 2518/3430
f 2722/2758 2331/2757 2347/3244 2721/3249
f 2292/3423 2308/3431 2313/3432 2297/3419
f 2297/3419 2313/3432 2315/3433 2299/3420
f 2729/2755 2726/3434 2299/3420 2315/2756
f 2147/3058 2148/2914 2310/2916 2294/3229
f 2826/2991 2816/3435 2294/3229 2310/2916
f 2307/2956 2291/3436 2290/3437 2306/2989
f 2321/2955 2305/3438 2291/3436 2307/2956
f 2320/2954 2304/3439 2305/3438 2321/2955
f 2304/3439 2320/2954 2319/3440 2303/3441
f 2303/3441 2319/3440 2512/3442 2511/3228
f 2511/3224 2512/3443 2318/3444 2302/3220
f 2302/3220 2318/3444 2317/3445 2301/3221
f 2314/3446 2298/3447 2301/3221 2317/3445
f 2308/3431 2292/3423 2298/3447 2314/3446
f 2292/3423 2540/3422 2524/3448 2298/3447
f 2301/3221 2298/3447 2524/3448 2525/3222
f 2304/3439 2303/3441 2528/3226 2529/3449
f 2305/3438 2304/3439 2529/3449 2530/3450
f 2305/3438 2530/3450 2531/3451 2291/3436
f 2291/3436 2531/3451 2532/3452 2290/3437
f 2816/3435 2833/3453 2533/3230 2294/3229
f 2487/3454 2471/3455 2472/3456 2488/3457
f 2726/3434 2733/3458 2538/3421 2299/3420
f 2456/3459 2472/3456 2471/3455 2455/3460
f 2455/3460 2439/3461 2440/3462 2456/3459
f 2424/2722 2440/3462 2439/3461 2423/2701
f 2407/2702 2391/3463 2392/3464 2408/2723
f 2376/3465 2392/3464 2391/3463 2375/3466
f 2360/3467 2376/3465 2375/3466 2359/3412
f 3031/3468 2732/3469 2197/3470 3026/3471
f 2867/3472 2868/3473 2233/3474 2230/3475
f 2145/3173 2175/3476 2171/3477 2158/3127
f 2146/3150 2181/3149 2175/3476 2145/3173
f 2734/3478 2220/3479 2226/3182 2735/3181
f 2228/3177 2226/3182 2220/3479 2223/3143
f 2546/3480 2545/3481 2185/3482 2190/3483
f 2547/3484 2546/3480 2190/3483 2193/3485
f 2796/3486 2802/3487 2572/3488 2563/3489
f 2549/3490 2548/3491 2238/3492 2237/3493
f 2801/3494 2803/3495 2573/3496 2571/3497
f 2803/3498 2804/3499 2570/3500 2573/3501
f 2552/3502 2551/3503 2236/3504 2235/3505
f 2553/3506 2552/3502 2235/3505 2225/3507
f 2554/3508 2553/3506 2225/3507 2221/3509
f 2895/3510 2867/3472 2230/3475 2231/3511
f 2866/3512 2895/3510 2231/3511 2234/3513
f 2896/3514 2866/3512 2234/3513 2648/3515
f 2890/3516 2869/3517 2232/3518 2557/3519
f 2662/3117 2658/3520 2173/3521 2168/3118
f 2542/3522 2168/3118 2173/3521 2543/3523
f 2658/3520 2659/3097 2179/3100 2173/3521
f 2799/3093 2560/3096 2559/3524 2800/3525
f 2229/3178 2228/3177 2223/3143 2224/3142
f 2227/3179 2229/3178 2224/3142 2222/3141
f 2657/3526 2656/3527 2184/3085 2189/3088
f 2660/3528 2657/3526 2189/3088 2256/3191
f 2649/3529 2660/3528 2256/3191 2251/3406
f 2651/3530 2649/3529 2251/3406 2250/3405
f 2651/3531 2655/3532 2506/3533 2237/3534
f 2655/3535 2650/3536 2236/3537 2506/3538
f 2650/3536 2652/3539 2235/3505 2236/3537
f 2647/3540 2652/3541 2248/3187 2227/3179
f 2647/3540 2227/3179 2222/3141 2646/3140
f 2179/3100 2185/3099 2545/3481 2544/3542
f 2216/3543 2211/3544 2556/3545 2555/3546
f 2221/3509 2216/3543 2555/3546 2554/3508
f 2894/3119 2168/3118 2542/3522 2889/3547
f 2644/3159 2167/3158 2541/3548 2636/3549
f 2738/3550 2741/3551 2545/3481 2546/3480
f 2739/3552 2738/3550 2546/3480 2547/3484
f 2193/3485 2238/3492 2548/3491 2547/3484
f 2745/3553 2746/3554 2548/3491 2549/3490
f 2237/3493 2506/3533 2550/3555 2549/3490
f 2506/3538 2236/3537 2551/3503 2550/3556
f 2754/3557 2748/3558 2551/3503 2552/3502
f 2751/3559 2754/3557 2552/3502 2553/3506
f 2752/3560 2751/3559 2553/3506 2554/3508
f 2902/3561 2890/3516 2557/3519 2749/3562
f 2744/3563 2542/3522 2543/3523 2743/3564
f 2179/3100 2544/3542 2543/3523 2173/3521
f 2634/3565 2242/3566 2243/3567 2631/3568
f 2892/3569 2243/3567 2242/3566 2891/3570
f 2197/3571 2200/3572 2199/3573 2196/3574
f 2200/3148 2203/3147 2202/3575 2199/3573
f 2203/3147 2206/3576 2205/3577 2202/3575
f 2206/3576 2247/3578 2208/3579 2205/3577
f 2268/3580 2284/3581 2280/3582 2264/3583
f 2537/3584 2300/3585 2296/3586 2536/3587
f 2300/3585 2316/2765 2312/2764 2296/3586
f 2348/3588 2364/3589 2360/3590 2344/3591
f 2364/3589 2380/3592 2376/3593 2360/3590
f 2720/3250 2363/3243 2379/3276 2724/3275
f 2380/3592 2396/3594 2392/3595 2376/3593
f 2396/3594 2412/2725 2408/2724 2392/3595
f 2428/2726 2444/3596 2440/3597 2424/2727
f 2423/2701 2439/3461 2437/3066 2421/2700
f 2391/3463 2407/2702 2405/2699 2389/3068
f 2375/3413 2391/3463 2389/3068 2373/3070
f 2377/3288 2379/3276 2363/3243 2361/3232
f 2372/3258 2377/3288 2361/3232 2356/3231
f 2357/3071 2341/3074 2343/3598 2359/3412
f 2340/3234 2345/3233 2329/3599 2324/3600
f 2295/3601 2311/2775 2309/2778 2293/3057
f 2535/3602 2295/3601 2293/3057 2534/3075
f 2263/3426 2279/3427 2277/3077 2261/3080
f 2204/3392 2207/3394 2192/3092 2186/3091
f 2201/3376 2204/3392 2186/3091 2180/3151
f 2198/3373 2201/3376 2180/3151 2174/3172
f 2195/3374 2198/3373 2174/3172 2170/3126
f 2887/3603 2240/3604 2241/3367 2893/3369
f 2632/3368 2241/3367 2240/3604 2627/3169
f 2444/3596 2460/3605 2456/3606 2440/3597
f 2460/3605 2476/3607 2472/3608 2456/3606
f 2488/3609 2472/3608 2476/3607 2492/3610
f 2209/3175 2245/3180 2266/3213 2260/3200
f 2260/3200 2265/3199 2244/3176 2209/3175
f 2265/3199 2267/3210 2246/3183 2244/3176
f 2712/3184 2246/3183 2267/3210 2717/3215
f 2208/3579 2247/3578 2268/3580 2264/3583
f 2359/3412 2343/3598 2344/3611 2360/3467
f 2344/3611 2343/3598 2327/2774 2328/2773
f 2192/3092 2207/3394 2263/3426 2261/3080
f 2154/3083 2192/3092 2261/3080 2152/3079
f 2152/3079 2262/3194 2194/3084 2154/3083
f 2831/3612 2194/3084 2262/3194 2814/3193
f 2188/3087 2187/3090 2258/3202 2259/3201
f 2257/3192 2188/3087 2259/3201 2273/3217
f 2255/3403 2257/3192 2273/3217 2272/3400
f 2272/3400 2271/3399 2254/3404 2255/3403
f 2271/3399 2509/3416 2508/3414 2254/3404
f 2509/3212 2270/3208 2253/3185 2508/3189
f 2270/3208 2269/3207 2252/3186 2253/3185
f 2269/3207 2266/3213 2245/3180 2252/3186
f 2345/3233 2347/3244 2331/2757 2329/3599
f 2328/2767 2332/2766 2348/3588 2344/3591
f 2150/2915 2325/2777 2341/3074 2156/3073
f 2827/2992 2326/2917 2342/3254 2824/3253
f 2337/2952 2323/2957 2339/3235 2353/3251
f 2352/3390 2351/3389 2335/3613 2336/3614
f 2514/3246 2350/3242 2334/3615 2513/3616
f 2349/3241 2346/3247 2330/3617 2333/3618
f 2324/3600 2330/3617 2346/3247 2340/3234
f 2350/3242 2349/3241 2333/3618 2334/3615
f 2351/3389 2514/3424 2513/3619 2335/3613
f 2336/2953 2337/2952 2353/3251 2352/3390
f 2323/2957 2322/2990 2338/3236 2339/3235
f 2156/3073 2342/3254 2326/2917 2150/2915
f 2343/3598 2341/3074 2325/2777 2327/2774
f 2439/3461 2455/3460 2453/3064 2437/3066
f 2455/3460 2471/3455 2469/3062 2453/3064
f 2485/3059 2469/3062 2471/3455 2487/3454
f 2296/3620 2312/2776 2311/2775 2295/3601
f 2536/3621 2296/3620 2295/3601 2535/3602
f 2112/2999 2097/3002 2096/3014 2500/3622
f 2499/3356 2498/3357 2109/3031 2110/3029
f 2119/3022 2118/3034 2501/3364 2502/3363
f 2140/3019 2119/3022 2502/3363 2139/3623
f 2505/3358 2499/3356 2110/3029 2123/3028
f 2821/3624 2102/3013 2113/3012 2823/3024
f 2121/3043 2120/3042 2503/3362 2504/3361
f 2118/3034 2116/3010 2106/3009 2501/3364
f 2123/3028 2121/3043 2504/3361 2505/3358
f 2139/3625 2503/3362 2120/3042 2140/3041
f 2112/2999 2500/3622 2103/3051 2099/3050
f 2485/3059 2500/3622 2096/3014 2151/3060
f 2151/3060 2096/3014 2102/3013 2486/3347
f 2821/3624 2830/3348 2486/3347 2102/3013
f 2523/3354 2139/3623 2502/3363 2494/3352
f 2490/3355 2493/3353 2501/3364 2106/3009
f 2719/3626 2730/3344 2491/3343 2107/3627
f 2489/3350 2105/3005 2107/3008 2491/3343
f 2484/3349 2101/3006 2105/3005 2489/3350
f 2101/3006 2484/3349 2490/3355 2106/3009
f 2523/3408 2495/3359 2503/3362 2139/3625
f 2488/3457 2104/3052 2103/3051 2487/3454
f 2492/3610 2108/3037 2104/3054 2488/3609
f 2487/3454 2103/3051 2500/3622 2485/3059
f 2828/3296 2406/2668 2422/2671 2825/3310
f 2419/3307 2403/3293 2402/3292 2418/3314
f 2433/3306 2417/3295 2403/3293 2419/3307
f 2417/3295 2433/3306 2432/3384 2416/3385
f 2431/3383 2415/3386 2416/3385 2432/3384
f 2415/3386 2431/3383 2519/3411 2518/3430
f 2414/2944 2518/3294 2519/3302 2430/2945
f 2689/2571 2688/2586 1965/2576 1949/2568
f 1946/2932 1962/2939 1966/2938 1950/2933
f 1945/2791 1961/2784 1962/2783 1946/2792
f 1961/2784 1945/2791 1943/2334 1959/2332
f 1701/2337 1702/2333 1959/2332 1943/2334
f 1702/2333 1701/2337 1944/2561 1960/2595
f 2846/2573 2845/2592 1960/2595 1944/2561
f 1941/2564 1957/2591 1956/2597 1940/2565
f 1955/2572 1971/2588 1957/2591 1941/2564
f 1971/2588 1955/2572 1954/2672 1970/2667
f 1953/2675 1969/2666 1970/2667 1954/2672
f 1969/2666 1953/2675 2056/2721 2057/2698
f 2057/2579 2056/2569 1952/2566 1968/2580
f 1968/2580 1952/2566 1951/2567 1967/2598
f 1948/2570 1964/2585 1967/2598 1951/2567
f 1942/2562 1958/2582 1964/2585 1948/2570
f 1958/2582 1942/2562 1947/2563 1963/2575
f 1963/2575 1947/2563 1949/2568 1965/2576
f 2315/2756 2313/3432 2329/3599 2331/2757
f 2308/3431 2324/3600 2329/3599 2313/3432
f 2324/3600 2308/3431 2314/3446 2330/3617
f 2317/3445 2333/3618 2330/3617 2314/3446
f 2318/3444 2334/3615 2333/3618 2317/3445
f 2512/3443 2513/3616 2334/3615 2318/3444
f 2319/3440 2335/3613 2513/3619 2512/3442
f 1875/2976 1859/2742 1858/2744 1874/2978
f 2068/2760 1827/2487 1826/2688 2067/2759
f 1827/2487 2068/2760 2069/2761 1813/2471
f 1859/2742 1875/2976 1861/2977 1845/2738
f 1845/2738 1861/2977 1860/2985 1844/2739
f 1813/2471 2069/2761 2070/2762 1812/2472
f 2856/2736 2855/2974 1864/2975 1848/2735
f 1689/2972 1687/2322 1848/2735 1864/2975
f 2849/2463 2841/2763 2071/2498 1816/2464
f 1698/2345 1688/2349 1816/2464 2071/2498
f 1688/2349 1698/2345 2072/2344 1815/2346
f 1815/2346 2072/2344 2073/2951 1817/2718
f 1687/2322 1689/2972 1863/2973 1847/2323
f 1865/2968 1849/2950 1847/2323 1863/2973
f 1866/2967 1850/2987 1849/2950 1865/2968
f 1817/2718 2073/2951 2074/2988 1818/2719
f 1818/2912 2074/2919 2075/2918 1822/2913
f 1870/2971 1854/2923 1850/2922 1866/2970
f 2694/2485 2685/2772 2076/2710 1821/2479
f 2701/2733 2702/2728 1869/2729 1853/2732
f 1867/2948 1851/2730 1853/2732 1869/2729
f 2077/2709 1819/2469 1821/2479 2076/2710
f 2078/2713 1814/2466 1819/2469 2077/2709
f 1814/2466 2078/2713 2062/2754 1820/2482
f 1820/2482 2062/2754 2063/2489 1823/2477
f 2064/2488 1824/2474 1823/2477 2063/2489
f 2065/2492 2048/2480 1824/2474 2064/2488
f 2066/2497 1825/2687 2048/2708 2065/2494
f 1825/2687 2066/2497 2067/2759 1826/2688
f 1874/2978 1858/2744 1857/2747 1873/2979
f 1873/2979 1857/2747 2050/2748 2051/2984
f 2051/2980 2050/2750 1856/2749 1872/2981
f 1872/2981 1856/2749 1855/2751 1871/2982
f 1871/2982 1855/2751 1852/2752 1868/2983
f 1846/2731 1862/2947 1868/2983 1852/2752
f 1862/2947 1846/2731 1851/2730 1867/2948
f 2276/3197 2540/3422 2539/3418 2281/3198
f 2281/3198 2539/3418 2538/3421 2283/3209
f 2733/3458 2716/3216 2283/3209 2538/3421
f 2540/3422 2276/3197 2282/3214 2524/3448
f 2524/3448 2282/3214 2285/3206 2525/3222
f 2286/3205 2526/3219 2525/3222 2285/3206
f 2510/3211 2527/3223 2526/3219 2286/3205
f 2287/3402 2528/3226 2527/3225 2510/3417
f 2528/3226 2287/3402 2288/3401 2529/3449
f 2289/3218 2530/3450 2529/3449 2288/3401
f 2530/3450 2289/3218 2275/3204 2531/3451
f 2531/3451 2275/3204 2274/3203 2532/3452
f 2833/3453 2819/3196 2278/3195 2533/3230
f 2149/3078 2159/3076 2533/3230 2278/3195
f 2159/3076 2149/3078 2277/3077 2534/3075
f 2534/3075 2277/3077 2279/3427 2535/3602
f 2535/3602 2279/3427 2280/3428 2536/3621
f 2536/3587 2280/3582 2284/3581 2537/3584
f 2319/3440 2320/2954 2336/2953 2335/3613
f 1677/2265 1637/2264 2574/3628 2590/3629
f 2132/3021 2141/3020 2609/3630 2602/3631
f 2131/3039 2137/3044 2607/3632 2601/3633
f 2126/3017 2124/3016 2594/3634 2596/3635
f 2129/3033 2132/3021 2602/3631 2599/3636
f 2127/3015 2129/3033 2599/3636 2597/3637
f 2133/3026 2098/3001 2592/3638 2603/3639
f 1680/2285 1671/2284 2584/3640 2591/3641
f 1669/2319 1664/2318 2577/3642 2582/3643
f 1674/2290 1676/2306 2589/3644 2587/3645
f 2137/3044 2135/3027 2605/3646 2607/3632
f 2135/3027 2134/3030 2604/3647 2605/3646
f 2100/3049 2125/3048 2595/3648 2593/3649
f 1673/2291 1674/2290 2587/3645 2586/3650
f 1676/2306 1670/2302 2583/3651 2589/3644
f 1665/2280 1667/2281 2580/3652 2578/3653
f 2124/3016 2127/3015 2597/3637 2594/3634
f 1670/2302 1680/2305 2591/3654 2583/3651
f 2704/3655 1669/2319 2582/3643 2709/3656
f 1663/2278 1665/2280 2578/3653 2576/3657
f 2141/3040 2131/3039 2601/3633 2609/3658
f 1671/2284 1668/2297 2581/3659 2584/3640
f 2723/3046 2128/3018 2598/3660 2736/3661
f 1666/2279 1663/2278 2576/3657 2579/3662
f 2098/3001 2138/3000 2608/3663 2592/3638
f 1639/2312 1677/2265 2590/3629 2575/3664
f 1675/2294 1673/2291 2586/3650 2588/3665
f 1668/2297 1666/2279 2579/3662 2581/3659
f 2138/3000 2100/3049 2593/3649 2608/3663
f 1664/2313 1639/2312 2575/3664 2577/3666
f 2860/3667 1675/2294 2588/3665 2864/3668
f 1637/2264 1672/2287 2585/3669 2574/3628
f 2134/3030 2136/3032 2606/3670 2604/3647
f 2128/3018 2126/3017 2596/3635 2598/3660
f 2829/3023 2133/3026 2603/3639 2838/3671
f 2125/3056 2130/3055 2600/3672 2595/3673
f 2587/3645 2589/3644 2936/3674 2947/3675
f 2608/3663 2593/3649 2913/3676 2911/3677
f 2583/3651 2591/3654 2946/3678 2935/3679
f 2580/3680 2709/3681 2937/3682 2949/3683
f 2593/3649 2595/3648 2914/3684 2913/3676
f 2591/3641 2584/3640 2940/3685 2946/3686
f 2603/3639 2592/3638 2910/3687 2912/3688
f 2864/3668 2588/3665 2945/3689 2944/3690
f 2592/3638 2608/3663 2911/3677 2910/3687
f 2576/3657 2578/3653 2943/3691 2942/3692
f 2581/3659 2579/3662 2941/3693 2939/3694
f 2584/3640 2581/3659 2939/3694 2940/3685
f 2709/3656 2582/3643 2938/3695 2937/3682
f 2589/3644 2583/3651 2935/3679 2936/3674
f 2577/3666 2575/3664 2930/3696 2934/3697
f 2590/3629 2574/3628 2932/3698 2931/3699
f 2232/3518 2630/3700 2645/3701 2557/3519
f 2805/3702 2811/3703 2610/3704 2568/3705
f 2648/3515 2234/3513 2629/3706 2663/3707
f 2234/3513 2231/3511 2628/3708 2629/3706
f 2231/3511 2230/3475 2625/3709 2628/3708
f 2230/3475 2233/3474 2624/3396 2625/3709
f 2155/3123 2239/3122 2635/3710 2626/3168
f 1770/2848 2095/2847 2623/3711 2614/3712
f 2778/3713 2568/3714 2610/3715 2793/3716
f 2671/2845 2682/3717 2615/3718 1772/2843
f 1772/2843 2615/3718 2617/3719 1769/2841
f 1769/2841 2617/3719 2616/3720 1768/2803
f 1768/2803 2616/3720 2613/2685 1771/2804
f 1694/2390 2622/2437 2621/3721 1777/2391
f 2232/3518 2648/3515 2663/3707 2630/3700
f 2225/3507 2647/3540 2646/3140 2221/3509
f 2225/3507 2235/3505 2652/3539 2647/3540
f 2249/3188 2248/3187 2652/3541 2650/3536
f 2507/3190 2249/3188 2650/3536 2655/3535
f 2250/3405 2507/3415 2655/3532 2651/3530
f 2237/3493 2238/3492 2649/3529 2651/3531
f 2238/3492 2193/3485 2660/3528 2649/3529
f 2193/3485 2190/3483 2657/3526 2660/3528
f 2190/3483 2185/3482 2656/3098 2657/3526
f 2172/3722 2178/3723 2659/3097 2658/3520
f 2869/3517 2896/3514 2648/3515 2232/3518
f 2640/3160 2166/3163 2661/3157 2664/3156
f 2221/3509 2646/3140 2653/3128 2216/3543
f 2216/3543 2653/3128 2654/3131 2211/3544
f 2178/3101 2184/3085 2656/3527 2659/3097
f 1770/2848 2614/3712 2682/3717 2671/2845
f 1763/2837 1759/2839 2672/2409 2666/2870
f 1763/2837 2666/2870 2669/2871 1773/2833
f 1787/2455 2670/2868 2669/2869 1786/2456
f 2045/2459 2681/2865 2670/2868 1787/2455
f 1788/2692 2668/2860 2681/2864 2045/2705
f 1775/2821 2668/2861 2667/2859 1776/2822
f 1776/2822 2667/2859 2665/2858 1731/2815
f 1731/2815 2665/2858 2675/2856 1728/2811
f 1728/2811 2675/2856 2676/2857 1723/2812
f 1710/3724 2680/2851 2677/2366 1716/3725
f 2875/2849 1770/2848 2671/2845 2898/2844
f 2641/2429 2683/2425 2678/2428 1705/2430
f 1759/2839 1754/2873 2673/2397 2672/2409
f 1754/2873 1749/2876 2674/2398 2673/2397
f 1716/2370 2677/2366 2676/2369 1722/2354
f 1667/2281 2704/2309 2709/3656 2580/3652
f 1854/2923 1870/2971 2702/2728 2701/2733
f 1822/2913 2075/2918 2685/2772 2694/2485
f 1950/2933 1966/2938 2688/2586 2689/2571
f 1647/2300 2703/2299 2705/2626 2030/2965
f 1785/2909 1806/2910 2691/2484 2690/2451
f 1902/2927 1918/2929 2686/2544 2698/2519
f 1741/2416 1744/2907 2695/2450 2699/2417
f 2992/3726 2697/3727 2998/3728 2999/3729
f 1838/2921 2693/2734 2685/2772 2075/2918
f 1854/2923 2701/2733 2693/2734 1838/2921
f 1870/2971 1886/2924 2700/2518 2702/2728
f 2619/2895 1780/2898 2692/2683 2710/2682
f 2014/2963 2030/2965 2705/2626 2707/2620
f 1998/2961 2014/2963 2707/2620 2684/2612
f 1982/2941 1998/2961 2684/2612 2708/2587
f 1966/2938 1982/2941 2708/2587 2688/2586
f 1934/2931 1950/2933 2689/2571 2687/2545
f 1918/2929 1934/2931 2687/2545 2686/2544
f 1886/2924 1902/2927 2698/2519 2700/2518
f 1806/2910 1822/2913 2694/2485 2691/2484
f 1744/2907 1785/2909 2690/2451 2695/2450
f 1753/2406 2696/2407 2699/2417 1758/2413
f 1738/2904 2696/2414 2697/2408 1735/2901
f 1661/2301 1669/2319 2704/3655 2706/2298
f 1656/2271 1646/2270 2703/2997 2706/2308
f 2130/3055 2723/3046 2736/3661 2600/3672
f 2537/3584 2284/3581 2716/3216 2733/3458
f 2108/3037 2492/3610 2730/3344 2719/3038
f 2247/3578 2712/3184 2717/3215 2268/3580
f 2364/3589 2720/3250 2724/3275 2380/3592
f 2203/3147 2734/3146 2735/3181 2206/3576
f 3010/3730 2210/3137 2732/3139 3031/3468
f 2300/3585 2537/3584 2733/3458 2726/3434
f 2316/2765 2300/3585 2726/3434 2729/2755
f 2332/2766 2722/2758 2721/3249 2348/3588
f 2634/3565 2737/3395 2711/3398 2242/3566
f 2476/3607 2713/3337 2730/3344 2492/3610
f 2460/3605 2714/3329 2713/3337 2476/3607
f 2444/3596 2718/3305 2714/3329 2460/3605
f 2428/2726 2715/2788 2718/3305 2444/3596
f 2396/3594 2728/3278 2727/2785 2412/2725
f 2380/3592 2724/3275 2728/3278 2396/3594
f 2348/3588 2721/3249 2720/3250 2364/3589
f 2268/3580 2717/3215 2716/3216 2284/3581
f 2206/3576 2735/3181 2712/3184 2247/3578
f 2215/3136 2220/3144 2734/3478 2731/3138
f 2200/3572 2197/3571 2732/3469 2731/3145
f 2122/3036 2725/3035 2723/3046 2130/3055
f 2117/3007 2725/3045 2719/3038 2107/3008
f 2412/2725 2727/2785 2715/2788 2428/2726
f 2316/2765 2729/2755 2722/2758 2332/2766
f 2557/3519 2645/3701 2755/3731 2749/3562
f 2813/3732 2744/3563 2743/3564 2800/3733
f 2908/3734 2902/3561 2749/3562 2805/3735
f 2808/3736 2807/3737 2751/3559 2752/3560
f 2807/3737 2810/3738 2754/3557 2751/3559
f 2810/3738 2804/3739 2748/3558 2754/3557
f 2801/3740 2802/3741 2746/3554 2745/3553
f 2796/3742 2795/3743 2738/3550 2739/3552
f 2795/3743 2798/3744 2741/3551 2738/3550
f 2544/3542 2742/3745 2743/3564 2543/3523
f 2550/3556 2551/3503 2748/3558 2747/3746
f 2549/3490 2550/3555 2747/3747 2745/3553
f 2547/3484 2548/3491 2746/3554 2739/3552
f 2636/3549 2541/3548 2740/3748 2756/3749
f 2889/3547 2542/3522 2744/3563 2903/3750
f 2554/3508 2555/3546 2753/3751 2752/3560
f 2555/3546 2556/3545 2750/3752 2753/3751
f 2544/3542 2545/3481 2741/3551 2742/3745
f 2095/2847 2759/2892 2774/3753 2623/3711
f 2776/3754 2783/3755 2764/2894 2757/2893
f 2906/3756 2778/3757 2759/2892 2904/2891
f 2779/3758 2760/2890 2763/2889 2782/3759
f 2782/3759 2763/2889 2762/2887 2781/3760
f 2781/3760 2762/2887 2772/2888 2791/3761
f 2790/3762 2771/2883 2770/2884 2789/3763
f 2786/3764 2767/2882 2765/2880 2784/3765
f 2784/3765 2765/2880 2768/2881 2787/3766
f 2082/2872 2081/2853 2764/2894 2769/3767
f 2088/2886 2773/3768 2772/2888 2089/2835
f 2087/2820 2771/2883 2773/3769 2088/2885
f 2085/2814 2767/2882 2770/2884 2086/2823
f 2620/2878 2775/3770 2766/3771 2079/2879
f 2881/2877 2905/3772 2757/2893 2080/2852
f 2092/2838 2760/2890 2761/3773 2093/2874
f 2093/2874 2761/3773 2758/3774 2094/2875
f 2082/2872 2769/3767 2768/2881 2083/2813
f 2562/3775 2784/3765 2787/3766 2561/2364
f 2563/2817 2786/2816 2784/3765 2562/3775
f 2571/2825 2790/2824 2789/3763 2572/2818
f 2569/3776 2781/3760 2791/3761 2570/2830
f 2567/3777 2782/3759 2781/3760 2569/3776
f 2566/2377 2779/2376 2782/3759 2567/3777
f 2880/3778 2568/3714 2778/3713 2906/3756
f 2169/2383 2559/2855 2783/2854 2776/2384
f 2759/2892 2778/3757 2793/3716 2774/3753
f 2769/3767 2764/2894 2783/3755 2788/2362
f 2773/3768 2792/2828 2791/2831 2772/2888
f 2771/2883 2790/3762 2792/2827 2773/3769
f 2767/2882 2786/3764 2789/2819 2770/2884
f 2775/3770 2794/2421 2785/2424 2766/3771
f 2905/3772 2907/2381 2776/2384 2757/2893
f 2760/2890 2779/3758 2780/2372 2761/3773
f 2761/3773 2780/2372 2777/2375 2758/3774
f 2769/3767 2788/2362 2787/2365 2768/2881
f 2562/3779 2561/3095 2798/3094 2795/3743
f 2563/3489 2562/3779 2795/3743 2796/3486
f 2571/3497 2572/3488 2802/3487 2801/3494
f 2569/3780 2570/3500 2804/3499 2810/3738
f 2567/3781 2569/3780 2810/3738 2807/3737
f 2566/3108 2567/3781 2807/3737 2808/3107
f 2880/3782 2908/3734 2805/3735 2568/3705
f 2169/3114 2813/3113 2800/3733 2559/3524
f 2749/3562 2755/3731 2811/3703 2805/3735
f 2742/3745 2799/3093 2800/3525 2743/3564
f 2747/3746 2748/3558 2804/3739 2803/3498
f 2745/3553 2747/3747 2803/3495 2801/3740
f 2739/3552 2746/3554 2802/3741 2796/3742
f 2756/3749 2740/3748 2797/3153 2812/3152
f 2903/3750 2744/3563 2813/3732 2909/3112
f 2752/3560 2753/3751 2809/3103 2808/3736
f 2753/3751 2750/3752 2806/3104 2809/3103
f 2742/3745 2741/3551 2798/3744 2799/3093
f 2574/3628 2585/3669 2933/3783 2932/3698
f 2136/3032 2829/3023 2838/3671 2606/3670
f 2532/3452 2274/3203 2819/3196 2833/3453
f 2402/3292 2828/3296 2825/3310 2418/3314
f 2498/3357 2482/3351 2830/3348 2821/3624
f 2498/3357 2821/3624 2823/3024 2109/3031
f 2322/2990 2827/2992 2824/3253 2338/3236
f 2187/3090 2831/3174 2814/3193 2258/3202
f 2175/3476 2181/3149 2832/3784 2837/3785
f 2290/3437 2532/3452 2833/3453 2816/3435
f 2306/2989 2290/3437 2816/3435 2826/2991
f 2354/3237 2835/3256 2820/3283 2370/3289
f 2466/3342 2815/3341 2830/3348 2482/3351
f 2450/3323 2818/3320 2815/3341 2466/3342
f 2434/3315 2817/3313 2818/3320 2450/3323
f 2418/3314 2825/3310 2817/3313 2434/3315
f 2386/3290 2822/3286 2828/3296 2402/3292
f 2370/3289 2820/3283 2822/3286 2386/3290
f 2338/3236 2824/3253 2835/3256 2354/3237
f 2258/3202 2814/3193 2819/3196 2274/3203
f 2194/3084 2831/3612 2834/3111 2191/3081
f 2635/3710 2239/3122 2836/3167 2839/3166
f 2181/3149 2191/3081 2834/3111 2832/3784
f 2136/3032 2109/3031 2823/3024 2829/3023
f 2306/2989 2826/2991 2827/2992 2322/2990
f 1672/2287 2860/2286 2864/3668 2585/3669
f 1812/2472 2070/2762 2841/2763 2849/2463
f 1844/2739 1860/2985 2855/2974 2856/2736
f 1940/2565 1956/2597 2845/2592 2846/2573
f 2036/2640 2858/2995 2861/2630 2020/2634
f 2036/2640 1648/2295 2857/2289 2858/2995
f 1860/2985 1876/2507 2853/2522 2855/2974
f 1725/2358 1796/2473 2847/2462 2854/2443
f 1713/2807 2859/3786 2851/3787 1719/2419
f 1828/2740 2848/2737 2841/2763 2070/2762
f 1844/2739 2856/2736 2848/2737 1828/2740
f 1892/2506 1908/2559 2843/2552 2852/2523
f 2004/2625 2020/2634 2861/2630 2862/2623
f 1988/2606 2004/2625 2862/2623 2840/2602
f 1972/2596 1988/2606 2840/2602 2863/2593
f 1956/2597 1972/2596 2863/2593 2845/2592
f 1924/2558 1940/2565 2846/2573 2844/2553
f 1908/2559 1924/2558 2844/2553 2843/2552
f 1876/2507 1892/2506 2852/2523 2853/2522
f 1796/2473 1812/2472 2849/2463 2847/2462
f 1732/2351 1729/2350 2850/2380 2854/2969
f 2621/3721 2865/2435 2842/2436 1777/2391
f 1719/2419 2851/3787 2850/2380 1729/2350
f 1675/2294 2860/3667 2857/2289 1648/2295
f 2740/3748 2903/3750 2909/3112 2797/3153
f 3021/3788 3033/3789 2908/3734 2880/3782
f 2766/3771 2785/2424 2907/2381 2905/3772
f 3021/3790 2880/3778 2906/3756 3007/3791
f 2079/2879 2766/3771 2905/3772 2881/2877
f 3007/3791 2906/3756 2904/2891 3006/3792
f 2541/3548 2889/3547 2903/3750 2740/3748
f 3033/3789 3032/3793 2902/3561 2908/3734
f 2233/3474 2868/3473 2901/3794 2711/3398
f 1771/2804 2692/2683 2900/3795 2876/2805
f 3017/3796 2875/2849 2898/2844 3004/3797
f 3011/3798 3030/3799 2896/3514 2869/3517
f 3024/3800 2887/3603 2893/3369 3028/3801
f 3027/3802 2892/3569 2891/3570 3026/3803
f 3032/3793 3025/3804 2890/3516 2902/3561
f 2167/3158 2894/3119 2889/3547 2541/3548
f 3025/3804 3011/3798 2869/3517 2890/3516
f 3030/3799 3008/3805 2866/3512 2896/3514
f 3008/3805 3029/3806 2895/3510 2866/3512
f 3029/3806 3009/3807 2867/3472 2895/3510
f 3009/3807 3010/3808 2868/3473 2867/3472
f 2711/3398 2901/3794 2891/3570 2242/3566
f 3028/3801 2893/3369 2892/3370 3027/3809
f 2155/3171 2240/3170 2887/3603 2884/3120
f 3003/3810 3023/3811 2886/3121 2884/3120
f 2661/3157 2897/3116 2894/3119 2167/3158
f 2797/3153 2909/3112 2888/3115 2558/3154
f 3012/3812 3016/3813 2874/2652 2870/2958
f 3015/3814 3014/3815 2872/2900 2873/2899
f 3006/3792 2904/2891 2883/2846 3022/3816
f 1706/2427 2079/2879 2881/2877 2885/2386
f 3022/3816 2883/2846 2875/2849 3017/3796
f 3004/3797 2898/2844 2879/2842 3020/3817
f 3020/3817 2879/2842 2878/2840 3019/3818
f 3019/3818 2878/2840 2877/2802 3018/3819
f 3005/2798 2697/2801 2992/3726 3034/3820
f 2692/2683 1780/2898 2872/2900 2900/3795
f 3016/3813 3015/3821 2873/2653 2874/2652
f 1694/2438 2882/2389 2870/2958 1778/2439
f 3002/3822 2882/2389 2871/2392 3013/3823
f 2678/2428 1706/2427 2885/2386 2899/2385
f 2785/2424 2558/2423 2888/2382 2907/2381
f 2937/3682 2938/3695 2978/3824 2977/3825
f 2922/3826 2921/3827 2961/3828 2962/3829
f 2940/3685 2939/3694 2979/3830 2980/3831
f 2923/3832 2924/3833 2964/3834 2963/3835
f 2939/3694 2941/3693 2981/3836 2979/3830
f 2926/3837 2925/3838 2965/3839 2966/3840
f 2942/3692 2943/3691 2983/3841 2982/3842
f 2927/3843 2926/3837 2966/3840 2967/3844
f 2910/3687 2911/3677 2951/3845 2950/3846
f 2944/3690 2945/3689 2985/3847 2984/3848
f 2928/3849 2912/3850 2952/3851 2968/3852
f 2912/3688 2910/3687 2950/3846 2952/3851
f 2946/3686 2940/3685 2980/3831 2986/3853
f 2925/3838 2923/3832 2963/3835 2965/3839
f 2913/3676 2914/3684 2954/3854 2953/3855
f 2935/3679 2946/3678 2986/3856 2975/3857
f 2920/3858 2929/3859 2969/3860 2960/3861
f 2911/3677 2913/3676 2953/3855 2951/3845
f 2947/3675 2936/3674 2976/3862 2987/3863
f 2929/3864 2927/3843 2967/3844 2969/3865
f 2916/3866 2915/3867 2955/3868 2956/3869
f 2948/3870 2947/3675 2987/3863 2988/3871
f 2930/3872 2931/3873 2971/3874 2970/3875
f 2914/3876 2917/3877 2957/3878 2954/3879
f 2945/3689 2948/3870 2988/3871 2985/3847
f 2932/3698 2933/3783 2973/3880 2972/3881
f 2918/3882 2916/3866 2956/3869 2958/3883
f 2938/3695 2934/3884 2974/3885 2978/3824
f 2931/3699 2932/3698 2972/3881 2971/3874
f 2919/3886 2920/3858 2960/3861 2959/3887
f 2941/3693 2942/3692 2982/3842 2981/3836
f 2934/3697 2930/3696 2970/3875 2974/3888
f 2921/3827 2919/3886 2959/3887 2961/3828
f 2943/3691 2949/3889 2989/3890 2983/3841
f 2936/3674 2935/3679 2975/3857 2976/3862
f 2915/3867 2922/3826 2962/3829 2955/3868
f 2949/3889 2937/3682 2977/3825 2989/3890
f 2917/3877 2918/3882 2958/3883 2957/3878
f 2924/3833 2928/3849 2968/3852 2964/3834
f 2933/3783 2944/3690 2984/3848 2973/3880
f 2598/3660 2596/3635 2915/3867 2916/3866
f 2586/3650 2587/3645 2947/3675 2948/3870
f 2595/3673 2600/3672 2917/3877 2914/3876
f 2588/3665 2586/3650 2948/3870 2945/3689
f 2600/3672 2736/3661 2918/3882 2917/3877
f 2582/3643 2577/3642 2934/3884 2938/3695
f 2599/3636 2602/3631 2920/3858 2919/3886
f 2838/3671 2603/3639 2912/3688 2928/3849
f 2579/3662 2576/3657 2942/3692 2941/3693
f 2597/3637 2599/3636 2919/3886 2921/3827
f 2578/3653 2580/3652 2949/3683 2943/3691
f 2596/3635 2594/3634 2922/3826 2915/3867
f 2594/3634 2597/3637 2921/3827 2922/3826
f 2736/3661 2598/3660 2916/3866 2918/3882
f 2604/3647 2606/3670 2924/3833 2923/3832
f 2607/3632 2605/3646 2925/3838 2926/3837
f 2601/3633 2607/3632 2926/3837 2927/3843
f 2606/3670 2838/3671 2928/3849 2924/3833
f 2605/3646 2604/3647 2923/3832 2925/3838
f 2602/3631 2609/3630 2929/3859 2920/3858
f 2585/3669 2864/3668 2944/3690 2933/3783
f 2609/3658 2601/3633 2927/3843 2929/3864
f 2575/3664 2590/3629 2931/3699 2930/3696
f 3035/3891 3034/3820 2992/3726 2990/3892
f 3036/3893 2995/3894 2994/3895 3035/3896
f 2697/2408 1748/2405 2996/3897 2998/3728
f 2877/2802 2876/2805 2994/3895 2995/3894
f 3018/3819 2877/2802 2995/3894 3036/3893
f 2876/2805 2900/3795 2993/3898 2994/3895
f 2998/3728 2996/3897 3000/3899 2999/3729
f 2996/3897 2997/3900 3001/3901 3000/3899
f 2991/3902 2990/3903 3000/3899 3001/3901
f 1751/3904 2991/3902 3001/3901 2997/3900
f 1748/2405 1751/2403 2997/3900 2996/3897
f 2990/3892 2992/3726 2999/3729 3000/3899
f 1751/3904 3018/3819 3036/3893 2991/3902
f 2991/3902 3036/3893 3035/3896 2990/3903
f 2994/3895 2993/3898 3034/3820 3035/3896
f 1697/2394 3002/2393 3013/3823 1709/2806
f 1733/2655 1734/2654 3015/3821 3016/3813
f 2900/3795 3005/2798 3034/3820 2993/3898
f 1752/2401 3019/3818 3018/3819 1751/2403
f 1750/2399 3020/3817 3019/3818 1752/2401
f 2674/2398 3004/3797 3020/3817 1750/2399
f 2094/2875 3022/3816 3017/3796 1749/2876
f 2758/3774 3006/3792 3022/3816 2094/2875
f 1734/2902 1735/2901 3014/2799 3015/3814
f 1708/2395 1733/2655 3016/3813 3012/2396
f 2158/3127 2171/3477 3023/3811 3003/3124
f 2195/3374 3028/3801 3027/3809 2196/3371
f 2213/3135 2210/3137 3010/3730 3009/3807
f 2214/3133 2213/3135 3009/3807 3029/3806
f 2212/3130 2214/3133 3029/3806 3008/3805
f 2654/3131 2212/3130 3008/3805 3030/3799
f 2556/3545 2211/3544 3011/3798 3025/3804
f 2750/3752 2556/3545 3025/3804 3032/3793
f 2196/3574 3027/3802 3026/3803 2197/3571
f 2170/3126 3024/3125 3028/3801 2195/3374
f 2211/3544 2654/3131 3030/3799 3011/3798
f 1749/2876 3017/3796 3004/3797 2674/2398
f 2806/3104 2750/3752 3032/3793 3033/3789
f 2777/2375 3007/3791 3006/3792 2758/3774
f 2564/2374 3021/3790 3007/3791 2777/2375
f 2564/3105 2806/3104 3033/3789 3021/3788
f 2868/3473 3010/3808 3031/3468 2901/3794
f 2901/3794 3031/3468 3026/3471 2891/3570
f 2884/3120 2887/3603 3024/3800 3003/3810
f 2900/3795 2872/2900 3014/3815 3005/2798
f 2882/2389 3002/3822 3012/2396 2870/2958
f 3037/3905 3041/3906 3042/3907 3038/3908
f 3079/3909 3080/3910 3049/3911 3050/3912
f 3063/3913 3047/3914 3048/3915 3062/3916
f 3084/3917 3082/3918 3058/3919 3065/3920
f 3037/3905 3038/3908 3043/3921 3039/3922
f 3067/3923 3068/3924 3052/3925 3053/3926
f 3079/3909 3050/3912 3051/3927 3081/3928
f 3085/3929 3070/3930 3059/3931 3083/3932
f 3037/3905 3039/3922 3044/3933 3040/3934
f 3072/3935 3073/3936 3055/3937 3056/3938
f 3067/3923 3053/3926 3054/3939 3069/3940
f 3078/3941 3076/3942 3061/3943 3071/3944
f 3037/3905 3040/3934 3045/3945 3041/3906
f 3063/3913 3064/3946 3046/3947 3047/3914
f 3072/3935 3056/3938 3057/3948 3074/3949
f 3077/3950 3066/3951 3060/3952 3075/3953
f 3074/3949 3057/3948 3066/3951 3077/3950
f 3041/3906 3045/3945 3064/3946 3063/3913
f 3080/3910 3084/3917 3065/3920 3049/3911
f 3041/3906 3063/3913 3062/3916 3042/3907
f 3073/3936 3078/3941 3071/3944 3055/3937
f 3039/3922 3067/3923 3069/3940 3044/3933
f 3081/3928 3051/3927 3070/3930 3085/3929
f 3039/3922 3043/3921 3068/3924 3067/3923
f 3044/3933 3069/3940 3078/3941 3073/3936
f 3045/3945 3074/3949 3077/3950 3064/3946
f 3064/3946 3077/3950 3075/3953 3046/3947
f 3040/3934 3072/3935 3074/3949 3045/3945
f 3069/3940 3054/3939 3076/3942 3078/3941
f 3040/3934 3044/3933 3073/3936 3072/3935
f 3043/3921 3081/3928 3085/3929 3068/3924
f 3042/3907 3062/3916 3084/3917 3080/3910
f 3068/3924 3085/3929 3083/3932 3052/3925
f 3038/3908 3079/3909 3081/3928 3043/3921
f 3062/3916 3048/3915 3082/3918 3084/3917
f 3038/3908 3042/3907 3080/3910 3079/3909
f 3083/3932 3059/3931 3099/3954 3109/3955
f 3057/3948 3056/3938 3096/3956 3097/3957
f 3071/3944 3061/3943 3101/3958 3105/3959
f 3059/3931 3070/3930 3104/3960 3099/3954
f 3075/3953 3060/3952 3100/3961 3106/3962
f 3046/3947 3075/3953 3106/3962 3086/3963
f 3060/3952 3066/3951 3103/3964 3100/3961
f 3052/3925 3083/3932 3109/3955 3092/3965
f 3076/3942 3054/3939 3094/3966 3107/3967
f 3047/3914 3046/3947 3086/3963 3087/3968
f 3053/3926 3052/3925 3092/3965 3093/3969
f 3048/3915 3047/3914 3087/3968 3088/3970
f 3054/3939 3053/3926 3093/3969 3094/3966
f 3058/3919 3082/3918 3108/3971 3098/3972
f 3061/3943 3076/3942 3107/3967 3101/3958
f 3049/3911 3065/3920 3102/3973 3089/3974
f 3065/3920 3058/3919 3098/3972 3102/3973
f 3055/3937 3071/3944 3105/3959 3095/3975
f 3050/3912 3049/3911 3089/3974 3090/3976
f 3066/3951 3057/3948 3097/3957 3103/3964
f 3082/3918 3048/3915 3088/3970 3108/3971
f 3056/3938 3055/3937 3095/3975 3096/3956
f 3070/3930 3051/3927 3091/3977 3104/3960
f 3051/3927 3050/3912 3090/3976 3091/3977